SYMBOL,DATE1,OPEN_PRICE,HIGH_PRICE,LOW_PRICE,CLOSE_PRICE,PREV_CLOSE,TTL_TRD_QNTY,TURNOVER_LACS,NO_OF_TRADES,DELIV_QTY,DELIV_PER
20MICRONS, 16-Sep-2026,201.29,206.0,194.05,203.23,201.29,142761,283.0,3703,67824.0,47.51
21STCENMGM, 16-Sep-2026,38.99,38.99,38.22,38.37,39.0,190,0.07,25,178.0,93.68
360ONE, 16-Sep-2026,1051.2,1061.9,1042.4,1045.6,1052.1,635279,6690.5,22800,456431.0,71.85
3BBLACKBIO, 16-Sep-2026,1355.0,1367.2,1285.0,1292.6,1355.8,24554,320.61,3118,11045.0,44.98
3MINDIA, 16-Sep-2026,31710.0,33550.0,31600.0,31935.0,31590.0,27574,9020.61,14184,2094.0,7.59
3PLAND, 16-Sep-2026,31.01,31.58,29.65,31.28,30.8,1449,0.44,100,1355.0,93.51
574GS2026, 16-Sep-2026,101.21,101.95,101.21,101.95,101.21,28,0.03,4,27.0,96.43
5PAISA, 16-Sep-2026,313.2,319.0,307.2,316.85,313.2,33376,105.04,2006,16712.0,50.07
610GS2031, 16-Sep-2026,99.09,99.99,99.09,99.75,99.5,1400,1.4,3,1400.0,100.0
620GS2029, 16-Sep-2026,98.65,99.89,98.65,99.84,98.65,700,0.7,11,400.0,57.14
633GS2035, 16-Sep-2026,98.98,98.98,98.98,98.98,99.02,10,0.01,1,10.0,100.0
636GS2031, 16-Sep-2026,99.25,99.25,99.25,99.25,99.25,30,0.03,3,30.0,100.0
63MOONS, 16-Sep-2026,869.65,875.45,824.55,848.15,864.0,268737,2286.09,14068,93690.0,34.86
648GS2035, 16-Sep-2026,100.0,100.0,100.0,100.0,98.21,23,0.02,3,23.0,100.0
667GS2035, 16-Sep-2026,105.75,105.75,105.75,105.75,101.0,1,0.0,1,1.0,100.0
667GS2050, 16-Sep-2026,92.5,92.5,92.5,92.5,92.6,100,0.09,1,100.0,100.0
668GS2033, 16-Sep-2026,100.0,100.0,100.0,100.0,100.0,10,0.01,1,10.0,100.0
668GS2040, 16-Sep-2026,97.9,97.9,96.5,96.5,98.0,510,0.49,3,510.0,100.0
675GS2029, 16-Sep-2026,101.62,101.62,101.2,101.2,102.65,200,0.2,2,200.0,100.0
676GS2061, 16-Sep-2026,90.0,90.0,89.2,89.48,89.47,33732,30.18,52,33709.0,99.93
690GS2065, 16-Sep-2026,92.79,93.35,92.79,93.35,92.66,2343,2.18,4,2343.0,100.0
692GS2039, 16-Sep-2026,99.01,99.01,98.7,98.7,99.01,20,0.02,3,20.0,100.0
694GS2036, 16-Sep-2026,101.1,101.1,101.0,101.05,101.01,378,0.38,7,200.0,52.91
695GS2061, 16-Sep-2026,93.0,93.0,91.4,92.96,92.0,4109,3.76,12,4106.0,99.93
699GS2051, 16-Sep-2026,96.0,96.0,95.6,95.6,96.0,11453,10.96,13,11453.0,100.0
702GS2027, 16-Sep-2026,107.0,107.0,102.21,102.21,102.1,2415,2.47,3,2415.0,100.0
704GS2029, 16-Sep-2026,102.55,102.57,102.55,102.57,103.2,7800,8.0,2,7800.0,100.0
706GS2028, 16-Sep-2026,104.1,104.1,104.0,104.0,103.8,2575,2.68,2,2575.0,100.0
706GS2041, 16-Sep-2026,101.95,101.95,101.95,101.95,99.98,5,0.01,1,5.0,100.0
709GS2054, 16-Sep-2026,95.0,95.0,94.5,94.95,94.97,14611,13.84,27,14511.0,99.32
709GS2074, 16-Sep-2026,95.0,95.0,94.3,94.49,94.5,4559,4.31,24,4559.0,100.0
710GS2029, 16-Sep-2026,103.26,104.2,103.26,104.0,104.9,15218,15.81,5,12109.0,79.57
717GS2030, 16-Sep-2026,103.66,104.8,103.66,104.8,104.0,8633,8.96,3,7633.0,88.42
718GS2033, 16-Sep-2026,102.1,102.1,100.7,101.05,103.0,4075,4.13,15,4075.0,100.0
718GS2037, 16-Sep-2026,101.25,102.51,101.25,102.3,102.0,20408,20.86,22,20004.0,98.02
724GS2055, 16-Sep-2026,96.2,96.2,95.91,96.06,95.9,12645,12.15,24,12645.0,100.0
725GS2063, 16-Sep-2026,96.49,96.49,96.0,96.17,96.11,50489,48.54,72,49938.0,98.91
726GS2032, 16-Sep-2026,101.8,102.0,101.5,101.73,102.01,10800,11.0,9,10800.0,100.0
726GS2033, 16-Sep-2026,101.7,101.7,101.7,101.7,101.7,40,0.04,1,40.0,100.0
732GS2030, 16-Sep-2026,104.0,104.0,103.61,103.61,103.61,200,0.21,2,200.0,100.0
733GS2026, 16-Sep-2026,103.5,103.5,102.35,102.35,102.32,290,0.3,4,290.0,100.0
734GS2064, 16-Sep-2026,98.6,98.6,97.92,97.94,97.94,193291,189.42,91,193243.0,99.98
736GS2052, 16-Sep-2026,98.75,98.75,98.61,98.67,98.75,10175,10.05,9,10175.0,100.0
737GS2028, 16-Sep-2026,104.2,104.4,104.1,104.4,104.2,6000,6.25,4,5000.0,83.33
738GS2027, 16-Sep-2026,102.54,102.65,102.3,102.48,102.54,11840,12.13,12,10838.0,91.54
73GS2053, 16-Sep-2026,98.0,98.0,98.0,98.0,98.21,39164,38.38,41,39164.0,100.0
741GS2036, 16-Sep-2026,103.25,104.1,103.25,104.1,103.23,6191,6.44,6,6191.0,100.0
743GS2076, 16-Sep-2026,98.9,98.9,97.87,98.15,98.05,24843,24.41,50,23836.0,95.95
746GS2073, 16-Sep-2026,101.99,101.99,101.99,101.99,101.2,1,0.0,1,1.0,100.0
74GS2062, 16-Sep-2026,102.49,102.49,99.5,99.83,102.49,801,0.8,4,801.0,100.0
750GS2056, 16-Sep-2026,101.5,102.9,101.5,102.9,102.9,953,0.97,16,953.0,100.0
754GS2036, 16-Sep-2026,105.23,105.7,105.08,105.17,105.08,320564,337.36,210,315215.0,98.33
771GS2066, 16-Sep-2026,102.75,103.25,102.7,103.25,102.7,4090,4.21,16,4090.0,100.0
824GS2027, 16-Sep-2026,101.7,101.7,101.65,101.68,102.0,72,0.07,3,72.0,100.0
828GS2032, 16-Sep-2026,107.7,107.7,107.7,107.7,107.7,4089,4.4,7,4089.0,100.0
83GS2040, 16-Sep-2026,110.84,110.84,110.84,110.84,109.0,1550,1.72,4,1550.0,100.0
86GS2028, 16-Sep-2026,105.09,106.0,105.09,106.0,108.39,428,0.45,3,214.0,50.0
897GS2030, 16-Sep-2026,111.6,112.5,111.0,112.26,112.18,3118,3.5,12,2857.0,91.63
92GS2030, 16-Sep-2026,114.2,114.2,113.5,113.88,113.99,20239,23.03,36,19929.0,98.47
A2ZINFRA, 16-Sep-2026,15.2,15.51,14.56,14.7,15.11,255635,38.03,558,152145.0,59.52
AAATECH, 16-Sep-2026,92.81,94.0,90.81,92.54,91.98,230663,213.9,1474,137445.0,59.59
AADHARHFC, 16-Sep-2026,450.0,460.95,440.15,458.7,448.35,157363,714.8,10792,78119.0,49.64
AAKAAR, 16-Sep-2026,63.0,63.0,63.0,63.0,63.0,1600,1.01,1,1600.0,100.0
AAKASH, 16-Sep-2026,8.72,8.99,8.72,8.82,8.83,60235,5.33,298,52630.0,87.37
AARADHYA, 16-Sep-2026,138.35,138.35,133.1,133.65,140.1,27600,36.98,22,27600.0,100.0
AAREYDRUGS, 16-Sep-2026,101.0,101.0,94.15,99.94,98.82,483322,478.43,2708,307630.0,63.65
AARON, 16-Sep-2026,123.18,126.89,120.96,124.71,123.18,14637,18.04,366,11225.0,76.69
AARTIDRUGS, 16-Sep-2026,428.0,431.7,411.0,424.3,426.35,137839,581.23,7223,65239.0,47.33
AARTIIND, 16-Sep-2026,470.5,474.45,459.55,472.85,468.7,521378,2439.64,20544,206559.0,39.62
AARTIPHARM, 16-Sep-2026,785.0,819.8,765.0,813.0,789.45,378693,3017.79,28500,138918.0,36.68
AARVI, 16-Sep-2026,141.58,143.69,139.25,140.07,141.39,9027,12.7,240,6317.0,69.98
AASTHA, 16-Sep-2026,76.91,76.91,71.72,74.33,76.38,356386,264.48,3172,147685.0,41.44
AATMAJ, 16-Sep-2026,19.25,19.25,19.25,19.25,19.25,2000,0.39,1,2000.0,100.0
AAVAS, 16-Sep-2026,1265.0,1289.4,1252.8,1282.5,1270.3,61560,783.53,9690,25356.0,41.19
ABANSENT, 16-Sep-2026,27.82,28.14,26.92,27.0,27.83,4690,1.28,76,3026.0,64.52
ABB, 16-Sep-2026,7005.0,7051.0,6905.5,6980.0,7005.0,115646,8065.48,20723,45289.0,39.16
ABBOTINDIA, 16-Sep-2026,26195.0,26450.0,25500.0,26125.0,26125.0,5678,1483.11,3067,3040.0,53.54
ABCAPITAL, 16-Sep-2026,378.8,384.05,378.0,381.3,378.8,1287557,4911.31,29334,630805.0,48.99
ABCOTS, 16-Sep-2026,209.0,211.9,201.02,204.63,206.04,1377,2.8,83,885.0,64.27
ABDL, 16-Sep-2026,635.15,655.0,619.0,647.55,631.6,1453879,9329.5,50119,627990.0,43.19
ABFRL, 16-Sep-2026,49.4,50.45,48.91,49.74,49.02,8057945,4010.78,25380,4193638.0,52.04
ABGSEC, 16-Sep-2026,114.2,114.45,112.49,113.74,113.07,366,0.41,17,202.0,55.19
ABH, 16-Sep-2026,47.7,58.7,47.7,47.7,59.6,942000,478.28,319,468000.0,49.68
ABHAPOWER, 16-Sep-2026,23.5,23.5,23.5,23.5,24.0,1600,0.38,1,1600.0,100.0
ABLBL, 16-Sep-2026,82.64,83.17,82.11,82.4,82.95,535560,442.23,7023,313176.0,58.48
ABMKNO, 16-Sep-2026,174.72,179.9,168.3,171.04,174.71,513,0.89,53,437.0,85.19
ABREL, 16-Sep-2026,1232.8,1250.3,1207.0,1233.4,1232.5,167844,2069.81,13132,73438.0,43.75
ABSL10BANK, 16-Sep-2026,168.85,168.85,162.13,164.83,165.51,677,1.12,37,387.0,57.16
ABSLAMC, 16-Sep-2026,1032.0,1069.8,1004.0,1058.4,1037.9,168606,1744.01,19478,68414.0,40.58
ABSLBANETF, 16-Sep-2026,56.74,57.81,56.74,57.68,57.4,59736,34.29,191,48365.0,80.96
ABSLLIQUID, 16-Sep-2026,1000.01,1000.01,999.99,1000.0,999.99,2169,21.69,23,1522.0,70.17
ABSLMSCIN, 16-Sep-2026,28.76,28.76,28.45,28.46,28.67,322,0.09,10,292.0,90.68
ABSLNN50ET, 16-Sep-2026,73.0,75.18,73.0,74.27,74.48,6880,5.1,198,3718.0,54.04
ABSLPSE, 16-Sep-2026,9.97,10.14,9.82,10.0,9.93,102027,10.12,388,66704.0,65.38
ABSMARINE, 16-Sep-2026,303.0,303.0,270.0,292.7,303.5,112500,321.11,183,69000.0,61.33
ACC, 16-Sep-2026,1233.0,1235.0,1219.1,1226.6,1225.2,85875,1053.41,12201,46363.0,53.99
ACCELYA, 16-Sep-2026,1112.2,1118.4,1106.1,1116.1,1112.2,5452,60.69,627,3534.0,64.82
ACCENTMIC, 16-Sep-2026,677.2,680.0,635.0,660.1,686.55,60500,398.62,110,34000.0,56.2
ACCPL, 16-Sep-2026,209.0,211.0,208.05,208.8,219.0,19200,40.05,14,14400.0,75.0
ACE, 16-Sep-2026,1130.0,1158.0,1102.0,1149.7,1132.1,425403,4834.5,31955,162647.0,38.23
ACEINTEG, 16-Sep-2026,18.0,18.39,17.22,17.61,17.75,2250,0.4,97,1761.0,78.27
ACGL, 16-Sep-2026,1726.1,1800.2,1726.1,1769.4,1732.1,449,7.9,137,321.0,71.49
ACI, 16-Sep-2026,456.9,468.0,446.0,461.45,455.25,236951,1087.69,15214,121931.0,51.46
ACL, 16-Sep-2026,42.55,43.5,41.9,42.7,42.55,14356,6.12,432,11682.0,81.37
ACMESOLAR, 16-Sep-2026,419.45,425.5,412.0,418.0,420.4,1349732,5648.03,39952,510785.0,37.84
ACUTAAS, 16-Sep-2026,3275.0,3359.0,3188.8,3344.7,3266.2,243061,7998.04,40105,102472.0,42.16
ADANIENSOL, 16-Sep-2026,1347.6,1371.3,1341.6,1349.2,1347.5,946914,12828.05,36323,412735.0,43.59
ADANIENT, 16-Sep-2026,2957.0,2972.9,2914.3,2920.0,2928.6,764624,22466.19,38379,188726.0,24.68
ADANIGREEN, 16-Sep-2026,1253.9,1276.9,1245.6,1270.2,1255.0,624972,7905.25,22289,191450.0,30.63
ADANIPORTS, 16-Sep-2026,1722.9,1737.9,1707.0,1723.8,1713.8,1060410,18310.76,59463,553073.0,52.16
ADANIPOWER, 16-Sep-2026,202.1,205.0,200.4,202.34,202.0,12105905,24577.12,60128,4440013.0,36.68
ADDICTIVE, 16-Sep-2026,45.0,45.0,45.0,45.0,45.15,9000,4.05,7,9000.0,100.0
ADDIND, 16-Sep-2026,78.6,79.79,76.25,79.0,79.0,52,0.04,12,49.0,94.23
ADFFOODS, 16-Sep-2026,261.45,274.95,248.8,267.15,261.3,159718,413.24,5494,65633.0,41.09
ADISOFT, 16-Sep-2026,227.0,234.0,210.0,226.2,226.25,90400,200.2,105,49600.0,54.87
ADL, 16-Sep-2026,70.3,77.59,70.3,71.91,71.16,618,0.45,61,353.0,57.12
ADOR, 16-Sep-2026,1545.3,1563.9,1487.1,1536.2,1548.2,26973,412.12,3890,14003.0,51.91
ADROITINFO, 16-Sep-2026,11.15,11.49,10.64,11.2,11.04,58562,6.5,147,52461.0,89.58
ADSL, 16-Sep-2026,98.5,98.5,94.02,95.26,97.02,114360,109.15,2680,57650.0,50.41
ADVAIT, 16-Sep-2026,2004.0,2019.9,1941.5,1996.3,2007.0,38672,767.14,5384,14921.0,38.58
ADVANCE, 16-Sep-2026,113.65,114.9,108.6,110.15,113.95,358473,402.78,1803,284368.0,79.33
ADVANIHOTR, 16-Sep-2026,48.01,48.99,46.75,47.18,47.98,31562,15.07,695,24067.0,76.25
ADVENTHTL, 16-Sep-2026,126.84,129.37,123.75,124.71,126.42,125781,157.88,2762,59273.0,47.12
ADVENZYMES, 16-Sep-2026,287.9,293.2,282.05,287.85,287.7,179412,518.52,4466,97395.0,54.29
ADVIKCA, 16-Sep-2026,0.96,0.99,0.95,0.97,0.98,461983,4.47,349,323746.0,70.08
AEGISLOG, 16-Sep-2026,1326.3,1395.0,1310.2,1381.2,1323.5,1953104,26740.85,92381,410150.0,21.0
AEGISVOPAK, 16-Sep-2026,305.0,305.0,288.9,296.95,302.0,1920715,5717.58,54407,764205.0,39.79
AEPL, 16-Sep-2026,16.5,16.7,15.4,15.87,16.27,60080,9.61,341,45696.0,76.06
AEQUS, 16-Sep-2026,222.5,223.37,213.41,220.68,221.52,1712222,3743.31,24715,735008.0,42.93
AEROENTER, 16-Sep-2026,117.84,119.9,108.0,113.35,116.93,1723281,1944.95,17208,714678.0,41.47
AEROFLEX, 16-Sep-2026,495.0,495.0,456.85,481.1,507.6,4838168,22595.48,79449,1340889.0,27.71
AERON, 16-Sep-2026,79.4,80.75,78.0,80.75,81.0,13000,10.26,13,8000.0,61.54
AERONEU, 16-Sep-2026,67.5,70.0,63.72,64.95,67.94,96688,64.58,2399,24317.0,25.15
AEROPLANE, 16-Sep-2026,199.39,199.39,189.8,195.67,199.72,613769,1184.36,4012,280367.0,45.68
AESTHETIK, 16-Sep-2026,70.0,70.0,67.5,68.0,69.0,25000,17.06,19,23000.0,92.0
AETHER, 16-Sep-2026,1588.0,1615.9,1552.7,1603.1,1583.1,159140,2526.37,17548,42903.0,26.96
AFCONS, 16-Sep-2026,262.25,263.65,225.35,258.4,262.25,4434269,11197.3,70021,864324.0,19.49
AFFLE, 16-Sep-2026,1537.0,1546.8,1500.3,1535.0,1536.4,124764,1910.4,17494,69593.0,55.78
AFFORDABLE, 16-Sep-2026,158.0,162.86,153.61,162.29,158.93,20433,32.47,582,13336.0,65.27
AFIL, 16-Sep-2026,8.43,8.6,8.31,8.37,8.54,371881,31.35,503,230727.0,62.04
AFSL, 16-Sep-2026,201.01,201.8,201.0,201.02,201.03,8483,17.05,80,7086.0,83.53
AGARIND, 16-Sep-2026,427.9,427.9,407.95,409.6,421.0,46733,192.38,2887,26111.0,55.87
AGARWALEYE, 16-Sep-2026,502.05,508.25,484.15,505.0,502.05,242956,1212.12,17113,141286.0,58.15
AGARWALTUF, 16-Sep-2026,142.6,156.0,142.6,151.05,146.05,44400,66.44,26,22800.0,51.35
AGI, 16-Sep-2026,735.9,735.9,701.5,717.3,736.65,159416,1144.89,8952,81662.0,51.23
AGIIL, 16-Sep-2026,263.0,273.0,260.05,262.4,264.15,972027,2599.8,11410,146049.0,15.03
AGL, 16-Sep-2026,14.23,14.26,13.63,14.03,14.23,2126782,296.32,3588,987954.0,46.45
AGNI, 16-Sep-2026,15.65,15.7,15.65,15.65,16.45,12500,1.96,5,7500.0,60.0
AGRITECH, 16-Sep-2026,102.44,102.44,97.25,98.1,97.57,1436,1.42,44,891.0,62.05
AGROPHOS, 16-Sep-2026,24.29,24.29,22.63,23.18,23.47,12920,2.98,164,11140.0,86.22
AHCL, 16-Sep-2026,20.2,20.5,19.6,20.04,20.18,46066495,9207.51,142781,8349399.0,18.12
AHLADA, 16-Sep-2026,35.89,40.5,32.7,36.56,34.99,45748,16.05,389,30548.0,66.77
AHLEAST, 16-Sep-2026,135.01,136.99,133.0,136.06,133.56,838,1.13,37,226.0,26.97
AHLUCONT, 16-Sep-2026,588.0,599.0,565.05,569.3,585.85,95786,549.61,6159,49806.0,52.0
AIAENG, 16-Sep-2026,3897.1,3907.7,3778.0,3805.8,3899.3,133043,5078.63,40313,82848.0,62.27
AIIL, 16-Sep-2026,532.0,535.2,518.05,528.95,529.85,188360,996.01,11494,105565.0,56.04
AILIMITED, 16-Sep-2026,19.1,19.1,19.1,19.1,19.1,3000,0.57,1,3000.0,100.0
AIMTRON, 16-Sep-2026,1648.05,1648.05,1495.0,1606.4,1656.35,72000,1132.06,351,37600.0,52.22
AIRAN, 16-Sep-2026,16.48,17.41,15.17,15.72,16.45,226075,36.1,830,75656.0,33.47
AIROLAM, 16-Sep-2026,85.8,90.0,85.0,88.54,84.21,11084,9.74,53,11010.0,99.33
AISL, 16-Sep-2026,57.95,58.0,54.1,54.1,56.9,45600,26.33,10,45600.0,100.0
AJANTPHARM, 16-Sep-2026,3482.4,3530.8,3460.0,3508.9,3510.4,116329,4078.86,18977,87082.0,74.86
AJAXENGG, 16-Sep-2026,579.0,582.0,555.1,566.55,581.6,76170,430.2,10467,40487.0,53.15
AJMERA, 16-Sep-2026,114.5,114.5,109.33,113.51,114.37,264603,296.02,3824,103284.0,39.03
AJOONI, 16-Sep-2026,3.41,3.44,3.08,3.3,3.43,463516,15.36,822,363179.0,78.35
AKANKSHA, 16-Sep-2026,129.5,136.5,127.2,134.65,130.0,24000,32.07,22,21000.0,87.5
AKASH, 16-Sep-2026,24.55,25.14,24.15,24.18,24.56,4395,1.06,27,4329.0,98.5
AKCAPIT, 16-Sep-2026,1714.1,1755.0,1710.0,1715.4,1714.1,1051,18.3,155,773.0,73.55
AKG, 16-Sep-2026,10.53,10.68,10.41,10.55,10.48,3075,0.32,73,2862.0,93.07
AKIKO, 16-Sep-2026,429.0,429.0,425.0,425.15,430.0,28800,122.44,33,28800.0,100.0
AKSHAR, 16-Sep-2026,0.41,0.42,0.4,0.42,0.41,548513,2.26,190,313329.0,57.12
AKUMS, 16-Sep-2026,759.2,775.0,746.4,772.0,765.65,235680,1803.03,13214,125128.0,53.09
ALANKIT, 16-Sep-2026,7.95,7.95,7.6,7.74,7.77,121612,9.45,742,96687.0,79.5
ALBERTDAVD, 16-Sep-2026,859.5,870.05,835.0,860.45,851.9,4783,40.45,231,4148.0,86.72
ALCODIS, 16-Sep-2026,65.0,70.0,65.0,70.0,74.0,1250,0.84,2,625.0,50.0
ALEMBICLTD, 16-Sep-2026,100.5,101.57,97.4,98.95,100.51,707870,700.81,9924,295828.0,41.79
ALFREDHE, 16-Sep-2026,2840.0,2860.0,2820.0,2820.0,2820.0,7,0.2,7,7.0,100.0
ALGOQUANT, 16-Sep-2026,64.13,65.65,64.01,65.15,64.13,1160108,753.12,2266,564797.0,48.68
ALICON, 16-Sep-2026,688.65,708.75,672.9,688.35,697.2,30853,210.72,2220,18437.0,59.76
ALIVUS, 16-Sep-2026,1350.0,1390.9,1317.6,1370.6,1347.8,153204,2082.42,16052,73556.0,48.01
ALKALI, 16-Sep-2026,71.0,76.7,71.0,72.23,73.45,17465,12.8,248,6614.0,37.87
ALKEM, 16-Sep-2026,5170.5,5265.5,5148.0,5175.0,5161.0,304188,15780.84,31265,189506.0,62.3
ALKYLAMINE, 16-Sep-2026,1775.7,1841.1,1740.0,1823.1,1775.7,65315,1172.77,10914,26438.0,40.48
ALLCARGO, 16-Sep-2026,11.5,11.57,10.77,11.18,11.6,13509692,1495.26,16558,5389426.0,39.89
ALLDIGI, 16-Sep-2026,803.5,803.5,783.2,792.5,799.5,2974,23.49,694,1889.0,63.52
ALLETEC, 16-Sep-2026,130.0,130.0,125.0,125.7,127.75,12800,16.18,32,9200.0,71.88
ALLTIME, 16-Sep-2026,212.39,212.42,203.72,206.42,213.38,45105,93.48,1668,21850.0,48.44
ALMONDZ, 16-Sep-2026,17.6,18.45,16.7,18.01,16.84,535197,93.6,1147,299331.0,55.93
ALOKINDS, 16-Sep-2026,7.45,7.54,7.31,7.48,7.38,14625867,1089.14,10244,5847393.0,39.98
ALPA, 16-Sep-2026,60.06,64.5,59.4,61.12,60.39,14768,8.9,252,10852.0,73.48
ALPEXSOLAR, 16-Sep-2026,910.0,910.0,870.0,893.35,906.35,41300,366.08,329,27100.0,65.62
ALPHA, 16-Sep-2026,51.25,52.79,51.25,52.46,52.18,1649953,855.81,3814,822879.0,49.87
ALPHAETF, 16-Sep-2026,25.8,25.82,25.35,25.73,25.68,485775,124.76,920,222022.0,45.7
ALPINETEX, 16-Sep-2026,54.8,55.18,49.15,52.33,54.68,340439,176.37,2868,193826.0,56.93
ALPL30IETF, 16-Sep-2026,26.7,27.18,26.65,26.96,26.7,206822,55.57,855,114567.0,55.39
ALUFLUOR, 16-Sep-2026,490.2,495.25,477.3,494.2,492.55,6704,32.75,381,4312.0,64.32
ALUWIND, 16-Sep-2026,46.0,46.0,46.0,46.0,46.0,1500,0.69,1,1500.0,100.0
AMAGI, 16-Sep-2026,565.8,576.0,564.05,569.3,569.4,270114,1541.48,15798,141031.0,52.21
AMAL, 16-Sep-2026,718.0,719.0,673.55,711.75,713.3,17598,122.43,1008,9182.0,52.18
AMARJOTHI, 16-Sep-2026,147.5,149.0,141.65,149.0,148.09,2026,2.96,254,1556.0,76.8
AMBAAUTO, 16-Sep-2026,99.25,99.25,98.3,98.35,98.35,25000,24.61,7,25000.0,100.0
AMBER, 16-Sep-2026,6985.5,7009.5,6826.5,6930.0,7000.0,142671,9865.94,25129,49603.0,34.77
AMBICAAGAR, 16-Sep-2026,25.6,25.6,24.4,24.57,24.94,5248,1.3,132,3959.0,75.44
AMBIKCO, 16-Sep-2026,1585.1,1587.7,1536.7,1564.9,1579.6,11248,175.6,1510,6837.0,60.78
AMBUJACEM, 16-Sep-2026,382.0,385.45,379.55,381.05,381.75,1033371,3944.86,20118,434968.0,42.09
AMCL, 16-Sep-2026,361.0,362.0,355.0,357.85,375.0,22400,79.81,22,22000.0,98.21
AMDIND, 16-Sep-2026,68.5,72.37,62.2,63.66,69.64,424928,289.19,5523,118869.0,27.97
AMEYA, 16-Sep-2026,128.45,132.8,125.9,129.35,126.5,22000,28.83,21,18000.0,81.82
AMJLAND, 16-Sep-2026,37.94,37.94,36.0,36.43,37.21,1943,0.72,115,1295.0,66.65
AMNPLST, 16-Sep-2026,169.75,169.75,160.0,160.4,165.52,2735,4.42,211,2018.0,73.78
AMRUTANJAN, 16-Sep-2026,489.6,493.7,476.5,490.4,489.6,54792,266.42,2484,31173.0,56.89
ANANDRATHI, 16-Sep-2026,2180.0,2211.0,2150.0,2206.2,2183.9,279080,6100.87,45708,150475.0,53.92
ANANTAM, 16-Sep-2026,106.01,106.99,106.0,106.08,106.83,43835,46.52,124,41562.0,94.81
ANANTRAJ, 16-Sep-2026,585.0,594.9,576.85,583.5,585.9,2951237,17338.74,39928,838280.0,28.4
ANAWIL, 16-Sep-2026,424.95,429.0,400.0,418.85,429.4,157600,656.56,358,95200.0,60.41
ANDHRAPAP, 16-Sep-2026,71.64,74.01,70.0,73.32,71.64,769224,556.9,6650,253184.0,32.91
ANDHRSUGAR, 16-Sep-2026,94.01,94.33,91.21,93.39,94.66,311145,287.74,9236,141497.0,45.48
ANDREWYU, 16-Sep-2026,25.65,26.78,25.11,25.88,25.65,59473,15.35,470,41650.0,70.03
ANGELONE, 16-Sep-2026,295.0,299.3,291.6,293.5,297.5,2878370,8483.59,36237,977345.0,33.95
ANIKINDS, 16-Sep-2026,40.03,43.78,40.03,42.86,40.58,17664,7.41,219,14462.0,81.87
ANLON, 16-Sep-2026,672.75,688.0,672.75,675.0,672.75,1200,8.14,3,800.0,66.67
ANMOL, 16-Sep-2026,15.99,16.0,13.75,14.39,15.27,346560,50.01,1804,135130.0,38.99
ANNAPURNA, 16-Sep-2026,138.43,138.5,132.55,134.56,137.39,23446,31.96,725,16813.0,71.71
ANONDITA, 16-Sep-2026,1154.9,1184.0,1112.0,1158.05,1140.9,65800,757.25,271,47200.0,71.73
ANSALBU, 16-Sep-2026,86.99,86.99,78.0,80.11,84.0,2850,2.29,43,2758.0,96.77
ANTELOPUS, 16-Sep-2026,1071.05,1214.45,996.1,1170.95,1057.8,4319113,49570.57,193013,296751.0,6.87
ANTGRAPHIC, 16-Sep-2026,0.74,0.74,0.72,0.72,0.74,115447,0.84,144,82892.0,71.8
ANTHEM, 16-Sep-2026,939.95,953.75,903.0,908.45,942.85,1023044,9412.44,84075,638684.0,62.43
ANUHPHR, 16-Sep-2026,89.5,91.99,87.01,89.22,90.33,141288,126.92,3395,76963.0,54.47
ANUP, 16-Sep-2026,1625.0,1667.4,1582.0,1637.0,1616.1,22345,364.07,4113,9058.0,40.54
ANURAS, 16-Sep-2026,1179.5,1195.7,1160.5,1178.3,1170.4,435775,5136.33,18220,263766.0,60.53
ANYA, 16-Sep-2026,15.25,15.5,15.25,15.3,15.25,25000,3.83,4,25000.0,100.0
ANZEN, 16-Sep-2026,129.2,129.8,129.2,129.8,129.3,175000,226.63,7,175000.0,100.0
AONEGOLD, 16-Sep-2026,14.3,14.43,14.06,14.1,14.5,802872,113.36,2620,392791.0,48.92
AONELIQUID, 16-Sep-2026,1077.03,1077.03,1077.01,1077.02,1076.87,40763,439.03,91,35270.0,86.52
AONENIFTY, 16-Sep-2026,9.81,9.81,9.55,9.61,9.58,165860,15.93,1181,129767.0,78.24
AONESILVER, 16-Sep-2026,8.66,8.78,8.66,8.73,8.66,423225,36.97,1023,273379.0,64.59
AONETMMQ50, 16-Sep-2026,10.2,10.2,9.86,10.01,10.0,46091,4.58,274,34000.0,73.77
AONETOTAL, 16-Sep-2026,11.75,11.75,11.43,11.55,11.52,461967,53.22,1043,317576.0,68.74
APARINDS, 16-Sep-2026,16610.0,17200.0,16015.0,17075.0,16550.0,108334,18080.95,36635,31626.0,29.19
APCL, 16-Sep-2026,101.5,101.5,96.15,99.18,99.4,5331,5.28,122,3556.0,66.7
APCOTEXIND, 16-Sep-2026,582.7,591.1,560.85,581.1,576.7,157464,906.87,8752,79324.0,50.38
APEX, 16-Sep-2026,354.1,366.2,341.05,347.95,358.95,151673,528.84,7121,58445.0,38.53
APEXECO, 16-Sep-2026,253.0,255.0,246.0,255.0,258.9,9600,23.78,12,8800.0,91.67
APLAPOLLO, 16-Sep-2026,2115.0,2132.9,2041.3,2120.0,2119.3,925656,19342.88,39470,485104.0,52.41
APLLTD, 16-Sep-2026,817.3,839.95,813.2,825.3,824.75,136463,1129.57,12534,65174.0,47.76
APOLLO, 16-Sep-2026,386.6,388.5,361.4,370.35,386.6,12109247,44774.21,144063,3342945.0,27.61
APOLLOHOSP, 16-Sep-2026,8756.0,8792.5,8672.5,8696.5,8714.0,232987,20290.45,50622,151944.0,65.22
APOLLOPIPE, 16-Sep-2026,519.0,519.95,496.5,508.9,520.2,370429,1885.09,10405,172055.0,46.45
APOLLOTYRE, 16-Sep-2026,410.95,429.55,402.15,411.95,406.2,2697223,11153.52,77957,373616.0,13.85
APOLSINHOT, 16-Sep-2026,1220.6,1220.6,1185.0,1185.8,1214.5,722,8.63,139,531.0,73.55
APOORVA, 16-Sep-2026,28.3,28.36,28.3,28.36,27.02,22,0.01,3,17.0,77.27
APRAMEYA, 16-Sep-2026,110.25,125.0,110.25,112.3,112.0,16500,18.53,8,16500.0,100.0
APS, 16-Sep-2026,233.4,233.4,226.6,230.75,233.35,17250,39.69,65,10750.0,62.32
APSISAERO, 16-Sep-2026,588.1,588.1,588.1,588.1,600.1,6000,35.29,4,6000.0,100.0
APTUS, 16-Sep-2026,241.95,243.5,235.36,239.91,244.83,3168614,7572.68,51125,1934756.0,61.06
AQYLON, 16-Sep-2026,20.4,20.55,19.68,19.71,20.71,608668,121.24,1664,422905.0,69.48
ARABIAN, 16-Sep-2026,81.65,82.0,81.65,82.0,78.1,6000,4.91,3,6000.0,100.0
ARCHIDPLY, 16-Sep-2026,99.0,101.98,97.05,100.22,100.21,11540,11.5,249,6733.0,58.34
ARCHIES, 16-Sep-2026,12.41,12.41,12.15,12.21,12.29,3618,0.44,52,1951.0,53.92
ARCIIL, 16-Sep-2026,36.0,36.0,36.0,36.0,36.0,2000,0.72,2,2000.0,100.0
ARCL, 16-Sep-2026,275.5,275.5,250.35,274.16,262.39,19792,54.18,254,18400.0,92.97
ARDEE, 16-Sep-2026,47.48,48.83,46.5,47.42,47.78,3672515,1747.66,17908,1279329.0,34.84
ARE&M, 16-Sep-2026,798.0,805.85,789.0,791.55,799.55,408549,3255.74,27163,219376.0,53.7
ARENTERP, 16-Sep-2026,34.3,34.3,31.1,32.6,32.64,486,0.16,31,234.0,48.15
ARFIN, 16-Sep-2026,82.72,83.45,80.84,82.68,82.72,725579,600.84,3102,92586.0,12.76
ARHAM, 16-Sep-2026,215.9,216.0,200.95,202.25,209.0,56000,114.73,50,46000.0,82.14
ARIHANT, 16-Sep-2026,867.05,879.4,841.0,862.25,858.8,969,8.31,195,629.0,64.91
ARIHANTACA, 16-Sep-2026,490.0,500.0,490.0,498.75,495.0,16000,79.8,7,16000.0,100.0
ARIHANTCAP, 16-Sep-2026,81.45,83.5,79.55,80.45,81.45,579106,474.46,3847,279661.0,48.29
ARIHANTSUP, 16-Sep-2026,216.1,224.0,209.05,220.45,213.95,2643,5.75,143,2120.0,80.21
ARIS, 16-Sep-2026,120.97,121.0,115.75,116.53,120.63,605692,711.99,6270,306647.0,50.63
ARKADE, 16-Sep-2026,116.81,117.9,114.5,115.76,116.42,113779,132.27,1501,49110.0,43.16
ARMANFIN, 16-Sep-2026,1918.2,1948.0,1806.6,1873.5,1918.1,67060,1245.89,11953,31871.0,47.53
AROGRANITE, 16-Sep-2026,23.76,23.84,21.0,22.55,22.98,13812,3.09,565,8478.0,61.38
ARROWGREEN, 16-Sep-2026,848.0,952.75,827.0,907.45,838.55,311513,2800.59,14226,132113.0,42.41
ARSSBL, 16-Sep-2026,485.9,514.75,470.55,496.95,479.65,261121,1285.75,10994,102577.0,39.28
ARTEMISMED, 16-Sep-2026,330.55,333.7,306.6,325.25,330.55,533825,1712.6,23130,247132.0,46.29
ARTNIRMAN, 16-Sep-2026,40.99,40.99,39.12,39.97,39.78,917,0.37,29,618.0,67.39
ARUNAYA, 16-Sep-2026,14.0,14.3,14.0,14.3,14.0,4000,0.57,2,2000.0,50.0
ARVEE, 16-Sep-2026,172.8,173.45,162.0,168.27,168.6,3355,5.65,141,1942.0,57.88
ARVIND, 16-Sep-2026,553.0,561.9,532.6,548.05,550.6,980782,5412.04,46093,430612.0,43.9
ARVINDFASN, 16-Sep-2026,426.0,429.5,414.95,416.35,428.5,249848,1049.6,14812,136135.0,54.49
ARVINDPORT, 16-Sep-2026,38.3,39.5,38.3,38.8,38.45,21000,8.2,12,19500.0,92.86
ARVSMART, 16-Sep-2026,564.15,564.2,546.05,549.2,564.15,106214,587.29,3986,62219.0,58.58
ARYAMAN, 16-Sep-2026,610.0,634.0,610.0,610.0,632.0,170,1.05,11,155.0,91.18
ASAHIINDIA, 16-Sep-2026,953.95,957.0,920.0,951.8,958.8,147987,1391.74,10900,63060.0,42.61
ASAL, 16-Sep-2026,447.85,450.0,431.05,444.55,447.85,13551,59.82,782,7939.0,58.59
ASALCBR, 16-Sep-2026,662.0,673.45,644.55,649.55,661.9,40568,264.73,3659,21547.0,53.11
ASHALOG, 16-Sep-2026,58.05,60.0,58.0,59.95,63.85,5000,2.94,5,3000.0,60.0
ASHAPURMIN, 16-Sep-2026,515.05,523.75,505.9,515.7,518.4,340216,1753.86,12026,171861.0,50.52
ASHIANA, 16-Sep-2026,346.2,354.4,332.95,348.35,341.9,47881,162.46,1557,23576.0,49.24
ASHIMASYN, 16-Sep-2026,16.52,17.19,16.1,16.29,16.78,28662,4.73,277,23386.0,81.59
ASHOKA, 16-Sep-2026,111.37,111.67,107.37,108.76,111.37,768105,836.65,8550,342358.0,44.57
ASHOKAMET, 16-Sep-2026,15.15,15.18,14.11,14.5,15.14,149476,21.54,887,96101.0,64.29
ASHOKLEY, 16-Sep-2026,157.4,158.21,154.75,156.5,156.65,10320454,16165.47,54686,4677220.0,45.32
ASHUTOSH, 16-Sep-2026,156.9,159.0,149.1,150.6,156.9,214800,323.4,154,190800.0,88.83
ASHWINI, 16-Sep-2026,172.0,172.0,172.0,172.0,172.0,1000,1.72,1,1000.0,100.0
ASIANENE, 16-Sep-2026,482.85,510.25,457.75,494.1,485.25,736572,3573.34,31551,244695.0,33.22
ASIANHOTNR, 16-Sep-2026,385.0,399.0,363.05,388.55,385.45,33702,128.69,1626,16505.0,48.97
ASIANPAINT, 16-Sep-2026,2405.1,2444.5,2397.4,2416.6,2402.8,591671,14375.39,41932,342177.0,57.83
ASIANTILES, 16-Sep-2026,50.0,50.17,48.45,49.93,50.03,994691,492.28,3702,331656.0,33.34
ASIANTNE, 16-Sep-2026,9.25,9.49,8.66,9.19,8.69,11228,1.03,86,10208.0,90.92
ASKAUTOLTD, 16-Sep-2026,607.65,625.0,596.5,617.9,604.7,209278,1281.16,16406,93668.0,44.76
ASPINWALL, 16-Sep-2026,252.05,259.9,241.55,250.3,250.85,2282,5.7,71,1569.0,68.76
ASPIRE, 16-Sep-2026,12.45,13.45,12.45,12.45,13.1,26000,3.26,13,12000.0,46.15
ASSAMENT, 16-Sep-2026,785.65,785.65,785.65,785.65,826.95,1,0.01,1,1.0,100.0
ASTAR, 16-Sep-2026,485.0,581.9,485.0,560.7,562.5,197,1.09,46,99.0,50.25
ASTEC, 16-Sep-2026,673.6,673.6,640.55,661.95,673.7,34108,224.05,2711,12597.0,36.93
ASTERDM, 16-Sep-2026,741.0,746.8,729.05,741.2,741.25,982120,7263.47,52413,507363.0,51.66
ASTRAL, 16-Sep-2026,1376.0,1388.3,1357.6,1382.5,1379.6,523897,7214.2,45245,306910.0,58.58
ASTRAMICRO, 16-Sep-2026,1601.0,1638.8,1537.1,1621.9,1593.8,418082,6686.33,30033,175730.0,42.03
ASTRAZEN, 16-Sep-2026,6671.0,6898.5,6650.5,6703.0,6695.5,17007,1146.38,4631,8874.0,52.18
ATALREAL, 16-Sep-2026,14.58,15.84,14.4,14.44,14.4,6944853,1029.03,7650,2237897.0,32.22
ATAM, 16-Sep-2026,53.7,65.0,52.92,62.15,54.67,168740,101.31,2524,67456.0,39.98
ATCENERGY, 16-Sep-2026,21.0,21.0,21.0,21.0,21.1,9600,2.02,4,9600.0,100.0
ATGL, 16-Sep-2026,581.0,597.25,580.25,586.5,580.15,838761,4939.43,31242,203897.0,24.31
ATHERENERG, 16-Sep-2026,1557.9,1574.8,1521.1,1567.5,1568.5,3578038,55342.7,135248,1079691.0,30.18
ATL, 16-Sep-2026,24.33,24.83,23.12,23.89,24.33,233170,55.45,1844,106971.0,45.88
ATLANTAA, 16-Sep-2026,36.36,36.79,35.01,36.46,36.74,27184,9.78,518,18854.0,69.36
ATLANTAELE, 16-Sep-2026,1680.0,1686.9,1623.9,1655.0,1660.0,78831,1304.34,10225,32345.0,41.03
ATLASCYCLE, 16-Sep-2026,90.55,93.69,90.23,92.35,91.02,10762,9.9,241,6586.0,61.2
ATLPP, 16-Sep-2026,8.85,9.89,8.71,9.5,8.81,1933,0.17,22,1180.0,61.05
ATMASTCO, 16-Sep-2026,126.05,129.55,123.25,123.35,126.05,5200,6.5,11,4400.0,84.62
ATUL, 16-Sep-2026,6000.0,6140.5,5995.0,6076.0,6081.5,17089,1037.35,5216,8783.0,51.4
ATULAUTO, 16-Sep-2026,443.0,443.0,427.2,436.4,438.45,63313,274.5,4262,26479.0,41.82
AUBANK, 16-Sep-2026,1030.0,1038.1,1015.1,1033.2,1028.0,1013402,10449.45,45264,603868.0,59.59
AUGMONT, 16-Sep-2026,836.2,851.45,812.1,833.05,832.25,732796,6103.52,22820,237323.0,32.39
AURIONPRO, 16-Sep-2026,706.0,706.0,685.0,688.0,698.65,96488,667.61,7398,44862.0,46.49
AUROIMPEX, 16-Sep-2026,30.65,30.65,30.65,30.65,29.2,4800,1.47,3,4800.0,100.0
AUROPHARMA, 16-Sep-2026,1657.1,1657.1,1623.0,1643.0,1660.0,522849,8575.44,34589,248750.0,47.58
AURUM, 16-Sep-2026,220.0,221.78,215.4,219.81,221.36,89898,197.32,1468,55526.0,61.77
AURUS, 16-Sep-2026,4.93,4.99,4.72,4.83,4.85,24491,1.19,128,21201.0,86.57
AUSL, 16-Sep-2026,23.05,23.05,23.05,23.05,24.25,4000,0.92,2,4000.0,100.0
AUSOMENT, 16-Sep-2026,154.5,155.0,144.15,149.9,151.73,5638,8.38,189,4921.0,87.28
AUSTENG, 16-Sep-2026,130.0,130.0,121.5,126.95,127.31,2381,3.0,92,2145.0,90.09
AUTOAXLES, 16-Sep-2026,1666.0,1686.3,1646.0,1659.0,1661.6,2634,43.77,549,1805.0,68.53
AUTOBEES, 16-Sep-2026,279.06,280.35,275.98,279.35,278.31,210833,587.27,2372,99793.0,47.33
AUTOIETF, 16-Sep-2026,27.81,28.09,27.71,27.97,27.91,382894,106.9,1662,191015.0,49.89
AUTOIND, 16-Sep-2026,78.97,79.0,75.9,77.5,79.11,255516,197.97,2976,133344.0,52.19
AVADHSUGAR, 16-Sep-2026,740.0,740.0,709.1,726.2,732.7,99568,717.56,7041,36597.0,36.76
AVALON, 16-Sep-2026,2150.0,2260.0,1980.0,2216.1,2160.7,935133,19618.45,108528,263773.0,28.21
AVANA, 16-Sep-2026,144.0,147.7,138.5,138.5,144.0,14000,19.87,6,10000.0,71.43
AVANCE, 16-Sep-2026,0.8,0.82,0.79,0.79,0.81,4352430,34.78,1567,2597230.0,59.67
AVANTEL, 16-Sep-2026,144.5,147.9,138.8,141.89,144.5,1229880,1746.0,19149,494997.0,40.25
AVANTIFEED, 16-Sep-2026,774.15,782.2,759.75,770.35,771.95,188352,1448.21,15790,85066.0,45.16
AVATAR, 16-Sep-2026,229.9,229.9,229.9,229.9,242.0,6000,13.79,3,6000.0,100.0
AVIANSH, 16-Sep-2026,101.0,101.5,101.0,101.5,100.2,2000,2.03,2,2000.0,100.0
AVIENCE, 16-Sep-2026,340.1,345.95,325.0,337.45,349.6,37200,124.64,61,22800.0,61.29
AVL, 16-Sep-2026,603.1,625.65,602.15,620.6,611.2,133409,820.51,9691,56057.0,42.02
AVONMORE, 16-Sep-2026,13.61,13.83,12.9,13.06,13.79,280829,37.36,1173,172751.0,61.51
AVPINFRA, 16-Sep-2026,58.5,58.5,56.5,56.9,58.4,41600,23.8,41,30400.0,73.08
AVROIND, 16-Sep-2026,7.5,8.04,7.47,7.92,7.66,207019,16.23,530,147608.0,71.3
AVTNPL, 16-Sep-2026,86.24,88.0,84.42,85.72,86.24,126738,109.03,2378,56199.0,44.34
AWFIS, 16-Sep-2026,275.15,275.9,264.2,271.1,275.15,621355,1676.95,18051,196428.0,31.61
AWHCL, 16-Sep-2026,354.1,355.25,337.55,345.5,354.1,191949,660.48,9245,87455.0,45.56
AWL, 16-Sep-2026,183.15,183.76,180.47,181.94,183.14,844193,1538.74,23993,373474.0,44.24
AXISBANK, 16-Sep-2026,1230.0,1252.5,1223.7,1241.0,1222.9,5799541,72119.91,180816,3716814.0,64.09
AXISCADES, 16-Sep-2026,1727.0,1736.9,1641.1,1684.5,1717.7,158521,2661.71,16128,71580.0,45.15
AXITA, 16-Sep-2026,8.04,8.12,7.97,7.99,8.0,495132,39.64,726,256888.0,51.88
AXTEL, 16-Sep-2026,416.5,441.05,416.5,435.1,429.65,4299,18.67,177,3773.0,87.76
AYE, 16-Sep-2026,179.91,182.64,176.3,180.12,177.25,728043,1309.54,18608,289496.0,39.76
AYMSYNTEX, 16-Sep-2026,272.0,295.5,261.25,270.8,269.1,318398,870.13,9981,156388.0,49.12
AZAD, 16-Sep-2026,2719.0,2719.0,2555.0,2581.7,2704.9,683850,17760.11,62877,264614.0,38.69
AZADIND, 16-Sep-2026,84.95,89.86,82.45,84.36,84.11,28956,24.43,438,3105.0,10.72
BABAFP, 16-Sep-2026,20.9,24.8,20.9,24.15,20.7,24000,5.6,12,19200.0,80.0
BAGFILMS, 16-Sep-2026,4.44,4.44,4.3,4.36,4.35,30908,1.34,95,25663.0,83.03
BAGMANE, 16-Sep-2026,110.28,110.88,108.15,109.9,109.89,1975285,2169.47,14408,1675514.0,84.82
BAHETI, 16-Sep-2026,776.0,800.0,741.0,744.5,780.75,43125,327.02,105,24750.0,57.39
BAIDFIN, 16-Sep-2026,10.08,10.44,9.9,10.35,10.08,55486,5.67,554,46447.0,83.71
BAJAJ-AUTO, 16-Sep-2026,11425.0,11596.0,11379.0,11593.0,11424.0,305528,35102.83,45105,174528.0,57.12
BAJAJCON, 16-Sep-2026,499.55,507.2,493.05,498.05,503.8,490370,2451.06,19571,220562.0,44.98
BAJAJELEC, 16-Sep-2026,328.3,328.35,319.05,322.55,328.4,93301,301.56,4405,41135.0,44.09
BAJAJFINSV, 16-Sep-2026,1864.0,1874.8,1832.9,1837.0,1855.5,613789,11343.95,41587,368408.0,60.02
BAJAJHCARE, 16-Sep-2026,324.0,324.0,313.05,321.1,320.9,95502,304.92,8238,42602.0,44.61
BAJAJHFL, 16-Sep-2026,83.78,83.78,82.4,82.96,84.0,2504935,2078.82,24697,1183238.0,47.24
BAJAJHIND, 16-Sep-2026,19.86,19.95,19.27,19.81,19.71,16263903,3192.22,19397,4158142.0,25.57
BAJAJHLDNG, 16-Sep-2026,11011.0,11090.0,10925.0,10930.0,11100.0,25570,2811.02,6487,14007.0,54.78
BAJAJINDEF, 16-Sep-2026,220.78,220.78,214.01,215.36,220.69,13163,28.42,496,9108.0,69.19
BAJAJST, 16-Sep-2026,360.0,365.6,345.05,351.65,365.3,10917,39.21,684,6691.0,61.29
BAJEL, 16-Sep-2026,171.94,171.94,165.0,169.16,168.87,121724,204.56,2812,46309.0,38.04
BAJFINANCE, 16-Sep-2026,1010.5,1019.3,1006.2,1006.2,1009.2,4190272,42413.14,102822,2965900.0,70.78
BALAJEE, 16-Sep-2026,24.52,25.4,24.24,24.43,24.96,24774,6.09,350,17685.0,71.39
BALAJIPHOS, 16-Sep-2026,113.0,113.0,113.0,113.0,113.0,1000,1.13,1,1000.0,100.0
BALAJITELE, 16-Sep-2026,95.48,96.42,91.8,92.1,95.48,211758,196.9,2495,84451.0,39.88
BALAMINES, 16-Sep-2026,2128.3,2172.0,2081.0,2149.8,2105.7,165267,3526.99,23991,48901.0,29.59
BALAXI, 16-Sep-2026,23.01,24.33,22.5,23.33,23.12,19590,4.57,131,14482.0,73.93
BALCO, 16-Sep-2026,20.9,20.9,20.9,20.9,19.95,4800,1.0,4,4800.0,100.0
BALKRISHNA, 16-Sep-2026,16.89,17.14,16.1,16.53,16.73,6336,1.05,96,3332.0,52.59
BALKRISIND, 16-Sep-2026,2124.5,2140.0,2100.1,2124.9,2129.0,151993,3224.16,19680,92602.0,60.93
BALMLAWRIE, 16-Sep-2026,162.67,163.81,160.7,162.1,164.24,158413,256.4,3203,75110.0,47.41
BALPHARMA, 16-Sep-2026,107.88,110.0,96.51,101.33,107.44,125428,126.71,1414,44363.0,35.37
BALRAMCHIN, 16-Sep-2026,674.9,685.0,657.3,682.6,677.1,936692,6300.41,24944,185780.0,19.83
BALUFORGE, 16-Sep-2026,496.0,500.0,470.0,483.25,498.2,1000368,4827.42,26970,414796.0,41.46
BANARBEADS, 16-Sep-2026,112.0,113.4,108.0,109.65,110.92,1067,1.17,109,913.0,85.57
BANARISUG, 16-Sep-2026,3401.0,3405.0,3196.5,3267.2,3411.1,3218,104.94,732,1598.0,49.66
BANCOINDIA, 16-Sep-2026,588.4,598.95,578.05,593.15,587.65,144353,850.91,11775,70067.0,48.54
BANDHANBNK, 16-Sep-2026,173.24,173.62,169.33,172.5,172.45,8261916,14202.09,37358,3501140.0,42.38
BANG, 16-Sep-2026,33.65,33.66,32.01,32.45,32.29,13063,4.27,190,6650.0,50.91
BANK10ADD, 16-Sep-2026,16.47,16.6,16.46,16.46,16.45,80293,13.29,84,27093.0,33.74
BANK10BETF, 16-Sep-2026,20.26,20.55,20.26,20.4,19.81,1871,0.38,36,1378.0,73.65
BANKA, 16-Sep-2026,77.86,79.8,77.7,77.83,77.86,285,0.22,12,175.0,61.4
BANKADD, 16-Sep-2026,57.51,57.75,57.29,57.52,57.51,98870,56.85,132,93061.0,94.12
BANKBARODA, 16-Sep-2026,233.25,235.29,232.33,234.98,232.7,5789637,13556.35,53633,2906699.0,50.21
BANKBEES, 16-Sep-2026,583.84,584.34,578.84,582.68,579.33,324940,1890.48,5784,183926.0,56.6
BANKBETA, 16-Sep-2026,57.49,58.53,57.49,58.14,58.08,84054,48.86,315,74192.0,88.27
BANKBETF, 16-Sep-2026,57.17,57.43,56.78,57.1,57.02,58830,33.6,271,50886.0,86.5
BANKETF, 16-Sep-2026,573.7,575.11,570.0,573.59,571.28,7305,41.8,873,1329.0,18.19
BANKIETF, 16-Sep-2026,58.65,58.65,57.43,57.75,57.5,491834,284.04,1155,362670.0,73.74
BANKINDIA, 16-Sep-2026,138.0,139.35,136.85,137.81,137.61,5030108,6956.09,32978,2193831.0,43.61
BANKNIFTY1, 16-Sep-2026,58.16,58.61,58.05,58.32,58.06,282711,165.05,598,209441.0,74.08
BANKPSU, 16-Sep-2026,80.91,83.65,80.91,83.22,82.56,4267,3.55,62,2933.0,68.74
BANSALWIRE, 16-Sep-2026,302.05,308.95,292.55,307.15,303.7,96192,290.52,6457,44796.0,46.57
BANSWRAS, 16-Sep-2026,110.03,113.93,107.56,109.34,110.03,16707,18.33,568,9550.0,57.16
BARFLEX, 16-Sep-2026,59.5,62.5,58.5,60.0,60.7,16000,9.65,8,8000.0,50.0
BASF, 16-Sep-2026,3549.9,3585.9,3485.0,3558.4,3539.4,15289,542.62,4550,6465.0,42.29
BASILIC, 16-Sep-2026,184.0,184.0,165.5,179.0,187.45,165000,291.24,127,147600.0,89.45
BATAINDIA, 16-Sep-2026,640.0,640.0,626.3,630.65,640.15,159770,1008.38,8597,71910.0,45.01
BATLIBOI, 16-Sep-2026,84.05,84.06,81.0,82.1,83.95,38877,31.99,652,21667.0,55.73
BAWEJA, 16-Sep-2026,23.0,23.0,22.05,23.0,23.0,5600,1.28,4,4800.0,85.71
BAYERCROP, 16-Sep-2026,3949.0,3965.4,3885.3,3938.6,3941.1,13378,525.13,3762,7312.0,54.66
BBETF0432, 16-Sep-2026,1338.5,1340.85,1334.0,1335.29,1340.38,374,4.99,18,335.0,89.57
BBL, 16-Sep-2026,2181.0,2231.3,2131.5,2178.2,2180.1,22867,499.05,3394,10907.0,47.7
BBNPNBETF, 16-Sep-2026,56.34,57.6,56.34,56.63,56.44,1205,0.68,10,1023.0,84.9
BBNPPGOLD, 16-Sep-2026,144.8,147.4,144.8,146.4,144.8,7036,10.28,78,4098.0,58.24
BBOX, 16-Sep-2026,758.0,768.6,727.25,763.25,745.8,526729,3953.36,33484,183875.0,34.91
BBTC, 16-Sep-2026,1423.9,1428.0,1393.0,1416.7,1416.4,36098,509.76,4355,15049.0,41.69
BBTCL, 16-Sep-2026,226.9,229.9,223.0,224.0,224.92,1138,2.56,76,976.0,85.76
BCG, 16-Sep-2026,9.88,9.91,9.63,9.78,9.85,5047851,491.66,4193,2372330.0,47.0
BCLIND, 16-Sep-2026,32.95,34.04,32.11,32.98,32.95,758362,251.4,5669,316620.0,41.75
BCONCEPTS, 16-Sep-2026,158.0,158.0,148.0,150.68,154.24,8925,13.43,446,6411.0,71.83
BCPL, 16-Sep-2026,68.57,68.65,66.55,67.33,68.27,3186,2.15,182,2450.0,76.9
BDL, 16-Sep-2026,1131.4,1138.9,1095.0,1136.0,1135.0,1708626,19121.76,46805,507937.0,29.73
BEACON, 16-Sep-2026,80.5,80.5,78.0,78.0,80.5,3000,2.38,3,3000.0,100.0
BEARDSELL, 16-Sep-2026,24.12,25.58,23.57,24.06,24.27,25008,6.14,214,16704.0,66.79
BECTORFOOD, 16-Sep-2026,226.0,226.16,214.21,220.16,223.4,2203845,4797.03,34418,971167.0,44.07
BEDMUTHA, 16-Sep-2026,104.0,104.0,98.2,102.28,104.42,16552,16.59,205,12090.0,73.04
BEEKAY, 16-Sep-2026,437.0,443.45,417.15,431.8,435.15,2215,9.43,261,1656.0,74.76
BEL, 16-Sep-2026,384.05,390.2,382.1,385.75,382.9,10138395,39236.39,115448,5324747.0,52.52
BELLACASA, 16-Sep-2026,248.0,252.5,240.0,250.48,252.67,14860,36.57,979,9572.0,64.41
BELRISE, 16-Sep-2026,226.8,229.75,222.75,229.35,226.66,2897775,6576.63,43369,1349122.0,46.56
BEML, 16-Sep-2026,1935.5,2007.8,1861.5,1991.9,1939.3,422730,8195.45,42511,172740.0,40.86
BENARAS, 16-Sep-2026,11390.0,11395.0,10541.0,10789.0,11001.0,284,31.04,70,206.0,72.54
BENGALASM, 16-Sep-2026,6309.0,6337.5,6201.0,6319.0,6286.5,302,19.09,147,236.0,78.15
BEPL, 16-Sep-2026,122.98,126.08,118.32,124.92,120.69,1288886,1579.19,15177,506936.0,39.33
BERGEPAINT, 16-Sep-2026,449.1,450.7,444.15,448.15,447.1,163379,732.55,15082,59575.0,36.46
BESTAGRO, 16-Sep-2026,18.12,18.87,17.73,18.44,18.39,601821,109.59,2874,289320.0,48.07
BETA, 16-Sep-2026,2082.2,2094.7,2002.6,2064.9,2105.2,13984,286.74,2329,7300.0,52.2
BEWLTD, 16-Sep-2026,48.15,48.7,47.9,48.1,48.15,12500,6.02,21,10500.0,84.0
BFINVEST, 16-Sep-2026,431.0,439.8,425.55,432.05,435.5,14710,63.56,1292,6862.0,46.65
BFSI, 16-Sep-2026,25.52,26.34,25.52,26.27,26.18,149842,39.28,604,83277.0,55.58
BFUTILITIE, 16-Sep-2026,522.3,534.55,512.0,520.35,528.2,31854,165.82,1797,10964.0,34.42
BHADORA, 16-Sep-2026,125.55,125.55,119.45,123.8,125.7,18000,21.98,15,14400.0,80.0
BHAGCHEM, 16-Sep-2026,251.0,251.5,242.0,244.25,250.0,89444,219.45,1633,59607.0,66.64
BHAGYANGR, 16-Sep-2026,405.0,425.25,387.0,425.25,405.0,328669,1364.62,8731,173811.0,52.88
BHANDARI, 16-Sep-2026,3.0,3.0,2.98,2.98,3.0,150895,4.51,153,149298.0,98.94
BHARATCOAL, 16-Sep-2026,32.4,32.59,31.81,32.23,32.4,3804118,1226.12,17327,1719866.0,45.21
BHARATFORG, 16-Sep-2026,1879.0,1897.6,1850.4,1885.0,1877.2,638432,11986.97,46960,334895.0,52.46
BHARATRAS, 16-Sep-2026,1139.4,1179.9,1101.0,1157.4,1128.9,16438,186.79,2306,7752.0,47.16
BHARATSE, 16-Sep-2026,208.41,208.9,198.36,205.26,208.62,108419,220.46,5980,46009.0,42.44
BHARATWIRE, 16-Sep-2026,166.55,171.09,163.62,167.69,168.08,118340,197.85,4019,37110.0,31.36
BHARTIARTL, 16-Sep-2026,1835.8,1838.0,1818.6,1835.0,1830.4,2925053,53590.01,105273,2097199.0,71.7
BHARTIHEXA, 16-Sep-2026,1500.0,1505.0,1472.6,1479.3,1505.5,52156,772.52,11059,29851.0,57.23
BHEL, 16-Sep-2026,415.45,417.4,406.0,410.6,412.85,7088021,29189.69,79331,3513106.0,49.56
BIGBLOC, 16-Sep-2026,39.14,40.0,38.0,39.51,39.14,45536,17.83,574,32280.0,70.89
BIKAJI, 16-Sep-2026,545.25,547.7,532.75,540.95,541.6,69639,376.63,6085,27370.0,39.3
BIKEWO, 16-Sep-2026,110.4,110.4,105.0,108.5,105.2,76000,82.22,37,70000.0,92.11
BIL, 16-Sep-2026,1029.0,1081.75,995.0,1036.25,1027.55,12435,128.6,1389,5904.0,47.48
BIMETAL, 16-Sep-2026,620.05,659.65,605.0,638.65,640.0,819,5.2,114,541.0,66.06
BIOCON, 16-Sep-2026,381.0,383.5,373.5,374.4,382.0,1763053,6659.29,34020,712817.0,40.43
BIOFILCHEM, 16-Sep-2026,33.0,33.71,33.0,33.13,33.65,11768,3.91,119,7767.0,66.0
BIOPOL, 16-Sep-2026,47.75,48.15,45.7,48.15,45.9,51600,24.48,37,40800.0,79.07
BIRET, 16-Sep-2026,335.88,341.5,335.21,340.28,336.47,563994,1913.39,12252,483552.0,85.74
BIRLACABLE, 16-Sep-2026,380.05,395.0,359.1,382.55,377.95,734776,2753.72,11755,298975.0,40.69
BIRLACORPN, 16-Sep-2026,816.1,818.3,789.9,803.9,810.25,86521,691.66,9294,47099.0,54.44
BIRLAMONEY, 16-Sep-2026,119.89,120.25,115.62,117.93,118.22,29866,35.23,935,18411.0,61.65
BIRLANU, 16-Sep-2026,1395.5,1407.3,1345.0,1387.1,1395.5,11149,152.92,1466,5736.0,51.45
BLACKBUCK, 16-Sep-2026,612.05,624.1,594.75,619.05,611.9,892263,5460.96,43784,356350.0,39.94
BLAL, 16-Sep-2026,160.5,163.0,159.21,161.99,161.01,12181,19.58,801,8054.0,66.12
BLBLIMITED, 16-Sep-2026,16.1,16.49,15.26,16.13,16.1,218177,34.45,699,113925.0,52.22
BLEL, 16-Sep-2026,435.0,436.7,415.0,428.4,439.65,591112,2508.38,17485,156009.0,26.39
BLIL, 16-Sep-2026,67.1,67.95,67.1,67.33,67.13,49188,33.13,1039,36719.0,74.65
BLKASHYAP, 16-Sep-2026,51.6,51.79,49.89,51.33,51.5,373401,190.17,2295,194592.0,52.11
BLS, 16-Sep-2026,230.0,231.93,221.34,226.74,228.51,913859,2062.11,20341,390539.0,42.74
BLSE, 16-Sep-2026,306.1,315.0,300.0,313.55,310.1,420165,1301.11,11199,186364.0,44.35
BLUECLOUDS, 16-Sep-2026,19.24,19.74,18.85,19.59,19.19,1424515,276.73,3661,580332.0,40.74
BLUECOAST, 16-Sep-2026,21.21,21.21,21.09,21.09,21.09,829,0.18,7,820.0,98.91
BLUEDART, 16-Sep-2026,4808.5,4868.9,4740.9,4850.5,4843.5,10147,488.34,3167,4322.0,42.59
BLUEJET, 16-Sep-2026,553.0,575.0,543.75,565.05,550.65,1113127,6286.5,44612,493116.0,44.3
BLUEPEBBLE, 16-Sep-2026,76.0,76.5,74.1,76.5,79.5,1200,0.91,3,800.0,66.67
BLUESTARCO, 16-Sep-2026,1483.3,1515.0,1472.0,1504.0,1483.0,525657,7890.79,35240,234839.0,44.68
BLUESTONE, 16-Sep-2026,838.0,863.8,798.2,856.0,828.55,806703,6719.79,37544,214999.0,26.65
BLUEWATER, 16-Sep-2026,482.75,482.75,437.0,452.0,460.0,12000,53.83,11,8000.0,66.67
BLUSPRING, 16-Sep-2026,125.0,128.46,112.75,124.46,125.27,576465,698.87,4395,184688.0,32.04
BMWVENTLTD, 16-Sep-2026,51.21,59.0,50.7,51.8,51.61,652482,345.44,4244,308686.0,47.31
BNAGROCHEM, 16-Sep-2026,199.9,205.0,199.9,202.34,200.08,659,1.33,19,443.0,67.22
BNKETFAXIS, 16-Sep-2026,577.46,582.47,576.74,579.81,577.46,558,3.24,33,190.0,34.05
BODALCHEM, 16-Sep-2026,176.7,178.76,167.83,173.46,176.66,1821210,3118.01,13320,659732.0,36.22
BOHRAIND, 16-Sep-2026,13.79,13.79,13.5,13.5,13.71,640,0.09,17,613.0,95.78
BOMDYEING, 16-Sep-2026,107.99,108.1,105.01,107.16,107.58,514540,550.23,6129,192632.0,37.44
BONLON, 16-Sep-2026,39.02,39.41,37.76,38.81,38.56,3542,1.38,69,3284.0,92.72
BORANA, 16-Sep-2026,303.5,309.35,298.0,303.05,303.5,38658,117.07,1023,22560.0,58.36
BOROLTD, 16-Sep-2026,248.33,250.0,240.64,246.76,248.33,131207,322.42,2597,60697.0,46.26
BORORENEW, 16-Sep-2026,460.7,461.85,443.0,446.0,461.3,710811,3189.9,43020,344728.0,48.5
BOROSCI, 16-Sep-2026,121.9,122.9,115.54,118.52,120.02,58547,69.29,1197,31059.0,53.05
BOSCH-HCIL, 16-Sep-2026,1667.4,1690.0,1631.6,1674.2,1667.4,20673,343.88,2709,10097.0,48.84
BOSCHLTD, 16-Sep-2026,47100.0,48325.0,46850.0,47555.0,47070.0,34806,16597.98,19545,17240.0,49.53
BOSS, 16-Sep-2026,59.9,60.0,59.85,59.85,59.7,8000,4.79,4,8000.0,100.0
BPCL, 16-Sep-2026,301.0,304.0,298.1,303.35,298.65,4428358,13338.38,70482,2674072.0,60.39
BPL, 16-Sep-2026,47.6,47.6,45.36,46.73,46.58,41913,19.41,695,27280.0,65.09
BPLPHARMA, 16-Sep-2026,1570.0,1570.0,1500.0,1509.8,1543.4,515,7.83,86,349.0,67.77
BRACEPORT, 16-Sep-2026,50.0,53.9,50.0,53.9,53.85,3200,1.66,2,3200.0,100.0
BRAHMINFRA, 16-Sep-2026,158.44,158.44,142.1,155.58,151.6,5582,8.59,273,3834.0,68.69
BRANDMAN, 16-Sep-2026,155.0,163.9,155.0,163.9,161.85,4800,7.68,6,3200.0,66.67
BRIGADE, 16-Sep-2026,612.0,630.15,598.6,626.85,612.25,264994,1635.89,15949,82897.0,31.28
BRIGHOTEL, 16-Sep-2026,56.31,56.9,55.75,55.85,56.14,101442,56.76,1772,76665.0,75.58
BRIGHTBR, 16-Sep-2026,245.05,252.0,232.25,252.0,248.5,585,1.47,26,482.0,82.39
BRITANNIA, 16-Sep-2026,4947.5,5036.5,4933.0,4999.5,4947.5,250873,12548.03,33293,155196.0,61.86
BRNL, 16-Sep-2026,16.59,16.95,16.05,16.24,16.31,29812,4.86,291,22914.0,76.86
BROOKS, 16-Sep-2026,64.49,64.7,59.13,61.02,63.09,51525,31.27,736,33948.0,65.89
BSE, 16-Sep-2026,3310.0,3317.0,3225.0,3240.0,3310.0,2894042,94211.78,148107,1232831.0,42.6
BSE500IETF, 16-Sep-2026,38.03,38.43,37.26,38.2,38.03,84303,32.14,1071,33957.0,40.28
BSHSL, 16-Sep-2026,85.0,88.0,84.46,84.78,85.42,11809,10.13,150,9435.0,79.9
BSL, 16-Sep-2026,119.89,119.89,117.81,117.97,119.35,1724,2.04,54,1442.0,83.64
BSLGOLDETF, 16-Sep-2026,132.2,133.15,132.2,132.9,131.88,312123,414.61,1002,255572.0,81.88
BSLNIFTY, 16-Sep-2026,27.5,28.01,27.02,27.47,27.33,964485,264.58,3819,773517.0,80.2
BSLSENETFG, 16-Sep-2026,74.46,76.0,74.46,75.9,75.22,3679,2.75,75,3557.0,96.68
BSOFT, 16-Sep-2026,286.2,287.8,279.3,281.25,286.45,1260023,3567.34,25603,464060.0,36.83
BTML, 16-Sep-2026,7.89,7.89,7.43,7.57,7.62,106229,8.05,255,72292.0,68.05
BUILDPRO, 16-Sep-2026,1289.9,1309.4,1252.7,1271.0,1283.0,43132,548.38,4214,26613.0,61.7
BULKCORP, 16-Sep-2026,85.0,85.0,85.0,85.0,83.2,1200,1.02,1,1200.0,100.0
BUTTERFLY, 16-Sep-2026,584.0,590.0,566.0,576.85,580.25,14048,81.04,955,9698.0,69.03
BVCL, 16-Sep-2026,41.44,41.54,40.0,40.71,40.8,13663,5.57,179,11724.0,85.81
C2C, 16-Sep-2026,209.7,214.0,197.0,212.2,207.9,99600,203.31,417,70350.0,70.63
CADSYS, 16-Sep-2026,46.0,46.2,46.0,46.05,44.1,1500,0.69,2,1500.0,100.0
CAMLINFINE, 16-Sep-2026,100.0,100.99,97.1,98.12,99.21,379806,374.98,5207,185591.0,48.86
CAMPUS, 16-Sep-2026,212.0,214.3,208.69,211.47,212.9,442078,932.71,6457,175088.0,39.61
CAMS, 16-Sep-2026,713.0,718.25,700.15,705.7,717.35,848314,5995.3,39485,453443.0,53.45
CANARYS, 16-Sep-2026,23.0,23.4,22.65,23.15,23.5,32000,7.36,8,28000.0,87.5
CANBK, 16-Sep-2026,122.8,123.7,121.81,123.2,122.37,13945737,17144.83,65877,7648128.0,54.84
CANFINHOME, 16-Sep-2026,790.0,791.95,769.0,771.95,784.8,289578,2257.26,14841,197442.0,68.18
CANHLIFE, 16-Sep-2026,150.2,154.54,147.27,153.92,151.78,545308,828.79,10246,232027.0,42.55
CANTABIL, 16-Sep-2026,240.6,243.2,237.02,238.95,240.3,227852,547.54,3380,100884.0,44.28
CAPACITE, 16-Sep-2026,190.37,191.44,185.25,186.88,189.57,290665,546.95,6983,124248.0,42.75
CAPILLARY, 16-Sep-2026,476.9,476.9,449.6,452.05,472.2,514440,2407.35,6491,444186.0,86.34
CAPINVIT, 16-Sep-2026,77.15,77.15,76.8,76.88,76.87,164675,126.73,1456,157210.0,95.47
CAPITALSFB, 16-Sep-2026,270.0,275.0,269.05,273.25,269.7,6767,18.39,376,3833.0,56.64
CAPLIPOINT, 16-Sep-2026,2581.0,2606.7,2490.5,2583.0,2570.6,212393,5428.99,23750,74708.0,35.17
CARBORUNIV, 16-Sep-2026,1031.8,1055.5,1018.1,1051.6,1031.8,96977,1010.39,12685,54482.0,56.18
CARERATING, 16-Sep-2026,1630.5,1659.0,1602.8,1652.5,1635.7,28271,462.02,4887,16189.0,57.26
CARRARO, 16-Sep-2026,521.0,521.0,506.1,508.85,521.0,65060,332.14,4067,35746.0,54.94
CARTRADE, 16-Sep-2026,3037.0,3064.9,2856.7,2885.3,3017.1,416850,12126.39,53959,155401.0,37.28
CARYSIL, 16-Sep-2026,1122.0,1131.6,1091.3,1118.4,1126.8,74682,830.69,6583,35347.0,47.33
CASHIETF, 16-Sep-2026,1079.7,1079.7,1079.68,1079.68,1079.56,105529,1139.39,135,54621.0,51.76
CASTROLIND, 16-Sep-2026,187.51,189.45,187.05,188.84,187.82,1359799,2562.73,31280,844190.0,62.08
CBAZAAR, 16-Sep-2026,4.6,4.7,4.35,4.6,4.5,96000,4.37,12,80000.0,83.33
CCAVENUE, 16-Sep-2026,15.95,15.95,15.25,15.32,15.69,10593710,1640.17,14518,4159512.0,39.26
CCCL, 16-Sep-2026,13.6,14.18,13.52,13.61,13.99,170456,23.26,477,124625.0,73.11
CCHHL, 16-Sep-2026,12.18,12.9,12.18,12.5,12.18,10753,1.36,172,9512.0,88.46
CCL, 16-Sep-2026,1056.2,1080.7,1043.6,1065.5,1060.9,103629,1105.65,15434,44180.0,42.63
CDSL, 16-Sep-2026,1311.0,1319.9,1284.0,1299.0,1311.0,1055453,13677.85,46466,348861.0,33.05
CEATLTD, 16-Sep-2026,3286.0,3324.0,3241.3,3305.6,3282.5,48579,1598.38,9507,23272.0,47.91
CEDAAR, 16-Sep-2026,12.0,12.0,11.4,11.4,12.0,34000,3.98,26,31000.0,91.18
CEIGALL, 16-Sep-2026,380.0,393.8,372.0,386.8,382.25,393782,1514.87,10050,173912.0,44.16
CEINSYS, 16-Sep-2026,674.95,686.75,665.0,673.05,676.6,58089,390.62,3939,30209.0,52.0
CELEBRITY, 16-Sep-2026,6.9,6.9,6.68,6.73,6.7,10862,0.74,55,8704.0,80.13
CELLECOR, 16-Sep-2026,31.0,31.0,30.05,30.45,30.65,81000,24.61,18,66000.0,81.48
CELLO, 16-Sep-2026,328.0,329.95,319.45,323.4,327.55,212024,685.44,8705,111981.0,52.82
CELLPOINT, 16-Sep-2026,15.0,15.0,14.45,14.45,15.5,4800,0.7,4,4800.0,100.0
CEMNTGROWW, 16-Sep-2026,14.0,14.08,13.73,13.85,13.95,171688,23.88,548,102768.0,59.86
CEMPRO, 16-Sep-2026,1218.3,1267.4,1209.1,1235.1,1207.1,553547,6889.13,37969,220914.0,39.91
CENTENKA, 16-Sep-2026,553.15,565.0,535.8,561.45,550.4,51388,282.39,3344,26423.0,51.42
CENTEXT, 16-Sep-2026,19.81,20.1,18.67,19.49,19.98,633227,121.37,1538,470299.0,74.27
CENTRALBK, 16-Sep-2026,30.5,30.67,30.19,30.39,30.46,6327271,1927.33,24324,3210521.0,50.74
CENTRUM, 16-Sep-2026,21.85,21.99,20.92,21.52,21.65,150400,32.22,529,96219.0,63.98
CENTUM, 16-Sep-2026,4049.5,4313.4,3900.2,4276.1,4010.6,90062,3751.42,20933,31303.0,34.76
CENTURYPLY, 16-Sep-2026,713.5,727.9,689.1,719.9,711.05,144990,1022.09,10256,56301.0,38.83
CERA, 16-Sep-2026,5590.5,5708.5,5512.0,5646.0,5572.0,9354,528.12,3181,4269.0,45.64
CESC, 16-Sep-2026,142.0,143.0,140.7,141.67,141.7,1662713,2355.08,29890,761806.0,45.82
CEWATER, 16-Sep-2026,278.0,278.0,256.4,259.35,276.15,95434,249.88,3365,55363.0,58.01
CFEL, 16-Sep-2026,47.0,47.49,43.15,46.0,47.41,66304,29.94,466,38324.0,57.8
CGCL, 16-Sep-2026,255.0,267.25,248.65,256.65,255.1,7620738,19741.88,77874,2011029.0,26.39
CGPOWER, 16-Sep-2026,858.0,864.2,838.55,851.55,858.0,1882336,16064.0,58097,789911.0,41.96
CGRAPHICS, 16-Sep-2026,136.1,141.0,136.0,138.65,138.35,19200,26.58,19,15200.0,79.17
CGVAK, 16-Sep-2026,148.7,148.7,141.6,144.11,144.31,1989,2.88,69,1303.0,65.51
CHALET, 16-Sep-2026,841.0,854.6,828.15,844.1,845.15,83424,704.35,9753,46564.0,55.82
CHAMBLFERT, 16-Sep-2026,415.0,415.5,401.4,409.1,416.65,603060,2462.58,39077,350790.0,58.17
CHAMUNDA, 16-Sep-2026,41.0,43.0,41.0,43.0,41.3,12000,4.98,4,9000.0,75.0
CHANDAN, 16-Sep-2026,191.1,205.0,191.05,204.3,191.05,53600,107.25,51,44000.0,82.09
CHAVDA, 16-Sep-2026,121.0,124.0,120.0,123.45,123.55,15000,18.35,15,9000.0,60.0
CHEMBOND, 16-Sep-2026,199.4,199.4,176.8,190.06,195.52,20839,38.75,814,10630.0,51.01
CHEMCRUX, 16-Sep-2026,81.87,82.6,78.05,81.14,80.23,3017,2.42,151,2323.0,77.0
CHEMFAB, 16-Sep-2026,358.4,366.8,353.1,358.0,372.15,2640,9.46,190,1862.0,70.53
CHEMICAL, 16-Sep-2026,29.66,29.66,28.45,28.91,28.94,294836,84.92,1304,128379.0,43.54
CHEMPLASTS, 16-Sep-2026,165.0,169.44,161.0,166.12,165.12,170758,281.59,3902,79406.0,46.5
CHENNPETRO, 16-Sep-2026,1472.7,1487.0,1412.0,1456.0,1471.8,1363010,19749.31,57604,351861.0,25.81
CHEVIOT, 16-Sep-2026,1165.0,1179.0,1160.1,1175.1,1172.3,1194,13.95,133,951.0,79.65
CHOICEGOLD, 16-Sep-2026,151.0,151.0,149.11,150.06,149.29,10121,15.15,73,9809.0,96.92
CHOICEIN, 16-Sep-2026,740.35,741.6,722.5,725.65,740.4,204754,1496.12,6849,77003.0,37.61
CHOLAFIN, 16-Sep-2026,1800.7,1800.7,1756.3,1765.6,1791.6,1312956,23222.76,67737,853592.0,65.01
CHOLAHLDNG, 16-Sep-2026,1501.5,1524.0,1485.0,1512.4,1510.8,85920,1296.31,9943,45180.0,52.58
CIEINDIA, 16-Sep-2026,371.9,379.75,366.9,375.8,375.0,270941,1011.03,17252,141974.0,52.4
CIFL, 16-Sep-2026,19.42,20.63,18.56,20.2,19.53,375881,74.4,1408,275462.0,73.28
CINELINE, 16-Sep-2026,91.81,93.11,88.0,89.96,91.81,27119,24.32,527,19431.0,71.65
CINEVISTA, 16-Sep-2026,14.89,14.89,13.6,13.88,14.08,27038,3.82,230,18724.0,69.25
CIPLA, 16-Sep-2026,1351.0,1363.7,1344.3,1358.0,1351.0,911572,12366.64,46589,613359.0,67.29
CITIUSINVT, 16-Sep-2026,115.55,115.97,114.8,115.84,115.49,36998,42.77,110,34710.0,93.82
CKKRETAIL, 16-Sep-2026,150.0,150.0,150.0,150.0,150.25,800,1.2,1,800.0,100.0
CLASSICEIL, 16-Sep-2026,51.15,53.2,51.0,51.0,53.65,243200,124.12,32,232000.0,95.39
CLAYCRAFT, 16-Sep-2026,151.6,154.55,151.35,152.8,152.75,18600,28.44,26,16200.0,87.1
CLEAN, 16-Sep-2026,820.95,827.45,806.25,820.0,820.3,348006,2843.94,22537,139281.0,40.02
CLEANMAX, 16-Sep-2026,1303.1,1334.2,1265.0,1286.8,1321.5,205827,2646.5,19273,95480.0,46.39
CLEDUCATE, 16-Sep-2026,56.01,57.39,54.29,56.94,57.14,9973,5.59,556,8404.0,84.27
CLSEL, 16-Sep-2026,281.6,305.95,274.1,298.25,281.6,200647,585.23,6534,49675.0,24.76
CLSL, 16-Sep-2026,78.8,78.8,78.8,78.8,78.85,4000,3.15,2,4000.0,100.0
CMLL, 16-Sep-2026,477.85,484.6,468.0,475.4,474.7,380398,1815.51,8995,234845.0,61.74
CMNL, 16-Sep-2026,112.0,114.95,110.3,114.95,112.2,3000,3.37,4,1500.0,50.0
CMPDI, 16-Sep-2026,204.0,207.98,199.99,203.77,203.74,1289252,2632.38,19569,518539.0,40.22
CMRGREEN, 16-Sep-2026,213.9,215.36,209.32,211.91,212.76,351172,745.77,11120,194385.0,55.35
CMRSL, 16-Sep-2026,74.1,74.1,74.1,74.1,78.0,800,0.59,1,800.0,100.0
CMSINFO, 16-Sep-2026,235.08,239.0,227.8,232.39,222.91,5544781,12925.08,80194,1008587.0,18.19
CNL, 16-Sep-2026,1065.0,1088.0,1050.0,1065.5,1068.6,27962,297.65,2816,13307.0,47.59
COALINDIA, 16-Sep-2026,419.25,423.45,417.6,422.25,419.25,7049685,29728.84,116779,5013158.0,71.11
COASTCORP, 16-Sep-2026,37.25,37.69,35.6,36.18,37.32,73502,26.86,1020,42629.0,58.0
COCHINSHIP, 16-Sep-2026,1327.8,1330.0,1290.9,1319.0,1325.0,1223182,16064.05,43123,250381.0,20.47
COCKERILL, 16-Sep-2026,8210.0,8298.5,7771.0,7877.5,8286.0,18330,1447.59,5383,6422.0,35.04
COFFEEDAY, 16-Sep-2026,30.48,31.0,29.66,30.4,30.37,521794,158.76,2107,275696.0,52.84
COFORGE, 16-Sep-2026,1775.0,1784.4,1717.0,1766.7,1775.5,3593943,62845.68,133740,1925665.0,53.58
COHANCE, 16-Sep-2026,425.6,434.6,416.2,432.95,423.6,320413,1369.33,16432,140961.0,43.99
COLPAL, 16-Sep-2026,1833.9,1900.1,1830.1,1860.0,1820.3,1465224,27451.98,64917,527054.0,35.97
COMFINTE, 16-Sep-2026,5.86,6.18,5.82,5.88,5.92,146074,8.57,327,100126.0,68.54
COMMOIETF, 16-Sep-2026,96.24,97.0,95.56,96.56,96.24,42166,40.62,1550,32506.0,77.09
COMPEAU, 16-Sep-2026,360.0,364.85,350.0,360.4,360.0,894,3.22,31,835.0,93.4
COMPUSOFT, 16-Sep-2026,13.18,13.18,12.73,12.84,12.91,16485,2.12,162,10421.0,63.22
COMSYN, 16-Sep-2026,289.8,301.45,271.0,294.75,289.8,839631,2457.47,10619,357264.0,42.55
CONCOR, 16-Sep-2026,484.0,491.3,480.7,488.8,483.7,443499,2158.88,12246,153829.0,34.69
CONCORDBIO, 16-Sep-2026,1470.1,1484.2,1428.1,1453.8,1473.0,105795,1543.39,19096,45477.0,42.99
CONFIPET, 16-Sep-2026,85.0,88.0,82.1,86.58,86.1,2646137,2244.33,26778,947114.0,35.79
CONNPLEX, 16-Sep-2026,246.5,259.7,239.0,253.0,245.1,70400,177.51,70,49600.0,70.45
CONS, 16-Sep-2026,11.67,11.79,11.65,11.67,11.71,12069,1.41,116,6243.0,51.73
CONSUMAXIS, 16-Sep-2026,116.84,117.6,116.54,117.03,116.94,723,0.85,23,315.0,43.57
CONSUMBEES, 16-Sep-2026,125.81,129.0,125.58,127.09,126.43,136732,173.54,988,48227.0,35.27
CONSUMER, 16-Sep-2026,11.84,11.84,11.39,11.65,11.61,183784,21.37,268,137622.0,74.88
CONSUMIETF, 16-Sep-2026,117.68,118.69,117.0,117.91,117.9,20296,23.92,147,14161.0,69.77
CONTROLPR, 16-Sep-2026,570.3,596.05,563.2,591.5,574.8,39907,233.63,2249,20985.0,52.58
COOLCAPS, 16-Sep-2026,24.9,25.4,24.0,25.15,24.9,70000,17.37,42,62500.0,89.29
CORALFINAC, 16-Sep-2026,32.93,33.41,32.03,32.4,32.77,7438,2.43,59,3997.0,53.74
CORDELIA, 16-Sep-2026,111.0,113.25,106.72,108.19,112.33,2468400,2654.13,11553,1362932.0,55.22
CORDSCABLE, 16-Sep-2026,356.9,363.75,303.65,348.25,354.25,340527,1171.25,11255,126178.0,37.05
COROMANDEL, 16-Sep-2026,1939.1,1945.0,1910.0,1937.8,1939.1,88917,1719.32,16933,61065.0,68.68
CORONA, 16-Sep-2026,2205.3,2245.0,2132.0,2143.6,2217.9,28735,620.72,5257,13664.0,47.55
COSMOFIRST, 16-Sep-2026,860.0,898.0,842.5,878.05,861.35,56751,490.36,3220,16545.0,29.15
CPCAP, 16-Sep-2026,141.0,143.05,138.45,140.77,140.17,42512,59.61,1405,24912.0,58.6
CPEDU, 16-Sep-2026,179.8,179.8,172.1,174.13,176.34,3045,5.3,82,2882.0,94.65
CPL, 16-Sep-2026,62.7,64.89,62.01,62.26,62.83,19954,12.58,371,11334.0,56.8
CPPLUS, 16-Sep-2026,3680.0,3699.0,3480.3,3547.7,3663.4,315432,11104.51,54365,204281.0,64.76
CPS, 16-Sep-2026,1162.0,1180.0,1152.0,1152.0,1202.0,600,6.97,4,600.0,100.0
CPSEETF, 16-Sep-2026,92.75,92.75,91.71,92.32,92.04,567759,523.31,6434,361451.0,63.66
CRAFTSMAN, 16-Sep-2026,11260.0,11329.0,10600.0,11040.0,11099.0,56874,6202.78,23621,26188.0,46.05
CRAMC, 16-Sep-2026,231.75,234.45,226.6,228.55,232.4,435060,1001.95,8499,238305.0,54.78
CRAVATEX, 16-Sep-2026,316.55,338.0,312.0,323.1,319.5,311,1.0,13,301.0,96.78
CRAYONS, 16-Sep-2026,23.95,24.1,22.8,22.8,23.0,5000,1.17,5,5000.0,100.0
CREATIVEYE, 16-Sep-2026,5.87,5.87,5.56,5.59,5.74,4303,0.24,63,4187.0,97.3
CREDENT, 16-Sep-2026,342.0,342.0,321.65,336.95,340.5,86400,285.04,97,68400.0,79.17
CREDITACC, 16-Sep-2026,1392.3,1423.8,1370.0,1416.5,1409.6,188841,2649.42,30380,94090.0,49.82
CREST, 16-Sep-2026,357.0,360.95,355.0,359.95,354.65,14808,53.08,99,14404.0,97.27
CRESTO, 16-Sep-2026,16.89,16.89,16.0,16.34,16.05,13052,2.14,106,11797.0,90.38
CRISIL, 16-Sep-2026,4644.0,4644.0,4494.2,4578.8,4596.9,72153,3307.69,12294,51306.0,71.11
CRIZAC, 16-Sep-2026,179.89,179.9,171.1,176.02,179.89,212621,372.16,4857,106114.0,49.91
CROMPTON, 16-Sep-2026,227.01,228.62,222.3,223.4,226.15,3565510,7982.89,38149,1974947.0,55.39
CROWN, 16-Sep-2026,105.03,111.0,102.7,107.54,106.83,9902,10.53,338,6687.0,67.53
CSBBANK, 16-Sep-2026,297.9,337.0,297.8,328.75,296.35,8547841,27330.48,122428,851219.0,9.96
CSLFINANCE, 16-Sep-2026,216.51,217.8,210.5,214.26,215.37,76689,164.16,1273,39721.0,51.79
CSM, 16-Sep-2026,91.99,103.45,88.68,96.22,89.85,6076531,5947.87,45097,630354.0,10.37
CSSL, 16-Sep-2026,88.45,88.45,88.4,88.4,85.5,2000,1.77,2,2000.0,100.0
CUB, 16-Sep-2026,225.0,229.0,216.42,227.24,225.78,2169990,4876.26,40923,943105.0,43.46
CUBEINVIT, 16-Sep-2026,156.75,157.1,156.69,156.84,156.88,165734,259.99,9095,156154.0,94.22
CUBEXTUB, 16-Sep-2026,75.85,75.98,74.5,75.09,75.08,23653,17.79,560,15804.0,66.82
CUDML, 16-Sep-2026,102.55,108.0,102.0,107.45,105.0,10000,10.46,9,9000.0,90.0
CUMMINSIND, 16-Sep-2026,4863.5,4985.0,4844.0,4940.0,4874.0,399690,19714.57,47734,241670.0,60.46
CUPID, 16-Sep-2026,284.5,287.0,276.0,280.0,284.4,8678314,24397.76,73845,3096136.0,35.68
CURAA, 16-Sep-2026,75.5,79.4,75.0,75.0,75.5,162,0.12,15,148.0,91.36
CURIS, 16-Sep-2026,202.45,204.0,195.55,202.0,195.05,21000,42.22,20,17000.0,80.95
CURRENT, 16-Sep-2026,81.3,85.0,81.0,81.0,82.0,17600,14.68,11,17600.0,100.0
CYIENT, 16-Sep-2026,1078.9,1079.0,1030.3,1054.5,1078.9,488288,5114.4,41470,223106.0,45.69
CYIENTDLM, 16-Sep-2026,882.4,884.65,811.95,867.4,882.7,855768,7225.79,54460,322586.0,37.7
DABUR, 16-Sep-2026,386.85,389.45,382.0,382.0,384.9,1792878,6915.33,27785,952254.0,53.11
DALBHARAT, 16-Sep-2026,1687.8,1704.5,1681.0,1693.6,1687.4,58268,985.71,17653,34050.0,58.44
DALMIASUG, 16-Sep-2026,400.0,401.65,386.85,393.1,398.2,145925,573.93,7588,59113.0,40.51
DAMCAPITAL, 16-Sep-2026,139.0,141.2,134.39,135.99,138.93,231257,314.09,5179,110416.0,47.75
DANGEE, 16-Sep-2026,2.84,2.92,2.7,2.73,2.78,38911,1.07,106,33839.0,86.97
DANISH, 16-Sep-2026,980.0,980.0,876.35,915.45,976.05,67350,625.29,319,40650.0,60.36
DATAMATICS, 16-Sep-2026,761.05,767.45,739.0,755.55,766.25,69650,526.11,4423,23104.0,33.17
DATAPATTNS, 16-Sep-2026,4380.5,4386.7,4140.0,4321.7,4358.8,1076930,46071.2,122016,208035.0,19.32
DAVANGERE, 16-Sep-2026,2.2,2.22,2.07,2.14,2.24,19163359,406.02,4002,10450273.0,54.53
DBCORP, 16-Sep-2026,184.01,188.3,182.51,186.49,184.73,46883,87.4,1922,28186.0,60.12
DBEIL, 16-Sep-2026,6.94,6.97,6.51,6.74,6.79,121766,8.19,425,87305.0,71.7
DBL, 16-Sep-2026,401.0,415.0,390.4,406.2,399.6,309785,1253.53,12070,116585.0,37.63
DBOL, 16-Sep-2026,114.79,114.79,110.65,113.41,113.26,85045,96.3,1607,42795.0,50.32
DBREALTY, 16-Sep-2026,97.6,98.28,93.9,95.2,96.96,1376448,1310.38,10828,792009.0,57.54
DCAL, 16-Sep-2026,164.26,167.99,158.5,162.08,163.16,183948,296.53,3738,79482.0,43.21
DCBBANK, 16-Sep-2026,222.82,223.93,215.46,219.94,221.89,912819,2002.1,16689,401820.0,44.02
DCG, 16-Sep-2026,81.7,84.65,77.65,83.95,81.7,37200,29.94,27,37200.0,100.0
DCI, 16-Sep-2026,266.9,280.8,255.6,264.15,264.7,376664,994.55,11430,101263.0,26.88
DCM, 16-Sep-2026,75.06,77.02,74.98,76.27,76.42,16150,12.25,60,16021.0,99.2
DCMFINSERV, 16-Sep-2026,5.21,5.21,4.85,5.14,5.0,18394,0.93,60,10421.0,56.65
DCMNVL, 16-Sep-2026,173.89,176.4,172.5,174.05,172.6,8488,14.76,268,6787.0,79.96
DCMSHRIRAM, 16-Sep-2026,990.0,1002.0,975.2,986.3,994.1,45772,452.79,6440,22842.0,49.9
DCMSIL, 16-Sep-2026,68.15,70.87,67.52,69.28,69.25,65734,45.31,686,34530.0,52.53
DCMSRIND, 16-Sep-2026,38.31,39.51,37.06,38.68,38.56,247070,94.11,3322,115332.0,46.68
DCW, 16-Sep-2026,44.55,44.84,43.19,44.26,44.72,851390,375.25,4989,380499.0,44.69
DCXINDIA, 16-Sep-2026,161.6,162.39,156.12,160.76,161.62,768094,1228.69,8931,365328.0,47.56
DDEVPLSTIK, 16-Sep-2026,253.15,255.1,245.6,252.2,250.65,86381,216.77,2715,41384.0,47.91
DECCANCE, 16-Sep-2026,562.4,579.95,555.55,570.0,566.05,26043,148.21,1083,13802.0,53.0
DECCANTRAN, 16-Sep-2026,20.5,20.5,20.0,20.0,20.95,2400,0.49,2,2400.0,100.0
DECNGOLD, 16-Sep-2026,224.0,225.99,216.6,220.67,222.82,1128957,2484.18,19126,473909.0,41.98
DEEDEV, 16-Sep-2026,600.0,636.7,577.65,634.65,607.4,309277,1880.55,11203,164037.0,53.04
DEEM, 16-Sep-2026,41.5,41.5,40.05,40.05,41.95,3000,1.22,3,3000.0,100.0
DEEP, 16-Sep-2026,46.59,47.0,42.0,43.47,45.13,33346,14.44,489,15944.0,47.81
DEEPA, 16-Sep-2026,173.99,174.49,164.79,171.82,169.14,3436863,5845.83,38598,886063.0,25.78
DEEPAKFERT, 16-Sep-2026,1297.9,1318.8,1269.1,1315.0,1284.8,173758,2262.23,16840,73271.0,42.17
DEEPAKNTR, 16-Sep-2026,1562.8,1598.0,1546.2,1590.5,1561.3,443065,6955.2,22742,301570.0,68.06
DEEPINDS, 16-Sep-2026,727.2,743.9,688.0,735.15,730.4,707797,5099.8,31015,256761.0,36.28
DEFENCE, 16-Sep-2026,77.67,77.67,75.35,76.93,76.88,472845,362.89,1551,314553.0,66.52
DELAPLEX, 16-Sep-2026,98.8,100.9,96.0,98.95,95.95,4200,4.12,7,2400.0,57.14
DELHIVERY, 16-Sep-2026,418.05,428.15,414.6,421.8,420.5,3025177,12755.96,36976,1918997.0,63.43
DELTACORP, 16-Sep-2026,53.8,57.1,51.66,55.19,53.79,2596609,1399.34,13423,1234561.0,47.55
DELTAMAGNT, 16-Sep-2026,57.45,57.45,52.2,54.88,55.65,7247,3.92,288,4480.0,61.82
DEN, 16-Sep-2026,26.47,26.68,26.12,26.42,26.62,231818,61.07,1180,166554.0,71.85
DENEERS, 16-Sep-2026,166.55,166.55,160.6,162.65,168.0,10200,16.73,17,7200.0,70.59
DENORA, 16-Sep-2026,801.65,809.95,781.55,788.1,812.95,1735,13.77,282,1305.0,75.22
DENTA, 16-Sep-2026,276.6,296.3,267.35,282.05,276.3,300277,857.48,11402,53629.0,17.86
DENTALKART, 16-Sep-2026,390.0,400.0,382.1,394.5,386.35,38250,149.27,63,32500.0,84.97
DEVIT, 16-Sep-2026,23.36,24.7,23.1,23.34,23.8,23973,5.66,549,14897.0,62.14
DEVX, 16-Sep-2026,32.16,34.9,32.16,33.96,33.3,110612,37.08,1277,73567.0,66.51
DEVYANI, 16-Sep-2026,135.53,137.9,135.16,136.69,136.22,1326172,1809.12,37157,698748.0,52.69
DGCONTENT, 16-Sep-2026,23.75,23.94,23.6,23.88,23.74,3051,0.73,47,2530.0,82.92
DHAMPURSUG, 16-Sep-2026,157.4,157.4,150.1,152.74,156.61,665496,1014.5,13851,271506.0,40.8
DHANBANK, 16-Sep-2026,29.85,30.18,29.05,29.42,29.79,511194,150.86,2328,316332.0,61.88
DHANLAXMI, 16-Sep-2026,23.0,23.0,22.9,23.0,23.6,8000,1.84,4,6000.0,75.0
DHANSA, 16-Sep-2026,32.3,32.3,32.3,32.3,34.0,4000,1.29,2,4000.0,100.0
DHANUKA, 16-Sep-2026,959.7,974.0,931.2,961.85,956.5,38687,368.18,3697,15584.0,40.28
DHARARAIL, 16-Sep-2026,147.0,147.0,147.0,147.0,153.45,1000,1.47,1,1000.0,100.0
DHARIWAL, 16-Sep-2026,25.1,27.0,25.1,25.6,26.4,1014000,257.61,148,789000.0,77.81
DHARMAJ, 16-Sep-2026,268.3,271.95,266.15,269.4,268.25,48933,131.54,2263,34821.0,71.16
DHATRE, 16-Sep-2026,4.4,4.4,4.06,4.11,4.29,31101,1.28,172,22308.0,71.73
DHOOTTRANS, 16-Sep-2026,1525.0,1614.4,1400.4,1590.9,1555.9,6172314,91737.42,240573,1695977.0,27.48
DHRUV, 16-Sep-2026,21.76,22.88,21.04,21.46,22.14,10601,2.27,162,7213.0,68.04
DHTL, 16-Sep-2026,29.4,29.4,29.4,29.4,30.9,800,0.24,1,800.0,100.0
DHUNINV, 16-Sep-2026,980.0,988.6,962.0,977.2,978.45,429,4.2,91,232.0,54.08
DIAMINESQ, 16-Sep-2026,259.0,261.0,248.62,256.19,251.8,7064,17.94,219,3986.0,56.43
DIAMONDYD, 16-Sep-2026,1097.3,1119.9,1088.8,1102.2,1107.4,6122,67.41,751,3138.0,51.26
DICIND, 16-Sep-2026,600.0,623.6,590.05,610.3,593.15,3625,22.0,260,2158.0,59.53
DIFFNKG, 16-Sep-2026,429.9,435.0,415.1,428.7,427.25,112103,476.5,5612,53744.0,47.94
DIGIDRIVE, 16-Sep-2026,17.58,18.75,17.11,17.22,17.58,39847,7.0,253,18809.0,47.2
DIGIKORE, 16-Sep-2026,41.7,41.8,38.0,39.35,39.25,21200,8.19,26,16800.0,79.25
DIGISPICE, 16-Sep-2026,16.13,16.92,15.8,16.45,16.33,136926,22.35,391,51470.0,37.59
DIGITIDE, 16-Sep-2026,85.0,88.08,82.6,86.25,85.06,188492,162.2,2581,71373.0,37.87
DISAQ, 16-Sep-2026,11705.0,11844.0,11602.0,11747.0,11677.0,96,11.24,66,59.0,61.46
DISHTV, 16-Sep-2026,2.62,2.75,2.61,2.66,2.62,3311191,88.34,2778,2037484.0,61.53
DIVGIITTS, 16-Sep-2026,1106.0,1147.3,1062.0,1119.7,1106.3,143879,1588.89,15554,56217.0,39.07
DIVIDEND, 16-Sep-2026,34.87,34.87,34.5,34.71,34.71,4182,1.45,70,3093.0,73.96
DIVINEHIRA, 16-Sep-2026,111.5,111.5,103.55,107.8,109.0,24000,25.87,14,19200.0,80.0
DIVISLAB, 16-Sep-2026,9168.0,9180.0,8923.0,9158.0,9198.0,878300,79748.13,83927,608440.0,69.27
DIVOPPBEES, 16-Sep-2026,75.24,75.24,74.18,74.62,74.4,32131,23.96,747,17753.0,55.25
DIXON, 16-Sep-2026,12985.0,13260.0,12850.0,13181.0,13180.0,540673,70893.11,77228,261908.0,48.44
DJML, 16-Sep-2026,79.85,80.29,75.6,78.14,78.66,95259,74.21,1385,43846.0,46.03
DKEGL, 16-Sep-2026,62.7,63.3,62.65,63.3,70.0,6000,3.77,3,4500.0,75.0
DLF, 16-Sep-2026,620.85,628.3,611.5,622.8,620.85,2223983,13808.57,35238,794187.0,35.71
DLINKINDIA, 16-Sep-2026,418.45,420.75,406.3,418.0,417.05,56870,235.79,3110,25582.0,44.98
DMART, 16-Sep-2026,3679.0,3730.0,3670.0,3720.0,3680.0,464459,17203.02,34499,315562.0,67.94
DMCC, 16-Sep-2026,265.35,270.1,256.9,259.3,265.5,87873,228.61,2604,54643.0,62.18
DNAMEDIA, 16-Sep-2026,2.55,2.7,2.26,2.45,2.5,83926,2.08,133,35212.0,41.96
DODLA, 16-Sep-2026,1083.9,1094.8,1059.9,1063.6,1080.3,13702,146.17,3713,7029.0,51.3
DOLATALGO, 16-Sep-2026,68.25,68.43,66.21,67.47,68.25,127563,85.95,1503,70845.0,55.54
DOLLAR, 16-Sep-2026,262.05,268.8,259.05,266.8,262.95,66963,177.22,2253,33084.0,49.41
DOLLEX, 16-Sep-2026,38.8,38.8,35.9,37.0,37.4,26844,9.86,211,19923.0,74.22
DOLPHIN, 16-Sep-2026,641.3,651.0,610.0,635.1,651.05,35409,224.04,2000,17584.0,49.66
DOMS, 16-Sep-2026,2102.6,2115.7,2061.3,2085.2,2120.4,20224,420.83,4672,9595.0,47.44
DONEAR, 16-Sep-2026,82.46,83.5,82.01,82.06,82.46,10670,8.78,204,7985.0,74.84
DPABHUSHAN, 16-Sep-2026,1336.8,1340.9,1290.0,1321.6,1337.5,17595,230.35,1744,9139.0,51.94
DPEL, 16-Sep-2026,634.95,634.95,617.0,627.65,629.0,49500,310.58,82,27000.0,54.55
DRAGARWQ, 16-Sep-2026,5157.5,5325.0,5104.0,5269.5,5137.0,3151,163.32,395,2672.0,84.8
DRCSYSTEMS, 16-Sep-2026,12.95,12.95,12.4,12.48,12.75,41584,5.22,312,30681.0,73.78
DREAMFOLKS, 16-Sep-2026,67.0,67.7,65.05,65.33,66.76,61208,40.44,2602,24408.0,39.88
DREDGECORP, 16-Sep-2026,994.9,994.9,961.1,987.8,994.0,45490,446.48,4839,18755.0,41.23
DRONE, 16-Sep-2026,32.5,33.6,32.0,33.15,32.3,14000,4.59,28,11500.0,82.14
DRREDDY, 16-Sep-2026,1142.0,1149.9,1133.9,1140.0,1145.0,1120896,12814.8,47805,671359.0,59.89
DSSL, 16-Sep-2026,1047.5,1047.5,1011.6,1018.8,1034.4,22429,228.68,2027,10466.0,46.66
DTL, 16-Sep-2026,143.0,143.0,143.0,143.0,128.0,1200,1.72,1,1200.0,100.0
DUCOL, 16-Sep-2026,118.0,122.4,115.0,122.4,122.6,11200,13.27,10,11200.0,100.0
DUCON, 16-Sep-2026,1.53,1.64,1.45,1.58,1.59,1986175,30.41,1235,966045.0,48.64
DURLAX, 16-Sep-2026,57.7,60.55,56.1,57.15,57.75,100000,57.39,44,62000.0,62.0
DVL, 16-Sep-2026,280.0,281.95,270.9,275.2,282.7,15512,42.97,540,5659.0,36.48
DWARKESH, 16-Sep-2026,41.75,41.78,40.32,41.04,41.72,2115991,866.6,8664,568123.0,26.85
DYCL, 16-Sep-2026,436.0,438.15,416.65,433.0,432.6,387406,1659.03,13549,144344.0,37.26
DYNAMATECH, 16-Sep-2026,12000.0,12151.0,11500.0,12077.0,12071.0,28785,3423.18,11085,12123.0,42.12
DYNAMIC, 16-Sep-2026,130.2,134.8,128.35,133.4,135.1,14500,19.09,24,11500.0,79.31
DYNPRO, 16-Sep-2026,226.61,231.39,224.4,230.04,227.94,9782,22.34,295,7035.0,71.92
E2ERAIL, 16-Sep-2026,378.4,381.0,348.15,354.2,378.4,254400,918.92,239,66400.0,26.1
EASEMYTRIP, 16-Sep-2026,5.79,5.88,5.76,5.78,5.78,14917947,865.89,6738,4176872.0,28.0
EASTWEST, 16-Sep-2026,2.3,2.33,2.27,2.33,2.3,10315,0.24,48,9004.0,87.29
EBANK10, 16-Sep-2026,16.1,16.77,16.09,16.52,16.26,940,0.15,11,624.0,66.38
EBANKNIFTY, 16-Sep-2026,56.48,56.87,56.26,56.61,56.49,422,0.24,19,411.0,97.39
EBBETF0430, 16-Sep-2026,1609.0,1609.0,1601.15,1604.0,1603.74,7059,113.24,311,6105.0,86.49
EBBETF0431, 16-Sep-2026,1425.79,1431.98,1424.15,1427.29,1425.49,5837,83.21,113,5066.0,86.79
EBBETF0433, 16-Sep-2026,1308.51,1311.36,1300.2,1309.64,1305.8,4937,64.58,144,3142.0,63.64
EBGNG, 16-Sep-2026,675.0,679.9,625.6,645.55,671.45,1024574,6640.6,40407,409984.0,40.02
ECAPINSURE, 16-Sep-2026,22.95,23.16,22.54,23.03,22.95,41645,9.49,351,22944.0,55.09
ECLERX, 16-Sep-2026,1890.5,1968.0,1848.2,1961.2,1894.8,182677,3531.1,28300,76942.0,42.12
ECOLINE, 16-Sep-2026,170.0,172.9,170.0,172.9,173.0,5000,8.53,2,5000.0,100.0
ECORECO, 16-Sep-2026,427.4,429.85,415.1,425.1,427.4,11414,48.13,922,7065.0,61.9
ECOSMOBLTY, 16-Sep-2026,106.21,108.19,105.29,106.37,107.47,45900,48.99,1482,26871.0,58.54
EDELWEISS, 16-Sep-2026,127.7,128.5,123.87,126.74,127.4,6116820,7724.19,32284,2310899.0,37.78
EEPL, 16-Sep-2026,128.0,133.0,126.0,133.0,129.95,12000,15.64,12,11000.0,91.67
EFACTOR, 16-Sep-2026,165.0,165.0,159.9,162.05,160.0,6400,10.38,15,4400.0,68.75
EFCIL, 16-Sep-2026,183.55,184.37,176.98,178.06,182.64,196331,353.09,3932,87860.0,44.75
EFFWA, 16-Sep-2026,359.0,359.0,355.0,356.25,357.05,5600,19.94,9,5600.0,100.0
EFORCE, 16-Sep-2026,19.0,19.0,17.4,18.75,19.0,31200,5.6,25,19200.0,61.54
EGOLD, 16-Sep-2026,150.05,151.1,150.05,150.95,149.65,43760,66.03,336,37378.0,85.42
EICHERMOT, 16-Sep-2026,7430.0,7524.5,7406.0,7500.0,7452.5,316258,23608.95,36730,194544.0,61.51
EIDPARRY, 16-Sep-2026,702.75,707.0,685.5,703.05,702.75,314736,2195.34,21884,149894.0,47.63
EIEL, 16-Sep-2026,197.98,198.99,190.5,194.87,196.91,495754,961.58,9957,174666.0,35.23
EIHAHOTELS, 16-Sep-2026,284.4,288.85,278.1,287.0,281.3,17383,49.37,1080,8903.0,51.22
EIHOTEL, 16-Sep-2026,284.15,294.0,283.5,292.1,283.8,671193,1945.91,16771,226965.0,33.82
EIMCOELECO, 16-Sep-2026,2242.2,2339.9,2211.1,2277.1,2242.2,58309,1326.81,6236,26856.0,46.06
EKC, 16-Sep-2026,98.8,99.7,96.49,98.75,98.8,186889,182.7,2877,103575.0,55.42
EKI, 16-Sep-2026,69.0,71.0,67.0,67.57,69.5,23169,15.82,488,15417.0,66.54
ELANTAS, 16-Sep-2026,13605.0,13676.0,12920.0,13436.0,13481.0,3194,423.88,1786,975.0,30.53
ELCIDIN, 16-Sep-2026,106300.0,108500.0,105305.0,107120.0,102210.0,24,25.7,23,11.0,45.83
ELDEHSG, 16-Sep-2026,775.0,775.0,754.2,769.15,780.3,890,6.8,102,559.0,62.81
ELECON, 16-Sep-2026,413.0,413.05,402.4,407.35,413.5,162968,663.46,10123,77818.0,47.75
ELECTCAST, 16-Sep-2026,75.45,75.94,73.16,74.33,75.23,1233179,917.14,15602,602342.0,48.84
ELECTHERM, 16-Sep-2026,956.65,957.9,916.05,941.15,945.35,6788,63.55,595,3449.0,50.81
ELGIEQUIP, 16-Sep-2026,615.0,615.05,590.1,592.5,612.05,533822,3196.08,36110,256358.0,48.02
ELGIRUBCO, 16-Sep-2026,55.2,57.9,54.1,56.68,55.83,36113,19.96,818,16690.0,46.22
ELGNZ, 16-Sep-2026,83.0,85.9,81.7,84.95,84.3,9000,7.48,9,8000.0,88.89
ELIN, 16-Sep-2026,86.3,89.0,83.97,88.71,87.15,185837,161.01,2733,81499.0,43.86
ELIQUID, 16-Sep-2026,1048.2,1048.2,1047.85,1047.85,1047.72,10860,113.8,23,8981.0,82.7
ELITECON, 16-Sep-2026,8.83,8.9,8.15,8.15,8.57,2875950,241.56,4817,1838875.0,63.94
ELLEN, 16-Sep-2026,356.5,390.6,343.0,374.65,355.1,2421472,9058.99,48731,752066.0,31.06
ELM250, 16-Sep-2026,16.1,16.19,15.97,15.99,16.0,58374,9.36,332,30294.0,51.9
ELMDIV, 16-Sep-2026,35.1,35.62,35.1,35.39,36.4,535,0.19,32,533.0,99.63
ELPROINTL, 16-Sep-2026,174.14,174.5,173.5,173.51,172.85,7268,12.64,87,7032.0,96.75
EMAMILTD, 16-Sep-2026,375.0,376.0,365.8,369.3,373.7,1443979,5342.95,38052,793265.0,54.94
EMAMIREAL, 16-Sep-2026,67.0,68.9,66.31,66.31,67.45,8902,5.97,396,6677.0,75.01
EMAPARTNER, 16-Sep-2026,80.0,80.0,75.0,79.9,79.1,45000,34.52,35,27000.0,60.0
EMBASSY, 16-Sep-2026,439.95,440.0,436.5,439.58,439.48,554410,2432.78,15377,493932.0,89.09
EMBDL, 16-Sep-2026,55.4,55.5,53.31,53.68,55.01,1630746,878.08,8941,722809.0,44.32
EMCURE, 16-Sep-2026,2004.0,2013.0,1902.6,1931.9,1993.0,248066,4802.97,25339,161374.0,65.05
EMETAL, 16-Sep-2026,12.86,13.2,12.6,12.99,12.74,5130,0.66,35,5076.0,98.95
EMIL, 16-Sep-2026,184.3,185.74,173.71,180.93,185.06,2115907,3804.68,33816,677336.0,32.01
EMKAY, 16-Sep-2026,243.5,243.85,235.0,242.3,241.45,15157,36.3,483,9231.0,60.9
EMKAYTOOLS, 16-Sep-2026,94.75,97.8,91.55,93.0,94.75,1650,1.55,9,1050.0,63.64
EMMIL, 16-Sep-2026,119.0,119.0,116.75,117.05,118.9,10500,12.39,17,10000.0,95.24
EMMVEE, 16-Sep-2026,322.5,330.6,318.6,321.7,328.55,1366386,4426.86,28033,562547.0,41.17
EMPIND, 16-Sep-2026,1025.0,1034.0,1002.1,1026.9,1038.3,1254,12.85,202,942.0,75.12
EMPOWER, 16-Sep-2026,2.43,2.49,2.43,2.48,2.38,43769639,1085.27,8831,21510629.0,49.15
EMSLIMITED, 16-Sep-2026,373.95,374.85,355.35,362.25,373.95,241061,872.33,7490,99221.0,41.16
EMUDHRA, 16-Sep-2026,625.0,677.0,600.35,642.3,592.85,30254888,198274.71,594678,1681391.0,5.56
EMULTIMQ, 16-Sep-2026,40.6,41.6,39.57,39.95,40.58,135756,54.61,552,36547.0,26.92
ENCOMPAS, 16-Sep-2026,258.0,260.0,255.0,256.55,260.25,42000,107.78,10,41200.0,98.1
ENDURANCE, 16-Sep-2026,2625.0,2659.0,2582.0,2628.4,2614.6,72279,1894.75,12625,51993.0,71.93
ENERGY, 16-Sep-2026,38.15,38.15,37.16,37.54,37.4,512476,191.68,1035,423087.0,82.56
ENERGYAXIS, 16-Sep-2026,19.47,19.81,18.58,18.71,19.78,85128,16.12,238,45736.0,53.73
ENERGYDEV, 16-Sep-2026,14.2,14.83,14.0,14.08,14.27,33641,4.78,323,26944.0,80.09
ENEXT50, 16-Sep-2026,70.16,71.0,69.8,70.54,70.0,236,0.17,9,163.0,69.07
ENFUSE, 16-Sep-2026,147.0,153.95,147.0,153.95,146.5,1200,1.81,2,1200.0,100.0
ENGINERSIN, 16-Sep-2026,261.4,265.6,253.6,260.65,262.45,2212377,5720.77,43529,818805.0,37.01
ENIFTY, 16-Sep-2026,23.47,23.51,23.27,23.33,23.43,16917,3.96,54,16181.0,95.65
ENIL, 16-Sep-2026,101.9,102.79,99.26,100.34,100.4,7608,7.63,298,3667.0,48.2
ENKEIWHEL, 16-Sep-2026,398.55,398.55,388.0,390.2,398.55,247,0.97,52,216.0,87.45
ENRIN, 16-Sep-2026,3028.0,3072.0,2968.0,3013.4,3028.7,332338,10020.71,36794,184065.0,55.38
ENSER, 16-Sep-2026,14.7,14.7,14.7,14.7,14.05,5000,0.74,1,5000.0,100.0
ENTERO, 16-Sep-2026,1785.1,1800.3,1666.8,1731.8,1802.1,236406,4062.35,28786,106225.0,44.93
ENVIRO, 16-Sep-2026,69.5,71.1,68.1,68.6,69.7,29000,19.99,23,16000.0,55.17
EPACK, 16-Sep-2026,177.34,181.32,175.04,178.09,177.7,354381,632.01,7356,137185.0,38.71
EPACKPEB, 16-Sep-2026,222.01,224.0,213.22,221.47,221.26,428491,940.65,9946,135191.0,31.55
EPIGRAL, 16-Sep-2026,1092.2,1092.2,1054.1,1084.0,1092.2,21627,233.22,2663,11618.0,53.72
EPL, 16-Sep-2026,234.5,236.7,228.0,233.9,235.9,1925799,4471.0,43645,911304.0,47.32
EPWINDIA, 16-Sep-2026,235.0,235.0,230.15,230.15,242.25,4800,11.14,4,4800.0,100.0
EQUAL200, 16-Sep-2026,13.36,13.36,13.2,13.34,13.33,29398,3.9,65,15923.0,54.16
EQUAL50, 16-Sep-2026,321.44,321.61,318.92,320.85,320.43,1416,4.55,23,1242.0,87.71
EQUAL50ADD, 16-Sep-2026,332.0,332.48,329.28,331.44,330.63,36479,120.99,315,30654.0,84.03
EQUITASBNK, 16-Sep-2026,71.39,74.5,70.82,73.5,71.35,2177983,1582.95,14208,1316563.0,60.45
ERIS, 16-Sep-2026,1296.2,1324.7,1282.8,1303.2,1310.1,15100,196.5,3231,6172.0,40.87
ESABINDIA, 16-Sep-2026,5779.0,5779.0,5606.0,5675.0,5751.0,3839,217.35,1640,1614.0,42.04
ESCONET, 16-Sep-2026,225.2,225.2,225.2,225.2,237.05,6000,13.51,15,6000.0,100.0
ESCORTS, 16-Sep-2026,2840.0,2864.9,2791.1,2815.6,2835.8,63932,1803.85,23977,32108.0,50.22
ESDS, 16-Sep-2026,1820.0,1820.0,1733.5,1733.5,1824.7,1728190,30620.74,72214,620679.0,35.91
ESENSEX, 16-Sep-2026,74.9,76.01,74.8,75.27,75.4,72,0.05,18,69.0,95.83
ESFL, 16-Sep-2026,118.05,125.4,118.05,124.6,120.55,9360,11.52,24,7200.0,76.92
ESG, 16-Sep-2026,39.88,40.0,39.69,39.91,39.72,1627,0.65,39,941.0,57.84
ESILVER, 16-Sep-2026,225.73,229.52,225.73,228.89,224.0,663442,1518.05,3658,612747.0,92.36
ESPRIT, 16-Sep-2026,63.25,65.85,63.25,65.85,62.0,3200,2.07,2,1600.0,50.0
ESSARSHPNG, 16-Sep-2026,16.48,16.48,15.45,15.53,15.76,227399,35.79,937,134526.0,59.16
ESSENTIA, 16-Sep-2026,1.04,1.05,1.03,1.04,1.04,1782429,18.53,689,1152256.0,64.65
ESTER, 16-Sep-2026,87.27,87.69,85.05,86.24,87.03,40282,34.75,1217,20051.0,49.78
ETERNAL, 16-Sep-2026,316.25,318.35,310.8,317.0,315.25,11286053,35602.52,79951,5153853.0,45.67
ETHOSLTD, 16-Sep-2026,2602.0,2639.0,2520.0,2612.5,2574.1,47503,1229.17,10372,24155.0,50.85
ETML, 16-Sep-2026,80.1,80.2,79.9,80.0,80.05,22800,18.26,10,20400.0,89.47
EUREKAFORB, 16-Sep-2026,396.0,401.15,385.0,394.15,394.3,218699,858.99,8683,127953.0,58.51
EUROBOND, 16-Sep-2026,148.0,150.0,144.01,149.84,146.98,1652,2.43,67,1480.0,89.59
EUROPRATIK, 16-Sep-2026,241.0,249.35,233.5,240.05,240.5,153538,364.88,3242,36929.0,24.05
EVEREADY, 16-Sep-2026,337.0,341.8,327.9,333.95,336.75,61719,205.8,2407,27793.0,45.03
EVIETF, 16-Sep-2026,31.74,33.33,31.11,31.84,31.35,59450,18.7,636,30596.0,51.47
EVINDIA, 16-Sep-2026,31.5,31.65,31.17,31.5,31.5,129716,40.79,1437,85834.0,66.17
EXCELINDUS, 16-Sep-2026,980.2,980.2,940.1,966.8,965.7,12959,123.68,1590,4264.0,32.9
EXCELLENT, 16-Sep-2026,198.0,198.0,198.0,198.0,207.0,1600,3.17,1,1600.0,100.0
EXCELSOFT, 16-Sep-2026,78.59,82.0,75.31,80.17,77.63,2760983,2213.35,14588,707630.0,25.63
EXICOM, 16-Sep-2026,169.5,171.99,156.29,162.72,168.43,1815871,2950.28,26147,635274.0,34.98
EXIDEIND, 16-Sep-2026,407.8,419.65,407.8,415.5,409.2,2177347,9040.13,57858,1015844.0,46.66
EXIMROUTES, 16-Sep-2026,104.0,104.0,99.0,99.25,104.0,10400,10.39,13,10400.0,100.0
EXPLEOSOL, 16-Sep-2026,867.0,890.0,842.0,879.85,862.6,44424,382.77,3619,22309.0,50.22
EXXARO, 16-Sep-2026,6.48,6.48,6.22,6.25,6.35,128126,8.04,387,114557.0,89.41
FABTECH, 16-Sep-2026,145.75,146.68,142.52,145.66,146.3,55594,80.47,808,30321.0,54.54
FACT, 16-Sep-2026,754.55,756.35,740.05,749.0,754.55,76634,574.12,6063,19295.0,25.18
FALCONTECH, 16-Sep-2026,12.6,13.2,12.6,13.0,12.9,28800,3.72,14,28800.0,100.0
FASCINATE, 16-Sep-2026,48.0,48.0,48.0,48.0,50.5,15200,7.3,15,15200.0,100.0
FAZE3Q, 16-Sep-2026,467.85,475.05,445.0,447.2,467.85,33939,153.32,1344,21410.0,63.08
FCL, 16-Sep-2026,53.48,54.13,49.34,53.07,53.88,29438708,15205.31,97828,7872738.0,26.74
FCSSOFT, 16-Sep-2026,1.43,1.43,1.4,1.41,1.42,1385664,19.55,968,888834.0,64.14
FDC, 16-Sep-2026,350.7,358.8,340.05,350.2,349.7,238731,837.0,7965,117113.0,49.06
FEDDERSHOL, 16-Sep-2026,49.5,52.25,49.5,50.81,49.14,4985896,2523.43,11826,1274167.0,25.56
FEDERALBNK, 16-Sep-2026,341.8,346.0,340.1,341.8,343.0,2857474,9790.13,51293,1736303.0,60.76
FEDFINA, 16-Sep-2026,153.51,155.62,148.41,150.76,153.51,854914,1289.85,11396,455715.0,53.31
FELIX, 16-Sep-2026,210.5,211.0,200.25,205.6,211.35,66000,135.17,100,30500.0,46.21
FERMENTA, 16-Sep-2026,472.15,477.9,450.0,470.0,471.0,111404,518.9,5968,62920.0,56.48
FIBERWEB, 16-Sep-2026,25.76,26.9,25.07,26.08,25.63,22525,5.83,199,14245.0,63.24
FIDEL, 16-Sep-2026,156.4,156.4,150.0,150.0,158.0,5000,7.64,4,5000.0,100.0
FIEMIND, 16-Sep-2026,1938.1,1965.0,1913.7,1927.9,1938.1,64556,1251.55,9020,33494.0,51.88
FILATEX, 16-Sep-2026,81.0,88.0,80.3,87.22,82.41,4978051,4232.47,33647,1646746.0,33.08
FILATFASH, 16-Sep-2026,0.18,0.19,0.18,0.18,0.18,11830382,21.77,1583,10413295.0,88.02
FINBUD, 16-Sep-2026,126.0,126.1,121.25,125.0,126.95,17000,21.21,16,17000.0,100.0
FINCABLES, 16-Sep-2026,1344.2,1394.9,1299.1,1362.6,1339.9,1264308,17103.49,62291,292414.0,23.13
FINEORG, 16-Sep-2026,5115.0,5249.0,5037.5,5193.0,5153.5,36658,1875.05,9348,21898.0,59.74
FINIETF, 16-Sep-2026,31.65,31.83,31.28,31.61,31.64,202174,63.78,1202,95419.0,47.2
FINKURVE, 16-Sep-2026,72.6,78.99,71.2,72.99,72.68,420501,317.51,5087,96807.0,23.02
FINOPB, 16-Sep-2026,141.23,146.8,135.2,136.05,137.73,504308,702.41,7964,112967.0,22.4
FINPIPE, 16-Sep-2026,152.0,152.76,148.05,151.05,151.33,388076,583.59,9372,195211.0,50.3
FIRSTCRY, 16-Sep-2026,170.5,173.39,165.01,170.02,171.53,5950243,10098.41,58483,971755.0,16.33
FISCHER, 16-Sep-2026,34.7,34.71,32.96,33.5,34.02,366426,123.17,1760,176977.0,48.3
FIVESTAR, 16-Sep-2026,544.65,552.65,532.3,549.4,541.95,549733,3001.35,52577,238719.0,43.42
FLAIR, 16-Sep-2026,234.1,236.17,228.0,231.89,233.73,67634,157.08,1951,30928.0,45.73
FLEXIADD, 16-Sep-2026,9.69,9.73,9.6,9.68,9.67,133274,12.9,459,118674.0,89.05
FLUOROCHEM, 16-Sep-2026,4602.0,4620.0,4439.6,4533.6,4601.3,104607,4736.52,16669,60999.0,58.31
FLYSBS, 16-Sep-2026,654.2,674.4,612.0,661.1,650.95,151400,974.52,450,100000.0,66.05
FMCGADD, 16-Sep-2026,45.65,45.98,45.33,45.94,45.65,27665,12.64,72,12720.0,45.98
FMCGIETF, 16-Sep-2026,48.5,49.2,48.49,49.14,48.49,1672884,820.56,4054,974027.0,58.22
FMGOETZE, 16-Sep-2026,447.9,453.65,432.5,446.8,445.65,286717,1267.89,9503,78400.0,27.34
FMNL, 16-Sep-2026,9.11,9.3,9.1,9.28,9.09,4137,0.38,57,3997.0,96.62
FONEBOX, 16-Sep-2026,136.15,136.5,126.1,132.55,131.25,27000,35.61,24,17000.0,62.96
FOODSIN, 16-Sep-2026,52.64,53.98,49.15,51.98,53.49,138960,71.49,2707,70266.0,50.57
FORCAS, 16-Sep-2026,195.65,204.95,195.65,202.45,205.9,27200,53.61,14,25600.0,94.12
FORCEMOT, 16-Sep-2026,17300.0,17501.0,17187.0,17383.0,17245.0,56841,9861.24,17379,20678.0,36.38
FORGEAUTO, 16-Sep-2026,99.5,99.5,95.95,95.95,100.95,6000,5.8,5,4800.0,80.0
FORTIS, 16-Sep-2026,880.0,880.1,861.4,870.3,880.1,1094839,9520.45,37379,633528.0,57.86
FOSECOIND, 16-Sep-2026,6224.5,7040.0,6141.0,6846.5,6223.5,178685,12101.88,41031,28436.0,15.91
FRACTAL, 16-Sep-2026,750.0,751.0,735.0,738.6,748.1,166944,1238.96,11075,83193.0,49.83
FREDUN, 16-Sep-2026,1322.5,1345.8,1195.2,1221.6,1327.9,306726,3754.86,15302,135993.0,44.34
FRESHARA, 16-Sep-2026,440.0,451.95,437.75,444.5,460.75,30000,132.16,42,30000.0,100.0
FROG, 16-Sep-2026,265.0,296.85,265.0,290.95,265.0,82800,235.23,176,48400.0,58.45
FRONTSP, 16-Sep-2026,1225.0,1225.0,1178.1,1185.8,1226.6,22377,266.71,2864,11246.0,50.26
FSL, 16-Sep-2026,278.0,280.95,268.5,277.75,283.35,4437986,12150.66,54576,706858.0,15.93
FUSION, 16-Sep-2026,186.68,188.97,182.13,182.73,188.18,528710,974.63,13777,238135.0,45.04
FWSTC, 16-Sep-2026,180.0,180.0,180.0,180.0,185.0,1200,2.16,2,1200.0,100.0
GABRIEL, 16-Sep-2026,1292.4,1309.4,1268.2,1295.7,1300.5,275589,3554.38,33730,150411.0,54.58
GAEL, 16-Sep-2026,159.0,159.51,152.64,157.16,158.72,1060772,1663.11,31087,535280.0,50.46
GAIL, 16-Sep-2026,170.88,171.88,168.72,170.65,170.88,3949470,6727.32,55399,2501177.0,63.33
GAJA, 16-Sep-2026,142.73,144.45,137.5,138.83,142.55,551950,772.32,7514,199928.0,36.22
GAJANAND, 16-Sep-2026,7.95,7.95,7.95,7.95,8.0,3000,0.24,1,3000.0,100.0
GALAPREC, 16-Sep-2026,986.6,1016.8,969.0,999.9,992.1,30901,306.34,3981,17477.0,56.56
GALAXYSURF, 16-Sep-2026,2112.9,2171.6,2078.7,2156.3,2127.3,26358,562.23,5634,12983.0,49.26
GALLANTT, 16-Sep-2026,539.6,542.9,521.5,524.95,534.65,147112,776.22,7852,81956.0,55.71
GANDHAR, 16-Sep-2026,262.45,262.95,247.05,258.95,260.45,888416,2272.24,14700,344531.0,38.78
GANDHITUBE, 16-Sep-2026,851.0,914.5,850.0,900.9,871.2,9851,87.22,764,5756.0,58.43
GANECOS, 16-Sep-2026,1007.0,1016.0,983.2,1000.2,1007.0,45692,457.65,3433,14333.0,31.37
GANESHCP, 16-Sep-2026,163.5,164.32,160.42,163.07,163.79,61120,99.26,1484,33283.0,54.46
GANESHHOU, 16-Sep-2026,745.1,754.95,726.3,740.65,745.1,25380,186.62,1659,15900.0,62.65
GANESHIN, 16-Sep-2026,97.1,97.1,93.0,93.35,97.2,41600,39.44,39,40800.0,98.08
GANGABATH, 16-Sep-2026,19.2,20.05,19.2,20.05,20.0,12000,2.33,4,9000.0,75.0
GANGAFORGE, 16-Sep-2026,1.64,1.65,1.58,1.59,1.63,1340813,21.56,1043,939801.0,70.09
GANGESSECU, 16-Sep-2026,113.52,117.0,113.0,115.01,113.52,403,0.47,12,340.0,84.37
GARFIBRES, 16-Sep-2026,781.95,804.75,762.15,800.6,785.5,44337,348.79,5567,20522.0,46.29
GARUDA, 16-Sep-2026,175.25,177.98,170.7,175.98,176.05,449765,784.21,7144,156683.0,34.84
GATEWAY, 16-Sep-2026,52.37,53.5,51.51,52.34,52.49,366855,191.35,3655,186716.0,50.9
GAUDIUMIVF, 16-Sep-2026,115.01,118.9,111.4,116.42,114.42,135695,156.2,1616,81898.0,60.35
GAYAHWS, 16-Sep-2026,1.92,1.93,1.81,1.84,1.88,205869,3.87,285,143655.0,69.78
GAYAPROJ, 16-Sep-2026,26.4,27.0,24.85,24.85,26.15,1543449,388.77,3121,846636.0,54.85
GCHOTELS, 16-Sep-2026,100.5,110.65,100.15,108.7,105.4,54000,57.01,54,48600.0,90.0
GCSL, 16-Sep-2026,604.6,604.6,560.0,594.75,601.55,1045600,6091.98,9179,319151.0,30.52
GEEKAYWIRE, 16-Sep-2026,31.1,31.72,29.05,30.56,29.34,540043,164.27,3583,278646.0,51.6
GEMAROMA, 16-Sep-2026,156.7,158.82,154.0,156.07,158.08,65058,101.64,1083,29792.0,45.79
GENCON, 16-Sep-2026,42.98,42.98,38.11,39.02,39.67,364890,141.94,1675,87023.0,23.85
GENESYS, 16-Sep-2026,289.0,295.88,270.1,276.71,285.51,1018076,2863.95,23295,219653.0,21.58
GENUSPAPER, 16-Sep-2026,11.38,11.74,10.87,11.11,11.38,117821,13.15,496,92454.0,78.47
GENUSPOWER, 16-Sep-2026,306.0,307.2,291.0,301.55,306.5,1972232,5880.93,37410,879082.0,44.57
GENXAI, 16-Sep-2026,78.0,78.5,76.5,78.5,78.0,7200,5.57,6,4800.0,66.67
GEOJITFSL, 16-Sep-2026,77.5,78.0,75.36,76.9,77.27,227487,174.08,3644,103504.0,45.5
GESHIP, 16-Sep-2026,1390.4,1395.0,1358.8,1391.6,1390.4,736615,10187.03,52300,406730.0,55.22
GFLLIMITED, 16-Sep-2026,54.18,56.23,53.49,54.65,54.69,50994,27.75,987,28220.0,55.34
GGBL, 16-Sep-2026,208.0,210.0,202.05,207.0,206.65,31200,64.26,93,22200.0,71.15
GHCL, 16-Sep-2026,423.0,424.5,415.0,418.85,423.15,128473,538.4,6630,68348.0,53.2
GHCLTEXTIL, 16-Sep-2026,119.0,124.08,117.03,121.68,119.62,550150,665.89,10575,259036.0,47.08
GICHSGFIN, 16-Sep-2026,135.4,136.0,132.94,134.92,134.89,64056,86.03,1344,34848.0,54.4
GICRE, 16-Sep-2026,340.45,342.15,337.0,337.75,338.2,328457,1112.18,10764,169903.0,51.73
GILLANDERS, 16-Sep-2026,102.4,105.01,102.4,103.0,102.91,3145,3.26,31,3065.0,97.46
GILLETTE, 16-Sep-2026,7249.0,7295.5,7180.0,7275.5,7248.5,7886,572.27,2814,4653.0,59.0
GILT10BETA, 16-Sep-2026,26.08,26.61,26.0,26.59,26.21,464,0.12,14,436.0,93.97
GILT5BETA, 16-Sep-2026,66.57,66.99,65.61,66.79,65.66,838,0.56,13,813.0,97.02
GILT5YBEES, 16-Sep-2026,66.7,66.7,65.58,65.74,65.72,141028,92.68,368,102304.0,72.54
GIPCL, 16-Sep-2026,187.0,191.75,181.1,185.14,188.31,490068,907.92,9535,250706.0,51.16
GIRIRAJ, 16-Sep-2026,93.1,93.1,84.3,84.3,88.7,13000,12.03,21,13000.0,100.0
GJL, 16-Sep-2026,292.95,292.95,291.0,292.05,279.0,4800,14.02,6,4800.0,100.0
GKB, 16-Sep-2026,65.8,66.12,62.2,62.37,67.42,916,0.6,16,906.0,98.91
GKENERGY, 16-Sep-2026,122.5,123.6,119.61,119.91,123.57,358279,432.69,4190,199544.0,55.7
GKSL, 16-Sep-2026,173.99,175.83,163.94,172.33,173.6,505195,861.22,7383,253600.0,50.2
GKWLIMITED, 16-Sep-2026,1551.0,1607.0,1522.9,1589.2,1554.0,251,3.96,51,194.0,77.29
GLAND, 16-Sep-2026,2877.0,2914.2,2792.4,2826.6,2895.5,748751,21243.41,58816,464467.0,62.03
GLASSWALL, 16-Sep-2026,194.0,229.0,185.2,214.85,182.0,50839300,105361.07,470443,14081253.0,27.7
GLAXO, 16-Sep-2026,2818.0,2878.0,2755.9,2856.2,2818.9,85460,2407.38,13310,47323.0,55.37
GLENMARK, 16-Sep-2026,2371.7,2425.8,2306.3,2410.0,2371.7,677704,16038.66,43737,313621.0,46.28
GLFL, 16-Sep-2026,5.4,5.4,5.01,5.35,5.26,5706,0.3,10,5171.0,90.62
GLOBAL, 16-Sep-2026,127.0,131.98,124.5,128.89,126.23,214392,274.95,2851,89524.0,41.76
GLOBALE, 16-Sep-2026,11.7,11.7,11.12,11.12,11.7,284,0.03,11,158.0,55.63
GLOBALVECT, 16-Sep-2026,129.5,134.39,125.5,126.96,129.84,9529,12.27,359,7204.0,75.6
GLOBE, 16-Sep-2026,1.79,1.79,1.75,1.77,1.76,179969,3.19,228,162704.0,90.41
GLOBECIVIL, 16-Sep-2026,44.9,45.44,42.03,42.56,43.5,61442,26.43,1318,26560.0,43.23
GLOBUSSPR, 16-Sep-2026,825.0,844.0,810.9,839.05,820.55,57697,479.26,4488,26028.0,45.11
GLOSTERLTD, 16-Sep-2026,575.0,589.9,570.0,578.95,575.1,465,2.69,73,405.0,87.1
GLOTTIS, 16-Sep-2026,59.03,59.03,57.0,58.01,59.03,34936,20.27,916,18863.0,53.99
GMBREW, 16-Sep-2026,905.7,917.0,883.05,912.65,905.7,29171,264.67,2642,12617.0,43.25
GMDCLTD, 16-Sep-2026,553.45,557.0,535.05,543.35,553.45,801915,4355.87,27217,296105.0,36.92
GML, 16-Sep-2026,16.35,17.45,16.35,17.45,16.9,6000,1.0,3,4000.0,66.67
GMMPFAUDLR, 16-Sep-2026,1348.0,1355.0,1300.1,1335.0,1348.0,586784,7812.27,40949,253776.0,43.25
GMRAIRPORT, 16-Sep-2026,93.15,93.81,91.99,92.46,92.97,8814802,8169.27,50928,4757667.0,53.97
GMRP&UI, 16-Sep-2026,89.91,94.2,88.12,93.16,90.35,2290502,2104.79,20692,677316.0,29.57
GNA, 16-Sep-2026,533.0,539.7,504.2,529.85,532.6,210288,1100.38,9316,93485.0,44.46
GNFC, 16-Sep-2026,540.6,545.6,528.8,539.75,540.6,367982,1978.64,15823,138954.0,37.76
GNRL, 16-Sep-2026,102.8,102.8,99.1,99.87,102.54,92414,92.75,2378,44146.0,47.77
GOACARBON, 16-Sep-2026,388.75,400.0,384.0,390.6,384.9,37318,146.43,1714,12957.0,34.72
GOCLCORP, 16-Sep-2026,440.0,440.0,415.85,428.4,435.65,199597,848.58,7494,96201.0,48.2
GOCOLORS, 16-Sep-2026,306.8,310.2,298.0,303.6,304.9,79421,240.79,2828,30290.0,38.14
GODAVARIB, 16-Sep-2026,226.63,258.87,224.0,236.94,226.63,9406369,23169.83,132041,265865.0,2.83
GODFRYPHLP, 16-Sep-2026,1924.0,1938.7,1895.0,1934.0,1915.0,167013,3206.18,14193,50950.0,30.51
GODIGIT, 16-Sep-2026,252.6,254.95,248.25,250.9,251.5,155492,391.07,5393,90881.0,58.45
GODREJAGRO, 16-Sep-2026,644.0,650.0,630.1,647.35,645.3,125139,800.25,6684,46176.0,36.9
GODREJCP, 16-Sep-2026,856.0,876.85,856.0,863.0,857.0,1427742,12444.14,22881,835295.0,58.5
GODREJIND, 16-Sep-2026,1107.0,1172.0,1078.0,1136.5,1104.0,463606,5269.84,31484,62673.0,13.52
GODREJPROP, 16-Sep-2026,1666.9,1703.7,1647.6,1665.3,1659.3,783588,13149.71,44260,264359.0,33.74
GOKEX, 16-Sep-2026,741.2,743.15,705.95,725.35,743.3,273049,1969.18,21367,125623.0,46.01
GOKUL, 16-Sep-2026,40.65,40.65,38.75,39.39,39.92,157381,61.88,957,31832.0,20.23
GOKULAGRO, 16-Sep-2026,219.8,219.96,213.01,218.43,218.69,222970,483.63,9921,99855.0,44.78
GOLD1, 16-Sep-2026,125.53,126.35,125.53,126.08,124.66,3393728,4272.68,10272,2110711.0,62.19
GOLD360, 16-Sep-2026,146.2,147.8,137.15,147.35,145.8,130306,190.38,405,80475.0,61.76
GOLDADD, 16-Sep-2026,14.72,14.77,14.63,14.69,14.5,3004420,441.17,3495,2279824.0,75.88
GOLDAXIS, 16-Sep-2026,125.79,125.98,125.4,125.92,124.35,1451503,1824.91,2217,1164589.0,80.23
GOLDBEES, 16-Sep-2026,124.6,125.05,124.43,124.91,123.62,13858810,17291.34,69426,6818306.0,49.2
GOLDBETA, 16-Sep-2026,127.35,127.4,126.65,127.15,126.05,386720,491.32,1804,260687.0,67.41
GOLDBND, 16-Sep-2026,149.7,152.28,149.7,151.13,149.43,14446,21.81,155,10201.0,70.61
GOLDCASE, 16-Sep-2026,23.68,23.82,23.68,23.78,23.51,6622272,1573.22,7788,2533672.0,38.26
GOLDETF, 16-Sep-2026,146.77,147.0,146.33,146.81,145.49,1182514,1734.74,4574,634333.0,53.64
GOLDIAM, 16-Sep-2026,324.7,329.95,317.0,321.8,324.15,408492,1317.28,12118,155407.0,38.04
GOLDIETF, 16-Sep-2026,129.15,129.6,128.93,129.44,127.94,2824470,3652.43,20907,1777479.0,62.93
GOLDSTAR, 16-Sep-2026,8.35,8.6,8.35,8.6,8.2,112500,9.6,10,101250.0,90.0
GOODLUCK, 16-Sep-2026,519.15,527.05,495.5,510.3,519.15,533794,2700.07,20294,205784.0,38.55
GOODYEAR, 16-Sep-2026,720.0,729.8,708.1,712.05,712.95,3200,22.89,468,2271.0,70.97
GOPAL, 16-Sep-2026,249.3,257.95,248.0,254.4,249.3,117717,296.61,5075,58404.0,49.61
GOYALALUM, 16-Sep-2026,5.93,6.08,5.81,5.9,5.93,32092,1.9,340,20426.0,63.65
GOYALSALT, 16-Sep-2026,105.0,105.0,102.0,103.0,102.6,2400,2.47,4,2400.0,100.0
GPECO, 16-Sep-2026,402.0,402.0,391.7,395.0,398.8,4800,19.01,21,3800.0,79.17
GPIL, 16-Sep-2026,237.68,238.0,231.24,236.49,237.16,1238726,2903.48,19185,574873.0,46.41
GPPL, 16-Sep-2026,162.15,163.3,158.35,162.24,161.18,1409967,2269.87,21942,766963.0,54.4
GPTHEALTH, 16-Sep-2026,158.42,164.06,155.0,163.3,159.45,135814,219.22,3883,66429.0,48.91
GPTINFRA, 16-Sep-2026,111.72,112.51,109.65,111.0,111.72,114845,127.68,1414,54387.0,47.36
GRANDOAK, 16-Sep-2026,34.8,36.43,34.0,34.08,34.89,1703,0.59,176,1166.0,68.47
GRANULES, 16-Sep-2026,869.0,872.0,829.0,835.6,872.6,2651978,22485.49,68121,1418384.0,53.48
GRAPHISAD, 16-Sep-2026,25.3,25.8,25.3,25.5,25.3,6000,1.54,5,6000.0,100.0
GRAPHITE, 16-Sep-2026,785.0,818.7,774.6,805.05,781.5,3021853,24199.3,81140,592850.0,19.62
GRASIM, 16-Sep-2026,3190.0,3201.8,3159.1,3187.0,3171.0,859973,27424.58,35055,579172.0,67.35
GRAUWEIL, 16-Sep-2026,73.2,75.04,70.4,73.56,73.08,517563,378.54,4458,233488.0,45.11
GRAVISSHO, 16-Sep-2026,49.0,49.9,42.28,42.37,46.97,94415,41.98,652,56727.0,60.08
GRAVITA, 16-Sep-2026,1639.3,1646.5,1601.3,1622.7,1639.0,100063,1626.05,13594,48852.0,48.82
GRCL, 16-Sep-2026,580.0,580.0,580.0,580.0,577.5,250,1.45,1,250.0,100.0
GREAVESCOT, 16-Sep-2026,186.05,187.7,178.71,185.64,187.13,949927,1746.03,13287,431305.0,45.4
GREENCHEF, 16-Sep-2026,69.0,71.0,65.0,68.5,69.75,13600,9.35,14,11200.0,82.35
GREENLAM, 16-Sep-2026,227.7,232.08,221.67,230.86,226.57,29337,66.88,1173,17945.0,61.17
GREENLEAF, 16-Sep-2026,111.8,114.45,111.8,114.4,109.25,6000,6.79,6,6000.0,100.0
GREENPANEL, 16-Sep-2026,152.7,154.25,148.51,152.77,151.24,620970,946.88,8052,468034.0,75.37
GREENPLY, 16-Sep-2026,275.0,284.2,275.0,281.1,280.1,99357,277.58,3003,47146.0,47.45
GREENPOWER, 16-Sep-2026,9.21,9.21,8.91,9.06,9.09,2506910,226.41,4774,1257245.0,50.15
GRINDWELL, 16-Sep-2026,1824.7,1867.9,1818.5,1852.9,1825.9,21384,395.37,5156,12558.0,58.73
GRINFRA, 16-Sep-2026,835.0,840.55,815.6,819.05,838.15,25372,208.29,3625,15696.0,61.86
GRMOVER, 16-Sep-2026,82.6,83.85,79.34,82.02,82.7,1077928,878.42,7855,350629.0,32.53
GROBTEA, 16-Sep-2026,959.4,959.4,938.2,938.95,941.7,13,0.12,8,13.0,100.0
GROWW, 16-Sep-2026,194.0,194.56,188.4,189.76,197.59,147977809,282943.93,223196,112965719.0,76.34
GROWWCAPM, 16-Sep-2026,11.1,11.15,10.85,11.03,11.1,832378,91.35,1577,585434.0,70.33
GROWWCHEM, 16-Sep-2026,29.24,29.24,28.33,28.97,29.24,48615,14.01,385,16981.0,34.93
GROWWDEFNC, 16-Sep-2026,91.97,93.0,89.23,91.79,91.97,460123,418.4,4506,249502.0,54.23
GROWWEV, 16-Sep-2026,31.58,31.58,31.03,31.21,31.48,298822,93.45,1712,172106.0,57.59
GROWWGOLD, 16-Sep-2026,14.75,14.78,14.7,14.76,14.6,1752135,258.37,3469,954707.0,54.49
GROWWHOSPI, 16-Sep-2026,51.92,52.35,50.57,51.14,51.92,332991,170.35,1645,154617.0,46.43
GROWWLIQID, 16-Sep-2026,110.87,110.87,110.76,110.76,110.75,243164,269.35,176,172546.0,70.96
GROWWLOVOL, 16-Sep-2026,10.11,10.11,9.91,10.05,10.11,14072,1.41,88,10516.0,74.73
GROWWMC150, 16-Sep-2026,225.3,227.99,221.53,224.33,226.5,399,0.89,46,210.0,52.63
GROWWMETAL, 16-Sep-2026,12.38,12.38,11.97,12.05,12.14,453032,54.81,1256,220865.0,48.75
GROWWMOM50, 16-Sep-2026,10.65,10.69,10.46,10.66,10.65,155290,16.5,531,123634.0,79.61
GROWWN200, 16-Sep-2026,10.92,11.25,10.82,10.94,10.92,53232,5.82,237,28994.0,54.47
GROWWNET, 16-Sep-2026,10.64,10.94,10.49,10.72,10.7,1809603,192.36,762,1098834.0,60.72
GROWWNIFTY, 16-Sep-2026,9.44,9.45,9.33,9.43,9.41,752550,70.75,3369,401889.0,53.4
GROWWNXT50, 16-Sep-2026,72.68,72.68,70.01,72.43,71.8,7750,5.5,129,2744.0,35.41
GROWWPOWER, 16-Sep-2026,11.24,11.24,10.85,10.93,11.02,1833790,200.86,3230,980803.0,53.49
GROWWPSE, 16-Sep-2026,97.68,97.68,94.85,95.52,96.11,3791,3.62,109,3216.0,84.83
GROWWPSUBK, 16-Sep-2026,82.88,83.79,81.35,83.33,82.08,5330,4.41,148,2068.0,38.8
GROWWRAIL, 16-Sep-2026,26.87,27.0,26.4,26.75,26.86,720691,192.0,4153,380171.0,52.75
GROWWRLTY, 16-Sep-2026,9.39,9.39,9.05,9.28,9.22,366826,33.65,703,277872.0,75.75
GROWWSC250, 16-Sep-2026,10.52,10.59,10.1,10.41,10.38,283009,29.16,765,121652.0,42.99
GROWWSLVR, 16-Sep-2026,22.5,22.5,22.31,22.38,22.0,1498334,335.81,2634,661182.0,44.13
GRPLTD, 16-Sep-2026,2046.2,2046.2,1916.1,1979.3,2046.2,2182,42.86,372,1201.0,55.04
GRSE, 16-Sep-2026,2370.0,2370.0,2290.0,2314.6,2358.8,428399,9929.61,33448,143823.0,33.57
GRWRHITECH, 16-Sep-2026,6625.0,6640.0,6392.0,6431.0,6603.5,63165,4088.18,13118,35485.0,56.18
GSEC10ABSL, 16-Sep-2026,111.24,111.92,111.24,111.92,112.59,16,0.02,2,10.0,62.5
GSEC10IETF, 16-Sep-2026,262.81,263.5,255.0,262.2,263.08,203235,534.37,57,190082.0,93.53
GSEC10YEAR, 16-Sep-2026,30.04,30.47,30.04,30.19,30.05,1875,0.57,15,1831.0,97.65
GSEC5IETF, 16-Sep-2026,66.17,66.74,65.56,65.62,65.85,3276,2.16,25,1830.0,55.86
GSFC, 16-Sep-2026,151.85,152.24,147.15,149.16,151.55,1062067,1581.4,13768,453083.0,42.66
GSLSU, 16-Sep-2026,27.15,28.77,27.11,27.51,28.0,34366,9.47,345,18999.0,55.28
GSMFOILS, 16-Sep-2026,81.75,85.85,81.75,85.85,81.8,269000,230.12,250,209500.0,77.88
GSPCROP, 16-Sep-2026,473.1,489.0,472.0,482.95,472.35,504025,2407.46,6458,106505.0,21.13
GSS, 16-Sep-2026,10.47,10.47,9.6,10.08,10.22,28633,2.87,212,19408.0,67.78
GSTL, 16-Sep-2026,10.45,10.95,9.95,10.95,10.45,25000,2.64,15,21000.0,84.0
GTECJAINX, 16-Sep-2026,28.3,29.0,27.11,27.61,29.31,5433,1.53,41,5220.0,96.08
GTL, 16-Sep-2026,7.01,7.25,6.95,7.1,7.08,144365,10.21,603,97598.0,67.61
GTLINFRA, 16-Sep-2026,1.13,1.14,1.11,1.11,1.13,25238570,283.18,12027,13291607.0,52.66
GTPL, 16-Sep-2026,57.11,58.74,55.8,56.46,57.83,49981,28.46,958,31450.0,62.92
GUFICBIO, 16-Sep-2026,424.45,424.45,404.1,419.85,425.1,112795,465.79,4678,74691.0,66.22
GUJALKALI, 16-Sep-2026,692.0,709.55,674.0,696.5,692.7,88806,613.35,6872,31280.0,35.22
GUJAPOLLO, 16-Sep-2026,340.0,344.0,332.2,338.1,340.85,50739,171.51,523,45836.0,90.34
GUJENERGY, 16-Sep-2026,244.36,245.87,241.5,244.24,243.56,1082398,2636.49,24082,506275.0,46.77
GUJRAFFIA, 16-Sep-2026,42.35,42.35,40.05,40.23,40.26,2348,0.96,48,2108.0,89.78
GUJTHEM, 16-Sep-2026,425.9,427.95,401.95,412.6,430.45,394301,1620.09,14900,180647.0,45.81
GULFOILLUB, 16-Sep-2026,1057.3,1065.2,1032.8,1057.2,1057.3,25186,265.71,4709,12825.0,50.92
GULPOLY, 16-Sep-2026,170.6,170.6,165.06,168.89,170.03,135723,227.81,2876,58788.0,43.31
GVPIL, 16-Sep-2026,628.95,630.0,597.75,616.1,620.05,128227,789.81,6315,59078.0,46.07
GVT&D, 16-Sep-2026,4238.1,4315.7,4149.7,4267.0,4246.9,717611,30400.46,80938,374701.0,52.22
GYFTR, 16-Sep-2026,176.1,182.1,176.1,178.11,178.62,19937,35.58,378,14394.0,72.2
HAL, 16-Sep-2026,4690.0,4709.6,4615.8,4695.6,4695.0,679509,31762.38,54067,311941.0,45.91
HALDER, 16-Sep-2026,258.0,288.5,258.0,285.95,265.9,21626,60.11,175,5330.0,24.65
HALEOSLABS, 16-Sep-2026,1450.6,1524.0,1450.6,1507.9,1488.9,2124,31.8,149,1920.0,90.4
HAMPTON, 16-Sep-2026,8.0,8.72,7.85,8.55,7.95,314251,26.84,135,309890.0,98.61
HAPPSTMNDS, 16-Sep-2026,327.85,333.9,322.85,327.45,325.6,953262,3133.38,17107,287290.0,30.14
HAPPY, 16-Sep-2026,84.0,84.0,78.0,82.9,84.2,72000,58.41,32,50000.0,69.44
HAPPYFORGE, 16-Sep-2026,2065.0,2178.0,2065.0,2155.9,2074.3,168189,3611.3,20890,94546.0,56.21
HARDWYN, 16-Sep-2026,9.05,9.11,8.97,9.04,9.06,2829919,256.66,946,2057565.0,72.71
HARIOMPIPE, 16-Sep-2026,348.0,356.95,346.1,350.35,351.6,104808,367.51,4464,50983.0,48.64
HARRMALAYA, 16-Sep-2026,182.7,182.7,176.44,178.71,182.6,4508,8.1,320,2946.0,65.35
HARSHA, 16-Sep-2026,425.0,432.2,407.85,430.0,424.7,189658,803.5,7805,112332.0,59.23
HATHWAY, 16-Sep-2026,9.94,10.12,9.86,10.0,9.95,1263943,126.17,2353,530706.0,41.99
HATSUN, 16-Sep-2026,1273.1,1275.0,1206.1,1214.0,1275.0,88440,1087.68,12115,32556.0,36.81
HAVELLS, 16-Sep-2026,1093.0,1106.9,1084.8,1089.9,1087.0,726459,7950.52,41262,452066.0,62.23
HAVISHA, 16-Sep-2026,1.34,1.39,1.3,1.33,1.31,18072,0.24,99,16028.0,88.69
HAWKINCOOK, 16-Sep-2026,8375.0,8375.0,8200.0,8296.5,8381.5,1644,136.25,749,1242.0,75.55
HAZOOR, 16-Sep-2026,18.8,19.29,18.01,18.51,18.74,194145,36.35,723,124717.0,64.24
HBESD, 16-Sep-2026,69.01,74.01,69.0,71.02,71.5,319,0.23,34,282.0,88.4
HBLENGINE, 16-Sep-2026,719.0,719.0,692.0,704.65,720.15,831268,5840.96,30898,316485.0,38.07
HBPOR, 16-Sep-2026,65.0,65.0,59.0,62.3,59.99,1402,0.88,66,1163.0,82.95
HBSL, 16-Sep-2026,53.11,53.11,50.55,52.24,52.85,1508,0.79,42,1228.0,81.43
HCC, 16-Sep-2026,21.4,21.44,20.64,21.04,21.32,21826373,4573.9,32496,7027380.0,32.2
HCG, 16-Sep-2026,678.3,684.3,644.95,674.15,678.3,241632,1605.78,17547,143517.0,59.39
HCL-INSYS, 16-Sep-2026,10.15,10.15,10.0,10.0,10.01,104971,10.54,595,82314.0,78.42
HCLTECH, 16-Sep-2026,1262.5,1284.6,1244.9,1253.0,1253.7,3049093,38554.63,81049,1304259.0,42.78
HDBFS, 16-Sep-2026,664.7,678.8,662.7,678.0,664.7,294552,1984.87,14815,186132.0,63.19
HDFCAMC, 16-Sep-2026,2383.1,2408.5,2360.0,2373.1,2409.0,482108,11490.49,48205,283512.0,58.81
HDFCBANK, 16-Sep-2026,714.9,725.4,710.85,721.5,716.55,27476943,197439.29,234534,17639763.0,64.2
HDFCBSE500, 16-Sep-2026,36.0,36.99,35.6,36.59,36.33,1443873,524.04,251,1408629.0,97.56
HDFCGOLD, 16-Sep-2026,128.8,129.39,128.61,129.11,127.88,2989552,3855.22,6735,1788588.0,59.83
HDFCGROWTH, 16-Sep-2026,117.75,117.75,113.71,115.2,115.75,6856,7.9,138,3350.0,48.86
HDFCLIFE, 16-Sep-2026,522.0,534.0,517.0,530.2,516.1,3970025,20919.43,51711,2019506.0,50.87
HDFCLIQUID, 16-Sep-2026,1078.04,1078.06,1078.04,1078.05,1077.91,24738,266.69,59,20269.0,81.93
HDFCLOWVOL, 16-Sep-2026,19.87,19.95,19.63,19.8,19.87,3347,0.66,61,1663.0,49.69
HDFCMID150, 16-Sep-2026,22.71,22.79,22.39,22.72,22.71,527369,119.24,1621,263356.0,49.94
HDFCMOMENT, 16-Sep-2026,30.14,30.34,29.64,30.09,30.05,136259,40.66,762,83092.0,60.98
HDFCNEXT50, 16-Sep-2026,70.73,72.43,70.73,72.13,72.18,128348,92.36,769,52732.0,41.09
HDFCNIF100, 16-Sep-2026,25.18,25.28,25.0,25.24,25.18,38353,9.66,275,27853.0,72.62
HDFCNIFBAN, 16-Sep-2026,57.69,58.03,57.54,57.93,57.69,45470,26.31,332,26094.0,57.39
HDFCNIFIT, 16-Sep-2026,31.79,31.82,30.9,30.96,31.64,125151,39.14,351,58764.0,46.95
HDFCNIFTY, 16-Sep-2026,262.7,262.84,261.08,262.14,261.49,1280964,3357.09,4070,1208914.0,94.38
HDFCNIMEG, 16-Sep-2026,130.7,130.7,125.73,127.21,136.31,141137,179.45,496,99701.0,70.64
HDFCPSUBK, 16-Sep-2026,83.19,83.9,82.75,83.78,82.65,21240,17.73,167,14206.0,66.88
HDFCPVTBAN, 16-Sep-2026,27.76,27.93,27.65,27.8,27.76,134447,37.28,283,100575.0,74.81
HDFCQUAL, 16-Sep-2026,56.69,56.86,56.31,56.71,56.56,4138,2.34,58,1631.0,39.42
HDFCSENSEX, 16-Sep-2026,83.98,84.8,83.92,84.78,84.58,59228,50.12,474,50971.0,86.06
HDFCSILVER, 16-Sep-2026,217.75,219.27,217.75,218.6,214.48,2201761,4814.07,7280,931408.0,42.3
HDFCSML250, 16-Sep-2026,181.32,182.66,176.51,181.06,180.83,3533603,6336.67,24130,2312040.0,65.43
HDFCVALUE, 16-Sep-2026,122.95,123.55,121.22,121.57,121.73,12694,15.45,104,5135.0,40.45
HEADSUP, 16-Sep-2026,7.01,7.25,6.77,6.89,6.98,92166,6.38,151,88544.0,96.07
HEALTHADD, 16-Sep-2026,16.48,17.0,16.19,16.29,16.5,20520,3.36,89,10459.0,50.97
HEALTHAXIS, 16-Sep-2026,166.34,166.5,164.44,165.48,166.4,5023,8.31,77,3994.0,79.51
HEALTHCARE, 16-Sep-2026,21.82,21.82,19.26,21.33,21.39,21058,4.47,195,14671.0,69.67
HEALTHIETF, 16-Sep-2026,168.43,168.99,165.28,166.98,167.86,108076,180.15,4057,57118.0,52.85
HEALTHX, 16-Sep-2026,306.0,306.9,293.95,298.1,305.55,3534,10.67,89,2751.0,77.84
HEALTHY, 16-Sep-2026,16.84,17.15,16.6,16.77,16.84,358358,60.0,1121,187176.0,52.23
HECPROJECT, 16-Sep-2026,117.53,118.11,111.4,114.45,117.53,13832,15.78,215,9533.0,68.92
HEIDELBERG, 16-Sep-2026,145.77,145.93,139.95,141.2,145.97,291016,411.24,6317,139413.0,47.91
HEMIPROP, 16-Sep-2026,118.05,118.05,115.2,117.67,117.18,160025,187.06,2360,76244.0,47.65
HERANBA, 16-Sep-2026,167.85,169.89,161.04,163.31,165.95,36171,58.97,1316,20287.0,56.09
HERITGFOOD, 16-Sep-2026,393.85,413.6,384.3,408.65,393.85,775192,3107.06,21845,273751.0,35.31
HEROMOTOCO, 16-Sep-2026,5200.0,5315.0,5186.5,5235.0,5166.0,525693,27579.9,54212,240843.0,45.81
HESTERBIO, 16-Sep-2026,2147.0,2305.0,2130.0,2207.7,2171.8,4571,98.83,749,2384.0,52.15
HEXATRADEX, 16-Sep-2026,158.99,158.99,154.0,156.37,156.06,1415,2.22,77,1206.0,85.23
HEXT, 16-Sep-2026,517.0,524.85,510.0,522.75,517.5,162429,843.91,12674,62367.0,38.4
HGINFRA, 16-Sep-2026,471.9,473.95,460.1,461.5,471.8,54377,252.35,4245,30282.0,55.69
HGM, 16-Sep-2026,46.79,47.5,46.2,46.81,46.77,2412,1.13,64,1970.0,81.67
HGS, 16-Sep-2026,391.35,391.35,375.15,386.05,381.6,9360,35.71,736,5547.0,59.26
HIGREEN, 16-Sep-2026,120.9,122.0,120.0,120.0,121.5,6400,7.77,8,4800.0,75.0
HIKAL, 16-Sep-2026,211.87,226.0,203.83,224.38,212.22,1817632,3956.29,32721,451324.0,24.83
HILINFRA, 16-Sep-2026,43.99,43.99,41.9,43.83,43.6,78958,34.12,756,46467.0,58.85
HILTON, 16-Sep-2026,17.01,17.93,17.01,17.52,17.29,72492,12.55,383,50376.0,69.49
HIMATSEIDE, 16-Sep-2026,65.05,65.35,63.25,64.76,65.12,353499,227.37,4530,169855.0,48.05
HINDADH, 16-Sep-2026,384.0,384.0,364.0,378.45,371.95,3121,11.76,118,2714.0,86.96
HINDALCO, 16-Sep-2026,956.4,978.5,956.4,972.7,958.7,3439776,33416.88,85004,2106326.0,61.23
HINDALUMI, 16-Sep-2026,97.0,97.0,92.0,93.83,95.09,2229,2.1,118,1797.0,80.62
HINDCOMPOS, 16-Sep-2026,378.2,380.0,367.0,374.3,379.45,2149,8.06,174,1260.0,58.63
HINDCON, 16-Sep-2026,24.43,24.43,23.25,23.76,23.74,15512,3.69,162,9930.0,64.01
HINDCOPPER, 16-Sep-2026,496.0,496.7,477.5,481.6,492.1,7244772,34963.06,135591,3397442.0,46.9
HINDOILEXP, 16-Sep-2026,175.5,183.0,170.1,180.44,175.72,971364,1715.3,13252,340365.0,35.04
HINDPETRO, 16-Sep-2026,347.0,352.25,343.05,350.05,345.3,3786470,13217.11,43783,2217481.0,58.56
HINDUNILVR, 16-Sep-2026,1944.1,1977.0,1943.5,1962.0,1938.1,1013304,19906.92,47179,502573.0,49.6
HINDWAREAP, 16-Sep-2026,175.29,176.09,171.0,171.93,174.42,80014,138.25,2576,46286.0,57.85
HINDZINC, 16-Sep-2026,564.8,573.55,561.2,567.5,560.9,2902624,16507.31,64717,1340379.0,46.18
HIRECT, 16-Sep-2026,1205.7,1215.0,1156.7,1182.6,1204.9,53206,629.82,4699,21856.0,41.08
HISARMETAL, 16-Sep-2026,158.7,158.75,155.5,155.5,155.53,203,0.32,6,28.0,13.79
HITECH, 16-Sep-2026,74.0,74.28,71.76,73.36,73.61,444665,325.3,4642,198543.0,44.65
HLEGLAS, 16-Sep-2026,391.5,433.8,388.05,416.85,395.4,1168248,4902.21,42868,238054.0,20.38
HLVLTD, 16-Sep-2026,6.4,7.0,6.27,6.79,6.26,815269,54.62,1697,529555.0,64.95
HMAAGRO, 16-Sep-2026,24.99,24.99,22.2,23.04,23.41,11554697,2659.97,28912,2037614.0,17.63
HNDFDS, 16-Sep-2026,596.0,612.0,593.5,606.45,598.15,85796,516.79,4352,52542.0,61.24
HNGSNGBEES, 16-Sep-2026,470.08,470.08,462.8,464.42,465.43,57841,268.96,3223,42300.0,73.13
HOACFOODS, 16-Sep-2026,877.1,877.1,877.1,877.1,894.95,2250,19.73,6,2250.0,100.0
HOLMARC, 16-Sep-2026,108.4,110.0,108.4,110.0,114.1,7500,8.16,7,6000.0,80.0
HOMEFIRST, 16-Sep-2026,1175.3,1187.0,1155.8,1175.9,1175.3,144222,1691.35,14383,51309.0,35.58
HONASA, 16-Sep-2026,457.0,472.0,449.35,469.3,457.25,736639,3403.92,26175,332829.0,45.18
HONAUT, 16-Sep-2026,33600.0,34170.0,33510.0,33895.0,33595.0,2373,804.02,1663,1099.0,46.31
HONDAPOWER, 16-Sep-2026,1925.0,1931.9,1890.0,1922.9,1926.6,1842,35.18,374,1120.0,60.8
HORIZONIND, 16-Sep-2026,53.58,53.9,52.46,52.91,53.59,2695151,1425.37,12697,1636056.0,60.7
HPAL, 16-Sep-2026,35.36,36.88,34.4,35.64,35.41,52106,18.38,539,35791.0,68.69
HPIL, 16-Sep-2026,120.51,120.51,119.77,120.0,119.77,417,0.5,25,341.0,81.77
HPL, 16-Sep-2026,283.25,283.3,274.05,278.0,283.2,116910,325.12,6128,60185.0,51.48
HPTL, 16-Sep-2026,366.5,393.75,366.5,393.75,375.0,10200,39.88,17,8400.0,82.35
HRYNSHP, 16-Sep-2026,96.86,100.0,96.1,100.0,96.38,68,0.07,10,67.0,98.53
HSBCGOLD, 16-Sep-2026,133.0,133.0,130.07,131.51,130.59,240672,316.45,83,233949.0,97.21
HSCL, 16-Sep-2026,640.0,657.25,636.3,652.8,637.25,4620164,29925.58,80995,1455015.0,31.49
HTEL, 16-Sep-2026,78.4,78.4,71.79,74.21,81.32,3861012,2894.33,15829,1738693.0,45.03
HTMEDIA, 16-Sep-2026,23.55,23.9,22.75,22.99,23.55,246224,56.89,788,168871.0,68.58
HUBTOWN, 16-Sep-2026,173.0,180.09,169.11,176.39,173.18,380751,664.48,5993,194230.0,51.01
HUDCO, 16-Sep-2026,169.02,171.2,167.11,169.73,168.92,985174,1669.95,23058,412282.0,41.85
HUHTAMAKI, 16-Sep-2026,245.8,249.35,238.65,243.05,242.15,188067,460.07,7482,64151.0,34.11
HVAX, 16-Sep-2026,605.55,667.3,603.8,646.15,635.55,5850,35.62,13,5550.0,94.87
HYBRIDETF, 16-Sep-2026,9.9,9.9,9.8,9.88,9.86,21981,2.16,63,14038.0,63.86
HYUNDAI, 16-Sep-2026,2140.0,2182.0,2135.4,2155.0,2140.0,733017,15840.11,53134,351000.0,47.88
IBLFL, 16-Sep-2026,61.0,61.0,61.0,61.0,61.2,2000,1.22,1,2000.0,100.0
IBULLSLTD, 16-Sep-2026,28.81,28.81,27.9,28.79,27.44,62047779,17784.92,38138,37828823.0,60.97
ICELCO, 16-Sep-2026,118.15,118.75,114.7,117.0,120.1,16800,19.66,12,12000.0,71.43
ICEMAKE, 16-Sep-2026,690.3,690.4,668.2,671.8,695.55,43401,293.99,10249,26481.0,61.01
ICICIAMC, 16-Sep-2026,3065.0,3105.0,3028.0,3086.3,3065.0,293518,8995.02,40247,172272.0,58.69
ICICIB22, 16-Sep-2026,113.56,113.56,110.97,111.78,111.33,8025440,8920.49,3007,7385746.0,92.03
ICICIBANK, 16-Sep-2026,1359.0,1361.4,1348.0,1358.8,1350.4,9625762,130278.5,201506,6243478.0,64.86
ICICIGI, 16-Sep-2026,1440.0,1455.6,1429.9,1440.0,1427.7,449383,6491.99,25132,266996.0,59.41
ICICIPRULI, 16-Sep-2026,458.0,474.0,456.95,470.0,457.6,767677,3584.15,25390,255319.0,33.26
ICIL, 16-Sep-2026,427.0,437.45,408.05,431.95,427.1,478937,2033.32,22284,190720.0,39.82
ICRA, 16-Sep-2026,4679.1,4679.1,4578.1,4610.0,4643.3,16982,784.82,5866,9366.0,55.15
IDBI, 16-Sep-2026,83.7,83.7,81.53,82.95,82.95,12983831,10730.94,38166,5705331.0,43.94
IDEA, 16-Sep-2026,14.48,14.49,14.13,14.26,14.45,307898731,44037.4,482020,86425984.0,28.07
IDEAFORGE, 16-Sep-2026,704.25,712.0,684.0,702.35,704.25,284863,1987.74,15280,116764.0,40.99
IDEALTECHO, 16-Sep-2026,116.0,116.0,116.0,116.0,98.9,1000,1.16,1,1000.0,100.0
IDFCFIRSTB, 16-Sep-2026,84.61,85.71,84.61,85.01,84.8,14275478,12181.21,57294,8986765.0,62.95
IDFNIFTYET, 16-Sep-2026,257.05,257.83,253.0,256.51,256.87,1148,2.94,39,624.0,54.36
IEML, 16-Sep-2026,40.4,42.0,40.0,41.2,41.2,40500,16.4,30,40500.0,100.0
IEX, 16-Sep-2026,112.0,112.41,110.35,112.0,112.0,3302102,3678.38,35730,1187392.0,35.96
IFBAGRO, 16-Sep-2026,843.0,873.0,842.6,861.4,861.1,3154,26.94,382,1944.0,61.64
IFBIND, 16-Sep-2026,1260.1,1276.0,1235.5,1241.9,1272.0,17335,216.46,3290,7738.0,44.64
IFCI, 16-Sep-2026,77.2,77.39,73.01,75.06,76.95,114066406,85476.45,246557,15637193.0,13.71
IFGLEXPOR, 16-Sep-2026,200.5,201.8,192.91,198.27,200.33,16938,33.34,870,7281.0,42.99
IGARASHI, 16-Sep-2026,432.0,443.0,421.65,428.4,437.05,509069,2195.25,17877,86407.0,16.97
IGCL, 16-Sep-2026,66.59,67.5,64.02,65.27,65.59,120978,78.71,2559,52097.0,43.06
IGIL, 16-Sep-2026,312.0,315.45,311.1,314.4,313.1,205329,644.8,15780,114322.0,55.68
IGL, 16-Sep-2026,150.0,150.39,147.27,148.77,150.03,1025294,1521.68,29714,519349.0,50.65
IGPL, 16-Sep-2026,519.0,536.45,508.65,533.3,525.25,55598,289.47,3155,22890.0,41.17
IIFL, 16-Sep-2026,583.55,592.65,567.4,585.7,581.05,1242412,7186.13,42879,628420.0,50.58
IIFLCAPS, 16-Sep-2026,336.5,337.85,335.05,335.6,336.5,527710,1771.86,7266,387193.0,73.37
IITL, 16-Sep-2026,146.5,152.0,144.0,147.77,148.84,197944,289.96,981,109624.0,55.38
IKIO, 16-Sep-2026,211.06,213.0,199.19,202.78,211.06,500954,1016.85,8458,201466.0,40.22
IKS, 16-Sep-2026,1767.1,1786.2,1744.9,1752.0,1783.0,129237,2281.49,17516,75772.0,58.63
IMAGICAA, 16-Sep-2026,50.33,56.34,49.25,52.99,50.43,2106560,1102.54,7713,759167.0,36.04
IMFA, 16-Sep-2026,1220.0,1259.4,1199.8,1246.1,1220.8,104558,1288.8,12214,53136.0,50.82
IMPAL, 16-Sep-2026,1068.1,1087.9,1056.3,1065.0,1077.8,2141,22.83,224,1612.0,75.29
INA, 16-Sep-2026,86.93,88.93,84.2,86.95,86.93,989571,849.19,6633,510791.0,51.62
INCREDIBLE, 16-Sep-2026,33.9,33.9,32.02,32.79,33.46,2468,0.81,143,2051.0,83.1
INDBANK, 16-Sep-2026,27.68,27.68,25.01,25.68,26.71,80099,20.78,1071,44404.0,55.44
INDGN, 16-Sep-2026,570.35,574.1,559.0,573.2,571.5,205000,1165.3,9785,108200.0,52.78
INDHOTEL, 16-Sep-2026,716.25,719.55,706.75,713.4,715.0,1037515,7416.2,28175,650294.0,62.68
INDIACEM, 16-Sep-2026,336.0,338.7,331.65,334.65,336.0,62151,208.13,4603,25674.0,41.31
INDIAMART, 16-Sep-2026,1662.0,1768.8,1645.2,1706.3,1659.5,365133,6290.82,31238,70669.0,19.35
INDIANB, 16-Sep-2026,840.0,849.8,834.7,840.0,836.75,773817,6532.06,41260,410674.0,53.07
INDIANCARD, 16-Sep-2026,209.42,218.71,206.05,214.96,207.35,463,0.97,40,374.0,80.78
INDIANHUME, 16-Sep-2026,350.45,359.9,341.25,349.0,354.0,22793,79.62,1811,10531.0,46.2
INDIASHLTR, 16-Sep-2026,640.5,665.0,640.5,661.6,647.25,67155,440.76,7372,39193.0,58.36
INDIGO, 16-Sep-2026,4799.5,4806.0,4701.5,4733.5,4776.0,529301,25133.23,41659,251707.0,47.55
INDIGOPNTS, 16-Sep-2026,1052.8,1106.0,1049.7,1081.6,1061.9,80470,867.18,10701,39661.0,49.29
INDIGRID, 16-Sep-2026,173.19,173.85,173.19,173.32,173.19,376721,653.46,6240,333598.0,88.55
INDIQUBE, 16-Sep-2026,200.0,202.74,190.01,200.15,199.43,59017,116.41,1369,32915.0,55.77
INDNIPPON, 16-Sep-2026,1268.0,1298.2,1214.9,1240.5,1279.0,189869,2341.81,14798,91440.0,48.16
INDOBORAX, 16-Sep-2026,461.9,477.95,442.55,470.3,460.8,112370,516.22,7027,42491.0,37.81
INDOCO, 16-Sep-2026,241.39,258.0,235.0,254.0,241.39,644188,1595.6,13133,144466.0,22.43
INDOFARM, 16-Sep-2026,138.0,138.0,130.0,132.92,136.07,109186,144.81,2565,54006.0,49.46
INDOKEM, 16-Sep-2026,614.75,625.0,555.0,606.55,611.7,9015,54.22,448,5691.0,63.13
INDOMIM, 16-Sep-2026,970.0,970.1,922.55,946.1,975.65,2684652,25340.82,145258,1187191.0,44.22
INDORAMA, 16-Sep-2026,83.09,89.9,81.1,85.6,82.81,3645127,3126.66,35184,548764.0,15.05
INDOSTAR, 16-Sep-2026,233.75,235.01,222.62,226.17,233.07,120640,273.03,2279,72776.0,60.32
INDOTECH, 16-Sep-2026,3313.4,3404.8,3198.9,3373.3,3377.2,47402,1581.34,4547,32669.0,68.92
INDOTHAI, 16-Sep-2026,37.17,37.17,37.17,37.17,39.12,134685,50.06,826,134685.0,100.0
INDOUS, 16-Sep-2026,81.0,81.0,76.1,77.16,78.29,3838,3.03,107,3506.0,91.35
INDOWIND, 16-Sep-2026,8.92,9.09,8.66,8.95,8.9,47572,4.24,377,34436.0,72.39
INDPRUD, 16-Sep-2026,6388.0,6388.0,6200.0,6240.0,6081.0,17,1.07,10,15.0,88.24
INDRAMEDCO, 16-Sep-2026,356.25,360.3,351.25,356.55,354.55,171771,610.64,6525,94803.0,55.19
INDSWFTLAB, 16-Sep-2026,376.65,379.7,320.2,363.9,378.75,1637019,5722.69,39974,446598.0,27.28
INDTERRAIN, 16-Sep-2026,28.9,33.61,28.36,30.29,28.01,254442,80.83,1955,114102.0,44.84
INDUSINDBK, 16-Sep-2026,957.7,961.1,944.5,946.5,956.5,1727406,16410.56,69311,1012745.0,58.63
INDUSINVIT, 16-Sep-2026,132.34,132.69,131.21,131.47,132.35,107606,141.85,8097,82395.0,76.57
INDUSTOWER, 16-Sep-2026,381.0,381.5,375.2,375.6,379.0,4050806,15326.44,41654,2533778.0,62.55
INFINIUM, 16-Sep-2026,261.9,274.25,261.9,268.0,272.5,2500,6.7,5,2500.0,100.0
INFLUX, 16-Sep-2026,267.9,274.0,261.0,274.0,258.9,17400,46.68,26,15000.0,86.21
INFOBEAN, 16-Sep-2026,155.0,156.12,148.03,150.98,153.13,182718,276.21,3031,68232.0,37.34
INFOLLION, 16-Sep-2026,150.35,157.0,150.35,155.9,156.65,2000,3.1,5,1200.0,60.0
INFOMEDIA, 16-Sep-2026,5.98,5.98,5.11,5.5,5.18,9690,0.54,90,8542.0,88.15
INFRA, 16-Sep-2026,11.56,11.58,11.43,11.56,11.55,24111,2.78,186,23927.0,99.24
INFRABEES, 16-Sep-2026,928.75,928.75,918.65,926.01,925.85,12156,112.44,628,6474.0,53.26
INFRAIETF, 16-Sep-2026,92.29,92.48,91.39,91.87,91.91,122117,112.21,3368,89461.0,73.26
INFY, 16-Sep-2026,1082.5,1085.1,1053.5,1060.0,1077.0,6230590,66490.65,199229,3380850.0,54.26
INGERRAND, 16-Sep-2026,4344.3,4355.9,4225.0,4261.9,4344.3,33772,1439.7,9799,16235.0,48.07
INM, 16-Sep-2026,163.0,163.0,163.0,163.0,164.95,600,0.98,1,600.0,100.0
INNOMET, 16-Sep-2026,288.65,289.9,288.65,289.5,288.65,40800,117.96,44,40200.0,98.53
INNOVACAP, 16-Sep-2026,1124.2,1164.9,1080.2,1133.4,1140.1,119085,1337.62,16076,46546.0,39.09
INNOVANA, 16-Sep-2026,314.35,314.35,300.1,301.3,306.1,21908,66.96,441,1451.0,6.62
INNOVISION, 16-Sep-2026,255.35,258.7,253.25,255.45,255.35,12512,31.86,683,7475.0,59.74
INOXGREEN, 16-Sep-2026,173.22,174.42,165.94,173.11,173.22,1578858,2713.11,20697,611420.0,38.73
INOXINDIA, 16-Sep-2026,2006.0,2043.9,1930.8,1978.9,1992.8,707394,13980.65,92206,374151.0,52.89
INOXWIND, 16-Sep-2026,74.35,74.5,72.67,74.5,74.35,5543694,4083.78,21529,1897326.0,34.22
INSECTICID, 16-Sep-2026,600.05,604.9,585.0,595.2,594.8,15018,89.19,1155,7635.0,50.84
INSPIRISYS, 16-Sep-2026,84.0,84.0,78.2,83.31,81.78,5842,4.73,129,5208.0,89.15
INSUREIETF, 16-Sep-2026,14.48,14.89,14.36,14.73,14.48,479614,69.96,181,356252.0,74.28
INTELLECT, 16-Sep-2026,663.0,666.25,649.0,659.45,662.85,272239,1796.4,20830,145185.0,53.33
INTENTECH, 16-Sep-2026,78.0,78.0,76.0,76.43,77.76,10622,8.14,310,7373.0,69.41
INTERARCH, 16-Sep-2026,1681.0,1689.2,1625.0,1660.8,1684.3,46273,765.23,5885,24767.0,53.52
INTERNET, 16-Sep-2026,14.49,14.56,14.17,14.46,14.45,260561,37.17,235,196214.0,75.3
INTLCONV, 16-Sep-2026,76.04,77.7,75.01,75.39,76.04,23067,17.45,1257,12785.0,55.43
INVENTURE, 16-Sep-2026,0.91,0.92,0.88,0.88,0.91,415952,3.72,476,372689.0,89.6
INVICTA, 16-Sep-2026,65.05,66.7,65.05,65.1,67.0,8000,5.28,5,4800.0,60.0
IOB, 16-Sep-2026,32.49,32.49,31.95,32.09,32.38,1804893,580.6,11579,757949.0,41.99
IOC, 16-Sep-2026,132.79,134.97,131.7,134.75,132.03,10071835,13465.04,59668,5577374.0,55.38
IOLCP, 16-Sep-2026,182.0,197.9,173.55,194.57,179.52,8624277,16297.91,83658,1705446.0,19.77
IONEXCHANG, 16-Sep-2026,428.5,432.0,414.8,426.25,432.0,344615,1462.43,17193,158328.0,45.94
IPCALAB, 16-Sep-2026,1963.3,1983.0,1905.0,1950.7,1932.4,337123,6544.47,65590,168592.0,50.01
IPHL, 16-Sep-2026,70.05,72.55,70.0,72.55,71.25,9600,6.81,8,8400.0,87.5
IPL, 16-Sep-2026,136.0,152.28,134.26,137.77,132.68,28419705,40885.53,217067,989218.0,3.48
IPRINGLTD, 16-Sep-2026,137.02,142.89,133.02,138.34,137.02,965,1.32,26,770.0,79.79
IRB, 16-Sep-2026,19.2,19.2,18.66,19.05,19.18,9930904,1882.25,25242,3633208.0,36.58
IRBINVIT, 16-Sep-2026,63.95,64.28,63.5,63.93,63.91,300318,191.3,3646,240220.0,79.99
IRCON, 16-Sep-2026,109.5,109.65,107.54,108.51,109.42,1405153,1526.11,26627,571608.0,40.68
IRCTC, 16-Sep-2026,457.2,458.0,446.5,452.95,458.55,1329707,5988.35,64512,555392.0,41.77
IREDA, 16-Sep-2026,109.0,109.59,107.4,108.4,109.0,3083062,3343.97,25343,1190731.0,38.62
IRFC, 16-Sep-2026,79.41,79.58,78.16,78.95,79.15,9834178,7766.11,56850,3890419.0,39.56
IRIS, 16-Sep-2026,244.9,244.9,228.91,234.84,237.78,22712,53.12,939,12542.0,55.22
IRISDOREME, 16-Sep-2026,57.51,59.0,55.62,58.18,58.09,724226,415.67,3956,420526.0,58.07
IRMENERGY, 16-Sep-2026,265.15,267.9,258.45,264.15,266.5,59978,158.05,2565,28951.0,48.27
ISFT, 16-Sep-2026,78.04,79.4,73.4,75.22,76.59,127841,96.83,1868,21602.0,16.9
ISGEC, 16-Sep-2026,766.2,773.0,749.5,759.05,773.85,36890,280.46,5092,19908.0,53.97
ISHANCH, 16-Sep-2026,44.7,48.9,43.5,47.12,43.73,32446,15.02,588,23213.0,71.54
ISTLTD, 16-Sep-2026,650.0,650.0,631.0,650.0,661.2,170,1.09,33,150.0,88.24
IT, 16-Sep-2026,33.24,33.24,32.18,32.25,32.85,240611,78.1,916,108743.0,45.19
ITADD, 16-Sep-2026,31.48,31.56,30.81,30.89,31.44,13383,4.16,144,7027.0,52.51
ITALIANE, 16-Sep-2026,31.0,31.0,31.0,31.0,31.0,2000,0.62,1,2000.0,100.0
ITAXIS, 16-Sep-2026,327.0,327.01,319.8,320.41,325.36,865,2.8,42,379.0,43.82
ITBEES, 16-Sep-2026,33.35,33.35,32.25,32.3,32.87,8243115,2681.99,19774,3842096.0,46.61
ITBETA, 16-Sep-2026,312.0,312.0,304.57,305.8,312.0,757,2.34,27,653.0,86.26
ITC, 16-Sep-2026,259.4,264.9,259.3,264.15,258.0,15199856,39953.94,167323,7081623.0,46.59
ITCHOTELS, 16-Sep-2026,152.6,153.95,149.85,153.39,152.22,1635546,2490.13,36304,850014.0,51.97
ITDC, 16-Sep-2026,645.45,669.0,633.45,656.75,653.45,97137,630.0,6655,25090.0,25.83
ITETF, 16-Sep-2026,31.72,31.72,30.74,30.8,31.37,268691,83.43,834,137861.0,51.31
ITI, 16-Sep-2026,256.1,257.0,251.65,255.5,255.4,182220,464.27,5951,72356.0,39.71
ITIETF, 16-Sep-2026,33.05,33.09,32.2,32.27,32.87,371540,121.28,1373,164696.0,44.33
ITL, 16-Sep-2026,375.0,375.0,356.2,367.7,367.5,206,0.75,29,173.0,83.98
IVALUE, 16-Sep-2026,226.18,235.99,226.0,230.45,225.7,273584,631.36,4696,147118.0,53.77
IVC, 16-Sep-2026,7.61,7.82,7.56,7.76,7.92,493527,38.02,1451,343450.0,69.59
IVZBANKNF, 16-Sep-2026,55.54,56.14,55.54,56.07,55.71,11194,6.27,14,11091.0,99.08
IVZINGOLD, 16-Sep-2026,130.95,131.85,130.85,131.6,129.8,9928,13.03,213,7050.0,71.01
IVZINNIFTY, 16-Sep-2026,266.8,267.46,266.02,267.21,267.04,343,0.92,21,304.0,88.63
IVZSENSEX, 16-Sep-2026,75.38,75.38,73.73,74.55,74.5,7635,5.68,44,6708.0,87.86
IWARE, 16-Sep-2026,420.4,420.4,399.25,403.35,420.25,27000,108.74,45,21000.0,77.78
IWP, 16-Sep-2026,35.03,35.03,34.01,34.5,34.85,3659,1.26,134,3497.0,95.57
IXIGO, 16-Sep-2026,161.02,162.99,156.14,160.53,161.02,568386,904.86,20602,223122.0,39.26
IZMO, 16-Sep-2026,887.0,891.7,860.0,880.0,896.05,82400,721.83,6275,33779.0,40.99
J&KBANK, 16-Sep-2026,145.18,148.79,144.1,147.66,144.75,3250203,4765.11,40384,1485275.0,45.7
JAGRAN, 16-Sep-2026,61.9,62.78,60.95,61.22,61.72,169560,103.97,1956,108276.0,63.86
JAGSNPHARM, 16-Sep-2026,224.7,230.95,217.81,228.28,225.83,56466,126.76,3268,24939.0,44.17
JAIBALAJI, 16-Sep-2026,61.65,64.81,61.01,64.05,62.25,814949,511.98,4963,453536.0,55.65
JAICORPLTD, 16-Sep-2026,94.03,94.21,90.42,92.63,92.64,240050,220.97,3980,85165.0,35.48
JAINIK, 16-Sep-2026,199.4,200.0,199.4,200.0,200.0,86400,172.43,10,86400.0,100.0
JAINREC, 16-Sep-2026,277.0,278.95,271.35,274.8,274.7,477646,1314.46,13157,161424.0,33.8
JAIPURKURT, 16-Sep-2026,25.65,25.65,23.91,24.49,24.88,7292,1.77,108,5827.0,79.91
JAKHARIA, 16-Sep-2026,60.0,60.0,60.0,60.0,60.5,60000,36.0,1,60000.0,100.0
JALAN, 16-Sep-2026,1.75,1.75,1.75,1.75,1.8,3000,0.05,1,3000.0,100.0
JAMNAAUTO, 16-Sep-2026,128.07,129.7,124.3,128.55,129.06,2491533,3169.87,62478,983191.0,39.46
JARO, 16-Sep-2026,474.0,476.75,459.5,467.95,469.95,115000,540.86,3907,23570.0,20.5
JASH, 16-Sep-2026,496.0,505.95,482.05,488.9,496.1,114592,561.01,3938,62565.0,54.6
JAYAGROGN, 16-Sep-2026,227.0,234.9,217.52,231.66,227.39,36723,82.56,1488,17542.0,47.77
JAYBARMARU, 16-Sep-2026,111.0,114.75,108.1,113.02,112.34,244009,273.3,7705,101296.0,41.51
JAYBEE, 16-Sep-2026,82.55,83.0,81.6,82.55,82.25,18500,15.25,34,15500.0,83.78
JAYESH, 16-Sep-2026,129.95,129.95,125.2,125.2,125.1,10000,12.58,7,9000.0,90.0
JAYKAY, 16-Sep-2026,158.9,160.2,152.4,154.77,158.45,273295,424.62,5670,125748.0,46.01
JAYNECOIND, 16-Sep-2026,88.2,89.21,86.72,87.35,88.63,2439408,2147.08,20949,1204236.0,49.37
JAYSREETEA, 16-Sep-2026,91.75,93.94,89.0,89.23,91.64,32419,29.17,484,16972.0,52.35
JBMA, 16-Sep-2026,606.0,606.0,585.0,588.2,603.9,281220,1661.79,14435,104017.0,36.99
JENBURPH, 16-Sep-2026,988.0,994.9,960.3,992.0,974.1,571,5.62,78,473.0,82.84
JETFREIGHT, 16-Sep-2026,19.86,20.28,19.8,19.9,20.03,68397,13.67,614,34948.0,51.1
JGCHEM, 16-Sep-2026,568.0,589.0,544.95,582.9,564.65,277514,1582.3,14077,101858.0,36.7
JHS, 16-Sep-2026,8.99,8.99,8.29,8.51,8.79,131649,11.34,366,108470.0,82.39
JINDALPHOT, 16-Sep-2026,1085.1,1130.0,1075.0,1125.6,1099.6,9876,109.92,720,6762.0,68.47
JINDALPOLY, 16-Sep-2026,765.0,800.0,725.1,742.4,737.9,423769,3245.87,21673,58596.0,13.83
JINDALSAW, 16-Sep-2026,290.5,291.75,275.7,281.25,289.0,2433275,6851.7,44752,1056352.0,43.41
JINDALSTEL, 16-Sep-2026,1088.0,1117.0,1085.4,1103.0,1095.0,457237,5044.77,22320,155691.0,34.05
JINDRILL, 16-Sep-2026,600.1,603.75,576.05,595.15,598.65,273892,1617.65,9199,85861.0,31.35
JINDWORLD, 16-Sep-2026,49.0,50.63,47.9,49.16,49.44,6160770,3024.24,20881,1426243.0,23.15
JIOFIN, 16-Sep-2026,226.5,228.22,224.84,224.84,225.6,11926382,26989.74,74064,5884227.0,49.34
JISLDVREQS, 16-Sep-2026,20.3,21.78,20.3,21.49,20.67,19622,4.17,74,7824.0,39.87
JISLJALEQS, 16-Sep-2026,29.05,29.34,28.58,29.07,29.23,1129976,328.02,3951,565048.0,50.01
JITFINFRA, 16-Sep-2026,275.6,282.9,272.6,278.0,279.35,23711,65.77,938,14408.0,60.77
JIWANRAM, 16-Sep-2026,4.0,4.0,4.0,4.0,4.05,12000,0.48,2,12000.0,100.0
JKCEMENT, 16-Sep-2026,4716.0,4872.0,4676.0,4750.0,4712.0,61980,2941.84,16501,25149.0,40.58
JKIL, 16-Sep-2026,475.25,490.0,466.0,480.4,473.15,50757,241.03,3678,29316.0,57.76
JKIPL, 16-Sep-2026,96.19,98.0,95.0,96.72,95.18,11597,11.17,213,9399.0,81.05
JKLAKSHMI, 16-Sep-2026,505.0,509.45,500.2,507.65,504.9,56959,288.27,6534,29460.0,51.72
JKPAPER, 16-Sep-2026,403.5,420.0,396.8,417.35,402.1,708260,2923.06,17856,258638.0,36.52
JKTYRE, 16-Sep-2026,343.1,350.6,339.55,343.3,345.25,475097,1635.4,23349,205709.0,43.3
JLHL, 16-Sep-2026,273.3,282.7,273.3,276.85,275.55,117281,325.38,3904,68357.0,58.28
JMA, 16-Sep-2026,90.7,93.8,89.0,90.3,88.96,10829,9.86,300,5412.0,49.98
JMFINANCIL, 16-Sep-2026,121.0,121.5,118.05,120.46,121.21,2236471,2680.48,26617,929797.0,41.57
JNKINDIA, 16-Sep-2026,410.0,426.4,394.9,407.2,415.05,305381,1250.82,8877,162621.0,53.25
JNPR, 16-Sep-2026,267.1,275.4,259.0,261.8,264.5,995377,2658.15,39980,315361.0,31.68
JOCIL, 16-Sep-2026,140.0,147.0,132.8,143.0,142.39,2416,3.46,101,1262.0,52.24
JPOLYINVST, 16-Sep-2026,970.05,990.95,961.0,983.7,967.05,3276,31.96,584,1668.0,50.92
JPPOWER, 16-Sep-2026,15.65,15.7,15.28,15.41,15.64,40588771,6279.85,231916,14131024.0,34.82
JSFB, 16-Sep-2026,488.65,512.5,477.4,506.6,488.65,604934,3009.79,17203,263000.0,43.48
JSL, 16-Sep-2026,723.55,738.8,715.0,730.85,723.55,1372384,10021.96,71661,812052.0,59.17
JSLL, 16-Sep-2026,500.0,501.95,485.1,497.05,500.25,485564,2406.19,26764,209883.0,43.22
JSWCEMENT, 16-Sep-2026,116.91,117.16,115.03,116.52,116.88,1308484,1519.02,23161,875494.0,66.91
JSWDULUX, 16-Sep-2026,3133.8,3172.4,3041.0,3082.0,3133.8,10726,329.89,3743,4481.0,41.78
JSWENERGY, 16-Sep-2026,506.6,510.95,503.05,504.7,505.0,1951623,9910.12,17989,1405966.0,72.04
JSWHL, 16-Sep-2026,11099.0,11109.0,10836.0,10935.0,10967.0,2885,316.37,1385,907.0,31.44
JSWINFRA, 16-Sep-2026,326.45,330.85,317.9,325.55,325.85,2646886,8642.67,86733,1434545.0,54.2
JSWSTEEL, 16-Sep-2026,1244.0,1250.2,1227.0,1248.9,1229.2,1803781,22414.41,39813,1145273.0,63.49
JTEKTINDIA, 16-Sep-2026,117.9,118.09,114.82,117.12,117.36,72080,84.22,1356,31294.0,43.42
JTLIND, 16-Sep-2026,82.0,85.1,79.36,84.6,82.47,3752609,3128.47,25369,998406.0,26.61
JUBLCPL, 16-Sep-2026,2097.6,2114.9,2052.0,2096.4,2082.0,4036,83.99,620,2874.0,71.21
JUBLFOOD, 16-Sep-2026,466.0,472.0,461.65,471.0,466.0,426648,1997.41,13439,166451.0,39.01
JUBLINGREA, 16-Sep-2026,630.5,641.9,622.8,631.95,630.5,257245,1628.1,10436,149953.0,58.29
JUBLPHARMA, 16-Sep-2026,1010.0,1010.0,977.5,1002.5,1011.95,154099,1537.77,15404,67341.0,43.7
JUNIORBEES, 16-Sep-2026,760.0,766.7,754.4,764.82,762.71,302310,2301.98,11180,176711.0,58.45
JUNIPER, 16-Sep-2026,212.0,217.28,209.21,214.32,214.84,451284,962.6,6835,254309.0,56.35
JUSTDIAL, 16-Sep-2026,655.0,679.0,648.0,673.7,661.85,106509,706.59,4687,41774.0,39.22
JWL, 16-Sep-2026,233.5,233.5,225.65,228.67,231.17,792229,1813.94,17432,345334.0,43.59
JYOTHYLAB, 16-Sep-2026,193.0,197.0,190.22,195.41,192.22,505369,983.2,13246,231325.0,45.77
JYOTICNC, 16-Sep-2026,964.0,974.5,928.6,967.7,961.45,970603,9223.55,35428,499059.0,51.42
JYOTIGLOBL, 16-Sep-2026,47.5,48.0,47.5,48.0,48.45,4000,1.91,2,4000.0,100.0
JYOTIRES, 16-Sep-2026,845.95,852.0,821.2,839.45,843.5,9126,76.17,908,5264.0,57.68
JYOTISTRUC, 16-Sep-2026,9.22,9.25,8.9,9.02,9.21,8024275,724.77,8810,4555247.0,56.77
K2INFRA, 16-Sep-2026,45.05,45.45,44.0,44.1,45.2,12600,5.61,15,12000.0,95.24
KABRAEXTRU, 16-Sep-2026,640.0,650.0,585.8,628.1,650.85,651043,3958.03,13973,260314.0,39.98
KAJARIACER, 16-Sep-2026,1213.6,1219.5,1179.1,1215.9,1213.6,156466,1879.24,15163,82073.0,52.45
KAKATCEM, 16-Sep-2026,107.76,109.8,107.0,108.44,109.69,1636,1.77,63,1232.0,75.31
KALAMANDIR, 16-Sep-2026,78.99,79.86,76.7,77.78,78.97,467817,364.31,6053,245191.0,52.41
KALANA, 16-Sep-2026,18.15,18.5,18.0,18.25,18.5,10000,1.82,5,8000.0,80.0
KALPATARU, 16-Sep-2026,253.0,260.0,250.0,256.3,255.45,27592,69.89,1140,11945.0,43.29
KALYANKJIL, 16-Sep-2026,606.9,611.8,574.4,580.9,604.2,7484433,43905.26,115084,1833188.0,24.49
KAMAHOLD, 16-Sep-2026,2250.0,2275.9,2244.1,2249.9,2269.7,3365,75.85,441,2254.0,66.98
KAMANWALA, 16-Sep-2026,17.17,17.49,16.49,17.24,17.0,15,0.0,5,15.0,100.0
KAMATHOTEL, 16-Sep-2026,207.6,214.25,202.0,209.88,207.6,71866,150.56,3481,35214.0,49.0
KAMOPAINTS, 16-Sep-2026,4.31,4.31,4.15,4.21,4.22,153248,6.46,658,90424.0,59.01
KANANIIND, 16-Sep-2026,1.45,1.47,1.41,1.42,1.44,170523,2.44,232,121885.0,71.48
KANCHI, 16-Sep-2026,391.5,391.5,382.0,388.5,392.5,690,2.67,74,536.0,77.68
KANCOTEA, 16-Sep-2026,55.4,55.4,55.3,55.3,56.8,11,0.01,3,6.0,54.55
KANDARP, 16-Sep-2026,70.85,71.15,67.05,70.95,69.45,7000,4.93,7,4000.0,57.14
KANOHAR, 16-Sep-2026,685.5,787.0,685.1,751.5,632.0,21611638,159168.47,745432,8511200.0,39.38
KANPRPLA, 16-Sep-2026,247.5,270.0,243.15,265.85,246.0,27577,70.43,1106,13479.0,48.88
KANSAINER, 16-Sep-2026,183.03,185.98,181.06,184.81,183.03,277695,510.96,7377,164542.0,59.25
KAPSTON, 16-Sep-2026,565.0,580.0,540.85,577.15,563.45,43954,244.63,2677,18629.0,42.38
KARMAENG, 16-Sep-2026,38.95,43.88,37.31,38.72,37.29,111633,44.45,1075,21351.0,19.13
KARNIKA, 16-Sep-2026,116.1,119.4,116.1,118.7,116.65,33000,38.65,20,31000.0,93.94
KARURVYSYA, 16-Sep-2026,325.3,335.8,324.95,334.8,324.45,2316768,7681.39,43745,1098529.0,47.42
KATARIA, 16-Sep-2026,148.1,150.0,145.0,149.45,148.1,13800,20.42,23,13200.0,95.65
KAVDEFENCE, 16-Sep-2026,74.72,79.9,70.11,73.43,75.17,1471028,1115.48,14328,607692.0,41.31
KAYNES, 16-Sep-2026,3392.0,3411.3,3293.0,3385.0,3392.0,723071,24306.2,59212,221206.0,30.59
KCEIL, 16-Sep-2026,75.05,76.0,74.3,76.0,75.3,33500,25.17,33,28000.0,83.58
KCK, 16-Sep-2026,14.95,14.95,14.25,14.8,14.95,172500,25.22,17,165000.0,95.65
KCP, 16-Sep-2026,159.16,159.16,155.42,158.64,159.15,56006,88.36,1250,32940.0,58.82
KDDL, 16-Sep-2026,3732.0,3865.0,3732.0,3819.0,3756.5,30057,1144.17,5763,16571.0,55.13
KDGREEN, 16-Sep-2026,46.74,47.94,45.81,46.87,46.61,35148,16.43,528,13427.0,38.2
KDL, 16-Sep-2026,89.0,89.9,85.3,87.6,88.7,11700,10.26,56,5850.0,50.0
KEC, 16-Sep-2026,407.0,409.0,395.2,397.55,406.9,812676,3262.24,26493,271352.0,33.39
KECL, 16-Sep-2026,117.61,121.44,115.05,120.02,119.47,80550,95.48,2401,36681.0,45.54
KEEPLEARN, 16-Sep-2026,1.89,1.92,1.77,1.83,1.89,44368,0.82,123,37211.0,83.87
KEI, 16-Sep-2026,4484.0,4544.5,4468.0,4506.0,4500.0,306662,13808.26,26650,113199.0,36.91
KELLTONTEC, 16-Sep-2026,13.69,13.91,13.4,13.5,13.65,2802031,380.07,4719,1075500.0,38.38
KEN, 16-Sep-2026,39.7,39.7,39.3,39.3,38.0,2400,0.95,2,2400.0,100.0
KENNAMET, 16-Sep-2026,4290.0,4444.0,4100.2,4135.8,4266.4,62456,2638.79,14196,28236.0,45.21
KERNEX, 16-Sep-2026,1659.0,1679.0,1593.0,1648.3,1656.3,213622,3491.45,14247,112599.0,52.71
KEYFINSERV, 16-Sep-2026,250.0,250.0,241.05,246.25,246.6,760,1.87,94,533.0,70.13
KFINTECH, 16-Sep-2026,887.4,895.95,872.5,889.0,884.8,388510,3434.96,19019,141481.0,36.42
KHAICHEM, 16-Sep-2026,50.89,51.9,49.41,50.47,50.6,158837,79.99,1604,76243.0,48.0
KHAITANLTD, 16-Sep-2026,159.0,159.0,145.0,149.37,158.94,3814,5.69,130,2901.0,76.06
KHANDSE, 16-Sep-2026,17.3,17.87,17.0,17.5,17.67,1408,0.25,39,1300.0,92.33
KHFM, 16-Sep-2026,43.0,43.0,43.0,43.0,44.8,1550,0.67,1,1550.0,100.0
KICL, 16-Sep-2026,4821.0,4950.0,4746.0,4779.5,4846.5,5039,241.05,444,3849.0,76.38
KIMS, 16-Sep-2026,766.85,775.0,758.5,766.65,766.85,310465,2375.14,22482,168439.0,54.25
KINGFA, 16-Sep-2026,5694.0,5980.0,5675.5,5889.0,5754.0,18912,1100.63,6109,9669.0,51.13
KIOCL, 16-Sep-2026,343.0,344.65,323.55,326.85,340.8,180378,596.92,7721,101365.0,56.2
KIRANVYPAR, 16-Sep-2026,196.0,204.0,193.0,200.09,200.75,3730,7.5,202,2696.0,72.28
KIRIINDUS, 16-Sep-2026,521.0,526.2,492.0,513.4,522.85,797157,4055.3,17365,320069.0,40.15
KIRLFER, 16-Sep-2026,468.0,475.15,461.15,470.9,464.85,140176,657.07,8068,80646.0,57.53
KIRLOSBROS, 16-Sep-2026,1735.0,1755.0,1698.2,1724.7,1728.0,31065,536.53,6090,12993.0,41.83
KIRLOSENG, 16-Sep-2026,2040.5,2111.2,1934.0,2040.5,2041.6,473446,9454.83,60401,232933.0,49.2
KIRLOSIND, 16-Sep-2026,3834.7,3865.0,3636.1,3770.2,3834.0,15231,568.31,2676,3857.0,25.32
KIRLPNU, 16-Sep-2026,698.15,701.0,676.55,695.2,698.15,142430,987.51,11460,76168.0,53.48
KISSHT, 16-Sep-2026,341.0,349.25,329.0,342.65,339.55,1873189,6388.71,36347,824231.0,44.0
KITEX, 16-Sep-2026,119.0,120.82,116.9,118.58,119.13,409195,485.13,5080,163838.0,40.04
KJMCFIN, 16-Sep-2026,60.5,62.77,60.5,62.57,60.95,670,0.41,12,655.0,97.76
KKCL, 16-Sep-2026,498.7,498.7,483.95,485.55,498.6,33495,162.96,2257,21378.0,63.82
KLBRENG-B, 16-Sep-2026,461.1,469.05,448.0,462.65,466.0,181219,829.24,6717,74797.0,41.27
KLL, 16-Sep-2026,25.3,25.3,23.6,24.2,24.0,13600,3.31,14,12000.0,88.24
KMCSHIL, 16-Sep-2026,133.46,154.0,128.48,146.93,132.8,9088731,13237.32,74377,472963.0,5.2
KMEW, 16-Sep-2026,2710.0,2758.7,2488.8,2708.7,2730.5,240945,6284.69,36117,90414.0,37.52
KMSUGAR, 16-Sep-2026,29.11,29.59,28.2,28.63,29.1,111052,31.8,781,61987.0,55.82
KNACK, 16-Sep-2026,178.58,182.1,171.1,179.69,178.58,805422,1434.99,8538,260117.0,32.3
KNAGRI, 16-Sep-2026,194.95,196.6,163.55,180.25,192.52,9108,16.92,166,5504.0,60.43
KNRCON, 16-Sep-2026,121.0,122.82,117.49,121.82,121.22,1757894,2118.24,16304,739372.0,42.06
KODYTECH, 16-Sep-2026,1400.0,1435.0,1340.45,1420.0,1411.0,9200,125.75,78,8300.0,90.22
KOHINOOR, 16-Sep-2026,30.4,31.75,28.64,31.36,29.58,318617,97.01,3660,121449.0,38.12
KOKUYOCMLN, 16-Sep-2026,76.64,78.36,76.1,76.6,77.0,27445,21.03,839,20074.0,73.14
KOLTEPATIL, 16-Sep-2026,418.0,430.8,413.2,429.05,420.8,50440,213.23,3267,21128.0,41.89
KONSTELEC, 16-Sep-2026,60.4,60.4,60.4,60.4,60.4,1000,0.6,1,1000.0,100.0
KOPRAN, 16-Sep-2026,251.5,274.78,237.78,260.86,249.9,14226630,37489.62,200465,945614.0,6.65
KORE, 16-Sep-2026,169.0,179.9,168.65,172.55,177.5,8500,14.82,13,8250.0,97.06
KOTAKBANK, 16-Sep-2026,413.6,417.05,409.35,415.0,409.8,10898426,45230.8,87698,7839973.0,71.94
KOTHARIPET, 16-Sep-2026,131.81,134.62,130.02,133.03,130.35,66598,88.21,1804,36672.0,55.06
KOTHARIPRO, 16-Sep-2026,66.0,66.0,63.0,64.14,65.03,9143,5.84,161,7643.0,83.59
KOTIC, 16-Sep-2026,128.8,137.95,123.12,133.61,126.62,26388,34.39,585,14188.0,53.77
KOVAI, 16-Sep-2026,6019.0,6169.0,5974.0,6088.0,6019.0,4040,244.58,1096,2383.0,58.99
KPEL, 16-Sep-2026,210.5,214.0,206.52,210.32,210.24,208889,440.44,6065,90364.0,43.26
KPIGREEN, 16-Sep-2026,279.0,280.4,271.9,276.35,277.15,657223,1813.88,17960,271263.0,41.27
KPIL, 16-Sep-2026,1380.0,1395.3,1345.6,1390.9,1380.2,100752,1386.01,20007,48791.0,48.43
KPITTECH, 16-Sep-2026,563.0,566.4,553.1,555.0,563.0,831708,4636.46,21333,249411.0,29.99
KPL, 16-Sep-2026,3420.1,3477.2,3137.0,3356.0,3430.6,82018,2691.24,17297,31268.0,38.12
KPRMILL, 16-Sep-2026,1117.2,1130.2,1080.0,1121.4,1120.2,162171,1807.64,17851,79738.0,49.17
KRBL, 16-Sep-2026,395.0,398.65,383.5,394.85,397.15,386919,1511.32,16027,169606.0,43.84
KREBSBIO, 16-Sep-2026,55.5,57.8,54.66,55.65,56.27,5062,2.83,78,4375.0,86.43
KRIDHANINF, 16-Sep-2026,1.95,1.95,1.85,1.89,1.94,63697,1.19,133,53533.0,84.04
KRISHANA, 16-Sep-2026,177.0,185.8,171.21,183.67,177.2,1194736,2155.29,12264,587378.0,49.16
KRISHCA, 16-Sep-2026,158.35,159.0,156.0,158.95,159.4,17500,27.67,20,12500.0,71.43
KRISHIVAL, 16-Sep-2026,421.0,421.5,417.75,419.4,419.5,6512,27.32,221,4592.0,70.52
KRISHNADEF, 16-Sep-2026,1018.7,1034.1,975.8,1002.4,1027.8,99852,1000.6,9095,44324.0,44.39
KRITI, 16-Sep-2026,63.0,63.0,60.8,61.91,61.6,9680,6.02,73,7119.0,73.54
KRITIKA, 16-Sep-2026,5.22,5.35,5.0,5.17,5.24,114539,5.91,477,77462.0,67.63
KRITINUT, 16-Sep-2026,80.0,81.0,79.0,80.3,80.78,9859,7.86,141,8430.0,85.51
KRMAYURVED, 16-Sep-2026,316.5,316.5,295.0,297.4,316.05,221000,664.26,184,140000.0,63.35
KRN, 16-Sep-2026,1491.8,1506.4,1438.3,1438.3,1514.0,278536,4018.64,7612,152080.0,54.6
KROSS, 16-Sep-2026,228.86,229.79,220.42,225.86,228.87,554517,1246.63,13180,226416.0,40.83
KRSNAA, 16-Sep-2026,540.0,549.0,525.0,536.4,541.65,42893,229.0,4631,19482.0,45.42
KRT, 16-Sep-2026,113.46,113.7,112.75,113.17,113.46,1863820,2106.68,3018,1778182.0,95.41
KRYSTAL, 16-Sep-2026,611.95,668.5,600.25,655.6,607.8,174712,1140.67,3622,52448.0,30.02
KSB, 16-Sep-2026,786.0,789.65,762.0,764.85,787.95,144252,1110.84,12222,89048.0,61.73
KSCL, 16-Sep-2026,697.0,704.1,685.4,690.45,697.9,57444,399.28,4957,26361.0,45.89
KSE, 16-Sep-2026,175.05,177.93,174.01,176.35,176.88,9240,16.24,255,6350.0,68.72
KSHINTL, 16-Sep-2026,1052.0,1067.0,990.9,1060.35,1058.85,397791,4099.83,41377,141226.0,35.5
KSHITIJPOL, 16-Sep-2026,3.82,3.83,3.82,3.83,3.65,2313639,88.56,951,1453920.0,62.84
KSL, 16-Sep-2026,930.45,963.45,901.15,952.0,930.45,108914,1022.9,7986,42260.0,38.8
KSOLVES, 16-Sep-2026,250.0,261.9,249.0,255.75,252.1,35656,90.06,1676,21781.0,61.09
KSR, 16-Sep-2026,45.98,46.62,44.65,46.52,44.4,86153,39.32,805,49735.0,57.73
KTKBANK, 16-Sep-2026,314.6,321.85,309.95,318.2,315.95,2085928,6588.03,32664,1082918.0,51.92
KUANTUM, 16-Sep-2026,77.13,77.13,75.25,75.69,75.99,49275,37.49,817,31063.0,63.04
KUSUMGAR, 16-Sep-2026,550.0,557.0,533.0,549.2,552.35,146373,800.53,9790,67835.0,46.34
KWIL, 16-Sep-2026,40.85,41.67,39.11,41.32,40.83,17948121,7273.14,43806,6156689.0,34.3
LADDERUP, 16-Sep-2026,66.8,66.8,60.2,60.94,66.88,10098,6.17,746,6419.0,63.57
LAGNAM, 16-Sep-2026,71.03,72.99,69.13,71.3,71.15,977,0.69,92,671.0,68.68
LAHOTIOV, 16-Sep-2026,40.99,40.99,39.2,40.43,39.28,1636,0.65,35,1202.0,73.47
LAKSHMIMIL, 16-Sep-2026,7760.0,7850.0,7554.0,7850.0,7565.0,10,0.77,8,8.0,80.0
LAKSHYA, 16-Sep-2026,79.6,80.35,79.6,80.35,77.55,4000,3.2,5,4000.0,100.0
LAL, 16-Sep-2026,8.99,9.05,8.49,8.77,8.99,438065,37.85,262,420150.0,95.91
LALITHAA, 16-Sep-2026,305.65,305.65,305.65,305.65,321.7,147338,450.34,3251,147338.0,100.0
LALPATHLAB, 16-Sep-2026,1921.0,2038.6,1870.0,1895.7,1906.4,1560989,30235.97,138013,247330.0,15.84
LAMBODHARA, 16-Sep-2026,128.65,130.5,116.6,117.76,130.33,98400,117.13,1741,36907.0,37.51
LAMOSAIC, 16-Sep-2026,54.0,54.0,50.8,53.15,53.45,29400,15.3,40,25800.0,87.76
LANCER, 16-Sep-2026,12.95,12.95,12.05,12.23,12.47,243216,29.78,688,183608.0,75.49
LANDMARK, 16-Sep-2026,472.0,484.0,454.05,476.6,470.35,111985,528.07,6692,41485.0,37.05
LANDSMILL, 16-Sep-2026,0.58,0.58,0.56,0.57,0.57,1288942,7.4,778,787654.0,61.11
LAOPALA, 16-Sep-2026,162.13,162.13,155.0,156.01,160.63,336735,526.09,10751,199509.0,59.25
LARGEMID50, 16-Sep-2026,35.06,35.2,34.95,35.19,35.06,1217,0.43,15,918.0,75.43
LASERPOWER, 16-Sep-2026,273.6,277.5,266.2,270.8,271.9,505982,1374.12,10916,226051.0,44.68
LATENTVIEW, 16-Sep-2026,254.8,262.5,251.05,252.15,252.9,2075787,5347.98,41773,352710.0,16.99
LATTEYS, 16-Sep-2026,20.52,20.99,20.12,20.65,20.52,20896,4.27,143,15001.0,71.79
LAURUSLABS, 16-Sep-2026,1924.6,1940.4,1863.5,1905.5,1926.9,2871410,54019.15,77043,1499001.0,52.2
LAXMICOT, 16-Sep-2026,12.59,13.45,12.54,13.22,12.63,27323,3.58,83,23768.0,86.99
LAXMIDENTL, 16-Sep-2026,196.33,198.56,190.81,195.43,197.46,50757,98.7,1589,18467.0,36.38
LAXMIINDIA, 16-Sep-2026,121.59,124.8,117.25,119.85,121.59,198799,238.65,2590,84086.0,42.3
LCCINFOTEC, 16-Sep-2026,3.03,3.13,2.99,3.13,2.99,39224,1.22,126,37155.0,94.73
LCL, 16-Sep-2026,532.8,535.9,504.4,523.8,535.5,495678,2565.59,17508,233392.0,47.09
LEAPIND, 16-Sep-2026,134.61,135.85,128.55,134.71,134.61,2218348,2938.81,28193,725809.0,32.72
LEMERITE, 16-Sep-2026,19.76,19.76,19.06,19.18,20.06,207689,40.02,449,151235.0,72.82
LEMONTREE, 16-Sep-2026,102.8,103.59,100.88,103.26,102.58,1729566,1772.68,23016,813429.0,47.03
LENSKART, 16-Sep-2026,688.4,689.9,667.25,675.85,685.4,6968307,47285.36,157842,4451639.0,63.88
LEXUS, 16-Sep-2026,12.99,13.75,12.99,13.52,12.75,19072,2.53,187,16759.0,87.87
LFIC, 16-Sep-2026,138.9,138.95,128.9,131.3,136.64,11464,15.18,198,9807.0,85.55
LGBBROSLTD, 16-Sep-2026,1701.0,1716.0,1671.1,1706.7,1703.2,38929,657.1,4089,23958.0,61.54
LGEINDIA, 16-Sep-2026,1630.0,1646.3,1599.0,1628.2,1629.6,196075,3176.75,27040,98286.0,50.13
LGHL, 16-Sep-2026,184.19,196.0,173.52,187.04,185.11,49456,91.85,692,11114.0,22.47
LIBAS, 16-Sep-2026,11.9,11.9,11.3,11.47,11.43,193790,22.08,181,129068.0,66.6
LIBERTSHOE, 16-Sep-2026,220.0,222.0,215.0,217.94,218.62,28444,61.78,895,20338.0,71.5
LICHSGFIN, 16-Sep-2026,541.8,551.45,529.6,543.0,542.0,3693410,19981.0,40001,1774356.0,48.04
LICI, 16-Sep-2026,392.0,395.5,386.5,395.5,391.5,7015226,27515.13,105837,4139775.0,59.01
LICMFGOLD, 16-Sep-2026,135.1,136.7,135.1,135.6,133.95,315886,429.86,669,219032.0,69.34
LICNETFGSC, 16-Sep-2026,29.23,29.4,29.05,29.2,29.23,1880,0.55,58,1622.0,86.28
LICNETFN50, 16-Sep-2026,259.72,262.59,259.72,259.85,261.0,275,0.72,29,174.0,63.27
LICNFNHGP, 16-Sep-2026,272.7,275.65,271.1,275.01,270.0,296,0.8,11,257.0,86.82
LICNMID100, 16-Sep-2026,59.77,62.44,59.77,60.84,60.99,22005,13.41,235,11681.0,53.08
LIKHITHA, 16-Sep-2026,225.55,239.95,207.0,227.33,222.22,378760,864.13,7452,101685.0,26.85
LINC, 16-Sep-2026,95.5,95.5,89.5,90.37,95.02,29059,26.55,1106,21112.0,72.65
LINCOLN, 16-Sep-2026,606.65,609.95,586.1,590.7,602.6,33110,196.52,1768,19297.0,58.28
LINDEINDIA, 16-Sep-2026,6090.0,6150.5,6024.5,6089.5,6080.0,12044,733.61,3381,5502.0,45.68
LIQGRWBEES, 16-Sep-2026,1055.0,1055.66,1055.0,1055.64,1055.53,95816,1011.49,220,75583.0,78.88
LIQUID, 16-Sep-2026,999.99,1000.0,999.99,999.99,999.99,154680,1546.79,192,115031.0,74.37
LIQUID1, 16-Sep-2026,1122.67,1123.8,1122.3,1122.81,1122.67,739768,8306.2,552,403772.0,54.58
LIQUIDADD, 16-Sep-2026,1144.89,1144.91,1144.88,1144.88,1144.75,308661,3533.82,360,205975.0,66.73
LIQUIDBEES, 16-Sep-2026,999.99,1000.01,999.99,999.99,999.99,3811884,38118.66,5296,3192904.0,83.76
LIQUIDBETA, 16-Sep-2026,1008.16,1008.16,1008.16,1008.16,1008.02,132,1.33,8,132.0,100.0
LIQUIDBETF, 16-Sep-2026,1098.95,1098.95,1098.93,1098.94,1098.82,123415,1356.26,109,108617.0,88.01
LIQUIDCASE, 16-Sep-2026,115.95,115.95,115.93,115.93,115.92,21585579,25026.68,16205,16323937.0,75.62
LIQUIDETF, 16-Sep-2026,1000.0,1000.01,999.99,999.99,999.99,159105,1591.05,244,131246.0,82.49
LIQUIDIETF, 16-Sep-2026,1000.0,1000.01,999.99,999.99,999.99,191381,1913.81,171,126288.0,65.99
LIQUIDPLUS, 16-Sep-2026,1103.32,1103.34,1103.32,1103.32,1103.18,571866,6309.54,425,493954.0,86.38
LIQUIDSBI, 16-Sep-2026,999.99,1000.0,999.99,1000.0,999.99,1823,18.23,15,1823.0,100.0
LIQUIDSHRI, 16-Sep-2026,1121.58,1121.6,1121.58,1121.58,1121.45,1086,12.18,12,888.0,81.77
LKPSEC, 16-Sep-2026,15.2,15.77,14.98,15.03,15.2,35001,5.32,302,33802.0,96.57
LLOYDSENGG, 16-Sep-2026,79.71,81.0,77.68,80.02,79.71,4340426,3459.21,22252,1740345.0,40.1
LLOYDSENT, 16-Sep-2026,67.33,68.56,65.91,66.96,67.64,1910226,1283.43,11669,973874.0,50.98
LLOYDSME, 16-Sep-2026,1780.0,1832.3,1765.0,1812.3,1778.8,293730,5307.82,22356,124213.0,42.29
LMW, 16-Sep-2026,17180.0,17700.0,16800.0,17617.0,17103.0,7595,1319.07,3235,3901.0,51.36
LODHA, 16-Sep-2026,1050.0,1090.6,1047.5,1087.4,1064.8,1204027,12900.43,28981,510288.0,42.38
LOKESHMACH, 16-Sep-2026,333.0,354.8,322.45,348.25,332.2,55160,188.24,2341,28567.0,51.79
LORDSCHLO, 16-Sep-2026,131.5,136.48,130.31,133.49,131.1,6679,8.95,395,3279.0,49.09
LOTUSCHO, 16-Sep-2026,580.65,584.0,560.0,561.7,574.9,2698,15.23,349,2124.0,78.72
LOTUSEYE, 16-Sep-2026,113.25,115.59,110.01,114.94,110.59,10389,11.73,221,7868.0,75.73
LOVABLE, 16-Sep-2026,71.9,71.99,68.16,69.75,70.91,16767,11.71,383,9102.0,54.29
LOWVOL, 16-Sep-2026,198.55,199.39,198.07,199.39,198.22,1505,2.99,9,903.0,60.0
LOWVOL1, 16-Sep-2026,20.38,20.42,20.22,20.23,20.27,111209,22.64,14551,70480.0,63.38
LOWVOLIETF, 16-Sep-2026,21.27,21.44,21.21,21.28,21.27,1400208,298.3,15487,1079960.0,77.13
LOYALTEX, 16-Sep-2026,210.0,210.0,203.0,209.99,210.0,156,0.33,10,155.0,99.36
LPDC, 16-Sep-2026,6.17,6.18,6.02,6.12,6.06,12980,0.79,103,8838.0,68.09
LRRPL, 16-Sep-2026,90.05,90.05,89.0,89.0,90.05,6000,5.39,4,6000.0,100.0
LT, 16-Sep-2026,3844.2,3867.9,3799.9,3807.7,3850.7,2038640,77970.36,122434,1392097.0,68.29
LTF, 16-Sep-2026,296.9,300.95,293.8,295.5,296.8,1797290,5337.82,21578,663553.0,36.92
LTFOODS, 16-Sep-2026,423.0,424.25,408.95,417.75,421.05,320057,1332.0,17041,138323.0,43.22
LTGILTBEES, 16-Sep-2026,29.66,29.74,29.64,29.7,29.67,794995,235.9,463,641792.0,80.73
LTGILTCASE, 16-Sep-2026,30.82,30.82,30.2,30.28,30.22,180779,54.71,167,178136.0,98.54
LTM, 16-Sep-2026,4349.0,4370.0,4233.0,4233.0,4346.6,229957,9897.89,24050,68299.0,29.7
LTTS, 16-Sep-2026,3340.0,3366.0,3293.0,3351.5,3312.2,46682,1557.48,9310,24554.0,52.6
LUMAXIND, 16-Sep-2026,5738.5,5800.0,5560.0,5760.5,5766.5,11706,668.66,4806,5632.0,48.11
LUMAXTECH, 16-Sep-2026,1990.2,2003.1,1905.0,1941.8,1991.3,110575,2146.88,23360,41847.0,37.84
LUMINO, 16-Sep-2026,102.99,102.99,98.05,100.29,103.16,9172632,9231.09,45727,1975520.0,21.54
LUPIN, 16-Sep-2026,2056.4,2074.1,2033.5,2045.0,2063.2,789895,16165.58,49404,458810.0,58.08
LUXIND, 16-Sep-2026,1057.0,1063.8,1030.0,1032.4,1056.7,36476,379.51,2899,21867.0,59.95
LXCHEM, 16-Sep-2026,168.01,174.18,165.11,171.73,167.83,1325333,2259.95,13815,490945.0,37.04
M&M, 16-Sep-2026,3044.6,3105.9,3044.6,3070.0,3029.5,2390779,73678.45,113590,1406184.0,58.82
M&MFIN, 16-Sep-2026,342.5,347.35,341.1,345.05,342.3,1115347,3841.27,34864,595792.0,53.42
MAANALU, 16-Sep-2026,106.14,107.87,101.8,103.41,106.14,73650,76.53,1439,43521.0,59.09
MACOBSTECH, 16-Sep-2026,205.0,205.0,204.0,204.0,195.0,42400,86.7,5,41600.0,98.11
MACPOWER, 16-Sep-2026,1872.0,1930.0,1732.2,1889.6,1882.3,53070,976.97,7161,21070.0,39.7
MADHAV, 16-Sep-2026,35.01,35.01,34.5,34.5,35.18,378,0.13,22,354.0,93.65
MADHAVIPL, 16-Sep-2026,7.99,7.99,7.57,7.69,7.82,103376,7.98,298,62946.0,60.89
MADHURKNIT, 16-Sep-2026,56.0,60.0,56.0,56.05,69.95,1153200,646.06,442,974400.0,84.5
MADHUSUDAN, 16-Sep-2026,239.1,244.95,235.85,239.5,240.0,12000,28.82,11,10000.0,83.33
MADRASFERT, 16-Sep-2026,61.4,61.43,59.57,60.27,60.52,48477,29.22,1038,22470.0,46.35
MAFANG, 16-Sep-2026,237.44,239.9,230.0,232.48,234.2,741752,1739.44,16117,350126.0,47.2
MAFATIND, 16-Sep-2026,122.94,122.94,119.1,120.41,122.15,21676,26.06,861,13688.0,63.15
MAGADSUGAR, 16-Sep-2026,520.15,520.2,494.1,505.7,520.15,25481,128.22,2830,11894.0,46.68
MAGNUM, 16-Sep-2026,18.51,19.9,18.46,18.94,18.69,102635,19.67,433,50082.0,48.8
MAGSON, 16-Sep-2026,175.0,175.0,175.0,175.0,179.05,1000,1.75,1,1000.0,100.0
MAHABANK, 16-Sep-2026,80.1,81.7,79.2,80.21,79.56,18702078,15039.03,48756,7094636.0,37.94
MAHAPEXLTD, 16-Sep-2026,54.0,58.02,52.67,54.88,53.15,24489,13.83,302,17828.0,72.8
MAHEPC, 16-Sep-2026,102.08,103.5,101.0,101.18,102.08,10621,10.81,246,6593.0,62.08
MAHESHWARI, 16-Sep-2026,72.98,72.98,69.35,71.48,70.3,8631,6.15,73,7420.0,85.97
MAHKTECH, 16-Sep-2026,21.74,22.74,21.4,21.5,21.74,1007198,217.69,6802,691137.0,68.62
MAHLIFE, 16-Sep-2026,348.6,353.4,339.0,344.15,345.9,77651,266.6,6073,37025.0,47.68
MAHLOG, 16-Sep-2026,383.0,390.5,380.0,386.8,387.25,122831,473.54,9146,57756.0,47.02
MAHSCOOTER, 16-Sep-2026,13231.0,13231.0,12900.0,13123.0,12882.0,3273,427.67,1238,1380.0,42.16
MAHSEAMLES, 16-Sep-2026,701.1,702.05,674.15,692.95,701.1,217121,1492.33,14767,83769.0,38.58
MAITHANALL, 16-Sep-2026,1010.0,1010.0,974.45,994.45,1006.05,70638,701.61,5894,33458.0,47.37
MAITREYA, 16-Sep-2026,116.05,122.45,114.95,114.95,116.0,2400,2.81,6,1600.0,66.67
MAKEINDIA, 16-Sep-2026,160.98,160.98,157.23,159.39,158.97,39316,62.53,584,29482.0,74.99
MAKERSL, 16-Sep-2026,174.98,179.98,174.98,177.92,173.77,376,0.67,47,358.0,95.21
MAL, 16-Sep-2026,45.0,45.0,44.0,44.0,46.3,6400,2.83,4,4800.0,75.0
MALLCOM, 16-Sep-2026,912.0,932.4,912.0,924.3,911.95,1187,10.95,179,911.0,76.75
MALUPAPER, 16-Sep-2026,33.0,33.0,31.05,31.66,32.96,28875,9.23,367,13194.0,45.69
MAMATA, 16-Sep-2026,390.5,405.35,388.0,391.55,396.65,56046,221.18,3435,19077.0,34.04
MANAKALUCO, 16-Sep-2026,36.49,36.49,34.0,35.0,35.47,82635,28.83,800,49519.0,59.92
MANAKCOAT, 16-Sep-2026,124.19,126.9,119.5,125.96,124.19,382017,475.21,3235,163812.0,42.88
MANAKSIA, 16-Sep-2026,67.12,67.3,64.0,64.41,68.01,102935,66.81,1684,56946.0,55.32
MANALIPETC, 16-Sep-2026,80.0,85.5,79.5,82.37,80.19,2637453,2158.63,20069,647103.0,24.54
MANAPPURAM, 16-Sep-2026,321.25,324.7,317.25,319.9,318.85,3120709,10015.71,52092,1563255.0,50.09
MANBA, 16-Sep-2026,133.76,135.99,125.55,130.67,133.87,93447,122.59,1285,34448.0,36.86
MANCREDIT, 16-Sep-2026,220.5,221.69,210.99,215.24,215.36,135509,289.99,1902,21517.0,15.88
MANDEEP, 16-Sep-2026,17.0,17.0,17.0,17.0,17.0,2000,0.34,1,2000.0,100.0
MANGALAM, 16-Sep-2026,33.0,33.79,31.2,31.98,33.54,56939,18.48,741,41356.0,72.63
MANGLMCEM, 16-Sep-2026,978.3,998.3,972.0,988.8,989.4,54115,532.86,2957,32490.0,60.04
MANILAM, 16-Sep-2026,40.8,42.0,40.8,40.8,42.0,6000,2.47,3,4000.0,66.67
MANINDS, 16-Sep-2026,808.2,808.55,745.0,790.3,808.2,2075576,16110.61,66720,580383.0,27.96
MANINFRA, 16-Sep-2026,124.43,126.6,121.98,124.23,124.83,2441811,3041.24,15016,770870.0,31.57
MANIPALHOS, 16-Sep-2026,701.9,719.95,690.4,714.6,701.7,1278055,8987.29,31277,739877.0,57.89
MANKIND, 16-Sep-2026,2280.5,2300.7,2246.0,2246.0,2280.5,650768,14740.44,19184,491519.0,75.53
MANOMAY, 16-Sep-2026,228.15,230.81,221.28,223.85,228.71,129033,289.62,4754,28482.0,22.07
MANORAMA, 16-Sep-2026,1986.0,1993.3,1876.1,1916.4,1987.1,264064,5041.48,34461,118515.0,44.88
MANORG, 16-Sep-2026,450.1,463.35,448.05,451.05,454.3,9573,43.45,438,6319.0,66.01
MANUFGBEES, 16-Sep-2026,157.7,157.96,155.09,157.61,157.69,4901,7.68,137,3487.0,71.15
MANUGRAPH, 16-Sep-2026,15.1,15.88,14.7,15.14,14.65,19649,3.0,258,12985.0,66.08
MANYAVAR, 16-Sep-2026,560.0,563.65,543.25,554.7,566.65,245299,1350.92,15265,104742.0,42.7
MAPMYINDIA, 16-Sep-2026,892.4,895.6,865.6,883.1,887.8,93593,825.57,7711,38528.0,41.17
MARALOVER, 16-Sep-2026,59.7,61.89,58.06,59.42,60.0,31966,18.94,375,15808.0,49.45
MARATHON, 16-Sep-2026,408.2,419.9,397.25,415.05,414.0,97373,397.37,3237,58744.0,60.33
MARC, 16-Sep-2026,148.0,153.0,148.0,150.65,143.15,31200,46.89,21,26400.0,84.62
MARCO, 16-Sep-2026,29.0,30.2,29.0,30.2,30.0,6000,1.79,4,4500.0,75.0
MARICO, 16-Sep-2026,795.5,819.9,792.15,810.15,791.25,3237626,26338.1,104149,1668358.0,51.53
MARINE, 16-Sep-2026,383.0,383.0,352.65,373.3,376.75,1225207,4502.95,50943,447563.0,36.53
MARINETRAN, 16-Sep-2026,14.55,14.55,14.55,14.55,15.3,4000,0.58,1,4000.0,100.0
MARKOLINES, 16-Sep-2026,163.36,172.0,159.53,170.59,163.08,451228,754.06,3712,61692.0,13.67
MARKSANS, 16-Sep-2026,311.8,323.6,307.05,316.45,312.85,2264075,7135.51,52190,928834.0,41.02
MARSONS, 16-Sep-2026,121.96,124.79,119.71,121.54,121.3,2019696,2458.26,12597,393833.0,19.5
MARUSHIKA, 16-Sep-2026,118.0,120.0,118.0,119.65,119.0,12000,14.36,10,10800.0,90.0
MARUTI, 16-Sep-2026,12231.0,12367.0,12159.0,12166.0,12231.0,312876,38366.15,48387,170965.0,54.64
MASFIN, 16-Sep-2026,296.95,296.95,286.0,288.05,294.9,143175,414.05,7102,76163.0,53.2
MASKINVEST, 16-Sep-2026,147.84,147.84,137.0,142.4,140.8,169,0.25,15,152.0,89.94
MASON, 16-Sep-2026,112.0,114.25,112.0,112.0,110.0,6500,7.31,11,5000.0,76.92
MASPTOP50, 16-Sep-2026,97.44,100.5,95.31,98.65,95.31,739743,726.58,9189,353172.0,47.74
MASTEK, 16-Sep-2026,1642.1,1664.8,1622.0,1633.1,1652.1,87363,1429.14,12726,40411.0,46.26
MASTER, 16-Sep-2026,394.25,410.0,394.25,400.0,415.0,8500,33.96,15,5000.0,58.82
MASTERTR, 16-Sep-2026,88.16,89.0,84.84,85.38,87.55,496413,428.39,2877,82308.0,16.58
MATRIMONY, 16-Sep-2026,497.8,536.0,497.8,533.4,497.8,40915,214.76,1889,24006.0,58.67
MAWANASUG, 16-Sep-2026,128.69,128.69,122.81,125.16,129.0,292895,365.13,4419,152471.0,52.06
MAXESTATES, 16-Sep-2026,568.3,573.85,545.25,572.1,568.9,132037,746.22,4075,92920.0,70.37
MAXHEALTH, 16-Sep-2026,1036.4,1036.4,1021.6,1025.0,1030.0,1600620,16457.02,31221,888494.0,55.51
MAXIND, 16-Sep-2026,140.0,142.94,135.3,139.64,139.12,88956,124.86,8016,53701.0,60.37
MAXPOSURE, 16-Sep-2026,33.0,37.65,33.0,37.65,31.4,42000,15.08,37,38000.0,90.48
MAXVOLT, 16-Sep-2026,384.95,384.95,380.0,384.95,366.65,72800,280.15,150,65200.0,89.56
MAYURUNIQ, 16-Sep-2026,751.15,751.15,719.45,741.2,745.2,113517,833.17,7107,54740.0,48.22
MAZDOCK, 16-Sep-2026,2236.0,2288.6,2190.0,2231.9,2236.0,545318,12118.35,33962,164957.0,30.25
MBAPL, 16-Sep-2026,157.4,162.68,152.16,159.82,155.82,1546425,2445.55,16854,789203.0,51.03
MBEL, 16-Sep-2026,253.2,260.65,249.95,254.4,252.65,122018,310.85,6027,50009.0,40.98
MBLINFRA, 16-Sep-2026,22.6,22.8,21.85,22.14,22.56,26480,5.9,356,19646.0,74.19
MCCHRLS-B, 16-Sep-2026,650.1,699.0,650.1,660.0,675.0,5283,34.87,23,5282.0,99.98
MCL, 16-Sep-2026,56.4,57.98,54.46,54.96,56.53,52469,29.02,1329,31698.0,60.41
MCLEODRUSS, 16-Sep-2026,41.57,43.39,40.36,42.55,41.57,413950,173.41,1776,239262.0,57.8
MCLOUD, 16-Sep-2026,25.9,26.0,24.84,25.17,25.58,1055531,266.41,3447,491322.0,46.55
MCON, 16-Sep-2026,40.0,40.7,39.45,39.45,41.2,10000,4.0,10,9000.0,90.0
MCX, 16-Sep-2026,3170.2,3224.5,3056.6,3211.2,3173.5,1971522,61949.88,111422,671598.0,34.06
MEDANTA, 16-Sep-2026,1425.0,1425.0,1380.1,1404.6,1418.1,227556,3189.69,29307,131701.0,57.88
MEDIASSIST, 16-Sep-2026,312.0,318.0,308.0,312.5,309.9,118389,370.19,5562,59054.0,49.88
MEDICAMEQ, 16-Sep-2026,315.35,354.4,290.55,345.5,318.2,248996,835.71,9258,89611.0,35.99
MEDICAPQ, 16-Sep-2026,27.9,27.9,25.68,25.81,28.53,21492,5.61,194,17036.0,79.27
MEDICO, 16-Sep-2026,35.75,36.98,35.11,35.33,35.68,139644,49.66,944,78548.0,56.25
MEDIORG, 16-Sep-2026,23.9,23.9,23.9,23.9,22.8,2000,0.48,1,2000.0,100.0
MEDISTEP, 16-Sep-2026,19.4,21.5,19.4,21.5,22.5,9000,1.87,3,6000.0,66.67
MEDPLUS, 16-Sep-2026,656.05,660.65,645.0,656.1,656.3,114156,744.48,7708,68769.0,60.24
MEESHO, 16-Sep-2026,212.4,214.5,207.61,213.26,212.4,9379846,19832.01,94620,4406724.0,46.98
MEGAFLEX, 16-Sep-2026,96.25,96.25,96.25,96.25,96.0,1000,0.96,1,1000.0,100.0
MEGASTAR, 16-Sep-2026,281.2,289.85,272.4,277.75,285.5,988,2.75,127,639.0,64.68
MEGATHERM, 16-Sep-2026,270.0,270.0,253.0,267.1,265.25,18000,47.31,44,13600.0,75.56
MEIL, 16-Sep-2026,273.2,274.7,262.55,268.6,276.55,44664,119.86,1414,20871.0,46.73
MERCANTILE, 16-Sep-2026,22.97,22.97,21.62,22.13,22.02,5962,1.32,149,4494.0,75.38
MERCURYEV, 16-Sep-2026,41.0,41.97,36.79,39.08,40.87,1101352,420.33,5484,370816.0,33.67
METAL, 16-Sep-2026,13.12,13.19,12.68,12.88,12.8,2201316,282.73,6441,1335842.0,60.68
METALIC, 16-Sep-2026,149.0,150.0,142.65,143.0,150.15,116800,168.16,68,96000.0,82.19
METALIETF, 16-Sep-2026,12.77,12.9,12.64,12.85,12.77,4879226,623.47,8772,2022105.0,41.44
METROBRAND, 16-Sep-2026,951.75,955.35,934.55,948.3,944.45,24415,231.18,4541,12552.0,51.41
METROGLOBL, 16-Sep-2026,131.01,135.3,131.0,132.0,134.31,1378,1.85,29,1352.0,98.11
METROPOLIS, 16-Sep-2026,571.0,585.0,557.8,580.85,572.5,368661,2128.78,25400,218573.0,59.29
MFML, 16-Sep-2026,19.0,19.38,18.98,19.34,18.68,700,0.13,17,700.0,100.0
MFSL, 16-Sep-2026,1425.9,1491.7,1423.6,1487.6,1425.9,929997,13614.02,51649,525826.0,56.54
MGEL, 16-Sep-2026,15.41,15.88,15.41,15.6,15.53,226843,35.29,397,185656.0,81.84
MGL, 16-Sep-2026,1071.0,1084.5,1047.0,1080.1,1071.7,99105,1055.34,16536,46862.0,47.29
MGSL, 16-Sep-2026,71.8,71.8,65.7,66.1,68.1,27600,18.93,21,21600.0,78.26
MHHL, 16-Sep-2026,32.2,32.2,32.2,32.2,33.85,4500,1.45,3,4500.0,100.0
MHRIL, 16-Sep-2026,194.59,196.02,188.21,193.51,192.4,103937,199.46,5204,44672.0,42.98
MID150, 16-Sep-2026,23.31,23.31,22.46,22.88,22.85,73931,16.78,317,66018.0,89.3
MID150BEES, 16-Sep-2026,232.89,232.99,228.56,232.0,231.67,1289248,2976.48,11749,771172.0,59.82
MID150CASE, 16-Sep-2026,11.06,11.35,11.06,11.3,11.29,2486914,278.8,3653,1590405.0,63.95
MIDBANKADD, 16-Sep-2026,17.18,18.0,16.94,17.22,17.07,220246,37.74,41,156814.0,71.2
MIDCAP, 16-Sep-2026,18.12,18.28,17.76,18.01,18.03,479334,85.8,1139,285819.0,59.63
MIDCAPADD, 16-Sep-2026,22.47,22.8,22.21,22.7,22.47,14535,3.26,39,5483.0,37.72
MIDCAPBETA, 16-Sep-2026,233.75,233.75,224.0,226.47,231.44,42932,96.85,176,35433.0,82.53
MIDCAPETF, 16-Sep-2026,23.04,23.04,22.59,22.97,22.91,3919731,894.98,8493,2623929.0,66.94
MIDCAPIETF, 16-Sep-2026,23.28,23.35,22.92,23.23,23.28,1018692,235.87,2410,506151.0,49.69
MIDHANI, 16-Sep-2026,407.35,409.7,387.45,399.25,405.85,1623475,6459.65,44223,554012.0,34.13
MIDQ50ADD, 16-Sep-2026,24.12,24.13,23.7,24.07,24.12,40535,9.71,287,26531.0,65.45
MIDSELIETF, 16-Sep-2026,19.27,19.5,19.01,19.31,19.35,219935,42.22,774,103282.0,46.96
MIDSMALL, 16-Sep-2026,50.0,50.45,49.42,50.31,50.28,663597,331.22,2133,509638.0,76.8
MIDWESTLTD, 16-Sep-2026,974.0,989.9,951.6,975.3,974.3,14345,139.48,1882,6284.0,43.81
MIIL, 16-Sep-2026,689.95,704.9,640.5,663.0,666.1,140872,937.68,5872,47044.0,33.39
MILKYMIST, 16-Sep-2026,270.0,281.7,264.24,276.23,278.14,13428031,36229.49,81791,4782128.0,35.61
MILTON, 16-Sep-2026,37.9,37.9,37.9,37.9,36.1,4400,1.67,2,4400.0,100.0
MINDACORP, 16-Sep-2026,685.65,689.8,661.8,671.55,678.95,171805,1154.95,13196,93955.0,54.69
MINDSPACE, 16-Sep-2026,497.44,501.1,496.81,498.78,496.81,236993,1182.99,11136,198892.0,83.92
MINDTECK, 16-Sep-2026,156.0,157.19,153.0,154.47,154.36,20656,31.99,802,9861.0,47.74
MIRZAINT, 16-Sep-2026,29.5,29.94,28.51,29.02,29.4,83103,24.13,1149,44028.0,52.98
MITCON, 16-Sep-2026,80.0,83.8,79.95,80.26,80.0,3757,3.04,69,3398.0,90.44
MITTAL, 16-Sep-2026,0.79,0.79,0.76,0.77,0.77,1461130,11.38,449,1040333.0,71.2
MKEXIM, 16-Sep-2026,65.88,65.88,62.59,65.17,64.52,14202,9.14,304,12361.0,87.04
MKPL, 16-Sep-2026,4.0,4.7,3.93,4.03,3.92,128524,5.25,473,104028.0,80.94
MLKFOOD, 16-Sep-2026,80.0,80.0,75.43,75.59,78.84,2562,1.94,64,2103.0,82.08
MMEL, 16-Sep-2026,27.05,27.05,27.05,27.05,27.0,2000,0.54,1,2000.0,100.0
MMFL, 16-Sep-2026,597.0,611.6,578.2,606.95,593.8,109301,651.39,5892,49874.0,45.63
MMP, 16-Sep-2026,457.7,466.15,430.75,456.35,457.7,64179,288.65,3795,25345.0,39.49
MMTC, 16-Sep-2026,61.38,61.38,59.07,59.8,60.77,1176490,703.88,10898,383771.0,32.62
MMWL, 16-Sep-2026,13.77,13.9,13.09,13.12,13.77,23806,3.18,179,18229.0,76.57
MNC, 16-Sep-2026,32.01,32.32,31.92,32.09,32.18,94848,30.54,467,48428.0,51.06
MOALPHA50, 16-Sep-2026,53.33,55.46,52.44,54.34,54.04,141639,75.89,124,70246.0,49.6
MOBANK10, 16-Sep-2026,16.51,16.73,16.48,16.62,16.42,2068,0.34,43,981.0,47.44
MOBIKWIK, 16-Sep-2026,213.99,213.99,195.0,198.37,200.86,10303576,20937.2,119019,1762562.0,17.11
MOCAPITAL, 16-Sep-2026,52.85,53.06,51.71,52.57,52.85,1181704,617.74,4634,691837.0,58.55
MODEFENCE, 16-Sep-2026,101.77,101.77,98.07,100.52,100.76,3266265,3253.12,17417,1437173.0,44.0
MODINATUR, 16-Sep-2026,341.35,341.8,323.0,326.0,338.0,6152,20.29,397,4907.0,79.76
MODIRUBBER, 16-Sep-2026,120.86,123.96,118.0,119.1,121.46,1276,1.53,64,817.0,64.03
MODIS, 16-Sep-2026,356.0,363.25,339.5,352.7,354.4,33729,117.38,1684,15593.0,46.23
MODTHREAD, 16-Sep-2026,51.04,52.0,48.5,51.45,52.13,1215,0.6,37,1142.0,93.99
MOENERGY, 16-Sep-2026,37.66,37.98,37.17,37.45,37.48,88248,33.0,582,69965.0,79.28
MOGOLD, 16-Sep-2026,149.5,151.9,149.05,149.35,149.25,31256,46.71,433,11588.0,37.07
MOGSEC, 16-Sep-2026,64.69,65.61,64.61,64.82,65.01,9755,6.31,78,9610.0,98.51
MOHEALTH, 16-Sep-2026,52.3,52.3,50.45,51.4,51.11,56997,29.05,541,30089.0,52.79
MOHITE, 16-Sep-2026,2.54,2.99,2.48,2.61,2.54,79733,2.12,160,56754.0,71.18
MOHITIND, 16-Sep-2026,24.1,24.45,22.01,23.23,23.68,4201,0.97,124,2280.0,54.27
MOIL, 16-Sep-2026,238.5,239.6,234.06,237.36,238.54,726299,1717.74,12166,312774.0,43.06
MOINFRA, 16-Sep-2026,57.52,57.53,56.84,57.35,57.41,2209,1.27,67,2151.0,97.37
MOIPO, 16-Sep-2026,47.82,47.82,46.61,47.48,47.59,27647,13.05,46,16355.0,59.16
MOKSH, 16-Sep-2026,10.01,10.3,9.76,9.93,10.01,71948,7.12,306,46518.0,64.66
MOL, 16-Sep-2026,59.11,59.95,56.95,58.5,58.86,825563,480.9,6764,267236.0,32.37
MOLBIO, 16-Sep-2026,1385.0,1437.6,1196.2,1307.0,1356.8,8096253,104398.8,356625,583119.0,7.2
MOLDTKPAC, 16-Sep-2026,652.1,670.0,633.0,661.45,652.1,40145,261.62,3090,21297.0,53.05
MOLOWVOL, 16-Sep-2026,35.02,35.15,34.88,34.99,34.96,28354,9.93,42,17326.0,61.11
MOM100, 16-Sep-2026,67.59,67.59,65.08,66.11,65.95,394657,259.25,2779,188050.0,47.65
MOM30IETF, 16-Sep-2026,30.36,30.42,29.89,30.34,30.33,658877,198.9,2331,353586.0,53.66
MOM50, 16-Sep-2026,245.93,245.93,242.44,243.84,243.41,6122,14.91,121,4361.0,71.23
MOMENTUM, 16-Sep-2026,30.5,30.6,29.72,30.16,30.25,80126,24.09,397,33004.0,41.19
MOMENTUM30, 16-Sep-2026,29.75,30.34,29.33,29.91,29.78,24629,7.3,87,11525.0,46.79
MOMENTUM50, 16-Sep-2026,52.63,52.77,51.59,52.66,52.63,791696,413.52,16894,562846.0,71.09
MOMETAL, 16-Sep-2026,12.58,13.27,12.54,12.71,12.74,32836,4.19,48,32224.0,98.14
MOMGF, 16-Sep-2026,156.4,156.65,154.26,156.62,158.24,1032,1.61,45,772.0,74.81
MOMIDMTM, 16-Sep-2026,63.88,63.88,61.56,62.69,62.66,34693,21.63,358,20528.0,59.17
MOMMIDCAP, 16-Sep-2026,12.62,12.66,12.4,12.6,12.58,868783,109.09,2993,763990.0,87.94
MOMNC, 16-Sep-2026,31.12,31.8,30.95,31.38,31.12,11631,3.61,35,9920.0,85.29
MOMOMENTUM, 16-Sep-2026,60.35,60.78,59.31,60.33,60.3,61164,36.68,458,26006.0,42.52
MON100, 16-Sep-2026,338.88,338.88,325.1,326.77,330.62,688291,2254.81,21647,394552.0,57.32
MON50EQUAL, 16-Sep-2026,32.26,32.75,31.93,32.27,32.22,3713,1.19,52,2108.0,56.77
MONARCH, 16-Sep-2026,370.15,371.0,350.45,368.95,366.5,269952,986.43,3634,128955.0,47.77
MONEXT50, 16-Sep-2026,70.37,72.5,69.51,71.64,70.14,9193,6.47,69,6804.0,74.01
MONEYBOXX, 16-Sep-2026,49.43,49.43,49.43,49.43,44.94,16118,7.97,57,16114.0,99.98
MONIFTY100, 16-Sep-2026,24.48,24.6,24.37,24.59,24.48,38426,9.4,69,34429.0,89.6
MONIFTY500, 16-Sep-2026,23.19,23.35,22.88,23.15,23.19,593770,137.16,1686,430758.0,72.55
MONOLITH, 16-Sep-2026,1403.2,1449.95,1153.55,1390.95,1420.35,157750,2073.41,547,75500.0,47.86
MONOPHARMA, 16-Sep-2026,8.7,8.7,8.55,8.55,8.95,4000,0.35,2,4000.0,100.0
MONQ50, 16-Sep-2026,236.62,275.67,232.0,275.28,229.73,1389811,3589.97,21054,427221.0,30.74
MONTECARLO, 16-Sep-2026,552.4,570.0,540.05,549.95,552.35,50125,273.83,2515,25411.0,50.7
MOOILGAS, 16-Sep-2026,11.1,11.2,10.79,10.86,10.87,5392,0.59,48,2713.0,50.32
MOPSE, 16-Sep-2026,97.0,103.0,97.0,97.76,99.1,3381,3.29,38,3375.0,99.82
MOQUALITY, 16-Sep-2026,191.6,192.77,190.32,191.94,192.25,4136,7.95,31,3918.0,94.73
MOREALTY, 16-Sep-2026,83.0,83.4,80.92,83.01,82.37,410066,336.78,2577,168330.0,41.05
MOREPENLAB, 16-Sep-2026,106.45,116.0,97.04,114.73,106.22,39424210,42319.21,159523,8774248.0,22.26
MOS, 16-Sep-2026,5.45,5.45,5.45,5.45,5.7,404000,22.02,57,344000.0,85.15
MOSCHIP, 16-Sep-2026,203.02,204.36,195.02,199.16,203.02,1644416,3260.29,26505,578501.0,35.18
MOSERVICE, 16-Sep-2026,30.0,30.11,29.9,30.11,30.0,2127,0.64,20,2026.0,95.25
MOSILVER, 16-Sep-2026,224.4,226.41,224.4,225.55,221.93,37189,84.01,1310,18179.0,48.88
MOSMALL250, 16-Sep-2026,17.99,18.04,17.58,17.94,17.98,2922112,520.31,2705,1555327.0,53.23
MOTHERSON, 16-Sep-2026,157.19,160.4,156.4,158.27,158.15,8769455,13936.2,88939,5089255.0,58.03
MOTILALOFS, 16-Sep-2026,982.4,989.9,963.8,976.5,990.8,771004,7537.41,28919,336865.0,43.69
MOTISONS, 16-Sep-2026,15.46,16.87,15.02,16.62,15.47,93614476,15294.1,568618,10144655.0,10.84
MOTOGENFIN, 16-Sep-2026,25.1,25.8,24.61,25.0,25.15,8559,2.14,82,6304.0,73.65
MOTOUR, 16-Sep-2026,75.27,75.29,74.22,75.02,75.27,10952,8.2,166,10125.0,92.45
MOVALUE, 16-Sep-2026,109.5,111.84,108.69,109.92,109.39,42339,46.38,587,24363.0,57.54
MOXSH, 16-Sep-2026,90.3,95.0,90.3,95.0,93.9,3200,2.96,2,3200.0,100.0
MPEL, 16-Sep-2026,20.2,21.0,20.2,20.2,21.25,4800,0.98,3,4800.0,100.0
MPEL-RE, 16-Sep-2026,1.75,1.75,1.45,1.5,1.6,57600,0.96,17,57600.0,100.0
MPHASIS, 16-Sep-2026,2379.0,2393.9,2316.7,2316.7,2378.0,158994,3736.94,19506,66072.0,41.56
MPSLTD, 16-Sep-2026,2545.0,2629.3,2473.0,2610.2,2522.6,14772,377.1,3207,7165.0,48.5
MRF, 16-Sep-2026,125880.0,127700.0,124615.0,125010.0,125795.0,4959,6214.15,4026,2615.0,52.73
MRIL, 16-Sep-2026,76.0,79.8,72.55,79.8,76.0,115200,90.56,56,113600.0,98.61
MRPL, 16-Sep-2026,167.0,170.6,164.0,166.11,166.81,7293502,12202.55,49434,1849514.0,25.36
MSCI360, 16-Sep-2026,9.81,9.98,9.76,9.87,9.77,3079,0.31,17,3079.0,100.0
MSCIADD, 16-Sep-2026,28.49,28.63,28.47,28.63,28.56,314,0.09,6,157.0,50.0
MSCIINDIA, 16-Sep-2026,28.91,29.0,28.7,28.88,28.89,15530,4.48,89,14181.0,91.31
MSL, 16-Sep-2026,139.9,139.9,120.0,136.0,140.0,1487,1.91,40,1151.0,77.4
MSPL, 16-Sep-2026,32.51,33.84,31.8,33.48,32.96,561971,184.36,3263,292057.0,51.97
MSTCLTD, 16-Sep-2026,707.85,710.85,671.0,703.55,701.2,248850,1719.25,13680,103022.0,41.4
MSUMI, 16-Sep-2026,34.99,36.6,34.85,35.47,35.06,30692547,10962.75,75314,12312804.0,40.12
MTNL, 16-Sep-2026,24.03,24.14,23.3,23.84,23.7,597123,142.1,3545,222927.0,37.33
MUFIN, 16-Sep-2026,132.99,132.99,125.02,130.56,132.49,724979,948.47,4404,343911.0,47.44
MUFTI, 16-Sep-2026,72.99,73.0,71.61,72.34,72.49,43535,31.43,989,25366.0,58.27
MUKANDLTD, 16-Sep-2026,135.2,136.27,129.91,134.89,135.62,134607,178.01,2852,63278.0,47.01
MUKKA, 16-Sep-2026,31.1,31.31,29.26,29.53,31.39,1355601,405.98,7656,784736.0,57.89
MULTICAP, 16-Sep-2026,16.21,16.42,16.08,16.23,16.22,127049,20.57,458,99258.0,78.13
MUNISH, 16-Sep-2026,94.55,96.0,92.0,92.3,97.5,37200,35.44,11,34800.0,93.55
MUNJALAU, 16-Sep-2026,103.31,103.67,98.96,102.06,103.8,297064,301.61,9684,112124.0,37.74
MUNJALSHOW, 16-Sep-2026,125.28,126.59,123.31,124.67,125.28,15812,19.76,531,8233.0,52.07
MURUDCERA, 16-Sep-2026,29.0,29.8,28.16,28.6,29.0,11479,3.31,121,9930.0,86.51
MUTHOOTCAP, 16-Sep-2026,222.9,235.26,216.54,234.02,222.9,34493,78.55,1117,18350.0,53.2
MUTHOOTFIN, 16-Sep-2026,2726.0,2804.6,2725.2,2771.4,2722.3,632020,17555.74,52224,272827.0,43.17
MUTHOOTMF, 16-Sep-2026,187.98,192.3,185.34,187.41,187.61,216959,409.43,4205,103139.0,47.54
MVELECTRO, 16-Sep-2026,777.1,845.7,736.0,819.05,777.0,4327351,34733.99,127052,353781.0,8.18
MVGJL, 16-Sep-2026,196.04,209.9,185.15,207.16,196.05,672307,1353.65,16370,178277.0,26.52
MVKAGRO, 16-Sep-2026,270.65,280.0,270.65,270.65,284.85,371400,1006.26,391,239100.0,64.38
MWL, 16-Sep-2026,41.11,41.26,38.52,39.74,41.03,1184673,472.12,5305,470196.0,39.69
NACLIND, 16-Sep-2026,150.14,154.25,144.0,151.18,149.92,774178,1155.03,14227,254456.0,32.87
NAGREEKCAP, 16-Sep-2026,27.38,28.29,25.12,27.79,27.38,65647,17.85,486,35461.0,54.02
NAGREEKEXP, 16-Sep-2026,21.41,22.43,20.7,21.25,21.61,31177,6.78,411,22223.0,71.28
NAHARCAP, 16-Sep-2026,252.0,255.65,242.2,250.05,252.65,1758,4.38,93,1423.0,80.94
NAHARINDUS, 16-Sep-2026,126.35,130.19,124.0,127.3,127.37,36593,46.6,655,27062.0,73.95
NAHARPOLY, 16-Sep-2026,233.0,233.0,225.0,225.84,226.24,6869,15.55,221,5463.0,79.53
NAHARSPING, 16-Sep-2026,262.5,268.2,258.1,261.8,261.65,17468,45.77,867,9791.0,56.05
NAM-INDIA, 16-Sep-2026,1154.0,1158.0,1111.2,1124.0,1153.1,1222983,13699.15,41101,638366.0,52.2
NAMAN, 16-Sep-2026,38.0,38.0,37.6,37.65,39.0,4000,1.51,4,4000.0,100.0
NAMOEWASTE, 16-Sep-2026,262.0,267.85,259.9,265.45,273.55,60000,157.08,73,52000.0,86.67
NARMADA, 16-Sep-2026,14.1,14.1,13.5,13.77,13.85,216587,29.83,686,97096.0,44.83
NATCOPHARM, 16-Sep-2026,813.1,828.75,801.0,813.3,819.15,492595,4003.94,37976,250779.0,50.91
NATHBIOGEN, 16-Sep-2026,145.0,147.93,144.26,146.05,146.81,3309,4.83,113,2818.0,85.16
NATIONALUM, 16-Sep-2026,352.0,357.75,350.1,356.0,350.55,3670150,13034.59,61740,1916271.0,52.21
NATIONSTD, 16-Sep-2026,113.7,115.78,108.54,109.21,114.25,22636,25.2,590,10873.0,48.03
NAUKRI, 16-Sep-2026,1258.5,1274.3,1250.9,1256.0,1261.5,788281,9952.65,52223,451365.0,57.26
NAVA, 16-Sep-2026,538.8,554.7,535.05,548.3,536.95,290194,1589.81,21529,113288.0,39.04
NAVINFLUOR, 16-Sep-2026,8212.0,8295.0,8100.0,8160.5,8228.0,99485,8171.5,29437,48401.0,48.65
NAVKARCORP, 16-Sep-2026,91.89,92.07,84.8,85.56,91.58,1883621,1632.0,10941,1382564.0,73.4
NAVNETEDUL, 16-Sep-2026,124.74,126.0,122.1,125.03,124.1,58197,72.16,1761,30412.0,52.26
NAZARA, 16-Sep-2026,357.1,362.3,345.6,351.15,357.4,1068058,3756.44,25860,570450.0,53.41
NBCC, 16-Sep-2026,81.2,81.54,79.72,81.41,80.69,5850166,4733.76,36564,1734553.0,29.65
NBIFIN, 16-Sep-2026,2049.5,2049.5,1965.3,1993.6,1978.5,5174,102.11,40,5130.0,99.15
NCC, 16-Sep-2026,137.31,137.85,133.78,135.01,137.33,1955001,2645.21,24491,940775.0,48.12
NCLIND, 16-Sep-2026,173.99,173.99,168.6,172.42,173.02,38821,66.82,948,23969.0,61.74
NDGL, 16-Sep-2026,2652.3,2680.0,2601.0,2668.6,2655.5,71,1.89,20,62.0,87.32
NDL, 16-Sep-2026,2.79,3.2,2.64,2.89,2.75,1436754,39.74,1619,1000193.0,69.61
NDLVENTURE, 16-Sep-2026,120.01,123.01,115.89,116.65,118.87,36791,43.24,574,24795.0,67.39
NDRAUTO, 16-Sep-2026,672.85,676.4,653.3,670.55,672.85,16270,108.05,1850,8749.0,53.77
NDTV, 16-Sep-2026,71.91,71.91,68.75,69.74,70.43,40111,27.99,805,19650.0,48.99
NECLIFE, 16-Sep-2026,11.41,11.68,10.83,10.9,11.4,225810,24.73,616,155086.0,68.68
NEELAM, 16-Sep-2026,6.4,6.5,6.4,6.5,6.2,12000,0.77,2,12000.0,100.0
NELCAST, 16-Sep-2026,105.22,106.99,102.32,103.85,104.91,66256,69.04,1452,30780.0,46.46
NELCO, 16-Sep-2026,928.0,954.5,904.55,938.05,924.3,223586,2087.74,12892,72853.0,32.58
NEOCHEM, 16-Sep-2026,108.0,108.0,106.9,107.95,105.15,162000,174.45,24,160800.0,99.26
NEOGEN, 16-Sep-2026,2302.0,2347.8,2202.9,2302.4,2310.3,239255,5478.94,37164,103058.0,43.07
NEPHROCARE, 16-Sep-2026,92.0,96.0,91.55,95.85,95.4,12400,11.59,27,7600.0,61.29
NEPHROPLUS, 16-Sep-2026,734.85,742.7,710.05,735.2,734.95,144067,1048.08,11794,73049.0,50.7
NEPTUNE, 16-Sep-2026,179.0,179.0,179.0,179.0,179.0,1000,1.79,1,1000.0,100.0
NESCO, 16-Sep-2026,1093.0,1103.3,1053.6,1075.6,1087.7,26040,278.63,4305,11960.0,45.93
NESTLEIND, 16-Sep-2026,1369.2,1397.0,1368.7,1384.5,1362.0,1631890,22638.7,93197,843495.0,51.69
NETF, 16-Sep-2026,253.6,257.1,245.0,251.74,253.54,1490,3.77,135,1045.0,70.13
NETWEB, 16-Sep-2026,4629.5,4638.5,4388.0,4562.0,4614.0,1768403,79756.75,141142,355526.0,20.1
NETWORK18, 16-Sep-2026,25.8,26.55,25.71,26.12,25.95,4777743,1248.2,10848,2123963.0,44.46
NEULANDLAB, 16-Sep-2026,22595.0,23125.0,21855.0,22625.0,22595.0,50785,11393.9,21562,17810.0,35.07
NEWGEN, 16-Sep-2026,502.4,507.9,487.3,492.0,499.35,531343,2630.84,20602,161211.0,30.34
NEWJAISA, 16-Sep-2026,17.5,18.45,16.8,18.45,17.6,19500,3.46,11,16500.0,84.62
NEXT30ADD, 16-Sep-2026,41.48,41.77,41.07,41.24,41.59,4260,1.76,52,1433.0,33.64
NEXT50, 16-Sep-2026,732.0,732.0,720.0,729.58,728.36,24081,174.81,4161,13652.0,56.69
NEXT50ADD, 16-Sep-2026,70.58,71.09,70.38,70.74,70.86,17831,12.6,137,10377.0,58.2
NEXT50BETA, 16-Sep-2026,76.45,76.72,75.16,76.34,76.45,150745,114.63,875,86471.0,57.36
NEXT50ETF, 16-Sep-2026,71.39,71.39,70.38,70.93,71.39,11289,7.99,209,6620.0,58.64
NEXT50IETF, 16-Sep-2026,76.4,76.4,73.56,74.61,74.54,732507,544.59,5334,359531.0,49.08
NEXTMEDIA, 16-Sep-2026,3.83,3.83,3.7,3.8,3.83,14112,0.53,58,11300.0,80.07
NFL, 16-Sep-2026,67.0,67.13,65.3,66.29,67.18,545072,360.39,3871,213264.0,39.13
NFPSAMPOOR, 16-Sep-2026,21.95,21.95,21.1,21.1,22.0,4000,0.86,2,4000.0,100.0
NGIL, 16-Sep-2026,32.56,33.88,31.57,32.34,33.01,8245,2.64,89,5190.0,62.95
NGLFINE, 16-Sep-2026,2543.2,2738.9,2505.1,2673.8,2581.8,11725,310.98,2817,5995.0,51.13
NH, 16-Sep-2026,1887.3,1887.3,1811.0,1851.6,1894.9,401015,7374.37,68552,206550.0,51.51
NHIT, 16-Sep-2026,171.0,171.0,171.0,171.0,171.0,25000,42.75,1,25000.0,100.0
NHPC, 16-Sep-2026,76.0,76.73,75.26,75.41,76.04,9639495,7292.04,44368,4733197.0,49.1
NIACL, 16-Sep-2026,186.6,187.1,179.15,184.19,185.41,3069621,5604.89,38329,568592.0,18.52
NIBE, 16-Sep-2026,1224.4,1254.6,1188.0,1212.0,1224.4,51046,617.44,4960,25272.0,49.51
NIBL, 16-Sep-2026,31.21,31.64,30.74,30.88,31.06,6036,1.87,69,5772.0,95.63
NICCOPAR, 16-Sep-2026,77.1,80.51,77.1,80.11,80.51,1639,1.31,21,1636.0,99.82
NIDAN, 16-Sep-2026,14.0,14.0,13.5,13.5,13.25,3000,0.41,3,3000.0,100.0
NIF100BEES, 16-Sep-2026,261.2,261.2,256.19,258.67,257.93,270971,697.85,710,156173.0,57.63
NIF100IETF, 16-Sep-2026,27.0,27.25,27.0,27.19,27.16,85738,23.3,1244,37938.0,44.25
NIF500BETA, 16-Sep-2026,36.26,36.38,35.83,35.99,36.31,31278,11.31,28,31141.0,99.56
NIFTY1, 16-Sep-2026,257.46,259.41,256.67,258.43,257.46,53512,138.11,1222,25324.0,47.32
NIFTY100EW, 16-Sep-2026,34.59,34.99,33.59,34.33,33.91,148048,50.14,374,97346.0,65.75
NIFTYADD, 16-Sep-2026,245.83,246.19,244.32,245.69,244.69,10290,25.23,195,4698.0,45.66
NIFTYAXIS, 16-Sep-2026,258.31,258.31,256.46,257.65,257.17,24717,63.67,204,12874.0,52.09
NIFTYBEES, 16-Sep-2026,264.58,266.28,262.79,265.02,264.58,6249520,16564.93,51162,3178294.0,50.86
NIFTYBETA, 16-Sep-2026,250.94,259.95,250.94,258.24,257.38,32014,82.48,370,23021.0,71.91
NIFTYBETF, 16-Sep-2026,241.04,244.0,238.11,240.54,239.22,3109,7.45,102,1932.0,62.14
NIFTYCASE, 16-Sep-2026,9.37,9.38,9.3,9.35,9.34,586025,54.78,1855,426284.0,72.74
NIFTYETF, 16-Sep-2026,253.5,253.83,252.0,253.31,252.68,123040,311.34,809,54573.0,44.35
NIFTYIETF, 16-Sep-2026,269.94,269.94,262.7,263.67,263.36,511272,1349.01,11195,289827.0,56.69
NIFTYJBLK, 16-Sep-2026,12.21,12.21,11.85,12.07,11.92,164395,19.64,634,102328.0,62.25
NIFTYQLITY, 16-Sep-2026,20.57,20.6,20.33,20.36,20.57,26136,5.34,187,20952.0,80.17
NIITLTD, 16-Sep-2026,87.8,88.89,84.86,85.35,87.32,351938,303.76,4468,128887.0,36.62
NIITMTS, 16-Sep-2026,232.02,232.02,222.16,223.79,232.02,88940,199.99,6399,44634.0,50.18
NIKITA, 16-Sep-2026,66.8,66.8,66.6,66.6,66.8,3600,2.4,3,3600.0,100.0
NILAINFRA, 16-Sep-2026,6.57,6.74,6.4,6.57,6.57,155759,10.14,475,118736.0,76.23
NILASPACES, 16-Sep-2026,12.04,12.8,11.81,12.56,12.23,1928596,237.96,3952,882441.0,45.76
NILE, 16-Sep-2026,1468.3,1486.9,1431.1,1452.6,1431.9,1356,19.68,290,698.0,51.47
NILKAMAL, 16-Sep-2026,2012.4,2012.4,1880.0,1920.5,2017.9,41077,789.42,6593,16010.0,38.98
NIMBSPROJ, 16-Sep-2026,174.0,178.5,167.0,174.99,170.0,42855,73.22,643,9870.0,23.03
NINSYS, 16-Sep-2026,714.75,714.9,687.05,709.35,710.75,4210,29.59,513,2304.0,54.73
NIPPOBATRY, 16-Sep-2026,326.0,326.0,317.0,323.55,320.85,1173,3.78,80,836.0,71.27
NIRAJ, 16-Sep-2026,27.85,28.55,27.33,27.61,27.58,13411,3.75,48,13067.0,97.43
NIRLON, 16-Sep-2026,598.0,602.75,591.8,593.6,600.65,1923,11.42,226,1529.0,79.51
NIRMAN, 16-Sep-2026,27.8,27.8,26.65,26.85,27.5,14700,3.96,36,11100.0,75.51
NITCO, 16-Sep-2026,88.9,89.05,83.25,85.17,88.24,684232,585.16,4771,332210.0,48.55
NITINSPIN, 16-Sep-2026,639.95,640.35,615.25,628.0,643.15,122404,763.77,6647,67615.0,55.24
NITIRAJ, 16-Sep-2026,232.0,232.0,218.9,230.02,225.91,4246,9.7,113,3627.0,85.42
NITTAGELA, 16-Sep-2026,1725.9,1779.0,1651.2,1756.9,1693.0,11261,195.16,1327,6842.0,60.76
NIVABUPA, 16-Sep-2026,81.5,81.79,79.08,79.55,81.5,1090983,872.67,18255,498780.0,45.72
NKIND, 16-Sep-2026,52.2,59.89,50.0,57.62,55.52,1193,0.68,238,892.0,74.77
NLCINDIA, 16-Sep-2026,261.25,262.0,254.3,255.35,261.05,3109419,8008.03,55471,1983999.0,63.81
NMDC, 16-Sep-2026,80.8,81.09,79.45,80.32,80.5,9502607,7636.54,43644,4717634.0,49.65
NMSTEEL, 16-Sep-2026,23.55,23.55,21.8,22.05,23.55,9600,2.13,6,8000.0,83.33
NOCIL, 16-Sep-2026,184.2,186.86,179.21,181.95,183.6,1428895,2627.07,11738,234387.0,16.4
NOIDATOLL, 16-Sep-2026,3.94,4.06,3.92,3.96,4.01,42388,1.68,190,28554.0,67.36
NORBTEAEXP, 16-Sep-2026,64.5,67.72,64.5,64.56,64.5,1286,0.84,21,1034.0,80.4
NORTHARC, 16-Sep-2026,294.15,298.5,285.45,295.9,294.2,749709,2197.06,12170,354828.0,47.33
NOVAAGRI, 16-Sep-2026,22.49,22.97,22.0,22.32,22.49,44964,10.08,430,33737.0,75.03
NOVARTIND, 16-Sep-2026,2164.0,2178.1,1980.0,1995.5,2188.0,122942,2503.16,10803,51620.0,41.99
NPBET, 16-Sep-2026,281.1,282.9,281.1,282.63,278.83,148,0.42,18,115.0,77.7
NPST, 16-Sep-2026,1730.0,1934.0,1673.5,1834.6,1639.5,3028115,55845.71,215057,299170.0,9.88
NRAIL, 16-Sep-2026,642.0,659.95,603.95,621.4,638.85,31432,198.94,1885,10720.0,34.11
NRBBEARING, 16-Sep-2026,479.0,479.45,453.5,471.3,480.85,506012,2368.47,22040,219890.0,43.46
NRVANDANA, 16-Sep-2026,65.0,70.95,65.0,70.25,67.0,39000,27.03,12,27000.0,69.23
NSIL, 16-Sep-2026,5489.5,5489.5,5312.5,5397.5,5409.5,1168,62.88,300,792.0,67.81
NSLNISP, 16-Sep-2026,41.6,41.77,40.23,41.17,41.45,4104940,1679.67,18749,2108994.0,51.38
NTCIND, 16-Sep-2026,138.8,138.8,130.4,136.7,134.11,1147,1.55,114,902.0,78.64
NTPC, 16-Sep-2026,329.5,329.95,326.55,327.0,329.5,6556304,21524.74,57157,4102135.0,62.57
NTPCGREEN, 16-Sep-2026,85.8,87.9,85.16,87.59,85.86,1822934,1573.69,21015,777918.0,42.67
NUCLEUS, 16-Sep-2026,690.0,697.65,689.0,692.45,696.4,9512,65.86,942,4943.0,51.97
NUVAMA, 16-Sep-2026,1661.6,1731.0,1649.8,1703.1,1668.2,295864,4995.13,32212,135835.0,45.91
NUVOCO, 16-Sep-2026,312.2,318.35,307.95,316.2,313.75,297862,935.97,12763,139960.0,46.99
NV20, 16-Sep-2026,13.57,13.76,13.46,13.56,13.51,122989,16.66,237,72210.0,58.71
NV20BEES, 16-Sep-2026,135.5,136.13,134.95,135.62,135.04,94023,127.4,242,66168.0,70.37
NV20IETF, 16-Sep-2026,13.48,13.48,13.13,13.19,13.16,227362,30.0,1520,155421.0,68.36
NXST, 16-Sep-2026,167.0,167.4,165.95,166.46,166.93,542167,901.88,7497,492396.0,90.82
NYKAA, 16-Sep-2026,336.2,338.3,323.55,325.6,336.2,4960142,16234.68,51942,2152900.0,43.4
OAL, 16-Sep-2026,510.95,527.85,478.1,508.85,510.95,28836,143.67,2611,11048.0,38.31
OBCL, 16-Sep-2026,55.41,57.98,54.02,56.98,56.58,18956,10.73,140,15972.0,84.26
OBEROIRLTY, 16-Sep-2026,1660.0,1717.3,1660.0,1706.9,1668.5,599621,10201.65,36529,367875.0,61.35
OBSCP, 16-Sep-2026,922.05,922.05,835.05,885.2,926.7,116000,1007.36,275,67200.0,57.93
ODIGMA, 16-Sep-2026,22.09,22.09,21.2,21.42,22.09,5887,1.26,324,5547.0,94.22
ODYCORP, 16-Sep-2026,7.13,7.14,6.82,7.11,6.88,12042,0.85,59,10423.0,86.56
OFSS, 16-Sep-2026,11840.0,11920.0,11399.0,11510.0,11803.0,245645,28506.43,37636,113996.0,46.41
OIL, 16-Sep-2026,485.5,489.5,481.4,487.6,485.6,1295800,6299.1,30814,704695.0,54.38
OILIETF, 16-Sep-2026,11.0,11.09,10.96,11.06,11.0,804626,88.89,1697,636270.0,79.08
OLAELEC, 16-Sep-2026,38.0,38.99,37.01,37.24,38.03,42359603,15889.36,101902,10817595.0,25.54
OLECTRA, 16-Sep-2026,1182.7,1190.4,1155.0,1168.0,1179.2,265014,3101.52,20802,96583.0,36.44
OLIL, 16-Sep-2026,428.05,444.5,428.0,430.8,443.5,35200,151.33,36,24000.0,68.18
OMAXAUTO, 16-Sep-2026,169.6,172.49,161.21,167.1,169.0,50833,84.32,976,29063.0,57.17
OMAXE, 16-Sep-2026,118.04,118.9,113.71,115.07,118.04,726110,838.63,6669,275331.0,37.92
OMINFRAL, 16-Sep-2026,80.99,80.99,77.43,80.42,80.25,39905,31.76,1205,20209.0,50.64
OMNI, 16-Sep-2026,543.0,549.8,527.05,539.5,540.3,284946,1533.6,13250,101949.0,35.78
OMPOWER, 16-Sep-2026,165.35,168.19,162.1,164.82,168.2,96074,158.51,1541,55519.0,57.79
ONDOOR, 16-Sep-2026,275.0,295.0,264.95,280.45,277.95,12900,35.74,39,7500.0,58.14
ONEGLOBAL, 16-Sep-2026,519.1,531.2,495.0,524.75,518.5,8604,43.89,696,4831.0,56.15
ONEPOINT, 16-Sep-2026,57.09,58.77,55.41,56.28,56.68,1943119,1099.62,10566,714782.0,36.79
ONESOURCE, 16-Sep-2026,1595.0,1613.6,1563.2,1596.6,1599.6,143256,2273.33,12244,57923.0,40.43
ONGC, 16-Sep-2026,236.45,236.8,233.31,236.8,235.95,8748123,20565.94,69165,5184061.0,59.26
ONIDA, 16-Sep-2026,33.0,33.85,32.35,33.05,33.33,264250,87.33,2428,137025.0,51.85
ONIXSOLAR, 16-Sep-2026,395.95,406.25,395.95,395.95,416.75,361158,1431.18,837,259103.0,71.74
ONWARDTEC, 16-Sep-2026,280.5,288.9,274.8,278.6,281.55,16389,45.6,684,10508.0,64.12
ONYX, 16-Sep-2026,38.0,38.0,38.0,38.0,38.0,166000,63.08,16,166000.0,100.0
OPTIEMUS, 16-Sep-2026,600.0,605.0,575.0,592.85,604.95,419440,2495.82,22991,240076.0,57.24
OPTIFIN, 16-Sep-2026,13.85,14.44,12.53,13.29,13.85,45848,6.17,105,31608.0,68.94
OPTIMYSTIX, 16-Sep-2026,146.0,146.0,141.0,144.2,148.3,19200,27.45,22,16000.0,83.33
OPTIVALUE, 16-Sep-2026,189.8,195.0,189.75,189.75,199.7,57600,109.42,32,54400.0,94.44
ORCHASP, 16-Sep-2026,1.68,1.71,1.54,1.6,1.58,529798,8.6,687,395190.0,74.59
ORCHPHARMA, 16-Sep-2026,988.0,992.75,950.2,957.5,988.2,54989,530.48,5632,31088.0,56.53
ORIANA, 16-Sep-2026,1296.2,1296.2,1240.2,1250.75,1270.75,39975,501.51,416,25950.0,64.92
ORICONENT, 16-Sep-2026,51.7,52.8,51.2,51.38,51.31,43753,22.57,515,37456.0,85.61
ORIENTALTL, 16-Sep-2026,5.03,5.11,4.95,5.0,5.02,62041,3.11,199,49195.0,79.29
ORIENTBELL, 16-Sep-2026,390.45,395.85,377.6,384.2,390.45,47962,184.96,2748,24915.0,51.95
ORIENTCEM, 16-Sep-2026,122.1,122.59,120.6,121.64,121.98,731583,888.18,6168,328771.0,44.94
ORIENTCER, 16-Sep-2026,45.26,45.97,42.5,44.82,44.79,53183,23.67,1611,30788.0,57.89
ORIENTELEC, 16-Sep-2026,168.2,171.32,166.0,168.4,169.17,119138,199.83,4066,58062.0,48.74
ORIENTHOT, 16-Sep-2026,138.2,139.55,135.92,138.59,138.98,1125124,1552.71,6578,530928.0,47.19
ORIENTPPR, 16-Sep-2026,16.7,16.94,16.55,16.79,16.69,267446,44.72,654,147095.0,55.0
ORIENTTECH, 16-Sep-2026,242.28,245.76,230.56,233.32,242.28,241264,565.98,6608,89481.0,37.09
ORIRAIL, 16-Sep-2026,120.2,121.9,115.1,119.85,119.03,131322,154.66,1849,71670.0,54.58
ORISSAMINE, 16-Sep-2026,3877.9,3927.0,3795.5,3829.4,3877.9,12535,481.82,2975,5711.0,45.56
ORKLAINDIA, 16-Sep-2026,580.0,587.9,575.0,579.8,582.3,81754,474.66,3335,61196.0,74.85
ORTINGLOBE, 16-Sep-2026,16.63,17.38,16.01,17.25,16.62,11645,2.0,35,7713.0,66.23
OSELDEVICE, 16-Sep-2026,357.0,369.0,350.55,363.35,361.9,14600,52.39,66,10400.0,71.23
OSWALAGRO, 16-Sep-2026,33.51,34.12,32.36,33.43,34.25,30937,10.4,947,22255.0,71.94
OSWALGREEN, 16-Sep-2026,19.95,20.11,18.55,19.29,19.59,294796,56.29,1346,159233.0,54.01
OSWALPUMPS, 16-Sep-2026,276.85,276.85,266.45,269.85,275.45,273819,740.52,7227,132184.0,48.27
OSWALSEEDS, 16-Sep-2026,16.48,16.5,14.51,14.6,15.83,531007,81.46,1295,327878.0,61.75
OWAIS, 16-Sep-2026,73.8,76.6,73.8,76.45,75.1,4300,3.22,19,4300.0,100.0
PACEDIGITK, 16-Sep-2026,153.6,155.29,150.25,152.5,153.6,657267,1008.54,9120,315900.0,48.06
PACIFICI, 16-Sep-2026,136.1,136.1,136.0,136.1,136.0,1179,1.6,22,1179.0,100.0
PAGEIND, 16-Sep-2026,34600.0,35035.0,34000.0,34275.0,34580.0,33484,11483.42,11307,21569.0,64.42
PAISALO, 16-Sep-2026,82.95,85.6,81.1,84.59,84.47,20996365,17587.8,51164,8126503.0,38.7
PAKKA, 16-Sep-2026,74.85,76.0,73.5,75.15,74.85,49342,36.62,1362,24977.0,50.62
PALASHSECU, 16-Sep-2026,89.0,89.0,88.0,88.0,88.72,14,0.01,3,14.0,100.0
PALREDTEC, 16-Sep-2026,49.8,49.8,47.61,47.63,49.81,2041,0.98,49,2011.0,98.53
PANACEABIO, 16-Sep-2026,374.9,378.9,361.95,367.15,375.75,107394,396.3,4337,46668.0,43.45
PANAMAPET, 16-Sep-2026,447.0,454.75,436.85,451.55,450.75,187471,839.62,8722,63554.0,33.9
PANCHMAHQ, 16-Sep-2026,304.85,304.85,267.0,295.0,293.4,180,0.5,19,151.0,83.89
PANORAMA, 16-Sep-2026,52.09,54.26,49.14,50.13,51.92,417500,214.03,2584,190625.0,45.66
PANSARI, 16-Sep-2026,285.0,297.0,275.0,291.7,282.15,828,2.34,18,528.0,63.77
PARACABLES, 16-Sep-2026,61.3,62.09,58.96,60.83,61.31,1483208,897.08,9024,584593.0,39.41
PARADEEP, 16-Sep-2026,149.46,149.94,145.0,146.84,149.34,1898179,2786.87,31822,855028.0,45.04
PARAGMILK, 16-Sep-2026,252.0,272.45,246.3,269.1,252.15,2510039,6553.69,34313,1144872.0,45.61
PARAGON, 16-Sep-2026,52.0,52.95,51.0,51.9,53.8,18000,9.37,15,12000.0,66.67
PARAMATRIX, 16-Sep-2026,57.0,57.5,57.0,57.5,61.2,3600,2.06,3,3600.0,100.0
PARAMOUNT, 16-Sep-2026,49.15,49.15,44.55,44.55,46.85,27600,13.06,21,20400.0,73.91
PARAS, 16-Sep-2026,1351.8,1351.8,1252.0,1318.8,1339.2,1223719,15888.74,59676,282631.0,23.1
PARASPETRO, 16-Sep-2026,2.15,2.23,2.11,2.13,2.15,49817,1.07,175,34267.0,68.79
PARIN, 16-Sep-2026,703.95,703.95,680.0,697.25,710.7,4000,27.91,8,3250.0,81.25
PARKHOSPS, 16-Sep-2026,278.65,281.55,273.0,276.4,279.15,858138,2379.15,12202,505133.0,58.86
PARKHOTELS, 16-Sep-2026,107.74,108.24,105.0,105.85,106.83,132228,140.46,2092,82745.0,62.58
PARNAXLAB, 16-Sep-2026,123.0,123.9,117.05,120.26,123.87,2002,2.42,66,1860.0,92.91
PARTH, 16-Sep-2026,510.0,510.0,480.0,509.0,509.85,11600,57.79,22,10000.0,86.21
PARTYCRUS, 16-Sep-2026,94.0,95.0,94.0,94.5,90.55,5000,4.72,5,5000.0,100.0
PASHUPATI, 16-Sep-2026,81.25,81.25,79.1,79.74,80.04,222499,178.08,2605,111765.0,50.23
PASUPTAC, 16-Sep-2026,70.55,72.39,66.18,68.07,70.48,159716,109.65,1689,89496.0,56.03
PATANJALI, 16-Sep-2026,339.05,367.4,337.5,365.0,338.55,28837966,102558.69,172436,6991189.0,24.24
PATELENG, 16-Sep-2026,26.09,26.21,25.38,25.62,26.08,1973986,506.99,7611,955541.0,48.41
PATELRMART, 16-Sep-2026,206.07,209.9,201.25,202.92,207.44,144620,295.22,2332,89412.0,61.83
PATILAUTOM, 16-Sep-2026,305.0,320.5,280.1,307.3,302.9,184800,560.56,282,101400.0,54.87
PAUSHAKLTD, 16-Sep-2026,682.0,725.55,675.05,715.35,682.8,64217,449.56,3586,37220.0,57.96
PAVNAIND, 16-Sep-2026,15.1,16.2,14.96,15.14,15.32,134895,20.72,665,78197.0,57.97
PAYTM, 16-Sep-2026,1830.0,1855.5,1731.1,1790.0,1730.0,15413025,274295.13,295441,5141339.0,33.36
PCBL, 16-Sep-2026,314.15,320.9,310.25,317.1,314.05,859081,2719.09,26530,327964.0,38.18
PCCL, 16-Sep-2026,429.0,444.95,429.0,441.15,435.75,20800,91.13,42,14800.0,71.15
PCJEWELLER, 16-Sep-2026,12.89,12.9,11.81,12.64,12.89,526445213,64578.1,280092,102176063.0,19.41
PDMJEPAPER, 16-Sep-2026,96.77,99.5,94.21,97.95,96.81,368391,358.14,5362,105417.0,28.62
PDSL, 16-Sep-2026,332.15,342.0,325.15,336.65,334.25,79653,267.04,4633,48476.0,60.86
PEARLPOLY, 16-Sep-2026,16.24,16.24,15.6,16.15,15.85,19450,3.13,48,17982.0,92.45
PELATRO, 16-Sep-2026,353.9,369.9,353.9,369.85,353.3,6600,23.8,19,4800.0,72.73
PENIND, 16-Sep-2026,167.55,168.99,162.0,166.79,167.3,496686,819.78,8257,244307.0,49.19
PENINLAND, 16-Sep-2026,15.67,15.67,14.18,14.62,14.98,151536,22.31,759,103063.0,68.01
PENTAGON, 16-Sep-2026,86.95,90.0,86.95,86.95,91.4,11000,9.63,5,11000.0,100.0
PERMAGN, 16-Sep-2026,829.0,842.35,824.7,834.8,827.7,3090,25.72,329,2339.0,75.7
PERNIASPOP, 16-Sep-2026,542.0,549.65,511.5,545.1,542.0,183715,985.09,7570,54814.0,29.84
PERSISTENT, 16-Sep-2026,5522.0,5529.5,5390.5,5440.0,5477.5,412053,22408.74,30246,212138.0,51.48
PETRONET, 16-Sep-2026,281.6,284.95,278.25,282.1,283.95,692663,1957.07,28509,444300.0,64.14
PFC, 16-Sep-2026,344.0,349.1,343.65,346.0,344.0,6079360,21104.47,47284,3755830.0,61.78
PFIZER, 16-Sep-2026,4052.0,4080.0,3955.5,4014.4,4041.6,37281,1498.75,8763,15435.0,41.4
PFOCUS, 16-Sep-2026,323.0,333.6,313.1,320.45,319.0,2349306,7637.07,57837,548310.0,23.34
PFS, 16-Sep-2026,26.81,26.9,25.9,26.06,26.51,390809,102.19,1719,245652.0,62.86
PGEL, 16-Sep-2026,515.25,527.0,513.0,523.85,518.0,768516,4010.66,17867,237564.0,30.91
PGHH, 16-Sep-2026,7525.0,7659.0,7488.0,7611.0,7507.0,8431,639.87,2858,4117.0,48.83
PGHL, 16-Sep-2026,5365.0,5568.0,5365.0,5460.0,5408.0,13561,746.1,4710,6888.0,50.79
PGIL, 16-Sep-2026,1171.6,1237.0,1136.1,1179.9,1141.4,439780,5170.32,46645,111993.0,25.47
PGINVIT, 16-Sep-2026,101.8,102.0,101.22,101.33,101.71,1216520,1235.5,6144,1118964.0,91.98
PHANTOMFX, 16-Sep-2026,92.95,95.0,88.2,93.9,93.9,93300,85.08,121,76800.0,82.32
PHARMABEES, 16-Sep-2026,26.26,27.1,26.26,26.95,26.94,3991876,1071.42,10506,2303408.0,57.7
PHOENIXLTD, 16-Sep-2026,1833.6,1864.1,1820.2,1855.0,1833.6,473466,8754.0,26388,296344.0,62.59
PHOENXINTL, 16-Sep-2026,28.4,28.4,27.8,28.1,28.4,1778,0.5,35,1536.0,86.39
PHOGLOBAL, 16-Sep-2026,13.9,14.0,13.9,14.0,14.2,4000,0.56,2,4000.0,100.0
PICCADIL, 16-Sep-2026,584.0,597.35,572.0,593.05,585.65,178214,1042.75,10725,72620.0,40.75
PIDILITIND, 16-Sep-2026,1521.2,1546.9,1521.2,1543.8,1521.1,573360,8830.63,41321,361377.0,63.03
PIGL, 16-Sep-2026,99.99,106.0,97.82,101.74,99.54,75040,76.28,1035,39506.0,52.65
PIIND, 16-Sep-2026,2255.0,2287.2,2227.2,2256.0,2255.0,160599,3630.66,15803,79108.0,49.26
PILANIINVS, 16-Sep-2026,4090.0,4100.0,4026.9,4052.2,4081.8,3729,151.39,742,2909.0,78.01
PILITA, 16-Sep-2026,7.73,7.96,7.63,7.79,7.73,13479,1.04,77,12622.0,93.64
PINELABS, 16-Sep-2026,198.0,198.0,175.3,185.71,193.8,112454490,207241.43,618662,26307231.0,23.39
PIONEEREMB, 16-Sep-2026,22.89,22.89,20.7,21.01,20.89,14083,3.04,165,10805.0,76.72
PIRAMALFIN, 16-Sep-2026,2202.4,2237.2,2180.2,2201.1,2224.4,405982,8950.83,24379,301861.0,74.35
PITTIENG, 16-Sep-2026,1107.2,1110.7,1060.0,1101.4,1109.3,136519,1483.98,11598,70396.0,51.56
PIXTRANS, 16-Sep-2026,1739.8,1749.3,1711.6,1724.6,1734.0,9230,159.8,2014,4568.0,49.49
PKTEA, 16-Sep-2026,1020.0,1020.0,922.2,936.95,1024.6,5082,48.39,438,2545.0,50.08
PLADAINFO, 16-Sep-2026,12.0,12.45,12.0,12.45,11.9,6000,0.73,2,6000.0,100.0
PLASTIBLEN, 16-Sep-2026,183.6,188.09,180.86,182.75,185.18,12425,22.78,478,6135.0,49.38
PLATIND, 16-Sep-2026,220.0,220.0,211.41,217.03,218.88,26600,57.27,1028,12929.0,48.61
PLAZACABLE, 16-Sep-2026,61.38,64.0,59.82,62.51,61.38,101173,62.36,1472,58845.0,58.16
PML, 16-Sep-2026,495.85,496.1,495.8,496.1,498.55,180,0.89,7,180.0,100.0
PNB, 16-Sep-2026,114.73,117.48,114.63,116.8,114.7,18494065,21555.39,64723,9133277.0,49.38
PNBGILTS, 16-Sep-2026,76.5,80.24,74.03,77.91,76.29,627422,482.87,5915,240971.0,38.41
PNBHOUSING, 16-Sep-2026,1143.4,1152.3,1126.9,1134.0,1145.0,988137,11242.46,76748,536263.0,54.27
PNC, 16-Sep-2026,16.46,16.9,16.1,16.17,16.38,3026,0.49,97,2453.0,81.06
PNCINFRA, 16-Sep-2026,132.0,141.6,116.4,134.44,140.32,18753186,23669.63,191352,5755980.0,30.69
PNGJL, 16-Sep-2026,606.0,619.7,596.65,608.65,611.6,278105,1687.45,14973,141749.0,50.97
PNGSREVA, 16-Sep-2026,497.55,506.5,481.7,496.95,494.2,133694,662.44,6356,49771.0,37.23
POCL, 16-Sep-2026,435.3,468.35,427.6,452.9,435.3,1247116,5675.8,41038,270029.0,21.65
PODDARMENT, 16-Sep-2026,275.95,279.9,265.65,267.15,270.1,1675,4.55,99,1126.0,67.22
POEL, 16-Sep-2026,142.35,142.35,136.11,137.47,139.45,21498,29.67,509,12436.0,57.85
POKARNA, 16-Sep-2026,750.0,765.8,740.0,750.5,758.25,70556,531.61,5326,30127.0,42.7
POLICYBZR, 16-Sep-2026,1739.9,1847.0,1710.1,1827.1,1736.0,2054206,36871.52,94699,761651.0,37.08
POLYCAB, 16-Sep-2026,8129.5,8244.0,8072.0,8121.5,8143.5,246715,20141.87,38586,108684.0,44.05
POLYMED, 16-Sep-2026,1701.9,1716.7,1691.2,1704.6,1704.6,116363,1984.17,11064,60931.0,52.36
POLYPLEX, 16-Sep-2026,1093.0,1100.0,1054.6,1079.7,1093.8,57907,623.99,3616,37321.0,64.45
POLYSIL, 16-Sep-2026,73.25,73.25,73.25,73.25,77.1,1000,0.73,2,1000.0,100.0
POLYSPIN, 16-Sep-2026,28.95,28.95,28.95,28.95,28.95,50,0.01,2,50.0,100.0
PONNIERODE, 16-Sep-2026,351.8,370.45,343.1,359.55,351.8,23272,82.67,1884,10996.0,47.25
POONAWALLA, 16-Sep-2026,434.5,434.95,428.1,432.45,434.6,679052,2932.2,26908,280914.0,41.37
POSITRON, 16-Sep-2026,174.0,179.8,171.6,179.6,174.7,4800,8.46,16,3600.0,75.0
POWERGRID, 16-Sep-2026,264.1,266.35,262.8,262.8,262.8,7132902,18863.52,91741,4230608.0,59.31
POWERICA, 16-Sep-2026,536.0,547.1,516.75,540.0,532.75,112963,605.02,5993,47251.0,41.83
POWERINDIA, 16-Sep-2026,30300.0,30400.0,29645.0,30200.0,30790.0,93574,28134.15,35500,38886.0,41.56
POWERMECH, 16-Sep-2026,2325.1,2334.0,2278.8,2296.5,2336.4,41657,958.4,7218,17938.0,43.06
PPLPHARMA, 16-Sep-2026,203.0,207.96,198.86,202.37,203.47,2966781,6011.19,77320,1402914.0,47.29
PPSL, 16-Sep-2026,2.9,2.9,2.85,2.9,2.95,105000,3.02,23,78000.0,74.29
PRABHA, 16-Sep-2026,238.0,239.5,222.85,226.58,239.42,175244,403.46,3337,97125.0,55.42
PRAENG, 16-Sep-2026,21.5,22.44,20.81,22.1,21.51,29615,6.41,205,25268.0,85.32
PRAJIND, 16-Sep-2026,318.0,318.0,310.0,314.0,318.0,414802,1298.35,13278,134519.0,32.43
PRAKASH, 16-Sep-2026,118.0,118.9,115.01,118.48,119.49,357885,418.63,5606,158381.0,44.25
PRAKASHSTL, 16-Sep-2026,3.82,3.82,3.57,3.74,3.56,127516,4.72,383,94244.0,73.91
PRAMARA, 16-Sep-2026,90.9,92.7,85.65,88.15,88.3,66000,60.04,76,52000.0,78.79
PRAMODINI, 16-Sep-2026,115.0,122.85,109.5,117.05,115.15,778800,898.2,207,451200.0,57.94
PRANAV, 16-Sep-2026,121.0,123.7,105.6,106.81,132.0,19882781,22207.81,154740,5092334.0,25.61
PRASOLCHEM, 16-Sep-2026,610.0,671.0,601.0,671.0,676.0,2214873,14081.82,92989,1118676.0,50.51
PRATHAM, 16-Sep-2026,120.0,120.0,120.0,120.0,126.5,2000,2.4,2,2000.0,100.0
PRAVEG, 16-Sep-2026,256.05,263.6,252.2,254.0,255.95,29166,74.32,882,19024.0,65.23
PRAXIS, 16-Sep-2026,4.37,4.39,4.15,4.23,4.28,84702,3.62,144,73493.0,86.77
PRECAM, 16-Sep-2026,113.6,114.96,111.61,112.81,113.69,126306,142.63,2616,69704.0,55.19
PRECISION, 16-Sep-2026,6.55,6.55,6.45,6.45,6.45,6000,0.39,3,6000.0,100.0
PRECOT, 16-Sep-2026,643.0,660.0,643.0,654.45,656.1,586,3.81,82,338.0,57.68
PRECWIRE, 16-Sep-2026,440.05,445.5,420.3,439.6,440.05,436969,1899.84,21191,150898.0,34.53
PREMCO, 16-Sep-2026,391.35,397.0,386.95,392.05,391.35,1105,4.35,49,1083.0,98.01
PREMEXPLN, 16-Sep-2026,666.05,668.75,663.1,667.85,668.3,188663,1257.05,3145,139926.0,74.17
PREMIERENE, 16-Sep-2026,940.4,944.2,888.1,899.0,945.0,3795481,34206.15,91292,1548412.0,40.8
PREMIERPOL, 16-Sep-2026,80.97,84.95,79.0,82.62,81.9,260231,211.64,4183,99617.0,38.28
PREMIUM, 16-Sep-2026,39.95,39.95,39.95,39.95,40.0,3000,1.2,1,3000.0,100.0
PRESSTONIC, 16-Sep-2026,29.7,30.0,28.5,29.7,29.4,14400,4.25,17,6400.0,44.44
PRESTIGE, 16-Sep-2026,1418.9,1442.0,1409.1,1424.0,1417.0,498204,7130.2,35315,213963.0,42.95
PRICOLLTD, 16-Sep-2026,740.0,751.55,721.0,744.8,740.75,291807,2153.18,20912,132819.0,45.52
PRIMECAB, 16-Sep-2026,164.5,164.5,156.65,159.05,164.5,52800,84.7,31,52800.0,100.0
PRIMESECU, 16-Sep-2026,276.05,288.0,275.05,283.75,277.5,18774,53.04,287,12784.0,68.09
PRIMO, 16-Sep-2026,23.2,23.2,20.91,21.35,22.31,203469,43.66,3054,71693.0,35.24
PRINCEPIPE, 16-Sep-2026,260.25,261.85,251.8,257.3,259.05,103383,265.39,3282,49031.0,47.43
PRISMX, 16-Sep-2026,0.56,0.56,0.54,0.55,0.55,78577,0.43,107,72381.0,92.11
PRITI, 16-Sep-2026,33.52,33.52,31.0,31.96,33.52,11013,3.53,168,9141.0,83.0
PRITIKA, 16-Sep-2026,64.0,64.5,63.5,64.5,64.0,22000,14.15,5,22000.0,100.0
PRIVISCL, 16-Sep-2026,3468.0,3498.7,3383.1,3480.7,3452.2,61992,2142.63,12547,33667.0,54.31
PRIZOR, 16-Sep-2026,1152.5,1152.5,1152.5,1152.5,1176.0,400,4.61,1,400.0,100.0
PRLIND, 16-Sep-2026,42.5,42.75,41.0,41.75,44.35,55000,22.86,45,32000.0,58.18
PROFX, 16-Sep-2026,70.3,70.3,70.3,70.3,71.0,1600,1.12,1,1600.0,100.0
PROPSHOP, 16-Sep-2026,69.55,74.0,69.55,73.25,72.45,30000,21.78,13,26000.0,86.67
PROSTARM, 16-Sep-2026,126.12,130.69,124.03,127.95,126.04,202291,257.59,3734,66347.0,32.8
PROTEAN, 16-Sep-2026,488.0,500.3,484.1,485.35,488.85,257806,1265.94,8121,153559.0,59.56
PROV, 16-Sep-2026,1675.0,1685.0,1650.0,1650.0,1670.0,480,8.0,6,480.0,100.0
PROZONER, 16-Sep-2026,53.75,53.75,49.5,52.61,52.72,332568,171.82,2276,142973.0,42.99
PRSMJOHNSN, 16-Sep-2026,112.4,115.8,111.05,114.54,112.14,529992,600.88,6250,242354.0,45.73
PRUDENT, 16-Sep-2026,3232.0,3342.2,3190.2,3326.1,3251.5,14577,479.74,5627,7712.0,52.91
PSB, 16-Sep-2026,22.35,22.45,22.11,22.25,22.38,895874,199.75,3007,474427.0,52.96
PSPPROJECT, 16-Sep-2026,825.4,829.0,796.75,813.75,821.3,37931,308.82,2366,19046.0,50.21
PSRAJ, 16-Sep-2026,95.6,102.95,95.6,102.35,96.8,17500,17.78,7,17500.0,100.0
PSUBANK, 16-Sep-2026,81.95,83.05,81.88,82.8,81.95,251844,208.29,461,202869.0,80.55
PSUBANKADD, 16-Sep-2026,83.1,84.03,82.41,83.23,82.69,29062,24.26,175,13633.0,46.91
PSUBNKBEES, 16-Sep-2026,91.25,92.6,91.0,92.21,91.25,803010,737.93,3732,440316.0,54.83
PSUBNKIETF, 16-Sep-2026,83.2,84.06,82.84,83.7,83.08,51646,43.11,688,29508.0,57.14
PTC, 16-Sep-2026,153.0,153.79,150.51,151.96,152.41,1795094,2731.06,23214,1050379.0,58.51
PTCIL, 16-Sep-2026,22615.0,22685.0,22120.0,22500.0,22560.0,25652,5753.48,9172,8237.0,32.11
PTL, 16-Sep-2026,38.25,38.64,37.75,38.05,38.15,25279,9.62,887,19155.0,75.77
PULZ, 16-Sep-2026,23.25,23.25,23.25,23.25,24.45,14000,3.26,7,12000.0,85.71
PUNJABCHEM, 16-Sep-2026,1049.5,1080.0,1020.1,1071.2,1041.2,5860,61.44,902,3327.0,56.77
PURPLEUTED, 16-Sep-2026,433.45,435.0,411.8,423.6,433.45,20000,84.11,69,18250.0,91.25
PURVA, 16-Sep-2026,207.85,215.5,200.25,210.23,205.56,368141,766.52,7454,83417.0,22.66
PURVFLEXI, 16-Sep-2026,42.4,42.4,42.4,42.4,44.55,2400,1.02,1,2400.0,100.0
PUSHPA, 16-Sep-2026,104.6,105.5,103.5,105.5,107.0,56000,58.66,46,3000.0,5.36
PVP, 16-Sep-2026,60.2,60.79,58.51,58.51,61.58,342199,201.3,1411,297500.0,86.94
PVRINOX, 16-Sep-2026,1220.0,1264.0,1217.6,1254.6,1221.0,456245,5695.11,27065,171730.0,37.64
PVSL, 16-Sep-2026,98.02,101.0,97.51,99.32,97.93,10100,9.97,488,6573.0,65.08
PVTBANIETF, 16-Sep-2026,27.75,28.5,27.36,27.94,27.51,1508749,416.97,1339,1037504.0,68.77
PVTBANK, 16-Sep-2026,27.23,27.45,27.15,27.41,27.28,11177,3.04,17,11124.0,99.53
PVTBANKADD, 16-Sep-2026,27.26,28.5,27.09,27.73,27.64,146716,41.44,202,114637.0,78.14
PVTBKGROWW, 16-Sep-2026,26.8,27.78,26.8,27.53,27.3,18943,5.17,68,9784.0,51.65
PWL, 16-Sep-2026,130.0,130.8,125.27,127.53,130.72,6610404,8400.95,57757,2314025.0,35.01
PYRAMID, 16-Sep-2026,154.96,157.0,151.5,153.93,154.96,43737,67.13,1025,30347.0,69.39
QGOLDHALF, 16-Sep-2026,125.84,125.92,124.9,125.15,124.36,236584,296.06,666,44841.0,18.95
QLINE, 16-Sep-2026,676.0,704.95,613.0,691.35,676.6,141600,938.24,334,67200.0,47.46
QNIFTY, 16-Sep-2026,255.0,257.0,255.0,256.39,255.81,2924,7.49,152,1541.0,52.7
QPOWER, 16-Sep-2026,1344.0,1422.9,1291.7,1422.9,1355.2,493456,6726.42,27271,234403.0,47.5
QUADFUTURE, 16-Sep-2026,484.6,497.0,466.95,491.95,484.6,1127715,5472.55,35080,222614.0,19.74
QUAL30IETF, 16-Sep-2026,20.37,20.39,20.16,20.27,20.37,123139,24.99,276,75254.0,61.11
QUALIANCE, 16-Sep-2026,213.1,213.1,213.1,213.1,224.3,11000,23.44,10,11000.0,100.0
QUALITY30, 16-Sep-2026,19.97,19.99,19.73,19.93,19.97,2463,0.49,139,2105.0,85.46
QUESS, 16-Sep-2026,344.1,345.0,328.2,342.4,342.1,373895,1263.24,21815,178110.0,47.64
QUESTLAB, 16-Sep-2026,79.0,79.0,75.0,78.0,77.0,43200,32.96,25,39600.0,91.67
QUICKHEAL, 16-Sep-2026,161.0,164.8,151.18,157.33,158.81,346174,541.2,5708,161798.0,46.74
QUINT, 16-Sep-2026,57.88,57.88,57.88,57.88,48.24,41492,24.02,136,39277.0,94.66
RACE, 16-Sep-2026,95.0,99.0,90.0,96.86,96.15,36959,35.88,339,8048.0,21.78
RACLGEAR, 16-Sep-2026,1755.0,1892.0,1726.5,1852.4,1755.2,258873,4687.13,29439,67970.0,26.26
RADAAN, 16-Sep-2026,2.91,2.91,2.8,2.84,2.9,9341,0.27,69,7738.0,82.84
RADIANTCMS, 16-Sep-2026,38.24,39.49,36.31,38.05,35.89,649686,244.85,3864,236269.0,36.37
RADICO, 16-Sep-2026,4338.7,4466.0,4321.6,4466.0,4360.0,278614,12274.01,29547,179549.0,64.44
RADIOCITY, 16-Sep-2026,5.9,6.2,5.9,6.03,6.03,19490,1.18,109,18583.0,95.35
RAILTEL, 16-Sep-2026,255.0,255.0,248.0,252.35,252.4,487737,1227.71,14604,173279.0,35.53
RAIN, 16-Sep-2026,196.74,202.5,191.04,199.29,196.74,4448597,8799.21,36676,1752940.0,39.4
RAINBOW, 16-Sep-2026,1449.9,1464.7,1424.5,1457.2,1453.7,55338,800.73,10525,26513.0,47.91
RAJINDLTD, 16-Sep-2026,65.2,65.2,64.0,64.5,65.25,9000,5.82,6,7500.0,83.33
RAJMET, 16-Sep-2026,3.14,3.18,3.12,3.13,3.14,123405,3.87,508,94241.0,76.37
RAJPALAYAM, 16-Sep-2026,760.0,770.0,755.0,760.0,759.0,2946,22.32,33,2894.0,98.23
RAJPUTANA, 16-Sep-2026,200.0,203.0,198.5,198.5,204.0,3000,6.05,6,3000.0,100.0
RAJRATAN, 16-Sep-2026,481.0,481.0,460.6,462.95,485.1,109075,509.37,7631,50743.0,46.52
RAJSREESUG, 16-Sep-2026,33.14,33.15,30.51,31.24,32.82,75840,23.78,693,46103.0,60.79
RAJTV, 16-Sep-2026,8.9,8.9,8.19,8.58,8.62,52656,4.45,295,34827.0,66.14
RALLIS, 16-Sep-2026,200.85,203.98,196.81,202.65,200.82,662039,1333.69,18455,278245.0,42.03
RAMANEWS, 16-Sep-2026,31.57,31.57,30.0,30.16,30.94,13260,4.03,114,11466.0,86.47
RAMAPHO, 16-Sep-2026,118.5,119.49,113.86,115.18,118.86,46737,54.18,855,29879.0,63.93
RAMBHAJO, 16-Sep-2026,252.9,258.0,242.01,252.05,253.22,333413,825.65,5902,112035.0,33.6
RAMCOCEM, 16-Sep-2026,859.55,868.8,849.2,863.15,859.55,270752,2331.1,19556,174296.0,64.37
RAMCOIND, 16-Sep-2026,318.4,322.8,305.8,320.85,318.4,125109,396.59,3684,51863.0,41.45
RAMCOSYS, 16-Sep-2026,566.9,567.8,543.95,558.65,567.8,62642,348.5,2760,31834.0,50.82
RAMKY, 16-Sep-2026,315.0,318.0,308.85,311.75,314.8,39434,123.62,1515,19173.0,48.62
RAMRAT, 16-Sep-2026,515.0,528.0,500.1,525.8,515.85,107130,552.98,5916,48924.0,45.67
RANASUG, 16-Sep-2026,14.82,14.94,14.6,14.7,14.82,327889,48.21,534,242586.0,73.98
RANEHOLDIN, 16-Sep-2026,1650.1,1662.4,1602.6,1630.3,1669.0,7491,121.39,925,4452.0,59.43
RAPIDFLEET, 16-Sep-2026,220.0,224.0,220.0,224.0,230.1,6600,14.56,10,600.0,9.09
RAPPID, 16-Sep-2026,305.0,313.9,298.0,308.9,306.05,14400,43.65,23,12000.0,83.33
RATEGAIN, 16-Sep-2026,869.0,875.0,849.85,860.95,878.65,140820,1216.9,12259,75966.0,53.95
RATNAMANI, 16-Sep-2026,2730.0,2730.5,2615.6,2695.0,2691.4,33844,906.35,7892,14660.0,43.32
RATNAVEER, 16-Sep-2026,280.0,294.9,275.2,286.75,289.6,11887521,33427.93,69579,4620080.0,38.86
RAYMOND, 16-Sep-2026,1000.0,1058.0,937.3,993.9,995.95,12662239,124537.46,390485,993379.0,7.85
RAYMONDLSL, 16-Sep-2026,674.9,682.75,660.5,667.75,672.65,162589,1088.99,8367,85533.0,52.61
RAYMONDREL, 16-Sep-2026,583.0,593.85,561.1,565.35,584.0,510026,2920.55,15341,208469.0,40.87
RBA, 16-Sep-2026,95.23,96.58,93.1,95.83,95.23,2492691,2367.13,18658,1077592.0,43.23
RBLBANK, 16-Sep-2026,404.8,406.7,395.95,404.0,403.6,2607366,10460.42,29060,1270107.0,48.71
RBMINFRA, 16-Sep-2026,290.0,294.4,285.0,290.75,285.95,11400,32.93,41,9000.0,78.95
RCDL, 16-Sep-2026,13.45,14.45,13.45,13.85,13.8,36000,5.02,11,30000.0,83.33
RCDL-RE, 16-Sep-2026,3.0,3.0,2.2,2.65,2.5,1092000,25.81,19,1092000.0,100.0
RCF, 16-Sep-2026,109.15,109.85,107.27,108.77,108.59,1035985,1124.82,11217,418976.0,40.44
READYMIX, 16-Sep-2026,71.65,71.65,70.2,70.2,71.55,2000,1.42,2,2000.0,100.0
RECLTD, 16-Sep-2026,308.7,315.5,308.7,312.65,308.5,4651938,14570.06,36902,2864194.0,61.57
REDINGTON, 16-Sep-2026,378.95,389.9,371.2,388.15,378.95,5640367,21670.09,87941,2332989.0,41.36
REDTAPE, 16-Sep-2026,123.0,126.38,115.92,117.34,120.87,2138900,2547.48,25964,321606.0,15.04
REFEX, 16-Sep-2026,265.55,269.95,258.1,260.9,265.85,260006,683.77,6731,130100.0,50.04
REFRACTORY, 16-Sep-2026,28.8,28.8,28.8,28.8,27.45,5000,1.44,5,5000.0,100.0
REGAAL, 16-Sep-2026,79.96,81.01,77.71,80.59,79.72,120947,96.21,1321,61131.0,50.54
REGENCERAM, 16-Sep-2026,34.0,34.9,32.0,33.1,34.0,2640,0.87,60,2203.0,83.45
RELAXO, 16-Sep-2026,318.0,318.45,309.15,311.4,317.15,255746,800.09,6528,164152.0,64.19
RELCHEMQ, 16-Sep-2026,123.71,129.4,115.27,116.66,120.7,42380,52.24,951,17603.0,41.54
RELIABLE, 16-Sep-2026,136.4,137.45,133.61,136.05,134.92,57475,78.29,262,47343.0,82.37
RELIANCE, 16-Sep-2026,1243.0,1255.0,1240.0,1240.0,1235.3,10023997,125268.26,186504,6124329.0,61.1
RELIGARE, 16-Sep-2026,246.21,250.39,243.4,247.65,247.55,443966,1095.34,10973,225768.0,50.85
RELTD, 16-Sep-2026,148.2,150.99,143.41,147.96,148.9,58078,85.0,1476,31113.0,53.57
REMSONSIND, 16-Sep-2026,92.13,94.53,88.48,92.34,92.13,72102,66.02,2861,23160.0,32.12
REMUS, 16-Sep-2026,870.0,875.0,835.1,866.35,884.8,7400,63.38,55,5100.0,68.92
RENUKA, 16-Sep-2026,23.54,23.54,22.4,23.01,23.49,12297730,2806.9,20531,3683627.0,29.95
REPCOHOME, 16-Sep-2026,348.5,351.95,340.65,346.7,348.75,69215,238.79,2277,36753.0,53.1
REPRO, 16-Sep-2026,290.05,306.6,288.1,297.95,296.4,20159,59.34,846,9773.0,48.48
RESPONIND, 16-Sep-2026,162.54,164.0,158.06,161.57,160.82,394977,639.06,5472,100108.0,25.35
RETAIL, 16-Sep-2026,17.39,17.4,16.32,16.78,17.76,3489,0.58,62,2831.0,81.14
REXPRO, 16-Sep-2026,35.3,35.3,35.15,35.15,37.0,2000,0.7,2,2000.0,100.0
RFBL, 16-Sep-2026,80.35,80.35,80.35,80.35,84.55,3000,2.41,1,3000.0,100.0
RGL, 16-Sep-2026,149.29,153.79,146.4,149.5,151.77,585544,874.42,7946,214056.0,36.56
RHETAN, 16-Sep-2026,21.67,21.67,21.67,21.67,22.81,118798,25.74,533,118798.0,100.0
RHIM, 16-Sep-2026,361.7,366.7,360.5,363.6,361.6,123204,447.66,5428,69315.0,56.26
RHL, 16-Sep-2026,170.0,177.95,170.0,173.24,175.23,807,1.42,49,718.0,88.97
RICOAUTO, 16-Sep-2026,129.45,129.45,123.62,125.86,128.58,903568,1140.82,10140,354952.0,39.28
RIIL, 16-Sep-2026,701.0,708.95,681.0,693.65,697.25,38754,268.35,3021,13156.0,33.95
RIIT, 16-Sep-2026,120.3,120.3,119.52,119.8,119.49,99586,119.4,1963,89675.0,90.05
RILINFRA, 16-Sep-2026,34.0,34.0,32.25,32.75,33.55,5200,1.74,38,4200.0,80.77
RIR, 16-Sep-2026,172.0,184.0,164.11,179.77,171.5,1024742,1818.48,19145,300435.0,29.32
RISHABH, 16-Sep-2026,780.0,786.55,726.5,758.55,779.5,371434,2783.61,21147,173254.0,46.64
RITCO, 16-Sep-2026,292.35,299.5,280.1,294.75,291.35,80345,232.0,2261,35910.0,44.69
RITES, 16-Sep-2026,206.53,207.9,202.92,204.92,206.53,282038,577.67,9133,118885.0,42.15
RKDL, 16-Sep-2026,18.59,18.59,17.49,17.94,18.0,17578,3.13,139,14298.0,81.34
RKEC, 16-Sep-2026,19.25,19.94,18.45,19.01,19.43,42803,8.09,250,30229.0,70.62
RKFORGE, 16-Sep-2026,684.0,693.9,659.1,688.8,688.2,507925,3444.02,24839,225942.0,44.48
RKSWAMY, 16-Sep-2026,91.0,91.7,87.91,88.33,89.46,32265,28.71,667,22169.0,68.71
RMC, 16-Sep-2026,202.0,208.32,194.1,206.41,201.09,40032,80.71,1843,19039.0,47.56
RML, 16-Sep-2026,1320.0,1320.0,1229.8,1268.1,1306.5,72986,918.76,7712,30402.0,41.65
RNFI, 16-Sep-2026,324.0,336.95,300.1,315.4,323.5,18600,58.5,31,9600.0,51.61
RNPL, 16-Sep-2026,57.55,58.0,57.55,58.0,60.55,8400,4.86,6,7200.0,85.71
ROCKINGDCE, 16-Sep-2026,213.8,233.6,201.6,230.0,223.9,19000,41.17,59,9500.0,50.0
ROHLTD, 16-Sep-2026,300.1,300.35,292.0,296.1,298.5,12894,38.17,692,7565.0,58.67
ROLEXRINGS, 16-Sep-2026,166.43,169.7,160.74,168.53,166.47,952108,1580.25,14127,332644.0,34.94
ROML, 16-Sep-2026,42.02,43.4,40.61,41.27,43.0,1543,0.64,64,941.0,60.99
ROSSARI, 16-Sep-2026,435.4,441.45,428.3,437.8,435.4,57741,251.48,3811,26899.0,46.59
ROSSELLIND, 16-Sep-2026,56.0,57.44,54.65,55.35,56.65,18235,10.11,461,10928.0,59.93
ROSSTECH, 16-Sep-2026,1270.0,1420.0,1219.5,1349.9,1265.4,3386100,45880.35,203904,410795.0,12.13
ROTO, 16-Sep-2026,63.32,63.32,60.15,62.13,63.01,267153,164.91,3056,113005.0,42.3
ROUTE, 16-Sep-2026,484.9,488.1,471.3,480.7,481.9,283400,1359.3,7777,105263.0,37.14
ROXHITECH, 16-Sep-2026,43.0,43.85,43.0,43.55,43.75,16000,6.94,10,11200.0,70.0
ROYALARC, 16-Sep-2026,154.0,154.0,152.0,152.0,155.0,4800,7.32,4,4800.0,100.0
RPEL, 16-Sep-2026,1648.0,1648.0,1507.2,1547.0,1622.4,244936,3809.19,25810,93302.0,38.09
RPGLIFE, 16-Sep-2026,2691.1,2760.0,2630.5,2739.1,2718.8,14164,384.72,3080,4396.0,31.04
RPOWER, 16-Sep-2026,21.03,21.18,20.51,20.78,21.03,18909477,3927.43,40355,5894694.0,31.17
RPPINFRA, 16-Sep-2026,55.25,55.5,53.0,53.56,54.72,98351,53.08,1406,60000.0,61.01
RPSGVENT, 16-Sep-2026,824.05,840.05,820.0,823.7,829.35,13165,108.85,921,7401.0,56.22
RPTECH, 16-Sep-2026,801.0,814.35,768.2,794.45,797.35,308029,2415.1,18716,120749.0,39.2
RRECL, 16-Sep-2026,124.0,136.0,124.0,135.57,123.7,707,0.93,19,688.0,97.31
RRIL, 16-Sep-2026,15.38,16.65,15.38,16.23,15.94,10727,1.72,140,9255.0,86.28
RRKABEL, 16-Sep-2026,2398.9,2454.0,2340.2,2397.4,2381.3,456841,11008.61,44641,194263.0,42.52
RSL, 16-Sep-2026,181.0,184.25,171.41,180.84,181.63,510807,915.89,9340,177467.0,34.74
RSSOFTWARE, 16-Sep-2026,29.6,30.2,29.52,29.92,29.6,27506,8.21,112,24135.0,87.74
RSYSTEMS, 16-Sep-2026,240.47,244.9,235.37,240.74,240.47,140217,337.59,4969,64866.0,46.26
RTL, 16-Sep-2026,74.5,82.9,72.35,82.9,77.0,26000,20.79,10,18000.0,69.23
RTNINDIA, 16-Sep-2026,27.14,27.14,26.51,26.74,27.01,2671333,717.92,14356,1338502.0,50.11
RTNPOWER, 16-Sep-2026,6.99,7.22,6.96,7.03,6.99,29119691,2060.06,16679,9288979.0,31.9
RTSPOWR, 16-Sep-2026,91.6,93.0,68.88,83.72,86.1,2735,2.38,62,1224.0,44.75
RUBFILA, 16-Sep-2026,64.64,67.0,62.25,65.04,63.56,70501,45.85,783,49795.0,70.63
RUBICON, 16-Sep-2026,1802.0,1812.3,1712.1,1766.7,1815.6,415964,7290.54,34307,206266.0,49.59
RUBYMILLS, 16-Sep-2026,427.15,468.65,398.4,462.1,432.4,90742,401.94,3787,48014.0,52.91
RUCHINFRA, 16-Sep-2026,5.51,5.51,5.16,5.22,5.41,73373,3.92,492,48167.0,65.65
RUCHIRA, 16-Sep-2026,105.5,108.38,105.5,107.28,105.44,23506,25.2,607,13042.0,55.48
RUDRA, 16-Sep-2026,20.79,20.79,19.85,20.08,20.16,59486,12.01,306,35526.0,59.72
RULKA, 16-Sep-2026,103.05,107.0,103.0,105.0,105.0,4500,4.74,15,3000.0,66.67
RUPA, 16-Sep-2026,134.0,134.01,130.0,132.08,133.49,117220,154.13,4024,58551.0,49.95
RUSHIL, 16-Sep-2026,15.59,15.85,15.06,15.33,15.59,380720,58.32,792,200080.0,52.55
RUSTOMJEE, 16-Sep-2026,340.9,340.9,333.55,338.35,339.45,33205,112.28,1039,20844.0,62.77
RVHL, 16-Sep-2026,39.35,39.55,38.2,39.43,39.16,2490,0.97,48,1783.0,71.61
RVNL, 16-Sep-2026,199.05,200.19,195.15,197.5,199.0,4733889,9342.97,48301,1549785.0,32.74
RVTH, 16-Sep-2026,680.5,680.5,651.0,663.0,680.5,854,5.76,41,791.0,92.62
S&SPOWER, 16-Sep-2026,344.9,344.9,316.25,321.35,332.85,2830,9.05,115,2045.0,72.26
SAAKSHI, 16-Sep-2026,362.55,377.2,350.6,368.5,362.0,24600,90.75,36,20400.0,82.93
SAATVIKGL, 16-Sep-2026,428.5,428.5,404.0,413.25,389.55,1244363,5180.76,22986,143213.0,11.51
SACHEEROME, 16-Sep-2026,488.0,506.9,464.0,501.65,480.7,39600,195.47,97,23100.0,58.33
SADBHAV, 16-Sep-2026,7.79,7.79,7.45,7.6,7.67,137386,10.38,483,89854.0,65.4
SADBHIN, 16-Sep-2026,2.42,2.59,2.42,2.55,2.47,162598,4.12,269,132141.0,81.27
SADHAV, 16-Sep-2026,107.6,108.9,107.05,107.45,107.6,5400,5.83,9,4800.0,88.89
SAFARI, 16-Sep-2026,1526.2,1535.0,1495.0,1520.5,1532.1,31277,474.4,4484,15429.0,49.33
SAFEENTP, 16-Sep-2026,256.35,256.35,245.55,246.7,259.55,60000,149.2,117,47000.0,78.33
SAGARDEEP, 16-Sep-2026,23.66,24.14,23.2,23.81,23.65,1209,0.28,31,772.0,63.85
SAGCEM, 16-Sep-2026,146.8,148.74,141.52,147.99,146.8,59078,85.55,1434,40109.0,67.89
SAGILITY, 16-Sep-2026,45.93,46.2,44.75,45.02,45.6,11752528,5318.8,22721,4503867.0,38.32
SAHAJSOLAR, 16-Sep-2026,94.05,97.0,94.05,95.4,94.05,7600,7.31,19,4000.0,52.63
SAHANA, 16-Sep-2026,896.0,900.0,850.0,864.55,899.0,24900,217.02,116,13650.0,54.82
SAHASRA, 16-Sep-2026,314.0,326.9,304.0,326.9,311.35,107600,345.4,240,88000.0,81.78
SAHLIBHFI, 16-Sep-2026,79.9,79.9,75.0,78.94,77.91,18065,14.04,769,8896.0,49.24
SAHYADRI, 16-Sep-2026,366.25,376.7,355.0,361.3,363.15,8746,31.68,539,5630.0,64.37
SAICAPI, 16-Sep-2026,167.0,167.0,152.05,158.84,154.5,832,1.33,41,701.0,84.25
SAIFL, 16-Sep-2026,4.45,4.45,4.2,4.25,4.35,232000,9.95,41,136000.0,58.62
SAIL, 16-Sep-2026,173.79,174.9,170.5,173.55,173.0,9871840,17094.31,54215,3235625.0,32.78
SAILIFE, 16-Sep-2026,1539.8,1557.8,1494.4,1539.1,1541.5,801004,12257.88,86126,422767.0,52.78
SAIPARENT, 16-Sep-2026,511.3,519.0,491.25,516.45,506.35,101958,515.56,4817,51345.0,50.36
SAJHOTELS, 16-Sep-2026,35.15,35.3,35.15,35.15,37.0,6000,2.11,3,4000.0,66.67
SAKAR, 16-Sep-2026,1137.0,1143.9,1042.7,1105.4,1137.55,164430,1792.1,12190,87390.0,53.15
SAKHTISUG, 16-Sep-2026,19.38,19.38,18.31,18.53,18.95,116936,21.74,583,54139.0,46.3
SAKSOFT, 16-Sep-2026,142.29,143.21,137.62,141.18,142.25,225685,316.55,5055,98516.0,43.65
SAKUMA, 16-Sep-2026,1.58,1.59,1.54,1.56,1.56,511864,7.97,760,361600.0,70.64
SALASAR, 16-Sep-2026,4.78,4.97,4.72,4.93,4.81,5331409,259.59,4208,2530063.0,47.46
SALONA, 16-Sep-2026,255.9,264.9,250.1,264.0,257.15,1163,3.04,61,904.0,77.73
SALSTEEL, 16-Sep-2026,70.15,74.62,67.6,74.62,71.07,575115,405.56,5114,193683.0,33.68
SALZERELEC, 16-Sep-2026,532.55,573.95,520.0,557.85,531.45,196809,1090.97,10888,58496.0,29.72
SAMBANDAM, 16-Sep-2026,109.42,109.42,106.25,106.27,111.65,400,0.43,21,400.0,100.0
SAMBHAAV, 16-Sep-2026,5.85,5.98,5.63,5.89,5.67,13015,0.76,80,9322.0,71.63
SAMBHV, 16-Sep-2026,129.55,130.27,123.75,128.4,128.96,2221545,2820.28,17139,877465.0,39.5
SAMHI, 16-Sep-2026,152.05,164.0,149.0,160.27,152.73,4543499,7242.22,72206,709885.0,15.62
SAMMAANCAP, 16-Sep-2026,142.1,143.28,139.96,142.19,141.96,4885236,6919.37,26078,1997935.0,40.9
SAMPANN, 16-Sep-2026,24.37,24.65,23.7,24.28,23.91,7222,1.74,93,6107.0,84.56
SANATHAN, 16-Sep-2026,460.0,461.35,443.05,454.05,461.4,95303,430.93,5368,44354.0,46.54
SANDESH, 16-Sep-2026,1010.0,1051.0,997.0,1032.3,1018.8,1115,11.41,187,649.0,58.21
SANDHAR, 16-Sep-2026,616.35,616.35,577.0,583.25,610.35,313788,1851.53,17485,167403.0,53.35
SANDUMA, 16-Sep-2026,182.34,183.49,178.2,180.6,181.98,619561,1120.43,14251,299035.0,48.27
SANGAMIND, 16-Sep-2026,559.3,575.55,557.8,566.55,565.65,9376,52.95,747,5009.0,53.42
SANGANI, 16-Sep-2026,53.5,53.9,52.5,52.5,53.9,10500,5.55,3,10500.0,100.0
SANGHVIMOV, 16-Sep-2026,403.7,411.0,395.3,408.25,401.5,277691,1122.83,12337,152598.0,54.95
SANOFI, 16-Sep-2026,3131.0,3149.0,3081.0,3111.2,3131.0,18139,564.64,3824,10284.0,56.7
SANOFICONR, 16-Sep-2026,4012.1,4039.3,3971.0,3990.4,4055.3,1967,78.65,809,1036.0,52.67
SANSERA, 16-Sep-2026,3870.4,3981.9,3800.0,3971.2,3871.7,229404,8990.89,37481,127933.0,55.77
SANSTAR, 16-Sep-2026,111.5,114.77,107.21,112.81,110.76,194156,216.69,3170,91186.0,46.97
SAPPHIRE, 16-Sep-2026,223.0,226.0,219.92,223.32,222.37,241465,537.64,8826,96289.0,39.88
SAPPL, 16-Sep-2026,299.75,299.75,271.05,274.65,287.6,575,1.58,53,417.0,72.52
SARDAEN, 16-Sep-2026,501.0,503.0,491.6,497.35,501.35,279078,1386.53,14005,119303.0,42.75
SAREGAMA, 16-Sep-2026,485.5,498.0,475.2,486.55,485.5,380888,1857.59,16612,146972.0,38.59
SARLAPOLY, 16-Sep-2026,96.8,98.75,93.5,95.22,96.7,78562,74.71,1258,47116.0,59.97
SARTELE, 16-Sep-2026,77.75,77.75,73.4,73.8,77.7,106000,79.71,161,85000.0,80.19
SARVESHWAR, 16-Sep-2026,3.79,3.87,3.67,3.79,3.85,1724587,64.39,2236,969057.0,56.19
SASKEN, 16-Sep-2026,1701.6,1736.8,1650.1,1681.5,1722.2,27960,473.0,4414,12727.0,45.52
SATECH, 16-Sep-2026,44.9,47.95,43.85,43.9,43.85,24000,11.06,23,18000.0,75.0
SATIA, 16-Sep-2026,66.17,68.5,65.33,68.11,66.51,101252,67.88,1115,63619.0,62.83
SATIN, 16-Sep-2026,214.75,219.4,210.0,217.88,214.88,208980,448.41,4219,119285.0,57.08
SATIPOLY, 16-Sep-2026,35.1,35.1,35.1,35.1,36.9,500,0.18,1,500.0,100.0
SATKARTAR, 16-Sep-2026,150.8,150.8,140.0,143.3,144.85,29600,42.91,32,17600.0,59.46
SATTVAENGG, 16-Sep-2026,63.45,63.45,60.0,61.0,62.1,9600,5.85,6,6400.0,66.67
SAURASHCEM, 16-Sep-2026,52.8,55.88,51.8,52.33,53.03,122216,64.22,1614,72371.0,59.22
SAVY, 16-Sep-2026,131.0,136.25,130.0,135.0,135.0,4800,6.39,4,4800.0,100.0
SAWALIYA, 16-Sep-2026,158.0,159.0,155.0,159.0,158.3,7200,11.35,9,7200.0,100.0
SAYAJIHOTL, 16-Sep-2026,326.0,329.25,315.1,319.1,322.7,104,0.33,12,73.0,70.19
SAYAJIIND, 16-Sep-2026,109.51,113.0,109.0,113.0,113.51,1049,1.15,17,1048.0,99.9
SBC, 16-Sep-2026,47.7,48.0,45.75,47.63,47.73,9128975,4299.76,8303,3525174.0,38.62
SBCL, 16-Sep-2026,1020.0,1070.9,957.1,1057.0,1020.2,529492,5402.54,30198,204252.0,38.58
SBFC, 16-Sep-2026,94.44,95.24,92.43,93.66,94.43,611434,570.47,8515,310176.0,50.73
SBGLP, 16-Sep-2026,21.11,22.01,20.0,21.49,21.33,39935,8.43,573,17716.0,44.36
SBIBPB, 16-Sep-2026,47.71,48.94,47.53,48.27,47.72,57633,27.65,360,37644.0,65.32
SBICARD, 16-Sep-2026,619.75,629.3,612.6,618.1,618.6,1306832,8069.74,29369,666446.0,51.0
SBIETFCON, 16-Sep-2026,118.47,118.47,116.77,117.78,116.86,5383,6.32,84,4245.0,78.86
SBIETFIT, 16-Sep-2026,328.71,329.4,322.0,322.23,328.26,2435,7.9,181,1639.0,67.31
SBIETFPB, 16-Sep-2026,282.29,282.29,277.09,279.3,277.5,9739,27.11,75,8911.0,91.5
SBIETFQLTY, 16-Sep-2026,214.05,214.46,211.88,213.75,214.04,1690,3.6,54,1558.0,92.19
SBIFUNDS, 16-Sep-2026,537.0,537.5,525.3,530.1,536.5,941906,5001.58,46000,518239.0,55.02
SBILIFE, 16-Sep-2026,1656.4,1705.0,1656.4,1697.9,1654.1,835034,14064.28,48479,594016.0,71.14
SBILIQETF, 16-Sep-2026,1056.09,1056.09,1056.07,1056.07,1055.95,247158,2610.16,110,233778.0,94.59
SBIMIDMOM, 16-Sep-2026,61.8,63.67,60.93,62.01,61.85,7808,4.81,158,5661.0,72.5
SBIN, 16-Sep-2026,976.0,991.4,973.2,991.4,968.0,8609956,84799.81,175734,4578029.0,53.17
SBINEQWETF, 16-Sep-2026,32.33,32.47,32.02,32.21,32.24,74112,23.86,248,40106.0,54.12
SBINMID150, 16-Sep-2026,22.46,22.58,22.21,22.48,22.35,15025,3.36,122,11975.0,79.7
SBISILVER, 16-Sep-2026,223.19,224.75,223.19,224.07,220.12,859266,1925.49,4534,273881.0,31.87
SBISMLETF, 16-Sep-2026,18.15,18.29,17.55,17.9,17.98,58946,10.45,268,36568.0,62.04
SBIVALETF, 16-Sep-2026,14.28,14.45,14.21,14.35,14.28,12811,1.84,75,7160.0,55.89
SCHAEFFLER, 16-Sep-2026,3916.4,3955.5,3818.1,3898.9,3916.4,33996,1320.99,10185,17343.0,51.01
SCHAND, 16-Sep-2026,133.07,134.66,127.73,133.28,133.74,41303,54.34,1213,28587.0,69.21
SCHNEIDER, 16-Sep-2026,1193.1,1215.0,1169.1,1198.6,1193.1,304100,3636.32,40883,171107.0,56.27
SCI, 16-Sep-2026,269.05,274.0,262.8,266.9,269.05,1491512,3980.71,30990,578927.0,38.81
SCILAL, 16-Sep-2026,37.88,37.99,36.8,37.91,37.34,180889,67.9,1691,113410.0,62.7
SCODATUBES, 16-Sep-2026,126.24,126.24,118.6,124.34,126.23,232154,285.09,3066,125677.0,54.14
SDBL, 16-Sep-2026,67.8,68.0,66.1,67.29,68.13,474100,318.55,4740,236507.0,49.89
SDREAMS, 16-Sep-2026,80.95,81.0,77.3,79.8,79.9,12000,9.44,12,8000.0,66.67
SEAMECLTD, 16-Sep-2026,1736.0,1736.0,1660.0,1701.6,1736.9,84964,1446.06,8707,45342.0,53.37
SECMARK, 16-Sep-2026,134.0,160.25,133.9,143.74,142.98,9748,14.3,313,3177.0,32.59
SECURKLOUD, 16-Sep-2026,16.89,17.5,16.2,17.06,16.78,57998,9.82,150,49921.0,86.07
SEDEMAC, 16-Sep-2026,2963.8,3151.9,2896.9,3122.4,2950.7,279820,8495.43,35845,80024.0,28.6
SEIL, 16-Sep-2026,187.24,193.43,178.4,189.33,190.09,377063,698.19,4559,208251.0,55.23
SEJALLTD, 16-Sep-2026,625.5,649.25,587.45,649.25,618.35,112760,697.53,626,108374.0,96.11
SEKURITIND, 16-Sep-2026,108.0,108.9,106.0,107.25,106.86,17097,18.39,402,12574.0,73.55
SEL, 16-Sep-2026,350.0,369.0,350.0,365.0,363.85,4200,15.33,13,3000.0,71.43
SELECTIPO, 16-Sep-2026,47.9,47.9,46.54,47.35,47.34,63204,29.72,136,33012.0,52.23
SEMAC, 16-Sep-2026,272.0,272.0,261.05,269.0,269.0,202,0.54,23,174.0,86.14
SENCO, 16-Sep-2026,337.9,337.95,325.65,332.25,336.4,473765,1567.37,22637,202335.0,42.71
SENORES, 16-Sep-2026,1424.2,1425.0,1355.6,1376.9,1416.1,222954,3090.29,22153,113740.0,51.02
SENSEXADD, 16-Sep-2026,76.82,77.0,76.53,76.9,76.77,496,0.38,23,242.0,48.79
SENSEXAXIS, 16-Sep-2026,77.26,77.52,76.75,77.33,77.2,3236,2.5,53,1551.0,47.93
SENSEXBETA, 16-Sep-2026,818.0,827.64,813.89,818.38,824.0,3936,32.47,153,2193.0,55.72
SENSEXETF, 16-Sep-2026,75.09,77.04,75.09,76.84,76.63,13863,10.65,227,6963.0,50.23
SENSEXIETF, 16-Sep-2026,858.19,858.69,852.86,856.15,853.91,65446,560.36,437,61087.0,93.34
SEPC, 16-Sep-2026,5.1,5.19,5.0,5.11,5.12,6615229,337.17,4561,2984247.0,45.11
SERVICE, 16-Sep-2026,65.75,65.75,65.75,65.75,65.75,2000,1.32,1,2000.0,100.0
SERVOTECH, 16-Sep-2026,72.68,75.8,71.0,73.24,72.86,897042,657.98,9178,289843.0,32.31
SESHAPAPER, 16-Sep-2026,243.4,248.08,239.12,246.72,242.8,35200,86.05,940,17374.0,49.36
SETF10GILT, 16-Sep-2026,263.0,263.0,261.09,262.49,263.75,6229,16.3,41,5263.0,84.49
SETFGOLD, 16-Sep-2026,128.51,128.98,128.29,128.88,127.57,3186743,4103.19,7246,1871283.0,58.72
SETFNIF50, 16-Sep-2026,251.88,252.0,248.6,250.64,250.09,674626,1690.61,6888,450972.0,66.85
SETFNIFBK, 16-Sep-2026,570.35,579.48,570.35,577.41,575.11,12979,74.91,777,7120.0,54.86
SETFNN50, 16-Sep-2026,759.57,760.05,748.3,758.2,756.99,39694,299.99,1658,28116.0,70.83
SETL, 16-Sep-2026,422.55,422.55,422.55,422.55,444.75,64549,272.75,1223,64549.0,100.0
SFL, 16-Sep-2026,662.0,675.7,659.0,663.05,668.25,158561,1053.05,14826,79002.0,49.82
SFML, 16-Sep-2026,20.5,20.5,20.5,20.5,21.0,1600,0.33,1,1600.0,100.0
SGBAPR28I, 16-Sep-2026,15018.0,15144.99,14999.99,15091.66,14949.83,222,33.35,28,188.0,84.68
SGBAUG27, 16-Sep-2026,14911.01,14970.0,14911.01,14950.0,14858.0,42,6.28,15,38.0,90.48
SGBAUG28V, 16-Sep-2026,14961.0,15035.8,14951.0,14964.31,14907.92,531,79.47,94,389.0,73.26
SGBAUG29V, 16-Sep-2026,15000.0,15089.99,14961.51,14994.72,14916.62,104,15.62,41,69.0,66.35
SGBAUG30, 16-Sep-2026,15011.01,15199.0,14900.0,14981.36,14988.59,458,68.77,122,291.0,63.54
SGBD29VIII, 16-Sep-2026,15000.0,15100.0,14983.0,14994.33,14955.74,130,19.52,31,116.0,89.23
SGBDC27VII, 16-Sep-2026,15000.0,15100.0,15000.0,15100.0,14900.0,3,0.45,3,2.0,66.67
SGBDE30III, 16-Sep-2026,15136.56,15248.0,15025.0,15100.33,15122.65,472,71.23,118,334.0,70.76
SGBDE31III, 16-Sep-2026,15350.56,15483.99,15321.0,15335.13,15334.27,1001,153.85,241,801.0,80.02
SGBDEC26, 16-Sep-2026,14752.0,15100.0,14752.0,15100.0,15300.0,2,0.3,2,2.0,100.0
SGBFEB27, 16-Sep-2026,15000.0,15000.0,15000.0,15000.0,14900.0,10,1.5,1,10.0,100.0
SGBFEB29XI, 16-Sep-2026,15005.01,15044.99,14915.01,14979.5,14988.66,94,14.06,35,52.0,55.32
SGBFEB32IV, 16-Sep-2026,15566.56,15743.99,15532.0,15648.82,15554.95,1248,195.03,245,841.0,67.39
SGBJ28VIII, 16-Sep-2026,14999.0,14999.0,14999.0,14999.0,14900.0,2,0.3,1,2.0,100.0
SGBJAN27, 16-Sep-2026,14870.0,14901.0,14870.0,14901.0,14850.0,5,0.74,5,5.0,100.0
SGBJAN29IX, 16-Sep-2026,14950.0,15094.0,14920.0,14970.0,14905.81,210,31.41,33,166.0,79.05
SGBJAN29X, 16-Sep-2026,14932.01,14990.0,14932.01,14970.01,14925.0,153,22.9,28,131.0,85.62
SGBJAN30IX, 16-Sep-2026,15000.0,15099.99,15000.0,15037.3,14949.84,92,13.84,25,57.0,61.96
SGBJU29III, 16-Sep-2026,14990.0,15000.0,14990.0,14995.0,14920.0,38,5.7,6,38.0,100.0
SGBJUL28IV, 16-Sep-2026,14922.5,14988.8,14910.01,14964.73,14892.16,112,16.75,32,80.0,71.43
SGBJUL29IV, 16-Sep-2026,14810.01,14998.5,14810.01,14990.0,14900.0,357,53.4,44,191.0,53.5
SGBJUN27, 16-Sep-2026,15000.0,15000.0,15000.0,15000.0,14885.83,3,0.45,3,3.0,100.0
SGBJUN28, 16-Sep-2026,15010.0,15010.0,14941.0,15007.61,14921.74,107,16.03,12,101.0,94.39
SGBJUN29II, 16-Sep-2026,14925.01,14999.0,14925.01,14998.0,14911.0,34,5.09,16,29.0,85.29
SGBJUN30, 16-Sep-2026,15002.0,15175.0,14990.0,15100.0,14922.53,86,12.97,27,69.0,80.23
SGBJUN31I, 16-Sep-2026,15166.56,15300.01,15155.0,15229.91,15160.05,696,105.86,170,419.0,60.2
SGBMAR28X, 16-Sep-2026,14999.99,15000.0,14880.3,15000.0,14969.85,21,3.15,13,18.0,85.71
SGBMAR30X, 16-Sep-2026,15060.01,15155.0,15000.0,15052.49,15060.0,179,26.96,73,136.0,75.98
SGBMAR31IV, 16-Sep-2026,15126.56,15299.99,15126.56,15191.75,15120.0,193,29.27,53,157.0,81.35
SGBMAY28, 16-Sep-2026,14960.5,15000.0,14950.0,14998.57,14904.56,26,3.89,11,19.0,73.08
SGBMAY29I, 16-Sep-2026,15050.01,15094.99,14965.02,15003.5,14962.49,199,29.85,36,172.0,86.43
SGBMR29XII, 16-Sep-2026,14901.0,14999.99,14901.0,14981.1,14901.0,198,29.58,59,153.0,77.27
SGBN28VIII, 16-Sep-2026,14825.0,15021.0,14825.0,15016.76,14955.0,603,90.47,41,579.0,96.02
SGBNOV26, 16-Sep-2026,15049.99,15049.99,14950.0,14950.0,14945.65,16,2.41,2,16.0,100.0
SGBNV29VII, 16-Sep-2026,14930.0,15145.0,14930.0,15055.0,14915.0,306,45.94,43,250.0,81.7
SGBOC28VII, 16-Sep-2026,15000.02,15150.0,15000.02,15149.22,14950.0,619,93.59,41,591.0,95.48
SGBOCT27, 16-Sep-2026,15000.05,15100.0,15000.05,15100.0,15000.0,85,12.82,8,85.0,100.0
SGBOCT27VI, 16-Sep-2026,15000.0,15100.0,15000.0,15100.0,14905.0,167,25.21,7,167.0,100.0
SGBSEP27, 16-Sep-2026,14925.0,14980.0,14925.0,14980.0,14905.02,95,14.21,10,87.0,91.58
SGBSEP28VI, 16-Sep-2026,15000.0,15000.0,14921.0,14959.67,14884.61,438,65.55,278,355.0,81.05
SGBSEP29VI, 16-Sep-2026,14941.0,14988.0,14920.11,14964.33,14901.25,265,39.61,77,233.0,87.92
SGBSEP31II, 16-Sep-2026,15311.0,15399.0,15241.01,15262.28,15209.01,1082,165.25,147,686.0,63.4
SGFIN, 16-Sep-2026,629.0,636.0,600.0,618.2,629.75,226905,1397.77,10148,114829.0,50.61
SGIL, 16-Sep-2026,585.0,594.2,565.9,581.5,590.9,5232,30.36,324,2867.0,54.8
SGL, 16-Sep-2026,10.02,10.02,9.4,9.64,9.82,5093,0.5,69,4848.0,95.19
SGLRES, 16-Sep-2026,2.4,2.46,2.33,2.44,2.35,14193,0.34,78,8819.0,62.14
SGMART, 16-Sep-2026,716.0,739.95,678.1,697.65,722.1,699054,4863.19,32572,309823.0,44.32
SGRL, 16-Sep-2026,663.8,665.95,630.0,648.65,657.6,14381,93.15,1059,7216.0,50.18
SHADOWFAX, 16-Sep-2026,242.45,247.5,236.0,243.75,241.15,2089926,5083.46,41963,1101084.0,52.69
SHAH, 16-Sep-2026,3.39,3.4,3.31,3.34,3.35,822276,27.57,817,502509.0,61.11
SHAILY, 16-Sep-2026,3180.0,3180.0,3040.0,3097.3,3181.8,129716,4010.88,25647,65246.0,50.3
SHAKTIPUMP, 16-Sep-2026,472.15,474.2,455.0,463.9,474.2,711934,3299.39,33297,280772.0,39.44
SHALBY, 16-Sep-2026,137.21,138.54,131.81,135.74,137.21,244848,328.35,4037,146675.0,59.9
SHANKARA, 16-Sep-2026,147.51,149.82,147.51,149.24,149.83,42998,64.01,390,32060.0,74.56
SHANKESH, 16-Sep-2026,95.96,95.99,87.31,89.55,94.35,5412485,4876.01,35896,1441113.0,26.63
SHANTHALA, 16-Sep-2026,15.7,16.0,15.2,15.55,16.65,9600,1.5,8,3600.0,37.5
SHANTI, 16-Sep-2026,6.17,6.3,5.9,6.06,6.1,17273,1.04,83,14171.0,82.04
SHANTIGEAR, 16-Sep-2026,660.4,713.0,645.3,691.6,679.25,212317,1449.33,6883,95051.0,44.77
SHANTIGOLD, 16-Sep-2026,247.9,253.99,238.82,243.95,247.89,1104713,2701.08,17310,388537.0,35.17
SHANTIINOR, 16-Sep-2026,195.0,195.0,184.45,185.35,194.15,240000,448.21,133,217600.0,90.67
SHARDACROP, 16-Sep-2026,754.4,758.75,740.05,745.5,753.4,127529,954.63,9589,74584.0,58.48
SHARDAMOTR, 16-Sep-2026,933.15,938.9,902.15,930.55,933.15,82323,756.54,9422,47543.0,57.75
SHAREINDIA, 16-Sep-2026,197.8,199.8,188.05,196.05,197.2,1855814,3580.58,18918,454147.0,24.47
SHARIABEES, 16-Sep-2026,443.56,444.0,438.15,439.4,442.09,5901,25.96,372,2594.0,43.96
SHBAJRG, 16-Sep-2026,156.0,156.0,147.98,151.35,153.96,1514,2.29,78,1161.0,76.68
SHEEL, 16-Sep-2026,58.3,60.0,58.3,60.0,61.0,26000,15.56,13,26000.0,100.0
SHEETAL, 16-Sep-2026,355.05,361.0,355.0,357.5,355.0,5500,19.7,11,4000.0,72.73
SHERA, 16-Sep-2026,189.95,189.95,176.0,182.45,183.1,51000,91.71,49,31000.0,60.78
SHERVANI, 16-Sep-2026,350.1,350.1,332.0,332.0,349.5,33,0.12,18,32.0,96.97
SHETHJI, 16-Sep-2026,182.1,194.0,180.0,191.6,185.4,19000,35.54,18,15000.0,78.95
SHIGAN, 16-Sep-2026,64.5,64.5,64.5,64.5,64.5,3000,1.94,1,3000.0,100.0
SHILCTECH, 16-Sep-2026,4119.8,4150.0,3964.7,4016.5,4078.3,12222,492.79,3482,5567.0,45.55
SHILGRAVQ, 16-Sep-2026,163.25,163.25,153.05,154.88,159.62,811,1.27,59,641.0,79.04
SHILPAMED, 16-Sep-2026,909.9,945.0,874.85,928.05,911.9,1187365,10818.04,51170,438907.0,36.96
SHINDL, 16-Sep-2026,160.12,164.39,160.0,163.05,161.48,128760,209.3,733,29734.0,23.09
SHIPROCKET, 16-Sep-2026,126.95,128.33,120.31,123.66,127.82,9635180,11871.94,80666,3880728.0,40.28
SHIVAAGRO, 16-Sep-2026,37.72,41.0,36.5,39.89,37.9,1518,0.59,88,1169.0,77.01
SHIVACEM, 16-Sep-2026,15.61,16.02,15.3,15.5,15.89,89358,13.93,407,72591.0,81.24
SHIVALIK, 16-Sep-2026,355.7,406.55,341.85,389.15,353.9,289347,1098.15,15328,116411.0,40.23
SHIVAMAUTO, 16-Sep-2026,16.54,16.9,16.1,16.33,16.54,28408,4.67,169,22916.0,80.67
SHIVAMILLS, 16-Sep-2026,61.9,61.9,58.21,59.86,61.12,379,0.22,30,365.0,96.31
SHIVASHRIT, 16-Sep-2026,117.1,119.3,117.05,117.25,119.35,24000,28.55,5,23000.0,95.83
SHIVATEX, 16-Sep-2026,178.15,182.0,171.29,177.7,180.5,17665,31.44,200,11238.0,63.62
SHIVAUM, 16-Sep-2026,475.8,475.8,469.0,469.0,470.0,1900,8.93,35,1597.0,84.05
SHK, 16-Sep-2026,135.05,135.95,131.0,133.42,135.89,600690,800.92,9145,409414.0,68.16
SHKSIL, 16-Sep-2026,34.05,34.05,34.0,34.0,35.95,4000,1.36,2,4000.0,100.0
SHOPERSTOP, 16-Sep-2026,398.35,400.9,381.15,395.3,398.5,70172,274.08,4972,14987.0,21.36
SHRADDHA, 16-Sep-2026,156.5,156.5,144.53,152.97,151.89,3646,5.49,65,2837.0,77.81
SHRADHA, 16-Sep-2026,33.88,34.9,30.51,31.49,29.97,107995,35.03,852,29945.0,27.73
SHREDIGCEM, 16-Sep-2026,66.0,67.5,65.0,66.19,65.87,85455,56.5,1320,34072.0,39.87
SHREECEM, 16-Sep-2026,21970.0,22235.0,21665.0,21795.0,21905.0,21233,4642.2,10772,11909.0,56.09
SHREEDHAR, 16-Sep-2026,145.4,149.65,145.0,146.1,142.55,60000,88.41,30,56000.0,93.33
SHREEJISPG, 16-Sep-2026,682.0,694.35,655.75,690.2,684.0,809303,5496.62,8782,293695.0,36.29
SHREEKARNI, 16-Sep-2026,377.0,377.5,365.0,366.2,365.05,22200,82.2,18,19950.0,89.86
SHREEOSFM, 16-Sep-2026,53.0,53.0,51.05,51.55,53.0,7000,3.66,7,4000.0,57.14
SHREEPUSHK, 16-Sep-2026,501.45,514.85,482.0,506.95,501.45,123748,619.26,8004,44955.0,36.33
SHREERAMA, 16-Sep-2026,44.97,44.97,43.5,43.98,44.23,53787,23.77,768,37500.0,69.72
SHREYANIND, 16-Sep-2026,126.17,128.0,124.0,127.48,126.17,2846,3.6,106,1869.0,65.67
SHRIAHIMSA, 16-Sep-2026,450.2,459.95,438.0,447.0,457.0,20400,91.24,33,18000.0,88.24
SHRIKANHA, 16-Sep-2026,22.35,23.45,22.35,22.35,23.5,11200,2.52,7,6400.0,57.14
SHRIKRISH, 16-Sep-2026,34.23,34.23,33.85,34.0,34.22,23,0.01,8,16.0,69.57
SHRINGARMS, 16-Sep-2026,212.25,217.0,205.17,209.49,211.05,236182,493.9,2179,103071.0,43.64
SHRIPISTON, 16-Sep-2026,4243.1,4353.8,4150.0,4309.3,4275.4,62702,2671.09,15497,32115.0,51.22
SHRIRAMFIN, 16-Sep-2026,979.0,990.3,972.6,979.0,979.8,7221528,70667.58,91187,4999715.0,69.23
SHRIRAMPPS, 16-Sep-2026,70.02,71.39,69.25,70.57,70.41,363848,256.35,3118,188303.0,51.75
SHRITECH, 16-Sep-2026,58.95,59.0,58.95,59.0,58.55,4000,2.36,2,4000.0,100.0
SHRJAGP, 16-Sep-2026,655.0,655.0,636.0,637.15,641.45,298,1.92,46,222.0,74.5
SHUBHSHREE, 16-Sep-2026,341.0,350.0,341.0,350.0,360.7,900,3.12,3,600.0,66.67
SHUKRAPHAR, 16-Sep-2026,56.25,56.25,52.33,54.6,55.27,2286024,1235.11,9088,741552.0,32.44
SHYAMDHANI, 16-Sep-2026,52.5,53.5,52.5,53.35,52.1,6000,3.19,3,6000.0,100.0
SHYAMMETL, 16-Sep-2026,1050.0,1063.3,1019.0,1048.0,1050.5,155947,1624.72,17599,72014.0,46.18
SHYAMTEL, 16-Sep-2026,11.19,11.22,10.32,11.2,11.2,2765,0.29,21,2589.0,93.63
SICAGEN, 16-Sep-2026,55.55,55.55,51.67,52.41,53.98,13515,7.12,131,10963.0,81.12
SIDDHICOTS, 16-Sep-2026,26.1,26.5,26.0,26.5,26.9,9600,2.52,7,9600.0,100.0
SIEL, 16-Sep-2026,32.98,32.98,31.5,31.5,31.5,60,0.02,4,55.0,91.67
SIEMENS, 16-Sep-2026,3764.0,3799.3,3682.4,3742.0,3770.0,132688,4972.37,16036,36323.0,27.37
SIGACHI, 16-Sep-2026,32.0,32.26,29.81,31.16,31.51,5298985,1632.54,16422,1739901.0,32.83
SIGMA, 16-Sep-2026,44.0,46.49,41.21,45.6,44.9,306226,133.09,3706,122498.0,40.0
SIGNATURE, 16-Sep-2026,754.6,761.3,742.85,752.5,751.15,185649,1403.69,5005,14744.0,7.94
SIGNORIA, 16-Sep-2026,152.0,152.0,151.05,151.05,159.0,2000,3.03,2,2000.0,100.0
SIGNPOST, 16-Sep-2026,264.65,271.2,255.1,263.55,264.65,64789,169.48,3366,19264.0,29.73
SIKA, 16-Sep-2026,1026.55,1085.7,993.6,1052.2,1040.05,62044,645.93,6679,17652.0,28.45
SIL, 16-Sep-2026,17.7,18.0,16.32,16.52,17.6,80915,13.55,908,50982.0,63.01
SILGO, 16-Sep-2026,68.99,71.57,68.66,71.04,69.08,40113,28.12,648,24039.0,59.93
SILINV, 16-Sep-2026,445.0,452.0,436.55,440.1,444.95,1033,4.58,119,899.0,87.03
SILKFLEX, 16-Sep-2026,263.1,270.0,263.0,270.0,271.1,7000,18.62,6,6000.0,85.71
SILKY, 16-Sep-2026,72.0,72.0,68.1,69.95,69.95,3200,2.23,4,1600.0,50.0
SILVER, 16-Sep-2026,227.49,228.96,227.49,228.18,224.06,736262,1680.65,5350,334564.0,45.44
SILVER001, 16-Sep-2026,24.2,24.2,22.89,23.12,23.0,2914,0.68,48,2256.0,77.42
SILVER1, 16-Sep-2026,22.11,22.31,22.1,22.2,21.78,18529177,4119.01,8527,9789812.0,52.83
SILVER360, 16-Sep-2026,224.3,226.1,224.15,225.16,222.74,32081,72.25,376,11663.0,36.35
SILVERADD, 16-Sep-2026,22.0,22.12,21.92,22.04,21.61,4462291,983.81,4184,3324147.0,74.49
SILVERAG, 16-Sep-2026,220.0,223.36,220.0,222.76,218.62,249835,556.31,1744,127818.0,51.16
SILVERAXIS, 16-Sep-2026,226.38,227.95,226.38,227.04,223.1,2272938,5166.56,6355,2008884.0,88.38
SILVERBEES, 16-Sep-2026,217.77,219.28,217.77,218.46,214.67,14593538,31912.17,47887,6783113.0,46.48
SILVERBETA, 16-Sep-2026,219.26,221.41,219.26,220.69,216.69,428878,946.47,2809,158619.0,36.98
SILVERBND, 16-Sep-2026,227.7,229.99,227.7,229.24,224.95,31333,71.81,112,20485.0,65.38
SILVERCASE, 16-Sep-2026,23.05,23.24,23.0,23.16,22.74,9484959,2197.17,6167,5355056.0,56.46
SILVERIETF, 16-Sep-2026,227.9,228.9,227.49,228.08,223.94,1819854,4153.51,11132,627034.0,34.46
SILVERTUC, 16-Sep-2026,151.7,157.0,148.85,153.05,149.66,370310,570.51,6306,134842.0,36.41
SIMCA, 16-Sep-2026,262.0,266.5,262.0,266.5,261.1,4800,12.64,8,4800.0,100.0
SIMPLEXINF, 16-Sep-2026,240.6,250.2,233.05,248.85,242.85,165011,401.59,1634,137116.0,83.1
SIMPLXREA, 16-Sep-2026,126.01,126.01,126.01,126.01,132.27,2,0.0,1,2.0,100.0
SINCLAIR, 16-Sep-2026,78.51,79.9,77.1,77.92,78.41,22330,17.36,476,14779.0,66.18
SINDHUTRAD, 16-Sep-2026,23.53,23.97,22.8,23.35,23.53,608340,141.91,1288,232438.0,38.21
SINGERIND, 16-Sep-2026,75.96,78.5,71.42,77.2,74.98,110528,82.78,1270,59559.0,53.89
SINTERCOM, 16-Sep-2026,75.12,79.0,73.3,75.32,75.05,2902,2.16,78,2624.0,90.42
SIRCA, 16-Sep-2026,419.0,420.95,399.8,403.25,418.15,225976,916.85,5493,98656.0,43.66
SIS, 16-Sep-2026,418.4,426.85,410.65,415.9,414.9,461513,1945.92,11348,178116.0,38.59
SIYSIL, 16-Sep-2026,521.05,529.35,508.35,516.05,520.95,41973,217.4,3668,18192.0,43.34
SJLOGISTIC, 16-Sep-2026,313.65,313.65,308.0,311.3,312.9,23250,72.09,66,20250.0,87.1
SJS, 16-Sep-2026,2312.0,2334.3,2241.7,2297.2,2311.7,97320,2218.32,19372,45977.0,47.24
SJVN, 16-Sep-2026,64.55,64.55,63.2,64.06,64.58,1560643,996.6,15774,567996.0,36.39
SKFINDIA, 16-Sep-2026,1501.0,1554.8,1488.0,1546.3,1508.5,61886,946.14,6179,41306.0,66.75
SKFINDUS, 16-Sep-2026,2840.0,2964.9,2802.4,2943.0,2833.8,51270,1494.14,14002,18442.0,35.97
SKIPPER, 16-Sep-2026,533.0,534.55,513.7,522.65,534.15,661514,3458.48,26356,271303.0,41.01
SKMEGGPROD, 16-Sep-2026,232.95,234.05,224.1,229.6,231.9,247841,564.69,4976,111896.0,45.15
SKP, 16-Sep-2026,160.05,163.95,160.0,160.0,165.55,38000,61.33,42,17500.0,46.05
SKYGOLD, 16-Sep-2026,791.35,824.35,774.8,792.6,789.4,704650,5604.99,37048,283842.0,40.28
SKYTECH, 16-Sep-2026,25.25,25.25,25.25,25.25,26.55,9600,2.42,6,9600.0,100.0
SKYWAYS, 16-Sep-2026,111.74,114.5,108.54,113.42,111.29,1867585,2089.06,15753,531464.0,28.46
SLONE, 16-Sep-2026,170.1,170.1,170.1,170.1,177.75,400,0.68,1,400.0,100.0
SMALL250, 16-Sep-2026,18.42,18.42,17.57,17.9,17.98,1668162,297.81,1277,1433100.0,85.91
SMALLADD, 16-Sep-2026,18.2,18.47,17.67,17.99,18.11,292045,52.49,250,233663.0,80.01
SMALLCAP, 16-Sep-2026,47.76,47.98,46.67,47.65,47.76,4252598,2011.46,6772,1923920.0,45.24
SMALLGROWW, 16-Sep-2026,47.85,48.18,46.85,47.62,47.85,7786,3.68,85,6429.0,82.57
SMALLIETF, 16-Sep-2026,17.98,18.25,17.6,17.93,17.98,104207,18.62,200,41847.0,40.16
SMARTEN, 16-Sep-2026,53.0,53.0,49.4,52.9,52.0,14400,7.4,9,13200.0,91.67
SMARTWORKS, 16-Sep-2026,521.0,525.0,503.3,520.2,518.7,69624,359.66,4208,39657.0,56.96
SMCGLOBAL, 16-Sep-2026,81.93,82.04,78.83,80.57,81.94,959934,773.76,5667,450282.0,46.91
SML100CASE, 16-Sep-2026,11.32,11.32,10.81,11.01,11.05,4609641,507.26,2277,2591433.0,56.22
SMLMAH, 16-Sep-2026,6200.0,6229.5,5941.5,5971.5,6254.0,83297,5005.14,7916,33955.0,40.76
SMLT, 16-Sep-2026,63.7,63.7,58.25,59.88,62.18,16782,10.05,278,13244.0,78.92
SMSPHARMA, 16-Sep-2026,410.2,413.35,393.25,402.95,410.15,802591,3226.41,23718,201625.0,25.12
SMVD, 16-Sep-2026,15.35,15.35,15.35,15.35,16.15,4040,0.62,1,4040.0,100.0
SNEHAA, 16-Sep-2026,44.0,44.5,43.3,44.1,44.25,8000,3.51,8,8000.0,100.0
SNOWMAN, 16-Sep-2026,36.39,36.39,34.15,34.54,35.03,128926,44.65,1244,76676.0,59.47
SNXT30BEES, 16-Sep-2026,41.78,41.78,41.21,41.62,41.38,31627,13.11,74,18306.0,57.88
SNXT50BETA, 16-Sep-2026,93.0,93.0,91.0,92.99,93.0,1859,1.71,90,980.0,52.72
SOBHA, 16-Sep-2026,1190.0,1194.7,1173.1,1181.8,1192.7,77935,923.17,14709,36398.0,46.7
SOCL, 16-Sep-2026,28.3,29.0,28.3,29.0,28.75,8000,2.3,4,8000.0,100.0
SOFTTECH, 16-Sep-2026,485.0,485.0,451.25,476.9,474.95,9640,44.9,239,7325.0,75.99
SOLARA, 16-Sep-2026,715.0,730.0,669.0,711.5,715.8,730185,5096.09,32434,280507.0,38.42
SOLARINDS, 16-Sep-2026,19400.0,19460.0,18480.0,18900.0,19250.0,525092,98869.27,105562,142448.0,27.13
SOLARWORLD, 16-Sep-2026,132.0,135.0,128.16,133.76,131.42,273416,360.91,8179,108163.0,39.56
SOLEX, 16-Sep-2026,674.2,675.05,652.05,657.65,668.9,20235,133.64,2465,10238.0,50.6
SOMANYCERA, 16-Sep-2026,542.55,561.9,529.65,555.15,550.8,103578,566.8,6230,57108.0,55.14
SOMATEX, 16-Sep-2026,83.25,83.74,79.25,80.58,81.62,3656,2.96,142,1829.0,50.03
SOMICONVEY, 16-Sep-2026,90.69,97.5,89.01,94.11,91.01,28525,26.57,717,22043.0,77.28
SONACOMS, 16-Sep-2026,780.6,794.65,767.0,768.0,790.0,2589871,20043.62,46535,1313160.0,50.7
SONAL, 16-Sep-2026,86.05,87.0,86.05,86.11,90.5,145,0.12,6,145.0,100.0
SONAMAC, 16-Sep-2026,32.1,32.15,32.1,32.15,33.5,3000,0.96,3,2000.0,66.67
SONATSOFTW, 16-Sep-2026,287.95,289.0,274.1,276.9,281.3,2111366,5903.01,37369,245193.0,11.61
SONUINFRA, 16-Sep-2026,50.5,50.6,49.5,50.0,48.3,64500,32.54,21,58500.0,90.7
SOTL, 16-Sep-2026,689.0,702.45,670.0,694.4,688.3,213789,1475.16,11074,73524.0,34.39
SOUTHBANK, 16-Sep-2026,45.22,45.89,44.54,45.19,45.0,9001848,4061.34,36648,3663729.0,40.7
SOUTHWEST, 16-Sep-2026,201.0,203.24,193.72,198.58,201.59,286651,568.54,7069,128109.0,44.69
SPAL, 16-Sep-2026,980.0,986.9,939.4,974.9,973.8,65492,628.9,5843,28903.0,44.13
SPANDANA, 16-Sep-2026,227.0,229.39,222.35,225.8,226.96,152012,342.45,3402,78034.0,51.33
SPARC, 16-Sep-2026,188.0,190.81,182.0,185.59,188.0,673294,1248.46,12045,328394.0,48.77
SPCENET, 16-Sep-2026,3.34,3.4,3.23,3.24,3.27,474492,15.48,522,360375.0,75.95
SPCL, 16-Sep-2026,64.2,64.5,62.65,63.4,65.7,13800,8.76,20,7800.0,56.52
SPEB, 16-Sep-2026,89.15,89.15,89.15,89.15,91.2,2000,1.78,1,2000.0,100.0
SPENCERS, 16-Sep-2026,27.94,28.48,27.01,28.21,27.94,18839,5.22,449,13843.0,73.48
SPIC, 16-Sep-2026,67.39,67.63,65.1,66.83,67.38,460572,305.88,4015,179706.0,39.02
SPLIL, 16-Sep-2026,29.6,30.2,29.01,29.57,28.84,7018,2.08,59,5167.0,73.62
SPLPETRO, 16-Sep-2026,789.35,798.0,769.3,792.7,789.35,175117,1369.7,14407,90655.0,51.77
SPMLINFRA, 16-Sep-2026,169.05,173.0,163.54,172.03,168.47,122560,206.5,3055,47992.0,39.16
SPORTKING, 16-Sep-2026,201.0,203.6,196.22,200.96,201.01,252465,507.04,8729,130204.0,51.57
SPRL, 16-Sep-2026,104.0,104.0,104.0,104.0,102.0,12000,12.48,2,12000.0,100.0
SPUNWEB, 16-Sep-2026,100.0,101.8,100.0,100.9,102.8,3600,3.62,3,3600.0,100.0
SRD, 16-Sep-2026,39.59,40.19,38.73,40.09,39.3,45265,18.03,220,37464.0,82.77
SRF, 16-Sep-2026,2457.5,2508.5,2444.5,2480.1,2455.2,159810,3974.02,23626,84816.0,53.07
SRGHFL, 16-Sep-2026,126.4,138.2,126.4,126.4,140.4,350276,450.04,2733,213436.0,60.93
SRHHYPOLTD, 16-Sep-2026,507.0,512.75,490.2,509.7,497.4,17233,86.76,1261,8968.0,52.04
SRIVASAVI, 16-Sep-2026,71.9,71.9,69.05,69.3,71.0,6000,4.21,5,5000.0,83.33
SRM, 16-Sep-2026,421.3,429.2,406.35,419.8,419.9,91640,382.49,4642,39386.0,42.98
SRTL, 16-Sep-2026,37.51,37.8,36.56,36.86,37.55,15004,5.56,227,13924.0,92.8
SSDL, 16-Sep-2026,60.22,62.0,59.2,59.7,60.22,11507,6.94,393,8143.0,70.77
SSEGL, 16-Sep-2026,411.65,425.0,405.05,419.15,417.1,128400,532.82,208,58200.0,45.33
SSFL, 16-Sep-2026,324.85,324.85,309.0,310.55,324.85,9500,29.75,19,9500.0,100.0
SSWL, 16-Sep-2026,340.8,354.0,326.0,350.05,339.0,1772756,6038.33,51464,691761.0,39.02
STANLEY, 16-Sep-2026,134.37,136.49,134.37,135.72,135.02,88725,119.95,1191,56610.0,63.8
STAR, 16-Sep-2026,1153.4,1192.0,1102.0,1183.9,1150.6,398309,4579.09,27616,209464.0,52.59
STARCEMENT, 16-Sep-2026,184.93,187.89,183.6,187.3,184.93,254340,471.85,6273,155773.0,61.25
STARHEALTH, 16-Sep-2026,540.8,549.45,531.05,545.7,540.8,589994,3197.61,48204,328370.0,55.66
STARPAPER, 16-Sep-2026,163.99,169.5,160.0,161.46,160.27,10208,16.66,327,7335.0,71.86
STARTECK, 16-Sep-2026,240.05,244.0,233.1,236.8,238.9,21,0.05,13,11.0,52.38
STCINDIA, 16-Sep-2026,112.6,112.6,110.1,111.08,111.26,11187,12.45,271,7269.0,64.98
STEELCAS, 16-Sep-2026,309.0,314.65,292.2,299.25,312.75,290998,875.44,9270,169003.0,58.08
STEELCITY, 16-Sep-2026,87.86,87.86,84.1,85.25,86.12,6573,5.6,178,5040.0,76.68
STEELXIND, 16-Sep-2026,11.34,11.6,10.9,11.07,11.44,6088018,676.03,5654,2187995.0,35.94
STEL, 16-Sep-2026,597.05,605.0,596.0,602.05,597.9,4630,27.79,503,4154.0,89.72
STLNETWORK, 16-Sep-2026,38.45,39.06,35.34,38.97,37.2,15347153,5724.77,24839,6862312.0,44.71
STLSTRINF, 16-Sep-2026,26.99,27.9,22.9,26.52,25.44,135722,34.24,1174,58813.0,43.33
STOVEKRAFT, 16-Sep-2026,797.0,833.0,797.0,828.55,804.7,109498,896.76,9492,58683.0,53.59
STRIDERS, 16-Sep-2026,58.0,58.0,58.0,58.0,57.0,11200,6.5,1,11200.0,100.0
STUDDS, 16-Sep-2026,411.0,418.0,402.55,404.85,410.7,50715,206.69,4223,33560.0,66.17
STUDIOLSD, 16-Sep-2026,9.35,9.35,9.0,9.3,9.65,14000,1.29,7,14000.0,100.0
STYL, 16-Sep-2026,361.25,364.0,345.0,361.2,360.2,106890,379.02,3932,54670.0,51.15
STYLAMIND, 16-Sep-2026,3271.2,3299.9,3169.8,3188.1,3281.2,33962,1090.34,7171,18020.0,53.06
STYLEBAAZA, 16-Sep-2026,377.0,379.05,362.05,372.3,376.05,712655,2641.91,9086,466604.0,65.47
STYRENIX, 16-Sep-2026,2020.0,2091.4,2015.0,2059.7,2034.2,32782,671.99,4322,18353.0,55.98
SUBAHOTELS, 16-Sep-2026,94.55,94.55,90.55,92.15,94.55,28800,26.55,24,16800.0,58.33
SUBEXLTD, 16-Sep-2026,20.5,20.94,19.3,19.59,20.44,15276187,3067.36,30322,3388511.0,22.18
SUBROS, 16-Sep-2026,683.0,690.45,666.2,678.0,682.55,30494,207.28,2913,14615.0,47.93
SUDARCOLOR, 16-Sep-2026,376.0,376.0,370.0,370.5,375.1,2703,10.04,124,1917.0,70.92
SUDARSCHEM, 16-Sep-2026,1175.0,1208.2,1148.1,1198.7,1183.2,166126,1966.93,13183,63670.0,38.33
SUDEEPPHRM, 16-Sep-2026,1125.8,1128.8,1085.6,1107.2,1142.7,535162,5882.9,16275,261468.0,48.86
SUKHJITS, 16-Sep-2026,163.5,163.5,158.08,159.22,161.72,44293,70.66,432,37078.0,83.71
SULA, 16-Sep-2026,135.0,145.61,132.06,136.52,134.14,3167897,4429.45,33800,340822.0,10.76
SUMAX, 16-Sep-2026,121.0,123.55,119.6,119.6,125.85,194400,233.22,100,193200.0,99.38
SUMEDHA, 16-Sep-2026,43.4,44.9,41.3,43.15,43.09,4562,1.97,70,4562.0,100.0
SUMEETINDS, 16-Sep-2026,10.18,10.18,9.73,9.73,10.24,1666510,162.75,1519,1178950.0,70.74
SUMICHEM, 16-Sep-2026,454.0,457.3,446.75,454.05,451.95,183439,831.14,12314,84656.0,46.15
SUMIT, 16-Sep-2026,51.2,51.2,48.71,50.56,50.61,29732,14.94,192,18840.0,63.37
SUMMITSEC, 16-Sep-2026,1395.0,1403.1,1370.0,1391.7,1393.6,1752,24.35,334,1172.0,66.89
SUNCLAY, 16-Sep-2026,1241.0,1272.5,1198.3,1257.4,1250.2,13674,169.57,1893,7200.0,52.65
SUNDARAM, 16-Sep-2026,1.2,1.2,1.16,1.17,1.18,113701,1.34,215,103190.0,90.76
SUNDARMFIN, 16-Sep-2026,4695.0,4696.0,4630.1,4672.4,4695.0,51662,2407.68,11213,32070.0,62.08
SUNDRMFAST, 16-Sep-2026,1226.0,1235.2,1204.4,1219.9,1237.3,533381,6467.13,49829,310496.0,58.21
SUNDROP, 16-Sep-2026,652.0,664.2,645.5,653.15,653.4,8010,52.15,380,5909.0,73.77
SUNFLAG, 16-Sep-2026,325.0,347.75,325.0,339.0,331.55,213617,717.07,5020,81518.0,38.16
SUNLITE, 16-Sep-2026,630.0,658.0,554.1,650.25,635.95,70500,426.28,225,32400.0,45.96
SUNLOC, 16-Sep-2026,76.49,76.49,73.49,73.49,76.49,22,0.02,4,10.0,45.45
SUNPHARMA, 16-Sep-2026,1843.6,1857.4,1837.0,1853.5,1835.0,1370607,25358.72,97820,958942.0,69.96
SUNRAKSHAK, 16-Sep-2026,366.05,374.0,359.85,370.55,362.45,9439,34.6,290,6040.0,63.99
SUNREST, 16-Sep-2026,37.1,38.9,37.1,37.95,37.1,8000,3.04,5,6400.0,80.0
SUNSHIEL, 16-Sep-2026,1255.0,1255.0,1205.0,1213.8,1209.3,2087,25.48,301,1261.0,60.42
SUNSHINE, 16-Sep-2026,350.15,367.3,332.35,363.7,333.95,3704081,13132.44,51002,614152.0,16.58
SUNTECH, 16-Sep-2026,40.25,40.25,38.0,38.7,38.4,6400,2.52,4,4800.0,75.0
SUNTECK, 16-Sep-2026,277.45,283.15,272.0,281.15,276.2,216291,600.97,6757,103942.0,48.06
SUNTV, 16-Sep-2026,466.5,469.0,460.0,462.45,464.25,302447,1402.89,16904,160707.0,53.14
SUPERHOUSE, 16-Sep-2026,176.75,176.75,166.11,167.48,169.83,5235,8.87,226,2991.0,57.13
SUPRAJIT, 16-Sep-2026,480.05,504.7,475.5,488.15,480.05,328298,1616.85,24386,77558.0,23.62
SUPREME, 16-Sep-2026,33.2,34.45,31.68,32.08,32.98,23688,7.81,882,13713.0,57.89
SUPREMEIND, 16-Sep-2026,3300.0,3346.6,3270.0,3300.0,3300.0,84649,2811.16,12056,41114.0,48.57
SUPREMEINF, 16-Sep-2026,84.5,84.5,79.35,79.66,81.4,29915,24.17,540,22004.0,73.56
SUPREMEPWR, 16-Sep-2026,202.25,207.0,195.4,204.75,209.4,108500,218.99,196,65000.0,59.91
SUPRIYA, 16-Sep-2026,863.75,889.45,845.55,877.85,874.95,191677,1669.02,16937,77424.0,40.39
SURAJEST, 16-Sep-2026,171.0,171.0,166.0,168.69,169.85,45106,75.97,1444,23470.0,52.03
SURAJLTD, 16-Sep-2026,200.0,202.98,197.01,197.32,195.75,50,0.1,15,37.0,74.0
SURAKSHA, 16-Sep-2026,323.0,334.0,300.0,326.8,323.05,98905,319.83,3093,54862.0,55.47
SURANASOL, 16-Sep-2026,25.27,25.7,24.61,25.01,25.02,16353,4.07,328,13434.0,82.15
SURANAT&P, 16-Sep-2026,15.81,16.0,15.75,15.86,15.81,29453,4.67,264,27678.0,93.97
SURANI, 16-Sep-2026,87.5,87.5,87.5,87.5,87.5,200,0.18,1,200.0,100.0
SURYALA, 16-Sep-2026,393.0,401.0,381.5,386.85,401.0,99,0.4,10,98.0,98.99
SURYALAXMI, 16-Sep-2026,55.19,56.45,54.11,55.89,55.46,2635,1.46,37,2135.0,81.02
SURYAROSNI, 16-Sep-2026,209.53,211.99,206.72,209.2,209.8,306174,641.95,7515,153605.0,50.17
SURYODAY, 16-Sep-2026,146.0,146.0,142.01,143.61,144.81,146412,211.01,2668,64877.0,44.31
SUVEN, 16-Sep-2026,335.0,342.0,324.0,336.45,333.45,521311,1735.55,18068,193164.0,37.05
SUVIDHAA, 16-Sep-2026,2.28,2.34,2.05,2.21,2.28,152084,3.35,287,87252.0,57.37
SUYOG, 16-Sep-2026,647.95,668.8,643.05,657.35,643.6,17252,112.9,1190,9186.0,53.25
SUZLON, 16-Sep-2026,42.9,42.9,41.76,42.15,42.9,65021879,27452.69,102994,33330768.0,51.26
SVGLOBAL, 16-Sep-2026,130.2,137.0,124.26,134.03,131.84,582,0.74,27,579.0,99.48
SVLL, 16-Sep-2026,800.4,821.0,799.3,804.2,790.4,1647,13.39,101,1315.0,79.84
SVPGLOB, 16-Sep-2026,3.49,3.49,3.33,3.41,3.39,25916,0.88,60,18758.0,72.38
SWANCORP, 16-Sep-2026,289.0,297.75,284.15,292.85,292.6,1192992,3488.21,24301,329259.0,27.6
SWARAJENG, 16-Sep-2026,3556.0,3569.4,3510.1,3524.8,3569.2,10589,375.03,2001,7037.0,66.46
SWARNSAR, 16-Sep-2026,39.0,39.75,36.1,37.32,38.74,11771,4.49,86,9325.0,79.22
SWASTIK, 16-Sep-2026,15.85,15.9,15.85,15.9,16.65,2400,0.38,2,2400.0,100.0
SWELECTES, 16-Sep-2026,554.2,559.4,533.1,543.45,551.4,9475,51.68,1170,4549.0,48.01
SWIGGY, 16-Sep-2026,274.4,277.7,269.45,270.5,275.0,9369276,25451.19,81082,4261794.0,45.49
SWSOLAR, 16-Sep-2026,174.35,179.21,173.74,177.94,174.3,977482,1725.26,13260,374977.0,38.36
SYMBIOTEC, 16-Sep-2026,1085.0,1087.9,1021.55,1042.8,1080.1,766135,8023.15,44194,215433.0,28.12
SYMPHONY, 16-Sep-2026,573.7,579.4,562.1,570.1,573.7,57599,329.08,3577,25616.0,44.47
SYNCOMF, 16-Sep-2026,18.56,18.88,16.61,18.41,18.53,10523823,1890.38,22986,3551484.0,33.75
SYNGENE, 16-Sep-2026,376.1,382.4,374.2,380.1,378.85,267759,1015.39,18280,141012.0,52.66
SYNOPTICS, 16-Sep-2026,44.6,44.6,44.6,44.6,46.9,14400,6.42,10,13200.0,91.67
SYRMA, 16-Sep-2026,1508.9,1522.8,1418.0,1511.2,1507.7,1682259,24773.23,93612,493030.0,29.31
SYSTANGO, 16-Sep-2026,222.4,227.8,220.0,222.55,226.1,24000,53.24,47,14800.0,61.67
TAALTECH, 16-Sep-2026,5148.0,5200.0,4712.1,5121.2,5012.4,14013,695.83,4041,5288.0,37.74
TAC, 16-Sep-2026,462.0,487.95,452.7,487.95,464.75,42600,202.05,166,41000.0,96.24
TAINWALCHM, 16-Sep-2026,205.01,210.49,205.0,209.09,205.0,2499,5.23,35,2170.0,86.83
TAJGVK, 16-Sep-2026,325.05,328.1,318.55,327.4,325.85,50327,162.93,1892,23334.0,46.36
TAKE, 16-Sep-2026,19.41,19.41,17.57,17.67,18.49,1099505,204.69,2100,692105.0,62.95
TALBROAUTO, 16-Sep-2026,419.85,429.45,410.05,418.8,421.3,207967,871.88,7741,89451.0,43.01
TANAA, 16-Sep-2026,263.6,265.7,259.55,263.2,263.6,5701,15.01,490,3285.0,57.62
TANKUP, 16-Sep-2026,1584.7,1584.7,1584.7,1584.7,1617.0,250,3.96,1,250.0,100.0
TANLA, 16-Sep-2026,495.0,503.4,484.0,487.55,490.55,529075,2605.2,19706,162461.0,30.71
TAPIFRUIT, 16-Sep-2026,46.55,46.55,46.55,46.55,49.0,750,0.35,1,750.0,100.0
TARACHAND, 16-Sep-2026,47.99,47.99,46.5,46.73,47.11,33440,15.71,895,16820.0,50.3
TARAPUR, 16-Sep-2026,12.5,12.74,12.1,12.53,12.26,27522,3.42,204,18358.0,66.7
TARC, 16-Sep-2026,125.05,129.24,124.1,128.81,126.61,437372,556.18,4605,266117.0,60.84
TARIL, 16-Sep-2026,277.95,279.3,269.55,277.1,277.95,972056,2673.32,27343,393585.0,40.49
TARMAT, 16-Sep-2026,57.27,58.71,57.02,57.47,58.29,15351,8.85,1057,5825.0,37.95
TARSONS, 16-Sep-2026,303.0,305.8,287.1,302.3,303.15,107349,320.4,3702,49075.0,45.72
TASTYBITE, 16-Sep-2026,9900.0,10163.0,9742.0,9936.0,9927.0,2439,241.27,957,1259.0,51.62
TATACAP, 16-Sep-2026,352.0,355.0,342.1,343.5,353.35,1218761,4228.35,78531,628647.0,51.58
TATACHEM, 16-Sep-2026,715.0,788.0,691.9,731.8,734.9,25483055,189622.64,631416,2447814.0,9.61
TATACOMM, 16-Sep-2026,1754.9,1815.9,1740.0,1799.3,1748.2,317034,5662.63,37130,138766.0,43.77
TATACONSUM, 16-Sep-2026,990.0,1010.5,988.8,1000.1,986.1,1573391,15809.68,59949,796006.0,50.59
TATAELXSI, 16-Sep-2026,3434.0,3441.9,3355.1,3373.0,3440.0,185990,6310.13,20342,69791.0,37.52
TATAGOLD, 16-Sep-2026,14.61,14.69,14.61,14.68,14.52,32001501,4692.9,56930,13466173.0,42.08
TATAINVEST, 16-Sep-2026,708.0,708.0,666.0,681.95,718.35,4857618,33223.66,122380,422250.0,8.69
TATAPOWER, 16-Sep-2026,363.0,366.1,360.4,360.4,363.0,2900501,10527.28,30220,1314284.0,45.31
TATASTEEL, 16-Sep-2026,183.65,185.4,180.28,183.0,183.65,29476234,54004.39,139723,13720281.0,46.55
TATATECH, 16-Sep-2026,763.95,775.85,745.0,748.4,759.3,942325,7152.36,44370,280166.0,29.73
TATSILV, 16-Sep-2026,22.09,22.28,22.09,22.2,21.78,38004670,8441.0,36177,16152738.0,42.5
TATVA, 16-Sep-2026,1560.0,1666.6,1520.0,1646.8,1547.3,109010,1752.73,12623,39244.0,36.0
TAURIAN, 16-Sep-2026,446.25,473.65,433.0,469.5,451.1,75200,346.95,89,64000.0,85.11
TBI, 16-Sep-2026,78.35,81.3,75.25,77.9,78.35,39600,30.93,62,27000.0,68.18
TBOTEK, 16-Sep-2026,1643.7,1647.7,1600.0,1631.4,1656.1,84932,1382.5,15002,45473.0,53.54
TBZ, 16-Sep-2026,525.95,550.65,505.1,547.5,524.45,1564537,8408.53,25563,566881.0,36.23
TCC, 16-Sep-2026,53.7,54.74,50.15,52.26,54.63,1749386,915.38,11219,262236.0,14.99
TCI, 16-Sep-2026,841.2,859.95,825.0,827.0,845.4,19650,163.89,4987,12085.0,61.5
TCIEXP, 16-Sep-2026,494.3,497.3,480.0,489.1,494.3,21265,103.74,1788,9930.0,46.7
TCIFINANCE, 16-Sep-2026,14.73,15.49,14.5,14.89,15.02,14981,2.22,128,13254.0,88.47
TCL, 16-Sep-2026,114.05,126.5,110.05,121.85,118.6,48800,57.43,43,34400.0,70.49
TCPLPACK, 16-Sep-2026,3655.0,3890.0,3655.0,3863.0,3692.1,10088,382.78,1825,4664.0,46.23
TCS, 16-Sep-2026,2270.0,2273.9,2172.0,2188.8,2251.0,2763709,61107.97,137572,1175082.0,42.52
TDPOWERSYS, 16-Sep-2026,728.75,729.05,680.0,696.0,725.5,4260675,29891.55,170191,1382876.0,32.46
TEAMGTY, 16-Sep-2026,243.93,243.93,235.01,242.52,235.08,57,0.14,9,29.0,50.88
TEAMLEASE, 16-Sep-2026,1229.6,1240.0,1213.2,1228.0,1229.6,5297,64.94,1400,2688.0,50.75
TEAMTECH, 16-Sep-2026,122.05,122.05,119.7,119.7,126.0,70000,83.96,28,60000.0,85.71
TECH, 16-Sep-2026,32.38,32.54,31.8,32.06,32.38,12044,3.86,170,7758.0,64.41
TECHD, 16-Sep-2026,585.0,589.0,530.35,556.45,575.2,28800,158.89,93,16200.0,56.25
TECHERA, 16-Sep-2026,170.0,170.0,156.35,162.5,164.55,76000,122.87,91,45600.0,60.0
TECHLABS, 16-Sep-2026,123.0,128.0,118.55,125.6,124.75,7625,9.37,50,5500.0,72.13
TECHM, 16-Sep-2026,1578.2,1589.2,1548.0,1558.0,1575.9,1472713,23052.23,59285,792244.0,53.79
TECHNOCRAF, 16-Sep-2026,429.0,443.9,422.15,439.4,424.35,1424369,6174.56,28529,341071.0,23.95
TECHNOE, 16-Sep-2026,955.0,979.9,936.0,971.05,950.6,168316,1624.68,16153,72835.0,43.27
TECHNVISN, 16-Sep-2026,4480.5,4480.5,4362.0,4362.0,4591.5,185,8.07,41,170.0,91.89
TECILCHEM, 16-Sep-2026,9.39,9.89,9.1,9.2,9.27,7584,0.71,52,5112.0,67.41
TEGA, 16-Sep-2026,1674.4,1735.2,1630.4,1717.1,1671.1,225032,3811.25,17785,100622.0,44.71
TEJA, 16-Sep-2026,202.25,208.95,201.95,207.2,202.25,9000,18.6,15,4200.0,46.67
TEJASNET, 16-Sep-2026,524.75,524.75,495.5,514.8,521.25,2655014,13515.63,57884,568976.0,21.43
TEMBO, 16-Sep-2026,55.1,57.0,54.25,56.48,55.52,967666,539.53,4325,373390.0,38.59
TEMPSENS, 16-Sep-2026,530.0,546.0,521.1,540.55,523.65,2755719,14760.05,54955,456967.0,16.58
TENNIND, 16-Sep-2026,513.5,520.0,502.5,512.05,512.9,398376,2034.68,28271,190024.0,47.7
TERAI, 16-Sep-2026,115.95,139.0,104.15,127.16,125.63,463,0.53,20,352.0,76.03
TERASOFT, 16-Sep-2026,235.1,244.75,230.0,234.25,238.35,22024,51.78,898,13048.0,59.24
TEXINFRA, 16-Sep-2026,113.85,118.0,111.63,116.25,114.07,173127,199.08,2126,94618.0,54.65
TEXMOPIPES, 16-Sep-2026,60.96,61.29,55.05,57.45,60.56,315498,181.76,2667,172745.0,54.75
TEXRAIL, 16-Sep-2026,110.8,111.38,107.21,108.62,110.71,1327822,1445.52,14139,560151.0,42.19
TFCILTD, 16-Sep-2026,138.61,141.74,132.93,138.81,138.18,11711599,16119.42,44265,3869093.0,33.04
TFL, 16-Sep-2026,11.91,12.2,11.91,12.17,11.9,6356,0.77,24,3012.0,47.39
TGBHOTELS, 16-Sep-2026,9.45,9.9,9.1,9.4,9.7,17863,1.7,158,10914.0,61.1
TGL, 16-Sep-2026,15.85,15.85,15.85,15.85,16.15,400,0.06,2,400.0,100.0
TGVSL, 16-Sep-2026,104.2,104.89,101.01,102.37,103.91,119527,122.64,1236,63728.0,53.32
THACKER, 16-Sep-2026,1000.0,1000.0,952.0,952.0,1000.0,7,0.07,7,7.0,100.0
THAKDEV, 16-Sep-2026,128.15,128.15,128.15,128.15,128.15,24,0.03,1,24.0,100.0
THANGAMAYL, 16-Sep-2026,4900.0,4950.0,4783.5,4927.0,4912.0,93434,4536.8,16776,45966.0,49.2
THEINVEST, 16-Sep-2026,97.97,97.97,91.89,95.13,96.18,9717,9.14,280,5258.0,54.11
THEJO, 16-Sep-2026,2175.2,2179.4,2081.0,2156.8,2175.2,4749,100.88,746,2399.0,50.52
THELEELA, 16-Sep-2026,517.0,531.5,513.15,524.2,522.45,232426,1217.55,18842,123763.0,53.25
THEMISMED, 16-Sep-2026,120.21,123.48,116.0,119.76,121.57,61249,72.73,1622,25247.0,41.22
THERMAX, 16-Sep-2026,3559.4,3582.5,3481.6,3536.8,3559.4,245768,8710.32,66921,134070.0,54.55
THESL, 16-Sep-2026,12.65,12.65,12.65,12.65,13.25,3000,0.38,1,3000.0,100.0
THOMASCOOK, 16-Sep-2026,103.84,105.0,100.1,102.01,103.37,653944,666.33,6040,335898.0,51.36
THOMASCOTT, 16-Sep-2026,230.0,237.0,221.8,233.8,237.9,95963,221.3,2814,57083.0,59.48
THYROCARE, 16-Sep-2026,543.3,549.45,532.75,541.3,544.45,263200,1422.62,19277,143754.0,54.62
TI, 16-Sep-2026,508.7,532.4,500.65,526.55,510.75,568346,2938.24,21404,210595.0,37.05
TIGERLOGS, 16-Sep-2026,27.4,28.38,26.56,26.88,27.4,73876,20.21,453,39085.0,52.91
TIIL, 16-Sep-2026,3135.0,3167.9,2988.4,3114.2,3128.6,37713,1154.05,8389,16536.0,43.85
TIINDIA, 16-Sep-2026,2514.0,2609.0,2482.0,2566.6,2525.0,188014,4781.28,19990,81392.0,43.29
TIMETECHNO, 16-Sep-2026,176.87,177.11,172.05,173.53,176.3,1790244,3120.75,21336,798400.0,44.6
TIMEX, 16-Sep-2026,600.25,613.5,580.15,605.45,605.65,290955,1742.07,19036,112438.0,38.64
TIMKEN, 16-Sep-2026,3126.6,3264.4,3091.2,3238.6,3151.2,40328,1285.24,12881,18534.0,45.96
TINNARUBR, 16-Sep-2026,970.95,1010.95,940.0,1002.5,965.0,59516,584.3,5430,25300.0,42.51
TIPSFILMS, 16-Sep-2026,320.0,320.0,312.35,315.2,319.4,1619,5.1,138,1209.0,74.68
TIPSMUSIC, 16-Sep-2026,656.1,667.4,645.15,654.55,659.15,215227,1416.03,12725,114311.0,53.11
TIRUMALCHM, 16-Sep-2026,155.0,156.52,152.6,154.19,154.48,283261,437.59,3492,166307.0,58.71
TITAGARH, 16-Sep-2026,828.0,830.9,789.45,813.15,811.45,789709,6372.61,37955,199594.0,25.27
TITAN, 16-Sep-2026,4880.0,4921.5,4845.0,4908.5,4856.0,376036,18414.9,40961,245290.0,65.23
TMB, 16-Sep-2026,870.0,909.7,863.9,904.2,868.35,261381,2328.12,20530,133733.0,51.16
TMCV, 16-Sep-2026,425.1,426.4,416.0,424.25,427.15,5085378,21492.48,97637,2602612.0,51.18
TMPV, 16-Sep-2026,304.25,306.0,299.3,301.0,303.6,12264774,36946.19,113603,6142239.0,50.08
TNIDETF, 16-Sep-2026,89.95,89.95,87.64,87.97,88.19,69596,61.32,399,50262.0,72.22
TNPETRO, 16-Sep-2026,125.71,128.9,120.2,127.72,125.71,947867,1182.04,13618,232456.0,24.52
TNPL, 16-Sep-2026,153.1,153.15,148.51,152.09,152.39,219131,330.91,3866,112801.0,51.48
TNTELE, 16-Sep-2026,8.86,8.99,8.4,8.72,8.92,5379,0.47,98,4675.0,86.91
TOKYOPLAST, 16-Sep-2026,76.01,77.84,72.22,76.4,76.01,2231,1.63,20,2158.0,96.73
TOLINS, 16-Sep-2026,88.5,88.7,85.15,86.07,88.24,61099,53.07,1620,37473.0,61.33
TOP100CASE, 16-Sep-2026,10.3,10.3,10.13,10.21,10.21,1220250,124.62,1318,797386.0,65.35
TOP10ADD, 16-Sep-2026,85.68,85.68,85.02,85.25,85.39,237280,202.32,331,159498.0,67.22
TOP15IETF, 16-Sep-2026,9.49,9.7,9.46,9.5,9.49,66956,6.36,187,31059.0,46.39
TOP20, 16-Sep-2026,8.63,8.65,8.6,8.6,8.6,15770,1.36,126,13111.0,83.14
TORNTPHARM, 16-Sep-2026,4850.0,4870.0,4755.5,4812.5,4850.0,647806,31076.31,52287,439236.0,67.8
TORNTPOWER, 16-Sep-2026,1294.2,1309.3,1267.4,1295.3,1300.9,389154,5025.61,28813,223884.0,57.53
TOUCHWOOD, 16-Sep-2026,60.5,62.64,60.16,61.64,60.91,347,0.21,15,284.0,81.84
TOYAMSL, 16-Sep-2026,0.7,0.71,0.68,0.71,0.68,3386208,23.61,415,346544.0,10.23
TPLPLASTEH, 16-Sep-2026,64.38,65.99,63.42,64.63,65.27,147167,95.27,1827,40358.0,27.42
TRACXN, 16-Sep-2026,31.31,31.66,30.75,30.96,31.21,87218,27.14,1005,57665.0,66.12
TRANSCOR, 16-Sep-2026,25.0,25.7,24.0,25.1,25.75,2364,0.58,38,1219.0,51.57
TRANSRAILL, 16-Sep-2026,404.9,417.0,400.65,406.85,404.9,495771,2028.77,18209,173844.0,35.07
TRANSTEEL, 16-Sep-2026,89.5,89.8,86.0,89.55,86.3,67000,59.01,44,45000.0,67.16
TRAVELFOOD, 16-Sep-2026,1239.9,1239.9,1190.1,1215.3,1227.4,28959,350.6,4221,14465.0,49.95
TREEHOUSE, 16-Sep-2026,6.01,6.28,5.68,5.87,6.01,21285,1.25,111,17206.0,80.84
TREJHARA, 16-Sep-2026,140.0,143.38,133.55,137.1,137.1,10881,15.08,420,8065.0,74.12
TREL, 16-Sep-2026,25.95,27.24,25.15,27.03,25.71,136134,36.29,4082,103718.0,76.19
TRENT, 16-Sep-2026,2735.4,2799.2,2723.9,2769.7,2730.0,620165,17141.47,47065,291930.0,47.07
TRF, 16-Sep-2026,214.3,223.0,210.2,213.97,213.0,13547,28.99,701,8064.0,59.53
TRIDENT, 16-Sep-2026,23.42,23.42,22.8,23.17,23.12,3380565,781.04,14926,1734926.0,51.32
TRIDHYA, 16-Sep-2026,7.6,7.6,7.4,7.4,7.25,9000,0.68,3,9000.0,100.0
TRIGYN, 16-Sep-2026,52.97,54.49,50.82,53.95,52.58,43446,22.92,1520,22714.0,52.28
TRITONV, 16-Sep-2026,1077.0,1077.0,1020.0,1061.6,1051.5,2116,22.15,254,1460.0,69.0
TRITURBINE, 16-Sep-2026,541.8,548.0,532.1,540.8,546.9,440380,2374.72,70307,229841.0,52.19
TRIVENI, 16-Sep-2026,248.6,248.9,235.7,239.45,246.45,1811638,4318.91,29093,1017314.0,56.15
TROM, 16-Sep-2026,54.55,55.6,54.55,55.55,58.05,4200,2.33,7,3000.0,71.43
TRU, 16-Sep-2026,4.07,4.49,3.92,4.01,4.22,97881,4.03,477,54520.0,55.7
TRUALT, 16-Sep-2026,416.2,427.5,407.0,422.7,411.65,454451,1893.94,10140,229867.0,50.58
TRUST, 16-Sep-2026,28.1,28.1,28.1,28.1,28.1,1800,0.51,2,1800.0,100.0
TSC, 16-Sep-2026,49.55,52.0,49.55,52.0,52.15,32000,16.3,12,30000.0,93.75
TSFINV, 16-Sep-2026,449.5,449.5,429.05,438.5,442.95,67235,294.43,4196,35589.0,52.93
TTKHLTCARE, 16-Sep-2026,1069.2,1082.9,1059.0,1065.1,1074.6,18487,198.43,1993,9527.0,51.53
TTKPRESTIG, 16-Sep-2026,537.0,554.25,534.3,541.1,540.0,60787,330.41,5924,20117.0,33.09
TTL, 16-Sep-2026,6.58,6.6,6.35,6.43,6.58,45020,2.91,183,41500.0,92.18
TTML, 16-Sep-2026,36.15,36.2,34.62,35.22,36.15,1878014,659.9,10415,646882.0,34.45
TUNWAL, 16-Sep-2026,25.0,25.1,24.5,25.0,25.0,30000,7.46,14,16000.0,53.33
TURTLEMINT, 16-Sep-2026,130.2,133.42,125.2,127.74,131.04,380515,485.95,7377,163112.0,42.87
TUTIALKA, 16-Sep-2026,58.51,59.28,55.31,57.19,59.78,9553,5.49,184,7630.0,79.87
TVSELECT, 16-Sep-2026,400.6,407.85,387.6,401.5,399.4,23955,94.99,1863,9667.0,40.35
TVSHLTD, 16-Sep-2026,12630.0,12970.0,12376.0,12769.0,12488.0,6360,802.16,3260,2167.0,34.07
TVSMOTOR, 16-Sep-2026,4033.0,4078.5,4002.0,4033.0,4050.0,439422,17742.86,38286,252843.0,57.54
TVSSCS, 16-Sep-2026,127.16,127.66,124.11,126.28,127.16,545154,687.71,7801,226283.0,41.51
TVSSRICHAK, 16-Sep-2026,4942.0,4958.5,4627.0,4685.5,4960.5,20198,952.17,4468,8404.0,41.61
TVTODAY, 16-Sep-2026,106.0,106.0,102.48,103.49,105.68,35794,37.17,597,24339.0,68.0
TWCGOLDETF, 16-Sep-2026,150.41,150.71,149.83,150.59,147.74,2550,3.84,299,2058.0,80.71
UBL, 16-Sep-2026,1244.1,1251.8,1225.2,1227.3,1241.8,73909,913.98,8045,35852.0,48.51
UCL, 16-Sep-2026,235.2,235.2,235.2,235.2,239.95,2000,4.7,1,2000.0,100.0
UCOBANK, 16-Sep-2026,23.74,24.02,23.58,23.68,23.72,4352333,1034.03,15392,1846609.0,42.43
UDAYJEW, 16-Sep-2026,162.35,165.5,157.4,158.53,161.6,12332,19.81,472,7375.0,59.8
UDS, 16-Sep-2026,197.5,198.77,187.16,190.6,197.04,193396,369.43,5273,93478.0,48.34
UEL, 16-Sep-2026,214.0,214.0,204.77,204.77,215.54,18722,38.5,417,16507.0,88.17
UFLEX, 16-Sep-2026,636.1,649.7,608.0,645.45,636.1,235420,1479.39,6852,109518.0,46.52
UFO, 16-Sep-2026,60.03,62.98,59.5,61.32,60.66,28591,17.47,865,18399.0,64.35
UGARSUGAR, 16-Sep-2026,53.0,53.88,51.21,53.39,53.22,935629,494.97,4742,498929.0,53.33
UGROCAP, 16-Sep-2026,82.66,85.79,81.27,83.5,83.28,229146,190.14,2773,118939.0,51.91
UHTL, 16-Sep-2026,181.75,181.75,180.9,181.0,178.2,264000,479.4,56,242000.0,91.67
UJJIVANSFB, 16-Sep-2026,63.82,64.98,63.08,64.83,64.07,8507406,5455.5,31993,3681793.0,43.28
ULTRACEMCO, 16-Sep-2026,10777.0,10880.0,10639.0,10700.0,10697.0,236781,25495.9,33144,126802.0,53.55
ULTRAMAR, 16-Sep-2026,415.2,429.0,410.7,418.65,416.2,45196,189.5,1853,28613.0,63.31
UMA, 16-Sep-2026,16.05,16.05,16.05,16.05,17.5,4000,0.64,1,4000.0,100.0
UMESLTD, 16-Sep-2026,4.9,4.9,4.08,4.08,4.53,363161,14.96,358,329614.0,90.76
UMIYA-MRO, 16-Sep-2026,97.0,101.9,93.7,98.45,95.66,24746,23.95,233,20775.0,83.95
UNICHEMLAB, 16-Sep-2026,517.05,530.1,497.8,524.25,519.05,65501,339.3,3321,29817.0,45.52
UNIDT, 16-Sep-2026,212.16,223.9,202.98,218.77,216.49,35350,75.53,800,19350.0,54.74
UNIECOM, 16-Sep-2026,81.1,82.0,79.65,80.94,82.2,181226,146.15,2480,95519.0,52.71
UNIENTER, 16-Sep-2026,91.99,91.99,88.43,89.05,89.22,2263,2.02,339,2083.0,92.05
UNIHEALTH, 16-Sep-2026,670.0,694.0,663.1,685.25,688.15,15000,101.54,30,9000.0,60.0
UNIINFO, 16-Sep-2026,11.38,11.65,10.83,11.46,11.38,145,0.02,15,132.0,91.03
UNIMECH, 16-Sep-2026,1530.9,1568.5,1430.1,1515.8,1538.5,459813,6835.73,39497,161394.0,35.1
UNIONBANK, 16-Sep-2026,176.54,179.35,175.07,178.2,175.0,9588072,17028.06,85699,4939646.0,51.52
UNIONGOLD, 16-Sep-2026,151.0,151.0,146.15,147.9,149.25,4578,6.77,105,2663.0,58.17
UNIPARTS, 16-Sep-2026,859.0,867.45,817.25,851.15,865.7,262807,2210.94,20421,112248.0,42.71
UNITDSPR, 16-Sep-2026,1370.0,1398.2,1368.1,1389.5,1370.6,235642,3270.48,16342,121135.0,51.41
UNITECH, 16-Sep-2026,4.21,4.55,4.15,4.46,4.21,14237019,626.05,14456,10123186.0,71.1
UNITEDPOLY, 16-Sep-2026,44.4,44.4,41.5,43.19,42.75,143829,61.27,793,74970.0,52.12
UNITEDTEA, 16-Sep-2026,434.0,434.0,417.8,431.2,425.65,1123,4.79,128,854.0,76.05
UNIVCABLES, 16-Sep-2026,1417.9,1450.0,1338.4,1405.2,1417.3,131254,1828.08,12283,48692.0,37.1
UNOMINDA, 16-Sep-2026,1164.0,1188.3,1160.0,1186.0,1159.7,367236,4324.99,32830,159732.0,43.5
UPHOT, 16-Sep-2026,1550.0,1550.0,1475.0,1475.0,1550.0,28,0.43,8,28.0,100.0
UPL, 16-Sep-2026,560.9,563.55,550.6,550.6,560.8,3044986,16880.32,49307,2002585.0,65.77
URBAN, 16-Sep-2026,124.45,124.45,121.0,121.8,123.05,7200,8.77,9,4800.0,66.67
URBANCO, 16-Sep-2026,160.44,166.8,153.3,164.56,158.22,10721087,17230.95,77129,3612304.0,33.69
URJA, 16-Sep-2026,8.81,8.99,8.72,8.77,8.81,593625,52.11,2275,350915.0,59.11
USASEEDS, 16-Sep-2026,88.9,88.9,88.9,88.9,90.3,856,0.76,2,856.0,100.0
USHAFIN, 16-Sep-2026,48.0,50.15,48.0,48.2,48.0,36800,18.32,12,35200.0,95.65
USHAMART, 16-Sep-2026,482.0,482.0,464.15,478.85,480.25,1054481,4997.24,47569,611159.0,57.96
USK, 16-Sep-2026,20.11,20.88,20.11,20.31,20.64,13276,2.7,136,11478.0,86.46
UTIAMC, 16-Sep-2026,909.0,915.95,877.15,895.2,911.1,111844,998.83,14535,61591.0,55.07
UTKAL, 16-Sep-2026,44.0,44.0,41.6,43.95,43.7,22000,9.41,10,22000.0,100.0
UTKARSHBNK, 16-Sep-2026,14.27,14.39,13.76,13.82,14.2,13856543,1935.68,11741,6377606.0,46.03
UTLSOLAR, 16-Sep-2026,427.9,427.9,400.5,405.65,421.9,398209,1632.57,19585,230420.0,57.86
UTSSAV, 16-Sep-2026,624.8,641.0,611.0,634.5,600.45,124200,778.18,159,74400.0,59.9
UTTAMSUGAR, 16-Sep-2026,257.0,258.35,244.1,250.7,256.65,243694,606.86,7018,88260.0,36.22
V2RETAIL, 16-Sep-2026,212.12,212.21,204.71,209.18,212.12,1524680,3177.66,26494,821154.0,53.86
VADILALIND, 16-Sep-2026,7069.5,7189.5,7000.0,7156.0,7035.5,13274,940.2,4649,6857.0,51.66
VADILENT, 16-Sep-2026,10400.0,10599.0,10390.0,10599.0,10400.0,10,1.04,5,10.0,100.0
VAIBHAVGBL, 16-Sep-2026,209.3,211.34,204.05,210.66,209.3,196654,409.07,5835,105119.0,53.45
VAISHALI, 16-Sep-2026,8.7,9.03,8.42,8.68,9.02,142834,12.47,358,86009.0,60.22
VAKRANGEE, 16-Sep-2026,5.27,5.45,5.13,5.25,5.27,1288190,66.96,2358,692850.0,53.78
VAL30IETF, 16-Sep-2026,14.78,14.92,14.65,14.8,14.73,181031,26.72,448,85746.0,47.37
VALUE, 16-Sep-2026,15.69,15.76,15.56,15.73,15.65,8072,1.27,105,7258.0,89.92
VALUE360, 16-Sep-2026,69.5,69.5,64.1,69.1,69.45,159600,104.13,23,157200.0,98.5
VALUEAXIS, 16-Sep-2026,31.93,32.28,31.62,31.96,31.9,107751,34.46,309,57414.0,53.28
VAML, 16-Sep-2026,406.0,412.95,401.15,409.3,406.0,5420442,22125.71,71538,3065935.0,56.56
VARDMNPOLY, 16-Sep-2026,5.99,5.99,5.8,5.86,5.83,76615,4.5,180,73588.0,96.05
VARROC, 16-Sep-2026,835.5,860.05,807.9,851.15,836.0,438002,3683.92,31135,164801.0,37.63
VASCONEQ, 16-Sep-2026,29.0,30.95,28.25,29.57,29.1,259421,75.02,1256,147056.0,56.69
VASUPRADA, 16-Sep-2026,102.0,102.0,102.0,102.0,103.0,4,0.0,4,4.0,100.0
VASWANI, 16-Sep-2026,45.25,45.9,43.35,44.98,44.67,19948,8.88,224,13490.0,67.63
VBL, 16-Sep-2026,408.9,414.4,407.15,410.4,409.6,3489901,14366.15,37693,2020636.0,57.9
VDEAL, 16-Sep-2026,121.55,122.05,111.0,114.35,126.75,34200,39.7,50,25200.0,73.68
VEDAVAAG, 16-Sep-2026,21.97,22.07,19.6,19.77,20.98,62223,12.56,370,41000.0,65.89
VEDL, 16-Sep-2026,256.0,257.7,252.5,256.0,257.0,5794228,14785.68,54481,2840164.0,49.02
VEDPOWER, 16-Sep-2026,31.5,31.8,30.78,31.0,31.68,13474724,4189.29,58796,7257146.0,53.86
VEEDOL, 16-Sep-2026,1389.9,1389.9,1361.0,1375.3,1382.5,5836,80.17,959,3511.0,60.16
VEEKAYEM, 16-Sep-2026,104.4,104.4,104.4,104.4,103.5,500,0.52,1,500.0,100.0
VENKEYS, 16-Sep-2026,1720.0,1725.0,1638.7,1670.6,1713.6,89813,1501.12,8975,37764.0,42.05
VENTIVE, 16-Sep-2026,558.2,572.95,558.2,565.05,563.15,29156,164.2,1231,18630.0,63.9
VENUSPIPES, 16-Sep-2026,1935.0,1969.4,1860.0,1938.1,1941.6,218549,4190.22,24561,82157.0,37.59
VERANDA, 16-Sep-2026,219.3,219.9,211.2,217.97,218.28,158113,342.08,3874,76023.0,48.08
VERITAAS, 16-Sep-2026,27.25,27.85,27.25,27.85,26.65,3600,0.99,3,3600.0,100.0
VERTIS, 16-Sep-2026,115.75,115.75,114.0,114.0,116.0,5400000,6248.58,76,5400000.0,100.0
VERTOZ, 16-Sep-2026,37.27,38.65,37.01,37.69,37.49,28774,10.82,283,23516.0,81.73
VESUVIUS, 16-Sep-2026,401.05,403.95,391.6,394.75,400.8,111670,442.0,6317,66132.0,59.22
VGCL, 16-Sep-2026,51.5,51.5,48.93,48.93,51.5,1558,0.76,48,1469.0,94.29
VGINFOTECH, 16-Sep-2026,139.25,139.25,135.0,137.85,141.15,61000,83.44,54,53000.0,86.89
VGL, 16-Sep-2026,66.29,71.0,64.0,66.2,66.21,900280,596.86,3386,95107.0,10.56
VGUARD, 16-Sep-2026,322.25,331.4,316.05,327.15,321.9,442903,1439.52,18174,243402.0,54.96
VHL, 16-Sep-2026,3390.0,3436.4,3358.0,3396.8,3403.0,328,11.13,66,269.0,82.01
VICTORYEV, 16-Sep-2026,14.5,14.5,14.1,14.1,14.8,24000,3.41,8,24000.0,100.0
VIDHIING, 16-Sep-2026,318.0,344.7,314.55,337.4,320.65,39645,130.39,2219,16050.0,40.48
VIDYAWIRES, 16-Sep-2026,85.02,85.98,82.0,84.93,85.12,1005103,844.8,8992,474799.0,47.24
VIESL, 16-Sep-2026,393.65,401.0,390.0,390.0,397.65,23200,92.09,24,17600.0,75.86
VIGOR, 16-Sep-2026,97.3,97.3,94.0,94.8,98.0,14400,13.72,9,14400.0,100.0
VIJAYA, 16-Sep-2026,1436.7,1453.9,1380.0,1438.3,1443.7,157498,2237.75,26367,78606.0,49.91
VIJAYPD, 16-Sep-2026,65.0,65.0,65.0,65.0,65.0,2000,1.3,1,2000.0,100.0
VIJSOLX, 16-Sep-2026,630.0,640.0,630.0,640.0,640.0,111,0.71,18,87.0,78.38
VIKASECO, 16-Sep-2026,1.05,1.06,1.03,1.04,1.05,1728712,17.98,1139,1161078.0,67.16
VIKASLIFE, 16-Sep-2026,1.21,1.22,1.18,1.19,1.21,2174274,25.97,7930,1172419.0,53.92
VIKRAMSOLR, 16-Sep-2026,165.0,166.63,161.0,163.88,163.46,2212887,3609.69,20318,703295.0,31.78
VIKRAN, 16-Sep-2026,55.53,56.35,53.85,56.06,55.54,926679,511.57,5950,384629.0,41.51
VILAS, 16-Sep-2026,327.5,330.0,313.25,316.25,328.9,45500,145.11,161,28500.0,62.64
VILINBIO, 16-Sep-2026,60.0,60.0,60.0,60.0,59.0,4000,2.4,1,4000.0,100.0
VIMTALABS, 16-Sep-2026,615.05,619.1,580.0,598.45,616.0,286652,1722.46,16647,125236.0,43.69
VINATIORGA, 16-Sep-2026,1260.0,1274.5,1242.8,1253.9,1261.4,38547,483.3,4518,20161.0,52.3
VINCOFE, 16-Sep-2026,166.5,168.48,161.91,167.27,166.54,1939984,3220.22,21372,592842.0,30.56
VINDHYATEL, 16-Sep-2026,2620.8,2631.9,2486.7,2586.5,2617.7,71256,1827.92,10464,26073.0,36.59
VINEETLAB, 16-Sep-2026,35.61,35.99,34.41,35.89,35.61,82550,29.3,638,44992.0,54.5
VINNY, 16-Sep-2026,0.97,1.01,0.95,0.98,0.97,238913,2.36,197,202076.0,84.58
VINSYS, 16-Sep-2026,586.0,586.0,580.0,580.0,590.0,4000,23.27,10,4000.0,100.0
VINYAS, 16-Sep-2026,1477.1,1477.1,1381.05,1413.2,1477.1,7500,106.17,75,5300.0,70.67
VINYLINDIA, 16-Sep-2026,219.0,220.17,213.28,215.0,218.59,4098,8.84,346,2463.0,60.1
VIPCLOTHNG, 16-Sep-2026,21.0,21.0,20.26,20.5,20.57,14347,2.95,104,9355.0,65.21
VIPIND, 16-Sep-2026,291.05,299.95,286.5,297.65,291.05,263461,777.56,6612,108916.0,41.34
VIRAT, 16-Sep-2026,440.7,448.2,385.35,399.45,421.6,6298,26.2,301,4556.0,72.34
VIRINCHI, 16-Sep-2026,13.77,14.39,13.6,13.95,13.76,67481,9.37,319,54366.0,80.56
VISACHROME, 16-Sep-2026,33.53,35.2,31.86,31.86,33.53,69916,22.84,321,52853.0,75.59
VISAKAIND, 16-Sep-2026,88.0,88.66,85.11,87.15,88.47,144251,125.73,2076,79133.0,54.86
VISAMAN, 16-Sep-2026,43.0,43.0,43.0,43.0,45.25,1000,0.43,1,1000.0,100.0
VISHAL, 16-Sep-2026,17.8,18.9,17.8,18.42,18.35,24153,4.42,169,17023.0,70.48
VISHNU, 16-Sep-2026,686.0,703.0,666.9,693.9,682.8,112259,771.83,6907,53394.0,47.56
VISHNUINFR, 16-Sep-2026,148.1,155.9,147.0,154.95,149.6,7500,11.27,14,4000.0,53.33
VISHWARAJ, 16-Sep-2026,5.31,5.37,5.21,5.31,5.37,224472,11.86,562,123111.0,54.84
VISL, 16-Sep-2026,31.68,31.75,30.28,31.16,31.68,15541357,4816.88,48998,6714003.0,43.2
VITAL, 16-Sep-2026,53.76,53.96,52.0,52.69,53.76,562,0.29,9,562.0,100.0
VIVIANA, 16-Sep-2026,711.0,750.0,687.05,701.2,710.9,32589,229.13,1835,20837.0,63.94
VIVIDEL, 16-Sep-2026,1750.0,1857.0,1580.0,1814.0,1778.05,49440,844.16,191,24240.0,49.03
VIVIDHA, 16-Sep-2026,0.53,0.54,0.52,0.53,0.52,54437,0.29,127,41133.0,75.56
VIVOBIOT, 16-Sep-2026,17.3,17.3,16.01,16.83,17.19,7197,1.21,111,5903.0,82.02
VIYASH, 16-Sep-2026,246.9,248.65,236.85,238.85,246.9,6370548,15281.78,67416,4064457.0,63.8
VLEGOV, 16-Sep-2026,10.7,10.7,10.05,10.21,10.47,60043,6.14,254,47155.0,78.54
VLSFINANCE, 16-Sep-2026,236.85,246.0,233.03,241.88,235.33,7848,18.75,305,4141.0,52.77
VMARCIND, 16-Sep-2026,330.2,339.65,311.15,331.8,332.45,184500,596.73,114,106500.0,57.72
VMART, 16-Sep-2026,782.9,792.85,761.0,786.4,789.85,51736,402.84,7625,20856.0,40.31
VMM, 16-Sep-2026,100.55,102.1,98.9,100.97,100.1,9534655,9633.54,41348,5476768.0,57.44
VMOBILE, 16-Sep-2026,59.15,59.15,56.75,56.75,59.15,4000,2.31,5,4000.0,100.0
VMSTMT, 16-Sep-2026,47.98,50.9,47.98,50.57,47.46,298770,148.62,1674,238528.0,79.84
VOEPL, 16-Sep-2026,490.6,497.25,471.0,479.6,495.0,76478,367.82,5170,40033.0,52.35
VOGL, 16-Sep-2026,34.87,35.24,33.91,34.98,34.83,17539688,6074.79,44671,6179729.0,35.23
VOITHPAPR, 16-Sep-2026,1488.5,1488.5,1452.0,1452.1,1465.4,237,3.48,41,134.0,56.54
VOLERCAR, 16-Sep-2026,215.55,228.9,215.55,220.2,224.05,10400,23.13,10,7200.0,69.23
VOLTAMP, 16-Sep-2026,10600.0,10652.0,10259.0,10513.0,10596.0,28298,2966.43,13616,15052.0,53.19
VOLTAS, 16-Sep-2026,1137.0,1153.0,1131.0,1131.0,1137.0,466652,5316.47,18079,246563.0,52.84
VPRPL, 16-Sep-2026,31.63,32.84,31.0,31.79,32.26,1042177,331.41,5462,482361.0,46.28
VRAJ, 16-Sep-2026,125.1,125.1,121.2,122.25,125.08,8978,11.0,297,5311.0,59.16
VRLLOG, 16-Sep-2026,283.7,287.2,280.9,286.05,283.6,182706,518.85,9079,108464.0,59.37
VSSL, 16-Sep-2026,395.0,410.5,379.15,405.85,389.1,383814,1521.39,13298,170038.0,44.3
VSTIND, 16-Sep-2026,203.92,204.2,201.0,202.14,203.4,107670,217.71,3459,61342.0,56.97
VSTL, 16-Sep-2026,112.1,116.99,110.76,112.75,114.88,6766,7.63,317,3667.0,54.2
VSTTILLERS, 16-Sep-2026,4030.1,4060.6,3950.0,3996.5,4030.3,7744,309.4,1945,4828.0,62.35
VTL, 16-Sep-2026,550.5,577.0,543.35,571.75,547.0,547052,3099.9,29054,172637.0,31.56
VTMLTD, 16-Sep-2026,40.0,50.5,39.15,48.83,42.17,388226,178.52,3026,169042.0,43.54
WAAREEENER, 16-Sep-2026,2547.0,2565.4,2491.3,2501.0,2555.0,624441,15682.32,44100,241465.0,38.67
WAAREEINDO, 16-Sep-2026,251.85,253.2,241.1,246.95,249.4,74425,183.24,2168,41520.0,55.79
WAAREERTL, 16-Sep-2026,810.0,813.2,792.85,801.05,806.55,159892,1279.75,14251,76382.0,47.77
WABAG, 16-Sep-2026,2113.8,2114.0,2010.1,2055.8,2103.4,874393,17882.81,46693,349374.0,39.96
WAKEFIT, 16-Sep-2026,148.2,149.0,143.0,145.61,148.61,424569,618.47,5865,205719.0,48.45
WALCHANNAG, 16-Sep-2026,199.0,199.9,192.36,197.08,200.03,815156,1596.83,12541,399208.0,48.97
WANBURY, 16-Sep-2026,223.85,229.3,219.0,222.6,223.1,160579,358.79,4933,86148.0,53.65
WARDINMOBI, 16-Sep-2026,5.73,5.77,5.5,5.57,5.62,165552,9.26,646,124937.0,75.47
WATERBASE, 16-Sep-2026,45.6,47.75,45.6,47.31,46.71,17196,8.12,143,15496.0,90.11
WCIL, 16-Sep-2026,92.98,93.0,87.92,90.24,91.45,283914,254.43,2644,119748.0,42.18
WEALTH, 16-Sep-2026,825.3,839.1,810.2,837.45,825.3,2584,21.46,166,2303.0,89.13
WEBELSOLAR, 16-Sep-2026,73.0,74.14,71.1,72.11,72.75,1827286,1327.73,12441,845310.0,46.26
WEIZMANIND, 16-Sep-2026,74.0,74.0,70.06,72.53,70.28,2564,1.83,79,1542.0,60.14
WEL, 16-Sep-2026,70.9,71.12,68.11,69.42,69.18,430709,299.72,4385,132663.0,30.8
WELCORP, 16-Sep-2026,2413.0,2448.7,2240.2,2424.5,2413.3,2931474,68668.35,179736,845581.0,28.84
WELENT, 16-Sep-2026,743.0,770.0,725.2,768.0,737.6,590693,4423.26,18467,261852.0,44.33
WELSPLSOL, 16-Sep-2026,53.49,54.31,50.59,52.1,53.52,988521,517.41,6478,474007.0,47.95
WELSPUNLIV, 16-Sep-2026,201.6,204.69,195.7,202.82,201.63,3113066,6236.5,41974,1069551.0,34.36
WENDT, 16-Sep-2026,8470.0,8855.0,8349.0,8663.5,8580.0,16389,1403.76,4620,6252.0,38.15
WESTLIFE, 16-Sep-2026,556.1,556.1,540.2,550.45,556.1,40195,220.33,3116,15971.0,39.73
WEWIN, 16-Sep-2026,40.63,42.21,40.63,41.87,40.83,507,0.21,19,486.0,95.86
WEWORK, 16-Sep-2026,667.0,682.3,657.3,676.1,673.55,97214,654.29,10392,47765.0,49.13
WHBRADY, 16-Sep-2026,485.0,485.0,485.0,485.0,477.0,2,0.01,1,2.0,100.0
WHEELS, 16-Sep-2026,2129.1,2198.0,2031.9,2110.5,2129.1,240307,5105.9,20524,65166.0,27.12
WHIRLPOOL, 16-Sep-2026,752.1,754.8,729.9,731.75,751.95,364148,2683.76,20681,186933.0,51.33
WILLAMAGOR, 16-Sep-2026,24.92,24.92,23.52,24.59,24.46,152,0.04,26,103.0,67.76
WINDLAS, 16-Sep-2026,1094.95,1099.95,1050.8,1075.05,1098.15,113547,1218.96,11465,63065.0,55.54
WINDMACHIN, 16-Sep-2026,303.0,303.15,287.55,295.3,300.7,78486,230.66,1763,40878.0,52.08
WINSOL, 16-Sep-2026,107.15,107.15,102.6,104.5,107.15,9200,9.63,23,6400.0,69.57
WIPL, 16-Sep-2026,165.16,168.0,164.09,168.0,168.72,953,1.57,32,636.0,66.74
WIPRO, 16-Sep-2026,170.02,170.89,166.11,166.89,170.0,11030339,18487.57,80485,5526969.0,50.11
WOCKPHARMA, 16-Sep-2026,2050.0,2075.0,1967.3,2021.5,2064.1,1262973,25436.99,82216,465047.0,36.82
WOMANCART, 16-Sep-2026,103.2,106.0,100.0,101.5,103.2,12400,12.61,30,8800.0,70.97
WONDERLA, 16-Sep-2026,513.35,520.0,504.65,517.6,514.2,54569,279.75,2716,28306.0,51.87
WORTHPERI, 16-Sep-2026,148.0,149.35,141.05,148.07,142.83,11083,16.2,93,9794.0,88.37
WPIL, 16-Sep-2026,425.0,436.0,418.0,431.85,428.55,30844,131.14,1573,17624.0,57.14
WSI, 16-Sep-2026,60.6,61.45,54.01,56.04,59.92,169308,95.64,3909,105129.0,62.09
WSTCSTPAPR, 16-Sep-2026,717.8,722.6,679.1,711.0,713.3,293983,2081.13,18068,130567.0,44.41
WTICAB, 16-Sep-2026,101.95,104.5,99.55,100.0,101.95,10000,10.1,19,8000.0,80.0
XCHANGING, 16-Sep-2026,65.78,65.78,62.4,63.08,64.5,91818,58.34,1136,50044.0,54.5
XELPMOC, 16-Sep-2026,75.06,77.3,73.02,73.81,74.59,11202,8.42,389,7911.0,70.62
XPROINDIA, 16-Sep-2026,1269.9,1273.0,1220.0,1255.7,1268.2,31096,389.35,3187,17907.0,57.59
XTGLOBAL, 16-Sep-2026,30.15,30.15,27.91,29.05,29.45,21078,6.04,273,14422.0,68.42
XTRANET, 16-Sep-2026,279.4,288.0,248.49,283.03,276.09,2262758,6062.04,30138,572177.0,25.29
YAAP, 16-Sep-2026,130.4,130.4,126.0,126.0,123.95,4000,5.12,4,3000.0,75.0
YASHO, 16-Sep-2026,3950.0,4074.7,3790.6,4008.5,3883.4,43034,1697.54,9222,14598.0,33.92
YASHOPTICS, 16-Sep-2026,129.95,131.1,125.0,130.6,129.85,17600,22.6,21,16800.0,95.45
YATHARTH, 16-Sep-2026,988.0,994.9,960.5,982.3,981.8,259279,2534.29,17782,111772.0,43.11
YATRA, 16-Sep-2026,107.49,108.98,101.67,102.46,107.96,1663021,1721.79,19147,836687.0,50.31
YESBANK, 16-Sep-2026,23.58,24.1,23.26,23.4,23.07,205410106,48586.49,140099,73224748.0,35.65
YOGI, 16-Sep-2026,162.0,162.0,157.0,160.0,158.58,1164,1.83,9,1164.0,100.0
YUDIZ, 16-Sep-2026,21.35,22.0,21.35,21.9,22.3,2400,0.52,3,2400.0,100.0
YUKEN, 16-Sep-2026,1077.6,1153.85,1029.35,1134.95,1077.6,66940,747.26,5037,30648.0,45.78
ZAGGLE, 16-Sep-2026,179.4,180.6,174.6,177.81,179.41,782986,1392.83,12898,266688.0,34.06
ZEAL, 16-Sep-2026,80.0,80.0,75.2,77.5,83.5,3600,2.77,6,3000.0,83.33
ZEEL, 16-Sep-2026,77.89,83.66,77.38,79.6,77.41,35791324,28780.04,117690,6803595.0,19.01
ZEELEARN, 16-Sep-2026,6.74,7.24,6.56,7.05,6.63,294285,20.69,782,217328.0,73.85
ZEEMEDIA, 16-Sep-2026,7.27,7.49,7.15,7.37,7.27,1396432,102.17,1937,671075.0,48.06
ZENITHDRUG, 16-Sep-2026,45.95,45.95,42.5,43.15,46.1,190400,82.11,9,188800.0,99.16
ZENITHEXPO, 16-Sep-2026,196.35,206.0,195.0,195.0,196.35,38,0.08,17,34.0,89.47
ZENITHSTL, 16-Sep-2026,5.79,5.79,5.47,5.49,5.71,63088,3.49,358,51008.0,80.85
ZENSARTECH, 16-Sep-2026,446.4,461.4,438.0,450.15,440.2,10541488,47424.68,169195,635234.0,6.03
ZENTEC, 16-Sep-2026,1616.1,1670.0,1585.6,1662.8,1638.9,424705,6920.3,38354,160576.0,37.81
ZFCVINDIA, 16-Sep-2026,2511.5,2511.5,2449.5,2461.5,2511.5,26952,663.97,6944,13463.0,49.95
ZFSTEERING, 16-Sep-2026,764.6,764.6,721.2,725.8,762.05,6030,44.39,652,2413.0,40.02
ZIMLAB, 16-Sep-2026,130.16,138.99,127.81,136.78,133.61,104649,139.56,1904,47997.0,45.86
ZODIAC, 16-Sep-2026,220.51,226.99,220.0,220.37,221.61,10443,23.12,649,7681.0,73.55
ZODIACLOTH, 16-Sep-2026,69.67,69.67,67.21,69.26,69.67,4026,2.77,76,3089.0,76.73
ZOTA, 16-Sep-2026,1108.4,1119.5,1095.0,1114.1,1113.1,31804,352.14,1822,19873.0,62.49
ZSARACOM, 16-Sep-2026,10370.0,10495.0,9801.0,10494.0,10337.0,56,5.68,41,42.0,75.0
ZTECH, 16-Sep-2026,421.0,425.0,404.0,406.15,425.25,22500,92.99,73,17700.0,78.67
ZUARI, 16-Sep-2026,212.98,214.3,204.11,209.3,212.4,73779,154.34,2503,35492.0,48.11
ZUARIIND, 16-Sep-2026,264.1,265.7,246.8,254.85,265.3,157037,399.07,4085,83449.0,53.14
ZYDUSLIFE, 16-Sep-2026,1093.7,1113.3,1086.0,1107.5,1099.0,689380,7601.34,31785,393274.0,57.05
ZYDUSWELL, 16-Sep-2026,547.25,559.0,535.75,551.8,549.95,164461,902.31,16178,91849.0,55.85
