SYMBOL,DATE1,OPEN_PRICE,HIGH_PRICE,LOW_PRICE,CLOSE_PRICE,PREV_CLOSE,TTL_TRD_QNTY,TURNOVER_LACS,NO_OF_TRADES,DELIV_QTY,DELIV_PER
1018GS2026, 05-Aug-2026,103.95,104.45,100.0,104.24,104.49,7191,7.44,16,6135.0,85.31
20MICRONS, 05-Aug-2026,196.72,198.1,194.0,194.85,196.72,115892,226.48,1814,68985.0,59.53
21STCENMGM, 05-Aug-2026,42.59,42.6,42.59,42.6,41.77,8281,3.53,33,8281.0,100.0
360ONE, 05-Aug-2026,1174.0,1194.7,1163.3,1192.0,1155.0,1854520,21975.85,46662,982851.0,53.0
3BBLACKBIO, 05-Aug-2026,1260.5,1260.5,1200.0,1204.0,1238.5,8883,108.04,1284,5592.0,62.95
3IINFOLTD, 05-Aug-2026,25.5,25.75,23.32,25.09,25.12,4129398,1025.7,14916,1291711.0,31.28
3MINDIA, 05-Aug-2026,35885.0,36280.0,35605.0,35805.0,35725.0,3173,1139.68,1829,1427.0,44.97
3PLAND, 05-Aug-2026,32.25,32.94,31.51,31.76,31.86,1478,0.47,74,905.0,61.23
5PAISA, 05-Aug-2026,359.0,369.9,352.35,367.2,351.0,58609,213.09,3443,25486.0,43.48
601GS2028, 05-Aug-2026,101.0,101.0,101.0,101.0,100.21,200,0.2,1,200.0,100.0
601GS2030, 05-Aug-2026,98.9,98.9,98.9,98.9,98.9,100,0.1,1,100.0,100.0
603GS2029, 05-Aug-2026,100.36,100.36,100.36,100.36,100.36,2,0.0,2,2.0,100.0
610GS2031, 05-Aug-2026,105.5,105.5,105.5,105.5,105.5,4,0.0,1,4.0,100.0
636GS2031, 05-Aug-2026,102.15,102.45,102.0,102.02,102.2,5100,5.21,7,4700.0,92.16
63MOONS, 05-Aug-2026,869.9,885.0,855.15,862.95,864.2,303112,2639.76,8843,66771.0,22.03
648GS2035, 05-Aug-2026,97.91,100.0,97.91,99.11,101.2,250,0.25,3,200.0,80.0
654GS2032, 05-Aug-2026,100.5,100.5,100.0,100.0,100.2,1030,1.03,3,1030.0,100.0
662GS2051, 05-Aug-2026,90.7,90.7,90.7,90.7,90.46,3,0.0,1,3.0,100.0
664GS2035, 05-Aug-2026,97.46,97.46,97.46,97.46,99.15,1,0.0,1,1.0,100.0
667GS2050, 05-Aug-2026,93.0,93.69,92.5,92.5,93.69,1000,0.93,9,1000.0,100.0
668GS2033, 05-Aug-2026,98.61,98.61,98.6,98.6,99.0,200,0.2,2,200.0,100.0
668GS2040, 05-Aug-2026,95.8,98.0,95.8,98.0,97.62,2600,2.54,6,2400.0,92.31
676GS2061, 05-Aug-2026,93.5,93.75,93.2,93.47,93.32,3797,3.55,11,3797.0,100.0
690GS2065, 05-Aug-2026,94.0,94.0,93.58,93.91,93.79,121328,113.72,24,120387.0,99.22
694GS2036, 05-Aug-2026,103.0,103.0,101.15,101.15,102.72,700,0.72,5,700.0,100.0
695GS2061, 05-Aug-2026,94.0,94.0,93.1,93.2,93.48,2792,2.62,12,2792.0,100.0
698GR2054, 05-Aug-2026,92.5,92.5,92.3,92.3,92.5,500,0.46,2,500.0,100.0
699GS2051, 05-Aug-2026,97.5,97.5,95.5,95.5,97.5,2501,2.39,3,2501.0,100.0
702GS2027, 05-Aug-2026,101.01,101.01,101.01,101.01,100.83,100,0.1,1,100.0,100.0
706GS2028, 05-Aug-2026,103.3,103.3,103.3,103.3,102.81,5000,5.17,1,5000.0,100.0
706GS2041, 05-Aug-2026,100.5,101.0,99.07,99.5,101.0,634,0.63,4,434.0,68.45
709GS2054, 05-Aug-2026,97.5,97.5,96.3,96.35,96.69,30787,29.68,34,30787.0,100.0
709GS2074, 05-Aug-2026,95.57,95.6,95.13,95.57,95.57,16955,16.19,23,10905.0,64.32
710GS2029, 05-Aug-2026,103.4,103.9,103.0,103.9,103.4,17101,17.69,8,10801.0,63.16
717GS2030, 05-Aug-2026,103.5,103.5,103.5,103.5,103.5,2000,2.07,1,2000.0,100.0
718GS2033, 05-Aug-2026,105.2,105.5,105.2,105.5,105.2,1100,1.16,2,1100.0,100.0
718GS2037, 05-Aug-2026,102.63,102.7,102.54,102.62,101.99,15383,15.79,16,15383.0,100.0
719GS2060, 05-Aug-2026,101.9,101.9,101.9,101.9,101.9,1,0.0,1,1.0,100.0
71GS2034, 05-Aug-2026,103.21,103.97,103.2,103.97,103.7,17153,17.72,5,17152.0,99.99
724GS2055, 05-Aug-2026,101.49,101.49,100.75,101.3,100.8,11445,11.54,10,11406.0,99.66
725GS2063, 05-Aug-2026,97.65,97.8,97.58,97.58,97.63,1765028,1723.06,758,1746740.0,98.96
726GS2032, 05-Aug-2026,106.79,106.79,106.79,106.79,107.0,155,0.17,1,155.0,100.0
733GS2026, 05-Aug-2026,101.5,101.5,101.5,101.5,101.25,2100,2.13,2,2100.0,100.0
734GS2064, 05-Aug-2026,99.53,99.57,99.4,99.4,99.36,36263,36.08,23,32263.0,88.97
738GS2027, 05-Aug-2026,102.12,102.38,102.1,102.2,102.16,65231,66.68,18,65231.0,100.0
73GS2053, 05-Aug-2026,99.75,99.75,99.3,99.38,99.39,12012,11.95,11,12012.0,100.0
741GS2036, 05-Aug-2026,104.9,105.1,104.85,105.0,104.9,700,0.73,7,700.0,100.0
743GS2076, 05-Aug-2026,99.5,102.0,99.47,99.5,99.5,535645,532.96,374,535644.0,100.0
746GS2073, 05-Aug-2026,100.77,100.77,100.71,100.71,100.77,1213,1.22,13,1213.0,100.0
74GS2062, 05-Aug-2026,104.0,104.0,102.0,102.0,104.0,186,0.19,2,186.0,100.0
754GS2036, 05-Aug-2026,106.65,106.87,106.55,106.59,106.63,81783,87.22,61,81678.0,99.87
771GS2066, 05-Aug-2026,104.99,104.99,104.5,104.5,104.7,27286,28.54,35,27186.0,99.63
897GS2030, 05-Aug-2026,111.0,111.3,111.0,111.1,111.18,3400,3.78,9,3400.0,100.0
92GS2030, 05-Aug-2026,114.55,114.55,114.55,114.55,113.82,2852,3.27,1,2852.0,100.0
A2ZINFRA, 05-Aug-2026,17.59,17.7,16.52,16.63,17.24,534030,90.78,1777,319422.0,59.81
AAATECH, 05-Aug-2026,89.1,91.6,88.84,91.33,89.23,60743,55.22,535,55717.0,91.73
AADHARHFC, 05-Aug-2026,494.0,508.7,493.2,505.2,492.8,280546,1411.66,8552,170632.0,60.82
AAKASH, 05-Aug-2026,9.04,9.05,8.85,9.0,8.95,70251,6.3,230,53232.0,75.77
AARNAV, 05-Aug-2026,29.86,31.5,29.86,30.44,30.31,62024,19.1,688,36232.0,58.42
AARON, 05-Aug-2026,130.41,135.65,130.41,134.91,130.61,27730,37.04,698,15356.0,55.38
AARTIDRUGS, 05-Aug-2026,414.0,415.95,408.8,412.4,414.05,110719,456.29,4756,59454.0,53.7
AARTIIND, 05-Aug-2026,485.5,486.8,481.15,485.95,481.75,485538,2351.35,10316,215867.0,44.46
AARTIPHARM, 05-Aug-2026,692.5,695.95,679.8,683.0,690.0,123296,846.53,12574,69149.0,56.08
AARTISURF, 05-Aug-2026,530.0,546.05,517.05,541.15,541.85,133133,707.11,6414,50234.0,37.73
AARVI, 05-Aug-2026,159.14,161.39,153.6,156.36,156.37,24856,38.94,678,10733.0,43.18
AASTHA, 05-Aug-2026,92.09,92.09,92.08,92.08,83.72,4219184,3885.38,3310,786245.0,18.64
AATMAJ, 05-Aug-2026,19.95,19.95,19.95,19.95,19.9,2000,0.4,1,2000.0,100.0
AAVAS, 05-Aug-2026,1392.6,1405.8,1368.1,1375.7,1392.6,53803,743.77,9287,26016.0,48.35
ABB, 05-Aug-2026,7748.0,7833.0,7675.0,7690.5,7700.0,267379,20708.93,28022,89117.0,33.33
ABBOTINDIA, 05-Aug-2026,27925.0,27955.0,27650.0,27785.0,27825.0,3483,967.99,1782,1520.0,43.64
ABCAPITAL, 05-Aug-2026,421.0,426.35,419.5,424.7,420.0,2725660,11520.47,41695,1196812.0,43.91
ABCOTS, 05-Aug-2026,203.0,203.0,199.0,199.53,200.81,3609,7.22,266,1907.0,52.84
ABDL, 05-Aug-2026,620.0,631.0,610.65,614.15,622.85,202234,1254.92,10585,98736.0,48.82
ABFRL, 05-Aug-2026,61.09,62.54,61.0,62.1,61.0,5571729,3455.38,21648,2789107.0,50.06
ABGSEC, 05-Aug-2026,115.26,115.26,114.0,114.01,114.16,55,0.06,13,41.0,74.55
ABHAPOWER, 05-Aug-2026,26.0,26.1,26.0,26.1,25.8,3200,0.83,2,3200.0,100.0
ABINFRA, 05-Aug-2026,10.15,10.15,9.9,9.98,10.02,316286,31.6,785,168640.0,53.32
ABLBL, 05-Aug-2026,95.0,95.85,94.05,94.6,94.57,1390246,1319.52,6519,1008181.0,72.52
ABMINTLLTD, 05-Aug-2026,41.38,46.6,41.38,42.24,42.45,907,0.4,19,722.0,79.6
ABMKNO, 05-Aug-2026,196.69,200.0,188.0,191.61,196.69,2663,5.2,96,2411.0,90.54
ABREL, 05-Aug-2026,1424.6,1458.8,1411.7,1421.2,1424.1,96361,1383.51,8696,31818.0,33.02
ABSL10BANK, 05-Aug-2026,170.95,173.89,169.71,170.74,170.52,9806,16.73,243,8501.0,86.69
ABSLAMC, 05-Aug-2026,1006.4,1023.0,996.0,1017.1,995.6,184027,1865.7,17860,90147.0,48.99
ABSLBANETF, 05-Aug-2026,59.24,59.51,59.0,59.19,59.24,64845,38.4,249,20657.0,31.86
ABSLLIQUID, 05-Aug-2026,1000.0,1000.01,999.99,999.99,1000.0,596,5.96,16,388.0,65.1
ABSLMSCIN, 05-Aug-2026,29.4,30.25,29.4,30.05,30.0,2646,0.8,30,2595.0,98.07
ABSLNN50ET, 05-Aug-2026,79.55,79.97,77.99,78.11,77.99,7399,5.8,204,6234.0,84.25
ABSLPSE, 05-Aug-2026,10.41,10.41,10.29,10.32,10.31,149680,15.44,524,137033.0,91.55
ABSMARINE, 05-Aug-2026,224.0,224.0,219.05,221.8,222.45,17000,37.62,32,15000.0,88.24
ACC, 05-Aug-2026,1393.7,1413.9,1386.0,1394.0,1384.7,303843,4263.04,16812,118976.0,39.16
ACCELYA, 05-Aug-2026,1150.0,1152.9,1135.6,1138.1,1139.0,3437,39.19,717,2405.0,69.97
ACCENTMIC, 05-Aug-2026,509.0,517.1,505.0,511.5,504.25,32500,165.89,57,28000.0,86.15
ACCPL, 05-Aug-2026,177.0,182.5,177.0,181.1,177.0,9600,17.2,8,9600.0,100.0
ACE, 05-Aug-2026,1110.0,1149.0,1098.6,1137.8,1098.6,662985,7528.67,31146,338152.0,51.0
ACEINTEG, 05-Aug-2026,19.64,19.64,19.0,19.28,19.09,1839,0.35,37,1792.0,97.44
ACI, 05-Aug-2026,534.95,537.2,522.5,523.85,532.2,619170,3284.38,16951,431419.0,69.68
ACL, 05-Aug-2026,47.01,47.9,47.01,47.43,47.59,8215,3.9,137,7744.0,94.27
ACMESOLAR, 05-Aug-2026,384.8,391.05,378.0,382.25,381.65,2758030,10634.17,39316,1425004.0,51.67
ACSTECH, 05-Aug-2026,44.32,44.33,43.0,44.33,42.22,233914,103.52,465,185244.0,79.19
ACUTAAS, 05-Aug-2026,3260.0,3296.7,3224.3,3282.8,3224.3,223117,7296.16,25140,111505.0,49.98
ADANIENSOL, 05-Aug-2026,1663.8,1663.8,1630.5,1642.0,1646.0,886130,14550.55,36528,369479.0,41.7
ADANIENT, 05-Aug-2026,3055.0,3085.9,3037.3,3050.0,3050.0,870914,26603.15,46878,281450.0,32.32
ADANIGREEN, 05-Aug-2026,1400.0,1405.7,1373.3,1380.0,1384.0,1221115,16917.97,29781,399714.0,32.73
ADANIPORTS, 05-Aug-2026,1708.2,1710.7,1688.1,1700.0,1706.7,2333361,39552.7,69607,1549616.0,66.41
ADANIPOWER, 05-Aug-2026,211.0,211.33,207.0,208.99,209.95,15188719,31703.45,79501,6638842.0,43.71
ADDICTIVE, 05-Aug-2026,40.2,41.8,38.9,40.05,40.2,5500,2.21,10,5000.0,90.91
ADFFOODS, 05-Aug-2026,271.5,273.95,266.35,269.2,273.25,90125,244.04,3559,45077.0,50.02
ADISOFT, 05-Aug-2026,177.2,180.0,173.55,175.25,173.35,32800,57.99,40,21600.0,65.85
ADL, 05-Aug-2026,74.6,76.79,71.6,71.75,75.33,80,0.06,21,46.0,57.5
ADOR, 05-Aug-2026,1500.0,1518.0,1478.1,1508.1,1510.8,28559,428.95,3989,17991.0,63.0
ADROITINFO, 05-Aug-2026,9.71,10.14,9.71,10.03,9.85,46867,4.69,148,40796.0,87.05
ADSL, 05-Aug-2026,118.8,118.8,116.06,116.97,116.86,100417,117.77,2230,52430.0,52.21
ADVAIT, 05-Aug-2026,2334.2,2363.9,2270.0,2285.4,2343.0,36777,847.48,5223,19946.0,54.23
ADVANCE, 05-Aug-2026,126.98,135.01,126.24,134.1,125.11,1054225,1385.37,9516,597167.0,56.65
ADVANIHOTR, 05-Aug-2026,52.52,52.52,49.75,50.53,52.43,123384,62.45,1505,96099.0,77.89
ADVENTHTL, 05-Aug-2026,147.59,148.75,145.11,146.96,147.86,113316,166.01,1913,70650.0,62.35
ADVENZYMES, 05-Aug-2026,323.95,337.85,321.1,332.75,322.65,320194,1052.69,6717,188839.0,58.98
AEGISLOG, 05-Aug-2026,1370.2,1412.0,1366.0,1395.8,1357.9,1296765,18110.32,57190,385836.0,29.75
AEGISVOPAK, 05-Aug-2026,298.15,299.45,280.6,283.85,296.15,1344142,3888.67,27026,591334.0,43.99
AEPL, 05-Aug-2026,14.0,14.37,13.83,14.34,14.08,10059,1.44,87,8103.0,80.55
AEQUS, 05-Aug-2026,232.8,246.0,231.25,239.95,230.79,6917021,16595.6,60220,3491976.0,50.48
AEROENTER, 05-Aug-2026,133.99,135.97,130.0,132.14,132.67,604590,800.97,8644,286386.0,47.37
AEROFLEX, 05-Aug-2026,467.4,471.95,454.25,456.0,463.8,840101,3867.15,14890,379392.0,45.16
AERON, 05-Aug-2026,79.0,79.0,75.2,77.6,77.6,11000,8.54,8,9000.0,81.82
AERONEU, 05-Aug-2026,86.42,87.3,84.85,85.35,85.15,43420,37.23,899,7125.0,16.41
AEROPLANE, 05-Aug-2026,199.25,205.05,196.26,200.59,201.39,306078,609.48,3363,180613.0,59.01
AESTHETIK, 05-Aug-2026,74.95,74.95,74.95,74.95,74.95,1000,0.75,1,1000.0,100.0
AETHER, 05-Aug-2026,1585.0,1604.0,1560.2,1589.4,1578.3,338221,5377.74,37364,149325.0,44.15
AFCONS, 05-Aug-2026,283.1,286.9,280.2,280.9,281.6,358959,1014.87,7706,207950.0,57.93
AFFLE, 05-Aug-2026,1684.0,1686.9,1655.0,1662.6,1683.3,115803,1934.79,12506,56993.0,49.22
AFIL, 05-Aug-2026,9.35,9.49,9.21,9.41,9.27,343623,32.15,557,279615.0,81.37
AFSL, 05-Aug-2026,201.1,201.98,201.1,201.21,201.27,2608,5.25,72,1501.0,57.55
AGARIND, 05-Aug-2026,524.0,530.0,517.65,523.25,526.0,25938,135.72,1453,11530.0,44.45
AGARWALEYE, 05-Aug-2026,496.55,553.0,496.55,521.05,493.5,627046,3282.38,27593,128402.0,20.48
AGARWALFT, 05-Aug-2026,35.3,39.0,35.3,36.85,37.15,18000,6.67,9,10500.0,58.33
AGARWALTUF, 05-Aug-2026,143.95,153.2,143.95,149.55,139.35,226800,339.62,178,114000.0,50.26
AGI, 05-Aug-2026,718.0,730.0,713.15,718.7,714.7,71577,516.08,2919,37056.0,51.77
AGIIL, 05-Aug-2026,306.9,308.0,300.9,302.0,306.85,270178,820.68,4105,150504.0,55.71
AGL, 05-Aug-2026,13.6,13.69,13.06,13.15,13.27,1493237,198.31,5049,883643.0,59.18
AGNI, 05-Aug-2026,17.1,17.1,16.5,17.1,16.7,7500,1.27,3,2500.0,33.33
AGROPHOS, 05-Aug-2026,28.15,28.8,27.65,28.34,28.1,20670,5.84,189,14092.0,68.18
AGUL, 05-Aug-2026,59.45,65.5,59.45,62.45,62.55,8000,4.88,4,6000.0,75.0
AHCL, 05-Aug-2026,14.68,14.68,14.4,14.49,14.57,1335671,194.29,2461,752889.0,56.37
AHLADA, 05-Aug-2026,37.8,37.8,36.43,37.6,37.2,6422,2.41,98,3997.0,62.24
AHLEAST, 05-Aug-2026,142.01,144.85,140.26,142.09,143.28,1061,1.5,73,663.0,62.49
AHLUCONT, 05-Aug-2026,833.2,845.45,830.1,835.6,830.7,16260,136.41,1626,9649.0,59.34
AIAENG, 05-Aug-2026,4650.0,4729.0,4583.0,4646.6,4627.0,58625,2747.79,12947,34372.0,58.63
AIIL, 05-Aug-2026,561.1,573.0,553.2,570.5,558.55,289032,1637.35,12040,111122.0,38.45
AILIMITED, 05-Aug-2026,35.85,35.85,35.85,35.85,34.15,1500,0.54,1,1500.0,100.0
AIMTRON, 05-Aug-2026,1579.95,1637.0,1555.0,1612.1,1547.2,83800,1337.2,391,50200.0,59.9
AIRAN, 05-Aug-2026,15.31,15.31,15.01,15.16,15.05,45112,6.83,209,34865.0,77.29
AIROLAM, 05-Aug-2026,89.5,92.0,88.11,91.19,89.69,1838,1.68,54,1294.0,70.4
AISL, 05-Aug-2026,55.1,59.0,55.1,58.0,58.0,10800,6.04,15,10200.0,94.44
AJANTPHARM, 05-Aug-2026,3525.1,3527.9,3403.1,3437.5,3525.1,126648,4349.38,24931,58288.0,46.02
AJAXENGG, 05-Aug-2026,596.0,620.45,594.55,607.65,593.8,109929,668.73,5873,51111.0,46.49
AJMERA, 05-Aug-2026,124.0,126.24,122.22,124.0,122.97,631438,782.43,6573,269379.0,42.66
AJOONI, 05-Aug-2026,4.02,4.02,3.95,3.96,3.92,223450,8.91,418,172732.0,77.3
AKANKSHA, 05-Aug-2026,105.65,105.65,105.65,105.65,100.65,29000,30.64,21,29000.0,100.0
AKASH, 05-Aug-2026,26.39,27.39,26.35,26.55,26.37,4294,1.14,41,2704.0,62.97
AKCAPIT, 05-Aug-2026,1749.7,1762.8,1740.0,1749.1,1728.3,1928,33.8,136,1800.0,93.36
AKG, 05-Aug-2026,10.0,10.47,8.06,8.43,10.03,785747,66.81,2405,362402.0,46.12
AKI, 05-Aug-2026,4.21,4.8,4.0,4.22,4.04,242231,10.16,290,135357.0,55.88
AKIKO, 05-Aug-2026,327.0,334.45,327.0,334.15,327.0,7200,23.92,9,6400.0,88.89
AKSHAR, 05-Aug-2026,0.41,0.47,0.41,0.44,0.4,4315818,19.09,909,1835070.0,42.52
AKUMS, 05-Aug-2026,667.95,674.7,661.2,666.1,667.4,71535,477.16,6363,41769.0,58.39
ALANKIT, 05-Aug-2026,7.71,8.1,7.7,7.91,7.81,155454,12.37,463,112513.0,72.38
ALBERTDAVD, 05-Aug-2026,697.85,697.85,690.1,692.8,694.75,809,5.61,75,626.0,77.38
ALEMBICLTD, 05-Aug-2026,88.6,88.99,86.5,87.14,88.55,370022,324.1,3669,220467.0,59.58
ALGOQUANT, 05-Aug-2026,69.33,69.33,67.2,67.51,68.77,1165830,790.18,2950,313733.0,26.91
ALICON, 05-Aug-2026,680.8,730.0,680.8,718.05,694.85,21416,154.46,1433,13563.0,63.33
ALIVUS, 05-Aug-2026,1335.0,1338.6,1304.0,1331.0,1335.8,163968,2160.98,14595,60530.0,36.92
ALKEM, 05-Aug-2026,5620.5,5696.5,5556.0,5696.5,5608.0,88646,4989.66,19233,45766.0,51.63
ALKYLAMINE, 05-Aug-2026,1939.7,1998.9,1923.1,1939.8,1921.2,549700,10770.76,48505,109250.0,19.87
ALLCARGO, 05-Aug-2026,8.28,8.49,8.1,8.14,8.21,3690233,304.51,4233,1855268.0,50.28
ALLDIGI, 05-Aug-2026,814.9,824.65,809.05,811.6,813.1,6668,54.13,1293,3901.0,58.5
ALLETEC, 05-Aug-2026,138.0,138.0,133.0,133.0,137.0,9200,12.46,22,8800.0,95.65
ALLTIME, 05-Aug-2026,223.65,226.0,220.0,220.6,221.45,45119,99.94,1677,30791.0,68.24
ALMONDZ, 05-Aug-2026,13.72,14.8,13.72,14.61,13.73,159415,23.11,383,123097.0,77.22
ALOKINDS, 05-Aug-2026,12.06,12.1,11.95,11.97,11.96,2417229,290.43,4048,1284609.0,53.14
ALPA, 05-Aug-2026,67.4,69.5,66.66,67.32,67.1,18699,12.77,222,11181.0,59.79
ALPEXSOLAR, 05-Aug-2026,833.55,835.5,811.0,816.95,833.55,35400,290.66,285,24400.0,68.93
ALPHA, 05-Aug-2026,52.74,53.33,52.74,53.2,52.64,1089343,578.33,2632,657991.0,60.4
ALPHAETF, 05-Aug-2026,26.52,26.6,26.43,26.51,26.36,279120,73.99,837,153733.0,55.08
ALPHAGEO, 05-Aug-2026,255.2,255.2,231.5,236.16,247.68,41320,99.31,726,26844.0,64.97
ALPINETEX, 05-Aug-2026,67.35,70.3,67.35,67.82,68.04,451098,309.92,4184,193218.0,42.83
ALPL30IETF, 05-Aug-2026,28.47,28.6,28.31,28.46,28.31,296260,84.4,747,175414.0,59.21
ALUWIND, 05-Aug-2026,48.05,49.8,48.05,49.75,48.65,10500,5.11,7,9000.0,85.71
AMAGI, 05-Aug-2026,679.9,699.0,661.0,674.35,674.7,330886,2254.79,25933,170088.0,51.4
AMBAAUTO, 05-Aug-2026,116.9,117.0,106.0,106.45,111.55,80000,89.27,66,41000.0,51.25
AMBALALSA, 05-Aug-2026,43.49,45.09,40.31,42.9,42.7,1003822,437.65,7312,419245.0,41.76
AMBER, 05-Aug-2026,7452.0,7556.0,7401.0,7526.0,7395.0,261458,19651.05,33946,112126.0,42.88
AMBICAAGAR, 05-Aug-2026,24.76,25.26,24.75,25.1,24.65,1935,0.48,26,1853.0,95.76
AMBIKCO, 05-Aug-2026,1779.6,1822.0,1779.3,1802.3,1779.3,36067,650.15,3302,17908.0,49.65
AMBUJACEM, 05-Aug-2026,441.0,450.5,438.75,445.0,436.05,5678790,25349.56,49215,2844788.0,50.09
AMCL, 05-Aug-2026,390.75,390.75,390.75,390.75,391.0,400,1.56,1,400.0,100.0
AMDIND, 05-Aug-2026,47.0,48.2,46.09,46.68,46.24,12795,6.05,199,9406.0,73.51
AMEYA, 05-Aug-2026,109.05,109.05,104.3,104.3,109.05,3000,3.22,3,2000.0,66.67
AMIABLE, 05-Aug-2026,72.9,72.9,72.9,72.9,70.7,1600,1.17,1,1600.0,100.0
AMJLAND, 05-Aug-2026,38.3,39.27,37.5,39.16,39.26,57376,22.3,271,45428.0,79.18
AMNPLST, 05-Aug-2026,205.1,205.1,196.72,198.52,201.77,6703,13.3,233,3833.0,57.18
AMRUTANJAN, 05-Aug-2026,517.9,531.0,514.55,524.1,517.85,45201,236.45,2991,25608.0,56.65
ANANDRATHI, 05-Aug-2026,2045.0,2052.6,2031.0,2037.6,2034.0,243440,4966.58,23512,140651.0,57.78
ANANTAM, 05-Aug-2026,105.09,105.11,104.9,104.9,105.02,509996,535.52,246,509646.0,99.93
ANANTRAJ, 05-Aug-2026,633.5,639.0,624.3,628.2,630.4,1258171,7951.61,26711,526045.0,41.81
ANDHRAPAP, 05-Aug-2026,62.1,64.45,60.2,60.62,61.94,607147,376.05,4444,357576.0,58.89
ANDHRSUGAR, 05-Aug-2026,88.46,88.46,86.02,86.74,87.19,169268,147.29,2332,96607.0,57.07
ANGELONE, 05-Aug-2026,302.0,303.0,296.6,299.2,300.35,3667873,10970.27,30513,1148524.0,31.31
ANIKINDS, 05-Aug-2026,43.7,43.8,42.01,42.23,43.45,4743,2.03,118,3373.0,71.12
ANLON, 05-Aug-2026,629.0,634.0,600.0,600.0,607.0,6800,41.59,17,6400.0,94.12
ANMOL, 05-Aug-2026,10.07,10.28,9.82,9.98,10.07,26196,2.63,201,20348.0,77.68
ANNAPURNA, 05-Aug-2026,138.5,140.0,133.0,137.6,134.0,246500,334.7,412,211250.0,85.7
ANONDITA, 05-Aug-2026,1014.0,1057.4,1005.0,1052.65,1021.7,41800,427.95,117,28400.0,67.94
ANTELOPUS, 05-Aug-2026,847.0,882.95,827.75,873.65,852.95,184363,1585.53,9709,71178.0,38.61
ANTGRAPHIC, 05-Aug-2026,0.77,0.77,0.72,0.75,0.75,114756,0.84,144,104799.0,91.32
ANTHEM, 05-Aug-2026,819.25,833.2,812.65,825.65,819.25,332117,2744.25,19937,205754.0,61.95
ANUHPHR, 05-Aug-2026,80.01,80.35,79.01,79.22,80.39,53641,42.77,1022,35076.0,65.39
ANUP, 05-Aug-2026,2217.7,2248.0,2202.1,2214.0,2189.5,25370,564.31,3181,14522.0,57.24
ANURAS, 05-Aug-2026,1215.0,1219.0,1208.3,1216.3,1214.4,138524,1682.81,2615,47521.0,34.31
ANYA, 05-Aug-2026,15.35,16.0,15.35,15.5,15.35,65000,10.1,10,60000.0,92.31
AONEGOLD, 05-Aug-2026,13.35,13.55,13.33,13.48,13.25,513765,69.18,1299,280456.0,54.59
AONELIQUID, 05-Aug-2026,1071.23,1071.23,1071.21,1071.22,1071.07,11734,125.7,90,6975.0,59.44
AONENIFTY, 05-Aug-2026,10.33,10.33,9.84,10.13,10.1,289995,29.45,1199,148252.0,51.12
AONESILVER, 05-Aug-2026,8.37,8.55,8.3,8.49,8.29,756308,64.08,925,513129.0,67.85
AONETMMQ50, 05-Aug-2026,10.2,10.23,10.14,10.21,10.15,68478,6.98,262,55782.0,81.46
AONETOTAL, 05-Aug-2026,12.08,12.13,12.01,12.07,12.02,388204,47.0,1425,266411.0,68.63
APARINDS, 05-Aug-2026,15737.0,15920.0,15511.0,15666.0,15433.0,137664,21651.67,33434,51124.0,37.14
APCL, 05-Aug-2026,102.1,109.95,102.1,106.55,102.1,11505,12.17,330,9253.0,80.43
APCOTEXIND, 05-Aug-2026,631.0,644.0,622.2,629.5,626.2,269574,1699.21,8070,130342.0,48.35
APEX, 05-Aug-2026,380.0,387.7,375.5,377.75,378.3,60406,230.11,2832,26164.0,43.31
APEXECO, 05-Aug-2026,278.0,284.95,275.0,282.55,277.75,20800,58.08,20,20800.0,100.0
APLAPOLLO, 05-Aug-2026,1945.0,1965.0,1905.6,1948.5,1920.0,539758,10498.59,27627,248294.0,46.0
APLLTD, 05-Aug-2026,822.0,840.4,803.2,818.2,809.4,243621,2020.4,15513,108452.0,44.52
APOLLO, 05-Aug-2026,400.95,402.9,393.2,399.05,398.2,4969206,19797.05,52290,1249956.0,25.15
APOLLOHOSP, 05-Aug-2026,9009.0,9009.0,8820.0,8910.0,9050.0,288978,25716.93,39822,124280.0,43.01
APOLLOPIPE, 05-Aug-2026,533.85,543.35,525.0,534.15,527.35,780226,4182.6,15149,475948.0,61.0
APOLLOTYRE, 05-Aug-2026,441.1,451.8,439.6,444.9,438.35,1966641,8792.12,45270,864446.0,43.96
APOLSINHOT, 05-Aug-2026,1205.0,1217.0,1185.0,1200.8,1198.5,1091,13.12,106,986.0,90.38
APRAMEYA, 05-Aug-2026,150.9,151.0,145.0,145.55,149.95,9500,14.14,18,8000.0,84.21
APS, 05-Aug-2026,266.45,266.45,258.0,259.4,264.25,33500,87.78,96,21500.0,64.18
APSISAERO, 05-Aug-2026,448.0,449.8,448.0,449.8,441.0,9600,43.12,8,9600.0,100.0
APTUS, 05-Aug-2026,261.55,266.35,261.15,264.3,260.6,884222,2338.69,22561,474349.0,53.65
AQYLON, 05-Aug-2026,24.55,26.69,24.15,26.68,25.42,8122363,2141.66,9967,3617038.0,44.53
ARABIAN, 05-Aug-2026,74.95,81.0,74.0,79.2,72.0,46000,36.11,23,38000.0,82.61
ARCHIDPLY, 05-Aug-2026,80.86,83.48,80.22,80.42,80.86,6984,5.67,102,5683.0,81.37
ARCHIES, 05-Aug-2026,14.18,14.48,14.01,14.13,14.2,2769,0.39,40,2293.0,82.81
ARCIIL, 05-Aug-2026,36.7,36.7,35.5,35.5,37.25,9000,3.25,9,9000.0,100.0
ARE&M, 05-Aug-2026,929.7,957.0,927.0,938.85,921.0,1693133,16027.6,60277,675863.0,39.92
ARENTERP, 05-Aug-2026,38.7,40.0,38.7,39.12,39.49,1667,0.65,45,1069.0,64.13
ARFIN, 05-Aug-2026,86.23,87.56,85.05,85.34,86.23,953552,824.86,2297,94189.0,9.88
ARHAM, 05-Aug-2026,186.65,189.9,172.0,176.8,181.9,55000,99.88,55,29000.0,52.73
ARIES, 05-Aug-2026,337.1,345.0,337.1,343.1,341.1,8619,29.47,415,5008.0,58.1
ARIHANT, 05-Aug-2026,1180.0,1180.0,1110.0,1136.6,1149.6,5414,61.32,449,1279.0,23.62
ARIHANTACA, 05-Aug-2026,481.0,481.0,481.0,481.0,479.0,400,1.92,1,400.0,100.0
ARIHANTCAP, 05-Aug-2026,78.4,78.4,77.1,77.75,77.95,123690,96.1,1565,64472.0,52.12
ARIHANTSUP, 05-Aug-2026,259.95,263.95,258.6,260.25,258.85,7665,19.92,114,6599.0,86.09
ARIS, 05-Aug-2026,131.6,134.5,126.8,130.21,130.51,1205848,1565.46,11666,642792.0,53.31
ARISTO, 05-Aug-2026,109.3,109.3,109.3,109.3,109.3,1600,1.75,1,1600.0,100.0
ARKADE, 05-Aug-2026,139.18,140.4,138.53,139.14,139.18,147960,206.55,1389,48486.0,32.77
ARMANFIN, 05-Aug-2026,2009.0,2090.0,1990.7,2049.8,1998.8,132442,2712.42,11860,61077.0,46.12
ARMOUR, 05-Aug-2026,18.7,18.9,18.7,18.75,18.9,12000,2.26,4,12000.0,100.0
AROGRANITE, 05-Aug-2026,25.45,26.75,25.44,26.12,25.04,29687,7.73,403,18071.0,60.87
ARSSBL, 05-Aug-2026,518.0,521.4,512.4,515.35,515.35,88681,458.32,2771,44346.0,50.01
ARTEMISMED, 05-Aug-2026,303.9,324.9,302.0,322.15,301.75,1314798,4197.05,24243,524943.0,39.93
ARTNIRMAN, 05-Aug-2026,40.55,41.39,38.72,40.75,40.58,6156,2.42,68,4924.0,79.99
ARVEE, 05-Aug-2026,162.37,162.37,154.31,155.06,158.55,250,0.39,23,163.0,65.2
ARVIND, 05-Aug-2026,551.0,558.9,540.2,545.1,547.35,948871,5226.83,38645,402411.0,42.41
ARVINDFASN, 05-Aug-2026,449.0,462.85,445.45,461.35,445.9,316946,1440.81,13739,206996.0,65.31
ARVINDPORT, 05-Aug-2026,28.95,29.55,28.45,29.4,28.95,16500,4.76,10,13500.0,81.82
ARVSMART, 05-Aug-2026,610.0,613.95,593.6,596.3,604.2,12741,76.58,786,9166.0,71.94
ASAHIINDIA, 05-Aug-2026,905.9,931.0,897.8,926.7,898.0,1268983,11713.05,45980,261851.0,20.63
ASAL, 05-Aug-2026,515.75,519.95,505.05,517.3,507.3,18326,94.24,1210,9260.0,50.53
ASALCBR, 05-Aug-2026,769.9,778.4,757.9,764.25,768.8,20952,161.24,1612,13785.0,65.79
ASHALOG, 05-Aug-2026,56.5,56.5,56.5,56.5,56.2,1000,0.57,1,1000.0,100.0
ASHAPURMIN, 05-Aug-2026,726.0,743.8,721.25,739.7,719.3,974133,7149.2,25050,510380.0,52.39
ASHIANA, 05-Aug-2026,395.0,395.0,382.95,386.0,387.8,24349,94.27,1563,12521.0,51.42
ASHIKAG, 05-Aug-2026,462.3,465.75,451.0,461.3,459.3,334872,1531.31,3138,137465.0,41.05
ASHIMASYN, 05-Aug-2026,17.7,18.45,17.38,17.81,18.16,66095,11.77,473,38951.0,58.93
ASHOKA, 05-Aug-2026,121.0,122.8,119.5,119.89,120.33,979516,1185.48,7056,509031.0,51.97
ASHOKAMET, 05-Aug-2026,14.48,14.48,14.01,14.18,14.14,8178,1.16,115,6692.0,81.83
ASHOKLEY, 05-Aug-2026,174.0,178.15,173.0,177.0,172.08,29599387,52265.88,123736,15000253.0,50.68
ASHWINI, 05-Aug-2026,194.95,195.0,190.25,192.5,192.55,14000,27.0,11,7000.0,50.0
ASIANENE, 05-Aug-2026,420.0,420.0,392.0,402.0,417.6,289808,1182.18,7702,147070.0,50.75
ASIANHOTNR, 05-Aug-2026,301.05,311.45,301.05,306.65,301.55,115022,352.29,2116,54739.0,47.59
ASIANPAINT, 05-Aug-2026,2787.0,2787.0,2748.7,2760.0,2775.0,688876,19020.63,47790,386292.0,56.08
ASIANTILES, 05-Aug-2026,53.2,54.32,52.01,53.39,53.1,2503411,1342.08,5750,1530267.0,61.13
ASKAUTOLTD, 05-Aug-2026,555.0,648.0,546.9,637.55,551.3,18019129,112639.86,340328,1200367.0,6.66
ASPINWALL, 05-Aug-2026,242.0,250.0,241.99,249.04,242.16,1689,4.16,69,1605.0,95.03
ASPIRE, 05-Aug-2026,14.5,14.75,14.5,14.75,14.25,8000,1.17,4,6000.0,75.0
ASTAR, 05-Aug-2026,619.0,619.0,590.0,590.1,590.0,146,0.89,17,39.0,26.71
ASTEC, 05-Aug-2026,626.3,629.9,604.8,616.55,622.25,53465,328.89,3282,25592.0,47.87
ASTERDM, 05-Aug-2026,840.0,856.75,825.65,842.1,834.7,1185675,9992.5,53770,633306.0,53.41
ASTRAL, 05-Aug-2026,1448.0,1451.0,1418.0,1434.7,1448.0,518128,7401.29,33193,278330.0,53.72
ASTRAMICRO, 05-Aug-2026,1838.2,1869.9,1801.0,1809.4,1835.4,277043,5064.2,18062,125429.0,45.27
ASTRAZEN, 05-Aug-2026,8290.0,8290.0,8008.0,8108.5,8210.5,7137,582.5,1562,2351.0,32.94
ATALREAL, 05-Aug-2026,34.2,34.75,34.0,34.56,33.97,8704071,2987.82,6859,1261722.0,14.5
ATAM, 05-Aug-2026,66.56,67.8,63.62,64.74,66.56,11639,7.57,266,6747.0,57.97
ATCENERGY, 05-Aug-2026,25.45,25.45,24.75,25.45,24.25,18000,4.54,15,15600.0,86.67
ATGL, 05-Aug-2026,670.0,671.4,656.55,660.35,666.95,488629,3239.55,14936,189715.0,38.83
ATHERENERG, 05-Aug-2026,1465.0,1479.5,1405.0,1470.8,1450.4,6958528,100796.43,182939,1786110.0,25.67
ATL, 05-Aug-2026,23.21,23.78,23.0,23.18,23.3,53555,12.44,481,38854.0,72.55
ATLANTAA, 05-Aug-2026,37.62,40.98,37.62,40.3,37.62,117735,46.64,1376,80374.0,68.27
ATLANTAELE, 05-Aug-2026,1643.9,1681.8,1619.0,1634.5,1614.0,135445,2245.75,8257,74232.0,54.81
ATLASCYCLE, 05-Aug-2026,97.66,99.23,95.01,97.26,97.96,3791,3.68,99,3059.0,80.69
ATLPP, 05-Aug-2026,8.65,9.39,8.65,9.17,8.84,838,0.07,11,823.0,98.21
ATMASTCO, 05-Aug-2026,150.0,150.0,145.6,147.65,149.75,12800,19.0,24,12400.0,96.88
ATUL, 05-Aug-2026,6820.0,6957.0,6770.0,6794.0,6793.5,33225,2271.78,8015,17144.0,51.6
ATULAUTO, 05-Aug-2026,558.8,596.55,558.1,580.95,557.8,1108494,6495.55,29881,324718.0,29.29
AUBANK, 05-Aug-2026,1057.6,1057.6,1042.3,1051.3,1059.0,957572,10030.29,33189,506957.0,52.94
AURIONPRO, 05-Aug-2026,742.0,742.0,726.05,729.0,738.5,126031,923.68,5449,83919.0,66.59
AUROIMPEX, 05-Aug-2026,25.45,25.7,25.45,25.7,26.7,4800,1.23,3,3200.0,66.67
AUROPHARMA, 05-Aug-2026,1587.3,1625.0,1567.0,1613.4,1585.9,1385223,22268.69,49197,656202.0,47.37
AURUM, 05-Aug-2026,216.95,224.09,215.01,222.88,216.21,266140,588.16,4970,120899.0,45.43
AURUS, 05-Aug-2026,4.7,4.78,4.56,4.7,4.62,7926,0.37,108,7445.0,93.93
AUSL, 05-Aug-2026,25.5,25.5,25.5,25.5,25.0,2000,0.51,1,2000.0,100.0
AUTOAXLES, 05-Aug-2026,1830.0,1974.3,1825.0,1939.2,1870.4,97825,1875.44,9067,48421.0,49.5
AUTOBEES, 05-Aug-2026,300.87,304.93,299.49,303.23,300.01,371336,1127.29,4035,186450.0,50.21
AUTOIETF, 05-Aug-2026,29.7,30.52,29.7,30.36,29.71,1106365,336.17,2620,687786.0,62.17
AVADHSUGAR, 05-Aug-2026,622.0,635.05,600.0,609.25,615.05,388484,2395.9,9834,78806.0,20.29
AVALON, 05-Aug-2026,1840.0,1843.9,1772.1,1823.2,1805.4,765722,13901.7,60326,304144.0,39.72
AVANA, 05-Aug-2026,156.25,156.25,153.0,156.0,156.3,10000,15.48,5,10000.0,100.0
AVANTEL, 05-Aug-2026,164.7,166.98,163.1,164.94,164.07,642443,1062.89,6371,241877.0,37.65
AVANTIFEED, 05-Aug-2026,903.7,905.5,892.0,899.1,893.4,387331,3479.84,15657,238603.0,61.6
AVATAR, 05-Aug-2026,190.1,190.1,190.1,190.1,186.4,10000,19.01,5,10000.0,100.0
AVIANSH, 05-Aug-2026,103.5,104.0,103.5,104.0,103.0,2000,2.08,2,2000.0,100.0
AVIENCE, 05-Aug-2026,255.0,257.05,250.0,254.0,254.95,11400,28.87,15,9600.0,84.21
AVL, 05-Aug-2026,640.0,640.0,619.05,626.2,634.4,167307,1046.34,11497,80810.0,48.3
AVONMORE, 05-Aug-2026,11.21,11.88,11.07,11.37,11.16,146430,16.44,420,117507.0,80.25
AVPINFRA, 05-Aug-2026,65.0,66.9,65.0,66.8,64.85,20000,13.12,23,13600.0,68.0
AVROIND, 05-Aug-2026,8.74,10.3,8.7,9.16,8.87,1762088,164.52,5520,626471.0,35.55
AVTNPL, 05-Aug-2026,71.45,71.45,70.6,70.81,70.83,31637,22.45,257,28384.0,89.72
AWFIS, 05-Aug-2026,276.95,287.15,273.05,275.2,273.05,218405,609.23,5775,94839.0,43.42
AWHCL, 05-Aug-2026,430.0,433.0,424.1,427.45,429.55,68130,292.32,3565,40191.0,58.99
AWL, 05-Aug-2026,191.95,194.25,190.3,193.54,190.59,2584392,4982.11,29282,1284945.0,49.72
AXISBANK, 05-Aug-2026,1260.0,1263.0,1246.2,1253.9,1261.8,4295407,53793.55,87650,2361339.0,54.97
AXISCADES, 05-Aug-2026,1585.0,1603.6,1564.0,1590.3,1583.2,112379,1777.76,7261,64215.0,57.14
AXITA, 05-Aug-2026,7.39,7.4,7.31,7.34,7.35,1096094,80.57,632,991401.0,90.45
AYE, 05-Aug-2026,168.48,171.01,164.73,165.9,167.77,321481,535.89,5244,140444.0,43.69
AYMSYNTEX, 05-Aug-2026,259.35,261.0,252.0,254.55,256.25,23606,60.66,1232,16468.0,69.76
AZAD, 05-Aug-2026,2390.0,2463.0,2385.0,2446.8,2374.4,456952,11157.96,31441,214896.0,47.03
BABAFP, 05-Aug-2026,25.0,25.85,25.0,25.5,24.85,12800,3.25,7,12800.0,100.0
BAGDIGITAL, 05-Aug-2026,107.0,117.0,106.05,109.0,106.05,51200,55.7,21,41600.0,81.25
BAGFILMS, 05-Aug-2026,4.49,4.49,4.37,4.4,4.44,139003,6.17,215,124112.0,89.29
BAGMANE, 05-Aug-2026,105.73,106.65,105.3,106.57,105.01,1026332,1085.87,6059,934990.0,91.1
BAHETI, 05-Aug-2026,751.5,764.0,749.5,762.75,745.0,24375,183.86,57,13875.0,56.92
BAIDFIN, 05-Aug-2026,9.93,10.24,9.75,10.1,9.98,67804,6.78,299,50703.0,74.78
BAJAJ-AUTO, 05-Aug-2026,11665.0,11800.0,11580.0,11800.0,11600.0,382721,44709.69,60879,244608.0,63.91
BAJAJCON, 05-Aug-2026,553.0,553.0,526.25,530.4,544.2,572697,3065.47,16925,397154.0,69.35
BAJAJELEC, 05-Aug-2026,349.9,357.6,344.0,348.1,349.7,264328,923.95,7374,117045.0,44.28
BAJAJFINSV, 05-Aug-2026,2105.0,2118.5,2076.1,2086.0,2105.0,2447845,51338.81,89621,1592781.0,65.07
BAJAJHCARE, 05-Aug-2026,335.7,339.0,331.0,332.95,335.6,69326,231.54,1840,33200.0,47.89
BAJAJHFL, 05-Aug-2026,87.5,87.52,86.6,86.98,87.11,2118706,1843.56,18494,1157230.0,54.62
BAJAJHIND, 05-Aug-2026,18.3,18.5,17.71,17.79,18.06,5327532,957.4,8968,2301257.0,43.2
BAJAJHLDNG, 05-Aug-2026,11510.0,11624.0,11419.0,11496.0,11475.0,36376,4182.47,10805,17871.0,49.13
BAJAJINDEF, 05-Aug-2026,230.2,234.5,230.2,230.89,232.08,4634,10.74,197,3345.0,72.18
BAJAJST, 05-Aug-2026,390.35,400.7,388.0,394.3,390.35,10427,40.87,631,8694.0,83.38
BAJEL, 05-Aug-2026,179.57,186.85,178.5,183.8,178.69,200926,365.16,2648,116593.0,58.03
BAJFINANCE, 05-Aug-2026,1152.0,1166.0,1145.1,1158.8,1149.0,5154683,59542.36,117854,2978764.0,57.79
BALAJEE, 05-Aug-2026,27.01,27.63,27.01,27.56,27.41,36605,10.04,213,27312.0,74.61
BALAJIPHOS, 05-Aug-2026,90.0,90.0,88.0,88.25,89.9,95000,84.88,66,85000.0,89.47
BALAJITELE, 05-Aug-2026,85.41,86.5,84.0,84.66,85.12,153586,131.08,1680,81949.0,53.36
BALAMINES, 05-Aug-2026,2001.0,2049.0,1977.3,1998.5,1994.9,156896,3147.56,13685,63002.0,40.16
BALAXI, 05-Aug-2026,24.03,25.4,23.8,24.17,24.03,90450,22.16,355,40625.0,44.91
BALCO, 05-Aug-2026,18.9,18.9,18.9,18.9,19.85,2400,0.45,2,2400.0,100.0
BALKRISHNA, 05-Aug-2026,17.55,18.0,17.2,17.52,17.47,20931,3.67,100,14074.0,67.24
BALKRISIND, 05-Aug-2026,2469.8,2558.0,2420.0,2501.6,2491.9,169031,4264.01,18056,54759.0,32.4
BALMLAWRIE, 05-Aug-2026,174.51,176.2,174.51,175.76,174.42,83727,146.92,1959,53263.0,63.62
BALPHARMA, 05-Aug-2026,87.55,89.97,87.55,89.03,87.87,14562,12.98,416,8514.0,58.47
BALRAMCHIN, 05-Aug-2026,655.1,655.1,627.0,635.55,658.7,741020,4739.09,25881,302888.0,40.87
BALUFORGE, 05-Aug-2026,445.7,450.9,441.45,445.9,439.45,723793,3232.03,16496,361081.0,49.89
BANARBEADS, 05-Aug-2026,112.5,116.9,112.08,114.24,113.97,1924,2.19,169,595.0,30.93
BANARISUG, 05-Aug-2026,3499.0,3499.0,3475.0,3475.1,3480.4,246,8.55,24,187.0,76.02
BANCOINDIA, 05-Aug-2026,672.0,689.0,671.75,686.0,669.75,178930,1220.6,8599,93263.0,52.12
BANDHANBNK, 05-Aug-2026,174.8,176.15,170.46,170.46,173.6,7569963,13220.95,59816,4351482.0,57.48
BANG, 05-Aug-2026,30.5,30.5,29.76,30.22,30.1,5652,1.7,98,4189.0,74.12
BANK10ADD, 05-Aug-2026,17.1,17.42,17.01,17.07,17.02,115094,19.63,193,105124.0,91.34
BANK10BETF, 05-Aug-2026,20.97,21.14,20.7,20.88,20.79,1421,0.3,18,1393.0,98.03
BANKADD, 05-Aug-2026,58.9,59.39,58.31,58.93,59.14,22215,13.13,134,19693.0,88.65
BANKBARODA, 05-Aug-2026,247.5,249.84,245.6,245.6,245.0,9244171,22881.24,63752,4998613.0,54.07
BANKBEES, 05-Aug-2026,596.45,600.39,595.0,596.31,595.76,725927,4339.85,8066,409683.0,56.44
BANKBETA, 05-Aug-2026,59.86,60.05,59.52,59.64,59.63,96781,57.86,594,72086.0,74.48
BANKBETF, 05-Aug-2026,59.0,59.0,58.0,58.41,58.6,21345,12.52,432,18305.0,85.76
BANKETF, 05-Aug-2026,589.89,591.3,585.89,586.71,588.47,4651,27.35,181,3873.0,83.27
BANKIETF, 05-Aug-2026,59.5,59.53,58.66,59.01,59.07,2566685,1522.99,2352,2311772.0,90.07
BANKINDIA, 05-Aug-2026,140.99,142.8,140.56,141.0,140.44,6726554,9517.67,37333,2870715.0,42.68
BANKNIFTY1, 05-Aug-2026,59.0,60.28,58.5,59.91,59.69,2264864,1358.97,1153,2075106.0,91.62
BANKPSU, 05-Aug-2026,84.2,86.68,84.2,86.01,85.4,26883,23.16,131,23309.0,86.71
BANSALWIRE, 05-Aug-2026,318.0,327.5,316.15,320.35,314.7,377085,1216.39,7193,221909.0,58.85
BANSWRAS, 05-Aug-2026,125.59,127.18,121.8,122.56,125.49,49054,60.94,969,30208.0,61.58
BARFLEX, 05-Aug-2026,56.0,56.0,54.0,55.5,55.0,10000,5.53,5,8000.0,80.0
BASF, 05-Aug-2026,3950.0,4099.0,3925.2,4036.6,3947.1,271306,10932.57,36849,81562.0,30.06
BASILIC, 05-Aug-2026,204.0,205.75,199.9,200.4,204.0,15300,31.0,44,12000.0,78.43
BATAINDIA, 05-Aug-2026,710.05,747.5,710.05,730.05,709.55,1729949,12725.59,56657,720547.0,41.65
BATLIBOI, 05-Aug-2026,84.99,95.2,83.5,94.3,84.02,268727,246.28,2923,146644.0,54.57
BAWEJA, 05-Aug-2026,26.35,27.0,26.35,26.7,27.4,4000,1.07,4,4000.0,100.0
BAYERCROP, 05-Aug-2026,4280.0,4314.4,4269.3,4302.9,4331.0,21443,920.19,4288,11640.0,54.28
BBETF0432, 05-Aug-2026,1359.47,1359.75,1353.0,1355.55,1352.71,332,4.5,37,274.0,82.53
BBL, 05-Aug-2026,2372.6,2402.5,2309.0,2320.1,2390.2,102296,2405.76,11408,74885.0,73.2
BBNPNBETF, 05-Aug-2026,58.16,58.62,57.93,58.61,58.16,1143,0.67,21,971.0,84.95
BBNPPGOLD, 05-Aug-2026,141.3,141.3,138.55,139.75,137.35,3944,5.51,71,2458.0,62.32
BBOX, 05-Aug-2026,759.0,762.0,742.45,748.75,750.05,225567,1693.98,13747,107166.0,47.51
BBTC, 05-Aug-2026,1511.0,1515.1,1498.5,1501.5,1505.7,14381,216.46,1458,8992.0,62.53
BBTCL, 05-Aug-2026,224.46,225.79,217.35,224.02,221.2,15456,34.06,403,8269.0,53.5
BCG, 05-Aug-2026,9.49,9.52,9.35,9.38,9.46,2740458,257.96,3214,1703816.0,62.17
BCLIND, 05-Aug-2026,37.8,37.8,36.5,36.85,37.21,541603,199.96,3088,303729.0,56.08
BCONCEPTS, 05-Aug-2026,183.9,186.34,181.11,183.6,183.91,8485,15.61,371,5827.0,68.67
BCPL, 05-Aug-2026,69.99,70.15,68.6,69.85,69.0,6152,4.28,217,3706.0,60.24
BDL, 05-Aug-2026,1265.3,1283.5,1232.5,1240.0,1265.0,985899,12297.33,37138,408110.0,41.39
BEACON, 05-Aug-2026,86.5,86.95,85.0,86.75,83.0,12000,10.36,12,10000.0,83.33
BEARDSELL, 05-Aug-2026,27.33,28.3,26.41,27.13,27.33,13632,3.72,363,8074.0,59.23
BECTORFOOD, 05-Aug-2026,211.46,215.82,209.56,212.8,209.96,1741561,3708.52,24861,492182.0,28.26
BEDMUTHA, 05-Aug-2026,109.0,115.0,106.57,115.0,109.53,4827,5.47,74,3344.0,69.28
BEEKAY, 05-Aug-2026,404.9,408.3,393.0,402.35,400.7,538,2.14,23,424.0,78.81
BEL, 05-Aug-2026,392.25,392.7,385.2,390.0,391.5,13854251,53750.18,189801,9117310.0,65.81
BELLACASA, 05-Aug-2026,249.97,250.0,239.01,239.75,246.38,10771,26.1,366,9034.0,83.87
BELRISE, 05-Aug-2026,240.99,245.0,240.46,241.49,240.34,2869051,6958.94,31907,1415125.0,49.32
BEML, 05-Aug-2026,1700.2,1718.6,1668.1,1671.6,1690.6,192729,3244.86,20848,108271.0,56.18
BENGALASM, 05-Aug-2026,6311.0,6400.0,6206.0,6296.5,6256.0,1142,71.79,1031,147.0,12.87
BEPL, 05-Aug-2026,123.67,124.9,120.55,121.49,122.94,1535248,1880.81,11586,538399.0,35.07
BERGEPAINT, 05-Aug-2026,534.0,555.0,525.1,545.2,533.8,1408654,7654.58,49700,364881.0,25.9
BESTAGRO, 05-Aug-2026,22.66,22.66,20.4,20.97,22.66,9719799,2054.4,17333,2861448.0,29.44
BETA, 05-Aug-2026,2365.0,2384.5,2331.7,2366.9,2365.0,12468,294.08,2573,6109.0,49.0
BEWLTD, 05-Aug-2026,57.2,57.9,56.1,56.65,57.15,14000,8.01,13,13000.0,92.86
BFINVEST, 05-Aug-2026,482.95,486.35,473.05,477.4,480.55,22819,109.18,1634,10892.0,47.73
BFSI, 05-Aug-2026,27.96,27.99,27.75,27.82,27.8,97737,27.23,658,66006.0,67.53
BFUTILITIE, 05-Aug-2026,571.0,575.5,556.0,560.8,568.5,37432,211.53,1572,20737.0,55.4
BHADORA, 05-Aug-2026,87.0,87.95,86.15,86.15,86.1,12000,10.44,9,10800.0,90.0
BHAGCHEM, 05-Aug-2026,286.25,290.4,281.0,282.15,286.1,74038,210.81,2284,37880.0,51.16
BHARATCOAL, 05-Aug-2026,34.5,34.64,34.31,34.42,34.2,2900512,998.95,8892,1504163.0,51.86
BHARATFORG, 05-Aug-2026,2197.7,2229.8,2184.0,2197.1,2195.0,743973,16449.06,31178,359095.0,48.27
BHARATRAS, 05-Aug-2026,1347.9,1404.3,1345.8,1385.3,1345.4,27856,385.8,2797,16480.0,59.16
BHARATSE, 05-Aug-2026,232.0,232.96,225.0,226.14,231.87,267058,607.36,6019,114783.0,42.98
BHARATWIRE, 05-Aug-2026,201.25,208.58,201.25,203.84,200.4,287325,590.17,5506,96422.0,33.56
BHARTIARTL, 05-Aug-2026,2020.0,2031.0,1951.8,1978.0,1970.1,14286999,282084.08,198318,8668563.0,60.67
BHARTIHEXA, 05-Aug-2026,1642.0,1642.0,1539.5,1552.7,1616.8,500159,7820.25,39224,245656.0,49.12
BHEL, 05-Aug-2026,411.95,414.8,407.0,412.4,411.95,5588130,22965.68,66169,2713597.0,48.56
BI, 05-Aug-2026,59.37,62.6,59.37,61.32,60.53,5681,3.5,105,4164.0,73.3
BIGBLOC, 05-Aug-2026,47.8,48.45,46.5,47.96,46.48,68002,32.34,806,48266.0,70.98
BIKAJI, 05-Aug-2026,650.0,660.45,647.9,650.3,647.9,147905,967.8,8185,69316.0,46.87
BIKEWO, 05-Aug-2026,71.0,71.25,71.0,71.25,67.9,52000,37.04,26,52000.0,100.0
BIL, 05-Aug-2026,813.8,833.0,800.0,808.15,801.75,4761,38.47,406,3415.0,71.73
BIMETAL, 05-Aug-2026,648.95,651.85,630.0,647.05,645.75,218,1.4,34,169.0,77.52
BIOCON, 05-Aug-2026,426.0,428.65,422.3,425.2,422.0,3296172,14004.1,31972,1789073.0,54.28
BIOFILCHEM, 05-Aug-2026,33.9,33.9,33.2,33.24,32.9,6382,2.13,67,6157.0,96.47
BIOPOL, 05-Aug-2026,97.0,105.0,97.0,103.6,96.9,134400,138.29,94,70800.0,52.68
BIRET, 05-Aug-2026,342.49,344.43,341.0,343.5,342.49,564013,1928.87,6028,528231.0,93.66
BIRLACORPN, 05-Aug-2026,902.45,914.6,900.95,903.0,902.3,38991,353.47,3882,20892.0,53.58
BIRLAMONEY, 05-Aug-2026,134.98,135.58,132.73,133.37,133.74,23399,31.41,647,13189.0,56.37
BIRLANU, 05-Aug-2026,1351.9,1422.0,1348.0,1396.6,1355.3,28503,398.26,2454,15594.0,54.71
BIRLAPREC, 05-Aug-2026,34.93,35.8,34.29,34.58,34.48,19952,6.96,140,16116.0,80.77
BLACKBUCK, 05-Aug-2026,546.0,558.3,546.0,556.2,546.5,294017,1627.91,10582,176211.0,59.93
BLAL, 05-Aug-2026,172.0,174.58,172.0,172.63,173.61,10700,18.56,266,7852.0,73.38
BLBLIMITED, 05-Aug-2026,15.6,15.95,15.5,15.67,15.5,22361,3.51,94,18797.0,84.06
BLIL, 05-Aug-2026,70.98,71.2,70.43,70.95,70.76,29627,20.96,538,20756.0,70.06
BLKASHYAP, 05-Aug-2026,54.75,54.8,52.9,53.55,54.45,259619,139.93,1781,170801.0,65.79
BLS, 05-Aug-2026,249.0,260.99,249.0,255.63,247.95,3366997,8654.99,42823,1094339.0,32.5
BLSE, 05-Aug-2026,303.8,320.0,303.75,319.15,301.45,1130577,3561.08,17534,551808.0,48.81
BLUEDART, 05-Aug-2026,5366.5,5400.0,5210.0,5293.5,5364.5,32935,1749.39,6828,11022.0,33.47
BLUEJET, 05-Aug-2026,585.0,598.05,570.25,591.2,582.05,1550452,9015.81,37357,741233.0,47.81
BLUEPEBBLE, 05-Aug-2026,68.0,72.0,68.0,68.0,68.0,6000,4.18,11,5200.0,86.67
BLUESTARCO, 05-Aug-2026,1688.1,1719.9,1640.0,1665.0,1685.0,379954,6374.96,25827,132290.0,34.82
BLUESTONE, 05-Aug-2026,862.0,894.4,834.9,856.0,848.75,16167901,141448.86,287898,1638608.0,10.13
BLUEWATER, 05-Aug-2026,398.4,415.0,397.1,415.0,418.0,18000,72.14,18,15000.0,83.33
BLUSPRING, 05-Aug-2026,112.68,118.44,111.69,116.24,111.48,246886,283.95,2753,138887.0,56.26
BMLL, 05-Aug-2026,154.1,156.5,150.0,151.15,155.95,103000,158.85,20,94000.0,91.26
BMWVENTLTD, 05-Aug-2026,57.35,63.63,56.85,59.97,57.16,132602,78.31,1120,104734.0,78.98
BNKETFAXIS, 05-Aug-2026,596.42,610.0,592.62,598.01,594.79,523,3.12,47,295.0,56.41
BOHRAIND, 05-Aug-2026,14.15,15.54,14.15,15.25,14.81,1038,0.16,24,511.0,49.23
BOMDYEING, 05-Aug-2026,122.2,123.44,119.03,120.04,121.96,521387,629.76,5856,251432.0,48.22
BONLON, 05-Aug-2026,41.86,43.0,41.02,42.81,41.86,9869,4.18,101,6619.0,67.07
BORANA, 05-Aug-2026,324.55,341.7,318.05,329.5,319.0,84404,278.57,2198,46178.0,54.71
BOROLTD, 05-Aug-2026,239.88,244.78,239.88,243.22,239.87,68143,165.32,2020,39145.0,57.45
BORORENEW, 05-Aug-2026,565.9,569.0,557.0,559.45,559.05,295800,1666.76,10059,115881.0,39.18
BOROSCI, 05-Aug-2026,146.01,147.29,139.8,140.74,145.75,141577,202.14,2388,85150.0,60.14
BOSCH-HCIL, 05-Aug-2026,1449.5,1543.0,1439.4,1523.8,1439.4,159511,2379.79,7969,109534.0,68.67
BOSCHLTD, 05-Aug-2026,41405.0,43650.0,41310.0,42920.0,41200.0,116771,50220.78,36926,27407.0,23.47
BOSS, 05-Aug-2026,41.85,41.85,41.6,41.75,39.9,6000,2.51,3,4000.0,66.67
BPCL, 05-Aug-2026,327.5,328.15,324.45,326.25,324.0,2974415,9705.84,34513,1447192.0,48.65
BPL, 05-Aug-2026,54.02,54.07,52.81,53.43,53.42,21957,11.76,714,12007.0,54.68
BRACEPORT, 05-Aug-2026,75.0,75.0,75.0,75.0,73.0,1600,1.2,1,1600.0,100.0
BRANDMAN, 05-Aug-2026,168.0,170.0,160.25,169.0,166.5,18400,30.43,22,13600.0,73.91
BRIGADE, 05-Aug-2026,583.1,588.45,567.6,570.3,580.2,167388,964.73,14104,74819.0,44.7
BRIGHOTEL, 05-Aug-2026,62.36,62.9,61.0,61.34,61.8,135426,83.52,2763,75625.0,55.84
BRITANNIA, 05-Aug-2026,5461.0,5488.0,5406.0,5440.0,5478.0,409191,22317.11,32185,266969.0,65.24
BRNL, 05-Aug-2026,18.72,18.72,17.3,17.49,17.45,49718,8.84,247,20211.0,40.65
BSE, 05-Aug-2026,3664.1,3664.1,3490.0,3534.6,3618.0,6880162,243819.78,285910,2728635.0,39.66
BSE500IETF, 05-Aug-2026,39.9,40.2,39.9,39.96,39.9,80433,32.24,662,57985.0,72.09
BSL, 05-Aug-2026,126.75,128.0,125.4,126.26,124.87,3548,4.49,72,1444.0,40.7
BSLGOLDETF, 05-Aug-2026,126.14,127.17,125.75,126.96,124.71,203813,257.97,1785,123353.0,60.52
BSLNIFTY, 05-Aug-2026,28.76,28.99,28.6,28.8,28.74,608702,175.42,4163,392192.0,64.43
BSLSENETFG, 05-Aug-2026,78.22,79.9,78.22,79.26,79.02,2953,2.34,96,2595.0,87.88
BSOFT, 05-Aug-2026,325.0,329.8,322.0,323.65,323.2,1276492,4151.77,24682,623418.0,48.84
BTML, 05-Aug-2026,6.69,6.88,6.5,6.61,6.69,119157,7.91,380,87361.0,73.32
BUILDPRO, 05-Aug-2026,1337.8,1365.1,1295.0,1347.8,1337.8,190155,2532.36,13526,90940.0,47.82
BULKCORP, 05-Aug-2026,60.9,62.05,60.9,61.7,59.1,4800,2.96,4,4800.0,100.0
BUTTERFLY, 05-Aug-2026,664.45,670.45,658.1,667.6,664.45,41299,274.47,2647,16799.0,40.68
BVCL, 05-Aug-2026,42.5,43.0,41.52,41.84,41.7,18623,7.84,149,11334.0,60.86
C2C, 05-Aug-2026,266.85,271.6,263.0,265.3,262.05,94500,252.28,435,60300.0,63.81
CADSYS, 05-Aug-2026,56.0,56.0,53.45,53.45,56.25,3000,1.62,3,3000.0,100.0
CAMLINFINE, 05-Aug-2026,130.59,131.9,128.0,129.42,130.23,382849,498.26,5318,175393.0,45.81
CAMPUS, 05-Aug-2026,224.39,227.92,222.8,226.54,223.77,674218,1517.09,13021,290893.0,43.15
CAMS, 05-Aug-2026,807.8,821.9,807.4,811.85,809.4,1396845,11382.51,39791,619698.0,44.36
CANARYS, 05-Aug-2026,23.6,25.05,23.35,23.5,23.6,384000,92.97,82,192000.0,50.0
CANBK, 05-Aug-2026,129.0,130.1,128.11,128.91,128.0,19170625,24744.84,78046,9205586.0,48.02
CANFINHOME, 05-Aug-2026,816.0,820.65,803.3,811.5,809.8,302767,2459.72,13607,211213.0,69.76
CANHLIFE, 05-Aug-2026,149.11,150.94,147.61,149.93,148.66,529217,789.78,7769,302241.0,57.11
CANTABIL, 05-Aug-2026,249.3,253.5,241.2,245.81,247.86,557596,1389.15,5556,113992.0,20.44
CAPACITE, 05-Aug-2026,215.0,224.99,215.0,221.83,213.52,1297146,2869.68,17196,653903.0,50.41
CAPILLARY, 05-Aug-2026,540.0,597.4,537.0,576.35,534.95,7845843,45197.22,162236,903470.0,11.52
CAPINVIT, 05-Aug-2026,75.4,76.55,74.26,75.39,75.25,263877,198.78,2396,197538.0,74.86
CAPITALSFB, 05-Aug-2026,295.4,298.7,292.0,296.35,295.3,39211,115.59,1226,27076.0,69.05
CAPLIPOINT, 05-Aug-2026,2570.0,2579.0,2532.1,2541.8,2571.9,43064,1100.68,10174,23937.0,55.58
CAPTRUST, 05-Aug-2026,20.9,21.02,19.02,19.03,20.02,361181,73.03,1063,221502.0,61.33
CARBORUNIV, 05-Aug-2026,1084.5,1092.0,1066.8,1081.7,1078.5,83038,897.07,11173,44286.0,53.33
CARERATING, 05-Aug-2026,1749.9,1777.0,1738.7,1749.1,1729.4,47570,836.46,6640,24720.0,51.97
CARRARO, 05-Aug-2026,540.0,545.5,531.25,535.95,540.4,159973,864.99,7478,112587.0,70.38
CARTRADE, 05-Aug-2026,2805.4,2868.0,2788.0,2842.2,2805.4,358592,10172.82,29325,133357.0,37.19
CARYSIL, 05-Aug-2026,1171.1,1207.6,1169.5,1191.1,1178.2,49444,587.33,4277,26717.0,54.03
CASHIETF, 05-Aug-2026,1073.89,1073.91,1073.89,1073.9,1073.76,261196,2804.97,152,185854.0,71.15
CASTROLIND, 05-Aug-2026,190.89,194.98,190.0,191.54,187.06,14623756,28187.05,101140,5620869.0,38.44
CCAVENUE, 05-Aug-2026,17.1,17.57,17.1,17.26,16.96,17719837,3078.74,15313,7845448.0,44.27
CCCL, 05-Aug-2026,15.51,15.99,15.51,15.69,15.68,154296,24.23,636,96836.0,62.76
CCHHL, 05-Aug-2026,12.82,13.21,12.61,12.93,12.82,8618,1.11,87,7676.0,89.07
CCL, 05-Aug-2026,1133.1,1151.8,1119.5,1138.9,1122.0,200405,2276.08,24870,98256.0,49.03
CDSL, 05-Aug-2026,1350.0,1352.0,1323.1,1326.5,1340.0,1063938,14202.56,32013,430214.0,40.44
CEATLTD, 05-Aug-2026,3637.1,3790.0,3622.6,3703.5,3611.2,274871,10226.65,30310,100027.0,36.39
CEDAAR, 05-Aug-2026,16.35,16.85,16.3,16.85,16.35,3000,0.5,3,3000.0,100.0
CEIGALL, 05-Aug-2026,340.4,344.0,337.2,341.7,339.85,98477,335.79,3871,55489.0,56.35
CEINSYS, 05-Aug-2026,878.0,885.95,849.0,858.05,861.65,60920,528.33,4696,22041.0,36.18
CELEBRITY, 05-Aug-2026,7.38,7.38,7.12,7.23,7.17,15254,1.1,67,13597.0,89.14
CELLECOR, 05-Aug-2026,32.3,32.9,31.6,31.8,32.05,78000,25.06,25,69000.0,88.46
CELLO, 05-Aug-2026,352.05,408.8,351.35,398.95,344.85,33275833,129872.56,334321,2694765.0,8.1
CELLPOINT, 05-Aug-2026,18.75,18.8,18.0,18.0,18.8,4800,0.89,3,3600.0,75.0
CEMNTGROWW, 05-Aug-2026,15.68,15.84,15.44,15.61,15.5,134268,20.97,399,109840.0,81.81
CEMPRO, 05-Aug-2026,1315.0,1338.0,1285.3,1298.2,1329.8,308475,4045.65,17166,160818.0,52.13
CENTENKA, 05-Aug-2026,624.0,629.05,609.9,612.95,620.5,60487,373.93,3426,38276.0,63.28
CENTEXT, 05-Aug-2026,23.61,23.61,21.8,23.12,23.67,1709867,393.6,4605,981895.0,57.43
CENTRALBK, 05-Aug-2026,31.4,31.73,31.25,31.29,31.23,5101445,1603.45,12861,2392810.0,46.9
CENTRUM, 05-Aug-2026,23.93,24.28,23.7,24.07,23.6,246561,59.04,596,181251.0,73.51
CENTUM, 05-Aug-2026,3698.7,3843.9,3672.6,3789.5,3698.6,41727,1583.26,9023,20328.0,48.72
CENTURYPLY, 05-Aug-2026,773.65,774.7,756.2,768.6,769.5,79549,608.67,10476,39717.0,49.93
CERA, 05-Aug-2026,6370.0,6371.0,6270.0,6294.5,6301.0,3037,191.45,983,1470.0,48.4
CESC, 05-Aug-2026,165.5,166.45,163.05,163.52,164.76,622390,1021.29,15355,370024.0,59.45
CEWATER, 05-Aug-2026,281.0,285.0,276.0,278.1,279.6,47582,133.32,2460,23809.0,50.04
CGCL, 05-Aug-2026,230.6,240.0,229.83,238.3,228.68,4266130,10049.15,33923,1504685.0,35.27
CGPOWER, 05-Aug-2026,888.0,891.95,877.9,889.5,880.05,2386264,21075.51,40258,995400.0,41.71
CGRAPHICS, 05-Aug-2026,146.9,146.9,144.05,145.0,145.0,16000,23.19,19,12800.0,80.0
CHALET, 05-Aug-2026,828.15,844.55,820.1,839.65,825.65,143694,1198.09,11608,91175.0,63.45
CHAMBLFERT, 05-Aug-2026,457.0,466.0,454.0,458.65,454.6,799698,3681.56,15628,333634.0,41.72
CHAMUNDA, 05-Aug-2026,42.8,43.0,42.8,43.0,43.4,6000,2.57,2,6000.0,100.0
CHANDAN, 05-Aug-2026,252.0,256.5,248.0,248.25,255.45,11200,28.11,14,8000.0,71.43
CHAVDA, 05-Aug-2026,130.05,138.0,130.0,134.3,129.15,103000,138.17,90,76000.0,73.79
CHEMICAL, 05-Aug-2026,30.61,30.99,30.01,30.36,30.53,443247,135.41,1143,281890.0,63.6
CHEMPLASTS, 05-Aug-2026,195.99,203.0,194.0,195.26,194.41,457754,908.94,7041,207921.0,45.42
CHENNPETRO, 05-Aug-2026,1346.8,1351.0,1295.0,1303.9,1325.7,1819630,23923.67,49091,842670.0,46.31
CHEVIOT, 05-Aug-2026,1100.0,1280.0,1100.0,1221.6,1130.6,104641,1284.49,6844,16440.0,15.71
CHOICEGOLD, 05-Aug-2026,140.62,143.82,140.16,143.11,140.62,5266,7.5,132,3591.0,68.19
CHOICEIN, 05-Aug-2026,825.95,833.95,822.0,824.35,824.8,460451,3810.0,9450,117722.0,25.57
CHOLAFIN, 05-Aug-2026,1888.0,1906.8,1867.0,1880.0,1875.0,880996,16577.56,45361,497842.0,56.51
CHOLAHLDNG, 05-Aug-2026,1565.0,1609.9,1551.7,1603.7,1545.9,197308,3121.78,21706,122946.0,62.31
CIEINDIA, 05-Aug-2026,415.0,420.45,411.0,415.05,410.6,413280,1717.38,11189,308140.0,74.56
CIFL, 05-Aug-2026,20.79,21.63,20.79,21.23,21.13,128230,27.32,664,101902.0,79.47
CINELINE, 05-Aug-2026,89.51,91.9,87.92,90.7,89.51,32156,28.93,616,20539.0,63.87
CINEVISTA, 05-Aug-2026,15.25,15.25,14.3,14.9,14.87,10599,1.57,90,6121.0,57.75
CIPLA, 05-Aug-2026,1460.0,1463.0,1443.5,1458.8,1460.0,973585,14160.61,49276,579400.0,59.51
CITIUSINVT, 05-Aug-2026,108.21,110.0,108.21,109.87,108.94,187697,205.29,1672,176545.0,94.06
CKKRETAIL, 05-Aug-2026,145.2,145.2,145.2,145.2,145.0,800,1.16,1,800.0,100.0
CLASSICEIL, 05-Aug-2026,60.0,60.0,59.9,59.9,58.25,4800,2.88,3,4800.0,100.0
CLAYCRAFT, 05-Aug-2026,181.0,185.3,179.05,180.7,180.4,50400,91.88,73,39600.0,78.57
CLEAN, 05-Aug-2026,777.5,778.7,746.55,768.95,774.55,678794,5171.83,61914,302739.0,44.6
CLEANMAX, 05-Aug-2026,1338.8,1402.3,1323.0,1380.8,1326.7,350317,4811.46,25799,133737.0,38.18
CLSEL, 05-Aug-2026,291.9,299.1,291.85,294.2,290.15,139006,410.77,3121,70216.0,50.51
CLSL, 05-Aug-2026,67.0,69.9,67.0,68.0,66.0,42000,28.66,21,42000.0,100.0
CMLL, 05-Aug-2026,568.15,568.35,547.25,559.95,565.9,973121,5429.77,18144,257411.0,26.45
CMNL, 05-Aug-2026,100.0,100.0,96.05,97.2,97.5,9000,8.77,12,6750.0,75.0
CMPDI, 05-Aug-2026,249.3,250.1,242.7,243.42,247.05,660178,1619.35,11567,332180.0,50.32
CMRGREEN, 05-Aug-2026,231.9,232.07,225.1,226.88,228.59,468277,1070.89,8461,210688.0,44.99
CMRSL, 05-Aug-2026,62.0,62.85,61.5,62.85,62.85,4000,2.47,4,3200.0,80.0
CMSINFO, 05-Aug-2026,280.0,280.15,272.0,273.9,279.4,404479,1116.79,11194,271081.0,67.02
CNL, 05-Aug-2026,1064.0,1145.0,1050.7,1131.65,1055.8,287758,3162.59,20014,105914.0,36.81
COALINDIA, 05-Aug-2026,417.6,417.6,411.7,415.5,417.6,5429514,22426.0,131842,3508148.0,64.61
COASTCORP, 05-Aug-2026,49.3,49.3,46.89,47.57,48.53,142015,67.85,1356,105957.0,74.61
COCHINSHIP, 05-Aug-2026,1436.1,1451.8,1415.6,1425.0,1430.0,476060,6795.98,19353,195523.0,41.07
COCKERILL, 05-Aug-2026,9044.0,9044.0,8870.5,8897.0,8989.0,2413,215.68,751,1145.0,47.45
COFORGE, 05-Aug-2026,1745.1,1788.0,1745.1,1777.0,1749.9,2308375,40842.29,68805,1201374.0,52.04
COHANCE, 05-Aug-2026,427.4,431.9,422.5,429.45,424.9,365514,1567.35,13358,194894.0,53.32
COLPAL, 05-Aug-2026,2026.9,2040.0,2016.6,2040.0,2010.0,237174,4808.1,24810,126010.0,53.13
COMFINTE, 05-Aug-2026,6.4,6.6,6.25,6.27,6.4,147153,9.31,430,102489.0,69.65
COMMITTED, 05-Aug-2026,338.55,350.0,338.55,350.0,340.0,204800,716.48,42,204800.0,100.0
COMMOIETF, 05-Aug-2026,101.52,101.98,101.1,101.72,101.02,81907,83.13,1047,45152.0,55.13
COMPUSOFT, 05-Aug-2026,13.25,13.5,13.0,13.14,13.2,36290,4.75,148,32633.0,89.92
COMSYN, 05-Aug-2026,211.05,212.66,209.0,209.72,211.05,560257,1176.57,3508,301878.0,53.88
CONCOR, 05-Aug-2026,519.95,528.6,516.35,516.35,515.0,1688051,8786.84,58889,804029.0,47.63
CONCORDBIO, 05-Aug-2026,1439.0,1439.0,1373.0,1385.0,1420.0,99717,1396.71,10988,50997.0,51.14
CONFIPET, 05-Aug-2026,83.3,84.66,81.0,81.8,82.08,1874656,1551.87,10655,867532.0,46.28
CONNPLEX, 05-Aug-2026,202.5,205.0,202.0,202.0,201.0,7200,14.63,8,4800.0,66.67
CONS, 05-Aug-2026,12.6,12.6,12.32,12.51,12.53,41046,5.16,139,32782.0,79.87
CONSUMAXIS, 05-Aug-2026,125.83,126.34,125.11,125.74,125.21,618,0.78,32,431.0,69.74
CONSUMBEES, 05-Aug-2026,133.57,136.56,133.57,135.86,133.57,189644,257.9,1040,139242.0,73.42
CONSUMER, 05-Aug-2026,12.21,12.32,12.21,12.24,12.16,158858,19.5,289,107044.0,67.38
CONSUMIETF, 05-Aug-2026,126.64,126.94,124.55,126.17,125.23,21425,27.09,215,18114.0,84.55
CONTROLPR, 05-Aug-2026,575.0,577.9,570.0,571.0,575.05,13356,76.51,2982,8625.0,64.58
COOLCAPS, 05-Aug-2026,21.6,22.0,21.3,21.75,22.15,25000,5.4,16,25000.0,100.0
CORALFINAC, 05-Aug-2026,32.83,35.0,32.83,33.46,32.66,170842,57.67,926,93786.0,54.9
CORDELIA, 05-Aug-2026,825.9,837.0,816.55,831.05,819.65,130316,1080.41,5878,51450.0,39.48
COROMANDEL, 05-Aug-2026,2129.4,2129.4,2048.2,2086.4,2115.5,81339,1706.32,15759,37892.0,46.59
CORONA, 05-Aug-2026,2170.0,2180.9,2089.0,2096.7,2159.7,50961,1075.99,7857,22244.0,43.65
COSMOFIRST, 05-Aug-2026,930.0,943.0,911.0,915.8,922.35,76965,715.44,4970,43384.0,56.37
COUNCODOS, 05-Aug-2026,5.9,6.08,5.8,5.93,6.02,51983,3.08,234,31845.0,61.26
CPEDU, 05-Aug-2026,218.99,219.0,207.0,211.62,210.11,28581,60.63,830,17980.0,62.91
CPL, 05-Aug-2026,71.21,73.1,71.21,72.88,71.76,89476,64.69,821,30384.0,33.96
CPPLUS, 05-Aug-2026,3539.8,3579.0,3525.0,3554.7,3499.2,124541,4420.1,14420,74449.0,59.78
CPS, 05-Aug-2026,1090.0,1090.0,1090.0,1090.0,1051.35,150,1.64,1,150.0,100.0
CPSEETF, 05-Aug-2026,95.99,95.99,94.2,94.74,94.62,677252,640.93,9458,399723.0,59.02
CRAFTSMAN, 05-Aug-2026,10300.0,10448.5,10260.5,10408.5,10175.0,31714,3293.83,7738,14761.0,46.54
CRAMC, 05-Aug-2026,266.6,269.0,263.6,265.3,266.6,256612,682.04,9668,116079.0,45.24
CRAYONS, 05-Aug-2026,29.1,29.1,27.0,27.0,27.8,11000,3.01,3,11000.0,100.0
CREATIVEYE, 05-Aug-2026,6.27,6.34,6.01,6.14,6.27,6216,0.38,69,4466.0,71.85
CREDITACC, 05-Aug-2026,1575.0,1575.0,1507.5,1527.6,1557.6,381615,5845.42,27656,198954.0,52.13
CREST, 05-Aug-2026,388.75,388.75,377.5,380.8,386.25,858,3.28,112,304.0,35.43
CRISIL, 05-Aug-2026,4356.3,4500.0,4325.1,4475.6,4357.2,85535,3779.42,15132,50395.0,58.92
CRIZAC, 05-Aug-2026,192.05,192.79,181.71,183.21,191.74,628981,1169.71,12680,353407.0,56.19
CROMPTON, 05-Aug-2026,264.45,270.2,264.45,266.1,263.1,1531707,4103.28,18435,746830.0,48.76
CROWN, 05-Aug-2026,115.7,115.7,112.0,115.42,114.7,9282,10.61,167,7255.0,78.16
CSBBANK, 05-Aug-2026,333.0,333.0,325.0,326.55,329.9,222007,729.41,6349,129796.0,58.46
CSLFINANCE, 05-Aug-2026,219.69,220.7,217.08,217.99,216.4,8182,17.89,196,5894.0,72.04
CSM, 05-Aug-2026,101.99,102.0,100.09,100.94,100.38,134754,136.01,1852,95367.0,70.77
CSSL, 05-Aug-2026,98.0,106.0,96.0,104.0,98.65,58000,60.1,55,46000.0,79.31
CTE, 05-Aug-2026,38.25,40.98,37.83,37.93,39.82,32231,12.55,297,26184.0,81.24
CUB, 05-Aug-2026,201.49,205.68,201.49,204.56,201.47,3142532,6386.88,46537,1776109.0,56.52
CUBEINVIT, 05-Aug-2026,157.82,158.0,157.02,157.81,157.82,374158,589.13,14745,295266.0,78.91
CUBEXTUB, 05-Aug-2026,79.87,79.9,77.0,78.12,78.53,44846,35.11,616,29206.0,65.13
CUDML, 05-Aug-2026,137.0,137.0,137.0,137.0,137.55,1000,1.37,1,1000.0,100.0
CUMMINSIND, 05-Aug-2026,5568.5,5593.5,5345.0,5440.0,5550.0,594556,32401.06,66603,246678.0,41.49
CUPID, 05-Aug-2026,240.0,254.0,240.0,252.11,237.99,48743248,121027.11,202825,13934596.0,28.59
CURAA, 05-Aug-2026,77.7,77.7,71.99,72.0,77.7,484,0.36,31,351.0,72.52
CURRENT, 05-Aug-2026,102.45,102.45,102.45,102.45,101.45,1600,1.64,1,1600.0,100.0
CYIENT, 05-Aug-2026,875.0,875.0,862.8,864.55,867.6,169072,1467.58,13853,99218.0,58.68
CYIENTDLM, 05-Aug-2026,668.55,687.9,660.05,664.85,667.5,333710,2239.76,16724,138788.0,41.59
DABUR, 05-Aug-2026,412.0,414.05,406.9,414.0,409.65,3045910,12522.92,37720,1601053.0,52.56
DALBHARAT, 05-Aug-2026,1839.0,1850.0,1811.4,1838.1,1827.0,97491,1791.22,6664,44705.0,45.86
DALMIASUG, 05-Aug-2026,419.0,419.0,390.0,393.3,412.75,622975,2505.07,12987,151059.0,24.25
DAMCAPITAL, 05-Aug-2026,155.7,155.7,152.8,153.41,153.14,156512,240.75,2958,84265.0,53.84
DANGEE, 05-Aug-2026,3.09,3.1,2.97,2.99,3.02,58491,1.77,102,22832.0,39.04
DANISH, 05-Aug-2026,807.5,834.0,807.05,826.75,810.55,14850,122.32,77,11400.0,76.77
DATAMATICS, 05-Aug-2026,849.9,887.55,845.0,877.15,840.35,295610,2575.71,11461,118116.0,39.96
DATAPATTNS, 05-Aug-2026,4560.0,4560.0,4420.0,4446.6,4554.7,520422,23302.35,37893,151937.0,29.19
DAVANGERE, 05-Aug-2026,3.1,3.14,3.08,3.12,3.08,2882949,89.6,1684,1945154.0,67.47
DBCORP, 05-Aug-2026,209.5,212.7,207.85,210.19,210.18,164383,347.47,3545,108509.0,66.01
DBL, 05-Aug-2026,470.0,474.7,456.4,458.45,467.25,355302,1645.05,12204,154975.0,43.62
DBOL, 05-Aug-2026,111.8,114.87,110.11,112.27,108.15,216302,243.07,2407,126431.0,58.45
DCAL, 05-Aug-2026,187.7,200.0,187.7,195.43,188.24,506628,986.99,8572,267408.0,52.78
DCBBANK, 05-Aug-2026,191.5,193.96,188.2,189.12,191.8,857059,1635.35,10600,406987.0,47.49
DCG, 05-Aug-2026,55.6,56.0,55.0,55.9,53.5,20400,11.37,17,19200.0,94.12
DCI, 05-Aug-2026,341.0,367.0,341.0,350.2,340.35,111759,396.09,3818,46240.0,41.37
DCMFINSERV, 05-Aug-2026,5.78,5.78,5.27,5.36,5.26,16458,0.91,74,6468.0,39.3
DCMSHRIRAM, 05-Aug-2026,1045.0,1045.0,1006.5,1010.0,1026.7,77560,790.86,6790,35945.0,46.34
DCMSRIND, 05-Aug-2026,44.6,44.7,43.2,43.7,44.15,178387,78.45,1846,102413.0,57.41
DCW, 05-Aug-2026,46.98,47.15,46.32,46.56,46.69,485324,226.62,2317,212237.0,43.73
DCXINDIA, 05-Aug-2026,180.99,183.25,179.11,180.17,180.06,238565,431.35,4231,120318.0,50.43
DDEVPLSTIK, 05-Aug-2026,283.1,290.0,283.1,288.4,283.9,101386,290.6,2477,57268.0,56.49
DECCANCE, 05-Aug-2026,577.35,582.55,568.6,571.2,583.35,27405,157.36,746,22027.0,80.38
DECNGOLD, 05-Aug-2026,201.99,202.7,196.5,199.03,199.45,758306,1514.74,7762,365706.0,48.23
DEEPAKFERT, 05-Aug-2026,1608.5,1638.6,1585.0,1594.4,1599.1,359591,5776.66,17122,121083.0,33.67
DEEPAKNTR, 05-Aug-2026,1845.0,1851.0,1712.2,1736.7,1717.7,3771929,66901.21,168197,1158896.0,30.72
DEEPINDS, 05-Aug-2026,653.35,654.1,639.0,643.6,654.0,538428,3471.87,15198,225052.0,41.8
DEFENCE, 05-Aug-2026,80.24,80.79,78.78,78.99,79.21,164705,130.22,601,150297.0,91.25
DELAPLEX, 05-Aug-2026,94.0,95.0,88.0,88.5,95.5,31200,28.02,45,28200.0,90.38
DELHIVERY, 05-Aug-2026,475.15,476.75,466.85,470.25,482.0,2880682,13556.28,35595,1396887.0,48.49
DELTACORP, 05-Aug-2026,64.39,64.54,63.39,63.52,63.75,453914,289.8,2998,210539.0,46.38
DELTAMAGNT, 05-Aug-2026,59.49,59.49,56.77,57.15,57.5,3576,2.08,65,2219.0,62.05
DELTIC, 05-Aug-2026,35.2,36.0,34.05,35.15,35.2,33000,11.57,21,24000.0,72.73
DEN, 05-Aug-2026,27.49,27.74,27.3,27.44,27.42,208004,57.17,977,117730.0,56.6
DENEERS, 05-Aug-2026,181.0,186.85,174.0,176.35,182.0,30000,53.38,49,15600.0,52.0
DENORA, 05-Aug-2026,887.7,897.95,880.05,885.25,880.05,2359,21.0,221,1947.0,82.53
DENTA, 05-Aug-2026,362.85,366.85,344.8,350.45,364.25,321630,1136.86,9727,150482.0,46.79
DENTALKART, 05-Aug-2026,380.0,390.0,379.45,388.0,380.0,5250,20.13,19,4500.0,85.71
DEVIT, 05-Aug-2026,27.15,27.99,27.0,27.13,27.47,21414,5.84,295,15179.0,70.88
DEVX, 05-Aug-2026,33.99,34.2,33.8,33.94,33.95,58039,19.77,998,55322.0,95.32
DEVYANI, 05-Aug-2026,119.75,126.0,119.11,125.09,119.75,9729426,12035.52,57078,4758028.0,48.9
DGCONTENT, 05-Aug-2026,23.24,26.1,23.24,26.01,23.88,148652,38.27,279,137327.0,92.38
DHAMPURSUG, 05-Aug-2026,151.5,154.43,147.76,149.3,151.38,326829,491.8,5889,121251.0,37.1
DHANBANK, 05-Aug-2026,32.5,32.99,32.26,32.7,32.15,670942,218.43,1753,408408.0,60.87
DHANLAXMI, 05-Aug-2026,26.05,26.05,26.05,26.05,26.0,2000,0.52,1,2000.0,100.0
DHANUKA, 05-Aug-2026,1019.0,1019.0,1001.4,1005.5,1008.1,20380,205.05,1789,11937.0,58.57
DHARARAIL, 05-Aug-2026,137.0,143.0,137.0,143.0,137.0,11000,15.49,10,10000.0,90.91
DHARIWAL, 05-Aug-2026,20.15,20.15,20.15,20.15,22.35,108000,21.76,30,108000.0,100.0
DHARMAJ, 05-Aug-2026,267.4,274.2,267.4,270.25,267.85,17547,47.62,1038,12476.0,71.1
DHTL, 05-Aug-2026,32.25,32.25,32.25,32.25,33.9,1600,0.52,2,1600.0,100.0
DHUNINV, 05-Aug-2026,884.95,907.7,865.0,890.25,884.95,785,7.01,90,497.0,63.31
DIAMINESQ, 05-Aug-2026,240.0,287.6,239.0,262.79,239.82,237401,644.09,6527,52464.0,22.1
DIAMONDYD, 05-Aug-2026,1177.0,1192.8,1151.6,1174.2,1171.5,270599,3166.59,2691,260589.0,96.3
DICIND, 05-Aug-2026,503.15,514.95,503.15,514.95,513.35,231,1.18,10,227.0,98.27
DIFFNKG, 05-Aug-2026,430.9,430.95,420.9,424.2,423.7,81924,348.47,2369,45636.0,55.71
DIGIDRIVE, 05-Aug-2026,17.71,18.5,17.71,17.84,18.1,57574,10.51,181,48317.0,83.92
DIGIKORE, 05-Aug-2026,40.6,44.7,40.15,41.8,41.95,46400,19.33,81,29200.0,62.93
DIGITIDE, 05-Aug-2026,105.4,105.4,97.28,99.16,98.48,395260,398.78,3770,88321.0,22.35
DIGJAMLMTD, 05-Aug-2026,48.0,49.8,47.6,48.65,48.9,4495,2.17,57,3702.0,82.36
DIRL, 05-Aug-2026,10.85,10.85,10.85,10.85,11.35,6000,0.65,1,6000.0,100.0
DISAQ, 05-Aug-2026,12470.0,12470.0,12143.0,12199.0,12470.0,334,40.87,255,184.0,55.09
DIVGIITTS, 05-Aug-2026,962.0,1008.0,962.0,1002.2,961.35,53346,527.79,4139,30164.0,56.54
DIVIDEND, 05-Aug-2026,36.67,36.77,36.51,36.67,36.52,6849,2.51,55,6103.0,89.11
DIVINEHIRA, 05-Aug-2026,107.5,108.5,107.0,108.0,107.0,8400,9.04,7,6000.0,71.43
DIVISLAB, 05-Aug-2026,8389.5,8441.0,8333.0,8388.0,8378.0,316801,26567.92,38762,185373.0,58.51
DIVOPPBEES, 05-Aug-2026,79.59,80.23,79.0,79.67,79.25,89149,70.95,735,61065.0,68.5
DIVYADHAN, 05-Aug-2026,54.75,54.75,54.75,54.75,55.85,4000,2.19,2,4000.0,100.0
DIXON, 05-Aug-2026,14055.0,14395.0,14023.0,14310.0,13988.0,445064,63529.9,55545,143432.0,32.23
DJML, 05-Aug-2026,112.98,116.0,100.25,105.05,110.75,1734711,1865.95,18431,177874.0,10.25
DKEGL, 05-Aug-2026,66.05,66.05,66.05,66.05,66.0,1500,0.99,1,1500.0,100.0
DLF, 05-Aug-2026,651.15,665.8,649.0,649.1,643.4,4904292,32365.55,108202,1489248.0,30.37
DLINKINDIA, 05-Aug-2026,442.0,448.0,441.0,447.0,441.3,67957,302.64,2726,33780.0,49.71
DMART, 05-Aug-2026,4018.0,4018.5,3946.0,3946.0,4023.0,347773,13859.27,23965,185886.0,53.45
DMCC, 05-Aug-2026,284.5,289.0,276.95,284.5,281.65,88257,251.26,1732,39061.0,44.26
DNAMEDIA, 05-Aug-2026,2.86,2.99,2.76,2.79,2.86,204365,5.79,202,181063.0,88.6
DODLA, 05-Aug-2026,1039.3,1048.3,1035.6,1044.6,1043.7,13843,144.35,4524,8152.0,58.89
DOLATALGO, 05-Aug-2026,68.1,69.72,67.0,67.65,67.9,115819,79.38,1742,74694.0,64.49
DOLLAR, 05-Aug-2026,275.2,276.3,270.0,272.45,271.1,125220,342.43,2253,62320.0,49.77
DOLLEX, 05-Aug-2026,30.25,30.55,30.0,30.5,30.45,196000,59.51,22,192000.0,97.96
DOLPHIN, 05-Aug-2026,407.9,411.4,394.6,402.2,402.4,11760,47.76,520,8217.0,69.87
DOMS, 05-Aug-2026,2263.6,2284.2,2226.0,2250.5,2253.1,54190,1216.79,6242,24428.0,45.08
DONEAR, 05-Aug-2026,84.13,85.55,84.13,84.99,85.24,6086,5.17,142,4983.0,81.88
DPABHUSHAN, 05-Aug-2026,1497.0,1512.9,1464.3,1495.2,1486.6,37145,554.06,3344,13546.0,36.47
DPEL, 05-Aug-2026,550.55,550.55,542.0,542.5,547.3,26500,144.83,52,12500.0,47.17
DRAGARWQ, 05-Aug-2026,5171.0,5248.0,5010.5,5197.0,5081.0,2161,111.04,435,1422.0,65.8
DRCSYSTEMS, 05-Aug-2026,13.69,13.69,13.32,13.34,13.57,19737,2.64,175,16538.0,83.79
DREAMFOLKS, 05-Aug-2026,71.7,71.89,69.01,69.16,70.41,58317,40.98,1313,36808.0,63.12
DREDGECORP, 05-Aug-2026,1105.7,1140.8,1075.2,1122.8,1120.9,287988,3211.32,17448,101504.0,35.25
DRONE, 05-Aug-2026,41.4,41.4,39.55,40.05,40.0,20000,8.04,36,14000.0,70.0
DRREDDY, 05-Aug-2026,1171.8,1178.4,1157.7,1176.0,1172.6,1883679,22087.73,70836,1146705.0,60.88
DRSDILIP, 05-Aug-2026,109.9,109.9,109.9,109.9,110.0,800,0.88,1,800.0,100.0
DSSL, 05-Aug-2026,1230.0,1246.9,1230.0,1243.3,1238.6,8395,104.27,968,5849.0,69.67
DTIL, 05-Aug-2026,132.75,134.7,131.5,133.5,132.11,5808,7.73,150,3203.0,55.15
DUCON, 05-Aug-2026,2.97,3.01,2.93,2.97,2.91,79874,2.38,253,64631.0,80.92
DUGLOBAL, 05-Aug-2026,26.55,28.75,26.55,28.75,26.15,5000,1.38,2,5000.0,100.0
DURLAX, 05-Aug-2026,55.15,55.15,55.1,55.1,55.1,10000,5.51,5,10000.0,100.0
DVL, 05-Aug-2026,249.6,269.0,249.0,264.0,248.24,42464,110.45,1290,29530.0,69.54
DWARKESH, 05-Aug-2026,41.6,42.13,40.07,40.31,41.26,955040,392.11,4617,329204.0,34.47
DYCL, 05-Aug-2026,405.7,414.95,402.05,405.6,398.3,433844,1768.89,11955,146735.0,33.82
DYNAMATECH, 05-Aug-2026,10750.0,11040.0,10750.0,10993.0,10752.0,13788,1506.79,4311,7657.0,55.53
DYNAMIC, 05-Aug-2026,141.0,143.95,137.55,138.95,139.45,11000,15.28,17,10000.0,90.91
DYNPRO, 05-Aug-2026,260.0,269.75,258.0,261.5,265.65,4697,12.44,188,3373.0,71.81
E2E, 05-Aug-2026,574.0,598.65,562.5,598.65,570.15,2619172,15455.94,41286,1002999.0,38.29
E2ERAIL, 05-Aug-2026,279.0,282.95,271.7,278.7,275.0,16800,46.64,21,13600.0,80.95
EASEMYTRIP, 05-Aug-2026,6.61,6.64,6.54,6.56,6.59,19692415,1294.82,7888,8154386.0,41.41
EBANK10, 05-Aug-2026,17.01,17.1,16.95,16.95,16.99,19678,3.35,26,9698.0,49.28
EBANKNIFTY, 05-Aug-2026,58.0,58.69,58.0,58.6,58.0,1142,0.67,17,1121.0,98.16
EBBETF0430, 05-Aug-2026,1605.17,1620.17,1605.17,1616.61,1611.7,17914,289.28,632,9810.0,54.76
EBBETF0431, 05-Aug-2026,1444.0,1448.61,1439.5,1442.33,1442.72,8616,124.29,140,6791.0,78.82
EBBETF0433, 05-Aug-2026,1318.6,1318.6,1312.1,1317.54,1312.8,2283,30.05,117,1749.0,76.61
EBGNG, 05-Aug-2026,502.6,533.85,483.05,527.4,508.45,2350482,11765.87,37393,916797.0,39.0
ECAPINSURE, 05-Aug-2026,24.1,24.16,23.51,23.74,23.66,92756,22.07,586,41870.0,45.14
ECLERX, 05-Aug-2026,1924.9,1939.5,1895.0,1917.8,1919.2,99708,1908.92,9603,42185.0,42.31
ECOLINE, 05-Aug-2026,191.0,193.0,187.5,192.15,188.0,15000,28.69,12,15000.0,100.0
EDELWEISS, 05-Aug-2026,118.5,121.45,115.25,117.78,117.68,3796250,4535.68,24016,1428833.0,37.64
EEPL, 05-Aug-2026,102.0,102.05,99.0,99.85,101.2,24000,24.14,24,17000.0,70.83
EFACTOR, 05-Aug-2026,179.65,186.75,178.0,186.0,178.0,8400,15.37,19,8400.0,100.0
EFCIL, 05-Aug-2026,194.45,194.45,187.56,190.0,191.15,756935,1439.27,4581,400035.0,52.85
EFFWA, 05-Aug-2026,375.0,380.0,374.25,378.75,375.0,12800,48.43,29,12000.0,93.75
EFORCE, 05-Aug-2026,21.2,21.9,21.0,21.0,21.25,8400,1.79,7,7200.0,85.71
EGOLD, 05-Aug-2026,142.15,145.05,141.9,144.4,141.4,320056,462.12,255,315749.0,98.65
EICHERMOT, 05-Aug-2026,7960.0,8019.0,7905.5,7986.5,7935.0,424429,33854.4,42547,253682.0,59.77
EIDPARRY, 05-Aug-2026,807.5,827.7,792.0,823.15,803.1,685743,5574.24,28339,366525.0,53.45
EIEL, 05-Aug-2026,226.1,228.39,216.84,218.06,224.48,1566079,3452.27,14110,744198.0,47.52
EIHAHOTELS, 05-Aug-2026,316.8,316.8,305.05,309.4,315.75,35240,109.16,1864,16656.0,47.26
EIHOTEL, 05-Aug-2026,327.1,330.7,326.85,328.0,327.1,59456,195.29,3202,32677.0,54.96
EIMCOELECO, 05-Aug-2026,1879.8,1898.4,1800.0,1814.3,1873.8,27333,501.41,3008,12766.0,46.71
EKC, 05-Aug-2026,109.2,110.86,108.4,109.53,109.04,83280,91.31,1553,44345.0,53.25
ELANTAS, 05-Aug-2026,11299.0,11847.5,10728.0,11847.5,9873.0,40039,4578.87,9867,12670.0,31.64
ELCIDIN, 05-Aug-2026,112300.0,113100.0,109005.0,112860.0,110915.0,25,27.96,25,16.0,64.0
ELDEHSG, 05-Aug-2026,794.9,794.9,773.7,774.6,782.2,129,1.0,12,128.0,99.22
ELECON, 05-Aug-2026,433.2,442.5,431.45,435.3,429.55,420022,1837.55,18637,190702.0,45.4
ELECTCAST, 05-Aug-2026,72.0,74.15,71.02,71.99,71.57,1338949,974.38,8565,628156.0,46.91
ELECTHERM, 05-Aug-2026,975.0,1064.8,961.4,1007.8,1010.0,91552,951.69,4038,65435.0,71.47
ELGIEQUIP, 05-Aug-2026,595.0,599.7,580.0,584.1,591.2,337840,1989.85,33925,202369.0,59.9
ELGIRUBCO, 05-Aug-2026,59.06,63.95,59.06,62.7,58.48,209634,131.29,1827,118457.0,56.51
ELGNZ, 05-Aug-2026,105.8,105.9,101.0,101.0,101.0,4000,4.14,4,4000.0,100.0
ELIN, 05-Aug-2026,103.94,103.94,101.05,101.76,101.49,91840,93.73,1182,45051.0,49.05
ELIQUID, 05-Aug-2026,1042.3,1042.32,1042.3,1042.3,1042.17,32319,336.86,21,24130.0,74.66
ELITECON, 05-Aug-2026,19.2,20.53,17.85,19.0,18.89,8106349,1538.89,20762,2687503.0,33.15
ELLEN, 05-Aug-2026,285.0,285.65,278.3,280.95,282.15,240160,676.2,4799,137277.0,57.16
ELM250, 05-Aug-2026,16.88,17.03,16.6,16.72,16.84,39988,6.73,228,25552.0,63.9
ELMDIV, 05-Aug-2026,37.15,37.15,36.8,37.04,36.68,3904391,1439.55,187,3901345.0,99.92
ELPROINTL, 05-Aug-2026,178.29,179.19,178.0,178.58,178.9,156248,278.92,414,145237.0,92.95
EMAMILTD, 05-Aug-2026,397.55,405.25,395.4,402.35,391.8,1202074,4821.83,39504,707304.0,58.84
EMAPARTNER, 05-Aug-2026,79.0,82.85,77.5,82.85,81.15,18000,14.27,16,8000.0,44.44
EMBASSY, 05-Aug-2026,440.35,440.8,436.0,436.84,440.35,327539,1432.8,31182,255997.0,78.16
EMBDL, 05-Aug-2026,61.49,61.8,60.79,61.11,61.12,1309837,800.86,5927,663631.0,50.67
EMCURE, 05-Aug-2026,1985.0,2009.2,1950.0,1959.0,1978.1,178885,3526.24,17429,84896.0,47.46
EMETAL, 05-Aug-2026,13.12,13.28,13.06,13.16,13.06,24279,3.19,39,21878.0,90.11
EMIL, 05-Aug-2026,136.0,149.25,136.0,147.56,133.17,16769783,24140.15,117197,4842776.0,28.88
EMKAY, 05-Aug-2026,250.0,256.39,247.5,249.79,247.05,17422,43.67,988,9479.0,54.41
EMKAYTOOLS, 05-Aug-2026,94.8,94.8,90.2,91.0,89.0,750,0.69,5,150.0,20.0
EMMIL, 05-Aug-2026,121.0,125.8,120.0,125.6,121.15,9250,11.35,22,7750.0,83.78
EMMVEE, 05-Aug-2026,324.75,329.0,320.1,324.6,323.5,962893,3140.21,24841,437615.0,45.45
EMSLIMITED, 05-Aug-2026,410.0,419.0,405.0,406.8,408.6,158402,649.19,5065,55156.0,34.82
EMUDHRA, 05-Aug-2026,516.55,525.0,506.35,523.15,514.0,312836,1615.9,14992,159064.0,50.85
EMULTIMQ, 05-Aug-2026,41.75,41.75,41.36,41.59,41.55,25116,10.44,188,21397.0,85.19
ENCOMPAS, 05-Aug-2026,256.0,257.75,253.3,254.05,252.95,2400,6.13,6,2400.0,100.0
ENDURANCE, 05-Aug-2026,2860.0,2904.1,2846.0,2893.4,2838.7,155124,4472.88,19631,71081.0,45.82
ENERGY, 05-Aug-2026,39.35,39.35,38.84,38.91,38.95,174788,68.14,980,125850.0,72.0
ENERGYDEV, 05-Aug-2026,17.29,17.29,16.65,16.69,16.65,22937,3.84,255,20164.0,87.91
ENEXT50, 05-Aug-2026,74.0,74.8,73.95,74.4,74.0,409,0.3,12,297.0,72.62
ENFUSE, 05-Aug-2026,170.0,170.0,160.0,165.0,164.0,10800,17.65,15,9000.0,83.33
ENGINERSIN, 05-Aug-2026,226.45,241.9,226.45,240.27,224.89,8574870,20288.83,77958,2971686.0,34.66
ENIFTY, 05-Aug-2026,23.66,24.93,23.66,24.79,24.27,4285,1.06,61,3790.0,88.45
ENIL, 05-Aug-2026,108.1,110.95,108.04,109.26,109.6,15561,17.02,320,12380.0,79.56
ENRIN, 05-Aug-2026,3340.0,3365.0,3250.1,3289.8,3310.3,378956,12506.91,34437,171317.0,45.21
ENSER, 05-Aug-2026,15.8,15.9,15.4,15.65,15.1,60000,9.34,12,50000.0,83.33
ENTERO, 05-Aug-2026,1249.7,1279.2,1235.0,1258.8,1231.2,191815,2413.35,16137,104901.0,54.69
ENVIRO, 05-Aug-2026,76.0,77.75,75.8,77.7,75.8,16000,12.32,16,10000.0,62.5
EPACK, 05-Aug-2026,232.32,233.1,229.0,229.57,231.13,300500,693.98,3553,170822.0,56.85
EPACKPEB, 05-Aug-2026,262.0,266.8,254.8,255.75,260.35,1103124,2876.33,12307,285352.0,25.87
EPIGRAL, 05-Aug-2026,1111.0,1133.0,1094.0,1119.2,1100.7,79330,885.72,5728,47057.0,59.32
EPL, 05-Aug-2026,227.71,230.59,226.35,229.87,227.71,247584,565.21,9478,154905.0,62.57
EPWINDIA, 05-Aug-2026,226.0,246.75,223.25,246.75,235.0,30000,70.33,24,20400.0,68.0
EQUAL200, 05-Aug-2026,14.09,14.14,14.06,14.09,14.02,94334,13.29,34,89728.0,95.12
EQUAL50, 05-Aug-2026,341.18,342.13,340.27,340.65,339.49,9906,33.82,45,7566.0,76.38
EQUAL50ADD, 05-Aug-2026,353.37,353.37,351.6,352.83,349.78,24521,86.39,261,17838.0,72.75
EQUITASBNK, 05-Aug-2026,76.78,77.09,75.5,75.76,76.38,1633622,1242.07,11908,915707.0,56.05
ERIS, 05-Aug-2026,1383.0,1386.0,1365.0,1375.1,1373.0,48727,669.6,4067,31980.0,65.63
ESABINDIA, 05-Aug-2026,5669.0,5712.0,5605.0,5654.0,5637.5,2501,141.32,1108,1358.0,54.3
ESAFSFB, 05-Aug-2026,42.01,44.25,41.51,41.72,41.98,5029074,2150.98,14430,1669291.0,33.19
ESCONET, 05-Aug-2026,129.1,132.0,127.8,130.7,129.1,7200,9.35,18,5600.0,77.78
ESCORTS, 05-Aug-2026,3115.0,3127.8,3085.0,3089.2,3101.2,129193,4004.2,9708,63021.0,48.78
ESENSEX, 05-Aug-2026,79.9,79.9,78.7,78.83,78.85,1057,0.84,15,850.0,80.42
ESFL, 05-Aug-2026,114.3,115.0,111.5,112.35,114.3,14400,16.32,37,12960.0,90.0
ESG, 05-Aug-2026,42.47,42.6,42.27,42.39,42.17,10797,4.58,82,7492.0,69.39
ESILVER, 05-Aug-2026,218.1,223.27,218.1,222.52,216.09,43913,97.35,997,16278.0,37.07
ESPRIT, 05-Aug-2026,66.0,66.0,65.5,65.5,66.75,3200,2.1,2,3200.0,100.0
ESSARSHPNG, 05-Aug-2026,20.2,20.84,20.0,20.1,20.04,120686,24.44,602,72497.0,60.07
ESTER, 05-Aug-2026,88.0,88.75,87.1,88.2,87.2,46459,40.89,1055,30692.0,66.06
ETERNAL, 05-Aug-2026,313.9,314.65,309.5,310.35,312.4,12296275,38372.11,86570,5666144.0,46.08
ETHOSLTD, 05-Aug-2026,2890.0,2890.0,2800.1,2834.4,2853.2,93152,2646.53,15282,20738.0,22.26
ETL, 05-Aug-2026,1000.0,1000.0,970.0,970.0,980.0,450,4.41,3,450.0,100.0
ETML, 05-Aug-2026,81.9,81.9,81.85,81.85,80.85,2400,1.97,2,2400.0,100.0
EUREKAFORB, 05-Aug-2026,465.9,482.2,463.0,472.9,464.0,208048,987.69,8246,116626.0,56.06
EUROBOND, 05-Aug-2026,165.9,166.78,160.96,161.98,163.9,8517,13.8,268,5905.0,69.33
EUROPRATIK, 05-Aug-2026,320.0,320.0,310.1,311.95,317.8,192018,605.92,4855,80455.0,41.9
EVEREADY, 05-Aug-2026,364.0,364.0,353.05,360.05,354.2,191197,688.22,5846,104171.0,54.48
EVIETF, 05-Aug-2026,33.4,36.0,33.4,33.98,33.31,236665,80.02,842,156757.0,66.24
EVINDIA, 05-Aug-2026,33.7,33.85,33.4,33.68,33.33,454441,153.27,2339,368485.0,81.09
EXCELINDUS, 05-Aug-2026,1049.0,1052.6,1026.85,1041.6,1050.6,4015,41.77,598,2252.0,56.09
EXCELSOFT, 05-Aug-2026,82.5,84.45,82.0,83.95,81.72,392418,326.84,4087,181894.0,46.35
EXICOM, 05-Aug-2026,166.0,169.87,164.18,166.54,165.87,865812,1445.04,8848,310585.0,35.87
EXIDEIND, 05-Aug-2026,460.0,478.75,458.9,467.0,458.35,8582256,40443.2,115723,3615887.0,42.13
EXIMROUTES, 05-Aug-2026,119.0,119.0,114.0,114.0,115.0,4000,4.66,5,4000.0,100.0
EXPLEOSOL, 05-Aug-2026,818.45,820.0,808.8,811.7,813.95,10392,84.37,790,6582.0,63.34
EXXARO, 05-Aug-2026,6.21,6.23,6.12,6.17,6.18,89306,5.51,385,67929.0,76.06
FABTECH, 05-Aug-2026,152.77,154.0,150.36,151.88,151.55,80578,122.44,1454,31863.0,39.54
FACT, 05-Aug-2026,845.8,851.4,838.45,840.6,842.3,43645,368.45,4216,14286.0,32.73
FALCONTECH, 05-Aug-2026,11.9,12.75,11.5,12.3,11.65,25200,3.0,15,7200.0,28.57
FAZE3Q, 05-Aug-2026,541.0,555.0,541.0,550.95,540.95,11177,61.38,459,9640.0,86.25
FCL, 05-Aug-2026,38.55,39.18,38.35,38.65,38.44,3383214,1309.02,7950,1265005.0,37.39
FCSSOFT, 05-Aug-2026,1.49,1.5,1.48,1.48,1.48,770556,11.44,796,554227.0,71.93
FDC, 05-Aug-2026,403.2,422.45,381.1,387.55,402.65,2325803,9319.88,46180,565859.0,24.33
FEDDERSHOL, 05-Aug-2026,42.0,42.8,40.98,42.28,41.75,247297,102.88,1824,94638.0,38.27
FEDERALBNK, 05-Aug-2026,361.95,361.95,354.2,356.45,362.45,5018889,17895.69,59324,3304575.0,65.84
FEDFINA, 05-Aug-2026,150.28,151.0,148.65,149.31,149.29,608478,912.65,8298,329492.0,54.15
FELIX, 05-Aug-2026,181.75,185.2,180.3,181.7,181.75,29000,52.89,48,17500.0,60.34
FERMENTA, 05-Aug-2026,549.35,564.8,529.0,551.1,547.05,272602,1505.45,14100,93785.0,34.4
FIBERWEB, 05-Aug-2026,30.49,30.49,28.9,29.73,29.05,12251,3.63,132,7377.0,60.22
FICRF3GP, 05-Aug-2026,535.0,535.0,535.0,535.0,511.0,1,0.01,1,1.0,100.0
FIDEL, 05-Aug-2026,136.0,139.8,131.0,136.5,139.0,26000,35.06,26,15000.0,57.69
FIEMIND, 05-Aug-2026,2349.4,2510.0,2336.4,2498.0,2324.5,384453,9523.2,34135,124523.0,32.39
FILATEX, 05-Aug-2026,78.52,82.45,78.01,81.36,77.92,8291793,6714.28,34983,2827575.0,34.1
FINBUD, 05-Aug-2026,144.0,144.0,138.0,138.8,143.6,43000,60.56,37,24000.0,55.81
FINCABLES, 05-Aug-2026,995.5,1012.9,994.0,1003.35,993.25,270952,2721.12,25012,134081.0,49.49
FINEORG, 05-Aug-2026,4965.5,5014.7,4858.0,4940.4,4929.5,13663,680.68,3517,7480.0,54.75
FINIETF, 05-Aug-2026,33.69,34.36,33.68,33.87,33.69,477338,161.87,1269,247779.0,51.91
FINKURVE, 05-Aug-2026,63.8,63.8,58.84,59.05,60.01,28879,17.26,680,17848.0,61.8
FINOPB, 05-Aug-2026,161.9,164.52,161.0,161.47,161.03,340374,553.44,4147,108923.0,32.0
FINPIPE, 05-Aug-2026,165.8,168.0,165.44,167.15,165.43,477901,796.89,10161,261910.0,54.8
FIRSTCRY, 05-Aug-2026,215.5,217.95,213.42,215.31,214.73,632890,1362.66,10561,250696.0,39.61
FISCHER, 05-Aug-2026,38.0,38.22,37.5,37.67,37.89,1729720,653.5,2226,61439.0,3.55
FIVESTAR, 05-Aug-2026,547.3,550.5,541.6,547.7,544.75,322666,1763.96,13849,152443.0,47.24
FLAIR, 05-Aug-2026,250.1,253.3,249.2,252.1,249.95,249698,625.15,2171,191038.0,76.51
FLEXIADD, 05-Aug-2026,10.35,10.38,10.32,10.36,10.28,149876,15.51,414,129805.0,86.61
FLUOROCHEM, 05-Aug-2026,4606.7,4649.0,4480.0,4498.1,4612.8,102970,4691.76,16221,51328.0,49.85
FLYSBS, 05-Aug-2026,449.3,454.6,436.6,444.8,449.15,51600,229.24,191,34400.0,66.67
FMCGADD, 05-Aug-2026,49.51,49.71,48.5,49.13,49.45,6419,3.18,238,2049.0,31.92
FMCGIETF, 05-Aug-2026,53.35,53.58,52.93,53.15,53.25,1036553,550.15,3361,564352.0,54.45
FMGOETZE, 05-Aug-2026,477.6,501.05,465.6,486.75,470.35,99063,480.99,3480,57140.0,57.68
FOCE, 05-Aug-2026,540.0,540.0,540.0,540.0,525.0,10080,54.43,2,10080.0,100.0
FONEBOX, 05-Aug-2026,88.1,89.0,86.0,89.0,90.3,4000,3.52,4,3000.0,75.0
FOODSIN, 05-Aug-2026,54.98,55.09,53.2,53.44,53.9,65300,35.31,669,44787.0,68.59
FORCAS, 05-Aug-2026,194.35,194.35,184.1,184.1,193.75,11200,21.11,7,9600.0,85.71
FORCEMOT, 05-Aug-2026,18490.0,18840.0,18449.0,18538.0,18378.0,87146,16241.82,21256,26428.0,30.33
FORGEAUTO, 05-Aug-2026,105.4,105.4,105.4,105.4,100.4,8400,8.85,4,8400.0,100.0
FORTIS, 05-Aug-2026,935.7,935.7,915.05,925.0,932.8,1897685,17536.21,64423,1168425.0,61.57
FOSECOIND, 05-Aug-2026,5251.0,5374.5,5215.5,5346.5,5263.0,4295,226.87,865,2722.0,63.38
FRACTAL, 05-Aug-2026,802.0,810.5,788.0,798.15,797.8,356628,2854.65,17915,186265.0,52.23
FRESHARA, 05-Aug-2026,379.0,388.75,363.0,366.25,371.25,22200,82.04,35,21000.0,94.59
FROG, 05-Aug-2026,208.95,208.95,208.95,208.95,204.9,5600,11.7,11,5600.0,100.0
FRONTSP, 05-Aug-2026,1352.1,1433.0,1352.1,1405.4,1373.4,24717,343.58,3062,14007.0,56.67
FSL, 05-Aug-2026,332.0,341.9,328.0,339.45,330.7,3534168,11840.1,53124,1202759.0,34.03
FUSION, 05-Aug-2026,208.6,211.0,202.0,209.72,208.93,667327,1384.96,9149,339636.0,50.89
FWSTC, 05-Aug-2026,195.0,195.0,195.0,195.0,195.0,1200,2.34,2,1200.0,100.0
GABRIEL, 05-Aug-2026,1540.0,1600.0,1537.2,1587.7,1530.8,779056,12323.43,41994,231537.0,29.72
GAEL, 05-Aug-2026,176.0,179.79,171.1,174.83,176.21,1247058,2209.13,20765,524453.0,42.06
GAIL, 05-Aug-2026,176.0,177.25,173.25,176.96,175.0,13429251,23474.87,136555,8596443.0,64.01
GALAPREC, 05-Aug-2026,1108.1,1147.0,1107.2,1124.5,1102.7,22985,259.55,3098,8997.0,39.14
GALAXYSURF, 05-Aug-2026,1975.1,2015.0,1975.1,2005.8,1980.6,3815,76.02,926,2153.0,56.44
GALLANTT, 05-Aug-2026,628.7,641.65,617.1,624.05,629.2,68044,427.12,3662,32581.0,47.88
GANDHAR, 05-Aug-2026,239.0,239.98,230.0,231.41,236.1,1401577,3297.7,13759,474789.0,33.88
GANDHITUBE, 05-Aug-2026,900.55,905.5,888.1,896.95,900.3,12135,108.76,746,7342.0,60.5
GANECOS, 05-Aug-2026,1126.8,1165.0,1076.9,1094.9,1126.8,201026,2251.94,13355,78583.0,39.09
GANESHCP, 05-Aug-2026,178.69,178.69,171.01,172.09,175.62,120476,209.52,3855,62671.0,52.02
GANESHHOU, 05-Aug-2026,778.5,799.0,770.05,778.75,778.5,24814,195.03,1702,13481.0,54.33
GANESHIN, 05-Aug-2026,113.0,114.3,103.5,114.3,108.9,499200,557.29,330,471200.0,94.39
GANGABATH, 05-Aug-2026,22.65,22.7,22.05,22.55,21.8,18000,4.05,6,9000.0,50.0
GANGESSECU, 05-Aug-2026,119.9,122.39,116.1,120.87,119.3,3285,3.95,80,1882.0,57.29
GARFIBRES, 05-Aug-2026,781.7,810.0,761.4,797.35,774.6,176068,1398.31,12569,69407.0,39.42
GARUDA, 05-Aug-2026,173.8,181.62,173.8,178.36,173.39,491663,876.71,8202,265550.0,54.01
GATECH, 05-Aug-2026,0.62,0.64,0.62,0.62,0.68,6652874,41.25,1570,4781183.0,71.87
GATEWAY, 05-Aug-2026,60.29,60.6,55.8,55.91,59.7,5134083,2948.91,21586,2318492.0,45.16
GAYAHWS, 05-Aug-2026,1.99,2.05,1.83,1.94,1.99,433982,8.45,473,260634.0,60.06
GCHOTELS, 05-Aug-2026,104.95,109.0,102.0,108.65,104.05,42600,44.85,55,38400.0,90.14
GCSL, 05-Aug-2026,512.55,529.25,510.35,523.05,508.15,721185,3757.12,6578,389273.0,53.98
GEEKAYWIRE, 05-Aug-2026,22.56,23.21,22.12,22.3,23.08,93368,21.08,1009,58998.0,63.19
GEMAROMA, 05-Aug-2026,191.02,191.02,183.7,184.63,187.71,71041,131.97,1401,35486.0,49.95
GENCON, 05-Aug-2026,39.84,40.2,39.2,39.49,39.33,232160,92.43,806,13070.0,5.63
GENESYS, 05-Aug-2026,316.65,335.0,316.5,328.7,316.65,867119,2821.95,14222,450143.0,51.91
GENUSPAPER, 05-Aug-2026,12.69,12.85,12.36,12.65,12.5,77055,9.72,242,67416.0,87.49
GENUSPOWER, 05-Aug-2026,317.35,318.9,308.65,309.55,316.05,917615,2866.43,12019,588607.0,64.15
GENXAI, 05-Aug-2026,82.8,83.5,81.2,81.3,82.6,24000,19.81,20,19200.0,80.0
GEOJITFSL, 05-Aug-2026,78.98,79.63,76.25,76.95,78.17,224604,174.03,4117,121170.0,53.95
GESHIP, 05-Aug-2026,1450.0,1459.9,1398.3,1404.7,1434.9,1008274,14297.58,43916,383173.0,38.0
GFLLIMITED, 05-Aug-2026,49.0,50.5,48.71,49.81,48.37,82587,40.87,1396,49669.0,60.14
GGBL, 05-Aug-2026,255.1,259.6,251.65,255.05,257.75,29400,74.91,85,22500.0,76.53
GHCL, 05-Aug-2026,445.5,446.0,437.1,438.15,445.1,235652,1037.37,4856,137393.0,58.3
GHCLTEXTIL, 05-Aug-2026,115.8,115.84,112.55,114.96,114.24,736064,843.57,7686,376743.0,51.18
GICHSGFIN, 05-Aug-2026,149.76,150.5,148.5,149.83,148.66,57558,86.11,1154,31503.0,54.73
GICL, 05-Aug-2026,18.1,19.17,18.02,19.0,18.26,363243,68.65,523,312228.0,85.96
GICRE, 05-Aug-2026,364.0,364.5,358.5,359.65,359.7,646201,2333.91,11016,281185.0,43.51
GILLANDERS, 05-Aug-2026,90.01,92.41,89.01,90.76,88.35,1570,1.43,40,1151.0,73.31
GILLETTE, 05-Aug-2026,7720.0,7776.0,7638.0,7688.0,7662.0,18810,1447.43,5950,9884.0,52.55
GILT10BETA, 05-Aug-2026,26.65,26.99,26.34,26.67,26.35,277,0.07,17,224.0,80.87
GILT5YBEES, 05-Aug-2026,66.14,66.5,66.05,66.33,66.13,323671,214.53,848,225240.0,69.59
GIPCL, 05-Aug-2026,162.01,163.99,159.5,160.79,162.23,406030,654.5,4261,234077.0,57.65
GIRIRAJ, 05-Aug-2026,60.0,61.0,57.45,57.75,60.45,15250,8.89,42,11500.0,75.41
GJL, 05-Aug-2026,172.4,172.4,172.4,172.4,172.0,800,1.38,1,800.0,100.0
GKENERGY, 05-Aug-2026,130.8,132.86,130.8,131.73,130.08,232047,305.38,2556,137567.0,59.28
GKSL, 05-Aug-2026,131.0,135.49,130.12,134.57,130.55,419102,562.01,6524,141697.0,33.81
GKWLIMITED, 05-Aug-2026,1679.8,1696.9,1646.0,1646.8,1649.9,126,2.1,19,106.0,84.13
GLAND, 05-Aug-2026,2587.5,2595.7,2531.1,2545.1,2583.1,299935,7659.01,36112,180217.0,60.09
GLAXO, 05-Aug-2026,2648.0,2650.2,2515.0,2569.7,2647.0,51205,1329.04,7645,28516.0,55.69
GLENMARK, 05-Aug-2026,2223.0,2263.3,2202.2,2259.0,2225.0,388492,8671.64,27167,140070.0,36.05
GLOBAL, 05-Aug-2026,102.5,104.5,102.5,104.01,102.83,19356,20.05,240,16501.0,85.25
GLOBALVECT, 05-Aug-2026,167.6,167.6,162.0,162.58,163.24,4860,7.94,301,2965.0,61.01
GLOBE, 05-Aug-2026,2.05,2.11,2.04,2.05,2.07,382393,7.95,239,342099.0,89.46
GLOBECIVIL, 05-Aug-2026,40.7,40.8,38.5,39.21,40.64,71983,28.38,891,39139.0,54.37
GLOBUSSPR, 05-Aug-2026,891.0,911.95,887.9,891.55,890.95,78125,703.03,3129,44233.0,56.62
GLOSTERLTD, 05-Aug-2026,677.8,691.45,665.1,674.95,672.3,5818,39.6,449,2935.0,50.45
GMBREW, 05-Aug-2026,900.8,911.45,900.8,908.2,900.75,16887,153.15,1367,10455.0,61.91
GMDCLTD, 05-Aug-2026,558.0,583.35,558.0,579.9,556.0,2369220,13586.84,42195,916418.0,38.68
GML, 05-Aug-2026,16.2,16.25,16.1,16.25,16.7,12000,1.95,6,12000.0,100.0
GMMPFAUDLR, 05-Aug-2026,856.65,867.2,845.0,857.1,847.7,97107,834.15,5146,58063.0,59.79
GMRAIRPORT, 05-Aug-2026,107.36,107.89,105.89,107.0,106.56,8452825,9008.25,35934,5216151.0,61.71
GMRP&UI, 05-Aug-2026,97.79,98.0,95.25,95.67,97.21,696431,672.23,8105,436510.0,62.68
GNA, 05-Aug-2026,518.6,553.95,518.6,529.7,515.8,1101156,5890.82,29640,501665.0,45.56
GNFC, 05-Aug-2026,524.8,539.7,523.15,538.3,519.75,773442,4130.96,23128,388598.0,50.24
GNRL, 05-Aug-2026,95.09,95.09,93.5,94.07,95.09,31300,29.52,500,19774.0,63.18
GOACARBON, 05-Aug-2026,383.85,392.0,380.0,384.35,383.9,14016,54.04,922,5881.0,41.96
GOCLCORP, 05-Aug-2026,411.65,416.0,409.0,412.35,411.65,40516,167.29,1448,23575.0,58.19
GOCOLORS, 05-Aug-2026,322.4,348.9,321.25,324.35,320.05,995084,3345.31,19342,252985.0,25.42
GODAVARIB, 05-Aug-2026,261.75,268.95,261.75,267.4,261.75,108981,290.23,1980,64953.0,59.6
GODFRYPHLP, 05-Aug-2026,2336.9,2359.0,2288.0,2325.0,2336.9,559710,12993.41,31027,122304.0,21.85
GODIGIT, 05-Aug-2026,281.6,290.9,275.6,280.4,263.3,8263565,23235.61,110486,922142.0,11.16
GODREJAGRO, 05-Aug-2026,566.0,568.0,560.6,566.45,563.25,80487,454.7,4980,47516.0,59.04
GODREJCP, 05-Aug-2026,1070.0,1077.5,1060.0,1069.0,1058.2,1283218,13716.43,59768,788792.0,61.47
GODREJIND, 05-Aug-2026,1320.0,1349.9,1305.1,1320.4,1308.8,191232,2532.47,14236,131920.0,68.98
GODREJPROP, 05-Aug-2026,2055.7,2143.9,2055.7,2099.0,2033.6,1901625,40263.96,75172,526747.0,27.7
GOKEX, 05-Aug-2026,802.0,819.7,802.0,805.7,796.75,226618,1836.05,9753,101946.0,44.99
GOKUL, 05-Aug-2026,40.0,40.0,39.12,39.46,39.26,129009,51.15,547,22408.0,17.37
GOKULAGRO, 05-Aug-2026,233.2,237.0,227.0,227.53,231.12,708539,1637.17,10298,204958.0,28.93
GOLD1, 05-Aug-2026,118.28,120.88,118.01,120.57,118.28,1829571,2204.13,7041,1018751.0,55.68
GOLD360, 05-Aug-2026,139.7,141.45,138.3,140.75,138.3,22587,31.67,259,14970.0,66.28
GOLDADD, 05-Aug-2026,139.07,140.85,138.71,140.43,137.65,1749679,2457.67,13390,1511251.0,86.37
GOLDAXIS, 05-Aug-2026,118.95,120.96,118.95,120.65,118.14,2154800,2594.6,4439,1758520.0,81.61
GOLDBEES, 05-Aug-2026,118.06,119.75,118.06,119.39,117.15,27179534,32390.81,87831,13955910.0,51.35
GOLDBETA, 05-Aug-2026,119.95,121.8,119.9,121.5,119.3,437500,530.31,2249,256161.0,58.55
GOLDBND, 05-Aug-2026,142.25,147.5,142.25,144.59,141.87,16838,24.28,253,11416.0,67.8
GOLDCASE, 05-Aug-2026,22.41,22.77,22.39,22.71,22.29,26635583,6024.35,35560,13653615.0,51.26
GOLDETF, 05-Aug-2026,139.09,140.65,138.92,140.4,137.76,781106,1095.02,10946,426827.0,54.64
GOLDIAM, 05-Aug-2026,364.5,365.95,360.1,362.15,361.1,287739,1044.34,5306,150158.0,52.19
GOLDIETF, 05-Aug-2026,122.12,124.06,122.12,123.88,121.34,3667256,4529.97,24967,1996503.0,54.44
GOLDSTAR, 05-Aug-2026,6.75,6.75,6.75,6.75,6.75,11250,0.76,1,11250.0,100.0
GOODLUCK, 05-Aug-2026,1505.1,1529.0,1482.2,1497.6,1502.3,96186,1445.09,5997,58621.0,60.95
GOODYEAR, 05-Aug-2026,844.0,844.0,809.2,826.85,871.35,39355,324.27,2314,17199.0,43.7
GOPAL, 05-Aug-2026,277.0,279.0,273.0,274.55,277.2,138689,382.77,5025,52318.0,37.72
GOYALALUM, 05-Aug-2026,6.49,6.59,6.45,6.52,6.46,46157,3.02,305,34403.0,74.53
GOYALSALT, 05-Aug-2026,115.0,116.0,112.0,113.0,114.0,4800,5.49,8,4800.0,100.0
GPECO, 05-Aug-2026,413.0,422.65,413.0,417.8,420.35,10000,41.77,33,9000.0,90.0
GPIL, 05-Aug-2026,245.15,248.4,244.53,246.33,244.71,959407,2367.24,16920,455457.0,47.47
GPPL, 05-Aug-2026,151.8,153.95,151.26,151.68,151.8,1350129,2060.65,13828,682165.0,50.53
GPTHEALTH, 05-Aug-2026,164.59,165.0,161.11,164.7,162.16,131578,215.25,3180,70425.0,53.52
GPTINFRA, 05-Aug-2026,113.39,118.0,112.64,117.25,112.83,208284,240.24,3012,109653.0,52.65
GRANDOAK, 05-Aug-2026,39.21,40.3,37.1,39.85,38.41,5387,2.14,79,3972.0,73.73
GRANULES, 05-Aug-2026,827.8,847.0,822.0,845.1,825.7,539648,4527.43,18303,292332.0,54.17
GRAPHISAD, 05-Aug-2026,30.0,30.9,28.5,28.75,29.9,32400,9.53,20,27600.0,85.19
GRAPHITE, 05-Aug-2026,715.0,744.8,704.8,709.15,710.05,5506338,40044.7,128872,1330166.0,24.16
GRASIM, 05-Aug-2026,3150.0,3228.7,3135.8,3224.0,3138.0,692531,22181.13,43226,314028.0,45.34
GRAUWEIL, 05-Aug-2026,72.0,73.07,68.43,68.78,71.75,968947,686.17,6262,652690.0,67.36
GRAVISSHO, 05-Aug-2026,29.4,31.89,29.4,30.82,29.4,567,0.18,14,531.0,93.65
GRAVITA, 05-Aug-2026,1670.3,1704.9,1664.0,1688.8,1658.6,274140,4625.98,18194,149028.0,54.36
GRCL, 05-Aug-2026,550.0,550.0,527.25,538.7,554.95,2750,14.65,10,2250.0,81.82
GREAVESCOT, 05-Aug-2026,202.0,207.24,194.5,195.92,200.0,6445468,12962.17,53879,2511497.0,38.97
GREENCHEF, 05-Aug-2026,53.6,53.6,53.0,53.0,53.6,5600,2.98,7,5600.0,100.0
GREENLAM, 05-Aug-2026,249.1,272.45,249.1,266.7,247.7,733143,1953.64,16114,197192.0,26.9
GREENLEAF, 05-Aug-2026,109.0,112.35,109.0,112.35,107.0,17000,19.03,15,15000.0,88.24
GREENPANEL, 05-Aug-2026,200.01,204.93,197.2,199.39,199.83,128487,259.38,4465,69965.0,54.45
GREENPLY, 05-Aug-2026,288.0,299.0,288.0,293.3,287.65,607879,1790.3,3944,518645.0,85.32
GREENPOWER, 05-Aug-2026,10.05,10.13,9.98,10.0,10.0,1443397,144.96,2671,668600.0,46.32
GRETEX, 05-Aug-2026,262.0,278.0,262.0,276.65,275.0,58500,157.7,8,57000.0,97.44
GRINDWELL, 05-Aug-2026,2094.5,2131.3,2081.0,2100.7,2094.5,36932,776.78,9120,20115.0,54.46
GRINFRA, 05-Aug-2026,905.8,915.2,894.05,897.5,905.8,10240,92.55,1733,6595.0,64.4
GRMOVER, 05-Aug-2026,91.79,93.48,90.01,90.89,91.78,1078820,987.89,11483,295374.0,27.38
GROBTEA, 05-Aug-2026,903.5,914.0,878.4,898.8,903.2,103,0.92,27,70.0,67.96
GROWW, 05-Aug-2026,192.45,194.39,191.5,191.84,191.33,12868750,24790.26,69220,5759456.0,44.76
GROWWCAPM, 05-Aug-2026,11.24,11.24,11.05,11.09,11.14,493312,54.72,1153,318191.0,64.5
GROWWCHEM, 05-Aug-2026,30.24,30.77,30.24,30.48,30.02,68427,20.82,294,37977.0,55.5
GROWWDEFNC, 05-Aug-2026,93.77,96.15,93.29,94.39,93.77,216496,203.87,2546,102000.0,47.11
GROWWEV, 05-Aug-2026,33.11,34.59,33.11,33.9,33.11,612829,206.28,2861,386895.0,63.13
GROWWGOLD, 05-Aug-2026,14.03,14.17,13.97,14.11,13.85,3074995,433.19,4239,1610961.0,52.39
GROWWHOSPI, 05-Aug-2026,54.03,62.0,53.42,54.3,53.81,641032,347.37,1194,528895.0,82.51
GROWWLIQID, 05-Aug-2026,110.19,110.21,110.19,110.2,110.19,189774,209.14,210,100287.0,52.85
GROWWLOVOL, 05-Aug-2026,10.66,10.94,10.63,10.68,10.66,6910,0.74,90,4595.0,66.5
GROWWMC150, 05-Aug-2026,234.0,236.32,233.92,235.52,234.05,2019,4.75,31,1071.0,53.05
GROWWMETAL, 05-Aug-2026,12.4,12.64,12.25,12.59,12.34,1132605,141.55,1984,507683.0,44.82
GROWWMOM50, 05-Aug-2026,11.04,11.04,10.71,10.86,10.78,147815,16.05,404,83917.0,56.77
GROWWN200, 05-Aug-2026,11.59,11.62,11.51,11.55,11.53,24215,2.8,221,19501.0,80.53
GROWWNET, 05-Aug-2026,10.13,10.42,10.13,10.26,10.2,281746,28.98,1634,184871.0,65.62
GROWWNIFTY, 05-Aug-2026,10.14,10.14,9.89,9.95,9.9,672623,66.89,7170,444250.0,66.05
GROWWNXT50, 05-Aug-2026,76.35,76.35,74.1,74.97,75.71,22501,16.86,223,7221.0,32.09
GROWWPOWER, 05-Aug-2026,11.7,11.74,11.54,11.6,11.65,3576715,415.29,3571,1885822.0,52.72
GROWWPSE, 05-Aug-2026,100.31,100.48,99.49,99.91,99.82,3728,3.72,43,3117.0,83.61
GROWWPSUBK, 05-Aug-2026,85.13,85.95,85.1,85.58,84.94,4113,3.51,69,2894.0,70.36
GROWWRAIL, 05-Aug-2026,29.54,29.88,29.3,29.48,29.53,635608,187.16,3222,429671.0,67.6
GROWWRLTY, 05-Aug-2026,10.05,10.28,9.95,10.1,10.0,175684,17.88,425,108587.0,61.81
GROWWSC250, 05-Aug-2026,10.64,10.65,10.55,10.59,10.54,158721,16.81,473,120398.0,75.86
GROWWSLVR, 05-Aug-2026,21.66,21.94,21.58,21.89,21.23,2588527,564.73,2488,1042023.0,40.26
GRPLTD, 05-Aug-2026,1981.0,2004.9,1935.1,1977.3,1988.3,1977,38.98,533,1118.0,56.55
GRSE, 05-Aug-2026,2559.1,2568.0,2500.0,2507.3,2546.9,519110,13134.87,36154,233783.0,45.04
GRWRHITECH, 05-Aug-2026,7390.0,7427.5,7303.5,7409.5,7326.0,39681,2926.42,6998,22240.0,56.05
GSEC10IETF, 05-Aug-2026,264.5,265.44,263.03,263.03,264.5,801,2.11,9,706.0,88.14
GSEC10YEAR, 05-Aug-2026,30.48,30.59,30.48,30.59,30.25,37,0.01,6,19.0,51.35
GSEC5IETF, 05-Aug-2026,66.4,66.5,65.86,66.14,66.5,54812,36.32,53,27360.0,49.92
GSFC, 05-Aug-2026,161.05,162.52,161.02,162.23,160.68,345846,559.89,5134,189033.0,54.66
GSLSU, 05-Aug-2026,28.71,28.9,28.01,28.65,28.04,32655,9.31,418,21240.0,65.04
GSMFOILS, 05-Aug-2026,139.65,139.65,139.65,139.65,155.15,67500,94.26,68,67500.0,100.0
GSPCROP, 05-Aug-2026,596.65,598.9,585.0,593.3,592.3,348526,2071.27,5519,92738.0,26.61
GSS, 05-Aug-2026,14.24,14.52,13.85,14.02,14.24,35146,4.98,172,30644.0,87.19
GSTL, 05-Aug-2026,16.2,16.35,15.25,16.35,15.6,12000,1.93,12,9000.0,75.0
GTL, 05-Aug-2026,7.34,7.54,7.34,7.45,7.39,111522,8.34,462,92648.0,83.08
GTLINFRA, 05-Aug-2026,1.29,1.32,1.27,1.27,1.28,47858429,616.89,12247,19740377.0,41.25
GTPL, 05-Aug-2026,61.41,62.5,59.81,59.91,60.52,63141,38.29,482,36886.0,58.42
GUFICBIO, 05-Aug-2026,400.0,401.0,392.0,394.35,397.05,36755,145.47,1549,22200.0,60.4
GUJALKALI, 05-Aug-2026,687.0,689.4,675.3,677.35,683.5,35094,238.48,2572,16568.0,47.21
GUJAPOLLO, 05-Aug-2026,363.7,369.65,363.7,367.1,366.45,4116,15.09,252,3052.0,74.15
GUJENERGY, 05-Aug-2026,278.85,278.9,270.2,272.55,278.85,650243,1774.27,41729,440333.0,67.72
GUJRAFFIA, 05-Aug-2026,40.8,40.8,39.0,39.94,38.99,1028,0.41,36,430.0,41.83
GUJTHEM, 05-Aug-2026,359.0,359.0,352.0,355.95,353.7,30331,107.69,949,16179.0,53.34
GULFOILLUB, 05-Aug-2026,1169.9,1203.4,1160.3,1179.6,1160.3,155211,1831.85,11819,77835.0,50.15
GULPOLY, 05-Aug-2026,199.9,209.9,198.4,208.91,199.9,1194680,2431.83,12237,790497.0,66.17
GVPIL, 05-Aug-2026,755.1,756.1,740.0,742.5,758.65,101271,755.61,6267,62651.0,61.86
GVPTECH, 05-Aug-2026,7.08,7.1,6.99,7.03,6.98,24282,1.71,141,21114.0,86.95
GVT&D, 05-Aug-2026,4380.0,4410.0,4313.9,4410.0,4333.2,626067,27376.86,70582,331229.0,52.91
GYFTR, 05-Aug-2026,163.57,163.9,157.0,161.31,159.46,39291,62.94,547,11632.0,29.6
HAL, 05-Aug-2026,4641.0,4673.4,4603.3,4645.0,4635.0,655940,30389.61,63392,407079.0,62.06
HALDER, 05-Aug-2026,273.0,273.0,250.73,256.56,254.51,30334,76.84,243,6772.0,22.32
HALEOSLABS, 05-Aug-2026,1550.4,1599.4,1400.0,1427.7,1539.6,2483,36.36,344,1566.0,63.07
HAPPSTMNDS, 05-Aug-2026,390.6,419.8,389.0,400.8,388.1,6064285,24817.49,104789,1517649.0,25.03
HAPPY, 05-Aug-2026,59.0,60.95,57.0,58.55,59.25,70000,41.09,35,46000.0,65.71
HAPPYFORGE, 05-Aug-2026,1737.9,1829.0,1705.0,1817.0,1703.4,363673,6459.31,29967,138489.0,38.08
HARDWYN, 05-Aug-2026,11.33,11.33,11.2,11.24,11.24,1527893,171.97,1464,876252.0,57.35
HARIOMPIPE, 05-Aug-2026,408.95,408.95,401.75,405.55,404.95,109650,444.47,3196,48152.0,43.91
HARRMALAYA, 05-Aug-2026,221.5,224.9,216.25,223.12,216.84,12858,28.33,484,9015.0,70.11
HARSHA, 05-Aug-2026,414.65,422.0,408.3,419.75,408.1,130880,546.03,5465,80225.0,61.3
HATHWAY, 05-Aug-2026,10.94,11.0,10.87,10.9,10.92,857052,93.58,1728,505355.0,58.96
HATSUN, 05-Aug-2026,891.9,922.0,890.0,910.6,891.4,49608,451.52,3720,27888.0,56.22
HAVELLS, 05-Aug-2026,1295.8,1296.9,1282.0,1290.0,1295.0,1565263,20147.98,28206,1125633.0,71.91
HAVISHA, 05-Aug-2026,1.38,1.49,1.3,1.45,1.36,370654,5.21,301,294846.0,79.55
HAWKINCOOK, 05-Aug-2026,8587.5,8600.0,8500.0,8526.5,8566.0,472,40.4,281,295.0,62.5
HBESD, 05-Aug-2026,75.0,78.0,75.0,78.0,74.25,235,0.18,14,235.0,100.0
HBLENGINE, 05-Aug-2026,735.0,745.0,730.0,736.5,729.2,682249,5022.65,21330,317377.0,46.52
HBSL, 05-Aug-2026,56.5,60.85,56.5,59.08,55.34,23999,14.19,385,15630.0,65.13
HCC, 05-Aug-2026,22.04,22.26,21.76,21.91,21.84,11932538,2627.47,14290,4674900.0,39.18
HCG, 05-Aug-2026,672.25,676.5,662.0,669.5,672.25,74427,500.2,7263,39665.0,53.29
HCL-INSYS, 05-Aug-2026,12.0,12.0,11.33,11.59,11.64,287732,33.69,1030,185976.0,64.64
HCLTECH, 05-Aug-2026,1370.0,1375.0,1337.1,1350.0,1369.9,3215211,43409.16,82427,1933186.0,60.13
HDBFS, 05-Aug-2026,686.0,686.4,674.0,675.25,678.55,249520,1697.98,14646,157839.0,63.26
HDFCAMC, 05-Aug-2026,2562.0,2581.5,2540.9,2562.0,2556.0,582394,14895.67,30527,356530.0,61.22
HDFCBANK, 05-Aug-2026,733.8,741.95,732.6,735.0,742.0,60050538,442100.02,453005,42940980.0,71.51
HDFCBSE500, 05-Aug-2026,38.24,38.29,38.01,38.21,38.09,878063,335.21,323,850064.0,96.81
HDFCGOLD, 05-Aug-2026,122.74,123.68,122.02,123.44,121.12,3583049,4416.16,11364,1938956.0,54.11
HDFCGROWTH, 05-Aug-2026,122.52,123.69,122.52,122.94,122.52,35659,43.9,265,15835.0,44.41
HDFCLIFE, 05-Aug-2026,538.0,546.6,536.35,545.0,535.95,8073174,43807.72,127873,5364675.0,66.45
HDFCLIQUID, 05-Aug-2026,1072.54,1072.54,1072.33,1072.35,1072.2,15524,166.47,56,9288.0,59.83
HDFCLOWVOL, 05-Aug-2026,20.79,21.31,20.79,21.22,21.15,16995,3.61,81,15827.0,93.13
HDFCMID150, 05-Aug-2026,23.8,23.88,23.65,23.71,23.64,391362,92.78,1511,204520.0,52.26
HDFCMOMENT, 05-Aug-2026,31.23,31.53,31.09,31.22,31.07,112093,34.98,531,66190.0,59.05
HDFCNEXT50, 05-Aug-2026,75.9,76.59,74.64,75.39,75.15,897188,681.76,1054,660426.0,73.61
HDFCNIF100, 05-Aug-2026,26.44,26.69,26.17,26.36,26.44,37294,9.89,275,29550.0,79.24
HDFCNIFBAN, 05-Aug-2026,59.25,60.1,59.22,59.68,59.24,111688,66.52,521,93441.0,83.66
HDFCNIFIT, 05-Aug-2026,33.47,33.76,33.0,33.22,33.47,164947,55.35,297,82520.0,50.03
HDFCNIFTY, 05-Aug-2026,276.78,278.0,272.5,276.09,272.18,128887,356.65,1606,101222.0,78.54
HDFCNIMEG, 05-Aug-2026,133.77,134.85,130.01,132.67,142.82,48940,64.18,585,25586.0,52.28
HDFCPSUBK, 05-Aug-2026,84.77,87.0,84.63,86.31,84.77,241921,209.13,513,174137.0,71.98
HDFCPVTBAN, 05-Aug-2026,28.36,28.42,28.11,28.25,28.28,189276,53.51,490,93501.0,49.4
HDFCQUAL, 05-Aug-2026,59.75,59.96,59.64,59.68,59.44,23695,14.14,139,18853.0,79.57
HDFCSENSEX, 05-Aug-2026,89.9,89.9,88.74,89.13,89.11,34460,30.72,585,25345.0,73.55
HDFCSILVER, 05-Aug-2026,210.61,214.19,210.03,213.52,207.22,4791685,10204.27,18220,1982669.0,41.38
HDFCSML250, 05-Aug-2026,184.15,185.25,184.0,185.1,183.29,2401906,4439.95,10938,1663990.0,69.28
HDFCVALUE, 05-Aug-2026,128.14,128.8,127.05,127.55,127.9,12487,15.95,94,5763.0,46.15
HEADSUP, 05-Aug-2026,7.24,7.24,6.67,7.04,7.17,24377,1.71,121,14305.0,58.68
HEALTHADD, 05-Aug-2026,16.9,16.9,16.53,16.6,16.84,50086,8.35,127,46727.0,93.29
HEALTHAXIS, 05-Aug-2026,173.16,173.16,168.93,169.55,170.08,43189,73.1,119,27673.0,64.07
HEALTHCARE, 05-Aug-2026,21.62,21.7,21.49,21.67,21.62,40035,8.66,199,28590.0,71.41
HEALTHIETF, 05-Aug-2026,171.54,172.64,168.13,170.78,171.54,116267,198.63,1866,58559.0,50.37
HEALTHX, 05-Aug-2026,321.15,321.15,305.0,306.2,316.7,2763,8.53,172,1356.0,49.08
HEALTHY, 05-Aug-2026,17.21,17.38,17.05,17.2,17.2,271313,46.57,1179,158168.0,58.3
HECPROJECT, 05-Aug-2026,136.8,136.89,131.4,131.8,136.89,14266,19.07,328,9550.0,66.94
HEG, 05-Aug-2026,678.85,698.0,674.1,686.2,678.95,3175922,21923.61,54289,1047316.0,32.98
HEIDELBERG, 05-Aug-2026,156.0,157.59,156.0,156.49,156.13,40303,63.17,1324,25349.0,62.9
HEMIPROP, 05-Aug-2026,139.5,141.18,138.0,138.22,138.88,378574,528.25,2741,183061.0,48.36
HERANBA, 05-Aug-2026,182.07,185.8,178.26,179.18,181.3,27091,48.92,824,14860.0,54.85
HERITGFOOD, 05-Aug-2026,335.6,341.75,335.6,337.9,335.55,298357,1011.72,5701,158270.0,53.05
HEROMOTOCO, 05-Aug-2026,5578.0,5705.0,5555.0,5690.0,5548.0,893125,50537.83,63548,459979.0,51.5
HESTERBIO, 05-Aug-2026,2479.1,2479.9,2425.0,2433.3,2481.9,5018,122.76,1016,2469.0,49.2
HEXATRADEX, 05-Aug-2026,161.98,161.98,159.2,160.22,162.09,1923,3.09,49,1863.0,96.88
HEXT, 05-Aug-2026,565.0,577.0,548.8,570.6,554.95,454746,2543.13,14426,204058.0,44.87
HFCL, 05-Aug-2026,205.8,212.91,205.03,212.23,202.78,37479685,79238.8,95860,13697003.0,36.55
HGINFRA, 05-Aug-2026,547.55,551.5,541.0,542.9,547.5,31195,170.24,2260,19489.0,62.47
HGM, 05-Aug-2026,49.62,50.8,48.78,49.64,49.62,2595,1.3,35,2361.0,90.98
HGS, 05-Aug-2026,424.0,425.95,419.5,423.5,421.45,18701,79.24,918,12231.0,65.4
HIGREEN, 05-Aug-2026,136.5,138.9,136.0,138.5,137.6,23200,31.94,29,14400.0,62.07
HIKAL, 05-Aug-2026,229.0,234.15,228.76,232.58,228.54,350112,812.94,6290,179158.0,51.17
HILINFRA, 05-Aug-2026,46.0,46.89,45.0,45.45,45.73,48393,22.09,480,31562.0,65.22
HIMATSEIDE, 05-Aug-2026,81.48,81.95,79.62,79.89,81.05,517951,419.67,3313,314115.0,60.65
HINDALCO, 05-Aug-2026,1028.5,1040.0,1011.3,1040.0,1020.0,5041671,51671.3,106447,2335777.0,46.33
HINDCOMPOS, 05-Aug-2026,430.9,431.95,418.0,424.85,425.8,3691,15.69,370,1912.0,51.8
HINDCON, 05-Aug-2026,22.9,23.22,22.51,22.97,22.78,9723,2.23,103,7731.0,79.51
HINDCOPPER, 05-Aug-2026,496.2,539.6,495.1,533.8,492.35,22701332,117860.46,253196,6676913.0,29.41
HINDOILEXP, 05-Aug-2026,161.2,161.98,157.8,158.41,161.49,230446,367.07,2554,127558.0,55.35
HINDPETRO, 05-Aug-2026,398.45,401.05,393.5,394.95,391.5,6047719,24006.52,52612,3207112.0,53.03
HINDUNILVR, 05-Aug-2026,2085.3,2097.8,2074.2,2085.3,2096.5,1150148,23940.47,61511,644514.0,56.04
HINDWAREAP, 05-Aug-2026,219.0,225.0,217.0,218.17,219.54,57805,127.03,1645,32024.0,55.4
HINDZINC, 05-Aug-2026,570.0,598.5,568.0,596.95,562.9,13488635,78901.18,152845,6240510.0,46.26
HIRECT, 05-Aug-2026,1325.9,1360.0,1310.1,1330.4,1320.4,117393,1565.21,7114,49136.0,41.86
HISARMETAL, 05-Aug-2026,148.75,153.63,145.56,147.38,148.75,4284,6.32,85,2386.0,55.7
HITECH, 05-Aug-2026,86.5,86.79,85.01,85.34,85.95,315502,270.7,3323,177518.0,56.27
HLEGLAS, 05-Aug-2026,428.15,432.35,422.0,428.4,422.95,152589,652.87,6439,77607.0,50.86
HLVLTD, 05-Aug-2026,7.02,7.3,7.02,7.22,7.09,194222,14.02,663,136700.0,70.38
HMAAGRO, 05-Aug-2026,20.8,21.59,20.5,20.67,20.8,1183613,248.71,2071,857075.0,72.41
HMVL, 05-Aug-2026,104.0,107.8,100.51,104.05,104.45,275093,284.6,3171,161454.0,58.69
HNDFDS, 05-Aug-2026,570.05,578.8,548.85,576.95,586.85,327480,1860.81,23439,183048.0,55.9
HNGSNGBEES, 05-Aug-2026,489.22,496.1,487.0,489.41,489.22,90517,444.69,3664,56732.0,62.68
HOACFOODS, 05-Aug-2026,710.0,729.95,710.0,725.0,717.5,2250,16.24,5,2250.0,100.0
HOLMARC, 05-Aug-2026,106.0,106.0,105.0,105.15,101.0,5250,5.53,7,5250.0,100.0
HOMEFIRST, 05-Aug-2026,1175.2,1192.0,1172.9,1186.9,1169.7,139493,1647.31,12091,77940.0,55.87
HONASA, 05-Aug-2026,460.0,463.95,455.95,459.65,459.4,545034,2505.97,19031,264115.0,48.46
HONAUT, 05-Aug-2026,38190.0,38600.0,37990.0,38375.0,38190.0,4804,1842.31,2675,2977.0,61.97
HONDAPOWER, 05-Aug-2026,2132.8,2132.8,2083.1,2099.6,2104.3,3353,70.75,497,2243.0,66.9
HPAL, 05-Aug-2026,34.69,34.9,33.65,34.02,34.07,39891,13.71,576,27180.0,68.14
HPIL, 05-Aug-2026,127.0,131.0,127.0,129.61,125.05,38048,49.1,68,36288.0,95.37
HPL, 05-Aug-2026,338.5,353.0,336.4,347.95,335.65,207828,714.2,5308,80901.0,38.93
HPTL, 05-Aug-2026,311.6,311.6,311.6,311.6,327.95,1200,3.74,2,1200.0,100.0
HRHNEXT, 05-Aug-2026,27.0,27.0,27.0,27.0,27.0,3000,0.81,2,3000.0,100.0
HSBCGOLD, 05-Aug-2026,124.33,126.29,124.0,125.97,123.72,13104,16.43,65,12615.0,96.27
HSCL, 05-Aug-2026,754.9,767.0,746.35,748.95,751.65,2130026,16063.2,31410,587624.0,27.59
HTMEDIA, 05-Aug-2026,27.01,31.3,27.01,28.66,26.5,4510678,1325.93,9444,1782892.0,39.53
HUBTOWN, 05-Aug-2026,189.5,190.99,179.72,181.47,188.64,1110632,2034.19,7618,650968.0,58.61
HUDCO, 05-Aug-2026,204.0,204.68,201.31,202.84,203.41,2167517,4401.41,26020,892756.0,41.19
HUHTAMAKI, 05-Aug-2026,286.8,294.15,278.1,284.1,288.3,228129,657.1,6485,103822.0,45.51
HVAX, 05-Aug-2026,620.0,620.0,620.0,620.0,617.0,150,0.93,1,150.0,100.0
HYBRIDETF, 05-Aug-2026,10.29,10.29,10.11,10.12,10.09,63919,6.47,44,61917.0,96.87
HYUNDAI, 05-Aug-2026,2213.0,2226.6,2192.8,2218.5,2220.0,391896,8657.33,28432,210784.0,53.79
IBLFL, 05-Aug-2026,61.0,61.0,61.0,61.0,61.6,6000,3.66,3,6000.0,100.0
ICDSLTD, 05-Aug-2026,45.0,45.0,42.7,43.52,43.61,260,0.11,19,240.0,92.31
ICELCO, 05-Aug-2026,147.8,154.7,147.8,152.7,145.45,63600,96.53,53,49200.0,77.36
ICEMAKE, 05-Aug-2026,825.0,826.45,815.7,817.85,820.85,10654,87.41,760,6876.0,64.54
ICICIAMC, 05-Aug-2026,3098.8,3100.0,3056.6,3081.8,3063.8,219168,6748.94,23657,134139.0,61.2
ICICIB22, 05-Aug-2026,118.32,118.32,117.12,117.34,117.12,251304,295.17,2976,166327.0,66.19
ICICIBANK, 05-Aug-2026,1454.6,1454.6,1431.2,1450.1,1454.6,11723296,169108.3,169434,5881584.0,50.17
ICICIGI, 05-Aug-2026,1729.3,1771.0,1662.6,1684.0,1644.8,3035804,51544.6,144222,1377760.0,45.38
ICICIPRULI, 05-Aug-2026,515.0,516.8,505.35,516.55,513.55,1130125,5807.21,24887,640629.0,56.69
ICIL, 05-Aug-2026,421.9,427.35,412.75,418.65,419.75,431878,1815.9,13173,153037.0,35.44
ICRA, 05-Aug-2026,5135.0,5197.0,5107.7,5121.9,5149.0,47170,2434.95,6344,32346.0,68.57
IDBI, 05-Aug-2026,84.84,85.25,84.1,84.32,84.55,2660894,2251.94,12973,1023483.0,38.46
IDEA, 05-Aug-2026,12.91,13.04,12.77,12.8,12.9,204366752,26365.48,250586,46075994.0,22.55
IDEALTECHO, 05-Aug-2026,162.0,180.0,157.0,180.0,175.85,18500,30.37,12,17000.0,91.89
IDENTICAL, 05-Aug-2026,18.4,18.4,18.4,18.4,17.55,2000,0.37,1,2000.0,100.0
IDFCFIRSTB, 05-Aug-2026,86.0,86.25,84.72,85.3,86.0,15014901,12822.83,40918,7671235.0,51.09
IDFNIFTYET, 05-Aug-2026,271.94,272.89,270.49,272.26,271.13,1988,5.41,37,1104.0,55.53
IEML, 05-Aug-2026,42.95,42.95,39.9,40.45,42.0,36500,14.97,49,32500.0,89.04
IEX, 05-Aug-2026,130.29,130.95,129.08,129.59,129.2,3050031,3962.31,26243,1546890.0,50.72
IFBIND, 05-Aug-2026,1390.0,1468.0,1378.6,1443.0,1369.4,283896,4071.53,21952,128510.0,45.27
IFCI, 05-Aug-2026,76.45,76.98,75.4,75.64,75.9,7885321,6000.37,24010,2631379.0,33.37
IFGLEXPOR, 05-Aug-2026,219.9,227.6,213.0,219.62,217.08,121340,267.6,3283,57716.0,47.57
IGARASHI, 05-Aug-2026,462.5,469.8,459.0,461.05,460.75,36422,168.6,2003,17988.0,49.39
IGCL, 05-Aug-2026,76.76,76.76,74.5,75.06,75.28,90966,68.53,935,66223.0,72.8
IGIL, 05-Aug-2026,359.0,368.6,358.0,363.85,362.1,616032,2249.81,21107,409250.0,66.43
IGL, 05-Aug-2026,155.98,155.98,153.6,154.08,153.93,630464,972.42,22158,361937.0,57.41
IGPL, 05-Aug-2026,509.0,521.95,499.0,514.45,503.9,125170,640.33,3983,81500.0,65.11
IIFL, 05-Aug-2026,610.6,616.55,608.2,610.2,607.65,911506,5579.54,24106,477778.0,52.42
IIFLCAPS, 05-Aug-2026,334.5,337.9,334.5,335.35,334.9,150852,506.42,6843,91936.0,60.94
IITL, 05-Aug-2026,143.6,147.29,138.0,142.58,141.19,136790,192.47,1560,32311.0,23.62
IKIO, 05-Aug-2026,199.95,208.0,199.8,205.26,199.95,210644,432.45,3344,76321.0,36.23
IKS, 05-Aug-2026,1872.0,1890.0,1850.5,1877.7,1845.9,82155,1534.68,11809,44450.0,54.11
IMAGICAA, 05-Aug-2026,48.7,50.1,48.32,49.61,48.7,856491,422.28,3913,499063.0,58.27
IMFA, 05-Aug-2026,1487.7,1517.6,1466.0,1489.9,1467.3,567983,8477.43,30768,237095.0,41.74
IMPAL, 05-Aug-2026,1115.3,1121.9,1107.9,1115.3,1116.1,847,9.45,130,589.0,69.54
INA, 05-Aug-2026,116.03,116.87,112.4,113.34,115.92,315643,360.08,3891,184270.0,58.38
INCREDIBLE, 05-Aug-2026,32.42,34.5,32.3,33.02,32.4,27528,9.25,120,21278.0,77.3
INDBANK, 05-Aug-2026,32.6,32.74,32.3,32.4,32.25,14878,4.84,282,9143.0,61.45
INDGN, 05-Aug-2026,559.9,562.6,532.45,540.3,553.75,745330,4088.77,34796,453041.0,60.78
INDHOTEL, 05-Aug-2026,752.0,752.9,733.95,741.05,750.0,2562899,18994.94,47752,1389960.0,54.23
INDIACEM, 05-Aug-2026,391.8,395.65,388.8,392.8,391.4,94830,372.33,6594,35816.0,37.77
INDIAGLYCO, 05-Aug-2026,1180.8,1180.8,1145.0,1155.3,1164.1,112034,1292.93,8089,58746.0,52.44
INDIAMART, 05-Aug-2026,1795.6,1796.0,1760.0,1775.7,1774.8,90440,1606.59,17460,60832.0,67.26
INDIANB, 05-Aug-2026,851.9,864.5,845.2,854.0,845.0,1605357,13718.37,71084,724936.0,45.16
INDIANCARD, 05-Aug-2026,226.0,226.0,221.5,222.0,224.99,580,1.29,36,565.0,97.41
INDIANHUME, 05-Aug-2026,401.1,403.0,387.0,390.3,396.8,46995,186.23,2146,23638.0,50.3
INDIASHLTR, 05-Aug-2026,741.7,748.1,725.0,732.75,732.45,72466,533.01,8431,34736.0,47.93
INDIGO, 05-Aug-2026,5460.0,5508.0,5367.0,5400.0,5358.0,1052626,57078.11,69805,477213.0,45.34
INDIGOPNTS, 05-Aug-2026,1100.8,1114.3,1070.5,1090.8,1089.2,40049,440.15,7309,18350.0,45.82
INDIGRID, 05-Aug-2026,178.7,178.7,176.44,177.88,177.5,1931760,3427.26,15886,1717136.0,88.89
INDIQUBE, 05-Aug-2026,172.88,174.8,169.52,173.7,171.93,15612,26.93,528,8885.0,56.91
INDNIPPON, 05-Aug-2026,1199.4,1199.4,1115.5,1136.6,1183.0,68715,784.17,6225,38880.0,56.58
INDOBORAX, 05-Aug-2026,405.05,418.0,399.5,412.25,404.6,122198,498.66,5353,44705.0,36.58
INDOCO, 05-Aug-2026,226.9,226.9,222.0,222.72,223.58,44970,100.48,1707,22967.0,51.07
INDOFARM, 05-Aug-2026,159.6,165.0,159.1,162.74,157.65,250044,406.6,5126,125506.0,50.19
INDOMIM, 05-Aug-2026,770.0,827.4,761.05,801.95,769.4,6332626,50513.58,148649,1669867.0,26.37
INDORAMA, 05-Aug-2026,64.47,65.41,62.1,62.84,64.46,305295,195.03,3231,159316.0,52.18
INDOSTAR, 05-Aug-2026,240.0,240.45,232.1,233.7,238.3,180375,426.46,2330,132397.0,73.4
INDOTHAI, 05-Aug-2026,122.94,122.94,122.94,122.94,136.6,97492,119.86,1068,97491.0,100.0
INDOUS, 05-Aug-2026,84.01,84.01,80.72,81.5,82.79,27921,22.82,283,12710.0,45.52
INDPRUD, 05-Aug-2026,6640.0,6645.0,6010.0,6346.0,6567.0,195,12.53,74,138.0,70.77
INDRAMEDCO, 05-Aug-2026,373.2,373.8,367.05,368.3,370.45,108881,402.58,3012,69233.0,63.59
INDSWFTLAB, 05-Aug-2026,231.9,235.17,227.95,230.42,230.21,236244,545.95,4672,124485.0,52.69
INDTERRAIN, 05-Aug-2026,32.5,33.18,31.81,31.84,31.89,39909,12.86,361,33483.0,83.9
INDUSINDBK, 05-Aug-2026,1025.0,1038.0,1013.1,1019.0,1026.0,1367377,14011.39,35535,669044.0,48.93
INDUSINVIT, 05-Aug-2026,132.72,132.72,131.85,132.07,132.08,217360,286.93,1057,214386.0,98.63
INDUSTOWER, 05-Aug-2026,392.4,393.05,385.8,385.85,390.0,3522936,13684.34,48725,1918018.0,54.44
INFINIUM, 05-Aug-2026,210.5,210.5,203.25,205.0,206.95,3500,7.19,7,3000.0,85.71
INFLUX, 05-Aug-2026,290.0,305.0,285.0,297.65,287.5,12000,35.14,20,7800.0,65.0
INFOBEAN, 05-Aug-2026,175.53,175.88,168.42,169.62,172.73,206054,354.01,3257,101555.0,49.29
INFOLLION, 05-Aug-2026,155.15,160.9,155.15,157.7,162.55,12800,20.38,21,10000.0,78.13
INFOMEDIA, 05-Aug-2026,5.37,5.56,5.3,5.43,5.38,9483,0.51,40,7988.0,84.23
INFRA, 05-Aug-2026,12.32,12.34,12.23,12.23,12.2,13383,1.64,126,12521.0,93.56
INFRABEES, 05-Aug-2026,981.5,987.81,971.32,974.15,968.52,5036,49.18,466,2713.0,53.87
INFRAIETF, 05-Aug-2026,97.49,97.75,96.81,97.13,97.01,124482,121.0,1485,71975.0,57.82
INFY, 05-Aug-2026,1174.7,1177.5,1162.3,1174.0,1167.5,9964155,116382.6,132200,5186041.0,52.05
INGERRAND, 05-Aug-2026,4401.4,4439.9,4265.1,4304.7,4401.4,15263,665.19,2553,5717.0,37.46
INM, 05-Aug-2026,175.0,175.0,171.0,171.0,180.0,2400,4.13,4,2400.0,100.0
INNOMET, 05-Aug-2026,183.0,183.25,183.0,183.15,185.0,24000,43.94,32,22800.0,95.0
INNOVACAP, 05-Aug-2026,951.95,959.45,925.2,945.0,941.95,22902,214.76,2334,13167.0,57.49
INNOVANA, 05-Aug-2026,315.05,334.0,315.05,331.05,323.75,2913,9.53,81,2250.0,77.24
INNOVISION, 05-Aug-2026,286.75,288.0,285.2,285.8,286.75,7259,20.76,347,5256.0,72.41
INOXINDIA, 05-Aug-2026,1920.9,1973.3,1920.9,1937.5,1901.4,191903,3735.83,22641,94871.0,49.44
INOXWIND, 05-Aug-2026,79.55,80.36,78.11,78.86,79.21,6755805,5344.38,27464,2476741.0,36.66
INSECTICID, 05-Aug-2026,659.9,659.9,642.75,649.0,658.35,12435,80.65,1078,6902.0,55.5
INSUREIETF, 05-Aug-2026,16.28,16.28,15.7,15.73,15.84,34855,5.49,132,34195.0,98.11
INTELLECT, 05-Aug-2026,760.0,760.0,742.0,746.2,748.7,270731,2032.33,11986,114860.0,42.43
INTENTECH, 05-Aug-2026,81.64,88.99,81.64,85.23,81.64,54228,46.2,1041,28338.0,52.26
INTERARCH, 05-Aug-2026,1844.8,1920.0,1836.5,1846.0,1843.1,73915,1387.37,7682,33852.0,45.8
INTERNET, 05-Aug-2026,13.89,14.0,13.87,13.89,13.87,156456,21.76,164,120959.0,77.31
INTLCONV, 05-Aug-2026,76.05,76.35,74.95,75.67,74.93,33231,25.15,760,20592.0,61.97
INVENTURE, 05-Aug-2026,0.92,0.93,0.91,0.91,0.91,1150075,10.6,332,549446.0,47.77
INVICTA, 05-Aug-2026,74.25,80.0,73.75,78.0,74.4,206400,152.77,11,200000.0,96.9
IOB, 05-Aug-2026,34.49,34.74,34.06,34.2,34.29,2322568,798.24,12870,1093379.0,47.08
IOC, 05-Aug-2026,143.89,144.6,142.94,144.0,141.6,8582513,12334.23,43001,4129851.0,48.12
IOLCP, 05-Aug-2026,155.0,164.57,154.5,163.41,153.74,3839940,6179.23,31835,1535014.0,39.97
IONEXCHANG, 05-Aug-2026,425.95,429.9,414.0,415.7,424.6,257801,1081.54,10546,151562.0,58.79
IPCALAB, 05-Aug-2026,1702.6,1778.0,1682.5,1765.0,1694.7,290079,5030.57,26168,150742.0,51.97
IPHL, 05-Aug-2026,68.1,76.9,68.1,72.85,75.55,58800,42.45,34,38400.0,65.31
IPL, 05-Aug-2026,145.07,147.54,145.07,145.4,145.69,157630,229.94,2602,71723.0,45.5
IRB, 05-Aug-2026,20.13,20.22,20.06,20.09,20.13,4952094,996.16,13046,2608932.0,52.68
IRBINVIT, 05-Aug-2026,63.48,63.65,63.21,63.62,63.28,1280524,812.44,5019,1222912.0,95.5
IRCON, 05-Aug-2026,132.3,133.82,131.0,131.36,131.93,1178901,1556.61,11377,432943.0,36.72
IRCTC, 05-Aug-2026,510.6,512.7,507.25,510.25,510.25,703351,3585.05,22726,358736.0,51.0
IREDA, 05-Aug-2026,121.35,121.35,119.1,120.7,120.35,8964128,10785.97,40104,3040353.0,33.92
IRFC, 05-Aug-2026,89.81,90.58,88.5,88.9,89.6,7065708,6315.26,38318,2805235.0,39.7
IRIS, 05-Aug-2026,256.1,270.0,255.0,266.96,258.17,32408,84.93,1715,20672.0,63.79
IRISDOREME, 05-Aug-2026,53.5,54.0,53.02,53.48,53.25,488388,260.96,2316,211062.0,43.22
IRMENERGY, 05-Aug-2026,276.7,279.05,273.95,277.05,272.6,86848,240.42,2329,53954.0,62.12
ISFT, 05-Aug-2026,79.01,81.45,77.3,79.89,79.52,23427,18.65,178,19456.0,83.05
ISGEC, 05-Aug-2026,836.5,840.0,828.0,830.95,832.35,20841,173.74,1666,12863.0,61.72
ISHAN, 05-Aug-2026,0.5,0.5,0.5,0.5,0.45,96000,0.48,2,96000.0,100.0
ISHANCH, 05-Aug-2026,52.0,53.49,49.0,50.97,51.75,99545,50.92,504,81542.0,81.91
IT, 05-Aug-2026,35.05,35.09,34.28,34.61,34.71,414229,144.42,915,190559.0,46.0
ITADD, 05-Aug-2026,33.43,33.49,33.0,33.15,33.21,30949,10.27,99,27835.0,89.94
ITAXIS, 05-Aug-2026,350.0,350.98,344.0,346.68,346.56,5828,20.16,109,2187.0,37.53
ITBEES, 05-Aug-2026,34.7,35.12,34.5,34.72,34.7,9976133,3480.38,13416,5256527.0,52.69
ITBETA, 05-Aug-2026,330.85,333.01,329.78,329.97,330.06,1426,4.72,14,1043.0,73.14
ITC, 05-Aug-2026,288.25,288.5,285.0,286.95,289.0,11771241,33682.24,334123,6782486.0,57.62
ITCHOTELS, 05-Aug-2026,166.7,170.5,165.45,168.93,165.45,3159037,5325.14,35432,1789227.0,56.64
ITDC, 05-Aug-2026,705.95,722.0,703.25,705.35,705.05,121742,865.41,7050,35110.0,28.84
ITETF, 05-Aug-2026,33.48,33.49,33.11,33.21,33.19,455931,151.86,833,253728.0,55.65
ITI, 05-Aug-2026,283.9,286.0,280.15,281.6,282.6,177029,501.01,4831,76611.0,43.28
ITIETF, 05-Aug-2026,34.75,35.24,34.74,34.82,34.46,802976,280.57,1294,357838.0,44.56
IVALUE, 05-Aug-2026,277.9,280.0,272.35,275.2,276.4,302237,835.62,4517,211387.0,69.94
IVC, 05-Aug-2026,8.48,8.61,7.96,8.0,8.48,1035508,85.02,1664,799493.0,77.21
IVZINGOLD, 05-Aug-2026,125.75,125.95,123.85,125.6,123.25,16895,21.17,151,12354.0,73.12
IVZINNIFTY, 05-Aug-2026,286.7,286.7,280.51,284.24,280.01,2923,8.22,84,1739.0,59.49
IWARE, 05-Aug-2026,475.0,475.0,452.0,460.0,475.0,19800,91.6,30,19200.0,96.97
IWP, 05-Aug-2026,32.9,33.89,32.9,33.62,33.85,3604,1.21,39,3379.0,93.76
IXIGO, 05-Aug-2026,197.05,206.39,196.25,204.76,196.15,655788,1333.98,20880,301804.0,46.02
IZMO, 05-Aug-2026,1014.0,1046.25,972.8,1031.8,996.45,160348,1624.85,9013,88549.0,55.22
J&KBANK, 05-Aug-2026,158.31,158.87,155.34,156.46,157.81,3149970,4955.73,24180,1189761.0,37.77
JAGRAN, 05-Aug-2026,63.9,63.9,62.7,62.85,63.02,197201,124.19,2082,130034.0,65.94
JAGSNPHARM, 05-Aug-2026,235.01,243.89,235.01,239.62,236.5,128750,309.48,2421,66547.0,51.69
JAICORPLTD, 05-Aug-2026,103.99,105.3,103.49,104.33,103.28,226072,235.8,2475,95703.0,42.33
JAINIK, 05-Aug-2026,192.0,192.0,186.55,190.75,186.0,8400,15.96,7,7200.0,85.71
JAINREC, 05-Aug-2026,324.95,327.15,321.3,322.55,323.45,1546617,4997.82,23939,551673.0,35.67
JAIPURKURT, 05-Aug-2026,26.61,28.46,26.61,27.3,26.61,75483,20.79,225,68637.0,90.93
JALAN, 05-Aug-2026,1.7,1.7,1.6,1.65,1.65,12000,0.2,4,12000.0,100.0
JAMNAAUTO, 05-Aug-2026,143.31,144.62,141.87,143.27,142.27,2169567,3109.1,23550,1021271.0,47.07
JARO, 05-Aug-2026,460.15,462.35,450.3,453.85,457.35,65357,297.72,1533,21702.0,33.21
JASH, 05-Aug-2026,501.5,503.0,491.0,494.25,495.0,50236,250.27,3985,30601.0,60.91
JAYAGROGN, 05-Aug-2026,224.5,229.7,222.01,224.2,222.64,8355,18.74,369,5365.0,64.21
JAYBARMARU, 05-Aug-2026,154.36,154.36,154.36,154.36,162.48,89964,138.87,842,89964.0,100.0
JAYBEE, 05-Aug-2026,89.5,90.4,86.05,86.7,89.5,15500,13.73,25,13000.0,83.87
JAYESH, 05-Aug-2026,147.8,147.8,140.0,140.8,151.95,9000,12.81,9,6000.0,66.67
JAYKAY, 05-Aug-2026,162.4,163.0,155.25,156.91,161.27,188287,299.56,3216,133064.0,70.67
JAYNECOIND, 05-Aug-2026,88.4,92.5,87.55,91.77,87.86,9066693,8226.48,39995,4637283.0,51.15
JAYSREETEA, 05-Aug-2026,89.01,91.8,88.5,89.29,88.16,46259,41.35,838,30733.0,66.44
JBMA, 05-Aug-2026,664.0,666.65,656.55,663.05,659.7,207640,1373.62,9186,78273.0,37.7
JETFREIGHT, 05-Aug-2026,22.68,23.0,22.04,22.6,21.95,139211,31.39,637,81489.0,58.54
JEYYAM, 05-Aug-2026,23.1,23.8,22.75,23.8,23.9,190000,44.33,34,178000.0,93.68
JFLLIFE, 05-Aug-2026,14.2,14.45,13.55,13.75,13.9,72000,10.12,12,30000.0,41.67
JGCHEM, 05-Aug-2026,505.1,553.5,505.1,548.25,505.75,1818044,9802.92,43071,562454.0,30.94
JHS, 05-Aug-2026,7.69,7.9,7.6,7.76,7.67,50416,3.89,143,37430.0,74.24
JINDALPHOT, 05-Aug-2026,1077.0,1096.2,1060.0,1068.6,1066.5,2799,30.01,384,1640.0,58.59
JINDALPOLY, 05-Aug-2026,632.0,632.0,621.9,626.45,624.8,12348,77.37,1081,8617.0,69.78
JINDALSAW, 05-Aug-2026,266.1,268.3,263.2,265.6,264.4,1173121,3117.53,37521,618927.0,52.76
JINDALSTEL, 05-Aug-2026,1124.0,1126.8,1113.4,1113.4,1124.0,622339,6968.23,20952,263779.0,42.39
JINDRILL, 05-Aug-2026,614.3,626.0,609.65,620.35,614.3,212867,1318.83,7605,95239.0,44.74
JINDWORLD, 05-Aug-2026,40.0,40.01,38.52,39.15,39.88,5949666,2339.87,13061,1166314.0,19.6
JIOFIN, 05-Aug-2026,266.65,268.2,260.7,261.95,265.0,19828927,52431.51,98114,7487595.0,37.76
JISLDVREQS, 05-Aug-2026,22.97,23.17,22.53,22.64,22.52,7370,1.68,65,4640.0,62.96
JISLJALEQS, 05-Aug-2026,31.23,31.41,31.1,31.25,30.92,1104453,345.15,3039,682486.0,61.79
JITFINFRA, 05-Aug-2026,346.8,354.0,340.25,346.85,338.95,25318,87.84,1212,16229.0,64.1
JIWANRAM, 05-Aug-2026,4.9,5.0,4.9,5.0,4.9,30000,1.48,5,18000.0,60.0
JKCEMENT, 05-Aug-2026,5539.5,5556.5,5443.0,5484.5,5492.5,49694,2728.66,15013,22069.0,44.41
JKIL, 05-Aug-2026,494.9,496.95,487.0,490.1,493.15,63714,313.11,1929,36763.0,57.7
JKLAKSHMI, 05-Aug-2026,571.0,575.85,569.65,571.25,570.55,59050,338.36,4474,31802.0,53.86
JKPAPER, 05-Aug-2026,383.85,387.95,383.1,385.25,382.75,202752,781.17,5428,86631.0,42.73
JKTYRE, 05-Aug-2026,415.0,422.0,413.35,415.2,410.4,1338368,5590.74,26640,542811.0,40.56
JLHL, 05-Aug-2026,321.55,326.0,315.4,323.95,321.55,208974,671.63,7523,131785.0,63.06
JMA, 05-Aug-2026,90.99,90.99,88.61,89.47,89.33,4368,3.92,89,2229.0,51.03
JMFINANCIL, 05-Aug-2026,125.0,131.65,124.73,126.12,123.58,13626484,17531.09,80644,3350537.0,24.59
JNKINDIA, 05-Aug-2026,429.5,429.95,415.8,418.8,429.3,230016,971.42,5896,131613.0,57.22
JPOLYINVST, 05-Aug-2026,1065.0,1075.0,1039.5,1044.1,1061.8,3378,35.48,413,1655.0,48.99
JPPOWER, 05-Aug-2026,18.97,19.28,18.25,18.32,18.84,78195615,14656.0,46767,26620517.0,34.04
JSFB, 05-Aug-2026,581.9,581.9,570.0,572.55,573.9,239088,1374.45,9800,127088.0,53.16
JSL, 05-Aug-2026,739.5,753.0,729.4,744.5,735.65,1102716,8193.7,32576,664286.0,60.24
JSLL, 05-Aug-2026,576.95,590.0,575.0,579.25,574.2,345655,2009.95,11473,159901.0,46.26
JSWCEMENT, 05-Aug-2026,132.5,133.19,131.3,132.04,131.91,765513,1011.34,11667,467522.0,61.07
JSWDULUX, 05-Aug-2026,3034.0,3097.1,2990.0,3022.1,2992.6,16282,493.28,4789,6073.0,37.3
JSWENERGY, 05-Aug-2026,570.5,572.0,559.95,566.0,568.0,1348918,7607.43,28016,638838.0,47.36
JSWHL, 05-Aug-2026,12350.0,12453.0,12169.0,12327.0,12175.0,4128,508.91,1472,2134.0,51.7
JSWINFRA, 05-Aug-2026,331.0,336.3,329.25,334.4,329.25,1644489,5486.23,21810,1019484.0,61.99
JSWSTEEL, 05-Aug-2026,1304.5,1331.0,1284.7,1330.0,1300.0,2186609,28615.17,62037,1165745.0,53.31
JTEKTINDIA, 05-Aug-2026,141.59,142.31,140.12,140.82,140.77,90242,127.14,1684,47623.0,52.77
JTLIND, 05-Aug-2026,79.39,80.45,76.27,78.13,78.86,11220643,8840.79,51086,3112848.0,27.74
JUBLCPL, 05-Aug-2026,1895.0,1910.0,1843.5,1893.8,1882.4,5832,109.89,760,4137.0,70.94
JUBLFOOD, 05-Aug-2026,470.8,495.3,467.7,485.0,465.0,12392227,60222.58,140089,5803404.0,46.83
JUBLINGREA, 05-Aug-2026,755.0,757.35,740.5,746.1,751.35,124078,928.3,8434,71323.0,57.48
JUBLPHARMA, 05-Aug-2026,938.45,939.0,910.6,924.7,932.75,71119,662.57,5768,38734.0,54.46
JUNIORBEES, 05-Aug-2026,818.04,818.04,788.0,805.74,802.0,376109,3032.53,10802,202952.0,53.96
JUNIPER, 05-Aug-2026,198.9,202.8,197.08,199.9,195.97,168186,336.35,2654,96895.0,57.61
JUSTDIAL, 05-Aug-2026,709.9,709.9,679.7,683.0,703.75,342065,2369.63,9477,126440.0,36.96
JWL, 05-Aug-2026,264.05,266.2,256.1,258.85,259.85,912426,2383.99,16967,327999.0,35.95
JYOTHYLAB, 05-Aug-2026,202.09,205.35,201.19,204.17,201.91,641067,1302.55,18478,386409.0,60.28
JYOTICNC, 05-Aug-2026,860.0,872.0,854.9,859.75,847.9,809396,6982.82,23978,421500.0,52.08
JYOTIGLOBL, 05-Aug-2026,35.9,35.9,35.9,35.9,35.9,4000,1.44,2,4000.0,100.0
JYOTISTRUC, 05-Aug-2026,12.3,12.45,11.86,12.12,11.57,22246594,2709.7,39323,9390036.0,42.21
K2INFRA, 05-Aug-2026,54.5,54.5,53.5,54.45,54.85,5400,2.93,6,4800.0,88.89
KABRAEXTRU, 05-Aug-2026,415.0,460.5,415.0,454.4,412.45,1022255,4519.08,23818,545105.0,53.32
KAJARIACER, 05-Aug-2026,1215.3,1215.3,1183.0,1185.9,1197.8,176118,2099.27,12918,115273.0,65.45
KALAMANDIR, 05-Aug-2026,88.99,90.0,87.5,88.79,88.26,556040,492.36,4428,299793.0,53.92
KALANA, 05-Aug-2026,18.5,18.5,18.5,18.5,18.95,4000,0.74,2,4000.0,100.0
KALPATARU, 05-Aug-2026,289.9,289.9,282.4,286.85,285.15,63236,180.71,1737,32166.0,50.87
KALYANIFRG, 05-Aug-2026,609.05,620.0,602.65,614.7,609.65,2065,12.64,149,1528.0,74.0
KALYANKJIL, 05-Aug-2026,579.7,593.95,562.7,569.5,591.4,26488790,152522.48,248079,4622726.0,17.45
KAMAHOLD, 05-Aug-2026,2529.1,2543.7,2502.5,2509.2,2522.6,819,20.6,200,624.0,76.19
KAMATHOTEL, 05-Aug-2026,172.9,174.1,170.71,172.76,172.8,12957,22.37,650,8116.0,62.64
KAMOPAINTS, 05-Aug-2026,4.6,4.63,4.52,4.59,4.56,228465,10.48,446,194951.0,85.33
KANANIIND, 05-Aug-2026,1.51,1.54,1.5,1.52,1.51,64805,0.98,279,43670.0,67.39
KANDARP, 05-Aug-2026,97.0,98.1,97.0,98.0,102.0,5000,4.89,5,4000.0,80.0
KANPRPLA, 05-Aug-2026,212.4,215.05,209.23,209.57,211.35,10967,23.26,363,4518.0,41.2
KANSAINER, 05-Aug-2026,202.99,212.3,198.77,210.38,198.92,1566089,3254.41,25269,563651.0,35.99
KAPSTON, 05-Aug-2026,538.0,538.0,522.55,532.85,533.75,41225,219.01,1973,24289.0,58.92
KARMAENG, 05-Aug-2026,39.4,39.8,37.82,38.71,38.13,5912,2.3,117,4460.0,75.44
KARNIKA, 05-Aug-2026,115.0,118.0,107.6,116.7,116.3,92000,104.51,75,59000.0,64.13
KARURVYSYA, 05-Aug-2026,341.85,346.25,336.65,337.65,341.45,1582416,5401.2,32122,831090.0,52.52
KATARIA, 05-Aug-2026,100.95,100.95,97.0,97.75,100.45,13800,13.47,23,8400.0,60.87
KAVDEFENCE, 05-Aug-2026,57.38,58.0,56.0,57.33,57.18,76616,43.9,779,40859.0,53.33
KAYA, 05-Aug-2026,263.2,276.95,263.2,273.75,262.5,31164,84.43,1152,20856.0,66.92
KAYNES, 05-Aug-2026,3894.7,3963.2,3868.3,3898.0,3875.0,1477859,57952.64,82857,277475.0,18.78
KAYTEX, 05-Aug-2026,59.0,59.0,57.5,57.5,58.4,8800,5.11,11,8000.0,90.91
KCEIL, 05-Aug-2026,86.85,87.2,85.6,86.1,86.85,9500,8.19,15,9500.0,100.0
KCK, 05-Aug-2026,18.3,18.55,17.35,17.4,18.25,405000,71.72,97,362500.0,89.51
KCP, 05-Aug-2026,156.0,156.0,154.0,154.86,153.32,99895,154.74,1448,73320.0,73.4
KCPSUGIND, 05-Aug-2026,32.1,32.6,30.4,31.47,31.37,472489,147.83,1521,256504.0,54.29
KDDL, 05-Aug-2026,3750.0,4155.5,3652.9,3704.4,3652.8,492163,19534.63,59156,93145.0,18.93
KDL, 05-Aug-2026,107.0,108.0,105.0,107.45,106.5,9600,10.22,43,8550.0,89.06
KEC, 05-Aug-2026,477.1,485.5,474.05,475.55,474.1,746351,3576.76,21346,377670.0,50.6
KECL, 05-Aug-2026,136.8,150.21,136.8,150.21,136.56,1082552,1605.55,5959,564800.0,52.17
KEEPLEARN, 05-Aug-2026,1.92,1.98,1.87,1.96,1.92,34389,0.67,50,20433.0,59.42
KEI, 05-Aug-2026,5484.1,5599.0,5441.8,5577.0,5500.0,1049613,57900.63,71788,469069.0,44.69
KEL, 05-Aug-2026,80.4,82.0,80.4,81.55,85.85,7200,5.87,6,4800.0,66.67
KELLTONTEC, 05-Aug-2026,14.34,14.39,14.14,14.17,14.23,1032656,147.03,2366,428680.0,41.51
KEN, 05-Aug-2026,36.5,39.35,36.0,38.5,36.8,42000,15.61,24,27600.0,65.71
KENNAMET, 05-Aug-2026,3029.0,3086.0,3011.1,3058.6,3000.7,13839,422.76,1889,8896.0,64.28
KERNEX, 05-Aug-2026,2427.4,2567.0,2427.4,2549.2,2419.1,299258,7492.87,19131,136736.0,45.69
KEYFINSERV, 05-Aug-2026,255.05,264.9,251.05,258.35,261.45,1571,4.03,53,1027.0,65.37
KFINTECH, 05-Aug-2026,954.95,958.75,942.05,948.75,948.95,416602,3960.42,13143,156407.0,37.54
KHAICHEM, 05-Aug-2026,49.5,54.4,49.5,52.68,49.39,488628,258.0,3638,292402.0,59.84
KHAITANLTD, 05-Aug-2026,141.05,159.9,141.0,155.3,146.18,39253,59.93,770,20290.0,51.69
KHANDSE, 05-Aug-2026,17.87,17.87,17.0,17.4,17.54,1071,0.19,31,1039.0,97.01
KICL, 05-Aug-2026,5477.5,5600.0,5455.0,5522.0,5450.5,1552,86.04,404,1100.0,70.88
KIMS, 05-Aug-2026,795.9,815.0,783.15,802.15,795.9,656235,5261.1,17206,378881.0,57.74
KINGFA, 05-Aug-2026,5185.5,5200.0,5149.0,5163.5,5174.5,1676,86.67,817,976.0,58.23
KIOCL, 05-Aug-2026,392.0,396.3,389.0,391.95,391.3,115253,451.91,5559,34448.0,29.89
KIRANVYPAR, 05-Aug-2026,198.0,203.6,194.0,203.6,197.73,1358,2.74,34,1351.0,99.48
KIRIINDUS, 05-Aug-2026,421.7,424.0,415.4,419.2,418.75,86278,361.79,2553,42990.0,49.83
KIRLFER, 05-Aug-2026,465.8,476.5,438.3,461.25,464.15,844943,3837.58,25038,196981.0,23.31
KIRLOSBROS, 05-Aug-2026,1889.9,1993.0,1888.1,1984.9,1891.7,225442,4417.98,23415,100924.0,44.77
KIRLOSENG, 05-Aug-2026,2298.0,2300.5,2222.0,2241.4,2273.9,299321,6755.42,28596,170178.0,56.85
KIRLOSIND, 05-Aug-2026,3985.0,4034.0,3784.1,3803.8,3945.4,15704,605.18,3252,8421.0,53.62
KIRLPNU, 05-Aug-2026,1460.0,1467.7,1421.2,1458.0,1449.1,232733,3361.05,29171,131119.0,56.34
KISSHT, 05-Aug-2026,308.7,310.4,301.25,307.8,307.65,1476873,4523.67,28986,694319.0,47.01
KITEX, 05-Aug-2026,146.48,147.8,144.7,145.15,146.48,329291,480.6,3615,182670.0,55.47
KKCL, 05-Aug-2026,545.0,568.05,535.55,546.5,534.55,335766,1862.23,7928,203637.0,60.65
KKJEWELS, 05-Aug-2026,102.6,102.95,100.0,102.45,102.35,9000,9.17,9,7000.0,77.78
KLBRENG-B, 05-Aug-2026,425.45,425.45,390.0,397.85,419.65,359063,1437.4,11379,204421.0,56.93
KLL, 05-Aug-2026,22.6,23.75,22.25,22.7,22.6,96800,22.22,97,75200.0,77.69
KMEW, 05-Aug-2026,2548.9,2599.0,2516.5,2542.2,2532.2,50581,1294.86,7438,21580.0,42.66
KMSUGAR, 05-Aug-2026,29.5,29.5,28.47,28.58,28.84,193430,55.91,847,131774.0,68.12
KNACK, 05-Aug-2026,198.95,215.0,198.2,213.35,198.7,3964188,8284.24,39606,1574615.0,39.72
KNAGRI, 05-Aug-2026,209.0,210.59,207.0,207.94,207.93,5283,11.06,111,3773.0,71.42
KNRCON, 05-Aug-2026,128.2,136.63,128.2,132.96,128.23,4128143,5521.16,30330,1679808.0,40.69
KODYTECH, 05-Aug-2026,1385.0,1415.0,1383.05,1393.2,1377.35,5000,69.8,45,4100.0,82.0
KOHINOOR, 05-Aug-2026,23.5,23.8,22.9,23.04,23.5,49914,11.58,2353,25524.0,51.14
KOKUYOCMLN, 05-Aug-2026,86.9,89.0,86.42,88.28,85.15,44665,39.15,588,35142.0,78.68
KOLTEPATIL, 05-Aug-2026,400.6,405.6,388.55,392.6,398.0,104976,418.0,3047,47965.0,45.69
KONSTELEC, 05-Aug-2026,62.0,66.0,60.3,65.25,63.0,53000,33.81,28,47000.0,88.68
KORE, 05-Aug-2026,174.3,179.3,173.3,177.5,172.45,1750,3.07,5,1750.0,100.0
KOTAKBANK, 05-Aug-2026,397.0,400.0,393.85,400.0,398.0,11842327,46966.85,116647,8518386.0,71.93
KOTARISUG, 05-Aug-2026,26.7,26.7,25.82,25.95,26.34,22836,5.95,235,14760.0,64.63
KOTHARIPET, 05-Aug-2026,146.38,149.0,143.4,144.12,144.29,119782,175.11,1923,57339.0,47.87
KOTHARIPRO, 05-Aug-2026,69.0,69.5,67.25,68.26,67.14,2507,1.71,67,1989.0,79.34
KOTIC, 05-Aug-2026,159.98,159.98,152.0,154.06,157.16,17236,26.61,584,10471.0,60.75
KOVAI, 05-Aug-2026,5874.0,5964.5,5817.0,5927.0,5862.0,2775,163.8,936,1659.0,59.78
KPEL, 05-Aug-2026,325.4,325.4,309.5,310.65,322.8,253076,794.79,6535,139017.0,54.93
KPIGREEN, 05-Aug-2026,385.4,388.25,375.8,377.0,382.2,530278,2012.41,14664,289050.0,54.51
KPIL, 05-Aug-2026,1280.0,1289.8,1277.4,1283.0,1279.7,41880,537.11,8561,24855.0,59.35
KPITTECH, 05-Aug-2026,630.0,630.5,621.6,623.0,625.6,1547858,9699.99,27663,584549.0,37.77
KPL, 05-Aug-2026,2624.9,2624.9,2551.2,2559.1,2587.0,9783,251.58,2005,5388.0,55.08
KPRMILL, 05-Aug-2026,1060.0,1094.4,1058.2,1078.5,1057.3,308514,3334.95,25641,148176.0,48.03
KRBL, 05-Aug-2026,370.9,379.8,370.15,374.9,368.6,298636,1123.02,7442,118798.0,39.78
KREBSBIO, 05-Aug-2026,55.1,55.5,54.1,54.12,54.29,1919,1.05,33,1854.0,96.61
KRISHANA, 05-Aug-2026,182.8,182.8,178.15,178.74,181.28,323539,582.51,6254,155828.0,48.16
KRISHCA, 05-Aug-2026,161.5,163.7,159.0,163.7,161.0,9500,15.34,15,8000.0,84.21
KRISHIVAL, 05-Aug-2026,391.1,392.5,387.0,387.75,388.55,2269,8.81,195,1802.0,79.42
KRISHNADEF, 05-Aug-2026,1208.0,1225.9,1132.0,1140.1,1201.6,233674,2693.54,14998,138591.0,59.31
KRITIKA, 05-Aug-2026,6.1,6.1,5.46,5.78,5.93,273134,15.9,715,154934.0,56.72
KRITINUT, 05-Aug-2026,82.8,89.15,82.8,89.15,81.05,65290,57.6,303,61635.0,94.4
KRMAYURVED, 05-Aug-2026,292.0,304.0,292.0,297.3,293.0,22000,66.12,17,22000.0,100.0
KRONOX, 05-Aug-2026,162.0,164.85,159.04,161.73,161.83,121532,196.9,2765,64533.0,53.1
KROSS, 05-Aug-2026,207.5,209.6,203.78,204.94,207.48,231329,478.59,6048,77333.0,33.43
KRSNAA, 05-Aug-2026,563.8,566.95,557.35,561.45,562.15,62743,353.03,3318,38862.0,61.94
KRT, 05-Aug-2026,118.0,118.0,116.06,117.0,117.49,465572,545.2,10031,371152.0,79.72
KRYSTAL, 05-Aug-2026,605.95,608.0,600.0,600.1,600.55,21303,127.93,529,16621.0,78.02
KSB, 05-Aug-2026,848.4,868.0,787.2,791.9,856.95,794706,6508.27,41139,311770.0,39.23
KSCL, 05-Aug-2026,794.7,798.0,773.45,781.5,779.7,138621,1088.0,7936,64474.0,46.51
KSHINTL, 05-Aug-2026,910.0,924.05,891.1,903.65,910.25,153095,1389.34,10264,73203.0,47.82
KSL, 05-Aug-2026,871.6,889.8,871.6,882.45,870.9,17367,153.3,1371,10478.0,60.33
KSOLVES, 05-Aug-2026,283.95,285.0,279.0,279.75,283.05,51543,144.73,1294,39233.0,76.12
KSR, 05-Aug-2026,28.89,29.93,28.6,29.48,29.03,4684,1.38,56,4035.0,86.14
KTKBANK, 05-Aug-2026,295.7,300.55,292.4,299.65,296.05,2923154,8697.72,28951,1847829.0,63.21
KUANTUM, 05-Aug-2026,79.67,81.29,79.1,80.05,79.4,89619,71.84,1045,54235.0,60.52
KUSUMGAR, 05-Aug-2026,628.0,648.0,622.15,639.9,622.05,1073730,6847.64,25117,300788.0,28.01
KWIL, 05-Aug-2026,32.94,33.19,32.22,32.53,32.69,4982746,1623.78,12754,2743288.0,55.06
LAGNAM, 05-Aug-2026,88.0,88.5,85.99,86.43,86.15,15150,13.15,142,11536.0,76.15
LAHOTIOV, 05-Aug-2026,42.0,42.0,41.0,41.97,41.7,1884,0.78,24,1813.0,96.23
LAKSHYA, 05-Aug-2026,89.0,93.0,89.0,92.45,87.6,5600,5.17,7,5600.0,100.0
LAL, 05-Aug-2026,8.68,8.68,8.31,8.45,8.42,15721,1.33,195,10652.0,67.76
LALPATHLAB, 05-Aug-2026,1899.9,1915.0,1863.0,1887.1,1889.4,318039,6009.47,47801,185971.0,58.47
LAMBODHARA, 05-Aug-2026,115.0,116.12,113.1,115.7,113.28,5708,6.58,107,4861.0,85.16
LAMOSAIC, 05-Aug-2026,51.3,52.9,51.3,52.9,52.4,7800,4.06,9,6000.0,76.92
LANCORHOL, 05-Aug-2026,27.45,27.45,26.2,26.3,26.34,49442,13.08,378,31691.0,64.1
LANDMARK, 05-Aug-2026,542.85,564.0,540.1,547.05,543.5,280598,1556.45,11487,101747.0,36.26
LANDSMILL, 05-Aug-2026,0.8,0.84,0.8,0.81,0.8,2347943,19.34,927,1471957.0,62.69
LAOPALA, 05-Aug-2026,192.0,210.0,191.01,196.1,190.31,8551629,17353.58,83088,1055267.0,12.34
LASA, 05-Aug-2026,7.04,7.8,7.04,7.66,7.11,77289,5.78,221,64896.0,83.97
LASERPOWER, 05-Aug-2026,291.95,302.0,289.0,290.2,287.45,2454989,7234.34,24903,740383.0,30.16
LATENTVIEW, 05-Aug-2026,299.85,301.0,293.5,295.0,298.05,457211,1353.27,9007,227575.0,49.77
LAURUSLABS, 05-Aug-2026,1854.0,1856.6,1834.5,1835.0,1850.0,2090998,38584.21,43682,1173732.0,56.13
LAXMICOT, 05-Aug-2026,14.26,15.43,14.0,14.16,14.26,13753,1.97,87,6112.0,44.44
LAXMIDENTL, 05-Aug-2026,220.6,221.69,217.1,219.6,218.23,44283,97.3,1192,22919.0,51.76
LCCINFOTEC, 05-Aug-2026,4.19,4.29,3.99,4.05,4.19,399689,16.14,255,308134.0,77.09
LCL, 05-Aug-2026,519.2,537.25,511.15,513.9,519.2,1009572,5259.62,19363,244403.0,24.21
LEMERITE, 05-Aug-2026,23.35,23.68,22.22,23.38,23.12,531706,122.92,754,258082.0,48.54
LEMONTREE, 05-Aug-2026,114.0,115.68,112.5,112.68,113.29,2982763,3390.12,34593,1615383.0,54.16
LENSKART, 05-Aug-2026,570.0,575.0,565.25,572.65,567.5,2302092,13165.25,49814,1385941.0,60.2
LEXUS, 05-Aug-2026,14.87,14.88,14.3,14.55,14.88,15862,2.3,84,12789.0,80.63
LFIC, 05-Aug-2026,142.0,142.01,142.0,142.01,142.68,72,0.1,6,67.0,93.06
LGBBROSLTD, 05-Aug-2026,1525.0,1543.1,1505.5,1514.7,1519.8,30886,469.59,3994,18780.0,60.8
LGEINDIA, 05-Aug-2026,1543.7,1582.4,1534.1,1578.6,1542.5,340379,5337.86,19552,199218.0,58.53
LGHL, 05-Aug-2026,204.0,208.81,200.5,201.98,201.82,19480,39.5,310,7206.0,36.99
LIBAS, 05-Aug-2026,10.1,10.5,9.28,9.75,9.9,77409,7.53,355,46702.0,60.33
LIBERTSHOE, 05-Aug-2026,261.45,270.0,261.35,268.2,260.9,35347,94.48,1604,18398.0,52.05
LICHSGFIN, 05-Aug-2026,514.6,516.85,510.05,512.05,512.0,1022787,5247.33,22877,402607.0,39.36
LICI, 05-Aug-2026,386.0,397.35,385.9,393.0,391.3,46620081,182756.53,179717,32034893.0,68.71
LICMFGOLD, 05-Aug-2026,129.45,134.65,128.95,129.95,127.95,200017,260.69,1185,46787.0,23.39
LICNETFGSC, 05-Aug-2026,29.58,29.59,29.45,29.5,29.44,12455,3.68,96,7534.0,60.49
LICNETFN50, 05-Aug-2026,276.0,276.0,274.51,275.94,275.44,3329,9.17,25,2143.0,64.37
LICNETFSEN, 05-Aug-2026,890.66,891.74,890.66,891.74,888.0,4,0.04,3,4.0,100.0
LICNFNHGP, 05-Aug-2026,282.87,283.2,280.36,282.13,281.47,47,0.13,13,33.0,70.21
LICNMID100, 05-Aug-2026,64.23,66.4,63.65,64.2,63.6,290851,186.75,153,111332.0,38.28
LIKHITHA, 05-Aug-2026,224.0,233.99,220.02,220.8,221.97,26155,58.23,802,18035.0,68.95
LINC, 05-Aug-2026,102.92,104.9,100.5,100.97,101.68,23993,24.5,690,15113.0,62.99
LINCOLN, 05-Aug-2026,599.0,618.5,588.15,610.85,593.3,56777,344.7,3078,35490.0,62.51
LINDEINDIA, 05-Aug-2026,7213.0,7225.5,7071.5,7088.0,7156.5,15357,1092.01,4072,8198.0,53.38
LIQGRWBEES, 05-Aug-2026,1050.38,1050.4,1050.38,1050.39,1050.26,39214,411.9,214,28394.0,72.41
LIQUID, 05-Aug-2026,1000.0,1000.0,999.99,999.99,999.99,225228,2252.28,205,194229.0,86.24
LIQUID1, 05-Aug-2026,1116.72,1116.74,1116.72,1116.73,1116.59,969689,10828.8,1013,559225.0,57.67
LIQUIDADD, 05-Aug-2026,1138.85,1138.87,1138.85,1138.86,1138.72,476460,5426.19,744,376936.0,79.11
LIQUIDBEES, 05-Aug-2026,1002.98,1002.98,999.99,1000.0,999.99,4078946,40789.41,4776,3026793.0,74.21
LIQUIDBETA, 05-Aug-2026,1002.91,1002.91,1002.91,1002.91,1002.78,209,2.1,2,209.0,100.0
LIQUIDBETF, 05-Aug-2026,1093.12,1093.26,1093.12,1093.25,1093.12,289428,3164.18,120,262276.0,90.62
LIQUIDCASE, 05-Aug-2026,115.33,115.33,115.31,115.32,115.31,16461611,18983.45,14105,11692197.0,71.03
LIQUIDETF, 05-Aug-2026,1000.0,1000.01,999.99,1000.0,999.99,111208,1112.08,200,66868.0,60.13
LIQUIDIETF, 05-Aug-2026,1000.0,1000.01,999.99,999.99,999.99,414252,4142.52,233,274319.0,66.22
LIQUIDPLUS, 05-Aug-2026,1097.48,1097.5,1097.48,1097.49,1097.34,638041,7002.44,290,360936.0,56.57
LIQUIDSBI, 05-Aug-2026,999.99,1000.01,999.99,999.99,999.99,2907,29.07,29,2768.0,95.22
LIQUIDSHRI, 05-Aug-2026,1115.97,1115.98,1115.96,1115.96,1115.83,918,10.24,18,890.0,96.95
LLOYDS, 05-Aug-2026,67.5,67.55,67.5,67.55,71.0,6000,4.05,6,6000.0,100.0
LLOYDSENGG, 05-Aug-2026,93.16,93.75,90.16,93.28,92.72,14857412,13735.84,43855,6516968.0,43.86
LLOYDSENT, 05-Aug-2026,81.69,82.65,79.84,81.44,81.15,2531470,2057.05,11337,1111785.0,43.92
LLOYDSME, 05-Aug-2026,2062.0,2094.0,2055.2,2087.1,2053.0,356372,7391.69,20234,218640.0,61.35
LMW, 05-Aug-2026,16062.0,16400.0,16062.0,16372.0,16064.0,1592,259.79,734,807.0,50.69
LODHA, 05-Aug-2026,1249.9,1264.2,1240.3,1250.0,1229.8,1531623,19207.23,37053,629999.0,41.13
LORDSCHLO, 05-Aug-2026,146.08,149.98,142.0,142.64,147.53,10733,15.52,488,8086.0,75.34
LOTUSDEV, 05-Aug-2026,195.75,197.85,191.69,193.03,193.65,3488592,6762.68,9146,1718368.0,49.26
LOTUSEYE, 05-Aug-2026,117.85,118.2,116.05,117.83,116.56,9005,10.55,247,5154.0,57.23
LOVABLE, 05-Aug-2026,74.5,74.5,72.81,73.62,73.31,4985,3.67,130,3428.0,68.77
LOWVOL, 05-Aug-2026,213.0,213.72,212.33,213.02,211.92,484,1.03,12,266.0,54.96
LOWVOL1, 05-Aug-2026,21.85,22.3,21.75,21.97,21.46,108026,23.59,198,39185.0,36.27
LOWVOLIETF, 05-Aug-2026,22.98,22.98,22.78,22.83,22.53,1451280,331.77,1048,1055067.0,72.7
LOYALTEX, 05-Aug-2026,227.99,227.99,210.0,210.0,208.99,1237,2.66,17,1118.0,90.38
LPDC, 05-Aug-2026,6.68,6.68,6.17,6.37,6.32,23674,1.51,114,15585.0,65.83
LT, 05-Aug-2026,4025.0,4074.0,4024.8,4057.0,3990.0,1910224,77478.75,98367,914527.0,47.88
LTF, 05-Aug-2026,323.0,326.75,318.3,318.4,317.9,5834701,18726.94,39023,3083137.0,52.84
LTFOODS, 05-Aug-2026,417.0,424.0,415.3,417.15,417.4,351962,1478.01,14324,154130.0,43.79
LTGILTBEES, 05-Aug-2026,29.93,30.06,29.93,30.01,29.9,2023972,607.37,637,1736879.0,85.82
LTGILTCASE, 05-Aug-2026,30.75,30.75,30.44,30.58,30.49,151087,46.22,213,130168.0,86.15
LTM, 05-Aug-2026,4589.0,4602.2,4503.5,4506.0,4559.0,156961,7131.35,19513,55631.0,35.44
LTTS, 05-Aug-2026,3520.9,3593.3,3498.1,3575.3,3502.0,98283,3489.75,17563,45475.0,46.27
LUMAXIND, 05-Aug-2026,5755.0,5894.5,5750.0,5798.0,5704.5,28322,1645.52,5986,12485.0,44.08
LUMAXTECH, 05-Aug-2026,1638.4,1706.8,1627.7,1697.9,1634.3,301915,5079.26,20280,149622.0,49.56
LUPIN, 05-Aug-2026,2410.0,2410.0,2357.5,2388.0,2410.0,1494574,35582.54,76958,1063793.0,71.18
LUXIND, 05-Aug-2026,1272.0,1294.8,1272.0,1287.2,1267.9,15812,203.11,1528,8978.0,56.78
LXCHEM, 05-Aug-2026,185.2,189.14,181.22,181.57,184.29,1531727,2836.12,16312,660289.0,43.11
M&M, 05-Aug-2026,3470.0,3485.8,3435.0,3455.4,3433.0,1970549,68256.98,120733,1151961.0,58.46
M&MFIN, 05-Aug-2026,398.6,401.65,395.1,398.4,398.6,2383486,9485.48,35280,1398519.0,58.68
MAANALU, 05-Aug-2026,128.87,130.0,126.11,127.25,127.09,38072,48.86,922,21671.0,56.92
MACOBSTECH, 05-Aug-2026,208.7,214.05,208.7,209.1,210.1,3200,6.72,4,1600.0,50.0
MACPOWER, 05-Aug-2026,1530.3,1558.0,1515.0,1534.9,1530.3,34594,530.97,3774,16968.0,49.05
MADHAV, 05-Aug-2026,34.42,36.28,34.42,35.76,33.59,5563,1.96,124,3928.0,70.61
MADHAVIPL, 05-Aug-2026,7.9,8.22,7.9,7.98,7.89,73693,5.89,269,55446.0,75.24
MADHUSUDAN, 05-Aug-2026,230.2,235.0,229.05,231.05,230.15,14000,32.48,14,13000.0,92.86
MADRASFERT, 05-Aug-2026,67.5,67.6,66.75,66.86,66.87,29209,19.59,468,17793.0,60.92
MAFANG, 05-Aug-2026,198.96,198.96,198.96,198.96,193.69,139209,276.97,612,139209.0,100.0
MAFATIND, 05-Aug-2026,133.03,135.35,132.53,134.33,132.01,14561,19.49,363,11505.0,79.01
MAGADSUGAR, 05-Aug-2026,538.75,549.45,505.0,512.25,548.75,54074,284.25,3501,25785.0,47.68
MAGNUM, 05-Aug-2026,19.94,19.94,18.36,19.42,19.94,77030,14.73,271,60836.0,78.98
MAHABANK, 05-Aug-2026,79.02,80.1,78.4,79.2,78.42,9813088,7766.01,40937,4579936.0,46.67
MAHAPEXLTD, 05-Aug-2026,46.0,48.0,45.0,46.9,45.41,4650,2.16,79,3268.0,70.28
MAHASTEEL, 05-Aug-2026,1080.0,1094.9,1060.4,1076.9,1074.9,16334,176.06,930,11573.0,70.85
MAHEPC, 05-Aug-2026,108.3,110.09,106.81,107.61,107.68,49071,53.25,1129,30623.0,62.41
MAHICKRA, 05-Aug-2026,260.0,260.0,258.0,258.0,263.5,6750,17.52,5,6750.0,100.0
MAHKTECH, 05-Aug-2026,23.89,23.89,23.89,23.89,23.67,394802,94.32,509,394792.0,100.0
MAHLIFE, 05-Aug-2026,400.95,400.95,380.05,382.85,397.55,352224,1364.19,9386,216874.0,61.57
MAHLOG, 05-Aug-2026,420.45,422.0,408.1,413.5,421.0,135899,564.73,4446,83494.0,61.44
MAHSCOOTER, 05-Aug-2026,13997.0,14040.0,13800.0,13834.0,13833.0,4462,621.64,2032,2103.0,47.13
MAHSEAMLES, 05-Aug-2026,582.0,589.0,580.0,582.6,579.1,76222,445.14,4420,46102.0,60.48
MAITHANALL, 05-Aug-2026,967.0,978.95,963.3,968.55,962.75,31672,307.02,2045,17730.0,55.98
MAITREYA, 05-Aug-2026,122.0,122.0,122.0,122.0,122.0,1200,1.46,2,1200.0,100.0
MAJESAUT, 05-Aug-2026,490.0,500.0,477.0,487.9,482.45,42906,208.63,2033,26384.0,61.49
MAKEINDIA, 05-Aug-2026,167.01,168.86,167.01,168.57,167.01,37694,63.5,434,24681.0,65.48
MAKS, 05-Aug-2026,18.3,18.3,17.1,17.2,18.0,10500,1.83,5,10500.0,100.0
MAL, 05-Aug-2026,32.9,33.0,31.5,31.5,33.0,8000,2.57,5,6400.0,80.0
MALLCOM, 05-Aug-2026,997.3,1019.9,987.4,1012.65,992.7,2214,22.19,189,1504.0,67.93
MALUPAPER, 05-Aug-2026,33.98,34.48,32.5,33.3,33.45,8512,2.86,133,3869.0,45.45
MAMATA, 05-Aug-2026,419.1,427.0,411.95,425.15,414.4,238907,1011.68,8374,131704.0,55.13
MANAKALUCO, 05-Aug-2026,35.1,36.0,34.75,35.61,35.12,56096,19.89,818,32283.0,57.55
MANAKCOAT, 05-Aug-2026,119.94,120.32,117.11,117.92,119.42,111213,131.67,1487,60099.0,54.04
MANAKSIA, 05-Aug-2026,57.5,57.5,56.1,56.86,56.74,13516,7.63,274,10965.0,81.13
MANAKSTEEL, 05-Aug-2026,79.25,82.49,77.42,81.34,79.26,152715,123.32,1163,117841.0,77.16
MANALIPETC, 05-Aug-2026,67.7,67.7,65.15,65.66,66.57,242844,160.29,2021,149445.0,61.54
MANAPPURAM, 05-Aug-2026,362.2,369.7,359.9,363.6,356.6,11441426,41624.39,59137,6401752.0,55.95
MANBA, 05-Aug-2026,134.87,135.5,133.0,133.66,134.68,58851,79.25,584,14192.0,24.12
MANCREDIT, 05-Aug-2026,243.6,248.4,240.0,245.1,245.15,163522,400.71,2702,86168.0,52.7
MANDEEP, 05-Aug-2026,19.0,19.0,19.0,19.0,19.05,2000,0.38,1,2000.0,100.0
MANGALAM, 05-Aug-2026,27.25,27.48,26.45,27.06,26.98,25548,6.92,190,20165.0,78.93
MANGLMCEM, 05-Aug-2026,950.45,960.0,932.05,949.0,944.65,16411,154.92,1062,8196.0,49.94
MANILAM, 05-Aug-2026,49.0,49.0,49.0,49.0,50.5,2000,0.98,1,2000.0,100.0
MANINDS, 05-Aug-2026,547.3,551.85,531.0,533.15,542.7,206935,1114.27,6977,102628.0,49.59
MANINFRA, 05-Aug-2026,113.3,115.0,111.32,113.47,111.61,2340787,2655.41,14781,813315.0,34.75
MANIPALHOS, 05-Aug-2026,652.0,675.8,635.0,666.95,590.0,47007715,307846.6,609142,29454657.0,62.66
MANKIND, 05-Aug-2026,2461.0,2461.9,2435.0,2435.6,2438.0,157619,3858.7,12049,79850.0,50.66
MANOMAY, 05-Aug-2026,215.0,218.5,208.88,214.06,213.43,232659,498.0,4116,74527.0,32.03
MANORAMA, 05-Aug-2026,1621.9,1633.6,1600.0,1607.9,1617.8,66429,1073.45,7630,39867.0,60.01
MANUFGBEES, 05-Aug-2026,166.46,166.92,165.9,166.3,165.99,2497,4.16,78,2364.0,94.67
MANYAVAR, 05-Aug-2026,497.9,513.0,481.0,504.35,485.9,16405389,81825.52,244667,1711011.0,10.43
MAPMYINDIA, 05-Aug-2026,1082.8,1096.2,1041.1,1046.4,1139.7,1318176,14071.32,63886,416584.0,31.6
MARATHON, 05-Aug-2026,392.5,396.0,385.1,387.2,391.45,34950,135.78,1090,24019.0,68.72
MARCO, 05-Aug-2026,31.05,31.05,29.65,31.0,31.95,7500,2.31,5,6000.0,80.0
MARICO, 05-Aug-2026,878.6,879.0,846.85,852.0,875.0,3931248,33649.59,75659,1313697.0,33.42
MARINE, 05-Aug-2026,304.0,308.0,297.95,305.5,300.6,1503289,4566.04,20026,661881.0,44.03
MARKOLINES, 05-Aug-2026,177.0,180.95,176.55,177.23,176.17,49333,87.81,761,19405.0,39.33
MARKSANS, 05-Aug-2026,271.0,271.8,265.0,270.65,269.1,878439,2362.21,18179,389318.0,44.32
MARSONS, 05-Aug-2026,108.95,113.49,107.25,107.9,108.15,1530835,1672.31,6700,354077.0,23.13
MARUTI, 05-Aug-2026,14240.0,14249.0,14089.0,14190.0,14168.0,312540,44226.79,48446,163955.0,52.46
MASFIN, 05-Aug-2026,310.0,313.85,306.05,307.2,310.75,119191,368.28,4666,78896.0,66.19
MASON, 05-Aug-2026,120.0,120.0,118.2,118.4,120.0,7500,8.93,15,6500.0,86.67
MASPTOP50, 05-Aug-2026,79.23,79.23,79.23,79.23,77.96,191382,151.63,161,95691.0,50.0
MASTEK, 05-Aug-2026,1842.6,1866.4,1816.7,1827.9,1842.6,44088,807.77,6209,20391.0,46.25
MASTER, 05-Aug-2026,495.0,495.0,485.0,485.0,500.25,1500,7.33,3,1500.0,100.0
MASTERTR, 05-Aug-2026,84.03,85.17,81.55,81.91,84.03,250545,207.45,1474,117375.0,46.85
MATRIMONY, 05-Aug-2026,429.0,433.1,426.1,427.55,431.2,5284,22.74,252,3983.0,75.38
MAXESTATES, 05-Aug-2026,392.6,404.4,392.6,395.45,392.6,56036,223.36,4508,35809.0,63.9
MAXHEALTH, 05-Aug-2026,1080.0,1087.0,1066.4,1080.0,1077.0,1171384,12581.88,39218,695011.0,59.33
MAXIND, 05-Aug-2026,172.5,175.0,170.1,171.22,171.8,41421,71.14,1354,23978.0,57.89
MAXPOSURE, 05-Aug-2026,33.55,33.55,33.5,33.5,34.0,4000,1.34,4,4000.0,100.0
MAXVOLT, 05-Aug-2026,353.0,355.0,340.35,345.0,350.0,19200,66.18,42,17200.0,89.58
MAYURUNIQ, 05-Aug-2026,776.0,799.0,763.0,768.95,774.45,150465,1172.19,9354,78954.0,52.47
MAZDOCK, 05-Aug-2026,2400.2,2424.0,2368.3,2380.5,2389.0,469368,11244.01,22939,128159.0,27.3
MBAPL, 05-Aug-2026,158.62,160.54,155.5,156.93,158.62,840922,1324.54,8591,606376.0,72.11
MBEL, 05-Aug-2026,296.0,299.2,285.2,287.9,295.75,180366,524.2,6439,110204.0,61.1
MCCHRLS-B, 05-Aug-2026,700.0,700.0,669.5,674.75,680.0,343,2.32,44,230.0,67.06
MCL, 05-Aug-2026,57.8,57.8,55.0,55.32,55.25,45676,25.44,1274,19750.0,43.24
MCLOUD, 05-Aug-2026,28.75,29.45,28.5,28.79,28.76,2302990,666.41,4032,877809.0,38.12
MCON, 05-Aug-2026,42.0,42.3,41.8,41.8,44.0,18000,7.57,11,18000.0,100.0
MCX, 05-Aug-2026,2678.0,2678.0,2565.5,2598.6,2680.0,5561921,144562.87,364013,2189623.0,39.37
MDL, 05-Aug-2026,61.2,61.2,58.15,61.0,61.15,3000,1.8,3,2000.0,66.67
MEDANTA, 05-Aug-2026,1434.9,1449.5,1405.1,1410.3,1435.1,222083,3139.88,19649,134545.0,60.58
MEDIASSIST, 05-Aug-2026,357.7,375.7,357.2,362.35,357.7,133286,488.62,6834,66669.0,50.02
MEDICAMEQ, 05-Aug-2026,252.0,253.78,241.0,243.11,250.83,12849,31.5,549,8832.0,68.74
MEDICO, 05-Aug-2026,49.0,49.24,47.12,48.53,49.06,671646,325.71,1483,240203.0,35.76
MEDIORG, 05-Aug-2026,28.4,28.4,28.4,28.4,29.85,2000,0.57,1,2000.0,100.0
MEDISTEP, 05-Aug-2026,19.15,20.0,19.15,20.0,19.5,6000,1.17,2,6000.0,100.0
MEDPLUS, 05-Aug-2026,690.0,706.0,682.1,690.3,684.05,191295,1332.39,7656,96997.0,50.71
MEESHO, 05-Aug-2026,193.0,193.49,188.63,189.75,191.88,5788626,11064.47,41872,2545438.0,43.97
MEGASTAR, 05-Aug-2026,331.95,333.0,325.0,330.35,329.8,4736,15.62,307,2201.0,46.47
MEGATHERM, 05-Aug-2026,208.75,209.0,206.0,207.0,208.75,10000,20.72,25,7600.0,76.0
MEIL, 05-Aug-2026,286.95,289.0,270.9,280.05,286.55,31139,88.16,1434,24431.0,78.46
MENNPIS, 05-Aug-2026,73.7,79.1,70.0,74.17,73.34,469695,347.84,5043,173670.0,36.98
MERCANTILE, 05-Aug-2026,24.16,25.9,24.16,25.26,24.16,5790,1.48,47,4307.0,74.39
MERCURYEV, 05-Aug-2026,36.95,36.95,34.55,35.3,35.74,276122,97.15,1170,200207.0,72.51
METAL, 05-Aug-2026,13.12,13.39,13.12,13.37,13.12,3703730,492.08,4483,2184979.0,58.99
METALIC, 05-Aug-2026,106.0,111.15,106.0,111.15,105.9,83200,91.58,47,80000.0,96.15
METALIETF, 05-Aug-2026,13.1,13.4,13.1,13.32,13.1,14062948,1858.85,11136,7148940.0,50.84
METROBRAND, 05-Aug-2026,1000.0,1024.8,982.0,1001.0,1040.7,165122,1656.5,15339,67066.0,40.62
METROGLOBL, 05-Aug-2026,137.0,137.0,129.0,130.02,132.42,528,0.7,54,271.0,51.33
METROPOLIS, 05-Aug-2026,590.0,592.0,571.3,576.75,584.5,236725,1373.12,13103,93316.0,39.42
MFML, 05-Aug-2026,19.62,19.62,19.06,19.1,19.62,953,0.18,41,775.0,81.32
MFSL, 05-Aug-2026,1522.2,1536.2,1502.9,1523.0,1519.3,646093,9852.07,26390,358940.0,55.56
MGL, 05-Aug-2026,1114.1,1126.8,1111.5,1115.1,1111.6,105453,1179.91,11930,54237.0,51.43
MGSL, 05-Aug-2026,75.0,78.3,75.0,78.0,74.5,9600,7.45,8,7200.0,75.0
MHLXMIRU, 05-Aug-2026,156.99,163.49,156.6,161.38,155.71,29934,48.13,619,23205.0,77.52
MHRIL, 05-Aug-2026,227.9,236.73,227.0,233.24,227.98,284189,662.39,5447,171840.0,60.47
MICROPRO, 05-Aug-2026,18.2,18.2,18.15,18.15,18.2,3200,0.58,2,3200.0,100.0
MID150, 05-Aug-2026,24.11,24.11,23.65,23.73,23.64,90425,21.53,156,60482.0,66.89
MID150BEES, 05-Aug-2026,245.0,245.0,241.71,242.1,241.47,1955718,4736.15,6470,1789881.0,91.52
MID150CASE, 05-Aug-2026,11.96,11.96,11.61,11.77,11.73,1335926,157.36,3693,1028477.0,76.99
MIDCAP, 05-Aug-2026,18.75,18.75,18.58,18.64,18.57,367998,68.65,815,243124.0,66.07
MIDCAPADD, 05-Aug-2026,23.47,23.52,23.07,23.26,23.4,33357,7.82,46,31565.0,94.63
MIDCAPBETA, 05-Aug-2026,236.96,237.0,236.0,236.77,236.96,3465,8.2,44,2235.0,64.5
MIDCAPETF, 05-Aug-2026,24.57,24.57,23.3,23.81,23.85,7908431,1889.24,5720,5672218.0,71.72
MIDCAPIETF, 05-Aug-2026,24.21,24.42,24.19,24.24,24.21,710984,172.44,2168,384009.0,54.01
MIDHANI, 05-Aug-2026,417.05,418.5,413.3,416.15,412.6,389062,1618.57,11113,180666.0,46.44
MIDQ50ADD, 05-Aug-2026,25.52,25.7,25.51,25.63,25.46,67593,17.3,320,59586.0,88.15
MIDSELIETF, 05-Aug-2026,19.9,19.9,19.71,19.81,19.62,282442,55.97,637,208047.0,73.66
MIDSMALL, 05-Aug-2026,51.64,51.99,51.64,51.78,51.65,303219,157.14,727,196952.0,64.95
MIDWESTLTD, 05-Aug-2026,1216.8,1222.0,1201.0,1204.7,1216.8,7564,91.54,799,4644.0,61.4
MIEL, 05-Aug-2026,12.5,12.5,12.5,12.5,13.0,2000,0.25,1,2000.0,100.0
MINDACORP, 05-Aug-2026,729.45,735.0,720.0,723.0,722.2,257264,1871.33,13717,131696.0,51.19
MINDSPACE, 05-Aug-2026,494.95,498.8,490.5,492.56,493.67,211759,1042.17,7173,174352.0,82.34
MINDTECK, 05-Aug-2026,193.07,197.97,190.5,191.71,192.39,56257,109.18,1655,18577.0,33.02
MIRZAINT, 05-Aug-2026,34.5,34.5,33.54,33.84,34.2,119558,40.68,1556,57233.0,47.87
MITTAL, 05-Aug-2026,0.92,0.92,0.9,0.91,0.9,188067,1.71,254,150553.0,80.05
MKPL, 05-Aug-2026,4.2,4.25,4.14,4.21,4.18,99831,4.18,377,63062.0,63.17
MMEL, 05-Aug-2026,29.95,30.0,29.95,30.0,29.3,4000,1.2,2,4000.0,100.0
MMFL, 05-Aug-2026,552.85,576.0,552.85,570.55,552.85,124762,703.69,5731,68896.0,55.22
MMP, 05-Aug-2026,305.0,334.65,300.55,329.35,301.05,382602,1230.98,10705,164551.0,43.01
MMTC, 05-Aug-2026,64.0,64.64,63.63,63.78,63.65,1102599,706.1,6905,420707.0,38.16
MNC, 05-Aug-2026,34.38,34.68,34.38,34.55,34.38,80276,27.75,413,71640.0,89.24
MOALPHA50, 05-Aug-2026,55.23,55.38,55.03,55.25,54.96,6977,3.85,56,6787.0,97.28
MOBANK10, 05-Aug-2026,17.06,18.1,16.76,17.24,17.06,35986,6.18,97,14755.0,41.0
MOBIKWIK, 05-Aug-2026,207.0,207.4,202.51,203.33,205.97,1128979,2312.06,12390,402923.0,35.69
MOBILISE, 05-Aug-2026,112.0,112.0,111.0,111.0,114.0,3200,3.57,2,3200.0,100.0
MOCAPITAL, 05-Aug-2026,53.62,53.62,52.66,52.78,53.04,931782,492.49,3893,569631.0,61.13
MODEFENCE, 05-Aug-2026,103.29,104.1,102.7,102.97,103.07,959815,993.18,6069,541781.0,56.45
MODIRUBBER, 05-Aug-2026,125.8,125.8,121.61,123.55,124.51,540,0.67,40,458.0,84.81
MODIS, 05-Aug-2026,396.65,423.0,396.65,410.65,396.0,86140,352.1,1513,40704.0,47.25
MODTHREAD, 05-Aug-2026,51.89,51.89,47.03,50.64,48.05,1654,0.84,20,1208.0,73.04
MOENERGY, 05-Aug-2026,39.34,39.34,38.73,38.77,38.94,233137,90.57,748,183843.0,78.86
MOGOLD, 05-Aug-2026,141.15,143.45,141.15,142.7,140.3,96591,137.41,490,74010.0,76.62
MOGSEC, 05-Aug-2026,65.75,66.6,65.12,65.39,65.24,11120,7.33,136,2327.0,20.93
MOHEALTH, 05-Aug-2026,51.8,52.0,51.1,51.57,51.71,70605,36.41,639,48276.0,68.37
MOHITIND, 05-Aug-2026,28.85,29.79,26.1,26.72,26.94,910651,257.26,5513,278417.0,30.57
MOIL, 05-Aug-2026,283.0,283.8,280.4,282.7,282.75,618608,1745.43,13418,319049.0,51.58
MOINFRA, 05-Aug-2026,62.47,62.47,60.55,60.95,60.73,2440,1.49,79,1628.0,66.72
MOIPO, 05-Aug-2026,47.96,48.09,47.89,48.06,47.96,1056,0.51,32,799.0,75.66
MOKSH, 05-Aug-2026,10.39,10.64,10.18,10.57,10.29,40007,4.17,175,28316.0,70.78
MOL, 05-Aug-2026,54.49,54.78,53.2,53.39,54.07,762224,409.28,3481,402770.0,52.84
MOLDTECH, 05-Aug-2026,154.0,169.0,153.01,166.4,151.46,641554,1052.37,10647,246715.0,38.46
MOLDTKPAC, 05-Aug-2026,696.95,696.95,679.95,685.55,684.9,73970,509.02,4150,33709.0,45.57
MOLOWVOL, 05-Aug-2026,38.25,38.25,37.41,37.68,37.5,74396,27.89,73,72267.0,97.14
MOM100, 05-Aug-2026,67.7,68.83,67.68,68.52,68.12,198497,136.18,2202,120425.0,60.67
MOM30IETF, 05-Aug-2026,31.4,31.64,31.38,31.48,31.4,857226,269.8,1703,567009.0,66.14
MOM50, 05-Aug-2026,257.77,258.58,256.34,257.23,256.27,2299,5.92,124,1650.0,71.77
MOMENTUM, 05-Aug-2026,31.36,31.41,31.19,31.27,31.21,24941,7.8,160,21956.0,88.03
MOMENTUM30, 05-Aug-2026,30.93,31.1,30.83,30.97,30.85,66054,20.47,116,43038.0,65.16
MOMENTUM50, 05-Aug-2026,55.0,55.0,53.45,53.72,53.43,370977,199.04,1269,265370.0,71.53
MOMGF, 05-Aug-2026,163.0,167.0,163.0,165.49,161.78,3567,5.89,48,2395.0,67.14
MOMIDMTM, 05-Aug-2026,64.67,64.67,63.9,64.17,64.22,49113,31.65,230,39812.0,81.06
MOMMIDCAP, 05-Aug-2026,12.88,12.9,12.83,12.86,12.8,826668,106.32,361,789669.0,95.52
MOMNC, 05-Aug-2026,33.48,33.65,33.4,33.4,33.32,4218,1.41,12,4218.0,100.0
MOMOMENTUM, 05-Aug-2026,62.69,62.97,62.11,62.4,62.53,42906,26.86,444,25887.0,60.33
MON100, 05-Aug-2026,321.82,321.82,321.82,321.82,316.35,172348,554.65,920,86199.0,50.01
MON50EQUAL, 05-Aug-2026,34.3,34.35,33.69,34.19,34.3,111940,38.07,81,61228.0,54.7
MONARCH, 05-Aug-2026,399.0,401.85,387.0,390.55,394.25,138071,543.36,3693,79306.0,57.44
MONEXT50, 05-Aug-2026,74.27,74.8,74.04,74.37,74.13,1023,0.76,53,928.0,90.71
MONEYBOXX, 05-Aug-2026,61.3,61.98,61.05,61.82,61.73,3221,1.97,17,2950.0,91.59
MONIFTY100, 05-Aug-2026,25.9,25.96,25.7,25.78,25.71,74276,19.22,73,61918.0,83.36
MONIFTY500, 05-Aug-2026,24.16,24.35,24.16,24.23,24.16,385480,93.6,1254,286653.0,74.36
MONOLITH, 05-Aug-2026,898.0,904.95,860.05,898.15,878.4,42500,378.49,157,30500.0,71.76
MONOPHARMA, 05-Aug-2026,8.7,8.75,8.65,8.65,9.1,34000,2.95,16,22000.0,64.71
MONQ50, 05-Aug-2026,142.52,142.52,142.52,142.52,140.42,13126,18.71,129,13126.0,100.0
MONTECARLO, 05-Aug-2026,539.2,549.9,495.15,500.95,538.15,503418,2573.57,20026,170566.0,33.88
MOPSE, 05-Aug-2026,101.17,101.65,100.4,100.98,101.41,1886,1.9,25,1120.0,59.38
MOQUALITY, 05-Aug-2026,204.93,206.27,204.8,204.8,202.27,1046,2.15,26,968.0,92.54
MOREALTY, 05-Aug-2026,89.77,91.56,89.69,90.46,89.43,645464,586.91,2038,318657.0,49.37
MOREPENLAB, 05-Aug-2026,73.24,78.25,73.0,76.95,69.18,119149669,90234.79,269290,23105019.0,19.39
MOS, 05-Aug-2026,10.2,10.7,9.7,10.0,10.2,460000,46.82,77,384000.0,83.48
MOSCHIP, 05-Aug-2026,209.7,211.95,207.3,208.57,208.59,1199492,2519.04,11904,461742.0,38.49
MOSERVICE, 05-Aug-2026,31.8,31.89,31.62,31.67,31.65,9311,2.96,31,9311.0,100.0
MOSILVER, 05-Aug-2026,218.4,221.79,217.62,220.56,214.22,81928,179.87,1291,31164.0,38.04
MOSMALL250, 05-Aug-2026,18.33,18.57,18.23,18.42,18.13,4733790,873.31,2553,2356126.0,49.77
MOTHERSON, 05-Aug-2026,152.0,156.39,150.9,154.35,151.0,20566813,31715.49,158428,9665388.0,47.0
MOTILALOFS, 05-Aug-2026,870.0,881.6,863.6,880.0,861.0,686845,6000.84,21398,359399.0,52.33
MOTISONS, 05-Aug-2026,14.22,14.36,13.62,13.88,14.18,20525998,2899.57,9947,6793478.0,33.1
MOTOUR, 05-Aug-2026,81.17,81.36,80.73,81.15,80.12,38814,31.47,208,28191.0,72.63
MOVALUE, 05-Aug-2026,115.87,116.2,113.6,115.36,115.17,81310,94.04,724,58091.0,71.44
MPEL, 05-Aug-2026,36.7,36.7,36.7,36.7,35.0,1600,0.59,1,1600.0,100.0
MPHASIS, 05-Aug-2026,2403.8,2484.0,2390.7,2460.0,2380.0,858129,21055.25,45475,379145.0,44.18
MPSLTD, 05-Aug-2026,2739.0,2890.0,2716.3,2873.7,2726.1,74819,2115.01,9097,31687.0,42.35
MRF, 05-Aug-2026,133700.0,135180.0,133545.0,134405.0,132745.0,4723,6348.54,2832,2157.0,45.67
MRPL, 05-Aug-2026,170.9,174.05,169.55,170.97,169.64,3567427,6129.28,23358,1101016.0,30.86
MSCI360, 05-Aug-2026,10.31,10.35,10.23,10.23,10.26,2840,0.29,14,2839.0,99.96
MSCIADD, 05-Aug-2026,30.27,30.27,30.04,30.18,30.15,1467,0.44,26,579.0,39.47
MSCIINDIA, 05-Aug-2026,30.47,30.6,30.25,30.28,30.25,25584,7.79,83,23899.0,93.41
MSPL, 05-Aug-2026,34.4,35.89,34.22,35.89,34.19,1758898,620.75,4852,942686.0,53.6
MSTCLTD, 05-Aug-2026,599.95,613.9,599.95,601.9,599.8,111014,672.66,4405,54915.0,49.47
MSUMI, 05-Aug-2026,39.88,42.22,39.88,40.97,39.75,29152671,12078.71,85692,11203863.0,38.43
MTNL, 05-Aug-2026,27.86,28.32,27.6,27.7,27.81,517071,144.15,2861,205506.0,39.74
MUFIN, 05-Aug-2026,133.0,136.38,132.5,134.45,132.22,1726927,2327.59,7552,515060.0,29.83
MUFTI, 05-Aug-2026,82.26,84.09,80.05,81.69,82.23,85999,70.75,1233,53424.0,62.12
MUKANDLTD, 05-Aug-2026,143.0,144.49,141.56,142.17,142.25,90657,129.37,1445,49512.0,54.61
MUKKA, 05-Aug-2026,23.02,23.14,22.82,22.98,22.95,147212,33.8,908,92553.0,62.87
MULTICAP, 05-Aug-2026,17.0,17.04,16.93,16.96,16.9,197079,33.48,576,121818.0,61.81
MUNISH, 05-Aug-2026,80.3,80.3,80.3,80.3,76.5,6000,4.82,5,6000.0,100.0
MUNJALAU, 05-Aug-2026,104.83,105.85,104.0,104.4,104.05,260272,273.13,2730,122484.0,47.06
MUNJALSHOW, 05-Aug-2026,140.5,140.6,137.0,137.17,144.3,94408,130.24,1487,57417.0,60.82
MURUDCERA, 05-Aug-2026,31.3,31.4,29.9,31.1,30.75,50083,15.3,306,30193.0,60.29
MUTHOOTCAP, 05-Aug-2026,239.0,265.64,234.31,261.19,239.64,117313,300.86,3013,67723.0,57.73
MUTHOOTFIN, 05-Aug-2026,2894.9,2954.9,2889.7,2892.0,2870.0,1221306,35619.57,51341,537178.0,43.98
MUTHOOTMF, 05-Aug-2026,229.49,233.87,226.2,230.16,226.3,767436,1763.77,14113,360492.0,46.97
MVGJL, 05-Aug-2026,169.73,172.38,166.05,169.11,167.39,28432,47.94,1070,14670.0,51.6
MVKAGRO, 05-Aug-2026,268.2,268.2,268.2,268.2,282.3,9900,26.55,15,9900.0,100.0
MWL, 05-Aug-2026,41.9,43.7,40.96,42.85,42.25,2708110,1158.75,8063,731471.0,27.01
MYMUDRA, 05-Aug-2026,80.0,80.0,80.0,80.0,80.0,9600,7.68,6,9600.0,100.0
NACLIND, 05-Aug-2026,182.4,184.5,179.05,180.83,181.13,567941,1032.21,8665,199201.0,35.07
NAGREEKCAP, 05-Aug-2026,23.0,23.94,22.82,22.84,23.75,2399,0.55,52,1667.0,69.49
NAGREEKEXP, 05-Aug-2026,22.05,23.2,22.05,22.66,22.61,3789,0.85,101,2784.0,73.48
NAHARCAP, 05-Aug-2026,267.99,268.0,260.0,264.58,263.18,20266,53.86,81,19520.0,96.32
NAHARINDUS, 05-Aug-2026,121.89,123.47,115.15,118.05,120.61,28003,33.28,571,15581.0,55.64
NAHARPOLY, 05-Aug-2026,279.0,281.0,272.0,273.8,278.6,44968,124.75,887,35432.0,78.79
NAHARSPING, 05-Aug-2026,325.1,332.5,318.2,328.95,323.7,115800,376.97,1780,91486.0,79.0
NAM-INDIA, 05-Aug-2026,1207.0,1215.0,1188.0,1215.0,1202.0,2213614,26735.28,51297,1195686.0,54.02
NAMAN, 05-Aug-2026,43.15,43.75,43.15,43.75,43.15,1600,0.7,2,1600.0,100.0
NAMOEWASTE, 05-Aug-2026,274.1,277.05,270.05,277.05,274.0,20000,54.72,20,20000.0,100.0
NARMADA, 05-Aug-2026,16.02,16.58,14.9,15.01,15.95,4922534,767.45,8997,1272703.0,25.85
NATCAPSUQ, 05-Aug-2026,150.2,153.5,144.1,148.14,152.56,52986,78.53,568,42996.0,81.15
NATCOPHARM, 05-Aug-2026,923.3,925.5,912.1,917.55,917.0,240030,2208.14,18125,102736.0,42.8
NATHBIOGEN, 05-Aug-2026,167.0,167.25,164.04,164.75,164.72,17803,29.47,272,14501.0,81.45
NATIONALUM, 05-Aug-2026,381.0,383.9,375.15,381.0,377.0,8940938,33886.98,82433,4207543.0,47.06
NATIONSTD, 05-Aug-2026,212.56,220.4,212.56,212.56,223.74,86123,183.16,646,62480.0,72.55
NAUKRI, 05-Aug-2026,1265.9,1277.9,1230.5,1242.0,1260.0,1282107,16005.91,51264,692370.0,54.0
NAVA, 05-Aug-2026,580.0,584.0,572.75,582.0,571.7,143509,830.75,11032,78557.0,54.74
NAVINFLUOR, 05-Aug-2026,7690.0,7729.0,7551.0,7609.5,7629.0,136897,10445.52,22907,74874.0,54.69
NAVKARCORP, 05-Aug-2026,103.38,104.24,101.7,102.12,102.71,260116,267.08,2011,153581.0,59.04
NAVNETEDUL, 05-Aug-2026,128.67,132.5,125.81,127.36,128.63,800786,1024.53,7888,553348.0,69.1
NAZARA, 05-Aug-2026,349.75,354.05,342.35,348.8,349.5,2944336,10301.99,26458,1357469.0,46.1
NBCC, 05-Aug-2026,95.31,96.3,95.2,96.0,94.84,5779578,5542.67,28955,2132163.0,36.89
NBIFIN, 05-Aug-2026,2202.6,2249.0,2120.2,2131.4,2168.2,847,18.37,260,548.0,64.7
NCC, 05-Aug-2026,143.5,145.45,143.12,143.57,143.11,869174,1252.87,10434,432475.0,49.76
NCLIND, 05-Aug-2026,178.66,178.66,173.43,173.85,174.62,23635,41.21,2651,17248.0,72.98
NDGL, 05-Aug-2026,2737.0,2825.0,2720.0,2756.6,2799.0,86,2.38,30,68.0,79.07
NDL, 05-Aug-2026,2.4,2.4,2.36,2.37,2.37,482241,11.46,686,374490.0,77.66
NDLVENTURE, 05-Aug-2026,126.1,128.77,125.13,127.31,127.27,6937,8.87,173,5280.0,76.11
NDRAUTO, 05-Aug-2026,828.5,832.0,815.05,826.1,819.85,10748,88.79,1008,5635.0,52.43
NDTV, 05-Aug-2026,76.66,77.59,76.66,77.17,76.66,86139,66.44,825,44303.0,51.43
NEAGI, 05-Aug-2026,3165.0,3165.0,3165.0,3165.0,3170.0,1,0.03,1,1.0,100.0
NELCAST, 05-Aug-2026,124.0,128.0,123.67,125.94,124.3,165525,208.75,3157,70723.0,42.73
NELCO, 05-Aug-2026,987.5,1008.4,975.0,995.1,981.7,293565,2907.55,9538,71499.0,24.36
NEOCHEM, 05-Aug-2026,90.0,90.75,88.25,90.75,91.0,8400,7.58,6,7200.0,85.71
NEOGEN, 05-Aug-2026,2104.0,2113.0,2008.5,2012.8,2083.2,100355,2049.07,18867,52249.0,52.06
NEPHROCARE, 05-Aug-2026,65.55,68.8,65.0,68.8,65.55,16800,11.41,32,16000.0,95.24
NEPHROPLUS, 05-Aug-2026,724.85,724.85,693.05,709.9,713.15,134134,949.28,10453,67430.0,50.27
NEPTUNE, 05-Aug-2026,184.0,190.0,184.0,184.95,179.0,3500,6.52,7,3000.0,85.71
NESCO, 05-Aug-2026,1064.9,1064.9,1040.0,1049.4,1047.6,26726,280.41,2457,14842.0,55.53
NESTLEIND, 05-Aug-2026,1510.0,1524.6,1488.1,1520.0,1520.0,2747079,41499.15,71388,1674861.0,60.97
NETF, 05-Aug-2026,265.55,268.75,264.02,266.14,265.69,1985,5.3,130,768.0,38.69
NETWEB, 05-Aug-2026,4820.7,4933.0,4725.0,4893.8,4762.2,1924204,93419.26,137018,353195.0,18.36
NETWORK18, 05-Aug-2026,30.13,30.3,29.4,29.6,30.05,2252114,672.57,9493,974103.0,43.25
NEULANDLAB, 05-Aug-2026,19500.0,20099.0,19431.0,19956.0,19273.0,60067,11920.47,18382,26775.0,44.58
NEWGEN, 05-Aug-2026,562.8,575.25,553.75,556.55,561.35,918544,5184.69,26058,254004.0,27.65
NEWJAISA, 05-Aug-2026,14.5,15.65,14.5,15.65,14.95,36000,5.57,19,34500.0,95.83
NEXT30ADD, 05-Aug-2026,43.8,44.97,43.64,43.95,43.73,12045,5.29,80,11101.0,92.16
NEXT50, 05-Aug-2026,769.03,773.4,766.03,767.38,765.09,28184,216.87,766,16046.0,56.93
NEXT50ADD, 05-Aug-2026,74.85,75.26,74.65,74.84,74.59,2937,2.2,21,2781.0,94.69
NEXT50BETA, 05-Aug-2026,80.02,80.78,79.03,79.76,79.66,315454,253.35,893,216388.0,68.6
NEXT50ETF, 05-Aug-2026,75.8,78.0,74.78,76.79,75.01,86358,66.19,109,82665.0,95.72
NEXT50IETF, 05-Aug-2026,80.38,80.38,77.56,78.21,78.04,1526652,1198.89,5425,1041579.0,68.23
NEXTMEDIA, 05-Aug-2026,3.99,4.03,3.89,3.9,3.94,4451,0.18,52,3291.0,73.94
NFL, 05-Aug-2026,72.02,72.9,72.02,72.3,71.84,535376,387.82,2802,244821.0,45.73
NFPSAMPOOR, 05-Aug-2026,23.2,23.5,23.2,23.45,23.25,10000,2.34,5,6000.0,60.0
NGLFINE, 05-Aug-2026,3332.5,3448.0,3275.0,3428.2,3258.1,6830,230.78,1623,4006.0,58.65
NH, 05-Aug-2026,1919.4,1930.8,1900.0,1903.1,1919.4,267772,5115.71,20825,159914.0,59.72
NHPC, 05-Aug-2026,81.86,82.8,77.81,78.6,80.5,26354576,21108.28,73528,8510045.0,32.29
NIACL, 05-Aug-2026,177.0,189.37,175.61,183.76,171.77,33239653,61436.89,216265,2071049.0,6.23
NIBE, 05-Aug-2026,1407.9,1424.9,1384.1,1397.2,1383.1,53086,745.09,4101,27484.0,51.77
NIBL, 05-Aug-2026,35.99,36.89,34.5,36.4,35.35,41332,14.8,1043,13765.0,33.3
NIDAN, 05-Aug-2026,12.65,13.35,12.65,13.35,13.1,2000,0.26,2,1000.0,50.0
NIF100BEES, 05-Aug-2026,273.39,275.0,271.77,273.33,272.03,87693,239.5,828,49820.0,56.81
NIF100IETF, 05-Aug-2026,28.65,28.92,28.5,28.6,28.5,157104,45.07,871,125055.0,79.6
NIFTY1, 05-Aug-2026,272.14,274.0,271.01,272.44,272.14,72779,198.63,1470,37478.0,51.5
NIFTY100EW, 05-Aug-2026,35.85,36.08,35.75,35.91,35.79,39366,14.16,193,36284.0,92.17
NIFTYADD, 05-Aug-2026,258.61,260.11,257.27,258.7,257.88,10315,26.65,235,7476.0,72.48
NIFTYAXIS, 05-Aug-2026,274.95,274.95,271.21,271.91,270.96,34757,94.82,285,31232.0,89.86
NIFTYBEES, 05-Aug-2026,284.37,284.37,278.8,279.96,278.79,5092585,14267.12,49378,2965436.0,58.23
NIFTYBETA, 05-Aug-2026,271.0,273.5,268.87,271.19,270.7,104237,283.78,792,74194.0,71.18
NIFTYBETF, 05-Aug-2026,253.0,254.1,251.94,252.22,251.76,2882,7.3,108,1727.0,59.92
NIFTYCASE, 05-Aug-2026,10.03,10.03,9.83,9.85,9.83,448220,44.28,1259,390514.0,87.13
NIFTYETF, 05-Aug-2026,267.32,268.75,266.91,267.39,266.53,551616,1475.53,1147,434919.0,78.84
NIFTYIETF, 05-Aug-2026,279.95,279.95,277.8,278.47,277.65,770671,2149.52,8521,323246.0,41.94
NIFTYQLITY, 05-Aug-2026,21.65,21.89,21.61,21.8,21.71,18845,4.11,176,14550.0,77.21
NIITLTD, 05-Aug-2026,96.24,100.45,96.24,98.6,96.24,899814,892.91,5851,373489.0,41.51
NIITMTS, 05-Aug-2026,250.19,251.47,246.0,247.6,250.19,114764,285.29,4264,61390.0,53.49
NIKITA, 05-Aug-2026,76.3,76.3,74.0,74.0,73.9,7200,5.38,6,6000.0,83.33
NILAINFRA, 05-Aug-2026,7.55,7.72,7.5,7.51,7.53,111873,8.43,345,66989.0,59.88
NILASPACES, 05-Aug-2026,12.68,12.68,12.25,12.27,12.23,202765,25.23,573,139986.0,69.04
NILE, 05-Aug-2026,1676.1,1694.2,1621.1,1630.1,1686.0,14650,241.77,2148,10290.0,70.24
NILKAMAL, 05-Aug-2026,1742.9,1818.5,1705.0,1801.3,1734.7,98515,1751.08,8402,46884.0,47.59
NIPPOBATRY, 05-Aug-2026,339.75,339.75,322.15,327.05,320.9,4874,16.19,259,2548.0,52.28
NIRAJISPAT, 05-Aug-2026,216.0,216.0,216.0,216.0,216.0,2,0.0,1,2.0,100.0
NIRLON, 05-Aug-2026,620.75,625.0,620.0,621.5,620.0,2264,14.05,164,1638.0,72.35
NIRMAN, 05-Aug-2026,36.1,37.0,33.3,33.3,36.95,330600,111.37,450,291600.0,88.2
NITCO, 05-Aug-2026,107.2,107.99,102.9,103.31,107.06,393342,411.45,4819,250170.0,63.6
NITINSPIN, 05-Aug-2026,573.0,580.0,566.8,578.55,571.65,77363,444.08,2898,40094.0,51.83
NITIRAJ, 05-Aug-2026,217.98,217.98,208.17,211.7,214.44,2774,5.89,73,2002.0,72.17
NITTAGELA, 05-Aug-2026,1638.0,1696.0,1626.6,1674.3,1637.7,6588,110.34,995,3672.0,55.74
NIVABUPA, 05-Aug-2026,87.8,88.0,86.26,87.54,87.31,860037,749.5,9033,395725.0,46.01
NKIND, 05-Aug-2026,63.0,63.0,60.0,60.29,63.03,89,0.05,11,71.0,79.78
NLCINDIA, 05-Aug-2026,303.9,307.25,300.7,303.3,300.7,2060118,6247.59,50329,1082617.0,52.55
NMDC, 05-Aug-2026,85.0,85.8,84.42,85.8,84.2,20532109,17458.29,58330,11250538.0,54.79
NMSTEEL, 05-Aug-2026,23.0,24.05,23.0,24.05,24.75,6400,1.49,4,4800.0,75.0
NOCIL, 05-Aug-2026,172.71,174.7,171.54,172.99,170.99,558156,965.9,6513,193307.0,34.63
NORBTEAEXP, 05-Aug-2026,65.4,68.49,65.4,66.69,65.29,3343,2.23,33,3025.0,90.49
NORTHARC, 05-Aug-2026,285.05,287.9,282.0,285.15,285.05,461473,1313.54,7474,249497.0,54.07
NOVARTIND, 05-Aug-2026,1622.1,1649.0,1605.7,1634.9,1622.0,7765,126.31,1038,5099.0,65.67
NPBET, 05-Aug-2026,289.42,289.72,286.0,286.47,286.86,30,0.09,17,19.0,63.33
NPST, 05-Aug-2026,1535.0,1560.0,1505.6,1539.6,1521.2,58315,900.07,2036,28845.0,49.46
NRAIL, 05-Aug-2026,483.5,492.0,473.0,487.75,483.5,8677,41.79,625,4059.0,46.78
NRBBEARING, 05-Aug-2026,430.5,464.8,430.5,457.7,429.9,1540608,6964.34,29392,808714.0,52.49
NRVANDANA, 05-Aug-2026,69.0,69.0,68.0,69.0,70.0,12000,8.25,4,6000.0,50.0
NSIL, 05-Aug-2026,5601.0,5739.0,5601.0,5715.0,5596.0,2161,122.65,396,1746.0,80.8
NSLNISP, 05-Aug-2026,44.05,44.9,43.63,44.77,44.01,4059360,1799.28,14833,1850783.0,45.59
NTPC, 05-Aug-2026,343.45,349.9,342.75,349.9,343.65,18554536,64442.51,81927,8582032.0,46.25
NTPCGREEN, 05-Aug-2026,91.15,91.35,90.33,90.66,90.72,3291337,2990.05,18622,1742701.0,52.95
NUCLEUS, 05-Aug-2026,700.3,702.7,686.55,689.85,698.3,19463,135.24,1389,11944.0,61.37
NURECA, 05-Aug-2026,329.0,348.0,327.0,343.95,326.05,31057,105.19,1647,21000.0,67.62
NUVAMA, 05-Aug-2026,1702.0,1720.7,1651.1,1676.1,1694.2,437228,7330.43,32028,251766.0,57.58
NUVOCO, 05-Aug-2026,350.65,352.35,344.65,346.1,348.6,237405,823.69,7274,102461.0,43.16
NV20, 05-Aug-2026,14.22,14.31,14.16,14.28,14.19,76431,10.88,203,50967.0,66.68
NV20BEES, 05-Aug-2026,143.14,143.15,141.52,142.24,141.85,11528,16.35,177,9128.0,79.18
NV20IETF, 05-Aug-2026,13.86,13.99,13.75,13.85,13.85,999276,138.48,1630,887730.0,88.84
NXST, 05-Aug-2026,167.99,168.48,167.0,167.62,167.17,337663,565.72,7117,266927.0,79.05
NYKAA, 05-Aug-2026,348.0,348.0,327.7,335.35,342.5,33993425,114098.83,227913,9968624.0,29.33
OAL, 05-Aug-2026,380.75,384.45,372.2,376.15,380.55,26171,99.07,780,12804.0,48.92
OBCL, 05-Aug-2026,53.95,54.19,52.54,53.5,53.18,4471,2.39,79,4065.0,90.92
OBEROIRLTY, 05-Aug-2026,1781.1,1826.4,1781.1,1806.5,1778.8,383615,6956.0,23395,165949.0,43.26
OBSCP, 05-Aug-2026,692.05,703.0,686.1,691.75,687.45,73200,509.02,165,46400.0,63.39
OFSS, 05-Aug-2026,11650.0,11810.0,11528.0,11759.0,11600.0,238725,27947.9,34415,96447.0,40.4
OIL, 05-Aug-2026,446.0,447.5,435.45,444.0,450.0,3930916,17351.37,35230,2067761.0,52.6
OILIETF, 05-Aug-2026,11.35,11.5,11.1,11.27,11.36,3958076,451.43,2494,2731794.0,69.02
OLAELEC, 05-Aug-2026,38.72,42.6,38.72,41.44,38.57,268151122,111326.79,341008,36319891.0,13.54
OLECTRA, 05-Aug-2026,1354.0,1407.0,1350.0,1399.4,1347.8,568198,7850.89,27280,226110.0,39.79
OLIL, 05-Aug-2026,421.0,421.0,406.0,408.5,413.1,4800,19.65,12,4400.0,91.67
OMAXE, 05-Aug-2026,88.5,88.5,85.3,85.74,87.6,236554,203.86,2582,140174.0,59.26
OMFURN, 05-Aug-2026,64.0,65.45,63.2,65.3,63.0,9600,6.21,8,9600.0,100.0
OMINFRAL, 05-Aug-2026,89.6,91.07,89.0,89.36,90.31,60591,54.39,1351,29867.0,49.29
OMNI, 05-Aug-2026,614.0,732.6,593.0,732.6,610.5,10208794,70056.95,236271,1444682.0,14.15
OMPOWER, 05-Aug-2026,174.49,174.49,168.0,169.04,170.54,30712,52.22,777,14398.0,46.88
ONDOOR, 05-Aug-2026,254.15,254.15,242.05,247.5,269.85,23400,58.47,43,19500.0,83.33
ONEPOINT, 05-Aug-2026,57.39,57.9,56.11,57.19,56.93,445741,253.94,4002,208034.0,46.67
ONESOURCE, 05-Aug-2026,1538.2,1564.1,1519.7,1553.7,1530.6,147709,2279.79,12845,75259.0,50.95
ONGC, 05-Aug-2026,245.0,245.0,239.11,240.2,242.0,19409088,46698.68,132446,9367471.0,48.26
ONWARDTEC, 05-Aug-2026,291.4,291.4,279.0,281.55,289.95,49380,140.66,1506,29108.0,58.95
ONYX, 05-Aug-2026,49.65,49.65,46.1,48.4,47.3,92000,44.56,38,84000.0,91.3
OPTIEMUS, 05-Aug-2026,628.8,632.0,580.0,590.45,625.65,725644,4369.84,32794,331703.0,45.71
OPTIVALUE, 05-Aug-2026,157.0,159.0,151.0,154.55,157.5,105600,163.17,52,75200.0,71.21
ORCHASP, 05-Aug-2026,1.61,1.64,1.59,1.61,1.61,120025,1.93,178,96247.0,80.19
ORCHPHARMA, 05-Aug-2026,1017.8,1035.0,982.1,990.35,1006.4,79427,801.59,7866,30422.0,38.3
ORIANA, 05-Aug-2026,1475.0,1484.6,1422.35,1430.65,1462.75,24150,350.68,281,17250.0,71.43
ORICONENT, 05-Aug-2026,53.1,54.56,53.1,53.73,54.58,9664,5.22,366,5854.0,60.58
ORIENTALTL, 05-Aug-2026,5.19,5.25,5.12,5.14,5.19,48678,2.51,229,45655.0,93.79
ORIENTBELL, 05-Aug-2026,313.25,318.65,313.25,314.9,317.6,5382,17.06,159,4703.0,87.38
ORIENTCEM, 05-Aug-2026,137.67,142.32,137.67,140.36,137.67,372811,525.86,3514,203260.0,54.52
ORIENTCER, 05-Aug-2026,41.4,41.85,40.51,41.23,40.72,39242,16.21,522,27004.0,68.81
ORIENTELEC, 05-Aug-2026,177.0,181.49,176.7,179.82,176.74,219472,394.45,4773,97280.0,44.32
ORIENTHOT, 05-Aug-2026,133.58,135.0,129.73,131.3,132.7,256050,337.58,3437,154573.0,60.37
ORIENTPPR, 05-Aug-2026,19.1,19.45,18.8,18.88,19.21,216294,41.0,756,152400.0,70.46
ORIENTTECH, 05-Aug-2026,260.75,263.35,258.8,260.7,260.75,148236,386.34,3565,58894.0,39.73
ORISSAMINE, 05-Aug-2026,4350.0,4500.0,4300.0,4411.7,4307.8,25771,1136.74,5085,12821.0,49.75
ORKLAINDIA, 05-Aug-2026,587.0,589.15,566.0,571.05,579.4,263636,1522.08,19364,165280.0,62.69
OSELDEVICE, 05-Aug-2026,410.4,419.0,405.0,417.5,410.4,7400,30.69,30,6400.0,86.49
OSWALAGRO, 05-Aug-2026,38.95,41.9,38.8,41.06,38.93,110599,44.14,424,91393.0,82.63
OSWALGREEN, 05-Aug-2026,21.55,22.2,21.55,22.0,21.52,92724,20.31,602,53388.0,57.58
OSWALPUMPS, 05-Aug-2026,329.0,335.7,322.5,326.25,325.7,731463,2395.79,11793,360906.0,49.34
OSWALSEEDS, 05-Aug-2026,10.47,10.71,10.46,10.58,10.47,28116,2.98,116,25894.0,92.1
OWAIS, 05-Aug-2026,95.0,95.1,91.15,92.85,95.75,23800,22.17,136,20100.0,84.45
PACEDIGITK, 05-Aug-2026,200.4,206.5,195.0,200.82,198.81,1608426,3255.82,17490,662401.0,41.18
PAGEIND, 05-Aug-2026,40240.0,40355.0,39820.0,40355.0,39750.0,7689,3075.73,4265,3281.0,42.67
PAISALO, 05-Aug-2026,71.64,74.99,68.25,69.14,71.11,30906694,22335.97,73716,8062788.0,26.09
PAKKA, 05-Aug-2026,72.0,73.0,71.2,72.84,71.59,38836,27.97,1266,23512.0,60.54
PALASHSECU, 05-Aug-2026,87.0,89.8,86.3,88.55,88.63,1177,1.05,28,1138.0,96.69
PANACEABIO, 05-Aug-2026,425.0,434.75,414.0,418.85,419.4,319476,1361.19,9042,121536.0,38.04
PANAMAPET, 05-Aug-2026,458.45,464.0,450.1,455.2,458.45,90184,414.75,2947,49177.0,54.53
PANSARI, 05-Aug-2026,332.0,333.9,327.1,333.2,335.95,1205,3.99,57,571.0,47.39
PAR, 05-Aug-2026,99.0,101.85,97.1,98.89,99.17,5568,5.54,122,4636.0,83.26
PARACABLES, 05-Aug-2026,65.37,66.19,64.02,64.36,64.88,873844,566.65,5104,415211.0,47.52
PARADEEP, 05-Aug-2026,146.04,148.0,143.7,146.71,144.94,4521372,6590.43,30348,1562125.0,34.55
PARAGMILK, 05-Aug-2026,235.0,235.62,225.25,227.54,233.16,652654,1498.86,9609,369675.0,56.64
PARAGON, 05-Aug-2026,49.5,49.5,48.55,48.55,48.4,6000,2.94,5,6000.0,100.0
PARAS, 05-Aug-2026,1307.1,1321.0,1285.2,1295.3,1300.3,593478,7719.95,23376,207508.0,34.96
PARASPETRO, 05-Aug-2026,2.51,2.63,2.51,2.62,2.51,680265,17.76,492,552709.0,81.25
PARIN, 05-Aug-2026,705.0,725.0,696.0,718.65,715.3,11500,81.27,27,6000.0,52.17
PARKHOSPS, 05-Aug-2026,283.95,289.95,282.05,284.85,283.95,547871,1565.97,12251,295600.0,53.95
PARKHOTELS, 05-Aug-2026,124.1,125.5,121.1,122.08,123.7,85510,105.35,2842,55624.0,65.05
PARTH, 05-Aug-2026,535.0,535.0,511.5,528.0,532.75,8400,44.19,21,7200.0,85.71
PASHUPATI, 05-Aug-2026,85.5,85.9,84.22,84.63,84.61,113036,96.19,1636,105569.0,93.39
PATANJALI, 05-Aug-2026,360.9,360.9,351.95,357.0,359.9,2193791,7801.54,20207,663273.0,30.23
PATELENG, 05-Aug-2026,28.53,29.21,28.48,28.77,28.4,3446234,994.57,8303,1591922.0,46.19
PATELRMART, 05-Aug-2026,227.5,227.5,223.01,224.53,225.47,29717,66.85,1076,12936.0,43.53
PATILAUTOM, 05-Aug-2026,192.0,192.0,190.0,191.2,192.0,52200,99.6,35,52200.0,100.0
PAUSHAKLTD, 05-Aug-2026,735.0,739.4,701.75,712.55,735.2,112258,810.77,5511,51090.0,45.51
PAVNAIND, 05-Aug-2026,18.0,18.0,17.22,17.42,18.23,68906,12.12,324,42288.0,61.37
PAYTM, 05-Aug-2026,1416.0,1443.0,1407.3,1429.0,1400.0,3009527,42968.85,74071,1100318.0,36.56
PCBL, 05-Aug-2026,326.0,332.0,321.1,329.45,322.55,1563492,5130.27,21993,649999.0,41.57
PCCL, 05-Aug-2026,295.0,306.0,295.0,302.1,300.0,17600,52.88,38,14400.0,81.82
PCJEWELLER, 05-Aug-2026,9.87,10.02,9.68,9.8,9.82,187586629,18547.06,56187,40730340.0,21.71
PDMJEPAPER, 05-Aug-2026,96.71,97.98,95.05,95.72,96.71,82414,79.07,1682,42383.0,51.43
PDSL, 05-Aug-2026,354.4,364.0,351.4,357.8,352.55,67400,241.78,2916,28592.0,42.42
PELATRO, 05-Aug-2026,318.65,319.0,305.5,305.75,312.95,6000,18.66,19,4800.0,80.0
PENIND, 05-Aug-2026,166.07,168.95,164.2,165.7,166.28,277283,463.34,3403,157873.0,56.94
PERFECT, 05-Aug-2026,2.65,2.75,2.65,2.75,2.75,42000,1.15,6,42000.0,100.0
PERSISTENT, 05-Aug-2026,5539.0,5579.0,5493.0,5520.0,5499.0,367409,20331.36,26408,170461.0,46.4
PETRONET, 05-Aug-2026,285.0,285.0,280.4,280.8,285.0,717887,2022.45,28473,368916.0,51.39
PFC, 05-Aug-2026,422.1,424.0,414.4,418.0,420.0,5129023,21418.21,38957,2990182.0,58.3
PFIZER, 05-Aug-2026,4899.7,4925.0,4825.0,4908.0,4862.1,18332,894.5,4724,11594.0,63.24
PFOCUS, 05-Aug-2026,304.0,308.4,298.0,299.7,302.8,341332,1035.01,10254,160731.0,47.09
PFS, 05-Aug-2026,28.16,29.88,28.16,28.91,28.07,1794504,524.58,8853,769902.0,42.9
PGEL, 05-Aug-2026,617.55,632.5,602.6,603.0,612.0,3473699,21393.71,44018,1407046.0,40.51
PGHH, 05-Aug-2026,8668.5,8699.0,8430.0,8484.5,8639.5,18087,1544.06,4860,11295.0,62.45
PGHL, 05-Aug-2026,6500.0,6500.0,6405.5,6464.5,6482.5,8537,551.44,2454,2867.0,33.58
PGIL, 05-Aug-2026,2130.0,2145.9,2080.0,2104.5,2122.4,100126,2114.35,12248,53926.0,53.86
PGINVIT, 05-Aug-2026,97.89,98.94,97.75,98.61,97.74,1191742,1174.24,21429,989058.0,82.99
PHANTOMFX, 05-Aug-2026,168.0,168.0,164.0,164.15,167.5,15300,25.55,27,14700.0,96.08
PHARMABEES, 05-Aug-2026,27.26,27.56,27.15,27.33,27.26,4045724,1103.31,9360,2081603.0,51.45
PHOENIXLTD, 05-Aug-2026,1940.0,1969.0,1927.1,1930.5,1932.3,304301,5935.32,23808,155198.0,51.0
PHOGLOBAL, 05-Aug-2026,16.1,16.1,16.0,16.0,15.95,8000,1.29,4,6000.0,75.0
PICCADIL, 05-Aug-2026,792.1,793.25,757.0,764.2,784.5,211298,1628.54,11719,106211.0,50.27
PIDILITIND, 05-Aug-2026,1638.0,1665.0,1613.9,1665.0,1620.0,1984248,32582.41,57748,820957.0,41.37
PIGL, 05-Aug-2026,112.58,112.58,107.84,108.53,110.62,47599,51.99,792,30476.0,64.03
PIIND, 05-Aug-2026,2792.3,2825.6,2781.6,2810.0,2785.5,235586,6608.61,27299,136455.0,57.92
PILANIINVS, 05-Aug-2026,4379.1,4379.9,4305.0,4338.5,4344.3,1092,47.51,205,838.0,76.74
PINELABS, 05-Aug-2026,151.7,151.79,146.71,147.82,151.19,10656864,15880.43,42408,4141105.0,38.86
PIONEEREMB, 05-Aug-2026,23.81,24.99,23.81,24.26,24.14,5117,1.24,56,3943.0,77.06
PIRAMALFIN, 05-Aug-2026,2041.0,2158.4,2041.0,2136.6,2052.3,336432,7087.87,24978,198854.0,59.11
PITTIENG, 05-Aug-2026,954.4,954.4,941.4,950.05,939.75,22237,210.98,1506,13468.0,60.57
PIXTRANS, 05-Aug-2026,1710.0,1729.9,1686.0,1722.6,1687.3,11839,203.04,1682,6852.0,57.88
PKTEA, 05-Aug-2026,680.05,709.8,680.0,709.75,688.4,33,0.23,10,31.0,93.94
PLASTIBLEN, 05-Aug-2026,190.5,191.09,189.0,190.01,188.44,21067,40.0,784,13275.0,63.01
PLATIND, 05-Aug-2026,231.0,232.03,226.4,227.46,227.03,37602,85.88,1543,18381.0,48.88
PML, 05-Aug-2026,511.95,511.95,502.05,511.55,508.55,93,0.47,16,81.0,87.1
PNB, 05-Aug-2026,114.16,115.2,113.3,113.55,113.99,10371553,11848.21,48424,3725181.0,35.92
PNBGILTS, 05-Aug-2026,82.81,85.54,82.81,83.75,82.79,345840,291.58,3277,148310.0,42.88
PNBHOUSING, 05-Aug-2026,1070.2,1154.0,1070.2,1121.6,1080.0,5097089,57656.33,110641,1209364.0,23.73
PNC, 05-Aug-2026,19.7,19.99,19.51,19.66,19.59,7047,1.38,46,6485.0,92.02
PNCINFRA, 05-Aug-2026,251.05,261.0,250.99,254.55,251.06,994765,2560.84,23459,552109.0,55.5
PNGJL, 05-Aug-2026,655.0,665.05,654.45,658.75,654.15,365392,2413.09,9796,174581.0,47.78
PNGSREVA, 05-Aug-2026,522.2,534.6,496.35,510.95,510.95,802102,4126.35,22140,158819.0,19.8
POCL, 05-Aug-2026,520.65,527.4,495.6,512.5,531.2,1817722,9248.01,44640,810791.0,44.6
PODDARMENT, 05-Aug-2026,251.8,255.8,248.0,249.65,251.75,7869,19.79,146,6456.0,82.04
POKARNA, 05-Aug-2026,928.3,982.0,928.3,965.5,930.9,73376,705.04,5471,37349.0,50.9
POLICYBZR, 05-Aug-2026,1618.0,1639.9,1603.0,1620.0,1597.0,695452,11292.86,37660,289646.0,41.65
POLYCAB, 05-Aug-2026,9200.0,9305.0,9179.0,9200.0,9176.0,208166,19235.11,28628,83980.0,40.34
POLYMED, 05-Aug-2026,1725.1,1746.0,1705.0,1708.5,1724.5,42472,730.76,4895,20223.0,47.61
POLYPLEX, 05-Aug-2026,1123.0,1123.2,1103.2,1118.8,1116.6,35984,402.07,2316,19936.0,55.4
POLYSIL, 05-Aug-2026,83.1,83.1,83.05,83.05,92.25,14000,11.63,17,14000.0,100.0
PONNIERODE, 05-Aug-2026,325.0,331.6,322.25,323.2,327.6,7628,24.81,388,4992.0,65.44
POONAWALLA, 05-Aug-2026,474.0,487.5,471.45,480.75,469.65,2455900,11802.3,34113,1320604.0,53.77
POSITRON, 05-Aug-2026,172.0,179.25,172.0,173.5,169.25,9600,17.05,25,7800.0,81.25
POWERGRID, 05-Aug-2026,284.0,285.2,281.25,281.75,283.4,7544704,21329.15,70327,5035378.0,66.74
POWERICA, 05-Aug-2026,524.2,547.35,523.05,547.35,521.3,268913,1463.07,10273,184933.0,68.77
POWERINDIA, 05-Aug-2026,32380.0,32555.0,32150.0,32400.0,32005.0,56303,18217.75,18548,21866.0,38.84
POWERMECH, 05-Aug-2026,2640.0,2650.0,2560.0,2573.1,2615.8,69063,1797.62,8859,38093.0,55.16
PPLPHARMA, 05-Aug-2026,202.49,208.0,200.36,206.78,202.5,9351752,19225.41,53608,4789666.0,51.22
PPSL, 05-Aug-2026,2.7,2.7,2.7,2.7,2.8,81000,2.19,18,72000.0,88.89
PRABHA, 05-Aug-2026,157.88,157.88,154.52,156.69,155.13,20137,31.44,253,15940.0,79.16
PRAENG, 05-Aug-2026,20.1,21.55,20.1,20.5,20.35,53674,11.1,246,32071.0,59.75
PRAJIND, 05-Aug-2026,320.0,321.5,316.15,317.75,318.75,499092,1588.15,13018,231247.0,46.33
PRAKASH, 05-Aug-2026,125.8,127.23,125.51,126.29,125.24,179299,226.47,1814,104957.0,58.54
PRAKASHSTL, 05-Aug-2026,3.98,4.12,3.98,4.03,3.99,90228,3.64,269,71037.0,78.73
PRAMARA, 05-Aug-2026,122.5,122.5,118.3,118.65,121.0,29000,34.63,42,19000.0,65.52
PRANIK, 05-Aug-2026,42.0,42.0,42.0,42.0,41.9,3200,1.34,2,3200.0,100.0
PRATHAM, 05-Aug-2026,118.0,122.0,116.5,122.0,118.0,9600,11.36,10,8400.0,87.5
PRAVEG, 05-Aug-2026,295.8,295.8,278.8,281.55,287.25,70207,200.23,1729,47340.0,67.43
PRAXIS, 05-Aug-2026,6.46,6.97,6.31,6.65,6.46,79838,5.35,178,66154.0,82.86
PRECAM, 05-Aug-2026,144.15,147.5,143.36,145.2,142.94,186499,271.2,3700,56830.0,30.47
PRECISION, 05-Aug-2026,7.9,7.9,7.9,7.9,7.55,6000,0.47,3,6000.0,100.0
PRECOT, 05-Aug-2026,815.1,843.5,814.1,826.85,805.05,6983,57.93,345,5914.0,84.69
PRECWIRE, 05-Aug-2026,384.9,414.95,378.75,409.5,381.2,1197877,4778.14,31389,361371.0,30.17
PREMCO, 05-Aug-2026,384.0,385.95,380.6,384.05,384.0,395,1.52,43,314.0,79.49
PREMEXPLN, 05-Aug-2026,662.45,665.0,659.05,660.85,661.1,82957,548.45,3035,53582.0,64.59
PREMIERENE, 05-Aug-2026,1041.9,1045.9,1031.0,1044.0,1036.3,454099,4710.12,15542,219881.0,48.42
PREMIERPOL, 05-Aug-2026,73.0,73.25,71.56,72.74,72.48,99431,72.01,1362,46000.0,46.26
PRESSTONIC, 05-Aug-2026,27.9,29.7,27.7,29.7,27.0,108000,31.46,91,88800.0,82.22
PRESTIGE, 05-Aug-2026,1610.0,1641.9,1591.4,1593.0,1595.0,383642,6201.87,16613,136411.0,35.56
PRICOLLTD, 05-Aug-2026,771.9,782.5,762.7,766.7,766.75,859326,6615.51,42268,437112.0,50.87
PRIMECAB, 05-Aug-2026,189.95,189.95,185.1,185.2,192.0,6400,12.0,4,6400.0,100.0
PRIMESECU, 05-Aug-2026,286.0,297.0,281.4,291.35,283.25,63976,187.16,936,36539.0,57.11
PRIMO, 05-Aug-2026,24.0,24.43,23.8,24.13,24.12,126352,30.36,435,98642.0,78.07
PRINCEPIPE, 05-Aug-2026,277.2,285.2,270.1,274.65,276.1,661719,1845.52,12741,284090.0,42.93
PRITIKA, 05-Aug-2026,58.0,64.0,58.0,63.95,64.65,18000,10.76,5,16000.0,88.89
PRIVISCL, 05-Aug-2026,3670.0,3731.0,3626.5,3648.0,3660.5,89864,3319.59,12626,59549.0,66.27
PRIZOR, 05-Aug-2026,910.0,910.0,865.5,872.55,910.0,28800,253.1,66,27600.0,95.83
PRLIND, 05-Aug-2026,44.65,45.0,43.8,44.5,44.0,88000,39.13,49,66000.0,75.0
PROFX, 05-Aug-2026,74.7,74.8,74.25,74.8,73.75,12800,9.56,6,12800.0,100.0
PROLIFE, 05-Aug-2026,74.95,74.95,74.95,74.95,74.95,500,0.37,1,500.0,100.0
PROPEQUITY, 05-Aug-2026,204.0,204.0,204.0,204.0,212.0,600,1.22,1,600.0,100.0
PROPSHOP, 05-Aug-2026,59.95,59.95,56.1,59.0,59.05,204000,119.55,47,190000.0,93.14
PROSTARM, 05-Aug-2026,133.01,136.57,132.69,133.59,133.58,143730,192.7,1782,81214.0,56.5
PROTEAN, 05-Aug-2026,584.1,588.45,569.55,571.9,621.55,1140263,6596.02,30632,600297.0,52.65
PROV, 05-Aug-2026,1700.0,1701.0,1700.0,1701.0,1620.0,160,2.72,2,160.0,100.0
PROZONER, 05-Aug-2026,43.49,44.0,41.79,42.31,42.58,115633,49.1,687,81484.0,70.47
PRSMJOHNSN, 05-Aug-2026,109.0,113.69,108.51,112.69,108.84,338762,379.33,6648,158375.0,46.75
PRUDENT, 05-Aug-2026,3296.0,3389.0,3255.0,3335.6,3300.6,21285,710.64,6143,10798.0,50.73
PSB, 05-Aug-2026,23.97,24.15,23.75,23.8,23.87,907930,217.26,3187,417819.0,46.02
PSFL, 05-Aug-2026,31.0,31.0,31.0,31.0,31.0,16000,4.96,8,14000.0,87.5
PSPPROJECT, 05-Aug-2026,944.7,954.25,935.0,944.75,934.7,57817,547.08,3396,28531.0,49.35
PSRAJ, 05-Aug-2026,78.3,80.95,77.9,80.95,82.0,17500,13.78,7,12500.0,71.43
PSUBANK, 05-Aug-2026,85.57,86.0,84.8,85.29,84.29,174750,149.42,607,64411.0,36.86
PSUBANKADD, 05-Aug-2026,86.2,86.88,84.5,85.74,85.35,197776,170.43,415,179326.0,90.67
PSUBNKBEES, 05-Aug-2026,94.65,96.0,94.65,95.4,94.54,4602225,4397.4,6173,2510546.0,54.55
PSUBNKIETF, 05-Aug-2026,85.96,87.11,85.6,86.29,85.4,1028330,893.25,1302,290085.0,28.21
PTC, 05-Aug-2026,190.0,199.8,188.35,198.36,183.44,17703096,34427.19,127576,6070877.0,34.29
PTCIL, 05-Aug-2026,18099.0,18199.0,18012.0,18092.0,18099.0,4607,833.43,1817,2251.0,48.86
PTL, 05-Aug-2026,40.13,40.62,39.96,40.06,40.13,31735,12.79,872,19130.0,60.28
PUNJABCHEM, 05-Aug-2026,1117.9,1117.9,1095.0,1100.1,1111.4,8707,96.34,1287,4248.0,48.79
PURPLEUTED, 05-Aug-2026,308.65,325.3,305.0,325.3,309.85,28000,88.85,89,25500.0,91.07
PURVA, 05-Aug-2026,209.05,212.36,209.0,210.16,208.47,99988,210.88,1738,41683.0,41.69
PURVFLEXI, 05-Aug-2026,42.5,45.5,42.5,45.5,44.0,1600,0.7,2,1600.0,100.0
PUSHPA, 05-Aug-2026,110.5,117.0,110.45,113.8,108.0,32000,36.4,29,25000.0,78.13
PVP, 05-Aug-2026,27.8,28.24,27.57,27.71,27.92,347880,97.1,943,248490.0,71.43
PVRINOX, 05-Aug-2026,1184.0,1187.9,1156.1,1161.9,1188.1,323803,3800.0,22830,161083.0,49.75
PVSL, 05-Aug-2026,111.98,111.98,108.41,108.99,109.07,34899,38.27,390,27480.0,78.74
PVTBANIETF, 05-Aug-2026,28.0,28.18,27.93,28.03,27.99,2080801,583.56,1331,1347251.0,64.75
PVTBANK, 05-Aug-2026,27.88,27.92,27.7,27.75,28.0,4390,1.22,25,3626.0,82.6
PVTBANKADD, 05-Aug-2026,28.24,28.3,28.08,28.15,28.19,102484,28.9,216,71042.0,69.32
PVTBKGROWW, 05-Aug-2026,27.79,28.04,27.68,27.76,27.71,20138,5.61,115,7560.0,37.54
PWL, 05-Aug-2026,127.01,129.13,125.12,127.81,126.13,4112542,5220.29,28836,1591757.0,38.7
PYRAMID, 05-Aug-2026,183.6,186.14,181.9,182.22,183.9,30101,55.07,795,18349.0,60.96
QGOLDHALF, 05-Aug-2026,118.73,119.92,118.52,119.54,117.37,41053,49.0,847,7764.0,18.91
QLINE, 05-Aug-2026,547.65,553.45,531.25,541.9,547.65,45600,246.3,96,35200.0,77.19
QMSMEDI, 05-Aug-2026,116.45,116.45,111.0,111.82,114.9,14558,16.46,796,7645.0,52.51
QNIFTY, 05-Aug-2026,271.4,271.6,270.0,270.5,269.84,606,1.64,59,335.0,55.28
QUADFUTURE, 05-Aug-2026,355.6,363.0,348.0,357.9,353.1,180901,643.42,5938,73486.0,40.62
QUADPRO, 05-Aug-2026,2.4,2.4,2.4,2.4,2.4,12000,0.29,1,12000.0,100.0
QUAL30IETF, 05-Aug-2026,21.8,21.8,21.23,21.58,21.44,119675,25.84,221,110433.0,92.28
QUALITY30, 05-Aug-2026,21.17,21.27,21.17,21.2,21.21,12283,2.61,22,11879.0,96.71
QUESS, 05-Aug-2026,324.0,327.85,308.45,314.5,323.05,425991,1359.42,12817,188791.0,44.32
QUESTLAB, 05-Aug-2026,89.5,93.45,89.5,93.4,90.0,12000,11.11,10,10800.0,90.0
QUINT, 05-Aug-2026,40.49,40.49,38.61,39.89,38.9,70,0.03,6,51.0,72.86
RACE, 05-Aug-2026,113.9,113.9,104.01,105.22,111.27,18900,20.31,292,13423.0,71.02
RACLGEAR, 05-Aug-2026,1348.2,1403.6,1348.2,1393.1,1353.8,35307,489.68,2908,24446.0,69.24
RADAAN, 05-Aug-2026,3.16,3.24,3.04,3.09,3.2,56065,1.76,135,40306.0,71.89
RADHIKAJWE, 05-Aug-2026,69.48,70.5,68.74,70.3,69.04,413669,288.41,3239,107966.0,26.1
RADIANTCMS, 05-Aug-2026,37.0,39.25,37.0,39.02,37.57,178379,68.77,1617,137904.0,77.31
RADICO, 05-Aug-2026,4472.0,4590.3,4452.7,4550.0,4450.0,642588,29108.15,56577,322582.0,50.2
RADIOCITY, 05-Aug-2026,6.85,7.02,6.66,6.9,6.72,70377,4.84,233,54180.0,76.99
RADIOWALLA, 05-Aug-2026,27.6,27.6,27.6,27.6,28.15,1600,0.44,1,1600.0,100.0
RAILTEL, 05-Aug-2026,291.2,294.7,289.0,289.6,289.95,328238,956.01,9950,100963.0,30.76
RAIN, 05-Aug-2026,240.0,244.77,229.52,242.68,238.07,8671154,20684.24,58804,3482069.0,40.16
RAINBOW, 05-Aug-2026,1575.0,1610.0,1561.5,1598.6,1579.0,259225,4143.79,27003,161038.0,62.12
RAJINDLTD, 05-Aug-2026,71.2,73.4,71.2,73.4,69.95,4500,3.24,3,3000.0,66.67
RAJMET, 05-Aug-2026,3.31,3.36,3.24,3.3,3.31,208407,6.88,637,143660.0,68.93
RAJPALAYAM, 05-Aug-2026,839.0,844.5,827.0,833.7,829.55,331,2.76,36,230.0,69.49
RAJPUTANA, 05-Aug-2026,203.0,204.8,200.0,200.0,203.0,4000,8.1,6,3500.0,87.5
RAJRATAN, 05-Aug-2026,544.8,563.95,533.1,536.7,540.05,346682,1909.87,13129,150588.0,43.44
RAJSREESUG, 05-Aug-2026,30.91,31.79,30.15,30.84,30.91,27175,8.41,322,15172.0,55.83
RAJTV, 05-Aug-2026,10.19,10.58,9.93,10.15,10.23,146885,15.08,533,110196.0,75.02
RALLIS, 05-Aug-2026,218.6,219.49,216.0,216.36,217.6,637982,1384.12,22472,388644.0,60.92
RAMANEWS, 05-Aug-2026,33.53,34.48,32.7,33.45,33.37,212385,71.44,470,154725.0,72.85
RAMAPHO, 05-Aug-2026,125.6,127.5,123.5,124.47,126.23,63736,80.0,1100,45220.0,70.95
RAMBHAJO, 05-Aug-2026,186.8,187.57,182.42,184.5,185.81,126256,232.87,2168,60439.0,47.87
RAMCOCEM, 05-Aug-2026,953.25,953.25,905.4,922.15,945.9,128913,1199.64,15054,59571.0,46.21
RAMCOIND, 05-Aug-2026,330.85,334.85,327.95,330.65,327.95,79260,262.76,2445,43438.0,54.8
RAMCOSYS, 05-Aug-2026,608.0,621.7,600.75,621.7,592.1,324003,1993.91,6976,165877.0,51.2
RAMKY, 05-Aug-2026,394.6,394.6,388.35,393.5,389.6,17456,68.44,806,11942.0,68.41
RAMRAT, 05-Aug-2026,429.3,449.0,428.5,436.85,429.25,261980,1151.7,6898,140152.0,53.5
RANASUG, 05-Aug-2026,13.1,13.45,12.85,12.91,12.95,242292,31.67,708,192276.0,79.36
RANEHOLDIN, 05-Aug-2026,1866.0,1894.2,1823.0,1841.0,1864.6,54114,1008.63,4871,24840.0,45.9
RAPPID, 05-Aug-2026,325.6,325.6,320.0,320.0,325.6,5400,17.37,9,5400.0,100.0
RATEGAIN, 05-Aug-2026,980.7,983.6,967.2,978.4,970.7,234101,2288.57,13532,139779.0,59.71
RATNAMANI, 05-Aug-2026,2374.3,2424.0,2350.0,2381.5,2374.3,30058,719.66,8340,18136.0,60.34
RATNAVEER, 05-Aug-2026,209.05,216.5,201.3,203.25,209.33,9981966,20969.74,51014,1368649.0,13.71
RAYMOND, 05-Aug-2026,607.5,638.45,604.05,629.4,605.1,925208,5806.28,25321,408376.0,44.14
RAYMONDLSL, 05-Aug-2026,756.0,769.0,746.4,753.4,743.8,196091,1487.14,7314,98742.0,50.36
RAYMONDREL, 05-Aug-2026,681.6,695.0,675.0,692.55,672.7,359777,2466.55,9919,178295.0,49.56
RBA, 05-Aug-2026,88.59,93.3,86.0,87.74,84.91,126896989,113716.54,344776,17577903.0,13.85
RBLBANK, 05-Aug-2026,382.6,392.7,379.85,389.8,380.55,7256562,28069.49,71595,3193351.0,44.01
RBMINFRA, 05-Aug-2026,274.8,274.8,264.2,266.55,266.7,10800,28.93,49,7400.0,68.52
RBS, 05-Aug-2026,90.0,91.0,89.0,90.1,90.95,64000,57.7,16,60800.0,95.0
RBZJEWEL, 05-Aug-2026,152.0,152.06,148.15,149.76,151.08,56385,84.62,1598,35955.0,63.77
RCDL, 05-Aug-2026,32.1,32.8,31.05,32.8,32.9,522000,170.78,21,510000.0,97.7
RCF, 05-Aug-2026,128.0,128.7,127.12,127.71,127.01,526514,672.71,7825,189257.0,35.95
READYMIX, 05-Aug-2026,115.8,115.8,111.0,114.6,112.4,10000,11.36,10,3000.0,30.0
RECLTD, 05-Aug-2026,369.45,372.3,363.6,366.0,368.0,3267609,11974.15,32409,1617351.0,49.5
REDINGTON, 05-Aug-2026,350.0,360.55,343.35,347.85,349.6,11152761,39167.93,106067,3499402.0,31.38
REDTAPE, 05-Aug-2026,130.49,135.7,130.48,134.24,130.49,403897,540.92,5155,225268.0,55.77
REFEX, 05-Aug-2026,307.95,311.4,299.0,301.0,306.35,421684,1280.62,6842,216646.0,51.38
REFRACTORY, 05-Aug-2026,26.5,26.5,25.75,25.75,26.5,4000,1.04,4,4000.0,100.0
REGENCERAM, 05-Aug-2026,33.5,33.5,31.46,32.03,33.84,967,0.31,62,791.0,81.8
RELAXO, 05-Aug-2026,411.8,421.25,408.0,416.15,406.6,411336,1713.34,12000,146938.0,35.72
RELCHEMQ, 05-Aug-2026,129.8,129.8,124.0,127.59,126.19,926,1.18,62,547.0,59.07
RELIABLE, 05-Aug-2026,145.9,146.8,142.0,144.1,142.44,13602,19.45,203,1886.0,13.87
RELIANCE, 05-Aug-2026,1293.0,1299.0,1270.1,1280.0,1290.9,24820782,317914.72,355243,16901245.0,68.09
RELIGARE, 05-Aug-2026,260.05,262.0,256.85,257.2,256.5,244913,635.24,4587,126247.0,51.55
RELTD, 05-Aug-2026,169.0,175.41,169.0,171.67,168.56,396073,681.2,5308,264748.0,66.84
REMSONSIND, 05-Aug-2026,81.75,86.49,81.75,85.72,82.61,132457,111.86,1984,85001.0,64.17
REMUS, 05-Aug-2026,794.0,794.0,763.0,769.0,788.8,4700,36.5,35,3700.0,78.72
RENUKA, 05-Aug-2026,22.68,23.04,22.2,22.33,22.41,7156235,1620.53,10027,2918008.0,40.78
REPCOHOME, 05-Aug-2026,384.55,388.55,381.9,385.95,383.05,75163,289.47,2184,44125.0,58.71
REPRO, 05-Aug-2026,397.0,399.9,370.45,374.75,393.8,57347,215.79,1483,32027.0,55.85
RESPONIND, 05-Aug-2026,176.49,177.79,172.15,173.12,176.49,56790,99.41,1320,23152.0,40.77
RETAIL, 05-Aug-2026,17.33,17.98,16.94,17.5,17.33,1244,0.22,50,1160.0,93.25
RGL, 05-Aug-2026,118.77,125.5,116.61,124.95,117.11,839662,1032.56,7420,391730.0,46.65
RHETAN, 05-Aug-2026,32.28,33.24,32.25,32.29,31.76,14432284,4688.56,12184,2013698.0,13.95
RHIM, 05-Aug-2026,411.5,414.2,407.7,409.0,408.35,230802,948.01,5784,150729.0,65.31
RHL, 05-Aug-2026,175.54,176.39,173.0,173.0,175.64,3817,6.61,52,3386.0,88.71
RICHA, 05-Aug-2026,84.6,93.0,84.6,93.0,89.0,227000,207.85,36,227000.0,100.0
RICOAUTO, 05-Aug-2026,145.0,157.99,144.32,155.81,145.75,8747098,13397.17,61619,2980480.0,34.07
RIIL, 05-Aug-2026,751.5,753.95,746.6,750.15,745.0,32608,244.6,1581,12395.0,38.01
RIIT, 05-Aug-2026,119.5,119.5,115.8,115.99,116.6,1494841,1739.5,1329,1463613.0,97.91
RILINFRA, 05-Aug-2026,38.2,38.9,37.65,38.05,38.2,10600,4.04,46,8400.0,79.25
RIR, 05-Aug-2026,159.26,160.99,156.05,159.6,159.26,101793,161.48,1954,44821.0,44.03
RISHABH, 05-Aug-2026,661.0,666.9,636.7,647.15,653.0,108478,709.1,5257,64267.0,59.24
RITCO, 05-Aug-2026,314.45,314.45,308.05,312.1,310.6,80873,251.45,2231,41103.0,50.82
RITES, 05-Aug-2026,218.0,229.0,215.41,227.35,216.14,2932543,6565.4,37672,974155.0,33.22
RKDL, 05-Aug-2026,19.28,19.28,19.1,19.17,19.18,6486,1.24,49,4799.0,73.99
RKEC, 05-Aug-2026,27.0,27.19,26.5,26.75,26.84,9830,2.65,78,5475.0,55.7
RKFORGE, 05-Aug-2026,698.8,710.0,691.3,706.45,688.7,1800207,12624.0,36862,933128.0,51.83
RKSWAMY, 05-Aug-2026,102.0,103.3,101.4,101.5,101.93,15813,16.1,320,12021.0,76.02
RMC, 05-Aug-2026,334.8,348.0,325.2,337.4,331.05,190985,645.82,7444,72302.0,37.86
RML, 05-Aug-2026,1176.0,1250.0,1100.0,1114.6,1173.6,595463,7039.16,52699,107360.0,18.03
RNBDENIMS, 05-Aug-2026,9.18,9.18,8.93,9.08,8.99,238668,21.57,845,154329.0,64.66
RNFI, 05-Aug-2026,287.0,289.9,275.0,275.3,285.0,59400,167.19,64,45000.0,75.76
RNPL, 05-Aug-2026,85.75,85.75,82.0,84.0,82.75,50400,42.33,22,27600.0,54.76
ROHLTD, 05-Aug-2026,316.7,316.8,311.0,312.75,313.55,7652,24.04,584,5083.0,66.43
ROLEXRINGS, 05-Aug-2026,142.9,153.5,141.1,144.82,141.34,24029558,35558.63,155398,2395956.0,9.97
ROML, 05-Aug-2026,44.91,44.91,44.21,44.55,44.47,1020,0.45,38,720.0,70.59
ROSSARI, 05-Aug-2026,515.6,539.95,513.5,524.9,512.9,291125,1541.48,10642,141426.0,48.58
ROSSELLIND, 05-Aug-2026,59.0,59.43,57.25,57.66,58.22,20525,11.89,351,13398.0,65.28
ROSSTECH, 05-Aug-2026,1080.2,1099.95,1055.0,1064.65,1064.2,269490,2922.31,18108,108951.0,40.43
ROTO, 05-Aug-2026,66.89,67.2,65.9,66.01,66.48,386191,256.12,2355,216147.0,55.97
ROUTE, 05-Aug-2026,536.05,539.8,529.55,532.3,532.6,272633,1452.8,8145,84601.0,31.03
ROXHITECH, 05-Aug-2026,46.0,48.75,45.1,47.5,47.0,33600,15.78,21,24000.0,71.43
RPEL, 05-Aug-2026,1260.1,1282.8,1240.0,1248.6,1276.5,42000,528.31,3443,27045.0,64.39
RPGLIFE, 05-Aug-2026,2778.3,2778.3,2662.5,2707.8,2745.7,12606,340.93,2646,5944.0,47.15
RPOWER, 05-Aug-2026,24.15,24.6,24.01,24.17,24.07,16682120,4046.98,26066,5004108.0,30.0
RPPINFRA, 05-Aug-2026,60.99,60.99,59.05,59.48,59.49,21706,12.97,472,16524.0,76.13
RPPL, 05-Aug-2026,23.01,24.9,23.01,23.6,22.92,642396,154.27,1350,347316.0,54.07
RPSGVENT, 05-Aug-2026,965.0,969.85,949.05,960.45,959.85,18514,177.61,1769,12530.0,67.68
RPTECH, 05-Aug-2026,967.7,967.7,894.0,902.85,870.9,2510671,23160.3,76739,692691.0,27.59
RRIL, 05-Aug-2026,17.55,18.63,17.55,18.46,17.15,41657,7.64,212,31667.0,76.02
RRKABEL, 05-Aug-2026,2654.3,2815.0,2648.5,2793.0,2641.1,1214785,33475.12,89320,422838.0,34.81
RSDFIN, 05-Aug-2026,147.0,160.46,147.0,160.46,145.88,39691,62.31,669,9844.0,24.8
RSL, 05-Aug-2026,144.95,155.3,142.44,150.45,142.11,895636,1348.16,11951,430825.0,48.1
RSYSTEMS, 05-Aug-2026,283.4,283.4,248.4,255.35,271.6,1271974,3318.11,23191,534167.0,42.0
RTL, 05-Aug-2026,82.9,83.3,82.9,83.3,83.9,46000,38.22,20,10000.0,21.74
RTNINDIA, 05-Aug-2026,33.09,33.77,31.9,32.55,32.53,2718600,894.29,10172,690149.0,25.39
RTNPOWER, 05-Aug-2026,8.73,8.94,8.71,8.76,8.74,12590360,1106.9,9955,3281640.0,26.06
RUBFILA, 05-Aug-2026,71.57,72.78,70.5,72.52,71.57,11077,7.98,128,10274.0,92.75
RUBICON, 05-Aug-2026,1530.0,1584.9,1522.9,1574.6,1516.4,132721,2061.04,10788,52337.0,39.43
RUCHINFRA, 05-Aug-2026,5.9,5.92,5.81,5.89,5.78,26421,1.55,135,18355.0,69.47
RUCHIRA, 05-Aug-2026,108.92,111.01,108.82,110.41,108.87,37556,41.42,494,27917.0,74.33
RUDRA, 05-Aug-2026,18.0,18.39,18.0,18.18,18.32,15539,2.83,132,12859.0,82.75
RULKA, 05-Aug-2026,111.1,112.1,109.1,109.1,112.0,3900,4.33,9,3900.0,100.0
RUPA, 05-Aug-2026,163.0,165.0,160.8,161.67,162.88,82032,133.5,3791,40419.0,49.27
RUSHIL, 05-Aug-2026,18.77,18.84,17.17,17.82,18.28,1122246,201.76,2354,423142.0,37.7
RUSTOMJEE, 05-Aug-2026,422.8,428.0,385.0,388.3,411.8,1381859,5539.79,27969,552776.0,40.0
RVHL, 05-Aug-2026,45.0,46.4,44.61,45.74,45.16,1732,0.79,42,1291.0,74.54
RVNL, 05-Aug-2026,232.7,234.43,228.16,229.0,231.4,2739599,6322.28,26339,1047535.0,38.24
RVTH, 05-Aug-2026,712.5,733.8,704.1,724.4,704.1,244,1.76,27,230.0,94.26
S&SPOWER, 05-Aug-2026,335.25,338.4,310.0,322.25,322.45,2452,7.99,97,2023.0,82.5
SAAKSHI, 05-Aug-2026,292.75,299.9,290.0,294.95,301.0,12600,36.89,17,12000.0,95.24
SAATVIKGL, 05-Aug-2026,424.0,431.35,420.0,422.65,426.3,48955,207.41,2382,27648.0,56.48
SABAR, 05-Aug-2026,6.8,6.85,6.6,6.8,6.55,40000,2.71,8,40000.0,100.0
SACHEEROME, 05-Aug-2026,418.0,421.0,412.0,415.05,415.55,12300,51.19,36,11400.0,92.68
SADBHAV, 05-Aug-2026,8.61,8.99,8.61,8.99,8.57,399143,35.72,428,257377.0,64.48
SADHAV, 05-Aug-2026,119.5,119.5,117.05,117.05,119.0,2400,2.85,4,2400.0,100.0
SAFARI, 05-Aug-2026,1515.1,1535.0,1480.0,1500.0,1512.9,71346,1076.92,9227,35190.0,49.32
SAFEENTP, 05-Aug-2026,250.5,251.0,245.35,249.75,250.35,27000,67.32,51,22500.0,83.33
SAGARDEEP, 05-Aug-2026,24.99,25.39,24.4,25.2,24.58,11893,2.97,57,10828.0,91.05
SAGCEM, 05-Aug-2026,172.99,175.95,172.1,172.9,172.94,19876,34.43,761,11413.0,57.42
SAGILITY, 05-Aug-2026,44.3,44.59,43.64,43.87,44.09,15196750,6696.17,32330,5670198.0,37.31
SAHAJSOLAR, 05-Aug-2026,112.15,115.95,110.0,110.5,113.45,19200,21.55,41,14000.0,72.92
SAHANA, 05-Aug-2026,811.0,815.0,800.7,809.65,804.4,12900,104.37,74,10350.0,80.23
SAHASRA, 05-Aug-2026,318.05,328.0,310.0,312.45,319.5,21200,67.35,51,19600.0,92.45
SAHLIBHFI, 05-Aug-2026,78.22,80.45,78.05,79.84,78.18,2796,2.24,55,2747.0,98.25
SAHYADRI, 05-Aug-2026,328.25,332.0,315.1,316.8,321.4,7410,23.85,472,5041.0,68.03
SAIFL, 05-Aug-2026,5.05,5.05,5.0,5.05,5.05,72000,3.62,15,44000.0,61.11
SAIL, 05-Aug-2026,174.95,175.8,171.52,175.5,173.55,20251266,35221.41,66709,10146390.0,50.1
SAILIFE, 05-Aug-2026,1374.0,1398.0,1355.4,1394.3,1366.4,344889,4762.55,17736,177307.0,51.41
SAIPARENT, 05-Aug-2026,533.75,543.4,510.9,516.1,531.7,212582,1110.4,8128,131511.0,61.86
SAJHOTELS, 05-Aug-2026,40.4,40.45,40.4,40.45,38.55,10000,4.04,5,10000.0,100.0
SAKAR, 05-Aug-2026,919.6,924.4,880.0,890.7,916.05,115271,1028.8,10651,54254.0,47.07
SAKHTISUG, 05-Aug-2026,17.52,18.0,17.47,17.68,17.74,73509,12.99,430,46421.0,63.15
SAKSOFT, 05-Aug-2026,177.84,179.92,175.32,177.2,177.84,451833,801.22,6730,148924.0,32.96
SAKUMA, 05-Aug-2026,1.63,1.65,1.61,1.62,1.63,675832,11.08,642,598682.0,88.58
SALASAR, 05-Aug-2026,5.92,6.02,5.9,5.92,5.92,2240494,133.62,2325,829045.0,37.0
SALONA, 05-Aug-2026,248.0,254.78,248.0,248.3,251.68,120,0.3,13,85.0,70.83
SALSTEEL, 05-Aug-2026,57.0,59.79,57.0,59.79,56.95,186647,109.73,1263,124464.0,66.68
SALZERELEC, 05-Aug-2026,612.3,632.6,602.0,606.8,612.1,85113,526.95,4200,39477.0,46.38
SAMAY, 05-Aug-2026,43.6,43.6,43.6,43.6,41.55,4000,1.74,1,4000.0,100.0
SAMBHAAV, 05-Aug-2026,6.42,6.8,6.42,6.68,6.49,35173,2.34,127,28331.0,80.55
SAMBHV, 05-Aug-2026,126.0,126.33,119.9,121.16,124.73,2287221,2789.6,14905,1143320.0,49.99
SAMHI, 05-Aug-2026,170.65,176.77,163.25,173.66,171.75,3002054,5084.77,39921,1362213.0,45.38
SAMMAANCAP, 05-Aug-2026,161.5,162.19,160.5,161.53,160.28,2888459,4661.95,13078,1621316.0,56.13
SAMPANN, 05-Aug-2026,27.9,27.9,26.51,27.43,27.08,21875,5.98,172,14388.0,65.77
SANATHAN, 05-Aug-2026,481.75,487.4,475.0,476.75,477.95,149426,722.73,1998,115956.0,77.6
SANDESH, 05-Aug-2026,1005.0,1048.0,985.8,989.8,1001.7,1815,18.31,272,1340.0,73.83
SANDHAR, 05-Aug-2026,645.0,662.95,645.0,654.75,645.35,247407,1624.33,8422,115607.0,46.73
SANDUMA, 05-Aug-2026,212.95,215.1,210.1,214.15,210.98,672466,1429.37,9127,321306.0,47.78
SANGAMIND, 05-Aug-2026,615.7,618.5,608.65,612.55,613.3,18841,115.67,1051,10428.0,55.35
SANGANI, 05-Aug-2026,43.0,43.0,43.0,43.0,43.9,1500,0.65,1,1500.0,100.0
SANGHVIMOV, 05-Aug-2026,444.75,478.0,440.05,474.2,438.55,996315,4623.48,20952,460486.0,46.22
SANOFI, 05-Aug-2026,3411.2,3418.6,3318.3,3328.4,3394.3,32497,1085.56,7319,17715.0,54.51
SANOFICONR, 05-Aug-2026,4611.2,4611.2,4520.0,4551.4,4529.2,1575,71.62,666,711.0,45.14
SANSERA, 05-Aug-2026,3544.7,3776.0,3544.0,3742.8,3508.7,440849,16240.54,44196,183868.0,41.71
SANSTAR, 05-Aug-2026,116.75,117.88,112.81,114.4,116.74,216861,249.29,2516,84891.0,39.15
SAPPHIRE, 05-Aug-2026,192.3,205.1,190.34,202.52,192.3,10606626,21356.23,68543,6827430.0,64.37
SAPPL, 05-Aug-2026,290.0,290.0,285.05,285.1,290.0,618,1.79,6,603.0,97.57
SARDAEN, 05-Aug-2026,511.8,513.8,495.1,499.7,509.4,436905,2191.23,13739,253099.0,57.93
SAREGAMA, 05-Aug-2026,547.5,574.5,538.55,557.25,542.55,2472015,13869.66,68439,588231.0,23.8
SARLAPOLY, 05-Aug-2026,101.0,103.4,98.3,102.36,101.53,52614,53.65,884,38369.0,72.93
SAROJA, 05-Aug-2026,29.25,29.25,29.25,29.25,30.0,1600,0.47,1,1600.0,100.0
SARTELE, 05-Aug-2026,122.0,122.0,118.1,118.45,119.4,68500,81.53,104,46000.0,67.15
SARVESHWAR, 05-Aug-2026,3.41,3.45,3.41,3.42,3.41,808903,27.75,1224,703806.0,87.01
SASKEN, 05-Aug-2026,2096.5,2096.5,1950.0,1972.2,1997.4,77690,1566.65,7483,42650.0,54.9
SATECH, 05-Aug-2026,34.6,34.6,34.6,34.6,34.55,1000,0.35,1,1000.0,100.0
SATIA, 05-Aug-2026,63.0,63.77,62.5,63.31,62.49,82245,51.8,904,51858.0,63.05
SATIN, 05-Aug-2026,235.9,238.99,230.01,230.91,235.05,306103,714.61,5084,157552.0,51.47
SATIPOLY, 05-Aug-2026,44.8,44.8,44.8,44.8,42.9,500,0.22,1,500.0,100.0
SATKARTAR, 05-Aug-2026,124.95,130.0,116.25,124.1,125.3,165600,200.47,116,122400.0,73.91
SATTVAENGG, 05-Aug-2026,85.0,85.9,84.1,84.1,84.1,6400,5.45,4,6400.0,100.0
SAURASHCEM, 05-Aug-2026,65.5,72.46,65.5,68.71,62.32,7115498,4977.12,50109,998829.0,14.04
SAVY, 05-Aug-2026,120.0,129.25,119.85,127.4,120.0,85200,107.48,56,69600.0,81.69
SAWALIYA, 05-Aug-2026,292.0,292.0,286.0,289.25,292.0,76200,220.48,42,52200.0,68.5
SAYAJIHOTL, 05-Aug-2026,312.0,312.0,312.0,312.0,312.0,1,0.0,1,1.0,100.0
SBC, 05-Aug-2026,41.7,41.77,40.87,41.3,41.53,6568574,2718.11,4424,2699837.0,41.1
SBCL, 05-Aug-2026,782.0,785.0,762.55,772.45,778.0,197724,1529.01,15398,108079.0,54.66
SBFC, 05-Aug-2026,92.44,94.6,91.9,93.59,92.17,884960,830.11,14627,443628.0,50.13
SBGLP, 05-Aug-2026,25.02,26.29,24.63,25.24,25.02,14002,3.51,85,8296.0,59.25
SBIBPB, 05-Aug-2026,49.37,49.79,49.21,49.39,49.01,2469230,1223.87,515,2429262.0,98.38
SBICARD, 05-Aug-2026,661.75,670.8,658.6,665.7,658.0,840398,5578.56,24725,440715.0,52.44
SBIETFCON, 05-Aug-2026,125.05,126.63,125.05,126.16,125.05,6329,7.99,118,5285.0,83.5
SBIETFIT, 05-Aug-2026,351.0,351.0,342.65,345.14,347.41,4913,17.11,201,3588.0,73.03
SBIETFPB, 05-Aug-2026,285.56,285.56,281.62,283.62,283.35,3857,10.91,121,2888.0,74.88
SBIETFQLTY, 05-Aug-2026,227.02,228.75,222.3,224.03,227.02,44051,98.94,87,43469.0,98.68
SBIFUNDS, 05-Aug-2026,574.0,575.25,571.1,573.95,569.7,1791008,10272.01,40687,1060860.0,59.23
SBILIFE, 05-Aug-2026,1910.0,1910.0,1868.1,1879.9,1899.0,625147,11774.52,41130,379903.0,60.77
SBILIQETF, 05-Aug-2026,1050.47,1050.47,1050.45,1050.45,1050.33,72538,761.98,42,51570.0,71.09
SBIMIDMOM, 05-Aug-2026,64.2,64.2,63.44,63.56,63.54,19645,12.49,152,16791.0,85.47
SBIN, 05-Aug-2026,1043.0,1055.0,1040.3,1055.0,1042.7,8707119,91441.63,148072,4538901.0,52.13
SBINEQWETF, 05-Aug-2026,34.0,34.43,34.0,34.27,33.87,53122,18.18,225,46563.0,87.65
SBINMID150, 05-Aug-2026,23.91,23.91,23.32,23.44,23.44,23405,5.5,125,19800.0,84.6
SBISILVER, 05-Aug-2026,216.37,219.22,215.68,218.64,212.3,2073548,4520.98,11213,1036093.0,49.97
SBISMLETF, 05-Aug-2026,18.36,18.38,18.28,18.33,18.23,58380,10.69,141,56311.0,96.46
SBIVALETF, 05-Aug-2026,15.14,15.16,15.08,15.1,15.11,56039,8.47,58,56036.0,99.99
SCHAEFFLER, 05-Aug-2026,4074.8,4143.0,4046.1,4089.5,4055.5,47657,1959.3,8305,29652.0,62.22
SCHAND, 05-Aug-2026,145.0,145.43,141.0,142.48,144.31,44233,63.14,1567,30352.0,68.62
SCHNEIDER, 05-Aug-2026,1346.0,1369.5,1335.0,1352.5,1333.9,120483,1635.72,12650,60461.0,50.18
SCI, 05-Aug-2026,302.35,304.85,297.55,300.7,300.9,2382016,7172.92,28009,878853.0,36.9
SCILAL, 05-Aug-2026,42.5,42.5,41.0,41.16,41.64,219278,91.12,1546,111899.0,51.03
SCML, 05-Aug-2026,84.9,84.9,82.05,84.2,81.4,10000,8.41,9,7000.0,70.0
SCODATUBES, 05-Aug-2026,152.5,152.5,144.02,145.79,150.66,282974,415.4,2929,198243.0,70.06
SCPL, 05-Aug-2026,630.0,662.05,622.05,644.75,632.15,94907,618.67,3535,38517.0,40.58
SDBL, 05-Aug-2026,71.33,74.29,71.33,73.39,71.24,1233468,900.55,8389,414339.0,33.59
SDREAMS, 05-Aug-2026,85.7,87.5,85.5,87.5,88.0,12000,10.37,10,6000.0,50.0
SEAMECLTD, 05-Aug-2026,1483.1,1543.2,1483.1,1509.7,1480.5,61447,932.33,4931,38406.0,62.5
SECMARK, 05-Aug-2026,127.8,127.8,123.0,123.36,124.21,9867,12.18,51,9610.0,97.4
SECURKLOUD, 05-Aug-2026,18.2,18.5,18.05,18.42,18.28,18471,3.39,80,17267.0,93.48
SEDEMAC, 05-Aug-2026,2800.0,2878.0,2766.4,2846.4,2795.9,119035,3380.19,16352,54868.0,46.09
SEIL, 05-Aug-2026,204.01,207.41,202.0,202.38,203.0,165453,336.54,1451,120366.0,72.75
SEL, 05-Aug-2026,254.5,255.0,245.0,245.0,243.05,2400,6.02,7,2200.0,91.67
SELECTIPO, 05-Aug-2026,47.92,48.08,47.83,48.02,47.61,79099,37.97,109,70966.0,89.72
SELMC, 05-Aug-2026,28.0,28.0,27.0,27.49,27.85,8882,2.45,102,7370.0,82.98
SENCO, 05-Aug-2026,387.85,401.85,384.6,399.05,387.9,1552723,6161.38,37500,510854.0,32.9
SENORES, 05-Aug-2026,1371.5,1374.0,1306.1,1323.3,1360.5,432344,5747.26,22415,207281.0,47.94
SENSEXADD, 05-Aug-2026,81.17,81.48,80.67,81.15,81.15,915,0.74,28,707.0,77.27
SENSEXAXIS, 05-Aug-2026,83.0,83.0,79.73,80.28,81.31,3189,2.6,111,1312.0,41.14
SENSEXBETA, 05-Aug-2026,867.62,876.98,867.0,868.3,867.62,4059,35.43,200,3498.0,86.18
SENSEXETF, 05-Aug-2026,81.29,81.47,80.88,80.99,80.93,17433,14.15,233,9240.0,53.0
SENSEXIETF, 05-Aug-2026,907.0,908.72,899.58,901.85,900.68,12710,114.86,536,9287.0,73.07
SEPC, 05-Aug-2026,5.97,6.47,5.96,6.32,5.95,51919740,3245.49,73254,12451728.0,23.98
SERVICE, 05-Aug-2026,61.05,61.2,61.0,61.0,60.5,20000,12.22,10,4000.0,20.0
SERVOTECH, 05-Aug-2026,87.98,87.98,86.01,86.27,87.51,455578,395.62,4565,227792.0,50.0
SESHAPAPER, 05-Aug-2026,230.8,232.8,228.42,230.77,227.99,44844,103.24,1229,26316.0,58.68
SETF10GILT, 05-Aug-2026,264.96,265.98,264.33,265.54,264.95,8210,21.75,30,7907.0,96.31
SETFGOLD, 05-Aug-2026,121.55,123.5,121.51,123.34,120.97,4662113,5739.16,12312,2596271.0,55.69
SETFNIF50, 05-Aug-2026,263.82,266.26,263.0,264.07,263.77,959200,2535.66,7115,690805.0,72.02
SETFNIFBK, 05-Aug-2026,594.6,596.2,587.87,591.11,590.95,27760,164.53,826,14274.0,51.42
SETFNN50, 05-Aug-2026,796.31,802.95,785.0,791.2,789.01,31517,251.14,1318,15522.0,49.25
SETL, 05-Aug-2026,271.3,281.6,270.3,278.0,275.4,369101,1020.25,5918,224057.0,60.7
SFL, 05-Aug-2026,787.0,830.0,763.0,771.65,768.05,1092667,8675.42,55359,264703.0,24.23
SFML, 05-Aug-2026,24.15,24.15,22.0,22.05,24.15,36800,8.17,17,36800.0,100.0
SGBAPR28I, 05-Aug-2026,14324.0,14470.0,14324.0,14368.87,14213.7,128,18.37,35,118.0,92.19
SGBAUG27, 05-Aug-2026,14295.0,14399.0,14150.0,14337.16,14295.0,256,36.57,53,127.0,49.61
SGBAUG28V, 05-Aug-2026,14225.0,14400.0,14225.0,14371.42,14219.08,855,122.67,167,584.0,68.3
SGBAUG29V, 05-Aug-2026,14349.99,14498.98,14311.0,14412.5,14206.3,782,112.57,48,717.0,91.69
SGBAUG30, 05-Aug-2026,14416.57,14529.0,14416.57,14448.5,14376.33,211,30.55,71,153.0,72.51
SGBD29VIII, 05-Aug-2026,14304.7,14448.25,14302.28,14447.0,14179.0,141,20.24,74,132.0,93.62
SGBDC27VII, 05-Aug-2026,14249.0,14300.0,14249.0,14283.66,14197.0,4,0.57,4,4.0,100.0
SGBDE30III, 05-Aug-2026,14458.02,14579.99,14458.02,14465.0,14423.24,287,41.68,126,222.0,77.35
SGBDE31III, 05-Aug-2026,14636.56,14814.99,14626.0,14711.21,14600.58,920,135.45,230,620.0,67.39
SGBDEC26, 05-Aug-2026,14499.99,14500.0,14499.99,14500.0,14300.0,10,1.45,2,10.0,100.0
SGBFEB27, 05-Aug-2026,14399.0,14399.0,14399.0,14399.0,14250.0,2,0.29,1,2.0,100.0
SGBFEB28IX, 05-Aug-2026,14066.0,14300.0,14065.0,14300.0,14032.0,8,1.13,4,5.0,62.5
SGBFEB29XI, 05-Aug-2026,14259.0,14399.0,14259.0,14399.0,14259.0,31,4.45,12,26.0,83.87
SGBFEB32IV, 05-Aug-2026,14709.02,14850.0,14681.57,14787.81,14665.78,2159,318.93,284,1278.0,59.19
SGBJ28VIII, 05-Aug-2026,14200.0,14300.0,14200.0,14300.0,14121.0,29,4.15,5,29.0,100.0
SGBJAN27, 05-Aug-2026,14220.0,14299.0,14210.01,14299.0,14220.0,107,15.22,5,103.0,96.26
SGBJAN29IX, 05-Aug-2026,14300.0,14386.0,14222.0,14350.0,14165.0,155,22.1,30,144.0,92.9
SGBJAN29X, 05-Aug-2026,14214.68,14300.0,14202.0,14295.2,14155.0,45,6.42,26,33.0,73.33
SGBJAN30IX, 05-Aug-2026,14226.01,14484.38,14226.01,14410.01,14297.5,36,5.19,17,26.0,72.22
SGBJU29III, 05-Aug-2026,14250.0,14349.99,14250.0,14316.58,14155.65,160,22.89,37,103.0,64.38
SGBJUL27, 05-Aug-2026,14200.0,14379.87,14200.0,14226.8,14100.0,24,3.42,12,16.0,66.67
SGBJUL28IV, 05-Aug-2026,14200.21,14340.0,14185.44,14329.0,14129.21,248,35.42,58,207.0,83.47
SGBJUL29IV, 05-Aug-2026,14175.0,14348.99,14175.0,14303.25,14166.66,262,37.42,60,200.0,76.34
SGBJUN27, 05-Aug-2026,14275.0,14275.0,14200.0,14260.0,14010.01,3,0.43,3,2.0,66.67
SGBJUN28, 05-Aug-2026,14165.0,14385.0,14163.56,14361.72,14150.0,279,39.88,52,213.0,76.34
SGBJUN29II, 05-Aug-2026,14255.5,14424.0,14255.5,14320.99,14115.0,382,54.72,69,330.0,86.39
SGBJUN30, 05-Aug-2026,14325.0,14472.0,14324.0,14408.75,14257.96,258,37.13,99,188.0,72.87
SGBJUN31I, 05-Aug-2026,14547.37,14657.69,14445.0,14590.59,14475.0,538,78.43,115,376.0,69.89
SGBMAR28X, 05-Aug-2026,15173.0,15173.0,14251.0,14403.84,14121.0,102,14.65,18,77.0,75.49
SGBMAR30X, 05-Aug-2026,14225.0,14499.94,14225.0,14376.81,14276.0,241,34.61,73,136.0,56.43
SGBMAR31IV, 05-Aug-2026,14550.0,14661.99,14525.77,14565.0,14414.0,204,29.74,63,158.0,77.45
SGBMAY28, 05-Aug-2026,14135.01,14350.0,14135.01,14306.01,14131.0,126,18.04,32,107.0,84.92
SGBMAY29I, 05-Aug-2026,14163.56,14450.01,14163.56,14323.1,14152.45,661,94.71,158,439.0,66.41
SGBMR29XII, 05-Aug-2026,14250.0,14465.0,14250.0,14400.0,14190.97,121,17.41,19,94.0,77.69
SGBN28VIII, 05-Aug-2026,14173.56,14390.0,14173.56,14325.56,14155.43,123,17.64,41,89.0,72.36
SGBNV29VII, 05-Aug-2026,14105.0,14369.0,14105.0,14327.58,14160.98,123,17.58,43,110.0,89.43
SGBOC28VII, 05-Aug-2026,14229.71,14396.41,14222.5,14331.0,14140.89,194,27.77,35,179.0,92.27
SGBOCT26, 05-Aug-2026,14210.0,14333.0,14210.0,14333.0,14150.0,14,2.0,7,9.0,64.29
SGBOCT27, 05-Aug-2026,14364.99,14364.99,14275.0,14275.0,14061.0,14,2.01,5,14.0,100.0
SGBOCT27VI, 05-Aug-2026,14115.11,14339.9,14115.11,14330.0,14100.0,30,4.28,7,21.0,70.0
SGBSEP27, 05-Aug-2026,14300.0,14400.0,14300.0,14399.97,14085.12,410,59.0,26,407.0,99.27
SGBSEP28VI, 05-Aug-2026,14250.0,14410.0,14250.0,14398.21,14200.0,270,38.77,48,239.0,88.52
SGBSEP29VI, 05-Aug-2026,14251.0,14451.0,14251.0,14402.18,14173.25,266,38.21,48,219.0,82.33
SGBSEP31II, 05-Aug-2026,14526.0,14674.99,14508.01,14615.67,14483.67,772,112.75,183,496.0,64.25
SGFIN, 05-Aug-2026,712.9,727.45,686.5,694.25,705.9,376560,2642.3,14209,159219.0,42.28
SGIL, 05-Aug-2026,604.05,604.05,596.65,600.65,595.1,2684,16.12,103,2042.0,76.08
SGL, 05-Aug-2026,9.9,9.9,9.73,9.77,9.85,2735,0.27,24,2140.0,78.24
SGMART, 05-Aug-2026,720.1,725.1,705.85,709.5,718.8,329583,2361.55,13821,172448.0,52.32
SHADOWFAX, 05-Aug-2026,249.68,253.25,242.16,243.51,248.15,5016858,12438.51,63370,2328904.0,46.42
SHAH, 05-Aug-2026,4.05,4.13,3.85,3.92,4.01,7715821,309.11,7638,3647096.0,47.27
SHAHALLOYS, 05-Aug-2026,65.5,71.19,65.5,70.26,67.4,13184,9.25,115,11408.0,86.53
SHAILY, 05-Aug-2026,3075.9,3195.0,3075.9,3176.2,3075.7,245017,7716.02,22978,128678.0,52.52
SHAKTIPUMP, 05-Aug-2026,522.0,524.5,517.5,518.7,519.4,281651,1464.43,10107,137450.0,48.8
SHALBY, 05-Aug-2026,165.91,168.99,161.5,162.27,165.04,120518,196.86,2124,85510.0,70.95
SHALPAINTS, 05-Aug-2026,82.5,87.0,81.11,86.19,82.54,2484740,2107.33,16293,853123.0,34.33
SHANKARA, 05-Aug-2026,145.6,145.6,142.0,142.7,144.74,526116,752.12,2353,371359.0,70.59
SHANTHALA, 05-Aug-2026,17.25,18.9,17.25,18.8,17.25,16800,3.13,9,16800.0,100.0
SHANTI, 05-Aug-2026,7.15,7.15,6.76,6.88,6.91,3406,0.24,33,2060.0,60.48
SHANTIGEAR, 05-Aug-2026,410.0,419.95,409.5,418.55,409.5,14330,59.52,919,7470.0,52.13
SHANTIGOLD, 05-Aug-2026,220.99,220.99,216.11,216.95,218.05,259929,567.64,3475,148300.0,57.05
SHARDACROP, 05-Aug-2026,848.0,848.6,820.1,822.9,840.65,232322,1924.88,14917,133219.0,57.34
SHARDAMOTR, 05-Aug-2026,897.0,907.5,890.2,901.35,887.95,44405,400.73,3889,27970.0,62.99
SHAREINDIA, 05-Aug-2026,178.0,179.7,175.29,177.07,176.08,665999,1177.39,5522,287764.0,43.21
SHARIABEES, 05-Aug-2026,475.96,478.97,473.86,475.14,473.86,6379,30.32,450,3399.0,53.28
SHBAJRG, 05-Aug-2026,188.0,191.5,183.0,183.58,187.13,1165,2.16,59,960.0,82.4
SHEETAL, 05-Aug-2026,318.3,341.0,318.3,336.35,315.15,7000,22.81,11,6500.0,92.86
SHEKHAWATI, 05-Aug-2026,14.0,14.65,13.91,13.94,14.29,20141,2.84,78,14328.0,71.14
SHERA, 05-Aug-2026,165.0,169.4,165.0,166.0,165.0,20000,33.51,20,19000.0,95.0
SHETHJI, 05-Aug-2026,157.5,162.9,154.1,161.3,155.15,50000,78.71,24,48000.0,96.0
SHIGAN, 05-Aug-2026,62.6,63.95,62.6,63.9,62.6,10500,6.69,7,9000.0,85.71
SHILCTECH, 05-Aug-2026,4665.0,4700.0,4460.0,4480.4,4663.7,37194,1693.12,9739,19136.0,51.45
SHILPAMED, 05-Aug-2026,650.0,753.85,636.85,721.75,644.65,16598958,118575.05,330779,2155105.0,12.98
SHINDL, 05-Aug-2026,159.51,160.98,159.0,159.9,159.74,77474,123.85,342,4356.0,5.62
SHIVASHRIT, 05-Aug-2026,129.5,129.5,128.0,128.85,128.75,46000,59.28,13,45000.0,97.83
SHIVATEX, 05-Aug-2026,163.14,168.0,160.0,167.09,163.14,3483,5.64,40,3445.0,98.91
SHIVAUM, 05-Aug-2026,422.0,436.95,422.0,424.75,419.75,2267,9.71,138,1019.0,44.95
SHK, 05-Aug-2026,165.8,168.74,164.97,166.86,165.77,382548,638.34,5704,190992.0,49.93
SHKSIL, 05-Aug-2026,42.0,42.0,42.0,42.0,40.0,2000,0.84,1,2000.0,100.0
SHOPERSTOP, 05-Aug-2026,408.0,416.0,401.35,406.05,406.85,40491,166.5,2131,19161.0,47.32
SHRADHA, 05-Aug-2026,33.82,34.49,33.8,34.37,33.82,23680,8.1,176,13536.0,57.16
SHREDIGCEM, 05-Aug-2026,72.55,73.16,72.1,72.23,72.55,30868,22.39,590,19109.0,61.91
SHREECEM, 05-Aug-2026,27010.0,27550.0,26730.0,26900.0,26900.0,19392,5264.8,10177,6619.0,34.13
SHREEDHAR, 05-Aug-2026,123.0,128.0,100.0,101.6,121.65,270000,292.79,114,150000.0,55.56
SHREEJISPG, 05-Aug-2026,664.7,667.15,660.1,661.75,660.55,408225,2708.66,3908,201764.0,49.42
SHREEKARNI, 05-Aug-2026,406.0,406.0,403.05,405.95,408.7,1200,4.87,7,1050.0,87.5
SHREEOSFM, 05-Aug-2026,57.0,57.0,57.0,57.0,58.8,2000,1.14,2,2000.0,100.0
SHREEPUSHK, 05-Aug-2026,426.0,426.0,411.0,416.45,421.95,22758,94.51,1358,12866.0,56.53
SHREERAMA, 05-Aug-2026,39.0,39.5,38.05,38.35,38.29,58366,22.45,599,33977.0,58.21
SHREYANIND, 05-Aug-2026,140.85,143.43,140.85,142.56,140.85,2651,3.78,75,2176.0,82.08
SHRIAHIMSA, 05-Aug-2026,390.0,399.0,386.5,390.0,389.0,12600,49.26,20,11400.0,90.48
SHRIKANHA, 05-Aug-2026,21.5,21.5,21.5,21.5,22.3,1600,0.34,1,1600.0,100.0
SHRIKRISH, 05-Aug-2026,44.9,44.9,41.0,42.29,40.25,1267,0.56,46,966.0,76.24
SHRINGARMS, 05-Aug-2026,233.5,236.37,230.0,231.48,232.28,812722,1897.63,5557,245738.0,30.24
SHRIPISTON, 05-Aug-2026,4288.0,4532.8,4212.1,4440.8,4402.7,134172,5957.87,20066,57043.0,42.51
SHRIRAMFIN, 05-Aug-2026,1097.7,1122.4,1092.7,1122.4,1087.3,6684889,73880.46,91796,3791302.0,56.71
SHRIRAMPPS, 05-Aug-2026,84.75,86.16,84.75,85.15,84.67,235204,201.03,2340,114910.0,48.86
SHUBHSHREE, 05-Aug-2026,380.0,380.0,350.05,354.95,345.0,3000,10.71,10,1800.0,60.0
SHYAMDHANI, 05-Aug-2026,59.5,59.5,58.0,59.25,56.7,20000,11.83,10,20000.0,100.0
SHYAMMETL, 05-Aug-2026,1028.8,1031.0,1020.3,1029.6,1019.8,518701,5321.0,9836,147822.0,28.5
SICAGEN, 05-Aug-2026,49.21,52.5,49.12,51.51,49.73,10154,5.19,91,8577.0,84.47
SIDDHICOTS, 05-Aug-2026,27.45,28.55,26.95,28.55,27.8,19200,5.21,11,18000.0,93.75
SIDDHIKA, 05-Aug-2026,208.0,215.35,208.0,215.35,205.1,6500,13.85,10,6500.0,100.0
SIEMENS, 05-Aug-2026,4035.0,4069.9,3955.0,3980.0,4000.5,355546,14238.96,28113,149735.0,42.11
SIGIND, 05-Aug-2026,58.57,62.15,57.8,61.4,56.96,160438,96.92,1262,108873.0,67.86
SIGMA, 05-Aug-2026,47.7,48.0,46.12,47.45,48.09,239575,113.55,1949,155837.0,65.05
SIGNATURE, 05-Aug-2026,827.9,833.0,811.05,813.7,818.35,198824,1639.55,5044,17498.0,8.8
SIGNORIA, 05-Aug-2026,160.0,162.6,160.0,162.6,154.9,17000,27.56,17,15000.0,88.24
SIGNPOST, 05-Aug-2026,272.8,280.0,266.6,269.9,274.0,155790,425.41,5245,72650.0,46.63
SIKA, 05-Aug-2026,1110.0,1129.5,1102.1,1105.5,1113.2,18309,202.82,1674,11619.0,63.46
SIKKO, 05-Aug-2026,5.4,5.45,5.32,5.38,5.3,995025,53.58,639,896884.0,90.14
SIL, 05-Aug-2026,17.15,17.15,16.8,16.97,16.9,14212,2.41,169,10516.0,73.99
SILGO, 05-Aug-2026,70.99,71.58,68.3,68.97,70.99,129300,90.27,838,11392.0,8.81
SILINV, 05-Aug-2026,424.55,429.8,420.1,428.35,424.55,1265,5.4,71,1034.0,81.74
SILKFLEX, 05-Aug-2026,209.9,209.9,200.0,200.0,200.05,12000,24.54,12,11000.0,91.67
SILKY, 05-Aug-2026,79.95,79.95,71.5,73.0,75.9,172800,124.96,14,170400.0,98.61
SILLYMONKS, 05-Aug-2026,15.89,17.2,15.16,16.31,15.38,88577,14.61,424,60187.0,67.95
SILVER, 05-Aug-2026,219.02,223.22,219.02,222.67,216.41,1269488,2812.44,10292,488350.0,38.47
SILVER1, 05-Aug-2026,21.31,21.72,21.31,21.67,21.01,8800330,1897.85,4864,2973358.0,33.79
SILVER360, 05-Aug-2026,213.39,219.69,213.39,218.86,213.39,22755,49.64,490,16688.0,73.34
SILVERADD, 05-Aug-2026,212.95,215.57,212.12,214.88,208.73,467750,1002.78,3741,229418.0,49.05
SILVERAG, 05-Aug-2026,213.0,217.9,213.0,217.34,211.29,289322,626.25,2569,78612.0,27.17
SILVERAXIS, 05-Aug-2026,218.49,222.45,218.49,221.8,215.38,428037,946.41,2650,184435.0,43.09
SILVERBEES, 05-Aug-2026,210.13,214.08,210.06,213.39,207.35,41478791,88217.57,89580,15861074.0,38.24
SILVERBETA, 05-Aug-2026,210.01,216.04,210.01,215.47,209.33,377411,809.4,4183,158125.0,41.9
SILVERBND, 05-Aug-2026,220.58,224.33,220.58,224.01,217.74,10935,24.4,176,6103.0,55.81
SILVERCASE, 05-Aug-2026,22.96,22.96,22.26,22.6,21.96,14559569,3274.45,8204,6352580.0,43.63
SILVERIETF, 05-Aug-2026,219.5,226.55,218.66,222.6,216.3,4727891,10478.7,21838,1824330.0,38.59
SILVERTUC, 05-Aug-2026,195.5,195.51,188.51,191.86,193.54,481752,921.0,6512,210792.0,43.76
SIMCA, 05-Aug-2026,226.8,232.5,220.65,229.85,225.7,34800,79.3,50,27000.0,77.59
SIMPLEXINF, 05-Aug-2026,233.16,234.62,231.03,232.16,233.16,10330,24.06,475,5723.0,55.4
SINCLAIR, 05-Aug-2026,74.54,75.49,73.05,74.77,74.03,22966,17.05,453,12171.0,53.0
SINDHUTRAD, 05-Aug-2026,24.44,25.0,23.0,24.64,24.37,993012,241.4,2108,548990.0,55.29
SINGERIND, 05-Aug-2026,65.99,68.12,64.81,65.88,65.3,45982,30.67,915,30120.0,65.5
SINTERCOM, 05-Aug-2026,84.0,85.0,82.1,82.85,82.66,64740,53.92,142,62074.0,95.88
SIRCA, 05-Aug-2026,438.85,447.4,436.3,443.35,437.0,424454,1879.73,5459,129328.0,30.47
SIS, 05-Aug-2026,430.05,434.0,425.45,430.55,430.05,91748,395.46,4842,57014.0,62.14
SIYSIL, 05-Aug-2026,625.0,636.9,625.0,628.0,622.9,55413,350.02,2551,32128.0,57.98
SJLOGISTIC, 05-Aug-2026,325.8,332.0,320.0,322.45,318.2,34250,111.29,100,24250.0,70.8
SJS, 05-Aug-2026,2429.8,2543.1,2425.1,2510.3,2432.4,262138,6569.26,25015,125484.0,47.87
SJVN, 05-Aug-2026,69.62,69.88,68.55,69.11,69.0,1577078,1089.91,12519,666440.0,42.26
SKFINDIA, 05-Aug-2026,1494.0,1544.0,1494.0,1509.9,1493.3,81562,1237.41,5387,56742.0,69.57
SKFINDUS, 05-Aug-2026,2767.1,2802.0,2692.2,2728.9,2771.9,40641,1109.0,7530,21797.0,53.63
SKIPPER, 05-Aug-2026,549.0,554.0,541.0,548.5,546.35,406318,2224.74,13768,158145.0,38.92
SKMEGGPROD, 05-Aug-2026,241.89,243.68,229.5,230.74,240.14,745417,1745.56,12262,367499.0,49.3
SKP, 05-Aug-2026,162.05,162.6,162.0,162.6,165.0,1500,2.43,3,1000.0,66.67
SKYGOLD, 05-Aug-2026,684.55,691.95,675.05,678.6,675.5,550331,3760.92,15734,282215.0,51.28
SLONE, 05-Aug-2026,137.0,137.0,137.0,137.0,137.0,800,1.1,1,800.0,100.0
SMALL250, 05-Aug-2026,18.63,18.63,18.31,18.4,18.26,607918,111.84,1172,528605.0,86.95
SMALLADD, 05-Aug-2026,18.29,18.47,18.29,18.46,18.25,37184,6.85,287,31205.0,83.92
SMALLCAP, 05-Aug-2026,47.64,48.19,47.57,48.09,47.61,2530180,1215.96,3784,1364438.0,53.93
SMALLGROWW, 05-Aug-2026,47.83,48.5,47.83,48.38,47.73,12269,5.9,87,10282.0,83.8
SMALLIETF, 05-Aug-2026,18.24,18.41,18.24,18.32,18.24,52237,9.58,120,38439.0,73.59
SMARTEN, 05-Aug-2026,52.0,53.85,51.5,53.0,53.15,33600,17.76,14,33600.0,100.0
SMARTWORKS, 05-Aug-2026,475.45,481.6,468.0,472.0,476.65,37493,178.02,3951,19025.0,50.74
SMCGLOBAL, 05-Aug-2026,79.46,81.8,78.0,79.8,79.46,1232169,979.61,2999,844641.0,68.55
SML100CASE, 05-Aug-2026,11.17,11.39,9.01,11.22,11.17,2442090,273.21,1741,1682603.0,68.9
SMLMAH, 05-Aug-2026,5410.0,5967.5,5410.0,5917.5,5425.0,517639,30309.0,45665,161473.0,31.19
SMLT, 05-Aug-2026,70.78,71.49,68.52,70.04,70.08,5310,3.73,199,3019.0,56.85
SMSPHARMA, 05-Aug-2026,367.0,368.9,360.5,364.55,363.5,141953,515.52,3273,77821.0,54.82
SNEHAA, 05-Aug-2026,46.95,46.95,45.0,45.0,46.0,9000,4.1,8,7000.0,77.78
SNOWMAN, 05-Aug-2026,40.7,43.4,38.88,40.57,39.43,3124951,1304.06,17941,662213.0,21.19
SNXT30BEES, 05-Aug-2026,43.47,44.15,43.4,43.61,43.68,33319,14.59,88,15904.0,47.73
SNXT50BETA, 05-Aug-2026,96.0,96.92,95.95,96.22,95.86,3249,3.14,99,3144.0,96.77
SOBHA, 05-Aug-2026,1366.4,1390.0,1350.0,1361.0,1358.4,95666,1315.35,8939,29681.0,31.03
SOCL, 05-Aug-2026,27.0,27.0,26.5,26.5,25.75,4800,1.29,3,4800.0,100.0
SOLARA, 05-Aug-2026,523.95,523.95,511.2,514.65,520.65,83612,430.15,2785,52698.0,63.03
SOLARINDS, 05-Aug-2026,18800.0,18910.0,17816.0,18400.0,18700.0,68056,12642.85,17063,27489.0,40.39
SOLARWORLD, 05-Aug-2026,171.2,172.9,167.0,167.66,169.72,500722,848.46,8524,238493.0,47.63
SOLEX, 05-Aug-2026,941.55,941.55,920.05,923.75,925.75,11842,109.76,1181,6799.0,57.41
SOMANYCERA, 05-Aug-2026,511.8,512.0,494.0,500.3,509.3,55179,275.81,4226,38578.0,69.91
SOMATEX, 05-Aug-2026,95.9,98.18,95.9,97.14,95.9,2962,2.87,109,1672.0,56.45
SOMICONVEY, 05-Aug-2026,92.3,96.48,92.3,93.88,94.76,13667,12.9,658,5840.0,42.73
SONACOMS, 05-Aug-2026,790.0,822.9,785.05,814.6,787.0,3622373,29377.72,65090,1460993.0,40.33
SONAL, 05-Aug-2026,88.01,88.01,87.99,88.0,88.01,113,0.1,11,112.0,99.12
SONAMAC, 05-Aug-2026,36.15,36.15,36.0,36.0,36.0,4000,1.44,4,4000.0,100.0
SONAMLTD, 05-Aug-2026,55.24,55.49,54.24,54.57,54.17,8143,4.46,293,4046.0,49.69
SONATSOFTW, 05-Aug-2026,351.0,359.5,335.1,337.5,350.3,1907178,6603.13,31950,640614.0,33.59
SONUINFRA, 05-Aug-2026,40.0,42.0,38.0,42.0,40.0,25500,9.96,14,24000.0,94.12
SOTL, 05-Aug-2026,652.0,685.9,640.0,679.0,643.0,862125,5797.24,27244,290843.0,33.74
SOUTHBANK, 05-Aug-2026,47.18,47.4,46.8,46.92,46.86,4470613,2104.69,19446,1848512.0,41.35
SOUTHWEST, 05-Aug-2026,236.0,238.06,233.0,234.68,235.88,97673,229.3,2921,52414.0,53.66
SPAL, 05-Aug-2026,1041.0,1059.8,1022.95,1052.2,1032.4,102305,1072.99,9514,37717.0,36.87
SPANDANA, 05-Aug-2026,258.4,262.0,256.15,260.5,256.55,148193,384.1,3587,70328.0,47.46
SPARC, 05-Aug-2026,209.95,220.87,206.5,218.35,207.27,2190736,4698.92,24754,993646.0,45.36
SPCENET, 05-Aug-2026,3.5,3.53,3.47,3.49,3.47,235917,8.26,390,204414.0,86.65
SPCL, 05-Aug-2026,64.9,67.05,64.9,66.9,65.2,15000,9.96,23,9600.0,64.0
SPCON, 05-Aug-2026,131.85,139.65,128.0,139.65,127.1,8400,11.17,7,8400.0,100.0
SPECIALITY, 05-Aug-2026,142.55,144.69,134.16,142.03,139.46,316963,440.15,3130,136826.0,43.17
SPECTRUM, 05-Aug-2026,2552.1,2570.7,2500.0,2514.2,2552.1,11380,288.81,1988,5170.0,45.43
SPECTSTM, 05-Aug-2026,60.15,65.85,60.15,65.85,62.75,38400,23.82,26,35200.0,91.67
SPENCERS, 05-Aug-2026,33.15,33.15,32.05,32.84,32.2,47909,15.6,781,19179.0,40.03
SPIC, 05-Aug-2026,68.12,68.68,67.39,68.29,68.09,205022,139.59,2150,111464.0,54.37
SPLIL, 05-Aug-2026,31.39,31.99,30.5,31.6,31.24,10922,3.43,74,7653.0,70.07
SPLPETRO, 05-Aug-2026,721.0,722.15,703.95,706.0,716.8,63184,449.12,4104,35964.0,56.92
SPMLINFRA, 05-Aug-2026,195.46,198.33,194.2,196.59,194.25,118670,233.0,2208,63266.0,53.31
SPORTKING, 05-Aug-2026,220.77,221.75,206.85,210.24,217.51,936556,1970.95,13453,438066.0,46.77
SPUNWEB, 05-Aug-2026,100.05,100.5,100.05,100.5,100.0,2400,2.41,2,1200.0,50.0
SRD, 05-Aug-2026,39.99,39.99,37.9,38.16,38.68,34759,13.37,260,20042.0,57.66
SREEL, 05-Aug-2026,213.0,218.89,213.0,214.78,212.61,4877,10.48,284,2752.0,56.43
SRF, 05-Aug-2026,2646.3,2649.0,2618.0,2639.7,2642.3,241199,6343.95,21720,130079.0,53.93
SRGHFL, 05-Aug-2026,292.15,299.8,285.1,290.0,294.45,10386,30.32,209,4129.0,39.76
SRHHYPOLTD, 05-Aug-2026,489.8,495.2,485.6,488.15,486.7,3157,15.46,281,2349.0,74.41
SRIVASAVI, 05-Aug-2026,83.85,85.6,83.85,84.05,83.8,4000,3.37,4,3000.0,75.0
SRM, 05-Aug-2026,517.8,517.8,508.0,510.55,509.85,73020,374.85,1804,40804.0,55.88
SRTL, 05-Aug-2026,40.89,40.89,40.1,40.33,40.39,16991,6.86,299,9887.0,58.19
SSDL, 05-Aug-2026,53.65,55.04,53.65,54.38,54.91,11706,6.36,779,5110.0,43.65
SSEGL, 05-Aug-2026,358.0,358.0,348.05,355.6,356.6,15600,55.26,62,11800.0,75.64
SSFL, 05-Aug-2026,252.45,259.5,246.0,253.05,256.35,13000,33.0,18,11500.0,88.46
SSFLPP, 05-Aug-2026,138.2,140.0,134.9,135.25,138.2,7305,9.9,64,7253.0,99.29
SSWL, 05-Aug-2026,317.85,322.0,314.55,319.95,316.5,716663,2290.26,10671,387768.0,54.11
STALLION, 05-Aug-2026,271.2,274.1,263.3,267.95,268.55,1776246,4762.71,19905,493792.0,27.8
STANLEY, 05-Aug-2026,157.33,157.66,154.0,154.38,155.05,45181,69.97,1828,25446.0,56.32
STAR, 05-Aug-2026,994.5,994.5,963.0,970.4,994.6,374889,3655.7,21299,205365.0,54.78
STARCEMENT, 05-Aug-2026,203.5,204.9,203.5,204.55,203.72,83402,170.4,1440,51705.0,61.99
STARHEALTH, 05-Aug-2026,587.7,597.35,583.1,588.1,587.7,453915,2674.29,35862,265765.0,58.55
STARPAPER, 05-Aug-2026,151.17,152.58,150.0,150.81,152.0,11099,16.75,151,8413.0,75.8
STARTECK, 05-Aug-2026,263.75,263.75,254.0,256.35,256.65,3696,9.64,75,96.0,2.6
STCINDIA, 05-Aug-2026,120.3,121.0,119.12,119.57,119.27,25106,30.12,509,10277.0,40.93
STEELCAS, 05-Aug-2026,345.2,345.5,328.1,337.0,339.05,140868,476.5,7325,86237.0,61.22
STEELCITY, 05-Aug-2026,86.52,87.8,83.15,84.44,86.52,61380,52.42,641,39615.0,64.54
STEELXIND, 05-Aug-2026,11.26,11.66,11.25,11.52,11.26,1795898,205.99,2634,923744.0,51.44
STEL, 05-Aug-2026,563.45,566.95,555.3,559.05,561.9,508,2.87,101,369.0,72.64
STOVEKRAFT, 05-Aug-2026,763.5,786.0,750.55,756.0,759.85,220402,1695.73,8742,102581.0,46.54
STRIDERS, 05-Aug-2026,62.7,64.95,62.0,62.0,62.85,27200,17.14,9,22400.0,82.35
STUDDS, 05-Aug-2026,451.95,451.95,438.5,439.5,445.6,51459,227.11,1964,33454.0,65.01
STUDIOLSD, 05-Aug-2026,8.1,8.95,8.1,8.65,8.95,122000,10.14,48,84000.0,68.85
STYL, 05-Aug-2026,360.55,368.95,358.8,363.8,361.7,70827,257.44,2628,34444.0,48.63
STYLAMIND, 05-Aug-2026,3545.4,3551.9,3430.0,3465.9,3523.0,27805,974.52,6699,13414.0,48.24
STYRENIX, 05-Aug-2026,2521.6,2540.0,2472.0,2478.3,2488.6,118600,2972.28,9558,68786.0,58.0
SUBAHOTELS, 05-Aug-2026,107.15,123.5,107.15,119.0,109.15,124800,146.58,89,87600.0,70.19
SUBROS, 05-Aug-2026,835.0,844.15,822.8,829.5,826.45,73290,612.55,4403,29691.0,40.51
SUDARCOLOR, 05-Aug-2026,378.0,390.0,375.0,381.4,377.75,18588,71.06,1511,11771.0,63.33
SUDARSCHEM, 05-Aug-2026,1052.0,1090.5,1052.0,1084.5,1047.2,271539,2918.47,13742,133135.0,49.03
SUDEEPPHRM, 05-Aug-2026,818.4,958.95,801.4,958.95,871.8,1667917,14941.55,61765,488866.0,29.31
SUKHJITS, 05-Aug-2026,165.31,166.99,162.31,163.69,165.31,7117,11.72,219,5002.0,70.28
SULA, 05-Aug-2026,164.2,174.5,163.57,170.76,163.12,1357599,2311.22,15263,560362.0,41.28
SUMEETINDS, 05-Aug-2026,19.13,19.13,19.13,19.13,20.13,133592,25.56,376,131941.0,98.76
SUMICHEM, 05-Aug-2026,518.0,518.0,505.55,507.55,511.9,207102,1060.65,8291,94908.0,45.83
SUMIT, 05-Aug-2026,56.3,57.5,55.96,56.59,55.85,58528,33.14,588,30424.0,51.98
SUMMITSEC, 05-Aug-2026,1559.8,1581.1,1515.1,1531.1,1540.1,10109,154.75,946,6494.0,64.24
SUNCLAY, 05-Aug-2026,1254.5,1300.0,1254.1,1272.0,1254.6,4605,58.65,726,2572.0,55.85
SUNDARAM, 05-Aug-2026,1.25,1.27,1.24,1.25,1.25,474560,5.97,231,329384.0,69.41
SUNDARMFIN, 05-Aug-2026,4818.9,4835.0,4600.0,4736.0,4779.3,42017,1997.36,8852,24919.0,59.31
SUNDRMFAST, 05-Aug-2026,1039.0,1048.9,1014.4,1030.45,992.85,540321,5545.68,29803,392793.0,72.7
SUNDROP, 05-Aug-2026,666.8,670.0,661.45,665.5,666.8,9673,64.27,430,7548.0,78.03
SUNFLAG, 05-Aug-2026,370.5,377.45,364.9,375.3,368.25,380764,1412.75,7231,239132.0,62.8
SUNLITE, 05-Aug-2026,494.0,507.0,488.0,490.9,494.0,22500,111.2,71,13200.0,58.67
SUNPHARMA, 05-Aug-2026,1967.8,1968.2,1934.0,1940.0,1964.0,2152829,41792.79,108744,1452281.0,67.46
SUNREST, 05-Aug-2026,35.05,40.0,35.05,40.0,36.3,6400,2.46,4,6400.0,100.0
SUNTECH, 05-Aug-2026,33.5,34.2,33.5,34.2,33.65,8000,2.72,4,8000.0,100.0
SUNTECK, 05-Aug-2026,305.85,306.7,300.55,302.45,302.85,177205,537.15,4387,102251.0,57.7
SUNTV, 05-Aug-2026,505.75,508.45,491.65,493.35,502.35,278151,1386.58,19611,163693.0,58.85
SUPERHOUSE, 05-Aug-2026,160.56,162.23,155.82,157.14,157.69,2084,3.31,138,1344.0,64.49
SUPRAJIT, 05-Aug-2026,506.7,525.0,502.8,524.1,506.9,191033,990.35,9678,109171.0,57.15
SUPREME, 05-Aug-2026,46.83,46.83,45.2,45.91,46.83,22193,10.14,275,12774.0,57.56
SUPREMEIND, 05-Aug-2026,3512.9,3524.0,3460.5,3460.6,3501.0,137058,4772.32,16025,67526.0,49.27
SUPREMEINF, 05-Aug-2026,92.0,99.46,89.74,94.39,87.12,1364000,1303.18,13514,253181.0,18.56
SUPREMEPWR, 05-Aug-2026,210.0,212.0,208.2,209.25,211.5,28500,59.77,54,19000.0,66.67
SUPRIYA, 05-Aug-2026,891.95,923.9,876.45,913.6,887.65,279750,2513.33,12726,155105.0,55.44
SURAJEST, 05-Aug-2026,202.15,207.0,201.11,205.36,200.14,128008,262.16,1121,89705.0,70.08
SURAJLTD, 05-Aug-2026,220.0,220.0,215.45,217.26,219.96,126,0.27,17,50.0,39.68
SURAKSHA, 05-Aug-2026,254.8,259.9,251.0,252.3,251.1,21712,54.99,1160,9971.0,45.92
SURANASOL, 05-Aug-2026,25.95,26.48,25.86,26.22,25.95,40179,10.5,421,27960.0,69.59
SURANAT&P, 05-Aug-2026,18.11,18.39,17.9,18.01,18.27,62510,11.32,402,37415.0,59.85
SURANI, 05-Aug-2026,99.0,99.0,97.0,97.0,102.8,1400,1.37,2,1400.0,100.0
SURYALA, 05-Aug-2026,410.0,415.0,405.25,406.7,406.55,320,1.31,22,237.0,74.06
SURYALAXMI, 05-Aug-2026,60.8,61.7,56.55,59.32,61.14,13420,7.98,138,10218.0,76.14
SURYAROSNI, 05-Aug-2026,239.99,251.0,239.99,246.68,238.22,1918006,4733.32,35200,825946.0,43.06
SURYODAY, 05-Aug-2026,164.05,164.9,161.81,162.68,162.76,755461,1231.06,8202,370276.0,49.01
SUVEN, 05-Aug-2026,311.45,329.95,308.15,326.55,309.85,917830,2941.52,19671,348428.0,37.96
SUVIDHAA, 05-Aug-2026,2.62,2.62,2.48,2.52,2.59,93357,2.4,204,78470.0,84.05
SUYOG, 05-Aug-2026,852.55,866.45,835.0,839.5,852.55,27057,230.24,1336,16246.0,60.04
SUZLON, 05-Aug-2026,48.5,48.84,47.9,48.15,48.01,39589104,19131.31,73084,15619421.0,39.45
SWANCORP, 05-Aug-2026,315.0,316.65,309.6,310.6,313.55,704335,2198.3,7841,256763.0,36.45
SWARAJ, 05-Aug-2026,359.25,366.9,358.05,365.15,359.75,162000,586.68,153,68500.0,42.28
SWARAJENG, 05-Aug-2026,3609.3,3623.4,3582.8,3608.9,3598.6,6618,238.13,1525,4125.0,62.33
SWASTIK, 05-Aug-2026,19.95,19.95,19.95,19.95,20.35,14400,2.87,6,14400.0,100.0
SWELECTES, 05-Aug-2026,620.75,647.9,620.15,632.05,620.45,17013,107.09,893,10777.0,63.35
SWIGGY, 05-Aug-2026,293.0,293.45,286.6,289.9,291.0,9072593,26362.01,49917,2517403.0,27.75
SWSOLAR, 05-Aug-2026,207.1,211.03,207.1,209.4,206.1,726379,1521.08,8664,323318.0,44.51
SYLVANPLY, 05-Aug-2026,50.9,50.9,49.4,49.8,51.05,12000,6.06,4,10000.0,83.33
SYMPHONY, 05-Aug-2026,680.0,680.0,640.0,644.75,672.3,307163,2014.37,15063,191565.0,62.37
SYNCOMF, 05-Aug-2026,13.33,13.55,13.3,13.33,13.3,1188403,159.08,3044,779412.0,65.58
SYNGENE, 05-Aug-2026,412.0,413.9,406.2,406.95,410.2,541762,2219.97,22348,276606.0,51.06
SYRMA, 05-Aug-2026,1429.6,1453.0,1419.0,1434.1,1421.6,1243415,17903.1,43990,492150.0,39.58
SYSTANGO, 05-Aug-2026,215.3,217.85,214.0,215.0,215.3,14400,31.08,30,11600.0,80.56
TAALTECH, 05-Aug-2026,3987.0,4035.0,3954.3,3998.8,3930.5,4600,184.03,388,4166.0,90.57
TAC, 05-Aug-2026,511.0,523.0,510.05,521.35,507.45,36400,189.14,151,27800.0,76.37
TAINWALCHM, 05-Aug-2026,210.0,225.0,205.0,220.58,207.41,13458,29.29,334,8526.0,63.35
TAJGVK, 05-Aug-2026,371.5,374.0,363.6,364.7,369.95,88940,328.27,3183,58846.0,66.16
TAKE, 05-Aug-2026,22.96,22.97,21.91,22.21,22.39,1262982,281.1,1299,1141941.0,90.42
TALBROAUTO, 05-Aug-2026,416.0,442.0,416.0,438.3,415.25,529904,2297.61,17188,249844.0,47.15
TANKUP, 05-Aug-2026,1175.0,1190.0,1175.0,1182.5,1150.0,500,5.91,2,500.0,100.0
TANLA, 05-Aug-2026,616.95,628.0,610.25,614.0,612.5,926391,5745.95,24193,351484.0,37.94
TARACHAND, 05-Aug-2026,60.0,60.0,58.05,58.77,58.88,97451,57.69,2193,47594.0,48.84
TARAPUR, 05-Aug-2026,14.25,14.79,14.25,14.25,14.99,94735,13.52,360,70173.0,74.07
TARC, 05-Aug-2026,133.5,136.89,133.3,136.07,133.31,334007,452.29,3062,187060.0,56.0
TARIL, 05-Aug-2026,297.0,299.0,294.0,294.7,294.2,701186,2075.06,11832,331629.0,47.3
TARMAT, 05-Aug-2026,50.39,51.29,48.4,49.66,49.9,15615,7.76,109,13293.0,85.13
TARSONS, 05-Aug-2026,329.95,333.45,325.35,328.05,324.2,100508,330.25,3490,48718.0,48.47
TASTYBITE, 05-Aug-2026,9550.0,9550.0,9252.0,9293.5,9461.0,1016,95.26,414,608.0,59.84
TATACAP, 05-Aug-2026,362.0,375.2,360.25,371.9,360.6,3016159,11165.01,50017,1466653.0,48.63
TATACHEM, 05-Aug-2026,671.45,674.6,664.0,666.15,668.3,275629,1844.15,10620,133567.0,48.46
TATACOMM, 05-Aug-2026,1783.1,1783.1,1725.0,1747.8,1778.5,474605,8287.14,41090,273335.0,57.59
TATACONSUM, 05-Aug-2026,1086.3,1096.3,1082.9,1096.3,1092.0,1294174,14079.67,59200,811411.0,62.7
TATAELXSI, 05-Aug-2026,3757.6,3788.7,3738.0,3749.8,3737.0,156904,5898.64,16967,57964.0,36.94
TATAGOLD, 05-Aug-2026,13.85,14.08,13.85,14.03,13.77,51475427,7208.98,64402,18624179.0,36.18
TATAINVEST, 05-Aug-2026,687.0,687.0,669.0,670.5,677.6,211313,1426.81,10752,77628.0,36.74
TATAPOWER, 05-Aug-2026,381.9,383.25,378.65,383.0,380.0,1675427,6382.16,28952,760655.0,45.4
TATASTEEL, 05-Aug-2026,192.25,192.99,189.84,192.99,190.95,22780522,43606.83,134964,13128359.0,57.63
TATATECH, 05-Aug-2026,765.0,765.9,750.0,754.0,762.55,334827,2534.49,16291,171736.0,51.29
TATSILV, 05-Aug-2026,21.3,21.76,21.3,21.68,21.06,70755302,15288.45,54548,30658968.0,43.33
TATVA, 05-Aug-2026,1766.0,1820.0,1710.1,1720.8,1766.3,86649,1523.85,8353,33660.0,38.85
TAURIAN, 05-Aug-2026,411.0,419.95,397.1,406.6,410.35,40800,166.28,49,26400.0,64.71
TBI, 05-Aug-2026,63.0,64.0,62.15,62.15,63.7,10800,6.85,12,9600.0,88.89
TBOTEK, 05-Aug-2026,1599.0,1685.0,1594.0,1667.5,1603.2,782603,12927.33,32965,311247.0,39.77
TBZ, 05-Aug-2026,276.0,278.75,266.55,272.1,275.85,1116952,3037.91,17628,305053.0,27.31
TCC, 05-Aug-2026,295.25,300.85,284.9,285.7,289.4,34117,98.99,1162,20066.0,58.82
TCI, 05-Aug-2026,921.35,932.4,910.0,928.0,914.05,29895,275.61,4546,14846.0,49.66
TCIEXP, 05-Aug-2026,557.35,590.0,557.1,575.15,557.35,135752,787.47,7164,52200.0,38.45
TCL, 05-Aug-2026,122.0,128.0,118.0,119.45,120.0,21600,26.22,27,15200.0,70.37
TCPLPACK, 05-Aug-2026,3214.2,3245.8,3155.0,3164.5,3211.5,2679,85.51,453,1708.0,63.76
TCS, 05-Aug-2026,2460.0,2460.9,2408.0,2413.0,2460.0,3014409,73091.09,115103,1846595.0,61.26
TDPOWERSYS, 05-Aug-2026,1142.0,1207.0,1131.2,1201.9,1127.5,1950548,23008.07,75404,1008694.0,51.71
TEAMGTY, 05-Aug-2026,220.18,225.99,220.0,225.2,218.0,341,0.75,17,271.0,79.47
TEAMLEASE, 05-Aug-2026,1260.1,1265.3,1244.1,1251.6,1261.0,35160,441.06,5816,20690.0,58.85
TEAMTECH, 05-Aug-2026,118.0,120.0,116.0,120.0,119.2,8000,9.4,4,8000.0,100.0
TECH, 05-Aug-2026,34.12,34.67,34.01,34.1,34.29,40746,14.03,183,31692.0,77.78
TECHD, 05-Aug-2026,604.4,604.4,576.6,592.95,604.5,11700,69.07,37,10800.0,92.31
TECHERA, 05-Aug-2026,157.95,165.8,157.95,165.8,157.95,229600,378.39,172,148800.0,64.81
TECHLABS, 05-Aug-2026,121.25,124.0,118.05,122.7,123.95,11750,14.17,51,9125.0,77.66
TECHM, 05-Aug-2026,1663.0,1664.8,1639.0,1650.0,1648.5,2127405,35169.82,96398,1548185.0,72.77
TECHNOE, 05-Aug-2026,988.0,1019.65,985.1,1004.6,985.4,167494,1679.06,12668,92347.0,55.13
TECHNVISN, 05-Aug-2026,4349.9,4848.6,4219.5,4825.7,4407.9,1494,68.8,300,1050.0,70.28
TECILCHEM, 05-Aug-2026,10.8,10.8,9.78,9.85,9.98,32820,3.33,170,16433.0,50.07
TEGA, 05-Aug-2026,1594.0,1594.0,1564.1,1580.6,1579.8,70487,1110.51,8921,41438.0,58.79
TEJA, 05-Aug-2026,660.0,660.0,645.0,659.8,666.5,27000,177.67,35,12600.0,46.67
TEJASCARGO, 05-Aug-2026,343.0,349.1,343.0,349.1,332.5,1600,5.56,4,800.0,50.0
TEJASNET, 05-Aug-2026,536.4,543.3,525.0,527.6,533.95,1155321,6166.26,25241,334876.0,28.99
TEMBO, 05-Aug-2026,59.7,68.85,58.95,65.9,574.15,17112668,11393.59,42378,2144595.0,12.53
TENNIND, 05-Aug-2026,554.4,584.9,547.8,580.7,550.55,2220367,12697.49,78607,1027333.0,46.27
TERASOFT, 05-Aug-2026,420.0,428.95,406.85,428.95,408.55,30006,126.12,751,18749.0,62.48
TEXINFRA, 05-Aug-2026,114.0,114.89,108.0,112.94,113.95,310666,344.96,2801,136595.0,43.97
TEXMOPIPES, 05-Aug-2026,43.44,43.44,42.6,42.95,42.82,16169,6.98,160,14860.0,91.9
TEXRAIL, 05-Aug-2026,109.84,110.37,106.95,107.45,108.76,1705797,1842.06,10783,963229.0,56.47
TFCILTD, 05-Aug-2026,110.4,111.7,109.64,110.77,109.48,14106926,15643.27,20037,5322484.0,37.73
TFL, 05-Aug-2026,11.57,11.57,11.31,11.48,11.33,2420,0.28,27,2242.0,92.64
TGBHOTELS, 05-Aug-2026,9.15,9.96,9.15,9.51,9.22,35420,3.38,149,27425.0,77.43
TGL, 05-Aug-2026,19.7,19.8,18.05,19.5,18.95,18400,3.5,61,16400.0,89.13
THAKDEV, 05-Aug-2026,140.0,140.0,135.0,135.0,140.47,84,0.11,19,84.0,100.0
THANGAMAYL, 05-Aug-2026,4800.0,4953.0,4611.0,4953.0,4717.5,555434,26804.28,52454,216485.0,38.98
THEINVEST, 05-Aug-2026,101.83,104.0,100.22,101.79,101.98,22037,22.56,217,19562.0,88.77
THEJO, 05-Aug-2026,2084.1,2180.0,2080.0,2100.2,2092.9,8039,171.35,1252,4273.0,53.15
THELEELA, 05-Aug-2026,502.1,507.0,497.05,502.25,500.1,834987,4196.63,21649,620915.0,74.36
THEMISMED, 05-Aug-2026,114.99,117.0,112.75,116.06,115.41,72875,84.18,1357,43337.0,59.47
THERMAX, 05-Aug-2026,4010.1,4106.9,4010.1,4064.9,4015.0,286536,11672.71,35351,145238.0,50.69
THESL, 05-Aug-2026,19.95,19.95,19.95,19.95,20.9,3000,0.6,1,3000.0,100.0
THOMASCOOK, 05-Aug-2026,106.01,107.89,102.25,104.52,105.97,771944,817.58,6021,315768.0,40.91
THOMASCOTT, 05-Aug-2026,307.9,312.6,300.1,302.4,305.7,18328,55.52,745,13772.0,75.14
THYROCARE, 05-Aug-2026,608.8,612.7,598.65,600.0,604.65,589343,3570.82,15059,402455.0,68.29
TI, 05-Aug-2026,492.1,511.1,490.0,500.95,491.15,1873766,9394.11,38415,949790.0,50.69
TIIL, 05-Aug-2026,2645.0,2711.8,2610.0,2628.2,2638.9,10603,283.28,1871,5531.0,52.16
TIINDIA, 05-Aug-2026,2772.0,2830.9,2755.1,2787.9,2744.3,341881,9534.39,37725,147116.0,43.03
TIJARIA, 05-Aug-2026,4.98,4.98,4.79,4.79,4.88,220855,10.78,211,181809.0,82.32
TIL, 05-Aug-2026,261.0,266.8,254.35,260.0,259.7,618173,1624.62,9175,200039.0,32.36
TIMESCAN, 05-Aug-2026,41.1,41.1,41.1,41.1,40.75,2000,0.82,1,2000.0,100.0
TIMETECHNO, 05-Aug-2026,208.9,210.6,203.01,207.26,208.83,2750660,5705.05,34778,738437.0,26.85
TIMEX, 05-Aug-2026,559.8,564.8,547.85,553.35,556.95,180446,1002.29,11660,79538.0,44.08
TIMKEN, 05-Aug-2026,3202.6,3333.3,3120.0,3309.4,3231.9,105147,3435.07,16476,43960.0,41.81
TINNARUBR, 05-Aug-2026,1140.9,1168.0,1104.0,1127.8,1121.0,81071,926.92,7500,28636.0,35.32
TIPSFILMS, 05-Aug-2026,379.0,399.0,374.1,380.35,378.5,16831,64.12,647,5740.0,34.1
TIPSMUSIC, 05-Aug-2026,675.0,694.45,660.05,672.5,669.3,569575,3856.76,28321,172688.0,30.32
TIRUMALCHM, 05-Aug-2026,181.49,181.49,168.15,170.02,185.36,1598713,2758.88,19426,801848.0,50.16
TIRUPATI, 05-Aug-2026,340.95,340.95,340.95,340.95,358.85,125,0.43,1,125.0,100.0
TITAGARH, 05-Aug-2026,853.25,860.0,850.0,852.95,849.75,244599,2089.88,15453,85751.0,35.06
TITAN, 05-Aug-2026,4910.2,4920.6,4882.3,4912.4,4935.0,546332,26809.06,45586,377927.0,69.18
TMB, 05-Aug-2026,861.55,865.95,853.05,854.65,856.8,149674,1284.75,11700,79618.0,53.19
TMCV, 05-Aug-2026,452.0,462.5,442.0,450.2,446.75,10891331,49712.0,131984,5163135.0,47.41
TMPV, 05-Aug-2026,349.0,353.2,346.4,349.8,348.55,7110154,24886.91,72068,3164203.0,44.5
TNIDETF, 05-Aug-2026,90.72,90.76,89.05,89.72,89.82,65406,58.92,588,49652.0,75.91
TNPETRO, 05-Aug-2026,96.58,98.58,96.0,97.93,96.58,94869,92.54,2179,51434.0,54.22
TNPL, 05-Aug-2026,154.93,156.0,153.05,153.49,153.56,79666,122.95,2206,44314.0,55.62
TNTELE, 05-Aug-2026,8.97,9.15,8.89,8.9,9.01,23461,2.1,76,19597.0,83.53
TOLINS, 05-Aug-2026,103.8,105.19,103.2,103.55,103.45,42922,44.68,666,22839.0,53.21
TOP100CASE, 05-Aug-2026,10.95,10.95,10.65,10.8,10.75,516474,55.8,1143,423621.0,82.02
TOP10ADD, 05-Aug-2026,90.37,90.37,89.1,89.45,89.34,368865,329.58,635,290758.0,78.83
TOP15IETF, 05-Aug-2026,10.13,10.19,10.1,10.11,10.07,153179,15.56,223,129127.0,84.3
TOP20, 05-Aug-2026,9.14,9.16,9.09,9.12,9.1,93080,8.49,126,75283.0,80.88
TORNTPHARM, 05-Aug-2026,5068.5,5068.5,4946.5,5000.0,5030.0,509606,25425.75,33418,322266.0,63.24
TORNTPOWER, 05-Aug-2026,1346.7,1355.2,1315.0,1323.5,1341.0,278738,3709.76,23155,145174.0,52.08
TOTAL, 05-Aug-2026,64.78,65.31,60.6,62.92,62.46,136585,85.61,1035,73624.0,53.9
TOUCHWOOD, 05-Aug-2026,66.99,67.43,61.8,65.89,66.33,5788,3.77,153,3207.0,55.41
TPHQ, 05-Aug-2026,0.42,0.43,0.41,0.42,0.43,1307551,5.47,304,757168.0,57.91
TPLPLASTEH, 05-Aug-2026,81.0,81.24,78.0,78.25,80.37,142963,113.58,1832,61759.0,43.2
TRACXN, 05-Aug-2026,30.75,31.5,30.22,30.62,30.07,128705,39.67,902,95101.0,73.89
TRANSPEK, 05-Aug-2026,1371.3,1400.0,1343.0,1359.4,1380.4,6743,92.02,684,3075.0,45.6
TRANSRAILL, 05-Aug-2026,500.0,504.5,498.05,499.45,495.8,225852,1130.96,7914,117074.0,51.84
TRANSTEEL, 05-Aug-2026,112.45,119.3,112.45,114.5,112.45,215000,247.74,121,195000.0,90.7
TRAVELFOOD, 05-Aug-2026,1367.3,1377.0,1321.2,1348.0,1366.1,23630,321.44,3641,12711.0,53.79
TREEHOUSE, 05-Aug-2026,6.41,6.41,6.22,6.34,6.31,8328,0.53,57,5299.0,63.63
TREJHARA, 05-Aug-2026,142.49,150.79,142.49,150.79,137.09,212599,317.77,991,87495.0,41.15
TREL, 05-Aug-2026,24.48,24.68,23.93,24.09,24.48,97994,23.75,733,59439.0,60.66
TRENT, 05-Aug-2026,3107.3,3140.3,3080.1,3129.0,3107.7,785852,24454.47,44588,388621.0,49.45
TRF, 05-Aug-2026,228.44,230.61,227.51,229.38,228.44,12925,29.66,499,7867.0,60.87
TRIDENT, 05-Aug-2026,25.05,25.17,24.85,24.91,24.97,3288861,822.47,11252,1508159.0,45.86
TRIGYN, 05-Aug-2026,54.98,55.3,53.5,54.7,54.03,55049,29.86,1717,19757.0,35.89
TRITURBINE, 05-Aug-2026,624.8,630.7,619.2,623.45,618.8,336215,2101.88,18949,130296.0,38.75
TRIVENI, 05-Aug-2026,255.0,255.0,233.59,235.3,243.91,1469564,3573.01,11956,838075.0,57.03
TROM, 05-Aug-2026,64.0,65.9,60.25,60.25,63.25,1800,1.14,3,1800.0,100.0
TRU, 05-Aug-2026,4.83,4.83,4.55,4.64,4.66,95882,4.47,328,72647.0,75.77
TRUALT, 05-Aug-2026,438.0,468.05,428.35,461.55,436.7,735504,3364.11,17302,350145.0,47.61
TRUST, 05-Aug-2026,29.7,31.0,28.0,29.0,31.0,9600,2.82,15,8400.0,87.5
TSC, 05-Aug-2026,56.3,57.1,51.1,51.1,51.95,176000,99.17,45,156000.0,88.64
TSFINV, 05-Aug-2026,471.5,471.5,444.6,454.1,463.2,106164,482.34,6508,56223.0,52.96
TTKHLTCARE, 05-Aug-2026,1044.0,1051.2,1030.2,1045.9,1037.7,7739,80.5,891,3780.0,48.84
TTKPRESTIG, 05-Aug-2026,630.1,637.2,617.15,628.25,630.8,209287,1312.3,10186,87944.0,42.02
TTL, 05-Aug-2026,6.38,6.5,6.2,6.27,6.28,59365,3.75,149,45041.0,75.87
TTML, 05-Aug-2026,39.93,40.2,39.79,39.85,39.88,876701,350.39,4678,394302.0,44.98
TUNWAL, 05-Aug-2026,26.05,26.2,26.0,26.1,26.0,28000,7.31,14,24000.0,85.71
TURTLEMINT, 05-Aug-2026,115.0,117.49,114.4,115.11,114.65,178728,207.24,3113,88589.0,49.57
TVSELECT, 05-Aug-2026,500.45,513.0,494.7,503.85,500.45,72481,365.56,3150,24420.0,33.69
TVSHLTD, 05-Aug-2026,14842.0,15064.0,14750.0,14769.0,14790.0,7798,1158.42,2871,4926.0,63.17
TVSMOTOR, 05-Aug-2026,4398.0,4455.2,4365.0,4455.2,4360.0,1392666,61674.62,72295,839157.0,60.26
TVSSCS, 05-Aug-2026,137.0,137.0,135.0,135.52,135.54,224593,305.3,3954,101636.0,45.25
TVSSRICHAK, 05-Aug-2026,4000.0,4088.0,3947.0,3982.9,3982.2,4731,189.24,1324,2429.0,51.34
TVTODAY, 05-Aug-2026,118.2,118.46,115.51,116.6,115.67,20415,23.93,524,13260.0,64.95
TWCGOLDETF, 05-Aug-2026,141.2,144.24,141.2,144.09,141.39,10511,15.14,306,8117.0,77.22
UBL, 05-Aug-2026,1439.0,1445.9,1380.3,1412.6,1434.1,131535,1867.27,11425,60437.0,45.95
UCAL, 05-Aug-2026,115.42,119.9,115.0,116.47,115.99,7405,8.65,190,4495.0,60.7
UCL, 05-Aug-2026,217.2,217.2,217.2,217.2,212.95,2000,4.34,1,2000.0,100.0
UCOBANK, 05-Aug-2026,26.5,26.77,26.41,26.49,26.33,3883691,1031.76,10867,1407901.0,36.25
UDS, 05-Aug-2026,205.51,212.39,203.84,209.43,203.83,503781,1054.14,9072,188007.0,37.32
UEL, 05-Aug-2026,220.0,223.2,217.0,223.2,202.91,37659,83.72,610,25448.0,67.57
UFBL, 05-Aug-2026,771.85,771.85,771.85,771.85,735.1,130015,1003.52,489,130011.0,100.0
UFLEX, 05-Aug-2026,477.5,479.65,472.0,475.95,475.35,45465,216.13,1460,25649.0,56.41
UFO, 05-Aug-2026,68.5,69.79,67.35,69.4,68.11,41353,28.39,1257,20608.0,49.83
UGARSUGAR, 05-Aug-2026,45.04,45.2,43.05,43.28,44.98,194343,85.67,1423,140592.0,72.34
UGROCAP, 05-Aug-2026,97.8,98.0,93.62,95.77,97.09,566115,540.51,6026,262869.0,46.43
UHTL, 05-Aug-2026,98.8,101.5,98.65,98.65,103.8,74000,73.3,37,64000.0,86.49
UJJIVANSFB, 05-Aug-2026,70.29,71.0,68.72,69.59,70.35,11303955,7894.47,37418,6115160.0,54.1
ULTRACEMCO, 05-Aug-2026,12049.0,12239.0,11970.0,12190.0,12050.0,215254,26111.57,34095,113264.0,52.62
ULTRAMAR, 05-Aug-2026,397.0,397.0,383.05,392.25,389.0,22032,86.12,1184,17522.0,79.53
UMA, 05-Aug-2026,14.55,14.7,14.55,14.7,14.75,8000,1.17,2,8000.0,100.0
UMESLTD, 05-Aug-2026,5.46,5.66,5.42,5.44,5.46,11917,0.65,30,8548.0,71.73
UMIYA-MRO, 05-Aug-2026,94.8,94.95,90.52,91.38,93.06,11699,10.83,180,8423.0,72.0
UNICHEMLAB, 05-Aug-2026,505.8,512.0,495.0,497.4,500.3,55642,278.85,2139,30429.0,54.69
UNIECOM, 05-Aug-2026,86.95,86.95,84.5,85.18,86.12,159272,136.21,1825,90864.0,57.05
UNIENTER, 05-Aug-2026,98.0,98.0,95.8,96.93,96.96,6343,6.14,180,3345.0,52.74
UNIHEALTH, 05-Aug-2026,800.0,800.0,770.4,779.35,795.1,18000,142.04,30,14000.0,77.78
UNILEX, 05-Aug-2026,27.3,32.0,27.1,31.9,26.7,38400,11.39,23,38400.0,100.0
UNIMECH, 05-Aug-2026,1344.6,1369.0,1305.0,1344.7,1334.1,421987,5650.5,23865,213549.0,50.61
UNIONBANK, 05-Aug-2026,175.0,178.2,174.22,175.8,174.0,12655212,22280.85,62195,4764539.0,37.65
UNIONGOLD, 05-Aug-2026,140.5,142.0,140.5,141.7,138.5,2592,3.66,44,881.0,33.99
UNIPARTS, 05-Aug-2026,769.0,812.0,736.0,801.65,732.95,1466681,11506.58,49305,431710.0,29.43
UNITDSPR, 05-Aug-2026,1528.0,1540.0,1520.0,1520.0,1525.0,443864,6792.02,21142,214941.0,48.42
UNITECH, 05-Aug-2026,4.27,4.29,4.12,4.15,4.23,4860952,203.72,3995,3214487.0,66.13
UNITEDTEA, 05-Aug-2026,479.5,489.6,468.3,481.15,471.4,2356,11.15,169,2023.0,85.87
UNIVCABLES, 05-Aug-2026,1427.9,1446.9,1401.0,1427.6,1427.7,111768,1595.32,6255,72767.0,65.11
UNOMINDA, 05-Aug-2026,1229.2,1273.9,1229.2,1250.0,1227.0,2052962,25747.34,70006,840662.0,40.95
UPL, 05-Aug-2026,581.0,583.9,576.4,577.25,581.9,3366460,19507.18,52001,2095663.0,62.25
URBAN, 05-Aug-2026,139.0,147.5,135.5,144.5,135.6,77600,109.2,60,41600.0,53.61
URBANCO, 05-Aug-2026,142.0,148.79,141.65,142.55,141.89,10299381,14965.01,62336,2236876.0,21.72
URJA, 05-Aug-2026,9.94,10.25,9.94,9.99,10.05,822528,82.65,2481,530993.0,64.56
USASEEDS, 05-Aug-2026,84.7,84.8,84.7,84.8,81.45,856,0.73,2,856.0,100.0
USHAFIN, 05-Aug-2026,35.8,38.0,35.35,37.75,37.0,59200,21.96,25,54400.0,91.89
USHAMART, 05-Aug-2026,510.0,522.6,506.85,520.25,503.6,924792,4771.42,24526,521772.0,56.42
USK, 05-Aug-2026,21.81,23.17,21.81,22.96,22.5,17065,3.88,122,13923.0,81.59
UTIAMC, 05-Aug-2026,917.0,917.0,885.6,901.65,909.1,381101,3456.17,7084,324779.0,85.22
UTKAL, 05-Aug-2026,41.85,41.9,41.85,41.9,39.95,24000,10.06,9,22000.0,91.67
UTKARSHBNK, 05-Aug-2026,14.56,14.67,14.39,14.46,14.54,3770967,546.27,10199,2166191.0,57.44
UTLSOLAR, 05-Aug-2026,395.0,396.95,389.0,390.85,389.55,164607,648.02,8549,84687.0,51.45
UTSSAV, 05-Aug-2026,510.1,522.0,509.0,510.0,510.1,25200,128.96,25,24600.0,97.62
UTTAMSUGAR, 05-Aug-2026,253.0,260.0,248.15,250.44,253.12,125437,318.2,3587,53774.0,42.87
UWCSL, 05-Aug-2026,95.0,95.0,95.0,95.0,100.0,1000,0.95,1,1000.0,100.0
UYFINCORP, 05-Aug-2026,19.36,19.8,19.15,19.25,19.36,684088,132.36,2699,334083.0,48.84
V2RETAIL, 05-Aug-2026,218.25,219.4,215.5,217.57,217.74,888423,1929.1,19140,497414.0,55.99
VADILALIND, 05-Aug-2026,7290.0,7373.0,7149.0,7162.0,7294.5,10026,726.35,2600,4140.0,41.29
VAIBHAVGBL, 05-Aug-2026,272.95,272.95,244.1,250.15,270.1,2201262,5568.88,33296,902509.0,41.0
VAISHALI, 05-Aug-2026,8.0,8.38,7.7,7.94,7.82,229783,18.35,368,167835.0,73.04
VAKRANGEE, 05-Aug-2026,6.1,6.15,5.99,6.08,6.03,811587,49.15,1627,412547.0,50.83
VAL30IETF, 05-Aug-2026,15.57,15.63,15.5,15.56,15.44,196711,30.65,656,156863.0,79.74
VALUE, 05-Aug-2026,16.47,16.49,16.4,16.43,16.36,20133,3.32,63,16715.0,83.02
VALUE360, 05-Aug-2026,76.8,76.8,74.5,74.5,72.7,6000,4.52,4,6000.0,100.0
VALUEAXIS, 05-Aug-2026,33.54,33.57,33.3,33.4,33.3,112721,37.66,328,84400.0,74.88
VAML, 05-Aug-2026,463.55,470.75,458.1,467.95,467.6,9615356,44705.44,78446,5601746.0,58.26
VARDMNPOLY, 05-Aug-2026,6.14,6.14,6.0,6.02,6.03,229386,14.0,244,183393.0,79.95
VARROC, 05-Aug-2026,680.0,734.4,676.05,717.6,680.75,1320916,9538.46,53793,469670.0,35.56
VASWANI, 05-Aug-2026,52.2,54.2,51.5,52.76,52.56,44467,23.54,511,20220.0,45.47
VBL, 05-Aug-2026,442.35,445.2,436.85,437.0,439.0,2044640,9011.94,33255,1093657.0,53.49
VCL, 05-Aug-2026,1.22,1.22,1.22,1.22,1.17,191383,2.33,40,191383.0,100.0
VEDL, 05-Aug-2026,270.0,277.2,267.6,277.0,269.0,17363666,47177.35,102704,9965115.0,57.39
VEDPOWER, 05-Aug-2026,36.1,36.8,35.2,35.47,35.62,24311532,8693.39,60233,9883070.0,40.65
VEEDOL, 05-Aug-2026,1441.5,1454.4,1430.0,1442.9,1434.4,10096,145.66,1531,5867.0,58.11
VEEKAYEM, 05-Aug-2026,128.55,129.0,128.5,128.5,127.95,2000,2.58,4,2000.0,100.0
VENKEYS, 05-Aug-2026,1609.0,1618.0,1563.0,1581.9,1595.2,35071,558.44,3067,19781.0,56.4
VENTIVE, 05-Aug-2026,626.7,626.7,609.7,621.3,626.7,43924,270.52,2627,23326.0,53.11
VENUSPIPES, 05-Aug-2026,1633.0,1658.0,1625.0,1629.0,1633.9,41499,680.86,3915,24293.0,58.54
VERANDA, 05-Aug-2026,258.0,260.8,252.3,257.6,257.3,205485,525.77,4187,98462.0,47.92
VERTIS, 05-Aug-2026,113.0,113.0,113.0,113.0,112.0,125000,141.25,4,125000.0,100.0
VESUVIUS, 05-Aug-2026,458.5,459.7,448.65,450.2,456.6,71200,322.29,3390,35472.0,49.82
VGINFOTECH, 05-Aug-2026,157.5,157.5,154.5,155.65,154.45,19000,29.56,19,15000.0,78.95
VGL, 05-Aug-2026,63.1,63.93,60.84,62.43,61.33,32195,19.96,728,8294.0,25.76
VGUARD, 05-Aug-2026,314.0,319.3,306.05,310.25,313.35,1236810,3877.94,18197,747117.0,60.41
VHL, 05-Aug-2026,3362.1,3490.0,3362.1,3432.4,3362.1,542,18.67,156,222.0,40.96
VICTORYEV, 05-Aug-2026,16.55,17.4,16.3,16.55,17.0,30000,5.06,10,27000.0,90.0
VIDHIING, 05-Aug-2026,330.85,335.0,318.0,321.45,330.85,21824,70.55,1403,12344.0,56.56
VIDYAWIRES, 05-Aug-2026,92.5,93.25,91.07,92.46,92.14,459529,424.39,4281,272297.0,59.26
VIESL, 05-Aug-2026,314.95,319.5,309.0,311.0,309.8,20800,65.1,25,15200.0,73.08
VIGOR, 05-Aug-2026,94.5,94.5,93.1,93.1,94.5,4800,4.51,3,4800.0,100.0
VIJAYA, 05-Aug-2026,1385.1,1395.9,1367.1,1389.6,1385.1,78928,1093.84,9281,42799.0,54.23
VIJAYPD, 05-Aug-2026,62.45,63.0,62.45,63.0,62.45,12000,7.53,6,12000.0,100.0
VIKASECO, 05-Aug-2026,1.12,1.13,1.1,1.11,1.11,1897423,21.19,886,1005982.0,53.02
VIKASLIFE, 05-Aug-2026,1.27,1.29,1.26,1.26,1.26,3361254,42.81,8815,1423862.0,42.36
VIKRAMSOLR, 05-Aug-2026,181.85,182.75,179.5,180.61,180.04,1389668,2513.13,14939,721682.0,51.93
VIKRAN, 05-Aug-2026,72.59,73.5,72.43,72.88,72.25,891593,650.18,3900,361457.0,40.54
VILAS, 05-Aug-2026,360.4,373.85,358.25,372.15,355.3,19750,72.6,70,17000.0,86.08
VILINBIO, 05-Aug-2026,41.0,44.95,40.95,44.95,43.1,24000,9.99,6,24000.0,100.0
VIMTALABS, 05-Aug-2026,640.0,675.0,630.75,656.8,642.25,673095,4434.54,22885,238121.0,35.38
VINATIORGA, 05-Aug-2026,1326.1,1331.0,1315.0,1327.7,1319.6,40295,534.27,6650,24184.0,60.02
VINCOFE, 05-Aug-2026,153.25,156.5,152.69,155.34,152.75,1465347,2277.63,9675,487264.0,33.25
VINDHYATEL, 05-Aug-2026,2450.0,2450.0,2330.0,2357.5,2336.6,66884,1581.02,6862,24239.0,36.24
VINNY, 05-Aug-2026,1.07,1.08,1.05,1.06,1.07,268272,2.87,133,174482.0,65.04
VINSYS, 05-Aug-2026,565.0,570.0,565.0,565.25,560.0,18000,101.75,31,15250.0,84.72
VINYAS, 05-Aug-2026,1240.0,1250.0,1212.0,1244.75,1224.3,3800,47.1,34,2900.0,76.32
VINYLINDIA, 05-Aug-2026,249.24,249.24,242.1,243.35,247.61,8248,20.28,338,5962.0,72.28
VIPIND, 05-Aug-2026,302.1,312.4,302.1,309.8,301.5,156035,480.36,3548,89605.0,57.43
VIRINCHI, 05-Aug-2026,15.51,15.9,15.51,15.72,15.61,55368,8.7,172,40823.0,73.73
VISAKAIND, 05-Aug-2026,87.1,88.01,85.8,86.94,86.74,190958,165.67,2220,112199.0,58.76
VISHNU, 05-Aug-2026,600.0,601.6,584.1,588.8,594.05,69669,412.69,3568,43517.0,62.46
VISHNUINFR, 05-Aug-2026,160.0,160.0,160.0,160.0,157.2,500,0.8,1,500.0,100.0
VISHWARAJ, 05-Aug-2026,5.59,5.69,5.42,5.47,5.47,156734,8.66,354,125038.0,79.78
VISL, 05-Aug-2026,36.1,37.03,34.7,36.53,35.55,65591869,23718.98,96709,22493972.0,34.29
VIVIDEL, 05-Aug-2026,1250.0,1313.4,1250.0,1313.4,1250.9,29280,378.89,103,27360.0,93.44
VIVIDHA, 05-Aug-2026,0.53,0.54,0.52,0.54,0.51,244244,1.3,155,204697.0,83.81
VIVO, 05-Aug-2026,103.5,103.5,103.5,103.5,98.6,3200,3.31,2,3200.0,100.0
VIYASH, 05-Aug-2026,268.0,274.9,268.0,273.8,266.4,2650237,7218.07,31114,1597592.0,60.28
VLINFRA, 05-Aug-2026,29.9,29.9,28.55,29.05,29.85,7500,2.19,5,6000.0,80.0
VLSFINANCE, 05-Aug-2026,255.0,270.0,253.05,264.05,255.15,17428,45.71,738,9701.0,55.66
VMARCIND, 05-Aug-2026,264.5,303.9,262.05,296.65,260.25,774000,2200.98,483,451500.0,58.33
VMART, 05-Aug-2026,785.0,811.55,775.5,807.05,775.35,235276,1881.47,10069,122047.0,51.87
VMM, 05-Aug-2026,111.5,111.89,108.81,111.0,111.3,5678192,6258.0,32373,2457597.0,43.28
VMOBILE, 05-Aug-2026,71.1,71.5,70.6,70.6,74.3,16000,11.32,20,12800.0,80.0
VOEPL, 05-Aug-2026,493.0,510.0,485.6,498.1,484.15,87284,436.97,4023,38411.0,44.01
VOGL, 05-Aug-2026,38.0,38.24,36.63,37.1,37.8,72930802,27284.44,93576,30482933.0,41.8
VOLERCAR, 05-Aug-2026,214.0,225.0,214.0,217.05,218.1,5600,12.19,7,3200.0,57.14
VOLTAMP, 05-Aug-2026,9946.5,10148.0,9857.0,10050.0,9881.5,52229,5247.63,18676,25869.0,49.53
VOLTAS, 05-Aug-2026,1329.0,1329.9,1297.2,1300.5,1327.7,469461,6158.43,29972,184623.0,39.33
VRAJ, 05-Aug-2026,122.5,125.52,121.7,124.18,121.59,43225,53.2,952,29403.0,68.02
VRLLOG, 05-Aug-2026,284.75,291.95,275.55,279.0,280.25,1171888,3325.8,17682,505976.0,43.18
VSSL, 05-Aug-2026,304.8,335.0,303.1,329.35,304.8,759558,2464.24,11857,284940.0,37.51
VSTIND, 05-Aug-2026,221.25,222.99,221.04,221.41,221.22,128108,284.44,2847,77425.0,60.44
VSTL, 05-Aug-2026,112.03,112.79,110.13,110.77,111.52,5178,5.75,149,4304.0,83.12
VSTTILLERS, 05-Aug-2026,4462.4,4515.0,4446.6,4482.8,4462.4,6610,296.25,1664,3188.0,48.23
VTL, 05-Aug-2026,602.0,613.5,594.0,598.0,598.05,253440,1534.56,15321,113883.0,44.93
WAAREEENER, 05-Aug-2026,2686.0,2700.0,2672.7,2697.0,2670.0,447229,12022.73,25915,208441.0,46.61
WAAREEINDO, 05-Aug-2026,315.05,329.0,308.0,329.0,313.35,162364,523.55,3108,82596.0,50.87
WAAREERTL, 05-Aug-2026,913.0,919.5,905.0,906.05,912.6,121666,1106.57,6560,63347.0,52.07
WABAG, 05-Aug-2026,1965.9,2008.0,1961.1,2002.8,1951.4,290819,5786.98,21472,123659.0,42.52
WAKEFIT, 05-Aug-2026,128.72,133.35,127.02,130.85,128.02,1176391,1537.04,11333,349171.0,29.68
WALCHANNAG, 05-Aug-2026,236.5,236.98,231.66,233.37,233.88,276823,648.93,3810,126970.0,45.87
WANBURY, 05-Aug-2026,279.6,283.0,266.95,278.8,278.9,488860,1340.65,12262,250796.0,51.3
WCIL, 05-Aug-2026,91.78,92.39,90.12,90.66,91.39,43132,39.28,794,24739.0,57.36
WEALTH, 05-Aug-2026,934.55,943.0,927.25,937.1,928.5,1065,9.95,117,681.0,63.94
WEBELSOLAR, 05-Aug-2026,96.8,97.09,95.2,95.44,96.32,842621,806.71,6554,544945.0,64.67
WEIZMANIND, 05-Aug-2026,77.3,78.9,77.05,77.11,77.3,456,0.35,8,438.0,96.05
WEL, 05-Aug-2026,115.0,120.0,115.0,118.96,117.69,91465,108.35,722,58817.0,64.31
WELCORP, 05-Aug-2026,1738.8,1799.0,1738.7,1788.1,1736.6,1351428,24055.25,52114,828132.0,61.28
WELENT, 05-Aug-2026,575.0,598.2,570.1,584.1,606.9,937160,5463.05,21806,453329.0,48.37
WELSPLSOL, 05-Aug-2026,50.57,51.18,50.15,50.68,50.57,159347,80.65,1022,99001.0,62.13
WELSPUNLIV, 05-Aug-2026,160.7,164.1,160.0,160.78,160.73,923719,1496.61,14233,306862.0,33.22
WENDT, 05-Aug-2026,8102.0,8171.0,8025.0,8052.0,8102.0,3515,284.45,990,1954.0,55.59
WESTLIFE, 05-Aug-2026,543.95,597.0,538.55,587.0,542.55,862105,4993.32,36308,206311.0,23.93
WEWORK, 05-Aug-2026,738.9,759.25,732.35,747.7,737.35,267859,2010.22,16008,133055.0,49.67
WHEELS, 05-Aug-2026,1412.0,1452.0,1409.2,1429.6,1408.8,86507,1239.52,7649,42969.0,49.67
WHIRLPOOL, 05-Aug-2026,824.05,841.0,781.15,808.3,820.5,1200348,9657.76,54764,265056.0,22.08
WHITEFORCE, 05-Aug-2026,36.1,39.0,36.1,39.0,35.5,57600,22.42,2,57600.0,100.0
WILLAMAGOR, 05-Aug-2026,25.9,25.9,25.25,25.47,25.6,1041,0.26,10,1039.0,99.81
WINDLAS, 05-Aug-2026,862.25,874.55,851.1,856.85,862.25,33048,284.39,2046,20794.0,62.92
WINDMACHIN, 05-Aug-2026,283.35,284.95,277.0,279.8,282.9,25729,72.08,886,16109.0,62.61
WINSOL, 05-Aug-2026,119.0,119.0,114.0,116.5,114.9,3200,3.7,7,2000.0,62.5
WIPL, 05-Aug-2026,171.5,171.5,168.52,170.0,168.51,614,1.05,22,541.0,88.11
WIPRO, 05-Aug-2026,187.0,188.54,186.07,186.99,186.3,8829250,16511.83,66846,5339925.0,60.48
WOCKPHARMA, 05-Aug-2026,2032.0,2054.0,1980.3,2006.1,2022.6,863920,17408.47,31419,397435.0,46.0
WOL3D, 05-Aug-2026,140.25,141.1,140.2,141.0,144.9,9000,12.64,5,9000.0,100.0
WOMANCART, 05-Aug-2026,103.9,103.9,98.75,99.7,100.05,8400,8.51,20,4000.0,47.62
WONDERLA, 05-Aug-2026,522.0,522.0,501.85,503.05,508.85,227287,1154.64,12111,123706.0,54.43
WORTHPERI, 05-Aug-2026,154.97,156.0,147.35,150.18,152.98,28499,43.63,454,23428.0,82.21
WPIL, 05-Aug-2026,451.8,451.8,434.0,436.55,446.1,43510,191.32,2538,24762.0,56.91
WSI, 05-Aug-2026,61.0,61.0,60.06,60.45,60.01,22683,13.73,602,12992.0,57.28
WSTCSTPAPR, 05-Aug-2026,575.0,592.0,572.05,590.4,571.75,276354,1616.03,16715,165828.0,60.01
WTICAB, 05-Aug-2026,117.95,117.95,114.1,115.0,112.9,20500,23.63,24,18000.0,87.8
XCHANGING, 05-Aug-2026,68.4,69.29,68.01,68.15,68.39,78123,53.59,941,49805.0,63.75
XELPMOC, 05-Aug-2026,81.94,84.2,81.06,83.28,81.52,8116,6.69,153,7398.0,91.15
XPROINDIA, 05-Aug-2026,1188.0,1200.0,1100.0,1111.8,1178.2,336768,3864.44,17376,200693.0,59.59
XTGLOBAL, 05-Aug-2026,33.5,34.0,32.46,33.77,33.17,85201,28.49,1274,49866.0,58.53
YAAP, 05-Aug-2026,152.9,152.9,147.15,149.35,152.9,8000,11.95,8,6000.0,75.0
YASHO, 05-Aug-2026,4359.9,4359.9,4070.0,4157.5,4359.9,164654,6868.04,24017,44305.0,26.91
YATHARTH, 05-Aug-2026,846.5,863.3,840.5,858.35,845.5,216163,1847.87,8707,119391.0,55.23
YATRA, 05-Aug-2026,107.7,111.44,107.05,110.52,106.95,1447075,1589.81,8222,711637.0,49.18
YCCL, 05-Aug-2026,9.95,9.95,9.95,9.95,9.65,6000,0.6,2,6000.0,100.0
YESBANK, 05-Aug-2026,23.0,23.15,22.82,22.97,23.0,69932112,16062.67,79687,32450722.0,46.4
YUDIZ, 05-Aug-2026,29.1,29.1,29.0,29.0,27.85,3200,0.93,4,3200.0,100.0
YUKEN, 05-Aug-2026,714.9,765.9,708.1,749.4,714.9,47095,342.42,799,41867.0,88.9
ZAGGLE, 05-Aug-2026,204.75,211.35,204.0,209.24,203.84,784048,1626.53,9195,372736.0,47.54
ZEEL, 05-Aug-2026,100.38,101.5,94.09,94.55,99.55,33657854,32692.48,106386,12068806.0,35.86
ZEEMEDIA, 05-Aug-2026,7.16,7.22,6.92,6.95,7.05,2634358,184.65,3163,2016991.0,76.56
ZENITHDRUG, 05-Aug-2026,47.5,47.5,45.0,45.0,47.5,34400,15.6,29,32800.0,95.35
ZENITHEXPO, 05-Aug-2026,197.01,199.4,193.35,194.28,197.0,796,1.55,33,685.0,86.06
ZENITHSTL, 05-Aug-2026,5.48,5.72,5.48,5.64,5.61,38869,2.2,143,35719.0,91.9
ZENSARTECH, 05-Aug-2026,513.1,515.95,497.6,500.35,511.8,1207594,6096.44,24169,551361.0,45.66
ZENTEC, 05-Aug-2026,1697.9,1699.6,1669.0,1674.7,1683.4,174016,2928.36,11138,72441.0,41.63
ZFCVINDIA, 05-Aug-2026,2594.0,2607.7,2555.6,2589.9,2555.6,127564,3300.83,17533,71195.0,55.81
ZFSTEERING, 05-Aug-2026,667.15,678.8,660.1,671.4,665.95,3142,21.03,248,1856.0,59.07
ZODIAC, 05-Aug-2026,252.0,262.85,243.35,255.2,257.6,16928,43.49,1007,7944.0,46.93
ZODIACLOTH, 05-Aug-2026,78.0,78.0,76.92,77.54,76.93,1445,1.12,35,984.0,68.1
ZOTA, 05-Aug-2026,1288.0,1288.2,1248.0,1251.6,1252.5,30557,387.37,2258,15365.0,50.28
ZSARACOM, 05-Aug-2026,12048.0,12320.0,11413.0,11932.0,12048.0,63,7.47,30,54.0,85.71
ZTECH, 05-Aug-2026,530.0,535.0,515.0,516.65,528.3,15600,81.3,48,11700.0,75.0
ZUARI, 05-Aug-2026,232.62,234.29,226.8,227.45,231.65,143103,327.45,3228,78741.0,55.02
ZUARIIND, 05-Aug-2026,263.65,265.0,258.25,260.7,263.65,11327,29.76,359,6219.0,54.9
ZYDUSLIFE, 05-Aug-2026,1130.0,1130.0,1103.8,1121.1,1130.0,1051304,11706.74,31561,608928.0,57.92
ZYDUSWELL, 05-Aug-2026,559.35,563.0,525.1,530.4,550.2,836105,4519.39,24796,391941.0,46.88
