SYMBOL,DATE1,OPEN_PRICE,HIGH_PRICE,LOW_PRICE,CLOSE_PRICE,PREV_CLOSE,TTL_TRD_QNTY,TURNOVER_LACS,NO_OF_TRADES,DELIV_QTY,DELIV_PER
1018GS2026, 17-Aug-2026,104.5,104.73,104.35,104.35,104.3,1501,1.57,3,1501.0,100.0
20MICRONS, 17-Aug-2026,190.54,199.4,189.0,197.26,190.9,244646,479.02,5355,121559.0,49.69
21STCENMGM, 17-Aug-2026,43.25,44.93,43.2,44.93,44.05,9034,3.99,120,5423.0,60.03
360ONE, 17-Aug-2026,1174.7,1174.7,1150.5,1173.0,1180.0,1274400,14805.61,77116,683125.0,53.6
3BBLACKBIO, 17-Aug-2026,1183.3,1190.0,1144.0,1148.4,1174.6,18178,210.52,1119,14501.0,79.77
3MINDIA, 17-Aug-2026,35280.0,35280.0,34750.0,34910.0,35340.0,3192,1116.59,1637,1243.0,38.94
3PLAND, 17-Aug-2026,32.45,32.77,31.5,32.35,32.18,4090,1.31,119,2284.0,55.84
574GS2026, 17-Aug-2026,101.45,101.45,101.45,101.45,101.45,20,0.02,1,20.0,100.0
5PAISA, 17-Aug-2026,385.65,385.8,373.5,380.8,383.8,41349,157.09,2412,18399.0,44.5
601GS2030, 17-Aug-2026,98.0,100.19,98.0,100.1,101.2,3,0.0,3,3.0,100.0
610GS2031, 17-Aug-2026,99.35,99.35,99.35,99.35,101.0,1,0.0,1,1.0,100.0
622GS2035, 17-Aug-2026,96.0,96.0,96.0,96.0,98.85,100,0.1,1,100.0,100.0
628GS2032, 17-Aug-2026,97.81,99.0,97.81,99.0,101.0,3998,3.93,4,1999.0,50.0
636GS2031, 17-Aug-2026,99.5,100.0,99.5,100.0,99.5,6153,6.15,4,6153.0,100.0
63MOONS, 17-Aug-2026,781.0,795.0,767.0,780.25,786.25,263716,2061.39,9394,103737.0,39.34
645GS2029, 17-Aug-2026,101.64,101.64,101.64,101.64,101.9,92,0.09,1,92.0,100.0
648GS2035, 17-Aug-2026,100.0,100.75,100.0,100.75,99.25,270,0.27,2,270.0,100.0
662GS2051, 17-Aug-2026,93.0,93.0,93.0,93.0,92.45,7,0.01,1,7.0,100.0
664GS2027, 17-Aug-2026,101.0,101.0,101.0,101.0,101.48,95,0.1,1,95.0,100.0
667GS2035, 17-Aug-2026,100.7,100.9,100.7,100.9,106.0,200,0.2,3,100.0,50.0
667GS2050, 17-Aug-2026,92.11,92.11,92.1,92.1,92.11,1250,1.15,2,1250.0,100.0
668GS2040, 17-Aug-2026,96.81,98.0,96.81,97.55,98.67,2899,2.83,14,1600.0,55.19
676GS2061, 17-Aug-2026,94.0,94.7,94.0,94.05,94.35,77721,73.27,33,69920.0,89.96
679GS2034, 17-Aug-2026,103.0,103.0,101.26,102.0,103.0,500,0.51,4,400.0,80.0
68GS2060, 17-Aug-2026,93.3,93.3,93.3,93.3,93.3,11,0.01,8,11.0,100.0
690GS2065, 17-Aug-2026,94.51,95.4,94.45,94.54,95.9,7295,6.9,15,7295.0,100.0
694GS2036, 17-Aug-2026,101.85,101.86,101.85,101.86,101.85,226,0.23,4,226.0,100.0
695GS2061, 17-Aug-2026,93.51,94.5,93.5,94.01,94.0,13855,13.04,10,13352.0,96.37
699GS2051, 17-Aug-2026,96.0,96.0,96.0,96.0,95.91,440,0.42,1,440.0,100.0
702GS2027, 17-Aug-2026,99.8,104.9,99.8,103.98,100.81,111,0.11,3,100.0,90.09
702GS2031, 17-Aug-2026,102.11,102.11,102.11,102.11,103.5,600,0.61,2,600.0,100.0
704GS2029, 17-Aug-2026,102.5,102.5,102.5,102.5,102.0,600,0.62,2,600.0,100.0
709GS2054, 17-Aug-2026,96.1,98.25,96.1,97.55,96.99,2500,2.45,7,2500.0,100.0
709GS2074, 17-Aug-2026,96.79,96.79,95.91,96.6,96.3,3766,3.62,10,3751.0,99.6
710GS2029, 17-Aug-2026,103.5,103.5,103.4,103.42,105.0,4000,4.14,6,4000.0,100.0
716GS2050, 17-Aug-2026,100.0,101.0,100.0,101.0,105.0,200,0.2,2,100.0,50.0
718GS2033, 17-Aug-2026,102.5,102.5,102.0,102.5,103.5,2500,2.56,3,2500.0,100.0
718GS2037, 17-Aug-2026,103.98,104.0,102.53,102.66,103.8,12025,12.5,8,12022.0,99.98
723GS2039, 17-Aug-2026,104.4,104.4,104.4,104.4,104.4,300,0.31,1,300.0,100.0
724GS2055, 17-Aug-2026,100.5,100.5,98.4,98.97,101.7,26962,26.74,28,26307.0,97.57
725GS2063, 17-Aug-2026,98.99,98.99,98.31,98.44,98.59,83837,82.55,43,80434.0,95.94
726GS2032, 17-Aug-2026,106.5,106.5,106.5,106.5,106.75,100,0.11,1,100.0,100.0
733GS2026, 17-Aug-2026,101.6,101.7,101.59,101.7,101.59,850,0.86,4,850.0,100.0
734GS2064, 17-Aug-2026,100.8,100.8,100.32,100.49,100.5,19554,19.64,19,18463.0,94.42
735NABAR31, 17-Aug-2026,1115.0,1115.0,1115.0,1115.0,1115.0,100,1.12,1,100.0,100.0
737GS2028, 17-Aug-2026,104.1,105.0,104.1,105.0,105.0,400,0.42,4,400.0,100.0
738GS2027, 17-Aug-2026,99.76,102.6,99.76,102.35,102.32,112463,115.01,122,107819.0,95.87
73GS2053, 17-Aug-2026,99.53,100.34,99.53,100.24,100.54,28692,28.76,23,28592.0,99.65
741GS2036, 17-Aug-2026,105.1,105.1,104.91,104.91,105.0,350,0.37,3,350.0,100.0
743GS2076, 17-Aug-2026,100.5,101.5,100.5,100.66,100.9,44365,44.65,51,44365.0,100.0
746GS2073, 17-Aug-2026,101.87,101.87,100.11,100.75,101.0,846,0.85,8,844.0,99.76
750GS2056, 17-Aug-2026,99.5,103.0,99.5,103.0,101.0,875,0.89,6,875.0,100.0
754GS2036, 17-Aug-2026,107.05,107.16,106.82,106.9,107.17,401701,429.73,126,401701.0,100.0
771GS2066, 17-Aug-2026,104.5,104.84,104.01,104.81,105.0,4020,4.21,9,3870.0,96.27
824GS2027, 17-Aug-2026,101.0,106.0,101.0,106.0,105.88,1900,2.01,5,1900.0,100.0
883GS2041, 17-Aug-2026,115.01,115.01,115.01,115.01,110.0,100,0.12,1,100.0,100.0
897GS2030, 17-Aug-2026,111.2,113.0,111.15,111.5,111.2,1420,1.59,4,1420.0,100.0
92GS2030, 17-Aug-2026,112.5,114.8,112.5,114.0,114.82,4073,4.67,10,4073.0,100.0
A2ZINFRA, 17-Aug-2026,14.9,15.35,14.26,14.49,14.72,189919,27.9,401,132770.0,69.91
AAATECH, 17-Aug-2026,92.97,93.0,90.05,91.98,92.18,57437,52.83,325,54236.0,94.43
AADHARHFC, 17-Aug-2026,498.2,501.95,486.25,487.65,498.2,208660,1021.44,17984,122335.0,58.63
AAKAAR, 17-Aug-2026,49.05,51.15,48.2,50.55,50.7,24000,11.75,15,16000.0,66.67
AAKASH, 17-Aug-2026,8.79,8.95,8.7,8.77,8.79,67852,5.97,382,53070.0,78.21
AARADHYA, 17-Aug-2026,69.35,71.8,69.35,71.8,69.35,2400,1.69,2,2400.0,100.0
AAREYDRUGS, 17-Aug-2026,86.46,86.46,82.0,85.58,83.87,115722,98.72,205,106804.0,92.29
AARNAV, 17-Aug-2026,32.26,32.26,29.99,31.23,31.46,62350,19.31,1231,25741.0,41.28
AARON, 17-Aug-2026,141.85,147.89,137.5,138.85,135.46,45906,65.16,1241,21274.0,46.34
AARTIDRUGS, 17-Aug-2026,416.3,420.7,408.25,410.75,416.35,147186,606.5,6172,78706.0,53.47
AARTIIND, 17-Aug-2026,534.1,537.1,523.6,526.7,534.1,754607,3987.4,22498,341432.0,45.25
AARTIPHARM, 17-Aug-2026,860.0,885.0,851.35,861.95,851.2,520496,4512.18,24646,201312.0,38.68
AARVI, 17-Aug-2026,153.47,153.88,151.91,152.6,153.47,22923,34.93,401,18095.0,78.94
AASTHA, 17-Aug-2026,73.0,74.95,73.0,73.21,74.31,592997,433.61,3013,327265.0,55.19
AAVAS, 17-Aug-2026,1390.1,1399.9,1380.0,1389.8,1397.4,113239,1571.69,14314,76362.0,67.43
ABANSENT, 17-Aug-2026,31.89,31.89,31.89,31.89,30.38,3092,0.99,18,3092.0,100.0
ABB, 17-Aug-2026,7652.5,7760.0,7627.0,7660.0,7649.0,93962,7231.46,14717,31597.0,33.63
ABBOTINDIA, 17-Aug-2026,27145.0,27150.0,26650.0,26905.0,27060.0,11190,2996.63,4374,6648.0,59.41
ABCAPITAL, 17-Aug-2026,399.2,400.2,394.5,398.7,401.0,1969174,7829.56,36386,974058.0,49.47
ABCOTS, 17-Aug-2026,199.1,204.8,198.5,199.66,199.0,15165,30.31,169,14272.0,94.11
ABDL, 17-Aug-2026,601.9,611.9,593.2,610.65,599.45,333738,2012.2,10808,136212.0,40.81
ABFRL, 17-Aug-2026,55.9,55.9,54.9,55.29,55.98,5927138,3271.51,51737,3194348.0,53.89
ABGSEC, 17-Aug-2026,115.83,115.99,114.66,115.07,115.49,204,0.23,16,159.0,77.94
ABHAPOWER, 17-Aug-2026,24.95,25.2,24.45,25.2,25.65,6400,1.59,4,4800.0,75.0
ABINFRA, 17-Aug-2026,10.59,11.91,10.58,11.36,10.81,15664251,1773.36,26039,3381422.0,21.59
ABLBL, 17-Aug-2026,88.7,90.53,87.68,89.92,88.77,3468842,3065.05,10812,2873802.0,82.85
ABMINTLLTD, 17-Aug-2026,56.2,59.44,56.2,56.2,62.44,7666,4.33,109,6362.0,82.99
ABMKNO, 17-Aug-2026,202.0,205.0,194.0,197.0,199.77,3180,6.27,62,2559.0,80.47
ABREL, 17-Aug-2026,1414.9,1443.8,1378.7,1402.1,1402.9,174072,2442.71,16590,81809.0,47.0
ABSL10BANK, 17-Aug-2026,168.7,170.2,168.29,169.69,169.44,2199,3.71,53,1601.0,72.81
ABSLAMC, 17-Aug-2026,1008.3,1025.4,1001.2,1019.0,1011.2,125429,1274.9,19598,66253.0,52.82
ABSLBANETF, 17-Aug-2026,59.1,59.4,58.75,59.27,59.1,50730,29.89,329,26121.0,51.49
ABSLLIQUID, 17-Aug-2026,1000.0,1000.01,999.99,1000.0,1000.0,5680,56.8,53,4447.0,78.29
ABSLMSCIN, 17-Aug-2026,29.99,29.99,29.23,29.89,29.98,51949,15.53,19,51636.0,99.4
ABSLNN50ET, 17-Aug-2026,78.48,79.28,78.12,78.38,78.48,10704,8.39,278,6866.0,64.14
ABSLPSE, 17-Aug-2026,10.3,10.3,10.15,10.28,10.21,254012,26.02,525,169466.0,66.72
ABSMARINE, 17-Aug-2026,244.0,246.15,235.05,246.05,234.45,164500,402.81,186,157500.0,95.74
ACC, 17-Aug-2026,1319.0,1321.5,1300.7,1316.6,1321.4,129837,1701.82,10998,73634.0,56.71
ACCELYA, 17-Aug-2026,1145.3,1159.3,1131.1,1134.3,1139.7,3732,42.51,523,2600.0,69.67
ACCENTMIC, 17-Aug-2026,585.0,591.0,574.1,587.6,583.0,41500,242.06,81,29000.0,69.88
ACCPL, 17-Aug-2026,190.3,197.0,190.3,195.0,190.5,34800,67.73,28,34800.0,100.0
ACE, 17-Aug-2026,1085.0,1117.1,1081.7,1113.7,1085.6,280151,3091.74,14747,152239.0,54.34
ACEINTEG, 17-Aug-2026,19.0,19.0,17.6,17.78,17.8,2698,0.48,37,2445.0,90.62
ACGL, 17-Aug-2026,1781.1,1880.0,1750.1,1766.7,1823.4,1831,32.65,321,1264.0,69.03
ACI, 17-Aug-2026,506.95,517.5,501.0,515.35,503.3,152413,779.86,7777,73705.0,48.36
ACL, 17-Aug-2026,47.0,47.0,45.02,45.94,46.14,11742,5.38,212,10164.0,86.56
ACMESOLAR, 17-Aug-2026,373.55,373.55,363.8,364.9,374.1,1019177,3731.19,35044,709706.0,69.64
ACSTECH, 17-Aug-2026,50.89,52.5,50.52,50.92,49.98,298101,152.15,1157,155010.0,52.0
ACTIVEINFR, 17-Aug-2026,170.0,170.0,170.0,170.0,170.0,600,1.02,1,600.0,100.0
ACUTAAS, 17-Aug-2026,3262.0,3263.0,3162.3,3198.2,3235.6,172332,5515.79,18348,83725.0,48.58
ADANIENSOL, 17-Aug-2026,1621.0,1627.9,1585.4,1589.1,1616.0,2016844,32369.28,51173,1207589.0,59.88
ADANIENT, 17-Aug-2026,3049.0,3058.6,3005.5,3007.3,3035.1,941404,28462.81,48857,414845.0,44.07
ADANIGREEN, 17-Aug-2026,1346.9,1346.9,1322.5,1327.6,1348.0,745035,9911.78,21949,226433.0,30.39
ADANIPORTS, 17-Aug-2026,1700.0,1704.0,1678.1,1691.0,1700.0,1594217,26912.23,46889,1000066.0,62.73
ADANIPOWER, 17-Aug-2026,205.25,205.75,201.77,203.56,205.25,17130158,34930.88,90335,7228283.0,42.2
ADDICTIVE, 17-Aug-2026,43.0,44.2,40.9,43.25,42.15,6500,2.76,13,5500.0,84.62
ADFFOODS, 17-Aug-2026,263.25,265.5,258.9,262.85,262.45,97295,255.28,4070,38926.0,40.01
ADISOFT, 17-Aug-2026,181.1,182.4,176.9,181.0,183.3,20000,36.01,24,12800.0,64.0
ADL, 17-Aug-2026,69.88,69.89,68.65,68.65,69.54,1657,1.16,9,1657.0,100.0
ADOR, 17-Aug-2026,1546.2,1569.9,1520.5,1525.3,1538.5,22521,347.17,2785,9918.0,44.04
ADROITINFO, 17-Aug-2026,9.9,10.14,9.71,9.99,9.81,25871,2.57,121,21861.0,84.5
ADSL, 17-Aug-2026,113.6,113.6,110.32,111.06,112.82,87087,96.7,1975,40926.0,46.99
ADVAIT, 17-Aug-2026,2104.8,2113.0,2063.8,2079.2,2095.2,30731,639.21,3925,11993.0,39.03
ADVANCE, 17-Aug-2026,118.6,120.65,116.0,117.06,118.79,82966,97.22,1422,48508.0,58.47
ADVANIHOTR, 17-Aug-2026,52.01,52.01,49.75,49.91,52.09,69764,35.0,958,60521.0,86.75
ADVENTHTL, 17-Aug-2026,141.05,141.3,133.5,134.9,141.58,144415,197.37,2947,85595.0,59.27
ADVENZYMES, 17-Aug-2026,303.45,308.0,300.1,305.6,304.3,192033,585.33,3660,110607.0,57.6
ADVIKCA, 17-Aug-2026,1.15,1.27,1.15,1.21,1.22,116547,1.38,168,98154.0,84.22
AEGISLOG, 17-Aug-2026,1266.0,1298.9,1261.0,1287.2,1265.4,573952,7387.83,33172,235937.0,41.11
AEGISVOPAK, 17-Aug-2026,269.1,272.25,262.95,269.5,269.1,667513,1784.64,15123,262112.0,39.27
AEPL, 17-Aug-2026,15.61,15.61,14.8,14.93,15.3,16024,2.41,217,9456.0,59.01
AEQUS, 17-Aug-2026,250.0,252.84,247.45,249.58,249.64,1230567,3072.83,22579,672803.0,54.67
AEROENTER, 17-Aug-2026,128.9,131.3,125.0,125.73,127.95,379754,485.42,4135,162847.0,42.88
AEROFLEX, 17-Aug-2026,462.0,468.4,452.05,455.85,459.85,1009001,4643.16,23607,434141.0,43.03
AERON, 17-Aug-2026,74.5,77.0,74.05,75.0,76.05,22000,16.46,18,18000.0,81.82
AERONEU, 17-Aug-2026,86.28,86.3,82.36,84.49,86.0,24802,21.18,348,6001.0,24.2
AEROPLANE, 17-Aug-2026,191.17,191.17,182.54,182.85,192.14,352639,652.57,3750,245358.0,69.58
AESTHETIK, 17-Aug-2026,71.5,74.0,71.5,74.0,71.5,2000,1.46,2,1000.0,50.0
AETHER, 17-Aug-2026,1633.0,1647.9,1600.0,1605.7,1625.1,95815,1555.11,8806,41944.0,43.78
AFCONS, 17-Aug-2026,267.75,272.55,267.75,271.7,268.8,348970,944.78,6433,201180.0,57.65
AFFLE, 17-Aug-2026,1668.6,1714.7,1651.0,1703.9,1668.8,151323,2554.61,18566,75600.0,49.96
AFIL, 17-Aug-2026,9.38,9.94,9.31,9.4,9.68,482903,45.72,1041,331751.0,68.7
AFSL, 17-Aug-2026,204.0,207.13,201.04,201.2,204.67,15302,30.92,399,7481.0,48.89
AGARIND, 17-Aug-2026,482.05,506.0,482.05,499.6,484.75,40327,199.92,2296,18302.0,45.38
AGARWALEYE, 17-Aug-2026,508.5,508.5,496.6,501.6,506.5,411185,2069.19,14748,248230.0,60.37
AGARWALFT, 17-Aug-2026,33.25,36.65,33.25,35.95,34.95,39000,13.89,20,39000.0,100.0
AGARWALTUF, 17-Aug-2026,141.7,145.85,138.5,144.35,142.0,20400,28.95,17,10800.0,52.94
AGI, 17-Aug-2026,703.8,730.0,700.0,716.5,703.8,186495,1340.8,9276,92577.0,49.64
AGIIL, 17-Aug-2026,305.0,307.9,297.15,301.5,301.9,1285666,3884.2,12646,481240.0,37.43
AGL, 17-Aug-2026,14.75,14.96,13.75,14.01,14.91,3835064,539.52,10790,2236995.0,58.33
AGNI, 17-Aug-2026,16.35,16.35,15.9,15.9,15.6,25000,4.07,10,17500.0,70.0
AGRITECH, 17-Aug-2026,105.26,105.26,102.2,103.49,105.49,4153,4.29,175,3672.0,88.42
AGROPHOS, 17-Aug-2026,27.35,28.2,26.26,26.39,27.33,33944,9.11,305,30456.0,89.72
AHCL, 17-Aug-2026,14.45,14.65,14.25,14.51,14.43,2297801,333.01,2883,780450.0,33.97
AHLADA, 17-Aug-2026,38.36,39.2,36.6,37.0,38.36,24106,9.02,234,16352.0,67.83
AHLEAST, 17-Aug-2026,138.15,143.99,138.15,140.95,138.12,1992,2.83,78,1435.0,72.04
AHLUCONT, 17-Aug-2026,800.0,805.0,773.0,793.85,837.35,97109,765.08,8143,40140.0,41.33
AIAENG, 17-Aug-2026,4423.0,4443.4,4342.7,4383.6,4482.8,51530,2262.62,13163,25917.0,50.29
AIIL, 17-Aug-2026,571.95,571.95,550.0,551.5,564.9,147002,816.34,10051,84289.0,57.34
AILIMITED, 17-Aug-2026,34.1,34.1,34.1,34.1,35.85,4500,1.53,3,4500.0,100.0
AIMTRON, 17-Aug-2026,1769.8,1769.9,1643.0,1662.7,1731.15,51200,867.82,241,30400.0,59.38
AIRAN, 17-Aug-2026,15.31,15.98,15.0,15.23,15.26,101037,15.66,438,70234.0,69.51
AIROLAM, 17-Aug-2026,94.9,94.9,86.4,87.42,87.29,8937,7.9,122,6267.0,70.12
AJANTPHARM, 17-Aug-2026,3691.1,3738.0,3650.0,3718.2,3672.8,110437,4094.44,25152,57879.0,52.41
AJAXENGG, 17-Aug-2026,571.1,578.0,562.2,567.25,582.2,111559,634.27,9613,57486.0,51.53
AJMERA, 17-Aug-2026,118.23,119.9,116.89,118.7,118.23,178882,211.04,2077,93249.0,52.13
AJOONI, 17-Aug-2026,3.86,3.89,3.7,3.81,3.86,467741,17.73,692,305896.0,65.4
AKANKSHA, 17-Aug-2026,119.0,124.65,119.0,123.7,118.75,65000,80.85,36,57000.0,87.69
AKASH, 17-Aug-2026,24.36,25.93,24.36,25.43,24.6,8334,2.11,87,7305.0,87.65
AKCAPIT, 17-Aug-2026,1769.8,1790.0,1737.0,1747.9,1737.0,2093,36.69,280,1610.0,76.92
AKG, 17-Aug-2026,8.8,9.64,8.61,8.98,8.72,37443,3.34,220,30434.0,81.28
AKI, 17-Aug-2026,4.24,4.24,4.05,4.13,4.15,46238,1.91,207,26553.0,57.43
AKIKO, 17-Aug-2026,306.0,362.9,306.0,361.85,340.0,42400,147.65,45,32000.0,75.47
AKSHAR, 17-Aug-2026,0.42,0.42,0.4,0.41,0.41,1081205,4.45,429,825594.0,76.36
AKUMS, 17-Aug-2026,726.6,749.6,715.1,744.0,726.6,304026,2254.37,20981,165459.0,54.42
ALANKIT, 17-Aug-2026,8.46,8.47,8.1,8.17,8.29,90745,7.45,400,79556.0,87.67
ALBERTDAVD, 17-Aug-2026,813.0,813.05,792.3,806.1,812.5,9575,76.91,547,6134.0,64.06
ALCODIS, 17-Aug-2026,63.5,63.5,63.5,63.5,61.05,625,0.4,1,625.0,100.0
ALEMBICLTD, 17-Aug-2026,87.75,90.6,85.78,90.15,86.85,600808,534.87,5011,387397.0,64.48
ALFREDHE, 17-Aug-2026,3599.0,3599.0,3000.0,3151.2,2999.8,17,0.55,14,5.0,29.41
ALGOQUANT, 17-Aug-2026,66.48,68.08,64.89,66.29,66.0,1134517,745.26,2403,156351.0,13.78
ALICON, 17-Aug-2026,735.0,774.55,719.1,726.1,719.6,252960,1872.24,19691,113038.0,44.69
ALIVUS, 17-Aug-2026,1386.7,1409.3,1362.7,1394.4,1386.7,155507,2167.7,18487,99345.0,63.88
ALKEM, 17-Aug-2026,5379.5,5483.0,5312.0,5374.0,5368.0,153275,8321.17,26540,54620.0,35.64
ALKYLAMINE, 17-Aug-2026,1916.9,1950.9,1906.0,1920.1,1916.9,60227,1160.31,8446,26281.0,43.64
ALLCARGO, 17-Aug-2026,10.01,10.24,9.81,10.06,10.0,13004293,1298.16,10774,3486335.0,26.81
ALLDIGI, 17-Aug-2026,807.0,817.5,805.0,809.25,813.4,9492,76.88,424,7457.0,78.56
ALLETEC, 17-Aug-2026,137.0,137.0,130.15,132.65,137.0,32400,42.8,79,29200.0,90.12
ALLTIME, 17-Aug-2026,217.14,217.14,210.55,213.14,215.54,44877,95.83,1648,25976.0,57.88
ALMONDZ, 17-Aug-2026,14.35,14.9,14.2,14.2,14.3,56567,8.09,206,40812.0,72.15
ALOKINDS, 17-Aug-2026,11.62,11.66,11.5,11.53,11.62,2443847,281.96,4569,1656816.0,67.8
ALPA, 17-Aug-2026,64.27,65.98,63.5,63.72,64.27,16477,10.58,257,14149.0,85.87
ALPEXSOLAR, 17-Aug-2026,774.1,782.0,741.0,772.95,777.1,124000,943.26,745,94100.0,75.89
ALPHA, 17-Aug-2026,53.99,54.31,53.4,54.18,53.97,834656,450.86,2545,580841.0,69.59
ALPHAETF, 17-Aug-2026,27.2,27.2,26.54,26.82,26.67,441579,118.26,971,331022.0,74.96
ALPHAGEO, 17-Aug-2026,314.0,342.8,302.42,338.36,301.36,229452,759.17,6730,105374.0,45.92
ALPINETEX, 17-Aug-2026,56.87,58.34,55.25,57.14,58.6,398391,226.01,5608,194483.0,48.82
ALPL30IETF, 17-Aug-2026,28.35,28.4,28.23,28.33,28.35,197003,55.77,1249,117812.0,59.8
ALUFLUOR, 17-Aug-2026,437.55,445.0,421.0,434.05,437.55,990,4.27,41,942.0,95.15
ALUWIND, 17-Aug-2026,48.9,48.9,48.9,48.9,49.6,1500,0.73,1,1500.0,100.0
AMAGI, 17-Aug-2026,608.7,612.35,578.5,581.0,608.7,858166,5014.7,29501,268087.0,31.24
AMAL, 17-Aug-2026,762.0,762.0,730.05,751.25,745.05,1174,8.79,97,1021.0,86.97
AMARJOTHI, 17-Aug-2026,159.0,162.9,155.0,162.0,155.6,1281,2.04,25,1023.0,79.86
AMBAAUTO, 17-Aug-2026,106.9,106.9,105.0,105.45,105.95,23000,24.29,3,23000.0,100.0
AMBALALSA, 17-Aug-2026,42.27,46.88,42.1,45.7,42.27,458656,209.35,2204,228021.0,49.72
AMBER, 17-Aug-2026,7355.5,7394.0,7246.5,7259.0,7222.0,535613,39158.7,57723,189072.0,35.3
AMBICAAGAR, 17-Aug-2026,24.9,24.95,23.2,23.78,24.93,16928,4.04,180,13576.0,80.2
AMBIKCO, 17-Aug-2026,1593.2,1627.9,1593.2,1615.9,1598.6,8416,135.97,1237,4272.0,50.76
AMBUJACEM, 17-Aug-2026,417.0,417.6,409.5,415.25,417.5,3967404,16383.49,37635,2244825.0,56.58
AMCL, 17-Aug-2026,376.15,379.9,376.15,379.9,392.0,1600,6.05,4,1200.0,75.0
AMDIND, 17-Aug-2026,54.8,55.4,50.8,51.41,54.8,74717,38.81,568,61442.0,82.23
AMEYA, 17-Aug-2026,112.9,115.0,112.9,115.0,110.0,5000,5.71,5,5000.0,100.0
AMJLAND, 17-Aug-2026,39.6,39.6,38.4,38.62,39.36,6953,2.69,126,4239.0,60.97
AMNPLST, 17-Aug-2026,193.5,196.7,182.95,185.55,193.05,16257,30.68,1028,9166.0,56.38
AMRUTANJAN, 17-Aug-2026,493.0,496.0,484.6,491.85,496.05,54421,266.37,2832,28731.0,52.79
ANANDRATHI, 17-Aug-2026,2198.0,2200.0,2167.9,2176.0,2174.7,188710,4111.54,20860,111167.0,58.91
ANANTAM, 17-Aug-2026,105.84,105.84,104.39,104.98,105.3,15108,15.82,130,11387.0,75.37
ANANTRAJ, 17-Aug-2026,629.0,634.4,622.75,627.55,629.95,1000410,6278.78,29174,425811.0,42.56
ANAWIL, 17-Aug-2026,429.95,437.8,405.0,423.45,420.45,204000,858.19,435,189200.0,92.75
ANDHRAPAP, 17-Aug-2026,59.61,60.1,59.51,59.96,59.69,134436,80.58,662,111324.0,82.81
ANDHRSUGAR, 17-Aug-2026,102.2,105.59,100.7,101.98,101.88,979808,1008.96,11177,358570.0,36.6
ANDREWYU, 17-Aug-2026,26.99,27.0,25.21,26.23,31.35,66557,17.44,516,53888.0,80.97
ANGELONE, 17-Aug-2026,287.0,295.65,282.15,293.5,287.3,4087024,11850.25,38168,1329510.0,32.53
ANIKINDS, 17-Aug-2026,43.95,43.95,42.25,42.76,42.69,14470,6.22,57,10853.0,75.0
ANLON, 17-Aug-2026,620.0,678.0,620.0,676.35,640.0,13600,89.63,34,10800.0,79.41
ANMOL, 17-Aug-2026,10.03,10.17,9.9,10.02,10.16,41073,4.1,197,25004.0,60.88
ANNAPURNA, 17-Aug-2026,154.0,167.0,153.5,163.0,152.6,136928,218.72,1630,85975.0,62.79
ANONDITA, 17-Aug-2026,1174.0,1174.0,1075.95,1086.65,1117.85,46000,506.15,100,37600.0,81.74
ANSALBU, 17-Aug-2026,72.8,72.8,72.8,72.8,72.79,41,0.03,1,41.0,100.0
ANTELOPUS, 17-Aug-2026,815.0,840.0,792.5,800.9,782.6,240235,1959.09,10586,109876.0,45.74
ANTGRAPHIC, 17-Aug-2026,0.73,0.77,0.71,0.74,0.73,242475,1.81,232,207198.0,85.45
ANTHEM, 17-Aug-2026,896.25,904.0,886.0,898.0,890.1,693951,6207.28,34735,378870.0,54.6
ANUHPHR, 17-Aug-2026,77.5,77.5,75.5,75.72,76.21,40575,30.86,550,35660.0,87.89
ANUP, 17-Aug-2026,1801.0,1877.9,1801.0,1834.5,1852.8,26309,484.72,4261,12378.0,47.05
ANURAS, 17-Aug-2026,1210.5,1222.3,1192.3,1196.9,1209.4,385144,4639.66,13811,196663.0,51.06
ANYA, 17-Aug-2026,14.75,15.0,14.75,15.0,15.15,15000,2.23,3,15000.0,100.0
AONEGOLD, 17-Aug-2026,14.38,14.38,14.15,14.25,14.1,374930,53.47,1526,251477.0,67.07
AONELIQUID, 17-Aug-2026,1072.93,1072.93,1072.91,1072.91,1072.78,7433,79.75,128,6082.0,81.82
AONENIFTY, 17-Aug-2026,10.3,10.3,9.79,10.05,10.05,163764,16.44,1523,138625.0,84.65
AONESILVER, 17-Aug-2026,8.86,8.99,8.82,8.93,8.82,585634,52.33,1286,353848.0,60.42
AONETMMQ50, 17-Aug-2026,10.56,10.56,10.38,10.44,10.42,158812,16.59,351,141124.0,88.86
AONETOTAL, 17-Aug-2026,12.29,12.29,11.99,12.04,12.05,167579,20.15,1746,109991.0,65.64
APARINDS, 17-Aug-2026,16700.0,16998.0,16385.0,16524.0,16691.0,143637,23858.66,32040,59210.0,41.22
APCL, 17-Aug-2026,103.8,108.7,102.15,106.87,103.55,58407,62.54,693,32658.0,55.91
APCOTEXIND, 17-Aug-2026,600.0,616.0,600.0,605.45,599.5,145631,885.6,6115,75015.0,51.51
APEX, 17-Aug-2026,426.3,432.8,410.5,422.55,426.35,907500,3814.21,20342,203683.0,22.44
APEXECO, 17-Aug-2026,290.05,295.0,279.0,290.2,290.0,28000,81.32,26,26400.0,94.29
APLAPOLLO, 17-Aug-2026,2093.0,2110.9,2072.4,2081.3,2083.3,439122,9197.21,30174,178609.0,40.67
APLLTD, 17-Aug-2026,824.8,827.8,812.3,822.45,831.25,90276,739.36,5900,65417.0,72.46
APOLLO, 17-Aug-2026,393.8,397.9,386.05,387.05,393.55,3979390,15545.62,67141,1367009.0,34.35
APOLLOHOSP, 17-Aug-2026,8917.5,8984.0,8825.5,8825.5,8920.5,358418,31875.54,32458,214728.0,59.91
APOLLOPIPE, 17-Aug-2026,507.25,550.1,505.95,545.3,510.85,816969,4371.13,20953,407458.0,49.87
APOLLOTYRE, 17-Aug-2026,444.1,444.25,435.25,436.7,444.1,223302,980.22,11935,102162.0,45.75
APOLSINHOT, 17-Aug-2026,1209.0,1225.2,1205.0,1205.8,1208.0,904,10.96,107,645.0,71.35
APRAMEYA, 17-Aug-2026,131.0,139.9,130.7,130.7,139.85,15000,20.17,26,13000.0,86.67
APS, 17-Aug-2026,248.5,248.5,235.05,237.5,244.95,23750,56.62,88,18750.0,78.95
APSISAERO, 17-Aug-2026,499.8,499.8,485.0,499.8,490.0,24000,118.18,17,22800.0,95.0
APTUS, 17-Aug-2026,249.05,256.95,246.45,255.2,250.5,704661,1776.44,23104,399731.0,56.73
AQYLON, 17-Aug-2026,22.93,23.49,21.79,21.79,22.93,557222,124.35,3417,373617.0,67.05
ARABIAN, 17-Aug-2026,86.95,87.0,86.0,86.55,83.0,16000,13.87,8,10000.0,62.5
ARCHIDPLY, 17-Aug-2026,94.25,97.0,92.8,95.91,93.3,29556,28.09,417,20182.0,68.28
ARCHIES, 17-Aug-2026,13.7,13.83,13.45,13.49,13.76,8621,1.17,93,6392.0,74.14
ARCIIL, 17-Aug-2026,36.05,38.25,36.05,38.2,37.8,5000,1.85,5,5000.0,100.0
ARCL, 17-Aug-2026,249.68,249.68,231.0,236.4,239.7,102,0.25,15,100.0,98.04
ARDEE, 17-Aug-2026,60.0,62.85,59.45,62.34,59.15,12512121,7682.43,41739,3675676.0,29.38
ARE&M, 17-Aug-2026,945.95,949.4,938.15,945.7,945.95,372044,3509.6,18482,165990.0,44.62
ARENTERP, 17-Aug-2026,38.5,39.1,38.01,38.36,38.99,116,0.04,13,102.0,87.93
ARFIN, 17-Aug-2026,83.38,84.8,82.06,83.69,84.05,1626003,1350.27,3771,255207.0,15.7
ARHAM, 17-Aug-2026,189.9,189.9,183.0,185.85,189.5,19000,35.32,17,12000.0,63.16
ARIES, 17-Aug-2026,418.05,437.85,408.15,434.65,413.5,183764,786.85,6555,88834.0,48.34
ARIHANT, 17-Aug-2026,1064.2,1080.0,1010.0,1031.6,1048.5,3566,37.24,266,2734.0,76.67
ARIHANTACA, 17-Aug-2026,499.55,500.0,485.0,491.7,499.55,7200,35.4,15,4800.0,66.67
ARIHANTCAP, 17-Aug-2026,73.23,74.07,73.02,73.47,74.14,146007,107.47,1537,68188.0,46.7
ARIHANTSUP, 17-Aug-2026,251.5,259.8,251.5,257.6,247.55,2671,6.8,210,1720.0,64.4
ARIS, 17-Aug-2026,133.53,136.59,132.0,136.25,134.09,792919,1066.62,4722,554556.0,69.94
ARKADE, 17-Aug-2026,132.8,132.99,129.11,129.99,133.34,208312,272.55,2383,79345.0,38.09
ARMANFIN, 17-Aug-2026,1969.9,2037.5,1924.4,1962.9,1969.4,38418,752.89,6214,17629.0,45.89
ARMOUR, 17-Aug-2026,19.5,19.5,18.1,18.5,18.6,10000,1.88,5,8000.0,80.0
AROGRANITE, 17-Aug-2026,25.37,25.9,23.4,24.57,25.37,28405,6.98,608,13345.0,46.98
ARSSBL, 17-Aug-2026,510.9,517.0,503.3,509.2,508.2,148707,757.48,3616,38838.0,26.12
ARTEMISMED, 17-Aug-2026,315.75,322.0,313.45,314.4,314.75,207441,655.8,5967,129080.0,62.22
ARTNIRMAN, 17-Aug-2026,41.27,43.48,41.11,42.23,41.07,507,0.21,7,479.0,94.48
ARUNAYA, 17-Aug-2026,14.6,14.6,13.9,14.55,14.6,26000,3.75,11,18000.0,69.23
ARVEE, 17-Aug-2026,165.13,166.34,165.03,165.55,166.01,616,1.02,38,465.0,75.49
ARVIND, 17-Aug-2026,568.75,569.0,538.15,552.3,571.85,995836,5466.55,31556,499941.0,50.2
ARVINDFASN, 17-Aug-2026,447.85,450.55,436.65,444.15,447.85,262407,1162.44,22359,122077.0,46.52
ARVINDPORT, 17-Aug-2026,31.85,32.0,31.8,31.95,31.85,12000,3.82,7,12000.0,100.0
ARVSMART, 17-Aug-2026,655.0,679.6,654.0,670.35,655.6,125853,844.88,6561,65321.0,51.9
ARYAMAN, 17-Aug-2026,582.85,599.9,582.85,599.9,582.8,3,0.02,2,3.0,100.0
ASAHIINDIA, 17-Aug-2026,945.8,955.0,927.0,931.2,939.2,225800,2118.37,17638,99994.0,44.28
ASAL, 17-Aug-2026,499.1,524.8,498.95,505.95,499.1,60495,310.05,3350,20871.0,34.5
ASALCBR, 17-Aug-2026,714.05,752.7,698.05,733.25,713.95,88609,630.82,6197,49861.0,56.27
ASHALOG, 17-Aug-2026,59.4,61.25,59.4,61.25,59.95,2000,1.21,2,2000.0,100.0
ASHAPURMIN, 17-Aug-2026,603.45,617.45,602.15,612.2,603.45,293961,1796.12,11441,136932.0,46.58
ASHIANA, 17-Aug-2026,358.15,369.0,358.15,365.0,362.45,39781,144.41,1697,20600.0,51.78
ASHIMASYN, 17-Aug-2026,18.7,18.7,17.1,17.51,17.13,62627,10.99,277,41307.0,65.96
ASHOKA, 17-Aug-2026,112.04,113.67,111.0,113.27,112.39,570487,638.58,5901,259857.0,45.55
ASHOKAMET, 17-Aug-2026,14.05,14.05,13.6,13.77,13.78,8990,1.24,113,7582.0,84.34
ASHOKLEY, 17-Aug-2026,171.99,179.1,171.98,177.1,171.64,38086255,67092.14,146330,17223309.0,45.22
ASHWINI, 17-Aug-2026,192.05,192.05,190.0,190.5,195.0,4000,7.65,4,4000.0,100.0
ASIANENE, 17-Aug-2026,375.5,432.0,372.0,425.25,374.4,1788634,7385.97,35914,498428.0,27.87
ASIANHOTNR, 17-Aug-2026,298.05,304.5,295.6,300.0,301.65,13054,39.3,1582,7617.0,58.35
ASIANPAINT, 17-Aug-2026,2694.5,2714.6,2687.5,2687.5,2696.3,312900,8452.49,28235,170249.0,54.41
ASIANTILES, 17-Aug-2026,50.77,50.81,47.05,47.97,50.55,6090979,2938.32,16706,1486277.0,24.4
ASIANTNE, 17-Aug-2026,9.95,9.95,8.64,9.73,9.07,1154,0.11,24,1078.0,93.41
ASKAUTOLTD, 17-Aug-2026,644.6,673.25,633.25,649.2,644.7,495881,3239.52,27749,240320.0,48.46
ASPINWALL, 17-Aug-2026,235.0,241.89,235.0,236.24,236.0,1167,2.76,43,1049.0,89.89
ASPIRE, 17-Aug-2026,14.35,15.4,14.35,14.35,15.1,14000,2.05,7,8000.0,57.14
ASSAMENT, 17-Aug-2026,850.0,850.0,850.0,850.0,810.0,1,0.01,1,1.0,100.0
ASTAR, 17-Aug-2026,600.0,600.0,585.0,585.05,600.85,14,0.08,7,13.0,92.86
ASTEC, 17-Aug-2026,593.1,598.7,550.0,580.8,593.95,39506,230.92,1815,29251.0,74.04
ASTERDM, 17-Aug-2026,822.35,844.9,816.2,819.75,822.35,1180504,9761.85,49908,694159.0,58.8
ASTRAL, 17-Aug-2026,1550.0,1559.0,1536.2,1538.3,1556.3,353029,5449.93,19879,180067.0,51.01
ASTRAMICRO, 17-Aug-2026,1747.0,1754.9,1701.0,1707.1,1739.3,251228,4313.38,20973,152143.0,60.56
ASTRAZEN, 17-Aug-2026,7789.5,7814.5,7602.0,7640.5,7753.0,18504,1414.54,2744,13308.0,71.92
ATALREAL, 17-Aug-2026,36.4,36.4,35.75,35.85,36.13,5265984,1893.03,37397,982700.0,18.66
ATAM, 17-Aug-2026,59.03,62.0,57.0,60.67,59.03,16409,9.91,318,12712.0,77.47
ATCENERGY, 17-Aug-2026,24.0,24.0,24.0,24.0,24.45,3600,0.86,3,3600.0,100.0
ATGL, 17-Aug-2026,655.0,655.05,646.0,646.9,654.05,363269,2358.16,12503,129052.0,35.53
ATHERENERG, 17-Aug-2026,1511.5,1533.0,1475.0,1485.2,1511.5,2475472,37157.32,95809,980515.0,39.61
ATL, 17-Aug-2026,23.94,24.29,23.51,23.91,23.7,112159,26.84,835,72855.0,64.96
ATLANTAA, 17-Aug-2026,40.64,40.64,39.07,39.64,40.02,50878,20.2,905,21427.0,42.11
ATLANTAELE, 17-Aug-2026,1709.8,1816.8,1683.0,1788.2,1680.8,500044,8813.52,37648,254729.0,50.94
ATLASCYCLE, 17-Aug-2026,96.0,98.99,96.0,97.61,96.41,4683,4.53,96,3815.0,81.46
ATLPP, 17-Aug-2026,8.82,8.82,8.5,8.67,8.61,2116,0.18,10,2115.0,99.95
ATMASTCO, 17-Aug-2026,146.25,150.1,143.45,147.0,151.0,24400,35.71,47,19200.0,78.69
ATUL, 17-Aug-2026,6738.5,6850.0,6705.5,6721.0,6729.0,28126,1901.07,8000,16270.0,57.85
ATULAUTO, 17-Aug-2026,497.95,505.95,492.15,498.0,494.6,136921,683.96,5127,54337.0,39.68
AUBANK, 17-Aug-2026,1080.0,1092.5,1072.2,1072.2,1081.9,922463,9945.12,37128,533183.0,57.8
AURIONPRO, 17-Aug-2026,733.0,733.4,720.0,722.75,734.0,103893,754.74,5442,61108.0,58.82
AUROIMPEX, 17-Aug-2026,26.1,26.1,26.1,26.1,26.1,3200,0.84,2,3200.0,100.0
AUROPHARMA, 17-Aug-2026,1630.6,1652.0,1617.9,1627.2,1622.1,998350,16344.47,39165,424601.0,42.53
AURUM, 17-Aug-2026,220.7,230.4,220.7,229.12,220.47,115754,261.13,2440,64380.0,55.62
AURUS, 17-Aug-2026,4.91,4.91,4.62,4.71,4.74,8169,0.39,238,2974.0,36.41
AUSL, 17-Aug-2026,26.5,26.5,25.2,25.2,26.5,10000,2.55,5,4000.0,40.0
AUSOMENT, 17-Aug-2026,144.51,153.0,141.71,144.39,147.06,823,1.21,66,714.0,86.76
AUSTENG, 17-Aug-2026,125.0,125.0,122.87,122.87,116.15,263,0.32,8,263.0,100.0
AUTOAXLES, 17-Aug-2026,1780.0,1799.0,1758.2,1787.0,1783.0,4487,79.58,732,2810.0,62.63
AUTOBEES, 17-Aug-2026,300.0,304.25,300.0,303.12,302.93,173538,526.17,2499,101577.0,58.53
AUTOIETF, 17-Aug-2026,30.38,30.52,30.28,30.4,30.38,334979,101.75,1965,187449.0,55.96
AVADHSUGAR, 17-Aug-2026,656.4,730.05,656.4,725.25,653.15,868054,6163.87,30159,172425.0,19.86
AVALON, 17-Aug-2026,1950.3,2081.0,1948.0,2059.4,1940.8,923261,18795.61,76026,315510.0,34.17
AVANA, 17-Aug-2026,140.0,144.0,140.0,144.0,144.9,10000,14.1,5,10000.0,100.0
AVANCE, 17-Aug-2026,0.94,0.94,0.75,0.9,0.93,2803162,24.59,1404,2074314.0,74.0
AVANTEL, 17-Aug-2026,158.5,159.52,156.6,157.51,158.5,580759,914.94,6476,273892.0,47.16
AVANTIFEED, 17-Aug-2026,861.4,878.9,841.1,875.6,861.4,426130,3663.97,18297,134486.0,31.56
AVATAR, 17-Aug-2026,233.0,237.0,223.0,237.0,231.0,40000,93.06,7,38000.0,95.0
AVIANSH, 17-Aug-2026,105.0,105.0,105.0,105.0,104.75,1000,1.05,1,1000.0,100.0
AVIENCE, 17-Aug-2026,249.95,250.0,233.5,237.0,247.3,31800,75.59,52,19800.0,62.26
AVL, 17-Aug-2026,629.65,629.65,596.15,608.65,624.65,302890,1839.16,19768,142046.0,46.9
AVONMORE, 17-Aug-2026,12.45,13.14,12.4,13.01,12.35,339377,43.84,918,273863.0,80.7
AVPINFRA, 17-Aug-2026,60.3,60.3,58.75,60.3,60.0,53600,31.8,42,37600.0,70.15
AVROIND, 17-Aug-2026,8.55,8.8,8.16,8.5,8.63,221465,18.56,707,149377.0,67.45
AVTNPL, 17-Aug-2026,83.05,89.0,83.05,88.1,81.25,2764523,2397.87,26450,1157844.0,41.88
AWFIS, 17-Aug-2026,270.0,271.4,266.9,268.95,266.55,197260,531.21,3946,96475.0,48.91
AWHCL, 17-Aug-2026,390.25,395.5,384.6,385.9,390.3,72926,281.74,3680,39194.0,53.74
AWL, 17-Aug-2026,192.5,194.1,191.31,193.34,192.16,979138,1886.62,15194,472272.0,48.23
AXISBANK, 17-Aug-2026,1220.0,1235.0,1213.6,1227.3,1217.4,6068014,74255.17,178670,3832906.0,63.17
AXISCADES, 17-Aug-2026,1480.0,1585.9,1480.0,1553.4,1484.8,176263,2737.17,14868,79478.0,45.09
AXITA, 17-Aug-2026,7.39,7.39,7.24,7.25,7.27,188541,13.77,788,103572.0,54.93
AXTEL, 17-Aug-2026,415.0,424.95,403.0,418.0,415.3,412,1.7,28,383.0,92.96
AYE, 17-Aug-2026,170.98,172.93,168.2,169.77,172.82,352125,600.36,8394,184746.0,52.47
AYMSYNTEX, 17-Aug-2026,272.95,274.1,263.8,271.9,266.75,52703,142.28,1616,29973.0,56.87
AZAD, 17-Aug-2026,2750.0,2986.6,2703.0,2899.9,2717.8,2721054,78847.43,144952,714177.0,26.25
AZADIND, 17-Aug-2026,98.99,98.99,72.97,91.48,91.21,2376,2.25,53,2033.0,85.56
BAGDIGITAL, 17-Aug-2026,105.6,112.7,105.6,106.75,111.9,17600,18.79,11,14400.0,81.82
BAGFILMS, 17-Aug-2026,4.57,4.58,4.4,4.46,4.52,104084,4.66,282,77565.0,74.52
BAGMANE, 17-Aug-2026,108.0,108.34,107.2,107.45,107.72,276437,297.76,6473,217653.0,78.74
BAHETI, 17-Aug-2026,794.0,794.0,785.75,789.0,786.0,17250,136.11,29,8625.0,50.0
BAIDFIN, 17-Aug-2026,9.82,9.98,9.36,9.6,9.9,178953,17.14,735,130433.0,72.89
BAJAJ-AUTO, 17-Aug-2026,11700.0,11808.0,11663.0,11663.0,11700.0,181692,21312.38,27197,97318.0,53.56
BAJAJCON, 17-Aug-2026,500.0,511.2,476.4,481.4,500.6,1595673,7750.11,45718,872896.0,54.7
BAJAJELEC, 17-Aug-2026,362.4,365.2,355.1,357.45,362.4,198125,711.04,7077,85292.0,43.05
BAJAJFINSV, 17-Aug-2026,2001.4,2028.2,1997.2,2005.0,2008.3,1026623,20626.03,40321,606952.0,59.12
BAJAJHCARE, 17-Aug-2026,331.55,331.55,321.7,323.05,329.25,60396,195.59,2165,34790.0,57.6
BAJAJHFL, 17-Aug-2026,84.32,84.6,83.67,84.0,84.33,2255255,1893.52,22672,1225916.0,54.36
BAJAJHIND, 17-Aug-2026,17.35,18.03,17.2,17.93,17.3,10401785,1838.22,14853,4068053.0,39.11
BAJAJHLDNG, 17-Aug-2026,11511.0,11574.0,11306.0,11379.0,11475.0,147900,16860.36,15693,110107.0,74.45
BAJAJINDEF, 17-Aug-2026,224.45,224.45,213.5,215.32,217.15,28903,62.14,553,19869.0,68.74
BAJAJST, 17-Aug-2026,368.6,368.8,354.55,358.3,362.15,13567,48.59,908,10069.0,74.22
BAJEL, 17-Aug-2026,188.2,188.35,183.75,185.87,188.35,100687,187.08,2850,46543.0,46.23
BAJFINANCE, 17-Aug-2026,1080.0,1100.4,1078.8,1089.3,1087.0,2295675,25041.64,46312,1249700.0,54.44
BALAJEE, 17-Aug-2026,28.25,28.26,27.18,27.25,27.71,12476,3.43,238,9386.0,75.23
BALAJITELE, 17-Aug-2026,90.61,94.49,90.61,92.72,92.38,249035,230.56,3168,116869.0,46.93
BALAMINES, 17-Aug-2026,2133.8,2160.4,2109.7,2125.2,2133.8,81358,1731.35,9006,30932.0,38.02
BALAXI, 17-Aug-2026,24.2,24.25,23.65,24.21,24.0,27550,6.62,121,26909.0,97.67
BALCO, 17-Aug-2026,17.1,18.9,17.1,18.9,18.0,6000,1.09,5,4800.0,80.0
BALKRISHNA, 17-Aug-2026,17.54,17.85,17.21,17.45,17.54,9404,1.65,57,7258.0,77.18
BALKRISIND, 17-Aug-2026,2389.9,2421.2,2365.5,2407.2,2363.6,192741,4602.4,17704,107898.0,55.98
BALMLAWRIE, 17-Aug-2026,173.43,174.98,172.61,174.59,173.43,57680,100.29,1798,37041.0,64.22
BALPHARMA, 17-Aug-2026,87.1,88.0,84.61,85.0,87.05,16536,14.22,442,11364.0,68.72
BALRAMCHIN, 17-Aug-2026,633.0,658.7,630.7,655.75,624.85,1396378,9063.3,37623,493953.0,35.37
BALUFORGE, 17-Aug-2026,502.7,531.4,502.7,513.35,493.75,4666822,24290.68,80921,1057995.0,22.67
BANARBEADS, 17-Aug-2026,113.9,113.9,111.5,111.74,112.51,334,0.37,22,309.0,92.51
BANARISUG, 17-Aug-2026,3422.0,3498.9,3334.2,3469.8,3450.0,194,6.74,81,83.0,42.78
BANCOINDIA, 17-Aug-2026,614.0,619.75,604.65,611.15,618.1,176665,1078.02,10558,85054.0,48.14
BANDHANBNK, 17-Aug-2026,174.2,174.2,172.15,173.25,174.55,2639964,4563.56,18488,1125869.0,42.65
BANG, 17-Aug-2026,28.5,29.0,27.8,28.8,28.57,31194,8.91,671,23368.0,74.91
BANK10ADD, 17-Aug-2026,16.95,17.04,16.84,16.99,16.95,90190,15.25,137,42690.0,47.33
BANK10BETF, 17-Aug-2026,21.06,21.06,20.72,20.97,21.0,2864,0.59,20,2459.0,85.86
BANKA, 17-Aug-2026,80.1,81.4,78.01,78.66,81.44,7523,6.01,47,6313.0,83.92
BANKADD, 17-Aug-2026,58.8,59.34,58.6,59.26,59.09,17367,10.26,116,7156.0,41.2
BANKBARODA, 17-Aug-2026,247.6,248.11,243.11,246.55,248.22,7061942,17365.1,54990,3153943.0,44.66
BANKBEES, 17-Aug-2026,596.0,599.24,592.65,598.42,596.37,753459,4491.32,9028,356548.0,47.32
BANKBETA, 17-Aug-2026,60.98,60.98,59.15,59.77,59.5,41603,24.74,484,16753.0,40.27
BANKBETF, 17-Aug-2026,58.51,58.87,58.09,58.76,58.54,5995,3.5,184,3156.0,52.64
BANKETF, 17-Aug-2026,585.02,589.69,583.52,587.66,587.02,11243,66.03,248,9613.0,85.5
BANKIETF, 17-Aug-2026,58.85,59.46,58.74,59.38,59.22,391368,230.97,1817,169152.0,43.22
BANKINDIA, 17-Aug-2026,144.09,144.09,141.0,143.75,144.1,4897422,6974.29,29837,2013664.0,41.12
BANKNIFTY1, 17-Aug-2026,59.81,60.36,59.4,59.89,59.77,80618,48.12,1006,31868.0,39.53
BANKPSU, 17-Aug-2026,89.75,89.75,86.8,88.09,87.99,10533,9.23,161,8027.0,76.21
BANSALWIRE, 17-Aug-2026,320.45,327.6,318.0,323.75,318.25,115942,375.09,3730,59348.0,51.19
BANSWRAS, 17-Aug-2026,118.1,119.69,114.21,115.47,116.03,42783,49.91,553,26854.0,62.77
BARFLEX, 17-Aug-2026,57.75,62.0,54.55,60.0,56.9,28000,16.46,12,18000.0,64.29
BASF, 17-Aug-2026,4077.9,4107.6,3990.0,4041.2,4077.9,83950,3372.3,14068,50216.0,59.82
BASILIC, 17-Aug-2026,191.4,194.0,164.0,171.45,200.95,170400,295.45,443,121500.0,71.3
BATAINDIA, 17-Aug-2026,760.0,764.15,740.0,758.1,755.7,806511,6082.23,25716,324778.0,40.27
BATLIBOI, 17-Aug-2026,90.8,90.8,87.0,87.85,89.56,36868,32.38,1664,17826.0,48.35
BAWEJA, 17-Aug-2026,23.5,24.5,23.5,24.5,23.5,4000,0.96,4,4000.0,100.0
BAYERCROP, 17-Aug-2026,4045.8,4111.4,4030.0,4099.2,4045.8,29811,1214.54,6971,16188.0,54.3
BBETF0432, 17-Aug-2026,1355.96,1360.0,1350.0,1358.46,1355.15,951,12.89,105,760.0,79.92
BBL, 17-Aug-2026,2285.8,2321.9,2281.2,2298.5,2284.8,13329,306.66,2213,6720.0,50.42
BBNPNBETF, 17-Aug-2026,56.83,58.37,56.83,58.07,57.89,1502,0.86,47,1139.0,75.83
BBNPPGOLD, 17-Aug-2026,146.2,149.3,146.2,147.8,146.2,3749,5.56,121,3076.0,82.05
BBOX, 17-Aug-2026,798.2,801.0,765.0,774.1,795.85,335756,2608.13,19562,142468.0,42.43
BBTC, 17-Aug-2026,1460.0,1473.8,1453.2,1463.6,1468.2,42124,616.25,5229,28473.0,67.59
BBTCL, 17-Aug-2026,262.0,262.0,230.25,233.35,244.64,44028,106.58,1422,32007.0,72.7
BCG, 17-Aug-2026,10.05,10.11,9.54,9.67,9.93,10976505,1084.98,8815,5670796.0,51.66
BCLIND, 17-Aug-2026,35.21,37.85,35.21,36.36,35.63,2651757,971.09,12101,527545.0,19.89
BCONCEPTS, 17-Aug-2026,157.25,162.87,153.61,157.11,159.02,18508,29.03,937,11354.0,61.35
BCPL, 17-Aug-2026,73.19,75.0,72.5,73.35,72.84,21331,15.71,518,13351.0,62.59
BDL, 17-Aug-2026,1413.2,1427.7,1370.0,1380.0,1398.0,3151086,43896.47,93493,739451.0,23.47
BEACON, 17-Aug-2026,92.1,92.1,86.35,88.0,88.0,10000,8.76,10,8000.0,80.0
BEARDSELL, 17-Aug-2026,25.21,25.98,24.02,24.87,24.72,22511,5.56,201,16539.0,73.47
BECTORFOOD, 17-Aug-2026,242.34,257.5,238.1,255.3,240.37,3461884,8638.4,41830,1074020.0,31.02
BEDMUTHA, 17-Aug-2026,111.22,111.25,108.05,109.11,113.63,2376,2.6,78,1964.0,82.66
BEEKAY, 17-Aug-2026,437.5,439.65,426.55,431.15,435.35,2294,9.89,71,1620.0,70.62
BEL, 17-Aug-2026,411.0,413.95,409.1,412.45,410.8,7410599,30526.8,71190,3877911.0,52.33
BELLACASA, 17-Aug-2026,228.35,232.3,220.1,222.69,223.74,29311,66.27,1290,15621.0,53.29
BELRISE, 17-Aug-2026,247.77,247.77,232.31,236.09,255.35,17255848,41075.63,159791,8066867.0,46.75
BEML, 17-Aug-2026,1890.0,1929.0,1880.4,1908.5,1874.4,386580,7379.3,27629,119235.0,30.84
BENARAS, 17-Aug-2026,10178.0,10178.0,10178.0,10178.0,10178.0,2,0.2,2,2.0,100.0
BENGALASM, 17-Aug-2026,6159.5,6239.0,6159.5,6234.5,6210.0,106,6.59,50,61.0,57.55
BEPL, 17-Aug-2026,124.19,125.5,120.85,122.89,123.7,858956,1053.9,7920,351537.0,40.93
BERGEPAINT, 17-Aug-2026,549.0,553.55,543.7,549.35,545.1,460725,2532.68,35447,282975.0,61.42
BESTAGRO, 17-Aug-2026,18.95,19.19,18.65,18.88,18.87,553581,104.18,1718,240416.0,43.43
BETA, 17-Aug-2026,2525.7,2550.0,2409.2,2432.9,2550.7,34906,857.71,5278,17228.0,49.36
BEWLTD, 17-Aug-2026,52.0,53.0,51.0,51.4,51.75,23000,11.99,25,22000.0,95.65
BFINVEST, 17-Aug-2026,468.15,481.45,460.25,464.3,463.45,46733,217.47,2334,19253.0,41.2
BFSI, 17-Aug-2026,27.98,27.98,27.1,27.31,27.3,3900354,1065.28,1585,3811416.0,97.72
BFUTILITIE, 17-Aug-2026,533.15,550.0,523.0,545.65,533.6,55723,300.22,2848,23621.0,42.39
BHADORA, 17-Aug-2026,106.9,106.9,101.0,102.0,105.4,27600,28.72,23,27600.0,100.0
BHAGCHEM, 17-Aug-2026,289.85,291.75,283.55,288.75,289.85,152636,436.22,1538,124680.0,81.68
BHAGYANGR, 17-Aug-2026,360.0,382.5,357.3,382.5,364.3,233769,883.48,4939,147458.0,63.08
BHANDARI, 17-Aug-2026,2.89,3.14,2.85,3.03,2.86,452874,13.6,390,361550.0,79.83
BHARATCOAL, 17-Aug-2026,33.69,33.69,33.15,33.33,33.69,4666141,1555.85,14444,2278344.0,48.83
BHARATFORG, 17-Aug-2026,2057.8,2099.6,2055.6,2093.0,2065.0,1157779,24144.04,56330,688611.0,59.48
BHARATRAS, 17-Aug-2026,1300.8,1314.6,1295.0,1301.0,1302.6,11925,155.45,1928,6343.0,53.19
BHARATSE, 17-Aug-2026,247.9,247.9,237.0,238.44,248.05,230904,554.64,6615,108381.0,46.94
BHARATWIRE, 17-Aug-2026,189.0,194.99,186.38,192.92,188.01,140174,268.07,3249,54094.0,38.59
BHARTIARTL, 17-Aug-2026,1984.2,1993.2,1969.3,1969.3,1992.1,5537411,109912.0,128875,3851881.0,69.56
BHARTIHEXA, 17-Aug-2026,1630.0,1647.2,1607.0,1641.0,1621.1,265562,4344.38,29403,151555.0,57.07
BHEL, 17-Aug-2026,424.0,435.95,421.8,435.95,421.7,15351093,66091.21,113831,6046709.0,39.39
BI, 17-Aug-2026,86.0,92.17,79.2,92.17,76.81,719068,644.82,5436,381952.0,53.12
BIGBLOC, 17-Aug-2026,45.0,45.8,44.1,44.33,44.95,38125,17.1,617,28741.0,75.39
BIKAJI, 17-Aug-2026,614.0,616.2,611.3,613.65,613.3,42552,260.93,2988,23972.0,56.34
BIKEWO, 17-Aug-2026,105.0,105.05,103.5,105.05,100.05,74000,77.64,36,74000.0,100.0
BIL, 17-Aug-2026,835.0,859.45,832.0,854.9,837.4,19406,164.87,488,17735.0,91.39
BIMETAL, 17-Aug-2026,628.0,637.9,619.95,620.0,628.6,1344,8.36,94,1315.0,97.84
BIOCON, 17-Aug-2026,416.0,416.65,408.65,412.0,417.0,3190219,13138.97,38443,1516740.0,47.54
BIOFILCHEM, 17-Aug-2026,32.7,32.7,30.9,31.73,31.84,14866,4.77,128,13055.0,87.82
BIOPOL, 17-Aug-2026,91.65,93.0,88.6,90.45,94.15,30000,27.26,24,20400.0,68.0
BIRET, 17-Aug-2026,346.0,346.44,343.5,344.52,345.07,929335,3210.34,7839,897484.0,96.57
BIRLACORPN, 17-Aug-2026,903.05,904.9,894.05,901.8,904.9,14062,126.47,1716,8243.0,58.62
BIRLAMONEY, 17-Aug-2026,131.88,133.46,129.0,129.87,131.88,36917,48.08,1063,23549.0,63.79
BIRLANU, 17-Aug-2026,1555.2,1573.3,1537.2,1551.8,1555.2,8799,136.79,1287,4796.0,54.51
BIRLAPREC, 17-Aug-2026,36.88,38.49,35.6,35.91,35.92,33507,12.31,271,20558.0,61.35
BLACKBUCK, 17-Aug-2026,568.5,572.0,558.15,569.5,571.15,186220,1052.52,11717,82292.0,44.19
BLAL, 17-Aug-2026,172.8,172.8,169.0,169.43,171.49,17769,30.21,335,13640.0,76.76
BLBLIMITED, 17-Aug-2026,16.4,16.43,15.8,16.03,15.96,252726,40.28,431,231620.0,91.65
BLIL, 17-Aug-2026,70.94,71.24,70.5,70.59,70.94,35406,25.04,738,23652.0,66.8
BLKASHYAP, 17-Aug-2026,51.88,54.0,51.66,53.73,51.62,284277,151.14,1905,171908.0,60.47
BLS, 17-Aug-2026,280.0,282.7,270.6,272.56,278.12,2076768,5711.84,31042,898493.0,43.26
BLSE, 17-Aug-2026,316.4,316.4,308.15,310.8,314.25,256825,801.17,4792,120247.0,46.82
BLUECHIP, 17-Aug-2026,1.84,1.84,1.84,1.84,1.81,25200,0.46,45,25200.0,100.0
BLUECLOUDS, 17-Aug-2026,23.7,24.5,21.55,21.83,22.58,1099296,243.87,3308,599742.0,54.56
BLUEDART, 17-Aug-2026,5141.0,5148.5,5085.0,5125.0,5141.0,4543,232.45,1732,2089.0,45.98
BLUEJET, 17-Aug-2026,587.15,596.75,582.4,593.2,584.5,340303,2014.13,11086,185533.0,54.52
BLUEPEBBLE, 17-Aug-2026,72.5,72.5,72.5,72.5,72.5,2400,1.74,3,2400.0,100.0
BLUESTARCO, 17-Aug-2026,1502.0,1517.7,1476.2,1508.1,1508.0,599656,9004.47,27989,252191.0,42.06
BLUESTONE, 17-Aug-2026,852.9,860.0,829.05,834.65,845.25,1277490,10796.77,28026,195837.0,15.33
BLUEWATER, 17-Aug-2026,400.05,409.75,400.05,409.35,413.45,8000,32.35,8,8000.0,100.0
BLUSPRING, 17-Aug-2026,111.07,111.07,108.2,109.0,111.07,208662,228.2,2779,120897.0,57.94
BMETRICS, 17-Aug-2026,36.7,36.7,36.7,36.7,36.7,800,0.29,1,800.0,100.0
BMLL, 17-Aug-2026,147.95,148.0,147.0,147.0,144.35,3000,4.43,3,3000.0,100.0
BMWVENTLTD, 17-Aug-2026,57.29,58.19,57.11,57.62,57.29,41241,23.73,844,25090.0,60.84
BNAGROCHEM, 17-Aug-2026,233.05,240.0,232.75,232.75,244.95,11873,27.76,91,10798.0,90.95
BNKETFAXIS, 17-Aug-2026,590.84,596.85,590.84,596.67,595.34,535,3.18,30,117.0,21.87
BOHRAIND, 17-Aug-2026,14.84,14.84,13.99,14.01,14.84,4460,0.64,30,4350.0,97.53
BOMDYEING, 17-Aug-2026,114.2,114.75,113.17,113.89,114.4,268309,305.24,2973,136707.0,50.95
BONLON, 17-Aug-2026,42.65,43.5,41.27,42.02,42.44,6644,2.82,85,4334.0,65.23
BORANA, 17-Aug-2026,322.35,324.0,315.05,321.1,319.95,18200,58.09,666,10960.0,60.22
BOROLTD, 17-Aug-2026,235.0,249.99,229.25,244.81,238.55,244155,583.23,7226,99073.0,40.58
BORORENEW, 17-Aug-2026,573.0,574.0,568.0,569.9,577.05,221016,1259.48,8481,114489.0,51.8
BOROSCI, 17-Aug-2026,133.92,136.24,131.01,132.69,133.92,34900,46.49,1159,21633.0,61.99
BOSCH-HCIL, 17-Aug-2026,1655.6,1724.9,1627.6,1700.4,1654.2,65998,1112.54,6977,27274.0,41.33
BOSCHLTD, 17-Aug-2026,47105.0,47730.0,46870.0,46970.0,47100.0,29499,13942.67,12018,11606.0,39.34
BOSS, 17-Aug-2026,47.45,47.45,47.45,47.45,45.35,2000,0.95,1,2000.0,100.0
BPCL, 17-Aug-2026,319.0,319.75,314.15,316.65,319.45,4738730,15025.1,64163,2507361.0,52.91
BPL, 17-Aug-2026,50.0,51.99,49.7,50.15,49.54,37014,18.72,941,21602.0,58.36
BPLPHARMA, 17-Aug-2026,1400.0,1619.0,1125.7,1307.0,1349.5,27,0.36,15,13.0,48.15
BRACEPORT, 17-Aug-2026,65.0,75.0,65.0,75.0,65.0,32000,23.31,16,32000.0,100.0
BRAHMINFRA, 17-Aug-2026,181.7,181.7,165.0,170.77,172.0,6698,11.22,93,6131.0,91.53
BRANDMAN, 17-Aug-2026,181.0,188.0,179.0,182.5,181.6,20000,36.69,25,18400.0,92.0
BRIGADE, 17-Aug-2026,590.35,600.75,576.0,593.7,591.55,527798,3113.44,27057,197665.0,37.45
BRIGHOTEL, 17-Aug-2026,60.4,61.5,60.0,61.07,59.66,193959,118.21,4816,127711.0,65.84
BRIGHTBR, 17-Aug-2026,240.7,240.7,210.0,231.6,240.7,2713,6.06,48,2463.0,90.79
BRITANNIA, 17-Aug-2026,5546.0,5588.5,5495.5,5521.0,5558.0,189361,10486.82,17216,83067.0,43.87
BRNL, 17-Aug-2026,17.6,17.68,17.28,17.45,17.42,8816,1.54,153,5826.0,66.08
BSE, 17-Aug-2026,3390.0,3390.4,3282.9,3332.0,3447.0,7709125,255982.72,363392,3005466.0,38.99
BSE500IETF, 17-Aug-2026,39.0,40.38,39.0,40.01,40.01,1022591,408.97,2393,918276.0,89.8
BSHSL, 17-Aug-2026,87.0,91.0,87.0,88.65,88.95,5225,4.66,129,4542.0,86.93
BSL, 17-Aug-2026,124.0,124.49,121.7,123.72,122.45,3114,3.81,69,2051.0,65.86
BSLGOLDETF, 17-Aug-2026,129.86,134.74,129.86,134.49,133.19,624697,840.1,2534,514152.0,82.3
BSLNIFTY, 17-Aug-2026,29.37,29.37,28.4,28.62,28.66,747415,213.77,6760,626732.0,83.85
BSLSENETFG, 17-Aug-2026,77.35,78.92,76.58,78.38,78.14,6827,5.3,205,3444.0,50.45
BSOFT, 17-Aug-2026,312.0,312.95,305.7,310.8,312.05,614590,1896.92,14631,319260.0,51.95
BTML, 17-Aug-2026,8.89,9.15,8.72,8.95,8.82,1105513,98.93,878,681333.0,61.63
BUILDPRO, 17-Aug-2026,1248.6,1252.2,1230.5,1244.2,1248.6,27902,346.5,2801,15022.0,53.84
BUTTERFLY, 17-Aug-2026,677.9,683.45,653.0,655.9,677.9,14265,94.59,1069,8915.0,62.5
BVCL, 17-Aug-2026,40.7,41.3,40.25,40.53,40.98,12904,5.24,147,10091.0,78.2
C2C, 17-Aug-2026,246.0,250.65,241.2,245.3,253.55,142650,347.83,695,103050.0,72.24
CALSOFT, 17-Aug-2026,25.0,25.83,23.55,25.83,24.6,898888,226.37,2166,678160.0,75.44
CAMLINFINE, 17-Aug-2026,104.0,119.0,103.7,114.11,103.76,14277375,16458.64,92955,1730157.0,12.12
CAMPUS, 17-Aug-2026,218.0,219.8,216.6,217.92,218.4,454677,990.01,7865,178047.0,39.16
CAMS, 17-Aug-2026,762.2,776.25,755.55,776.25,762.25,1314547,10071.79,43309,632811.0,48.14
CANARYS, 17-Aug-2026,22.4,22.4,21.15,21.2,22.25,88000,19.03,22,48000.0,54.55
CANBK, 17-Aug-2026,131.01,132.02,129.1,131.1,131.25,11137827,14517.31,51151,4792875.0,43.03
CANFINHOME, 17-Aug-2026,824.95,824.95,807.0,814.35,820.8,146934,1195.32,13051,84355.0,57.41
CANHLIFE, 17-Aug-2026,147.57,149.99,146.02,148.9,148.71,197635,293.57,5431,99991.0,50.59
CANTABIL, 17-Aug-2026,237.35,241.55,233.67,236.3,237.78,135150,320.27,5072,77638.0,57.45
CAPACITE, 17-Aug-2026,214.53,214.53,211.2,211.89,214.53,128291,272.93,2404,82910.0,64.63
CAPILLARY, 17-Aug-2026,540.0,543.15,522.0,525.55,538.05,140205,745.78,7102,69639.0,49.67
CAPINVIT, 17-Aug-2026,77.04,77.5,76.56,76.95,76.81,427944,330.06,2474,380762.0,88.97
CAPITALSFB, 17-Aug-2026,286.0,287.4,280.05,281.55,285.7,13682,38.7,530,9718.0,71.03
CAPLIPOINT, 17-Aug-2026,2482.9,2530.1,2441.4,2522.0,2480.5,99795,2476.17,16284,42439.0,42.53
CARBORUNIV, 17-Aug-2026,1154.7,1154.7,1116.8,1122.7,1151.6,140768,1590.51,7827,77909.0,55.35
CARERATING, 17-Aug-2026,1721.0,1752.0,1687.5,1707.0,1717.4,88077,1521.11,14257,48240.0,54.77
CARRARO, 17-Aug-2026,514.65,517.5,507.0,513.45,514.65,63980,327.39,5577,32077.0,50.14
CARTRADE, 17-Aug-2026,2792.0,2802.5,2772.4,2796.9,2797.8,92340,2575.8,13627,43350.0,46.95
CARYSIL, 17-Aug-2026,1185.0,1185.0,1135.5,1155.8,1179.8,116480,1340.8,7039,64129.0,55.06
CASHIETF, 17-Aug-2026,1075.59,1075.61,1075.59,1075.6,1075.49,105742,1137.37,263,82951.0,78.45
CASTROLIND, 17-Aug-2026,186.95,187.82,186.48,187.55,186.82,1353498,2535.63,19532,923235.0,68.21
CCAVENUE, 17-Aug-2026,15.49,15.55,15.09,15.21,15.43,7541695,1148.07,11299,3737961.0,49.56
CCCL, 17-Aug-2026,16.1,16.1,15.52,15.59,16.0,95485,14.97,433,72961.0,76.41
CCHHL, 17-Aug-2026,12.11,13.09,12.11,12.55,12.23,12110,1.52,129,8918.0,73.64
CCL, 17-Aug-2026,1144.4,1144.4,1127.0,1130.4,1133.4,79020,894.95,7918,45528.0,57.62
CDSL, 17-Aug-2026,1344.0,1359.8,1323.3,1356.8,1344.4,1012698,13604.48,36022,341044.0,33.68
CEATLTD, 17-Aug-2026,3700.0,3704.7,3600.0,3608.5,3688.8,63148,2290.73,11511,25079.0,39.71
CEDAAR, 17-Aug-2026,14.6,15.25,14.6,15.25,15.35,4000,0.59,4,3000.0,75.0
CEIGALL, 17-Aug-2026,320.0,321.2,314.0,315.95,318.4,167566,530.22,3245,114731.0,68.47
CEINSYS, 17-Aug-2026,840.0,840.05,771.25,782.65,817.7,79379,634.86,6715,40994.0,51.64
CELEBRITY, 17-Aug-2026,6.77,7.0,6.37,6.8,6.77,44768,2.99,203,29364.0,65.59
CELLECOR, 17-Aug-2026,31.0,34.0,31.0,31.5,31.1,192000,62.16,61,123000.0,64.06
CELLO, 17-Aug-2026,379.5,379.5,368.85,369.6,377.6,392437,1461.07,15967,227121.0,57.87
CELLPOINT, 17-Aug-2026,17.35,17.35,17.05,17.05,16.7,3600,0.62,2,3600.0,100.0
CEMNTGROWW, 17-Aug-2026,15.07,15.29,14.79,15.09,15.0,91597,13.77,560,48494.0,52.94
CEMPRO, 17-Aug-2026,1325.0,1363.7,1311.0,1321.8,1298.8,1001076,13542.62,21988,583195.0,58.26
CENTENKA, 17-Aug-2026,569.95,576.0,562.7,572.6,569.15,66459,377.57,2699,41897.0,63.04
CENTEXT, 17-Aug-2026,22.0,22.26,21.1,21.93,21.29,1011803,221.83,2166,360078.0,35.59
CENTRALBK, 17-Aug-2026,31.4,31.43,31.13,31.27,31.4,4455650,1390.59,10922,2575045.0,57.79
CENTRUM, 17-Aug-2026,25.97,25.97,23.88,24.3,25.77,611716,149.28,2419,328169.0,53.65
CENTUM, 17-Aug-2026,3468.9,3544.8,3342.6,3362.6,3538.5,187350,6390.87,36087,91925.0,49.07
CENTURYPLY, 17-Aug-2026,761.95,761.95,748.0,750.7,756.55,35006,263.14,4680,20427.0,58.35
CERA, 17-Aug-2026,5872.0,5872.0,5760.0,5787.0,5872.0,5690,329.9,1884,2980.0,52.37
CESC, 17-Aug-2026,168.99,170.6,168.3,170.22,167.83,2197565,3726.86,25976,1185348.0,53.94
CEWATER, 17-Aug-2026,264.65,282.35,261.3,275.0,264.65,402832,1112.54,14916,224514.0,55.73
CFEL, 17-Aug-2026,31.9,31.9,30.0,30.16,31.5,3614,1.1,78,3144.0,87.0
CGCL, 17-Aug-2026,226.5,228.5,222.22,226.24,226.52,2365833,5330.31,45385,849439.0,35.9
CGPOWER, 17-Aug-2026,893.2,899.4,887.0,898.8,890.15,2066513,18497.36,38981,905457.0,43.82
CGRAPHICS, 17-Aug-2026,146.0,146.0,144.0,144.0,147.0,16000,23.17,15,16000.0,100.0
CGVAK, 17-Aug-2026,160.0,160.0,127.0,152.0,148.45,534,0.81,29,501.0,93.82
CHALET, 17-Aug-2026,825.05,848.0,817.4,844.7,825.1,91599,769.37,11887,41239.0,45.02
CHAMBLFERT, 17-Aug-2026,446.95,446.95,437.0,439.05,442.7,369715,1625.04,22242,227169.0,61.44
CHAMUNDA, 17-Aug-2026,41.5,41.5,41.25,41.25,41.0,6000,2.48,2,6000.0,100.0
CHANDAN, 17-Aug-2026,254.7,254.7,244.0,245.8,248.0,67200,167.79,66,57600.0,85.71
CHAVDA, 17-Aug-2026,135.6,136.9,135.0,135.05,135.6,51000,69.13,45,34000.0,66.67
CHEMBOND, 17-Aug-2026,175.4,187.0,167.52,172.41,178.85,3241,5.71,124,2618.0,80.78
CHEMCRUX, 17-Aug-2026,86.87,88.5,85.55,86.63,86.87,1150,0.99,53,1037.0,90.17
CHEMFAB, 17-Aug-2026,379.9,381.9,360.05,366.95,375.8,4468,16.5,239,3438.0,76.95
CHEMICAL, 17-Aug-2026,31.02,31.43,30.72,30.81,30.8,439913,135.83,1061,251305.0,57.13
CHEMPLASTS, 17-Aug-2026,185.0,185.58,180.92,181.73,184.1,93454,170.24,2281,47991.0,51.35
CHENNPETRO, 17-Aug-2026,1332.1,1397.3,1309.1,1382.4,1321.9,2149658,29336.0,72020,579685.0,26.97
CHETANA, 17-Aug-2026,45.0,45.0,43.0,43.5,47.5,19200,8.39,10,17600.0,91.67
CHEVIOT, 17-Aug-2026,1163.6,1167.0,1151.0,1161.5,1159.0,1287,14.95,153,769.0,59.75
CHOICEGOLD, 17-Aug-2026,150.04,152.98,150.04,152.08,150.04,4292,6.51,117,2081.0,48.49
CHOICEIN, 17-Aug-2026,804.95,808.8,800.95,803.8,804.35,231474,1862.12,4584,78875.0,34.08
CHOLAFIN, 17-Aug-2026,1888.0,1895.0,1870.1,1884.7,1894.4,790573,14909.04,49539,570083.0,72.11
CHOLAHLDNG, 17-Aug-2026,1610.0,1610.0,1540.7,1576.4,1597.2,141204,2211.87,18066,50725.0,35.92
CIEINDIA, 17-Aug-2026,408.2,412.4,405.8,411.3,407.75,170049,696.07,11090,96462.0,56.73
CIFL, 17-Aug-2026,21.23,21.27,20.8,20.94,21.17,24178,5.09,163,19444.0,80.42
CINELINE, 17-Aug-2026,89.79,89.99,88.03,88.49,89.79,13654,12.12,182,10901.0,79.84
CINEVISTA, 17-Aug-2026,14.76,15.38,14.76,14.8,14.72,13348,1.98,84,11231.0,84.14
CIPLA, 17-Aug-2026,1445.4,1449.0,1423.7,1431.5,1450.0,756514,10818.19,34285,460835.0,60.92
CITIUSINVT, 17-Aug-2026,112.5,114.37,112.0,113.88,111.3,101986,115.64,1568,78758.0,77.22
CKKRETAIL, 17-Aug-2026,145.05,145.05,145.0,145.0,146.5,1600,2.32,2,1600.0,100.0
CLASSICEIL, 17-Aug-2026,47.8,48.05,47.45,47.45,47.3,6400,3.06,4,6400.0,100.0
CLAYCRAFT, 17-Aug-2026,163.5,163.5,157.1,158.9,161.6,19200,30.67,31,14400.0,75.0
CLEAN, 17-Aug-2026,829.4,844.4,821.55,840.0,821.5,445913,3728.16,28055,210138.0,47.13
CLEANMAX, 17-Aug-2026,1248.6,1257.2,1231.1,1239.9,1248.5,35718,442.82,4312,16485.0,46.15
CLSEL, 17-Aug-2026,278.25,282.35,275.95,281.6,278.45,22196,62.04,630,12619.0,56.85
CLSL, 17-Aug-2026,73.2,75.0,73.15,73.15,77.0,16000,11.78,8,14000.0,87.5
CMLL, 17-Aug-2026,526.85,534.5,511.4,515.35,526.85,525520,2741.65,11446,166639.0,31.71
CMNL, 17-Aug-2026,104.5,108.9,104.5,105.05,107.0,6000,6.34,8,4500.0,75.0
CMPDI, 17-Aug-2026,237.2,241.06,230.61,235.18,237.25,1439656,3380.4,20383,656508.0,45.6
CMRGREEN, 17-Aug-2026,213.99,220.01,212.8,214.92,213.57,784859,1699.2,11697,403983.0,51.47
CMSINFO, 17-Aug-2026,263.55,264.85,252.3,254.35,263.45,1223705,3131.88,21680,707790.0,57.84
CNL, 17-Aug-2026,1257.0,1260.0,1230.25,1252.1,1243.0,36782,459.73,3712,16355.0,44.46
COALINDIA, 17-Aug-2026,407.1,408.45,405.3,408.45,407.1,4866733,19814.94,99482,3489944.0,71.71
COASTCORP, 17-Aug-2026,43.5,43.5,41.22,41.75,41.82,79597,33.3,995,46539.0,58.47
COCHINSHIP, 17-Aug-2026,1450.0,1494.7,1435.0,1457.8,1496.5,1954085,28712.83,56387,493825.0,25.27
COCKERILL, 17-Aug-2026,8500.0,8589.5,8351.5,8419.0,8578.5,11341,956.4,3371,5048.0,44.51
COFORGE, 17-Aug-2026,1811.5,1821.0,1799.6,1806.0,1812.0,1054940,19064.5,37973,614024.0,58.2
COHANCE, 17-Aug-2026,439.1,459.8,437.8,444.75,440.65,1708901,7662.42,56791,506502.0,29.64
COLPAL, 17-Aug-2026,1981.0,1981.0,1962.0,1964.0,1981.0,126002,2479.81,13464,51498.0,40.87
COMFINTE, 17-Aug-2026,6.54,6.75,6.5,6.53,6.63,232484,15.25,503,136882.0,58.88
COMMITTED, 17-Aug-2026,335.0,347.8,335.0,347.8,348.0,2400,8.14,3,2400.0,100.0
COMMOIETF, 17-Aug-2026,100.06,101.66,99.43,100.24,100.06,206834,206.95,1172,191071.0,92.38
COMPEAU, 17-Aug-2026,314.3,414.0,314.3,351.1,353.0,574,2.13,28,478.0,83.28
COMPUSOFT, 17-Aug-2026,13.15,13.35,13.09,13.29,13.09,13798,1.83,72,12832.0,93.0
COMSYN, 17-Aug-2026,292.4,298.0,275.37,281.69,288.33,443529,1257.55,5901,250589.0,56.5
CONCOR, 17-Aug-2026,530.0,530.0,518.3,524.5,527.0,583809,3055.56,11413,235176.0,40.28
CONCORDBIO, 17-Aug-2026,1451.4,1535.9,1437.2,1515.0,1451.3,599262,9040.35,47031,219965.0,36.71
CONFIPET, 17-Aug-2026,72.39,73.39,71.41,72.55,71.99,1010011,728.8,6250,454258.0,44.98
CONNPLEX, 17-Aug-2026,206.0,212.0,201.7,209.0,205.75,28000,57.83,31,26400.0,94.29
CONS, 17-Aug-2026,12.61,12.61,12.45,12.51,12.55,25106,3.14,165,20828.0,82.96
CONSUMAXIS, 17-Aug-2026,126.06,126.06,124.55,124.73,125.44,358,0.45,38,168.0,46.93
CONSUMBEES, 17-Aug-2026,138.23,138.23,134.82,135.23,135.52,69878,94.48,1190,37251.0,53.31
CONSUMER, 17-Aug-2026,12.29,12.33,12.2,12.28,12.29,938901,115.34,537,817698.0,87.09
CONSUMIETF, 17-Aug-2026,126.0,126.15,124.97,125.44,126.0,5333,6.7,173,3532.0,66.23
CONTROLPR, 17-Aug-2026,579.85,581.95,565.6,569.7,584.65,17752,101.53,2275,10078.0,56.77
COOLCAPS, 17-Aug-2026,19.15,20.0,19.0,19.75,20.0,58750,11.43,39,51250.0,87.23
CORALFINAC, 17-Aug-2026,32.9,35.1,32.5,34.28,33.06,355653,119.06,1671,65625.0,18.45
CORDELIA, 17-Aug-2026,838.1,857.8,809.4,823.2,837.85,1823530,15055.04,18298,1278191.0,70.09
COROMANDEL, 17-Aug-2026,2090.0,2112.5,2082.8,2097.9,2095.3,105597,2215.43,12673,62688.0,59.37
CORONA, 17-Aug-2026,2147.7,2147.7,2108.0,2113.1,2137.1,9654,204.84,1414,5234.0,54.22
COSMOFIRST, 17-Aug-2026,952.0,971.35,936.0,964.85,938.35,208360,1996.62,9169,99577.0,47.79
CPCAP, 17-Aug-2026,126.1,132.54,125.9,130.32,126.57,34923,45.37,697,14422.0,41.3
CPEDU, 17-Aug-2026,205.0,209.5,201.52,208.11,204.84,6651,13.54,310,5304.0,79.75
CPL, 17-Aug-2026,68.21,69.63,68.01,68.46,68.36,117404,80.57,1027,15329.0,13.06
CPPLUS, 17-Aug-2026,3351.1,3424.4,3343.1,3343.1,3519.0,640466,21484.05,29704,312060.0,48.72
CPSEETF, 17-Aug-2026,93.85,94.39,93.51,93.76,93.85,1296788,1214.87,9073,962513.0,74.22
CRAFTSMAN, 17-Aug-2026,10251.0,10625.0,10251.0,10480.0,10251.0,51661,5403.47,13629,27144.0,52.54
CRAMC, 17-Aug-2026,255.05,256.45,251.2,253.95,256.2,359637,910.84,13385,206780.0,57.5
CRAVATEX, 17-Aug-2026,340.0,350.0,340.0,350.0,348.0,76,0.27,3,76.0,100.0
CRAYONS, 17-Aug-2026,26.0,26.0,25.65,25.65,27.0,3000,0.77,3,3000.0,100.0
CREATIVEYE, 17-Aug-2026,6.0,6.78,6.0,6.21,6.2,5903,0.37,68,3451.0,58.46
CREDITACC, 17-Aug-2026,1560.0,1560.0,1526.4,1538.6,1549.4,51681,795.23,8252,22402.0,43.35
CREST, 17-Aug-2026,351.2,357.7,351.2,355.3,360.8,1535,5.46,160,1083.0,70.55
CRISIL, 17-Aug-2026,4475.9,4500.0,4420.0,4488.3,4475.9,24863,1108.38,4732,12776.0,51.39
CRIZAC, 17-Aug-2026,180.95,180.95,175.3,176.19,179.32,168792,299.0,4193,96121.0,56.95
CROMPTON, 17-Aug-2026,248.05,249.4,245.1,246.5,248.3,848001,2089.07,12362,353594.0,41.7
CROWN, 17-Aug-2026,106.75,109.47,105.3,107.04,107.94,5505,5.91,132,3758.0,68.27
CRSL, 17-Aug-2026,2.14,2.18,1.72,2.11,2.14,298436,6.23,428,236547.0,79.26
CSBBANK, 17-Aug-2026,320.55,320.95,318.05,319.95,319.8,159757,510.61,6911,91800.0,57.46
CSLFINANCE, 17-Aug-2026,220.01,222.94,217.0,219.55,219.0,46685,103.2,541,41464.0,88.82
CSM, 17-Aug-2026,98.71,101.09,96.0,100.37,100.71,144197,143.24,2171,72363.0,50.18
CSSL, 17-Aug-2026,101.0,101.0,100.0,100.0,99.5,2000,2.01,2,1000.0,50.0
CTE, 17-Aug-2026,40.77,40.77,40.77,40.77,38.83,11642,4.75,56,11642.0,100.0
CUB, 17-Aug-2026,208.0,216.4,204.81,215.2,208.64,3296615,6997.33,76214,1779467.0,53.98
CUBEINVIT, 17-Aug-2026,159.5,162.0,159.24,160.99,159.19,464549,746.37,4351,401736.0,86.48
CUBEXTUB, 17-Aug-2026,86.24,86.24,82.02,83.22,82.6,61957,51.39,1958,31833.0,51.38
CUDML, 17-Aug-2026,107.0,110.0,106.4,107.7,112.0,19000,20.45,19,18000.0,94.74
CUMMINSIND, 17-Aug-2026,5359.5,5475.0,5338.5,5450.0,5400.0,481671,26177.9,38874,287353.0,59.66
CUPID, 17-Aug-2026,294.51,295.35,235.11,267.32,293.88,59146915,160027.67,513343,16034847.0,27.11
CURAA, 17-Aug-2026,72.05,73.0,71.0,71.0,71.35,203,0.14,18,150.0,73.89
CURIS, 17-Aug-2026,109.75,112.0,109.75,111.5,102.0,6000,6.63,6,6000.0,100.0
CYBERMEDIA, 17-Aug-2026,17.05,17.05,16.55,16.62,16.49,14322,2.4,60,12042.0,84.08
CYIENT, 17-Aug-2026,865.0,870.0,847.0,868.0,867.05,237665,2036.83,15360,109312.0,45.99
CYIENTDLM, 17-Aug-2026,693.05,743.0,692.0,737.45,696.65,593434,4307.52,26021,287514.0,48.45
DABUR, 17-Aug-2026,405.65,408.0,402.45,406.8,405.25,1337661,5428.43,22379,692069.0,51.74
DAICHI, 17-Aug-2026,337.95,340.0,321.0,329.9,336.25,14613,48.13,171,9239.0,63.22
DALBHARAT, 17-Aug-2026,1856.4,1856.6,1832.1,1844.0,1842.0,139548,2580.41,11514,74565.0,53.43
DALMIASUG, 17-Aug-2026,426.0,464.4,426.0,459.6,422.4,1569227,7072.25,35312,491685.0,31.33
DAMCAPITAL, 17-Aug-2026,145.3,148.0,142.79,146.39,145.32,247506,359.36,4495,113757.0,45.96
DANGEE, 17-Aug-2026,3.05,3.05,2.91,2.94,2.95,22639,0.67,93,18671.0,82.47
DANISH, 17-Aug-2026,756.7,807.9,756.7,788.8,763.15,25950,204.58,148,20550.0,79.19
DATAMATICS, 17-Aug-2026,870.0,873.2,850.1,852.35,866.25,57515,492.73,4397,34165.0,59.4
DATAPATTNS, 17-Aug-2026,4469.0,4560.0,4460.6,4528.7,4455.8,382048,17244.37,40910,96061.0,25.14
DAVANGERE, 17-Aug-2026,3.03,3.22,2.99,3.2,3.01,6237912,194.12,4859,3903266.0,62.57
DBCORP, 17-Aug-2026,210.61,213.3,210.61,212.13,211.48,32905,69.81,1495,26315.0,79.97
DBL, 17-Aug-2026,412.35,425.0,410.0,419.6,412.35,165982,691.79,6799,61240.0,36.9
DBOL, 17-Aug-2026,120.0,124.5,118.8,121.08,119.8,417023,504.09,3913,229710.0,55.08
DBREALTY, 17-Aug-2026,109.0,111.51,106.32,108.51,111.91,836717,904.54,4764,573047.0,68.49
DCAL, 17-Aug-2026,176.6,178.4,168.42,175.83,190.66,2570009,4469.49,26854,1171713.0,45.59
DCBBANK, 17-Aug-2026,182.05,184.39,180.99,184.09,182.04,549685,1006.57,12083,320854.0,58.37
DCG, 17-Aug-2026,53.0,53.9,53.0,53.05,54.95,9600,5.11,7,7200.0,75.0
DCI, 17-Aug-2026,360.0,396.55,339.55,382.35,365.1,108521,407.88,3241,63117.0,58.16
DCMFINSERV, 17-Aug-2026,5.31,5.83,5.31,5.55,5.31,8717,0.48,265,5810.0,66.65
DCMNVL, 17-Aug-2026,181.0,181.0,171.15,173.83,179.27,15555,27.25,172,12958.0,83.3
DCMSHRIRAM, 17-Aug-2026,1024.7,1025.2,1015.0,1018.4,1024.7,101993,1039.91,14438,64328.0,63.07
DCMSIL, 17-Aug-2026,81.85,82.0,74.13,74.26,82.36,202685,154.31,1789,120332.0,59.37
DCMSRIND, 17-Aug-2026,42.78,47.0,42.47,45.73,42.24,744844,332.08,5276,420927.0,56.51
DCW, 17-Aug-2026,44.11,44.76,43.91,44.26,44.05,672625,298.4,3189,331186.0,49.24
DCXINDIA, 17-Aug-2026,176.19,177.98,172.77,173.32,176.19,291573,508.43,5271,141685.0,48.59
DDEVPLSTIK, 17-Aug-2026,277.0,285.0,268.0,269.3,276.95,180357,490.27,4234,102571.0,56.87
DECCANCE, 17-Aug-2026,547.9,556.0,543.15,544.0,545.35,5951,32.72,296,3669.0,61.65
DECCANTRAN, 17-Aug-2026,22.0,23.0,22.0,23.0,22.0,2400,0.54,2,2400.0,100.0
DECNGOLD, 17-Aug-2026,225.6,243.8,220.66,239.9,225.46,3781447,8854.02,31038,1609451.0,42.56
DEEDEV, 17-Aug-2026,631.0,663.5,625.2,650.55,631.95,412779,2703.44,8135,223122.0,54.05
DEEM, 17-Aug-2026,40.7,40.7,40.7,40.7,42.8,1000,0.41,1,1000.0,100.0
DEEP, 17-Aug-2026,35.44,36.05,35.44,36.01,35.44,42923,15.45,29,42923.0,100.0
DEEPAKFERT, 17-Aug-2026,1502.0,1528.5,1489.0,1502.7,1496.4,231896,3489.07,16490,87239.0,37.62
DEEPAKNTR, 17-Aug-2026,1728.6,1787.5,1723.3,1780.5,1723.2,476775,8409.52,33254,247021.0,51.81
DEEPINDS, 17-Aug-2026,672.05,688.25,664.0,680.7,668.7,280305,1908.05,10439,127659.0,45.54
DEFENCE, 17-Aug-2026,83.41,84.11,82.45,82.69,82.46,301415,249.34,920,247831.0,82.22
DELAPLEX, 17-Aug-2026,90.0,90.5,88.9,90.0,90.0,4200,3.76,7,4200.0,100.0
DELHIVERY, 17-Aug-2026,458.7,459.55,453.2,456.0,459.7,1432534,6538.02,19017,709304.0,49.51
DELTACORP, 17-Aug-2026,60.55,60.88,60.0,60.18,60.54,513280,309.51,3489,223108.0,43.47
DELTAMAGNT, 17-Aug-2026,58.5,59.79,56.27,59.08,58.5,2685,1.55,54,1492.0,55.57
DELTIC, 17-Aug-2026,34.5,34.5,33.1,34.5,34.5,20000,6.76,15,16000.0,80.0
DEN, 17-Aug-2026,27.7,28.2,27.35,27.78,27.51,294157,81.55,1311,173716.0,59.06
DENEERS, 17-Aug-2026,175.0,182.95,170.0,180.5,172.0,21000,37.1,28,15600.0,74.29
DENORA, 17-Aug-2026,842.45,846.0,828.7,830.55,839.8,2043,17.08,309,1683.0,82.38
DENTA, 17-Aug-2026,296.85,298.8,281.8,287.05,295.75,279850,805.82,8254,144313.0,51.57
DENTALKART, 17-Aug-2026,416.95,420.0,401.1,409.9,407.0,15500,63.02,59,11500.0,74.19
DEVIT, 17-Aug-2026,25.9,27.0,25.8,26.02,26.09,15664,4.09,263,13191.0,84.21
DEVX, 17-Aug-2026,33.44,34.4,32.75,32.88,32.85,44178,14.69,614,24625.0,55.74
DEVYANI, 17-Aug-2026,144.0,145.0,141.62,143.65,143.76,3104617,4459.1,39707,978371.0,31.51
DGCONTENT, 17-Aug-2026,24.61,25.5,24.11,24.33,24.57,14001,3.41,92,11925.0,85.17
DHABRIYA, 17-Aug-2026,554.8,554.8,485.0,504.35,502.3,15994,81.62,407,12211.0,76.35
DHAMPURSUG, 17-Aug-2026,161.74,175.12,161.65,170.87,160.93,1381925,2316.43,22241,616525.0,44.61
DHANBANK, 17-Aug-2026,32.11,32.84,31.86,32.39,32.34,964434,311.69,4528,436319.0,45.24
DHANLAXMI, 17-Aug-2026,24.4,24.4,24.4,24.4,25.5,2000,0.49,1,2000.0,100.0
DHANSA, 17-Aug-2026,21.0,21.0,20.85,20.85,20.1,6000,1.26,3,6000.0,100.0
DHANUKA, 17-Aug-2026,1001.2,1011.9,995.0,997.0,1009.7,15766,157.75,1913,10472.0,66.42
DHARARAIL, 17-Aug-2026,141.4,142.55,139.05,139.05,141.3,14000,19.82,10,14000.0,100.0
DHARIWAL, 17-Aug-2026,17.35,19.15,17.35,19.1,18.25,516000,95.16,120,333000.0,64.53
DHARMAJ, 17-Aug-2026,270.15,271.5,266.4,269.25,270.15,21305,57.52,1154,13546.0,63.58
DHATRE, 17-Aug-2026,3.67,4.39,3.67,4.26,3.66,95719,4.0,180,61782.0,64.55
DHOOTTRANS, 17-Aug-2026,1200.0,1205.0,1131.0,1187.05,871.0,30420204,358640.18,1112044,18973962.0,62.37
DHRUV, 17-Aug-2026,23.1,25.16,23.1,25.14,23.97,15017,3.72,196,12510.0,83.31
DHTL, 17-Aug-2026,32.1,32.1,31.55,31.55,33.15,3200,1.01,2,3200.0,100.0
DHUNINV, 17-Aug-2026,1063.5,1072.0,992.05,1014.65,1063.5,2914,29.65,286,2057.0,70.59
DIAMINESQ, 17-Aug-2026,247.0,247.0,229.5,235.85,242.06,13096,30.82,608,8721.0,66.59
DIAMONDYD, 17-Aug-2026,1191.4,1199.9,1161.2,1190.4,1191.4,14506,171.69,2087,6664.0,45.94
DICIND, 17-Aug-2026,569.0,630.95,564.1,591.95,569.25,59253,354.18,1354,37308.0,62.96
DIFFNKG, 17-Aug-2026,393.0,405.4,387.55,398.4,391.95,104646,415.79,4561,36237.0,34.63
DIGIDRIVE, 17-Aug-2026,17.07,18.0,17.05,17.52,17.3,22871,3.98,210,19653.0,85.93
DIGIKORE, 17-Aug-2026,40.0,40.0,36.5,37.15,41.8,82800,31.22,158,64800.0,78.26
DIGISPICE, 17-Aug-2026,17.0,17.3,16.5,16.62,17.06,102239,17.12,316,75929.0,74.27
DIGITIDE, 17-Aug-2026,99.7,99.7,95.99,96.49,100.09,385489,375.4,4993,201045.0,52.15
DIGJAMLMTD, 17-Aug-2026,54.99,54.99,49.14,50.52,50.38,6685,3.45,96,4868.0,72.82
DISAQ, 17-Aug-2026,11669.0,11799.0,11611.0,11641.0,11661.0,305,35.57,265,44.0,14.43
DISHTV, 17-Aug-2026,2.85,2.85,2.79,2.81,2.82,483284,13.57,2736,412348.0,85.32
DIVGIITTS, 17-Aug-2026,1315.0,1315.0,1262.0,1284.45,1301.05,352331,4510.21,20639,169640.0,48.15
DIVIDEND, 17-Aug-2026,35.97,35.97,35.75,35.91,35.97,4570,1.64,81,4003.0,87.59
DIVINEHIRA, 17-Aug-2026,113.0,113.0,108.0,110.9,110.0,43200,47.27,19,36000.0,83.33
DIVISLAB, 17-Aug-2026,8532.0,8550.0,8463.5,8481.5,8477.0,252029,21433.03,29363,170531.0,67.66
DIVOPPBEES, 17-Aug-2026,78.42,79.2,78.2,78.5,78.97,45472,35.67,1043,22833.0,50.21
DIVYADHAN, 17-Aug-2026,45.6,46.5,45.6,46.4,48.0,26000,12.07,6,24000.0,92.31
DIXON, 17-Aug-2026,14190.0,14287.0,14025.0,14025.0,14130.0,183631,25987.17,30454,74693.0,40.68
DJML, 17-Aug-2026,114.0,114.0,104.25,107.44,106.78,231759,248.45,2568,41538.0,17.92
DKEGL, 17-Aug-2026,63.55,70.2,63.55,66.0,63.55,12000,8.04,8,9000.0,75.0
DLF, 17-Aug-2026,666.7,674.9,659.5,671.0,665.0,3046267,20378.57,37041,1017370.0,33.4
DLINKINDIA, 17-Aug-2026,422.4,422.45,413.45,418.7,420.45,86889,362.01,4181,45609.0,52.49
DMART, 17-Aug-2026,4050.0,4050.0,3995.0,3995.0,4060.0,263000,10575.72,20866,142456.0,54.17
DMCC, 17-Aug-2026,297.5,301.7,290.1,293.65,294.15,51902,153.8,1794,30130.0,58.05
DNAMEDIA, 17-Aug-2026,2.83,2.83,2.28,2.69,2.62,91644,2.32,236,50939.0,55.58
DODLA, 17-Aug-2026,1117.1,1118.9,1085.5,1099.5,1109.4,27786,304.32,6970,16174.0,58.21
DOLATALGO, 17-Aug-2026,69.39,73.5,69.36,71.18,69.4,273503,195.39,3212,160760.0,58.78
DOLLAR, 17-Aug-2026,272.2,272.45,265.3,268.35,273.5,113675,305.27,2297,70007.0,61.59
DOLLEX, 17-Aug-2026,32.65,32.65,31.45,32.05,32.15,112000,35.44,11,100000.0,89.29
DOLPHIN, 17-Aug-2026,515.0,585.6,500.0,576.85,508.1,274715,1517.06,9313,95399.0,34.73
DOMS, 17-Aug-2026,2219.1,2224.1,2203.0,2218.1,2215.9,25863,572.37,4617,14193.0,54.88
DONEAR, 17-Aug-2026,87.45,89.4,87.28,87.64,87.28,35833,31.83,561,25557.0,71.32
DPABHUSHAN, 17-Aug-2026,1449.9,1449.9,1392.4,1403.8,1429.3,18418,259.48,1991,8758.0,47.55
DPEL, 17-Aug-2026,570.0,595.0,566.0,589.55,569.4,66000,388.42,121,46000.0,69.7
DRAGARWQ, 17-Aug-2026,5403.0,5421.0,5225.0,5294.0,5403.0,1211,64.83,266,866.0,71.51
DRCSYSTEMS, 17-Aug-2026,12.89,13.15,12.61,13.07,12.79,33295,4.31,234,21048.0,63.22
DREAMFOLKS, 17-Aug-2026,66.72,67.25,65.2,65.85,66.71,46901,30.93,994,27071.0,57.72
DREDGECORP, 17-Aug-2026,1166.4,1181.4,1152.0,1160.5,1166.4,128461,1494.92,9046,53340.0,41.52
DRONE, 17-Aug-2026,38.45,40.8,37.4,37.6,38.45,89000,34.26,142,56000.0,62.92
DRREDDY, 17-Aug-2026,1204.4,1204.4,1178.2,1192.0,1200.0,2183094,25987.26,55728,1244464.0,57.0
DSSL, 17-Aug-2026,1156.1,1182.2,1140.0,1158.1,1196.4,58682,680.01,5131,34530.0,58.84
DTIL, 17-Aug-2026,137.89,137.89,132.41,133.13,135.52,2445,3.26,63,2354.0,96.28
DUCOL, 17-Aug-2026,101.05,103.0,101.05,103.0,101.05,2400,2.46,3,2400.0,100.0
DUCON, 17-Aug-2026,3.23,3.33,3.14,3.24,3.09,584560,19.0,705,409578.0,70.07
DUGLOBAL, 17-Aug-2026,25.0,25.0,23.5,24.0,25.0,50000,12.41,10,45000.0,90.0
DURLAX, 17-Aug-2026,67.95,67.95,62.1,64.1,67.95,148000,95.01,68,88000.0,59.46
DVL, 17-Aug-2026,271.0,277.96,262.41,265.92,266.99,17552,47.02,911,9095.0,51.82
DWARKESH, 17-Aug-2026,43.0,45.2,43.0,44.94,42.95,2817219,1252.84,12104,1196871.0,42.48
DYCL, 17-Aug-2026,453.9,469.6,446.0,465.35,450.2,713278,3297.34,20765,296267.0,41.54
DYNAMATECH, 17-Aug-2026,11145.0,11388.0,10996.0,11123.0,11188.0,16143,1798.17,5970,6078.0,37.65
DYNAMIC, 17-Aug-2026,131.5,142.0,131.4,140.45,136.0,11500,15.71,21,8500.0,73.91
DYNPRO, 17-Aug-2026,232.75,232.75,226.2,232.05,231.85,8225,18.95,516,5293.0,64.35
E2ERAIL, 17-Aug-2026,279.9,279.9,260.0,262.1,266.55,116800,313.95,124,80800.0,69.18
EASEMYTRIP, 17-Aug-2026,6.44,6.45,6.03,6.13,6.4,47959940,2933.16,19834,17079884.0,35.61
EASTWEST, 17-Aug-2026,2.41,2.52,2.32,2.45,2.46,11344,0.27,49,10314.0,90.92
EBANK10, 17-Aug-2026,16.76,16.83,16.74,16.74,16.86,2527,0.42,13,2027.0,80.21
EBANKNIFTY, 17-Aug-2026,57.84,58.31,57.7,58.11,58.22,1604,0.93,25,1549.0,96.57
EBBETF0430, 17-Aug-2026,1646.18,1646.18,1610.86,1611.52,1613.9,12201,196.73,1973,9845.0,80.69
EBBETF0431, 17-Aug-2026,1442.32,1448.39,1438.0,1443.19,1442.32,3879,56.01,100,3365.0,86.75
EBBETF0433, 17-Aug-2026,1317.5,1320.95,1312.23,1316.39,1316.79,2889,38.07,104,2272.0,78.64
EBGNG, 17-Aug-2026,565.0,597.4,561.1,593.0,565.2,584800,3417.19,19054,273748.0,46.81
EBIX, 17-Aug-2026,17.4,17.4,16.14,16.25,16.98,32196,5.26,166,24081.0,74.8
ECAPINSURE, 17-Aug-2026,23.54,23.99,23.53,23.89,23.76,71159,16.94,262,52754.0,74.14
ECLERX, 17-Aug-2026,1891.6,1891.6,1829.5,1848.9,1897.0,172306,3196.19,14420,106378.0,61.74
ECOLINE, 17-Aug-2026,185.5,187.75,182.2,184.05,186.65,6000,11.04,6,6000.0,100.0
ECORECO, 17-Aug-2026,494.9,494.9,460.0,479.0,491.3,4310,20.61,252,3572.0,82.88
EDELWEISS, 17-Aug-2026,122.02,123.44,120.05,122.67,121.98,3043957,3724.81,15110,2014475.0,66.18
EEPL, 17-Aug-2026,144.0,144.0,130.2,133.85,140.1,81000,108.81,76,52000.0,64.2
EFACTOR, 17-Aug-2026,185.0,206.85,185.0,199.35,196.5,14400,28.79,27,12800.0,88.89
EFCIL, 17-Aug-2026,180.0,180.0,173.3,174.1,179.92,339883,595.76,5024,207330.0,61.0
EFFWA, 17-Aug-2026,354.0,358.0,342.95,345.75,361.0,20000,69.21,29,20000.0,100.0
EGOLD, 17-Aug-2026,151.55,153.2,151.55,152.85,151.2,104963,160.44,516,94845.0,90.36
EICHERMOT, 17-Aug-2026,8058.0,8165.0,8050.0,8050.0,8066.5,397488,32137.52,44009,250214.0,62.95
EIDPARRY, 17-Aug-2026,775.45,794.05,774.25,792.05,775.2,329825,2603.63,19301,159760.0,48.44
EIEL, 17-Aug-2026,198.3,201.96,196.73,200.16,196.73,606823,1211.44,8957,222967.0,36.74
EIHAHOTELS, 17-Aug-2026,299.25,300.0,290.0,292.2,299.25,18210,53.52,1132,10637.0,58.41
EIHOTEL, 17-Aug-2026,301.0,301.05,295.0,296.0,300.35,184080,546.41,15430,100009.0,54.33
EIMCOELECO, 17-Aug-2026,2025.0,2214.5,2025.0,2189.1,2005.5,227225,4871.19,18223,99184.0,43.65
EKC, 17-Aug-2026,110.8,113.0,108.0,109.53,110.41,175261,192.25,2535,81220.0,46.34
EKI, 17-Aug-2026,81.0,82.0,74.6,80.84,81.35,1389,1.1,119,925.0,66.59
ELANTAS, 17-Aug-2026,11830.0,11999.0,11425.0,11705.5,11807.5,2151,254.37,1003,980.0,45.56
ELCIDIN, 17-Aug-2026,110400.0,112500.0,109550.0,110895.0,110390.0,19,21.05,18,8.0,42.11
ELDEHSG, 17-Aug-2026,759.3,775.0,751.05,765.35,759.3,989,7.58,66,529.0,53.49
ELECON, 17-Aug-2026,428.0,439.15,427.35,438.25,432.35,238681,1037.24,12464,114061.0,47.79
ELECTCAST, 17-Aug-2026,70.35,72.25,70.35,71.95,70.74,827202,588.82,7059,458765.0,55.46
ELECTHERM, 17-Aug-2026,990.0,1005.2,970.0,974.8,1003.5,15360,150.94,962,10976.0,71.46
ELGIEQUIP, 17-Aug-2026,614.0,626.55,603.2,624.2,609.5,1399590,8674.83,40678,494541.0,35.33
ELGIRUBCO, 17-Aug-2026,58.9,59.98,58.34,59.11,58.33,30528,18.09,991,11876.0,38.9
ELGNZ, 17-Aug-2026,86.05,86.65,84.5,86.5,86.05,21000,18.1,11,6000.0,28.57
ELIN, 17-Aug-2026,102.45,103.1,99.52,102.28,101.55,231476,235.71,2545,130823.0,56.52
ELIQUID, 17-Aug-2026,1043.96,1043.96,1043.94,1043.95,1043.82,2763,28.84,10,2252.0,81.51
ELITECON, 17-Aug-2026,17.44,17.98,16.61,16.73,17.17,3291805,564.89,6362,1274824.0,38.73
ELLEN, 17-Aug-2026,336.35,337.05,327.0,328.3,332.6,358932,1192.54,9773,155910.0,43.44
ELM250, 17-Aug-2026,16.95,17.35,16.77,17.16,16.91,196580,33.25,251,186567.0,94.91
ELMDIV, 17-Aug-2026,36.84,37.76,36.8,36.88,36.87,14261,5.26,34,5960.0,41.79
ELPROINTL, 17-Aug-2026,180.0,180.0,175.0,175.32,174.85,25915,45.73,372,16203.0,62.52
EMAMILTD, 17-Aug-2026,403.0,407.0,401.05,404.5,403.3,400991,1620.27,15086,220088.0,54.89
EMAMIREAL, 17-Aug-2026,76.29,76.5,74.88,74.89,75.27,4021,3.04,61,2318.0,57.65
EMBASSY, 17-Aug-2026,439.99,441.3,435.0,440.29,452.61,61565199,268157.49,29731,54475531.0,88.48
EMBDL, 17-Aug-2026,61.8,63.69,60.86,63.11,61.62,1776804,1103.34,8531,936403.0,52.7
EMCURE, 17-Aug-2026,1920.0,1936.9,1869.0,1873.9,1932.3,220968,4188.5,19719,152944.0,69.22
EMETAL, 17-Aug-2026,12.97,13.19,12.9,13.15,12.96,17157,2.24,43,14673.0,85.52
EMIL, 17-Aug-2026,189.44,193.99,187.5,192.42,189.44,3235362,6175.65,27266,1049670.0,32.44
EMKAY, 17-Aug-2026,237.0,239.58,230.42,235.29,237.11,17636,41.61,787,7953.0,45.1
EMKAYTOOLS, 17-Aug-2026,87.2,92.0,87.2,92.0,92.95,600,0.54,4,300.0,50.0
EMMIL, 17-Aug-2026,129.0,129.0,127.65,127.65,125.0,750,0.96,3,500.0,66.67
EMMVEE, 17-Aug-2026,320.95,326.65,319.0,320.75,321.5,1588227,5121.57,38265,715368.0,45.04
EMPIND, 17-Aug-2026,1065.6,1103.5,1065.6,1102.5,1084.0,226,2.44,15,186.0,82.3
EMPOWER, 17-Aug-2026,2.05,2.17,2.02,2.16,2.09,5237609,110.39,2535,3520932.0,67.22
EMSLIMITED, 17-Aug-2026,362.75,377.5,358.05,369.1,362.7,472156,1741.78,15794,99782.0,21.13
EMUDHRA, 17-Aug-2026,518.8,523.7,511.0,518.75,518.8,66523,345.19,3460,35717.0,53.69
EMULTIMQ, 17-Aug-2026,43.14,43.14,41.9,42.24,42.29,11059,4.67,160,8912.0,80.59
ENCOMPAS, 17-Aug-2026,238.0,246.2,230.0,245.6,235.9,185600,431.04,52,181200.0,97.63
ENDURANCE, 17-Aug-2026,2900.4,3040.0,2897.5,2978.2,2899.0,292019,8759.19,41697,121273.0,41.53
ENERGY, 17-Aug-2026,39.17,39.17,38.7,38.95,38.78,163596,63.55,912,108151.0,66.11
ENERGYDEV, 17-Aug-2026,16.94,17.1,16.31,16.51,16.85,24679,4.1,331,20088.0,81.4
ENEXT50, 17-Aug-2026,75.0,75.0,74.12,74.37,73.92,675,0.5,18,377.0,55.85
ENFUSE, 17-Aug-2026,161.0,161.0,159.7,159.7,165.05,3600,5.77,5,3600.0,100.0
ENGINERSIN, 17-Aug-2026,244.0,245.01,239.04,240.18,243.68,1268614,3055.27,15897,689104.0,54.32
ENIFTY, 17-Aug-2026,24.98,24.98,24.44,24.58,24.63,2346,0.57,57,2153.0,91.77
ENIL, 17-Aug-2026,103.0,103.0,100.8,101.02,101.01,31463,31.8,434,27872.0,88.59
ENKEIWHEL, 17-Aug-2026,393.45,410.0,380.0,400.85,395.4,1268,4.96,44,1093.0,86.2
ENRIN, 17-Aug-2026,3536.2,3614.0,3526.2,3605.7,3536.3,288294,10310.64,24010,147006.0,50.99
ENSER, 17-Aug-2026,14.5,14.55,14.25,14.35,14.3,25000,3.61,5,25000.0,100.0
ENTERO, 17-Aug-2026,1448.0,1448.0,1393.8,1401.6,1416.6,59543,843.25,6592,28769.0,48.32
ENVIRO, 17-Aug-2026,75.0,75.0,73.2,73.5,74.45,23000,16.97,19,18000.0,78.26
EPACK, 17-Aug-2026,214.0,214.99,209.1,210.7,215.47,358355,760.98,5385,202486.0,56.5
EPACKPEB, 17-Aug-2026,230.0,235.8,220.8,221.55,229.7,1116258,2512.17,14303,568625.0,50.94
EPIGRAL, 17-Aug-2026,1104.8,1118.0,1090.6,1097.1,1098.4,42312,467.83,2379,25695.0,60.73
EPL, 17-Aug-2026,245.0,250.43,242.05,242.99,244.6,1824825,4498.23,36003,999874.0,54.79
EPWINDIA, 17-Aug-2026,210.0,215.0,204.25,215.0,215.0,13200,27.55,11,10800.0,81.82
EQUAL200, 17-Aug-2026,14.12,14.12,13.97,14.05,14.05,24674,3.47,67,24295.0,98.46
EQUAL50, 17-Aug-2026,336.64,336.93,334.97,336.8,337.0,4452,14.96,31,2803.0,62.96
EQUAL50ADD, 17-Aug-2026,340.48,349.81,340.48,347.99,349.22,13492,46.88,364,7304.0,54.14
EQUITASBNK, 17-Aug-2026,74.52,75.2,73.26,74.92,74.52,1376342,1025.08,15817,791975.0,57.54
ERIS, 17-Aug-2026,1365.0,1370.0,1321.1,1348.9,1358.5,68808,924.61,17319,38436.0,55.86
ESABINDIA, 17-Aug-2026,6250.0,6352.0,6200.0,6289.0,6232.0,8506,534.23,2729,3749.0,44.07
ESCONET, 17-Aug-2026,231.0,231.0,192.0,192.0,213.3,200400,418.56,383,138000.0,68.86
ESCORTS, 17-Aug-2026,3130.1,3158.5,3111.4,3133.6,3113.7,56235,1761.1,6503,32959.0,58.61
ESENSEX, 17-Aug-2026,78.42,78.66,78.22,78.66,78.75,4404,3.45,21,4367.0,99.16
ESFL, 17-Aug-2026,133.3,135.5,131.0,133.8,134.0,18720,24.8,45,16560.0,88.46
ESG, 17-Aug-2026,42.06,42.06,41.79,41.95,42.06,105549,44.28,90,102901.0,97.49
ESILVER, 17-Aug-2026,232.98,234.78,232.7,233.54,231.22,403191,941.64,1071,395106.0,97.99
ESPRIT, 17-Aug-2026,67.0,67.0,67.0,67.0,68.0,1600,1.07,1,1600.0,100.0
ESSARSHPNG, 17-Aug-2026,17.88,17.89,15.8,15.99,17.49,1260890,205.31,3872,949440.0,75.3
ESSENTIA, 17-Aug-2026,1.32,1.32,1.32,1.32,1.38,494068,6.52,545,494068.0,100.0
ESTER, 17-Aug-2026,101.0,102.8,98.5,98.96,101.02,62123,62.03,1381,39122.0,62.98
ETERNAL, 17-Aug-2026,317.6,321.9,316.2,318.0,318.5,18972081,60574.92,87742,10968817.0,57.82
ETHOSLTD, 17-Aug-2026,2750.0,2830.0,2666.0,2788.6,2747.4,12714,351.16,2889,6273.0,49.34
ETL, 17-Aug-2026,990.0,990.0,970.1,981.95,1029.0,900,8.82,6,600.0,66.67
ETML, 17-Aug-2026,87.9,87.9,82.0,82.35,83.75,14400,12.01,11,8400.0,58.33
EUREKAFORB, 17-Aug-2026,446.2,446.2,429.9,432.0,442.75,331271,1438.92,11906,232426.0,70.16
EUROBOND, 17-Aug-2026,159.1,161.2,152.5,155.0,158.44,11162,17.37,314,10043.0,89.97
EUROPRATIK, 17-Aug-2026,284.95,286.45,281.85,283.75,287.4,120496,341.78,2614,19088.0,15.84
EVEREADY, 17-Aug-2026,352.95,356.5,352.0,352.9,356.5,33971,120.1,1039,21675.0,63.8
EVIETF, 17-Aug-2026,34.25,34.29,34.04,34.17,34.12,179144,61.16,843,128310.0,71.62
EVINDIA, 17-Aug-2026,34.08,34.26,34.06,34.12,34.16,324707,110.87,2347,243355.0,74.95
EXCELINDUS, 17-Aug-2026,1013.65,1022.95,976.0,990.55,1013.65,13026,129.2,1198,8497.0,65.23
EXCELLENT, 17-Aug-2026,210.0,210.0,206.0,206.0,215.0,3200,6.66,2,3200.0,100.0
EXCELSOFT, 17-Aug-2026,73.5,74.2,72.0,73.07,73.96,547771,401.93,3601,372208.0,67.95
EXICOM, 17-Aug-2026,151.68,151.68,146.34,148.32,151.79,510831,754.82,5139,229137.0,44.86
EXIDEIND, 17-Aug-2026,475.05,480.95,471.0,475.7,476.1,3024809,14349.9,33730,1764099.0,58.32
EXPLEOSOL, 17-Aug-2026,830.0,945.9,829.7,923.05,815.95,6142838,56714.16,168996,302986.0,4.93
EXXARO, 17-Aug-2026,6.11,6.25,5.99,6.0,6.19,694636,42.22,844,503028.0,72.42
FABTECH, 17-Aug-2026,147.23,148.56,145.5,145.91,147.77,41448,60.78,799,25296.0,61.03
FACT, 17-Aug-2026,801.0,809.45,790.1,793.25,807.7,93571,745.49,7112,34622.0,37.0
FALCONTECH, 17-Aug-2026,12.3,12.45,12.3,12.45,12.35,4800,0.59,4,4800.0,100.0
FAZE3Q, 17-Aug-2026,481.05,496.5,475.05,484.45,487.35,24581,119.35,1059,13348.0,54.3
FCL, 17-Aug-2026,43.52,44.37,42.56,43.41,43.36,7487196,3264.3,18488,2859255.0,38.19
FCSSOFT, 17-Aug-2026,1.54,1.55,1.47,1.51,1.49,2551403,38.43,1433,1327453.0,52.03
FDC, 17-Aug-2026,355.5,356.0,350.0,354.3,354.2,97966,345.29,4894,54161.0,55.29
FEDDERSHOL, 17-Aug-2026,41.83,42.15,39.5,40.1,42.18,607294,246.51,3768,157286.0,25.9
FEDERALBNK, 17-Aug-2026,351.25,356.45,349.65,354.1,351.3,3616352,12788.75,46028,2099744.0,58.06
FEDFINA, 17-Aug-2026,152.54,152.54,149.04,152.0,150.87,627574,944.05,7253,334354.0,53.28
FELIX, 17-Aug-2026,190.0,191.0,181.0,182.9,190.6,114000,210.13,169,76000.0,66.67
FERMENTA, 17-Aug-2026,450.0,459.45,436.2,457.05,450.05,135940,608.18,6131,63449.0,46.67
FIBERWEB, 17-Aug-2026,28.0,28.5,26.19,26.96,29.02,103119,28.09,770,73129.0,70.92
FIEMIND, 17-Aug-2026,2338.8,2352.0,2261.5,2281.7,2350.4,110074,2543.55,14549,56234.0,51.09
FILATEX, 17-Aug-2026,81.39,82.95,79.43,82.72,81.39,1592764,1302.96,9420,756731.0,47.51
FILATFASH, 17-Aug-2026,0.19,0.19,0.18,0.18,0.18,65399216,123.21,2184,34716810.0,53.08
FINBUD, 17-Aug-2026,135.5,142.65,135.5,139.4,139.5,12000,16.69,12,7000.0,58.33
FINCABLES, 17-Aug-2026,1252.1,1327.75,1252.1,1320.85,1246.85,2336079,30490.16,89208,646755.0,27.69
FINEORG, 17-Aug-2026,5200.0,5240.0,5062.1,5110.4,5143.8,20232,1044.0,6769,8784.0,43.42
FINIETF, 17-Aug-2026,34.1,34.1,32.96,33.25,33.27,279303,92.67,1468,161810.0,57.93
FINKURVE, 17-Aug-2026,76.8,82.0,69.83,72.93,72.74,1165604,898.93,8513,219995.0,18.87
FINOPB, 17-Aug-2026,150.26,151.98,145.35,146.95,150.24,458055,673.0,6811,145957.0,31.86
FINPIPE, 17-Aug-2026,158.45,160.0,157.52,159.36,159.24,356947,566.04,22056,189492.0,53.09
FIRSTCRY, 17-Aug-2026,205.0,209.55,205.0,208.41,206.09,673520,1399.15,14165,221937.0,32.95
FISCHER, 17-Aug-2026,37.01,37.64,35.62,37.27,38.64,608248,223.91,3922,289761.0,47.64
FIVESTAR, 17-Aug-2026,549.0,549.0,532.0,537.75,550.2,333764,1794.51,15664,134478.0,40.29
FLAIR, 17-Aug-2026,255.75,259.95,251.2,255.1,253.9,477505,1222.19,5300,368434.0,77.16
FLEXIADD, 17-Aug-2026,10.54,10.54,10.25,10.3,10.33,96583,9.94,327,78734.0,81.52
FLUOROCHEM, 17-Aug-2026,4777.0,4817.9,4657.0,4707.5,4737.8,283516,13351.62,38396,160426.0,56.58
FLYSBS, 17-Aug-2026,455.0,529.7,447.95,527.0,441.45,486200,2508.19,1233,261600.0,53.81
FMCGADD, 17-Aug-2026,48.89,48.91,48.36,48.57,48.89,13691,6.65,132,6674.0,48.75
FMCGIETF, 17-Aug-2026,52.9,52.9,51.84,51.98,52.36,1528629,794.14,7601,1106265.0,72.37
FMGOETZE, 17-Aug-2026,452.9,459.4,445.65,453.95,457.25,22515,102.43,1069,10551.0,46.86
FOCE, 17-Aug-2026,565.0,565.0,565.0,565.0,560.0,6000,33.9,2,6000.0,100.0
FOODSIN, 17-Aug-2026,57.01,57.33,53.24,53.75,57.21,124132,67.37,2652,93185.0,75.07
FORCAS, 17-Aug-2026,203.0,208.0,203.0,207.5,202.85,9600,19.78,6,9600.0,100.0
FORCEMOT, 17-Aug-2026,18300.0,18740.0,18261.0,18605.0,18361.0,52072,9662.52,14998,13996.0,26.88
FORTIS, 17-Aug-2026,923.5,927.8,906.3,908.75,929.0,1263131,11561.92,39629,785768.0,62.21
FOSECOIND, 17-Aug-2026,5660.0,5699.5,5531.5,5641.0,5655.0,5255,294.94,1360,3103.0,59.05
FRACTAL, 17-Aug-2026,831.6,831.6,799.6,818.0,834.35,521695,4246.9,21893,251606.0,48.23
FREDUN, 17-Aug-2026,1540.0,1590.0,1460.0,1474.0,1547.8,14025,210.16,1005,8361.0,59.61
FRESHARA, 17-Aug-2026,370.0,370.0,340.5,341.65,355.15,12600,43.66,21,12000.0,95.24
FROG, 17-Aug-2026,215.5,215.5,211.2,211.2,215.5,20000,42.95,21,20000.0,100.0
FRONTSP, 17-Aug-2026,1354.9,1357.0,1273.0,1287.0,1330.3,31074,404.04,4008,14815.0,47.68
FSL, 17-Aug-2026,266.95,269.7,265.6,267.75,267.1,557871,1495.35,13925,171631.0,30.77
FUSION, 17-Aug-2026,199.0,199.24,193.0,195.58,198.55,486700,951.93,8255,247254.0,50.8
FWSTC, 17-Aug-2026,195.0,195.0,190.0,190.0,197.75,27000,52.5,5,26400.0,97.78
GABRIEL, 17-Aug-2026,1469.5,1469.5,1420.2,1442.5,1459.0,156673,2256.05,13018,67788.0,43.27
GAEL, 17-Aug-2026,173.35,174.15,169.6,172.75,172.81,528609,910.51,8637,246881.0,46.7
GAIL, 17-Aug-2026,173.71,173.79,171.85,172.1,174.9,4132699,7137.91,53916,2163885.0,52.36
GAJANAND, 17-Aug-2026,7.95,7.95,7.95,7.95,8.05,3000,0.24,1,3000.0,100.0
GALAPREC, 17-Aug-2026,1000.6,1027.6,999.1,1018.0,1000.6,31398,318.46,2821,15410.0,49.08
GALAXYSURF, 17-Aug-2026,2648.0,2648.0,2383.8,2403.7,2508.4,699870,17379.17,73491,159930.0,22.85
GALLANTT, 17-Aug-2026,586.45,588.45,578.4,582.95,582.05,39527,229.84,3667,21807.0,55.17
GANDHAR, 17-Aug-2026,245.26,250.98,242.71,246.69,245.57,953235,2347.4,13997,411841.0,43.2
GANDHITUBE, 17-Aug-2026,882.85,890.95,875.1,877.25,882.85,5067,44.57,528,3985.0,78.65
GANECOS, 17-Aug-2026,1057.9,1114.0,1050.1,1101.2,1060.6,90129,980.05,6607,44904.0,49.82
GANESHCP, 17-Aug-2026,161.4,165.89,161.39,163.96,160.54,262720,427.73,3391,187643.0,71.42
GANESHHOU, 17-Aug-2026,833.75,847.2,822.45,838.0,835.6,27865,232.57,2664,13280.0,47.66
GANESHIN, 17-Aug-2026,108.2,113.8,106.4,111.75,110.55,36800,40.13,41,31200.0,84.78
GANGABATH, 17-Aug-2026,22.45,22.8,21.8,22.15,22.45,12000,2.67,4,6000.0,50.0
GANGAFORGE, 17-Aug-2026,2.49,2.49,2.49,2.49,2.62,1959307,48.79,1657,1959306.0,100.0
GANGESSECU, 17-Aug-2026,118.0,121.01,118.0,120.31,118.51,5525,6.64,80,3850.0,69.68
GARFIBRES, 17-Aug-2026,755.0,758.45,739.05,748.45,755.5,37349,278.88,7447,20462.0,54.79
GARUDA, 17-Aug-2026,184.0,186.32,181.5,182.48,183.04,310179,568.39,5451,112228.0,36.18
GATEWAY, 17-Aug-2026,55.03,55.88,54.61,55.15,54.86,816238,448.95,7723,506881.0,62.1
GAYAHWS, 17-Aug-2026,1.89,1.95,1.86,1.89,1.89,203045,3.85,290,167727.0,82.61
GCHOTELS, 17-Aug-2026,93.5,97.7,93.5,97.7,93.05,36600,35.61,40,36000.0,98.36
GCSL, 17-Aug-2026,522.3,522.3,481.65,492.4,517.75,499095,2463.95,6902,174231.0,34.91
GEEKAYWIRE, 17-Aug-2026,22.61,23.73,22.61,23.26,22.6,178208,41.29,2323,55571.0,31.18
GEMAROMA, 17-Aug-2026,168.33,173.0,165.95,169.66,167.2,113895,192.5,1913,57744.0,50.7
GENCON, 17-Aug-2026,39.97,39.97,38.5,39.16,39.61,244116,96.0,903,26005.0,10.65
GENESYS, 17-Aug-2026,176.95,187.85,168.75,170.85,181.15,1291198,2239.61,20707,559719.0,43.35
GENUSPAPER, 17-Aug-2026,11.28,11.5,11.01,11.3,11.09,75719,8.49,446,59502.0,78.58
GENUSPOWER, 17-Aug-2026,310.85,325.0,301.5,318.25,309.1,3314945,10376.22,36472,1449049.0,43.71
GENXAI, 17-Aug-2026,80.0,80.95,78.65,78.65,79.0,20400,16.29,16,16800.0,82.35
GEOJITFSL, 17-Aug-2026,80.01,81.5,78.32,79.31,80.37,493700,394.3,6067,252980.0,51.24
GESHIP, 17-Aug-2026,1281.1,1299.4,1261.0,1274.9,1284.5,680888,8672.95,45735,338338.0,49.69
GFLLIMITED, 17-Aug-2026,50.92,51.8,49.01,49.49,50.79,79586,40.45,3159,31791.0,39.95
GGBL, 17-Aug-2026,232.25,238.0,229.0,233.8,232.1,16500,38.29,49,13800.0,83.64
GHCL, 17-Aug-2026,426.0,438.4,426.0,432.4,429.0,105539,457.28,3824,52216.0,49.48
GHCLTEXTIL, 17-Aug-2026,118.14,121.89,117.06,120.08,118.15,823802,984.98,6414,496401.0,60.26
GICHSGFIN, 17-Aug-2026,141.0,141.1,137.61,139.39,141.08,98404,137.08,2046,50704.0,51.53
GICL, 17-Aug-2026,23.2,23.9,23.0,23.38,23.05,294219,68.5,522,200563.0,68.17
GICRE, 17-Aug-2026,352.1,356.5,351.3,355.5,352.1,354545,1255.99,10310,213085.0,60.1
GILLANDERS, 17-Aug-2026,89.01,89.69,88.0,88.49,89.0,2333,2.07,39,2014.0,86.33
GILLETTE, 17-Aug-2026,7639.0,7639.0,7562.0,7569.5,7600.0,11013,834.43,2647,6735.0,61.15
GILT10BETA, 17-Aug-2026,27.04,27.04,26.52,26.91,27.03,55,0.01,24,50.0,90.91
GILT5BETA, 17-Aug-2026,67.62,67.62,66.43,66.43,66.87,46083,30.84,36,26576.0,57.67
GILT5YBEES, 17-Aug-2026,67.51,67.51,65.2,66.26,66.53,239395,158.62,844,150233.0,62.76
GIPCL, 17-Aug-2026,175.77,176.64,173.2,174.44,175.77,371269,646.55,3507,251395.0,67.71
GIRIRAJ, 17-Aug-2026,68.8,68.8,68.8,68.8,65.55,7000,4.82,16,7000.0,100.0
GJL, 17-Aug-2026,217.95,220.0,217.95,220.0,229.35,1600,3.5,2,1600.0,100.0
GKB, 17-Aug-2026,70.0,70.0,65.0,65.0,65.0,26,0.02,6,26.0,100.0
GKENERGY, 17-Aug-2026,127.9,128.66,123.08,124.43,127.64,422236,529.47,6340,236920.0,56.11
GKSL, 17-Aug-2026,135.0,152.99,134.81,151.36,136.43,3424803,5057.86,34264,1041890.0,30.42
GKWLIMITED, 17-Aug-2026,1584.1,1628.5,1584.0,1607.9,1609.1,587,9.45,33,523.0,89.1
GLAND, 17-Aug-2026,2986.0,2993.3,2859.7,2910.2,2970.2,372430,10893.57,46279,159558.0,42.84
GLAXO, 17-Aug-2026,2688.0,2710.0,2660.0,2702.9,2688.8,84337,2275.86,13600,59752.0,70.85
GLENMARK, 17-Aug-2026,2329.7,2337.0,2300.0,2329.0,2318.4,305189,7080.63,18119,151635.0,49.69
GLFL, 17-Aug-2026,5.8,5.8,5.5,5.64,5.6,2322,0.13,32,2322.0,100.0
GLOBAL, 17-Aug-2026,105.45,111.37,105.45,107.47,106.42,255174,276.97,3013,156246.0,61.23
GLOBALE, 17-Aug-2026,10.74,11.27,10.4,10.87,10.74,5777,0.61,28,5355.0,92.7
GLOBALPET, 17-Aug-2026,154.15,154.15,154.15,154.15,162.0,750,1.16,1,750.0,100.0
GLOBALVECT, 17-Aug-2026,150.53,152.9,147.62,149.0,150.53,8525,12.83,376,5361.0,62.89
GLOBE, 17-Aug-2026,1.99,2.03,1.99,2.0,1.99,324207,6.51,236,237246.0,73.18
GLOBECIVIL, 17-Aug-2026,44.41,45.78,44.1,44.86,44.41,54315,24.35,255,22608.0,41.62
GLOBUSSPR, 17-Aug-2026,877.1,883.0,870.55,881.75,871.05,32393,283.91,1847,19816.0,61.17
GLOSTERLTD, 17-Aug-2026,640.7,641.25,618.4,619.75,634.65,3042,19.0,246,2591.0,85.17
GMBREW, 17-Aug-2026,891.0,898.75,890.0,891.35,894.75,20757,185.12,1734,10505.0,50.61
GMDCLTD, 17-Aug-2026,579.0,585.0,570.0,574.0,580.8,986723,5707.12,24749,437607.0,44.35
GML, 17-Aug-2026,18.85,19.5,18.85,19.5,19.8,26000,4.92,13,20000.0,76.92
GMMPFAUDLR, 17-Aug-2026,1065.0,1079.4,1041.3,1056.55,1048.25,318946,3381.97,18743,179219.0,56.19
GMRAIRPORT, 17-Aug-2026,101.79,102.72,100.84,101.31,101.51,8980717,9149.56,39419,5175261.0,57.63
GMRP&UI, 17-Aug-2026,96.96,97.95,95.85,96.7,97.07,681194,659.21,8587,341093.0,50.07
GNA, 17-Aug-2026,546.85,568.0,542.0,561.55,542.7,640142,3575.53,13969,336850.0,52.62
GNFC, 17-Aug-2026,571.95,604.75,570.05,600.65,568.95,2023800,11991.34,52995,832533.0,41.14
GNRL, 17-Aug-2026,111.32,111.4,103.2,103.69,111.34,174630,185.34,7670,86500.0,49.53
GOACARBON, 17-Aug-2026,362.55,367.45,355.05,355.95,362.55,6861,24.69,553,5288.0,77.07
GOCLCORP, 17-Aug-2026,402.0,410.5,392.75,408.0,397.1,74984,303.34,3540,34866.0,46.5
GOCOLORS, 17-Aug-2026,327.5,346.5,326.8,344.05,327.5,287388,975.03,4450,125535.0,43.68
GODAVARIB, 17-Aug-2026,247.0,247.0,242.2,245.6,247.25,147087,359.58,3132,74468.0,50.63
GODFRYPHLP, 17-Aug-2026,2147.0,2148.9,2121.1,2131.0,2149.0,98713,2104.32,10271,36898.0,37.38
GODIGIT, 17-Aug-2026,259.25,259.25,252.9,254.85,259.65,456821,1171.43,19519,285961.0,62.6
GODREJAGRO, 17-Aug-2026,586.0,601.2,578.85,597.0,580.5,439383,2597.46,18178,221835.0,50.49
GODREJCP, 17-Aug-2026,934.3,937.8,925.6,928.0,934.3,971952,9054.1,29867,459093.0,47.23
GODREJIND, 17-Aug-2026,1225.8,1263.4,1199.0,1223.0,1252.5,230644,2813.2,24156,64016.0,27.76
GODREJPROP, 17-Aug-2026,1990.0,2057.0,1970.9,2054.0,1990.0,765350,15349.96,32399,400319.0,52.31
GOKEX, 17-Aug-2026,792.2,809.0,781.1,804.1,783.65,361997,2884.69,16531,168866.0,46.65
GOKUL, 17-Aug-2026,38.87,39.25,38.15,38.68,38.87,152356,58.72,911,32669.0,21.44
GOKULAGRO, 17-Aug-2026,231.0,235.1,229.39,231.66,231.65,184455,427.99,4310,76118.0,41.27
GOLD1, 17-Aug-2026,124.35,127.95,123.19,127.7,126.35,1602294,2046.08,8747,998110.0,62.29
GOLD360, 17-Aug-2026,147.45,150.1,147.45,148.9,147.4,29222,43.52,462,11094.0,37.96
GOLDADD, 17-Aug-2026,147.0,148.99,147.0,148.65,147.07,419036,622.67,5101,256040.0,61.1
GOLDAXIS, 17-Aug-2026,126.02,127.74,126.02,127.41,126.02,809576,1032.29,3501,606291.0,74.89
GOLDBEES, 17-Aug-2026,125.87,126.76,125.87,126.42,125.13,23143007,29263.28,90673,13266307.0,57.32
GOLDBETA, 17-Aug-2026,124.2,129.9,124.2,128.75,127.35,647141,832.9,3096,363807.0,56.22
GOLDBND, 17-Aug-2026,151.41,153.17,151.41,152.83,151.22,90815,138.78,334,87959.0,96.86
GOLDCASE, 17-Aug-2026,24.28,24.28,23.81,24.06,23.81,7349365,1769.34,12200,4161626.0,56.63
GOLDETF, 17-Aug-2026,148.0,148.89,148.0,148.56,147.18,1842064,2736.09,8156,1070391.0,58.11
GOLDIAM, 17-Aug-2026,371.0,378.0,366.1,374.4,365.65,1336547,4996.91,20843,562073.0,42.05
GOLDIETF, 17-Aug-2026,127.0,132.0,126.36,131.02,129.6,4574995,5995.87,40837,2846268.0,62.21
GOLDKART, 17-Aug-2026,90.25,90.25,90.25,90.25,95.0,2500,2.26,3,2500.0,100.0
GOLDSTAR, 17-Aug-2026,8.05,8.05,8.05,8.05,7.7,112500,9.06,10,112500.0,100.0
GOODLUCK, 17-Aug-2026,1335.0,1340.7,1305.1,1311.1,1324.7,137326,1803.26,8463,70057.0,51.02
GOODYEAR, 17-Aug-2026,771.1,776.7,764.0,765.35,777.4,4780,36.76,542,3333.0,69.73
GOPAL, 17-Aug-2026,276.7,276.7,270.0,270.75,272.15,167737,456.36,4904,60045.0,35.8
GOYALALUM, 17-Aug-2026,6.2,6.5,6.2,6.4,6.51,99015,6.31,478,66790.0,67.45
GOYALSALT, 17-Aug-2026,107.0,107.0,106.0,107.0,107.0,3000,3.2,5,3000.0,100.0
GPECO, 17-Aug-2026,397.95,402.0,376.4,378.65,396.2,25200,96.37,100,23400.0,92.86
GPIL, 17-Aug-2026,235.43,253.0,232.9,250.82,235.43,4360351,10744.52,41862,1883488.0,43.2
GPPL, 17-Aug-2026,159.99,162.38,158.71,159.57,158.68,2610399,4182.97,29057,1415738.0,54.23
GPTHEALTH, 17-Aug-2026,156.15,160.0,152.12,153.32,156.15,91854,141.02,3599,63497.0,69.13
GPTINFRA, 17-Aug-2026,115.51,115.51,112.9,115.06,115.8,70954,80.97,1282,43282.0,61.0
GRADIENTE, 17-Aug-2026,2.83,2.83,2.73,2.77,2.72,1104073,30.9,297,890341.0,80.64
GRANDOAK, 17-Aug-2026,37.2,38.8,36.8,38.15,38.24,6946,2.62,49,2051.0,29.53
GRANULES, 17-Aug-2026,850.0,869.85,838.05,861.55,858.4,404940,3465.49,26222,182286.0,45.02
GRAPHISAD, 17-Aug-2026,26.5,26.5,26.0,26.0,26.5,2400,0.63,2,2400.0,100.0
GRAPHITE, 17-Aug-2026,724.9,735.95,717.75,729.5,721.6,527724,3841.67,17202,214157.0,40.58
GRASIM, 17-Aug-2026,3240.0,3272.2,3223.5,3250.5,3248.7,1324345,43080.5,56194,820222.0,61.93
GRAUWEIL, 17-Aug-2026,67.2,68.47,66.36,67.96,67.39,174343,116.86,7221,97100.0,55.69
GRAVISSHO, 17-Aug-2026,29.3,30.3,28.41,28.53,29.18,1317,0.39,10,1301.0,98.79
GRAVITA, 17-Aug-2026,1790.0,1831.2,1763.8,1821.7,1794.3,275373,4964.8,20546,149445.0,54.27
GREAVESCOT, 17-Aug-2026,194.37,196.25,193.58,195.01,194.37,769141,1499.32,12557,293521.0,38.16
GREENCHEF, 17-Aug-2026,48.6,52.4,48.6,52.4,47.65,14400,7.49,18,14400.0,100.0
GREENLAM, 17-Aug-2026,251.0,254.6,250.95,252.8,251.3,41449,104.82,1483,28171.0,67.97
GREENLEAF, 17-Aug-2026,125.2,130.0,123.75,126.85,125.2,17000,21.66,8,16000.0,94.12
GREENPANEL, 17-Aug-2026,174.77,174.99,167.37,169.59,174.54,413732,701.65,12326,252536.0,61.04
GREENPLY, 17-Aug-2026,280.95,287.9,277.25,286.3,280.95,103250,292.59,3715,47774.0,46.27
GREENPOWER, 17-Aug-2026,9.52,9.63,9.36,9.55,9.53,2232429,211.05,4030,1352271.0,60.57
GRINDWELL, 17-Aug-2026,2167.5,2190.4,2148.1,2163.5,2167.5,21123,457.7,4675,11679.0,55.29
GRINFRA, 17-Aug-2026,868.95,876.45,863.1,871.6,872.7,17643,153.5,2920,10419.0,59.05
GRMOVER, 17-Aug-2026,89.87,90.49,87.58,88.28,89.66,1138255,1008.06,6922,286329.0,25.16
GROBTEA, 17-Aug-2026,1039.95,1039.95,953.0,953.8,958.05,754,7.37,80,528.0,70.03
GROWW, 17-Aug-2026,196.25,199.85,195.98,198.69,196.17,16754271,33204.07,126750,9826052.0,58.65
GROWWCAPM, 17-Aug-2026,11.16,11.31,11.05,11.25,11.2,728500,81.09,1061,482375.0,66.21
GROWWCHEM, 17-Aug-2026,30.83,31.18,30.49,30.74,30.83,4913412,1508.73,425,4902305.0,99.77
GROWWDEFNC, 17-Aug-2026,98.08,99.29,97.96,98.82,98.09,405646,400.82,4255,285930.0,70.49
GROWWEV, 17-Aug-2026,34.57,34.57,33.9,34.18,34.2,563254,192.13,2831,424882.0,75.43
GROWWGOLD, 17-Aug-2026,14.98,14.98,14.89,14.93,14.77,1615059,241.31,4409,789244.0,48.87
GROWWHOSPI, 17-Aug-2026,53.18,53.26,52.42,52.67,52.91,601608,316.8,2022,472816.0,78.59
GROWWLIQID, 17-Aug-2026,110.48,110.48,110.36,110.37,110.36,271617,299.79,222,204070.0,75.13
GROWWLOVOL, 17-Aug-2026,10.71,10.76,10.41,10.55,10.6,10892,1.15,165,7234.0,66.42
GROWWMC150, 17-Aug-2026,238.78,238.78,232.2,237.43,236.07,921,2.17,66,532.0,57.76
GROWWMETAL, 17-Aug-2026,12.62,12.62,12.11,12.42,12.4,277001,34.34,1753,143119.0,51.67
GROWWMOM50, 17-Aug-2026,11.29,11.29,10.9,11.04,10.98,212233,23.37,595,156294.0,73.64
GROWWN200, 17-Aug-2026,11.55,11.57,11.43,11.55,11.55,109769,12.64,382,63611.0,57.95
GROWWNET, 17-Aug-2026,10.41,10.69,10.41,10.65,10.62,418099,44.46,838,315907.0,75.56
GROWWNIFTY, 17-Aug-2026,9.73,9.97,9.73,9.82,9.83,864482,84.97,5082,533027.0,61.66
GROWWNXT50, 17-Aug-2026,74.65,75.28,73.83,75.27,74.65,10286,7.69,134,5265.0,51.19
GROWWPOWER, 17-Aug-2026,11.51,11.56,11.45,11.52,11.49,1801109,207.02,2733,889299.0,49.38
GROWWPSE, 17-Aug-2026,99.23,99.56,98.41,99.32,98.68,1357,1.34,37,792.0,58.36
GROWWPSUBK, 17-Aug-2026,86.4,88.38,86.22,87.63,87.54,1211,1.05,85,756.0,62.43
GROWWRAIL, 17-Aug-2026,29.21,29.5,28.86,29.05,29.21,446183,129.54,2634,234182.0,52.49
GROWWRLTY, 17-Aug-2026,10.09,10.23,9.94,10.2,10.04,511017,51.6,674,440491.0,86.2
GROWWSC250, 17-Aug-2026,10.84,10.84,10.52,10.59,10.63,136914,14.48,737,119056.0,86.96
GROWWSLVR, 17-Aug-2026,23.01,23.04,22.86,22.91,22.66,1390056,318.87,2553,560954.0,40.35
GRPLTD, 17-Aug-2026,2009.0,2050.0,1975.0,2049.2,2009.5,3765,75.94,364,3257.0,86.51
GRSE, 17-Aug-2026,2622.0,2650.0,2590.0,2600.1,2618.6,276098,7209.37,18815,108119.0,39.16
GRWRHITECH, 17-Aug-2026,7140.0,7140.0,6983.5,7030.0,7088.5,42073,2964.86,9287,20646.0,49.07
GSEC10IETF, 17-Aug-2026,267.11,269.59,265.0,267.0,267.11,224,0.6,12,214.0,95.54
GSEC10YEAR, 17-Aug-2026,30.55,30.78,30.55,30.61,30.55,7095,2.18,30,7064.0,99.56
GSEC5IETF, 17-Aug-2026,66.66,67.56,65.56,66.33,66.36,5317,3.53,42,3876.0,72.9
GSFC, 17-Aug-2026,160.5,163.6,159.35,159.87,160.25,1839264,2961.46,29179,1094562.0,59.51
GSLSU, 17-Aug-2026,32.56,33.71,32.5,33.71,32.11,45373,15.04,427,36249.0,79.89
GSMFOILS, 17-Aug-2026,92.85,92.85,92.85,92.85,97.7,12000,11.14,18,12000.0,100.0
GSPCROP, 17-Aug-2026,599.2,600.0,586.0,589.75,596.25,153244,904.24,3330,45043.0,29.39
GSS, 17-Aug-2026,13.34,13.58,12.9,13.01,13.34,35935,4.68,279,29909.0,83.23
GTL, 17-Aug-2026,7.6,7.88,6.91,7.41,7.66,440114,32.19,1220,255026.0,57.95
GTLINFRA, 17-Aug-2026,1.21,1.22,1.2,1.21,1.21,26109044,315.43,14893,12085442.0,46.29
GTPL, 17-Aug-2026,52.9,54.95,50.85,54.04,52.89,70423,36.94,1503,35418.0,50.29
GUFICBIO, 17-Aug-2026,400.2,432.35,400.2,418.2,422.2,297917,1239.06,12996,111533.0,37.44
GUJALKALI, 17-Aug-2026,703.05,716.85,675.55,680.45,698.2,99166,686.84,6334,41205.0,41.55
GUJAPOLLO, 17-Aug-2026,345.1,356.0,345.1,349.15,341.95,10130,35.46,398,8791.0,86.78
GUJENERGY, 17-Aug-2026,286.5,286.5,272.95,276.5,282.95,1422029,3932.99,30269,780193.0,54.86
GUJRAFFIA, 17-Aug-2026,43.62,43.62,41.14,41.32,43.22,5193,2.16,119,3434.0,66.13
GUJTHEM, 17-Aug-2026,345.85,353.95,345.0,351.25,348.75,66293,231.35,1542,44245.0,66.74
GULFOILLUB, 17-Aug-2026,1166.8,1180.0,1156.7,1174.6,1159.3,34308,401.46,4506,16936.0,49.36
GULPOLY, 17-Aug-2026,190.0,194.5,187.22,192.06,188.08,294703,562.48,6768,109713.0,37.23
GURUNANAK, 17-Aug-2026,37.5,40.0,37.2,39.0,39.0,19200,7.42,7,17600.0,91.67
GVPIL, 17-Aug-2026,731.15,745.0,731.15,731.15,769.6,455490,3336.35,6172,241388.0,53.0
GVPTECH, 17-Aug-2026,7.25,7.25,6.67,7.02,7.07,25165,1.78,276,16593.0,65.94
GVT&D, 17-Aug-2026,4371.6,4375.0,4278.0,4290.0,4350.0,421939,18247.83,33902,228860.0,54.24
GYFTR, 17-Aug-2026,158.0,166.5,158.0,162.22,161.87,56069,90.73,830,15557.0,27.75
HAL, 17-Aug-2026,5050.0,5149.9,5045.0,5059.0,5029.9,1719795,87614.76,105685,750796.0,43.66
HALDER, 17-Aug-2026,309.99,319.0,286.12,294.92,301.9,32612,96.78,768,8137.0,24.95
HALEOSLABS, 17-Aug-2026,1496.4,1496.4,1411.3,1437.5,1484.4,468,6.75,71,304.0,64.96
HAMPTON, 17-Aug-2026,8.39,8.39,7.01,7.95,8.12,7766,0.6,69,4631.0,59.63
HAPPSTMNDS, 17-Aug-2026,424.0,432.4,406.8,426.8,420.2,3199998,13488.3,58881,1014035.0,31.69
HAPPY, 17-Aug-2026,64.05,67.0,64.0,66.0,63.5,44000,28.99,20,38000.0,86.36
HAPPYFORGE, 17-Aug-2026,2131.2,2207.8,2115.1,2198.1,2089.6,220432,4787.29,25584,114440.0,51.92
HARDWYN, 17-Aug-2026,11.33,11.5,10.9,10.95,11.33,2180251,241.66,1780,1148846.0,52.69
HARIOMPIPE, 17-Aug-2026,351.9,354.95,343.4,346.45,351.9,153541,533.86,4582,72937.0,47.5
HARRMALAYA, 17-Aug-2026,197.0,197.0,192.1,193.47,198.81,20484,39.86,791,13094.0,63.92
HARSHA, 17-Aug-2026,418.75,437.0,415.0,425.6,412.25,320928,1374.79,9534,149624.0,46.62
HATHWAY, 17-Aug-2026,10.56,10.69,10.54,10.59,10.6,1433793,151.82,1748,615664.0,42.94
HATSUN, 17-Aug-2026,995.0,995.0,959.2,968.8,980.8,32908,319.15,4782,14287.0,43.41
HAVELLS, 17-Aug-2026,1305.0,1315.0,1281.7,1299.0,1298.0,857855,11184.89,32763,456009.0,53.16
HAVISHA, 17-Aug-2026,1.43,1.49,1.37,1.4,1.34,65427,0.92,178,39670.0,60.63
HAWKINCOOK, 17-Aug-2026,8200.0,8370.0,8199.0,8340.0,8351.0,425,35.38,133,334.0,78.59
HAZOOR, 17-Aug-2026,22.2,22.2,19.8,21.49,20.85,86937,18.94,409,73930.0,85.04
HBESD, 17-Aug-2026,74.5,76.0,73.9,75.41,76.0,10124,7.62,30,10050.0,99.27
HBLENGINE, 17-Aug-2026,678.3,683.05,666.7,674.6,678.5,755783,5088.57,27058,387309.0,51.25
HBPOR, 17-Aug-2026,60.79,63.0,55.05,62.99,60.79,878,0.54,16,632.0,71.98
HBSL, 17-Aug-2026,59.0,59.0,56.16,56.9,57.96,6486,3.74,60,6362.0,98.09
HCC, 17-Aug-2026,19.91,20.55,19.65,20.33,19.82,22198910,4453.06,29331,9140112.0,41.17
HCG, 17-Aug-2026,724.0,724.0,702.65,712.35,714.3,188102,1336.64,12235,139043.0,73.92
HCL-INSYS, 17-Aug-2026,11.4,11.45,11.22,11.24,11.33,105741,11.93,568,79927.0,75.59
HCLTECH, 17-Aug-2026,1355.1,1362.8,1325.0,1325.0,1360.0,970745,12952.26,48218,527315.0,54.32
HDBFS, 17-Aug-2026,686.0,689.7,678.85,683.9,686.95,187611,1283.59,9289,97155.0,51.79
HDFCAMC, 17-Aug-2026,2481.6,2539.4,2471.0,2523.0,2485.0,588681,14856.88,52711,352704.0,59.91
HDFCBANK, 17-Aug-2026,727.05,732.1,724.5,729.0,727.0,14823722,107859.63,215237,9931639.0,67.0
HDFCBSE500, 17-Aug-2026,38.01,38.17,37.81,38.12,38.07,892843,339.22,308,871457.0,97.6
HDFCGOLD, 17-Aug-2026,129.33,130.83,129.33,130.62,129.33,2942055,3842.73,10902,1923492.0,65.38
HDFCGROWTH, 17-Aug-2026,122.68,124.55,120.98,121.37,122.68,35236,42.91,215,23138.0,65.67
HDFCLIFE, 17-Aug-2026,536.25,544.3,534.9,543.0,535.85,3104159,16823.31,70563,1733823.0,55.85
HDFCLIQUID, 17-Aug-2026,1074.04,1074.04,1074.02,1074.03,1073.88,69479,746.22,54,36369.0,52.35
HDFCLOWVOL, 17-Aug-2026,21.57,21.57,20.93,21.0,21.05,3387,0.71,96,2468.0,72.87
HDFCMID150, 17-Aug-2026,23.8,23.9,23.64,23.71,23.8,304261,72.16,1901,205958.0,67.69
HDFCMOMENT, 17-Aug-2026,31.21,31.53,31.21,31.47,31.38,132641,41.67,713,62616.0,47.21
HDFCNEXT50, 17-Aug-2026,75.05,76.5,75.05,76.35,76.05,291850,222.25,2643,199985.0,68.52
HDFCNIF100, 17-Aug-2026,26.5,26.6,26.26,26.31,26.37,26272,6.92,374,14218.0,54.12
HDFCNIFBAN, 17-Aug-2026,59.0,59.66,58.89,59.54,59.29,177935,105.75,591,140703.0,79.08
HDFCNIFIT, 17-Aug-2026,33.44,33.45,32.91,32.99,33.44,100248,33.12,465,56750.0,56.61
HDFCNIFTY, 17-Aug-2026,280.67,280.67,273.38,274.89,275.17,44807,122.86,950,25909.0,57.82
HDFCNIMEG, 17-Aug-2026,129.87,134.25,129.36,131.79,129.87,10177,13.31,58,7300.0,71.73
HDFCPSUBK, 17-Aug-2026,89.55,89.55,87.0,87.93,88.2,62392,54.67,352,25362.0,40.65
HDFCPVTBAN, 17-Aug-2026,28.51,28.51,27.7,28.06,27.82,286770,79.74,711,221133.0,77.11
HDFCQUAL, 17-Aug-2026,59.97,60.14,59.63,59.72,60.07,6370,3.81,141,3029.0,47.55
HDFCSENSEX, 17-Aug-2026,88.21,88.69,87.9,88.25,88.21,31919,28.16,777,18751.0,58.75
HDFCSILVER, 17-Aug-2026,223.15,224.8,223.15,223.64,221.2,2144994,4802.81,12252,788419.0,36.76
HDFCSML250, 17-Aug-2026,184.8,185.8,183.34,185.2,184.64,941684,1736.83,10671,605941.0,64.35
HDFCVALUE, 17-Aug-2026,126.34,126.86,125.95,126.6,126.99,3407,4.31,100,2147.0,63.02
HEADSUP, 17-Aug-2026,6.93,7.3,6.0,6.69,6.93,45018,2.96,203,22584.0,50.17
HEALTHADD, 17-Aug-2026,17.01,17.01,16.61,16.65,16.68,15966,2.66,135,13971.0,87.5
HEALTHAXIS, 17-Aug-2026,168.93,168.97,167.24,167.93,167.82,2911,4.89,89,1289.0,44.28
HEALTHCARE, 17-Aug-2026,21.57,21.67,21.5,21.55,21.57,20516,4.43,180,20479.0,99.82
HEALTHIETF, 17-Aug-2026,170.01,170.69,168.0,168.59,169.72,185457,313.11,2917,149381.0,80.55
HEALTHX, 17-Aug-2026,290.25,295.45,287.15,291.5,290.15,4035,11.76,203,1393.0,34.52
HEALTHY, 17-Aug-2026,17.03,17.18,16.9,16.99,17.03,172501,29.29,1383,120752.0,70.0
HECPROJECT, 17-Aug-2026,130.2,130.2,115.5,119.89,130.05,83793,102.3,1676,52306.0,62.42
HEG, 17-Aug-2026,704.0,710.8,688.45,698.3,701.0,1071949,7504.5,26754,407253.0,37.99
HEIDELBERG, 17-Aug-2026,158.7,161.85,158.6,160.22,158.24,164335,263.68,2948,105300.0,64.08
HEMIPROP, 17-Aug-2026,134.0,136.49,134.0,134.27,132.34,342462,463.25,3380,165286.0,48.26
HERANBA, 17-Aug-2026,168.0,173.3,165.1,166.23,169.76,99893,167.44,1633,73983.0,74.06
HERITGFOOD, 17-Aug-2026,358.2,366.0,355.75,363.65,358.0,155748,562.17,6285,97802.0,62.8
HEROMOTOCO, 17-Aug-2026,5765.0,5811.5,5740.0,5745.0,5790.0,377125,21756.02,43600,223641.0,59.3
HESTERBIO, 17-Aug-2026,2414.4,2447.0,2400.2,2417.6,2414.4,3101,74.85,706,1689.0,54.47
HEXATRADEX, 17-Aug-2026,157.05,159.3,154.21,157.31,157.05,1345,2.1,100,1143.0,84.98
HEXT, 17-Aug-2026,569.85,569.85,560.0,561.0,569.85,55462,312.12,4184,26208.0,47.25
HFCL, 17-Aug-2026,223.9,225.95,217.85,219.5,223.11,9863534,21853.01,60651,3630086.0,36.8
HGINFRA, 17-Aug-2026,523.75,524.9,512.3,514.5,523.75,80109,413.14,4764,45122.0,56.33
HGM, 17-Aug-2026,47.9,48.44,43.43,45.06,46.06,8389,3.84,265,6758.0,80.56
HGS, 17-Aug-2026,408.0,414.95,401.0,413.05,408.65,22293,91.35,1060,11478.0,51.49
HIGREEN, 17-Aug-2026,136.0,136.0,132.2,134.2,135.95,23200,30.92,29,13600.0,58.62
HIKAL, 17-Aug-2026,216.2,217.74,212.0,212.81,217.99,189229,403.82,5797,103058.0,54.46
HILINFRA, 17-Aug-2026,45.73,45.73,43.12,44.46,44.4,44177,19.53,1002,25808.0,58.42
HIMATSEIDE, 17-Aug-2026,72.93,73.25,70.18,70.5,72.95,1114019,790.93,12100,732880.0,65.79
HINDADH, 17-Aug-2026,335.55,335.55,335.55,335.55,279.65,6463,21.69,61,6463.0,100.0
HINDALCO, 17-Aug-2026,1033.0,1060.0,1032.7,1049.9,1029.5,3062996,32030.06,60233,1320898.0,43.12
HINDALUMI, 17-Aug-2026,106.95,106.95,98.0,99.17,98.56,1176,1.19,42,929.0,79.0
HINDCOMPOS, 17-Aug-2026,405.5,416.0,405.5,409.55,410.25,2480,10.18,236,1357.0,54.72
HINDCON, 17-Aug-2026,22.71,22.84,22.12,22.13,22.71,13693,3.05,161,9622.0,70.27
HINDCOPPER, 17-Aug-2026,535.0,574.9,534.1,572.65,529.05,29333771,164792.1,316358,9178674.0,31.29
HINDOILEXP, 17-Aug-2026,152.29,155.8,151.15,154.89,152.1,444336,681.93,4419,231238.0,52.04
HINDPETRO, 17-Aug-2026,372.0,373.65,367.0,371.0,373.5,3669991,13593.35,36683,1766739.0,48.14
HINDUNILVR, 17-Aug-2026,2070.9,2076.0,2055.0,2055.0,2077.0,1024288,21148.25,35597,609268.0,59.48
HINDWAREAP, 17-Aug-2026,197.0,205.0,191.49,197.63,195.47,625399,1245.68,6116,477704.0,76.38
HINDZINC, 17-Aug-2026,564.4,576.0,564.4,567.5,561.9,4705651,26867.4,59332,1630887.0,34.66
HIRECT, 17-Aug-2026,1256.0,1277.9,1247.0,1258.6,1256.0,48041,605.2,4397,18134.0,37.75
HISARMETAL, 17-Aug-2026,155.0,155.0,148.01,152.44,151.22,1811,2.77,84,1003.0,55.38
HITECH, 17-Aug-2026,78.1,78.89,77.51,78.43,78.22,344089,269.28,3004,182863.0,53.14
HLEGLAS, 17-Aug-2026,329.0,330.0,310.25,314.6,327.7,264493,841.6,7942,133015.0,50.29
HLVLTD, 17-Aug-2026,6.99,6.99,6.57,6.73,6.98,630867,42.52,1609,442096.0,70.08
HMAAGRO, 17-Aug-2026,24.69,26.5,22.46,22.95,24.24,7624076,1841.11,17513,3273526.0,42.94
HNDFDS, 17-Aug-2026,596.8,613.8,588.5,608.45,591.4,124297,750.42,6109,80284.0,64.59
HNGSNGBEES, 17-Aug-2026,487.49,488.7,482.71,484.53,482.66,79749,386.45,4428,45112.0,56.57
HOACFOODS, 17-Aug-2026,810.0,810.0,806.0,810.0,804.0,1875,15.17,5,1875.0,100.0
HOLMARC, 17-Aug-2026,108.95,108.95,108.95,108.95,107.0,750,0.82,1,750.0,100.0
HOMEFIRST, 17-Aug-2026,1173.1,1185.0,1168.2,1179.9,1176.5,38122,449.06,4354,20238.0,53.09
HONASA, 17-Aug-2026,507.0,509.8,476.9,481.65,502.8,2570012,12634.74,44270,954333.0,37.13
HONAUT, 17-Aug-2026,36960.0,37105.0,36250.0,36400.0,37205.0,2573,940.93,1479,1463.0,56.86
HONDAPOWER, 17-Aug-2026,2166.0,2200.0,2128.2,2138.1,2149.9,7322,157.22,921,4951.0,67.62
HPAL, 17-Aug-2026,35.05,35.97,34.51,35.64,35.15,68807,24.16,1012,36643.0,53.25
HPIL, 17-Aug-2026,124.0,127.35,122.1,127.35,125.05,893,1.12,21,557.0,62.37
HPL, 17-Aug-2026,318.25,320.7,310.35,312.35,317.45,119455,375.28,3154,75097.0,62.87
HRHNEXT, 17-Aug-2026,24.95,24.95,24.95,24.95,24.9,7500,1.87,1,7500.0,100.0
HRYNSHP, 17-Aug-2026,100.95,101.0,100.95,101.0,101.45,53,0.05,2,53.0,100.0
HSBCGOLD, 17-Aug-2026,128.13,134.8,128.13,133.16,131.42,2031,2.69,81,1503.0,74.0
HSCL, 17-Aug-2026,784.5,789.9,776.45,787.4,781.05,3215825,25170.05,34564,1708903.0,53.14
HTMEDIA, 17-Aug-2026,26.17,26.59,25.1,25.77,26.37,108005,27.96,806,62199.0,57.59
HUBTOWN, 17-Aug-2026,186.25,189.0,182.26,182.91,186.62,166100,305.88,2288,112090.0,67.48
HUDCO, 17-Aug-2026,189.6,191.87,186.15,189.01,189.99,2296433,4308.77,32796,1073216.0,46.73
HUHTAMAKI, 17-Aug-2026,279.75,280.0,271.55,279.1,277.05,139565,386.83,3981,70684.0,50.65
HVAX, 17-Aug-2026,604.95,609.0,604.95,609.0,605.0,1500,9.11,9,1500.0,100.0
HYBRIDETF, 17-Aug-2026,10.15,10.17,10.13,10.17,10.16,136794,13.86,49,128000.0,93.57
HYUNDAI, 17-Aug-2026,2198.6,2209.6,2172.4,2190.0,2199.0,636057,13918.5,26113,409463.0,64.38
IBULLSLTD, 17-Aug-2026,27.11,28.1,25.81,27.83,27.08,10529504,2834.03,17180,5279802.0,50.14
ICDSLTD, 17-Aug-2026,39.85,41.69,39.85,40.47,40.05,1048,0.43,23,949.0,90.55
ICELCO, 17-Aug-2026,132.3,141.95,131.65,140.1,134.2,57600,77.62,48,46800.0,81.25
ICEMAKE, 17-Aug-2026,746.0,746.95,717.7,722.45,751.65,73309,533.64,4048,48564.0,66.25
ICICIAMC, 17-Aug-2026,3099.9,3142.5,3080.0,3136.0,3097.9,325665,10123.35,42647,250843.0,77.02
ICICIB22, 17-Aug-2026,121.42,121.42,115.09,115.71,115.64,435006,501.65,4489,331027.0,76.1
ICICIBANK, 17-Aug-2026,1418.0,1423.6,1407.0,1415.3,1417.0,5605603,79390.52,106272,3196498.0,57.02
ICICIGI, 17-Aug-2026,1629.2,1637.3,1620.0,1626.3,1630.0,299654,4879.63,21955,162284.0,54.16
ICICIPRULI, 17-Aug-2026,509.15,511.4,503.6,507.0,509.15,1522773,7717.3,19977,1104736.0,72.55
ICIL, 17-Aug-2026,379.9,391.0,371.3,388.7,379.9,373058,1427.84,14273,140927.0,37.78
ICRA, 17-Aug-2026,5280.0,5280.0,5040.0,5052.7,5265.6,69377,3569.75,11074,43065.0,62.07
IDBI, 17-Aug-2026,82.2,82.33,81.41,82.18,82.45,2358677,1931.0,14807,1077845.0,45.7
IDEA, 17-Aug-2026,14.11,14.14,13.66,13.71,14.11,310430357,43019.95,359592,108359146.0,34.91
IDEAFORGE, 17-Aug-2026,820.95,828.5,787.25,795.1,820.85,418756,3347.83,19838,224894.0,53.71
IDENTICAL, 17-Aug-2026,15.05,17.1,15.05,15.8,15.95,16000,2.54,6,16000.0,100.0
IDFCFIRSTB, 17-Aug-2026,85.41,85.59,84.51,85.05,85.69,7298246,6206.43,36254,3383648.0,46.36
IDFNIFTYET, 17-Aug-2026,268.55,272.0,267.72,271.61,267.57,523,1.41,66,353.0,67.5
IEML, 17-Aug-2026,43.2,43.2,38.15,40.45,42.35,141500,56.34,170,95500.0,67.49
IEX, 17-Aug-2026,124.75,125.49,123.78,125.3,124.75,1388624,1732.18,17557,653629.0,47.07
IFBAGRO, 17-Aug-2026,1011.0,1049.0,1011.0,1038.15,1029.3,8715,90.5,807,5489.0,62.98
IFBIND, 17-Aug-2026,1378.0,1396.3,1360.6,1386.0,1383.6,28704,396.38,4692,14170.0,49.37
IFCI, 17-Aug-2026,77.09,79.73,75.75,78.93,76.94,32161222,25221.49,80095,8990534.0,27.95
IFGLEXPOR, 17-Aug-2026,224.87,224.87,216.05,218.97,225.31,22421,49.04,1314,10935.0,48.77
IGARASHI, 17-Aug-2026,454.2,468.6,452.6,454.9,457.05,82691,379.04,3120,39658.0,47.96
IGCL, 17-Aug-2026,71.01,71.9,70.0,71.38,70.91,68755,48.71,697,33970.0,49.41
IGIL, 17-Aug-2026,352.0,362.55,341.5,355.15,345.9,1099849,3874.56,25967,419133.0,38.11
IGL, 17-Aug-2026,149.0,153.0,147.65,151.0,151.7,1601877,2396.6,27594,541062.0,33.78
IGPL, 17-Aug-2026,461.5,497.95,458.05,472.8,458.3,139135,661.8,4472,55219.0,39.69
IIFL, 17-Aug-2026,631.1,634.9,625.0,630.05,631.15,743878,4689.68,22566,397126.0,53.39
IIFLCAPS, 17-Aug-2026,335.2,336.0,333.1,334.55,335.2,114277,382.34,5705,83138.0,72.75
IITL, 17-Aug-2026,148.16,152.0,147.25,150.35,147.69,135765,203.34,1146,38711.0,28.51
IKIO, 17-Aug-2026,203.22,205.53,200.16,201.74,204.97,111947,226.9,2146,51444.0,45.95
IKS, 17-Aug-2026,1849.9,1854.0,1828.0,1830.2,1840.0,110946,2035.82,13520,68203.0,61.47
IMAGICAA, 17-Aug-2026,47.5,47.85,46.81,47.06,47.66,372005,175.42,2034,237553.0,63.86
IMFA, 17-Aug-2026,1409.7,1419.5,1374.2,1398.7,1404.5,81136,1128.47,7180,40841.0,50.34
IMPAL, 17-Aug-2026,1094.0,1094.0,1059.3,1083.1,1068.3,1459,15.72,182,928.0,63.61
INA, 17-Aug-2026,99.0,99.0,97.8,98.41,99.02,326818,321.57,2967,162448.0,49.71
INCREDIBLE, 17-Aug-2026,31.75,33.0,31.75,31.84,32.23,1636,0.52,35,1454.0,88.88
INDBANK, 17-Aug-2026,33.0,33.0,32.25,32.38,32.49,18278,5.93,219,11297.0,61.81
INDGN, 17-Aug-2026,564.9,564.9,553.5,561.75,555.8,174182,974.85,9956,106671.0,61.24
INDHOTEL, 17-Aug-2026,720.0,723.65,714.5,720.0,720.0,692444,4979.72,21618,440538.0,63.62
INDIACEM, 17-Aug-2026,374.0,380.0,372.8,376.15,375.3,118790,447.19,8809,50084.0,42.16
INDIAGLYCO, 17-Aug-2026,1069.0,1083.0,1050.0,1070.9,1061.1,138254,1468.77,6355,58572.0,42.37
INDIAMART, 17-Aug-2026,1789.9,1804.6,1766.0,1770.0,1789.9,113085,2004.62,15864,88481.0,78.24
INDIANB, 17-Aug-2026,891.8,891.8,870.3,881.2,894.95,1061592,9329.28,32667,344659.0,32.47
INDIANCARD, 17-Aug-2026,227.0,227.0,213.0,216.07,223.09,4698,10.34,117,4037.0,85.93
INDIANHUME, 17-Aug-2026,369.0,369.9,360.0,362.55,369.15,25743,93.65,1583,13517.0,52.51
INDIASHLTR, 17-Aug-2026,665.0,681.95,654.6,674.75,670.7,71069,472.56,7847,40423.0,56.88
INDIGO, 17-Aug-2026,5271.0,5332.5,5262.5,5275.5,5310.0,321441,17034.98,30230,173096.0,53.85
INDIGOPNTS, 17-Aug-2026,1161.7,1211.8,1155.6,1161.0,1148.7,261404,3077.03,18926,90376.0,34.57
INDIGRID, 17-Aug-2026,177.19,177.25,176.02,176.98,178.75,523767,926.55,5620,464302.0,88.65
INDIQUBE, 17-Aug-2026,181.3,182.99,177.87,178.63,180.0,20170,36.13,668,12343.0,61.19
INDNIPPON, 17-Aug-2026,1129.9,1152.0,1121.7,1138.5,1123.2,20933,238.16,2372,10264.0,49.03
INDOBORAX, 17-Aug-2026,425.35,428.55,416.05,420.25,425.35,66257,279.36,2957,27436.0,41.41
INDOCO, 17-Aug-2026,219.05,221.9,216.0,218.74,219.51,40899,89.58,1691,18745.0,45.83
INDOFARM, 17-Aug-2026,145.0,147.0,143.15,144.1,145.78,113025,163.46,1987,58232.0,51.52
INDOKEM, 17-Aug-2026,610.0,610.0,588.25,590.55,619.15,2117,12.53,173,1904.0,89.94
INDOMIM, 17-Aug-2026,850.4,871.15,838.7,866.15,849.35,2085481,17890.24,80557,806964.0,38.69
INDORAMA, 17-Aug-2026,56.09,56.37,54.32,54.76,56.09,98507,54.32,1267,56916.0,57.78
INDOSTAR, 17-Aug-2026,238.4,249.0,238.3,247.15,239.25,336399,819.58,4912,243291.0,72.32
INDOTECH, 17-Aug-2026,3598.7,3635.0,3470.1,3608.4,3558.1,16035,571.57,2446,9925.0,61.9
INDOTHAI, 17-Aug-2026,73.23,73.23,73.23,73.23,77.08,41439,30.35,342,41439.0,100.0
INDOUS, 17-Aug-2026,83.78,86.5,80.15,84.75,81.01,42444,35.88,767,31476.0,74.16
INDOWIND, 17-Aug-2026,8.88,8.99,8.6,8.74,8.81,165946,14.57,649,114528.0,69.02
INDPRUD, 17-Aug-2026,6369.5,6369.5,6115.0,6203.0,6280.0,92,5.68,29,60.0,65.22
INDRAMEDCO, 17-Aug-2026,373.4,373.4,368.4,369.75,373.4,121411,449.35,3731,75705.0,62.35
INDSWFTLAB, 17-Aug-2026,312.0,317.45,296.35,313.02,304.18,2553952,7925.22,39382,930514.0,36.43
INDTERRAIN, 17-Aug-2026,32.01,32.4,30.62,31.06,31.1,9614,3.0,163,7873.0,81.89
INDUSINDBK, 17-Aug-2026,1020.0,1020.0,1002.5,1010.6,1020.8,1108193,11204.26,31454,589673.0,53.21
INDUSINVIT, 17-Aug-2026,134.5,134.5,133.05,133.97,133.2,148034,198.31,4175,120472.0,81.38
INDUSTOWER, 17-Aug-2026,383.8,385.0,378.85,380.0,384.35,1415620,5396.22,25147,704122.0,49.74
INFINIUM, 17-Aug-2026,228.0,242.7,228.0,239.4,239.75,4500,10.67,9,3500.0,77.78
INFLUX, 17-Aug-2026,288.0,301.0,287.1,297.9,286.35,98400,289.24,66,91200.0,92.68
INFOBEAN, 17-Aug-2026,162.4,163.79,158.0,160.15,162.4,148926,238.7,3631,76439.0,51.33
INFOLLION, 17-Aug-2026,159.8,160.0,153.8,156.25,159.95,14400,22.41,18,12400.0,86.11
INFOMEDIA, 17-Aug-2026,5.59,5.59,5.11,5.26,5.16,29006,1.5,76,21329.0,73.53
INFRA, 17-Aug-2026,12.27,12.3,12.21,12.28,12.27,23287,2.85,155,15100.0,64.84
INFRABEES, 17-Aug-2026,976.93,980.15,969.4,977.79,976.93,10380,101.25,583,5276.0,50.83
INFRAIETF, 17-Aug-2026,97.23,97.57,96.59,96.95,97.23,237421,229.94,3531,197111.0,83.02
INFY, 17-Aug-2026,1163.9,1166.5,1129.7,1139.9,1169.2,5817153,66482.63,147213,2849720.0,48.99
INGERRAND, 17-Aug-2026,4650.0,4651.9,4418.8,4477.2,4608.7,92939,4189.77,13570,44824.0,48.23
INM, 17-Aug-2026,164.05,164.05,164.05,164.05,164.05,600,0.98,1,600.0,100.0
INNOMET, 17-Aug-2026,214.4,214.4,214.2,214.4,210.2,61800,132.48,70,58200.0,94.17
INNOVACAP, 17-Aug-2026,1052.0,1064.95,1030.25,1038.45,1036.0,43900,459.56,5827,20571.0,46.86
INNOVANA, 17-Aug-2026,327.4,327.4,305.3,307.15,319.4,6385,19.82,167,5466.0,85.61
INNOVISION, 17-Aug-2026,281.95,283.9,276.1,276.9,281.95,19195,53.31,734,13938.0,72.61
INOXGREEN, 17-Aug-2026,185.26,186.17,178.3,181.54,187.07,754663,1375.52,5125,340343.0,45.1
INOXINDIA, 17-Aug-2026,1956.0,1990.0,1943.1,1950.8,1943.0,72477,1418.88,13227,33530.0,46.26
INOXWIND, 17-Aug-2026,74.18,78.59,73.32,78.13,73.67,34043653,26221.03,75215,11355983.0,33.36
INSECTICID, 17-Aug-2026,630.0,630.0,614.15,618.7,631.15,14440,89.49,1486,9402.0,65.11
INSPIRE, 17-Aug-2026,9.05,9.05,9.05,9.05,9.05,2000,0.18,1,2000.0,100.0
INSUREIETF, 17-Aug-2026,15.85,15.85,15.37,15.52,15.47,464709,71.99,108,451324.0,97.12
INTEGRITY, 17-Aug-2026,158.0,158.0,158.0,158.0,160.0,1200,1.9,1,1200.0,100.0
INTELLECT, 17-Aug-2026,705.0,705.0,688.95,695.45,700.6,200743,1391.91,14485,104415.0,52.01
INTENTECH, 17-Aug-2026,81.1,81.18,79.5,79.81,80.34,9392,7.52,231,6294.0,67.01
INTERARCH, 17-Aug-2026,1736.2,1750.0,1705.7,1738.8,1736.2,49538,858.33,3774,29234.0,59.01
INTERNET, 17-Aug-2026,14.27,14.39,14.26,14.35,14.27,345326,49.47,250,321778.0,93.18
INTLCONV, 17-Aug-2026,80.02,82.74,78.01,79.06,75.72,113700,90.71,1634,77251.0,67.94
INVENTURE, 17-Aug-2026,0.92,0.92,0.9,0.9,0.92,548270,5.0,329,369851.0,67.46
INVICTA, 17-Aug-2026,73.0,73.0,73.0,73.0,73.0,3200,2.34,2,3200.0,100.0
IOB, 17-Aug-2026,33.6,33.72,33.2,33.66,33.59,2260169,755.5,11302,981356.0,43.42
IOC, 17-Aug-2026,139.2,139.8,138.12,138.61,139.4,8148346,11311.81,61923,3971446.0,48.74
IOLCP, 17-Aug-2026,166.4,168.09,158.52,161.28,165.58,1847551,2985.57,18435,798645.0,43.23
IONEXCHANG, 17-Aug-2026,372.95,379.8,370.0,374.45,372.95,182560,682.5,8566,77544.0,42.48
IPCALAB, 17-Aug-2026,1805.9,1945.1,1805.9,1884.6,1734.2,6964903,130456.92,338860,1349517.0,19.38
IPHL, 17-Aug-2026,65.4,69.0,65.4,68.7,65.1,9600,6.47,8,8400.0,87.5
IPL, 17-Aug-2026,140.4,142.65,139.86,141.05,140.52,137792,194.45,1937,63113.0,45.8
IPRINGLTD, 17-Aug-2026,129.0,134.8,124.5,134.0,134.8,74,0.09,4,74.0,100.0
IRB, 17-Aug-2026,19.25,19.25,19.02,19.17,19.26,5573147,1065.56,16483,2869101.0,51.48
IRBINVIT, 17-Aug-2026,64.74,64.98,64.43,64.49,64.42,509930,330.14,7157,389430.0,76.37
IRCON, 17-Aug-2026,124.6,124.87,123.12,124.57,124.79,810616,1005.4,12265,323805.0,39.95
IRCTC, 17-Aug-2026,497.5,502.75,495.3,499.95,497.5,629180,3143.39,24424,274240.0,43.59
IREDA, 17-Aug-2026,116.25,116.94,115.0,116.85,116.25,3235182,3748.15,27862,1072159.0,33.14
IRFC, 17-Aug-2026,87.4,87.53,86.2,87.05,87.57,7575722,6574.98,41673,2471982.0,32.63
IRIS, 17-Aug-2026,239.99,255.48,237.0,246.76,238.99,39380,97.2,1495,27088.0,68.79
IRISDOREME, 17-Aug-2026,58.8,59.15,57.21,58.3,57.93,1274823,746.66,2510,615208.0,48.26
IRMENERGY, 17-Aug-2026,298.45,298.45,290.05,292.1,294.15,81337,238.73,2639,40937.0,50.33
ISFT, 17-Aug-2026,83.0,84.0,80.1,82.25,82.33,64230,52.6,494,4518.0,7.03
ISGEC, 17-Aug-2026,747.0,757.8,722.5,746.85,732.15,348652,2581.26,43716,249916.0,71.68
ISHAN, 17-Aug-2026,0.45,0.45,0.45,0.45,0.45,48000,0.22,1,48000.0,100.0
ISHANCH, 17-Aug-2026,47.25,49.7,46.0,47.33,48.17,45269,21.66,720,34221.0,75.59
ISTLTD, 17-Aug-2026,675.0,675.0,650.05,666.9,649.55,86,0.57,16,80.0,93.02
IT, 17-Aug-2026,35.61,35.61,34.2,34.26,34.75,212523,72.97,1338,122505.0,57.64
ITADD, 17-Aug-2026,33.22,33.22,32.69,32.77,33.3,85721,28.08,165,51091.0,59.6
ITAXIS, 17-Aug-2026,337.35,347.03,337.35,341.65,346.0,4825,16.49,137,1998.0,41.41
ITBEES, 17-Aug-2026,35.68,35.68,33.93,34.24,34.81,7911866,2716.7,23318,4263484.0,53.89
ITBETA, 17-Aug-2026,330.45,330.45,323.68,327.67,328.81,963,3.13,57,502.0,52.13
ITC, 17-Aug-2026,278.2,278.2,273.0,273.05,278.2,12795275,35071.77,215376,7652361.0,59.81
ITCHOTELS, 17-Aug-2026,164.93,168.27,164.06,166.36,164.93,1192778,1983.2,18380,684395.0,57.38
ITDC, 17-Aug-2026,697.0,709.95,692.9,698.3,696.75,110582,774.05,8308,22710.0,20.54
ITETF, 17-Aug-2026,33.2,33.25,32.6,32.66,33.2,167175,54.83,1121,95047.0,56.85
ITI, 17-Aug-2026,276.25,278.7,274.05,277.25,276.75,103006,284.33,4026,38408.0,37.29
ITIETF, 17-Aug-2026,35.71,35.71,34.2,34.27,34.84,390584,134.17,2006,244631.0,62.63
ITL, 17-Aug-2026,369.0,369.0,317.85,318.4,329.8,2135,7.01,62,2074.0,97.14
ITTL, 17-Aug-2026,66.6,66.6,66.6,66.6,66.6,105,0.07,1,105.0,100.0
IVALUE, 17-Aug-2026,275.9,283.15,271.6,279.1,278.8,173923,486.61,3474,132097.0,75.95
IVC, 17-Aug-2026,8.25,8.43,8.25,8.32,8.27,133443,11.1,820,100807.0,75.54
IVZINGOLD, 17-Aug-2026,132.45,133.4,132.45,133.25,131.4,18416,24.47,240,11595.0,62.96
IVZINNIFTY, 17-Aug-2026,286.71,286.71,278.2,279.22,279.72,791,2.21,62,451.0,57.02
IWARE, 17-Aug-2026,433.0,440.0,433.0,435.4,433.0,9000,39.44,14,7800.0,86.67
IWP, 17-Aug-2026,34.79,36.39,33.31,34.48,34.96,4475,1.54,64,4128.0,92.25
IXIGO, 17-Aug-2026,173.9,173.9,170.76,172.51,174.03,301269,518.96,9295,133075.0,44.17
IZMO, 17-Aug-2026,962.0,978.75,909.0,916.25,939.45,139996,1316.7,10894,73518.0,52.51
J&KBANK, 17-Aug-2026,154.0,154.8,147.13,147.97,155.48,5611294,8370.76,69284,3113909.0,55.49
JAGRAN, 17-Aug-2026,62.93,63.19,61.77,61.92,62.46,262704,163.05,2940,172328.0,65.6
JAGSNPHARM, 17-Aug-2026,225.98,234.9,224.63,233.53,226.55,91656,212.33,2366,51665.0,56.37
JAIBALAJI, 17-Aug-2026,72.25,73.4,68.61,69.96,70.6,985942,688.84,2858,652762.0,66.21
JAICORPLTD, 17-Aug-2026,100.63,101.94,100.1,101.2,100.63,298875,302.06,3163,155589.0,52.06
JAINAM, 17-Aug-2026,235.0,235.0,235.0,235.0,235.0,500,1.18,1,500.0,100.0
JAINIK, 17-Aug-2026,215.9,215.9,206.0,210.95,207.0,4800,10.13,4,3600.0,75.0
JAINREC, 17-Aug-2026,293.0,303.0,293.0,301.9,293.4,876641,2620.65,17584,321926.0,36.72
JAIPURKURT, 17-Aug-2026,27.49,28.0,26.65,27.43,27.49,3016,0.83,76,2709.0,89.82
JALAN, 17-Aug-2026,1.7,1.7,1.7,1.7,1.65,3000,0.05,1,3000.0,100.0
JAMNAAUTO, 17-Aug-2026,123.13,124.79,122.0,123.33,123.12,1110660,1367.46,10345,496383.0,44.69
JARO, 17-Aug-2026,452.0,461.0,438.0,449.1,453.45,184242,816.31,5884,73633.0,39.97
JASH, 17-Aug-2026,489.4,490.45,480.0,480.5,490.05,61833,299.01,4958,34325.0,55.51
JAYAGROGN, 17-Aug-2026,222.2,223.7,217.1,217.68,222.54,4074,9.01,181,2714.0,66.62
JAYBARMARU, 17-Aug-2026,126.01,129.37,125.77,127.72,127.86,228311,290.95,3707,114462.0,50.13
JAYBEE, 17-Aug-2026,85.05,85.05,79.9,82.7,86.5,23500,19.53,42,19000.0,80.85
JAYKAY, 17-Aug-2026,158.0,158.0,147.95,150.5,155.87,323635,489.43,5938,174944.0,54.06
JAYNECOIND, 17-Aug-2026,88.93,89.49,86.75,88.31,88.93,2570017,2252.31,15531,1205194.0,46.89
JAYSREETEA, 17-Aug-2026,92.01,92.04,87.2,88.32,92.04,129817,114.81,1528,65162.0,50.2
JBMA, 17-Aug-2026,622.0,629.75,618.4,621.35,622.95,207855,1296.75,11017,103307.0,49.7
JENBURPH, 17-Aug-2026,1042.6,1058.0,1042.6,1045.1,1061.8,391,4.08,22,292.0,74.68
JETFREIGHT, 17-Aug-2026,22.4,23.0,22.3,22.73,22.23,64585,14.61,329,46155.0,71.46
JEYYAM, 17-Aug-2026,23.25,23.35,22.8,22.85,23.95,678000,155.65,36,672000.0,99.12
JFLLIFE, 17-Aug-2026,13.7,13.7,12.55,12.55,13.2,18000,2.33,3,18000.0,100.0
JGCHEM, 17-Aug-2026,619.7,630.0,591.25,600.8,606.15,433915,2638.7,13824,168739.0,38.89
JHS, 17-Aug-2026,9.22,9.22,8.4,8.45,8.95,78255,6.8,357,58126.0,74.28
JINDALPHOT, 17-Aug-2026,1075.0,1090.0,1051.0,1057.6,1057.7,2117,22.43,249,1386.0,65.47
JINDALPOLY, 17-Aug-2026,651.85,689.9,651.05,665.65,636.3,73464,489.44,4014,14633.0,19.92
JINDALSAW, 17-Aug-2026,267.0,272.25,264.2,270.4,267.1,421259,1129.02,9968,157988.0,37.5
JINDALSTEL, 17-Aug-2026,1090.1,1118.7,1090.0,1116.1,1091.5,644163,7133.75,21118,240900.0,37.4
JINDRILL, 17-Aug-2026,588.0,589.0,579.75,586.2,588.0,114041,665.96,6148,52366.0,45.92
JINDWORLD, 17-Aug-2026,35.58,35.9,35.04,35.63,35.26,1975859,700.59,5406,370043.0,18.73
JIOFIN, 17-Aug-2026,249.05,249.9,245.75,249.75,249.05,11490495,28446.74,62281,4137741.0,36.01
JISLDVREQS, 17-Aug-2026,21.49,21.89,20.44,21.28,21.02,18033,3.89,116,14358.0,79.62
JISLJALEQS, 17-Aug-2026,26.47,27.99,26.11,27.73,26.49,2819298,766.37,8448,1191596.0,42.27
JITFINFRA, 17-Aug-2026,324.0,324.0,302.8,306.2,314.4,51584,158.85,2094,32119.0,62.27
JIWANRAM, 17-Aug-2026,4.9,4.9,4.9,4.9,4.8,6000,0.29,1,6000.0,100.0
JKCEMENT, 17-Aug-2026,5287.0,5389.0,5165.0,5340.0,5306.5,54293,2867.58,13640,23233.0,42.79
JKIL, 17-Aug-2026,497.6,512.5,495.8,509.65,497.65,177449,899.71,4588,113456.0,63.94
JKIPL, 17-Aug-2026,96.5,99.4,95.72,97.1,100.75,41988,40.58,533,28393.0,67.62
JKLAKSHMI, 17-Aug-2026,550.0,558.7,549.0,557.25,549.05,106684,591.66,9129,62373.0,58.47
JKPAPER, 17-Aug-2026,381.0,385.1,378.0,380.75,379.9,208952,797.87,7375,106418.0,50.93
JKTYRE, 17-Aug-2026,383.0,384.05,380.45,382.0,384.1,388253,1483.5,11416,157947.0,40.68
JLHL, 17-Aug-2026,320.5,320.5,309.35,315.15,315.75,118025,370.96,8664,61621.0,52.21
JMA, 17-Aug-2026,89.99,89.99,87.84,89.2,87.84,14284,12.71,246,10828.0,75.81
JMFINANCIL, 17-Aug-2026,126.11,128.4,125.27,127.91,126.43,2060583,2618.84,14272,1091581.0,52.97
JNKINDIA, 17-Aug-2026,460.0,478.25,456.25,476.35,456.25,488621,2291.13,11207,227785.0,46.62
JNPR, 17-Aug-2026,254.0,256.75,240.0,241.68,251.36,1242333,3049.08,25686,414507.0,33.37
JPOLYINVST, 17-Aug-2026,1019.0,1019.0,1000.0,1006.6,1011.1,3619,36.53,576,1999.0,55.24
JPPOWER, 17-Aug-2026,17.39,17.59,17.2,17.39,17.39,30288768,5268.98,41564,9054605.0,29.89
JSFB, 17-Aug-2026,577.5,577.5,541.6,548.85,577.75,714530,3951.87,19657,334966.0,46.88
JSL, 17-Aug-2026,735.0,747.0,734.2,744.0,737.85,366086,2712.49,19019,240926.0,65.81
JSLL, 17-Aug-2026,521.0,523.0,503.9,517.3,521.35,646563,3311.81,22880,251985.0,38.97
JSWCEMENT, 17-Aug-2026,129.91,130.0,127.4,127.6,130.02,1189077,1522.77,16416,690255.0,58.05
JSWDULUX, 17-Aug-2026,3130.0,3214.0,3127.4,3139.8,3167.4,17238,542.9,1884,10187.0,59.1
JSWENERGY, 17-Aug-2026,558.7,559.9,549.3,555.5,560.0,1221619,6755.62,27398,632403.0,51.77
JSWHL, 17-Aug-2026,11956.0,12075.0,11749.0,11798.0,11874.0,1281,151.56,725,613.0,47.85
JSWINFRA, 17-Aug-2026,339.0,339.0,332.2,335.4,339.15,2358962,7907.15,29389,1729184.0,73.3
JSWSTEEL, 17-Aug-2026,1263.6,1297.0,1250.4,1277.8,1270.0,1404965,17868.81,61091,708245.0,50.41
JTEKTINDIA, 17-Aug-2026,131.0,131.69,129.22,130.18,131.71,155775,203.5,2267,87511.0,56.18
JTLIND, 17-Aug-2026,75.17,76.0,74.46,75.33,75.24,864515,648.14,8725,433754.0,50.17
JUBLCPL, 17-Aug-2026,2390.2,2414.9,2300.0,2342.4,2407.5,19110,448.85,2517,7254.0,37.96
JUBLFOOD, 17-Aug-2026,504.2,512.6,501.8,511.5,504.1,2025328,10295.54,67533,940412.0,46.43
JUBLINGREA, 17-Aug-2026,743.95,750.75,725.15,732.8,736.95,164337,1206.46,13631,93681.0,57.01
JUBLPHARMA, 17-Aug-2026,865.8,878.0,847.85,866.95,865.8,309691,2674.27,28061,151989.0,49.08
JUNIORBEES, 17-Aug-2026,823.97,823.97,804.2,808.27,807.81,263187,2122.64,11329,143508.0,54.53
JUNIPER, 17-Aug-2026,195.5,195.5,190.0,192.09,192.98,137393,264.78,3122,58282.0,42.42
JUSTDIAL, 17-Aug-2026,681.5,684.3,671.8,680.3,681.0,104146,705.12,3797,49964.0,47.97
JWL, 17-Aug-2026,250.0,253.95,247.0,252.65,256.5,865865,2175.26,18436,295582.0,34.14
JYOTHYLAB, 17-Aug-2026,199.36,215.0,196.28,213.93,199.36,4700675,9723.79,44361,2477849.0,52.71
JYOTICNC, 17-Aug-2026,829.8,860.0,829.8,857.95,826.9,1004133,8531.55,31646,493524.0,49.15
JYOTIRES, 17-Aug-2026,856.0,884.95,850.0,855.5,870.0,5566,48.08,374,5006.0,89.94
JYOTISTRUC, 17-Aug-2026,10.61,10.82,10.51,10.65,10.62,3502466,372.45,3978,1469497.0,41.96
K2INFRA, 17-Aug-2026,50.5,53.0,49.5,50.0,50.5,16800,8.67,25,12600.0,75.0
KABRAEXTRU, 17-Aug-2026,519.0,524.7,505.0,520.5,517.4,188101,973.12,6784,86972.0,46.24
KAJARIACER, 17-Aug-2026,1259.0,1261.5,1234.9,1251.6,1253.4,364900,4561.91,24341,241125.0,66.08
KAKATCEM, 17-Aug-2026,110.0,110.0,106.0,109.49,107.58,1745,1.91,50,1528.0,87.56
KALAMANDIR, 17-Aug-2026,87.39,87.5,85.76,86.16,87.04,306318,265.1,3178,176704.0,57.69
KALANA, 17-Aug-2026,20.0,20.0,19.7,20.0,19.05,14000,2.79,7,12000.0,85.71
KALPATARU, 17-Aug-2026,286.25,290.5,281.4,283.1,286.25,26859,76.45,1298,10108.0,37.63
KALYANIFRG, 17-Aug-2026,647.95,670.0,634.85,651.7,643.5,2904,18.88,227,2147.0,73.93
KALYANKJIL, 17-Aug-2026,609.0,621.8,603.25,610.0,608.25,10038788,61496.05,90822,2143193.0,21.35
KAMAHOLD, 17-Aug-2026,2452.8,2547.0,2444.5,2456.4,2449.5,8208,202.24,920,4935.0,60.12
KAMANWALA, 17-Aug-2026,17.9,18.0,13.55,13.55,16.5,11564,2.05,7,11564.0,100.0
KAMATHOTEL, 17-Aug-2026,197.3,197.99,188.61,194.64,195.87,64966,125.16,1722,35476.0,54.61
KAMOPAINTS, 17-Aug-2026,4.54,4.59,4.41,4.43,4.54,193816,8.63,494,164111.0,84.67
KANANIIND, 17-Aug-2026,1.46,1.52,1.46,1.5,1.49,64092,0.96,167,56116.0,87.56
KANCHI, 17-Aug-2026,370.0,378.0,360.05,377.65,370.6,338,1.25,51,284.0,84.02
KANCOTEA, 17-Aug-2026,50.8,50.8,47.99,49.65,49.04,1041,0.5,15,1020.0,97.98
KANDARP, 17-Aug-2026,99.7,102.1,97.1,97.1,104.95,19000,18.98,19,11000.0,57.89
KANPRPLA, 17-Aug-2026,253.19,272.2,252.81,262.85,251.18,184581,488.84,5133,66339.0,35.94
KANSAINER, 17-Aug-2026,205.6,207.64,204.15,205.8,204.75,95977,197.26,3788,51711.0,53.88
KAPSTON, 17-Aug-2026,593.9,593.9,495.75,522.7,588.4,271846,1460.77,12953,135129.0,49.71
KARMAENG, 17-Aug-2026,40.45,40.9,39.3,40.52,39.71,1134,0.46,44,705.0,62.17
KARNIKA, 17-Aug-2026,115.0,115.0,109.1,113.55,118.95,45000,50.77,41,24000.0,53.33
KARURVYSYA, 17-Aug-2026,331.75,335.75,326.6,334.0,331.75,1638570,5436.49,40814,819546.0,50.02
KATARIA, 17-Aug-2026,96.0,96.0,95.85,95.85,97.0,1200,1.15,2,1200.0,100.0
KAVDEFENCE, 17-Aug-2026,56.96,56.96,54.16,56.61,56.96,153358,85.1,1459,66864.0,43.6
KAYA, 17-Aug-2026,296.85,349.0,290.8,336.65,296.85,173026,565.96,5361,71565.0,41.36
KAYNES, 17-Aug-2026,3679.1,3730.0,3630.1,3651.0,3660.2,641033,23605.34,41949,126892.0,19.79
KAYTEX, 17-Aug-2026,57.0,57.0,56.3,56.3,58.25,1600,0.91,2,1600.0,100.0
KCEIL, 17-Aug-2026,81.0,81.0,75.0,76.8,81.15,39000,29.9,60,35500.0,91.03
KCK, 17-Aug-2026,15.05,15.05,14.9,14.9,15.05,67500,10.06,15,67500.0,100.0
KCP, 17-Aug-2026,154.36,158.5,151.55,155.28,156.22,185829,286.08,3257,120766.0,64.99
KDDL, 17-Aug-2026,3930.2,4097.0,3866.0,4084.6,3930.2,28783,1157.69,5885,14350.0,49.86
KDL, 17-Aug-2026,103.8,104.0,88.35,91.8,96.35,45150,41.8,186,37800.0,83.72
KEC, 17-Aug-2026,440.2,441.95,433.35,436.35,439.9,788887,3436.08,20247,386363.0,48.98
KECL, 17-Aug-2026,143.56,144.39,135.15,137.5,143.56,326745,452.84,4936,179851.0,55.04
KEEPLEARN, 17-Aug-2026,2.08,2.08,1.85,1.92,1.83,149955,2.93,381,82563.0,55.06
KEI, 17-Aug-2026,5700.0,5880.0,5680.0,5873.0,5700.0,343807,20047.9,35609,120317.0,35.0
KELLTONTEC, 17-Aug-2026,13.68,13.7,13.4,13.54,13.71,1402054,189.42,2934,928377.0,66.22
KEN, 17-Aug-2026,42.2,42.2,41.95,42.0,43.0,6000,2.52,5,4800.0,80.0
KENNAMET, 17-Aug-2026,3574.0,3639.8,3537.9,3551.7,3513.3,31294,1123.25,5695,17009.0,54.35
KERNEX, 17-Aug-2026,2001.0,2041.4,1711.7,1751.7,2024.2,1555993,28654.76,95327,594346.0,38.2
KEYFINSERV, 17-Aug-2026,269.85,269.85,246.35,257.95,267.2,1279,3.27,60,676.0,52.85
KFINTECH, 17-Aug-2026,945.2,981.05,925.7,973.0,940.0,2105146,20274.8,47508,806677.0,38.32
KHAICHEM, 17-Aug-2026,52.02,60.5,52.02,59.75,52.37,1627884,936.27,10213,871111.0,53.51
KHAITANLTD, 17-Aug-2026,137.15,147.97,137.15,147.04,139.18,6148,8.94,157,4767.0,77.54
KHANDSE, 17-Aug-2026,17.95,17.95,16.8,17.25,17.7,1987,0.34,80,1412.0,71.06
KHFM, 17-Aug-2026,45.3,48.6,45.3,48.6,48.65,3100,1.46,2,3100.0,100.0
KICL, 17-Aug-2026,5261.5,5339.0,5261.5,5292.5,5305.0,943,49.9,171,675.0,71.58
KIMS, 17-Aug-2026,811.0,818.75,799.0,800.4,809.1,566635,4550.99,13409,397398.0,70.13
KINGFA, 17-Aug-2026,6120.0,6144.0,5785.5,6087.5,5870.0,143470,8620.36,28444,49270.0,34.34
KIOCL, 17-Aug-2026,389.45,393.7,384.65,388.15,389.55,66532,257.96,3891,31156.0,46.83
KIRANVYPAR, 17-Aug-2026,201.29,202.18,198.8,201.75,201.18,1437,2.88,12,1386.0,96.45
KIRIINDUS, 17-Aug-2026,413.8,419.2,410.0,410.45,411.45,170227,702.54,3832,75661.0,44.45
KIRLFER, 17-Aug-2026,437.75,443.4,428.0,433.2,432.3,644676,2777.78,10696,542208.0,84.11
KIRLOSBROS, 17-Aug-2026,1927.0,1952.8,1897.0,1942.9,1905.5,41224,798.45,8317,20036.0,48.6
KIRLOSENG, 17-Aug-2026,2100.1,2122.0,2070.0,2101.6,2100.1,327449,6854.92,24184,175186.0,53.5
KIRLOSIND, 17-Aug-2026,3722.4,3850.0,3722.4,3842.9,3754.4,5955,227.58,1005,3618.0,60.76
KIRLPNU, 17-Aug-2026,1550.0,1552.0,1514.2,1534.3,1524.7,112018,1718.99,14515,55439.0,49.49
KISSHT, 17-Aug-2026,307.55,308.5,301.6,304.6,309.5,949197,2897.51,19056,501689.0,52.85
KITEX, 17-Aug-2026,130.25,133.11,125.99,128.81,134.24,1297428,1668.73,13920,560976.0,43.24
KJMCFIN, 17-Aug-2026,56.83,59.0,51.01,58.85,57.0,1308,0.77,4,1288.0,98.47
KKCL, 17-Aug-2026,513.0,522.95,512.0,521.0,512.7,30336,156.87,2351,20017.0,65.98
KKJEWELS, 17-Aug-2026,102.0,102.5,102.0,102.5,104.0,9000,9.21,4,9000.0,100.0
KKVAPOW, 17-Aug-2026,428.85,428.85,428.85,428.85,451.4,171,0.73,1,171.0,100.0
KLBRENG-B, 17-Aug-2026,336.3,350.95,332.4,346.9,358.2,519028,1777.01,8736,320823.0,61.81
KLL, 17-Aug-2026,24.95,24.95,22.05,22.5,22.15,17600,4.01,22,12800.0,72.73
KMCSHIL, 17-Aug-2026,137.7,148.0,134.7,143.13,132.8,538702,766.93,5389,319641.0,59.34
KMEW, 17-Aug-2026,2850.0,2999.9,2706.5,2756.5,2730.8,597878,17006.32,68176,151403.0,25.32
KMSUGAR, 17-Aug-2026,27.56,30.6,27.0,29.79,27.56,956989,280.47,3652,572974.0,59.87
KNACK, 17-Aug-2026,208.02,215.4,201.25,207.56,208.02,1764429,3705.66,18508,656668.0,37.22
KNAGRI, 17-Aug-2026,228.6,228.6,214.1,216.19,225.91,114667,253.72,382,110717.0,96.56
KNRCON, 17-Aug-2026,131.0,136.67,126.55,134.6,132.43,2154878,2836.87,23065,819435.0,38.03
KODYTECH, 17-Aug-2026,1399.95,1400.0,1364.0,1396.65,1399.0,5200,72.36,50,4900.0,94.23
KOHINOOR, 17-Aug-2026,28.3,28.65,27.11,27.78,27.72,589879,163.94,5443,260243.0,44.12
KOKUYOCMLN, 17-Aug-2026,83.39,85.0,81.75,84.73,81.54,74463,62.38,1038,56260.0,75.55
KOLTEPATIL, 17-Aug-2026,484.8,484.8,468.75,471.65,477.7,91045,431.23,3692,35120.0,38.57
KONSTELEC, 17-Aug-2026,61.4,61.4,56.75,61.25,58.7,12000,7.05,12,9000.0,75.0
KONTOR, 17-Aug-2026,55.05,62.95,55.05,62.0,61.0,1800,1.08,3,1200.0,66.67
KORE, 17-Aug-2026,170.0,170.1,146.0,151.4,177.0,4750,7.43,15,3750.0,78.95
KOTAKBANK, 17-Aug-2026,389.0,396.35,389.0,392.7,391.15,5105327,20090.24,52980,2806574.0,54.97
KOTARISUG, 17-Aug-2026,25.71,26.77,25.71,26.29,26.28,97357,25.66,363,56983.0,58.53
KOTHARIPET, 17-Aug-2026,138.88,140.33,133.0,133.91,143.92,209987,282.98,3367,95941.0,45.69
KOTHARIPRO, 17-Aug-2026,70.8,70.8,68.0,68.58,68.98,9352,6.42,172,7844.0,83.88
KOTIC, 17-Aug-2026,145.45,145.45,141.2,143.36,146.18,11944,17.11,420,7034.0,58.89
KOVAI, 17-Aug-2026,6041.5,6155.0,5959.5,6122.0,6038.5,6978,423.45,2643,4071.0,58.34
KPEL, 17-Aug-2026,252.9,254.7,240.1,243.75,252.1,765292,1865.6,14908,407908.0,53.3
KPIGREEN, 17-Aug-2026,319.0,319.0,301.2,303.1,319.0,2908257,8897.83,53767,1478310.0,50.83
KPIL, 17-Aug-2026,1367.2,1410.0,1350.1,1404.2,1352.2,358730,4976.42,25540,164257.0,45.79
KPITTECH, 17-Aug-2026,617.0,617.0,603.25,609.0,614.0,941451,5723.45,17470,224925.0,23.89
KPL, 17-Aug-2026,3564.8,3744.0,3505.3,3598.1,3436.5,102313,3692.62,17129,38643.0,37.77
KPRMILL, 17-Aug-2026,1109.8,1140.0,1098.0,1135.6,1110.0,303056,3404.14,23066,158730.0,52.38
KRBL, 17-Aug-2026,387.6,398.6,380.25,395.7,386.4,874538,3416.24,21209,382756.0,43.77
KREBSBIO, 17-Aug-2026,54.89,56.2,54.22,54.66,54.6,3207,1.76,37,2232.0,69.6
KRISHANA, 17-Aug-2026,193.0,195.71,186.1,187.27,190.68,707831,1341.5,10554,338807.0,47.87
KRISHCA, 17-Aug-2026,167.1,170.95,163.0,166.25,173.8,9500,15.76,19,5000.0,52.63
KRISHIVAL, 17-Aug-2026,408.95,410.0,407.0,408.3,406.6,5780,23.63,304,4136.0,71.56
KRISHNADEF, 17-Aug-2026,1080.0,1109.0,1040.1,1062.5,1077.7,119878,1294.38,9543,54137.0,45.16
KRITI, 17-Aug-2026,72.8,72.8,65.31,66.73,67.77,13063,8.82,154,10137.0,77.6
KRITIKA, 17-Aug-2026,5.61,5.72,5.46,5.54,5.59,80149,4.44,448,62851.0,78.42
KRITINUT, 17-Aug-2026,82.16,86.25,82.01,85.15,82.16,16080,13.62,514,13998.0,87.05
KRMAYURVED, 17-Aug-2026,279.5,284.95,268.0,272.85,282.85,160000,440.99,120,112000.0,70.0
KRN, 17-Aug-2026,1541.7,1541.7,1469.0,1539.7,1468.3,967802,14788.57,19066,583973.0,60.34
KRONOX, 17-Aug-2026,150.0,153.31,147.36,151.52,150.53,122749,185.05,2752,58322.0,47.51
KROSS, 17-Aug-2026,212.0,212.39,204.04,205.2,210.2,338028,701.19,7052,145351.0,43.0
KRSNAA, 17-Aug-2026,572.95,575.3,549.45,558.45,575.3,83776,467.42,8652,43384.0,51.79
KRT, 17-Aug-2026,115.8,116.25,115.41,115.48,115.98,577559,668.59,11351,519418.0,89.93
KRYSTAL, 17-Aug-2026,620.1,625.75,620.0,620.4,620.0,12806,79.44,319,9410.0,73.48
KSB, 17-Aug-2026,795.3,808.25,786.3,795.25,801.25,47398,375.59,5183,26033.0,54.92
KSCL, 17-Aug-2026,779.0,779.0,761.0,772.3,779.95,112764,868.02,6601,66212.0,58.72
KSE, 17-Aug-2026,195.0,205.0,189.99,194.47,207.95,37866,73.34,752,31136.0,82.23
KSHINTL, 17-Aug-2026,1039.0,1048.7,1013.0,1022.35,1028.6,278762,2866.69,21382,118267.0,42.43
KSHITIJPOL, 17-Aug-2026,3.03,3.14,2.96,3.03,3.11,2220637,67.2,1252,1319315.0,59.41
KSL, 17-Aug-2026,838.95,861.3,825.7,829.8,838.95,52362,435.59,2503,30824.0,58.87
KSOLVES, 17-Aug-2026,278.0,278.2,267.75,274.1,277.1,23877,65.41,1510,12811.0,53.65
KSR, 17-Aug-2026,28.5,30.0,28.5,29.3,29.86,1038,0.3,39,519.0,50.0
KTKBANK, 17-Aug-2026,310.0,310.3,303.55,306.5,309.65,1251381,3841.57,18600,565130.0,45.16
KUANTUM, 17-Aug-2026,82.49,82.49,79.82,80.33,80.66,173637,140.83,1729,104463.0,60.16
KUSUMGAR, 17-Aug-2026,603.85,604.0,585.9,592.25,601.85,401232,2381.5,17370,180302.0,44.94
KWIL, 17-Aug-2026,36.1,39.4,35.7,38.79,35.99,84522079,32256.66,140635,21511971.0,25.45
LADDERUP, 17-Aug-2026,51.65,51.98,47.0,49.11,52.8,428,0.21,10,377.0,88.08
LAGNAM, 17-Aug-2026,79.95,81.3,77.03,77.94,78.79,9056,7.14,218,6890.0,76.08
LAHOTIOV, 17-Aug-2026,40.05,43.0,40.05,42.98,41.03,11008,4.63,49,9514.0,86.43
LAKSHYA, 17-Aug-2026,81.95,81.95,79.1,81.5,82.3,14400,11.53,16,11200.0,77.78
LAL, 17-Aug-2026,9.05,9.05,8.36,8.72,8.8,18445,1.62,156,15300.0,82.95
LALPATHLAB, 17-Aug-2026,1931.0,1931.0,1870.1,1877.3,1916.3,134988,2551.05,21092,56874.0,42.13
LAMBODHARA, 17-Aug-2026,114.4,114.4,110.1,110.1,111.54,4436,4.93,102,3374.0,76.06
LAMOSAIC, 17-Aug-2026,56.5,57.25,55.8,55.8,56.5,14400,8.09,16,13800.0,95.83
LANCER, 17-Aug-2026,10.91,11.35,10.1,11.07,149.7,213360,23.42,970,148795.0,69.74
LANCORHOL, 17-Aug-2026,29.16,30.0,28.0,29.29,28.88,193989,56.94,3697,116504.0,60.06
LANDMARK, 17-Aug-2026,511.65,518.9,505.6,511.0,511.65,130878,668.39,4542,51303.0,39.2
LANDSMILL, 17-Aug-2026,0.76,0.77,0.75,0.75,0.76,1833274,13.91,1169,1088309.0,59.36
LAOPALA, 17-Aug-2026,194.45,195.3,189.5,191.22,192.51,185753,356.11,5169,102564.0,55.22
LASA, 17-Aug-2026,7.56,7.56,7.07,7.14,7.41,26290,1.9,205,17613.0,67.0
LASERPOWER, 17-Aug-2026,302.95,329.95,302.95,324.35,302.9,6308669,19820.95,61622,2229434.0,35.34
LATENTVIEW, 17-Aug-2026,288.9,288.9,281.9,285.5,285.2,250899,714.63,7494,114929.0,45.81
LATTEYS, 17-Aug-2026,20.99,23.98,20.8,23.29,20.59,651587,147.65,2420,377748.0,57.97
LAURUSLABS, 17-Aug-2026,1770.0,1824.0,1769.4,1809.7,1787.3,1631767,29375.05,52512,813401.0,49.85
LAXMICOT, 17-Aug-2026,13.85,14.4,13.3,13.41,13.42,10176,1.4,75,7593.0,74.62
LAXMIDENTL, 17-Aug-2026,201.3,206.79,199.11,200.64,201.82,172420,347.5,5123,82939.0,48.1
LAXMIINDIA, 17-Aug-2026,124.9,138.9,124.51,136.56,124.38,634526,831.01,2910,398728.0,62.84
LCCINFOTEC, 17-Aug-2026,4.2,4.2,3.61,3.82,3.92,42310,1.62,153,33358.0,78.84
LCL, 17-Aug-2026,532.6,553.5,524.65,546.2,528.95,564297,3060.14,17270,251360.0,44.54
LEAPIND, 17-Aug-2026,152.0,158.7,150.68,155.49,144.93,28512997,44312.62,251745,12468478.0,43.73
LEENEE, 17-Aug-2026,6.99,7.45,6.99,7.06,7.28,7919,0.56,29,7869.0,99.37
LEMERITE, 17-Aug-2026,23.55,23.55,22.76,23.25,23.17,249207,57.79,804,90738.0,36.41
LEMONTREE, 17-Aug-2026,108.92,110.15,108.52,109.55,108.92,2895272,3161.92,38708,1978649.0,68.34
LENSKART, 17-Aug-2026,617.5,617.8,600.95,607.6,611.85,21874987,132746.32,109175,11906398.0,54.43
LEXUS, 17-Aug-2026,13.9,14.24,13.4,13.58,13.57,12975,1.78,126,8731.0,67.29
LFIC, 17-Aug-2026,140.5,144.9,136.06,140.7,140.21,1393,1.96,93,745.0,53.48
LGBBROSLTD, 17-Aug-2026,1612.5,1612.5,1588.4,1602.8,1596.7,13770,220.04,2710,7917.0,57.49
LGEINDIA, 17-Aug-2026,1737.1,1755.0,1658.1,1667.6,1729.7,2114300,35888.31,87271,1130282.0,53.46
LGHL, 17-Aug-2026,175.0,184.73,175.0,177.62,182.0,12981,23.11,611,4109.0,31.65
LIBAS, 17-Aug-2026,9.99,9.99,9.5,9.52,9.72,29853,2.85,171,21942.0,73.5
LIBERTSHOE, 17-Aug-2026,240.0,249.6,237.55,248.05,238.7,84962,207.92,1708,56473.0,66.47
LICHSGFIN, 17-Aug-2026,500.0,500.05,496.25,498.25,500.0,2838836,14144.43,37791,1898751.0,66.88
LICI, 17-Aug-2026,413.45,414.85,410.0,410.0,413.5,4621227,19062.95,46755,2867580.0,62.05
LICMFGOLD, 17-Aug-2026,136.75,138.45,136.75,137.5,136.4,51143,70.42,595,29101.0,56.9
LICNETFGSC, 17-Aug-2026,29.73,29.84,29.3,29.51,29.73,19745,5.82,109,18828.0,95.36
LICNETFN50, 17-Aug-2026,275.88,275.88,272.0,273.74,273.15,190,0.52,36,156.0,82.11
LICNETFSEN, 17-Aug-2026,888.8,888.8,880.61,880.61,880.0,33,0.29,4,32.0,96.97
LICNFNHGP, 17-Aug-2026,278.73,281.17,277.56,281.16,278.73,135,0.38,22,125.0,92.59
LICNMID100, 17-Aug-2026,64.46,64.46,63.35,64.17,64.46,3791,2.43,77,3445.0,90.87
LIKHITHA, 17-Aug-2026,213.01,216.1,205.2,206.67,217.17,75594,157.5,2216,46566.0,61.6
LINC, 17-Aug-2026,97.05,99.43,97.0,97.28,97.92,11072,10.8,286,6886.0,62.19
LINCOLN, 17-Aug-2026,618.9,628.9,612.55,623.35,613.4,38412,238.76,1983,19932.0,51.89
LINDEINDIA, 17-Aug-2026,6705.0,6770.0,6575.0,6732.0,6696.0,30727,2048.05,6545,16247.0,52.88
LIQGRWBEES, 17-Aug-2026,1051.94,1051.96,1051.94,1051.95,1051.81,101910,1072.04,184,62557.0,61.38
LIQUID, 17-Aug-2026,999.99,1000.0,999.99,999.99,999.99,149724,1497.23,193,75630.0,50.51
LIQUID1, 17-Aug-2026,1118.38,1118.53,1117.52,1118.52,1118.38,436047,4877.26,1680,275068.0,63.08
LIQUIDADD, 17-Aug-2026,1140.64,1140.65,1140.62,1140.64,1140.49,707954,8075.21,1636,285085.0,40.27
LIQUIDBEES, 17-Aug-2026,999.62,1000.01,999.61,999.99,1000.0,1913872,19138.66,3627,1469307.0,76.77
LIQUIDBETA, 17-Aug-2026,1004.49,1004.49,1004.49,1004.49,1003.71,5,0.05,1,5.0,100.0
LIQUIDBETF, 17-Aug-2026,1094.93,1094.93,1094.91,1094.92,1094.78,158384,1734.18,1098,121396.0,76.65
LIQUIDCASE, 17-Aug-2026,115.49,115.51,115.49,115.49,115.49,12813007,14799.03,10644,9621673.0,75.09
LIQUIDETF, 17-Aug-2026,999.99,1000.01,999.99,1000.0,999.99,3052381,30523.81,357,3030974.0,99.3
LIQUIDIETF, 17-Aug-2026,999.99,1000.01,999.76,999.99,998.9,366430,3664.3,377,224371.0,61.23
LIQUIDPLUS, 17-Aug-2026,1099.21,1099.23,1099.21,1099.21,1099.09,948006,10420.58,317,916264.0,96.65
LIQUIDSBI, 17-Aug-2026,999.99,1000.01,999.99,999.99,1000.0,45149,451.49,44,33308.0,73.77
LIQUIDSHRI, 17-Aug-2026,1117.64,1117.64,1117.62,1117.64,1117.48,1591,17.78,22,921.0,57.89
LKPSEC, 17-Aug-2026,16.91,16.91,15.2,16.44,15.38,2840,0.46,40,2273.0,80.04
LLOYDS, 17-Aug-2026,62.9,62.9,62.9,62.9,62.9,2000,1.26,2,2000.0,100.0
LLOYDSENGG, 17-Aug-2026,93.54,93.95,91.01,91.21,93.53,5124804,4711.63,23294,2401866.0,46.87
LLOYDSENT, 17-Aug-2026,76.5,76.74,74.52,75.65,76.49,2487907,1878.49,12452,1128063.0,45.34
LLOYDSME, 17-Aug-2026,1920.0,1947.0,1908.4,1942.0,1918.6,264020,5099.22,14404,136484.0,51.69
LMW, 17-Aug-2026,19047.0,20151.0,18765.0,20047.0,18921.0,22275,4370.65,7247,10881.0,48.85
LODHA, 17-Aug-2026,1243.4,1254.0,1220.6,1254.0,1243.9,856360,10631.55,22590,267935.0,31.29
LORDSCHLO, 17-Aug-2026,139.4,142.0,135.02,139.98,138.53,12952,17.89,357,8667.0,66.92
LOTUSCHO, 17-Aug-2026,620.0,635.0,595.9,622.05,622.4,829,5.11,116,648.0,78.17
LOTUSEYE, 17-Aug-2026,115.22,119.0,115.22,115.83,115.22,4017,4.68,203,2126.0,52.93
LOVABLE, 17-Aug-2026,72.05,73.99,71.52,72.04,72.7,7868,5.68,102,6216.0,79.0
LOWVOL, 17-Aug-2026,210.52,210.54,209.59,209.6,210.85,3285,6.89,16,3223.0,98.11
LOWVOL1, 17-Aug-2026,21.57,21.57,21.35,21.46,21.58,640875,137.72,259,588006.0,91.75
LOWVOLIETF, 17-Aug-2026,23.04,23.04,22.46,22.51,22.59,831376,187.11,1705,659503.0,79.33
LOYALTEX, 17-Aug-2026,234.94,234.94,220.0,221.0,218.2,590,1.32,29,456.0,77.29
LPDC, 17-Aug-2026,8.24,8.24,7.71,7.87,8.12,166450,13.25,525,108230.0,65.02
LT, 17-Aug-2026,4041.0,4086.7,4026.0,4086.7,4057.0,1066164,43250.4,49368,552749.0,51.84
LTF, 17-Aug-2026,307.0,315.0,304.5,315.0,306.3,3074384,9559.56,31871,1244666.0,40.49
LTFOODS, 17-Aug-2026,419.8,421.5,416.0,417.15,419.8,202754,848.51,17906,113428.0,55.94
LTGILTBEES, 17-Aug-2026,30.19,30.19,30.02,30.05,30.12,1414240,425.24,1006,1014237.0,71.72
LTGILTCASE, 17-Aug-2026,31.31,31.31,30.59,30.62,30.7,77335,23.69,261,75754.0,97.96
LTM, 17-Aug-2026,4715.0,4715.0,4602.0,4700.0,4715.0,291825,13632.18,27197,120481.0,41.29
LTTS, 17-Aug-2026,3484.0,3536.4,3466.4,3528.5,3476.8,93595,3286.91,19021,43062.0,46.01
LUMAXIND, 17-Aug-2026,5800.0,5876.0,5767.5,5792.0,5796.5,6502,377.0,2341,3623.0,55.72
LUMAXTECH, 17-Aug-2026,2040.1,2074.3,2026.2,2049.0,2025.7,134817,2766.08,16616,59848.0,44.39
LUPIN, 17-Aug-2026,2231.5,2266.0,2220.3,2259.0,2235.0,730234,16385.16,42107,426994.0,58.47
LUXIND, 17-Aug-2026,1165.0,1224.0,1154.1,1209.0,1188.1,48400,581.19,4481,17722.0,36.62
LXCHEM, 17-Aug-2026,176.0,180.76,175.2,179.66,176.05,694981,1242.67,10623,286199.0,41.18
M&M, 17-Aug-2026,3428.3,3451.9,3388.3,3390.4,3428.3,1756791,59917.94,71607,1107454.0,63.04
M&MFIN, 17-Aug-2026,390.1,394.45,386.0,388.9,390.1,1488649,5799.81,34244,673414.0,45.24
MAANALU, 17-Aug-2026,123.8,123.8,118.01,119.33,120.15,42879,51.21,805,27900.0,65.07
MACOBSTECH, 17-Aug-2026,205.05,211.0,205.0,207.4,209.0,30400,63.98,7,28000.0,92.11
MACPOWER, 17-Aug-2026,1739.9,1800.0,1724.4,1781.4,1749.3,28467,502.84,3076,15827.0,55.6
MADHAV, 17-Aug-2026,36.5,36.5,35.04,35.87,35.04,5523,1.98,26,5428.0,98.28
MADHAVBAUG, 17-Aug-2026,173.0,173.0,173.0,173.0,179.0,800,1.38,1,800.0,100.0
MADHAVIPL, 17-Aug-2026,7.21,7.33,7.0,7.04,7.07,69932,4.97,339,48022.0,68.67
MADHUSUDAN, 17-Aug-2026,228.0,231.9,220.0,224.8,224.35,19000,42.63,19,8000.0,42.11
MADRASFERT, 17-Aug-2026,65.56,65.97,64.2,65.03,65.56,44022,28.55,752,24930.0,56.63
MAFANG, 17-Aug-2026,211.42,211.42,210.0,211.42,207.39,212824,449.89,4422,210702.0,99.0
MAFATIND, 17-Aug-2026,123.0,126.0,120.28,124.21,122.55,37172,45.74,734,25281.0,68.01
MAGADSUGAR, 17-Aug-2026,543.5,582.55,542.4,570.65,543.3,88459,502.98,5482,35742.0,40.41
MAGNUM, 17-Aug-2026,19.14,19.52,19.14,19.28,19.03,14737,2.84,61,14616.0,99.18
MAGSON, 17-Aug-2026,184.0,190.95,184.0,190.7,184.0,8000,15.08,8,7000.0,87.5
MAHABANK, 17-Aug-2026,80.13,81.49,79.68,81.1,80.12,8038098,6468.26,41826,3999432.0,49.76
MAHAPEXLTD, 17-Aug-2026,50.41,54.99,50.41,54.09,50.41,45119,24.24,376,30806.0,68.28
MAHEPC, 17-Aug-2026,108.0,109.45,106.05,107.31,107.56,21754,23.41,470,11978.0,55.06
MAHICKRA, 17-Aug-2026,290.0,298.0,290.0,295.0,295.0,2250,6.64,3,2250.0,100.0
MAHKTECH, 17-Aug-2026,22.82,23.5,22.82,23.26,23.41,1093296,255.59,6866,905908.0,82.86
MAHLIFE, 17-Aug-2026,386.1,390.25,375.35,386.65,384.9,125955,480.99,9948,69219.0,54.96
MAHLOG, 17-Aug-2026,403.85,407.75,397.35,404.95,405.5,161545,649.94,7723,87283.0,54.03
MAHSCOOTER, 17-Aug-2026,13399.0,13527.0,13230.0,13449.0,13330.0,1471,196.7,760,722.0,49.08
MAHSEAMLES, 17-Aug-2026,612.45,623.35,606.4,622.0,612.45,106253,654.34,10344,63785.0,60.03
MAITHANALL, 17-Aug-2026,971.25,986.0,960.0,980.0,971.25,33036,321.59,1882,18066.0,54.69
MAITREYA, 17-Aug-2026,122.05,122.05,112.05,115.5,122.0,4800,5.52,12,4000.0,83.33
MAKEINDIA, 17-Aug-2026,170.51,170.51,168.21,169.29,168.82,73257,123.61,553,42205.0,57.61
MAKERSL, 17-Aug-2026,164.6,171.95,150.05,152.59,156.1,315,0.5,14,241.0,76.51
MAKS, 17-Aug-2026,15.5,15.5,15.5,15.5,16.3,3000,0.47,2,3000.0,100.0
MAL, 17-Aug-2026,29.3,29.3,29.3,29.3,30.9,1600,0.47,1,1600.0,100.0
MALLCOM, 17-Aug-2026,960.0,993.4,950.0,956.0,969.55,3828,36.76,329,2649.0,69.2
MALUPAPER, 17-Aug-2026,31.5,32.0,31.25,31.85,31.63,7050,2.23,155,5484.0,77.79
MAMATA, 17-Aug-2026,398.05,422.0,397.25,405.6,426.5,189448,773.0,6267,70049.0,36.98
MANAKALUCO, 17-Aug-2026,39.33,39.33,38.0,38.11,39.33,69502,26.62,1085,42537.0,61.2
MANAKCOAT, 17-Aug-2026,116.3,124.0,115.3,121.88,116.35,484555,581.68,3081,277373.0,57.24
MANAKSIA, 17-Aug-2026,59.99,60.45,58.22,58.87,59.0,12573,7.42,250,7771.0,61.81
MANAKSTEEL, 17-Aug-2026,85.0,88.2,84.69,85.03,86.12,68020,58.54,995,33441.0,49.16
MANALIPETC, 17-Aug-2026,69.29,69.75,67.1,67.64,69.27,492082,338.18,3881,257178.0,52.26
MANAPPURAM, 17-Aug-2026,347.05,350.35,344.2,348.6,349.0,2734419,9499.18,20065,1219129.0,44.58
MANBA, 17-Aug-2026,130.02,132.07,129.5,130.52,130.02,88148,115.15,966,39674.0,45.01
MANBRO, 17-Aug-2026,59.1,59.1,52.0,54.0,53.73,98276,53.08,63,94172.0,95.82
MANCREDIT, 17-Aug-2026,239.7,240.06,233.0,236.73,238.07,90084,212.65,2005,49254.0,54.68
MANDEEP, 17-Aug-2026,18.25,19.9,18.25,19.7,19.2,52000,10.12,4,50000.0,96.15
MANGALAM, 17-Aug-2026,28.21,28.79,27.5,27.84,28.07,23536,6.58,186,15482.0,65.78
MANGLMCEM, 17-Aug-2026,890.9,890.9,870.0,872.55,896.35,24801,217.52,795,18940.0,76.37
MANILAM, 17-Aug-2026,46.25,46.25,46.0,46.1,47.0,4000,1.85,2,4000.0,100.0
MANINDS, 17-Aug-2026,607.15,634.0,599.45,630.35,599.45,900960,5580.45,25333,422189.0,46.86
MANINFRA, 17-Aug-2026,106.15,107.25,103.6,104.12,106.15,1434348,1507.96,5871,953033.0,66.44
MANIPALHOS, 17-Aug-2026,714.95,730.0,700.15,722.9,706.95,2156071,15397.57,38487,1144964.0,53.1
MANKIND, 17-Aug-2026,2419.0,2423.0,2369.5,2380.9,2425.2,810528,19352.63,29458,598767.0,73.87
MANOMAY, 17-Aug-2026,216.72,217.67,210.6,215.35,215.12,55992,120.69,1255,8653.0,15.45
MANORAMA, 17-Aug-2026,1775.0,2043.0,1745.5,1943.4,1737.1,7248199,137137.0,286501,772460.0,10.66
MANORG, 17-Aug-2026,442.5,456.9,441.35,447.65,449.9,33434,149.43,1422,27007.0,80.78
MANUFGBEES, 17-Aug-2026,169.27,169.27,166.01,167.28,169.27,10984,18.33,268,10126.0,92.19
MANYAVAR, 17-Aug-2026,530.0,545.0,521.0,541.85,528.75,401341,2143.84,16589,180875.0,45.07
MAPMYINDIA, 17-Aug-2026,990.0,997.8,980.0,991.7,989.7,108303,1071.15,10261,52281.0,48.27
MARALOVER, 17-Aug-2026,52.98,55.99,52.2,53.15,53.1,8490,4.55,172,6546.0,77.1
MARATHON, 17-Aug-2026,361.6,368.45,355.1,358.8,365.15,48617,175.54,1437,33279.0,68.45
MARC, 17-Aug-2026,123.0,124.0,120.15,120.8,130.0,14400,17.65,11,12000.0,83.33
MARCO, 17-Aug-2026,31.95,31.95,31.95,31.95,31.95,3000,0.96,2,3000.0,100.0
MARICO, 17-Aug-2026,865.2,867.35,852.05,852.05,865.2,970523,8338.25,28680,553482.0,57.03
MARINE, 17-Aug-2026,370.0,379.0,364.1,367.1,370.7,887408,3284.38,27705,380539.0,42.88
MARINETRAN, 17-Aug-2026,18.15,18.15,17.1,17.1,18.0,20000,3.47,5,16000.0,80.0
MARKOLINES, 17-Aug-2026,175.25,176.94,170.17,171.65,175.12,153067,265.17,1298,52206.0,34.11
MARKSANS, 17-Aug-2026,337.3,345.5,325.45,331.45,333.0,13018565,43562.76,139303,2124843.0,16.32
MARSONS, 17-Aug-2026,104.8,106.78,103.55,104.8,104.52,803250,845.05,8300,257527.0,32.06
MARUSHIKA, 17-Aug-2026,111.0,111.05,109.95,111.0,116.4,34800,38.58,24,32400.0,93.1
MARUTI, 17-Aug-2026,13834.0,13920.0,13760.0,13760.0,13834.0,177071,24544.71,29345,85525.0,48.3
MASFIN, 17-Aug-2026,302.0,307.5,299.7,305.3,301.5,247497,750.97,7363,197401.0,79.76
MASON, 17-Aug-2026,124.0,124.0,120.0,121.0,124.85,119000,144.07,30,115000.0,96.64
MASPTOP50, 17-Aug-2026,81.26,81.26,81.26,81.26,80.72,109121,88.67,489,109056.0,99.94
MASTEK, 17-Aug-2026,1830.7,1832.5,1801.1,1811.8,1832.2,21273,385.52,3771,9964.0,46.84
MASTERTR, 17-Aug-2026,78.97,80.32,78.0,78.48,78.38,190489,149.7,1428,54448.0,28.58
MATRIMONY, 17-Aug-2026,538.0,550.0,522.55,543.05,538.4,19707,106.82,873,14044.0,71.26
MAWANASUG, 17-Aug-2026,116.97,125.88,116.49,124.06,116.04,854475,1039.31,7362,412472.0,48.27
MAXESTATES, 17-Aug-2026,444.25,482.0,444.25,474.35,441.95,777179,3662.07,24760,262550.0,33.78
MAXHEALTH, 17-Aug-2026,1009.1,1022.6,994.5,1003.7,1008.6,2340277,23458.31,42741,1242892.0,53.11
MAXIND, 17-Aug-2026,153.21,153.21,148.1,150.33,151.13,99018,148.14,2581,63013.0,63.64
MAXVOLT, 17-Aug-2026,345.9,350.15,341.0,350.15,333.5,58400,202.93,132,47200.0,80.82
MAYURUNIQ, 17-Aug-2026,749.5,751.45,723.65,732.2,744.4,121236,890.26,7002,71258.0,58.78
MAZDOCK, 17-Aug-2026,2594.9,2619.5,2551.0,2569.7,2580.0,595816,15392.5,27803,193724.0,32.51
MBAPL, 17-Aug-2026,172.0,172.85,164.11,164.73,168.46,1292985,2179.89,11236,907456.0,70.18
MBEL, 17-Aug-2026,277.0,286.0,273.0,283.3,270.4,292642,820.27,10075,129433.0,44.23
MBLINFRA, 17-Aug-2026,25.29,25.29,24.1,24.38,24.61,24458,5.98,97,16603.0,67.88
MCCHRLS-B, 17-Aug-2026,700.0,700.0,650.0,677.1,679.35,223,1.48,27,209.0,93.72
MCL, 17-Aug-2026,56.21,60.9,56.21,60.47,57.2,130412,77.36,2997,74619.0,57.22
MCLEODRUSS, 17-Aug-2026,47.9,47.9,44.61,44.85,46.27,313061,141.37,2286,204118.0,65.2
MCLOUD, 17-Aug-2026,27.48,28.17,26.21,26.77,28.48,6541275,1766.71,19864,2188026.0,33.45
MCON, 17-Aug-2026,44.05,46.2,44.05,46.2,44.0,4000,1.83,4,4000.0,100.0
MCX, 17-Aug-2026,2913.1,2981.0,2892.1,2933.1,2911.5,1222769,36026.09,55754,472244.0,38.62
MDL, 17-Aug-2026,55.05,56.0,55.05,56.0,57.85,3000,1.67,3,2000.0,66.67
MEDANTA, 17-Aug-2026,1421.9,1429.5,1411.0,1415.1,1422.6,66949,950.59,7944,33116.0,49.46
MEDIASSIST, 17-Aug-2026,350.45,353.0,341.4,343.5,348.7,161780,560.32,3810,98441.0,60.85
MEDICAMEQ, 17-Aug-2026,232.0,238.89,215.0,219.88,240.45,59925,134.78,1864,45760.0,76.36
MEDICAPQ, 17-Aug-2026,26.21,27.96,23.24,25.26,27.09,1151,0.29,17,1106.0,96.09
MEDICO, 17-Aug-2026,45.56,45.95,43.15,44.27,45.58,231477,101.79,2023,141736.0,61.23
MEDIORG, 17-Aug-2026,23.25,23.25,23.15,23.15,24.35,6000,1.39,3,6000.0,100.0
MEDISTEP, 17-Aug-2026,18.5,18.75,18.5,18.75,20.0,6000,1.12,2,6000.0,100.0
MEDPLUS, 17-Aug-2026,669.0,669.05,655.1,656.5,668.95,112171,737.83,9180,73763.0,65.76
MEESHO, 17-Aug-2026,191.0,194.56,191.0,193.82,191.16,5004269,9684.56,92897,2633190.0,52.62
MEGAFLEX, 17-Aug-2026,95.0,95.0,95.0,95.0,100.0,1000,0.95,1,1000.0,100.0
MEGASTAR, 17-Aug-2026,314.85,315.4,307.15,311.75,315.6,1179,3.68,131,598.0,50.72
MEGATHERM, 17-Aug-2026,197.0,197.0,190.75,193.9,194.85,16400,31.87,38,14800.0,90.24
MEIL, 17-Aug-2026,270.8,273.5,268.05,269.45,272.5,17786,48.14,787,13668.0,76.85
MENNPIS, 17-Aug-2026,72.31,73.59,70.91,71.81,73.72,58843,42.64,949,37802.0,64.24
MERCANTILE, 17-Aug-2026,23.65,24.99,23.65,24.5,24.07,4104,1.0,70,2933.0,71.47
MERCURYEV, 17-Aug-2026,36.85,36.85,35.43,35.59,36.08,210707,75.26,1048,126376.0,59.98
METAL, 17-Aug-2026,12.95,13.35,12.95,13.26,13.12,3568798,469.71,6001,2291597.0,64.21
METALIC, 17-Aug-2026,124.0,133.5,123.0,126.75,124.85,377600,482.27,208,228800.0,60.59
METALIETF, 17-Aug-2026,12.99,13.28,12.99,13.24,13.07,6277020,822.99,11771,3716975.0,59.22
METROBRAND, 17-Aug-2026,947.9,951.9,940.0,942.8,944.1,24131,227.82,7189,17765.0,73.62
METROGLOBL, 17-Aug-2026,145.1,165.0,145.0,154.74,146.11,114739,180.81,1972,40302.0,35.12
METROPOLIS, 17-Aug-2026,543.5,553.95,539.15,550.75,545.5,195173,1070.27,9590,107946.0,55.31
MFML, 17-Aug-2026,19.34,19.34,18.62,18.67,19.34,1077,0.2,41,741.0,68.8
MFSL, 17-Aug-2026,1533.0,1571.7,1522.2,1571.7,1538.1,698850,10879.34,31893,371403.0,53.14
MGL, 17-Aug-2026,1139.0,1152.9,1121.1,1129.1,1138.7,294287,3321.09,21099,175268.0,59.56
MGSL, 17-Aug-2026,80.0,92.75,80.0,91.0,77.9,150000,131.35,93,117600.0,78.4
MHLXMIRU, 17-Aug-2026,195.0,195.0,186.0,186.27,188.77,16277,30.78,430,8465.0,52.01
MHRIL, 17-Aug-2026,227.9,229.19,224.1,224.89,226.62,65514,148.22,2113,33223.0,50.71
MICROPRO, 17-Aug-2026,18.8,19.25,18.45,19.25,18.15,6400,1.21,4,6400.0,100.0
MID150, 17-Aug-2026,23.8,24.16,23.72,23.87,23.8,39341,9.37,202,33318.0,84.69
MID150BEES, 17-Aug-2026,243.57,243.57,240.01,242.89,242.91,728275,1764.54,16577,353410.0,48.53
MID150CASE, 17-Aug-2026,12.05,12.1,11.71,11.84,11.81,912183,107.54,5246,655109.0,71.82
MIDBANKADD, 17-Aug-2026,17.3,17.36,17.27,17.34,17.39,52878,9.17,27,35360.0,66.87
MIDCAP, 17-Aug-2026,19.07,19.07,18.58,18.71,18.7,294200,54.92,1055,157910.0,53.67
MIDCAPADD, 17-Aug-2026,23.53,23.58,23.44,23.55,23.53,944,0.22,23,679.0,71.93
MIDCAPBETA, 17-Aug-2026,235.76,237.8,235.76,237.8,237.22,592,1.4,41,579.0,97.8
MIDCAPETF, 17-Aug-2026,23.5,24.49,23.5,23.98,23.98,3113032,745.83,9305,1705878.0,54.8
MIDCAPIETF, 17-Aug-2026,24.3,24.43,24.14,24.33,24.33,698519,169.58,2979,391088.0,55.99
MIDHANI, 17-Aug-2026,418.45,437.4,413.05,428.6,416.7,2406627,10346.93,39506,692575.0,28.78
MIDQ50ADD, 17-Aug-2026,25.8,25.8,25.5,25.65,25.68,10343,2.65,119,7822.0,75.63
MIDSELIETF, 17-Aug-2026,19.5,20.04,19.5,19.95,19.9,152561,30.37,865,105576.0,69.2
MIDSMALL, 17-Aug-2026,52.19,52.43,51.9,52.41,52.19,201931,105.56,828,158682.0,78.58
MIDWESTLTD, 17-Aug-2026,1139.3,1144.0,1097.1,1110.0,1125.7,25221,281.91,1951,11378.0,45.11
MIEL, 17-Aug-2026,12.4,12.6,12.4,12.6,13.0,10000,1.25,4,10000.0,100.0
MIIL, 17-Aug-2026,690.0,715.0,660.0,682.55,681.4,30462,213.93,767,10206.0,33.5
MILTON, 17-Aug-2026,40.5,40.5,40.5,40.5,38.6,2200,0.89,1,2200.0,100.0
MINALIND, 17-Aug-2026,2.07,2.2,2.05,2.06,2.07,12666,0.27,25,2690.0,21.24
MINDACORP, 17-Aug-2026,721.55,732.55,720.0,725.15,720.05,587785,4268.12,22118,299523.0,50.96
MINDSPACE, 17-Aug-2026,500.22,504.0,496.53,497.29,495.27,193637,964.35,8481,175024.0,90.39
MINDTECK, 17-Aug-2026,178.0,178.0,174.0,175.45,177.85,22220,39.18,729,12419.0,55.89
MIRZAINT, 17-Aug-2026,31.66,32.5,31.0,31.44,31.73,269836,84.35,1362,165641.0,61.39
MITTAL, 17-Aug-2026,0.91,0.92,0.9,0.9,0.91,729721,6.58,327,653705.0,89.58
MKEXIM, 17-Aug-2026,58.65,58.7,45.7,53.91,56.12,2523,1.35,40,2000.0,79.27
MKPL, 17-Aug-2026,4.16,4.18,4.0,4.11,4.13,73956,3.03,390,58291.0,78.82
MLKFOOD, 17-Aug-2026,89.0,90.0,78.01,81.44,80.03,10534,8.75,233,5645.0,53.59
MMEL, 17-Aug-2026,24.6,24.6,24.6,24.6,24.7,26000,6.4,1,26000.0,100.0
MMFL, 17-Aug-2026,590.0,639.95,563.05,632.3,589.75,452123,2723.96,20665,185022.0,40.92
MMP, 17-Aug-2026,340.9,355.9,338.55,350.0,337.5,96918,336.5,2578,61519.0,63.48
MMTC, 17-Aug-2026,64.58,64.63,63.5,63.81,64.35,633055,404.34,4789,236180.0,37.31
MMWL, 17-Aug-2026,15.87,15.87,15.1,15.21,15.87,38276,5.85,129,26226.0,68.52
MNC, 17-Aug-2026,34.79,34.8,34.56,34.76,34.79,37656,13.06,393,25486.0,67.68
MOALPHA50, 17-Aug-2026,57.27,57.27,55.8,56.24,56.15,9412,5.26,60,7114.0,75.58
MOBANK10, 17-Aug-2026,17.09,17.09,16.81,17.04,16.93,17846,3.02,104,14985.0,83.97
MOBIKWIK, 17-Aug-2026,203.0,204.03,200.54,202.83,203.21,574441,1162.01,7550,191153.0,33.28
MOCAPITAL, 17-Aug-2026,53.25,53.74,52.5,53.6,53.26,2055858,1095.41,3315,1606144.0,78.13
MODEFENCE, 17-Aug-2026,108.4,108.76,106.56,108.22,107.64,1660379,1798.68,11298,907325.0,54.65
MODIRUBBER, 17-Aug-2026,118.0,118.5,111.21,117.1,119.33,13801,15.9,334,9051.0,65.58
MODIS, 17-Aug-2026,403.05,424.9,400.05,415.6,400.05,156149,651.93,4182,64379.0,41.23
MODTHREAD, 17-Aug-2026,52.0,57.93,51.2,57.64,48.28,192105,109.32,1532,72473.0,37.73
MOENERGY, 17-Aug-2026,39.33,39.33,38.54,38.88,38.82,1712392,660.91,1051,1648233.0,96.25
MOGOLD, 17-Aug-2026,150.3,151.6,150.3,150.85,149.95,24661,37.27,666,15673.0,63.55
MOGSEC, 17-Aug-2026,65.5,65.8,65.35,65.5,65.5,2380,1.56,51,1003.0,42.14
MOHEALTH, 17-Aug-2026,52.25,52.25,51.4,51.41,51.76,26366,13.6,692,19114.0,72.49
MOHITE, 17-Aug-2026,2.8,2.8,2.15,2.49,2.68,84012,1.91,104,74428.0,88.59
MOHITIND, 17-Aug-2026,23.95,25.0,23.02,23.22,23.81,13149,3.07,159,10079.0,76.65
MOIL, 17-Aug-2026,275.0,275.8,269.2,272.8,274.15,490786,1334.93,13795,218367.0,44.49
MOINFRA, 17-Aug-2026,59.94,59.94,59.27,59.79,59.94,9066,5.39,93,8118.0,89.54
MOIPO, 17-Aug-2026,48.76,48.76,48.4,48.43,48.76,5843,2.84,38,3662.0,62.67
MOKSH, 17-Aug-2026,10.53,11.18,10.53,10.73,10.53,108111,11.75,328,53123.0,49.14
MOL, 17-Aug-2026,63.99,64.8,62.1,62.97,63.23,3684767,2333.22,20107,1617142.0,43.89
MOLBIO, 17-Aug-2026,980.0,1064.75,926.35,1041.7,807.0,15977892,158604.49,465928,6805414.0,42.59
MOLDTKPAC, 17-Aug-2026,690.0,693.55,676.5,680.15,694.4,51668,352.61,3127,31501.0,60.97
MOLOWVOL, 17-Aug-2026,37.03,37.22,36.99,37.22,37.36,35377,13.1,64,24887.0,70.35
MOM100, 17-Aug-2026,68.86,69.18,68.46,68.78,68.86,270168,185.64,3089,148483.0,54.96
MOM30IETF, 17-Aug-2026,31.65,31.76,31.51,31.72,31.65,537252,169.96,1757,321283.0,59.8
MOM50, 17-Aug-2026,254.23,255.62,254.23,254.28,254.25,3098,7.89,140,1761.0,56.84
MOMENTUM, 17-Aug-2026,31.65,31.77,31.31,31.57,31.65,95646,30.15,252,51783.0,54.14
MOMENTUM30, 17-Aug-2026,31.05,31.34,30.96,31.27,31.17,135950,42.34,101,109403.0,80.47
MOMENTUM50, 17-Aug-2026,55.5,55.5,54.0,54.38,54.41,394297,214.1,1778,232126.0,58.87
MOMETAL, 17-Aug-2026,13.05,13.15,12.96,13.15,13.05,4619,0.6,26,4619.0,100.0
MOMGF, 17-Aug-2026,165.96,166.26,165.12,166.21,165.88,4884,8.1,39,4663.0,95.48
MOMIDMTM, 17-Aug-2026,65.79,66.34,64.75,65.28,65.04,179621,116.91,345,161039.0,89.65
MOMMIDCAP, 17-Aug-2026,12.69,13.47,12.69,13.11,13.02,1786494,234.03,505,1740544.0,97.43
MOMNC, 17-Aug-2026,33.92,33.92,33.62,33.68,33.76,1107,0.37,27,1107.0,100.0
MOMOMENTUM, 17-Aug-2026,62.96,63.2,62.63,63.11,62.96,74424,46.83,512,42487.0,57.09
MON100, 17-Aug-2026,336.81,336.81,336.81,336.81,332.6,232753,783.94,1655,232743.0,100.0
MON50EQUAL, 17-Aug-2026,33.82,33.89,33.66,33.82,33.9,9925,3.36,52,9901.0,99.76
MONARCH, 17-Aug-2026,393.5,393.5,386.2,389.05,390.6,68116,265.19,2050,37997.0,55.78
MONEXT50, 17-Aug-2026,74.44,75.0,74.25,74.99,74.66,1058,0.79,72,929.0,87.81
MONEYBOXX, 17-Aug-2026,59.39,59.39,57.1,57.19,58.49,3139,1.8,57,2175.0,69.29
MONIFTY100, 17-Aug-2026,25.6,25.83,25.54,25.74,25.8,50375,12.96,76,49066.0,97.4
MONIFTY500, 17-Aug-2026,24.2,24.45,24.06,24.27,24.21,547413,132.31,1794,395545.0,72.26
MONOLITH, 17-Aug-2026,976.95,1015.0,956.5,1007.55,950.25,64750,641.62,234,38750.0,59.85
MONOPHARMA, 17-Aug-2026,8.2,8.2,8.2,8.2,8.2,2000,0.16,1,2000.0,100.0
MONQ50, 17-Aug-2026,151.4,151.4,151.4,151.4,150.15,14845,22.48,160,14845.0,100.0
MONTECARLO, 17-Aug-2026,516.0,525.6,515.05,524.3,508.4,78932,410.68,2923,47345.0,59.98
MOOILGAS, 17-Aug-2026,11.43,11.43,11.17,11.27,11.21,3590,0.4,36,3590.0,100.0
MOPSE, 17-Aug-2026,100.28,100.65,99.74,100.61,100.39,11196,11.26,18,10299.0,91.99
MOQUALITY, 17-Aug-2026,204.7,205.63,204.55,204.9,205.35,1141,2.33,18,971.0,85.1
MOREALTY, 17-Aug-2026,88.74,91.7,88.73,91.45,89.67,704835,638.67,2719,413805.0,58.71
MOREPENLAB, 17-Aug-2026,84.9,90.49,83.21,89.82,84.19,45628218,40007.42,125277,11972268.0,26.24
MOS, 17-Aug-2026,10.15,10.65,10.15,10.65,10.15,224000,23.7,36,212000.0,94.64
MOSCHIP, 17-Aug-2026,209.0,213.69,208.96,211.72,208.31,1676344,3546.37,20177,538284.0,32.11
MOSERVICE, 17-Aug-2026,31.19,31.32,31.17,31.3,31.4,65946,20.57,69,59596.0,90.37
MOSILVER, 17-Aug-2026,234.28,234.28,229.6,230.87,229.02,40896,94.54,1187,14616.0,35.74
MOSMALL250, 17-Aug-2026,18.44,18.49,18.24,18.39,18.43,797069,146.23,3071,515001.0,64.61
MOTHERSON, 17-Aug-2026,168.1,169.34,167.58,168.06,168.3,7660435,12908.4,34011,3905164.0,50.98
MOTILALOFS, 17-Aug-2026,903.65,964.0,897.1,955.0,903.7,5976448,56406.34,115180,1524848.0,25.51
MOTISONS, 17-Aug-2026,17.33,17.38,15.95,16.54,16.75,132331249,22172.82,139285,14913228.0,11.27
MOTOUR, 17-Aug-2026,80.18,80.5,79.62,80.29,80.18,488784,391.78,218,479680.0,98.14
MOVALUE, 17-Aug-2026,111.84,115.25,111.84,114.48,114.71,46372,52.93,863,32489.0,70.06
MPEL, 17-Aug-2026,34.85,36.25,34.85,35.2,34.85,9600,3.37,5,9600.0,100.0
MPHASIS, 17-Aug-2026,2535.2,2546.0,2482.0,2510.0,2545.0,383371,9603.21,20919,155413.0,40.54
MPSLTD, 17-Aug-2026,2849.9,2849.9,2795.0,2814.8,2808.7,18918,533.15,2483,11371.0,60.11
MRF, 17-Aug-2026,133235.0,133320.0,132450.0,133015.0,133490.0,2047,2721.06,1632,980.0,47.87
MRIL, 17-Aug-2026,61.9,63.0,61.9,63.0,65.15,6400,3.98,4,6400.0,100.0
MRPL, 17-Aug-2026,171.0,177.77,170.25,177.15,170.54,10348625,18035.12,55456,2106643.0,20.36
MSCI360, 17-Aug-2026,10.25,10.3,10.2,10.3,10.25,953,0.1,14,612.0,64.22
MSCIADD, 17-Aug-2026,29.86,30.04,29.83,30.03,29.99,4118,1.23,34,1921.0,46.65
MSCIINDIA, 17-Aug-2026,30.21,30.29,30.13,30.27,30.38,4056,1.23,88,3342.0,82.4
MSL, 17-Aug-2026,138.5,139.3,138.5,139.0,135.8,51,0.07,3,50.0,98.04
MSPL, 17-Aug-2026,33.41,34.75,33.1,34.47,33.48,681337,230.88,3265,407750.0,59.85
MSTCLTD, 17-Aug-2026,623.4,657.0,623.0,653.2,623.4,844307,5446.74,23868,405237.0,48.0
MSUMI, 17-Aug-2026,40.25,40.64,40.0,40.33,40.35,4799817,1933.36,33659,2561358.0,53.36
MTNL, 17-Aug-2026,26.21,28.8,26.0,27.08,26.35,5419131,1476.64,20032,917766.0,16.94
MUFIN, 17-Aug-2026,136.88,138.9,135.01,135.87,135.54,871912,1194.97,6031,265817.0,30.49
MUFTI, 17-Aug-2026,79.1,79.1,76.0,77.21,78.2,182561,142.26,2142,148634.0,81.42
MUKANDLTD, 17-Aug-2026,134.48,136.0,132.19,135.27,134.14,58735,78.77,1135,32800.0,55.84
MUKESHB, 17-Aug-2026,147.15,147.15,147.0,147.0,140.15,8,0.01,4,8.0,100.0
MUKKA, 17-Aug-2026,27.0,27.97,26.65,27.53,26.5,1387070,380.55,6371,731768.0,52.76
MULTICAP, 17-Aug-2026,16.58,17.01,16.58,16.94,16.92,196353,33.18,609,130091.0,66.25
MUNISH, 17-Aug-2026,85.5,85.5,84.0,84.0,85.1,3600,3.04,3,3600.0,100.0
MUNJALAU, 17-Aug-2026,119.81,130.6,118.4,119.72,120.53,9459408,11761.15,55118,1108163.0,11.71
MUNJALSHOW, 17-Aug-2026,137.25,141.49,136.3,136.62,138.21,71604,99.04,1443,37319.0,52.12
MURUDCERA, 17-Aug-2026,30.5,31.05,30.2,30.49,30.5,9258,2.82,163,7972.0,86.11
MUTHOOTCAP, 17-Aug-2026,255.41,261.5,252.0,258.69,255.41,9851,25.45,401,5627.0,57.12
MUTHOOTFIN, 17-Aug-2026,2840.0,2919.0,2829.1,2888.5,2842.0,825843,23827.1,42649,423470.0,51.28
MUTHOOTMF, 17-Aug-2026,209.0,212.0,206.0,208.12,208.41,263043,547.2,5073,109664.0,41.69
MVELECTRO, 17-Aug-2026,588.0,595.0,566.5,570.1,588.65,678775,3927.1,15169,229943.0,33.88
MVGJL, 17-Aug-2026,156.2,158.58,150.0,152.64,157.14,108471,166.01,2394,68993.0,63.61
MVKAGRO, 17-Aug-2026,217.55,217.55,217.55,217.55,228.95,15000,32.63,29,15000.0,100.0
MWL, 17-Aug-2026,41.28,41.28,40.43,40.91,41.28,488230,200.04,1409,238792.0,48.91
MYMUDRA, 17-Aug-2026,75.5,77.7,74.0,74.05,75.85,19200,14.45,12,14400.0,75.0
NACLIND, 17-Aug-2026,166.59,178.35,165.32,173.45,166.54,1031474,1781.34,18485,264470.0,25.64
NAGREEKCAP, 17-Aug-2026,24.6,24.8,23.36,23.5,23.84,11783,2.78,74,11509.0,97.67
NAGREEKEXP, 17-Aug-2026,25.3,25.3,23.7,24.26,24.32,254828,61.57,891,58830.0,23.09
NAHARCAP, 17-Aug-2026,256.06,258.0,252.6,255.62,256.06,1067,2.73,39,820.0,76.85
NAHARINDUS, 17-Aug-2026,123.25,125.72,116.64,117.38,122.04,85593,102.36,997,63511.0,74.2
NAHARPOLY, 17-Aug-2026,242.9,245.5,237.15,237.65,243.3,4797,11.53,250,2836.0,59.12
NAHARSPING, 17-Aug-2026,302.0,302.0,292.2,296.7,302.0,37281,110.84,1194,26127.0,70.08
NAM-INDIA, 17-Aug-2026,1167.1,1203.3,1155.1,1202.7,1167.9,1013133,12040.57,35118,440524.0,43.48
NAMAN, 17-Aug-2026,40.15,40.95,38.95,40.9,40.95,14400,5.78,14,12800.0,88.89
NAMOEWASTE, 17-Aug-2026,277.0,283.5,274.1,282.75,274.0,35200,98.58,42,33600.0,95.45
NARMADA, 17-Aug-2026,15.4,15.4,13.01,14.45,15.19,885361,128.86,3188,273001.0,30.83
NATCAPSUQ, 17-Aug-2026,154.89,154.89,147.79,148.75,149.72,12313,18.42,318,8057.0,65.43
NATCOPHARM, 17-Aug-2026,896.1,897.1,870.2,889.8,903.15,844481,7488.21,50188,322693.0,38.21
NATHBIOGEN, 17-Aug-2026,158.0,158.0,154.01,154.43,155.06,7013,10.87,232,5255.0,74.93
NATIONALUM, 17-Aug-2026,377.9,391.5,376.5,387.55,376.0,9724992,37556.37,76317,3702636.0,38.07
NATIONSTD, 17-Aug-2026,141.05,141.05,141.05,141.05,148.47,1722,2.43,138,1722.0,100.0
NAUKRI, 17-Aug-2026,1341.0,1374.0,1340.7,1355.8,1343.0,3063291,41725.89,70651,1833172.0,59.84
NAVA, 17-Aug-2026,579.8,579.8,555.5,559.65,572.65,530275,2980.53,16773,307446.0,57.98
NAVINFLUOR, 17-Aug-2026,8255.0,8288.5,8110.0,8151.0,8235.0,123002,10071.03,29234,67301.0,54.72
NAVKARCORP, 17-Aug-2026,98.6,99.61,98.2,98.89,99.49,142736,141.23,1654,79446.0,55.66
NAVNETEDUL, 17-Aug-2026,134.01,135.0,133.3,134.54,134.01,51315,68.94,966,34518.0,67.27
NAZARA, 17-Aug-2026,356.05,357.0,349.1,350.1,355.9,659087,2327.66,8875,402597.0,61.08
NBCC, 17-Aug-2026,89.46,90.26,88.54,89.75,89.15,6941578,6216.12,35035,2541592.0,36.61
NBIFIN, 17-Aug-2026,2085.0,2116.3,2060.0,2064.0,2092.5,207,4.3,47,156.0,75.36
NCC, 17-Aug-2026,140.65,140.88,138.25,139.4,140.65,1284811,1786.74,13947,822756.0,64.04
NCLIND, 17-Aug-2026,172.85,173.43,170.15,172.02,172.57,25625,43.98,2499,17906.0,69.88
NDGL, 17-Aug-2026,3100.0,3100.0,2800.0,2878.7,2927.9,890,25.66,103,681.0,76.52
NDL, 17-Aug-2026,2.32,2.34,2.3,2.33,2.32,653350,15.14,931,469654.0,71.88
NDLVENTURE, 17-Aug-2026,130.9,130.9,121.55,123.56,127.46,18597,22.98,595,12036.0,64.72
NDRAUTO, 17-Aug-2026,806.3,814.3,798.0,803.55,817.0,21919,176.1,1450,11485.0,52.4
NDTV, 17-Aug-2026,76.88,77.0,75.5,76.34,76.53,69410,52.84,1203,31659.0,45.61
NEAGI, 17-Aug-2026,3001.0,3295.9,3001.0,3295.9,3139.0,668,21.41,96,484.0,72.46
NECLIFE, 17-Aug-2026,11.0,11.55,11.0,11.23,11.0,263918,29.91,655,253033.0,95.88
NELCAST, 17-Aug-2026,117.55,117.63,116.43,116.94,117.78,70797,82.75,1888,39118.0,55.25
NELCO, 17-Aug-2026,1030.0,1120.0,1023.6,1081.5,1024.6,1036912,11298.13,38523,229967.0,22.18
NEOCHEM, 17-Aug-2026,91.0,95.55,89.5,94.7,91.0,33600,30.96,25,33600.0,100.0
NEOGEN, 17-Aug-2026,2223.0,2302.2,2181.7,2270.1,2204.9,240329,5426.45,28461,104259.0,43.38
NEPHROCARE, 17-Aug-2026,83.05,84.0,83.05,83.05,87.4,10800,8.98,21,10800.0,100.0
NEPHROPLUS, 17-Aug-2026,702.2,704.8,691.0,694.65,696.7,111668,780.23,11848,64370.0,57.64
NEPTUNE, 17-Aug-2026,180.0,180.0,180.0,180.0,177.3,500,0.9,1,500.0,100.0
NESCO, 17-Aug-2026,1038.0,1050.0,1028.2,1046.3,1038.0,26304,273.08,3836,13061.0,49.65
NESTLEIND, 17-Aug-2026,1500.0,1503.7,1468.5,1470.0,1499.1,1721057,25458.88,38860,1074329.0,62.42
NETF, 17-Aug-2026,262.0,265.48,262.0,265.2,264.83,2208,5.83,208,1298.0,58.79
NETWEB, 17-Aug-2026,5022.0,5225.0,5008.3,5212.4,5007.2,1438746,74364.83,105789,314750.0,21.88
NETWORK18, 17-Aug-2026,29.1,29.45,28.8,28.95,29.01,2121270,616.3,6819,1027041.0,48.42
NEULANDLAB, 17-Aug-2026,23300.0,23843.0,22971.0,23661.0,23320.0,93991,22193.28,29369,43492.0,46.27
NEWGEN, 17-Aug-2026,537.8,539.0,525.55,534.85,535.15,427348,2276.42,13212,151702.0,35.5
NEWJAISA, 17-Aug-2026,18.05,18.05,17.85,17.85,17.7,15000,2.7,9,15000.0,100.0
NEXT30ADD, 17-Aug-2026,44.66,44.66,43.5,43.75,43.78,3073,1.34,116,2645.0,86.07
NEXT50, 17-Aug-2026,770.85,772.72,767.01,770.26,770.84,20057,154.39,1471,11341.0,56.54
NEXT50ADD, 17-Aug-2026,74.84,75.17,74.75,75.17,75.1,3963,2.97,41,1797.0,45.34
NEXT50BETA, 17-Aug-2026,80.6,80.65,79.82,80.47,80.2,95211,76.42,727,77761.0,81.67
NEXT50ETF, 17-Aug-2026,75.24,77.48,74.93,75.97,75.24,10325,7.78,98,7174.0,69.48
NEXT50IETF, 17-Aug-2026,78.99,79.0,78.03,78.92,78.58,599793,471.98,5355,355473.0,59.27
NEXTMEDIA, 17-Aug-2026,4.04,4.04,3.73,3.91,3.86,9765,0.38,77,6696.0,68.57
NFL, 17-Aug-2026,71.5,71.95,71.2,71.54,71.81,371304,265.32,2783,180021.0,48.48
NFPSAMPOOR, 17-Aug-2026,23.0,23.0,23.0,23.0,23.0,4000,0.92,2,4000.0,100.0
NGLFINE, 17-Aug-2026,3489.9,3490.0,2801.1,2908.4,3454.0,58561,1793.18,9760,25229.0,43.08
NH, 17-Aug-2026,1841.0,1842.2,1813.0,1828.5,1832.6,196058,3573.32,24711,118547.0,60.47
NHPC, 17-Aug-2026,76.69,76.89,76.01,76.6,76.9,3613311,2759.15,18587,1774346.0,49.11
NIACL, 17-Aug-2026,179.0,184.6,177.0,183.64,179.08,1932986,3528.79,21977,551237.0,28.52
NIBE, 17-Aug-2026,1461.2,1468.0,1406.0,1439.0,1490.1,178720,2579.19,11569,77430.0,43.32
NIBL, 17-Aug-2026,34.9,34.9,32.5,32.72,33.29,10035,3.33,325,6255.0,62.33
NIDAN, 17-Aug-2026,13.3,13.85,12.75,12.75,13.3,4000,0.54,4,4000.0,100.0
NIF100BEES, 17-Aug-2026,271.73,272.24,269.23,270.68,271.73,29334,79.17,712,18849.0,64.26
NIF100IETF, 17-Aug-2026,28.41,28.66,28.4,28.55,28.53,272931,77.76,2848,134587.0,49.31
NIFTY1, 17-Aug-2026,277.61,277.61,269.0,270.52,270.84,84666,228.69,1826,58837.0,69.49
NIFTY100EW, 17-Aug-2026,36.57,36.57,35.57,35.74,35.85,325205,116.29,275,316354.0,97.28
NIFTYADD, 17-Aug-2026,255.75,257.17,255.58,256.83,257.3,5558,14.25,205,3538.0,63.66
NIFTYAXIS, 17-Aug-2026,277.14,277.14,268.65,269.85,270.39,12578,33.9,214,3783.0,30.08
NIFTYBEES, 17-Aug-2026,279.99,279.99,276.56,277.91,278.35,4989337,13840.76,53290,2762272.0,55.36
NIFTYBETA, 17-Aug-2026,270.48,271.0,269.0,270.55,270.48,40255,108.47,540,21784.0,54.12
NIFTYBETF, 17-Aug-2026,250.79,251.25,249.71,250.75,251.56,3224,8.07,84,1662.0,51.55
NIFTYCASE, 17-Aug-2026,10.06,10.06,9.74,9.78,9.82,572741,55.93,2075,398344.0,69.55
NIFTYETF, 17-Aug-2026,259.06,265.71,259.06,265.37,265.71,327980,869.77,1066,294597.0,89.82
NIFTYIETF, 17-Aug-2026,280.0,280.0,275.14,276.5,276.84,695491,1919.41,19988,488865.0,70.29
NIFTYQLITY, 17-Aug-2026,22.0,22.0,21.78,21.86,21.9,103922,22.67,325,84877.0,81.67
NIITLTD, 17-Aug-2026,96.0,98.4,95.21,95.63,95.55,252230,242.78,2739,80403.0,31.88
NIITMTS, 17-Aug-2026,242.7,245.79,238.0,239.01,240.96,91676,219.9,3134,45211.0,49.32
NILAINFRA, 17-Aug-2026,7.18,7.18,6.95,7.02,7.14,335671,23.63,783,243565.0,72.56
NILASPACES, 17-Aug-2026,12.49,14.1,12.24,12.87,12.31,2994776,386.59,4536,1468724.0,49.04
NILE, 17-Aug-2026,1498.0,1505.7,1452.0,1477.6,1487.3,4952,72.88,660,3366.0,67.97
NILKAMAL, 17-Aug-2026,1871.0,1874.9,1804.2,1810.0,1860.0,25967,473.79,3617,12860.0,49.52
NIMBSPROJ, 17-Aug-2026,180.0,187.5,175.01,184.0,180.0,30652,56.97,65,5608.0,18.3
NINSYS, 17-Aug-2026,738.95,758.0,723.6,735.4,738.95,4020,29.99,392,2538.0,63.13
NIPPOBATRY, 17-Aug-2026,334.0,339.15,330.0,331.3,330.15,2781,9.25,182,1741.0,62.6
NIRAJ, 17-Aug-2026,28.18,28.94,27.85,28.61,28.2,80720,22.73,250,66886.0,82.86
NIRLON, 17-Aug-2026,630.0,644.85,620.0,621.5,626.6,9693,60.44,483,7197.0,74.25
NIRMAN, 17-Aug-2026,31.05,33.95,31.0,31.35,30.6,16800,5.37,53,13500.0,80.36
NITCO, 17-Aug-2026,92.93,94.32,90.63,92.54,93.26,1485852,1373.95,5099,1245253.0,83.81
NITINSPIN, 17-Aug-2026,553.0,562.2,545.0,553.75,552.95,84704,469.03,3145,42002.0,49.59
NITIRAJ, 17-Aug-2026,205.5,207.99,200.05,203.23,205.89,1925,3.94,114,1579.0,82.03
NITTAGELA, 17-Aug-2026,1596.0,1645.0,1570.0,1589.1,1607.4,6161,98.78,1644,4020.0,65.25
NIVABUPA, 17-Aug-2026,82.5,83.75,82.1,82.71,82.72,527501,437.76,8899,214159.0,40.6
NKIND, 17-Aug-2026,60.5,60.5,60.4,60.49,60.78,17,0.01,3,16.0,94.12
NLCINDIA, 17-Aug-2026,276.0,278.9,270.65,277.65,275.4,1400388,3844.28,25885,653537.0,46.67
NMDC, 17-Aug-2026,83.1,85.5,81.05,85.5,84.4,40748162,33844.47,99179,15006585.0,36.83
NMSTEEL, 17-Aug-2026,24.5,24.5,22.65,23.0,23.55,8000,1.87,5,4800.0,60.0
NOCIL, 17-Aug-2026,162.4,164.25,161.32,163.71,161.42,177919,290.21,3080,97226.0,54.65
NORBTEAEXP, 17-Aug-2026,63.0,66.17,63.0,66.17,63.02,2481,1.64,28,2305.0,92.91
NORTHARC, 17-Aug-2026,280.0,280.95,275.85,278.7,281.35,400473,1113.42,6963,222141.0,55.47
NOVARTIND, 17-Aug-2026,1590.4,1627.7,1576.0,1589.1,1582.5,19092,304.45,2386,11661.0,61.08
NPBET, 17-Aug-2026,283.44,285.71,281.4,283.33,283.44,3555,10.07,39,3239.0,91.11
NPST, 17-Aug-2026,1602.7,1679.0,1550.0,1622.8,1586.2,57087,926.37,6097,30951.0,54.22
NRAIL, 17-Aug-2026,531.0,534.8,508.0,509.9,523.95,9387,48.34,580,6014.0,64.07
NRBBEARING, 17-Aug-2026,464.3,487.0,458.95,484.05,458.9,963279,4600.79,26446,431298.0,44.77
NRVANDANA, 17-Aug-2026,66.25,66.25,66.2,66.25,69.0,9000,5.96,3,9000.0,100.0
NSIL, 17-Aug-2026,5500.0,5589.0,5461.0,5555.0,5496.0,1609,88.68,395,1047.0,65.07
NSLNISP, 17-Aug-2026,43.0,43.78,40.48,41.76,44.5,18817302,7799.73,51731,6692657.0,35.57
NTCIND, 17-Aug-2026,155.0,155.0,144.0,144.45,145.0,3086,4.51,20,3081.0,99.84
NTPC, 17-Aug-2026,340.0,340.3,335.7,337.0,340.0,7839848,26451.97,63681,4922740.0,62.79
NTPCGREEN, 17-Aug-2026,92.69,92.69,91.29,92.14,91.93,1812550,1667.34,54894,920706.0,50.8
NUCLEUS, 17-Aug-2026,704.0,719.05,683.45,713.8,703.9,23301,165.19,2012,11599.0,49.78
NUVAMA, 17-Aug-2026,1679.0,1740.0,1675.2,1731.2,1670.1,620062,10620.93,42209,384687.0,62.04
NUVOCO, 17-Aug-2026,330.1,331.9,327.0,331.1,331.55,120491,396.78,7653,57027.0,47.33
NV20, 17-Aug-2026,13.71,14.26,13.71,14.07,14.07,313961,44.05,288,291999.0,93.0
NV20BEES, 17-Aug-2026,141.35,142.89,139.55,140.96,141.24,17383,24.34,442,9487.0,54.58
NV20IETF, 17-Aug-2026,13.68,13.8,13.63,13.73,13.75,493007,67.46,2941,256676.0,52.06
NXST, 17-Aug-2026,168.98,169.59,167.51,168.01,168.02,372434,627.61,7114,325822.0,87.48
NYKAA, 17-Aug-2026,330.8,330.8,326.5,327.05,331.0,2941021,9643.62,32545,1680759.0,57.15
OAL, 17-Aug-2026,346.45,354.95,345.0,349.45,348.1,10247,35.88,600,6166.0,60.17
OBCL, 17-Aug-2026,54.45,54.45,53.5,53.99,54.43,4610,2.49,46,4218.0,91.5
OBEROIRLTY, 17-Aug-2026,1849.0,1946.0,1832.9,1931.0,1846.0,1781893,34107.91,76559,517046.0,29.02
OBSCP, 17-Aug-2026,872.0,900.0,855.0,860.15,852.0,86800,763.62,198,56800.0,65.44
ODIGMA, 17-Aug-2026,22.1,23.05,22.0,22.64,22.59,14976,3.38,315,12649.0,84.46
ODYCORP, 17-Aug-2026,6.93,7.99,5.71,7.15,6.8,5996,0.44,38,5798.0,96.7
OFSS, 17-Aug-2026,11815.0,11920.0,11742.0,11789.0,11828.0,128403,15199.18,22890,55418.0,43.16
OIL, 17-Aug-2026,471.4,479.5,469.0,474.65,468.5,2654359,12617.19,50601,1375401.0,51.82
OILIETF, 17-Aug-2026,11.65,11.65,11.32,11.42,11.37,1269524,144.35,2452,901051.0,70.98
OLAELEC, 17-Aug-2026,38.73,40.07,38.3,39.22,38.73,39919495,15675.65,86306,7794654.0,19.53
OLECTRA, 17-Aug-2026,1315.0,1334.6,1306.9,1320.1,1316.9,271051,3577.11,15865,112214.0,41.4
OLIL, 17-Aug-2026,413.55,426.1,406.0,415.0,422.4,17200,71.72,30,14000.0,81.4
OMAXAUTO, 17-Aug-2026,204.96,208.49,193.01,195.24,204.96,92184,182.92,1355,62626.0,67.94
OMAXE, 17-Aug-2026,98.14,103.1,93.7,100.83,99.14,3203459,3170.66,21105,646382.0,20.18
OMFURN, 17-Aug-2026,55.1,55.1,54.3,54.45,57.0,6000,3.27,5,4800.0,80.0
OMINFRAL, 17-Aug-2026,84.73,88.35,84.73,86.87,85.04,58629,50.44,1075,24015.0,40.96
OMNI, 17-Aug-2026,579.8,580.8,559.0,564.45,579.0,417573,2372.16,12506,143822.0,34.44
OMPOWER, 17-Aug-2026,169.94,169.94,166.43,167.96,169.95,34999,58.62,821,14608.0,41.74
ONDOOR, 17-Aug-2026,249.9,249.9,244.0,244.0,244.85,2100,5.16,7,1500.0,71.43
ONEGLOBAL, 17-Aug-2026,576.0,576.0,565.3,565.3,595.05,2001,11.31,81,1981.0,99.0
ONEPOINT, 17-Aug-2026,58.5,58.75,56.71,57.21,58.38,530634,304.03,38475,267889.0,50.48
ONESOURCE, 17-Aug-2026,1557.5,1573.4,1533.1,1558.2,1559.2,104753,1631.78,13162,58162.0,55.52
ONGC, 17-Aug-2026,237.99,239.5,236.15,238.49,236.4,25342938,60376.42,115042,16782235.0,66.22
ONIDA, 17-Aug-2026,36.43,36.6,35.21,36.02,35.79,271253,97.52,1781,158891.0,58.58
ONIXSOLAR, 17-Aug-2026,393.95,393.95,375.4,375.4,395.15,10000,37.54,29,10000.0,100.0
ONWARDTEC, 17-Aug-2026,284.0,289.3,282.2,286.75,284.05,29858,85.69,918,17766.0,59.5
ONYX, 17-Aug-2026,42.1,42.1,41.8,41.8,44.0,18000,7.55,9,16000.0,88.89
OPTIEMUS, 17-Aug-2026,560.0,570.0,551.0,554.35,561.1,66989,371.84,2584,37584.0,56.1
OPTIFIN, 17-Aug-2026,11.98,12.25,11.25,11.45,11.85,16464,1.93,56,12773.0,77.58
OPTIMYSTIX, 17-Aug-2026,182.0,195.0,180.1,182.0,189.0,336800,623.17,252,324000.0,96.2
OPTIVALUE, 17-Aug-2026,185.25,185.25,178.2,185.25,176.45,200000,370.22,83,195200.0,97.6
ORCHASP, 17-Aug-2026,1.48,1.48,1.39,1.4,1.46,505122,7.1,332,424331.0,84.01
ORCHPHARMA, 17-Aug-2026,960.0,1005.95,941.2,998.35,1045.65,197589,1923.18,17496,79532.0,40.25
ORIANA, 17-Aug-2026,1304.0,1308.9,1233.1,1246.0,1297.85,140775,1767.25,1307,95100.0,67.55
ORICONENT, 17-Aug-2026,52.3,53.7,50.75,53.38,53.12,475993,252.95,1493,437329.0,91.88
ORIENTALTL, 17-Aug-2026,5.06,5.15,5.0,5.05,5.13,41212,2.09,174,28099.0,68.18
ORIENTBELL, 17-Aug-2026,350.8,358.0,346.7,349.05,350.75,13712,48.03,768,8014.0,58.45
ORIENTCEM, 17-Aug-2026,132.0,132.37,130.35,131.89,132.55,166609,218.82,2238,76432.0,45.88
ORIENTCER, 17-Aug-2026,44.75,44.75,43.12,44.08,43.38,109482,48.13,1359,80235.0,73.29
ORIENTELEC, 17-Aug-2026,188.81,189.12,186.25,187.42,187.31,140517,263.3,1884,75907.0,54.02
ORIENTHOT, 17-Aug-2026,120.15,124.82,120.15,122.35,124.2,111088,136.04,1621,66225.0,59.61
ORIENTPPR, 17-Aug-2026,17.05,17.25,16.8,17.1,16.88,131886,22.34,534,100572.0,76.26
ORIENTTECH, 17-Aug-2026,259.8,259.8,252.9,254.85,258.55,112031,286.05,2954,48824.0,43.58
ORIRAIL, 17-Aug-2026,108.25,112.0,106.7,109.4,109.95,7988,8.7,114,7416.0,92.84
ORISSAMINE, 17-Aug-2026,4895.0,4923.9,4844.0,4871.1,4883.1,12199,594.51,2980,5086.0,41.69
ORKLAINDIA, 17-Aug-2026,548.0,550.2,541.8,544.3,549.75,125214,681.65,8614,87621.0,69.98
ORTINGLOBE, 17-Aug-2026,15.24,16.24,15.24,15.89,15.8,4165,0.64,28,4107.0,98.61
OSELDEVICE, 17-Aug-2026,394.95,400.0,370.0,374.85,394.1,57800,219.51,239,45000.0,77.85
OSWALAGRO, 17-Aug-2026,37.78,38.2,37.14,37.82,37.78,32788,12.38,1195,24635.0,75.13
OSWALGREEN, 17-Aug-2026,21.0,21.45,20.58,21.08,20.99,65720,13.7,536,47643.0,72.49
OSWALPUMPS, 17-Aug-2026,301.0,309.0,296.35,304.0,300.5,1504978,4536.06,36164,705220.0,46.86
OSWALSEEDS, 17-Aug-2026,14.2,14.5,13.12,13.59,12.15,3693127,513.74,8208,1154213.0,31.25
OWAIS, 17-Aug-2026,75.6,75.6,74.95,74.95,78.85,18000,13.49,111,17200.0,95.56
PACEDIGITK, 17-Aug-2026,181.99,181.99,175.1,176.46,180.92,726637,1289.57,8382,411068.0,56.57
PACIFICI, 17-Aug-2026,146.0,146.0,111.15,139.77,136.0,112,0.13,11,105.0,93.75
PAGEIND, 17-Aug-2026,36730.0,37690.0,36505.0,37360.0,36750.0,54629,20395.75,21789,26242.0,48.04
PAISALO, 17-Aug-2026,68.5,68.9,65.0,67.59,68.67,9763518,6516.85,25227,4780324.0,48.96
PAKKA, 17-Aug-2026,77.3,89.28,75.89,89.28,74.4,1787278,1551.14,13513,461658.0,25.83
PALASHSECU, 17-Aug-2026,92.0,92.0,86.51,89.78,90.8,1039,0.92,49,597.0,57.46
PANACEABIO, 17-Aug-2026,399.8,419.0,394.1,413.15,396.45,189047,771.7,6409,77662.0,41.08
PANAMAPET, 17-Aug-2026,482.55,511.0,480.95,487.1,482.6,1123172,5570.65,24086,339435.0,30.22
PANCHMAHQ, 17-Aug-2026,315.0,315.0,315.0,315.0,299.25,7,0.02,1,7.0,100.0
PANORAMA, 17-Aug-2026,49.0,51.0,42.2,47.16,47.46,126785,59.67,537,95477.0,75.31
PANSARI, 17-Aug-2026,315.0,327.0,305.1,318.65,311.7,1861,5.96,77,1085.0,58.3
PAR, 17-Aug-2026,103.9,103.95,99.55,100.91,102.25,9966,10.02,153,7696.0,77.22
PARACABLES, 17-Aug-2026,65.49,69.0,62.7,63.55,65.27,2523489,1620.77,15330,1344066.0,53.26
PARADEEP, 17-Aug-2026,148.0,149.35,145.51,146.66,147.85,1552726,2280.34,31398,683298.0,44.01
PARAGMILK, 17-Aug-2026,208.84,211.0,205.0,207.29,210.8,510562,1058.55,9386,273368.0,53.54
PARAGON, 17-Aug-2026,49.0,49.0,49.0,49.0,48.55,1200,0.59,1,1200.0,100.0
PARAS, 17-Aug-2026,1383.5,1393.0,1346.0,1388.5,1377.5,907157,12456.24,38418,258738.0,28.52
PARASPETRO, 17-Aug-2026,2.43,2.43,2.25,2.3,2.36,120138,2.78,297,94765.0,78.88
PARIN, 17-Aug-2026,713.0,713.0,713.0,713.0,728.0,250,1.78,1,250.0,100.0
PARKHOSPS, 17-Aug-2026,281.85,282.95,273.4,276.65,281.35,426168,1181.29,9871,262397.0,61.57
PARKHOTELS, 17-Aug-2026,116.15,117.7,115.0,116.48,117.7,185568,215.89,2340,133305.0,71.84
PARNAXLAB, 17-Aug-2026,108.03,120.05,108.03,119.65,129.35,1206,1.42,17,1195.0,99.09
PARTH, 17-Aug-2026,462.1,478.0,455.0,459.2,473.05,62000,286.0,101,58000.0,93.55
PARTYCRUS, 17-Aug-2026,83.5,83.5,83.5,83.5,83.0,1000,0.84,1,1000.0,100.0
PASHUPATI, 17-Aug-2026,85.5,85.5,84.52,84.79,84.65,5712,4.86,1000,3441.0,60.24
PATANJALI, 17-Aug-2026,357.0,358.6,347.0,353.9,352.0,7402930,26216.92,51181,1562979.0,21.11
PATELENG, 17-Aug-2026,28.45,28.64,28.12,28.48,28.45,2165036,614.2,5969,1094393.0,50.55
PATELRMART, 17-Aug-2026,218.07,229.8,218.07,229.1,219.62,122643,276.12,2213,76860.0,62.67
PATILAUTOM, 17-Aug-2026,215.0,240.0,214.95,237.95,214.2,153000,355.47,218,110400.0,72.16
PAUSHAKLTD, 17-Aug-2026,729.65,749.9,724.55,734.2,740.8,30335,222.67,1939,17446.0,57.51
PAVNAIND, 17-Aug-2026,17.91,19.0,17.8,18.92,17.94,57035,10.57,384,43248.0,75.83
PAYTM, 17-Aug-2026,1603.0,1619.0,1577.8,1580.2,1603.0,2137873,34123.64,75559,871001.0,40.74
PBMPOLY, 17-Aug-2026,63.5,63.5,63.5,63.5,62.14,16,0.01,2,16.0,100.0
PCBL, 17-Aug-2026,309.9,316.75,308.15,315.45,309.8,522885,1632.95,9743,229604.0,43.91
PCCL, 17-Aug-2026,305.0,310.0,305.0,308.45,305.5,9600,29.49,16,8400.0,87.5
PCJEWELLER, 17-Aug-2026,9.65,9.84,9.56,9.79,9.64,97016852,9418.39,34039,20900402.0,21.54
PDMJEPAPER, 17-Aug-2026,88.96,90.39,87.1,87.82,88.08,62047,54.8,1258,29158.0,46.99
PDSL, 17-Aug-2026,371.8,377.0,367.95,376.35,369.85,56835,212.17,4291,28663.0,50.43
PEARLPOLY, 17-Aug-2026,16.77,17.25,16.27,16.3,16.77,6523,1.08,36,4669.0,71.58
PELATRO, 17-Aug-2026,287.5,295.8,280.0,283.5,297.5,8700,24.91,28,5700.0,65.52
PENIND, 17-Aug-2026,152.0,154.0,150.35,151.45,152.43,266844,406.51,4631,137390.0,51.49
PENTAGON, 17-Aug-2026,50.25,50.25,50.25,50.25,52.9,1000,0.5,1,1000.0,100.0
PERFECT, 17-Aug-2026,2.35,2.35,2.25,2.3,2.35,15000,0.35,5,15000.0,100.0
PERMAGN, 17-Aug-2026,832.0,832.0,800.0,813.6,832.4,734,5.93,67,586.0,79.84
PERSISTENT, 17-Aug-2026,5580.5,5613.0,5520.0,5570.0,5580.0,398938,22247.51,25013,230879.0,57.87
PETRONET, 17-Aug-2026,282.6,286.4,281.65,281.8,282.6,1036006,2936.18,27532,450541.0,43.49
PFC, 17-Aug-2026,376.0,377.0,372.15,374.4,376.0,7164194,26836.62,108805,4971980.0,69.4
PFIZER, 17-Aug-2026,4860.1,4930.2,4810.0,4829.1,4874.8,54880,2664.96,9125,35429.0,64.56
PFOCUS, 17-Aug-2026,270.75,273.3,263.3,266.4,269.6,357746,956.02,9937,165921.0,46.38
PFS, 17-Aug-2026,28.35,28.48,27.92,28.14,28.35,437923,123.49,2040,296515.0,67.71
PGEL, 17-Aug-2026,600.1,614.0,594.25,614.0,601.0,1055830,6376.35,14824,395650.0,37.47
PGHH, 17-Aug-2026,8489.0,8489.0,8361.0,8365.0,8426.5,15420,1292.71,2909,11829.0,76.71
PGHL, 17-Aug-2026,5980.0,5980.0,5815.5,5836.5,5932.0,7030,412.67,2345,3975.0,56.54
PGIL, 17-Aug-2026,2480.0,2480.0,2357.0,2378.0,2474.6,78069,1873.25,13252,35115.0,44.98
PGINVIT, 17-Aug-2026,100.58,100.58,100.0,100.3,100.14,911583,913.83,6105,775160.0,85.03
PHANTOMFX, 17-Aug-2026,144.3,145.0,113.95,122.4,142.4,166800,205.8,422,116100.0,69.6
PHARMABEES, 17-Aug-2026,27.93,27.93,27.1,27.18,27.25,4658932,1267.21,12347,3477808.0,74.65
PHOENIXLTD, 17-Aug-2026,1891.0,1949.9,1876.0,1929.8,1890.0,718310,13683.39,55348,439475.0,61.18
PHOENXINTL, 17-Aug-2026,32.95,35.0,30.05,32.58,6.05,5607,1.85,175,4314.0,76.94
PHOGLOBAL, 17-Aug-2026,13.45,15.8,13.45,15.8,15.8,4000,0.59,2,4000.0,100.0
PICCADIL, 17-Aug-2026,644.9,699.0,638.7,695.45,641.9,697629,4739.0,33460,267271.0,38.31
PIDILITIND, 17-Aug-2026,1689.8,1700.0,1667.3,1669.0,1693.0,701061,11769.99,27429,521789.0,74.43
PIGL, 17-Aug-2026,103.98,105.82,101.59,104.62,106.36,91235,94.74,1884,45210.0,49.55
PIIND, 17-Aug-2026,2490.1,2490.2,2461.1,2472.0,2490.1,128211,3178.82,10772,58427.0,45.57
PILANIINVS, 17-Aug-2026,4504.0,4520.8,4428.1,4445.1,4547.0,2928,130.42,670,1458.0,49.8
PILITA, 17-Aug-2026,8.48,8.5,8.09,8.18,8.48,88738,7.31,260,58361.0,65.77
PINELABS, 17-Aug-2026,165.7,166.77,162.25,162.63,164.86,7831075,12839.38,70767,2640284.0,33.72
PIONEEREMB, 17-Aug-2026,23.17,23.44,22.6,22.78,23.57,7473,1.71,80,6254.0,83.69
PIRAMALFIN, 17-Aug-2026,2042.5,2079.8,2035.0,2066.1,2057.7,136718,2822.04,13898,80301.0,58.73
PITTIENG, 17-Aug-2026,1099.5,1100.0,1043.0,1046.55,1059.8,141552,1511.18,8761,70872.0,50.07
PIXTRANS, 17-Aug-2026,1895.9,1967.9,1890.1,1938.8,1896.8,27203,525.89,3163,13640.0,50.14
PKTEA, 17-Aug-2026,690.1,709.0,690.1,704.5,679.95,10552,73.97,30,10549.0,99.97
PLASTIBLEN, 17-Aug-2026,199.17,199.17,190.25,191.8,199.17,35458,68.75,1100,18972.0,53.51
PLATIND, 17-Aug-2026,216.97,218.58,212.04,214.2,215.42,44481,95.35,1517,25975.0,58.4
PLAZACABLE, 17-Aug-2026,58.5,59.19,53.57,53.57,56.38,290486,163.24,1777,189321.0,65.17
PML, 17-Aug-2026,501.95,524.65,490.0,503.45,490.0,280,1.41,27,280.0,100.0
PNB, 17-Aug-2026,117.11,118.06,115.32,117.32,118.0,12881843,15050.06,42017,5329060.0,41.37
PNBGILTS, 17-Aug-2026,79.99,81.04,78.0,80.34,79.41,385623,306.43,3318,185080.0,48.0
PNBHOUSING, 17-Aug-2026,1140.0,1154.0,1135.2,1150.8,1150.5,264061,3017.32,22586,107225.0,40.61
PNC, 17-Aug-2026,18.5,18.9,17.76,18.1,18.4,6886,1.25,198,5823.0,84.56
PNCINFRA, 17-Aug-2026,217.5,217.5,213.28,215.17,217.92,411470,884.28,17489,222413.0,54.05
PNGJL, 17-Aug-2026,618.05,619.45,608.5,610.4,610.7,257927,1578.83,11820,142570.0,55.28
PNGSREVA, 17-Aug-2026,595.0,608.25,569.05,576.45,571.75,436726,2562.31,21702,122827.0,28.12
POCL, 17-Aug-2026,492.0,493.75,483.7,486.75,491.95,268007,1303.72,7673,145056.0,54.12
PODDARMENT, 17-Aug-2026,256.5,263.6,251.1,253.45,264.2,5028,12.88,207,3806.0,75.7
POEL, 17-Aug-2026,150.1,154.0,145.0,148.41,162.6,57496,84.62,401,48159.0,83.76
POKARNA, 17-Aug-2026,950.0,963.0,933.1,937.8,952.4,41690,392.04,2768,21222.0,50.9
POLICYBZR, 17-Aug-2026,1730.6,1764.8,1723.0,1728.1,1741.0,930324,16230.79,43841,521425.0,56.05
POLYCAB, 17-Aug-2026,9250.0,9395.0,9231.0,9370.0,9240.0,239095,22360.19,32096,116867.0,48.88
POLYMED, 17-Aug-2026,1789.9,1800.1,1721.9,1733.6,1786.2,157632,2757.12,17518,74777.0,47.44
POLYPLEX, 17-Aug-2026,1190.0,1222.0,1180.9,1210.8,1181.5,195251,2361.32,9915,94333.0,48.31
POLYSIL, 17-Aug-2026,67.45,67.45,67.45,67.45,70.95,26000,17.54,9,26000.0,100.0
POLYSPIN, 17-Aug-2026,33.77,33.77,31.5,31.53,28.16,2166,0.71,47,1136.0,52.45
PONNIERODE, 17-Aug-2026,345.3,356.0,339.5,350.75,345.3,386846,1352.77,4397,344012.0,88.93
POONAWALLA, 17-Aug-2026,499.0,504.95,495.15,497.45,497.9,1077907,5392.16,31893,549006.0,50.93
POSITRON, 17-Aug-2026,161.0,170.8,160.1,169.95,168.5,12300,20.59,37,7200.0,58.54
POWERGRID, 17-Aug-2026,266.05,268.0,265.25,266.15,266.05,6631423,17689.46,47348,4255273.0,64.17
POWERICA, 17-Aug-2026,545.0,570.0,542.05,560.35,549.95,114609,638.6,5149,45625.0,39.81
POWERINDIA, 17-Aug-2026,35735.0,35850.0,35390.0,35450.0,35700.0,53456,19040.08,19553,15439.0,28.88
POWERMECH, 17-Aug-2026,2440.0,2472.0,2418.0,2452.3,2455.2,50868,1244.55,8715,26253.0,51.61
PPLPHARMA, 17-Aug-2026,208.0,208.69,203.32,204.73,206.64,2912134,5988.95,26853,1079919.0,37.08
PPSL, 17-Aug-2026,2.95,2.95,2.85,2.85,3.0,84000,2.4,21,75000.0,89.29
PRABHA, 17-Aug-2026,155.93,164.7,154.01,163.38,155.93,50122,80.87,791,35658.0,71.14
PRAENG, 17-Aug-2026,20.0,20.2,19.35,19.8,20.2,47394,9.35,234,36470.0,76.95
PRAJIND, 17-Aug-2026,335.95,338.5,327.0,334.05,335.25,936149,3108.66,21468,367530.0,39.26
PRAKASH, 17-Aug-2026,129.5,140.0,123.6,134.43,137.68,2525354,3335.06,18992,1240012.0,49.1
PRAKASHSTL, 17-Aug-2026,4.01,4.01,3.85,3.98,3.94,138379,5.43,313,106856.0,77.22
PRAMARA, 17-Aug-2026,111.0,111.0,106.1,106.1,107.75,27500,29.64,16,22500.0,81.82
PRANIK, 17-Aug-2026,44.0,44.0,40.9,40.9,41.0,8000,3.44,4,4800.0,60.0
PRATHAM, 17-Aug-2026,117.5,120.9,117.5,120.9,122.0,23600,27.96,9,23200.0,98.31
PRAVEG, 17-Aug-2026,264.0,267.05,254.55,258.9,269.7,95421,248.12,3484,52973.0,55.52
PRAXIS, 17-Aug-2026,6.42,6.42,5.75,5.87,6.21,358012,21.25,564,234614.0,65.53
PRECAM, 17-Aug-2026,134.96,136.0,132.91,134.65,135.0,77182,103.23,1742,42855.0,55.52
PRECISION, 17-Aug-2026,8.25,8.25,8.25,8.25,8.65,4000,0.33,2,4000.0,100.0
PRECOT, 17-Aug-2026,717.15,717.35,684.0,698.45,717.15,16347,114.03,928,10611.0,64.91
PRECWIRE, 17-Aug-2026,460.0,464.0,452.9,457.75,458.35,387991,1776.58,17166,136625.0,35.21
PREMCO, 17-Aug-2026,385.0,385.0,376.35,378.35,385.95,404,1.53,40,330.0,81.68
PREMEXPLN, 17-Aug-2026,652.95,674.7,652.95,672.65,651.9,642489,4301.11,6687,457080.0,71.14
PREMIERENE, 17-Aug-2026,1021.0,1027.8,1013.0,1015.5,1017.3,430713,4391.52,18539,182762.0,42.43
PREMIERPOL, 17-Aug-2026,75.02,85.45,74.05,83.59,73.55,3454869,2831.7,27730,577010.0,16.7
PREMIUM, 17-Aug-2026,37.7,37.7,36.25,36.25,38.5,12000,4.47,4,12000.0,100.0
PRESSTONIC, 17-Aug-2026,29.65,29.65,28.5,29.25,29.65,22400,6.53,23,13600.0,60.71
PRESTIGE, 17-Aug-2026,1594.0,1598.2,1561.3,1591.9,1592.5,1050412,16636.71,33473,643266.0,61.24
PRICOLLTD, 17-Aug-2026,793.55,808.9,788.45,806.55,792.05,559472,4469.08,29079,270322.0,48.32
PRIMECAB, 17-Aug-2026,182.0,186.9,182.0,185.0,178.0,16000,29.62,10,16000.0,100.0
PRIMESECU, 17-Aug-2026,279.0,287.9,278.85,283.3,281.95,21202,59.58,376,19419.0,91.59
PRIMO, 17-Aug-2026,24.15,24.99,23.06,23.28,25.62,384904,90.71,1805,217955.0,56.63
PRINCEPIPE, 17-Aug-2026,283.95,285.15,280.8,284.25,284.0,222830,630.92,5481,133330.0,59.83
PRISMX, 17-Aug-2026,0.57,0.58,0.5,0.52,0.58,922092,4.91,190,742777.0,80.55
PRITIKA, 17-Aug-2026,60.0,60.0,60.0,60.0,62.0,26000,15.6,4,14000.0,53.85
PRIVISCL, 17-Aug-2026,3510.4,3510.4,3426.1,3449.0,3482.2,139105,4822.51,15783,91981.0,66.12
PRIZOR, 17-Aug-2026,860.0,860.0,828.0,840.15,851.0,11200,93.69,23,10800.0,96.43
PRLIND, 17-Aug-2026,43.55,43.7,43.05,43.05,43.15,3000,1.3,3,2000.0,66.67
PROFX, 17-Aug-2026,77.0,77.0,77.0,77.0,80.0,1600,1.23,1,1600.0,100.0
PROLIFE, 17-Aug-2026,90.95,90.95,88.0,88.0,90.95,2500,2.24,5,2500.0,100.0
PROPEQUITY, 17-Aug-2026,220.0,220.0,220.0,220.0,220.0,1200,2.64,2,1200.0,100.0
PROPSHOP, 17-Aug-2026,64.95,66.4,64.95,66.2,66.55,18000,11.84,7,18000.0,100.0
PROSTARM, 17-Aug-2026,135.32,137.19,133.0,135.96,134.39,126855,171.56,2441,58317.0,45.97
PROTEAN, 17-Aug-2026,555.0,555.9,544.1,548.5,551.9,157543,866.5,6309,82360.0,52.28
PROV, 17-Aug-2026,1890.0,1934.0,1875.0,1905.0,1860.0,880,16.86,11,880.0,100.0
PROZONER, 17-Aug-2026,41.8,43.9,41.0,43.5,42.02,235253,100.08,847,136285.0,57.93
PRSMJOHNSN, 17-Aug-2026,105.15,106.34,105.0,105.33,105.12,370475,390.74,4673,187169.0,50.52
PRUDENT, 17-Aug-2026,3317.6,3352.5,3276.3,3338.0,3257.1,27194,904.55,7117,14751.0,54.24
PSB, 17-Aug-2026,23.6,23.9,23.19,23.68,23.59,1518815,355.41,4097,821475.0,54.09
PSPPROJECT, 17-Aug-2026,929.8,951.8,915.0,947.0,922.4,54984,516.41,4018,26093.0,47.46
PSRAJ, 17-Aug-2026,84.25,85.9,83.55,83.6,87.9,47500,40.12,16,47500.0,100.0
PSUBANK, 17-Aug-2026,87.24,87.7,86.15,87.38,87.24,244522,212.22,923,42223.0,17.27
PSUBANKADD, 17-Aug-2026,87.77,88.42,87.1,88.37,88.22,20217,17.74,435,9008.0,44.56
PSUBNKBEES, 17-Aug-2026,97.52,97.81,96.11,97.65,97.52,1912418,1857.98,7248,1136699.0,59.44
PSUBNKIETF, 17-Aug-2026,88.04,89.0,87.24,88.58,88.46,158258,138.94,1047,60681.0,38.34
PTC, 17-Aug-2026,162.16,163.44,160.0,160.62,161.47,1418832,2283.77,25703,771710.0,54.39
PTCIL, 17-Aug-2026,19319.0,20750.0,19067.0,20584.0,19050.0,284135,57229.12,82692,45183.0,15.9
PTL, 17-Aug-2026,38.64,39.24,38.41,38.65,38.64,32471,12.53,401,29002.0,89.32
PULZ, 17-Aug-2026,22.25,22.5,21.9,21.9,22.55,18000,4.02,7,16000.0,88.89
PUNJABCHEM, 17-Aug-2026,1092.1,1139.0,1074.1,1127.3,1094.8,8943,98.74,1080,5135.0,57.42
PURPLEUTED, 17-Aug-2026,370.45,370.45,365.0,370.45,352.85,42500,157.41,105,42250.0,99.41
PURVA, 17-Aug-2026,234.01,245.9,224.0,226.6,218.21,23015575,54547.34,205844,936850.0,4.07
PURVFLEXI, 17-Aug-2026,49.8,49.8,49.8,49.8,52.4,800,0.4,1,800.0,100.0
PVP, 17-Aug-2026,37.79,37.85,35.0,37.01,35.43,3235182,1187.0,11128,1442463.0,44.59
PVRINOX, 17-Aug-2026,1173.7,1208.9,1165.7,1192.0,1174.0,261706,3123.77,17898,113922.0,43.53
PVSL, 17-Aug-2026,114.0,116.51,112.21,115.9,116.51,29318,33.57,1050,17889.0,61.02
PVTBANIETF, 17-Aug-2026,27.99,27.99,27.46,27.74,27.61,3993028,1103.54,2445,3078165.0,77.09
PVTBANK, 17-Aug-2026,27.35,27.5,27.3,27.5,27.37,307791,84.34,21,307113.0,99.78
PVTBANKADD, 17-Aug-2026,27.79,27.99,27.57,27.84,27.79,3777808,1045.67,2557,3661408.0,96.92
PVTBKGROWW, 17-Aug-2026,27.77,27.77,27.21,27.5,27.51,6313,1.73,126,4185.0,66.29
PWL, 17-Aug-2026,114.65,128.37,114.0,119.97,117.12,103684614,128247.86,404065,10479861.0,10.11
PYRAMID, 17-Aug-2026,163.71,168.0,163.02,166.69,162.97,48667,80.6,978,31245.0,64.2
QFIL, 17-Aug-2026,60.0,60.0,60.0,60.0,62.8,2000,1.2,2,2000.0,100.0
QGOLDHALF, 17-Aug-2026,125.65,126.98,125.64,126.73,125.29,241280,305.77,873,116180.0,48.15
QLINE, 17-Aug-2026,539.35,539.5,519.0,529.15,532.8,32000,168.52,74,23200.0,72.5
QMSMEDI, 17-Aug-2026,137.8,140.0,130.0,138.13,131.92,124582,169.56,1607,90196.0,72.4
QNIFTY, 17-Aug-2026,270.9,270.9,267.2,268.45,268.8,1192,3.19,97,545.0,45.72
QPOWER, 17-Aug-2026,1260.0,1311.7,1256.1,1302.6,1249.3,502379,6557.6,10198,286473.0,57.02
QUADFUTURE, 17-Aug-2026,357.7,362.1,347.2,349.35,360.45,252295,889.04,5951,161102.0,63.85
QUAL30IETF, 17-Aug-2026,21.67,21.74,21.58,21.65,21.67,95475,20.64,281,69021.0,72.29
QUALITY30, 17-Aug-2026,21.26,21.31,21.15,21.23,21.27,27111,5.74,42,24324.0,89.72
QUESS, 17-Aug-2026,337.8,345.0,327.35,343.9,337.8,433269,1474.64,18903,227498.0,52.51
QUESTLAB, 17-Aug-2026,93.0,93.0,87.8,88.05,91.45,33600,29.85,27,27600.0,82.14
QUICKTOUCH, 17-Aug-2026,18.15,18.15,18.15,18.15,19.1,13500,2.45,13,8500.0,62.96
QUINT, 17-Aug-2026,38.75,38.8,36.0,37.36,37.56,16983,6.36,67,15525.0,91.41
QVCEL, 17-Aug-2026,23.8,25.15,23.8,25.15,24.9,8000,1.99,5,8000.0,100.0
RACE, 17-Aug-2026,99.0,102.98,99.0,102.73,100.07,6978,7.13,128,5179.0,74.22
RACLGEAR, 17-Aug-2026,1380.0,1396.8,1337.0,1343.4,1387.3,26508,360.88,2794,16982.0,64.06
RADAAN, 17-Aug-2026,3.13,3.13,2.85,2.97,3.06,13315,0.4,78,8903.0,66.86
RADHIKAJWE, 17-Aug-2026,69.0,69.44,67.5,67.9,69.29,335920,228.88,2671,128801.0,38.34
RADIANTCMS, 17-Aug-2026,36.8,36.98,34.72,34.86,36.08,303098,107.03,2161,243362.0,80.29
RADICO, 17-Aug-2026,4657.8,4693.4,4612.5,4693.4,4650.0,212499,9892.78,21212,126758.0,59.65
RADIOCITY, 17-Aug-2026,6.98,6.98,6.62,6.66,6.71,18450,1.24,120,16913.0,91.67
RAILTEL, 17-Aug-2026,280.6,282.0,278.05,279.95,282.15,276667,773.42,9683,127653.0,46.14
RAIN, 17-Aug-2026,208.0,209.24,204.21,205.91,208.69,2704223,5587.01,19213,1334889.0,49.36
RAINBOW, 17-Aug-2026,1423.8,1485.2,1423.8,1478.5,1461.8,112226,1643.46,17910,61172.0,54.51
RAJINDLTD, 17-Aug-2026,67.0,67.15,66.5,66.5,68.0,6000,4.01,4,4500.0,75.0
RAJMET, 17-Aug-2026,3.21,3.25,3.12,3.23,3.21,187912,6.05,732,144583.0,76.94
RAJPALAYAM, 17-Aug-2026,852.45,858.95,825.0,827.8,838.15,3070,25.54,148,2536.0,82.61
RAJRATAN, 17-Aug-2026,518.0,520.0,508.15,516.8,515.8,61508,315.91,3306,33045.0,53.72
RAJSREESUG, 17-Aug-2026,31.85,35.0,31.85,34.49,32.67,66318,22.42,645,49174.0,74.15
RAJTV, 17-Aug-2026,10.37,10.37,10.0,10.26,10.22,13387,1.37,88,9194.0,68.68
RALLIS, 17-Aug-2026,212.5,214.4,211.62,213.08,212.48,463017,986.3,11931,214167.0,46.25
RAMANEWS, 17-Aug-2026,31.0,33.44,31.0,32.78,31.62,23649,7.74,235,19156.0,81.0
RAMAPHO, 17-Aug-2026,120.03,125.0,119.85,121.52,119.85,34942,42.31,997,23432.0,67.06
RAMBHAJO, 17-Aug-2026,180.0,183.4,178.0,180.97,177.79,86163,155.8,1849,41772.0,48.48
RAMCOCEM, 17-Aug-2026,917.0,926.2,905.05,922.6,907.2,242347,2220.61,9053,143890.0,59.37
RAMCOIND, 17-Aug-2026,358.2,360.8,350.6,353.45,356.95,171717,607.79,4044,61162.0,35.62
RAMCOSYS, 17-Aug-2026,595.55,606.75,584.05,594.2,595.7,104179,619.21,5716,46429.0,44.57
RAMKY, 17-Aug-2026,386.9,393.55,383.1,390.05,390.05,20698,80.22,940,11466.0,55.4
RAMRAT, 17-Aug-2026,479.75,479.75,460.15,467.5,475.05,106827,497.59,4667,56184.0,52.59
RANASUG, 17-Aug-2026,12.95,13.14,12.25,12.9,13.05,540101,69.41,1353,306447.0,56.74
RANEHOLDIN, 17-Aug-2026,1662.0,1694.4,1589.6,1600.9,1674.4,43583,709.29,3646,29893.0,68.59
RAPIDFLEET, 17-Aug-2026,169.0,169.0,169.0,169.0,164.0,600,1.01,1,600.0,100.0
RAPPID, 17-Aug-2026,320.0,320.0,300.0,306.0,319.0,14400,44.33,24,10200.0,70.83
RATEGAIN, 17-Aug-2026,942.7,955.5,930.3,949.5,942.6,267690,2530.05,16350,126264.0,47.17
RATNAMANI, 17-Aug-2026,2352.0,2370.5,2302.6,2353.6,2352.0,19515,456.2,6891,9716.0,49.79
RATNAVEER, 17-Aug-2026,230.56,247.65,230.3,244.87,230.16,18091539,43295.77,129861,2869573.0,15.86
RAYMOND, 17-Aug-2026,634.8,648.9,628.0,647.85,635.45,1136588,7310.49,22188,507163.0,44.62
RAYMONDLSL, 17-Aug-2026,737.6,767.0,737.6,762.1,741.2,229694,1742.28,12881,123785.0,53.89
RAYMONDREL, 17-Aug-2026,583.0,587.0,571.05,581.05,577.8,186883,1079.65,6513,61046.0,32.67
RBA, 17-Aug-2026,99.5,101.8,97.55,99.59,99.08,5942014,5939.34,27134,1734841.0,29.2
RBLBANK, 17-Aug-2026,384.9,386.05,381.5,381.5,385.0,1376951,5283.43,30276,686071.0,49.83
RBMINFRA, 17-Aug-2026,240.1,250.0,238.0,240.85,245.3,18800,45.29,83,15200.0,80.85
RBS, 17-Aug-2026,92.0,96.5,90.1,91.4,93.45,20000,18.83,22,12000.0,60.0
RBZJEWEL, 17-Aug-2026,140.1,140.49,135.0,136.19,140.84,89603,122.85,2306,43558.0,48.61
RCDL, 17-Aug-2026,27.7,28.5,27.0,27.0,27.7,27000,7.4,9,21000.0,77.78
RCF, 17-Aug-2026,124.0,124.14,122.61,123.26,124.05,468348,577.19,5801,204847.0,43.74
READYMIX, 17-Aug-2026,98.0,106.95,98.0,103.1,104.45,40000,40.97,34,20000.0,50.0
RECLTD, 17-Aug-2026,335.5,340.2,333.2,340.0,335.0,5176231,17437.9,29447,2666910.0,51.52
REDINGTON, 17-Aug-2026,334.65,344.0,330.7,332.8,334.05,2339195,7889.58,57536,644070.0,27.53
REDTAPE, 17-Aug-2026,123.25,123.5,120.85,121.66,122.19,227398,276.42,3901,120351.0,52.93
REFEX, 17-Aug-2026,295.75,309.4,295.75,302.75,297.25,571700,1740.72,9607,262581.0,45.93
REFRACTORY, 17-Aug-2026,24.8,24.8,24.8,24.8,25.0,2000,0.5,2,2000.0,100.0
REGAAL, 17-Aug-2026,86.95,92.38,82.51,90.46,86.0,603769,529.6,3322,342876.0,56.79
REGENCERAM, 17-Aug-2026,36.31,36.31,34.5,35.43,36.31,6228,2.22,302,4387.0,70.44
RELAXO, 17-Aug-2026,399.95,401.45,388.3,391.2,396.25,222421,871.47,9416,84935.0,38.19
RELCHEMQ, 17-Aug-2026,123.99,123.99,112.37,115.6,118.99,12292,14.22,268,7603.0,61.85
RELIABLE, 17-Aug-2026,142.6,142.6,135.61,138.74,139.86,23717,32.68,543,5903.0,24.89
RELIANCE, 17-Aug-2026,1314.0,1320.8,1298.1,1316.0,1310.0,13383867,175144.89,208057,8534220.0,63.76
RELIGARE, 17-Aug-2026,235.1,237.8,230.3,231.1,234.75,580024,1350.11,10821,303475.0,52.32
RELTD, 17-Aug-2026,158.93,162.5,155.57,159.87,164.7,321467,511.22,4792,154505.0,48.06
REMSONSIND, 17-Aug-2026,86.28,86.31,80.62,81.89,88.25,287908,236.62,3694,153106.0,53.18
REMUS, 17-Aug-2026,890.0,917.95,890.0,907.3,897.35,21700,197.59,102,15700.0,72.35
RENUKA, 17-Aug-2026,22.05,23.19,21.98,23.0,21.95,12864772,2926.92,19861,5547296.0,43.12
REPCOHOME, 17-Aug-2026,357.55,363.0,347.0,349.6,357.55,250211,876.36,8619,185909.0,74.3
REPRO, 17-Aug-2026,329.6,329.6,320.05,325.15,324.75,7982,25.87,537,4662.0,58.41
RESPONIND, 17-Aug-2026,160.1,166.0,157.14,159.01,165.9,287962,463.56,5254,113499.0,39.41
RETAIL, 17-Aug-2026,18.51,18.51,17.3,18.23,19.03,5259,0.95,82,3454.0,65.68
REXPRO, 17-Aug-2026,37.9,39.95,37.9,39.95,38.05,11000,4.34,11,10000.0,90.91
RFBL, 17-Aug-2026,95.95,100.7,95.95,100.7,101.0,165000,158.46,11,99000.0,60.0
RGL, 17-Aug-2026,122.95,125.46,120.0,121.9,123.03,960132,1183.08,9675,319423.0,33.27
RHETAN, 17-Aug-2026,21.25,21.48,21.25,21.28,21.05,9870037,2100.98,4447,2344255.0,23.75
RHIM, 17-Aug-2026,379.85,379.85,371.5,374.25,379.85,417956,1566.3,13403,201310.0,48.17
RHL, 17-Aug-2026,167.2,172.99,166.0,166.35,166.94,948,1.58,39,911.0,96.1
RICHA, 17-Aug-2026,89.0,89.0,89.0,89.0,90.0,1000,0.89,1,1000.0,100.0
RICOAUTO, 17-Aug-2026,132.51,135.65,131.08,132.9,132.0,1748899,2331.15,14547,569307.0,32.55
RIIL, 17-Aug-2026,746.9,751.2,737.0,747.05,743.6,31368,232.92,1667,11642.0,37.11
RIIT, 17-Aug-2026,119.7,120.0,118.06,119.73,118.89,886080,1055.29,3385,797580.0,90.01
RILINFRA, 17-Aug-2026,37.95,38.25,36.85,37.55,37.0,9700,3.66,52,8300.0,85.57
RIR, 17-Aug-2026,169.69,178.0,165.55,173.94,165.36,524243,910.28,8965,153752.0,29.33
RISHABH, 17-Aug-2026,640.0,698.75,620.0,694.6,648.65,1235809,8289.76,47346,544513.0,44.06
RITCO, 17-Aug-2026,297.6,297.65,290.4,292.5,295.6,46768,137.05,1421,27304.0,58.38
RITES, 17-Aug-2026,221.29,222.88,218.5,221.72,221.06,317626,700.3,8379,129516.0,40.78
RKDL, 17-Aug-2026,19.49,19.49,18.22,18.36,18.63,3110,0.58,92,2951.0,94.89
RKEC, 17-Aug-2026,24.75,25.38,23.2,23.41,25.02,107860,25.93,626,79115.0,73.35
RKFORGE, 17-Aug-2026,738.85,759.0,733.95,755.0,732.6,1027756,7682.28,26872,506457.0,49.28
RKSWAMY, 17-Aug-2026,98.99,98.99,95.12,97.47,94.59,47958,46.32,1228,27098.0,56.5
RMC, 17-Aug-2026,273.9,273.9,256.0,259.7,267.0,67704,177.69,2157,32525.0,48.04
RML, 17-Aug-2026,1113.5,1114.5,1080.0,1084.7,1113.5,18369,200.45,1711,5457.0,29.71
RNBDENIMS, 17-Aug-2026,9.05,9.14,8.52,8.58,8.93,472815,41.42,1477,340546.0,72.03
RNFI, 17-Aug-2026,274.3,275.0,266.4,272.4,275.6,31800,85.74,49,25200.0,79.25
RNPL, 17-Aug-2026,78.85,84.5,78.85,78.85,83.0,4800,3.85,4,3600.0,75.0
ROCKINGDCE, 17-Aug-2026,180.0,180.0,162.0,167.45,180.65,4500,7.53,17,3750.0,83.33
ROHLTD, 17-Aug-2026,312.0,313.0,303.8,307.7,312.35,47490,146.01,2040,31133.0,65.56
ROLEXRINGS, 17-Aug-2026,177.5,181.48,177.49,179.46,176.3,2478080,4448.24,31477,1068507.0,43.12
ROML, 17-Aug-2026,44.52,45.4,43.65,44.09,44.52,1259,0.56,45,724.0,57.51
ROSSARI, 17-Aug-2026,504.25,504.25,495.0,496.15,503.0,33394,166.19,1902,18461.0,55.28
ROSSELLIND, 17-Aug-2026,56.0,56.58,55.01,56.17,55.58,15480,8.7,280,10502.0,67.84
ROSSTECH, 17-Aug-2026,1072.95,1148.0,1070.95,1108.9,1073.45,591610,6588.64,41889,214909.0,36.33
ROTO, 17-Aug-2026,66.5,66.56,65.16,65.68,66.11,264756,174.23,2099,131489.0,49.66
ROUTE, 17-Aug-2026,505.95,513.05,502.0,508.6,505.25,195632,993.41,7403,67968.0,34.74
ROXHITECH, 17-Aug-2026,57.75,58.9,54.25,56.45,58.45,94400,53.8,53,62400.0,66.1
ROYALARC, 17-Aug-2026,177.0,180.0,175.0,176.35,180.0,18000,31.9,12,18000.0,100.0
RPEL, 17-Aug-2026,1439.0,1439.0,1402.4,1430.1,1433.9,38427,546.22,4552,20707.0,53.89
RPGLIFE, 17-Aug-2026,2772.0,2822.9,2720.0,2741.3,2782.3,14587,403.31,2205,6131.0,42.03
RPOWER, 17-Aug-2026,23.06,23.13,22.32,22.72,22.98,22509176,5087.69,41557,9237488.0,41.04
RPPINFRA, 17-Aug-2026,58.5,60.39,58.11,58.35,59.65,966446,567.29,1834,913327.0,94.5
RPSGVENT, 17-Aug-2026,874.0,892.0,874.0,887.25,890.15,16289,144.33,895,10871.0,66.74
RPTECH, 17-Aug-2026,840.0,874.0,840.0,871.85,834.05,279234,2419.99,14359,130444.0,46.71
RRECL, 17-Aug-2026,145.0,145.0,145.0,145.0,140.3,1,0.0,1,1.0,100.0
RRIL, 17-Aug-2026,16.71,17.8,16.43,17.54,16.71,18729,3.24,125,15438.0,82.43
RRKABEL, 17-Aug-2026,2779.1,2793.6,2708.3,2748.6,2785.6,320939,8835.46,29328,167787.0,52.28
RSL, 17-Aug-2026,167.7,167.7,163.0,164.9,165.42,324452,534.5,3762,202036.0,62.27
RSSOFTWARE, 17-Aug-2026,33.05,34.0,31.49,31.59,33.14,44156,13.97,264,29982.0,67.9
RSYSTEMS, 17-Aug-2026,241.5,242.25,238.1,240.2,241.8,91457,219.64,2985,55536.0,60.72
RTNINDIA, 17-Aug-2026,29.99,30.6,29.95,30.48,30.05,759416,229.71,4356,403185.0,53.09
RTNPOWER, 17-Aug-2026,8.45,8.48,8.31,8.35,8.45,9914299,828.89,10626,3686418.0,37.18
RTSPOWR, 17-Aug-2026,98.19,114.0,82.9,94.73,95.8,1133,1.11,45,1112.0,98.15
RUBFILA, 17-Aug-2026,66.78,68.4,65.65,67.36,66.78,12841,8.6,289,10357.0,80.66
RUBICON, 17-Aug-2026,1700.7,1808.0,1626.1,1798.7,1619.1,3473690,60074.77,243321,904759.0,26.05
RUCHINFRA, 17-Aug-2026,5.95,5.98,5.81,5.81,5.89,18893,1.11,135,14440.0,76.43
RUCHIRA, 17-Aug-2026,104.13,104.85,101.0,102.05,104.09,27909,28.54,559,18991.0,68.05
RUDRA, 17-Aug-2026,22.4,25.95,21.0,23.8,22.46,2221218,527.21,3731,854113.0,38.45
RULKA, 17-Aug-2026,111.0,111.0,109.1,109.1,107.6,600,0.66,2,600.0,100.0
RUPA, 17-Aug-2026,150.2,151.44,148.0,149.1,151.05,84340,125.94,2331,52864.0,62.68
RUSHIL, 17-Aug-2026,17.42,17.67,16.7,16.78,17.21,344871,58.52,1318,235258.0,68.22
RUSTOMJEE, 17-Aug-2026,372.05,376.8,368.75,375.1,371.45,29202,108.99,1086,16757.0,57.38
RVHL, 17-Aug-2026,44.22,45.9,42.01,43.05,43.47,10795,4.72,218,7026.0,65.09
RVNL, 17-Aug-2026,227.0,229.4,224.84,228.5,227.35,2320005,5269.37,24081,741588.0,31.96
RVTH, 17-Aug-2026,710.1,780.0,710.1,747.7,729.9,1602,11.99,135,1305.0,81.46
S&SPOWER, 17-Aug-2026,305.0,315.85,294.0,297.7,325.6,7957,24.02,297,5203.0,65.39
SAAKSHI, 17-Aug-2026,295.0,301.0,286.3,297.65,296.1,6600,19.59,11,6000.0,90.91
SAATVIKGL, 17-Aug-2026,401.0,408.3,384.7,402.65,427.4,601340,2373.54,10999,240840.0,40.05
SAB, 17-Aug-2026,170.0,170.0,170.0,170.0,170.0,134,0.23,2,134.0,100.0
SABAR, 17-Aug-2026,6.95,6.95,6.95,6.95,7.1,5000,0.35,1,5000.0,100.0
SACHEEROME, 17-Aug-2026,463.0,485.0,460.0,466.45,452.2,24300,114.48,77,18000.0,74.07
SADBHAV, 17-Aug-2026,8.55,8.55,8.18,8.26,8.54,181994,15.08,597,122197.0,67.14
SADHAV, 17-Aug-2026,115.5,118.25,115.5,116.25,117.25,6600,7.73,10,5400.0,81.82
SAFARI, 17-Aug-2026,1491.4,1503.7,1479.6,1497.3,1498.5,21975,328.21,4287,12759.0,58.06
SAFEENTP, 17-Aug-2026,240.0,256.0,239.0,254.75,238.9,43000,106.97,82,31500.0,73.26
SAGARDEEP, 17-Aug-2026,24.18,24.48,23.25,24.02,23.71,4402,1.06,73,3513.0,79.8
SAGCEM, 17-Aug-2026,173.38,173.99,168.2,169.01,173.39,35242,59.93,883,26315.0,74.67
SAGILITY, 17-Aug-2026,42.28,42.77,42.0,42.4,42.28,8743424,3706.17,31629,3715751.0,42.5
SAHAJSOLAR, 17-Aug-2026,112.7,112.7,104.1,105.25,108.1,22000,23.41,45,17600.0,80.0
SAHANA, 17-Aug-2026,795.0,800.0,775.15,785.85,788.0,9000,70.73,41,6000.0,66.67
SAHASRA, 17-Aug-2026,322.95,323.0,314.0,319.95,317.15,26000,82.77,59,23200.0,89.23
SAHLIBHFI, 17-Aug-2026,74.2,76.0,71.19,72.0,74.2,11709,8.64,151,10958.0,93.59
SAHYADRI, 17-Aug-2026,368.95,401.1,363.9,388.15,360.1,152530,594.73,6473,88032.0,57.71
SAICAPI, 17-Aug-2026,149.95,149.95,149.95,149.95,149.95,150,0.22,8,150.0,100.0
SAIFL, 17-Aug-2026,5.1,5.15,4.85,5.0,5.1,320000,16.04,56,216000.0,67.5
SAIL, 17-Aug-2026,168.61,174.3,168.11,173.6,169.51,10850564,18534.64,50245,4997637.0,46.06
SAILIFE, 17-Aug-2026,1448.8,1454.6,1409.0,1416.4,1449.9,345682,4933.84,25073,209435.0,60.59
SAIPARENT, 17-Aug-2026,556.85,557.0,537.95,551.95,551.65,93013,509.57,4446,50379.0,54.16
SAJHOTELS, 17-Aug-2026,42.5,42.75,42.5,42.55,42.5,10000,4.26,4,10000.0,100.0
SAKAR, 17-Aug-2026,875.95,914.55,856.35,905.35,875.95,109534,967.34,8649,54838.0,50.06
SAKHTISUG, 17-Aug-2026,17.47,17.79,16.9,17.63,17.05,312531,54.37,1034,161108.0,51.55
SAKSOFT, 17-Aug-2026,165.71,167.61,163.0,164.95,165.71,196346,322.61,3070,82125.0,41.83
SAKUMA, 17-Aug-2026,1.62,1.63,1.59,1.6,1.62,830472,13.35,949,660818.0,79.57
SALASAR, 17-Aug-2026,5.85,6.1,5.85,6.07,5.96,5603691,337.86,3379,2825647.0,50.42
SALONA, 17-Aug-2026,262.0,265.0,256.06,261.21,259.62,665,1.74,69,434.0,65.26
SALSTEEL, 17-Aug-2026,66.62,73.0,66.62,71.87,66.42,844710,602.19,5753,309281.0,36.61
SALZERELEC, 17-Aug-2026,571.05,574.4,567.6,570.3,570.25,32449,185.17,1821,18925.0,58.32
SAMAY, 17-Aug-2026,42.25,42.25,42.25,42.25,43.35,4000,1.69,1,4000.0,100.0
SAMBHAAV, 17-Aug-2026,6.56,6.74,6.12,6.35,6.5,8466,0.54,62,7359.0,86.92
SAMBHV, 17-Aug-2026,121.45,122.5,119.07,119.88,121.06,873154,1056.75,8116,368160.0,42.16
SAMHI, 17-Aug-2026,161.5,162.0,157.41,159.41,163.37,952559,1517.64,16872,539227.0,56.61
SAMMAANCAP, 17-Aug-2026,152.39,156.0,149.84,153.33,152.39,7798086,11985.98,35923,3370015.0,43.22
SAMPANN, 17-Aug-2026,26.8,26.8,26.05,26.3,26.28,8039,2.12,87,6345.0,78.93
SANATHAN, 17-Aug-2026,471.35,487.15,460.1,463.5,471.35,36634,171.46,2065,18995.0,51.85
SANDESH, 17-Aug-2026,1082.0,1095.0,1066.0,1081.85,1079.7,1791,19.45,284,1350.0,75.38
SANDHAR, 17-Aug-2026,640.0,644.1,626.3,632.55,639.85,117280,745.37,5507,44812.0,38.21
SANDUMA, 17-Aug-2026,198.01,202.0,195.81,200.89,198.01,541280,1076.25,8273,271349.0,50.13
SANGAMIND, 17-Aug-2026,596.05,603.0,586.05,592.45,601.0,11488,68.07,1026,7267.0,63.26
SANGANI, 17-Aug-2026,55.45,55.45,55.45,55.45,55.45,9000,4.99,4,9000.0,100.0
SANGHVIMOV, 17-Aug-2026,494.0,512.0,480.5,506.95,489.05,316845,1565.94,10375,139092.0,43.9
SANOFI, 17-Aug-2026,3240.2,3240.2,3180.0,3197.4,3242.9,18010,575.7,5298,10704.0,59.43
SANOFICONR, 17-Aug-2026,4436.0,4457.3,4351.0,4363.0,4444.9,2693,117.98,1012,1760.0,65.35
SANSERA, 17-Aug-2026,3938.5,4019.9,3893.5,4002.0,3924.6,192345,7629.47,25107,79616.0,41.39
SANSTAR, 17-Aug-2026,111.02,111.63,108.0,109.19,111.5,250032,273.8,2280,175447.0,70.17
SAPPHIRE, 17-Aug-2026,236.0,236.45,231.53,234.68,234.72,692764,1624.95,13706,234181.0,33.8
SAPPL, 17-Aug-2026,305.05,305.05,286.0,289.5,277.95,8397,24.87,266,6222.0,74.1
SARDAEN, 17-Aug-2026,531.15,531.15,518.4,521.15,531.15,426925,2231.09,12321,151610.0,35.51
SAREGAMA, 17-Aug-2026,527.45,534.6,515.0,523.4,527.3,754505,3944.84,29111,452847.0,60.02
SARLAPOLY, 17-Aug-2026,101.6,103.45,100.42,101.61,101.19,41680,42.34,648,33887.0,81.3
SAROJA, 17-Aug-2026,32.8,32.8,32.8,32.8,31.45,1600,0.52,1,1600.0,100.0
SARTELE, 17-Aug-2026,108.25,111.0,99.0,100.9,108.25,271000,279.3,376,209000.0,77.12
SARVESHWAR, 17-Aug-2026,3.5,3.55,3.45,3.5,3.46,1288319,44.97,1519,1060911.0,82.35
SASKEN, 17-Aug-2026,1965.0,1998.0,1914.0,1919.5,1971.4,12081,233.8,1662,7405.0,61.29
SATECH, 17-Aug-2026,35.65,35.65,35.6,35.6,36.95,2000,0.71,2,2000.0,100.0
SATIA, 17-Aug-2026,59.88,60.35,57.53,59.24,59.88,134967,78.82,1470,76250.0,56.5
SATIN, 17-Aug-2026,225.0,233.56,222.79,228.73,225.54,467395,1074.13,7748,268529.0,57.45
SATIPOLY, 17-Aug-2026,42.75,42.75,42.75,42.75,44.95,3500,1.5,5,3000.0,85.71
SATKARTAR, 17-Aug-2026,119.0,122.5,119.0,122.0,121.0,9600,11.6,12,7200.0,75.0
SATTVAENGG, 17-Aug-2026,74.0,74.0,73.0,73.95,74.4,8000,5.89,5,8000.0,100.0
SAURASHCEM, 17-Aug-2026,60.01,60.18,58.31,58.72,60.34,68784,40.69,895,52389.0,76.16
SAWALIYA, 17-Aug-2026,288.0,289.1,276.05,281.7,284.7,37800,106.56,33,17400.0,46.03
SAYAJIHOTL, 17-Aug-2026,315.0,315.0,310.3,310.3,327.0,4,0.01,3,4.0,100.0
SAYAJIIND, 17-Aug-2026,125.0,125.0,114.8,114.8,120.6,192,0.22,4,192.0,100.0
SBC, 17-Aug-2026,38.89,39.2,38.11,38.75,38.6,6230439,2426.45,10673,2552608.0,40.97
SBCL, 17-Aug-2026,1064.9,1075.0,1020.9,1024.6,1040.1,196087,2041.68,11115,97053.0,49.49
SBFC, 17-Aug-2026,94.01,94.09,92.7,93.95,94.05,703821,657.96,10220,400254.0,56.87
SBGLP, 17-Aug-2026,25.52,25.88,24.15,24.95,25.52,23666,5.88,149,16786.0,70.93
SBIBPB, 17-Aug-2026,50.75,50.93,49.93,50.65,50.62,142260,71.63,545,47924.0,33.69
SBICARD, 17-Aug-2026,632.85,641.75,626.0,641.75,633.0,606536,3844.79,22133,229158.0,37.78
SBIETFCON, 17-Aug-2026,124.0,125.77,124.0,125.45,125.56,3827,4.79,96,1948.0,50.9
SBIETFIT, 17-Aug-2026,348.45,348.45,341.27,341.85,346.72,10422,35.69,286,4550.0,43.66
SBIETFPB, 17-Aug-2026,279.76,280.87,276.33,279.02,279.76,2952,8.23,121,2310.0,78.25
SBIETFQLTY, 17-Aug-2026,224.24,228.43,224.24,227.61,228.82,1557,3.54,64,827.0,53.11
SBIFUNDS, 17-Aug-2026,559.05,561.15,551.3,557.25,559.1,2666490,14781.69,65809,1722655.0,64.6
SBILIFE, 17-Aug-2026,1785.4,1799.0,1781.0,1790.4,1795.0,251360,4498.14,19507,135825.0,54.04
SBILIQETF, 17-Aug-2026,1052.11,1052.13,1052.11,1052.12,1051.98,14513,152.69,44,10674.0,73.55
SBIMIDMOM, 17-Aug-2026,64.18,65.25,63.83,64.38,64.17,141754,91.01,344,134895.0,95.16
SBIN, 17-Aug-2026,1064.2,1068.8,1052.4,1061.2,1067.7,7039473,74688.88,144314,3473616.0,49.34
SBINEQWETF, 17-Aug-2026,34.15,34.15,33.73,33.94,33.99,27332,9.25,318,19614.0,71.76
SBINMID150, 17-Aug-2026,23.72,23.72,23.4,23.47,23.61,40125,9.42,155,22051.0,54.96
SBISILVER, 17-Aug-2026,228.62,230.24,227.54,229.2,226.67,773959,1774.61,6851,392315.0,50.69
SBISMLETF, 17-Aug-2026,18.4,18.96,18.22,18.36,18.35,79741,14.68,267,53236.0,66.76
SBIVALETF, 17-Aug-2026,14.92,14.99,14.77,14.91,14.92,10778,1.6,55,8518.0,79.03
SCHAEFFLER, 17-Aug-2026,4040.0,4070.9,4019.0,4028.9,4043.2,67432,2721.89,11350,48709.0,72.23
SCHAND, 17-Aug-2026,136.1,139.0,136.1,137.86,137.86,26919,36.99,851,15938.0,59.21
SCHNEIDER, 17-Aug-2026,1219.0,1255.0,1185.0,1212.2,1369.2,2282209,27732.13,103205,736436.0,32.27
SCI, 17-Aug-2026,292.25,293.4,285.55,286.4,292.25,1543079,4450.37,30033,756516.0,49.03
SCILAL, 17-Aug-2026,40.5,40.76,40.05,40.19,40.32,115624,46.49,834,87652.0,75.81
SCML, 17-Aug-2026,84.0,84.25,83.05,84.25,84.0,66000,55.01,44,14000.0,21.21
SCODATUBES, 17-Aug-2026,133.23,135.23,128.6,129.68,133.23,170867,223.06,2646,106417.0,62.28
SCPL, 17-Aug-2026,659.85,667.4,625.8,657.95,653.05,46173,301.11,2713,24072.0,52.13
SDBL, 17-Aug-2026,73.5,74.13,73.0,73.43,74.2,463773,340.36,3336,226466.0,48.83
SDREAMS, 17-Aug-2026,83.55,83.55,82.0,83.0,87.0,7000,5.82,5,6000.0,85.71
SEAMECLTD, 17-Aug-2026,1558.5,1585.0,1535.0,1561.1,1541.9,198732,3080.56,7486,149364.0,75.16
SECMARK, 17-Aug-2026,128.26,133.0,126.99,127.66,128.26,283,0.36,24,179.0,63.25
SECURKLOUD, 17-Aug-2026,18.25,18.69,17.87,17.92,18.26,11589,2.09,120,6829.0,58.93
SEDEMAC, 17-Aug-2026,3168.7,3273.5,3143.1,3240.2,3152.9,148193,4774.93,19764,77586.0,52.35
SEIL, 17-Aug-2026,202.06,212.98,202.06,211.03,212.71,270007,561.72,3736,165802.0,61.41
SEJALLTD, 17-Aug-2026,676.9,700.05,669.1,682.2,679.9,8964,61.32,535,5972.0,66.62
SEKURITIND, 17-Aug-2026,122.5,122.5,115.0,117.61,118.95,12310,14.48,93,8066.0,65.52
SEL, 17-Aug-2026,310.05,315.0,310.05,314.0,314.8,2400,7.48,10,2400.0,100.0
SELECTIPO, 17-Aug-2026,48.55,48.58,48.36,48.42,48.55,53761,26.05,117,45535.0,84.7
SELMC, 17-Aug-2026,27.93,28.51,27.15,27.21,27.6,1848,0.51,75,1620.0,87.66
SEMAC, 17-Aug-2026,310.0,326.0,309.7,310.95,326.0,1380,4.31,57,1165.0,84.42
SENCO, 17-Aug-2026,340.0,343.6,333.3,341.55,341.85,1100322,3733.13,22075,417889.0,37.98
SENORES, 17-Aug-2026,1486.0,1549.8,1471.3,1545.7,1477.7,361867,5518.07,23755,172526.0,47.68
SENSEXADD, 17-Aug-2026,80.12,80.43,79.85,80.32,80.32,1726,1.39,25,962.0,55.74
SENSEXAXIS, 17-Aug-2026,82.5,83.0,80.5,81.1,80.92,2730,2.21,65,1392.0,50.99
SENSEXBETA, 17-Aug-2026,867.13,867.13,852.46,857.51,862.82,1546,13.29,249,1248.0,80.72
SENSEXETF, 17-Aug-2026,80.39,80.56,80.01,80.32,80.58,11322,9.08,282,5995.0,52.95
SENSEXIETF, 17-Aug-2026,901.06,901.06,891.0,896.91,898.14,10192,91.15,474,4946.0,48.53
SEPC, 17-Aug-2026,5.79,5.92,5.69,5.85,5.77,11708110,678.33,5906,3885079.0,33.18
SERVOTECH, 17-Aug-2026,82.25,82.99,81.72,82.55,82.78,297502,245.12,3344,161360.0,54.24
SESHAPAPER, 17-Aug-2026,234.99,234.99,226.05,227.28,232.04,33311,75.88,1141,18453.0,55.4
SETF10GILT, 17-Aug-2026,267.89,267.89,265.52,266.01,267.1,4299,11.49,59,3498.0,81.37
SETFGOLD, 17-Aug-2026,129.06,130.7,128.8,130.47,129.06,5063330,6604.75,13089,3475731.0,68.65
SETFNIF50, 17-Aug-2026,263.05,263.38,259.91,262.72,263.05,809003,2121.86,5980,519896.0,64.26
SETFNIFBK, 17-Aug-2026,589.21,594.51,588.14,593.59,592.3,36576,216.27,563,11459.0,31.33
SETFNN50, 17-Aug-2026,798.31,804.29,795.54,801.0,799.65,57563,459.15,1407,41225.0,71.62
SETL, 17-Aug-2026,306.0,313.3,303.1,308.7,298.4,1991352,6191.24,17572,1145915.0,57.54
SFL, 17-Aug-2026,700.0,700.35,673.25,675.1,699.95,152631,1039.28,16277,89557.0,58.68
SFML, 17-Aug-2026,19.3,21.5,19.3,21.5,21.95,8000,1.65,5,6400.0,80.0
SGBAPR28I, 17-Aug-2026,14939.99,15299.99,14939.99,15239.09,15015.07,513,78.04,56,367.0,71.54
SGBAUG27, 17-Aug-2026,15056.53,15169.89,15056.53,15168.26,15132.19,14,2.12,9,7.0,50.0
SGBAUG28V, 17-Aug-2026,15005.01,15174.99,14911.0,15161.04,15003.95,953,144.23,121,760.0,79.75
SGBAUG29V, 17-Aug-2026,15005.01,15207.86,15005.01,15148.26,14991.85,194,29.38,59,111.0,57.22
SGBAUG30, 17-Aug-2026,15084.2,15300.0,15084.2,15224.0,15160.0,319,48.58,127,195.0,61.13
SGBD29VIII, 17-Aug-2026,15100.0,15244.98,15100.0,15177.54,15005.5,114,17.29,24,77.0,67.54
SGBDC27VII, 17-Aug-2026,15100.0,15169.9,15100.0,15161.65,14999.0,17,2.57,10,11.0,64.71
SGBDE30III, 17-Aug-2026,15101.96,15264.99,15088.01,15232.77,15087.96,249,37.86,46,173.0,69.48
SGBDE31III, 17-Aug-2026,15229.53,15688.71,15229.53,15397.12,15306.06,1495,229.79,234,952.0,63.68
SGBDEC26, 17-Aug-2026,15035.71,15035.71,15035.71,15035.71,15035.71,1,0.15,1,1.0,100.0
SGBFEB27, 17-Aug-2026,15007.0,15174.9,15007.0,15169.55,15349.5,13,1.97,5,10.0,76.92
SGBFEB28IX, 17-Aug-2026,15090.0,15148.0,15077.0,15148.0,15098.0,8,1.21,8,7.0,87.5
SGBFEB29XI, 17-Aug-2026,15094.83,15169.99,15011.1,15142.34,14984.88,98,14.82,21,92.0,93.88
SGBFEB32IV, 17-Aug-2026,15367.06,15495.34,15367.0,15463.64,15367.06,1384,213.97,240,787.0,56.86
SGBJ28VIII, 17-Aug-2026,15050.0,15050.0,15010.0,15030.01,14950.0,13,1.95,5,13.0,100.0
SGBJAN29IX, 17-Aug-2026,15011.0,15169.89,15001.0,15141.84,14980.0,225,34.02,42,181.0,80.44
SGBJAN29X, 17-Aug-2026,15005.01,15137.88,15005.01,15135.0,14988.0,118,17.82,35,92.0,77.97
SGBJAN30IX, 17-Aug-2026,15005.01,15248.99,15005.01,15187.88,15055.0,36,5.46,21,24.0,66.67
SGBJU29III, 17-Aug-2026,15011.0,15174.0,15011.0,15154.5,14995.27,54,8.16,22,35.0,64.81
SGBJUL27, 17-Aug-2026,15189.99,15189.99,15189.99,15189.99,14961.02,1,0.15,1,1.0,100.0
SGBJUL28IV, 17-Aug-2026,15051.8,15160.0,15051.8,15137.98,14984.22,316,47.74,58,273.0,86.39
SGBJUL29IV, 17-Aug-2026,15065.0,15151.0,15065.0,15149.68,14987.27,112,16.94,29,75.0,66.96
SGBJUN27, 17-Aug-2026,15140.0,15150.0,15140.0,15148.68,14979.16,39,5.91,3,39.0,100.0
SGBJUN28, 17-Aug-2026,14951.0,15200.0,14951.0,15145.98,14900.0,108,16.33,29,85.0,78.7
SGBJUN29II, 17-Aug-2026,15100.0,15168.9,14731.0,15168.89,15033.0,207,31.21,52,131.0,63.29
SGBJUN30, 17-Aug-2026,15337.28,15337.28,15104.01,15201.0,15036.55,78,11.85,26,62.0,79.49
SGBJUN31I, 17-Aug-2026,15157.84,15300.0,15157.84,15281.84,15234.01,831,126.77,174,499.0,60.05
SGBMAR28X, 17-Aug-2026,15325.0,15361.0,15307.0,15335.0,15198.32,194,29.76,13,190.0,97.94
SGBMAR30X, 17-Aug-2026,15125.0,15267.0,15125.0,15225.0,15090.0,42,6.38,16,26.0,61.9
SGBMAR31IV, 17-Aug-2026,15235.0,15289.99,15232.01,15283.42,15235.7,172,26.24,56,112.0,65.12
SGBMAY28, 17-Aug-2026,15069.0,15200.0,15069.0,15187.78,14997.17,501,75.97,87,360.0,71.86
SGBMAY29I, 17-Aug-2026,15041.01,15198.0,15041.01,15170.88,15035.26,894,135.3,110,651.0,72.82
SGBMR29XII, 17-Aug-2026,15250.0,15365.0,15250.0,15362.85,15120.01,295,45.22,89,293.0,99.32
SGBN28VIII, 17-Aug-2026,15060.0,15179.0,15060.0,15157.0,15054.18,60,9.08,18,43.0,71.67
SGBNOV26, 17-Aug-2026,15100.0,15150.0,15100.0,15150.0,15000.0,6,0.91,2,6.0,100.0
SGBNV29VII, 17-Aug-2026,15149.99,15230.0,15145.01,15186.83,15023.84,95,14.43,21,66.0,69.47
SGBOC28VII, 17-Aug-2026,15151.0,15260.0,15101.0,15260.0,15026.33,571,87.02,22,564.0,98.77
SGBOCT26, 17-Aug-2026,15200.0,15200.0,15200.0,15200.0,15100.0,1,0.15,1,1.0,100.0
SGBOCT27, 17-Aug-2026,15200.0,15294.0,15200.0,15250.0,15038.0,21,3.19,10,19.0,90.48
SGBOCT27VI, 17-Aug-2026,15100.0,15200.0,15100.0,15200.0,15062.0,11,1.67,3,11.0,100.0
SGBSEP27, 17-Aug-2026,15325.0,15360.0,15325.0,15360.0,15150.0,55,8.43,7,51.0,92.73
SGBSEP28VI, 17-Aug-2026,15062.77,15368.0,15062.77,15367.63,15138.46,3248,498.88,40,2779.0,85.56
SGBSEP29VI, 17-Aug-2026,15300.01,15350.0,15300.01,15342.27,15135.18,139,21.31,21,139.0,100.0
SGBSEP31II, 17-Aug-2026,15217.66,15351.0,15217.66,15336.62,15294.13,1788,273.77,291,1074.0,60.07
SGFIN, 17-Aug-2026,662.05,665.0,652.55,660.25,662.05,118973,783.01,5452,65686.0,55.21
SGIL, 17-Aug-2026,560.85,561.05,538.3,549.65,560.85,26164,144.15,458,21720.0,83.01
SGL, 17-Aug-2026,9.62,9.96,9.62,9.91,9.73,2004,0.2,35,1486.0,74.15
SGLRES, 17-Aug-2026,2.73,2.74,2.49,2.59,2.6,27639,0.71,64,21415.0,77.48
SGMART, 17-Aug-2026,743.7,757.0,727.9,752.3,735.85,262162,1949.53,9425,125049.0,47.7
SGRL, 17-Aug-2026,495.0,559.5,477.05,537.0,490.4,8402,44.76,383,6410.0,76.29
SHADOWFAX, 17-Aug-2026,252.7,263.7,252.3,258.6,251.33,6873283,17843.45,53785,3591838.0,52.26
SHAH, 17-Aug-2026,4.14,4.14,4.0,4.03,4.1,1561539,63.18,2688,1091214.0,69.88
SHAHALLOYS, 17-Aug-2026,73.2,76.97,70.55,74.89,72.11,34090,25.45,193,27038.0,79.31
SHAILY, 17-Aug-2026,3365.0,3433.2,3358.6,3396.3,3365.0,69651,2370.37,11904,29071.0,41.74
SHAKTIPUMP, 17-Aug-2026,500.3,505.55,494.5,503.2,500.3,367406,1837.72,17883,181926.0,49.52
SHALBY, 17-Aug-2026,152.61,154.97,151.7,153.16,152.91,37534,57.59,1211,22568.0,60.13
SHANKARA, 17-Aug-2026,140.55,141.59,140.51,141.1,141.04,92635,130.69,577,82022.0,88.54
SHANTI, 17-Aug-2026,6.22,6.5,6.1,6.33,6.22,48632,3.08,149,35257.0,72.5
SHANTIGEAR, 17-Aug-2026,402.45,402.45,390.0,393.35,397.45,16483,65.1,1044,11473.0,69.61
SHANTIGOLD, 17-Aug-2026,250.7,268.0,248.71,266.84,247.66,5540521,14548.84,60360,1799581.0,32.48
SHARDACROP, 17-Aug-2026,782.0,793.0,776.0,787.1,786.4,80915,634.57,7147,44595.0,55.11
SHARDAMOTR, 17-Aug-2026,899.8,912.0,897.8,909.5,898.25,32538,294.61,4117,19154.0,58.87
SHAREINDIA, 17-Aug-2026,173.77,177.62,172.01,174.96,174.47,393157,688.26,4976,184579.0,46.95
SHARIABEES, 17-Aug-2026,471.72,472.92,464.0,466.26,471.72,8733,40.71,749,5647.0,64.66
SHBAJRG, 17-Aug-2026,172.94,181.9,169.0,181.14,173.8,2303,4.03,110,1787.0,77.59
SHEETAL, 17-Aug-2026,328.05,338.0,312.0,323.75,326.6,2500,8.12,5,1500.0,60.0
SHERA, 17-Aug-2026,171.0,179.05,171.0,177.0,170.55,81000,141.84,76,81000.0,100.0
SHERVANI, 17-Aug-2026,300.05,352.0,300.05,348.1,294.0,226,0.79,13,216.0,95.58
SHETHJI, 17-Aug-2026,170.0,170.0,167.0,167.3,170.5,31000,51.94,11,30000.0,96.77
SHIGAN, 17-Aug-2026,62.0,62.0,62.0,62.0,62.0,1500,0.93,1,1500.0,100.0
SHILCTECH, 17-Aug-2026,3891.1,3920.0,3851.3,3871.0,3904.2,24833,963.65,5055,14671.0,59.08
SHILGRAVQ, 17-Aug-2026,157.8,160.0,157.8,158.0,157.8,1010,1.6,4,1010.0,100.0
SHILPAMED, 17-Aug-2026,822.0,825.0,803.05,809.3,822.0,748269,6081.64,31587,328796.0,43.94
SHINDL, 17-Aug-2026,162.47,164.69,159.72,161.84,163.32,57949,93.94,587,19656.0,33.92
SHIVAAGRO, 17-Aug-2026,37.2,38.3,37.0,38.3,38.4,485,0.18,5,470.0,96.91
SHIVACEM, 17-Aug-2026,17.94,17.94,16.01,17.21,16.88,29464,5.13,77,28302.0,96.06
SHIVAMILLS, 17-Aug-2026,63.44,63.44,59.25,60.28,62.2,2119,1.27,54,1693.0,79.9
SHIVASHRIT, 17-Aug-2026,126.0,126.0,124.75,125.0,125.0,4000,5.01,4,4000.0,100.0
SHIVATEX, 17-Aug-2026,165.93,170.5,161.0,161.88,162.68,1534,2.49,36,1095.0,71.38
SHIVAUM, 17-Aug-2026,450.6,450.6,445.0,445.1,447.1,1000,4.46,34,659.0,65.9
SHK, 17-Aug-2026,170.17,170.17,163.0,164.25,170.72,461027,762.2,6255,291144.0,63.15
SHKSIL, 17-Aug-2026,37.5,37.5,37.5,37.5,37.0,2000,0.75,1,2000.0,100.0
SHOPERSTOP, 17-Aug-2026,424.35,438.0,418.7,432.05,424.35,32788,140.25,2794,10118.0,30.86
SHRADDHA, 17-Aug-2026,158.0,162.0,150.0,150.71,156.7,735,1.14,22,713.0,97.01
SHRADHA, 17-Aug-2026,34.43,34.45,33.52,34.14,34.45,11298,3.87,60,8752.0,77.47
SHREDIGCEM, 17-Aug-2026,71.83,71.83,70.02,70.47,71.91,52174,36.83,984,31102.0,59.61
SHREECEM, 17-Aug-2026,24790.0,24790.0,24410.0,24535.0,24795.0,21237,5217.25,9994,12317.0,58.0
SHREEDHAR, 17-Aug-2026,117.5,117.5,117.5,117.5,117.45,2000,2.35,1,2000.0,100.0
SHREEJISPG, 17-Aug-2026,662.0,662.0,588.1,601.8,653.4,2791511,16873.32,25315,1436555.0,51.46
SHREEKARNI, 17-Aug-2026,350.0,350.0,317.1,322.05,357.05,17100,56.23,91,11700.0,68.42
SHREEOSFM, 17-Aug-2026,60.8,60.9,59.0,59.0,59.4,10000,5.99,8,10000.0,100.0
SHREEPUSHK, 17-Aug-2026,386.0,387.2,374.55,376.35,384.3,32509,123.3,1116,20405.0,62.77
SHREERAMA, 17-Aug-2026,44.62,47.5,43.93,46.28,43.8,347575,160.81,2964,213586.0,61.45
SHREMINVIT, 17-Aug-2026,101.0,101.0,101.0,101.0,101.5,25000,25.25,1,25000.0,100.0
SHREYANIND, 17-Aug-2026,132.0,136.65,128.0,130.22,130.27,8553,11.23,244,3942.0,46.09
SHRIAHIMSA, 17-Aug-2026,393.5,400.0,385.1,399.9,393.5,16800,66.42,28,16200.0,96.43
SHRIKANHA, 17-Aug-2026,21.7,21.7,21.7,21.7,22.0,3200,0.69,2,3200.0,100.0
SHRIKRISH, 17-Aug-2026,39.8,40.38,38.5,40.3,40.0,2281,0.9,22,2268.0,99.43
SHRINGARMS, 17-Aug-2026,223.95,230.18,223.3,227.24,223.27,351594,799.8,3944,147047.0,41.82
SHRIPISTON, 17-Aug-2026,4492.4,4525.0,4401.0,4436.6,4492.4,48722,2173.42,9963,24658.0,50.61
SHRIRAMFIN, 17-Aug-2026,1116.0,1129.7,1112.2,1122.0,1122.0,2105094,23662.77,70389,1115467.0,52.99
SHRIRAMPPS, 17-Aug-2026,78.11,78.6,74.87,76.27,78.11,851034,647.26,5808,521507.0,61.28
SHRJAGP, 17-Aug-2026,801.25,801.25,677.0,728.5,761.5,861,6.3,87,604.0,70.15
SHUBHLAXMI, 17-Aug-2026,19.0,19.2,19.0,19.2,19.05,2000,0.38,2,2000.0,100.0
SHUKRAPHAR, 17-Aug-2026,44.39,44.39,41.4,41.44,41.42,1136748,483.14,4686,809724.0,71.23
SHYAMDHANI, 17-Aug-2026,51.95,56.3,51.8,56.0,54.35,34000,18.21,16,30000.0,88.24
SHYAMMETL, 17-Aug-2026,1004.0,1004.8,981.6,986.9,999.6,429812,4248.16,12211,51144.0,11.9
SHYAMTEL, 17-Aug-2026,14.79,15.53,13.6,15.14,14.12,8484,1.26,57,7819.0,92.16
SICAGEN, 17-Aug-2026,59.9,59.98,55.86,56.46,58.8,100723,57.72,811,57520.0,57.11
SIDDHIKA, 17-Aug-2026,215.05,215.05,215.05,215.05,215.05,500,1.08,1,500.0,100.0
SIEL, 17-Aug-2026,30.0,35.07,30.0,35.07,3.2,22045,7.68,427,14478.0,65.67
SIEMENS, 17-Aug-2026,3940.0,3966.2,3910.3,3943.0,3940.0,201072,7911.87,20224,92219.0,45.86
SIGACHI, 17-Aug-2026,27.95,28.0,25.8,26.35,27.28,1341435,356.7,2787,955463.0,71.23
SIGIND, 17-Aug-2026,68.5,72.0,66.02,71.15,66.32,65154,45.43,687,47726.0,73.25
SIGMA, 17-Aug-2026,46.01,46.24,45.0,45.15,46.16,60773,27.6,1267,29905.0,49.21
SIGMAADV, 17-Aug-2026,645.0,648.0,627.1,627.1,660.1,252071,1590.6,3644,175032.0,69.44
SIGNATURE, 17-Aug-2026,811.05,812.2,800.0,805.05,809.25,165150,1330.26,3357,7269.0,4.4
SIGNORIA, 17-Aug-2026,160.0,160.0,158.0,158.0,163.0,3000,4.78,3,3000.0,100.0
SIGNPOST, 17-Aug-2026,270.0,270.55,263.7,267.55,267.4,25715,68.49,1128,14904.0,57.96
SIKA, 17-Aug-2026,1040.1,1085.8,1009.1,1052.9,1098.8,110395,1144.9,10883,43685.0,39.57
SIL, 17-Aug-2026,21.0,21.55,20.15,20.29,19.59,233965,48.2,1384,165248.0,70.63
SILGO, 17-Aug-2026,70.3,70.3,67.81,68.79,69.78,196022,136.51,1196,28019.0,14.29
SILINV, 17-Aug-2026,442.0,452.6,439.0,449.65,440.55,4820,21.59,346,4074.0,84.52
SILKY, 17-Aug-2026,81.55,81.55,81.55,81.55,72.0,800,0.65,1,800.0,100.0
SILLYMONKS, 17-Aug-2026,15.02,16.47,15.02,15.59,15.63,10141,1.58,84,7841.0,77.32
SILVER, 17-Aug-2026,235.4,235.4,233.0,233.39,231.05,597659,1396.05,6748,251707.0,42.12
SILVER1, 17-Aug-2026,22.0,22.81,22.0,22.69,22.43,3122789,708.78,7107,1331202.0,42.63
SILVER360, 17-Aug-2026,227.8,231.27,227.8,229.72,227.36,15965,36.72,597,8543.0,53.51
SILVERADD, 17-Aug-2026,225.82,226.66,225.08,225.65,223.12,129781,292.93,2719,65381.0,50.38
SILVERAG, 17-Aug-2026,231.72,231.72,225.5,227.28,224.97,338345,769.97,5161,157272.0,46.48
SILVERAXIS, 17-Aug-2026,232.42,233.62,231.9,232.33,229.93,140234,326.04,2259,82488.0,58.82
SILVERBEES, 17-Aug-2026,223.51,224.89,223.11,223.61,221.22,17613118,39435.81,63352,7001561.0,39.75
SILVERBETA, 17-Aug-2026,224.9,226.99,224.11,225.93,223.3,355196,802.61,3811,191655.0,53.96
SILVERBND, 17-Aug-2026,234.91,235.63,233.52,234.8,231.56,10624,24.92,149,8445.0,79.49
SILVERCASE, 17-Aug-2026,22.86,24.03,22.86,23.71,23.45,6978556,1656.27,7716,2997415.0,42.95
SILVERIETF, 17-Aug-2026,234.9,234.9,232.55,233.36,230.92,2013892,4707.98,17098,1038289.0,51.56
SILVERTUC, 17-Aug-2026,210.0,213.0,191.15,197.27,209.29,686481,1358.93,14226,283232.0,41.26
SIMCA, 17-Aug-2026,243.3,246.0,241.1,244.0,244.55,22200,54.15,19,15600.0,70.27
SIMPLEXINF, 17-Aug-2026,249.47,255.4,245.9,251.31,250.1,71692,179.13,1141,47095.0,65.69
SIMPLXREA, 17-Aug-2026,130.11,130.11,130.11,130.11,136.85,83,0.11,3,83.0,100.0
SINCLAIR, 17-Aug-2026,74.65,76.7,73.61,74.64,74.58,8410,6.31,152,5150.0,61.24
SINDHUTRAD, 17-Aug-2026,24.1,24.89,23.53,23.79,23.64,1341162,323.6,2635,744904.0,55.54
SINGERIND, 17-Aug-2026,84.0,84.0,78.61,80.97,83.22,140011,112.39,1432,100389.0,71.7
SINTERCOM, 17-Aug-2026,82.46,84.1,78.01,82.64,82.46,2322,1.93,43,1831.0,78.85
SIRCA, 17-Aug-2026,427.4,441.9,421.95,439.45,426.9,481346,2087.41,6385,201934.0,41.95
SIS, 17-Aug-2026,425.0,428.0,414.3,416.45,429.65,192249,810.32,11701,109500.0,56.96
SIYSIL, 17-Aug-2026,639.0,661.0,626.0,632.6,637.4,133073,855.72,6099,56128.0,42.18
SJLOGISTIC, 17-Aug-2026,316.25,329.6,314.55,326.0,316.25,52500,169.35,150,32500.0,61.9
SJS, 17-Aug-2026,2559.1,2584.7,2519.9,2534.5,2532.5,264621,6723.64,17736,171652.0,64.87
SJVN, 17-Aug-2026,67.28,67.38,66.0,66.56,67.21,1620783,1080.84,15090,1037237.0,64.0
SKFINDIA, 17-Aug-2026,1558.1,1671.0,1558.1,1652.8,1573.3,356347,5661.19,26351,260421.0,73.08
SKFINDUS, 17-Aug-2026,2661.8,2760.0,2650.5,2724.6,2684.7,189736,5162.32,5405,176842.0,93.2
SKIPPER, 17-Aug-2026,525.35,535.8,516.55,530.7,525.35,364941,1917.71,14420,157234.0,43.08
SKMEGGPROD, 17-Aug-2026,259.5,264.76,250.1,259.42,259.5,183300,470.72,4213,75003.0,40.92
SKP, 17-Aug-2026,160.0,160.0,146.2,154.0,162.0,11500,17.74,19,6500.0,56.52
SKYGOLD, 17-Aug-2026,777.5,782.85,768.05,776.4,773.4,661574,5135.6,18409,242543.0,36.66
SLONE, 17-Aug-2026,142.8,147.0,141.1,143.3,141.7,2800,4.0,7,2400.0,85.71
SMALL250, 17-Aug-2026,18.47,18.49,18.26,18.41,18.34,353777,64.85,900,260831.0,73.73
SMALLADD, 17-Aug-2026,18.42,18.51,18.3,18.44,18.44,18867,3.47,145,14362.0,76.12
SMALLCAP, 17-Aug-2026,48.44,48.62,48.21,48.5,48.44,2184139,1058.23,3239,1393109.0,63.78
SMALLGROWW, 17-Aug-2026,48.71,48.8,48.26,48.64,48.7,16522,8.04,100,15963.0,96.62
SMALLIETF, 17-Aug-2026,18.78,18.78,18.23,18.38,18.57,67499,12.39,450,47113.0,69.8
SMARTEN, 17-Aug-2026,48.0,50.45,48.0,50.45,48.05,8400,4.13,7,8400.0,100.0
SMARTWORKS, 17-Aug-2026,489.0,499.0,486.15,494.95,488.75,175356,863.61,10341,120183.0,68.54
SMCGLOBAL, 17-Aug-2026,79.26,81.89,78.15,80.41,79.46,464918,371.84,2342,286375.0,61.6
SML100CASE, 17-Aug-2026,11.25,11.31,11.19,11.28,11.21,3143996,352.88,2122,1937806.0,61.64
SMLMAH, 17-Aug-2026,5185.0,5647.5,5121.5,5321.0,5134.5,397440,21652.16,41876,101249.0,25.48
SMLT, 17-Aug-2026,71.98,71.98,69.3,70.29,71.61,8663,6.1,234,6723.0,77.61
SMSPHARMA, 17-Aug-2026,359.55,364.3,355.5,358.1,361.35,132263,474.84,3143,87168.0,65.91
SNOWMAN, 17-Aug-2026,37.99,39.35,37.92,38.63,37.92,188660,73.03,1342,102783.0,54.48
SNXT30BEES, 17-Aug-2026,43.95,43.95,43.4,43.73,43.74,2544,1.11,76,2416.0,94.97
SNXT50BETA, 17-Aug-2026,94.74,97.45,94.74,96.62,96.63,3666,3.54,146,1999.0,54.53
SOBHA, 17-Aug-2026,1328.2,1345.8,1305.1,1321.0,1328.2,140095,1841.45,12463,81159.0,57.93
SOCL, 17-Aug-2026,29.25,29.5,29.0,29.0,28.75,17600,5.16,10,17600.0,100.0
SOFTTECH, 17-Aug-2026,429.4,435.3,426.0,427.05,428.55,3366,14.43,62,2984.0,88.65
SOLARA, 17-Aug-2026,506.0,513.3,501.95,509.1,512.3,75893,384.38,4661,37389.0,49.27
SOLARINDS, 17-Aug-2026,19951.0,20389.0,19885.0,20000.0,19969.0,153646,30856.8,36311,39019.0,25.4
SOLARWORLD, 17-Aug-2026,155.89,155.89,146.81,153.71,158.1,1115357,1684.4,14626,692663.0,62.1
SOLEX, 17-Aug-2026,801.0,829.8,770.3,789.0,879.85,144123,1139.66,10502,67745.0,47.0
SOMANYCERA, 17-Aug-2026,520.0,521.35,506.2,518.9,522.65,214480,1104.62,6110,150254.0,70.06
SOMATEX, 17-Aug-2026,91.6,92.47,88.42,91.0,91.37,22122,20.07,214,17227.0,77.87
SOMICONVEY, 17-Aug-2026,86.54,86.54,80.51,83.09,86.52,18854,15.83,975,12001.0,63.65
SONACOMS, 17-Aug-2026,799.0,814.3,795.75,805.1,792.0,2346950,18952.52,58199,1087814.0,46.35
SONAL, 17-Aug-2026,94.0,94.0,87.15,89.62,90.98,14,0.01,6,13.0,92.86
SONAMAC, 17-Aug-2026,34.0,35.0,33.75,35.0,35.5,20000,6.77,15,18000.0,90.0
SONAMLTD, 17-Aug-2026,56.26,58.0,55.0,57.39,55.38,69525,39.42,678,53707.0,77.25
SONATSOFTW, 17-Aug-2026,325.65,325.75,318.8,320.4,325.9,373124,1196.36,10118,121577.0,32.58
SONUINFRA, 17-Aug-2026,36.5,36.5,36.5,36.5,36.5,1500,0.55,1,1500.0,100.0
SOTL, 17-Aug-2026,702.0,714.0,688.0,692.65,699.15,168852,1181.43,8275,68298.0,40.45
SOUTHBANK, 17-Aug-2026,46.0,46.09,45.1,45.22,45.74,5696877,2586.3,19818,2265166.0,39.76
SOUTHWEST, 17-Aug-2026,218.66,229.19,218.65,226.28,220.25,119123,268.81,3598,52603.0,44.16
SPAL, 17-Aug-2026,948.95,965.95,928.6,932.45,937.3,68348,645.63,5488,34213.0,50.06
SPANDANA, 17-Aug-2026,243.35,249.45,243.35,247.5,245.8,107643,264.3,5383,54089.0,50.25
SPARC, 17-Aug-2026,200.45,202.0,196.5,197.36,197.98,521734,1036.38,8198,263419.0,50.49
SPCENET, 17-Aug-2026,3.62,3.75,3.57,3.59,3.6,1391399,50.55,833,1246251.0,89.57
SPCL, 17-Aug-2026,65.0,65.0,60.95,62.0,63.4,30600,19.15,48,19200.0,62.75
SPCON, 17-Aug-2026,135.0,135.0,135.0,135.0,128.05,7200,9.72,3,7200.0,100.0
SPECTSTM, 17-Aug-2026,62.6,62.6,62.6,62.6,62.5,800,0.5,1,800.0,100.0
SPELS, 17-Aug-2026,147.0,154.0,147.0,150.68,147.3,30450,45.78,722,19215.0,63.1
SPENCERS, 17-Aug-2026,31.3,32.9,31.2,31.27,30.77,36658,11.59,562,23550.0,64.24
SPIC, 17-Aug-2026,67.67,67.67,66.0,67.09,67.68,429690,287.07,3376,242599.0,56.46
SPLIL, 17-Aug-2026,31.01,31.9,30.3,31.07,31.72,2228,0.69,73,1815.0,81.46
SPLPETRO, 17-Aug-2026,733.6,733.6,711.25,723.45,726.55,67196,484.05,5373,33477.0,49.82
SPMLINFRA, 17-Aug-2026,192.01,198.98,187.45,197.0,190.56,352862,686.47,4810,173530.0,49.18
SPORTKING, 17-Aug-2026,200.0,208.69,196.26,206.41,199.89,455250,927.74,8800,245398.0,53.9
SPPPOLY, 17-Aug-2026,11.9,11.95,11.9,11.9,12.5,8000,0.95,4,6000.0,75.0
SPUNWEB, 17-Aug-2026,99.05,100.0,99.0,100.0,99.0,10800,10.77,9,10800.0,100.0
SRD, 17-Aug-2026,41.74,41.9,40.7,41.05,40.5,40442,16.76,231,33379.0,82.54
SREEL, 17-Aug-2026,250.0,267.45,244.4,260.75,240.82,114222,293.71,3720,59867.0,52.41
SRF, 17-Aug-2026,2600.0,2636.6,2595.1,2616.0,2606.0,164908,4330.77,12488,79094.0,47.96
SRGHFL, 17-Aug-2026,266.6,273.0,266.3,266.35,266.8,352,0.95,27,212.0,60.23
SRHHYPOLTD, 17-Aug-2026,500.2,500.2,492.6,496.05,496.55,8874,43.98,434,6703.0,75.54
SRIVASAVI, 17-Aug-2026,83.85,84.0,76.4,84.0,80.0,3000,2.44,3,3000.0,100.0
SRM, 17-Aug-2026,480.0,485.5,469.15,471.5,483.7,100821,478.03,3517,57019.0,56.55
SRTL, 17-Aug-2026,39.65,39.97,39.0,39.12,39.56,32757,12.91,877,11303.0,34.51
SSDL, 17-Aug-2026,63.75,66.5,60.25,61.38,65.14,58012,35.98,1402,32334.0,55.74
SSEGL, 17-Aug-2026,304.5,358.0,303.0,353.3,304.5,149400,500.97,517,114600.0,76.71
SSFL, 17-Aug-2026,231.6,231.6,226.0,226.0,231.6,4000,9.16,8,4000.0,100.0
SSFLPP, 17-Aug-2026,125.0,127.8,119.0,120.2,124.2,15479,18.69,179,14146.0,91.39
SSWL, 17-Aug-2026,313.05,315.95,304.2,309.5,312.9,433000,1344.28,9008,236969.0,54.73
STANLEY, 17-Aug-2026,136.1,138.95,133.45,136.65,136.22,230448,314.26,5139,116588.0,50.59
STAR, 17-Aug-2026,965.0,992.9,965.0,987.1,967.8,165364,1622.34,12855,83774.0,50.66
STARCEMENT, 17-Aug-2026,200.06,203.55,198.12,199.06,200.06,267294,537.57,4832,142231.0,53.21
STARHEALTH, 17-Aug-2026,581.55,587.95,578.75,584.25,585.15,615038,3595.01,31794,430344.0,69.97
STARPAPER, 17-Aug-2026,148.0,149.79,145.0,145.47,147.98,4193,6.16,164,2844.0,67.83
STARTECK, 17-Aug-2026,256.3,262.45,255.1,259.95,257.05,7722,19.88,219,350.0,4.53
STCINDIA, 17-Aug-2026,115.3,117.79,115.3,116.81,116.7,12536,14.6,371,5665.0,45.19
STEELCAS, 17-Aug-2026,349.15,355.1,345.6,352.1,351.85,84512,295.61,1839,53979.0,63.87
STEELCITY, 17-Aug-2026,83.5,84.79,79.96,81.77,83.53,9109,7.42,190,5873.0,64.47
STEELXIND, 17-Aug-2026,10.87,11.2,10.75,10.92,10.87,1306177,142.79,2188,768445.0,58.83
STEL, 17-Aug-2026,583.9,593.0,569.9,591.4,581.2,4701,27.45,374,3472.0,73.86
STLNETWORK, 17-Aug-2026,26.19,26.19,25.15,25.37,25.78,662678,168.71,1356,384381.0,58.0
STOVEKRAFT, 17-Aug-2026,754.0,774.35,738.0,748.5,750.7,95567,712.1,5010,43104.0,45.1
STUDDS, 17-Aug-2026,427.5,454.5,424.1,448.05,425.25,220801,985.33,5816,120093.0,54.39
STUDIOLSD, 17-Aug-2026,8.2,9.05,8.2,8.85,8.65,16000,1.4,7,14000.0,87.5
STYL, 17-Aug-2026,405.4,415.15,397.0,398.3,408.3,87472,351.01,3404,49116.0,56.15
STYLAMIND, 17-Aug-2026,3658.0,3733.4,3568.9,3582.4,3642.0,59253,2138.47,12571,35291.0,59.56
STYLEBAAZA, 17-Aug-2026,383.5,383.5,383.5,383.5,365.25,356870,1368.6,362,356870.0,100.0
STYRENIX, 17-Aug-2026,2180.0,2209.7,2132.6,2181.6,2183.7,40081,868.2,4793,20652.0,51.53
SUBAHOTELS, 17-Aug-2026,112.05,113.1,111.55,112.1,115.95,28800,32.24,23,24000.0,83.33
SUBEXLTD, 17-Aug-2026,14.18,14.45,13.88,14.11,13.88,2017345,286.45,3158,1439527.0,71.36
SUBROS, 17-Aug-2026,758.25,765.0,752.05,762.2,758.25,29322,222.32,1874,16283.0,55.53
SUDARCOLOR, 17-Aug-2026,407.1,416.95,407.1,409.1,413.4,3916,16.05,170,2701.0,68.97
SUDARSCHEM, 17-Aug-2026,1115.0,1130.0,1080.1,1092.9,1118.1,651251,7220.58,30599,321810.0,49.41
SUDEEPPHRM, 17-Aug-2026,1120.0,1120.0,1080.0,1101.55,1105.55,80261,878.78,6127,36419.0,45.38
SUKHJITS, 17-Aug-2026,163.78,163.78,156.6,157.84,159.78,7204,11.39,299,5440.0,75.51
SULA, 17-Aug-2026,149.93,150.95,148.1,149.13,149.93,320275,479.24,7420,167127.0,52.18
SUMEDHA, 17-Aug-2026,39.27,47.0,39.0,45.01,39.27,1004,0.41,10,1004.0,100.0
SUMEETINDS, 17-Aug-2026,14.9,15.0,14.04,14.08,14.77,7152182,1022.96,7440,3479587.0,48.65
SUMICHEM, 17-Aug-2026,568.0,572.05,554.4,559.8,564.95,566775,3183.8,20199,224890.0,39.68
SUMIT, 17-Aug-2026,51.97,54.02,50.12,53.51,51.06,35402,18.47,1060,19274.0,54.44
SUMMITSEC, 17-Aug-2026,1461.5,1470.0,1440.1,1445.7,1443.9,1094,15.89,273,570.0,52.1
SUNCLAY, 17-Aug-2026,1250.0,1310.0,1243.4,1289.8,1249.9,10831,138.56,1390,7266.0,67.09
SUNDARAM, 17-Aug-2026,1.07,1.14,1.05,1.13,1.04,1102505,12.3,622,943679.0,85.59
SUNDARMFIN, 17-Aug-2026,4470.5,4533.3,4415.7,4523.9,4470.5,46071,2068.78,10235,33343.0,72.37
SUNDRMFAST, 17-Aug-2026,1225.0,1237.2,1208.75,1214.75,1217.6,165656,2014.55,11825,102791.0,62.05
SUNDROP, 17-Aug-2026,656.0,663.0,649.5,651.4,660.1,20003,130.94,717,13641.0,68.19
SUNFLAG, 17-Aug-2026,355.0,361.5,352.5,360.75,355.15,105590,378.06,2716,55183.0,52.26
SUNLITE, 17-Aug-2026,477.0,477.0,460.0,463.85,464.25,9900,46.22,33,6000.0,60.61
SUNLOC, 17-Aug-2026,71.0,71.0,68.0,68.3,68.18,23,0.02,4,14.0,60.87
SUNPHARMA, 17-Aug-2026,1945.0,1949.8,1880.4,1882.0,1930.0,1893086,35971.75,77701,1250365.0,66.05
SUNRAKSHAK, 17-Aug-2026,379.0,380.25,370.0,378.4,377.15,13923,52.44,113,9751.0,70.04
SUNREST, 17-Aug-2026,39.9,45.0,39.9,44.65,39.9,11200,4.92,7,11200.0,100.0
SUNSHIEL, 17-Aug-2026,1275.0,1280.0,1151.1,1228.0,1257.8,197,2.42,41,174.0,88.32
SUNTECH, 17-Aug-2026,33.05,34.8,33.05,34.8,33.15,11200,3.81,7,8000.0,71.43
SUNTECK, 17-Aug-2026,299.0,300.8,294.0,299.55,299.05,101450,302.04,3202,56802.0,55.99
SUNTV, 17-Aug-2026,486.65,497.35,485.15,488.25,484.6,606355,2976.53,20583,249525.0,41.15
SUPERHOUSE, 17-Aug-2026,171.2,174.9,165.0,169.12,169.52,4964,8.33,124,3418.0,68.86
SUPRAJIT, 17-Aug-2026,523.5,531.85,518.0,520.75,524.6,89641,469.2,9080,53778.0,59.99
SUPREME, 17-Aug-2026,39.2,42.9,39.2,40.71,41.61,26704,10.84,723,15088.0,56.5
SUPREMEIND, 17-Aug-2026,3590.0,3649.0,3565.0,3590.0,3558.9,329696,11916.32,28465,101297.0,30.72
SUPREMEINF, 17-Aug-2026,91.52,94.36,89.06,90.66,90.87,48674,44.09,925,27910.0,57.34
SUPREMEPWR, 17-Aug-2026,188.0,197.5,186.55,192.45,184.7,75500,143.55,131,51500.0,68.21
SUPRIYA, 17-Aug-2026,791.65,806.85,779.85,784.0,791.65,418130,3287.28,21861,218546.0,52.27
SUPTANERY, 17-Aug-2026,6.81,7.08,6.81,6.83,7.2,22133,1.52,31,21883.0,98.87
SURAJEST, 17-Aug-2026,220.0,223.0,207.76,211.37,214.32,220885,468.66,2262,166134.0,75.21
SURAJLTD, 17-Aug-2026,220.0,220.0,217.13,218.0,223.44,5227,11.47,54,4936.0,94.43
SURAKSHA, 17-Aug-2026,304.9,322.0,303.05,308.45,304.9,315695,992.06,7867,112267.0,35.56
SURANASOL, 17-Aug-2026,25.35,25.7,25.3,25.49,25.6,31278,7.96,483,20921.0,66.89
SURANAT&P, 17-Aug-2026,16.84,16.85,15.66,16.19,16.55,195769,31.41,803,133058.0,67.97
SURANI, 17-Aug-2026,103.8,103.8,91.05,94.2,99.95,23000,22.46,27,20800.0,90.43
SURYALA, 17-Aug-2026,384.85,384.85,371.0,371.35,375.9,573,2.14,220,523.0,91.27
SURYALAXMI, 17-Aug-2026,56.76,58.89,56.5,57.66,56.24,1857,1.06,25,1433.0,77.17
SURYAROSNI, 17-Aug-2026,222.5,224.73,220.5,221.27,222.98,570337,1268.41,9852,339028.0,59.44
SURYODAY, 17-Aug-2026,152.07,156.0,150.0,154.01,152.06,670272,1023.3,8086,328946.0,49.08
SUVEN, 17-Aug-2026,342.35,358.0,330.05,333.05,342.35,1351669,4676.29,31629,376755.0,27.87
SUVIDHAA, 17-Aug-2026,2.53,2.55,2.21,2.49,2.52,171531,4.18,345,141387.0,82.43
SUYOG, 17-Aug-2026,825.0,829.5,804.1,813.85,831.75,16784,137.63,1223,8775.0,52.28
SUZLON, 17-Aug-2026,47.1,49.32,46.9,49.0,47.1,80470340,38914.69,105582,28691231.0,35.65
SVGLOBAL, 17-Aug-2026,130.0,144.98,130.0,143.61,131.9,181,0.24,4,181.0,100.0
SVPGLOB, 17-Aug-2026,4.1,4.1,3.76,3.87,3.95,58494,2.21,87,56878.0,97.24
SWANCORP, 17-Aug-2026,304.0,306.5,302.0,305.2,304.6,978187,2973.38,12721,468746.0,47.92
SWARAJ, 17-Aug-2026,371.65,371.65,367.25,369.3,369.85,258220,953.21,1051,106703.0,41.32
SWARAJENG, 17-Aug-2026,3626.2,3657.8,3614.1,3628.6,3638.2,8107,294.36,1870,5060.0,62.42
SWARNSAR, 17-Aug-2026,36.95,38.75,34.0,36.06,33.38,13676,4.98,130,10731.0,78.47
SWELECTES, 17-Aug-2026,609.0,642.0,603.2,629.7,616.75,56984,357.16,2458,24161.0,42.4
SWIGGY, 17-Aug-2026,277.0,278.8,273.65,278.8,276.3,4192680,11579.07,26094,1283834.0,30.62
SWISSMLTRY, 17-Aug-2026,14.42,14.42,13.0,13.36,14.32,119059,16.13,367,77375.0,64.99
SWSOLAR, 17-Aug-2026,202.0,204.5,198.3,203.62,202.01,753220,1518.17,10154,340266.0,45.17
SYLVANPLY, 17-Aug-2026,49.0,49.0,49.0,49.0,50.0,2000,0.98,1,2000.0,100.0
SYMPHONY, 17-Aug-2026,621.3,623.2,618.0,620.55,621.3,34614,214.66,2407,18602.0,53.74
SYNCOMF, 17-Aug-2026,15.15,15.4,14.9,15.22,14.92,4056368,614.94,7766,1625033.0,40.06
SYNGENE, 17-Aug-2026,401.55,404.7,397.05,403.0,401.45,306199,1229.82,21520,200045.0,65.33
SYRMA, 17-Aug-2026,1477.3,1503.6,1458.5,1467.9,1465.2,972670,14365.18,39558,339690.0,34.92
SYSTANGO, 17-Aug-2026,214.0,220.55,212.35,218.1,214.85,11600,25.09,29,7600.0,65.52
TAALTECH, 17-Aug-2026,4290.0,4375.0,4235.0,4238.8,4280.0,2161,92.81,465,1494.0,69.13
TAC, 17-Aug-2026,462.65,462.65,439.55,439.55,462.65,61400,273.39,222,58200.0,94.79
TAINWALCHM, 17-Aug-2026,209.5,211.0,203.98,208.5,205.78,10670,22.18,287,7819.0,73.28
TAJGVK, 17-Aug-2026,344.95,347.9,335.0,337.5,341.65,69636,235.39,2562,41152.0,59.1
TAKE, 17-Aug-2026,24.08,24.24,23.1,23.43,23.76,1251379,293.38,2187,1138505.0,90.98
TALBROAUTO, 17-Aug-2026,423.65,434.0,420.05,423.45,419.5,190674,815.1,6291,96781.0,50.76
TANAA, 17-Aug-2026,308.0,322.0,297.0,300.95,308.85,8328,25.4,227,6856.0,82.32
TANLA, 17-Aug-2026,582.0,585.35,570.05,573.5,582.05,347216,1995.66,15205,169753.0,48.89
TARACHAND, 17-Aug-2026,47.21,48.15,47.0,47.12,47.89,78473,37.09,1373,52569.0,66.99
TARAPUR, 17-Aug-2026,14.97,15.0,14.19,14.33,14.48,37933,5.59,269,24567.0,64.76
TARC, 17-Aug-2026,125.24,125.51,120.7,124.36,125.2,744676,913.12,6854,415317.0,55.77
TARIL, 17-Aug-2026,298.3,299.55,294.9,296.3,298.05,564398,1672.22,13097,263036.0,46.6
TARMAT, 17-Aug-2026,59.95,60.4,55.13,55.98,58.7,37344,21.16,508,22832.0,61.14
TARSONS, 17-Aug-2026,355.1,364.9,343.85,361.5,360.3,2073726,7381.14,32298,293539.0,14.16
TASTYBITE, 17-Aug-2026,9910.5,10190.0,9600.0,10014.5,10005.0,30764,3069.94,7624,12621.0,41.03
TATACAP, 17-Aug-2026,363.3,364.6,358.0,359.25,364.2,605981,2185.87,16694,338741.0,55.9
TATACHEM, 17-Aug-2026,670.2,671.2,661.4,662.9,670.65,271373,1805.27,11455,122348.0,45.08
TATACOMM, 17-Aug-2026,1725.0,1736.9,1686.0,1711.9,1718.1,249346,4257.63,23637,122934.0,49.3
TATACONSUM, 17-Aug-2026,1083.8,1084.5,1070.9,1072.6,1079.5,881078,9468.81,26776,519493.0,58.96
TATAELXSI, 17-Aug-2026,3772.6,3775.0,3700.0,3760.0,3772.7,151262,5667.0,20228,72776.0,48.11
TATAGOLD, 17-Aug-2026,14.99,14.99,14.62,14.85,14.7,38594049,5731.67,86426,18397458.0,47.67
TATAINVEST, 17-Aug-2026,667.2,667.2,652.0,654.55,667.3,299800,1966.6,12360,140168.0,46.75
TATAPOWER, 17-Aug-2026,382.05,383.05,378.05,381.5,382.05,2658590,10130.71,31064,1337253.0,50.3
TATASTEEL, 17-Aug-2026,183.5,186.35,182.06,186.0,183.5,16278106,30044.5,121750,7973663.0,48.98
TATATECH, 17-Aug-2026,866.0,867.0,837.6,841.65,867.9,724569,6149.0,32821,310832.0,42.9
TATSILV, 17-Aug-2026,22.45,22.9,22.45,22.7,22.45,34346111,7809.32,58053,16279427.0,47.4
TATVA, 17-Aug-2026,1723.8,1769.5,1673.0,1685.8,1717.3,69145,1178.52,6826,31356.0,45.35
TAURIAN, 17-Aug-2026,421.0,457.0,421.0,434.95,429.0,80000,356.44,89,46400.0,58.0
TBI, 17-Aug-2026,59.8,62.5,59.05,61.6,60.0,32400,19.58,53,28800.0,88.89
TBOTEK, 17-Aug-2026,1645.6,1707.0,1613.7,1700.0,1633.3,291284,4905.37,21238,128596.0,44.15
TBZ, 17-Aug-2026,252.0,252.0,242.0,243.7,251.35,536210,1313.99,7932,262393.0,48.93
TCC, 17-Aug-2026,255.7,266.85,250.1,256.3,259.55,31635,80.3,1076,19709.0,62.3
TCI, 17-Aug-2026,915.2,917.5,904.8,907.65,915.2,18805,170.65,3117,13270.0,70.57
TCIEXP, 17-Aug-2026,551.3,572.0,551.3,566.75,559.85,52357,295.6,3967,23508.0,44.9
TCL, 17-Aug-2026,134.5,146.9,134.5,141.55,134.15,115200,163.12,128,83200.0,72.22
TCPLPACK, 17-Aug-2026,4099.6,4153.8,3966.4,4037.6,4088.8,9834,397.32,2112,3617.0,36.78
TCS, 17-Aug-2026,2351.0,2361.1,2310.6,2313.2,2361.0,2237636,51970.12,94783,1171943.0,52.37
TDPOWERSYS, 17-Aug-2026,1470.0,1569.8,1467.1,1548.8,1484.6,2464279,37858.49,103889,791353.0,32.11
TEAMGTY, 17-Aug-2026,231.0,243.5,222.0,224.2,227.94,221,0.5,46,171.0,77.38
TEAMLEASE, 17-Aug-2026,1255.0,1255.0,1236.7,1239.6,1255.0,11689,145.11,1704,7778.0,66.54
TEAMTECH, 17-Aug-2026,115.1,118.85,115.1,118.85,116.0,10000,11.66,5,10000.0,100.0
TECH, 17-Aug-2026,34.3,34.68,33.5,33.75,34.29,31261,10.57,320,19232.0,61.52
TECHD, 17-Aug-2026,575.5,584.85,560.7,579.3,575.5,9600,55.29,31,8400.0,87.5
TECHERA, 17-Aug-2026,174.0,174.0,166.3,170.95,169.4,16800,28.48,20,11200.0,66.67
TECHLABS, 17-Aug-2026,119.95,123.5,117.85,120.0,118.45,13500,16.28,57,11875.0,87.96
TECHM, 17-Aug-2026,1621.0,1638.9,1604.2,1610.0,1632.8,1506025,24245.91,42579,935540.0,62.12
TECHNOCRAF, 17-Aug-2026,310.0,313.95,298.0,299.94,311.15,3147658,9571.61,40070,926880.0,29.45
TECHNOE, 17-Aug-2026,969.75,977.9,941.55,959.15,968.4,301073,2870.81,16025,158736.0,52.72
TECHNVISN, 17-Aug-2026,5168.1,5176.1,4959.5,5045.1,5220.5,1019,50.88,178,808.0,79.29
TECILCHEM, 17-Aug-2026,8.87,8.87,8.3,8.39,8.59,3050,0.26,34,2069.0,67.84
TEGA, 17-Aug-2026,1707.1,1750.0,1688.6,1744.0,1703.8,187213,3221.64,13831,117158.0,62.58
TEJA, 17-Aug-2026,510.05,510.05,433.5,433.5,541.85,57000,263.43,93,39000.0,68.42
TEJASCARGO, 17-Aug-2026,405.0,406.35,405.0,406.0,420.25,86800,351.91,8,86800.0,100.0
TEJASNET, 17-Aug-2026,535.2,535.25,521.0,522.85,538.5,906088,4750.08,21843,318213.0,35.12
TEMBO, 17-Aug-2026,60.95,62.9,60.05,60.35,60.8,1969962,1212.9,5700,377422.0,19.16
TENNIND, 17-Aug-2026,538.6,551.9,536.85,548.45,538.25,2170914,11884.8,36394,1305997.0,60.16
TERAI, 17-Aug-2026,137.5,137.5,124.6,124.6,124.6,2,0.0,2,2.0,100.0
TERASOFT, 17-Aug-2026,349.9,358.5,333.75,336.7,345.65,19470,66.53,1174,12343.0,63.39
TEXINFRA, 17-Aug-2026,106.92,108.78,106.2,107.85,107.81,98346,105.93,1073,71604.0,72.81
TEXMOPIPES, 17-Aug-2026,45.99,46.29,45.17,45.62,46.03,28045,12.83,318,17378.0,61.96
TEXRAIL, 17-Aug-2026,105.0,107.45,104.56,106.89,104.85,918414,973.67,7838,342412.0,37.28
TFCILTD, 17-Aug-2026,116.8,127.0,115.0,120.28,117.44,42019586,51076.36,121532,8733497.0,20.78
TFL, 17-Aug-2026,11.69,11.69,11.25,11.34,11.64,7499,0.86,82,3094.0,41.26
TGBHOTELS, 17-Aug-2026,9.53,9.78,9.08,9.2,9.53,28287,2.64,102,20523.0,72.55
TGL, 17-Aug-2026,19.15,19.15,19.05,19.05,20.05,34000,6.48,42,34000.0,100.0
TGVSL, 17-Aug-2026,107.49,111.5,104.05,106.54,106.3,137616,149.75,1275,115293.0,83.78
THAKDEV, 17-Aug-2026,159.75,160.0,147.1,154.18,146.48,3837,5.93,63,2278.0,59.37
THANGAMAYL, 17-Aug-2026,5454.0,5480.0,5286.0,5336.5,5427.0,85919,4625.95,15477,47095.0,54.81
THEINVEST, 17-Aug-2026,103.99,103.99,96.0,98.68,99.99,11281,11.14,163,7564.0,67.05
THEJO, 17-Aug-2026,2094.4,2135.8,2077.3,2118.1,2104.9,4289,90.43,535,3048.0,71.07
THELEELA, 17-Aug-2026,513.15,520.0,498.1,503.0,510.05,797105,4022.92,22042,605547.0,75.97
THEMISMED, 17-Aug-2026,103.1,106.99,102.15,104.09,104.85,61527,63.75,1079,37180.0,60.43
THERMAX, 17-Aug-2026,4074.0,4238.6,4034.4,4141.4,4044.9,397968,16591.14,41530,196932.0,49.48
THOMASCOOK, 17-Aug-2026,106.0,106.49,103.54,103.68,105.88,549586,572.92,4910,223949.0,40.75
THOMASCOTT, 17-Aug-2026,326.95,335.2,293.35,301.1,346.9,335204,1040.37,11068,100331.0,29.93
THYROCARE, 17-Aug-2026,630.0,630.0,610.1,618.6,624.05,299783,1852.19,17725,138028.0,46.04
TI, 17-Aug-2026,573.75,582.2,566.6,580.55,568.75,1007098,5795.67,28251,484999.0,48.16
TIGERLOGS, 17-Aug-2026,25.96,27.4,25.06,27.08,25.46,1049551,277.28,1849,799089.0,76.14
TIIL, 17-Aug-2026,3125.0,3234.2,3061.0,3097.2,3088.7,100294,3132.0,12492,26634.0,26.56
TIINDIA, 17-Aug-2026,2730.0,2769.3,2685.0,2741.4,2733.5,338004,9211.17,28466,110412.0,32.67
TIJARIA, 17-Aug-2026,6.1,6.1,5.42,5.55,6.03,288047,16.13,592,192123.0,66.7
TIMESCAN, 17-Aug-2026,41.0,41.0,40.9,40.95,41.0,6000,2.46,3,6000.0,100.0
TIMETECHNO, 17-Aug-2026,193.0,193.5,188.27,189.61,193.27,2854111,5466.77,26256,894062.0,31.33
TIMEX, 17-Aug-2026,529.7,547.95,521.45,541.3,524.65,224125,1197.72,11500,96056.0,42.86
TIMKEN, 17-Aug-2026,3300.0,3317.0,3246.7,3290.5,3275.8,13162,430.99,4340,7526.0,57.18
TINNARUBR, 17-Aug-2026,1080.4,1105.0,1022.4,1030.3,1089.7,106082,1114.33,9100,56710.0,53.46
TIPSFILMS, 17-Aug-2026,346.0,348.7,325.6,341.55,348.2,15209,51.23,1421,5196.0,34.16
TIPSMUSIC, 17-Aug-2026,670.9,672.5,653.55,656.25,670.9,187123,1230.13,10304,125657.0,67.15
TIRUMALCHM, 17-Aug-2026,159.6,160.07,151.73,154.73,159.66,742304,1146.6,7969,445395.0,60.0
TITAGARH, 17-Aug-2026,831.05,836.6,812.7,820.95,831.35,448731,3673.84,22401,198177.0,44.16
TITAN, 17-Aug-2026,5056.2,5111.0,5037.2,5068.5,5056.2,565258,28784.98,58767,324179.0,57.35
TMB, 17-Aug-2026,849.4,849.4,834.6,843.7,849.4,95533,802.5,6510,54920.0,57.49
TMCV, 17-Aug-2026,474.3,479.5,466.2,470.4,474.3,5104421,24010.13,125908,2090713.0,40.96
TMPV, 17-Aug-2026,334.0,334.2,329.05,330.2,334.5,7337847,24303.18,69483,3142269.0,42.82
TNIDETF, 17-Aug-2026,92.3,93.0,90.5,90.85,91.51,93509,85.09,726,51567.0,55.15
TNPETRO, 17-Aug-2026,110.92,115.0,109.5,114.16,110.93,749352,847.4,8183,403098.0,53.79
TNPL, 17-Aug-2026,141.99,142.49,140.22,140.88,141.12,113046,159.67,2195,60359.0,53.39
TNTELE, 17-Aug-2026,9.2,9.2,8.9,8.96,9.04,18330,1.65,125,14631.0,79.82
TOKYOPLAST, 17-Aug-2026,77.4,79.99,77.4,79.9,78.5,162,0.13,10,161.0,99.38
TOLINS, 17-Aug-2026,97.66,97.66,95.5,97.08,96.7,29072,28.08,907,19605.0,67.44
TOP100CASE, 17-Aug-2026,10.95,10.95,10.68,10.73,10.74,389738,41.75,1375,339993.0,87.24
TOP10ADD, 17-Aug-2026,89.04,89.04,87.86,88.37,88.85,65560,57.8,591,28098.0,42.86
TOP15IETF, 17-Aug-2026,10.08,10.08,9.97,10.02,10.07,44796,4.48,212,24945.0,55.69
TOP20, 17-Aug-2026,9.29,9.29,9.0,9.03,9.07,93914,8.47,157,84402.0,89.87
TORNTPHARM, 17-Aug-2026,4828.0,4939.0,4814.0,4900.0,4833.0,293772,14345.37,24461,168473.0,57.35
TORNTPOWER, 17-Aug-2026,1309.1,1324.5,1297.2,1312.8,1309.1,150508,1972.16,12368,78388.0,52.08
TOTAL, 17-Aug-2026,64.0,65.4,62.99,65.07,64.17,10636,6.8,145,8237.0,77.44
TOUCHWOOD, 17-Aug-2026,65.0,65.0,60.01,62.68,64.74,6028,3.69,139,2961.0,49.12
TOYAMSL, 17-Aug-2026,0.65,0.68,0.65,0.67,0.68,129241,0.86,143,123225.0,95.35
TPHQ, 17-Aug-2026,0.56,0.58,0.54,0.58,0.49,5686531,32.5,686,4686110.0,82.41
TPLPLASTEH, 17-Aug-2026,77.5,78.98,76.05,77.25,77.33,131399,101.68,1380,44844.0,34.13
TRACXN, 17-Aug-2026,29.47,29.65,28.4,29.07,29.61,129447,37.51,1161,97815.0,75.56
TRANSCOR, 17-Aug-2026,24.51,24.51,23.57,24.26,24.39,2702,0.65,30,2527.0,93.52
TRANSRAILL, 17-Aug-2026,468.35,468.55,463.05,464.85,468.95,199552,927.46,7860,115989.0,58.12
TRANSTEEL, 17-Aug-2026,86.75,93.95,79.0,80.05,88.1,152000,127.65,98,117000.0,76.97
TRAVELFOOD, 17-Aug-2026,1355.2,1393.5,1334.8,1358.2,1364.9,80291,1087.42,11150,43978.0,54.77
TREEHOUSE, 17-Aug-2026,6.38,6.38,5.7,5.93,6.13,44419,2.7,169,27818.0,62.63
TREJHARA, 17-Aug-2026,161.43,165.94,160.0,163.76,162.3,12218,19.94,407,8621.0,70.56
TREL, 17-Aug-2026,25.93,26.3,24.76,26.05,25.93,129819,33.46,631,97497.0,75.1
TRENT, 17-Aug-2026,2989.9,2989.9,2945.0,2946.0,2978.0,689113,20415.04,48717,361101.0,52.4
TRF, 17-Aug-2026,229.0,232.78,226.5,230.57,230.71,8926,20.51,352,5385.0,60.33
TRIDENT, 17-Aug-2026,24.3,24.64,24.25,24.57,24.34,2733925,669.21,11707,1158084.0,42.36
TRIDHYA, 17-Aug-2026,8.2,8.2,8.2,8.2,8.6,3000,0.25,1,3000.0,100.0
TRIGYN, 17-Aug-2026,56.0,56.44,54.2,55.3,56.07,22595,12.56,788,8630.0,38.19
TRITONV, 17-Aug-2026,1150.0,1170.0,1108.0,1148.6,1154.9,1553,17.77,111,1361.0,87.64
TRITURBINE, 17-Aug-2026,589.1,600.05,581.85,597.9,592.4,416501,2473.26,26428,159023.0,38.18
TRIVENI, 17-Aug-2026,268.93,287.2,268.37,279.64,266.42,2440871,6843.53,37636,849151.0,34.79
TROM, 17-Aug-2026,54.5,58.0,54.5,56.1,55.45,9600,5.42,16,6000.0,62.5
TRU, 17-Aug-2026,4.15,4.48,4.05,4.48,4.08,203563,8.94,517,155306.0,76.29
TRUALT, 17-Aug-2026,485.7,487.7,476.0,479.25,481.6,273305,1316.33,7506,131899.0,48.26
TRUST, 17-Aug-2026,26.7,26.85,25.5,26.2,25.55,5400,1.41,9,4800.0,88.89
TSFINV, 17-Aug-2026,415.5,423.9,409.6,420.4,415.45,66947,278.45,5720,39166.0,58.5
TTKHLTCARE, 17-Aug-2026,1168.9,1188.0,1126.5,1138.4,1157.7,27967,323.34,4674,13840.0,49.49
TTKPRESTIG, 17-Aug-2026,595.0,598.9,588.35,592.1,595.9,34550,204.49,3083,18121.0,52.45
TTL, 17-Aug-2026,6.14,6.2,5.8,6.15,6.14,269607,16.11,424,153511.0,56.94
TTML, 17-Aug-2026,38.59,38.99,38.05,38.15,38.59,865904,330.73,5476,395786.0,45.71
TUNWAL, 17-Aug-2026,26.1,26.55,26.05,26.2,26.75,78000,20.49,31,48000.0,61.54
TURTLEMINT, 17-Aug-2026,130.0,157.68,122.0,150.15,137.44,21985821,32472.43,184381,2927086.0,13.31
TUTIALKA, 17-Aug-2026,56.86,56.86,56.0,56.71,56.86,3679,2.09,39,3650.0,99.21
TVSELECT, 17-Aug-2026,454.7,454.7,444.1,450.35,451.55,33476,150.57,2190,11425.0,34.13
TVSHLTD, 17-Aug-2026,13994.0,14135.0,13876.0,14072.0,13994.0,2980,417.31,1359,1462.0,49.06
TVSMOTOR, 17-Aug-2026,4307.0,4386.0,4305.5,4385.9,4307.0,604301,26405.17,48802,334970.0,55.43
TVSSCS, 17-Aug-2026,123.5,124.24,120.4,121.48,123.39,575748,701.13,9386,303660.0,52.74
TVSSRICHAK, 17-Aug-2026,4479.0,4925.0,4425.1,4868.9,4478.1,298746,14175.83,37767,38845.0,13.0
TVTODAY, 17-Aug-2026,114.05,114.05,109.0,110.93,112.42,47851,53.34,1078,35009.0,73.16
TWCGOLDETF, 17-Aug-2026,151.05,152.55,151.0,152.33,150.85,18510,28.18,151,18025.0,97.38
UBL, 17-Aug-2026,1377.0,1380.8,1361.5,1367.9,1376.6,37304,510.86,5355,21618.0,57.95
UCAL, 17-Aug-2026,140.0,159.7,139.9,151.87,139.85,557091,851.84,16891,203786.0,36.58
UCOBANK, 17-Aug-2026,26.0,26.17,25.81,26.11,26.0,2113964,549.64,9489,943176.0,44.62
UDAYJEW, 17-Aug-2026,140.3,151.0,140.3,145.36,141.0,33315,49.12,135,20497.0,61.52
UDS, 17-Aug-2026,211.49,214.3,208.59,211.72,211.5,271827,575.15,6826,154260.0,56.75
UEL, 17-Aug-2026,222.48,222.48,222.48,222.48,234.18,7679,17.08,216,7032.0,91.57
UFLEX, 17-Aug-2026,555.0,586.05,545.0,586.05,488.4,3734414,21420.41,54993,789106.0,21.13
UFO, 17-Aug-2026,67.13,67.23,65.6,66.47,67.14,19447,12.92,381,13277.0,68.27
UGARSUGAR, 17-Aug-2026,48.0,53.9,48.0,52.18,48.19,1500943,776.25,10519,676082.0,45.04
UGROCAP, 17-Aug-2026,94.0,95.25,91.73,92.75,93.34,167248,155.12,2657,78954.0,47.21
UHTL, 17-Aug-2026,106.95,107.1,104.0,107.1,102.0,72000,76.57,31,66000.0,91.67
UJJIVANSFB, 17-Aug-2026,72.63,72.8,71.38,72.21,72.47,9089704,6550.91,27265,4295302.0,47.25
ULTRACEMCO, 17-Aug-2026,11610.0,11709.0,11541.0,11681.0,11619.0,194270,22622.2,27188,118492.0,60.99
ULTRAMAR, 17-Aug-2026,400.95,408.0,391.65,394.2,398.2,53324,213.12,7172,33527.0,62.87
UMA, 17-Aug-2026,15.4,15.55,15.4,15.55,15.0,52000,8.07,12,52000.0,100.0
UMESLTD, 17-Aug-2026,5.96,6.07,5.7,6.02,5.82,20769,1.24,94,17805.0,85.73
UMIYA-MRO, 17-Aug-2026,90.05,90.05,88.15,89.01,89.69,3760,3.35,52,3436.0,91.38
UNICHEMLAB, 17-Aug-2026,544.9,552.85,530.0,543.3,540.2,126268,685.03,5437,37442.0,29.65
UNIECOM, 17-Aug-2026,84.5,85.39,84.01,84.95,86.05,296032,250.9,3414,168229.0,56.83
UNIENTER, 17-Aug-2026,95.81,98.5,95.11,95.59,95.36,1239,1.19,52,962.0,77.64
UNIHEALTH, 17-Aug-2026,661.0,714.6,661.0,714.4,676.15,6500,44.92,13,5500.0,84.62
UNIINFO, 17-Aug-2026,12.26,12.26,11.5,11.69,11.7,1379,0.16,22,1303.0,94.49
UNILEX, 17-Aug-2026,28.0,28.0,28.0,28.0,28.0,3200,0.9,2,3200.0,100.0
UNIMECH, 17-Aug-2026,1545.0,1548.0,1478.3,1511.3,1522.6,268042,4046.05,21551,140957.0,52.59
UNIONBANK, 17-Aug-2026,187.37,190.15,184.27,188.9,187.38,14697760,27553.69,55203,7283367.0,49.55
UNIONGOLD, 17-Aug-2026,149.0,150.3,149.0,149.25,147.7,2199,3.29,108,1008.0,45.84
UNIPARTS, 17-Aug-2026,816.0,830.0,794.05,801.15,816.0,207095,1681.7,20606,90626.0,43.76
UNITDSPR, 17-Aug-2026,1536.0,1546.3,1523.5,1545.0,1536.0,363526,5603.32,17378,249473.0,68.63
UNITECH, 17-Aug-2026,4.0,4.01,3.92,3.95,3.96,3549409,140.47,4482,2319414.0,65.35
UNITEDTEA, 17-Aug-2026,474.8,474.8,451.0,455.65,458.3,1907,8.71,67,1654.0,86.73
UNIVCABLES, 17-Aug-2026,1658.9,1735.0,1632.0,1724.6,1644.4,302829,5122.05,22370,165234.0,54.56
UNOMINDA, 17-Aug-2026,1246.0,1272.0,1235.9,1269.9,1240.0,1414213,17784.09,44583,672879.0,47.58
UPL, 17-Aug-2026,566.0,568.7,561.5,567.1,563.0,1106329,6262.47,25505,657940.0,59.47
URBAN, 17-Aug-2026,152.0,152.0,145.6,147.05,147.0,9600,14.23,12,6400.0,66.67
URBANCO, 17-Aug-2026,144.2,145.6,142.65,144.6,144.39,3896552,5617.88,22563,2028226.0,52.05
URJA, 17-Aug-2026,9.49,9.64,9.35,9.46,9.49,486215,45.81,2074,288318.0,59.3
USASEEDS, 17-Aug-2026,93.05,93.05,86.65,92.4,91.2,1712,1.56,4,428.0,25.0
USHAFIN, 17-Aug-2026,43.0,43.0,42.0,42.0,43.0,3200,1.36,2,3200.0,100.0
USHAMART, 17-Aug-2026,491.85,500.0,487.45,498.05,487.95,265944,1310.34,13668,127486.0,47.94
USK, 17-Aug-2026,21.2,21.99,21.17,21.83,21.41,17312,3.75,119,12554.0,72.52
UTIAMC, 17-Aug-2026,907.2,910.0,901.25,907.3,908.05,38587,349.62,3704,20077.0,52.03
UTKAL, 17-Aug-2026,55.95,55.95,50.65,51.8,53.3,68000,35.82,33,34000.0,50.0
UTKARSHBNK, 17-Aug-2026,14.05,14.17,13.85,14.04,14.04,1910237,266.97,4554,1076482.0,56.35
UTLSOLAR, 17-Aug-2026,425.2,466.2,425.2,464.4,423.85,1613583,7325.98,33046,584252.0,36.21
UTSSAV, 17-Aug-2026,509.0,510.0,504.0,505.0,507.2,12600,63.8,21,12000.0,95.24
UTTAMSUGAR, 17-Aug-2026,265.25,286.96,263.36,283.0,264.29,708663,1971.47,14221,282548.0,39.87
UWCSL, 17-Aug-2026,100.8,100.8,100.8,100.8,100.8,2000,2.02,2,2000.0,100.0
V2RETAIL, 17-Aug-2026,216.0,219.5,215.0,218.85,216.4,1215948,2646.09,14880,638365.0,52.5
VADILALIND, 17-Aug-2026,7749.0,7749.0,7072.0,7411.0,7749.0,73266,5355.44,19165,25790.0,35.2
VADILENT, 17-Aug-2026,10002.0,10002.0,10002.0,10002.0,10362.0,11,1.1,1,11.0,100.0
VAIBHAVGBL, 17-Aug-2026,227.7,228.6,223.55,226.45,228.3,437817,989.11,8634,219901.0,50.23
VAISHALI, 17-Aug-2026,8.84,8.85,8.06,8.34,8.51,250280,21.29,416,183666.0,73.38
VAKRANGEE, 17-Aug-2026,5.94,5.94,5.81,5.85,5.92,805018,47.16,1690,456377.0,56.69
VAL30IETF, 17-Aug-2026,15.43,15.44,15.25,15.39,15.37,208476,31.93,1013,109417.0,52.48
VALIANTLAB, 17-Aug-2026,86.53,86.53,86.53,86.53,82.41,19553,16.92,43,19553.0,100.0
VALUE, 17-Aug-2026,16.16,16.26,16.1,16.24,16.16,16294,2.64,76,11178.0,68.6
VALUE360, 17-Aug-2026,82.1,82.1,75.0,76.0,80.45,60000,45.72,24,46800.0,78.0
VALUEAXIS, 17-Aug-2026,33.38,33.38,32.84,32.99,32.96,65120,21.48,379,42156.0,64.74
VAML, 17-Aug-2026,445.9,449.45,441.0,441.5,443.8,4788738,21274.88,70806,2774399.0,57.94
VARDMNPOLY, 17-Aug-2026,6.5,6.5,6.13,6.19,6.3,87097,5.42,305,63349.0,72.73
VARROC, 17-Aug-2026,851.6,874.85,842.3,847.75,847.9,508443,4354.44,22455,231979.0,45.63
VASCONEQ, 17-Aug-2026,31.51,31.8,31.0,31.13,31.82,203175,63.37,1206,126339.0,62.18
VASUPRADA, 17-Aug-2026,96.03,96.03,96.0,96.0,101.02,1058,1.02,2,1058.0,100.0
VASWANI, 17-Aug-2026,52.17,52.27,44.5,47.96,52.17,187947,88.87,1695,97970.0,52.13
VBL, 17-Aug-2026,435.1,438.8,432.25,433.85,435.0,2004001,8742.58,37081,1175372.0,58.65
VCL, 17-Aug-2026,1.77,1.77,1.77,1.77,1.69,753129,13.33,124,753127.0,100.0
VDEAL, 17-Aug-2026,158.0,158.0,158.0,158.0,158.0,1200,1.9,2,1200.0,100.0
VEDAVAAG, 17-Aug-2026,19.44,19.44,18.5,19.15,19.3,19062,3.62,95,18939.0,99.35
VEDL, 17-Aug-2026,268.0,270.65,267.05,269.7,267.5,6638615,17876.46,43854,2713989.0,40.88
VEDPOWER, 17-Aug-2026,36.5,36.98,36.08,36.59,36.54,9962371,3641.53,34101,5085132.0,51.04
VEEDOL, 17-Aug-2026,1550.0,1550.0,1502.5,1521.6,1512.9,13052,198.71,1618,5968.0,45.72
VENKEYS, 17-Aug-2026,1525.7,1555.6,1523.0,1531.0,1528.0,24903,383.01,2149,13847.0,55.6
VENTIVE, 17-Aug-2026,582.1,595.35,581.0,592.2,582.95,11822,69.44,923,8366.0,70.77
VENUSPIPES, 17-Aug-2026,1570.0,1602.0,1527.1,1596.5,1577.3,99452,1565.71,7237,46152.0,46.41
VERA, 17-Aug-2026,78.25,82.15,78.25,82.15,78.25,10500,8.45,6,10500.0,100.0
VERANDA, 17-Aug-2026,238.3,238.3,226.1,235.1,245.9,490551,1141.97,9110,170885.0,34.84
VERTEXPLUS, 17-Aug-2026,48.3,48.3,48.3,48.3,46.0,600,0.29,1,600.0,100.0
VERTIS, 17-Aug-2026,115.0,116.0,113.0,116.0,116.0,175000,199.75,7,175000.0,100.0
VESUVIUS, 17-Aug-2026,431.55,441.95,430.0,440.65,431.55,58638,256.22,3268,28438.0,48.5
VGCL, 17-Aug-2026,61.5,61.5,56.98,60.5,59.95,2075,1.24,20,1799.0,86.7
VGINFOTECH, 17-Aug-2026,152.25,156.95,148.3,151.8,156.95,73000,110.36,66,54000.0,73.97
VGL, 17-Aug-2026,59.0,61.5,57.0,59.3,58.66,14150,8.27,307,9515.0,67.24
VGUARD, 17-Aug-2026,326.75,345.9,326.25,343.95,326.75,2297117,7646.93,34326,1293958.0,56.33
VHL, 17-Aug-2026,3485.0,3485.0,3420.0,3473.8,3439.0,543,18.7,97,440.0,81.03
VIAZ, 17-Aug-2026,67.0,67.0,67.0,67.0,69.2,6000,4.02,1,6000.0,100.0
VICTORYEV, 17-Aug-2026,15.85,16.45,15.85,16.45,16.15,18000,2.93,6,15000.0,83.33
VIDHIING, 17-Aug-2026,310.0,326.0,310.0,319.2,309.9,66997,214.15,1483,51983.0,77.59
VIDYAWIRES, 17-Aug-2026,89.88,89.95,88.2,89.4,89.45,687376,611.77,4880,405653.0,59.01
VIESL, 17-Aug-2026,305.3,312.0,296.0,300.35,311.05,28000,85.4,33,22400.0,80.0
VIGOR, 17-Aug-2026,92.5,93.75,87.85,87.85,90.95,12800,11.65,8,9600.0,75.0
VIJAYA, 17-Aug-2026,1469.9,1515.0,1466.8,1506.6,1474.1,130297,1950.26,11126,69180.0,53.09
VIJAYPD, 17-Aug-2026,60.0,60.0,58.6,59.85,58.55,14000,8.32,6,14000.0,100.0
VIJSOLX, 17-Aug-2026,710.0,718.0,685.0,692.5,713.45,569,4.02,32,514.0,90.33
VIKASECO, 17-Aug-2026,1.1,1.11,1.08,1.09,1.09,1887156,20.64,1297,863998.0,45.78
VIKASLIFE, 17-Aug-2026,1.25,1.25,1.23,1.23,1.25,1744342,21.64,8352,1059426.0,60.73
VIKRAMSOLR, 17-Aug-2026,163.0,186.5,161.47,183.1,160.15,65091295,116931.96,370730,6874213.0,10.56
VIKRAN, 17-Aug-2026,62.3,63.24,61.46,62.54,62.22,1272850,793.76,7057,559771.0,43.98
VILAS, 17-Aug-2026,370.0,379.75,353.1,354.9,374.15,33750,121.74,103,24000.0,71.11
VILINBIO, 17-Aug-2026,43.0,43.0,43.0,43.0,43.5,4000,1.72,1,4000.0,100.0
VIMTALABS, 17-Aug-2026,614.45,630.0,609.05,623.45,617.0,126778,785.31,6058,54247.0,42.79
VINATIORGA, 17-Aug-2026,1343.0,1350.0,1317.3,1344.2,1338.3,50264,673.3,7498,27708.0,55.12
VINCOFE, 17-Aug-2026,148.05,149.05,144.5,146.28,148.05,2160331,3158.61,18811,820287.0,37.97
VINDHYATEL, 17-Aug-2026,2434.6,2518.0,2378.6,2486.6,2401.6,48718,1200.32,6904,21266.0,43.65
VINEETLAB, 17-Aug-2026,38.7,38.7,35.65,37.36,37.29,108335,39.78,431,30179.0,27.86
VINNY, 17-Aug-2026,1.07,1.08,1.06,1.06,1.06,217079,2.31,114,199314.0,91.82
VINSYS, 17-Aug-2026,580.0,580.0,575.0,580.0,579.0,3000,17.36,12,3000.0,100.0
VINYAS, 17-Aug-2026,1374.95,1598.5,1312.05,1330.55,1383.55,131500,1753.37,261,112800.0,85.78
VINYLINDIA, 17-Aug-2026,240.0,242.81,235.05,236.57,238.64,5503,13.11,269,3422.0,62.18
VIPCLOTHNG, 17-Aug-2026,20.2,20.9,20.2,20.59,20.14,47323,9.67,168,33287.0,70.34
VIPIND, 17-Aug-2026,300.0,302.6,294.35,300.5,299.8,202608,603.16,3360,87094.0,42.99
VIRAT, 17-Aug-2026,350.0,350.0,330.0,335.0,330.35,1109,3.71,10,1108.0,99.91
VIRINCHI, 17-Aug-2026,15.47,15.47,14.61,15.03,14.88,46547,6.99,243,38747.0,83.24
VIRTUALG, 17-Aug-2026,0.4,0.42,0.4,0.41,0.42,189147,0.77,161,177738.0,93.97
VISACHROME, 17-Aug-2026,36.4,38.5,36.22,38.41,36.89,55863,21.22,103,49664.0,88.9
VISAKAIND, 17-Aug-2026,96.6,96.6,90.44,92.0,95.46,954044,878.6,6649,582768.0,61.08
VISDEM, 17-Aug-2026,85.8,85.85,85.8,85.85,85.85,6000,5.15,5,6000.0,100.0
VISHAL, 17-Aug-2026,18.45,19.45,17.85,18.12,22.05,45725,8.38,833,30653.0,67.04
VISHNU, 17-Aug-2026,611.0,623.5,605.75,618.25,608.1,96864,595.85,4120,56573.0,58.4
VISHNUINFR, 17-Aug-2026,146.5,151.9,145.05,148.0,149.8,10000,14.89,13,8000.0,80.0
VISHWARAJ, 17-Aug-2026,5.3,5.43,5.29,5.37,5.29,196403,10.53,335,119207.0,60.7
VISL, 17-Aug-2026,36.9,38.71,36.0,37.97,36.87,53342910,20300.16,63908,15965881.0,29.93
VIVIDEL, 17-Aug-2026,1635.0,1645.05,1580.0,1635.05,1566.75,20400,332.04,80,19680.0,96.47
VIVIDHA, 17-Aug-2026,0.55,0.55,0.53,0.53,0.54,126485,0.68,160,86161.0,68.12
VIVO, 17-Aug-2026,152.65,152.65,152.0,152.65,145.4,22400,34.17,13,22400.0,100.0
VIVOBIOT, 17-Aug-2026,20.16,20.94,19.15,19.68,20.1,10562,2.05,80,8631.0,81.72
VIYASH, 17-Aug-2026,255.0,255.0,245.3,252.15,255.65,2315295,5783.18,37817,1212944.0,52.39
VLINFRA, 17-Aug-2026,25.85,25.85,25.85,25.85,25.85,1500,0.39,1,1500.0,100.0
VLSFINANCE, 17-Aug-2026,256.1,267.55,255.05,256.6,259.15,17569,45.32,587,11346.0,64.58
VMARCIND, 17-Aug-2026,365.8,371.5,352.0,360.2,365.8,259500,938.33,161,115500.0,44.51
VMART, 17-Aug-2026,807.5,809.5,787.1,792.3,807.5,52761,419.07,4919,28598.0,54.2
VMM, 17-Aug-2026,105.43,106.99,104.61,105.5,105.2,9434670,9963.51,45568,5709197.0,60.51
VMOBILE, 17-Aug-2026,67.5,68.1,67.5,68.1,67.5,3200,2.17,4,2400.0,75.0
VMSTMT, 17-Aug-2026,51.36,51.49,48.5,49.85,51.36,105418,52.19,601,26627.0,25.26
VOEPL, 17-Aug-2026,523.0,523.0,489.6,490.4,506.0,53014,263.81,2417,27157.0,51.23
VOGL, 17-Aug-2026,37.4,38.43,36.81,37.66,37.14,35853553,13488.66,52908,9433442.0,26.31
VOITHPAPR, 17-Aug-2026,1456.0,1519.0,1414.1,1414.1,1455.8,145,2.11,6,145.0,100.0
VOLERCAR, 17-Aug-2026,218.0,218.0,218.0,218.0,221.5,2400,5.23,2,2400.0,100.0
VOLTAMP, 17-Aug-2026,10150.0,10165.0,9950.0,10001.0,10141.0,12573,1260.34,4121,5907.0,46.98
VOLTAS, 17-Aug-2026,1329.0,1350.0,1256.1,1267.0,1320.5,4378295,56122.73,108710,1414452.0,32.31
VPRPL, 17-Aug-2026,32.5,36.34,31.36,34.92,32.86,1255097,436.81,5283,647539.0,51.59
VR, 17-Aug-2026,143.75,143.75,143.75,143.75,151.3,400,0.58,1,400.0,100.0
VRAJ, 17-Aug-2026,122.1,122.9,120.25,121.5,122.97,19250,23.45,988,12144.0,63.09
VRLLOG, 17-Aug-2026,295.75,301.0,294.05,296.2,296.3,233174,691.33,10873,136092.0,58.36
VSCL, 17-Aug-2026,23.9,23.9,22.75,22.75,23.9,24000,5.57,8,18000.0,75.0
VSSL, 17-Aug-2026,358.65,375.95,357.1,361.55,353.35,453421,1648.1,12947,190489.0,42.01
VSTIND, 17-Aug-2026,215.05,215.99,214.05,214.5,215.44,99899,214.68,3042,67864.0,67.93
VSTL, 17-Aug-2026,107.91,108.4,101.0,106.87,107.91,17809,18.83,400,10790.0,60.59
VSTTILLERS, 17-Aug-2026,4649.7,4649.7,4504.7,4527.4,4511.6,8916,404.25,1642,4285.0,48.06
VTL, 17-Aug-2026,590.0,609.0,589.0,605.25,590.6,134126,804.52,10708,72175.0,53.81
VTMLTD, 17-Aug-2026,47.0,50.0,46.0,46.94,46.78,9109,4.37,121,6115.0,67.13
WAAREEENER, 17-Aug-2026,2682.0,2719.0,2660.8,2707.0,2682.0,405982,10932.25,25729,194218.0,47.84
WAAREEINDO, 17-Aug-2026,306.0,306.0,291.5,300.35,297.25,52108,154.77,1956,17828.0,34.21
WAAREERTL, 17-Aug-2026,893.0,901.15,884.0,896.95,891.55,105161,937.29,7916,46569.0,44.28
WABAG, 17-Aug-2026,1930.0,1932.9,1876.4,1897.6,1904.6,347369,6570.22,24827,190686.0,54.89
WAKEFIT, 17-Aug-2026,122.0,127.77,120.02,124.63,121.38,1384971,1727.35,12428,293506.0,21.19
WALCHANNAG, 17-Aug-2026,228.0,235.5,219.56,223.91,224.8,942467,2126.13,13606,416966.0,44.24
WANBURY, 17-Aug-2026,260.0,261.9,247.85,250.7,261.35,227906,580.43,5620,110032.0,48.28
WARDINMOBI, 17-Aug-2026,6.5,6.5,5.25,6.25,6.54,204297,12.67,697,172406.0,84.39
WATERBASE, 17-Aug-2026,46.5,47.9,44.11,47.11,74.9,21192,9.98,323,15268.0,72.05
WCIL, 17-Aug-2026,86.0,88.3,83.0,87.99,86.55,84537,72.94,1597,49182.0,58.18
WEALTH, 17-Aug-2026,899.0,905.45,871.0,876.75,902.15,2680,23.68,362,2229.0,83.17
WEBELSOLAR, 17-Aug-2026,83.96,84.94,80.85,82.8,85.1,4771303,3909.12,21934,2470437.0,51.78
WEIZMANIND, 17-Aug-2026,78.77,78.77,77.1,77.29,77.38,554,0.43,26,318.0,57.4
WEL, 17-Aug-2026,148.0,150.89,144.15,145.74,145.05,635959,937.48,8172,290683.0,45.71
WELCORP, 17-Aug-2026,1873.3,1887.1,1846.0,1882.0,1873.3,202713,3781.25,17912,86494.0,42.67
WELENT, 17-Aug-2026,557.5,575.5,557.5,569.4,561.7,145316,827.24,6678,69770.0,48.01
WELSPLSOL, 17-Aug-2026,48.99,48.99,47.66,48.47,47.96,156824,75.84,1186,90036.0,57.41
WELSPUNLIV, 17-Aug-2026,165.05,169.95,164.9,168.15,164.06,10735012,18010.89,67692,2368568.0,22.06
WENDT, 17-Aug-2026,7888.0,8199.5,7888.0,8110.0,7932.0,5238,422.93,1725,2764.0,52.77
WESTLIFE, 17-Aug-2026,582.9,585.0,574.6,579.6,582.9,176220,1020.02,13911,147573.0,83.74
WEWIN, 17-Aug-2026,47.39,47.39,45.5,46.0,46.17,413,0.19,23,173.0,41.89
WEWORK, 17-Aug-2026,720.0,727.0,703.1,707.8,708.5,290990,2079.2,14296,171051.0,58.78
WHEELS, 17-Aug-2026,1458.8,1458.8,1408.2,1417.5,1435.6,50683,723.73,5434,26219.0,51.73
WHIRLPOOL, 17-Aug-2026,779.0,784.65,773.4,777.35,778.9,119414,928.9,8311,62366.0,52.23
WILLAMAGOR, 17-Aug-2026,24.56,25.02,24.56,24.93,25.06,1398,0.35,16,1347.0,96.35
WINDLAS, 17-Aug-2026,953.7,964.95,925.1,933.4,949.45,66278,626.57,5674,33257.0,50.18
WINDMACHIN, 17-Aug-2026,300.0,303.0,299.3,300.4,302.55,30500,91.71,680,22288.0,73.08
WINNY, 17-Aug-2026,32.1,32.1,32.1,32.1,32.1,500,0.16,1,500.0,100.0
WINSOL, 17-Aug-2026,111.0,113.5,108.15,111.9,110.8,10800,12.09,19,9200.0,85.19
WIPL, 17-Aug-2026,167.11,168.96,165.01,165.97,167.98,6311,10.48,55,5001.0,79.24
WIPRO, 17-Aug-2026,183.5,183.71,181.0,181.9,184.0,4436515,8070.05,43044,1822063.0,41.07
WOCKPHARMA, 17-Aug-2026,1928.5,1937.0,1884.2,1898.8,1932.7,342549,6514.47,17461,169166.0,49.38
WOL3D, 17-Aug-2026,144.1,150.9,144.1,147.95,144.5,5000,7.35,5,5000.0,100.0
WOMANCART, 17-Aug-2026,111.0,115.0,95.0,103.45,101.8,262800,267.79,457,80800.0,30.75
WONDERLA, 17-Aug-2026,468.25,473.7,466.85,468.7,468.25,130727,615.09,3728,109398.0,83.68
WORTHPERI, 17-Aug-2026,151.25,158.99,149.84,155.29,154.5,12610,19.23,182,9813.0,77.82
WPIL, 17-Aug-2026,418.25,440.0,418.25,433.9,418.25,40314,172.44,2323,21799.0,54.07
WSI, 17-Aug-2026,57.92,63.95,57.92,60.83,59.65,134865,83.19,1372,59581.0,44.18
WSTCSTPAPR, 17-Aug-2026,611.3,622.0,599.6,605.5,611.35,160082,974.35,8259,87483.0,54.65
WTICAB, 17-Aug-2026,109.0,109.0,104.6,105.15,108.6,38500,41.0,46,36500.0,94.81
XCHANGING, 17-Aug-2026,62.6,63.28,60.61,61.72,63.88,123662,76.85,1785,70838.0,57.28
XELPMOC, 17-Aug-2026,84.0,84.0,79.0,79.48,82.25,15269,12.2,326,11015.0,72.14
XPROINDIA, 17-Aug-2026,1090.1,1118.5,1090.0,1103.7,1097.0,28602,316.88,2244,18637.0,65.16
XTGLOBAL, 17-Aug-2026,30.9,30.9,29.6,29.68,30.71,41668,12.53,446,9670.0,23.21
XTRANET, 17-Aug-2026,174.8,175.9,155.5,158.7,172.5,1049878,1752.73,17906,442576.0,42.15
YAAP, 17-Aug-2026,139.3,140.0,130.0,138.0,142.75,36000,48.96,26,30000.0,83.33
YASHO, 17-Aug-2026,4215.8,4400.0,4215.8,4362.3,4215.7,58050,2524.2,11493,28366.0,48.86
YASHOPTICS, 17-Aug-2026,114.0,114.0,112.6,114.0,114.0,3200,3.63,4,3200.0,100.0
YATHARTH, 17-Aug-2026,850.05,853.35,837.25,842.85,844.7,191341,1614.82,14564,104317.0,54.52
YATRA, 17-Aug-2026,113.4,116.2,112.5,113.95,114.01,1202159,1378.74,13643,332261.0,27.64
YESBANK, 17-Aug-2026,22.67,23.02,22.45,22.92,22.67,58204418,13283.29,70611,28412487.0,48.82
YUDIZ, 17-Aug-2026,24.6,24.6,24.6,24.6,25.8,800,0.2,1,800.0,100.0
YUKEN, 17-Aug-2026,854.0,865.25,812.0,821.95,853.2,3781,31.49,511,2225.0,58.85
ZAGGLE, 17-Aug-2026,182.4,185.0,160.48,160.48,200.59,12084279,19743.47,56168,4917809.0,40.7
ZEEL, 17-Aug-2026,102.44,107.2,101.01,104.87,102.28,56021626,58551.44,155187,13520130.0,24.13
ZEEMEDIA, 17-Aug-2026,9.85,10.09,9.63,9.7,9.63,16059867,1573.28,14854,6552585.0,40.8
ZENITHDRUG, 17-Aug-2026,44.0,45.6,44.0,45.0,44.65,4000,1.79,5,4000.0,100.0
ZENITHEXPO, 17-Aug-2026,215.27,215.27,204.51,204.51,215.27,936,1.94,61,808.0,86.32
ZENITHSTL, 17-Aug-2026,5.57,5.7,5.21,5.48,5.59,110042,6.02,334,84491.0,76.78
ZENSARTECH, 17-Aug-2026,491.7,495.85,483.9,490.75,490.8,460647,2253.15,16229,182532.0,39.63
ZENTEC, 17-Aug-2026,1873.0,1896.6,1852.4,1864.5,1857.2,388352,7269.04,28718,138200.0,35.59
ZFCVINDIA, 17-Aug-2026,2636.0,2636.0,2608.0,2623.7,2636.7,91005,2386.23,14494,63733.0,70.03
ZFSTEERING, 17-Aug-2026,688.0,688.0,660.2,673.6,662.75,1921,12.87,146,1160.0,60.39
ZIMLAB, 17-Aug-2026,108.5,115.7,107.1,115.2,107.55,140402,155.47,2413,118292.0,84.25
ZODIAC, 17-Aug-2026,267.0,273.85,253.3,256.25,266.9,27116,71.79,1886,10682.0,39.39
ZODIACLOTH, 17-Aug-2026,77.87,77.87,73.0,75.6,75.21,7226,5.39,92,6931.0,95.92
ZOTA, 17-Aug-2026,1162.0,1162.7,1100.0,1111.4,1131.3,171232,1925.56,7632,101238.0,59.12
ZSARACOM, 17-Aug-2026,12500.0,12980.0,12150.0,12841.0,12143.0,128,16.33,87,81.0,63.28
ZTECH, 17-Aug-2026,528.5,528.5,490.0,499.4,528.5,76200,382.67,134,48300.0,63.39
ZUARI, 17-Aug-2026,221.71,225.64,214.3,222.71,220.58,89746,198.25,2548,32344.0,36.04
ZUARIIND, 17-Aug-2026,259.95,260.8,253.1,256.45,257.8,22301,57.17,1070,11759.0,52.73
ZYDUSLIFE, 17-Aug-2026,1135.0,1154.5,1127.1,1131.5,1135.2,1927424,22007.85,27725,1093421.0,56.73
ZYDUSWELL, 17-Aug-2026,510.95,514.0,502.35,510.15,510.3,120525,611.61,6988,51477.0,42.71
