SYMBOL,DATE1,OPEN_PRICE,HIGH_PRICE,LOW_PRICE,CLOSE_PRICE,PREV_CLOSE,TTL_TRD_QNTY,TURNOVER_LACS,NO_OF_TRADES,DELIV_QTY,DELIV_PER
20MICRONS, 27-Aug-2026,223.39,223.39,215.1,216.37,223.63,152626,332.82,4668,74455.0,48.78
21STCENMGM, 27-Aug-2026,42.35,42.35,41.74,42.0,42.59,4547,1.9,31,4522.0,99.45
360ONE, 27-Aug-2026,1194.0,1207.0,1191.7,1204.0,1197.2,317442,3811.4,19239,191498.0,60.33
3BBLACKBIO, 27-Aug-2026,1310.0,1361.9,1310.0,1350.3,1306.3,16388,219.74,1983,10701.0,65.3
3MINDIA, 27-Aug-2026,33520.0,34515.0,33520.0,34245.0,33570.0,3288,1119.38,2086,1780.0,54.14
3PLAND, 27-Aug-2026,32.0,32.4,31.55,31.87,32.0,3978,1.26,73,2416.0,60.73
574GS2026, 27-Aug-2026,101.89,101.89,101.89,101.89,101.75,1,0.0,1,1.0,100.0
591GS2028, 27-Aug-2026,99.7,99.7,99.7,99.7,99.51,3000,2.99,1,3000.0,100.0
5PAISA, 27-Aug-2026,376.95,377.05,370.0,371.15,376.4,18714,69.81,1032,10851.0,57.98
610GS2031, 27-Aug-2026,99.5,99.5,99.5,99.5,99.5,1,0.0,1,1.0,100.0
620GS2029, 27-Aug-2026,99.05,99.09,99.05,99.09,99.02,222,0.22,5,200.0,90.09
628GS2032, 27-Aug-2026,97.85,98.0,97.85,97.85,98.25,151,0.15,3,150.0,99.34
636GS2031, 27-Aug-2026,99.83,99.85,99.3,99.8,99.83,4820,4.81,8,4820.0,100.0
63MOONS, 27-Aug-2026,778.6,784.5,739.1,745.45,777.55,195262,1479.94,7201,96449.0,49.39
645GS2029, 27-Aug-2026,103.99,103.99,101.5,101.65,101.46,3,0.0,3,2.0,66.67
667GS2050, 27-Aug-2026,91.96,92.65,91.96,92.5,91.96,53,0.05,3,53.0,100.0
668GS2040, 27-Aug-2026,98.5,98.6,98.45,98.45,98.5,7390,7.28,8,7390.0,100.0
676GS2061, 27-Aug-2026,91.7,91.7,91.3,91.5,91.45,48900,44.75,44,48900.0,100.0
679GS2034, 27-Aug-2026,101.01,101.01,101.0,101.0,101.0,3700,3.74,3,3700.0,100.0
679GS2034A, 27-Aug-2026,99.75,99.75,99.75,99.75,99.73,2,0.0,1,2.0,100.0
68GS2060, 27-Aug-2026,92.85,92.85,92.81,92.81,92.81,610,0.57,2,610.0,100.0
690GS2065, 27-Aug-2026,94.45,94.48,94.2,94.45,94.39,9425,8.89,20,9424.0,99.99
694GS2036, 27-Aug-2026,102.5,102.8,102.5,102.71,102.46,3876,3.98,10,3875.0,99.97
695GS2061, 27-Aug-2026,94.49,94.49,94.0,94.0,94.39,12,0.01,7,10.0,83.33
699GS2051, 27-Aug-2026,95.3,97.5,95.3,97.5,97.73,6,0.01,2,6.0,100.0
702GS2031, 27-Aug-2026,105.0,105.0,102.0,102.0,102.15,3228,3.39,3,3228.0,100.0
706GS2028, 27-Aug-2026,103.9,103.95,103.5,103.51,103.85,5549,5.75,5,5549.0,100.0
706GS2041, 27-Aug-2026,100.5,100.5,100.5,100.5,100.5,2001,2.01,3,2001.0,100.0
709GS2054, 27-Aug-2026,97.0,97.0,96.27,96.34,96.51,16223,15.66,16,15863.0,97.78
709GS2074, 27-Aug-2026,98.0,98.0,96.12,96.23,96.29,3966,3.83,9,3966.0,100.0
710GS2029, 27-Aug-2026,103.76,103.76,103.76,103.76,103.75,2000,2.08,3,2000.0,100.0
717GS2030, 27-Aug-2026,104.25,104.25,104.25,104.25,104.96,1000,1.04,1,1000.0,100.0
718GS2037, 27-Aug-2026,103.2,104.8,103.0,104.8,103.08,3352,3.45,6,3351.0,99.97
724GS2055, 27-Aug-2026,98.45,98.45,98.0,98.22,98.37,24767,24.34,43,24767.0,100.0
725GS2063, 27-Aug-2026,98.15,98.15,97.85,97.86,97.98,582181,569.79,306,560876.0,96.34
726GS2032, 27-Aug-2026,103.75,103.75,103.75,103.75,103.56,100,0.1,1,100.0,100.0
732GS2030, 27-Aug-2026,103.8,104.0,103.8,103.8,104.0,781,0.81,4,781.0,100.0
734GS2064, 27-Aug-2026,100.49,100.49,99.9,99.93,100.1,27795,27.8,48,25081.0,90.24
738GS2027, 27-Aug-2026,102.5,102.65,102.47,102.54,102.55,41880,42.94,28,36880.0,88.06
73GS2053, 27-Aug-2026,99.49,100.05,99.25,99.68,99.36,17896,17.86,23,17646.0,98.6
740IIFCL33, 27-Aug-2026,1151.58,1158.0,1151.58,1158.0,1151.0,451,5.21,5,351.0,77.83
741GS2036, 27-Aug-2026,105.6,105.6,105.5,105.5,105.0,3104,3.27,10,3104.0,100.0
743GS2076, 27-Aug-2026,100.0,100.95,100.0,100.2,100.03,27633,27.71,61,27633.0,100.0
746GS2073, 27-Aug-2026,101.99,101.99,101.01,101.94,101.45,103,0.1,5,101.0,98.06
74GS2062, 27-Aug-2026,103.99,104.0,103.99,104.0,103.99,12,0.01,2,6.0,50.0
750GS2056, 27-Aug-2026,100.6,103.0,100.6,101.2,101.5,5275,5.43,4,5275.0,100.0
754GS2036, 27-Aug-2026,106.96,107.09,106.86,107.06,106.93,320632,342.87,143,319832.0,99.75
771GS2066, 27-Aug-2026,105.89,105.89,104.5,104.76,105.77,6115,6.42,20,6111.0,99.93
897GS2030, 27-Aug-2026,112.0,112.0,112.0,112.0,112.02,2000,2.24,8,2000.0,100.0
92GS2030, 27-Aug-2026,115.0,115.0,113.2,113.2,114.99,2723,3.09,9,2723.0,100.0
A2ZINFRA, 27-Aug-2026,16.4,16.7,16.01,16.41,16.0,423268,69.83,602,355365.0,83.96
AAATECH, 27-Aug-2026,91.4,93.37,91.01,92.01,91.49,4547,4.19,130,3103.0,68.24
AADHARHFC, 27-Aug-2026,472.7,472.8,464.05,465.8,470.35,161831,754.02,14683,95107.0,58.77
AAKAAR, 27-Aug-2026,67.95,67.95,67.95,67.95,65.85,1600,1.09,1,1600.0,100.0
AAKASH, 27-Aug-2026,8.73,8.98,8.7,8.75,8.73,21147,1.85,215,16361.0,77.37
AARADHYA, 27-Aug-2026,65.0,65.0,65.0,65.0,65.0,1200,0.78,1,1200.0,100.0
AAREYDRUGS, 27-Aug-2026,83.49,84.78,80.02,84.78,80.75,192944,162.32,571,154988.0,80.33
AARON, 27-Aug-2026,136.08,139.9,134.81,135.71,136.08,10460,14.27,325,5904.0,56.44
AARTIDRUGS, 27-Aug-2026,419.95,423.0,413.9,417.9,418.0,81669,342.01,3674,39586.0,48.47
AARTIIND, 27-Aug-2026,542.95,543.0,534.55,538.9,542.95,531274,2857.36,16577,246617.0,46.42
AARTIPHARM, 27-Aug-2026,836.0,843.0,810.1,813.5,836.65,397741,3261.08,20879,196700.0,49.45
AARVI, 27-Aug-2026,150.59,151.93,144.01,145.07,150.04,11191,16.53,536,6636.0,59.3
AASTHA, 27-Aug-2026,88.37,88.37,88.36,88.36,80.34,2787093,2462.91,3220,1067640.0,38.31
AATMAJ, 27-Aug-2026,18.05,18.5,18.05,18.25,18.55,4000,0.73,2,2000.0,50.0
AAVAS, 27-Aug-2026,1279.4,1293.6,1257.9,1269.4,1285.8,349968,4450.65,41236,222800.0,63.66
ABANSENT, 27-Aug-2026,27.88,29.3,27.11,27.51,27.91,6608,1.85,132,5265.0,79.68
ABB, 27-Aug-2026,7600.0,7693.0,7490.0,7490.0,7609.0,189460,14318.69,21801,97181.0,51.29
ABBOTINDIA, 27-Aug-2026,26680.0,26695.0,26300.0,26350.0,26555.0,4712,1246.58,2279,2651.0,56.26
ABCAPITAL, 27-Aug-2026,410.0,413.1,408.1,410.0,410.0,1578229,6474.91,24311,821122.0,52.03
ABCOTS, 27-Aug-2026,209.9,209.9,203.1,204.5,205.36,7494,15.44,95,7106.0,94.82
ABDL, 27-Aug-2026,619.9,621.2,605.0,607.5,613.7,161808,990.01,7169,72759.0,44.97
ABFRL, 27-Aug-2026,54.53,54.8,53.47,53.64,54.52,3324887,1795.56,19123,1840398.0,55.35
ABGSEC, 27-Aug-2026,115.24,115.24,114.11,114.15,114.75,395,0.45,8,195.0,49.37
ABHAPOWER, 27-Aug-2026,23.8,24.0,23.0,24.0,24.0,19200,4.49,11,16000.0,83.33
ABLBL, 27-Aug-2026,86.04,86.49,85.05,85.22,86.04,297838,254.77,5519,212327.0,71.29
ABMKNO, 27-Aug-2026,187.1,193.0,182.01,187.21,186.39,1079,2.02,43,714.0,66.17
ABREL, 27-Aug-2026,1400.0,1404.9,1380.0,1393.4,1392.3,111296,1548.52,9157,44026.0,39.56
ABSL10BANK, 27-Aug-2026,172.04,172.51,169.24,170.07,171.96,7135,12.17,69,1592.0,22.31
ABSLAMC, 27-Aug-2026,1033.6,1054.9,1029.0,1046.5,1033.5,377907,3937.51,26186,223052.0,59.02
ABSLBANETF, 27-Aug-2026,59.36,59.46,59.0,59.06,59.31,20293,11.99,204,18082.0,89.1
ABSLLIQUID, 27-Aug-2026,1000.0,1000.01,1000.0,1000.0,1000.0,1654,16.54,20,1236.0,74.73
ABSLMSCIN, 27-Aug-2026,29.84,29.98,29.73,29.73,29.98,313,0.09,5,313.0,100.0
ABSLNN50ET, 27-Aug-2026,78.68,78.74,77.49,77.53,78.53,16412,12.81,179,9428.0,57.45
ABSLPSE, 27-Aug-2026,10.2,10.2,10.08,10.11,10.15,140364,14.19,449,130286.0,92.82
ABSMARINE, 27-Aug-2026,298.0,298.0,287.5,293.45,286.4,109500,320.8,167,107000.0,97.72
ACC, 27-Aug-2026,1330.0,1335.0,1310.0,1310.6,1331.7,67738,892.93,7360,33844.0,49.96
ACCELYA, 27-Aug-2026,1142.0,1145.1,1128.1,1134.9,1131.8,4730,53.69,567,2276.0,48.12
ACCENTMIC, 27-Aug-2026,599.0,599.0,584.05,592.1,593.75,37500,221.3,57,27000.0,72.0
ACCPL, 27-Aug-2026,200.0,200.0,199.55,199.55,200.8,3600,7.19,2,3600.0,100.0
ACE, 27-Aug-2026,1164.3,1184.0,1128.2,1136.0,1159.0,388332,4506.61,23015,176353.0,45.41
ACEINTEG, 27-Aug-2026,18.16,18.16,17.11,17.38,17.72,1130,0.2,44,954.0,84.42
ACGL, 27-Aug-2026,1801.9,1807.0,1790.1,1805.3,1802.9,378,6.8,64,327.0,86.51
ACI, 27-Aug-2026,490.0,490.3,482.3,483.95,489.9,346464,1683.15,16678,242080.0,69.87
ACL, 27-Aug-2026,44.95,45.0,43.75,44.06,44.38,16516,7.33,285,12473.0,75.52
ACMESOLAR, 27-Aug-2026,395.85,400.95,376.3,386.3,395.95,1572541,6163.6,33376,746168.0,47.45
ACUTAAS, 27-Aug-2026,3258.0,3341.0,3257.0,3329.2,3257.8,128415,4260.46,21470,59937.0,46.67
ADANIENSOL, 27-Aug-2026,1590.0,1617.7,1581.9,1617.0,1570.5,4514708,72506.56,100862,2658848.0,58.89
ADANIENT, 27-Aug-2026,3125.0,3169.0,3125.0,3169.0,3112.0,1793570,56539.09,101611,1015758.0,56.63
ADANIGREEN, 27-Aug-2026,1309.9,1328.5,1302.1,1328.5,1303.2,811100,10683.58,26492,237284.0,29.25
ADANIPORTS, 27-Aug-2026,1703.0,1719.0,1691.2,1714.0,1691.5,2044450,34874.83,113610,1199141.0,58.65
ADANIPOWER, 27-Aug-2026,209.15,217.4,207.3,215.0,207.2,70024737,148950.04,218917,28760551.0,41.07
ADDICTIVE, 27-Aug-2026,48.0,48.0,45.55,45.55,47.9,3500,1.61,6,3000.0,85.71
ADDIND, 27-Aug-2026,82.66,90.0,80.0,86.7,82.66,800,0.68,25,644.0,80.5
ADFFOODS, 27-Aug-2026,280.7,280.7,272.05,273.8,280.7,73656,202.62,2495,27717.0,37.63
ADISOFT, 27-Aug-2026,205.1,213.0,202.95,204.85,205.95,41600,86.42,31,34400.0,82.69
ADL, 27-Aug-2026,72.45,72.45,70.45,70.91,72.47,369,0.27,22,325.0,88.08
ADOR, 27-Aug-2026,1529.0,1579.0,1529.0,1541.9,1531.2,73103,1133.24,6726,37456.0,51.24
ADROITINFO, 27-Aug-2026,10.31,10.5,10.03,10.4,10.19,24530,2.54,124,19340.0,78.84
ADSL, 27-Aug-2026,109.7,109.79,107.0,107.53,109.48,76892,83.32,1663,36628.0,47.64
ADVAIT, 27-Aug-2026,2147.7,2151.2,2105.7,2114.7,2147.7,28614,606.43,3939,13230.0,46.24
ADVANCE, 27-Aug-2026,123.2,123.2,119.89,120.32,122.58,66356,80.18,1091,40858.0,61.57
ADVANIHOTR, 27-Aug-2026,49.81,50.81,49.26,49.92,49.88,8560,4.27,209,5280.0,61.68
ADVENTHTL, 27-Aug-2026,139.0,142.5,138.0,140.52,138.48,214699,300.93,2299,130244.0,60.66
ADVENZYMES, 27-Aug-2026,297.8,300.65,295.7,297.6,297.2,202752,603.99,4123,118292.0,58.34
ADVIKCA, 27-Aug-2026,1.19,1.21,1.18,1.19,1.19,199252,2.38,168,156151.0,78.37
AEGISLOG, 27-Aug-2026,1333.0,1333.2,1291.1,1298.0,1331.7,411156,5358.72,22608,173646.0,42.23
AEGISVOPAK, 27-Aug-2026,264.15,267.2,258.3,263.5,264.15,852910,2238.57,19839,358056.0,41.98
AEPL, 27-Aug-2026,15.55,15.55,14.66,15.39,15.1,12516,1.88,149,8395.0,67.07
AEQUS, 27-Aug-2026,251.0,251.4,245.0,246.66,251.66,1923847,4769.14,25258,998407.0,51.9
AEROENTER, 27-Aug-2026,145.45,147.0,141.01,142.66,143.64,1011094,1453.9,10003,338158.0,33.44
AEROFLEX, 27-Aug-2026,536.8,539.2,515.3,522.1,536.35,1111371,5876.22,26704,425001.0,38.24
AERON, 27-Aug-2026,71.55,72.25,71.15,71.15,73.75,9000,6.46,8,6000.0,66.67
AERONEU, 27-Aug-2026,82.15,84.49,80.31,81.88,82.14,26169,21.59,274,8704.0,33.26
AEROPLANE, 27-Aug-2026,175.25,176.17,170.05,171.41,174.99,231566,398.8,3437,117355.0,50.68
AESTHETIK, 27-Aug-2026,71.7,72.0,71.7,72.0,71.75,16000,11.5,10,10000.0,62.5
AETHER, 27-Aug-2026,1655.0,1696.1,1638.8,1677.3,1655.0,200314,3357.26,29149,87691.0,43.78
AFCONS, 27-Aug-2026,284.0,288.8,284.0,285.05,285.05,250467,716.41,7488,129762.0,51.81
AFFLE, 27-Aug-2026,1686.8,1699.5,1641.1,1650.3,1686.8,169829,2805.77,17014,105367.0,62.04
AFIL, 27-Aug-2026,9.89,9.89,9.41,9.42,9.5,259544,24.65,422,180205.0,69.43
AFSL, 27-Aug-2026,201.88,202.4,201.12,202.04,201.0,3110,6.28,82,2699.0,86.78
AGARIND, 27-Aug-2026,467.25,474.4,464.0,465.5,470.2,22604,105.81,1169,12818.0,56.71
AGARWALEYE, 27-Aug-2026,497.55,501.7,493.55,496.65,498.55,857671,4276.02,29527,604648.0,70.5
AGARWALFT, 27-Aug-2026,31.6,31.6,31.6,31.6,33.25,3000,0.95,2,3000.0,100.0
AGARWALTUF, 27-Aug-2026,141.75,143.15,139.0,140.8,141.75,22800,32.13,16,15600.0,68.42
AGI, 27-Aug-2026,747.0,752.0,735.1,737.7,744.5,74008,547.64,3647,44328.0,59.9
AGIIL, 27-Aug-2026,287.65,295.1,286.1,288.8,287.9,1434025,4157.99,12105,327888.0,22.86
AGL, 27-Aug-2026,14.22,14.85,14.22,14.34,14.32,2786057,405.49,5799,1366382.0,49.04
AGNI, 27-Aug-2026,15.5,15.5,15.5,15.5,14.8,10000,1.55,4,10000.0,100.0
AGRITECH, 27-Aug-2026,103.36,104.89,101.0,101.11,103.36,2765,2.81,88,2214.0,80.07
AGROPHOS, 27-Aug-2026,26.02,27.7,26.02,27.04,26.75,13621,3.65,151,10024.0,73.59
AGUL, 27-Aug-2026,48.45,48.45,48.45,48.45,51.0,4000,1.94,2,2000.0,50.0
AHCL, 27-Aug-2026,15.1,15.8,15.1,15.6,15.11,4430962,688.43,5537,1818040.0,41.03
AHLADA, 27-Aug-2026,38.69,39.0,37.21,38.47,37.95,16187,6.17,123,12932.0,79.89
AHLEAST, 27-Aug-2026,139.5,139.51,135.0,136.73,138.66,1870,2.56,50,1076.0,57.54
AHLUCONT, 27-Aug-2026,635.1,643.8,630.0,636.6,635.1,200044,1277.8,9892,134390.0,67.18
AIAENG, 27-Aug-2026,4288.0,4300.0,4223.0,4232.3,4235.5,21571,917.33,6006,12007.0,55.66
AIIL, 27-Aug-2026,561.6,567.3,550.3,553.9,561.6,136961,761.98,9876,63096.0,46.07
AILIMITED, 27-Aug-2026,17.9,18.0,17.9,18.0,17.15,6000,1.08,2,6000.0,100.0
AIMTRON, 27-Aug-2026,1668.9,1677.95,1640.0,1647.15,1648.85,26600,438.82,118,21800.0,81.95
AIRAN, 27-Aug-2026,14.86,16.56,14.18,14.81,14.9,187645,28.76,563,100744.0,53.69
AIROLAM, 27-Aug-2026,89.7,89.7,85.0,87.5,87.99,3549,3.08,113,2648.0,74.61
AISL, 27-Aug-2026,52.35,57.0,52.35,56.6,55.1,2400,1.31,4,1200.0,50.0
AJANTPHARM, 27-Aug-2026,3574.8,3574.8,3513.1,3543.6,3551.8,49671,1756.72,13549,30575.0,61.56
AJAXENGG, 27-Aug-2026,581.5,582.5,575.05,579.1,581.5,50817,294.22,5574,29494.0,58.04
AJMERA, 27-Aug-2026,118.0,119.74,115.73,116.98,117.86,402148,474.02,3463,188263.0,46.81
AJOONI, 27-Aug-2026,3.94,3.95,3.78,3.79,3.89,222938,8.58,391,209137.0,93.81
AKANKSHA, 27-Aug-2026,129.1,129.1,124.4,124.5,130.9,23000,29.11,18,15000.0,65.22
AKASH, 27-Aug-2026,24.16,25.15,24.16,24.31,24.63,1980,0.49,29,1496.0,75.56
AKCAPIT, 27-Aug-2026,1761.7,1761.7,1685.0,1686.2,1717.6,1302,22.07,161,1032.0,79.26
AKG, 27-Aug-2026,9.98,9.98,9.08,9.24,9.58,32487,3.02,312,18165.0,55.91
AKI, 27-Aug-2026,4.2,4.24,4.08,4.2,4.16,244846,10.21,496,173629.0,70.91
AKIKO, 27-Aug-2026,400.05,411.6,399.95,409.8,412.0,12000,48.43,14,9600.0,80.0
AKSHAR, 27-Aug-2026,0.43,0.44,0.42,0.42,0.42,1041592,4.41,258,705983.0,67.78
AKUMS, 27-Aug-2026,769.0,778.05,760.0,761.2,766.1,359949,2757.52,17844,201182.0,55.89
ALANKIT, 27-Aug-2026,8.25,8.25,7.71,7.91,8.06,66759,5.36,449,49864.0,74.69
ALBERTDAVD, 27-Aug-2026,869.9,899.0,861.0,890.25,869.7,8084,71.6,805,5799.0,71.73
ALCODIS, 27-Aug-2026,69.0,69.0,69.0,69.0,69.0,5625,3.88,1,5625.0,100.0
ALEMBICLTD, 27-Aug-2026,99.0,104.45,97.85,102.77,98.7,2895906,2968.65,21355,1220288.0,42.14
ALFREDHE, 27-Aug-2026,2900.9,3000.0,2900.9,2910.8,2901.8,16,0.47,5,15.0,93.75
ALGOQUANT, 27-Aug-2026,65.05,66.79,64.38,64.88,64.98,1270299,823.7,4889,245576.0,19.33
ALICON, 27-Aug-2026,691.65,694.95,676.55,683.65,691.65,23794,162.45,1612,15186.0,63.82
ALIVUS, 27-Aug-2026,1362.9,1400.0,1353.1,1358.2,1360.8,60525,829.67,7495,32819.0,54.22
ALKEM, 27-Aug-2026,5323.5,5358.5,5297.5,5320.0,5303.5,166838,8880.67,18558,123018.0,73.74
ALKYLAMINE, 27-Aug-2026,2083.0,2089.4,2026.7,2045.0,2089.6,59466,1225.81,11361,22950.0,38.59
ALLCARGO, 27-Aug-2026,13.01,13.16,12.4,12.57,13.32,23868911,3044.45,21811,7649054.0,32.05
ALLDIGI, 27-Aug-2026,819.3,819.3,795.5,797.2,815.2,16931,135.55,949,10399.0,61.42
ALLETEC, 27-Aug-2026,119.2,120.5,116.55,116.95,120.7,28000,33.12,57,26800.0,95.71
ALLTIME, 27-Aug-2026,206.18,208.6,202.0,206.36,206.18,114814,235.65,4362,57100.0,49.73
ALMONDZ, 27-Aug-2026,14.55,16.5,14.55,16.15,14.74,774942,122.32,1332,580358.0,74.89
ALOKINDS, 27-Aug-2026,11.35,11.35,9.55,10.43,11.28,60004535,6205.0,70916,17890238.0,29.81
ALPA, 27-Aug-2026,62.8,62.8,60.61,61.18,61.45,7422,4.56,201,4182.0,56.35
ALPEXSOLAR, 27-Aug-2026,875.0,879.85,852.0,861.2,875.1,20500,176.72,164,14800.0,72.2
ALPHA, 27-Aug-2026,55.35,55.59,55.0,55.08,55.2,1201572,662.54,3022,759559.0,63.21
ALPHAETF, 27-Aug-2026,27.42,27.61,27.31,27.4,27.42,1641056,449.96,893,1384886.0,84.39
ALPINETEX, 27-Aug-2026,56.08,56.49,55.35,55.67,55.77,124399,69.52,1468,65660.0,52.78
ALPL30IETF, 27-Aug-2026,27.96,28.41,27.78,28.04,28.12,189711,53.25,783,113395.0,59.77
ALUFLUOR, 27-Aug-2026,454.1,467.1,454.0,458.5,453.8,3929,18.04,191,2946.0,74.98
ALUWIND, 27-Aug-2026,48.25,49.5,48.25,48.35,50.2,7500,3.65,5,7500.0,100.0
AMAGI, 27-Aug-2026,585.95,590.3,575.55,578.45,583.9,171810,998.26,6676,78477.0,45.68
AMAL, 27-Aug-2026,745.85,751.95,738.05,741.3,745.85,4782,35.54,380,3392.0,70.93
AMARJOTHI, 27-Aug-2026,160.5,160.5,159.0,160.0,160.5,153,0.25,10,152.0,99.35
AMBAAUTO, 27-Aug-2026,113.95,117.8,113.5,115.2,113.95,126000,144.7,14,122000.0,96.83
AMBANIORGO, 27-Aug-2026,110.0,110.0,110.0,110.0,110.1,1000,1.1,1,1000.0,100.0
AMBER, 27-Aug-2026,7466.0,7760.0,7465.5,7701.0,7466.0,610657,46957.77,60299,209987.0,34.39
AMBICAAGAR, 27-Aug-2026,24.46,27.49,24.46,24.97,24.98,920,0.23,35,662.0,71.96
AMBIKCO, 27-Aug-2026,1651.9,1651.9,1628.0,1636.7,1639.2,5586,91.56,778,2948.0,52.77
AMBUJACEM, 27-Aug-2026,420.0,422.5,411.05,411.05,419.2,1071242,4451.54,19458,456892.0,42.65
AMCL, 27-Aug-2026,359.0,372.85,350.0,368.0,358.0,19200,67.75,16,16800.0,87.5
AMDIND, 27-Aug-2026,52.51,54.5,52.41,53.33,52.59,17333,9.25,194,10841.0,62.55
AMJLAND, 27-Aug-2026,38.68,39.43,38.68,39.22,38.68,9682,3.78,74,8531.0,88.11
AMNPLST, 27-Aug-2026,193.07,193.07,184.0,186.81,189.28,2281,4.25,97,1964.0,86.1
AMRUTANJAN, 27-Aug-2026,527.0,527.75,506.55,517.05,527.75,93176,480.92,4812,47405.0,50.88
ANANDRATHI, 27-Aug-2026,2191.0,2195.0,2169.2,2182.9,2179.4,124936,2725.64,15232,73446.0,58.79
ANANTAM, 27-Aug-2026,105.1,105.1,104.75,104.99,104.94,23527,24.7,160,23319.0,99.12
ANANTRAJ, 27-Aug-2026,608.7,610.75,603.0,605.25,606.35,823699,4998.17,21730,353604.0,42.93
ANAWIL, 27-Aug-2026,425.3,438.0,420.0,421.2,427.65,154800,661.61,346,86400.0,55.81
ANDHRAPAP, 27-Aug-2026,60.46,60.99,59.81,60.11,60.46,129859,78.47,2083,80503.0,61.99
ANDHRSUGAR, 27-Aug-2026,99.0,99.49,95.0,95.45,99.02,434209,419.68,4457,208294.0,47.97
ANDREWYU, 27-Aug-2026,28.65,29.62,27.56,27.99,29.44,278374,79.33,926,186970.0,67.17
ANGELONE, 27-Aug-2026,298.85,300.2,294.9,295.9,298.85,3766886,11208.77,37546,1535401.0,40.76
ANIKINDS, 27-Aug-2026,47.4,47.7,46.5,46.5,47.21,5680,2.65,35,5315.0,93.57
ANLON, 27-Aug-2026,644.0,647.0,637.1,640.1,640.0,2400,15.41,6,2000.0,83.33
ANMOL, 27-Aug-2026,10.16,10.16,9.67,9.99,10.03,15057,1.49,124,10844.0,72.02
ANNAPURNA, 27-Aug-2026,150.85,152.7,144.35,146.4,148.85,46443,68.56,779,31014.0,66.78
ANONDITA, 27-Aug-2026,1038.2,1041.0,1015.0,1023.8,1043.7,27400,281.35,126,18400.0,67.15
ANSALBU, 27-Aug-2026,73.5,85.69,72.01,85.69,72.01,263,0.2,4,262.0,99.62
ANTELOPUS, 27-Aug-2026,787.0,793.85,778.0,781.2,792.05,46134,360.68,2412,28025.0,60.75
ANTGRAPHIC, 27-Aug-2026,0.73,0.74,0.72,0.72,0.73,54840,0.4,105,51552.0,94.0
ANTHEM, 27-Aug-2026,928.0,942.6,918.65,924.6,923.05,1211725,11279.77,75848,645769.0,53.29
ANUHPHR, 27-Aug-2026,79.97,84.39,78.45,83.58,79.02,339632,279.38,3914,202282.0,59.56
ANUP, 27-Aug-2026,1782.0,1819.7,1775.6,1801.3,1786.2,31913,574.89,3852,13374.0,41.91
ANURAS, 27-Aug-2026,1265.5,1270.0,1256.0,1259.8,1267.6,136325,1721.82,5319,102090.0,74.89
ANYA, 27-Aug-2026,14.9,15.2,14.9,15.2,14.8,10000,1.51,2,10000.0,100.0
AONEGOLD, 27-Aug-2026,15.05,15.05,14.47,14.65,14.9,1592797,233.25,1884,463322.0,29.09
AONELIQUID, 27-Aug-2026,1074.34,1074.34,1074.32,1074.32,1074.19,6798,73.03,89,4166.0,61.28
AONENIFTY, 27-Aug-2026,10.28,10.28,9.93,9.96,10.03,135846,13.58,1076,108628.0,79.96
AONESILVER, 27-Aug-2026,9.24,9.24,8.97,9.04,9.18,759233,68.72,1377,334313.0,44.03
AONETMMQ50, 27-Aug-2026,10.58,10.58,10.4,10.43,10.41,122907,12.83,250,96825.0,78.78
AONETOTAL, 27-Aug-2026,12.11,12.12,12.01,12.02,12.05,261393,31.5,1113,116765.0,44.67
APARINDS, 27-Aug-2026,17190.0,18075.0,17189.0,17900.0,17063.0,214866,38193.07,53053,59299.0,27.6
APCL, 27-Aug-2026,104.5,104.5,101.0,101.16,101.97,2129,2.16,86,1645.0,77.27
APCOTEXIND, 27-Aug-2026,615.0,622.0,608.0,611.65,611.25,84346,518.68,3663,41527.0,49.23
APEX, 27-Aug-2026,385.5,390.0,381.0,383.45,382.5,129470,497.73,4429,45565.0,35.19
APEXECO, 27-Aug-2026,243.0,247.25,242.0,242.0,242.25,4800,11.75,6,4800.0,100.0
APLAPOLLO, 27-Aug-2026,2159.0,2235.2,2154.9,2188.0,2159.0,1061660,23350.7,49137,455669.0,42.92
APLLTD, 27-Aug-2026,825.0,848.95,816.1,824.0,824.8,285845,2364.87,14456,125761.0,44.0
APOLLO, 27-Aug-2026,386.0,392.45,385.8,386.35,388.0,4108063,15970.94,25838,1395472.0,33.97
APOLLOHOSP, 27-Aug-2026,8849.0,8868.0,8758.5,8800.0,8766.5,270047,23752.48,20713,165637.0,61.34
APOLLOPIPE, 27-Aug-2026,646.95,667.65,635.7,638.55,653.1,243918,1581.86,9654,83627.0,34.28
APOLLOTYRE, 27-Aug-2026,445.15,448.0,439.35,443.25,443.05,538426,2386.19,19986,223812.0,41.57
APOLSINHOT, 27-Aug-2026,1195.2,1260.4,1151.0,1235.3,1190.7,2414,29.44,309,1497.0,62.01
APRAMEYA, 27-Aug-2026,132.05,132.05,125.0,126.0,133.0,15000,19.4,19,12000.0,80.0
APS, 27-Aug-2026,249.0,258.0,247.0,256.95,249.5,14500,36.58,54,10000.0,68.97
APSISAERO, 27-Aug-2026,545.4,545.4,545.4,545.4,534.75,9600,52.36,6,9600.0,100.0
APTUS, 27-Aug-2026,258.5,259.75,255.1,256.45,258.5,903961,2323.05,18614,664584.0,73.52
AQYLON, 27-Aug-2026,23.26,25.1,22.83,23.27,23.95,4774267,1143.66,14402,2381456.0,49.88
ARCHIDPLY, 27-Aug-2026,114.95,114.99,102.26,103.04,112.94,113517,119.87,1843,56994.0,50.21
ARCHIES, 27-Aug-2026,13.9,13.9,13.35,13.4,13.51,12809,1.74,51,11854.0,92.54
ARCIIL, 27-Aug-2026,35.5,37.2,35.5,36.85,36.85,23000,8.47,10,22000.0,95.65
ARCL, 27-Aug-2026,234.45,234.45,223.0,232.0,228.0,161,0.36,13,161.0,100.0
ARDEE, 27-Aug-2026,55.95,60.49,55.95,59.28,55.92,8140152,4753.67,30912,2398816.0,29.47
ARE&M, 27-Aug-2026,920.5,926.35,910.1,911.9,920.75,342311,3131.82,19672,158737.0,46.37
ARENTERP, 27-Aug-2026,36.0,37.29,35.2,37.29,36.49,658,0.24,22,442.0,67.17
ARFIN, 27-Aug-2026,84.25,85.77,84.05,85.4,84.21,942597,797.02,2075,61415.0,6.52
ARHAM, 27-Aug-2026,215.0,215.0,210.0,211.75,214.15,11000,23.41,11,7000.0,63.64
ARIES, 27-Aug-2026,492.6,510.0,488.1,490.65,503.7,151168,753.41,6853,50700.0,33.54
ARIHANT, 27-Aug-2026,970.0,1009.9,945.3,974.8,973.3,11973,117.71,747,9114.0,76.12
ARIHANTACA, 27-Aug-2026,449.95,449.95,449.95,449.95,435.0,800,3.6,2,400.0,50.0
ARIHANTCAP, 27-Aug-2026,79.86,80.66,78.35,78.62,79.91,150781,119.69,992,84463.0,56.02
ARIHANTSUP, 27-Aug-2026,263.9,269.7,259.45,261.5,259.45,7478,19.83,336,3175.0,42.46
ARIS, 27-Aug-2026,149.04,150.7,143.25,143.89,147.96,1780386,2618.17,12051,843513.0,47.38
ARISTO, 27-Aug-2026,108.0,108.0,107.0,107.0,108.0,1600,1.72,2,1600.0,100.0
ARKADE, 27-Aug-2026,128.49,129.75,127.11,127.25,128.02,166111,212.37,1635,33687.0,20.28
ARMANFIN, 27-Aug-2026,1975.0,1979.9,1955.0,1967.1,1977.8,25618,504.27,4634,14664.0,57.24
ARMOUR, 27-Aug-2026,18.15,18.15,18.1,18.1,18.85,6000,1.09,3,6000.0,100.0
AROGRANITE, 27-Aug-2026,25.49,25.75,24.75,25.59,25.49,8920,2.28,86,6325.0,70.91
ARSSBL, 27-Aug-2026,529.7,529.7,515.0,517.05,526.3,77288,401.63,2758,42775.0,55.34
ARTEMISMED, 27-Aug-2026,322.95,325.9,315.5,316.95,323.5,228372,730.13,8971,118943.0,52.08
ARUNAYA, 27-Aug-2026,14.85,14.85,14.3,14.3,14.9,6000,0.87,3,6000.0,100.0
ARVEE, 27-Aug-2026,174.0,174.4,164.25,170.59,174.8,3030,5.15,135,1942.0,64.09
ARVIND, 27-Aug-2026,539.0,546.7,532.9,540.95,541.95,651136,3526.86,28510,290297.0,44.58
ARVINDFASN, 27-Aug-2026,445.0,451.05,437.05,449.4,443.5,137480,613.12,11741,84539.0,61.49
ARVINDPORT, 27-Aug-2026,31.05,32.45,31.05,32.45,32.1,15000,4.76,10,13500.0,90.0
ARVSMART, 27-Aug-2026,671.0,677.95,648.6,652.65,670.7,123741,813.29,4088,67705.0,54.72
ARYAMAN, 27-Aug-2026,625.0,625.0,625.0,625.0,625.0,1,0.01,1,1.0,100.0
ASAHIINDIA, 27-Aug-2026,950.1,961.9,941.15,951.25,951.15,91523,872.04,10156,43493.0,47.52
ASAL, 27-Aug-2026,489.05,495.0,485.7,488.45,489.3,14769,72.29,815,7090.0,48.01
ASALCBR, 27-Aug-2026,732.25,732.45,711.85,716.4,727.95,13921,100.13,1271,9489.0,68.16
ASCOM, 27-Aug-2026,210.9,210.9,210.9,210.9,221.95,500,1.05,1,500.0,100.0
ASHALOG, 27-Aug-2026,64.95,66.0,64.95,64.95,63.0,4000,2.61,4,4000.0,100.0
ASHAPURMIN, 27-Aug-2026,591.0,596.65,575.0,578.05,592.45,327118,1910.66,12486,149313.0,45.64
ASHIANA, 27-Aug-2026,368.7,369.45,364.5,365.55,368.7,15013,55.13,511,9322.0,62.09
ASHIMASYN, 27-Aug-2026,17.95,19.7,17.95,18.87,18.12,263967,50.27,1088,129755.0,49.16
ASHOKA, 27-Aug-2026,113.7,114.86,112.8,113.05,114.07,305638,347.63,3524,177755.0,58.16
ASHOKAMET, 27-Aug-2026,13.55,13.58,13.0,13.51,13.5,12184,1.62,111,7261.0,59.59
ASHOKLEY, 27-Aug-2026,180.6,181.84,176.79,177.4,179.05,14150948,25187.49,68341,6467491.0,45.7
ASIANENE, 27-Aug-2026,480.0,498.0,476.2,492.7,478.55,539333,2646.11,13158,254480.0,47.18
ASIANHOTNR, 27-Aug-2026,308.35,314.4,305.0,312.05,306.7,101028,311.4,685,96821.0,95.84
ASIANPAINT, 27-Aug-2026,2637.9,2655.9,2627.9,2631.0,2626.5,525106,13871.56,45120,287207.0,54.7
ASIANTILES, 27-Aug-2026,47.0,47.55,46.77,47.02,46.72,3539428,1665.04,4056,2105295.0,59.48
ASIANTNE, 27-Aug-2026,9.38,9.74,9.32,9.65,9.57,4657,0.45,50,2965.0,63.67
ASKAUTOLTD, 27-Aug-2026,620.9,620.9,603.1,606.05,617.0,116536,711.43,9891,58320.0,50.04
ASPINWALL, 27-Aug-2026,259.92,269.06,258.0,261.26,259.15,3080,8.09,108,2763.0,89.71
ASTEC, 27-Aug-2026,594.05,596.75,583.8,585.9,593.5,13787,81.24,1071,9041.0,65.58
ASTERDM, 27-Aug-2026,762.5,762.5,751.0,754.8,762.1,1730822,13088.48,69176,1026668.0,59.32
ASTRAL, 27-Aug-2026,1526.1,1547.5,1521.3,1529.2,1526.1,346093,5306.81,27263,183047.0,52.89
ASTRAMICRO, 27-Aug-2026,1707.1,1715.0,1680.7,1687.5,1698.7,128292,2176.87,10280,62260.0,48.53
ASTRAZEN, 27-Aug-2026,7170.0,7200.0,7070.0,7136.0,7153.0,6394,456.35,2072,3439.0,53.78
ATALREAL, 27-Aug-2026,34.6,36.14,34.6,35.13,34.6,16250514,5762.11,10903,2197365.0,13.52
ATAM, 27-Aug-2026,57.8,57.8,56.13,56.51,56.79,5973,3.39,175,4453.0,74.55
ATCENERGY, 27-Aug-2026,22.4,22.4,22.4,22.4,22.0,1200,0.27,1,1200.0,100.0
ATGL, 27-Aug-2026,643.0,647.25,639.05,645.35,643.7,734229,4721.06,23408,203467.0,27.71
ATHERENERG, 27-Aug-2026,1485.0,1513.0,1472.3,1495.3,1494.6,2754306,41232.45,68604,1262870.0,45.85
ATL, 27-Aug-2026,26.71,27.37,26.1,26.25,26.71,123304,32.84,960,82977.0,67.29
ATLANTAA, 27-Aug-2026,37.99,38.0,37.0,37.64,37.41,20034,7.5,330,13226.0,66.02
ATLANTAELE, 27-Aug-2026,1725.9,1725.9,1668.0,1674.9,1725.1,96691,1634.43,11280,55850.0,57.76
ATLASCYCLE, 27-Aug-2026,95.61,97.1,95.61,96.28,96.63,1180,1.14,39,1142.0,96.78
ATLPP, 27-Aug-2026,10.45,10.5,9.05,9.66,9.19,39021,3.93,459,14499.0,37.16
ATMASTCO, 27-Aug-2026,146.25,146.25,137.65,139.7,143.15,26000,36.62,41,21600.0,83.08
ATUL, 27-Aug-2026,6568.0,6602.0,6481.0,6585.0,6526.0,38284,2506.91,11468,21157.0,55.26
ATULAUTO, 27-Aug-2026,487.9,491.9,480.0,481.15,487.5,64301,310.21,2512,36363.0,56.55
AUBANK, 27-Aug-2026,1117.4,1126.8,1088.0,1091.0,1113.5,898558,9885.75,37515,296735.0,33.02
AURIONPRO, 27-Aug-2026,701.05,703.5,685.0,688.0,700.7,178058,1230.96,11585,117029.0,65.73
AUROIMPEX, 27-Aug-2026,25.0,25.15,23.75,24.15,25.0,19200,4.65,12,12800.0,66.67
AUROPHARMA, 27-Aug-2026,1623.5,1637.0,1605.7,1637.0,1623.0,717677,11640.42,27841,415100.0,57.84
AURUM, 27-Aug-2026,233.43,233.43,226.25,228.45,233.43,112758,258.26,2266,56292.0,49.92
AURUS, 27-Aug-2026,4.55,4.61,4.55,4.57,4.61,4322,0.2,136,3783.0,87.53
AUSOMENT, 27-Aug-2026,145.55,149.0,142.11,147.25,146.1,13834,20.28,98,10105.0,73.04
AUSTENG, 27-Aug-2026,134.0,134.0,118.6,121.01,124.01,5096,6.23,181,3414.0,66.99
AUTOAXLES, 27-Aug-2026,1745.0,1774.5,1714.2,1723.6,1745.4,2849,49.24,842,1391.0,48.82
AUTOBEES, 27-Aug-2026,304.12,304.12,298.25,298.96,301.11,175906,525.9,2952,89925.0,51.12
AUTOIETF, 27-Aug-2026,30.3,31.0,29.61,29.99,30.21,356150,106.81,2025,138588.0,38.91
AUTOIND, 27-Aug-2026,90.8,91.6,88.0,89.02,88.99,194083,175.65,1089,118167.0,60.88
AVADHSUGAR, 27-Aug-2026,813.8,822.25,790.05,804.55,813.7,136563,1098.08,5922,57597.0,42.18
AVALON, 27-Aug-2026,2222.2,2280.0,2222.2,2256.6,2226.4,281157,6347.2,26917,95072.0,33.81
AVANA, 27-Aug-2026,149.0,149.0,147.5,147.5,149.9,4000,5.93,2,4000.0,100.0
AVANCE, 27-Aug-2026,0.89,0.9,0.87,0.87,0.89,5152468,45.37,1338,2907583.0,56.43
AVANTEL, 27-Aug-2026,156.83,159.34,156.31,158.05,156.94,534686,844.27,6105,183610.0,34.34
AVANTIFEED, 27-Aug-2026,839.0,858.8,836.95,844.45,839.6,249143,2110.49,14451,104971.0,42.13
AVIANSH, 27-Aug-2026,103.5,104.0,103.5,104.0,103.0,4000,4.16,3,4000.0,100.0
AVIENCE, 27-Aug-2026,277.0,280.95,270.0,270.65,275.1,20400,56.33,34,13200.0,64.71
AVL, 27-Aug-2026,589.0,599.0,585.35,592.3,585.6,179649,1065.29,11586,116723.0,64.97
AVONMORE, 27-Aug-2026,14.2,14.44,13.5,13.68,13.97,135197,18.59,592,89216.0,65.99
AVPINFRA, 27-Aug-2026,61.45,62.3,58.5,58.9,61.35,42400,25.44,47,20800.0,49.06
AVROIND, 27-Aug-2026,9.3,9.43,9.01,9.29,9.17,236902,21.97,626,180174.0,76.05
AVTNPL, 27-Aug-2026,86.8,89.5,83.9,85.64,86.95,261183,224.97,2586,129966.0,49.76
AWFIS, 27-Aug-2026,269.9,269.9,255.8,257.65,268.35,365185,950.26,9492,214526.0,58.74
AWHCL, 27-Aug-2026,383.05,392.0,383.05,389.2,384.5,85317,330.85,4016,33188.0,38.9
AWL, 27-Aug-2026,202.0,203.88,198.12,199.74,201.9,3440924,6895.66,38199,1641349.0,47.7
AXISBANK, 27-Aug-2026,1260.0,1268.7,1251.4,1256.0,1255.0,7005789,88230.37,155243,4959803.0,70.8
AXISCADES, 27-Aug-2026,1615.0,1620.9,1590.0,1612.9,1606.7,78410,1259.82,8284,39506.0,50.38
AXITA, 27-Aug-2026,8.09,8.11,7.8,7.98,8.05,2141370,171.27,1055,1732686.0,80.91
AXTEL, 27-Aug-2026,408.3,415.0,390.0,403.85,406.3,5613,22.65,237,3969.0,70.71
AYE, 27-Aug-2026,172.99,183.0,169.68,181.54,176.65,13672393,24309.37,72753,4039423.0,29.54
AYMSYNTEX, 27-Aug-2026,253.9,257.45,249.1,250.25,254.95,9859,24.85,340,3965.0,40.22
AZAD, 27-Aug-2026,2838.0,2838.0,2785.0,2802.4,2825.5,202086,5674.96,19158,81933.0,40.54
AZADIND, 27-Aug-2026,92.0,98.9,89.95,96.8,90.03,11894,11.38,190,2965.0,24.93
BABAFP, 27-Aug-2026,22.4,22.4,22.4,22.4,22.4,3200,0.72,2,3200.0,100.0
BAGDIGITAL, 27-Aug-2026,108.7,108.8,105.1,105.1,104.7,17600,19.01,11,1600.0,9.09
BAGFILMS, 27-Aug-2026,4.45,4.54,4.36,4.44,4.45,76241,3.4,171,42231.0,55.39
BAGMANE, 27-Aug-2026,107.0,107.44,106.36,106.44,106.97,221633,236.49,7303,171230.0,77.26
BAHETI, 27-Aug-2026,841.0,844.0,832.25,835.4,831.95,15000,125.42,31,9750.0,65.0
BAIDFIN, 27-Aug-2026,9.79,9.88,9.69,9.76,9.79,117995,11.55,203,105695.0,89.58
BAJAJ-AUTO, 27-Aug-2026,11750.0,11822.0,11618.0,11720.0,11724.0,221294,25855.07,37181,129604.0,58.57
BAJAJCON, 27-Aug-2026,461.9,466.5,447.85,450.6,463.5,843825,3818.68,21349,549161.0,65.08
BAJAJELEC, 27-Aug-2026,340.6,342.6,333.7,334.8,340.6,100898,340.33,5055,51885.0,51.42
BAJAJFINSV, 27-Aug-2026,2001.1,2026.6,1997.5,2011.0,2010.0,526392,10558.42,71573,300033.0,57.0
BAJAJHCARE, 27-Aug-2026,323.7,327.4,318.1,320.9,326.45,80183,258.8,2482,35249.0,43.96
BAJAJHFL, 27-Aug-2026,84.05,85.4,83.9,85.29,84.07,4358067,3699.11,22948,2764729.0,63.44
BAJAJHIND, 27-Aug-2026,21.9,22.48,20.87,21.11,21.78,45877765,9870.04,47715,8875501.0,19.35
BAJAJHLDNG, 27-Aug-2026,11440.0,11520.0,11331.0,11399.0,11540.0,55310,6320.28,17672,28152.0,50.9
BAJAJINDEF, 27-Aug-2026,227.5,233.7,227.5,228.85,229.65,21154,48.77,568,11152.0,52.72
BAJAJST, 27-Aug-2026,351.2,359.0,351.2,357.4,354.2,5625,20.0,372,2670.0,47.47
BAJEL, 27-Aug-2026,189.53,198.5,188.0,194.53,189.53,780237,1520.89,10400,330805.0,42.4
BAJFINANCE, 27-Aug-2026,1090.0,1107.0,1083.0,1083.0,1085.0,5220239,56980.68,105604,3203467.0,61.37
BALAJEE, 27-Aug-2026,26.12,26.79,26.11,26.46,26.21,18201,4.8,236,14428.0,79.27
BALAJIPHOS, 27-Aug-2026,90.0,90.0,88.0,88.0,89.5,78000,70.18,59,77000.0,98.72
BALAJITELE, 27-Aug-2026,95.37,95.79,93.0,93.54,95.43,130118,122.27,1413,86198.0,66.25
BALAMINES, 27-Aug-2026,2410.0,2458.7,2381.7,2425.8,2437.2,234798,5682.6,22648,75781.0,32.27
BALAXI, 27-Aug-2026,22.3,22.94,22.3,22.44,22.41,6825,1.55,92,6027.0,88.31
BALKRISHNA, 27-Aug-2026,17.11,17.5,17.02,17.13,17.18,5373,0.92,45,3925.0,73.05
BALKRISIND, 27-Aug-2026,2340.2,2393.0,2330.1,2352.1,2328.6,490664,11615.17,47695,312896.0,63.77
BALMLAWRIE, 27-Aug-2026,176.72,182.49,175.0,175.26,176.72,759686,1357.13,9592,204408.0,26.91
BALPHARMA, 27-Aug-2026,83.4,85.88,83.4,85.02,83.57,6257,5.31,189,5461.0,87.28
BALRAMCHIN, 27-Aug-2026,677.95,679.0,636.8,649.95,674.35,1870911,12364.73,36254,432157.0,23.1
BALUFORGE, 27-Aug-2026,641.0,648.0,626.5,632.9,638.9,2329733,14838.07,29298,466230.0,20.01
BANARBEADS, 27-Aug-2026,110.3,128.8,110.3,119.51,111.75,56286,67.84,1431,24374.0,43.3
BANARISUG, 27-Aug-2026,3847.3,3857.5,3756.1,3766.4,3847.9,1062,40.32,248,525.0,49.44
BANCOINDIA, 27-Aug-2026,627.85,630.7,621.25,623.65,627.85,54297,339.61,4969,26069.0,48.01
BANDHANBNK, 27-Aug-2026,174.0,174.5,169.5,169.7,173.5,4668712,7979.22,33873,2159783.0,46.26
BANG, 27-Aug-2026,33.55,35.39,33.34,33.42,33.83,244797,84.07,540,166049.0,67.83
BANK10ADD, 27-Aug-2026,17.04,17.07,16.97,17.01,17.05,7162819,1221.76,449,7006947.0,97.82
BANK10BETF, 27-Aug-2026,20.84,21.04,20.76,20.95,21.0,1144,0.24,17,1086.0,94.93
BANKA, 27-Aug-2026,78.44,80.39,77.3,79.62,78.44,4726,3.7,30,4086.0,86.46
BANKADD, 27-Aug-2026,59.24,59.32,58.9,59.04,59.28,12387,7.33,38,12117.0,97.82
BANKBARODA, 27-Aug-2026,244.33,244.62,240.0,241.0,242.5,4454374,10752.77,46875,2341567.0,52.57
BANKBEES, 27-Aug-2026,599.99,601.0,596.45,596.79,599.57,493847,2952.49,5098,320312.0,64.86
BANKBETA, 27-Aug-2026,61.36,61.36,58.67,59.58,59.87,23319,13.92,299,12645.0,54.23
BANKBETF, 27-Aug-2026,60.0,60.0,58.5,58.57,58.83,7340,4.31,202,5775.0,78.68
BANKETF, 27-Aug-2026,590.64,590.64,586.7,587.54,589.61,17290,101.78,2041,6298.0,36.43
BANKIETF, 27-Aug-2026,59.01,59.6,59.01,59.24,59.42,228504,135.57,1241,162194.0,70.98
BANKINDIA, 27-Aug-2026,146.0,146.45,143.7,144.6,145.95,4438065,6433.4,25328,2367489.0,53.35
BANKNIFTY1, 27-Aug-2026,59.59,61.54,59.59,59.76,60.04,8106745,4847.12,880,8042594.0,99.21
BANKPSU, 27-Aug-2026,87.51,87.51,86.48,86.7,87.51,8350,7.25,118,4169.0,49.93
BANSALWIRE, 27-Aug-2026,320.5,326.0,315.35,316.95,320.5,37906,121.16,1645,18970.0,50.04
BANSWRAS, 27-Aug-2026,117.0,119.8,115.5,118.46,114.88,32468,38.17,753,22790.0,70.19
BARFLEX, 27-Aug-2026,61.9,62.0,61.4,61.4,59.0,6000,3.71,3,4000.0,66.67
BASF, 27-Aug-2026,3939.2,3939.2,3832.1,3846.1,3914.0,12754,493.28,3078,7636.0,59.87
BASILIC, 27-Aug-2026,186.0,186.0,182.0,183.3,182.5,6600,12.13,20,4500.0,68.18
BATAINDIA, 27-Aug-2026,686.95,687.65,678.8,681.6,685.55,115819,789.19,6700,48327.0,41.73
BATLIBOI, 27-Aug-2026,85.5,87.38,83.6,85.03,86.83,25630,22.0,995,13168.0,51.38
BAWEJA, 27-Aug-2026,24.25,24.25,23.1,23.65,24.0,1600,0.38,2,1600.0,100.0
BAYERCROP, 27-Aug-2026,4100.0,4100.0,4034.1,4067.9,4089.3,15932,646.57,3013,9593.0,60.21
BBETF0432, 27-Aug-2026,1354.23,1356.89,1341.2,1343.23,1349.27,13265,178.23,47,12968.0,97.76
BBL, 27-Aug-2026,2339.3,2392.2,2339.3,2370.4,2338.9,27598,653.86,3238,14017.0,50.79
BBNPNBETF, 27-Aug-2026,60.05,60.05,57.9,57.9,58.59,1156,0.67,31,1108.0,95.85
BBNPPGOLD, 27-Aug-2026,157.0,157.0,150.85,151.8,154.9,23480,35.58,136,6372.0,27.14
BBOX, 27-Aug-2026,755.4,759.95,735.0,739.0,754.8,174909,1303.35,10993,92010.0,52.6
BBTC, 27-Aug-2026,1450.0,1639.0,1449.0,1613.6,1426.2,14319956,230560.48,417402,518823.0,3.62
BBTCL, 27-Aug-2026,233.07,243.0,232.3,237.01,233.07,3220,7.59,202,2002.0,62.17
BCG, 27-Aug-2026,9.1,9.12,9.0,9.03,9.07,2937320,265.64,3888,1795923.0,61.14
BCLIND, 27-Aug-2026,37.55,37.61,36.87,37.02,37.69,471336,174.95,2056,304039.0,64.51
BCONCEPTS, 27-Aug-2026,156.0,163.08,153.5,160.01,160.48,20738,32.44,858,12743.0,61.45
BCPL, 27-Aug-2026,68.6,70.79,68.6,69.42,69.81,4873,3.4,126,3555.0,72.95
BDL, 27-Aug-2026,1355.0,1366.5,1339.1,1348.6,1363.0,445421,6018.15,16800,166902.0,37.47
BEACON, 27-Aug-2026,79.0,81.0,78.95,79.4,78.05,10000,7.93,10,9000.0,90.0
BEARDSELL, 27-Aug-2026,27.98,27.98,25.61,26.52,27.35,26348,7.05,321,20425.0,77.52
BECTORFOOD, 27-Aug-2026,243.3,244.79,236.52,238.12,243.24,2239423,5410.92,15135,1649496.0,73.66
BEDMUTHA, 27-Aug-2026,108.0,108.7,104.92,106.04,107.3,2151,2.28,74,1714.0,79.68
BEEKAY, 27-Aug-2026,434.9,449.0,426.15,427.25,425.0,1954,8.39,77,1622.0,83.01
BEL, 27-Aug-2026,410.8,412.9,408.0,411.0,406.9,9156009,37577.12,114897,4705508.0,51.39
BELLACASA, 27-Aug-2026,250.0,250.0,237.25,246.74,239.22,19987,48.93,517,11089.0,55.48
BELRISE, 27-Aug-2026,231.0,232.0,228.6,229.22,229.66,1126822,2588.66,19985,600736.0,53.31
BEML, 27-Aug-2026,1945.0,1949.7,1914.5,1920.6,1937.7,133220,2573.0,16162,47186.0,35.42
BENARAS, 27-Aug-2026,10275.0,10275.0,10081.0,10200.0,10200.0,23,2.32,5,22.0,95.65
BENGALASM, 27-Aug-2026,6162.0,6280.0,6140.0,6248.0,6160.0,289,17.96,69,273.0,94.46
BEPL, 27-Aug-2026,128.5,128.8,120.9,121.43,128.35,2815113,3452.84,22431,1169748.0,41.55
BERGEPAINT, 27-Aug-2026,507.0,511.35,499.6,501.0,503.7,275124,1384.43,11968,120763.0,43.89
BESTAGRO, 27-Aug-2026,17.95,18.0,17.31,17.47,17.85,408422,72.07,1673,191728.0,46.94
BETA, 27-Aug-2026,2261.0,2293.3,2179.3,2194.2,2261.0,26249,579.77,3362,16374.0,62.38
BEWLTD, 27-Aug-2026,52.6,52.9,51.2,52.5,51.95,14000,7.33,22,12000.0,85.71
BFINVEST, 27-Aug-2026,450.3,450.9,440.0,442.95,447.7,20007,88.78,918,9731.0,48.64
BFSI, 27-Aug-2026,26.79,27.71,26.79,27.41,27.48,161617,44.38,576,112041.0,69.33
BFUTILITIE, 27-Aug-2026,516.6,533.0,496.0,502.55,514.2,72400,369.18,2796,34338.0,47.43
BHADORA, 27-Aug-2026,113.0,118.6,113.0,117.8,113.0,14400,16.75,11,14400.0,100.0
BHAGCHEM, 27-Aug-2026,286.6,286.6,281.3,282.6,286.6,36932,104.47,947,20372.0,55.16
BHAGYANGR, 27-Aug-2026,385.05,391.7,380.0,382.9,384.75,52016,198.92,2018,33938.0,65.25
BHANDARI, 27-Aug-2026,3.04,3.1,2.97,3.04,3.01,146566,4.45,186,118905.0,81.13
BHARATCOAL, 27-Aug-2026,34.3,34.65,34.1,34.17,34.43,2637511,904.84,9778,1298026.0,49.21
BHARATFORG, 27-Aug-2026,2006.0,2050.0,2006.0,2050.0,2005.0,1465432,29787.87,41275,909177.0,62.04
BHARATRAS, 27-Aug-2026,1281.0,1284.5,1260.1,1272.6,1278.4,8926,113.68,1965,5930.0,66.44
BHARATSE, 27-Aug-2026,225.8,225.8,220.0,221.07,224.74,71277,158.29,2136,43808.0,61.46
BHARATWIRE, 27-Aug-2026,186.25,188.94,184.24,187.64,186.06,187858,350.98,2991,62993.0,33.53
BHARTIARTL, 27-Aug-2026,1915.0,1915.0,1878.3,1878.3,1902.1,8757645,165826.84,219112,6169540.0,70.45
BHARTIHEXA, 27-Aug-2026,1579.1,1598.2,1547.7,1551.1,1579.8,38948,609.28,8084,21852.0,56.11
BHEL, 27-Aug-2026,416.0,438.2,416.0,433.95,415.5,19967976,86135.69,153742,5458645.0,27.34
BIGBLOC, 27-Aug-2026,43.27,43.49,42.5,42.67,43.27,25712,10.98,415,19652.0,76.43
BIKAJI, 27-Aug-2026,615.15,635.9,607.6,611.9,612.1,663473,4144.46,35975,189757.0,28.6
BIKEWO, 27-Aug-2026,94.2,94.2,94.2,94.2,89.75,52000,48.98,23,52000.0,100.0
BIL, 27-Aug-2026,845.75,877.4,845.75,867.15,840.45,35867,308.96,755,21595.0,60.21
BIMETAL, 27-Aug-2026,630.0,630.1,600.0,618.5,630.1,579,3.55,88,505.0,87.22
BIOCON, 27-Aug-2026,415.0,421.6,415.0,418.4,417.5,1713404,7152.06,20864,794668.0,46.38
BIOFILCHEM, 27-Aug-2026,33.39,33.39,32.12,32.8,32.72,127673,42.06,508,101269.0,79.32
BIOPOL, 27-Aug-2026,84.5,84.5,71.0,71.1,88.7,422400,318.39,313,196800.0,46.59
BIRET, 27-Aug-2026,342.9,343.01,340.1,341.39,341.95,136455,467.4,4811,121214.0,88.83
BIRLACORPN, 27-Aug-2026,892.0,898.8,881.0,883.0,895.3,19226,170.31,2037,10384.0,54.01
BIRLAMONEY, 27-Aug-2026,127.37,132.0,127.03,129.89,128.15,90025,117.12,1536,43077.0,47.85
BIRLANU, 27-Aug-2026,1480.5,1500.0,1445.0,1450.8,1480.5,7788,114.14,1422,4302.0,55.24
BIRLAPREC, 27-Aug-2026,43.51,47.8,43.51,47.37,44.12,436978,204.34,1646,272844.0,62.44
BLACKBUCK, 27-Aug-2026,602.7,602.75,585.8,588.2,605.3,324075,1930.66,19667,181605.0,56.04
BLAL, 27-Aug-2026,168.79,169.5,165.95,166.46,166.76,40101,66.85,528,30018.0,74.86
BLBLIMITED, 27-Aug-2026,15.87,16.18,15.75,16.04,15.87,79408,12.66,152,71894.0,90.54
BLEL, 27-Aug-2026,469.0,483.0,458.2,469.85,470.85,2844518,13382.9,43885,354809.0,12.47
BLIL, 27-Aug-2026,71.63,72.45,71.63,72.19,71.9,52156,37.66,780,34769.0,66.66
BLKASHYAP, 27-Aug-2026,55.0,57.75,54.99,56.47,55.15,1090699,618.41,8450,550900.0,50.51
BLS, 27-Aug-2026,239.0,239.99,236.95,238.07,237.76,1208948,2877.01,18314,511957.0,42.35
BLSE, 27-Aug-2026,321.4,321.8,302.4,314.05,319.7,382378,1211.82,5237,155058.0,40.55
BLUECHIP, 27-Aug-2026,2.1,2.1,2.1,2.1,2.06,122,0.0,3,122.0,100.0
BLUECLOUDS, 27-Aug-2026,20.64,20.85,19.9,20.43,20.02,4216077,856.21,8737,1636741.0,38.82
BLUEDART, 27-Aug-2026,5032.0,5050.0,4969.0,5005.5,5007.0,16935,847.25,3505,9466.0,55.9
BLUEJET, 27-Aug-2026,590.0,593.95,582.5,585.6,590.1,250159,1466.34,11267,142682.0,57.04
BLUEPEBBLE, 27-Aug-2026,65.0,66.0,60.65,64.0,68.0,8800,5.6,21,6800.0,77.27
BLUESTARCO, 27-Aug-2026,1488.0,1509.9,1487.2,1497.0,1485.0,128386,1920.96,9191,33392.0,26.01
BLUESTONE, 27-Aug-2026,797.0,819.85,792.95,800.5,797.95,586565,4744.91,22662,140983.0,24.04
BLUEWATER, 27-Aug-2026,456.0,478.8,456.0,475.0,456.0,18000,85.09,17,18000.0,100.0
BLUSPRING, 27-Aug-2026,128.9,133.88,125.02,131.56,128.13,352695,457.29,4418,175955.0,49.89
BMLL, 27-Aug-2026,154.35,154.35,151.0,151.0,153.4,38000,57.41,5,38000.0,100.0
BMWVENTLTD, 27-Aug-2026,57.0,57.24,56.5,56.95,56.9,36087,20.48,808,23316.0,64.61
BNAGROCHEM, 27-Aug-2026,219.05,234.95,219.05,233.9,230.05,32625,74.89,100,16241.0,49.78
BNKETFAXIS, 27-Aug-2026,598.44,598.44,594.0,594.58,598.0,166,0.99,27,129.0,77.71
BOHRAIND, 27-Aug-2026,13.99,14.74,12.73,12.85,13.86,90454,11.95,197,59168.0,65.41
BOMDYEING, 27-Aug-2026,111.4,121.9,111.36,116.95,111.22,12306360,14673.38,72902,982016.0,7.98
BONLON, 27-Aug-2026,40.39,40.9,39.11,40.3,39.6,3325,1.33,84,2134.0,64.18
BORANA, 27-Aug-2026,315.7,316.0,309.1,310.15,318.1,17072,53.12,588,11257.0,65.94
BOROLTD, 27-Aug-2026,252.42,254.9,241.25,244.07,255.35,1072261,2666.9,10797,648818.0,60.51
BORORENEW, 27-Aug-2026,525.5,530.65,515.0,517.55,527.0,308464,1610.12,10385,152521.0,49.45
BOROSCI, 27-Aug-2026,127.07,128.17,125.25,125.89,127.07,36361,46.09,981,22446.0,61.73
BOSCH-HCIL, 27-Aug-2026,1714.1,1732.0,1660.0,1667.6,1705.6,31224,528.34,4080,12951.0,41.48
BOSCHLTD, 27-Aug-2026,48945.0,48945.0,48460.0,48780.0,48895.0,28795,14024.23,7657,16716.0,58.05
BOSS, 27-Aug-2026,50.9,50.9,50.85,50.85,53.5,4000,2.04,2,4000.0,100.0
BPCL, 27-Aug-2026,319.15,320.85,315.0,318.0,318.0,4497571,14338.98,41307,2608271.0,57.99
BPL, 27-Aug-2026,51.99,52.69,51.6,51.79,51.67,31024,16.14,592,23123.0,74.53
BPLPHARMA, 27-Aug-2026,1649.0,1649.0,1480.2,1496.6,1541.2,1177,17.99,228,674.0,57.26
BRACEPORT, 27-Aug-2026,60.2,60.25,60.1,60.2,62.8,8000,4.81,5,4800.0,60.0
BRAHMINFRA, 27-Aug-2026,163.9,163.9,156.45,156.86,157.39,5878,9.34,232,3435.0,58.44
BRANDMAN, 27-Aug-2026,161.0,161.0,159.0,159.5,161.0,7200,11.5,9,7200.0,100.0
BRIGADE, 27-Aug-2026,655.15,660.25,648.0,656.75,655.1,234455,1536.79,12282,82250.0,35.08
BRIGHOTEL, 27-Aug-2026,60.06,60.55,59.44,59.57,60.06,55401,33.17,1618,38535.0,69.56
BRIGHTBR, 27-Aug-2026,262.64,268.8,253.35,263.83,257.49,276,0.72,20,201.0,72.83
BRITANNIA, 27-Aug-2026,5315.0,5360.5,5277.5,5298.0,5310.0,222346,11807.12,23478,117146.0,52.69
BRNL, 27-Aug-2026,17.02,17.4,17.02,17.29,17.3,18991,3.27,221,11462.0,60.35
BSE, 27-Aug-2026,3344.0,3386.6,3312.1,3328.0,3325.6,2498105,83510.9,105456,1016794.0,40.7
BSE500IETF, 27-Aug-2026,39.94,40.03,39.55,39.69,39.94,146764,58.44,1043,66242.0,45.14
BSHSL, 27-Aug-2026,90.6,91.0,88.0,89.08,89.88,5768,5.21,125,4443.0,77.03
BSL, 27-Aug-2026,123.0,123.8,121.23,123.42,121.56,3420,4.18,47,2727.0,79.74
BSLGOLDETF, 27-Aug-2026,144.46,144.46,136.65,138.75,140.94,672313,932.35,2709,465729.0,69.27
BSLNIFTY, 27-Aug-2026,28.8,28.8,28.32,28.4,28.54,892247,253.41,3789,704588.0,78.97
BSLSENETFG, 27-Aug-2026,77.03,78.84,76.99,77.93,77.96,2594,2.02,94,1840.0,70.93
BSOFT, 27-Aug-2026,295.6,295.6,287.25,287.95,293.55,816795,2362.03,25189,479336.0,58.68
BTML, 27-Aug-2026,8.89,9.08,8.7,8.98,8.89,595859,53.41,545,479842.0,80.53
BUILDPRO, 27-Aug-2026,1245.0,1259.0,1225.1,1242.1,1262.9,33871,420.35,3159,16798.0,49.59
BULKCORP, 27-Aug-2026,71.0,71.0,68.0,68.5,70.35,10800,7.57,9,10800.0,100.0
BURNPUR, 27-Aug-2026,14.01,14.69,14.0,14.69,13.36,199727,28.64,551,135414.0,67.8
BUTTERFLY, 27-Aug-2026,640.0,641.4,625.0,627.75,639.25,6732,42.48,623,4644.0,68.98
BVCL, 27-Aug-2026,46.0,46.0,43.01,43.57,42.83,320476,142.34,1423,171567.0,53.54
C2C, 27-Aug-2026,227.0,232.0,224.55,227.45,227.8,50700,115.21,212,31950.0,63.02
CALSOFT, 27-Aug-2026,33.81,33.81,32.3,33.81,32.2,1106010,371.12,2047,647281.0,58.52
CAMLINFINE, 27-Aug-2026,106.59,106.59,102.5,102.94,106.57,826195,859.46,7206,497593.0,60.23
CAMPUS, 27-Aug-2026,225.17,227.34,222.15,224.99,225.17,211614,475.96,9197,91757.0,43.36
CAMS, 27-Aug-2026,748.0,753.0,740.2,740.9,746.0,653884,4860.84,35366,345200.0,52.79
CANARYS, 27-Aug-2026,25.9,27.95,25.25,26.05,24.85,292000,76.86,59,160000.0,54.79
CANBK, 27-Aug-2026,131.43,131.43,127.7,128.14,129.45,10921428,14057.34,45483,5025874.0,46.02
CANFINHOME, 27-Aug-2026,802.0,809.35,799.0,803.8,802.75,131463,1056.48,9829,71198.0,54.16
CANHLIFE, 27-Aug-2026,154.0,159.9,152.31,156.89,153.88,3945084,6179.78,36857,2516919.0,63.8
CANTABIL, 27-Aug-2026,247.0,254.4,243.62,246.52,246.5,78071,192.45,1790,41528.0,53.19
CAPACITE, 27-Aug-2026,226.5,231.5,221.73,223.16,227.38,1225181,2773.21,22776,443895.0,36.23
CAPILLARY, 27-Aug-2026,506.6,511.7,493.7,508.95,506.6,368041,1857.59,9262,194034.0,52.72
CAPINVIT, 27-Aug-2026,77.35,77.35,76.62,76.97,76.9,124054,95.55,1334,109316.0,88.12
CAPITALSFB, 27-Aug-2026,284.25,297.3,282.2,283.95,282.6,54058,155.18,1950,32726.0,60.54
CAPLIPOINT, 27-Aug-2026,2529.9,2548.1,2500.7,2540.7,2516.3,40296,1018.98,6158,19086.0,47.36
CARBORUNIV, 27-Aug-2026,1114.9,1119.2,1100.0,1103.2,1105.7,139357,1544.58,9010,91913.0,65.96
CARERATING, 27-Aug-2026,1660.0,1673.8,1631.0,1633.7,1661.0,20543,339.03,6757,9582.0,46.64
CARRARO, 27-Aug-2026,538.75,550.2,534.8,544.05,538.1,146358,797.82,6638,68569.0,46.85
CARTRADE, 27-Aug-2026,3125.0,3254.0,3060.0,3080.2,3142.2,669508,21236.85,62905,181111.0,27.05
CARYSIL, 27-Aug-2026,1144.9,1147.9,1110.8,1116.3,1139.7,100034,1121.73,6702,52967.0,52.95
CASHIETF, 27-Aug-2026,1077.02,1077.02,1077.0,1077.01,1076.87,1788860,19266.38,142,1779622.0,99.48
CASTROLIND, 27-Aug-2026,186.56,187.4,184.9,185.27,186.75,2163286,4024.79,27706,1396084.0,64.54
CCAVENUE, 27-Aug-2026,15.45,15.45,15.11,15.22,15.28,6810567,1038.86,7925,3657461.0,53.7
CCCL, 27-Aug-2026,15.05,15.18,14.96,14.98,15.07,185633,27.89,497,172899.0,93.14
CCHHL, 27-Aug-2026,12.73,13.13,12.73,12.86,12.98,7776,1.0,89,5758.0,74.05
CCL, 27-Aug-2026,1095.2,1115.0,1090.4,1111.5,1095.2,177598,1962.67,15992,96844.0,54.53
CDSL, 27-Aug-2026,1440.0,1445.0,1405.1,1410.8,1434.0,1543936,21908.14,47407,598041.0,38.73
CEATLTD, 27-Aug-2026,3585.2,3599.1,3500.0,3510.6,3584.3,46998,1662.33,9646,21736.0,46.25
CEDAAR, 27-Aug-2026,14.3,14.3,14.3,14.3,14.8,6000,0.86,6,6000.0,100.0
CEIGALL, 27-Aug-2026,339.0,342.0,331.15,341.05,337.85,695122,2349.38,12153,382812.0,55.07
CEINSYS, 27-Aug-2026,731.8,744.0,719.8,727.0,728.2,37637,274.95,2769,18375.0,48.82
CELEBRITY, 27-Aug-2026,6.83,6.9,6.61,6.88,6.7,24766,1.7,76,14236.0,57.48
CELLECOR, 27-Aug-2026,33.55,34.35,33.35,33.35,34.5,144000,48.88,29,132000.0,91.67
CELLO, 27-Aug-2026,355.9,355.9,349.05,350.4,354.45,214560,755.03,8414,96739.0,45.09
CELLPOINT, 27-Aug-2026,15.2,16.3,15.05,16.3,15.5,10800,1.64,9,9600.0,88.89
CEMNTGROWW, 27-Aug-2026,15.16,15.18,14.91,14.97,15.16,62182,9.33,596,48807.0,78.49
CEMPRO, 27-Aug-2026,1280.0,1293.0,1241.1,1251.2,1287.1,209870,2668.78,10878,158361.0,75.46
CENTENKA, 27-Aug-2026,560.0,560.0,545.1,547.3,557.55,33256,182.59,2032,22936.0,68.97
CENTEXT, 27-Aug-2026,22.6,22.71,22.17,22.59,22.45,128792,28.88,628,79295.0,61.57
CENTRALBK, 27-Aug-2026,31.0,31.06,30.58,30.65,30.83,5856063,1797.73,19411,3524980.0,60.19
CENTRUM, 27-Aug-2026,23.29,23.39,22.92,23.09,23.12,150274,34.67,423,96649.0,64.32
CENTUM, 27-Aug-2026,3349.5,3444.0,3349.5,3401.9,3334.5,42422,1445.49,9841,21044.0,49.61
CENTURYPLY, 27-Aug-2026,743.05,761.0,742.1,751.75,743.05,55312,416.23,3986,28035.0,50.69
CERA, 27-Aug-2026,5717.0,5825.0,5650.0,5662.0,5717.0,8155,463.17,2937,4372.0,53.61
CESC, 27-Aug-2026,153.35,154.17,151.5,152.13,153.33,884391,1351.79,16307,466650.0,52.77
CEWATER, 27-Aug-2026,273.0,274.65,265.05,266.25,271.75,44998,121.46,2302,18461.0,41.03
CFEL, 27-Aug-2026,32.8,33.12,31.52,31.63,32.69,13940,4.46,77,13275.0,95.23
CGCL, 27-Aug-2026,254.95,254.95,243.85,244.8,256.35,4059351,10101.45,38574,1056431.0,26.02
CGPOWER, 27-Aug-2026,871.4,898.75,870.2,897.9,865.05,5431054,48370.34,128567,1241450.0,22.86
CGRAPHICS, 27-Aug-2026,159.0,161.0,151.0,151.75,159.0,14400,22.37,16,10400.0,72.22
CGVAK, 27-Aug-2026,150.5,150.5,146.93,148.15,149.57,2206,3.27,78,1590.0,72.08
CHALET, 27-Aug-2026,912.0,913.15,890.5,910.3,912.45,122466,1106.41,11567,45165.0,36.88
CHAMBLFERT, 27-Aug-2026,428.05,429.3,424.1,424.75,427.55,493439,2101.59,24732,319736.0,64.8
CHAMUNDA, 27-Aug-2026,43.95,43.95,43.95,43.95,43.95,3000,1.32,1,3000.0,100.0
CHANDAN, 27-Aug-2026,227.0,228.0,222.0,222.25,226.25,9600,21.59,12,8000.0,83.33
CHAVDA, 27-Aug-2026,138.8,139.65,138.0,138.05,139.35,13000,18.0,13,10000.0,76.92
CHEMBOND, 27-Aug-2026,170.0,178.0,166.51,173.59,172.12,3656,6.31,142,2140.0,58.53
CHEMCRUX, 27-Aug-2026,87.5,87.5,83.1,83.98,86.72,5867,4.96,125,3541.0,60.35
CHEMFAB, 27-Aug-2026,366.1,373.95,352.0,358.9,367.1,3024,10.97,178,2220.0,73.41
CHEMICAL, 27-Aug-2026,30.61,30.79,30.44,30.51,30.51,191803,58.57,749,123404.0,64.34
CHEMPLASTS, 27-Aug-2026,179.0,181.59,175.0,178.65,177.84,168014,299.52,3547,89977.0,53.55
CHENNPETRO, 27-Aug-2026,1375.0,1390.0,1350.0,1352.4,1375.0,579400,7893.55,24413,218527.0,37.72
CHETANA, 27-Aug-2026,43.35,43.35,43.35,43.35,43.35,3200,1.39,2,3200.0,100.0
CHEVIOT, 27-Aug-2026,1148.0,1156.0,1134.0,1135.8,1154.0,1360,15.52,200,953.0,70.07
CHOICEGOLD, 27-Aug-2026,158.86,158.98,154.0,156.51,158.86,23959,37.36,210,2852.0,11.9
CHOICEIN, 27-Aug-2026,781.0,784.2,773.5,775.05,781.85,189310,1470.02,4853,75752.0,40.01
CHOLAFIN, 27-Aug-2026,1872.0,1891.7,1860.8,1875.4,1868.1,942441,17677.94,39207,562520.0,59.69
CHOLAHLDNG, 27-Aug-2026,1546.0,1556.2,1511.9,1517.2,1559.4,82278,1255.56,10957,47525.0,57.76
CIEINDIA, 27-Aug-2026,400.0,400.0,393.9,394.5,397.0,79832,315.34,6275,49863.0,62.46
CIFL, 27-Aug-2026,20.14,20.89,20.14,20.74,20.75,14648,3.02,231,11904.0,81.27
CINELINE, 27-Aug-2026,90.69,90.7,88.16,89.37,89.73,9587,8.62,185,8783.0,91.61
CINEVISTA, 27-Aug-2026,14.73,14.73,14.16,14.18,14.53,8518,1.22,67,7482.0,87.84
CIPLA, 27-Aug-2026,1405.0,1420.0,1402.1,1420.0,1402.7,533212,7527.65,34591,247976.0,46.51
CITIUSINVT, 27-Aug-2026,114.03,115.5,113.62,114.0,113.56,87475,99.77,717,81742.0,93.45
CKKRETAIL, 27-Aug-2026,162.0,162.0,160.0,160.5,160.0,6400,10.32,8,3200.0,50.0
CLASSICEIL, 27-Aug-2026,57.9,60.7,56.2,59.9,55.25,73600,43.65,43,67200.0,91.3
CLAYCRAFT, 27-Aug-2026,158.1,158.1,154.0,156.0,158.1,28800,44.91,44,21600.0,75.0
CLEAN, 27-Aug-2026,829.0,832.95,816.2,830.05,829.45,202595,1671.8,13457,94021.0,46.41
CLEANMAX, 27-Aug-2026,1182.3,1283.5,1182.3,1274.6,1182.3,285516,3555.54,25442,111949.0,39.21
CLSEL, 27-Aug-2026,313.2,313.35,294.05,295.2,313.2,258010,776.42,7397,116549.0,45.17
CLSL, 27-Aug-2026,90.0,92.0,88.0,91.0,90.8,12000,10.76,6,12000.0,100.0
CMLL, 27-Aug-2026,514.5,517.0,509.0,511.35,509.0,185226,948.86,4479,87371.0,47.17
CMNL, 27-Aug-2026,114.0,122.9,114.0,121.25,114.3,63000,76.21,64,51000.0,80.95
CMPDI, 27-Aug-2026,232.2,236.03,228.78,229.97,231.79,650668,1509.94,11973,303017.0,46.57
CMRGREEN, 27-Aug-2026,218.98,221.9,216.56,221.07,218.21,434990,954.7,8120,269817.0,62.03
CMRSL, 27-Aug-2026,70.0,70.0,68.4,68.4,72.0,4800,3.3,6,4000.0,83.33
CMSINFO, 27-Aug-2026,247.0,248.3,239.0,239.95,246.15,985514,2389.9,21574,778588.0,79.0
CNL, 27-Aug-2026,1214.5,1238.3,1175.75,1207.95,1215.4,23472,284.57,2632,9102.0,38.78
COALINDIA, 27-Aug-2026,403.5,404.95,398.4,400.0,403.5,4430005,17753.78,68498,3176584.0,71.71
COASTCORP, 27-Aug-2026,40.69,41.09,40.2,40.62,40.69,41001,16.65,360,23363.0,56.98
COCHINSHIP, 27-Aug-2026,1554.0,1577.9,1534.0,1543.0,1547.0,1334290,20790.16,44209,369297.0,27.68
COCKERILL, 27-Aug-2026,8122.0,8190.0,8067.5,8089.5,8024.5,4588,372.64,1314,2184.0,47.6
COFORGE, 27-Aug-2026,1884.9,1909.1,1881.0,1901.8,1880.0,1759661,33402.96,56501,1046564.0,59.48
COHANCE, 27-Aug-2026,462.0,464.9,452.5,454.0,462.35,308834,1412.68,16704,122117.0,39.54
COLPAL, 27-Aug-2026,1864.8,1876.1,1841.0,1845.0,1860.0,290751,5380.88,31855,140365.0,48.28
COMFINTE, 27-Aug-2026,6.08,6.23,5.92,5.93,6.08,226033,13.59,516,172056.0,76.12
COMMITTED, 27-Aug-2026,324.4,334.9,324.4,330.45,348.8,5600,18.3,6,4800.0,85.71
COMMOIETF, 27-Aug-2026,100.6,100.99,99.79,100.2,100.6,16939,16.97,960,9358.0,55.25
COMPEAU, 27-Aug-2026,362.0,362.0,345.5,348.05,351.15,301,1.05,28,220.0,73.09
COMPUSOFT, 27-Aug-2026,13.37,13.55,13.25,13.47,13.29,28431,3.8,142,26897.0,94.6
COMSYN, 27-Aug-2026,287.05,290.04,277.49,283.75,288.72,46730,132.39,1088,17736.0,37.95
CONCOR, 27-Aug-2026,517.0,518.0,493.05,493.05,517.0,651195,3323.93,15491,289693.0,44.49
CONCORDBIO, 27-Aug-2026,1537.0,1546.4,1471.7,1481.9,1542.2,184371,2757.84,23049,90910.0,49.31
CONFIPET, 27-Aug-2026,79.66,80.86,78.22,79.01,79.69,2291261,1818.07,14996,869868.0,37.96
CONNPLEX, 27-Aug-2026,218.3,225.0,218.0,225.0,226.4,33600,74.56,38,21600.0,64.29
CONS, 27-Aug-2026,12.35,12.38,12.3,12.32,12.4,14348,1.77,135,11899.0,82.93
CONSUMAXIS, 27-Aug-2026,123.36,123.46,122.41,122.9,123.95,852,1.05,25,451.0,52.93
CONSUMBEES, 27-Aug-2026,134.28,134.28,133.01,133.22,133.77,48955,65.21,812,23446.0,47.89
CONSUMER, 27-Aug-2026,12.61,12.61,12.29,12.31,12.36,143065,17.63,306,92157.0,64.42
CONSUMIETF, 27-Aug-2026,124.29,124.37,123.58,124.16,124.48,23135,28.7,450,12855.0,55.57
CONTI, 27-Aug-2026,10.55,10.55,10.45,10.45,11.0,9999,1.05,3,9999.0,100.0
CONTROLPR, 27-Aug-2026,603.25,605.95,593.05,596.7,601.3,11828,70.67,1316,8172.0,69.09
COOLCAPS, 27-Aug-2026,20.3,20.3,19.15,19.9,19.85,53750,10.52,35,48750.0,90.7
CORALFINAC, 27-Aug-2026,34.82,35.0,33.51,33.8,34.18,57241,19.65,1110,26557.0,46.4
CORDELIA, 27-Aug-2026,107.05,107.05,104.05,105.0,109.5,2571955,2697.35,10201,1311000.0,50.97
COROMANDEL, 27-Aug-2026,1950.0,1963.4,1923.1,1928.4,1949.7,119821,2334.65,18380,81108.0,67.69
CORONA, 27-Aug-2026,2102.0,2103.1,2075.3,2083.2,2103.1,5743,119.78,1132,3109.0,54.14
COSMOFIRST, 27-Aug-2026,921.0,945.5,915.75,942.05,924.3,76944,716.87,4700,44977.0,58.45
CPCAP, 27-Aug-2026,118.66,118.66,112.0,112.73,115.77,15693,18.11,241,10030.0,63.91
CPEDU, 27-Aug-2026,185.0,195.9,178.0,192.21,185.09,10392,19.67,563,8377.0,80.61
CPL, 27-Aug-2026,65.12,66.89,64.11,64.76,66.08,124293,81.23,1056,7358.0,5.92
CPPLUS, 27-Aug-2026,3530.3,3650.0,3500.0,3629.7,3530.3,297754,10663.35,41202,199232.0,66.91
CPS, 27-Aug-2026,1144.95,1156.0,1144.95,1145.1,1102.0,900,10.34,6,900.0,100.0
CPSEETF, 27-Aug-2026,93.59,93.78,92.41,92.59,93.19,1259923,1167.99,9438,780323.0,61.93
CRAFTSMAN, 27-Aug-2026,10564.5,10929.5,10473.0,10898.0,10539.0,46789,5037.34,13894,24854.0,53.12
CRAMC, 27-Aug-2026,260.0,261.0,256.05,258.9,260.6,375586,971.66,10442,229684.0,61.15
CRAVATEX, 27-Aug-2026,330.0,335.0,328.3,332.6,334.95,76,0.25,15,57.0,75.0
CRAYONS, 27-Aug-2026,26.25,26.25,25.2,25.3,26.25,5000,1.27,5,5000.0,100.0
CREATIVEYE, 27-Aug-2026,6.34,6.34,5.91,6.06,6.32,12735,0.77,98,8722.0,68.49
CREDENT, 27-Aug-2026,360.0,367.7,347.05,357.15,355.35,164400,592.67,211,152400.0,92.7
CREDITACC, 27-Aug-2026,1440.2,1446.2,1408.6,1425.9,1440.2,384049,5483.3,45881,248261.0,64.64
CREST, 27-Aug-2026,363.0,390.0,363.0,371.85,372.35,4173,15.57,182,3549.0,85.05
CRISIL, 27-Aug-2026,4504.9,4715.0,4500.0,4703.2,4513.4,170325,7916.04,31222,79041.0,46.41
CRIZAC, 27-Aug-2026,178.75,178.75,175.36,175.78,178.83,93758,165.39,2677,52993.0,56.52
CROMPTON, 27-Aug-2026,238.55,240.6,237.55,237.9,238.25,4429720,10582.23,25299,2760736.0,62.32
CROWN, 27-Aug-2026,106.0,106.0,103.5,105.1,105.28,1076,1.13,40,755.0,70.17
CSBBANK, 27-Aug-2026,345.8,355.55,345.8,348.8,347.75,550978,1930.33,22108,320887.0,58.24
CSLFINANCE, 27-Aug-2026,233.0,233.0,225.0,226.87,229.74,16640,38.15,358,14284.0,85.84
CSM, 27-Aug-2026,96.85,97.6,96.21,97.14,96.85,96576,93.65,1011,64019.0,66.29
CSSL, 27-Aug-2026,92.35,95.0,92.0,92.0,92.1,25000,23.2,21,21000.0,84.0
CUB, 27-Aug-2026,225.7,230.7,225.14,229.23,226.8,2031290,4640.32,39630,881758.0,43.41
CUBEINVIT, 27-Aug-2026,159.4,159.4,156.1,156.57,156.11,705447,1105.16,6176,680382.0,96.45
CUBEXTUB, 27-Aug-2026,77.95,78.16,76.25,76.43,77.87,34198,26.35,1224,21208.0,62.02
CUDML, 27-Aug-2026,104.0,104.0,104.0,104.0,102.4,1000,1.04,1,1000.0,100.0
CUMMINSIND, 27-Aug-2026,5225.0,5270.0,5141.5,5190.0,5200.0,553728,28677.05,42780,356300.0,64.35
CUPID, 27-Aug-2026,284.89,285.6,272.11,276.65,283.99,19879463,54985.0,168413,6607119.0,33.24
CURAA, 27-Aug-2026,69.2,69.99,68.5,69.27,69.11,92,0.06,11,40.0,43.48
CURIS, 27-Aug-2026,124.95,124.95,124.95,124.95,125.6,1000,1.25,1,1000.0,100.0
CURRENT, 27-Aug-2026,100.0,100.0,100.0,100.0,99.0,1600,1.6,1,1600.0,100.0
CYBERMEDIA, 27-Aug-2026,18.01,19.0,17.57,18.41,18.17,22560,4.2,73,21536.0,95.46
CYIENT, 27-Aug-2026,1045.0,1059.0,1028.0,1052.7,1047.7,2172515,22786.95,57007,885683.0,40.77
CYIENTDLM, 27-Aug-2026,800.0,814.25,792.05,810.4,797.9,632549,5096.45,35317,296441.0,46.86
DABUR, 27-Aug-2026,393.5,394.8,386.05,386.2,392.2,1282102,4994.36,35940,794365.0,61.96
DAICHI, 27-Aug-2026,344.0,345.15,331.3,331.9,343.25,2081,7.01,89,1661.0,79.82
DALBHARAT, 27-Aug-2026,1874.9,1905.0,1859.2,1876.2,1898.0,211084,3973.07,15085,132112.0,62.59
DALMIASUG, 27-Aug-2026,484.0,489.35,471.2,474.55,481.1,177301,849.84,6121,82946.0,46.78
DAMCAPITAL, 27-Aug-2026,150.78,152.99,148.22,149.12,150.02,208302,313.78,3160,76017.0,36.49
DANGEE, 27-Aug-2026,2.88,2.92,2.78,2.87,2.82,41132,1.17,152,29731.0,72.28
DANISH, 27-Aug-2026,806.0,816.75,800.0,815.9,800.8,13350,108.17,83,10050.0,75.28
DATAMATICS, 27-Aug-2026,790.1,801.55,787.55,790.8,798.7,23531,186.75,1738,13057.0,55.49
DATAPATTNS, 27-Aug-2026,4755.0,4766.2,4637.2,4666.7,4779.4,443386,20848.09,38617,109371.0,24.67
DAVANGERE, 27-Aug-2026,2.63,2.65,2.12,2.12,2.65,39355327,907.85,10176,23718102.0,60.27
DBCORP, 27-Aug-2026,204.92,205.92,202.21,205.17,203.71,40384,82.55,1516,22491.0,55.69
DBL, 27-Aug-2026,414.0,416.6,406.05,407.55,413.9,83249,341.97,2149,43660.0,52.45
DBOL, 27-Aug-2026,127.73,130.09,121.98,123.34,127.73,307475,383.46,4035,185453.0,60.31
DBREALTY, 27-Aug-2026,107.0,109.65,106.07,106.85,106.34,1335069,1439.34,10745,807131.0,60.46
DCAL, 27-Aug-2026,176.0,177.74,174.61,177.22,175.27,236981,416.56,2295,159379.0,67.25
DCBBANK, 27-Aug-2026,214.5,220.5,214.5,217.51,213.83,9712688,21121.75,48908,5478639.0,56.41
DCCL, 27-Aug-2026,45.2,45.2,45.0,45.0,46.0,4000,1.8,2,4000.0,100.0
DCG, 27-Aug-2026,55.0,55.0,53.1,53.25,55.5,7200,3.86,6,7200.0,100.0
DCI, 27-Aug-2026,408.8,418.0,402.0,413.85,402.8,50993,209.67,1786,24616.0,48.27
DCMFINSERV, 27-Aug-2026,5.34,5.44,5.27,5.43,5.34,3239,0.17,84,3056.0,94.35
DCMNVL, 27-Aug-2026,182.55,198.58,182.55,190.98,189.18,46978,91.06,982,34178.0,72.75
DCMSHRIRAM, 27-Aug-2026,1069.0,1079.0,1021.0,1028.4,1050.1,67889,707.64,5672,25592.0,37.7
DCMSIL, 27-Aug-2026,76.7,76.7,71.0,73.26,75.25,60094,44.14,575,41900.0,69.72
DCMSRIND, 27-Aug-2026,47.61,49.39,46.11,46.77,47.84,191558,91.63,1160,113813.0,59.41
DCW, 27-Aug-2026,46.88,47.0,45.68,45.95,46.78,609175,281.39,2942,334715.0,54.95
DCXINDIA, 27-Aug-2026,175.99,178.52,173.0,173.99,176.11,474521,836.2,7264,134994.0,28.45
DDEVPLSTIK, 27-Aug-2026,278.95,280.0,275.6,278.7,276.25,56523,156.94,1752,34671.0,61.34
DECCANCE, 27-Aug-2026,572.1,580.05,568.1,575.15,577.15,11892,68.31,306,9046.0,76.07
DECCANTRAN, 27-Aug-2026,21.7,21.7,21.7,21.7,21.7,1200,0.26,1,1200.0,100.0
DECNGOLD, 27-Aug-2026,231.8,231.8,222.02,229.37,230.96,2139149,4835.42,24463,863435.0,40.36
DEEDEV, 27-Aug-2026,654.75,668.85,632.25,635.8,637.0,316732,2083.96,8590,171036.0,54.0
DEEM, 27-Aug-2026,41.5,41.5,41.5,41.5,41.0,1000,0.42,1,1000.0,100.0
DEEP, 27-Aug-2026,37.9,37.9,36.65,37.44,38.01,4111,1.52,65,4058.0,98.71
DEEPAKFERT, 27-Aug-2026,1484.5,1484.6,1450.0,1455.3,1479.3,111196,1628.27,10820,52275.0,47.01
DEEPAKNTR, 27-Aug-2026,1787.0,1787.0,1738.2,1752.8,1776.7,228604,4002.38,19151,127761.0,55.89
DEEPINDS, 27-Aug-2026,667.0,675.0,656.15,667.35,664.65,194771,1298.63,7422,92563.0,47.52
DEFENCE, 27-Aug-2026,82.75,83.15,81.11,82.74,82.77,225466,186.59,528,186012.0,82.5
DELAPLEX, 27-Aug-2026,86.0,101.4,84.15,101.4,84.5,46200,44.37,68,36000.0,77.92
DELHIVERY, 27-Aug-2026,450.0,466.65,449.15,466.0,449.0,4020754,18555.53,68796,1440027.0,35.81
DELTACORP, 27-Aug-2026,61.17,61.19,59.57,59.84,60.72,376445,226.83,2941,198975.0,52.86
DELTAMAGNT, 27-Aug-2026,59.6,59.6,55.4,57.22,57.83,5090,2.9,123,3347.0,65.76
DELTIC, 27-Aug-2026,35.0,35.0,34.35,34.35,34.9,4000,1.39,4,4000.0,100.0
DEN, 27-Aug-2026,28.0,28.88,27.71,28.12,27.68,462919,130.93,1674,194194.0,41.95
DENEERS, 27-Aug-2026,174.9,176.9,172.0,176.05,173.1,16200,28.36,17,13800.0,85.19
DENORA, 27-Aug-2026,812.35,833.9,807.1,832.35,811.6,3143,25.96,383,1981.0,63.03
DENTA, 27-Aug-2026,287.0,294.85,282.6,284.5,285.6,119460,343.21,2432,60317.0,50.49
DENTALKART, 27-Aug-2026,410.1,415.35,404.05,409.7,423.45,10750,44.01,34,6750.0,62.79
DEVIT, 27-Aug-2026,25.49,25.61,24.52,24.86,25.46,34292,8.58,238,22071.0,64.36
DEVX, 27-Aug-2026,34.99,35.4,34.16,34.98,34.71,125803,43.91,1455,85433.0,67.91
DEVYANI, 27-Aug-2026,151.8,155.95,145.0,146.11,149.36,10309728,15523.0,75561,2351290.0,22.81
DGCONTENT, 27-Aug-2026,24.2,24.59,23.81,24.0,24.23,2514,0.61,30,1511.0,60.1
DHAMPURSUG, 27-Aug-2026,186.0,186.2,170.1,170.92,183.67,1243818,2178.01,16480,521778.0,41.95
DHANBANK, 27-Aug-2026,33.3,34.8,32.5,32.72,33.21,461956,152.61,2005,286487.0,62.02
DHANLAXMI, 27-Aug-2026,25.0,25.0,25.0,25.0,26.0,2000,0.5,1,2000.0,100.0
DHANSA, 27-Aug-2026,24.8,24.8,24.7,24.8,23.65,34000,8.42,13,32000.0,94.12
DHANUKA, 27-Aug-2026,987.6,990.0,981.6,985.8,985.2,8006,78.84,1198,4460.0,55.71
DHARIWAL, 27-Aug-2026,18.75,18.8,17.95,18.8,17.95,147000,27.45,44,117000.0,79.59
DHARMAJ, 27-Aug-2026,268.0,273.0,265.65,270.8,269.55,104452,281.94,1845,91508.0,87.61
DHATRE, 27-Aug-2026,4.23,4.56,4.21,4.32,4.29,12036,0.52,126,8793.0,73.06
DHOOTTRANS, 27-Aug-2026,1577.05,1584.85,1473.0,1499.85,1575.55,3496927,53682.85,138746,407202.0,11.64
DHRUV, 27-Aug-2026,24.6,24.6,23.78,24.2,24.5,5561,1.35,58,5283.0,95.0
DHTL, 27-Aug-2026,31.35,31.35,31.35,31.35,33.0,3200,1.0,4,1600.0,50.0
DHUNINV, 27-Aug-2026,1105.0,1130.0,1037.0,1046.5,1115.9,11119,121.34,931,4408.0,39.64
DIAMINESQ, 27-Aug-2026,245.24,246.0,240.16,244.38,245.24,4174,10.16,107,2380.0,57.02
DIAMONDYD, 27-Aug-2026,1168.2,1187.2,1158.4,1175.0,1167.3,35814,422.75,1158,30548.0,85.3
DICIND, 27-Aug-2026,607.4,619.9,593.55,601.3,601.95,8279,50.18,295,6951.0,83.96
DIFFNKG, 27-Aug-2026,391.0,404.8,390.05,402.55,388.8,79652,318.19,2349,38571.0,48.42
DIGIDRIVE, 27-Aug-2026,17.95,18.5,17.52,17.77,17.95,17538,3.11,165,15474.0,88.23
DIGIKORE, 27-Aug-2026,37.7,37.75,32.0,35.7,37.9,364000,125.11,504,196000.0,53.85
DIGISPICE, 27-Aug-2026,17.15,17.15,16.64,16.99,16.93,53031,8.98,113,44889.0,84.65
DIGITIDE, 27-Aug-2026,101.9,103.25,99.24,102.44,101.83,317725,322.8,3034,147754.0,46.5
DIGJAMLMTD, 27-Aug-2026,52.0,52.5,51.2,52.0,51.73,2268,1.18,28,1477.0,65.12
DISAQ, 27-Aug-2026,11915.0,12099.0,11400.0,11590.0,11974.0,389,45.6,162,250.0,64.27
DISHTV, 27-Aug-2026,2.75,2.75,2.72,2.73,2.75,755278,20.67,747,566704.0,75.03
DIVGIITTS, 27-Aug-2026,1185.5,1207.4,1143.2,1195.5,1175.9,68404,804.19,6639,35062.0,51.26
DIVIDEND, 27-Aug-2026,35.84,35.84,35.52,35.57,35.84,8233,2.93,76,4778.0,58.03
DIVINEHIRA, 27-Aug-2026,117.9,117.9,115.0,117.75,118.0,6000,7.02,5,4800.0,80.0
DIVISLAB, 27-Aug-2026,9045.0,9150.0,9035.0,9060.0,9025.0,527307,47912.14,49400,297724.0,56.46
DIVOPPBEES, 27-Aug-2026,77.36,78.6,76.35,77.32,77.91,34071,26.35,805,18906.0,55.49
DIXON, 27-Aug-2026,14735.0,14849.0,14684.0,14711.0,14735.0,279395,41244.4,27801,129663.0,46.41
DJML, 27-Aug-2026,76.0,76.0,72.02,73.08,75.16,182313,135.02,2658,73330.0,40.22
DLF, 27-Aug-2026,679.0,687.5,673.55,676.15,672.5,1765924,12020.06,31698,695440.0,39.38
DLINKINDIA, 27-Aug-2026,442.7,446.45,436.9,438.0,443.8,53887,237.42,2159,31313.0,58.11
DMART, 27-Aug-2026,3820.0,3874.4,3818.0,3847.4,3826.9,416843,16057.22,34880,203117.0,48.73
DMCC, 27-Aug-2026,288.2,288.2,277.0,279.1,285.9,32174,90.3,1172,21449.0,66.67
DNAMEDIA, 27-Aug-2026,2.58,2.64,2.55,2.6,2.58,8995,0.23,77,6396.0,71.11
DODLA, 27-Aug-2026,1092.0,1098.8,1073.6,1090.5,1094.0,18952,205.25,6271,9212.0,48.61
DOLATALGO, 27-Aug-2026,75.96,76.99,73.16,73.76,74.58,288115,215.25,1391,213717.0,74.18
DOLLAR, 27-Aug-2026,271.9,271.9,264.6,265.25,270.9,36835,98.66,1472,23241.0,63.09
DOLLEX, 27-Aug-2026,34.5,34.5,33.25,33.45,33.25,32000,10.77,8,28000.0,87.5
DOLPHIN, 27-Aug-2026,613.0,640.0,613.0,628.2,613.3,52709,333.29,1358,24290.0,46.08
DOMS, 27-Aug-2026,2209.0,2235.0,2201.2,2214.9,2204.0,13731,304.75,3895,5734.0,41.76
DONEAR, 27-Aug-2026,85.5,85.5,83.62,84.46,84.25,7674,6.51,151,5450.0,71.02
DPABHUSHAN, 27-Aug-2026,1515.9,1533.0,1485.4,1521.2,1506.1,26341,399.13,2603,13295.0,50.47
DPEL, 27-Aug-2026,570.0,570.0,564.0,566.05,566.1,11500,65.22,20,3500.0,30.43
DRAGARWQ, 27-Aug-2026,5248.0,5324.0,5151.0,5176.5,5246.0,1492,78.13,566,854.0,57.24
DRCSYSTEMS, 27-Aug-2026,12.94,12.94,12.56,12.79,12.76,15496,1.98,428,11741.0,75.77
DREAMFOLKS, 27-Aug-2026,69.2,69.8,67.12,67.31,68.77,29972,20.27,663,19244.0,64.21
DREDGECORP, 27-Aug-2026,1138.6,1138.6,1104.9,1115.8,1131.1,70849,795.02,4522,31424.0,44.35
DRONE, 27-Aug-2026,36.05,36.05,35.3,35.3,36.15,5500,1.96,11,5000.0,90.91
DRREDDY, 27-Aug-2026,1182.0,1191.9,1169.4,1177.0,1182.0,1044405,12315.5,40162,560436.0,53.66
DSSL, 27-Aug-2026,1073.5,1094.3,1069.2,1078.0,1073.5,18453,199.34,2007,11439.0,61.99
DTIL, 27-Aug-2026,188.4,193.79,170.27,173.94,183.22,279721,514.06,5216,94739.0,33.87
DUCOL, 27-Aug-2026,109.6,109.95,107.0,107.45,108.45,3200,3.48,4,3200.0,100.0
DUCON, 27-Aug-2026,2.34,2.4,2.16,2.17,2.35,2072072,47.14,1268,1786201.0,86.2
DUGLOBAL, 27-Aug-2026,26.8,26.8,26.8,26.8,25.55,2500,0.67,1,2500.0,100.0
DURLAX, 27-Aug-2026,68.0,68.0,66.1,67.6,68.05,158000,106.73,55,136000.0,86.08
DVL, 27-Aug-2026,300.0,300.0,279.68,293.97,294.44,48383,141.1,1524,24616.0,50.88
DWARKESH, 27-Aug-2026,54.09,55.5,50.49,51.18,53.75,3534020,1865.62,14215,937341.0,26.52
DYCL, 27-Aug-2026,457.2,461.45,446.3,448.25,458.9,236905,1071.96,7653,97903.0,41.33
DYNAMATECH, 27-Aug-2026,11495.0,11848.0,11411.0,11497.0,11510.0,10773,1248.64,3885,3389.0,31.46
DYNPRO, 27-Aug-2026,234.55,234.95,231.35,232.4,231.1,7205,16.77,168,5954.0,82.64
E2ERAIL, 27-Aug-2026,285.0,285.0,275.0,276.4,285.0,23200,64.55,27,16800.0,72.41
EASEMYTRIP, 27-Aug-2026,6.18,6.19,6.08,6.1,6.14,5713718,349.1,5758,2875678.0,50.33
EASTWEST, 27-Aug-2026,2.55,2.65,2.44,2.49,2.5,18976,0.48,104,15488.0,81.62
EBANK10, 27-Aug-2026,17.01,17.01,16.8,16.94,17.01,1194,0.2,14,680.0,56.95
EBANKNIFTY, 27-Aug-2026,57.36,58.47,57.36,58.27,58.53,2526,1.47,22,1897.0,75.1
EBBETF0430, 27-Aug-2026,1602.18,1612.8,1602.17,1606.16,1606.44,33359,535.54,283,32416.0,97.17
EBBETF0431, 27-Aug-2026,1432.01,1434.98,1430.0,1432.87,1433.08,4299,61.58,89,3895.0,90.6
EBBETF0433, 27-Aug-2026,1310.0,1314.89,1310.0,1310.98,1311.88,1653,21.68,94,1518.0,91.83
EBGNG, 27-Aug-2026,578.0,588.85,572.0,580.25,577.2,228142,1326.36,7584,118423.0,51.91
EBIX, 27-Aug-2026,21.9,22.18,20.57,21.5,21.37,75019,16.14,306,45314.0,60.4
ECAPINSURE, 27-Aug-2026,24.5,24.55,24.29,24.45,24.5,26459,6.47,250,25640.0,96.9
ECLERX, 27-Aug-2026,1942.0,1972.2,1915.3,1940.9,1944.0,181165,3529.85,23092,76165.0,42.04
ECOLINE, 27-Aug-2026,177.0,182.0,176.05,182.0,181.0,3000,5.35,3,3000.0,100.0
ECORECO, 27-Aug-2026,455.5,465.0,452.4,459.95,456.95,8284,38.0,599,4584.0,55.34
EDELWEISS, 27-Aug-2026,127.7,128.64,124.1,124.61,127.47,3254716,4100.66,23685,1623514.0,49.88
EEPL, 27-Aug-2026,172.0,175.6,152.8,152.8,169.75,270000,423.75,245,121000.0,44.81
EFACTOR, 27-Aug-2026,200.0,200.0,191.0,192.0,200.0,4800,9.5,6,4800.0,100.0
EFCIL, 27-Aug-2026,206.1,211.5,198.37,198.72,205.74,273995,552.56,5279,159394.0,58.17
EFFWA, 27-Aug-2026,331.0,331.0,314.45,315.8,331.0,22400,71.87,54,22400.0,100.0
EFORCE, 27-Aug-2026,20.9,21.45,20.85,21.45,19.45,8400,1.76,6,8400.0,100.0
EGOLD, 27-Aug-2026,159.8,160.0,154.9,157.15,159.75,208247,326.49,1604,61155.0,29.37
EICHERMOT, 27-Aug-2026,8015.0,8105.5,7987.0,8100.0,8035.0,369462,29779.52,31881,244074.0,66.06
EIDPARRY, 27-Aug-2026,788.6,805.9,786.55,795.3,796.35,357257,2843.48,15065,132220.0,37.01
EIEL, 27-Aug-2026,201.49,204.3,198.81,201.04,200.69,554248,1116.34,9303,197589.0,35.65
EIHAHOTELS, 27-Aug-2026,303.7,306.7,300.1,302.55,301.95,10449,31.75,466,5807.0,55.57
EIHOTEL, 27-Aug-2026,302.0,304.45,294.85,300.05,303.5,367367,1098.1,9702,219541.0,59.76
EIMCOELECO, 27-Aug-2026,2205.6,2233.9,2176.0,2211.2,2205.6,38142,840.98,3701,19569.0,51.31
EKC, 27-Aug-2026,110.15,110.79,108.5,109.16,110.15,86505,94.73,1531,47196.0,54.56
EKI, 27-Aug-2026,77.0,78.0,76.01,77.24,76.52,7579,5.84,275,5268.0,69.51
ELANTAS, 27-Aug-2026,11670.5,11700.0,11528.0,11583.5,11563.0,1333,154.47,639,729.0,54.69
ELCIDIN, 27-Aug-2026,108455.0,109800.0,108450.0,109130.0,109000.0,4,4.35,4,4.0,100.0
ELDEHSG, 27-Aug-2026,795.25,818.45,777.7,781.8,799.55,992,7.77,103,801.0,80.75
ELECON, 27-Aug-2026,426.7,429.9,421.25,423.25,425.3,185307,786.78,8150,81451.0,43.95
ELECTCAST, 27-Aug-2026,77.6,81.25,77.3,78.99,77.65,4091262,3254.31,25125,1812772.0,44.31
ELECTHERM, 27-Aug-2026,1032.7,1042.0,1030.0,1032.9,1038.3,8555,88.57,315,6250.0,73.06
ELGIEQUIP, 27-Aug-2026,618.95,618.95,597.1,599.25,617.55,400200,2427.89,24166,242381.0,60.56
ELGIRUBCO, 27-Aug-2026,59.8,59.8,58.0,58.16,58.39,15346,8.97,377,7809.0,50.89
ELGNZ, 27-Aug-2026,102.5,104.0,94.1,95.15,99.95,27000,26.55,25,17000.0,62.96
ELIN, 27-Aug-2026,100.27,102.01,99.39,100.64,100.27,216138,217.69,2040,114149.0,52.81
ELIQUID, 27-Aug-2026,1040.0,1045.33,1038.61,1045.32,1045.17,99307,1038.07,45,72310.0,72.81
ELITECON, 27-Aug-2026,12.64,12.64,11.78,11.78,12.39,3843227,453.73,5018,2832227.0,73.69
ELLEN, 27-Aug-2026,323.7,337.4,323.7,325.8,321.25,850408,2815.32,14939,377868.0,44.43
ELM250, 27-Aug-2026,17.01,17.1,16.75,16.83,16.93,46857,7.91,219,33374.0,71.23
ELMDIV, 27-Aug-2026,37.03,37.03,36.76,36.95,37.1,369,0.14,8,233.0,63.14
ELPROINTL, 27-Aug-2026,173.5,174.9,173.0,173.21,174.6,7299,12.67,126,4970.0,68.09
EMAMILTD, 27-Aug-2026,404.65,404.65,385.25,387.7,401.45,1314539,5124.24,37782,652219.0,49.62
EMAMIREAL, 27-Aug-2026,68.22,68.22,66.78,67.57,68.22,12387,8.37,311,8913.0,71.95
EMAPARTNER, 27-Aug-2026,84.05,89.9,84.05,85.4,88.8,20000,17.26,14,14000.0,70.0
EMBASSY, 27-Aug-2026,438.92,439.8,435.86,437.19,439.92,638662,2798.81,38800,561051.0,87.85
EMBDL, 27-Aug-2026,62.18,63.28,61.8,62.16,62.18,1313394,817.62,8532,673073.0,51.25
EMCURE, 27-Aug-2026,1874.0,1893.2,1855.4,1878.4,1862.3,104535,1958.27,19057,66171.0,63.3
EMETAL, 27-Aug-2026,13.54,13.6,13.28,13.3,13.51,7029,0.94,51,3673.0,52.25
EMIL, 27-Aug-2026,185.46,185.89,177.88,178.99,184.54,661662,1198.99,9396,294839.0,44.56
EMKAY, 27-Aug-2026,236.25,242.67,236.25,239.73,239.24,13138,31.45,443,9399.0,71.54
EMKAYTOOLS, 27-Aug-2026,94.9,96.8,92.5,96.8,91.15,750,0.71,5,600.0,80.0
EMMIL, 27-Aug-2026,122.8,124.0,120.0,124.0,122.8,7250,8.9,21,6250.0,86.21
EMMVEE, 27-Aug-2026,331.8,337.9,325.5,327.3,332.95,1276084,4213.64,28908,558507.0,43.77
EMPIND, 27-Aug-2026,1229.0,1234.9,1205.0,1212.7,1221.8,4582,55.99,420,3553.0,77.54
EMPOWER, 27-Aug-2026,2.23,2.23,2.23,2.23,2.34,887389,19.79,728,887364.0,100.0
EMSLIMITED, 27-Aug-2026,378.65,386.3,376.0,381.1,375.75,180937,691.49,4983,62468.0,34.52
EMUDHRA, 27-Aug-2026,543.8,563.5,543.4,559.25,543.8,183021,1021.94,5674,93631.0,51.16
EMULTIMQ, 27-Aug-2026,43.4,43.4,42.23,42.39,42.39,14830,6.31,143,12673.0,85.46
ENCOMPAS, 27-Aug-2026,243.0,251.0,234.5,248.05,243.0,14800,35.97,32,10000.0,67.57
ENDURANCE, 27-Aug-2026,2990.0,2990.0,2935.0,2944.8,2986.0,62223,1841.9,11695,32805.0,52.72
ENERGY, 27-Aug-2026,38.96,38.96,38.08,38.29,38.4,275931,105.64,951,226433.0,82.06
ENERGYDEV, 27-Aug-2026,16.12,16.5,16.05,16.13,16.12,16990,2.75,236,10543.0,62.05
ENEXT50, 27-Aug-2026,75.86,75.86,74.21,74.78,74.37,653,0.49,13,653.0,100.0
ENFUSE, 27-Aug-2026,160.0,161.0,160.0,161.0,160.0,1200,1.93,2,1200.0,100.0
ENGINERSIN, 27-Aug-2026,250.75,252.47,243.5,246.96,250.36,1497903,3699.83,19250,800875.0,53.47
ENIFTY, 27-Aug-2026,24.96,24.96,24.32,24.37,24.5,16021,3.92,51,13494.0,84.23
ENIL, 27-Aug-2026,108.06,108.1,103.5,104.41,106.99,12683,13.54,405,8307.0,65.5
ENKEIWHEL, 27-Aug-2026,404.05,410.0,395.0,396.95,404.8,17585,70.17,123,16710.0,95.02
ENRIN, 27-Aug-2026,3330.0,3341.0,3236.0,3256.4,3325.9,1041630,34129.35,54239,607102.0,58.28
ENSER, 27-Aug-2026,15.4,15.4,15.0,15.2,14.9,85000,12.95,12,85000.0,100.0
ENTERO, 27-Aug-2026,1639.0,1786.4,1625.1,1753.5,1648.0,1277994,22131.48,89715,425712.0,33.31
ENVIRO, 27-Aug-2026,70.2,70.9,69.1,69.95,69.2,11000,7.68,11,10000.0,90.91
EPACK, 27-Aug-2026,199.0,201.0,196.16,196.86,199.16,341363,677.53,5564,168338.0,49.31
EPACKPEB, 27-Aug-2026,232.05,236.0,230.65,233.95,232.15,288397,671.55,3968,125461.0,43.5
EPIGRAL, 27-Aug-2026,1250.0,1264.8,1200.3,1206.4,1249.2,64607,795.05,7546,32098.0,49.68
EPL, 27-Aug-2026,255.1,260.26,252.01,252.8,254.26,890657,2279.75,17380,363876.0,40.85
EPWINDIA, 27-Aug-2026,266.0,266.0,265.0,265.0,265.0,2400,6.37,2,2400.0,100.0
EQUAL200, 27-Aug-2026,14.08,14.08,14.0,14.02,14.06,5820,0.82,45,3962.0,68.08
EQUAL50, 27-Aug-2026,334.77,335.18,333.68,334.28,334.73,3722,12.45,22,1998.0,53.68
EQUAL50ADD, 27-Aug-2026,347.28,347.28,344.78,345.36,346.78,4646,16.05,209,3072.0,66.12
EQUITASBNK, 27-Aug-2026,75.23,75.63,73.66,74.17,75.23,4917957,3662.99,25052,3558311.0,72.35
ERIS, 27-Aug-2026,1317.0,1332.5,1306.9,1312.2,1310.7,51939,682.15,11681,32224.0,62.04
ESABINDIA, 27-Aug-2026,6160.0,6194.0,6056.5,6095.5,6163.0,3776,230.34,1649,2082.0,55.14
ESCONET, 27-Aug-2026,190.0,191.0,181.85,186.05,190.35,34400,63.98,79,23600.0,68.6
ESCORTS, 27-Aug-2026,3070.0,3096.9,2967.7,2974.1,3067.0,134744,4066.54,28599,77035.0,57.17
ESENSEX, 27-Aug-2026,78.43,78.43,77.56,78.13,78.43,711,0.55,18,672.0,94.51
ESFL, 27-Aug-2026,122.0,122.0,118.0,120.95,121.7,15480,18.47,36,10800.0,69.77
ESG, 27-Aug-2026,40.71,41.82,40.71,41.53,41.76,11208,4.67,74,9711.0,86.64
ESILVER, 27-Aug-2026,240.1,240.1,233.76,236.99,239.97,588866,1395.5,3740,564290.0,95.83
ESPRIT, 27-Aug-2026,67.25,68.0,66.25,66.25,66.0,4800,3.22,3,4800.0,100.0
ESSARSHPNG, 27-Aug-2026,17.0,17.39,16.71,16.79,16.91,147138,24.96,756,105206.0,71.5
ESSENTIA, 27-Aug-2026,1.09,1.12,1.03,1.03,1.08,10836008,113.64,1919,8804804.0,81.26
ESTER, 27-Aug-2026,93.26,94.41,92.0,93.0,93.31,78074,72.87,1295,30022.0,38.45
ETERNAL, 27-Aug-2026,329.0,330.9,325.3,328.5,327.0,34877860,114575.01,162407,25592604.0,73.38
ETHOSLTD, 27-Aug-2026,2879.0,2912.7,2873.2,2891.0,2879.4,20609,596.8,5052,10854.0,52.67
ETL, 27-Aug-2026,1019.95,1063.8,1019.95,1063.8,1001.1,450,4.66,3,450.0,100.0
ETML, 27-Aug-2026,82.85,82.85,82.8,82.85,82.4,3600,2.98,3,3600.0,100.0
EUREKAFORB, 27-Aug-2026,424.05,435.25,422.55,433.15,425.45,99062,425.49,9237,48088.0,48.54
EUROBOND, 27-Aug-2026,154.99,155.78,149.0,151.24,155.54,10287,15.55,283,9111.0,88.57
EUROPRATIK, 27-Aug-2026,259.95,260.75,251.55,254.05,259.95,195601,503.53,2569,28308.0,14.47
EVEREADY, 27-Aug-2026,345.65,349.9,338.5,342.7,345.65,63148,215.64,2219,33049.0,52.34
EVIETF, 27-Aug-2026,33.71,34.19,33.32,33.51,33.57,123227,41.24,568,72280.0,58.66
EVINDIA, 27-Aug-2026,34.37,34.37,33.36,33.5,33.54,134974,45.21,1472,88019.0,65.21
EXCELINDUS, 27-Aug-2026,1039.75,1050.0,1034.55,1041.6,1039.75,8170,85.13,1078,4737.0,57.98
EXCELLENT, 27-Aug-2026,211.0,214.0,211.0,214.0,206.0,3200,6.8,2,3200.0,100.0
EXCELSOFT, 27-Aug-2026,70.52,73.4,69.8,71.53,70.5,420383,300.37,2905,158913.0,37.8
EXICOM, 27-Aug-2026,154.98,157.87,154.5,156.14,155.21,431889,674.41,5642,171024.0,39.6
EXIDEIND, 27-Aug-2026,444.05,447.3,435.15,437.75,444.0,1956990,8624.87,41654,883064.0,45.12
EXIMROUTES, 27-Aug-2026,116.0,117.8,113.1,113.2,116.05,11200,12.86,13,10400.0,92.86
EXPLEOSOL, 27-Aug-2026,884.1,888.95,866.6,873.7,879.95,11211,98.48,884,6967.0,62.14
EXXARO, 27-Aug-2026,6.34,6.47,6.04,6.19,6.16,94104,5.84,282,80575.0,85.62
FABTECH, 27-Aug-2026,147.86,152.5,146.21,146.97,146.99,114477,170.57,2045,51956.0,45.39
FACT, 27-Aug-2026,850.1,871.6,835.2,842.55,866.25,419829,3588.13,16613,96864.0,23.07
FALCONTECH, 27-Aug-2026,12.2,12.9,12.2,12.9,12.55,2400,0.3,2,2400.0,100.0
FASCINATE, 27-Aug-2026,98.5,98.5,98.5,98.5,103.65,29600,29.16,25,29600.0,100.0
FAZE3Q, 27-Aug-2026,491.3,494.0,485.4,485.75,488.7,9557,46.64,446,7034.0,73.6
FCL, 27-Aug-2026,50.84,51.03,48.2,48.49,50.58,9129878,4507.37,26656,4646973.0,50.9
FCSSOFT, 27-Aug-2026,1.54,1.54,1.44,1.45,1.51,2435926,36.08,1302,1797145.0,73.78
FDC, 27-Aug-2026,347.25,348.5,340.25,343.85,347.25,84955,292.35,3527,48654.0,57.27
FEDDERSHOL, 27-Aug-2026,42.6,43.35,42.4,43.11,42.5,360339,155.5,805,109187.0,30.3
FEDERALBNK, 27-Aug-2026,347.0,348.15,343.4,344.8,345.3,4512557,15582.09,47482,2749426.0,60.93
FEDFINA, 27-Aug-2026,159.01,160.5,157.02,157.94,160.15,530135,839.78,8058,284114.0,53.59
FELIX, 27-Aug-2026,179.0,181.3,177.0,178.7,180.8,22500,40.25,43,14500.0,64.44
FERMENTA, 27-Aug-2026,470.1,492.5,462.85,486.25,467.5,78747,378.2,3877,36844.0,46.79
FIBERWEB, 27-Aug-2026,26.1,26.69,26.0,26.42,26.0,12397,3.27,70,9706.0,78.29
FIDEL, 27-Aug-2026,132.5,144.6,132.5,144.6,145.05,6000,8.45,6,4000.0,66.67
FIEMIND, 27-Aug-2026,2110.0,2117.9,2060.0,2067.2,2110.0,113990,2375.53,15256,69947.0,61.36
FILATEX, 27-Aug-2026,75.56,80.47,75.05,78.31,75.19,4553890,3594.72,19705,2233582.0,49.05
FILATFASH, 27-Aug-2026,0.19,0.19,0.18,0.18,0.18,11834503,21.91,1341,9336040.0,78.89
FINBUD, 27-Aug-2026,133.0,133.0,130.0,130.5,133.0,8000,10.48,7,8000.0,100.0
FINCABLES, 27-Aug-2026,1280.0,1315.0,1270.0,1291.15,1286.35,685892,8860.1,38598,221872.0,32.35
FINEORG, 27-Aug-2026,5139.1,5285.0,5111.1,5258.2,5139.1,23417,1222.24,8239,12363.0,52.79
FINIETF, 27-Aug-2026,34.55,34.55,33.39,33.44,33.71,211327,70.78,1074,138417.0,65.5
FINKURVE, 27-Aug-2026,79.6,82.5,76.75,78.18,78.38,264146,213.07,1378,186831.0,70.73
FINOPB, 27-Aug-2026,147.4,148.39,142.0,143.06,145.54,170887,247.11,2333,57619.0,33.72
FINPIPE, 27-Aug-2026,163.0,163.0,160.1,160.54,161.39,231761,372.66,8558,105670.0,45.59
FIRSTCRY, 27-Aug-2026,192.0,193.77,187.55,188.26,191.96,916127,1739.14,18821,405904.0,44.31
FISCHER, 27-Aug-2026,36.24,36.24,35.11,35.27,36.05,329799,117.44,1284,247343.0,75.0
FIVESTAR, 27-Aug-2026,512.5,536.0,510.0,533.75,515.05,1353731,7105.39,40322,631951.0,46.68
FLAIR, 27-Aug-2026,251.7,252.0,247.05,247.95,250.25,33840,84.15,891,20208.0,59.72
FLEXIADD, 27-Aug-2026,10.28,10.28,10.15,10.2,10.23,44144,4.5,273,34895.0,79.05
FLUOROCHEM, 27-Aug-2026,4710.0,4729.7,4660.1,4672.1,4732.1,61251,2875.39,8263,38925.0,63.55
FLYSBS, 27-Aug-2026,611.9,623.45,591.9,596.45,610.55,45200,273.96,153,25000.0,55.31
FMCGADD, 27-Aug-2026,47.62,48.88,47.26,47.47,47.68,9558,4.53,198,7918.0,82.84
FMCGIETF, 27-Aug-2026,51.0,51.3,50.56,50.61,51.0,1356833,687.72,5547,890420.0,65.62
FMGOETZE, 27-Aug-2026,558.4,558.4,532.0,545.55,548.7,1512901,8235.84,26534,233418.0,15.43
FMNL, 27-Aug-2026,10.54,10.63,9.76,10.62,10.13,139763,14.59,160,117854.0,84.32
FONEBOX, 27-Aug-2026,95.0,95.0,90.55,91.0,90.5,45000,40.92,33,44000.0,97.78
FOODSIN, 27-Aug-2026,53.05,54.72,53.0,53.15,53.33,40979,22.02,1270,21562.0,52.62
FORCAS, 27-Aug-2026,214.0,216.0,210.0,210.0,213.25,4800,10.24,3,4800.0,100.0
FORCEMOT, 27-Aug-2026,17495.0,17537.0,17301.0,17375.0,17450.0,40549,7047.48,12215,16039.0,39.55
FORGEAUTO, 27-Aug-2026,93.1,96.0,93.1,96.0,98.0,9600,9.07,8,9600.0,100.0
FORTIS, 27-Aug-2026,916.95,920.0,911.3,915.65,913.85,302082,2765.11,18967,166133.0,55.0
FOSECOIND, 27-Aug-2026,5982.0,6190.0,5931.5,6110.5,6077.5,50276,3055.8,10262,14991.0,29.82
FRACTAL, 27-Aug-2026,830.0,847.55,829.0,840.25,829.55,278268,2340.53,14916,182597.0,65.62
FREDUN, 27-Aug-2026,1519.9,1526.8,1474.7,1492.7,1494.3,19034,285.3,1779,10258.0,53.89
FRESHARA, 27-Aug-2026,439.0,445.0,411.0,426.4,431.0,73800,320.5,103,73800.0,100.0
FROG, 27-Aug-2026,233.45,233.45,233.45,233.45,228.9,8400,19.61,16,8400.0,100.0
FRONTSP, 27-Aug-2026,1265.4,1292.8,1255.0,1285.4,1257.9,20818,265.7,2301,10763.0,51.7
FSL, 27-Aug-2026,271.0,272.5,267.55,268.5,270.05,502488,1351.87,15989,241513.0,48.06
FUSION, 27-Aug-2026,204.0,205.89,195.4,196.05,205.24,402570,801.7,9049,238633.0,59.28
FWSTC, 27-Aug-2026,200.0,200.0,198.0,198.0,200.0,3000,5.97,5,3000.0,100.0
GABRIEL, 27-Aug-2026,1339.0,1377.2,1335.0,1357.2,1342.6,233005,3166.9,19228,75300.0,32.32
GAEL, 27-Aug-2026,174.3,175.48,168.0,168.5,173.19,1084161,1844.77,16032,502448.0,46.34
GAIL, 27-Aug-2026,174.45,174.84,171.0,172.44,174.49,4745650,8168.13,53856,3245733.0,68.39
GAJA, 27-Aug-2026,172.0,173.94,164.1,165.13,168.67,7060479,11956.9,49449,1987229.0,28.15
GAJANAND, 27-Aug-2026,8.9,8.9,8.9,8.9,8.9,6000,0.53,2,6000.0,100.0
GALAPREC, 27-Aug-2026,1045.0,1075.0,1012.0,1039.8,1040.6,18606,194.2,1885,8052.0,43.28
GALAXYSURF, 27-Aug-2026,2335.0,2346.7,2276.2,2305.0,2338.8,15555,360.36,3177,8460.0,54.39
GALLANTT, 27-Aug-2026,581.0,589.0,573.25,576.85,583.5,37534,218.05,3244,15898.0,42.36
GANDHAR, 27-Aug-2026,255.39,256.7,251.9,254.85,255.39,646662,1644.4,9594,346624.0,53.6
GANDHITUBE, 27-Aug-2026,905.0,905.0,892.6,903.1,901.5,4558,41.07,231,3727.0,81.77
GANECOS, 27-Aug-2026,1045.0,1050.1,1027.0,1029.2,1045.2,53603,554.02,4788,27819.0,51.9
GANESHCP, 27-Aug-2026,167.39,167.75,162.25,163.49,166.07,74014,121.73,1344,32523.0,43.94
GANESHHOU, 27-Aug-2026,814.0,825.9,791.1,798.3,813.4,39849,320.42,3684,21079.0,52.9
GANESHIN, 27-Aug-2026,111.2,114.0,110.0,111.15,113.35,20800,23.39,20,19200.0,92.31
GANGABATH, 27-Aug-2026,22.4,22.4,21.5,22.25,22.1,18000,3.96,6,9000.0,50.0
GANGAFORGE, 27-Aug-2026,1.69,1.69,1.69,1.69,1.77,1953251,33.01,1179,1953251.0,100.0
GANGESSECU, 27-Aug-2026,120.3,120.3,116.25,117.71,121.43,6133,7.21,132,4771.0,77.79
GARFIBRES, 27-Aug-2026,793.7,802.9,783.95,792.55,792.75,19137,151.99,3756,8804.0,46.01
GARUDA, 27-Aug-2026,183.7,184.56,175.0,175.52,183.22,473168,844.7,7256,290032.0,61.3
GATEWAY, 27-Aug-2026,53.68,54.18,53.1,53.74,53.43,797919,427.01,4819,479619.0,60.11
GAYAHWS, 27-Aug-2026,1.9,1.94,1.85,1.87,1.9,273888,5.15,366,189267.0,69.1
GCHOTELS, 27-Aug-2026,94.4,96.9,94.4,96.9,95.35,20400,19.53,33,13800.0,67.65
GCSL, 27-Aug-2026,540.1,548.0,531.0,540.55,538.0,1131181,6101.85,15415,330277.0,29.2
GEEKAYWIRE, 27-Aug-2026,23.44,23.44,22.75,23.02,23.1,222972,51.48,2618,23228.0,10.42
GEMAROMA, 27-Aug-2026,173.8,174.79,169.66,170.83,172.35,65892,112.84,1011,38752.0,58.81
GENCON, 27-Aug-2026,46.0,46.35,44.41,45.83,46.77,511577,233.08,1939,199292.0,38.96
GENESYS, 27-Aug-2026,236.9,242.65,226.4,234.5,246.3,4531990,10664.16,54091,656835.0,14.49
GENUSPAPER, 27-Aug-2026,12.7,12.7,12.11,12.37,12.37,53013,6.55,265,43673.0,82.38
GENUSPOWER, 27-Aug-2026,342.0,342.95,330.0,332.2,341.1,1570672,5267.64,23655,826370.0,52.61
GENXAI, 27-Aug-2026,83.5,87.45,83.0,84.1,83.55,73200,62.51,58,57600.0,78.69
GEOJITFSL, 27-Aug-2026,81.07,83.47,80.0,82.64,80.86,354474,289.63,3649,207749.0,58.61
GESHIP, 27-Aug-2026,1334.0,1341.8,1311.5,1317.2,1332.2,650976,8623.03,35444,340727.0,52.34
GFLLIMITED, 27-Aug-2026,54.5,55.81,54.25,54.92,55.79,55444,30.48,1545,29880.0,53.89
GGBL, 27-Aug-2026,230.5,232.3,211.0,218.15,228.75,117600,258.72,313,82800.0,70.41
GHCL, 27-Aug-2026,439.9,442.35,438.0,440.15,437.85,115639,509.22,3334,71451.0,61.79
GHCLTEXTIL, 27-Aug-2026,127.29,127.96,124.75,125.36,126.7,363913,459.77,3998,209649.0,57.61
GICHSGFIN, 27-Aug-2026,141.5,143.88,140.22,142.1,141.75,86267,122.49,1079,38055.0,44.11
GICL, 27-Aug-2026,23.51,23.8,22.65,23.34,23.51,111449,26.02,439,71963.0,64.57
GICRE, 27-Aug-2026,350.55,356.9,348.5,351.85,349.75,1644017,5784.89,25093,1009312.0,61.39
GILLANDERS, 27-Aug-2026,101.0,108.0,101.0,104.99,104.07,21530,22.92,174,18147.0,84.29
GILLETTE, 27-Aug-2026,7403.5,7460.0,7324.0,7409.0,7403.5,18048,1334.5,4681,8343.0,46.23
GILT10BETA, 27-Aug-2026,26.92,26.92,26.39,26.92,26.99,436,0.12,13,276.0,63.3
GILT5BETA, 27-Aug-2026,65.85,65.85,65.85,65.85,65.52,88,0.06,2,88.0,100.0
GILT5YBEES, 27-Aug-2026,66.56,66.56,66.16,66.21,66.35,243005,160.89,414,211750.0,87.14
GIPCL, 27-Aug-2026,200.0,204.55,196.0,200.48,201.47,1894457,3821.06,27479,876386.0,46.26
GIRIRAJ, 27-Aug-2026,101.4,101.4,91.8,91.8,96.6,20000,19.36,45,14750.0,73.75
GJL, 27-Aug-2026,250.0,250.0,248.5,249.5,241.25,5600,13.96,7,5600.0,100.0
GKB, 27-Aug-2026,65.0,65.0,64.67,65.0,64.67,84,0.05,4,84.0,100.0
GKENERGY, 27-Aug-2026,138.5,144.35,137.4,139.65,133.82,5842310,8263.35,42576,1057489.0,18.1
GKSL, 27-Aug-2026,153.0,155.89,151.0,154.29,152.34,455701,704.05,4313,272083.0,59.71
GKWLIMITED, 27-Aug-2026,1609.8,1609.8,1585.0,1599.8,1580.0,171,2.74,30,145.0,84.8
GLAND, 27-Aug-2026,2912.9,2924.4,2855.6,2873.5,2903.2,129706,3732.46,18070,61236.0,47.21
GLAXO, 27-Aug-2026,3030.0,3118.0,3018.9,3069.1,3034.4,229414,7055.09,18190,131640.0,57.38
GLENMARK, 27-Aug-2026,2455.0,2484.0,2440.6,2460.0,2438.3,447011,10994.11,36320,200850.0,44.93
GLFL, 27-Aug-2026,5.73,5.73,5.45,5.45,5.73,15365,0.84,31,14625.0,95.18
GLOBAL, 27-Aug-2026,111.41,112.0,108.71,110.98,111.06,59561,65.81,658,39627.0,66.53
GLOBALE, 27-Aug-2026,11.8,12.0,11.22,11.24,11.49,837,0.1,8,837.0,100.0
GLOBALPET, 27-Aug-2026,156.0,156.0,156.0,156.0,155.0,1500,2.34,2,1500.0,100.0
GLOBALVECT, 27-Aug-2026,148.78,149.95,144.98,146.47,147.31,12574,18.4,325,9681.0,76.99
GLOBE, 27-Aug-2026,2.04,2.09,2.01,2.05,2.04,269894,5.52,221,188329.0,69.78
GLOBECIVIL, 27-Aug-2026,45.5,46.44,45.22,45.73,45.85,80115,36.65,1256,31324.0,39.1
GLOBUSSPR, 27-Aug-2026,924.0,924.0,907.05,912.3,915.45,28085,256.36,1931,13072.0,46.54
GLOSTERLTD, 27-Aug-2026,606.1,606.1,595.9,604.4,595.35,405,2.44,46,389.0,96.05
GLOTTIS, 27-Aug-2026,65.99,66.49,64.11,64.66,65.77,28434,18.46,553,19790.0,69.6
GMBREW, 27-Aug-2026,898.6,899.0,890.0,891.7,893.3,19492,174.11,1004,13977.0,71.71
GMDCLTD, 27-Aug-2026,578.95,580.2,566.0,567.25,578.95,569849,3250.91,19944,260098.0,45.64
GML, 27-Aug-2026,17.1,17.1,17.1,17.1,17.15,4000,0.68,2,4000.0,100.0
GMMPFAUDLR, 27-Aug-2026,1014.0,1040.7,1013.3,1025.15,1017.4,93043,957.12,7642,52596.0,56.53
GMRAIRPORT, 27-Aug-2026,100.15,100.2,98.52,98.68,98.85,6542176,6477.0,31436,3793720.0,57.99
GMRP&UI, 27-Aug-2026,95.2,96.0,93.99,94.54,95.06,801104,758.84,8055,390379.0,48.73
GNA, 27-Aug-2026,549.6,565.0,544.6,546.8,545.8,305547,1694.7,8708,116767.0,38.22
GNFC, 27-Aug-2026,582.55,584.7,575.0,577.0,584.25,477474,2762.64,10883,256765.0,53.78
GNRL, 27-Aug-2026,100.9,101.5,97.35,97.65,99.73,55385,54.89,748,42805.0,77.29
GOACARBON, 27-Aug-2026,359.0,361.5,350.25,352.15,358.1,8229,29.18,534,6462.0,78.53
GOCLCORP, 27-Aug-2026,397.45,403.5,395.45,397.35,397.4,26007,103.54,1350,14602.0,56.15
GOCOLORS, 27-Aug-2026,343.5,343.75,330.1,334.5,343.6,110138,370.58,2951,50388.0,45.75
GODAVARIB, 27-Aug-2026,241.65,244.2,238.4,239.15,243.15,47074,113.27,1123,33203.0,70.53
GODFRYPHLP, 27-Aug-2026,2153.0,2161.0,2110.0,2115.0,2153.3,126205,2688.49,10886,49152.0,38.95
GODIGIT, 27-Aug-2026,259.4,261.0,257.0,257.75,259.1,81433,210.39,5406,50893.0,62.5
GODREJAGRO, 27-Aug-2026,625.0,626.85,611.0,614.75,625.75,180449,1113.41,10082,74313.0,41.18
GODREJCP, 27-Aug-2026,930.0,930.0,912.0,923.0,922.8,1308144,12010.51,36673,864083.0,66.05
GODREJIND, 27-Aug-2026,1140.0,1166.6,1125.1,1150.5,1138.0,82356,944.8,9258,27890.0,33.87
GODREJPROP, 27-Aug-2026,2035.0,2095.0,2023.9,2069.4,2035.1,1142681,23616.11,35825,614257.0,53.76
GOKEX, 27-Aug-2026,784.7,796.55,771.2,774.9,787.1,125337,979.09,6891,65775.0,52.48
GOKUL, 27-Aug-2026,45.7,45.7,42.82,43.09,44.14,254616,111.75,2188,54763.0,21.51
GOKULAGRO, 27-Aug-2026,245.25,250.0,243.0,244.48,245.39,592803,1457.02,11300,161540.0,27.25
GOLD1, 27-Aug-2026,133.49,133.49,129.6,131.33,133.65,2725736,3580.21,10515,1202903.0,44.13
GOLD360, 27-Aug-2026,157.75,157.75,152.0,153.85,156.2,32726,50.28,517,15911.0,48.62
GOLDADD, 27-Aug-2026,159.42,159.42,150.69,152.98,155.54,1536007,2346.24,18880,1105669.0,71.98
GOLDAXIS, 27-Aug-2026,133.35,133.35,128.76,130.79,133.35,10689255,13936.87,10207,6619654.0,61.93
GOLDBEES, 27-Aug-2026,131.24,131.49,128.15,130.05,132.37,43844954,57014.32,130271,15597750.0,35.57
GOLDBETA, 27-Aug-2026,134.95,134.95,130.6,132.6,134.85,1082748,1434.74,4175,697906.0,64.46
GOLDBND, 27-Aug-2026,160.79,160.79,154.4,157.15,159.2,79573,125.0,651,42340.0,53.21
GOLDCASE, 27-Aug-2026,25.83,25.83,24.42,24.74,25.2,17372151,4306.51,13542,6684590.0,38.48
GOLDETF, 27-Aug-2026,155.49,155.49,150.84,153.09,155.5,2928027,4476.2,12069,1512159.0,51.64
GOLDIAM, 27-Aug-2026,358.15,360.05,350.1,352.75,357.05,314940,1114.78,6258,161501.0,51.28
GOLDIETF, 27-Aug-2026,138.0,138.0,132.65,134.64,137.18,9483961,12765.64,37487,3863190.0,40.73
GOLDKART, 27-Aug-2026,92.0,92.0,92.0,92.0,88.2,1250,1.15,2,1250.0,100.0
GOLDSTAR, 27-Aug-2026,7.8,7.8,7.15,7.15,7.45,67500,5.03,5,67500.0,100.0
GOODLUCK, 27-Aug-2026,440.1,448.9,430.5,432.8,441.1,694850,3039.76,18026,357849.0,51.5
GOODYEAR, 27-Aug-2026,760.7,771.9,750.05,765.05,755.4,4955,37.73,577,2668.0,53.84
GOPAL, 27-Aug-2026,285.95,286.15,278.0,279.15,284.9,143662,403.36,8545,55211.0,38.43
GOYALALUM, 27-Aug-2026,6.35,6.39,6.25,6.33,6.36,50418,3.19,277,43378.0,86.04
GPECO, 27-Aug-2026,415.0,415.0,400.0,401.0,415.35,10200,41.28,36,9400.0,92.16
GPIL, 27-Aug-2026,246.05,247.49,238.65,240.33,245.83,1241037,3016.08,15607,725010.0,58.42
GPPL, 27-Aug-2026,171.0,172.43,168.43,169.1,169.46,1964090,3342.46,28648,1029036.0,52.39
GPTHEALTH, 27-Aug-2026,152.95,154.68,151.0,151.39,152.05,64034,97.88,1815,34606.0,54.04
GPTINFRA, 27-Aug-2026,113.72,114.8,112.4,113.58,113.78,51050,57.81,978,25774.0,50.49
GRADIENTE, 27-Aug-2026,2.57,2.77,2.57,2.71,2.7,2884018,74.68,337,2196607.0,76.16
GRANDOAK, 27-Aug-2026,37.06,38.53,36.13,37.45,36.7,3325,1.25,67,2440.0,73.38
GRANULES, 27-Aug-2026,828.2,848.0,824.55,832.3,828.2,1123298,9398.35,31433,626829.0,55.8
GRAPHISAD, 27-Aug-2026,26.5,26.5,26.0,26.35,26.5,3600,0.95,3,2400.0,66.67
GRAPHITE, 27-Aug-2026,690.0,698.95,678.5,683.0,689.1,572923,3952.21,23648,220373.0,38.46
GRASIM, 27-Aug-2026,3289.0,3299.8,3258.0,3258.0,3299.9,733124,24028.31,27368,461053.0,62.89
GRAUWEIL, 27-Aug-2026,66.8,69.01,66.43,67.75,66.43,249817,169.22,7004,132943.0,53.22
GRAVISSHO, 27-Aug-2026,30.85,30.85,30.85,30.85,30.92,1,0.0,1,1.0,100.0
GRAVITA, 27-Aug-2026,1840.3,1850.2,1806.2,1824.5,1840.3,115208,2105.51,13533,66336.0,57.58
GRCL, 27-Aug-2026,570.0,580.0,550.05,559.9,575.0,4250,23.91,17,3750.0,88.24
GREAVESCOT, 27-Aug-2026,195.5,195.59,190.9,191.17,195.62,624598,1200.26,6572,323461.0,51.79
GREENCHEF, 27-Aug-2026,60.65,66.7,60.65,62.65,60.65,108800,71.11,77,99200.0,91.18
GREENLAM, 27-Aug-2026,248.8,248.9,242.0,243.25,247.3,94551,230.71,2480,60721.0,64.22
GREENLEAF, 27-Aug-2026,119.0,122.35,118.0,118.0,119.65,6000,7.21,6,5000.0,83.33
GREENPANEL, 27-Aug-2026,158.71,160.39,157.94,159.9,157.98,140277,223.2,3056,93583.0,66.71
GREENPLY, 27-Aug-2026,292.1,294.0,287.0,291.25,292.1,53257,154.6,1566,27634.0,51.89
GREENPOWER, 27-Aug-2026,9.54,9.59,9.32,9.41,9.53,2260892,213.4,2905,1253348.0,55.44
GRINDWELL, 27-Aug-2026,2062.5,2068.5,2018.0,2024.1,2055.8,10397,211.61,3295,5060.0,48.67
GRINFRA, 27-Aug-2026,898.3,909.0,882.0,890.4,905.2,62312,555.7,8178,35394.0,56.8
GRMOVER, 27-Aug-2026,89.46,89.94,87.0,87.76,88.84,843143,740.89,9668,210128.0,24.92
GROBTEA, 27-Aug-2026,992.0,1012.15,985.0,995.9,1017.15,320,3.19,70,213.0,66.56
GROWW, 27-Aug-2026,195.9,198.77,195.6,196.84,196.24,22896654,45182.79,150225,9975460.0,43.57
GROWWCAPM, 27-Aug-2026,11.69,11.69,11.46,11.48,11.65,675883,77.86,718,594117.0,87.9
GROWWCHEM, 27-Aug-2026,30.98,30.98,30.16,30.4,30.64,45212,13.81,361,26734.0,59.13
GROWWDEFNC, 27-Aug-2026,97.4,98.32,97.4,97.95,97.4,133545,130.79,2321,79319.0,59.39
GROWWEV, 27-Aug-2026,33.6,33.6,33.17,33.25,33.21,230828,76.79,1481,141119.0,61.14
GROWWGOLD, 27-Aug-2026,15.7,15.7,15.15,15.33,15.6,4792458,735.99,5703,1991817.0,41.56
GROWWHOSPI, 27-Aug-2026,52.22,52.63,52.11,52.43,52.37,547873,286.22,978,476765.0,87.02
GROWWLIQID, 27-Aug-2026,112.71,112.71,110.51,110.51,110.5,364418,402.73,165,269451.0,73.94
GROWWLOVOL, 27-Aug-2026,10.56,10.56,10.37,10.38,10.46,6886,0.72,96,4320.0,62.74
GROWWMC150, 27-Aug-2026,237.0,237.83,235.1,237.0,236.63,510,1.21,24,510.0,100.0
GROWWMETAL, 27-Aug-2026,13.14,13.14,12.75,12.84,12.88,364362,46.9,1418,156041.0,42.83
GROWWMOM50, 27-Aug-2026,11.42,11.42,11.12,11.19,11.15,194786,21.81,452,157953.0,81.09
GROWWN200, 27-Aug-2026,11.17,11.77,11.17,11.47,11.46,27722,3.18,207,21916.0,79.06
GROWWNET, 27-Aug-2026,10.96,11.06,10.9,11.0,10.96,457707,50.3,688,377869.0,82.56
GROWWNIFTY, 27-Aug-2026,9.8,9.93,9.76,9.77,9.8,557208,54.57,4017,390200.0,70.03
GROWWNXT50, 27-Aug-2026,75.45,75.45,74.65,74.99,75.12,3158,2.37,85,2429.0,76.92
GROWWPOWER, 27-Aug-2026,11.4,11.43,11.29,11.32,11.35,2349725,266.08,2445,1085782.0,46.21
GROWWPSE, 27-Aug-2026,96.03,98.41,96.03,97.92,97.99,54574,53.43,55,53292.0,97.65
GROWWPSUBK, 27-Aug-2026,87.31,87.43,85.7,85.78,87.42,4548,3.92,83,1983.0,43.6
GROWWRAIL, 27-Aug-2026,28.79,28.93,28.41,28.51,28.74,338475,96.67,2681,216667.0,64.01
GROWWRLTY, 27-Aug-2026,10.22,10.35,10.15,10.2,10.23,85910,8.79,348,54172.0,63.06
GROWWSC250, 27-Aug-2026,10.72,10.72,10.6,10.61,10.67,180342,19.19,538,141211.0,78.3
GROWWSLVR, 27-Aug-2026,24.07,24.07,22.94,23.2,23.57,1928118,446.55,3681,516274.0,26.78
GRPLTD, 27-Aug-2026,1969.1,1999.9,1958.2,1982.9,1969.5,1024,20.27,186,646.0,63.09
GRSE, 27-Aug-2026,2639.0,2665.9,2632.5,2643.0,2630.3,384851,10201.79,24466,128872.0,33.49
GRWRHITECH, 27-Aug-2026,7134.5,7164.5,6980.0,7060.5,7115.5,286267,20212.17,56402,186474.0,65.14
GSEC10ADD, 27-Aug-2026,26.82,26.82,26.82,26.82,26.9,1650000,442.53,177,1650000.0,100.0
GSEC10IETF, 27-Aug-2026,266.15,266.15,263.52,263.52,265.75,577,1.52,4,574.0,99.48
GSEC10YEAR, 27-Aug-2026,30.66,30.73,30.31,30.73,30.72,13801,4.2,18,10184.0,73.79
GSEC5IETF, 27-Aug-2026,66.65,66.91,66.13,66.8,66.64,56133,37.38,26,30127.0,53.67
GSFC, 27-Aug-2026,159.99,160.5,158.33,159.16,160.07,492991,784.71,6899,248128.0,50.33
GSLSU, 27-Aug-2026,29.15,29.44,27.26,27.26,28.69,249344,68.65,1194,212543.0,85.24
GSMFOILS, 27-Aug-2026,112.0,112.0,112.0,112.0,106.7,297000,332.64,141,252000.0,84.85
GSPCROP, 27-Aug-2026,642.8,655.95,622.0,627.75,643.15,503251,3199.88,11630,333834.0,66.34
GSS, 27-Aug-2026,12.94,12.94,11.71,12.13,12.55,49967,6.17,190,37539.0,75.13
GSTL, 27-Aug-2026,13.55,13.55,13.35,13.4,12.95,5000,0.67,5,4000.0,80.0
GTL, 27-Aug-2026,7.23,7.5,7.23,7.32,7.34,196556,14.49,560,93381.0,47.51
GTLINFRA, 27-Aug-2026,1.22,1.25,1.2,1.2,1.21,38632731,471.54,6301,14217506.0,36.8
GTPL, 27-Aug-2026,55.5,55.5,53.75,53.95,54.5,389861,210.57,716,375568.0,96.33
GUFICBIO, 27-Aug-2026,414.0,416.0,405.0,412.2,408.45,39966,163.52,1799,21947.0,54.91
GUJALKALI, 27-Aug-2026,723.45,728.0,703.25,710.75,719.85,63803,457.7,5726,28533.0,44.72
GUJAPOLLO, 27-Aug-2026,368.0,368.0,350.2,351.5,351.75,3912,13.95,171,2787.0,71.24
GUJENERGY, 27-Aug-2026,254.0,257.3,249.05,250.35,253.95,1870939,4725.66,39942,1068045.0,57.09
GUJRAFFIA, 27-Aug-2026,40.0,41.2,39.55,41.0,40.89,291,0.12,20,271.0,93.13
GUJTHEM, 27-Aug-2026,420.8,421.95,405.0,412.2,420.75,466950,1920.56,12943,250834.0,53.72
GULFOILLUB, 27-Aug-2026,1170.0,1170.0,1150.0,1154.3,1162.8,48111,556.35,4984,31347.0,65.16
GULPOLY, 27-Aug-2026,194.95,198.0,192.5,193.09,194.56,165132,321.24,3264,87231.0,52.83
GURUNANAK, 27-Aug-2026,38.5,38.5,38.5,38.5,37.3,1600,0.62,1,1600.0,100.0
GVPIL, 27-Aug-2026,642.8,675.0,642.8,661.75,643.6,341036,2264.61,10347,186204.0,54.6
GVPTECH, 27-Aug-2026,7.47,8.45,7.04,7.53,7.38,501010,38.63,1222,289193.0,57.72
GVT&D, 27-Aug-2026,4420.2,4539.0,4359.6,4407.8,4340.0,1777971,79121.21,144095,676596.0,38.05
GYFTR, 27-Aug-2026,167.7,169.0,165.0,166.81,168.19,30786,51.2,742,19871.0,64.55
HAL, 27-Aug-2026,4900.0,4935.0,4875.0,4899.0,4865.5,351457,17198.2,24541,172432.0,49.06
HALDER, 27-Aug-2026,292.25,299.8,290.05,297.88,295.99,28147,82.69,321,5416.0,19.24
HALEOSLABS, 27-Aug-2026,1549.4,1549.4,1470.0,1501.8,1500.9,411,6.17,48,333.0,81.02
HAMPTON, 27-Aug-2026,8.91,8.91,7.42,8.3,8.18,19787,1.64,162,12347.0,62.4
HAPPSTMNDS, 27-Aug-2026,448.0,455.35,414.6,420.25,447.85,4662895,20118.52,105204,1661323.0,35.63
HAPPY, 27-Aug-2026,86.85,92.5,82.5,84.25,90.9,128000,111.07,58,68000.0,53.13
HAPPYFORGE, 27-Aug-2026,2234.6,2279.0,2188.9,2250.8,2212.5,81051,1824.15,13920,39719.0,49.0
HARDWYN, 27-Aug-2026,9.05,9.12,9.0,9.05,9.03,689720,62.38,1060,319483.0,46.32
HARIOMPIPE, 27-Aug-2026,348.3,348.3,339.75,341.15,346.55,70134,240.36,2414,38487.0,54.88
HARRMALAYA, 27-Aug-2026,202.74,204.4,193.6,194.7,202.73,23208,45.82,1030,11168.0,48.12
HARSHA, 27-Aug-2026,431.15,440.0,422.8,438.55,428.75,111988,483.39,3677,64345.0,57.46
HATHWAY, 27-Aug-2026,10.54,10.64,10.49,10.55,10.57,982034,103.44,1467,577672.0,58.82
HATSUN, 27-Aug-2026,1096.1,1162.1,1073.0,1152.5,1086.55,284131,3227.65,28765,100474.0,35.36
HAVELLS, 27-Aug-2026,1255.6,1265.0,1241.0,1241.0,1258.7,623467,7829.1,24965,397756.0,63.8
HAVISHA, 27-Aug-2026,1.45,1.45,1.3,1.35,1.39,30752,0.42,113,18066.0,58.75
HAWKINCOOK, 27-Aug-2026,8020.0,8264.5,8020.0,8239.0,8197.5,976,79.53,447,468.0,47.95
HAZOOR, 27-Aug-2026,20.4,21.0,17.44,20.82,20.36,1744484,352.84,2494,767859.0,44.02
HBESD, 27-Aug-2026,75.01,76.69,75.0,75.95,76.31,510,0.38,25,479.0,93.92
HBLENGINE, 27-Aug-2026,684.0,693.8,662.9,665.75,683.9,935680,6323.17,29172,496525.0,53.07
HBPOR, 27-Aug-2026,62.89,62.89,59.1,59.5,58.31,662,0.4,16,662.0,100.0
HBSL, 27-Aug-2026,52.76,53.0,50.73,51.99,52.24,283,0.15,28,276.0,97.53
HCC, 27-Aug-2026,24.11,26.03,24.11,25.1,23.88,202003226,51130.85,196562,59966638.0,29.69
HCG, 27-Aug-2026,707.0,714.0,692.3,699.95,706.15,105209,736.78,13965,52344.0,49.75
HCL-INSYS, 27-Aug-2026,10.81,11.0,10.77,10.81,10.87,284335,30.89,923,228005.0,80.19
HCLTECH, 27-Aug-2026,1295.0,1304.7,1280.0,1282.0,1298.5,1936771,24924.46,69854,1141437.0,58.94
HDBFS, 27-Aug-2026,687.5,693.5,682.0,685.15,687.5,2515560,17265.06,29343,2251575.0,89.51
HDFCAMC, 27-Aug-2026,2667.9,2691.0,2559.9,2575.0,2667.9,2101778,54428.65,130003,1383230.0,65.81
HDFCBANK, 27-Aug-2026,728.15,728.15,710.0,711.0,727.2,46515020,332958.43,640207,26654212.0,57.3
HDFCBSE500, 27-Aug-2026,38.12,38.12,37.84,37.86,38.12,248837,94.37,270,233704.0,93.92
HDFCGOLD, 27-Aug-2026,140.14,140.14,132.56,134.63,136.73,8763920,11787.52,16285,4452835.0,50.81
HDFCGROWTH, 27-Aug-2026,121.41,121.52,120.29,120.43,121.41,21902,26.39,154,11416.0,52.12
HDFCLIFE, 27-Aug-2026,553.1,557.0,548.0,548.0,553.0,2474974,13689.87,53184,1719588.0,69.48
HDFCLIQUID, 27-Aug-2026,1075.47,1075.47,1075.42,1075.43,1075.28,15685,168.68,36,7923.0,50.51
HDFCLOWVOL, 27-Aug-2026,20.83,20.84,20.7,20.72,20.83,1832,0.38,51,919.0,50.16
HDFCMID150, 27-Aug-2026,23.51,24.01,23.51,23.81,23.88,338408,80.71,1286,246472.0,72.83
HDFCMOMENT, 27-Aug-2026,31.83,31.9,31.64,31.71,31.71,140210,44.49,570,91394.0,65.18
HDFCNEXT50, 27-Aug-2026,76.23,76.41,75.51,75.91,76.18,229491,174.65,659,158817.0,69.2
HDFCNIF100, 27-Aug-2026,26.32,26.4,26.18,26.29,26.3,13284,3.49,190,9186.0,69.15
HDFCNIFBAN, 27-Aug-2026,59.68,59.69,59.19,59.29,59.55,41641,24.73,336,31825.0,76.43
HDFCNIFIT, 27-Aug-2026,32.51,32.66,32.15,32.33,32.51,118089,38.27,274,51489.0,43.6
HDFCNIFTY, 27-Aug-2026,272.01,274.01,272.01,272.77,273.99,301619,822.8,865,293950.0,97.46
HDFCNIMEG, 27-Aug-2026,136.06,136.06,132.79,133.2,135.19,5924,7.98,78,4056.0,68.47
HDFCPSUBK, 27-Aug-2026,88.07,88.07,86.28,86.77,87.44,12549,10.92,206,6981.0,55.63
HDFCPVTBAN, 27-Aug-2026,28.88,28.88,28.22,28.34,28.18,287421,81.62,390,179144.0,62.33
HDFCQUAL, 27-Aug-2026,59.61,59.61,59.09,59.09,59.39,15045,8.91,82,7316.0,48.63
HDFCSENSEX, 27-Aug-2026,87.8,88.48,87.6,87.65,88.03,31710,27.84,452,19529.0,61.59
HDFCSILVER, 27-Aug-2026,229.19,229.19,223.75,226.23,230.1,4025008,9103.79,16035,1383902.0,34.38
HDFCSML250, 27-Aug-2026,185.74,187.24,185.0,185.58,186.38,776001,1442.65,6820,582865.0,75.11
HDFCVALUE, 27-Aug-2026,125.72,126.2,124.98,125.42,126.2,11472,14.39,88,5989.0,52.21
HEADSUP, 27-Aug-2026,6.5,6.98,6.5,6.87,6.46,8022,0.55,137,7311.0,91.14
HEALTHADD, 27-Aug-2026,16.92,16.94,16.77,16.87,16.84,8959,1.51,171,7862.0,87.76
HEALTHAXIS, 27-Aug-2026,169.3,169.99,168.91,169.65,169.86,12037,20.38,57,7021.0,58.33
HEALTHCARE, 27-Aug-2026,22.17,22.17,21.62,21.8,21.74,63911,13.87,178,42878.0,67.09
HEALTHIETF, 27-Aug-2026,169.46,171.9,169.46,171.49,171.17,55939,95.76,1588,33600.0,60.07
HEALTHX, 27-Aug-2026,309.65,309.65,290.9,293.55,298.2,2663,7.85,129,1582.0,59.41
HEALTHY, 27-Aug-2026,17.13,17.25,16.93,17.2,17.13,182758,31.36,898,117942.0,64.53
HECPROJECT, 27-Aug-2026,120.3,121.1,115.01,117.97,118.8,5086,6.03,206,3430.0,67.44
HEG, 27-Aug-2026,714.8,720.45,708.0,710.2,713.55,592845,4224.21,14402,212104.0,35.78
HEIDELBERG, 27-Aug-2026,162.46,162.5,160.41,161.7,161.86,112221,181.34,1928,70858.0,63.14
HEMIPROP, 27-Aug-2026,129.64,133.88,129.46,130.56,129.63,578973,765.08,5146,241547.0,41.72
HERANBA, 27-Aug-2026,175.0,177.49,168.97,169.69,174.06,31886,54.66,1125,20396.0,63.97
HERITGFOOD, 27-Aug-2026,383.0,383.0,375.1,378.15,383.3,122264,462.18,4677,66655.0,54.52
HEROMOTOCO, 27-Aug-2026,5594.5,5610.0,5511.5,5550.0,5595.0,533073,29593.31,52226,279902.0,52.51
HESTERBIO, 27-Aug-2026,2336.7,2359.2,2270.2,2289.8,2354.4,6174,142.2,1008,4151.0,67.23
HEXATRADEX, 27-Aug-2026,160.9,160.9,159.1,159.1,158.5,23,0.04,9,14.0,60.87
HEXT, 27-Aug-2026,556.3,561.0,547.55,556.6,554.95,133088,735.97,9489,61111.0,45.92
HFCL, 27-Aug-2026,238.3,247.44,237.27,245.84,235.89,19390535,47238.65,102456,7802579.0,40.24
HGINFRA, 27-Aug-2026,501.95,506.15,500.25,502.15,501.9,37937,190.53,1688,16802.0,44.29
HGM, 27-Aug-2026,44.3,44.9,43.0,43.99,43.76,1372,0.6,34,992.0,72.3
HGS, 27-Aug-2026,400.0,404.15,400.0,402.55,401.95,9634,38.7,339,7189.0,74.62
HIGREEN, 27-Aug-2026,125.25,125.4,123.0,123.0,127.5,9600,11.96,12,7200.0,75.0
HIKAL, 27-Aug-2026,208.0,212.51,203.35,204.63,207.63,183484,381.33,4485,96236.0,52.45
HILINFRA, 27-Aug-2026,45.9,45.9,45.1,45.29,45.32,52520,23.87,1085,19860.0,37.81
HILTON, 27-Aug-2026,20.0,20.05,19.4,19.51,20.0,132293,26.05,389,94905.0,71.74
HIMATSEIDE, 27-Aug-2026,72.98,73.06,71.52,71.83,72.67,201561,145.24,2221,118063.0,58.57
HINDADH, 27-Aug-2026,359.0,359.0,349.05,350.4,353.9,2720,9.56,138,1798.0,66.1
HINDALCO, 27-Aug-2026,1060.5,1061.8,1020.05,1024.0,1053.0,3635432,37512.58,81732,2194496.0,60.36
HINDALUMI, 27-Aug-2026,98.0,99.87,97.95,97.99,99.88,1724,1.7,53,1418.0,82.25
HINDCOMPOS, 27-Aug-2026,411.9,415.2,407.75,409.45,408.25,1894,7.78,147,927.0,48.94
HINDCON, 27-Aug-2026,24.15,24.5,22.02,22.6,24.0,59613,13.71,351,29759.0,49.92
HINDCOPPER, 27-Aug-2026,547.2,552.9,533.15,536.3,556.05,24102873,130768.87,210725,9985039.0,41.43
HINDOILEXP, 27-Aug-2026,159.59,164.8,158.43,163.43,158.11,821491,1330.32,7188,455064.0,55.39
HINDPETRO, 27-Aug-2026,375.45,376.25,368.9,371.0,375.5,3872498,14378.89,46621,2397974.0,61.92
HINDUNILVR, 27-Aug-2026,2020.0,2028.0,2004.3,2009.0,2021.0,989046,19889.23,80527,616786.0,62.36
HINDWAREAP, 27-Aug-2026,196.29,197.53,190.0,190.84,196.29,137457,264.11,2850,79302.0,57.69
HINDZINC, 27-Aug-2026,629.5,631.4,610.05,610.1,626.5,4838968,29893.35,60971,1756664.0,36.3
HIRECT, 27-Aug-2026,1235.8,1242.9,1202.1,1223.0,1246.8,62144,758.6,6013,28462.0,45.8
HISARMETAL, 27-Aug-2026,151.02,151.8,148.35,149.23,151.82,201,0.3,17,161.0,80.1
HITECH, 27-Aug-2026,81.8,82.39,77.7,77.93,81.92,1117888,883.86,6144,566442.0,50.67
HLEGLAS, 27-Aug-2026,313.9,316.0,312.0,314.85,313.45,52671,165.47,1445,33900.0,64.36
HLVLTD, 27-Aug-2026,6.66,6.66,6.56,6.63,6.62,123353,8.16,366,103856.0,84.19
HMAAGRO, 27-Aug-2026,21.0,21.32,20.8,20.9,20.96,2987601,625.84,2831,2428898.0,81.3
HNDFDS, 27-Aug-2026,633.0,640.0,630.0,635.55,636.5,27024,171.78,2437,13675.0,50.6
HNGSNGBEES, 27-Aug-2026,487.75,487.75,470.86,472.5,475.86,80747,382.23,3871,56822.0,70.37
HOACFOODS, 27-Aug-2026,869.95,869.95,845.0,845.0,850.0,2250,19.26,6,2250.0,100.0
HOLMARC, 27-Aug-2026,102.05,102.1,102.0,102.0,105.95,3000,3.06,4,3000.0,100.0
HOMEFIRST, 27-Aug-2026,1184.0,1204.3,1183.0,1200.2,1183.7,118552,1419.38,10572,84618.0,71.38
HONASA, 27-Aug-2026,476.8,491.75,476.75,484.85,475.5,1169028,5683.7,31806,541658.0,46.33
HONAUT, 27-Aug-2026,36145.0,36895.0,36145.0,36800.0,36445.0,1961,719.65,1205,798.0,40.69
HONDAPOWER, 27-Aug-2026,2074.1,2090.0,2060.0,2068.3,2062.3,4023,83.2,382,2000.0,49.71
HORIZONIND, 27-Aug-2026,55.51,57.5,55.51,56.78,56.78,4091943,2319.73,20326,2148718.0,52.51
HPAL, 27-Aug-2026,34.79,35.99,34.31,34.63,34.72,66278,22.99,496,50425.0,76.08
HPIL, 27-Aug-2026,127.0,127.0,123.61,123.81,128.62,551,0.68,23,448.0,81.31
HPL, 27-Aug-2026,312.0,313.5,306.3,307.65,313.5,79285,244.79,2920,45355.0,57.21
HPTL, 27-Aug-2026,316.0,316.0,316.0,316.0,332.6,600,1.9,1,600.0,100.0
HRHNEXT, 27-Aug-2026,26.7,27.9,26.7,27.3,28.1,6000,1.62,4,4500.0,75.0
HRYNSHP, 27-Aug-2026,101.98,101.98,91.0,99.86,102.49,314,0.32,32,274.0,87.26
HSBCGOLD, 27-Aug-2026,140.0,140.0,136.0,136.93,139.62,269400,368.34,209,265056.0,98.39
HSCL, 27-Aug-2026,663.9,676.6,657.5,674.35,663.85,7924818,52872.72,69727,2642391.0,33.34
HTMEDIA, 27-Aug-2026,26.99,27.68,26.92,27.05,26.88,47718,12.9,148,34947.0,73.24
HUBTOWN, 27-Aug-2026,189.35,189.35,184.0,184.71,188.5,350523,653.35,3672,220452.0,62.89
HUDCO, 27-Aug-2026,186.95,187.4,181.79,182.63,186.95,1437057,2646.87,20895,800657.0,55.72
HUHTAMAKI, 27-Aug-2026,270.4,270.4,259.0,260.5,270.4,143477,376.64,3777,88604.0,61.75
HYBRIDETF, 27-Aug-2026,10.23,10.23,10.16,10.19,10.21,29112,2.97,52,29103.0,99.97
HYUNDAI, 27-Aug-2026,2247.0,2281.0,2247.0,2253.0,2250.0,928582,21045.74,81352,502165.0,54.08
IBLFL, 27-Aug-2026,61.0,61.0,61.0,61.0,61.0,6000,3.66,3,6000.0,100.0
IBULLSLTD, 27-Aug-2026,27.0,27.11,25.92,26.11,27.03,9006870,2381.18,13426,6092383.0,67.64
ICDSLTD, 27-Aug-2026,41.32,41.63,41.25,41.63,41.09,524,0.22,11,373.0,71.18
ICELCO, 27-Aug-2026,135.1,135.7,125.0,127.05,136.55,136800,175.54,102,105600.0,77.19
ICEMAKE, 27-Aug-2026,728.9,752.05,717.0,747.65,734.0,25790,191.73,1801,12119.0,46.99
ICICIAMC, 27-Aug-2026,3099.7,3118.2,3060.7,3093.6,3222.8,4775198,147475.04,141992,2234661.0,46.8
ICICIB22, 27-Aug-2026,115.01,116.03,114.4,114.52,115.43,429327,492.35,3153,320255.0,74.59
ICICIBANK, 27-Aug-2026,1445.0,1453.8,1433.1,1443.0,1430.0,11539716,166740.63,193417,6260117.0,54.25
ICICIGI, 27-Aug-2026,1594.0,1606.0,1585.4,1588.1,1596.9,864889,13793.79,23956,558153.0,64.53
ICICIPRULI, 27-Aug-2026,518.35,518.95,509.0,510.0,515.05,515424,2650.01,13789,286252.0,55.54
ICIL, 27-Aug-2026,426.0,432.7,420.55,423.4,425.6,280466,1191.88,10751,100380.0,35.79
ICRA, 27-Aug-2026,4909.2,4937.5,4821.1,4832.5,4907.8,26070,1265.72,5101,17909.0,68.7
IDBI, 27-Aug-2026,95.0,95.88,91.5,92.24,94.75,17091152,16053.42,58660,4737100.0,27.72
IDEA, 27-Aug-2026,15.12,15.26,14.91,14.97,15.06,430678395,64707.87,450734,111511140.0,25.89
IDEAFORGE, 27-Aug-2026,814.0,821.3,803.1,805.0,805.95,156158,1267.09,8233,89813.0,57.51
IDFCFIRSTB, 27-Aug-2026,84.4,84.88,83.72,83.8,84.4,10079336,8475.2,42880,4929363.0,48.91
IDFNIFTYET, 27-Aug-2026,267.95,268.75,266.5,267.17,269.09,3722,9.96,39,1383.0,37.16
IEML, 27-Aug-2026,43.4,44.5,42.4,44.1,43.8,31500,13.78,37,27500.0,87.3
IEX, 27-Aug-2026,122.0,122.95,121.65,122.0,122.0,2063529,2522.51,30386,921115.0,44.64
IFBAGRO, 27-Aug-2026,978.75,978.75,941.1,946.15,959.2,4285,40.85,339,3350.0,78.18
IFBIND, 27-Aug-2026,1369.8,1372.0,1345.1,1351.6,1369.8,22854,310.31,2326,14685.0,64.26
IFCI, 27-Aug-2026,85.95,88.2,83.36,84.27,85.44,44599176,38571.96,106261,13851449.0,31.06
IFGLEXPOR, 27-Aug-2026,215.01,218.79,211.0,212.96,215.01,18285,39.15,933,9130.0,49.93
IGARASHI, 27-Aug-2026,427.0,432.85,420.05,420.8,426.5,49708,210.76,2221,24474.0,49.24
IGCL, 27-Aug-2026,71.96,72.58,71.2,72.24,72.46,69100,49.78,518,30432.0,44.04
IGIL, 27-Aug-2026,349.2,349.2,339.4,343.55,347.85,263451,904.19,14622,129394.0,49.12
IGL, 27-Aug-2026,148.72,149.34,146.22,147.17,148.72,1043160,1541.43,19784,639014.0,61.26
IGPL, 27-Aug-2026,526.0,541.0,514.0,521.95,523.85,250151,1329.88,9834,117382.0,46.92
IIFL, 27-Aug-2026,650.0,659.6,632.0,635.65,654.05,2283168,14667.92,51410,1287780.0,56.4
IIFLCAPS, 27-Aug-2026,336.3,339.2,333.8,334.4,336.4,212029,712.13,7614,109330.0,51.56
IITL, 27-Aug-2026,156.49,162.0,155.0,159.91,155.57,106801,169.01,1249,18801.0,17.6
IKIO, 27-Aug-2026,191.3,193.2,185.0,186.14,192.08,119881,225.45,2756,70978.0,59.21
IKS, 27-Aug-2026,1741.4,1771.0,1724.0,1750.6,1741.4,180738,3161.71,20007,123507.0,68.33
IMAGICAA, 27-Aug-2026,50.1,60.21,50.05,60.21,50.18,34242813,19989.56,101627,9264824.0,27.06
IMFA, 27-Aug-2026,1380.8,1404.4,1363.0,1367.9,1380.5,74662,1029.88,8100,44227.0,59.24
IMPAL, 27-Aug-2026,1089.5,1120.0,1089.5,1108.1,1082.4,2325,25.73,306,1878.0,80.77
INA, 27-Aug-2026,93.64,94.17,90.0,90.55,93.21,979655,895.76,6995,414773.0,42.34
INCREDIBLE, 27-Aug-2026,34.49,34.49,32.52,32.85,34.3,3484,1.16,56,2669.0,76.61
INDBANK, 27-Aug-2026,32.0,32.0,31.52,31.55,31.94,25096,7.94,213,20412.0,81.34
INDGN, 27-Aug-2026,570.0,574.0,561.9,567.35,569.7,464592,2641.83,22972,289568.0,62.33
INDHOTEL, 27-Aug-2026,722.0,726.35,713.0,718.5,721.0,863865,6188.14,20108,546059.0,63.21
INDIACEM, 27-Aug-2026,373.75,374.4,368.15,369.05,371.85,34132,126.45,3685,14480.0,42.42
INDIAGLYCO, 27-Aug-2026,1190.0,1210.0,1182.2,1203.3,1190.5,304427,3646.49,27241,178754.0,58.72
INDIAMART, 27-Aug-2026,1750.5,1770.9,1744.1,1755.4,1751.9,106982,1883.7,9727,75376.0,70.46
INDIANB, 27-Aug-2026,891.95,896.15,875.35,884.4,889.0,596643,5281.32,18821,276282.0,46.31
INDIANCARD, 27-Aug-2026,212.8,212.99,207.38,208.03,208.67,2682,5.63,85,1635.0,60.96
INDIANHUME, 27-Aug-2026,394.4,394.4,389.3,390.85,392.8,11045,43.14,603,7498.0,67.89
INDIASHLTR, 27-Aug-2026,660.0,662.45,647.15,650.3,659.0,115418,755.48,5599,86971.0,75.35
INDIGO, 27-Aug-2026,5255.0,5258.5,5178.0,5189.0,5250.5,352677,18371.08,34224,200797.0,56.94
INDIGOPNTS, 27-Aug-2026,1196.0,1196.0,1165.3,1170.2,1186.1,70872,837.54,10440,36078.0,50.91
INDIGRID, 27-Aug-2026,175.84,175.84,174.1,174.83,174.63,482542,842.8,7340,437288.0,90.62
INDIQUBE, 27-Aug-2026,193.99,193.99,188.5,191.06,191.96,205256,389.83,3940,182436.0,88.88
INDNIPPON, 27-Aug-2026,1066.1,1082.9,1056.0,1062.2,1066.1,9885,105.75,1104,5824.0,58.92
INDOBORAX, 27-Aug-2026,505.7,516.95,498.1,503.0,505.7,142026,718.98,7188,46788.0,32.94
INDOCO, 27-Aug-2026,238.94,246.0,237.0,242.53,238.94,174592,422.56,4315,82709.0,47.37
INDOFARM, 27-Aug-2026,139.0,143.29,138.0,138.24,139.67,71355,100.0,1674,38565.0,54.05
INDOKEM, 27-Aug-2026,607.0,635.0,607.0,610.85,624.0,1758,10.8,156,1542.0,87.71
INDOMIM, 27-Aug-2026,893.0,924.45,871.2,877.5,895.75,1723758,15461.08,48199,609294.0,35.35
INDORAMA, 27-Aug-2026,61.56,64.98,61.21,63.87,61.22,532500,338.4,4731,224006.0,42.07
INDOSTAR, 27-Aug-2026,259.5,259.5,248.4,255.05,259.5,168538,426.82,1861,104137.0,61.79
INDOTECH, 27-Aug-2026,3730.0,3844.0,3677.0,3712.2,3745.9,17022,640.14,2934,8998.0,52.86
INDOTHAI, 27-Aug-2026,48.61,48.61,48.61,48.61,51.16,200129,97.28,1014,200129.0,100.0
INDOUS, 27-Aug-2026,80.96,83.46,80.05,80.79,80.96,4183,3.39,80,3734.0,89.27
INDOWIND, 27-Aug-2026,9.37,9.44,9.08,9.21,9.34,83274,7.69,319,74551.0,89.52
INDPRUD, 27-Aug-2026,6300.0,6300.0,6180.0,6200.0,6220.5,22,1.36,9,22.0,100.0
INDRAMEDCO, 27-Aug-2026,368.1,371.95,366.25,369.3,369.3,89754,331.33,3142,51956.0,57.89
INDSWFTLAB, 27-Aug-2026,359.9,366.4,352.51,358.04,367.48,694257,2500.9,15155,230000.0,33.13
INDTERRAIN, 27-Aug-2026,30.82,30.82,29.95,30.11,30.15,10083,3.03,74,7117.0,70.58
INDUSINDBK, 27-Aug-2026,1004.0,1005.3,994.5,1002.9,1004.0,1187891,11872.73,35835,647639.0,54.52
INDUSINVIT, 27-Aug-2026,133.55,135.2,133.55,134.28,134.52,67916,91.22,3897,51320.0,75.56
INDUSTOWER, 27-Aug-2026,379.95,384.2,374.3,379.95,377.7,9414509,35577.74,38472,6900595.0,73.3
INFINIUM, 27-Aug-2026,276.5,282.9,254.0,264.0,268.7,40500,108.35,74,27500.0,67.9
INFLUX, 27-Aug-2026,300.2,303.0,296.0,300.15,302.4,24600,73.8,34,19200.0,78.05
INFOBEAN, 27-Aug-2026,154.8,159.2,154.26,154.65,155.54,133984,208.06,1885,75097.0,56.05
INFOLLION, 27-Aug-2026,157.55,159.9,157.55,159.9,157.55,2800,4.46,7,1600.0,57.14
INFOMEDIA, 27-Aug-2026,5.06,5.37,5.05,5.11,5.22,14910,0.77,64,11469.0,76.92
INFRA, 27-Aug-2026,12.21,12.32,12.16,12.18,12.21,10519,1.28,130,9622.0,91.47
INFRABEES, 27-Aug-2026,966.49,966.49,958.0,959.2,965.09,11612,111.5,454,7164.0,61.69
INFRAIETF, 27-Aug-2026,97.06,97.06,95.07,95.3,96.07,170745,163.06,4241,91771.0,53.75
INFY, 27-Aug-2026,1120.0,1130.7,1107.2,1110.8,1120.0,6933998,77141.84,132760,3739281.0,53.93
INGERRAND, 27-Aug-2026,4581.0,4648.3,4560.0,4609.4,4576.7,14940,689.04,3009,7519.0,50.33
INNOMET, 27-Aug-2026,250.95,250.95,250.95,250.95,246.05,6600,16.56,9,6600.0,100.0
INNOVACAP, 27-Aug-2026,1026.0,1039.35,1011.0,1021.55,1031.25,47647,488.84,6597,27617.0,57.96
INNOVANA, 27-Aug-2026,317.05,319.9,309.3,313.6,316.9,1647,5.21,55,1605.0,97.45
INNOVISION, 27-Aug-2026,252.0,258.0,251.05,251.4,254.8,13867,35.01,973,8238.0,59.41
INOXGREEN, 27-Aug-2026,174.48,174.59,170.6,172.18,174.48,1810872,3115.25,8740,968663.0,53.49
INOXINDIA, 27-Aug-2026,1935.9,2224.0,1916.9,2177.9,1926.7,4484559,95119.78,252469,463046.0,10.33
INOXWIND, 27-Aug-2026,73.45,73.7,71.41,72.0,73.2,12554597,9055.62,52482,5534939.0,44.09
INSECTICID, 27-Aug-2026,579.5,585.0,564.4,567.1,579.5,75819,434.1,3548,40688.0,53.66
INSUREIETF, 27-Aug-2026,15.68,15.68,15.45,15.49,15.54,489470,75.95,179,456634.0,93.29
INTEGRITY, 27-Aug-2026,159.75,159.75,159.75,159.75,165.0,1200,1.92,1,1200.0,100.0
INTELLECT, 27-Aug-2026,685.65,687.0,674.65,678.3,684.0,183882,1252.47,15705,111667.0,60.73
INTENTECH, 27-Aug-2026,81.86,82.98,81.45,82.05,82.92,8344,6.85,306,4193.0,50.25
INTERARCH, 27-Aug-2026,1691.2,1703.4,1672.0,1685.6,1691.2,29383,495.77,3276,15152.0,51.57
INTERNET, 27-Aug-2026,15.13,15.13,14.73,14.76,14.83,105445,15.62,212,86483.0,82.02
INTLCONV, 27-Aug-2026,77.48,77.5,76.21,76.92,76.72,30038,23.14,930,22746.0,75.72
INVENTURE, 27-Aug-2026,0.98,0.99,0.96,0.97,0.97,993529,9.69,499,718393.0,72.31
IOB, 27-Aug-2026,33.2,33.23,32.8,32.9,33.1,1798508,592.73,9870,973437.0,54.12
IOC, 27-Aug-2026,139.37,139.48,136.69,137.57,139.48,6190652,8521.45,41463,3184502.0,51.44
IOLCP, 27-Aug-2026,187.7,195.64,184.21,193.07,186.01,10366009,19757.53,81096,2865973.0,27.65
IONEXCHANG, 27-Aug-2026,373.05,377.95,369.3,376.0,371.05,218431,818.03,8215,94448.0,43.24
IPCALAB, 27-Aug-2026,1954.8,1970.3,1947.3,1959.8,1952.4,122184,2388.69,15181,66244.0,54.22
IPHL, 27-Aug-2026,75.75,75.9,73.6,74.35,79.25,18000,13.47,14,14400.0,80.0
IPL, 27-Aug-2026,140.47,141.26,137.02,137.79,140.47,124420,172.68,1873,70879.0,56.97
IPRINGLTD, 27-Aug-2026,149.87,149.87,138.51,138.64,148.39,4545,6.46,114,3684.0,81.06
IPSL, 27-Aug-2026,216.0,216.0,216.0,216.0,216.0,500,1.08,1,500.0,100.0
IRB, 27-Aug-2026,19.52,19.63,19.12,19.32,19.46,7026959,1364.47,19789,2603635.0,37.05
IRBINVIT, 27-Aug-2026,63.75,63.75,63.26,63.67,63.39,646370,409.62,3659,589497.0,91.2
IRCON, 27-Aug-2026,124.05,125.92,122.1,123.04,124.05,1788487,2221.77,17896,392065.0,21.92
IRCTC, 27-Aug-2026,491.75,492.5,486.0,487.55,491.75,581723,2841.66,25172,302775.0,52.05
IREDA, 27-Aug-2026,118.1,118.4,116.3,117.4,118.8,4163114,4880.29,24867,1278255.0,30.7
IRFC, 27-Aug-2026,85.7,86.16,84.5,84.65,85.7,7178981,6112.93,45050,3378813.0,47.07
IRIS, 27-Aug-2026,235.0,247.35,235.0,235.68,237.61,15317,36.62,618,9099.0,59.4
IRISDOREME, 27-Aug-2026,57.61,58.18,56.66,57.93,57.85,2582866,1480.92,5122,1856759.0,71.89
IRMENERGY, 27-Aug-2026,289.0,291.45,281.7,283.1,287.5,38894,110.67,1446,20069.0,51.6
ISFT, 27-Aug-2026,92.89,97.0,92.72,95.17,96.68,132402,124.63,1023,16595.0,12.53
ISGEC, 27-Aug-2026,773.9,783.0,759.3,780.4,769.3,47827,369.59,9794,23737.0,49.63
ISHAN, 27-Aug-2026,0.55,0.55,0.55,0.55,0.55,144000,0.79,3,144000.0,100.0
ISHANCH, 27-Aug-2026,44.4,44.9,43.0,44.0,43.23,16067,7.02,315,9769.0,60.8
ISTLTD, 27-Aug-2026,660.0,670.0,651.0,668.9,657.3,354,2.32,38,265.0,74.86
IT, 27-Aug-2026,33.79,33.97,33.55,33.68,33.79,140975,47.47,747,88105.0,62.5
ITADD, 27-Aug-2026,32.24,32.41,32.07,32.19,32.19,25426,8.18,72,15488.0,60.91
ITALIANE, 27-Aug-2026,33.9,34.4,33.9,34.4,32.85,18000,6.17,9,18000.0,100.0
ITAXIS, 27-Aug-2026,335.32,335.52,329.83,332.0,335.47,4857,16.22,105,2443.0,50.3
ITBEES, 27-Aug-2026,34.1,34.6,33.6,33.71,33.76,6466719,2178.95,11680,3724837.0,57.6
ITBETA, 27-Aug-2026,319.89,319.89,317.33,319.0,321.38,543,1.73,18,373.0,68.69
ITC, 27-Aug-2026,269.5,271.25,268.0,269.0,270.25,8834890,23784.96,167184,4897886.0,55.44
ITCHOTELS, 27-Aug-2026,166.78,167.63,163.92,164.16,166.67,938238,1547.68,18467,545351.0,58.13
ITDC, 27-Aug-2026,685.0,686.95,657.0,659.35,684.05,75324,503.28,7304,28764.0,38.19
ITETF, 27-Aug-2026,32.99,32.99,32.01,32.07,32.26,176820,56.78,507,64338.0,36.39
ITI, 27-Aug-2026,277.2,278.8,274.6,275.2,278.55,94943,262.51,3406,48398.0,50.98
ITIETF, 27-Aug-2026,33.8,34.07,33.59,33.72,33.81,210787,71.05,1438,105523.0,50.06
ITL, 27-Aug-2026,356.0,372.0,354.95,367.2,364.0,2562,9.29,167,1732.0,67.6
IVALUE, 27-Aug-2026,271.35,276.9,271.35,274.75,271.5,210554,576.59,3767,162245.0,77.06
IVC, 27-Aug-2026,8.18,8.49,8.02,8.39,8.07,335741,27.91,968,278070.0,82.82
IVZBANKNF, 27-Aug-2026,57.72,57.72,57.66,57.66,57.72,178,0.1,3,178.0,100.0
IVZINGOLD, 27-Aug-2026,139.65,139.65,135.35,136.75,139.65,12054,16.46,300,8492.0,70.45
IVZINNIFTY, 27-Aug-2026,278.59,278.59,276.17,277.01,278.2,153,0.43,25,133.0,86.93
IVZSENSEX, 27-Aug-2026,77.82,77.82,77.16,77.37,77.55,106,0.08,11,67.0,63.21
IWARE, 27-Aug-2026,435.4,445.0,430.1,445.0,437.1,9600,42.01,16,9000.0,93.75
IWP, 27-Aug-2026,34.1,35.2,34.0,34.95,35.23,4327,1.51,41,3479.0,80.4
IXIGO, 27-Aug-2026,168.9,169.5,162.4,162.83,168.26,1184499,1944.27,15188,510548.0,43.1
IZMO, 27-Aug-2026,858.55,861.65,825.2,829.6,856.85,68003,569.78,7332,39118.0,57.52
J&KBANK, 27-Aug-2026,152.2,153.87,151.45,152.17,152.04,1374401,2094.35,15438,726317.0,52.85
JAGRAN, 27-Aug-2026,62.09,62.19,61.48,61.68,61.74,106545,65.7,1496,77601.0,72.83
JAGSNPHARM, 27-Aug-2026,242.0,242.66,235.1,236.99,242.2,66137,157.98,2199,37060.0,56.04
JAIBALAJI, 27-Aug-2026,70.0,71.9,69.16,70.16,68.58,1576419,1118.07,6089,911405.0,57.81
JAICORPLTD, 27-Aug-2026,102.0,102.4,99.47,100.1,101.98,279623,281.3,2559,133627.0,47.79
JAINIK, 27-Aug-2026,214.0,214.0,203.0,205.0,212.1,8400,17.39,7,7200.0,85.71
JAINREC, 27-Aug-2026,289.55,291.8,283.1,285.05,289.1,746344,2135.22,21799,353593.0,47.38
JAIPURKURT, 27-Aug-2026,26.64,27.2,26.07,26.33,26.64,8925,2.37,111,6434.0,72.09
JALAN, 27-Aug-2026,1.9,1.9,1.9,1.9,1.9,3000,0.06,1,3000.0,100.0
JAMNAAUTO, 27-Aug-2026,121.09,121.5,119.52,119.88,120.96,660513,795.91,6978,372338.0,56.37
JARO, 27-Aug-2026,465.0,468.0,458.1,463.15,461.1,124691,577.2,3351,21471.0,17.22
JASH, 27-Aug-2026,489.7,492.2,480.0,484.65,489.8,73386,356.16,4087,41832.0,57.0
JAYAGROGN, 27-Aug-2026,224.9,230.7,220.15,222.07,223.25,17966,40.27,340,14929.0,83.1
JAYBARMARU, 27-Aug-2026,122.75,126.53,122.0,122.58,123.85,269351,335.45,2612,142466.0,52.89
JAYBEE, 27-Aug-2026,85.2,85.95,82.5,83.75,83.65,13500,11.42,26,10500.0,77.78
JAYESH, 27-Aug-2026,135.5,135.5,135.5,135.5,135.0,1000,1.36,1,1000.0,100.0
JAYKAY, 27-Aug-2026,171.0,173.8,164.8,169.62,168.94,700707,1189.05,11068,350128.0,49.97
JAYNECOIND, 27-Aug-2026,102.9,103.62,100.67,101.09,102.23,2438834,2490.71,17524,1021825.0,41.9
JAYSREETEA, 27-Aug-2026,102.05,104.8,100.0,100.1,102.05,84909,86.77,1104,49763.0,58.61
JBMA, 27-Aug-2026,652.0,653.95,643.15,645.25,653.4,135727,878.63,8017,53565.0,39.47
JENBURPH, 27-Aug-2026,1056.0,1056.0,1026.6,1032.8,1050.1,665,6.95,51,574.0,86.32
JETFREIGHT, 27-Aug-2026,22.5,23.1,22.26,22.85,22.86,159035,36.06,1059,84478.0,53.12
JETKNIT, 27-Aug-2026,48.45,48.45,48.45,48.45,50.95,750,0.36,1,750.0,100.0
JEYYAM, 27-Aug-2026,23.0,23.6,22.25,22.8,22.8,46000,10.58,22,30000.0,65.22
JGCHEM, 27-Aug-2026,603.9,606.8,582.7,585.5,597.95,92153,544.57,5020,40586.0,44.04
JHS, 27-Aug-2026,9.34,9.34,8.85,8.95,9.0,54116,4.96,221,33134.0,61.23
JINDALPHOT, 27-Aug-2026,1057.0,1083.0,1035.1,1041.0,1042.6,1901,20.08,242,1065.0,56.02
JINDALPOLY, 27-Aug-2026,645.0,646.0,636.05,637.55,641.4,7939,50.7,447,4335.0,54.6
JINDALSAW, 27-Aug-2026,303.8,316.95,303.4,310.25,302.45,8584804,26745.85,92781,1739928.0,20.27
JINDALSTEL, 27-Aug-2026,1176.0,1196.4,1166.6,1170.0,1175.4,1533812,18131.35,49500,792198.0,51.65
JINDRILL, 27-Aug-2026,635.0,657.95,624.45,630.55,632.45,531304,3408.28,18901,141496.0,26.63
JINDWORLD, 27-Aug-2026,35.01,37.86,35.01,36.83,34.84,14872279,5511.99,46504,1420140.0,9.55
JIOFIN, 27-Aug-2026,242.0,242.65,238.1,238.1,241.0,7638222,18326.17,65762,4291318.0,56.18
JISLDVREQS, 27-Aug-2026,21.95,21.97,20.92,21.13,21.61,51960,11.06,256,37070.0,71.34
JISLJALEQS, 27-Aug-2026,30.49,31.0,29.47,29.69,30.07,4772124,1451.16,11832,1919843.0,40.23
JITFINFRA, 27-Aug-2026,324.6,329.5,317.7,321.5,321.55,15909,51.49,568,9486.0,59.63
JKCEMENT, 27-Aug-2026,5290.0,5299.0,5213.0,5233.5,5277.0,12186,637.75,3449,4579.0,37.58
JKIL, 27-Aug-2026,500.4,506.95,495.0,504.25,500.65,77485,389.12,3158,51367.0,66.29
JKIPL, 27-Aug-2026,109.5,109.69,106.02,109.12,106.39,34996,37.81,514,25425.0,72.65
JKLAKSHMI, 27-Aug-2026,548.85,551.9,542.05,544.2,549.85,107723,590.08,10065,46032.0,42.73
JKPAPER, 27-Aug-2026,396.55,403.4,387.2,390.4,396.55,408338,1613.92,12599,163642.0,40.08
JKTYRE, 27-Aug-2026,383.55,384.0,377.3,378.75,383.55,282760,1074.97,7884,147672.0,52.23
JLHL, 27-Aug-2026,298.0,310.0,295.55,307.45,298.75,154727,469.63,8453,61664.0,39.85
JMA, 27-Aug-2026,91.47,94.25,89.8,93.04,90.77,22629,20.99,278,18255.0,80.67
JMFINANCIL, 27-Aug-2026,132.25,133.4,130.0,130.45,132.84,2417959,3172.77,22055,1083191.0,44.8
JNKINDIA, 27-Aug-2026,454.0,457.9,442.05,444.75,453.25,98066,438.53,2501,57310.0,58.44
JNPR, 27-Aug-2026,278.3,282.0,246.2,254.32,267.44,8844030,23208.29,111663,2195895.0,24.83
JPOLYINVST, 27-Aug-2026,982.1,1065.0,960.0,966.1,992.2,31789,321.86,3813,10679.0,33.59
JPPOWER, 27-Aug-2026,17.02,17.13,16.89,16.92,16.98,19664574,3331.45,94946,9150754.0,46.53
JSFB, 27-Aug-2026,551.6,558.0,538.6,544.55,547.1,1278810,7002.71,32162,698532.0,54.62
JSL, 27-Aug-2026,713.1,714.0,702.05,705.0,712.95,276256,1950.6,31863,149491.0,54.11
JSLL, 27-Aug-2026,514.05,515.95,500.1,501.9,514.25,309670,1569.46,12186,168273.0,54.34
JSWCEMENT, 27-Aug-2026,126.09,127.34,123.61,126.55,124.97,1620103,2022.69,29736,877539.0,54.17
JSWDULUX, 27-Aug-2026,3100.0,3134.0,3090.1,3110.4,3106.0,22595,701.71,6231,13487.0,59.69
JSWENERGY, 27-Aug-2026,544.15,545.9,528.3,542.1,543.5,2902000,15648.17,49579,1371443.0,47.26
JSWHL, 27-Aug-2026,11831.0,11831.0,11498.0,11735.0,11832.0,4377,510.34,1458,2302.0,52.59
JSWINFRA, 27-Aug-2026,345.05,348.0,334.3,337.95,344.95,2833326,9621.93,54000,1750961.0,61.8
JSWSTEEL, 27-Aug-2026,1351.0,1351.0,1330.0,1337.5,1341.0,2647838,35426.46,72599,1629159.0,61.53
JTEKTINDIA, 27-Aug-2026,126.53,128.12,125.82,126.18,126.53,82110,104.09,1292,50729.0,61.78
JTLIND, 27-Aug-2026,81.8,85.8,81.16,82.57,81.01,6724877,5602.72,31944,2673595.0,39.76
JUBLCPL, 27-Aug-2026,2152.4,2176.7,2101.9,2122.9,2141.7,4614,98.54,588,2765.0,59.93
JUBLFOOD, 27-Aug-2026,499.1,509.0,495.05,504.0,499.5,974638,4877.98,24237,338899.0,34.77
JUBLINGREA, 27-Aug-2026,713.05,713.05,687.1,691.1,708.15,171316,1193.57,11616,95953.0,56.01
JUBLPHARMA, 27-Aug-2026,887.4,894.75,875.0,878.7,887.4,86026,758.3,12291,46699.0,54.28
JUNIORBEES, 27-Aug-2026,814.16,814.16,803.25,805.78,806.9,369315,2973.57,7087,252969.0,68.5
JUNIPER, 27-Aug-2026,215.0,217.5,209.91,216.05,212.04,470586,1009.67,6257,295433.0,62.78
JUSTDIAL, 27-Aug-2026,647.65,650.0,637.3,640.5,647.65,82613,530.0,4060,38034.0,46.04
JWL, 27-Aug-2026,246.4,252.9,245.9,247.0,246.85,680272,1690.4,13619,242969.0,35.72
JYOTHYLAB, 27-Aug-2026,211.85,214.96,208.36,209.52,211.87,910612,1923.74,17026,403553.0,44.32
JYOTICNC, 27-Aug-2026,1017.45,1040.5,1009.0,1029.8,1012.7,873758,8958.46,42091,394969.0,45.2
JYOTIGLOBL, 27-Aug-2026,37.85,38.2,37.85,38.2,39.65,6000,2.28,3,4000.0,66.67
JYOTIRES, 27-Aug-2026,900.0,910.0,890.0,890.55,903.65,5200,46.51,586,3038.0,58.42
JYOTISTRUC, 27-Aug-2026,10.32,10.46,10.16,10.19,10.32,2753746,282.83,3584,1538778.0,55.88
K2INFRA, 27-Aug-2026,50.95,51.8,50.2,51.1,50.95,7200,3.69,11,6000.0,83.33
KABRAEXTRU, 27-Aug-2026,602.85,609.8,587.0,589.6,601.65,129623,775.76,4491,65048.0,50.18
KAJARIACER, 27-Aug-2026,1212.9,1212.9,1187.0,1200.4,1209.5,151659,1819.32,12747,69392.0,45.76
KAKATCEM, 27-Aug-2026,114.1,116.67,113.1,115.39,113.99,2465,2.84,76,1543.0,62.6
KALAMANDIR, 27-Aug-2026,88.29,88.29,86.1,86.48,87.8,257232,224.11,2278,142092.0,55.24
KALANA, 27-Aug-2026,24.7,24.7,24.7,24.7,26.0,18000,4.45,8,18000.0,100.0
KALPATARU, 27-Aug-2026,279.75,280.65,272.95,274.15,277.0,52410,144.14,987,40769.0,77.79
KALYANIFRG, 27-Aug-2026,681.95,699.0,666.05,682.45,675.0,1821,12.47,219,1125.0,61.78
KALYANKJIL, 27-Aug-2026,610.6,635.95,609.9,629.3,610.6,14631430,91549.45,134336,3462338.0,23.66
KAMAHOLD, 27-Aug-2026,2387.5,2403.6,2381.0,2389.4,2385.5,3320,79.43,323,2661.0,80.15
KAMANWALA, 27-Aug-2026,16.35,16.8,16.0,16.52,16.38,5619,0.91,62,5047.0,89.82
KAMATHOTEL, 27-Aug-2026,228.33,239.63,226.0,236.51,227.08,181700,425.78,4405,94876.0,52.22
KAMOPAINTS, 27-Aug-2026,4.53,4.67,4.51,4.54,4.53,115936,5.28,392,92772.0,80.02
KANANIIND, 27-Aug-2026,1.49,1.5,1.4,1.47,1.49,145295,2.12,217,101047.0,69.55
KANCHI, 27-Aug-2026,432.45,432.45,400.0,420.0,411.9,14970,62.87,514,7479.0,49.96
KANCOTEA, 27-Aug-2026,57.9,57.9,56.35,56.35,56.35,6,0.0,2,6.0,100.0
KANDARP, 27-Aug-2026,96.05,96.05,96.05,96.05,101.0,1000,0.96,1,1000.0,100.0
KANPRPLA, 27-Aug-2026,268.0,274.0,260.41,268.49,263.27,28339,75.39,681,18723.0,66.07
KANSAINER, 27-Aug-2026,200.75,201.22,198.0,198.44,201.33,129493,257.99,4515,76215.0,58.86
KAPSTON, 27-Aug-2026,508.05,510.3,500.0,501.0,505.25,31930,160.87,1495,21205.0,66.41
KARMAENG, 27-Aug-2026,37.55,39.95,37.55,38.05,38.0,410,0.16,17,373.0,90.98
KARNIKA, 27-Aug-2026,113.5,115.6,112.1,114.85,112.35,21000,24.03,20,18000.0,85.71
KARURVYSYA, 27-Aug-2026,356.85,358.5,345.05,346.3,354.35,1792437,6283.62,34099,956563.0,53.37
KATARIA, 27-Aug-2026,106.75,111.0,103.5,103.5,105.0,17400,18.58,23,14400.0,82.76
KAVDEFENCE, 27-Aug-2026,58.65,60.3,57.5,57.83,58.41,77154,45.33,1207,33975.0,44.04
KAYNES, 27-Aug-2026,4020.0,4113.2,4004.0,4018.8,4032.0,919380,37291.74,54712,239857.0,26.09
KAYTEX, 27-Aug-2026,57.3,57.3,56.1,56.7,55.3,4000,2.28,5,3200.0,80.0
KCEIL, 27-Aug-2026,82.0,83.95,81.0,81.3,83.0,6500,5.31,13,5500.0,84.62
KCK, 27-Aug-2026,14.65,14.65,14.6,14.65,14.5,15000,2.2,5,15000.0,100.0
KCP, 27-Aug-2026,172.03,175.07,168.2,169.51,172.03,78496,133.55,1685,42635.0,54.31
KDDL, 27-Aug-2026,4033.5,4063.8,3921.5,3947.2,3941.1,59602,2379.77,10174,27054.0,45.39
KDL, 27-Aug-2026,105.75,107.4,97.05,97.75,104.75,41850,42.07,174,30000.0,71.68
KEC, 27-Aug-2026,429.95,431.9,419.1,421.4,430.15,786288,3336.12,20448,508757.0,64.7
KECL, 27-Aug-2026,130.05,132.79,129.0,129.87,130.44,64722,84.46,1259,35497.0,54.85
KEEPLEARN, 27-Aug-2026,1.98,1.99,1.91,1.98,1.98,15874,0.31,72,13282.0,83.67
KEI, 27-Aug-2026,5580.0,5590.0,5448.4,5536.0,5540.0,213782,11815.98,23216,67087.0,31.38
KELLTONTEC, 27-Aug-2026,13.5,15.45,13.3,14.86,13.51,58182615,8595.97,132001,4349460.0,7.48
KEN, 27-Aug-2026,40.0,40.35,39.25,39.9,39.6,26400,10.54,12,21600.0,81.82
KENNAMET, 27-Aug-2026,4327.7,4555.0,4275.2,4515.1,4325.5,64402,2837.36,11903,24501.0,38.04
KERNEX, 27-Aug-2026,1858.0,1890.0,1795.0,1801.2,1860.4,196546,3592.01,14491,97785.0,49.75
KEYFINSERV, 27-Aug-2026,257.0,257.0,255.0,255.0,256.65,33,0.08,6,23.0,69.7
KFINTECH, 27-Aug-2026,972.8,976.0,942.6,957.0,976.5,1169583,11190.73,33090,463246.0,39.61
KHAICHEM, 27-Aug-2026,57.18,57.51,55.31,55.52,56.92,177755,99.41,1291,94771.0,53.32
KHAITANLTD, 27-Aug-2026,145.0,147.97,141.01,144.78,146.96,729,1.05,44,437.0,59.95
KHANDSE, 27-Aug-2026,17.0,17.87,16.53,17.38,17.05,431,0.08,41,376.0,87.24
KICL, 27-Aug-2026,5331.0,5335.0,5179.5,5238.0,5260.5,1165,60.82,197,845.0,72.53
KIMS, 27-Aug-2026,756.7,785.85,756.7,768.45,756.1,889873,6861.79,46415,506968.0,56.97
KINGFA, 27-Aug-2026,6090.0,6090.0,5930.0,5960.5,6060.5,6668,400.37,1833,3373.0,50.58
KIOCL, 27-Aug-2026,388.0,390.85,380.65,382.8,388.95,64958,249.98,2412,29810.0,45.89
KIRANVYPAR, 27-Aug-2026,205.0,205.0,198.5,200.62,202.0,1570,3.19,39,1271.0,80.96
KIRIINDUS, 27-Aug-2026,514.0,518.85,473.15,481.1,516.2,1021978,5088.0,24136,526482.0,51.52
KIRLFER, 27-Aug-2026,448.0,449.0,442.75,447.6,448.3,30799,137.14,1604,20644.0,67.03
KIRLOSBROS, 27-Aug-2026,1914.9,1919.0,1885.8,1899.3,1900.7,41120,782.87,6015,19652.0,47.79
KIRLOSENG, 27-Aug-2026,2060.0,2120.0,2024.1,2100.2,2036.6,521433,10920.11,36634,293881.0,56.36
KIRLOSIND, 27-Aug-2026,3772.1,3772.1,3691.0,3704.2,3774.0,5375,199.45,1416,3698.0,68.8
KIRLPNU, 27-Aug-2026,728.0,736.5,720.2,731.5,728.6,83823,611.39,12991,44965.0,53.64
KISSHT, 27-Aug-2026,306.4,309.5,297.0,303.1,306.55,1710152,5198.62,32985,1011417.0,59.14
KITEX, 27-Aug-2026,126.74,134.95,125.75,129.86,126.8,2143828,2824.93,21542,393267.0,18.34
KJMCFIN, 27-Aug-2026,72.95,72.95,66.41,69.11,73.78,7457,5.04,82,7177.0,96.25
KKCL, 27-Aug-2026,514.55,515.85,497.0,498.2,514.8,24953,125.6,1519,17163.0,68.78
KKJEWELS, 27-Aug-2026,101.4,101.4,98.0,98.0,101.4,6000,6.0,6,5000.0,83.33
KLBRENG-B, 27-Aug-2026,394.9,399.0,389.0,390.9,394.9,97542,382.61,2211,62950.0,64.54
KLL, 27-Aug-2026,23.85,23.9,21.0,21.35,22.2,28800,6.2,28,24800.0,86.11
KMCSHIL, 27-Aug-2026,139.73,140.6,136.01,138.18,138.91,54285,74.7,990,28034.0,51.64
KMEW, 27-Aug-2026,2878.4,2995.0,2791.0,2969.0,2777.8,303914,8861.71,39694,96987.0,31.91
KMSUGAR, 27-Aug-2026,32.0,32.5,30.25,30.61,31.96,338995,105.93,1459,195267.0,57.6
KNACK, 27-Aug-2026,195.2,196.0,190.31,192.05,195.3,654182,1261.58,7911,316870.0,48.44
KNAGRI, 27-Aug-2026,213.95,217.38,213.95,214.23,215.29,12730,27.31,143,11715.0,92.03
KNRCON, 27-Aug-2026,123.42,125.47,122.1,122.45,123.42,768064,948.94,8152,425185.0,55.36
KODYTECH, 27-Aug-2026,1375.0,1410.0,1352.0,1384.2,1403.7,7000,97.19,43,6900.0,98.57
KOHINOOR, 27-Aug-2026,34.3,35.8,33.21,34.35,34.66,134853,46.44,1509,66760.0,49.51
KOKUYOCMLN, 27-Aug-2026,79.93,82.0,79.2,81.21,79.93,50733,40.98,826,31571.0,62.23
KOLTEPATIL, 27-Aug-2026,456.0,458.5,446.1,447.95,456.7,60697,274.54,2732,25486.0,41.99
KONSTELEC, 27-Aug-2026,61.5,61.5,58.45,59.3,61.5,81000,47.99,49,76000.0,93.83
KONTOR, 27-Aug-2026,57.15,57.15,57.15,57.15,57.15,1200,0.69,2,1200.0,100.0
KORE, 27-Aug-2026,105.0,118.45,97.15,105.75,107.7,133250,141.67,224,111500.0,83.68
KOTAKBANK, 27-Aug-2026,415.75,427.7,415.0,424.2,416.7,32914085,139671.31,279000,22309765.0,67.78
KOTHARIPET, 27-Aug-2026,134.4,136.76,130.06,131.52,134.4,54045,71.82,1508,29326.0,54.26
KOTHARIPRO, 27-Aug-2026,69.0,69.0,68.0,68.84,68.06,2727,1.87,57,1687.0,61.86
KOTIC, 27-Aug-2026,152.03,152.03,144.0,149.0,149.05,8608,12.73,334,4880.0,56.69
KOVAI, 27-Aug-2026,6084.0,6111.0,5985.0,6014.0,6122.0,1955,117.69,414,1361.0,69.62
KPEL, 27-Aug-2026,250.25,252.35,243.2,244.9,250.35,266015,654.9,5646,154974.0,58.26
KPIGREEN, 27-Aug-2026,322.0,322.05,316.05,316.65,322.0,294592,936.34,8227,149608.0,50.78
KPIL, 27-Aug-2026,1391.5,1405.0,1384.5,1391.0,1391.3,121480,1693.4,13940,78964.0,65.0
KPITTECH, 27-Aug-2026,589.5,592.9,579.65,588.0,590.0,1063360,6227.36,27165,486395.0,45.74
KPL, 27-Aug-2026,3324.9,3418.8,3250.0,3267.1,3326.1,26045,862.27,4232,10159.0,39.01
KPRMILL, 27-Aug-2026,1141.5,1147.1,1120.0,1126.5,1136.0,136961,1547.39,14464,79911.0,58.35
KRBL, 27-Aug-2026,447.0,447.1,430.0,433.55,447.4,821268,3586.89,16245,353185.0,43.0
KREBSBIO, 27-Aug-2026,53.01,58.0,53.0,56.21,53.0,4874,2.71,153,4434.0,90.97
KRISHANA, 27-Aug-2026,205.0,206.39,189.67,191.92,205.16,1276320,2499.8,18455,634148.0,49.69
KRISHCA, 27-Aug-2026,167.4,170.0,154.95,156.0,165.0,90500,145.01,146,57500.0,63.54
KRISHIVAL, 27-Aug-2026,398.0,409.95,392.05,406.5,396.0,18323,73.84,306,15968.0,87.15
KRISHNADEF, 27-Aug-2026,1030.9,1049.0,1021.2,1031.0,1025.9,68280,706.16,6006,36524.0,53.49
KRITI, 27-Aug-2026,64.06,65.45,64.0,64.08,64.14,9207,5.93,76,8338.0,90.56
KRITIKA, 27-Aug-2026,5.5,5.59,5.43,5.44,5.5,78201,4.28,307,59397.0,75.95
KRITINUT, 27-Aug-2026,87.45,89.99,85.11,86.23,88.1,4106,3.57,131,2188.0,53.29
KRMAYURVED, 27-Aug-2026,281.2,288.65,280.25,281.6,279.8,72000,204.26,58,35000.0,48.61
KRN, 27-Aug-2026,1483.1,1568.6,1482.0,1535.4,1511.9,158253,2426.99,13382,72185.0,45.61
KROSS, 27-Aug-2026,219.1,223.17,214.1,215.11,217.72,677619,1481.13,12321,261399.0,38.58
KRSNAA, 27-Aug-2026,564.85,570.6,554.1,557.7,565.55,129490,730.62,10309,84276.0,65.08
KRT, 27-Aug-2026,113.47,114.56,112.81,113.19,113.19,849554,964.98,3701,714647.0,84.12
KRYSTAL, 27-Aug-2026,658.0,665.85,645.0,648.35,652.45,14332,93.83,900,7449.0,51.97
KSB, 27-Aug-2026,810.0,810.0,790.0,793.85,796.45,101117,809.73,8306,46312.0,45.8
KSCL, 27-Aug-2026,784.0,787.95,772.05,785.0,785.25,103150,807.09,3706,54781.0,53.11
KSE, 27-Aug-2026,178.4,184.0,175.63,177.96,180.23,14503,26.07,419,10141.0,69.92
KSHINTL, 27-Aug-2026,962.55,1019.0,952.0,962.35,948.25,376921,3694.96,29524,125915.0,33.41
KSHITIJPOL, 27-Aug-2026,3.03,3.19,2.96,3.01,3.11,2142718,64.69,1510,1464653.0,68.35
KSL, 27-Aug-2026,925.45,939.7,873.1,881.3,919.3,121094,1092.57,7171,49073.0,40.52
KSOLVES, 27-Aug-2026,275.45,275.45,266.05,267.85,273.4,29069,78.43,1403,19217.0,66.11
KSR, 27-Aug-2026,29.0,29.5,27.71,28.58,29.13,9317,2.63,355,7779.0,83.49
KTKBANK, 27-Aug-2026,336.75,338.8,326.0,327.15,337.7,1461115,4847.07,21649,771332.0,52.79
KUANTUM, 27-Aug-2026,72.69,72.89,72.0,72.31,72.35,62008,44.9,893,36072.0,58.17
KUSUMGAR, 27-Aug-2026,579.0,588.2,568.1,572.35,580.4,267183,1540.08,7387,118967.0,44.53
KWIL, 27-Aug-2026,47.01,47.87,46.05,46.35,46.48,16310637,7671.02,33871,5294762.0,32.46
LADDERUP, 27-Aug-2026,52.9,52.9,52.1,52.1,53.47,13,0.01,4,13.0,100.0
LAGNAM, 27-Aug-2026,75.57,76.0,75.25,75.47,75.55,4794,3.63,89,4290.0,89.49
LAHOTIOV, 27-Aug-2026,43.0,43.0,41.72,41.72,42.72,22,0.01,6,20.0,90.91
LAKSHMIMIL, 27-Aug-2026,8011.0,8298.0,8011.0,8298.0,8299.0,3,0.24,3,2.0,66.67
LAKSHYA, 27-Aug-2026,84.95,84.95,81.1,81.1,82.0,1600,1.33,2,800.0,50.0
LAL, 27-Aug-2026,8.93,9.05,8.82,8.98,8.93,17788,1.58,85,14714.0,82.72
LALITHAA, 27-Aug-2026,245.0,255.5,240.35,246.23,244.0,14189168,35279.2,145276,3495942.0,24.64
LALPATHLAB, 27-Aug-2026,1942.0,1948.8,1908.6,1936.4,1937.3,87929,1701.73,21600,49758.0,56.59
LAMBODHARA, 27-Aug-2026,141.0,147.19,139.51,140.71,141.88,38124,54.63,835,22436.0,58.85
LAMOSAIC, 27-Aug-2026,59.7,60.7,58.4,60.2,59.1,27000,16.16,25,27000.0,100.0
LANCER, 27-Aug-2026,11.8,12.1,11.5,11.64,11.72,511926,60.42,1042,416371.0,81.33
LANCORHOL, 27-Aug-2026,30.6,31.23,29.9,30.86,30.86,286030,87.91,2806,214188.0,74.88
LANDMARK, 27-Aug-2026,514.0,516.9,505.0,506.15,516.2,75404,383.84,4874,40159.0,53.26
LANDSMILL, 27-Aug-2026,0.7,0.72,0.68,0.69,0.7,2793423,19.53,775,1256649.0,44.99
LAOPALA, 27-Aug-2026,170.06,170.4,167.2,169.92,170.17,128865,217.18,4526,72383.0,56.17
LARGEMID50, 27-Aug-2026,36.99,36.99,36.86,36.86,36.9,175,0.06,6,175.0,100.0
LASA, 27-Aug-2026,7.2,7.2,6.83,6.97,6.94,16622,1.17,137,12463.0,74.98
LASERPOWER, 27-Aug-2026,328.0,329.0,318.1,319.6,328.2,623061,2011.43,11392,272855.0,43.79
LATENTVIEW, 27-Aug-2026,274.35,276.9,273.8,275.25,273.7,280800,773.03,10355,150825.0,53.71
LATTEYS, 27-Aug-2026,23.5,23.5,22.0,22.2,22.6,39358,8.79,178,23667.0,60.13
LAURUSLABS, 27-Aug-2026,1891.3,1930.0,1878.4,1929.4,1887.0,4249869,81110.22,78174,2755640.0,64.84
LAXMICOT, 27-Aug-2026,13.9,13.9,13.5,13.83,13.74,9049,1.25,50,8233.0,90.98
LAXMIDENTL, 27-Aug-2026,196.9,196.9,193.9,194.82,196.21,47648,92.89,1469,27107.0,56.89
LAXMIINDIA, 27-Aug-2026,128.35,128.35,122.0,122.5,126.73,108437,134.25,1144,57878.0,53.37
LCCINFOTEC, 27-Aug-2026,4.07,4.07,3.51,3.53,3.75,260156,9.65,378,138051.0,53.06
LCL, 27-Aug-2026,594.9,594.9,562.35,566.0,598.2,377787,2177.89,19417,174114.0,46.09
LEAPIND, 27-Aug-2026,160.5,165.75,160.5,161.77,159.65,5771795,9425.32,39770,2418191.0,41.9
LEENEE, 27-Aug-2026,10.24,10.24,9.15,9.82,9.84,58271,5.65,302,48080.0,82.51
LEMERITE, 27-Aug-2026,21.9,22.3,21.5,21.81,21.9,141633,31.14,306,35455.0,25.03
LEMONTREE, 27-Aug-2026,108.89,109.53,107.26,107.69,108.75,2259074,2440.3,26860,1332122.0,58.97
LENSKART, 27-Aug-2026,651.0,659.55,626.15,640.6,647.15,11600580,75527.4,152271,6690450.0,57.67
LEXUS, 27-Aug-2026,14.45,14.45,13.04,13.07,13.75,45143,5.99,189,38778.0,85.9
LFIC, 27-Aug-2026,138.9,144.85,136.0,136.56,136.65,1655,2.27,66,914.0,55.23
LGBBROSLTD, 27-Aug-2026,1697.4,1729.8,1671.4,1684.4,1688.9,63343,1074.95,8137,34938.0,55.16
LGEINDIA, 27-Aug-2026,1675.0,1716.9,1671.0,1700.4,1675.4,921188,15669.95,42134,560435.0,60.84
LGHL, 27-Aug-2026,178.82,181.35,177.47,179.9,176.1,9254,16.56,173,3093.0,33.42
LIBAS, 27-Aug-2026,10.5,10.9,10.11,10.47,10.65,6494,0.69,113,5154.0,79.37
LIBERTSHOE, 27-Aug-2026,248.8,248.8,244.0,245.1,248.1,8975,22.06,324,6556.0,73.05
LICHSGFIN, 27-Aug-2026,528.2,543.4,523.4,535.5,524.4,7375648,39410.53,78774,2138527.0,28.99
LICI, 27-Aug-2026,417.45,421.25,412.7,413.95,415.3,5422128,22560.98,44778,3109537.0,57.35
LICMFGOLD, 27-Aug-2026,142.3,143.7,140.0,141.35,143.75,119877,169.93,1347,57878.0,48.28
LICNETFGSC, 27-Aug-2026,29.75,29.75,29.33,29.69,29.67,2190,0.65,63,1745.0,79.68
LICNETFN50, 27-Aug-2026,271.76,272.41,270.69,271.72,272.99,402,1.09,16,381.0,94.78
LICNETFSEN, 27-Aug-2026,875.21,877.5,874.0,874.9,882.33,93,0.81,5,57.0,61.29
LICNFNHGP, 27-Aug-2026,278.07,279.77,278.07,278.67,279.82,71,0.2,12,46.0,64.79
LICNMID100, 27-Aug-2026,65.05,65.05,64.15,64.27,64.86,2206,1.42,62,1447.0,65.59
LIKHITHA, 27-Aug-2026,211.0,221.99,209.64,212.02,210.89,145162,311.68,2146,57472.0,39.59
LINC, 27-Aug-2026,97.75,97.78,94.5,95.04,97.2,23995,22.88,403,21034.0,87.66
LINCOLN, 27-Aug-2026,616.2,619.45,609.6,614.0,612.55,14024,86.13,1193,6807.0,48.54
LINDEINDIA, 27-Aug-2026,6595.0,6677.5,6536.0,6549.0,6598.5,16850,1108.43,4651,8456.0,50.18
LIQGRWBEES, 27-Aug-2026,1053.24,1053.26,1053.24,1053.24,1053.11,33383,351.6,127,27890.0,83.55
LIQUID, 27-Aug-2026,999.99,1000.0,999.99,999.99,999.99,76527,765.27,147,50012.0,65.35
LIQUID1, 27-Aug-2026,1121.6,1121.6,1119.85,1120.0,1119.85,2141367,23983.67,1597,1822545.0,85.11
LIQUIDADD, 27-Aug-2026,1142.1,1142.28,1142.1,1142.11,1141.96,1867757,21332.01,541,1793870.0,96.04
LIQUIDBEES, 27-Aug-2026,999.66,1000.01,999.66,1000.0,1000.0,4828363,48283.55,4170,4038447.0,83.64
LIQUIDBETA, 27-Aug-2026,1005.8,1005.8,1005.78,1005.78,1005.71,2,0.02,2,1.0,50.0
LIQUIDBETF, 27-Aug-2026,1096.31,1096.33,1096.31,1096.32,1096.18,429592,4709.7,115,220485.0,51.32
LIQUIDCASE, 27-Aug-2026,115.65,115.67,115.64,115.65,115.63,15951837,18448.59,11041,13871726.0,86.96
LIQUIDETF, 27-Aug-2026,1000.0,1000.01,999.99,1000.0,1000.0,188360,1883.6,185,112350.0,59.65
LIQUIDIETF, 27-Aug-2026,999.99,1000.01,999.99,999.99,999.99,129308,1293.08,145,76467.0,59.14
LIQUIDPLUS, 27-Aug-2026,1100.1,1101.9,1100.1,1100.65,1100.5,453562,4992.11,274,345413.0,76.16
LIQUIDSBI, 27-Aug-2026,1000.01,1000.01,999.99,1000.01,1000.0,5665,56.65,17,4730.0,83.5
LIQUIDSHRI, 27-Aug-2026,1119.02,1119.02,1119.0,1119.0,1118.86,1662,18.6,20,841.0,50.6
LKPSEC, 27-Aug-2026,15.6,15.93,14.51,15.63,15.43,10552,1.61,137,6859.0,65.0
LLOYDS, 27-Aug-2026,60.0,60.0,60.0,60.0,61.0,1000,0.6,1,1000.0,100.0
LLOYDSENGG, 27-Aug-2026,88.8,89.6,87.15,87.56,88.51,3585591,3157.82,20283,1372465.0,38.28
LLOYDSENT, 27-Aug-2026,74.36,75.42,72.76,72.94,74.36,1240418,914.8,6117,636255.0,51.29
LLOYDSME, 27-Aug-2026,1851.9,1853.0,1789.0,1798.5,1845.7,428234,7760.9,19053,258064.0,60.26
LMW, 27-Aug-2026,19325.0,19459.0,19050.0,19132.0,19204.0,1824,351.43,1127,864.0,47.37
LODHA, 27-Aug-2026,1268.0,1278.0,1246.3,1246.3,1265.0,801407,10117.83,19583,308520.0,38.5
LORDSCHLO, 27-Aug-2026,140.54,140.54,137.31,139.42,139.54,6100,8.47,162,5004.0,82.03
LOTUSCHO, 27-Aug-2026,620.0,625.5,607.0,618.7,625.45,1395,8.63,134,1104.0,79.14
LOTUSEYE, 27-Aug-2026,109.6,114.48,109.37,112.63,111.61,13355,15.02,471,8811.0,65.98
LOVABLE, 27-Aug-2026,74.0,76.0,72.12,72.51,74.0,9704,7.18,249,6855.0,70.64
LOWVOL, 27-Aug-2026,207.79,207.92,207.25,207.87,208.11,6373,13.23,11,5910.0,92.73
LOWVOL1, 27-Aug-2026,21.38,21.38,21.2,21.33,21.22,527479,112.25,160,513581.0,97.37
LOWVOLIETF, 27-Aug-2026,22.58,22.58,22.23,22.32,22.33,953091,212.6,906,772467.0,81.05
LOYALTEX, 27-Aug-2026,215.0,220.65,212.84,218.9,215.0,394,0.86,20,389.0,98.73
LPDC, 27-Aug-2026,7.48,7.48,6.21,6.7,7.05,279734,18.54,893,117540.0,42.02
LRRPL, 27-Aug-2026,85.0,86.5,85.0,86.5,85.0,7500,6.44,3,7500.0,100.0
LT, 27-Aug-2026,4058.0,4067.3,4023.0,4027.0,4038.1,1161440,46955.88,73332,587698.0,50.6
LTF, 27-Aug-2026,323.15,323.65,318.6,321.9,322.2,3273758,10525.72,30810,1746217.0,53.34
LTFOODS, 27-Aug-2026,451.0,451.0,436.15,437.85,451.3,568938,2514.25,21714,239370.0,42.07
LTGILTBEES, 27-Aug-2026,30.0,30.02,29.93,29.94,29.99,710934,213.05,645,572631.0,80.55
LTGILTCASE, 27-Aug-2026,30.69,30.69,30.51,30.55,30.64,182606,55.82,194,178001.0,97.48
LTM, 27-Aug-2026,4494.6,4530.3,4464.0,4464.0,4460.0,106428,4785.22,14060,38554.0,36.23
LTTS, 27-Aug-2026,3556.0,3564.0,3525.3,3537.9,3543.2,36907,1306.84,8706,21004.0,56.91
LUMAXIND, 27-Aug-2026,6196.0,6204.0,6030.0,6094.5,6160.5,20103,1229.67,6560,7953.0,39.56
LUMAXTECH, 27-Aug-2026,1927.9,1959.5,1908.4,1930.6,1927.8,97288,1880.07,13194,31759.0,32.64
LUPIN, 27-Aug-2026,2169.6,2186.1,2144.7,2158.1,2185.0,964354,20905.87,44703,398017.0,41.27
LUXIND, 27-Aug-2026,1213.2,1213.2,1191.2,1201.0,1207.1,12647,151.34,1279,6868.0,54.31
LXCHEM, 27-Aug-2026,173.25,173.39,167.01,167.47,172.21,500942,848.62,6731,287005.0,57.29
M&M, 27-Aug-2026,3410.0,3420.0,3330.0,3330.0,3398.2,1853016,62333.4,113736,1097064.0,59.2
M&MFIN, 27-Aug-2026,385.85,388.6,380.4,383.35,385.35,1390537,5335.24,28166,840112.0,60.42
MAANALU, 27-Aug-2026,120.49,120.9,115.6,116.68,118.98,61592,72.13,853,45954.0,74.61
MACOBSTECH, 27-Aug-2026,201.0,201.0,200.0,200.0,203.75,1600,3.21,2,1600.0,100.0
MACPOWER, 27-Aug-2026,1831.8,1921.5,1826.1,1868.8,1850.6,36143,682.15,3760,19047.0,52.7
MADHAV, 27-Aug-2026,36.8,36.8,33.7,35.19,34.84,1831,0.63,71,1810.0,98.85
MADHAVBAUG, 27-Aug-2026,177.0,178.0,177.0,178.0,184.75,2000,3.55,5,2000.0,100.0
MADHAVIPL, 27-Aug-2026,8.18,8.2,7.95,8.12,8.03,129794,10.51,446,98779.0,76.1
MADHUSUDAN, 27-Aug-2026,212.6,223.2,212.6,220.0,212.6,35000,77.21,30,34000.0,97.14
MADRASFERT, 27-Aug-2026,70.5,70.9,67.8,67.97,69.71,77038,52.83,949,48455.0,62.9
MAFANG, 27-Aug-2026,206.55,206.55,206.55,206.55,205.29,52377,108.18,331,52377.0,100.0
MAFATIND, 27-Aug-2026,120.8,122.5,119.87,120.73,120.09,21835,26.39,795,15180.0,69.52
MAGADSUGAR, 27-Aug-2026,577.0,582.45,547.35,551.0,577.1,38876,217.5,2433,16726.0,43.02
MAGNUM, 27-Aug-2026,19.01,19.29,18.8,19.25,19.19,19375,3.7,69,13548.0,69.93
MAGSON, 27-Aug-2026,189.85,189.9,189.85,189.9,189.9,5000,9.49,4,5000.0,100.0
MAHABANK, 27-Aug-2026,85.74,86.19,84.05,84.69,85.6,16185909,13708.14,47505,9084963.0,56.13
MAHAPEXLTD, 27-Aug-2026,57.95,58.99,55.36,55.95,57.28,5127,2.9,105,4535.0,88.45
MAHEPC, 27-Aug-2026,106.06,107.68,106.06,106.86,107.34,4257,4.55,209,2491.0,58.52
MAHKTECH, 27-Aug-2026,22.57,22.57,22.57,22.57,22.68,301227,67.99,307,301227.0,100.0
MAHLIFE, 27-Aug-2026,371.25,376.45,368.0,368.65,371.25,63804,236.29,4195,33551.0,52.58
MAHLOG, 27-Aug-2026,397.0,403.4,390.5,391.6,399.4,100872,398.38,7140,55567.0,55.09
MAHSCOOTER, 27-Aug-2026,13700.0,13880.0,13502.0,13564.0,13662.0,2539,347.61,1259,1156.0,45.53
MAHSEAMLES, 27-Aug-2026,635.0,652.65,634.95,642.05,636.55,302076,1949.61,17412,155385.0,51.44
MAITHANALL, 27-Aug-2026,1010.0,1013.4,992.0,994.8,1005.25,21538,216.31,1443,12451.0,57.81
MAITREYA, 27-Aug-2026,130.0,130.0,115.55,118.95,116.9,2400,2.9,6,1200.0,50.0
MAKEINDIA, 27-Aug-2026,170.24,170.24,165.55,168.87,168.93,27609,46.58,353,17248.0,62.47
MAKERSL, 27-Aug-2026,207.0,213.98,205.12,206.11,214.49,7822,16.34,245,5954.0,76.12
MAL, 27-Aug-2026,30.15,30.15,30.15,30.15,30.1,1600,0.48,1,1600.0,100.0
MALLCOM, 27-Aug-2026,989.9,998.95,966.0,973.4,979.75,1617,15.86,187,1012.0,62.59
MALUPAPER, 27-Aug-2026,31.6,33.0,31.6,32.25,31.72,8315,2.69,80,6630.0,79.74
MAMATA, 27-Aug-2026,407.0,410.95,401.5,403.5,410.15,24795,100.36,1135,16834.0,67.89
MANAKALUCO, 27-Aug-2026,40.0,40.7,38.74,39.1,39.17,46528,18.51,701,33358.0,71.69
MANAKCOAT, 27-Aug-2026,124.31,124.32,119.86,121.09,124.54,171239,208.1,2655,104293.0,60.9
MANAKSIA, 27-Aug-2026,57.0,58.34,56.5,56.89,57.09,12936,7.39,346,9026.0,69.77
MANAKSTEEL, 27-Aug-2026,86.98,91.37,86.8,90.28,87.02,86493,77.16,857,68993.0,79.77
MANALIPETC, 27-Aug-2026,74.36,75.0,70.47,70.8,74.26,874458,631.18,5996,431860.0,49.39
MANAPPURAM, 27-Aug-2026,365.4,369.9,346.0,348.0,365.4,10434499,36800.77,61272,3652904.0,35.01
MANBA, 27-Aug-2026,131.7,131.82,128.81,129.93,131.82,65983,85.82,1115,16411.0,24.87
MANBRO, 27-Aug-2026,61.49,61.49,58.52,60.51,60.23,126899,75.43,608,31504.0,24.83
MANCREDIT, 27-Aug-2026,221.6,231.5,220.69,229.52,221.62,293346,665.52,2103,53427.0,18.21
MANDEEP, 27-Aug-2026,17.0,17.65,16.15,17.65,17.0,56000,9.62,10,54000.0,96.43
MANGALAM, 27-Aug-2026,31.5,32.99,31.5,32.15,31.41,34979,11.32,321,26075.0,74.54
MANGLMCEM, 27-Aug-2026,1057.7,1089.4,1046.6,1058.2,1057.7,170829,1817.52,8805,104501.0,61.17
MANINDS, 27-Aug-2026,708.0,783.4,705.85,767.45,703.1,2263237,16962.19,59269,668725.0,29.55
MANINFRA, 27-Aug-2026,116.85,116.9,114.9,115.46,114.51,2358626,2732.81,12055,939777.0,39.84
MANIPALHOS, 27-Aug-2026,801.0,804.0,783.0,797.95,795.0,1421335,11281.41,34116,619805.0,43.61
MANKIND, 27-Aug-2026,2405.0,2417.5,2377.6,2417.5,2393.7,322167,7705.24,21210,209735.0,65.1
MANOMAY, 27-Aug-2026,221.42,228.8,218.4,227.91,220.31,488882,1092.25,2717,54054.0,11.06
MANORAMA, 27-Aug-2026,1901.5,1920.6,1882.0,1887.2,1896.9,94994,1804.61,11691,49214.0,51.81
MANORG, 27-Aug-2026,503.55,514.0,499.0,500.0,503.55,9985,50.28,362,7031.0,70.42
MANUFGBEES, 27-Aug-2026,167.11,167.22,166.07,166.66,167.2,2617,4.36,79,1941.0,74.17
MANYAVAR, 27-Aug-2026,550.65,550.65,540.15,544.55,546.6,374606,2039.52,15116,223713.0,59.72
MAPMYINDIA, 27-Aug-2026,1010.0,1021.0,970.0,977.1,1008.5,174052,1734.3,13467,69022.0,39.66
MARALOVER, 27-Aug-2026,55.7,57.48,54.1,56.27,55.7,32937,18.57,255,20004.0,60.73
MARATHON, 27-Aug-2026,424.9,430.8,413.55,428.75,419.45,318928,1352.54,8775,109349.0,34.29
MARICO, 27-Aug-2026,833.1,837.75,825.8,833.5,833.0,2081594,17308.32,58047,1445732.0,69.45
MARINE, 27-Aug-2026,378.55,382.0,371.45,374.1,375.55,318798,1197.75,10741,152663.0,47.89
MARKOLINES, 27-Aug-2026,172.12,174.92,171.0,172.74,171.83,112561,194.81,853,24574.0,21.83
MARKSANS, 27-Aug-2026,332.0,332.95,323.05,326.15,331.05,1415329,4627.67,24496,548865.0,38.78
MARSONS, 27-Aug-2026,123.65,127.94,122.39,125.54,123.58,5656610,7078.54,17594,1371023.0,24.24
MARUSHIKA, 27-Aug-2026,114.85,116.0,110.05,113.05,112.95,38400,43.94,22,34800.0,90.63
MARUTI, 27-Aug-2026,13520.0,13580.0,13404.0,13440.0,13520.0,315555,42444.94,44326,176822.0,56.04
MASFIN, 27-Aug-2026,298.9,298.9,294.8,295.5,297.25,138307,408.45,8167,101634.0,73.48
MASKINVEST, 27-Aug-2026,151.72,151.72,145.0,146.3,151.72,7,0.01,3,6.0,85.71
MASON, 27-Aug-2026,117.65,123.95,117.0,122.0,120.85,7500,9.06,13,7500.0,100.0
MASPTOP50, 27-Aug-2026,79.96,79.96,79.96,79.96,79.58,97888,78.27,219,97888.0,100.0
MASTEK, 27-Aug-2026,1648.5,1653.6,1607.1,1611.6,1644.5,81510,1320.48,14597,47913.0,58.78
MASTERTR, 27-Aug-2026,84.96,85.96,83.0,83.34,84.96,221561,186.47,1274,66769.0,30.14
MATRIMONY, 27-Aug-2026,515.0,531.0,507.05,515.45,515.05,17404,89.66,1151,10294.0,59.15
MAWANASUG, 27-Aug-2026,140.33,145.0,139.1,141.67,141.12,260812,369.44,3869,131721.0,50.5
MAXESTATES, 27-Aug-2026,559.7,563.0,538.65,558.45,558.05,259350,1436.03,12414,161179.0,62.15
MAXHEALTH, 27-Aug-2026,1006.1,1012.0,999.1,1009.0,1005.0,1471151,14770.51,47356,909561.0,61.83
MAXIND, 27-Aug-2026,150.72,154.4,149.51,150.48,150.98,30422,45.78,967,20417.0,67.11
MAXVOLT, 27-Aug-2026,336.6,342.75,335.1,337.2,341.0,8000,27.04,20,6400.0,80.0
MAYURUNIQ, 27-Aug-2026,747.45,761.0,728.05,749.4,747.45,75037,556.4,4481,44678.0,59.54
MAZDOCK, 27-Aug-2026,2625.0,2634.0,2583.1,2588.0,2625.0,511497,13346.83,23661,185735.0,36.31
MBAPL, 27-Aug-2026,167.2,168.84,160.3,162.78,167.07,1110873,1811.3,15218,639054.0,57.53
MBEL, 27-Aug-2026,273.2,278.2,271.45,273.3,273.2,70930,194.89,3856,35298.0,49.76
MBLINFRA, 27-Aug-2026,23.4,24.19,22.51,22.62,23.68,71491,16.41,476,55364.0,77.44
MCCHRLS-B, 27-Aug-2026,799.0,799.0,670.0,680.0,670.0,141,0.98,24,109.0,77.3
MCL, 27-Aug-2026,59.88,59.88,57.5,57.77,59.59,68404,40.26,2209,32030.0,46.82
MCLEODRUSS, 27-Aug-2026,49.55,50.35,49.0,49.17,49.55,169212,83.99,995,97886.0,57.85
MCLOUD, 27-Aug-2026,28.98,29.27,27.6,27.79,28.87,2410252,680.33,6209,1332462.0,55.28
MCX, 27-Aug-2026,3330.0,3362.0,3270.8,3273.0,3350.0,2087896,69014.12,97557,1020756.0,48.89
MDL, 27-Aug-2026,58.95,59.0,58.95,59.0,56.2,4000,2.36,4,4000.0,100.0
MEDANTA, 27-Aug-2026,1466.2,1544.0,1455.2,1508.9,1458.9,1109587,16793.23,59349,387214.0,34.9
MEDIASSIST, 27-Aug-2026,340.05,346.5,335.4,337.25,340.05,281912,956.29,17623,181608.0,64.42
MEDICAMEQ, 27-Aug-2026,241.38,242.43,228.0,230.74,240.66,28626,67.06,726,18908.0,66.05
MEDICAPQ, 27-Aug-2026,25.6,27.38,25.0,25.5,26.99,4211,1.07,73,3129.0,74.31
MEDICO, 27-Aug-2026,42.37,43.7,41.5,43.31,42.2,146929,62.99,1039,102199.0,69.56
MEDIORG, 27-Aug-2026,24.75,24.75,23.5,23.5,23.65,6000,1.46,3,6000.0,100.0
MEDPLUS, 27-Aug-2026,695.0,695.0,681.6,688.35,692.1,55452,380.63,3520,31824.0,57.39
MEESHO, 27-Aug-2026,209.34,212.48,206.72,207.64,208.14,9320536,19461.26,90642,4765346.0,51.13
MEGAFLEX, 27-Aug-2026,95.0,95.0,95.0,95.0,95.0,5000,4.75,5,5000.0,100.0
MEGASTAR, 27-Aug-2026,308.2,312.0,306.7,309.2,309.8,1384,4.28,105,1170.0,84.54
MEGATHERM, 27-Aug-2026,227.0,234.75,227.0,229.15,225.8,19600,45.05,39,15200.0,77.55
MEIL, 27-Aug-2026,302.0,308.0,298.0,304.3,297.65,199012,604.6,4590,86419.0,43.42
MENNPIS, 27-Aug-2026,69.91,75.6,69.91,74.59,69.89,125327,92.17,1149,79806.0,63.68
MERCANTILE, 27-Aug-2026,26.28,26.28,24.5,24.71,24.24,5524,1.4,116,4444.0,80.45
MERCURYEV, 27-Aug-2026,39.73,40.5,38.17,38.93,38.73,79392,30.99,1180,50987.0,64.22
METAL, 27-Aug-2026,13.59,13.79,13.42,13.56,13.7,2407949,328.3,4180,938154.0,38.96
METALIC, 27-Aug-2026,131.5,133.9,125.0,130.3,131.5,108800,140.74,65,94400.0,86.76
METALIETF, 27-Aug-2026,13.72,14.02,13.47,13.49,13.68,7213479,979.28,10948,4465547.0,61.91
METROBRAND, 27-Aug-2026,955.5,955.5,915.0,921.7,945.3,22707,210.77,3965,11840.0,52.14
METROGLOBL, 27-Aug-2026,138.1,140.0,135.0,135.07,137.82,875,1.19,37,574.0,65.6
METROPOLIS, 27-Aug-2026,573.15,579.0,568.05,576.9,570.3,297439,1710.32,13284,194092.0,65.25
MFML, 27-Aug-2026,19.74,19.75,18.4,18.53,18.71,11692,2.19,51,11305.0,96.69
MFSL, 27-Aug-2026,1590.0,1590.9,1568.0,1568.0,1600.0,732972,11590.2,53357,446241.0,60.88
MGL, 27-Aug-2026,1113.2,1118.0,1089.2,1092.8,1115.3,155301,1710.26,17517,90651.0,58.37
MGSL, 27-Aug-2026,92.95,92.95,80.0,80.75,85.1,27600,23.22,22,19200.0,69.57
MHHL, 27-Aug-2026,31.5,31.5,31.5,31.5,31.5,1500,0.47,1,1500.0,100.0
MHRIL, 27-Aug-2026,218.3,219.59,209.22,211.23,218.19,406340,861.62,6518,245762.0,60.48
MICROPRO, 27-Aug-2026,18.1,18.75,17.65,18.65,18.95,12800,2.31,8,9600.0,75.0
MID150, 27-Aug-2026,24.18,24.18,23.85,23.98,23.95,24582,5.89,176,15069.0,61.3
MID150BEES, 27-Aug-2026,240.4,244.99,240.4,243.5,243.82,475575,1158.99,5032,313258.0,65.87
MID150CASE, 27-Aug-2026,12.17,12.17,11.72,11.85,11.88,1043872,123.84,3046,764261.0,73.21
MIDBANKADD, 27-Aug-2026,17.54,17.54,17.35,17.37,17.54,3168,0.55,78,2449.0,77.3
MIDCAP, 27-Aug-2026,18.89,18.94,18.74,18.81,18.89,439840,82.74,767,254296.0,57.82
MIDCAPADD, 27-Aug-2026,23.67,23.69,23.5,23.56,23.43,6550,1.55,42,5957.0,90.95
MIDCAPBETA, 27-Aug-2026,238.0,240.0,235.55,238.01,238.89,266,0.63,22,213.0,80.08
MIDCAPETF, 27-Aug-2026,24.09,24.34,24.0,24.02,24.09,1489906,358.63,4625,986219.0,66.19
MIDCAPIETF, 27-Aug-2026,24.37,24.47,24.21,24.31,24.36,515402,125.45,1900,347177.0,67.36
MIDHANI, 27-Aug-2026,425.0,434.05,417.25,418.3,424.45,803522,3424.1,21333,290144.0,36.11
MIDQ50ADD, 27-Aug-2026,25.5,25.6,25.42,25.49,25.44,61358,15.65,99,49120.0,80.05
MIDSELIETF, 27-Aug-2026,19.65,20.38,19.61,20.16,20.16,221312,44.6,663,126547.0,57.18
MIDSMALL, 27-Aug-2026,52.55,52.81,52.41,52.48,52.58,551095,289.95,690,342016.0,62.06
MIDWESTLTD, 27-Aug-2026,1149.0,1149.0,1110.0,1114.4,1135.4,13200,148.25,993,9248.0,70.06
MIIL, 27-Aug-2026,716.75,742.9,711.8,718.75,726.45,75771,551.32,1869,26725.0,35.27
MILKYMIST, 27-Aug-2026,227.39,233.8,212.66,217.31,222.11,59235093,131836.29,431518,6415948.0,10.83
MILTON, 27-Aug-2026,36.5,36.5,36.5,36.5,38.25,2200,0.8,1,2200.0,100.0
MINDACORP, 27-Aug-2026,711.0,711.9,685.5,690.65,707.5,379106,2658.22,19994,231464.0,61.06
MINDSPACE, 27-Aug-2026,487.7,489.89,486.11,487.55,487.72,95882,468.19,5634,84056.0,87.67
MINDTECK, 27-Aug-2026,171.52,173.74,171.01,172.4,170.6,17586,30.3,668,10230.0,58.17
MIRZAINT, 27-Aug-2026,31.96,32.14,31.26,31.56,31.96,112343,35.7,1370,65553.0,58.35
MITTAL, 27-Aug-2026,0.87,0.87,0.85,0.85,0.85,403760,3.46,389,341899.0,84.68
MKEXIM, 27-Aug-2026,64.0,68.69,62.01,64.3,63.38,40017,25.83,215,29088.0,72.69
MKPL, 27-Aug-2026,4.17,4.17,4.02,4.11,4.11,109758,4.53,297,65623.0,59.79
MLKFOOD, 27-Aug-2026,90.01,91.0,85.5,86.87,90.15,4960,4.41,119,4108.0,82.82
MMEL, 27-Aug-2026,24.6,25.0,24.6,25.0,24.5,6000,1.49,3,6000.0,100.0
MMFL, 27-Aug-2026,628.5,634.55,612.0,625.8,628.5,87622,544.18,5642,40449.0,46.16
MMP, 27-Aug-2026,402.95,405.95,395.05,403.45,400.7,28165,113.01,1034,17727.0,62.94
MMTC, 27-Aug-2026,64.41,64.6,63.3,63.51,64.02,906339,578.83,6488,367596.0,40.56
MMWL, 27-Aug-2026,15.9,15.9,14.9,14.97,15.6,52297,7.89,179,48384.0,92.52
MNC, 27-Aug-2026,34.27,34.42,33.98,34.05,34.27,27445,9.37,289,21811.0,79.47
MOALPHA50, 27-Aug-2026,57.25,58.7,57.09,57.1,57.25,19739,11.33,60,14896.0,75.46
MOBANK10, 27-Aug-2026,17.18,17.18,16.95,16.95,17.01,2397,0.41,49,1997.0,83.31
MOBIKWIK, 27-Aug-2026,195.25,196.4,190.1,191.55,194.88,625739,1208.76,6850,265138.0,42.37
MOCAPITAL, 27-Aug-2026,55.48,55.86,54.86,55.03,55.81,773494,426.68,3806,518767.0,67.07
MODEFENCE, 27-Aug-2026,107.3,108.0,107.14,107.31,107.3,881780,947.95,6055,515283.0,58.44
MODIRUBBER, 27-Aug-2026,136.88,136.88,130.01,132.47,136.2,6513,8.62,203,4768.0,73.21
MODIS, 27-Aug-2026,402.1,404.0,377.4,379.7,399.9,216567,833.41,7169,105195.0,48.57
MODTHREAD, 27-Aug-2026,55.51,55.99,47.35,55.68,56.05,26488,13.97,198,20840.0,78.68
MOENERGY, 27-Aug-2026,39.08,39.08,38.2,38.3,38.31,52810,20.23,531,42530.0,80.53
MOGOLD, 27-Aug-2026,158.9,158.9,153.85,155.35,157.9,157650,245.2,951,116023.0,73.6
MOGSEC, 27-Aug-2026,65.08,65.74,65.08,65.39,65.06,5777,3.77,40,5764.0,99.77
MOHEALTH, 27-Aug-2026,51.8,52.85,51.33,51.83,52.14,118365,61.34,553,65434.0,55.28
MOHITE, 27-Aug-2026,2.55,2.69,2.55,2.64,2.59,17300,0.45,71,15557.0,89.92
MOHITIND, 27-Aug-2026,23.06,25.85,23.06,25.07,23.48,36060,8.95,280,23957.0,66.44
MOIL, 27-Aug-2026,268.4,268.4,260.1,260.95,268.3,752383,1980.98,17707,408326.0,54.27
MOINFRA, 27-Aug-2026,59.14,59.24,58.89,58.99,59.14,3420,2.02,81,3320.0,97.08
MOIPO, 27-Aug-2026,50.58,50.58,49.12,49.2,49.35,10016,4.93,35,6373.0,63.63
MOKSH, 27-Aug-2026,10.46,10.46,10.06,10.08,10.41,210111,21.33,490,187879.0,89.42
MOL, 27-Aug-2026,61.84,63.16,60.1,60.29,61.84,813370,493.69,4261,437088.0,53.74
MOLBIO, 27-Aug-2026,1234.0,1243.7,1130.1,1144.15,1238.85,1151166,13607.34,48657,260666.0,22.64
MOLDTKPAC, 27-Aug-2026,715.5,721.0,698.0,702.2,711.1,104568,741.16,5613,53489.0,51.15
MOLOWVOL, 27-Aug-2026,36.85,36.85,36.58,36.62,36.95,2948,1.08,56,2285.0,77.51
MOM100, 27-Aug-2026,69.6,69.8,69.11,69.22,69.4,137634,95.38,1941,106093.0,77.08
MOM30IETF, 27-Aug-2026,31.9,32.3,31.35,31.94,31.99,484119,154.82,1314,354548.0,73.24
MOM50, 27-Aug-2026,254.1,259.0,252.99,256.07,253.46,6571,16.64,71,5862.0,89.21
MOMENTUM, 27-Aug-2026,31.94,32.04,31.8,31.8,31.8,85710,27.35,175,35690.0,41.64
MOMENTUM30, 27-Aug-2026,31.55,31.62,31.34,31.42,31.51,23793,7.49,71,15366.0,64.58
MOMENTUM50, 27-Aug-2026,55.15,55.44,55.01,55.2,54.96,382540,211.3,1542,264915.0,69.25
MOMETAL, 27-Aug-2026,13.74,13.74,13.45,13.48,13.61,27375,3.72,39,21096.0,77.06
MOMGF, 27-Aug-2026,166.13,166.27,165.65,165.65,166.0,334,0.55,18,334.0,100.0
MOMIDMTM, 27-Aug-2026,65.88,65.93,65.43,65.68,65.63,43227,28.37,235,37300.0,86.29
MOMMIDCAP, 27-Aug-2026,13.34,13.39,13.28,13.29,13.31,1085442,144.41,406,1060724.0,97.72
MOMNC, 27-Aug-2026,33.31,33.31,33.03,33.15,33.27,309,0.1,12,309.0,100.0
MOMOMENTUM, 27-Aug-2026,63.9,64.0,63.4,63.58,63.55,68651,43.73,314,59203.0,86.24
MON100, 27-Aug-2026,326.94,326.94,326.94,326.94,326.0,95399,311.9,1147,95399.0,100.0
MON50EQUAL, 27-Aug-2026,33.7,33.7,33.42,33.52,33.64,20729,6.93,38,20030.0,96.63
MONARCH, 27-Aug-2026,379.0,383.1,369.2,374.7,379.7,193820,726.03,2803,93610.0,48.3
MONEXT50, 27-Aug-2026,74.61,74.62,74.15,74.59,74.48,1759,1.31,43,1303.0,74.08
MONEYBOXX, 27-Aug-2026,56.01,56.89,56.0,56.0,56.0,9576,5.37,50,8974.0,93.71
MONIFTY100, 27-Aug-2026,25.99,25.99,25.46,25.62,25.75,10061,2.58,64,7543.0,74.97
MONIFTY500, 27-Aug-2026,24.75,24.75,24.06,24.09,24.15,237064,57.19,1030,120155.0,50.68
MONOLITH, 27-Aug-2026,1101.65,1169.9,1069.45,1157.0,1113.2,87250,958.99,233,59750.0,68.48
MONOPHARMA, 27-Aug-2026,8.95,8.95,8.95,8.95,8.65,2000,0.18,1,2000.0,100.0
MONQ50, 27-Aug-2026,146.52,146.52,146.52,146.52,146.42,14181,20.78,107,14181.0,100.0
MONTECARLO, 27-Aug-2026,546.9,546.9,525.0,528.4,544.25,96060,510.67,3026,69420.0,72.27
MOOILGAS, 27-Aug-2026,10.9,11.4,10.9,11.1,11.18,4450,0.49,44,3772.0,84.76
MOPSE, 27-Aug-2026,99.37,101.5,98.5,99.02,99.58,1604,1.59,41,1474.0,91.9
MOQUALITY, 27-Aug-2026,203.82,203.82,202.4,202.4,201.81,639,1.29,18,490.0,76.68
MOREALTY, 27-Aug-2026,92.32,92.32,91.0,91.27,91.38,194287,177.73,1211,101815.0,52.4
MOREPENLAB, 27-Aug-2026,97.44,99.75,95.5,96.7,96.98,14619445,14261.86,43913,4461256.0,30.52
MOS, 27-Aug-2026,9.9,10.1,9.9,9.9,10.4,292000,28.92,65,276000.0,94.52
MOSCHIP, 27-Aug-2026,206.0,224.0,206.0,219.36,205.54,17473565,38428.77,147472,2942525.0,16.84
MOSERVICE, 27-Aug-2026,31.13,31.14,31.0,31.01,31.18,1798,0.56,76,1798.0,100.0
MOSILVER, 27-Aug-2026,237.59,237.59,231.59,234.19,237.58,54592,127.78,1915,11941.0,21.87
MOSMALL250, 27-Aug-2026,18.64,18.64,18.5,18.54,18.57,503520,93.44,1587,390996.0,77.65
MOTHERSON, 27-Aug-2026,166.0,167.94,164.77,166.0,165.0,12301325,20369.26,53711,6220611.0,50.57
MOTILALOFS, 27-Aug-2026,1040.0,1044.35,1021.9,1038.1,1040.0,903803,9356.25,31689,381044.0,42.16
MOTISONS, 27-Aug-2026,16.59,16.73,16.12,16.27,16.45,23481007,3874.16,23242,6105125.0,26.0
MOTOUR, 27-Aug-2026,79.93,80.27,79.31,79.39,79.92,4556,3.62,158,3359.0,73.73
MOVALUE, 27-Aug-2026,114.23,114.3,113.14,113.47,114.23,59255,67.37,801,31604.0,53.34
MPEL, 27-Aug-2026,36.9,36.9,36.9,36.9,35.15,3200,1.18,2,3200.0,100.0
MPHASIS, 27-Aug-2026,2391.2,2419.2,2385.3,2413.6,2400.0,136275,3272.59,12109,59060.0,43.34
MPSLTD, 27-Aug-2026,2723.8,2725.9,2651.0,2660.2,2704.0,16336,437.54,2486,9731.0,59.57
MRF, 27-Aug-2026,133600.0,133790.0,132500.0,133600.0,133520.0,2084,2780.13,1653,1225.0,58.78
MRPL, 27-Aug-2026,173.2,174.51,169.22,170.8,173.61,3267127,5587.63,25243,1104902.0,33.82
MSCI360, 27-Aug-2026,10.27,10.27,10.13,10.22,10.27,18364,1.88,25,18344.0,99.89
MSCIADD, 27-Aug-2026,29.89,29.9,29.73,29.9,29.99,576,0.17,9,198.0,34.38
MSCIINDIA, 27-Aug-2026,30.24,30.24,29.9,30.03,30.33,15521,4.68,95,14126.0,91.01
MSL, 27-Aug-2026,146.18,147.0,146.18,147.0,146.91,47,0.07,9,47.0,100.0
MSPL, 27-Aug-2026,35.08,35.22,34.36,34.59,34.64,444753,154.59,1642,260881.0,58.66
MSTCLTD, 27-Aug-2026,741.15,741.2,715.0,722.25,737.5,215356,1568.24,7987,109871.0,51.02
MSUMI, 27-Aug-2026,37.67,38.07,37.13,37.92,37.67,9513977,3583.33,36650,4843860.0,50.91
MTNL, 27-Aug-2026,26.79,26.88,26.35,26.56,26.79,446896,119.05,2189,244433.0,54.7
MUFIN, 27-Aug-2026,137.25,138.38,135.01,135.95,136.75,480958,657.17,2966,217920.0,45.31
MUFTI, 27-Aug-2026,79.0,79.04,77.5,77.91,78.63,93626,73.06,1032,71868.0,76.76
MUKANDLTD, 27-Aug-2026,137.03,137.98,135.1,136.26,137.03,60318,82.42,1181,38357.0,63.59
MUKKA, 27-Aug-2026,25.88,26.14,25.1,25.29,25.73,354982,90.33,1798,195226.0,55.0
MULTICAP, 27-Aug-2026,17.32,17.32,16.88,16.89,16.98,59385,10.06,467,49317.0,83.05
MUNISH, 27-Aug-2026,76.55,89.7,74.0,81.5,78.5,127200,99.06,66,102000.0,80.19
MUNJALAU, 27-Aug-2026,115.03,115.65,110.7,111.42,114.87,462444,520.42,4981,199369.0,43.11
MUNJALSHOW, 27-Aug-2026,133.7,133.7,131.0,131.27,132.39,10794,14.23,402,6957.0,64.45
MURUDCERA, 27-Aug-2026,30.68,30.9,30.41,30.65,30.62,4805,1.47,68,4398.0,91.53
MUTHOOTCAP, 27-Aug-2026,243.1,246.59,240.22,241.13,241.76,5446,13.2,248,3300.0,60.59
MUTHOOTFIN, 27-Aug-2026,3198.7,3246.5,3059.1,3085.0,3206.9,1120055,34929.11,59433,416120.0,37.15
MUTHOOTMF, 27-Aug-2026,218.53,221.0,204.0,204.94,213.85,590236,1247.0,10653,338020.0,57.27
MVELECTRO, 27-Aug-2026,565.5,672.15,559.95,646.8,560.15,14689330,94332.19,237934,1488172.0,10.13
MVGJL, 27-Aug-2026,156.08,159.33,153.01,153.77,155.19,64608,100.53,1454,32762.0,50.71
MVKAGRO, 27-Aug-2026,172.8,176.45,170.2,176.45,168.05,107100,187.65,179,77700.0,72.55
MWL, 27-Aug-2026,39.88,40.5,39.11,40.01,39.88,187023,74.52,1045,90040.0,48.14
MYMUDRA, 27-Aug-2026,73.05,73.05,71.15,72.25,73.05,18000,12.95,15,14400.0,80.0
NACLIND, 27-Aug-2026,178.0,179.28,174.1,174.8,177.61,200406,352.91,4892,83903.0,41.87
NAGREEKCAP, 27-Aug-2026,23.8,23.99,22.0,22.5,23.52,3067,0.69,58,2199.0,71.7
NAGREEKEXP, 27-Aug-2026,22.8,22.8,22.1,22.52,22.06,5505,1.24,89,4843.0,87.97
NAHARCAP, 27-Aug-2026,258.5,260.5,251.8,255.75,258.5,1044,2.67,50,788.0,75.48
NAHARINDUS, 27-Aug-2026,135.0,140.7,135.0,138.1,135.92,27875,38.55,443,14750.0,52.91
NAHARPOLY, 27-Aug-2026,245.35,250.0,244.05,246.55,245.5,6568,16.19,191,4960.0,75.52
NAHARSPING, 27-Aug-2026,298.5,298.5,290.0,291.25,294.1,14921,43.76,582,10855.0,72.75
NAM-INDIA, 27-Aug-2026,1223.0,1234.0,1195.8,1204.0,1223.0,1049814,12711.81,52056,605307.0,57.66
NAMAN, 27-Aug-2026,40.0,40.0,40.0,40.0,42.1,2400,0.96,2,2400.0,100.0
NAMOEWASTE, 27-Aug-2026,278.0,282.5,277.0,279.75,279.25,28000,78.45,35,28000.0,100.0
NARMADA, 27-Aug-2026,13.97,14.51,13.8,13.87,13.97,300260,42.08,1001,140628.0,46.84
NATCAPSUQ, 27-Aug-2026,181.0,216.33,179.17,214.16,180.28,268991,548.51,5210,114272.0,42.48
NATCOPHARM, 27-Aug-2026,868.0,869.9,853.0,857.6,863.4,279220,2397.95,25378,139700.0,50.03
NATHBIOGEN, 27-Aug-2026,155.0,155.0,152.27,153.86,152.81,17896,27.42,249,16333.0,91.27
NATIONALUM, 27-Aug-2026,399.3,403.35,388.0,389.3,399.3,2903197,11432.61,41467,1296679.0,44.66
NATIONSTD, 27-Aug-2026,103.44,107.45,103.44,103.44,108.88,39226,40.63,371,36748.0,93.68
NAUKRI, 27-Aug-2026,1319.6,1345.6,1318.0,1330.0,1323.5,982905,13120.05,41351,538802.0,54.82
NAVA, 27-Aug-2026,568.1,570.05,554.4,556.5,567.95,186733,1043.86,8031,111202.0,59.55
NAVINFLUOR, 27-Aug-2026,8590.0,8625.0,8428.0,8567.5,8553.0,161439,13788.25,34534,80825.0,50.07
NAVKARCORP, 27-Aug-2026,98.4,98.4,97.02,97.37,98.44,101043,98.44,1332,66969.0,66.28
NAVNETEDUL, 27-Aug-2026,133.11,133.85,132.96,133.59,133.11,50566,67.46,651,39996.0,79.1
NAZARA, 27-Aug-2026,355.75,359.5,351.0,354.5,356.35,809757,2872.38,10069,397133.0,49.04
NBCC, 27-Aug-2026,89.25,89.67,88.42,88.6,89.21,3405853,3026.89,17278,1463022.0,42.96
NBIFIN, 27-Aug-2026,1975.5,2020.0,1975.5,1980.1,1990.0,66,1.31,14,50.0,75.76
NCC, 27-Aug-2026,147.19,152.6,147.19,150.29,147.2,4102590,6165.94,34447,1349707.0,32.9
NCLIND, 27-Aug-2026,181.85,183.47,177.05,178.61,181.85,38756,69.59,3130,19705.0,50.84
NDGL, 27-Aug-2026,2889.0,2895.0,2802.8,2826.5,2860.1,50,1.42,23,42.0,84.0
NDL, 27-Aug-2026,3.04,3.08,2.95,2.96,3.01,1666013,49.92,1527,1405202.0,84.35
NDLVENTURE, 27-Aug-2026,126.85,126.85,118.0,122.62,123.17,9645,11.84,150,6559.0,68.0
NDRAUTO, 27-Aug-2026,740.0,749.95,730.0,733.3,744.3,9618,70.76,1232,5945.0,61.81
NDTV, 27-Aug-2026,74.35,75.44,73.8,74.2,74.35,48551,36.0,651,24781.0,51.04
NEAGI, 27-Aug-2026,3400.0,3400.0,3306.0,3306.0,3480.0,99,3.29,24,99.0,100.0
NECLIFE, 27-Aug-2026,12.9,13.5,12.9,13.08,12.46,1022442,134.66,2427,686368.0,67.13
NEELAM, 27-Aug-2026,7.2,7.2,7.2,7.2,7.45,12000,0.86,2,12000.0,100.0
NELCAST, 27-Aug-2026,115.3,120.69,114.82,117.08,115.34,311282,365.42,3933,179639.0,57.71
NELCO, 27-Aug-2026,940.0,983.8,933.2,960.4,936.0,521633,5036.3,19725,166223.0,31.87
NEOCHEM, 27-Aug-2026,95.2,98.9,95.0,98.65,98.5,31200,30.44,16,30000.0,96.15
NEOGEN, 27-Aug-2026,2183.0,2246.3,2173.0,2230.2,2183.3,128727,2862.65,17626,65132.0,50.6
NEPHROCARE, 27-Aug-2026,97.0,107.7,96.05,101.85,98.65,80000,83.32,134,66000.0,82.5
NEPHROPLUS, 27-Aug-2026,693.65,699.3,683.0,685.45,693.65,114061,785.61,6787,64777.0,56.79
NEPTUNE, 27-Aug-2026,175.2,175.2,175.2,175.2,175.2,1000,1.75,2,1000.0,100.0
NESCO, 27-Aug-2026,1024.0,1030.0,1015.0,1017.1,1018.9,24736,252.22,3456,14373.0,58.11
NESTLEIND, 27-Aug-2026,1451.5,1465.0,1440.3,1450.0,1451.5,637066,9234.69,30532,349615.0,54.88
NETF, 27-Aug-2026,264.95,264.95,260.12,261.99,264.68,1311,3.45,136,713.0,54.39
NETWEB, 27-Aug-2026,5380.0,5450.1,5250.0,5272.2,5271.9,2077974,110711.43,156413,291562.0,14.03
NETWORK18, 27-Aug-2026,30.44,30.45,28.98,29.14,30.45,5882491,1738.83,16644,3539149.0,60.16
NEULANDLAB, 27-Aug-2026,23545.0,23730.0,23350.0,23496.0,23545.0,37696,8871.17,12679,18149.0,48.15
NEWGEN, 27-Aug-2026,525.1,531.55,520.2,523.0,524.35,415158,2178.25,14591,140938.0,33.95
NEWJAISA, 27-Aug-2026,17.3,17.3,17.3,17.3,17.0,9000,1.56,3,9000.0,100.0
NEXT30ADD, 27-Aug-2026,43.43,43.45,43.18,43.42,43.64,3788,1.64,80,2407.0,63.54
NEXT50, 27-Aug-2026,779.49,779.49,767.07,768.67,770.25,16086,123.61,4334,7380.0,45.88
NEXT50ADD, 27-Aug-2026,75.58,75.58,74.82,75.06,75.21,4324,3.24,138,2488.0,57.54
NEXT50BETA, 27-Aug-2026,80.98,80.98,80.01,80.29,80.53,224988,180.43,554,172524.0,76.68
NEXT50ETF, 27-Aug-2026,76.1,76.1,74.81,75.08,75.35,19564,14.7,83,19001.0,97.12
NEXT50IETF, 27-Aug-2026,78.66,79.0,78.15,78.56,78.67,273381,214.84,3828,179624.0,65.7
NEXTMEDIA, 27-Aug-2026,3.75,3.94,3.61,3.85,3.58,21424,0.8,76,18328.0,85.55
NFL, 27-Aug-2026,71.82,72.0,71.21,71.36,71.8,430598,307.67,2790,194524.0,45.18
NFPSAMPOOR, 27-Aug-2026,22.25,22.25,21.8,22.0,22.05,6000,1.32,3,6000.0,100.0
NGIL, 27-Aug-2026,38.8,42.69,37.0,41.96,38.81,124146,50.73,383,81165.0,65.38
NGLFINE, 27-Aug-2026,2877.3,2964.0,2830.6,2901.1,2877.3,4203,122.0,1335,1795.0,42.71
NH, 27-Aug-2026,1891.3,1922.0,1880.6,1903.8,1882.7,314326,6004.6,37618,175316.0,55.78
NHIT, 27-Aug-2026,171.0,171.0,171.0,171.0,172.9,175000,299.25,4,175000.0,100.0
NHPC, 27-Aug-2026,76.04,76.55,75.24,76.55,76.24,7001214,5303.99,29653,2778208.0,39.68
NIACL, 27-Aug-2026,188.0,188.0,184.34,185.2,187.09,615307,1142.35,9853,227394.0,36.96
NIBE, 27-Aug-2026,1395.1,1407.8,1378.1,1388.6,1392.2,31196,433.43,2723,16365.0,52.46
NIBL, 27-Aug-2026,30.16,31.44,30.16,30.58,30.65,13529,4.14,116,12534.0,92.65
NICCOPAR, 27-Aug-2026,82.5,95.25,82.5,90.23,89.43,4054,3.69,157,2939.0,72.5
NIDAN, 27-Aug-2026,13.3,13.7,13.05,13.05,13.3,3000,0.4,3,3000.0,100.0
NIF100BEES, 27-Aug-2026,269.68,271.92,268.38,268.93,270.79,24777,66.69,602,13214.0,53.33
NIF100IETF, 27-Aug-2026,28.38,28.5,28.23,28.37,28.38,74967,21.21,1141,42159.0,56.24
NIFTY1, 27-Aug-2026,272.5,272.5,267.2,268.32,269.81,1073918,2879.04,1559,1009001.0,93.96
NIFTY100EW, 27-Aug-2026,35.94,35.94,35.49,35.69,35.94,33598,11.97,208,19362.0,57.63
NIFTYADD, 27-Aug-2026,255.57,255.68,254.54,254.7,256.28,4484,11.43,120,3566.0,79.53
NIFTYAXIS, 27-Aug-2026,269.26,269.26,266.59,267.74,269.23,7675,20.57,164,3015.0,39.28
NIFTYBEES, 27-Aug-2026,276.01,283.94,275.4,275.74,277.02,6648075,18363.81,37712,4877538.0,73.37
NIFTYBETA, 27-Aug-2026,269.92,270.94,267.69,268.27,269.92,62830,168.72,393,43820.0,69.74
NIFTYBETF, 27-Aug-2026,250.03,255.0,248.24,248.86,250.25,13560,33.75,128,13300.0,98.08
NIFTYCASE, 27-Aug-2026,10.01,10.01,9.69,9.71,9.77,861269,83.74,1598,581740.0,67.54
NIFTYETF, 27-Aug-2026,264.05,265.9,261.91,262.89,264.05,49802,131.11,640,22885.0,45.95
NIFTYIETF, 27-Aug-2026,274.59,275.6,273.63,274.23,275.6,375591,1030.59,8487,215942.0,57.49
NIFTYJBLK, 27-Aug-2026,12.77,12.77,12.38,12.38,12.46,100108,12.43,1027,84128.0,84.04
NIFTYQLITY, 27-Aug-2026,21.7,21.7,21.42,21.5,21.6,54751,11.78,176,31033.0,56.68
NIITLTD, 27-Aug-2026,104.27,104.27,100.34,102.94,102.97,611287,627.34,8029,274994.0,44.99
NIITMTS, 27-Aug-2026,233.68,233.68,226.5,229.81,232.51,112221,257.39,7098,62555.0,55.74
NIKITA, 27-Aug-2026,74.4,74.8,74.4,74.6,71.65,2400,1.79,2,2400.0,100.0
NILAINFRA, 27-Aug-2026,6.99,7.0,6.87,6.89,6.97,231587,16.02,546,168313.0,72.68
NILASPACES, 27-Aug-2026,13.0,13.24,12.24,12.43,12.93,2111213,264.73,3874,1039031.0,49.21
NILE, 27-Aug-2026,1472.1,1500.3,1470.2,1478.8,1497.2,3554,52.69,504,2437.0,68.57
NILKAMAL, 27-Aug-2026,2107.2,2118.6,2062.1,2081.6,2096.8,21992,457.91,2975,9910.0,45.06
NIMBSPROJ, 27-Aug-2026,170.2,172.87,168.5,169.7,170.18,92467,158.61,226,15734.0,17.02
NINSYS, 27-Aug-2026,713.0,724.95,712.25,713.95,713.4,1081,7.76,135,760.0,70.31
NIPPOBATRY, 27-Aug-2026,320.0,333.95,320.0,327.35,325.45,1244,4.09,108,812.0,65.27
NIRAJ, 27-Aug-2026,29.2,29.79,28.51,28.57,29.12,25049,7.27,166,19446.0,77.63
NIRAJISPAT, 27-Aug-2026,216.0,257.0,216.0,246.59,216.0,556,1.3,17,485.0,87.23
NIRLON, 27-Aug-2026,645.2,645.2,630.0,631.2,640.7,5317,33.71,406,3387.0,63.7
NIRMAN, 27-Aug-2026,30.1,30.15,28.8,28.95,29.85,21900,6.41,68,15600.0,71.23
NITCO, 27-Aug-2026,98.9,99.88,96.5,97.56,96.67,819938,800.02,6449,234200.0,28.56
NITINSPIN, 27-Aug-2026,628.25,631.0,616.1,620.45,627.0,77358,481.57,4350,35875.0,46.38
NITIRAJ, 27-Aug-2026,182.03,205.84,182.03,203.42,199.42,1329,2.66,68,893.0,67.19
NITTAGELA, 27-Aug-2026,1580.0,1598.0,1564.3,1589.5,1567.8,3613,57.31,467,2475.0,68.5
NIVABUPA, 27-Aug-2026,82.18,82.89,82.11,82.5,82.17,196144,161.78,4992,124099.0,63.27
NKIND, 27-Aug-2026,64.45,66.0,57.0,59.65,59.09,5547,3.37,95,2461.0,44.37
NLCINDIA, 27-Aug-2026,272.7,272.7,268.0,268.8,271.4,666043,1793.66,18206,374023.0,56.16
NMDC, 27-Aug-2026,88.5,89.1,85.72,85.72,88.21,16189617,14137.11,50849,8048306.0,49.71
NMSTEEL, 27-Aug-2026,23.0,24.0,23.0,24.0,23.0,6400,1.52,4,4800.0,75.0
NOCIL, 27-Aug-2026,165.4,166.5,162.92,165.13,165.1,847691,1396.18,7187,536039.0,63.24
NOIDATOLL, 27-Aug-2026,4.14,4.18,4.06,4.13,4.13,36328,1.49,201,30895.0,85.04
NORBTEAEXP, 27-Aug-2026,67.4,69.89,67.2,67.3,70.02,1136,0.77,25,698.0,61.44
NORTHARC, 27-Aug-2026,290.05,292.9,280.45,286.3,293.5,4612806,13181.09,95682,2579683.0,55.92
NOVARTIND, 27-Aug-2026,1490.1,1505.0,1461.2,1490.2,1490.1,6478,95.86,749,3984.0,61.5
NPBET, 27-Aug-2026,283.64,289.3,283.63,288.0,286.5,600,1.73,24,478.0,79.67
NPST, 27-Aug-2026,1660.2,1690.0,1625.3,1638.8,1660.2,20285,334.72,2571,9747.0,48.05
NRAIL, 27-Aug-2026,509.05,512.0,505.25,511.3,509.3,5884,30.04,372,3735.0,63.48
NRBBEARING, 27-Aug-2026,473.5,480.0,465.0,466.6,473.65,246960,1160.78,9258,120829.0,48.93
NRVANDANA, 27-Aug-2026,64.7,64.7,60.9,60.95,64.1,12000,7.51,4,12000.0,100.0
NSIL, 27-Aug-2026,5777.0,5823.5,5725.0,5741.0,5783.5,1718,99.07,323,1054.0,61.35
NSLNISP, 27-Aug-2026,41.44,45.48,41.19,44.99,41.44,86668492,38584.93,169917,16361459.0,18.88
NTCIND, 27-Aug-2026,134.9,139.69,133.0,136.42,135.91,541,0.72,36,513.0,94.82
NTPC, 27-Aug-2026,335.0,335.95,328.4,330.9,334.6,12911842,42619.41,142938,8494065.0,65.79
NTPCGREEN, 27-Aug-2026,91.35,91.62,90.7,90.99,91.27,1161327,1057.52,14569,661723.0,56.98
NUCLEUS, 27-Aug-2026,734.55,742.0,734.55,738.1,740.1,12856,95.05,896,7992.0,62.17
NUVAMA, 27-Aug-2026,1779.3,1793.0,1758.0,1784.0,1779.3,180923,3221.8,18029,97078.0,53.66
NUVOCO, 27-Aug-2026,324.0,329.85,321.5,324.15,324.65,394709,1288.24,21087,184281.0,46.69
NV20, 27-Aug-2026,14.27,14.27,13.89,13.92,13.99,27366,3.81,161,21715.0,79.35
NV20BEES, 27-Aug-2026,140.06,140.09,138.72,139.41,140.01,19695,27.47,249,14521.0,73.73
NV20IETF, 27-Aug-2026,13.63,13.66,13.51,13.58,13.63,331517,45.07,1551,171406.0,51.7
NXST, 27-Aug-2026,166.1,168.12,166.1,166.99,166.95,284458,475.76,4296,248554.0,87.38
NXT-INFRA, 27-Aug-2026,98.99,98.99,96.76,97.06,96.8,2500000,2450.4,14,2500000.0,100.0
NYKAA, 27-Aug-2026,340.0,340.35,336.4,338.0,340.0,1530501,5181.78,29236,817192.0,53.39
OAL, 27-Aug-2026,400.0,432.55,400.0,428.95,401.25,565331,2381.6,21263,112218.0,19.85
OBCL, 27-Aug-2026,58.0,58.0,55.7,56.16,57.68,3976,2.26,69,3445.0,86.64
OBEROIRLTY, 27-Aug-2026,1875.2,1875.3,1844.9,1872.9,1870.0,270326,5029.41,17787,140222.0,51.87
OBSCP, 27-Aug-2026,866.0,871.85,848.0,850.6,856.05,26800,229.96,63,19200.0,71.64
ODIGMA, 27-Aug-2026,22.5,23.49,22.15,22.73,22.53,11102,2.52,271,7425.0,66.88
ODYCORP, 27-Aug-2026,7.59,7.59,7.06,7.1,7.11,52084,3.71,106,45720.0,87.78
OFSS, 27-Aug-2026,11840.0,11916.0,11720.0,11855.0,11800.0,186762,22057.89,27717,89437.0,47.89
OIL, 27-Aug-2026,469.15,472.95,465.1,469.85,469.15,1445687,6793.82,19938,812260.0,56.19
OILIETF, 27-Aug-2026,11.32,11.37,11.25,11.26,11.32,1001196,113.02,2106,736141.0,73.53
OLAELEC, 27-Aug-2026,38.0,38.14,37.3,37.63,38.0,17733163,6665.49,54923,5001629.0,28.2
OLECTRA, 27-Aug-2026,1330.0,1338.9,1317.4,1326.3,1326.4,216139,2872.73,13193,90011.0,41.64
OLIL, 27-Aug-2026,405.0,405.0,382.05,391.85,399.5,6800,27.04,14,4400.0,64.71
OMAXAUTO, 27-Aug-2026,186.84,193.5,183.22,191.23,186.84,38392,72.9,862,23691.0,61.71
OMAXE, 27-Aug-2026,108.0,115.0,107.21,113.38,109.37,4979734,5608.7,35770,870020.0,17.47
OMINFRAL, 27-Aug-2026,82.24,84.0,81.5,83.3,82.1,48931,40.33,1307,24303.0,49.67
OMNI, 27-Aug-2026,577.5,587.0,572.4,575.7,578.15,237985,1374.73,8574,77942.0,32.75
OMPOWER, 27-Aug-2026,172.84,173.0,170.0,172.27,172.84,84420,145.0,1229,58875.0,69.74
ONDOOR, 27-Aug-2026,291.15,314.85,290.0,302.55,300.05,14100,43.1,36,6900.0,48.94
ONEGLOBAL, 27-Aug-2026,565.0,565.0,540.0,541.4,556.5,8373,45.72,518,6282.0,75.03
ONEPOINT, 27-Aug-2026,55.62,55.7,54.75,55.54,55.51,750084,415.4,1615,223385.0,29.78
ONESOURCE, 27-Aug-2026,1493.9,1551.0,1491.1,1517.5,1483.6,315066,4797.0,19587,185796.0,58.97
ONGC, 27-Aug-2026,232.21,234.44,231.1,232.0,232.21,11219541,26099.74,110543,7047453.0,62.81
ONIDA, 27-Aug-2026,37.58,37.58,36.0,36.24,36.8,366341,133.64,994,303986.0,82.98
ONIXSOLAR, 27-Aug-2026,296.7,303.05,284.75,301.0,288.65,350922,1035.52,3734,219873.0,62.66
ONWARDTEC, 27-Aug-2026,283.05,294.35,283.05,285.6,283.4,39930,115.05,1044,22791.0,57.08
ONYX, 27-Aug-2026,42.05,42.05,42.05,42.05,42.05,8000,3.36,3,8000.0,100.0
OPTIEMUS, 27-Aug-2026,583.4,587.4,574.4,576.45,584.45,121096,703.12,5384,58931.0,48.66
OPTIFIN, 27-Aug-2026,13.94,13.94,12.9,13.09,13.82,50770,6.67,156,41993.0,82.71
OPTIMYSTIX, 27-Aug-2026,173.0,175.0,170.0,171.85,173.0,64000,110.69,45,61600.0,96.25
OPTIVALUE, 27-Aug-2026,195.0,199.0,190.0,190.75,192.0,14400,27.92,9,11200.0,77.78
ORCHASP, 27-Aug-2026,1.39,1.47,1.39,1.43,1.39,239511,3.42,208,176041.0,73.5
ORCHPHARMA, 27-Aug-2026,973.35,984.0,923.7,928.8,973.35,177784,1673.66,15112,85384.0,48.03
ORIANA, 27-Aug-2026,1347.95,1353.0,1285.0,1301.9,1322.95,32100,421.57,348,21675.0,67.52
ORICONENT, 27-Aug-2026,56.98,56.98,55.01,55.4,56.65,23280,12.9,292,18357.0,78.85
ORIENTALTL, 27-Aug-2026,5.3,5.3,5.01,5.14,5.13,54620,2.79,236,34227.0,62.66
ORIENTBELL, 27-Aug-2026,379.1,382.05,371.1,377.2,378.2,37203,140.15,810,28908.0,77.7
ORIENTCEM, 27-Aug-2026,134.86,134.86,131.0,131.41,134.48,105869,140.32,1947,56663.0,53.52
ORIENTCER, 27-Aug-2026,46.69,47.14,44.81,45.29,45.29,150649,69.41,2416,71785.0,47.65
ORIENTELEC, 27-Aug-2026,187.0,187.0,177.14,179.46,185.92,230617,416.81,4415,116855.0,50.67
ORIENTHOT, 27-Aug-2026,140.91,141.0,138.5,139.15,140.91,831862,1161.64,4871,455687.0,54.78
ORIENTPPR, 27-Aug-2026,17.0,17.28,16.92,17.04,17.03,119793,20.44,415,77022.0,64.3
ORIENTTECH, 27-Aug-2026,248.25,248.25,242.85,243.65,245.55,58999,143.92,1601,25678.0,43.52
ORIRAIL, 27-Aug-2026,131.61,133.85,125.7,126.56,132.99,128112,165.49,2479,68188.0,53.23
ORISSAMINE, 27-Aug-2026,4555.0,4625.8,4515.3,4543.5,4572.2,7028,321.26,1802,3418.0,48.63
ORKLAINDIA, 27-Aug-2026,575.95,609.9,575.95,606.0,579.8,407447,2421.4,13178,239492.0,58.78
ORTINGLOBE, 27-Aug-2026,14.72,15.74,14.72,15.1,15.35,4209,0.63,37,3368.0,80.02
OSELDEVICE, 27-Aug-2026,392.9,393.5,385.15,391.95,392.9,10200,39.78,48,9000.0,88.24
OSWALAGRO, 27-Aug-2026,36.61,37.8,36.61,36.86,36.79,14188,5.25,144,11046.0,77.85
OSWALGREEN, 27-Aug-2026,21.12,21.18,20.73,20.9,20.79,102763,21.53,581,63636.0,61.93
OSWALPUMPS, 27-Aug-2026,300.0,301.0,295.35,298.4,295.35,235063,701.31,4354,104921.0,44.64
OSWALSEEDS, 27-Aug-2026,12.3,12.5,11.97,12.17,12.37,50780,6.18,271,38112.0,75.05
OWAIS, 27-Aug-2026,73.85,74.25,72.2,74.25,70.75,98500,73.0,222,95200.0,96.65
PACEDIGITK, 27-Aug-2026,180.25,182.06,179.0,179.15,181.47,285578,513.51,2913,141651.0,49.6
PACIFICI, 27-Aug-2026,149.6,149.6,135.3,137.63,146.67,651,0.9,31,382.0,58.68
PAGEIND, 27-Aug-2026,35160.0,36215.0,35160.0,35800.0,35155.0,28033,10054.66,10765,12997.0,46.36
PAISALO, 27-Aug-2026,68.06,68.5,67.53,67.83,68.04,4630410,3150.76,14520,2645167.0,57.13
PAKKA, 27-Aug-2026,80.6,81.79,77.1,77.64,80.52,111632,88.18,2366,80195.0,71.84
PALASHSECU, 27-Aug-2026,91.9,91.9,87.5,89.78,92.56,3706,3.27,193,2122.0,57.26
PANACEABIO, 27-Aug-2026,398.2,399.95,390.0,393.25,397.95,65254,256.87,1832,38333.0,58.74
PANAMAPET, 27-Aug-2026,484.85,485.1,466.55,470.75,480.3,291022,1373.34,9625,111251.0,38.23
PANORAMA, 27-Aug-2026,48.65,49.29,47.5,48.26,48.65,255386,123.57,791,169109.0,66.22
PANSARI, 27-Aug-2026,324.0,324.0,311.1,315.0,324.0,17,0.05,7,11.0,64.71
PAR, 27-Aug-2026,99.99,99.99,99.16,99.56,99.54,10240,10.19,67,10052.0,98.16
PARACABLES, 27-Aug-2026,60.08,61.52,58.28,59.37,60.08,1875208,1123.48,6688,1208355.0,64.44
PARADEEP, 27-Aug-2026,162.91,162.92,159.61,160.55,163.84,4038004,6494.85,36098,1358853.0,33.65
PARAGMILK, 27-Aug-2026,245.8,249.0,240.25,241.17,244.77,743453,1811.19,11676,291865.0,39.26
PARAGON, 27-Aug-2026,48.6,48.6,47.0,47.05,48.8,14400,6.91,11,13200.0,91.67
PARAMOUNT, 27-Aug-2026,31.55,31.55,31.0,31.0,32.55,4800,1.49,4,4800.0,100.0
PARAS, 27-Aug-2026,1497.5,1506.0,1451.0,1454.8,1492.7,613310,9022.3,28926,225920.0,36.84
PARASPETRO, 27-Aug-2026,2.3,2.39,2.21,2.24,2.3,292645,6.75,322,116983.0,39.97
PARIN, 27-Aug-2026,720.0,725.0,710.0,710.0,716.5,3000,21.53,8,2250.0,75.0
PARKHOSPS, 27-Aug-2026,289.3,292.0,285.3,290.15,289.2,576513,1668.96,7310,323067.0,56.04
PARKHOTELS, 27-Aug-2026,112.75,114.59,111.71,112.11,113.64,214064,240.57,1905,144623.0,67.56
PARNAXLAB, 27-Aug-2026,123.41,123.41,123.4,123.41,123.71,1460,1.8,17,1436.0,98.36
PARTH, 27-Aug-2026,490.0,490.0,478.0,478.0,490.0,7600,36.76,19,6000.0,78.95
PARTYCRUS, 27-Aug-2026,78.55,78.55,78.55,78.55,83.5,1000,0.79,1,1000.0,100.0
PASHUPATI, 27-Aug-2026,85.25,85.25,83.82,84.17,84.09,11357,9.59,495,8048.0,70.86
PATANJALI, 27-Aug-2026,348.0,348.85,345.25,348.25,348.15,1056545,3666.31,44514,483026.0,45.72
PATELENG, 27-Aug-2026,28.65,29.55,28.56,29.08,28.64,4636446,1345.58,12203,1833638.0,39.55
PATELRMART, 27-Aug-2026,232.99,237.85,231.0,234.25,233.12,74789,175.36,2034,34313.0,45.88
PATILAUTOM, 27-Aug-2026,234.0,235.0,229.0,230.7,232.5,56400,131.28,75,37800.0,67.02
PAUSHAKLTD, 27-Aug-2026,746.15,754.65,735.1,738.2,750.55,7797,57.87,668,4990.0,64.0
PAVNAIND, 27-Aug-2026,18.84,18.89,18.11,18.51,18.51,348252,64.77,96,346928.0,99.62
PAYTM, 27-Aug-2026,1720.4,1731.0,1679.0,1679.0,1716.0,3395055,57997.63,88285,1813702.0,53.42
PBMPOLY, 27-Aug-2026,60.0,60.5,58.0,60.2,60.3,65,0.04,6,64.0,98.46
PCBL, 27-Aug-2026,326.9,327.95,321.35,323.0,325.65,455268,1475.56,11426,214286.0,47.07
PCCL, 27-Aug-2026,365.0,388.0,365.0,381.0,358.35,64000,242.03,122,54000.0,84.38
PCJEWELLER, 27-Aug-2026,11.17,11.32,10.92,11.01,11.23,332871058,36963.41,90437,51184696.0,15.38
PDMJEPAPER, 27-Aug-2026,90.57,91.7,86.0,87.52,89.69,121080,108.02,2261,53038.0,43.8
PDSL, 27-Aug-2026,370.35,375.45,359.65,366.55,369.1,95276,348.41,3123,57914.0,60.79
PEARLPOLY, 27-Aug-2026,15.52,15.94,15.0,15.18,15.52,14297,2.19,107,9689.0,67.77
PELATRO, 27-Aug-2026,377.0,380.0,368.25,370.0,377.3,11400,42.8,19,11100.0,97.37
PENIND, 27-Aug-2026,157.5,164.4,156.18,160.9,156.5,725935,1164.08,7669,336005.0,46.29
PENTAGON, 27-Aug-2026,50.8,50.8,50.3,50.55,52.0,4000,2.02,4,3000.0,75.0
PERFECT, 27-Aug-2026,2.1,2.1,2.1,2.1,2.2,3000,0.06,1,3000.0,100.0
PERMAGN, 27-Aug-2026,900.55,900.55,864.0,869.45,900.55,2080,18.19,376,1302.0,62.6
PERSISTENT, 27-Aug-2026,5640.0,5679.5,5597.0,5654.0,5590.5,191424,10811.63,17153,69063.0,36.08
PETRONET, 27-Aug-2026,290.0,293.35,289.6,290.95,289.0,1988032,5808.67,62181,1260055.0,63.38
PFC, 27-Aug-2026,361.75,362.3,352.35,355.85,364.1,12745960,45308.22,128508,7000730.0,54.93
PFIZER, 27-Aug-2026,4816.9,4819.1,4730.0,4740.4,4802.5,20922,995.43,4733,11378.0,54.38
PFOCUS, 27-Aug-2026,301.95,303.3,295.0,295.65,302.55,403749,1203.21,9974,178494.0,44.21
PFS, 27-Aug-2026,27.8,27.85,27.2,27.24,27.66,423965,116.05,1661,354467.0,83.61
PGEL, 27-Aug-2026,587.15,604.7,587.15,596.0,587.15,1069342,6401.82,24689,276125.0,25.82
PGHH, 27-Aug-2026,8125.0,8208.5,8085.0,8102.5,8136.5,7803,634.85,2122,3845.0,49.28
PGHL, 27-Aug-2026,5720.0,5781.5,5713.0,5722.5,5766.0,9113,523.03,2183,4916.0,53.94
PGIL, 27-Aug-2026,2280.0,2315.2,2262.0,2294.8,2289.6,58387,1334.56,7271,25774.0,44.14
PGINVIT, 27-Aug-2026,100.48,100.48,99.45,99.64,100.0,1376496,1375.05,8546,1237339.0,89.89
PHANTOMFX, 27-Aug-2026,115.5,120.0,115.5,117.05,118.3,19800,23.16,50,17100.0,86.36
PHARMABEES, 27-Aug-2026,27.7,27.7,27.37,27.54,27.45,3327348,914.37,8357,1918713.0,57.66
PHOENIXLTD, 27-Aug-2026,1926.0,1944.8,1897.2,1901.7,1924.1,469493,8983.44,24747,286349.0,60.99
PHOENXINTL, 27-Aug-2026,32.0,32.04,30.05,30.31,30.66,928,0.29,34,795.0,85.67
PHOGLOBAL, 27-Aug-2026,15.95,16.0,15.95,16.0,16.0,4000,0.64,2,4000.0,100.0
PICCADIL, 27-Aug-2026,668.8,668.8,651.1,653.85,665.3,107744,711.24,6366,56613.0,52.54
PIDILITIND, 27-Aug-2026,1650.0,1668.5,1640.0,1656.0,1650.0,852620,14165.62,31553,574328.0,67.36
PIGL, 27-Aug-2026,103.0,106.0,101.0,101.85,101.41,23137,23.64,401,14111.0,60.99
PIIND, 27-Aug-2026,2508.3,2536.5,2460.0,2467.0,2508.3,107358,2676.27,12997,49154.0,45.79
PILANIINVS, 27-Aug-2026,4424.9,4450.0,4350.0,4363.8,4424.9,1684,74.14,289,1169.0,69.42
PILITA, 27-Aug-2026,8.14,8.4,8.1,8.11,8.14,86576,7.12,137,78150.0,90.27
PINELABS, 27-Aug-2026,170.2,173.1,168.5,169.67,166.88,31650500,54036.37,167494,10319298.0,32.6
PIONEEREMB, 27-Aug-2026,22.0,22.0,21.95,21.98,21.92,2199,0.48,27,2199.0,100.0
PIRAMALFIN, 27-Aug-2026,2228.0,2241.2,2201.5,2228.7,2221.4,322634,7182.88,30003,157866.0,48.93
PITTIENG, 27-Aug-2026,1125.0,1149.5,1105.0,1129.65,1123.45,153159,1727.56,10491,73215.0,47.8
PIXTRANS, 27-Aug-2026,1810.1,1892.1,1810.1,1863.6,1810.1,28376,526.8,3894,14435.0,50.87
PKTEA, 27-Aug-2026,785.0,785.0,737.0,751.85,785.0,80,0.6,24,47.0,58.75
PLASTIBLEN, 27-Aug-2026,190.25,196.19,189.0,189.24,188.89,16361,31.31,705,9697.0,59.27
PLATIND, 27-Aug-2026,218.39,231.95,216.41,227.31,218.31,146353,330.42,2979,82511.0,56.38
PLAZACABLE, 27-Aug-2026,52.5,54.0,50.22,51.3,52.22,46229,23.88,620,26260.0,56.8
PML, 27-Aug-2026,499.0,499.0,485.35,498.0,499.65,262,1.29,26,214.0,81.68
PNB, 27-Aug-2026,116.7,117.2,115.07,115.4,116.7,10955188,12709.69,42422,5369213.0,49.01
PNBGILTS, 27-Aug-2026,79.87,79.87,77.4,77.96,79.4,265347,207.75,2149,153028.0,57.67
PNBHOUSING, 27-Aug-2026,1177.0,1195.0,1176.6,1178.0,1185.0,388513,4601.23,27834,208697.0,53.72
PNC, 27-Aug-2026,17.07,17.6,16.99,17.44,16.99,3159,0.55,106,2141.0,67.77
PNCINFRA, 27-Aug-2026,201.9,203.0,197.37,198.34,201.32,360275,716.45,14192,195048.0,54.14
PNGJL, 27-Aug-2026,597.0,601.0,582.75,594.55,595.7,552777,3277.05,18779,294868.0,53.34
PNGSREVA, 27-Aug-2026,563.65,564.9,538.1,542.9,555.65,127409,700.58,4826,56741.0,44.53
POCL, 27-Aug-2026,510.9,515.9,501.5,511.3,512.45,317241,1618.63,9453,156048.0,49.19
PODDARMENT, 27-Aug-2026,248.35,251.35,242.75,245.8,248.3,2808,6.94,81,2384.0,84.9
POEL, 27-Aug-2026,149.65,153.78,149.65,150.6,150.86,11911,18.0,232,9113.0,76.51
POKARNA, 27-Aug-2026,869.7,876.25,852.95,855.3,869.6,31056,267.61,2315,18633.0,60.0
POLICYBZR, 27-Aug-2026,1852.0,1852.0,1821.1,1837.9,1840.0,1734864,31943.07,55436,1174886.0,67.72
POLYCAB, 27-Aug-2026,9148.0,9188.0,8906.0,9079.0,9060.0,477929,43202.17,59391,212956.0,44.56
POLYMED, 27-Aug-2026,1712.0,1727.5,1682.3,1712.6,1711.2,109590,1867.18,14206,45519.0,41.54
POLYPLEX, 27-Aug-2026,1172.5,1181.5,1147.1,1149.2,1175.4,43298,501.68,3475,28410.0,65.62
POLYSIL, 27-Aug-2026,48.1,52.65,48.1,52.65,50.15,59000,30.67,76,49500.0,83.9
POLYSPIN, 27-Aug-2026,29.0,31.93,28.0,31.93,29.5,114,0.03,12,102.0,89.47
PONNIERODE, 27-Aug-2026,392.0,395.25,379.95,382.0,391.05,52604,203.43,2831,25226.0,47.95
POONAWALLA, 27-Aug-2026,474.65,484.0,471.75,482.35,472.65,1434979,6887.06,33667,941086.0,65.58
POSITRON, 27-Aug-2026,167.75,167.75,165.0,167.45,167.75,2400,4.02,6,2100.0,87.5
POWERGRID, 27-Aug-2026,264.8,266.3,262.3,264.9,265.2,7118715,18804.34,77487,3841063.0,53.96
POWERICA, 27-Aug-2026,532.0,534.4,516.15,519.0,532.0,108857,567.6,5211,66688.0,61.26
POWERINDIA, 27-Aug-2026,33395.0,34250.0,33290.0,33880.0,33125.0,87939,29713.7,29177,26388.0,30.01
POWERMECH, 27-Aug-2026,2513.9,2570.0,2513.9,2547.4,2513.3,49931,1271.46,8464,28891.0,57.86
PPLPHARMA, 27-Aug-2026,211.9,219.5,210.65,214.95,211.29,4647834,10002.11,52292,1975595.0,42.51
PPSL, 27-Aug-2026,2.6,2.75,2.6,2.75,2.65,63000,1.7,20,51000.0,80.95
PRABHA, 27-Aug-2026,209.16,213.8,205.0,206.86,209.16,81746,171.77,825,43977.0,53.8
PRAENG, 27-Aug-2026,19.85,20.0,19.31,19.76,19.44,11024,2.18,85,10051.0,91.17
PRAJIND, 27-Aug-2026,350.95,357.15,348.35,354.4,350.25,783561,2779.26,13095,425549.0,54.31
PRAKASH, 27-Aug-2026,131.0,131.23,126.7,127.31,129.94,241618,310.23,3226,123096.0,50.95
PRAKASHSTL, 27-Aug-2026,3.87,3.98,3.87,3.88,3.87,96363,3.77,254,74043.0,76.84
PRAMARA, 27-Aug-2026,113.5,114.3,109.7,110.0,113.5,9000,10.13,16,7000.0,77.78
PRAMODINI, 27-Aug-2026,121.5,121.5,117.05,117.15,121.25,56400,66.9,43,55200.0,97.87
PRANIK, 27-Aug-2026,41.0,42.0,41.0,42.0,41.0,6400,2.67,4,6400.0,100.0
PRATHAM, 27-Aug-2026,121.0,121.0,116.15,120.05,120.4,5200,6.26,8,4800.0,92.31
PRAVEG, 27-Aug-2026,260.75,281.0,257.0,275.0,262.25,414062,1138.2,8205,215051.0,51.94
PRAXIS, 27-Aug-2026,5.19,5.19,4.94,4.98,5.13,137214,6.92,235,128795.0,93.86
PRECAM, 27-Aug-2026,129.1,130.5,124.55,125.8,129.27,131571,166.71,3060,69943.0,53.16
PRECISION, 27-Aug-2026,7.0,7.25,7.0,7.0,6.95,8000,0.57,4,8000.0,100.0
PRECOT, 27-Aug-2026,696.35,712.85,690.0,703.75,695.45,1662,11.63,196,988.0,59.45
PRECWIRE, 27-Aug-2026,433.0,436.55,421.2,422.8,432.25,350769,1496.5,14014,148404.0,42.31
PREMCO, 27-Aug-2026,381.45,393.0,370.05,384.35,381.45,381,1.46,38,335.0,87.93
PREMEXPLN, 27-Aug-2026,671.95,673.95,665.0,666.25,671.2,83749,559.71,1722,51790.0,61.84
PREMIERENE, 27-Aug-2026,1003.0,1020.0,985.1,1000.0,1005.0,1498122,15014.73,45092,530679.0,35.42
PREMIERPOL, 27-Aug-2026,91.55,95.9,88.0,95.21,90.79,830116,776.35,8537,324417.0,39.08
PRESSTONIC, 27-Aug-2026,39.0,39.4,37.05,37.7,38.65,36800,14.01,36,32000.0,86.96
PRESTIGE, 27-Aug-2026,1623.6,1635.9,1609.6,1623.0,1615.1,264298,4277.69,15364,114910.0,43.48
PRICOLLTD, 27-Aug-2026,781.0,796.75,764.15,776.7,780.7,441982,3469.26,24457,271928.0,61.52
PRIMECAB, 27-Aug-2026,215.3,215.3,205.05,205.1,215.0,27200,56.39,15,20800.0,76.47
PRIMESECU, 27-Aug-2026,281.7,284.05,275.2,279.9,283.8,5727,16.02,294,3408.0,59.51
PRIMO, 27-Aug-2026,21.6,21.62,21.0,21.49,21.28,104515,22.38,800,60758.0,58.13
PRINCEPIPE, 27-Aug-2026,300.0,303.0,293.4,295.65,298.4,330658,986.11,7247,180590.0,54.62
PRISMX, 27-Aug-2026,0.54,0.55,0.52,0.53,0.54,83271,0.44,91,74583.0,89.57
PRITIKA, 27-Aug-2026,59.0,61.8,59.0,61.8,59.0,18000,11.07,3,18000.0,100.0
PRIVISCL, 27-Aug-2026,3480.0,3489.0,3450.0,3456.6,3458.4,27749,963.19,6242,19130.0,68.94
PRIZOR, 27-Aug-2026,1066.1,1066.1,1066.1,1066.1,1045.2,37200,396.59,73,36800.0,98.92
PRLIND, 27-Aug-2026,43.25,43.25,42.15,42.6,42.5,26000,11.14,20,15000.0,57.69
PROFX, 27-Aug-2026,76.8,76.8,76.8,76.8,76.1,1600,1.23,1,1600.0,100.0
PROLIFE, 27-Aug-2026,79.0,79.0,79.0,79.0,79.0,500,0.4,1,500.0,100.0
PROPSHOP, 27-Aug-2026,74.3,76.75,74.05,74.7,76.1,40000,30.25,20,28000.0,70.0
PROSTARM, 27-Aug-2026,137.12,137.5,132.0,132.52,135.88,124540,166.93,2256,61029.0,49.0
PROTEAN, 27-Aug-2026,566.0,572.0,553.1,556.9,565.7,244683,1375.61,7333,153366.0,62.68
PROV, 27-Aug-2026,1900.0,1900.0,1880.0,1880.0,1875.0,160,3.02,2,160.0,100.0
PROZONER, 27-Aug-2026,45.88,45.88,42.91,44.21,43.51,253149,110.97,1603,147820.0,58.39
PRSMJOHNSN, 27-Aug-2026,112.0,112.19,110.9,111.16,112.29,370685,412.78,4834,158417.0,42.74
PRUDENT, 27-Aug-2026,3405.0,3509.9,3351.0,3473.5,3345.1,60513,2081.69,11592,27244.0,45.02
PSB, 27-Aug-2026,23.5,23.65,23.2,23.32,23.5,1461842,342.23,3519,444853.0,30.43
PSFL, 27-Aug-2026,31.0,31.0,31.0,31.0,31.05,2000,0.62,1,2000.0,100.0
PSPPROJECT, 27-Aug-2026,909.2,911.6,898.0,901.2,904.65,23261,209.9,1183,14148.0,60.82
PSRAJ, 27-Aug-2026,81.0,81.0,80.0,80.0,84.0,15000,12.08,6,12500.0,83.33
PSUBANK, 27-Aug-2026,87.43,87.63,85.8,86.08,87.19,791438,683.08,869,663796.0,83.87
PSUBANKADD, 27-Aug-2026,88.09,88.09,86.86,87.02,87.97,34081,29.74,186,17778.0,52.16
PSUBNKBEES, 27-Aug-2026,96.42,97.2,95.9,96.08,96.91,1126383,1085.34,5008,630152.0,55.94
PSUBNKIETF, 27-Aug-2026,86.94,88.19,86.93,87.09,87.94,63484,55.46,693,38263.0,60.27
PTC, 27-Aug-2026,157.22,159.0,156.75,157.96,157.28,711786,1121.72,10455,404997.0,56.9
PTCIL, 27-Aug-2026,20801.0,20888.0,20429.0,20622.0,20919.0,16310,3366.11,5326,5235.0,32.1
PTL, 27-Aug-2026,38.3,38.81,38.3,38.41,38.69,24028,9.26,674,17127.0,71.28
PULZ, 27-Aug-2026,23.05,23.05,23.0,23.0,23.6,12000,2.76,3,12000.0,100.0
PUNJABCHEM, 27-Aug-2026,1119.0,1135.9,1110.6,1112.8,1119.0,2654,29.69,377,1628.0,61.34
PURPLEUTED, 27-Aug-2026,418.0,427.7,415.05,422.6,409.0,28250,119.14,83,28250.0,100.0
PURVA, 27-Aug-2026,218.9,219.5,212.0,214.22,218.87,139252,299.55,3422,63967.0,45.94
PURVFLEXI, 27-Aug-2026,44.8,46.8,44.8,46.8,44.6,9600,4.32,2,9600.0,100.0
PUSHPA, 27-Aug-2026,114.5,114.9,113.75,113.75,114.9,9000,10.33,7,8000.0,88.89
PVP, 27-Aug-2026,58.9,62.12,57.51,62.12,56.48,6580316,3962.61,24875,2386078.0,36.26
PVRINOX, 27-Aug-2026,1255.2,1260.1,1229.1,1236.3,1255.3,431393,5330.32,20380,272198.0,63.1
PVSL, 27-Aug-2026,106.53,109.8,105.63,106.08,106.53,28688,30.71,527,17910.0,62.43
PVTBANIETF, 27-Aug-2026,28.04,28.23,28.02,28.12,28.04,2224292,625.68,1221,1597780.0,71.83
PVTBANK, 27-Aug-2026,27.81,28.03,27.81,27.94,27.81,37160,10.36,22,36350.0,97.82
PVTBANKADD, 27-Aug-2026,28.31,28.4,28.24,28.28,28.24,121002,34.24,129,97425.0,80.52
PVTBKGROWW, 27-Aug-2026,28.09,28.09,27.33,27.89,27.77,52090,14.53,899,28320.0,54.37
PWL, 27-Aug-2026,127.6,128.25,122.65,124.09,126.13,8276711,10375.43,47456,2299369.0,27.78
PYRAMID, 27-Aug-2026,164.07,164.83,158.15,159.99,162.73,52418,84.65,1191,26279.0,50.13
QGOLDHALF, 27-Aug-2026,132.94,132.94,128.65,130.48,132.94,266948,348.46,2466,96161.0,36.02
QLINE, 27-Aug-2026,532.0,536.0,518.1,528.3,536.95,74800,395.46,167,51600.0,68.98
QNIFTY, 27-Aug-2026,268.0,268.0,265.4,266.19,267.48,10992,29.26,87,9472.0,86.17
QPOWER, 27-Aug-2026,1302.9,1363.1,1301.5,1363.1,1298.2,224360,3037.47,6870,163297.0,72.78
QUADFUTURE, 27-Aug-2026,415.0,439.8,411.7,432.55,411.95,1763494,7554.96,37362,326575.0,18.52
QUAL30IETF, 27-Aug-2026,21.42,21.42,21.2,21.26,21.36,241818,51.34,218,221673.0,91.67
QUALITY30, 27-Aug-2026,20.98,20.98,20.81,20.9,21.02,8127,1.7,52,5884.0,72.4
QUESS, 27-Aug-2026,370.75,374.0,355.0,356.95,370.7,607375,2208.12,21629,236006.0,38.86
QUESTLAB, 27-Aug-2026,87.0,88.0,85.0,87.25,87.95,192000,168.62,18,188400.0,98.13
QUICKTOUCH, 27-Aug-2026,15.4,16.15,15.4,16.15,15.4,10000,1.55,8,10000.0,100.0
QUINT, 27-Aug-2026,43.9,43.9,39.23,40.26,41.01,13432,5.52,79,10429.0,77.64
QVCEL, 27-Aug-2026,26.25,26.25,26.2,26.2,27.55,4800,1.26,3,4800.0,100.0
RACE, 27-Aug-2026,101.9,101.99,98.0,101.59,100.77,3586,3.59,89,2779.0,77.5
RACLGEAR, 27-Aug-2026,1526.6,1537.9,1484.3,1528.8,1509.4,29003,439.36,3307,14869.0,51.27
RADAAN, 27-Aug-2026,3.02,3.08,2.91,3.01,3.02,12988,0.39,75,4652.0,35.82
RADHIKAJWE, 27-Aug-2026,71.35,72.85,69.54,70.33,70.54,888439,633.0,7199,259815.0,29.24
RADIANTCMS, 27-Aug-2026,41.51,41.75,39.69,40.41,41.16,367982,148.71,2165,239426.0,65.06
RADICO, 27-Aug-2026,4617.9,4650.6,4574.3,4606.0,4614.0,212632,9775.41,17102,129357.0,60.84
RADIOCITY, 27-Aug-2026,6.62,6.82,6.5,6.57,6.62,31627,2.08,113,27927.0,88.3
RADIOWALLA, 27-Aug-2026,27.0,27.0,27.0,27.0,26.5,1600,0.43,1,1600.0,100.0
RAILTEL, 27-Aug-2026,280.55,282.3,278.5,279.05,280.9,291964,818.3,7404,122029.0,41.8
RAIN, 27-Aug-2026,195.72,200.63,193.1,194.38,195.78,2796963,5529.7,21934,1341510.0,47.96
RAINBOW, 27-Aug-2026,1445.0,1449.9,1423.9,1441.0,1446.7,69440,996.73,9785,39140.0,56.37
RAJINDLTD, 27-Aug-2026,65.85,65.85,65.25,65.25,68.0,22500,14.72,6,22500.0,100.0
RAJMET, 27-Aug-2026,3.29,3.29,3.07,3.13,3.18,1031559,32.39,1221,671017.0,65.05
RAJPALAYAM, 27-Aug-2026,828.0,828.0,810.0,810.0,826.9,385,3.13,20,371.0,96.36
RAJRATAN, 27-Aug-2026,495.75,509.0,485.25,489.55,495.75,70021,344.73,3537,36076.0,51.52
RAJSREESUG, 27-Aug-2026,37.3,37.3,35.1,35.25,36.59,91732,33.04,722,60128.0,65.55
RAJTV, 27-Aug-2026,10.68,10.68,10.11,10.43,10.58,11911,1.22,104,6470.0,54.32
RALLIS, 27-Aug-2026,213.01,213.93,209.8,210.24,213.93,412837,872.01,14347,250917.0,60.78
RAMANEWS, 27-Aug-2026,32.0,33.49,31.75,32.77,31.81,32254,10.61,280,23590.0,73.14
RAMAPHO, 27-Aug-2026,126.0,128.01,124.2,126.56,128.0,30254,38.21,626,21233.0,70.18
RAMBHAJO, 27-Aug-2026,259.7,279.33,237.01,263.57,255.69,16411137,43054.09,170663,956103.0,5.83
RAMCOCEM, 27-Aug-2026,943.0,943.0,890.35,892.55,940.65,706106,6367.8,30816,351251.0,49.74
RAMCOIND, 27-Aug-2026,350.25,355.0,339.45,341.6,349.65,114445,392.12,2479,42588.0,37.21
RAMCOSYS, 27-Aug-2026,553.0,565.6,552.25,556.2,553.1,100913,565.04,4417,43814.0,43.42
RAMKY, 27-Aug-2026,366.7,370.05,360.0,362.75,366.2,36363,132.61,1453,19131.0,52.61
RAMRAT, 27-Aug-2026,528.35,580.5,526.0,569.6,523.7,3785377,21377.91,81558,499032.0,13.18
RANASUG, 27-Aug-2026,14.9,15.02,14.52,14.75,14.8,513788,75.88,1055,334574.0,65.12
RANEHOLDIN, 27-Aug-2026,1580.8,1637.0,1577.7,1593.9,1581.6,8041,129.03,1350,3884.0,48.3
RAPIDFLEET, 27-Aug-2026,231.85,233.95,230.1,231.0,232.35,24600,56.8,27,7200.0,29.27
RAPPID, 27-Aug-2026,299.75,299.75,298.15,298.15,300.1,1200,3.59,2,1200.0,100.0
RATEGAIN, 27-Aug-2026,939.2,943.75,911.0,918.25,934.05,344863,3192.57,25906,176749.0,51.25
RATNAMANI, 27-Aug-2026,2641.1,2759.9,2631.0,2654.8,2641.6,121827,3288.28,18818,24287.0,19.94
RATNAVEER, 27-Aug-2026,281.0,296.9,280.66,294.89,279.27,7098522,20604.45,44068,1525719.0,21.49
RAYMOND, 27-Aug-2026,624.15,625.65,611.0,614.0,621.05,342690,2110.37,9996,152725.0,44.57
RAYMONDLSL, 27-Aug-2026,710.7,711.65,689.0,692.2,709.75,220397,1535.78,12417,121092.0,54.94
RAYMONDREL, 27-Aug-2026,575.0,578.35,560.2,565.4,575.2,130850,745.01,3467,55803.0,42.65
RBA, 27-Aug-2026,102.99,104.48,99.9,100.62,102.36,4278593,4328.39,19010,1902938.0,44.48
RBLBANK, 27-Aug-2026,382.55,387.0,381.6,385.4,382.5,1606356,6174.99,29935,761084.0,47.38
RBMINFRA, 27-Aug-2026,244.0,244.4,237.05,241.9,245.35,9800,23.6,47,7600.0,77.55
RBS, 27-Aug-2026,90.0,92.9,88.0,90.0,91.25,16000,14.45,16,8000.0,50.0
RBZJEWEL, 27-Aug-2026,148.25,150.79,145.68,146.46,149.33,90071,133.08,1868,47899.0,53.18
RCDL, 27-Aug-2026,17.9,19.8,17.9,19.0,18.1,48000,9.04,14,33000.0,68.75
RCF, 27-Aug-2026,122.36,122.71,121.48,121.77,122.33,704727,858.99,7012,333491.0,47.32
READYMIX, 27-Aug-2026,89.85,89.85,86.0,88.35,88.35,33000,28.87,31,20000.0,60.61
RECLTD, 27-Aug-2026,323.15,324.55,317.3,320.9,322.2,6223407,19973.52,56406,3355656.0,53.92
REDINGTON, 27-Aug-2026,355.0,365.2,354.2,358.4,354.2,3395377,12231.0,54217,1198734.0,35.3
REDTAPE, 27-Aug-2026,122.25,125.7,121.84,124.26,122.56,503927,625.91,8459,214254.0,42.52
REFEX, 27-Aug-2026,296.0,296.15,286.5,289.4,296.85,347748,1006.83,7895,162927.0,46.85
REFRACTORY, 27-Aug-2026,28.75,28.75,27.4,27.45,28.75,3000,0.84,3,3000.0,100.0
REGAAL, 27-Aug-2026,95.1,95.69,92.25,93.04,94.57,227821,214.27,1897,134081.0,58.85
REGENCERAM, 27-Aug-2026,35.0,35.0,32.82,33.0,33.0,3706,1.22,28,3403.0,91.82
RELAXO, 27-Aug-2026,367.95,369.6,353.8,356.1,367.4,221407,794.6,11239,94954.0,42.89
RELCHEMQ, 27-Aug-2026,116.47,119.0,112.72,113.36,114.19,821,0.94,46,548.0,66.75
RELIABLE, 27-Aug-2026,142.13,142.13,137.0,138.94,140.45,62620,87.62,623,29427.0,46.99
RELIANCE, 27-Aug-2026,1305.0,1308.4,1282.2,1282.2,1298.0,11271497,145648.26,218067,6282905.0,55.74
RELIGARE, 27-Aug-2026,226.65,236.0,226.65,234.2,227.85,582315,1356.95,12357,320113.0,54.97
RELTD, 27-Aug-2026,157.4,159.0,155.25,156.4,156.7,84687,133.11,2016,42243.0,49.88
REMSONSIND, 27-Aug-2026,81.09,82.98,80.1,80.46,81.09,46303,37.42,1500,24189.0,52.24
REMUS, 27-Aug-2026,900.0,922.0,900.0,910.15,890.5,5200,47.45,43,4100.0,78.85
RENUKA, 27-Aug-2026,24.04,24.29,23.32,23.43,23.94,17586067,4174.6,23569,5296295.0,30.12
REPCOHOME, 27-Aug-2026,362.5,372.0,359.05,365.7,362.3,160112,587.74,4656,77836.0,48.61
REPRO, 27-Aug-2026,309.25,312.9,305.0,309.1,307.65,15925,49.05,406,12195.0,76.58
RESPONIND, 27-Aug-2026,151.0,159.9,149.86,156.82,151.71,279092,434.57,6743,77535.0,27.78
RETAIL, 27-Aug-2026,17.9,17.9,17.0,17.11,17.81,1927,0.34,62,1177.0,61.08
RGL, 27-Aug-2026,149.79,149.79,130.77,133.81,152.58,10152479,14199.92,63083,1478111.0,14.56
RHETAN, 27-Aug-2026,22.24,22.24,21.2,21.23,21.94,13706911,2980.82,7634,1812483.0,13.22
RHIM, 27-Aug-2026,372.45,373.5,364.85,370.3,370.6,282303,1043.38,8415,139861.0,49.54
RHL, 27-Aug-2026,169.0,170.0,165.0,166.54,169.75,1991,3.3,21,1893.0,95.08
RICHA, 27-Aug-2026,77.0,77.0,77.0,77.0,80.5,1000,0.77,1,1000.0,100.0
RICOAUTO, 27-Aug-2026,131.0,133.07,129.45,130.02,130.76,868806,1142.36,8300,285669.0,32.88
RIIL, 27-Aug-2026,769.9,769.9,755.1,758.9,762.5,31756,241.54,1721,12396.0,39.04
RIIT, 27-Aug-2026,122.0,122.0,121.05,121.54,121.77,120546,146.65,4290,106940.0,88.71
RILINFRA, 27-Aug-2026,36.45,36.45,35.4,35.6,36.0,3200,1.15,22,2600.0,81.25
RIR, 27-Aug-2026,165.44,166.9,161.0,162.21,164.46,92180,150.58,1912,47007.0,50.99
RISHABH, 27-Aug-2026,687.7,704.95,686.05,690.5,687.7,139748,971.8,7183,61152.0,43.76
RITCO, 27-Aug-2026,312.5,318.4,307.8,310.1,311.2,47535,148.26,1604,22926.0,48.23
RITES, 27-Aug-2026,218.0,218.92,216.51,217.19,218.01,157885,343.17,5980,87534.0,55.44
RKDL, 27-Aug-2026,18.88,18.95,18.31,18.88,18.88,19865,3.74,65,12438.0,62.61
RKEC, 27-Aug-2026,23.97,23.97,22.0,22.32,23.24,32945,7.38,204,22998.0,69.81
RKFORGE, 27-Aug-2026,731.9,741.3,713.35,716.65,732.0,576114,4186.81,19021,319531.0,55.46
RKSWAMY, 27-Aug-2026,94.0,94.5,93.0,94.01,93.2,48023,45.02,564,40208.0,83.73
RMC, 27-Aug-2026,257.0,258.2,248.6,249.45,256.75,39639,100.28,1017,24158.0,60.95
RML, 27-Aug-2026,1150.0,1156.0,1120.0,1123.3,1144.1,22508,254.19,2201,13222.0,58.74
RNBDENIMS, 27-Aug-2026,9.34,9.37,9.11,9.37,8.93,284132,26.48,443,256164.0,90.16
RNFI, 27-Aug-2026,295.0,308.9,295.0,304.75,292.65,81000,246.74,123,60600.0,74.81
RNPL, 27-Aug-2026,77.0,78.55,75.15,75.95,79.1,10800,8.29,9,2400.0,22.22
ROCKINGDCE, 27-Aug-2026,241.0,243.85,224.3,240.95,240.5,11250,26.8,44,7500.0,66.67
ROCKPP, 27-Aug-2026,69.0,71.0,69.0,71.0,65.2,5000,3.52,4,5000.0,100.0
ROHLTD, 27-Aug-2026,306.0,308.4,302.2,303.15,306.2,9004,27.39,433,6849.0,76.07
ROLEXRINGS, 27-Aug-2026,185.44,186.7,179.7,180.43,184.45,1114798,2035.44,18957,475894.0,42.69
ROML, 27-Aug-2026,42.47,42.56,39.55,40.61,42.44,12924,5.29,172,9161.0,70.88
ROSSARI, 27-Aug-2026,500.05,502.45,495.05,497.05,500.05,21341,106.17,1217,11161.0,52.3
ROSSELLIND, 27-Aug-2026,66.0,73.0,55.82,56.99,61.77,2432924,1611.2,16194,992147.0,40.78
ROSSTECH, 27-Aug-2026,1098.2,1149.0,1096.5,1103.4,1099.95,250599,2812.22,14808,104088.0,41.54
ROTO, 27-Aug-2026,65.9,66.08,64.61,65.02,65.51,139044,90.56,1366,63882.0,45.94
ROUTE, 27-Aug-2026,524.0,531.0,508.05,509.0,523.45,220945,1144.01,7700,70160.0,31.75
ROXHITECH, 27-Aug-2026,52.0,52.0,50.9,50.9,51.0,16000,8.2,5,14400.0,90.0
ROYALARC, 27-Aug-2026,175.0,175.0,170.0,170.0,175.0,3600,6.24,3,3600.0,100.0
RPEL, 27-Aug-2026,1736.0,1765.9,1702.0,1745.4,1736.7,94129,1642.01,7961,53375.0,56.7
RPGLIFE, 27-Aug-2026,2592.7,2617.0,2560.0,2567.6,2592.7,5515,142.57,1196,2771.0,50.24
RPOWER, 27-Aug-2026,22.7,22.93,22.6,22.71,22.7,11093761,2519.15,22455,3109620.0,28.03
RPPINFRA, 27-Aug-2026,57.25,58.1,56.63,57.53,57.18,535308,304.46,629,520724.0,97.28
RPSGVENT, 27-Aug-2026,865.4,869.15,857.0,861.35,868.5,9070,78.11,578,6617.0,72.95
RPTECH, 27-Aug-2026,787.5,804.75,776.15,782.5,778.95,401788,3171.91,19700,151783.0,37.78
RRECL, 27-Aug-2026,136.5,145.0,136.5,145.0,151.66,12,0.02,4,12.0,100.0
RRIL, 27-Aug-2026,17.56,17.57,16.91,17.27,17.0,10008,1.74,87,5306.0,53.02
RRKABEL, 27-Aug-2026,2819.0,2918.8,2790.0,2830.1,2810.6,773963,22060.0,54118,395849.0,51.15
RSL, 27-Aug-2026,166.3,174.45,165.94,172.47,166.59,1772814,3038.88,12551,503533.0,28.4
RSSOFTWARE, 27-Aug-2026,32.0,32.94,31.0,32.93,31.38,66301,21.66,631,45455.0,68.56
RSYSTEMS, 27-Aug-2026,240.0,244.05,235.5,239.1,240.1,206236,492.18,5155,92727.0,44.96
RTNINDIA, 27-Aug-2026,30.24,30.4,30.0,30.1,30.22,1230141,370.8,5575,644277.0,52.37
RTNPOWER, 27-Aug-2026,7.98,8.0,7.8,7.83,7.95,13450323,1058.5,12156,5920846.0,44.02
RTSPOWR, 27-Aug-2026,94.5,94.5,89.3,89.44,94.18,6949,6.26,122,6705.0,96.49
RUBFILA, 27-Aug-2026,65.65,66.9,65.6,66.54,65.9,18575,12.33,342,16347.0,88.01
RUBICON, 27-Aug-2026,1809.0,1872.0,1790.0,1841.0,1818.8,379324,6984.2,29850,153826.0,40.55
RUCHINFRA, 27-Aug-2026,5.8,5.89,5.78,5.83,5.76,27190,1.59,144,19765.0,72.69
RUCHIRA, 27-Aug-2026,102.0,104.73,102.0,102.7,103.42,17057,17.62,318,10581.0,62.03
RUDRA, 27-Aug-2026,21.19,21.74,20.0,20.29,21.15,721765,146.81,416,578394.0,80.14
RULKA, 27-Aug-2026,111.0,113.25,105.2,111.35,108.0,34500,38.47,30,20100.0,58.26
RUPA, 27-Aug-2026,149.26,151.05,147.09,147.55,149.25,64113,94.91,2229,42933.0,66.96
RUSHIL, 27-Aug-2026,16.82,16.94,16.41,16.49,16.8,205707,34.2,764,114338.0,55.58
RUSTOMJEE, 27-Aug-2026,379.1,384.0,372.8,381.8,379.1,23977,90.85,1271,12966.0,54.08
RVHL, 27-Aug-2026,40.5,40.69,38.48,39.78,40.96,18438,7.18,182,16570.0,89.87
RVNL, 27-Aug-2026,220.87,221.8,215.11,216.0,221.39,4589569,10002.96,44035,1776655.0,38.71
RVTH, 27-Aug-2026,730.0,746.0,725.1,736.3,730.15,108,0.79,11,88.0,81.48
S&SPOWER, 27-Aug-2026,354.9,354.9,333.2,334.05,350.7,3117,10.5,165,2291.0,73.5
SAAKSHI, 27-Aug-2026,282.05,282.05,282.0,282.0,284.2,1200,3.38,2,1200.0,100.0
SAATVIKGL, 27-Aug-2026,423.85,430.0,420.0,428.4,423.85,46407,197.09,1770,29221.0,62.97
SAB, 27-Aug-2026,170.0,170.0,170.0,170.0,173.0,101,0.17,6,101.0,100.0
SABAR, 27-Aug-2026,7.6,7.9,7.2,7.2,7.55,30000,2.25,6,30000.0,100.0
SACHEEROME, 27-Aug-2026,490.0,490.0,470.05,483.35,484.8,6600,31.77,22,4200.0,63.64
SADBHAV, 27-Aug-2026,8.14,8.47,7.8,8.47,8.07,287558,23.62,451,245746.0,85.46
SADHAV, 27-Aug-2026,117.0,117.45,112.75,113.15,114.15,13200,15.14,22,9600.0,72.73
SAFARI, 27-Aug-2026,1496.1,1541.0,1496.1,1522.2,1496.1,48118,734.61,5039,26469.0,55.01
SAFEENTP, 27-Aug-2026,249.0,250.0,246.0,250.0,248.5,37000,92.13,47,33500.0,90.54
SAGARDEEP, 27-Aug-2026,24.2,26.99,23.51,23.79,23.64,33589,8.17,209,24900.0,74.13
SAGCEM, 27-Aug-2026,167.67,168.28,163.21,164.09,167.67,14441,23.87,555,8481.0,58.73
SAGILITY, 27-Aug-2026,44.13,45.23,43.9,44.27,44.0,38898220,17338.22,59963,18474770.0,47.5
SAHAJSOLAR, 27-Aug-2026,101.2,102.15,100.5,100.8,102.25,10400,10.51,23,7600.0,73.08
SAHANA, 27-Aug-2026,941.45,946.9,918.2,924.5,941.45,21000,196.01,105,14550.0,69.29
SAHASRA, 27-Aug-2026,309.2,319.95,309.0,316.15,315.3,85200,266.78,51,84000.0,98.59
SAHLIBHFI, 27-Aug-2026,74.51,76.5,73.0,75.0,74.51,7785,5.82,79,7742.0,99.45
SAHYADRI, 27-Aug-2026,345.4,352.25,342.0,348.15,339.35,7367,25.46,739,3937.0,53.44
SAICAPI, 27-Aug-2026,153.0,153.0,140.5,140.51,145.1,232,0.33,18,195.0,84.05
SAIFL, 27-Aug-2026,5.05,5.1,5.0,5.0,5.05,200000,10.07,38,160000.0,80.0
SAIL, 27-Aug-2026,193.9,195.9,187.5,193.0,194.9,41844533,80349.71,111662,16855087.0,40.28
SAILIFE, 27-Aug-2026,1467.1,1498.1,1458.1,1488.2,1461.0,431944,6389.47,29900,251963.0,58.33
SAIPARENT, 27-Aug-2026,471.25,534.85,471.25,520.7,530.9,234900,1215.12,9686,93136.0,39.65
SAJHOTELS, 27-Aug-2026,38.5,38.5,38.0,38.0,39.9,6000,2.3,3,6000.0,100.0
SAKAR, 27-Aug-2026,904.0,904.0,871.35,892.6,901.4,79776,711.98,5460,42385.0,53.13
SAKHTISUG, 27-Aug-2026,20.9,21.05,19.53,19.74,20.77,345589,69.54,1695,193401.0,55.96
SAKSOFT, 27-Aug-2026,160.4,161.65,156.5,157.78,161.36,127771,202.97,2754,75908.0,59.41
SAKUMA, 27-Aug-2026,1.88,1.9,1.68,1.71,1.79,2753012,48.11,2540,1507038.0,54.74
SALASAR, 27-Aug-2026,5.95,5.97,5.87,5.88,5.95,1996275,117.8,1976,1472796.0,73.78
SALONA, 27-Aug-2026,278.0,287.0,265.25,268.09,262.01,7827,21.49,172,3353.0,42.84
SALSTEEL, 27-Aug-2026,70.05,75.22,70.05,71.59,71.64,617914,450.77,4357,102011.0,16.51
SALZERELEC, 27-Aug-2026,556.5,560.15,543.0,547.25,556.5,68041,374.05,2414,36202.0,53.21
SAMBANDAM, 27-Aug-2026,126.0,130.0,113.1,118.51,125.47,2163,2.69,77,1116.0,51.6
SAMBHAAV, 27-Aug-2026,6.2,6.29,6.05,6.09,6.24,64358,3.95,108,42880.0,66.63
SAMBHV, 27-Aug-2026,128.9,128.9,123.0,124.14,128.46,831851,1042.74,7531,455266.0,54.73
SAMHI, 27-Aug-2026,159.11,160.48,157.1,157.55,159.1,1226286,1942.35,20975,850281.0,69.34
SAMMAANCAP, 27-Aug-2026,149.45,150.67,146.8,147.34,149.45,5696106,8428.9,27685,3006896.0,52.79
SAMPANN, 27-Aug-2026,26.6,26.6,25.51,25.61,26.1,12017,3.11,128,10381.0,86.39
SANATHAN, 27-Aug-2026,462.0,470.0,453.0,461.45,462.1,9780,44.87,938,4908.0,50.18
SANDESH, 27-Aug-2026,1037.9,1038.35,1013.4,1017.6,1032.2,351,3.59,86,239.0,68.09
SANDHAR, 27-Aug-2026,659.8,663.2,644.8,651.75,661.05,130633,852.0,6426,67392.0,51.59
SANDUMA, 27-Aug-2026,209.9,213.45,206.0,206.95,209.67,726534,1523.36,12684,321460.0,44.25
SANGAMIND, 27-Aug-2026,570.3,585.25,567.05,579.8,570.95,36440,209.93,2397,20377.0,55.92
SANGANI, 27-Aug-2026,51.25,51.35,51.25,51.35,53.8,6000,3.08,3,6000.0,100.0
SANGHVIMOV, 27-Aug-2026,457.0,458.45,442.1,444.65,458.5,387376,1732.77,12313,219751.0,56.73
SANOFI, 27-Aug-2026,3185.6,3200.0,3165.2,3181.0,3191.2,15305,487.38,2900,8316.0,54.34
SANOFICONR, 27-Aug-2026,4169.2,4184.9,4132.0,4150.0,4158.5,1480,61.37,587,956.0,64.59
SANSERA, 27-Aug-2026,3836.6,3897.9,3805.0,3842.8,3836.6,81562,3143.86,17825,37419.0,45.88
SANSTAR, 27-Aug-2026,109.2,110.95,108.17,109.25,110.15,129899,142.02,1321,57764.0,44.47
SAPPHIRE, 27-Aug-2026,249.0,257.19,238.15,239.74,249.68,2247967,5510.84,44207,924607.0,41.13
SAPPL, 27-Aug-2026,288.95,288.95,281.05,288.0,289.0,274,0.78,8,222.0,81.02
SARDAEN, 27-Aug-2026,514.4,514.4,507.6,509.6,514.4,161484,824.09,7638,86641.0,53.65
SAREGAMA, 27-Aug-2026,498.35,502.75,484.3,487.5,497.55,469479,2299.14,15742,209054.0,44.53
SARLAPOLY, 27-Aug-2026,101.0,101.49,99.9,100.41,100.5,20491,20.6,588,12008.0,58.6
SAROJA, 27-Aug-2026,41.65,41.7,41.5,41.55,39.75,11200,4.66,7,8000.0,71.43
SARTELE, 27-Aug-2026,100.0,100.0,95.2,96.7,99.85,113500,110.52,114,86500.0,76.21
SARVESHWAR, 27-Aug-2026,3.48,3.49,3.42,3.42,3.48,782302,26.93,1161,580810.0,74.24
SASKEN, 27-Aug-2026,1832.0,1900.0,1832.0,1861.4,1863.0,9015,168.88,1347,4816.0,53.42
SATECH, 27-Aug-2026,34.9,38.0,34.9,36.2,35.85,27000,9.91,21,23000.0,85.19
SATIA, 27-Aug-2026,58.0,60.69,57.6,58.01,58.69,160572,94.06,1567,91379.0,56.91
SATIN, 27-Aug-2026,223.0,233.0,223.0,226.01,227.06,246686,563.2,5509,93582.0,37.94
SATIPOLY, 27-Aug-2026,42.0,42.0,40.4,40.4,42.5,3000,1.22,6,3000.0,100.0
SATKARTAR, 27-Aug-2026,139.0,148.4,133.6,136.65,135.7,31200,43.65,33,26400.0,84.62
SATTVAENGG, 27-Aug-2026,73.0,73.0,72.0,72.0,74.0,22400,16.25,14,19200.0,85.71
SAURASHCEM, 27-Aug-2026,58.61,59.25,56.81,57.13,59.01,164766,94.77,3289,85040.0,51.61
SAVY, 27-Aug-2026,138.5,139.5,135.0,135.0,135.5,15600,21.45,13,10800.0,69.23
SAWALIYA, 27-Aug-2026,269.5,269.5,212.4,212.4,265.5,173400,409.69,175,103800.0,59.86
SAYAJIHOTL, 27-Aug-2026,333.0,333.0,318.0,332.0,320.1,8,0.03,6,5.0,62.5
SAYAJIIND, 27-Aug-2026,117.49,117.49,117.49,117.49,117.46,102,0.12,3,102.0,100.0
SBC, 27-Aug-2026,40.4,41.98,39.85,41.45,40.13,8469794,3437.34,9970,2610107.0,30.82
SBCL, 27-Aug-2026,1061.9,1079.6,1032.1,1044.2,1053.1,342146,3612.82,22773,174588.0,51.03
SBFC, 27-Aug-2026,101.71,103.37,97.7,98.61,101.14,6843021,6912.4,37521,2127832.0,31.09
SBGLP, 27-Aug-2026,23.16,24.79,23.16,24.0,23.64,21293,5.07,149,15789.0,74.15
SBIBPB, 27-Aug-2026,50.6,50.9,49.41,49.89,50.35,32106,16.05,318,20441.0,63.67
SBICARD, 27-Aug-2026,664.2,665.5,644.45,645.0,660.1,1739414,11328.37,43044,1047149.0,60.2
SBIETFCON, 27-Aug-2026,128.11,128.11,123.12,123.24,124.38,2199,2.72,101,1623.0,73.81
SBIETFIT, 27-Aug-2026,337.92,338.41,334.0,336.44,337.92,7232,24.29,209,4807.0,66.47
SBIETFPB, 27-Aug-2026,281.06,286.85,281.06,284.57,283.9,5598,15.91,111,5226.0,93.35
SBIETFQLTY, 27-Aug-2026,224.05,225.0,223.22,224.04,225.39,412,0.92,48,257.0,62.38
SBIFUNDS, 27-Aug-2026,562.95,567.4,555.05,562.55,563.45,1745658,9775.15,41807,1014927.0,58.14
SBILIFE, 27-Aug-2026,1769.0,1798.9,1766.5,1773.2,1768.2,941103,16778.24,50827,586874.0,62.36
SBILIQETF, 27-Aug-2026,1053.5,1053.5,1053.48,1053.49,1053.34,99598,1049.26,46,92929.0,93.3
SBIMIDMOM, 27-Aug-2026,65.97,65.97,64.71,64.73,64.98,43378,28.11,128,40079.0,92.39
SBIN, 27-Aug-2026,1052.0,1054.4,1042.9,1042.9,1052.0,4788716,50121.77,137557,2693387.0,56.24
SBINEQWETF, 27-Aug-2026,33.95,33.95,33.52,33.69,33.79,20165,6.78,176,18794.0,93.2
SBINMID150, 27-Aug-2026,23.8,23.8,23.43,23.56,23.69,25193,5.95,121,24010.0,95.3
SBISILVER, 27-Aug-2026,241.76,241.76,229.3,231.97,235.87,1233872,2861.7,6255,508967.0,41.25
SBISMLETF, 27-Aug-2026,18.59,18.59,18.42,18.46,18.49,86035,15.92,178,82628.0,96.04
SBIVALETF, 27-Aug-2026,14.87,14.87,14.72,14.73,14.85,10723,1.58,79,10372.0,96.73
SCHAEFFLER, 27-Aug-2026,4001.0,4084.0,4001.0,4051.1,4010.2,75168,3038.91,9301,53561.0,71.26
SCHAND, 27-Aug-2026,138.46,138.46,134.5,134.72,138.46,22971,31.13,642,16777.0,73.04
SCHNEIDER, 27-Aug-2026,1175.8,1214.9,1172.1,1207.0,1174.4,302871,3611.32,23112,159555.0,52.68
SCI, 27-Aug-2026,289.45,300.85,289.4,292.55,288.5,3800765,11239.06,46834,1173091.0,30.86
SCILAL, 27-Aug-2026,40.15,40.44,39.87,40.02,40.15,120058,48.17,1115,65065.0,54.19
SCML, 27-Aug-2026,83.05,84.9,82.1,84.9,84.0,17000,14.09,9,15000.0,88.24
SCODATUBES, 27-Aug-2026,129.57,133.46,128.12,130.93,128.86,226996,297.77,2568,112565.0,49.59
SDBL, 27-Aug-2026,72.99,73.24,71.5,71.82,72.62,337962,243.09,3287,181250.0,53.63
SDREAMS, 27-Aug-2026,91.85,93.0,90.05,90.1,91.95,9000,8.26,8,5000.0,55.56
SEAMECLTD, 27-Aug-2026,1660.0,1670.1,1600.0,1624.4,1658.1,76118,1250.32,5081,45579.0,59.88
SECMARK, 27-Aug-2026,128.0,129.4,126.95,126.95,128.0,14,0.02,3,7.0,50.0
SECURKLOUD, 27-Aug-2026,18.0,18.0,17.45,17.8,17.77,6298,1.11,113,5084.0,80.72
SEDEMAC, 27-Aug-2026,3071.9,3150.5,3011.0,3026.5,3065.0,77550,2384.15,14915,34768.0,44.83
SEIL, 27-Aug-2026,211.66,214.3,206.22,208.11,211.66,329879,690.13,1637,278821.0,84.52
SEITINVIT, 27-Aug-2026,122.0,122.0,122.0,122.0,124.0,25000,30.5,1,25000.0,100.0
SEJALLTD, 27-Aug-2026,673.55,686.9,664.0,676.5,666.95,3143,21.18,333,2119.0,67.42
SEKURITIND, 27-Aug-2026,117.62,117.62,116.1,116.78,117.04,23587,27.53,222,15731.0,66.69
SEL, 27-Aug-2026,309.0,313.95,300.5,305.5,299.45,3400,10.37,15,2400.0,70.59
SELECTIPO, 27-Aug-2026,49.45,49.45,49.17,49.31,49.39,60280,29.72,94,59062.0,97.98
SELMC, 27-Aug-2026,28.78,30.5,27.24,27.45,27.9,12252,3.49,178,9676.0,78.97
SEMAC, 27-Aug-2026,286.0,294.95,284.05,285.3,285.15,243,0.7,26,191.0,78.6
SENCO, 27-Aug-2026,369.0,369.6,361.05,362.75,367.15,378231,1378.05,9529,172675.0,45.65
SENORES, 27-Aug-2026,1501.4,1513.7,1461.1,1474.6,1494.7,172487,2555.79,11867,85453.0,49.54
SENSEXADD, 27-Aug-2026,79.97,80.32,79.53,80.06,80.18,434,0.35,24,353.0,81.34
SENSEXAXIS, 27-Aug-2026,80.5,80.5,80.02,80.24,80.5,31026,24.88,71,22762.0,73.36
SENSEXBETA, 27-Aug-2026,860.62,860.99,856.5,857.94,860.62,2688,23.04,103,2471.0,91.93
SENSEXETF, 27-Aug-2026,80.22,80.22,79.63,79.8,80.1,42120,33.59,240,20515.0,48.71
SENSEXIETF, 27-Aug-2026,895.0,895.99,889.0,890.05,894.38,6297,56.06,241,5244.0,83.28
SEPC, 27-Aug-2026,5.85,5.94,5.65,5.71,5.78,50238318,2890.01,27799,12430766.0,24.74
SERVICE, 27-Aug-2026,68.0,70.0,68.0,70.0,67.35,12000,8.24,5,12000.0,100.0
SERVOTECH, 27-Aug-2026,81.65,82.5,80.81,81.12,81.44,238961,194.73,2711,118312.0,49.51
SESHAPAPER, 27-Aug-2026,229.54,234.6,225.1,230.11,227.27,26016,59.55,629,11504.0,44.22
SETF10GILT, 27-Aug-2026,264.39,266.64,264.2,265.06,264.39,1582,4.19,35,965.0,61.0
SETFGOLD, 27-Aug-2026,139.87,139.87,132.11,134.35,136.46,6934038,9308.59,14807,2817293.0,40.63
SETFNIF50, 27-Aug-2026,260.83,263.0,260.02,260.51,261.7,1214237,3162.86,8828,1003538.0,82.65
SETFNIFBK, 27-Aug-2026,594.83,595.28,590.55,592.65,594.6,14216,84.3,555,8124.0,57.15
SETFNN50, 27-Aug-2026,802.0,802.99,792.84,795.26,802.0,32228,257.14,3275,18903.0,58.65
SETL, 27-Aug-2026,336.75,346.9,335.6,346.9,330.4,497377,1716.8,2724,371004.0,74.59
SFL, 27-Aug-2026,650.2,655.0,633.3,636.3,648.05,80080,514.43,7502,47209.0,58.95
SFML, 27-Aug-2026,21.1,23.0,21.1,23.0,22.4,3200,0.71,2,1600.0,50.0
SGBAPR28I, 27-Aug-2026,15889.99,15889.99,15610.0,15657.8,16014.83,144,22.64,52,79.0,54.86
SGBAUG27, 27-Aug-2026,15929.25,15929.25,15522.0,15588.16,15865.56,257,40.15,140,106.0,41.25
SGBAUG28V, 27-Aug-2026,15871.0,15871.0,15407.0,15605.81,15901.36,1724,269.01,280,943.0,54.7
SGBAUG29V, 27-Aug-2026,15882.36,15882.36,15609.99,15667.82,15882.36,160,25.09,66,73.0,45.63
SGBAUG30, 27-Aug-2026,16005.0,16005.0,15760.0,15785.45,16070.0,352,55.66,112,274.0,77.84
SGBD29VIII, 27-Aug-2026,15801.0,15801.0,15555.0,15632.7,15933.75,333,52.17,89,183.0,54.95
SGBDC27VII, 27-Aug-2026,15531.01,15845.0,15531.01,15747.5,16025.0,16,2.5,11,9.0,56.25
SGBDE30III, 27-Aug-2026,15925.01,16050.0,15700.5,15720.1,16022.46,295,46.95,79,164.0,55.59
SGBDE31III, 27-Aug-2026,16187.99,16250.0,15899.99,15992.77,16255.61,3284,526.86,561,1903.0,57.95
SGBDEC26, 27-Aug-2026,15701.0,15800.0,15600.0,15600.0,16289.99,20,3.13,8,19.0,95.0
SGBFEB27, 27-Aug-2026,15883.26,15883.26,15726.0,15726.0,15726.0,7,1.1,4,7.0,100.0
SGBFEB28IX, 27-Aug-2026,15950.0,15950.0,15800.0,15800.0,15950.0,14,2.23,3,14.0,100.0
SGBFEB29XI, 27-Aug-2026,15802.0,15802.0,15200.0,15561.17,15890.84,291,45.48,85,180.0,61.86
SGBFEB32IV, 27-Aug-2026,16244.0,16349.0,16000.02,16060.04,16350.45,3286,531.53,572,1781.0,54.2
SGBJAN29IX, 27-Aug-2026,15880.0,15880.0,15599.99,15621.0,15900.05,615,96.48,79,499.0,81.14
SGBJAN29X, 27-Aug-2026,15802.0,15802.0,15561.04,15593.4,15905.0,26,4.07,14,20.0,76.92
SGBJAN30IX, 27-Aug-2026,15900.99,15900.99,15625.71,15658.69,15925.69,125,19.6,43,75.0,60.0
SGBJU29III, 27-Aug-2026,15762.2,15762.2,15515.01,15611.6,15909.29,114,17.81,40,80.0,70.18
SGBJUL28IV, 27-Aug-2026,15860.0,15860.0,15515.01,15572.31,15942.0,340,53.13,80,169.0,49.71
SGBJUL29IV, 27-Aug-2026,15801.0,15801.0,15520.0,15579.39,15917.38,218,34.06,55,155.0,71.1
SGBJUN27, 27-Aug-2026,15702.01,15702.01,15505.02,15589.95,15939.94,49,7.66,23,16.0,32.65
SGBJUN28, 27-Aug-2026,15706.0,15706.0,15555.0,15638.46,15946.89,55,8.6,19,33.0,60.0
SGBJUN29II, 27-Aug-2026,15904.7,15904.7,15575.0,15623.55,15904.27,169,26.42,35,127.0,75.15
SGBJUN30, 27-Aug-2026,15855.0,15855.0,15601.0,15730.0,15961.61,345,54.15,83,198.0,57.39
SGBJUN31I, 27-Aug-2026,16098.89,16099.0,15803.0,15895.84,16149.13,807,129.0,143,449.0,55.64
SGBMAR28X, 27-Aug-2026,15850.0,15949.0,15702.1,15949.0,16499.0,139,22.03,6,133.0,95.68
SGBMAR30X, 27-Aug-2026,16047.1,16047.1,15610.13,15693.13,15967.26,356,55.97,78,223.0,62.64
SGBMAR31IV, 27-Aug-2026,16137.69,16150.0,15806.66,15859.44,16141.35,174,27.9,53,112.0,64.37
SGBMAY28, 27-Aug-2026,15802.0,15802.0,15583.82,15590.36,15913.0,212,33.31,48,160.0,75.47
SGBMAY29I, 27-Aug-2026,15940.0,15940.0,15599.99,15608.8,15944.0,624,97.9,101,419.0,67.15
SGBMR29XII, 27-Aug-2026,15850.0,15900.01,15601.01,15757.09,16015.52,565,89.41,53,377.0,66.73
SGBN28VIII, 27-Aug-2026,15856.2,15856.2,15624.0,15656.74,15952.83,259,40.75,74,151.0,58.3
SGBNOV26, 27-Aug-2026,15750.0,15750.0,15750.0,15750.0,15870.1,8,1.26,3,7.0,87.5
SGBNV29VII, 27-Aug-2026,15751.0,15751.0,15610.0,15675.16,15951.42,193,30.25,34,137.0,70.98
SGBOC28VII, 27-Aug-2026,15930.0,15930.0,15600.0,15630.51,15952.0,108,16.96,22,76.0,70.37
SGBOCT26, 27-Aug-2026,15510.0,15701.0,15510.0,15700.0,16000.0,102,15.92,3,51.0,50.0
SGBOCT27, 27-Aug-2026,15750.0,15750.0,15750.0,15750.0,16666.53,15,2.36,7,15.0,100.0
SGBOCT27VI, 27-Aug-2026,15700.0,15765.0,15605.0,15765.0,16139.99,6,0.94,4,6.0,100.0
SGBSEP27, 27-Aug-2026,15850.0,15850.0,15705.0,15750.0,16189.99,304,48.09,9,200.0,65.79
SGBSEP28VI, 27-Aug-2026,15851.0,15999.68,15705.0,15880.28,16075.19,165,26.07,36,126.0,76.36
SGBSEP29VI, 27-Aug-2026,15930.0,15989.85,15705.0,15802.27,16076.0,229,36.32,39,173.0,75.55
SGBSEP31II, 27-Aug-2026,16035.55,16245.34,15985.1,16003.2,16201.48,1605,257.85,263,1106.0,68.91
SGFIN, 27-Aug-2026,695.95,703.45,685.55,687.45,692.2,177629,1227.73,5164,99861.0,56.22
SGIL, 27-Aug-2026,586.35,599.0,583.15,597.85,586.5,20282,119.87,414,15833.0,78.06
SGL, 27-Aug-2026,10.08,10.48,9.88,10.04,10.03,8802,0.89,80,4299.0,48.84
SGLRES, 27-Aug-2026,2.4,2.44,2.28,2.32,2.38,24319,0.56,88,21716.0,89.3
SGMART, 27-Aug-2026,848.0,858.2,802.15,810.25,842.3,542016,4479.16,15331,318882.0,58.83
SGRL, 27-Aug-2026,519.7,524.9,510.0,516.7,513.05,3407,17.59,222,2252.0,66.1
SHADOWFAX, 27-Aug-2026,246.0,253.2,235.5,238.6,246.14,4055797,9904.7,35592,1841074.0,45.39
SHAH, 27-Aug-2026,3.2,3.79,3.14,3.78,3.16,43893037,1586.92,9273,18816045.0,42.87
SHAHALLOYS, 27-Aug-2026,78.92,86.75,78.0,85.96,76.06,213584,180.16,1337,153257.0,71.75
SHAILY, 27-Aug-2026,3235.0,3333.0,3222.9,3289.0,3238.3,114517,3765.46,18902,51794.0,45.23
SHAKTIPUMP, 27-Aug-2026,490.4,503.0,486.85,497.4,490.35,361174,1780.78,14256,146333.0,40.52
SHALBY, 27-Aug-2026,156.92,157.79,153.5,154.33,156.92,50336,77.95,1191,26003.0,51.66
SHANKARA, 27-Aug-2026,147.69,148.39,146.02,146.95,147.61,55600,81.79,359,43476.0,78.19
SHANKESH, 27-Aug-2026,93.9,93.99,89.01,89.69,93.74,4656197,4267.68,23151,1340359.0,28.79
SHANTHALA, 27-Aug-2026,16.2,16.3,16.2,16.25,14.1,6000,0.97,5,6000.0,100.0
SHANTI, 27-Aug-2026,6.44,6.44,5.94,6.11,6.22,14368,0.88,84,12143.0,84.51
SHANTIGEAR, 27-Aug-2026,555.45,558.95,533.4,544.8,561.5,273195,1503.31,7630,57009.0,20.87
SHANTIGOLD, 27-Aug-2026,258.9,259.99,242.5,246.05,266.07,8500484,21091.61,62326,3117433.0,36.67
SHARDACROP, 27-Aug-2026,796.9,803.0,784.55,793.05,795.8,190071,1510.26,10318,90171.0,47.44
SHARDAMOTR, 27-Aug-2026,897.3,897.3,872.1,874.5,891.6,29628,261.72,3548,14518.0,49.0
SHAREINDIA, 27-Aug-2026,171.0,172.89,167.6,169.02,171.02,116849,197.99,1918,56496.0,48.35
SHARIABEES, 27-Aug-2026,458.89,464.61,454.3,458.14,458.89,3881,17.74,402,2910.0,74.98
SHBAJRG, 27-Aug-2026,162.1,173.49,162.01,171.19,162.13,4323,7.3,106,3881.0,89.78
SHEETAL, 27-Aug-2026,352.0,352.0,331.0,332.5,332.5,8500,28.45,13,5500.0,64.71
SHERA, 27-Aug-2026,173.9,178.95,172.05,174.7,173.9,22000,38.68,20,14000.0,63.64
SHERVANI, 27-Aug-2026,325.0,325.0,321.0,321.45,321.15,54,0.17,9,54.0,100.0
SHETHJI, 27-Aug-2026,172.0,173.95,170.6,170.7,170.4,11000,18.87,7,10000.0,90.91
SHIGAN, 27-Aug-2026,71.0,71.25,71.0,71.25,71.0,4500,3.2,3,4500.0,100.0
SHILCTECH, 27-Aug-2026,3920.0,4123.8,3920.0,4045.8,3947.8,36592,1484.13,7356,17872.0,48.84
SHILGRAVQ, 27-Aug-2026,169.39,169.4,165.05,169.0,169.39,725,1.21,30,701.0,96.69
SHILPAMED, 27-Aug-2026,860.75,919.0,858.65,901.85,860.75,2274142,20081.16,51129,1047149.0,46.05
SHINDL, 27-Aug-2026,160.1,166.7,160.1,164.23,162.75,217350,351.87,1118,17448.0,8.03
SHIPROCKET, 27-Aug-2026,133.2,134.4,130.3,132.09,132.5,6410001,8434.02,39223,2085635.0,32.54
SHIVAAGRO, 27-Aug-2026,40.65,42.5,40.02,40.74,42.17,441,0.18,32,256.0,58.05
SHIVACEM, 27-Aug-2026,16.87,16.87,16.31,16.55,16.58,21023,3.47,147,18654.0,88.73
SHIVAMILLS, 27-Aug-2026,60.5,62.7,59.5,62.6,60.48,115,0.07,7,115.0,100.0
SHIVASHRIT, 27-Aug-2026,126.0,126.0,123.0,124.95,126.9,53000,66.1,41,35000.0,66.04
SHIVATEX, 27-Aug-2026,162.05,172.0,162.05,170.97,170.99,6103,10.39,157,2969.0,48.65
SHIVAUM, 27-Aug-2026,449.45,449.45,445.0,445.0,444.45,1264,5.63,31,963.0,76.19
SHK, 27-Aug-2026,156.48,157.0,150.0,151.41,155.62,315780,480.25,5477,175801.0,55.67
SHKSIL, 27-Aug-2026,34.6,35.0,33.0,34.05,34.3,22000,7.52,8,18000.0,81.82
SHOPERSTOP, 27-Aug-2026,386.35,388.7,371.45,374.85,386.0,29552,111.99,2255,17362.0,58.75
SHRADDHA, 27-Aug-2026,145.0,153.95,145.0,151.27,146.36,7787,11.52,137,6649.0,85.39
SHRADHA, 27-Aug-2026,32.25,33.44,31.51,32.39,32.44,17461,5.63,142,14126.0,80.9
SHREDIGCEM, 27-Aug-2026,75.0,79.7,74.0,77.91,75.28,228970,177.86,2148,140096.0,61.19
SHREECEM, 27-Aug-2026,24825.0,24945.0,24425.0,24480.0,24865.0,11780,2895.72,6823,5469.0,46.43
SHREEJISPG, 27-Aug-2026,635.1,649.55,630.95,640.35,639.0,692051,4423.89,8659,273387.0,39.5
SHREEKARNI, 27-Aug-2026,356.0,380.0,354.0,377.9,360.1,13050,48.21,68,10500.0,80.46
SHREEOSFM, 27-Aug-2026,58.0,58.0,58.0,58.0,56.45,1000,0.58,1,1000.0,100.0
SHREEPUSHK, 27-Aug-2026,457.1,481.5,449.35,452.25,452.15,309322,1442.58,13374,83037.0,26.84
SHREERAMA, 27-Aug-2026,43.87,44.2,42.72,43.1,43.44,60326,26.18,792,43325.0,71.82
SHREMINVIT, 27-Aug-2026,101.0,101.0,101.0,101.0,100.25,25000,25.25,1,25000.0,100.0
SHREYANIND, 27-Aug-2026,123.01,126.8,123.01,124.61,124.99,5612,6.99,96,4631.0,82.52
SHRIAHIMSA, 27-Aug-2026,461.95,480.9,452.5,480.9,458.0,51000,241.85,72,49800.0,97.65
SHRIKANHA, 27-Aug-2026,20.8,22.0,20.65,22.0,21.7,11200,2.34,7,6400.0,57.14
SHRIKRISH, 27-Aug-2026,38.2,38.2,36.0,36.55,38.2,962,0.37,6,960.0,99.79
SHRINGARMS, 27-Aug-2026,220.5,222.98,217.75,219.37,220.78,349065,766.13,2493,175842.0,50.38
SHRIPISTON, 27-Aug-2026,4601.0,4627.9,4434.2,4498.4,4610.0,73996,3336.53,17788,31067.0,41.98
SHRIRAMFIN, 27-Aug-2026,1112.0,1127.5,1091.5,1101.0,1117.5,4358707,48029.49,97229,2294417.0,52.64
SHRIRAMPPS, 27-Aug-2026,77.93,78.04,76.55,76.74,77.54,158600,122.0,1864,80222.0,50.58
SHRJAGP, 27-Aug-2026,680.0,694.95,668.05,682.85,680.7,578,3.89,37,541.0,93.6
SHUKRAPHAR, 27-Aug-2026,44.9,45.34,44.2,44.22,44.18,1003469,446.41,2249,664961.0,66.27
SHYAMDHANI, 27-Aug-2026,56.95,56.95,54.65,54.65,55.05,4000,2.23,2,4000.0,100.0
SHYAMMETL, 27-Aug-2026,1040.5,1083.9,1031.0,1042.4,1040.5,2075025,21814.29,54959,1166363.0,56.21
SHYAMTEL, 27-Aug-2026,13.15,13.15,13.0,13.1,13.15,8266,1.08,36,8084.0,97.8
SICAGEN, 27-Aug-2026,56.0,56.0,53.86,54.97,54.96,29181,15.96,441,15682.0,53.74
SIDDHICOTS, 27-Aug-2026,27.9,27.9,27.9,27.9,27.6,1200,0.33,1,1200.0,100.0
SIDDHIKA, 27-Aug-2026,220.35,220.35,220.35,220.35,216.0,500,1.1,1,500.0,100.0
SIEL, 27-Aug-2026,34.49,34.49,34.0,34.49,32.85,2288,0.79,28,2051.0,89.64
SIEMENS, 27-Aug-2026,4050.0,4128.8,4050.0,4095.0,4043.0,455385,18628.44,48737,219429.0,48.19
SIGACHI, 27-Aug-2026,33.85,33.86,32.06,32.51,33.64,2562407,838.69,8828,1303222.0,50.86
SIGMA, 27-Aug-2026,48.85,49.7,46.77,47.54,48.57,302696,146.73,2711,139032.0,45.93
SIGMAADV, 27-Aug-2026,730.95,763.65,730.95,763.65,727.3,942674,7156.2,9491,555355.0,58.91
SIGNATURE, 27-Aug-2026,773.65,788.35,771.1,783.5,773.65,199200,1559.88,5857,14801.0,7.43
SIGNORIA, 27-Aug-2026,162.0,162.0,160.0,162.0,163.0,21000,34.0,9,21000.0,100.0
SIGNPOST, 27-Aug-2026,261.75,265.65,257.0,261.3,261.2,23105,60.0,1178,12553.0,54.33
SIKA, 27-Aug-2026,1010.0,1024.9,993.5,1006.9,1020.4,18378,185.01,2041,10377.0,56.46
SIL, 27-Aug-2026,19.56,20.08,19.2,19.32,19.65,37009,7.26,406,17402.0,47.02
SILGO, 27-Aug-2026,73.28,75.07,72.55,74.03,72.85,136582,100.65,1092,15691.0,11.49
SILINV, 27-Aug-2026,475.1,493.0,465.3,478.1,483.75,1406,6.73,133,1072.0,76.24
SILKFLEX, 27-Aug-2026,255.2,255.2,233.25,241.8,243.05,216000,538.91,170,134000.0,62.04
SILKY, 27-Aug-2026,62.0,75.35,62.0,69.0,65.0,5600,3.78,7,3200.0,57.14
SILLYMONKS, 27-Aug-2026,16.64,16.64,15.35,15.5,16.58,45633,7.13,207,35000.0,76.7
SILVER, 27-Aug-2026,242.0,242.0,233.87,236.56,240.42,957125,2262.56,8597,259942.0,27.16
SILVER001, 27-Aug-2026,24.49,25.5,23.47,23.91,24.47,89411,21.57,192,74572.0,83.4
SILVER1, 27-Aug-2026,22.78,24.53,22.71,22.97,23.37,9135682,2100.36,5951,2965565.0,32.46
SILVER360, 27-Aug-2026,236.46,236.46,230.69,233.1,236.46,24742,57.64,431,14389.0,58.16
SILVERADD, 27-Aug-2026,231.22,231.23,225.75,228.41,232.23,485881,1108.71,3658,142788.0,29.39
SILVERAG, 27-Aug-2026,233.25,233.27,227.83,230.77,234.32,464655,1071.0,3087,292453.0,62.94
SILVERAXIS, 27-Aug-2026,230.0,237.55,230.0,235.43,239.2,3401405,7963.14,5676,2587282.0,76.07
SILVERBEES, 27-Aug-2026,228.9,228.98,223.76,226.37,230.13,27766700,62879.41,82111,8391689.0,30.22
SILVERBETA, 27-Aug-2026,231.33,231.33,225.9,228.62,232.36,800031,1826.1,4467,345632.0,43.2
SILVERBND, 27-Aug-2026,242.83,242.83,235.57,236.84,240.43,5261,12.49,132,2278.0,43.3
SILVERCASE, 27-Aug-2026,25.02,25.03,23.77,23.96,24.41,12293512,2953.76,7869,1763346.0,14.34
SILVERIETF, 27-Aug-2026,239.18,239.2,233.81,236.3,240.4,3023396,7148.15,17940,918739.0,30.39
SILVERTUC, 27-Aug-2026,178.6,182.35,176.0,178.58,178.96,349824,628.53,5730,121451.0,34.72
SIMCA, 27-Aug-2026,264.0,264.0,259.0,260.25,265.55,4800,12.5,7,4800.0,100.0
SIMPLEXINF, 27-Aug-2026,255.0,262.5,253.04,258.67,251.41,100700,259.57,2027,65498.0,65.04
SIMPLXREA, 27-Aug-2026,125.4,130.4,125.4,130.4,125.4,3,0.0,3,3.0,100.0
SINCLAIR, 27-Aug-2026,75.1,80.3,74.0,79.92,74.86,143654,113.15,530,131504.0,91.54
SINDHUTRAD, 27-Aug-2026,24.98,25.34,24.5,24.99,25.3,3096938,773.4,13253,2100189.0,67.82
SINGERIND, 27-Aug-2026,77.84,78.5,75.63,76.96,77.15,126431,97.17,1055,85162.0,67.36
SINTERCOM, 27-Aug-2026,80.99,80.99,79.29,79.82,79.06,1034,0.82,19,884.0,85.49
SIRCA, 27-Aug-2026,437.0,441.0,432.1,435.1,436.05,455904,1989.34,6538,158788.0,34.83
SIS, 27-Aug-2026,420.0,428.95,418.2,421.7,421.1,313306,1326.03,9482,129537.0,41.35
SIYSIL, 27-Aug-2026,572.05,574.15,561.55,564.8,570.9,26972,152.83,1696,13585.0,50.37
SJLOGISTIC, 27-Aug-2026,338.05,340.45,330.0,331.75,338.05,24750,82.78,83,20250.0,81.82
SJS, 27-Aug-2026,2488.0,2529.0,2485.0,2502.5,2485.9,99001,2483.43,16671,61437.0,62.06
SJVN, 27-Aug-2026,65.86,66.0,65.0,65.26,65.85,1317235,859.06,14741,694084.0,52.69
SKFINDIA, 27-Aug-2026,1594.4,1596.4,1562.2,1566.0,1587.1,18762,295.83,3336,9419.0,50.2
SKFINDUS, 27-Aug-2026,2870.0,2930.0,2835.1,2891.6,2864.8,33057,952.4,7045,17507.0,52.96
SKIPPER, 27-Aug-2026,546.9,566.75,545.3,558.1,547.25,1662168,9301.48,42456,462425.0,27.82
SKMEGGPROD, 27-Aug-2026,275.0,277.3,265.1,266.86,268.41,468960,1267.31,9537,189590.0,40.43
SKP, 27-Aug-2026,152.5,154.1,150.95,153.0,152.5,2500,3.82,4,2500.0,100.0
SKYGOLD, 27-Aug-2026,848.5,855.0,832.05,843.05,848.1,445982,3754.64,15983,212029.0,47.54
SKYTECH, 27-Aug-2026,57.35,57.35,57.35,57.35,60.35,35200,20.19,9,35200.0,100.0
SLONE, 27-Aug-2026,168.0,168.0,162.1,166.9,162.1,4400,7.27,11,4000.0,90.91
SMALL250, 27-Aug-2026,18.97,18.97,18.46,18.47,18.51,256138,47.44,583,160527.0,62.67
SMALLADD, 27-Aug-2026,18.66,18.66,18.55,18.56,18.58,12799,2.38,183,12087.0,94.44
SMALLCAP, 27-Aug-2026,49.35,49.38,49.03,49.11,49.09,2284952,1123.69,2802,1504945.0,65.86
SMALLGROWW, 27-Aug-2026,49.47,50.84,48.92,50.52,48.92,9158,4.59,94,7245.0,79.11
SMALLIETF, 27-Aug-2026,18.56,18.56,18.44,18.51,18.5,35823,6.63,95,17160.0,47.9
SMARTEN, 27-Aug-2026,56.5,59.35,56.2,59.35,56.55,24000,14.02,18,24000.0,100.0
SMARTWORKS, 27-Aug-2026,544.0,546.0,534.0,540.6,541.85,53458,288.0,3903,28567.0,53.44
SMCGLOBAL, 27-Aug-2026,79.7,80.0,78.12,78.61,79.26,283462,223.44,1393,235417.0,83.05
SML100CASE, 27-Aug-2026,11.71,11.71,11.37,11.41,11.43,2162153,246.79,1388,1588128.0,73.45
SMLMAH, 27-Aug-2026,5237.0,5250.0,5155.0,5194.0,5190.5,38450,1997.94,5675,24179.0,62.88
SMLT, 27-Aug-2026,67.0,69.09,67.0,67.6,68.45,5180,3.53,95,2974.0,57.41
SMSPHARMA, 27-Aug-2026,359.2,363.85,354.1,362.45,357.7,153865,553.69,3576,87839.0,57.09
SNEHAA, 27-Aug-2026,43.9,43.9,43.9,43.9,43.9,1000,0.44,1,1000.0,100.0
SNOWMAN, 27-Aug-2026,37.27,37.46,36.75,36.85,37.13,110411,40.88,890,76176.0,68.99
SNXT30BEES, 27-Aug-2026,44.41,44.41,43.1,43.23,43.54,59641,25.78,87,59595.0,99.92
SNXT50BETA, 27-Aug-2026,96.08,97.23,96.01,96.85,96.36,1519,1.46,73,1327.0,87.36
SOBHA, 27-Aug-2026,1305.0,1305.0,1267.3,1273.9,1292.2,50171,641.85,6798,23324.0,46.49
SOCL, 27-Aug-2026,29.0,29.95,29.0,29.5,29.65,24000,7.04,13,20800.0,86.67
SOFTTECH, 27-Aug-2026,424.25,427.0,415.75,419.4,422.15,6592,27.71,91,4945.0,75.02
SOLARA, 27-Aug-2026,619.05,620.45,601.2,611.85,617.3,235721,1437.72,13054,110367.0,46.82
SOLARINDS, 27-Aug-2026,20097.0,20649.0,20082.0,20580.0,20097.0,192655,39399.35,41254,63236.0,32.82
SOLARWORLD, 27-Aug-2026,149.27,151.06,146.5,147.96,149.27,185553,274.79,3141,98860.0,53.28
SOLEX, 27-Aug-2026,785.75,788.0,753.05,762.0,781.45,41650,318.49,3157,22537.0,54.11
SOMANYCERA, 27-Aug-2026,565.0,565.0,552.15,556.6,558.45,219363,1225.22,7331,128348.0,58.51
SOMATEX, 27-Aug-2026,83.75,86.89,80.55,80.8,84.78,30964,25.24,383,25627.0,82.76
SOMICONVEY, 27-Aug-2026,91.5,93.7,90.05,91.28,91.85,44147,40.31,1027,15971.0,36.18
SONACOMS, 27-Aug-2026,795.0,819.0,795.0,819.0,795.0,1914972,15522.25,52706,910175.0,47.53
SONAMAC, 27-Aug-2026,31.15,32.5,31.15,32.0,32.65,3000,0.96,3,2000.0,66.67
SONAMLTD, 27-Aug-2026,65.7,65.7,62.44,63.24,64.44,53732,34.39,639,29850.0,55.55
SONATSOFTW, 27-Aug-2026,300.35,301.55,288.05,289.5,299.45,893667,2609.69,21371,401276.0,44.9
SOTL, 27-Aug-2026,702.4,708.35,676.35,679.45,694.95,200141,1381.78,8783,84355.0,42.15
SOUTHBANK, 27-Aug-2026,46.3,47.04,45.65,45.73,46.32,8299347,3841.76,22764,2509784.0,30.24
SOUTHWEST, 27-Aug-2026,211.35,211.35,205.0,206.89,211.66,183911,380.75,3629,99789.0,54.26
SPAL, 27-Aug-2026,950.7,964.0,936.0,952.95,949.7,37022,350.65,2972,18917.0,51.1
SPANDANA, 27-Aug-2026,246.9,248.0,241.15,242.85,247.1,77018,187.91,2946,41206.0,53.5
SPARC, 27-Aug-2026,194.69,202.38,192.0,194.98,194.36,811811,1594.13,15210,259562.0,31.97
SPCENET, 27-Aug-2026,3.31,3.38,3.31,3.34,3.34,635708,21.22,468,516878.0,81.31
SPCL, 27-Aug-2026,64.0,64.0,61.6,61.85,64.15,21000,13.21,30,16200.0,77.14
SPCON, 27-Aug-2026,145.0,153.0,145.0,153.0,151.0,3600,5.34,3,2400.0,66.67
SPEB, 27-Aug-2026,90.0,91.5,90.0,91.5,90.0,6000,5.46,3,6000.0,100.0
SPELS, 27-Aug-2026,143.62,157.0,143.62,152.01,143.61,204147,310.85,3738,95766.0,46.91
SPENCERS, 27-Aug-2026,30.4,30.42,29.22,29.71,30.1,35225,10.5,423,27759.0,78.8
SPIC, 27-Aug-2026,70.02,70.6,69.06,69.46,70.28,314076,218.43,2866,183677.0,58.48
SPLIL, 27-Aug-2026,35.3,35.3,32.3,34.08,34.14,39293,13.24,254,20398.0,51.91
SPLPETRO, 27-Aug-2026,701.1,715.2,691.0,692.0,708.3,82584,575.55,5912,45867.0,55.54
SPMLINFRA, 27-Aug-2026,186.71,187.74,178.49,180.0,186.71,203111,370.69,2589,125647.0,61.86
SPORTKING, 27-Aug-2026,223.78,228.5,217.81,227.26,224.23,271124,607.2,5778,119256.0,43.99
SPPPOLY, 27-Aug-2026,12.05,12.05,12.05,12.05,11.5,2000,0.24,1,2000.0,100.0
SPUNWEB, 27-Aug-2026,102.0,103.95,101.0,101.25,101.5,10800,11.02,8,9600.0,88.89
SRD, 27-Aug-2026,40.15,40.5,39.5,39.62,40.1,19220,7.67,121,15404.0,80.15
SREEL, 27-Aug-2026,262.0,266.4,259.27,263.24,260.0,21756,57.35,675,18016.0,82.81
SRF, 27-Aug-2026,2593.0,2627.0,2592.1,2605.0,2583.0,225304,5870.68,15949,134638.0,59.76
SRGHFL, 27-Aug-2026,255.5,260.0,255.5,260.0,260.0,394,1.01,11,393.0,99.75
SRHHYPOLTD, 27-Aug-2026,474.4,482.85,466.0,468.75,470.95,17832,84.01,957,13219.0,74.13
SRIKPRIND, 27-Aug-2026,20.9,21.65,20.22,20.65,20.88,3570,0.74,20,3015.0,84.45
SRIVASAVI, 27-Aug-2026,76.6,76.6,72.85,75.1,76.5,16000,11.93,14,14000.0,87.5
SRM, 27-Aug-2026,462.5,465.0,443.2,446.25,462.5,134211,604.43,3986,75156.0,56.0
SRTL, 27-Aug-2026,40.02,40.5,38.1,38.98,40.02,51668,20.25,525,43527.0,84.24
SSDL, 27-Aug-2026,56.65,58.2,56.0,56.33,57.25,35212,19.92,550,18290.0,51.94
SSEGL, 27-Aug-2026,433.55,433.55,405.0,407.75,433.55,51200,211.48,190,30200.0,58.98
SSFL, 27-Aug-2026,250.0,253.6,231.0,252.85,241.55,35500,88.19,62,33500.0,94.37
SSWL, 27-Aug-2026,290.1,294.4,287.85,292.45,290.4,467198,1361.03,8615,260121.0,55.68
STANLEY, 27-Aug-2026,136.0,140.79,136.0,137.98,137.01,76157,105.74,2025,35423.0,46.51
STAR, 27-Aug-2026,982.9,994.4,978.9,983.0,982.9,94124,927.27,6645,40245.0,42.76
STARCEMENT, 27-Aug-2026,191.4,192.6,186.0,188.68,191.16,434910,819.74,11053,281222.0,64.66
STARHEALTH, 27-Aug-2026,583.25,586.95,578.15,586.1,583.75,181960,1062.93,10928,117275.0,64.45
STARPAPER, 27-Aug-2026,147.77,152.8,145.0,148.97,146.87,18090,27.0,228,15526.0,85.83
STARTECK, 27-Aug-2026,250.0,259.9,246.15,256.65,257.0,7241,18.44,138,171.0,2.36
STCINDIA, 27-Aug-2026,118.51,119.88,117.12,117.48,118.29,23181,27.47,486,13673.0,58.98
STEELCAS, 27-Aug-2026,347.15,350.0,335.55,339.85,343.65,67394,231.38,1913,35187.0,52.21
STEELCITY, 27-Aug-2026,87.9,87.9,85.0,86.2,87.87,8483,7.3,158,5474.0,64.53
STEELXIND, 27-Aug-2026,10.84,10.84,10.56,10.66,10.85,811276,86.68,1596,537323.0,66.23
STEL, 27-Aug-2026,625.0,631.95,608.4,622.6,619.7,4721,29.33,279,3137.0,66.45
STLNETWORK, 27-Aug-2026,25.69,26.45,25.61,25.99,25.5,1160371,301.23,3186,615834.0,53.07
STOVEKRAFT, 27-Aug-2026,818.0,821.6,798.0,809.05,816.6,78325,631.95,4899,43024.0,54.93
STRIDERS, 27-Aug-2026,67.0,67.0,61.45,64.45,62.8,16000,10.24,10,3200.0,20.0
STUDDS, 27-Aug-2026,451.35,452.0,447.1,450.25,451.35,36654,164.89,1377,28076.0,76.6
STUDIOLSD, 27-Aug-2026,9.05,9.05,9.05,9.05,9.05,2000,0.18,1,2000.0,100.0
STYL, 27-Aug-2026,396.7,410.95,396.7,399.95,396.85,103912,420.51,4612,41335.0,39.78
STYLAMIND, 27-Aug-2026,3570.0,3604.9,3443.2,3471.0,3570.4,27283,957.2,5657,13259.0,48.6
STYLEBAAZA, 27-Aug-2026,408.5,414.7,400.0,401.95,408.9,1518926,6227.32,9500,832826.0,54.83
STYRENIX, 27-Aug-2026,2064.5,2077.2,2014.0,2018.2,2064.4,50752,1035.75,5502,35325.0,69.6
SUBAHOTELS, 27-Aug-2026,107.0,107.0,104.5,104.55,106.75,20400,21.52,16,19200.0,94.12
SUBEXLTD, 27-Aug-2026,17.63,18.6,17.22,17.95,17.62,5057156,911.57,18676,2661210.0,52.62
SUBROS, 27-Aug-2026,733.35,736.75,725.05,728.9,730.3,28576,208.65,1861,14783.0,51.73
SUDARCOLOR, 27-Aug-2026,389.35,399.0,377.0,379.65,387.45,14953,57.03,866,9528.0,63.72
SUDARSCHEM, 27-Aug-2026,1239.9,1259.4,1223.2,1252.8,1234.3,643589,7984.12,23749,379308.0,58.94
SUDEEPPHRM, 27-Aug-2026,1128.95,1149.9,1122.1,1134.1,1129.1,139528,1585.52,6380,84132.0,60.3
SUKHJITS, 27-Aug-2026,161.53,165.0,161.53,162.32,161.53,11394,18.61,185,8348.0,73.27
SULA, 27-Aug-2026,148.55,149.8,146.5,146.92,148.02,145183,214.43,2893,79429.0,54.71
SUMEDHA, 27-Aug-2026,39.8,40.19,39.12,39.27,39.8,1710,0.67,15,1690.0,98.83
SUMEETINDS, 27-Aug-2026,13.1,13.42,12.94,12.99,13.0,1630062,214.55,1513,1238948.0,76.01
SUMICHEM, 27-Aug-2026,533.1,534.0,520.35,525.0,530.45,103888,545.82,7195,41028.0,39.49
SUMIT, 27-Aug-2026,50.9,51.89,49.71,51.53,51.21,44744,22.6,728,33845.0,75.64
SUMMITSEC, 27-Aug-2026,1425.0,1439.8,1415.0,1420.7,1433.3,1827,26.06,236,1349.0,73.84
SUN-RE, 27-Aug-2026,1.1,1.1,1.1,1.1,1.2,16000,0.18,9,16000.0,100.0
SUNCLAY, 27-Aug-2026,1242.0,1279.9,1242.0,1272.2,1267.9,1101,14.0,180,690.0,62.67
SUNDARAM, 27-Aug-2026,1.26,1.26,1.22,1.23,1.23,194576,2.4,236,155544.0,79.94
SUNDARMFIN, 27-Aug-2026,4530.0,4665.7,4500.0,4636.9,4539.6,51237,2372.83,12030,30297.0,59.13
SUNDRMFAST, 27-Aug-2026,1244.4,1245.4,1214.0,1216.2,1237.95,85029,1037.7,8516,50248.0,59.1
SUNDROP, 27-Aug-2026,661.8,663.25,648.0,655.45,660.75,19400,127.64,829,13725.0,70.75
SUNFLAG, 27-Aug-2026,353.35,354.0,342.2,344.4,350.45,120437,418.59,2612,69357.0,57.59
SUNLITE, 27-Aug-2026,535.0,543.0,513.0,517.0,521.0,38400,201.11,103,21600.0,56.25
SUNPHARMA, 27-Aug-2026,1907.1,1925.0,1898.0,1913.3,1899.5,1107552,21169.28,101138,718706.0,64.89
SUNRAKSHAK, 27-Aug-2026,374.85,374.95,365.7,371.1,369.2,3426,12.62,88,2689.0,78.49
SUNREST, 27-Aug-2026,38.0,38.0,38.0,38.0,40.25,1600,0.61,1,1600.0,100.0
SUNSHIEL, 27-Aug-2026,1189.0,1209.6,1131.3,1156.3,1188.7,1474,17.27,252,1121.0,76.05
SUNSHINE, 27-Aug-2026,368.0,378.0,366.3,368.1,367.2,1816347,6728.72,21677,523384.0,28.82
SUNTECH, 27-Aug-2026,43.2,48.8,40.5,47.1,42.9,158400,71.27,85,118400.0,74.75
SUNTECK, 27-Aug-2026,312.05,313.2,305.25,307.5,312.1,67138,207.51,2575,35033.0,52.18
SUNTV, 27-Aug-2026,467.45,467.5,461.0,463.95,465.15,288220,1337.45,10927,190373.0,66.05
SUPERHOUSE, 27-Aug-2026,176.0,178.95,167.74,169.9,176.14,9160,15.91,320,4038.0,44.08
SUPRAJIT, 27-Aug-2026,502.7,510.7,500.0,504.05,502.7,29850,150.0,2835,20510.0,68.71
SUPREME, 27-Aug-2026,39.72,39.9,38.5,39.0,39.44,15330,5.97,159,10535.0,68.72
SUPREMEIND, 27-Aug-2026,3540.0,3633.5,3540.0,3585.0,3540.0,152254,5482.83,22874,59988.0,39.4
SUPREMEINF, 27-Aug-2026,84.94,86.76,83.51,84.99,84.81,133453,113.22,704,105451.0,79.02
SUPREMEPWR, 27-Aug-2026,234.8,234.8,226.75,227.4,230.9,14500,33.26,28,11500.0,79.31
SUPRIYA, 27-Aug-2026,782.95,792.0,774.3,776.35,781.75,100955,787.43,6748,47146.0,46.7
SURAJEST, 27-Aug-2026,197.17,197.25,193.1,195.77,196.01,143225,279.09,646,130642.0,91.21
SURAJLTD, 27-Aug-2026,213.5,216.85,210.0,214.0,213.51,33,0.07,6,33.0,100.0
SURAKSHA, 27-Aug-2026,340.0,340.0,332.35,335.4,338.75,91126,306.23,3086,50729.0,55.67
SURANASOL, 27-Aug-2026,25.66,25.99,25.0,25.45,25.77,30019,7.66,350,23651.0,78.79
SURANAT&P, 27-Aug-2026,16.45,16.45,15.5,15.91,16.2,77509,12.54,388,56568.0,72.98
SURANI, 27-Aug-2026,95.55,97.0,95.55,97.0,100.25,1600,1.54,6,1400.0,87.5
SURYALA, 27-Aug-2026,382.0,389.0,382.0,382.15,380.85,146,0.56,12,145.0,99.32
SURYALAXMI, 27-Aug-2026,57.92,58.0,56.65,57.14,57.92,1810,1.03,64,1795.0,99.17
SURYAROSNI, 27-Aug-2026,218.5,221.37,215.84,218.41,219.62,442419,966.29,9576,240790.0,54.43
SURYODAY, 27-Aug-2026,159.1,159.1,154.3,155.68,158.43,297102,464.63,5146,138713.0,46.69
SUVEN, 27-Aug-2026,372.0,374.1,363.5,368.1,372.2,295156,1087.63,9327,113986.0,38.62
SUVIDHAA, 27-Aug-2026,2.4,2.4,2.26,2.28,2.3,66595,1.54,187,43275.0,64.98
SUYOG, 27-Aug-2026,768.0,769.1,750.0,764.85,755.8,15071,114.7,1089,7778.0,51.61
SUZLON, 27-Aug-2026,47.0,47.39,46.37,46.81,46.94,23836185,11149.99,49336,11501164.0,48.25
SVGLOBAL, 27-Aug-2026,134.11,144.8,118.21,129.5,132.79,1849,2.35,65,1179.0,63.76
SVPGLOB, 27-Aug-2026,3.77,3.8,3.68,3.75,3.74,4717,0.18,46,4563.0,96.74
SWANCORP, 27-Aug-2026,299.45,306.5,295.65,303.8,300.15,1142323,3421.14,14238,411993.0,36.07
SWARAJENG, 27-Aug-2026,3575.0,3576.8,3535.0,3548.3,3549.0,4442,157.7,1220,3024.0,68.08
SWARNSAR, 27-Aug-2026,34.8,34.8,34.2,34.57,34.46,5171,1.78,41,4362.0,84.36
SWASTIK, 27-Aug-2026,20.9,20.9,20.9,20.9,19.95,26400,5.52,11,26400.0,100.0
SWELECTES, 27-Aug-2026,605.2,605.5,588.0,594.2,605.55,19790,118.14,1121,10777.0,54.46
SWIGGY, 27-Aug-2026,288.8,289.9,282.2,284.7,286.55,9150633,26095.31,100038,4408052.0,48.17
SWISSMLTRY, 27-Aug-2026,17.74,18.09,16.8,17.16,17.74,147702,25.88,440,90915.0,61.55
SWSOLAR, 27-Aug-2026,203.0,203.38,197.15,199.15,200.12,632051,1268.24,9029,319776.0,50.59
SYLVANPLY, 27-Aug-2026,56.7,56.7,56.0,56.0,54.0,4000,2.25,2,4000.0,100.0
SYMPHONY, 27-Aug-2026,602.5,605.0,597.0,599.05,602.5,32084,192.19,2267,19379.0,60.4
SYNCOMF, 27-Aug-2026,17.15,18.34,17.13,17.34,17.03,8769056,1548.89,33039,2748046.0,31.34
SYNGENE, 27-Aug-2026,412.9,418.5,407.6,413.8,411.15,479502,1987.41,19510,252566.0,52.67
SYNOPTICS, 27-Aug-2026,57.6,59.0,57.6,57.6,60.6,3000,1.74,5,1800.0,60.0
SYRMA, 27-Aug-2026,1471.0,1499.0,1467.1,1493.5,1474.1,957727,14224.73,33917,424028.0,44.27
SYSTANGO, 27-Aug-2026,218.0,220.5,215.3,218.65,218.7,12400,27.08,27,8800.0,70.97
TAALTECH, 27-Aug-2026,4488.0,4613.0,4370.0,4406.4,4501.5,4853,215.77,647,3323.0,68.47
TAC, 27-Aug-2026,417.0,419.0,411.0,416.4,414.95,9600,39.89,45,8000.0,83.33
TAINWALCHM, 27-Aug-2026,212.06,216.83,211.02,212.68,216.7,2869,6.12,62,1694.0,59.04
TAJGVK, 27-Aug-2026,339.35,342.75,337.1,341.75,339.4,48286,164.28,2201,27269.0,56.47
TAKE, 27-Aug-2026,16.98,16.98,16.98,16.98,17.87,56409,9.58,295,56349.0,99.89
TALBROAUTO, 27-Aug-2026,407.1,415.0,400.1,408.65,407.1,177405,722.13,7206,98230.0,55.37
TANAA, 27-Aug-2026,300.0,300.85,291.6,292.7,298.45,11677,34.25,521,7742.0,66.3
TANKUP, 27-Aug-2026,1300.0,1300.0,1300.0,1300.0,1280.0,250,3.25,1,250.0,100.0
TANLA, 27-Aug-2026,527.95,547.85,527.95,531.5,526.05,619699,3328.25,20573,230022.0,37.12
TARACHAND, 27-Aug-2026,47.72,49.99,47.72,48.59,47.72,50433,24.55,692,25559.0,50.68
TARAPUR, 27-Aug-2026,14.74,15.34,14.31,14.96,14.65,9977,1.48,150,7745.0,77.63
TARC, 27-Aug-2026,120.33,120.96,117.1,117.53,119.45,306535,363.77,3339,205577.0,67.06
TARIL, 27-Aug-2026,304.0,313.35,302.0,304.15,304.0,1666044,5125.98,26691,561897.0,33.73
TARMAT, 27-Aug-2026,61.92,61.95,58.21,59.93,62.54,92840,55.43,1017,49991.0,53.85
TARSONS, 27-Aug-2026,344.55,347.35,325.6,329.4,342.65,244355,823.14,8619,66512.0,27.22
TASTYBITE, 27-Aug-2026,9966.5,10172.5,9755.0,9816.5,9911.5,2577,255.9,1017,908.0,35.23
TATACAP, 27-Aug-2026,372.65,378.0,372.0,376.0,370.65,1550014,5813.43,32381,785956.0,50.71
TATACHEM, 27-Aug-2026,638.45,647.35,635.0,644.15,637.65,620346,3967.85,17625,324137.0,52.25
TATACOMM, 27-Aug-2026,1649.3,1705.7,1641.5,1689.6,1649.3,290206,4865.09,24663,147287.0,50.75
TATACONSUM, 27-Aug-2026,1041.0,1048.4,1035.6,1042.0,1047.1,996048,10356.26,46591,622104.0,62.46
TATAELXSI, 27-Aug-2026,3650.0,3664.6,3622.6,3633.2,3650.0,92977,3379.44,12031,35463.0,38.14
TATAGOLD, 27-Aug-2026,15.54,15.54,15.06,15.29,15.55,78652833,12024.81,74385,26140062.0,33.23
TATAINVEST, 27-Aug-2026,644.45,648.7,637.0,642.1,644.45,156007,999.04,10028,67063.0,42.99
TATAPOWER, 27-Aug-2026,359.2,359.2,348.1,352.0,364.0,16236355,57000.89,196563,6084219.0,37.47
TATASTEEL, 27-Aug-2026,188.05,190.25,186.5,186.8,188.01,40921836,77042.89,202221,23421035.0,57.23
TATATECH, 27-Aug-2026,795.55,807.9,786.6,799.35,793.5,593573,4717.88,19104,321053.0,54.09
TATSILV, 27-Aug-2026,23.94,23.94,22.71,22.97,23.36,63551214,14600.19,48617,13318288.0,20.96
TATVA, 27-Aug-2026,1620.0,1695.0,1581.5,1599.2,1606.4,120039,1972.72,12118,38151.0,31.78
TAURIAN, 27-Aug-2026,511.0,511.0,500.0,500.95,520.0,20000,100.67,19,15200.0,76.0
TBI, 27-Aug-2026,67.6,74.5,67.55,71.5,67.7,146400,105.46,168,84000.0,57.38
TBOTEK, 27-Aug-2026,1699.7,1725.9,1690.0,1696.6,1706.5,103405,1762.97,14257,48338.0,46.75
TBZ, 27-Aug-2026,308.05,312.7,300.4,306.1,305.8,1842044,5651.81,28886,505717.0,27.45
TCC, 27-Aug-2026,233.0,243.65,230.0,231.75,235.15,617665,1458.0,14984,219612.0,35.56
TCI, 27-Aug-2026,899.5,907.6,895.0,897.3,903.15,13098,118.02,2374,7988.0,60.99
TCIEXP, 27-Aug-2026,552.15,560.0,540.1,558.35,549.85,53331,292.56,2658,34889.0,65.42
TCL, 27-Aug-2026,138.0,138.35,130.0,137.65,139.95,87200,116.49,105,57600.0,66.06
TCPLPACK, 27-Aug-2026,3880.0,3921.1,3828.1,3846.4,3877.1,5515,214.12,1113,2763.0,50.1
TCS, 27-Aug-2026,2270.0,2283.6,2243.9,2248.4,2270.0,1709113,38548.63,131520,931995.0,54.53
TDPOWERSYS, 27-Aug-2026,730.2,765.5,730.2,740.6,727.8,2552484,19153.91,76596,991943.0,38.86
TEAMGTY, 27-Aug-2026,230.0,248.0,230.0,240.02,240.0,658,1.59,36,535.0,81.31
TEAMLEASE, 27-Aug-2026,1256.2,1263.9,1229.7,1252.7,1248.8,28997,360.43,4786,15128.0,52.17
TEAMTECH, 27-Aug-2026,136.0,136.0,132.0,133.35,136.0,16000,21.6,8,16000.0,100.0
TECH, 27-Aug-2026,33.23,33.55,33.08,33.22,33.39,36036,11.97,159,13356.0,37.06
TECHD, 27-Aug-2026,558.0,558.0,550.0,550.05,557.5,12900,71.19,38,12600.0,97.67
TECHERA, 27-Aug-2026,173.4,173.55,168.7,169.2,173.9,20000,34.08,24,15200.0,76.0
TECHLABS, 27-Aug-2026,128.4,129.45,121.0,122.75,125.35,8875,11.06,55,7000.0,78.87
TECHM, 27-Aug-2026,1571.6,1600.0,1571.6,1585.0,1571.0,1979336,31448.64,78804,1026475.0,51.86
TECHNOCRAF, 27-Aug-2026,346.5,373.65,345.42,358.24,343.69,4686252,16946.27,70663,520230.0,11.1
TECHNOE, 27-Aug-2026,1004.0,1007.45,993.6,997.45,1004.25,66454,663.55,7752,39796.0,59.89
TECHNVISN, 27-Aug-2026,5145.6,5291.6,4911.0,5117.9,5129.2,238,12.19,112,141.0,59.24
TECILCHEM, 27-Aug-2026,9.66,9.66,8.82,9.09,9.49,10472,0.97,99,7599.0,72.56
TEGA, 27-Aug-2026,1662.0,1668.3,1615.9,1621.4,1652.1,83977,1375.45,5681,45318.0,53.96
TEJA, 27-Aug-2026,272.6,272.6,272.6,272.6,286.9,600,1.64,1,600.0,100.0
TEJASCARGO, 27-Aug-2026,394.0,400.0,394.0,399.0,398.0,1600,6.36,4,1600.0,100.0
TEJASNET, 27-Aug-2026,506.5,517.95,504.9,511.15,505.05,948871,4846.34,26170,262291.0,27.64
TEMBO, 27-Aug-2026,59.2,59.3,57.0,57.7,58.4,759490,439.8,2615,368404.0,48.51
TENNIND, 27-Aug-2026,538.0,544.7,536.4,541.4,539.6,533231,2883.59,24421,293202.0,54.99
TERAI, 27-Aug-2026,125.9,125.9,125.9,125.9,123.28,1,0.0,1,1.0,100.0
TERASOFT, 27-Aug-2026,311.65,323.9,295.0,301.35,306.3,42482,131.7,2219,17203.0,40.49
TEXINFRA, 27-Aug-2026,112.16,112.16,110.0,110.55,110.13,29042,32.13,384,20421.0,70.32
TEXMOPIPES, 27-Aug-2026,47.89,48.0,46.55,46.95,47.34,30818,14.61,368,22180.0,71.97
TEXRAIL, 27-Aug-2026,109.84,110.86,108.1,108.43,109.04,851548,931.05,7425,341362.0,40.09
TFCILTD, 27-Aug-2026,141.8,146.0,140.43,141.84,140.99,10501249,15049.04,37906,3399767.0,32.37
TFL, 27-Aug-2026,12.48,12.79,11.51,12.07,11.71,33191,3.99,93,29385.0,88.53
TGBHOTELS, 27-Aug-2026,9.28,9.63,8.55,9.15,9.27,44990,4.04,152,29564.0,65.71
TGL, 27-Aug-2026,15.5,15.5,15.5,15.5,14.8,5800,0.9,16,5800.0,100.0
TGVSL, 27-Aug-2026,106.05,106.79,104.31,104.96,105.42,92534,97.26,809,57865.0,62.53
THAKDEV, 27-Aug-2026,141.0,141.0,140.6,140.65,140.94,273,0.38,3,273.0,100.0
THANGAMAYL, 27-Aug-2026,5499.0,5589.0,5474.5,5502.0,5495.5,64030,3541.69,8629,29259.0,45.7
THEINVEST, 27-Aug-2026,99.8,99.8,94.01,94.96,96.34,4092,3.89,161,2766.0,67.6
THEJO, 27-Aug-2026,2045.6,2100.1,2039.0,2093.6,2043.9,4315,89.77,508,2682.0,62.16
THELEELA, 27-Aug-2026,541.05,558.1,541.05,553.8,552.8,1130203,6216.2,20271,909271.0,80.45
THEMISMED, 27-Aug-2026,126.26,128.15,123.12,126.15,126.26,135765,170.02,2452,55958.0,41.22
THERMAX, 27-Aug-2026,3970.0,4029.9,3954.0,3962.7,3968.5,52092,2074.51,13682,23159.0,44.46
THESL, 27-Aug-2026,18.75,18.75,17.85,17.85,18.75,12000,2.17,4,9000.0,75.0
THOMASCOOK, 27-Aug-2026,111.3,111.59,109.55,110.06,110.71,953613,1053.52,9152,427589.0,44.84
THOMASCOTT, 27-Aug-2026,283.8,284.75,278.0,279.6,281.1,14941,41.87,766,9530.0,63.78
THYROCARE, 27-Aug-2026,605.2,605.2,577.75,581.45,605.2,396389,2317.4,21548,210600.0,53.13
TI, 27-Aug-2026,562.35,565.9,546.25,557.8,560.9,691828,3841.1,16635,307519.0,44.45
TIGERLOGS, 27-Aug-2026,29.54,30.48,29.48,30.09,29.54,242067,73.21,503,158426.0,65.45
TIIL, 27-Aug-2026,3385.0,3435.0,3310.5,3328.1,3386.6,24929,840.12,4467,9626.0,38.61
TIINDIA, 27-Aug-2026,2853.3,2879.4,2835.6,2870.0,2860.0,139913,4006.02,18252,74866.0,53.51
TIJARIA, 27-Aug-2026,5.98,6.09,5.71,5.92,5.92,53557,3.15,181,50386.0,94.08
TIMESCAN, 27-Aug-2026,38.55,39.5,38.55,39.5,40.0,6000,2.33,2,4000.0,66.67
TIMETECHNO, 27-Aug-2026,186.3,187.99,184.25,185.67,185.3,3679157,6833.46,16771,1062256.0,28.87
TIMEX, 27-Aug-2026,631.75,641.0,620.1,624.05,629.0,247568,1561.09,13379,91527.0,36.97
TIMKEN, 27-Aug-2026,3090.0,3197.0,3090.0,3183.4,3098.7,31733,1002.66,8046,18047.0,56.87
TINNARUBR, 27-Aug-2026,1016.4,1027.8,984.1,998.4,1016.4,62609,625.63,5009,35017.0,55.93
TIPSFILMS, 27-Aug-2026,342.0,346.7,340.0,342.15,342.1,2195,7.54,209,1513.0,68.93
TIPSMUSIC, 27-Aug-2026,650.1,663.35,643.35,660.0,650.25,245442,1604.83,15880,143193.0,58.34
TIRUMALCHM, 27-Aug-2026,160.05,163.03,157.61,159.58,160.97,565736,904.26,6059,251957.0,44.54
TITAGARH, 27-Aug-2026,834.0,845.0,827.0,831.15,825.4,449561,3752.64,20037,123809.0,27.54
TITAN, 27-Aug-2026,5100.0,5186.7,5069.5,5139.3,5100.0,1101845,56513.36,62034,641424.0,58.21
TMB, 27-Aug-2026,897.6,903.6,882.15,893.85,897.6,118544,1060.47,10292,52237.0,44.07
TMCV, 27-Aug-2026,483.75,483.75,468.3,473.1,483.75,10010513,47296.73,106059,5396877.0,53.91
TMPV, 27-Aug-2026,315.0,319.6,314.15,316.0,313.1,8028070,25408.13,60288,3603787.0,44.89
TNIDETF, 27-Aug-2026,90.7,91.8,90.5,90.97,90.66,79177,72.04,367,44312.0,55.97
TNPETRO, 27-Aug-2026,113.5,114.0,108.3,109.12,113.27,494399,545.59,4946,347213.0,70.23
TNPL, 27-Aug-2026,141.0,143.2,139.11,139.91,140.67,253935,356.43,2305,186277.0,73.36
TNTELE, 27-Aug-2026,9.01,9.4,8.87,8.91,9.08,13530,1.21,59,10915.0,80.67
TOKYOPLAST, 27-Aug-2026,76.0,77.5,74.8,77.25,75.15,1365,1.04,44,964.0,70.62
TOLINS, 27-Aug-2026,96.01,97.64,94.99,95.29,96.58,48675,46.73,1024,35081.0,72.07
TOP100CASE, 27-Aug-2026,10.92,10.92,10.6,10.65,10.71,651028,69.43,1157,522943.0,80.33
TOP10ADD, 27-Aug-2026,88.3,88.3,87.66,87.89,88.04,125196,110.07,452,67096.0,53.59
TOP15IETF, 27-Aug-2026,10.02,10.02,9.89,9.91,9.98,61915,6.14,200,41944.0,67.74
TOP20, 27-Aug-2026,9.02,9.12,8.95,8.95,9.0,27883,2.5,210,27875.0,99.97
TORNTPHARM, 27-Aug-2026,4885.0,4999.0,4877.5,4999.0,4890.0,317547,15631.63,24077,196696.0,61.94
TORNTPOWER, 27-Aug-2026,1262.5,1262.9,1227.0,1230.1,1258.4,282272,3481.76,27952,165635.0,58.68
TOTAL, 27-Aug-2026,73.05,73.05,68.2,69.57,71.57,10783,7.59,198,7211.0,66.87
TOUCHWOOD, 27-Aug-2026,63.5,63.5,60.5,61.0,62.65,2552,1.57,83,2388.0,93.57
TOYAMSL, 27-Aug-2026,0.65,0.65,0.62,0.62,0.64,322140,2.04,183,258986.0,80.4
TPLPLASTEH, 27-Aug-2026,79.03,79.03,77.0,77.44,77.6,119271,93.02,908,40961.0,34.34
TRACXN, 27-Aug-2026,29.6,30.25,29.6,30.06,29.98,92527,27.76,467,74703.0,80.74
TRANSCOR, 27-Aug-2026,25.49,26.25,24.1,25.95,24.58,10945,2.84,91,10909.0,99.67
TRANSRAILL, 27-Aug-2026,462.75,465.25,457.1,458.5,462.25,192951,888.11,8383,113592.0,58.87
TRANSTEEL, 27-Aug-2026,85.5,89.9,85.5,89.15,85.6,55000,48.16,29,33000.0,60.0
TRANSWIND, 27-Aug-2026,11.3,11.3,11.3,11.3,10.8,8000,0.9,2,8000.0,100.0
TRAVELFOOD, 27-Aug-2026,1287.8,1416.5,1287.8,1333.9,1287.8,538246,7363.95,29660,82693.0,15.36
TREEHOUSE, 27-Aug-2026,6.33,6.33,6.04,6.28,6.29,19335,1.21,75,12979.0,67.13
TREJHARA, 27-Aug-2026,148.54,152.87,147.27,149.89,148.54,11319,16.97,371,7136.0,63.04
TREL, 27-Aug-2026,26.39,27.03,25.82,26.49,26.39,77679,20.47,824,43122.0,55.51
TRENT, 27-Aug-2026,2908.2,2923.5,2868.2,2878.5,2908.2,591208,17068.36,56363,334806.0,56.63
TRF, 27-Aug-2026,231.66,231.99,229.0,229.22,229.94,4991,11.45,151,4124.0,82.63
TRIDENT, 27-Aug-2026,24.45,24.55,24.35,24.38,24.44,2020489,493.43,9171,887679.0,43.93
TRIGYN, 27-Aug-2026,61.0,61.45,59.04,60.09,60.66,34212,20.62,559,26875.0,78.55
TRITONV, 27-Aug-2026,1139.3,1175.0,1121.0,1144.9,1123.7,4057,46.58,566,2896.0,71.38
TRITURBINE, 27-Aug-2026,575.05,604.05,575.05,583.45,574.4,1852490,10929.28,93677,509140.0,27.48
TRIVENI, 27-Aug-2026,286.0,289.9,281.28,282.21,285.76,752847,2143.94,13435,372823.0,49.52
TROM, 27-Aug-2026,55.0,56.9,52.55,54.0,55.35,19200,10.46,31,13800.0,71.88
TRU, 27-Aug-2026,4.04,4.22,3.95,4.04,4.13,210414,8.48,476,174452.0,82.91
TRUALT, 27-Aug-2026,444.5,444.6,432.3,433.85,442.2,73493,321.43,2742,46265.0,62.95
TRUST, 27-Aug-2026,29.0,32.0,27.2,30.95,27.9,55800,16.8,74,47400.0,84.95
TSC, 27-Aug-2026,44.0,46.5,44.0,46.5,45.0,6000,2.69,3,6000.0,100.0
TSFINV, 27-Aug-2026,410.95,412.5,399.15,404.2,410.65,46649,188.74,2328,34501.0,73.96
TTKHLTCARE, 27-Aug-2026,1099.0,1101.2,1075.5,1080.2,1090.6,11390,124.12,1352,6238.0,54.77
TTKPRESTIG, 27-Aug-2026,614.4,614.4,603.85,606.9,610.15,42507,258.24,4015,23179.0,54.53
TTL, 27-Aug-2026,6.7,6.9,6.31,6.53,6.59,501845,32.58,575,307486.0,61.27
TTML, 27-Aug-2026,37.5,37.68,36.3,36.46,37.41,1480267,545.01,9617,790224.0,53.38
TUNWAL, 27-Aug-2026,26.0,26.0,25.45,25.55,26.3,116000,29.75,56,78000.0,67.24
TURTLEMINT, 27-Aug-2026,146.81,155.0,146.36,153.64,146.86,2249566,3421.52,22474,813174.0,36.15
TUTIALKA, 27-Aug-2026,58.89,62.7,56.9,59.04,58.88,31516,19.07,396,20947.0,66.46
TVSELECT, 27-Aug-2026,444.0,448.0,438.2,443.05,443.15,18350,81.17,772,8532.0,46.5
TVSHLTD, 27-Aug-2026,13546.0,13619.0,13276.0,13434.0,13542.0,7150,956.72,2731,4293.0,60.04
TVSMOTOR, 27-Aug-2026,4469.0,4469.0,4366.6,4409.8,4464.0,579869,25489.71,33292,311013.0,53.64
TVSSCS, 27-Aug-2026,132.78,132.82,129.5,130.79,132.16,721741,945.71,9441,250663.0,34.73
TVSSRICHAK, 27-Aug-2026,5310.9,5310.9,5155.0,5244.5,5311.8,27296,1431.21,5251,8157.0,29.88
TVTODAY, 27-Aug-2026,115.16,115.16,113.0,113.13,115.16,17247,19.64,884,8122.0,47.09
TWCGOLDETF, 27-Aug-2026,158.14,158.14,154.92,156.6,159.14,50590,79.43,148,50141.0,99.11
UBL, 27-Aug-2026,1345.1,1351.3,1339.1,1346.6,1353.7,29122,391.41,4758,11656.0,40.02
UCOBANK, 27-Aug-2026,26.12,26.23,25.45,25.49,26.19,4071522,1048.06,13410,2770989.0,68.06
UDAYJEW, 27-Aug-2026,130.0,147.2,129.1,143.28,141.8,705,0.99,23,671.0,95.18
UDS, 27-Aug-2026,222.15,223.44,218.11,221.82,222.07,412890,916.0,5879,194051.0,47.0
UEL, 27-Aug-2026,180.32,180.32,180.32,180.32,171.74,5389,9.72,48,5389.0,100.0
UFLEX, 27-Aug-2026,655.0,660.5,627.0,631.0,650.45,269326,1724.28,7258,104734.0,38.89
UFO, 27-Aug-2026,66.01,66.59,65.15,65.54,66.51,19386,12.79,335,14949.0,77.11
UGARSUGAR, 27-Aug-2026,54.76,55.9,50.15,50.7,54.97,759395,397.15,5868,394581.0,51.96
UGROCAP, 27-Aug-2026,87.44,88.8,86.68,87.22,87.05,78155,68.08,1119,48097.0,61.54
UHTL, 27-Aug-2026,140.8,140.8,140.8,140.8,138.05,84000,118.27,17,84000.0,100.0
UJJIVANSFB, 27-Aug-2026,69.2,69.82,67.81,68.57,68.99,14648450,10046.81,67233,7876176.0,53.77
ULTRACEMCO, 27-Aug-2026,11674.0,11815.0,11674.0,11717.0,11717.0,319993,37576.2,38322,199903.0,62.47
ULTRAMAR, 27-Aug-2026,434.9,435.0,421.05,423.3,432.75,45873,196.31,2477,30647.0,66.81
UMA, 27-Aug-2026,17.4,17.5,17.0,17.0,16.75,20000,3.47,5,20000.0,100.0
UMESLTD, 27-Aug-2026,5.72,5.72,5.05,5.14,5.61,126042,6.56,238,84823.0,67.3
UMIYA-MRO, 27-Aug-2026,88.22,90.8,88.22,88.68,89.24,7142,6.33,50,6538.0,91.54
UNICHEMLAB, 27-Aug-2026,530.3,545.0,521.2,539.75,530.3,102231,549.13,4242,39912.0,39.04
UNIECOM, 27-Aug-2026,85.45,85.8,83.8,84.0,85.4,147802,124.86,1550,101829.0,68.9
UNIENTER, 27-Aug-2026,97.98,97.98,93.8,96.04,95.08,6228,5.89,109,4494.0,72.16
UNIHEALTH, 27-Aug-2026,717.95,718.0,695.0,707.15,707.5,19500,137.19,37,15500.0,79.49
UNIINFO, 27-Aug-2026,10.93,11.0,10.39,10.97,10.93,4881,0.52,59,4236.0,86.79
UNIMECH, 27-Aug-2026,1507.7,1527.7,1471.0,1485.4,1500.2,123211,1850.47,9276,52247.0,42.4
UNIONBANK, 27-Aug-2026,189.0,189.64,184.08,184.5,187.52,6999263,13006.57,33889,3048206.0,43.55
UNIONGOLD, 27-Aug-2026,158.25,158.25,152.0,153.1,156.65,4039,6.23,160,2568.0,63.58
UNIPARTS, 27-Aug-2026,806.2,824.0,801.0,808.3,806.2,120396,977.87,9565,59174.0,49.15
UNITDSPR, 27-Aug-2026,1531.0,1531.9,1507.7,1522.0,1538.5,717436,10912.9,32130,452801.0,63.11
UNITECH, 27-Aug-2026,4.0,4.02,3.9,3.92,3.96,4084051,160.7,2006,2741971.0,67.14
UNITEDPOLY, 27-Aug-2026,37.3,37.99,36.4,37.44,36.85,137274,50.68,284,96620.0,70.38
UNITEDTEA, 27-Aug-2026,462.0,463.0,451.7,454.9,460.15,2733,12.45,91,2613.0,95.61
UNIVCABLES, 27-Aug-2026,1576.0,1624.6,1564.8,1607.3,1578.7,91786,1464.06,10750,34282.0,37.35
UNOMINDA, 27-Aug-2026,1266.3,1285.0,1252.1,1280.0,1260.0,778534,9930.19,23255,433413.0,55.67
UPHOT, 27-Aug-2026,1350.0,1397.0,1350.0,1397.0,1331.0,37,0.51,9,37.0,100.0
UPL, 27-Aug-2026,587.8,591.0,578.1,578.1,589.3,1266550,7376.9,27117,699882.0,55.26
URBAN, 27-Aug-2026,140.3,141.95,140.3,140.55,145.0,8000,11.26,10,5600.0,70.0
URBANCO, 27-Aug-2026,166.0,170.68,165.3,167.36,167.53,7134291,11982.39,76761,2351091.0,32.95
URJA, 27-Aug-2026,9.2,9.38,9.2,9.25,9.22,416027,38.49,1613,240627.0,57.84
USASEEDS, 27-Aug-2026,91.7,93.4,91.7,93.4,96.5,856,0.79,2,856.0,100.0
USHAFIN, 27-Aug-2026,45.45,45.45,45.45,45.45,43.95,1600,0.73,1,1600.0,100.0
USHAMART, 27-Aug-2026,495.9,495.9,479.95,489.15,496.15,514767,2507.19,24954,275196.0,53.46
USK, 27-Aug-2026,21.46,21.86,21.01,21.31,21.56,9962,2.13,123,8935.0,89.69
UTIAMC, 27-Aug-2026,897.2,899.0,889.0,890.7,897.2,122786,1093.37,3529,106536.0,86.77
UTKAL, 27-Aug-2026,49.4,49.4,49.4,49.4,47.5,4000,1.98,2,4000.0,100.0
UTKARSHBNK, 27-Aug-2026,15.0,15.1,14.87,14.92,14.94,4463747,668.02,4708,2176038.0,48.75
UTLSOLAR, 27-Aug-2026,447.8,452.8,440.2,443.35,444.2,143124,637.65,6592,66871.0,46.72
UTSSAV, 27-Aug-2026,448.0,455.0,445.0,448.6,448.15,27600,124.21,26,27000.0,97.83
UTTAMSUGAR, 27-Aug-2026,314.25,321.86,296.2,298.34,312.82,352684,1077.2,7463,94451.0,26.78
V2RETAIL, 27-Aug-2026,220.0,223.0,219.11,222.4,219.79,929035,2058.36,13166,568645.0,61.21
VADILALIND, 27-Aug-2026,7401.0,7480.0,7401.0,7444.5,7423.0,6764,503.62,1514,4152.0,61.38
VAIBHAVGBL, 27-Aug-2026,224.65,225.4,221.5,222.2,223.6,130477,290.72,8505,73716.0,56.5
VAISHALI, 27-Aug-2026,8.0,8.35,7.82,8.33,8.17,125534,10.28,228,92513.0,73.7
VAKRANGEE, 27-Aug-2026,6.02,6.05,5.9,5.92,6.05,930460,55.34,1736,572762.0,61.56
VAL30IETF, 27-Aug-2026,15.34,15.34,15.16,15.21,15.32,200473,30.48,561,118065.0,58.89
VALIANTLAB, 27-Aug-2026,107.87,109.2,103.0,104.89,107.87,363930,387.14,4698,178511.0,49.05
VALUE, 27-Aug-2026,16.33,16.33,16.1,16.13,16.3,52341,8.45,126,33276.0,63.58
VALUE360, 27-Aug-2026,75.0,75.0,72.05,72.6,75.0,6000,4.4,5,3600.0,60.0
VALUEAXIS, 27-Aug-2026,34.05,34.05,32.7,32.77,33.22,69748,22.9,605,45687.0,65.5
VAML, 27-Aug-2026,464.9,467.6,452.1,454.45,462.6,8948764,40932.65,102034,6027435.0,67.35
VARDMNPOLY, 27-Aug-2026,6.18,6.18,5.96,6.01,6.03,140266,8.44,310,112637.0,80.3
VARROC, 27-Aug-2026,812.55,840.8,806.3,813.15,812.15,406477,3353.01,18389,141398.0,34.79
VASCONEQ, 27-Aug-2026,31.11,31.5,30.66,30.78,31.11,200761,62.35,1064,133397.0,66.45
VASWANI, 27-Aug-2026,49.59,49.99,47.53,48.42,48.3,32341,15.6,225,20669.0,63.91
VBL, 27-Aug-2026,423.55,425.05,415.75,418.75,421.25,11988613,50458.7,91066,6709468.0,55.97
VEDAVAAG, 27-Aug-2026,18.87,18.9,18.21,18.36,18.5,13071,2.41,109,11546.0,88.33
VEDL, 27-Aug-2026,289.0,291.0,279.2,281.0,286.5,13441814,38051.38,143043,5603941.0,41.69
VEDPOWER, 27-Aug-2026,37.6,38.35,37.25,37.5,37.49,19385875,7311.13,42993,6817818.0,35.17
VEEDOL, 27-Aug-2026,1519.9,1519.9,1488.0,1491.5,1510.1,5623,84.21,969,3391.0,60.31
VEEKAYEM, 27-Aug-2026,99.0,99.3,95.05,98.4,94.6,10000,9.82,20,6000.0,60.0
VENKEYS, 27-Aug-2026,1598.0,1621.3,1565.1,1575.6,1597.0,51334,820.1,4818,24703.0,48.12
VENTIVE, 27-Aug-2026,605.45,605.45,581.0,583.5,594.6,19764,116.17,1091,13380.0,67.7
VENUSPIPES, 27-Aug-2026,1647.0,1672.0,1608.0,1653.8,1636.6,139211,2290.76,10214,65017.0,46.7
VERANDA, 27-Aug-2026,246.05,248.0,240.5,243.55,243.3,231508,566.1,3659,113520.0,49.04
VERTEXPLUS, 27-Aug-2026,49.0,49.0,49.0,49.0,49.0,1800,0.88,1,1800.0,100.0
VERTIS, 27-Aug-2026,116.0,116.0,116.0,116.0,116.0,25000,29.0,1,25000.0,100.0
VESUVIUS, 27-Aug-2026,424.0,428.6,420.6,422.4,422.9,59366,251.63,2341,34942.0,58.86
VGCL, 27-Aug-2026,56.85,59.9,55.09,59.38,57.05,10993,6.51,99,8438.0,76.76
VGINFOTECH, 27-Aug-2026,149.0,150.0,146.0,147.7,147.0,25000,36.79,23,20000.0,80.0
VGL, 27-Aug-2026,58.45,58.45,56.31,56.85,57.56,9107,5.2,136,7663.0,84.14
VGUARD, 27-Aug-2026,328.5,335.4,328.5,331.5,329.65,284767,944.3,10982,157814.0,55.42
VHL, 27-Aug-2026,3431.0,3474.3,3380.0,3392.3,3428.9,644,21.98,167,470.0,72.98
VIAZ, 27-Aug-2026,68.0,68.0,68.0,68.0,71.3,2000,1.36,1,2000.0,100.0
VICTORYEV, 27-Aug-2026,16.2,16.2,15.8,16.0,16.25,15000,2.4,5,15000.0,100.0
VIDHIING, 27-Aug-2026,341.15,356.95,338.4,350.1,341.0,135580,474.09,2637,118063.0,87.08
VIDYAWIRES, 27-Aug-2026,86.92,87.75,85.63,85.8,86.92,529772,457.92,6091,350107.0,66.09
VIESL, 27-Aug-2026,340.0,355.5,326.0,330.75,345.35,63200,218.08,79,42400.0,67.09
VIGOR, 27-Aug-2026,98.8,103.55,98.8,103.0,100.0,12800,13.07,8,11200.0,87.5
VIJAYA, 27-Aug-2026,1487.0,1489.0,1464.1,1472.4,1472.8,53540,789.91,8543,25408.0,47.46
VIJAYPD, 27-Aug-2026,67.5,72.0,66.0,69.95,63.9,58000,39.33,24,56000.0,96.55
VIJSOLX, 27-Aug-2026,690.05,698.5,690.05,696.0,698.45,356,2.46,29,355.0,99.72
VIKASECO, 27-Aug-2026,1.09,1.16,1.08,1.14,1.08,4929662,55.83,1889,2911855.0,59.07
VIKASLIFE, 27-Aug-2026,1.33,1.38,1.33,1.36,1.32,4227799,57.47,9285,2924421.0,69.17
VIKRAMSOLR, 27-Aug-2026,172.14,176.3,171.03,172.01,171.85,2177845,3782.7,17412,668180.0,30.68
VIKRAN, 27-Aug-2026,59.5,61.6,59.2,59.47,59.21,2955039,1789.75,11892,1311231.0,44.37
VILAS, 27-Aug-2026,364.0,366.65,353.9,354.65,361.1,10500,37.59,38,8750.0,83.33
VIMTALABS, 27-Aug-2026,632.1,636.0,611.25,615.0,627.7,126269,783.97,5656,69945.0,55.39
VINATIORGA, 27-Aug-2026,1324.0,1334.1,1315.0,1318.4,1321.5,18669,246.93,1754,11583.0,62.04
VINCOFE, 27-Aug-2026,164.11,179.0,164.11,174.65,164.09,9713496,16758.44,80282,3380330.0,34.8
VINDHYATEL, 27-Aug-2026,2400.0,2590.0,2390.1,2530.5,2396.7,150595,3799.48,14993,71501.0,47.48
VINEETLAB, 27-Aug-2026,39.02,39.48,38.01,39.01,38.79,70176,27.25,634,20609.0,29.37
VINNY, 27-Aug-2026,1.06,1.07,1.04,1.04,1.06,336724,3.52,148,305551.0,90.74
VINSYS, 27-Aug-2026,610.0,610.9,600.0,607.0,599.9,11750,71.27,37,10500.0,89.36
VINYAS, 27-Aug-2026,1525.0,1564.3,1525.0,1556.8,1564.3,4400,68.37,40,3700.0,84.09
VINYLINDIA, 27-Aug-2026,236.0,237.98,234.0,234.75,234.53,4908,11.56,236,3628.0,73.92
VIPCLOTHNG, 27-Aug-2026,20.23,20.79,20.23,20.38,20.53,24546,5.01,134,23156.0,94.34
VIPIND, 27-Aug-2026,309.85,311.0,301.15,304.3,310.9,232543,708.12,6090,130656.0,56.19
VIRAT, 27-Aug-2026,435.0,445.0,429.95,442.05,442.0,10945,47.86,282,7767.0,70.96
VIRINCHI, 27-Aug-2026,15.12,15.48,14.6,15.1,15.28,90020,13.46,324,70306.0,78.1
VIRTUALG, 27-Aug-2026,0.53,0.53,0.51,0.51,0.52,122565,0.63,181,96023.0,78.34
VISACHROME, 27-Aug-2026,37.0,37.99,36.0,37.21,37.3,4085526,1511.6,4097,4069412.0,99.61
VISAKAIND, 27-Aug-2026,91.9,93.55,90.5,91.02,91.53,172187,158.2,2479,97729.0,56.76
VISAMAN, 27-Aug-2026,83.35,83.35,83.35,83.35,87.7,1000,0.83,1,1000.0,100.0
VISDEM, 27-Aug-2026,83.0,83.0,82.0,82.0,81.5,2400,1.98,2,2400.0,100.0
VISHAL, 27-Aug-2026,18.28,19.3,18.28,18.7,18.67,58414,10.94,332,37339.0,63.92
VISHNU, 27-Aug-2026,640.45,657.95,635.0,647.85,639.8,111588,722.4,3853,52479.0,47.03
VISHNUINFR, 27-Aug-2026,155.0,162.7,155.0,161.35,154.0,3000,4.75,6,3000.0,100.0
VISHWARAJ, 27-Aug-2026,6.23,6.39,5.9,5.92,6.15,783099,47.67,993,518251.0,66.18
VISL, 27-Aug-2026,38.9,40.38,38.22,38.85,38.78,57698620,22516.07,59656,22646295.0,39.25
VIVIDEL, 27-Aug-2026,1625.0,1660.0,1510.05,1533.2,1611.85,31680,495.39,96,24240.0,76.52
VIVIDHA, 27-Aug-2026,0.52,0.52,0.51,0.52,0.51,83499,0.43,119,83499.0,100.0
VIVOBIOT, 27-Aug-2026,18.5,18.98,17.51,18.8,18.5,27829,5.14,110,25088.0,90.15
VIYASH, 27-Aug-2026,264.0,265.0,258.0,259.5,263.4,8009140,20983.03,60924,4458134.0,55.66
VLINFRA, 27-Aug-2026,27.05,27.7,27.05,27.7,26.4,9000,2.47,6,9000.0,100.0
VLSFINANCE, 27-Aug-2026,245.75,251.0,244.35,246.25,245.35,12216,30.06,375,7069.0,57.87
VMARCIND, 27-Aug-2026,387.8,387.8,372.15,382.3,381.2,147000,556.46,95,73500.0,50.0
VMART, 27-Aug-2026,845.0,854.75,834.55,836.05,852.35,76410,641.52,5734,40711.0,53.28
VMM, 27-Aug-2026,110.0,110.35,107.5,108.0,109.62,7577445,8219.9,26163,3512501.0,46.35
VMOBILE, 27-Aug-2026,64.25,64.25,62.25,62.25,64.2,6400,4.06,8,4800.0,75.0
VMSTMT, 27-Aug-2026,47.44,47.44,46.25,46.26,46.7,11380,5.3,195,7905.0,69.46
VOEPL, 27-Aug-2026,566.8,578.0,556.0,572.7,579.55,291096,1649.18,10189,76700.0,26.35
VOGL, 27-Aug-2026,41.89,43.3,41.27,41.98,41.21,100784349,42611.99,148082,29795437.0,29.56
VOITHPAPR, 27-Aug-2026,1474.9,1500.0,1450.0,1459.8,1460.0,849,12.37,64,742.0,87.4
VOLTAMP, 27-Aug-2026,10700.0,11378.5,10700.0,11228.5,10978.5,56167,6309.95,17566,22151.0,39.44
VOLTAS, 27-Aug-2026,1225.0,1235.6,1211.6,1217.5,1217.0,760364,9272.17,33552,374801.0,49.29
VPRPL, 27-Aug-2026,33.17,33.45,31.82,32.99,32.98,291162,95.63,1689,132090.0,45.37
VR, 27-Aug-2026,117.35,117.35,117.35,117.35,123.5,800,0.94,2,800.0,100.0
VRAJ, 27-Aug-2026,122.66,128.0,122.59,127.19,122.66,28735,35.82,539,18381.0,63.97
VRLLOG, 27-Aug-2026,286.0,295.5,285.05,293.9,286.25,175551,512.7,5951,102574.0,58.43
VSCL, 27-Aug-2026,23.1,23.1,23.1,23.1,22.0,6000,1.39,2,6000.0,100.0
VSSL, 27-Aug-2026,370.4,370.45,354.1,358.05,367.75,127105,457.34,4215,62083.0,48.84
VSTIND, 27-Aug-2026,211.95,211.95,210.0,211.23,210.95,101422,213.82,2485,62312.0,61.44
VSTL, 27-Aug-2026,112.1,113.5,111.15,112.63,112.1,7077,7.95,135,6465.0,91.35
VSTTILLERS, 27-Aug-2026,4438.2,4438.5,4365.5,4375.0,4418.5,3441,151.09,816,2317.0,67.34
VTL, 27-Aug-2026,603.0,607.5,592.65,594.6,602.9,155966,936.69,8349,67372.0,43.2
VTMLTD, 27-Aug-2026,54.47,57.8,53.3,56.47,53.71,86749,47.88,560,67471.0,77.78
WAAREEENER, 27-Aug-2026,2637.6,2649.9,2611.0,2624.0,2635.0,332552,8731.55,22369,172365.0,51.83
WAAREEINDO, 27-Aug-2026,275.15,277.0,271.0,272.9,275.15,55525,151.95,1507,36746.0,66.18
WAAREERTL, 27-Aug-2026,889.95,894.7,870.65,874.95,885.75,102752,902.2,6495,51210.0,49.84
WABAG, 27-Aug-2026,2161.0,2215.0,2120.0,2133.9,2155.3,1166272,25266.95,61364,461752.0,39.59
WAKEFIT, 27-Aug-2026,144.83,148.84,143.08,147.72,145.72,1090896,1606.6,12090,431242.0,39.53
WALCHANNAG, 27-Aug-2026,220.2,230.99,220.2,222.26,220.94,902632,2041.65,11601,317209.0,35.14
WALPAR, 27-Aug-2026,29.9,29.9,28.45,28.45,29.9,4000,1.17,2,2000.0,50.0
WANBURY, 27-Aug-2026,260.55,264.15,253.5,254.65,261.15,179235,460.85,4193,82758.0,46.17
WARDINMOBI, 27-Aug-2026,6.08,6.08,5.7,5.89,6.03,598577,35.33,1177,453742.0,75.8
WATERBASE, 27-Aug-2026,48.32,49.5,48.01,48.76,49.31,27659,13.51,290,20599.0,74.47
WCIL, 27-Aug-2026,86.65,87.84,86.29,87.12,86.21,71591,62.1,594,55841.0,78.0
WEALTH, 27-Aug-2026,856.4,864.85,856.05,864.15,856.05,271,2.33,69,181.0,66.79
WEBELSOLAR, 27-Aug-2026,78.55,80.7,76.8,77.29,78.27,2179657,1707.73,15524,1121649.0,51.46
WEIZMANIND, 27-Aug-2026,75.3,76.99,75.0,75.6,75.63,401,0.3,25,384.0,95.76
WEL, 27-Aug-2026,157.5,179.2,124.74,124.74,155.92,129566541,194438.83,566211,11411659.0,8.81
WELCORP, 27-Aug-2026,2315.0,2437.3,2313.7,2405.8,2306.7,4076090,97916.64,189282,1045161.0,25.64
WELENT, 27-Aug-2026,689.9,696.4,675.0,676.6,692.85,258277,1770.42,10739,115071.0,44.55
WELSPLSOL, 27-Aug-2026,55.0,57.6,53.4,54.03,54.71,1948887,1084.04,12214,755642.0,38.77
WELSPUNLIV, 27-Aug-2026,190.11,192.8,187.6,192.29,190.63,2534490,4827.98,23761,813327.0,32.09
WENDT, 27-Aug-2026,8209.0,8516.5,8126.0,8376.0,8148.5,14765,1233.56,3390,7257.0,49.15
WESTLIFE, 27-Aug-2026,570.0,570.25,553.45,563.25,566.2,59250,332.75,5297,31397.0,52.99
WEWIN, 27-Aug-2026,46.99,46.99,46.0,46.21,45.4,111,0.05,11,88.0,79.28
WEWORK, 27-Aug-2026,678.0,694.85,672.65,675.35,678.3,316546,2157.63,20324,192978.0,60.96
WHBRADY, 27-Aug-2026,499.8,524.9,481.05,492.2,497.8,236,1.19,40,134.0,56.78
WHEELS, 27-Aug-2026,1486.0,1520.0,1483.0,1516.3,1487.1,31125,468.59,3593,13572.0,43.6
WHIRLPOOL, 27-Aug-2026,777.85,858.7,772.0,841.15,771.7,5452955,44831.85,123899,864176.0,15.85
WHITEFORCE, 27-Aug-2026,39.5,40.5,39.5,40.5,39.45,3200,1.28,2,3200.0,100.0
WILLAMAGOR, 27-Aug-2026,24.0,24.35,24.0,24.1,24.05,90,0.02,7,89.0,98.89
WINDLAS, 27-Aug-2026,988.3,1010.0,972.0,987.15,978.4,29843,293.49,2738,14436.0,48.37
WINDMACHIN, 27-Aug-2026,309.9,310.0,301.1,303.95,309.15,35449,107.82,1562,20595.0,58.1
WINSOL, 27-Aug-2026,113.0,114.5,110.5,114.5,113.0,4400,4.93,7,4000.0,90.91
WIPL, 27-Aug-2026,168.0,169.0,162.1,163.54,167.98,4191,6.91,44,3902.0,93.1
WIPRO, 27-Aug-2026,177.35,178.7,176.4,176.4,177.35,4695019,8326.39,54303,2172376.0,46.27
WOCKPHARMA, 27-Aug-2026,1883.1,1987.0,1874.0,1962.0,1882.1,1210241,23605.14,59334,461171.0,38.11
WOL3D, 27-Aug-2026,138.55,143.95,138.55,143.95,144.8,4000,5.63,4,3000.0,75.0
WOMANCART, 27-Aug-2026,124.95,124.95,118.0,119.25,123.45,14400,17.48,36,9200.0,63.89
WONDERLA, 27-Aug-2026,515.2,547.0,515.0,542.25,516.05,318827,1704.03,11876,177962.0,55.82
WORTHPERI, 27-Aug-2026,157.49,158.15,152.01,153.38,157.44,6829,10.62,410,3045.0,44.59
WPIL, 27-Aug-2026,440.55,458.0,439.6,448.65,438.35,187664,848.74,5956,55186.0,29.41
WSI, 27-Aug-2026,61.2,61.2,59.9,60.2,60.74,18658,11.3,1081,6820.0,36.55
WSTCSTPAPR, 27-Aug-2026,614.0,638.95,604.4,606.85,607.8,439692,2729.23,10928,288410.0,65.59
WTICAB, 27-Aug-2026,109.0,109.0,102.0,102.8,109.0,13000,13.45,16,12000.0,92.31
XCHANGING, 27-Aug-2026,61.82,62.11,61.0,61.29,61.51,27470,16.88,599,18334.0,66.74
XELPMOC, 27-Aug-2026,81.01,83.6,79.01,81.09,81.81,9504,7.69,200,6386.0,67.19
XPROINDIA, 27-Aug-2026,1173.0,1180.0,1134.0,1137.1,1176.3,35135,404.39,2911,22217.0,63.23
XTGLOBAL, 27-Aug-2026,29.0,29.99,28.61,29.88,29.29,69117,20.1,327,20210.0,29.24
XTRANET, 27-Aug-2026,162.8,169.89,154.26,164.26,159.83,5164628,8237.3,34482,2338349.0,45.28
YAAP, 27-Aug-2026,130.0,130.0,127.85,129.95,132.5,7000,9.01,7,6000.0,85.71
YASHO, 27-Aug-2026,4400.0,4400.0,4240.0,4341.7,4369.6,24392,1052.09,6872,9489.0,38.9
YASHOPTICS, 27-Aug-2026,121.5,121.5,118.0,118.0,117.0,4000,4.77,4,4000.0,100.0
YATHARTH, 27-Aug-2026,968.0,982.0,942.75,973.05,965.3,684457,6573.93,25557,311949.0,45.58
YATRA, 27-Aug-2026,113.52,113.52,107.23,107.81,112.89,779798,855.37,6351,417355.0,53.52
YESBANK, 27-Aug-2026,22.4,22.55,22.25,22.26,22.38,40844488,9145.5,57671,18274822.0,44.74
YOGI, 27-Aug-2026,163.9,166.0,163.89,165.38,163.09,965,1.58,25,965.0,100.0
YUDIZ, 27-Aug-2026,24.8,24.8,24.8,24.8,24.0,1600,0.4,1,1600.0,100.0
YUKEN, 27-Aug-2026,939.0,951.0,923.0,928.7,938.85,8665,80.94,582,6247.0,72.09
ZAGGLE, 27-Aug-2026,190.07,196.39,187.57,189.43,190.76,1804121,3450.33,18273,515270.0,28.56
ZEAL, 27-Aug-2026,63.05,63.05,62.0,62.5,63.0,1800,1.13,3,1800.0,100.0
ZEEL, 27-Aug-2026,105.01,107.33,103.45,103.98,104.42,24740990,26036.27,68930,6148764.0,24.85
ZEEMEDIA, 27-Aug-2026,8.93,9.09,8.55,8.61,8.92,2989191,260.15,3301,1703540.0,56.99
ZENITHDRUG, 27-Aug-2026,41.9,41.9,41.2,41.2,41.9,4000,1.67,5,3200.0,80.0
ZENITHSTL, 27-Aug-2026,5.53,5.53,5.35,5.4,5.38,60821,3.29,183,49908.0,82.06
ZENSARTECH, 27-Aug-2026,473.4,474.75,461.5,463.75,471.85,526320,2454.19,23704,236806.0,44.99
ZENTEC, 27-Aug-2026,1873.4,1873.6,1816.3,1825.6,1873.4,281461,5180.17,21053,127817.0,45.41
ZFCVINDIA, 27-Aug-2026,2575.6,2601.8,2545.1,2570.5,2588.4,65894,1696.0,12594,37947.0,57.59
ZFSTEERING, 27-Aug-2026,678.0,678.0,670.0,671.25,669.6,1786,11.99,83,1624.0,90.93
ZIMLAB, 27-Aug-2026,126.41,130.4,125.0,125.21,126.4,40646,51.61,541,25120.0,61.8
ZODIAC, 27-Aug-2026,253.35,256.1,242.1,245.8,250.85,10402,25.65,652,5453.0,52.42
ZODIACLOTH, 27-Aug-2026,74.29,74.29,72.12,72.63,73.56,3734,2.71,74,2404.0,64.38
ZOTA, 27-Aug-2026,1080.6,1111.0,1080.0,1081.3,1077.1,34014,370.03,2204,19142.0,56.28
ZSARACOM, 27-Aug-2026,11270.0,11270.0,10960.0,11046.0,11261.0,44,4.91,25,44.0,100.0
ZTECH, 27-Aug-2026,490.1,490.1,470.0,477.6,490.45,32400,156.85,69,20700.0,63.89
ZUARI, 27-Aug-2026,236.75,237.82,230.02,230.83,234.3,57189,132.84,1470,30010.0,52.48
ZUARIIND, 27-Aug-2026,275.9,284.0,269.25,270.85,275.9,49782,136.18,1508,26009.0,52.25
ZYDUSLIFE, 27-Aug-2026,1160.0,1195.4,1142.1,1189.2,1150.0,3168135,37120.31,57357,1572472.0,49.63
ZYDUSWELL, 27-Aug-2026,529.2,537.7,528.95,535.2,529.2,208254,1112.19,12975,108313.0,52.01
