SYMBOL,DATE1,OPEN_PRICE,HIGH_PRICE,LOW_PRICE,CLOSE_PRICE,PREV_CLOSE,TTL_TRD_QNTY,TURNOVER_LACS,NO_OF_TRADES,DELIV_QTY,DELIV_PER
20MICRONS, 22-Sep-2026,220.0,223.15,215.04,216.45,220.12,163799,359.0,4687,47761.0,29.16
21STCENMGM, 22-Sep-2026,39.55,39.95,38.8,39.62,39.47,2450,0.97,27,1095.0,44.69
360ONE, 22-Sep-2026,1074.3,1093.2,1065.2,1073.5,1072.7,338935,3657.48,19929,167813.0,49.51
3BBLACKBIO, 22-Sep-2026,1412.9,1421.0,1360.0,1369.3,1407.8,6598,92.02,893,3918.0,59.38
3MINDIA, 22-Sep-2026,34890.0,35095.0,34065.0,34220.0,34725.0,4367,1507.28,2377,2035.0,46.6
3PLAND, 22-Sep-2026,30.5,34.88,30.5,30.74,31.5,85714,27.92,846,16291.0,19.01
591GS2028, 22-Sep-2026,99.51,100.0,99.51,100.0,99.51,210,0.21,3,110.0,52.38
5PAISA, 22-Sep-2026,312.55,318.95,312.55,315.3,314.1,10273,32.37,695,5630.0,54.8
603GS2029, 22-Sep-2026,99.03,99.03,99.03,99.03,99.2,9,0.01,1,9.0,100.0
610GS2031, 22-Sep-2026,99.99,99.99,99.99,99.99,99.99,1,0.0,1,1.0,100.0
619GS2034, 22-Sep-2026,94.77,94.77,94.77,94.77,93.73,2,0.0,2,2.0,100.0
620GS2029, 22-Sep-2026,99.0,99.0,99.0,99.0,99.85,100,0.1,1,100.0,100.0
633GS2035, 22-Sep-2026,96.57,98.0,96.57,98.0,96.57,1603,1.55,5,1501.0,93.64
636GS2031, 22-Sep-2026,99.5,99.5,99.5,99.5,99.3,1,0.0,1,1.0,100.0
63MOONS, 22-Sep-2026,888.8,914.95,788.5,841.75,892.05,1713258,14341.43,88274,349675.0,20.41
648GS2035, 22-Sep-2026,97.91,98.0,97.9,98.0,97.91,2175,2.13,5,2175.0,100.0
654GS2032, 22-Sep-2026,99.8,99.8,99.8,99.8,99.25,2000000,1996.0,2,2000000.0,100.0
657GS2033A, 22-Sep-2026,98.5,98.5,98.5,98.5,97.5,250,0.25,2,250.0,100.0
664GS2027, 22-Sep-2026,101.55,101.55,101.55,101.55,101.55,500,0.51,2,500.0,100.0
668GS2040, 22-Sep-2026,96.6,97.9,96.6,97.1,97.89,504203,489.56,3,504203.0,100.0
676GS2061, 22-Sep-2026,89.25,89.58,89.25,89.58,89.52,69002,61.75,46,69002.0,100.0
68GS2060, 22-Sep-2026,91.9,91.9,91.05,91.7,92.0,10525,9.59,4,10525.0,100.0
690GS2065, 22-Sep-2026,93.7,93.7,93.3,93.31,93.2,5516,5.15,10,5516.0,100.0
692GS2039, 22-Sep-2026,100.39,100.39,100.39,100.39,98.02,20,0.02,1,20.0,100.0
694GS2036, 22-Sep-2026,101.8,102.9,100.81,102.88,101.4,5801,5.86,5,5300.0,91.36
695GS2061, 22-Sep-2026,93.2,93.2,92.26,92.99,92.0,2188,2.03,8,2178.0,99.54
697GR2034, 22-Sep-2026,97.0,97.25,97.0,97.25,97.0,10135,9.83,4,10135.0,100.0
702GS2027, 22-Sep-2026,102.21,102.21,102.21,102.21,102.36,2000,2.04,1,2000.0,100.0
704GS2029, 22-Sep-2026,102.23,102.23,102.23,102.23,103.47,1400,1.43,1,1400.0,100.0
706GS2041, 22-Sep-2026,98.0,99.85,98.0,99.0,99.0,591,0.59,9,391.0,66.16
706GS2046, 22-Sep-2026,103.5,103.5,103.5,103.5,103.0,2,0.0,1,2.0,100.0
709GS2054, 22-Sep-2026,94.4,95.75,94.4,95.75,95.19,786,0.75,16,724.0,92.11
709GS2074, 22-Sep-2026,95.48,95.48,95.47,95.47,95.08,45,0.04,6,45.0,100.0
710GS2029, 22-Sep-2026,103.53,104.9,103.52,104.19,103.53,41,0.04,4,21.0,51.22
717GS2028, 22-Sep-2026,101.6,102.0,101.59,102.0,102.55,1257,1.28,5,755.0,60.06
717GS2030, 22-Sep-2026,103.22,103.22,103.22,103.22,104.51,1000,1.03,1,1000.0,100.0
718GS2033, 22-Sep-2026,101.6,103.0,101.6,101.6,102.0,9801,9.96,2,9801.0,100.0
718GS2037, 22-Sep-2026,103.79,103.79,101.8,102.2,102.47,2010779,2047.62,10,2010779.0,100.0
719GS2060, 22-Sep-2026,95.2,95.2,95.2,95.2,95.2,1892,1.8,12,1892.0,100.0
71GS2034, 22-Sep-2026,104.56,104.56,103.0,104.25,104.43,43,0.04,3,43.0,100.0
724GS2055, 22-Sep-2026,96.99,97.3,96.35,96.5,96.97,7654,7.44,18,7241.0,94.6
725GS2063, 22-Sep-2026,96.95,97.0,96.6,96.89,96.65,150810,145.98,48,150810.0,100.0
726GS2032, 22-Sep-2026,102.55,102.75,102.0,102.0,102.5,14560,14.92,13,14560.0,100.0
733GS2026, 22-Sep-2026,102.5,102.5,102.05,102.5,102.5,1500,1.54,5,1400.0,93.33
734GS2064, 22-Sep-2026,99.39,99.39,98.45,99.19,98.88,54432,53.96,27,51932.0,95.41
736GS2052, 22-Sep-2026,99.0,99.0,99.0,99.0,98.74,412,0.41,6,412.0,100.0
737GS2028, 22-Sep-2026,104.5,104.5,104.5,104.5,104.5,1100,1.15,2,1100.0,100.0
738GS2027, 22-Sep-2026,102.55,102.79,102.55,102.75,102.58,12255,12.59,6,12255.0,100.0
73GS2053, 22-Sep-2026,98.1,98.25,97.85,98.24,98.87,56786,55.78,31,56306.0,99.15
741GS2036, 22-Sep-2026,104.4,104.4,103.31,104.4,104.7,3,0.0,3,2.0,66.67
743GS2076, 22-Sep-2026,99.24,99.49,98.15,99.24,99.18,32305,31.94,41,30813.0,95.38
746GS2073, 22-Sep-2026,101.0,102.99,101.0,102.99,102.99,2,0.0,2,2.0,100.0
74GS2062, 22-Sep-2026,97.5,99.93,97.5,99.35,98.45,5024,4.97,18,5024.0,100.0
750GS2056, 22-Sep-2026,102.8,102.8,102.8,102.8,101.14,100,0.1,1,100.0,100.0
754GS2036, 22-Sep-2026,105.4,105.77,105.4,105.64,105.38,296960,313.69,101,259211.0,87.29
763GS2056, 22-Sep-2026,100.5,101.49,100.48,101.15,100.35,1111,1.12,7,1111.0,100.0
771GS2066, 22-Sep-2026,104.2,104.25,104.2,104.24,103.62,20180,21.03,19,14180.0,70.27
772GS2049, 22-Sep-2026,104.0,104.0,104.0,104.0,104.0,201,0.21,3,201.0,100.0
772GS2055, 22-Sep-2026,103.0,105.0,103.0,103.5,103.5,190,0.2,4,100.0,52.63
824GS2027, 22-Sep-2026,101.8,101.8,101.21,101.41,101.8,105682,107.49,8,105682.0,100.0
826GS2027, 22-Sep-2026,102.15,102.15,102.14,102.14,102.11,27,0.03,3,27.0,100.0
883GS2041, 22-Sep-2026,117.0,117.0,117.0,117.0,116.5,52,0.06,3,52.0,100.0
897GS2030, 22-Sep-2026,113.0,113.0,113.0,113.0,113.0,1,0.0,1,1.0,100.0
92GS2030, 22-Sep-2026,114.95,115.3,114.8,114.8,114.75,6612,7.6,10,5611.0,84.86
A2ZINFRA, 22-Sep-2026,14.95,15.24,14.52,14.73,14.68,97954,14.58,371,56559.0,57.74
AAATECH, 22-Sep-2026,93.0,95.35,92.03,93.73,94.16,122242,113.61,453,11384.0,9.31
AADHARHFC, 22-Sep-2026,468.35,469.15,453.45,457.85,466.05,361745,1655.31,19004,200758.0,55.5
AAKASH, 22-Sep-2026,9.07,9.07,8.8,8.96,8.97,45676,4.07,220,38976.0,85.33
AARADHYA, 22-Sep-2026,137.05,141.95,134.15,141.95,140.05,18000,24.57,12,16800.0,93.33
AAREYDRUGS, 22-Sep-2026,102.37,103.99,101.1,102.52,102.37,281824,289.6,1412,164907.0,58.51
AARON, 22-Sep-2026,121.42,126.6,119.0,120.48,120.74,26297,31.9,674,18991.0,72.22
AARTIDRUGS, 22-Sep-2026,435.5,440.8,422.6,425.75,435.5,124108,536.11,5652,65611.0,52.87
AARTIIND, 22-Sep-2026,500.35,504.8,492.05,496.0,499.8,478713,2385.45,22353,214636.0,44.84
AARTIPHARM, 22-Sep-2026,862.0,909.5,861.2,883.75,846.45,1401079,12462.79,61760,378143.0,26.99
AARVI, 22-Sep-2026,136.93,140.39,136.88,138.18,136.1,4487,6.22,122,3483.0,77.62
AASTHA, 22-Sep-2026,74.9,81.63,74.35,81.62,74.21,1334826,1083.21,4244,517834.0,38.79
AATMAJ, 22-Sep-2026,19.25,19.25,19.25,19.25,19.25,8000,1.54,2,8000.0,100.0
AAVAS, 22-Sep-2026,1321.9,1342.6,1307.8,1313.1,1321.2,128992,1700.79,14180,86765.0,67.26
ABANSENT, 22-Sep-2026,27.49,27.49,26.34,27.29,27.01,6800,1.86,104,4506.0,66.26
ABB, 22-Sep-2026,7261.5,7405.5,7117.5,7120.5,7271.0,196683,14307.2,28094,82785.0,42.09
ABBOTINDIA, 22-Sep-2026,26960.0,27295.0,26960.0,27225.0,26960.0,4434,1204.75,2290,2734.0,61.66
ABCAPITAL, 22-Sep-2026,401.0,405.0,394.65,397.0,403.4,2377189,9481.86,34220,1517166.0,63.82
ABCOTS, 22-Sep-2026,206.3,208.09,203.0,205.25,208.01,6173,12.67,161,4342.0,70.34
ABDL, 22-Sep-2026,660.65,661.4,631.7,647.9,656.3,798258,5137.23,30230,320791.0,40.19
ABFRL, 22-Sep-2026,49.97,50.24,49.01,49.22,49.85,2744633,1360.85,13497,1402946.0,51.12
ABGSEC, 22-Sep-2026,113.0,114.44,113.0,114.15,114.01,74,0.08,12,49.0,66.22
ABH, 22-Sep-2026,50.0,52.9,49.5,52.85,48.1,194400,101.48,144,132000.0,67.9
ABHAPOWER, 22-Sep-2026,23.6,24.0,23.6,24.0,24.0,3200,0.76,2,3200.0,100.0
ABLBL, 22-Sep-2026,80.98,81.43,80.55,80.74,80.89,322317,260.73,5424,188570.0,58.5
ABMKNO, 22-Sep-2026,175.67,175.67,171.01,173.34,175.67,2,0.0,2,1.0,50.0
ABREL, 22-Sep-2026,1241.4,1250.0,1196.5,1201.1,1237.1,183365,2228.93,17157,100946.0,55.05
ABSL10BANK, 22-Sep-2026,170.9,172.0,163.03,164.29,168.75,7252,12.05,60,6655.0,91.77
ABSLAMC, 22-Sep-2026,1033.5,1043.6,1017.0,1027.0,1034.3,139392,1431.32,15311,70524.0,50.59
ABSLBANETF, 22-Sep-2026,58.15,58.15,57.57,57.75,57.87,393885,226.9,224,374288.0,95.02
ABSLLIQUID, 22-Sep-2026,1000.0,1000.01,999.99,1000.0,999.99,9206,92.06,24,7101.0,77.13
ABSLMSCIN, 22-Sep-2026,29.03,29.03,28.75,28.8,28.8,128,0.04,12,127.0,99.22
ABSLNN50ET, 22-Sep-2026,76.07,76.41,75.68,75.97,76.21,9456,7.19,181,6217.0,65.75
ABSLPSE, 22-Sep-2026,9.79,10.08,9.79,10.0,10.05,71073,7.13,297,22840.0,32.14
ABSMARINE, 22-Sep-2026,285.05,303.3,285.05,301.05,283.8,37500,111.78,70,31000.0,82.67
ACC, 22-Sep-2026,1256.5,1260.0,1234.8,1238.2,1256.3,79866,993.19,8672,36471.0,45.67
ACCELYA, 22-Sep-2026,1119.9,1125.0,1115.5,1118.8,1119.9,4271,47.83,450,2955.0,69.19
ACCENTMIC, 22-Sep-2026,690.0,692.65,675.15,676.55,683.55,27500,188.02,50,24500.0,89.09
ACCPL, 22-Sep-2026,206.0,214.95,197.6,214.95,208.0,24000,48.79,18,21600.0,90.0
ACE, 22-Sep-2026,1240.2,1263.1,1235.1,1241.9,1230.4,237158,2950.87,17819,118637.0,50.02
ACEINTEG, 22-Sep-2026,18.78,18.78,16.6,17.31,17.89,8495,1.47,108,5291.0,62.28
ACGL, 22-Sep-2026,1720.1,1764.9,1711.0,1728.5,1714.3,1102,19.17,219,915.0,83.03
ACI, 22-Sep-2026,466.5,468.0,460.05,463.05,466.25,136463,632.67,6797,64383.0,47.18
ACL, 22-Sep-2026,42.1,43.46,42.1,42.92,42.68,9176,3.93,184,7431.0,80.98
ACMESOLAR, 22-Sep-2026,460.0,476.9,441.55,458.65,458.1,3701858,16882.02,106363,1462676.0,39.51
ACTIVEINFR, 22-Sep-2026,181.0,181.3,181.0,181.25,181.8,23400,42.4,4,23400.0,100.0
ACUTAAS, 22-Sep-2026,3450.0,3450.0,3200.0,3213.7,3425.7,482993,15834.74,54583,253764.0,52.54
ADANIENSOL, 22-Sep-2026,1399.0,1411.9,1375.9,1381.7,1397.6,1791593,24918.37,34483,1083494.0,60.48
ADANIENT, 22-Sep-2026,2995.0,3026.1,2979.6,2997.0,2975.0,793747,23786.11,39827,212395.0,26.76
ADANIGREEN, 22-Sep-2026,1309.0,1317.0,1300.0,1304.0,1303.6,437524,5718.4,17934,114074.0,26.07
ADANIPORTS, 22-Sep-2026,1796.0,1812.7,1786.1,1795.0,1787.1,871935,15679.35,46336,354243.0,40.63
ADANIPOWER, 22-Sep-2026,207.0,210.0,206.56,206.96,206.55,11848251,24670.94,60195,5306191.0,44.78
ADDICTIVE, 22-Sep-2026,44.0,46.0,44.0,46.0,44.0,3000,1.35,5,2500.0,83.33
ADDIND, 22-Sep-2026,82.0,82.0,74.93,76.7,77.74,1115,0.91,41,1057.0,94.8
ADFFOODS, 22-Sep-2026,268.25,268.25,261.6,263.15,267.9,52750,139.02,2826,26542.0,50.32
ADISOFT, 22-Sep-2026,261.1,279.0,259.0,271.45,252.3,373600,1008.09,447,223200.0,59.74
ADL, 22-Sep-2026,72.0,73.79,67.4,69.0,70.06,67,0.05,24,58.0,86.57
ADOR, 22-Sep-2026,1576.4,1632.4,1576.4,1594.8,1576.4,22625,362.85,2632,10753.0,47.53
ADROITINFO, 22-Sep-2026,11.13,12.48,11.13,12.17,11.25,257593,31.08,1088,187988.0,72.98
ADSL, 22-Sep-2026,96.35,98.19,96.02,96.44,96.94,59418,57.6,1444,30345.0,51.07
ADVAIT, 22-Sep-2026,2021.5,2032.4,1989.0,2005.6,2005.5,19580,393.06,2931,9445.0,48.24
ADVANCE, 22-Sep-2026,107.58,110.0,107.5,108.14,107.83,92635,100.75,1103,59436.0,64.16
ADVANIHOTR, 22-Sep-2026,47.75,48.8,47.5,47.78,47.9,18657,8.9,327,13738.0,73.63
ADVENTHTL, 22-Sep-2026,126.64,127.95,125.68,126.76,126.64,97052,123.06,1427,63483.0,65.41
ADVENZYMES, 22-Sep-2026,297.8,302.7,295.05,296.6,294.05,245144,732.45,6556,117697.0,48.01
ADVIKCA, 22-Sep-2026,0.96,0.98,0.94,0.95,0.96,307535,2.93,300,268788.0,87.4
AEGISLOG, 22-Sep-2026,1474.0,1528.7,1382.1,1424.5,1486.0,2196787,31477.16,96089,719656.0,32.76
AEGISVOPAK, 22-Sep-2026,320.85,320.85,296.7,301.4,318.3,3129116,9508.35,64308,1269967.0,40.59
AEPL, 22-Sep-2026,16.78,16.78,16.01,16.35,16.45,40538,6.58,307,30448.0,75.11
AEQUS, 22-Sep-2026,234.8,243.78,233.93,242.87,231.57,3668716,8848.96,56410,1632965.0,44.51
AEROENTER, 22-Sep-2026,123.4,125.5,122.72,123.6,122.36,317838,394.19,4384,160446.0,50.48
AEROFLEX, 22-Sep-2026,519.35,526.95,510.05,516.7,515.5,748519,3880.98,22851,267722.0,35.77
AERON, 22-Sep-2026,81.0,81.0,81.0,81.0,81.5,1000,0.81,1,1000.0,100.0
AERONEU, 22-Sep-2026,66.68,67.25,65.88,66.06,66.1,31837,21.13,229,13965.0,43.86
AEROPLANE, 22-Sep-2026,200.0,207.88,199.27,204.8,201.03,834421,1705.54,10771,352558.0,42.25
AETHER, 22-Sep-2026,1637.7,1651.5,1621.1,1643.5,1639.6,159611,2617.47,15356,90774.0,56.87
AFCONS, 22-Sep-2026,256.8,262.0,253.0,260.35,256.75,1138018,2937.52,18995,370193.0,32.53
AFFLE, 22-Sep-2026,1605.0,1605.0,1582.0,1592.3,1600.2,74378,1184.35,11569,43558.0,58.56
AFFORDABLE, 22-Sep-2026,172.5,172.5,168.0,170.77,168.63,16709,28.57,503,11297.0,67.61
AFIL, 22-Sep-2026,8.9,9.0,8.27,8.32,8.72,403059,34.23,750,342251.0,84.91
AFSL, 22-Sep-2026,202.05,202.05,201.0,201.0,201.03,7026,14.12,51,6201.0,88.26
AGARIND, 22-Sep-2026,409.0,412.95,404.0,405.8,408.55,23190,94.6,1276,13318.0,57.43
AGARWALEYE, 22-Sep-2026,492.0,497.65,487.4,493.05,490.3,303733,1496.89,20010,214251.0,70.54
AGARWALFT, 22-Sep-2026,26.0,27.3,26.0,27.3,26.0,9000,2.42,4,7500.0,83.33
AGARWALTUF, 22-Sep-2026,161.95,163.7,159.25,162.5,159.0,63600,103.12,48,34800.0,54.72
AGI, 22-Sep-2026,825.9,851.0,804.45,845.7,819.35,476790,3959.29,31716,194837.0,40.86
AGIIL, 22-Sep-2026,277.5,279.2,267.25,269.3,271.15,497300,1351.02,8079,168413.0,33.87
AGL, 22-Sep-2026,13.7,14.25,13.7,13.94,13.81,1471915,205.7,3189,659761.0,44.82
AGNI, 22-Sep-2026,15.25,16.0,15.25,16.0,15.25,17500,2.73,4,10000.0,57.14
AGRITECH, 22-Sep-2026,98.22,100.39,96.1,97.38,98.71,1866,1.82,102,1304.0,69.88
AGROPHOS, 22-Sep-2026,24.2,24.5,22.0,23.97,23.85,38838,9.05,370,23136.0,59.57
AHCL, 22-Sep-2026,27.6,28.86,26.91,28.86,26.24,70018561,19734.08,121813,15239139.0,21.76
AHLADA, 22-Sep-2026,36.97,38.0,36.16,37.28,36.97,1431,0.53,67,964.0,67.37
AHLEAST, 22-Sep-2026,135.01,137.48,135.0,135.13,135.0,472,0.64,30,400.0,84.75
AHLUCONT, 22-Sep-2026,581.05,585.45,577.0,582.4,580.2,28751,167.21,2135,17967.0,62.49
AIAENG, 22-Sep-2026,3941.0,3981.5,3912.0,3923.4,3941.0,18004,707.28,7092,9865.0,54.79
AIIL, 22-Sep-2026,559.4,564.2,544.55,546.9,559.4,88597,489.97,6013,41251.0,46.56
AILIMITED, 22-Sep-2026,15.75,15.75,15.6,15.6,16.4,6000,0.94,2,6000.0,100.0
AIMTRON, 22-Sep-2026,1784.35,1860.0,1775.0,1818.1,1784.35,66600,1209.52,295,43200.0,64.86
AIRAN, 22-Sep-2026,16.65,18.0,16.59,17.02,16.66,116617,20.1,669,78755.0,67.53
AIROLAM, 22-Sep-2026,87.01,90.1,87.01,87.69,88.24,4636,4.13,66,3549.0,76.55
AISL, 22-Sep-2026,56.9,56.9,56.9,56.9,54.5,600,0.34,1,600.0,100.0
AJANTPHARM, 22-Sep-2026,3539.0,3547.0,3465.8,3519.3,3542.1,106260,3736.1,14013,57628.0,54.23
AJAXENGG, 22-Sep-2026,561.0,572.5,561.0,564.6,562.6,39283,222.18,5891,20982.0,53.41
AJMERA, 22-Sep-2026,118.25,120.7,118.02,119.87,118.25,199233,237.93,2608,88702.0,44.52
AJOONI, 22-Sep-2026,3.2,3.24,3.1,3.16,3.18,232957,7.43,431,197462.0,84.76
AKANKSHA, 22-Sep-2026,140.0,146.0,140.0,143.95,140.05,22000,31.31,18,19000.0,86.36
AKASH, 22-Sep-2026,24.46,25.47,24.46,24.99,24.77,3633,0.9,35,2139.0,58.88
AKCAPIT, 22-Sep-2026,1749.5,1770.0,1744.2,1766.8,1758.1,1327,23.36,77,1278.0,96.31
AKG, 22-Sep-2026,9.86,10.5,9.86,10.2,10.03,8052,0.83,146,5401.0,67.08
AKIKO, 22-Sep-2026,435.0,435.0,430.0,430.0,428.0,3200,13.8,4,3200.0,100.0
AKSHAR, 22-Sep-2026,0.42,0.42,0.41,0.41,0.41,632399,2.62,239,470443.0,74.39
AKUMS, 22-Sep-2026,830.0,834.7,801.0,807.9,821.45,262560,2141.52,14426,133989.0,51.03
ALANKIT, 22-Sep-2026,7.56,8.55,7.52,7.94,7.66,424375,34.09,1170,267257.0,62.98
ALBERTDAVD, 22-Sep-2026,848.95,853.05,837.3,848.9,841.75,2601,21.97,305,1897.0,72.93
ALCODIS, 22-Sep-2026,65.0,65.0,65.0,65.0,65.0,625,0.41,1,625.0,100.0
ALEMBICLTD, 22-Sep-2026,103.54,106.7,102.56,104.79,103.54,709434,741.27,8650,259180.0,36.53
ALFREDHE, 22-Sep-2026,2811.0,2811.0,2811.0,2811.0,2735.0,101,2.84,48,101.0,100.0
ALGOQUANT, 22-Sep-2026,72.92,73.9,71.5,72.24,72.9,1189233,867.54,5128,317383.0,26.69
ALICON, 22-Sep-2026,738.25,755.0,734.05,744.5,738.25,45206,336.83,3165,29306.0,64.83
ALIVUS, 22-Sep-2026,1400.4,1422.2,1368.0,1374.2,1400.4,89919,1251.43,12266,48865.0,54.34
ALKALI, 22-Sep-2026,97.7,106.3,92.12,103.2,98.63,251907,250.59,3585,85002.0,33.74
ALKEM, 22-Sep-2026,5365.0,5419.5,5308.5,5331.5,5364.0,94905,5108.23,14122,69420.0,73.15
ALKYLAMINE, 22-Sep-2026,1867.9,1898.9,1851.0,1863.8,1867.9,26813,501.13,4830,11303.0,42.15
ALLCARGO, 22-Sep-2026,10.99,11.17,10.83,10.93,10.98,5186068,571.94,5503,2014528.0,38.84
ALLDIGI, 22-Sep-2026,791.9,801.8,771.1,784.6,787.9,6147,48.26,913,2441.0,39.71
ALLETEC, 22-Sep-2026,122.5,129.9,122.5,128.5,121.35,12400,15.84,27,9200.0,74.19
ALLTIME, 22-Sep-2026,207.7,209.39,202.2,203.73,206.39,67645,138.87,1281,33688.0,49.8
ALMONDZ, 22-Sep-2026,18.75,19.18,18.1,18.65,18.41,407680,76.31,737,318997.0,78.25
ALOKINDS, 22-Sep-2026,7.2,7.44,7.17,7.34,7.13,29145200,2142.79,16506,10557837.0,36.22
ALPA, 22-Sep-2026,60.49,61.85,58.35,61.36,59.62,11423,6.95,204,7488.0,65.55
ALPEXSOLAR, 22-Sep-2026,875.85,889.45,861.15,864.3,880.25,39100,340.71,279,23900.0,61.13
ALPHA, 22-Sep-2026,53.61,53.95,53.04,53.16,53.6,770430,411.47,2874,488341.0,63.39
ALPHAETF, 22-Sep-2026,26.34,26.45,26.1,26.13,26.23,2181529,570.51,805,2030501.0,93.08
ALPINETEX, 22-Sep-2026,52.75,53.9,51.95,52.36,52.11,196992,103.44,3532,116837.0,59.31
ALPL30IETF, 22-Sep-2026,27.25,27.33,26.99,27.03,27.25,243771,66.05,911,144318.0,59.2
ALUFLUOR, 22-Sep-2026,534.35,545.95,534.3,543.35,543.85,4483,24.27,271,3569.0,79.61
ALUWIND, 22-Sep-2026,50.5,51.0,48.0,50.95,50.75,25500,12.74,17,21000.0,82.35
AMAGI, 22-Sep-2026,566.0,603.85,563.8,581.1,564.5,743158,4367.46,35902,260264.0,35.02
AMAL, 22-Sep-2026,720.05,725.95,704.05,711.9,721.05,16314,117.25,677,11922.0,73.08
AMARJOTHI, 22-Sep-2026,149.0,149.7,147.0,148.91,149.39,127,0.19,21,101.0,79.53
AMBAAUTO, 22-Sep-2026,95.0,96.25,89.0,91.55,93.65,81000,73.11,67,49000.0,60.49
AMBANIORGO, 22-Sep-2026,112.45,112.45,112.0,112.0,112.45,11000,12.33,5,11000.0,100.0
AMBER, 22-Sep-2026,7105.0,7164.5,6992.0,7000.0,7098.0,95036,6707.01,13284,33598.0,35.35
AMBICAAGAR, 22-Sep-2026,25.42,25.42,24.73,24.83,24.9,38792,9.62,161,35536.0,91.61
AMBIKCO, 22-Sep-2026,1600.0,1600.0,1569.0,1577.7,1619.4,8416,133.34,1038,4368.0,51.9
AMBUJACEM, 22-Sep-2026,391.1,394.0,385.15,386.9,390.75,1155681,4489.02,15725,633258.0,54.8
AMCL, 22-Sep-2026,364.0,365.0,357.0,358.9,361.55,25600,92.24,35,24400.0,95.31
AMEYA, 22-Sep-2026,157.1,157.1,149.95,157.1,149.65,49000,76.75,42,42000.0,85.71
AMIABLE, 22-Sep-2026,70.0,70.0,70.0,70.0,70.2,3200,2.24,2,3200.0,100.0
AMJLAND, 22-Sep-2026,36.53,38.49,36.52,37.75,37.11,4545,1.71,147,2498.0,54.96
AMNPLST, 22-Sep-2026,173.0,176.49,166.66,169.65,170.54,6227,10.52,234,2944.0,47.28
AMRUTANJAN, 22-Sep-2026,493.4,504.0,493.4,500.05,496.05,30980,154.76,2279,17924.0,57.86
ANANDRATHI, 22-Sep-2026,2210.0,2220.1,2161.4,2179.0,2211.2,485812,10578.89,40492,277767.0,57.18
ANANTAM, 22-Sep-2026,106.8,106.9,105.75,105.92,106.13,71286,75.73,153,70372.0,98.72
ANANTRAJ, 22-Sep-2026,595.9,614.8,594.5,610.1,595.2,1661656,10088.66,40385,728796.0,43.86
ANAWIL, 22-Sep-2026,444.75,458.0,438.1,445.6,442.8,144000,644.88,296,102000.0,70.83
ANDHRAPAP, 22-Sep-2026,72.25,73.75,70.77,71.43,72.69,388193,279.76,4109,134162.0,34.56
ANDHRSUGAR, 22-Sep-2026,96.4,98.36,94.0,95.35,95.0,449168,432.66,11748,130001.0,28.94
ANDREWYU, 22-Sep-2026,26.42,26.98,26.03,26.49,26.42,31507,8.37,464,20071.0,63.7
ANGELONE, 22-Sep-2026,296.2,298.65,293.2,295.1,296.15,2221167,6581.12,28397,845983.0,38.09
ANIKINDS, 22-Sep-2026,43.5,44.74,42.71,42.99,43.95,3438,1.49,56,2791.0,81.18
ANLON, 22-Sep-2026,780.0,821.0,780.0,818.0,771.6,19200,155.2,40,16000.0,83.33
ANNAPURNA, 22-Sep-2026,133.5,134.0,130.2,131.71,130.56,65755,86.78,987,48169.0,73.26
ANNU, 22-Sep-2026,53.7,54.8,52.1,54.17,52.69,1112623,595.38,8168,362833.0,32.61
ANONDITA, 22-Sep-2026,1084.0,1097.45,1040.05,1084.6,1083.7,83600,887.55,335,47600.0,56.94
ANSALBU, 22-Sep-2026,75.1,90.12,75.1,90.12,75.1,32466,29.11,1081,17301.0,53.29
ANTELOPUS, 22-Sep-2026,1109.15,1145.75,1080.05,1110.4,1100.8,639484,7138.95,29095,105475.0,16.49
ANTGRAPHIC, 22-Sep-2026,0.74,0.74,0.71,0.71,0.73,181944,1.31,164,144861.0,79.62
ANTHEM, 22-Sep-2026,921.0,921.0,890.1,891.7,917.45,499529,4501.9,30154,241578.0,48.36
ANUHPHR, 22-Sep-2026,94.69,95.89,93.0,93.48,93.66,106195,99.93,2023,61310.0,57.73
ANUP, 22-Sep-2026,1639.0,1722.2,1639.0,1663.0,1632.1,29875,502.64,4655,15125.0,50.63
ANURAS, 22-Sep-2026,1169.7,1210.0,1142.0,1197.9,1160.8,1218193,14445.03,46379,558295.0,45.83
ANYA, 22-Sep-2026,17.0,17.0,17.0,17.0,17.6,5000,0.85,1,5000.0,100.0
ANZEN, 22-Sep-2026,129.9,131.0,129.0,129.0,129.98,1900000,2455.35,16,1600000.0,84.21
AONEGOLD, 22-Sep-2026,14.36,14.36,14.05,14.11,14.2,361549,51.1,1434,205427.0,56.82
AONELIQUID, 22-Sep-2026,1077.85,1077.88,1077.85,1077.87,1077.73,4180,45.06,61,3340.0,79.9
AONENIFTY, 22-Sep-2026,9.43,9.79,9.25,9.67,9.68,118375,11.44,1037,93760.0,79.21
AONESILVER, 22-Sep-2026,8.96,9.06,8.73,8.8,8.89,440688,38.86,1155,298272.0,67.68
AONETMMQ50, 22-Sep-2026,10.2,10.29,10.13,10.16,10.15,41593,4.23,186,20308.0,48.83
AONETOTAL, 22-Sep-2026,11.83,11.83,11.62,11.68,11.69,79655,9.33,862,33923.0,42.59
APARINDS, 22-Sep-2026,18899.0,19265.0,17919.0,18233.0,18945.0,207076,38239.94,55177,94852.0,45.81
APCL, 22-Sep-2026,98.0,98.0,94.24,94.8,93.99,2908,2.76,115,1938.0,66.64
APCOTEXIND, 22-Sep-2026,612.0,623.15,605.75,609.45,608.7,75211,460.68,4350,40121.0,53.34
APEX, 22-Sep-2026,358.9,359.55,351.65,356.9,351.65,84991,302.29,3339,37717.0,44.38
APEXECO, 22-Sep-2026,266.3,268.0,266.3,268.0,265.0,8800,23.52,10,8800.0,100.0
APLAPOLLO, 22-Sep-2026,2180.9,2199.3,2159.9,2195.0,2181.1,598956,13034.56,40247,380732.0,63.57
APLLTD, 22-Sep-2026,847.05,850.95,835.9,840.15,848.75,104047,877.26,8899,50105.0,48.16
APOLLO, 22-Sep-2026,390.0,412.65,390.0,406.75,385.45,13757604,55748.64,141622,3493532.0,25.39
APOLLOHOSP, 22-Sep-2026,8960.0,9000.0,8822.5,8835.5,8912.0,350507,31222.28,37263,243603.0,69.5
APOLLOPIPE, 22-Sep-2026,539.45,543.2,523.0,526.1,539.5,81329,432.7,4117,32507.0,39.97
APOLLOTYRE, 22-Sep-2026,409.3,411.35,401.0,402.55,409.3,600980,2430.66,21144,328583.0,54.67
APOLSINHOT, 22-Sep-2026,1205.3,1235.9,1205.0,1223.3,1215.9,378,4.6,84,270.0,71.43
APOORVA, 22-Sep-2026,33.92,33.92,30.7,33.89,32.31,1611,0.55,21,1601.0,99.38
APRAMEYA, 22-Sep-2026,111.05,113.0,103.55,104.95,115.0,15500,16.73,29,13000.0,83.87
APS, 22-Sep-2026,235.0,239.0,235.0,235.85,233.35,6000,14.2,20,5750.0,95.83
APSISAERO, 22-Sep-2026,577.3,577.3,577.3,577.3,566.0,13200,76.2,10,12000.0,90.91
APTECHT, 22-Sep-2026,94.1,94.24,91.1,91.78,94.72,120592,111.6,1655,62628.0,51.93
APTUS, 22-Sep-2026,237.5,244.03,237.5,242.08,237.27,3567063,8602.39,29091,2906566.0,81.48
AQYLON, 22-Sep-2026,18.91,19.81,18.91,19.8,18.87,621543,122.33,1976,385366.0,62.0
ARABIAN, 22-Sep-2026,88.0,88.0,84.95,88.0,91.85,20000,17.34,9,8000.0,40.0
ARCHIDPLY, 22-Sep-2026,105.97,111.25,105.97,107.68,104.84,44478,48.49,965,34836.0,78.32
ARCHIES, 22-Sep-2026,12.71,12.94,12.68,12.75,12.62,6514,0.83,64,5232.0,80.32
ARCIIL, 22-Sep-2026,36.0,36.3,33.2,33.9,34.5,38000,13.13,29,18000.0,47.37
ARCIL, 22-Sep-2026,135.3,140.9,135.1,138.91,135.18,3340524,4637.83,38706,1445000.0,43.26
ARCL, 22-Sep-2026,251.64,264.22,249.9,262.06,251.64,9484,24.99,125,8500.0,89.62
ARDEE, 22-Sep-2026,49.0,53.3,48.86,52.08,48.68,11664894,6078.21,47549,2566133.0,22.0
ARE&M, 22-Sep-2026,795.0,811.45,790.25,793.2,794.3,387946,3100.34,20631,182652.0,47.08
ARENTERP, 22-Sep-2026,34.7,34.79,27.6,34.77,34.49,4820,1.53,117,2793.0,57.95
ARFIN, 22-Sep-2026,91.0,91.88,89.0,89.28,91.18,931091,836.2,5798,228792.0,24.57
ARHAM, 22-Sep-2026,210.0,212.0,208.05,212.0,209.2,9000,19.0,9,6000.0,66.67
ARIHANT, 22-Sep-2026,977.0,977.0,890.4,923.9,957.35,773,7.12,217,343.0,44.37
ARIHANTCAP, 22-Sep-2026,81.19,93.0,81.19,90.99,81.61,6068298,5441.44,43506,1214014.0,20.01
ARIHANTSUP, 22-Sep-2026,230.0,236.95,226.0,234.9,229.3,2580,6.02,138,2207.0,85.54
ARIS, 22-Sep-2026,142.5,143.44,136.51,140.1,142.09,2008186,2806.68,18875,657304.0,32.73
ARKADE, 22-Sep-2026,124.88,128.99,123.5,128.4,123.44,297017,376.69,4847,153184.0,51.57
ARMANFIN, 22-Sep-2026,1961.0,1994.9,1961.0,1974.9,1966.0,15081,298.06,3168,8532.0,56.57
ARMOUR, 22-Sep-2026,17.4,17.4,17.4,17.4,16.6,8000,1.39,4,8000.0,100.0
AROGRANITE, 22-Sep-2026,23.4,23.92,23.0,23.09,23.22,2305,0.54,107,2010.0,87.2
ARROWGREEN, 22-Sep-2026,888.95,939.45,882.2,913.05,876.05,148575,1362.7,10721,60701.0,40.86
ARSSBL, 22-Sep-2026,503.95,503.95,490.0,496.25,496.1,89398,443.19,3086,46622.0,52.15
ARTEMISMED, 22-Sep-2026,339.05,346.75,338.15,340.85,339.05,274562,939.06,12276,109957.0,40.05
ARTNIRMAN, 22-Sep-2026,40.9,40.93,39.0,40.49,40.09,729,0.29,22,680.0,93.28
ARUNAYA, 22-Sep-2026,13.7,14.4,13.7,14.4,14.0,10000,1.41,5,8000.0,80.0
ARVEE, 22-Sep-2026,224.9,247.99,222.25,236.07,208.87,229982,545.05,5307,47793.0,20.78
ARVIND, 22-Sep-2026,542.0,543.0,531.0,533.55,538.55,313593,1683.1,13889,130863.0,41.73
ARVINDFASN, 22-Sep-2026,427.7,427.7,417.1,419.4,427.6,100434,423.15,8991,49341.0,49.13
ARVINDPORT, 22-Sep-2026,34.55,39.0,34.55,39.0,35.5,21000,8.03,12,21000.0,100.0
ARVSMART, 22-Sep-2026,574.4,592.0,569.1,588.2,574.4,71059,413.78,3837,36882.0,51.9
ARYAMAN, 22-Sep-2026,624.9,633.95,624.9,633.95,624.85,21,0.13,2,21.0,100.0
ASAHIINDIA, 22-Sep-2026,958.0,974.7,950.0,965.15,950.25,71821,689.36,6976,35514.0,49.45
ASAL, 22-Sep-2026,446.0,454.0,446.0,449.15,450.4,12265,55.21,547,8849.0,72.15
ASALCBR, 22-Sep-2026,656.0,662.05,649.2,651.8,651.9,21155,138.24,2059,11605.0,54.86
ASHAPURMIN, 22-Sep-2026,532.5,555.75,532.5,537.35,532.25,437634,2376.27,16850,161306.0,36.86
ASHIANA, 22-Sep-2026,405.55,410.0,381.55,385.0,405.55,169995,669.66,7979,46745.0,27.5
ASHIMASYN, 22-Sep-2026,16.26,16.3,15.5,15.68,15.94,172316,27.33,336,142152.0,82.49
ASHOKA, 22-Sep-2026,112.95,113.8,111.6,111.96,112.66,454581,512.2,4590,231648.0,50.96
ASHOKAMET, 22-Sep-2026,14.73,15.14,14.21,14.3,14.73,78479,11.41,369,52879.0,67.38
ASHOKLEY, 22-Sep-2026,163.0,164.2,159.8,160.75,161.75,8959874,14462.25,52587,4408407.0,49.2
ASHUTOSH, 22-Sep-2026,155.85,157.0,149.05,150.1,155.05,212400,324.79,160,146400.0,68.93
ASHWINI, 22-Sep-2026,164.5,164.5,160.0,160.0,162.85,9000,14.57,9,7000.0,77.78
ASIANENE, 22-Sep-2026,486.05,492.8,482.0,489.6,483.5,141941,692.01,6049,62079.0,43.74
ASIANHOTNR, 22-Sep-2026,375.1,392.45,373.05,385.1,375.1,6272,23.85,417,3384.0,53.95
ASIANPAINT, 22-Sep-2026,2475.1,2475.1,2435.6,2448.5,2440.3,414715,10169.1,35810,205383.0,49.52
ASIANTILES, 22-Sep-2026,51.26,51.7,49.76,50.09,51.26,1095832,555.81,3949,412919.0,37.68
ASIANTNE, 22-Sep-2026,9.67,9.67,9.2,9.38,9.2,3290,0.31,53,2729.0,82.95
ASKAUTOLTD, 22-Sep-2026,661.65,674.8,655.15,663.4,655.1,435952,2903.14,23422,167365.0,38.39
ASMS, 22-Sep-2026,6.8,6.8,6.58,6.61,6.68,187513,12.44,600,158377.0,84.46
ASPINWALL, 22-Sep-2026,250.05,253.7,248.2,252.35,249.15,3259,8.19,64,2812.0,86.28
ASPIRE, 22-Sep-2026,12.5,13.25,12.35,13.25,12.95,18000,2.25,7,16000.0,88.89
ASSAMENT, 22-Sep-2026,818.0,818.0,742.0,788.0,780.0,27,0.2,4,25.0,92.59
ASTAR, 22-Sep-2026,733.85,734.0,680.0,702.45,726.15,3138,22.14,345,1081.0,34.45
ASTEC, 22-Sep-2026,715.05,825.95,712.5,794.5,719.45,2103437,16976.01,83393,115444.0,5.49
ASTERDM, 22-Sep-2026,756.75,758.45,746.3,750.7,756.75,586106,4401.86,38343,332052.0,56.65
ASTRAL, 22-Sep-2026,1401.0,1407.9,1381.6,1381.6,1400.9,419577,5843.97,18027,249557.0,59.48
ASTRAMICRO, 22-Sep-2026,1655.0,1662.3,1611.0,1616.3,1657.9,180438,2943.61,18347,93399.0,51.76
ASTRAZEN, 22-Sep-2026,6605.0,6757.0,6603.0,6711.5,6650.0,4537,303.43,1709,1912.0,42.14
ATALREAL, 22-Sep-2026,14.25,14.25,12.8,13.07,14.05,6493632,855.35,5423,1830838.0,28.19
ATAM, 22-Sep-2026,60.4,60.4,57.39,58.27,59.05,10919,6.42,242,4300.0,39.38
ATCENERGY, 22-Sep-2026,21.1,22.0,20.75,21.75,21.1,13200,2.79,11,12000.0,90.91
ATGL, 22-Sep-2026,640.0,642.95,622.2,626.25,638.4,1213917,7654.29,33937,299748.0,24.69
ATHERENERG, 22-Sep-2026,1614.0,1621.8,1538.0,1543.8,1593.0,3426121,53847.84,97135,1217841.0,35.55
ATL, 22-Sep-2026,24.5,24.65,24.03,24.35,24.29,101478,24.68,1063,55189.0,54.39
ATLANTAA, 22-Sep-2026,35.94,36.94,35.0,35.64,35.38,30631,10.89,419,22927.0,74.85
ATLANTAELE, 22-Sep-2026,1719.0,1724.8,1649.2,1664.9,1695.4,71639,1209.51,7878,39406.0,55.01
ATLASCYCLE, 22-Sep-2026,88.42,94.49,88.42,93.55,88.42,26564,24.52,340,19973.0,75.19
ATLPP, 22-Sep-2026,8.8,9.25,8.8,8.86,9.05,560,0.05,10,525.0,93.75
ATMASTCO, 22-Sep-2026,129.95,129.95,126.0,127.5,126.6,7600,9.69,18,6400.0,84.21
ATUL, 22-Sep-2026,6128.0,6234.0,6096.0,6176.5,6086.0,92926,5724.4,10523,71078.0,76.49
ATULAUTO, 22-Sep-2026,450.45,454.4,444.0,446.6,449.0,35641,159.25,2207,20553.0,57.67
AUBANK, 22-Sep-2026,1037.9,1043.5,1027.6,1036.4,1038.0,506494,5230.49,19666,259892.0,51.31
AUGMONT, 22-Sep-2026,830.0,872.0,825.2,853.35,887.2,1115175,9541.31,43838,350597.0,31.44
AURIONPRO, 22-Sep-2026,687.1,698.95,675.15,681.9,687.05,122905,838.66,7211,73980.0,60.19
AUROIMPEX, 22-Sep-2026,37.15,37.15,37.15,37.15,35.4,8000,2.97,5,8000.0,100.0
AUROPHARMA, 22-Sep-2026,1718.3,1719.0,1689.3,1700.0,1713.4,869831,14770.64,45670,521307.0,59.93
AURUM, 22-Sep-2026,217.51,225.5,217.4,222.04,218.9,106125,234.47,1581,75026.0,70.7
AURUS, 22-Sep-2026,4.83,4.95,4.77,4.89,4.8,9217,0.45,142,5190.0,56.31
AUSOMENT, 22-Sep-2026,147.98,148.25,143.15,147.23,146.97,6276,9.25,147,4325.0,68.91
AUSTENG, 22-Sep-2026,135.0,162.85,135.0,162.85,135.71,77654,121.66,910,49245.0,63.42
AUTOAXLES, 22-Sep-2026,1702.2,1709.0,1659.0,1664.4,1694.0,4548,76.15,541,3543.0,77.9
AUTOBEES, 22-Sep-2026,280.61,283.48,279.65,280.12,281.25,175061,490.93,1990,118259.0,67.55
AUTOIETF, 22-Sep-2026,28.24,28.37,28.08,28.19,28.24,289352,81.58,1546,153896.0,53.19
AUTOIND, 22-Sep-2026,85.48,86.99,84.0,84.82,83.76,151528,129.8,3018,82307.0,54.32
AVADHSUGAR, 22-Sep-2026,735.0,749.0,727.0,732.8,732.55,67763,498.82,4673,26942.0,39.76
AVALON, 22-Sep-2026,2485.9,2526.3,2410.0,2468.5,2485.9,395562,9786.64,37254,101305.0,25.61
AVANA, 22-Sep-2026,140.5,143.4,136.0,140.0,140.1,18000,24.97,8,12000.0,66.67
AVANCE, 22-Sep-2026,0.85,0.89,0.84,0.86,0.84,6880158,59.53,1616,3639620.0,52.9
AVANTEL, 22-Sep-2026,146.0,149.8,145.73,146.71,145.01,786281,1156.57,10049,362196.0,46.06
AVANTIFEED, 22-Sep-2026,776.0,776.0,750.65,753.15,767.0,186772,1419.16,12754,89687.0,48.02
AVATAR, 22-Sep-2026,187.9,187.9,187.9,187.9,197.75,10000,18.79,5,10000.0,100.0
AVIANSH, 22-Sep-2026,103.0,103.25,100.5,100.5,103.5,3000,3.07,3,3000.0,100.0
AVIENCE, 22-Sep-2026,330.55,359.35,321.0,345.85,326.7,99600,333.56,148,72000.0,72.29
AVL, 22-Sep-2026,629.95,633.0,624.85,627.1,629.3,65399,410.75,6575,30344.0,46.4
AVONMORE, 22-Sep-2026,13.01,13.27,12.77,12.87,13.01,95776,12.4,535,63256.0,66.05
AVPINFRA, 22-Sep-2026,55.8,56.5,55.45,55.6,56.05,33600,18.77,36,20800.0,61.9
AVROIND, 22-Sep-2026,8.14,8.14,7.08,7.24,7.91,765860,56.57,1315,569216.0,74.32
AVTNPL, 22-Sep-2026,90.1,100.0,90.1,98.26,90.04,4546154,4416.87,55852,894832.0,19.68
AWFIS, 22-Sep-2026,271.95,274.0,264.5,266.55,271.35,372113,996.94,10511,168048.0,45.16
AWHCL, 22-Sep-2026,364.55,368.0,360.5,364.3,364.55,66519,242.48,2799,25565.0,38.43
AWL, 22-Sep-2026,184.0,184.9,182.35,183.1,183.56,1156490,2124.9,16705,563399.0,48.72
AXISBANK, 22-Sep-2026,1245.2,1255.6,1240.1,1242.7,1250.0,2689110,33472.76,108682,1412409.0,52.52
AXISCADES, 22-Sep-2026,1844.0,1908.1,1831.3,1891.1,1839.7,183778,3465.37,16362,91171.0,49.61
AXITA, 22-Sep-2026,8.03,8.17,7.91,7.99,8.0,885885,70.98,841,371615.0,41.95
AXTEL, 22-Sep-2026,435.0,440.9,424.6,439.15,434.0,4892,21.28,287,3855.0,78.8
AYE, 22-Sep-2026,188.17,190.0,181.2,183.43,187.11,757630,1405.84,16621,338792.0,44.72
AYMSYNTEX, 22-Sep-2026,288.2,300.8,287.15,295.4,288.35,92341,271.92,3652,49657.0,53.78
AZAD, 22-Sep-2026,2764.9,2820.0,2759.0,2776.2,2764.9,235668,6569.24,23204,82374.0,34.95
AZADIND, 22-Sep-2026,76.87,80.0,70.41,78.44,75.36,58205,43.32,1190,20398.0,35.05
BABAFP, 22-Sep-2026,22.65,22.65,21.65,21.65,22.5,14400,3.18,9,11200.0,77.78
BAGFILMS, 22-Sep-2026,4.39,4.45,4.29,4.31,4.31,46537,2.02,122,40387.0,86.78
BAGMANE, 22-Sep-2026,109.75,110.53,109.0,110.39,109.12,1306187,1440.7,11349,1182564.0,90.54
BAHETI, 22-Sep-2026,777.0,777.0,762.0,765.0,764.65,11625,89.28,21,6000.0,51.61
BAIDFIN, 22-Sep-2026,10.75,11.1,10.28,10.55,10.75,77323,8.31,305,50818.0,65.72
BAJAJ-AUTO, 22-Sep-2026,11460.0,11515.0,11281.0,11363.0,11460.0,154756,17569.74,36343,74823.0,48.35
BAJAJCON, 22-Sep-2026,515.0,524.5,511.4,513.75,515.3,484075,2498.47,15737,289138.0,59.73
BAJAJELEC, 22-Sep-2026,326.1,329.6,322.15,323.45,326.0,74689,243.07,2830,33692.0,45.11
BAJAJFINSV, 22-Sep-2026,1862.7,1863.0,1823.4,1823.4,1849.8,405051,7444.47,28986,199690.0,49.3
BAJAJHCARE, 22-Sep-2026,335.6,341.8,334.3,336.1,335.6,75304,254.3,8506,33094.0,43.95
BAJAJHFL, 22-Sep-2026,84.03,84.31,82.98,83.12,83.98,1745461,1457.04,17179,997049.0,57.12
BAJAJHIND, 22-Sep-2026,20.15,20.7,20.06,20.29,20.18,13242731,2693.73,19244,3606060.0,27.23
BAJAJHLDNG, 22-Sep-2026,11312.0,11389.0,11103.0,11185.0,11409.0,71522,8041.51,13509,44239.0,61.85
BAJAJINDEF, 22-Sep-2026,216.1,222.89,214.1,219.02,214.81,124201,272.11,1615,59847.0,48.19
BAJAJST, 22-Sep-2026,345.55,355.85,345.05,348.05,345.2,5127,17.82,467,3214.0,62.69
BAJEL, 22-Sep-2026,173.99,174.83,171.61,172.47,172.11,108677,187.99,2819,59405.0,54.66
BAJFINANCE, 22-Sep-2026,1025.3,1029.2,1005.0,1008.8,1021.3,4581750,46443.71,91695,2905378.0,63.41
BALAJEE, 22-Sep-2026,24.61,25.89,24.53,25.19,25.14,24134,6.03,299,14743.0,61.09
BALAJIPHOS, 22-Sep-2026,112.25,112.25,112.05,112.05,116.95,6000,6.73,3,5000.0,83.33
BALAJITELE, 22-Sep-2026,94.49,95.5,93.2,93.71,93.55,57550,54.0,1082,32152.0,55.87
BALAMINES, 22-Sep-2026,2140.5,2179.6,2126.4,2138.9,2130.7,83836,1801.32,10055,28042.0,33.45
BALAXI, 22-Sep-2026,23.5,23.5,22.96,23.12,23.41,22486,5.24,108,13374.0,59.48
BALKRISHNA, 22-Sep-2026,16.53,16.65,16.3,16.41,16.21,1867,0.31,33,1343.0,71.93
BALKRISIND, 22-Sep-2026,2224.0,2231.0,2202.3,2216.9,2216.8,103064,2283.67,18710,51812.0,50.27
BALMLAWRIE, 22-Sep-2026,166.25,168.74,163.55,167.43,166.01,178669,296.65,2435,36392.0,20.37
BALPHARMA, 22-Sep-2026,109.27,112.87,107.11,108.16,109.37,91977,101.16,1583,40518.0,44.05
BALRAMCHIN, 22-Sep-2026,661.0,668.4,651.3,661.05,663.65,1293003,8533.54,35520,354597.0,27.42
BALUFORGE, 22-Sep-2026,519.0,521.7,501.05,505.25,518.65,563043,2868.61,17860,255040.0,45.3
BANARBEADS, 22-Sep-2026,113.45,113.65,110.3,111.28,111.03,648,0.72,73,397.0,61.27
BANARISUG, 22-Sep-2026,3314.5,3390.0,3303.1,3322.8,3305.4,756,25.35,177,412.0,54.5
BANCOINDIA, 22-Sep-2026,599.95,608.7,599.95,605.65,599.3,55149,333.77,5482,29016.0,52.61
BANDHANBNK, 22-Sep-2026,180.0,185.11,179.9,184.7,179.0,22278301,40701.2,66785,12311295.0,55.26
BANG, 22-Sep-2026,33.61,34.29,32.0,32.46,33.45,25889,8.5,446,16202.0,62.58
BANK10ADD, 22-Sep-2026,16.74,16.77,16.54,16.56,16.75,14040,2.34,111,8731.0,62.19
BANK10BETF, 22-Sep-2026,20.59,20.59,20.38,20.5,20.59,176,0.04,12,175.0,99.43
BANKA, 22-Sep-2026,77.0,78.55,74.63,76.14,78.55,2695,2.05,52,1719.0,63.78
BANKADD, 22-Sep-2026,56.35,58.11,56.35,57.68,57.8,971,0.56,42,531.0,54.69
BANKBARODA, 22-Sep-2026,233.64,234.9,232.71,234.35,233.64,3787052,8849.68,30532,2074453.0,54.78
BANKBEES, 22-Sep-2026,587.91,587.91,582.01,583.52,585.29,477077,2790.5,6793,351221.0,73.62
BANKBETA, 22-Sep-2026,59.88,59.88,58.1,58.21,58.42,584220,339.51,279,565840.0,96.85
BANKBETF, 22-Sep-2026,57.37,57.71,57.1,57.2,57.37,6026,3.46,257,2454.0,40.72
BANKETF, 22-Sep-2026,561.51,577.98,561.51,573.85,575.91,28055,161.36,1449,20966.0,74.73
BANKIETF, 22-Sep-2026,57.3,58.25,57.3,57.86,58.02,126483,73.27,1152,77120.0,60.97
BANKINDIA, 22-Sep-2026,138.5,138.91,137.01,137.01,138.63,3112072,4289.13,24245,1586962.0,50.99
BANKNIFTY1, 22-Sep-2026,58.43,58.85,58.3,58.4,58.61,147348,86.27,613,97640.0,66.26
BANKPSU, 22-Sep-2026,84.07,84.07,83.14,83.55,84.01,4250,3.55,124,2518.0,59.25
BANSALWIRE, 22-Sep-2026,318.95,319.95,313.5,315.25,316.1,45581,144.01,1818,27077.0,59.4
BANSWRAS, 22-Sep-2026,113.92,116.35,112.23,113.33,113.07,37753,43.11,953,26926.0,71.32
BARFLEX, 22-Sep-2026,62.4,62.4,60.0,60.0,61.5,8000,4.85,4,6000.0,75.0
BASF, 22-Sep-2026,3675.0,3706.0,3555.0,3572.2,3663.8,16963,612.49,3688,8889.0,52.4
BASILIC, 22-Sep-2026,174.0,174.0,172.0,172.3,174.8,7500,12.96,24,6600.0,88.0
BATAINDIA, 22-Sep-2026,637.25,639.4,629.05,631.75,635.2,122211,775.0,9063,57132.0,46.75
BATLIBOI, 22-Sep-2026,86.0,86.5,82.42,82.96,85.08,15519,12.99,425,10555.0,68.01
BAWEJA, 22-Sep-2026,24.4,24.4,24.3,24.3,24.2,2400,0.58,3,2400.0,100.0
BAYERCROP, 22-Sep-2026,3775.1,3797.4,3730.6,3765.8,3775.1,31340,1176.43,9689,15985.0,51.01
BBETF0432, 22-Sep-2026,1343.97,1343.99,1340.56,1343.32,1342.07,676,9.07,24,568.0,84.02
BBL, 22-Sep-2026,2186.9,2237.0,2186.9,2220.4,2187.0,15439,341.64,3214,8063.0,52.22
BBNPNBETF, 22-Sep-2026,58.01,58.01,56.5,56.52,56.87,447,0.26,17,436.0,97.54
BBNPPGOLD, 22-Sep-2026,147.0,148.0,145.0,146.6,146.6,1565,2.28,75,1309.0,83.64
BBOX, 22-Sep-2026,838.85,845.9,797.6,810.05,831.35,664899,5441.86,32109,220690.0,33.19
BBTC, 22-Sep-2026,1493.0,1497.9,1453.2,1460.4,1484.6,48718,715.18,4648,19696.0,40.43
BBTCL, 22-Sep-2026,237.78,238.8,232.0,234.0,235.61,1933,4.54,128,1600.0,82.77
BCG, 22-Sep-2026,9.7,9.74,9.55,9.6,9.67,5240142,504.23,5302,2686897.0,51.28
BCLIND, 22-Sep-2026,33.49,33.59,33.11,33.48,33.32,419750,139.99,2132,224043.0,53.38
BCONCEPTS, 22-Sep-2026,153.7,153.71,149.0,152.58,151.94,6771,10.3,337,4756.0,70.24
BCPL, 22-Sep-2026,70.26,72.0,68.6,69.31,70.26,7514,5.26,337,5007.0,66.64
BDL, 22-Sep-2026,1185.0,1192.6,1164.0,1168.0,1175.0,523381,6153.98,18609,156848.0,29.97
BEACON, 22-Sep-2026,81.7,83.75,80.05,83.75,79.8,15000,12.35,14,14000.0,93.33
BEARDSELL, 22-Sep-2026,24.85,24.85,23.5,24.41,24.21,39301,9.43,352,29024.0,73.85
BECTORFOOD, 22-Sep-2026,225.86,226.9,217.01,217.81,225.68,1284560,2831.97,26455,481675.0,37.5
BEDMUTHA, 22-Sep-2026,104.51,105.8,101.4,102.57,103.47,4118,4.3,87,3507.0,85.16
BEEKAY, 22-Sep-2026,427.6,434.4,419.5,420.8,429.7,349,1.49,50,272.0,77.94
BEL, 22-Sep-2026,398.5,400.65,395.8,397.9,398.5,8488775,33777.58,88270,5176429.0,60.98
BELLACASA, 22-Sep-2026,276.86,285.0,266.3,279.3,273.31,21237,58.21,828,16468.0,77.54
BELRISE, 22-Sep-2026,242.0,248.8,242.0,244.74,241.89,4815462,11811.59,56204,2223405.0,46.17
BEML, 22-Sep-2026,2100.0,2120.0,2076.2,2096.8,2097.9,221034,4638.61,17731,69274.0,31.34
BENARAS, 22-Sep-2026,10380.0,10449.0,10100.0,10254.0,10373.0,52,5.36,18,49.0,94.23
BENGALASM, 22-Sep-2026,6155.5,6250.0,6155.5,6173.5,6215.5,152,9.41,72,91.0,59.87
BEPL, 22-Sep-2026,129.35,132.8,128.52,130.23,128.1,1665214,2180.48,14973,454602.0,27.3
BERGEPAINT, 22-Sep-2026,453.0,456.9,448.0,452.6,450.6,454498,2051.11,15739,247889.0,54.54
BESTAGRO, 22-Sep-2026,18.7,18.75,18.21,18.34,18.54,640357,118.52,1777,265580.0,41.47
BETA, 22-Sep-2026,2080.0,2170.0,2063.4,2105.0,2074.6,20315,428.81,3277,7166.0,35.27
BEWLTD, 22-Sep-2026,51.0,62.45,51.0,61.35,52.05,85500,48.74,133,73500.0,85.96
BFINVEST, 22-Sep-2026,446.2,446.95,442.0,443.75,444.5,11376,50.47,745,6791.0,59.7
BFSI, 22-Sep-2026,25.96,26.73,25.96,26.46,26.63,181085,48.06,818,96712.0,53.41
BFUTILITIE, 22-Sep-2026,537.9,537.9,525.0,527.45,532.35,30977,164.01,1495,15956.0,51.51
BHADORA, 22-Sep-2026,130.95,130.95,122.5,127.2,125.95,33600,43.11,27,31200.0,92.86
BHAGCHEM, 22-Sep-2026,245.1,251.9,242.5,243.85,245.75,83051,204.86,1792,44228.0,53.25
BHAGERIA, 22-Sep-2026,367.0,367.0,342.0,345.25,361.4,221218,778.57,3658,130178.0,58.85
BHAGYANGR, 22-Sep-2026,435.55,448.0,421.0,426.05,432.85,115065,497.53,5152,52421.0,45.56
BHANDARI, 22-Sep-2026,3.0,3.0,2.96,2.96,2.96,71168,2.11,185,68976.0,96.92
BHARATCOAL, 22-Sep-2026,32.35,32.8,32.15,32.24,32.27,2812928,912.88,11316,1179903.0,41.95
BHARATFORG, 22-Sep-2026,1965.0,2010.0,1965.0,2009.0,1968.9,982220,19614.95,48733,524736.0,53.42
BHARATRAS, 22-Sep-2026,1117.9,1142.0,1110.5,1129.4,1109.1,10860,123.18,1441,5679.0,52.29
BHARATSE, 22-Sep-2026,214.68,229.55,213.42,219.86,212.36,746137,1673.92,16023,119194.0,15.97
BHARATWIRE, 22-Sep-2026,170.47,174.0,166.37,167.89,170.47,109806,185.24,2348,63045.0,57.41
BHARTIARTL, 22-Sep-2026,1833.9,1836.3,1813.0,1817.2,1830.2,4134236,75418.39,137901,2491873.0,60.27
BHARTIHEXA, 22-Sep-2026,1533.4,1550.0,1526.4,1534.3,1522.0,37934,584.14,8806,20002.0,52.73
BHEL, 22-Sep-2026,435.2,439.7,424.65,425.8,433.4,4718245,20356.59,51355,1671641.0,35.43
BIGBLOC, 22-Sep-2026,40.4,41.35,39.5,40.4,39.61,35066,14.08,492,28897.0,82.41
BIKAJI, 22-Sep-2026,559.0,561.5,552.0,553.65,558.95,215549,1203.36,5008,176774.0,82.01
BIKEWO, 22-Sep-2026,124.3,127.85,124.0,127.85,121.8,132000,167.51,48,128000.0,96.97
BIL, 22-Sep-2026,1088.0,1088.0,1042.55,1050.5,1044.35,6091,64.09,489,3979.0,65.33
BIMETAL, 22-Sep-2026,664.0,672.0,655.0,661.45,662.4,851,5.64,84,688.0,80.85
BIOCON, 22-Sep-2026,394.3,396.25,389.0,390.0,395.0,2816261,11048.2,33946,1546948.0,54.93
BIOFILCHEM, 22-Sep-2026,32.56,33.29,32.34,32.88,32.61,7771,2.54,361,4740.0,61.0
BIOPOL, 22-Sep-2026,50.0,50.0,46.05,47.45,48.0,26400,12.72,22,20400.0,77.27
BIRET, 22-Sep-2026,339.67,339.71,338.0,338.98,339.1,389735,1321.15,9599,371835.0,95.41
BIRLACABLE, 22-Sep-2026,389.05,401.85,371.3,375.25,389.05,412134,1577.0,12103,195655.0,47.47
BIRLACORPN, 22-Sep-2026,827.0,832.95,816.0,817.6,825.05,18917,155.62,2419,9142.0,48.33
BIRLAMONEY, 22-Sep-2026,120.77,122.78,118.0,118.44,120.77,29095,34.73,1006,21755.0,74.77
BIRLANU, 22-Sep-2026,1395.0,1428.0,1372.5,1385.6,1388.8,5042,69.73,840,3591.0,71.22
BLACKBUCK, 22-Sep-2026,635.0,659.7,618.15,620.35,629.95,2055001,13188.87,78250,689892.0,33.57
BLAL, 22-Sep-2026,166.61,167.08,163.25,164.24,165.24,7668,12.67,238,4528.0,59.05
BLBLIMITED, 22-Sep-2026,16.25,16.3,15.91,16.22,15.99,133466,21.46,265,124016.0,92.92
BLEL, 22-Sep-2026,447.0,475.0,445.15,469.05,439.55,1603310,7468.47,40842,448012.0,27.94
BLIL, 22-Sep-2026,67.35,67.5,66.8,67.35,67.38,45812,30.75,987,34142.0,74.53
BLKASHYAP, 22-Sep-2026,51.8,53.2,51.06,51.53,51.56,237471,123.9,1522,103128.0,43.43
BLS, 22-Sep-2026,234.0,234.0,228.0,228.71,232.54,579169,1333.37,13682,281236.0,48.56
BLSE, 22-Sep-2026,317.9,339.8,317.4,328.1,317.25,1257827,4190.75,21562,431883.0,34.34
BLUECLOUDS, 22-Sep-2026,19.27,19.37,18.95,19.17,19.07,546154,104.6,1755,267828.0,49.04
BLUECOAST, 22-Sep-2026,21.0,21.58,19.56,19.83,20.56,1308,0.28,40,641.0,49.01
BLUEDART, 22-Sep-2026,4806.2,4844.9,4780.0,4786.6,4806.2,7423,357.05,1964,4018.0,54.13
BLUEJET, 22-Sep-2026,584.0,602.65,580.55,587.3,579.65,621304,3672.41,23423,296937.0,47.79
BLUEPEBBLE, 22-Sep-2026,76.9,76.9,76.0,76.0,80.0,1200,0.92,3,1200.0,100.0
BLUESTARCO, 22-Sep-2026,1572.0,1572.2,1519.5,1525.0,1565.0,739436,11390.54,51830,319249.0,43.17
BLUESTONE, 22-Sep-2026,850.7,950.0,847.95,930.4,845.45,3686322,33401.37,114306,785560.0,21.31
BLUEWATER, 22-Sep-2026,485.95,490.0,475.0,482.0,479.95,41000,198.25,27,26000.0,63.41
BLUSPRING, 22-Sep-2026,121.89,127.57,121.89,125.47,121.89,222765,279.18,3057,99212.0,44.54
BMETRICS, 22-Sep-2026,33.9,33.9,33.0,33.0,33.95,1600,0.54,2,1600.0,100.0
BMLL, 22-Sep-2026,155.0,161.5,151.1,160.5,160.0,20000,31.85,16,13000.0,65.0
BMWVENTLTD, 22-Sep-2026,50.9,52.73,50.58,51.92,50.47,228231,118.51,1840,157917.0,69.19
BNAGROCHEM, 22-Sep-2026,208.67,209.99,200.0,200.85,206.6,355,0.73,16,352.0,99.15
BNKETFAXIS, 22-Sep-2026,583.46,584.78,579.49,580.18,582.54,794,4.62,34,327.0,41.18
BODALCHEM, 22-Sep-2026,199.55,206.0,187.83,192.9,197.71,2856632,5605.21,22750,1180349.0,41.32
BOHRAIND, 22-Sep-2026,13.2,13.8,12.36,13.26,12.7,6365,0.85,67,4979.0,78.22
BOMDYEING, 22-Sep-2026,110.5,111.6,108.85,109.58,110.02,411668,453.11,3707,195187.0,47.41
BONLON, 22-Sep-2026,41.34,41.5,39.8,40.07,39.35,12082,4.86,228,5662.0,46.86
BORANA, 22-Sep-2026,295.05,301.0,291.25,292.4,296.85,24044,70.86,462,16452.0,68.42
BOROLTD, 22-Sep-2026,260.0,269.7,259.62,263.57,261.14,230571,609.22,5196,64008.0,27.76
BORORENEW, 22-Sep-2026,476.9,489.7,472.1,474.7,473.75,666860,3203.76,28556,262866.0,39.42
BOROSCI, 22-Sep-2026,122.75,126.35,116.7,119.81,119.11,329680,402.39,3586,142647.0,43.27
BOSCH-HCIL, 22-Sep-2026,1681.1,1749.6,1681.1,1720.8,1685.7,31143,537.27,3309,16023.0,51.45
BOSCHLTD, 22-Sep-2026,47795.0,48290.0,47530.0,48290.0,47565.0,17807,8534.16,8164,10077.0,56.59
BOSS, 22-Sep-2026,57.1,57.1,57.1,57.1,60.1,2000,1.14,1,2000.0,100.0
BPCL, 22-Sep-2026,315.0,318.2,308.15,313.6,312.75,10959640,34249.51,57286,6254291.0,57.07
BPL, 22-Sep-2026,45.8,46.06,44.99,45.2,44.96,33419,15.2,717,19958.0,59.72
BPLPHARMA, 22-Sep-2026,1560.0,1560.0,1531.0,1531.7,1541.7,1688,26.13,149,1547.0,91.65
BRACEPORT, 22-Sep-2026,62.95,65.9,62.9,64.8,60.0,16000,10.22,10,11200.0,70.0
BRAHMINFRA, 22-Sep-2026,164.3,164.3,155.01,156.51,160.92,8121,12.77,399,6920.0,85.21
BRANDMAN, 22-Sep-2026,164.8,165.9,158.55,160.0,162.25,16800,27.09,14,12800.0,76.19
BRIGADE, 22-Sep-2026,608.9,624.0,605.45,616.55,608.75,276171,1690.97,18625,107319.0,38.86
BRIGHOTEL, 22-Sep-2026,56.29,57.5,56.08,56.48,56.4,114783,65.09,2322,75046.0,65.38
BRIGHTBR, 22-Sep-2026,244.0,255.5,244.0,252.95,253.5,1978,5.03,124,1836.0,92.82
BRITANNIA, 22-Sep-2026,5030.0,5030.0,4915.0,4918.0,5023.0,177451,8786.24,18662,99883.0,56.29
BRNL, 22-Sep-2026,16.1,16.9,16.1,16.67,16.1,20908,3.48,251,15789.0,75.52
BROOKS, 22-Sep-2026,60.0,60.55,59.01,59.09,59.09,24690,14.67,590,20226.0,81.92
BSE, 22-Sep-2026,3170.8,3254.0,3170.8,3235.0,3161.0,3165566,102089.63,136584,1141826.0,36.07
BSE500IETF, 22-Sep-2026,38.78,38.88,38.6,38.7,38.78,1326306,513.3,1352,1293502.0,97.53
BSHSL, 22-Sep-2026,86.1,88.0,85.3,85.64,84.93,4737,4.1,110,3726.0,78.66
BSL, 22-Sep-2026,123.63,126.93,123.02,125.54,126.15,1430,1.79,68,1176.0,82.24
BSLGOLDETF, 22-Sep-2026,133.08,133.71,132.24,133.06,133.72,426280,566.35,2242,199967.0,46.91
BSLNIFTY, 22-Sep-2026,27.56,28.24,27.2,27.48,27.56,729462,200.47,3486,627440.0,86.01
BSLSENETFG, 22-Sep-2026,76.59,76.59,74.75,75.16,75.5,3184,2.4,59,1615.0,50.72
BSOFT, 22-Sep-2026,284.15,284.5,280.75,281.15,284.15,486688,1371.87,14495,255641.0,52.53
BTML, 22-Sep-2026,7.44,7.44,7.11,7.15,7.13,186655,13.5,307,171716.0,92.0
BUILDPRO, 22-Sep-2026,1287.0,1344.0,1285.0,1310.8,1280.0,110920,1466.05,6746,67772.0,61.1
BULKCORP, 22-Sep-2026,82.5,82.5,76.95,78.0,81.0,14400,11.64,12,14400.0,100.0
BUTTERFLY, 22-Sep-2026,580.0,585.75,559.75,562.3,574.35,38079,216.47,1392,26403.0,69.34
BVCL, 22-Sep-2026,41.35,43.2,40.7,41.57,41.09,38781,16.18,782,26247.0,67.68
BYKE, 22-Sep-2026,31.0,31.0,29.65,30.31,30.44,10737,3.24,128,10406.0,96.92
C2C, 22-Sep-2026,190.0,193.0,185.3,187.6,185.25,107100,202.33,485,69450.0,64.85
CAMLINFINE, 22-Sep-2026,99.0,100.5,96.0,96.45,98.75,1677989,1629.84,10420,930613.0,55.46
CAMPUS, 22-Sep-2026,211.16,214.2,210.5,211.35,211.16,257451,545.53,8071,111008.0,43.12
CAMS, 22-Sep-2026,707.95,714.5,704.0,704.0,703.85,949770,6735.71,33270,508400.0,53.53
CANARYS, 22-Sep-2026,28.5,30.95,28.5,30.5,28.55,424000,127.66,100,304000.0,71.7
CANBK, 22-Sep-2026,124.02,124.69,122.8,122.9,123.7,7064389,8722.39,46850,3105906.0,43.97
CANFINHOME, 22-Sep-2026,770.0,775.55,755.3,759.55,769.9,339027,2590.82,13763,191092.0,56.36
CANHLIFE, 22-Sep-2026,154.0,154.45,151.63,153.4,152.97,425119,651.71,6847,252639.0,59.43
CANTABIL, 22-Sep-2026,241.0,243.0,238.0,238.85,241.08,112830,271.07,1658,72342.0,64.12
CAPACITE, 22-Sep-2026,195.32,197.71,194.02,194.73,195.02,146197,286.47,3258,59806.0,40.91
CAPILLARY, 22-Sep-2026,511.0,556.8,509.35,547.1,510.15,1529129,8324.09,48429,435821.0,28.5
CAPINVIT, 22-Sep-2026,77.19,77.4,76.8,76.93,77.07,6672194,5137.59,3377,6632908.0,99.41
CAPITALSFB, 22-Sep-2026,281.8,282.4,277.2,281.3,282.0,11748,33.0,355,5206.0,44.31
CAPLIPOINT, 22-Sep-2026,2768.9,2840.0,2762.1,2777.3,2756.6,118478,3325.98,16742,49208.0,41.53
CARBORUNIV, 22-Sep-2026,1177.5,1239.8,1177.0,1211.3,1178.9,970152,11751.53,52514,320654.0,33.05
CARERATING, 22-Sep-2026,1622.0,1641.3,1605.6,1627.8,1627.6,157788,2561.74,9142,120473.0,76.35
CARRARO, 22-Sep-2026,529.0,551.0,529.0,542.3,528.35,146505,792.52,6244,60731.0,41.45
CARTRADE, 22-Sep-2026,2920.0,2973.6,2900.1,2907.9,2918.0,196801,5761.45,27178,100161.0,50.89
CARYSIL, 22-Sep-2026,1070.9,1080.9,1060.0,1065.3,1064.9,76582,818.17,6991,37805.0,49.37
CASHIETF, 22-Sep-2026,1080.54,1080.56,1080.54,1080.54,1080.39,130946,1414.95,380,115123.0,87.92
CASTROLIND, 22-Sep-2026,193.89,196.0,193.2,195.61,193.5,3487992,6807.28,42399,2141999.0,61.41
CBAZAAR, 22-Sep-2026,4.8,4.8,4.75,4.8,4.6,40000,1.92,5,40000.0,100.0
CCAVENUE, 22-Sep-2026,16.08,16.83,16.02,16.11,16.0,21347420,3504.67,30770,5263718.0,24.66
CCCL, 22-Sep-2026,13.55,13.79,13.55,13.6,13.55,109103,14.89,370,84648.0,77.59
CCHHL, 22-Sep-2026,13.02,13.25,12.62,12.94,13.02,18869,2.44,121,11999.0,63.59
CCL, 22-Sep-2026,1073.0,1074.5,1044.1,1050.0,1071.0,156624,1646.36,21241,78436.0,50.08
CDSL, 22-Sep-2026,1361.0,1374.0,1342.5,1348.0,1361.0,721143,9771.62,29932,220532.0,30.58
CEATLTD, 22-Sep-2026,3411.9,3422.0,3360.1,3401.4,3392.7,54853,1861.77,9174,18337.0,33.43
CEDAAR, 22-Sep-2026,10.65,11.0,10.65,11.0,11.0,4000,0.43,4,4000.0,100.0
CEIGALL, 22-Sep-2026,381.7,381.7,369.1,377.2,379.95,375674,1408.97,7145,165460.0,44.04
CEINSYS, 22-Sep-2026,713.0,715.0,690.0,701.5,709.65,75985,534.97,3232,39848.0,52.44
CELEBRITY, 22-Sep-2026,6.7,6.82,6.37,6.79,6.64,29456,1.95,143,24991.0,84.84
CELLECOR, 22-Sep-2026,29.2,31.0,29.05,30.4,29.2,339000,101.99,67,285000.0,84.07
CELLO, 22-Sep-2026,321.95,325.4,318.85,320.3,321.95,245545,791.17,8662,151916.0,61.87
CELLPOINT, 22-Sep-2026,14.2,14.65,14.1,14.1,14.75,7200,1.03,5,6000.0,83.33
CEMNTGROWW, 22-Sep-2026,13.89,14.35,13.89,14.3,14.25,30136,4.28,285,14117.0,46.84
CEMPRO, 22-Sep-2026,1256.5,1319.3,1252.5,1319.3,1256.5,316336,4136.19,15706,177646.0,56.16
CENTENKA, 22-Sep-2026,571.9,584.0,565.2,567.4,571.9,19449,111.61,1852,8145.0,41.88
CENTEXT, 22-Sep-2026,19.57,19.79,18.35,18.63,19.35,346646,66.48,1248,239198.0,69.0
CENTRALBK, 22-Sep-2026,31.53,31.69,31.26,31.37,31.49,2768742,870.69,11358,1315718.0,47.52
CENTRUM, 22-Sep-2026,22.19,22.34,21.3,21.43,21.85,232939,50.26,567,161867.0,69.49
CENTUM, 22-Sep-2026,4745.0,4894.8,4640.0,4858.7,4739.2,98747,4707.87,19508,30634.0,31.02
CENTURYPLY, 22-Sep-2026,706.9,716.3,692.35,695.6,703.35,162121,1134.06,11355,109903.0,67.79
CERA, 22-Sep-2026,5525.0,5579.5,5484.0,5501.0,5528.0,5363,295.78,1376,2929.0,54.61
CESC, 22-Sep-2026,144.0,144.22,142.28,142.52,143.47,1319444,1889.09,16249,705134.0,53.44
CEWATER, 22-Sep-2026,277.8,281.1,274.0,278.75,279.6,54231,150.75,2438,26530.0,48.92
CGCL, 22-Sep-2026,269.5,271.8,265.1,267.05,268.85,2002679,5382.55,22163,1001744.0,50.02
CGPOWER, 22-Sep-2026,915.65,926.1,896.1,896.1,910.0,2299693,20914.63,56255,945941.0,41.13
CGRAPHICS, 22-Sep-2026,135.45,138.95,134.8,137.4,135.45,17600,24.2,21,11200.0,63.64
CGVAK, 22-Sep-2026,151.0,151.0,141.0,145.41,145.77,2150,3.1,73,1889.0,87.86
CHALET, 22-Sep-2026,858.05,888.9,857.0,872.35,860.05,141251,1241.59,15316,47378.0,33.54
CHAMBLFERT, 22-Sep-2026,417.95,420.0,414.3,418.5,417.2,650166,2712.17,19778,425334.0,65.42
CHAMUNDA, 22-Sep-2026,43.25,43.25,41.0,41.45,42.4,12000,5.03,4,12000.0,100.0
CHANDAN, 22-Sep-2026,222.15,227.5,216.0,226.25,215.25,58400,131.19,72,34400.0,58.9
CHAVDA, 22-Sep-2026,139.7,144.5,139.0,140.0,136.95,113000,159.51,97,59000.0,52.21
CHEMBOND, 22-Sep-2026,190.2,198.99,185.25,192.77,187.04,15681,30.02,568,10437.0,66.56
CHEMCRUX, 22-Sep-2026,79.4,82.1,78.0,78.57,79.23,8574,6.78,217,7432.0,86.68
CHEMFAB, 22-Sep-2026,367.45,367.45,352.1,354.0,359.3,3146,11.2,184,2270.0,72.16
CHEMICAL, 22-Sep-2026,29.6,29.68,29.36,29.45,29.39,550652,162.7,731,410498.0,74.55
CHEMPLASTS, 22-Sep-2026,181.0,202.45,178.5,198.67,181.17,7329815,14371.18,92624,665428.0,9.08
CHENNPETRO, 22-Sep-2026,1375.5,1405.0,1362.0,1392.0,1375.5,1113436,15409.92,47237,315087.0,28.3
CHETANA, 22-Sep-2026,40.0,41.9,40.0,41.9,40.2,6400,2.65,4,4800.0,75.0
CHEVIOT, 22-Sep-2026,1160.1,1190.0,1156.1,1170.4,1168.4,2309,27.11,239,1535.0,66.48
CHOICEGOLD, 22-Sep-2026,150.9,150.99,149.0,149.56,150.99,5647,8.46,136,2050.0,36.3
CHOICEIN, 22-Sep-2026,783.95,785.4,753.6,760.9,782.05,318303,2444.2,7768,139555.0,43.84
CHOLAFIN, 22-Sep-2026,1769.9,1779.4,1756.8,1759.1,1764.0,906681,16002.15,51235,595997.0,65.73
CHOLAHLDNG, 22-Sep-2026,1476.0,1481.1,1442.8,1459.6,1474.8,138445,2021.94,15312,86694.0,62.62
CIEINDIA, 22-Sep-2026,396.8,398.1,389.1,390.6,395.15,173881,684.64,12605,88801.0,51.07
CIFL, 22-Sep-2026,20.29,21.7,20.1,21.27,20.02,268122,56.26,1252,163943.0,61.14
CINELINE, 22-Sep-2026,92.0,92.0,88.0,89.16,90.31,26334,23.46,262,22510.0,85.48
CINEVISTA, 22-Sep-2026,14.2,16.15,14.05,14.51,14.14,150406,22.88,616,75070.0,49.91
CIPLA, 22-Sep-2026,1386.3,1388.7,1364.5,1384.1,1386.1,767139,10518.22,36733,359861.0,46.91
CITIUSINVT, 22-Sep-2026,118.47,119.9,115.98,118.56,118.43,38489,45.47,586,33581.0,87.25
CKKRETAIL, 22-Sep-2026,183.4,183.4,173.5,174.75,185.0,21600,38.33,13,9600.0,44.44
CLASSICEIL, 22-Sep-2026,50.8,52.5,50.8,52.45,50.5,14400,7.52,9,12800.0,88.89
CLAYCRAFT, 22-Sep-2026,163.5,164.95,158.4,164.75,163.35,72000,116.13,79,57600.0,80.0
CLEAN, 22-Sep-2026,840.0,843.0,830.55,833.2,834.9,195980,1638.37,18599,95371.0,48.66
CLEANMAX, 22-Sep-2026,1349.5,1415.9,1340.3,1367.5,1340.5,226917,3133.4,32817,96857.0,42.68
CLEDUCATE, 22-Sep-2026,56.99,57.89,55.0,55.38,56.75,4261,2.37,108,3430.0,80.5
CLSEL, 22-Sep-2026,291.65,296.9,291.65,293.4,293.25,28674,84.31,1211,16633.0,58.01
CLSL, 22-Sep-2026,70.05,70.05,70.05,70.05,72.0,2000,1.4,1,2000.0,100.0
CMLL, 22-Sep-2026,480.85,495.0,475.15,490.9,475.95,348444,1702.42,12014,144649.0,41.51
CMNL, 22-Sep-2026,107.6,116.0,107.6,116.0,111.25,4500,5.07,5,3000.0,66.67
CMPDI, 22-Sep-2026,210.01,213.9,207.76,209.34,209.96,605161,1274.87,9418,299355.0,49.47
CMRGREEN, 22-Sep-2026,231.0,238.85,227.75,229.49,229.9,642934,1500.03,18207,294016.0,45.73
CMSINFO, 22-Sep-2026,232.95,235.74,230.55,234.62,232.14,474646,1105.02,9848,251374.0,52.96
CNL, 22-Sep-2026,1148.0,1153.5,1098.1,1108.1,1139.4,17470,196.19,2063,10484.0,60.01
COALINDIA, 22-Sep-2026,424.7,428.75,419.65,428.0,414.7,16676174,71023.33,199503,8058415.0,48.32
COASTCORP, 22-Sep-2026,39.49,39.49,37.93,38.19,38.94,35585,13.64,540,23574.0,66.25
COCHINSHIP, 22-Sep-2026,1390.0,1411.0,1376.5,1388.9,1385.0,830403,11572.64,30369,284306.0,34.24
COCKERILL, 22-Sep-2026,8050.5,8289.5,8030.5,8178.0,8055.0,3955,322.49,1211,1773.0,44.83
COFFEEDAY, 22-Sep-2026,30.49,31.32,30.01,30.59,30.15,325352,99.58,1903,194383.0,59.75
COFORGE, 22-Sep-2026,1814.0,1818.0,1784.4,1803.0,1814.0,1220431,22004.98,46888,637789.0,52.26
COHANCE, 22-Sep-2026,461.35,468.55,451.6,452.75,460.45,705248,3240.6,22134,244831.0,34.72
COLPAL, 22-Sep-2026,1892.1,1892.3,1863.0,1869.0,1892.0,200338,3747.41,14051,102793.0,51.31
COMFINTE, 22-Sep-2026,5.89,5.89,5.72,5.8,5.72,117214,6.77,318,90127.0,76.89
COMMITTED, 22-Sep-2026,329.85,334.95,320.1,322.7,329.85,8000,26.04,10,6400.0,80.0
COMMOIETF, 22-Sep-2026,97.96,98.98,97.11,97.67,97.49,103277,100.84,892,64221.0,62.18
COMPEAU, 22-Sep-2026,364.0,364.0,364.0,364.0,366.6,65,0.24,6,65.0,100.0
COMPUSOFT, 22-Sep-2026,13.79,13.79,13.07,13.24,13.35,17471,2.33,161,11379.0,65.13
COMSYN, 22-Sep-2026,308.0,310.9,300.1,301.25,304.1,927179,2811.97,6032,328633.0,35.44
CONCOR, 22-Sep-2026,489.5,489.5,466.7,467.0,487.05,2828067,13397.09,37553,1261597.0,44.61
CONCORDBIO, 22-Sep-2026,1588.0,1588.7,1522.8,1532.4,1579.4,170913,2641.04,14984,75937.0,44.43
CONFIPET, 22-Sep-2026,88.92,90.54,86.3,86.76,88.96,1813161,1591.72,24502,854762.0,47.14
CONNPLEX, 22-Sep-2026,260.5,268.95,259.0,261.0,260.2,48800,128.6,60,40000.0,81.97
CONS, 22-Sep-2026,11.91,11.91,11.84,11.85,11.91,8035,0.95,144,7191.0,89.5
CONSUMAXIS, 22-Sep-2026,118.55,119.27,118.47,118.47,119.0,1278,1.52,20,678.0,53.05
CONSUMBEES, 22-Sep-2026,129.5,129.5,127.51,128.23,128.5,28104,36.1,601,15015.0,53.43
CONSUMER, 22-Sep-2026,11.85,11.88,11.8,11.84,11.84,40564,4.81,227,29079.0,71.69
CONSUMIETF, 22-Sep-2026,119.56,119.97,119.0,119.04,119.56,8207,9.79,143,3634.0,44.28
CONTI, 22-Sep-2026,10.2,10.2,10.2,10.2,9.75,3333,0.34,1,3333.0,100.0
CONTROLPR, 22-Sep-2026,599.75,599.75,585.55,589.15,598.95,22760,135.26,1101,16195.0,71.16
COOLCAPS, 22-Sep-2026,27.7,27.7,25.5,25.55,26.95,73750,19.72,51,63750.0,86.44
CORALFINAC, 22-Sep-2026,32.5,32.99,31.5,32.14,32.1,9094,2.92,117,7641.0,84.02
CORDELIA, 22-Sep-2026,114.49,115.47,111.33,112.18,113.67,1099605,1244.29,10163,488436.0,44.42
CORDSCABLE, 22-Sep-2026,361.0,389.0,360.0,382.9,355.35,391036,1475.73,10623,180641.0,46.2
COROMANDEL, 22-Sep-2026,1935.0,1953.4,1935.0,1944.9,1940.8,77210,1500.4,11871,50811.0,65.81
CORONA, 22-Sep-2026,2212.9,2215.7,2171.2,2181.5,2212.9,10943,239.66,1955,5906.0,53.97
COSMOFIRST, 22-Sep-2026,865.0,879.95,856.2,862.75,866.45,28152,244.11,2522,15724.0,55.85
CPCAP, 22-Sep-2026,160.5,160.5,151.11,151.7,156.9,38437,59.31,1201,26732.0,69.55
CPEDU, 22-Sep-2026,183.99,183.99,176.0,177.35,182.28,1229,2.17,78,1096.0,89.18
CPL, 22-Sep-2026,63.75,65.36,62.1,62.7,63.75,23267,14.73,374,12957.0,55.69
CPPLUS, 22-Sep-2026,3500.1,3656.4,3500.1,3649.5,3482.3,317707,11514.05,32174,162850.0,51.26
CPSEETF, 22-Sep-2026,90.4,93.52,90.4,92.94,92.72,663335,617.04,4168,474321.0,71.51
CRAFTSMAN, 22-Sep-2026,11006.0,11018.0,10556.0,10602.0,11006.0,81543,8771.57,17406,53427.0,65.52
CRAMC, 22-Sep-2026,231.6,234.75,226.2,227.9,231.1,551421,1266.04,10353,312120.0,56.6
CRAVATEX, 22-Sep-2026,335.75,335.85,325.0,326.15,335.75,1385,4.63,19,1211.0,87.44
CRAYONS, 22-Sep-2026,24.5,24.5,24.5,24.5,23.7,2000,0.49,2,2000.0,100.0
CREATIVEYE, 22-Sep-2026,5.55,6.5,5.51,6.25,5.55,104668,6.59,248,71044.0,67.88
CREDENT, 22-Sep-2026,358.9,378.95,356.1,376.05,358.0,174600,645.19,230,141600.0,81.1
CREDITACC, 22-Sep-2026,1400.0,1400.0,1354.0,1357.9,1393.0,130909,1790.26,14599,76435.0,58.39
CREST, 22-Sep-2026,368.5,385.0,362.0,363.7,367.05,2879,10.59,163,1730.0,60.09
CRESTO, 22-Sep-2026,16.49,19.21,16.21,19.21,16.01,200316,37.86,238,125733.0,62.77
CRISIL, 22-Sep-2026,4597.5,4677.8,4515.5,4559.8,4605.6,76168,3512.04,11024,45022.0,59.11
CRIZAC, 22-Sep-2026,176.99,180.25,176.2,177.03,176.49,104937,186.66,3219,50935.0,48.54
CROMPTON, 22-Sep-2026,224.75,225.71,221.76,222.0,225.05,2814418,6285.55,28964,1372421.0,48.76
CROWN, 22-Sep-2026,123.0,132.0,121.38,124.96,121.38,148899,189.96,1482,88726.0,59.59
CSBBANK, 22-Sep-2026,336.0,340.9,331.25,334.95,334.8,231055,772.42,10336,105362.0,45.6
CSLFINANCE, 22-Sep-2026,224.5,224.5,217.62,220.24,220.46,12304,27.08,588,6242.0,50.73
CSM, 22-Sep-2026,112.0,112.0,103.06,105.15,108.19,525358,553.21,5707,179464.0,34.16
CSSL, 22-Sep-2026,89.0,91.0,86.0,86.75,87.0,10000,8.85,10,7000.0,70.0
CUB, 22-Sep-2026,234.9,235.78,226.0,227.21,234.94,2192380,5015.46,32742,997367.0,45.49
CUBEINVIT, 22-Sep-2026,156.25,156.99,155.95,156.33,156.25,1078216,1684.32,9899,1051857.0,97.56
CUBEXTUB, 22-Sep-2026,89.0,104.85,87.91,104.85,87.38,1043536,1040.23,10480,585205.0,56.08
CUDML, 22-Sep-2026,106.05,108.0,101.0,102.35,105.25,56000,58.3,40,54000.0,96.43
CUMMINSIND, 22-Sep-2026,5090.0,5128.5,4962.5,4962.5,5067.0,314342,15785.62,36286,194715.0,61.94
CUPID, 22-Sep-2026,251.0,265.5,246.0,258.2,251.3,43352836,112117.46,249858,9304716.0,21.46
CURIS, 22-Sep-2026,203.0,212.35,202.9,212.35,202.25,12000,25.03,12,12000.0,100.0
CURRENT, 22-Sep-2026,83.0,87.95,83.0,87.95,82.5,4800,4.06,3,4800.0,100.0
CYIENT, 22-Sep-2026,1064.8,1085.1,1032.0,1079.0,1060.8,587228,6213.48,36351,292931.0,49.88
CYIENTDLM, 22-Sep-2026,915.0,938.8,913.7,917.2,912.4,281857,2605.22,19643,114647.0,40.68
DABUR, 22-Sep-2026,388.3,390.1,385.2,388.1,386.8,1352500,5245.38,22945,851422.0,62.95
DALBHARAT, 22-Sep-2026,1764.0,1785.4,1736.3,1741.6,1764.4,35465,624.25,6847,18482.0,52.11
DALMIASUG, 22-Sep-2026,385.0,400.0,384.75,388.1,384.1,145352,570.26,7010,44344.0,30.51
DAMCAPITAL, 22-Sep-2026,137.32,139.5,137.1,137.7,137.32,109917,152.15,2241,48478.0,44.1
DANGEE, 22-Sep-2026,2.72,2.76,2.6,2.7,2.7,29077,0.78,92,26287.0,90.4
DANISH, 22-Sep-2026,985.0,1010.0,956.0,986.25,961.55,28200,276.88,133,19800.0,70.21
DATAMATICS, 22-Sep-2026,773.0,776.0,755.15,765.3,773.85,38498,295.48,2502,18257.0,47.42
DATAPATTNS, 22-Sep-2026,4541.7,4640.0,4462.4,4484.9,4511.8,401737,18267.67,43119,96385.0,23.99
DAVANGERE, 22-Sep-2026,2.15,2.32,2.15,2.26,2.14,11390212,256.74,3857,6479086.0,56.88
DBCORP, 22-Sep-2026,184.62,184.62,181.55,183.04,182.62,62503,114.25,1922,40237.0,64.38
DBEIL, 22-Sep-2026,7.24,7.28,6.93,7.0,6.99,410139,28.95,470,316590.0,77.19
DBL, 22-Sep-2026,423.95,430.0,419.5,423.1,421.3,272116,1152.32,9132,132684.0,48.76
DBOL, 22-Sep-2026,113.21,116.33,113.01,114.81,113.31,96815,111.17,3186,48340.0,49.93
DBREALTY, 22-Sep-2026,95.0,98.39,95.0,96.65,95.29,827941,802.45,10919,443514.0,53.57
DCAL, 22-Sep-2026,171.99,172.99,169.0,169.88,170.5,73638,125.65,1871,38134.0,51.79
DCBBANK, 22-Sep-2026,218.71,221.8,217.06,218.58,218.77,568379,1244.6,12026,291632.0,51.31
DCG, 22-Sep-2026,70.95,71.0,70.9,70.9,74.6,34800,24.68,29,32400.0,93.1
DCI, 22-Sep-2026,273.0,283.3,273.0,275.85,272.55,54335,150.63,2253,25965.0,47.79
DCM, 22-Sep-2026,76.0,76.67,75.55,76.37,76.01,12046,9.14,69,11572.0,96.07
DCMFINSERV, 22-Sep-2026,5.39,5.39,4.9,5.09,4.9,8377,0.42,88,7141.0,85.25
DCMNVL, 22-Sep-2026,180.0,182.06,175.1,178.04,180.01,4551,8.19,160,3657.0,80.36
DCMSHRIRAM, 22-Sep-2026,984.2,993.6,976.6,979.3,984.2,35282,346.99,4914,18176.0,51.52
DCMSIL, 22-Sep-2026,69.5,71.5,69.04,70.42,69.6,64277,45.21,658,38055.0,59.2
DCMSRIND, 22-Sep-2026,38.1,39.13,37.6,37.87,38.1,227030,86.7,2032,138122.0,60.84
DCW, 22-Sep-2026,45.5,48.45,45.47,48.02,45.47,3396420,1603.07,14796,1462135.0,43.05
DCXINDIA, 22-Sep-2026,170.0,170.0,162.5,163.5,162.02,443850,735.43,7477,164583.0,37.08
DDEVPLSTIK, 22-Sep-2026,262.75,264.0,258.0,260.45,259.9,95768,249.38,2979,49046.0,51.21
DECCANCE, 22-Sep-2026,569.95,575.0,560.05,562.25,567.2,41769,237.04,1005,28288.0,67.72
DECCANTRAN, 22-Sep-2026,21.35,21.35,21.3,21.3,23.0,2400,0.51,2,2400.0,100.0
DECNGOLD, 22-Sep-2026,217.99,226.5,217.02,225.17,217.04,1187001,2638.19,17205,546120.0,46.01
DEEDEV, 22-Sep-2026,677.95,695.7,677.95,691.8,681.1,112901,777.31,5660,61944.0,54.87
DEEM, 22-Sep-2026,45.05,45.05,45.05,45.05,42.95,1000,0.45,1,1000.0,100.0
DEEPA, 22-Sep-2026,184.0,192.0,181.94,188.43,183.06,2177575,4102.89,28647,588426.0,27.02
DEEPAKFERT, 22-Sep-2026,1365.9,1386.7,1337.5,1340.4,1365.9,165923,2245.5,13828,72437.0,43.66
DEEPAKNTR, 22-Sep-2026,1605.1,1623.8,1593.4,1613.2,1586.3,183682,2961.33,15949,104469.0,56.87
DEEPINDS, 22-Sep-2026,732.1,765.55,731.25,761.6,726.3,362342,2728.27,17370,138742.0,38.29
DEFENCE, 22-Sep-2026,79.02,79.8,78.8,79.24,79.02,190693,151.16,684,132133.0,69.29
DELAPLEX, 22-Sep-2026,92.35,92.35,91.0,91.0,91.35,1200,1.1,2,1200.0,100.0
DELHIVERY, 22-Sep-2026,435.5,437.35,428.4,430.75,435.0,2292809,9908.55,36002,1460232.0,63.69
DELTACORP, 22-Sep-2026,61.99,63.55,61.02,61.77,61.59,2802181,1742.48,18590,1109317.0,39.59
DELTAMAGNT, 22-Sep-2026,56.0,56.78,53.52,55.0,54.9,1288,0.71,90,1019.0,79.11
DELTIC, 22-Sep-2026,34.0,34.4,33.0,33.0,32.4,8000,2.72,8,7000.0,87.5
DEN, 22-Sep-2026,26.75,26.8,26.06,26.26,26.42,197380,52.24,921,125642.0,63.65
DENEERS, 22-Sep-2026,166.4,171.45,166.4,170.6,167.2,4200,7.09,7,1800.0,42.86
DENORA, 22-Sep-2026,814.9,820.9,792.8,798.4,813.4,1605,13.0,222,1312.0,81.74
DENTA, 22-Sep-2026,277.25,279.45,271.1,272.65,276.05,91689,252.02,1865,46555.0,50.77
DENTALKART, 22-Sep-2026,407.0,407.0,401.0,404.5,412.95,19750,79.39,32,17000.0,86.08
DEVIT, 22-Sep-2026,23.35,23.99,22.8,23.12,23.15,30918,7.14,414,24248.0,78.43
DEVX, 22-Sep-2026,35.64,35.64,34.8,35.06,35.13,87156,30.57,325,73780.0,84.65
DEVYANI, 22-Sep-2026,143.89,145.4,141.02,144.51,143.22,2365367,3405.61,28126,987031.0,41.73
DGCONTENT, 22-Sep-2026,24.3,24.5,23.8,23.92,24.06,2454,0.6,60,2362.0,96.25
DHAMPURSUG, 22-Sep-2026,163.01,170.3,161.51,164.13,162.29,717925,1191.25,15726,222886.0,31.05
DHANBANK, 22-Sep-2026,29.52,29.73,29.01,29.18,29.44,226911,66.6,1501,134042.0,59.07
DHANLAXMI, 22-Sep-2026,24.3,27.95,24.0,25.3,24.0,16000,4.03,8,14000.0,87.5
DHANSA, 22-Sep-2026,30.0,30.0,28.15,29.0,29.6,10000,2.92,4,10000.0,100.0
DHANUKA, 22-Sep-2026,985.15,985.15,963.7,966.4,975.6,9208,89.2,1419,5237.0,56.87
DHARARAIL, 22-Sep-2026,142.0,142.0,141.0,141.0,139.0,7000,9.93,6,7000.0,100.0
DHARIWAL, 22-Sep-2026,26.5,26.7,24.8,24.9,25.5,75000,19.27,19,54000.0,72.0
DHARMAJ, 22-Sep-2026,283.3,288.4,278.3,281.6,281.25,42905,121.56,2098,20606.0,48.03
DHATRE, 22-Sep-2026,4.08,4.36,4.08,4.27,4.22,28145,1.19,158,22600.0,80.3
DHOOTTRANS, 22-Sep-2026,1590.0,1679.0,1529.5,1653.2,1582.3,2848268,46165.79,133909,676703.0,23.76
DHRUV, 22-Sep-2026,21.79,21.79,20.7,21.57,20.95,5220,1.1,138,4547.0,87.11
DHTL, 22-Sep-2026,27.5,27.5,27.5,27.5,28.9,25600,7.04,3,25600.0,100.0
DHUNINV, 22-Sep-2026,995.8,1005.1,982.0,983.6,981.65,414,4.11,70,311.0,75.12
DIAMINESQ, 22-Sep-2026,256.44,256.74,250.5,254.85,255.56,4769,12.1,120,2567.0,53.83
DIAMONDYD, 22-Sep-2026,1110.8,1110.8,1089.3,1090.3,1099.3,3469,37.88,294,2243.0,64.66
DICIND, 22-Sep-2026,629.9,667.95,626.0,654.25,627.9,19144,125.06,853,11059.0,57.77
DIFFNKG, 22-Sep-2026,445.85,449.95,436.95,441.6,444.05,95045,420.96,4137,46303.0,48.72
DIGIDRIVE, 22-Sep-2026,17.25,17.95,17.22,17.76,17.56,10299,1.82,177,8506.0,82.59
DIGIKORE, 22-Sep-2026,36.05,36.05,35.25,35.6,36.05,35200,12.6,32,26800.0,76.14
DIGISPICE, 22-Sep-2026,16.55,16.8,16.2,16.4,16.31,57388,9.42,314,47900.0,83.47
DIGITIDE, 22-Sep-2026,84.39,84.45,81.13,81.82,83.56,267976,221.11,2637,167152.0,62.38
DISAQ, 22-Sep-2026,11905.0,12188.0,11905.0,12185.0,12134.0,67,8.12,40,43.0,64.18
DISHTV, 22-Sep-2026,2.48,2.52,2.43,2.5,2.45,1038239,25.8,1441,790758.0,76.16
DIVGIITTS, 22-Sep-2026,1126.1,1176.0,1105.3,1118.9,1124.4,73787,828.12,7358,36295.0,49.19
DIVIDEND, 22-Sep-2026,34.85,34.87,34.75,34.86,34.89,3912,1.36,46,3912.0,100.0
DIVINEHIRA, 22-Sep-2026,107.5,107.5,98.35,101.25,103.5,43200,43.52,32,32400.0,75.0
DIVISLAB, 22-Sep-2026,9444.0,9444.0,9315.5,9352.0,9410.5,293688,27546.49,47608,180452.0,61.44
DIVOPPBEES, 22-Sep-2026,75.2,75.2,74.3,74.58,74.93,20835,15.53,641,11148.0,53.51
DIXON, 22-Sep-2026,13364.0,13434.0,12996.0,13084.0,13350.0,400815,52458.62,59655,133742.0,33.37
DJML, 22-Sep-2026,75.0,78.0,73.51,74.45,76.15,234675,178.42,4431,75532.0,32.19
DKEGL, 22-Sep-2026,70.05,70.05,69.95,69.95,72.8,6000,4.2,4,6000.0,100.0
DLF, 22-Sep-2026,662.0,671.9,659.05,669.5,660.25,5186082,34610.17,45030,3573009.0,68.9
DLINKINDIA, 22-Sep-2026,426.6,429.3,421.15,423.55,425.7,32294,137.43,2096,15002.0,46.45
DMART, 22-Sep-2026,3793.3,3830.5,3769.3,3777.0,3800.4,473697,17996.34,34519,304355.0,64.25
DMCC, 22-Sep-2026,286.8,297.9,283.8,290.65,285.4,93524,273.28,3430,34326.0,36.7
DNAMEDIA, 22-Sep-2026,2.53,2.57,2.37,2.55,2.45,32982,0.83,89,29785.0,90.31
DODLA, 22-Sep-2026,1065.5,1086.3,1036.8,1047.6,1065.1,34218,362.1,4135,19319.0,56.46
DOLATALGO, 22-Sep-2026,66.6,70.0,66.6,68.16,66.79,167707,113.37,1171,91604.0,54.62
DOLLAR, 22-Sep-2026,276.5,276.65,271.05,272.8,275.25,27774,76.06,904,13861.0,49.91
DOLLEX, 22-Sep-2026,38.0,38.5,36.0,36.6,37.6,16696,6.2,173,13487.0,80.78
DOLPHIN, 22-Sep-2026,694.0,745.0,668.4,724.3,684.0,205636,1476.0,11737,86711.0,42.17
DOMS, 22-Sep-2026,2109.0,2111.7,2087.2,2098.8,2083.1,19537,410.04,3879,9681.0,49.55
DONEAR, 22-Sep-2026,82.13,83.26,82.13,82.5,82.61,9673,8.0,172,8345.0,86.27
DPABHUSHAN, 22-Sep-2026,1422.6,1475.4,1406.2,1469.4,1422.6,39075,569.12,3442,21268.0,54.43
DPEL, 22-Sep-2026,641.6,644.0,636.1,640.15,634.15,44000,282.29,85,35000.0,79.55
DRAGARWQ, 22-Sep-2026,5241.0,5315.0,5180.0,5200.0,5280.5,1448,75.73,325,1175.0,81.15
DRCSYSTEMS, 22-Sep-2026,12.77,13.15,11.52,12.29,12.72,195714,23.83,1116,115949.0,59.24
DREAMFOLKS, 22-Sep-2026,63.48,64.48,62.57,63.04,63.48,57824,36.59,1350,39617.0,68.51
DREDGECORP, 22-Sep-2026,997.0,1035.0,984.4,993.8,994.7,160585,1615.3,7887,86108.0,53.62
DRONE, 22-Sep-2026,33.95,33.95,33.0,33.15,33.8,27500,9.16,40,19500.0,70.91
DRREDDY, 22-Sep-2026,1207.0,1222.0,1201.2,1211.0,1198.3,3355097,40686.58,69443,2006621.0,59.81
DSFCL, 22-Sep-2026,28.68,28.81,28.0,28.81,27.44,120100,34.47,432,102336.0,85.21
DSSL, 22-Sep-2026,1055.0,1059.0,1021.0,1022.2,1032.9,23096,238.14,1979,16621.0,71.96
DUCOL, 22-Sep-2026,129.95,129.95,124.0,124.0,127.75,35200,44.37,14,34400.0,97.73
DUCON, 22-Sep-2026,1.41,1.46,1.36,1.46,1.33,3328520,47.83,725,2315131.0,69.55
DUGLOBAL, 22-Sep-2026,22.95,22.95,19.3,19.4,21.4,122500,24.47,46,105000.0,85.71
DURLAX, 22-Sep-2026,61.05,65.0,59.3,60.0,63.0,166000,102.07,77,62000.0,37.35
DVL, 22-Sep-2026,285.15,292.5,282.6,283.25,283.45,3523,10.01,193,2411.0,68.44
DWARKESH, 22-Sep-2026,40.7,42.66,40.7,41.68,40.93,2743999,1147.46,12424,764498.0,27.86
DYCL, 22-Sep-2026,458.5,465.0,449.1,453.75,457.7,188194,862.89,7273,68463.0,36.38
DYNAMATECH, 22-Sep-2026,12205.0,12695.0,12102.0,12516.0,12169.0,35975,4467.06,9715,17718.0,49.25
DYNAMIC, 22-Sep-2026,138.0,144.5,138.0,142.85,139.8,12500,17.79,12,11500.0,92.0
DYNPRO, 22-Sep-2026,230.95,232.46,228.93,231.51,229.98,6561,15.11,225,4287.0,65.34
E2ERAIL, 22-Sep-2026,331.0,339.0,323.8,325.6,329.65,68800,228.91,69,40000.0,58.14
EASEMYTRIP, 22-Sep-2026,5.79,6.22,5.75,5.99,5.79,42659431,2552.98,37411,11129035.0,26.09
EASTWEST, 22-Sep-2026,2.35,2.42,2.24,2.3,2.38,107411,2.48,185,89641.0,83.46
EBANK10, 22-Sep-2026,16.56,16.56,16.4,16.4,16.64,306,0.05,7,297.0,97.06
EBANKNIFTY, 22-Sep-2026,57.17,57.22,56.72,56.95,57.13,839,0.48,21,593.0,70.68
EBBETF0430, 22-Sep-2026,1604.41,1613.87,1604.41,1608.23,1609.4,12362,198.86,220,11617.0,93.97
EBBETF0431, 22-Sep-2026,1436.92,1437.56,1430.01,1432.9,1432.0,1924,27.56,59,1703.0,88.51
EBBETF0433, 22-Sep-2026,1306.65,1306.65,1302.01,1302.8,1302.06,6496,84.63,121,4623.0,71.17
EBGNG, 22-Sep-2026,695.0,710.0,684.1,692.3,690.45,676693,4717.0,28620,248176.0,36.67
ECAPINSURE, 22-Sep-2026,23.7,23.74,23.5,23.57,23.6,11385,2.69,134,8641.0,75.9
ECLERX, 22-Sep-2026,1965.0,1998.9,1908.3,1924.1,1951.2,210085,4093.12,19722,113735.0,54.14
ECOLINE, 22-Sep-2026,183.0,188.0,177.1,187.45,181.85,97000,179.45,29,85000.0,87.63
ECORECO, 22-Sep-2026,425.0,429.45,416.1,422.9,422.75,10233,43.26,1004,6133.0,59.93
ECOSMOBLTY, 22-Sep-2026,109.67,111.18,108.0,108.62,109.6,34838,37.95,1043,18161.0,52.13
EDELWEISS, 22-Sep-2026,140.6,144.19,139.5,141.16,139.52,13480301,19061.45,70228,5579740.0,41.39
EEPL, 22-Sep-2026,130.0,133.0,128.25,129.55,131.5,13000,17.02,8,12000.0,92.31
EFACTOR, 22-Sep-2026,165.0,165.0,155.0,156.4,165.0,10400,16.46,22,10000.0,96.15
EFCIL, 22-Sep-2026,178.9,185.01,177.2,177.99,178.43,96963,173.97,2463,55399.0,57.13
EFFWA, 22-Sep-2026,358.05,363.9,358.0,363.9,356.65,4800,17.29,11,4000.0,83.33
EFORCE, 22-Sep-2026,18.7,19.2,18.7,19.15,18.6,6000,1.14,5,4800.0,80.0
EGOLD, 22-Sep-2026,151.45,152.1,150.4,151.1,151.8,24890,37.64,415,17675.0,71.01
EICHERMOT, 22-Sep-2026,7519.0,7555.0,7427.0,7427.0,7512.5,336400,25177.27,32616,225671.0,67.08
EIDPARRY, 22-Sep-2026,704.95,704.95,694.0,695.55,700.9,179390,1253.81,13094,99085.0,55.23
EIEL, 22-Sep-2026,203.9,207.0,200.5,201.07,203.89,383292,780.05,8518,147698.0,38.53
EIHAHOTELS, 22-Sep-2026,301.0,301.0,297.5,298.8,298.85,6173,18.46,369,4353.0,70.52
EIHOTEL, 22-Sep-2026,309.0,309.0,302.6,303.9,309.0,107926,329.9,4472,61425.0,56.91
EIMCOELECO, 22-Sep-2026,2285.9,2333.8,2241.6,2256.1,2288.0,15657,357.04,2224,7438.0,47.51
EKC, 22-Sep-2026,100.06,102.0,100.06,100.81,100.06,75429,76.09,1422,40907.0,54.23
EKI, 22-Sep-2026,70.89,70.89,67.11,68.79,69.99,12895,8.87,342,7773.0,60.28
ELANTAS, 22-Sep-2026,14999.0,15150.0,14262.0,14410.0,14793.0,1964,288.26,925,791.0,40.27
ELCIDIN, 22-Sep-2026,106000.0,106000.0,105000.0,105000.0,105870.0,6,6.33,5,6.0,100.0
ELDEHSG, 22-Sep-2026,783.0,790.0,771.05,780.0,781.9,365,2.85,22,247.0,67.67
ELECON, 22-Sep-2026,413.95,424.95,413.75,420.55,413.45,225275,944.23,12593,86918.0,38.58
ELECTCAST, 22-Sep-2026,73.7,73.95,72.23,72.88,73.63,1213133,884.56,8126,672144.0,55.41
ELECTHERM, 22-Sep-2026,910.3,911.25,896.0,903.85,902.25,11398,102.86,348,9155.0,80.32
ELGIEQUIP, 22-Sep-2026,612.85,623.9,607.65,608.95,612.2,306980,1885.09,35254,163132.0,53.14
ELGIRUBCO, 22-Sep-2026,60.97,60.97,59.22,59.77,59.86,7429,4.43,161,5146.0,69.27
ELGNZ, 22-Sep-2026,85.9,85.9,84.0,85.5,85.9,12000,10.28,4,2000.0,16.67
ELIN, 22-Sep-2026,90.25,91.0,89.58,90.71,89.38,57844,52.26,1100,37108.0,64.15
ELIQUID, 22-Sep-2026,1048.68,1048.7,1048.68,1048.7,1048.54,35927,376.77,15,31529.0,87.76
ELITECON, 22-Sep-2026,8.17,8.76,8.05,8.74,8.35,15398398,1338.36,10970,9301056.0,60.4
ELLEN, 22-Sep-2026,375.9,382.6,342.9,357.1,373.45,1571584,5649.63,24006,714391.0,45.46
ELM250, 22-Sep-2026,16.48,16.48,16.23,16.26,16.37,53297,8.7,236,27197.0,51.03
ELMDIV, 22-Sep-2026,35.75,35.75,35.5,35.52,35.75,263,0.09,7,213.0,80.99
ELPROINTL, 22-Sep-2026,168.25,174.08,165.05,172.24,171.4,8639,14.79,200,6516.0,75.43
EMAMILTD, 22-Sep-2026,384.9,392.0,380.55,390.0,380.6,1848450,7180.91,32727,1070617.0,57.92
EMAMIREAL, 22-Sep-2026,68.8,68.8,67.2,68.0,66.99,24259,16.61,98,23255.0,95.86
EMAPARTNER, 22-Sep-2026,85.0,85.0,82.0,82.0,83.0,12000,9.97,11,10000.0,83.33
EMBASSY, 22-Sep-2026,438.97,443.0,438.14,440.97,438.97,573076,2520.69,18776,511768.0,89.3
EMBDL, 22-Sep-2026,61.0,63.8,58.2,58.43,58.89,5822899,3527.62,31920,1621991.0,27.86
EMCURE, 22-Sep-2026,2000.0,2010.3,1972.0,1975.0,2009.3,41985,836.41,7727,22785.0,54.27
EMETAL, 22-Sep-2026,12.7,13.07,12.7,12.92,13.03,5192,0.67,35,3006.0,57.9
EMIL, 22-Sep-2026,191.28,195.03,190.21,192.61,191.28,1941463,3747.85,37726,773725.0,39.85
EMKAY, 22-Sep-2026,253.0,277.0,253.0,264.55,255.0,101420,271.25,2945,56089.0,55.3
EMKAYTOOLS, 22-Sep-2026,94.2,94.2,94.1,94.1,94.15,450,0.42,3,450.0,100.0
EMMIL, 22-Sep-2026,120.05,125.0,119.2,119.8,118.0,31500,37.92,75,29500.0,93.65
EMMVEE, 22-Sep-2026,343.0,346.8,338.3,339.75,340.6,1458115,4999.98,35682,683514.0,46.88
EMPIND, 22-Sep-2026,1057.0,1060.5,1035.0,1038.1,1054.2,941,9.88,127,575.0,61.11
EMPOWER, 22-Sep-2026,2.16,2.25,2.16,2.16,2.27,13600179,294.52,1822,6375593.0,46.88
EMSLIMITED, 22-Sep-2026,365.7,370.45,360.1,365.25,364.3,144550,528.69,4070,70264.0,48.61
EMUDHRA, 22-Sep-2026,664.0,681.6,639.9,649.25,662.0,1234222,8137.36,45841,262205.0,21.24
EMULTIMQ, 22-Sep-2026,41.68,41.84,41.32,41.52,41.38,30702,12.73,88,23156.0,75.42
ENCOMPAS, 22-Sep-2026,256.0,256.0,255.0,255.0,256.75,800,2.04,2,400.0,50.0
ENDURANCE, 22-Sep-2026,2756.4,2764.6,2687.8,2693.7,2756.4,47437,1293.24,15865,24873.0,52.43
ENERGY, 22-Sep-2026,38.94,38.94,37.97,38.02,38.18,91298,34.87,737,55237.0,60.5
ENERGYAXIS, 22-Sep-2026,18.48,19.47,18.48,18.89,18.96,34831,6.65,90,13382.0,38.42
ENERGYDEV, 22-Sep-2026,14.9,14.99,14.52,14.54,14.57,17512,2.57,213,13376.0,76.38
ENEXT50, 22-Sep-2026,71.96,72.31,71.9,71.9,72.32,14,0.01,4,10.0,71.43
ENFUSE, 22-Sep-2026,150.0,150.0,150.0,150.0,151.0,600,0.9,1,600.0,100.0
ENGINERSIN, 22-Sep-2026,286.7,304.95,281.5,302.55,285.25,23538487,69528.04,220702,4842834.0,20.57
ENIFTY, 22-Sep-2026,24.21,24.21,23.52,23.64,23.62,963,0.23,60,802.0,83.28
ENIL, 22-Sep-2026,100.9,101.54,99.1,99.64,100.03,16506,16.57,243,9013.0,54.6
ENKEIWHEL, 22-Sep-2026,394.95,407.3,391.2,395.2,388.2,630,2.49,44,554.0,87.94
ENRIN, 22-Sep-2026,3225.1,3348.0,3217.6,3235.0,3214.7,545192,17917.29,56123,229462.0,42.09
ENSER, 22-Sep-2026,15.0,16.25,15.0,15.45,14.5,85000,13.05,16,85000.0,100.0
ENTERO, 22-Sep-2026,1804.5,1865.1,1782.5,1841.8,1795.5,262292,4825.46,19198,145822.0,55.6
ENVIRO, 22-Sep-2026,65.45,66.45,65.4,66.4,66.1,19000,12.53,18,15000.0,78.95
EPACK, 22-Sep-2026,179.8,184.9,179.8,181.55,179.67,340700,622.61,5941,101483.0,29.79
EPACKPEB, 22-Sep-2026,242.5,252.0,241.0,250.34,241.57,1057801,2626.05,20988,527078.0,49.83
EPIGRAL, 22-Sep-2026,1115.0,1125.0,1095.2,1100.9,1111.0,22809,251.98,2003,12492.0,54.77
EPL, 22-Sep-2026,241.1,241.1,234.95,236.65,239.65,1299475,3088.98,23622,769296.0,59.2
EPWINDIA, 22-Sep-2026,240.0,240.0,240.0,240.0,240.15,1200,2.88,1,1200.0,100.0
EQUAL200, 22-Sep-2026,13.65,13.65,13.52,13.57,13.6,7792,1.06,50,7639.0,98.04
EQUAL50, 22-Sep-2026,324.62,324.62,322.58,323.49,324.67,3425,11.09,34,2452.0,71.59
EQUAL50ADD, 22-Sep-2026,335.27,335.64,333.08,334.34,335.27,8378,28.02,252,5037.0,60.12
EQUITASBNK, 22-Sep-2026,73.11,73.95,71.69,72.91,72.43,1575361,1146.48,14068,706937.0,44.87
ERIS, 22-Sep-2026,1295.5,1300.0,1263.6,1271.2,1295.3,50895,649.69,5208,24970.0,49.06
ESABINDIA, 22-Sep-2026,5561.0,5799.0,5558.0,5654.5,5561.0,6061,343.26,1849,3352.0,55.3
ESCONET, 22-Sep-2026,208.0,208.0,201.4,205.95,210.75,19200,39.29,41,18800.0,97.92
ESCORTS, 22-Sep-2026,2833.9,2848.3,2787.0,2793.6,2819.8,28639,802.23,4783,14717.0,51.39
ESDS, 22-Sep-2026,1724.85,1724.85,1724.85,1724.85,1642.75,158784,2738.79,2630,158608.0,99.89
ESENSEX, 22-Sep-2026,75.6,75.6,74.95,75.4,75.69,383,0.29,13,366.0,95.56
ESFL, 22-Sep-2026,122.35,127.0,122.3,125.85,127.1,10800,13.5,19,7560.0,70.0
ESG, 22-Sep-2026,40.3,40.39,40.09,40.09,40.32,25154,10.09,42,23969.0,95.29
ESILVER, 22-Sep-2026,231.51,232.63,228.26,229.6,231.52,23570,54.31,2135,8300.0,35.21
ESPRIT, 22-Sep-2026,65.0,66.0,65.0,66.0,66.25,3200,2.1,2,1600.0,50.0
ESSARSHPNG, 22-Sep-2026,16.49,16.49,15.43,15.63,16.15,156754,24.9,795,83261.0,53.12
ESSENTIA, 22-Sep-2026,1.03,1.07,1.02,1.04,1.02,3587816,37.58,892,2122273.0,59.15
ESTER, 22-Sep-2026,87.17,88.4,86.45,87.11,87.17,24596,21.43,1086,15732.0,63.96
ETERNAL, 22-Sep-2026,337.7,342.0,334.65,342.0,335.9,22276945,75455.18,172234,11129321.0,49.96
ETHOSLTD, 22-Sep-2026,2593.8,2638.5,2555.6,2613.3,2593.8,48788,1261.85,8305,28674.0,58.77
ETL, 22-Sep-2026,1070.0,1070.0,1070.0,1070.0,1069.6,150,1.61,1,150.0,100.0
ETML, 22-Sep-2026,79.8,80.1,79.5,80.1,81.6,10800,8.62,8,9600.0,88.89
EUREKAFORB, 22-Sep-2026,381.0,384.95,375.95,377.3,378.45,183218,694.72,11996,100917.0,55.08
EUROBOND, 22-Sep-2026,154.0,157.0,151.15,153.1,153.34,2636,4.05,98,1974.0,74.89
EUROPRATIK, 22-Sep-2026,224.0,229.0,217.0,218.45,224.0,260706,582.02,5425,161228.0,61.84
EVEREADY, 22-Sep-2026,325.0,331.0,321.0,329.05,321.85,91573,299.29,3010,38234.0,41.75
EVIETF, 22-Sep-2026,31.9,31.97,31.6,31.69,31.87,137555,43.62,569,76469.0,55.59
EVINDIA, 22-Sep-2026,32.06,32.06,31.6,31.64,31.81,73252,23.27,1266,43076.0,58.81
EXCELINDUS, 22-Sep-2026,958.2,963.1,946.1,952.6,953.5,7504,71.68,1043,2679.0,35.7
EXCELSOFT, 22-Sep-2026,80.6,83.85,80.6,82.85,81.83,921406,761.26,6996,348351.0,37.81
EXICOM, 22-Sep-2026,162.75,165.49,160.4,161.44,161.61,549513,895.38,6677,212836.0,38.73
EXIDEIND, 22-Sep-2026,434.5,438.5,427.5,429.7,434.5,1869658,8075.28,35103,979913.0,52.41
EXIMROUTES, 22-Sep-2026,90.0,90.0,86.05,89.2,89.15,16000,14.12,17,15200.0,95.0
EXPLEOSOL, 22-Sep-2026,885.0,887.75,870.4,877.2,883.15,8135,71.71,1097,4518.0,55.54
EXXARO, 22-Sep-2026,6.34,6.34,6.21,6.23,6.21,114586,7.18,289,87618.0,76.46
FABTECH, 22-Sep-2026,148.92,150.4,145.5,147.02,147.23,67544,99.59,823,39199.0,58.03
FACT, 22-Sep-2026,800.0,808.3,792.5,798.45,801.75,106175,848.23,7773,29624.0,27.9
FASCINATE, 22-Sep-2026,52.7,52.7,52.7,52.7,50.2,61600,32.46,39,61600.0,100.0
FAZE3Q, 22-Sep-2026,428.15,438.4,416.2,422.85,427.9,37589,161.0,1467,22468.0,59.77
FCL, 22-Sep-2026,56.7,58.68,55.89,57.39,55.75,20804868,11993.69,74680,6072316.0,29.19
FCSSOFT, 22-Sep-2026,1.41,1.41,1.37,1.38,1.4,1621095,22.52,1164,1258930.0,77.66
FDC, 22-Sep-2026,363.4,363.4,355.0,356.5,362.4,77747,278.82,6479,38099.0,49.0
FEDDERSHOL, 22-Sep-2026,65.0,72.77,59.37,64.8,61.49,51021947,35001.11,207016,4020695.0,7.88
FEDERALBNK, 22-Sep-2026,332.3,334.85,325.5,327.0,332.0,5612786,18394.92,72451,3481001.0,62.02
FEDFINA, 22-Sep-2026,152.7,154.2,150.0,152.14,151.74,923446,1406.07,13203,478263.0,51.79
FELIX, 22-Sep-2026,210.0,210.1,203.0,209.4,208.8,41000,85.19,43,16000.0,39.02
FERMENTA, 22-Sep-2026,475.0,486.2,461.8,470.6,474.25,110202,519.02,4288,68660.0,62.3
FIBERWEB, 22-Sep-2026,26.27,26.48,25.56,26.14,26.27,7490,1.96,105,6653.0,88.83
FIDEL, 22-Sep-2026,165.0,170.0,165.0,168.0,164.0,40000,67.58,24,35000.0,87.5
FIEMIND, 22-Sep-2026,1910.8,1925.1,1895.5,1906.7,1901.1,46110,879.72,4247,27844.0,60.39
FILATEX, 22-Sep-2026,102.88,105.75,99.43,101.07,102.2,7326971,7483.76,47531,1883943.0,25.71
FILATFASH, 22-Sep-2026,0.18,0.18,0.17,0.17,0.17,11808473,20.79,1656,7559734.0,64.02
FINBUD, 22-Sep-2026,109.0,116.55,108.1,116.05,110.85,30000,34.04,28,26000.0,86.67
FINCABLES, 22-Sep-2026,1409.9,1474.0,1404.3,1468.1,1399.7,1670261,24176.95,84643,637525.0,38.17
FINEORG, 22-Sep-2026,5155.0,5198.5,5079.5,5159.5,5149.5,24450,1256.02,6664,14666.0,59.98
FINIETF, 22-Sep-2026,32.28,32.33,31.9,32.0,32.19,139491,44.87,926,81563.0,58.47
FINKURVE, 22-Sep-2026,71.39,71.5,69.74,70.39,71.05,37846,26.7,660,22913.0,60.54
FINOPB, 22-Sep-2026,135.2,136.89,131.4,133.02,134.82,152627,204.3,1942,95953.0,62.87
FINPIPE, 22-Sep-2026,153.1,154.56,152.1,152.94,152.16,206950,317.13,6692,100412.0,48.52
FIRSTCRY, 22-Sep-2026,170.5,182.36,169.77,175.08,170.43,11963508,21288.09,110424,1520441.0,12.71
FISCHER, 22-Sep-2026,33.23,34.01,32.68,32.95,32.87,7482910,2467.55,2970,6833351.0,91.32
FIVESTAR, 22-Sep-2026,525.0,534.6,520.5,524.85,524.95,541837,2845.38,22073,299133.0,55.21
FLAIR, 22-Sep-2026,239.0,244.19,234.0,241.29,238.8,122428,295.24,3764,66523.0,54.34
FLEXIADD, 22-Sep-2026,9.76,9.95,9.7,9.76,9.67,261971,25.53,694,175877.0,67.14
FLUOROCHEM, 22-Sep-2026,4582.9,4590.0,4478.3,4487.2,4560.0,47912,2163.48,9896,26691.0,55.71
FLYSBS, 22-Sep-2026,690.2,695.0,671.95,673.2,690.2,33400,228.45,119,25200.0,75.45
FMCGADD, 22-Sep-2026,46.14,46.22,45.62,45.84,46.21,7261,3.34,159,5067.0,69.78
FMCGIETF, 22-Sep-2026,50.84,50.85,49.1,49.19,49.6,737924,363.79,3750,416597.0,56.46
FMGOETZE, 22-Sep-2026,439.85,449.4,439.85,446.75,439.1,121636,541.58,4494,62022.0,50.99
FMNL, 22-Sep-2026,8.89,9.14,8.41,8.43,8.85,144674,12.28,365,96203.0,66.5
FOCE, 22-Sep-2026,549.0,549.0,549.0,549.0,523.2,480,2.64,2,480.0,100.0
FONEBOX, 22-Sep-2026,144.9,144.9,144.9,144.9,138.0,21000,30.43,7,21000.0,100.0
FOODSIN, 22-Sep-2026,53.26,54.3,53.12,53.83,53.15,41389,22.24,568,30616.0,73.97
FORCAS, 22-Sep-2026,207.65,218.95,207.65,218.95,218.5,3200,6.83,2,1600.0,50.0
FORCEMOT, 22-Sep-2026,17600.0,17600.0,17182.0,17275.0,17485.0,64656,11225.79,18925,34899.0,53.98
FORGEAUTO, 22-Sep-2026,106.5,106.5,106.5,106.5,104.15,1200,1.28,1,1200.0,100.0
FORTIS, 22-Sep-2026,894.2,908.8,892.35,896.55,893.5,808369,7274.56,26615,441406.0,54.6
FOSECOIND, 22-Sep-2026,6649.0,6779.5,6500.0,6562.0,6643.0,19928,1316.27,5083,9079.0,45.56
FRACTAL, 22-Sep-2026,767.0,775.0,756.05,761.4,760.9,225446,1728.28,19985,117109.0,51.95
FREDUN, 22-Sep-2026,1325.0,1409.9,1325.0,1382.6,1348.2,137800,1905.46,11024,59056.0,42.86
FRESHARA, 22-Sep-2026,431.9,431.9,407.15,408.85,428.45,33000,135.77,51,29400.0,89.09
FROG, 22-Sep-2026,273.0,273.5,260.5,272.35,275.5,12800,34.41,31,8000.0,62.5
FRONTSP, 22-Sep-2026,1182.5,1214.0,1150.5,1162.2,1173.5,13399,156.25,1818,8132.0,60.69
FSL, 22-Sep-2026,270.3,274.8,268.3,269.5,269.45,407264,1104.46,9893,112616.0,27.65
FUSION, 22-Sep-2026,185.4,187.25,181.98,183.6,184.67,233787,430.75,4595,123620.0,52.88
FWSTC, 22-Sep-2026,170.0,170.0,170.0,170.0,169.95,600,1.02,1,600.0,100.0
GABRIEL, 22-Sep-2026,1291.3,1495.0,1291.3,1471.4,1290.3,7891064,113832.94,276612,905513.0,11.48
GAEL, 22-Sep-2026,161.8,162.13,156.15,157.08,161.25,475136,750.93,16888,231037.0,48.63
GAIL, 22-Sep-2026,173.08,174.3,171.35,171.84,172.61,8361284,14429.6,46288,5312389.0,63.54
GAJA, 22-Sep-2026,162.51,163.76,157.52,159.34,162.71,1914226,3070.33,28553,415547.0,21.71
GALAPREC, 22-Sep-2026,1054.0,1088.8,1039.0,1058.0,1042.4,45642,484.46,3526,24694.0,54.1
GALAXYSURF, 22-Sep-2026,2200.0,2238.1,2169.0,2188.0,2188.5,27241,601.21,5632,13418.0,49.26
GALLANTT, 22-Sep-2026,554.8,581.45,540.15,545.7,546.85,516798,2891.55,19515,88144.0,17.06
GANDHAR, 22-Sep-2026,269.0,271.65,266.3,269.05,267.65,380656,1023.2,6646,172913.0,45.43
GANDHITUBE, 22-Sep-2026,909.0,1046.6,906.15,1003.2,909.3,315988,3183.7,18997,95553.0,30.24
GANECOS, 22-Sep-2026,1003.7,1025.2,993.4,998.4,1008.2,43065,434.56,4148,18024.0,41.85
GANESHCP, 22-Sep-2026,172.0,172.01,165.75,166.59,171.4,112408,189.31,2335,66805.0,59.43
GANESHHOU, 22-Sep-2026,743.9,750.0,735.0,736.8,742.45,15648,116.12,1162,8239.0,52.65
GANESHIN, 22-Sep-2026,91.7,94.4,91.7,93.15,94.25,19200,17.92,16,16800.0,87.5
GANGAFORGE, 22-Sep-2026,1.59,1.6,1.57,1.57,1.58,1700312,26.9,767,1049521.0,61.73
GANGESSECU, 22-Sep-2026,114.28,116.9,114.2,115.04,114.2,67,0.08,11,54.0,80.6
GARFIBRES, 22-Sep-2026,801.0,806.9,794.95,800.45,800.45,29629,237.0,5423,15582.0,52.59
GARUDA, 22-Sep-2026,175.5,182.8,175.5,181.56,176.77,617015,1108.05,8616,282877.0,45.85
GATEWAY, 22-Sep-2026,52.98,52.98,52.05,52.28,52.51,691852,362.15,3391,460115.0,66.5
GAUDIUMIVF, 22-Sep-2026,112.01,114.1,109.25,111.35,112.25,281800,314.14,3250,165887.0,58.87
GAYAHWS, 22-Sep-2026,1.9,1.94,1.86,1.9,1.9,98199,1.86,208,67266.0,68.5
GAYAPROJ, 22-Sep-2026,24.84,24.85,23.5,23.68,24.59,799991,191.63,2855,506026.0,63.25
GCHOTELS, 22-Sep-2026,126.8,126.8,118.0,126.8,120.8,99000,123.81,111,90000.0,90.91
GCSL, 22-Sep-2026,639.8,645.25,617.05,639.2,635.1,789628,4961.63,6872,314632.0,39.85
GEEKAYWIRE, 22-Sep-2026,31.5,33.5,30.5,32.73,30.9,517452,166.67,2413,251304.0,48.57
GEMAROMA, 22-Sep-2026,150.58,157.59,150.45,153.72,150.58,62073,95.31,1670,26425.0,42.57
GENCON, 22-Sep-2026,41.24,41.24,39.25,39.84,40.54,261394,105.67,763,25927.0,9.92
GENESYS, 22-Sep-2026,282.0,286.98,273.5,280.1,279.09,482544,1350.42,9902,141834.0,29.39
GENUSPAPER, 22-Sep-2026,11.5,11.5,11.25,11.28,11.49,21443,2.43,177,16867.0,78.66
GENUSPOWER, 22-Sep-2026,312.5,313.9,308.6,309.45,310.9,883342,2745.78,14843,458681.0,51.93
GENXAI, 22-Sep-2026,72.9,76.0,72.9,73.0,71.6,26400,19.65,21,21600.0,81.82
GEOJITFSL, 22-Sep-2026,81.57,82.69,80.36,80.64,81.94,209758,170.25,2078,107951.0,51.46
GESHIP, 22-Sep-2026,1490.0,1495.1,1458.0,1462.0,1485.0,859612,12659.12,42657,469009.0,54.56
GFLLIMITED, 22-Sep-2026,57.0,58.49,56.65,56.95,57.0,38366,21.99,550,19576.0,51.02
GGBL, 22-Sep-2026,210.0,218.5,209.0,216.1,206.8,28500,60.87,89,21300.0,74.74
GHCL, 22-Sep-2026,421.85,425.95,419.1,420.3,421.55,117521,496.77,4211,73066.0,62.17
GHCLTEXTIL, 22-Sep-2026,132.1,137.36,130.11,133.92,129.52,664643,893.95,17592,265994.0,40.02
GICHSGFIN, 22-Sep-2026,139.9,142.98,138.6,138.86,139.28,47067,65.54,912,26411.0,56.11
GICRE, 22-Sep-2026,346.3,348.4,340.3,341.2,346.2,451093,1547.72,7752,308134.0,68.31
GILLANDERS, 22-Sep-2026,106.0,106.0,102.91,105.0,107.03,2693,2.83,63,2239.0,83.14
GILLETTE, 22-Sep-2026,7045.0,7060.5,6988.0,7009.0,7048.0,18255,1280.29,6320,9971.0,54.62
GILT10BETA, 22-Sep-2026,26.68,26.68,26.3,26.6,26.64,95,0.03,11,36.0,37.89
GILT5BETA, 22-Sep-2026,66.46,66.59,65.84,66.59,66.46,313,0.21,9,185.0,59.11
GILT5YBEES, 22-Sep-2026,65.95,66.02,65.78,65.92,65.84,145399,95.87,387,97667.0,67.17
GIPCL, 22-Sep-2026,190.3,191.56,186.2,186.92,189.36,258472,485.07,5747,136757.0,52.91
GIRIRAJ, 22-Sep-2026,82.85,83.0,75.5,76.45,79.45,7000,5.45,14,4750.0,67.86
GJL, 22-Sep-2026,334.45,334.45,334.0,334.45,318.55,3200,10.7,4,3200.0,100.0
GKB, 22-Sep-2026,69.11,76.02,67.11,68.37,69.11,86152,63.43,947,45792.0,53.15
GKENERGY, 22-Sep-2026,128.36,130.5,127.1,127.77,126.59,753442,969.51,8167,274765.0,36.47
GKSL, 22-Sep-2026,184.99,185.21,173.01,175.17,183.21,2252924,3946.75,9246,1255124.0,55.71
GKWLIMITED, 22-Sep-2026,1572.7,1619.6,1560.0,1565.4,1571.4,211,3.3,18,207.0,98.1
GLAND, 22-Sep-2026,2944.9,2968.4,2900.0,2916.6,2940.2,124161,3634.35,20908,64821.0,52.21
GLASSWALL, 22-Sep-2026,304.15,317.9,296.1,309.29,295.21,70304720,216756.28,591154,4157775.0,5.91
GLAXO, 22-Sep-2026,2862.7,2880.9,2840.0,2873.6,2862.9,37100,1064.21,5053,25718.0,69.32
GLENMARK, 22-Sep-2026,2460.4,2472.0,2443.0,2461.4,2450.0,402355,9907.23,32189,236757.0,58.84
GLFL, 22-Sep-2026,5.24,5.24,4.97,5.09,5.19,1446,0.07,20,1445.0,99.93
GLOBAL, 22-Sep-2026,130.4,133.5,127.58,132.23,130.6,214321,280.76,2424,117575.0,54.86
GLOBALE, 22-Sep-2026,11.38,11.43,10.75,11.15,11.16,1219,0.13,24,1173.0,96.23
GLOBALPET, 22-Sep-2026,165.0,165.0,165.0,165.0,165.0,750,1.24,1,750.0,100.0
GLOBALVECT, 22-Sep-2026,134.95,137.79,132.9,133.41,133.56,5110,6.9,305,3347.0,65.5
GLOBE, 22-Sep-2026,2.25,2.33,2.19,2.22,2.25,1261268,28.7,708,836711.0,66.34
GLOBECIVIL, 22-Sep-2026,42.87,43.99,42.02,43.66,42.14,25572,11.06,506,13781.0,53.89
GLOBUSSPR, 22-Sep-2026,830.8,833.9,819.0,821.3,830.8,48747,401.9,2955,34024.0,69.8
GLOSTERLTD, 22-Sep-2026,588.0,588.0,563.1,572.15,578.5,393,2.24,48,268.0,68.19
GLOTTIS, 22-Sep-2026,57.99,58.5,57.01,57.41,57.76,12647,7.32,396,7912.0,62.56
GMBREW, 22-Sep-2026,947.0,959.25,942.7,948.05,947.0,20472,194.55,1502,10770.0,52.61
GMDCLTD, 22-Sep-2026,562.2,565.95,557.0,563.65,557.9,726787,4085.62,19215,303091.0,41.7
GML, 22-Sep-2026,17.8,17.8,17.8,17.8,18.15,4000,0.71,1,4000.0,100.0
GMMPFAUDLR, 22-Sep-2026,1511.0,1516.2,1440.3,1462.3,1507.2,327918,4800.68,32655,148453.0,45.27
GMRAIRPORT, 22-Sep-2026,98.99,99.5,97.69,98.35,98.7,8095151,7966.36,21637,4449522.0,54.97
GMRP&UI, 22-Sep-2026,92.25,97.2,92.25,95.26,92.43,2027140,1930.26,18134,879952.0,43.41
GNA, 22-Sep-2026,567.95,567.95,553.3,561.65,564.85,152556,854.06,4928,83755.0,54.9
GNFC, 22-Sep-2026,592.1,615.85,589.3,598.7,589.9,2063093,12491.35,50769,944487.0,45.78
GNRL, 22-Sep-2026,99.1,100.2,96.3,98.42,97.17,735614,718.17,4416,551591.0,74.98
GOACARBON, 22-Sep-2026,389.2,396.35,383.95,386.9,389.1,24946,97.38,988,13798.0,55.31
GOCLCORP, 22-Sep-2026,421.65,424.0,406.35,411.05,453.45,374867,1543.7,15114,124306.0,33.16
GOCOLORS, 22-Sep-2026,306.1,310.8,305.9,307.9,306.7,31470,96.97,2112,13856.0,44.03
GODAVARIB, 22-Sep-2026,244.2,244.9,241.01,243.4,242.47,38955,94.63,1125,18182.0,46.67
GODFRYPHLP, 22-Sep-2026,1989.9,1997.1,1967.0,1970.0,1980.0,96350,1909.22,9582,30717.0,31.88
GODIGIT, 22-Sep-2026,241.45,243.6,237.15,241.85,241.45,1511491,3623.7,52356,705061.0,46.65
GODREJAGRO, 22-Sep-2026,660.7,667.35,650.1,653.9,660.65,81790,538.59,8027,36920.0,45.14
GODREJCP, 22-Sep-2026,869.8,878.8,864.2,873.6,867.5,483682,4217.43,15318,265441.0,54.88
GODREJIND, 22-Sep-2026,1101.7,1111.0,1090.6,1099.6,1101.7,35951,395.54,3915,16776.0,46.66
GODREJPROP, 22-Sep-2026,1710.0,1732.0,1690.2,1699.5,1696.9,473583,8082.02,21848,175978.0,37.16
GOKEX, 22-Sep-2026,695.0,714.0,690.0,695.05,694.7,353650,2477.78,18365,127766.0,36.13
GOKUL, 22-Sep-2026,39.7,40.65,39.61,40.4,39.56,147335,59.25,641,29089.0,19.74
GOKULAGRO, 22-Sep-2026,221.97,223.81,220.1,221.15,221.16,158912,352.49,7286,86721.0,54.57
GOLD1, 22-Sep-2026,126.57,126.76,125.4,125.99,126.65,15280316,19281.25,9269,12796631.0,83.75
GOLD360, 22-Sep-2026,147.85,148.3,146.8,147.45,147.85,6641,9.8,185,4640.0,69.87
GOLDADD, 22-Sep-2026,14.81,14.81,14.59,14.69,14.75,5061615,743.59,9883,3133926.0,61.92
GOLDAXIS, 22-Sep-2026,126.5,126.77,125.08,125.84,126.44,2262010,2843.22,4305,1370537.0,60.59
GOLDBEES, 22-Sep-2026,125.56,125.57,124.28,125.0,125.57,21852347,27307.21,83323,10684465.0,48.89
GOLDBETA, 22-Sep-2026,127.9,127.9,126.6,127.25,127.9,460617,585.93,2038,327949.0,71.2
GOLDBND, 22-Sep-2026,151.0,152.47,150.15,151.21,152.07,50308,75.99,158,49308.0,98.01
GOLDCASE, 22-Sep-2026,23.86,23.97,23.65,23.79,23.91,14811313,3523.9,10382,8399785.0,56.71
GOLDETF, 22-Sep-2026,148.0,148.0,146.2,146.96,147.7,1145706,1682.98,7548,419917.0,36.65
GOLDIAM, 22-Sep-2026,324.0,326.55,318.65,319.8,323.35,381738,1229.69,7180,214711.0,56.25
GOLDIETF, 22-Sep-2026,130.0,130.11,128.7,129.42,130.01,6958253,9001.61,27666,3984987.0,57.27
GOLDKART, 22-Sep-2026,107.1,107.1,107.1,107.1,107.1,625,0.67,1,625.0,100.0
GOLDSTAR, 22-Sep-2026,8.75,9.45,8.75,9.45,9.0,123750,11.61,11,101250.0,81.82
GOODLUCK, 22-Sep-2026,525.9,541.25,523.0,538.05,523.9,827953,4419.49,27159,312396.0,37.73
GOODYEAR, 22-Sep-2026,708.9,714.2,700.6,706.25,708.2,3588,25.39,566,2397.0,66.81
GOPAL, 22-Sep-2026,258.4,259.65,255.3,258.35,257.05,35086,90.34,2922,18298.0,52.15
GOYALALUM, 22-Sep-2026,6.29,6.29,5.9,5.97,6.09,70853,4.28,463,47530.0,67.08
GOYALSALT, 22-Sep-2026,107.0,108.0,105.0,107.65,106.35,12000,12.69,9,12000.0,100.0
GPECO, 22-Sep-2026,414.8,414.8,398.0,403.5,401.3,11600,47.21,38,8200.0,70.69
GPIL, 22-Sep-2026,239.0,239.0,232.2,232.89,236.8,1398629,3278.75,15938,738888.0,52.83
GPPL, 22-Sep-2026,165.9,166.95,163.6,164.41,164.99,819136,1348.92,13644,408202.0,49.83
GPTHEALTH, 22-Sep-2026,163.99,166.78,162.0,162.79,165.32,60740,99.51,1841,34135.0,56.2
GPTINFRA, 22-Sep-2026,117.6,119.5,117.5,118.16,118.42,152627,180.46,1852,63454.0,41.57
GRANDOAK, 22-Sep-2026,34.69,34.69,32.76,33.6,33.07,2503,0.85,92,1808.0,72.23
GRANULES, 22-Sep-2026,876.0,876.6,853.9,864.05,875.15,640982,5527.54,20312,254781.0,39.75
GRAPHISAD, 22-Sep-2026,25.3,25.3,24.65,24.65,25.0,3600,0.9,3,2400.0,66.67
GRAPHITE, 22-Sep-2026,819.9,832.65,811.0,827.75,812.8,1332319,11001.96,49263,474525.0,35.62
GRASIM, 22-Sep-2026,3171.0,3180.8,3125.0,3128.2,3166.0,692941,21716.65,37193,457272.0,65.99
GRAUWEIL, 22-Sep-2026,85.17,86.43,82.9,83.24,85.34,476150,401.95,3877,238877.0,50.17
GRAVITA, 22-Sep-2026,1585.1,1596.6,1560.0,1564.9,1580.0,198743,3128.78,17960,95918.0,48.26
GRCL, 22-Sep-2026,570.0,570.0,570.0,570.0,585.0,1250,7.13,3,1250.0,100.0
GREAVESCOT, 22-Sep-2026,198.99,205.7,198.06,199.67,198.58,2267387,4588.55,28999,965817.0,42.6
GREENCHEF, 22-Sep-2026,75.9,76.5,74.0,74.0,75.95,8000,6.0,10,6400.0,80.0
GREENLAM, 22-Sep-2026,229.9,234.99,225.0,226.17,228.76,22030,50.11,869,12955.0,58.81
GREENLEAF, 22-Sep-2026,111.05,111.05,106.4,106.4,111.05,2000,2.17,2,2000.0,100.0
GREENPANEL, 22-Sep-2026,168.27,176.54,168.27,170.18,165.45,857586,1478.75,18081,340307.0,39.68
GREENPLY, 22-Sep-2026,290.95,297.7,289.05,296.65,289.9,295075,862.12,4875,205214.0,69.55
GREENPOWER, 22-Sep-2026,9.09,9.18,8.97,9.0,9.04,1950021,176.56,3675,1228082.0,62.98
GRINDWELL, 22-Sep-2026,1985.0,2018.0,1933.0,1941.9,1966.8,57640,1141.31,14579,29046.0,50.39
GRINFRA, 22-Sep-2026,820.2,828.0,793.6,805.15,824.85,67733,550.03,8729,33502.0,49.46
GRMOVER, 22-Sep-2026,82.43,82.65,80.11,80.59,82.43,1070563,868.13,5628,258049.0,24.1
GROBTEA, 22-Sep-2026,919.8,919.8,850.0,904.2,910.0,711,6.29,107,506.0,71.17
GROWW, 22-Sep-2026,190.1,190.5,188.1,189.18,190.59,14342042,27131.76,96700,8102314.0,56.49
GROWWCAPM, 22-Sep-2026,11.14,11.19,11.11,11.16,11.14,252556,28.19,560,168220.0,66.61
GROWWCHEM, 22-Sep-2026,29.0,29.7,29.0,29.27,29.33,22198,6.54,318,10001.0,45.05
GROWWDEFNC, 22-Sep-2026,94.02,95.32,93.74,94.27,94.02,116798,110.39,1824,56126.0,48.05
GROWWEV, 22-Sep-2026,31.8,31.92,31.29,31.41,31.79,243425,76.76,1682,159893.0,65.68
GROWWGOLD, 22-Sep-2026,14.8,14.86,14.68,14.75,14.83,2180086,321.9,2570,465953.0,21.37
GROWWHOSPI, 22-Sep-2026,53.16,53.29,52.57,52.85,53.07,162188,85.78,1101,87591.0,54.01
GROWWLIQID, 22-Sep-2026,110.84,110.85,110.84,110.84,110.83,320946,355.75,146,182731.0,56.94
GROWWLOVOL, 22-Sep-2026,10.32,10.32,10.04,10.18,10.14,10850,1.1,86,5556.0,51.21
GROWWMC150, 22-Sep-2026,230.67,230.73,226.42,227.56,230.34,4199,9.66,31,3625.0,86.33
GROWWMETAL, 22-Sep-2026,12.6,12.6,12.27,12.36,12.4,127942,15.86,965,68996.0,53.93
GROWWMOM50, 22-Sep-2026,10.99,11.01,10.83,10.88,10.94,38960,4.25,365,30198.0,77.51
GROWWN200, 22-Sep-2026,11.2,11.2,11.01,11.05,11.15,44483,4.92,226,33615.0,75.57
GROWWNET, 22-Sep-2026,11.05,11.2,10.89,11.11,11.0,793359,87.71,672,512473.0,64.6
GROWWNIFTY, 22-Sep-2026,9.73,9.73,9.43,9.47,9.5,583316,55.25,4810,363490.0,62.31
GROWWNXT50, 22-Sep-2026,73.04,73.04,71.23,71.52,72.32,7901,5.71,107,5101.0,64.56
GROWWPOWER, 22-Sep-2026,11.44,11.44,11.12,11.17,11.22,1157658,130.2,1763,671046.0,57.97
GROWWPSE, 22-Sep-2026,98.0,98.0,96.37,96.99,97.31,1892,1.83,95,759.0,40.12
GROWWPSUBK, 22-Sep-2026,83.64,84.58,82.5,82.64,83.64,5789,4.8,117,1127.0,19.47
GROWWRAIL, 22-Sep-2026,27.46,27.46,27.05,27.16,27.32,278757,75.92,2123,150619.0,54.03
GROWWRLTY, 22-Sep-2026,9.69,9.7,9.36,9.56,9.55,215291,20.7,466,87735.0,40.75
GROWWSC250, 22-Sep-2026,10.63,10.63,10.51,10.54,10.56,68472,7.24,482,45840.0,66.95
GROWWSLVR, 22-Sep-2026,22.65,22.8,22.39,22.56,22.76,1392509,315.07,3148,309841.0,22.25
GRPLTD, 22-Sep-2026,1970.7,2003.9,1969.0,2000.0,1992.7,1422,28.38,211,1205.0,84.74
GRSE, 22-Sep-2026,2390.2,2459.2,2386.9,2399.7,2372.2,584333,14141.6,40606,108986.0,18.65
GRWRHITECH, 22-Sep-2026,6450.0,6502.0,6302.0,6366.5,6454.5,48819,3119.22,12985,23517.0,48.17
GSEC10ABSL, 22-Sep-2026,112.1,112.1,112.1,112.1,112.34,10,0.01,1,10.0,100.0
GSEC10IETF, 22-Sep-2026,263.57,264.6,261.46,264.6,264.57,71,0.19,9,64.0,90.14
GSEC10YEAR, 22-Sep-2026,30.26,30.37,30.11,30.12,30.11,450,0.14,18,338.0,75.11
GSEC5IETF, 22-Sep-2026,66.15,66.32,65.67,66.09,65.77,21662,14.28,38,12122.0,55.96
GSFC, 22-Sep-2026,151.36,153.8,151.0,152.19,150.75,626935,955.93,8256,211741.0,33.77
GSLSU, 22-Sep-2026,30.09,30.91,29.84,30.91,29.44,112033,34.35,494,90002.0,80.34
GSMFOILS, 22-Sep-2026,82.0,84.25,80.0,81.1,82.0,185500,151.19,275,132500.0,71.43
GSPCROP, 22-Sep-2026,493.8,493.8,482.55,484.9,490.9,238074,1156.55,3593,9925.0,4.17
GSS, 22-Sep-2026,11.17,11.17,10.36,10.54,10.82,36992,4.0,379,26873.0,72.65
GSTL, 22-Sep-2026,12.45,12.45,12.45,12.45,11.9,11000,1.37,9,11000.0,100.0
GTECJAINX, 22-Sep-2026,26.39,29.02,26.39,28.43,26.39,9492,2.71,106,5185.0,54.62
GTL, 22-Sep-2026,7.04,7.09,6.81,6.99,7.04,191858,13.4,542,158225.0,82.47
GTLINFRA, 22-Sep-2026,1.13,1.14,1.11,1.12,1.13,30228187,339.39,10817,12275069.0,40.61
GTPL, 22-Sep-2026,55.88,55.88,54.6,55.06,55.06,23773,13.14,712,14361.0,60.41
GUFICBIO, 22-Sep-2026,440.4,449.0,434.55,442.15,435.65,61868,273.96,2514,41422.0,66.95
GUJALKALI, 22-Sep-2026,628.0,635.95,617.05,626.55,629.5,78981,493.4,3741,33275.0,42.13
GUJAPOLLO, 22-Sep-2026,346.9,349.0,336.1,337.4,344.2,7101,24.37,296,4937.0,69.53
GUJENERGY, 22-Sep-2026,239.89,239.89,229.5,230.4,238.52,2054302,4772.91,46337,1222374.0,59.5
GUJRAFFIA, 22-Sep-2026,40.01,40.98,39.05,39.21,40.33,1636,0.65,39,1243.0,75.98
GUJTHEM, 22-Sep-2026,414.95,416.95,408.0,411.65,413.7,245616,1012.6,11051,138299.0,56.31
GULFOILLUB, 22-Sep-2026,1058.6,1065.3,1046.0,1050.9,1058.4,23913,251.43,3210,13123.0,54.88
GULPOLY, 22-Sep-2026,169.52,173.99,169.52,173.1,169.52,131794,227.24,3245,73607.0,55.85
GURUNANAK, 22-Sep-2026,36.0,38.0,35.1,38.0,36.9,16000,5.84,9,11200.0,70.0
GVPIL, 22-Sep-2026,698.0,711.9,670.1,673.1,688.9,312168,2158.46,14326,145820.0,46.71
GVT&D, 22-Sep-2026,4420.0,4513.5,4348.0,4348.0,4366.1,545018,24138.41,58110,190261.0,34.91
GYFTR, 22-Sep-2026,171.58,171.58,167.0,168.5,169.95,33108,56.06,525,26086.0,78.79
HAL, 22-Sep-2026,4834.8,4879.5,4776.2,4800.0,4826.0,548249,26366.96,42184,247140.0,45.08
HALDER, 22-Sep-2026,296.9,296.9,273.7,277.3,283.5,26279,74.91,149,5856.0,22.28
HALEOSLABS, 22-Sep-2026,1485.0,1539.4,1485.0,1500.0,1487.6,339,5.09,47,263.0,77.58
HAMPTON, 22-Sep-2026,8.22,8.22,7.9,8.17,8.04,8908,0.72,74,8024.0,90.08
HAPPSTMNDS, 22-Sep-2026,319.0,320.15,311.6,313.4,317.8,879998,2775.61,20690,359885.0,40.9
HAPPY, 22-Sep-2026,77.9,77.9,68.65,74.75,76.2,148000,109.54,47,98000.0,66.22
HAPPYFORGE, 22-Sep-2026,2109.1,2124.4,2076.1,2108.5,2109.1,99354,2091.54,18645,62404.0,62.81
HARDWYN, 22-Sep-2026,9.2,9.24,9.03,9.09,9.15,289352,26.48,593,158080.0,54.63
HARIOMPIPE, 22-Sep-2026,363.8,374.0,358.5,361.85,358.85,127395,464.64,5053,52072.0,40.87
HARRMALAYA, 22-Sep-2026,181.87,181.87,176.1,176.66,178.18,4078,7.26,259,3009.0,73.79
HARSHA, 22-Sep-2026,472.55,475.0,461.35,465.1,467.9,187169,875.89,7638,81435.0,43.51
HATHWAY, 22-Sep-2026,9.95,10.08,9.95,9.99,9.97,1017873,101.93,1584,455744.0,44.77
HATSUN, 22-Sep-2026,1130.0,1180.9,1128.0,1168.0,1130.7,47379,547.84,7031,18936.0,39.97
HAVELLS, 22-Sep-2026,1103.6,1109.4,1086.0,1088.9,1103.1,252772,2774.18,16656,127769.0,50.55
HAVISHA, 22-Sep-2026,1.34,1.37,1.31,1.36,1.34,33997,0.46,62,28184.0,82.9
HAWKINCOOK, 22-Sep-2026,8200.0,8259.5,7951.0,8009.5,8166.0,4227,339.66,1468,2649.0,62.67
HAZOOR, 22-Sep-2026,19.0,19.94,18.81,19.11,19.11,430931,83.43,1237,109362.0,25.38
HBESD, 22-Sep-2026,71.51,74.9,66.5,70.52,73.0,720,0.5,69,511.0,70.97
HBLENGINE, 22-Sep-2026,751.0,778.0,746.0,767.15,749.85,1613557,12400.61,48385,653768.0,40.52
HBPOR, 22-Sep-2026,61.5,62.1,55.01,61.99,61.79,204,0.12,14,202.0,99.02
HBSL, 22-Sep-2026,53.0,54.5,53.0,54.45,53.25,6255,3.35,43,5922.0,94.68
HCC, 22-Sep-2026,21.84,22.31,21.61,21.67,21.83,14710707,3226.02,24150,3918889.0,26.64
HCG, 22-Sep-2026,701.35,715.7,696.85,713.1,701.35,99348,705.95,6935,60011.0,60.4
HCL-INSYS, 22-Sep-2026,10.69,11.24,10.69,10.79,10.7,531935,58.28,1514,295441.0,55.54
HCLTECH, 22-Sep-2026,1280.0,1286.1,1240.3,1270.4,1281.0,2680986,33891.38,81922,914584.0,34.11
HDBFS, 22-Sep-2026,680.95,684.1,672.75,674.55,680.95,153222,1037.3,10105,84068.0,54.87
HDFCAMC, 22-Sep-2026,2438.2,2451.8,2414.1,2430.0,2440.0,481994,11714.43,39910,305960.0,63.48
HDFCBANK, 22-Sep-2026,738.85,749.3,738.6,738.6,739.5,35483669,264187.91,307695,24362291.0,68.66
HDFCBSE500, 22-Sep-2026,37.08,37.09,36.63,36.79,36.93,1159363,426.38,229,1131413.0,97.59
HDFCGOLD, 22-Sep-2026,129.53,129.92,128.47,129.26,129.83,3410806,4405.95,7923,1697482.0,49.77
HDFCGROWTH, 22-Sep-2026,114.81,114.82,114.01,114.34,114.73,14004,16.01,120,7382.0,52.71
HDFCLIFE, 22-Sep-2026,560.55,567.4,559.05,559.2,559.4,1788405,10073.04,47912,829455.0,46.38
HDFCLIQUID, 22-Sep-2026,1078.9,1078.92,1078.9,1078.92,1078.77,27281,294.34,41,26286.0,96.35
HDFCLOWVOL, 22-Sep-2026,20.29,20.29,19.91,19.96,20.04,3253,0.65,63,1416.0,43.53
HDFCMID150, 22-Sep-2026,23.25,23.25,23.05,23.16,23.11,498977,115.56,1119,175874.0,35.25
HDFCMOMENT, 22-Sep-2026,30.79,30.83,30.5,30.69,30.64,198472,60.93,488,126600.0,63.79
HDFCNEXT50, 22-Sep-2026,73.99,74.07,73.54,73.66,73.84,99490,73.43,379,22685.0,22.8
HDFCNIF100, 22-Sep-2026,25.53,25.53,25.21,25.31,25.41,66513,16.85,244,54498.0,81.94
HDFCNIFBAN, 22-Sep-2026,58.4,58.4,57.84,58.03,58.17,45977,26.71,319,38676.0,84.12
HDFCNIFIT, 22-Sep-2026,31.55,31.55,30.35,30.49,30.93,1173850,358.24,754,803440.0,68.44
HDFCNIFTY, 22-Sep-2026,271.4,271.4,263.1,263.97,264.79,131748,347.75,864,110479.0,83.86
HDFCNIMEG, 22-Sep-2026,130.17,130.46,129.12,129.68,129.91,2207,2.86,63,1374.0,62.26
HDFCPSUBK, 22-Sep-2026,84.28,84.29,83.19,83.44,84.02,15620,13.06,197,7114.0,45.54
HDFCPVTBAN, 22-Sep-2026,27.87,28.06,27.82,27.88,27.87,46295,12.92,549,34104.0,73.67
HDFCQUAL, 22-Sep-2026,55.82,57.1,55.82,56.82,57.26,15973,9.08,222,8792.0,55.04
HDFCSENSEX, 22-Sep-2026,87.17,87.17,84.51,84.8,85.05,33409,28.37,554,17451.0,52.23
HDFCSILVER, 22-Sep-2026,222.05,222.22,218.18,220.07,222.04,3187602,7018.85,13042,834288.0,26.17
HDFCSML250, 22-Sep-2026,183.0,186.43,182.2,183.98,184.23,981864,1810.46,13489,667289.0,67.96
HDFCVALUE, 22-Sep-2026,122.4,122.5,121.14,121.26,122.33,8667,10.57,119,7469.0,86.18
HEADSUP, 22-Sep-2026,6.89,6.91,6.66,6.77,6.91,3446,0.23,117,3290.0,95.47
HEALTHADD, 22-Sep-2026,17.07,17.32,16.88,16.9,16.99,9214,1.56,85,4740.0,51.44
HEALTHAXIS, 22-Sep-2026,171.35,171.35,170.1,171.22,171.79,639,1.09,54,417.0,65.26
HEALTHCARE, 22-Sep-2026,22.5,22.5,21.83,21.9,22.06,38218,8.4,260,30191.0,79.0
HEALTHIETF, 22-Sep-2026,173.01,173.8,171.0,171.77,172.96,125259,215.67,4609,75342.0,60.15
HEALTHX, 22-Sep-2026,297.0,303.0,287.0,289.4,297.0,8261,24.19,177,7039.0,85.21
HEALTHY, 22-Sep-2026,17.33,17.45,17.2,17.24,17.33,412294,71.19,897,337690.0,81.91
HECPROJECT, 22-Sep-2026,117.26,118.95,114.1,115.68,118.1,11252,13.06,253,9036.0,80.31
HEGAM, 22-Sep-2026,247.0,248.0,229.5,232.9,248.5,1096045,2617.73,18499,740627.0,67.57
HEIDELBERG, 22-Sep-2026,141.7,142.98,140.44,141.13,141.67,69280,98.11,1615,40397.0,58.31
HEMIPROP, 22-Sep-2026,120.02,121.54,118.55,119.16,120.02,326039,390.58,3350,223038.0,68.41
HERANBA, 22-Sep-2026,169.75,169.85,165.0,166.47,167.08,19818,33.03,856,10172.0,51.33
HERITGFOOD, 22-Sep-2026,422.4,426.2,412.8,414.7,421.5,234231,981.0,8354,99648.0,42.54
HEROMOTOCO, 22-Sep-2026,5424.0,5443.0,5368.0,5373.0,5419.0,542248,29266.76,69793,336853.0,62.12
HESTERBIO, 22-Sep-2026,2184.8,2235.9,2166.1,2178.7,2188.8,1267,27.87,309,855.0,67.48
HEXATRADEX, 22-Sep-2026,160.9,160.9,157.1,158.81,159.84,601,0.95,33,426.0,70.88
HEXT, 22-Sep-2026,513.1,515.6,503.0,504.2,515.25,274878,1402.73,7091,206922.0,75.28
HGINFRA, 22-Sep-2026,442.65,452.4,440.05,444.45,442.65,70448,313.62,4418,28965.0,41.12
HGM, 22-Sep-2026,47.5,48.5,40.0,42.66,46.46,66926,28.5,981,42341.0,63.27
HGS, 22-Sep-2026,376.1,386.15,376.1,379.65,377.8,11133,42.23,554,5980.0,53.71
HIGREEN, 22-Sep-2026,109.3,112.0,107.0,108.9,107.35,23200,25.36,29,16000.0,68.97
HIKAL, 22-Sep-2026,229.5,234.0,225.2,227.0,229.15,736129,1690.74,17133,186262.0,25.3
HILINFRA, 22-Sep-2026,44.3,44.3,43.02,43.26,43.37,33250,14.5,584,21466.0,64.56
HILTON, 22-Sep-2026,17.0,17.0,16.46,16.59,16.44,157941,26.38,554,102058.0,64.62
HIMATSEIDE, 22-Sep-2026,63.25,64.0,61.09,63.21,62.76,1370385,853.5,8213,763389.0,55.71
HINDADH, 22-Sep-2026,391.9,391.9,375.25,384.45,383.9,2862,10.97,105,2629.0,91.86
HINDALCO, 22-Sep-2026,987.0,987.5,967.1,973.0,981.2,3336085,32461.97,71483,2195051.0,65.8
HINDALUMI, 22-Sep-2026,94.0,96.5,91.25,94.08,93.26,1945,1.83,211,1249.0,64.22
HINDCOMPOS, 22-Sep-2026,380.5,383.75,371.5,376.55,379.25,2234,8.45,200,1352.0,60.52
HINDCON, 22-Sep-2026,24.37,25.5,24.37,24.73,24.44,59407,14.82,323,38033.0,64.02
HINDCOPPER, 22-Sep-2026,510.05,521.7,507.1,508.2,503.95,7778716,40019.0,94009,2201350.0,28.3
HINDOILEXP, 22-Sep-2026,176.5,177.48,174.0,174.83,176.63,370465,649.98,6139,183029.0,49.41
HINDPETRO, 22-Sep-2026,359.2,365.2,354.7,360.7,357.6,5830757,21026.54,42113,2947469.0,50.55
HINDUNILVR, 22-Sep-2026,1952.0,1956.8,1933.8,1933.8,1947.0,1023040,19856.2,39331,587156.0,57.39
HINDWAREAP, 22-Sep-2026,175.0,178.69,174.0,174.77,176.57,41766,73.59,1634,25456.0,60.95
HINDZINC, 22-Sep-2026,591.8,599.95,590.15,590.5,591.8,3894528,23126.21,54375,2151793.0,55.25
HIRECT, 22-Sep-2026,1249.9,1295.9,1235.0,1242.2,1241.2,51959,660.35,5150,20909.0,40.24
HISARMETAL, 22-Sep-2026,158.0,162.69,155.35,156.05,159.02,1158,1.82,63,616.0,53.2
HITECH, 22-Sep-2026,74.96,75.85,74.0,74.62,74.96,499235,372.04,4663,335553.0,67.21
HLEGLAS, 22-Sep-2026,479.9,483.4,445.75,445.75,469.2,431598,1989.46,11079,212139.0,49.15
HLVLTD, 22-Sep-2026,6.7,6.74,6.29,6.4,6.73,546868,35.21,1682,363808.0,66.53
HMAAGRO, 22-Sep-2026,24.41,24.41,23.36,23.72,23.95,2088829,495.78,5947,1064915.0,50.98
HNDFDS, 22-Sep-2026,617.75,625.9,613.05,622.15,617.75,41151,255.05,4973,25185.0,61.2
HNGSNGBEES, 22-Sep-2026,465.4,466.98,462.16,462.58,463.13,46908,217.61,2698,28934.0,61.68
HOACFOODS, 22-Sep-2026,809.15,809.15,809.15,809.15,825.65,3000,24.27,7,3000.0,100.0
HOLMARC, 22-Sep-2026,115.5,120.8,115.5,120.0,115.5,6750,8.03,8,5250.0,77.78
HOMEFIRST, 22-Sep-2026,1255.0,1255.0,1190.0,1212.5,1257.7,308917,3746.97,17436,158859.0,51.42
HONASA, 22-Sep-2026,474.0,476.6,472.0,473.65,473.6,463681,2201.34,16587,227097.0,48.98
HONAUT, 22-Sep-2026,34685.0,34890.0,33950.0,34025.0,34685.0,2713,932.69,2052,1597.0,58.86
HONDAPOWER, 22-Sep-2026,1920.6,1938.0,1910.0,1916.5,1920.6,1669,32.07,380,953.0,57.1
HORIZONIND, 22-Sep-2026,52.74,53.5,52.02,52.76,52.74,4274349,2252.97,23017,2523151.0,59.03
HPAL, 22-Sep-2026,36.65,36.65,35.26,35.39,35.93,27400,9.74,325,20409.0,74.49
HPIL, 22-Sep-2026,120.0,120.01,115.01,118.71,119.1,397,0.47,35,200.0,50.38
HPL, 22-Sep-2026,283.3,291.45,278.2,279.85,283.15,102152,289.77,3720,49686.0,48.64
HPTL, 22-Sep-2026,444.3,446.0,444.3,446.0,424.85,3600,16.05,6,3600.0,100.0
HRHNEXT, 22-Sep-2026,24.0,24.0,24.0,24.0,25.25,9000,2.16,6,9000.0,100.0
HRYNSHP, 22-Sep-2026,92.01,100.95,92.01,99.85,99.99,332,0.33,24,319.0,96.08
HSBCGOLD, 22-Sep-2026,131.74,133.0,130.51,131.14,131.63,4741,6.24,55,4155.0,87.64
HSCL, 22-Sep-2026,676.35,678.7,668.05,669.45,676.45,2081157,14007.96,26443,967504.0,46.49
HTEL, 22-Sep-2026,73.39,74.48,70.15,70.96,72.52,1699824,1227.31,19087,819255.0,48.2
HTMEDIA, 22-Sep-2026,24.05,24.75,23.77,24.45,24.04,77379,18.81,273,66678.0,86.17
HUBTOWN, 22-Sep-2026,175.73,179.25,175.06,175.61,175.73,225987,400.04,2682,142257.0,62.95
HUDCO, 22-Sep-2026,173.5,174.49,171.99,172.4,173.23,970859,1677.86,15257,541776.0,55.8
HUHTAMAKI, 22-Sep-2026,243.95,249.05,242.0,246.55,243.75,92529,228.15,5160,49731.0,53.75
HVAX, 22-Sep-2026,665.0,692.2,665.0,692.2,659.25,600,4.11,4,600.0,100.0
HYBRIDETF, 22-Sep-2026,10.02,10.02,9.92,9.98,9.98,3286,0.33,45,3193.0,97.17
HYUNDAI, 22-Sep-2026,2145.0,2152.8,2097.6,2101.0,2144.0,462118,9797.68,30984,201703.0,43.65
IBLFL, 22-Sep-2026,61.0,61.0,61.0,61.0,61.0,4000,2.44,2,4000.0,100.0
IBULLSLTD, 22-Sep-2026,29.0,29.9,28.66,29.51,29.09,7641378,2246.26,15929,4011588.0,52.5
ICELCO, 22-Sep-2026,126.9,126.9,125.0,125.1,124.95,55200,69.21,38,52800.0,95.65
ICEMAKE, 22-Sep-2026,693.0,709.0,689.9,702.1,693.7,14608,102.14,1196,8899.0,60.92
ICICIAMC, 22-Sep-2026,3207.0,3216.1,3141.0,3151.2,3207.8,335076,10621.1,21096,196477.0,58.64
ICICIB22, 22-Sep-2026,109.84,113.61,109.84,112.46,112.66,267853,301.55,1876,226625.0,84.61
ICICIBANK, 22-Sep-2026,1343.0,1347.2,1333.8,1339.6,1345.0,6433249,86230.52,168586,3196333.0,49.68
ICICIGI, 22-Sep-2026,1511.0,1513.8,1480.0,1480.0,1509.1,690497,10334.88,25490,441110.0,63.88
ICICIPRULI, 22-Sep-2026,495.9,497.9,486.05,486.65,493.0,517509,2542.85,18019,228505.0,44.15
ICIL, 22-Sep-2026,436.25,453.15,436.25,448.9,436.15,400281,1790.8,17936,170336.0,42.55
ICRA, 22-Sep-2026,4558.0,4607.9,4552.0,4579.8,4545.7,64757,2966.34,3370,56298.0,86.94
IDBI, 22-Sep-2026,83.25,84.0,82.7,82.88,83.06,4998773,4160.02,24262,2015596.0,40.32
IDEA, 22-Sep-2026,13.89,14.36,13.71,14.27,13.84,527812273,74526.36,835162,141090480.0,26.73
IDEAFORGE, 22-Sep-2026,765.0,775.95,727.75,741.4,766.05,216245,1630.18,12156,141018.0,65.21
IDEALTECHO, 22-Sep-2026,110.0,110.0,96.0,96.0,95.0,8000,8.15,8,4000.0,50.0
IDENTICAL, 22-Sep-2026,17.95,17.95,17.95,17.95,17.3,2000,0.36,1,2000.0,100.0
IDFCFIRSTB, 22-Sep-2026,85.64,86.1,84.9,85.37,85.8,7198920,6142.36,58529,3905611.0,54.25
IDFNIFTYET, 22-Sep-2026,259.85,259.97,257.59,259.13,259.6,791,2.05,30,761.0,96.21
IEML, 22-Sep-2026,41.0,44.15,40.5,44.15,42.05,101000,44.47,81,98500.0,97.52
IEX, 22-Sep-2026,113.82,114.12,112.12,112.9,113.82,4454976,5023.01,31977,2494950.0,56.0
IFBAGRO, 22-Sep-2026,874.05,880.0,860.0,865.7,870.0,1783,15.56,214,1293.0,72.52
IFBIND, 22-Sep-2026,1220.0,1238.0,1210.5,1213.1,1222.3,16131,197.49,1654,9937.0,61.6
IFCI, 22-Sep-2026,74.45,77.08,73.91,75.94,74.25,67877909,51454.71,152520,7957555.0,11.72
IFGLEXPOR, 22-Sep-2026,197.15,200.0,193.2,194.65,197.9,38262,75.32,1082,19377.0,50.64
IGARASHI, 22-Sep-2026,426.0,432.15,421.2,424.0,424.25,43387,185.03,2061,18994.0,43.78
IGCL, 22-Sep-2026,65.0,67.08,64.11,64.85,65.55,102898,67.59,1969,56740.0,55.14
IGIL, 22-Sep-2026,324.0,332.25,323.2,326.95,323.8,1036006,3397.24,25145,549846.0,53.07
IGL, 22-Sep-2026,148.71,148.99,145.5,146.68,148.85,2535771,3718.84,38359,1403653.0,55.35
IGPL, 22-Sep-2026,585.0,585.0,558.7,563.4,576.75,65381,371.54,2425,40651.0,62.18
IIFL, 22-Sep-2026,608.0,620.0,604.0,617.55,608.1,1734500,10667.2,48279,878378.0,50.64
IIFLCAPS, 22-Sep-2026,344.5,345.9,342.0,345.05,344.4,284144,977.85,5496,166674.0,58.66
IITL, 22-Sep-2026,142.78,163.0,140.16,143.4,143.02,93108,133.54,855,10410.0,11.18
IKIO, 22-Sep-2026,213.68,216.8,203.83,205.98,211.68,266100,552.71,5678,103921.0,39.05
IKS, 22-Sep-2026,1771.7,1886.0,1771.3,1869.2,1782.8,486580,9006.34,31383,226085.0,46.46
IMAGICAA, 22-Sep-2026,53.05,54.1,52.03,52.4,52.87,462703,245.78,2723,211973.0,45.81
IMFA, 22-Sep-2026,1240.0,1270.0,1238.0,1252.8,1238.0,76934,966.29,6552,33653.0,43.74
IMPAL, 22-Sep-2026,1084.0,1129.0,1071.0,1075.0,1077.2,1353,14.66,191,890.0,65.78
INA, 22-Sep-2026,91.05,95.9,91.05,92.56,90.72,755835,708.66,5665,364094.0,48.17
INCREDIBLE, 22-Sep-2026,33.01,33.01,32.32,32.51,33.11,786,0.26,23,779.0,99.11
INDBANK, 22-Sep-2026,25.7,25.95,25.5,25.65,25.47,14492,3.72,175,11590.0,79.98
INDGN, 22-Sep-2026,596.0,600.35,588.0,592.1,595.95,192223,1142.0,10119,89534.0,46.58
INDHOTEL, 22-Sep-2026,749.4,749.4,735.75,736.25,745.0,1255870,9308.77,38782,609609.0,48.54
INDIACEM, 22-Sep-2026,348.6,348.6,339.6,340.65,345.0,97438,334.43,5734,43740.0,44.89
INDIAGLYCO, 22-Sep-2026,257.8,258.5,252.0,253.6,255.8,284894,724.32,6084,148007.0,51.95
INDIAMART, 22-Sep-2026,1635.0,1645.0,1630.0,1635.2,1631.4,39293,642.15,6534,21397.0,54.45
INDIANB, 22-Sep-2026,844.95,850.8,835.5,840.8,841.0,498899,4193.23,35893,254098.0,50.93
INDIANCARD, 22-Sep-2026,207.11,213.0,207.08,212.95,206.05,641,1.36,28,623.0,97.19
INDIANHUME, 22-Sep-2026,364.0,377.0,359.0,367.9,362.95,61624,226.83,2983,28909.0,46.91
INDIASHLTR, 22-Sep-2026,680.0,681.15,660.7,662.15,674.6,48202,320.43,2910,25550.0,53.01
INDIGO, 22-Sep-2026,5000.0,5064.0,4943.0,5030.0,4941.0,873833,43654.24,50865,490119.0,56.09
INDIGOPNTS, 22-Sep-2026,1131.0,1149.9,1117.0,1142.0,1130.5,48417,552.06,7094,23561.0,48.66
INDIGRID, 22-Sep-2026,173.6,173.75,171.6,172.82,173.49,1203841,2076.51,9776,1028034.0,85.4
INDIQUBE, 22-Sep-2026,190.81,192.29,183.85,187.96,188.34,67403,126.01,2075,39846.0,59.12
INDNIPPON, 22-Sep-2026,1254.0,1276.0,1226.8,1237.0,1238.6,38127,475.04,4238,15221.0,39.92
INDOBORAX, 22-Sep-2026,467.0,473.95,461.0,463.55,463.85,32044,149.23,2380,16820.0,52.49
INDOCO, 22-Sep-2026,259.25,262.99,253.1,254.51,257.59,149543,386.19,4282,69503.0,46.48
INDOFARM, 22-Sep-2026,142.0,144.29,139.0,139.9,143.36,84078,118.84,1807,40979.0,48.74
INDOKEM, 22-Sep-2026,625.0,640.0,601.65,607.2,614.6,3087,18.89,332,1865.0,60.41
INDOMIM, 22-Sep-2026,1155.0,1248.0,1146.65,1233.3,1161.45,8175941,99030.42,316396,1939035.0,23.72
INDORAMA, 22-Sep-2026,106.18,112.3,102.26,103.57,106.55,4610713,4947.6,48143,1223841.0,26.54
INDOSTAR, 22-Sep-2026,234.55,237.37,230.0,231.58,235.45,35719,82.93,1149,24773.0,69.36
INDOTECH, 22-Sep-2026,3313.5,3359.9,3249.1,3279.0,3313.5,11936,392.73,2869,7086.0,59.37
INDOTHAI, 22-Sep-2026,34.0,34.79,32.38,32.38,34.08,1578498,519.55,4435,1108234.0,70.21
INDOUS, 22-Sep-2026,79.7,79.7,78.0,78.99,78.5,4002,3.14,41,2400.0,59.97
INDOWIND, 22-Sep-2026,9.06,9.14,8.85,9.0,8.92,84149,7.58,439,41814.0,49.69
INDPRUD, 22-Sep-2026,6273.0,6273.0,6271.0,6273.0,6295.5,21,1.32,6,21.0,100.0
INDRAMEDCO, 22-Sep-2026,369.5,369.65,357.0,360.95,365.95,148051,540.33,5566,82154.0,55.49
INDSWFTLAB, 22-Sep-2026,388.0,417.0,386.2,405.55,379.4,2018474,8163.51,42027,627537.0,31.09
INDTERRAIN, 22-Sep-2026,29.02,29.52,28.63,29.2,29.02,13764,3.99,304,7925.0,57.58
INDUSINDBK, 22-Sep-2026,959.0,963.5,949.3,955.0,956.0,971946,9290.47,36189,587699.0,60.47
INDUSINVIT, 22-Sep-2026,133.79,134.1,132.25,133.97,133.79,176634,235.64,7725,141487.0,80.1
INDUSTOWER, 22-Sep-2026,377.65,382.1,373.65,382.1,377.65,3537704,13378.17,35947,1968278.0,55.64
INFINIUM, 22-Sep-2026,278.95,278.95,262.2,262.2,274.5,1500,4.08,3,1000.0,66.67
INFLUX, 22-Sep-2026,275.0,280.4,275.0,275.45,276.05,18600,51.3,22,14400.0,77.42
INFOBEAN, 22-Sep-2026,153.88,153.88,150.45,151.05,152.45,115367,174.97,1952,63087.0,54.68
INFOLLION, 22-Sep-2026,157.8,158.0,151.05,152.5,153.5,8000,12.39,14,4800.0,60.0
INFOMEDIA, 22-Sep-2026,5.65,5.65,5.16,5.34,5.48,10392,0.55,154,8343.0,80.28
INFRA, 22-Sep-2026,11.92,11.92,11.78,11.78,11.85,12256,1.45,167,7595.0,61.97
INFRABEES, 22-Sep-2026,940.97,944.47,929.88,931.64,936.29,7995,74.74,531,3871.0,48.42
INFRAIETF, 22-Sep-2026,93.4,93.78,92.65,93.09,93.16,67131,62.49,7544,41953.0,62.49
INFY, 22-Sep-2026,1037.7,1041.0,1019.2,1029.4,1038.5,9341109,95960.77,167463,5187113.0,55.53
INGERRAND, 22-Sep-2026,4210.0,4249.0,4140.0,4146.7,4206.4,14361,599.37,3187,8702.0,60.59
INNOMET, 22-Sep-2026,291.9,292.35,291.0,292.35,286.65,30600,89.36,38,26400.0,86.27
INNOVACAP, 22-Sep-2026,1207.6,1237.9,1204.2,1226.7,1198.3,56049,685.61,7889,27466.0,49.0
INNOVANA, 22-Sep-2026,307.0,307.9,291.05,295.3,304.5,44589,132.63,1043,20252.0,45.42
INNOVISION, 22-Sep-2026,253.6,255.95,250.85,254.45,253.3,5564,14.16,363,3784.0,68.01
INOXGREEN, 22-Sep-2026,172.34,175.9,169.26,171.41,172.34,1945949,3350.33,19065,885996.0,45.53
INOXINDIA, 22-Sep-2026,2130.7,2175.5,2097.7,2133.7,2089.2,376256,8060.99,45806,159834.0,42.48
INOXWIND, 22-Sep-2026,78.03,78.89,77.4,77.9,77.5,10089416,7893.35,29487,5177207.0,51.31
INSECTICID, 22-Sep-2026,598.95,616.85,596.5,611.6,598.95,37873,230.71,9225,20253.0,53.48
INSPIRISYS, 22-Sep-2026,89.79,89.79,87.0,88.99,87.15,1156,1.02,33,715.0,61.85
INSUREIETF, 22-Sep-2026,15.44,16.0,15.09,15.17,15.22,427861,65.24,359,281544.0,65.8
INTELLECT, 22-Sep-2026,660.5,664.65,644.95,647.75,659.1,466891,3038.76,29263,258788.0,55.43
INTENTECH, 22-Sep-2026,81.0,85.88,79.0,81.35,81.26,38938,31.56,557,32190.0,82.67
INTERARCH, 22-Sep-2026,1715.0,1733.7,1692.0,1701.6,1709.4,32052,549.02,2837,19201.0,59.91
INTERNET, 22-Sep-2026,14.86,15.0,14.8,14.97,14.8,321002,47.99,386,270976.0,84.42
INTLCONV, 22-Sep-2026,75.22,78.3,75.22,77.86,75.35,41166,31.82,982,33881.0,82.3
INVENTURE, 22-Sep-2026,0.89,0.91,0.89,0.89,0.89,1112088,10.01,292,372493.0,33.49
INVICTA, 22-Sep-2026,65.0,67.0,65.0,67.0,68.1,3200,2.11,2,1600.0,50.0
IOB, 22-Sep-2026,32.06,32.2,31.85,31.92,32.06,1483150,474.77,6980,846622.0,57.08
IOC, 22-Sep-2026,137.53,139.3,136.8,137.8,136.53,11156453,15387.6,59911,5092768.0,45.65
IOLCP, 22-Sep-2026,203.05,206.19,193.46,200.39,202.91,2518148,5078.46,30136,878304.0,34.88
IONEXCHANG, 22-Sep-2026,432.25,442.95,422.9,429.8,432.25,197060,854.55,10774,102519.0,52.02
IPCALAB, 22-Sep-2026,2015.5,2037.0,1980.0,1992.4,2008.2,122345,2455.27,23534,77905.0,63.68
IPHL, 22-Sep-2026,72.0,72.0,71.0,71.0,72.95,8400,5.99,7,7200.0,85.71
IPL, 22-Sep-2026,135.8,135.9,133.2,133.47,134.43,173144,232.06,1806,71980.0,41.57
IPRINGLTD, 22-Sep-2026,137.0,138.99,132.0,135.95,140.42,2867,3.89,72,2313.0,80.68
IRB, 22-Sep-2026,18.1,18.27,17.93,17.98,18.1,16358591,2949.7,29348,8716057.0,53.28
IRBINVIT, 22-Sep-2026,64.93,64.96,64.52,64.6,64.96,239019,154.71,3162,212971.0,89.1
IRCON, 22-Sep-2026,109.0,110.9,108.66,109.09,108.85,1704761,1872.48,21642,532346.0,31.23
IRCTC, 22-Sep-2026,472.0,474.6,466.35,469.65,470.7,431674,2034.57,18049,174894.0,40.52
IREDA, 22-Sep-2026,111.25,112.19,110.0,110.25,111.0,2673698,2966.8,22381,983222.0,36.77
IRFC, 22-Sep-2026,80.51,80.8,79.8,80.0,80.22,4813566,3859.35,35133,1822632.0,37.86
IRIS, 22-Sep-2026,246.5,248.99,232.5,236.43,245.37,25387,60.3,1114,13413.0,52.83
IRISDOREME, 22-Sep-2026,64.81,68.0,63.2,66.24,64.81,2598455,1719.1,12655,430983.0,16.59
IRMENERGY, 22-Sep-2026,269.0,273.0,267.6,268.35,271.75,39213,105.83,1794,20599.0,52.53
ISFT, 22-Sep-2026,93.98,108.24,91.65,104.02,92.09,385240,387.88,6214,107058.0,27.79
ISGEC, 22-Sep-2026,851.4,859.4,835.0,840.75,852.85,64283,545.72,6724,32802.0,51.03
ISHAN, 22-Sep-2026,0.5,0.5,0.5,0.5,0.5,48000,0.24,1,48000.0,100.0
ISHANCH, 22-Sep-2026,53.35,53.39,50.0,50.78,49.7,73746,37.28,321,62024.0,84.1
ISTLTD, 22-Sep-2026,652.0,680.0,642.5,675.75,652.0,1091,7.25,156,831.0,76.17
IT, 22-Sep-2026,32.1,32.11,31.55,31.78,32.14,588058,186.76,1829,308076.0,52.39
ITADD, 22-Sep-2026,30.55,30.55,30.12,30.45,30.63,22170,6.73,170,8458.0,38.15
ITAXIS, 22-Sep-2026,325.48,325.48,313.0,315.69,321.5,2172,6.84,75,1682.0,77.44
ITBEES, 22-Sep-2026,32.34,32.34,31.55,31.77,32.12,11585503,3679.07,20465,4607327.0,39.77
ITBETA, 22-Sep-2026,301.33,309.0,299.3,309.0,304.29,540,1.62,27,450.0,83.33
ITC, 22-Sep-2026,267.9,268.25,264.75,265.8,267.0,7177847,19111.24,81112,4327862.0,60.29
ITCHOTELS, 22-Sep-2026,157.0,159.78,157.0,158.6,155.86,1872495,2975.05,29019,840821.0,44.9
ITDC, 22-Sep-2026,651.95,723.7,651.0,705.75,651.95,3480946,24664.61,128814,201836.0,5.8
ITETF, 22-Sep-2026,30.6,30.6,30.09,30.33,30.59,531253,160.87,924,167575.0,31.54
ITI, 22-Sep-2026,255.35,257.8,252.8,253.25,255.25,182578,466.12,5025,83653.0,45.82
ITIETF, 22-Sep-2026,32.13,32.19,31.58,31.82,32.13,583650,185.29,1603,255232.0,43.73
ITL, 22-Sep-2026,367.35,369.9,361.1,365.75,363.9,1430,5.24,76,1108.0,77.48
IVALUE, 22-Sep-2026,224.79,229.8,221.22,225.48,221.33,165371,373.4,4436,87581.0,52.96
IVC, 22-Sep-2026,7.83,7.99,7.72,7.78,7.83,153235,11.96,810,103413.0,67.49
IVZBANKNF, 22-Sep-2026,56.54,56.57,56.15,56.24,56.39,35,0.02,7,35.0,100.0
IVZINGOLD, 22-Sep-2026,132.0,132.1,130.65,131.55,132.05,47281,62.14,420,34592.0,73.16
IVZINNIFTY, 22-Sep-2026,269.7,269.7,267.61,268.0,268.95,102,0.27,20,101.0,99.02
IVZSENSEX, 22-Sep-2026,77.0,77.0,74.6,74.6,75.13,2559,1.92,19,1540.0,60.18
IWARE, 22-Sep-2026,382.45,392.0,376.5,389.2,389.0,14400,55.01,23,12000.0,83.33
IWP, 22-Sep-2026,34.18,34.5,33.66,34.47,33.84,2747,0.94,46,2705.0,98.47
IXIGO, 22-Sep-2026,161.85,165.26,160.65,163.28,160.98,892824,1454.83,15535,371186.0,41.57
IZMO, 22-Sep-2026,934.0,979.9,929.2,931.55,930.1,189787,1812.14,12096,70553.0,37.17
J&KBANK, 22-Sep-2026,146.11,147.9,145.26,145.94,145.95,832954,1218.39,17531,399875.0,48.01
JAGRAN, 22-Sep-2026,62.9,62.94,62.01,62.44,62.53,109716,68.51,1461,65491.0,59.69
JAGSNPHARM, 22-Sep-2026,226.81,230.09,224.1,225.68,226.81,29107,65.98,1270,15554.0,53.44
JAIBALAJI, 22-Sep-2026,64.01,65.63,64.01,64.33,63.56,233054,150.69,5562,130053.0,55.8
JAICORPLTD, 22-Sep-2026,95.05,96.39,92.9,94.25,95.02,287511,272.04,4046,115485.0,40.17
JAINAM, 22-Sep-2026,198.0,198.0,197.0,197.0,205.25,1000,1.98,2,1000.0,100.0
JAINIK, 22-Sep-2026,182.0,185.0,179.6,185.0,189.05,26400,47.51,19,24000.0,90.91
JAINREC, 22-Sep-2026,274.95,299.8,274.85,291.25,272.75,15629652,45537.43,225855,1392758.0,8.91
JAIPURKURT, 22-Sep-2026,25.3,25.3,24.1,24.79,24.9,9986,2.45,141,7854.0,78.65
JALAN, 22-Sep-2026,1.6,1.7,1.6,1.7,1.65,117000,1.88,10,117000.0,100.0
JAMNAAUTO, 22-Sep-2026,129.4,131.4,127.27,127.99,129.24,1646548,2133.27,25513,605944.0,36.8
JARO, 22-Sep-2026,474.85,483.2,457.3,460.4,474.85,80130,375.04,3001,27080.0,33.8
JASH, 22-Sep-2026,583.0,603.0,576.35,584.75,575.9,2189614,12861.17,69142,332335.0,15.18
JAYAGROGN, 22-Sep-2026,232.0,238.0,227.67,233.47,235.12,12637,29.65,519,5867.0,46.43
JAYBARMARU, 22-Sep-2026,109.01,112.7,108.45,110.58,109.85,244474,269.9,8038,113140.0,46.28
JAYBEE, 22-Sep-2026,84.8,86.0,83.55,84.0,83.8,15500,13.15,28,11000.0,70.97
JAYESH, 22-Sep-2026,128.0,128.0,124.05,125.3,128.0,24000,30.16,13,19000.0,79.17
JAYKAY, 22-Sep-2026,189.0,194.99,186.46,189.5,187.56,1302037,2482.78,22796,388132.0,29.81
JAYNECOIND, 22-Sep-2026,91.74,92.1,89.81,90.28,91.6,1316788,1197.29,10900,590525.0,44.85
JAYSREETEA, 22-Sep-2026,90.3,90.81,88.5,88.75,90.26,19817,17.72,326,14907.0,75.22
JBMA, 22-Sep-2026,592.0,606.95,591.0,593.15,592.05,324713,1943.49,16558,88197.0,27.16
JENBURPH, 22-Sep-2026,997.5,997.7,949.8,957.2,979.6,2235,21.8,303,1575.0,70.47
JETFREIGHT, 22-Sep-2026,22.3,22.82,21.11,22.15,21.47,571916,126.99,3834,295564.0,51.68
JEYYAM, 22-Sep-2026,23.05,23.45,21.0,21.6,23.0,80000,17.58,37,58000.0,72.5
JGCHEM, 22-Sep-2026,622.0,644.4,606.1,610.35,618.0,314170,1952.52,15309,105762.0,33.66
JHS, 22-Sep-2026,8.54,8.88,8.2,8.34,8.54,83247,6.99,264,69562.0,83.56
JINDALPHOT, 22-Sep-2026,1129.9,1129.9,1088.0,1097.2,1111.8,925,10.18,126,632.0,68.32
JINDALPOLY, 22-Sep-2026,743.95,748.0,712.1,721.9,741.5,18243,132.36,1552,10465.0,57.36
JINDALSAW, 22-Sep-2026,293.35,296.55,285.7,286.45,293.05,873761,2530.07,25904,435738.0,49.87
JINDALSTEL, 22-Sep-2026,1135.0,1147.5,1131.0,1141.0,1130.6,891592,10180.11,25913,497352.0,55.78
JINDRILL, 22-Sep-2026,576.0,592.4,576.0,587.65,576.5,178381,1044.03,7798,62885.0,35.25
JINDWORLD, 22-Sep-2026,50.46,53.5,49.7,52.22,49.81,15568112,8119.35,45270,2672388.0,17.17
JIOFIN, 22-Sep-2026,231.3,234.0,229.34,230.7,229.97,8586144,19851.91,56712,3265660.0,38.03
JISLDVREQS, 22-Sep-2026,21.49,21.49,20.4,20.53,21.0,37989,7.85,203,24899.0,65.54
JISLJALEQS, 22-Sep-2026,31.09,31.34,28.85,28.93,30.96,7791317,2306.49,20614,3944155.0,50.62
JITFINFRA, 22-Sep-2026,280.3,289.4,280.3,282.7,282.25,12947,36.83,865,7140.0,55.15
JKCEMENT, 22-Sep-2026,5090.5,5175.0,5050.0,5104.0,5087.0,19306,988.21,5913,7299.0,37.81
JKIL, 22-Sep-2026,484.3,486.0,472.8,478.0,479.5,71045,339.6,2974,49333.0,69.44
JKIPL, 22-Sep-2026,101.9,102.79,97.55,99.24,101.9,6931,6.98,248,4757.0,68.63
JKLAKSHMI, 22-Sep-2026,515.75,523.0,507.0,507.8,515.75,62075,317.78,10390,34246.0,55.17
JKPAPER, 22-Sep-2026,423.45,425.85,415.0,416.4,422.9,245359,1025.78,7106,114976.0,46.86
JKTYRE, 22-Sep-2026,348.75,352.55,345.15,346.5,346.9,478597,1667.44,15667,210042.0,43.89
JLHL, 22-Sep-2026,276.0,278.95,273.4,274.8,275.55,54029,149.24,4014,31012.0,57.4
JMA, 22-Sep-2026,90.79,91.6,89.29,90.82,88.3,11615,10.52,170,6832.0,58.82
JMFINANCIL, 22-Sep-2026,126.26,128.5,126.0,126.31,126.26,1411675,1793.08,21703,795601.0,56.36
JNKINDIA, 22-Sep-2026,409.9,420.0,405.0,413.95,409.0,83207,343.15,3663,44012.0,52.89
JNPR, 22-Sep-2026,270.5,275.7,266.4,268.7,270.9,423701,1142.29,28554,236372.0,55.79
JOCIL, 22-Sep-2026,146.0,157.76,143.02,146.4,143.28,3829,5.64,129,2915.0,76.13
JPOLYINVST, 22-Sep-2026,984.35,989.95,970.3,972.75,974.75,1503,14.71,305,809.0,53.83
JPPOWER, 22-Sep-2026,16.55,16.57,16.02,16.17,16.48,107197215,17410.06,1100500,22356031.0,20.86
JSFB, 22-Sep-2026,535.0,549.85,532.0,533.7,531.3,1228918,6648.93,29160,626845.0,51.01
JSL, 22-Sep-2026,749.0,750.1,738.5,743.45,751.45,890183,6610.34,42293,562548.0,63.19
JSLL, 22-Sep-2026,507.1,530.75,507.1,515.4,508.1,504867,2629.61,19553,183164.0,36.28
JSWCEMENT, 22-Sep-2026,117.0,118.1,115.91,116.7,116.36,3073613,3587.69,58025,1742098.0,56.68
JSWDULUX, 22-Sep-2026,3173.8,3192.0,3122.5,3137.1,3159.5,26982,847.42,4003,19229.0,71.27
JSWENERGY, 22-Sep-2026,517.0,522.05,515.35,518.0,517.0,1108603,5758.64,32018,581538.0,52.46
JSWHL, 22-Sep-2026,11151.0,11424.0,11038.0,11219.0,11205.0,2737,306.95,1249,435.0,15.89
JSWINFRA, 22-Sep-2026,351.45,375.5,351.3,367.6,349.6,17124150,62864.41,210208,6094793.0,35.59
JSWSTEEL, 22-Sep-2026,1274.7,1277.5,1264.4,1267.0,1268.6,874592,11110.07,61802,481399.0,55.04
JTEKTINDIA, 22-Sep-2026,115.67,117.32,115.6,116.49,115.37,64920,75.7,1384,39533.0,60.89
JTLIND, 22-Sep-2026,89.05,91.52,88.6,89.21,88.92,1285481,1154.67,11590,581246.0,45.22
JUBLCPL, 22-Sep-2026,2129.4,2132.9,2053.3,2099.1,2111.4,5028,105.61,730,3055.0,60.76
JUBLFOOD, 22-Sep-2026,487.65,495.9,487.0,491.1,487.05,1745967,8595.75,35006,1029006.0,58.94
JUBLINGREA, 22-Sep-2026,631.0,637.8,613.35,617.6,627.25,216018,1349.33,11673,114036.0,52.79
JUBLPHARMA, 22-Sep-2026,1052.6,1079.05,1045.4,1070.85,1049.25,192545,2047.27,15349,78218.0,40.62
JUNIORBEES, 22-Sep-2026,786.06,786.07,777.0,778.55,782.31,232951,1819.89,8092,185945.0,79.82
JUNIPER, 22-Sep-2026,225.0,229.0,220.84,222.8,222.92,118013,263.59,3341,49905.0,42.29
JUSTDIAL, 22-Sep-2026,682.95,694.0,675.05,682.6,682.7,124991,856.23,6362,52218.0,41.78
JWL, 22-Sep-2026,230.0,232.9,227.51,228.63,228.06,657865,1513.36,13603,239819.0,36.45
JYOTHYLAB, 22-Sep-2026,195.17,196.0,193.55,193.97,194.67,168293,327.07,4500,89063.0,52.92
JYOTICNC, 22-Sep-2026,1110.05,1114.0,1072.25,1084.3,1113.85,1090012,11958.99,47927,337535.0,30.97
JYOTIGLOBL, 22-Sep-2026,43.7,43.8,43.7,43.7,46.0,24000,10.49,12,24000.0,100.0
JYOTIRES, 22-Sep-2026,842.5,859.25,832.8,840.0,842.45,5238,44.09,847,2997.0,57.22
JYOTISTRUC, 22-Sep-2026,9.08,9.33,9.08,9.19,9.08,2694027,248.29,2863,1123924.0,41.72
K2INFRA, 22-Sep-2026,45.0,46.0,42.7,42.8,43.85,33600,14.67,40,30000.0,89.29
KABRAEXTRU, 22-Sep-2026,676.1,683.3,662.0,666.25,676.1,96279,642.61,4643,45837.0,47.61
KAJARIACER, 22-Sep-2026,1203.9,1205.3,1176.6,1183.6,1200.5,126005,1494.96,11011,74157.0,58.85
KAKATCEM, 22-Sep-2026,110.4,110.4,105.1,109.75,108.85,2050,2.21,112,1300.0,63.41
KALAMANDIR, 22-Sep-2026,79.53,79.96,77.51,78.08,79.14,352318,277.08,4908,221864.0,62.97
KALANA, 22-Sep-2026,18.6,18.6,18.6,18.6,19.1,2000,0.37,1,2000.0,100.0
KALPATARU, 22-Sep-2026,271.0,273.95,267.0,268.4,269.9,19444,52.46,593,9353.0,48.1
KALYANKJIL, 22-Sep-2026,583.85,590.95,578.9,583.1,581.5,3440026,20083.12,45890,549902.0,15.99
KAMAHOLD, 22-Sep-2026,2280.0,2280.0,2230.0,2236.4,2250.0,2484,55.65,418,1485.0,59.78
KAMANWALA, 22-Sep-2026,16.52,17.3,16.52,16.56,17.4,250,0.04,3,240.0,96.0
KAMATHOTEL, 22-Sep-2026,238.91,242.49,233.43,237.05,236.44,68823,163.63,2607,37149.0,53.98
KAMDHENU, 22-Sep-2026,43.19,43.7,41.0,41.51,42.48,1778308,752.14,5486,937848.0,52.74
KAMOPAINTS, 22-Sep-2026,4.3,4.41,4.12,4.26,4.34,412431,17.43,917,303201.0,73.52
KANANIIND, 22-Sep-2026,1.41,1.43,1.4,1.42,1.42,97331,1.37,199,66679.0,68.51
KANCHI, 22-Sep-2026,382.0,404.15,381.25,395.45,384.95,816,3.18,111,668.0,81.86
KANCOTEA, 22-Sep-2026,54.59,56.85,54.59,56.85,54.59,151,0.08,2,151.0,100.0
KANOHAR, 22-Sep-2026,880.15,904.6,847.1,870.5,866.95,5305723,46094.61,168845,760730.0,14.34
KANPRPLA, 22-Sep-2026,256.75,268.8,252.1,266.75,254.8,33973,90.06,1546,19375.0,57.03
KANSAINER, 22-Sep-2026,183.0,183.83,180.06,180.98,182.27,129858,236.28,4369,84732.0,65.25
KAPSTON, 22-Sep-2026,578.0,591.0,565.3,570.55,577.95,93628,542.7,3705,50529.0,53.97
KARAMTARA, 22-Sep-2026,360.0,382.15,360.0,365.1,356.95,5727743,21103.12,87598,1445129.0,25.23
KARMAENG, 22-Sep-2026,41.6,41.6,40.05,40.1,41.02,4026,1.63,72,2129.0,52.88
KARNIKA, 22-Sep-2026,119.0,119.5,118.8,119.45,117.0,9000,10.72,9,6000.0,66.67
KARURVYSYA, 22-Sep-2026,328.35,328.95,318.0,320.15,326.15,2085010,6689.45,40906,1092300.0,52.39
KATARIA, 22-Sep-2026,147.0,151.0,147.0,149.1,146.0,15600,23.29,19,15600.0,100.0
KAYNES, 22-Sep-2026,3599.0,3599.0,3425.0,3455.0,3650.0,3022938,105945.69,169458,674295.0,22.31
KAYTEX, 22-Sep-2026,55.0,58.0,55.0,58.0,57.7,4000,2.29,5,3200.0,80.0
KCEIL, 22-Sep-2026,78.0,79.0,76.55,77.65,79.9,26000,20.13,38,22500.0,86.54
KCK, 22-Sep-2026,13.85,13.85,13.3,13.65,14.0,75000,10.04,27,67500.0,90.0
KCP, 22-Sep-2026,159.42,161.4,155.42,157.4,159.42,121658,191.69,1900,73908.0,60.75
KDDL, 22-Sep-2026,4052.5,4104.0,3940.1,3973.1,4006.8,35491,1421.97,7273,14180.0,39.95
KDGREEN, 22-Sep-2026,50.08,51.99,50.0,50.01,51.41,90966,45.95,372,41971.0,46.14
KDL, 22-Sep-2026,67.4,67.4,67.4,67.4,70.9,7500,5.06,30,7500.0,100.0
KEC, 22-Sep-2026,405.1,408.7,390.5,391.55,403.3,1574562,6237.98,52638,841873.0,53.47
KECL, 22-Sep-2026,120.8,126.0,118.97,121.21,118.43,162499,198.63,3776,65257.0,40.16
KEEPLEARN, 22-Sep-2026,1.94,1.94,1.84,1.84,1.88,9184,0.17,58,8019.0,87.31
KEI, 22-Sep-2026,4648.0,4657.0,4548.0,4575.0,4596.0,182004,8356.85,19099,86963.0,47.78
KELLTONTEC, 22-Sep-2026,13.71,13.88,13.65,13.7,13.69,1040960,143.11,2488,523668.0,50.31
KEN, 22-Sep-2026,45.0,45.0,42.0,43.0,44.15,19200,8.35,15,15600.0,81.25
KENNAMET, 22-Sep-2026,4400.0,4499.9,4323.5,4379.4,4348.3,35892,1587.67,7684,10562.0,29.43
KERNEX, 22-Sep-2026,1787.0,1789.0,1732.0,1744.7,1779.7,119313,2094.33,12716,51585.0,43.24
KEYFINSERV, 22-Sep-2026,250.0,250.0,238.3,240.05,241.45,276,0.67,45,144.0,52.17
KFINTECH, 22-Sep-2026,896.9,905.75,891.6,898.0,896.7,569715,5119.04,23461,252698.0,44.36
KHAICHEM, 22-Sep-2026,49.55,50.32,49.26,50.02,49.55,85997,42.92,1042,56299.0,65.47
KHAITANLTD, 22-Sep-2026,150.39,152.2,149.1,151.82,149.65,824,1.24,56,595.0,72.21
KHANDSE, 22-Sep-2026,17.76,17.93,17.0,17.91,17.15,1004,0.18,55,922.0,91.83
KHFM, 22-Sep-2026,41.5,45.0,40.0,44.5,40.45,7750,3.29,5,6200.0,80.0
KICL, 22-Sep-2026,4951.0,5048.0,4900.0,5005.5,4954.0,1575,78.26,238,1186.0,75.3
KIMS, 22-Sep-2026,789.7,801.95,788.0,789.8,788.85,158613,1260.11,9934,49272.0,31.06
KINGFA, 22-Sep-2026,6062.0,6300.0,6056.0,6168.5,6062.0,21396,1323.07,6028,11533.0,53.9
KIOCL, 22-Sep-2026,342.0,351.0,338.0,342.55,341.0,76799,265.09,3787,22366.0,29.12
KIRANVYPAR, 22-Sep-2026,221.78,221.78,207.38,218.79,207.89,7877,17.2,516,4073.0,51.71
KIRIINDUS, 22-Sep-2026,541.0,555.0,538.5,540.5,537.5,507200,2771.99,12336,235424.0,46.42
KIRLFER, 22-Sep-2026,484.75,487.7,473.3,479.85,480.5,86299,414.9,6295,50034.0,57.98
KIRLOSBROS, 22-Sep-2026,1790.1,1824.9,1772.0,1775.3,1797.0,22481,402.63,4623,13163.0,58.55
KIRLOSENG, 22-Sep-2026,2132.0,2178.0,2130.5,2165.0,2132.4,236947,5122.85,34574,128550.0,54.25
KIRLOSIND, 22-Sep-2026,3722.2,3743.9,3650.0,3667.2,3722.2,8029,295.93,1446,4175.0,52.0
KIRLPNU, 22-Sep-2026,711.8,728.2,705.3,706.8,714.45,71425,512.58,7291,34991.0,48.99
KISSHT, 22-Sep-2026,362.5,372.0,350.5,352.55,362.5,1816221,6548.21,65751,787338.0,43.35
KITEX, 22-Sep-2026,116.13,123.73,116.13,119.48,116.12,814091,981.35,10103,184345.0,22.64
KJMCFIN, 22-Sep-2026,61.73,64.0,61.73,61.8,64.97,352,0.22,21,316.0,89.77
KKCL, 22-Sep-2026,490.45,491.0,476.05,484.8,486.0,29062,140.36,1663,19405.0,66.77
KKJEWELS, 22-Sep-2026,98.6,98.6,97.5,97.5,98.6,3000,2.94,3,3000.0,100.0
KKVAPOW, 22-Sep-2026,344.0,344.0,344.0,344.0,355.0,171,0.59,1,171.0,100.0
KLBRENG-B, 22-Sep-2026,461.15,525.0,461.15,519.5,460.0,1923203,9816.67,46002,624521.0,32.47
KLL, 22-Sep-2026,37.75,40.45,36.55,38.1,36.8,248000,97.14,222,159200.0,64.19
KMCSHIL, 22-Sep-2026,162.95,166.3,157.52,159.61,160.45,735446,1193.72,11725,232605.0,31.63
KMEW, 22-Sep-2026,2898.0,3029.9,2895.0,2976.7,2878.9,186241,5567.38,29196,52451.0,28.16
KMSUGAR, 22-Sep-2026,28.69,29.45,28.66,28.85,28.69,114356,33.11,1176,46693.0,40.83
KNACK, 22-Sep-2026,183.0,186.48,183.0,185.55,182.66,348907,646.37,3236,182910.0,52.42
KNAGRI, 22-Sep-2026,207.0,208.0,201.23,203.95,202.63,2275,4.67,133,1317.0,57.89
KNRCON, 22-Sep-2026,122.5,123.23,119.8,120.04,121.93,1303513,1576.84,12259,688572.0,52.82
KODYTECH, 22-Sep-2026,1502.1,1523.9,1457.0,1509.7,1516.05,7100,106.67,55,6200.0,87.32
KOHINOOR, 22-Sep-2026,30.77,31.36,30.53,31.06,30.76,120015,37.23,2737,28867.0,24.05
KOKUYOCMLN, 22-Sep-2026,77.7,77.8,75.0,75.71,76.25,37342,28.46,769,27918.0,74.76
KOLTEPATIL, 22-Sep-2026,426.9,440.95,426.4,435.55,426.4,99378,434.38,4855,37508.0,37.74
KONSTELEC, 22-Sep-2026,59.0,60.2,59.0,59.15,60.8,4000,2.38,4,4000.0,100.0
KONTOR, 22-Sep-2026,51.05,52.25,51.05,51.6,53.85,3000,1.54,5,1800.0,60.0
KOPRAN, 22-Sep-2026,282.9,285.49,270.0,276.44,282.98,603842,1669.46,11693,198089.0,32.8
KORE, 22-Sep-2026,164.3,179.0,163.1,164.1,171.45,33750,58.22,40,33250.0,98.52
KOTAKBANK, 22-Sep-2026,416.5,417.8,412.55,412.65,414.8,3795161,15736.01,61637,2042061.0,53.81
KOTHARIPET, 22-Sep-2026,135.5,137.77,134.0,134.16,136.05,49825,67.35,1016,34854.0,69.95
KOTHARIPRO, 22-Sep-2026,65.0,65.0,63.0,63.67,63.23,9366,5.97,93,8570.0,91.5
KOTIC, 22-Sep-2026,147.89,163.0,145.2,146.89,145.25,321420,499.5,5710,68957.0,21.45
KOVAI, 22-Sep-2026,6221.0,6221.0,6085.5,6153.5,6179.0,1546,94.74,574,877.0,56.73
KPEL, 22-Sep-2026,233.8,239.8,228.1,230.94,232.32,464862,1089.92,12488,193827.0,41.7
KPIGREEN, 22-Sep-2026,321.4,350.0,321.4,346.45,321.4,10752256,36450.63,146261,1913821.0,17.8
KPIL, 22-Sep-2026,1440.6,1443.7,1392.1,1400.1,1439.1,117910,1661.73,13688,67519.0,57.26
KPITTECH, 22-Sep-2026,539.9,539.9,524.0,529.05,536.8,1583599,8420.3,28852,493973.0,31.19
KPL, 22-Sep-2026,3819.9,3819.9,3682.0,3752.8,3844.9,58050,2169.92,10208,21455.0,36.96
KPRMILL, 22-Sep-2026,1121.0,1131.9,1105.5,1120.8,1119.3,109610,1229.29,11994,39456.0,36.0
KRBL, 22-Sep-2026,391.0,394.95,386.55,389.9,393.15,247235,965.33,6916,122138.0,49.4
KREBSBIO, 22-Sep-2026,56.08,59.5,56.08,56.86,56.22,5820,3.34,175,4269.0,73.35
KRIDHANINF, 22-Sep-2026,1.86,1.86,1.81,1.85,1.86,23202,0.43,82,22822.0,98.36
KRISHANA, 22-Sep-2026,185.0,189.99,185.0,189.55,182.4,829723,1562.61,9540,441243.0,53.18
KRISHCA, 22-Sep-2026,163.0,163.0,159.0,160.3,163.0,6000,9.61,12,4000.0,66.67
KRISHIVAL, 22-Sep-2026,418.0,418.9,413.0,415.7,417.1,6275,26.1,249,4063.0,64.75
KRISHNADEF, 22-Sep-2026,1040.0,1074.2,1018.1,1025.6,1037.6,69961,723.62,6568,32933.0,47.07
KRITI, 22-Sep-2026,58.52,59.99,58.0,59.75,59.01,22034,12.96,347,14053.0,63.78
KRITIKA, 22-Sep-2026,5.1,5.17,4.9,5.04,5.1,113844,5.74,533,102177.0,89.75
KRITINUT, 22-Sep-2026,80.55,82.45,80.1,80.66,81.29,6993,5.63,106,6267.0,89.62
KRMAYURVED, 22-Sep-2026,309.05,310.0,301.0,301.6,309.05,66000,201.8,62,48000.0,72.73
KRN, 22-Sep-2026,1437.0,1448.0,1406.1,1420.1,1416.5,159708,2273.41,14274,97463.0,61.03
KROSS, 22-Sep-2026,260.0,262.58,254.51,256.13,256.93,1039237,2681.02,22910,362657.0,34.9
KRSNAA, 22-Sep-2026,554.0,573.9,551.05,557.85,554.65,185318,1043.96,10320,81306.0,43.87
KRT, 22-Sep-2026,113.89,114.05,113.25,113.9,113.71,1217543,1386.34,4035,1142804.0,93.86
KRYSTAL, 22-Sep-2026,649.65,654.9,637.6,638.8,652.2,12729,81.87,655,7074.0,55.57
KSB, 22-Sep-2026,802.6,822.0,802.6,820.15,802.6,145461,1188.25,10128,90351.0,62.11
KSCL, 22-Sep-2026,715.0,715.75,698.0,699.7,710.65,41522,292.48,2454,28119.0,67.72
KSE, 22-Sep-2026,181.02,182.0,178.81,179.96,180.32,5068,9.15,260,3332.0,65.75
KSHINTL, 22-Sep-2026,1035.0,1068.95,1032.0,1040.95,1032.15,166419,1742.57,16153,80455.0,48.34
KSHITIJPOL, 22-Sep-2026,4.61,4.62,4.61,4.61,4.4,8716105,402.48,3725,4550945.0,52.21
KSL, 22-Sep-2026,944.45,962.0,943.6,959.15,944.45,46816,446.99,3213,26994.0,57.66
KSOLVES, 22-Sep-2026,253.25,254.45,250.0,250.75,252.15,17191,43.24,995,10380.0,60.38
KTKBANK, 22-Sep-2026,315.95,334.0,315.0,331.5,314.55,3195855,10444.16,41790,1560295.0,48.82
KUANTUM, 22-Sep-2026,80.46,87.0,78.0,84.95,80.74,356156,294.13,3410,222705.0,62.53
KUSUMGAR, 22-Sep-2026,609.35,634.0,606.05,616.15,610.35,600887,3748.48,31363,282642.0,47.04
KWIL, 22-Sep-2026,42.39,42.98,41.71,41.99,42.09,11145561,4708.62,31416,4182292.0,37.52
LAGNAM, 22-Sep-2026,75.5,76.0,72.5,74.01,75.5,6107,4.53,152,4159.0,68.1
LAHOTIOV, 22-Sep-2026,39.98,40.97,39.56,40.68,39.89,1423,0.57,45,1365.0,95.92
LAKSHMIMIL, 22-Sep-2026,7755.0,7755.0,7700.0,7700.0,7750.0,7,0.54,5,7.0,100.0
LAKSHYA, 22-Sep-2026,91.9,91.9,89.1,89.1,92.1,6400,5.77,8,4800.0,75.0
LAL, 22-Sep-2026,8.85,8.92,8.28,8.66,8.61,320607,27.4,157,313071.0,97.65
LALITHAA, 22-Sep-2026,325.0,336.1,324.9,336.1,320.1,4493449,15083.13,12668,2467620.0,54.92
LALPATHLAB, 22-Sep-2026,1920.4,1944.0,1903.1,1909.8,1920.4,262090,5035.37,31519,168803.0,64.41
LAMBODHARA, 22-Sep-2026,120.01,122.0,115.57,116.08,120.61,11958,14.07,366,7953.0,66.51
LAMOSAIC, 22-Sep-2026,51.55,53.9,50.05,51.8,51.8,22800,11.84,23,20400.0,89.47
LANCER, 22-Sep-2026,11.82,11.99,11.55,11.69,11.8,253663,29.95,872,180911.0,71.32
LANDMARK, 22-Sep-2026,500.0,514.2,496.85,510.5,502.1,64035,324.73,3635,29153.0,45.53
LANDSMILL, 22-Sep-2026,0.56,0.56,0.54,0.54,0.55,4275266,23.4,1045,2143259.0,50.13
LAOPALA, 22-Sep-2026,161.8,163.36,159.3,160.61,161.59,77552,124.93,3132,42192.0,54.4
LARGEMID50, 22-Sep-2026,35.67,35.67,35.39,35.46,35.63,92,0.03,9,92.0,100.0
LASERPOWER, 22-Sep-2026,276.15,280.0,272.9,275.05,275.95,379905,1050.45,6328,172332.0,45.36
LATENTVIEW, 22-Sep-2026,254.8,254.8,249.65,250.55,252.45,306722,770.67,8392,158327.0,51.62
LATTEYS, 22-Sep-2026,20.04,20.94,20.04,20.48,20.19,46555,9.54,181,37008.0,79.49
LAURUSLABS, 22-Sep-2026,2018.0,2032.8,2002.2,2006.5,2017.5,1487044,29971.56,42334,834690.0,56.13
LAXMICOT, 22-Sep-2026,12.94,13.3,12.56,13.05,12.94,7690,0.99,101,5565.0,72.37
LAXMIDENTL, 22-Sep-2026,194.42,196.35,192.6,193.18,194.9,62927,121.79,1993,43415.0,68.99
LAXMIINDIA, 22-Sep-2026,124.82,128.97,123.0,123.73,125.32,159542,199.27,1779,124571.0,78.08
LCCINFOTEC, 22-Sep-2026,3.6,3.7,3.4,3.66,3.53,373518,13.52,326,184468.0,49.39
LCCPROJECT, 22-Sep-2026,145.0,155.12,142.25,147.56,141.33,6263543,9315.25,59502,978265.0,15.62
LCL, 22-Sep-2026,560.35,590.0,558.45,580.3,560.35,711729,4103.85,43697,423113.0,59.45
LEAPIND, 22-Sep-2026,146.5,149.98,145.63,148.44,145.9,2591990,3841.13,33363,1089160.0,42.02
LEMERITE, 22-Sep-2026,18.99,19.19,17.94,18.94,18.35,499276,91.2,685,187338.0,37.52
LEMONTREE, 22-Sep-2026,106.49,108.7,105.91,107.51,105.99,2586160,2784.44,22971,1384205.0,53.52
LENSKART, 22-Sep-2026,685.0,697.0,669.3,691.45,683.85,6868715,47315.21,115855,3464943.0,50.45
LEXUS, 22-Sep-2026,13.67,13.67,12.3,12.47,13.24,96413,12.18,482,76555.0,79.4
LFIC, 22-Sep-2026,135.4,138.98,133.66,135.3,132.52,122,0.17,16,56.0,45.9
LGBBROSLTD, 22-Sep-2026,1735.0,1745.9,1723.3,1730.2,1731.4,19648,340.34,2611,12612.0,64.19
LGEINDIA, 22-Sep-2026,1661.1,1684.8,1657.0,1663.7,1656.3,427916,7121.07,22427,278222.0,65.02
LGHL, 22-Sep-2026,190.0,190.0,177.0,177.38,177.2,6393,11.48,121,1030.0,16.11
LIBAS, 22-Sep-2026,13.19,13.19,12.5,12.58,12.79,138738,17.62,313,105959.0,76.37
LIBERTSHOE, 22-Sep-2026,220.75,223.95,217.1,218.54,220.75,9624,21.16,449,5660.0,58.81
LICHSGFIN, 22-Sep-2026,569.0,573.95,563.2,565.0,568.0,2772548,15787.65,36938,1404255.0,50.65
LICI, 22-Sep-2026,400.85,406.8,399.55,404.55,400.0,5528988,22305.63,54621,3482358.0,62.98
LICMFGOLD, 22-Sep-2026,136.85,136.9,135.2,135.8,136.45,48124,65.41,764,20935.0,43.5
LICNETFGSC, 22-Sep-2026,29.36,29.72,29.21,29.21,29.27,103950,30.37,74,101075.0,97.23
LICNETFN50, 22-Sep-2026,262.55,264.42,261.47,263.27,264.18,2332,6.1,19,2113.0,90.61
LICNETFSEN, 22-Sep-2026,843.34,843.34,843.34,843.34,843.34,4,0.03,3,4.0,100.0
LICNFNHGP, 22-Sep-2026,276.95,276.95,268.19,272.55,270.2,240,0.65,21,117.0,48.75
LICNMID100, 22-Sep-2026,63.18,63.18,61.58,61.89,62.5,10260,6.39,121,7061.0,68.82
LIKHITHA, 22-Sep-2026,220.85,229.95,220.85,227.96,218.6,62359,141.29,1701,35397.0,56.76
LINC, 22-Sep-2026,93.89,93.89,90.35,92.37,91.57,9400,8.65,578,5542.0,58.96
LINCOLN, 22-Sep-2026,610.0,612.0,590.35,594.35,601.55,21211,127.1,1181,11939.0,56.29
LINDEINDIA, 22-Sep-2026,6287.0,6479.5,6276.5,6320.0,6276.5,30577,1949.25,7984,11891.0,38.89
LIQGRWBEES, 22-Sep-2026,1056.44,1056.46,1056.44,1056.45,1056.31,54659,577.44,347,35710.0,65.33
LIQUID, 22-Sep-2026,999.99,1000.0,999.99,999.99,999.99,175256,1752.55,147,100574.0,57.39
LIQUID1, 22-Sep-2026,1124.7,1124.7,1123.66,1123.66,1123.51,630809,7088.19,504,292743.0,46.41
LIQUIDADD, 22-Sep-2026,1145.77,1145.79,1145.77,1145.78,1145.63,786773,9014.76,635,770846.0,97.98
LIQUIDBEES, 22-Sep-2026,1000.0,1000.01,999.22,1000.0,1000.0,2523773,25237.78,3559,1707317.0,67.65
LIQUIDBETF, 22-Sep-2026,1099.77,1099.78,1099.76,1099.77,1099.64,132373,1455.8,163,91318.0,68.99
LIQUIDCASE, 22-Sep-2026,116.02,116.04,116.02,116.03,116.01,14665202,17016.32,21242,13825955.0,94.28
LIQUIDETF, 22-Sep-2026,1000.0,1000.01,999.99,999.99,1000.0,66236,662.36,143,50035.0,75.54
LIQUIDIETF, 22-Sep-2026,1000.0,1000.01,999.99,999.99,999.99,663727,6637.27,222,586804.0,88.41
LIQUIDPLUS, 22-Sep-2026,1104.06,1104.22,1104.06,1104.21,1104.06,563717,6224.65,281,436852.0,77.49
LIQUIDSBI, 22-Sep-2026,1000.0,1000.01,999.99,1000.01,999.99,3916,39.16,25,2587.0,66.06
LIQUIDSHRI, 22-Sep-2026,1122.42,1122.44,1122.42,1122.43,1122.28,11842,132.92,14,10045.0,84.83
LKPSEC, 22-Sep-2026,15.45,16.55,15.15,15.31,15.06,5275,0.82,60,3812.0,72.27
LLOYDS, 22-Sep-2026,59.75,60.5,59.75,60.5,58.9,4000,2.4,4,4000.0,100.0
LLOYDSENGG, 22-Sep-2026,85.86,88.9,85.5,85.73,85.01,8563009,7458.98,50108,3245451.0,37.9
LLOYDSENT, 22-Sep-2026,70.5,72.84,69.81,70.41,70.49,3151980,2237.02,14755,1461143.0,46.36
LLOYDSME, 22-Sep-2026,1830.9,1884.0,1828.1,1857.4,1824.6,498981,9270.1,26971,248226.0,49.75
LMW, 22-Sep-2026,17440.0,17470.0,17025.0,17077.0,17313.0,3430,588.48,1612,2041.0,59.5
LODHA, 22-Sep-2026,1150.0,1159.6,1135.1,1144.0,1138.0,647829,7433.31,19804,191056.0,29.49
LOKESHMACH, 22-Sep-2026,338.0,348.75,335.0,337.15,336.15,29943,101.89,1000,17106.0,57.13
LORDSCHLO, 22-Sep-2026,138.6,140.0,135.21,138.3,138.3,5742,7.94,250,4355.0,75.84
LOTUSCHO, 22-Sep-2026,590.0,590.0,574.4,586.4,577.8,469,2.75,99,362.0,77.19
LOTUSEYE, 22-Sep-2026,114.68,115.02,113.0,114.97,114.68,6701,7.69,68,6121.0,91.34
LOVABLE, 22-Sep-2026,70.44,72.0,69.4,71.27,70.44,14944,10.5,178,9275.0,62.07
LOWVOL, 22-Sep-2026,200.45,200.45,199.0,199.77,200.33,545,1.09,14,269.0,49.36
LOWVOL1, 22-Sep-2026,20.48,20.6,20.29,20.48,20.48,209096,42.76,12266,162320.0,77.63
LOWVOLIETF, 22-Sep-2026,21.63,21.63,21.28,21.39,21.5,1337740,286.01,13339,1099596.0,82.2
LOYALTEX, 22-Sep-2026,202.72,214.95,202.72,214.95,202.54,31,0.07,5,23.0,74.19
LPDC, 22-Sep-2026,6.87,6.95,6.32,6.58,6.87,162076,10.58,514,92577.0,57.12
LRRPL, 22-Sep-2026,96.0,96.0,91.0,91.0,94.5,10500,9.83,5,10500.0,100.0
LT, 22-Sep-2026,3919.6,3930.5,3866.0,3866.4,3904.8,1355288,52707.88,81225,707733.0,52.22
LTF, 22-Sep-2026,308.15,309.25,302.05,304.9,307.8,2577248,7851.94,46888,1240822.0,48.15
LTFOODS, 22-Sep-2026,430.8,430.8,420.15,421.35,430.8,336273,1429.32,11933,139610.0,41.52
LTGILTBEES, 22-Sep-2026,29.83,29.84,29.7,29.74,29.75,3072917,913.11,705,2987022.0,97.2
LTGILTCASE, 22-Sep-2026,30.37,30.39,30.27,30.35,30.3,154472,46.85,224,153017.0,99.06
LTM, 22-Sep-2026,4187.1,4187.1,4094.0,4158.3,4280.0,995608,41177.64,60857,286602.0,28.79
LTTS, 22-Sep-2026,3317.1,3330.5,3271.0,3293.6,3307.0,40975,1346.96,10391,17251.0,42.1
LUMAXIND, 22-Sep-2026,5778.0,5900.0,5778.0,5846.0,5778.0,4530,265.15,1909,2078.0,45.87
LUMAXTECH, 22-Sep-2026,2085.0,2129.9,2067.3,2116.4,2068.8,137061,2884.43,20124,62297.0,45.45
LUMINO, 22-Sep-2026,112.98,116.64,106.56,108.27,113.36,22815313,25159.79,153899,5280213.0,23.14
LUPIN, 22-Sep-2026,2123.6,2135.0,2109.0,2135.0,2124.5,597568,12669.58,41216,396300.0,66.32
LUXIND, 22-Sep-2026,1203.5,1210.3,1150.0,1157.5,1192.4,42998,507.64,3741,20613.0,47.94
LXCHEM, 22-Sep-2026,178.5,182.64,177.1,178.01,177.62,736074,1318.77,11176,318996.0,43.34
M&M, 22-Sep-2026,3066.0,3093.7,3035.0,3044.5,3055.3,1708090,52195.24,85238,1040414.0,60.91
M&MFIN, 22-Sep-2026,355.65,356.85,349.8,352.4,354.7,1732378,6115.54,30984,1137071.0,65.64
MAANALU, 22-Sep-2026,108.37,108.37,100.2,104.81,105.12,63465,65.93,1900,31197.0,49.16
MACOBSTECH, 22-Sep-2026,194.0,194.0,193.0,193.0,194.05,2400,4.64,3,2400.0,100.0
MACPOWER, 22-Sep-2026,1956.6,2124.0,1945.2,2096.5,1955.3,83048,1696.55,9313,38199.0,46.0
MADHAV, 22-Sep-2026,35.01,36.0,34.05,34.46,35.25,1060,0.37,63,1041.0,98.21
MADHAVBAUG, 22-Sep-2026,160.0,167.9,160.0,167.9,159.95,11600,19.05,15,11600.0,100.0
MADHAVIPL, 22-Sep-2026,7.65,8.08,7.21,7.39,7.74,200477,15.25,551,158703.0,79.16
MADHUCON, 22-Sep-2026,4.2,4.2,3.97,4.07,4.02,9701,0.39,65,6253.0,64.46
MADHURKNIT, 22-Sep-2026,47.2,48.25,46.1,47.35,49.1,57600,27.21,46,38400.0,66.67
MADHUSUDAN, 22-Sep-2026,231.5,231.95,224.5,229.3,231.5,19000,43.46,18,16000.0,84.21
MADRASFERT, 22-Sep-2026,62.6,62.6,61.2,61.35,61.43,33641,20.69,592,21168.0,62.92
MAFANG, 22-Sep-2026,245.79,248.96,237.0,238.18,243.36,736357,1767.07,16365,402376.0,54.64
MAFATIND, 22-Sep-2026,122.59,122.59,120.05,120.32,122.59,31498,38.13,664,21399.0,67.94
MAGADSUGAR, 22-Sep-2026,494.8,510.6,490.0,500.75,488.8,30380,152.36,2183,8824.0,29.05
MAGNUM, 22-Sep-2026,19.27,19.27,18.81,19.02,19.27,24116,4.58,76,22336.0,92.62
MAGSON, 22-Sep-2026,180.0,180.0,180.0,180.0,177.0,125000,225.0,43,125000.0,100.0
MAHABANK, 22-Sep-2026,82.52,83.3,82.29,82.4,82.2,6615014,5466.46,28540,3370225.0,50.95
MAHAPEXLTD, 22-Sep-2026,55.95,55.98,53.3,53.79,54.36,3234,1.75,82,2897.0,89.58
MAHEPC, 22-Sep-2026,100.39,100.6,97.1,98.75,99.27,29129,28.75,829,16979.0,58.29
MAHESHWARI, 22-Sep-2026,73.0,73.4,71.5,71.53,72.0,12444,9.02,100,11059.0,88.87
MAHKTECH, 22-Sep-2026,22.31,22.31,21.8,22.01,21.77,556489,122.63,3866,346542.0,62.27
MAHLIFE, 22-Sep-2026,360.85,363.6,356.25,359.05,362.65,68310,244.96,6530,36480.0,53.4
MAHLOG, 22-Sep-2026,397.0,406.95,397.0,400.3,399.3,69426,278.52,2969,37929.0,54.63
MAHSCOOTER, 22-Sep-2026,13600.0,13658.0,13251.0,13313.0,13609.0,3629,489.13,1683,1720.0,47.4
MAHSEAMLES, 22-Sep-2026,707.0,712.85,695.0,697.35,706.95,112372,788.39,7129,54207.0,48.24
MAITHANALL, 22-Sep-2026,1005.0,1005.0,986.0,994.95,998.25,41393,412.7,2682,22680.0,54.79
MAITREYA, 22-Sep-2026,123.0,123.0,112.6,112.6,107.75,2000,2.35,5,1600.0,80.0
MAKEINDIA, 22-Sep-2026,162.76,163.26,161.43,161.65,162.68,17768,28.83,368,7661.0,43.12
MAKERSL, 22-Sep-2026,189.0,191.49,180.0,181.26,190.37,3883,7.19,153,2830.0,72.88
MAL, 22-Sep-2026,43.7,43.7,42.55,42.55,43.7,4800,2.06,3,3200.0,66.67
MALLCOM, 22-Sep-2026,974.0,978.95,950.1,951.7,967.8,2723,26.04,275,1821.0,66.87
MALUPAPER, 22-Sep-2026,32.12,32.15,31.9,31.98,32.12,8576,2.75,147,5780.0,67.4
MAMATA, 22-Sep-2026,402.0,414.0,400.0,403.55,404.3,40816,166.2,2011,25029.0,61.32
MANAKALUCO, 22-Sep-2026,35.0,36.5,35.0,35.36,35.43,39820,14.21,450,21580.0,54.19
MANAKCOAT, 22-Sep-2026,136.27,136.27,132.01,132.67,135.19,235115,315.33,4122,143311.0,60.95
MANAKSIA, 22-Sep-2026,63.98,66.7,63.7,65.34,63.27,57853,37.78,1011,33206.0,57.4
MANALIPETC, 22-Sep-2026,87.0,87.0,84.35,84.87,86.71,927627,791.56,9035,333763.0,35.98
MANAPPURAM, 22-Sep-2026,315.9,320.2,315.9,319.3,315.1,2282054,7276.45,25948,1146501.0,50.24
MANBA, 22-Sep-2026,136.38,139.67,135.2,136.41,136.73,390344,537.01,3515,174186.0,44.62
MANCREDIT, 22-Sep-2026,228.0,229.0,221.22,222.53,226.68,102916,231.99,2142,6228.0,6.05
MANDEEP, 22-Sep-2026,17.5,18.35,17.1,18.35,17.85,12000,2.14,6,6000.0,50.0
MANGALAM, 22-Sep-2026,33.19,33.59,31.67,32.24,32.66,48764,15.94,594,30716.0,62.99
MANGLMCEM, 22-Sep-2026,1010.1,1020.6,998.0,1006.3,1010.1,56199,566.48,3308,32062.0,57.05
MANILAM, 22-Sep-2026,40.0,40.0,40.0,40.0,40.0,2000,0.8,1,2000.0,100.0
MANINDS, 22-Sep-2026,870.5,880.0,840.15,849.9,859.75,625173,5351.0,23474,354518.0,56.71
MANINFRA, 22-Sep-2026,123.5,124.98,122.75,124.04,123.22,1053458,1304.01,3834,515262.0,48.91
MANIPALHOS, 22-Sep-2026,756.0,769.75,743.0,746.1,747.15,1312945,9934.01,43041,596162.0,45.41
MANKIND, 22-Sep-2026,2450.0,2490.0,2438.7,2480.0,2437.8,667075,16479.26,45327,288028.0,43.18
MANOMAY, 22-Sep-2026,226.35,228.58,223.5,227.35,224.96,124259,281.86,2961,24567.0,19.77
MANORAMA, 22-Sep-2026,1923.0,1945.3,1905.0,1911.0,1923.0,88545,1705.07,13196,46234.0,52.22
MANORG, 22-Sep-2026,475.0,480.0,457.5,459.5,464.15,2762,12.91,365,1701.0,61.59
MANUFGBEES, 22-Sep-2026,162.03,162.03,159.71,160.44,160.43,5380,8.62,87,4352.0,80.89
MANUGRAPH, 22-Sep-2026,18.85,21.38,18.1,20.22,18.85,293270,60.41,1668,118764.0,40.5
MANYAVAR, 22-Sep-2026,539.95,540.05,526.0,535.35,536.7,286758,1526.32,17812,165489.0,57.71
MAPMYINDIA, 22-Sep-2026,900.5,969.8,900.5,922.0,900.5,1688962,15841.69,62611,221154.0,13.09
MARALOVER, 22-Sep-2026,58.0,63.4,57.5,61.11,56.87,36191,22.09,534,20094.0,55.52
MARATHON, 22-Sep-2026,419.95,424.75,415.3,417.8,417.65,46245,193.77,1484,26715.0,57.77
MARC, 22-Sep-2026,142.55,157.5,142.5,150.45,150.0,31200,47.22,22,30000.0,96.15
MARCO, 22-Sep-2026,29.5,29.5,28.45,28.5,27.85,19500,5.67,11,13500.0,69.23
MARICO, 22-Sep-2026,824.55,830.5,824.55,830.0,824.4,1090303,9033.94,38059,704788.0,64.64
MARINE, 22-Sep-2026,422.0,423.8,404.0,411.45,415.8,1021060,4215.44,38242,342584.0,33.55
MARKOLINES, 22-Sep-2026,170.7,171.75,167.27,169.24,169.76,249643,423.54,1523,83833.0,33.58
MARKSANS, 22-Sep-2026,340.05,340.95,328.65,332.95,338.1,1560912,5209.08,37297,666495.0,42.7
MARSONS, 22-Sep-2026,127.99,132.37,126.33,127.88,127.33,859909,1111.16,10945,298590.0,34.72
MARUTI, 22-Sep-2026,12155.0,12275.0,12142.0,12190.0,12153.0,246724,30084.57,30047,113920.0,46.17
MASFIN, 22-Sep-2026,295.0,295.0,286.1,289.35,292.15,220651,639.53,10046,125693.0,56.96
MASKINVEST, 22-Sep-2026,146.1,146.1,138.0,144.31,145.0,361,0.52,17,352.0,97.51
MASON, 22-Sep-2026,111.05,111.2,110.0,110.75,110.05,13500,14.98,13,13500.0,100.0
MASPTOP50, 22-Sep-2026,116.08,118.83,96.27,98.01,113.25,4467822,4688.43,41033,1679186.0,37.58
MASTEK, 22-Sep-2026,1590.0,1591.8,1561.5,1567.9,1589.2,47680,750.88,5601,25944.0,54.41
MASTER, 22-Sep-2026,400.0,400.0,400.0,400.0,395.0,500,2.0,1,500.0,100.0
MASTERTR, 22-Sep-2026,88.67,88.67,86.2,86.46,87.68,135711,118.17,872,53931.0,39.74
MATRIMONY, 22-Sep-2026,555.0,555.45,544.7,550.75,549.8,13550,74.71,764,9434.0,69.62
MAWANASUG, 22-Sep-2026,126.35,134.0,124.57,131.43,125.45,303537,396.89,5901,96246.0,31.71
MAXESTATES, 22-Sep-2026,595.85,602.3,586.35,595.05,597.9,124021,737.11,4855,77235.0,62.28
MAXHEALTH, 22-Sep-2026,1060.1,1069.0,1049.7,1056.5,1066.6,1132196,12021.91,33393,468148.0,41.35
MAXIND, 22-Sep-2026,153.52,154.4,148.21,151.86,152.0,45282,68.07,1203,28663.0,63.3
MAXPOSURE, 22-Sep-2026,41.05,42.25,39.0,39.0,40.1,23000,9.27,21,19000.0,82.61
MAXVOLT, 22-Sep-2026,399.0,399.0,385.0,392.25,393.0,41600,163.99,101,28000.0,67.31
MAYURUNIQ, 22-Sep-2026,755.0,758.7,724.2,726.15,751.25,117662,866.5,6793,69894.0,59.4
MAZDOCK, 22-Sep-2026,2241.2,2250.5,2196.0,2204.0,2232.0,611823,13570.57,30655,254689.0,41.63
MBAPL, 22-Sep-2026,162.0,166.36,162.0,165.68,160.76,810859,1335.2,6427,434135.0,53.54
MBEL, 22-Sep-2026,255.9,262.65,254.85,259.25,255.05,145564,377.79,5607,67816.0,46.59
MBLINFRA, 22-Sep-2026,22.0,22.55,21.24,21.76,21.76,14782,3.23,85,12258.0,82.93
MCCHRLS-B, 22-Sep-2026,679.9,679.9,650.0,654.8,664.65,4108,26.9,128,4102.0,99.85
MCL, 22-Sep-2026,55.75,57.25,55.48,56.35,55.75,43960,24.88,760,22361.0,50.87
MCLEODRUSS, 22-Sep-2026,48.0,48.29,44.3,44.96,46.54,479493,223.2,2375,265784.0,55.43
MCLOUD, 22-Sep-2026,25.15,25.45,24.98,25.18,25.0,657233,165.85,2256,328950.0,50.05
MCON, 22-Sep-2026,40.0,41.0,40.0,41.0,39.05,7000,2.84,7,7000.0,100.0
MCX, 22-Sep-2026,3220.0,3289.8,3212.8,3262.6,3209.0,1069125,34818.17,56112,381659.0,35.7
MDL, 22-Sep-2026,60.0,60.0,60.0,60.0,60.0,10000,6.0,1,10000.0,100.0
MEDANTA, 22-Sep-2026,1508.1,1516.0,1483.6,1487.8,1508.1,144659,2162.62,23953,79419.0,54.9
MEDIASSIST, 22-Sep-2026,340.4,342.9,327.0,328.6,336.6,740848,2464.65,10394,575366.0,77.66
MEDICO, 22-Sep-2026,34.5,34.65,33.75,33.96,34.06,141351,48.11,1169,98965.0,70.01
MEDISTEP, 22-Sep-2026,19.45,19.5,19.45,19.5,21.5,6000,1.17,2,6000.0,100.0
MEDPLUS, 22-Sep-2026,660.0,663.05,655.0,655.55,660.7,22088,145.06,2326,13607.0,61.6
MEESHO, 22-Sep-2026,221.88,244.74,218.6,240.19,219.15,108359244,256477.45,569367,16381640.0,15.12
MEGAFLEX, 22-Sep-2026,99.0,99.0,99.0,99.0,94.55,1000,0.99,1,1000.0,100.0
MEGASTAR, 22-Sep-2026,284.0,284.0,272.05,276.1,275.95,4264,11.82,160,3322.0,77.91
MEGATHERM, 22-Sep-2026,253.0,260.5,248.2,259.9,253.0,15600,39.85,37,12400.0,79.49
MEIL, 22-Sep-2026,271.25,273.95,265.55,271.75,267.25,21109,56.84,894,12876.0,61.0
MERCANTILE, 22-Sep-2026,23.48,23.48,21.6,22.1,22.82,4899,1.08,55,4384.0,89.49
MERCURYEV, 22-Sep-2026,39.97,41.48,39.7,39.93,39.81,644774,260.11,4009,339380.0,52.64
METAL, 22-Sep-2026,13.34,13.34,13.06,13.11,13.12,5819561,763.56,4515,3217348.0,55.29
METALIC, 22-Sep-2026,149.7,155.8,149.7,155.8,148.4,105600,162.71,64,104000.0,98.48
METALIETF, 22-Sep-2026,13.18,13.18,13.01,13.05,13.05,3502799,457.66,6763,2205858.0,62.97
METROBRAND, 22-Sep-2026,931.2,937.4,904.5,920.3,939.05,64975,596.07,9673,31236.0,48.07
METROGLOBL, 22-Sep-2026,133.3,133.5,129.0,132.97,132.01,1154,1.5,45,1045.0,90.55
METROPOLIS, 22-Sep-2026,593.5,599.0,590.35,592.4,593.4,107949,641.91,9422,59772.0,55.37
MFML, 22-Sep-2026,19.78,19.78,18.7,19.26,18.82,471,0.09,30,318.0,67.52
MFSL, 22-Sep-2026,1574.9,1581.1,1549.2,1554.2,1569.0,279864,4365.28,23935,155873.0,55.7
MGEL, 22-Sep-2026,15.94,15.94,15.31,15.52,15.78,5412606,839.19,1057,5173773.0,95.59
MGL, 22-Sep-2026,1075.5,1079.8,1059.0,1067.3,1077.8,236016,2523.23,13364,165049.0,69.93
MGSL, 22-Sep-2026,65.95,68.95,65.85,68.95,64.05,6000,4.0,5,4800.0,80.0
MHHL, 22-Sep-2026,31.5,32.0,31.5,32.0,30.5,3000,0.95,2,3000.0,100.0
MHRIL, 22-Sep-2026,201.37,202.0,198.1,199.07,201.37,44579,88.98,2195,27353.0,61.36
MICROPRO, 22-Sep-2026,17.25,18.3,17.25,17.45,18.35,8000,1.42,5,8000.0,100.0
MID150, 22-Sep-2026,23.25,23.35,23.0,23.17,23.2,24126,5.61,149,24087.0,99.84
MID150BEES, 22-Sep-2026,237.59,237.59,235.5,236.21,236.51,312262,738.45,5698,224007.0,71.74
MID150CASE, 22-Sep-2026,11.31,11.8,11.31,11.47,11.52,1366142,157.22,3111,914205.0,66.92
MIDBANKADD, 22-Sep-2026,17.14,17.15,17.0,17.06,17.12,308564,52.67,50,302664.0,98.09
MIDCAP, 22-Sep-2026,18.26,18.48,18.06,18.22,18.26,260998,47.65,685,172199.0,65.98
MIDCAPADD, 22-Sep-2026,22.96,23.0,22.86,22.89,22.96,16028,3.68,203,14614.0,91.18
MIDCAPBETA, 22-Sep-2026,231.91,232.1,230.05,232.0,230.76,2505,5.77,25,2485.0,99.2
MIDCAPETF, 22-Sep-2026,23.34,23.47,23.27,23.32,23.34,1440561,336.71,4613,1032115.0,71.65
MIDCAPIETF, 22-Sep-2026,23.66,23.85,23.48,23.54,23.63,714577,169.16,2085,330736.0,46.28
MIDHANI, 22-Sep-2026,419.95,423.95,413.35,415.2,418.55,496164,2069.41,15462,204154.0,41.15
MIDQ50ADD, 22-Sep-2026,24.99,24.99,24.3,24.35,24.39,10218,2.49,82,8980.0,87.88
MIDSELIETF, 22-Sep-2026,19.78,19.78,19.6,19.65,19.7,430796,84.76,661,281847.0,65.42
MIDSMALL, 22-Sep-2026,51.63,51.63,51.09,51.14,51.37,116835,59.94,1337,58994.0,50.49
MIDWESTLTD, 22-Sep-2026,998.1,1029.0,986.6,1018.3,988.3,17524,177.77,2013,6908.0,39.42
MIIL, 22-Sep-2026,714.5,716.0,699.0,710.45,703.6,88266,623.35,1799,38980.0,44.16
MILKYMIST, 22-Sep-2026,293.2,302.15,291.2,302.15,287.77,11275606,33751.37,63118,2729939.0,24.21
MINDACORP, 22-Sep-2026,680.3,687.95,676.7,685.4,679.6,101472,694.67,10623,54804.0,54.01
MINDSPACE, 22-Sep-2026,506.2,507.99,501.35,504.76,505.14,713419,3602.68,4772,683073.0,95.75
MINDTECK, 22-Sep-2026,155.37,160.0,155.37,157.94,155.72,14331,22.57,644,7402.0,51.65
MIRZAINT, 22-Sep-2026,29.11,29.49,29.0,29.12,29.16,54503,15.89,666,31635.0,58.04
MITCON, 22-Sep-2026,79.8,82.5,79.8,80.12,79.86,79499,64.4,64,78857.0,99.19
MITTAL, 22-Sep-2026,0.78,0.78,0.76,0.76,0.76,1010483,7.75,289,581657.0,57.56
MKEXIM, 22-Sep-2026,64.1,68.9,64.1,68.04,65.87,15103,10.14,173,13902.0,92.05
MKPL, 22-Sep-2026,4.04,4.11,3.98,4.03,3.98,64158,2.59,281,47763.0,74.45
MLKFOOD, 22-Sep-2026,83.0,83.0,80.26,82.45,81.62,4497,3.68,92,1681.0,37.38
MMEL, 22-Sep-2026,27.15,27.15,26.7,26.7,27.05,10000,2.69,5,10000.0,100.0
MMFL, 22-Sep-2026,613.0,616.95,597.5,603.4,612.85,86119,521.84,6044,40675.0,47.23
MMP, 22-Sep-2026,489.9,497.0,455.35,461.3,477.7,157727,746.57,5676,82675.0,52.42
MMTC, 22-Sep-2026,60.47,60.8,59.56,59.67,59.79,718269,431.39,5208,318712.0,44.37
MMWL, 22-Sep-2026,13.19,13.39,12.77,13.29,13.19,9664,1.27,97,7079.0,73.25
MNC, 22-Sep-2026,32.5,32.78,32.18,32.28,32.58,40231,13.05,392,34973.0,86.93
MOALPHA50, 22-Sep-2026,55.69,56.98,55.0,55.44,55.69,18003,10.01,74,16399.0,91.09
MOBANK10, 22-Sep-2026,16.89,16.89,16.65,16.77,16.73,3877,0.65,45,3307.0,85.3
MOBIKWIK, 22-Sep-2026,209.5,214.2,207.7,209.02,209.57,1446487,3057.16,20359,419023.0,28.97
MOBILISE, 22-Sep-2026,104.35,112.0,103.45,103.45,106.75,9600,10.14,6,6400.0,66.67
MOCAPITAL, 22-Sep-2026,53.01,53.69,52.91,52.94,52.93,338511,179.74,1946,161248.0,47.63
MODEFENCE, 22-Sep-2026,103.99,104.48,102.3,103.81,103.27,915413,951.79,5822,582780.0,63.66
MODINATUR, 22-Sep-2026,345.1,359.0,345.1,355.75,349.75,3282,11.59,329,2008.0,61.18
MODIRUBBER, 22-Sep-2026,122.0,126.0,121.51,122.04,123.51,1014,1.25,33,810.0,79.88
MODIS, 22-Sep-2026,346.6,350.75,344.85,347.3,346.6,10261,35.63,565,5428.0,52.9
MODTHREAD, 22-Sep-2026,46.4,47.66,45.22,46.37,47.05,6243,2.88,204,4242.0,67.95
MOENERGY, 22-Sep-2026,38.0,38.37,37.77,37.91,37.99,57907,22.08,456,45222.0,78.09
MOGOLD, 22-Sep-2026,150.4,150.4,148.8,149.7,150.05,257739,385.49,682,236989.0,91.95
MOGSEC, 22-Sep-2026,63.66,65.49,63.66,65.03,65.3,9575,6.19,60,8824.0,92.16
MOHEALTH, 22-Sep-2026,53.85,53.85,52.58,52.65,53.06,55690,29.44,543,31985.0,57.43
MOHITE, 22-Sep-2026,2.48,2.54,2.43,2.47,2.47,11716,0.29,95,11384.0,97.17
MOHITIND, 22-Sep-2026,23.9,23.9,22.56,22.87,23.75,12579,2.9,114,10855.0,86.29
MOIL, 22-Sep-2026,241.5,245.59,241.5,243.2,241.35,338539,823.61,6018,134742.0,39.8
MOINFRA, 22-Sep-2026,58.57,58.57,57.06,57.56,58.41,2967,1.72,49,1526.0,51.43
MOIPO, 22-Sep-2026,48.87,49.64,48.73,48.98,48.42,6695,3.28,43,6399.0,95.58
MOKSH, 22-Sep-2026,9.97,10.1,9.95,10.06,9.94,49760,4.98,125,34224.0,68.78
MOL, 22-Sep-2026,62.25,62.94,61.02,61.45,62.18,480743,297.27,3558,189898.0,39.5
MOLBIO, 22-Sep-2026,1230.0,1283.5,1227.6,1263.8,1218.8,1579734,19817.5,66318,216762.0,13.72
MOLDTKPAC, 22-Sep-2026,644.85,651.25,638.0,639.95,644.85,25115,161.8,1893,14702.0,58.54
MOLOWVOL, 22-Sep-2026,36.1,36.1,35.09,35.25,35.4,84026,29.53,50,78582.0,93.52
MOM100, 22-Sep-2026,67.25,67.4,66.66,66.87,67.1,137012,91.9,1987,81582.0,59.54
MOM30IETF, 22-Sep-2026,31.09,31.14,30.77,30.83,30.91,448767,139.05,1471,267888.0,59.69
MOM50, 22-Sep-2026,243.55,246.51,243.52,243.74,244.97,3737,9.15,128,2325.0,62.22
MOMENTUM, 22-Sep-2026,29.99,31.0,29.99,30.75,30.76,91264,28.03,143,86525.0,94.81
MOMENTUM30, 22-Sep-2026,30.48,31.8,30.3,30.93,30.3,21103,6.49,103,15074.0,71.43
MOMENTUM50, 22-Sep-2026,54.07,54.37,53.36,53.53,53.81,435747,234.91,13901,236296.0,54.23
MOMETAL, 22-Sep-2026,13.07,13.07,12.97,13.02,12.95,2155,0.28,30,1090.0,50.58
MOMGF, 22-Sep-2026,162.8,162.81,159.05,159.42,162.18,1497,2.4,47,1165.0,77.82
MOMIDMTM, 22-Sep-2026,62.42,64.68,62.42,63.64,64.03,77472,49.55,281,54886.0,70.85
MOMMIDCAP, 22-Sep-2026,12.9,12.92,12.81,12.82,12.85,2474779,317.81,664,2430456.0,98.21
MOMNC, 22-Sep-2026,31.72,31.73,31.3,31.41,31.65,2870,0.9,14,2230.0,77.7
MOMOMENTUM, 22-Sep-2026,62.27,62.27,60.83,61.32,61.32,51028,31.36,330,24764.0,48.53
MON100, 22-Sep-2026,338.49,339.7,320.42,324.95,330.24,1056991,3488.45,20988,558347.0,52.82
MON50EQUAL, 22-Sep-2026,33.0,33.49,32.34,32.63,32.66,6702,2.17,76,4614.0,68.85
MONARCH, 22-Sep-2026,362.0,369.05,361.95,366.9,361.7,68954,251.76,1389,41420.0,60.07
MONEXT50, 22-Sep-2026,72.2,72.99,71.26,71.54,72.25,4634,3.35,69,4304.0,92.88
MONEYBOXX, 22-Sep-2026,60.07,60.07,54.55,57.4,57.21,514607,298.84,1266,301532.0,58.59
MONIFTY100, 22-Sep-2026,24.75,24.84,24.57,24.72,24.82,5958,1.47,72,5858.0,98.32
MONIFTY500, 22-Sep-2026,23.47,23.59,23.34,23.44,23.47,213318,50.0,1075,140815.0,66.01
MONOLITH, 22-Sep-2026,1240.0,1299.0,1240.0,1282.55,1243.45,20750,263.25,81,13750.0,66.27
MONQ50, 22-Sep-2026,317.04,317.04,253.64,253.64,317.04,942885,2501.13,9157,479986.0,50.91
MONTECARLO, 22-Sep-2026,534.1,539.0,521.0,524.35,534.65,68944,362.93,2726,37689.0,54.67
MOOILGAS, 22-Sep-2026,11.27,12.15,10.9,11.51,11.05,14110,1.55,69,13540.0,95.96
MOPSE, 22-Sep-2026,99.26,100.3,98.03,98.42,101.3,4721,4.67,69,3508.0,74.31
MOQUALITY, 22-Sep-2026,194.43,194.9,193.11,193.97,193.74,704,1.36,40,311.0,44.18
MOREALTY, 22-Sep-2026,87.79,87.79,85.15,86.08,85.65,335647,289.38,1227,201150.0,59.93
MOREPENLAB, 22-Sep-2026,122.35,123.8,118.12,119.04,122.35,10361426,12487.51,41212,3346873.0,32.3
MOS, 22-Sep-2026,6.65,6.65,6.15,6.65,6.05,15828000,1052.17,560,15192000.0,95.98
MOSCHIP, 22-Sep-2026,208.0,211.7,206.51,207.37,206.05,938006,1952.91,14158,313226.0,33.39
MOSERVICE, 22-Sep-2026,30.37,30.37,30.1,30.2,30.43,17172,5.18,48,14030.0,81.7
MOSILVER, 22-Sep-2026,230.2,230.2,226.0,227.71,229.59,22873,52.26,1392,7819.0,34.18
MOSMALL250, 22-Sep-2026,18.37,18.48,18.2,18.3,18.36,395721,72.72,1741,273259.0,69.05
MOTHERSON, 22-Sep-2026,162.75,163.9,161.21,161.77,162.91,8031394,13076.42,63431,4417945.0,55.01
MOTILALOFS, 22-Sep-2026,995.6,1025.0,995.6,1007.0,995.0,813525,8243.74,32027,288554.0,35.47
MOTISONS, 22-Sep-2026,18.0,18.71,17.88,18.04,17.94,70245799,12756.92,83397,11714996.0,16.68
MOTOGENFIN, 22-Sep-2026,27.4,27.5,26.0,26.28,26.45,110559,29.73,223,87440.0,79.09
MOTOUR, 22-Sep-2026,78.01,78.71,78.01,78.52,78.01,9292,7.28,117,8191.0,88.15
MOVALUE, 22-Sep-2026,110.66,111.48,110.13,110.44,110.66,384762,424.48,629,345614.0,89.83
MPEL, 22-Sep-2026,23.5,23.5,21.45,22.0,22.55,33600,7.5,15,27200.0,80.95
MPHASIS, 22-Sep-2026,2298.4,2306.5,2254.5,2265.0,2296.2,506297,11497.72,23503,296327.0,58.53
MPIMANIPAL, 22-Sep-2026,335.0,342.6,330.35,338.6,336.6,616288,2074.57,17646,247090.0,40.09
MPSLTD, 22-Sep-2026,2605.0,2650.0,2591.8,2603.2,2617.2,4754,124.61,1105,3340.0,70.26
MRF, 22-Sep-2026,125490.0,125755.0,124635.0,124770.0,124855.0,1591,1990.29,1373,639.0,40.16
MRIL, 22-Sep-2026,80.05,80.1,79.65,79.9,83.75,8000,6.39,5,8000.0,100.0
MRPL, 22-Sep-2026,167.65,168.06,164.0,164.44,167.03,4279978,7072.44,34017,1295738.0,30.27
MSCI360, 22-Sep-2026,9.86,9.94,9.83,9.91,9.86,316,0.03,18,302.0,95.57
MSCIADD, 22-Sep-2026,28.93,28.94,28.8,28.91,28.96,333,0.1,9,141.0,42.34
MSCIINDIA, 22-Sep-2026,29.2,29.32,29.09,29.19,29.22,6221,1.82,161,4300.0,69.12
MSL, 22-Sep-2026,136.1,138.0,136.1,138.0,136.0,41,0.06,2,41.0,100.0
MSPL, 22-Sep-2026,33.4,33.8,32.8,33.39,33.28,1337071,444.83,4157,885577.0,66.23
MSTCLTD, 22-Sep-2026,729.1,755.0,728.0,746.95,729.85,255933,1901.02,12413,122914.0,48.03
MSUMI, 22-Sep-2026,35.63,35.74,35.1,35.15,35.6,5632984,1989.89,22914,3510073.0,62.31
MTNL, 22-Sep-2026,23.75,24.26,23.5,23.67,23.65,734073,174.96,3167,277816.0,37.85
MUFIN, 22-Sep-2026,132.84,135.47,131.01,132.69,132.17,610502,814.54,3721,223006.0,36.53
MUFTI, 22-Sep-2026,72.25,73.92,72.12,73.34,72.73,36520,26.65,635,20386.0,55.82
MUKANDLTD, 22-Sep-2026,136.1,143.0,136.03,141.41,136.03,207157,291.49,3598,111791.0,53.96
MUKESHB, 22-Sep-2026,132.7,132.7,127.0,130.5,126.42,51,0.07,3,50.0,98.04
MULTICAP, 22-Sep-2026,16.53,16.57,16.43,16.45,16.49,151841,25.05,481,71773.0,47.27
MUNISH, 22-Sep-2026,94.5,94.5,94.5,94.5,95.45,1200,1.13,1,1200.0,100.0
MUNJALAU, 22-Sep-2026,105.71,107.49,104.15,104.8,105.71,239397,252.61,9338,94515.0,39.48
MUNJALSHOW, 22-Sep-2026,129.3,138.8,126.02,133.32,128.53,173266,232.11,2122,70464.0,40.67
MURUDCERA, 22-Sep-2026,28.5,30.2,28.5,29.23,28.3,27522,8.07,312,22161.0,80.52
MUTHOOTCAP, 22-Sep-2026,228.95,233.18,226.02,229.85,228.87,4638,10.65,265,3171.0,68.37
MUTHOOTFIN, 22-Sep-2026,2855.0,2874.0,2822.0,2831.5,2854.2,484238,13777.78,73988,268498.0,55.45
MUTHOOTMF, 22-Sep-2026,189.3,194.44,187.45,188.32,188.75,218153,414.67,4716,120375.0,55.18
MVELECTRO, 22-Sep-2026,884.9,895.0,851.0,877.35,882.2,1534723,13454.38,46657,245233.0,15.98
MVGJL, 22-Sep-2026,214.5,217.09,205.82,213.26,214.51,407774,863.28,11039,163244.0,40.03
MVKAGRO, 22-Sep-2026,220.5,220.5,220.5,220.5,232.1,23100,50.94,43,23100.0,100.0
MWL, 22-Sep-2026,43.15,43.25,41.87,42.03,42.56,378882,160.47,2705,181225.0,47.83
MYMUDRA, 22-Sep-2026,60.2,70.0,60.2,64.65,61.3,24000,16.04,20,14400.0,60.0
NACLIND, 22-Sep-2026,144.6,145.44,137.97,138.62,143.9,1558909,2179.27,22775,819262.0,52.55
NAGREEKCAP, 22-Sep-2026,30.0,30.0,28.15,28.46,29.06,17052,4.92,184,13773.0,80.77
NAGREEKEXP, 22-Sep-2026,21.06,22.5,21.06,21.66,21.65,18998,4.19,181,17226.0,90.67
NAHARCAP, 22-Sep-2026,256.5,256.5,247.9,249.95,255.75,1357,3.39,52,1257.0,92.63
NAHARINDUS, 22-Sep-2026,131.17,133.9,130.0,131.71,131.7,38768,51.09,1220,26696.0,68.86
NAHARPOLY, 22-Sep-2026,223.01,238.09,223.01,232.84,223.41,6546,15.26,255,4710.0,71.95
NAHARSPING, 22-Sep-2026,280.0,281.9,277.0,277.85,279.9,18714,52.24,837,13771.0,73.59
NAM-INDIA, 22-Sep-2026,1149.0,1164.9,1139.2,1159.0,1146.7,699444,8045.95,31626,372264.0,53.22
NAMAN, 22-Sep-2026,42.0,42.0,42.0,42.0,40.0,17600,7.39,21,17600.0,100.0
NAMOEWASTE, 22-Sep-2026,264.45,316.55,262.2,316.55,263.8,240000,732.06,245,172000.0,71.67
NARMADA, 22-Sep-2026,13.47,13.75,13.3,13.42,13.47,434476,58.37,498,270056.0,62.16
NATCOPHARM, 22-Sep-2026,819.3,820.0,806.1,815.05,816.3,619357,5039.91,34001,341829.0,55.19
NATHBIOGEN, 22-Sep-2026,153.0,153.76,148.0,148.38,151.8,99665,147.58,424,97465.0,97.79
NATIONALUM, 22-Sep-2026,352.95,353.2,348.1,352.2,352.5,2687468,9417.39,43940,1358644.0,50.55
NATIONSTD, 22-Sep-2026,116.5,116.85,113.02,114.98,114.76,9396,10.79,451,6778.0,72.14
NAUKRI, 22-Sep-2026,1296.0,1316.9,1291.9,1304.0,1296.4,1322215,17264.21,47771,585545.0,44.29
NAVA, 22-Sep-2026,558.9,562.35,550.0,550.9,554.65,183108,1013.82,11442,111966.0,61.15
NAVINFLUOR, 22-Sep-2026,8500.0,8650.0,8411.0,8438.0,8486.5,72911,6207.31,14964,39042.0,53.55
NAVKARCORP, 22-Sep-2026,88.58,90.36,88.58,89.38,88.58,214447,191.54,2792,113606.0,52.98
NAVKARURB, 22-Sep-2026,0.9,0.91,0.88,0.91,0.87,284743,2.59,114,249806.0,87.73
NAVNETEDUL, 22-Sep-2026,125.55,127.05,121.65,123.12,126.82,202463,249.94,3529,140740.0,69.51
NAZARA, 22-Sep-2026,369.0,372.45,366.0,370.45,367.25,548510,2027.01,9552,290681.0,52.99
NBCC, 22-Sep-2026,83.18,83.64,81.5,81.9,83.15,4367203,3596.17,24133,1865003.0,42.7
NBIFIN, 22-Sep-2026,1998.9,1998.9,1927.0,1948.0,1945.0,6323,122.05,82,6180.0,97.74
NCC, 22-Sep-2026,136.05,137.62,133.75,134.41,136.03,1592824,2153.83,17660,867651.0,54.47
NCLIND, 22-Sep-2026,176.5,177.4,175.1,175.51,175.68,26986,47.5,1063,19904.0,73.76
NDGL, 22-Sep-2026,2670.0,2698.9,2521.0,2590.0,2580.6,175,4.56,73,99.0,56.57
NDL, 22-Sep-2026,2.79,2.79,2.74,2.76,2.79,649914,17.95,904,388436.0,59.77
NDLVENTURE, 22-Sep-2026,123.4,126.13,122.5,124.01,124.64,3522,4.36,120,2991.0,84.92
NDRAUTO, 22-Sep-2026,732.2,767.65,732.2,753.2,732.2,39462,297.7,2584,21265.0,53.89
NDRINVIT, 22-Sep-2026,145.0,145.0,145.0,145.0,145.0,25000,36.25,1,25000.0,100.0
NDTV, 22-Sep-2026,71.97,73.5,71.0,72.31,71.57,42101,30.23,583,29071.0,69.05
NEAGI, 22-Sep-2026,3452.7,3470.0,3452.7,3468.8,3470.0,15,0.52,4,15.0,100.0
NECLIFE, 22-Sep-2026,11.05,11.14,10.75,10.83,10.93,130968,14.27,430,94561.0,72.2
NEELAM, 22-Sep-2026,7.7,7.7,7.35,7.35,7.35,12000,0.9,2,12000.0,100.0
NELCAST, 22-Sep-2026,109.49,110.0,108.08,108.9,107.57,58414,63.76,1226,30302.0,51.87
NELCO, 22-Sep-2026,989.0,1030.0,989.0,1011.75,986.35,421377,4279.42,16180,179028.0,42.49
NEOGEN, 22-Sep-2026,2371.6,2397.7,2363.7,2379.2,2359.8,122496,2917.31,12538,45073.0,36.8
NEPHROCARE, 22-Sep-2026,97.4,97.4,96.0,96.15,93.25,18000,17.42,37,12800.0,71.11
NEPHROPLUS, 22-Sep-2026,753.0,762.1,739.2,749.45,751.6,205974,1545.35,17013,117264.0,56.93
NEPTUNE, 22-Sep-2026,177.95,179.0,177.0,179.0,177.95,3000,5.34,6,2500.0,83.33
NESCO, 22-Sep-2026,1080.0,1085.0,1063.5,1069.0,1081.9,39039,418.34,4559,27658.0,70.85
NESTLEIND, 22-Sep-2026,1382.2,1392.9,1363.9,1363.9,1385.0,865008,11870.52,36869,570121.0,65.91
NETF, 22-Sep-2026,256.0,256.0,254.01,254.99,254.72,421,1.07,90,209.0,49.64
NETWEB, 22-Sep-2026,4768.0,4835.0,4742.0,4817.0,4718.0,927925,44456.46,69928,207494.0,22.36
NETWORK18, 22-Sep-2026,26.8,27.37,26.71,26.91,26.79,3752909,1015.44,7918,1787582.0,47.63
NEULANDLAB, 22-Sep-2026,22730.0,23040.0,22435.0,22550.0,22610.0,26441,6015.64,11187,14966.0,56.6
NEWGEN, 22-Sep-2026,497.0,500.75,492.3,495.7,494.1,352708,1750.36,13909,96784.0,27.44
NEWJAISA, 22-Sep-2026,18.15,18.2,18.0,18.0,17.55,4500,0.82,3,4500.0,100.0
NEXT30ADD, 22-Sep-2026,42.24,42.37,41.85,42.1,42.21,1600,0.67,53,1054.0,65.88
NEXT50, 22-Sep-2026,746.51,748.72,741.06,742.39,745.51,22526,167.79,2494,9211.0,40.89
NEXT50ADD, 22-Sep-2026,72.87,72.87,72.35,72.57,72.68,16335,11.86,31,7858.0,48.11
NEXT50BETA, 22-Sep-2026,78.02,78.39,77.03,77.27,78.02,936981,727.59,863,894557.0,95.47
NEXT50ETF, 22-Sep-2026,72.82,74.5,72.01,72.61,72.89,16434,11.95,222,10817.0,65.82
NEXT50IETF, 22-Sep-2026,76.35,76.6,75.71,75.87,76.35,364547,277.68,4052,214163.0,58.75
NEXTMEDIA, 22-Sep-2026,3.88,3.89,3.64,3.74,3.82,12492,0.47,102,11151.0,89.27
NFL, 22-Sep-2026,66.99,67.29,66.57,66.71,66.83,357620,238.94,2692,158373.0,44.29
NGIL, 22-Sep-2026,38.2,40.49,38.16,39.04,38.16,214313,83.6,335,211336.0,98.61
NGLFINE, 22-Sep-2026,2761.4,2875.0,2695.0,2859.4,2731.6,16029,450.58,2572,8925.0,55.68
NH, 22-Sep-2026,1896.9,1913.8,1878.0,1883.3,1896.9,86014,1626.48,11860,41491.0,48.24
NHIT, 22-Sep-2026,171.0,171.0,170.0,170.0,171.0,300000,512.75,5,300000.0,100.0
NHPC, 22-Sep-2026,75.89,76.49,75.6,76.01,75.8,9874034,7506.6,47370,5404896.0,54.74
NIACL, 22-Sep-2026,187.0,191.54,186.56,187.41,186.56,2272794,4291.05,23296,451369.0,19.86
NIBE, 22-Sep-2026,1399.0,1405.0,1358.9,1369.9,1371.1,65055,899.54,5970,35794.0,55.02
NIBL, 22-Sep-2026,30.62,34.99,30.62,33.08,30.62,105959,35.53,1588,57116.0,53.9
NICCOPAR, 22-Sep-2026,82.1,84.9,81.5,81.5,82.1,596,0.49,24,517.0,86.74
NIDAN, 22-Sep-2026,13.65,13.7,13.65,13.7,13.4,2000,0.27,2,2000.0,100.0
NIF100BEES, 22-Sep-2026,261.32,261.61,258.7,259.98,260.86,12858,33.47,664,6446.0,50.13
NIF100IETF, 22-Sep-2026,27.39,27.59,26.95,27.25,27.5,81203,22.21,1557,42938.0,52.88
NIF500BETA, 22-Sep-2026,37.7,37.7,36.23,36.72,36.76,6061,2.22,14,6020.0,99.32
NIFTY1, 22-Sep-2026,261.87,263.01,258.93,259.86,260.41,45764,118.95,1095,21212.0,46.35
NIFTY100EW, 22-Sep-2026,34.54,34.84,34.3,34.53,34.36,50714,17.46,253,29349.0,57.87
NIFTYADD, 22-Sep-2026,247.72,247.77,245.88,246.38,247.27,2959,7.3,92,1382.0,46.7
NIFTYAXIS, 22-Sep-2026,267.02,267.02,258.53,259.35,260.51,5836,15.13,153,3625.0,62.11
NIFTYBEES, 22-Sep-2026,267.85,268.89,266.01,266.64,267.76,5397108,14409.83,41866,3744207.0,69.37
NIFTYBETA, 22-Sep-2026,267.07,267.07,258.3,259.33,260.56,16304,42.34,349,13756.0,84.37
NIFTYBETF, 22-Sep-2026,242.24,242.35,240.01,240.6,241.37,931,2.25,54,847.0,90.98
NIFTYCASE, 22-Sep-2026,9.64,9.64,9.25,9.39,9.41,694769,65.26,1638,523374.0,75.33
NIFTYETF, 22-Sep-2026,255.39,255.85,253.75,254.53,255.39,112153,285.56,739,46968.0,41.88
NIFTYIETF, 22-Sep-2026,266.6,266.6,262.5,265.42,266.09,315625,838.5,11197,223147.0,70.7
NIFTYJBLK, 22-Sep-2026,12.28,12.28,11.95,11.99,11.99,50272,6.04,611,39595.0,78.76
NIFTYQLITY, 22-Sep-2026,20.54,20.88,20.28,20.39,20.64,173635,35.61,225,99997.0,57.59
NIITLTD, 22-Sep-2026,90.57,91.37,88.82,89.52,90.56,132756,119.33,2453,63083.0,47.52
NIITMTS, 22-Sep-2026,215.3,219.9,213.37,217.81,215.26,111441,241.83,5945,48522.0,43.54
NIKITA, 22-Sep-2026,65.5,68.95,65.0,65.0,64.0,18000,11.89,15,12000.0,66.67
NILAINFRA, 22-Sep-2026,6.7,6.74,6.56,6.66,6.62,76534,5.1,376,65132.0,85.1
NILASPACES, 22-Sep-2026,12.1,12.38,11.97,12.02,12.12,1263682,153.04,2133,858783.0,67.96
NILE, 22-Sep-2026,1461.0,1468.9,1441.5,1444.9,1458.6,1778,25.77,290,1286.0,72.33
NILKAMAL, 22-Sep-2026,1899.0,1915.0,1845.4,1864.8,1888.6,16543,309.4,3414,9124.0,55.15
NIMBSPROJ, 22-Sep-2026,194.8,194.8,180.54,188.54,186.85,29424,54.21,603,2050.0,6.97
NINSYS, 22-Sep-2026,725.0,725.0,705.25,711.05,713.9,6565,46.68,239,6014.0,91.61
NIPPOBATRY, 22-Sep-2026,319.05,335.0,319.05,325.55,318.15,7961,25.92,350,6997.0,87.89
NIRAJ, 22-Sep-2026,29.89,29.89,27.66,28.16,28.75,65381,18.46,187,58383.0,89.3
NIRLON, 22-Sep-2026,591.5,605.0,580.0,601.35,594.15,5883,34.93,679,3823.0,64.98
NIRMAN, 22-Sep-2026,26.6,27.25,26.5,27.0,26.6,3600,0.97,12,2700.0,75.0
NITCO, 22-Sep-2026,89.9,93.38,89.45,91.89,89.47,1072518,982.66,7221,564501.0,52.63
NITINSPIN, 22-Sep-2026,613.0,618.0,606.3,608.4,610.8,49283,301.47,4061,25918.0,52.59
NITIRAJ, 22-Sep-2026,230.95,230.95,224.0,229.33,227.85,1681,3.8,46,1192.0,70.91
NITTAGELA, 22-Sep-2026,1770.0,1770.0,1691.3,1700.1,1725.8,2217,37.92,319,1501.0,67.7
NIVABUPA, 22-Sep-2026,80.48,81.5,79.93,80.83,80.48,804858,649.65,13985,367222.0,45.63
NKIND, 22-Sep-2026,56.66,59.77,56.4,56.55,57.82,590,0.34,15,553.0,93.73
NLCINDIA, 22-Sep-2026,266.0,269.8,265.4,267.0,266.65,1009013,2696.12,20213,595817.0,59.05
NMDC, 22-Sep-2026,80.09,80.31,79.34,80.2,79.8,8885406,7095.17,37104,4694653.0,52.84
NMSTEEL, 22-Sep-2026,22.1,22.1,21.6,22.0,22.5,8000,1.76,5,6400.0,80.0
NOCIL, 22-Sep-2026,196.3,197.79,191.23,193.89,194.57,789706,1528.54,8559,298569.0,37.81
NOIDATOLL, 22-Sep-2026,4.0,4.04,3.93,4.0,3.97,40221,1.6,467,31597.0,78.56
NORBTEAEXP, 22-Sep-2026,66.4,68.8,66.0,66.26,66.2,1057,0.71,38,1055.0,99.81
NORTHARC, 22-Sep-2026,319.0,320.9,314.1,315.9,319.15,649137,2055.84,17938,335572.0,51.7
NOVAAGRI, 22-Sep-2026,23.25,23.31,23.0,23.08,23.28,39425,9.12,267,33809.0,85.76
NOVARTIND, 22-Sep-2026,2037.0,2042.0,1960.0,1973.3,2004.1,46906,939.98,4594,17162.0,36.59
NPBET, 22-Sep-2026,285.3,285.3,283.41,284.26,283.81,116,0.33,12,103.0,88.79
NPST, 22-Sep-2026,1792.5,1930.0,1792.5,1888.8,1789.6,163372,3088.14,18514,50153.0,30.7
NRAIL, 22-Sep-2026,638.5,678.3,621.05,652.1,627.15,35475,232.17,2776,17120.0,48.26
NRBBEARING, 22-Sep-2026,525.8,529.0,518.0,520.5,528.5,327766,1713.04,17262,129916.0,39.64
NRVANDANA, 22-Sep-2026,71.0,71.9,70.0,71.6,71.25,84000,59.71,8,18000.0,21.43
NSIL, 22-Sep-2026,5527.0,5564.0,5490.0,5524.0,5527.0,712,39.27,193,505.0,70.93
NSLNISP, 22-Sep-2026,42.8,43.08,42.4,42.51,42.44,2214252,944.18,10485,852351.0,38.49
NTCIND, 22-Sep-2026,134.45,134.99,131.0,133.81,130.68,973,1.3,57,735.0,75.54
NTPC, 22-Sep-2026,326.5,329.0,325.55,327.8,326.4,6219007,20366.23,66245,3972336.0,63.87
NTPCGREEN, 22-Sep-2026,91.8,95.3,91.8,93.31,91.26,10827047,10151.57,73067,4069366.0,37.59
NUCLEUS, 22-Sep-2026,682.0,689.95,681.05,685.95,683.95,8452,57.89,890,5070.0,59.99
NUVAMA, 22-Sep-2026,1689.4,1710.0,1669.5,1675.7,1687.1,160021,2696.64,20722,93486.0,58.42
NUVOCO, 22-Sep-2026,330.55,340.6,330.55,338.85,330.55,292607,989.18,11285,151427.0,51.75
NV20, 22-Sep-2026,13.57,13.61,13.43,13.58,13.57,50769,6.88,204,28244.0,55.63
NV20BEES, 22-Sep-2026,136.18,138.89,135.01,135.7,136.18,10399,14.11,197,5752.0,55.31
NV20IETF, 22-Sep-2026,13.32,13.34,13.13,13.23,13.27,330687,43.68,1584,210835.0,63.76
NXST, 22-Sep-2026,166.44,167.29,165.9,166.38,166.18,518906,864.43,5886,485411.0,93.55
NXT-INFRA, 22-Sep-2026,99.8,99.8,99.8,99.8,99.9,25000,24.95,1,25000.0,100.0
NYKAA, 22-Sep-2026,335.0,337.65,330.3,333.55,336.0,1885771,6293.75,27324,984646.0,52.21
OAL, 22-Sep-2026,554.8,570.0,550.05,556.9,548.85,64317,361.19,3449,34028.0,52.91
OBCL, 22-Sep-2026,58.77,58.77,58.0,58.16,58.77,5112,2.97,45,4728.0,92.49
OBEROIRLTY, 22-Sep-2026,1823.9,1853.0,1802.6,1845.6,1821.0,470585,8634.71,24987,258129.0,54.85
OBSCP, 22-Sep-2026,890.0,923.95,885.4,916.75,894.8,32000,291.0,80,16400.0,51.25
ODIGMA, 22-Sep-2026,21.05,21.65,20.9,20.92,20.95,13535,2.85,886,10860.0,80.24
ODYCORP, 22-Sep-2026,6.9,7.29,6.62,7.02,6.92,310960,21.76,115,308254.0,99.13
OFSS, 22-Sep-2026,10962.0,11111.0,10835.0,10989.0,10911.0,232724,25555.9,46237,83376.0,35.83
OIL, 22-Sep-2026,476.6,479.15,463.25,467.0,478.35,2648023,12400.12,35209,1035430.0,39.1
OILIETF, 22-Sep-2026,11.19,11.23,11.0,11.12,11.19,880678,98.05,1986,364403.0,41.38
OLAELEC, 22-Sep-2026,37.15,38.9,37.14,37.78,37.0,73804321,28214.41,163330,16643431.0,22.55
OLECTRA, 22-Sep-2026,1212.0,1256.0,1210.5,1217.2,1205.8,561988,6934.62,36034,170575.0,30.35
OLIL, 22-Sep-2026,446.5,446.5,430.0,435.85,427.55,10000,43.52,12,6000.0,60.0
OMAXAUTO, 22-Sep-2026,191.43,197.22,187.21,190.86,191.43,58433,111.97,1157,31980.0,54.73
OMAXE, 22-Sep-2026,114.0,119.34,114.0,116.5,114.0,773045,904.11,9369,168899.0,21.85
OMFURN, 22-Sep-2026,52.2,56.75,51.35,56.75,54.05,27600,14.9,14,18000.0,65.22
OMINFRAL, 22-Sep-2026,80.6,80.69,78.42,78.93,79.11,33594,26.58,798,19282.0,57.4
OMNI, 22-Sep-2026,553.4,571.4,546.05,562.5,551.35,1018160,5736.5,33046,404854.0,39.76
OMPOWER, 22-Sep-2026,169.37,171.99,167.0,170.34,170.5,50245,85.31,1032,30077.0,59.86
ONDOOR, 22-Sep-2026,283.7,283.7,270.0,271.75,280.15,7800,21.55,20,4200.0,53.85
ONEGLOBAL, 22-Sep-2026,537.3,552.0,519.95,547.9,538.8,10380,56.13,646,7063.0,68.04
ONEPOINT, 22-Sep-2026,60.3,65.2,60.05,63.2,60.03,6891301,4393.73,41159,2179067.0,31.62
ONESOURCE, 22-Sep-2026,1601.3,1618.9,1585.0,1587.9,1599.2,155059,2479.32,10207,86875.0,56.03
ONGC, 22-Sep-2026,235.51,236.37,233.75,236.13,235.63,8097173,19048.52,77186,4596833.0,56.77
ONIDA, 22-Sep-2026,34.3,35.49,34.0,34.73,34.31,628277,218.54,2616,420288.0,66.9
ONIXSOLAR, 22-Sep-2026,328.0,338.0,322.6,322.6,339.55,249185,812.68,2425,108832.0,43.68
ONWARDTEC, 22-Sep-2026,293.9,297.0,284.95,286.6,290.05,26976,77.99,715,18039.0,66.87
OPTIEMUS, 22-Sep-2026,590.0,708.9,590.0,708.9,590.75,8046819,54131.33,173080,1433612.0,17.82
OPTIFIN, 22-Sep-2026,13.99,16.71,13.99,16.7,13.93,1436544,237.41,7979,611802.0,42.59
OPTIMYSTIX, 22-Sep-2026,135.1,138.0,135.0,137.6,138.1,4000,5.47,5,3200.0,80.0
OPTIVALUE, 22-Sep-2026,212.85,212.85,212.85,212.85,202.75,14400,30.65,9,14400.0,100.0
ORCHASP, 22-Sep-2026,1.43,1.46,1.31,1.37,1.43,175541,2.46,558,135483.0,77.18
ORCHPHARMA, 22-Sep-2026,1089.9,1143.5,1075.1,1107.2,1081.8,493833,5543.83,37564,149310.0,30.23
ORIANA, 22-Sep-2026,273.7,294.6,270.25,275.9,271.3,659625,1866.78,1500,349125.0,52.93
ORICONENT, 22-Sep-2026,54.15,56.0,54.15,55.78,54.84,27420,15.21,391,17582.0,64.12
ORIENTALTL, 22-Sep-2026,5.08,5.1,4.95,4.98,5.08,53067,2.65,220,36720.0,69.2
ORIENTBELL, 22-Sep-2026,394.9,406.8,391.0,392.8,392.55,14460,57.24,848,9475.0,65.53
ORIENTCEM, 22-Sep-2026,125.07,125.5,122.57,123.19,125.07,361493,447.4,3929,186467.0,51.58
ORIENTCER, 22-Sep-2026,48.29,49.43,47.53,48.08,47.53,207701,100.9,1856,113060.0,54.43
ORIENTELEC, 22-Sep-2026,168.01,168.75,165.8,166.54,168.01,82979,138.58,2813,55109.0,66.41
ORIENTHOT, 22-Sep-2026,145.19,145.19,142.15,142.88,144.06,292194,419.17,3412,116726.0,39.95
ORIENTPPR, 22-Sep-2026,17.25,17.5,16.93,16.99,17.15,114990,19.72,986,74042.0,64.39
ORIENTTECH, 22-Sep-2026,235.77,237.39,233.01,235.08,235.04,86146,202.32,2605,40123.0,46.58
ORIRAIL, 22-Sep-2026,128.75,128.75,122.21,126.96,116.41,244531,307.01,4534,98460.0,40.26
ORISSAMINE, 22-Sep-2026,3819.0,3894.6,3819.0,3879.7,3820.8,5140,198.36,1378,2540.0,49.42
ORKLAINDIA, 22-Sep-2026,579.05,585.4,567.4,569.25,579.05,49707,286.23,4291,26219.0,52.75
ORTINGLOBE, 22-Sep-2026,15.35,15.64,14.6,14.74,15.36,52473,7.73,92,40546.0,77.27
OSELDEVICE, 22-Sep-2026,356.95,368.8,353.55,361.25,350.75,15400,55.55,71,11400.0,74.03
OSWALAGRO, 22-Sep-2026,35.0,35.45,34.61,35.12,34.76,9299,3.26,125,7214.0,77.58
OSWALGREEN, 22-Sep-2026,19.75,20.15,19.57,20.06,19.75,65670,13.04,626,42086.0,64.09
OSWALPUMPS, 22-Sep-2026,277.4,282.45,273.0,273.6,276.2,292752,809.61,6089,157477.0,53.79
OSWALSEEDS, 22-Sep-2026,13.75,14.45,13.58,13.81,13.58,56475,7.77,231,40752.0,72.16
OWAIS, 22-Sep-2026,74.2,77.2,74.2,77.1,75.7,13000,9.84,58,11900.0,91.54
PACEDIGITK, 22-Sep-2026,165.5,175.37,165.4,167.74,154.86,26735640,45671.34,195800,1549267.0,5.79
PACIFICI, 22-Sep-2026,144.0,144.0,140.0,140.0,143.6,204,0.29,7,202.0,99.02
PAGEIND, 22-Sep-2026,36130.0,37345.0,36075.0,37150.0,35950.0,38196,14142.83,17374,9901.0,25.92
PAISALO, 22-Sep-2026,93.0,94.05,92.51,93.43,92.85,19182757,17971.82,40256,6514052.0,33.96
PAKKA, 22-Sep-2026,78.67,79.67,76.35,77.02,78.67,37438,29.09,805,22604.0,60.38
PALASHSECU, 22-Sep-2026,86.5,87.0,86.5,86.7,86.89,727,0.63,8,712.0,97.94
PALREDTEC, 22-Sep-2026,48.2,48.5,46.62,46.95,48.25,316,0.15,17,311.0,98.42
PANACEABIO, 22-Sep-2026,381.95,393.95,377.0,382.65,376.15,149585,579.02,5715,62638.0,41.87
PANAMAPET, 22-Sep-2026,475.9,485.5,472.3,481.25,475.15,138492,665.3,5296,63642.0,45.95
PANORAMA, 22-Sep-2026,56.29,56.5,54.12,55.32,54.89,319717,177.45,2944,167305.0,52.33
PANSARI, 22-Sep-2026,281.0,281.05,275.2,278.1,279.6,461,1.29,26,432.0,93.71
PARACABLES, 22-Sep-2026,61.29,62.74,60.9,61.75,61.03,1049848,647.93,5770,458126.0,43.64
PARADEEP, 22-Sep-2026,155.6,157.79,153.51,154.17,155.73,1162417,1811.54,20845,425635.0,36.62
PARAGMILK, 22-Sep-2026,278.0,283.0,270.25,279.4,272.4,3909827,10843.84,70641,1512355.0,38.68
PARAGON, 22-Sep-2026,52.55,55.0,52.55,54.5,53.0,3600,1.94,3,2400.0,66.67
PARAMOUNT, 22-Sep-2026,38.35,38.35,38.3,38.3,40.3,4800,1.84,4,1200.0,25.0
PARAS, 22-Sep-2026,1413.5,1444.9,1364.4,1375.5,1406.5,723945,10159.07,38664,210461.0,29.07
PARASPETRO, 22-Sep-2026,2.18,2.18,2.07,2.09,2.14,77231,1.64,208,54818.0,70.98
PARIN, 22-Sep-2026,690.05,705.0,690.0,697.7,699.5,12000,83.59,33,6000.0,50.0
PARKHOSPS, 22-Sep-2026,285.0,288.5,281.0,285.1,284.7,364039,1036.45,6594,181330.0,49.81
PARKHOTELS, 22-Sep-2026,106.25,109.7,105.2,107.75,106.19,231164,246.14,6060,109261.0,47.27
PARNAXLAB, 22-Sep-2026,118.42,139.8,118.42,129.22,118.42,6455,8.24,131,6000.0,92.95
PARTH, 22-Sep-2026,524.95,555.0,524.95,542.0,515.0,20000,107.4,36,13600.0,68.0
PARTYCRUS, 22-Sep-2026,99.05,103.0,97.1,97.1,97.75,15000,14.88,14,12000.0,80.0
PASHUPATI, 22-Sep-2026,80.8,81.19,79.55,80.2,80.19,127639,102.52,1374,60401.0,47.32
PASUPTAC, 22-Sep-2026,72.5,78.0,71.75,76.37,71.17,967519,726.71,8657,496172.0,51.28
PATANJALI, 22-Sep-2026,394.0,412.8,394.0,404.0,396.2,15560500,63070.36,128257,2090639.0,13.44
PATELENG, 22-Sep-2026,25.85,27.87,25.85,26.85,25.75,8482601,2304.89,22892,3251910.0,38.34
PATELRMART, 22-Sep-2026,204.6,207.69,203.41,205.36,203.41,38760,79.6,998,24204.0,62.45
PATILAUTOM, 22-Sep-2026,331.15,364.35,329.0,359.8,330.1,217800,767.93,322,147000.0,67.49
PATINTLOG, 22-Sep-2026,14.66,15.19,14.1,14.19,14.64,80249,11.56,535,55166.0,68.74
PAUSHAKLTD, 22-Sep-2026,713.05,723.65,696.0,700.95,705.25,28680,203.09,1775,20289.0,70.74
PAVNAIND, 22-Sep-2026,16.09,16.56,15.3,15.46,15.7,192402,30.42,677,112853.0,58.65
PAYTM, 22-Sep-2026,1808.7,1828.1,1802.6,1814.4,1810.0,1208769,21931.91,39223,408065.0,33.76
PBMPOLY, 22-Sep-2026,65.0,68.0,65.0,65.01,65.0,1938,1.26,27,1936.0,99.9
PCBL, 22-Sep-2026,346.2,354.15,345.7,347.75,344.35,1739256,6078.99,37965,647513.0,37.23
PCCL, 22-Sep-2026,451.8,452.0,420.5,450.9,451.8,22000,98.01,40,12800.0,58.18
PCJEWELLER, 22-Sep-2026,12.79,13.72,12.71,13.58,12.79,638501220,85042.82,288152,136497845.0,21.38
PDMJEPAPER, 22-Sep-2026,99.42,101.42,97.0,97.36,98.18,118631,116.92,2134,50093.0,42.23
PDSL, 22-Sep-2026,353.85,367.9,352.65,361.45,353.85,106649,386.24,5969,62935.0,59.01
PEARLPOLY, 22-Sep-2026,18.82,18.83,18.15,18.83,17.94,26641,5.01,70,24027.0,90.19
PELATRO, 22-Sep-2026,388.0,395.0,380.0,394.2,382.4,17700,68.86,50,13800.0,77.97
PENIND, 22-Sep-2026,172.9,176.7,171.72,174.14,171.07,375240,655.14,6032,180711.0,48.16
PENINLAND, 22-Sep-2026,16.35,17.7,15.8,17.03,16.19,657910,112.12,1774,338956.0,51.52
PENTAGON, 22-Sep-2026,100.0,100.5,91.2,91.2,95.9,13000,12.96,11,13000.0,100.0
PERMAGN, 22-Sep-2026,850.0,850.0,827.7,837.85,836.65,3008,25.16,257,2433.0,80.88
PERNIASPOP, 22-Sep-2026,533.7,549.75,533.5,545.75,533.35,92753,503.5,4491,40803.0,43.99
PERSISTENT, 22-Sep-2026,5454.5,5463.0,5359.0,5366.0,5449.0,350423,18865.25,31298,148284.0,42.32
PETRONET, 22-Sep-2026,287.6,288.25,280.3,281.75,287.5,1996961,5639.11,40714,1277259.0,63.96
PFC, 22-Sep-2026,345.2,346.5,343.1,345.8,344.75,7604431,26217.96,49517,4733419.0,62.25
PFIZER, 22-Sep-2026,4050.0,4050.0,3990.5,3998.9,4035.7,10508,421.88,2532,5881.0,55.97
PFOCUS, 22-Sep-2026,352.6,362.0,346.1,357.45,352.65,4255646,15036.57,44658,533491.0,12.54
PFS, 22-Sep-2026,27.03,27.09,26.31,26.43,26.73,261099,69.64,1714,190444.0,72.94
PGEL, 22-Sep-2026,540.0,541.45,519.0,520.2,536.55,855489,4499.26,19393,345410.0,40.38
PGHH, 22-Sep-2026,7426.0,7454.0,7200.0,7282.0,7426.0,52867,3848.14,13524,29131.0,55.1
PGHL, 22-Sep-2026,5480.0,5544.5,5406.0,5459.0,5503.5,5659,309.05,1831,1812.0,32.02
PGIL, 22-Sep-2026,1139.6,1228.0,1139.5,1194.9,1138.4,230499,2761.02,23755,64377.0,27.93
PGINVIT, 22-Sep-2026,101.29,101.38,100.91,101.01,101.0,842331,851.03,4893,723682.0,85.91
PHANTOMFX, 22-Sep-2026,92.1,94.0,91.0,92.95,92.4,10200,9.39,23,8100.0,79.41
PHARMABEES, 22-Sep-2026,28.4,28.4,27.15,27.68,27.76,2961932,821.23,8081,2248591.0,75.92
PHOENIXLTD, 22-Sep-2026,1948.9,1958.0,1930.3,1953.4,1929.0,421114,8191.29,22875,255797.0,60.74
PHOENXINTL, 22-Sep-2026,28.9,28.9,27.8,28.35,27.95,810,0.23,18,710.0,87.65
PICCADIL, 22-Sep-2026,594.7,624.35,591.3,614.8,591.2,255580,1566.52,16465,103837.0,40.63
PIDILITIND, 22-Sep-2026,1576.3,1587.0,1562.7,1572.7,1573.2,482511,7592.09,19585,291001.0,60.31
PIGL, 22-Sep-2026,101.9,102.0,99.9,101.06,101.05,19598,19.75,322,13714.0,69.98
PIIND, 22-Sep-2026,2364.9,2428.7,2350.0,2410.0,2321.8,837735,20087.97,58880,144799.0,17.28
PILANIINVS, 22-Sep-2026,4060.0,4072.8,4006.0,4008.3,4027.1,1454,58.47,250,1153.0,79.3
PILITA, 22-Sep-2026,7.3,7.52,7.3,7.38,7.3,19689,1.46,246,12977.0,65.91
PINELABS, 22-Sep-2026,195.25,204.95,191.63,197.58,193.7,82008849,162841.09,424255,13640795.0,16.63
PIONEEREMB, 22-Sep-2026,22.5,22.5,22.0,22.28,22.32,8614,1.92,103,5965.0,69.25
PIRAMALFIN, 22-Sep-2026,2220.4,2231.9,2176.3,2206.7,2220.4,265963,5876.94,26515,155145.0,58.33
PITTIENG, 22-Sep-2026,1140.0,1142.4,1113.4,1121.9,1134.4,41005,461.07,4249,22324.0,54.44
PIXTRANS, 22-Sep-2026,1730.7,1754.1,1724.1,1733.0,1730.7,8411,146.16,1289,5351.0,63.62
PLASTIBLEN, 22-Sep-2026,186.79,189.5,185.0,185.94,185.67,7913,14.81,364,5517.0,69.72
PLATIND, 22-Sep-2026,212.75,217.49,210.25,216.07,211.08,67727,145.23,1485,49412.0,72.96
PLAZACABLE, 22-Sep-2026,61.7,63.54,60.45,62.27,61.7,92063,57.25,1355,53709.0,58.34
PML, 22-Sep-2026,474.05,498.85,474.05,498.85,490.85,425,2.05,22,424.0,99.76
PNB, 22-Sep-2026,118.45,118.74,116.7,117.0,118.0,8967547,10531.06,27839,4139221.0,46.16
PNBGILTS, 22-Sep-2026,76.61,80.0,76.02,76.23,76.88,402524,311.51,4441,110181.0,27.37
PNBHOUSING, 22-Sep-2026,1139.8,1147.7,1121.0,1125.6,1141.1,217294,2457.31,16292,99092.0,45.6
PNC, 22-Sep-2026,16.5,16.8,16.15,16.42,16.66,4378,0.72,109,3459.0,79.01
PNCINFRA, 22-Sep-2026,140.47,143.9,138.34,139.62,140.47,1611269,2262.32,21182,851372.0,52.84
PNGJL, 22-Sep-2026,601.05,606.4,596.7,598.4,601.55,131220,788.7,7530,63369.0,48.29
PNGSREVA, 22-Sep-2026,511.9,529.0,508.0,511.7,511.05,167836,873.2,8135,63523.0,37.85
POCL, 22-Sep-2026,476.0,482.5,470.05,472.95,472.85,349421,1667.27,13803,128040.0,36.64
PODDARMENT, 22-Sep-2026,290.0,290.0,282.0,288.7,289.15,2054,5.87,57,1749.0,85.15
POEL, 22-Sep-2026,137.35,141.0,137.35,138.05,137.31,20838,28.84,614,14322.0,68.73
POKARNA, 22-Sep-2026,739.7,747.45,730.0,732.55,732.9,47211,349.16,3423,20960.0,44.4
POLICYBZR, 22-Sep-2026,1794.4,1806.4,1773.7,1805.0,1793.0,793833,14216.49,43680,478058.0,60.22
POLYCAB, 22-Sep-2026,8400.0,8442.0,8345.0,8350.0,8369.5,231281,19410.36,39430,129308.0,55.91
POLYMED, 22-Sep-2026,1715.4,1728.0,1695.5,1699.0,1706.2,59651,1017.11,7927,29789.0,49.94
POLYPLEX, 22-Sep-2026,1108.0,1118.9,1082.4,1091.6,1107.7,33912,371.13,2487,20546.0,60.59
POLYSIL, 22-Sep-2026,59.75,59.75,59.75,59.75,62.85,17000,10.16,15,17000.0,100.0
POLYSPIN, 22-Sep-2026,30.6,30.6,28.0,28.51,30.0,2465,0.72,51,1558.0,63.2
PONNIERODE, 22-Sep-2026,359.4,369.45,359.0,362.8,354.1,14405,52.37,1011,8151.0,56.58
POONAWALLA, 22-Sep-2026,468.2,478.45,468.2,471.9,471.0,787982,3725.77,25407,491425.0,62.37
POSITRON, 22-Sep-2026,213.55,230.6,213.55,223.45,211.45,24900,56.54,73,21000.0,84.34
POWERGRID, 22-Sep-2026,267.0,268.3,265.95,265.95,266.1,7314792,19536.27,56787,4737489.0,64.77
POWERICA, 22-Sep-2026,579.95,579.95,549.8,559.3,568.1,113348,640.96,5696,42914.0,37.86
POWERINDIA, 22-Sep-2026,32170.0,32550.0,31195.0,31415.0,31870.0,89147,28415.13,29383,36361.0,40.79
POWERMECH, 22-Sep-2026,2455.0,2491.3,2410.0,2443.1,2444.2,32584,800.28,6153,12080.0,37.07
PPLPHARMA, 22-Sep-2026,215.5,215.97,209.5,210.12,214.66,2470090,5241.98,32381,1106174.0,44.78
PPSL, 22-Sep-2026,2.95,2.95,2.9,2.9,3.0,9000,0.26,3,9000.0,100.0
PRABHA, 22-Sep-2026,230.23,241.73,230.23,235.72,230.12,249425,590.51,3511,134189.0,53.8
PRAENG, 22-Sep-2026,22.49,22.8,21.35,21.56,22.26,25926,5.66,272,18500.0,71.36
PRAJIND, 22-Sep-2026,312.5,323.2,312.5,317.55,312.15,502874,1606.27,13128,205435.0,40.85
PRAKASH, 22-Sep-2026,121.0,125.73,118.3,119.12,120.09,564037,684.53,7132,205433.0,36.42
PRAKASHSTL, 22-Sep-2026,3.81,3.82,3.66,3.72,3.69,65227,2.44,345,51080.0,78.31
PRAMARA, 22-Sep-2026,84.55,88.7,84.0,88.7,84.5,95500,81.97,63,45000.0,47.12
PRAMODINI, 22-Sep-2026,116.95,117.1,114.25,115.1,114.85,67200,77.57,52,49200.0,73.21
PRANAV, 22-Sep-2026,105.98,106.07,101.89,102.87,105.25,2894567,3006.75,34872,977619.0,33.77
PRANIK, 22-Sep-2026,42.15,42.15,42.15,42.15,42.15,8000,3.37,4,8000.0,100.0
PRASOLCHEM, 22-Sep-2026,685.05,710.4,676.0,704.75,681.4,413042,2873.59,24189,186660.0,45.19
PRATHAM, 22-Sep-2026,120.0,123.0,120.0,120.15,120.05,3200,3.85,6,3200.0,100.0
PRAVEG, 22-Sep-2026,253.9,263.95,252.05,255.85,252.3,26918,69.01,1284,15654.0,58.15
PRAXIS, 22-Sep-2026,4.32,4.35,4.2,4.35,4.22,39242,1.69,122,33527.0,85.44
PRECAM, 22-Sep-2026,117.42,120.9,116.81,118.87,117.42,110105,130.83,3001,48863.0,44.38
PRECISION, 22-Sep-2026,6.0,6.55,6.0,6.55,6.3,8000,0.51,4,8000.0,100.0
PRECOT, 22-Sep-2026,709.0,709.0,668.85,674.6,689.85,2741,18.7,213,1352.0,49.33
PRECWIRE, 22-Sep-2026,471.0,499.65,471.0,491.1,473.7,960152,4725.14,39568,287947.0,29.99
PREMCO, 22-Sep-2026,400.0,403.85,390.5,402.0,397.0,354,1.42,42,331.0,93.5
PREMEXPLN, 22-Sep-2026,677.9,677.9,671.0,674.25,675.15,109557,739.02,1675,86124.0,78.61
PREMIERENE, 22-Sep-2026,914.6,920.0,896.2,907.2,919.9,1202025,10874.84,20190,676386.0,56.27
PREMIERPOL, 22-Sep-2026,79.96,82.0,79.18,81.02,79.3,94173,75.9,2703,46516.0,49.39
PREMIUM, 22-Sep-2026,41.0,43.8,40.0,42.0,40.5,126000,52.35,39,87000.0,69.05
PRESSTONIC, 22-Sep-2026,39.5,41.85,37.0,41.05,35.9,303200,120.64,277,158400.0,52.24
PRESTIGE, 22-Sep-2026,1483.0,1495.1,1454.0,1479.6,1474.0,512562,7548.36,13686,364298.0,71.07
PRICOLLTD, 22-Sep-2026,756.5,776.0,752.4,768.1,756.5,210797,1619.2,15590,88538.0,42.0
PRIMECAB, 22-Sep-2026,171.55,171.55,166.0,166.2,171.6,20800,35.1,13,20800.0,100.0
PRIMESECU, 22-Sep-2026,300.0,300.0,287.3,290.2,298.7,8958,26.19,576,5407.0,60.36
PRIMO, 22-Sep-2026,22.31,23.3,21.26,22.69,22.31,174515,39.44,993,97998.0,56.15
PRINCEPIPE, 22-Sep-2026,266.3,269.25,264.1,265.25,266.1,99974,266.53,3506,52812.0,52.83
PRIORITY, 22-Sep-2026,232.0,236.0,221.41,223.5,231.88,124239,283.17,1840,71361.0,57.44
PRISMX, 22-Sep-2026,0.56,0.56,0.54,0.55,0.55,88701,0.49,74,68774.0,77.53
PRITI, 22-Sep-2026,33.59,33.88,32.0,32.9,32.93,6371,2.08,182,5955.0,93.47
PRITIKA, 22-Sep-2026,65.0,65.0,63.0,63.0,65.0,4000,2.56,2,4000.0,100.0
PRIVISCL, 22-Sep-2026,3535.3,3571.2,3493.3,3515.2,3525.6,41202,1453.92,9773,21536.0,52.27
PRIZOR, 22-Sep-2026,1064.15,1106.45,1064.15,1106.45,1084.8,29200,315.47,53,29200.0,100.0
PRLIND, 22-Sep-2026,44.6,47.9,43.35,46.0,45.05,34000,15.86,24,27000.0,79.41
PROFX, 22-Sep-2026,70.0,70.5,70.0,70.5,70.95,8000,5.62,5,8000.0,100.0
PROPSHOP, 22-Sep-2026,71.75,71.75,70.1,70.25,72.05,16000,11.32,8,14000.0,87.5
PROSTARM, 22-Sep-2026,128.03,130.0,127.09,127.84,128.4,66825,85.61,1473,34327.0,51.37
PROTEAN, 22-Sep-2026,575.0,656.9,568.35,620.65,588.35,14817622,92863.33,347824,1718533.0,11.6
PROV, 22-Sep-2026,1900.0,1900.0,1852.1,1887.7,1852.0,240,4.51,3,160.0,66.67
PROZONER, 22-Sep-2026,53.39,53.39,51.5,52.23,52.9,432191,225.57,1870,373197.0,86.35
PRSMJOHNSN, 22-Sep-2026,117.65,117.65,115.5,116.08,116.44,173322,201.09,3223,98374.0,56.76
PRUDENT, 22-Sep-2026,3426.8,3468.8,3393.0,3403.7,3426.8,9530,325.95,4410,4563.0,47.88
PRUDMOULI, 22-Sep-2026,14.0,14.69,13.61,13.71,14.19,25129,3.48,130,22069.0,87.82
PSB, 22-Sep-2026,21.95,22.06,21.81,21.93,21.95,468789,102.79,2168,235916.0,50.32
PSFL, 22-Sep-2026,32.0,32.35,32.0,32.35,31.1,8000,2.57,4,8000.0,100.0
PSPPROJECT, 22-Sep-2026,828.95,855.6,821.25,828.7,820.15,54861,460.91,3303,26721.0,48.71
PSRAJ, 22-Sep-2026,101.0,103.9,101.0,103.9,103.35,70000,71.22,10,70000.0,100.0
PSUBANK, 22-Sep-2026,83.09,83.69,82.51,82.66,83.07,29570,24.54,320,15166.0,51.29
PSUBANKADD, 22-Sep-2026,84.46,84.46,83.16,83.2,83.97,14924,12.46,209,7606.0,50.96
PSUBNKBEES, 22-Sep-2026,93.9,93.9,92.0,92.15,92.76,686677,634.51,4915,357523.0,52.07
PSUBNKIETF, 22-Sep-2026,84.5,84.69,83.55,83.66,84.2,30018,25.19,576,17309.0,57.66
PTC, 22-Sep-2026,156.78,157.95,155.08,155.63,156.28,1053065,1646.61,9629,672025.0,63.82
PTCIL, 22-Sep-2026,22320.0,22455.0,22005.0,22130.0,22300.0,15358,3408.43,5136,5411.0,35.23
PTL, 22-Sep-2026,38.44,38.59,38.05,38.35,38.3,16578,6.35,475,11274.0,68.01
PULZ, 22-Sep-2026,21.3,21.5,20.75,21.5,21.75,50000,10.54,13,48000.0,96.0
PUNJABCHEM, 22-Sep-2026,1072.0,1085.9,1052.5,1066.2,1064.8,6041,64.5,680,3065.0,50.74
PURPLEUTED, 22-Sep-2026,440.0,462.75,436.6,462.75,440.75,24500,112.24,55,24500.0,100.0
PURVA, 22-Sep-2026,214.94,223.7,214.0,216.69,214.94,395080,863.94,7753,74424.0,18.84
PURVFLEXI, 22-Sep-2026,48.0,48.0,48.0,48.0,46.6,800,0.38,1,800.0,100.0
PUSHPA, 22-Sep-2026,100.6,106.0,100.6,106.0,104.6,64000,66.84,59,13000.0,20.31
PVP, 22-Sep-2026,65.35,65.35,63.7,65.35,62.24,789426,513.26,1887,360385.0,45.65
PVRINOX, 22-Sep-2026,1350.0,1352.8,1306.0,1334.8,1349.3,388638,5151.71,30852,198949.0,51.19
PVSL, 22-Sep-2026,99.75,100.99,99.0,99.92,99.38,11215,11.19,519,7104.0,63.34
PVTBANIETF, 22-Sep-2026,28.37,28.37,27.58,27.7,27.68,755688,209.36,1639,474902.0,62.84
PVTBANK, 22-Sep-2026,28.0,28.0,27.29,27.3,27.54,3207,0.88,23,2625.0,81.85
PVTBANKADD, 22-Sep-2026,27.9,27.98,27.74,27.91,27.9,54566,15.21,111,34884.0,63.93
PVTBKGROWW, 22-Sep-2026,27.95,27.95,27.3,27.39,27.6,14442,3.98,79,10203.0,70.65
PWL, 22-Sep-2026,135.01,136.84,132.5,136.35,134.76,6126383,8271.81,42712,2303162.0,37.59
PYRAMID, 22-Sep-2026,157.67,159.05,155.43,157.79,157.67,16861,26.53,500,10481.0,62.16
QGOLDHALF, 22-Sep-2026,125.82,125.9,124.6,125.2,125.82,142236,178.2,944,65687.0,46.18
QLINE, 22-Sep-2026,707.0,710.0,682.0,683.25,698.2,36000,250.61,80,24800.0,68.89
QNIFTY, 22-Sep-2026,257.62,261.9,257.0,257.6,258.5,5541,14.28,142,3994.0,72.08
QPOWER, 22-Sep-2026,1500.0,1539.1,1487.5,1491.6,1486.4,215820,3260.99,14869,115242.0,53.4
QUADFUTURE, 22-Sep-2026,538.0,551.45,516.9,522.4,536.0,701484,3741.62,22289,217721.0,31.04
QUADPRO, 22-Sep-2026,3.55,3.55,3.55,3.55,3.4,12000,0.43,1,12000.0,100.0
QUAL30IETF, 22-Sep-2026,20.42,20.43,20.28,20.37,20.51,41414,8.42,280,32523.0,78.53
QUALIANCE, 22-Sep-2026,173.65,185.0,173.65,173.85,182.75,605000,1056.23,239,585000.0,96.69
QUALITY30, 22-Sep-2026,20.14,20.14,19.96,19.96,20.14,4581,0.92,109,3571.0,77.95
QUESS, 22-Sep-2026,359.65,372.25,357.8,360.45,363.1,403546,1470.99,20418,161899.0,40.12
QUESTLAB, 22-Sep-2026,74.0,76.5,74.0,75.0,74.1,9600,7.23,7,7200.0,75.0
QUICKHEAL, 22-Sep-2026,151.84,156.0,151.4,152.32,151.79,114004,174.78,2377,53559.0,46.98
QUICKTOUCH, 22-Sep-2026,17.85,17.85,17.0,17.0,17.85,3500,0.6,7,2500.0,71.43
QVCEL, 22-Sep-2026,23.25,23.25,23.25,23.25,22.15,4800,1.12,3,3200.0,66.67
RACE, 22-Sep-2026,102.0,119.98,99.94,119.98,99.99,682329,732.42,1482,531285.0,77.86
RACLGEAR, 22-Sep-2026,1717.0,1813.0,1713.1,1758.0,1716.7,64952,1147.55,9053,22154.0,34.11
RADAAN, 22-Sep-2026,2.88,2.88,2.81,2.87,2.82,14744,0.42,56,13115.0,88.95
RADIANTCMS, 22-Sep-2026,35.39,35.99,35.13,35.24,35.24,263083,93.02,1585,142911.0,54.32
RADICO, 22-Sep-2026,4493.0,4512.3,4436.0,4448.8,4480.0,160829,7177.14,18127,92250.0,57.36
RADIOCITY, 22-Sep-2026,6.1,6.14,5.98,6.09,6.02,59997,3.61,238,56960.0,94.94
RAILTEL, 22-Sep-2026,260.2,266.15,258.3,263.9,260.25,469926,1237.8,11880,115140.0,24.5
RAIN, 22-Sep-2026,212.98,221.0,212.6,219.54,212.18,4482583,9772.85,34460,2149187.0,47.95
RAINBOW, 22-Sep-2026,1442.0,1454.6,1411.2,1430.9,1439.6,95288,1363.35,9794,64216.0,67.39
RAJINDLTD, 22-Sep-2026,64.4,65.4,64.0,64.3,62.95,10500,6.77,7,9000.0,85.71
RAJMET, 22-Sep-2026,3.16,3.19,3.12,3.14,3.12,283086,8.9,789,187666.0,66.29
RAJPALAYAM, 22-Sep-2026,772.35,778.5,757.0,758.5,768.55,367,2.81,35,349.0,95.1
RAJPUTANA, 22-Sep-2026,196.5,196.5,191.2,194.55,199.5,3000,5.86,5,3000.0,100.0
RAJRATAN, 22-Sep-2026,452.0,461.0,445.0,450.2,452.75,86400,391.09,4658,47636.0,55.13
RAJSREESUG, 22-Sep-2026,32.48,32.9,31.4,32.16,32.32,24067,7.75,431,13186.0,54.79
RAJTV, 22-Sep-2026,9.09,9.31,8.84,9.31,8.87,128187,11.87,252,96146.0,75.0
RALLIS, 22-Sep-2026,202.0,203.44,199.23,201.95,202.15,559902,1125.96,16124,263042.0,46.98
RAMANEWS, 22-Sep-2026,32.39,32.54,31.51,32.11,32.14,17709,5.69,180,15880.0,89.67
RAMAPHO, 22-Sep-2026,121.21,123.5,120.05,120.16,120.98,12642,15.42,367,8469.0,66.99
RAMBHAJO, 22-Sep-2026,306.0,306.0,282.1,284.1,304.03,754506,2202.69,12919,337714.0,44.76
RAMCOCEM, 22-Sep-2026,880.0,889.9,872.5,883.5,885.1,292303,2564.07,7188,215885.0,73.86
RAMCOIND, 22-Sep-2026,323.8,328.65,319.5,320.85,326.15,46173,149.1,2337,25277.0,54.74
RAMCOSYS, 22-Sep-2026,564.0,592.4,564.0,592.4,564.2,92608,545.71,1960,58976.0,63.68
RAMKY, 22-Sep-2026,320.05,323.95,314.3,316.55,317.0,33762,107.28,1222,20289.0,60.09
RAMRAT, 22-Sep-2026,550.1,571.8,545.85,562.75,550.1,812222,4560.32,15117,655168.0,80.66
RANASUG, 22-Sep-2026,14.11,14.39,14.04,14.11,14.18,237048,33.65,810,90903.0,38.35
RANEHOLDIN, 22-Sep-2026,1584.3,1600.0,1571.5,1585.6,1570.8,5656,89.7,744,3491.0,61.72
RAPIDFLEET, 22-Sep-2026,209.5,211.0,209.5,211.0,199.6,9000,18.92,14,3000.0,33.33
RAPPID, 22-Sep-2026,346.1,365.0,346.05,346.1,351.3,5400,19.06,9,3600.0,66.67
RATEGAIN, 22-Sep-2026,844.9,858.0,834.0,837.5,842.3,277542,2339.92,17501,147766.0,53.24
RATNAMANI, 22-Sep-2026,2777.0,2802.0,2765.0,2781.7,2776.9,27421,764.12,6327,12042.0,43.92
RATNAVEER, 22-Sep-2026,336.2,341.1,327.0,332.3,334.55,6199353,20682.9,61744,1296332.0,20.91
RAYMOND, 22-Sep-2026,1090.0,1193.4,1089.95,1116.95,1084.95,4950372,57010.88,165295,827245.0,16.71
RAYMONDLSL, 22-Sep-2026,652.4,667.15,647.55,652.8,646.15,312338,2046.42,12332,149387.0,47.83
RAYMONDREL, 22-Sep-2026,587.0,612.4,586.0,589.5,585.45,765481,4605.54,22578,323120.0,42.21
RBA, 22-Sep-2026,95.7,95.7,92.14,93.64,95.22,3566634,3333.32,32222,1802487.0,50.54
RBLBANK, 22-Sep-2026,404.3,424.4,402.85,423.2,402.4,7366610,30507.34,60635,2106717.0,28.6
RBMINFRA, 22-Sep-2026,278.55,284.95,270.0,271.1,278.55,13200,36.4,49,9400.0,71.21
RBS, 22-Sep-2026,81.5,84.0,81.5,83.8,79.75,12800,10.64,14,4800.0,37.5
RCDL, 22-Sep-2026,14.75,14.8,14.2,14.8,14.1,66000,9.68,16,42000.0,63.64
RCDL-RE, 22-Sep-2026,2.9,3.4,2.9,3.4,2.85,66000,2.18,17,66000.0,100.0
RCF, 22-Sep-2026,109.24,109.5,107.45,107.63,108.74,957267,1037.11,10091,433007.0,45.23
READYMIX, 22-Sep-2026,70.0,70.0,67.0,69.95,70.0,11000,7.52,11,8000.0,72.73
RECLTD, 22-Sep-2026,310.3,311.0,307.1,307.1,310.2,4641953,14338.37,36300,2937282.0,63.28
REDINGTON, 22-Sep-2026,394.0,412.2,392.6,410.35,392.05,5662870,22960.55,76308,2240478.0,39.56
REDTAPE, 22-Sep-2026,116.41,120.0,115.9,118.8,116.41,543970,643.62,8555,151549.0,27.86
REFEX, 22-Sep-2026,293.2,296.9,289.05,291.0,293.2,525817,1538.03,13271,166819.0,31.73
REFRACTORY, 22-Sep-2026,34.85,34.85,34.85,34.85,33.2,3000,1.05,3,3000.0,100.0
REGAAL, 22-Sep-2026,83.44,100.12,82.6,97.21,83.44,8177219,7708.12,47011,1414088.0,17.29
REGENCERAM, 22-Sep-2026,32.0,33.55,31.99,33.3,31.02,2947,0.95,41,2190.0,74.31
RELAXO, 22-Sep-2026,295.95,298.0,291.5,292.65,293.55,209982,617.54,8839,71860.0,34.22
RELCHEMQ, 22-Sep-2026,118.0,119.8,116.0,117.61,118.72,2469,2.9,105,1387.0,56.18
RELIABLE, 22-Sep-2026,142.1,147.98,141.15,142.05,141.01,20777,29.95,1135,13097.0,63.04
RELIANCE, 22-Sep-2026,1247.6,1251.9,1237.4,1240.4,1247.4,10684376,133037.25,137145,6109518.0,57.18
RELIGARE, 22-Sep-2026,252.01,253.09,248.4,249.17,253.21,903971,2268.06,13142,433411.0,47.95
RELTD, 22-Sep-2026,143.99,153.58,143.99,151.26,143.93,195108,293.62,3730,97389.0,49.92
REMSONSIND, 22-Sep-2026,97.99,99.85,96.1,97.82,96.02,111502,109.17,1546,54885.0,49.22
REMUS, 22-Sep-2026,1002.0,1002.0,942.0,951.15,988.8,6100,58.51,52,5000.0,81.97
RENTOMOJO, 22-Sep-2026,542.0,546.0,520.0,524.9,539.75,3415248,18119.93,75282,723820.0,21.19
RENUKA, 22-Sep-2026,22.92,23.35,22.72,22.82,22.98,6690805,1541.43,10755,1757009.0,26.26
REPCOHOME, 22-Sep-2026,362.15,362.15,355.0,357.25,362.15,62778,224.25,2048,39181.0,62.41
REPL, 22-Sep-2026,59.5,59.5,56.0,57.67,59.25,3370,1.95,86,2003.0,59.44
REPRO, 22-Sep-2026,299.85,300.0,295.3,298.2,299.4,10077,30.02,462,7371.0,73.15
RESPONIND, 22-Sep-2026,160.0,162.47,156.48,157.38,160.26,83796,133.38,2280,34508.0,41.18
RETAIL, 22-Sep-2026,18.89,18.89,17.05,17.11,17.89,1490,0.26,59,1283.0,86.11
REXPRO, 22-Sep-2026,36.2,36.25,36.1,36.1,38.0,10000,3.61,9,9000.0,90.0
RFBL, 22-Sep-2026,92.9,92.9,92.9,92.9,88.5,9000,8.36,3,9000.0,100.0
RGL, 22-Sep-2026,162.24,162.96,155.51,156.78,161.55,467283,739.01,7375,214181.0,45.84
RHETAN, 22-Sep-2026,17.67,18.8,17.67,17.67,18.6,5520962,986.6,9988,3370198.0,61.04
RHIM, 22-Sep-2026,392.6,397.85,372.2,379.2,368.0,11882563,45787.41,158172,1297292.0,10.92
RHL, 22-Sep-2026,176.0,179.99,173.0,174.82,176.5,4903,8.64,35,4348.0,88.68
RICHA, 22-Sep-2026,82.5,82.5,82.5,82.5,75.5,1000,0.83,1,1000.0,100.0
RICOAUTO, 22-Sep-2026,128.9,130.9,127.31,128.14,128.43,457519,589.36,5294,153478.0,33.55
RIIL, 22-Sep-2026,712.0,719.95,703.8,709.7,705.35,36666,260.99,2247,7486.0,20.42
RIIT, 22-Sep-2026,119.12,120.45,118.5,119.38,119.91,128107,152.88,5361,108195.0,84.46
RILINFRA, 22-Sep-2026,32.85,33.5,32.85,33.35,32.85,5100,1.7,31,3900.0,76.47
RIR, 22-Sep-2026,196.0,199.75,188.87,191.56,194.45,1078839,2087.06,16764,389474.0,36.1
RISHABH, 22-Sep-2026,750.0,765.95,731.15,736.55,748.05,108922,815.09,7188,56621.0,51.98
RITCO, 22-Sep-2026,285.0,290.2,280.9,287.2,283.6,67260,191.65,2116,40309.0,59.93
RITES, 22-Sep-2026,203.98,208.34,203.0,203.6,203.23,578211,1182.28,14149,134435.0,23.25
RITEZONE, 22-Sep-2026,19.4,19.4,19.4,19.4,20.4,1600,0.31,1,1600.0,100.0
RKDL, 22-Sep-2026,18.76,19.16,18.21,18.85,18.66,86335,16.26,437,51507.0,59.66
RKEC, 22-Sep-2026,18.61,18.61,17.4,18.43,18.36,19316,3.53,227,9237.0,47.82
RKFORGE, 22-Sep-2026,719.4,741.0,712.1,716.25,716.5,660677,4812.22,23253,247670.0,37.49
RKSWAMY, 22-Sep-2026,91.05,91.5,87.25,87.8,88.79,20496,18.12,486,16174.0,78.91
RMC, 22-Sep-2026,217.51,228.16,217.51,225.2,216.64,28244,63.37,1549,13157.0,46.58
RML, 22-Sep-2026,1345.6,1384.4,1341.1,1347.9,1345.6,37741,512.67,4146,15395.0,40.79
RNFI, 22-Sep-2026,320.05,322.0,316.0,316.5,326.85,13200,42.12,21,10800.0,81.82
RNPL, 22-Sep-2026,57.9,57.9,52.6,52.6,55.35,22800,12.06,18,21600.0,94.74
ROCKINGDCE, 22-Sep-2026,214.15,228.8,214.15,218.75,223.95,1250,2.72,5,1000.0,80.0
ROHLTD, 22-Sep-2026,314.0,314.0,305.15,306.0,308.5,8254,25.4,681,4022.0,48.73
ROLEXRINGS, 22-Sep-2026,172.7,175.85,172.06,172.5,172.68,534690,929.22,7519,284884.0,53.28
ROML, 22-Sep-2026,40.55,41.68,40.29,41.14,40.71,3417,1.4,46,3207.0,93.85
ROSSARI, 22-Sep-2026,441.65,445.9,435.0,442.25,441.0,88725,389.86,4745,52425.0,59.09
ROSSELLIND, 22-Sep-2026,52.27,52.5,51.3,51.92,51.96,37290,19.45,604,26255.0,70.41
ROSSTECH, 22-Sep-2026,1363.8,1505.0,1363.7,1494.1,1359.7,1051024,15429.03,73245,181935.0,17.31
ROTO, 22-Sep-2026,63.24,63.8,62.5,62.8,62.75,234959,148.19,2550,105331.0,44.83
ROUTE, 22-Sep-2026,468.9,471.3,462.2,463.95,469.2,187200,872.09,7227,112883.0,60.3
ROXHITECH, 22-Sep-2026,44.05,44.25,44.05,44.05,45.1,4800,2.12,3,3200.0,66.67
ROYALARC, 22-Sep-2026,160.0,160.0,160.0,160.0,152.0,1200,1.92,1,1200.0,100.0
RPEL, 22-Sep-2026,1714.9,1760.0,1713.8,1742.3,1692.2,70679,1230.88,9628,31032.0,43.91
RPGLIFE, 22-Sep-2026,2760.3,2819.9,2722.1,2746.9,2760.2,7450,205.83,1855,2623.0,35.21
RPOWER, 22-Sep-2026,21.02,21.32,20.82,20.89,21.0,15218039,3194.82,30338,5667453.0,37.24
RPPINFRA, 22-Sep-2026,53.05,55.49,53.05,54.98,53.56,27867,15.15,398,17569.0,63.05
RPSGVENT, 22-Sep-2026,855.65,857.0,831.5,841.65,843.4,23708,200.36,1476,14297.0,60.3
RPTECH, 22-Sep-2026,812.0,900.0,812.0,883.55,811.9,726954,6291.33,32363,357737.0,49.21
RRECL, 22-Sep-2026,138.8,138.8,137.0,137.0,138.8,156,0.22,6,154.0,98.72
RRIL, 22-Sep-2026,16.3,16.5,15.51,16.11,16.38,28596,4.61,230,18420.0,64.41
RRKABEL, 22-Sep-2026,2416.0,2491.0,2414.5,2472.5,2411.7,317242,7812.27,29499,173753.0,54.77
RSL, 22-Sep-2026,199.9,202.22,186.05,187.27,197.88,483336,928.45,10309,196122.0,40.58
RSSOFTWARE, 22-Sep-2026,30.3,31.74,29.7,31.6,30.23,48181,15.07,269,35558.0,73.8
RSWM, 22-Sep-2026,234.4,234.9,225.55,227.01,231.4,95632,219.38,2084,52429.0,54.82
RSYSTEMS, 22-Sep-2026,242.31,244.89,238.15,239.45,243.08,93080,224.22,2641,44633.0,47.95
RTNINDIA, 22-Sep-2026,27.17,28.39,27.06,27.22,27.08,1363637,375.98,8622,415473.0,30.47
RTNPOWER, 22-Sep-2026,7.11,7.21,7.05,7.06,7.11,13563610,964.17,11037,5923225.0,43.67
RTSPOWR, 22-Sep-2026,90.0,91.5,85.3,90.06,87.96,6801,6.16,78,6614.0,97.25
RUBFILA, 22-Sep-2026,67.8,67.88,66.02,66.97,67.88,40794,27.22,663,16786.0,41.15
RUBICON, 22-Sep-2026,1720.0,1730.8,1662.0,1671.2,1732.6,344602,5834.63,33920,186704.0,54.18
RUBYMILLS, 22-Sep-2026,479.75,479.75,450.05,459.95,462.3,6782,31.14,530,3951.0,58.26
RUCHINFRA, 22-Sep-2026,5.07,5.2,4.96,5.01,4.98,70765,3.59,277,34299.0,48.47
RUCHIRA, 22-Sep-2026,108.0,108.0,105.6,105.93,109.13,14598,15.6,383,9419.0,64.52
RUDRA, 22-Sep-2026,20.43,20.5,20.0,20.1,20.23,15293,3.08,110,12659.0,82.78
RULKA, 22-Sep-2026,109.5,111.1,106.5,106.5,108.3,11100,12.07,23,6600.0,59.46
RUPA, 22-Sep-2026,137.1,138.8,136.8,138.52,137.22,75272,103.63,2897,40722.0,54.1
RUSHIL, 22-Sep-2026,16.2,17.5,16.2,16.7,16.28,592262,99.54,1116,334802.0,56.53
RUSTOMJEE, 22-Sep-2026,358.35,367.45,353.95,363.55,354.45,38395,138.59,1484,16838.0,43.85
RVHL, 22-Sep-2026,39.8,40.5,39.2,39.65,40.01,5919,2.38,60,5544.0,93.66
RVNL, 22-Sep-2026,211.0,213.3,209.63,211.15,209.71,4049857,8559.33,35467,970500.0,23.96
RVTH, 22-Sep-2026,685.0,685.35,670.05,671.55,679.35,132,0.89,15,129.0,97.73
S&SPOWER, 22-Sep-2026,323.1,330.05,318.6,325.45,322.5,4106,13.36,115,3519.0,85.7
SAAKSHI, 22-Sep-2026,360.2,380.0,360.2,372.0,368.0,42600,158.06,35,38400.0,90.14
SAATVIKGL, 22-Sep-2026,434.2,451.0,428.8,446.75,431.6,345259,1532.26,12133,146046.0,42.3
SAB, 22-Sep-2026,174.15,174.15,170.0,174.15,174.15,5,0.01,3,5.0,100.0
SACHEEROME, 22-Sep-2026,520.9,537.35,505.05,508.4,520.9,18300,94.55,51,9900.0,54.1
SADBHAV, 22-Sep-2026,7.5,7.73,7.46,7.68,7.5,115553,8.72,319,98831.0,85.53
SADBHIN, 22-Sep-2026,2.52,2.59,2.46,2.58,2.49,117847,2.98,228,105807.0,89.78
SADHAV, 22-Sep-2026,107.35,107.35,106.15,107.1,107.35,5400,5.75,5,4200.0,77.78
SAFARI, 22-Sep-2026,1494.0,1517.4,1480.5,1498.5,1485.7,29262,439.15,5278,14319.0,48.93
SAFEENTP, 22-Sep-2026,250.0,255.0,248.0,248.1,250.0,49000,122.33,73,42000.0,85.71
SAGARDEEP, 22-Sep-2026,23.03,23.87,23.03,23.39,23.39,4115,0.96,71,2943.0,71.52
SAGCEM, 22-Sep-2026,152.6,154.72,151.0,151.32,152.7,45894,69.98,1039,30749.0,67.0
SAGILITY, 22-Sep-2026,46.0,46.24,45.51,45.61,45.95,7493649,3436.1,18943,3563720.0,47.56
SAHAJSOLAR, 22-Sep-2026,91.4,92.65,90.0,90.2,92.55,17600,16.01,42,14000.0,79.55
SAHANA, 22-Sep-2026,843.0,859.0,834.0,841.7,841.1,24000,202.22,101,15600.0,65.0
SAHASRA, 22-Sep-2026,370.5,370.5,370.5,370.5,352.9,13200,48.91,29,13200.0,100.0
SAHLIBHFI, 22-Sep-2026,77.4,77.8,74.5,77.36,76.56,28755,21.78,709,14271.0,49.63
SAHYADRI, 22-Sep-2026,367.6,380.0,358.55,360.25,370.95,6899,25.27,645,4527.0,65.62
SAICAPI, 22-Sep-2026,159.99,159.99,142.5,152.52,156.99,55,0.09,9,35.0,63.64
SAIFL, 22-Sep-2026,4.3,4.35,4.15,4.3,4.4,272000,11.58,57,192000.0,70.59
SAIL, 22-Sep-2026,177.1,178.29,174.0,174.01,177.3,7065250,12394.11,50110,2873670.0,40.67
SAILIFE, 22-Sep-2026,1608.1,1615.0,1592.5,1600.5,1608.0,274572,4404.28,25937,137888.0,50.22
SAIPARENT, 22-Sep-2026,513.15,517.35,505.0,506.65,510.85,27104,137.91,1709,15832.0,58.41
SAKAR, 22-Sep-2026,1168.0,1196.9,1145.0,1188.4,1158.45,107278,1263.41,8649,50524.0,47.1
SAKHTISUG, 22-Sep-2026,18.55,18.8,18.21,18.3,18.21,86231,15.89,394,52228.0,60.57
SAKSOFT, 22-Sep-2026,147.0,147.0,143.74,144.36,146.62,221274,321.41,3724,90882.0,41.07
SAKUMA, 22-Sep-2026,1.52,1.53,1.51,1.52,1.53,822511,12.49,699,605788.0,73.65
SALASAR, 22-Sep-2026,4.86,5.0,4.86,4.96,4.86,3500589,172.1,2471,1905497.0,54.43
SALONA, 22-Sep-2026,261.1,280.0,261.05,271.5,261.05,5038,13.95,149,3293.0,65.36
SALSTEEL, 22-Sep-2026,82.36,84.8,79.49,80.98,82.26,715814,587.71,4879,166534.0,23.26
SALZERELEC, 22-Sep-2026,548.95,563.1,542.35,545.95,546.65,39062,215.95,2153,18634.0,47.7
SAMAY, 22-Sep-2026,47.75,47.9,47.75,47.8,46.0,8000,3.83,2,8000.0,100.0
SAMBHAAV, 22-Sep-2026,6.0,6.29,5.9,5.96,6.06,36588,2.19,133,24878.0,67.99
SAMBHV, 22-Sep-2026,155.9,156.0,150.8,151.94,155.13,5785775,8860.47,43578,1429713.0,24.71
SAMHI, 22-Sep-2026,159.59,161.69,159.0,159.52,160.26,527288,843.75,10305,262170.0,49.72
SAMMAANCAP, 22-Sep-2026,143.5,144.95,141.75,142.36,142.88,2980044,4276.24,14536,1640566.0,55.05
SAMPANN, 22-Sep-2026,24.89,24.89,23.76,24.1,24.07,14344,3.46,168,12648.0,88.18
SANATHAN, 22-Sep-2026,479.9,482.45,466.8,471.3,479.9,34433,163.71,2868,23311.0,67.7
SANDESH, 22-Sep-2026,1055.0,1055.0,1032.0,1038.7,1048.3,412,4.31,66,316.0,76.7
SANDHAR, 22-Sep-2026,594.0,599.8,583.4,586.3,591.45,76254,449.75,4750,45547.0,59.73
SANDUMA, 22-Sep-2026,183.15,186.47,182.21,183.24,183.15,386959,711.83,7162,173605.0,44.86
SANGAMIND, 22-Sep-2026,582.85,582.85,556.8,569.3,578.8,10602,60.52,1085,6149.0,58.0
SANGANI, 22-Sep-2026,47.3,49.5,47.3,49.5,49.75,15000,7.18,10,9000.0,60.0
SANGHVIMOV, 22-Sep-2026,437.0,444.9,433.1,438.8,436.65,154791,680.5,6643,79963.0,51.66
SANOFI, 22-Sep-2026,3077.8,3091.1,3053.0,3058.8,3077.3,13451,412.32,2886,8443.0,62.77
SANOFICONR, 22-Sep-2026,3997.6,4024.8,3960.0,3993.0,3997.6,3410,135.81,1040,1822.0,53.43
SANSERA, 22-Sep-2026,4489.9,4630.0,4393.3,4586.5,4297.0,914987,41365.6,124629,284006.0,31.04
SANSTAR, 22-Sep-2026,113.46,114.85,112.1,112.61,112.34,164181,185.91,3199,60464.0,36.83
SAPPHIRE, 22-Sep-2026,239.6,239.6,232.56,237.24,238.37,675367,1595.87,15787,313082.0,46.36
SAPPL, 22-Sep-2026,272.3,272.3,272.0,272.15,282.4,270,0.73,7,260.0,96.3
SARDAEN, 22-Sep-2026,505.95,510.0,500.55,503.35,503.25,219099,1105.15,9020,110840.0,50.59
SAREGAMA, 22-Sep-2026,488.2,508.85,486.45,503.35,488.2,406636,2043.11,17642,131569.0,32.36
SARLAPOLY, 22-Sep-2026,98.15,100.5,97.09,99.26,98.68,65467,64.94,1110,34782.0,53.13
SARTELE, 22-Sep-2026,73.0,76.95,73.0,75.85,73.4,61000,45.45,83,42000.0,68.85
SARVESHWAR, 22-Sep-2026,3.74,3.74,3.66,3.67,3.69,801580,29.51,1202,574963.0,71.73
SASKEN, 22-Sep-2026,1738.0,1795.5,1700.0,1755.6,1710.0,62363,1091.59,5239,36467.0,58.48
SATECH, 22-Sep-2026,36.9,38.0,36.9,38.0,37.05,2000,0.75,2,2000.0,100.0
SATIA, 22-Sep-2026,67.69,68.95,66.11,67.41,67.68,70149,47.3,1337,39474.0,56.27
SATIN, 22-Sep-2026,223.4,225.1,218.51,223.2,221.12,156325,347.07,2313,106215.0,67.94
SATIPOLY, 22-Sep-2026,33.0,33.0,32.8,32.8,34.5,2000,0.66,4,2000.0,100.0
SATKARTAR, 22-Sep-2026,161.95,168.8,160.0,160.2,154.9,124000,204.74,116,90400.0,72.9
SATTVAENGG, 22-Sep-2026,62.85,62.85,58.05,59.0,57.4,12800,7.59,8,11200.0,87.5
SAURASHCEM, 22-Sep-2026,53.14,54.0,52.71,53.15,53.22,44355,23.59,736,29302.0,66.06
SAVY, 22-Sep-2026,143.0,143.0,134.0,136.9,138.4,86400,116.44,8,85200.0,98.61
SAWALIYA, 22-Sep-2026,160.05,160.05,155.0,155.0,159.9,25200,39.7,15,22800.0,90.48
SAYAJIHOTL, 22-Sep-2026,329.9,329.9,309.15,309.15,319.35,266,0.84,20,261.0,98.12
SAYAJIIND, 22-Sep-2026,120.42,121.0,119.79,121.0,120.42,1013,1.23,6,1010.0,99.7
SBC, 22-Sep-2026,49.19,49.49,49.19,49.23,49.2,7180385,3542.52,4901,1902363.0,26.49
SBCL, 22-Sep-2026,1140.0,1168.5,1117.7,1126.9,1144.1,193534,2215.16,14248,94338.0,48.74
SBFC, 22-Sep-2026,91.01,91.44,90.27,90.41,91.28,623342,565.96,7701,338412.0,54.29
SBGLP, 22-Sep-2026,23.62,24.1,22.65,23.34,23.22,92156,21.73,452,70527.0,76.53
SBIBPB, 22-Sep-2026,48.55,48.55,47.78,47.86,48.14,22749,10.96,277,12686.0,55.77
SBICARD, 22-Sep-2026,637.1,642.65,630.65,634.95,637.0,676501,4297.95,21625,336185.0,49.69
SBIETFCON, 22-Sep-2026,118.85,120.28,118.33,118.93,118.85,2601,3.1,64,1562.0,60.05
SBIETFIT, 22-Sep-2026,321.44,324.55,314.3,317.37,321.44,14353,45.41,305,6554.0,45.66
SBIETFPB, 22-Sep-2026,279.37,284.9,278.96,279.18,279.37,24239,67.64,82,24016.0,99.08
SBIETFQLTY, 22-Sep-2026,215.17,215.17,213.46,214.19,215.52,1235,2.64,41,1235.0,100.0
SBIFUNDS, 22-Sep-2026,552.5,554.9,544.0,546.0,552.6,526991,2891.96,21971,286789.0,54.42
SBILIFE, 22-Sep-2026,1761.1,1772.7,1740.0,1756.3,1756.0,329671,5797.74,25357,190831.0,57.89
SBILIQETF, 22-Sep-2026,1056.9,1056.92,1056.9,1056.9,1056.76,621027,6563.64,307,542041.0,87.28
SBIMIDMOM, 22-Sep-2026,63.86,65.04,62.57,63.01,63.26,61859,39.04,183,52002.0,84.07
SBIN, 22-Sep-2026,999.1,1000.1,981.3,987.0,996.0,6126235,60513.43,125775,3052014.0,49.82
SBINEQWETF, 22-Sep-2026,33.14,33.38,32.28,32.43,32.73,29413,9.58,279,13477.0,45.82
SBINMID150, 22-Sep-2026,23.39,23.7,22.83,22.93,22.96,41838,9.62,129,38240.0,91.4
SBISILVER, 22-Sep-2026,227.11,227.92,223.81,225.6,227.75,1305691,2949.8,6086,304280.0,23.3
SBISMLETF, 22-Sep-2026,18.32,18.43,18.24,18.28,18.32,33143,6.07,220,26425.0,79.73
SBIVALETF, 22-Sep-2026,14.51,14.51,14.4,14.46,14.5,4168,0.6,46,4168.0,100.0
SCHAEFFLER, 22-Sep-2026,4112.0,4124.5,4035.0,4054.2,4118.2,27601,1124.81,12520,16749.0,60.68
SCHAND, 22-Sep-2026,135.25,135.97,131.1,133.75,134.28,30117,40.32,1423,14725.0,48.89
SCHNEIDER, 22-Sep-2026,1235.0,1254.1,1210.0,1214.2,1235.2,136911,1678.28,12572,62242.0,45.46
SCI, 22-Sep-2026,282.0,283.9,279.0,281.1,280.55,1193262,3357.11,19930,381991.0,32.01
SCILAL, 22-Sep-2026,38.19,39.29,37.72,38.27,38.23,298183,114.27,1876,192570.0,64.58
SCML, 22-Sep-2026,77.3,79.0,76.0,79.0,79.0,28000,21.71,25,10000.0,35.71
SCODATUBES, 22-Sep-2026,128.95,130.26,128.5,128.85,129.28,184669,238.34,2017,145814.0,78.96
SDBL, 22-Sep-2026,68.85,69.15,67.21,67.45,68.11,289834,197.04,3827,142463.0,49.15
SDREAMS, 22-Sep-2026,82.65,82.7,81.0,81.0,78.4,4000,3.29,4,4000.0,100.0
SEAMECLTD, 22-Sep-2026,1695.0,1754.0,1690.1,1734.7,1698.8,35821,617.64,4548,18365.0,51.27
SECLEDBETA, 22-Sep-2026,14.96,14.96,14.29,14.31,14.38,11225,1.61,27,11184.0,99.63
SECMARK, 22-Sep-2026,140.21,142.38,135.05,136.11,140.21,1337,1.85,87,1048.0,78.38
SECURKLOUD, 22-Sep-2026,17.0,17.0,16.57,16.85,16.85,4936,0.83,68,3334.0,67.54
SEDEMAC, 22-Sep-2026,3100.0,3108.0,2985.6,3034.3,3088.0,95017,2885.7,11976,42658.0,44.9
SEIL, 22-Sep-2026,186.23,192.73,184.91,191.74,184.79,257983,490.02,2961,153343.0,59.44
SEJALLTD, 22-Sep-2026,688.35,688.35,659.6,666.3,678.9,3526,23.55,435,2109.0,59.81
SEKURITIND, 22-Sep-2026,113.21,115.79,112.41,114.35,113.6,26965,30.8,536,19135.0,70.96
SEL, 22-Sep-2026,342.05,376.0,342.0,372.15,359.0,5000,18.2,18,2800.0,56.0
SELECTIPO, 22-Sep-2026,48.72,48.93,48.57,48.84,48.48,70034,34.21,119,64614.0,92.26
SELLOWRAP, 22-Sep-2026,67.5,67.5,67.5,67.5,67.5,1600,1.08,1,1600.0,100.0
SEMAC, 22-Sep-2026,272.25,281.95,272.25,279.0,284.2,24,0.07,8,16.0,66.67
SENCO, 22-Sep-2026,341.9,344.7,336.0,337.35,341.9,343192,1165.16,13766,152025.0,44.3
SENORES, 22-Sep-2026,1396.0,1409.8,1372.1,1379.9,1395.1,229036,3159.36,15760,111999.0,48.9
SENSEXADD, 22-Sep-2026,77.54,77.55,76.83,77.06,77.08,729,0.56,21,329.0,45.13
SENSEXAXIS, 22-Sep-2026,77.8,78.09,77.28,77.69,77.68,2580,2.01,38,1287.0,49.88
SENSEXBETA, 22-Sep-2026,829.45,833.68,826.0,828.37,829.42,1707,14.14,77,1440.0,84.36
SENSEXETF, 22-Sep-2026,77.5,77.61,76.88,77.12,77.27,14793,11.42,225,4549.0,30.75
SENSEXIETF, 22-Sep-2026,875.0,875.0,856.51,860.49,863.3,4680,40.29,333,2938.0,62.78
SEPC, 22-Sep-2026,5.09,5.2,5.09,5.16,5.09,6308331,325.63,3622,3030199.0,48.03
SERVICE, 22-Sep-2026,67.7,69.25,66.35,66.35,66.05,8000,5.45,4,6000.0,75.0
SERVOTECH, 22-Sep-2026,71.45,72.7,70.11,70.64,71.8,551402,392.83,5609,303017.0,54.95
SESHAPAPER, 22-Sep-2026,247.16,250.0,245.0,246.94,247.61,28688,70.78,979,19287.0,67.23
SETF10GILT, 22-Sep-2026,262.85,263.89,261.78,262.53,262.08,1544,4.05,20,1338.0,86.66
SETFGOLD, 22-Sep-2026,129.5,129.58,128.12,128.91,129.53,5500775,7089.07,9827,2542780.0,46.23
SETFNIF50, 22-Sep-2026,259.09,259.09,251.03,251.73,252.78,534174,1344.11,5829,349275.0,65.39
SETFNIFBK, 22-Sep-2026,581.09,582.32,576.61,578.21,580.4,34953,201.94,1299,29294.0,83.81
SETFNN50, 22-Sep-2026,776.75,777.9,770.24,772.86,776.38,14862,115.07,1102,9072.0,61.04
SETL, 22-Sep-2026,410.0,412.2,393.15,402.55,408.65,721740,2897.67,13553,304205.0,42.15
SFL, 22-Sep-2026,655.0,676.3,644.95,648.25,643.5,223486,1475.27,14822,82516.0,36.92
SGBAPR28I, 22-Sep-2026,15225.0,15275.0,15180.0,15199.25,15279.76,859,130.59,49,789.0,91.85
SGBAUG27, 22-Sep-2026,15106.01,15117.0,14979.99,15031.68,15106.0,128,19.28,29,81.0,63.28
SGBAUG28V, 22-Sep-2026,15131.04,15175.0,15020.0,15042.33,15131.04,667,100.67,96,495.0,74.21
SGBAUG29V, 22-Sep-2026,15174.6,15215.0,15100.0,15125.0,15174.69,98,14.82,32,65.0,66.33
SGBAUG30, 22-Sep-2026,15180.01,15349.99,15180.01,15196.0,15270.68,187,28.5,50,177.0,94.65
SGBD29VIII, 22-Sep-2026,15102.0,15244.0,15102.0,15200.0,15252.85,64,9.71,24,38.0,59.38
SGBDC27VII, 22-Sep-2026,15100.0,15100.0,15100.0,15100.0,15200.0,1,0.15,1,1.0,100.0
SGBDE30III, 22-Sep-2026,15210.01,15299.0,15210.01,15249.99,15299.99,212,32.35,58,155.0,73.11
SGBDE31III, 22-Sep-2026,15564.0,15564.0,15420.0,15524.18,15529.97,1308,202.82,210,1004.0,76.76
SGBDEC26, 22-Sep-2026,15101.0,15101.0,15101.0,15101.0,15001.0,5,0.76,2,5.0,100.0
SGBFEB27, 22-Sep-2026,15150.0,15150.0,15000.0,15145.35,15000.0,35,5.3,6,34.0,97.14
SGBFEB29XI, 22-Sep-2026,15105.0,15159.0,15055.0,15055.58,15104.2,31,4.67,9,19.0,61.29
SGBFEB32IV, 22-Sep-2026,15766.79,15849.98,15701.0,15741.18,15766.79,736,115.94,164,432.0,58.7
SGBJ28VIII, 22-Sep-2026,15110.0,15110.0,15000.0,15078.99,15110.0,7,1.05,4,7.0,100.0
SGBJAN27, 22-Sep-2026,15099.99,15099.99,14964.0,15089.99,15100.0,37,5.58,8,35.0,94.59
SGBJAN29IX, 22-Sep-2026,15120.0,15135.0,15011.01,15060.0,15136.0,156,23.58,28,131.0,83.97
SGBJAN29X, 22-Sep-2026,15110.05,15150.0,15000.0,15097.47,15110.05,96,14.46,18,43.0,44.79
SGBJAN30IX, 22-Sep-2026,15150.0,15300.0,15111.0,15142.55,15202.0,357,54.27,56,316.0,88.52
SGBJU29III, 22-Sep-2026,15133.0,15133.0,15055.55,15065.0,15133.5,77,11.63,20,50.0,64.94
SGBJUL28IV, 22-Sep-2026,15101.13,15165.0,15005.01,15047.8,15101.13,828,124.82,59,705.0,85.14
SGBJUL29IV, 22-Sep-2026,15126.0,15200.0,15025.0,15025.51,15127.0,176,26.6,30,131.0,74.43
SGBJUN27, 22-Sep-2026,15110.01,15150.0,14980.0,14980.0,15110.01,17,2.57,7,15.0,88.24
SGBJUN28, 22-Sep-2026,15150.0,15150.0,15021.01,15033.57,15120.0,161,24.21,20,153.0,95.03
SGBJUN29II, 22-Sep-2026,15054.35,15150.0,15054.35,15139.99,15130.0,536,81.11,36,386.0,72.01
SGBJUN30, 22-Sep-2026,15270.0,15299.0,15180.0,15222.43,15268.96,93,14.17,27,80.0,86.02
SGBJUN31I, 22-Sep-2026,15449.99,15449.99,15323.99,15379.51,15389.04,401,61.65,93,333.0,83.04
SGBMAR30X, 22-Sep-2026,15230.0,15246.0,15140.0,15142.92,15228.33,77,11.67,29,68.0,88.31
SGBMAR31IV, 22-Sep-2026,15341.85,15341.85,15250.0,15279.51,15352.48,131,20.02,30,127.0,96.95
SGBMAY28, 22-Sep-2026,15100.01,15199.9,15070.01,15077.5,15144.0,16,2.42,12,6.0,37.5
SGBMAY29I, 22-Sep-2026,15216.37,15216.37,15074.99,15101.0,15216.37,423,63.98,88,320.0,75.65
SGBMR29XII, 22-Sep-2026,15112.0,15149.0,15025.0,15066.8,15112.0,184,27.73,57,140.0,76.09
SGBN28VIII, 22-Sep-2026,15165.85,15170.0,15075.0,15078.57,15165.85,17,2.57,7,10.0,58.82
SGBNV29VII, 22-Sep-2026,15226.0,15249.0,15061.01,15125.01,15225.72,326,49.41,45,247.0,75.77
SGBOC28VII, 22-Sep-2026,15350.0,15350.0,15110.0,15180.0,15280.0,188,28.53,10,175.0,93.09
SGBOCT26, 22-Sep-2026,15150.0,15200.0,15150.0,15166.33,15251.0,101,15.32,9,101.0,100.0
SGBOCT27, 22-Sep-2026,15152.0,15200.0,15152.0,15200.0,15202.0,111,16.86,6,101.0,90.99
SGBOCT27VI, 22-Sep-2026,15172.76,15172.76,15172.76,15172.76,15172.76,2,0.3,1,2.0,100.0
SGBSEP27, 22-Sep-2026,15050.01,15055.0,15000.0,15055.0,15503.98,10,1.5,5,8.0,80.0
SGBSEP28VI, 22-Sep-2026,15110.0,15120.0,15005.03,15032.12,15114.85,193,29.07,32,171.0,88.6
SGBSEP29VI, 22-Sep-2026,15102.45,15175.0,15035.0,15035.93,15102.45,331,49.94,98,165.0,49.85
SGBSEP31II, 22-Sep-2026,15425.0,15445.99,15310.0,15342.99,15444.25,849,130.54,159,681.0,80.21
SGFIN, 22-Sep-2026,632.0,646.75,618.1,624.6,623.25,174549,1099.56,9328,72222.0,41.38
SGIL, 22-Sep-2026,606.0,650.0,600.05,636.8,598.1,39063,247.72,1099,18957.0,48.53
SGL, 22-Sep-2026,9.67,9.74,9.0,9.07,9.43,6143,0.57,191,5681.0,92.48
SGLRES, 22-Sep-2026,2.53,2.55,2.36,2.4,2.48,42415,1.02,147,28359.0,66.86
SGMART, 22-Sep-2026,728.1,737.05,718.1,721.8,730.4,57564,418.71,5363,31141.0,54.1
SGRL, 22-Sep-2026,735.0,736.95,675.05,704.8,720.75,33078,233.55,2638,15276.0,46.18
SHADOWFAX, 22-Sep-2026,272.75,288.25,272.5,283.05,272.75,10724382,30333.17,193703,5659793.0,52.78
SHAH, 22-Sep-2026,3.32,3.32,3.23,3.25,3.29,843480,27.54,629,586900.0,69.58
SHAILY, 22-Sep-2026,3281.5,3281.5,3150.0,3168.8,3265.1,152551,4879.47,20773,70221.0,46.03
SHAKTIPUMP, 22-Sep-2026,471.0,482.25,467.5,469.1,470.95,446914,2121.25,19349,168535.0,37.71
SHALBY, 22-Sep-2026,138.75,144.13,136.1,136.7,138.32,196871,273.89,2653,117822.0,59.85
SHANKARA, 22-Sep-2026,147.46,147.99,138.15,141.39,147.46,115988,164.94,1445,47657.0,41.09
SHANKESH, 22-Sep-2026,91.99,93.0,90.66,91.09,91.54,1338379,1229.71,11491,475453.0,35.52
SHANTI, 22-Sep-2026,5.7,5.88,5.45,5.56,5.61,49440,2.76,149,32811.0,66.37
SHANTIGEAR, 22-Sep-2026,700.0,723.0,670.5,673.7,691.3,84984,590.14,4019,32155.0,37.84
SHANTIGOLD, 22-Sep-2026,259.8,268.4,256.15,258.04,258.69,1083004,2826.67,17797,453627.0,41.89
SHANTIINOR, 22-Sep-2026,188.8,189.8,170.95,173.95,188.8,368000,659.11,215,254400.0,69.13
SHARDACROP, 22-Sep-2026,746.0,756.15,743.25,747.35,745.75,82060,614.46,6420,35962.0,43.82
SHARDAMOTR, 22-Sep-2026,957.7,988.9,955.8,985.75,957.75,141934,1389.96,11511,64478.0,45.43
SHAREINDIA, 22-Sep-2026,223.95,229.59,221.34,223.32,227.11,2064061,4625.45,22365,734272.0,35.57
SHARIABEES, 22-Sep-2026,451.75,451.75,434.0,435.76,440.74,17144,74.84,580,14255.0,83.15
SHBAJRG, 22-Sep-2026,153.79,153.99,151.0,153.79,152.27,2551,3.9,38,2195.0,86.04
SHEEL, 22-Sep-2026,60.0,60.0,57.35,58.0,60.0,8000,4.71,3,8000.0,100.0
SHEETAL, 22-Sep-2026,357.0,357.0,355.0,355.0,357.3,1000,3.56,2,500.0,50.0
SHERA, 22-Sep-2026,186.95,188.55,181.05,182.05,186.95,30000,55.62,29,21000.0,70.0
SHERVANI, 22-Sep-2026,343.0,343.0,343.0,343.0,343.0,27,0.09,4,27.0,100.0
SHETHJI, 22-Sep-2026,191.0,191.0,182.5,184.4,185.4,17000,31.54,15,14000.0,82.35
SHIGAN, 22-Sep-2026,60.0,65.0,60.0,65.0,62.0,3000,1.88,2,3000.0,100.0
SHILCTECH, 22-Sep-2026,3975.0,4025.0,3965.5,3989.0,3976.7,9161,365.64,3467,6071.0,66.27
SHILGRAVQ, 22-Sep-2026,157.0,159.54,152.0,154.57,156.52,2724,4.18,56,2264.0,83.11
SHILPAMED, 22-Sep-2026,1060.0,1073.0,1023.3,1033.15,1070.8,675143,7085.5,31921,258024.0,38.22
SHINDL, 22-Sep-2026,164.83,164.83,160.0,162.53,163.0,247030,400.92,1256,104942.0,42.48
SHIPROCKET, 22-Sep-2026,122.99,130.15,122.55,126.19,122.49,4643439,5895.07,39572,1162060.0,25.03
SHIVAAGRO, 22-Sep-2026,42.44,42.44,39.0,40.03,41.75,2056,0.82,61,1551.0,75.44
SHIVACEM, 22-Sep-2026,15.88,15.88,15.31,15.5,15.67,33780,5.27,426,27006.0,79.95
SHIVALIK, 22-Sep-2026,404.5,436.9,395.8,416.9,398.95,297963,1253.26,14315,129407.0,43.43
SHIVAMAUTO, 22-Sep-2026,17.9,18.23,17.55,17.75,18.23,87411,15.56,389,67008.0,76.66
SHIVAMILLS, 22-Sep-2026,61.35,61.35,59.22,61.24,60.15,110,0.07,10,57.0,51.82
SHIVASHRIT, 22-Sep-2026,118.45,118.45,112.25,113.65,114.35,53000,60.71,38,25000.0,47.17
SHIVATEX, 22-Sep-2026,174.08,177.98,168.11,172.07,172.35,3694,6.31,139,2903.0,78.59
SHIVAUM, 22-Sep-2026,460.35,519.0,460.0,515.05,472.55,682178,3196.07,2269,514746.0,75.46
SHK, 22-Sep-2026,136.27,141.02,136.27,138.28,136.26,210414,293.7,3564,109294.0,51.94
SHKSIL, 22-Sep-2026,33.25,33.25,31.0,32.85,35.5,24000,7.76,11,14000.0,58.33
SHOPERSTOP, 22-Sep-2026,394.95,400.0,389.8,392.5,394.95,28442,111.96,2372,10952.0,38.51
SHRADDHA, 22-Sep-2026,152.9,152.9,144.2,144.78,148.11,5638,8.35,137,4473.0,79.34
SHRADHA, 22-Sep-2026,30.94,30.94,29.9,30.78,29.99,5324,1.61,26,4032.0,75.73
SHREDIGCEM, 22-Sep-2026,67.7,67.94,66.13,66.92,67.08,60844,40.71,1142,44148.0,72.56
SHREECEM, 22-Sep-2026,22540.0,22650.0,22165.0,22200.0,22550.0,9585,2138.06,5784,3960.0,41.31
SHREEDHAR, 22-Sep-2026,174.2,177.5,174.2,177.5,169.05,34000,60.05,15,32000.0,94.12
SHREEJISPG, 22-Sep-2026,713.55,723.65,695.6,719.35,709.5,1156580,8234.98,10232,436196.0,37.71
SHREEKARNI, 22-Sep-2026,368.0,378.0,367.95,377.7,355.0,4200,15.79,17,4200.0,100.0
SHREEOSFM, 22-Sep-2026,49.95,50.1,49.95,49.95,49.05,3000,1.5,3,3000.0,100.0
SHREEPUSHK, 22-Sep-2026,519.6,519.6,501.35,505.85,513.25,33737,170.89,2509,18683.0,55.38
SHREERAMA, 22-Sep-2026,44.0,44.46,43.11,43.69,43.24,41912,18.41,434,22644.0,54.03
SHREMINVIT, 22-Sep-2026,102.0,102.0,102.0,102.0,101.0,200000,204.0,6,200000.0,100.0
SHREYANIND, 22-Sep-2026,133.61,133.61,126.8,127.31,132.29,13105,16.8,292,10885.0,83.06
SHRIAHIMSA, 22-Sep-2026,470.05,473.95,465.45,473.95,474.5,7200,33.69,12,6000.0,83.33
SHRIKANHA, 22-Sep-2026,21.5,21.5,21.5,21.5,22.5,1600,0.34,1,1600.0,100.0
SHRIKRISH, 22-Sep-2026,35.61,35.61,34.75,34.75,37.26,104,0.04,7,65.0,62.5
SHRINGARMS, 22-Sep-2026,208.99,211.0,207.0,208.56,207.9,192061,401.61,2047,89316.0,46.5
SHRIPISTON, 22-Sep-2026,4523.5,4587.9,4491.0,4512.6,4508.7,52033,2354.42,11576,26904.0,51.71
SHRIRAMFIN, 22-Sep-2026,1011.8,1016.6,995.5,1006.0,1011.8,3773069,37953.48,76643,2411799.0,63.92
SHRIRAMPPS, 22-Sep-2026,72.03,72.83,70.52,71.03,71.76,248568,177.68,2165,132850.0,53.45
SHRJAGP, 22-Sep-2026,638.95,640.0,625.05,630.5,639.0,614,3.9,56,472.0,76.87
SHUBHSHREE, 22-Sep-2026,340.0,352.0,340.0,352.0,340.0,900,3.1,3,900.0,100.0
SHUKRAPHAR, 22-Sep-2026,55.33,59.4,55.33,58.59,55.33,5114278,2974.5,18173,1641240.0,32.09
SHYAMDHANI, 22-Sep-2026,55.5,55.5,51.0,54.0,53.5,48000,25.07,23,32000.0,66.67
SHYAMMETL, 22-Sep-2026,1105.2,1105.2,1085.9,1094.1,1097.5,383963,4200.44,13862,268390.0,69.9
SHYAMTEL, 22-Sep-2026,11.13,11.39,10.81,11.05,11.18,5020,0.56,15,4343.0,86.51
SICAGEN, 22-Sep-2026,53.57,53.57,51.7,52.05,52.22,12795,6.7,186,10476.0,81.88
SIDDHICOTS, 22-Sep-2026,27.5,27.55,27.0,27.55,27.0,18000,4.95,13,16800.0,93.33
SIDDHIKA, 22-Sep-2026,205.0,219.0,202.8,219.0,212.5,6500,13.72,12,4500.0,69.23
SIEL, 22-Sep-2026,28.9,30.48,28.9,30.48,29.03,14,0.0,4,14.0,100.0
SIEMENS, 22-Sep-2026,3890.0,3954.3,3850.1,3858.0,3887.0,257553,10018.35,40720,107753.0,41.84
SIGACHI, 22-Sep-2026,31.3,31.64,30.41,30.61,31.12,3127491,969.09,11516,1211816.0,38.75
SIGMA, 22-Sep-2026,46.8,47.4,46.0,46.46,46.76,69532,32.59,974,48574.0,69.86
SIGNATURE, 22-Sep-2026,767.15,787.55,760.0,763.1,761.9,308020,2377.44,13563,25227.0,8.19
SIGNPOST, 22-Sep-2026,269.95,272.65,266.3,267.05,269.15,17124,46.21,697,10904.0,63.68
SIKA, 22-Sep-2026,1097.4,1103.0,1052.45,1062.8,1085.25,38121,411.07,4440,11434.0,29.99
SIL, 22-Sep-2026,15.7,16.5,15.7,16.01,15.7,72593,11.69,813,51063.0,70.34
SILGO, 22-Sep-2026,70.6,71.26,68.18,70.92,70.02,16891,11.88,349,7228.0,42.79
SILINV, 22-Sep-2026,443.0,452.35,433.1,440.8,443.0,149,0.66,28,126.0,84.56
SILKFLEX, 22-Sep-2026,309.05,309.05,294.5,301.4,294.35,63000,192.69,43,30000.0,47.62
SILVER, 22-Sep-2026,232.04,232.3,228.2,230.01,232.01,391777,902.28,6152,125069.0,31.92
SILVER001, 22-Sep-2026,23.93,24.15,23.11,23.34,23.55,74232,17.44,168,49942.0,67.28
SILVER1, 22-Sep-2026,22.53,22.62,22.15,22.35,22.54,10450572,2338.42,5878,4143541.0,39.65
SILVER360, 22-Sep-2026,228.58,228.66,224.89,226.34,228.25,11650,26.41,381,6613.0,56.76
SILVERADD, 22-Sep-2026,22.54,22.54,22.0,22.18,22.39,6357708,1412.52,10875,3129080.0,49.22
SILVERAG, 22-Sep-2026,225.0,226.66,222.32,224.07,226.13,387711,868.42,3007,221406.0,57.11
SILVERAXIS, 22-Sep-2026,230.95,231.22,227.2,229.33,230.95,886110,2034.99,4015,357845.0,40.38
SILVERBEES, 22-Sep-2026,222.25,222.49,218.42,220.27,222.21,17443388,38457.06,58384,6407608.0,36.73
SILVERBETA, 22-Sep-2026,223.0,224.53,220.46,222.29,224.32,593224,1319.37,4028,166554.0,28.08
SILVERBND, 22-Sep-2026,232.52,233.24,229.19,231.26,233.58,10288,23.76,115,9880.0,96.03
SILVERCASE, 22-Sep-2026,23.52,23.58,23.17,23.36,23.56,4537007,1063.25,5962,1999471.0,44.07
SILVERIETF, 22-Sep-2026,232.25,232.29,228.11,230.18,232.0,3508319,8077.83,14120,1049684.0,29.92
SILVERTUC, 22-Sep-2026,162.5,164.71,155.15,155.89,160.7,655906,1053.77,9170,269324.0,41.06
SIMCA, 22-Sep-2026,270.0,271.0,267.0,271.0,268.65,15600,41.9,13,15600.0,100.0
SIMPLEXINF, 22-Sep-2026,252.1,260.5,252.1,256.3,250.7,149503,383.55,2417,104698.0,70.03
SINCLAIR, 22-Sep-2026,83.15,84.07,81.05,81.79,83.71,8447,6.95,224,6195.0,73.34
SINDHUTRAD, 22-Sep-2026,24.0,24.3,23.8,24.11,23.99,337022,80.9,1079,165513.0,49.11
SINGERIND, 22-Sep-2026,76.8,78.9,76.48,77.26,75.98,26645,20.75,409,19769.0,74.19
SINTERCOM, 22-Sep-2026,75.15,80.94,75.0,80.49,73.91,38291,29.89,131,37557.0,98.08
SIRCA, 22-Sep-2026,406.0,411.6,402.25,404.6,404.55,139519,568.02,2955,55607.0,39.86
SIS, 22-Sep-2026,420.55,433.0,420.35,424.05,420.55,254932,1090.26,11404,147450.0,57.84
SIYSIL, 22-Sep-2026,535.8,538.4,527.1,535.75,530.0,20446,109.19,2317,8612.0,42.12
SJLOGISTIC, 22-Sep-2026,314.9,321.5,313.25,313.95,313.1,25250,79.84,92,13750.0,54.46
SJS, 22-Sep-2026,2335.0,2359.9,2304.5,2310.8,2329.6,56227,1305.91,7996,29065.0,51.69
SJVN, 22-Sep-2026,63.4,63.91,62.85,63.11,63.35,2784240,1761.19,18585,1449709.0,52.07
SKFINDIA, 22-Sep-2026,1537.9,1539.8,1504.0,1507.2,1532.5,37128,563.15,4883,22515.0,60.64
SKFINDUS, 22-Sep-2026,2894.4,2917.6,2781.6,2790.8,2880.0,21855,616.39,5195,9826.0,44.96
SKIPPER, 22-Sep-2026,563.2,577.5,555.45,561.55,560.35,666777,3782.41,25140,241864.0,36.27
SKMEGGPROD, 22-Sep-2026,229.0,231.1,218.3,221.25,229.05,237366,529.78,3978,148459.0,62.54
SKP, 22-Sep-2026,161.25,162.6,160.05,160.05,163.0,20500,33.14,36,2000.0,9.76
SKYGOLD, 22-Sep-2026,796.0,806.0,788.55,802.55,794.75,490824,3916.01,18149,287566.0,58.59
SKYTECH, 22-Sep-2026,27.75,27.75,27.75,27.75,26.45,8000,2.22,3,8000.0,100.0
SKYWAYS, 22-Sep-2026,128.54,133.0,124.63,130.32,126.03,13853831,17848.3,90404,1540915.0,11.12
SLONE, 22-Sep-2026,169.0,174.5,164.0,169.25,166.6,2000,3.41,5,1600.0,80.0
SMALL250, 22-Sep-2026,18.73,18.73,18.29,18.35,18.36,597786,109.68,525,160477.0,26.85
SMALLADD, 22-Sep-2026,18.49,18.52,18.35,18.43,18.35,23859,4.39,113,18234.0,76.42
SMALLCAP, 22-Sep-2026,50.2,50.2,48.66,48.74,48.98,1707236,834.53,2753,706442.0,41.38
SMALLGROWW, 22-Sep-2026,49.1,49.38,48.62,48.84,48.91,8360,4.09,68,3927.0,46.97
SMALLIETF, 22-Sep-2026,18.47,18.47,18.25,18.34,18.38,43651,8.02,125,23525.0,53.89
SMARTEN, 22-Sep-2026,56.7,59.5,56.7,59.3,56.7,56400,33.18,41,44400.0,78.72
SMARTWORKS, 22-Sep-2026,545.7,557.9,536.65,543.9,540.25,75216,412.44,5154,33392.0,44.39
SMCGLOBAL, 22-Sep-2026,81.99,82.88,80.76,82.43,81.53,641242,526.59,4566,452554.0,70.57
SML100CASE, 22-Sep-2026,11.56,11.56,11.25,11.29,11.28,1248407,141.14,1140,1012654.0,81.12
SMLMAH, 22-Sep-2026,6490.0,6787.0,6451.5,6719.5,6464.0,73551,4882.65,11340,31345.0,42.62
SMLT, 22-Sep-2026,61.5,61.5,58.5,60.77,59.98,3830,2.31,263,3102.0,80.99
SMSPHARMA, 22-Sep-2026,467.85,494.45,467.85,483.35,466.5,1908207,9214.34,41751,637354.0,33.4
SNEHAA, 22-Sep-2026,43.7,44.0,43.7,44.0,44.2,3000,1.32,3,3000.0,100.0
SNOWMAN, 22-Sep-2026,35.79,35.79,34.75,34.85,35.21,115991,40.67,1094,67731.0,58.39
SNXT30BEES, 22-Sep-2026,42.14,42.33,41.93,42.06,42.14,5894,2.48,56,3760.0,63.79
SNXT50BETA, 22-Sep-2026,95.2,95.44,92.05,92.66,94.34,4011,3.75,79,3742.0,93.29
SOBHA, 22-Sep-2026,1223.3,1260.0,1217.9,1230.9,1214.0,133744,1655.35,14986,34446.0,25.76
SOCL, 22-Sep-2026,28.7,28.7,27.4,27.4,28.7,9600,2.73,5,9600.0,100.0
SOFTTECH, 22-Sep-2026,535.0,535.0,494.95,498.25,521.0,9390,47.35,281,7047.0,75.05
SOLARA, 22-Sep-2026,753.4,763.0,739.55,744.55,753.25,260825,1951.25,13650,128662.0,49.33
SOLARINDS, 22-Sep-2026,19395.0,20225.0,19315.0,19890.0,19265.0,396641,78801.11,70251,159257.0,40.15
SOLARWORLD, 22-Sep-2026,141.0,142.93,138.24,139.46,140.82,581345,811.66,4488,395250.0,67.99
SOLEX, 22-Sep-2026,699.8,712.9,671.4,678.95,692.05,42358,292.65,4253,17747.0,41.9
SOMANYCERA, 22-Sep-2026,589.5,601.75,589.45,594.75,589.45,97579,581.38,4828,61247.0,62.77
SOMATEX, 22-Sep-2026,80.0,81.44,78.51,80.02,80.11,5262,4.21,108,2500.0,47.51
SOMICONVEY, 22-Sep-2026,93.0,93.98,90.98,92.66,92.46,1916,1.77,87,1496.0,78.08
SONACOMS, 22-Sep-2026,800.0,809.0,794.05,809.0,795.25,1560055,12509.0,34790,677032.0,43.4
SONAL, 22-Sep-2026,84.01,84.01,84.01,84.01,84.01,50,0.04,4,50.0,100.0
SONAMAC, 22-Sep-2026,32.9,32.9,32.9,32.9,32.45,1000,0.33,1,1000.0,100.0
SONATSOFTW, 22-Sep-2026,279.9,285.0,276.0,284.45,278.8,954532,2693.08,13443,398455.0,41.74
SONUINFRA, 22-Sep-2026,47.3,47.3,47.3,47.3,45.1,1500,0.71,1,1500.0,100.0
SOTL, 22-Sep-2026,728.6,733.35,714.55,724.35,724.7,190337,1379.79,10417,70417.0,37.0
SOUTHBANK, 22-Sep-2026,45.89,45.95,45.11,45.23,45.52,4437444,2018.98,17672,1939866.0,43.72
SOUTHWEST, 22-Sep-2026,189.0,194.51,189.0,190.79,189.49,95266,182.59,2527,49538.0,52.0
SPAL, 22-Sep-2026,977.7,991.0,972.5,979.7,973.1,20612,202.17,2062,9797.0,47.53
SPANDANA, 22-Sep-2026,229.2,231.41,226.0,227.38,228.63,51888,118.61,2262,22769.0,43.88
SPARC, 22-Sep-2026,195.9,203.5,195.9,197.96,196.1,884640,1773.76,16213,369408.0,41.76
SPCENET, 22-Sep-2026,3.22,3.38,3.19,3.29,3.17,909337,30.02,633,623962.0,68.62
SPCL, 22-Sep-2026,66.8,68.5,66.15,66.7,66.8,18000,12.13,26,11400.0,63.33
SPCON, 22-Sep-2026,182.25,207.5,165.0,165.0,186.9,39600,68.0,21,28800.0,72.73
SPENCERS, 22-Sep-2026,28.39,28.99,27.85,28.47,28.03,19506,5.54,203,14435.0,74.0
SPIC, 22-Sep-2026,66.8,67.15,65.86,66.09,66.74,205502,136.48,2115,120235.0,58.51
SPLIL, 22-Sep-2026,30.26,31.5,29.65,30.52,30.26,7934,2.46,68,6423.0,80.96
SPLPETRO, 22-Sep-2026,870.75,871.0,852.35,864.75,865.6,126025,1090.09,10349,67136.0,53.27
SPMLINFRA, 22-Sep-2026,169.83,171.0,165.49,166.44,167.99,121670,204.62,1666,68021.0,55.91
SPORTKING, 22-Sep-2026,206.87,219.79,205.97,214.49,206.87,455954,981.21,12051,206442.0,45.28
SPPPOLY, 22-Sep-2026,11.8,11.8,11.8,11.8,12.2,2000,0.24,1,2000.0,100.0
SPRL, 22-Sep-2026,109.2,109.2,109.2,109.2,104.0,4000,4.37,5,4000.0,100.0
SPUNWEB, 22-Sep-2026,100.75,100.75,99.0,100.0,102.9,18000,18.01,13,16800.0,93.33
SRD, 22-Sep-2026,40.99,41.0,39.65,40.32,40.47,15162,6.07,141,13731.0,90.56
SRF, 22-Sep-2026,2540.0,2554.3,2526.4,2538.3,2540.0,69512,1765.86,8039,37825.0,54.42
SRGHFL, 22-Sep-2026,133.0,145.0,130.2,143.75,132.5,74850,104.84,809,63472.0,84.8
SRHHYPOLTD, 22-Sep-2026,664.7,670.0,591.25,599.25,627.7,336785,2118.19,21893,105214.0,31.24
SRIVASAVI, 22-Sep-2026,76.1,77.7,76.1,77.7,74.0,10000,7.72,8,10000.0,100.0
SRM, 22-Sep-2026,420.25,428.0,415.3,419.8,421.0,43479,183.08,2438,22767.0,52.36
SRTL, 22-Sep-2026,38.36,39.03,37.4,38.84,38.36,55248,21.28,377,49999.0,90.5
SSDL, 22-Sep-2026,62.78,70.99,62.77,65.71,60.28,490278,332.61,9331,119221.0,24.32
SSEGL, 22-Sep-2026,401.0,402.95,386.0,386.85,398.45,44600,174.4,192,31400.0,70.4
SSFL, 22-Sep-2026,296.0,296.0,285.0,289.95,295.0,5500,15.98,11,4500.0,81.82
SSWL, 22-Sep-2026,361.75,389.85,358.0,364.8,361.75,2427282,9120.45,52228,755335.0,31.12
STANLEY, 22-Sep-2026,136.15,136.99,134.7,135.43,135.11,35397,48.09,898,18010.0,50.88
STAR, 22-Sep-2026,1234.2,1246.7,1195.5,1217.4,1235.1,285056,3483.99,25638,121631.0,42.67
STARCEMENT, 22-Sep-2026,194.0,195.0,189.1,189.51,193.5,147576,282.73,3757,85678.0,58.06
STARHEALTH, 22-Sep-2026,543.0,547.0,539.2,544.6,542.9,355636,1934.97,21620,223832.0,62.94
STARPAPER, 22-Sep-2026,158.5,160.0,155.22,156.79,159.13,3168,4.98,109,2369.0,74.78
STARTECK, 22-Sep-2026,253.15,253.15,240.3,242.0,251.85,19,0.05,10,10.0,52.63
STCINDIA, 22-Sep-2026,111.9,112.15,110.9,111.06,111.04,14626,16.3,522,10337.0,70.68
STEAMHOUSE, 22-Sep-2026,107.75,113.04,106.65,112.02,105.05,21132380,23196.09,104306,4642832.0,21.97
STEELCAS, 22-Sep-2026,365.0,365.0,340.0,350.15,317.45,1480419,5159.53,35922,309224.0,20.89
STEELCITY, 22-Sep-2026,87.56,87.56,84.87,85.59,86.07,3722,3.19,110,2892.0,77.7
STEELXIND, 22-Sep-2026,11.22,11.45,11.1,11.18,11.22,3289141,368.9,3045,1697448.0,51.61
STEL, 22-Sep-2026,662.0,674.0,656.05,663.55,662.75,3924,26.09,423,2348.0,59.84
STLNETWORK, 22-Sep-2026,45.09,47.34,44.01,47.34,45.09,13000814,5981.06,24415,8089031.0,62.22
STLSTRINF, 22-Sep-2026,24.99,24.99,23.0,23.16,24.04,10145,2.38,84,6741.0,66.45
STOVEKRAFT, 22-Sep-2026,817.9,835.95,816.05,827.8,815.1,107974,895.73,10803,37617.0,34.84
STRIDERS, 22-Sep-2026,56.0,62.75,53.0,53.25,52.3,203200,119.67,54,156800.0,77.17
STUDDS, 22-Sep-2026,429.0,434.4,419.55,421.45,430.5,44386,188.41,2320,25110.0,56.57
STUDIOLSD, 22-Sep-2026,9.2,9.2,8.85,8.85,9.2,8000,0.72,4,8000.0,100.0
STYL, 22-Sep-2026,350.15,364.0,345.25,361.25,350.15,84140,301.78,3498,38010.0,45.17
STYLAMIND, 22-Sep-2026,3194.9,3360.5,3153.4,3309.4,3195.5,109057,3551.79,18982,44159.0,40.49
STYLEBAAZA, 22-Sep-2026,398.95,399.05,375.05,375.05,394.75,4125890,15636.13,21337,2308319.0,55.95
STYRENIX, 22-Sep-2026,2096.0,2110.4,2070.0,2078.3,2096.1,16283,340.15,2533,9261.0,56.88
SUBAHOTELS, 22-Sep-2026,89.5,93.3,89.5,90.05,89.45,26400,23.96,19,10800.0,40.91
SUBEXLTD, 22-Sep-2026,19.7,19.83,19.1,19.37,19.61,4951473,959.05,9790,1752843.0,35.4
SUBROS, 22-Sep-2026,715.0,724.35,715.0,720.65,714.9,18563,133.42,1685,10227.0,55.09
SUDARCOLOR, 22-Sep-2026,410.0,410.0,388.15,390.2,402.0,4738,18.63,274,3282.0,69.27
SUDARSCHEM, 22-Sep-2026,1274.1,1274.1,1222.4,1230.3,1257.9,122386,1517.9,8141,69057.0,56.43
SUDEEPPHRM, 22-Sep-2026,1141.1,1201.2,1133.8,1197.1,1144.0,307848,3666.08,15432,161041.0,52.31
SUKHJITS, 22-Sep-2026,163.0,164.5,160.03,161.0,163.31,11140,18.04,383,6833.0,61.34
SULA, 22-Sep-2026,134.9,136.89,134.46,135.48,134.46,259852,352.3,3994,125067.0,48.13
SUMAX, 22-Sep-2026,108.0,112.7,107.3,108.0,108.35,49200,53.8,41,36000.0,73.17
SUMEDHA, 22-Sep-2026,48.1,48.1,44.0,44.04,43.9,2902,1.31,95,2523.0,86.94
SUMEETINDS, 22-Sep-2026,10.44,10.53,10.44,10.53,10.03,624237,65.66,200,535833.0,85.84
SUMICHEM, 22-Sep-2026,453.55,462.7,450.65,457.5,454.55,466298,2134.0,15034,305160.0,65.44
SUMIT, 22-Sep-2026,50.99,50.99,48.5,50.06,49.54,13814,6.84,110,12662.0,91.66
SUMMITSEC, 22-Sep-2026,1404.8,1410.0,1395.3,1404.0,1388.5,650,9.11,174,393.0,60.46
SUNCLAY, 22-Sep-2026,1252.5,1266.6,1221.0,1252.5,1251.8,6249,77.51,615,3973.0,63.58
SUNDARAM, 22-Sep-2026,1.19,1.19,1.16,1.17,1.17,232872,2.73,277,172272.0,73.98
SUNDARMFIN, 22-Sep-2026,4665.6,4873.7,4650.0,4751.9,4679.5,90693,4364.47,20770,36003.0,39.7
SUNDRMFAST, 22-Sep-2026,1205.6,1218.9,1176.6,1190.9,1207.4,190200,2266.69,22083,94535.0,49.7
SUNDROP, 22-Sep-2026,719.0,773.0,711.5,742.35,707.95,291500,2175.36,13355,117421.0,40.28
SUNFLAG, 22-Sep-2026,355.45,362.2,352.7,355.05,352.85,199128,713.03,6277,92779.0,46.59
SUNLITE, 22-Sep-2026,669.0,669.0,630.0,634.15,657.5,46500,300.41,126,28500.0,61.29
SUNLOC, 22-Sep-2026,73.0,75.8,73.0,75.8,73.0,122,0.09,4,64.0,52.46
SUNPHARMA, 22-Sep-2026,1869.0,1876.4,1842.3,1846.4,1868.9,1062235,19669.54,80108,676260.0,63.66
SUNRAKSHAK, 22-Sep-2026,365.5,368.9,363.0,364.85,365.0,4543,16.63,173,3315.0,72.97
SUNREST, 22-Sep-2026,36.95,38.45,36.95,38.45,36.75,11200,4.26,6,11200.0,100.0
SUNSHIEL, 22-Sep-2026,1227.0,1235.0,1184.8,1192.0,1208.4,6652,80.25,731,3278.0,49.28
SUNSHINE, 22-Sep-2026,432.8,444.0,427.2,440.4,430.1,705974,3071.2,8683,371751.0,52.66
SUNTECH, 22-Sep-2026,39.9,40.0,37.6,37.6,38.6,9600,3.74,6,8000.0,83.33
SUNTECK, 22-Sep-2026,290.3,292.7,286.1,287.9,290.0,54482,157.78,2211,23282.0,42.73
SUNTV, 22-Sep-2026,458.0,494.2,454.0,490.1,457.55,3413835,16528.26,73354,774213.0,22.68
SUPERHOUSE, 22-Sep-2026,170.31,171.0,168.0,169.17,169.49,4819,8.17,97,3829.0,79.46
SUPRAJIT, 22-Sep-2026,484.0,487.7,482.2,483.45,480.85,37481,181.72,3816,20111.0,53.66
SUPREME, 22-Sep-2026,33.7,33.7,31.1,32.19,31.96,14062,4.47,200,10384.0,73.84
SUPREMEIND, 22-Sep-2026,3495.0,3511.2,3435.9,3460.5,3500.0,194956,6767.27,13921,127408.0,65.35
SUPREMEINF, 22-Sep-2026,82.92,83.0,80.2,80.5,80.95,6278,5.11,127,3703.0,58.98
SUPREMEPWR, 22-Sep-2026,207.05,209.95,200.0,203.45,210.5,109000,222.98,163,69500.0,63.76
SUPRIYA, 22-Sep-2026,963.0,971.65,933.1,939.1,957.7,333549,3176.01,23441,118684.0,35.58
SURAJEST, 22-Sep-2026,213.0,226.61,213.0,217.0,216.41,622792,1379.51,12871,216544.0,34.77
SURAJLTD, 22-Sep-2026,198.0,204.99,190.3,202.41,198.0,920,1.85,57,829.0,90.11
SURAKSHA, 22-Sep-2026,351.9,358.05,341.0,353.4,349.1,177064,623.26,5909,87026.0,49.15
SURANASOL, 22-Sep-2026,25.82,26.35,25.41,25.53,26.03,17108,4.42,352,14520.0,84.87
SURANAT&P, 22-Sep-2026,16.11,16.5,16.11,16.19,16.1,22965,3.74,318,15076.0,65.65
SURANI, 22-Sep-2026,95.0,100.0,95.0,100.0,100.0,2400,2.38,5,2400.0,100.0
SURYALA, 22-Sep-2026,392.9,392.95,380.2,390.8,382.0,421,1.64,19,266.0,63.18
SURYALAXMI, 22-Sep-2026,57.6,58.89,57.01,57.4,57.74,3951,2.3,79,3361.0,85.07
SURYAROSNI, 22-Sep-2026,211.18,215.8,211.01,212.05,211.18,391334,831.93,8180,202498.0,51.75
SURYODAY, 22-Sep-2026,148.55,148.97,145.79,146.4,146.94,125159,184.46,2279,68271.0,54.55
SUVEN, 22-Sep-2026,337.9,345.2,334.3,335.45,337.9,271490,917.64,8716,127241.0,46.87
SUVIDHAA, 22-Sep-2026,2.25,2.39,2.19,2.22,2.22,1482871,33.18,518,1457389.0,98.28
SUYOG, 22-Sep-2026,654.9,658.5,641.5,644.65,648.2,15031,97.42,1035,8145.0,54.19
SUZLON, 22-Sep-2026,43.5,44.22,42.91,43.0,43.34,41578320,18082.48,88357,17964295.0,43.21
SVGLOBAL, 22-Sep-2026,159.0,159.5,150.2,155.6,160.65,7057,10.99,213,3833.0,54.31
SVLL, 22-Sep-2026,814.0,885.0,814.0,867.65,816.0,7371,62.46,215,6476.0,87.86
SVPGLOB, 22-Sep-2026,3.44,3.44,3.19,3.34,3.35,31926,1.05,64,20723.0,64.91
SWANCORP, 22-Sep-2026,303.0,311.0,301.0,302.75,302.2,1116225,3416.08,24775,314437.0,28.17
SWARAJENG, 22-Sep-2026,3572.4,3594.7,3542.0,3556.0,3572.4,5088,180.86,1142,3340.0,65.64
SWARNSAR, 22-Sep-2026,37.81,40.4,36.55,39.69,37.07,54675,21.51,339,43674.0,79.88
SWASTIK, 22-Sep-2026,17.75,17.75,17.75,17.75,16.95,2400,0.43,2,2400.0,100.0
SWELECTES, 22-Sep-2026,573.8,574.0,559.8,564.95,572.6,4248,24.03,450,2875.0,67.68
SWIGGY, 22-Sep-2026,273.0,284.25,272.8,284.05,272.7,32604564,91231.74,143178,19531318.0,59.9
SWSOLAR, 22-Sep-2026,178.89,186.66,176.1,178.42,173.27,5752741,10461.48,65534,826629.0,14.37
SYMBIOTEC, 22-Sep-2026,1099.0,1188.0,1095.0,1120.9,1156.05,2182137,25054.82,119944,622320.0,28.52
SYMPHONY, 22-Sep-2026,597.8,598.05,589.1,590.55,597.8,22943,136.11,1540,13224.0,57.64
SYNCOMF, 22-Sep-2026,19.87,21.0,19.87,20.4,19.85,9828587,2028.62,16105,3913035.0,39.81
SYNGENE, 22-Sep-2026,385.15,385.85,373.6,377.5,385.15,422362,1598.11,19766,200116.0,47.38
SYNOPTICS, 22-Sep-2026,45.0,47.25,45.0,47.25,45.0,4800,2.25,8,4800.0,100.0
SYRMA, 22-Sep-2026,1720.0,1803.9,1714.5,1741.8,1713.3,4023734,71303.9,133696,868531.0,21.59
SYSTANGO, 22-Sep-2026,221.45,226.7,221.4,226.0,220.7,19200,43.0,47,12000.0,62.5
TAALTECH, 22-Sep-2026,1163.0,1234.0,1158.0,1185.4,5714.6,145451,1749.63,15313,63938.0,43.96
TAC, 22-Sep-2026,480.0,500.25,475.7,500.25,476.45,41600,203.89,140,40600.0,97.6
TAINWALCHM, 22-Sep-2026,219.54,228.0,216.0,219.29,219.54,1736,3.84,94,1320.0,76.04
TAJGVK, 22-Sep-2026,328.8,332.95,326.05,328.85,328.8,38081,125.41,1744,19078.0,50.1
TAKE, 22-Sep-2026,16.6,16.6,15.75,15.84,16.47,254803,41.26,1695,197956.0,77.69
TALBROAUTO, 22-Sep-2026,466.0,485.8,464.55,475.3,467.3,342284,1627.72,12040,134150.0,39.19
TANAA, 22-Sep-2026,334.5,378.95,332.5,367.05,319.6,965676,3510.71,30526,225724.0,23.37
TANKUP, 22-Sep-2026,1643.5,1643.5,1638.0,1638.0,1613.05,2250,36.89,6,2250.0,100.0
TANLA, 22-Sep-2026,493.0,496.35,483.75,485.35,493.4,387958,1892.45,11826,201010.0,51.81
TARACHAND, 22-Sep-2026,47.25,47.99,46.6,47.08,47.2,41820,19.78,478,25722.0,61.51
TARAPUR, 22-Sep-2026,12.0,12.53,11.45,12.08,12.31,39790,4.8,280,30771.0,77.33
TARC, 22-Sep-2026,129.97,132.19,129.05,130.66,129.97,312935,408.71,4287,181169.0,57.89
TARIL, 22-Sep-2026,279.15,285.75,279.15,280.75,278.25,810752,2288.35,16288,397837.0,49.07
TARMAT, 22-Sep-2026,55.87,55.9,54.13,54.22,54.76,9899,5.43,258,7430.0,75.06
TARSONS, 22-Sep-2026,342.0,344.9,330.2,331.5,341.3,262560,882.96,8951,70892.0,27.0
TASTYBITE, 22-Sep-2026,9801.0,9941.0,9784.0,9829.0,9798.0,3087,303.22,662,2229.0,72.21
TATACAP, 22-Sep-2026,343.0,345.6,340.25,341.1,343.7,934131,3194.95,30757,546354.0,58.49
TATACHEM, 22-Sep-2026,695.0,697.05,673.0,674.0,694.7,1586207,10802.79,34670,576929.0,36.37
TATACOMM, 22-Sep-2026,1733.0,1741.0,1682.1,1692.4,1732.7,136660,2325.64,16128,58531.0,42.83
TATACONSUM, 22-Sep-2026,1002.9,1006.0,984.1,984.1,1000.6,683063,6782.04,41429,388106.0,56.82
TATAELXSI, 22-Sep-2026,3295.0,3295.0,3200.0,3220.0,3287.0,523177,16850.3,45786,160303.0,30.64
TATAGOLD, 22-Sep-2026,14.78,14.78,14.61,14.69,14.76,45022739,6619.63,54172,25222247.0,56.02
TATAINVEST, 22-Sep-2026,686.0,697.15,677.1,682.25,680.5,729720,5013.97,24576,230522.0,31.59
TATAPOWER, 22-Sep-2026,367.0,370.0,365.9,367.0,367.15,2521297,9276.27,34026,1277910.0,50.68
TATASTEEL, 22-Sep-2026,183.6,185.49,183.1,184.97,183.4,17525509,32276.13,92588,7417657.0,42.32
TATATECH, 22-Sep-2026,724.9,724.9,712.0,715.55,724.9,476836,3423.17,26683,208783.0,43.79
TATSILV, 22-Sep-2026,22.52,22.59,22.17,22.36,22.55,31043387,6948.44,37045,10101501.0,32.54
TATVA, 22-Sep-2026,1775.0,1817.0,1731.5,1744.2,1761.2,53674,953.82,5959,20859.0,38.86
TAURIAN, 22-Sep-2026,521.1,562.0,521.1,559.65,535.25,36800,204.98,45,30400.0,82.61
TBI, 22-Sep-2026,79.95,80.0,76.3,77.05,79.2,28800,22.39,34,23400.0,81.25
TBOTEK, 22-Sep-2026,1705.0,1748.0,1682.1,1703.7,1704.9,596139,10237.65,31975,312343.0,52.39
TBZ, 22-Sep-2026,650.0,665.35,636.95,665.35,633.7,881481,5815.8,7168,426890.0,48.43
TCC, 22-Sep-2026,46.22,55.18,45.2,52.62,45.99,4284942,2185.1,21015,559174.0,13.05
TCI, 22-Sep-2026,809.8,825.0,797.0,813.45,807.25,70223,567.91,11748,36140.0,51.46
TCIEXP, 22-Sep-2026,482.6,489.95,482.6,486.15,482.6,8484,41.22,983,5151.0,60.71
TCIFINANCE, 22-Sep-2026,15.15,15.68,14.81,15.26,15.41,4943,0.76,100,3850.0,77.89
TCL, 22-Sep-2026,139.0,139.0,130.0,131.55,138.75,43200,57.01,53,33600.0,77.78
TCPLPACK, 22-Sep-2026,3914.0,3919.8,3813.5,3833.8,3881.1,2746,105.53,920,1496.0,54.48
TCS, 22-Sep-2026,2135.1,2135.2,2098.2,2105.0,2128.7,3641623,76777.94,108224,2002739.0,55.0
TDPOWERSYS, 22-Sep-2026,754.0,763.25,743.35,756.4,747.3,1714771,12925.06,59991,751849.0,43.85
TEAMGTY, 22-Sep-2026,242.99,242.99,235.2,240.77,241.9,359,0.86,25,311.0,86.63
TEAMLEASE, 22-Sep-2026,1230.2,1230.2,1195.4,1201.0,1217.0,16127,195.18,5037,9571.0,59.35
TEAMTECH, 22-Sep-2026,132.9,134.0,130.0,130.0,130.0,20000,26.36,9,16000.0,80.0
TECH, 22-Sep-2026,31.55,32.23,31.1,31.37,31.71,33252,10.41,263,18803.0,56.55
TECHD, 22-Sep-2026,550.0,565.0,549.95,556.8,539.0,26100,145.2,77,15600.0,59.77
TECHERA, 22-Sep-2026,152.0,154.95,150.4,151.15,152.65,36800,56.31,45,28800.0,78.26
TECHLABS, 22-Sep-2026,132.0,132.0,120.35,120.5,126.65,47375,58.43,146,42250.0,89.18
TECHM, 22-Sep-2026,1553.7,1558.7,1530.9,1551.6,1558.5,1013719,15647.19,61901,565537.0,55.79
TECHNOCRAF, 22-Sep-2026,439.0,463.0,438.3,457.5,437.65,1492761,6737.05,27649,721521.0,48.33
TECHNOE, 22-Sep-2026,1017.7,1041.4,1000.0,1005.65,1012.25,112644,1145.5,11932,48898.0,43.41
TECHNVISN, 22-Sep-2026,4154.5,4290.0,3947.0,3982.5,4154.5,773,31.07,200,609.0,78.78
TECILCHEM, 22-Sep-2026,9.31,9.46,9.0,9.31,9.46,6433,0.6,68,6264.0,97.37
TEGA, 22-Sep-2026,2130.0,2175.0,2060.0,2069.0,2129.0,1295775,27512.38,59519,242639.0,18.73
TEJA, 22-Sep-2026,230.85,233.7,215.0,218.8,236.55,45600,100.74,50,19800.0,43.42
TEJASNET, 22-Sep-2026,518.0,527.0,515.0,516.3,516.85,963970,5010.18,25942,243677.0,25.28
TEMBO, 22-Sep-2026,57.99,58.86,57.01,57.36,57.8,1028129,592.41,3917,435467.0,42.36
TEMPSENS, 22-Sep-2026,528.0,551.55,528.0,537.1,526.85,1620809,8742.56,39354,425742.0,26.27
TENNIND, 22-Sep-2026,513.0,535.1,513.0,532.75,514.1,1047619,5532.91,34617,619454.0,59.13
TERASOFT, 22-Sep-2026,251.1,252.8,238.25,240.8,248.65,15569,37.64,1116,7979.0,51.25
TEXINFRA, 22-Sep-2026,115.31,115.9,108.95,115.02,114.06,130228,149.74,867,100425.0,77.11
TEXMOPIPES, 22-Sep-2026,61.0,62.0,59.15,59.38,60.67,270473,163.26,2568,80062.0,29.6
TEXRAIL, 22-Sep-2026,114.43,119.95,114.43,119.2,114.43,4041975,4787.68,32672,1862075.0,46.07
TFCILTD, 22-Sep-2026,140.49,144.48,139.79,140.8,140.06,9890686,14065.25,28244,5457577.0,55.18
TFL, 22-Sep-2026,11.84,12.08,11.67,11.75,12.08,1810,0.21,27,1020.0,56.35
TGBHOTELS, 22-Sep-2026,9.9,9.9,9.34,9.64,9.54,18593,1.8,134,13999.0,75.29
TGL, 22-Sep-2026,14.7,14.7,14.7,14.7,14.95,3400,0.5,11,3400.0,100.0
TGVSL, 22-Sep-2026,106.12,109.0,106.12,107.45,107.0,126979,136.77,2770,66294.0,52.21
THACKER, 22-Sep-2026,1077.9,1077.9,1000.0,1008.75,1077.9,16,0.17,9,16.0,100.0
THAKDEV, 22-Sep-2026,125.0,128.9,115.6,126.36,118.42,622,0.78,24,419.0,67.36
THANGAMAYL, 22-Sep-2026,4965.0,5164.5,4955.0,5119.5,4930.5,65238,3324.13,9383,32908.0,50.44
THEINVEST, 22-Sep-2026,95.99,95.99,93.5,95.25,95.39,1491,1.41,150,1107.0,74.25
THEJO, 22-Sep-2026,2141.8,2199.0,2140.0,2167.9,2141.8,9018,194.95,1554,6788.0,75.27
THELEELA, 22-Sep-2026,540.0,548.75,531.05,537.05,537.45,518559,2795.4,24272,324280.0,62.53
THEMISMED, 22-Sep-2026,123.2,126.19,122.0,122.6,123.92,57664,71.37,1021,30972.0,53.71
THERMAX, 22-Sep-2026,3580.0,3615.0,3459.0,3472.2,3578.2,183238,6449.87,40953,115179.0,62.86
THESL, 22-Sep-2026,13.9,13.9,13.9,13.9,13.25,3000,0.42,1,3000.0,100.0
THOMASCOOK, 22-Sep-2026,105.05,106.0,103.81,104.85,105.03,359934,378.15,5470,148327.0,41.21
THOMASCOTT, 22-Sep-2026,239.85,245.0,235.1,236.9,236.7,91068,218.49,2354,53280.0,58.51
THYROCARE, 22-Sep-2026,573.4,594.0,573.0,577.5,571.45,397695,2317.87,21666,196731.0,49.47
TI, 22-Sep-2026,581.2,585.7,572.1,574.65,579.55,1596488,9255.74,22404,1121657.0,70.26
TIGERLOGS, 22-Sep-2026,25.66,26.75,25.66,26.57,25.66,94527,24.77,543,80144.0,84.78
TIIL, 22-Sep-2026,3050.0,3065.7,2936.0,2983.0,3043.4,57681,1721.73,9144,31361.0,54.37
TIINDIA, 22-Sep-2026,2602.0,2617.4,2558.4,2574.0,2588.0,81195,2100.8,10718,37976.0,46.77
TIMETECHNO, 22-Sep-2026,178.52,181.9,176.9,180.59,180.23,2674483,4796.54,24724,675975.0,25.27
TIMEX, 22-Sep-2026,708.5,718.45,701.65,703.8,709.65,236271,1673.98,14080,92039.0,38.95
TIMKEN, 22-Sep-2026,3156.6,3194.9,3115.0,3178.5,3136.8,38073,1203.44,8543,20845.0,54.75
TINNARUBR, 22-Sep-2026,1029.35,1047.0,1002.75,1008.1,1029.35,40473,411.91,3358,19048.0,47.06
TIPSFILMS, 22-Sep-2026,317.0,328.45,314.25,316.35,320.7,2578,8.19,331,2225.0,86.31
TIPSMUSIC, 22-Sep-2026,658.1,672.0,658.1,661.8,660.0,165069,1098.43,9764,91152.0,55.22
TIRUMALCHM, 22-Sep-2026,157.75,159.76,156.2,157.32,156.75,146008,230.46,2659,75285.0,51.56
TITAGARH, 22-Sep-2026,841.9,854.6,831.3,834.85,841.05,341550,2872.87,20453,136602.0,39.99
TITAN, 22-Sep-2026,4876.0,4982.0,4862.5,4928.5,4875.0,1238174,61144.9,105317,649354.0,52.44
TMB, 22-Sep-2026,895.0,897.8,870.6,883.75,886.35,140878,1237.23,14927,64599.0,45.85
TMCV, 22-Sep-2026,444.5,452.0,437.2,440.1,444.5,4761149,21178.35,79064,2216086.0,46.55
TMPV, 22-Sep-2026,302.1,302.8,298.5,300.05,301.65,6935097,20845.6,81438,3405624.0,49.11
TNIDETF, 22-Sep-2026,88.06,88.99,88.06,88.6,88.77,20531,18.16,287,14266.0,69.49
TNPETRO, 22-Sep-2026,131.7,132.0,128.15,129.0,130.35,559727,727.83,7828,204212.0,36.48
TNPL, 22-Sep-2026,146.01,146.23,141.22,142.56,145.48,241006,343.78,5261,126236.0,52.38
TNTELE, 22-Sep-2026,9.89,9.89,8.95,9.11,9.24,22551,2.07,193,9809.0,43.5
TOKYOPLAST, 22-Sep-2026,77.0,78.98,75.02,78.4,77.0,4504,3.46,32,3387.0,75.2
TOLINS, 22-Sep-2026,90.77,92.77,89.02,89.6,89.39,26635,24.11,703,19614.0,73.64
TOP100CASE, 22-Sep-2026,10.43,10.45,10.26,10.3,10.35,903235,93.13,1118,544287.0,60.26
TOP10ADD, 22-Sep-2026,85.39,85.39,84.49,84.53,85.39,590727,501.2,923,347864.0,58.89
TOP15IETF, 22-Sep-2026,9.55,9.57,9.43,9.45,9.52,284359,26.9,384,149474.0,52.57
TOP20, 22-Sep-2026,8.69,8.69,8.62,8.64,8.67,44627,3.86,127,43100.0,96.58
TORNTPHARM, 22-Sep-2026,4984.0,4984.0,4910.0,4935.0,4970.0,244345,12075.67,26105,158061.0,64.69
TORNTPOWER, 22-Sep-2026,1261.0,1268.4,1242.0,1246.3,1262.0,126940,1590.28,13877,66445.0,52.34
TOUCHWOOD, 22-Sep-2026,61.79,62.78,59.08,61.67,61.78,903,0.55,77,498.0,55.15
TOYAMSL, 22-Sep-2026,0.84,0.84,0.84,0.84,0.8,170180,1.43,63,170168.0,99.99
TPLPLASTEH, 22-Sep-2026,65.72,66.25,64.47,65.09,65.03,118214,77.05,1150,33620.0,28.44
TRACXN, 22-Sep-2026,31.98,32.85,31.5,32.69,31.98,265268,85.75,4087,203510.0,76.72
TRANSCOR, 22-Sep-2026,29.0,29.0,24.2,24.92,24.97,12276,3.33,93,6391.0,52.06
TRANSRAILL, 22-Sep-2026,420.0,488.0,420.0,477.15,414.2,23971640,112589.18,357503,2045812.0,8.53
TRANSTEEL, 22-Sep-2026,86.95,88.2,83.0,86.3,84.25,52000,44.89,43,30000.0,57.69
TRAVELFOOD, 22-Sep-2026,1228.5,1240.7,1223.3,1230.3,1228.5,15552,191.29,3167,8711.0,56.01
TREEHOUSE, 22-Sep-2026,5.84,6.1,5.76,6.05,5.84,21627,1.29,130,18735.0,86.63
TREJHARA, 22-Sep-2026,136.0,145.0,132.0,136.21,132.25,46087,63.88,1112,26589.0,57.69
TREL, 22-Sep-2026,26.51,27.89,26.51,27.31,26.68,181088,49.5,5200,107689.0,59.47
TRENT, 22-Sep-2026,2838.7,2847.9,2754.2,2782.9,2815.5,764083,21328.91,50339,357513.0,46.79
TRF, 22-Sep-2026,217.0,219.01,215.15,216.06,216.43,4526,9.78,170,3372.0,74.5
TRIDENT, 22-Sep-2026,23.09,23.19,22.82,22.93,23.02,2129961,489.96,9597,1048043.0,49.2
TRIDHYA, 22-Sep-2026,6.95,6.95,6.95,6.95,7.3,3000,0.21,1,3000.0,100.0
TRIGYN, 22-Sep-2026,56.0,56.45,55.2,55.76,56.02,16792,9.37,308,10983.0,65.41
TRITONV, 22-Sep-2026,1085.0,1091.6,1063.9,1080.1,1063.9,981,10.63,256,629.0,64.12
TRITURBINE, 22-Sep-2026,555.65,564.85,546.8,550.3,555.65,374231,2078.36,50742,174879.0,46.73
TRIVENI, 22-Sep-2026,239.95,244.05,238.55,239.55,238.75,311291,751.7,7846,162432.0,52.18
TROM, 22-Sep-2026,55.0,55.0,54.9,54.9,54.95,1800,0.99,2,1800.0,100.0
TRU, 22-Sep-2026,4.03,4.28,4.03,4.17,4.12,36808,1.51,160,24684.0,67.06
TRUALT, 22-Sep-2026,415.55,428.9,411.0,414.45,415.05,371407,1557.46,10276,221469.0,59.63
TRUST, 22-Sep-2026,27.0,27.15,26.2,26.2,26.15,7200,1.91,7,7200.0,100.0
TSC, 22-Sep-2026,54.0,54.0,54.0,54.0,51.45,20000,10.8,6,20000.0,100.0
TSFINV, 22-Sep-2026,464.95,467.35,459.0,461.35,460.35,47069,217.81,2569,26735.0,56.8
TTKHLTCARE, 22-Sep-2026,1079.8,1084.8,1040.0,1050.2,1073.3,29824,315.61,2961,17727.0,59.44
TTKPRESTIG, 22-Sep-2026,529.45,530.0,516.0,517.15,524.9,41161,214.51,4306,25063.0,60.89
TTL, 22-Sep-2026,7.32,7.48,7.01,7.29,7.42,574914,41.68,541,361021.0,62.8
TTML, 22-Sep-2026,35.25,35.99,35.25,35.62,35.36,1182880,421.15,6118,448962.0,37.95
TUNWAL, 22-Sep-2026,25.4,25.6,25.15,25.2,25.3,34000,8.62,17,24000.0,70.59
TURTLEMINT, 22-Sep-2026,132.46,143.0,130.51,140.23,131.17,3713889,5179.53,49108,1213687.0,32.68
TUTIALKA, 22-Sep-2026,57.5,57.5,54.05,55.34,56.56,3470,1.92,148,2384.0,68.7
TVSELECT, 22-Sep-2026,401.2,401.2,388.0,391.15,396.0,26743,105.3,1645,14578.0,54.51
TVSHLTD, 22-Sep-2026,12671.0,12798.0,12501.0,12543.0,12729.0,3500,441.01,1151,1844.0,52.69
TVSMOTOR, 22-Sep-2026,4155.0,4188.1,4134.0,4140.0,4155.0,544904,22666.16,39675,362245.0,66.48
TVSSCS, 22-Sep-2026,133.1,135.63,131.58,132.31,132.85,510639,680.69,9587,188230.0,36.86
TVSSRICHAK, 22-Sep-2026,4658.0,4690.0,4610.0,4650.0,4592.0,7781,361.64,1642,2550.0,32.77
TVTODAY, 22-Sep-2026,107.15,109.81,107.0,107.67,107.64,40045,43.24,684,33201.0,82.91
TWCGOLDETF, 22-Sep-2026,151.2,151.2,149.46,150.57,151.46,51682,77.59,515,51583.0,99.81
UBL, 22-Sep-2026,1234.0,1234.9,1210.4,1215.2,1227.8,88734,1079.89,11498,48794.0,54.99
UCOBANK, 22-Sep-2026,23.62,23.78,23.62,23.72,23.62,2058479,487.9,8902,776916.0,37.74
UDAYJEW, 22-Sep-2026,151.83,152.11,147.0,148.87,151.08,11047,16.51,439,7406.0,67.04
UDS, 22-Sep-2026,198.0,207.8,196.0,198.14,198.48,138849,280.03,4295,56322.0,40.56
UEL, 22-Sep-2026,202.99,202.99,190.0,191.3,198.29,19352,37.41,932,9728.0,50.27
UFLEX, 22-Sep-2026,669.0,679.7,640.0,648.15,656.15,251203,1651.6,7370,91418.0,36.39
UFO, 22-Sep-2026,61.0,61.95,60.3,60.64,60.87,33271,20.3,379,24133.0,72.53
UGARSUGAR, 22-Sep-2026,56.01,56.85,55.0,55.35,55.8,452353,252.87,3911,99236.0,21.94
UGROCAP, 22-Sep-2026,82.01,83.31,82.01,82.74,82.29,78300,64.69,1033,55472.0,70.85
UHTL, 22-Sep-2026,195.8,195.8,195.8,195.8,192.0,6000,11.75,3,6000.0,100.0
UJJIVANSFB, 22-Sep-2026,64.99,65.8,64.46,64.74,64.79,5992425,3899.3,29768,2804356.0,46.8
ULTRACEMCO, 22-Sep-2026,11100.0,11142.0,11000.0,11000.0,11100.0,320797,35566.4,35467,195660.0,60.99
ULTRAMAR, 22-Sep-2026,438.0,438.0,422.05,423.9,435.0,20679,88.43,978,12264.0,59.31
UMA, 22-Sep-2026,17.5,17.5,17.5,17.5,17.5,4000,0.7,1,4000.0,100.0
UMESLTD, 22-Sep-2026,4.34,4.64,4.27,4.57,4.25,45624,2.04,142,36355.0,79.68
UMIYA-MRO, 22-Sep-2026,98.06,99.49,96.21,97.29,98.33,7773,7.6,147,5596.0,71.99
UNICHEMLAB, 22-Sep-2026,538.0,566.0,534.7,538.75,540.65,114861,631.36,5821,42396.0,36.91
UNIDT, 22-Sep-2026,222.0,223.35,210.72,212.42,222.44,12203,26.44,685,7785.0,63.8
UNIECOM, 22-Sep-2026,81.55,90.5,80.96,86.32,81.11,13825616,12164.57,71309,675103.0,4.88
UNIENTER, 22-Sep-2026,92.0,92.0,89.67,91.15,91.82,3572,3.24,71,2560.0,71.67
UNIHEALTH, 22-Sep-2026,655.0,668.0,650.0,651.85,668.0,16500,108.28,29,13000.0,78.79
UNIINFO, 22-Sep-2026,11.0,11.48,11.0,11.45,11.33,1335,0.15,31,1319.0,98.8
UNILEX, 22-Sep-2026,25.0,27.0,25.0,27.0,28.0,3200,0.83,2,3200.0,100.0
UNIMECH, 22-Sep-2026,1719.9,1868.2,1715.0,1732.5,1698.4,1014230,17980.05,68692,308544.0,30.42
UNIONBANK, 22-Sep-2026,178.0,178.8,175.86,178.0,178.09,5275793,9341.87,44836,2522108.0,47.81
UNIONGOLD, 22-Sep-2026,149.0,150.5,147.25,147.9,148.3,400811,592.88,61,400627.0,99.95
UNIPARTS, 22-Sep-2026,859.0,860.95,841.65,851.7,854.85,68579,582.77,5986,32815.0,47.85
UNITDSPR, 22-Sep-2026,1402.9,1405.3,1390.2,1398.0,1397.0,387186,5412.88,21851,224342.0,57.94
UNITECH, 22-Sep-2026,4.17,4.17,4.08,4.09,4.13,2193592,90.26,1874,1447122.0,65.97
UNITEDPOLY, 22-Sep-2026,46.0,46.75,44.95,45.57,46.05,212897,98.48,679,148518.0,69.76
UNITEDTEA, 22-Sep-2026,430.05,437.45,423.2,427.35,430.05,3724,16.02,64,3444.0,92.48
UNIVCABLES, 22-Sep-2026,1488.0,1548.6,1462.0,1478.2,1477.5,145762,2192.57,16327,51151.0,35.09
UNOMINDA, 22-Sep-2026,1227.5,1240.1,1220.7,1226.0,1227.5,316922,3897.95,21344,129933.0,41.0
UPHOT, 22-Sep-2026,1449.0,1522.5,1449.0,1507.8,1450.0,34,0.51,6,34.0,100.0
UPL, 22-Sep-2026,559.25,562.55,555.0,559.9,559.9,2741227,15305.55,38293,1799721.0,65.65
URBAN, 22-Sep-2026,119.15,119.7,116.6,116.6,120.0,12000,14.15,15,9600.0,80.0
URBANCO, 22-Sep-2026,173.4,175.95,171.67,174.21,173.4,6235889,10838.11,56134,2790743.0,44.75
URJA, 22-Sep-2026,9.06,9.14,8.96,9.04,9.06,413283,37.33,2033,247098.0,59.79
USHAFIN, 22-Sep-2026,51.0,51.0,48.5,51.0,51.0,25600,12.75,16,14400.0,56.25
USHAMART, 22-Sep-2026,541.0,541.0,525.7,531.3,533.9,2758062,14667.08,60176,1334053.0,48.37
USK, 22-Sep-2026,19.65,20.49,19.65,19.97,20.12,18360,3.69,194,16228.0,88.39
UTIAMC, 22-Sep-2026,921.35,935.95,911.05,919.95,924.8,129398,1197.98,11892,71207.0,55.03
UTKAL, 22-Sep-2026,48.95,49.95,48.0,49.95,48.0,16000,7.83,8,16000.0,100.0
UTKARSHBNK, 22-Sep-2026,14.0,14.3,13.85,13.88,14.0,6307706,881.43,6024,3204878.0,50.81
UTLSOLAR, 22-Sep-2026,418.05,435.9,418.05,434.6,422.05,217304,933.32,12017,120880.0,55.63
UTSSAV, 22-Sep-2026,646.5,656.85,646.0,652.35,653.0,36600,238.85,31,31200.0,85.25
UTTAMSUGAR, 22-Sep-2026,259.0,264.25,255.25,258.25,256.05,120563,314.33,3192,35905.0,29.78
V2RETAIL, 22-Sep-2026,210.68,213.6,210.0,213.18,210.85,459607,976.49,9617,220569.0,47.99
VADILALIND, 22-Sep-2026,7520.0,7937.5,7520.0,7598.0,7415.0,48713,3772.99,12799,13447.0,27.6
VADILENT, 22-Sep-2026,10400.0,10400.0,10300.0,10350.0,10500.0,79,8.18,24,78.0,98.73
VAIBHAVGBL, 22-Sep-2026,209.1,211.32,206.9,208.18,208.01,223734,467.18,5598,119250.0,53.3
VAISHALI, 22-Sep-2026,8.17,8.75,8.17,8.58,8.24,124367,10.62,417,79610.0,64.01
VAKRANGEE, 22-Sep-2026,5.2,5.3,5.16,5.26,5.16,1307740,68.37,1910,750047.0,57.35
VAL30IETF, 22-Sep-2026,14.96,14.96,14.8,14.84,14.84,161495,23.99,405,58130.0,35.99
VALIANTORG, 22-Sep-2026,421.0,425.0,391.15,418.35,422.95,123062,503.82,2637,70648.0,57.41
VALUE, 22-Sep-2026,15.84,15.85,15.75,15.79,15.8,16648,2.63,65,12708.0,76.33
VALUE360, 22-Sep-2026,67.0,67.0,57.0,61.25,65.3,43200,25.83,32,27600.0,63.89
VALUEAXIS, 22-Sep-2026,32.43,32.43,32.0,32.04,32.16,116290,37.31,262,99992.0,85.99
VAML, 22-Sep-2026,415.8,430.75,415.15,425.35,413.05,8507810,36195.84,157380,4924344.0,57.88
VARDMNPOLY, 22-Sep-2026,5.89,5.95,5.75,5.8,5.79,87970,5.12,370,72769.0,82.72
VARROC, 22-Sep-2026,877.9,912.2,860.25,864.5,872.55,721004,6372.42,46020,217267.0,30.13
VASCONEQ, 22-Sep-2026,32.25,32.49,31.2,31.44,32.18,391428,124.53,1746,253659.0,64.8
VASUPRADA, 22-Sep-2026,93.1,100.0,93.1,100.0,98.0,462,0.45,5,462.0,100.0
VASWANI, 22-Sep-2026,46.99,46.99,45.28,45.61,46.1,13382,6.14,334,8443.0,63.09
VBL, 22-Sep-2026,427.2,433.8,424.2,430.0,425.0,5138730,22129.93,58541,2665698.0,51.87
VDEAL, 22-Sep-2026,125.0,128.0,120.5,122.6,124.85,9600,11.89,15,6600.0,68.75
VEDAVAAG, 22-Sep-2026,23.21,23.21,20.5,21.8,22.85,109600,24.03,504,75723.0,69.09
VEDL, 22-Sep-2026,261.0,263.85,260.2,263.0,260.5,5419840,14211.97,56507,2760167.0,50.93
VEDPOWER, 22-Sep-2026,30.86,31.61,30.77,31.07,30.78,18011957,5615.44,44664,7457873.0,41.41
VEEDOL, 22-Sep-2026,1362.0,1372.7,1357.3,1369.9,1357.0,8152,111.51,869,4077.0,50.01
VEEKAYEM, 22-Sep-2026,95.0,100.85,92.25,100.85,97.1,2500,2.38,3,2500.0,100.0
VENKEYS, 22-Sep-2026,1641.0,1698.0,1641.0,1675.9,1640.3,58766,981.46,6697,30020.0,51.08
VENTIVE, 22-Sep-2026,560.0,583.5,555.35,579.6,556.75,97386,552.48,1691,78359.0,80.46
VENUSPIPES, 22-Sep-2026,2242.0,2258.8,2182.0,2223.3,2231.2,149878,3316.26,15013,64567.0,43.08
VENUSREM, 22-Sep-2026,1599.0,1644.0,1582.8,1611.5,1593.2,21162,342.95,1532,12211.0,57.7
VERANDA, 22-Sep-2026,231.97,232.61,225.16,230.13,229.17,627174,1446.7,4203,532452.0,84.9
VERITAAS, 22-Sep-2026,24.6,24.6,24.0,24.25,25.2,3600,0.87,3,3600.0,100.0
VERTIS, 22-Sep-2026,115.0,115.0,113.57,114.5,113.9,325000,371.19,11,300000.0,92.31
VERTOZ, 22-Sep-2026,37.99,37.99,36.5,36.89,36.93,20979,7.73,349,18150.0,86.52
VESUVIUS, 22-Sep-2026,399.95,405.0,392.0,392.75,397.75,84558,334.9,5138,48248.0,57.06
VETO, 22-Sep-2026,145.95,145.95,139.0,139.57,143.78,101878,144.31,1592,62928.0,61.77
VGCL, 22-Sep-2026,48.49,48.49,45.0,46.9,47.14,5454,2.49,49,4752.0,87.13
VGINFOTECH, 22-Sep-2026,136.55,139.4,136.55,138.7,137.5,23000,31.86,18,16000.0,69.57
VGL, 22-Sep-2026,69.05,70.6,68.07,68.34,69.03,167860,115.5,2480,80282.0,47.83
VGUARD, 22-Sep-2026,327.95,328.0,318.55,320.5,324.95,275290,886.36,12355,173646.0,63.08
VHL, 22-Sep-2026,3348.3,3396.7,3331.0,3342.8,3339.1,306,10.25,77,225.0,73.53
VIAZ, 22-Sep-2026,74.4,80.0,73.25,76.5,76.4,20000,15.25,10,18000.0,90.0
VICTORYEV, 22-Sep-2026,13.8,14.15,13.75,14.15,14.2,12000,1.66,4,9000.0,75.0
VIDHIING, 22-Sep-2026,358.35,364.0,351.7,359.95,354.45,72419,259.94,2308,54315.0,75.0
VIDYAWIRES, 22-Sep-2026,85.97,86.5,84.34,84.77,85.45,526875,450.33,4787,315693.0,59.92
VIESL, 22-Sep-2026,382.05,382.05,373.0,374.8,373.0,11200,42.21,13,9600.0,85.71
VIGOR, 22-Sep-2026,104.0,105.95,101.0,101.2,102.05,16000,16.44,10,16000.0,100.0
VIJAYA, 22-Sep-2026,1548.3,1571.8,1505.9,1516.0,1556.1,147335,2270.95,19667,74209.0,50.37
VIJAYPD, 22-Sep-2026,66.0,66.0,63.2,65.0,63.0,12000,7.73,6,10000.0,83.33
VIJSOLX, 22-Sep-2026,664.4,664.5,621.2,638.0,634.95,330,2.12,44,252.0,76.36
VIKASECO, 22-Sep-2026,1.05,1.07,1.04,1.04,1.04,1737447,18.31,930,957976.0,55.14
VIKASLIFE, 22-Sep-2026,1.24,1.27,1.23,1.26,1.23,1613858,20.12,7485,1007666.0,62.44
VIKRAMSOLR, 22-Sep-2026,164.73,165.6,161.7,162.35,163.75,1586320,2582.9,11903,955405.0,60.23
VIKRAN, 22-Sep-2026,56.48,57.07,55.06,55.38,56.16,851048,476.25,5010,438643.0,51.54
VILAS, 22-Sep-2026,369.9,427.0,366.0,419.95,368.4,243250,975.76,660,139000.0,57.14
VILINBIO, 22-Sep-2026,55.1,55.1,55.0,55.0,55.1,12000,6.6,3,12000.0,100.0
VIMTALABS, 22-Sep-2026,622.6,626.5,607.1,610.15,616.05,154392,950.81,11593,65732.0,42.57
VINATIORGA, 22-Sep-2026,1226.5,1232.7,1199.5,1202.7,1222.1,89448,1080.64,14297,57119.0,63.86
VINCOFE, 22-Sep-2026,176.5,181.0,173.32,174.2,176.33,1555865,2751.52,19439,399577.0,25.68
VINDHYATEL, 22-Sep-2026,2881.0,2947.7,2822.0,2865.4,2853.2,100801,2915.42,14232,30961.0,30.71
VINEETLAB, 22-Sep-2026,36.23,36.23,34.3,34.81,35.54,63313,22.35,483,40006.0,63.19
VINNY, 22-Sep-2026,0.94,0.94,0.92,0.92,0.93,483748,4.5,205,467635.0,96.67
VINOD, 22-Sep-2026,76.65,76.65,76.65,76.65,80.65,2400,1.84,2,2400.0,100.0
VINSYS, 22-Sep-2026,588.0,590.0,580.9,582.9,589.7,6500,37.97,19,6500.0,100.0
VINYAS, 22-Sep-2026,1520.0,1597.45,1520.0,1589.0,1503.4,10100,158.52,82,8400.0,83.17
VINYLINDIA, 22-Sep-2026,219.0,222.72,219.0,220.2,216.69,3368,7.44,198,2449.0,72.71
VIPCLOTHNG, 22-Sep-2026,21.3,22.2,20.61,21.66,21.25,84807,18.32,300,67977.0,80.15
VIPIND, 22-Sep-2026,299.0,305.0,295.6,297.2,295.9,297936,897.91,7218,144530.0,48.51
VIRAT, 22-Sep-2026,376.0,384.8,355.3,376.55,371.95,3472,12.89,348,1744.0,50.23
VIRINCHI, 22-Sep-2026,14.27,14.27,13.85,14.0,13.98,26065,3.65,182,18876.0,72.42
VISACHROME, 22-Sep-2026,32.0,33.16,31.51,33.16,31.59,15870,5.24,63,15755.0,99.28
VISAKAIND, 22-Sep-2026,95.57,96.19,94.0,94.47,95.42,120212,114.26,1886,72374.0,60.21
VISAMAN, 22-Sep-2026,35.15,35.15,35.15,35.15,36.95,28000,9.84,25,26000.0,92.86
VISDEM, 22-Sep-2026,84.45,85.0,84.45,85.0,82.7,4800,4.07,4,4800.0,100.0
VISHAL, 22-Sep-2026,18.35,18.43,18.0,18.19,18.17,36313,6.58,234,25692.0,70.75
VISHNU, 22-Sep-2026,714.5,732.8,714.5,720.9,716.5,69771,504.68,4284,31970.0,45.82
VISHNUINFR, 22-Sep-2026,153.5,153.5,148.55,150.5,153.95,8500,12.74,15,5000.0,58.82
VISHWARAJ, 22-Sep-2026,5.35,5.39,5.28,5.32,5.27,204980,10.93,453,101091.0,49.32
VISHWAS, 22-Sep-2026,39.0,39.0,37.85,38.45,39.8,9600,3.71,6,8000.0,83.33
VISL, 22-Sep-2026,31.0,32.21,30.68,32.21,30.68,16918818,5388.41,20042,8768551.0,51.83
VITAL, 22-Sep-2026,56.9,56.9,53.0,53.02,54.9,510,0.28,15,502.0,98.43
VIVIANA, 22-Sep-2026,747.0,790.0,721.25,734.0,732.6,38813,293.75,3119,15587.0,40.16
VIVIDEL, 22-Sep-2026,1838.75,1859.95,1750.15,1763.5,1838.75,11520,207.56,44,8160.0,70.83
VIVIDHA, 22-Sep-2026,0.52,0.55,0.51,0.52,0.52,285268,1.51,185,222479.0,77.99
VIVOBIOT, 22-Sep-2026,16.58,16.98,16.22,16.71,16.21,7298,1.22,136,6378.0,87.39
VIYASH, 22-Sep-2026,252.0,262.65,250.25,251.5,251.65,4520764,11584.69,70841,2174750.0,48.11
VLEGOV, 22-Sep-2026,10.1,10.39,9.95,10.29,10.09,90978,9.31,451,71734.0,78.85
VLINFRA, 22-Sep-2026,25.65,25.65,25.45,25.45,25.65,7500,1.92,5,6000.0,80.0
VLSFINANCE, 22-Sep-2026,238.14,241.0,235.57,236.46,238.14,4007,9.55,128,3198.0,79.81
VMARCIND, 22-Sep-2026,318.85,336.9,318.85,331.7,322.1,220500,724.76,136,145500.0,65.99
VMART, 22-Sep-2026,815.0,815.0,792.1,795.6,808.8,51319,411.8,3158,24898.0,48.52
VMM, 22-Sep-2026,102.0,104.03,101.34,104.03,101.65,12806676,13157.34,32715,7670464.0,59.89
VMOBILE, 22-Sep-2026,57.2,57.2,57.2,57.2,57.2,1600,0.92,2,1600.0,100.0
VMSTMT, 22-Sep-2026,48.5,49.0,47.02,47.23,48.62,54927,26.31,476,37358.0,68.01
VOEPL, 22-Sep-2026,496.8,512.85,488.2,493.05,494.4,52839,264.98,3120,28053.0,53.09
VOGL, 22-Sep-2026,34.33,35.95,33.95,35.01,33.87,46962562,16400.33,89188,15145978.0,32.25
VOITHPAPR, 22-Sep-2026,1454.0,1470.0,1432.1,1440.0,1432.4,745,10.75,96,604.0,81.07
VOLERCAR, 22-Sep-2026,227.0,227.0,220.0,220.05,231.95,19200,42.48,21,11200.0,58.33
VOLTAMP, 22-Sep-2026,10802.0,11094.0,10665.0,10747.0,10802.0,14738,1606.22,6859,6144.0,41.69
VOLTAS, 22-Sep-2026,1143.0,1143.1,1100.0,1100.8,1142.1,1090998,12166.78,40415,539270.0,49.43
VPRPL, 22-Sep-2026,34.0,34.43,33.34,33.56,33.96,230707,77.7,1405,128086.0,55.52
VR, 22-Sep-2026,101.0,101.0,101.0,101.0,105.8,400,0.4,1,400.0,100.0
VRAJ, 22-Sep-2026,129.2,130.9,125.2,125.88,128.65,20043,25.82,698,11179.0,55.78
VRLLOG, 22-Sep-2026,291.2,297.0,290.7,291.75,292.25,99556,292.27,5922,44778.0,44.98
VSCL, 22-Sep-2026,20.25,20.25,20.25,20.25,20.75,3000,0.61,1,3000.0,100.0
VSSL, 22-Sep-2026,410.15,416.6,406.45,407.8,410.8,91342,375.39,3764,53554.0,58.63
VSTIND, 22-Sep-2026,206.5,208.01,204.2,205.69,206.76,94917,195.3,3044,57679.0,60.77
VSTL, 22-Sep-2026,113.9,115.45,113.0,114.19,114.48,5081,5.81,315,2370.0,46.64
VSTTILLERS, 22-Sep-2026,4312.2,4398.9,4238.0,4305.4,4290.7,13939,602.21,2707,6425.0,46.09
VTL, 22-Sep-2026,554.0,559.85,549.05,551.2,554.15,196638,1089.65,12947,87087.0,44.29
VTMLTD, 22-Sep-2026,46.2,47.0,45.1,45.4,46.26,74894,34.13,333,68616.0,91.62
WAAREEENER, 22-Sep-2026,2529.0,2547.0,2480.2,2494.8,2499.0,1148630,28876.4,48368,445451.0,38.78
WAAREEINDO, 22-Sep-2026,256.95,267.25,251.0,254.45,255.1,366936,958.51,3551,83120.0,22.65
WAAREERTL, 22-Sep-2026,818.0,841.4,811.6,816.95,813.9,173634,1434.79,14495,67943.0,39.13
WABAG, 22-Sep-2026,2105.0,2123.2,2063.1,2072.1,2099.5,230608,4811.45,19592,104138.0,45.16
WAKEFIT, 22-Sep-2026,147.41,151.64,142.6,146.86,146.66,567656,831.88,8180,239576.0,42.2
WALCHANNAG, 22-Sep-2026,201.98,205.0,197.5,199.05,201.18,371862,744.58,6334,212813.0,57.23
WALPAR, 22-Sep-2026,23.15,24.2,23.15,24.2,23.1,6000,1.41,3,4000.0,66.67
WANBURY, 22-Sep-2026,228.05,230.0,221.0,222.7,227.55,104097,234.52,2588,57903.0,55.62
WARDINMOBI, 22-Sep-2026,5.75,6.18,5.57,5.63,5.61,318418,18.02,749,213602.0,67.08
WATERBASE, 22-Sep-2026,44.99,45.89,44.99,45.52,44.99,24632,11.21,637,17167.0,69.69
WCIL, 22-Sep-2026,96.5,96.5,94.01,95.14,95.59,164399,157.25,1230,135765.0,82.58
WEALTH, 22-Sep-2026,824.45,844.5,824.0,836.4,822.55,1276,10.64,106,1159.0,90.83
WEBELSOLAR, 22-Sep-2026,72.0,73.78,71.35,71.8,72.03,1722203,1249.35,11622,880902.0,51.15
WEIZMANIND, 22-Sep-2026,73.0,73.01,71.02,72.8,71.76,1007,0.73,40,772.0,76.66
WEL, 22-Sep-2026,77.9,80.4,77.73,80.4,76.58,462050,367.96,2376,268766.0,58.17
WELCORP, 22-Sep-2026,2762.7,2829.0,2706.7,2731.5,2762.7,1437944,39748.9,104426,405317.0,28.19
WELENT, 22-Sep-2026,788.65,800.0,778.0,783.75,784.7,519523,4092.16,11707,305150.0,58.74
WELSPLSOL, 22-Sep-2026,55.8,56.25,53.0,53.06,55.74,912274,492.85,7651,450062.0,49.33
WELSPUNLIV, 22-Sep-2026,215.4,224.0,215.32,221.51,215.87,5107266,11261.01,46847,1891033.0,37.03
WENDT, 22-Sep-2026,8718.0,8945.0,8570.5,8627.0,8640.5,16023,1406.35,4359,5882.0,36.71
WESTLIFE, 22-Sep-2026,564.1,585.4,555.2,574.0,564.1,139627,800.39,10162,60131.0,43.07
WEWIN, 22-Sep-2026,42.4,43.02,41.5,43.0,42.4,3623,1.54,39,3417.0,94.31
WEWORK, 22-Sep-2026,670.05,680.85,668.3,671.15,672.35,31492,212.63,3208,14755.0,46.85
WHBRADY, 22-Sep-2026,484.0,485.0,458.3,464.4,472.55,445,2.08,138,432.0,97.08
WHEELS, 22-Sep-2026,2174.9,2255.9,2141.1,2174.0,2174.9,125029,2744.4,11231,37630.0,30.1
WHIRLPOOL, 22-Sep-2026,728.0,730.75,718.7,721.05,723.65,104472,756.12,7471,56154.0,53.75
WHITEFORCE, 22-Sep-2026,41.1,41.1,41.1,41.1,40.0,1600,0.66,1,1600.0,100.0
WILLAMAGOR, 22-Sep-2026,24.15,24.15,23.08,23.6,23.67,408,0.1,17,370.0,90.69
WINDLAS, 22-Sep-2026,1138.5,1148.0,1092.3,1102.3,1129.4,51621,576.24,5180,26966.0,52.24
WINDMACHIN, 22-Sep-2026,296.0,303.0,293.25,300.0,295.85,183702,550.74,1414,148669.0,80.93
WINSOL, 22-Sep-2026,110.9,110.9,110.9,110.9,111.9,400,0.44,1,400.0,100.0
WIPL, 22-Sep-2026,165.0,165.0,158.5,159.4,165.44,2901,4.69,86,2682.0,92.45
WIPRO, 22-Sep-2026,164.81,166.0,163.21,166.0,164.55,14726893,24215.75,80702,7779204.0,52.82
WOCKPHARMA, 22-Sep-2026,2205.9,2247.0,2176.8,2185.4,2187.3,1006397,22223.59,54417,330035.0,32.79
WOL3D, 22-Sep-2026,139.0,139.0,138.9,138.9,135.0,5000,6.95,5,5000.0,100.0
WOMANCART, 22-Sep-2026,105.0,105.0,101.15,104.35,105.2,13200,13.49,29,7200.0,54.55
WONDERLA, 22-Sep-2026,512.3,517.0,510.0,511.15,511.95,46738,239.07,3688,28566.0,61.12
WORTHPERI, 22-Sep-2026,145.41,149.96,145.1,148.82,148.33,4773,6.98,59,4356.0,91.26
WPIL, 22-Sep-2026,446.95,452.9,434.15,439.35,446.95,76916,339.37,5216,31867.0,41.43
WSI, 22-Sep-2026,57.4,58.99,56.0,58.32,57.32,11479,6.63,332,7918.0,68.98
WSTCSTPAPR, 22-Sep-2026,761.25,764.95,737.35,749.75,760.25,223516,1674.14,13950,119392.0,53.42
WTICAB, 22-Sep-2026,101.95,102.0,99.0,99.7,102.5,10000,10.03,18,7500.0,75.0
XCHANGING, 22-Sep-2026,61.95,61.95,60.1,60.32,61.31,67795,41.13,1128,49146.0,72.49
XELPMOC, 22-Sep-2026,75.4,75.7,71.1,73.32,73.88,21198,15.55,657,11400.0,53.78
XPROINDIA, 22-Sep-2026,1200.0,1212.4,1164.6,1201.0,1195.1,51808,613.88,4560,31180.0,60.18
XTGLOBAL, 22-Sep-2026,30.34,30.85,29.9,30.14,30.01,16700,5.07,241,10220.0,61.2
XTRANET, 22-Sep-2026,352.0,358.5,326.3,334.36,341.43,2041149,7052.19,26491,729239.0,35.73
YAAP, 22-Sep-2026,123.0,123.0,121.0,121.15,123.0,3000,3.65,3,2000.0,66.67
YASHO, 22-Sep-2026,3965.5,4011.9,3850.0,3959.4,3945.8,37966,1492.9,6889,19481.0,51.31
YASHOPTICS, 22-Sep-2026,131.05,132.9,130.0,130.0,131.05,5600,7.37,7,5600.0,100.0
YATHARTH, 22-Sep-2026,1125.3,1136.0,1102.4,1129.1,1125.3,578412,6489.72,28828,190246.0,32.89
YATRA, 22-Sep-2026,104.8,110.73,104.5,108.82,103.69,1814749,1968.75,16083,675273.0,37.21
YCCL, 22-Sep-2026,8.5,8.55,8.3,8.3,8.55,9000,0.76,3,9000.0,100.0
YESBANK, 22-Sep-2026,23.17,23.29,23.04,23.2,23.17,36775729,8514.53,91823,21554569.0,58.61
YOGI, 22-Sep-2026,163.9,163.9,155.01,161.0,162.0,401,0.63,32,366.0,91.27
YUDIZ, 22-Sep-2026,23.0,23.0,23.0,23.0,23.0,1600,0.37,2,1600.0,100.0
YUKEN, 22-Sep-2026,1138.45,1149.0,1071.7,1137.95,1125.8,32762,362.85,3774,17550.0,53.57
ZAGGLE, 22-Sep-2026,182.0,182.7,178.55,179.95,180.01,652387,1176.78,10002,329279.0,50.47
ZEAL, 22-Sep-2026,78.2,78.2,73.2,73.55,77.6,3000,2.26,4,2400.0,80.0
ZEEL, 22-Sep-2026,78.22,79.2,77.77,78.21,77.68,8389460,6579.1,33365,1769208.0,21.09
ZEELEARN, 22-Sep-2026,6.95,6.99,6.7,6.81,6.77,167275,11.41,464,134656.0,80.5
ZEEMEDIA, 22-Sep-2026,7.4,7.99,7.39,7.56,7.31,2865132,220.9,3712,1402234.0,48.94
ZENITHDRUG, 22-Sep-2026,42.35,42.35,40.0,41.35,42.0,23200,9.5,21,19200.0,82.76
ZENITHEXPO, 22-Sep-2026,197.0,198.97,197.0,197.62,197.0,280,0.55,7,280.0,100.0
ZENITHSTL, 22-Sep-2026,5.58,5.58,5.27,5.31,5.31,61929,3.3,263,53152.0,85.83
ZENSARTECH, 22-Sep-2026,432.55,439.3,431.7,432.6,436.4,578686,2509.39,16701,220758.0,38.15
ZENTEC, 22-Sep-2026,1696.5,1729.9,1666.0,1673.8,1687.2,252218,4267.74,21517,85382.0,33.85
ZFCVINDIA, 22-Sep-2026,2362.6,2385.9,2312.9,2362.2,2362.6,264362,6221.25,44914,154851.0,58.58
ZFSTEERING, 22-Sep-2026,695.0,703.95,686.1,689.7,693.65,1643,11.41,154,1132.0,68.9
ZIMLAB, 22-Sep-2026,131.25,134.96,130.5,133.8,133.65,56716,75.57,779,38659.0,68.16
ZODIAC, 22-Sep-2026,235.8,235.8,225.0,227.72,230.26,10456,24.16,759,6209.0,59.38
ZODIACLOTH, 22-Sep-2026,69.4,70.89,69.12,69.89,69.51,3940,2.75,60,3063.0,77.74
ZOTA, 22-Sep-2026,1317.0,1438.0,1295.0,1356.0,1287.8,1031885,14278.03,63900,214850.0,20.82
ZSARACOM, 22-Sep-2026,10282.0,10535.0,10282.0,10485.0,10282.0,9,0.94,7,8.0,88.89
ZTECH, 22-Sep-2026,397.0,434.0,393.25,429.5,397.0,40500,171.66,98,28200.0,69.63
ZUARI, 22-Sep-2026,222.84,226.76,222.21,225.72,222.84,57519,129.53,1661,25979.0,45.17
ZUARIIND, 22-Sep-2026,273.25,279.95,273.0,275.1,272.6,77212,213.39,2482,41337.0,53.54
ZYDUSLIFE, 22-Sep-2026,1161.0,1178.0,1160.0,1162.3,1161.0,1243696,14541.7,22915,698350.0,56.15
ZYDUSWELL, 22-Sep-2026,534.5,537.0,514.0,520.55,530.45,193863,1011.0,12808,50534.0,26.07
