SYMBOL,DATE1,OPEN_PRICE,HIGH_PRICE,LOW_PRICE,CLOSE_PRICE,PREV_CLOSE,TTL_TRD_QNTY,TURNOVER_LACS,NO_OF_TRADES,DELIV_QTY,DELIV_PER
1018GS2026, 25-Aug-2026,104.4,110.0,104.4,104.49,105.0,137,0.14,6,137.0,100.0
20MICRONS, 25-Aug-2026,215.2,215.9,208.0,210.65,213.26,149537,316.0,3811,79838.0,53.39
21STCENMGM, 25-Aug-2026,43.97,44.62,43.15,43.17,43.97,4222,1.84,44,2823.0,66.86
360ONE, 25-Aug-2026,1191.2,1210.0,1186.4,1210.0,1189.8,539607,6475.17,29688,305457.0,56.61
3BBLACKBIO, 25-Aug-2026,1261.5,1279.0,1230.1,1262.4,1261.6,11001,138.01,1367,6202.0,56.38
3MINDIA, 25-Aug-2026,33800.0,33990.0,33400.0,33695.0,33885.0,1288,433.09,776,536.0,41.61
3PLAND, 25-Aug-2026,32.2,32.2,31.53,31.99,31.73,2281,0.72,24,2066.0,90.57
574GS2026, 25-Aug-2026,100.91,100.91,100.91,100.91,101.45,4,0.0,1,4.0,100.0
591GS2028, 25-Aug-2026,99.51,99.51,99.51,99.51,99.5,300,0.3,2,300.0,100.0
5PAISA, 25-Aug-2026,374.8,383.0,369.2,380.65,374.8,30476,115.34,1762,16690.0,54.76
601GS2030, 25-Aug-2026,99.6,99.6,97.71,97.71,97.71,1050,1.03,5,1050.0,100.0
603GS2029, 25-Aug-2026,99.5,99.5,99.0,99.35,98.81,210,0.21,2,210.0,100.0
610GS2031, 25-Aug-2026,97.06,97.3,97.06,97.3,99.0,600,0.58,2,300.0,50.0
620GS2029, 25-Aug-2026,98.66,99.6,98.66,99.6,99.81,851,0.85,5,800.0,94.01
636GS2031, 25-Aug-2026,100.0,100.0,100.0,100.0,101.99,250,0.25,1,250.0,100.0
63MOONS, 25-Aug-2026,799.55,822.0,780.0,782.75,800.25,227133,1814.34,8634,81809.0,36.02
645GS2029, 25-Aug-2026,101.46,101.46,101.46,101.46,101.64,1,0.0,1,1.0,100.0
648GS2035, 25-Aug-2026,99.5,99.5,99.05,99.05,99.9,1291,1.28,3,1291.0,100.0
667GS2050, 25-Aug-2026,92.4,92.4,92.0,92.0,92.95,401,0.37,3,401.0,100.0
668GS2033, 25-Aug-2026,99.05,100.0,99.05,100.0,100.0,200,0.2,2,200.0,100.0
668GS2040, 25-Aug-2026,98.1,98.1,98.1,98.1,99.45,45200,44.34,5,45200.0,100.0
676GS2061, 25-Aug-2026,91.8,91.8,91.0,91.19,91.39,57198,52.08,118,57118.0,99.86
68GS2060, 25-Aug-2026,93.2,93.2,92.81,92.81,92.25,933,0.87,4,933.0,100.0
690GS2065, 25-Aug-2026,94.6,94.6,94.1,94.52,93.85,6037,5.71,5,6037.0,100.0
694GS2036, 25-Aug-2026,102.0,102.0,102.0,102.0,101.5,100,0.1,1,100.0,100.0
695GS2061, 25-Aug-2026,93.5,94.47,93.5,93.5,94.3,106,0.1,3,101.0,95.28
699GS2051, 25-Aug-2026,95.55,95.55,95.55,95.55,96.5,100,0.1,1,100.0,100.0
702GS2027, 25-Aug-2026,102.55,102.55,101.75,101.75,101.75,13,0.01,4,13.0,100.0
702GS2031, 25-Aug-2026,102.15,102.15,102.15,102.15,102.0,10300,10.52,3,10300.0,100.0
706GS2041, 25-Aug-2026,102.0,102.0,100.25,100.25,102.25,5100,5.2,3,5100.0,100.0
709GS2054, 25-Aug-2026,96.99,96.99,96.5,96.5,96.99,14207,13.72,14,14207.0,100.0
709GS2074, 25-Aug-2026,96.5,96.5,96.2,96.3,96.39,3010,2.9,3,3010.0,100.0
710GS2029, 25-Aug-2026,103.45,103.95,103.45,103.5,104.0,36289,37.56,6,36289.0,100.0
717GS2030, 25-Aug-2026,103.46,105.0,103.46,104.96,104.5,8202,8.49,5,8201.0,99.99
718GS2037, 25-Aug-2026,102.5,103.0,102.41,102.41,103.0,21598,22.18,12,18728.0,86.71
71GS2034, 25-Aug-2026,102.81,103.02,102.81,103.02,104.98,2,0.0,2,1.0,50.0
723GS2039, 25-Aug-2026,104.4,104.4,104.4,104.4,104.4,400,0.42,3,400.0,100.0
724GS2055, 25-Aug-2026,98.0,98.35,97.73,98.0,98.05,288948,282.9,496,286443.0,99.13
725GS2063, 25-Aug-2026,98.6,98.6,97.9,97.98,98.21,123671,121.25,110,109409.0,88.47
726GS2032, 25-Aug-2026,104.5,104.5,104.5,104.5,106.0,300,0.31,3,300.0,100.0
732GS2030, 25-Aug-2026,104.0,104.0,104.0,104.0,103.99,137,0.14,1,137.0,100.0
733GS2026, 25-Aug-2026,102.0,102.0,101.9,101.9,102.0,507,0.52,5,507.0,100.0
734GS2064, 25-Aug-2026,99.8,100.3,99.8,99.94,99.96,68328,68.29,61,67328.0,98.54
736GS2052, 25-Aug-2026,103.0,103.0,102.75,102.75,103.0,2090,2.15,4,2090.0,100.0
737GS2028, 25-Aug-2026,104.25,104.25,104.25,104.25,104.25,400,0.42,1,400.0,100.0
738GS2027, 25-Aug-2026,102.58,102.6,102.38,102.5,102.56,10461,10.72,12,7638.0,73.01
73GS2053, 25-Aug-2026,99.1,99.79,99.1,99.51,100.0,19668,19.57,13,18801.0,95.59
740IIFCL33, 25-Aug-2026,1151.0,1151.0,1151.0,1151.0,1148.09,199,2.29,1,199.0,100.0
741GS2036, 25-Aug-2026,106.0,106.0,105.5,106.0,106.0,350,0.37,4,150.0,42.86
743GS2076, 25-Aug-2026,100.4,100.49,99.98,100.0,100.5,877322,877.51,613,875740.0,99.82
746GS2073, 25-Aug-2026,101.0,101.9,100.81,101.49,101.5,3102,3.13,19,3102.0,100.0
74GS2062, 25-Aug-2026,99.45,103.99,99.45,103.99,102.0,129,0.13,6,119.0,92.25
750GS2056, 25-Aug-2026,101.28,101.28,101.27,101.27,102.3,300,0.3,4,300.0,100.0
754GS2036, 25-Aug-2026,106.81,107.0,106.7,106.87,106.77,561708,599.84,102,561458.0,99.96
771GS2066, 25-Aug-2026,104.55,105.4,104.55,105.11,105.39,4696,4.93,20,4696.0,100.0
772GS2055, 25-Aug-2026,103.4,103.4,103.4,103.4,106.0,40,0.04,1,40.0,100.0
813GS2045, 25-Aug-2026,113.99,113.99,113.99,113.99,113.99,24,0.03,1,24.0,100.0
824GS2027, 25-Aug-2026,103.2,103.2,103.2,103.2,103.0,49,0.05,2,49.0,100.0
828GS2027, 25-Aug-2026,166.9,166.9,166.9,166.9,158.99,1,0.0,1,1.0,100.0
897GS2030, 25-Aug-2026,112.5,112.55,111.75,111.75,112.53,2750,3.09,9,2750.0,100.0
92GS2030, 25-Aug-2026,115.0,115.05,114.0,114.52,115.0,8666,9.96,12,8666.0,100.0
A2ZINFRA, 25-Aug-2026,16.07,16.38,15.85,15.97,16.07,368912,59.36,392,309500.0,83.9
AAATECH, 25-Aug-2026,95.0,95.98,91.1,92.04,95.0,11730,10.9,307,8266.0,70.47
AADHARHFC, 25-Aug-2026,466.45,477.85,465.0,475.0,466.45,541218,2567.72,22781,272992.0,50.44
AAKAAR, 25-Aug-2026,64.9,65.1,63.0,63.0,62.0,30400,19.47,12,27200.0,89.47
AAKASH, 25-Aug-2026,8.85,8.96,8.66,8.8,8.77,93840,8.27,239,67021.0,71.42
AARADHYA, 25-Aug-2026,64.6,68.15,64.2,66.25,69.95,4800,3.18,3,3600.0,75.0
AAREYDRUGS, 25-Aug-2026,78.11,78.83,74.6,76.91,78.1,111186,85.58,678,76559.0,68.86
AARON, 25-Aug-2026,139.0,139.38,137.61,138.98,137.18,6874,9.52,195,4895.0,71.21
AARTIDRUGS, 25-Aug-2026,423.0,426.45,415.8,422.2,421.05,119365,502.64,3954,59188.0,49.59
AARTIIND, 25-Aug-2026,543.15,551.75,534.2,538.9,543.15,1301000,7053.87,31823,481633.0,37.02
AARTIPHARM, 25-Aug-2026,844.0,851.2,826.6,834.95,843.15,387475,3254.44,15325,178667.0,46.11
AARVI, 25-Aug-2026,152.71,153.54,147.55,150.76,152.71,31722,47.96,620,21505.0,67.79
AASTHA, 25-Aug-2026,73.02,75.0,73.0,73.05,73.01,312284,230.11,1834,165899.0,53.12
AAVAS, 25-Aug-2026,1329.8,1334.9,1310.1,1313.2,1336.3,92050,1214.03,10420,54954.0,59.7
ABANSENT, 25-Aug-2026,27.55,27.9,26.8,27.62,27.55,1769,0.49,178,1578.0,89.2
ABB, 25-Aug-2026,7510.0,7627.0,7435.0,7627.0,7504.0,178245,13435.49,22185,67601.0,37.93
ABBOTINDIA, 25-Aug-2026,26550.0,26560.0,26180.0,26415.0,26420.0,10984,2899.79,3207,8424.0,76.69
ABCAPITAL, 25-Aug-2026,412.2,414.5,405.3,410.85,412.9,3953527,16150.54,24004,2742368.0,69.37
ABCOTS, 25-Aug-2026,212.0,212.0,200.1,204.6,208.43,6782,13.93,326,3962.0,58.42
ABDL, 25-Aug-2026,615.0,643.9,613.4,633.45,610.35,1119810,7078.72,36606,330569.0,29.52
ABFRL, 25-Aug-2026,54.34,54.64,53.55,54.48,53.95,2967447,1603.59,12338,1484562.0,50.03
ABGSEC, 25-Aug-2026,114.87,114.87,114.1,114.48,115.1,141,0.16,4,100.0,70.92
ABHAPOWER, 25-Aug-2026,24.0,24.0,24.0,24.0,24.6,1600,0.38,1,1600.0,100.0
ABLBL, 25-Aug-2026,85.15,86.0,84.95,85.44,85.13,358997,306.09,5289,206100.0,57.41
ABMKNO, 25-Aug-2026,188.0,197.0,183.0,192.24,188.15,1014,1.95,24,1004.0,99.01
ABREL, 25-Aug-2026,1425.0,1434.4,1401.1,1408.0,1429.8,118346,1673.75,10092,53814.0,45.47
ABSL10BANK, 25-Aug-2026,169.52,170.8,169.0,169.79,169.01,409,0.69,21,262.0,64.06
ABSLAMC, 25-Aug-2026,992.6,1007.0,992.6,1001.8,998.7,121089,1210.88,16297,67058.0,55.38
ABSLBANETF, 25-Aug-2026,58.92,59.18,58.63,58.92,58.63,203155,119.51,238,198657.0,97.79
ABSLLIQUID, 25-Aug-2026,1000.0,1000.01,999.99,1000.0,1000.0,1977,19.77,35,1802.0,91.15
ABSLMSCIN, 25-Aug-2026,29.84,29.84,29.65,29.8,29.7,4,0.0,3,4.0,100.0
ABSLNN50ET, 25-Aug-2026,77.99,78.69,77.72,78.69,77.88,12099,9.42,140,7815.0,64.59
ABSLPSE, 25-Aug-2026,10.16,10.29,10.12,10.15,10.16,106143,10.77,334,91765.0,86.45
ABSMARINE, 25-Aug-2026,271.9,272.8,270.95,272.8,259.85,101000,275.44,135,97500.0,96.53
ACC, 25-Aug-2026,1301.1,1310.0,1291.0,1305.9,1300.9,73952,959.63,6346,32368.0,43.77
ACCELYA, 25-Aug-2026,1137.1,1142.7,1130.0,1134.8,1137.1,2637,29.9,444,1727.0,65.49
ACCENTMIC, 25-Aug-2026,590.05,595.95,587.25,592.0,590.05,28500,168.62,49,20500.0,71.93
ACCPL, 25-Aug-2026,193.05,196.0,191.0,192.0,200.0,32400,62.56,13,32400.0,100.0
ACE, 25-Aug-2026,1172.6,1179.0,1150.1,1154.8,1167.2,166212,1925.72,11746,69534.0,41.83
ACEINTEG, 25-Aug-2026,17.81,18.63,16.98,17.21,17.81,11753,2.02,150,6463.0,54.99
ACETEC, 25-Aug-2026,129.0,129.0,129.0,129.0,127.05,38400,49.54,1,38400.0,100.0
ACGL, 25-Aug-2026,1799.9,1828.8,1789.9,1794.4,1793.8,102,1.83,45,84.0,82.35
ACI, 25-Aug-2026,517.0,518.0,484.05,499.25,515.95,948451,4715.99,44274,401559.0,42.34
ACL, 25-Aug-2026,44.6,46.0,44.0,44.3,44.81,20682,9.24,213,17002.0,82.21
ACMESOLAR, 25-Aug-2026,404.0,405.85,389.8,399.3,409.15,1881116,7489.56,41485,738059.0,39.24
ACSTECH, 25-Aug-2026,52.49,52.49,50.5,50.96,51.39,283434,145.15,1435,211552.0,74.64
ACUTAAS, 25-Aug-2026,3189.9,3325.0,3138.0,3313.4,3173.0,409528,13284.36,33836,202967.0,49.56
ADANIENSOL, 25-Aug-2026,1554.9,1594.5,1532.0,1594.5,1555.1,2043772,31925.05,43009,1005987.0,49.22
ADANIENT, 25-Aug-2026,2998.0,3110.0,2962.5,3110.0,2998.6,2025912,61567.02,80743,815499.0,40.25
ADANIGREEN, 25-Aug-2026,1294.8,1330.0,1294.8,1330.0,1308.0,2436191,32149.03,45190,1334340.0,54.77
ADANIPORTS, 25-Aug-2026,1674.0,1702.7,1671.0,1702.7,1672.1,1300541,21911.54,40873,614326.0,47.24
ADANIPOWER, 25-Aug-2026,203.06,206.8,201.43,206.33,203.7,14258939,29159.35,73076,5888204.0,41.29
ADDICTIVE, 25-Aug-2026,51.3,51.3,46.5,46.6,48.9,13000,6.36,25,10000.0,76.92
ADDIND, 25-Aug-2026,93.99,93.99,82.5,86.89,86.36,1138,0.99,30,1110.0,97.54
ADFFOODS, 25-Aug-2026,272.6,283.25,268.2,276.7,272.6,161203,446.07,5774,54171.0,33.6
ADISOFT, 25-Aug-2026,195.8,202.4,195.8,199.4,195.85,32800,65.45,39,25600.0,78.05
ADL, 25-Aug-2026,76.99,76.99,73.65,75.9,75.06,757,0.57,33,624.0,82.43
ADOR, 25-Aug-2026,1625.0,1625.0,1556.1,1580.4,1625.4,29717,470.18,3450,15206.0,51.17
ADROITINFO, 25-Aug-2026,10.79,10.79,10.01,10.1,10.33,10061,1.04,147,8795.0,87.42
ADSL, 25-Aug-2026,107.35,108.9,106.0,108.51,107.56,63019,68.05,1519,27932.0,44.32
ADVAIT, 25-Aug-2026,2085.7,2085.7,2053.0,2061.6,2069.1,18526,382.41,2960,9737.0,52.56
ADVANCE, 25-Aug-2026,117.21,120.5,117.21,119.19,118.0,127445,151.98,1715,52268.0,41.01
ADVANIHOTR, 25-Aug-2026,50.43,50.8,50.0,50.34,50.18,15503,7.8,272,10709.0,69.08
ADVENTHTL, 25-Aug-2026,131.97,145.0,131.1,141.83,131.0,1730034,2448.22,13816,223293.0,12.91
ADVENZYMES, 25-Aug-2026,302.35,304.9,296.1,299.75,302.35,215361,649.93,3915,115932.0,53.83
ADVIKCA, 25-Aug-2026,1.21,1.23,1.16,1.2,1.19,261735,3.14,310,200441.0,76.58
AEGISLOG, 25-Aug-2026,1356.1,1361.2,1311.1,1321.6,1341.5,571623,7638.36,34432,230118.0,40.26
AEGISVOPAK, 25-Aug-2026,273.0,273.05,266.1,267.7,270.3,352115,945.9,6526,149595.0,42.48
AEPL, 25-Aug-2026,14.41,14.83,14.22,14.41,14.48,10551,1.52,111,9557.0,90.58
AEQUS, 25-Aug-2026,257.0,258.38,248.3,255.2,256.07,1873451,4729.83,31870,785465.0,41.93
AEROENTER, 25-Aug-2026,140.0,142.0,136.08,140.74,139.23,675104,941.23,5100,392204.0,58.1
AEROFLEX, 25-Aug-2026,503.0,511.0,489.05,495.75,504.25,949113,4720.35,23522,377254.0,39.75
AERON, 25-Aug-2026,72.85,72.85,72.65,72.65,71.0,2000,1.46,2,2000.0,100.0
AERONEU, 25-Aug-2026,82.92,87.0,81.2,84.64,81.16,4728,3.94,209,3341.0,70.66
AEROPLANE, 25-Aug-2026,173.06,182.4,173.06,180.39,175.66,691459,1234.64,4680,351667.0,50.86
AETHER, 25-Aug-2026,1666.8,1673.0,1622.2,1633.9,1667.8,220552,3616.13,19560,138818.0,62.94
AFCONS, 25-Aug-2026,287.0,290.9,281.45,285.7,278.65,3986090,11392.94,52923,601381.0,15.09
AFFLE, 25-Aug-2026,1735.1,1735.1,1683.4,1710.8,1740.0,133100,2267.47,13274,53532.0,40.22
AFIL, 25-Aug-2026,10.23,10.23,9.7,9.8,10.05,879536,86.7,1332,686398.0,78.04
AFSL, 25-Aug-2026,201.96,202.66,201.0,201.0,201.01,6605,13.29,91,4319.0,65.39
AGARIND, 25-Aug-2026,485.8,487.75,465.5,471.8,485.8,65961,312.4,2734,29038.0,44.02
AGARWALEYE, 25-Aug-2026,497.8,502.95,493.0,500.4,497.8,113399,565.92,5095,53067.0,46.8
AGARWALFT, 25-Aug-2026,35.0,35.0,35.0,35.0,36.8,1500,0.53,1,1500.0,100.0
AGARWALTUF, 25-Aug-2026,140.35,141.5,140.35,140.5,141.5,12000,16.9,10,10800.0,90.0
AGI, 25-Aug-2026,742.0,757.0,725.3,730.85,741.65,203476,1500.31,9115,91549.0,44.99
AGIIL, 25-Aug-2026,291.0,291.2,280.8,283.0,288.3,396981,1132.79,6769,170966.0,43.07
AGL, 25-Aug-2026,13.92,14.5,13.8,14.07,13.86,5444136,771.12,10015,2247308.0,41.28
AGNI, 25-Aug-2026,15.0,15.0,15.0,15.0,14.7,2500,0.38,1,2500.0,100.0
AGRITECH, 25-Aug-2026,102.51,102.51,101.0,101.16,102.05,759,0.77,38,684.0,90.12
AGROPHOS, 25-Aug-2026,27.34,27.7,25.7,26.49,26.18,34120,9.21,403,13983.0,40.98
AGUL, 25-Aug-2026,51.0,51.0,51.0,51.0,53.65,4000,2.04,2,2000.0,50.0
AHCL, 25-Aug-2026,15.45,15.45,14.97,15.05,15.43,1384779,209.71,2526,813499.0,58.75
AHLADA, 25-Aug-2026,37.64,38.16,36.8,37.0,37.64,13327,4.95,137,10748.0,80.65
AHLEAST, 25-Aug-2026,142.0,142.0,140.22,140.22,143.22,32,0.04,9,19.0,59.38
AHLUCONT, 25-Aug-2026,649.6,665.0,643.5,651.75,649.6,121256,792.08,7153,52359.0,43.18
AIAENG, 25-Aug-2026,4276.9,4318.9,4245.0,4267.4,4276.3,24623,1050.38,8042,12926.0,52.5
AIIL, 25-Aug-2026,554.95,573.3,554.95,566.65,554.9,279835,1581.33,13645,80447.0,28.75
AIMTRON, 25-Aug-2026,1702.0,1702.0,1655.0,1669.55,1681.45,26600,443.56,109,17800.0,66.92
AIRAN, 25-Aug-2026,14.9,15.15,14.9,15.0,15.17,31105,4.67,178,26813.0,86.2
AIROLAM, 25-Aug-2026,88.99,89.0,88.95,88.95,88.99,1515,1.35,13,1515.0,100.0
AISL, 25-Aug-2026,53.3,57.95,53.3,57.95,56.0,1800,0.99,3,1200.0,66.67
AJANTPHARM, 25-Aug-2026,3580.0,3580.0,3500.7,3554.9,3579.9,116770,4124.66,20276,69028.0,59.11
AJAXENGG, 25-Aug-2026,576.8,576.8,565.0,570.6,576.85,64413,365.48,5949,44176.0,68.58
AJMERA, 25-Aug-2026,117.0,119.88,116.7,117.44,118.6,184520,217.38,2001,83235.0,45.11
AJOONI, 25-Aug-2026,3.75,3.81,3.6,3.62,3.75,554802,20.42,698,462217.0,83.31
AKANKSHA, 25-Aug-2026,127.4,133.75,127.4,133.75,127.4,57000,75.91,39,50000.0,87.72
AKASH, 25-Aug-2026,25.89,25.89,24.38,24.77,24.8,4314,1.06,65,3410.0,79.04
AKCAPIT, 25-Aug-2026,1780.0,1780.0,1743.8,1752.8,1758.5,284,4.99,62,203.0,71.48
AKG, 25-Aug-2026,8.92,9.25,8.86,8.99,8.92,44934,4.03,80,38432.0,85.53
AKI, 25-Aug-2026,4.24,4.28,4.06,4.17,4.15,569416,23.96,655,278071.0,48.83
AKIKO, 25-Aug-2026,408.0,411.0,406.0,410.75,407.35,10400,42.52,13,7200.0,69.23
AKSHAR, 25-Aug-2026,0.41,0.42,0.41,0.41,0.41,605009,2.49,194,482827.0,79.8
AKUMS, 25-Aug-2026,776.5,783.0,744.0,745.05,770.35,245722,1859.45,14621,127362.0,51.83
ALANKIT, 25-Aug-2026,8.11,8.2,8.01,8.1,8.11,83755,6.78,394,59612.0,71.17
ALBERTDAVD, 25-Aug-2026,895.0,895.0,860.0,867.95,888.7,10291,90.26,947,7210.0,70.06
ALCODIS, 25-Aug-2026,68.0,68.0,68.0,68.0,65.25,625,0.43,1,625.0,100.0
ALEMBICLTD, 25-Aug-2026,92.37,97.0,91.16,94.66,91.64,1990793,1896.39,15069,752344.0,37.79
ALFREDHE, 25-Aug-2026,2985.0,3000.0,2985.0,2985.0,2985.0,24,0.72,7,24.0,100.0
ALGOQUANT, 25-Aug-2026,66.37,67.57,65.9,67.13,66.04,1229668,816.03,2788,439082.0,35.71
ALICON, 25-Aug-2026,727.0,727.25,690.0,697.8,726.5,57256,403.99,2945,37361.0,65.25
ALIVUS, 25-Aug-2026,1369.0,1370.0,1335.2,1348.4,1366.1,33422,451.0,5744,15497.0,46.37
ALKEM, 25-Aug-2026,5378.0,5378.0,5297.0,5368.0,5350.0,48065,2556.87,9247,26325.0,54.77
ALKYLAMINE, 25-Aug-2026,2055.0,2100.5,2022.1,2061.5,2083.8,101592,2092.68,13613,33337.0,32.81
ALLCARGO, 25-Aug-2026,13.32,13.32,12.0,12.26,13.33,47066996,5942.56,49698,13085177.0,27.8
ALLDIGI, 25-Aug-2026,818.9,818.9,806.1,814.85,814.85,3045,24.77,319,2228.0,73.17
ALLETEC, 25-Aug-2026,120.0,120.9,117.5,118.6,121.5,34000,40.4,74,33200.0,97.65
ALLTIME, 25-Aug-2026,201.29,209.84,197.13,204.62,201.29,152131,306.46,3548,90003.0,59.16
ALMONDZ, 25-Aug-2026,14.2,15.5,14.2,15.25,14.2,701633,106.68,1192,434819.0,61.97
ALOKINDS, 25-Aug-2026,11.43,11.64,11.23,11.29,11.48,4447573,505.75,7996,2666326.0,59.95
ALPA, 25-Aug-2026,63.6,63.6,61.5,62.09,61.66,4708,2.92,113,1934.0,41.08
ALPEXSOLAR, 25-Aug-2026,864.85,865.0,845.15,853.2,858.45,35900,306.33,247,27300.0,76.04
ALPHA, 25-Aug-2026,54.39,54.68,54.03,54.61,54.35,553469,300.93,2129,332180.0,60.02
ALPHAETF, 25-Aug-2026,26.96,27.2,26.87,27.17,26.85,492963,133.39,876,377505.0,76.58
ALPINETEX, 25-Aug-2026,56.94,57.29,55.55,55.84,57.33,135275,75.75,2022,85686.0,63.34
ALPL30IETF, 25-Aug-2026,28.07,28.15,27.98,28.1,28.04,255723,71.75,823,130652.0,51.09
ALUFLUOR, 25-Aug-2026,457.9,458.6,451.0,452.0,458.6,4291,19.49,169,3664.0,85.39
ALUWIND, 25-Aug-2026,50.1,50.2,48.15,50.2,50.15,27000,13.46,10,24000.0,88.89
AMAGI, 25-Aug-2026,585.8,590.9,549.9,581.35,585.8,255641,1489.78,9388,92477.0,36.17
AMAL, 25-Aug-2026,761.1,789.7,750.05,754.5,761.0,6381,48.93,413,3936.0,61.68
AMARJOTHI, 25-Aug-2026,158.61,165.0,157.0,160.05,161.37,1788,2.88,54,1343.0,75.11
AMBAAUTO, 25-Aug-2026,113.3,115.5,110.0,110.0,113.15,13000,14.61,12,5000.0,38.46
AMBER, 25-Aug-2026,7307.5,7445.0,7307.5,7432.0,7378.0,170338,12600.66,18962,68819.0,40.4
AMBICAAGAR, 25-Aug-2026,24.75,25.6,24.43,25.42,24.86,8821,2.21,63,7881.0,89.34
AMBIKCO, 25-Aug-2026,1666.8,1677.6,1604.5,1629.7,1662.2,15414,251.87,1638,8756.0,56.81
AMBUJACEM, 25-Aug-2026,408.0,413.1,405.0,413.1,408.75,1476314,6018.37,24624,481741.0,32.63
AMCL, 25-Aug-2026,387.0,387.0,354.0,354.6,362.0,39600,140.93,38,38000.0,95.96
AMDIND, 25-Aug-2026,52.49,54.7,52.49,53.47,53.56,5689,3.04,143,4241.0,74.55
AMEYA, 25-Aug-2026,109.15,109.2,107.15,107.15,104.05,4000,4.35,3,3000.0,75.0
AMJLAND, 25-Aug-2026,38.99,39.25,38.01,38.32,38.56,15242,5.89,184,11961.0,78.47
AMNPLST, 25-Aug-2026,187.01,192.0,185.35,187.73,188.91,3079,5.78,142,1999.0,64.92
AMRUTANJAN, 25-Aug-2026,524.9,536.05,520.1,523.2,522.1,128011,676.19,4083,77730.0,60.72
ANANDRATHI, 25-Aug-2026,2170.0,2173.0,2151.3,2164.4,2167.9,138326,2989.32,14239,74140.0,53.6
ANANTAM, 25-Aug-2026,106.49,106.49,104.8,104.99,105.69,70745,74.29,219,62107.0,87.79
ANANTRAJ, 25-Aug-2026,614.0,616.4,609.0,613.15,614.6,821262,5035.81,18097,334314.0,40.71
ANAWIL, 25-Aug-2026,450.0,462.9,436.1,445.1,447.1,190800,851.7,414,113200.0,59.33
ANDHRAPAP, 25-Aug-2026,60.99,61.49,59.33,59.66,60.8,157602,95.02,1462,87877.0,55.76
ANDHRSUGAR, 25-Aug-2026,99.86,100.39,97.5,97.74,99.28,489160,482.0,5052,220833.0,45.15
ANDREWYU, 25-Aug-2026,26.11,26.9,26.11,26.76,26.44,63676,16.98,278,56667.0,88.99
ANGELONE, 25-Aug-2026,286.8,301.55,284.0,300.9,286.0,10825633,31968.91,71760,4133081.0,38.18
ANIKINDS, 25-Aug-2026,46.2,48.49,46.0,46.53,45.96,42656,20.02,324,34535.0,80.96
ANLON, 25-Aug-2026,665.0,665.0,664.0,664.0,665.0,2000,13.29,5,2000.0,100.0
ANMOL, 25-Aug-2026,10.04,10.15,9.86,10.09,9.93,61511,6.14,172,50117.0,81.48
ANNAPURNA, 25-Aug-2026,152.0,158.0,146.55,148.65,148.0,95753,144.04,878,61140.0,63.85
ANONDITA, 25-Aug-2026,1069.0,1100.0,1057.05,1064.7,1062.35,52000,560.52,211,34000.0,65.38
ANSALBU, 25-Aug-2026,74.97,75.0,74.0,74.0,74.98,5001,3.75,15,5001.0,100.0
ANTELOPUS, 25-Aug-2026,793.55,798.4,780.35,786.6,798.65,63120,497.18,3484,40307.0,63.86
ANTGRAPHIC, 25-Aug-2026,0.75,0.75,0.73,0.73,0.73,121406,0.9,156,88858.0,73.19
ANTHEM, 25-Aug-2026,888.95,895.0,871.0,874.7,883.35,317840,2791.04,25368,215987.0,67.95
ANUHPHR, 25-Aug-2026,79.29,79.29,77.01,77.27,78.83,20147,15.67,505,14165.0,70.31
ANUP, 25-Aug-2026,1794.1,1810.0,1769.1,1772.4,1789.6,17269,307.86,2858,8505.0,49.25
ANURAS, 25-Aug-2026,1265.7,1266.3,1251.3,1264.6,1255.5,223832,2820.19,4411,181180.0,80.94
ANYA, 25-Aug-2026,14.5,15.5,14.15,14.7,14.7,50000,7.32,8,45000.0,90.0
AONEGOLD, 25-Aug-2026,15.25,15.25,14.89,14.99,15.02,745441,111.72,1716,365728.0,49.06
AONELIQUID, 25-Aug-2026,1074.2,1074.2,1074.18,1074.18,1073.9,20114,216.06,126,18133.0,90.15
AONENIFTY, 25-Aug-2026,10.23,10.23,9.91,10.02,9.99,173078,17.31,1016,150801.0,87.13
AONESILVER, 25-Aug-2026,9.23,9.23,9.02,9.14,9.25,391206,35.84,1066,322148.0,82.35
AONETMMQ50, 25-Aug-2026,10.18,10.56,10.18,10.44,10.39,39259,4.07,248,28381.0,72.29
AONETOTAL, 25-Aug-2026,11.99,12.08,11.75,12.02,11.99,109890,13.18,1298,53864.0,49.02
APARINDS, 25-Aug-2026,16705.0,17170.0,16705.0,17001.0,16705.0,145435,24709.88,35239,67536.0,46.44
APCL, 25-Aug-2026,104.6,104.6,101.5,101.64,101.47,2080,2.12,89,1276.0,61.35
APCOTEXIND, 25-Aug-2026,626.0,626.0,613.4,617.25,618.8,58055,358.48,3412,33151.0,57.1
APEX, 25-Aug-2026,397.0,397.75,387.0,389.1,395.85,155392,604.3,4426,57524.0,37.02
APEXECO, 25-Aug-2026,260.0,260.0,250.1,255.0,251.75,10400,26.47,11,8000.0,76.92
APLAPOLLO, 25-Aug-2026,2145.0,2151.8,2124.0,2139.3,2145.0,612263,13079.44,50265,344315.0,56.24
APLLTD, 25-Aug-2026,816.9,820.0,801.05,803.1,816.9,37809,304.93,3268,19636.0,51.93
APOLLO, 25-Aug-2026,386.2,390.35,381.5,389.65,385.15,5272746,20399.17,36332,1108481.0,21.02
APOLLOHOSP, 25-Aug-2026,8663.0,8889.0,8640.0,8889.0,8702.0,256819,22450.94,25838,142249.0,55.39
APOLLOPIPE, 25-Aug-2026,609.25,668.8,605.1,663.75,609.25,2312376,15140.31,56794,378153.0,16.35
APOLLOTYRE, 25-Aug-2026,447.0,447.15,440.0,441.4,445.85,473677,2092.07,13092,188658.0,39.83
APOLSINHOT, 25-Aug-2026,1201.4,1216.3,1189.2,1210.2,1201.4,868,10.44,124,548.0,63.13
APRAMEYA, 25-Aug-2026,134.85,135.0,128.0,130.0,131.75,8500,11.12,15,7500.0,88.24
APS, 25-Aug-2026,266.35,273.85,261.0,263.25,273.55,17500,46.45,62,12000.0,68.57
APSISAERO, 25-Aug-2026,524.3,524.5,524.3,524.3,535.0,10800,56.63,9,10800.0,100.0
APTUS, 25-Aug-2026,254.0,258.7,250.75,254.4,254.35,5103135,12998.07,30375,2965260.0,58.11
AQYLON, 25-Aug-2026,26.0,26.5,25.2,25.2,26.52,2759505,697.52,1884,2321017.0,84.11
ARABIAN, 25-Aug-2026,81.0,82.0,75.05,82.0,83.0,10000,8.04,5,6000.0,60.0
ARCHIDPLY, 25-Aug-2026,116.5,124.78,112.5,114.33,111.51,517060,617.09,5604,192722.0,37.27
ARCHIES, 25-Aug-2026,13.74,13.74,13.05,13.4,13.45,17275,2.34,80,12742.0,73.76
ARCL, 25-Aug-2026,229.0,229.0,222.3,225.95,233.99,358,0.81,31,346.0,96.65
ARDEE, 25-Aug-2026,59.8,61.85,56.0,56.99,59.43,12659023,7448.19,44453,3268520.0,25.82
ARE&M, 25-Aug-2026,922.8,927.95,918.0,920.85,922.8,244774,2254.32,21482,128151.0,52.35
ARENTERP, 25-Aug-2026,36.6,38.0,36.03,36.48,36.56,1764,0.66,21,1155.0,65.48
ARFIN, 25-Aug-2026,83.98,84.95,83.61,84.52,83.95,871564,734.23,2247,25360.0,2.91
ARHAM, 25-Aug-2026,204.9,215.95,204.9,213.7,202.5,86000,183.19,85,53000.0,61.63
ARIES, 25-Aug-2026,462.25,462.25,433.0,446.75,459.05,19980,89.91,1014,13615.0,68.14
ARIHANT, 25-Aug-2026,1018.5,1019.4,962.6,971.9,999.6,5562,54.55,203,5171.0,92.97
ARIHANTCAP, 25-Aug-2026,75.58,81.0,75.58,78.19,76.21,611755,482.87,4986,282772.0,46.22
ARIHANTSUP, 25-Aug-2026,252.95,253.55,250.0,250.0,253.5,654,1.64,44,410.0,62.69
ARIS, 25-Aug-2026,146.1,146.1,142.1,144.26,144.09,1165184,1674.34,7368,434775.0,37.31
ARKADE, 25-Aug-2026,130.6,131.79,125.0,126.35,131.82,365011,466.89,4126,163286.0,44.73
ARMANFIN, 25-Aug-2026,1950.0,1960.4,1872.0,1907.8,1954.4,68058,1301.09,6401,37459.0,55.04
ARMOUR, 25-Aug-2026,18.8,18.85,18.8,18.85,18.55,4000,0.75,2,4000.0,100.0
AROGRANITE, 25-Aug-2026,24.75,25.32,24.36,24.76,24.81,2105,0.52,33,1632.0,77.53
ARSSBL, 25-Aug-2026,526.0,546.05,521.15,537.35,526.2,352745,1895.5,11378,158639.0,44.97
ARTEMISMED, 25-Aug-2026,327.8,329.95,320.2,323.7,328.9,193504,627.07,7436,97155.0,50.21
ARTNIRMAN, 25-Aug-2026,40.57,42.0,40.06,40.15,40.65,2305,0.93,20,2196.0,95.27
ARUNAYA, 25-Aug-2026,14.25,15.45,14.0,14.2,15.5,84000,12.04,35,62000.0,73.81
ARVEE, 25-Aug-2026,162.0,184.99,162.0,182.05,164.43,34993,63.24,458,9839.0,28.12
ARVIND, 25-Aug-2026,525.0,540.9,524.9,539.3,531.75,1077722,5776.07,37036,582732.0,54.07
ARVINDFASN, 25-Aug-2026,442.95,443.95,434.95,438.0,442.95,75563,331.4,6500,39691.0,52.53
ARVINDPORT, 25-Aug-2026,30.05,33.0,30.05,31.5,31.9,27000,8.67,13,19500.0,72.22
ARVSMART, 25-Aug-2026,698.55,699.95,681.0,683.75,694.85,52859,362.97,3209,28765.0,54.42
ARYAMAN, 25-Aug-2026,605.15,630.0,605.15,625.05,605.15,789,4.89,33,690.0,87.45
ASAHIINDIA, 25-Aug-2026,963.0,966.7,945.0,955.9,962.15,114291,1088.66,10070,45245.0,39.59
ASAL, 25-Aug-2026,493.8,500.4,486.25,489.75,493.8,17271,84.96,909,11412.0,66.08
ASALCBR, 25-Aug-2026,725.35,731.5,720.0,722.55,725.35,14075,102.0,1744,7243.0,51.46
ASHALOG, 25-Aug-2026,54.3,63.0,54.3,63.0,63.45,4000,2.35,4,2000.0,50.0
ASHAPURMIN, 25-Aug-2026,585.0,588.45,568.5,570.5,585.8,570382,3270.81,29950,312961.0,54.87
ASHIANA, 25-Aug-2026,365.0,368.2,362.0,365.25,366.6,21656,79.08,889,12106.0,55.9
ASHIMASYN, 25-Aug-2026,18.55,19.2,18.14,18.25,18.35,128155,23.95,450,86311.0,67.35
ASHOKA, 25-Aug-2026,113.2,114.5,112.53,114.01,113.22,507744,576.25,4549,236737.0,46.63
ASHOKAMET, 25-Aug-2026,14.0,14.3,13.11,13.92,13.86,18986,2.61,79,13680.0,72.05
ASHOKLEY, 25-Aug-2026,172.36,174.69,171.58,174.69,173.29,8635802,14944.7,39641,5214632.0,60.38
ASIANENE, 25-Aug-2026,466.9,470.0,448.6,451.4,466.9,242050,1102.57,7144,130889.0,54.08
ASIANHOTNR, 25-Aug-2026,301.95,301.95,294.25,299.35,301.1,4731,14.11,287,3008.0,63.58
ASIANPAINT, 25-Aug-2026,2631.0,2640.0,2605.2,2639.8,2640.8,479480,12565.35,32656,229274.0,47.82
ASIANTILES, 25-Aug-2026,46.26,46.69,45.51,46.37,45.4,2829146,1299.67,7825,933032.0,32.98
ASIANTNE, 25-Aug-2026,9.9,9.9,9.3,9.59,9.6,3298,0.32,65,3296.0,99.94
ASKAUTOLTD, 25-Aug-2026,613.0,615.95,598.85,605.2,615.4,452810,2725.47,11612,351165.0,77.55
ASPINWALL, 25-Aug-2026,260.0,265.9,259.9,260.61,259.74,4020,10.53,125,3689.0,91.77
ASPIRE, 25-Aug-2026,13.25,13.55,13.25,13.55,13.9,118000,15.96,24,112000.0,94.92
ASTAR, 25-Aug-2026,590.0,600.0,570.0,600.0,599.85,123,0.73,17,17.0,13.82
ASTEC, 25-Aug-2026,590.0,608.9,584.25,597.25,592.7,21963,131.22,1854,8194.0,37.31
ASTERDM, 25-Aug-2026,752.0,767.0,752.0,765.25,750.9,1997998,15219.36,52761,1068545.0,53.48
ASTRAL, 25-Aug-2026,1524.6,1544.7,1519.0,1540.0,1532.8,565330,8653.54,34042,295391.0,52.25
ASTRAMICRO, 25-Aug-2026,1676.5,1726.9,1676.5,1708.0,1664.9,429429,7333.57,23603,158298.0,36.86
ASTRAZEN, 25-Aug-2026,7264.0,7275.0,7110.0,7146.0,7232.0,15334,1099.23,3205,10318.0,67.29
ATALREAL, 25-Aug-2026,33.55,34.85,33.45,34.06,33.66,8739787,2959.89,5764,4794779.0,54.86
ATAM, 25-Aug-2026,55.55,56.38,54.9,55.49,55.5,9364,5.17,177,8470.0,90.45
ATCENERGY, 25-Aug-2026,22.4,22.4,22.4,22.4,22.8,3600,0.81,3,3600.0,100.0
ATGL, 25-Aug-2026,639.6,644.95,635.45,640.25,639.6,483227,3086.36,14553,140703.0,29.12
ATHERENERG, 25-Aug-2026,1454.8,1467.7,1430.0,1439.4,1453.1,1064648,15402.58,33930,364116.0,34.2
ATL, 25-Aug-2026,27.49,27.99,26.72,27.16,27.59,319637,87.35,2347,175348.0,54.86
ATLANTAA, 25-Aug-2026,38.7,38.7,37.51,37.79,38.0,23305,8.86,480,14488.0,62.17
ATLANTAELE, 25-Aug-2026,1801.0,1812.0,1712.6,1719.6,1819.5,120669,2106.34,12787,62445.0,51.75
ATLASCYCLE, 25-Aug-2026,96.67,99.45,95.81,97.1,96.68,817,0.79,37,714.0,87.39
ATLPP, 25-Aug-2026,10.18,10.45,9.2,9.74,9.94,14532,1.45,43,12755.0,87.77
ATMASTCO, 25-Aug-2026,143.35,147.4,143.35,147.15,141.85,7600,11.09,17,6400.0,84.21
ATUL, 25-Aug-2026,6425.0,6510.0,6386.5,6492.5,6425.0,30738,1985.84,8172,17647.0,57.41
ATULAUTO, 25-Aug-2026,488.95,488.95,480.55,485.95,485.4,84857,410.26,2558,50829.0,59.9
AUBANK, 25-Aug-2026,1114.0,1144.1,1105.1,1128.6,1114.0,5688015,64547.65,76313,3075009.0,54.06
AURIONPRO, 25-Aug-2026,709.0,715.05,690.05,711.35,708.6,201399,1408.86,6756,106208.0,52.74
AUROIMPEX, 25-Aug-2026,25.0,25.0,25.0,25.0,25.0,1600,0.4,1,1600.0,100.0
AUROPHARMA, 25-Aug-2026,1604.1,1623.8,1598.8,1617.8,1608.0,589518,9514.47,23602,301909.0,51.21
AURUM, 25-Aug-2026,232.0,237.0,230.38,236.46,232.17,140550,329.21,2051,95349.0,67.84
AURUS, 25-Aug-2026,4.74,4.74,4.48,4.59,4.65,16685,0.76,185,12883.0,77.21
AUSOMENT, 25-Aug-2026,149.98,151.0,146.0,147.59,147.69,5315,7.85,102,2953.0,55.56
AUSTENG, 25-Aug-2026,127.0,128.99,122.75,123.17,126.4,336,0.42,20,182.0,54.17
AUTOAXLES, 25-Aug-2026,1743.8,1752.3,1715.2,1731.2,1743.8,5745,99.24,804,3591.0,62.51
AUTOBEES, 25-Aug-2026,305.02,305.02,299.11,302.0,299.87,174214,523.47,2340,95682.0,54.92
AUTOIETF, 25-Aug-2026,30.12,30.36,29.99,30.22,30.12,462586,139.18,2626,268628.0,58.07
AUTOIND, 25-Aug-2026,89.1,91.14,87.41,89.47,89.87,152853,135.83,1405,76835.0,50.27
AVADHSUGAR, 25-Aug-2026,809.0,829.5,788.45,806.15,832.2,352766,2846.68,14349,119013.0,33.74
AVALON, 25-Aug-2026,2119.4,2151.7,2077.0,2111.5,2119.4,200866,4242.0,22108,63560.0,31.64
AVANCE, 25-Aug-2026,0.9,0.9,0.88,0.88,0.88,3142695,27.9,1053,1851614.0,58.92
AVANTEL, 25-Aug-2026,158.0,159.33,157.5,157.78,158.66,450556,712.49,4861,193578.0,42.96
AVANTIFEED, 25-Aug-2026,853.45,861.3,841.0,843.9,853.45,147810,1252.17,8200,70524.0,47.71
AVATAR, 25-Aug-2026,241.9,247.95,241.5,242.4,254.0,18000,43.64,8,16000.0,88.89
AVIANSH, 25-Aug-2026,104.0,104.0,101.0,101.0,104.5,8000,8.15,7,6000.0,75.0
AVIENCE, 25-Aug-2026,278.95,300.0,275.0,280.2,268.55,65400,186.6,97,46800.0,71.56
AVL, 25-Aug-2026,585.0,587.0,573.0,574.9,588.5,178965,1034.56,11122,107523.0,60.08
AVONMORE, 25-Aug-2026,13.79,13.8,13.3,13.44,13.58,233097,31.45,399,183220.0,78.6
AVPINFRA, 25-Aug-2026,62.5,64.9,62.0,63.9,62.5,29600,18.75,27,18400.0,62.16
AVROIND, 25-Aug-2026,9.15,9.6,8.95,9.14,9.09,511483,47.59,1296,228015.0,44.58
AVTNPL, 25-Aug-2026,87.6,89.5,86.1,87.17,87.15,184728,161.81,2871,96414.0,52.19
AWFIS, 25-Aug-2026,279.05,284.0,271.35,272.55,277.7,310975,855.89,4572,225444.0,72.5
AWHCL, 25-Aug-2026,378.0,386.8,377.35,379.55,381.1,47069,178.77,2608,23128.0,49.14
AWL, 25-Aug-2026,194.0,204.82,192.98,200.64,193.88,16360851,32981.0,124218,6194444.0,37.86
AXISBANK, 25-Aug-2026,1236.1,1240.5,1229.8,1235.0,1236.0,3606504,44510.63,91231,1767363.0,49.0
AXISCADES, 25-Aug-2026,1564.8,1615.0,1557.8,1604.1,1556.9,130984,2091.08,11040,69308.0,52.91
AXITA, 25-Aug-2026,8.05,8.3,7.8,7.98,7.98,2172120,177.12,2724,1241285.0,57.15
AXTEL, 25-Aug-2026,406.3,418.9,406.0,416.4,406.1,1452,6.0,95,1282.0,88.29
AYE, 25-Aug-2026,168.86,177.9,164.28,172.84,167.18,2001332,3474.33,23745,501304.0,25.05
AYMSYNTEX, 25-Aug-2026,248.0,260.0,248.0,254.6,248.55,21209,53.71,748,13080.0,61.67
AZAD, 25-Aug-2026,2791.0,2916.9,2791.0,2804.5,2796.2,738435,21019.12,48552,219782.0,29.76
AZADIND, 25-Aug-2026,91.0,92.06,90.56,90.71,90.67,25897,23.63,316,6669.0,25.75
BABAFP, 25-Aug-2026,22.25,22.4,22.25,22.4,22.25,3200,0.71,2,3200.0,100.0
BAGFILMS, 25-Aug-2026,4.46,4.53,4.18,4.38,4.41,222152,9.7,397,155349.0,69.93
BAGMANE, 25-Aug-2026,106.8,107.5,106.01,106.69,106.6,539828,577.49,10115,439567.0,81.43
BAHETI, 25-Aug-2026,843.0,843.9,827.5,841.85,829.8,26250,219.43,60,17250.0,65.71
BAIDFIN, 25-Aug-2026,9.74,9.88,9.6,9.7,9.64,29473,2.86,150,21226.0,72.02
BAJAJ-AUTO, 25-Aug-2026,11800.0,11927.0,11722.0,11927.0,11800.0,159272,18806.61,23704,83196.0,52.24
BAJAJCON, 25-Aug-2026,468.8,481.8,453.7,455.05,463.2,939360,4349.85,31230,435162.0,46.33
BAJAJELEC, 25-Aug-2026,342.3,345.8,332.65,334.35,344.65,384533,1291.51,10173,210255.0,54.68
BAJAJFINSV, 25-Aug-2026,2004.9,2011.7,1985.0,2004.0,2001.7,410121,8192.27,45220,188741.0,46.02
BAJAJHCARE, 25-Aug-2026,324.9,324.9,319.05,320.1,321.55,40621,130.09,1271,20117.0,49.52
BAJAJHFL, 25-Aug-2026,84.0,84.33,83.78,84.02,84.05,1822737,1530.28,16220,1021994.0,56.07
BAJAJHIND, 25-Aug-2026,24.1,24.35,22.2,22.81,24.23,113245372,26180.3,131829,20396265.0,18.01
BAJAJHLDNG, 25-Aug-2026,11120.0,11290.0,10811.0,11290.0,11120.0,64609,7223.89,13631,36805.0,56.97
BAJAJINDEF, 25-Aug-2026,219.9,249.0,215.0,225.93,216.08,193789,451.92,5209,72288.0,37.3
BAJAJST, 25-Aug-2026,350.55,359.1,350.55,356.85,353.2,6924,24.68,361,5777.0,83.43
BAJEL, 25-Aug-2026,190.8,190.8,187.2,188.0,192.09,66495,125.41,1621,37749.0,56.77
BAJFINANCE, 25-Aug-2026,1077.0,1087.4,1066.3,1087.4,1077.0,2770499,29876.76,73198,1532268.0,55.31
BALAJEE, 25-Aug-2026,27.0,27.0,26.26,26.4,26.59,14264,3.78,194,9259.0,64.91
BALAJIPHOS, 25-Aug-2026,89.5,89.5,89.5,89.5,90.1,1000,0.9,1,1000.0,100.0
BALAJITELE, 25-Aug-2026,96.37,97.15,94.18,95.09,95.7,153988,146.85,1391,83346.0,54.12
BALAMINES, 25-Aug-2026,2241.6,2390.0,2205.3,2343.6,2224.5,600325,13783.79,46151,189050.0,31.49
BALAXI, 25-Aug-2026,23.35,23.35,22.31,22.83,22.81,10635,2.42,122,8380.0,78.8
BALCO, 25-Aug-2026,18.0,18.0,18.0,18.0,18.9,3600,0.65,3,3600.0,100.0
BALKRISHNA, 25-Aug-2026,17.45,17.8,17.1,17.21,17.26,27160,4.74,66,19240.0,70.84
BALKRISIND, 25-Aug-2026,2379.4,2379.4,2311.0,2366.3,2358.4,237695,5580.96,32118,137093.0,57.68
BALMLAWRIE, 25-Aug-2026,176.1,176.89,174.81,175.16,176.08,68298,119.74,1424,46363.0,67.88
BALPHARMA, 25-Aug-2026,86.99,86.99,85.07,85.22,85.19,4675,3.99,151,3382.0,72.34
BALRAMCHIN, 25-Aug-2026,686.55,703.1,663.3,668.1,695.5,5009522,33983.96,92440,862056.0,17.21
BALUFORGE, 25-Aug-2026,622.75,626.8,607.0,609.6,632.2,2738438,16860.94,45207,623840.0,22.78
BANARBEADS, 25-Aug-2026,112.67,114.71,110.15,110.52,112.67,2387,2.66,56,985.0,41.27
BANARISUG, 25-Aug-2026,3965.1,3965.1,3882.2,3899.9,3997.9,3615,141.82,943,1440.0,39.83
BANCOINDIA, 25-Aug-2026,623.8,625.65,609.9,616.75,623.8,164040,1011.95,10243,77691.0,47.36
BANDHANBNK, 25-Aug-2026,174.4,175.47,172.45,173.5,173.9,4336723,7537.39,35314,1671556.0,38.54
BANG, 25-Aug-2026,35.0,36.3,32.77,34.71,34.04,690961,242.98,1734,396391.0,57.37
BANK10ADD, 25-Aug-2026,16.84,17.55,16.84,16.89,16.95,38105,6.44,182,35262.0,92.54
BANK10BETF, 25-Aug-2026,20.85,21.54,20.69,20.88,20.98,941,0.2,7,841.0,89.37
BANKA, 25-Aug-2026,81.9,81.9,79.1,79.9,81.9,1432,1.14,54,943.0,65.85
BANKADD, 25-Aug-2026,58.77,59.1,58.67,58.85,58.87,2400,1.41,246,1806.0,75.25
BANKBARODA, 25-Aug-2026,241.5,242.9,239.9,241.0,241.5,11320890,27303.64,74735,6663308.0,58.86
BANKBEES, 25-Aug-2026,597.98,597.99,593.01,595.07,594.7,557898,3319.35,5892,284636.0,51.02
BANKBETA, 25-Aug-2026,59.08,59.72,59.08,59.44,59.27,225583,133.74,291,216715.0,96.07
BANKBETF, 25-Aug-2026,58.38,58.72,58.17,58.36,58.32,3236,1.89,212,2582.0,79.79
BANKETF, 25-Aug-2026,584.21,587.64,584.21,586.5,585.1,75025,439.95,642,70464.0,93.92
BANKIETF, 25-Aug-2026,58.9,59.25,58.85,59.02,58.9,1520209,896.83,1302,1249394.0,82.19
BANKINDIA, 25-Aug-2026,141.43,143.99,140.9,143.99,142.0,6580120,9405.26,33511,3313299.0,50.35
BANKNIFTY1, 25-Aug-2026,61.01,61.01,59.45,59.61,59.53,16563254,9865.66,1513,16346798.0,98.69
BANKPSU, 25-Aug-2026,86.29,86.94,86.08,86.92,85.87,9931,8.61,53,7534.0,75.86
BANSALWIRE, 25-Aug-2026,319.2,322.25,315.6,318.15,321.9,65662,209.48,5908,38907.0,59.25
BANSWRAS, 25-Aug-2026,121.64,123.49,118.5,119.58,121.59,19160,23.08,268,15768.0,82.3
BASF, 25-Aug-2026,3904.5,3909.0,3841.0,3872.2,3878.6,16102,623.31,3089,7612.0,47.27
BASILIC, 25-Aug-2026,192.0,194.0,185.0,187.25,193.2,14700,27.71,44,11100.0,75.51
BATAINDIA, 25-Aug-2026,686.25,689.35,680.8,684.7,686.25,111675,763.98,6128,44892.0,40.2
BATLIBOI, 25-Aug-2026,87.5,88.5,85.3,86.13,87.6,20769,18.03,840,10074.0,48.5
BAWEJA, 25-Aug-2026,22.65,23.35,22.65,23.35,23.55,2400,0.55,3,1600.0,66.67
BAYERCROP, 25-Aug-2026,4049.0,4095.8,4030.5,4089.5,4043.6,20364,827.55,4314,10552.0,51.82
BBETF0432, 25-Aug-2026,1349.36,1351.99,1343.15,1347.05,1349.36,1556,20.93,55,1325.0,85.15
BBL, 25-Aug-2026,2384.9,2393.6,2329.2,2348.7,2384.9,21847,513.17,3351,10540.0,48.24
BBNPNBETF, 25-Aug-2026,58.12,59.72,57.68,59.72,58.61,6080,3.53,19,6068.0,99.8
BBNPPGOLD, 25-Aug-2026,156.05,156.95,154.1,155.35,156.05,5765,8.97,105,3873.0,67.18
BBOX, 25-Aug-2026,756.0,762.85,744.0,746.9,759.85,227896,1712.86,11818,113980.0,50.01
BBTC, 25-Aug-2026,1424.0,1430.0,1419.2,1422.4,1422.2,15971,227.22,1704,9402.0,58.87
BBTCL, 25-Aug-2026,239.95,240.0,233.2,235.77,240.93,5177,12.28,307,2963.0,57.23
BCG, 25-Aug-2026,9.07,9.15,9.05,9.09,9.05,3569325,324.37,3828,2056034.0,57.6
BCLIND, 25-Aug-2026,37.98,38.3,37.42,37.71,37.99,716112,270.14,3733,292874.0,40.9
BCONCEPTS, 25-Aug-2026,162.94,162.94,155.0,159.63,160.3,20773,32.96,983,13672.0,65.82
BCPL, 25-Aug-2026,70.6,70.6,69.0,69.84,70.06,5847,4.07,163,3754.0,64.2
BDL, 25-Aug-2026,1363.0,1393.7,1352.0,1359.9,1368.0,2155826,29599.47,41950,839367.0,38.93
BEACON, 25-Aug-2026,82.5,82.5,81.5,81.6,82.5,6000,4.91,5,5000.0,83.33
BEARDSELL, 25-Aug-2026,25.96,27.0,25.73,26.79,26.23,24345,6.43,152,16906.0,69.44
BECTORFOOD, 25-Aug-2026,258.7,258.8,250.0,250.89,257.29,631876,1599.72,11819,223806.0,35.42
BEDMUTHA, 25-Aug-2026,109.05,109.05,104.0,108.12,108.5,6336,6.73,75,5358.0,84.56
BEEKAY, 25-Aug-2026,435.0,438.0,426.2,434.35,444.05,1905,8.23,76,1603.0,84.15
BEL, 25-Aug-2026,407.0,413.25,405.95,413.25,409.0,9410099,38509.5,119641,5162080.0,54.86
BELLACASA, 25-Aug-2026,229.0,230.47,216.0,223.36,229.19,18153,40.32,754,13351.0,73.55
BELRISE, 25-Aug-2026,229.2,231.1,227.2,227.95,229.2,1815539,4145.65,25095,870915.0,47.97
BEML, 25-Aug-2026,1926.0,1977.0,1902.6,1923.0,1915.0,362954,7024.59,31562,60212.0,16.59
BENARAS, 25-Aug-2026,10300.0,10300.0,10201.0,10201.0,10336.0,33,3.37,10,31.0,93.94
BENGALASM, 25-Aug-2026,6170.0,6170.0,6150.5,6165.0,6184.5,32,1.97,9,32.0,100.0
BEPL, 25-Aug-2026,126.5,131.5,125.21,129.62,125.26,4645166,6025.23,31346,1598839.0,34.42
BERGEPAINT, 25-Aug-2026,515.5,517.4,508.0,509.85,515.5,210006,1074.13,14695,98358.0,46.84
BESTAGRO, 25-Aug-2026,17.86,18.16,17.47,17.69,17.71,471922,83.84,1502,201962.0,42.8
BETA, 25-Aug-2026,2307.0,2319.5,2251.0,2287.2,2307.0,9982,226.78,1726,6247.0,62.58
BEWLTD, 25-Aug-2026,51.0,52.7,51.0,51.35,51.3,13000,6.73,24,11500.0,88.46
BFINVEST, 25-Aug-2026,451.0,451.0,446.35,448.95,448.85,8250,36.97,654,5025.0,60.91
BFSI, 25-Aug-2026,27.16,27.35,27.14,27.27,27.16,330438,90.03,649,273615.0,82.8
BFUTILITIE, 25-Aug-2026,515.0,521.9,515.0,519.9,515.75,24380,126.46,1005,11267.0,46.21
BHADORA, 25-Aug-2026,115.25,120.0,113.8,113.8,119.75,22800,26.47,18,21600.0,94.74
BHAGCHEM, 25-Aug-2026,283.0,289.9,280.0,287.2,282.9,41915,119.1,1315,24766.0,59.09
BHAGYANGR, 25-Aug-2026,392.0,394.3,380.4,383.3,388.95,54521,209.36,1903,35373.0,64.88
BHANDARI, 25-Aug-2026,3.1,3.1,3.03,3.04,3.06,61811,1.89,213,44679.0,72.28
BHARATCOAL, 25-Aug-2026,34.8,34.89,34.14,34.35,34.97,4854950,1666.42,15678,2340104.0,48.2
BHARATFORG, 25-Aug-2026,2040.5,2052.5,2026.0,2052.5,2041.0,559434,11377.74,24420,323936.0,57.9
BHARATRAS, 25-Aug-2026,1275.2,1298.8,1269.0,1273.2,1283.1,9935,126.72,1424,6213.0,62.54
BHARATSE, 25-Aug-2026,224.45,225.0,220.15,222.27,226.21,137370,305.38,2961,67172.0,48.9
BHARATWIRE, 25-Aug-2026,185.79,191.0,185.19,189.25,186.73,75622,141.83,1684,37830.0,50.03
BHARTIARTL, 25-Aug-2026,1926.0,1947.0,1923.4,1947.0,1935.0,3820206,74027.77,85541,2482670.0,64.99
BHARTIHEXA, 25-Aug-2026,1594.8,1611.3,1587.3,1592.9,1605.8,56186,898.67,10352,30287.0,53.9
BHEL, 25-Aug-2026,410.8,417.0,408.15,417.0,411.4,4652600,19161.31,45236,2042821.0,43.91
BIGBLOC, 25-Aug-2026,43.0,43.98,43.0,43.73,42.88,21650,9.43,386,13367.0,61.74
BIKAJI, 25-Aug-2026,602.95,605.0,598.1,599.8,602.95,106743,641.26,4999,77317.0,72.43
BIKEWO, 25-Aug-2026,85.5,85.5,85.5,85.5,89.95,10000,8.55,5,10000.0,100.0
BIL, 25-Aug-2026,846.6,850.0,840.0,845.75,835.45,8250,69.43,178,7426.0,90.01
BIMETAL, 25-Aug-2026,619.75,625.0,604.0,623.05,619.75,464,2.86,36,431.0,92.89
BIOCON, 25-Aug-2026,410.9,417.2,407.0,417.2,409.4,3087232,12738.22,29222,1524343.0,49.38
BIOFILCHEM, 25-Aug-2026,32.34,33.98,31.46,32.06,32.34,424640,139.77,986,245516.0,57.82
BIOPOL, 25-Aug-2026,95.9,97.85,92.0,96.55,99.35,400800,383.46,225,260400.0,64.97
BIRET, 25-Aug-2026,344.55,344.97,342.26,342.69,344.62,139998,480.41,8146,117977.0,84.27
BIRLACORPN, 25-Aug-2026,889.05,890.95,878.0,880.1,889.4,27511,242.52,3035,16686.0,60.65
BIRLAMONEY, 25-Aug-2026,127.95,128.19,125.18,127.3,126.31,23814,30.18,752,10598.0,44.5
BIRLANU, 25-Aug-2026,1503.2,1542.5,1502.5,1529.2,1502.9,9311,142.02,1116,3608.0,38.75
BIRLAPREC, 25-Aug-2026,45.07,45.99,43.32,44.07,45.53,587954,263.53,1825,268815.0,45.72
BLACKBUCK, 25-Aug-2026,601.0,605.95,596.2,601.25,604.4,355284,2133.27,23927,191482.0,53.9
BLAL, 25-Aug-2026,169.83,169.83,166.91,167.0,168.24,27147,45.46,351,23246.0,85.63
BLBLIMITED, 25-Aug-2026,15.71,16.3,15.71,16.03,16.07,383957,61.56,242,377689.0,98.37
BLEL, 25-Aug-2026,463.75,474.55,441.3,450.3,460.15,2752275,12599.35,44695,460235.0,16.72
BLIL, 25-Aug-2026,72.47,72.47,71.5,71.9,72.01,52679,37.9,1006,38521.0,73.12
BLKASHYAP, 25-Aug-2026,52.45,53.25,51.89,52.45,52.44,188829,99.13,973,118687.0,62.85
BLS, 25-Aug-2026,243.99,246.96,234.51,243.32,241.51,8461840,20427.03,83425,1722516.0,20.36
BLSE, 25-Aug-2026,315.0,318.0,310.75,312.1,315.0,241258,757.58,4439,104245.0,43.21
BLUECHIP, 25-Aug-2026,2.02,2.02,2.02,2.02,1.99,9084,0.18,14,9084.0,100.0
BLUECLOUDS, 25-Aug-2026,23.99,23.99,22.1,22.28,22.98,2393447,545.72,4662,1370431.0,57.26
BLUEDART, 25-Aug-2026,5053.5,5079.0,4980.0,4994.5,5053.5,7372,368.94,1818,4123.0,55.93
BLUEJET, 25-Aug-2026,590.0,595.15,583.5,589.15,588.8,314126,1850.58,11726,157777.0,50.23
BLUEPEBBLE, 25-Aug-2026,66.0,66.0,65.5,65.5,65.9,3200,2.11,8,3200.0,100.0
BLUESTARCO, 25-Aug-2026,1504.0,1516.0,1493.7,1515.0,1504.0,337829,5095.06,16755,153247.0,45.36
BLUESTONE, 25-Aug-2026,817.0,825.9,805.15,810.65,821.6,407155,3310.42,13908,106981.0,26.28
BLUEWATER, 25-Aug-2026,457.35,457.35,420.05,434.9,437.0,13000,56.38,13,12000.0,92.31
BLUSPRING, 25-Aug-2026,133.67,134.79,122.51,126.83,133.01,817693,1036.26,11118,289957.0,35.46
BMETRICS, 25-Aug-2026,34.0,34.0,34.0,34.0,34.0,800,0.27,1,800.0,100.0
BMLL, 25-Aug-2026,155.0,155.0,153.0,153.5,156.0,6000,9.23,6,5000.0,83.33
BMWVENTLTD, 25-Aug-2026,57.05,58.4,56.75,56.97,57.04,78445,44.97,1469,34012.0,43.36
BNAGROCHEM, 25-Aug-2026,235.05,239.9,227.1,229.8,238.9,15584,37.04,73,13231.0,84.9
BNKETFAXIS, 25-Aug-2026,593.7,594.44,590.62,592.0,593.48,313,1.86,15,150.0,47.92
BOHRAIND, 25-Aug-2026,14.92,14.92,13.6,13.73,14.56,35661,5.02,146,27860.0,78.12
BOMDYEING, 25-Aug-2026,110.7,111.66,109.21,110.26,110.55,416247,459.16,3896,207317.0,49.81
BONLON, 25-Aug-2026,40.05,40.96,38.99,40.06,39.73,91480,36.62,378,82040.0,89.68
BORANA, 25-Aug-2026,305.6,312.5,303.35,306.95,305.75,19751,60.75,483,10183.0,51.56
BOROLTD, 25-Aug-2026,253.0,289.0,253.0,261.45,254.04,18593567,50762.11,185035,1194761.0,6.43
BORORENEW, 25-Aug-2026,538.0,546.05,526.3,529.05,536.55,416936,2219.97,15237,194203.0,46.58
BOROSCI, 25-Aug-2026,126.29,129.75,124.25,125.47,126.29,109338,138.91,2795,36097.0,33.01
BOSCH-HCIL, 25-Aug-2026,1686.0,1689.4,1644.0,1664.8,1681.8,33644,559.75,4139,17508.0,52.04
BOSCHLTD, 25-Aug-2026,48110.0,48680.0,47790.0,48680.0,48100.0,27786,13343.41,8441,14917.0,53.69
BOSS, 25-Aug-2026,56.0,56.45,56.0,56.3,55.0,16000,9.01,6,8000.0,50.0
BPCL, 25-Aug-2026,312.05,319.75,311.1,318.1,311.9,6592471,20756.72,35516,3847482.0,58.36
BPL, 25-Aug-2026,49.99,51.69,49.01,50.22,49.1,84711,42.43,990,29104.0,34.36
BPLPHARMA, 25-Aug-2026,1499.9,1499.9,1410.8,1472.4,1441.2,1334,19.54,147,980.0,73.46
BRACEPORT, 25-Aug-2026,60.15,61.2,59.0,60.75,61.15,17600,10.6,11,12800.0,72.73
BRAHMINFRA, 25-Aug-2026,159.0,159.0,152.97,156.14,154.24,19977,31.06,455,12412.0,62.13
BRANDMAN, 25-Aug-2026,160.0,164.0,158.65,160.55,164.4,10400,16.75,13,8800.0,84.62
BRIGADE, 25-Aug-2026,659.4,671.0,643.3,660.9,654.1,804919,5332.62,39095,304875.0,37.88
BRIGHOTEL, 25-Aug-2026,61.1,62.92,58.75,59.35,59.23,989297,602.78,10578,295536.0,29.87
BRIGHTBR, 25-Aug-2026,260.0,260.0,253.0,253.0,259.52,3019,7.65,30,2963.0,98.15
BRITANNIA, 25-Aug-2026,5310.5,5382.5,5286.0,5382.5,5311.0,361146,19265.01,26406,236752.0,65.56
BRNL, 25-Aug-2026,17.55,17.55,17.0,17.3,17.18,9183,1.58,157,6383.0,69.51
BSE, 25-Aug-2026,3315.0,3324.0,3285.3,3303.0,3312.7,2216219,73142.7,92636,1040108.0,46.93
BSE500IETF, 25-Aug-2026,39.51,40.14,39.51,39.78,39.71,399935,159.32,1218,180938.0,45.24
BSHSL, 25-Aug-2026,88.7,89.19,86.0,88.6,87.84,3089,2.72,74,2184.0,70.7
BSL, 25-Aug-2026,126.0,128.45,121.0,122.04,124.13,8189,10.18,149,6325.0,77.24
BSLGOLDETF, 25-Aug-2026,141.35,141.95,140.82,141.41,141.38,2482465,3511.35,3162,2105651.0,84.82
BSLNIFTY, 25-Aug-2026,29.12,29.12,28.28,28.54,28.41,786598,224.3,4375,523644.0,66.57
BSLSENETFG, 25-Aug-2026,77.79,78.95,77.61,78.14,77.79,1445,1.13,64,654.0,45.26
BSOFT, 25-Aug-2026,299.15,302.45,289.1,291.0,299.0,1232832,3607.25,37011,703353.0,57.05
BTML, 25-Aug-2026,7.83,9.06,7.75,8.96,7.84,2508920,220.25,2074,1138022.0,45.36
BUILDPRO, 25-Aug-2026,1244.0,1264.5,1200.0,1241.3,1249.9,94849,1171.04,5971,51026.0,53.8
BULKCORP, 25-Aug-2026,67.0,67.0,67.0,67.0,64.1,8400,5.63,1,8400.0,100.0
BURNPUR, 25-Aug-2026,12.5,13.6,12.15,12.15,13.49,381146,48.31,1457,238617.0,62.61
BUTTERFLY, 25-Aug-2026,648.2,648.45,631.55,632.7,642.8,12024,76.64,941,6843.0,56.91
BVCL, 25-Aug-2026,41.21,44.4,41.21,42.81,41.63,244547,105.33,652,46522.0,19.02
C2C, 25-Aug-2026,233.0,239.0,231.1,234.2,231.05,60000,140.92,266,40800.0,68.0
CALSOFT, 25-Aug-2026,30.67,30.67,30.67,30.67,29.21,105597,32.39,224,105597.0,100.0
CAMLINFINE, 25-Aug-2026,107.85,107.85,105.11,106.45,107.15,412578,438.45,4601,184849.0,44.8
CAMPUS, 25-Aug-2026,228.55,228.65,224.9,226.08,228.55,351888,797.09,6762,189707.0,53.91
CAMS, 25-Aug-2026,752.0,752.75,742.3,749.95,752.0,811311,6056.28,40579,370052.0,45.61
CANARYS, 25-Aug-2026,23.65,23.65,22.95,23.25,22.8,68000,15.84,14,36000.0,52.94
CANBK, 25-Aug-2026,127.23,128.81,126.25,128.81,127.3,14786516,18873.35,59579,6023510.0,40.74
CANFINHOME, 25-Aug-2026,812.0,816.8,802.8,805.4,810.1,173234,1396.2,8639,102750.0,59.31
CANHLIFE, 25-Aug-2026,154.8,155.38,152.0,152.2,154.7,265914,407.32,8873,123495.0,46.44
CANTABIL, 25-Aug-2026,243.6,246.6,242.81,245.14,243.44,52496,128.5,1396,29936.0,57.03
CAPACITE, 25-Aug-2026,219.0,231.7,218.33,223.38,220.9,935636,2107.86,16761,385915.0,41.25
CAPILLARY, 25-Aug-2026,504.3,512.0,497.15,510.4,501.95,123921,625.73,3866,63011.0,50.85
CAPINVIT, 25-Aug-2026,76.94,77.17,76.47,76.91,76.56,415398,318.89,1659,264061.0,63.57
CAPITALSFB, 25-Aug-2026,287.5,289.6,285.25,288.05,285.5,11608,33.35,458,7628.0,65.71
CAPLIPOINT, 25-Aug-2026,2506.9,2516.8,2459.8,2471.8,2496.1,50538,1255.91,7817,22606.0,44.73
CARBORUNIV, 25-Aug-2026,1118.1,1129.3,1100.7,1106.7,1122.2,210305,2348.98,9395,162746.0,77.39
CARERATING, 25-Aug-2026,1614.0,1623.0,1590.2,1618.6,1626.0,74984,1207.0,9034,45901.0,61.21
CARRARO, 25-Aug-2026,534.45,537.3,526.45,532.15,534.45,40266,213.71,3095,19391.0,48.16
CARTRADE, 25-Aug-2026,3138.6,3175.0,3020.0,3144.8,3138.6,418313,13062.53,41886,85387.0,20.41
CARYSIL, 25-Aug-2026,1155.0,1160.1,1135.2,1145.2,1149.4,47079,540.35,4350,21529.0,45.73
CASHIETF, 25-Aug-2026,1076.89,1076.89,1076.87,1076.87,1076.59,124527,1341.01,80,77621.0,62.33
CASTROLIND, 25-Aug-2026,187.04,188.0,186.25,186.88,186.87,1139927,2132.23,16390,703716.0,61.73
CBAZAAR, 25-Aug-2026,4.65,4.9,4.65,4.9,4.75,16000,0.76,2,8000.0,50.0
CCAVENUE, 25-Aug-2026,15.03,15.18,14.91,15.06,15.03,6372614,958.71,9589,3085348.0,48.42
CCCL, 25-Aug-2026,15.25,15.25,14.96,15.04,15.11,199696,30.05,443,149388.0,74.81
CCHHL, 25-Aug-2026,12.95,13.0,12.5,12.55,12.95,19241,2.44,103,14693.0,76.36
CCL, 25-Aug-2026,1085.0,1104.7,1078.5,1099.0,1081.8,167716,1840.66,17582,83233.0,49.63
CDSL, 25-Aug-2026,1382.2,1400.2,1375.2,1394.8,1385.1,997537,13867.38,31217,341845.0,34.27
CEATLTD, 25-Aug-2026,3565.1,3565.8,3506.0,3532.9,3565.9,35657,1258.99,6416,14568.0,40.86
CEDAAR, 25-Aug-2026,14.5,14.95,14.5,14.95,14.45,4000,0.59,4,4000.0,100.0
CEIGALL, 25-Aug-2026,333.0,338.7,321.55,324.35,322.15,1219258,4011.06,18833,296867.0,24.35
CEINSYS, 25-Aug-2026,723.95,736.95,714.1,722.4,720.9,48920,353.52,2719,28725.0,58.72
CELEBRITY, 25-Aug-2026,6.9,6.94,6.67,6.89,6.76,7121,0.48,90,5467.0,76.77
CELLECOR, 25-Aug-2026,33.1,34.0,32.45,33.05,32.75,1875000,620.02,69,1755000.0,93.6
CELLO, 25-Aug-2026,356.6,358.5,353.0,354.5,358.7,145044,516.25,8741,83672.0,57.69
CEMNTGROWW, 25-Aug-2026,15.08,15.08,14.65,14.84,14.87,170662,25.21,737,134702.0,78.93
CEMPRO, 25-Aug-2026,1265.9,1296.0,1257.1,1279.9,1261.4,96056,1229.13,7616,53438.0,55.63
CENTENKA, 25-Aug-2026,552.85,557.75,549.5,552.0,552.85,30350,167.85,1288,17576.0,57.91
CENTEXT, 25-Aug-2026,22.8,22.89,21.96,22.18,22.34,200011,44.6,756,87714.0,43.85
CENTRALBK, 25-Aug-2026,31.09,31.57,30.65,30.73,31.21,13909555,4301.18,25017,8163989.0,58.69
CENTRUM, 25-Aug-2026,23.16,23.54,23.16,23.26,23.29,157335,36.72,532,89470.0,56.87
CENTUM, 25-Aug-2026,3359.5,3384.9,3255.1,3274.8,3359.5,36018,1187.67,5745,21599.0,59.97
CENTURYPLY, 25-Aug-2026,744.95,760.9,737.0,757.55,744.95,59173,441.83,7128,34387.0,58.11
CERA, 25-Aug-2026,5799.5,5925.0,5752.0,5819.0,5793.0,10261,598.85,3808,4872.0,47.48
CESC, 25-Aug-2026,155.5,155.5,152.86,154.0,155.27,1286177,1977.97,14465,680975.0,52.95
CEWATER, 25-Aug-2026,253.5,271.4,251.95,265.45,253.15,219284,574.26,4915,54804.0,24.99
CFEL, 25-Aug-2026,31.0,31.6,30.01,30.06,30.12,6212,1.91,60,4873.0,78.44
CGCL, 25-Aug-2026,235.49,247.89,233.65,239.67,234.32,11815103,28589.74,96263,2865042.0,24.25
CGPOWER, 25-Aug-2026,873.1,882.5,867.0,878.5,877.5,1629938,14237.92,33746,809112.0,49.64
CGRAPHICS, 25-Aug-2026,164.4,164.4,155.0,155.75,157.5,34400,55.29,42,24800.0,72.09
CGVAK, 25-Aug-2026,152.69,152.69,147.52,148.8,151.16,2656,3.96,59,1843.0,69.39
CHALET, 25-Aug-2026,871.35,905.0,860.55,894.05,869.55,1031889,9214.59,44765,196119.0,19.01
CHAMBLFERT, 25-Aug-2026,434.8,446.9,425.1,427.6,430.95,2511636,10938.79,58332,826295.0,32.9
CHANDAN, 25-Aug-2026,227.5,231.75,219.55,220.15,226.35,64000,142.18,76,44000.0,68.75
CHAVDA, 25-Aug-2026,139.1,139.1,138.0,138.0,137.05,13000,17.97,13,9000.0,69.23
CHEMBOND, 25-Aug-2026,178.45,178.45,170.0,170.5,173.42,3324,5.67,105,2550.0,76.71
CHEMCRUX, 25-Aug-2026,85.72,86.28,84.0,84.84,85.72,2592,2.22,73,2415.0,93.17
CHEMFAB, 25-Aug-2026,380.0,380.0,362.05,364.85,368.45,2155,7.89,134,1134.0,52.62
CHEMICAL, 25-Aug-2026,30.06,30.34,29.94,30.18,30.07,356043,107.06,1032,217646.0,61.13
CHEMPLASTS, 25-Aug-2026,178.33,179.48,177.1,177.82,179.22,79493,141.5,1737,45865.0,57.7
CHENNPETRO, 25-Aug-2026,1420.0,1420.0,1389.6,1401.2,1412.1,581107,8150.23,20716,184650.0,31.78
CHETANA, 25-Aug-2026,43.55,43.55,43.35,43.35,43.35,4800,2.08,2,4800.0,100.0
CHEVIOT, 25-Aug-2026,1162.3,1163.7,1150.1,1155.4,1166.3,479,5.54,132,269.0,56.16
CHOICEGOLD, 25-Aug-2026,159.96,160.12,158.2,159.38,159.96,15946,25.42,232,9043.0,56.71
CHOICEIN, 25-Aug-2026,797.95,801.75,786.6,788.75,797.65,358035,2840.37,6337,86614.0,24.19
CHOLAFIN, 25-Aug-2026,1837.3,1873.0,1821.1,1873.0,1846.7,428763,7904.34,25356,206259.0,48.11
CHOLAHLDNG, 25-Aug-2026,1542.1,1555.2,1530.2,1548.6,1548.4,68030,1051.25,8278,39965.0,58.75
CIEINDIA, 25-Aug-2026,403.0,403.0,392.55,395.95,399.35,382862,1512.71,21468,234772.0,61.32
CIFL, 25-Aug-2026,20.41,20.9,20.41,20.87,20.41,12964,2.68,116,10302.0,79.47
CINELINE, 25-Aug-2026,88.0,91.46,88.0,90.35,89.41,43766,39.58,485,25236.0,57.66
CINEVISTA, 25-Aug-2026,14.95,14.95,13.98,14.37,14.27,9766,1.4,67,9081.0,92.99
CIPLA, 25-Aug-2026,1435.9,1435.9,1411.1,1422.0,1437.9,799235,11334.06,40414,336569.0,42.11
CITIUSINVT, 25-Aug-2026,115.0,115.0,114.0,114.13,114.33,181755,208.05,822,179518.0,98.77
CKKRETAIL, 25-Aug-2026,167.0,167.0,167.0,167.0,167.0,2400,4.01,3,1600.0,66.67
CLASSICEIL, 25-Aug-2026,50.45,51.3,49.05,50.45,47.85,20800,10.52,13,17600.0,84.62
CLAYCRAFT, 25-Aug-2026,160.1,161.3,159.05,159.15,158.7,5400,8.65,9,5400.0,100.0
CLEAN, 25-Aug-2026,830.95,832.0,816.05,821.9,828.25,184542,1517.67,10189,93793.0,50.82
CLEANMAX, 25-Aug-2026,1262.8,1262.8,1225.0,1233.7,1256.4,110558,1377.07,15191,61908.0,56.0
CLSEL, 25-Aug-2026,318.0,324.8,308.0,319.05,312.75,600906,1911.94,15304,164168.0,27.32
CLSL, 25-Aug-2026,83.0,87.9,83.0,87.9,84.0,18000,15.49,9,18000.0,100.0
CMLL, 25-Aug-2026,532.0,535.45,514.0,517.25,534.15,245604,1283.97,5508,114897.0,46.78
CMNL, 25-Aug-2026,106.0,110.5,106.0,110.5,110.5,3750,4.09,5,2250.0,60.0
CMPDI, 25-Aug-2026,236.0,238.25,232.1,233.32,237.86,861505,2019.71,18436,526111.0,61.07
CMRGREEN, 25-Aug-2026,223.28,223.28,215.1,217.92,221.39,597043,1305.05,9805,326263.0,54.65
CMRSL, 25-Aug-2026,68.8,68.8,68.75,68.8,65.55,8000,5.5,9,6400.0,80.0
CMSINFO, 25-Aug-2026,248.0,248.6,243.25,244.85,248.8,470186,1151.42,13634,245939.0,52.31
CNL, 25-Aug-2026,1210.5,1250.0,1168.5,1186.9,1202.2,24639,295.18,2318,8103.0,32.89
COALINDIA, 25-Aug-2026,408.0,408.0,401.1,404.0,406.9,8450049,33996.5,65681,6008748.0,71.11
COASTCORP, 25-Aug-2026,41.33,41.46,40.21,40.45,41.33,81139,33.0,736,47266.0,58.25
COCHINSHIP, 25-Aug-2026,1515.0,1524.4,1503.0,1518.5,1514.0,973455,14751.6,33282,336443.0,34.56
COCKERILL, 25-Aug-2026,8079.0,8143.0,7856.0,7889.5,8047.5,5112,407.09,1594,3144.0,61.5
COFORGE, 25-Aug-2026,1885.3,1899.9,1870.0,1892.8,1873.0,1288356,24278.19,39414,561222.0,43.56
COHANCE, 25-Aug-2026,449.75,450.0,441.0,445.4,448.75,635089,2821.51,15720,295342.0,46.5
COLPAL, 25-Aug-2026,1878.0,1878.5,1861.4,1876.8,1879.0,193846,3625.17,19889,113541.0,58.57
COMFINTE, 25-Aug-2026,6.09,6.21,6.05,6.08,6.24,129643,7.91,353,93906.0,72.43
COMMOIETF, 25-Aug-2026,100.55,100.55,99.53,99.99,100.17,49260,49.14,1391,33331.0,67.66
COMPEAU, 25-Aug-2026,360.0,360.0,349.1,351.5,360.0,763,2.71,42,731.0,95.81
COMPUSOFT, 25-Aug-2026,13.29,13.29,13.08,13.19,13.04,12178,1.6,139,11035.0,90.61
COMSYN, 25-Aug-2026,290.9,291.9,285.01,287.68,289.17,25700,73.92,706,13672.0,53.2
CONCOR, 25-Aug-2026,518.4,518.4,511.3,516.0,516.4,559738,2878.11,11666,225957.0,40.37
CONCORDBIO, 25-Aug-2026,1557.0,1560.0,1523.2,1548.0,1539.4,53615,824.03,6719,25252.0,47.1
CONFIPET, 25-Aug-2026,73.45,78.42,71.6,77.85,72.14,8227545,6252.46,39176,2766234.0,33.62
CONNPLEX, 25-Aug-2026,231.95,234.45,225.0,228.0,224.5,26400,60.74,33,18400.0,69.7
CONS, 25-Aug-2026,12.47,12.54,12.31,12.38,12.36,7843,0.97,81,6063.0,77.3
CONSUMAXIS, 25-Aug-2026,123.69,125.0,123.45,125.0,123.32,1774,2.2,21,903.0,50.9
CONSUMBEES, 25-Aug-2026,134.38,134.5,133.29,134.3,133.54,60666,81.05,698,41873.0,69.02
CONSUMER, 25-Aug-2026,12.3,12.44,12.27,12.39,12.3,111707,13.79,280,82550.0,73.9
CONSUMIETF, 25-Aug-2026,126.0,126.0,124.04,124.89,124.17,11266,14.02,158,6054.0,53.74
CONTI, 25-Aug-2026,11.45,11.45,11.2,11.2,11.4,199980,22.56,3,199980.0,100.0
CONTROLPR, 25-Aug-2026,600.0,608.55,593.05,605.2,599.8,20484,123.58,3631,10762.0,52.54
COOLCAPS, 25-Aug-2026,20.95,21.35,19.7,20.85,20.7,60000,12.12,35,51250.0,85.42
CORALFINAC, 25-Aug-2026,34.4,34.71,33.14,34.12,33.47,118953,40.58,573,97982.0,82.37
CORDELIA, 25-Aug-2026,102.0,107.5,100.95,104.45,1043.6,4673297,4907.14,21557,2280465.0,48.8
COROMANDEL, 25-Aug-2026,1926.6,1931.9,1896.3,1913.6,1926.6,470177,8984.38,31351,316370.0,67.29
CORONA, 25-Aug-2026,2149.2,2150.1,2093.0,2097.3,2149.0,14193,299.16,3144,9538.0,67.2
COSMOFIRST, 25-Aug-2026,905.0,935.0,905.0,930.65,907.95,78279,722.59,5364,39457.0,50.41
CPCAP, 25-Aug-2026,120.58,122.9,116.5,120.72,119.35,20388,24.51,273,11392.0,55.88
CPEDU, 25-Aug-2026,191.17,191.99,175.1,178.04,191.17,17102,30.97,441,11255.0,65.81
CPL, 25-Aug-2026,65.3,67.67,64.5,67.21,64.99,145250,96.32,1155,17227.0,11.86
CPPLUS, 25-Aug-2026,3434.8,3455.0,3330.1,3393.5,3419.5,219200,7399.99,32010,129965.0,59.29
CPS, 25-Aug-2026,1085.0,1120.0,1085.0,1102.0,1091.65,7950,88.3,12,7650.0,96.23
CPSEETF, 25-Aug-2026,94.07,94.69,93.42,93.78,94.07,513537,481.19,6298,261670.0,50.95
CRAFTSMAN, 25-Aug-2026,10594.0,10594.0,10350.0,10375.0,10598.5,20205,2108.86,8533,11637.0,57.59
CRAMC, 25-Aug-2026,259.0,261.7,255.0,256.55,259.6,356727,920.35,8872,228449.0,64.04
CRAVATEX, 25-Aug-2026,340.0,345.0,339.0,345.0,337.1,46,0.16,9,46.0,100.0
CREATIVEYE, 25-Aug-2026,6.11,6.5,6.11,6.15,6.2,6831,0.42,49,4513.0,66.07
CREDENT, 25-Aug-2026,346.1,359.8,338.45,338.45,356.25,412800,1414.05,345,328200.0,79.51
CREDITACC, 25-Aug-2026,1440.0,1444.8,1404.0,1415.5,1442.3,344584,4880.16,31818,216023.0,62.69
CREST, 25-Aug-2026,371.0,371.0,356.2,358.7,364.25,2714,9.78,115,2203.0,81.17
CRISIL, 25-Aug-2026,4462.1,4520.0,4437.0,4480.0,4478.2,18922,844.57,4936,10957.0,57.91
CRIZAC, 25-Aug-2026,174.9,180.0,172.5,177.08,173.41,200787,352.36,3394,118606.0,59.07
CROMPTON, 25-Aug-2026,244.35,246.15,241.25,243.0,246.0,3723358,9041.33,26998,1784361.0,47.92
CROWN, 25-Aug-2026,105.4,106.0,102.3,104.31,105.2,12021,12.6,160,7597.0,63.2
CRSL, 25-Aug-2026,2.76,2.76,2.76,2.76,3.06,328890,9.08,662,328854.0,99.99
CSBBANK, 25-Aug-2026,332.0,342.85,329.15,339.35,331.9,855147,2876.73,19755,377671.0,44.16
CSLFINANCE, 25-Aug-2026,225.27,236.77,225.1,229.48,225.02,79562,184.11,1164,61845.0,77.73
CSM, 25-Aug-2026,98.0,98.5,97.25,97.56,98.59,58968,57.64,1119,29933.0,50.76
CSSL, 25-Aug-2026,93.0,96.0,93.0,94.45,91.6,25000,23.41,20,25000.0,100.0
CTE, 25-Aug-2026,53.5,53.99,49.4,49.4,52.0,84448,44.16,547,61169.0,72.43
CUB, 25-Aug-2026,213.89,224.0,212.48,221.6,212.2,4102236,8982.88,52198,1329774.0,32.42
CUBEINVIT, 25-Aug-2026,156.48,157.5,156.1,156.42,156.48,435013,680.92,2247,406505.0,93.45
CUBEXTUB, 25-Aug-2026,79.24,82.0,77.01,79.07,79.24,40691,31.94,1158,22761.0,55.94
CUDML, 25-Aug-2026,102.55,106.5,102.55,104.1,103.0,30000,31.63,20,30000.0,100.0
CUMMINSIND, 25-Aug-2026,5220.0,5239.5,5150.0,5239.5,5190.0,562078,29205.54,32457,321445.0,57.19
CUPID, 25-Aug-2026,287.45,287.75,281.0,281.76,286.41,11345561,32108.06,93187,4181309.0,36.85
CURAA, 25-Aug-2026,73.6,74.9,72.3,72.3,73.55,449,0.33,17,312.0,69.49
CURIS, 25-Aug-2026,130.0,130.0,124.1,126.0,126.4,21000,26.88,19,19000.0,90.48
CYBERMEDIA, 25-Aug-2026,18.4,19.3,17.53,18.67,17.54,116868,21.96,621,70895.0,60.66
CYIENT, 25-Aug-2026,909.0,989.0,898.65,979.05,909.05,4712618,45459.35,142229,1389838.0,29.49
CYIENTDLM, 25-Aug-2026,733.0,778.0,732.95,769.35,735.85,973603,7434.75,38987,385631.0,39.61
DABUR, 25-Aug-2026,397.9,398.1,392.15,395.05,398.45,3323557,13098.66,27574,2153874.0,64.81
DAICHI, 25-Aug-2026,326.1,340.0,326.1,339.15,337.35,8135,27.46,79,8048.0,98.93
DALBHARAT, 25-Aug-2026,1854.8,1854.8,1780.1,1824.0,1853.0,513247,9320.23,28276,257386.0,50.15
DALMIASUG, 25-Aug-2026,478.75,492.95,454.3,470.25,480.75,514173,2429.95,14824,136581.0,26.56
DAMCAPITAL, 25-Aug-2026,145.3,155.24,145.2,149.38,145.96,1042896,1582.56,11832,256071.0,24.55
DANGEE, 25-Aug-2026,2.94,2.99,2.82,2.83,2.85,53556,1.53,126,39874.0,74.45
DANISH, 25-Aug-2026,789.8,823.8,789.8,805.6,780.25,24450,198.7,141,15900.0,65.03
DATAMATICS, 25-Aug-2026,815.9,817.75,796.8,799.2,812.15,46031,368.98,2947,25016.0,54.35
DATAPATTNS, 25-Aug-2026,4730.0,4768.7,4500.1,4542.3,4736.2,1198526,54957.32,102708,318854.0,26.6
DAVANGERE, 25-Aug-2026,2.91,2.94,2.86,2.88,2.87,9209404,266.8,5115,4730554.0,51.37
DBCORP, 25-Aug-2026,208.33,208.33,204.0,205.43,206.8,71454,146.95,2020,44721.0,62.59
DBL, 25-Aug-2026,416.0,417.05,413.1,414.85,414.6,51221,212.47,2751,26330.0,51.4
DBOL, 25-Aug-2026,127.3,131.78,126.51,128.94,128.45,459359,594.16,8557,239145.0,52.06
DBREALTY, 25-Aug-2026,106.46,108.0,105.57,107.28,105.68,584365,623.53,5507,351790.0,60.2
DCAL, 25-Aug-2026,174.75,174.75,170.9,172.05,173.25,180599,310.67,3002,94659.0,52.41
DCBBANK, 25-Aug-2026,201.5,210.1,200.16,207.37,199.74,7870975,16295.22,74918,3732634.0,47.42
DCCL, 25-Aug-2026,46.1,46.1,46.1,46.1,47.9,2000,0.92,1,2000.0,100.0
DCG, 25-Aug-2026,55.45,55.45,54.1,54.1,55.45,7200,3.92,6,7200.0,100.0
DCI, 25-Aug-2026,386.85,386.85,365.1,370.15,384.0,38862,146.01,971,23695.0,60.97
DCMFINSERV, 25-Aug-2026,5.13,5.49,5.01,5.33,5.13,9336,0.49,189,7588.0,81.28
DCMNVL, 25-Aug-2026,173.0,180.44,171.01,180.29,171.85,21635,38.56,237,16405.0,75.83
DCMSHRIRAM, 25-Aug-2026,1070.0,1075.1,1050.0,1052.9,1075.4,77649,822.67,10074,36045.0,46.42
DCMSIL, 25-Aug-2026,76.7,79.79,75.01,77.8,77.38,67148,52.11,438,43932.0,65.43
DCMSRIND, 25-Aug-2026,52.16,53.06,49.25,50.5,53.06,255135,129.47,1455,135652.0,53.17
DCW, 25-Aug-2026,44.99,46.35,44.75,45.38,44.9,953415,434.05,4237,339983.0,35.66
DCXINDIA, 25-Aug-2026,176.62,177.0,172.6,173.76,175.72,253359,440.55,4347,119021.0,46.98
DDEVPLSTIK, 25-Aug-2026,276.0,284.0,274.5,276.05,276.6,68193,188.43,2008,31126.0,45.64
DECCANCE, 25-Aug-2026,555.1,567.55,545.0,564.05,546.85,58941,329.73,897,43302.0,73.47
DECCANTRAN, 25-Aug-2026,22.0,22.0,21.0,21.0,22.75,12000,2.58,9,8400.0,70.0
DECNGOLD, 25-Aug-2026,249.0,249.49,231.1,232.84,247.61,2097704,4974.93,23093,1195189.0,56.98
DEEDEV, 25-Aug-2026,635.0,654.0,631.0,647.8,634.5,99366,638.57,3085,67527.0,67.96
DEEM, 25-Aug-2026,40.4,40.4,40.4,40.4,40.8,1000,0.4,1,1000.0,100.0
DEEP, 25-Aug-2026,37.0,37.0,35.9,36.08,37.18,8927,3.26,96,8692.0,97.37
DEEPAKFERT, 25-Aug-2026,1470.2,1508.0,1445.4,1460.0,1476.1,475338,7042.96,29887,122153.0,25.7
DEEPAKNTR, 25-Aug-2026,1737.0,1782.0,1737.0,1751.0,1730.3,513767,9034.63,34650,226149.0,44.02
DEEPINDS, 25-Aug-2026,675.45,678.35,645.15,649.65,678.05,206309,1354.84,8138,123924.0,60.07
DEFENCE, 25-Aug-2026,83.72,83.72,81.3,82.38,82.08,234783,192.91,682,170570.0,72.65
DELAPLEX, 25-Aug-2026,84.5,84.5,80.0,81.1,84.5,58800,47.49,73,39000.0,66.33
DELHIVERY, 25-Aug-2026,441.65,447.95,439.1,447.95,444.75,1174352,5191.56,25343,566203.0,48.21
DELTACORP, 25-Aug-2026,59.17,62.24,58.9,61.52,58.88,3357809,2057.71,17648,1123211.0,33.45
DELTAMAGNT, 25-Aug-2026,56.74,59.5,56.32,56.63,57.32,2448,1.39,115,2103.0,85.91
DELTIC, 25-Aug-2026,34.5,35.85,34.5,35.1,35.0,8000,2.8,8,8000.0,100.0
DEN, 25-Aug-2026,28.14,28.34,27.7,28.12,28.14,240029,67.28,1523,166103.0,69.2
DENEERS, 25-Aug-2026,171.0,175.0,167.0,168.5,173.9,6600,11.21,11,3000.0,45.45
DENORA, 25-Aug-2026,822.5,845.0,816.9,824.4,822.3,4929,40.87,473,2740.0,55.59
DENTA, 25-Aug-2026,284.2,286.0,281.55,284.75,282.55,57440,163.01,2005,26506.0,46.15
DENTALKART, 25-Aug-2026,412.0,422.85,405.0,417.9,411.85,59500,244.22,77,57750.0,97.06
DEVIT, 25-Aug-2026,25.6,26.5,25.27,25.41,25.43,33671,8.6,257,27547.0,81.81
DEVX, 25-Aug-2026,35.0,35.0,33.75,33.97,34.93,35507,12.19,388,26071.0,73.42
DEVYANI, 25-Aug-2026,149.0,150.25,146.41,149.9,149.12,2461729,3665.39,16293,1288542.0,52.34
DGCONTENT, 25-Aug-2026,24.41,25.1,24.31,24.58,24.81,1674,0.41,31,1532.0,91.52
DHAMPURSUG, 25-Aug-2026,180.0,186.0,177.2,179.72,180.79,1670593,3030.38,18098,487724.0,29.19
DHANBANK, 25-Aug-2026,33.76,33.97,32.8,33.12,34.01,758275,253.01,2696,337764.0,44.54
DHANLAXMI, 25-Aug-2026,27.5,27.5,24.6,24.6,27.8,4000,1.04,2,2000.0,50.0
DHANSA, 25-Aug-2026,22.55,22.55,22.55,22.55,22.05,4000,0.9,1,4000.0,100.0
DHANUKA, 25-Aug-2026,990.0,996.0,980.0,983.7,994.9,13953,137.59,1830,5196.0,37.24
DHARARAIL, 25-Aug-2026,151.0,151.0,149.95,149.95,149.8,3000,4.51,3,3000.0,100.0
DHARIWAL, 25-Aug-2026,17.9,17.9,17.05,17.1,17.9,246000,42.35,73,174000.0,70.73
DHARMAJ, 25-Aug-2026,260.65,278.0,256.9,271.25,260.65,59403,159.84,2715,37113.0,62.48
DHATRE, 25-Aug-2026,4.27,4.39,4.16,4.27,4.41,25881,1.1,168,21586.0,83.4
DHOOTTRANS, 25-Aug-2026,1443.4,1541.1,1410.1,1521.75,1443.4,5545253,82192.02,195682,687199.0,12.39
DHRUV, 25-Aug-2026,24.38,24.4,22.6,23.47,23.24,7173,1.67,79,5639.0,78.61
DHTL, 25-Aug-2026,29.95,33.0,29.9,33.0,31.45,6400,2.02,8,3200.0,50.0
DHUNINV, 25-Aug-2026,980.0,980.0,957.0,959.8,967.9,528,5.08,77,475.0,89.96
DIAMINESQ, 25-Aug-2026,240.0,249.9,240.0,248.17,238.65,7032,17.27,361,4390.0,62.43
DIAMONDYD, 25-Aug-2026,1180.1,1190.3,1156.0,1165.2,1176.5,15819,185.38,1108,10982.0,69.42
DICIND, 25-Aug-2026,587.95,603.0,587.95,594.6,592.05,2626,15.64,152,1668.0,63.52
DIFFNKG, 25-Aug-2026,404.55,404.55,389.25,392.05,401.65,47145,186.62,1532,22368.0,47.45
DIGIDRIVE, 25-Aug-2026,18.24,18.24,17.51,17.71,17.88,4537,0.81,96,3931.0,86.64
DIGIKORE, 25-Aug-2026,37.3,37.85,36.5,37.7,37.7,56000,20.84,38,52800.0,94.29
DIGISPICE, 25-Aug-2026,16.97,17.08,16.51,16.86,16.67,37495,6.33,150,30524.0,81.41
DIGITIDE, 25-Aug-2026,99.53,101.0,97.6,99.91,98.94,204772,202.79,1878,88006.0,42.98
DIGJAMLMTD, 25-Aug-2026,51.5,53.25,50.34,50.66,51.31,11118,5.75,89,8349.0,75.09
DISAQ, 25-Aug-2026,11850.0,12020.0,11622.0,11906.0,11880.0,514,61.09,354,202.0,39.3
DISHTV, 25-Aug-2026,2.73,2.77,2.73,2.73,2.76,789201,21.67,976,636879.0,80.7
DIVGIITTS, 25-Aug-2026,1228.4,1240.0,1183.9,1190.35,1221.05,56959,686.61,5385,31228.0,54.83
DIVIDEND, 25-Aug-2026,35.85,35.85,35.6,35.77,35.85,3309,1.18,72,2971.0,89.79
DIVINEHIRA, 25-Aug-2026,116.0,116.0,111.0,114.4,114.0,21600,24.55,17,13200.0,61.11
DIVISLAB, 25-Aug-2026,8500.0,8744.5,8497.0,8744.5,8496.0,563721,48549.27,50752,269149.0,47.75
DIVOPPBEES, 25-Aug-2026,77.46,78.0,77.17,77.76,77.45,24698,19.14,622,12971.0,52.52
DIXON, 25-Aug-2026,14529.0,14990.0,14400.0,14990.0,14570.0,522440,76536.88,62198,200225.0,38.32
DJML, 25-Aug-2026,81.0,81.0,71.15,73.26,86.92,2170369,1619.14,24575,504801.0,23.26
DLF, 25-Aug-2026,688.0,688.2,678.3,682.95,689.0,2158853,14722.99,55293,1027360.0,47.59
DLINKINDIA, 25-Aug-2026,452.0,452.0,442.45,448.75,448.5,61634,275.03,2327,33610.0,54.53
DMART, 25-Aug-2026,3940.0,3960.0,3897.4,3909.6,3940.0,215829,8459.2,21692,113023.0,52.37
DMCC, 25-Aug-2026,289.25,292.2,280.1,282.1,287.1,28099,80.29,1493,16993.0,60.48
DNAMEDIA, 25-Aug-2026,2.78,2.78,2.51,2.56,2.54,75778,1.95,98,64485.0,85.1
DODLA, 25-Aug-2026,1154.0,1154.4,1101.0,1110.4,1149.4,41308,466.68,5449,21295.0,51.55
DOLATALGO, 25-Aug-2026,75.83,75.83,73.2,74.49,75.29,123419,91.7,1275,69602.0,56.39
DOLLAR, 25-Aug-2026,275.0,276.3,273.0,274.6,273.7,38650,106.06,1198,20445.0,52.9
DOLLEX, 25-Aug-2026,32.7,33.9,32.6,33.8,33.15,152000,49.77,28,140000.0,92.11
DOLPHIN, 25-Aug-2026,616.45,627.4,605.0,610.25,616.45,27817,170.7,1352,13120.0,47.17
DOMS, 25-Aug-2026,2201.7,2219.4,2182.0,2212.3,2201.7,17687,390.36,4423,9703.0,54.86
DONEAR, 25-Aug-2026,84.28,85.89,84.28,84.73,84.58,7101,6.04,179,5538.0,77.99
DPABHUSHAN, 25-Aug-2026,1544.9,1550.0,1450.0,1459.5,1533.3,40300,592.41,3566,21602.0,53.6
DPEL, 25-Aug-2026,575.0,575.0,555.0,565.4,577.95,28500,162.01,45,13000.0,45.61
DRAGARWQ, 25-Aug-2026,5363.5,5386.5,5205.0,5328.5,5373.5,649,34.48,179,366.0,56.39
DRCSYSTEMS, 25-Aug-2026,13.16,13.16,12.72,12.9,12.99,25492,3.29,197,18183.0,71.33
DREAMFOLKS, 25-Aug-2026,68.95,68.99,67.05,67.42,68.74,41721,28.21,1487,21670.0,51.94
DREDGECORP, 25-Aug-2026,1109.4,1109.4,1087.1,1100.2,1101.7,64931,711.87,4992,26630.0,41.01
DRONE, 25-Aug-2026,35.8,36.3,34.35,35.8,35.05,22000,7.81,38,19500.0,88.64
DRREDDY, 25-Aug-2026,1189.0,1193.5,1175.0,1193.5,1190.0,1569853,18633.41,54205,840229.0,53.52
DSSL, 25-Aug-2026,1095.0,1099.3,1073.2,1089.2,1080.1,19640,212.98,1798,12261.0,62.43
DTIL, 25-Aug-2026,140.09,156.72,140.09,152.69,139.92,45562,67.91,1511,31484.0,69.1
DTL, 25-Aug-2026,125.0,125.0,125.0,125.0,135.0,1200,1.5,1,1200.0,100.0
DUCON, 25-Aug-2026,2.26,2.54,2.21,2.4,3.08,3685709,88.85,2896,2319039.0,62.92
DUGLOBAL, 25-Aug-2026,24.2,25.5,24.2,25.4,23.25,25000,6.24,10,25000.0,100.0
DURLAX, 25-Aug-2026,61.25,68.5,61.25,67.85,64.0,298000,197.86,85,230000.0,77.18
DVL, 25-Aug-2026,286.75,287.0,278.4,280.89,283.61,15907,44.69,703,6227.0,39.15
DWARKESH, 25-Aug-2026,53.83,55.69,53.01,53.94,54.94,5340136,2888.63,21362,1126248.0,21.09
DYCL, 25-Aug-2026,433.7,434.9,422.6,428.25,433.7,284853,1218.52,7474,105304.0,36.97
DYNAMATECH, 25-Aug-2026,11650.0,11658.0,11410.0,11514.0,11646.0,8848,1020.26,3372,3088.0,34.9
DYNAMIC, 25-Aug-2026,141.2,142.0,138.0,141.6,141.2,5500,7.7,11,5000.0,90.91
DYNPRO, 25-Aug-2026,236.0,236.0,227.1,228.95,228.55,12314,28.31,670,9506.0,77.2
E2ERAIL, 25-Aug-2026,282.5,285.0,276.1,278.75,284.65,27200,76.59,33,19200.0,70.59
EASEMYTRIP, 25-Aug-2026,6.14,6.17,6.08,6.11,6.11,10194528,623.98,5996,4978586.0,48.84
EASTWEST, 25-Aug-2026,2.59,2.59,2.2,2.48,2.44,73039,1.76,147,63997.0,87.62
EBANK10, 25-Aug-2026,17.0,17.0,16.82,16.85,16.84,887,0.15,12,751.0,84.67
EBANKNIFTY, 25-Aug-2026,58.13,58.13,57.91,58.1,57.82,128,0.07,11,125.0,97.66
EBBETF0430, 25-Aug-2026,1613.8,1613.8,1603.0,1609.41,1608.31,11948,192.09,255,9601.0,80.36
EBBETF0431, 25-Aug-2026,1440.18,1441.92,1432.5,1433.54,1443.19,1523,21.87,107,1196.0,78.53
EBBETF0433, 25-Aug-2026,1318.0,1318.9,1307.14,1310.96,1315.26,4452,58.33,142,3424.0,76.91
EBGNG, 25-Aug-2026,594.5,601.2,575.15,584.75,603.3,387034,2264.79,17276,195203.0,50.44
EBIX, 25-Aug-2026,21.75,21.75,21.75,21.75,20.72,16226,3.53,29,16226.0,100.0
ECAPINSURE, 25-Aug-2026,24.29,24.47,24.21,24.32,24.29,53571,13.02,196,47478.0,88.63
ECLERX, 25-Aug-2026,1836.8,1890.0,1815.0,1879.5,1822.8,192701,3587.77,21721,71657.0,37.19
ECOLINE, 25-Aug-2026,176.5,183.0,176.5,183.0,175.6,7000,12.51,7,7000.0,100.0
ECORECO, 25-Aug-2026,464.95,469.9,447.3,450.25,459.0,14000,63.32,835,9071.0,64.79
EDELWEISS, 25-Aug-2026,125.48,132.4,125.04,128.15,125.41,9835758,12776.61,67836,3474720.0,35.33
EEPL, 25-Aug-2026,142.0,154.6,142.0,154.6,140.55,242000,366.15,194,164000.0,67.77
EFACTOR, 25-Aug-2026,204.0,204.0,192.7,199.5,201.9,8000,15.78,18,5200.0,65.0
EFCIL, 25-Aug-2026,203.0,203.0,196.35,199.87,202.46,330545,658.76,4781,234860.0,71.05
EFFWA, 25-Aug-2026,330.0,331.9,320.5,322.0,332.75,107600,349.56,76,107200.0,99.63
EFORCE, 25-Aug-2026,21.0,21.0,20.35,20.35,21.0,10800,2.21,9,9600.0,88.89
EGOLD, 25-Aug-2026,162.0,162.0,159.8,160.3,160.8,139448,223.56,486,114173.0,81.87
EICHERMOT, 25-Aug-2026,8008.5,8070.0,7984.0,8055.0,8047.0,244623,19646.08,26129,152329.0,62.27
EIDPARRY, 25-Aug-2026,820.0,823.4,805.1,810.4,823.95,1046053,8484.23,29493,387421.0,37.04
EIEL, 25-Aug-2026,194.4,196.22,193.5,194.71,195.31,375300,729.66,6559,150218.0,40.03
EIHAHOTELS, 25-Aug-2026,302.6,302.6,295.1,300.8,297.85,8852,26.44,499,4448.0,50.25
EIHOTEL, 25-Aug-2026,299.75,303.95,298.2,302.75,299.8,201193,607.14,5814,124040.0,61.65
EIMCOELECO, 25-Aug-2026,2245.0,2290.1,2216.1,2237.6,2245.8,56938,1279.07,4412,33790.0,59.35
EKC, 25-Aug-2026,113.18,114.17,110.8,111.21,113.62,102836,115.22,1774,58006.0,56.41
EKI, 25-Aug-2026,76.41,78.44,75.05,75.92,76.41,7055,5.36,295,4925.0,69.81
ELANTAS, 25-Aug-2026,11745.5,11760.0,11589.5,11660.0,11687.5,1261,147.56,553,660.0,52.34
ELCIDIN, 25-Aug-2026,107400.0,109000.0,107000.0,109000.0,108320.0,23,24.82,22,16.0,69.57
ELDEHSG, 25-Aug-2026,810.1,820.1,803.15,809.75,825.55,1429,11.62,41,1345.0,94.12
ELECON, 25-Aug-2026,434.15,437.6,424.8,426.25,438.55,396621,1705.65,15413,194054.0,48.93
ELECTCAST, 25-Aug-2026,75.0,78.0,74.51,76.59,74.53,3914352,2983.32,29649,1664289.0,42.52
ELECTHERM, 25-Aug-2026,1054.7,1057.8,1022.9,1049.0,1054.4,10573,110.11,749,6744.0,63.79
ELGIEQUIP, 25-Aug-2026,621.0,625.45,606.25,610.25,621.95,591241,3625.31,29702,233066.0,39.42
ELGIRUBCO, 25-Aug-2026,61.19,61.19,58.1,59.82,59.37,37058,22.06,268,26684.0,72.01
ELGNZ, 25-Aug-2026,89.5,92.2,89.5,91.6,89.15,22000,20.15,17,20000.0,90.91
ELIN, 25-Aug-2026,99.69,100.55,97.5,98.22,99.69,64253,63.18,1151,36940.0,57.49
ELIQUID, 25-Aug-2026,1045.19,1045.19,1045.18,1045.18,1044.91,52096,544.5,25,35196.0,67.56
ELITECON, 25-Aug-2026,15.2,15.48,13.7,13.76,15.19,4559258,648.03,12740,2901303.0,63.64
ELLEN, 25-Aug-2026,322.5,324.6,312.0,315.1,321.4,302307,958.3,6433,154503.0,51.11
ELM250, 25-Aug-2026,16.97,16.97,16.72,16.83,16.83,284156,47.82,166,278744.0,98.1
ELMDIV, 25-Aug-2026,37.0,37.1,36.68,37.07,36.9,6448,2.38,36,1112.0,17.25
ELPROINTL, 25-Aug-2026,175.1,176.19,173.98,174.51,175.13,16979,29.7,152,13837.0,81.49
EMAMILTD, 25-Aug-2026,403.6,407.0,400.6,402.7,405.6,1559698,6296.35,21230,1274791.0,81.73
EMAMIREAL, 25-Aug-2026,70.5,71.0,68.07,68.21,70.08,13286,9.21,205,11035.0,83.06
EMAPARTNER, 25-Aug-2026,85.4,85.4,82.05,82.05,85.85,3000,2.5,3,2000.0,66.67
EMBASSY, 25-Aug-2026,436.0,438.5,434.75,435.22,435.46,758060,3300.55,40775,659118.0,86.95
EMBDL, 25-Aug-2026,64.25,64.25,61.86,62.73,63.59,2435619,1523.18,14287,1093484.0,44.9
EMCURE, 25-Aug-2026,1871.9,1874.9,1830.1,1846.9,1853.6,77343,1431.98,11268,45273.0,58.54
EMETAL, 25-Aug-2026,13.36,13.36,13.21,13.34,13.36,12298,1.63,36,6996.0,56.89
EMIL, 25-Aug-2026,183.0,184.51,176.72,180.34,183.48,1333108,2396.07,16134,606477.0,45.49
EMKAY, 25-Aug-2026,239.2,246.49,239.2,241.66,246.01,17930,43.62,578,12576.0,70.14
EMKAYTOOLS, 25-Aug-2026,92.0,96.5,92.0,95.0,95.9,600,0.56,4,300.0,50.0
EMMIL, 25-Aug-2026,121.0,122.0,120.0,120.15,121.0,4500,5.42,14,3750.0,83.33
EMMVEE, 25-Aug-2026,323.85,334.75,322.05,333.7,325.25,1801097,5934.17,31069,823468.0,45.72
EMPIND, 25-Aug-2026,1218.9,1219.0,1193.0,1207.6,1204.7,2664,32.14,298,1706.0,64.04
EMPOWER, 25-Aug-2026,2.38,2.48,2.37,2.46,2.37,10792984,263.16,3509,6772027.0,62.74
EMSLIMITED, 25-Aug-2026,384.0,386.2,377.3,381.05,384.3,132655,504.82,4160,61488.0,46.35
EMUDHRA, 25-Aug-2026,553.0,553.0,539.85,543.5,546.85,68768,373.07,3019,39215.0,57.03
EMULTIMQ, 25-Aug-2026,42.25,42.4,41.87,42.02,42.25,27416,11.55,133,25009.0,91.22
ENCOMPAS, 25-Aug-2026,244.6,244.75,240.0,244.7,241.15,1600,3.9,4,1600.0,100.0
ENDURANCE, 25-Aug-2026,3010.0,3015.0,2978.0,2987.5,2988.2,115513,3454.65,15440,67187.0,58.16
ENERGY, 25-Aug-2026,39.43,39.43,38.27,38.45,38.47,119278,45.77,989,80806.0,67.75
ENERGYDEV, 25-Aug-2026,16.3,16.58,15.56,16.01,16.22,67101,10.76,393,47308.0,70.5
ENEXT50, 25-Aug-2026,74.5,74.5,73.44,74.0,73.87,2983,2.22,15,2823.0,94.64
ENFUSE, 25-Aug-2026,160.0,160.0,155.0,155.0,160.0,1200,1.89,2,600.0,50.0
ENGINERSIN, 25-Aug-2026,256.0,258.55,248.7,250.38,254.83,2645946,6691.03,30565,1099240.0,41.54
ENIFTY, 25-Aug-2026,24.94,24.94,24.23,24.4,24.34,699,0.17,55,681.0,97.42
ENIL, 25-Aug-2026,101.77,108.64,101.25,102.18,101.01,218929,229.79,2408,129637.0,59.21
ENKEIWHEL, 25-Aug-2026,414.0,419.0,403.8,416.4,403.65,1752,7.22,35,1717.0,98.0
ENRIN, 25-Aug-2026,3490.0,3495.5,3371.0,3389.6,3485.7,395921,13489.28,36940,211502.0,53.42
ENSER, 25-Aug-2026,15.4,15.5,14.75,15.4,15.4,115000,17.62,18,105000.0,91.3
ENTERO, 25-Aug-2026,1595.0,1667.0,1535.1,1633.0,1529.8,2229594,36163.67,116549,380504.0,17.07
ENVIRO, 25-Aug-2026,71.0,72.0,69.5,70.1,71.25,45000,31.89,28,33000.0,73.33
EPACK, 25-Aug-2026,201.29,203.0,199.06,199.91,201.29,399174,799.53,5872,216521.0,54.24
EPACKPEB, 25-Aug-2026,228.7,236.8,227.45,236.1,229.45,453135,1059.36,7058,165311.0,36.48
EPIGRAL, 25-Aug-2026,1212.0,1248.0,1203.1,1240.9,1202.7,144103,1781.34,14774,57749.0,40.07
EPL, 25-Aug-2026,265.7,267.26,257.4,258.32,263.48,1597604,4170.15,27105,841029.0,52.64
EPWINDIA, 25-Aug-2026,263.0,265.0,263.0,265.0,253.0,4800,12.68,4,4800.0,100.0
EQUAL200, 25-Aug-2026,13.99,14.08,13.94,14.05,13.99,18574,2.6,47,15808.0,85.11
EQUAL50, 25-Aug-2026,333.5,335.43,333.0,335.43,334.52,2786,9.3,23,1235.0,44.33
EQUAL50ADD, 25-Aug-2026,346.9,347.47,343.82,346.64,344.84,5156,17.78,232,2683.0,52.04
EQUITASBNK, 25-Aug-2026,75.0,75.5,74.71,75.06,75.0,1023679,767.45,14732,650256.0,63.52
ERIS, 25-Aug-2026,1325.1,1326.7,1306.7,1309.6,1325.6,59489,780.86,17564,32607.0,54.81
ESABINDIA, 25-Aug-2026,6279.0,6279.0,6146.0,6168.5,6224.5,3001,185.51,897,1532.0,51.05
ESCONET, 25-Aug-2026,191.95,195.95,187.05,192.3,188.15,20000,38.58,50,12000.0,60.0
ESCORTS, 25-Aug-2026,3097.3,3103.9,3050.0,3064.8,3097.3,31808,974.33,5429,13124.0,41.26
ESENSEX, 25-Aug-2026,77.7,78.32,77.56,78.32,77.9,175,0.14,11,158.0,90.29
ESFL, 25-Aug-2026,120.15,121.65,120.0,121.45,123.0,5040,6.08,10,4680.0,92.86
ESG, 25-Aug-2026,41.71,41.88,41.53,41.87,41.59,2460,1.03,54,1836.0,74.63
ESILVER, 25-Aug-2026,240.99,241.2,238.11,239.15,242.11,22056,52.78,3810,6286.0,28.5
ESPRIT, 25-Aug-2026,67.0,67.0,65.75,65.75,67.5,3200,2.12,2,3200.0,100.0
ESSARSHPNG, 25-Aug-2026,16.76,16.94,16.25,16.62,16.98,182365,30.26,942,105325.0,57.76
ESSENTIA, 25-Aug-2026,1.16,1.19,1.13,1.13,1.18,5396157,61.24,1148,3801673.0,70.45
ESTER, 25-Aug-2026,94.8,96.87,94.13,95.86,94.13,64817,61.82,1402,32539.0,50.2
ETERNAL, 25-Aug-2026,330.0,331.0,325.5,331.0,327.15,29062006,95679.26,100423,15004930.0,51.63
ETHOSLTD, 25-Aug-2026,2908.0,2936.6,2861.1,2894.7,2892.0,43319,1259.19,7064,18431.0,42.55
ETL, 25-Aug-2026,1055.0,1080.0,1055.0,1078.0,1021.0,1500,16.03,10,1500.0,100.0
ETML, 25-Aug-2026,78.0,83.95,78.0,81.55,82.15,25200,20.58,10,22800.0,90.48
EUREKAFORB, 25-Aug-2026,422.0,422.0,409.0,410.35,418.35,177903,734.29,9269,114096.0,64.13
EUROBOND, 25-Aug-2026,155.5,162.18,152.6,153.56,158.12,7996,12.34,156,7151.0,89.43
EUROPRATIK, 25-Aug-2026,265.0,266.65,258.9,261.25,267.4,214652,562.38,5815,73758.0,34.36
EVEREADY, 25-Aug-2026,352.9,353.45,333.7,341.75,350.5,239931,819.6,4483,116373.0,48.5
EVIETF, 25-Aug-2026,33.55,33.89,33.29,33.49,33.51,191130,63.86,602,107315.0,56.15
EVINDIA, 25-Aug-2026,33.5,33.6,33.3,33.49,33.49,179391,59.94,1668,117885.0,65.71
EXCELINDUS, 25-Aug-2026,1081.7,1093.95,1050.5,1057.25,1072.65,16113,172.56,1265,7839.0,48.65
EXCELLENT, 25-Aug-2026,211.0,211.0,206.0,206.0,202.0,3200,6.67,2,3200.0,100.0
EXCELSOFT, 25-Aug-2026,70.3,70.5,69.66,70.27,70.13,146518,102.68,1622,70782.0,48.31
EXICOM, 25-Aug-2026,159.95,160.73,154.62,157.36,159.87,525530,826.57,6693,161958.0,30.82
EXIDEIND, 25-Aug-2026,452.1,456.0,446.7,448.75,453.3,1017559,4578.3,26360,444160.0,43.65
EXIMROUTES, 25-Aug-2026,109.0,110.0,109.0,110.0,106.05,1600,1.75,2,1600.0,100.0
EXPLEOSOL, 25-Aug-2026,891.0,896.95,866.0,870.65,882.05,22360,195.7,1729,11974.0,53.55
EXXARO, 25-Aug-2026,6.1,6.14,6.02,6.13,6.14,92061,5.61,248,82657.0,89.79
FABTECH, 25-Aug-2026,146.59,151.8,145.0,147.62,147.05,163750,241.91,2080,80098.0,48.91
FACT, 25-Aug-2026,805.0,920.0,800.0,876.1,784.25,34307227,305341.48,648806,1177581.0,3.43
FALCONTECH, 25-Aug-2026,13.2,13.2,12.9,12.9,12.8,2400,0.31,2,2400.0,100.0
FASCINATE, 25-Aug-2026,109.1,109.1,109.1,109.1,114.8,184800,201.62,115,184800.0,100.0
FAZE3Q, 25-Aug-2026,498.0,507.0,485.2,489.05,492.85,28749,142.6,1065,17466.0,60.75
FCL, 25-Aug-2026,49.78,49.79,47.2,48.78,49.62,13246093,6397.61,37291,4943875.0,37.32
FCSSOFT, 25-Aug-2026,1.47,1.49,1.44,1.44,1.47,4127018,60.44,1710,2088337.0,50.6
FDC, 25-Aug-2026,344.3,350.6,340.85,343.65,344.3,97739,336.86,4429,50868.0,52.04
FEDDERSHOL, 25-Aug-2026,39.49,41.07,39.04,40.53,39.82,191082,76.99,1998,50486.0,26.42
FEDERALBNK, 25-Aug-2026,357.7,358.7,342.05,346.95,357.75,16134284,56131.2,137998,8628960.0,53.48
FEDFINA, 25-Aug-2026,159.05,160.3,157.48,159.02,159.05,578600,919.36,9120,276553.0,47.8
FELIX, 25-Aug-2026,179.05,184.2,178.1,180.35,180.95,48500,88.09,62,23500.0,48.45
FERMENTA, 25-Aug-2026,480.0,480.0,456.05,468.4,475.1,91861,426.24,3625,50451.0,54.92
FIBERWEB, 25-Aug-2026,26.7,26.9,26.01,26.07,26.7,9315,2.45,150,6023.0,64.66
FICRF3GP, 25-Aug-2026,468.18,468.18,468.18,468.18,520.2,1,0.0,1,1.0,100.0
FIDEL, 25-Aug-2026,138.95,140.0,138.95,140.0,137.95,3000,4.18,3,3000.0,100.0
FIEMIND, 25-Aug-2026,2164.1,2182.4,2150.0,2165.6,2164.1,50034,1082.66,7241,27700.0,55.36
FILATEX, 25-Aug-2026,83.85,83.87,80.37,82.11,84.05,1602492,1315.81,8216,754483.0,47.08
FILATFASH, 25-Aug-2026,0.18,0.19,0.18,0.18,0.18,12344597,22.77,1800,6478262.0,52.48
FINBUD, 25-Aug-2026,139.95,139.95,129.0,129.65,134.6,27000,35.45,25,19000.0,70.37
FINCABLES, 25-Aug-2026,1291.9,1291.9,1244.7,1259.85,1291.6,343314,4335.69,23617,139972.0,40.77
FINEORG, 25-Aug-2026,5280.3,5317.0,5176.5,5186.9,5277.4,18816,987.32,5811,10458.0,55.58
FINIETF, 25-Aug-2026,33.38,33.6,33.25,33.52,33.37,263142,87.82,937,133864.0,50.87
FINKURVE, 25-Aug-2026,80.21,83.0,78.55,79.84,79.63,72496,58.0,518,51871.0,71.55
FINOPB, 25-Aug-2026,147.3,147.8,145.0,145.53,147.91,164819,240.74,1690,80744.0,48.99
FINPIPE, 25-Aug-2026,165.5,165.5,161.0,162.81,165.51,333322,541.99,19589,155409.0,46.62
FIRSTCRY, 25-Aug-2026,194.77,196.98,191.62,192.04,193.77,834106,1612.76,19929,417006.0,49.99
FISCHER, 25-Aug-2026,36.1,37.4,36.1,36.93,36.47,567350,209.29,2018,330481.0,58.25
FIVESTAR, 25-Aug-2026,500.0,507.0,489.5,501.0,500.0,758823,3793.09,31819,341383.0,44.99
FLAIR, 25-Aug-2026,251.05,252.55,249.5,250.95,251.05,35830,90.04,838,17891.0,49.93
FLEXIADD, 25-Aug-2026,10.2,10.22,10.14,10.19,10.2,48258,4.91,331,31987.0,66.28
FLUOROCHEM, 25-Aug-2026,4645.0,4675.9,4585.0,4606.2,4622.6,84922,3922.14,9658,52256.0,61.53
FLYSBS, 25-Aug-2026,594.0,617.0,588.0,607.8,592.25,173000,1045.35,476,130600.0,75.49
FMCGADD, 25-Aug-2026,47.48,47.82,47.48,47.81,47.65,14191,6.76,73,6407.0,45.15
FMCGIETF, 25-Aug-2026,49.72,51.4,49.72,51.17,51.0,590863,301.65,2851,379276.0,64.19
FMGOETZE, 25-Aug-2026,500.0,560.0,494.8,534.1,483.35,20771319,112355.75,295143,1224824.0,5.9
FMNL, 25-Aug-2026,9.66,9.66,9.55,9.66,9.2,38548,3.72,59,38547.0,100.0
FONEBOX, 25-Aug-2026,90.5,90.5,90.5,90.5,90.5,1000,0.91,1,1000.0,100.0
FOODSIN, 25-Aug-2026,55.0,55.01,53.0,54.53,54.2,23535,12.77,289,13875.0,58.95
FORCAS, 25-Aug-2026,205.0,205.0,205.0,205.0,201.0,1600,3.28,1,1600.0,100.0
FORCEMOT, 25-Aug-2026,17600.0,17625.0,17276.0,17431.0,17600.0,75854,13203.35,21587,34408.0,45.36
FORTIS, 25-Aug-2026,916.4,923.95,901.4,923.95,918.0,1498492,13654.12,34552,941176.0,62.81
FOSECOIND, 25-Aug-2026,5384.5,5698.5,5365.0,5615.5,5358.0,25761,1427.42,4985,12630.0,49.03
FRACTAL, 25-Aug-2026,829.7,839.0,814.0,834.2,828.5,331804,2731.91,41055,157762.0,47.55
FREDUN, 25-Aug-2026,1431.1,1465.0,1420.6,1448.6,1431.1,15597,225.34,1621,9626.0,61.72
FRESHARA, 25-Aug-2026,417.3,422.9,385.0,414.65,402.8,126000,522.18,141,114600.0,90.95
FROG, 25-Aug-2026,224.45,224.45,224.45,224.45,220.05,6400,14.36,13,6400.0,100.0
FRONTSP, 25-Aug-2026,1265.0,1285.0,1260.1,1278.5,1259.1,8192,104.34,1110,5055.0,61.71
FSL, 25-Aug-2026,272.8,276.65,269.3,275.4,272.5,775808,2122.73,13067,272255.0,35.09
FUSION, 25-Aug-2026,203.0,205.0,198.17,200.05,202.38,277753,557.83,7686,150751.0,54.28
FWSTC, 25-Aug-2026,200.0,200.0,200.0,200.0,197.0,2400,4.8,2,2400.0,100.0
GABRIEL, 25-Aug-2026,1359.0,1372.5,1335.6,1346.0,1358.9,395008,5329.12,30886,206086.0,52.17
GAEL, 25-Aug-2026,180.5,182.0,176.45,177.53,180.6,1065445,1909.11,15037,552379.0,51.84
GAIL, 25-Aug-2026,173.0,176.29,172.39,175.5,173.75,7837508,13644.22,48396,4348340.0,55.48
GAJANAND, 25-Aug-2026,8.0,8.0,8.0,8.0,8.0,3000,0.24,1,3000.0,100.0
GALAPREC, 25-Aug-2026,1093.0,1093.0,1060.2,1076.6,1093.9,22097,236.87,2293,10574.0,47.85
GALAXYSURF, 25-Aug-2026,2332.0,2349.7,2275.6,2284.2,2316.4,17850,411.83,3689,7381.0,41.35
GALLANTT, 25-Aug-2026,579.65,590.0,576.1,581.5,580.25,34223,199.38,3063,15661.0,45.76
GANDHAR, 25-Aug-2026,257.35,257.4,251.0,255.42,256.62,667901,1694.74,9551,313159.0,46.89
GANDHITUBE, 25-Aug-2026,894.15,904.8,875.6,898.8,895.1,11730,104.56,759,6672.0,56.88
GANECOS, 25-Aug-2026,1072.0,1074.5,1045.7,1051.6,1068.2,48288,510.76,5046,26127.0,54.11
GANESHCP, 25-Aug-2026,162.83,168.2,161.05,166.23,161.73,187614,310.34,3122,88434.0,47.14
GANESHHOU, 25-Aug-2026,809.8,845.0,806.25,838.7,808.15,57126,476.03,3768,23983.0,41.98
GANESHIN, 25-Aug-2026,114.0,114.45,111.0,112.45,114.55,24800,27.93,23,21600.0,87.1
GANGABATH, 25-Aug-2026,22.7,22.7,21.6,22.45,22.45,24000,5.32,8,15000.0,62.5
GANGAFORGE, 25-Aug-2026,1.86,2.0,1.86,1.86,1.95,18772857,351.02,3435,13255564.0,70.61
GANGESSECU, 25-Aug-2026,123.7,126.25,122.0,123.4,122.99,1361,1.68,42,1007.0,73.99
GARFIBRES, 25-Aug-2026,812.8,812.8,782.15,800.5,809.4,56227,446.55,10445,27905.0,49.63
GARUDA, 25-Aug-2026,183.25,185.27,181.6,183.15,182.87,278876,510.94,4023,103221.0,37.01
GATEWAY, 25-Aug-2026,54.0,54.09,52.75,52.93,53.84,885634,470.8,6530,652006.0,73.62
GAYAHWS, 25-Aug-2026,1.96,1.97,1.91,1.93,1.92,131643,2.55,281,84244.0,63.99
GCHOTELS, 25-Aug-2026,97.5,99.8,94.95,95.75,98.55,30600,29.64,41,24000.0,78.43
GCSL, 25-Aug-2026,515.0,527.5,512.9,523.1,512.15,366323,1915.63,3910,79615.0,21.73
GEEKAYWIRE, 25-Aug-2026,22.99,23.69,22.45,22.6,22.48,83689,18.96,876,21128.0,25.25
GEMAROMA, 25-Aug-2026,173.67,174.84,167.41,172.8,173.67,82131,141.09,1491,42728.0,52.02
GENCON, 25-Aug-2026,42.26,42.35,41.15,41.5,41.57,282055,118.26,549,63067.0,22.36
GENESYS, 25-Aug-2026,181.3,214.25,181.3,214.25,178.55,4190457,8747.94,25523,937157.0,22.36
GENUSPAPER, 25-Aug-2026,11.29,12.5,11.12,12.09,11.12,269410,31.81,794,216181.0,80.24
GENUSPOWER, 25-Aug-2026,340.0,343.7,333.1,335.05,339.6,1964249,6643.74,28351,816757.0,41.58
GENXAI, 25-Aug-2026,77.0,77.5,76.0,76.8,76.15,25200,19.29,15,24000.0,95.24
GEOJITFSL, 25-Aug-2026,82.9,83.84,80.3,80.63,82.98,397241,324.76,3157,217657.0,54.79
GESHIP, 25-Aug-2026,1349.0,1380.0,1338.0,1342.6,1333.0,2444622,33199.28,102569,713555.0,29.19
GFLLIMITED, 25-Aug-2026,56.0,56.0,54.09,54.37,55.41,54747,30.12,1061,31959.0,58.38
GGBL, 25-Aug-2026,242.0,243.3,228.5,229.35,240.95,65100,152.1,180,51600.0,79.26
GHCL, 25-Aug-2026,447.9,447.9,440.0,440.8,443.85,78861,349.22,3286,52641.0,66.75
GHCLTEXTIL, 25-Aug-2026,124.9,127.0,123.46,125.6,124.21,497625,623.74,6912,251030.0,50.45
GICHSGFIN, 25-Aug-2026,137.3,141.47,137.0,140.44,137.16,117914,164.22,1811,70687.0,59.95
GICL, 25-Aug-2026,23.97,23.97,23.4,23.75,23.89,192683,45.68,314,121439.0,63.03
GICRE, 25-Aug-2026,356.95,358.65,350.8,351.4,356.95,904213,3194.13,18051,607447.0,67.18
GILLANDERS, 25-Aug-2026,102.77,108.99,100.0,105.88,102.26,45011,47.5,448,37162.0,82.56
GILLETTE, 25-Aug-2026,7406.5,7458.5,7378.0,7439.0,7406.5,23437,1737.2,5083,13608.0,58.06
GILT10BETA, 25-Aug-2026,26.35,26.87,26.35,26.57,26.5,487,0.13,18,469.0,96.3
GILT5BETA, 25-Aug-2026,66.5,66.5,65.75,65.75,66.5,1188,0.78,15,1187.0,99.92
GILT5YBEES, 25-Aug-2026,66.01,66.33,66.01,66.25,66.16,150539,99.67,504,93314.0,61.99
GIPCL, 25-Aug-2026,177.4,191.25,177.4,190.72,178.39,3504842,6543.28,35009,1629897.0,46.5
GIRIRAJ, 25-Aug-2026,92.0,92.0,92.0,92.0,87.65,4250,3.91,7,4250.0,100.0
GJL, 25-Aug-2026,244.9,245.0,232.7,232.7,244.9,4000,9.52,5,4000.0,100.0
GKENERGY, 25-Aug-2026,125.5,126.9,125.0,126.19,124.37,232229,292.61,2776,117993.0,50.81
GKSL, 25-Aug-2026,152.54,157.44,150.16,152.46,152.54,574445,887.59,5413,239114.0,41.63
GKWLIMITED, 25-Aug-2026,1622.0,1622.0,1590.0,1596.1,1601.0,592,9.54,40,509.0,85.98
GLAND, 25-Aug-2026,2810.9,2835.9,2776.1,2824.6,2801.6,139251,3904.38,17165,54367.0,39.04
GLAXO, 25-Aug-2026,2953.8,3010.0,2917.6,2963.4,2931.7,174436,5149.01,27876,117625.0,67.43
GLENMARK, 25-Aug-2026,2391.7,2421.0,2376.0,2400.0,2390.7,653245,15675.72,65381,278136.0,42.58
GLFL, 25-Aug-2026,5.89,6.05,5.55,5.71,5.77,3318,0.19,84,2294.0,69.14
GLOBAL, 25-Aug-2026,107.29,109.74,104.4,106.71,107.5,308947,324.99,1158,270386.0,87.52
GLOBALE, 25-Aug-2026,11.5,11.99,11.41,11.7,11.76,4478,0.51,22,4476.0,99.96
GLOBALPET, 25-Aug-2026,155.0,155.0,155.0,155.0,151.0,4500,6.98,2,4500.0,100.0
GLOBALVECT, 25-Aug-2026,147.0,150.0,147.0,148.9,149.1,3179,4.74,227,2290.0,72.04
GLOBE, 25-Aug-2026,2.0,2.04,1.98,2.02,2.0,250887,5.03,189,214561.0,85.52
GLOBECIVIL, 25-Aug-2026,42.14,45.9,42.14,45.69,42.12,229737,102.1,1531,140227.0,61.04
GLOBUSSPR, 25-Aug-2026,910.95,924.15,907.5,917.7,910.95,116295,1065.45,5392,57190.0,49.18
GLOSTERLTD, 25-Aug-2026,623.0,623.0,592.0,595.05,597.0,802,4.83,81,541.0,67.46
GLOTTIS, 25-Aug-2026,67.99,67.99,65.1,65.88,67.66,36824,24.29,645,23358.0,63.43
GMBREW, 25-Aug-2026,877.85,894.4,877.85,887.55,877.85,12829,113.33,1460,6592.0,51.38
GMDCLTD, 25-Aug-2026,574.35,578.8,563.1,567.35,570.85,554608,3152.5,15553,193878.0,34.96
GML, 25-Aug-2026,17.65,17.65,17.65,17.65,17.7,4000,0.71,2,4000.0,100.0
GMMPFAUDLR, 25-Aug-2026,981.0,1013.8,981.0,1004.9,989.3,99442,994.34,8077,51370.0,51.66
GMRAIRPORT, 25-Aug-2026,98.82,99.85,98.15,99.85,98.82,5880177,5797.14,29279,3156159.0,53.67
GMRP&UI, 25-Aug-2026,96.1,97.0,95.61,96.11,96.1,484469,466.3,5335,252854.0,52.19
GNA, 25-Aug-2026,559.0,561.3,546.1,548.8,555.4,183814,1012.41,5943,90153.0,49.05
GNFC, 25-Aug-2026,595.0,603.65,583.25,588.0,593.0,654241,3881.59,21245,259958.0,39.73
GNRL, 25-Aug-2026,100.77,100.77,99.5,99.54,99.96,21837,21.8,240,17050.0,78.08
GOACARBON, 25-Aug-2026,352.05,359.0,350.1,357.45,351.7,11342,40.37,886,6850.0,60.39
GOCLCORP, 25-Aug-2026,399.25,407.0,394.2,395.7,398.4,29011,115.16,991,17457.0,60.17
GOCOLORS, 25-Aug-2026,354.8,354.8,337.1,340.25,353.3,197710,679.05,4238,99872.0,50.51
GODAVARIB, 25-Aug-2026,242.05,243.0,239.0,241.2,240.85,77978,187.67,1860,37949.0,48.67
GODFRYPHLP, 25-Aug-2026,2105.0,2107.0,2067.1,2107.0,2100.5,235034,4902.91,17308,65765.0,27.98
GODIGIT, 25-Aug-2026,259.7,263.5,257.9,258.8,260.4,147132,382.42,8780,68348.0,46.45
GODREJAGRO, 25-Aug-2026,570.0,625.0,569.95,610.1,572.75,3498758,21382.23,86292,552487.0,15.79
GODREJCP, 25-Aug-2026,928.9,930.9,918.2,929.2,928.9,676534,6248.63,17632,306396.0,45.29
GODREJIND, 25-Aug-2026,1180.0,1181.0,1131.3,1165.9,1184.5,306506,3526.88,26126,80645.0,26.31
GODREJPROP, 25-Aug-2026,2035.1,2049.0,2011.5,2049.0,2039.9,384390,7798.34,24522,176684.0,45.96
GOKEX, 25-Aug-2026,797.5,802.55,786.25,791.25,796.95,112600,892.31,6534,61980.0,55.04
GOKUL, 25-Aug-2026,44.87,46.0,43.56,44.98,44.36,289698,129.64,2704,75628.0,26.11
GOKULAGRO, 25-Aug-2026,243.49,259.5,242.71,252.85,244.05,2542528,6471.6,41321,757894.0,29.81
GOLD1, 25-Aug-2026,133.69,134.94,133.51,134.03,134.48,1289621,1730.17,7339,655999.0,50.87
GOLD360, 25-Aug-2026,158.2,158.2,156.15,156.45,157.05,129924,204.48,677,108513.0,83.52
GOLDADD, 25-Aug-2026,160.27,160.27,155.5,156.04,156.37,1662509,2598.09,9574,1128288.0,67.87
GOLDAXIS, 25-Aug-2026,134.31,134.51,133.24,133.78,134.31,1620658,2167.49,5316,905415.0,55.87
GOLDBEES, 25-Aug-2026,133.02,133.45,132.28,132.78,133.02,39819108,52907.58,90945,19093921.0,47.95
GOLDBETA, 25-Aug-2026,132.15,135.9,132.15,135.35,135.5,1231168,1664.94,3147,856838.0,69.6
GOLDBND, 25-Aug-2026,160.67,161.98,159.54,159.81,160.69,17409,27.9,214,14701.0,84.44
GOLDCASE, 25-Aug-2026,25.56,25.56,25.2,25.3,25.33,11155936,2824.14,9340,4635666.0,41.55
GOLDETF, 25-Aug-2026,156.52,156.75,155.51,156.17,156.11,1299275,2028.52,14527,654823.0,50.4
GOLDIAM, 25-Aug-2026,356.05,362.95,356.05,360.0,360.55,246651,888.75,5442,106721.0,43.27
GOLDIETF, 25-Aug-2026,137.71,138.25,136.97,137.52,137.71,8023326,11036.84,30875,4275891.0,53.29
GOLDSTAR, 25-Aug-2026,7.45,7.45,7.45,7.45,7.45,22500,1.68,2,22500.0,100.0
GOODLUCK, 25-Aug-2026,475.0,477.0,454.1,456.2,477.7,383822,1769.3,10000,185963.0,48.45
GOODYEAR, 25-Aug-2026,760.0,760.0,749.5,754.1,756.15,4422,33.28,421,2992.0,67.66
GOPAL, 25-Aug-2026,286.9,287.9,280.5,280.75,284.35,153952,434.78,8198,52264.0,33.95
GOYALALUM, 25-Aug-2026,6.47,6.47,6.37,6.42,6.43,31262,2.0,193,29628.0,94.77
GOYALSALT, 25-Aug-2026,105.0,105.05,105.0,105.0,106.0,1800,1.89,3,1800.0,100.0
GPECO, 25-Aug-2026,391.95,400.0,391.0,397.0,392.95,11000,43.73,43,10800.0,98.18
GPIL, 25-Aug-2026,245.27,247.04,243.24,244.26,245.27,633517,1550.93,10257,354296.0,55.93
GPPL, 25-Aug-2026,165.0,165.39,162.96,164.51,163.43,1164173,1910.77,14918,674813.0,57.97
GPTHEALTH, 25-Aug-2026,151.06,152.0,148.66,149.92,150.0,85347,128.37,3396,42290.0,49.55
GPTINFRA, 25-Aug-2026,114.1,115.49,113.11,114.33,113.34,74308,84.77,1241,28885.0,38.87
GRADIENTE, 25-Aug-2026,3.03,3.03,2.84,2.84,2.98,1971270,56.92,421,800146.0,40.59
GRANDOAK, 25-Aug-2026,38.89,38.89,36.01,36.25,37.88,7226,2.65,84,4330.0,59.92
GRANULES, 25-Aug-2026,847.0,857.8,842.0,845.95,855.3,606461,5142.7,36937,362867.0,59.83
GRAPHISAD, 25-Aug-2026,26.0,26.0,26.0,26.0,26.25,1200,0.31,1,1200.0,100.0
GRAPHITE, 25-Aug-2026,721.6,722.0,700.5,704.55,718.75,551281,3913.92,22082,248482.0,45.07
GRASIM, 25-Aug-2026,3287.9,3300.2,3222.1,3289.6,3288.0,1752045,57112.85,59362,910788.0,51.98
GRAUWEIL, 25-Aug-2026,71.8,71.8,67.25,67.83,71.28,332841,228.32,3766,214070.0,64.32
GRAVISSHO, 25-Aug-2026,28.99,29.5,28.22,29.24,28.99,5259,1.5,40,4589.0,87.26
GRAVITA, 25-Aug-2026,1801.4,1814.7,1790.0,1800.4,1807.8,106679,1923.39,13375,59337.0,55.62
GRCL, 25-Aug-2026,585.6,585.6,585.6,585.6,557.75,2500,14.64,8,2500.0,100.0
GREAVESCOT, 25-Aug-2026,192.6,193.74,189.52,192.18,192.6,771967,1478.42,9301,363713.0,47.12
GREENCHEF, 25-Aug-2026,54.0,59.25,54.0,59.25,53.9,88800,52.28,64,84000.0,94.59
GREENLAM, 25-Aug-2026,251.0,252.25,246.0,248.85,251.3,52026,129.56,1703,28408.0,54.6
GREENLEAF, 25-Aug-2026,122.95,122.95,119.65,119.65,125.9,5000,6.02,5,5000.0,100.0
GREENPANEL, 25-Aug-2026,155.01,159.56,155.01,156.34,158.12,237045,371.39,7719,142596.0,60.16
GREENPLY, 25-Aug-2026,291.95,291.95,286.2,287.9,291.55,42071,121.42,1567,20875.0,49.62
GREENPOWER, 25-Aug-2026,9.5,9.52,9.39,9.42,9.5,1626998,153.41,3461,819513.0,50.37
GRINDWELL, 25-Aug-2026,2053.1,2075.1,1992.0,2005.8,2053.1,64421,1313.4,13734,43921.0,68.18
GRINFRA, 25-Aug-2026,875.05,905.0,871.05,902.05,879.1,32712,292.77,3379,19524.0,59.68
GRMOVER, 25-Aug-2026,90.2,90.25,88.26,89.13,90.24,1130114,1003.79,12788,247097.0,21.86
GROBTEA, 25-Aug-2026,959.5,968.0,936.9,967.15,954.45,250,2.41,42,198.0,79.2
GROWW, 25-Aug-2026,196.4,205.21,196.11,203.01,196.47,53203469,107857.76,219946,21366210.0,40.16
GROWWCAPM, 25-Aug-2026,11.58,11.59,11.46,11.54,11.53,350625,40.5,550,280935.0,80.12
GROWWCHEM, 25-Aug-2026,30.04,30.5,29.86,30.19,29.93,156385,47.02,1022,137601.0,87.99
GROWWDEFNC, 25-Aug-2026,97.14,97.79,96.1,97.42,97.09,156059,151.42,2335,84157.0,53.93
GROWWEV, 25-Aug-2026,33.61,33.61,33.03,33.42,33.35,232734,77.44,1892,118677.0,50.99
GROWWGOLD, 25-Aug-2026,15.72,15.76,15.61,15.68,15.72,2150663,337.35,3543,773259.0,35.95
GROWWHOSPI, 25-Aug-2026,51.65,52.32,51.51,52.21,51.62,199339,103.63,1152,151256.0,75.88
GROWWLIQID, 25-Aug-2026,110.51,110.51,110.5,110.5,110.47,219548,242.61,183,124668.0,56.78
GROWWLOVOL, 25-Aug-2026,10.47,10.62,10.38,10.5,10.47,7635,0.8,113,4775.0,62.54
GROWWMC150, 25-Aug-2026,233.99,236.4,233.7,234.92,233.95,732,1.72,34,593.0,81.01
GROWWMETAL, 25-Aug-2026,13.03,13.17,12.5,12.69,12.72,363148,46.03,1651,161301.0,44.42
GROWWMOM50, 25-Aug-2026,11.24,11.24,10.97,11.05,11.04,785480,86.63,527,345417.0,43.98
GROWWN200, 25-Aug-2026,11.42,11.59,11.36,11.49,11.47,24080,2.76,257,19576.0,81.3
GROWWNET, 25-Aug-2026,11.0,11.02,10.65,10.97,10.8,1411953,153.64,745,1313136.0,93.0
GROWWNIFTY, 25-Aug-2026,9.55,9.94,9.55,9.8,9.8,589009,57.64,2935,341091.0,57.91
GROWWNXT50, 25-Aug-2026,74.5,74.8,73.95,74.78,74.49,13437,9.98,84,10008.0,74.48
GROWWPOWER, 25-Aug-2026,11.09,11.48,11.09,11.39,11.38,1217173,137.97,2272,612358.0,50.31
GROWWPSE, 25-Aug-2026,98.21,98.7,97.65,97.86,98.21,390,0.38,38,375.0,96.15
GROWWPSUBK, 25-Aug-2026,85.0,86.89,84.59,86.72,85.7,1408,1.21,54,977.0,69.39
GROWWRAIL, 25-Aug-2026,28.72,28.8,28.48,28.6,28.69,574602,164.2,2722,368908.0,64.2
GROWWRLTY, 25-Aug-2026,10.47,10.47,10.03,10.3,10.26,282579,29.02,405,160915.0,56.95
GROWWSC250, 25-Aug-2026,10.63,10.74,10.56,10.61,10.63,86198,9.13,532,53877.0,62.5
GROWWSLVR, 25-Aug-2026,23.15,23.67,23.14,23.45,23.75,1842538,432.87,2183,491671.0,26.68
GRPLTD, 25-Aug-2026,1973.2,2015.2,1960.0,1967.8,1983.1,832,16.51,176,525.0,63.1
GRSE, 25-Aug-2026,2592.3,2622.0,2577.0,2607.5,2596.1,344854,8956.72,21838,96856.0,28.09
GRWRHITECH, 25-Aug-2026,7250.0,7310.0,7102.0,7264.0,7234.5,30276,2184.78,8738,13733.0,45.36
GSEC10ADD, 25-Aug-2026,26.93,26.93,26.91,26.91,26.86,31,0.01,7,31.0,100.0
GSEC10IETF, 25-Aug-2026,263.61,265.77,263.61,265.77,263.61,3,0.01,3,3.0,100.0
GSEC10YEAR, 25-Aug-2026,30.52,30.58,30.38,30.45,30.37,440,0.13,18,437.0,99.32
GSEC5IETF, 25-Aug-2026,66.35,66.81,66.03,66.81,66.28,1522,1.01,24,1469.0,96.52
GSFC, 25-Aug-2026,160.39,162.88,158.61,159.16,159.65,3644998,5839.96,29106,1263473.0,34.66
GSLSU, 25-Aug-2026,30.0,31.48,29.83,29.83,31.4,67349,20.39,807,44747.0,66.44
GSMFOILS, 25-Aug-2026,101.65,101.65,98.8,101.65,96.85,494000,501.57,479,398000.0,80.57
GSPCROP, 25-Aug-2026,605.1,667.95,603.15,631.4,622.2,978249,6237.81,30864,309386.0,31.63
GSS, 25-Aug-2026,13.36,13.36,12.3,12.47,13.1,70767,8.89,245,59607.0,84.23
GSTL, 25-Aug-2026,14.4,14.4,13.45,13.5,13.9,3000,0.41,3,1000.0,33.33
GTL, 25-Aug-2026,7.6,7.6,7.32,7.36,7.42,181890,13.58,616,140704.0,77.36
GTLINFRA, 25-Aug-2026,1.22,1.23,1.2,1.21,1.22,38295102,464.03,9470,14549027.0,37.99
GTPL, 25-Aug-2026,54.49,55.85,54.45,54.83,54.49,13450,7.42,284,8794.0,65.38
GUFICBIO, 25-Aug-2026,414.75,418.65,410.0,413.65,418.0,53726,222.47,3017,29493.0,54.9
GUJALKALI, 25-Aug-2026,729.4,734.5,714.65,726.7,723.0,159577,1158.37,10486,69952.0,43.84
GUJAPOLLO, 25-Aug-2026,355.15,355.15,345.25,349.55,349.4,4269,14.9,200,3024.0,70.84
GUJENERGY, 25-Aug-2026,259.9,263.4,255.2,256.5,259.0,1302116,3350.71,29677,815126.0,62.6
GUJRAFFIA, 25-Aug-2026,40.49,41.49,40.0,40.62,40.49,1201,0.49,29,948.0,78.93
GUJTHEM, 25-Aug-2026,409.95,416.65,392.0,404.7,411.7,926859,3793.29,20139,454379.0,49.02
GULFOILLUB, 25-Aug-2026,1164.9,1173.9,1140.0,1154.4,1164.1,61072,702.71,8013,32561.0,53.32
GULPOLY, 25-Aug-2026,193.0,202.2,192.78,196.25,193.54,553235,1096.46,11270,235775.0,42.62
GURUNANAK, 25-Aug-2026,37.7,37.7,35.1,35.6,35.95,14400,5.29,9,9600.0,66.67
GVPIL, 25-Aug-2026,648.1,658.5,641.0,644.5,650.5,183645,1189.72,6786,99228.0,54.03
GVPTECH, 25-Aug-2026,7.45,7.48,7.0,7.08,7.31,59398,4.28,366,45166.0,76.04
GVT&D, 25-Aug-2026,4160.0,4185.0,4060.1,4185.0,4177.9,868892,35771.65,68624,405565.0,46.68
GYFTR, 25-Aug-2026,161.8,162.7,160.0,160.74,160.61,11160,17.97,215,5806.0,52.03
HAL, 25-Aug-2026,4890.2,4900.0,4805.0,4900.0,4906.0,565718,27463.79,43728,171532.0,30.32
HALDER, 25-Aug-2026,300.05,300.05,292.66,295.58,296.59,28621,84.96,330,6080.0,21.24
HALEOSLABS, 25-Aug-2026,1480.0,1524.0,1462.4,1500.3,1510.7,400,5.98,61,308.0,77.0
HAMPTON, 25-Aug-2026,8.1,8.55,7.99,8.02,7.94,28459,2.3,158,24746.0,86.95
HAPPSTMNDS, 25-Aug-2026,440.2,450.3,432.75,445.95,436.25,1616573,7129.8,36309,752577.0,46.55
HAPPY, 25-Aug-2026,104.0,104.4,91.45,95.75,101.6,340000,327.67,155,178000.0,52.35
HAPPYFORGE, 25-Aug-2026,2209.0,2209.0,2135.3,2151.1,2191.0,58440,1265.88,12550,35289.0,60.39
HARDWYN, 25-Aug-2026,9.09,9.21,9.02,9.03,9.1,887925,80.69,1378,552116.0,62.18
HARIOMPIPE, 25-Aug-2026,347.95,350.0,345.1,348.95,348.05,43937,152.35,1516,24403.0,55.54
HARRMALAYA, 25-Aug-2026,204.0,204.0,196.5,198.85,200.68,10281,20.62,512,5209.0,50.67
HARSHA, 25-Aug-2026,443.0,445.4,426.0,428.3,442.9,75260,325.59,3754,43774.0,58.16
HATHWAY, 25-Aug-2026,10.53,10.69,10.51,10.56,10.59,1342048,141.87,1619,672893.0,50.14
HATSUN, 25-Aug-2026,1055.05,1055.1,1025.55,1030.5,1044.5,36136,374.87,5247,16374.0,45.31
HAVELLS, 25-Aug-2026,1260.1,1299.1,1252.3,1269.1,1268.5,637730,8096.67,36807,193435.0,30.33
HAVISHA, 25-Aug-2026,1.4,1.64,1.36,1.39,1.4,126723,1.81,190,54595.0,43.08
HAWKINCOOK, 25-Aug-2026,8155.0,8220.0,8090.0,8152.5,8153.5,1927,157.06,780,1114.0,57.81
HAZOOR, 25-Aug-2026,19.8,20.95,19.8,20.52,20.43,166713,34.24,438,110050.0,66.01
HBESD, 25-Aug-2026,74.52,77.0,74.52,74.55,74.85,705,0.53,23,279.0,39.57
HBLENGINE, 25-Aug-2026,690.9,699.7,686.6,694.6,690.9,442819,3068.77,17441,155190.0,35.05
HBPOR, 25-Aug-2026,62.7,62.7,60.66,60.74,62.0,250,0.15,16,225.0,90.0
HBSL, 25-Aug-2026,54.8,55.0,51.99,52.27,53.98,3019,1.6,54,2634.0,87.25
HCC, 25-Aug-2026,22.56,23.16,22.32,22.61,22.52,42033627,9563.12,46819,17535462.0,41.72
HCG, 25-Aug-2026,721.45,732.0,715.3,724.85,718.8,54195,393.12,5333,18406.0,33.96
HCL-INSYS, 25-Aug-2026,10.99,11.25,10.86,11.02,10.87,211173,23.38,594,96328.0,45.62
HCLTECH, 25-Aug-2026,1322.0,1322.9,1294.4,1315.8,1322.0,1314934,17161.15,61695,549413.0,41.78
HDBFS, 25-Aug-2026,690.0,690.05,682.7,687.6,688.9,92824,637.31,7477,49747.0,53.59
HDFCAMC, 25-Aug-2026,2609.9,2698.0,2606.8,2698.0,2618.0,1157541,30812.3,44717,703622.0,60.79
HDFCBANK, 25-Aug-2026,726.6,728.7,722.0,727.5,729.0,17511874,126975.54,193712,7685248.0,43.89
HDFCBSE500, 25-Aug-2026,37.97,38.07,37.64,38.0,37.97,1213254,458.33,321,644911.0,53.16
HDFCGOLD, 25-Aug-2026,137.2,138.0,134.0,137.09,137.53,5660949,7764.7,13521,2682769.0,47.39
HDFCGROWTH, 25-Aug-2026,120.64,121.64,120.33,121.14,120.25,49840,60.24,249,26502.0,53.17
HDFCLIFE, 25-Aug-2026,549.95,555.65,545.8,546.7,552.95,2264810,12473.04,36083,1247601.0,55.09
HDFCLIQUID, 25-Aug-2026,1075.35,1075.35,1075.28,1075.29,1075.01,79114,850.71,75,57851.0,73.12
HDFCLOWVOL, 25-Aug-2026,20.77,20.93,20.69,20.85,20.81,5095,1.06,65,4078.0,80.04
HDFCMID150, 25-Aug-2026,24.32,24.32,23.66,23.77,23.73,373521,88.67,1109,247477.0,66.26
HDFCMOMENT, 25-Aug-2026,31.42,31.49,31.23,31.43,31.27,146069,45.78,448,70282.0,48.12
HDFCNEXT50, 25-Aug-2026,75.58,75.89,75.31,75.82,75.27,140339,106.08,608,94126.0,67.07
HDFCNIF100, 25-Aug-2026,26.17,26.45,26.12,26.24,26.16,81607,21.41,215,45258.0,55.46
HDFCNIFBAN, 25-Aug-2026,60.52,60.52,59.01,59.11,59.05,234012,138.13,312,222132.0,94.92
HDFCNIFIT, 25-Aug-2026,32.1,33.08,32.1,32.56,32.6,40135,13.06,214,19632.0,48.91
HDFCNIFTY, 25-Aug-2026,279.89,279.89,272.22,273.73,273.07,141775,387.53,746,116744.0,82.34
HDFCNIMEG, 25-Aug-2026,133.11,133.12,132.28,133.08,133.13,1676,2.23,43,471.0,28.1
HDFCPSUBK, 25-Aug-2026,86.2,86.93,86.0,86.71,86.2,10358,8.97,165,6756.0,65.22
HDFCPVTBAN, 25-Aug-2026,28.12,28.12,27.92,27.97,27.98,55077,15.42,285,34613.0,62.84
HDFCQUAL, 25-Aug-2026,59.11,59.54,58.92,59.31,59.1,4385,2.6,78,2276.0,51.9
HDFCSENSEX, 25-Aug-2026,87.11,88.21,87.11,88.13,87.64,23938,21.0,485,15750.0,65.79
HDFCSILVER, 25-Aug-2026,229.69,230.89,227.95,228.72,231.71,2278256,5220.52,11160,719582.0,31.58
HDFCSML250, 25-Aug-2026,185.18,187.0,183.41,185.21,185.18,1237409,2287.98,8135,716824.0,57.93
HDFCVALUE, 25-Aug-2026,128.2,128.2,125.0,125.3,125.68,6822,8.54,120,3334.0,48.87
HEADSUP, 25-Aug-2026,6.95,6.95,6.52,6.7,6.86,21026,1.41,113,19724.0,93.81
HEALTHADD, 25-Aug-2026,16.04,16.79,16.03,16.77,16.36,259404,42.89,527,256671.0,98.95
HEALTHAXIS, 25-Aug-2026,166.88,190.0,166.78,169.82,166.57,2708,4.54,47,1084.0,40.03
HEALTHCARE, 25-Aug-2026,21.39,21.66,21.33,21.59,21.39,65536,14.03,137,57907.0,88.36
HEALTHIETF, 25-Aug-2026,170.36,170.36,167.82,169.83,168.67,98183,166.04,1080,38189.0,38.9
HEALTHX, 25-Aug-2026,299.65,303.5,296.3,296.65,298.2,1505,4.5,92,1469.0,97.61
HEALTHY, 25-Aug-2026,16.94,17.18,16.78,16.99,16.86,323335,54.6,1165,240467.0,74.37
HECPROJECT, 25-Aug-2026,119.9,123.0,116.51,121.21,115.01,12034,14.42,207,9810.0,81.52
HEG, 25-Aug-2026,726.35,730.0,708.0,721.55,722.75,1078477,7758.48,22024,356668.0,33.07
HEIDELBERG, 25-Aug-2026,160.1,162.48,159.71,161.72,159.93,128498,207.41,1715,77388.0,60.23
HEMIPROP, 25-Aug-2026,129.5,131.0,128.62,130.56,128.9,246005,319.04,2215,138070.0,56.12
HERANBA, 25-Aug-2026,177.85,179.0,170.0,174.27,178.35,95670,167.18,2100,48850.0,51.06
HERITGFOOD, 25-Aug-2026,387.55,392.0,375.8,389.85,387.55,282371,1084.37,7750,145085.0,51.38
HEROMOTOCO, 25-Aug-2026,5665.0,5682.0,5590.0,5624.5,5685.0,432456,24311.95,37182,220225.0,50.92
HESTERBIO, 25-Aug-2026,2360.0,2449.0,2355.1,2421.8,2364.5,2361,56.39,516,1172.0,49.64
HEXATRADEX, 25-Aug-2026,157.02,165.7,157.02,162.4,157.76,1538,2.48,52,1201.0,78.09
HEXT, 25-Aug-2026,559.4,561.5,548.85,556.9,562.5,222581,1234.62,11229,41661.0,18.72
HFCL, 25-Aug-2026,239.7,244.3,235.65,238.01,238.42,16055915,38355.08,92526,5669989.0,35.31
HGINFRA, 25-Aug-2026,512.35,512.35,500.2,502.85,506.65,49614,249.62,2754,28787.0,58.02
HGM, 25-Aug-2026,44.4,44.99,42.56,43.83,43.73,3183,1.39,56,1892.0,59.44
HGS, 25-Aug-2026,397.2,404.45,397.2,401.3,402.05,7587,30.45,449,5076.0,66.9
HIGREEN, 25-Aug-2026,127.75,128.3,126.0,127.15,128.8,11200,14.19,14,8800.0,78.57
HIKAL, 25-Aug-2026,212.1,212.91,205.81,208.37,211.99,169295,353.32,4612,83399.0,49.26
HILINFRA, 25-Aug-2026,45.82,46.58,45.25,45.27,46.5,81037,36.89,582,54864.0,67.7
HILTON, 25-Aug-2026,19.94,20.0,19.75,19.84,19.89,43062,8.57,247,36529.0,84.83
HIMATSEIDE, 25-Aug-2026,73.25,73.9,71.5,72.41,73.25,302957,220.36,2561,162846.0,53.75
HINDADH, 25-Aug-2026,360.3,360.3,349.55,352.6,356.05,4266,15.05,207,2733.0,64.06
HINDALCO, 25-Aug-2026,1055.0,1057.0,1040.45,1051.05,1058.5,3495294,36649.14,60234,1997981.0,57.16
HINDALUMI, 25-Aug-2026,100.0,100.0,98.01,98.72,100.16,888,0.88,56,601.0,67.68
HINDCOMPOS, 25-Aug-2026,411.1,419.8,406.0,413.45,411.1,8213,33.82,298,5866.0,71.42
HINDCON, 25-Aug-2026,22.95,24.5,21.85,23.92,22.28,157165,37.87,946,87945.0,55.96
HINDCOPPER, 25-Aug-2026,542.0,551.85,529.35,532.65,574.15,44652248,239141.73,399376,18234174.0,40.84
HINDOILEXP, 25-Aug-2026,157.9,159.32,157.1,158.57,157.58,268206,424.32,2379,159725.0,59.55
HINDPETRO, 25-Aug-2026,372.5,374.15,369.5,373.2,371.95,5703835,21218.76,49557,3402243.0,59.65
HINDUNILVR, 25-Aug-2026,2024.0,2029.2,2012.0,2024.2,2030.0,1019583,20600.19,50412,650294.0,63.78
HINDWAREAP, 25-Aug-2026,196.5,198.02,193.05,194.03,196.73,115718,226.48,1998,72697.0,62.82
HINDZINC, 25-Aug-2026,600.0,600.6,586.85,592.6,604.0,9509559,56479.31,86545,3238495.0,34.06
HIRECT, 25-Aug-2026,1226.9,1254.3,1215.4,1235.4,1223.3,52908,651.95,4172,19892.0,37.6
HISARMETAL, 25-Aug-2026,149.3,153.98,149.3,149.99,149.33,447,0.68,30,285.0,63.76
HITECH, 25-Aug-2026,80.72,81.79,80.72,81.16,80.72,261637,212.1,1893,157014.0,60.01
HLEGLAS, 25-Aug-2026,310.2,318.0,310.2,315.8,313.6,62974,198.06,2055,23126.0,36.72
HLVLTD, 25-Aug-2026,6.53,6.53,6.43,6.47,6.53,171880,11.14,550,142650.0,82.99
HMAAGRO, 25-Aug-2026,20.91,22.4,20.91,21.14,21.28,4676628,1013.79,10420,1537220.0,32.87
HNDFDS, 25-Aug-2026,635.9,639.35,623.0,628.75,639.4,44402,280.81,4196,20635.0,46.47
HNGSNGBEES, 25-Aug-2026,464.95,478.89,464.95,472.0,474.44,164170,776.01,5722,114212.0,69.57
HOACFOODS, 25-Aug-2026,812.0,840.0,811.5,839.95,811.3,2625,21.66,6,2250.0,85.71
HOLMARC, 25-Aug-2026,107.9,108.0,102.15,105.95,107.9,6750,7.17,8,6000.0,88.89
HOMEFIRST, 25-Aug-2026,1193.0,1195.0,1176.0,1191.3,1192.9,97446,1156.66,9087,50024.0,51.34
HONASA, 25-Aug-2026,487.8,491.2,483.15,485.5,490.8,427593,2082.3,17273,194194.0,45.42
HONAUT, 25-Aug-2026,36505.0,36935.0,36350.0,36740.0,36640.0,1209,442.1,758,595.0,49.21
HONDAPOWER, 25-Aug-2026,2087.9,2098.7,2065.0,2073.6,2073.1,2284,47.42,369,1120.0,49.04
HORIZONIND, 25-Aug-2026,59.0,59.79,55.15,55.6,58.16,8930228,5130.15,53428,4334958.0,48.54
HPAL, 25-Aug-2026,33.82,35.89,33.82,35.11,34.5,50607,17.46,707,23671.0,46.77
HPIL, 25-Aug-2026,129.78,139.2,121.8,127.74,125.23,40746,53.45,569,8310.0,20.39
HPL, 25-Aug-2026,315.45,315.45,308.6,310.25,314.35,64030,199.3,2135,42151.0,65.83
HPTL, 25-Aug-2026,360.0,360.0,340.25,350.1,358.15,6000,21.34,10,6000.0,100.0
HRHNEXT, 25-Aug-2026,29.75,29.75,28.0,29.55,28.35,46500,13.65,12,43500.0,93.55
HRYNSHP, 25-Aug-2026,100.16,100.16,99.0,100.0,100.05,3672,3.67,58,3671.0,99.97
HSBCGOLD, 25-Aug-2026,140.9,140.9,139.13,139.53,139.76,2123,2.97,90,1114.0,52.47
HSCL, 25-Aug-2026,662.5,666.25,652.0,659.75,662.2,3736145,24603.08,51689,1387228.0,37.13
HTMEDIA, 25-Aug-2026,27.01,27.69,26.61,27.29,27.23,82797,22.48,263,62613.0,75.62
HUBTOWN, 25-Aug-2026,192.12,194.14,187.8,188.64,192.12,442573,840.76,3445,261399.0,59.06
HUDCO, 25-Aug-2026,187.0,187.83,185.75,186.22,187.53,901822,1682.45,12332,480266.0,53.26
HUHTAMAKI, 25-Aug-2026,272.1,274.9,266.1,267.4,273.35,117118,314.73,2501,61295.0,52.34
HVAX, 25-Aug-2026,705.0,705.2,683.1,683.1,672.0,1200,8.35,8,1050.0,87.5
HYBRIDETF, 25-Aug-2026,10.33,10.35,9.87,10.15,10.13,13406,1.36,63,13406.0,100.0
HYUNDAI, 25-Aug-2026,2206.0,2243.8,2190.0,2232.5,2207.0,672338,14884.67,72880,377296.0,56.12
IBLFL, 25-Aug-2026,62.5,62.5,61.0,61.0,61.45,4000,2.47,2,4000.0,100.0
IBULLSLTD, 25-Aug-2026,27.0,28.19,26.32,27.09,26.85,24556789,6739.34,44422,7945206.0,32.35
ICDSLTD, 25-Aug-2026,39.61,41.1,39.61,40.34,41.0,190,0.08,10,128.0,67.37
ICELCO, 25-Aug-2026,136.1,137.9,136.1,137.35,138.65,20400,27.95,17,14400.0,70.59
ICEMAKE, 25-Aug-2026,720.05,735.0,720.05,726.15,726.05,12536,91.26,1451,7790.0,62.14
ICICIAMC, 25-Aug-2026,3221.4,3305.0,3207.1,3291.8,3230.0,200060,6540.83,15680,140376.0,70.17
ICICIB22, 25-Aug-2026,117.0,117.4,114.51,116.17,115.16,551199,635.25,2440,465474.0,84.45
ICICIBANK, 25-Aug-2026,1408.0,1424.9,1408.0,1422.7,1415.0,7983249,113397.58,106893,2825788.0,35.4
ICICIGI, 25-Aug-2026,1612.0,1622.3,1602.0,1616.0,1620.0,706848,11397.68,48029,480274.0,67.95
ICICIPRULI, 25-Aug-2026,510.0,513.3,506.25,510.0,511.25,937538,4768.84,9292,684879.0,73.05
ICIL, 25-Aug-2026,429.95,437.4,417.1,422.5,430.4,448809,1911.94,14644,185859.0,41.41
ICRA, 25-Aug-2026,4998.0,5173.7,4960.0,5106.5,4967.2,50385,2563.56,7880,28193.0,55.96
IDBI, 25-Aug-2026,88.48,89.39,86.9,88.31,87.93,18803734,16546.55,65749,4373437.0,23.26
IDEA, 25-Aug-2026,14.09,15.31,14.08,15.19,14.07,1534470198,228646.85,1578846,434818267.0,28.34
IDEAFORGE, 25-Aug-2026,800.0,806.25,776.8,788.8,796.45,317754,2500.78,17383,173028.0,54.45
IDEALTECHO, 25-Aug-2026,175.0,175.0,175.0,175.0,175.0,3000,5.25,1,3000.0,100.0
IDENTICAL, 25-Aug-2026,17.95,18.0,17.95,18.0,17.8,48000,8.64,9,48000.0,100.0
IDFCFIRSTB, 25-Aug-2026,85.92,86.17,85.0,85.0,85.89,11785661,10076.49,44608,5386702.0,45.71
IDFNIFTYET, 25-Aug-2026,266.82,268.6,265.0,268.6,268.16,1788,4.77,43,1754.0,98.1
IEML, 25-Aug-2026,41.3,42.9,41.0,42.6,41.2,48000,20.1,64,39500.0,82.29
IEX, 25-Aug-2026,123.3,124.28,122.51,124.2,123.01,2251075,2773.32,24014,938535.0,41.69
IFBAGRO, 25-Aug-2026,972.0,989.0,950.0,959.3,980.7,8311,80.92,444,6344.0,76.33
IFBIND, 25-Aug-2026,1415.9,1415.9,1365.0,1370.1,1407.1,19458,268.68,2635,11617.0,59.7
IFCI, 25-Aug-2026,82.65,85.24,82.41,83.25,82.48,49384082,41444.65,118554,11817241.0,23.93
IFGLEXPOR, 25-Aug-2026,213.55,214.22,210.0,211.79,213.45,10581,22.41,503,6074.0,57.4
IGARASHI, 25-Aug-2026,430.6,432.5,425.25,427.55,431.35,45964,196.96,1651,24167.0,52.58
IGCL, 25-Aug-2026,71.69,72.7,71.32,72.38,71.59,54565,39.33,598,25297.0,46.36
IGIL, 25-Aug-2026,342.5,345.25,336.5,343.95,340.65,460701,1573.31,22308,291586.0,63.29
IGL, 25-Aug-2026,147.74,149.3,147.11,148.68,147.72,918317,1363.66,18073,407140.0,44.34
IGPL, 25-Aug-2026,501.05,502.45,485.1,488.05,501.05,62402,307.85,3947,32372.0,51.88
IIFL, 25-Aug-2026,667.0,681.1,643.55,666.25,696.4,8288695,55308.06,144420,3568739.0,43.06
IIFLCAPS, 25-Aug-2026,334.45,336.95,333.5,334.95,333.75,162992,546.08,6272,106047.0,65.06
IITL, 25-Aug-2026,155.0,162.0,152.87,160.41,154.8,113165,178.35,1849,16969.0,14.99
IKIO, 25-Aug-2026,194.05,194.39,189.0,191.63,194.05,73619,140.83,2086,35300.0,47.95
IKS, 25-Aug-2026,1775.6,1800.0,1766.2,1790.9,1789.4,60597,1081.29,10613,29014.0,47.88
IMAGICAA, 25-Aug-2026,49.53,50.72,49.0,49.79,49.53,401949,199.74,2143,234525.0,58.35
IMFA, 25-Aug-2026,1401.8,1409.8,1373.8,1377.7,1390.6,60188,834.97,6060,23998.0,39.87
IMPAL, 25-Aug-2026,1080.4,1100.0,1080.4,1095.9,1086.5,334,3.65,114,210.0,62.87
INA, 25-Aug-2026,95.2,95.33,92.95,93.47,94.51,355418,333.08,3670,183217.0,51.55
INCREDIBLE, 25-Aug-2026,35.0,35.0,32.6,33.48,33.48,2054,0.69,69,1544.0,75.17
INDBANK, 25-Aug-2026,32.0,32.2,31.36,31.86,32.11,20019,6.37,249,15257.0,76.21
INDGN, 25-Aug-2026,566.65,570.4,557.7,563.55,566.65,197235,1109.84,11559,117734.0,59.69
INDHOTEL, 25-Aug-2026,735.0,735.0,724.55,730.0,728.9,998494,7277.29,22611,563507.0,56.44
INDIACEM, 25-Aug-2026,366.65,369.95,362.3,364.3,367.75,82943,303.06,4909,34145.0,41.17
INDIAGLYCO, 25-Aug-2026,1200.0,1219.0,1166.0,1170.5,1191.3,528480,6279.23,25744,231533.0,43.81
INDIAMART, 25-Aug-2026,1752.0,1763.2,1730.0,1750.3,1746.0,34838,609.87,4547,18105.0,51.97
INDIANB, 25-Aug-2026,870.45,881.75,869.0,878.0,870.45,1428100,12510.26,27178,881782.0,61.75
INDIANCARD, 25-Aug-2026,212.49,213.0,206.54,208.01,206.27,2456,5.19,50,1568.0,63.84
INDIANHUME, 25-Aug-2026,397.5,401.95,385.1,389.6,396.3,55797,219.54,2306,30191.0,54.11
INDIASHLTR, 25-Aug-2026,672.0,679.95,650.0,655.85,669.75,112550,738.3,8416,73533.0,65.33
INDIGO, 25-Aug-2026,5088.0,5227.5,5080.5,5218.0,5115.0,333283,17123.67,28673,144696.0,43.42
INDIGOPNTS, 25-Aug-2026,1138.0,1146.5,1125.0,1135.9,1142.5,43033,488.54,6306,26214.0,60.92
INDIGRID, 25-Aug-2026,175.5,175.79,174.75,174.97,175.29,402245,704.53,8993,357734.0,88.93
INDIQUBE, 25-Aug-2026,192.75,195.0,190.0,192.5,193.72,39280,75.37,2103,17759.0,45.21
INDNIPPON, 25-Aug-2026,1075.0,1099.5,1055.3,1070.6,1072.5,11250,120.36,1999,4925.0,43.78
INDOBORAX, 25-Aug-2026,504.0,504.6,481.65,487.4,502.35,224662,1101.45,8534,87601.0,38.99
INDOCO, 25-Aug-2026,219.5,229.0,216.0,225.34,219.19,128259,285.35,2910,51560.0,40.2
INDOFARM, 25-Aug-2026,139.7,141.61,137.67,138.61,139.75,55303,76.88,1208,26848.0,48.55
INDOKEM, 25-Aug-2026,599.9,657.0,582.0,627.85,597.9,17940,112.37,950,10441.0,58.2
INDOMIM, 25-Aug-2026,890.0,909.0,878.0,889.9,888.75,1819819,16245.31,51453,610265.0,33.53
INDORAMA, 25-Aug-2026,62.61,62.76,59.89,60.53,62.61,148993,91.43,1698,92572.0,62.13
INDOSTAR, 25-Aug-2026,261.45,262.45,255.1,257.55,262.5,97365,251.12,1403,70627.0,72.54
INDOTECH, 25-Aug-2026,3899.7,3900.0,3720.0,3742.2,3850.6,7190,271.57,1493,4545.0,63.21
INDOTHAI, 25-Aug-2026,53.85,53.85,53.85,53.85,56.68,36205,19.5,511,36205.0,100.0
INDOUS, 25-Aug-2026,84.9,84.9,81.0,81.99,82.79,3658,3.01,123,3164.0,86.5
INDOWIND, 25-Aug-2026,9.38,9.38,9.06,9.27,9.35,118704,11.02,402,97372.0,82.03
INDPRUD, 25-Aug-2026,6275.0,6275.0,6161.0,6200.0,6275.0,52,3.24,23,42.0,80.77
INDRAMEDCO, 25-Aug-2026,373.0,378.0,370.0,372.95,371.9,163587,611.1,5624,71410.0,43.65
INDSWFTLAB, 25-Aug-2026,326.1,328.99,320.06,324.38,327.27,269737,875.04,6506,108804.0,40.34
INDTERRAIN, 25-Aug-2026,30.6,30.69,30.05,30.07,30.29,5503,1.65,94,4602.0,83.63
INDUSINDBK, 25-Aug-2026,1014.9,1022.0,1003.6,1015.0,1018.4,1427222,14438.97,53543,488336.0,34.22
INDUSINVIT, 25-Aug-2026,133.97,134.95,132.54,134.04,133.59,685731,912.53,3574,640525.0,93.41
INDUSTOWER, 25-Aug-2026,374.25,388.6,374.25,387.25,374.25,6995675,26818.27,59792,2997062.0,42.84
INFINIUM, 25-Aug-2026,229.5,244.3,226.85,244.3,222.1,38500,91.2,55,34000.0,88.31
INFLUX, 25-Aug-2026,298.95,307.95,295.65,301.3,300.05,57000,171.72,69,40200.0,70.53
INFOBEAN, 25-Aug-2026,156.09,156.91,155.0,155.87,155.17,164908,256.39,1768,72071.0,43.7
INFOLLION, 25-Aug-2026,158.0,163.95,158.0,161.15,160.1,10000,16.03,19,9600.0,96.0
INFOMEDIA, 25-Aug-2026,5.44,5.44,5.11,5.28,5.33,2545,0.13,52,1737.0,68.25
INFRA, 25-Aug-2026,12.16,12.22,12.12,12.21,12.15,18543,2.26,151,18487.0,99.7
INFRABEES, 25-Aug-2026,967.81,971.0,961.27,968.17,966.1,5971,57.57,395,4235.0,70.93
INFRAIETF, 25-Aug-2026,96.94,96.94,95.61,96.73,95.95,142191,137.01,7905,80418.0,56.56
INFY, 25-Aug-2026,1132.0,1144.0,1119.9,1144.0,1130.0,8121237,91523.54,130691,5321320.0,65.52
INGERRAND, 25-Aug-2026,4660.0,4694.3,4571.0,4594.0,4653.3,20758,955.3,2712,12641.0,60.9
INNOMET, 25-Aug-2026,241.25,241.25,241.25,241.25,236.55,9600,23.16,14,9600.0,100.0
INNOVACAP, 25-Aug-2026,1063.05,1069.8,1035.0,1040.4,1063.05,21916,229.29,3845,12260.0,55.94
INNOVANA, 25-Aug-2026,320.0,325.0,308.95,310.3,319.9,19852,63.68,128,19290.0,97.17
INNOVISION, 25-Aug-2026,261.4,261.4,256.0,257.45,261.4,11964,30.93,1043,7326.0,61.23
INOXGREEN, 25-Aug-2026,175.92,176.23,170.98,173.51,176.26,2007260,3480.72,8518,757247.0,37.73
INOXINDIA, 25-Aug-2026,1942.3,1942.3,1880.3,1900.0,1941.5,97315,1859.98,13618,47349.0,48.66
INOXWIND, 25-Aug-2026,73.87,74.2,72.79,73.74,73.75,13891746,10204.83,32356,6261021.0,45.07
INSECTICID, 25-Aug-2026,580.0,580.05,573.05,579.45,580.15,24299,140.4,1684,13951.0,57.41
INSUREIETF, 25-Aug-2026,15.49,15.61,15.36,15.44,15.51,5273127,821.14,227,4989275.0,94.62
INTEGRITY, 25-Aug-2026,165.0,165.0,165.0,165.0,164.0,1200,1.98,1,1200.0,100.0
INTELLECT, 25-Aug-2026,688.3,688.3,679.0,682.8,687.5,128627,877.87,8447,64543.0,50.18
INTENTECH, 25-Aug-2026,81.55,81.99,80.0,81.38,80.24,16320,13.24,585,8566.0,52.49
INTERARCH, 25-Aug-2026,1692.1,1704.5,1667.0,1686.1,1691.6,55526,931.62,5671,32459.0,58.46
INTERNET, 25-Aug-2026,14.55,14.8,14.39,14.77,14.68,172139,25.23,227,119940.0,69.68
INTLCONV, 25-Aug-2026,77.01,77.46,75.0,75.42,76.66,52501,39.82,1069,43659.0,83.16
INVENTURE, 25-Aug-2026,0.85,0.93,0.85,0.91,0.85,2156622,19.0,536,1461586.0,67.77
INVICTA, 25-Aug-2026,68.1,68.1,67.6,67.8,70.0,6400,4.34,4,3200.0,50.0
IOB, 25-Aug-2026,33.25,33.45,32.92,33.03,33.18,2479749,820.29,9840,1171934.0,47.26
IOC, 25-Aug-2026,138.0,139.0,137.0,139.0,138.5,7676722,10583.78,39707,3898308.0,50.78
IOLCP, 25-Aug-2026,168.55,176.5,167.63,172.37,169.08,4808790,8349.18,38954,1711318.0,35.59
IONEXCHANG, 25-Aug-2026,370.0,373.1,367.2,369.5,370.1,143749,531.87,7156,72150.0,50.19
IPCALAB, 25-Aug-2026,1916.0,1958.6,1911.6,1928.5,1920.4,427720,8275.56,30429,197280.0,46.12
IPHL, 25-Aug-2026,68.95,72.5,68.95,72.45,67.9,33600,24.12,18,33600.0,100.0
IPL, 25-Aug-2026,140.0,142.2,139.3,139.66,139.94,94282,132.67,1876,35066.0,37.19
IPRINGLTD, 25-Aug-2026,145.0,148.99,140.03,145.0,143.68,601,0.86,52,511.0,85.02
IRB, 25-Aug-2026,18.91,18.95,18.76,18.81,18.91,5495135,1034.18,16463,3133421.0,57.02
IRBINVIT, 25-Aug-2026,64.6,65.0,64.5,64.76,64.56,1443007,934.33,4389,1366200.0,94.68
IRCON, 25-Aug-2026,123.08,125.57,122.25,123.35,123.1,1390771,1719.0,15625,441053.0,31.71
IRCTC, 25-Aug-2026,483.15,485.8,481.0,482.55,483.15,516657,2494.43,23132,276085.0,53.44
IREDA, 25-Aug-2026,115.0,121.14,114.4,120.61,115.4,11109563,13062.0,44781,4334212.0,39.01
IRFC, 25-Aug-2026,85.98,86.44,85.05,85.45,85.99,9606478,8216.9,39342,3297185.0,34.32
IRIS, 25-Aug-2026,242.91,244.54,235.81,238.33,242.06,9079,21.7,396,6618.0,72.89
IRISDOREME, 25-Aug-2026,57.1,58.33,55.96,56.89,57.6,971325,554.38,4875,216912.0,22.33
IRMENERGY, 25-Aug-2026,282.45,283.0,276.0,277.5,281.95,64440,179.45,2035,41769.0,64.82
ISFT, 25-Aug-2026,86.12,95.95,85.35,91.44,87.41,215600,195.48,2552,52373.0,24.29
ISGEC, 25-Aug-2026,789.6,789.6,753.3,764.05,783.3,67510,515.31,6643,36729.0,54.41
ISHAN, 25-Aug-2026,0.5,0.5,0.5,0.5,0.5,144000,0.72,3,144000.0,100.0
ISHANCH, 25-Aug-2026,47.21,47.21,42.52,44.0,47.27,166360,74.22,1266,134758.0,81.0
ISTLTD, 25-Aug-2026,688.0,688.25,657.05,671.45,664.25,370,2.47,73,292.0,78.92
IT, 25-Aug-2026,33.76,34.16,33.65,33.93,33.83,248585,84.18,734,150578.0,60.57
ITADD, 25-Aug-2026,32.31,32.6,32.21,32.41,32.31,1399698,452.55,189,1379920.0,98.59
ITALIANE, 25-Aug-2026,34.5,34.5,34.5,34.5,33.3,2000,0.69,1,2000.0,100.0
ITAXIS, 25-Aug-2026,337.89,339.2,334.0,337.8,335.2,935,3.14,56,416.0,44.49
ITBEES, 25-Aug-2026,34.54,34.54,33.24,33.92,33.92,5731023,1939.76,12893,2523989.0,44.04
ITBETA, 25-Aug-2026,322.17,322.56,319.81,322.4,320.74,152,0.49,19,99.0,65.13
ITC, 25-Aug-2026,269.7,271.4,267.65,271.4,269.7,8414719,22664.03,144133,4751035.0,56.46
ITCHOTELS, 25-Aug-2026,165.1,167.24,164.75,166.24,164.59,960827,1597.01,17067,552311.0,57.48
ITDC, 25-Aug-2026,678.7,693.0,676.75,681.6,680.5,80984,553.75,5985,17723.0,21.88
ITETF, 25-Aug-2026,32.76,32.76,32.13,32.5,32.37,143146,46.25,533,65397.0,45.69
ITI, 25-Aug-2026,279.0,279.85,276.0,278.15,279.0,107329,297.96,3517,40320.0,37.57
ITIETF, 25-Aug-2026,34.72,34.72,33.72,33.98,33.88,315308,107.18,943,72630.0,23.03
ITL, 25-Aug-2026,372.0,373.0,335.2,366.0,365.05,5383,19.14,280,4005.0,74.4
ITTL, 25-Aug-2026,66.0,66.0,65.5,65.5,66.8,840,0.55,4,840.0,100.0
IVALUE, 25-Aug-2026,286.5,288.0,278.3,280.9,284.15,199974,564.05,6059,116664.0,58.34
IVC, 25-Aug-2026,8.22,8.23,8.0,8.08,8.1,181353,14.63,536,165403.0,91.2
IVZBANKNF, 25-Aug-2026,57.33,57.45,57.26,57.44,57.41,453,0.26,11,424.0,93.6
IVZINGOLD, 25-Aug-2026,140.6,140.6,138.85,140.3,140.15,79894,111.83,399,60063.0,75.18
IVZINNIFTY, 25-Aug-2026,284.64,284.64,276.73,277.72,277.7,6983,19.35,29,6755.0,96.73
IVZSENSEX, 25-Aug-2026,75.54,77.45,75.54,77.45,77.45,1950,1.5,19,1419.0,72.77
IWARE, 25-Aug-2026,445.0,445.0,445.0,445.0,447.35,600,2.67,1,600.0,100.0
IWP, 25-Aug-2026,33.24,35.0,33.0,33.65,33.4,73807,24.9,144,50571.0,68.52
IXIGO, 25-Aug-2026,168.59,170.77,166.7,168.37,167.68,688164,1160.39,26428,299627.0,43.54
IZMO, 25-Aug-2026,853.0,862.0,836.1,848.1,841.25,57972,491.08,4508,23185.0,39.99
J&KBANK, 25-Aug-2026,146.56,152.4,146.3,149.52,146.21,2847499,4262.75,24008,1110052.0,38.98
JAGRAN, 25-Aug-2026,62.0,62.2,61.41,61.65,61.94,154523,95.35,1839,112570.0,72.85
JAGSNPHARM, 25-Aug-2026,242.56,244.9,236.3,241.43,240.77,44621,106.89,2051,22985.0,51.51
JAIBALAJI, 25-Aug-2026,68.7,68.7,64.5,65.61,65.52,743671,489.55,3539,365712.0,49.18
JAICORPLTD, 25-Aug-2026,101.52,102.29,100.4,101.39,101.52,286391,290.01,3557,117951.0,41.19
JAINIK, 25-Aug-2026,212.1,212.1,212.1,212.1,212.1,2400,5.09,2,2400.0,100.0
JAINREC, 25-Aug-2026,294.9,296.35,287.5,288.4,294.3,784049,2270.76,20937,391751.0,49.97
JAIPURKURT, 25-Aug-2026,27.29,27.29,26.21,26.32,26.69,8972,2.37,57,6236.0,69.51
JALAN, 25-Aug-2026,1.95,1.95,1.95,1.95,1.95,12000,0.23,4,12000.0,100.0
JAMNAAUTO, 25-Aug-2026,118.82,121.27,117.38,120.65,118.82,1323499,1575.85,10003,565689.0,42.74
JARO, 25-Aug-2026,450.0,476.4,445.9,468.55,445.2,344066,1594.35,12330,80302.0,23.34
JASH, 25-Aug-2026,470.05,485.9,470.05,484.3,469.7,78125,375.65,4454,42410.0,54.28
JAYAGROGN, 25-Aug-2026,228.63,233.98,227.0,229.64,228.63,24987,57.54,568,18408.0,73.67
JAYBARMARU, 25-Aug-2026,126.81,127.06,122.26,122.98,126.81,258776,321.37,2972,184952.0,71.47
JAYBEE, 25-Aug-2026,86.45,88.0,83.1,85.0,85.9,20500,17.45,33,18000.0,87.8
JAYKAY, 25-Aug-2026,155.51,161.8,155.0,158.67,155.51,376351,597.69,7163,189979.0,50.48
JAYNECOIND, 25-Aug-2026,103.49,105.17,100.36,100.88,104.22,4832107,4944.43,24692,2077978.0,43.0
JAYSREETEA, 25-Aug-2026,104.0,108.54,103.7,106.57,103.7,343007,367.37,3497,210602.0,61.4
JBMA, 25-Aug-2026,658.95,659.5,645.4,647.55,661.45,313030,2034.24,13363,115632.0,36.94
JENBURPH, 25-Aug-2026,1069.9,1069.9,1037.8,1046.2,1043.8,2829,29.69,57,2773.0,98.02
JETFREIGHT, 25-Aug-2026,22.73,23.0,22.0,22.32,22.51,276255,62.39,1796,139446.0,50.48
JETKNIT, 25-Aug-2026,53.6,53.6,53.6,53.6,56.4,750,0.4,1,750.0,100.0
JEYYAM, 25-Aug-2026,23.4,23.4,22.55,23.35,23.0,14000,3.25,7,10000.0,71.43
JFLLIFE, 25-Aug-2026,10.65,10.65,10.45,10.45,10.95,36000,3.8,6,36000.0,100.0
JGCHEM, 25-Aug-2026,608.0,608.0,575.35,579.05,608.15,437478,2560.1,14921,195413.0,44.67
JHS, 25-Aug-2026,9.05,9.3,8.66,8.89,9.01,67127,5.99,289,44871.0,66.84
JINDALPHOT, 25-Aug-2026,1022.0,1059.8,1022.0,1051.2,1019.8,1889,19.74,220,1064.0,56.33
JINDALPOLY, 25-Aug-2026,640.0,655.5,632.1,646.6,636.85,12983,83.9,818,6636.0,51.11
JINDALSAW, 25-Aug-2026,287.25,289.8,281.0,281.75,287.25,909612,2581.0,17897,380696.0,41.85
JINDALSTEL, 25-Aug-2026,1147.9,1157.0,1140.1,1154.1,1149.0,670829,7701.9,20038,218347.0,32.55
JINDRILL, 25-Aug-2026,630.9,633.4,613.1,615.9,630.95,183424,1138.31,7105,79571.0,43.38
JINDWORLD, 25-Aug-2026,35.6,35.64,34.8,34.96,35.7,1455958,510.25,7315,447072.0,30.71
JIOFIN, 25-Aug-2026,242.0,243.15,240.4,243.15,242.0,9800689,23665.85,59734,4235691.0,43.22
JISLDVREQS, 25-Aug-2026,21.06,21.99,20.9,20.95,21.07,7446,1.58,54,6565.0,88.17
JISLJALEQS, 25-Aug-2026,27.75,28.39,27.5,27.95,27.95,1159115,322.27,6178,564781.0,48.73
JITFINFRA, 25-Aug-2026,318.85,325.5,316.0,318.55,316.35,12949,41.41,472,8183.0,63.19
JIWANRAM, 25-Aug-2026,5.55,5.55,4.75,4.75,5.0,30000,1.52,5,30000.0,100.0
JKCEMENT, 25-Aug-2026,5244.0,5245.0,5171.0,5197.5,5215.5,12441,646.15,3481,6519.0,52.4
JKIL, 25-Aug-2026,504.65,505.0,495.8,497.05,504.65,32313,161.18,2683,20548.0,63.59
JKIPL, 25-Aug-2026,102.0,104.4,102.0,103.33,104.4,17120,17.6,240,11130.0,65.01
JKLAKSHMI, 25-Aug-2026,554.9,558.0,540.45,542.45,554.9,166979,910.25,14446,92499.0,55.4
JKPAPER, 25-Aug-2026,393.3,393.5,386.45,388.9,393.3,214145,835.38,7152,100018.0,46.71
JKTYRE, 25-Aug-2026,382.0,383.55,380.0,380.65,382.6,193842,738.08,6910,99421.0,51.29
JLHL, 25-Aug-2026,308.0,308.0,295.15,298.7,307.85,330397,988.76,10381,228110.0,69.04
JMA, 25-Aug-2026,88.0,90.0,87.51,89.54,88.96,8811,7.81,52,7181.0,81.5
JMFINANCIL, 25-Aug-2026,130.58,133.45,129.35,130.39,129.5,5034536,6595.35,31379,1822506.0,36.2
JNKINDIA, 25-Aug-2026,453.5,461.95,447.0,453.7,450.0,116110,527.75,4215,54949.0,47.32
JNPR, 25-Aug-2026,260.7,268.65,257.01,258.96,261.99,709261,1852.06,21993,206083.0,29.06
JPOLYINVST, 25-Aug-2026,949.4,961.8,940.2,953.6,946.1,2399,22.83,494,1481.0,61.73
JPPOWER, 25-Aug-2026,17.1,17.15,16.91,16.97,17.1,23623584,4014.07,62257,11216754.0,47.48
JSFB, 25-Aug-2026,581.55,583.75,561.2,570.65,581.55,1777402,10152.23,36208,710019.0,39.95
JSL, 25-Aug-2026,702.9,707.25,696.65,701.4,702.4,161234,1129.49,13203,90249.0,55.97
JSLL, 25-Aug-2026,515.0,519.0,509.0,516.3,511.3,277056,1425.36,13319,101402.0,36.6
JSWCEMENT, 25-Aug-2026,126.8,126.94,124.1,124.99,126.79,560460,701.14,12757,311502.0,55.58
JSWDULUX, 25-Aug-2026,3137.3,3139.9,3088.0,3114.3,3122.9,9079,282.64,2891,4959.0,54.62
JSWENERGY, 25-Aug-2026,544.55,548.4,539.15,548.4,544.7,1268060,6875.83,31428,570661.0,45.0
JSWHL, 25-Aug-2026,11360.0,11506.0,11112.0,11446.0,11161.0,2861,322.37,1186,1407.0,49.18
JSWINFRA, 25-Aug-2026,340.2,345.5,337.85,343.95,340.2,2348613,8043.51,40572,1408395.0,59.97
JSWSTEEL, 25-Aug-2026,1326.0,1326.3,1310.1,1320.3,1327.0,1234494,16249.49,75974,538723.0,43.64
JTEKTINDIA, 25-Aug-2026,127.2,127.48,125.0,125.61,126.54,102312,128.97,1706,59036.0,57.7
JTLIND, 25-Aug-2026,79.24,79.9,78.35,78.82,79.52,934708,738.56,6584,485834.0,51.98
JUBLCPL, 25-Aug-2026,2127.1,2198.0,2120.7,2139.5,2127.1,5315,114.41,599,2559.0,48.15
JUBLFOOD, 25-Aug-2026,506.5,515.0,504.95,515.0,507.9,2203796,11239.52,39474,804291.0,36.5
JUBLINGREA, 25-Aug-2026,711.25,720.8,705.0,706.8,708.2,135879,967.51,9789,69206.0,50.93
JUBLPHARMA, 25-Aug-2026,905.3,921.7,892.7,896.65,902.7,191721,1740.54,13803,73508.0,38.34
JUNIORBEES, 25-Aug-2026,807.14,807.14,797.2,804.14,799.94,192124,1539.04,7015,112424.0,58.52
JUNIPER, 25-Aug-2026,209.9,213.37,205.6,211.67,209.12,179523,375.55,3586,100820.0,56.16
JUSTDIAL, 25-Aug-2026,664.95,666.0,652.6,655.45,664.95,73841,485.52,4827,37175.0,50.34
JWL, 25-Aug-2026,248.4,253.45,245.25,246.9,247.85,625980,1553.28,12372,203080.0,32.44
JYOTHYLAB, 25-Aug-2026,213.3,214.14,210.0,212.64,212.57,915660,1943.75,16462,525057.0,57.34
JYOTICNC, 25-Aug-2026,980.25,1007.1,976.95,989.95,980.25,903848,8972.83,32474,311161.0,34.43
JYOTIRES, 25-Aug-2026,853.4,879.75,835.3,864.6,860.5,16021,135.61,1119,8537.0,53.29
JYOTISTRUC, 25-Aug-2026,10.65,10.73,10.41,10.5,10.67,4241824,447.74,3445,2132821.0,50.28
K2INFRA, 25-Aug-2026,50.4,51.85,48.95,50.55,50.4,18000,8.97,27,15000.0,83.33
KABRAEXTRU, 25-Aug-2026,611.95,616.45,591.25,609.15,611.1,270498,1633.2,10294,124393.0,45.99
KAJARIACER, 25-Aug-2026,1205.6,1227.0,1192.4,1213.9,1205.6,164716,1996.16,10397,81662.0,49.58
KAKATCEM, 25-Aug-2026,118.85,118.85,115.0,115.62,117.38,1346,1.57,247,881.0,65.45
KALAMANDIR, 25-Aug-2026,88.45,88.86,86.7,86.9,88.37,452209,395.85,3238,209851.0,46.41
KALANA, 25-Aug-2026,26.75,26.75,25.7,26.6,25.5,48000,12.78,21,30000.0,62.5
KALPATARU, 25-Aug-2026,289.7,289.7,277.5,279.15,286.9,32954,92.72,1168,21126.0,64.11
KALYANIFRG, 25-Aug-2026,684.9,684.9,666.2,677.95,679.8,656,4.43,100,385.0,58.69
KALYANKJIL, 25-Aug-2026,607.95,625.3,604.25,612.6,607.95,11752343,72237.99,100012,2511665.0,21.37
KAMAHOLD, 25-Aug-2026,2430.2,2443.9,2387.8,2394.4,2417.4,6974,167.6,887,5143.0,73.75
KAMANWALA, 25-Aug-2026,17.5,17.5,16.5,16.56,16.97,596,0.1,20,438.0,73.49
KAMATHOTEL, 25-Aug-2026,223.0,229.8,215.0,227.2,225.94,163009,360.7,4206,73977.0,45.38
KAMOPAINTS, 25-Aug-2026,4.63,4.84,4.5,4.58,4.62,212004,9.82,722,106202.0,50.09
KANANIIND, 25-Aug-2026,1.52,1.52,1.45,1.45,1.49,142464,2.1,238,112429.0,78.92
KANCHI, 25-Aug-2026,392.3,392.3,382.3,392.3,373.65,8126,31.86,152,7693.0,94.67
KANCOTEA, 25-Aug-2026,56.35,56.45,51.65,56.45,56.35,106,0.06,6,105.0,99.06
KANDARP, 25-Aug-2026,104.0,104.0,97.55,102.9,99.9,63000,63.38,28,39000.0,61.9
KANPRPLA, 25-Aug-2026,278.4,283.14,276.01,277.19,275.96,53611,149.7,1519,28373.0,52.92
KANSAINER, 25-Aug-2026,201.66,202.99,198.55,200.43,201.56,114463,229.39,3513,58755.0,51.33
KAPSTON, 25-Aug-2026,512.2,519.25,502.6,511.5,512.2,39865,203.72,2013,20060.0,50.32
KARMAENG, 25-Aug-2026,38.21,38.99,37.65,38.2,38.21,3120,1.19,47,2576.0,82.56
KARNIKA, 25-Aug-2026,115.0,116.0,112.45,114.45,115.3,50000,57.01,34,39000.0,78.0
KARURVYSYA, 25-Aug-2026,337.95,347.9,337.0,346.0,338.15,2922187,10100.33,46484,1295985.0,44.35
KATARIA, 25-Aug-2026,105.7,106.0,104.1,104.1,106.0,3000,3.17,4,3000.0,100.0
KAVDEFENCE, 25-Aug-2026,57.2,62.09,56.8,59.51,57.12,311832,185.27,2100,169090.0,54.22
KAYNES, 25-Aug-2026,3859.3,3996.5,3804.0,3936.0,3840.2,1815929,71453.11,136426,370499.0,20.4
KAYTEX, 25-Aug-2026,59.25,59.25,58.0,58.5,60.0,2400,1.41,3,1600.0,66.67
KCEIL, 25-Aug-2026,82.1,84.5,82.05,83.4,82.55,11000,9.19,20,9500.0,86.36
KCK, 25-Aug-2026,13.75,14.4,13.75,13.95,14.45,70000,9.72,20,45000.0,64.29
KCP, 25-Aug-2026,174.51,178.46,171.57,177.06,176.62,301672,528.48,5096,152511.0,50.56
KDDL, 25-Aug-2026,3900.0,4011.5,3855.3,3924.6,3848.7,71886,2846.6,9813,36145.0,50.28
KDL, 25-Aug-2026,101.4,106.95,99.15,106.85,97.25,59100,62.45,245,44550.0,75.38
KEC, 25-Aug-2026,430.5,433.9,425.2,426.35,431.35,608190,2602.5,14883,329251.0,54.14
KECL, 25-Aug-2026,132.4,132.4,128.25,129.03,131.57,122655,159.29,1864,69683.0,56.81
KEEPLEARN, 25-Aug-2026,1.85,1.95,1.85,1.92,1.82,14846,0.29,56,13127.0,88.42
KEI, 25-Aug-2026,5496.0,5590.2,5482.9,5588.0,5494.0,435936,24113.33,38064,187492.0,43.01
KELLTONTEC, 25-Aug-2026,13.76,14.05,13.55,13.63,13.76,1302102,178.63,3571,723263.0,55.55
KEN, 25-Aug-2026,39.55,40.1,39.55,40.05,39.9,9600,3.83,8,7200.0,75.0
KENNAMET, 25-Aug-2026,4190.0,4241.9,4103.0,4132.1,4232.0,28142,1167.28,6046,11510.0,40.9
KERNEX, 25-Aug-2026,1958.0,1959.0,1885.6,1899.4,1966.8,163771,3120.85,11878,75897.0,46.34
KEYFINSERV, 25-Aug-2026,260.0,267.95,255.0,256.45,263.0,1585,4.09,58,669.0,42.21
KFINTECH, 25-Aug-2026,970.0,976.6,956.2,966.0,969.9,707013,6820.18,17691,331476.0,46.88
KHAICHEM, 25-Aug-2026,54.21,58.79,54.21,56.75,53.96,897796,514.27,6616,243102.0,27.08
KHAITANLTD, 25-Aug-2026,151.8,151.8,144.01,146.98,151.94,1954,2.88,56,1557.0,79.68
KHANDSE, 25-Aug-2026,18.15,18.5,17.0,17.09,17.11,3694,0.66,32,1516.0,41.04
KHFM, 25-Aug-2026,43.45,44.95,42.0,44.95,45.3,17050,7.37,11,9300.0,54.55
KICL, 25-Aug-2026,5268.0,5340.0,5219.0,5238.0,5272.5,406,21.36,131,229.0,56.4
KIMS, 25-Aug-2026,770.0,783.4,765.5,772.5,766.35,1119308,8666.19,25275,857335.0,76.6
KINGFA, 25-Aug-2026,5837.0,5946.0,5731.0,5909.5,5744.0,12406,727.72,3466,6184.0,49.85
KIOCL, 25-Aug-2026,387.7,389.25,379.0,379.8,388.3,91621,350.37,3393,44739.0,48.83
KIRANVYPAR, 25-Aug-2026,202.99,203.0,200.35,202.5,200.99,4556,9.23,29,4352.0,95.52
KIRIINDUS, 25-Aug-2026,506.0,511.0,496.8,498.7,502.4,842684,4241.89,18150,366682.0,43.51
KIRLFER, 25-Aug-2026,441.4,444.25,436.0,442.5,444.1,19763,87.04,1557,11188.0,56.61
KIRLOSBROS, 25-Aug-2026,1939.1,1939.1,1886.0,1899.0,1922.4,28327,538.35,4523,14824.0,52.33
KIRLOSENG, 25-Aug-2026,2075.0,2088.2,2025.8,2029.3,2068.3,270982,5531.86,36137,150352.0,55.48
KIRLOSIND, 25-Aug-2026,3633.9,3714.6,3633.9,3701.1,3663.8,1755,64.58,603,805.0,45.87
KIRLPNU, 25-Aug-2026,729.9,736.9,716.1,721.9,729.6,98887,715.29,9297,56933.0,57.57
KISSHT, 25-Aug-2026,305.0,311.95,304.75,310.3,305.6,627682,1941.35,12031,357163.0,56.9
KITEX, 25-Aug-2026,127.16,127.97,125.68,126.56,127.16,233788,296.41,2878,99320.0,42.48
KJMCFIN, 25-Aug-2026,64.56,77.0,64.56,71.97,71.73,13899,9.76,260,10617.0,76.39
KKCL, 25-Aug-2026,523.0,523.0,512.8,515.45,522.9,13202,68.18,1273,6974.0,52.83
KKJEWELS, 25-Aug-2026,98.55,100.8,98.0,98.5,98.2,9000,8.89,9,6000.0,66.67
KLBRENG-B, 25-Aug-2026,400.0,400.0,389.05,393.9,398.35,188822,744.33,4250,112572.0,59.62
KLL, 25-Aug-2026,22.9,22.9,22.2,22.5,22.9,4800,1.08,6,4000.0,83.33
KMCSHIL, 25-Aug-2026,139.6,141.6,137.5,140.22,139.25,72174,100.19,1389,44574.0,61.76
KMEW, 25-Aug-2026,2705.0,2735.0,2660.4,2685.1,2712.7,40991,1101.81,7124,19143.0,46.7
KMSUGAR, 25-Aug-2026,34.04,35.0,31.12,32.48,34.05,552868,182.06,2586,289073.0,52.29
KNACK, 25-Aug-2026,203.0,203.9,194.6,196.58,202.03,1003094,1985.67,11154,487183.0,48.57
KNAGRI, 25-Aug-2026,225.0,227.69,213.25,218.01,221.2,72200,157.38,831,63899.0,88.5
KNRCON, 25-Aug-2026,127.95,127.95,123.1,123.79,127.15,1858731,2313.81,20285,1108795.0,59.65
KODYTECH, 25-Aug-2026,1453.4,1453.4,1390.0,1443.0,1453.4,12000,170.37,54,10900.0,90.83
KOHINOOR, 25-Aug-2026,36.0,38.47,35.51,35.78,36.47,267850,98.6,2457,157885.0,58.95
KOKUYOCMLN, 25-Aug-2026,81.55,83.0,78.9,79.11,82.34,86886,69.39,929,68266.0,78.57
KOLTEPATIL, 25-Aug-2026,453.0,461.95,443.65,459.45,452.1,181065,823.56,6765,65916.0,36.4
KONSTELEC, 25-Aug-2026,58.55,58.6,58.55,58.6,55.85,16000,9.37,7,16000.0,100.0
KONTOR, 25-Aug-2026,58.0,59.95,58.0,59.35,57.65,11400,6.74,13,11400.0,100.0
KORE, 25-Aug-2026,134.0,134.0,116.05,124.85,128.15,10500,13.34,29,9750.0,92.86
KOTAKBANK, 25-Aug-2026,398.3,402.05,398.15,401.6,401.45,10154716,40678.69,128106,5786301.0,56.98
KOTARISUG, 25-Aug-2026,38.6,38.6,35.25,35.25,39.16,805383,293.03,3207,435711.0,54.1
KOTHARIPET, 25-Aug-2026,134.99,135.85,133.21,134.05,134.25,31292,42.05,756,15883.0,50.76
KOTHARIPRO, 25-Aug-2026,69.98,70.65,68.34,68.92,68.52,4864,3.37,124,2754.0,56.62
KOTIC, 25-Aug-2026,157.02,159.7,145.2,146.69,155.55,15386,23.21,503,9430.0,61.29
KOVAI, 25-Aug-2026,5951.0,6000.0,5905.5,5985.5,5925.5,3612,215.47,1290,2335.0,64.65
KPEL, 25-Aug-2026,257.0,257.0,249.65,253.45,256.75,229515,579.42,4904,118685.0,51.71
KPIGREEN, 25-Aug-2026,322.05,323.65,316.55,319.25,321.15,490139,1562.77,12575,196472.0,40.08
KPIL, 25-Aug-2026,1388.9,1402.7,1380.5,1384.4,1388.9,130685,1815.12,15580,80594.0,61.67
KPITTECH, 25-Aug-2026,583.1,592.0,577.0,592.0,583.1,1582973,9215.66,25632,750734.0,47.43
KPL, 25-Aug-2026,3465.9,3529.8,3350.0,3373.1,3452.2,45124,1543.12,5489,21131.0,46.83
KPRMILL, 25-Aug-2026,1110.0,1125.0,1100.1,1120.0,1112.3,136421,1518.3,11098,57946.0,42.48
KRBL, 25-Aug-2026,436.0,436.0,419.0,423.0,437.8,1535674,6562.16,27950,475680.0,30.98
KREBSBIO, 25-Aug-2026,53.5,54.38,52.99,53.78,53.15,4704,2.52,273,3662.0,77.85
KRISHANA, 25-Aug-2026,199.02,204.7,196.58,201.72,199.68,1569099,3169.86,14797,630406.0,40.18
KRISHCA, 25-Aug-2026,170.1,171.55,166.8,170.65,169.45,11000,18.56,20,8500.0,77.27
KRISHIVAL, 25-Aug-2026,409.1,410.2,405.0,406.25,408.5,10510,42.76,512,8454.0,80.44
KRISHNADEF, 25-Aug-2026,1014.4,1048.6,1014.4,1030.6,1018.4,81197,838.18,6867,32534.0,40.07
KRITI, 25-Aug-2026,65.0,67.39,63.7,64.35,65.11,32019,20.92,283,21492.0,67.12
KRITIKA, 25-Aug-2026,5.5,5.63,5.4,5.49,5.48,100206,5.55,358,81606.0,81.44
KRITINUT, 25-Aug-2026,88.68,91.99,88.06,90.39,88.68,14617,13.21,332,10643.0,72.81
KRMAYURVED, 25-Aug-2026,274.0,274.0,269.25,270.0,269.4,57000,154.31,27,49000.0,85.96
KRN, 25-Aug-2026,1470.0,1540.0,1465.0,1524.8,1471.2,251622,3835.9,18327,127857.0,50.81
KRONOX, 25-Aug-2026,205.36,205.36,184.83,186.14,205.36,1026770,1953.38,14131,444343.0,43.28
KROSS, 25-Aug-2026,209.54,215.2,208.0,209.11,209.6,374846,792.81,8212,174492.0,46.55
KRSNAA, 25-Aug-2026,564.0,569.1,560.0,564.8,563.0,22306,125.74,1741,11173.0,50.09
KRT, 25-Aug-2026,116.8,117.1,115.95,116.53,116.86,430171,501.48,4984,370405.0,86.11
KRYSTAL, 25-Aug-2026,648.0,654.45,620.0,621.05,640.4,30001,188.6,1129,15614.0,52.04
KSB, 25-Aug-2026,788.0,808.0,785.65,802.85,791.75,206809,1654.99,16409,103198.0,49.9
KSCL, 25-Aug-2026,768.35,793.6,760.85,786.85,768.35,291436,2286.33,9487,143985.0,49.41
KSE, 25-Aug-2026,176.26,178.0,174.0,175.94,176.26,26206,46.02,716,18386.0,70.16
KSHINTL, 25-Aug-2026,982.35,989.8,962.5,970.2,978.95,132107,1288.87,10815,65919.0,49.9
KSHITIJPOL, 25-Aug-2026,2.88,2.97,2.88,2.97,2.83,1431205,42.45,621,758879.0,53.02
KSL, 25-Aug-2026,879.0,885.3,866.3,874.2,876.45,18022,157.6,1615,9958.0,55.25
KSOLVES, 25-Aug-2026,275.75,276.0,271.55,274.15,274.45,11188,30.56,789,7146.0,63.87
KSR, 25-Aug-2026,29.4,29.99,28.12,28.65,28.8,33612,9.64,98,29553.0,87.92
KTKBANK, 25-Aug-2026,333.25,337.7,332.0,334.6,333.25,2784058,9306.57,34203,1708516.0,61.37
KUANTUM, 25-Aug-2026,72.41,74.0,71.1,72.12,73.0,87346,63.48,1266,48528.0,55.56
KUSUMGAR, 25-Aug-2026,609.0,616.0,595.0,599.2,604.65,318445,1920.08,8602,175846.0,55.22
KWIL, 25-Aug-2026,48.4,50.35,46.81,47.19,48.63,51218456,24794.44,93456,10363005.0,20.23
LADDERUP, 25-Aug-2026,51.5,51.5,49.0,49.0,51.2,281,0.14,8,241.0,85.77
LAGNAM, 25-Aug-2026,74.6,76.99,74.6,75.93,75.96,3062,2.32,95,2403.0,78.48
LAHOTIOV, 25-Aug-2026,41.75,42.49,41.51,42.17,41.95,2411,1.01,10,1880.0,77.98
LAKSHMIMIL, 25-Aug-2026,8120.0,8350.0,7900.0,8020.5,8164.0,30,2.41,26,21.0,70.0
LAKSHYA, 25-Aug-2026,85.9,85.9,82.6,83.95,82.5,5600,4.71,7,5600.0,100.0
LAL, 25-Aug-2026,8.8,9.09,8.78,8.83,9.01,12307,1.09,90,10345.0,84.06
LALITHAA, 25-Aug-2026,250.0,259.19,248.0,249.87,248.44,29783775,75330.79,250087,6025667.0,20.23
LALPATHLAB, 25-Aug-2026,1893.8,1929.8,1875.1,1913.7,1883.8,194732,3710.81,35291,103917.0,53.36
LAMBODHARA, 25-Aug-2026,144.0,145.85,130.2,142.03,141.69,423658,589.05,6551,129525.0,30.57
LAMOSAIC, 25-Aug-2026,56.15,58.0,54.65,57.35,56.15,55800,31.62,46,55200.0,98.92
LANCER, 25-Aug-2026,10.98,11.48,10.3,11.34,10.86,735822,81.94,942,634369.0,86.21
LANCORHOL, 25-Aug-2026,33.2,33.9,30.9,32.14,32.62,465423,152.02,5732,201380.0,43.27
LANDMARK, 25-Aug-2026,536.05,537.9,525.05,528.45,541.75,65953,351.27,3759,24562.0,37.24
LANDSMILL, 25-Aug-2026,0.75,0.76,0.69,0.7,0.74,6015449,43.08,1524,3652523.0,60.72
LAOPALA, 25-Aug-2026,169.46,173.95,166.5,170.88,169.46,276685,468.41,12024,124464.0,44.98
LARGEMID50, 25-Aug-2026,36.8,36.92,36.75,36.83,36.71,9786,3.6,10,9662.0,98.73
LASA, 25-Aug-2026,7.05,7.5,6.76,7.07,7.26,32176,2.27,163,24579.0,76.39
LASERPOWER, 25-Aug-2026,334.0,343.5,331.1,335.4,334.5,1330667,4495.36,21277,383649.0,28.83
LATENTVIEW, 25-Aug-2026,278.5,281.35,277.45,279.35,278.5,233761,652.5,6534,91389.0,39.1
LATTEYS, 25-Aug-2026,23.05,23.05,22.0,22.25,23.08,44345,9.95,206,31308.0,70.6
LAURUSLABS, 25-Aug-2026,1808.0,1869.4,1796.5,1866.2,1801.0,3550945,65182.59,60860,1775692.0,50.01
LAXMICOT, 25-Aug-2026,13.8,14.13,13.2,13.67,13.74,24014,3.24,100,17231.0,71.75
LAXMIDENTL, 25-Aug-2026,196.35,196.35,192.44,193.1,194.99,62870,121.53,1721,39742.0,63.21
LAXMIINDIA, 25-Aug-2026,124.5,129.5,121.66,125.96,125.5,395709,492.68,3146,222200.0,56.15
LCCINFOTEC, 25-Aug-2026,3.53,3.53,3.31,3.41,3.53,100687,3.42,180,92460.0,91.83
LCL, 25-Aug-2026,582.9,599.5,575.0,587.0,584.1,837602,4930.91,30476,364338.0,43.5
LEAPIND, 25-Aug-2026,158.66,162.45,157.45,158.31,159.36,3568532,5701.52,30836,1566393.0,43.89
LEENEE, 25-Aug-2026,10.72,11.48,9.81,9.91,10.5,81045,8.44,543,62639.0,77.29
LEMERITE, 25-Aug-2026,23.3,23.58,22.45,22.9,22.46,296619,68.22,653,108623.0,36.62
LEMONTREE, 25-Aug-2026,109.0,109.5,108.15,109.21,108.56,1541936,1676.94,22847,948251.0,61.5
LENSKART, 25-Aug-2026,655.95,670.5,647.1,655.95,659.75,6221160,41127.63,108791,3069380.0,49.34
LEXUS, 25-Aug-2026,14.49,14.49,13.13,13.27,13.8,21392,2.88,117,17805.0,83.23
LFIC, 25-Aug-2026,138.0,140.01,137.91,138.04,137.31,773,1.07,16,411.0,53.17
LGBBROSLTD, 25-Aug-2026,1608.6,1618.0,1592.1,1611.5,1602.2,15587,250.47,1817,9961.0,63.91
LGEINDIA, 25-Aug-2026,1662.3,1695.0,1654.0,1690.4,1664.2,614640,10335.96,39387,344344.0,56.02
LGHL, 25-Aug-2026,182.66,182.66,172.0,174.84,178.2,7367,12.92,455,1252.0,16.99
LIBAS, 25-Aug-2026,9.71,10.25,9.71,10.15,9.96,43855,4.43,135,32205.0,73.44
LIBERTSHOE, 25-Aug-2026,243.75,250.95,241.35,247.15,243.8,64963,160.17,1970,29039.0,44.7
LICHSGFIN, 25-Aug-2026,490.0,506.4,489.15,506.0,491.4,3617182,18019.45,37319,2116995.0,58.53
LICI, 25-Aug-2026,421.9,428.15,420.2,424.0,421.85,11707497,49638.37,73045,7113030.0,60.76
LICMFGOLD, 25-Aug-2026,144.9,145.5,143.85,145.0,144.55,113234,164.14,1114,57367.0,50.66
LICNETFGSC, 25-Aug-2026,29.56,29.72,29.52,29.59,29.56,26681,7.91,146,15454.0,57.92
LICNETFN50, 25-Aug-2026,272.36,274.58,270.44,274.58,272.11,302,0.82,21,286.0,94.7
LICNETFSEN, 25-Aug-2026,877.27,880.0,872.06,880.0,876.83,64,0.56,10,47.0,73.44
LICNFNHGP, 25-Aug-2026,278.75,278.96,278.75,278.82,278.75,71,0.2,8,65.0,91.55
LICNMID100, 25-Aug-2026,64.07,64.74,63.61,64.74,64.01,105789,67.33,104,101508.0,95.95
LIKHITHA, 25-Aug-2026,210.2,212.99,207.1,210.78,210.98,19975,41.93,499,9585.0,47.98
LINC, 25-Aug-2026,95.01,98.01,95.01,96.11,96.21,12031,11.6,394,9422.0,78.31
LINCOLN, 25-Aug-2026,616.8,631.3,609.2,618.2,612.25,44784,278.14,2214,23321.0,52.07
LINDEINDIA, 25-Aug-2026,6540.0,6599.5,6458.0,6493.5,6531.0,18701,1216.82,5211,10725.0,57.35
LIQGRWBEES, 25-Aug-2026,1051.1,1053.13,1051.1,1053.03,1052.85,130057,1369.64,200,123757.0,95.16
LIQUID, 25-Aug-2026,1000.0,1000.0,999.99,999.99,999.99,176298,1762.97,152,28380.0,16.1
LIQUID1, 25-Aug-2026,1119.66,1120.69,1119.52,1119.86,1119.55,791809,8867.15,502,517952.0,65.41
LIQUIDADD, 25-Aug-2026,1141.96,1141.98,1141.95,1141.96,1141.67,228842,2613.29,603,159996.0,69.92
LIQUIDBEES, 25-Aug-2026,999.99,1000.01,999.62,1000.0,999.99,4374134,43741.59,4705,3761725.0,86.0
LIQUIDBETA, 25-Aug-2026,1005.71,1005.71,1005.71,1005.71,1005.42,501,5.04,2,501.0,100.0
LIQUIDBETF, 25-Aug-2026,1096.17,1096.19,1096.17,1096.18,1095.91,178990,1962.06,188,107239.0,59.91
LIQUIDCASE, 25-Aug-2026,115.63,115.65,115.63,115.63,115.6,16916174,19561.4,13450,12928620.0,76.43
LIQUIDETF, 25-Aug-2026,1000.0,1000.01,999.99,999.99,999.99,91075,910.75,234,58578.0,64.32
LIQUIDIETF, 25-Aug-2026,1000.0,1000.01,999.95,999.99,999.99,536237,5362.36,208,463711.0,86.48
LIQUIDPLUS, 25-Aug-2026,1100.5,1100.52,1100.5,1100.5,1100.21,59164,651.1,310,38017.0,64.26
LIQUIDSBI, 25-Aug-2026,999.99,1000.01,999.99,999.99,999.99,2386,23.86,26,2067.0,86.63
LIQUIDSHRI, 25-Aug-2026,1118.86,1118.88,1118.86,1118.88,1118.59,1176,13.16,15,841.0,71.51
LKPSEC, 25-Aug-2026,16.29,16.64,15.05,15.89,16.37,39573,6.32,93,35773.0,90.4
LLOYDS, 25-Aug-2026,61.0,64.0,61.0,64.0,61.0,12000,7.62,8,12000.0,100.0
LLOYDSENGG, 25-Aug-2026,87.3,88.12,84.6,85.73,87.17,7442006,6398.82,28621,3561213.0,47.85
LLOYDSENT, 25-Aug-2026,74.1,74.65,72.98,74.07,74.06,2861883,2113.72,13958,1191187.0,41.62
LLOYDSME, 25-Aug-2026,1825.2,1857.4,1808.5,1844.7,1831.7,240207,4402.81,16674,117359.0,48.86
LMW, 25-Aug-2026,19568.0,19682.0,19261.0,19358.0,19558.0,2080,404.09,839,1046.0,50.29
LODHA, 25-Aug-2026,1257.5,1283.0,1253.1,1281.1,1258.4,2232829,28412.18,46108,879223.0,39.38
LORDSCHLO, 25-Aug-2026,135.0,136.66,131.13,134.49,132.25,14794,19.59,482,10070.0,68.07
LOTUSCHO, 25-Aug-2026,620.0,632.0,617.05,625.4,622.2,5672,35.6,196,3976.0,70.1
LOTUSEYE, 25-Aug-2026,116.07,116.49,112.3,113.99,115.5,18144,20.8,247,14470.0,79.75
LOVABLE, 25-Aug-2026,71.16,73.1,71.1,71.28,72.43,6665,4.78,195,3928.0,58.93
LOWVOL, 25-Aug-2026,207.95,208.45,207.32,208.1,208.35,3547,7.38,17,270.0,7.61
LOWVOL1, 25-Aug-2026,21.2,21.43,21.19,21.39,21.34,174147,37.05,156,140411.0,80.63
LOWVOLIETF, 25-Aug-2026,22.25,22.48,22.2,22.34,22.25,914049,203.48,1192,711679.0,77.86
LPDC, 25-Aug-2026,7.05,7.3,7.05,7.18,7.25,27312,1.96,119,16010.0,58.62
LRRPL, 25-Aug-2026,85.0,85.0,83.0,83.0,84.0,6000,5.06,4,6000.0,100.0
LT, 25-Aug-2026,4085.0,4125.3,4066.6,4119.0,4090.0,1316074,53886.12,76173,793624.0,60.3
LTF, 25-Aug-2026,315.9,320.8,315.15,319.5,315.85,3760223,11985.8,36888,1800995.0,47.9
LTFOODS, 25-Aug-2026,456.75,459.0,439.25,445.8,459.0,2571532,11462.29,58664,553163.0,21.51
LTGILTBEES, 25-Aug-2026,29.35,30.06,29.35,30.02,29.95,594582,178.34,547,542206.0,91.19
LTGILTCASE, 25-Aug-2026,30.65,30.65,30.48,30.58,30.54,268483,82.05,166,188483.0,70.2
LTM, 25-Aug-2026,4529.7,4550.0,4469.1,4528.0,4525.7,204574,9230.78,19267,78894.0,38.57
LTTS, 25-Aug-2026,3597.8,3609.3,3550.1,3568.2,3584.6,36489,1302.56,7713,18130.0,49.69
LUMAXIND, 25-Aug-2026,5820.0,5940.0,5716.0,5909.0,5808.5,9541,557.65,3498,5632.0,59.03
LUMAXTECH, 25-Aug-2026,1966.0,1966.0,1900.0,1932.1,1964.3,113432,2181.97,17415,43007.0,37.91
LUPIN, 25-Aug-2026,2182.6,2189.9,2158.1,2175.5,2188.0,545272,11851.2,30401,302319.0,55.44
LUXIND, 25-Aug-2026,1221.2,1230.2,1208.2,1227.1,1212.4,26508,323.48,2394,13477.0,50.84
LXCHEM, 25-Aug-2026,174.0,175.44,169.5,170.5,173.18,658611,1128.75,8581,280295.0,42.56
M&M, 25-Aug-2026,3414.1,3443.0,3396.8,3443.0,3414.1,1078022,36838.51,64811,651172.0,60.4
M&MFIN, 25-Aug-2026,378.7,385.95,377.8,381.45,378.7,1967122,7494.8,49266,1136258.0,57.76
MAANALU, 25-Aug-2026,121.58,121.58,117.36,118.32,119.04,28171,33.53,662,17977.0,63.81
MACPOWER, 25-Aug-2026,1963.4,2050.0,1853.0,1903.0,1963.4,100601,1989.32,10647,40241.0,40.0
MADHAV, 25-Aug-2026,35.14,36.9,34.65,35.46,35.14,4492,1.61,50,3096.0,68.92
MADHAVBAUG, 25-Aug-2026,170.0,178.6,170.0,178.6,171.5,800,1.39,2,800.0,100.0
MADHAVIPL, 25-Aug-2026,7.54,7.54,7.16,7.23,7.22,93653,6.8,259,83033.0,88.66
MADHUSUDAN, 25-Aug-2026,214.0,219.2,211.8,213.25,222.75,26000,55.73,25,21000.0,80.77
MADRASFERT, 25-Aug-2026,67.0,71.99,66.8,69.81,65.66,1345351,945.77,8661,355192.0,26.4
MAFANG, 25-Aug-2026,206.26,206.94,206.26,206.94,205.87,136421,282.31,4833,135936.0,99.64
MAFATIND, 25-Aug-2026,122.0,123.59,119.02,120.92,121.56,32004,38.65,1006,19284.0,60.25
MAGADSUGAR, 25-Aug-2026,594.45,604.7,580.0,582.35,601.05,70144,413.02,4749,23114.0,32.95
MAGNUM, 25-Aug-2026,19.6,19.6,18.51,19.26,19.45,18607,3.56,88,14568.0,78.29
MAGSON, 25-Aug-2026,182.5,182.5,182.5,182.5,183.2,14000,25.55,12,14000.0,100.0
MAHABANK, 25-Aug-2026,80.71,82.93,80.51,81.7,80.7,19104372,15659.61,90957,8015073.0,41.95
MAHAPEXLTD, 25-Aug-2026,61.5,61.5,57.77,58.85,59.98,5973,3.55,159,4216.0,70.58
MAHEPC, 25-Aug-2026,106.9,106.99,105.08,106.2,106.69,13077,13.9,352,7675.0,58.69
MAHICKRA, 25-Aug-2026,299.0,299.0,288.0,288.0,284.95,2250,6.57,3,1500.0,66.67
MAHKTECH, 25-Aug-2026,23.38,23.38,22.75,22.88,22.83,469214,107.46,4411,408748.0,87.11
MAHLIFE, 25-Aug-2026,379.15,383.0,375.0,376.55,379.15,81225,307.54,4245,37606.0,46.3
MAHLOG, 25-Aug-2026,403.1,405.8,396.1,399.7,403.1,95410,381.16,5985,53538.0,56.11
MAHSCOOTER, 25-Aug-2026,13139.0,13338.0,13001.0,13216.0,13063.0,2847,376.6,958,1097.0,38.53
MAHSEAMLES, 25-Aug-2026,634.9,655.95,632.0,636.55,634.75,305342,1965.62,17419,133063.0,43.58
MAITHANALL, 25-Aug-2026,999.0,999.05,983.25,988.75,993.95,22169,219.34,968,13137.0,59.26
MAITREYA, 25-Aug-2026,114.95,117.6,112.25,112.25,112.85,2400,2.77,6,2400.0,100.0
MAKEINDIA, 25-Aug-2026,167.99,169.04,166.92,168.14,167.93,43860,73.55,411,28313.0,64.55
MAKERSL, 25-Aug-2026,228.0,236.0,212.55,215.51,220.86,76863,171.44,1924,38338.0,49.88
MAKS, 25-Aug-2026,15.0,15.0,14.0,14.0,14.7,6000,0.86,4,3000.0,50.0
MAL, 25-Aug-2026,30.65,30.95,30.25,30.4,31.8,20800,6.36,11,19200.0,92.31
MALLCOM, 25-Aug-2026,962.0,1030.0,962.0,1016.8,969.25,4104,40.87,241,3783.0,92.18
MALUPAPER, 25-Aug-2026,31.38,32.61,31.34,32.01,31.38,14601,4.7,169,11398.0,78.06
MAMATA, 25-Aug-2026,417.5,417.5,407.3,410.4,417.5,16125,66.21,1074,9260.0,57.43
MANAKALUCO, 25-Aug-2026,36.8,41.68,36.8,40.04,37.26,188666,75.27,2429,79591.0,42.19
MANAKCOAT, 25-Aug-2026,125.0,125.69,123.0,124.09,124.77,100398,125.07,1491,60971.0,60.73
MANAKSIA, 25-Aug-2026,57.4,58.44,56.51,57.7,58.1,8381,4.82,160,6011.0,71.72
MANAKSTEEL, 25-Aug-2026,88.89,88.89,86.25,86.74,87.38,30318,26.49,306,23624.0,77.92
MANALIPETC, 25-Aug-2026,74.5,77.14,74.41,74.87,74.91,976418,737.94,6811,404876.0,41.47
MANAPPURAM, 25-Aug-2026,366.25,369.7,363.3,367.45,365.05,4778127,17528.49,41445,1964983.0,41.12
MANBA, 25-Aug-2026,129.3,131.6,126.37,127.61,129.08,115450,148.21,847,52968.0,45.88
MANBRO, 25-Aug-2026,59.45,60.5,59.01,59.66,59.04,220837,130.98,1317,29142.0,13.2
MANCREDIT, 25-Aug-2026,222.64,224.86,220.0,222.17,222.63,18317,40.76,534,8208.0,44.81
MANGALAM, 25-Aug-2026,30.44,33.39,30.0,32.84,30.44,273648,87.82,1791,149278.0,54.55
MANGLMCEM, 25-Aug-2026,1050.0,1060.0,1002.05,1034.5,1045.4,116826,1219.5,5063,44638.0,38.21
MANILAM, 25-Aug-2026,47.95,47.95,47.95,47.95,46.0,2000,0.96,1,2000.0,100.0
MANINDS, 25-Aug-2026,719.15,729.0,704.4,711.5,718.1,472295,3397.75,18188,227199.0,48.11
MANINFRA, 25-Aug-2026,114.38,114.47,112.14,113.86,113.68,884939,1003.74,6416,443386.0,50.1
MANIPALHOS, 25-Aug-2026,743.05,768.5,743.0,762.8,741.05,2348541,17823.26,62351,1254456.0,53.41
MANKIND, 25-Aug-2026,2374.4,2374.4,2337.6,2365.0,2374.5,415562,9797.21,16936,303588.0,73.05
MANOMAY, 25-Aug-2026,214.75,218.34,210.6,215.57,214.76,67567,145.44,1232,31402.0,46.48
MANORAMA, 25-Aug-2026,1905.8,1930.0,1896.1,1914.6,1909.4,157027,3004.63,15655,59274.0,37.75
MANORG, 25-Aug-2026,479.85,502.0,479.7,500.4,480.5,16836,83.24,1185,14047.0,83.43
MANUFGBEES, 25-Aug-2026,166.72,166.91,165.15,166.85,166.23,1996,3.31,86,1792.0,89.78
MANYAVAR, 25-Aug-2026,530.0,541.25,523.0,536.5,533.95,3852349,20660.96,13051,3722846.0,96.64
MAPMYINDIA, 25-Aug-2026,966.9,971.9,955.0,964.3,961.7,138012,1327.33,13732,63218.0,45.81
MARALOVER, 25-Aug-2026,55.0,55.99,53.47,55.0,55.16,5298,2.91,58,4478.0,84.52
MARATHON, 25-Aug-2026,434.0,440.0,396.1,402.4,422.8,2065646,8680.88,49369,330715.0,16.01
MARC, 25-Aug-2026,145.0,145.95,136.0,145.1,142.65,24000,34.34,19,16800.0,70.0
MARCO, 25-Aug-2026,32.05,33.45,32.0,33.45,33.5,6000,1.94,4,3000.0,50.0
MARICO, 25-Aug-2026,845.1,848.0,838.2,847.5,846.1,507512,4281.49,19081,254832.0,50.21
MARINE, 25-Aug-2026,385.0,388.95,369.25,373.5,382.9,459518,1732.01,12674,219590.0,47.79
MARKOLINES, 25-Aug-2026,171.08,173.24,169.09,171.95,171.01,219360,376.53,1412,38106.0,17.37
MARKSANS, 25-Aug-2026,326.3,330.75,315.1,318.5,323.9,1686249,5399.06,28408,492499.0,29.21
MARSONS, 25-Aug-2026,120.7,124.99,120.02,123.4,120.97,4140791,5102.64,11556,1185705.0,28.63
MARUSHIKA, 25-Aug-2026,108.5,108.5,108.5,108.5,109.0,1200,1.3,1,1200.0,100.0
MARUTI, 25-Aug-2026,13609.0,13678.0,13450.0,13678.0,13620.0,296429,40147.04,47618,146522.0,49.43
MASFIN, 25-Aug-2026,293.0,301.9,289.3,299.6,292.6,213138,634.95,7715,134785.0,63.24
MASKINVEST, 25-Aug-2026,150.0,150.0,144.41,144.5,152.0,258,0.37,44,258.0,100.0
MASON, 25-Aug-2026,117.5,124.9,113.0,121.45,117.5,118500,144.33,120,99500.0,83.97
MASPTOP50, 25-Aug-2026,79.95,79.95,79.95,79.95,79.6,122161,97.67,153,122161.0,100.0
MASTEK, 25-Aug-2026,1695.0,1697.5,1655.7,1666.5,1685.0,46331,772.97,10226,26760.0,57.76
MASTER, 25-Aug-2026,435.0,435.0,435.0,435.0,443.0,500,2.18,1,500.0,100.0
MASTERTR, 25-Aug-2026,84.01,85.75,82.15,82.83,84.34,213309,178.95,1089,65192.0,30.56
MATRIMONY, 25-Aug-2026,517.25,538.0,516.35,519.25,521.45,6996,36.52,747,3142.0,44.91
MAWANASUG, 25-Aug-2026,149.0,150.0,140.0,143.68,150.81,838255,1216.91,12147,353972.0,42.23
MAXESTATES, 25-Aug-2026,543.1,562.2,540.25,556.05,549.15,350806,1938.18,16592,138929.0,39.6
MAXHEALTH, 25-Aug-2026,990.5,1016.0,980.3,1016.0,990.5,1889964,18824.03,46887,1018218.0,53.87
MAXIND, 25-Aug-2026,154.34,154.34,150.0,150.66,154.37,29532,44.87,868,18466.0,62.53
MAXVOLT, 25-Aug-2026,341.9,348.7,329.5,340.15,337.25,35600,120.58,74,26000.0,73.03
MAYASHEEL, 25-Aug-2026,37.9,37.9,37.9,37.9,37.0,6000,2.27,2,6000.0,100.0
MAYURUNIQ, 25-Aug-2026,774.4,774.4,740.05,745.4,770.05,65868,492.91,4748,41319.0,62.73
MAZDOCK, 25-Aug-2026,2539.9,2621.7,2520.0,2610.0,2540.0,1640159,42331.12,42363,560912.0,34.2
MBAPL, 25-Aug-2026,171.0,172.0,167.44,168.55,168.91,601736,1023.25,8932,282058.0,46.87
MBEL, 25-Aug-2026,274.6,275.7,270.6,272.05,272.7,72817,198.26,5432,35995.0,49.43
MBLINFRA, 25-Aug-2026,23.9,23.9,23.37,23.68,23.37,10400,2.46,80,9656.0,92.85
MCCHRLS-B, 25-Aug-2026,698.0,698.0,668.05,673.2,683.55,31,0.21,12,29.0,93.55
MCL, 25-Aug-2026,58.66,59.8,57.55,57.74,58.66,20576,11.94,726,14979.0,72.8
MCLEODRUSS, 25-Aug-2026,50.9,51.04,49.1,50.53,49.91,196809,98.73,1623,111932.0,56.87
MCLOUD, 25-Aug-2026,29.58,29.7,28.7,29.0,29.58,3759566,1092.88,4570,3078415.0,81.88
MCON, 25-Aug-2026,43.8,43.8,43.8,43.8,46.1,2000,0.88,2,2000.0,100.0
MCX, 25-Aug-2026,3290.0,3308.7,3254.3,3280.0,3268.0,2029898,66530.78,95067,696265.0,34.3
MDL, 25-Aug-2026,52.95,53.55,52.95,53.55,51.0,5000,2.66,5,5000.0,100.0
MEDANTA, 25-Aug-2026,1402.0,1414.0,1393.0,1404.4,1405.5,69432,973.24,8806,41569.0,59.87
MEDIASSIST, 25-Aug-2026,355.95,367.0,349.65,351.2,357.05,692862,2469.39,20459,480478.0,69.35
MEDICAMEQ, 25-Aug-2026,232.2,238.48,232.2,237.94,233.53,9467,22.38,326,6320.0,66.76
MEDICAPQ, 25-Aug-2026,26.43,27.99,25.0,26.0,25.48,6092,1.62,82,4254.0,69.83
MEDICO, 25-Aug-2026,42.03,43.0,41.46,42.06,42.03,517156,219.87,1707,250640.0,48.47
MEDIORG, 25-Aug-2026,23.15,23.15,22.55,22.55,23.15,10000,2.27,3,10000.0,100.0
MEDPLUS, 25-Aug-2026,677.0,681.55,671.65,678.15,676.6,208739,1413.41,8902,147422.0,70.63
MEESHO, 25-Aug-2026,205.19,209.95,202.0,206.32,205.07,17211698,35627.09,131939,5427199.0,31.53
MEGASTAR, 25-Aug-2026,313.75,314.1,305.3,305.6,309.25,2638,8.15,81,2219.0,84.12
MEGATHERM, 25-Aug-2026,220.55,224.0,216.05,222.05,220.0,14000,30.78,28,12400.0,88.57
MEIL, 25-Aug-2026,262.0,301.2,258.4,276.2,261.05,618782,1729.14,20246,254699.0,41.16
MENNPIS, 25-Aug-2026,71.48,71.97,69.6,70.54,71.35,62146,43.73,915,40093.0,64.51
MERCANTILE, 25-Aug-2026,24.22,25.77,24.0,24.49,24.77,1718,0.42,33,598.0,34.81
MERCURYEV, 25-Aug-2026,39.5,39.5,36.1,37.4,39.2,169903,65.37,1348,111436.0,65.59
METAL, 25-Aug-2026,13.8,13.8,13.36,13.45,13.47,1778710,238.85,3613,1045866.0,58.8
METALIC, 25-Aug-2026,131.25,138.55,131.25,135.65,137.5,52800,71.97,31,52800.0,100.0
METALIETF, 25-Aug-2026,13.12,13.49,12.0,13.4,13.46,6112220,818.43,9613,2831132.0,46.32
METROBRAND, 25-Aug-2026,916.2,925.0,901.0,922.1,909.9,27546,252.05,4704,13476.0,48.92
METROGLOBL, 25-Aug-2026,143.28,145.0,137.01,138.94,143.28,5938,8.3,137,5221.0,87.93
METROPOLIS, 25-Aug-2026,566.95,569.0,563.0,566.7,563.35,150521,852.49,8089,93054.0,61.82
MFML, 25-Aug-2026,19.48,19.48,18.62,18.8,18.93,73,0.01,12,73.0,100.0
MFSL, 25-Aug-2026,1587.7,1600.4,1570.0,1592.5,1569.8,944748,15019.85,53906,295591.0,31.29
MGL, 25-Aug-2026,1131.0,1131.0,1100.0,1101.4,1127.7,262893,2923.11,21415,152366.0,57.96
MGSL, 25-Aug-2026,85.5,85.5,85.5,85.5,85.35,1200,1.03,1,1200.0,100.0
MHHL, 25-Aug-2026,31.45,31.45,31.45,31.45,33.1,3000,0.94,2,3000.0,100.0
MHRIL, 25-Aug-2026,221.2,222.64,218.0,219.1,221.05,88912,195.2,2385,43153.0,48.53
MICROPRO, 25-Aug-2026,18.95,18.95,18.95,18.95,18.9,1600,0.3,1,1600.0,100.0
MID150, 25-Aug-2026,23.34,23.93,23.34,23.91,23.82,19922,4.74,145,17998.0,90.34
MID150BEES, 25-Aug-2026,243.65,243.65,241.68,242.92,242.27,415863,1008.04,6579,231926.0,55.77
MID150CASE, 25-Aug-2026,11.5,12.08,11.5,11.84,11.79,1677933,198.36,3482,1261416.0,75.18
MIDBANKADD, 25-Aug-2026,17.67,17.67,17.46,17.54,17.47,2430,0.43,21,2244.0,92.35
MIDCAP, 25-Aug-2026,18.72,18.92,18.65,18.82,18.72,409372,76.57,708,202352.0,49.43
MIDCAPADD, 25-Aug-2026,23.48,23.66,23.45,23.62,23.49,5021,1.18,17,4763.0,94.86
MIDCAPBETA, 25-Aug-2026,237.48,237.52,236.01,236.98,236.3,1124,2.66,40,773.0,68.77
MIDCAPETF, 25-Aug-2026,23.96,24.09,23.89,24.04,23.96,1427564,342.28,3931,1086340.0,76.1
MIDCAPIETF, 25-Aug-2026,24.18,24.28,24.16,24.26,24.18,682425,165.24,2083,409489.0,60.0
MIDHANI, 25-Aug-2026,417.0,418.85,411.5,414.4,418.1,789570,3268.03,13224,374649.0,47.45
MIDQ50ADD, 25-Aug-2026,25.4,25.44,25.15,25.33,25.42,13651,3.46,215,9403.0,68.88
MIDSELIETF, 25-Aug-2026,20.0,20.13,19.88,20.07,19.98,220569,44.13,563,152046.0,68.93
MIDSMALL, 25-Aug-2026,51.23,52.34,51.23,52.24,52.28,332303,173.31,2781,231436.0,69.65
MIDWESTLTD, 25-Aug-2026,1155.0,1170.0,1140.0,1149.0,1152.6,7492,86.09,578,4434.0,59.18
MIEL, 25-Aug-2026,11.9,11.9,11.9,11.9,12.4,2000,0.24,1,2000.0,100.0
MIIL, 25-Aug-2026,711.05,738.45,703.05,722.05,707.8,100151,714.24,1927,37212.0,37.16
MILKYMIST, 25-Aug-2026,198.0,205.7,197.0,201.92,196.66,15543026,31402.71,99960,2623603.0,16.88
MINALIND, 25-Aug-2026,3.4,3.74,3.15,3.63,3.49,693303,23.78,1438,450334.0,64.95
MINDACORP, 25-Aug-2026,720.95,734.85,696.75,703.55,719.95,667361,4719.43,40201,328206.0,49.18
MINDSPACE, 25-Aug-2026,498.7,498.8,494.25,494.38,496.75,284272,1409.41,7717,262369.0,92.3
MINDTECK, 25-Aug-2026,170.0,171.79,166.21,169.35,169.08,30228,51.03,1029,16931.0,56.01
MIRZAINT, 25-Aug-2026,31.1,32.79,31.1,32.3,31.36,222450,71.7,1827,104120.0,46.81
MITTAL, 25-Aug-2026,0.87,0.89,0.83,0.85,0.88,1123584,9.57,504,699680.0,62.27
MKEXIM, 25-Aug-2026,61.0,63.0,60.1,61.88,60.11,37428,23.06,383,20934.0,55.93
MKPL, 25-Aug-2026,4.17,4.18,4.08,4.12,4.16,61239,2.53,364,56305.0,91.94
MLKFOOD, 25-Aug-2026,90.04,92.0,89.32,91.21,91.88,11060,10.06,180,8826.0,79.8
MMEL, 25-Aug-2026,26.95,26.95,24.8,24.9,25.4,14000,3.52,7,14000.0,100.0
MMFL, 25-Aug-2026,636.0,642.45,628.0,629.95,635.8,59383,376.05,3766,32189.0,54.21
MMP, 25-Aug-2026,396.0,408.0,386.35,389.7,394.1,60122,238.87,2213,28378.0,47.2
MMTC, 25-Aug-2026,64.84,65.45,63.58,63.9,64.61,1677272,1079.18,8148,629338.0,37.52
MMWL, 25-Aug-2026,15.46,16.19,15.42,15.77,15.42,136296,21.79,821,125128.0,91.81
MNC, 25-Aug-2026,34.21,34.89,33.96,34.29,34.21,56047,19.12,425,43725.0,78.01
MOALPHA50, 25-Aug-2026,56.11,56.62,56.1,56.59,56.39,4562,2.57,49,4512.0,98.9
MOBANK10, 25-Aug-2026,17.02,17.02,16.89,16.9,16.94,1582,0.27,40,1358.0,85.84
MOBIKWIK, 25-Aug-2026,194.5,198.85,193.31,197.05,195.24,731274,1433.47,10137,223625.0,30.58
MOBILISE, 25-Aug-2026,104.0,110.25,104.0,110.25,105.0,20800,22.74,8,20800.0,100.0
MOCAPITAL, 25-Aug-2026,54.9,55.42,54.73,55.3,54.9,2391215,1319.77,2549,1806286.0,75.54
MODEFENCE, 25-Aug-2026,109.7,109.7,106.01,107.23,107.03,1072538,1143.26,7250,534707.0,49.85
MODIRUBBER, 25-Aug-2026,135.0,139.95,127.3,138.44,129.37,20818,28.19,672,11395.0,54.74
MODIS, 25-Aug-2026,382.5,383.0,372.0,378.05,379.25,19628,73.8,735,11260.0,57.37
MODTHREAD, 25-Aug-2026,55.01,58.69,52.0,56.8,54.21,10948,6.06,140,7503.0,68.53
MOENERGY, 25-Aug-2026,38.4,38.41,38.15,38.33,38.38,47383,18.14,687,30332.0,64.01
MOGOLD, 25-Aug-2026,159.65,159.65,158.15,158.55,159.1,47287,75.11,594,21227.0,44.89
MOGSEC, 25-Aug-2026,65.17,65.7,65.13,65.16,65.36,18151,11.86,42,17492.0,96.37
MOHEALTH, 25-Aug-2026,51.24,51.69,51.0,51.56,51.24,55544,28.55,482,43194.0,77.77
MOHITE, 25-Aug-2026,2.47,2.62,2.46,2.54,2.51,11300,0.29,78,10719.0,94.86
MOHITIND, 25-Aug-2026,23.8,25.0,23.26,24.06,23.16,25643,6.16,203,21404.0,83.47
MOIL, 25-Aug-2026,255.8,257.2,252.5,254.3,255.4,667470,1698.42,17196,355244.0,53.22
MOINFRA, 25-Aug-2026,59.47,59.61,59.02,59.36,59.44,4050,2.4,71,3965.0,97.9
MOIPO, 25-Aug-2026,48.99,49.35,48.52,49.35,48.84,20578,10.05,46,15759.0,76.58
MOKSH, 25-Aug-2026,10.44,10.48,10.1,10.13,10.34,289288,29.46,311,266184.0,92.01
MOL, 25-Aug-2026,64.36,64.99,61.9,62.51,64.43,1543832,973.92,8440,623094.0,40.36
MOLBIO, 25-Aug-2026,1224.15,1247.0,1180.05,1227.35,1199.3,2430947,29535.38,104904,395544.0,16.27
MOLDTKPAC, 25-Aug-2026,716.25,719.95,704.7,706.8,716.25,62342,442.0,2487,40263.0,64.58
MOLOWVOL, 25-Aug-2026,36.81,36.92,36.56,36.65,36.74,1628,0.6,42,964.0,59.21
MOM100, 25-Aug-2026,68.85,69.4,68.64,69.22,68.86,140167,96.68,2005,99854.0,71.24
MOM30IETF, 25-Aug-2026,31.91,31.91,31.5,31.78,31.56,297907,94.27,1298,169728.0,56.97
MOM50, 25-Aug-2026,253.9,255.05,252.48,254.22,252.6,1912,4.84,88,1289.0,67.42
MOMENTUM, 25-Aug-2026,32.07,32.34,31.29,31.94,31.29,58111,18.31,201,52851.0,90.95
MOMENTUM30, 25-Aug-2026,31.39,31.39,30.94,31.21,30.97,17345,5.39,67,13750.0,79.27
MOMENTUM50, 25-Aug-2026,54.31,54.99,54.26,54.85,54.36,367559,200.62,1395,234681.0,63.85
MOMETAL, 25-Aug-2026,13.65,13.65,13.28,13.32,13.36,4895,0.65,26,4895.0,100.0
MOMGF, 25-Aug-2026,164.75,164.76,164.18,164.76,164.18,178,0.29,14,178.0,100.0
MOMIDMTM, 25-Aug-2026,65.19,65.44,64.71,65.22,64.96,89749,58.37,343,75781.0,84.44
MOMMIDCAP, 25-Aug-2026,13.5,13.5,13.09,13.22,13.11,2273299,299.61,541,2178355.0,95.82
MOMNC, 25-Aug-2026,33.11,33.28,32.92,33.27,33.16,4506,1.49,24,2864.0,63.56
MOMOMENTUM, 25-Aug-2026,62.57,63.33,62.57,63.29,62.57,225557,141.56,367,214507.0,95.1
MON100, 25-Aug-2026,329.05,329.05,327.98,329.05,327.98,504985,1661.56,14623,474848.0,94.03
MON50EQUAL, 25-Aug-2026,33.58,33.78,33.48,33.69,33.92,29003,9.75,53,28993.0,99.97
MONARCH, 25-Aug-2026,387.5,388.95,378.0,383.25,384.8,66174,253.59,1587,44989.0,67.99
MONEXT50, 25-Aug-2026,73.98,74.62,73.59,74.61,74.16,2538,1.88,60,2514.0,99.05
MONEYBOXX, 25-Aug-2026,56.85,60.0,56.0,56.39,56.0,9176,5.2,95,8342.0,90.91
MONIFTY100, 25-Aug-2026,25.54,25.69,25.44,25.64,25.54,8585,2.19,60,7322.0,85.29
MONIFTY500, 25-Aug-2026,24.03,24.24,23.77,24.09,24.02,564732,135.7,1229,407709.0,72.2
MONOLITH, 25-Aug-2026,1060.0,1118.65,1058.9,1100.4,1058.9,66250,725.99,207,46750.0,70.57
MONOPHARMA, 25-Aug-2026,8.8,8.8,8.65,8.65,8.75,8000,0.7,4,8000.0,100.0
MONQ50, 25-Aug-2026,147.84,147.84,147.84,147.84,146.46,47941,70.88,344,47141.0,98.33
MONTECARLO, 25-Aug-2026,550.7,557.65,537.9,545.1,550.05,67529,369.84,1619,47481.0,70.31
MOOILGAS, 25-Aug-2026,11.47,11.47,11.15,11.22,11.21,20026,2.24,45,19036.0,95.06
MOPSE, 25-Aug-2026,99.49,100.5,99.16,99.84,101.86,8655,8.59,70,8366.0,96.66
MOQUALITY, 25-Aug-2026,203.28,204.13,201.0,202.85,202.28,651,1.32,34,548.0,84.18
MOREALTY, 25-Aug-2026,91.5,92.0,91.16,91.77,91.54,307002,281.5,1282,193071.0,62.89
MOREPENLAB, 25-Aug-2026,94.91,95.57,92.7,93.9,95.22,8974075,8427.18,29532,2681142.0,29.88
MOS, 25-Aug-2026,11.45,11.45,10.9,10.9,11.45,148000,16.19,22,148000.0,100.0
MOSCHIP, 25-Aug-2026,206.0,206.95,204.5,205.35,205.84,695326,1428.64,7828,321496.0,46.24
MOSERVICE, 25-Aug-2026,31.1,31.5,30.92,31.19,31.1,1217,0.38,24,1209.0,99.34
MOSILVER, 25-Aug-2026,238.49,238.72,235.87,236.4,239.49,50633,119.92,2559,15854.0,31.31
MOSMALL250, 25-Aug-2026,18.54,18.54,18.38,18.48,18.46,690151,127.25,2057,423129.0,61.31
MOTHERSON, 25-Aug-2026,167.61,168.28,164.81,166.45,169.0,8705147,14446.15,52584,3728489.0,42.83
MOTILALOFS, 25-Aug-2026,992.0,1019.9,992.0,1011.5,990.0,1836119,18526.96,57220,451142.0,24.57
MOTISONS, 25-Aug-2026,16.6,16.68,15.85,16.29,16.46,38460687,6231.91,35233,8835065.0,22.97
MOTOUR, 25-Aug-2026,79.69,80.07,79.14,79.84,79.33,20435,16.22,121,19267.0,94.28
MOVALUE, 25-Aug-2026,113.16,113.68,113.1,113.5,113.07,52827,59.88,507,41178.0,77.95
MPDL, 25-Aug-2026,41.3,41.3,37.44,37.44,41.59,11252,4.25,150,7635.0,67.85
MPHASIS, 25-Aug-2026,2436.7,2443.6,2400.5,2431.9,2427.0,78365,1893.51,6892,22920.0,29.25
MPSLTD, 25-Aug-2026,2738.0,2748.6,2660.0,2705.1,2734.8,45576,1228.37,5654,22646.0,49.69
MRF, 25-Aug-2026,134240.0,134385.0,131400.0,132295.0,134365.0,6400,8507.96,2999,4003.0,62.55
MRPL, 25-Aug-2026,174.0,174.3,171.26,171.84,173.84,2791179,4810.18,18368,974595.0,34.92
MSCI360, 25-Aug-2026,10.77,10.77,10.18,10.31,11.59,126047,12.92,357,120371.0,95.5
MSCIADD, 25-Aug-2026,29.67,29.94,29.66,29.94,29.96,879,0.26,113,373.0,42.43
MSCIINDIA, 25-Aug-2026,30.15,30.34,29.98,30.29,29.96,12970,3.9,71,10199.0,78.64
MSL, 25-Aug-2026,151.99,151.99,149.2,149.2,153.07,6,0.01,2,6.0,100.0
MSPL, 25-Aug-2026,33.12,33.85,33.12,33.46,33.78,551397,184.61,3535,362709.0,65.78
MSTCLTD, 25-Aug-2026,732.75,734.5,717.05,727.95,730.6,252518,1834.92,11173,120866.0,47.86
MSUMI, 25-Aug-2026,37.6,37.7,36.54,36.82,37.75,18493879,6808.44,85538,10590194.0,57.26
MTNL, 25-Aug-2026,26.5,26.73,26.4,26.57,26.46,494319,131.37,2273,222555.0,45.02
MUFIN, 25-Aug-2026,138.51,139.39,137.29,138.02,138.61,387907,536.1,2039,174785.0,45.06
MUFTI, 25-Aug-2026,77.69,77.9,75.0,76.34,76.4,110384,84.44,1376,85662.0,77.6
MUKANDLTD, 25-Aug-2026,135.51,136.49,134.31,135.11,135.68,51620,69.66,1072,30956.0,59.97
MUKESHB, 25-Aug-2026,138.0,144.9,138.0,144.9,138.0,58,0.08,5,57.0,98.28
MUKKA, 25-Aug-2026,25.58,26.49,25.1,25.78,25.8,371184,96.29,1785,169420.0,45.64
MULTICAP, 25-Aug-2026,16.96,16.96,16.8,16.89,16.88,1114614,187.48,537,1084156.0,97.27
MUNISH, 25-Aug-2026,77.5,77.5,77.0,77.25,76.25,12000,9.26,9,12000.0,100.0
MUNJALAU, 25-Aug-2026,112.0,113.4,110.86,112.68,112.14,431382,483.02,5459,149773.0,34.72
MUNJALSHOW, 25-Aug-2026,132.72,132.72,130.51,131.85,131.78,18224,23.98,650,11162.0,61.25
MURUDCERA, 25-Aug-2026,30.0,31.1,30.0,30.65,30.48,16971,5.21,126,10496.0,61.85
MUTHOOTCAP, 25-Aug-2026,255.41,255.41,244.01,245.08,248.41,13018,32.14,449,8174.0,62.79
MUTHOOTFIN, 25-Aug-2026,3209.0,3227.7,3166.4,3201.0,3209.0,837716,26824.8,38504,328081.0,39.16
MUTHOOTMF, 25-Aug-2026,212.81,212.81,207.9,212.04,211.33,247964,521.79,4391,113288.0,45.69
MVELECTRO, 25-Aug-2026,579.0,582.7,559.0,564.15,578.95,367077,2090.97,10103,136928.0,37.3
MVGJL, 25-Aug-2026,151.4,152.59,148.82,151.2,151.59,32627,49.28,882,18760.0,57.5
MVKAGRO, 25-Aug-2026,160.05,160.05,160.05,160.05,168.45,166500,266.48,79,166500.0,100.0
MWL, 25-Aug-2026,41.08,41.08,40.0,40.18,40.79,126649,51.11,585,68301.0,53.93
MYMUDRA, 25-Aug-2026,72.65,74.0,72.05,73.05,73.95,9600,7.01,8,7200.0,75.0
NACLIND, 25-Aug-2026,178.5,185.41,175.93,181.65,176.02,1002431,1820.2,18322,316561.0,31.58
NAGREEKCAP, 25-Aug-2026,22.9,23.9,22.9,23.05,23.18,4325,1.01,95,3255.0,75.26
NAGREEKEXP, 25-Aug-2026,22.3,22.99,22.3,22.69,22.57,3154,0.72,32,2736.0,86.75
NAHARCAP, 25-Aug-2026,257.24,263.61,255.2,259.99,257.22,3102,8.06,79,2729.0,87.98
NAHARINDUS, 25-Aug-2026,153.0,154.0,136.0,139.23,147.6,389640,558.1,6563,175798.0,45.12
NAHARPOLY, 25-Aug-2026,241.0,246.2,240.1,244.7,244.85,6174,15.05,220,4597.0,74.46
NAHARSPING, 25-Aug-2026,302.75,303.8,290.0,296.35,299.0,24592,73.08,723,13351.0,54.29
NAM-INDIA, 25-Aug-2026,1247.0,1253.1,1220.0,1224.4,1247.8,1193328,14654.68,58768,698103.0,58.5
NAMOEWASTE, 25-Aug-2026,276.05,278.0,276.05,276.1,277.1,6400,17.7,7,6400.0,100.0
NARMADA, 25-Aug-2026,14.5,15.15,13.8,14.0,14.5,1889713,270.07,3539,225415.0,11.93
NATCAPSUQ, 25-Aug-2026,165.17,168.3,163.28,166.88,164.68,60568,100.46,1908,39182.0,64.69
NATCOPHARM, 25-Aug-2026,884.0,885.05,865.0,866.25,884.05,443465,3856.02,37500,267225.0,60.26
NATHBIOGEN, 25-Aug-2026,155.4,155.9,152.0,152.94,154.63,6917,10.62,265,4926.0,71.22
NATIONALUM, 25-Aug-2026,402.0,402.0,392.05,397.8,403.3,3855735,15257.38,58811,1159665.0,30.08
NATIONSTD, 25-Aug-2026,116.0,119.39,114.61,114.61,120.64,94447,108.64,815,57585.0,60.97
NAUKRI, 25-Aug-2026,1345.7,1350.0,1328.1,1350.0,1349.0,970768,12966.83,36187,522648.0,53.84
NAVA, 25-Aug-2026,567.0,570.95,556.3,566.95,567.0,227948,1282.79,7330,117494.0,51.54
NAVINFLUOR, 25-Aug-2026,8219.0,8222.5,8090.0,8209.0,8187.0,85121,6937.76,19179,46956.0,55.16
NAVKARCORP, 25-Aug-2026,97.81,97.88,96.0,97.07,97.41,174011,168.71,2415,100181.0,57.57
NAVNETEDUL, 25-Aug-2026,133.0,134.2,132.75,133.45,133.58,155049,206.62,1327,123080.0,79.38
NAZARA, 25-Aug-2026,348.95,360.0,343.1,358.0,347.95,2531169,8967.21,22381,1144422.0,45.21
NBCC, 25-Aug-2026,88.2,89.5,87.79,89.5,88.58,4906608,4355.5,21392,1886400.0,38.45
NBIFIN, 25-Aug-2026,2000.0,2000.0,1968.3,1990.6,1988.0,110,2.18,31,56.0,50.91
NCC, 25-Aug-2026,147.5,149.02,145.83,148.31,147.35,1612591,2380.4,20226,759481.0,47.1
NCLIND, 25-Aug-2026,174.3,175.99,172.3,174.13,173.38,260210,453.93,2975,245741.0,94.44
NDGL, 25-Aug-2026,2696.6,2712.1,2685.0,2706.7,2710.1,429,11.62,48,422.0,98.37
NDL, 25-Aug-2026,3.1,3.16,2.94,3.08,3.04,7634029,233.66,4517,4574259.0,59.92
NDLVENTURE, 25-Aug-2026,122.0,124.78,120.01,121.85,123.01,3958,4.89,82,3391.0,85.67
NDRAUTO, 25-Aug-2026,743.35,749.9,724.2,728.3,743.35,19997,146.76,1857,12267.0,61.34
NDTV, 25-Aug-2026,75.2,75.83,73.95,74.77,75.14,93491,70.05,932,35107.0,37.55
NEAGI, 25-Aug-2026,3256.0,3470.0,3256.0,3456.7,3305.0,49,1.68,12,47.0,95.92
NECLIFE, 25-Aug-2026,10.72,11.44,10.72,11.33,10.72,317808,35.43,679,243513.0,76.62
NELCAST, 25-Aug-2026,116.17,118.0,114.1,114.91,116.17,51004,59.08,1117,28733.0,56.33
NELCO, 25-Aug-2026,914.9,929.0,909.0,925.6,915.3,153324,1409.34,6269,55860.0,36.43
NEOCHEM, 25-Aug-2026,96.6,97.6,95.0,95.0,93.0,9600,9.23,8,8400.0,87.5
NEOGEN, 25-Aug-2026,2133.0,2144.0,2086.4,2123.2,2132.6,111358,2360.4,20618,46032.0,41.34
NEPHROCARE, 25-Aug-2026,95.6,95.6,90.0,90.95,91.5,26800,24.84,54,21200.0,79.1
NEPHROPLUS, 25-Aug-2026,695.0,707.0,680.0,697.35,687.25,145755,1013.22,10142,83072.0,56.99
NEPTUNE, 25-Aug-2026,180.0,180.0,175.2,175.2,179.95,1000,1.78,2,1000.0,100.0
NESCO, 25-Aug-2026,1038.8,1041.7,1026.0,1030.9,1035.8,23456,242.48,4423,12003.0,51.17
NESTLEIND, 25-Aug-2026,1471.3,1479.0,1458.8,1479.0,1471.3,1634440,23961.69,42671,1033019.0,63.2
NETF, 25-Aug-2026,269.2,269.2,261.7,263.71,262.64,1530,4.03,121,1175.0,76.8
NETWEB, 25-Aug-2026,5400.0,5413.2,5191.0,5273.5,5454.5,1906041,100623.51,152268,325757.0,17.09
NETWORK18, 25-Aug-2026,30.34,31.49,29.99,30.36,30.34,5965758,1828.71,14995,1890620.0,31.69
NEULANDLAB, 25-Aug-2026,22905.0,23044.0,22637.0,22948.0,22905.0,37631,8629.54,12768,17656.0,46.92
NEWGEN, 25-Aug-2026,527.0,532.65,519.0,525.55,528.4,458147,2403.35,14538,171491.0,37.43
NEWJAISA, 25-Aug-2026,16.7,16.7,16.7,16.7,16.95,6000,1.0,4,6000.0,100.0
NEXT30ADD, 25-Aug-2026,43.4,43.74,43.17,43.66,43.4,4543,1.97,363,2999.0,66.01
NEXT50, 25-Aug-2026,763.5,769.0,761.39,768.19,763.32,18363,140.62,1363,11498.0,62.62
NEXT50ADD, 25-Aug-2026,74.41,75.0,74.23,74.87,74.35,4818,3.6,29,1797.0,37.3
NEXT50BETA, 25-Aug-2026,80.2,80.25,79.06,80.2,79.86,83801,66.98,603,50143.0,59.84
NEXT50ETF, 25-Aug-2026,74.54,75.26,74.34,74.71,74.58,150661,112.56,118,132626.0,88.03
NEXT50IETF, 25-Aug-2026,78.48,78.82,77.8,78.63,78.05,1738596,1358.68,4928,1378681.0,79.3
NEXTMEDIA, 25-Aug-2026,3.7,3.94,3.7,3.91,3.81,7247,0.28,33,4672.0,64.47
NFL, 25-Aug-2026,71.5,75.38,71.5,72.4,70.79,9079148,6710.93,35331,1363828.0,15.02
NFPSAMPOOR, 25-Aug-2026,22.05,22.05,22.05,22.05,23.1,2000,0.44,1,2000.0,100.0
NGIL, 25-Aug-2026,41.0,41.0,39.2,39.28,39.25,10787,4.31,49,9587.0,88.88
NGLFINE, 25-Aug-2026,2866.0,2894.9,2782.2,2803.8,2864.3,8829,248.71,1773,5209.0,59.0
NH, 25-Aug-2026,1865.1,1896.0,1860.1,1890.1,1859.8,237647,4467.53,24248,138949.0,58.47
NHPC, 25-Aug-2026,76.65,77.3,75.87,76.62,76.65,12860031,9812.04,33730,5676643.0,44.14
NIACL, 25-Aug-2026,184.25,191.16,183.15,187.29,184.08,2389793,4486.57,25771,667081.0,27.91
NIBE, 25-Aug-2026,1438.0,1438.1,1382.1,1394.7,1438.0,62047,872.55,5030,35298.0,56.89
NIBL, 25-Aug-2026,31.89,31.89,31.09,31.44,31.31,4497,1.41,66,3254.0,72.36
NICCOPAR, 25-Aug-2026,81.5,88.0,81.0,85.35,81.17,5507,4.67,99,5000.0,90.79
NIDAN, 25-Aug-2026,15.9,15.9,13.55,14.65,14.6,21000,3.06,18,14000.0,66.67
NIF100BEES, 25-Aug-2026,267.98,270.6,267.98,270.11,269.24,24933,67.13,1102,20272.0,81.31
NIF100IETF, 25-Aug-2026,28.31,28.4,28.21,28.32,28.31,42390,11.98,1193,22208.0,52.39
NIFTY1, 25-Aug-2026,275.64,275.64,267.0,269.63,268.92,41665,111.97,1171,21653.0,51.97
NIFTY100EW, 25-Aug-2026,34.64,36.08,34.64,35.69,35.35,273247,97.09,164,249432.0,91.28
NIFTYADD, 25-Aug-2026,252.36,256.23,252.36,255.97,254.91,6634,16.91,103,5771.0,86.99
NIFTYAXIS, 25-Aug-2026,273.06,273.06,267.22,269.11,267.71,5016,13.44,135,3912.0,77.99
NIFTYBEES, 25-Aug-2026,275.87,277.5,275.17,276.94,275.87,3590196,9911.23,30958,2119480.0,59.04
NIFTYBETA, 25-Aug-2026,268.67,270.56,267.69,269.9,268.67,260287,698.46,537,202336.0,77.74
NIFTYBETF, 25-Aug-2026,249.18,250.62,248.17,249.75,249.18,858,2.14,52,784.0,91.38
NIFTYCASE, 25-Aug-2026,9.95,9.95,9.69,9.77,9.71,680671,66.22,1591,431710.0,63.42
NIFTYETF, 25-Aug-2026,260.86,265.3,260.86,264.78,263.49,69487,183.12,648,39291.0,56.54
NIFTYIETF, 25-Aug-2026,278.0,278.0,273.85,275.46,274.71,451653,1239.43,10111,247772.0,54.86
NIFTYJBLK, 25-Aug-2026,12.65,12.65,12.35,12.42,12.4,131697,16.34,551,100074.0,75.99
NIFTYQLITY, 25-Aug-2026,21.61,21.86,21.46,21.69,21.61,44349,9.54,179,24670.0,55.63
NIITLTD, 25-Aug-2026,99.7,103.4,99.2,102.68,99.1,1305887,1330.14,9553,735331.0,56.31
NIITMTS, 25-Aug-2026,227.37,230.98,221.67,230.03,225.74,121298,275.4,4859,67079.0,55.3
NIKITA, 25-Aug-2026,74.0,74.0,74.0,74.0,76.0,1200,0.89,1,1200.0,100.0
NILAINFRA, 25-Aug-2026,6.94,7.02,6.89,6.91,6.94,147604,10.21,396,122379.0,82.91
NILASPACES, 25-Aug-2026,13.24,13.35,12.42,12.76,12.75,1731878,222.96,16177,753340.0,43.5
NILE, 25-Aug-2026,1487.0,1493.0,1464.0,1472.1,1480.4,2874,42.46,406,1680.0,58.46
NILKAMAL, 25-Aug-2026,2023.0,2037.6,2005.0,2015.9,2026.4,17806,360.24,2261,6100.0,34.26
NIMBSPROJ, 25-Aug-2026,170.0,181.0,168.0,176.28,174.45,531921,922.17,697,163501.0,30.74
NINSYS, 25-Aug-2026,745.0,746.0,710.0,716.9,717.2,2097,15.1,256,1538.0,73.34
NIPPOBATRY, 25-Aug-2026,328.25,334.0,322.05,324.6,329.75,1216,3.97,106,950.0,78.13
NIRAJ, 25-Aug-2026,28.3,28.9,28.25,28.6,28.21,21582,6.17,191,13277.0,61.52
NIRAJISPAT, 25-Aug-2026,216.0,216.0,216.0,216.0,216.0,45,0.1,1,45.0,100.0
NIRLON, 25-Aug-2026,647.5,648.0,640.95,643.4,642.1,9194,59.35,436,7030.0,76.46
NIRMAN, 25-Aug-2026,31.0,31.5,29.0,29.95,30.45,23400,7.03,61,15900.0,67.95
NITCO, 25-Aug-2026,103.49,109.25,94.2,95.78,96.28,20561837,21045.74,106230,2153215.0,10.47
NITINSPIN, 25-Aug-2026,579.6,628.0,578.5,623.65,580.15,714002,4393.4,21896,235356.0,32.96
NITIRAJ, 25-Aug-2026,196.06,204.99,196.06,204.08,200.84,1360,2.74,53,708.0,52.06
NITTAGELA, 25-Aug-2026,1560.0,1575.5,1553.0,1561.6,1563.6,2366,36.93,474,1540.0,65.09
NIVABUPA, 25-Aug-2026,82.51,83.8,81.9,83.21,82.51,654114,541.81,7296,373800.0,57.15
NKIND, 25-Aug-2026,49.66,60.45,49.66,59.06,62.01,14708,8.35,211,6545.0,44.5
NLCINDIA, 25-Aug-2026,274.75,275.0,270.35,271.3,273.1,610844,1661.97,13784,305649.0,50.04
NMDC, 25-Aug-2026,85.9,86.28,85.29,85.94,85.9,16488458,14127.54,46352,7111982.0,43.13
NMSTEEL, 25-Aug-2026,23.5,23.5,22.75,22.75,23.75,3200,0.74,2,3200.0,100.0
NOCIL, 25-Aug-2026,166.78,167.19,161.8,163.93,165.78,352668,577.09,3616,143638.0,40.73
NOIDATOLL, 25-Aug-2026,4.07,4.18,4.0,4.08,4.12,62546,2.57,824,40475.0,64.71
NORBTEAEXP, 25-Aug-2026,73.0,73.0,69.0,70.01,70.86,1568,1.11,26,1461.0,93.18
NORTHARC, 25-Aug-2026,282.55,294.4,282.55,291.65,284.35,909363,2643.86,12452,503406.0,55.36
NOVARTIND, 25-Aug-2026,1503.8,1503.8,1474.2,1486.3,1502.2,6845,101.52,793,4603.0,67.25
NPBET, 25-Aug-2026,285.09,288.99,281.0,281.72,285.09,824,2.34,30,621.0,75.36
NPST, 25-Aug-2026,1561.8,1638.7,1561.8,1608.0,1561.8,29517,475.91,3686,14435.0,48.9
NRAIL, 25-Aug-2026,524.0,524.0,504.0,509.65,518.8,1780,9.17,221,899.0,50.51
NRBBEARING, 25-Aug-2026,476.95,483.45,467.25,470.1,480.95,216424,1022.96,7459,104374.0,48.23
NRVANDANA, 25-Aug-2026,63.5,65.2,63.2,64.1,66.5,45000,28.6,15,45000.0,100.0
NSIL, 25-Aug-2026,5781.0,5837.0,5670.5,5685.5,5724.0,2152,123.34,464,1352.0,62.83
NSLNISP, 25-Aug-2026,40.1,40.85,39.83,39.95,40.06,3775872,1515.21,13002,1839188.0,48.71
NTCIND, 25-Aug-2026,144.8,145.0,132.65,136.89,139.85,2502,3.46,152,1767.0,70.62
NTPC, 25-Aug-2026,339.0,340.8,335.65,339.85,339.5,5260835,17774.01,66009,2695133.0,51.23
NTPCGREEN, 25-Aug-2026,91.69,92.03,91.04,91.65,91.44,1170640,1070.72,24819,589492.0,50.36
NUCLEUS, 25-Aug-2026,737.9,746.7,726.0,744.6,737.9,27531,203.33,1329,16174.0,58.75
NUVAMA, 25-Aug-2026,1750.0,1761.0,1722.9,1754.6,1750.0,204290,3567.05,16386,118310.0,57.91
NUVOCO, 25-Aug-2026,322.8,323.4,319.5,321.35,320.6,92944,298.11,4482,48753.0,52.45
NV20, 25-Aug-2026,13.99,13.99,13.87,13.93,13.93,53290,7.41,175,44163.0,82.87
NV20BEES, 25-Aug-2026,139.74,140.33,138.86,139.82,139.16,17915,24.98,204,14434.0,80.57
NV20IETF, 25-Aug-2026,13.4,13.65,13.4,13.62,13.54,900232,122.08,1905,597066.0,66.32
NXST, 25-Aug-2026,167.99,167.99,166.87,167.65,167.99,428989,717.05,4963,390048.0,90.92
NXT-INFRA, 25-Aug-2026,97.5,98.0,96.8,97.04,96.2,1875000,1815.88,12,1850000.0,98.67
NYKAA, 25-Aug-2026,330.0,334.7,328.0,334.0,330.3,3453986,11475.31,38109,1803995.0,52.23
OAL, 25-Aug-2026,343.55,351.0,335.0,349.35,338.5,12254,42.18,581,7010.0,57.21
OBCL, 25-Aug-2026,54.81,58.0,46.51,56.72,54.81,40626,21.87,541,23164.0,57.02
OBEROIRLTY, 25-Aug-2026,1871.0,1882.4,1858.8,1880.0,1870.0,152351,2849.06,15433,68310.0,44.84
OBSCP, 25-Aug-2026,866.45,895.95,860.0,873.3,854.8,54800,479.3,115,35200.0,64.23
ODIGMA, 25-Aug-2026,21.63,22.7,21.63,21.88,22.17,11302,2.49,408,9361.0,82.83
ODYCORP, 25-Aug-2026,8.0,8.0,6.8,7.1,7.29,14662,1.05,112,13609.0,92.82
OFSS, 25-Aug-2026,11518.0,11729.0,11355.0,11729.0,11518.0,196029,22553.21,36158,76209.0,38.88
OIL, 25-Aug-2026,479.0,479.0,466.05,467.5,477.0,1223240,5764.05,16676,671190.0,54.87
OILIETF, 25-Aug-2026,11.33,11.37,11.29,11.35,11.33,5451173,617.14,1924,4879922.0,89.52
OLAELEC, 25-Aug-2026,37.68,37.85,36.05,36.2,37.35,31557445,11554.26,85188,13240114.0,41.96
OLECTRA, 25-Aug-2026,1298.2,1306.6,1279.5,1291.8,1297.6,219099,2830.91,14433,89472.0,40.84
OLIL, 25-Aug-2026,404.9,413.0,400.0,413.0,402.7,9600,38.55,10,9200.0,95.83
OMAXAUTO, 25-Aug-2026,198.99,198.99,190.81,193.02,192.1,37608,72.94,975,19936.0,53.01
OMAXE, 25-Aug-2026,101.7,102.95,97.86,99.63,101.77,911991,913.6,8318,348585.0,38.22
OMINFRAL, 25-Aug-2026,83.89,86.4,83.05,83.75,83.29,60090,50.28,1781,16908.0,28.14
OMNI, 25-Aug-2026,596.8,608.5,574.05,577.0,594.05,650309,3823.3,25741,239573.0,36.84
OMPOWER, 25-Aug-2026,164.12,171.24,162.06,167.7,163.53,153882,257.58,1615,84532.0,54.93
ONDOOR, 25-Aug-2026,305.5,315.0,284.95,299.2,290.5,84000,254.94,134,28800.0,34.29
ONEGLOBAL, 25-Aug-2026,562.9,562.95,545.0,546.2,553.95,9369,51.51,508,7335.0,78.29
ONEPOINT, 25-Aug-2026,55.54,55.54,54.88,55.24,55.51,559556,308.7,13478,299573.0,53.54
ONESOURCE, 25-Aug-2026,1531.0,1536.2,1511.1,1516.1,1531.8,60036,914.29,7605,24010.0,39.99
ONGC, 25-Aug-2026,236.0,236.55,233.35,234.0,236.55,12124076,28433.78,100377,8641098.0,71.27
ONIDA, 25-Aug-2026,37.45,38.44,36.5,37.58,37.07,734013,275.93,2665,415490.0,56.61
ONIXSOLAR, 25-Aug-2026,276.15,290.65,276.15,276.25,290.65,856148,2365.26,651,839876.0,98.1
ONWARDTEC, 25-Aug-2026,284.9,287.15,281.85,284.5,286.3,22716,64.5,1052,13988.0,61.58
ONYX, 25-Aug-2026,42.2,45.0,42.2,44.25,44.0,14000,6.19,7,14000.0,100.0
OPTIEMUS, 25-Aug-2026,592.0,609.95,581.6,595.8,585.7,626467,3752.62,24624,194443.0,31.04
OPTIFIN, 25-Aug-2026,11.82,14.44,11.82,13.89,12.04,506855,68.07,1123,335042.0,66.1
OPTIMYSTIX, 25-Aug-2026,173.5,174.9,169.0,173.65,174.7,52800,91.43,48,52000.0,98.48
OPTIVALUE, 25-Aug-2026,197.0,202.0,193.0,194.0,193.05,88000,175.71,42,80000.0,90.91
ORCHASP, 25-Aug-2026,1.31,1.37,1.25,1.32,1.29,461314,6.0,322,425243.0,92.18
ORCHPHARMA, 25-Aug-2026,1039.5,1043.95,1002.7,1038.55,1038.1,59978,614.37,6766,35580.0,59.32
ORIANA, 25-Aug-2026,1308.95,1379.9,1306.0,1333.05,1289.15,102675,1376.97,1005,64725.0,63.04
ORICONENT, 25-Aug-2026,56.1,56.94,55.0,55.81,56.94,57085,31.88,196,52056.0,91.19
ORIENTALTL, 25-Aug-2026,5.22,5.3,5.07,5.14,5.16,35958,1.86,173,24623.0,68.48
ORIENTBELL, 25-Aug-2026,379.6,380.0,370.0,376.25,379.7,20029,74.97,1470,12591.0,62.86
ORIENTCEM, 25-Aug-2026,129.95,131.29,128.8,130.83,129.8,144636,187.48,2082,75612.0,52.28
ORIENTCER, 25-Aug-2026,44.36,45.15,43.5,43.55,44.34,79435,35.06,1578,48006.0,60.43
ORIENTELEC, 25-Aug-2026,185.0,185.2,181.35,181.79,185.0,96157,175.84,2947,47722.0,49.63
ORIENTHOT, 25-Aug-2026,143.1,143.1,140.6,141.59,141.78,4450017,6315.73,17086,2559279.0,57.51
ORIENTPPR, 25-Aug-2026,17.48,17.48,16.82,16.9,17.25,268169,45.63,629,201199.0,75.03
ORIENTTECH, 25-Aug-2026,244.3,252.0,243.0,245.45,244.3,70396,172.35,1906,28312.0,40.22
ORIRAIL, 25-Aug-2026,121.01,136.8,119.66,131.81,119.91,1932218,2515.02,16914,485099.0,25.11
ORISSAMINE, 25-Aug-2026,4511.9,4540.3,4455.2,4484.6,4511.4,7671,344.94,1488,3154.0,41.12
ORKLAINDIA, 25-Aug-2026,572.9,572.9,555.15,565.7,570.3,95075,535.76,5563,69299.0,72.89
ORTINGLOBE, 25-Aug-2026,15.1,15.84,14.9,15.12,15.29,9693,1.46,24,9493.0,97.94
OSELDEVICE, 25-Aug-2026,428.45,430.75,410.0,417.1,420.6,39200,165.64,167,26000.0,66.33
OSWALAGRO, 25-Aug-2026,37.02,37.75,36.41,37.25,37.19,15059,5.6,160,13450.0,89.32
OSWALGREEN, 25-Aug-2026,21.0,21.27,20.8,20.98,21.0,95126,20.07,467,65355.0,68.7
OSWALPUMPS, 25-Aug-2026,296.0,300.5,295.55,299.45,296.75,253934,757.47,4602,116338.0,45.81
OSWALSEEDS, 25-Aug-2026,12.6,12.6,11.8,12.03,12.36,74648,8.98,396,55565.0,74.44
OWAIS, 25-Aug-2026,67.4,67.4,67.4,67.4,64.2,7000,4.72,14,7000.0,100.0
PACEDIGITK, 25-Aug-2026,183.0,184.88,180.8,182.26,180.73,558553,1018.46,6558,222336.0,39.81
PACIFICI, 25-Aug-2026,140.0,140.0,133.5,134.45,141.0,269,0.36,29,169.0,62.83
PAGEIND, 25-Aug-2026,35475.0,35565.0,35110.0,35500.0,35560.0,24185,8559.68,7768,14174.0,58.61
PAISALO, 25-Aug-2026,69.25,69.9,68.28,69.29,69.48,6362319,4410.15,12311,4246815.0,66.75
PAKKA, 25-Aug-2026,81.0,83.0,79.52,82.44,81.25,131265,106.85,2734,75841.0,57.78
PALASHSECU, 25-Aug-2026,94.38,94.38,88.2,89.18,92.53,2473,2.22,41,2058.0,83.22
PANACEABIO, 25-Aug-2026,406.5,409.95,403.3,405.9,406.2,41161,167.08,1493,20184.0,49.04
PANAMAPET, 25-Aug-2026,485.95,485.95,471.6,476.85,483.25,200210,955.78,4428,88136.0,44.02
PANORAMA, 25-Aug-2026,45.5,47.8,44.0,47.12,44.99,257516,117.15,1055,123678.0,48.03
PANSARI, 25-Aug-2026,330.0,330.0,318.9,328.85,327.95,675,2.22,23,591.0,87.56
PAR, 25-Aug-2026,102.0,103.4,99.62,100.57,101.45,7114,7.18,135,4229.0,59.45
PARACABLES, 25-Aug-2026,62.6,62.76,61.2,61.53,62.25,593109,365.19,4606,371550.0,62.64
PARADEEP, 25-Aug-2026,150.8,160.6,150.8,159.63,149.4,51534295,81613.6,281140,6128811.0,11.89
PARAGMILK, 25-Aug-2026,242.15,251.78,238.0,250.0,240.62,2835822,7015.73,37223,914831.0,32.26
PARAGON, 25-Aug-2026,51.9,54.95,50.15,50.45,51.8,28800,15.16,22,16800.0,58.33
PARAMOUNT, 25-Aug-2026,31.0,31.0,31.0,31.0,31.0,1200,0.37,1,1200.0,100.0
PARAS, 25-Aug-2026,1520.0,1526.5,1402.0,1445.2,1520.0,2748068,39764.44,110441,742436.0,27.02
PARASPETRO, 25-Aug-2026,2.22,2.29,2.19,2.21,2.22,537229,11.92,312,518996.0,96.61
PARIN, 25-Aug-2026,721.0,721.0,721.0,721.0,710.0,250,1.8,1,250.0,100.0
PARKHOSPS, 25-Aug-2026,282.85,284.95,276.7,284.05,280.05,693900,1961.26,8537,482438.0,69.53
PARKHOTELS, 25-Aug-2026,116.17,119.21,115.02,115.79,116.97,138639,161.83,1944,92031.0,66.38
PARNAXLAB, 25-Aug-2026,130.0,130.0,122.0,129.8,123.82,289,0.36,14,270.0,93.43
PARTH, 25-Aug-2026,499.0,499.0,484.0,486.1,485.75,6000,29.31,13,4800.0,80.0
PARTYCRUS, 25-Aug-2026,83.5,83.5,83.5,83.5,82.0,2000,1.67,2,1000.0,50.0
PASHUPATI, 25-Aug-2026,87.15,87.5,86.05,86.34,86.39,15989,13.86,1653,4785.0,29.93
PATANJALI, 25-Aug-2026,349.85,352.6,346.95,350.9,350.0,1493515,5215.5,14437,740059.0,49.55
PATELENG, 25-Aug-2026,28.35,28.72,28.22,28.34,28.28,1814521,515.33,4874,1020978.0,56.27
PATELRMART, 25-Aug-2026,228.01,234.95,226.2,232.54,228.01,183429,424.39,2578,125621.0,68.48
PATILAUTOM, 25-Aug-2026,230.0,235.5,222.0,226.95,231.15,115200,268.6,83,90600.0,78.65
PAUSHAKLTD, 25-Aug-2026,778.0,778.0,749.1,751.5,768.6,15690,119.22,1649,7878.0,50.21
PAVNAIND, 25-Aug-2026,18.34,18.86,17.5,18.22,18.54,119860,21.71,622,75359.0,62.87
PAYTM, 25-Aug-2026,1622.7,1718.0,1612.0,1718.0,1623.5,10111331,169551.78,154116,3661406.0,36.21
PCBL, 25-Aug-2026,320.4,324.95,317.5,321.1,321.2,719469,2307.04,12180,344675.0,47.91
PCCL, 25-Aug-2026,350.0,350.7,348.1,350.0,349.05,5600,19.59,13,5200.0,92.86
PCJEWELLER, 25-Aug-2026,11.12,11.5,10.77,11.0,11.12,599209523,66619.16,199606,97574055.0,16.28
PDMJEPAPER, 25-Aug-2026,90.22,90.25,87.49,88.06,89.84,56324,49.84,1174,31872.0,56.59
PDSL, 25-Aug-2026,366.4,370.95,363.2,365.8,366.3,50848,186.21,2403,30508.0,60.0
PEARLPOLY, 25-Aug-2026,15.85,16.74,15.52,15.94,16.17,8858,1.41,44,7655.0,86.42
PELATRO, 25-Aug-2026,356.2,380.0,356.2,372.45,358.3,23700,87.54,40,22200.0,93.67
PENIND, 25-Aug-2026,161.43,162.81,156.5,157.34,161.0,261496,415.5,2975,168227.0,64.33
PENTAGON, 25-Aug-2026,52.0,52.0,52.0,52.0,52.0,1000,0.52,1,1000.0,100.0
PERFECT, 25-Aug-2026,2.3,2.3,2.3,2.3,2.3,6000,0.14,2,6000.0,100.0
PERMAGN, 25-Aug-2026,863.25,880.0,850.95,854.0,863.9,3002,25.88,261,1633.0,54.4
PERSISTENT, 25-Aug-2026,5687.0,5687.0,5570.5,5655.0,5694.0,358275,20135.12,32437,130834.0,36.52
PETRONET, 25-Aug-2026,294.55,295.7,291.6,292.5,295.95,1740879,5112.24,182263,951743.0,54.67
PFC, 25-Aug-2026,364.0,367.0,362.1,367.0,364.0,6349108,23093.67,38193,3972764.0,62.57
PFIZER, 25-Aug-2026,4868.0,4880.9,4750.0,4758.0,4881.5,24870,1189.62,5309,14188.0,57.05
PFOCUS, 25-Aug-2026,307.8,309.5,298.5,302.75,307.8,684157,2075.85,15336,352475.0,51.52
PFS, 25-Aug-2026,28.12,28.14,27.81,27.98,27.91,288594,80.75,1099,191297.0,66.29
PGEL, 25-Aug-2026,597.0,601.6,592.05,594.35,597.0,559806,3342.47,12966,161606.0,28.87
PGHH, 25-Aug-2026,8189.0,8189.0,8075.5,8089.0,8127.5,7809,633.11,2504,4272.0,54.71
PGHL, 25-Aug-2026,5860.0,5873.5,5806.5,5833.0,5873.5,8754,510.68,2584,4433.0,50.64
PGIL, 25-Aug-2026,2399.0,2399.0,2306.5,2326.7,2372.2,33049,774.09,5089,15224.0,46.06
PGINVIT, 25-Aug-2026,100.24,100.6,99.91,100.5,100.0,880277,881.97,5100,765660.0,86.98
PHANTOMFX, 25-Aug-2026,123.75,125.0,118.95,120.0,120.8,25800,31.36,67,22200.0,86.05
PHARMABEES, 25-Aug-2026,27.31,27.31,26.95,27.18,27.07,2930603,794.75,8934,1694627.0,57.83
PHOENIXLTD, 25-Aug-2026,1915.9,1959.6,1915.0,1930.0,1932.0,271419,5237.47,20752,123217.0,45.4
PHOENXINTL, 25-Aug-2026,31.99,35.64,27.61,30.38,29.7,27892,8.95,356,15631.0,56.04
PHOGLOBAL, 25-Aug-2026,16.0,16.0,16.0,16.0,15.5,2000,0.32,1,2000.0,100.0
PICCADIL, 25-Aug-2026,686.7,689.7,672.75,676.85,684.65,125836,852.19,7093,66562.0,52.9
PIDILITIND, 25-Aug-2026,1660.0,1660.0,1636.6,1651.1,1660.0,456825,7529.52,19479,209678.0,45.9
PIGL, 25-Aug-2026,102.81,106.74,101.0,102.63,102.4,68201,70.93,737,34383.0,50.41
PIIND, 25-Aug-2026,2474.9,2508.0,2453.1,2508.0,2475.0,186585,4612.48,18335,85772.0,45.97
PILANIINVS, 25-Aug-2026,4331.0,4414.0,4331.0,4395.3,4362.1,1758,77.06,345,1219.0,69.34
PILITA, 25-Aug-2026,8.15,8.33,7.9,7.93,8.02,29811,2.38,166,23751.0,79.67
PINELABS, 25-Aug-2026,157.85,165.95,156.51,163.69,157.54,32244404,52320.91,110998,12414737.0,38.5
PIONEEREMB, 25-Aug-2026,22.0,22.0,21.8,21.98,22.0,5684,1.24,33,5683.0,99.98
PIRAMALFIN, 25-Aug-2026,2190.0,2198.3,2150.0,2181.2,2184.1,395332,8605.42,24947,194760.0,49.26
PITTIENG, 25-Aug-2026,1120.0,1149.5,1100.5,1123.3,1098.25,506448,5733.79,28772,213994.0,42.25
PIXTRANS, 25-Aug-2026,1791.3,1825.7,1758.2,1791.8,1789.6,15001,268.0,2176,7553.0,50.35
PKTEA, 25-Aug-2026,749.2,778.0,746.4,762.95,770.35,486,3.72,43,393.0,80.86
PLASTIBLEN, 25-Aug-2026,191.0,194.38,187.66,189.13,192.5,18317,34.96,845,10361.0,56.56
PLATIND, 25-Aug-2026,212.2,215.0,205.0,212.74,210.26,80531,167.98,2810,39025.0,48.46
PLAZACABLE, 25-Aug-2026,50.8,53.0,50.01,52.43,50.8,37707,19.51,427,22437.0,59.5
PML, 25-Aug-2026,484.0,513.0,484.0,504.85,482.7,100,0.5,21,73.0,73.0
PNB, 25-Aug-2026,115.61,116.9,115.01,115.93,115.86,13026659,15138.38,49415,5492045.0,42.16
PNBGILTS, 25-Aug-2026,78.62,80.02,76.8,79.59,78.62,213702,168.59,1774,110873.0,51.88
PNBHOUSING, 25-Aug-2026,1165.0,1183.0,1157.4,1182.0,1165.0,669328,7813.96,19377,348556.0,52.08
PNC, 25-Aug-2026,18.5,18.59,17.5,17.87,18.45,20652,3.68,218,16764.0,81.17
PNCINFRA, 25-Aug-2026,204.33,205.0,199.75,203.15,204.33,504639,1020.93,18553,277019.0,54.89
PNGJL, 25-Aug-2026,619.5,619.5,603.55,605.6,613.35,213396,1298.32,8103,119631.0,56.06
PNGSREVA, 25-Aug-2026,549.45,551.35,528.05,536.9,541.05,128484,690.92,4584,72958.0,56.78
POCL, 25-Aug-2026,505.0,514.6,500.0,504.65,505.0,302620,1533.08,9543,121157.0,40.04
PODDARMENT, 25-Aug-2026,253.0,254.0,245.1,249.55,253.0,1125,2.81,71,785.0,69.78
POEL, 25-Aug-2026,159.99,159.99,151.0,152.34,156.05,21850,33.81,407,16140.0,73.87
POKARNA, 25-Aug-2026,877.3,888.85,875.0,878.45,875.35,45054,397.28,3607,19726.0,43.78
POLICYBZR, 25-Aug-2026,1800.0,1815.0,1775.0,1798.3,1785.0,1334419,23981.63,39890,734484.0,55.04
POLYCAB, 25-Aug-2026,9029.5,9119.5,8990.5,9098.0,9054.0,321426,29075.68,35327,160857.0,50.04
POLYMED, 25-Aug-2026,1737.1,1753.0,1713.0,1731.7,1737.2,78354,1359.0,11724,36196.0,46.2
POLYPLEX, 25-Aug-2026,1170.9,1193.5,1167.0,1180.2,1170.0,66876,790.05,4617,33187.0,49.62
POLYSIL, 25-Aug-2026,49.7,49.7,49.7,49.7,52.3,12500,6.21,14,12500.0,100.0
POLYSPIN, 25-Aug-2026,28.4,30.94,28.4,29.45,28.3,1520,0.44,25,1515.0,99.67
PONNIERODE, 25-Aug-2026,413.4,422.0,397.2,402.55,421.85,76566,312.56,4074,33369.0,43.58
POONAWALLA, 25-Aug-2026,477.0,479.25,470.55,475.95,475.1,349654,1659.64,11022,178254.0,50.98
POSITRON, 25-Aug-2026,165.0,169.0,165.0,165.0,167.5,3300,5.5,11,3000.0,90.91
POWERGRID, 25-Aug-2026,271.4,271.7,268.35,271.0,271.4,5435918,14661.76,45608,3015114.0,55.47
POWERICA, 25-Aug-2026,517.5,534.0,511.8,531.8,517.5,246548,1299.85,7717,90190.0,36.58
POWERINDIA, 25-Aug-2026,33680.0,33695.0,33005.0,33300.0,33840.0,88353,29359.22,27253,25316.0,28.65
POWERMECH, 25-Aug-2026,2514.0,2535.0,2488.0,2503.4,2514.0,25475,638.71,5777,10969.0,43.06
PPLPHARMA, 25-Aug-2026,211.6,211.98,206.4,207.71,211.15,1716798,3574.62,22225,551940.0,32.15
PPSL, 25-Aug-2026,2.75,2.85,2.7,2.7,2.8,42000,1.15,14,33000.0,78.57
PRABHA, 25-Aug-2026,217.0,218.6,205.11,207.02,214.0,158321,335.5,1717,87172.0,55.06
PRAENG, 25-Aug-2026,19.0,19.3,18.6,18.68,18.87,32622,6.12,240,25511.0,78.2
PRAJIND, 25-Aug-2026,353.6,356.6,346.0,347.8,352.65,687110,2399.88,16065,258687.0,37.65
PRAKASH, 25-Aug-2026,128.8,129.75,127.1,127.69,127.96,240987,308.61,3117,104231.0,43.25
PRAKASHSTL, 25-Aug-2026,3.93,3.97,3.85,3.86,3.92,98013,3.8,449,66074.0,67.41
PRAMARA, 25-Aug-2026,122.0,122.0,117.15,119.15,121.7,1500,1.79,3,1000.0,66.67
PRAMODINI, 25-Aug-2026,120.0,123.0,119.1,122.65,120.15,164400,200.42,101,157200.0,95.62
PRANIK, 25-Aug-2026,41.15,41.15,41.15,41.15,42.0,6400,2.63,4,4800.0,75.0
PRATHAM, 25-Aug-2026,119.5,119.5,116.1,116.1,120.0,2000,2.36,5,2000.0,100.0
PRAVEG, 25-Aug-2026,261.0,263.85,259.5,261.8,261.6,37514,97.96,787,23947.0,63.83
PRAXIS, 25-Aug-2026,5.49,5.49,5.05,5.25,5.27,94364,5.0,246,80933.0,85.77
PRECAM, 25-Aug-2026,130.5,133.02,129.55,130.41,130.74,49714,64.81,1384,22764.0,45.79
PRECISION, 25-Aug-2026,7.3,7.3,7.3,7.3,7.6,2000,0.15,1,2000.0,100.0
PRECOT, 25-Aug-2026,674.55,719.95,670.2,703.7,670.15,2932,20.22,361,2103.0,71.73
PRECWIRE, 25-Aug-2026,425.0,426.75,405.45,411.75,429.05,744525,3059.39,23120,326063.0,43.79
PREMCO, 25-Aug-2026,390.0,390.0,386.25,387.45,393.0,121,0.47,21,107.0,88.43
PREMEXPLN, 25-Aug-2026,667.35,669.5,663.1,665.55,667.35,62248,414.23,1631,37951.0,60.97
PREMIERENE, 25-Aug-2026,1028.0,1036.0,1018.0,1036.0,1030.0,490536,5040.02,26139,183100.0,37.33
PREMIERPOL, 25-Aug-2026,88.0,91.75,88.0,90.3,89.12,230765,208.03,2712,107050.0,46.39
PRESSTONIC, 25-Aug-2026,36.25,38.2,36.25,37.35,35.75,60800,22.71,65,45600.0,75.0
PRESTIGE, 25-Aug-2026,1631.9,1631.9,1606.2,1623.0,1635.8,286013,4625.77,16028,94291.0,32.97
PRICOLLTD, 25-Aug-2026,790.9,798.65,779.0,790.5,790.9,152509,1201.52,12182,73381.0,48.12
PRIMECAB, 25-Aug-2026,214.0,214.95,210.0,213.3,204.75,43200,92.74,27,43200.0,100.0
PRIMESECU, 25-Aug-2026,274.9,280.95,274.9,278.2,276.05,17478,48.65,421,8806.0,50.38
PRIMO, 25-Aug-2026,21.15,21.44,20.6,20.8,20.92,111242,23.26,533,85944.0,77.26
PRINCEPIPE, 25-Aug-2026,284.7,289.15,284.3,287.1,283.95,164804,472.97,4194,91486.0,55.51
PRISMX, 25-Aug-2026,0.54,0.55,0.53,0.54,0.54,68583,0.37,70,65907.0,96.1
PRITIKA, 25-Aug-2026,59.5,59.55,59.0,59.0,59.55,6000,3.56,3,6000.0,100.0
PRIVISCL, 25-Aug-2026,3446.7,3470.1,3420.2,3444.8,3446.7,30691,1056.21,4350,20731.0,67.55
PRIZOR, 25-Aug-2026,1063.9,1071.3,1039.95,1066.5,1020.3,66800,713.45,152,64400.0,96.41
PRLIND, 25-Aug-2026,43.0,43.95,42.95,43.8,43.0,121000,52.46,63,116000.0,95.87
PROFX, 25-Aug-2026,76.1,76.1,76.1,76.1,76.75,1600,1.22,1,1600.0,100.0
PROPSHOP, 25-Aug-2026,79.95,79.95,72.45,74.25,74.45,78000,57.96,37,50000.0,64.1
PROSTARM, 25-Aug-2026,137.68,138.8,133.2,134.58,138.18,116805,158.21,2120,68884.0,58.97
PROTEAN, 25-Aug-2026,554.0,571.4,551.7,568.35,554.9,268866,1515.72,9210,129585.0,48.2
PROV, 25-Aug-2026,1820.0,1850.0,1820.0,1850.0,1820.0,2640,48.77,4,2640.0,100.0
PROZONER, 25-Aug-2026,43.0,46.59,42.21,44.73,41.72,905502,408.2,5628,385882.0,42.62
PRSMJOHNSN, 25-Aug-2026,107.69,108.75,106.26,107.96,107.11,299440,320.77,4720,96897.0,32.36
PRUDENT, 25-Aug-2026,3321.8,3359.6,3283.1,3336.0,3336.8,10762,357.76,3971,5568.0,51.74
PSB, 25-Aug-2026,23.25,23.53,23.15,23.34,23.24,998091,232.79,3133,458858.0,45.97
PSPPROJECT, 25-Aug-2026,909.6,918.9,900.0,909.1,909.55,28539,258.75,1496,16505.0,57.83
PSRAJ, 25-Aug-2026,80.25,82.7,77.85,81.9,81.9,65000,51.98,24,62500.0,96.15
PSUBANK, 25-Aug-2026,87.38,87.38,83.96,85.99,85.36,3220859,2768.85,895,3018826.0,93.73
PSUBANKADD, 25-Aug-2026,86.0,86.91,86.0,86.72,86.22,4404,3.81,131,2519.0,57.2
PSUBNKBEES, 25-Aug-2026,97.5,97.5,94.8,95.97,95.13,2324037,2221.59,5873,1374359.0,59.14
PSUBNKIETF, 25-Aug-2026,86.45,87.25,86.09,86.98,86.44,122904,106.84,654,70460.0,57.33
PTC, 25-Aug-2026,157.0,158.57,156.29,158.05,156.84,986291,1553.52,11272,613404.0,62.19
PTCIL, 25-Aug-2026,21612.0,21742.0,21000.0,21116.0,21672.0,26512,5658.85,9595,8277.0,31.22
PTL, 25-Aug-2026,38.6,38.85,38.2,38.54,38.64,45072,17.36,671,39959.0,88.66
PULZ, 25-Aug-2026,23.5,24.05,23.5,23.75,23.25,4000,0.95,2,4000.0,100.0
PUNJABCHEM, 25-Aug-2026,1094.7,1103.6,1081.1,1090.6,1095.2,4647,50.65,755,3206.0,68.99
PURPLEUTED, 25-Aug-2026,427.0,427.0,406.0,417.1,419.85,14000,58.13,50,13750.0,98.21
PURVA, 25-Aug-2026,214.69,220.11,213.52,217.92,214.3,358395,779.17,9273,68934.0,19.23
PURVFLEXI, 25-Aug-2026,50.2,50.2,46.1,46.6,48.5,14400,6.82,16,11200.0,77.78
PUSHPA, 25-Aug-2026,112.8,115.0,112.8,114.0,110.0,45000,51.51,23,43000.0,95.56
PVP, 25-Aug-2026,48.0,53.44,47.75,51.35,48.59,7385739,3769.4,40623,2264491.0,30.66
PVRINOX, 25-Aug-2026,1249.9,1284.5,1218.0,1231.0,1231.8,1984216,24699.21,84958,672163.0,33.88
PVSL, 25-Aug-2026,110.15,110.59,106.06,107.98,110.15,40980,44.4,926,26976.0,65.83
PVTBANIETF, 25-Aug-2026,27.76,27.88,27.7,27.79,27.9,942306,261.55,2655,554130.0,58.81
PVTBANK, 25-Aug-2026,27.97,27.97,27.46,27.61,27.7,6079,1.68,28,6078.0,99.98
PVTBANKADD, 25-Aug-2026,27.96,28.01,27.74,27.79,27.9,33285,9.28,125,25446.0,76.45
PVTBKGROWW, 25-Aug-2026,27.5,27.75,27.42,27.45,27.47,17755,4.88,95,12766.0,71.9
PWL, 25-Aug-2026,121.99,123.58,120.52,121.35,121.46,4812168,5861.26,28777,1321150.0,27.45
PYRAMID, 25-Aug-2026,164.46,164.55,161.75,162.64,163.65,19029,31.01,472,8704.0,45.74
QGOLDHALF, 25-Aug-2026,132.99,134.72,132.69,133.24,133.43,364976,486.36,1600,140408.0,38.47
QLINE, 25-Aug-2026,554.5,558.0,542.85,545.65,553.7,63200,346.45,139,49600.0,78.48
QNIFTY, 25-Aug-2026,266.6,267.8,266.0,267.49,266.59,2124,5.67,73,1786.0,84.09
QPOWER, 25-Aug-2026,1310.3,1334.1,1301.0,1309.1,1313.2,193899,2548.96,12323,98003.0,50.54
QUADFUTURE, 25-Aug-2026,432.2,441.8,410.0,418.5,447.3,5006379,21328.5,89784,587573.0,11.74
QUADPRO, 25-Aug-2026,2.4,2.4,2.4,2.4,2.4,12000,0.29,1,12000.0,100.0
QUAL30IETF, 25-Aug-2026,21.32,21.65,21.19,21.38,21.32,238115,50.61,199,220743.0,92.7
QUALITY30, 25-Aug-2026,21.03,21.03,20.82,20.96,20.82,16014,3.34,43,13990.0,87.36
QUESS, 25-Aug-2026,337.1,347.95,335.75,347.0,338.6,424971,1464.03,15931,223387.0,52.57
QUESTLAB, 25-Aug-2026,85.0,86.5,85.0,86.5,86.5,3600,3.1,3,2400.0,66.67
QUICKTOUCH, 25-Aug-2026,17.1,17.25,16.2,16.2,17.05,4500,0.74,9,2500.0,55.56
QUINT, 25-Aug-2026,42.79,46.0,39.97,43.64,40.51,30067,13.09,499,17900.0,59.53
QVCEL, 25-Aug-2026,26.1,27.2,25.3,27.2,26.1,9600,2.52,6,9600.0,100.0
RACE, 25-Aug-2026,101.44,103.86,100.2,100.27,101.44,903,0.92,31,736.0,81.51
RACLGEAR, 25-Aug-2026,1515.9,1565.6,1460.9,1511.1,1513.5,59620,900.04,5595,21041.0,35.29
RADAAN, 25-Aug-2026,3.1,3.1,2.92,3.0,3.03,4912,0.15,62,4502.0,91.65
RADHIKAJWE, 25-Aug-2026,67.27,67.52,66.16,66.92,67.27,178428,119.14,1949,91606.0,51.34
RADIANTCMS, 25-Aug-2026,36.25,39.01,35.87,38.36,35.66,626964,236.49,4000,340459.0,54.3
RADICO, 25-Aug-2026,4600.0,4651.1,4571.6,4630.0,4600.0,235847,10904.53,18285,147056.0,62.35
RADIOCITY, 25-Aug-2026,6.88,6.88,6.54,6.59,6.53,26785,1.77,83,21801.0,81.39
RADIOWALLA, 25-Aug-2026,26.0,26.0,26.0,26.0,25.5,17600,4.58,3,17600.0,100.0
RAILTEL, 25-Aug-2026,282.0,287.5,278.5,280.8,282.05,676924,1898.83,11950,157796.0,23.31
RAIN, 25-Aug-2026,213.89,213.89,198.37,200.49,213.69,4541406,9302.45,32875,2387545.0,52.57
RAINBOW, 25-Aug-2026,1465.0,1470.0,1439.1,1445.2,1460.1,31536,456.3,5325,14473.0,45.89
RAJINDLTD, 25-Aug-2026,66.95,67.0,65.7,67.0,66.9,18000,11.92,12,13500.0,75.0
RAJMET, 25-Aug-2026,3.51,3.65,3.13,3.2,3.5,2145804,70.62,2094,1731631.0,80.7
RAJPALAYAM, 25-Aug-2026,819.75,819.75,801.25,816.65,803.25,1007,8.14,99,678.0,67.33
RAJPUTANA, 25-Aug-2026,227.7,232.0,225.0,226.55,224.0,20000,45.77,30,18000.0,90.0
RAJRATAN, 25-Aug-2026,488.0,497.0,483.05,489.75,490.2,66384,323.82,3970,28326.0,42.67
RAJSREESUG, 25-Aug-2026,40.0,40.4,36.76,38.09,39.68,210039,80.29,1510,117146.0,55.77
RAJTV, 25-Aug-2026,10.68,10.68,10.02,10.2,10.47,14064,1.43,92,7471.0,53.12
RALLIS, 25-Aug-2026,211.45,214.5,210.1,212.93,211.32,854764,1811.56,32782,421037.0,49.26
RAMANEWS, 25-Aug-2026,31.19,31.89,30.25,31.79,31.83,7527,2.37,108,5463.0,72.58
RAMAPHO, 25-Aug-2026,120.68,127.5,120.68,124.98,120.74,71562,89.4,1452,38384.0,53.64
RAMBHAJO, 25-Aug-2026,225.19,242.0,207.0,213.2,212.89,9924084,22411.95,118182,1106258.0,11.15
RAMCOCEM, 25-Aug-2026,915.0,939.05,902.0,909.15,903.9,629363,5777.15,22918,206359.0,32.79
RAMCOIND, 25-Aug-2026,342.4,350.0,342.4,348.85,341.55,128667,445.6,3628,54105.0,42.05
RAMCOSYS, 25-Aug-2026,569.0,569.0,552.0,558.15,570.05,115349,644.27,5025,58813.0,50.99
RAMKY, 25-Aug-2026,379.0,381.9,370.9,372.9,380.3,26565,99.73,879,17479.0,65.8
RAMRAT, 25-Aug-2026,481.85,491.9,477.1,489.55,485.85,147204,716.19,5543,92149.0,62.6
RANASUG, 25-Aug-2026,15.78,16.19,15.01,15.26,15.92,892485,138.89,2327,550169.0,61.64
RANEHOLDIN, 25-Aug-2026,1597.1,1618.7,1583.7,1592.1,1613.4,2582,41.3,531,1509.0,58.44
RAPIDFLEET, 25-Aug-2026,234.0,241.9,212.25,231.1,201.6,53400,125.26,79,31800.0,59.55
RAPPID, 25-Aug-2026,300.05,300.05,299.0,300.0,298.0,3600,10.79,4,3000.0,83.33
RATEGAIN, 25-Aug-2026,965.0,968.95,936.1,946.05,962.1,366847,3484.66,18687,170720.0,46.54
RATNAMANI, 25-Aug-2026,2740.2,2843.9,2665.2,2711.5,2697.0,1008208,27579.39,94908,205099.0,20.34
RATNAVEER, 25-Aug-2026,274.09,278.0,260.1,263.43,271.32,3650858,9812.52,28075,1129751.0,30.94
RAYMOND, 25-Aug-2026,632.0,638.4,618.05,627.2,632.2,394760,2466.13,16606,149997.0,38.0
RAYMONDLSL, 25-Aug-2026,718.0,723.0,709.05,715.5,717.15,196559,1408.28,8510,114154.0,58.08
RAYMONDREL, 25-Aug-2026,593.0,593.0,573.95,577.3,593.15,125301,729.21,3540,67792.0,54.1
RBA, 25-Aug-2026,106.9,108.0,104.14,106.31,106.45,4022267,4269.13,18577,1346643.0,33.48
RBLBANK, 25-Aug-2026,387.65,389.4,380.6,384.0,388.0,1504350,5782.84,23292,561426.0,37.32
RBMINFRA, 25-Aug-2026,245.5,247.5,242.1,246.65,247.8,7800,19.05,36,6000.0,76.92
RBS, 25-Aug-2026,91.0,93.9,91.0,91.25,89.0,10400,9.6,8,4800.0,46.15
RBZJEWEL, 25-Aug-2026,144.65,145.49,140.2,142.02,144.65,79577,113.62,1156,38758.0,48.71
RCDL, 25-Aug-2026,21.95,22.0,19.1,19.1,21.2,30000,6.15,10,27000.0,90.0
RCF, 25-Aug-2026,121.0,128.55,120.25,124.47,119.03,18100384,22861.09,106094,1779020.0,9.83
READYMIX, 25-Aug-2026,96.0,96.0,88.3,92.15,93.9,58000,53.34,39,38000.0,65.52
RECLTD, 25-Aug-2026,327.9,329.0,323.45,326.0,327.9,4219283,13775.09,34327,2080335.0,49.31
REDINGTON, 25-Aug-2026,365.9,366.5,350.15,352.65,365.1,4487821,16012.98,78718,1845578.0,41.12
REDTAPE, 25-Aug-2026,121.9,122.68,120.35,120.89,121.95,267828,324.99,5717,149179.0,55.7
REFEX, 25-Aug-2026,292.3,299.5,285.85,290.0,286.45,498666,1450.17,9772,135828.0,27.24
REFRACTORY, 25-Aug-2026,27.4,27.4,27.35,27.4,26.1,4000,1.1,4,4000.0,100.0
REGAAL, 25-Aug-2026,95.02,96.4,93.61,95.13,95.02,301056,285.08,2093,169808.0,56.4
REGENCERAM, 25-Aug-2026,34.0,34.8,32.51,33.61,33.93,8689,2.93,82,7267.0,83.63
RELAXO, 25-Aug-2026,377.55,378.4,365.55,368.55,377.55,194239,719.33,8820,84098.0,43.3
RELCHEMQ, 25-Aug-2026,114.5,114.5,111.1,112.7,113.34,1747,1.98,94,1125.0,64.4
RELIABLE, 25-Aug-2026,140.0,142.2,136.82,141.76,142.19,39296,55.14,624,8137.0,20.71
RELIANCE, 25-Aug-2026,1304.3,1317.1,1300.0,1317.0,1309.8,7115355,92918.92,104584,3766609.0,52.94
RELIGARE, 25-Aug-2026,227.6,231.25,226.85,228.45,226.95,1337984,3071.75,11360,708432.0,52.95
RELTD, 25-Aug-2026,162.0,163.03,158.28,159.01,161.4,119511,191.3,2191,72165.0,60.38
REMSONSIND, 25-Aug-2026,81.6,84.0,81.11,81.47,82.56,70482,57.92,1542,26978.0,38.28
REMUS, 25-Aug-2026,929.0,931.0,920.0,921.0,927.3,5300,49.19,38,4400.0,83.02
RENUKA, 25-Aug-2026,25.47,25.74,24.43,24.67,25.47,42636836,10615.29,61256,10596457.0,24.85
REPCOHOME, 25-Aug-2026,353.55,355.55,350.7,354.7,350.7,58832,207.97,2131,37631.0,63.96
REPRO, 25-Aug-2026,313.95,314.0,309.0,310.3,311.95,14648,45.51,544,11447.0,78.15
RESPONIND, 25-Aug-2026,154.01,158.8,153.1,153.71,154.67,53730,83.14,1781,17226.0,32.06
RETAIL, 25-Aug-2026,18.0,18.0,16.52,17.4,17.0,6572,1.14,54,6003.0,91.34
REXPRO, 25-Aug-2026,37.1,37.8,36.9,36.9,38.8,15000,5.58,14,12000.0,80.0
RGL, 25-Aug-2026,131.76,134.4,130.0,132.87,132.32,243323,322.25,3744,107344.0,44.12
RHETAN, 25-Aug-2026,22.16,22.25,20.4,21.85,21.81,13603295,2964.53,24446,3076580.0,22.62
RHIM, 25-Aug-2026,376.0,376.5,365.85,370.2,374.6,402120,1489.35,10490,216986.0,53.96
RHL, 25-Aug-2026,167.25,170.5,166.26,167.14,169.0,1457,2.44,22,1230.0,84.42
RICHA, 25-Aug-2026,80.5,80.5,80.5,80.5,84.55,1000,0.81,1,1000.0,100.0
RICOAUTO, 25-Aug-2026,127.74,128.68,125.16,127.89,127.17,986145,1251.72,9348,269167.0,27.29
RIIL, 25-Aug-2026,777.0,777.0,757.0,763.55,774.95,47300,361.98,2843,17521.0,37.04
RIIT, 25-Aug-2026,122.0,122.0,121.49,121.85,121.89,123564,150.55,1242,106555.0,86.23
RILINFRA, 25-Aug-2026,35.75,37.0,35.5,36.2,36.45,9200,3.33,51,3800.0,41.3
RIR, 25-Aug-2026,165.39,166.88,162.17,162.92,164.17,77109,125.63,1561,42368.0,54.95
RISHABH, 25-Aug-2026,696.9,704.1,681.1,688.55,699.55,133969,926.59,6678,63990.0,47.76
RITCO, 25-Aug-2026,315.0,321.85,308.8,316.25,314.95,74455,234.9,2507,41515.0,55.76
RITES, 25-Aug-2026,220.14,222.99,217.07,217.69,220.14,312485,683.75,8412,115213.0,36.87
RITEZONE, 25-Aug-2026,17.35,17.35,16.75,17.05,17.4,3200,0.55,2,1600.0,50.0
RKDL, 25-Aug-2026,17.95,18.9,17.95,18.66,18.11,25074,4.67,144,21986.0,87.68
RKEC, 25-Aug-2026,23.79,23.79,22.01,22.25,22.97,33786,7.67,415,14416.0,42.67
RKFORGE, 25-Aug-2026,726.0,736.15,716.9,721.1,728.5,718485,5194.94,16920,444518.0,61.87
RKSWAMY, 25-Aug-2026,94.41,96.98,94.41,94.59,95.11,10364,9.83,245,7812.0,75.38
RMC, 25-Aug-2026,252.95,255.0,249.55,253.5,251.5,15049,38.04,707,7101.0,47.19
RML, 25-Aug-2026,1169.8,1169.8,1117.2,1133.0,1160.8,28041,317.76,2957,13632.0,48.61
RNBDENIMS, 25-Aug-2026,8.51,8.51,8.51,8.51,8.11,53013,4.51,53,53013.0,100.0
RNFI, 25-Aug-2026,277.0,287.0,270.15,283.2,274.95,34800,96.85,51,26400.0,75.86
RNPL, 25-Aug-2026,81.0,81.75,77.65,77.65,81.7,10800,8.61,9,3600.0,33.33
ROCKINGDCE, 25-Aug-2026,229.1,244.6,227.0,238.9,224.05,27500,64.57,77,18000.0,65.45
ROHLTD, 25-Aug-2026,315.0,315.0,302.05,303.7,305.9,27632,84.26,842,21377.0,77.36
ROLEXRINGS, 25-Aug-2026,182.0,185.88,179.42,182.42,181.19,1474731,2706.47,20288,592296.0,40.16
ROML, 25-Aug-2026,43.32,44.49,40.55,42.72,43.53,6300,2.67,159,4052.0,64.32
ROSSARI, 25-Aug-2026,500.35,507.0,496.0,503.35,499.35,58703,294.34,6011,28049.0,47.78
ROSSELLIND, 25-Aug-2026,56.8,59.84,56.03,57.31,56.77,83158,48.15,2107,35268.0,42.41
ROSSTECH, 25-Aug-2026,1061.75,1061.75,1035.0,1050.35,1053.65,91136,954.07,5656,46435.0,50.95
ROTO, 25-Aug-2026,64.35,65.8,63.75,65.4,64.28,305220,196.75,2164,137859.0,45.17
ROUTE, 25-Aug-2026,494.25,512.5,486.65,507.6,493.25,441857,2227.69,13622,146377.0,33.13
ROXHITECH, 25-Aug-2026,52.0,52.0,50.95,50.95,51.75,14400,7.38,9,11200.0,77.78
ROYALARC, 25-Aug-2026,182.0,182.0,181.0,181.0,182.0,7200,13.07,4,7200.0,100.0
RPEL, 25-Aug-2026,1669.9,1670.0,1571.0,1603.1,1662.4,77105,1239.82,5796,50559.0,65.57
RPGLIFE, 25-Aug-2026,2640.0,2647.6,2560.0,2584.5,2623.4,9912,255.77,2044,5002.0,50.46
RPOWER, 25-Aug-2026,23.0,23.09,22.59,22.7,23.09,12115326,2750.76,25103,4705702.0,38.84
RPPINFRA, 25-Aug-2026,58.2,59.7,57.5,57.88,57.78,23678,13.74,664,11534.0,48.71
RPSGVENT, 25-Aug-2026,865.0,871.45,858.75,865.5,863.35,10798,93.48,787,5632.0,52.16
RPTECH, 25-Aug-2026,868.35,878.45,703.7,779.45,867.0,4681855,35154.58,161547,1438522.0,30.73
RRECL, 25-Aug-2026,133.0,139.0,133.0,139.0,139.0,54,0.07,7,52.0,96.3
RRIL, 25-Aug-2026,17.75,18.0,15.06,17.23,17.47,112883,18.92,369,67640.0,59.92
RRKABEL, 25-Aug-2026,2870.4,2895.2,2786.8,2801.2,2869.9,321353,9065.65,31516,149275.0,46.45
RSL, 25-Aug-2026,168.15,174.0,163.05,164.32,166.99,435201,728.72,3726,141952.0,32.62
RSSOFTWARE, 25-Aug-2026,30.0,30.5,29.11,29.89,29.98,34312,10.28,232,31796.0,92.67
RSYSTEMS, 25-Aug-2026,239.0,243.95,236.65,243.15,239.75,169670,408.19,3724,94446.0,55.66
RTNINDIA, 25-Aug-2026,30.06,30.3,30.0,30.01,30.06,900343,270.48,3448,633551.0,70.37
RTNPOWER, 25-Aug-2026,7.88,7.9,7.75,7.82,7.86,13453318,1050.72,14067,5492992.0,40.83
RTSPOWR, 25-Aug-2026,94.81,97.0,91.55,92.5,94.81,29,0.03,11,29.0,100.0
RUBFILA, 25-Aug-2026,66.59,67.8,64.96,65.43,66.25,45279,30.02,537,35867.0,79.21
RUBICON, 25-Aug-2026,1776.1,1799.8,1695.2,1708.8,1776.1,429723,7522.17,32062,234114.0,54.48
RUCHINFRA, 25-Aug-2026,5.88,5.89,5.61,5.7,5.76,44216,2.52,221,33609.0,76.01
RUCHIRA, 25-Aug-2026,103.0,103.89,102.11,103.45,102.88,13695,14.15,405,8356.0,61.01
RUDRA, 25-Aug-2026,21.17,22.86,21.11,21.16,21.66,263526,56.88,604,136745.0,51.89
RULKA, 25-Aug-2026,108.0,108.0,108.0,108.0,106.2,900,0.97,3,900.0,100.0
RUPA, 25-Aug-2026,152.4,154.23,150.0,150.59,151.82,69161,104.56,3026,43764.0,63.28
RUSHIL, 25-Aug-2026,17.09,17.09,16.7,16.78,16.96,263367,44.34,758,140706.0,53.43
RUSTOMJEE, 25-Aug-2026,376.2,379.6,372.0,374.2,379.05,24484,92.12,978,12939.0,52.85
RVHL, 25-Aug-2026,40.21,40.94,37.92,40.04,39.92,10556,4.11,182,7104.0,67.3
RVNL, 25-Aug-2026,221.7,224.1,217.02,218.4,221.7,7347704,16126.24,57449,2848839.0,38.77
RVTH, 25-Aug-2026,731.15,743.9,730.0,730.65,732.95,1458,10.66,34,1363.0,93.48
S&SPOWER, 25-Aug-2026,349.65,361.55,335.0,339.45,328.7,38194,134.28,1238,19164.0,50.18
SAAKSHI, 25-Aug-2026,291.05,291.05,285.0,289.0,297.9,6000,17.28,9,5400.0,90.0
SAATVIKGL, 25-Aug-2026,418.0,425.85,415.0,421.85,421.6,45727,192.08,1614,18699.0,40.89
SAB, 25-Aug-2026,178.5,178.5,170.0,172.0,178.5,174,0.3,6,174.0,100.0
SABAR, 25-Aug-2026,7.0,7.6,7.0,7.55,7.25,70000,5.09,14,70000.0,100.0
SACHEEROME, 25-Aug-2026,488.4,497.45,485.45,490.0,482.75,13500,66.16,38,10800.0,80.0
SADBHAV, 25-Aug-2026,8.14,8.16,7.92,8.08,8.09,142079,11.46,324,80183.0,56.44
SADHAV, 25-Aug-2026,114.5,116.5,114.0,114.7,114.5,9000,10.35,14,5400.0,60.0
SAFARI, 25-Aug-2026,1495.1,1506.0,1482.0,1501.8,1495.1,19160,286.8,3819,10168.0,53.07
SAFEENTP, 25-Aug-2026,247.05,254.9,247.05,248.35,249.95,18500,46.13,30,12500.0,67.57
SAGARDEEP, 25-Aug-2026,24.35,24.35,23.41,23.66,23.88,18399,4.35,86,17388.0,94.51
SAGCEM, 25-Aug-2026,166.51,166.51,161.6,163.39,165.33,36996,60.66,2235,23058.0,62.33
SAGILITY, 25-Aug-2026,43.24,44.0,42.79,43.02,43.23,15162360,6583.37,30961,6623205.0,43.68
SAHAJSOLAR, 25-Aug-2026,103.2,105.0,101.05,102.8,103.2,10000,10.26,25,6000.0,60.0
SAHANA, 25-Aug-2026,893.0,929.9,888.4,920.35,892.85,57600,528.5,226,39750.0,69.01
SAHASRA, 25-Aug-2026,320.85,320.85,310.3,313.0,320.4,14400,45.13,36,13600.0,94.44
SAHLIBHFI, 25-Aug-2026,75.0,75.0,70.95,72.99,73.37,24392,17.42,119,23693.0,97.13
SAHYADRI, 25-Aug-2026,354.95,359.25,337.85,346.0,351.25,16770,58.03,1446,9721.0,57.97
SAICAPI, 25-Aug-2026,150.07,153.0,150.0,153.0,147.13,257,0.39,14,257.0,100.0
SAIFL, 25-Aug-2026,5.05,5.15,5.0,5.1,5.05,184000,9.33,33,132000.0,71.74
SAIL, 25-Aug-2026,180.7,186.89,180.3,184.59,179.65,68905208,127132.9,198415,27738434.0,40.26
SAILIFE, 25-Aug-2026,1439.0,1459.0,1420.3,1455.5,1435.9,183271,2635.83,10005,89438.0,48.8
SAIPARENT, 25-Aug-2026,525.05,531.95,518.3,527.9,528.75,82571,432.7,3417,49746.0,60.25
SAJHOTELS, 25-Aug-2026,39.9,39.9,39.9,39.9,42.0,6000,2.39,3,6000.0,100.0
SAKAR, 25-Aug-2026,900.0,920.0,872.3,884.85,899.5,77175,690.74,5824,35805.0,46.39
SAKHTISUG, 25-Aug-2026,22.0,22.57,21.0,21.73,22.4,522797,113.25,1928,281927.0,53.93
SAKSOFT, 25-Aug-2026,163.25,163.25,159.0,159.59,162.13,237329,379.98,3877,104525.0,44.04
SAKUMA, 25-Aug-2026,1.49,1.63,1.48,1.63,1.49,1781040,28.05,1105,1392261.0,78.17
SALASAR, 25-Aug-2026,5.87,5.96,5.85,5.91,5.87,2047870,121.13,1962,1172569.0,57.26
SALONA, 25-Aug-2026,265.0,274.99,265.0,270.09,268.37,1198,3.24,56,1113.0,92.9
SALSTEEL, 25-Aug-2026,78.0,78.9,73.21,74.49,77.06,1183424,891.15,8008,383996.0,32.45
SALZERELEC, 25-Aug-2026,569.9,574.45,558.55,564.45,569.45,46859,264.8,2037,25499.0,54.42
SAMAY, 25-Aug-2026,46.0,46.0,44.05,44.9,44.0,36000,16.27,9,24000.0,66.67
SAMBANDAM, 25-Aug-2026,146.9,147.0,133.9,134.14,144.09,7466,10.31,146,3832.0,51.33
SAMBHAAV, 25-Aug-2026,6.68,6.68,6.21,6.34,6.3,17204,1.08,62,15531.0,90.28
SAMBHV, 25-Aug-2026,130.9,132.89,127.63,128.66,131.18,809463,1050.88,7592,418275.0,51.67
SAMHI, 25-Aug-2026,160.0,160.28,158.0,158.74,159.58,654035,1039.32,13279,381647.0,58.35
SAMMAANCAP, 25-Aug-2026,150.0,150.66,149.0,149.97,149.4,3834063,5739.23,15934,2054176.0,53.58
SAMPANN, 25-Aug-2026,26.05,26.99,25.75,26.47,26.05,54823,14.51,255,26732.0,48.76
SANATHAN, 25-Aug-2026,447.3,460.0,447.25,451.6,448.7,13848,62.58,1280,7357.0,53.13
SANDESH, 25-Aug-2026,1052.4,1052.4,1014.0,1022.05,1034.15,913,9.36,152,554.0,60.68
SANDHAR, 25-Aug-2026,681.9,696.35,673.0,679.0,680.6,175272,1196.54,7437,85704.0,48.9
SANDUMA, 25-Aug-2026,203.82,207.73,203.58,205.1,205.21,736690,1514.8,12789,308460.0,41.87
SANGAMIND, 25-Aug-2026,565.8,569.9,558.65,564.1,561.6,19179,108.11,1063,11300.0,58.92
SANGANI, 25-Aug-2026,52.15,52.15,52.15,52.15,54.85,1500,0.78,1,1500.0,100.0
SANGHVIMOV, 25-Aug-2026,467.8,471.95,448.6,458.4,466.05,499082,2276.21,17709,239235.0,47.94
SANOFI, 25-Aug-2026,3277.0,3277.2,3192.2,3198.2,3274.6,21942,705.27,4376,14553.0,66.32
SANOFICONR, 25-Aug-2026,4201.6,4208.0,4162.0,4176.9,4220.6,2826,118.08,937,1742.0,61.64
SANSERA, 25-Aug-2026,3858.0,3887.9,3770.5,3790.5,3844.3,73667,2807.95,12484,34001.0,46.15
SANSTAR, 25-Aug-2026,106.15,108.85,105.61,107.93,106.59,111786,119.49,1444,58630.0,52.45
SAPPHIRE, 25-Aug-2026,249.3,252.65,244.61,249.81,249.3,905908,2251.86,24822,453500.0,50.06
SAPPL, 25-Aug-2026,281.0,301.0,278.0,292.1,281.45,800,2.28,27,747.0,93.38
SARDAEN, 25-Aug-2026,507.0,512.15,503.15,506.5,507.0,212203,1076.37,9729,87163.0,41.08
SAREGAMA, 25-Aug-2026,514.4,515.9,502.65,504.7,510.05,197775,1001.86,8410,82581.0,41.76
SARLAPOLY, 25-Aug-2026,100.3,102.0,99.33,101.2,100.02,23918,24.05,723,15134.0,63.27
SAROJA, 25-Aug-2026,36.1,37.9,36.1,37.9,36.1,25600,9.67,16,12800.0,50.0
SARTELE, 25-Aug-2026,100.9,102.0,99.8,99.95,100.9,26000,26.15,48,17500.0,67.31
SARVESHWAR, 25-Aug-2026,3.48,3.55,3.45,3.47,3.44,1711114,59.7,1542,1255846.0,73.39
SASKEN, 25-Aug-2026,1901.0,1928.7,1850.0,1871.2,1926.1,18234,344.23,2443,12119.0,66.46
SATECH, 25-Aug-2026,32.9,32.9,32.9,32.9,32.85,1000,0.33,1,1000.0,100.0
SATIA, 25-Aug-2026,57.6,59.4,57.5,57.84,57.91,124969,72.74,1981,78916.0,63.15
SATIN, 25-Aug-2026,222.0,223.49,219.53,221.36,223.63,154326,341.53,2943,98099.0,63.57
SATKARTAR, 25-Aug-2026,124.6,134.8,121.7,133.45,121.35,55200,72.03,56,52000.0,94.2
SATTVAENGG, 25-Aug-2026,75.95,76.0,75.95,76.0,76.7,6400,4.86,3,6400.0,100.0
SAURASHCEM, 25-Aug-2026,57.44,57.79,56.42,56.94,56.85,69725,39.71,955,39772.0,57.04
SAVY, 25-Aug-2026,125.6,137.0,125.1,135.0,126.0,45600,60.33,32,34800.0,76.32
SAWALIYA, 25-Aug-2026,275.0,280.0,266.0,268.05,279.05,137400,373.98,124,99600.0,72.49
SAYAJIHOTL, 25-Aug-2026,337.0,337.0,320.0,320.25,339.35,72,0.23,3,72.0,100.0
SAYAJIIND, 25-Aug-2026,120.0,120.0,111.99,112.35,116.03,868,0.98,16,866.0,99.77
SBC, 25-Aug-2026,39.98,40.24,39.71,39.91,39.82,4695171,1872.98,4608,1638571.0,34.9
SBCL, 25-Aug-2026,1001.5,1039.4,993.6,1018.35,1001.5,229576,2336.54,12786,122355.0,53.3
SBFC, 25-Aug-2026,92.23,93.2,91.52,92.77,92.23,587142,541.85,7573,310483.0,52.88
SBGLP, 25-Aug-2026,24.16,24.74,23.97,24.35,24.15,25832,6.27,193,20638.0,79.89
SBIBPB, 25-Aug-2026,49.44,49.98,48.84,49.81,49.44,32408,16.11,291,18318.0,56.52
SBICARD, 25-Aug-2026,647.1,654.6,645.75,651.0,650.3,1214650,7888.1,27812,660800.0,54.4
SBIETFCON, 25-Aug-2026,124.97,124.97,123.31,124.29,123.45,1609,2.0,74,1397.0,86.82
SBIETFIT, 25-Aug-2026,337.5,339.95,336.5,338.82,338.38,1590,5.38,129,1126.0,70.82
SBIETFPB, 25-Aug-2026,283.4,283.4,279.38,281.14,282.41,2558,7.19,83,1680.0,65.68
SBIETFQLTY, 25-Aug-2026,224.31,226.02,223.16,225.73,224.71,1342,3.0,44,1319.0,98.29
SBIFUNDS, 25-Aug-2026,541.4,552.25,536.5,549.05,541.4,2151544,11673.92,42756,1147160.0,53.32
SBILIFE, 25-Aug-2026,1761.0,1774.4,1751.2,1755.0,1761.8,1641672,28887.44,51919,1092715.0,66.56
SBILIQETF, 25-Aug-2026,1053.34,1053.36,1053.34,1053.34,1053.07,244427,2574.66,121,152684.0,62.47
SBIMIDMOM, 25-Aug-2026,64.47,64.5,63.92,64.48,63.82,31593,20.32,136,22628.0,71.62
SBIN, 25-Aug-2026,1036.0,1048.0,1031.3,1048.0,1039.5,9982723,103876.64,111951,5170787.0,51.8
SBINEQWETF, 25-Aug-2026,33.75,33.85,33.22,33.74,33.59,23171,7.77,179,18787.0,81.08
SBINMID150, 25-Aug-2026,23.78,23.78,23.4,23.54,23.52,9449,2.22,125,7582.0,80.24
SBISILVER, 25-Aug-2026,234.05,236.61,233.72,234.57,237.34,1406831,3303.78,7179,638609.0,45.39
SBISMLETF, 25-Aug-2026,18.64,18.67,18.31,18.39,18.46,74364,13.65,234,63402.0,85.26
SBIVALETF, 25-Aug-2026,14.79,14.81,14.73,14.76,14.82,3915,0.58,32,3723.0,95.1
SCHAEFFLER, 25-Aug-2026,4020.4,4020.4,3975.1,4002.5,4020.4,40296,1609.47,10800,24782.0,61.5
SCHAND, 25-Aug-2026,137.33,137.33,134.48,135.86,136.06,26805,36.27,851,16965.0,63.29
SCHNEIDER, 25-Aug-2026,1158.4,1168.8,1134.9,1146.4,1158.4,322370,3701.12,24959,155770.0,48.32
SCI, 25-Aug-2026,289.3,294.0,286.75,288.1,288.45,1615761,4683.01,20334,644109.0,39.86
SCILAL, 25-Aug-2026,39.7,40.49,39.26,40.06,40.02,124493,49.8,812,82005.0,65.87
SCML, 25-Aug-2026,83.0,85.0,82.1,85.0,82.4,15000,12.67,15,14000.0,93.33
SCODATUBES, 25-Aug-2026,130.97,131.25,128.52,129.87,130.03,139490,180.98,1473,104720.0,75.07
SDBL, 25-Aug-2026,73.02,73.54,72.35,72.73,73.02,306898,223.36,3262,120973.0,39.42
SDREAMS, 25-Aug-2026,78.05,81.6,78.05,81.6,82.0,6000,4.79,5,6000.0,100.0
SEAMECLTD, 25-Aug-2026,1645.1,1663.0,1639.0,1649.6,1655.0,21222,349.27,2566,11276.0,53.13
SECMARK, 25-Aug-2026,132.3,132.3,124.9,125.02,126.0,1316,1.65,17,1137.0,86.4
SECURKLOUD, 25-Aug-2026,18.18,18.18,16.64,17.79,17.96,18863,3.32,190,14257.0,75.58
SEDEMAC, 25-Aug-2026,3150.0,3180.0,3032.3,3081.8,3151.0,95100,2950.0,14219,43578.0,45.82
SEIL, 25-Aug-2026,209.9,210.33,205.1,206.93,210.15,262547,546.73,2493,195175.0,74.34
SEJALLTD, 25-Aug-2026,685.0,693.0,675.05,684.05,686.2,4247,29.19,541,2693.0,63.41
SEKURITIND, 25-Aug-2026,118.01,119.49,117.0,117.07,118.4,12340,14.53,154,9366.0,75.9
SEL, 25-Aug-2026,290.0,300.5,290.0,299.45,300.5,2200,6.51,9,2200.0,100.0
SELECTIPO, 25-Aug-2026,49.0,49.27,48.86,49.18,48.91,46488,22.79,132,43641.0,93.88
SELMC, 25-Aug-2026,27.56,28.74,27.56,27.72,28.08,5300,1.49,71,4321.0,81.53
SEMAC, 25-Aug-2026,290.0,291.0,283.0,289.7,293.4,592,1.71,18,554.0,93.58
SENCO, 25-Aug-2026,372.0,373.85,364.4,368.65,371.75,1124170,4142.24,24702,377636.0,33.59
SENORES, 25-Aug-2026,1508.0,1508.0,1456.3,1480.4,1515.7,198519,2948.53,16797,76409.0,38.49
SENSEXADD, 25-Aug-2026,80.83,80.83,79.63,80.06,79.93,1025,0.82,29,844.0,82.34
SENSEXAXIS, 25-Aug-2026,78.52,82.0,78.52,80.86,80.12,1911,1.54,54,677.0,35.43
SENSEXBETA, 25-Aug-2026,861.9,864.63,855.0,856.6,857.86,547,4.7,125,363.0,66.36
SENSEXETF, 25-Aug-2026,79.85,80.25,79.61,80.18,79.85,15846,12.65,184,7357.0,46.43
SENSEXIETF, 25-Aug-2026,890.53,895.0,887.86,893.61,890.53,5406,48.15,255,3903.0,72.2
SEPC, 25-Aug-2026,5.87,5.87,5.73,5.77,5.82,9580475,553.04,4176,4359742.0,45.51
SERVICE, 25-Aug-2026,63.5,65.9,62.2,65.5,64.2,60000,38.02,24,28000.0,46.67
SERVOTECH, 25-Aug-2026,82.26,82.86,81.11,81.53,82.26,199323,162.54,2541,96925.0,48.63
SESHAPAPER, 25-Aug-2026,227.55,229.84,226.12,227.16,227.55,15651,35.61,502,7959.0,50.85
SETF10GILT, 25-Aug-2026,265.84,266.17,264.05,264.39,264.52,1091,2.89,29,1042.0,95.51
SETFGOLD, 25-Aug-2026,133.88,137.6,132.73,136.95,137.32,4898302,6710.12,12463,2763936.0,56.43
SETFNIF50, 25-Aug-2026,267.37,267.37,260.0,261.66,260.85,327941,855.31,4412,226429.0,69.05
SETFNIFBK, 25-Aug-2026,589.93,592.99,589.0,590.48,590.09,38455,226.66,784,33324.0,86.66
SETFNN50, 25-Aug-2026,812.76,812.76,787.3,795.32,792.94,23493,186.11,1244,14214.0,60.5
SETL, 25-Aug-2026,312.0,322.35,300.0,314.75,312.35,1681575,5252.02,23178,754100.0,44.84
SFL, 25-Aug-2026,659.45,661.6,641.05,646.55,656.15,124006,804.09,12630,64076.0,51.67
SGBAPR28I, 25-Aug-2026,16059.86,16273.99,16005.0,16053.2,16059.86,347,55.67,52,296.0,85.3
SGBAUG27, 25-Aug-2026,15945.0,16021.65,15910.0,15940.28,15945.0,26,4.15,10,17.0,65.38
SGBAUG28V, 25-Aug-2026,15955.01,15960.0,15871.01,15919.14,15947.59,1020,162.39,196,522.0,51.18
SGBAUG29V, 25-Aug-2026,15946.15,16036.99,15832.0,16020.19,15994.13,173,27.59,62,121.0,69.94
SGBAUG30, 25-Aug-2026,16151.25,16160.01,16041.0,16046.02,16151.25,203,32.7,70,129.0,63.55
SGBD29VIII, 25-Aug-2026,15950.01,16039.7,15880.0,15955.39,15950.0,238,37.92,70,155.0,65.13
SGBDC27VII, 25-Aug-2026,16045.0,16045.0,15816.0,16025.0,16010.0,13,2.07,11,11.0,84.62
SGBDE30III, 25-Aug-2026,16179.99,16179.99,16001.02,16066.45,16044.21,225,36.13,51,172.0,76.44
SGBDE31III, 25-Aug-2026,16300.0,16339.0,16152.91,16185.3,16280.14,1226,199.14,281,670.0,54.65
SGBFEB27, 25-Aug-2026,15899.0,15990.0,15899.0,15990.0,15899.0,7,1.11,3,7.0,100.0
SGBFEB28IX, 25-Aug-2026,15921.0,16284.85,15920.0,15920.0,15918.57,24,3.84,8,20.0,83.33
SGBFEB29XI, 25-Aug-2026,15900.0,15967.0,15860.0,15956.16,15937.57,195,31.04,32,124.0,63.59
SGBFEB32IV, 25-Aug-2026,16499.0,16836.57,16251.01,16327.42,16425.93,3030,495.29,545,1593.0,52.57
SGBJ28VIII, 25-Aug-2026,15830.0,16048.93,15830.0,16048.93,15830.0,3,0.48,2,3.0,100.0
SGBJAN27, 25-Aug-2026,15815.25,15973.98,15815.25,15973.98,15948.0,6,0.95,4,6.0,100.0
SGBJAN29IX, 25-Aug-2026,15950.6,15980.0,15880.0,15930.0,15950.6,162,25.83,22,130.0,80.25
SGBJAN29X, 25-Aug-2026,15940.0,15999.0,15860.01,15933.16,15943.33,57,9.08,33,35.0,61.4
SGBJAN30IX, 25-Aug-2026,15955.02,16099.96,15875.23,15973.13,16041.62,88,14.04,40,50.0,56.82
SGBJU29III, 25-Aug-2026,15905.65,15999.0,15855.01,15920.35,15985.57,173,27.58,45,133.0,76.88
SGBJUL27, 25-Aug-2026,16017.0,16017.0,16017.0,16017.0,15892.22,70,11.21,1,70.0,100.0
SGBJUL28IV, 25-Aug-2026,15940.01,15945.0,15857.0,15944.0,15937.31,77,12.27,33,74.0,96.1
SGBJUL29IV, 25-Aug-2026,15904.28,15980.01,15810.01,15918.17,15952.13,707,112.51,95,361.0,51.06
SGBJUN27, 25-Aug-2026,15905.01,15948.99,15850.09,15860.12,15900.0,22,3.49,12,17.0,77.27
SGBJUN28, 25-Aug-2026,15910.0,15980.0,15900.0,15908.61,15963.22,198,31.54,24,139.0,70.2
SGBJUN29II, 25-Aug-2026,15945.25,15993.2,15897.42,15939.64,15993.22,239,38.09,41,178.0,74.48
SGBJUN30, 25-Aug-2026,16104.91,16104.91,15916.05,16013.43,16088.92,189,30.17,74,165.0,87.3
SGBJUN31I, 25-Aug-2026,16175.0,16199.01,16051.02,16123.58,16181.33,524,84.69,117,395.0,75.38
SGBMAR28X, 25-Aug-2026,16051.0,16100.0,16051.0,16100.0,16200.0,17,2.73,2,17.0,100.0
SGBMAR30X, 25-Aug-2026,15954.0,16099.99,15930.09,16005.7,16047.0,364,58.31,48,317.0,87.09
SGBMAR31IV, 25-Aug-2026,16369.97,16369.97,16170.0,16173.75,16170.0,53,8.58,21,42.0,79.25
SGBMAY28, 25-Aug-2026,15950.0,15989.96,15900.01,15974.94,15971.54,75,11.98,21,62.0,82.67
SGBMAY29I, 25-Aug-2026,15991.0,16023.99,15860.0,15976.21,15994.91,485,77.27,101,282.0,58.14
SGBMR29XII, 25-Aug-2026,16101.35,16237.99,16050.0,16105.0,16149.79,867,139.68,67,705.0,81.31
SGBN28VIII, 25-Aug-2026,16028.0,16028.0,15880.0,15950.0,16028.0,88,14.04,25,53.0,60.23
SGBNOV26, 25-Aug-2026,15850.01,15950.0,15850.0,15950.0,15900.0,204,32.34,13,199.0,97.55
SGBNV29VII, 25-Aug-2026,16000.0,16000.0,15919.01,15993.19,16000.0,153,24.44,37,132.0,86.27
SGBOC28VII, 25-Aug-2026,16110.0,16110.0,16005.0,16018.4,16053.45,489,78.39,23,489.0,100.0
SGBOCT26, 25-Aug-2026,16005.0,16600.0,16005.0,16010.0,16060.03,81,12.99,10,81.0,100.0
SGBOCT27, 25-Aug-2026,16005.0,16880.0,16005.0,16880.0,16060.0,29,4.66,3,29.0,100.0
SGBOCT27VI, 25-Aug-2026,16050.0,16139.99,16050.0,16139.99,16130.25,5,0.8,3,5.0,100.0
SGBSEP27, 25-Aug-2026,16051.0,16479.98,16051.0,16479.98,16175.0,31,5.0,7,31.0,100.0
SGBSEP28VI, 25-Aug-2026,16062.0,16169.9,16062.0,16140.63,16176.07,242,39.06,45,175.0,72.31
SGBSEP29VI, 25-Aug-2026,16101.0,16200.0,16100.0,16200.0,16160.5,621,100.37,64,432.0,69.57
SGBSEP31II, 25-Aug-2026,16265.01,16292.99,16180.11,16203.54,16261.94,563,91.26,143,373.0,66.25
SGFIN, 25-Aug-2026,687.2,715.0,687.2,700.5,689.35,252186,1766.73,9252,115983.0,45.99
SGIL, 25-Aug-2026,575.2,583.8,564.5,575.45,575.85,13932,80.05,563,9357.0,67.16
SGL, 25-Aug-2026,10.12,10.51,9.95,10.48,10.1,19644,2.02,136,15109.0,76.91
SGLRES, 25-Aug-2026,2.49,2.59,2.4,2.5,2.49,37372,0.93,75,23527.0,62.95
SGMART, 25-Aug-2026,811.55,848.95,809.0,837.4,811.55,242728,2023.73,13443,96253.0,39.65
SGRL, 25-Aug-2026,533.95,534.0,500.3,507.1,519.05,6538,33.19,375,4815.0,73.65
SHADOWFAX, 25-Aug-2026,260.0,261.56,256.3,256.9,260.34,2116581,5463.43,24148,1119928.0,52.91
SHAH, 25-Aug-2026,4.36,4.36,3.2,3.2,3.99,54859459,1881.41,12292,21913390.0,39.94
SHAHALLOYS, 25-Aug-2026,79.94,79.94,74.3,76.82,78.37,11010,8.5,128,9082.0,82.49
SHAILY, 25-Aug-2026,3268.0,3289.2,3182.5,3227.6,3268.8,140549,4528.23,22143,57974.0,41.25
SHAKTIPUMP, 25-Aug-2026,494.9,495.65,490.0,491.95,493.9,233558,1149.9,8880,108253.0,46.35
SHALBY, 25-Aug-2026,153.0,155.39,151.5,154.69,154.03,65824,100.89,1410,40959.0,62.23
SHANKARA, 25-Aug-2026,144.84,146.98,144.0,145.8,144.83,28836,41.88,545,20384.0,70.69
SHANKESH, 25-Aug-2026,103.3,111.0,94.0,94.82,93.0,95704155,96996.64,327346,26912264.0,28.12
SHANTI, 25-Aug-2026,6.47,6.47,6.23,6.31,6.33,8783,0.55,43,7194.0,81.91
SHANTIGEAR, 25-Aug-2026,539.85,585.0,516.1,557.9,549.0,1482458,7979.27,34017,270761.0,18.26
SHANTIGOLD, 25-Aug-2026,260.01,273.59,257.76,263.96,270.52,2538961,6740.73,30551,977597.0,38.5
SHARDACROP, 25-Aug-2026,781.0,786.4,764.65,767.4,779.3,171508,1322.21,9736,96285.0,56.14
SHARDAMOTR, 25-Aug-2026,897.0,898.45,872.0,874.35,893.15,35341,311.79,5070,20047.0,56.72
SHAREINDIA, 25-Aug-2026,173.6,174.6,171.76,172.62,173.53,142977,247.15,1954,52994.0,37.06
SHARIABEES, 25-Aug-2026,459.13,462.69,456.82,460.87,459.58,2913,13.35,371,1404.0,48.2
SHBAJRG, 25-Aug-2026,166.68,170.99,164.06,165.11,166.68,2491,4.14,90,1723.0,69.17
SHEEL, 25-Aug-2026,58.75,58.75,58.75,58.75,59.55,8000,4.7,4,8000.0,100.0
SHEETAL, 25-Aug-2026,345.0,348.5,330.0,333.1,337.25,12000,40.15,17,9500.0,79.17
SHERA, 25-Aug-2026,179.8,181.0,175.15,179.9,174.7,22000,39.39,21,17000.0,77.27
SHERVANI, 25-Aug-2026,344.5,344.5,303.35,312.05,344.5,227,0.71,20,202.0,88.99
SHETHJI, 25-Aug-2026,166.0,166.2,166.0,166.2,165.9,8000,13.29,5,8000.0,100.0
SHIGAN, 25-Aug-2026,68.0,68.0,68.0,68.0,68.0,1500,1.02,1,1500.0,100.0
SHILCTECH, 25-Aug-2026,3941.2,3958.8,3848.8,3919.7,3921.2,20504,803.11,4533,9414.0,45.91
SHILGRAVQ, 25-Aug-2026,175.0,175.0,162.5,163.34,164.38,3913,6.43,59,3547.0,90.65
SHILPAMED, 25-Aug-2026,859.0,869.0,835.5,861.55,855.8,1201334,10226.7,43486,330506.0,27.51
SHINDL, 25-Aug-2026,164.0,170.0,161.5,163.71,163.59,227188,369.69,785,8199.0,3.61
SHIPROCKET, 25-Aug-2026,135.4,138.11,131.15,132.77,134.67,11939062,16079.5,78132,2465206.0,20.65
SHIVAAGRO, 25-Aug-2026,43.0,43.0,39.2,41.48,42.76,5097,2.04,80,3345.0,65.63
SHIVACEM, 25-Aug-2026,17.14,17.14,16.6,16.66,16.98,37597,6.32,312,35714.0,94.99
SHIVAMILLS, 25-Aug-2026,62.28,62.28,60.05,61.39,59.64,727,0.45,28,664.0,91.33
SHIVASHRIT, 25-Aug-2026,120.0,121.3,118.0,121.3,120.0,150000,178.98,104,38000.0,25.33
SHIVATEX, 25-Aug-2026,170.99,172.5,165.01,170.43,168.97,2407,4.11,93,1895.0,78.73
SHIVAUM, 25-Aug-2026,443.35,444.1,440.0,440.05,444.2,565,2.49,35,196.0,34.69
SHK, 25-Aug-2026,154.6,156.21,151.11,153.73,154.6,253208,389.07,5645,132416.0,52.3
SHKSIL, 25-Aug-2026,32.8,33.45,32.8,33.45,34.4,4000,1.33,2,2000.0,50.0
SHOPERSTOP, 25-Aug-2026,407.65,407.65,392.0,394.6,406.75,33163,131.67,2377,15247.0,45.98
SHRADDHA, 25-Aug-2026,159.9,159.9,149.0,149.68,153.14,571,0.86,36,504.0,88.27
SHRADHA, 25-Aug-2026,33.0,33.15,32.05,32.31,32.95,16496,5.37,117,14105.0,85.51
SHREDIGCEM, 25-Aug-2026,72.32,76.5,71.88,74.87,72.32,225152,166.49,1376,136980.0,60.84
SHREECEM, 25-Aug-2026,24045.0,24500.0,24005.0,24440.0,24020.0,126056,30626.0,10918,110190.0,87.41
SHREEJISPG, 25-Aug-2026,637.9,651.0,635.0,645.5,635.3,1375993,8864.65,9929,678857.0,49.34
SHREEKARNI, 25-Aug-2026,348.0,348.0,348.0,348.0,342.05,450,1.57,1,450.0,100.0
SHREEOSFM, 25-Aug-2026,60.0,60.0,60.0,60.0,61.65,2000,1.2,2,2000.0,100.0
SHREEPUSHK, 25-Aug-2026,427.5,459.5,424.05,454.1,426.9,258194,1141.72,9339,128625.0,49.82
SHREERAMA, 25-Aug-2026,45.0,45.47,43.61,44.1,45.31,68660,30.38,1178,38902.0,56.66
SHREMINVIT, 25-Aug-2026,100.2,100.25,100.2,100.25,99.9,50000,50.11,2,50000.0,100.0
SHREYANIND, 25-Aug-2026,123.37,125.6,121.76,123.77,122.49,9043,11.11,208,7839.0,86.69
SHRIAHIMSA, 25-Aug-2026,457.0,457.5,449.0,453.05,435.75,57000,260.11,78,54000.0,94.74
SHRIKANHA, 25-Aug-2026,22.4,22.4,20.7,20.7,21.35,6400,1.36,4,6400.0,100.0
SHRIKRISH, 25-Aug-2026,38.2,38.2,38.2,38.2,38.01,2,0.0,2,2.0,100.0
SHRINGARMS, 25-Aug-2026,228.62,228.67,223.91,226.3,228.67,202103,456.33,1456,89290.0,44.18
SHRIPISTON, 25-Aug-2026,4785.8,4785.8,4570.6,4629.9,4746.8,121225,5611.43,26999,70586.0,58.23
SHRIRAMFIN, 25-Aug-2026,1117.9,1138.5,1112.0,1138.5,1119.0,2440583,27471.07,58690,1388928.0,56.91
SHRIRAMPPS, 25-Aug-2026,76.8,78.44,75.95,77.96,76.83,314948,243.59,3597,170658.0,54.19
SHRJAGP, 25-Aug-2026,700.0,700.0,664.1,699.15,699.7,768,5.28,97,698.0,90.89
SHUBHSHREE, 25-Aug-2026,339.3,339.3,339.3,339.3,353.9,300,1.02,1,300.0,100.0
SHUKRAPHAR, 25-Aug-2026,44.07,44.94,44.07,44.08,44.07,1374828,608.43,2117,814519.0,59.25
SHYAMDHANI, 25-Aug-2026,56.6,56.95,54.5,56.9,54.95,46000,25.26,5,46000.0,100.0
SHYAMMETL, 25-Aug-2026,1001.0,1017.8,991.7,1006.2,1001.0,308203,3099.8,11328,218082.0,70.76
SHYAMTEL, 25-Aug-2026,13.51,14.94,13.51,13.86,13.99,5876,0.83,504,3278.0,55.79
SICAGEN, 25-Aug-2026,53.0,55.0,53.0,54.8,53.55,21991,11.9,319,11865.0,53.95
SIDDHICOTS, 25-Aug-2026,27.25,27.6,27.25,27.55,27.6,6000,1.65,4,6000.0,100.0
SIDDHIKA, 25-Aug-2026,221.0,221.0,218.05,219.05,218.0,3000,6.57,4,3000.0,100.0
SIEL, 25-Aug-2026,34.57,34.57,34.57,34.57,36.38,360,0.12,16,360.0,100.0
SIEMENS, 25-Aug-2026,4114.0,4149.4,4060.0,4090.5,4114.0,625842,25646.02,37749,265593.0,42.44
SIGACHI, 25-Aug-2026,30.54,34.49,30.5,33.9,30.49,16061164,5354.32,56732,4751030.0,29.58
SIGMA, 25-Aug-2026,48.48,48.99,47.61,48.64,48.48,73686,35.68,1411,35213.0,47.79
SIGMAADV, 25-Aug-2026,692.7,692.7,692.7,692.7,659.75,124322,861.18,604,124322.0,100.0
SIGNATURE, 25-Aug-2026,795.0,799.05,785.0,790.6,795.4,195902,1552.19,6325,16882.0,8.62
SIGNPOST, 25-Aug-2026,262.0,263.35,255.2,256.4,263.1,66501,171.37,2881,37852.0,56.92
SIKA, 25-Aug-2026,1044.0,1044.0,1011.0,1017.7,1036.6,14880,152.87,1236,7425.0,49.9
SIL, 25-Aug-2026,20.65,20.65,19.77,19.95,20.15,34840,6.97,461,24172.0,69.38
SILGO, 25-Aug-2026,72.35,73.5,71.55,72.37,72.45,187674,135.52,746,20860.0,11.12
SILINV, 25-Aug-2026,475.0,482.7,471.0,474.95,482.7,3760,17.92,437,2877.0,76.52
SILKFLEX, 25-Aug-2026,231.5,231.5,231.5,231.5,220.5,18000,41.67,13,18000.0,100.0
SILKY, 25-Aug-2026,65.0,66.2,65.0,65.0,65.55,35200,22.91,15,34400.0,97.73
SILLYMONKS, 25-Aug-2026,15.88,16.9,15.5,16.56,15.88,89141,14.34,125,84434.0,94.72
SILVER, 25-Aug-2026,239.54,241.3,238.3,239.02,242.05,1067741,2557.44,8299,291874.0,27.34
SILVER001, 25-Aug-2026,24.1,24.55,24.01,24.21,24.52,28279,6.86,96,20322.0,71.86
SILVER1, 25-Aug-2026,23.54,23.54,23.16,23.25,23.54,4755519,1106.88,5696,1633967.0,34.36
SILVER360, 25-Aug-2026,236.0,239.5,234.56,235.94,238.22,88364,209.54,843,69832.0,79.03
SILVERADD, 25-Aug-2026,233.88,233.88,230.14,230.87,233.88,198735,459.72,5415,55580.0,27.97
SILVERAG, 25-Aug-2026,233.39,235.01,232.18,233.46,235.99,307652,718.16,2831,198762.0,64.61
SILVERAXIS, 25-Aug-2026,238.5,240.03,237.17,237.74,240.82,193613,461.12,4865,94079.0,48.59
SILVERBEES, 25-Aug-2026,228.63,231.05,228.13,229.0,231.8,19888848,45622.03,67550,6644151.0,33.41
SILVERBETA, 25-Aug-2026,233.1,233.16,230.22,231.08,234.1,608146,1406.68,5180,281974.0,46.37
SILVERBND, 25-Aug-2026,241.8,242.19,237.78,240.02,242.79,20941,50.33,145,11801.0,56.35
SILVERCASE, 25-Aug-2026,25.2,25.2,24.21,24.32,24.59,10505243,2557.68,7219,3788851.0,36.07
SILVERIETF, 25-Aug-2026,239.6,241.22,238.33,239.05,242.06,2499003,5983.78,16784,893266.0,35.74
SILVERTUC, 25-Aug-2026,180.19,183.4,173.11,181.64,180.13,527452,944.21,10622,193186.0,36.63
SIMCA, 25-Aug-2026,264.95,275.0,263.9,266.2,258.25,38400,102.85,49,17400.0,45.31
SIMPLEXINF, 25-Aug-2026,253.76,253.85,246.57,248.72,253.76,18039,44.99,431,10700.0,59.32
SIMPLXREA, 25-Aug-2026,132.0,132.0,132.0,132.0,125.95,1,0.0,1,1.0,100.0
SINCLAIR, 25-Aug-2026,75.16,76.79,74.11,74.59,75.32,6856,5.14,106,5109.0,74.52
SINDHUTRAD, 25-Aug-2026,24.05,24.95,23.26,23.8,24.02,3990326,978.15,15277,2882865.0,72.25
SINGERIND, 25-Aug-2026,79.7,80.49,77.56,78.42,79.11,37691,29.51,1348,17386.0,46.13
SINTERCOM, 25-Aug-2026,83.35,83.35,78.65,79.06,81.72,782,0.63,29,519.0,66.37
SIRCA, 25-Aug-2026,439.65,442.9,433.0,435.5,439.75,319377,1398.62,4072,149674.0,46.86
SIS, 25-Aug-2026,418.0,420.7,411.05,413.1,418.05,194898,809.86,14943,123418.0,63.32
SIYSIL, 25-Aug-2026,592.95,593.95,562.1,567.2,588.45,85777,491.25,5198,45355.0,52.88
SJLOGISTIC, 25-Aug-2026,356.6,360.1,348.0,349.7,356.6,40500,143.57,127,34750.0,85.8
SJS, 25-Aug-2026,2572.4,2582.9,2508.0,2551.3,2561.7,125940,3207.6,17270,71074.0,56.43
SJVN, 25-Aug-2026,65.8,66.29,65.5,65.86,65.8,1165561,766.39,11434,567775.0,48.71
SKFINDIA, 25-Aug-2026,1596.0,1596.0,1561.1,1568.3,1586.4,16848,264.56,2346,10870.0,64.52
SKFINDUS, 25-Aug-2026,2745.0,2809.6,2710.0,2732.0,2748.1,33779,931.61,7368,24015.0,71.09
SKIPPER, 25-Aug-2026,577.0,588.0,542.5,549.2,575.0,1191916,6703.55,32270,480183.0,40.29
SKMEGGPROD, 25-Aug-2026,256.0,261.1,253.21,259.36,256.8,196031,505.75,4662,80929.0,41.28
SKP, 25-Aug-2026,154.0,155.9,154.0,155.9,153.55,1500,2.33,3,1500.0,100.0
SKYGOLD, 25-Aug-2026,799.5,849.9,795.05,842.3,798.0,1438311,11872.24,34395,581381.0,40.42
SKYTECH, 25-Aug-2026,63.5,63.5,63.5,63.5,66.8,1600,1.02,1,1600.0,100.0
SLONE, 25-Aug-2026,158.0,160.0,151.0,157.8,158.45,6000,9.37,15,5200.0,86.67
SMALL250, 25-Aug-2026,18.66,18.66,18.36,18.42,18.45,505416,93.06,624,367147.0,72.64
SMALLADD, 25-Aug-2026,18.74,18.74,18.39,18.47,18.47,94987,17.54,611,83586.0,88.0
SMALLCAP, 25-Aug-2026,49.0,49.3,48.58,48.75,48.88,1039458,506.21,3421,612957.0,58.97
SMALLGROWW, 25-Aug-2026,49.26,49.48,48.54,49.0,49.12,9862,4.82,110,8589.0,87.09
SMALLIETF, 25-Aug-2026,18.4,18.47,18.32,18.43,18.45,37238,6.85,115,17659.0,47.42
SMARTEN, 25-Aug-2026,52.85,57.85,52.85,56.25,55.6,44400,23.75,23,40800.0,91.89
SMARTWORKS, 25-Aug-2026,554.0,567.9,534.0,540.25,550.5,532459,2951.75,22357,155699.0,29.24
SMCGLOBAL, 25-Aug-2026,79.51,80.84,78.5,78.88,79.73,165780,131.18,1143,86871.0,52.4
SML100CASE, 25-Aug-2026,11.36,11.39,11.27,11.34,11.32,950223,107.51,1335,640049.0,67.36
SMLMAH, 25-Aug-2026,5238.0,5238.0,5151.5,5192.0,5204.0,31101,1612.09,4144,12335.0,39.66
SMLT, 25-Aug-2026,68.96,69.97,68.15,69.09,68.96,1098,0.76,47,804.0,73.22
SMSPHARMA, 25-Aug-2026,354.15,358.9,350.4,356.75,354.1,170666,605.43,3968,96110.0,56.31
SNEHAA, 25-Aug-2026,42.5,43.95,42.05,43.95,44.2,7000,3.0,7,5000.0,71.43
SNOWMAN, 25-Aug-2026,37.62,37.84,36.95,37.37,37.59,181034,67.38,1431,116158.0,64.16
SNXT30BEES, 25-Aug-2026,43.16,43.39,42.43,43.39,43.2,141232,60.61,88,98775.0,69.94
SNXT50BETA, 25-Aug-2026,96.48,96.48,94.64,96.22,95.59,794,0.76,64,688.0,86.65
SOBHA, 25-Aug-2026,1301.8,1304.8,1272.7,1279.7,1289.1,67121,861.86,9880,30463.0,45.39
SOCL, 25-Aug-2026,28.8,29.9,28.6,29.0,29.0,16000,4.67,10,14400.0,90.0
SOFTTECH, 25-Aug-2026,425.0,425.0,416.1,420.25,419.15,1671,7.03,20,1466.0,87.73
SOLARA, 25-Aug-2026,629.95,652.2,622.65,628.55,629.1,347879,2214.72,15049,117982.0,33.91
SOLARINDS, 25-Aug-2026,19925.0,19925.0,19665.0,19800.0,19925.0,57783,11424.66,16841,18379.0,31.81
SOLARWORLD, 25-Aug-2026,150.96,155.5,147.0,148.77,150.13,461166,697.92,6021,159792.0,34.65
SOLEX, 25-Aug-2026,791.0,803.0,772.6,788.95,796.25,36645,288.3,3005,14467.0,39.48
SOMANYCERA, 25-Aug-2026,552.0,558.3,536.2,539.35,552.1,158984,864.63,6585,90611.0,56.99
SOMATEX, 25-Aug-2026,86.04,88.89,86.0,87.1,86.79,13757,12.0,130,11938.0,86.78
SOMICONVEY, 25-Aug-2026,98.62,99.2,93.2,94.06,97.36,27526,26.34,872,17801.0,64.67
SONACOMS, 25-Aug-2026,805.8,814.0,803.0,808.8,813.5,1442056,11639.08,48359,753720.0,52.27
SONAL, 25-Aug-2026,92.8,92.8,85.2,85.2,89.4,41,0.04,4,21.0,51.22
SONAMLTD, 25-Aug-2026,64.4,65.58,62.4,64.76,64.41,88804,57.17,1856,39192.0,44.13
SONATSOFTW, 25-Aug-2026,307.0,307.05,297.05,298.45,306.75,675756,2035.41,13700,285301.0,42.22
SOTL, 25-Aug-2026,681.8,688.3,672.0,673.65,681.8,147140,996.49,5325,50668.0,34.44
SOUTHBANK, 25-Aug-2026,45.29,46.24,45.14,45.35,45.16,6449392,2944.6,17180,2008110.0,31.14
SOUTHWEST, 25-Aug-2026,216.23,219.08,202.1,204.49,217.99,361634,752.35,6786,194626.0,53.82
SPAL, 25-Aug-2026,948.0,954.75,867.8,949.8,941.35,53490,502.38,5568,19138.0,35.78
SPANDANA, 25-Aug-2026,241.3,244.85,238.3,242.3,241.0,116900,282.87,2992,54305.0,46.45
SPARC, 25-Aug-2026,194.99,197.46,192.0,194.46,195.04,303427,588.68,6399,132831.0,43.78
SPCENET, 25-Aug-2026,3.43,3.44,3.33,3.34,3.38,478699,16.14,515,374225.0,78.18
SPCL, 25-Aug-2026,60.1,61.05,60.1,61.05,60.05,8400,5.1,13,7800.0,92.86
SPCON, 25-Aug-2026,149.0,149.0,149.0,149.0,151.0,1200,1.79,1,1200.0,100.0
SPEB, 25-Aug-2026,90.25,90.5,90.25,90.5,88.55,6000,5.43,3,6000.0,100.0
SPECTSTM, 25-Aug-2026,62.5,62.5,60.0,61.2,62.5,12000,7.31,15,8800.0,73.33
SPELS, 25-Aug-2026,147.0,147.7,140.1,141.94,146.86,56641,80.96,1635,42236.0,74.57
SPENCERS, 25-Aug-2026,30.37,31.25,28.46,30.07,30.58,111526,33.37,1576,53042.0,47.56
SPIC, 25-Aug-2026,70.0,73.3,69.8,70.51,69.3,3056299,2190.16,15535,898515.0,29.4
SPLIL, 25-Aug-2026,30.49,30.95,30.25,30.5,30.25,3829,1.17,39,3409.0,89.03
SPLPETRO, 25-Aug-2026,691.15,702.5,688.05,700.25,691.4,25715,179.16,2905,14540.0,56.54
SPMLINFRA, 25-Aug-2026,187.5,190.39,186.31,188.13,187.0,101685,191.54,1967,49179.0,48.36
SPORTKING, 25-Aug-2026,214.86,231.59,213.98,228.26,214.86,1664375,3760.31,27321,605968.0,36.41
SPPPOLY, 25-Aug-2026,11.5,11.5,11.25,11.25,11.75,4000,0.46,2,4000.0,100.0
SPUNWEB, 25-Aug-2026,101.0,104.0,101.0,104.0,100.35,4800,4.92,4,4800.0,100.0
SRD, 25-Aug-2026,40.99,40.99,39.05,39.99,40.74,12892,5.15,109,10454.0,81.09
SREEL, 25-Aug-2026,248.05,266.0,248.05,257.61,249.71,51805,134.21,1351,36311.0,70.09
SRF, 25-Aug-2026,2589.0,2589.0,2543.5,2575.0,2580.8,449862,11505.87,30171,276152.0,61.39
SRGHFL, 25-Aug-2026,260.0,264.9,255.1,256.6,256.0,1244,3.22,39,1189.0,95.58
SRHHYPOLTD, 25-Aug-2026,480.0,480.4,470.05,471.9,476.9,7472,35.39,421,5457.0,73.03
SRIKPRIND, 25-Aug-2026,20.02,22.55,20.02,20.06,19.79,2953,0.62,32,2273.0,76.97
SRIVASAVI, 25-Aug-2026,81.15,81.15,78.15,79.35,81.15,12000,9.56,8,12000.0,100.0
SRM, 25-Aug-2026,462.15,470.05,460.0,461.95,464.05,64121,298.12,2182,35593.0,55.51
SRTL, 25-Aug-2026,40.5,40.79,39.66,39.79,40.13,21203,8.49,149,17583.0,82.93
SSDL, 25-Aug-2026,58.0,58.77,57.1,57.57,57.46,10622,6.14,229,7512.0,70.72
SSEGL, 25-Aug-2026,394.0,423.9,383.4,420.0,396.75,147200,608.83,467,94200.0,63.99
SSFL, 25-Aug-2026,230.0,241.5,230.0,241.5,230.0,23500,56.35,44,23500.0,100.0
SSWL, 25-Aug-2026,294.0,296.65,288.2,291.1,294.7,410340,1193.01,7524,253857.0,61.87
STANLEY, 25-Aug-2026,136.5,137.5,134.2,135.08,136.03,51482,69.59,1566,26608.0,51.68
STAR, 25-Aug-2026,999.0,1001.9,976.0,986.6,993.6,209006,2061.69,9937,84572.0,40.46
STARCEMENT, 25-Aug-2026,195.0,196.2,193.0,194.84,194.85,112447,218.44,3755,55412.0,49.28
STARHEALTH, 25-Aug-2026,573.15,585.0,570.7,582.85,573.0,253098,1471.82,21738,107048.0,42.3
STARPAPER, 25-Aug-2026,146.8,148.8,143.02,147.89,145.91,2578,3.78,85,1993.0,77.31
STARTECK, 25-Aug-2026,252.9,257.2,250.15,252.2,252.0,7889,20.14,85,55.0,0.7
STCINDIA, 25-Aug-2026,123.49,123.5,120.5,121.6,121.89,23114,28.25,489,14884.0,64.39
STEELCAS, 25-Aug-2026,349.8,354.85,336.1,338.95,346.5,77823,266.36,2572,38762.0,49.81
STEELCITY, 25-Aug-2026,82.9,91.84,82.7,88.12,82.21,141096,125.29,1227,61080.0,43.29
STEELXIND, 25-Aug-2026,10.81,11.13,10.75,10.8,10.9,925914,100.52,2306,438159.0,47.32
STEL, 25-Aug-2026,625.0,625.0,605.05,613.4,617.6,1636,10.03,146,1141.0,69.74
STLNETWORK, 25-Aug-2026,26.05,26.34,25.4,25.66,25.61,672492,173.28,1719,412263.0,61.3
STLSTRINF, 25-Aug-2026,22.0,22.41,17.31,19.97,19.61,1991,0.4,44,1100.0,55.25
STOVEKRAFT, 25-Aug-2026,822.0,826.8,794.4,795.4,821.25,160970,1300.76,11086,71841.0,44.63
STRIDERS, 25-Aug-2026,62.8,63.75,60.0,60.2,61.7,14400,8.82,9,11200.0,77.78
STUDDS, 25-Aug-2026,446.65,452.0,446.5,450.75,450.0,29823,134.18,1849,18119.0,60.76
STUDIOLSD, 25-Aug-2026,9.05,9.15,9.05,9.15,9.05,8000,0.73,3,8000.0,100.0
STYL, 25-Aug-2026,393.0,401.0,382.0,393.7,387.45,89741,349.83,2631,44728.0,49.84
STYLAMIND, 25-Aug-2026,3573.2,3585.9,3510.0,3556.0,3573.2,25105,889.38,6211,13224.0,52.67
STYLEBAAZA, 25-Aug-2026,385.6,400.8,377.0,394.5,396.8,3325644,13055.32,24490,1729120.0,51.99
STYRENIX, 25-Aug-2026,2096.0,2116.8,2064.0,2094.7,2076.4,33543,702.61,3563,17644.0,52.6
SUBAHOTELS, 25-Aug-2026,110.8,110.8,108.55,108.85,109.1,12000,13.12,10,7200.0,60.0
SUBEXLTD, 25-Aug-2026,18.24,18.84,17.74,17.82,18.25,3207134,581.98,5123,1645523.0,51.31
SUBROS, 25-Aug-2026,729.3,738.45,727.0,729.5,729.3,27861,203.7,2027,13328.0,47.84
SUDARCOLOR, 25-Aug-2026,400.25,408.95,386.0,394.35,401.4,13641,54.17,1148,6102.0,44.73
SUDARSCHEM, 25-Aug-2026,1236.0,1241.9,1217.6,1231.3,1236.1,324675,3997.54,21517,164800.0,50.76
SUDEEPPHRM, 25-Aug-2026,1131.15,1137.2,1103.6,1127.2,1131.15,149508,1674.25,9249,60577.0,40.52
SUKHJITS, 25-Aug-2026,161.01,162.69,158.6,159.78,159.95,16377,26.25,366,13444.0,82.09
SULA, 25-Aug-2026,145.53,147.51,143.5,146.79,144.53,277656,402.88,3824,149149.0,53.72
SUMEDHA, 25-Aug-2026,42.0,42.0,38.56,39.01,39.08,4396,1.72,39,3353.0,76.27
SUMEETINDS, 25-Aug-2026,13.25,13.27,12.88,12.95,13.18,1223467,158.7,2386,994370.0,81.27
SUMICHEM, 25-Aug-2026,527.7,530.3,518.3,521.5,523.45,151006,789.27,6362,70519.0,46.7
SUMIT, 25-Aug-2026,57.0,57.0,50.03,51.72,50.92,71610,37.39,576,52101.0,72.76
SUMMITSEC, 25-Aug-2026,1416.9,1433.0,1410.0,1422.3,1416.9,1547,21.94,305,1032.0,66.71
SUN-RE, 25-Aug-2026,1.6,1.6,1.3,1.3,1.6,91200,1.32,26,89600.0,98.25
SUNCLAY, 25-Aug-2026,1258.5,1280.0,1250.1,1268.3,1255.6,6136,77.88,476,4502.0,73.37
SUNDARAM, 25-Aug-2026,1.23,1.26,1.23,1.24,1.25,235203,2.93,222,201718.0,85.76
SUNDARMFIN, 25-Aug-2026,4505.1,4534.0,4478.0,4518.2,4505.1,20841,937.67,6000,13506.0,64.8
SUNDRMFAST, 25-Aug-2026,1222.0,1225.7,1201.45,1207.0,1219.25,180364,2183.03,11337,112593.0,62.43
SUNDROP, 25-Aug-2026,645.05,665.5,645.05,658.95,644.05,25516,167.4,661,20594.0,80.71
SUNFLAG, 25-Aug-2026,354.9,356.9,347.05,348.35,354.05,144595,506.57,2977,84820.0,58.66
SUNLITE, 25-Aug-2026,512.6,522.95,503.1,508.4,510.1,13200,67.61,41,10500.0,79.55
SUNLOC, 25-Aug-2026,72.49,72.49,70.0,70.0,72.49,102,0.07,6,100.0,98.04
SUNPHARMA, 25-Aug-2026,1906.5,1922.0,1896.2,1922.0,1910.0,1221044,23353.45,70344,708036.0,57.99
SUNRAKSHAK, 25-Aug-2026,373.1,375.0,371.95,372.85,380.45,10427,38.95,134,9159.0,87.84
SUNREST, 25-Aug-2026,41.0,45.0,38.55,40.25,41.0,67200,28.57,38,52800.0,78.57
SUNSHIEL, 25-Aug-2026,1232.0,1232.0,1152.1,1178.6,1208.0,1488,17.7,329,760.0,51.08
SUNSHINE, 25-Aug-2026,395.9,395.9,365.6,369.2,360.0,15611716,59156.46,187419,5173986.0,33.14
SUNTECH, 25-Aug-2026,35.0,37.9,34.0,36.0,35.0,19200,6.89,12,12800.0,66.67
SUNTECK, 25-Aug-2026,309.85,320.0,306.0,314.0,307.35,511625,1598.55,14399,233506.0,45.64
SUNTV, 25-Aug-2026,470.3,471.0,465.6,468.9,468.75,210263,984.56,10036,95244.0,45.3
SUPERHOUSE, 25-Aug-2026,168.0,178.0,168.0,176.19,167.86,35790,62.83,813,23888.0,66.74
SUPRAJIT, 25-Aug-2026,511.3,511.3,496.85,503.25,507.75,53232,266.86,4832,29338.0,55.11
SUPREME, 25-Aug-2026,40.5,40.89,38.6,39.5,39.67,11120,4.39,143,6664.0,59.93
SUPREMEIND, 25-Aug-2026,3588.1,3614.3,3563.3,3593.0,3601.0,226949,8131.08,19874,137930.0,60.78
SUPREMEINF, 25-Aug-2026,86.4,90.5,85.15,85.86,86.36,23622,20.63,286,12438.0,52.65
SUPREMEPWR, 25-Aug-2026,227.0,232.9,225.55,226.15,232.05,45500,103.71,73,32000.0,70.33
SUPRIYA, 25-Aug-2026,797.15,815.0,790.0,791.65,797.15,116383,925.3,7829,51996.0,44.68
SUPTANERY, 25-Aug-2026,10.94,11.57,10.73,11.57,10.52,1042614,118.84,1847,580616.0,55.69
SURAJEST, 25-Aug-2026,195.0,197.0,194.05,196.6,195.29,72870,142.04,552,65379.0,89.72
SURAJLTD, 25-Aug-2026,210.0,210.0,205.03,208.06,209.51,147,0.31,27,83.0,56.46
SURAKSHA, 25-Aug-2026,323.1,324.2,313.1,317.85,323.1,73144,231.74,2726,42106.0,57.57
SURANASOL, 25-Aug-2026,25.9,26.09,25.54,25.98,25.54,19213,4.97,284,14715.0,76.59
SURANAT&P, 25-Aug-2026,16.25,16.4,16.1,16.24,16.23,21136,3.44,247,15988.0,75.64
SURANI, 25-Aug-2026,96.7,103.5,96.45,100.0,96.6,5000,5.03,12,3800.0,76.0
SURYALA, 25-Aug-2026,381.0,384.0,371.05,383.15,381.65,333,1.26,54,241.0,72.37
SURYALAXMI, 25-Aug-2026,56.96,56.96,56.2,56.34,56.68,414,0.23,14,229.0,55.31
SURYAROSNI, 25-Aug-2026,218.38,221.19,217.7,220.23,219.13,352647,774.49,7774,215908.0,61.22
SURYODAY, 25-Aug-2026,156.33,157.21,150.15,151.02,157.12,1556170,2365.34,15832,789126.0,50.71
SUVEN, 25-Aug-2026,367.0,374.8,356.65,360.05,369.75,540439,1968.05,14991,222795.0,41.22
SUVIDHAA, 25-Aug-2026,2.39,2.43,2.26,2.31,2.36,238921,5.51,322,216346.0,90.55
SUYOG, 25-Aug-2026,748.2,755.95,740.0,742.2,746.35,9564,71.33,982,5775.0,60.38
SUZLON, 25-Aug-2026,47.06,47.16,46.25,46.75,47.05,47183588,21998.04,79321,18016817.0,38.18
SVGLOBAL, 25-Aug-2026,118.0,120.6,118.0,119.4,118.0,360,0.43,8,360.0,100.0
SVPGLOB, 25-Aug-2026,3.63,3.92,3.63,3.73,3.74,36542,1.39,75,32985.0,90.27
SWANCORP, 25-Aug-2026,302.45,303.75,297.5,299.4,302.9,910671,2732.38,11416,360552.0,39.59
SWARAJ, 25-Aug-2026,373.5,378.0,371.25,377.1,372.55,218954,819.87,1431,78459.0,35.83
SWARAJENG, 25-Aug-2026,3558.9,3563.2,3545.0,3551.7,3558.9,3365,119.51,829,2443.0,72.6
SWARNSAR, 25-Aug-2026,36.5,36.5,34.0,35.49,35.2,1173,0.41,40,1083.0,92.33
SWASTIK, 25-Aug-2026,19.95,19.95,19.0,19.0,19.95,2400,0.47,2,2400.0,100.0
SWELECTES, 25-Aug-2026,592.0,610.0,587.9,601.95,594.0,21753,131.41,1470,11363.0,52.24
SWIGGY, 25-Aug-2026,282.8,291.0,282.0,287.4,284.25,20041501,57647.5,101028,6293843.0,31.4
SWISSMLTRY, 25-Aug-2026,17.42,18.3,17.05,17.53,17.49,195410,34.79,661,131335.0,67.21
SWSOLAR, 25-Aug-2026,191.47,197.91,188.82,197.1,191.46,1171828,2270.27,15157,490540.0,41.86
SYLVANPLY, 25-Aug-2026,51.45,51.45,51.45,51.45,49.0,4000,2.06,2,4000.0,100.0
SYMPHONY, 25-Aug-2026,597.75,604.6,592.05,595.45,597.75,56866,339.42,3579,32224.0,56.67
SYNCOMF, 25-Aug-2026,17.35,18.15,16.85,17.56,17.18,11734374,2063.99,38648,3513588.0,29.94
SYNGENE, 25-Aug-2026,398.55,407.0,396.25,406.4,398.55,399141,1604.47,10865,208706.0,52.29
SYRMA, 25-Aug-2026,1459.9,1467.6,1442.0,1458.1,1459.9,522653,7608.61,27035,211014.0,40.37
SYSTANGO, 25-Aug-2026,214.05,214.95,212.1,213.95,216.2,7200,15.34,18,5600.0,77.78
TAALTECH, 25-Aug-2026,4365.8,4525.0,4352.1,4501.3,4365.8,9985,448.79,1406,6830.0,68.4
TAC, 25-Aug-2026,413.3,433.0,413.3,421.6,414.85,31800,134.47,125,25400.0,79.87
TAINWALCHM, 25-Aug-2026,220.0,220.0,211.0,212.6,218.11,3701,7.88,175,2061.0,55.69
TAJGVK, 25-Aug-2026,353.35,354.0,346.35,349.2,353.35,39904,139.51,2150,22496.0,56.38
TAKE, 25-Aug-2026,19.05,19.29,18.81,18.81,19.79,136670,25.87,555,117052.0,85.65
TALBROAUTO, 25-Aug-2026,421.25,421.25,407.15,409.4,418.4,82064,337.1,3581,52953.0,64.53
TANAA, 25-Aug-2026,307.5,307.5,296.0,298.7,303.9,7812,23.33,438,5912.0,75.68
TANKUP, 25-Aug-2026,1280.0,1280.0,1280.0,1280.0,1300.0,500,6.4,2,500.0,100.0
TANLA, 25-Aug-2026,567.7,573.15,553.3,556.05,564.4,415425,2319.34,12758,217622.0,52.39
TARACHAND, 25-Aug-2026,48.01,48.56,47.6,47.87,48.53,38349,18.38,349,23797.0,62.05
TARAPUR, 25-Aug-2026,15.79,15.8,15.02,15.23,15.55,38119,5.79,219,29774.0,78.11
TARC, 25-Aug-2026,122.53,123.85,120.25,120.76,122.53,685879,835.4,8053,419139.0,61.11
TARIL, 25-Aug-2026,303.95,309.4,300.2,307.85,302.1,1808802,5534.35,25255,628128.0,34.73
TARMAT, 25-Aug-2026,50.03,55.45,49.6,54.23,50.14,96996,51.98,1012,51280.0,52.87
TARSONS, 25-Aug-2026,342.7,349.3,340.0,345.5,346.85,108605,375.34,3360,39107.0,36.01
TASTYBITE, 25-Aug-2026,10100.0,10156.5,9926.0,10083.0,10109.0,2586,259.35,773,1565.0,60.52
TATACAP, 25-Aug-2026,363.55,364.45,360.5,363.75,364.45,376228,1365.49,11943,203532.0,54.1
TATACHEM, 25-Aug-2026,632.0,632.5,624.0,626.35,626.95,277685,1740.18,9985,120023.0,43.22
TATACOMM, 25-Aug-2026,1688.7,1710.9,1677.3,1699.9,1688.5,416394,7068.24,23543,270294.0,64.91
TATACONSUM, 25-Aug-2026,1061.7,1061.7,1051.1,1060.5,1062.5,717171,7571.74,22392,368530.0,51.39
TATAELXSI, 25-Aug-2026,3673.9,3701.3,3612.2,3665.9,3673.5,162141,5899.23,14895,63068.0,38.9
TATAGOLD, 25-Aug-2026,15.71,15.71,15.54,15.59,15.61,66482840,10372.04,77532,25541495.0,38.42
TATAINVEST, 25-Aug-2026,645.95,648.0,641.5,644.35,645.95,117068,753.53,5862,60187.0,51.41
TATAPOWER, 25-Aug-2026,373.0,374.2,368.55,370.6,373.5,9167396,33970.06,62610,6308101.0,68.81
TATASTEEL, 25-Aug-2026,186.3,187.27,183.5,186.94,186.3,24578020,45384.18,114261,14063585.0,57.22
TATATECH, 25-Aug-2026,798.0,804.85,784.65,798.5,797.5,1331830,10603.97,37833,622596.0,46.75
TATSILV, 25-Aug-2026,23.5,23.5,23.05,23.22,23.5,43485312,10118.79,44934,12393380.0,28.5
TATVA, 25-Aug-2026,1615.0,1627.9,1575.5,1581.0,1605.5,35121,557.94,4057,19040.0,54.21
TAURIAN, 25-Aug-2026,432.5,530.4,432.5,510.0,442.0,135200,666.31,166,96000.0,71.01
TBI, 25-Aug-2026,65.6,69.9,64.4,69.4,64.4,165000,111.48,178,129600.0,78.55
TBOTEK, 25-Aug-2026,1701.5,1737.9,1684.7,1725.1,1703.5,137626,2365.48,13200,54685.0,39.73
TBZ, 25-Aug-2026,285.0,285.4,269.8,280.35,286.2,1016012,2818.81,15956,346388.0,34.09
TCC, 25-Aug-2026,241.4,256.45,235.55,242.25,240.05,171914,420.05,5904,64015.0,37.24
TCI, 25-Aug-2026,900.8,913.0,889.6,893.75,900.8,15809,141.85,2117,8493.0,53.72
TCIEXP, 25-Aug-2026,547.0,559.0,530.0,531.95,545.85,19464,104.45,1244,11810.0,60.68
TCL, 25-Aug-2026,140.25,144.75,136.8,139.95,140.0,32800,45.82,39,25600.0,78.05
TCPLPACK, 25-Aug-2026,3985.0,4023.5,3892.7,3917.2,3972.0,5709,225.11,1084,2845.0,49.83
TCS, 25-Aug-2026,2305.0,2313.5,2262.0,2296.2,2284.1,3041609,69446.64,106591,1144023.0,37.61
TDPOWERSYS, 25-Aug-2026,780.2,782.5,719.0,729.4,780.1,1939751,14371.18,72098,872158.0,44.96
TEAMGTY, 25-Aug-2026,235.0,235.0,229.32,230.15,230.02,32,0.07,17,16.0,50.0
TEAMLEASE, 25-Aug-2026,1243.0,1252.5,1227.8,1236.8,1247.4,12131,150.35,2981,6986.0,57.59
TEAMTECH, 25-Aug-2026,143.0,143.0,135.0,140.65,142.1,48000,66.88,24,44000.0,91.67
TECH, 25-Aug-2026,33.54,33.66,33.25,33.54,33.2,9456,3.16,154,7052.0,74.58
TECHD, 25-Aug-2026,571.1,584.95,560.0,569.65,570.0,9000,51.29,30,8100.0,90.0
TECHERA, 25-Aug-2026,170.2,172.0,168.0,169.25,170.2,37600,64.04,43,22400.0,59.57
TECHLABS, 25-Aug-2026,119.2,120.0,115.0,119.4,115.0,19250,22.69,102,15625.0,81.17
TECHM, 25-Aug-2026,1588.1,1599.9,1562.0,1599.9,1584.0,1383429,21797.61,49801,795709.0,57.52
TECHNOCRAF, 25-Aug-2026,343.9,348.06,336.41,341.42,341.77,956929,3271.26,12328,430059.0,44.94
TECHNOE, 25-Aug-2026,994.0,999.95,987.5,994.3,998.05,57066,566.66,4827,34048.0,59.66
TECHNVISN, 25-Aug-2026,4989.9,4990.0,4672.9,4885.0,4907.1,240,11.83,94,187.0,77.92
TECILCHEM, 25-Aug-2026,9.15,9.15,8.7,8.7,8.77,6227,0.55,44,5741.0,92.2
TEGA, 25-Aug-2026,1715.0,1715.0,1669.0,1674.6,1704.3,107566,1816.44,8837,60192.0,55.96
TEJA, 25-Aug-2026,302.0,302.0,302.0,302.0,317.85,1200,3.62,2,1200.0,100.0
TEJASNET, 25-Aug-2026,508.05,513.6,499.7,504.35,509.3,760931,3846.31,17783,257288.0,33.81
TEMBO, 25-Aug-2026,57.5,58.0,55.0,56.3,57.7,1528447,861.29,4391,741045.0,48.48
TENNIND, 25-Aug-2026,556.5,556.5,543.25,546.15,553.5,784738,4289.8,32424,399082.0,50.86
TERAI, 25-Aug-2026,106.35,128.0,106.35,123.28,128.3,708,0.86,24,477.0,67.37
TERASOFT, 25-Aug-2026,310.45,321.05,298.0,301.5,310.45,32330,97.62,1741,17117.0,52.94
TEXINFRA, 25-Aug-2026,111.15,113.28,108.41,110.24,111.27,71987,79.28,1385,39041.0,54.23
TEXMOPIPES, 25-Aug-2026,47.9,48.0,46.1,46.68,47.11,75278,35.46,453,48537.0,64.48
TEXRAIL, 25-Aug-2026,104.0,110.88,103.75,108.06,104.05,4359213,4733.6,32902,1437474.0,32.98
TFCILTD, 25-Aug-2026,130.0,137.94,129.22,137.02,129.56,20385722,27631.95,52253,6546175.0,32.11
TFL, 25-Aug-2026,12.4,12.4,11.5,11.75,11.99,9332,1.09,54,8391.0,89.92
TGBHOTELS, 25-Aug-2026,9.66,9.9,9.4,9.46,9.66,13345,1.28,99,10969.0,82.2
TGL, 25-Aug-2026,14.1,14.1,14.1,14.1,14.8,73400,10.35,56,73400.0,100.0
TGVSL, 25-Aug-2026,106.0,107.73,104.74,106.1,106.06,95719,101.58,1578,50258.0,52.51
THAKDEV, 25-Aug-2026,149.97,149.97,142.02,143.45,149.98,22,0.03,6,17.0,77.27
THANGAMAYL, 25-Aug-2026,5509.5,5565.0,5380.0,5397.0,5493.5,77429,4202.9,14584,40399.0,52.18
THEINVEST, 25-Aug-2026,96.7,96.71,94.51,95.3,96.68,6601,6.31,130,5108.0,77.38
THEJO, 25-Aug-2026,2038.7,2075.0,1995.0,2054.6,2032.2,6670,135.33,892,4518.0,67.74
THELEELA, 25-Aug-2026,545.5,559.9,540.5,554.9,549.7,440804,2435.68,26595,195990.0,44.46
THEMISMED, 25-Aug-2026,118.9,123.47,117.15,119.24,120.81,528416,635.74,7492,134045.0,25.37
THERMAX, 25-Aug-2026,3984.2,4012.8,3941.0,3999.8,3984.2,75061,2988.7,18113,36843.0,49.08
THOMASCOOK, 25-Aug-2026,113.6,114.18,109.1,110.42,113.43,1437644,1597.63,14740,522253.0,36.33
THOMASCOTT, 25-Aug-2026,284.0,284.4,277.1,279.1,283.6,18487,51.57,1264,10567.0,57.16
THYROCARE, 25-Aug-2026,586.0,599.0,583.0,596.05,584.0,276112,1639.19,17566,105752.0,38.3
TI, 25-Aug-2026,578.95,594.55,573.0,574.7,578.6,1166319,6808.3,35121,446810.0,38.31
TIGERLOGS, 25-Aug-2026,29.99,30.8,29.0,30.5,29.5,132987,39.91,581,94300.0,70.91
TIIL, 25-Aug-2026,3478.0,3565.3,3402.4,3454.9,3441.3,88898,3099.74,14763,31605.0,35.55
TIINDIA, 25-Aug-2026,2866.6,2893.9,2845.2,2888.0,2880.0,157485,4518.14,23811,61889.0,39.3
TIJARIA, 25-Aug-2026,6.01,6.1,5.3,5.51,5.87,131279,7.28,380,119161.0,90.77
TIMESCAN, 25-Aug-2026,39.95,40.0,39.95,39.95,39.2,8000,3.2,3,8000.0,100.0
TIMETECHNO, 25-Aug-2026,186.0,186.0,183.4,184.84,185.05,3205223,5913.55,25567,1163459.0,36.3
TIMEX, 25-Aug-2026,590.0,624.4,587.4,617.65,595.25,389938,2383.27,17236,155303.0,39.83
TIMKEN, 25-Aug-2026,3070.1,3148.0,3070.1,3131.6,3080.7,41940,1305.01,11481,21442.0,51.13
TINNARUBR, 25-Aug-2026,1038.1,1038.1,1015.2,1022.7,1027.6,18496,189.14,1893,8776.0,47.45
TIPSFILMS, 25-Aug-2026,353.05,357.95,342.3,345.5,346.2,5957,20.88,697,1590.0,26.69
TIPSMUSIC, 25-Aug-2026,644.0,650.0,640.55,646.1,643.75,149796,966.71,8933,81845.0,54.64
TIRUMALCHM, 25-Aug-2026,161.0,164.9,155.61,157.33,161.37,478488,766.99,7263,180699.0,37.76
TITAGARH, 25-Aug-2026,847.0,853.75,827.5,832.2,841.45,239337,2003.29,11219,99281.0,41.48
TITAN, 25-Aug-2026,5059.1,5124.8,5052.7,5124.8,5079.0,347515,17678.09,37225,184670.0,53.14
TMB, 25-Aug-2026,877.0,888.95,868.0,871.45,875.1,71824,629.89,6106,37418.0,52.1
TMCV, 25-Aug-2026,475.05,481.65,470.65,474.9,475.05,7064446,33611.52,108218,3537480.0,50.07
TMPV, 25-Aug-2026,314.9,314.9,310.55,314.25,314.4,10984458,34342.61,87171,6120989.0,55.72
TNIDETF, 25-Aug-2026,89.25,91.49,89.25,91.3,90.62,74716,67.99,374,64156.0,85.87
TNPETRO, 25-Aug-2026,116.07,116.93,113.13,114.21,116.34,232243,267.43,3614,132157.0,56.9
TNPL, 25-Aug-2026,141.99,142.85,140.21,141.1,142.09,148144,209.77,2488,85921.0,58.0
TNTELE, 25-Aug-2026,9.16,9.16,8.81,9.04,9.06,28857,2.59,88,15574.0,53.97
TOKYOPLAST, 25-Aug-2026,79.9,79.9,76.1,76.56,78.1,351,0.27,16,330.0,94.02
TOLINS, 25-Aug-2026,96.57,97.78,96.15,96.78,96.55,31468,30.44,596,21027.0,66.82
TOP100CASE, 25-Aug-2026,10.66,10.87,10.53,10.69,10.66,1320498,140.92,940,1229865.0,93.14
TOP10ADD, 25-Aug-2026,87.76,88.32,87.55,88.14,87.79,133618,117.52,371,95497.0,71.47
TOP15IETF, 25-Aug-2026,9.88,9.97,9.88,9.96,9.92,148637,14.76,146,65374.0,43.98
TOP20, 25-Aug-2026,9.0,9.0,8.96,9.0,8.97,29684,2.67,89,26930.0,90.72
TORNTPHARM, 25-Aug-2026,4895.0,4932.0,4855.5,4932.0,4886.5,214851,10501.41,20631,129705.0,60.37
TORNTPOWER, 25-Aug-2026,1242.0,1249.3,1234.0,1243.9,1246.3,261114,3239.83,12068,194291.0,74.41
TOTAL, 25-Aug-2026,73.9,75.15,72.11,72.74,72.94,34047,25.19,245,23196.0,68.13
TOUCHWOOD, 25-Aug-2026,63.5,63.5,61.5,61.75,63.0,2909,1.81,63,1993.0,68.51
TOYAMSL, 25-Aug-2026,0.64,0.66,0.61,0.64,0.64,525859,3.34,180,372517.0,70.84
TPLPLASTEH, 25-Aug-2026,80.27,80.98,77.76,78.72,79.68,123709,97.51,1142,42857.0,34.64
TRACXN, 25-Aug-2026,30.1,30.32,29.6,30.01,29.57,297487,89.63,1472,217678.0,73.17
TRANSCOR, 25-Aug-2026,23.99,24.47,23.7,23.74,23.4,622,0.15,38,612.0,98.39
TRANSRAILL, 25-Aug-2026,476.0,476.35,464.85,467.85,472.35,185365,866.76,7583,103435.0,55.8
TRANSTEEL, 25-Aug-2026,90.3,91.5,85.0,86.45,88.8,35000,30.84,32,30000.0,85.71
TRANSWIND, 25-Aug-2026,11.35,11.35,11.35,11.35,11.35,20000,2.27,1,20000.0,100.0
TRAVELFOOD, 25-Aug-2026,1306.8,1318.8,1286.9,1296.3,1306.8,25496,331.27,4628,11804.0,46.3
TREEHOUSE, 25-Aug-2026,6.24,6.35,5.95,6.08,6.24,18457,1.12,74,12638.0,68.47
TREJHARA, 25-Aug-2026,159.0,160.0,154.25,155.84,156.21,16940,26.65,656,8598.0,50.76
TREL, 25-Aug-2026,27.02,27.2,26.4,26.55,27.02,41165,11.03,560,26088.0,63.37
TRENT, 25-Aug-2026,2910.0,2938.9,2893.8,2930.0,2905.0,620202,18115.46,40226,308396.0,49.73
TRF, 25-Aug-2026,233.75,233.75,228.7,231.7,229.99,7664,17.63,187,6326.0,82.54
TRIDENT, 25-Aug-2026,24.43,24.55,24.31,24.42,24.43,2093686,510.86,9078,1065084.0,50.87
TRIDHYA, 25-Aug-2026,8.6,8.6,8.6,8.6,8.6,12000,1.03,3,12000.0,100.0
TRIGYN, 25-Aug-2026,52.71,56.79,52.0,56.05,52.71,43033,23.74,497,35284.0,81.99
TRITONV, 25-Aug-2026,1153.8,1166.5,1122.5,1138.9,1147.1,1819,20.69,401,1134.0,62.34
TRITURBINE, 25-Aug-2026,579.8,580.7,566.5,572.65,576.8,370664,2118.65,37858,144872.0,39.08
TRIVENI, 25-Aug-2026,297.0,299.33,285.5,292.88,297.18,940142,2741.02,15708,357767.0,38.05
TROM, 25-Aug-2026,61.95,61.95,57.0,59.05,58.5,6600,3.91,11,3000.0,45.45
TRU, 25-Aug-2026,4.2,4.36,4.02,4.11,4.14,162856,6.77,503,119524.0,73.39
TRUALT, 25-Aug-2026,444.0,448.45,433.1,435.55,441.85,218221,959.62,6338,108591.0,49.76
TRUST, 25-Aug-2026,26.3,26.3,24.1,24.75,25.0,19800,5.0,28,13200.0,66.67
TSC, 25-Aug-2026,45.25,45.25,45.25,45.25,45.25,2000,0.91,1,2000.0,100.0
TSFINV, 25-Aug-2026,415.4,415.4,408.1,411.1,413.0,51859,213.0,1471,36138.0,69.69
TTKHLTCARE, 25-Aug-2026,1094.5,1111.9,1083.0,1093.4,1112.6,10112,110.48,1459,5792.0,57.28
TTKPRESTIG, 25-Aug-2026,587.9,597.95,583.55,595.55,587.9,61858,366.96,4912,35068.0,56.69
TTL, 25-Aug-2026,6.3,6.7,6.29,6.49,6.3,1132724,72.94,585,1011023.0,89.26
TTML, 25-Aug-2026,37.79,38.12,37.4,37.55,37.37,1392528,525.76,6795,519277.0,37.29
TUNWAL, 25-Aug-2026,25.95,26.3,25.95,26.05,26.1,34000,8.86,15,22000.0,64.71
TURTLEMINT, 25-Aug-2026,147.97,147.97,142.61,145.93,147.89,700443,1016.73,8192,227860.0,32.53
TUTIALKA, 25-Aug-2026,53.01,54.99,52.99,54.58,53.02,12345,6.62,159,8944.0,72.45
TVSELECT, 25-Aug-2026,441.9,442.25,434.9,440.0,439.1,18661,82.0,1107,6951.0,37.25
TVSHLTD, 25-Aug-2026,13707.0,13709.0,13505.0,13567.0,13707.0,3397,461.68,1326,1827.0,53.78
TVSINVIT, 25-Aug-2026,119.0,119.0,119.0,119.0,118.0,25000,29.75,1,25000.0,100.0
TVSMOTOR, 25-Aug-2026,4365.5,4420.0,4344.7,4420.0,4363.5,527228,23116.87,38999,327482.0,62.11
TVSSCS, 25-Aug-2026,133.44,138.99,131.53,135.14,132.99,10446289,14128.63,68086,961275.0,9.2
TVSSRICHAK, 25-Aug-2026,4907.9,4907.9,4668.1,4812.0,4907.9,19124,915.4,5007,5419.0,28.34
TVTODAY, 25-Aug-2026,113.45,117.14,111.02,112.31,113.47,30424,34.47,795,16190.0,53.21
TWCGOLDETF, 25-Aug-2026,160.18,160.18,159.2,159.72,160.18,43020,68.69,218,42712.0,99.28
UBL, 25-Aug-2026,1342.4,1362.2,1328.0,1348.6,1346.7,102467,1380.46,18461,37453.0,36.55
UCOBANK, 25-Aug-2026,26.11,26.42,25.9,26.05,25.89,5578151,1457.67,15974,2092721.0,37.52
UDAYJEW, 25-Aug-2026,142.0,142.0,135.8,139.43,140.81,487,0.68,46,438.0,89.94
UDS, 25-Aug-2026,222.92,223.01,219.22,222.0,221.1,365039,808.51,4744,168671.0,46.21
UEL, 25-Aug-2026,163.57,163.57,163.57,163.57,172.17,14049,22.98,308,14004.0,99.68
UFLEX, 25-Aug-2026,619.0,621.6,603.55,606.35,619.2,94954,579.49,3385,45723.0,48.15
UFO, 25-Aug-2026,65.6,67.75,65.12,65.49,65.69,133841,88.31,524,125462.0,93.74
UGARSUGAR, 25-Aug-2026,57.8,59.5,54.14,55.66,58.01,1072045,610.36,8467,456231.0,42.56
UGROCAP, 25-Aug-2026,88.2,89.39,87.3,88.08,88.23,102820,90.63,1615,51003.0,49.6
UHTL, 25-Aug-2026,135.35,135.35,135.35,135.35,132.7,14000,18.95,7,14000.0,100.0
UJJIVANSFB, 25-Aug-2026,70.1,70.98,69.06,69.46,70.29,10201371,7122.41,46262,5826338.0,57.11
ULTRACEMCO, 25-Aug-2026,11505.0,11554.0,11445.0,11540.0,11504.0,225470,25941.57,31812,145224.0,64.41
ULTRAMAR, 25-Aug-2026,416.2,419.6,405.5,410.25,413.0,43269,179.03,3007,30703.0,70.96
UMA, 25-Aug-2026,16.45,16.45,15.9,16.0,16.45,16000,2.59,4,12000.0,75.0
UMESLTD, 25-Aug-2026,6.19,6.19,5.45,5.63,5.85,129301,7.43,401,99693.0,77.1
UMIYA-MRO, 25-Aug-2026,89.08,89.99,88.71,88.86,89.08,5412,4.81,22,5211.0,96.29
UNICHEMLAB, 25-Aug-2026,510.05,555.95,504.05,526.05,509.8,819498,4404.53,26145,107964.0,13.17
UNIECOM, 25-Aug-2026,85.93,86.71,84.9,85.19,86.03,185990,158.9,2232,115029.0,61.85
UNIENTER, 25-Aug-2026,96.89,96.89,94.1,95.61,94.99,2746,2.61,60,1710.0,62.27
UNIHEALTH, 25-Aug-2026,717.1,717.1,697.05,705.55,739.1,20500,144.73,40,13500.0,65.85
UNIINFO, 25-Aug-2026,11.25,11.68,11.25,11.29,11.31,1363,0.16,19,1363.0,100.0
UNIMECH, 25-Aug-2026,1509.8,1509.8,1435.0,1473.5,1499.4,168909,2473.67,15339,68593.0,40.61
UNIONBANK, 25-Aug-2026,182.35,187.33,181.4,186.98,183.6,11180970,20703.27,52042,4168311.0,37.28
UNIONGOLD, 25-Aug-2026,157.75,157.75,156.05,156.7,157.75,2663,4.18,100,1775.0,66.65
UNIPARTS, 25-Aug-2026,808.0,844.9,800.05,825.6,808.2,232651,1926.97,13946,109164.0,46.92
UNITDSPR, 25-Aug-2026,1550.0,1556.2,1542.2,1550.0,1555.0,223019,3451.0,10397,136613.0,61.26
UNITECH, 25-Aug-2026,3.93,4.2,3.92,4.01,3.94,7056842,286.08,9709,4034495.0,57.17
UNITEDPOLY, 25-Aug-2026,38.99,39.4,37.28,38.06,38.39,201045,76.85,522,174766.0,86.93
UNITEDTEA, 25-Aug-2026,459.0,462.4,452.7,452.9,450.5,394,1.81,71,347.0,88.07
UNIVCABLES, 25-Aug-2026,1633.0,1634.0,1549.5,1589.9,1631.7,109117,1729.22,12248,43012.0,39.42
UNOMINDA, 25-Aug-2026,1243.0,1256.5,1240.5,1253.4,1251.3,464892,5813.94,26776,262996.0,56.57
UPHOT, 25-Aug-2026,1331.0,1331.0,1331.0,1331.0,1396.0,5,0.07,1,5.0,100.0
UPL, 25-Aug-2026,574.95,585.0,570.55,585.0,571.9,3864498,22293.61,49081,1649487.0,42.68
URBAN, 25-Aug-2026,149.5,149.5,144.0,145.6,145.0,8000,11.7,10,4800.0,60.0
URBANCO, 25-Aug-2026,169.0,171.55,167.1,169.28,168.84,15463355,26189.73,84994,3722221.0,24.07
URJA, 25-Aug-2026,9.24,9.38,9.16,9.28,9.24,623733,57.68,1962,393691.0,63.12
USASEEDS, 25-Aug-2026,92.15,92.15,92.15,92.15,96.9,428,0.39,1,428.0,100.0
USHAFIN, 25-Aug-2026,45.0,46.0,45.0,46.0,45.7,8000,3.62,5,8000.0,100.0
USHAMART, 25-Aug-2026,492.45,492.45,485.65,487.25,490.6,175757,857.84,9804,110337.0,62.78
USK, 25-Aug-2026,21.2,21.65,21.11,21.33,21.11,4042,0.86,136,2976.0,73.63
UTIAMC, 25-Aug-2026,885.0,893.8,884.0,889.95,886.45,40053,356.27,4400,21476.0,53.62
UTKAL, 25-Aug-2026,49.95,49.95,49.95,49.95,49.95,2000,1.0,1,2000.0,100.0
UTKARSHBNK, 25-Aug-2026,14.42,14.99,14.37,14.72,14.69,9328992,1373.77,12252,3621461.0,38.82
UTLSOLAR, 25-Aug-2026,464.4,473.1,444.3,446.65,459.85,388645,1760.36,15589,196372.0,50.53
UTSSAV, 25-Aug-2026,470.0,473.0,467.0,467.0,475.0,10800,50.77,13,10200.0,94.44
UTTAMSUGAR, 25-Aug-2026,325.99,337.94,317.21,323.13,334.05,439234,1434.57,11382,127463.0,29.02
V2RETAIL, 25-Aug-2026,218.79,225.0,216.11,223.25,218.22,1774534,3918.75,36448,847705.0,47.77
VADILALIND, 25-Aug-2026,7425.5,7476.0,7400.0,7437.5,7425.5,6476,482.04,1987,3344.0,51.64
VADILENT, 25-Aug-2026,9700.0,9750.0,9700.0,9750.0,9700.0,2,0.19,2,1.0,50.0
VAIBHAVGBL, 25-Aug-2026,219.1,222.4,219.0,221.3,219.5,166563,367.44,8997,83788.0,50.3
VAISHALI, 25-Aug-2026,8.12,8.24,7.8,7.97,8.12,93607,7.54,223,39923.0,42.65
VAKRANGEE, 25-Aug-2026,6.0,6.03,5.8,5.92,5.91,1068838,63.03,1731,489540.0,45.8
VAL30IETF, 25-Aug-2026,15.21,15.27,15.15,15.24,15.19,164671,25.0,441,84557.0,51.35
VALIANTLAB, 25-Aug-2026,105.5,105.54,98.5,105.48,100.52,899019,942.9,2801,449736.0,50.03
VALUE, 25-Aug-2026,16.24,16.24,16.1,16.2,16.14,6002,0.97,57,5956.0,99.23
VALUEAXIS, 25-Aug-2026,32.94,32.94,32.7,32.83,32.8,68537,22.47,293,50634.0,73.88
VAML, 25-Aug-2026,449.35,455.7,446.5,447.85,449.35,7996323,36025.48,142528,5160818.0,64.54
VARDMNPOLY, 25-Aug-2026,6.01,6.09,5.97,6.0,6.0,113014,6.83,326,99945.0,88.44
VARROC, 25-Aug-2026,812.4,818.6,797.55,810.3,812.4,122101,984.08,7305,52821.0,43.26
VASCONEQ, 25-Aug-2026,31.3,31.59,30.75,31.0,31.25,206395,64.15,982,141229.0,68.43
VASWANI, 25-Aug-2026,46.39,47.01,45.51,46.19,45.89,13836,6.38,131,10218.0,73.85
VBL, 25-Aug-2026,425.0,438.0,423.85,438.0,428.0,9481343,40948.44,73795,5944542.0,62.7
VDEAL, 25-Aug-2026,163.9,163.9,156.0,156.0,154.45,2400,3.84,4,2400.0,100.0
VEDAVAAG, 25-Aug-2026,18.5,18.8,18.1,18.25,18.47,28224,5.18,170,26466.0,93.77
VEDL, 25-Aug-2026,276.0,276.8,273.0,275.0,277.0,7970246,21909.57,58138,3029837.0,38.01
VEDPOWER, 25-Aug-2026,36.35,37.07,36.07,36.93,36.3,12513028,4573.23,36481,7176366.0,57.35
VEEDOL, 25-Aug-2026,1487.0,1489.2,1464.1,1469.5,1476.7,6102,89.8,943,3864.0,63.32
VEEKAYEM, 25-Aug-2026,104.3,104.3,94.65,94.65,99.6,9000,8.6,16,6000.0,66.67
VENKEYS, 25-Aug-2026,1576.4,1608.6,1567.1,1577.4,1568.5,88393,1401.42,7077,37716.0,42.67
VENTIVE, 25-Aug-2026,585.7,610.0,574.75,594.05,585.7,60788,361.8,3420,30003.0,49.36
VENUSPIPES, 25-Aug-2026,1567.3,1590.3,1543.1,1550.0,1550.3,133383,2075.82,9070,80104.0,60.06
VERANDA, 25-Aug-2026,250.15,252.75,245.85,248.0,250.15,195120,484.06,2580,90689.0,46.48
VERITAAS, 25-Aug-2026,31.65,31.65,31.65,31.65,33.3,3600,1.14,3,3600.0,100.0
VERTEXPLUS, 25-Aug-2026,49.0,49.0,49.0,49.0,50.4,16800,8.23,1,16800.0,100.0
VERTIS, 25-Aug-2026,115.0,115.0,115.0,115.0,116.0,25000,28.75,1,25000.0,100.0
VESUVIUS, 25-Aug-2026,434.3,436.45,427.35,428.65,432.65,90887,390.81,4096,63702.0,70.09
VGCL, 25-Aug-2026,58.9,58.9,54.13,54.36,56.97,19780,11.22,113,16005.0,80.92
VGINFOTECH, 25-Aug-2026,150.05,151.85,147.0,148.55,149.35,53000,78.79,47,36000.0,67.92
VGL, 25-Aug-2026,54.42,63.0,54.42,58.98,54.59,114090,68.62,1212,36166.0,31.7
VGUARD, 25-Aug-2026,331.5,334.05,329.6,332.7,331.55,327170,1086.0,7511,208677.0,63.78
VHL, 25-Aug-2026,3375.0,3460.0,3371.0,3446.1,3414.2,240,8.19,76,154.0,64.17
VIAZ, 25-Aug-2026,75.2,75.2,70.1,75.0,73.25,8000,5.81,4,6000.0,75.0
VICTORYEV, 25-Aug-2026,15.9,16.65,15.9,16.5,16.0,15000,2.43,5,12000.0,80.0
VIDHIING, 25-Aug-2026,350.0,355.0,328.1,346.85,345.5,69905,239.35,2129,36743.0,52.56
VIDYAWIRES, 25-Aug-2026,86.5,87.45,84.7,85.0,86.5,572363,488.41,5240,335168.0,58.56
VIESL, 25-Aug-2026,315.0,334.0,315.0,318.9,319.0,84000,273.76,90,29600.0,35.24
VIGOR, 25-Aug-2026,103.85,103.85,103.0,103.85,98.95,43200,44.81,27,43200.0,100.0
VIJAYA, 25-Aug-2026,1483.0,1499.8,1448.2,1483.4,1482.4,189129,2778.33,16069,108052.0,57.13
VIJAYPD, 25-Aug-2026,56.25,60.25,56.25,60.1,57.45,12000,7.0,6,12000.0,100.0
VIJSOLX, 25-Aug-2026,685.7,700.0,685.05,686.2,704.95,143,0.98,22,143.0,100.0
VIKASECO, 25-Aug-2026,1.07,1.07,1.04,1.06,1.06,3423052,36.27,1141,1764797.0,51.56
VIKASLIFE, 25-Aug-2026,1.22,1.26,1.19,1.24,1.21,4478463,54.68,8062,2579308.0,57.59
VIKRAMSOLR, 25-Aug-2026,172.5,172.73,169.31,169.99,172.02,1602097,2733.38,13796,625848.0,39.06
VIKRAN, 25-Aug-2026,61.81,61.9,59.67,59.98,61.32,2021169,1220.32,8936,1120792.0,55.45
VILAS, 25-Aug-2026,354.5,373.9,351.5,368.9,351.55,68000,249.42,201,47750.0,70.22
VILINBIO, 25-Aug-2026,43.15,43.15,42.6,42.6,43.15,16000,6.84,4,16000.0,100.0
VIMTALABS, 25-Aug-2026,618.0,629.25,610.95,626.35,615.85,88396,549.27,4746,26946.0,30.48
VINATIORGA, 25-Aug-2026,1329.0,1338.0,1324.0,1333.2,1329.6,22644,301.42,2511,14566.0,64.33
VINCOFE, 25-Aug-2026,162.0,164.85,158.61,160.9,158.98,1638606,2646.58,16469,728468.0,44.46
VINDHYATEL, 25-Aug-2026,2424.9,2424.9,2325.6,2381.6,2388.4,53943,1289.9,5063,25341.0,46.98
VINEETLAB, 25-Aug-2026,38.39,39.0,36.86,38.7,37.37,120648,46.08,517,91673.0,75.98
VINNY, 25-Aug-2026,1.07,1.07,1.06,1.06,1.07,125134,1.33,114,125133.0,100.0
VINSYS, 25-Aug-2026,600.0,607.0,598.0,598.4,600.0,1250,7.51,5,1250.0,100.0
VINYAS, 25-Aug-2026,1580.0,1685.0,1576.05,1656.6,1603.15,16800,275.87,133,13300.0,79.17
VINYLINDIA, 25-Aug-2026,241.0,241.0,235.21,237.14,238.82,5965,14.18,297,3880.0,65.05
VIPCLOTHNG, 25-Aug-2026,20.5,20.84,20.2,20.57,20.77,27535,5.63,108,24052.0,87.35
VIPIND, 25-Aug-2026,302.05,305.85,298.0,299.7,302.05,597251,1795.39,8991,439554.0,73.6
VIRAT, 25-Aug-2026,489.4,494.4,433.8,448.8,482.0,44537,196.83,1679,27064.0,60.77
VIRINCHI, 25-Aug-2026,14.83,15.7,14.83,15.53,15.14,48453,7.43,180,34398.0,70.99
VIRTUALG, 25-Aug-2026,0.57,0.57,0.52,0.52,0.55,527513,2.83,273,403251.0,76.44
VISACHROME, 25-Aug-2026,37.9,38.0,37.02,37.93,36.81,15159,5.73,81,14335.0,94.56
VISAKAIND, 25-Aug-2026,93.47,93.68,90.21,91.33,92.51,195653,180.04,2958,99619.0,50.92
VISAMAN, 25-Aug-2026,92.3,92.3,92.3,92.3,97.15,1000,0.92,1,1000.0,100.0
VISDEM, 25-Aug-2026,79.5,79.5,79.5,79.5,79.6,2400,1.91,2,1200.0,50.0
VISHAL, 25-Aug-2026,18.4,19.36,18.4,18.9,18.79,39894,7.54,762,26002.0,65.18
VISHNU, 25-Aug-2026,638.65,646.85,631.25,642.9,637.7,76828,491.63,3587,40248.0,52.39
VISHNUINFR, 25-Aug-2026,159.0,162.8,155.5,161.15,159.4,12500,19.82,19,8500.0,68.0
VISHWARAJ, 25-Aug-2026,6.88,7.09,6.08,6.29,6.79,2330979,150.77,3854,1316722.0,56.49
VISL, 25-Aug-2026,37.25,38.29,36.5,36.94,37.07,21169731,7926.97,39064,9032758.0,42.67
VIVIDEL, 25-Aug-2026,1590.0,1625.0,1555.0,1575.05,1574.0,15120,239.26,62,10320.0,68.25
VIVIDHA, 25-Aug-2026,0.53,0.54,0.5,0.52,0.53,420880,2.16,192,307420.0,73.04
VIVOBIOT, 25-Aug-2026,19.1,19.1,18.25,18.85,18.87,16494,3.08,130,15008.0,90.99
VIYASH, 25-Aug-2026,271.0,280.0,270.45,278.35,273.2,5438842,14991.24,242561,2473942.0,45.49
VLINFRA, 25-Aug-2026,26.05,27.5,26.05,27.5,26.5,3000,0.8,2,1500.0,50.0
VLSFINANCE, 25-Aug-2026,246.0,249.85,244.1,244.95,248.2,6357,15.62,234,4042.0,63.58
VMARCIND, 25-Aug-2026,397.0,400.0,388.0,390.05,396.85,169500,664.69,103,111000.0,65.49
VMART, 25-Aug-2026,856.55,865.0,840.1,862.15,856.55,95469,816.14,7630,43615.0,45.68
VMM, 25-Aug-2026,113.9,114.35,111.0,112.5,113.5,22412088,25126.04,64002,8582832.0,38.3
VMOBILE, 25-Aug-2026,65.45,65.7,62.55,64.1,65.75,8000,5.13,10,6400.0,80.0
VMSTMT, 25-Aug-2026,46.95,47.44,46.12,46.99,47.19,86219,40.66,303,18918.0,21.94
VOEPL, 25-Aug-2026,496.95,501.0,492.0,498.75,498.2,22135,109.94,898,13743.0,62.09
VOGL, 25-Aug-2026,39.55,40.68,38.76,38.95,39.69,36407728,14439.19,55602,12253525.0,33.66
VOITHPAPR, 25-Aug-2026,1500.0,1500.0,1450.0,1454.1,1500.0,507,7.41,43,335.0,66.07
VOLTAMP, 25-Aug-2026,11382.5,11400.0,10670.0,10974.0,11292.0,59803,6499.64,17425,18660.0,31.2
VOLTAS, 25-Aug-2026,1237.1,1244.9,1228.1,1243.0,1242.0,318747,3938.68,12635,124752.0,39.14
VPRPL, 25-Aug-2026,33.56,33.9,33.18,33.71,33.56,178673,59.95,1281,94257.0,52.75
VRAJ, 25-Aug-2026,119.5,121.97,119.49,121.32,121.47,7812,9.45,330,5688.0,72.81
VRLLOG, 25-Aug-2026,286.65,296.5,286.0,289.95,288.45,80471,231.93,3814,47815.0,59.42
VSSL, 25-Aug-2026,351.45,353.0,341.3,344.55,351.45,96812,336.01,3362,46295.0,47.82
VSTIND, 25-Aug-2026,212.17,212.17,209.42,209.86,210.65,133635,280.7,3231,88615.0,66.31
VSTL, 25-Aug-2026,112.53,113.75,111.25,111.5,111.53,8832,9.86,179,8370.0,94.77
VSTTILLERS, 25-Aug-2026,4415.4,4478.0,4355.1,4450.0,4373.1,7985,353.02,1749,4680.0,58.61
VTL, 25-Aug-2026,599.6,608.85,598.15,601.35,599.55,176383,1066.9,11311,69541.0,39.43
VTMLTD, 25-Aug-2026,50.68,53.49,50.0,53.07,49.33,67986,35.42,595,47965.0,70.55
WAAREEENER, 25-Aug-2026,2670.0,2687.7,2644.0,2655.0,2674.8,423255,11243.76,27996,137437.0,32.47
WAAREEINDO, 25-Aug-2026,276.6,284.3,273.8,274.65,278.8,64603,178.82,1734,47931.0,74.19
WAAREERTL, 25-Aug-2026,876.7,877.0,864.0,871.25,872.35,92599,804.08,7358,49728.0,53.7
WABAG, 25-Aug-2026,2039.0,2054.0,1992.6,2021.5,2001.1,564405,11402.63,35208,139538.0,24.72
WAKEFIT, 25-Aug-2026,137.98,146.47,137.81,145.14,137.81,1484599,2134.01,14810,504179.0,33.96
WALCHANNAG, 25-Aug-2026,223.4,223.4,219.0,220.02,222.25,297867,657.02,4270,155219.0,52.11
WALPAR, 25-Aug-2026,28.5,28.5,28.5,28.5,29.95,2000,0.57,1,2000.0,100.0
WANBURY, 25-Aug-2026,265.9,270.0,261.1,264.35,267.25,102715,271.48,2802,41583.0,40.48
WARDINMOBI, 25-Aug-2026,6.22,6.22,5.8,5.97,6.12,373608,22.43,910,309459.0,82.83
WATERBASE, 25-Aug-2026,50.99,51.8,48.0,49.37,50.41,23337,11.59,316,20004.0,85.72
WCIL, 25-Aug-2026,87.49,88.09,86.35,87.19,86.3,33762,29.44,552,18456.0,54.67
WEALTH, 25-Aug-2026,849.85,875.0,849.05,861.0,849.85,1634,14.06,222,1198.0,73.32
WEBELSOLAR, 25-Aug-2026,81.75,82.0,79.32,79.69,80.87,1799940,1445.41,15054,1126013.0,62.56
WEIZMANIND, 25-Aug-2026,75.8,77.67,75.42,75.55,75.8,777,0.59,51,615.0,79.15
WEL, 25-Aug-2026,135.9,137.56,131.68,134.02,135.94,879718,1181.98,4698,419487.0,47.68
WELCORP, 25-Aug-2026,2394.1,2433.9,2301.0,2345.5,2409.2,2480694,59199.29,110942,637403.0,25.69
WELENT, 25-Aug-2026,653.9,669.7,642.95,661.0,647.9,963358,6345.78,30917,340457.0,35.34
WELSPLSOL, 25-Aug-2026,51.59,52.4,50.4,50.8,51.59,458317,234.1,2121,238133.0,51.96
WELSPUNLIV, 25-Aug-2026,191.0,193.67,188.33,190.3,190.43,2352698,4484.37,26964,669604.0,28.46
WENDT, 25-Aug-2026,8301.0,8343.0,8150.0,8189.0,8286.0,6404,525.31,1622,4081.0,63.73
WESTLIFE, 25-Aug-2026,583.35,585.85,574.65,576.5,584.6,31914,184.54,4432,15222.0,47.7
WEWIN, 25-Aug-2026,45.52,47.0,45.5,46.9,45.52,262,0.12,10,257.0,98.09
WEWORK, 25-Aug-2026,668.6,682.75,665.05,674.9,672.1,349564,2351.09,18475,260110.0,74.41
WHBRADY, 25-Aug-2026,550.0,550.0,502.0,529.95,533.6,115,0.58,13,113.0,98.26
WHEELS, 25-Aug-2026,1565.0,1579.6,1489.1,1499.3,1561.4,137354,2085.96,10840,65403.0,47.62
WHIRLPOOL, 25-Aug-2026,769.05,772.0,761.65,767.3,769.05,90829,695.24,9711,44298.0,48.77
WHITEFORCE, 25-Aug-2026,40.0,40.0,37.5,38.95,39.5,102400,40.46,7,100800.0,98.44
WILLAMAGOR, 25-Aug-2026,25.75,25.75,24.03,24.47,24.87,5669,1.41,63,1955.0,34.49
WINDLAS, 25-Aug-2026,996.0,1018.95,984.05,990.95,991.75,82125,823.02,6633,40774.0,49.65
WINDMACHIN, 25-Aug-2026,319.05,319.05,311.0,314.25,317.15,44420,139.6,1334,26318.0,59.25
WINSOL, 25-Aug-2026,112.0,113.1,112.0,112.0,111.8,1600,1.8,4,1200.0,75.0
WIPL, 25-Aug-2026,170.0,170.0,166.11,169.84,164.99,946,1.6,22,834.0,88.16
WIPRO, 25-Aug-2026,181.29,181.29,178.39,180.09,181.31,8352475,15006.6,61275,4564208.0,54.64
WOCKPHARMA, 25-Aug-2026,1895.1,1914.2,1869.6,1899.6,1901.0,241579,4576.49,17076,95178.0,39.4
WOL3D, 25-Aug-2026,143.5,143.5,143.5,143.5,137.0,1000,1.44,1,1000.0,100.0
WOMANCART, 25-Aug-2026,133.75,133.75,125.2,128.1,126.2,30000,38.49,69,20000.0,66.67
WONDERLA, 25-Aug-2026,517.7,520.45,512.0,513.75,511.95,122345,630.99,4188,74809.0,61.15
WORTHPERI, 25-Aug-2026,154.45,157.98,150.25,152.23,155.32,15465,23.86,1487,4706.0,30.43
WPIL, 25-Aug-2026,457.0,464.55,439.05,442.9,459.0,49433,221.97,3714,23572.0,47.68
WSI, 25-Aug-2026,62.21,62.21,60.21,60.82,61.85,45664,27.9,1305,25713.0,56.31
WSTCSTPAPR, 25-Aug-2026,611.0,618.65,604.45,606.15,613.45,111653,682.02,6776,65630.0,58.78
WTICAB, 25-Aug-2026,108.95,109.0,108.0,108.0,108.85,5500,5.99,11,3000.0,54.55
XCHANGING, 25-Aug-2026,61.12,61.68,60.7,60.87,61.12,52065,31.74,538,38325.0,73.61
XELPMOC, 25-Aug-2026,83.99,84.7,81.0,82.13,83.16,16951,14.11,333,10621.0,62.66
XPROINDIA, 25-Aug-2026,1172.9,1196.7,1160.0,1186.5,1172.5,73634,871.45,4173,45800.0,62.2
XTGLOBAL, 25-Aug-2026,28.7,29.49,28.41,29.22,28.33,38909,11.29,591,16708.0,42.94
XTRANET, 25-Aug-2026,171.1,171.2,162.43,163.09,167.69,385611,639.68,4038,205137.0,53.2
YAAP, 25-Aug-2026,134.0,135.0,131.0,133.25,134.0,11000,14.55,11,11000.0,100.0
YASHO, 25-Aug-2026,4280.2,4338.6,4154.8,4201.7,4308.5,41030,1728.17,9194,16896.0,41.18
YASHOPTICS, 25-Aug-2026,117.0,124.0,117.0,118.2,115.6,21600,25.87,21,20000.0,92.59
YATHARTH, 25-Aug-2026,917.0,938.8,911.25,923.05,907.55,900090,8332.81,33389,350058.0,38.89
YATRA, 25-Aug-2026,115.0,115.07,113.25,113.92,115.31,478339,544.97,4903,236964.0,49.54
YESBANK, 25-Aug-2026,22.6,22.67,22.42,22.5,22.6,64264051,14466.64,70811,27179778.0,42.29
YOGI, 25-Aug-2026,164.9,164.9,156.0,163.9,160.0,1055,1.69,27,931.0,88.25
YUDIZ, 25-Aug-2026,24.95,25.0,23.55,24.0,24.0,4800,1.18,5,4800.0,100.0
YUKEN, 25-Aug-2026,941.95,960.0,941.95,943.45,933.1,6555,62.25,665,3741.0,57.07
ZAGGLE, 25-Aug-2026,190.5,194.3,187.7,189.37,191.32,1816708,3453.69,18471,530227.0,29.19
ZEAL, 25-Aug-2026,63.0,63.0,63.0,63.0,65.0,1800,1.13,3,1200.0,66.67
ZEEL, 25-Aug-2026,105.0,107.4,104.31,104.82,104.57,18052110,19043.86,59479,4568079.0,25.3
ZEEMEDIA, 25-Aug-2026,9.25,9.44,9.07,9.12,9.32,1576098,144.56,2221,916788.0,58.17
ZENITHDRUG, 25-Aug-2026,42.5,42.5,40.55,41.0,41.2,4000,1.66,5,4000.0,100.0
ZENITHEXPO, 25-Aug-2026,197.0,208.95,192.0,206.46,199.0,777,1.55,44,559.0,71.94
ZENITHSTL, 25-Aug-2026,5.64,5.64,5.38,5.39,5.47,54736,2.96,185,46287.0,84.56
ZENSARTECH, 25-Aug-2026,478.75,484.35,468.55,472.1,476.9,485670,2298.53,22007,217488.0,44.78
ZENTEC, 25-Aug-2026,1894.0,1906.6,1858.0,1877.7,1903.3,278812,5231.37,20122,109535.0,39.29
ZFCVINDIA, 25-Aug-2026,2645.0,2648.5,2590.4,2603.0,2650.1,650642,16921.5,20154,565542.0,86.92
ZFSTEERING, 25-Aug-2026,680.0,680.0,667.0,672.35,672.8,1757,11.86,98,1243.0,70.75
ZIMLAB, 25-Aug-2026,123.95,126.19,123.0,124.8,123.95,33450,41.78,1947,20737.0,61.99
ZODIAC, 25-Aug-2026,255.0,255.0,243.05,245.8,249.15,9753,24.05,644,5161.0,52.92
ZODIACLOTH, 25-Aug-2026,73.0,75.0,72.0,72.61,73.7,4763,3.49,164,3502.0,73.53
ZOTA, 25-Aug-2026,1086.9,1109.6,1069.5,1076.8,1094.5,110375,1197.38,5356,70508.0,63.88
ZSARACOM, 25-Aug-2026,11801.0,12270.0,11100.0,11300.0,11934.0,86,10.01,51,65.0,75.58
ZTECH, 25-Aug-2026,493.5,496.5,488.0,494.0,493.45,9000,44.24,27,7500.0,83.33
ZUARI, 25-Aug-2026,228.35,238.0,228.0,232.01,226.97,308152,719.27,6954,77549.0,25.17
ZUARIIND, 25-Aug-2026,285.0,297.0,279.0,281.55,285.6,223254,645.1,4945,105570.0,47.29
ZYDUSLIFE, 25-Aug-2026,1103.0,1125.0,1092.6,1124.5,1103.8,1152463,12733.21,19891,576173.0,49.99
ZYDUSWELL, 25-Aug-2026,515.05,529.75,514.0,525.45,511.1,662683,3470.84,36219,181258.0,27.35
