SYMBOL,DATE1,OPEN_PRICE,HIGH_PRICE,LOW_PRICE,CLOSE_PRICE,PREV_CLOSE,TTL_TRD_QNTY,TURNOVER_LACS,NO_OF_TRADES,DELIV_QTY,DELIV_PER
20MICRONS, 29-Sep-2026,212.16,216.45,209.02,212.8,212.94,54062,115.14,2439,24068.0,44.52
21STCENMGM, 29-Sep-2026,39.64,39.64,38.85,39.37,39.64,2715,1.07,25,2665.0,98.16
360ONE, 29-Sep-2026,1040.0,1052.1,1019.4,1029.2,1045.0,2488489,25807.85,80383,1291145.0,51.88
3BBLACKBIO, 29-Sep-2026,1575.1,1635.0,1532.9,1622.7,1584.8,31539,503.32,4051,13250.0,42.01
3MINDIA, 29-Sep-2026,33200.0,33400.0,31600.0,31890.0,33415.0,29335,9396.49,12412,18957.0,64.62
3PLAND, 29-Sep-2026,32.48,32.48,30.05,31.87,30.83,294,0.09,39,269.0,91.5
574GS2026, 29-Sep-2026,99.03,102.49,99.03,101.61,101.57,186,0.19,5,171.0,91.94
5PAISA, 29-Sep-2026,303.05,307.45,301.0,304.9,305.15,13569,41.37,880,8301.0,61.18
601GS2030, 29-Sep-2026,98.0,98.0,98.0,98.0,97.74,500,0.49,1,500.0,100.0
603GS2029, 29-Sep-2026,99.25,99.25,99.25,99.25,99.25,100,0.1,1,100.0,100.0
610GS2031, 29-Sep-2026,97.0,97.0,97.0,97.0,97.05,1,0.0,1,1.0,100.0
620GS2029, 29-Sep-2026,99.5,99.5,98.29,98.29,99.0,500,0.49,2,500.0,100.0
633GS2035, 29-Sep-2026,96.57,96.57,96.57,96.57,101.0,500,0.48,1,500.0,100.0
636GS2031, 29-Sep-2026,99.5,99.5,98.01,98.01,98.5,101,0.1,2,100.0,99.01
63MOONS, 29-Sep-2026,818.8,827.4,803.95,810.8,818.6,195169,1589.39,8832,79462.0,40.71
648GS2035, 29-Sep-2026,98.9,98.9,97.25,97.31,98.9,1350,1.32,4,1350.0,100.0
653GS2031, 29-Sep-2026,96.06,98.02,96.06,97.75,98.02,2201,2.15,5,2201.0,100.0
654GS2032, 29-Sep-2026,98.4,98.4,98.4,98.4,98.7,25000,24.6,1,25000.0,100.0
667GS2050, 29-Sep-2026,91.25,93.5,91.25,92.37,89.45,24,0.02,4,12.0,50.0
668GS2033, 29-Sep-2026,98.8,98.8,97.78,97.78,98.8,4700,4.6,7,4700.0,100.0
668GS2040, 29-Sep-2026,98.0,98.01,98.0,98.0,98.0,86695,84.96,6,86695.0,100.0
676GS2061, 29-Sep-2026,89.68,91.0,89.5,89.5,89.38,33169,29.78,42,32727.0,98.67
679GS2034, 29-Sep-2026,99.8,100.0,99.7,100.0,101.5,11000,11.0,3,11000.0,100.0
679GS2034A, 29-Sep-2026,96.39,99.21,96.39,99.21,97.03,201,0.19,3,201.0,100.0
68GS2060, 29-Sep-2026,92.2,92.2,91.15,91.15,91.45,37152,33.9,21,37152.0,100.0
690GS2065, 29-Sep-2026,93.6,93.6,92.5,93.0,92.89,117958,109.13,21,116551.0,98.81
694GS2036, 29-Sep-2026,101.25,102.24,101.25,101.87,102.98,3101,3.15,33,2901.0,93.55
695GS2061, 29-Sep-2026,93.0,93.0,92.9,93.0,93.24,799,0.74,12,799.0,100.0
698GR2054, 29-Sep-2026,91.8,93.95,91.8,93.95,91.75,175,0.16,3,100.0,57.14
699GS2051, 29-Sep-2026,96.68,96.7,96.35,96.35,93.5,539,0.52,5,539.0,100.0
702GS2031, 29-Sep-2026,101.13,101.13,101.13,101.13,101.39,100,0.1,1,100.0,100.0
706GS2028, 29-Sep-2026,103.29,103.75,103.29,103.75,103.6,7180,7.43,6,7180.0,100.0
709GS2054, 29-Sep-2026,94.5,95.74,94.5,95.49,94.5,1842,1.75,9,1543.0,83.77
709GS2074, 29-Sep-2026,95.0,95.0,94.12,94.85,94.8,26685,25.28,36,23279.0,87.24
710GS2029, 29-Sep-2026,103.06,104.0,103.06,103.5,104.52,29440,30.54,14,29230.0,99.29
717GS2030, 29-Sep-2026,102.01,103.7,102.01,103.7,104.26,3002,3.08,4,3002.0,100.0
718GS2033, 29-Sep-2026,102.0,102.0,100.5,102.0,103.4,157103,158.5,15,157103.0,100.0
718GS2037, 29-Sep-2026,102.84,102.84,101.5,101.5,101.72,10012,10.16,10,10010.0,99.98
719GS2060, 29-Sep-2026,94.0,94.0,94.0,94.0,95.0,480,0.45,8,480.0,100.0
723GS2039, 29-Sep-2026,101.5,103.0,101.5,103.0,101.5,400,0.41,2,200.0,50.0
724GS2055, 29-Sep-2026,94.35,97.09,94.35,96.07,96.2,24647,23.65,63,23013.0,93.37
725GS2063, 29-Sep-2026,96.51,96.51,95.79,96.08,96.45,196504,188.74,128,183403.0,93.33
726GS2032, 29-Sep-2026,100.44,101.5,100.44,101.05,101.97,162921,163.67,16,161511.0,99.13
726GS2033, 29-Sep-2026,101.2,101.2,101.2,101.2,101.1,2000,2.02,1,2000.0,100.0
732GS2030, 29-Sep-2026,103.35,104.0,103.35,104.0,103.5,800,0.83,2,400.0,50.0
733GS2026, 29-Sep-2026,102.56,103.13,102.56,102.7,102.55,3485,3.58,20,3185.0,91.39
734GS2064, 29-Sep-2026,98.54,98.57,98.0,98.43,98.34,24037,23.62,38,23141.0,96.27
736GS2052, 29-Sep-2026,97.7,98.45,97.2,98.45,98.0,5582,5.45,8,5582.0,100.0
737GS2028, 29-Sep-2026,104.3,104.4,104.2,104.31,104.39,5653,5.9,6,5653.0,100.0
738GS2027, 29-Sep-2026,102.6,103.0,102.25,102.4,102.32,50432,51.63,29,46098.0,91.41
73GS2053, 29-Sep-2026,97.99,97.99,96.35,97.55,97.99,91022,88.8,59,91022.0,100.0
740IIFCL33, 29-Sep-2026,1171.0,1171.0,1171.0,1171.0,1160.0,500,5.86,1,500.0,100.0
741GS2036, 29-Sep-2026,103.78,103.85,102.2,102.33,104.1,6434,6.59,7,6301.0,97.93
743GS2076, 29-Sep-2026,98.94,98.94,98.5,98.7,98.59,499753,493.06,135,499702.0,99.99
746GS2073, 29-Sep-2026,100.63,101.35,100.0,100.0,101.65,3136,3.15,13,3136.0,100.0
74GS2062, 29-Sep-2026,99.9,99.9,99.0,99.0,98.0,802,0.79,3,802.0,100.0
754GS2036, 29-Sep-2026,104.7,105.15,102.0,104.76,104.65,1065988,1116.98,244,964945.0,90.52
75GS2034, 29-Sep-2026,103.96,103.96,103.96,103.96,103.96,4000,4.16,1,4000.0,100.0
763GS2056, 29-Sep-2026,99.99,100.65,99.99,100.6,100.5,16412,16.5,8,16412.0,100.0
771GS2066, 29-Sep-2026,103.0,104.0,103.0,103.97,103.99,27581,28.67,17,27581.0,100.0
795GS2032, 29-Sep-2026,104.11,104.11,104.11,104.11,104.13,400,0.42,2,400.0,100.0
824GS2027, 29-Sep-2026,102.4,102.4,102.4,102.4,103.4,1,0.0,1,1.0,100.0
83GS2042, 29-Sep-2026,105.93,107.0,105.93,107.0,107.6,200,0.21,2,100.0,50.0
897GS2030, 29-Sep-2026,111.51,115.98,111.51,115.98,113.0,101,0.11,2,100.0,99.01
92GS2030, 29-Sep-2026,112.2,112.2,109.12,110.2,114.58,47002,52.2,48,46440.0,98.8
A2ZINFRA, 29-Sep-2026,14.29,14.66,14.29,14.51,14.66,150724,21.7,516,79029.0,52.43
AAATECH, 29-Sep-2026,99.4,100.7,97.06,99.94,99.53,304150,299.87,1042,288196.0,94.75
AADHARHFC, 29-Sep-2026,435.1,443.95,427.3,432.5,436.95,376339,1623.0,16778,235814.0,62.66
AAKAAR, 29-Sep-2026,67.0,67.0,67.0,67.0,67.0,3200,2.14,2,3200.0,100.0
AAKASH, 29-Sep-2026,8.62,8.99,8.51,8.59,8.8,56400,4.89,293,51165.0,90.72
AARADHYA, 29-Sep-2026,128.05,128.05,128.05,128.05,132.1,1200,1.54,1,1200.0,100.0
AAREYDRUGS, 29-Sep-2026,99.53,101.69,97.24,99.92,99.53,131399,130.92,985,102750.0,78.2
AARON, 29-Sep-2026,122.0,124.0,119.15,122.01,121.62,6277,7.62,308,3118.0,49.67
AARTIDRUGS, 29-Sep-2026,427.5,444.0,422.05,428.6,429.65,570194,2458.76,18988,246988.0,43.32
AARTIIND, 29-Sep-2026,475.0,482.9,468.0,469.9,476.6,392844,1868.25,20373,183419.0,46.69
AARTIPHARM, 29-Sep-2026,912.0,985.05,906.2,972.8,914.0,812673,7743.99,42698,330618.0,40.68
AARVI, 29-Sep-2026,135.0,138.0,135.0,136.21,135.74,8359,11.39,289,5450.0,65.2
AASTHA, 29-Sep-2026,38.71,38.71,36.61,37.53,39.3,689221,257.46,5152,297763.0,43.2
AATMAJ, 29-Sep-2026,20.45,20.45,20.45,20.45,20.45,4000,0.82,2,2000.0,50.0
AAVAS, 29-Sep-2026,1277.1,1282.4,1233.6,1248.4,1282.4,63420,796.91,16293,37844.0,59.67
ABANSENT, 29-Sep-2026,27.3,27.3,26.13,26.87,26.84,4321,1.16,145,2734.0,63.27
ABB, 29-Sep-2026,6950.0,6953.0,6660.5,6660.5,6972.5,213768,14636.68,28859,104538.0,48.9
ABBOTINDIA, 29-Sep-2026,26735.0,27850.0,26650.0,27270.0,26740.0,20582,5643.13,10394,6839.0,33.23
ABCAPITAL, 29-Sep-2026,381.0,383.0,376.05,378.0,382.7,4503197,17089.33,57438,2765396.0,61.41
ABCOTS, 29-Sep-2026,203.9,203.9,190.4,198.84,200.15,13070,25.98,465,10989.0,84.08
ABDL, 29-Sep-2026,719.85,726.9,706.4,716.5,723.45,510230,3657.46,24635,179478.0,35.18
ABFRL, 29-Sep-2026,47.59,47.72,46.0,46.24,47.59,12856547,5988.92,41408,6909597.0,53.74
ABGSEC, 29-Sep-2026,112.91,113.36,112.91,112.92,113.85,59,0.07,7,57.0,96.61
ABH, 29-Sep-2026,45.0,45.0,42.25,42.4,44.45,56400,24.44,42,45600.0,80.85
ABHAPOWER, 29-Sep-2026,23.1,23.1,22.9,23.1,23.4,20800,4.79,13,14400.0,69.23
ABLBL, 29-Sep-2026,77.13,84.43,75.06,76.98,77.17,32556815,26291.03,137960,5482932.0,16.84
ABMKNO, 29-Sep-2026,170.0,174.95,165.13,168.59,175.13,361,0.61,47,249.0,68.98
ABREL, 29-Sep-2026,1192.1,1194.7,1155.6,1160.6,1191.5,170053,1992.55,18022,85196.0,50.1
ABSL10BANK, 29-Sep-2026,157.3,165.0,154.62,160.58,161.91,25520,40.85,494,10170.0,39.85
ABSLAMC, 29-Sep-2026,984.0,999.9,950.3,955.9,987.7,167070,1609.72,20692,108092.0,64.7
ABSLBANETF, 29-Sep-2026,54.58,56.58,54.58,55.83,55.98,170695,94.55,320,146962.0,86.1
ABSLLIQUID, 29-Sep-2026,999.99,1000.01,999.99,999.99,1000.0,1096,10.96,13,416.0,37.96
ABSLMSCIN, 29-Sep-2026,28.01,28.37,27.93,28.21,28.15,60,0.02,6,60.0,100.0
ABSLNN50ET, 29-Sep-2026,74.47,75.53,72.83,74.11,74.47,30606,22.67,227,29307.0,95.76
ABSLPSE, 29-Sep-2026,10.01,10.01,9.69,9.82,9.81,113339,11.1,506,48747.0,43.01
ABSMARINE, 29-Sep-2026,321.0,325.9,313.0,318.35,323.0,40500,129.24,77,28000.0,69.14
ACC, 29-Sep-2026,1215.5,1224.5,1188.1,1202.6,1213.5,731645,8788.51,45637,460648.0,62.96
ACCELYA, 29-Sep-2026,1099.0,1108.7,1085.0,1095.4,1099.9,9213,100.94,1100,6150.0,66.75
ACCENTMIC, 29-Sep-2026,683.95,683.95,671.3,674.0,676.85,16000,108.28,29,11000.0,68.75
ACCPL, 29-Sep-2026,202.25,210.95,202.25,210.95,202.25,2400,4.96,2,2400.0,100.0
ACE, 29-Sep-2026,1205.0,1229.7,1199.0,1205.8,1212.9,232653,2826.54,24035,115693.0,49.73
ACEINTEG, 29-Sep-2026,16.7,16.95,16.1,16.4,17.02,3269,0.54,120,2309.0,70.63
ACETEC, 29-Sep-2026,145.0,145.0,145.0,145.0,145.0,3600,5.22,3,3600.0,100.0
ACGL, 29-Sep-2026,1684.0,1696.9,1619.9,1633.5,1695.9,2291,37.61,380,1702.0,74.29
ACI, 29-Sep-2026,484.45,497.2,480.0,490.6,482.75,529773,2593.88,14594,398830.0,75.28
ACL, 29-Sep-2026,40.78,40.78,38.4,39.56,39.94,25165,9.9,542,15210.0,60.44
ACMESOLAR, 29-Sep-2026,438.95,440.8,427.9,437.95,437.9,1067318,4656.45,43580,491966.0,46.09
ACUTAAS, 29-Sep-2026,3290.0,3340.0,3202.1,3304.1,3214.4,999485,32834.76,102113,475122.0,47.54
ADANIENSOL, 29-Sep-2026,1287.8,1328.0,1275.2,1305.8,1287.9,2592098,33864.8,77892,1388358.0,53.56
ADANIENT, 29-Sep-2026,2834.6,2972.9,2793.7,2972.9,2831.1,4062231,118567.74,78392,2751041.0,67.72
ADANIGREEN, 29-Sep-2026,1235.0,1260.0,1223.6,1260.0,1235.0,1615165,20076.41,41843,666710.0,41.28
ADANIPORTS, 29-Sep-2026,1755.2,1822.0,1738.4,1822.0,1743.7,4214197,75267.4,83603,2982330.0,70.77
ADANIPOWER, 29-Sep-2026,196.3,199.84,192.45,196.3,196.14,33801685,66429.7,133196,16600259.0,49.11
ADDICTIVE, 29-Sep-2026,42.25,44.0,42.25,43.2,44.0,7000,3.03,11,6500.0,92.86
ADDIND, 29-Sep-2026,80.0,82.0,76.99,78.4,77.5,2807,2.21,42,2565.0,91.38
ADFFOODS, 29-Sep-2026,265.0,270.25,261.5,268.3,266.6,67714,180.02,2220,36929.0,54.54
ADISOFT, 29-Sep-2026,264.0,266.0,248.75,260.15,264.6,93600,240.74,105,64800.0,69.23
ADL, 29-Sep-2026,77.0,77.0,68.4,70.0,72.17,52,0.04,14,41.0,78.85
ADOR, 29-Sep-2026,1620.3,1631.0,1592.2,1612.0,1611.7,30103,486.99,3438,13656.0,45.36
ADROITINFO, 29-Sep-2026,13.98,14.97,13.25,14.23,13.51,767644,110.32,2662,465704.0,60.67
ADSL, 29-Sep-2026,114.0,114.3,108.27,109.99,116.66,594717,656.81,10425,182180.0,30.63
ADVAIT, 29-Sep-2026,1862.0,1911.0,1838.0,1903.6,1867.4,40598,762.97,6970,19378.0,47.73
ADVANCE, 29-Sep-2026,123.77,123.78,119.51,120.19,121.5,115011,138.88,2103,58302.0,50.69
ADVANIHOTR, 29-Sep-2026,48.79,48.79,47.01,47.4,48.13,24199,11.48,650,20058.0,82.89
ADVENTHTL, 29-Sep-2026,124.5,127.39,121.0,124.7,124.62,135289,168.05,3295,59566.0,44.03
ADVENZYMES, 29-Sep-2026,285.05,286.95,279.75,282.15,283.15,204966,579.18,7226,116546.0,56.86
ADVIKCA, 29-Sep-2026,0.96,0.99,0.96,0.97,0.97,226781,2.21,219,177717.0,78.37
AEGISLOG, 29-Sep-2026,1308.1,1342.5,1279.8,1299.8,1308.1,563303,7376.45,44091,258895.0,45.96
AEGISVOPAK, 29-Sep-2026,298.0,298.0,288.1,294.25,298.55,869693,2546.95,24742,348172.0,40.03
AEPL, 29-Sep-2026,15.3,15.49,14.4,14.72,15.14,13148,1.96,168,10572.0,80.41
AEQUS, 29-Sep-2026,260.0,273.0,249.03,271.63,260.1,11417115,29945.57,106266,3989690.0,34.94
AEROENTER, 29-Sep-2026,121.7,126.0,118.81,124.7,121.66,382082,470.96,6585,140486.0,36.77
AEROFLEX, 29-Sep-2026,511.3,543.65,508.1,539.6,513.4,1421036,7539.13,36693,602509.0,42.4
AERON, 29-Sep-2026,82.05,84.9,80.6,83.0,84.5,7000,5.78,6,4000.0,57.14
AERONEU, 29-Sep-2026,75.0,75.0,72.21,72.98,75.18,31159,22.9,929,20949.0,67.23
AEROPLANE, 29-Sep-2026,200.05,204.78,195.32,202.08,201.09,702329,1407.19,6426,399556.0,56.89
AESTHETIK, 29-Sep-2026,65.8,65.8,65.1,65.1,65.8,2000,1.31,2,2000.0,100.0
AETHER, 29-Sep-2026,1746.9,1773.7,1707.0,1749.9,1739.2,521059,9068.74,44093,243718.0,46.77
AFCONS, 29-Sep-2026,253.0,253.05,244.9,245.1,251.65,562757,1390.24,14559,281141.0,49.96
AFFLE, 29-Sep-2026,1542.2,1548.4,1494.5,1501.0,1548.4,193607,2919.6,24607,110414.0,57.03
AFFORDABLE, 29-Sep-2026,165.12,175.4,165.12,173.52,170.74,15470,26.43,800,7391.0,47.78
AFIL, 29-Sep-2026,7.91,8.1,7.49,7.85,7.89,1137489,88.17,1103,734431.0,64.57
AFSL, 29-Sep-2026,201.0,202.5,201.0,201.04,201.0,4509,9.07,121,3124.0,69.28
AGARIND, 29-Sep-2026,398.35,400.0,389.1,391.2,397.15,24191,95.35,1352,11775.0,48.68
AGARWALEYE, 29-Sep-2026,501.95,501.95,488.25,495.25,503.6,606157,2996.23,25050,256873.0,42.38
AGARWALTUF, 29-Sep-2026,155.1,170.0,155.0,169.6,157.1,190800,317.58,98,94800.0,49.69
AGI, 29-Sep-2026,804.8,808.4,781.1,792.9,804.8,100537,795.3,8854,47641.0,47.39
AGIIL, 29-Sep-2026,277.55,279.9,263.35,264.85,271.6,706302,1906.64,11671,173756.0,24.6
AGL, 29-Sep-2026,13.19,13.35,12.8,13.19,13.21,1032031,135.07,2384,561871.0,54.44
AGNI, 29-Sep-2026,15.0,15.75,15.0,15.65,15.2,10000,1.55,4,7500.0,75.0
AGRITECH, 29-Sep-2026,95.0,95.4,92.5,93.19,93.99,2513,2.35,91,1554.0,61.84
AGROPHOS, 29-Sep-2026,23.51,24.04,23.47,23.96,23.95,4890,1.16,103,3275.0,66.97
AHCL, 29-Sep-2026,36.39,36.39,35.5,36.39,34.66,9537815,3468.8,3133,5919587.0,62.06
AHLADA, 29-Sep-2026,38.57,38.57,37.06,37.15,38.57,7808,2.92,115,6081.0,77.88
AHLEAST, 29-Sep-2026,134.4,137.39,134.25,134.54,136.14,251,0.34,11,151.0,60.16
AHLUCONT, 29-Sep-2026,568.05,572.1,544.1,551.55,572.4,238960,1324.24,13556,120886.0,50.59
AIAENG, 29-Sep-2026,3850.0,3859.5,3805.0,3835.7,3841.4,36731,1409.07,12707,24270.0,66.07
AIIL, 29-Sep-2026,548.25,556.0,536.9,541.8,548.25,167804,914.51,13162,77138.0,45.97
AIMTRON, 29-Sep-2026,1802.0,1888.0,1775.0,1873.4,1801.6,48600,894.29,219,29400.0,60.49
AIRAN, 29-Sep-2026,16.88,16.88,16.0,16.4,16.69,52427,8.53,441,39758.0,75.83
AIROLAM, 29-Sep-2026,90.25,91.0,88.79,89.06,88.79,165,0.15,17,153.0,92.73
AISL, 29-Sep-2026,60.4,60.7,60.0,60.7,57.85,4800,2.9,7,4800.0,100.0
AJANTPHARM, 29-Sep-2026,3524.9,3589.0,3500.0,3557.5,3525.2,85009,3019.07,18485,40379.0,47.5
AJAXENGG, 29-Sep-2026,600.0,602.5,578.95,591.65,589.9,88197,519.59,6062,47660.0,54.04
AJMERA, 29-Sep-2026,118.74,121.0,114.61,120.16,119.62,237553,280.08,4172,103123.0,43.41
AJOONI, 29-Sep-2026,3.16,3.16,3.11,3.14,3.14,112283,3.51,351,87016.0,77.5
AKANKSHA, 29-Sep-2026,167.65,167.65,160.0,167.6,159.7,86000,142.3,78,65000.0,75.58
AKASH, 29-Sep-2026,24.55,25.5,24.5,25.32,25.02,5273,1.32,54,3912.0,74.19
AKCAPIT, 29-Sep-2026,1746.5,1772.0,1706.0,1728.1,1758.0,728,12.75,131,527.0,72.39
AKG, 29-Sep-2026,9.8,9.84,9.65,9.8,9.76,3597,0.35,37,3395.0,94.38
AKIKO, 29-Sep-2026,428.0,433.95,414.0,433.95,428.0,14400,60.93,17,10400.0,72.22
AKSHAR, 29-Sep-2026,0.42,0.42,0.39,0.41,0.41,2658117,10.96,341,1471501.0,55.36
AKUMS, 29-Sep-2026,800.0,828.0,800.0,819.55,799.95,179399,1462.88,17695,88812.0,49.51
ALANKIT, 29-Sep-2026,7.72,7.79,7.5,7.56,7.72,101890,7.72,704,66599.0,65.36
ALBERTDAVD, 29-Sep-2026,864.3,898.0,842.05,876.35,846.95,13163,114.65,1421,9062.0,68.84
ALCODIS, 29-Sep-2026,62.1,62.1,61.9,61.95,64.9,2500,1.55,4,1875.0,75.0
ALEMBICLTD, 29-Sep-2026,106.95,112.0,105.34,108.44,106.91,1919395,2098.3,18618,755549.0,39.36
ALFREDHE, 29-Sep-2026,2710.0,2823.0,2710.0,2823.0,2740.0,9,0.25,3,9.0,100.0
ALGOQUANT, 29-Sep-2026,69.4,69.4,64.79,65.64,69.55,2269037,1497.9,8118,581804.0,25.64
ALICON, 29-Sep-2026,714.0,740.0,702.05,724.85,716.85,64416,465.75,4171,43950.0,68.23
ALIVUS, 29-Sep-2026,1337.0,1370.0,1328.6,1356.8,1345.5,245623,3308.96,30741,112196.0,45.68
ALKEM, 29-Sep-2026,5166.5,5306.5,5152.0,5250.0,5175.0,244410,12844.83,36626,126663.0,51.82
ALKYLAMINE, 29-Sep-2026,1799.8,1826.0,1771.2,1781.3,1799.8,29151,523.66,7139,14403.0,49.41
ALLCARGO, 29-Sep-2026,10.77,10.77,10.5,10.53,10.82,5539499,586.4,6503,2259457.0,40.79
ALLDIGI, 29-Sep-2026,778.95,785.55,771.0,775.8,775.9,5852,45.47,557,4341.0,74.18
ALLETEC, 29-Sep-2026,121.1,124.95,120.2,120.85,121.05,22000,26.68,52,16000.0,72.73
ALLTIME, 29-Sep-2026,199.5,199.5,192.45,193.18,197.91,95447,186.39,2096,56646.0,59.35
ALOKINDS, 29-Sep-2026,7.24,7.25,7.02,7.06,7.22,22686291,1613.95,14169,11599761.0,51.13
ALPA, 29-Sep-2026,59.49,59.85,58.3,59.76,59.21,5289,3.12,105,2286.0,43.22
ALPEXSOLAR, 29-Sep-2026,868.0,874.9,855.05,865.3,872.0,17400,150.82,148,12100.0,69.54
ALPHA, 29-Sep-2026,51.44,52.45,50.81,52.26,51.44,1808022,935.63,5363,863865.0,47.78
ALPHAETF, 29-Sep-2026,26.06,26.06,25.17,25.4,25.43,614197,155.57,1154,313825.0,51.1
ALPINETEX, 29-Sep-2026,48.36,50.95,47.22,48.95,48.36,170617,83.05,2622,62892.0,36.86
ALPL30IETF, 29-Sep-2026,26.54,26.7,26.37,26.49,26.54,135459,35.86,721,90843.0,67.06
ALUFLUOR, 29-Sep-2026,609.95,649.0,580.0,632.55,604.7,57672,362.65,3023,29204.0,50.64
ALUWIND, 29-Sep-2026,49.0,49.95,47.55,49.8,51.45,10500,5.15,7,6000.0,57.14
AMAGI, 29-Sep-2026,561.0,573.95,553.05,563.85,560.0,538606,3047.67,19064,238766.0,44.33
AMAL, 29-Sep-2026,659.8,690.0,654.05,682.1,665.55,5117,34.27,761,3028.0,59.18
AMARJOTHI, 29-Sep-2026,150.7,152.45,147.05,152.0,150.7,456,0.69,41,382.0,83.77
AMBAAUTO, 29-Sep-2026,95.0,99.75,95.0,99.6,95.0,21000,20.79,19,17000.0,80.95
AMBANIORGO, 29-Sep-2026,114.95,114.95,114.95,114.95,115.0,43000,49.43,1,43000.0,100.0
AMBER, 29-Sep-2026,6915.5,7001.0,6606.5,6606.5,6990.0,286219,19331.24,42070,126163.0,44.08
AMBICAAGAR, 29-Sep-2026,24.88,24.88,24.11,24.37,24.88,3594,0.87,93,2900.0,80.69
AMBIKCO, 29-Sep-2026,1568.0,1582.0,1525.0,1527.1,1568.0,9578,147.0,1039,5385.0,56.22
AMBUJACEM, 29-Sep-2026,373.5,373.6,365.75,365.75,374.35,1769537,6527.55,29656,828319.0,46.81
AMCL, 29-Sep-2026,340.0,346.9,336.0,346.9,347.9,2400,8.21,6,2400.0,100.0
AMEYA, 29-Sep-2026,137.0,146.2,137.0,146.2,139.25,10000,14.23,10,10000.0,100.0
AMJLAND, 29-Sep-2026,37.5,38.87,37.5,38.04,38.05,16749,6.43,105,13900.0,82.99
AMNPLST, 29-Sep-2026,169.0,171.8,162.0,170.18,166.82,107852,181.57,221,104160.0,96.58
AMRUTANJAN, 29-Sep-2026,505.05,508.0,499.15,505.25,506.55,17570,88.41,1127,8741.0,49.75
ANANDRATHI, 29-Sep-2026,2150.0,2168.9,2077.3,2100.6,2146.2,1341769,28249.83,67605,779128.0,58.07
ANANTAM, 29-Sep-2026,104.76,104.76,104.21,104.28,104.76,144007,150.49,145,144004.0,100.0
ANANTRAJ, 29-Sep-2026,605.0,613.6,599.0,602.3,607.95,1194043,7210.93,32688,451900.0,37.85
ANAWIL, 29-Sep-2026,468.85,510.0,468.85,509.0,468.85,315600,1555.82,607,209600.0,66.41
ANDHRAPAP, 29-Sep-2026,72.98,72.98,71.01,72.32,72.62,212077,152.69,5347,101059.0,47.65
ANDHRSUGAR, 29-Sep-2026,95.13,96.83,92.7,94.4,95.13,214302,201.56,6933,64458.0,30.08
ANDREWYU, 29-Sep-2026,25.82,26.49,25.05,25.84,25.81,87815,22.56,749,46863.0,53.37
ANGELONE, 29-Sep-2026,279.2,280.0,273.5,273.5,279.2,4376351,12075.83,37006,1818818.0,41.56
ANIKINDS, 29-Sep-2026,44.55,44.55,42.16,43.98,43.03,4840,2.09,145,3859.0,79.73
ANLON, 29-Sep-2026,750.95,750.95,723.0,744.95,769.95,12400,92.07,25,8000.0,64.52
ANNAPURNA, 29-Sep-2026,127.66,129.59,126.31,127.22,127.66,15493,19.78,285,9654.0,62.31
ANNU, 29-Sep-2026,47.86,49.0,46.73,47.84,47.86,394589,187.94,4715,147113.0,37.28
ANONDITA, 29-Sep-2026,1100.0,1115.0,1070.0,1094.75,1103.35,68600,753.74,225,54000.0,78.72
ANSALBU, 29-Sep-2026,88.57,92.0,78.65,85.96,90.38,4740,4.13,131,2807.0,59.22
ANTELOPUS, 29-Sep-2026,1165.0,1234.9,1112.05,1162.5,1159.45,1431803,16870.48,68515,181142.0,12.65
ANTGRAPHIC, 29-Sep-2026,0.72,0.72,0.69,0.7,0.69,151675,1.07,143,95131.0,62.72
ANTHEM, 29-Sep-2026,855.0,880.0,852.05,869.75,851.1,689600,5976.57,51011,328500.0,47.64
ANUHPHR, 29-Sep-2026,89.0,91.35,87.9,89.68,89.46,106661,95.84,2419,46531.0,43.63
ANUP, 29-Sep-2026,1635.0,1644.8,1580.0,1591.2,1632.0,74671,1191.49,12826,35903.0,48.08
ANURAS, 29-Sep-2026,1187.2,1196.5,1165.0,1177.8,1187.1,192300,2268.01,11209,117755.0,61.24
ANYA, 29-Sep-2026,17.55,17.55,17.55,17.55,18.3,15000,2.63,3,15000.0,100.0
ANZEN, 29-Sep-2026,127.0,127.0,127.0,127.0,127.0,25000,31.75,1,25000.0,100.0
AONEGOLD, 29-Sep-2026,13.74,13.77,13.57,13.62,13.71,257103,35.09,1735,149352.0,58.09
AONELIQUID, 29-Sep-2026,1078.86,1078.88,1078.86,1078.86,1078.72,16578,178.85,89,10324.0,62.28
AONENIFTY, 29-Sep-2026,9.61,9.65,9.36,9.42,9.42,158764,14.93,1251,139688.0,87.98
AONESILVER, 29-Sep-2026,8.44,8.55,8.37,8.4,8.46,602587,50.67,1312,493008.0,81.82
AONETMMQ50, 29-Sep-2026,9.91,10.0,9.8,9.95,9.91,95276,9.4,327,51343.0,53.89
AONETOTAL, 29-Sep-2026,11.64,11.64,11.26,11.37,11.41,143752,16.32,965,65184.0,45.34
APARINDS, 29-Sep-2026,17337.0,18062.0,17150.0,17803.0,17263.0,199491,35273.78,64490,85986.0,43.1
APCL, 29-Sep-2026,95.1,97.0,93.0,94.92,94.64,4184,3.94,107,3435.0,82.1
APCOTEXIND, 29-Sep-2026,589.95,603.6,580.0,595.45,586.0,58105,346.0,5048,32424.0,55.8
APEX, 29-Sep-2026,338.65,348.4,334.5,343.1,338.65,112135,384.01,3853,38311.0,34.17
APEXECO, 29-Sep-2026,260.0,265.0,253.25,263.95,264.75,15200,39.53,17,15200.0,100.0
APLAPOLLO, 29-Sep-2026,2191.9,2217.8,2172.1,2188.6,2197.0,639577,14085.97,29315,405655.0,63.43
APLLTD, 29-Sep-2026,853.9,868.0,837.5,861.5,854.35,457488,3911.96,33606,222799.0,48.7
APOLLO, 29-Sep-2026,411.7,411.7,399.1,402.6,408.3,5919584,23925.31,63042,1793579.0,30.3
APOLLOHOSP, 29-Sep-2026,8885.0,8906.0,8657.5,8659.0,8860.0,609210,53265.78,61576,403816.0,66.29
APOLLOPIPE, 29-Sep-2026,521.2,530.0,511.1,513.7,521.2,305274,1598.64,6950,132605.0,43.44
APOLLOTYRE, 29-Sep-2026,390.75,429.0,386.3,406.75,389.6,5125753,20720.36,86708,3019547.0,58.91
APOLSINHOT, 29-Sep-2026,1185.0,1199.9,1160.4,1166.2,1172.9,595,6.99,80,448.0,75.29
APOORVA, 29-Sep-2026,31.82,33.14,31.82,33.0,33.49,299,0.1,19,299.0,100.0
APRAMEYA, 29-Sep-2026,104.9,107.4,100.0,105.0,95.0,38000,39.71,60,35000.0,92.11
APS, 29-Sep-2026,231.05,234.1,225.0,229.6,231.0,19750,45.22,71,10750.0,54.43
APSISAERO, 29-Sep-2026,585.0,600.0,558.6,600.0,588.0,22800,129.98,18,15600.0,68.42
APTECHT, 29-Sep-2026,91.5,91.5,86.99,88.61,90.27,90136,79.65,1712,36314.0,40.29
APTUS, 29-Sep-2026,238.1,238.54,231.33,233.34,237.47,4037956,9417.59,54864,2552396.0,63.21
AQYLON, 29-Sep-2026,18.34,18.34,17.1,17.11,18.0,715504,123.05,1703,459345.0,64.2
ARABIAN, 29-Sep-2026,86.05,88.0,86.0,88.0,89.95,34000,29.48,13,32000.0,94.12
ARCHIDPLY, 29-Sep-2026,107.69,107.69,101.07,101.98,102.76,10384,10.59,293,7688.0,74.04
ARCHIES, 29-Sep-2026,12.85,12.85,12.34,12.43,12.58,10512,1.31,129,8024.0,76.33
ARCIIL, 29-Sep-2026,31.75,32.0,31.6,32.0,32.9,6000,1.91,6,5000.0,83.33
ARCIL, 29-Sep-2026,142.71,147.98,141.1,142.51,142.71,3558859,5157.07,61334,1257858.0,35.34
ARCL, 29-Sep-2026,240.25,241.89,231.5,233.0,241.99,4370,10.39,63,3891.0,89.04
ARDEE, 29-Sep-2026,51.99,52.0,50.01,51.17,51.99,2231592,1134.54,16647,717996.0,32.17
ARE&M, 29-Sep-2026,775.0,778.95,764.0,766.3,774.95,325892,2507.32,29582,151675.0,46.54
ARENTERP, 29-Sep-2026,32.84,33.49,31.12,32.95,32.67,608,0.2,20,559.0,91.94
ARFIN, 29-Sep-2026,88.29,90.48,87.35,88.16,88.48,1365354,1218.12,6437,229969.0,16.84
ARHAM, 29-Sep-2026,211.0,220.8,211.0,214.9,213.65,194000,418.35,116,154000.0,79.38
ARIHANT, 29-Sep-2026,913.95,914.05,870.0,888.9,914.05,1106,9.83,83,839.0,75.86
ARIHANTACA, 29-Sep-2026,491.0,491.0,491.0,491.0,470.05,400,1.96,1,400.0,100.0
ARIHANTCAP, 29-Sep-2026,89.81,91.62,87.2,90.58,89.81,296536,264.63,3227,129050.0,43.52
ARIHANTSUP, 29-Sep-2026,236.0,236.0,228.25,230.25,236.25,1353,3.13,85,967.0,71.47
ARIS, 29-Sep-2026,132.02,138.0,129.33,135.0,132.61,1264189,1701.16,16079,392889.0,31.08
ARISTO, 29-Sep-2026,95.6,95.6,95.6,95.6,100.6,800,0.76,1,800.0,100.0
ARKADE, 29-Sep-2026,124.07,124.51,120.12,121.92,123.22,134893,164.74,2195,48485.0,35.94
ARMANFIN, 29-Sep-2026,1708.5,1752.0,1685.0,1711.4,1700.1,60370,1037.22,7124,25646.0,42.48
ARMOUR, 29-Sep-2026,22.15,22.15,22.15,22.15,21.1,4000,0.89,2,4000.0,100.0
AROGRANITE, 29-Sep-2026,23.12,24.07,22.8,22.81,23.12,1134,0.26,21,1134.0,100.0
ARROWGREEN, 29-Sep-2026,897.8,899.05,848.9,872.5,891.85,46136,400.26,4440,22848.0,49.52
ARSSBL, 29-Sep-2026,497.0,506.35,495.0,500.45,500.6,122318,613.02,3848,64525.0,52.75
ARTEMISMED, 29-Sep-2026,364.15,369.6,360.4,366.6,365.9,522715,1908.73,21120,215876.0,41.3
ARTNIRMAN, 29-Sep-2026,39.0,39.0,36.41,36.52,38.3,258,0.09,6,225.0,87.21
ARUNAYA, 29-Sep-2026,14.0,14.75,14.0,14.75,14.5,10000,1.44,5,10000.0,100.0
ARVEE, 29-Sep-2026,244.0,249.0,230.0,232.85,234.5,27843,66.24,791,10568.0,37.96
ARVIND, 29-Sep-2026,545.05,552.1,540.15,545.45,543.6,291616,1594.3,15630,137725.0,47.23
ARVINDFASN, 29-Sep-2026,411.0,413.5,390.55,410.15,413.75,413765,1664.75,31524,173424.0,41.91
ARVINDPORT, 29-Sep-2026,34.0,34.0,33.05,33.05,34.9,3000,1.01,2,3000.0,100.0
ARVSMART, 29-Sep-2026,612.95,621.9,606.2,609.7,615.75,78068,478.5,3475,30955.0,39.65
ARYAMAN, 29-Sep-2026,625.0,631.6,610.0,620.0,625.0,529,3.3,32,527.0,99.62
ASAHIINDIA, 29-Sep-2026,934.0,980.0,923.0,957.95,933.55,286875,2763.6,23049,107929.0,37.62
ASAL, 29-Sep-2026,429.0,434.45,424.05,428.0,429.2,8484,36.34,717,5922.0,69.8
ASALCBR, 29-Sep-2026,646.0,646.95,628.25,634.6,641.55,42132,267.95,3171,22650.0,53.76
ASHAPURMIN, 29-Sep-2026,500.1,524.25,497.5,518.8,502.6,439076,2258.52,14133,177928.0,40.52
ASHIANA, 29-Sep-2026,383.7,403.95,382.6,390.55,388.8,42912,168.9,2241,21075.0,49.11
ASHIMASYN, 29-Sep-2026,15.85,16.2,15.81,16.08,15.85,42495,6.8,166,30568.0,71.93
ASHOKA, 29-Sep-2026,109.2,109.83,107.25,108.53,110.17,595433,645.9,8441,280832.0,47.16
ASHOKAMET, 29-Sep-2026,15.98,16.1,15.0,15.15,15.37,31273,4.77,233,16432.0,52.54
ASHOKLEY, 29-Sep-2026,155.5,155.5,152.48,153.44,155.22,14351744,22117.66,142272,7500104.0,52.26
ASHUTOSH, 29-Sep-2026,158.5,168.85,155.0,163.35,158.1,206400,335.99,159,99600.0,48.26
ASHWINI, 29-Sep-2026,167.5,167.5,167.0,167.0,170.0,2000,3.35,2,2000.0,100.0
ASIANENE, 29-Sep-2026,476.25,484.5,459.8,478.25,474.15,249852,1185.45,11585,103794.0,41.54
ASIANHOTNR, 29-Sep-2026,373.5,373.5,356.0,361.35,372.0,8278,30.18,494,4315.0,52.13
ASIANPAINT, 29-Sep-2026,2417.5,2425.3,2381.0,2415.0,2420.0,909789,21947.67,53501,622435.0,68.42
ASIANTILES, 29-Sep-2026,50.0,50.6,49.22,50.1,50.16,2959007,1476.07,6724,848150.0,28.66
ASIANTNE, 29-Sep-2026,9.13,9.39,8.76,9.02,9.17,9774,0.88,29,9765.0,99.91
ASKAUTOLTD, 29-Sep-2026,643.0,646.2,611.0,619.85,650.35,710889,4407.44,43597,279176.0,39.27
ASMS, 29-Sep-2026,6.49,6.49,5.1,6.08,6.33,524327,30.56,1693,320258.0,61.08
ASPINWALL, 29-Sep-2026,248.85,251.7,242.25,242.5,247.65,554,1.35,31,528.0,95.31
ASPIRE, 29-Sep-2026,14.1,14.95,14.1,14.95,14.25,10000,1.46,5,10000.0,100.0
ASTAR, 29-Sep-2026,708.0,708.0,661.4,685.35,708.8,171,1.16,33,124.0,72.51
ASTEC, 29-Sep-2026,705.0,715.3,686.8,696.25,711.8,30244,211.14,2559,12303.0,40.68
ASTERDM, 29-Sep-2026,745.0,751.95,718.5,733.95,747.35,4132919,30422.02,78821,2530839.0,61.24
ASTRAL, 29-Sep-2026,1370.5,1384.2,1346.5,1375.0,1370.5,933913,12781.66,49570,548381.0,58.72
ASTRAMICRO, 29-Sep-2026,1585.0,1670.0,1577.6,1652.6,1590.1,651062,10664.99,43209,319689.0,49.1
ASTRAZEN, 29-Sep-2026,6235.0,6355.0,6195.5,6254.5,6280.0,8506,534.53,3534,4150.0,48.79
ATALREAL, 29-Sep-2026,13.4,13.4,11.92,12.03,13.24,5203592,631.69,4036,2487034.0,47.79
ATAM, 29-Sep-2026,56.12,57.74,54.45,54.91,55.81,15097,8.52,305,14019.0,92.86
ATCENERGY, 29-Sep-2026,23.85,23.85,22.0,22.05,23.1,4800,1.09,4,3600.0,75.0
ATGL, 29-Sep-2026,598.1,599.4,586.0,588.4,594.45,603219,3570.73,29213,184511.0,30.59
ATHERENERG, 29-Sep-2026,1460.2,1460.2,1403.8,1407.0,1454.9,5655784,80438.54,149661,2671008.0,47.23
ATL, 29-Sep-2026,24.86,24.94,24.12,24.47,24.85,143546,34.99,2711,68233.0,47.53
ATLANTAA, 29-Sep-2026,35.7,39.0,35.15,36.69,35.32,336131,125.59,1639,108469.0,32.27
ATLANTAELE, 29-Sep-2026,1605.0,1657.4,1584.2,1634.2,1613.3,157786,2558.44,16735,97452.0,61.76
ATLASCYCLE, 29-Sep-2026,93.0,100.0,91.66,94.86,91.43,40780,39.35,869,24632.0,60.4
ATLPP, 29-Sep-2026,9.0,9.0,9.0,9.0,8.99,2,0.0,2,2.0,100.0
ATMASTCO, 29-Sep-2026,111.55,115.35,111.0,115.05,112.55,10800,12.24,24,9600.0,88.89
ATUL, 29-Sep-2026,5975.0,6086.5,5950.0,5982.5,5991.0,30980,1865.75,11949,16168.0,52.19
ATULAUTO, 29-Sep-2026,438.6,440.7,432.6,438.75,440.55,45338,198.16,2631,22053.0,48.64
AUBANK, 29-Sep-2026,990.0,1005.2,984.5,1005.2,995.3,1870471,18560.18,59747,1123487.0,60.06
AUGMONT, 29-Sep-2026,1022.0,1062.2,1022.0,1062.2,965.65,1711349,17922.64,25282,851225.0,49.74
AURIONPRO, 29-Sep-2026,644.25,654.0,632.05,634.2,642.5,119838,768.24,8317,64746.0,54.03
AUROIMPEX, 29-Sep-2026,44.95,44.95,43.0,43.0,44.95,17600,7.71,10,17600.0,100.0
AUROPHARMA, 29-Sep-2026,1697.0,1713.7,1690.7,1697.7,1697.5,1159038,19742.18,40560,751145.0,64.81
AURUM, 29-Sep-2026,217.4,222.16,217.08,220.31,218.95,64994,142.58,1295,43337.0,66.68
AURUS, 29-Sep-2026,4.62,4.73,4.21,4.57,4.58,35099,1.58,266,27530.0,78.44
AUSL, 29-Sep-2026,23.0,23.0,23.0,23.0,23.0,4000,0.92,2,4000.0,100.0
AUSOMENT, 29-Sep-2026,142.31,146.75,140.0,143.75,143.89,3948,5.61,148,2116.0,53.6
AUSTENG, 29-Sep-2026,160.0,160.0,152.01,158.0,159.23,6599,10.44,141,4762.0,72.16
AUTOAXLES, 29-Sep-2026,1675.0,1709.0,1665.1,1699.6,1689.2,8595,144.94,636,6305.0,73.36
AUTOBEES, 29-Sep-2026,276.78,276.78,271.1,272.72,274.3,219809,599.57,3158,119038.0,54.16
AUTOIETF, 29-Sep-2026,28.02,28.11,27.11,27.29,27.56,415767,113.41,2532,196676.0,47.3
AUTOIND, 29-Sep-2026,83.4,83.4,80.6,81.99,81.86,82896,68.01,1312,50075.0,60.41
AVADHSUGAR, 29-Sep-2026,805.2,812.0,785.55,793.45,808.4,75190,600.89,5399,26096.0,34.71
AVALON, 29-Sep-2026,2300.0,2343.0,2240.0,2302.0,2310.2,210915,4855.53,21379,63598.0,30.15
AVANA, 29-Sep-2026,128.3,134.75,128.05,130.0,131.4,10000,12.98,5,10000.0,100.0
AVANCE, 29-Sep-2026,0.85,0.87,0.83,0.85,0.86,6148649,51.97,1459,2927051.0,47.6
AVANTEL, 29-Sep-2026,151.25,153.0,147.1,149.22,151.37,1309329,1959.26,13231,522929.0,39.94
AVANTIFEED, 29-Sep-2026,740.9,754.6,730.1,747.5,741.5,628946,4677.42,38406,310641.0,49.39
AVATAR, 29-Sep-2026,185.95,186.0,169.2,169.2,178.1,10000,17.91,5,8000.0,80.0
AVIANSH, 29-Sep-2026,99.5,100.0,99.5,100.0,98.0,2000,2.0,2,2000.0,100.0
AVIENCE, 29-Sep-2026,385.5,392.0,356.25,361.65,376.25,85200,317.85,135,49200.0,57.75
AVL, 29-Sep-2026,597.5,597.5,584.0,585.8,595.15,91169,535.98,9019,42307.0,46.41
AVONMORE, 29-Sep-2026,12.66,13.24,12.36,12.99,12.66,257037,32.7,966,197522.0,76.85
AVPINFRA, 29-Sep-2026,54.5,55.8,53.05,55.0,54.55,72000,38.8,80,47200.0,65.56
AVROIND, 29-Sep-2026,7.0,7.0,6.83,6.98,6.94,72252,5.02,324,49179.0,68.07
AVTNPL, 29-Sep-2026,86.71,93.5,85.0,92.2,86.61,555777,499.01,6762,208312.0,37.48
AWFIS, 29-Sep-2026,250.4,251.7,244.05,247.1,250.2,471717,1165.89,12213,206729.0,43.82
AWHCL, 29-Sep-2026,369.0,377.8,361.0,364.35,367.65,64886,237.69,4497,29198.0,45.0
AWL, 29-Sep-2026,180.66,181.45,172.6,178.75,180.66,10388939,18450.29,95861,5769797.0,55.54
AXIOMGAS, 29-Sep-2026,48.8,48.8,48.8,48.8,51.35,106000,51.73,5,106000.0,100.0
AXISBANK, 29-Sep-2026,1202.0,1212.1,1190.5,1212.1,1209.9,7260302,87369.72,159768,4692570.0,64.63
AXISCADES, 29-Sep-2026,2034.0,2067.4,1970.8,2067.4,1879.5,793589,16264.09,22179,283099.0,35.67
AXITA, 29-Sep-2026,7.96,7.98,7.79,7.81,7.9,1346408,105.74,1087,537499.0,39.92
AXTEL, 29-Sep-2026,439.75,450.0,427.5,443.65,439.75,4989,21.92,284,3085.0,61.84
AYE, 29-Sep-2026,163.3,163.3,156.72,159.7,162.49,931769,1485.6,22164,430144.0,46.16
AYMSYNTEX, 29-Sep-2026,292.0,299.0,276.15,285.95,291.15,214490,610.71,5683,139337.0,64.96
AZAD, 29-Sep-2026,2779.0,2998.0,2751.1,2914.2,2723.2,5323693,154674.64,310187,1036499.0,19.47
AZADIND, 29-Sep-2026,82.55,85.4,79.0,80.62,82.3,122844,99.62,1689,16758.0,13.64
BAGDIGITAL, 29-Sep-2026,103.0,103.95,103.0,103.85,102.75,11200,11.58,7,4800.0,42.86
BAGFILMS, 29-Sep-2026,4.25,4.32,4.0,4.1,4.2,100884,4.11,356,68061.0,67.46
BAGMANE, 29-Sep-2026,109.64,109.8,105.2,106.31,109.3,9960605,10614.82,21702,7442916.0,74.72
BAHETI, 29-Sep-2026,777.0,777.0,755.0,765.0,766.25,25500,195.0,25,20250.0,79.41
BAIDFIN, 29-Sep-2026,10.61,11.2,10.39,10.45,10.61,77641,8.34,306,56001.0,72.13
BAJAJ-AUTO, 29-Sep-2026,11016.0,11020.0,10805.0,10811.0,11024.0,527929,57332.68,53481,321611.0,60.92
BAJAJCON, 29-Sep-2026,480.05,499.8,474.55,493.0,480.05,996143,4897.67,34616,438788.0,44.05
BAJAJELEC, 29-Sep-2026,313.15,313.35,304.0,309.85,314.65,348608,1074.32,11974,131784.0,37.8
BAJAJFINSV, 29-Sep-2026,1758.8,1758.8,1730.0,1742.4,1752.0,858895,14987.49,55986,561831.0,65.41
BAJAJHCARE, 29-Sep-2026,336.0,341.1,332.1,335.0,336.6,128214,431.23,4493,61937.0,48.31
BAJAJHFL, 29-Sep-2026,82.5,82.5,81.06,81.26,82.52,2829444,2306.1,31437,1491272.0,52.71
BAJAJHIND, 29-Sep-2026,20.32,20.4,19.83,19.98,20.45,11722083,2353.22,16684,2588931.0,22.09
BAJAJHLDNG, 29-Sep-2026,10730.0,10873.0,10600.0,10600.0,10800.0,65092,6966.67,14019,43061.0,66.15
BAJAJINDEF, 29-Sep-2026,212.06,215.99,209.05,213.11,210.31,11971,25.33,500,8114.0,67.78
BAJAJST, 29-Sep-2026,341.0,352.5,339.0,345.1,338.8,3869,13.31,331,2419.0,62.52
BAJEL, 29-Sep-2026,169.01,171.6,166.62,170.2,169.47,153241,259.58,2676,82322.0,53.72
BAJFINANCE, 29-Sep-2026,977.5,979.7,961.4,973.8,985.0,8612123,83525.26,111666,5835954.0,67.76
BALAJEE, 29-Sep-2026,25.0,25.94,24.51,25.43,25.25,24908,6.21,272,18550.0,74.47
BALAJIPHOS, 29-Sep-2026,110.0,110.0,105.3,105.75,107.05,10000,10.78,10,8000.0,80.0
BALAJITELE, 29-Sep-2026,93.92,93.92,90.7,91.74,93.87,95613,87.83,1483,51852.0,54.23
BALAMINES, 29-Sep-2026,2150.0,2207.4,2132.1,2142.1,2153.9,100677,2170.76,12639,30239.0,30.04
BALAXI, 29-Sep-2026,22.39,23.45,22.05,23.02,22.39,18116,4.13,178,16131.0,89.04
BALCO, 29-Sep-2026,18.9,18.9,18.9,18.9,19.85,2400,0.45,2,1200.0,50.0
BALKRISHNA, 29-Sep-2026,16.11,16.58,15.8,15.87,16.44,13114,2.11,113,5954.0,45.4
BALKRISIND, 29-Sep-2026,2151.3,2162.8,2115.8,2126.2,2153.8,142506,3044.08,37199,79218.0,55.59
BALMLAWRIE, 29-Sep-2026,162.3,162.47,160.11,161.59,162.48,73371,118.29,2102,40024.0,54.55
BALPHARMA, 29-Sep-2026,105.39,114.63,105.06,112.11,104.77,237163,264.26,4551,88662.0,37.38
BALRAMCHIN, 29-Sep-2026,680.7,681.5,670.0,672.9,680.7,602496,4067.95,18883,124280.0,20.63
BALUFORGE, 29-Sep-2026,495.1,508.15,483.5,501.15,495.1,687035,3423.34,22005,150144.0,21.85
BANARBEADS, 29-Sep-2026,119.6,119.8,113.1,115.25,117.27,3610,4.18,86,2749.0,76.15
BANARISUG, 29-Sep-2026,3393.6,3393.6,3301.6,3305.0,3383.7,554,18.52,151,363.0,65.52
BANCOINDIA, 29-Sep-2026,592.7,599.9,583.3,595.65,594.2,64135,379.66,6593,28183.0,43.94
BANDHANBNK, 29-Sep-2026,181.2,185.31,179.3,185.31,181.0,9533177,17379.31,66075,4159924.0,43.64
BANG, 29-Sep-2026,32.4,32.68,31.42,31.68,31.69,11450,3.66,82,2572.0,22.46
BANK10ADD, 29-Sep-2026,16.17,16.17,15.83,16.11,16.19,234324,37.41,832,162607.0,69.39
BANK10BETF, 29-Sep-2026,20.3,20.3,19.37,19.45,19.9,17628,3.46,47,3493.0,19.82
BANKA, 29-Sep-2026,72.0,72.4,70.5,70.52,73.09,3034,2.15,44,2759.0,90.94
BANKADD, 29-Sep-2026,55.73,56.02,55.1,55.89,55.83,22998,12.74,103,14180.0,61.66
BANKBARODA, 29-Sep-2026,227.5,230.57,223.82,227.68,227.5,7198395,16348.54,56484,2863540.0,39.78
BANKBEES, 29-Sep-2026,568.15,568.15,558.31,564.42,565.32,800119,4493.9,11908,344268.0,43.03
BANKBETA, 29-Sep-2026,56.6,56.75,55.1,56.25,56.52,499548,279.56,782,356856.0,71.44
BANKBETF, 29-Sep-2026,55.6,55.64,54.73,55.43,55.6,53243,29.41,295,10227.0,19.21
BANKETF, 29-Sep-2026,554.39,554.84,548.7,553.83,556.29,95277,526.2,1192,86279.0,90.56
BANKIETF, 29-Sep-2026,56.0,56.11,55.33,55.97,56.11,1206875,671.08,3022,707314.0,58.61
BANKINDIA, 29-Sep-2026,130.0,131.83,128.55,130.11,129.99,9187360,11997.44,50486,4210127.0,45.83
BANKNIFTY1, 29-Sep-2026,54.98,57.28,54.98,56.5,56.68,2595241,1462.08,5651,2172694.0,83.72
BANKPSU, 29-Sep-2026,81.1,81.11,80.0,80.9,81.1,10321,8.33,145,5745.0,55.66
BANSALWIRE, 29-Sep-2026,319.75,330.0,319.75,327.65,317.6,125973,409.76,6023,55250.0,43.86
BANSWRAS, 29-Sep-2026,109.9,109.9,106.21,107.31,107.62,9777,10.5,406,6818.0,69.74
BARFLEX, 29-Sep-2026,51.95,52.5,51.0,51.0,51.9,44000,22.76,19,36000.0,81.82
BASF, 29-Sep-2026,3495.8,3520.9,3411.0,3435.6,3495.8,16267,564.07,3594,8274.0,50.86
BASILIC, 29-Sep-2026,165.0,180.0,165.0,175.05,167.3,61500,104.65,105,53100.0,86.34
BATAINDIA, 29-Sep-2026,624.7,628.9,613.0,620.35,624.7,137084,850.11,12107,65086.0,47.48
BATLIBOI, 29-Sep-2026,84.6,85.9,82.55,85.24,83.19,24049,20.33,634,17120.0,71.19
BAYERCROP, 29-Sep-2026,3648.0,3669.6,3575.0,3602.7,3671.8,148960,5379.11,22074,94632.0,63.53
BBETF0432, 29-Sep-2026,1333.5,1338.49,1330.1,1337.31,1333.5,2380,31.76,78,2045.0,85.92
BBL, 29-Sep-2026,2120.5,2169.7,2053.1,2123.7,2112.2,21374,453.84,3884,9073.0,42.45
BBNPNBETF, 29-Sep-2026,54.65,55.43,53.71,53.73,54.35,1328,0.72,24,1007.0,75.83
BBNPPGOLD, 29-Sep-2026,141.9,142.0,139.9,141.1,141.9,4187,5.9,80,2399.0,57.3
BBOX, 29-Sep-2026,786.0,828.4,783.0,812.8,783.15,1236329,9949.16,65732,527595.0,42.67
BBTC, 29-Sep-2026,1415.0,1415.0,1350.0,1355.0,1415.7,240571,3280.3,21597,139953.0,58.18
BBTCL, 29-Sep-2026,234.9,234.9,226.57,228.15,228.12,4181,9.59,141,3049.0,72.93
BCG, 29-Sep-2026,9.37,9.44,9.2,9.28,9.37,3577362,331.59,3912,1746367.0,48.82
BCLIND, 29-Sep-2026,32.51,32.8,31.75,32.42,32.52,318329,102.49,3015,153094.0,48.09
BCONCEPTS, 29-Sep-2026,146.0,146.0,138.0,139.25,146.02,24778,34.61,921,16153.0,65.19
BCPL, 29-Sep-2026,69.65,69.65,67.25,68.12,67.98,2531,1.72,133,1791.0,70.76
BDL, 29-Sep-2026,1112.7,1117.0,1085.1,1085.1,1115.0,1081355,11867.27,38204,490571.0,45.37
BEACON, 29-Sep-2026,87.85,88.0,84.5,85.0,87.0,9000,7.84,9,7000.0,77.78
BEARDSELL, 29-Sep-2026,24.58,24.99,23.07,23.32,24.58,138284,32.49,611,109217.0,78.98
BECTORFOOD, 29-Sep-2026,211.47,212.94,207.39,208.7,211.52,454443,952.61,13185,180973.0,39.82
BEDMUTHA, 29-Sep-2026,110.32,112.2,106.62,107.46,109.23,2521,2.72,222,1712.0,67.91
BEEKAY, 29-Sep-2026,422.2,446.8,416.15,433.3,434.4,2827,12.12,136,2187.0,77.36
BEL, 29-Sep-2026,385.5,388.0,382.2,387.75,385.5,13517154,52164.68,114895,9574623.0,70.83
BELLACASA, 29-Sep-2026,279.5,279.5,252.81,255.51,266.5,18265,47.1,664,11445.0,62.66
BELRISE, 29-Sep-2026,249.45,249.45,239.2,240.52,248.62,1783755,4332.74,35720,826926.0,46.36
BEML, 29-Sep-2026,1985.0,1990.4,1944.0,1966.6,1995.1,235405,4627.46,21868,82516.0,35.05
BENARAS, 29-Sep-2026,10399.0,10500.0,10067.0,10215.0,10150.0,166,17.02,53,119.0,71.69
BENGALASM, 29-Sep-2026,6005.0,6220.5,5950.0,6161.5,5938.5,689,41.76,433,250.0,36.28
BEPL, 29-Sep-2026,126.45,126.95,123.5,124.0,125.38,813546,1017.7,8036,366574.0,45.06
BERGEPAINT, 29-Sep-2026,451.95,456.4,441.1,448.2,452.85,610722,2746.75,35707,429756.0,70.37
BESTAGRO, 29-Sep-2026,17.81,18.0,17.3,17.86,17.69,469015,82.67,1828,196108.0,41.81
BETA, 29-Sep-2026,2040.0,2084.8,2010.5,2064.9,2040.3,12014,244.92,2029,6095.0,50.73
BEWLTD, 29-Sep-2026,63.0,64.0,59.25,60.95,63.0,54000,33.27,82,31000.0,57.41
BFINVEST, 29-Sep-2026,436.5,439.3,432.05,436.15,435.2,19909,86.73,1036,13653.0,68.58
BFSI, 29-Sep-2026,25.22,26.4,25.22,25.58,25.69,265239,67.61,986,150367.0,56.69
BFUTILITIE, 29-Sep-2026,515.2,518.45,502.0,508.9,515.9,69674,354.19,3870,28883.0,41.45
BHADORA, 29-Sep-2026,127.25,133.6,121.1,133.6,127.25,33600,43.59,21,33600.0,100.0
BHAGCHEM, 29-Sep-2026,241.45,243.1,237.9,240.25,241.1,63799,153.55,740,36012.0,56.45
BHAGERIA, 29-Sep-2026,380.65,387.4,371.0,377.85,380.85,112369,425.15,3184,60141.0,53.52
BHAGYANGR, 29-Sep-2026,404.05,412.5,397.15,408.1,411.35,89524,362.44,4916,45198.0,50.49
BHANDARI, 29-Sep-2026,2.88,2.94,2.87,2.9,2.9,148872,4.33,235,133447.0,89.64
BHARATCOAL, 29-Sep-2026,32.62,33.67,32.32,33.5,32.51,13101283,4338.96,35029,4708870.0,35.94
BHARATFORG, 29-Sep-2026,1950.0,1958.0,1917.0,1942.0,1957.0,1101271,21304.13,45288,658367.0,59.78
BHARATRAS, 29-Sep-2026,1049.7,1055.0,1000.0,1005.7,1046.2,66905,679.75,4330,43455.0,64.95
BHARATSE, 29-Sep-2026,212.45,215.23,207.91,213.61,212.45,92513,196.37,3689,43382.0,46.89
BHARATWIRE, 29-Sep-2026,166.71,169.68,162.5,167.18,166.35,155514,258.75,4100,63523.0,40.85
BHARTIARTL, 29-Sep-2026,1764.0,1787.5,1762.0,1771.2,1771.4,9811381,174359.58,236952,7115256.0,72.52
BHARTIHEXA, 29-Sep-2026,1429.7,1432.4,1398.0,1409.4,1426.5,171619,2425.66,22074,119440.0,69.6
BHEL, 29-Sep-2026,410.3,414.9,402.6,413.35,411.9,6607415,27097.78,101664,2975954.0,45.04
BIGBLOC, 29-Sep-2026,38.68,40.4,38.2,38.64,39.37,26802,10.36,1100,15425.0,57.55
BIKAJI, 29-Sep-2026,552.0,554.9,523.6,531.15,557.9,904191,4828.66,35596,527157.0,58.3
BIKEWO, 29-Sep-2026,115.6,117.4,115.6,117.4,117.95,36000,42.05,12,36000.0,100.0
BIL, 29-Sep-2026,998.2,1008.7,990.0,1000.7,1001.2,7606,75.92,477,5776.0,75.94
BIMETAL, 29-Sep-2026,640.1,652.0,629.8,635.65,640.15,482,3.09,44,296.0,61.41
BIOCON, 29-Sep-2026,376.05,379.95,373.25,377.0,374.9,2779766,10483.62,61541,1252307.0,45.05
BIOFILCHEM, 29-Sep-2026,31.36,31.99,31.3,31.52,31.51,8360,2.64,130,5412.0,64.74
BIOPOL, 29-Sep-2026,51.45,51.45,51.4,51.45,49.0,44400,22.84,35,39600.0,89.19
BIRET, 29-Sep-2026,338.8,338.89,331.05,333.85,337.77,4347530,14531.09,22638,3704322.0,85.21
BIRLACABLE, 29-Sep-2026,353.85,368.95,344.0,368.95,351.4,427890,1549.56,7650,175379.0,40.99
BIRLACORPN, 29-Sep-2026,836.0,853.7,828.35,849.9,839.1,57453,483.61,5986,28895.0,50.29
BIRLAMONEY, 29-Sep-2026,114.71,115.78,112.01,114.29,115.31,31654,36.11,1069,19272.0,60.88
BIRLANU, 29-Sep-2026,1441.0,1442.8,1390.0,1406.0,1441.0,7707,108.67,1450,5264.0,68.3
BLACKBUCK, 29-Sep-2026,603.75,625.0,598.4,622.4,601.2,703713,4338.97,35818,283922.0,40.35
BLACKROSE, 29-Sep-2026,118.98,118.98,109.99,113.25,116.32,41795,47.0,761,28771.0,68.84
BLAL, 29-Sep-2026,160.06,164.99,158.61,163.65,160.69,18397,29.7,443,11619.0,63.16
BLBLIMITED, 29-Sep-2026,17.34,17.38,16.72,16.84,17.18,103341,17.62,599,53179.0,51.46
BLEL, 29-Sep-2026,449.05,451.0,436.1,447.05,445.1,251670,1118.56,8902,78272.0,31.1
BLIL, 29-Sep-2026,65.0,65.49,64.72,64.91,65.56,98538,64.01,2084,82266.0,83.49
BLKASHYAP, 29-Sep-2026,52.06,52.06,49.87,50.9,51.9,441623,224.56,3177,217101.0,49.16
BLS, 29-Sep-2026,221.6,224.6,218.0,219.55,221.22,784993,1735.04,19480,299243.0,38.12
BLSE, 29-Sep-2026,322.55,324.0,315.65,321.1,320.65,253804,813.65,4044,161707.0,63.71
BLUECLOUDS, 29-Sep-2026,21.74,21.74,19.89,20.23,21.71,7984831,1627.79,18482,2366930.0,29.64
BLUECOAST, 29-Sep-2026,22.99,22.99,21.61,22.7,21.99,1393,0.31,19,1245.0,89.38
BLUEDART, 29-Sep-2026,4747.2,4751.9,4523.0,4576.0,4749.6,88233,4064.74,17331,50027.0,56.7
BLUEJET, 29-Sep-2026,558.95,566.6,544.8,549.6,557.3,763828,4228.03,31087,439151.0,57.49
BLUEPEBBLE, 29-Sep-2026,67.8,67.8,65.45,67.0,68.85,2000,1.33,4,1600.0,80.0
BLUESTARCO, 29-Sep-2026,1572.9,1578.5,1526.9,1529.5,1575.4,1003421,15548.25,35938,535441.0,53.36
BLUESTONE, 29-Sep-2026,789.0,815.95,740.35,806.05,786.2,2316818,18024.41,82220,610003.0,26.33
BLUEWATER, 29-Sep-2026,589.4,589.4,558.05,580.0,561.45,21000,121.61,19,19000.0,90.48
BLUSPRING, 29-Sep-2026,149.0,152.5,142.0,143.11,149.44,351924,516.15,6890,115967.0,32.95
BMLL, 29-Sep-2026,160.1,160.1,155.0,155.35,166.0,27000,42.96,22,19000.0,70.37
BMWVENTLTD, 29-Sep-2026,51.6,52.49,51.4,51.49,51.4,83375,43.07,1432,64012.0,76.78
BNAGROCHEM, 29-Sep-2026,208.0,218.0,197.6,207.24,208.0,918,1.93,39,785.0,85.51
BNKETFAXIS, 29-Sep-2026,561.33,562.34,555.36,562.34,563.13,9056,50.39,51,4223.0,46.63
BOHRAIND, 29-Sep-2026,15.79,15.79,15.01,15.01,15.79,7861,1.19,42,4431.0,56.37
BOMDYEING, 29-Sep-2026,108.0,108.0,105.01,106.7,107.39,351757,373.96,3800,142038.0,40.38
BONLON, 29-Sep-2026,40.16,42.0,39.56,40.16,40.16,4226,1.72,44,3390.0,80.22
BORANA, 29-Sep-2026,294.15,300.6,286.1,296.4,296.2,28915,85.16,905,14468.0,50.04
BOROLTD, 29-Sep-2026,281.0,282.26,272.01,276.21,280.8,461628,1278.14,9347,163806.0,35.48
BORORENEW, 29-Sep-2026,452.25,459.95,449.1,452.5,452.25,392825,1781.93,18138,157188.0,40.01
BOROSCI, 29-Sep-2026,114.47,118.56,113.22,114.84,114.13,176023,203.47,2420,108809.0,61.82
BOSCH-HCIL, 29-Sep-2026,1795.0,1964.9,1780.0,1934.4,1802.4,201421,3847.98,20235,64539.0,32.04
BOSCHLTD, 29-Sep-2026,47145.0,47240.0,45700.0,45700.0,47020.0,14828,6876.63,6214,6531.0,44.05
BOSS, 29-Sep-2026,57.0,58.6,57.0,58.6,57.2,6000,3.46,3,6000.0,100.0
BPCL, 29-Sep-2026,302.25,303.45,296.5,299.35,302.25,4538466,13605.73,44663,2815202.0,62.03
BPL, 29-Sep-2026,46.99,47.99,45.1,46.5,46.41,87265,40.43,1239,35824.0,41.05
BPLPHARMA, 29-Sep-2026,2159.9,2222.0,1820.0,1926.0,2149.8,64591,1278.39,6583,24650.0,38.16
BRACEPORT, 29-Sep-2026,69.5,69.7,64.0,64.0,65.1,14400,9.8,9,9600.0,66.67
BRAHMINFRA, 29-Sep-2026,145.6,156.0,142.01,149.26,148.23,33835,49.38,520,19982.0,59.06
BRANDMAN, 29-Sep-2026,162.0,163.05,160.0,163.05,163.0,4800,7.77,6,4800.0,100.0
BRIGADE, 29-Sep-2026,579.05,584.85,557.55,563.05,583.9,326005,1852.61,16383,216519.0,66.42
BRIGHOTEL, 29-Sep-2026,55.4,56.98,55.21,56.14,55.52,127096,71.21,4997,64135.0,50.46
BRIGHTBR, 29-Sep-2026,249.1,252.0,241.0,248.85,248.1,683,1.69,63,506.0,74.08
BRITANNIA, 29-Sep-2026,4899.0,4907.5,4798.0,4835.0,4915.0,524981,25364.51,29076,311912.0,59.41
BRNL, 29-Sep-2026,16.28,16.87,15.99,16.45,16.43,30174,4.9,283,23013.0,76.27
BROOKS, 29-Sep-2026,57.11,57.94,55.65,56.51,56.55,26984,15.28,560,20082.0,74.42
BSE, 29-Sep-2026,3100.0,3200.0,3100.0,3200.0,3097.5,30101047,957856.91,278349,22637963.0,75.21
BSE500IETF, 29-Sep-2026,37.9,37.98,37.31,37.73,37.7,85333,32.0,797,60734.0,71.17
BSHSL, 29-Sep-2026,84.99,88.13,81.53,85.9,84.99,13135,11.13,412,10318.0,78.55
BSL, 29-Sep-2026,120.79,121.9,117.01,118.16,118.49,2047,2.43,66,1995.0,97.46
BSLGOLDETF, 29-Sep-2026,129.38,129.74,127.66,128.49,129.35,810457,1041.08,3201,737610.0,91.01
BSLNIFTY, 29-Sep-2026,26.81,28.0,26.56,27.06,26.81,979590,262.67,4471,605708.0,61.83
BSLSENETFG, 29-Sep-2026,73.32,74.43,72.8,73.03,73.78,2292,1.68,91,2196.0,95.81
BSOFT, 29-Sep-2026,270.65,273.4,267.4,269.05,271.25,916800,2473.09,28596,376343.0,41.05
BTML, 29-Sep-2026,7.15,7.25,6.96,7.03,7.15,105273,7.51,292,88583.0,84.15
BUILDPRO, 29-Sep-2026,1261.3,1279.1,1229.5,1244.2,1256.7,50034,628.36,5077,27474.0,54.91
BULKCORP, 29-Sep-2026,81.5,81.5,77.9,79.7,81.75,2400,1.91,2,2400.0,100.0
BUTTERFLY, 29-Sep-2026,563.0,567.4,559.5,561.25,564.05,7600,42.69,689,5110.0,67.24
BVCL, 29-Sep-2026,40.06,41.3,40.06,40.87,40.53,5203,2.13,118,3762.0,72.3
BYKE, 29-Sep-2026,29.9,29.9,28.08,28.93,29.13,57741,16.66,392,48667.0,84.28
C2C, 29-Sep-2026,164.0,194.55,159.05,194.55,162.15,274650,504.03,1177,178800.0,65.1
CADSYS, 29-Sep-2026,41.55,41.55,41.55,41.55,43.7,3000,1.25,6,3000.0,100.0
CAMLINFINE, 29-Sep-2026,95.97,96.42,92.75,93.17,95.4,518550,485.94,5405,228087.0,43.99
CAMPUS, 29-Sep-2026,211.0,212.27,208.71,209.76,211.04,244297,514.28,8513,114133.0,46.72
CAMS, 29-Sep-2026,685.0,689.95,665.05,666.0,691.55,2128456,14311.96,74648,868562.0,40.81
CANARYS, 29-Sep-2026,28.35,29.35,27.8,28.05,28.65,148000,42.39,33,76000.0,51.35
CANBK, 29-Sep-2026,120.0,120.34,118.03,119.51,120.65,20596639,24540.98,101398,10071078.0,48.9
CANFINHOME, 29-Sep-2026,737.6,743.75,730.0,731.7,737.6,182975,1345.66,14511,104316.0,57.01
CANHLIFE, 29-Sep-2026,146.55,152.49,144.55,149.62,147.78,1474938,2188.52,22446,791042.0,53.63
CANTABIL, 29-Sep-2026,231.0,234.43,228.21,232.5,230.67,92666,213.91,2103,49035.0,52.92
CAPACITE, 29-Sep-2026,185.1,186.68,180.5,182.61,184.41,350639,642.18,9015,185738.0,52.97
CAPILLARY, 29-Sep-2026,576.35,576.35,551.4,568.05,576.35,142990,808.65,7067,55578.0,38.87
CAPINVIT, 29-Sep-2026,76.95,77.28,76.52,76.68,76.92,204140,156.97,2439,163406.0,80.05
CAPITALSFB, 29-Sep-2026,280.0,281.95,274.55,279.65,280.2,33988,94.54,917,18373.0,54.06
CAPLIPOINT, 29-Sep-2026,2852.0,2869.0,2735.0,2744.0,2854.0,93586,2604.85,15553,38654.0,41.3
CARBORUNIV, 29-Sep-2026,1241.7,1255.0,1194.0,1200.5,1247.8,279910,3418.59,21768,170772.0,61.01
CARERATING, 29-Sep-2026,1627.9,1647.6,1603.4,1637.8,1628.4,70064,1139.94,5757,46703.0,66.66
CARRARO, 29-Sep-2026,522.2,525.0,516.8,520.8,523.7,39095,203.8,4195,20657.0,52.84
CARTRADE, 29-Sep-2026,2872.8,2937.0,2837.8,2907.5,2880.1,245679,7132.7,31884,104425.0,42.5
CARYSIL, 29-Sep-2026,1038.0,1072.0,1016.1,1056.5,1038.3,92819,969.9,8971,50373.0,54.27
CASHIETF, 29-Sep-2026,1081.41,1081.57,1081.41,1081.56,1081.41,272398,2946.16,115,202416.0,74.31
CASTROLIND, 29-Sep-2026,200.2,202.8,198.1,199.83,201.04,5827158,11713.89,50167,3374271.0,57.91
CBAZAAR, 29-Sep-2026,5.5,5.6,5.45,5.45,5.35,24000,1.32,3,24000.0,100.0
CCAVENUE, 29-Sep-2026,15.4,15.6,14.96,15.36,15.41,11575582,1766.68,18342,3822352.0,33.02
CCCL, 29-Sep-2026,13.38,13.95,13.0,13.47,13.38,222828,29.75,557,189962.0,85.25
CCHHL, 29-Sep-2026,12.89,13.17,12.71,12.9,12.83,4917,0.63,52,4505.0,91.62
CCL, 29-Sep-2026,1030.0,1036.3,1000.0,1006.2,1031.6,125455,1274.53,15185,70090.0,55.87
CDSL, 29-Sep-2026,1289.0,1290.0,1261.3,1261.9,1289.0,1412255,18018.44,54101,635331.0,44.99
CEATLTD, 29-Sep-2026,3275.1,3282.6,3215.9,3240.0,3274.7,45813,1483.79,11472,22660.0,49.46
CEDAAR, 29-Sep-2026,10.85,11.4,10.85,11.4,10.9,4000,0.44,4,4000.0,100.0
CEIGALL, 29-Sep-2026,378.75,384.8,373.0,377.55,378.55,417159,1583.96,15683,184900.0,44.32
CEINSYS, 29-Sep-2026,682.0,690.0,668.0,681.85,685.15,47994,325.68,3115,25239.0,52.59
CELEBRITY, 29-Sep-2026,6.7,6.7,6.34,6.46,6.68,22678,1.47,79,18939.0,83.51
CELLECOR, 29-Sep-2026,29.55,29.85,29.5,29.55,29.45,102000,30.23,32,75000.0,73.53
CELLO, 29-Sep-2026,332.6,336.5,325.6,333.35,332.6,213489,707.36,12889,102566.0,48.04
CEMNTGROWW, 29-Sep-2026,14.08,14.09,13.68,13.72,13.93,87435,12.05,520,48687.0,55.68
CEMPRO, 29-Sep-2026,1229.0,1245.5,1214.0,1223.3,1224.5,121284,1487.29,14722,59884.0,49.38
CENTENKA, 29-Sep-2026,558.6,560.2,541.0,549.5,553.05,20056,109.85,2113,9391.0,46.82
CENTEXT, 29-Sep-2026,18.29,18.3,18.0,18.16,18.14,68265,12.37,430,50621.0,74.15
CENTRALBK, 29-Sep-2026,30.59,30.6,29.92,30.04,30.59,6815993,2055.81,24849,3467091.0,50.87
CENTRUM, 29-Sep-2026,21.33,22.2,19.95,20.56,20.85,473508,96.8,1165,224500.0,47.41
CENTUM, 29-Sep-2026,4530.0,4995.0,4460.2,4920.7,4571.2,480139,23344.68,63410,227985.0,47.48
CENTURYPLY, 29-Sep-2026,679.05,683.9,655.05,665.0,679.05,515533,3437.93,34235,309906.0,60.11
CERA, 29-Sep-2026,5196.0,5238.5,5100.0,5124.5,5196.0,6588,337.99,2614,3300.0,50.09
CESC, 29-Sep-2026,136.11,136.59,132.5,133.87,136.18,4045341,5438.23,42768,2188001.0,54.09
CEWATER, 29-Sep-2026,259.0,261.95,250.25,259.6,258.25,57475,147.32,2739,30816.0,53.62
CGCL, 29-Sep-2026,248.6,249.95,244.55,246.9,248.9,1745741,4311.27,22883,684860.0,39.23
CGPOWER, 29-Sep-2026,865.0,873.0,855.0,858.05,865.0,2197467,18997.65,44831,1150230.0,52.34
CGRAPHICS, 29-Sep-2026,152.0,159.95,149.0,158.4,147.6,200800,311.4,155,170400.0,84.86
CGVAK, 29-Sep-2026,151.65,151.69,143.0,148.97,151.69,769,1.16,43,684.0,88.95
CHALET, 29-Sep-2026,861.5,893.95,830.2,840.75,868.95,1019411,8650.99,49450,647812.0,63.55
CHAMBLFERT, 29-Sep-2026,417.0,417.8,411.7,413.55,418.45,665522,2764.95,16682,482033.0,72.43
CHAMUNDA, 29-Sep-2026,40.0,40.0,40.0,40.0,42.85,3000,1.2,1,3000.0,100.0
CHANDAN, 29-Sep-2026,240.0,241.9,235.95,237.65,236.5,35200,84.06,39,20000.0,56.82
CHAVDA, 29-Sep-2026,65.85,66.5,65.0,65.35,68.05,38000,24.87,15,38000.0,100.0
CHEMBOND, 29-Sep-2026,194.0,194.0,182.0,182.87,189.43,11920,21.99,532,9019.0,75.66
CHEMCON, 29-Sep-2026,221.55,222.92,211.0,213.81,220.81,42417,91.37,1191,27684.0,65.27
CHEMCRUX, 29-Sep-2026,78.8,80.0,76.3,78.01,78.78,5752,4.5,143,4974.0,86.47
CHEMFAB, 29-Sep-2026,340.55,349.8,334.45,343.5,340.55,3068,10.51,335,2204.0,71.84
CHEMICAL, 29-Sep-2026,28.71,28.84,28.01,28.11,28.69,1022878,289.27,2622,404971.0,39.59
CHEMPLASTS, 29-Sep-2026,195.15,199.25,191.09,192.35,195.88,198535,385.92,4058,81084.0,40.84
CHENNPETRO, 29-Sep-2026,1413.0,1485.0,1395.5,1436.9,1408.1,2928658,42395.46,103212,561664.0,19.18
CHEVIOT, 29-Sep-2026,1175.5,1193.9,1171.0,1176.0,1187.9,620,7.29,106,550.0,88.71
CHOICEGOLD, 29-Sep-2026,143.1,145.45,143.1,145.05,145.35,5639,8.17,173,3552.0,62.99
CHOICEIN, 29-Sep-2026,755.5,756.95,738.5,741.15,756.9,331488,2483.98,8080,230537.0,69.55
CHOLAFIN, 29-Sep-2026,1620.0,1644.0,1600.2,1627.3,1634.2,1489025,24250.57,61594,848738.0,57.0
CHOLAHLDNG, 29-Sep-2026,1389.7,1402.0,1341.0,1371.8,1390.4,479726,6608.41,48815,275705.0,57.47
CIEINDIA, 29-Sep-2026,384.8,384.8,374.8,376.45,383.35,206872,781.42,19532,129965.0,62.82
CIFL, 29-Sep-2026,22.49,22.49,20.4,21.36,21.73,304436,65.79,1490,167726.0,55.09
CINELINE, 29-Sep-2026,88.52,89.9,87.62,88.13,88.02,29030,25.62,372,24690.0,85.05
CINEVISTA, 29-Sep-2026,14.25,14.25,13.4,13.64,13.82,9908,1.35,93,9342.0,94.29
CIPLA, 29-Sep-2026,1390.0,1401.8,1376.2,1379.3,1383.7,1479526,20487.01,44697,924048.0,62.46
CITIUSINVT, 29-Sep-2026,117.2,119.0,116.63,117.86,117.3,129209,152.26,2895,110889.0,85.82
CKKRETAIL, 29-Sep-2026,170.1,170.1,153.0,169.9,170.0,147200,249.76,27,76800.0,52.17
CLASSICEIL, 29-Sep-2026,50.8,50.8,50.2,50.2,49.55,3200,1.62,2,3200.0,100.0
CLAYCRAFT, 29-Sep-2026,174.15,174.15,158.15,168.45,174.15,112800,186.93,116,90600.0,80.32
CLEAN, 29-Sep-2026,786.0,788.8,766.0,775.75,781.7,385864,2990.8,19854,245263.0,63.56
CLEANMAX, 29-Sep-2026,1372.0,1422.0,1345.6,1382.4,1373.1,1799568,25042.05,88702,537451.0,29.87
CLEDUCATE, 29-Sep-2026,55.01,55.98,53.05,55.43,54.28,11735,6.4,196,9775.0,83.3
CLSEL, 29-Sep-2026,285.5,286.45,280.8,282.25,285.75,20941,59.36,1434,9151.0,43.7
CLSL, 29-Sep-2026,62.95,62.95,62.95,62.95,63.2,2000,1.26,1,2000.0,100.0
CMLL, 29-Sep-2026,526.0,552.05,513.65,542.9,524.8,1050819,5679.16,26819,497325.0,47.33
CMNL, 29-Sep-2026,112.5,115.0,111.0,111.0,115.75,13500,15.12,17,10500.0,77.78
CMPDI, 29-Sep-2026,204.58,214.65,203.02,213.12,204.58,2376372,5024.96,33764,960327.0,40.41
CMRGREEN, 29-Sep-2026,221.8,232.0,218.6,227.91,221.77,1088405,2478.83,24802,445504.0,40.93
CMSINFO, 29-Sep-2026,228.6,230.74,224.63,229.17,228.01,425261,968.98,14451,259532.0,61.03
CNL, 29-Sep-2026,1067.2,1125.9,1049.0,1097.7,1072.7,14640,158.75,1608,5498.0,37.55
COALINDIA, 29-Sep-2026,420.55,426.0,420.55,425.0,422.5,7457218,31632.0,88911,4836141.0,64.85
COASTCORP, 29-Sep-2026,36.95,36.95,35.3,35.55,36.18,47459,16.94,549,33515.0,70.62
COCHINSHIP, 29-Sep-2026,1327.6,1359.3,1290.0,1359.3,1329.0,1450465,19068.31,50278,579113.0,39.93
COCKERILL, 29-Sep-2026,7860.0,7999.5,7681.0,7883.0,7824.5,3946,307.45,1286,1869.0,47.36
COFFEEDAY, 29-Sep-2026,30.0,30.73,29.8,30.51,29.92,488933,147.9,1969,287079.0,58.72
COFORGE, 29-Sep-2026,1784.0,1813.8,1722.0,1722.0,1773.0,1932111,34370.92,68247,919338.0,47.58
COHANCE, 29-Sep-2026,452.8,469.75,449.6,457.9,453.3,1477420,6793.19,42908,622173.0,42.11
COLPAL, 29-Sep-2026,1833.2,1836.0,1785.1,1785.1,1845.9,262461,4751.31,22457,162033.0,61.74
COMFINTE, 29-Sep-2026,7.04,7.15,6.38,6.73,7.21,827066,56.33,1324,381358.0,46.11
COMMITTED, 29-Sep-2026,319.95,319.95,319.95,319.95,317.0,4800,15.36,2,4800.0,100.0
COMMOIETF, 29-Sep-2026,97.3,97.3,94.5,95.27,95.39,36019,34.27,1226,20453.0,56.78
COMPEAU, 29-Sep-2026,383.9,383.9,349.05,369.7,353.05,1518,5.52,108,1056.0,69.57
COMPUSOFT, 29-Sep-2026,13.06,13.8,13.06,13.36,13.1,22196,2.98,145,17833.0,80.34
COMSYN, 29-Sep-2026,281.9,282.85,258.25,261.95,280.85,1255588,3419.73,12030,515203.0,41.03
CONCOR, 29-Sep-2026,450.0,452.05,443.3,443.5,450.0,1737443,7788.27,40517,826682.0,47.58
CONCORDBIO, 29-Sep-2026,1393.0,1435.6,1393.0,1410.7,1392.7,153198,2167.32,16550,57382.0,37.46
CONFIPET, 29-Sep-2026,86.0,88.72,84.66,87.19,85.65,1929278,1679.98,21164,627347.0,32.52
CONNPLEX, 29-Sep-2026,249.4,254.0,245.0,249.8,248.8,28000,69.71,33,17600.0,62.86
CONS, 29-Sep-2026,11.62,11.89,11.45,11.72,11.71,11940,1.39,234,7520.0,62.98
CONSUMAXIS, 29-Sep-2026,115.78,117.78,115.0,115.71,116.14,2410,2.8,24,1234.0,51.2
CONSUMBEES, 29-Sep-2026,128.51,128.51,124.53,125.07,125.98,66699,83.43,1219,22970.0,34.44
CONSUMER, 29-Sep-2026,11.42,11.53,11.31,11.34,11.42,126063,14.3,371,74829.0,59.36
CONSUMIETF, 29-Sep-2026,120.0,120.0,115.8,116.41,117.21,11852,13.81,216,6232.0,52.58
CONTROLPR, 29-Sep-2026,593.0,610.0,593.0,608.5,599.2,49346,298.76,1637,36296.0,73.55
COOLCAPS, 29-Sep-2026,23.5,23.95,21.15,21.5,23.5,251250,54.44,107,193750.0,77.11
CORALFINAC, 29-Sep-2026,31.98,32.85,31.06,32.17,31.42,28066,8.96,212,21417.0,76.31
CORDELIA, 29-Sep-2026,103.75,104.65,101.0,102.56,102.64,1147541,1181.12,9549,580119.0,50.55
COROMANDEL, 29-Sep-2026,1900.0,1900.1,1772.1,1792.9,1899.1,374773,6781.17,28703,233107.0,62.2
CORONA, 29-Sep-2026,2053.0,2108.2,2001.1,2078.4,2053.3,70858,1460.18,17404,28600.0,40.36
COSMOFIRST, 29-Sep-2026,844.0,862.0,825.2,834.8,842.75,39721,331.38,3199,17888.0,45.03
CPCAP, 29-Sep-2026,153.8,153.8,147.41,150.35,150.22,16103,24.09,417,12750.0,79.18
CPEDU, 29-Sep-2026,173.92,184.8,172.05,179.6,173.92,5458,9.82,120,5305.0,97.2
CPL, 29-Sep-2026,62.52,62.86,61.72,62.16,62.86,15463,9.63,572,9295.0,60.11
CPPLUS, 29-Sep-2026,3739.0,3841.9,3714.1,3817.6,3723.4,224859,8499.97,35058,151524.0,67.39
CPS, 29-Sep-2026,1110.0,1135.0,1101.1,1135.0,1150.0,1200,13.42,8,750.0,62.5
CPSEETF, 29-Sep-2026,91.4,92.5,90.1,91.36,91.4,500003,455.33,6207,245099.0,49.02
CRAFTSMAN, 29-Sep-2026,10566.0,10646.0,10405.0,10505.0,10534.0,27697,2922.18,10916,12307.0,44.43
CRAMC, 29-Sep-2026,227.5,228.0,222.15,223.55,225.4,244217,546.28,7430,146360.0,59.93
CRAVATEX, 29-Sep-2026,340.05,355.95,332.25,343.95,361.8,281,0.97,52,194.0,69.04
CRAYONS, 29-Sep-2026,26.85,26.85,24.45,24.45,25.7,3000,0.77,3,3000.0,100.0
CREATIVEYE, 29-Sep-2026,6.18,6.18,5.63,6.03,5.72,15364,0.89,84,10237.0,66.63
CREDENT, 29-Sep-2026,392.0,411.95,387.25,407.45,391.85,74400,298.19,105,54600.0,73.39
CREDITACC, 29-Sep-2026,1255.0,1255.6,1209.1,1216.3,1255.2,368535,4522.21,31321,231223.0,62.74
CREST, 29-Sep-2026,361.9,361.9,355.0,356.9,359.9,768,2.73,35,720.0,93.75
CRESTO, 29-Sep-2026,22.85,23.97,22.2,23.59,23.83,42943,9.92,386,34832.0,81.11
CRISIL, 29-Sep-2026,4640.2,4640.2,4437.1,4464.1,4650.6,36620,1654.57,10492,16298.0,44.51
CRIZAC, 29-Sep-2026,177.0,177.0,168.0,169.08,177.14,428888,729.64,12263,176897.0,41.25
CROMPTON, 29-Sep-2026,219.0,219.0,211.37,211.37,218.8,5902708,12658.98,49232,3148515.0,53.34
CROWN, 29-Sep-2026,115.99,118.0,113.81,115.73,113.72,18332,21.22,628,13039.0,71.13
CSBBANK, 29-Sep-2026,323.75,323.75,315.1,316.2,323.75,474185,1510.68,19596,218245.0,46.03
CSLFINANCE, 29-Sep-2026,211.79,214.74,208.81,211.4,212.07,26104,55.06,554,16512.0,63.25
CSM, 29-Sep-2026,98.69,99.97,95.21,98.16,98.31,100639,98.36,1588,30481.0,30.29
CSSL, 29-Sep-2026,75.05,75.05,75.0,75.0,76.0,3000,2.25,3,3000.0,100.0
CUB, 29-Sep-2026,217.16,217.48,210.69,214.91,215.99,1556485,3337.52,25648,829888.0,53.32
CUBEINVIT, 29-Sep-2026,154.75,155.48,154.0,154.59,154.02,1217384,1881.3,29106,1186941.0,97.5
CUDML, 29-Sep-2026,100.25,106.0,100.25,106.0,101.45,7000,7.28,7,7000.0,100.0
CUMMINSIND, 29-Sep-2026,4850.0,4875.0,4795.0,4800.0,4855.0,796818,38410.26,93660,522546.0,65.58
CUPID, 29-Sep-2026,264.0,292.25,262.0,288.0,264.5,37060879,103690.91,201770,20562525.0,55.48
CURIS, 29-Sep-2026,234.0,234.0,225.0,225.0,230.1,3000,6.89,3,2000.0,66.67
CURRENT, 29-Sep-2026,94.8,105.0,94.8,99.0,94.8,14400,14.32,9,12800.0,88.89
CYIENT, 29-Sep-2026,1075.0,1093.5,1044.0,1055.3,1082.3,481634,5152.26,42430,212612.0,44.14
CYIENTDLM, 29-Sep-2026,914.0,932.0,885.45,921.15,917.95,439697,3972.43,34165,178349.0,40.56
DABUR, 29-Sep-2026,383.85,384.45,378.0,380.4,385.75,6185956,23624.53,50287,4077755.0,65.92
DALBHARAT, 29-Sep-2026,1651.6,1664.3,1630.1,1637.4,1651.6,51490,846.67,12627,30065.0,58.39
DALMIASUG, 29-Sep-2026,414.9,419.3,406.25,412.2,414.8,170040,701.66,6340,71826.0,42.24
DAMCAPITAL, 29-Sep-2026,157.95,159.23,152.23,155.76,158.66,3480805,5426.84,38750,417842.0,12.0
DANGEE, 29-Sep-2026,2.94,2.96,2.74,2.79,2.94,229714,6.41,345,157570.0,68.59
DANISH, 29-Sep-2026,930.0,981.0,912.5,969.45,926.3,20100,191.87,115,15450.0,76.87
DATAMATICS, 29-Sep-2026,783.0,829.9,770.0,821.4,784.2,242433,1973.31,11121,78044.0,32.19
DATAPATTNS, 29-Sep-2026,4287.0,4298.0,4190.0,4221.6,4276.8,369866,15669.68,42230,91788.0,24.82
DAVANGERE, 29-Sep-2026,2.49,2.49,2.3,2.34,2.48,9874250,235.61,3524,5017961.0,50.82
DBCORP, 29-Sep-2026,178.0,179.88,174.72,175.73,178.55,102069,179.62,3726,48390.0,47.41
DBEIL, 29-Sep-2026,6.67,6.75,6.37,6.54,6.54,159976,10.49,345,113254.0,70.79
DBL, 29-Sep-2026,406.3,412.8,400.1,410.9,406.9,103780,423.77,5392,36225.0,34.91
DBOL, 29-Sep-2026,124.0,126.25,119.76,124.49,122.77,275265,340.94,6382,135051.0,49.06
DBREALTY, 29-Sep-2026,96.07,98.99,95.2,97.82,96.28,865694,843.83,9882,526478.0,60.82
DCAL, 29-Sep-2026,164.3,166.49,160.99,161.39,164.27,260096,422.41,4932,159426.0,61.3
DCBBANK, 29-Sep-2026,206.05,206.06,201.1,202.37,207.46,977372,1983.57,25668,467663.0,47.85
DCG, 29-Sep-2026,72.35,77.55,72.35,77.25,74.5,20400,15.61,16,19200.0,94.12
DCI, 29-Sep-2026,334.0,336.3,316.2,325.7,326.65,114901,376.64,4609,37168.0,32.35
DCM, 29-Sep-2026,75.1,75.8,75.0,75.0,75.1,1394,1.05,43,1351.0,96.92
DCMFINSERV, 29-Sep-2026,5.2,5.2,4.88,4.93,5.06,11982,0.6,193,10740.0,89.63
DCMNVL, 29-Sep-2026,177.05,177.59,172.01,175.13,173.11,17098,29.8,1618,8209.0,48.01
DCMSHRIRAM, 29-Sep-2026,944.0,944.0,903.0,907.8,944.6,424951,3868.33,24273,287687.0,67.7
DCMSIL, 29-Sep-2026,81.0,81.5,75.6,77.56,78.98,82867,64.25,1523,50184.0,60.56
DCMSRIND, 29-Sep-2026,39.05,39.76,38.21,39.34,39.01,181267,70.76,1734,126744.0,69.92
DCW, 29-Sep-2026,47.0,47.01,45.72,45.98,46.81,1027636,474.91,5797,418345.0,40.71
DCXINDIA, 29-Sep-2026,159.0,161.78,157.01,158.81,159.24,296344,472.08,6466,125524.0,42.36
DDEVPLSTIK, 29-Sep-2026,252.0,253.65,241.0,248.75,252.6,96122,239.98,4420,57278.0,59.59
DECCANCE, 29-Sep-2026,542.55,551.9,535.0,540.1,542.55,9821,53.05,654,5566.0,56.67
DECCANTRAN, 29-Sep-2026,21.65,21.65,21.65,21.65,21.65,12000,2.6,8,12000.0,100.0
DECNGOLD, 29-Sep-2026,205.65,206.98,200.0,201.41,205.1,1086490,2202.43,18093,488185.0,44.93
DEEDEV, 29-Sep-2026,653.9,663.9,645.8,653.5,655.5,127706,834.47,7121,57815.0,45.27
DEEM, 29-Sep-2026,47.0,47.0,47.0,47.0,47.0,1000,0.47,1,1000.0,100.0
DEEPA, 29-Sep-2026,198.9,203.35,185.25,188.89,202.54,4117606,8017.91,46819,1019389.0,24.76
DEEPAKFERT, 29-Sep-2026,1349.0,1349.2,1296.0,1308.9,1350.5,171551,2273.07,14123,90284.0,52.63
DEEPAKNTR, 29-Sep-2026,1552.8,1555.0,1512.3,1529.0,1550.8,187781,2877.95,19766,102329.0,54.49
DEEPINDS, 29-Sep-2026,768.0,794.9,760.05,782.5,768.0,277380,2161.09,13271,111694.0,40.27
DEFENCE, 29-Sep-2026,76.96,77.44,76.11,76.93,76.95,168380,129.26,877,88537.0,52.58
DELAPLEX, 29-Sep-2026,85.3,99.95,85.05,96.55,91.05,21600,20.58,35,13200.0,61.11
DELHIVERY, 29-Sep-2026,409.0,418.3,405.25,417.4,407.5,5622866,23332.93,72157,2102983.0,37.4
DELTACORP, 29-Sep-2026,72.45,81.56,71.02,78.69,72.2,12538926,9548.88,51029,3532408.0,28.17
DELTAMAGNT, 29-Sep-2026,57.98,58.6,55.35,57.07,55.87,2389,1.38,39,1764.0,73.84
DELTIC, 29-Sep-2026,32.55,35.2,32.55,34.75,34.5,6000,2.05,6,4000.0,66.67
DEN, 29-Sep-2026,25.75,26.4,25.52,25.91,26.0,205763,53.22,1093,137178.0,66.67
DENEERS, 29-Sep-2026,176.5,182.0,176.0,179.4,182.5,8400,15.03,14,4800.0,57.14
DENORA, 29-Sep-2026,748.0,752.6,717.6,741.35,738.0,9296,68.62,1247,6044.0,65.02
DENTA, 29-Sep-2026,268.7,273.95,264.0,266.6,267.7,60442,161.8,2419,29049.0,48.06
DENTALKART, 29-Sep-2026,421.0,434.85,420.0,434.85,424.4,9500,40.58,34,8750.0,92.11
DEVIT, 29-Sep-2026,21.99,22.0,21.21,21.59,22.16,28270,6.12,734,20793.0,73.55
DEVX, 29-Sep-2026,36.31,36.31,35.59,36.12,36.13,23115,8.32,376,15684.0,67.85
DEVYANI, 29-Sep-2026,131.0,133.3,126.56,130.72,131.09,2134376,2779.4,28382,930181.0,43.58
DGCONTENT, 29-Sep-2026,24.4,25.95,23.23,25.24,23.37,126064,31.06,302,119097.0,94.47
DHAMPURSUG, 29-Sep-2026,172.88,173.49,168.51,171.8,172.42,382799,656.82,9271,117717.0,30.75
DHANBANK, 29-Sep-2026,28.0,28.9,27.79,28.37,28.23,268647,75.71,2544,128694.0,47.9
DHANLAXMI, 29-Sep-2026,25.25,26.0,25.0,26.0,25.25,6000,1.53,3,6000.0,100.0
DHANUKA, 29-Sep-2026,950.0,962.5,922.0,930.55,954.4,26244,246.88,4789,15717.0,59.89
DHARARAIL, 29-Sep-2026,138.9,140.0,138.9,140.0,138.9,2000,2.79,2,2000.0,100.0
DHARIWAL, 29-Sep-2026,26.9,27.6,26.0,27.05,26.3,165000,44.81,52,99000.0,60.0
DHARMAJ, 29-Sep-2026,289.85,290.7,274.0,278.75,291.05,78435,219.7,2891,48643.0,62.02
DHATRE, 29-Sep-2026,3.91,4.09,3.9,3.97,3.96,59326,2.36,176,52060.0,87.75
DHOOTTRANS, 29-Sep-2026,1508.9,1524.9,1477.7,1504.6,1504.2,617575,9296.56,37944,196362.0,31.8
DHRUV, 29-Sep-2026,20.9,20.9,20.33,20.89,21.4,12631,2.59,75,10891.0,86.22
DHTL, 29-Sep-2026,25.75,26.25,25.75,26.25,25.75,30400,7.9,7,15200.0,50.0
DHUNINV, 29-Sep-2026,970.0,991.0,951.0,972.35,968.5,256,2.49,62,197.0,76.95
DIAMINESQ, 29-Sep-2026,236.59,244.0,236.15,239.88,240.18,1394,3.34,188,816.0,58.54
DIAMONDYD, 29-Sep-2026,1069.3,1069.3,1037.7,1051.1,1066.2,28880,303.2,1361,15521.0,53.74
DICIND, 29-Sep-2026,626.65,647.65,612.05,619.95,637.15,1907,11.89,227,1028.0,53.91
DIFFNKG, 29-Sep-2026,447.15,450.6,428.5,448.15,444.15,128120,564.98,4992,55395.0,43.24
DIGIDRIVE, 29-Sep-2026,17.99,18.2,17.6,17.81,17.75,28906,5.14,109,26045.0,90.1
DIGIKORE, 29-Sep-2026,35.45,36.95,35.45,36.35,35.8,24800,8.91,53,17200.0,69.35
DIGISPICE, 29-Sep-2026,15.79,15.79,14.95,15.35,15.68,169468,25.71,572,89968.0,53.09
DIGITIDE, 29-Sep-2026,76.55,77.06,74.8,75.12,76.55,268468,203.42,3950,122550.0,45.65
DISAQ, 29-Sep-2026,11802.0,12150.0,11720.0,11804.0,11972.0,281,33.34,59,266.0,94.66
DISHTV, 29-Sep-2026,2.24,2.24,2.15,2.15,2.26,2598068,56.06,2006,2515500.0,96.82
DIVGIITTS, 29-Sep-2026,1220.0,1249.0,1200.0,1212.9,1218.6,143797,1759.12,11801,64783.0,45.05
DIVIDEND, 29-Sep-2026,34.31,34.31,33.88,33.99,34.35,10827,3.68,119,8973.0,82.88
DIVINEHIRA, 29-Sep-2026,105.5,107.55,105.0,105.95,102.45,28800,30.71,22,22800.0,79.17
DIVISLAB, 29-Sep-2026,9562.0,9610.5,9431.0,9431.0,9550.0,652089,61990.43,70973,477375.0,73.21
DIVOPPBEES, 29-Sep-2026,74.9,74.9,72.21,72.76,73.6,87944,63.86,1210,54638.0,62.13
DIXON, 29-Sep-2026,13640.0,13686.0,13250.0,13250.0,13640.0,305508,41428.81,45423,100192.0,32.8
DJML, 29-Sep-2026,70.63,72.79,70.2,71.62,71.35,40710,29.08,603,17317.0,42.54
DLF, 29-Sep-2026,660.5,675.0,653.0,653.0,663.55,4736174,31423.93,51198,2827767.0,59.71
DLINKINDIA, 29-Sep-2026,416.95,418.0,403.0,414.2,418.45,82273,339.06,5096,38993.0,47.39
DMART, 29-Sep-2026,3803.5,3849.0,3746.2,3750.0,3803.5,656759,24926.52,41566,387999.0,59.08
DMCC, 29-Sep-2026,305.45,319.9,300.0,314.45,302.8,263536,825.08,8220,120845.0,45.86
DNAMEDIA, 29-Sep-2026,2.53,2.53,2.32,2.41,2.47,36350,0.89,84,24282.0,66.8
DODLA, 29-Sep-2026,1000.3,1020.3,993.4,1011.1,1008.7,21646,218.04,3301,10462.0,48.33
DOLATALGO, 29-Sep-2026,66.9,66.9,64.71,65.51,65.79,69225,45.27,1034,39284.0,56.75
DOLLAR, 29-Sep-2026,265.5,282.95,265.5,280.25,269.5,218402,605.68,4399,126557.0,57.95
DOLLEX, 29-Sep-2026,37.6,39.55,35.9,38.9,36.1,80171,30.34,462,59655.0,74.41
DOLPHIN, 29-Sep-2026,659.9,669.45,641.3,650.75,648.0,41024,268.98,2342,18134.0,44.2
DOMS, 29-Sep-2026,2040.2,2083.0,2020.0,2052.4,2046.5,56107,1148.56,11102,30828.0,54.95
DONEAR, 29-Sep-2026,81.75,81.77,81.0,81.12,81.58,9832,8.0,165,8101.0,82.39
DPABHUSHAN, 29-Sep-2026,1384.0,1665.8,1376.4,1665.8,1388.2,975157,15414.22,46211,198918.0,20.4
DPEL, 29-Sep-2026,625.05,627.0,607.3,619.3,620.7,29000,179.69,56,16000.0,55.17
DRAGARWQ, 29-Sep-2026,5219.0,5219.0,5075.0,5129.5,5186.5,2216,113.44,518,1693.0,76.4
DRCSYSTEMS, 29-Sep-2026,12.52,12.75,12.25,12.31,12.52,27456,3.42,331,22697.0,82.67
DREAMFOLKS, 29-Sep-2026,62.23,62.59,61.3,61.91,62.03,29459,18.23,953,20146.0,68.39
DREDGECORP, 29-Sep-2026,941.0,952.0,925.1,932.9,941.4,86237,810.77,5397,32360.0,37.52
DRONE, 29-Sep-2026,33.45,33.45,32.75,33.3,33.45,14000,4.61,27,13000.0,92.86
DRREDDY, 29-Sep-2026,1243.2,1252.8,1229.0,1251.9,1221.0,5347128,66440.3,116376,2450987.0,45.84
DSFCL, 29-Sep-2026,30.51,30.98,28.98,29.1,30.5,97473,28.9,498,67794.0,69.55
DSSL, 29-Sep-2026,1023.9,1024.1,986.0,993.0,1011.3,27471,274.0,2728,17795.0,64.78
DUCOL, 29-Sep-2026,121.9,125.0,120.0,120.0,115.0,3200,3.91,4,3200.0,100.0
DUCON, 29-Sep-2026,1.42,1.46,1.42,1.42,1.49,3114371,44.23,409,1793003.0,57.57
DUGLOBAL, 29-Sep-2026,21.25,21.25,19.6,20.15,20.25,555000,111.16,152,530000.0,95.5
DURLAX, 29-Sep-2026,65.85,69.15,64.5,68.25,65.85,242000,164.05,97,132000.0,54.55
DVL, 29-Sep-2026,282.1,289.0,276.45,287.65,281.9,15774,44.45,599,9696.0,61.47
DWARKESH, 29-Sep-2026,43.19,43.89,42.65,43.33,43.37,1233809,534.49,6491,342880.0,27.79
DYCL, 29-Sep-2026,434.4,438.5,420.8,433.9,435.15,478495,2056.71,19226,161269.0,33.7
DYNAMATECH, 29-Sep-2026,13049.0,13149.0,12723.0,13065.0,13139.0,34803,4510.79,9801,16813.0,48.31
DYNAMIC, 29-Sep-2026,139.3,139.3,139.3,139.3,139.95,500,0.7,1,500.0,100.0
DYNPRO, 29-Sep-2026,224.01,228.87,221.71,222.6,224.7,17051,38.16,816,12067.0,70.77
E2ERAIL, 29-Sep-2026,315.0,331.0,314.85,322.15,317.6,84800,274.73,58,34400.0,40.57
EASEMYTRIP, 29-Sep-2026,5.96,5.96,5.85,5.88,5.97,7428490,437.12,5312,2946126.0,39.66
EASTWEST, 29-Sep-2026,2.25,2.32,2.25,2.27,2.29,34964,0.8,66,32138.0,91.92
EBANK10, 29-Sep-2026,15.93,16.08,15.63,16.04,15.98,1713,0.27,28,875.0,51.08
EBANKNIFTY, 29-Sep-2026,54.53,55.63,54.48,54.94,55.18,2170,1.19,26,1427.0,65.76
EBBETF0430, 29-Sep-2026,1600.69,1612.9,1577.34,1607.4,1609.53,7638,122.7,284,6798.0,89.0
EBBETF0431, 29-Sep-2026,1423.5,1434.0,1423.22,1425.71,1425.38,5894,84.06,91,4902.0,83.17
EBBETF0433, 29-Sep-2026,1298.0,1299.32,1286.29,1298.53,1299.14,7062,91.4,217,4637.0,65.66
EBGNG, 29-Sep-2026,672.05,690.95,666.1,674.8,672.15,544371,3700.14,26462,244426.0,44.9
ECAPINSURE, 29-Sep-2026,22.9,22.95,22.45,22.58,22.9,161207,36.48,1256,138922.0,86.18
ECLERX, 29-Sep-2026,1818.0,1829.9,1762.0,1769.7,1816.2,175169,3130.87,25439,84399.0,48.18
ECOLINE, 29-Sep-2026,172.0,174.0,168.0,173.9,176.25,11000,18.78,11,10000.0,90.91
ECORECO, 29-Sep-2026,403.6,405.0,386.0,403.3,404.8,25903,102.37,1905,14751.0,56.95
ECOSMOBLTY, 29-Sep-2026,107.3,107.3,104.1,105.07,106.36,47947,50.47,1564,27290.0,56.92
EDELWEISS, 29-Sep-2026,135.0,138.43,132.71,137.77,135.45,4623007,6298.85,39618,2051948.0,44.39
EEPL, 29-Sep-2026,129.2,132.1,129.2,132.1,129.15,4000,5.2,4,4000.0,100.0
EFACTOR, 29-Sep-2026,170.5,194.4,170.5,190.35,177.85,24000,44.67,54,14400.0,60.0
EFCIL, 29-Sep-2026,174.05,176.41,173.65,174.28,175.24,128858,225.03,2252,71207.0,55.26
EFFWA, 29-Sep-2026,345.0,363.0,345.0,358.85,348.85,9200,32.69,19,5600.0,60.87
EFORCE, 29-Sep-2026,17.6,19.1,17.6,18.5,18.5,8400,1.55,7,7200.0,85.71
EGOLD, 29-Sep-2026,146.85,146.85,145.05,145.85,146.55,54421,79.39,332,45424.0,83.47
EICHERMOT, 29-Sep-2026,7213.5,7268.0,7164.5,7179.0,7213.5,596560,42972.45,66317,405924.0,68.04
EIDPARRY, 29-Sep-2026,708.5,708.5,690.05,696.25,706.45,275246,1920.21,18233,134077.0,48.71
EIEL, 29-Sep-2026,192.68,193.35,188.6,191.48,193.0,453947,867.42,11764,204880.0,45.13
EIHAHOTELS, 29-Sep-2026,289.0,294.35,286.0,292.35,290.0,11583,33.63,1160,6035.0,52.1
EIHOTEL, 29-Sep-2026,298.0,309.0,294.7,301.85,295.1,2110585,6411.76,46879,243330.0,11.53
EIMCOELECO, 29-Sep-2026,2265.6,2304.2,2239.4,2278.3,2268.9,15830,358.41,2298,7465.0,47.16
EKC, 29-Sep-2026,107.35,108.96,104.81,107.74,107.03,219635,234.36,2970,95385.0,43.43
EKI, 29-Sep-2026,92.7,100.26,83.3,98.57,91.15,318373,302.94,5084,104321.0,32.77
ELANTAS, 29-Sep-2026,13720.0,13839.0,13403.0,13649.0,13819.0,1687,229.34,884,761.0,45.11
ELCIDIN, 29-Sep-2026,103500.0,103500.0,101500.0,102665.0,103500.0,6,6.18,6,3.0,50.0
ELDEHSG, 29-Sep-2026,768.1,768.1,747.0,751.75,756.6,277,2.1,44,262.0,94.58
ELECON, 29-Sep-2026,477.85,487.5,468.0,480.4,480.75,1322812,6328.08,33627,288757.0,21.83
ELECTCAST, 29-Sep-2026,72.94,79.0,71.15,76.53,72.35,26225369,20079.41,121703,4484406.0,17.1
ELECTHERM, 29-Sep-2026,806.6,806.65,775.0,778.35,806.65,11981,94.25,794,6997.0,58.4
ELGIEQUIP, 29-Sep-2026,598.95,605.8,591.35,594.85,598.85,241659,1445.29,21876,123625.0,51.16
ELGIRUBCO, 29-Sep-2026,53.02,53.51,51.5,52.9,52.25,30247,15.88,509,19885.0,65.74
ELGNZ, 29-Sep-2026,84.9,85.0,81.5,83.95,82.0,18000,15.03,15,11000.0,61.11
ELIN, 29-Sep-2026,86.62,86.98,85.21,86.65,87.29,57766,49.82,902,32355.0,56.01
ELIQUID, 29-Sep-2026,1049.69,1049.71,1049.69,1049.7,1049.55,77793,816.59,28,70696.0,90.88
ELITECON, 29-Sep-2026,8.84,8.84,8.2,8.2,8.63,3594963,297.88,4506,2616141.0,72.77
ELLEN, 29-Sep-2026,394.95,394.95,358.65,369.35,359.05,7447433,27713.74,93571,3086585.0,41.44
ELM250, 29-Sep-2026,15.96,15.99,15.52,15.7,15.86,103427,16.38,355,79236.0,76.61
ELMDIV, 29-Sep-2026,34.93,34.93,34.93,34.93,34.76,9,0.0,1,9.0,100.0
ELPROINTL, 29-Sep-2026,172.54,172.88,169.81,170.47,172.52,23149,39.75,170,23068.0,99.65
EMAMILTD, 29-Sep-2026,388.6,388.6,376.75,381.05,388.75,2619527,10050.24,61001,1461531.0,55.79
EMAMIREAL, 29-Sep-2026,68.2,68.2,66.2,66.94,67.14,2736,1.82,77,2502.0,91.45
EMAPARTNER, 29-Sep-2026,80.55,82.25,80.5,82.25,81.25,4000,3.24,3,3000.0,75.0
EMBASSY, 29-Sep-2026,435.7,440.0,432.0,437.71,437.66,5374016,23495.58,34261,4467192.0,83.13
EMBDL, 29-Sep-2026,56.03,56.64,55.05,56.33,56.03,1237266,690.41,7393,548166.0,44.3
EMCURE, 29-Sep-2026,1922.1,1987.1,1912.0,1959.1,1927.8,330808,6460.0,34958,192466.0,58.18
EMETAL, 29-Sep-2026,12.88,13.04,12.75,12.76,12.93,2041,0.26,31,1096.0,53.7
EMIL, 29-Sep-2026,193.0,198.0,189.8,191.71,192.89,2513420,4878.43,44964,1069326.0,42.54
EMKAY, 29-Sep-2026,290.0,295.05,281.0,282.6,288.7,139872,403.41,2959,74630.0,53.36
EMKAYTOOLS, 29-Sep-2026,94.5,94.5,92.35,92.8,94.5,1350,1.26,7,1350.0,100.0
EMMIL, 29-Sep-2026,128.0,137.7,126.3,133.35,128.35,5750,7.58,21,5750.0,100.0
EMMVEE, 29-Sep-2026,314.05,319.0,312.45,314.55,315.55,1669860,5264.1,40714,836536.0,50.1
EMPIND, 29-Sep-2026,1032.1,1053.8,1032.1,1046.2,1041.4,631,6.57,126,425.0,67.35
EMPOWER, 29-Sep-2026,1.7,1.7,1.7,1.7,1.78,3592503,61.07,1890,3592503.0,100.0
EMSLIMITED, 29-Sep-2026,340.0,342.5,334.6,337.5,342.55,106018,358.47,5142,43993.0,41.5
EMUDHRA, 29-Sep-2026,650.2,651.0,621.1,627.15,649.25,487802,3107.53,23127,159648.0,32.73
EMULTIMQ, 29-Sep-2026,40.98,40.98,40.05,40.45,40.53,13091,5.29,214,11617.0,88.74
ENCOMPAS, 29-Sep-2026,245.95,245.95,227.0,233.95,239.0,4000,9.37,9,3200.0,80.0
ENDURANCE, 29-Sep-2026,2699.0,2714.2,2637.0,2654.8,2700.4,68032,1824.85,20456,32851.0,48.29
ENERGY, 29-Sep-2026,37.0,37.37,36.56,36.95,37.0,189506,69.77,1212,96910.0,51.14
ENERGYAXIS, 29-Sep-2026,18.33,18.77,18.04,18.43,18.41,33344,6.15,104,11937.0,35.8
ENERGYDEV, 29-Sep-2026,14.6,14.9,14.59,14.6,14.83,17191,2.53,201,9980.0,58.05
ENEXT50, 29-Sep-2026,70.19,71.09,67.64,67.91,70.4,3943,2.72,47,2900.0,73.55
ENFUSE, 29-Sep-2026,148.6,148.6,148.6,148.6,149.0,600,0.89,1,600.0,100.0
ENGINERSIN, 29-Sep-2026,310.1,316.8,304.75,310.2,313.9,4987436,15510.66,63935,1252526.0,25.11
ENIFTY, 29-Sep-2026,23.64,25.33,22.63,24.03,23.07,5844,1.37,123,3303.0,56.52
ENIL, 29-Sep-2026,98.74,98.74,95.12,95.33,96.01,9925,9.53,254,7950.0,80.1
ENKEIWHEL, 29-Sep-2026,385.05,400.95,385.0,397.8,392.85,1147,4.48,70,1009.0,87.97
ENRIN, 29-Sep-2026,3189.5,3246.0,3164.1,3199.0,3189.0,346891,11119.84,43335,190155.0,54.82
ENSER, 29-Sep-2026,15.0,15.05,14.45,15.0,15.25,25000,3.73,5,10000.0,40.0
ENTERO, 29-Sep-2026,1780.0,1797.8,1745.8,1764.9,1790.1,120363,2138.41,10316,77521.0,64.41
ENVIRO, 29-Sep-2026,69.05,69.05,67.15,67.75,71.15,50000,34.03,45,34000.0,68.0
EPACK, 29-Sep-2026,179.65,179.65,174.01,177.93,178.23,253210,447.71,5462,92951.0,36.71
EPACKPEB, 29-Sep-2026,241.74,249.43,238.41,243.32,241.74,456672,1118.27,9796,167400.0,36.66
EPIGRAL, 29-Sep-2026,1045.0,1052.4,1013.1,1018.1,1038.0,35053,359.08,3527,18831.0,53.72
EPL, 29-Sep-2026,236.35,236.35,231.1,233.05,235.0,655107,1526.58,14102,270234.0,41.25
EPWINDIA, 29-Sep-2026,230.0,230.0,226.0,230.0,239.0,4800,10.99,4,4800.0,100.0
EQUAL200, 29-Sep-2026,13.12,13.19,13.04,13.13,13.23,33768,4.43,92,20426.0,60.49
EQUAL50, 29-Sep-2026,313.52,315.6,313.18,314.93,316.38,3465,10.9,46,1738.0,50.16
EQUAL50ADD, 29-Sep-2026,327.01,327.01,322.0,325.79,327.0,59385,192.74,739,41093.0,69.2
EQUITASBNK, 29-Sep-2026,66.08,67.79,65.5,67.07,66.02,2421082,1621.56,20507,1181149.0,48.79
ERIS, 29-Sep-2026,1231.0,1293.0,1180.1,1219.3,1236.3,859869,10537.24,65953,504304.0,58.65
ESABINDIA, 29-Sep-2026,5530.0,5546.0,5447.0,5510.0,5518.5,2344,128.85,651,1405.0,59.94
ESCONET, 29-Sep-2026,213.25,223.9,209.0,223.9,213.25,46000,101.9,91,46000.0,100.0
ESCORTS, 29-Sep-2026,2740.7,2761.8,2701.0,2706.2,2740.7,40955,1116.89,11328,23699.0,57.87
ESDS, 29-Sep-2026,1588.9,1588.9,1588.9,1588.9,1672.5,21769,345.89,2006,21769.0,100.0
ESENSEX, 29-Sep-2026,74.38,74.41,72.98,74.4,73.54,1110,0.81,21,1096.0,98.74
ESFL, 29-Sep-2026,116.05,116.05,109.8,113.75,119.0,17640,20.18,35,15840.0,89.8
ESG, 29-Sep-2026,39.0,39.0,38.73,38.87,39.1,8601,3.34,59,8531.0,99.19
ESILVER, 29-Sep-2026,220.0,220.13,217.96,218.25,220.84,48279,105.52,2947,26781.0,55.47
ESPRIT, 29-Sep-2026,63.25,66.8,63.25,65.25,62.0,12800,8.36,8,4800.0,37.5
ESSARSHPNG, 29-Sep-2026,16.21,18.0,15.7,16.95,15.63,710896,118.24,3134,337806.0,47.52
ESSENTIA, 29-Sep-2026,1.01,1.02,1.0,1.0,1.01,1958147,19.77,752,1258581.0,64.27
ESTER, 29-Sep-2026,85.13,85.82,83.0,84.55,85.23,44511,37.44,1233,21959.0,49.33
ETERNAL, 29-Sep-2026,333.0,333.0,323.65,327.85,330.95,30822496,100840.1,208146,21250561.0,68.94
ETHOSLTD, 29-Sep-2026,2502.0,2516.8,2410.4,2489.8,2518.2,138768,3416.61,30474,62696.0,45.18
ETL, 29-Sep-2026,1210.0,1210.0,1210.0,1210.0,1170.0,150,1.82,1,150.0,100.0
ETML, 29-Sep-2026,76.05,76.05,75.0,75.15,75.3,12000,9.03,9,12000.0,100.0
EUREKAFORB, 29-Sep-2026,358.4,365.8,350.0,362.95,361.3,561407,2006.43,26218,255667.0,45.54
EUROBOND, 29-Sep-2026,149.0,149.0,145.05,147.12,149.93,1612,2.36,53,1162.0,72.08
EUROPRATIK, 29-Sep-2026,206.4,206.45,198.55,202.05,206.4,257897,520.03,9922,160208.0,62.12
EUROTEXIND, 29-Sep-2026,13.1,14.1,12.5,13.0,12.92,2224,0.3,24,909.0,40.87
EVEREADY, 29-Sep-2026,319.95,324.3,315.85,318.9,321.75,45033,144.01,2073,25820.0,57.34
EVIETF, 29-Sep-2026,31.49,31.49,30.5,30.73,30.95,168058,51.63,742,82828.0,49.29
EVINDIA, 29-Sep-2026,31.6,31.6,30.55,30.69,30.98,214872,66.03,1777,146602.0,68.23
EXCELINDUS, 29-Sep-2026,942.8,942.8,917.1,924.8,942.8,23883,222.41,1406,19077.0,79.88
EXCELLENT, 29-Sep-2026,185.15,194.9,185.15,194.9,192.9,3200,6.08,2,3200.0,100.0
EXCELSOFT, 29-Sep-2026,85.0,85.0,82.05,83.39,84.13,798928,665.73,7482,309897.0,38.79
EXICOM, 29-Sep-2026,156.4,157.0,150.22,152.97,156.07,645786,985.2,9339,266948.0,41.34
EXIDEIND, 29-Sep-2026,411.0,414.5,403.15,407.0,411.75,2034310,8297.66,49465,896159.0,44.05
EXPLEOSOL, 29-Sep-2026,868.1,869.85,855.5,858.3,870.35,8798,75.73,1337,4805.0,54.61
EXXARO, 29-Sep-2026,6.16,6.17,6.01,6.09,6.15,172278,10.48,593,114632.0,66.54
FABTECH, 29-Sep-2026,144.0,148.4,142.61,147.47,144.26,61853,90.13,1147,37238.0,60.2
FACT, 29-Sep-2026,760.65,781.9,740.1,757.2,767.5,710398,5386.84,30981,379632.0,53.44
FALCONTECH, 29-Sep-2026,12.25,12.85,11.7,12.85,12.25,7200,0.89,6,6000.0,83.33
FASCINATE, 29-Sep-2026,67.1,67.1,67.1,67.1,63.95,74400,49.92,11,74400.0,100.0
FAZE3Q, 29-Sep-2026,427.25,429.75,418.0,422.2,427.25,9297,39.47,829,5503.0,59.19
FCL, 29-Sep-2026,57.39,58.42,55.55,57.94,57.4,19042160,10893.43,51095,5023496.0,26.38
FCSSOFT, 29-Sep-2026,1.38,1.43,1.37,1.39,1.4,2848817,39.39,1120,1361861.0,47.8
FDC, 29-Sep-2026,341.3,351.9,340.15,350.1,343.6,111778,387.2,5212,62355.0,55.78
FEDDERSHOL, 29-Sep-2026,62.97,64.08,59.11,60.69,61.89,3808343,2355.95,15439,925872.0,24.31
FEDERALBNK, 29-Sep-2026,325.65,326.85,320.2,320.2,325.0,9570469,30928.05,114699,5948294.0,62.15
FEDFINA, 29-Sep-2026,150.1,150.46,147.33,148.86,150.72,1080152,1610.4,18870,496343.0,45.95
FELIX, 29-Sep-2026,193.5,202.0,193.5,200.35,198.0,10000,19.79,20,7500.0,75.0
FERMENTA, 29-Sep-2026,501.0,575.1,496.4,551.35,479.3,3374367,18530.97,94105,459493.0,13.62
FIBERWEB, 29-Sep-2026,26.4,27.46,26.03,26.79,26.4,12963,3.41,105,10974.0,84.66
FIDEL, 29-Sep-2026,167.0,172.75,165.0,168.05,168.0,7000,11.74,6,6000.0,85.71
FIEMIND, 29-Sep-2026,1926.0,1939.7,1901.3,1921.1,1926.0,36157,694.16,7520,19921.0,55.1
FILATEX, 29-Sep-2026,111.48,113.94,109.21,112.0,110.75,4756161,5331.76,27816,1986484.0,41.77
FILATFASH, 29-Sep-2026,0.19,0.19,0.18,0.18,0.18,16791914,30.65,1415,12115895.0,72.15
FINBUD, 29-Sep-2026,110.05,112.0,110.0,111.95,111.4,11000,12.26,9,10000.0,90.91
FINCABLES, 29-Sep-2026,1408.1,1459.8,1396.4,1435.5,1408.1,769597,11049.01,43848,358055.0,46.52
FINEORG, 29-Sep-2026,5090.0,5162.0,5070.0,5140.0,5124.0,11866,608.44,3244,6270.0,52.84
FINIETF, 29-Sep-2026,31.0,31.0,30.1,30.42,30.56,471231,142.73,1733,298033.0,63.25
FINKURVE, 29-Sep-2026,69.48,73.02,68.8,69.37,69.32,49299,34.71,1127,20777.0,42.14
FINOPB, 29-Sep-2026,127.65,130.05,125.05,129.23,127.23,175313,224.07,2900,63185.0,36.04
FINPIPE, 29-Sep-2026,151.0,152.2,149.65,151.15,151.61,414515,626.48,16140,174183.0,42.02
FIRSTCRY, 29-Sep-2026,184.72,190.0,178.78,184.37,184.72,8233520,15266.31,70370,1495874.0,18.17
FISCHER, 29-Sep-2026,34.9,35.5,32.85,33.68,34.08,1344456,457.27,5118,514364.0,38.26
FIVESTAR, 29-Sep-2026,517.05,517.5,491.0,497.25,518.35,1439331,7217.47,57931,750257.0,52.13
FLAIR, 29-Sep-2026,234.46,237.95,230.0,230.38,235.06,105035,243.94,2561,58608.0,55.8
FLEXIADD, 29-Sep-2026,9.84,9.84,9.38,9.45,9.6,1273684,121.8,819,653970.0,51.34
FLUOROCHEM, 29-Sep-2026,4443.7,4472.3,4360.0,4406.2,4443.7,57702,2542.9,14661,27829.0,48.23
FLYSBS, 29-Sep-2026,619.85,636.95,603.0,619.6,624.7,110400,682.27,379,56800.0,51.45
FMCGADD, 29-Sep-2026,45.67,45.88,45.06,45.19,45.67,16005,7.23,214,14675.0,91.69
FMCGIETF, 29-Sep-2026,48.76,49.05,48.16,48.35,48.76,1556607,752.46,5717,891184.0,57.25
FMGOETZE, 29-Sep-2026,458.65,462.2,452.55,460.1,458.65,99572,456.17,4237,39068.0,39.24
FMNL, 29-Sep-2026,8.05,8.17,7.61,7.97,7.94,68724,5.45,190,46444.0,67.58
FONEBOX, 29-Sep-2026,153.0,153.0,152.0,152.0,160.0,4000,6.09,4,4000.0,100.0
FOODSIN, 29-Sep-2026,52.83,53.24,50.5,51.46,52.83,105082,54.7,2475,64793.0,61.66
FORCAS, 29-Sep-2026,228.1,238.35,225.0,237.55,227.0,70400,164.52,41,65600.0,93.18
FORCEMOT, 29-Sep-2026,17100.0,17146.0,16761.0,16905.0,17100.0,82027,13896.92,21788,25173.0,30.69
FORGEAUTO, 29-Sep-2026,101.0,101.0,101.0,101.0,101.0,1200,1.21,1,1200.0,100.0
FORTIS, 29-Sep-2026,833.0,838.05,815.2,822.0,830.75,2532368,20825.21,59377,1591838.0,62.86
FOSECOIND, 29-Sep-2026,6298.0,6400.0,6210.5,6335.0,6298.0,9967,629.5,2619,3573.0,35.85
FRACTAL, 29-Sep-2026,742.45,759.7,740.25,753.15,742.1,1079289,8108.9,34550,593817.0,55.02
FREDUN, 29-Sep-2026,1393.8,1424.9,1295.0,1392.4,1387.0,91403,1285.44,8043,42275.0,46.25
FRESHARA, 29-Sep-2026,410.0,415.0,402.25,414.75,419.65,10800,44.17,18,7800.0,72.22
FROG, 29-Sep-2026,267.9,268.0,262.05,262.4,267.9,13600,35.92,33,10000.0,73.53
FRONTSP, 29-Sep-2026,1431.0,1431.0,1339.0,1394.1,1447.0,52600,728.75,4816,17136.0,32.58
FSL, 29-Sep-2026,256.0,257.0,248.0,248.9,256.0,406764,1020.96,13859,188818.0,46.42
FUSION, 29-Sep-2026,170.71,176.58,168.35,173.3,171.93,1397767,2417.8,18976,853082.0,61.03
FWSTC, 29-Sep-2026,167.5,194.0,167.0,191.0,173.0,110400,209.75,38,104400.0,94.57
GABRIEL, 29-Sep-2026,1355.0,1355.1,1294.0,1303.9,1349.2,218766,2884.12,20930,114532.0,52.35
GAEL, 29-Sep-2026,158.93,163.14,157.15,161.75,160.47,452046,725.46,11878,239385.0,52.96
GAIL, 29-Sep-2026,172.34,173.26,168.43,170.04,172.45,12119087,20739.03,45255,7854635.0,64.81
GAJA, 29-Sep-2026,141.3,142.79,139.4,140.42,140.93,304080,428.46,5334,103006.0,33.87
GALAPREC, 29-Sep-2026,1140.0,1190.9,1119.6,1157.7,1140.2,60527,705.15,5377,23357.0,38.59
GALAXYSURF, 29-Sep-2026,2191.0,2325.0,2188.9,2301.2,2190.7,34404,778.2,7606,17837.0,51.85
GALLANTT, 29-Sep-2026,540.9,547.0,527.55,539.1,536.55,53198,286.7,5770,22470.0,42.24
GANDHAR, 29-Sep-2026,261.9,274.55,258.0,273.55,262.05,691116,1855.27,12811,359876.0,52.07
GANDHITUBE, 29-Sep-2026,948.0,988.65,937.1,966.55,952.5,23674,228.55,1955,11459.0,48.4
GANECOS, 29-Sep-2026,1011.0,1030.0,1000.0,1010.6,1019.2,45421,460.62,4296,16516.0,36.36
GANESHCP, 29-Sep-2026,158.01,158.99,152.0,153.08,156.36,110782,170.48,2465,72391.0,65.35
GANESHHOU, 29-Sep-2026,720.65,724.95,702.35,706.65,718.55,28836,204.19,1924,20608.0,71.47
GANESHIN, 29-Sep-2026,88.5,91.0,87.2,90.5,88.85,23200,20.7,26,13600.0,58.62
GANGABATH, 29-Sep-2026,22.1,22.45,21.15,21.15,22.75,27000,5.93,5,27000.0,100.0
GANGAFORGE, 29-Sep-2026,1.35,1.47,1.35,1.47,1.4,1779126,25.81,676,1148524.0,64.56
GARFIBRES, 29-Sep-2026,775.45,777.4,750.0,753.85,772.85,26654,203.69,4065,13980.0,52.45
GARUDA, 29-Sep-2026,178.8,178.8,174.07,176.56,178.81,301597,532.5,6563,124656.0,41.33
GATEWAY, 29-Sep-2026,51.71,52.35,51.42,51.57,51.88,709691,367.96,7179,464082.0,65.39
GAUDIUMIVF, 29-Sep-2026,111.5,115.5,111.5,113.9,112.2,223577,254.15,2413,119788.0,53.58
GAYAHWS, 29-Sep-2026,1.84,1.85,1.75,1.84,1.84,120182,2.18,240,86446.0,71.93
GAYAPROJ, 29-Sep-2026,22.23,22.89,21.51,22.44,21.96,541787,119.37,2479,312269.0,57.64
GCHOTELS, 29-Sep-2026,120.05,131.0,118.0,124.75,118.2,48000,59.76,68,30600.0,63.75
GCSL, 29-Sep-2026,667.5,671.0,657.7,666.25,667.35,378027,2505.48,4585,114930.0,30.4
GEEKAYWIRE, 29-Sep-2026,31.51,32.11,30.31,30.5,31.87,190025,58.67,1222,107873.0,56.77
GEMAROMA, 29-Sep-2026,156.0,158.88,153.08,157.76,156.62,46771,73.16,1185,27729.0,59.29
GENCON, 29-Sep-2026,38.0,38.21,36.5,37.12,37.75,364800,135.97,1158,111084.0,30.45
GENESYS, 29-Sep-2026,282.13,282.4,275.0,277.68,282.13,211324,589.07,5084,83480.0,39.5
GENUSPAPER, 29-Sep-2026,10.11,11.4,9.25,10.25,10.11,353410,35.74,1366,190354.0,53.86
GENUSPOWER, 29-Sep-2026,294.0,301.0,290.0,293.65,294.05,2057886,6087.76,31410,965998.0,46.94
GENXAI, 29-Sep-2026,68.5,80.0,65.5,75.65,69.2,142800,103.78,75,120000.0,84.03
GEOJITFSL, 29-Sep-2026,77.22,79.28,76.16,76.76,78.3,378266,292.46,4846,189849.0,50.19
GESHIP, 29-Sep-2026,1533.4,1582.0,1526.1,1537.8,1533.4,2264928,35250.67,107165,744864.0,32.89
GFLLIMITED, 29-Sep-2026,56.99,57.0,54.0,55.7,55.99,55498,30.57,1420,33944.0,61.16
GGBL, 29-Sep-2026,214.45,222.0,207.8,220.2,212.35,19200,41.54,61,15000.0,78.13
GHCL, 29-Sep-2026,410.5,410.5,396.0,404.55,410.6,600220,2409.9,17022,295314.0,49.2
GHCLTEXTIL, 29-Sep-2026,135.6,135.65,128.16,132.27,134.83,524448,692.76,10635,234350.0,44.69
GICHSGFIN, 29-Sep-2026,136.0,136.6,132.63,133.71,135.72,116666,155.92,1770,76184.0,65.3
GICRE, 29-Sep-2026,329.2,329.75,319.0,320.25,329.3,691287,2229.14,20506,369583.0,53.46
GILLANDERS, 29-Sep-2026,114.0,114.0,106.17,110.75,107.38,17774,19.51,321,14009.0,78.82
GILLETTE, 29-Sep-2026,6930.0,7020.0,6870.0,6963.5,6925.5,30311,2101.11,6635,20489.0,67.6
GILT10BETA, 29-Sep-2026,26.65,27.17,25.5,26.06,26.52,234,0.06,23,224.0,95.73
GILT5BETA, 29-Sep-2026,66.12,66.44,65.61,65.62,66.14,1637,1.08,21,1149.0,70.19
GILT5YBEES, 29-Sep-2026,67.34,67.34,65.49,65.79,65.7,162764,107.04,489,115607.0,71.03
GIPCL, 29-Sep-2026,183.0,184.94,179.17,181.56,182.22,251494,456.28,5584,138363.0,55.02
GIRIRAJ, 29-Sep-2026,67.45,68.4,61.9,63.0,65.15,10250,6.57,33,7000.0,68.29
GJL, 29-Sep-2026,426.55,426.55,425.0,426.55,406.25,6400,27.29,8,6400.0,100.0
GKB, 29-Sep-2026,65.37,67.0,65.0,65.93,65.37,4600,3.05,47,3489.0,75.85
GKENERGY, 29-Sep-2026,120.99,121.81,118.99,119.4,121.87,444548,532.97,5283,229896.0,51.71
GKSL, 29-Sep-2026,175.4,178.0,172.11,175.89,174.83,627188,1099.68,6088,274253.0,43.73
GKWLIMITED, 29-Sep-2026,1525.1,1550.0,1501.8,1542.0,1531.7,404,6.18,48,310.0,76.73
GLAND, 29-Sep-2026,2896.6,3024.0,2896.6,2989.7,2896.0,876878,26202.01,65764,405761.0,46.27
GLASSWALL, 29-Sep-2026,271.0,297.0,264.15,286.55,270.32,11915458,33227.3,101183,1748076.0,14.67
GLAXO, 29-Sep-2026,2888.0,2899.9,2770.6,2783.8,2896.4,49829,1408.48,10395,20851.0,41.85
GLENMARK, 29-Sep-2026,2330.4,2441.5,2292.0,2441.5,2325.7,1277155,30070.93,56808,839781.0,65.75
GLFL, 29-Sep-2026,5.25,5.27,5.25,5.27,5.02,30420,1.6,33,30101.0,98.95
GLOBAL, 29-Sep-2026,134.4,135.03,132.1,133.01,133.61,79535,106.07,1867,40321.0,50.7
GLOBALE, 29-Sep-2026,10.27,11.32,10.27,10.64,10.8,5574,0.61,42,2024.0,36.31
GLOBALVECT, 29-Sep-2026,136.25,136.25,129.0,131.98,135.44,4033,5.31,219,2985.0,74.01
GLOBE, 29-Sep-2026,2.2,2.2,2.12,2.14,2.2,601492,13.06,239,534575.0,88.87
GLOBECIVIL, 29-Sep-2026,43.5,43.75,41.66,42.06,43.3,26879,11.36,432,24097.0,89.65
GLOBUSSPR, 29-Sep-2026,820.0,820.05,801.1,804.8,819.15,69920,565.5,3823,43317.0,61.95
GLOSTERLTD, 29-Sep-2026,559.9,559.9,536.2,539.25,545.5,1121,6.08,101,956.0,85.28
GLOTTIS, 29-Sep-2026,62.44,62.44,59.11,61.02,62.44,48803,29.65,1232,26510.0,54.32
GMBREW, 29-Sep-2026,966.45,981.0,953.15,962.95,966.6,36309,349.9,2546,20569.0,56.65
GMDCLTD, 29-Sep-2026,521.0,521.8,510.05,513.2,522.25,728657,3755.48,28496,255118.0,35.01
GML, 29-Sep-2026,18.0,18.4,16.9,17.5,17.7,48000,8.49,19,48000.0,100.0
GMMPFAUDLR, 29-Sep-2026,1475.4,1505.7,1455.0,1477.1,1480.1,478619,7077.15,46877,249351.0,52.1
GMRAIRPORT, 29-Sep-2026,94.1,94.74,93.5,93.75,94.75,10060323,9463.41,24994,5930706.0,58.95
GMRP&UI, 29-Sep-2026,101.8,102.0,99.4,100.72,101.9,1380706,1392.49,15624,630515.0,45.67
GNA, 29-Sep-2026,597.0,600.0,575.4,593.75,594.7,499013,2935.74,14958,206882.0,41.46
GNFC, 29-Sep-2026,619.0,627.55,609.85,611.5,620.65,588636,3640.59,16999,275950.0,46.88
GNRL, 29-Sep-2026,99.12,99.12,96.9,98.16,98.46,76012,74.43,1891,37433.0,49.25
GOACARBON, 29-Sep-2026,407.85,409.85,396.55,408.85,405.75,14749,59.7,778,10341.0,70.11
GOCLCORP, 29-Sep-2026,381.05,381.05,359.75,363.65,379.0,220064,802.82,8445,85967.0,39.06
GOCOLORS, 29-Sep-2026,305.7,312.7,301.0,304.3,304.8,74604,229.2,4652,33155.0,44.44
GODAVARIB, 29-Sep-2026,227.78,237.79,226.01,236.48,229.45,60955,141.01,2021,28382.0,46.56
GODFRYPHLP, 29-Sep-2026,1941.9,1944.2,1862.0,1862.0,1931.5,297806,5653.55,20702,114734.0,38.53
GODIGIT, 29-Sep-2026,263.1,263.1,251.8,253.2,263.25,3238407,8225.19,43832,1912477.0,59.06
GODREJAGRO, 29-Sep-2026,640.1,643.15,626.7,631.7,642.5,96669,614.78,7763,43895.0,45.41
GODREJCP, 29-Sep-2026,868.0,870.0,850.0,855.0,868.0,1360604,11650.47,36472,728925.0,53.57
GODREJIND, 29-Sep-2026,1070.9,1074.8,1051.0,1055.7,1076.1,40543,430.74,7277,19046.0,46.98
GODREJPROP, 29-Sep-2026,1666.0,1671.3,1634.4,1634.4,1669.8,410924,6772.26,23453,208984.0,50.86
GOKEX, 29-Sep-2026,666.0,687.55,666.0,678.55,671.85,506154,3431.34,19268,388435.0,76.74
GOKUL, 29-Sep-2026,39.28,40.45,38.87,39.41,39.47,162016,64.25,2405,23811.0,14.7
GOKULAGRO, 29-Sep-2026,216.16,217.98,212.32,215.23,216.16,284570,612.78,10368,95348.0,33.51
GOLD1, 29-Sep-2026,122.12,122.25,121.0,121.78,122.16,1778304,2165.01,8105,1020421.0,57.38
GOLD360, 29-Sep-2026,143.35,143.35,141.5,142.05,142.95,11095,15.77,275,6205.0,55.93
GOLDADD, 29-Sep-2026,14.27,14.3,14.08,14.16,14.24,7563524,1069.89,6661,5147209.0,68.05
GOLDAXIS, 29-Sep-2026,121.67,121.79,120.46,121.37,121.46,2222190,2697.34,3710,1691525.0,76.12
GOLDBEES, 29-Sep-2026,120.93,121.09,119.8,120.64,121.17,28612025,34501.39,115558,14967831.0,52.31
GOLDBETA, 29-Sep-2026,123.5,123.5,122.0,123.0,123.65,659494,810.27,3050,515856.0,78.22
GOLDBND, 29-Sep-2026,146.98,146.98,145.0,146.11,146.43,37455,54.68,243,35658.0,95.2
GOLDCASE, 29-Sep-2026,23.03,23.12,22.82,22.97,23.08,11868737,2726.69,13851,6214279.0,52.36
GOLDETF, 29-Sep-2026,142.12,143.63,141.12,142.06,143.02,1407805,1999.1,11665,809244.0,57.48
GOLDIAM, 29-Sep-2026,312.6,330.9,310.0,322.85,312.6,931591,3004.55,18118,403516.0,43.31
GOLDIETF, 29-Sep-2026,125.27,125.47,124.08,124.94,125.45,5511528,6888.76,28783,3186936.0,57.82
GOLDSTAR, 29-Sep-2026,11.7,11.7,11.7,11.7,11.15,315000,36.86,27,281250.0,89.29
GOODLUCK, 29-Sep-2026,522.75,533.0,513.6,528.6,522.0,328494,1715.05,12108,149094.0,45.39
GOODYEAR, 29-Sep-2026,700.0,714.7,697.55,702.55,704.05,3148,22.17,606,1672.0,53.11
GOPAL, 29-Sep-2026,255.45,255.45,247.6,253.0,254.8,79078,198.89,2837,39426.0,49.86
GOYALALUM, 29-Sep-2026,6.04,6.04,5.8,5.88,5.97,59801,3.55,329,49641.0,83.01
GOYALSALT, 29-Sep-2026,102.0,106.0,101.5,106.0,101.0,1800,1.86,3,1800.0,100.0
GPECO, 29-Sep-2026,395.0,399.65,391.6,396.35,396.25,8200,32.39,37,5400.0,65.85
GPIL, 29-Sep-2026,225.6,225.6,220.1,221.35,225.46,1239698,2765.62,18427,725556.0,58.53
GPPL, 29-Sep-2026,159.6,161.46,157.66,160.54,159.88,1153476,1842.96,16981,658965.0,57.13
GPTHEALTH, 29-Sep-2026,156.1,157.2,153.11,153.8,156.1,47460,73.59,1277,24591.0,51.81
GPTINFRA, 29-Sep-2026,116.27,117.69,113.94,115.72,116.27,228789,265.36,3939,134150.0,58.63
GRANDOAK, 29-Sep-2026,34.1,35.8,34.0,35.72,34.1,4390,1.55,279,2252.0,51.3
GRANULES, 29-Sep-2026,850.0,876.95,847.0,866.75,851.4,1132457,9804.06,37828,587549.0,51.88
GRAPHISAD, 29-Sep-2026,25.4,25.4,25.4,25.4,25.2,1200,0.3,1,1200.0,100.0
GRAPHITE, 29-Sep-2026,791.2,805.45,778.8,801.55,799.0,1043628,8280.07,43638,323467.0,30.99
GRASIM, 29-Sep-2026,3149.2,3151.5,3089.0,3100.0,3150.0,1153762,35928.31,38870,749930.0,65.0
GRAUWEIL, 29-Sep-2026,83.1,84.78,82.26,82.78,83.96,349190,290.3,4005,173977.0,49.82
GRAVITA, 29-Sep-2026,1470.0,1488.1,1441.1,1446.9,1475.4,218555,3190.48,23317,102997.0,47.13
GREAVESCOT, 29-Sep-2026,230.7,238.3,228.87,234.99,230.4,2928868,6856.65,46963,974691.0,33.28
GREENCHEF, 29-Sep-2026,70.8,72.0,70.8,72.0,68.85,4000,2.85,5,4000.0,100.0
GREENLAM, 29-Sep-2026,218.8,218.8,210.95,214.3,217.51,69454,148.87,1682,43808.0,63.07
GREENLEAF, 29-Sep-2026,108.9,112.35,108.0,112.3,107.0,18000,20.06,16,17000.0,94.44
GREENPANEL, 29-Sep-2026,159.0,160.86,155.5,159.05,159.21,154127,244.32,4609,74856.0,48.57
GREENPLY, 29-Sep-2026,279.9,284.8,272.45,280.25,279.75,238151,663.32,8747,150595.0,63.24
GREENPOWER, 29-Sep-2026,8.68,8.9,8.58,8.85,8.81,2035250,178.0,4185,873205.0,42.9
GRINDWELL, 29-Sep-2026,1908.6,1930.9,1901.2,1916.7,1918.2,21270,407.91,6940,11078.0,52.08
GRINFRA, 29-Sep-2026,799.3,820.0,789.15,816.25,799.3,16367,131.43,2684,7343.0,44.86
GRMOVER, 29-Sep-2026,80.0,80.0,78.11,78.76,80.01,812391,640.72,3285,136301.0,16.78
GROBTEA, 29-Sep-2026,919.0,919.0,882.4,899.0,919.1,54,0.48,20,31.0,57.41
GROWW, 29-Sep-2026,183.39,185.39,179.35,183.52,183.39,26593111,48365.05,146956,13455212.0,50.6
GROWWCAPM, 29-Sep-2026,11.09,11.09,10.69,10.79,10.87,336145,36.34,1318,183615.0,54.62
GROWWCHEM, 29-Sep-2026,29.04,29.28,28.29,28.5,28.74,44109,12.59,298,20903.0,47.39
GROWWDEFNC, 29-Sep-2026,92.4,96.0,90.84,93.06,92.4,171105,157.06,2377,77072.0,45.04
GROWWEV, 29-Sep-2026,30.95,31.02,30.15,30.28,30.94,241395,73.79,2130,111054.0,46.01
GROWWGOLD, 29-Sep-2026,14.29,14.34,14.16,14.25,14.33,1509304,215.1,2971,673198.0,44.6
GROWWHOSPI, 29-Sep-2026,51.31,51.56,50.32,50.48,51.06,166419,84.21,1260,117157.0,70.4
GROWWLIQID, 29-Sep-2026,110.94,110.95,110.94,110.94,110.92,281604,312.42,201,196166.0,69.66
GROWWLOVOL, 29-Sep-2026,10.0,10.16,9.85,9.89,10.0,14447,1.44,135,10956.0,75.84
GROWWMC150, 29-Sep-2026,220.93,225.48,216.1,222.58,222.81,436,0.96,47,414.0,94.95
GROWWMETAL, 29-Sep-2026,12.05,12.5,12.05,12.26,12.25,168540,20.6,1081,81068.0,48.1
GROWWMOM50, 29-Sep-2026,10.74,10.74,10.5,10.6,10.63,131746,13.93,597,72922.0,55.35
GROWWN200, 29-Sep-2026,10.79,10.99,10.57,10.61,10.82,60712,6.47,313,35782.0,58.94
GROWWNET, 29-Sep-2026,10.0,10.34,9.89,10.21,10.15,945445,95.56,669,851724.0,90.09
GROWWNIFTY, 29-Sep-2026,9.39,9.39,9.15,9.25,9.24,861131,79.24,3540,671089.0,77.93
GROWWNXT50, 29-Sep-2026,70.68,70.7,69.75,70.4,70.83,5506,3.87,95,2067.0,37.54
GROWWPOWER, 29-Sep-2026,10.85,11.01,10.7,10.9,10.84,1594097,172.3,2617,844902.0,53.0
GROWWPSE, 29-Sep-2026,96.48,96.48,93.37,95.16,95.15,3070,2.9,121,2677.0,87.2
GROWWPSUBK, 29-Sep-2026,82.28,82.89,79.43,80.87,81.4,3090,2.48,136,2874.0,93.01
GROWWRAIL, 29-Sep-2026,26.02,26.45,25.9,26.23,26.33,748444,195.38,3806,410381.0,54.83
GROWWRLTY, 29-Sep-2026,9.54,9.8,9.31,9.36,9.57,161501,15.26,759,91101.0,56.41
GROWWSC250, 29-Sep-2026,10.12,10.43,10.12,10.3,10.32,99403,10.21,555,64154.0,64.54
GROWWSLVR, 29-Sep-2026,21.59,21.66,21.36,21.44,21.56,1330369,285.41,2486,473620.0,35.6
GRPLTD, 29-Sep-2026,1949.2,1952.0,1890.0,1899.4,1950.4,2313,44.12,389,2065.0,89.28
GRSE, 29-Sep-2026,2234.0,2242.7,2191.9,2206.1,2245.3,428953,9482.01,39095,152354.0,35.52
GRWRHITECH, 29-Sep-2026,6665.5,7048.0,6555.0,7016.5,6653.5,70353,4853.84,16291,35287.0,50.16
GSEC10ABSL, 29-Sep-2026,111.92,111.92,111.92,111.92,111.87,1,0.0,1,1.0,100.0
GSEC10ADD, 29-Sep-2026,26.54,26.54,26.54,26.54,26.77,1,0.0,1,1.0,100.0
GSEC10IETF, 29-Sep-2026,262.12,262.12,262.12,262.12,262.05,16,0.04,2,16.0,100.0
GSEC10YEAR, 29-Sep-2026,30.1,30.1,29.75,29.81,30.1,5045,1.51,23,4938.0,97.88
GSEC5IETF, 29-Sep-2026,66.29,66.29,65.8,65.92,65.97,20021,13.2,41,10773.0,53.81
GSFC, 29-Sep-2026,153.04,153.12,151.0,151.65,153.04,493454,749.97,7330,252657.0,51.2
GSLSU, 29-Sep-2026,30.05,31.56,29.12,30.74,30.07,37143,11.21,651,12715.0,34.23
GSMFOILS, 29-Sep-2026,82.4,83.45,77.5,78.1,81.4,164500,131.49,226,90500.0,55.02
GSPCROP, 29-Sep-2026,480.05,498.45,467.0,469.45,483.1,307995,1496.44,6210,46610.0,15.13
GSS, 29-Sep-2026,10.79,10.79,10.08,10.25,10.26,24185,2.48,235,15181.0,62.77
GTECJAINX, 29-Sep-2026,29.66,29.66,29.66,29.66,26.97,14074,4.17,39,14073.0,99.99
GTL, 29-Sep-2026,6.98,7.0,6.65,6.75,6.94,238653,16.16,745,175747.0,73.64
GTLINFRA, 29-Sep-2026,1.1,1.1,1.07,1.08,1.09,31011505,336.9,10908,14362693.0,46.31
GTPL, 29-Sep-2026,54.89,55.88,53.75,54.11,54.86,13819,7.54,376,9163.0,66.31
GUFICBIO, 29-Sep-2026,421.0,445.0,416.35,436.5,420.4,146625,636.98,7186,67922.0,46.32
GUJALKALI, 29-Sep-2026,606.4,645.0,604.7,627.15,606.2,251288,1576.94,12583,74241.0,29.54
GUJAPOLLO, 29-Sep-2026,342.4,343.7,329.0,330.65,341.45,11411,38.15,750,8214.0,71.98
GUJENERGY, 29-Sep-2026,234.99,241.02,229.4,236.61,235.07,2304043,5423.03,46005,1185475.0,51.45
GUJRAFFIA, 29-Sep-2026,39.0,40.4,39.0,40.21,40.44,565,0.23,17,516.0,91.33
GUJTHEM, 29-Sep-2026,395.4,410.0,392.6,406.5,397.55,166047,670.41,7595,67909.0,40.9
GULFOILLUB, 29-Sep-2026,1110.5,1118.3,1088.2,1105.8,1110.5,29989,331.11,4781,13853.0,46.19
GULPOLY, 29-Sep-2026,165.4,166.94,162.0,165.15,166.05,70194,115.48,2333,35207.0,50.16
GVPIL, 29-Sep-2026,656.95,683.95,645.05,683.95,651.4,143048,960.43,5695,81610.0,57.05
GVT&D, 29-Sep-2026,4198.8,4229.0,4110.9,4130.3,4203.0,903170,37552.47,78922,500854.0,55.46
GYFTR, 29-Sep-2026,159.68,164.59,153.41,156.36,162.25,257670,412.15,6185,30673.0,11.9
HAL, 29-Sep-2026,4723.0,4723.1,4549.3,4549.3,4738.0,1096291,50872.14,48346,770580.0,70.29
HALDER, 29-Sep-2026,248.4,248.4,237.05,241.0,247.15,26808,64.87,250,4991.0,18.62
HALDYNGL, 29-Sep-2026,151.87,155.95,150.0,154.15,152.35,85821,132.38,1018,51705.0,60.25
HALEOSLABS, 29-Sep-2026,1495.5,1499.9,1485.8,1487.9,1513.5,234,3.49,58,163.0,69.66
HAMPTON, 29-Sep-2026,8.17,8.17,7.8,8.0,7.9,11667,0.92,112,11336.0,97.16
HAPPSTMNDS, 29-Sep-2026,306.9,311.4,303.3,308.7,307.15,544433,1670.18,13573,209450.0,38.47
HAPPY, 29-Sep-2026,76.0,77.0,74.1,74.7,76.2,28000,20.99,14,16000.0,57.14
HAPPYFORGE, 29-Sep-2026,1995.2,2096.5,1961.0,2074.8,1996.7,193351,4030.03,11747,130590.0,67.54
HARDWYN, 29-Sep-2026,9.26,9.43,9.18,9.26,9.23,220896,20.42,487,114181.0,51.69
HARIOMPIPE, 29-Sep-2026,342.1,351.65,335.4,345.1,342.1,89236,306.8,5631,39655.0,44.44
HARRMALAYA, 29-Sep-2026,171.7,178.44,165.55,175.61,167.9,22733,39.05,670,14648.0,64.43
HARSHA, 29-Sep-2026,468.0,469.7,455.0,465.05,465.55,89042,413.5,3642,45686.0,51.31
HATHWAY, 29-Sep-2026,9.35,10.88,9.21,9.49,9.37,2799216,262.06,3491,789279.0,28.2
HATSUN, 29-Sep-2026,1119.4,1130.0,1093.0,1099.7,1119.4,28612,316.53,4590,14221.0,49.7
HAVELLS, 29-Sep-2026,1080.6,1081.5,1043.3,1043.3,1085.0,1014330,10754.6,39622,530909.0,52.34
HAVISHA, 29-Sep-2026,1.44,1.44,1.29,1.32,1.38,134689,1.78,176,78860.0,58.55
HAWKINCOOK, 29-Sep-2026,8085.0,8085.0,7851.0,7904.0,8082.5,3390,269.19,1308,2017.0,59.5
HAZOOR, 29-Sep-2026,19.04,19.48,18.65,18.83,18.98,240792,45.81,1024,69731.0,28.96
HBESD, 29-Sep-2026,75.0,75.9,69.02,73.98,71.5,3398,2.52,119,2313.0,68.07
HBLENGINE, 29-Sep-2026,784.0,811.6,773.65,808.3,785.65,2224069,17725.69,60936,743387.0,33.42
HBPOR, 29-Sep-2026,60.0,60.65,59.99,60.39,59.75,634,0.38,19,632.0,99.68
HBSL, 29-Sep-2026,55.0,56.55,55.0,55.28,55.8,5510,3.07,328,5232.0,94.95
HCC, 29-Sep-2026,20.5,20.97,20.17,20.71,20.55,12456726,2565.53,27114,4509584.0,36.2
HCG, 29-Sep-2026,695.45,708.0,684.0,703.6,691.2,113331,791.74,9298,71762.0,63.32
HCL-INSYS, 29-Sep-2026,10.39,10.39,10.02,10.11,10.05,112671,11.42,699,76153.0,67.59
HCLTECH, 29-Sep-2026,1252.6,1261.0,1222.0,1222.0,1252.6,5604932,68860.15,97693,3919100.0,69.92
HDBFS, 29-Sep-2026,636.0,640.9,626.45,630.9,637.4,234737,1490.52,23822,121426.0,51.73
HDFCAMC, 29-Sep-2026,2286.1,2303.0,2223.3,2223.3,2302.3,1311015,29725.58,76187,895472.0,68.3
HDFCBANK, 29-Sep-2026,713.7,722.7,706.25,722.7,719.05,42755901,305285.95,367801,27394310.0,64.07
HDFCBSE500, 29-Sep-2026,35.79,35.95,35.37,35.75,35.78,757606,270.33,253,717248.0,94.67
HDFCGOLD, 29-Sep-2026,125.15,125.15,123.9,124.76,125.41,8470158,10557.47,12403,6190686.0,73.09
HDFCGROWTH, 29-Sep-2026,113.62,114.18,111.4,111.63,113.62,10750,12.01,353,6096.0,56.71
HDFCLIFE, 29-Sep-2026,526.2,528.35,518.6,523.55,531.6,7693601,40233.06,63711,5047562.0,65.61
HDFCLIQUID, 29-Sep-2026,1080.86,1080.86,1075.75,1079.9,1079.76,17322,187.05,50,15338.0,88.55
HDFCLOWVOL, 29-Sep-2026,19.48,19.99,19.37,19.73,19.63,5222,1.02,73,3699.0,70.83
HDFCMID150, 29-Sep-2026,22.6,22.6,22.06,22.23,22.4,875335,194.39,2055,506962.0,57.92
HDFCMOMENT, 29-Sep-2026,29.85,30.11,29.68,29.97,29.84,187750,56.01,1185,82255.0,43.81
HDFCNEXT50, 29-Sep-2026,73.2,73.2,71.22,71.63,72.01,94864,67.84,979,49933.0,52.64
HDFCNIF100, 29-Sep-2026,25.3,25.3,24.53,24.57,24.8,178496,43.94,481,110985.0,62.18
HDFCNIFBAN, 29-Sep-2026,56.03,56.25,55.41,56.09,56.17,359708,200.43,1168,312438.0,86.86
HDFCNIFIT, 29-Sep-2026,30.61,30.61,29.45,29.62,30.01,64691,19.24,523,33714.0,52.12
HDFCNIFTY, 29-Sep-2026,264.01,264.01,255.05,256.61,257.58,518570,1326.34,1746,441476.0,85.13
HDFCNIMEG, 29-Sep-2026,128.86,134.0,127.5,129.53,128.86,2349,3.02,75,1656.0,70.5
HDFCPSUBK, 29-Sep-2026,81.01,82.37,80.26,81.41,81.23,38507,31.09,377,20725.0,53.82
HDFCPVTBAN, 29-Sep-2026,27.09,27.09,26.67,26.93,27.09,309934,83.05,562,242973.0,78.4
HDFCQUAL, 29-Sep-2026,55.94,56.02,55.42,55.66,56.22,10597,5.9,149,5613.0,52.97
HDFCSENSEX, 29-Sep-2026,84.2,85.02,82.0,82.73,82.95,118759,97.81,1217,53941.0,45.42
HDFCSILVER, 29-Sep-2026,209.78,210.14,208.2,209.02,210.33,2243596,4690.76,13419,1103838.0,49.2
HDFCSML250, 29-Sep-2026,179.91,182.46,178.1,181.07,180.5,1732641,3121.16,16875,894883.0,51.65
HDFCVALUE, 29-Sep-2026,120.57,120.97,117.45,118.43,119.18,15786,18.68,212,8844.0,56.02
HEADSUP, 29-Sep-2026,6.5,6.95,6.27,6.45,6.61,18622,1.19,121,17478.0,93.86
HEALTHADD, 29-Sep-2026,16.99,16.99,16.59,16.81,16.74,11644,1.94,203,7699.0,66.12
HEALTHAXIS, 29-Sep-2026,169.5,169.5,168.02,168.43,168.19,13386,22.54,68,11434.0,85.42
HEALTHCARE, 29-Sep-2026,21.71,21.81,21.6,21.71,21.63,24708,5.36,186,15643.0,63.31
HEALTHIETF, 29-Sep-2026,171.41,171.41,169.0,169.98,169.72,130367,221.52,2270,65753.0,50.44
HEALTHX, 29-Sep-2026,287.0,291.0,275.0,285.05,285.15,19728,55.36,665,12984.0,65.82
HEALTHY, 29-Sep-2026,17.03,17.25,16.95,17.14,17.03,279445,47.82,965,173931.0,62.24
HECPROJECT, 29-Sep-2026,112.55,116.0,110.5,114.82,112.86,7066,7.98,146,4160.0,58.87
HEGAM, 29-Sep-2026,241.75,242.0,235.25,238.25,240.0,663791,1582.47,14632,272825.0,41.1
HEIDELBERG, 29-Sep-2026,131.45,131.91,129.01,130.29,131.45,194472,253.16,3292,106289.0,54.66
HEMIPROP, 29-Sep-2026,115.9,115.95,113.11,114.94,115.95,747785,856.32,7954,306793.0,41.03
HERANBA, 29-Sep-2026,180.05,182.82,176.1,178.57,179.94,89075,159.57,2868,29380.0,32.98
HERITGFOOD, 29-Sep-2026,400.15,406.55,397.2,401.2,402.05,206267,830.76,8403,72246.0,35.03
HEROMOTOCO, 29-Sep-2026,5375.0,5384.0,5208.0,5208.0,5390.0,681672,36244.41,67374,435745.0,63.92
HEROMOTORS, 29-Sep-2026,137.48,140.78,132.62,138.71,135.06,92851990,127872.23,515114,9557417.0,10.29
HESTERBIO, 29-Sep-2026,2156.6,2192.9,2125.2,2165.0,2147.3,3358,72.37,648,1170.0,34.84
HEXATRADEX, 29-Sep-2026,155.16,158.68,155.1,155.3,155.0,5566,8.66,79,5247.0,94.27
HEXT, 29-Sep-2026,488.9,493.85,476.25,482.1,489.25,152135,732.42,15938,90464.0,59.46
HGINFRA, 29-Sep-2026,444.0,448.0,435.0,438.25,444.55,173913,764.91,8882,62950.0,36.2
HGM, 29-Sep-2026,42.14,43.5,40.31,42.85,41.25,1914,0.8,53,1522.0,79.52
HGS, 29-Sep-2026,368.1,373.4,363.65,366.05,372.35,8101,29.79,1052,5124.0,63.25
HIGREEN, 29-Sep-2026,114.05,124.95,113.05,122.85,113.95,28000,33.77,34,20800.0,74.29
HIKAL, 29-Sep-2026,208.9,219.5,207.21,218.05,208.8,740019,1590.79,13888,205420.0,27.76
HILINFRA, 29-Sep-2026,42.75,43.55,41.55,43.26,42.61,80120,34.13,804,58086.0,72.5
HILTON, 29-Sep-2026,16.56,17.28,16.26,16.45,16.78,183520,30.58,517,139014.0,75.75
HIMATSEIDE, 29-Sep-2026,65.9,66.05,64.51,64.9,66.13,312472,203.72,4234,155399.0,49.73
HINDADH, 29-Sep-2026,394.95,394.95,377.55,385.25,384.45,578,2.23,58,443.0,76.64
HINDALCO, 29-Sep-2026,955.9,963.5,947.1,955.2,955.9,5092531,48620.27,96565,3280214.0,64.41
HINDALUMI, 29-Sep-2026,93.0,93.0,88.0,90.15,91.43,2229,2.02,139,1615.0,72.45
HINDCOMPOS, 29-Sep-2026,380.1,387.6,370.2,377.5,379.2,2145,8.07,142,1636.0,76.27
HINDCON, 29-Sep-2026,33.39,33.39,32.4,33.39,30.36,210313,70.22,708,178818.0,85.02
HINDCOPPER, 29-Sep-2026,475.55,479.95,470.0,474.35,479.6,9198111,43656.12,123588,5047978.0,54.88
HINDOILEXP, 29-Sep-2026,173.35,177.0,171.55,173.91,172.98,394733,688.25,8675,152227.0,38.56
HINDPETRO, 29-Sep-2026,340.7,349.35,337.2,349.2,342.45,4074720,14038.95,79595,2022024.0,49.62
HINDUNILVR, 29-Sep-2026,1896.0,1898.9,1863.8,1863.8,1896.0,2057852,38529.26,80418,1360824.0,66.13
HINDWAREAP, 29-Sep-2026,170.34,171.5,165.0,170.2,170.34,88868,150.27,3920,50751.0,57.11
HINDZINC, 29-Sep-2026,569.0,576.55,563.2,563.3,573.0,4801573,27319.21,57875,2807869.0,58.48
HIRECT, 29-Sep-2026,1182.0,1189.5,1150.7,1171.4,1179.4,26079,304.59,3333,13155.0,50.44
HISARMETAL, 29-Sep-2026,151.97,154.0,149.2,151.39,151.96,774,1.17,34,642.0,82.95
HITECH, 29-Sep-2026,73.25,73.95,70.74,73.19,73.34,540643,390.98,6061,190638.0,35.26
HLEGLAS, 29-Sep-2026,419.05,436.95,406.2,434.65,419.35,256043,1096.0,6856,140940.0,55.05
HLVLTD, 29-Sep-2026,6.33,6.5,6.31,6.39,6.37,64436,4.11,420,51414.0,79.79
HMAAGRO, 29-Sep-2026,24.02,24.02,23.43,23.8,24.02,614209,145.85,2327,282329.0,45.97
HNDFDS, 29-Sep-2026,602.15,604.8,577.0,596.85,602.15,168762,992.17,8240,117111.0,69.39
HNGSNGBEES, 29-Sep-2026,467.62,467.62,450.8,452.96,456.22,127847,579.97,4331,94030.0,73.55
HOACFOODS, 29-Sep-2026,893.25,893.25,893.25,893.25,875.75,375,3.35,1,375.0,100.0
HOLMARC, 29-Sep-2026,125.1,125.1,118.75,118.75,125.0,11250,13.55,14,9750.0,86.67
HOMEFIRST, 29-Sep-2026,1094.0,1109.2,1057.2,1094.4,1094.0,190918,2091.0,20808,103895.0,54.42
HONASA, 29-Sep-2026,454.0,457.05,439.3,441.65,466.05,20795107,93569.4,88358,13906743.0,66.88
HONAUT, 29-Sep-2026,33660.0,35470.0,33505.0,33980.0,33855.0,27480,9330.23,12156,16820.0,61.21
HONDAPOWER, 29-Sep-2026,1884.7,1910.0,1828.1,1886.0,1862.8,3476,64.61,727,1917.0,55.15
HORIZONIND, 29-Sep-2026,51.69,52.15,50.61,51.02,51.79,2934473,1506.66,31516,1900720.0,64.77
HPAL, 29-Sep-2026,34.5,35.99,34.1,34.44,34.77,35257,12.19,525,27653.0,78.43
HPIL, 29-Sep-2026,117.0,117.0,114.2,115.37,115.4,363,0.42,31,274.0,75.48
HPL, 29-Sep-2026,272.8,273.65,266.65,270.15,270.95,86592,233.74,3584,42328.0,48.88
HPTL, 29-Sep-2026,450.0,450.0,443.0,443.0,450.9,1200,5.36,2,1200.0,100.0
HRHNEXT, 29-Sep-2026,22.05,24.2,22.05,24.15,23.1,15000,3.44,10,12000.0,80.0
HRYNSHP, 29-Sep-2026,96.1,99.0,96.01,96.01,96.01,460,0.44,30,387.0,84.13
HSBCGOLD, 29-Sep-2026,128.8,134.8,126.14,129.08,127.28,256143,325.5,97,233970.0,91.34
HSCL, 29-Sep-2026,666.9,676.6,663.4,667.6,669.95,1686772,11320.4,31221,697343.0,41.34
HTEL, 29-Sep-2026,65.41,70.39,65.01,69.52,65.64,2012461,1377.47,19178,749128.0,37.22
HTMEDIA, 29-Sep-2026,23.1,23.6,22.52,23.46,23.1,61616,14.26,515,36230.0,58.8
HUBTOWN, 29-Sep-2026,168.0,169.6,165.55,166.41,167.87,253127,421.07,2598,161663.0,63.87
HUDCO, 29-Sep-2026,168.0,169.7,164.0,165.57,168.66,3647277,6050.41,40113,1957201.0,53.66
HUHTAMAKI, 29-Sep-2026,238.85,238.95,231.1,235.7,234.2,78853,185.27,3865,36244.0,45.96
HVAX, 29-Sep-2026,732.0,732.0,672.0,709.9,700.65,1800,12.54,11,1650.0,91.67
HYBRIDETF, 29-Sep-2026,9.82,9.84,9.8,9.84,9.8,10486,1.03,42,10324.0,98.46
HYBRIDFIN, 29-Sep-2026,18.0,18.0,16.7,17.82,17.36,12018,2.12,78,10163.0,84.56
HYUNDAI, 29-Sep-2026,2051.1,2100.0,2009.6,2100.0,2050.7,763311,15670.62,35218,377252.0,49.42
IBLFL, 29-Sep-2026,61.0,61.0,61.0,61.0,61.0,4000,2.44,2,4000.0,100.0
IBULLSLTD, 29-Sep-2026,28.8,30.19,28.45,29.93,28.9,12006735,3572.11,18620,6745537.0,56.18
ICELCO, 29-Sep-2026,128.0,132.3,125.0,128.85,128.25,21600,27.82,12,15600.0,72.22
ICEMAKE, 29-Sep-2026,648.0,648.0,632.65,634.0,648.75,42018,268.22,2189,30032.0,71.47
ICICIAMC, 29-Sep-2026,3220.0,3265.0,3167.0,3233.0,3214.5,769671,24663.57,50482,587831.0,76.37
ICICIB22, 29-Sep-2026,111.9,111.9,109.31,110.35,110.69,160744,176.88,3020,90338.0,56.2
ICICIBANK, 29-Sep-2026,1295.7,1304.8,1291.0,1292.2,1302.0,14811396,191965.51,223405,10452543.0,70.57
ICICIGI, 29-Sep-2026,1532.0,1550.0,1498.2,1515.0,1540.0,756660,11443.54,38508,429986.0,56.83
ICICIPRULI, 29-Sep-2026,452.05,455.45,442.95,444.55,458.7,2919254,13098.73,88308,1300279.0,44.54
ICIL, 29-Sep-2026,439.9,448.55,433.0,434.95,440.2,420236,1840.49,19127,185672.0,44.18
ICRA, 29-Sep-2026,4311.0,4373.9,4274.0,4297.9,4310.4,14911,641.96,3110,7351.0,49.3
IDBI, 29-Sep-2026,83.9,84.9,82.6,83.32,84.39,7662555,6406.11,29865,3057249.0,39.9
IDEA, 29-Sep-2026,13.6,13.68,13.26,13.56,13.47,1150179404,155022.39,670939,663435062.0,57.68
IDEAFORGE, 29-Sep-2026,716.9,724.0,707.0,719.7,716.4,117154,839.59,8399,61335.0,52.35
IDFCFIRSTB, 29-Sep-2026,80.4,80.63,78.6,79.46,80.55,36206575,28925.03,79319,21054689.0,58.15
IDFNIFTYET, 29-Sep-2026,253.9,255.0,249.25,250.81,252.64,1985,4.97,62,1550.0,78.09
IEML, 29-Sep-2026,55.5,55.5,50.95,50.95,53.6,48000,24.94,60,36500.0,76.04
IEX, 29-Sep-2026,111.35,111.4,106.35,106.39,111.35,7359823,7967.47,61589,3756042.0,51.03
IFBAGRO, 29-Sep-2026,844.0,948.0,844.0,905.45,844.0,12900,115.58,1176,7525.0,58.33
IFBIND, 29-Sep-2026,1214.8,1234.5,1199.0,1201.0,1214.2,40295,486.8,2977,22620.0,56.14
IFCI, 29-Sep-2026,70.06,71.65,69.53,70.97,70.55,38909344,27500.08,109229,5485889.0,14.1
IFGLEXPOR, 29-Sep-2026,194.1,194.1,186.91,189.61,192.71,25577,48.71,1324,14106.0,55.15
IGARASHI, 29-Sep-2026,414.9,417.95,406.3,411.55,416.2,50834,209.58,1819,28727.0,56.51
IGCL, 29-Sep-2026,59.1,59.88,56.5,57.15,58.25,70886,40.54,5000,38341.0,54.09
IGIL, 29-Sep-2026,321.55,326.8,317.7,324.3,323.15,607317,1954.8,17535,361306.0,59.49
IGL, 29-Sep-2026,143.5,144.79,139.2,142.02,143.44,3801920,5413.56,59352,1811415.0,47.64
IGPL, 29-Sep-2026,580.0,591.9,575.0,584.3,581.55,44273,258.25,2115,20993.0,47.42
IIFL, 29-Sep-2026,595.05,614.05,588.75,607.5,598.15,2559619,15450.44,92103,1215500.0,47.49
IIFLCAPS, 29-Sep-2026,343.55,347.45,343.55,344.95,343.7,460188,1587.95,11221,242466.0,52.69
IITL, 29-Sep-2026,132.85,132.85,123.85,125.64,131.58,111438,145.04,1487,16956.0,15.22
IKIO, 29-Sep-2026,199.4,200.34,194.31,197.3,199.62,153590,302.24,3590,76336.0,49.7
IKS, 29-Sep-2026,1768.0,1822.3,1750.7,1779.4,1768.4,203931,3653.62,28868,99321.0,48.7
IMAGICAA, 29-Sep-2026,51.31,54.3,50.1,51.3,51.29,1504303,780.26,10330,338620.0,22.51
IMFA, 29-Sep-2026,1202.0,1226.4,1184.1,1206.5,1207.8,88124,1066.67,8447,47916.0,54.37
IMPAL, 29-Sep-2026,1054.0,1054.0,1035.3,1042.6,1043.1,1933,20.13,241,1393.0,72.06
INA, 29-Sep-2026,89.0,89.5,87.1,87.63,89.08,318802,281.33,3141,152872.0,47.95
INCREDIBLE, 29-Sep-2026,32.6,33.2,31.55,31.6,33.26,3488,1.11,69,2878.0,82.51
INDBANK, 29-Sep-2026,25.6,26.0,24.21,25.06,25.6,25410,6.38,553,17074.0,67.19
INDGN, 29-Sep-2026,613.0,627.0,598.35,605.15,613.3,1828353,11190.86,62693,999332.0,54.66
INDHOTEL, 29-Sep-2026,709.0,725.9,704.6,714.35,711.0,26142773,186925.66,95515,20196083.0,77.25
INDIACEM, 29-Sep-2026,314.5,314.55,302.05,303.7,312.4,130348,398.59,10712,66530.0,51.04
INDIAGLYCO, 29-Sep-2026,301.5,307.7,292.6,304.5,297.5,501115,1510.16,16845,161214.0,32.17
INDIAMART, 29-Sep-2026,1638.3,1638.4,1600.0,1612.9,1637.0,69706,1130.22,9108,45277.0,64.95
INDIANB, 29-Sep-2026,802.5,808.8,794.75,795.25,802.45,1349036,10801.74,39698,715365.0,53.03
INDIANCARD, 29-Sep-2026,193.75,193.75,183.0,183.72,189.69,5044,9.29,289,3826.0,75.85
INDIANHUME, 29-Sep-2026,350.35,358.0,345.35,355.8,350.35,66941,235.62,2444,37159.0,55.51
INDIASHLTR, 29-Sep-2026,640.7,646.95,620.15,639.75,647.3,284396,1807.12,19558,144768.0,50.9
INDIFRA, 29-Sep-2026,12.25,12.25,12.25,12.25,12.85,2000,0.25,1,2000.0,100.0
INDIGO, 29-Sep-2026,4870.0,4898.0,4851.0,4872.0,4874.5,409270,19949.67,40172,231612.0,56.59
INDIGOPNTS, 29-Sep-2026,1110.6,1115.5,1072.5,1078.9,1110.0,64558,701.04,9461,29948.0,46.39
INDIGRID, 29-Sep-2026,172.99,172.99,171.52,172.1,172.53,478812,824.37,18287,426324.0,89.04
INDIQUBE, 29-Sep-2026,199.8,199.8,193.23,196.14,199.44,57862,113.56,1284,39014.0,67.43
INDNIPPON, 29-Sep-2026,1295.1,1311.6,1226.0,1244.8,1290.6,71735,902.83,7492,33686.0,46.96
INDOAMIN, 29-Sep-2026,140.0,149.6,137.65,145.45,137.47,626536,908.66,8450,290855.0,46.42
INDOBORAX, 29-Sep-2026,487.8,497.5,465.55,489.5,477.55,1031179,4983.22,28514,159518.0,15.47
INDOCO, 29-Sep-2026,249.8,284.77,249.2,269.15,249.06,19854651,54469.37,224875,1172058.0,5.9
INDOFARM, 29-Sep-2026,134.66,136.0,132.02,133.17,134.27,56934,76.04,1501,30087.0,52.85
INDOKEM, 29-Sep-2026,607.0,626.35,595.0,617.0,609.0,5978,36.36,414,3803.0,63.62
INDOMIM, 29-Sep-2026,1230.0,1288.9,1210.0,1248.15,1227.6,1464214,18329.34,56001,714163.0,48.77
INDORAMA, 29-Sep-2026,101.55,104.45,94.8,103.44,100.8,1899725,1911.7,22921,464322.0,24.44
INDOSTAR, 29-Sep-2026,208.0,217.19,208.0,209.04,210.85,139436,295.52,2794,92216.0,66.14
INDOTECH, 29-Sep-2026,3225.0,3270.0,3079.9,3186.2,3133.7,17139,543.77,3654,7252.0,42.31
INDOTHAI, 29-Sep-2026,30.03,31.93,29.0,31.93,30.41,1236632,377.27,4316,607700.0,49.14
INDOUS, 29-Sep-2026,77.47,79.0,77.0,77.42,77.9,3010,2.36,67,2869.0,95.32
INDOWIND, 29-Sep-2026,8.79,8.92,8.48,8.86,8.64,87824,7.66,686,62529.0,71.2
INDPRUD, 29-Sep-2026,6100.0,6450.0,6100.0,6358.0,6092.5,83,5.25,20,81.0,97.59
INDRAMEDCO, 29-Sep-2026,360.0,363.15,352.0,354.8,360.0,406266,1444.71,6658,283619.0,69.81
INDSWFTLAB, 29-Sep-2026,409.1,417.25,403.15,413.1,408.1,445415,1827.57,10189,165313.0,37.11
INDTERRAIN, 29-Sep-2026,29.6,29.6,29.02,29.3,29.49,14638,4.27,88,12262.0,83.77
INDUSINDBK, 29-Sep-2026,905.1,908.1,878.0,878.0,909.7,3205911,28606.52,55117,2064779.0,64.41
INDUSINVIT, 29-Sep-2026,131.3,132.57,129.9,131.0,130.55,192902,253.35,6081,140210.0,72.68
INDUSTOWER, 29-Sep-2026,359.0,373.05,358.2,367.55,360.0,8836110,32563.8,74451,4344795.0,49.17
INFINIUM, 29-Sep-2026,260.0,266.5,258.0,266.5,268.5,5000,13.06,10,4500.0,90.0
INFLUX, 29-Sep-2026,269.9,269.9,250.0,262.9,270.9,81000,210.49,127,55800.0,68.89
INFOBEAN, 29-Sep-2026,144.0,146.38,142.25,143.78,144.42,135403,195.59,2580,57692.0,42.61
INFOLLION, 29-Sep-2026,146.15,154.95,145.0,152.55,152.0,10400,15.6,21,6800.0,65.38
INFOMEDIA, 29-Sep-2026,5.19,5.48,5.06,5.19,5.17,8965,0.47,48,7611.0,84.9
INFRA, 29-Sep-2026,11.49,11.52,11.39,11.48,11.5,39577,4.54,185,26915.0,68.01
INFRABEES, 29-Sep-2026,911.99,911.99,900.23,908.55,911.99,10881,98.7,867,5488.0,50.44
INFRAIETF, 29-Sep-2026,92.32,92.32,89.77,90.62,90.51,52214,47.12,3232,27207.0,52.11
INFY, 29-Sep-2026,1002.6,1015.4,980.4,1015.4,1003.2,12992711,129220.93,210984,8332513.0,64.13
INGERRAND, 29-Sep-2026,4226.8,4238.6,4180.0,4195.0,4226.8,5857,246.6,1934,2391.0,40.82
INM, 29-Sep-2026,149.0,150.05,149.0,150.0,136.0,15000,22.45,16,15000.0,100.0
INNOMET, 29-Sep-2026,290.35,290.35,283.75,283.75,289.5,25800,73.37,18,25200.0,97.67
INNOVACAP, 29-Sep-2026,1265.0,1314.8,1259.1,1271.2,1271.2,147937,1900.67,34133,63118.0,42.67
INNOVANA, 29-Sep-2026,295.8,299.75,285.0,291.5,289.65,31625,91.75,761,6870.0,21.72
INNOVISION, 29-Sep-2026,251.7,255.0,251.5,253.7,251.7,4268,10.8,225,2189.0,51.29
INOXGREEN, 29-Sep-2026,170.0,171.0,162.8,163.96,170.0,2050781,3402.85,27373,891034.0,43.45
INOXINDIA, 29-Sep-2026,2056.5,2092.4,2032.2,2070.4,2051.1,363480,7501.5,42120,191451.0,52.67
INOXWIND, 29-Sep-2026,72.0,73.04,70.57,71.5,72.0,8301480,5970.8,30950,2817440.0,33.94
INSECTICID, 29-Sep-2026,600.1,600.1,580.5,588.9,598.35,13561,79.69,1349,7115.0,52.47
INSPIRISYS, 29-Sep-2026,85.49,87.99,84.51,85.92,84.99,5984,5.11,108,4574.0,76.44
INSUREIETF, 29-Sep-2026,14.78,14.78,14.51,14.61,14.78,1232738,179.51,430,1007651.0,81.74
INTELLECT, 29-Sep-2026,628.6,629.9,609.4,613.25,631.55,262246,1626.85,16942,126625.0,48.28
INTENTECH, 29-Sep-2026,81.25,82.98,81.25,82.63,83.05,4813,3.97,104,3550.0,73.76
INTERARCH, 29-Sep-2026,1718.6,1718.6,1678.7,1690.2,1706.2,24515,415.27,2955,13119.0,53.51
INTERNET, 29-Sep-2026,13.91,13.91,13.5,13.68,13.92,479174,65.22,530,401108.0,83.71
INTLCONV, 29-Sep-2026,79.9,80.86,79.9,80.0,79.9,35739,28.63,643,25266.0,70.7
INVENTURE, 29-Sep-2026,0.87,0.87,0.85,0.86,0.87,1105528,9.57,329,517279.0,46.79
IOB, 29-Sep-2026,31.74,31.98,30.51,30.95,31.74,15845308,4918.05,41056,9487701.0,59.88
IOC, 29-Sep-2026,133.32,134.31,131.02,131.33,133.32,10116269,13399.58,84956,5536542.0,54.73
IOLCP, 29-Sep-2026,196.25,202.75,196.24,201.48,196.29,1550901,3103.33,26943,501607.0,32.34
IONEXCHANG, 29-Sep-2026,420.4,424.05,406.35,410.2,422.9,190265,789.65,16992,82028.0,43.11
IPCALAB, 29-Sep-2026,1919.7,1980.0,1919.7,1938.1,1919.3,246042,4789.77,32884,121687.0,49.46
IPHL, 29-Sep-2026,72.5,72.5,71.8,71.9,72.2,9600,6.94,7,9600.0,100.0
IPL, 29-Sep-2026,131.8,133.85,128.05,133.12,131.56,241268,315.54,4133,102385.0,42.44
IPRINGLTD, 29-Sep-2026,135.99,144.14,135.1,136.13,136.17,2024,2.81,63,1872.0,92.49
IRB, 29-Sep-2026,17.12,17.12,16.75,16.98,17.14,14681424,2488.98,29050,5531202.0,37.67
IRBINVIT, 29-Sep-2026,64.35,64.6,64.0,64.17,64.33,520170,334.21,6639,482050.0,92.67
IRCON, 29-Sep-2026,103.0,104.4,101.6,102.47,103.25,1966663,2022.82,27847,724076.0,36.82
IRCTC, 29-Sep-2026,454.0,456.0,448.55,452.55,453.5,645641,2920.77,32804,329024.0,50.96
IREDA, 29-Sep-2026,114.82,116.54,111.0,111.0,114.82,8686276,9873.38,47952,1839728.0,21.18
IRFC, 29-Sep-2026,78.7,80.26,77.07,80.26,78.55,15747317,12350.58,63417,5237730.0,33.26
IRIS, 29-Sep-2026,228.94,234.85,223.0,230.23,226.57,26828,60.84,882,18472.0,68.85
IRISDOREME, 29-Sep-2026,63.0,66.17,62.11,62.8,62.78,537555,344.18,5937,119118.0,22.16
IRMENERGY, 29-Sep-2026,261.65,269.0,259.05,267.25,265.4,96668,257.07,3037,61613.0,63.74
ISGEC, 29-Sep-2026,890.0,890.0,872.2,880.1,886.45,49547,435.6,7537,26062.0,52.6
ISHANCH, 29-Sep-2026,48.05,50.81,46.5,47.35,50.07,19242,9.23,266,12110.0,62.94
ISTLTD, 29-Sep-2026,635.05,655.0,635.0,640.0,639.6,171,1.1,34,157.0,91.81
IT, 29-Sep-2026,31.32,31.47,30.6,30.72,31.31,319509,98.6,1783,156322.0,48.93
ITADD, 29-Sep-2026,30.01,30.2,29.18,29.5,29.9,13380,3.95,246,6999.0,52.31
ITALIANE, 29-Sep-2026,30.5,30.5,30.5,30.5,30.3,2000,0.61,1,2000.0,100.0
ITAXIS, 29-Sep-2026,308.0,312.0,305.0,311.83,308.97,5777,17.78,62,4293.0,74.31
ITBEES, 29-Sep-2026,31.23,31.85,30.75,30.8,31.23,9287804,2873.18,21664,4842070.0,52.13
ITBETA, 29-Sep-2026,294.1,294.1,290.8,292.46,295.33,707,2.07,22,476.0,67.33
ITC, 29-Sep-2026,265.45,266.75,263.3,265.1,265.2,14419948,38212.07,139214,10034744.0,69.59
ITCHOTELS, 29-Sep-2026,158.02,162.0,156.33,160.53,158.57,1965803,3136.95,35195,965912.0,49.14
ITDC, 29-Sep-2026,662.5,670.85,645.55,657.15,662.5,96658,635.9,9159,24714.0,25.57
ITETF, 29-Sep-2026,29.87,30.45,29.19,29.35,29.87,447506,131.82,1235,170995.0,38.21
ITI, 29-Sep-2026,245.9,247.65,240.1,243.4,245.8,179421,437.55,10514,65447.0,36.48
ITIETF, 29-Sep-2026,30.52,31.41,30.52,30.82,31.31,492189,152.37,1715,244219.0,49.62
ITL, 29-Sep-2026,361.6,361.6,343.05,353.0,357.7,2146,7.5,41,2092.0,97.48
ITTL, 29-Sep-2026,61.65,61.65,61.65,61.65,62.9,315,0.19,3,315.0,100.0
IVALUE, 29-Sep-2026,218.47,228.4,215.82,224.61,219.21,118885,263.76,4163,48232.0,40.57
IVC, 29-Sep-2026,7.88,7.9,7.62,7.68,7.81,134792,10.43,1016,90714.0,67.3
IVZBANKNF, 29-Sep-2026,53.97,55.8,53.5,54.46,54.37,558,0.3,21,508.0,91.04
IVZINGOLD, 29-Sep-2026,127.5,127.5,126.05,127.25,127.7,63981,81.39,394,61337.0,95.87
IVZINNIFTY, 29-Sep-2026,269.42,269.42,260.1,261.7,262.85,1197,3.13,44,1058.0,88.39
IVZSENSEX, 29-Sep-2026,73.0,73.97,72.15,73.03,73.01,1281,0.93,23,793.0,61.9
IWARE, 29-Sep-2026,389.0,397.4,381.65,382.1,383.0,8400,32.66,14,6600.0,78.57
IWP, 29-Sep-2026,39.95,42.4,34.36,36.88,40.96,466683,182.38,3450,186415.0,39.94
IXIGO, 29-Sep-2026,155.16,160.5,152.51,160.24,155.08,643712,1017.68,13354,280696.0,43.61
IZMO, 29-Sep-2026,879.0,902.9,873.6,888.2,873.55,57013,506.0,4488,20390.0,35.76
J&KBANK, 29-Sep-2026,142.63,143.64,138.0,138.52,142.25,2354937,3289.87,41545,1264933.0,53.71
JAGRAN, 29-Sep-2026,62.23,62.4,61.3,62.01,62.05,151788,93.97,1764,105948.0,69.8
JAGSNPHARM, 29-Sep-2026,239.02,240.87,232.3,234.71,241.02,93102,220.08,2789,40453.0,43.45
JAIBALAJI, 29-Sep-2026,63.55,64.36,62.05,63.35,63.51,338779,214.75,3234,144050.0,42.52
JAICORPLTD, 29-Sep-2026,92.49,92.49,89.64,91.8,92.18,253730,230.68,4046,96527.0,38.04
JAINAM, 29-Sep-2026,201.5,201.5,201.5,201.5,212.0,1000,2.02,1,1000.0,100.0
JAINIK, 29-Sep-2026,204.0,204.0,204.0,204.0,204.0,1200,2.45,1,1200.0,100.0
JAINREC, 29-Sep-2026,282.0,294.45,277.1,287.65,281.75,1712900,4916.59,37733,490599.0,28.64
JAIPURKURT, 29-Sep-2026,25.0,26.0,24.61,25.86,25.48,4946,1.27,67,4229.0,85.5
JALAN, 29-Sep-2026,1.7,1.7,1.7,1.7,1.75,3000,0.05,1,3000.0,100.0
JAMNAAUTO, 29-Sep-2026,139.4,139.4,134.91,136.27,139.68,1537760,2101.85,26946,609845.0,39.66
JARO, 29-Sep-2026,423.0,428.3,418.5,421.55,423.4,88930,376.47,2677,17795.0,20.01
JASH, 29-Sep-2026,591.05,602.8,583.0,598.4,588.75,588225,3508.37,18020,220280.0,37.45
JAYAGROGN, 29-Sep-2026,231.2,233.48,223.0,225.44,230.42,23666,53.85,702,15698.0,66.33
JAYBARMARU, 29-Sep-2026,123.5,127.9,120.61,124.6,122.52,649558,810.64,10980,258274.0,39.76
JAYBEE, 29-Sep-2026,90.7,102.0,90.7,96.3,89.85,73500,72.0,120,47000.0,63.95
JAYESH, 29-Sep-2026,125.0,125.0,122.0,124.9,125.0,9000,11.18,6,5000.0,55.56
JAYKAY, 29-Sep-2026,208.0,209.99,197.0,205.01,203.81,572922,1163.43,9251,237378.0,41.43
JAYKAYPP, 29-Sep-2026,160.0,164.8,154.1,159.31,166.31,74135,116.67,492,71548.0,96.51
JAYNECOIND, 29-Sep-2026,87.2,94.4,86.77,92.66,87.98,5809490,5351.58,35747,1858220.0,31.99
JAYSREETEA, 29-Sep-2026,86.8,87.95,85.0,85.75,86.83,36212,31.22,670,24179.0,66.77
JBMA, 29-Sep-2026,571.05,576.35,561.0,563.15,571.05,211192,1193.38,13886,86709.0,41.06
JENBURPH, 29-Sep-2026,926.1,954.0,919.1,924.0,926.1,2829,26.25,156,2274.0,80.38
JETFREIGHT, 29-Sep-2026,21.45,21.78,20.51,20.63,21.01,289665,61.02,2132,115748.0,39.96
JEYYAM, 29-Sep-2026,20.75,20.75,20.0,20.7,20.25,18000,3.67,9,14000.0,77.78
JFLLIFE, 29-Sep-2026,10.05,10.05,9.85,10.0,10.35,102000,10.16,10,84000.0,82.35
JGCHEM, 29-Sep-2026,624.95,667.2,611.05,658.65,620.8,1558962,10178.97,60518,397050.0,25.47
JHS, 29-Sep-2026,8.99,10.57,8.58,10.38,8.81,2324625,233.77,4740,934832.0,40.21
JINDALPHOT, 29-Sep-2026,1047.1,1054.9,1040.4,1043.4,1051.0,1109,11.57,126,902.0,81.33
JINDALPOLY, 29-Sep-2026,679.95,685.35,667.05,675.3,679.65,10340,69.71,1048,4810.0,46.52
JINDALSAW, 29-Sep-2026,277.6,279.9,272.3,277.7,276.15,904937,2503.07,23070,419046.0,46.31
JINDALSTEL, 29-Sep-2026,1137.5,1149.0,1126.9,1130.0,1139.6,760609,8643.18,21549,415288.0,54.6
JINDRILL, 29-Sep-2026,620.9,620.9,596.4,599.95,624.15,389254,2363.12,14200,85733.0,22.02
JINDWORLD, 29-Sep-2026,48.77,48.77,46.52,47.07,48.69,3110654,1464.9,9626,835517.0,26.86
JIOFIN, 29-Sep-2026,220.5,220.5,215.36,217.56,220.5,17125032,37282.87,133006,8035418.0,46.92
JISLDVREQS, 29-Sep-2026,19.37,19.93,19.01,19.46,19.8,15311,2.98,161,12802.0,83.61
JISLJALEQS, 29-Sep-2026,28.77,29.17,28.3,28.97,28.88,1693123,487.74,7458,951765.0,56.21
JITFINFRA, 29-Sep-2026,284.9,285.95,275.0,277.15,284.15,11547,32.16,695,5797.0,50.2
JKCEMENT, 29-Sep-2026,4993.5,4993.5,4810.5,4824.5,4993.5,29444,1436.36,9967,17345.0,58.91
JKIL, 29-Sep-2026,461.9,462.25,450.0,451.4,461.25,54972,249.18,3612,33294.0,60.57
JKIPL, 29-Sep-2026,95.46,98.07,95.05,97.69,97.41,2440,2.36,79,1877.0,76.93
JKLAKSHMI, 29-Sep-2026,493.45,493.45,482.05,490.15,494.8,450744,2200.9,24973,203759.0,45.21
JKPAPER, 29-Sep-2026,398.2,403.9,388.35,391.35,398.15,252465,991.24,9542,132131.0,52.34
JKTYRE, 29-Sep-2026,338.8,340.25,333.1,334.8,337.8,481192,1617.02,20376,178694.0,37.14
JLHL, 29-Sep-2026,263.7,264.8,254.2,262.05,263.85,1466095,3804.22,35663,833305.0,56.84
JMA, 29-Sep-2026,88.97,90.5,85.34,89.34,87.81,7272,6.42,226,3822.0,52.56
JMFINANCIL, 29-Sep-2026,124.1,126.7,123.19,125.78,125.25,2566558,3211.93,18994,1397735.0,54.46
JNKINDIA, 29-Sep-2026,422.85,464.0,413.7,451.75,420.0,713779,3211.84,26022,189169.0,26.5
JNPR, 29-Sep-2026,265.0,275.0,263.25,272.3,269.95,899121,2427.4,29993,557363.0,61.99
JOCIL, 29-Sep-2026,146.4,148.47,143.1,145.17,147.0,1114,1.62,61,913.0,81.96
JPOLYINVST, 29-Sep-2026,927.8,976.9,909.1,950.0,911.5,6912,64.38,773,3761.0,54.41
JPPOWER, 29-Sep-2026,15.55,15.62,15.15,15.26,15.52,34858936,5340.7,1580697,11769286.0,33.76
JSFB, 29-Sep-2026,500.0,506.65,486.95,503.7,499.2,605661,3017.06,20741,251372.0,41.5
JSL, 29-Sep-2026,746.9,750.0,726.0,738.3,745.7,614585,4554.72,33116,348025.0,56.63
JSLL, 29-Sep-2026,501.9,515.85,486.6,509.45,501.9,1183266,5908.51,46243,559829.0,47.31
JSWCEMENT, 29-Sep-2026,112.49,112.99,111.02,112.58,112.49,1286428,1443.95,33566,793975.0,61.72
JSWDULUX, 29-Sep-2026,3169.8,3169.8,3005.2,3034.4,3169.8,187186,5697.14,21896,116828.0,62.41
JSWENERGY, 29-Sep-2026,495.0,501.15,489.1,501.15,495.0,1639218,8127.66,31627,1014140.0,61.87
JSWHL, 29-Sep-2026,10920.0,11169.0,10881.0,11000.0,11026.0,1807,198.71,916,772.0,42.72
JSWINFRA, 29-Sep-2026,347.25,353.3,342.05,350.0,348.75,2469980,8601.55,66550,1154348.0,46.74
JSWSTEEL, 29-Sep-2026,1260.7,1272.4,1246.6,1272.4,1264.1,2499215,31568.72,61456,1702154.0,68.11
JTEKTINDIA, 29-Sep-2026,116.55,117.76,114.2,115.84,116.21,66051,76.48,1388,33561.0,50.81
JTLIND, 29-Sep-2026,88.5,90.5,85.98,88.88,87.87,2186784,1932.57,18249,874819.0,40.0
JUBLCPL, 29-Sep-2026,2124.6,2154.7,2094.2,2107.4,2117.3,6652,141.15,923,3106.0,46.69
JUBLFOOD, 29-Sep-2026,478.5,478.55,460.2,463.0,478.7,2376051,11080.55,61380,839013.0,35.31
JUBLINGREA, 29-Sep-2026,657.1,657.2,635.2,639.1,654.8,250387,1617.4,16295,108906.0,43.5
JUBLPHARMA, 29-Sep-2026,1058.0,1089.65,1036.2,1048.2,1060.45,1060299,11186.17,54176,678555.0,64.0
JUNIORBEES, 29-Sep-2026,765.0,765.0,753.66,761.66,761.9,412917,3131.28,12326,251290.0,60.86
JUNIPER, 29-Sep-2026,216.62,216.62,212.35,213.95,214.76,93329,200.07,3359,61489.0,65.88
JUSTDIAL, 29-Sep-2026,662.6,665.0,642.4,656.5,658.95,97629,639.98,4817,35167.0,36.02
JWL, 29-Sep-2026,223.71,223.71,218.45,219.82,222.23,627200,1385.26,19473,252890.0,40.32
JYOTHYLAB, 29-Sep-2026,189.5,189.75,184.0,184.26,189.66,469986,870.56,22847,257544.0,54.8
JYOTICNC, 29-Sep-2026,1044.0,1076.95,1035.25,1059.3,1046.1,703728,7445.17,30044,275991.0,39.22
JYOTIGLOBL, 29-Sep-2026,43.8,43.8,43.7,43.75,46.0,6000,2.63,3,6000.0,100.0
JYOTIRES, 29-Sep-2026,854.9,855.0,831.25,840.95,841.9,7605,64.1,705,3988.0,52.44
JYOTISTRUC, 29-Sep-2026,8.76,9.26,8.62,9.07,8.75,9980402,899.41,9011,2912966.0,29.19
K2INFRA, 29-Sep-2026,43.0,45.0,43.0,44.9,42.85,15000,6.67,25,12600.0,84.0
KABRAEXTRU, 29-Sep-2026,831.1,841.9,820.0,829.8,863.15,317848,2622.15,5228,192365.0,60.52
KAJARIACER, 29-Sep-2026,1179.6,1223.7,1167.0,1190.5,1189.5,2954458,35185.22,31965,2718056.0,92.0
KAKATCEM, 29-Sep-2026,105.61,107.9,105.61,107.83,106.84,418,0.45,14,309.0,73.92
KALAMANDIR, 29-Sep-2026,78.99,79.5,75.37,76.19,78.14,739776,568.97,5160,407766.0,55.12
KALANA, 29-Sep-2026,18.0,18.0,18.0,18.0,17.9,2000,0.36,1,2000.0,100.0
KALPATARU, 29-Sep-2026,275.8,292.0,268.25,278.8,275.8,108375,297.94,1447,29323.0,27.06
KALYANKJIL, 29-Sep-2026,566.0,580.0,561.45,568.85,564.0,9165283,52375.7,104008,1746271.0,19.05
KAMAHOLD, 29-Sep-2026,2217.9,2284.8,2217.8,2241.1,2203.6,5222,117.34,1913,2603.0,49.85
KAMANWALA, 29-Sep-2026,16.5,17.1,16.5,17.1,17.49,3229,0.53,15,3223.0,99.81
KAMATHOTEL, 29-Sep-2026,236.26,238.4,229.25,236.71,233.18,58707,137.41,1860,31022.0,52.84
KAMDHENU, 29-Sep-2026,38.26,38.85,37.41,38.41,39.0,838480,319.97,3394,462992.0,55.22
KAMOPAINTS, 29-Sep-2026,4.18,4.18,4.06,4.1,4.12,158679,6.51,614,108201.0,68.19
KANANIIND, 29-Sep-2026,1.37,1.38,1.33,1.36,1.35,60761,0.82,179,36402.0,59.91
KANCHI, 29-Sep-2026,380.0,394.7,370.0,391.0,379.9,3227,12.44,130,2709.0,83.95
KANCOTEA, 29-Sep-2026,54.9,54.9,53.9,54.55,54.55,142,0.08,7,142.0,100.0
KANDARP, 29-Sep-2026,66.35,66.35,66.05,66.05,69.5,12000,7.93,12,9000.0,75.0
KANOHAR, 29-Sep-2026,819.0,877.8,805.0,862.75,811.15,3500592,29836.94,117390,637065.0,18.2
KANPRPLA, 29-Sep-2026,261.85,262.0,243.45,245.2,250.9,17259,43.06,750,11171.0,64.73
KANSAINER, 29-Sep-2026,178.06,182.59,173.6,181.33,177.48,670486,1189.45,10129,447842.0,66.79
KAPSTON, 29-Sep-2026,549.6,568.95,539.1,555.7,537.8,642974,3542.58,5075,552119.0,85.87
KARAMTARA, 29-Sep-2026,357.45,363.0,346.35,359.45,357.8,1239083,4413.62,29530,351235.0,28.35
KARMAENG, 29-Sep-2026,38.95,39.14,35.11,37.9,39.14,7088,2.66,117,5469.0,77.16
KARNIKA, 29-Sep-2026,124.0,126.0,123.9,125.0,124.1,20000,24.93,17,16000.0,80.0
KARURVYSYA, 29-Sep-2026,320.75,325.4,312.7,318.15,320.75,2868750,9095.3,55778,1607000.0,56.02
KATARIA, 29-Sep-2026,151.5,151.5,147.1,147.1,152.3,8400,12.46,8,7800.0,92.86
KAYNES, 29-Sep-2026,3650.0,3707.2,3500.0,3511.5,3658.0,1474271,53171.79,86140,340987.0,23.13
KAYTEX, 29-Sep-2026,55.5,56.8,55.5,56.8,55.5,3200,1.79,4,2400.0,75.0
KCEIL, 29-Sep-2026,78.0,81.0,78.0,80.5,76.9,9000,7.18,18,7500.0,83.33
KCK, 29-Sep-2026,14.4,14.4,14.15,14.3,14.2,50000,7.16,18,47500.0,95.0
KCP, 29-Sep-2026,156.51,157.84,153.21,156.19,157.28,62111,96.9,1303,36477.0,58.73
KDDL, 29-Sep-2026,4014.1,4069.9,3874.0,3931.6,4014.1,23844,950.94,5983,10901.0,45.72
KDGREEN, 29-Sep-2026,48.8,48.88,46.16,48.53,46.76,29728,14.21,1067,12995.0,43.71
KDL, 29-Sep-2026,52.25,52.25,52.25,52.25,55.0,2700,1.41,17,2700.0,100.0
KEC, 29-Sep-2026,390.35,390.35,375.1,378.35,390.55,1237151,4717.46,33489,634255.0,51.27
KECL, 29-Sep-2026,119.15,122.9,118.0,121.4,120.07,121001,146.06,2405,71682.0,59.24
KEEPLEARN, 29-Sep-2026,1.92,1.92,1.82,1.84,1.87,26860,0.5,48,23057.0,85.84
KEI, 29-Sep-2026,4500.0,4521.0,4457.5,4461.0,4516.0,622806,27958.05,42130,369568.0,59.34
KELLTONTEC, 29-Sep-2026,13.14,13.26,12.65,13.05,13.09,1990721,258.47,4105,807266.0,40.55
KEN, 29-Sep-2026,40.0,41.05,40.0,41.0,40.9,7200,2.94,6,6000.0,83.33
KENNAMET, 29-Sep-2026,4167.9,4172.9,4012.5,4039.6,4134.1,30755,1251.98,6068,18366.0,59.72
KERNEX, 29-Sep-2026,1713.8,1763.0,1682.8,1744.1,1713.8,139115,2411.52,15812,55529.0,39.92
KESORAMIND, 29-Sep-2026,10.87,11.24,10.52,10.84,11.02,995639,107.18,2573,563125.0,56.56
KEYFINSERV, 29-Sep-2026,230.0,237.6,225.0,233.0,223.7,1236,2.87,76,673.0,54.45
KFINTECH, 29-Sep-2026,880.2,889.45,838.2,838.2,884.05,1459780,12529.24,52490,636373.0,43.59
KHAICHEM, 29-Sep-2026,49.3,50.35,49.0,49.22,49.51,86844,43.08,1749,44156.0,50.85
KHAITANLTD, 29-Sep-2026,144.0,153.8,135.4,150.01,146.69,4152,6.05,170,2078.0,50.05
KHANDSE, 29-Sep-2026,17.4,18.4,16.86,17.06,17.5,11517,1.96,68,11002.0,95.53
KHERIAAUTO, 29-Sep-2026,97.4,101.1,91.5,101.1,96.3,334800,330.43,225,297600.0,88.89
KHFM, 29-Sep-2026,40.95,40.95,40.95,40.95,40.15,1550,0.63,1,1550.0,100.0
KICL, 29-Sep-2026,4940.0,4940.0,4750.5,4773.0,4869.5,1097,52.61,339,607.0,55.33
KIMS, 29-Sep-2026,766.0,781.75,759.35,769.9,766.45,403013,3110.12,23844,181226.0,44.97
KINGFA, 29-Sep-2026,6384.0,6594.5,6376.5,6524.5,6384.0,22165,1441.61,6576,8353.0,37.69
KIOCL, 29-Sep-2026,332.1,338.0,328.0,336.1,331.0,57228,190.95,2267,18058.0,31.55
KIRANVYPAR, 29-Sep-2026,185.0,195.0,169.82,189.66,185.17,29509,53.04,874,21801.0,73.88
KIRIINDUS, 29-Sep-2026,542.0,560.0,538.5,543.45,541.95,476341,2611.35,10114,198967.0,41.77
KIRLFER, 29-Sep-2026,469.4,476.8,461.0,474.4,468.95,99857,470.19,5395,60477.0,60.56
KIRLOSBROS, 29-Sep-2026,1732.3,1936.1,1714.1,1848.3,1732.3,457358,8314.45,47016,185309.0,40.52
KIRLOSENG, 29-Sep-2026,2141.2,2444.0,2124.3,2402.0,2141.2,5298949,124044.32,285547,1268836.0,23.95
KIRLOSIND, 29-Sep-2026,3543.0,3640.0,3465.1,3578.6,3520.5,7323,259.92,1782,1994.0,27.23
KIRLPNU, 29-Sep-2026,675.3,690.0,669.6,684.4,678.65,133945,913.52,12617,61012.0,45.55
KISSHT, 29-Sep-2026,345.05,362.55,340.05,358.65,344.9,2096454,7419.52,41118,925153.0,44.13
KITEX, 29-Sep-2026,115.98,116.63,114.36,115.56,116.13,260341,300.13,3912,141575.0,54.38
KJMCFIN, 29-Sep-2026,58.12,60.0,57.8,59.0,58.12,3969,2.31,37,3719.0,93.7
KKCL, 29-Sep-2026,462.05,471.35,455.0,467.1,462.15,34175,158.35,1729,14768.0,43.21
KKJEWELS, 29-Sep-2026,96.9,96.9,96.9,96.9,94.25,1000,0.97,1,1000.0,100.0
KLBRENG-B, 29-Sep-2026,515.0,532.0,500.5,525.55,514.4,393122,2051.43,8146,238237.0,60.6
KLL, 29-Sep-2026,40.2,43.65,40.15,41.95,42.25,40800,16.52,38,36000.0,88.24
KMCSHIL, 29-Sep-2026,165.32,165.32,160.0,161.98,165.33,300278,487.82,7498,110923.0,36.94
KMEW, 29-Sep-2026,2965.1,3099.9,2892.7,3064.8,2876.9,644521,19469.22,65750,257399.0,39.94
KMSUGAR, 29-Sep-2026,32.67,33.0,31.01,31.86,32.67,282268,89.2,2142,153798.0,54.49
KNACK, 29-Sep-2026,177.05,183.0,176.0,176.58,176.65,468586,834.91,7722,171544.0,36.61
KNAGRI, 29-Sep-2026,205.98,205.98,195.3,199.92,205.05,4172,8.31,134,3135.0,75.14
KNRCON, 29-Sep-2026,117.39,120.9,115.64,119.33,117.39,879023,1036.76,12159,332791.0,37.86
KODYTECH, 29-Sep-2026,1460.0,1493.0,1455.0,1479.0,1490.0,1600,23.6,15,1400.0,87.5
KOHINOOR, 29-Sep-2026,30.29,31.45,29.27,30.99,30.07,264191,79.97,3746,52852.0,20.01
KOKUYOCMLN, 29-Sep-2026,74.6,75.8,74.0,74.72,74.64,16933,12.6,362,14922.0,88.12
KOLTEPATIL, 29-Sep-2026,425.5,431.9,418.0,427.05,425.6,42087,177.95,3763,21402.0,50.85
KONSTELEC, 29-Sep-2026,60.0,60.0,59.0,59.25,59.1,3000,1.79,3,3000.0,100.0
KOPRAN, 29-Sep-2026,277.86,292.3,275.77,290.9,277.97,1181235,3391.2,14844,525509.0,44.49
KORE, 29-Sep-2026,198.15,198.6,180.1,188.2,189.15,34750,68.01,75,33000.0,94.96
KOTAKBANK, 29-Sep-2026,401.25,409.25,394.7,406.0,401.55,32613940,131775.79,226111,24743358.0,75.87
KOTHARIPET, 29-Sep-2026,131.22,133.84,127.35,128.97,130.84,55694,72.71,1051,36395.0,65.35
KOTHARIPRO, 29-Sep-2026,64.6,66.64,64.6,65.09,66.01,3197,2.08,132,1873.0,58.59
KOTIC, 29-Sep-2026,149.07,154.65,147.42,150.12,151.06,10324,15.46,527,5828.0,56.45
KOTYARK, 29-Sep-2026,26.95,30.9,24.55,29.39,26.47,1583442,438.82,8773,568781.0,35.92
KOVAI, 29-Sep-2026,6079.5,6079.5,5974.0,6013.5,6025.0,3341,200.27,670,2323.0,69.53
KPEL, 29-Sep-2026,220.0,225.0,215.64,224.03,220.54,215474,475.57,5723,88398.0,41.02
KPIGREEN, 29-Sep-2026,356.0,373.5,351.5,371.25,357.35,3575742,13055.11,51106,1019889.0,28.52
KPIL, 29-Sep-2026,1378.0,1390.0,1345.1,1365.1,1375.6,186265,2548.3,26759,89381.0,47.99
KPITTECH, 29-Sep-2026,510.25,519.7,495.5,519.7,509.0,3351279,17008.87,52998,1893894.0,56.51
KPL, 29-Sep-2026,3565.4,3691.4,3558.9,3625.1,3576.9,18009,653.53,3872,5259.0,29.2
KPRMILL, 29-Sep-2026,1099.8,1102.9,1066.3,1081.5,1101.2,160547,1744.83,17379,90786.0,56.55
KRBL, 29-Sep-2026,382.0,390.0,379.25,386.2,382.95,320487,1233.04,12196,139169.0,43.42
KREBSBIO, 29-Sep-2026,58.75,58.75,55.2,56.42,57.58,6270,3.55,115,3636.0,57.99
KRIDHANINF, 29-Sep-2026,1.9,1.9,1.83,1.88,1.89,17885,0.33,65,14478.0,80.95
KRISHANA, 29-Sep-2026,186.99,186.99,183.5,185.19,186.42,331174,614.39,5475,170534.0,51.49
KRISHCA, 29-Sep-2026,228.8,230.5,221.0,224.2,226.55,20500,46.36,38,13000.0,63.41
KRISHIVAL, 29-Sep-2026,414.0,415.0,400.25,403.95,413.65,18076,73.6,565,10089.0,55.81
KRISHNADEF, 29-Sep-2026,995.8,1030.0,986.6,1013.0,995.8,49354,497.23,6231,20617.0,41.77
KRITI, 29-Sep-2026,60.27,62.5,60.27,62.41,60.27,7772,4.81,112,6244.0,80.34
KRITIKA, 29-Sep-2026,5.12,5.12,4.62,5.01,5.0,160481,7.81,509,97471.0,60.74
KRITINUT, 29-Sep-2026,75.99,75.99,71.91,72.52,75.54,40415,29.4,747,28846.0,71.37
KRMAYURVED, 29-Sep-2026,300.75,306.95,297.65,305.25,299.3,59000,179.33,54,33000.0,55.93
KRN, 29-Sep-2026,1409.0,1455.0,1362.1,1443.1,1387.4,385834,5432.15,28391,228317.0,59.17
KROSS, 29-Sep-2026,260.0,267.93,251.94,261.83,260.23,849539,2213.04,18858,198641.0,23.38
KRSNAA, 29-Sep-2026,540.0,559.0,529.0,553.6,534.05,158426,863.34,5856,68751.0,43.4
KRT, 29-Sep-2026,112.97,114.0,112.5,113.54,112.97,1865001,2114.43,5033,1440519.0,77.24
KRYSTAL, 29-Sep-2026,621.4,624.0,612.0,619.75,621.65,3889,24.06,494,1845.0,47.44
KSB, 29-Sep-2026,801.25,855.0,796.55,824.8,801.25,755002,6184.95,37237,449920.0,59.59
KSCL, 29-Sep-2026,770.0,785.0,731.25,742.1,769.5,375646,2802.41,15890,58670.0,15.62
KSE, 29-Sep-2026,179.9,180.9,176.0,177.99,179.32,5760,10.23,400,3976.0,69.03
KSHINTL, 29-Sep-2026,988.0,1035.0,985.25,1028.4,984.55,216731,2195.11,19332,76037.0,35.08
KSL, 29-Sep-2026,953.0,976.8,934.0,964.35,952.35,77343,741.35,5290,36516.0,47.21
KSOLVES, 29-Sep-2026,245.6,249.6,243.05,247.4,245.5,25013,61.71,1697,14662.0,58.62
KTKBANK, 29-Sep-2026,322.0,326.1,317.35,324.25,321.85,1248849,4027.42,21027,541402.0,43.35
KUANTUM, 29-Sep-2026,76.94,79.59,76.0,76.73,76.71,117773,91.71,2825,42824.0,36.36
KUSUMGAR, 29-Sep-2026,619.9,628.85,600.05,606.25,617.35,228768,1411.19,22826,110925.0,48.49
KWIL, 29-Sep-2026,40.09,41.8,39.61,41.0,39.81,14145023,5779.49,38450,5591875.0,39.53
LAGNAM, 29-Sep-2026,73.99,73.99,71.12,72.02,73.02,12935,9.33,90,10850.0,83.88
LAHOTIOV, 29-Sep-2026,41.0,41.0,39.19,39.26,40.2,4167,1.66,12,3548.0,85.15
LAKSHMIMIL, 29-Sep-2026,7600.0,7799.5,7500.5,7620.0,7689.5,65,4.92,20,61.0,93.85
LAKSHYA, 29-Sep-2026,124.65,124.65,112.9,112.9,118.8,120800,142.86,120,73600.0,60.93
LAL, 29-Sep-2026,8.76,8.76,8.53,8.55,8.69,4755,0.41,61,4593.0,96.59
LALITHAA, 29-Sep-2026,358.0,375.0,357.35,375.0,357.15,6239745,23271.58,29775,2536675.0,40.65
LALPATHLAB, 29-Sep-2026,1943.6,1971.4,1930.6,1950.4,1942.1,401450,7853.05,50264,235934.0,58.77
LAMBODHARA, 29-Sep-2026,137.79,137.99,131.5,135.41,135.19,14809,19.8,424,6943.0,46.88
LAMOSAIC, 29-Sep-2026,49.0,51.95,49.0,50.0,51.0,9000,4.47,9,9000.0,100.0
LANCER, 29-Sep-2026,11.41,11.95,10.68,11.41,11.62,178590,20.3,767,121691.0,68.14
LANDMARK, 29-Sep-2026,484.0,537.85,475.0,487.0,475.9,16779945,87208.19,289779,680618.0,4.06
LANDSMILL, 29-Sep-2026,0.85,0.88,0.76,0.88,0.74,18968243,159.36,1780,10823039.0,57.06
LAOPALA, 29-Sep-2026,156.0,157.99,153.01,156.71,155.88,79146,122.92,3445,38314.0,48.41
LARGEMID50, 29-Sep-2026,34.58,34.62,34.35,34.54,34.69,5096,1.76,30,4952.0,97.17
LASERPOWER, 29-Sep-2026,263.9,273.7,257.15,270.45,262.4,755964,2014.3,13229,398549.0,52.72
LATENTVIEW, 29-Sep-2026,241.5,244.5,234.25,235.5,241.6,1133664,2688.99,26640,584373.0,51.55
LATTEYS, 29-Sep-2026,20.75,20.95,20.33,20.59,20.75,29919,6.16,222,22535.0,75.32
LAURUSLABS, 29-Sep-2026,2020.7,2024.9,1979.0,1979.0,2010.7,2431575,48714.53,65417,1498906.0,61.64
LAXMICOT, 29-Sep-2026,13.1,13.4,12.69,12.85,13.25,9658,1.28,59,8111.0,83.98
LAXMIDENTL, 29-Sep-2026,193.26,194.9,191.22,192.49,192.7,34056,65.67,1305,13930.0,40.9
LAXMIINDIA, 29-Sep-2026,118.84,121.0,114.51,118.84,118.26,141482,167.73,2532,68796.0,48.63
LCCINFOTEC, 29-Sep-2026,4.06,4.16,3.82,3.9,4.02,165072,6.6,264,124677.0,75.53
LCCPROJECT, 29-Sep-2026,149.5,152.5,148.12,150.82,149.35,1143036,1723.23,13014,308472.0,26.99
LCL, 29-Sep-2026,571.35,589.1,564.25,581.65,570.2,282585,1636.1,19746,101029.0,35.75
LEAPIND, 29-Sep-2026,135.0,139.6,133.94,137.44,135.36,1202434,1647.32,16607,402682.0,33.49
LEMERITE, 29-Sep-2026,19.15,20.3,19.01,19.95,20.01,618998,119.69,697,298923.0,48.29
LEMONTREE, 29-Sep-2026,103.82,104.7,102.0,104.17,103.82,1918428,1987.66,21734,978282.0,50.99
LENSKART, 29-Sep-2026,655.2,682.6,648.3,674.6,655.2,6208921,41518.62,119386,3931736.0,63.32
LEXUS, 29-Sep-2026,12.44,12.44,11.32,11.82,12.18,25447,3.03,191,20523.0,80.65
LFIC, 29-Sep-2026,130.0,132.9,129.06,129.51,131.49,1151,1.49,57,708.0,61.51
LGBBROSLTD, 29-Sep-2026,1730.4,1742.5,1699.8,1730.1,1730.6,26837,462.68,3959,15524.0,57.85
LGEINDIA, 29-Sep-2026,1724.0,1743.9,1704.1,1739.2,1730.7,622387,10771.35,49415,412377.0,66.26
LGHL, 29-Sep-2026,184.92,185.0,178.0,178.72,181.28,7220,13.18,267,1800.0,24.93
LIBAS, 29-Sep-2026,11.52,12.29,11.21,11.98,11.47,62782,7.36,301,50973.0,81.19
LIBERTSHOE, 29-Sep-2026,229.06,229.06,221.05,225.54,226.2,15992,35.86,872,9386.0,58.69
LICHSGFIN, 29-Sep-2026,564.55,566.75,548.5,548.5,564.15,2870480,16068.23,33040,1430540.0,49.84
LICI, 29-Sep-2026,400.0,401.0,390.0,390.0,400.65,9662972,38339.54,72675,6864799.0,71.04
LICMFGOLD, 29-Sep-2026,132.6,132.7,130.75,131.75,132.2,36707,48.36,553,18214.0,49.62
LICNETFGSC, 29-Sep-2026,28.98,29.12,28.9,29.06,28.98,204722,59.39,84,198006.0,96.72
LICNETFN50, 29-Sep-2026,262.57,262.57,254.06,256.9,256.17,463,1.18,44,265.0,57.24
LICNETFSEN, 29-Sep-2026,824.0,824.0,804.15,804.15,824.3,2,0.02,2,1.0,50.0
LICNFNHGP, 29-Sep-2026,270.81,271.47,258.0,268.85,265.5,181,0.48,23,108.0,59.67
LICNMID100, 29-Sep-2026,61.35,62.55,59.26,60.29,62.75,30506,18.46,312,10594.0,34.73
LIKHITHA, 29-Sep-2026,228.63,228.63,221.0,222.85,228.63,23060,51.71,798,14283.0,61.94
LINC, 29-Sep-2026,89.86,91.73,88.0,88.84,89.65,132429,118.99,580,124505.0,94.02
LINCOLN, 29-Sep-2026,583.0,595.9,582.0,584.3,581.85,15006,87.81,1005,7595.0,50.61
LINDEINDIA, 29-Sep-2026,6190.0,6335.0,6175.0,6199.5,6191.0,32043,1997.34,9312,14374.0,44.86
LIQGRWBEES, 29-Sep-2026,1057.37,1057.39,1057.36,1057.36,1057.23,121996,1289.94,174,116270.0,95.31
LIQUID, 29-Sep-2026,999.99,1000.0,999.99,999.99,999.99,319932,3199.3,197,187008.0,58.45
LIQUID1, 29-Sep-2026,1124.7,1147.04,1122.98,1124.68,1124.55,1751016,19695.87,4228,1056179.0,60.32
LIQUIDADD, 29-Sep-2026,1152.4,1152.4,1146.82,1146.82,1146.67,706908,8107.06,337,522227.0,73.87
LIQUIDBEES, 29-Sep-2026,1000.0,1000.01,994.99,1000.0,999.99,6333869,63338.8,6641,4634168.0,73.16
LIQUIDBETF, 29-Sep-2026,1100.77,1100.77,1100.75,1100.75,1100.63,290803,3201.04,120,187050.0,64.32
LIQUIDCASE, 29-Sep-2026,116.12,116.14,116.12,116.12,116.11,28943277,33610.97,15108,21506252.0,74.3
LIQUIDETF, 29-Sep-2026,999.99,1000.01,999.99,999.99,999.99,68481,684.81,226,48903.0,71.41
LIQUIDIETF, 29-Sep-2026,1000.0,1000.01,999.99,999.99,999.99,235047,2350.47,246,152325.0,64.81
LIQUIDPLUS, 29-Sep-2026,1106.75,1110.62,1105.23,1105.23,1105.09,560381,6193.6,292,495998.0,88.51
LIQUIDSBI, 29-Sep-2026,999.99,1000.01,999.99,1000.0,999.99,2804,28.04,27,2228.0,79.46
LIQUIDSHRI, 29-Sep-2026,1123.4,1123.42,1123.4,1123.41,1123.27,4650,52.24,16,3706.0,79.7
LKPSEC, 29-Sep-2026,13.9,14.44,13.7,14.27,13.76,4705,0.66,99,3756.0,79.83
LLOYDS, 29-Sep-2026,57.1,60.0,57.0,60.0,60.0,8000,4.65,8,6000.0,75.0
LLOYDSENGG, 29-Sep-2026,95.97,103.45,95.1,102.19,95.97,39990276,40090.47,146950,9956332.0,24.9
LLOYDSENT, 29-Sep-2026,76.3,80.4,75.12,79.13,76.33,4987982,3913.06,31941,2027680.0,40.65
LLOYDSME, 29-Sep-2026,1840.3,1908.1,1822.7,1902.2,1836.3,459165,8628.42,32649,241980.0,52.7
LMW, 29-Sep-2026,16967.0,17111.0,16761.0,16957.0,16966.0,2629,445.81,1132,1428.0,54.32
LODHA, 29-Sep-2026,1121.0,1128.0,1096.3,1106.6,1117.1,7960815,88424.1,64725,6249247.0,78.5
LOKESHMACH, 29-Sep-2026,335.0,347.65,319.0,341.55,326.1,34155,114.45,1523,19751.0,57.83
LORDSCHLO, 29-Sep-2026,151.0,151.0,139.01,140.34,148.2,26426,37.56,982,16211.0,61.34
LOTUSCHO, 29-Sep-2026,556.1,567.0,544.0,554.55,564.2,5152,28.42,407,3993.0,77.5
LOTUSEYE, 29-Sep-2026,115.0,117.0,112.62,113.2,114.78,11294,12.9,223,9058.0,80.2
LOVABLE, 29-Sep-2026,70.99,71.78,69.75,71.0,70.21,8575,6.03,124,5653.0,65.92
LOWVOL, 29-Sep-2026,195.08,195.39,194.4,195.1,195.72,1124,2.19,28,566.0,50.36
LOWVOL1, 29-Sep-2026,20.31,20.31,19.84,19.88,20.16,157672,31.48,12254,77098.0,48.9
LOWVOLIETF, 29-Sep-2026,21.12,21.39,20.59,20.85,21.0,959949,200.04,15431,478370.0,49.83
LOYALTEX, 29-Sep-2026,210.1,212.99,206.25,207.28,211.73,475,0.99,21,320.0,67.37
LPDC, 29-Sep-2026,6.14,6.53,6.14,6.22,6.41,66105,4.1,234,39164.0,59.25
LRRPL, 29-Sep-2026,103.0,103.05,103.0,103.05,98.15,28500,29.36,16,28500.0,100.0
LT, 29-Sep-2026,3768.0,3791.8,3740.2,3749.1,3766.4,2546475,95767.48,135267,1651943.0,64.87
LTF, 29-Sep-2026,279.5,281.3,269.45,271.05,280.85,13974932,38141.36,87146,7181741.0,51.39
LTFOODS, 29-Sep-2026,407.0,413.8,401.2,402.8,408.5,351308,1428.52,19134,172844.0,49.2
LTGILTBEES, 29-Sep-2026,29.52,29.6,29.52,29.55,29.52,1180432,348.86,551,1083562.0,91.79
LTGILTCASE, 29-Sep-2026,30.69,30.69,30.1,30.15,30.09,70790,21.34,176,68878.0,97.3
LTM, 29-Sep-2026,4091.4,4183.6,3936.0,3936.0,4091.4,1014142,41401.17,63179,518759.0,51.15
LTTS, 29-Sep-2026,3211.6,3227.3,3051.8,3081.6,3211.6,114793,3575.08,23086,55221.0,48.1
LUMAXIND, 29-Sep-2026,5651.0,5861.5,5607.0,5691.5,5676.0,25442,1460.11,7656,8972.0,35.26
LUMAXTECH, 29-Sep-2026,2032.0,2035.9,1972.3,2011.7,2032.0,79524,1597.9,16543,37873.0,47.62
LUMINO, 29-Sep-2026,104.61,106.45,103.53,104.4,104.79,3576565,3748.37,20561,813217.0,22.74
LUPIN, 29-Sep-2026,2076.0,2097.1,2052.1,2052.1,2062.0,942745,19551.85,48434,484588.0,51.4
LUXIND, 29-Sep-2026,1112.1,1130.9,1094.5,1103.6,1124.6,19114,212.25,2986,8874.0,46.43
LXCHEM, 29-Sep-2026,177.56,178.99,172.72,176.49,177.47,922542,1625.92,12694,386846.0,41.93
M&M, 29-Sep-2026,2986.0,2991.0,2947.8,2947.8,2995.0,3270487,96949.64,142409,2067736.0,63.22
M&MFIN, 29-Sep-2026,327.0,331.35,325.3,328.05,331.75,1791118,5882.37,52615,1069181.0,59.69
MAANALU, 29-Sep-2026,102.9,102.9,99.76,100.62,100.86,25135,25.35,648,13022.0,51.81
MACOBSTECH, 29-Sep-2026,192.05,194.0,190.0,193.25,195.0,9600,18.46,11,7200.0,75.0
MACPOWER, 29-Sep-2026,2190.0,2190.0,2085.3,2128.1,2194.6,55501,1175.69,8016,25489.0,45.93
MADHAV, 29-Sep-2026,35.1,35.5,34.2,34.81,35.82,107,0.04,20,47.0,43.93
MADHAVBAUG, 29-Sep-2026,172.9,173.25,165.0,167.8,165.0,18800,31.45,15,18800.0,100.0
MADHAVIPL, 29-Sep-2026,7.4,7.6,7.21,7.41,7.39,57075,4.24,204,53501.0,93.74
MADHUCON, 29-Sep-2026,4.14,4.14,3.88,4.05,3.99,18329,0.73,85,18051.0,98.48
MADHURKNIT, 29-Sep-2026,51.0,53.0,50.2,52.25,50.3,90000,46.31,56,74400.0,82.67
MADHUSUDAN, 29-Sep-2026,233.25,245.9,233.25,240.0,241.75,18000,43.67,18,17000.0,94.44
MADRASFERT, 29-Sep-2026,60.4,60.4,58.11,58.55,59.18,29421,17.23,915,14524.0,49.37
MAFANG, 29-Sep-2026,241.35,243.44,231.08,238.14,236.35,450616,1073.61,9892,200355.0,44.46
MAFATIND, 29-Sep-2026,115.3,116.99,115.2,115.29,115.41,17637,20.44,504,12307.0,69.78
MAGADSUGAR, 29-Sep-2026,544.85,545.1,528.1,536.7,541.2,12714,68.18,1033,5144.0,40.46
MAGNUM, 29-Sep-2026,19.0,19.0,18.52,18.57,18.88,6746,1.26,94,5009.0,74.25
MAGSON, 29-Sep-2026,179.6,180.15,175.0,180.1,179.6,250000,449.3,21,247000.0,98.8
MAHABANK, 29-Sep-2026,80.7,80.74,79.16,79.16,80.85,23053186,18434.32,72529,13098926.0,56.82
MAHAPEXLTD, 29-Sep-2026,50.65,52.5,50.21,50.82,51.08,5068,2.61,85,3244.0,64.01
MAHEPC, 29-Sep-2026,98.9,98.9,95.3,96.78,97.06,12834,12.4,504,8691.0,67.72
MAHESHWARI, 29-Sep-2026,72.0,74.5,70.8,73.53,71.61,15307,11.11,61,14356.0,93.79
MAHICKRA, 29-Sep-2026,299.95,300.0,285.1,295.0,301.0,2250,6.64,3,750.0,33.33
MAHKTECH, 29-Sep-2026,21.93,22.08,21.61,21.9,21.94,521137,114.11,3661,401524.0,77.05
MAHLIFE, 29-Sep-2026,361.0,364.1,354.4,361.0,363.1,88650,319.42,4429,47447.0,53.52
MAHLOG, 29-Sep-2026,420.1,436.4,415.8,425.7,421.8,458867,1970.58,18881,208676.0,45.48
MAHSCOOTER, 29-Sep-2026,12804.0,12804.0,12110.0,12341.0,12804.0,33036,4069.61,13333,15761.0,47.71
MAHSEAMLES, 29-Sep-2026,710.8,726.65,698.0,721.85,714.35,534025,3817.01,25606,275026.0,51.5
MAITHANALL, 29-Sep-2026,940.0,941.45,921.55,928.2,939.0,39509,367.38,3700,19043.0,48.2
MAITREYA, 29-Sep-2026,108.0,109.5,107.3,109.05,112.15,2000,2.17,5,1600.0,80.0
MAKEINDIA, 29-Sep-2026,160.83,160.83,157.75,158.6,159.19,37833,59.92,534,18942.0,50.07
MAKERSL, 29-Sep-2026,180.05,188.3,179.99,181.38,181.13,1347,2.44,189,1200.0,89.09
MAL, 29-Sep-2026,40.05,40.05,40.05,40.05,41.75,1600,0.64,1,1600.0,100.0
MALLCOM, 29-Sep-2026,937.7,949.55,935.0,939.65,937.9,535,5.04,115,349.0,65.23
MALUPAPER, 29-Sep-2026,31.7,32.29,31.25,31.68,31.9,6545,2.07,118,4668.0,71.32
MAMATA, 29-Sep-2026,400.0,407.95,392.0,399.5,401.2,54563,218.1,3390,27835.0,51.01
MANAKALUCO, 29-Sep-2026,35.4,35.4,34.1,34.71,34.39,34937,12.03,476,23481.0,67.21
MANAKCOAT, 29-Sep-2026,125.54,128.59,125.13,127.29,125.54,216998,275.47,2317,134459.0,61.96
MANAKSIA, 29-Sep-2026,60.02,62.4,58.53,61.66,60.19,78476,47.55,2224,50646.0,64.54
MANALIPETC, 29-Sep-2026,82.09,82.44,78.82,80.18,82.02,1173799,943.74,11001,454881.0,38.75
MANAPPURAM, 29-Sep-2026,312.5,317.8,308.55,316.45,313.0,9763639,30661.58,54758,3282797.0,33.62
MANBA, 29-Sep-2026,137.11,140.89,136.5,136.52,137.68,206749,285.08,1713,107208.0,51.85
MANCREDIT, 29-Sep-2026,216.0,220.0,213.82,217.36,217.4,150144,327.56,2104,11478.0,7.64
MANDEEP, 29-Sep-2026,17.8,17.8,17.8,17.8,18.05,2000,0.36,1,2000.0,100.0
MANGALAM, 29-Sep-2026,30.5,32.19,30.11,31.39,30.9,30962,9.68,469,16382.0,52.91
MANGLMCEM, 29-Sep-2026,1000.0,1023.0,981.7,985.8,1000.5,47664,474.57,2968,26458.0,55.51
MANINDS, 29-Sep-2026,950.1,970.2,900.15,959.6,953.35,1000872,9441.18,43385,236396.0,23.62
MANINFRA, 29-Sep-2026,126.95,130.0,125.11,127.9,127.43,2651032,3375.86,15911,883451.0,33.32
MANIPALHOS, 29-Sep-2026,719.9,760.0,717.1,747.75,722.5,1423408,10582.41,49052,850384.0,59.74
MANKIND, 29-Sep-2026,2436.8,2559.0,2436.8,2545.0,2435.6,1973968,49810.11,84454,697782.0,35.35
MANOMAY, 29-Sep-2026,230.9,238.0,229.18,236.46,228.58,363665,853.17,9669,84607.0,23.27
MANORAMA, 29-Sep-2026,1865.1,1895.4,1832.5,1863.5,1865.1,162648,3036.35,21307,77122.0,47.42
MANORG, 29-Sep-2026,452.15,459.7,445.0,447.7,446.55,4540,20.48,296,3626.0,79.87
MANUFGBEES, 29-Sep-2026,158.0,158.0,153.83,156.03,157.89,17175,26.86,206,11020.0,64.16
MANYAVAR, 29-Sep-2026,540.0,540.0,529.05,531.7,541.3,127295,677.58,8138,57403.0,45.09
MAPMYINDIA, 29-Sep-2026,870.1,873.9,840.0,845.2,866.1,329311,2804.94,17465,173671.0,52.74
MARALOVER, 29-Sep-2026,61.29,64.75,60.0,61.09,59.37,23652,14.64,281,15849.0,67.01
MARATHON, 29-Sep-2026,389.65,400.0,382.2,384.9,392.8,56359,218.56,2916,33779.0,59.94
MARC, 29-Sep-2026,147.9,148.0,147.9,147.95,148.0,2400,3.55,2,2400.0,100.0
MARCO, 29-Sep-2026,30.85,30.85,28.65,29.25,28.2,25500,7.54,14,21000.0,82.35
MARICO, 29-Sep-2026,805.1,809.1,787.15,787.15,813.25,1626109,13000.95,37295,907583.0,55.81
MARINE, 29-Sep-2026,429.3,444.5,423.0,438.25,428.2,1949017,8513.7,50954,609396.0,31.27
MARINETRAN, 29-Sep-2026,14.5,14.5,14.5,14.5,13.85,4000,0.58,1,4000.0,100.0
MARKOLINES, 29-Sep-2026,168.61,168.78,165.1,167.82,168.21,83177,139.46,1075,13614.0,16.37
MARKSANS, 29-Sep-2026,333.0,347.4,332.95,342.75,331.55,4594619,15735.36,78865,1139288.0,24.8
MARSONS, 29-Sep-2026,120.13,121.9,117.5,117.96,120.13,1466921,1749.49,11222,749460.0,51.09
MARUTI, 29-Sep-2026,12046.0,12046.0,11831.0,11877.0,12008.0,519770,61990.32,60480,260314.0,50.08
MASFIN, 29-Sep-2026,279.0,287.0,273.15,281.4,279.1,224150,623.26,8910,129848.0,57.93
MASKINVEST, 29-Sep-2026,148.0,148.79,141.71,147.18,141.71,57,0.08,6,47.0,82.46
MASON, 29-Sep-2026,106.7,108.5,104.0,107.25,108.0,9000,9.57,16,7000.0,77.78
MASPTOP50, 29-Sep-2026,96.57,101.0,96.31,99.5,98.54,546525,537.71,6936,327568.0,59.94
MASTEK, 29-Sep-2026,1559.8,1569.0,1518.0,1523.4,1555.9,56384,865.62,11873,21327.0,37.82
MASTER, 29-Sep-2026,395.0,399.0,375.0,390.0,392.0,3500,13.69,7,3500.0,100.0
MASTERTR, 29-Sep-2026,82.5,83.66,81.95,83.11,83.13,120809,100.03,822,29792.0,24.66
MATRIMONY, 29-Sep-2026,524.9,530.95,511.0,519.25,521.35,11775,61.66,569,7269.0,61.73
MAWANASUG, 29-Sep-2026,146.5,147.65,141.7,145.05,145.9,302819,438.25,4729,89263.0,29.48
MAXESTATES, 29-Sep-2026,574.9,576.95,559.4,569.25,571.85,80560,457.2,4952,35772.0,44.4
MAXHEALTH, 29-Sep-2026,993.0,1000.1,979.0,982.1,1000.1,2611378,25811.51,47114,1744886.0,66.82
MAXIND, 29-Sep-2026,153.27,162.0,152.75,160.24,155.35,144805,227.18,2312,99381.0,68.63
MAXPOSURE, 29-Sep-2026,37.25,38.2,37.0,37.95,37.55,8000,3.01,8,5000.0,62.5
MAXVOLT, 29-Sep-2026,447.0,459.8,442.05,447.25,447.15,53200,238.37,122,34800.0,65.41
MAYURUNIQ, 29-Sep-2026,717.05,739.5,708.95,727.25,717.05,74060,539.06,5518,35500.0,47.93
MAZDOCK, 29-Sep-2026,2136.0,2137.4,2087.1,2087.1,2138.0,738710,15548.43,37590,304951.0,41.28
MBAPL, 29-Sep-2026,166.0,170.5,164.02,166.84,166.81,1701743,2861.55,16398,811000.0,47.66
MBEL, 29-Sep-2026,250.35,254.95,245.8,251.5,251.85,90202,226.13,6096,43822.0,48.58
MBLINFRA, 29-Sep-2026,20.8,21.84,20.71,21.77,20.8,141641,30.55,363,100963.0,71.28
MCCHRLS-B, 29-Sep-2026,702.0,702.0,655.0,695.35,677.9,848,5.58,64,778.0,91.75
MCL, 29-Sep-2026,58.02,58.79,57.06,57.64,58.6,44594,25.87,813,29062.0,65.17
MCLEODRUSS, 29-Sep-2026,42.92,44.18,42.92,43.56,43.67,185587,80.81,1435,95889.0,51.67
MCLOUD, 29-Sep-2026,23.96,26.2,23.52,25.12,23.95,10129306,2565.76,27319,1148330.0,11.34
MCON, 29-Sep-2026,38.75,40.95,38.75,40.95,39.5,8000,3.15,6,7000.0,87.5
MCX, 29-Sep-2026,3248.0,3344.0,3232.0,3232.0,3263.5,2094968,69153.64,134527,996827.0,47.58
MEDANTA, 29-Sep-2026,1440.8,1452.5,1402.0,1415.1,1433.4,205609,2908.86,27333,114432.0,55.66
MEDIASSIST, 29-Sep-2026,308.0,310.35,303.0,306.7,307.75,251204,772.25,9950,152357.0,60.65
MEDICO, 29-Sep-2026,22.51,23.69,20.47,21.84,22.3,1914068,419.28,8177,808178.0,42.22
MEDIORG, 29-Sep-2026,23.95,24.05,23.95,24.05,22.95,24000,5.77,7,22000.0,91.67
MEDISTEP, 29-Sep-2026,21.2,21.2,21.2,21.2,21.5,3000,0.64,1,3000.0,100.0
MEDPLUS, 29-Sep-2026,656.0,657.55,652.0,654.0,653.0,90377,591.32,10141,55614.0,61.54
MEESHO, 29-Sep-2026,216.83,226.41,211.77,223.21,216.83,31046538,68171.81,205592,14624229.0,47.1
MEGASTAR, 29-Sep-2026,262.0,271.9,236.05,253.15,248.3,19735,50.72,813,12497.0,63.32
MEGATHERM, 29-Sep-2026,251.2,252.95,246.0,248.0,251.2,8800,21.88,21,5200.0,59.09
MEIL, 29-Sep-2026,269.35,269.35,261.2,266.4,269.35,37214,98.53,1424,16498.0,44.33
MENONBE, 29-Sep-2026,289.5,304.45,275.0,291.1,290.85,161630,465.58,2719,102741.0,63.57
MERCANTILE, 29-Sep-2026,22.02,22.7,22.0,22.14,23.16,434,0.1,18,328.0,75.58
MERCURYEV, 29-Sep-2026,38.37,38.92,36.27,38.69,38.93,192944,73.28,2122,84515.0,43.8
METAL, 29-Sep-2026,13.28,13.28,12.37,13.02,12.96,1791595,232.64,5422,1047659.0,58.48
METALIC, 29-Sep-2026,182.8,182.8,178.6,178.6,188.0,33600,60.45,20,33600.0,100.0
METALIETF, 29-Sep-2026,12.91,13.06,12.78,13.02,12.91,6311086,815.19,8659,2635397.0,41.76
METROBRAND, 29-Sep-2026,879.0,881.9,856.05,872.15,875.15,17677,153.4,3895,7352.0,41.59
METROGLOBL, 29-Sep-2026,131.99,132.0,127.1,131.9,130.0,461,0.6,20,318.0,68.98
METROPOLIS, 29-Sep-2026,572.85,580.85,560.2,562.3,572.3,249077,1409.92,15226,150973.0,60.61
MFML, 29-Sep-2026,18.11,19.51,18.11,18.46,18.46,1442,0.28,27,1300.0,90.15
MFSL, 29-Sep-2026,1459.9,1459.9,1381.0,1392.4,1444.0,955322,13328.97,62576,429239.0,44.93
MGEL, 29-Sep-2026,16.08,16.2,15.55,16.11,15.97,591494,94.49,900,415585.0,70.26
MGL, 29-Sep-2026,1048.8,1063.5,1035.0,1050.5,1048.8,113670,1195.15,15859,60524.0,53.25
MGSL, 29-Sep-2026,63.0,63.3,59.5,63.25,63.95,94800,58.33,70,62400.0,65.82
MHHL, 29-Sep-2026,32.5,32.5,32.5,32.5,33.15,1500,0.49,1,1500.0,100.0
MHRIL, 29-Sep-2026,195.92,196.82,192.85,194.49,195.92,55373,107.82,2699,31647.0,57.15
MICROPRO, 29-Sep-2026,18.0,18.0,18.0,18.0,18.0,1600,0.29,1,1600.0,100.0
MID150, 29-Sep-2026,22.2,22.88,22.06,22.23,22.51,178874,40.35,397,95951.0,53.64
MID150BEES, 29-Sep-2026,229.99,229.99,226.11,227.38,228.59,1006465,2289.32,14020,615755.0,61.18
MID150CASE, 29-Sep-2026,11.41,11.41,11.0,11.06,11.14,1753428,194.17,3678,835693.0,47.66
MIDBANKADD, 29-Sep-2026,16.5,16.7,16.26,16.46,16.52,105024,17.11,51,103158.0,98.22
MIDCAP, 29-Sep-2026,17.64,17.66,17.39,17.52,17.64,744225,130.39,1467,409957.0,55.09
MIDCAPADD, 29-Sep-2026,22.62,22.62,21.91,22.06,22.18,8405,1.85,187,4986.0,59.32
MIDCAPBETA, 29-Sep-2026,225.0,227.49,221.7,224.61,229.85,9566,21.36,118,5633.0,58.89
MIDCAPETF, 29-Sep-2026,22.65,22.65,22.35,22.44,22.58,2885175,648.22,7832,2254588.0,78.14
MIDCAPIETF, 29-Sep-2026,22.91,22.95,22.6,22.75,22.9,1267300,288.29,2650,706656.0,55.76
MIDHANI, 29-Sep-2026,412.3,427.0,406.05,419.1,416.0,937182,3923.93,26955,317922.0,33.92
MIDQ50ADD, 29-Sep-2026,24.25,24.25,23.67,23.78,24.01,106238,25.24,386,96399.0,90.74
MIDSELIETF, 29-Sep-2026,18.82,18.98,18.56,18.72,18.82,277242,51.81,745,207811.0,74.96
MIDSMALL, 29-Sep-2026,50.26,50.39,49.75,49.98,50.25,254332,127.2,983,170453.0,67.02
MIDWESTLTD, 29-Sep-2026,895.1,901.1,869.0,877.0,899.9,60800,537.34,5622,34174.0,56.21
MIEL, 29-Sep-2026,13.6,13.85,13.6,13.7,13.2,12000,1.64,6,10000.0,83.33
MIIL, 29-Sep-2026,697.0,702.0,676.65,692.05,686.65,59879,409.51,1562,36311.0,60.64
MINDACORP, 29-Sep-2026,670.0,678.25,661.0,672.75,673.0,509602,3422.77,41740,237181.0,46.54
MINDSPACE, 29-Sep-2026,506.4,508.68,495.0,495.83,504.48,274850,1375.33,8851,215976.0,78.58
MINDTECK, 29-Sep-2026,152.61,156.5,150.8,153.34,153.62,18274,28.05,762,9235.0,50.54
MIRZAINT, 29-Sep-2026,29.0,29.0,28.0,28.09,28.68,100699,28.4,872,68681.0,68.2
MITCON, 29-Sep-2026,82.0,85.5,79.0,82.66,83.2,82800,67.92,152,80447.0,97.16
MITTAL, 29-Sep-2026,0.72,0.73,0.71,0.72,0.71,626550,4.51,244,581216.0,92.76
MKEXIM, 29-Sep-2026,69.99,69.99,65.65,66.72,69.35,9728,6.52,143,8099.0,83.25
MKPL, 29-Sep-2026,4.04,4.04,3.9,3.92,3.97,133265,5.25,413,101830.0,76.41
MLKFOOD, 29-Sep-2026,84.06,85.0,80.0,84.24,83.65,8471,6.98,264,4453.0,52.57
MMFL, 29-Sep-2026,604.0,617.5,596.2,612.5,604.5,48405,294.29,3488,19483.0,40.25
MMP, 29-Sep-2026,452.25,461.65,442.7,447.55,452.25,88251,398.98,4214,40376.0,45.75
MMTC, 29-Sep-2026,56.1,57.68,55.72,56.76,56.4,1284719,728.56,13116,392531.0,30.55
MMWL, 29-Sep-2026,14.9,14.9,13.99,14.12,14.56,4355,0.62,99,3745.0,85.99
MNC, 29-Sep-2026,32.0,32.97,31.2,31.77,31.93,121051,38.54,1684,55623.0,45.95
MOALPHA50, 29-Sep-2026,54.65,56.5,52.79,54.9,54.64,18602,10.1,189,16170.0,86.93
MOBANK10, 29-Sep-2026,16.38,16.48,15.9,16.04,16.2,1562,0.25,69,1450.0,92.83
MOBIKWIK, 29-Sep-2026,198.25,199.18,192.82,194.93,199.06,715786,1398.02,10507,221979.0,31.01
MOBILISE, 29-Sep-2026,98.35,98.35,98.35,98.35,103.45,3200,3.15,2,3200.0,100.0
MOCAPITAL, 29-Sep-2026,53.01,53.01,51.2,51.55,51.77,714705,368.78,3448,388448.0,54.35
MODEFENCE, 29-Sep-2026,101.6,101.76,99.81,101.29,101.45,1106009,1114.15,10216,482221.0,43.6
MODINATUR, 29-Sep-2026,339.7,347.9,333.25,339.65,338.6,2579,8.77,147,1927.0,74.72
MODIRUBBER, 29-Sep-2026,120.9,122.5,111.0,121.89,121.0,5863,6.96,133,2761.0,47.09
MODIS, 29-Sep-2026,360.1,373.0,356.1,367.15,362.85,59405,219.15,1210,46089.0,77.58
MODTHREAD, 29-Sep-2026,47.8,47.98,47.19,47.19,47.75,2325,1.11,24,2325.0,100.0
MOENERGY, 29-Sep-2026,37.04,37.48,36.31,36.92,37.05,93404,34.32,773,65241.0,69.85
MOGOLD, 29-Sep-2026,145.45,145.45,143.65,144.45,145.05,17008,24.58,351,9646.0,56.71
MOGSEC, 29-Sep-2026,65.12,65.3,64.65,64.66,64.51,5204,3.38,82,3724.0,71.56
MOHEALTH, 29-Sep-2026,50.78,52.89,50.78,52.21,52.09,27494,14.31,519,17858.0,64.95
MOHITE, 29-Sep-2026,2.46,2.54,2.37,2.53,2.4,25190,0.62,95,22268.0,88.4
MOHITIND, 29-Sep-2026,23.0,23.48,22.63,22.97,22.89,11464,2.64,31,11379.0,99.26
MOIL, 29-Sep-2026,242.75,244.5,237.1,243.96,242.05,474777,1147.64,10798,218943.0,46.11
MOINFRA, 29-Sep-2026,56.88,56.88,56.0,56.62,56.77,4097,2.31,75,4076.0,99.49
MOIPO, 29-Sep-2026,46.36,46.59,45.22,46.43,46.36,4149,1.92,35,2425.0,58.45
MOKSH, 29-Sep-2026,10.0,10.0,9.51,9.6,9.8,71208,6.88,339,52969.0,74.39
MOL, 29-Sep-2026,56.9,57.88,56.05,57.27,56.96,538823,307.29,4612,226073.0,41.96
MOLBIO, 29-Sep-2026,1231.2,1275.0,1221.0,1255.6,1237.5,435362,5440.81,26820,121044.0,27.8
MOLDTKPAC, 29-Sep-2026,650.0,653.05,637.0,642.95,649.4,52648,338.52,5224,33410.0,63.46
MOLOWVOL, 29-Sep-2026,34.71,34.71,33.62,34.57,34.75,1001288,342.16,187,197746.0,19.75
MOM100, 29-Sep-2026,64.83,65.19,63.97,64.55,64.83,403190,259.5,3386,213804.0,53.03
MOM30IETF, 29-Sep-2026,30.19,30.5,29.93,30.3,30.19,1034536,312.29,1918,687564.0,66.46
MOM50, 29-Sep-2026,241.95,241.95,237.0,239.16,239.55,4690,11.17,136,3962.0,84.48
MOMENTUM, 29-Sep-2026,30.25,30.25,29.55,30.01,29.95,35857,10.73,217,24081.0,67.16
MOMENTUM30, 29-Sep-2026,29.24,30.2,29.24,29.86,29.72,12864,3.84,230,10324.0,80.25
MOMENTUM50, 29-Sep-2026,52.05,52.76,52.01,52.47,52.45,856684,448.2,16572,491598.0,57.38
MOMETAL, 29-Sep-2026,12.9,13.43,12.6,13.02,12.7,19366,2.49,67,16262.0,83.97
MOMGF, 29-Sep-2026,157.08,157.08,152.55,155.86,156.3,830,1.28,38,790.0,95.18
MOMIDMTM, 29-Sep-2026,62.22,62.95,61.6,61.96,62.22,46592,28.94,390,26748.0,57.41
MOMMIDCAP, 29-Sep-2026,12.51,12.58,12.41,12.51,12.51,1369326,171.14,525,1190053.0,86.91
MOMNC, 29-Sep-2026,31.03,31.03,30.0,30.67,30.88,1394,0.42,30,874.0,62.7
MOMOMENTUM, 29-Sep-2026,60.3,60.38,59.3,60.34,59.82,162377,97.2,472,93748.0,57.73
MOMSBELIEF, 29-Sep-2026,234.0,267.61,232.0,255.96,223.01,2681284,6876.53,25519,665029.0,24.8
MON100, 29-Sep-2026,320.62,328.0,318.18,319.64,323.86,1057693,3404.58,19808,645676.0,61.05
MON50EQUAL, 29-Sep-2026,31.6,32.26,31.45,31.74,31.78,16116,5.1,109,15522.0,96.31
MONARCH, 29-Sep-2026,348.05,352.05,334.75,343.05,350.1,93763,321.57,2337,46181.0,49.25
MONEXT50, 29-Sep-2026,70.39,70.95,69.3,70.31,70.39,3769,2.64,69,3384.0,89.79
MONEYBOXX, 29-Sep-2026,49.84,51.08,46.22,51.08,48.65,101060,49.3,255,66773.0,66.07
MONIFTY100, 29-Sep-2026,24.43,24.43,23.92,24.08,24.19,22657,5.45,98,18624.0,82.2
MONIFTY500, 29-Sep-2026,22.97,22.99,22.58,22.79,22.88,648591,147.21,2043,411317.0,63.42
MONOLITH, 29-Sep-2026,1213.0,1286.0,1190.15,1279.75,1223.65,54000,681.12,174,31250.0,57.87
MONOPHARMA, 29-Sep-2026,8.55,8.55,8.55,8.55,9.0,4000,0.34,2,4000.0,100.0
MONQ50, 29-Sep-2026,194.0,194.7,179.61,188.41,188.62,841441,1579.3,16340,295678.0,35.14
MONTECARLO, 29-Sep-2026,515.75,519.85,509.0,516.75,514.05,32099,165.09,1656,19384.0,60.39
MOOILGAS, 29-Sep-2026,10.85,10.95,10.52,10.72,10.84,6786,0.72,80,5796.0,85.41
MOPSE, 29-Sep-2026,94.1,98.0,94.1,96.74,96.15,1470,1.41,25,1461.0,99.39
MOQUALITY, 29-Sep-2026,194.0,194.0,186.53,188.62,191.33,10959,20.72,102,7060.0,64.42
MOREALTY, 29-Sep-2026,85.34,85.58,84.27,84.51,85.33,249162,211.15,1840,118227.0,47.45
MOREPENLAB, 29-Sep-2026,120.8,122.69,117.37,118.8,120.71,12759041,15270.23,50923,4210843.0,33.0
MOS, 29-Sep-2026,7.35,7.35,7.25,7.25,7.6,208000,15.11,32,156000.0,75.0
MOSCHIP, 29-Sep-2026,199.61,201.49,195.3,198.47,200.21,1162679,2306.88,20404,475919.0,40.93
MOSERVICE, 29-Sep-2026,29.38,29.4,29.1,29.32,29.24,4597,1.35,62,4597.0,100.0
MOSILVER, 29-Sep-2026,217.02,217.98,215.7,216.31,217.92,24908,53.9,1388,14215.0,57.07
MOSMALL250, 29-Sep-2026,18.0,18.1,17.75,17.92,18.0,1164979,208.7,2782,604548.0,51.89
MOTHERSON, 29-Sep-2026,162.08,163.24,158.56,158.56,162.37,14156331,22832.55,55657,8085155.0,57.11
MOTILALOFS, 29-Sep-2026,1002.0,1013.8,995.5,996.2,1011.6,873780,8769.38,25721,464943.0,53.21
MOTISONS, 29-Sep-2026,18.08,18.2,17.5,17.62,18.04,38419101,6818.63,33495,14959913.0,38.94
MOTOGENFIN, 29-Sep-2026,26.65,26.65,25.5,25.57,25.7,14323,3.7,37,12073.0,84.29
MOTOUR, 29-Sep-2026,75.25,76.97,74.48,75.66,75.95,10272,7.75,193,6203.0,60.39
MOVALUE, 29-Sep-2026,109.6,109.6,106.71,107.9,108.52,59763,64.19,1048,34066.0,57.0
MPEL, 29-Sep-2026,27.8,27.8,25.2,27.8,26.5,91200,24.71,45,62400.0,68.42
MPHASIS, 29-Sep-2026,2238.0,2238.9,2154.4,2154.4,2237.5,420858,9223.13,22820,272925.0,64.85
MPIMANIPAL, 29-Sep-2026,393.7,458.0,388.7,417.4,387.1,13139195,56132.89,233621,1263428.0,9.62
MPSLTD, 29-Sep-2026,2611.0,2684.8,2601.1,2634.7,2631.7,12743,336.65,1701,5009.0,39.31
MRF, 29-Sep-2026,123550.0,124290.0,122750.0,123080.0,123425.0,2824,3478.94,1981,1277.0,45.22
MRPL, 29-Sep-2026,169.5,177.49,168.06,171.65,169.8,15901075,27641.92,102050,2533628.0,15.93
MSCI360, 29-Sep-2026,9.89,9.89,9.56,9.77,9.64,11703,1.13,188,10969.0,93.73
MSCIADD, 29-Sep-2026,28.06,28.08,27.83,27.95,28.45,2793,0.78,13,2792.0,99.96
MSCIINDIA, 29-Sep-2026,28.28,28.78,27.66,28.04,28.3,49618,13.92,362,25247.0,50.88
MSPL, 29-Sep-2026,32.76,34.85,32.64,33.55,32.99,1388148,468.01,3928,729264.0,52.54
MSTCLTD, 29-Sep-2026,711.95,719.95,705.5,713.05,710.4,158293,1128.87,14866,70001.0,44.22
MSUMI, 29-Sep-2026,34.8,34.87,33.93,34.36,34.8,8000741,2755.39,41803,3767982.0,47.1
MTNL, 29-Sep-2026,22.62,23.32,22.57,23.18,22.94,691310,159.04,3233,334328.0,48.36
MUFIN, 29-Sep-2026,129.5,133.99,127.9,132.15,130.16,2236803,2948.6,7601,774353.0,34.62
MUFTI, 29-Sep-2026,69.01,70.19,68.51,69.28,69.49,40683,28.26,1229,22900.0,56.29
MUKANDLTD, 29-Sep-2026,170.4,174.2,165.41,172.49,171.03,821432,1405.01,12834,332834.0,40.52
MUKTAARTS, 29-Sep-2026,56.89,56.89,55.11,56.57,57.12,513,0.29,18,274.0,53.41
MULTICAP, 29-Sep-2026,16.38,16.38,15.86,15.96,16.06,364187,58.25,791,348457.0,95.68
MUNISH, 29-Sep-2026,90.0,90.0,90.0,90.0,88.05,2400,2.16,2,2400.0,100.0
MUNJALAU, 29-Sep-2026,105.71,107.9,104.12,106.48,106.87,155908,164.72,5510,73131.0,46.91
MUNJALSHOW, 29-Sep-2026,124.26,127.3,122.36,126.32,124.26,46785,58.76,913,26004.0,55.58
MURUDCERA, 29-Sep-2026,28.05,28.3,27.86,28.0,28.12,33172,9.32,337,19662.0,59.27
MUTHOOTCAP, 29-Sep-2026,221.17,226.75,216.44,217.07,221.17,19275,42.22,593,16211.0,84.1
MUTHOOTFIN, 29-Sep-2026,2748.0,2764.1,2706.5,2736.8,2760.0,1190791,32657.53,100621,749956.0,62.98
MUTHOOTMF, 29-Sep-2026,178.96,180.55,175.44,177.64,178.84,151414,269.1,4175,78330.0,51.73
MVELECTRO, 29-Sep-2026,789.9,859.0,781.3,838.05,786.35,1626209,13463.27,41480,216874.0,13.34
MVGJL, 29-Sep-2026,216.3,219.54,207.0,212.6,215.94,172011,365.71,4612,66564.0,38.7
MVKAGRO, 29-Sep-2026,240.0,253.9,230.3,248.05,242.4,283800,689.8,400,173100.0,60.99
MWL, 29-Sep-2026,43.76,44.89,43.06,43.4,43.46,396017,174.35,3401,147865.0,37.34
MYMUDRA, 29-Sep-2026,65.35,65.95,62.95,65.9,65.35,36000,23.11,29,25200.0,70.0
NACLIND, 29-Sep-2026,136.86,137.96,129.75,132.45,136.53,1047618,1401.29,11025,688202.0,65.69
NAGREEKCAP, 29-Sep-2026,25.5,27.5,25.5,26.05,26.32,3154,0.83,74,2701.0,85.64
NAGREEKEXP, 29-Sep-2026,21.42,22.75,20.99,22.09,22.31,35608,7.65,326,15854.0,44.52
NAHARCAP, 29-Sep-2026,249.5,249.5,230.0,237.6,243.75,8969,21.11,228,5565.0,62.05
NAHARINDUS, 29-Sep-2026,130.05,132.99,126.24,130.17,127.47,34383,44.92,734,20148.0,58.6
NAHARPOLY, 29-Sep-2026,224.94,235.0,221.11,230.27,221.85,3674,8.35,107,2588.0,70.44
NAHARSPING, 29-Sep-2026,278.0,278.55,259.2,261.75,267.3,46373,121.28,646,38337.0,82.67
NAM-INDIA, 29-Sep-2026,1090.0,1097.7,1068.0,1068.0,1093.9,983587,10653.7,32107,518582.0,52.72
NAMAN, 29-Sep-2026,48.5,48.5,48.0,48.5,46.2,7200,3.48,9,5600.0,77.78
NAMOEWASTE, 29-Sep-2026,349.9,351.5,330.05,334.65,344.25,48800,165.74,61,32800.0,67.21
NARMADA, 29-Sep-2026,13.05,13.3,12.65,12.75,13.05,210383,27.04,985,113526.0,53.96
NATCOPHARM, 29-Sep-2026,832.45,851.0,827.75,843.1,828.55,636356,5351.3,64865,293787.0,46.17
NATHBIOGEN, 29-Sep-2026,145.0,147.0,141.0,142.22,144.12,8389,11.91,248,5817.0,69.34
NATIONALUM, 29-Sep-2026,346.45,346.95,341.0,346.65,349.0,7334608,25291.24,67380,3969801.0,54.12
NATIONSTD, 29-Sep-2026,115.62,116.75,113.02,114.54,114.48,4773,5.45,196,2963.0,62.08
NAUKRI, 29-Sep-2026,1238.1,1251.3,1232.3,1245.0,1253.9,1242585,15430.16,41369,677296.0,54.51
NAVA, 29-Sep-2026,543.9,553.55,540.2,545.95,547.0,263953,1449.07,14879,147857.0,56.02
NAVINFLUOR, 29-Sep-2026,8434.5,8483.5,8211.0,8234.5,8432.5,136712,11341.61,39672,78469.0,57.4
NAVKARCORP, 29-Sep-2026,86.86,87.99,85.5,86.6,86.86,317322,275.3,3946,182552.0,57.53
NAVKARURB, 29-Sep-2026,0.91,0.91,0.84,0.86,0.88,1504717,12.87,324,1017653.0,67.63
NAVNETEDUL, 29-Sep-2026,121.5,122.9,120.35,121.42,121.73,84166,102.27,1512,51891.0,61.65
NAZARA, 29-Sep-2026,379.0,391.1,372.0,388.4,379.65,2459398,9466.44,30342,1189608.0,48.37
NBCC, 29-Sep-2026,80.16,80.67,78.01,78.01,80.21,8592936,6834.68,42623,3365331.0,39.16
NBIFIN, 29-Sep-2026,1965.2,1966.0,1860.0,1876.6,1948.2,239,4.51,72,158.0,66.11
NCC, 29-Sep-2026,133.83,137.3,126.65,128.27,130.29,28505185,37520.65,186469,3466210.0,12.16
NCLIND, 29-Sep-2026,176.68,178.99,174.0,176.86,175.81,43191,75.76,702,30389.0,70.36
NDGL, 29-Sep-2026,2500.0,2540.0,2470.0,2478.1,2509.1,119,2.96,45,106.0,89.08
NDL, 29-Sep-2026,2.73,2.75,2.57,2.62,2.67,1455788,38.48,2048,937067.0,64.37
NDLVENTURE, 29-Sep-2026,121.43,123.15,119.08,121.49,121.43,5638,6.83,121,4668.0,82.8
NDRAUTO, 29-Sep-2026,719.4,746.3,716.05,739.9,721.6,20057,147.48,1370,10227.0,50.99
NDRINVIT, 29-Sep-2026,148.0,152.0,148.0,151.0,148.0,600000,901.25,8,600000.0,100.0
NDTV, 29-Sep-2026,69.11,70.25,68.6,69.06,69.11,61864,42.95,1187,39786.0,64.31
NEAGI, 29-Sep-2026,3483.5,3483.5,3483.5,3483.5,3400.0,2,0.07,1,2.0,100.0
NECLIFE, 29-Sep-2026,10.63,11.08,10.63,10.71,10.72,93379,10.12,325,72578.0,77.72
NEELAM, 29-Sep-2026,7.05,7.05,7.05,7.05,7.35,18000,1.27,3,18000.0,100.0
NELCAST, 29-Sep-2026,115.0,121.0,112.6,118.93,116.65,251768,297.5,3969,112930.0,44.85
NELCO, 29-Sep-2026,922.0,933.45,894.0,922.3,916.45,268542,2455.92,13630,98790.0,36.79
NEOCHEM, 29-Sep-2026,101.0,104.0,101.0,104.0,104.5,7200,7.34,5,6000.0,83.33
NEOGEN, 29-Sep-2026,2388.1,2458.5,2370.0,2435.3,2396.3,157182,3818.52,21368,64403.0,40.97
NEPHROCARE, 29-Sep-2026,86.1,91.7,86.1,90.55,87.75,7200,6.43,18,4400.0,61.11
NEPHROPLUS, 29-Sep-2026,679.95,679.95,660.0,663.4,674.0,599435,4006.36,53897,368137.0,61.41
NEPTUNE, 29-Sep-2026,188.0,191.8,187.8,191.8,188.5,1500,2.84,3,1000.0,66.67
NESCO, 29-Sep-2026,1082.3,1082.3,1030.1,1040.5,1086.4,172385,1800.97,28805,86916.0,50.42
NESTLEIND, 29-Sep-2026,1341.0,1349.1,1333.6,1345.7,1346.0,1748621,23453.11,57684,1244825.0,71.19
NETF, 29-Sep-2026,249.1,251.87,247.0,247.71,249.28,3891,9.64,110,2824.0,72.58
NETWEB, 29-Sep-2026,4550.0,4664.0,4453.0,4613.0,4566.5,822138,37567.85,70746,156322.0,19.01
NETWORK18, 29-Sep-2026,25.98,26.02,25.28,25.88,25.98,2746331,704.74,9439,1124925.0,40.96
NEULANDLAB, 29-Sep-2026,21690.0,21920.0,21170.0,21375.0,21440.0,83910,17986.86,26959,46650.0,55.6
NEWGEN, 29-Sep-2026,480.0,493.4,465.4,473.0,474.4,2459936,11736.9,68616,562471.0,22.87
NEWJAISA, 29-Sep-2026,17.7,19.25,17.5,18.0,18.4,124500,22.12,45,117000.0,93.98
NEXT30ADD, 29-Sep-2026,41.12,41.27,40.82,41.11,41.31,1678,0.69,218,1213.0,72.29
NEXT50, 29-Sep-2026,730.65,730.66,718.5,721.7,727.01,81627,591.51,4220,60687.0,74.35
NEXT50ADD, 29-Sep-2026,70.45,70.74,70.05,70.4,70.89,7188,5.06,161,3339.0,46.45
NEXT50BETA, 29-Sep-2026,77.5,77.5,75.3,76.02,76.1,98671,74.73,837,55822.0,56.57
NEXT50ETF, 29-Sep-2026,70.99,73.0,70.2,70.98,70.99,91582,65.01,318,77362.0,84.47
NEXT50IETF, 29-Sep-2026,74.59,74.59,73.03,73.81,74.42,1548313,1145.02,6744,1098949.0,70.98
NEXTMEDIA, 29-Sep-2026,3.54,3.76,3.54,3.7,3.68,12395,0.45,62,11074.0,89.34
NFL, 29-Sep-2026,65.44,65.44,63.7,64.79,65.76,751312,485.3,6160,301333.0,40.11
NFPSAMPOOR, 29-Sep-2026,22.0,22.05,22.0,22.05,22.1,10000,2.2,3,10000.0,100.0
NGIL, 29-Sep-2026,40.38,41.75,39.2,39.72,41.2,20795,8.27,48,18661.0,89.74
NGLFINE, 29-Sep-2026,2736.0,2948.0,2715.1,2870.9,2730.0,22597,650.76,4601,8034.0,35.55
NH, 29-Sep-2026,1820.1,1863.0,1761.0,1789.9,1820.1,966399,17346.59,56107,600550.0,62.14
NHIT, 29-Sep-2026,168.75,168.75,168.75,168.75,169.85,75000,126.56,1,75000.0,100.0
NHPC, 29-Sep-2026,74.05,74.7,73.3,73.32,74.5,11242484,8276.96,30644,5918914.0,52.65
NIACL, 29-Sep-2026,170.0,171.95,160.05,168.29,169.84,4230836,7106.26,53793,1825075.0,43.14
NIBE, 29-Sep-2026,1237.4,1265.4,1226.8,1238.5,1237.4,37110,462.45,3954,15159.0,40.85
NIBL, 29-Sep-2026,31.31,32.5,30.91,31.52,31.65,15737,4.96,168,9521.0,60.5
NICCOPAR, 29-Sep-2026,80.5,83.0,80.5,81.0,80.5,1332,1.08,44,1241.0,93.17
NIDAN, 29-Sep-2026,12.9,12.9,12.9,12.9,12.55,2000,0.26,2,2000.0,100.0
NIF100BEES, 29-Sep-2026,255.0,255.0,251.11,253.21,254.39,44390,112.17,782,27256.0,61.4
NIF100IETF, 29-Sep-2026,27.47,27.47,26.43,26.64,26.8,142348,37.86,1140,67897.0,47.7
NIF500BETA, 29-Sep-2026,36.77,38.25,35.86,37.58,35.86,1011,0.38,35,221.0,21.86
NIFTY1, 29-Sep-2026,253.69,253.69,251.5,252.64,253.69,388108,978.96,1942,311940.0,80.37
NIFTY100EW, 29-Sep-2026,34.17,34.17,33.46,33.67,33.67,88148,29.75,379,60462.0,68.59
NIFTYADD, 29-Sep-2026,243.19,243.19,238.01,239.94,240.87,10717,25.67,269,9511.0,88.75
NIFTYAXIS, 29-Sep-2026,252.97,253.62,250.5,252.45,252.96,250413,632.81,454,211301.0,84.38
NIFTYBEES, 29-Sep-2026,260.49,260.49,257.9,259.47,260.47,16338797,42297.79,128229,13064413.0,79.96
NIFTYBETA, 29-Sep-2026,254.99,254.99,250.95,252.39,253.56,62271,156.77,1014,47080.0,75.61
NIFTYBETF, 29-Sep-2026,235.5,237.67,233.0,234.69,235.5,7383,17.29,130,5406.0,73.22
NIFTYCASE, 29-Sep-2026,9.32,9.32,8.95,9.16,9.18,1578992,144.16,2809,1175436.0,74.44
NIFTYETF, 29-Sep-2026,248.88,248.88,245.5,247.15,248.49,719461,1774.3,2309,523291.0,72.73
NIFTYIETF, 29-Sep-2026,259.14,259.14,256.57,257.98,259.14,1178543,3033.37,8663,743759.0,63.11
NIFTYJBLK, 29-Sep-2026,12.01,12.01,11.56,11.64,11.72,234199,27.25,721,145118.0,61.96
NIFTYQLITY, 29-Sep-2026,19.72,20.45,19.72,20.07,20.23,30297,6.08,241,28689.0,94.69
NIITLTD, 29-Sep-2026,87.0,87.23,85.49,86.37,86.92,152140,131.31,2382,55144.0,36.25
NIITMTS, 29-Sep-2026,206.07,209.98,202.72,204.96,205.39,58070,119.17,3610,31199.0,53.73
NIKITA, 29-Sep-2026,71.2,72.6,70.0,70.0,69.5,15600,11.1,13,7200.0,46.15
NILAINFRA, 29-Sep-2026,6.76,7.04,6.66,6.71,6.83,92036,6.18,570,68472.0,74.4
NILASPACES, 29-Sep-2026,11.1,11.35,10.88,11.16,11.0,584546,64.85,1682,269276.0,46.07
NILE, 29-Sep-2026,1280.0,1305.0,1250.0,1264.7,1279.4,7248,92.64,1026,5194.0,71.66
NILKAMAL, 29-Sep-2026,1930.9,1969.9,1891.0,1898.9,1918.0,23084,442.97,3758,8935.0,38.71
NIMBSPROJ, 29-Sep-2026,194.95,198.8,188.82,194.12,198.75,22967,44.68,409,5230.0,22.77
NINSYS, 29-Sep-2026,715.8,741.45,696.6,737.15,706.15,5977,43.05,312,4360.0,72.95
NIPPOBATRY, 29-Sep-2026,322.7,325.0,317.3,322.7,323.2,640,2.06,64,475.0,74.22
NIRAJ, 29-Sep-2026,28.46,28.9,27.8,28.36,27.9,81568,22.96,122,59110.0,72.47
NIRLON, 29-Sep-2026,605.1,609.0,591.05,605.85,608.0,6431,38.78,515,4980.0,77.44
NIRMAN, 29-Sep-2026,26.9,26.9,26.0,26.5,26.5,4200,1.1,14,3000.0,71.43
NITCO, 29-Sep-2026,84.05,87.5,82.6,86.75,84.61,1505725,1289.68,6146,736212.0,48.89
NITINSPIN, 29-Sep-2026,593.1,617.0,592.0,606.15,596.45,75325,455.0,4275,34468.0,45.76
NITIRAJ, 29-Sep-2026,219.65,219.65,203.0,215.74,218.87,2040,4.33,104,1438.0,70.49
NITTAGELA, 29-Sep-2026,1718.2,1718.2,1674.2,1702.8,1718.2,2116,35.95,365,1428.0,67.49
NIVABUPA, 29-Sep-2026,75.25,75.69,71.98,73.28,75.73,8812877,6462.11,65583,5407931.0,61.36
NKIND, 29-Sep-2026,60.9,62.0,57.0,61.99,61.07,527,0.31,21,509.0,96.58
NLCINDIA, 29-Sep-2026,256.85,260.8,251.2,255.75,256.7,2549158,6535.45,48920,1032634.0,40.51
NMDC, 29-Sep-2026,77.4,77.86,76.02,77.0,77.43,19014554,14661.05,81832,11547273.0,60.73
NMSTEEL, 29-Sep-2026,22.25,22.5,22.0,22.5,23.3,8000,1.78,5,6400.0,80.0
NOCIL, 29-Sep-2026,175.0,175.0,166.64,169.31,175.17,2487591,4237.93,22798,1054228.0,42.38
NOIDATOLL, 29-Sep-2026,3.64,3.88,3.59,3.65,3.58,469676,17.33,1127,248845.0,52.98
NORBTEAEXP, 29-Sep-2026,68.0,68.0,64.03,64.9,66.62,3670,2.42,50,2991.0,81.5
NORTHARC, 29-Sep-2026,291.15,295.15,287.05,290.75,291.1,1241312,3617.5,19776,594002.0,47.85
NOVAAGRI, 29-Sep-2026,22.48,22.98,22.2,22.28,22.48,34484,7.7,347,28772.0,83.44
NOVARTIND, 29-Sep-2026,1952.9,1990.0,1905.0,1924.1,1935.0,21732,420.04,2856,9445.0,43.46
NPBET, 29-Sep-2026,272.0,276.0,270.76,274.8,275.23,963,2.64,25,952.0,98.86
NPST, 29-Sep-2026,1634.4,1662.6,1524.0,1653.0,1635.0,122885,1956.72,13309,40377.0,32.86
NRAIL, 29-Sep-2026,668.45,685.0,640.0,660.5,647.6,15189,100.96,1632,5692.0,37.47
NRBBEARING, 29-Sep-2026,541.5,549.3,531.8,541.05,541.5,366094,1972.18,17873,124284.0,33.95
NRVANDANA, 29-Sep-2026,69.0,69.0,69.0,69.0,69.8,3000,2.07,1,3000.0,100.0
NSIL, 29-Sep-2026,5350.5,5400.0,5340.0,5350.0,5398.5,1228,65.85,371,830.0,67.59
NSLNISP, 29-Sep-2026,41.88,42.42,41.21,41.79,41.78,5493176,2299.8,22565,2541621.0,46.27
NTCIND, 29-Sep-2026,132.52,138.8,130.0,136.46,132.52,519,0.7,50,317.0,61.08
NTPC, 29-Sep-2026,320.5,325.0,317.55,323.5,321.1,11956206,38531.61,126542,7965519.0,66.62
NTPCGREEN, 29-Sep-2026,91.5,92.19,89.65,89.99,92.21,2417700,2192.12,34011,1219153.0,50.43
NUCLEUS, 29-Sep-2026,661.6,661.6,647.7,652.55,661.5,22285,145.61,2028,16224.0,72.8
NUVAMA, 29-Sep-2026,1635.0,1677.2,1615.7,1652.1,1640.6,295343,4866.98,44034,131143.0,44.4
NUVOCO, 29-Sep-2026,327.0,337.0,321.5,330.2,325.85,442330,1470.24,29934,195341.0,44.16
NV20, 29-Sep-2026,13.21,13.39,13.05,13.26,13.21,105531,13.92,467,46715.0,44.27
NV20BEES, 29-Sep-2026,133.62,140.0,130.75,132.43,132.3,39737,52.36,393,22519.0,56.67
NV20IETF, 29-Sep-2026,12.82,13.15,12.75,12.83,12.89,687742,88.11,1656,472948.0,68.77
NXST, 29-Sep-2026,165.99,166.49,163.48,164.7,165.8,666296,1098.71,6039,528094.0,79.26
NXT-INFRA, 29-Sep-2026,99.0,99.0,99.0,99.0,99.0,1075000,1064.25,9,1075000.0,100.0
NYKAA, 29-Sep-2026,325.5,329.8,319.25,327.35,325.5,4395026,14324.07,85962,2627996.0,59.79
OAL, 29-Sep-2026,555.0,555.0,530.2,541.85,553.15,18459,99.67,1106,7707.0,41.75
OBCL, 29-Sep-2026,58.4,58.69,54.51,54.68,56.9,7991,4.46,109,7185.0,89.91
OBEROIRLTY, 29-Sep-2026,1825.0,1826.6,1761.5,1762.9,1830.0,395959,7082.75,26403,226879.0,57.3
OBSCP, 29-Sep-2026,922.0,931.0,905.0,917.25,916.6,16800,154.31,42,9200.0,54.76
ODIGMA, 29-Sep-2026,20.8,21.9,20.5,21.41,20.87,29726,6.34,271,28514.0,95.92
ODYCORP, 29-Sep-2026,6.85,7.09,6.8,7.08,6.86,4156,0.29,19,4112.0,98.94
OFSS, 29-Sep-2026,10800.0,10876.0,10406.0,10406.0,10800.0,181154,19210.82,29528,77981.0,43.05
OIL, 29-Sep-2026,466.5,467.8,459.4,459.45,468.0,2140454,9923.23,26839,1096743.0,51.24
OILIETF, 29-Sep-2026,10.85,10.91,10.71,10.8,10.85,1059436,114.44,2539,560448.0,52.9
OLAELEC, 29-Sep-2026,37.84,38.48,36.3,37.42,37.86,118182493,44161.67,246095,19280778.0,16.31
OLECTRA, 29-Sep-2026,1179.0,1183.0,1134.0,1136.9,1173.8,359867,4138.66,24698,173293.0,48.15
OLIL, 29-Sep-2026,422.0,455.4,420.05,455.3,433.8,58400,257.72,47,33600.0,57.53
OMAXAUTO, 29-Sep-2026,197.12,208.0,196.36,198.48,200.55,70700,141.2,1392,34435.0,48.71
OMAXE, 29-Sep-2026,110.1,112.09,108.46,109.48,110.27,449814,494.65,6969,133682.0,29.72
OMFURN, 29-Sep-2026,51.0,51.0,51.0,51.0,51.45,1200,0.61,1,1200.0,100.0
OMINFRAL, 29-Sep-2026,78.91,78.91,77.5,77.67,78.75,35469,27.67,795,17356.0,48.93
OMNI, 29-Sep-2026,526.0,565.75,519.05,560.4,525.85,851262,4681.63,29331,329645.0,38.72
OMPOWER, 29-Sep-2026,163.19,163.99,159.0,163.18,162.71,69412,112.41,1341,30905.0,44.52
ONDOOR, 29-Sep-2026,254.0,261.0,253.0,257.65,259.0,2700,6.91,9,2100.0,77.78
ONEGLOBAL, 29-Sep-2026,551.0,551.0,525.0,534.15,544.95,7975,42.69,649,5960.0,74.73
ONEPOINT, 29-Sep-2026,69.73,74.0,68.07,71.62,69.43,7409814,5344.45,36729,2372618.0,32.02
ONESOURCE, 29-Sep-2026,1570.0,1605.0,1562.7,1583.3,1565.8,463289,7348.09,26535,265156.0,57.23
ONGC, 29-Sep-2026,230.0,231.7,227.8,230.0,230.0,13380638,30774.18,99814,8963790.0,66.99
ONIDA, 29-Sep-2026,31.51,32.65,31.1,31.75,32.0,313966,99.84,1858,158120.0,50.36
ONIXSOLAR, 29-Sep-2026,344.0,352.95,339.8,344.5,339.8,162654,562.5,3977,79667.0,48.98
ONWARDTEC, 29-Sep-2026,292.0,292.0,281.45,287.4,285.0,24567,70.38,1002,13371.0,54.43
ONYX, 29-Sep-2026,38.9,38.9,37.0,37.05,37.8,22000,8.18,3,22000.0,100.0
OPTIEMUS, 29-Sep-2026,810.9,810.9,781.15,796.2,809.95,744867,5924.65,30775,171190.0,22.98
OPTIFIN, 29-Sep-2026,14.53,15.88,13.61,14.82,14.53,73034,10.84,331,34419.0,47.13
OPTIMYSTIX, 29-Sep-2026,133.0,133.0,124.0,129.75,131.35,280800,352.12,77,259200.0,92.31
OPTIVALUE, 29-Sep-2026,242.9,242.9,228.0,229.5,231.35,86400,206.56,42,75200.0,87.04
ORBTEXP, 29-Sep-2026,233.6,267.0,225.11,262.01,227.15,93205,232.49,1224,60404.0,64.81
ORCHASP, 29-Sep-2026,1.34,1.35,1.31,1.33,1.34,86228,1.15,155,76922.0,89.21
ORCHPHARMA, 29-Sep-2026,1023.4,1040.9,991.6,1014.9,1023.4,146800,1483.38,19178,70284.0,47.88
ORIANA, 29-Sep-2026,306.3,324.5,292.95,317.2,309.85,505875,1562.11,1056,205875.0,40.7
ORICONENT, 29-Sep-2026,53.0,53.87,50.59,51.83,52.36,1200606,616.25,452,1182689.0,98.51
ORIENTALTL, 29-Sep-2026,5.13,5.13,4.85,4.86,4.94,72604,3.55,290,59611.0,82.1
ORIENTBELL, 29-Sep-2026,393.95,405.4,390.05,402.6,395.7,39951,159.66,1642,29875.0,74.78
ORIENTCEM, 29-Sep-2026,119.4,122.0,116.7,118.42,119.43,704241,830.81,8989,269734.0,38.3
ORIENTCER, 29-Sep-2026,45.54,46.4,45.01,45.6,45.86,46273,21.13,1019,20717.0,44.77
ORIENTELEC, 29-Sep-2026,160.78,165.0,155.0,156.62,160.0,300753,473.59,8268,137518.0,45.72
ORIENTHOT, 29-Sep-2026,138.03,141.5,136.5,139.34,138.03,1048759,1464.96,5751,601701.0,57.37
ORIENTPPR, 29-Sep-2026,16.65,16.74,16.25,16.43,16.61,124950,20.52,699,84640.0,67.74
ORIENTTECH, 29-Sep-2026,233.81,234.76,228.26,231.5,233.81,81882,188.91,2484,26759.0,32.68
ORIRAIL, 29-Sep-2026,124.5,127.0,121.44,122.81,126.15,80038,100.02,1574,41875.0,52.32
ORISSAMINE, 29-Sep-2026,3667.6,3749.9,3586.2,3673.3,3667.6,8027,292.58,1691,3153.0,39.28
ORKLAINDIA, 29-Sep-2026,550.1,550.75,530.15,540.05,554.3,191761,1031.38,16312,92982.0,48.49
ORTINGLOBE, 29-Sep-2026,15.0,15.21,13.92,14.72,14.65,24048,3.46,59,17040.0,70.86
OSELDEVICE, 29-Sep-2026,385.0,393.5,378.4,388.25,384.85,12600,48.95,53,10000.0,79.37
OSWALAGRO, 29-Sep-2026,33.01,35.5,33.01,34.9,33.67,136463,47.59,558,122589.0,89.83
OSWALGREEN, 29-Sep-2026,19.35,19.84,19.1,19.41,19.57,88692,17.15,919,36085.0,40.69
OSWALPUMPS, 29-Sep-2026,268.55,270.7,265.35,266.25,268.55,271978,727.12,6581,145047.0,53.33
OSWALSEEDS, 29-Sep-2026,12.5,12.8,12.05,12.52,12.45,77507,9.66,282,47263.0,60.98
OWAIS, 29-Sep-2026,69.8,69.8,69.8,69.8,71.2,1400,0.98,10,1300.0,92.86
PACEDIGITK, 29-Sep-2026,160.92,163.35,158.8,162.3,161.81,418674,674.56,8082,168338.0,40.21
PACIFICI, 29-Sep-2026,135.0,135.0,130.2,132.96,135.14,59,0.08,9,58.0,98.31
PAGEIND, 29-Sep-2026,37130.0,37400.0,36580.0,36580.0,37500.0,25120,9320.16,10085,11436.0,45.53
PAISALO, 29-Sep-2026,79.08,80.23,77.01,78.59,79.6,8530685,6717.39,32006,3063029.0,35.91
PAKKA, 29-Sep-2026,72.7,73.39,72.02,72.83,73.77,97327,70.75,1383,59162.0,60.79
PALASHSECU, 29-Sep-2026,86.0,88.0,84.1,84.25,88.9,1544,1.31,50,1014.0,65.67
PALREDTEC, 29-Sep-2026,45.82,46.05,44.0,45.99,46.05,2263,1.02,44,2139.0,94.52
PANACEABIO, 29-Sep-2026,366.45,380.0,362.05,375.25,366.45,64320,239.13,2293,30969.0,48.15
PANAMAPET, 29-Sep-2026,472.45,489.8,463.35,480.5,467.35,160114,757.88,7931,73507.0,45.91
PANCHMAHQ, 29-Sep-2026,290.0,290.0,290.0,290.0,298.0,16,0.05,2,16.0,100.0
PANORAMA, 29-Sep-2026,57.5,59.3,52.77,57.77,59.25,1380319,773.4,6765,376395.0,27.27
PANSARI, 29-Sep-2026,273.15,283.0,271.0,274.55,289.0,528,1.44,12,493.0,93.37
PARACABLES, 29-Sep-2026,56.35,58.6,55.33,57.85,56.35,1550828,885.56,8485,770572.0,49.69
PARADEEP, 29-Sep-2026,155.47,156.17,151.6,154.08,155.7,2094420,3226.61,51350,842602.0,40.23
PARAGMILK, 29-Sep-2026,277.0,280.5,265.1,268.55,274.95,2258239,6195.29,42250,1013503.0,44.88
PARAGON, 29-Sep-2026,48.1,50.0,48.1,48.25,50.5,10800,5.23,9,10800.0,100.0
PARAMATRIX, 29-Sep-2026,57.0,57.0,57.0,57.0,58.0,1200,0.68,1,1200.0,100.0
PARAS, 29-Sep-2026,1315.0,1336.9,1288.1,1325.0,1315.0,699385,9209.16,44130,189908.0,27.15
PARASPETRO, 29-Sep-2026,2.03,2.09,2.03,2.07,2.03,106545,2.2,241,59527.0,55.87
PARIN, 29-Sep-2026,735.0,735.0,695.0,720.35,720.1,31415,222.53,1228,14547.0,46.31
PARKHOSPS, 29-Sep-2026,277.75,277.75,271.7,275.45,276.5,868008,2376.28,14544,514193.0,59.24
PARKHOTELS, 29-Sep-2026,103.78,104.25,100.62,102.02,103.57,314706,320.89,5091,178838.0,56.83
PARNAXLAB, 29-Sep-2026,118.0,118.0,105.0,113.37,112.78,32458,36.19,665,25786.0,79.44
PARTH, 29-Sep-2026,512.0,515.9,502.0,502.0,508.15,8000,40.99,12,7600.0,95.0
PARTY-RE, 29-Sep-2026,0.1,0.1,0.1,0.1,0.05,29548,0.03,7,29548.0,100.0
PASHUPATI, 29-Sep-2026,77.27,92.72,75.6,92.72,77.27,219755,185.13,4418,85607.0,38.96
PASUPTAC, 29-Sep-2026,72.0,75.5,71.05,75.2,72.45,212785,156.3,3300,112532.0,52.89
PATANJALI, 29-Sep-2026,390.0,391.6,368.9,371.4,390.8,3725050,13971.49,53353,894484.0,24.01
PATELENG, 29-Sep-2026,27.11,27.15,26.21,26.45,26.9,1584797,419.82,7029,859632.0,54.24
PATELRMART, 29-Sep-2026,204.0,215.25,202.55,213.59,204.0,90056,188.77,1613,56729.0,62.99
PATILAUTOM, 29-Sep-2026,337.0,348.0,335.0,343.25,336.8,34200,116.7,48,32400.0,94.74
PATINTLOG, 29-Sep-2026,13.3,14.35,13.1,13.51,13.15,390223,53.84,1131,228736.0,58.62
PAUSHAKLTD, 29-Sep-2026,655.0,679.45,647.35,668.3,655.75,27031,180.89,2099,14635.0,54.14
PAVNAIND, 29-Sep-2026,15.31,16.0,15.05,15.77,15.53,28866,4.5,208,19218.0,66.58
PAYTM, 29-Sep-2026,1635.8,1691.7,1624.4,1683.0,1635.8,3925804,65540.05,118825,1636256.0,41.68
PBMPOLY, 29-Sep-2026,61.0,61.0,61.0,61.0,59.66,965,0.59,1,965.0,100.0
PCBL, 29-Sep-2026,330.5,334.9,328.55,330.45,332.55,671406,2227.26,23103,290132.0,43.21
PCCL, 29-Sep-2026,440.0,440.0,440.0,440.0,448.95,400,1.76,1,400.0,100.0
PCJEWELLER, 29-Sep-2026,13.52,13.68,13.01,13.23,13.52,261661117,34746.12,136731,59700541.0,22.82
PDMJEPAPER, 29-Sep-2026,94.16,96.0,90.86,94.67,93.78,172693,161.19,2625,62689.0,36.3
PDSL, 29-Sep-2026,349.5,364.9,344.15,348.95,349.5,597046,2121.89,21108,234447.0,39.27
PEARLPOLY, 29-Sep-2026,17.5,17.5,16.8,16.92,17.64,8476,1.44,62,5362.0,63.26
PELATRO, 29-Sep-2026,400.0,403.95,395.0,402.8,399.65,12900,51.64,29,12000.0,93.02
PENIND, 29-Sep-2026,183.47,184.9,178.56,180.28,182.17,775949,1412.07,12040,253912.0,32.72
PENINLAND, 29-Sep-2026,15.51,15.84,15.2,15.48,15.76,115681,17.91,643,86292.0,74.59
PERMAGN, 29-Sep-2026,822.0,842.1,818.05,837.1,825.7,1604,13.33,216,1090.0,67.96
PERNIASPOP, 29-Sep-2026,517.4,534.9,512.2,530.75,517.85,63013,331.93,3688,21624.0,34.32
PERSISTENT, 29-Sep-2026,5328.0,5348.5,5162.0,5162.0,5328.5,294063,15433.41,24084,138178.0,46.99
PETRONET, 29-Sep-2026,284.7,288.5,281.75,282.95,289.85,2819999,8033.36,41807,1601436.0,56.79
PFC, 29-Sep-2026,330.25,330.6,320.8,324.1,330.0,13111275,42593.32,91810,8148933.0,62.15
PFIZER, 29-Sep-2026,3966.1,3988.0,3888.6,3912.9,3968.0,174412,6842.71,23094,112500.0,64.5
PFOCUS, 29-Sep-2026,316.75,321.4,310.0,317.5,315.2,3725970,11794.1,33360,464243.0,12.46
PFS, 29-Sep-2026,27.04,28.99,26.41,28.0,27.12,4112305,1134.62,34375,990994.0,24.1
PGEL, 29-Sep-2026,504.55,509.95,493.15,493.15,507.0,1964023,9809.67,40930,874409.0,44.52
PGHH, 29-Sep-2026,6900.0,6946.0,6804.0,6871.5,6888.5,25253,1736.32,8849,11617.0,46.0
PGHL, 29-Sep-2026,5403.0,5880.0,5400.5,5696.0,5399.5,91841,5233.32,21526,29020.0,31.6
PGIL, 29-Sep-2026,1294.0,1333.0,1276.8,1290.4,1296.1,153191,1997.78,16321,56301.0,36.75
PGINVIT, 29-Sep-2026,102.32,102.38,101.51,102.03,102.01,1117239,1139.13,5039,920174.0,82.36
PHANTOMFX, 29-Sep-2026,87.0,89.0,83.0,88.0,87.75,15000,12.85,48,10500.0,70.0
PHARMABEES, 29-Sep-2026,28.11,28.11,27.56,27.79,27.56,4751571,1317.81,9864,2966711.0,62.44
PHOENIXLTD, 29-Sep-2026,1946.3,1957.3,1916.7,1929.0,1952.2,381228,7372.07,30163,230971.0,60.59
PHOENXINTL, 29-Sep-2026,29.3,29.3,27.8,28.05,29.3,2269,0.64,18,2164.0,95.37
PHOGLOBAL, 29-Sep-2026,16.0,17.05,16.0,17.05,16.0,4000,0.66,2,2000.0,50.0
PICCADIL, 29-Sep-2026,606.4,607.85,591.55,602.85,600.5,84778,509.49,8070,40747.0,48.06
PIDILITIND, 29-Sep-2026,1493.0,1500.4,1461.0,1461.0,1503.0,1073488,15891.75,42867,684097.0,63.73
PIGL, 29-Sep-2026,95.9,98.99,94.9,96.92,96.0,41941,40.38,680,25377.0,60.51
PIIND, 29-Sep-2026,2327.5,2339.0,2288.8,2288.8,2349.0,186578,4305.17,17407,90822.0,48.68
PILANIINVS, 29-Sep-2026,4024.0,4127.5,3965.0,4027.7,3997.5,2381,96.07,1180,1387.0,58.25
PILITA, 29-Sep-2026,7.48,7.71,7.3,7.34,7.59,31206,2.33,189,27611.0,88.48
PINELABS, 29-Sep-2026,172.75,172.9,167.7,171.55,173.02,18280064,31163.4,119643,5927493.0,32.43
PIONEEREMB, 29-Sep-2026,21.15,21.59,20.3,20.79,21.15,4907,1.02,72,3811.0,77.66
PIRAMALFIN, 29-Sep-2026,2142.0,2174.4,2057.2,2127.5,2149.0,1703600,36223.09,75829,1115118.0,65.46
PITTIENG, 29-Sep-2026,1136.0,1152.2,1115.7,1131.4,1136.8,51812,588.45,6441,29031.0,56.03
PIXTRANS, 29-Sep-2026,1714.1,1750.0,1714.1,1728.1,1724.8,10656,184.14,1313,6672.0,62.61
PLADAINFO, 29-Sep-2026,13.0,13.0,13.0,13.0,13.05,3000,0.39,1,3000.0,100.0
PLASTIBLEN, 29-Sep-2026,198.04,205.99,196.27,204.5,199.86,44950,90.86,1151,24321.0,54.11
PLATIND, 29-Sep-2026,205.1,209.04,202.5,205.7,205.91,44189,90.77,1566,24040.0,54.4
PLAZACABLE, 29-Sep-2026,56.05,59.9,56.05,59.9,57.05,77690,45.64,790,52362.0,67.4
PML, 29-Sep-2026,481.3,483.0,461.0,472.7,488.1,245,1.14,31,237.0,96.73
PNB, 29-Sep-2026,112.55,113.98,110.56,111.75,112.6,25885049,29028.59,60978,14872131.0,57.45
PNBGILTS, 29-Sep-2026,73.2,73.2,70.9,71.89,73.28,377184,271.39,3293,154702.0,41.01
PNBHOUSING, 29-Sep-2026,1078.5,1123.5,1073.4,1098.2,1085.0,907413,10011.93,38590,379637.0,41.84
PNC, 29-Sep-2026,16.98,17.5,15.7,17.4,16.68,27003,4.59,135,25157.0,93.16
PNCINFRA, 29-Sep-2026,131.25,132.54,128.32,129.8,131.26,1025015,1334.02,20192,445167.0,43.43
PNGJL, 29-Sep-2026,585.35,592.2,572.7,585.05,585.35,379690,2219.01,22974,155452.0,40.94
PNGSREVA, 29-Sep-2026,506.05,520.0,502.25,513.4,506.05,81209,414.3,4019,36457.0,44.89
POCL, 29-Sep-2026,453.0,467.15,444.6,461.6,452.65,270171,1238.27,11426,115184.0,42.63
PODDARMENT, 29-Sep-2026,257.65,266.0,253.7,259.05,257.8,12257,31.63,315,8228.0,67.13
POEL, 29-Sep-2026,144.91,144.91,139.52,139.89,141.35,30180,42.74,1025,16756.0,55.52
POKARNA, 29-Sep-2026,718.0,729.9,711.0,718.05,718.15,55054,396.62,3984,25158.0,45.7
POLICYBZR, 29-Sep-2026,1162.1,1162.3,1077.0,1081.0,1151.3,19346053,212234.93,299033,10698664.0,55.3
POLYCAB, 29-Sep-2026,8195.0,8256.0,8102.5,8102.5,8191.0,1645809,134088.24,76938,1195469.0,72.64
POLYMED, 29-Sep-2026,1636.7,1668.5,1626.8,1644.7,1636.7,168312,2771.39,19990,77876.0,46.27
POLYPLEX, 29-Sep-2026,1061.0,1078.3,1050.0,1061.3,1063.1,51486,547.3,4137,29771.0,57.82
POLYSIL, 29-Sep-2026,55.55,59.6,55.05,58.6,57.9,49500,28.08,44,25000.0,50.51
POLYSPIN, 29-Sep-2026,32.0,32.0,28.0,31.46,31.78,772,0.22,45,619.0,80.18
PONNIERODE, 29-Sep-2026,391.05,392.0,382.0,384.15,390.0,14553,56.3,1411,5295.0,36.38
POONAWALLA, 29-Sep-2026,446.0,450.05,437.4,443.0,445.15,1017550,4515.39,43657,501140.0,49.25
POSITRON, 29-Sep-2026,234.5,234.5,220.2,230.0,226.5,7800,17.74,25,6600.0,84.62
POWERGRID, 29-Sep-2026,262.3,269.2,259.55,261.5,261.85,25174350,66043.44,130135,16810545.0,66.78
POWERICA, 29-Sep-2026,564.9,605.0,557.05,599.75,562.95,755551,4475.83,23345,346614.0,45.88
POWERINDIA, 29-Sep-2026,30250.0,30930.0,29865.0,30735.0,30260.0,387016,118205.66,46556,270442.0,69.88
POWERMECH, 29-Sep-2026,2399.0,2459.5,2380.7,2397.2,2364.3,153659,3710.43,22717,27640.0,17.99
PPLPHARMA, 29-Sep-2026,206.8,212.05,206.66,209.07,206.59,5062059,10585.53,60210,1416113.0,27.98
PPSL, 29-Sep-2026,2.75,2.75,2.75,2.75,2.8,9000,0.25,3,9000.0,100.0
PRABHA, 29-Sep-2026,223.0,227.68,215.6,224.41,223.39,87334,193.16,1913,43976.0,50.35
PRAENG, 29-Sep-2026,23.0,23.0,21.4,21.76,22.86,64641,14.3,442,51866.0,80.24
PRAJIND, 29-Sep-2026,310.65,313.75,306.4,307.75,311.95,341879,1055.48,16149,161887.0,47.35
PRAKASH, 29-Sep-2026,115.66,122.8,114.4,121.62,115.68,1059864,1277.26,12334,471907.0,44.53
PRAKASHSTL, 29-Sep-2026,3.64,3.64,3.46,3.59,3.61,76849,2.75,258,60773.0,79.08
PRAMARA, 29-Sep-2026,111.3,113.05,110.95,113.05,107.7,54500,61.39,54,49500.0,90.83
PRAMODINI, 29-Sep-2026,121.0,126.0,116.7,117.65,120.25,201600,245.27,131,146400.0,72.62
PRANAV, 29-Sep-2026,101.39,102.38,98.78,100.18,101.39,1894008,1903.22,15477,399401.0,21.09
PRANIK, 29-Sep-2026,44.1,47.35,44.1,47.35,44.1,6400,2.92,3,4800.0,75.0
PRASOLCHEM, 29-Sep-2026,799.9,840.15,692.8,840.15,763.8,3815494,30634.8,133200,596573.0,15.64
PRATHAM, 29-Sep-2026,120.05,120.25,120.0,120.0,122.0,6000,7.2,14,6000.0,100.0
PRAVEG, 29-Sep-2026,246.15,253.95,241.05,242.6,249.5,23598,57.64,1034,14945.0,63.33
PRAXIS, 29-Sep-2026,5.0,5.0,4.73,4.83,4.84,95061,4.58,168,62402.0,65.64
PRECAM, 29-Sep-2026,115.9,118.69,114.01,117.16,116.78,77134,90.04,1892,36874.0,47.81
PRECOT, 29-Sep-2026,613.0,644.7,582.05,638.55,617.8,13331,80.32,569,7656.0,57.43
PRECWIRE, 29-Sep-2026,480.0,513.7,476.55,500.15,480.65,1563376,7829.78,53448,412401.0,26.38
PREMCO, 29-Sep-2026,396.8,403.8,396.8,398.3,395.4,279,1.11,24,275.0,98.57
PREMEXPLN, 29-Sep-2026,675.0,679.4,673.55,675.3,677.05,178136,1204.7,2333,133946.0,75.19
PREMIERENE, 29-Sep-2026,906.0,917.6,853.6,870.0,906.0,3053623,26660.46,58268,1122991.0,36.78
PREMIERPOL, 29-Sep-2026,95.49,97.38,91.11,95.89,92.81,448654,425.75,8005,133408.0,29.74
PREMIUM, 29-Sep-2026,45.0,45.25,43.0,44.0,42.95,81000,35.79,21,63000.0,77.78
PRESSTONIC, 29-Sep-2026,47.75,48.0,47.75,47.8,50.25,50400,24.1,38,50400.0,100.0
PRESTIGE, 29-Sep-2026,1465.0,1465.0,1417.5,1417.5,1470.8,746201,10694.8,20259,446787.0,59.87
PRICOLLTD, 29-Sep-2026,752.0,758.25,741.0,749.35,753.1,283435,2126.27,19707,140334.0,49.51
PRIMECAB, 29-Sep-2026,185.0,187.1,183.0,187.1,178.2,57600,107.38,31,56000.0,97.22
PRIMESECU, 29-Sep-2026,298.95,304.5,293.05,302.5,301.85,18619,56.05,259,12904.0,69.31
PRIMO, 29-Sep-2026,28.99,29.12,25.94,27.38,28.13,1302676,355.77,8650,512740.0,39.36
PRINCEPIPE, 29-Sep-2026,258.0,259.9,251.8,255.85,257.75,75234,192.3,3092,35341.0,46.97
PRIORITY, 29-Sep-2026,295.65,302.0,279.87,293.64,300.93,379091,1089.06,7702,158627.0,41.84
PRISMX, 29-Sep-2026,0.54,0.55,0.52,0.53,0.53,142967,0.76,111,98450.0,68.86
PRITI, 29-Sep-2026,32.0,32.48,30.5,32.14,31.33,6072,1.91,141,5014.0,82.58
PRITIKA, 29-Sep-2026,62.5,65.95,57.65,62.7,62.5,12000,7.48,5,4000.0,33.33
PRITIKAUTO, 29-Sep-2026,19.85,19.85,17.56,18.4,18.87,1329969,247.7,3204,654721.0,49.23
PRIVISCL, 29-Sep-2026,3607.2,3705.0,3568.7,3605.5,3605.3,418867,15228.57,67059,224334.0,53.56
PRIZOR, 29-Sep-2026,1132.0,1150.65,1132.0,1150.65,1128.1,4000,45.7,10,4000.0,100.0
PRLIND, 29-Sep-2026,45.0,45.2,45.0,45.2,45.95,3000,1.35,3,3000.0,100.0
PROFX, 29-Sep-2026,71.0,71.0,68.55,69.95,72.75,6400,4.47,4,4800.0,75.0
PROLIFE, 29-Sep-2026,76.0,76.0,76.0,76.0,80.0,500,0.38,1,500.0,100.0
PROPSHOP, 29-Sep-2026,65.5,69.0,65.4,69.0,68.0,10000,6.73,5,6000.0,60.0
PROSTARM, 29-Sep-2026,136.33,138.58,133.0,135.83,136.33,164167,223.35,2816,60176.0,36.66
PROTEAN, 29-Sep-2026,690.0,699.4,661.35,666.65,691.5,859577,5848.42,22747,279526.0,32.52
PROV, 29-Sep-2026,1920.0,1959.0,1920.0,1949.5,1920.5,560,10.86,7,480.0,85.71
PROZONER, 29-Sep-2026,56.05,56.81,55.41,56.2,56.26,817910,458.83,2079,733575.0,89.69
PRSMJOHNSN, 29-Sep-2026,115.09,115.15,108.2,109.27,115.15,1164484,1279.7,15964,440199.0,37.8
PRUDENT, 29-Sep-2026,3170.0,3170.0,3060.0,3098.7,3171.3,98288,3039.09,22835,51515.0,52.41
PRUDMOULI, 29-Sep-2026,13.98,13.98,13.5,13.98,13.93,2209,0.3,23,1840.0,83.3
PSB, 29-Sep-2026,21.31,21.32,20.95,21.11,21.31,1263412,266.36,6811,618277.0,48.94
PSPPROJECT, 29-Sep-2026,778.0,793.5,772.1,782.65,779.1,68855,539.6,4101,36751.0,53.37
PSRAJ, 29-Sep-2026,100.5,100.7,99.0,99.8,100.0,92500,92.72,25,82500.0,89.19
PSUBANK, 29-Sep-2026,80.66,80.66,78.86,79.67,80.58,160761,128.35,1003,60319.0,37.52
PSUBANKADD, 29-Sep-2026,82.18,82.38,80.2,81.28,81.39,21665,17.5,396,14474.0,66.81
PSUBNKBEES, 29-Sep-2026,90.0,90.99,88.61,89.71,89.92,958562,855.81,6826,424243.0,44.26
PSUBNKIETF, 29-Sep-2026,81.39,81.9,80.37,81.49,81.65,138717,112.2,1038,69302.0,49.96
PTC, 29-Sep-2026,155.2,156.09,153.53,155.75,154.88,1273851,1975.54,22973,711254.0,55.83
PTCIL, 29-Sep-2026,21685.0,22690.0,21555.0,22535.0,21685.0,19622,4360.07,7643,7319.0,37.3
PTL, 29-Sep-2026,37.99,38.84,37.03,38.2,37.9,28735,10.94,1482,12596.0,43.84
PULZ, 29-Sep-2026,21.0,21.65,21.0,21.65,21.2,8000,1.7,4,8000.0,100.0
PUNJABCHEM, 29-Sep-2026,1078.9,1078.9,1024.4,1035.8,1054.6,3891,40.51,529,2522.0,64.82
PURPLEUTED, 29-Sep-2026,500.0,500.0,478.5,482.0,503.65,21500,104.55,81,16250.0,75.58
PURVA, 29-Sep-2026,208.8,210.88,199.5,204.84,209.99,240427,490.93,6645,98910.0,41.14
PURVFLEXI, 29-Sep-2026,43.6,43.6,40.0,41.15,42.0,6400,2.67,7,5600.0,87.5
PUSHPA, 29-Sep-2026,116.0,122.0,111.35,119.0,116.1,265000,316.95,197,95000.0,35.85
PVP, 29-Sep-2026,57.3,57.94,55.91,55.91,58.85,2985074,1675.72,3361,1372009.0,45.96
PVRINOX, 29-Sep-2026,1230.0,1230.0,1181.2,1190.1,1225.0,816749,9766.88,49362,468760.0,57.39
PVSL, 29-Sep-2026,97.2,102.5,95.23,97.01,97.66,24960,24.18,722,17637.0,70.66
PVTBANIETF, 29-Sep-2026,26.83,26.83,26.44,26.72,26.83,1688640,449.59,2659,818539.0,48.47
PVTBANK, 29-Sep-2026,26.61,27.4,26.0,27.01,26.72,39520,10.54,179,18192.0,46.03
PVTBANKADD, 29-Sep-2026,26.76,26.94,26.54,26.8,26.9,70320,18.77,211,34511.0,49.08
PVTBKGROWW, 29-Sep-2026,26.5,26.59,26.31,26.47,26.6,4714,1.24,74,3307.0,70.15
PWL, 29-Sep-2026,128.07,128.32,124.39,125.15,128.07,5275797,6627.39,40178,1913323.0,36.27
PYRAMID, 29-Sep-2026,159.5,162.24,155.05,156.54,161.11,38974,61.37,811,23008.0,59.03
QFIL, 29-Sep-2026,49.75,52.35,49.75,52.35,52.35,3000,1.54,2,3000.0,100.0
QGOLDHALF, 29-Sep-2026,121.6,121.6,120.1,120.8,121.37,274708,331.98,1069,126295.0,45.97
QLINE, 29-Sep-2026,652.5,678.7,648.1,672.75,666.7,103200,680.99,218,68000.0,65.89
QNIFTY, 29-Sep-2026,257.77,257.77,249.0,250.71,251.49,2154,5.39,289,1309.0,60.77
QPOWER, 29-Sep-2026,1608.0,1638.0,1552.3,1614.3,1592.7,378939,6040.1,24944,151116.0,39.88
QUADFUTURE, 29-Sep-2026,535.0,554.0,521.1,542.15,531.5,682032,3680.68,29842,156465.0,22.94
QUADPRO, 29-Sep-2026,4.4,4.4,4.4,4.4,4.2,84000,3.7,7,84000.0,100.0
QUAL30IETF, 29-Sep-2026,20.04,20.05,19.79,19.82,20.04,122305,24.28,400,85679.0,70.05
QUALIANCE, 29-Sep-2026,181.5,193.95,177.5,189.1,181.4,58000,105.86,52,46000.0,79.31
QUALITY30, 29-Sep-2026,19.53,19.88,19.29,19.4,19.64,1365,0.27,135,1001.0,73.33
QUESS, 29-Sep-2026,339.75,343.0,335.9,342.1,340.9,190530,648.48,13140,96900.0,50.86
QUESTLAB, 29-Sep-2026,83.6,90.0,81.0,89.0,85.75,28800,24.43,23,20400.0,70.83
QUICKHEAL, 29-Sep-2026,143.82,148.29,141.7,145.92,143.4,77600,112.9,2347,36608.0,47.18
QUICKTOUCH, 29-Sep-2026,15.5,15.5,14.75,14.75,15.5,2000,0.3,4,1500.0,75.0
QUINTEGRA, 29-Sep-2026,1.22,1.22,1.22,1.22,1.17,1020,0.01,2,1020.0,100.0
QVCEL, 29-Sep-2026,23.5,25.0,23.2,25.0,24.0,8000,1.91,5,6400.0,80.0
RACE, 29-Sep-2026,121.7,123.13,117.9,119.85,121.7,49879,60.17,730,22481.0,45.07
RACLGEAR, 29-Sep-2026,1606.6,1626.0,1535.3,1588.6,1613.1,42673,681.46,8473,21183.0,49.64
RADAAN, 29-Sep-2026,3.02,3.09,2.9,2.96,3.02,22851,0.68,107,16711.0,73.13
RADIANTCMS, 29-Sep-2026,35.4,36.48,35.02,35.65,35.7,169177,60.42,1693,88274.0,52.18
RADICO, 29-Sep-2026,4478.0,4478.0,4364.0,4364.0,4478.3,238687,10531.47,30906,120464.0,50.47
RADIOCITY, 29-Sep-2026,5.99,6.05,5.92,6.01,5.99,192865,11.6,124,156474.0,81.13
RADIOWALLA, 29-Sep-2026,29.15,29.15,29.15,29.15,28.6,14400,4.2,8,12800.0,88.89
RAILTEL, 29-Sep-2026,255.0,261.95,252.05,259.25,256.15,637058,1642.92,19260,235304.0,36.94
RAIN, 29-Sep-2026,215.95,217.44,210.1,215.41,215.45,2705102,5794.44,21064,1194466.0,44.16
RAINBOW, 29-Sep-2026,1374.8,1385.7,1351.1,1367.8,1372.6,229899,3147.6,25352,151175.0,65.76
RAJINDLTD, 29-Sep-2026,65.4,66.4,64.4,64.4,66.55,6000,3.92,4,4500.0,75.0
RAJMET, 29-Sep-2026,3.1,3.12,3.04,3.06,3.08,201847,6.21,628,173864.0,86.14
RAJPALAYAM, 29-Sep-2026,758.0,776.0,757.0,757.8,758.05,1623,12.32,41,1430.0,88.11
RAJPUTANA, 29-Sep-2026,198.5,198.5,198.5,198.5,198.2,1500,2.98,3,1500.0,100.0
RAJRATAN, 29-Sep-2026,461.0,473.6,453.5,466.15,460.95,52250,242.85,4841,26829.0,51.35
RAJSREESUG, 29-Sep-2026,31.46,31.46,30.01,30.58,30.84,21238,6.49,319,14256.0,67.12
RAJTV, 29-Sep-2026,11.49,11.6,10.59,10.59,11.14,130949,13.99,261,102762.0,78.47
RALLIS, 29-Sep-2026,199.75,200.85,196.76,199.96,199.42,628858,1252.96,22151,383309.0,60.95
RAMANEWS, 29-Sep-2026,30.19,31.58,30.17,30.31,31.11,10643,3.25,217,6884.0,64.68
RAMAPHO, 29-Sep-2026,122.4,122.4,119.31,120.33,120.0,9762,11.76,185,6842.0,70.09
RAMBHAJO, 29-Sep-2026,266.7,291.53,263.21,290.97,265.03,1672071,4761.82,16631,844833.0,50.53
RAMCOCEM, 29-Sep-2026,849.7,850.0,822.05,844.25,848.65,339013,2838.31,20210,218418.0,64.43
RAMCOIND, 29-Sep-2026,310.9,313.7,305.0,310.1,310.9,85458,264.38,2381,38891.0,45.51
RAMCOSYS, 29-Sep-2026,563.5,563.95,550.0,553.7,563.8,40081,223.28,2439,21504.0,53.65
RAMKY, 29-Sep-2026,309.05,309.05,290.15,294.05,306.25,113032,339.16,2428,79080.0,69.96
RAMRAT, 29-Sep-2026,568.2,590.0,564.6,583.8,568.2,258622,1498.58,16353,119472.0,46.2
RANASUG, 29-Sep-2026,13.62,14.0,13.6,13.67,13.86,98422,13.5,745,46065.0,46.8
RANEHOLDIN, 29-Sep-2026,1565.6,1575.1,1531.0,1541.3,1584.4,11509,178.27,1081,7318.0,63.59
RAPPID, 29-Sep-2026,350.0,350.0,340.0,340.5,350.0,9600,33.07,10,9000.0,93.75
RATEGAIN, 29-Sep-2026,827.0,833.0,817.0,830.0,828.7,203669,1684.8,17167,110870.0,54.44
RATNAMANI, 29-Sep-2026,2722.5,2918.4,2722.5,2833.3,2748.4,72241,2058.01,14931,21654.0,29.97
RATNAVEER, 29-Sep-2026,332.3,335.5,323.8,331.15,330.95,4872949,16123.5,33181,1406243.0,28.86
RAYMOND, 29-Sep-2026,1183.4,1203.85,1162.5,1185.75,1179.95,1469467,17389.2,48817,181369.0,12.34
RAYMONDLSL, 29-Sep-2026,672.15,672.15,654.0,660.55,672.0,136756,907.05,11113,53576.0,39.18
RAYMONDREL, 29-Sep-2026,670.1,685.15,652.0,672.55,672.95,1056909,7110.17,29986,242728.0,22.97
RBA, 29-Sep-2026,92.0,92.35,90.32,91.98,91.61,1645563,1505.12,22425,772091.0,46.92
RBLBANK, 29-Sep-2026,406.0,407.8,401.45,402.0,407.0,4214429,17040.01,43026,2169430.0,51.48
RBMINFRA, 29-Sep-2026,256.05,264.0,230.0,241.4,258.6,26600,64.96,101,23600.0,88.72
RBS, 29-Sep-2026,82.0,84.9,82.0,84.9,82.0,4000,3.34,3,2400.0,60.0
RCDL, 29-Sep-2026,18.4,18.75,18.0,18.75,17.9,417000,77.43,98,240000.0,57.55
RCF, 29-Sep-2026,109.55,109.67,107.15,108.11,109.95,1140274,1237.45,12195,401832.0,35.24
RECLTD, 29-Sep-2026,302.2,303.15,292.2,292.45,303.25,39781303,116932.78,130946,30069786.0,75.59
REDINGTON, 29-Sep-2026,404.75,411.1,401.05,405.45,404.85,2957867,12011.41,62582,1407544.0,47.59
REDTAPE, 29-Sep-2026,119.91,119.91,115.33,117.48,119.97,1234073,1446.25,25737,421783.0,34.18
REFEX, 29-Sep-2026,274.45,276.6,270.6,272.05,275.8,158081,431.0,5179,76984.0,48.7
REFRACTORY, 29-Sep-2026,38.5,40.8,37.0,40.8,38.9,39000,15.34,30,36000.0,92.31
REGAAL, 29-Sep-2026,89.79,90.99,87.5,88.64,88.56,233388,208.22,3593,77023.0,33.0
REGENCERAM, 29-Sep-2026,36.92,39.16,31.2,32.51,32.64,246224,92.0,1298,109534.0,44.49
RELAXO, 29-Sep-2026,291.1,296.3,286.55,291.5,290.75,115867,336.69,8031,56076.0,48.4
RELCHEMQ, 29-Sep-2026,114.55,118.99,112.0,113.09,115.51,3263,3.74,138,1536.0,47.07
RELIABLE, 29-Sep-2026,146.69,147.0,142.0,145.17,144.24,59849,87.69,544,56935.0,95.13
RELIANCE, 29-Sep-2026,1193.8,1198.3,1181.8,1182.0,1197.6,24191416,287229.13,310251,17501766.0,72.35
RELIGARE, 29-Sep-2026,234.0,236.24,228.94,232.05,234.32,1613223,3743.66,12417,1012593.0,62.77
RELTD, 29-Sep-2026,147.51,151.0,145.02,149.12,148.07,114620,170.81,2406,56798.0,49.55
REMSONSIND, 29-Sep-2026,119.95,119.95,110.1,111.56,120.39,807024,919.82,9321,335760.0,41.6
REMUS, 29-Sep-2026,900.0,939.0,882.0,925.05,919.5,4200,37.84,40,3000.0,71.43
RENTOMOJO, 29-Sep-2026,489.0,507.9,485.55,502.15,491.35,2191503,10892.15,69656,693219.0,31.63
RENUKA, 29-Sep-2026,22.73,22.88,22.36,22.54,22.91,7648950,1726.95,13791,1942077.0,25.39
REPCOHOME, 29-Sep-2026,344.0,345.0,339.05,343.65,346.75,53494,182.97,1842,28683.0,53.62
REPL, 29-Sep-2026,61.0,61.19,60.0,61.14,61.2,715,0.43,28,705.0,98.6
REPRO, 29-Sep-2026,333.0,333.0,310.1,317.05,333.8,46679,148.47,2130,18731.0,40.13
RESPONIND, 29-Sep-2026,162.4,172.69,160.22,168.09,161.6,1341506,2258.65,21557,282489.0,21.06
RETAIL, 29-Sep-2026,28.88,28.88,28.8,28.88,24.07,117010,33.79,171,104434.0,89.25
REXPRO, 29-Sep-2026,33.55,34.5,33.55,33.55,35.0,5000,1.71,5,4000.0,80.0
RGL, 29-Sep-2026,163.69,166.0,160.56,164.27,163.23,348391,570.95,8139,134063.0,38.48
RHETAN, 29-Sep-2026,16.69,16.7,16.69,16.69,15.91,11749535,1961.79,4915,4336423.0,36.91
RHIM, 29-Sep-2026,386.6,399.6,379.35,393.2,386.6,714917,2801.79,22008,281698.0,39.4
RHL, 29-Sep-2026,164.9,165.0,162.99,164.99,163.9,1539,2.53,38,1538.0,99.94
RICHA, 29-Sep-2026,80.7,80.7,80.7,80.7,78.0,1000,0.81,1,1000.0,100.0
RICOAUTO, 29-Sep-2026,127.0,127.01,123.51,126.22,127.36,583280,732.14,7326,236537.0,40.55
RIIL, 29-Sep-2026,684.05,684.05,670.0,677.05,685.6,38584,260.86,2109,11879.0,30.79
RIIT, 29-Sep-2026,119.0,121.77,119.0,120.38,119.42,52040,62.46,3835,45627.0,87.68
RILINFRA, 29-Sep-2026,33.8,33.8,32.85,33.1,34.1,6300,2.1,46,2400.0,38.1
RIR, 29-Sep-2026,186.21,191.0,182.75,188.08,186.21,588043,1103.23,9678,156558.0,26.62
RISHABH, 29-Sep-2026,717.5,728.85,699.65,723.85,713.5,83308,596.64,8521,39591.0,47.52
RITCO, 29-Sep-2026,278.15,287.5,271.75,280.85,277.2,73429,204.58,1613,32855.0,44.74
RITES, 29-Sep-2026,196.11,196.11,191.25,192.31,196.11,387673,748.68,16049,187220.0,48.29
RITEZONE, 29-Sep-2026,17.1,17.1,16.75,16.75,17.6,14400,2.43,8,14400.0,100.0
RKDL, 29-Sep-2026,18.03,18.5,17.8,18.36,18.02,7635,1.39,75,4431.0,58.04
RKEC, 29-Sep-2026,22.5,25.9,21.39,23.61,22.78,139704,33.59,907,54447.0,38.97
RKFORGE, 29-Sep-2026,703.0,723.45,700.0,714.65,703.1,843189,6038.2,43272,349951.0,41.5
RKSWAMY, 29-Sep-2026,89.93,93.41,87.01,89.48,88.5,25503,22.51,484,19962.0,78.27
RMC, 29-Sep-2026,209.59,214.15,206.02,210.37,208.96,16004,33.67,915,7790.0,48.68
RML, 29-Sep-2026,1334.8,1407.1,1298.5,1380.9,1325.9,66084,896.9,5225,32182.0,48.7
RNFI, 29-Sep-2026,311.0,313.0,310.25,311.8,315.0,12000,37.33,19,7200.0,60.0
RNPL, 29-Sep-2026,62.6,62.6,62.6,62.6,59.65,3600,2.25,3,3600.0,100.0
ROCKINGDCE, 29-Sep-2026,221.45,221.45,215.9,215.9,212.65,2000,4.34,8,1500.0,75.0
ROCKPP, 29-Sep-2026,57.2,57.2,57.2,57.2,63.45,10000,5.72,2,10000.0,100.0
ROHLTD, 29-Sep-2026,298.1,310.2,296.1,306.35,299.05,14020,42.22,893,6314.0,45.04
ROLEXRINGS, 29-Sep-2026,194.0,196.81,189.15,190.58,193.45,2165701,4173.16,33842,806282.0,37.23
ROML, 29-Sep-2026,42.82,43.75,41.5,41.91,42.91,1934,0.82,56,1013.0,52.38
ROSSARI, 29-Sep-2026,437.0,438.1,426.0,427.7,440.4,74365,319.41,4502,42811.0,57.57
ROSSELLIND, 29-Sep-2026,50.1,51.98,50.1,51.03,51.18,19856,10.11,418,15345.0,77.28
ROSSTECH, 29-Sep-2026,1409.9,1490.0,1375.8,1481.7,1398.8,315207,4565.68,32618,123966.0,39.33
ROTO, 29-Sep-2026,62.9,64.01,62.18,63.26,62.55,332694,210.04,3222,132461.0,39.81
ROUTE, 29-Sep-2026,452.5,454.05,444.1,447.2,453.45,97047,435.23,5330,38887.0,40.07
ROXHITECH, 29-Sep-2026,45.6,47.6,45.6,46.55,47.8,14400,6.71,9,14400.0,100.0
RPEL, 29-Sep-2026,1700.0,1722.1,1665.0,1718.1,1703.9,42157,717.28,5510,17907.0,42.48
RPGLIFE, 29-Sep-2026,2935.0,3125.0,2926.3,3089.2,2955.1,96080,2900.37,10594,55106.0,57.35
RPOWER, 29-Sep-2026,19.9,20.15,19.45,19.77,19.96,32861231,6504.5,49423,13155648.0,40.03
RPPINFRA, 29-Sep-2026,50.55,52.34,50.25,50.8,51.52,33805,17.23,685,20439.0,60.46
RPSGVENT, 29-Sep-2026,848.0,848.0,828.0,833.85,842.05,25190,209.83,1095,14357.0,56.99
RPTECH, 29-Sep-2026,883.95,935.0,871.55,925.35,883.95,557981,5065.55,40592,237334.0,42.53
RRECL, 29-Sep-2026,122.3,131.0,118.0,129.19,119.32,1323,1.64,37,1145.0,86.55
RRIL, 29-Sep-2026,15.36,15.66,15.3,15.48,15.66,27693,4.29,85,20859.0,75.32
RRKABEL, 29-Sep-2026,2459.8,2546.5,2440.3,2523.2,2459.8,240700,6034.64,23448,114925.0,47.75
RSL, 29-Sep-2026,168.54,168.9,164.0,165.45,167.41,635959,1054.24,7637,347635.0,54.66
RSSOFTWARE, 29-Sep-2026,31.0,31.0,29.53,29.97,30.85,4580,1.38,201,3744.0,81.75
RSWM, 29-Sep-2026,209.29,215.29,206.58,212.37,211.35,57039,120.41,1638,35400.0,62.06
RSYSTEMS, 29-Sep-2026,290.0,305.98,285.2,298.69,275.21,67292815,198724.61,586712,3263880.0,4.85
RTL, 29-Sep-2026,78.5,78.5,78.5,78.5,82.5,2000,1.57,1,2000.0,100.0
RTNINDIA, 29-Sep-2026,26.29,26.35,25.25,25.66,26.2,3231261,826.49,12815,1413540.0,43.75
RTNPOWER, 29-Sep-2026,6.86,6.91,6.71,6.87,6.86,16028573,1091.39,14765,6008671.0,37.49
RTSPOWR, 29-Sep-2026,136.77,138.05,116.05,118.18,125.5,274598,362.07,3501,103128.0,37.56
RUBFILA, 29-Sep-2026,62.37,64.5,61.61,63.85,62.37,41304,25.92,833,12432.0,30.1
RUBICON, 29-Sep-2026,1593.6,1646.4,1583.2,1609.0,1592.8,701771,11258.38,54306,463226.0,66.01
RUBYMILLS, 29-Sep-2026,510.6,510.65,485.0,491.8,510.6,22908,114.15,1395,10162.0,44.36
RUCHINFRA, 29-Sep-2026,5.19,5.19,5.03,5.05,5.09,47504,2.42,136,27708.0,58.33
RUCHIRA, 29-Sep-2026,107.8,107.8,104.0,104.29,106.92,20128,21.18,506,13781.0,68.47
RUDRA, 29-Sep-2026,18.55,18.6,18.01,18.03,18.55,30405,5.54,181,24824.0,81.64
RULKA, 29-Sep-2026,105.0,110.5,105.0,107.4,107.3,6900,7.43,21,6300.0,91.3
RUPA, 29-Sep-2026,132.98,133.57,130.0,132.39,132.75,100141,131.87,5438,42669.0,42.61
RUSHIL, 29-Sep-2026,15.84,16.45,15.84,16.13,15.96,250310,40.51,615,163692.0,65.4
RUSTOMJEE, 29-Sep-2026,357.1,367.2,355.1,362.95,359.9,94347,338.95,2042,52522.0,55.67
RVHL, 29-Sep-2026,38.2,39.48,37.7,38.28,38.66,12470,4.77,103,11201.0,89.82
RVNL, 29-Sep-2026,202.0,202.0,195.32,197.9,202.75,7345733,14571.8,59078,1574602.0,21.44
RVTH, 29-Sep-2026,635.0,680.0,633.25,664.9,633.25,592,3.93,49,563.0,95.1
S&SPOWER, 29-Sep-2026,298.2,311.0,298.05,301.25,311.1,5052,15.31,139,4691.0,92.85
SAAKSHI, 29-Sep-2026,360.0,367.2,360.0,367.0,360.0,10200,37.32,16,9600.0,94.12
SAATVIKGL, 29-Sep-2026,420.0,422.0,404.35,414.5,422.4,186910,769.64,10132,67522.0,36.13
SACHEEROME, 29-Sep-2026,450.0,465.0,441.05,457.25,449.05,17700,79.77,55,12600.0,71.19
SADBHAV, 29-Sep-2026,7.19,7.19,6.9,6.93,7.19,369279,25.78,797,248255.0,67.23
SADBHIN, 29-Sep-2026,2.57,2.6,2.5,2.56,2.57,87828,2.23,131,62158.0,70.77
SADHAV, 29-Sep-2026,106.35,110.0,106.35,110.0,110.0,15600,17.06,20,13200.0,84.62
SAFARI, 29-Sep-2026,1464.5,1464.5,1412.5,1430.9,1453.2,31021,443.9,6672,13169.0,42.45
SAFEENTP, 29-Sep-2026,250.0,250.0,236.2,239.25,249.55,66500,159.84,109,50500.0,75.94
SAGARDEEP, 29-Sep-2026,23.18,23.6,22.76,23.44,23.29,6760,1.55,80,6607.0,97.74
SAGCEM, 29-Sep-2026,149.0,150.92,146.6,147.45,149.64,29148,43.06,1058,13191.0,45.26
SAGILITY, 29-Sep-2026,43.45,43.47,42.11,42.54,43.45,11366184,4837.58,28044,5089888.0,44.78
SAHAJSOLAR, 29-Sep-2026,88.4,91.9,87.0,87.9,89.8,16800,14.78,35,12800.0,76.19
SAHANA, 29-Sep-2026,825.0,829.7,790.0,806.0,817.45,19650,160.62,87,6300.0,32.06
SAHASRA, 29-Sep-2026,459.95,472.75,427.75,432.75,450.25,265600,1214.26,550,150000.0,56.48
SAHLIBHFI, 29-Sep-2026,78.09,79.15,76.87,78.37,75.61,17549,13.75,254,15423.0,87.89
SAHYADRI, 29-Sep-2026,353.5,353.9,346.1,349.2,351.3,3181,11.11,230,2154.0,67.71
SAICAPI, 29-Sep-2026,154.45,155.85,153.99,155.09,155.85,138,0.21,33,88.0,63.77
SAIFL, 29-Sep-2026,4.15,4.25,4.1,4.25,4.15,124000,5.16,25,88000.0,70.97
SAIL, 29-Sep-2026,182.53,186.86,181.21,181.82,184.2,21241634,39073.81,86545,9339808.0,43.97
SAILIFE, 29-Sep-2026,1576.0,1594.5,1550.0,1559.9,1582.8,356685,5600.59,41501,191936.0,53.81
SAIPARENT, 29-Sep-2026,504.7,514.05,501.0,502.5,509.95,64324,325.77,3007,39905.0,62.04
SAJHOTELS, 29-Sep-2026,30.1,30.1,30.0,30.0,31.1,6000,1.8,3,6000.0,100.0
SAKAR, 29-Sep-2026,1087.0,1129.0,1081.65,1121.85,1089.65,47204,524.7,4299,22641.0,47.96
SAKHTISUG, 29-Sep-2026,18.75,18.75,17.86,18.11,18.42,85154,15.47,581,52687.0,61.87
SAKSOFT, 29-Sep-2026,142.5,142.68,139.0,139.78,141.81,179876,252.77,4328,78189.0,43.47
SAKUMA, 29-Sep-2026,1.61,1.61,1.53,1.55,1.61,1090164,17.04,989,637699.0,58.5
SALASAR, 29-Sep-2026,4.51,4.54,3.82,4.16,4.51,22936188,954.07,44926,14338414.0,62.51
SALONA, 29-Sep-2026,270.0,270.0,260.2,266.95,272.95,441,1.17,80,287.0,65.08
SALSTEEL, 29-Sep-2026,95.3,97.68,92.0,97.08,93.03,1208259,1151.84,7241,325946.0,26.98
SALZERELEC, 29-Sep-2026,537.15,544.45,530.15,535.65,535.55,36625,196.75,2104,17430.0,47.59
SAMBANDAM, 29-Sep-2026,106.24,110.15,105.0,109.98,106.24,212,0.23,20,206.0,97.17
SAMBHAAV, 29-Sep-2026,5.6,6.09,5.56,5.92,5.8,95530,5.66,209,71060.0,74.39
SAMBHV, 29-Sep-2026,154.0,163.8,152.5,162.24,154.0,8688235,13942.44,77197,2394946.0,27.57
SAMHI, 29-Sep-2026,149.55,150.85,145.55,149.34,150.16,888234,1317.63,17061,431148.0,48.54
SAMMAANCAP, 29-Sep-2026,139.08,139.2,135.68,136.48,138.82,4111952,5641.41,29473,2236692.0,54.39
SAMPANN, 29-Sep-2026,25.25,25.25,23.75,23.82,24.29,18697,4.49,261,13032.0,69.7
SANATHAN, 29-Sep-2026,525.95,530.95,510.2,515.0,517.55,88348,461.17,3814,44303.0,50.15
SANDESH, 29-Sep-2026,1020.1,1049.4,1001.0,1029.6,1027.9,218,2.23,83,139.0,63.76
SANDHAR, 29-Sep-2026,579.2,585.4,568.85,582.7,576.55,68787,398.56,4931,37287.0,54.21
SANDUMA, 29-Sep-2026,181.9,184.0,178.53,182.69,181.51,448066,814.25,10690,187259.0,41.79
SANGAMIND, 29-Sep-2026,633.55,658.9,625.05,645.55,629.3,157857,1020.5,9734,56505.0,35.8
SANGANI, 29-Sep-2026,55.5,56.3,55.5,56.3,53.65,15000,8.43,3,15000.0,100.0
SANGHVIMOV, 29-Sep-2026,444.0,459.6,437.4,454.0,444.3,249409,1122.67,9339,124828.0,50.05
SANOFI, 29-Sep-2026,3103.5,3112.1,3061.2,3072.1,3103.5,10918,336.56,2480,6206.0,56.84
SANOFICONR, 29-Sep-2026,3971.1,3971.1,3813.0,3867.0,3976.2,41560,1599.58,13025,20423.0,49.14
SANSERA, 29-Sep-2026,4380.0,4550.0,4154.6,4362.2,4457.2,1016129,43627.27,122534,536070.0,52.76
SANSTAR, 29-Sep-2026,106.5,107.08,104.62,105.9,106.9,123874,130.98,2192,62052.0,50.09
SAPPHIRE, 29-Sep-2026,216.0,224.13,206.1,211.05,216.68,4093215,8699.04,53483,2197239.0,53.68
SAPPL, 29-Sep-2026,293.0,298.0,276.0,293.55,279.95,2179,6.32,99,2032.0,93.25
SARDAEN, 29-Sep-2026,500.45,504.75,493.0,500.35,501.3,260686,1300.09,13951,139593.0,53.55
SAREGAMA, 29-Sep-2026,489.85,502.4,473.0,493.45,489.6,1317275,6470.97,43482,781427.0,59.32
SARLAPOLY, 29-Sep-2026,98.7,98.7,95.3,95.67,97.7,22199,21.34,821,14136.0,63.68
SARTELE, 29-Sep-2026,88.0,93.0,88.0,91.95,84.8,121000,109.96,177,81000.0,66.94
SARVESHWAR, 29-Sep-2026,3.55,3.59,3.4,3.44,3.49,1542269,53.29,2362,938047.0,60.82
SASKEN, 29-Sep-2026,1681.0,1690.0,1611.7,1658.8,1658.2,29675,485.55,4861,18044.0,60.81
SATECH, 29-Sep-2026,37.6,37.6,37.6,37.6,37.6,1000,0.38,1,1000.0,100.0
SATIA, 29-Sep-2026,68.1,69.0,66.96,68.48,68.1,127525,86.97,2211,67994.0,53.32
SATIN, 29-Sep-2026,235.5,244.0,231.56,237.69,234.4,386081,920.88,7679,151880.0,39.34
SATIPOLY, 29-Sep-2026,33.0,33.8,33.0,33.8,33.0,1500,0.5,3,1500.0,100.0
SATKARTAR, 29-Sep-2026,181.9,188.0,176.0,179.3,181.9,47200,85.01,45,35200.0,74.58
SATTVAENGG, 29-Sep-2026,56.55,58.65,53.0,53.7,56.1,48000,26.35,29,35200.0,73.33
SAURASHCEM, 29-Sep-2026,53.4,54.49,53.4,54.1,53.35,93956,50.7,1074,61155.0,65.09
SAVY, 29-Sep-2026,139.0,139.0,137.0,137.0,139.35,2400,3.31,2,1200.0,50.0
SAWALIYA, 29-Sep-2026,165.0,176.0,162.15,173.6,162.45,54600,93.12,28,45000.0,82.42
SAYAJIHOTL, 29-Sep-2026,302.0,305.95,302.0,304.0,325.95,7,0.02,4,7.0,100.0
SAYAJIIND, 29-Sep-2026,112.01,120.95,110.5,118.7,116.09,4247,4.88,35,2897.0,68.21
SBC, 29-Sep-2026,54.31,55.26,53.93,54.73,53.54,14185608,7756.53,21107,6275766.0,44.24
SBCL, 29-Sep-2026,1096.8,1129.3,1090.8,1111.3,1110.2,154486,1721.22,9850,86369.0,55.91
SBFC, 29-Sep-2026,86.78,88.3,83.61,84.46,86.82,5969074,5080.97,39087,3642146.0,61.02
SBGLP, 29-Sep-2026,23.9,24.2,21.0,22.98,23.67,107126,24.17,490,74460.0,69.51
SBIBPB, 29-Sep-2026,46.95,47.29,46.01,46.66,46.83,97593,45.14,577,45457.0,46.58
SBICARD, 29-Sep-2026,593.05,594.0,581.0,581.0,591.0,1392600,8181.31,41953,764531.0,54.9
SBIETFCON, 29-Sep-2026,117.78,117.78,115.0,115.9,116.37,1766,2.05,110,1470.0,83.24
SBIETFIT, 29-Sep-2026,314.0,314.0,307.0,307.5,311.71,8027,24.75,251,4360.0,54.32
SBIETFPB, 29-Sep-2026,271.38,271.5,267.56,270.52,271.4,3754,10.1,136,1880.0,50.08
SBIETFQLTY, 29-Sep-2026,210.55,210.55,207.0,209.05,210.55,23225,48.27,92,11120.0,47.88
SBIFUNDS, 29-Sep-2026,523.35,524.0,516.5,517.8,522.9,788800,4088.7,36052,470671.0,59.67
SBILIFE, 29-Sep-2026,1731.6,1746.0,1711.0,1735.0,1728.1,1598671,27634.29,51203,1171894.0,73.3
SBILIQETF, 29-Sep-2026,1057.87,1057.89,1057.87,1057.87,1057.74,31066,328.64,139,20719.0,66.69
SBIMIDMOM, 29-Sep-2026,60.5,61.74,60.5,61.33,61.14,351391,215.48,166,345720.0,98.39
SBIN, 29-Sep-2026,960.9,968.1,953.0,964.7,962.0,26781498,256946.63,282035,18768750.0,70.08
SBINEQWETF, 29-Sep-2026,31.92,31.92,31.5,31.65,31.77,43731,13.82,222,35509.0,81.2
SBINMID150, 29-Sep-2026,22.58,22.58,21.75,22.34,22.21,217628,47.62,191,110406.0,50.73
SBISILVER, 29-Sep-2026,215.5,215.54,213.55,214.53,216.0,885060,1898.27,7956,475680.0,53.75
SBISMLETF, 29-Sep-2026,17.9,18.97,17.7,17.84,17.99,221299,39.95,603,42217.0,19.08
SBIVALETF, 29-Sep-2026,14.03,14.12,13.97,14.06,14.14,7748,1.09,50,5888.0,75.99
SCHAEFFLER, 29-Sep-2026,3955.5,3955.5,3900.0,3920.0,3955.5,91928,3598.61,11260,70208.0,76.37
SCHAND, 29-Sep-2026,147.5,149.05,142.78,147.29,144.65,40487,59.0,1091,21652.0,53.48
SCHNEIDER, 29-Sep-2026,1193.8,1214.0,1182.4,1192.7,1188.2,159472,1907.5,19436,81037.0,50.82
SCI, 29-Sep-2026,270.7,275.95,267.25,272.9,272.05,1448173,3934.58,25130,457531.0,31.59
SCILAL, 29-Sep-2026,36.9,36.91,36.4,36.69,36.9,179920,65.89,1240,122244.0,67.94
SCML, 29-Sep-2026,70.65,75.0,70.65,74.65,75.3,17000,12.5,11,5000.0,29.41
SCODATUBES, 29-Sep-2026,130.02,132.47,128.7,130.14,130.53,241476,314.69,2560,146360.0,60.61
SDBL, 29-Sep-2026,80.5,80.5,77.86,79.05,80.62,2249578,1775.93,15456,603853.0,26.84
SDREAMS, 29-Sep-2026,81.0,81.0,81.0,81.0,81.5,2000,1.62,2,2000.0,100.0
SEAMECLTD, 29-Sep-2026,1684.2,1686.8,1644.0,1653.2,1684.3,46114,764.3,5021,26527.0,57.52
SECLEDBETA, 29-Sep-2026,14.1,14.1,13.85,13.93,14.01,7208,1.0,48,6161.0,85.47
SECMARK, 29-Sep-2026,141.28,143.7,133.41,142.75,141.28,28,0.04,6,27.0,96.43
SECURKLOUD, 29-Sep-2026,17.44,17.44,16.62,17.06,17.14,23462,4.0,102,17608.0,75.05
SEDEMAC, 29-Sep-2026,3523.9,3596.0,3450.6,3485.6,3547.8,437207,15461.92,56809,145440.0,33.27
SEIL, 29-Sep-2026,188.0,195.0,185.41,188.92,190.06,121217,227.84,1378,89207.0,73.59
SEITINVIT, 29-Sep-2026,122.5,122.5,122.5,122.5,121.5,250000,306.25,1,250000.0,100.0
SEJALLTD, 29-Sep-2026,664.6,664.6,645.0,648.75,664.6,5509,35.8,502,3750.0,68.07
SEKURITIND, 29-Sep-2026,107.62,112.0,107.62,109.55,108.12,19727,21.61,469,11572.0,58.66
SEL, 29-Sep-2026,325.0,325.0,325.0,325.0,332.1,1600,5.2,6,1600.0,100.0
SELECTIPO, 29-Sep-2026,47.23,47.23,45.8,46.32,46.31,61455,28.34,173,45949.0,74.77
SEMAC, 29-Sep-2026,245.0,245.0,237.0,243.95,247.9,808,1.94,40,660.0,81.68
SENCO, 29-Sep-2026,321.75,331.5,320.9,328.3,318.3,1459192,4781.04,42862,408999.0,28.03
SENORES, 29-Sep-2026,1352.5,1435.0,1352.5,1403.7,1351.8,506799,7114.06,35258,180458.0,35.61
SENSEXADD, 29-Sep-2026,75.0,75.12,74.55,74.74,75.51,1703,1.27,145,1600.0,93.95
SENSEXAXIS, 29-Sep-2026,75.8,75.99,74.76,75.45,75.8,11031,8.31,70,2706.0,24.53
SENSEXBETA, 29-Sep-2026,808.0,808.0,794.05,804.77,809.63,3092,24.79,192,1716.0,55.5
SENSEXETF, 29-Sep-2026,75.12,75.13,74.48,74.91,75.25,49424,36.98,470,28877.0,58.43
SENSEXIETF, 29-Sep-2026,838.01,846.0,830.57,836.33,839.98,20543,171.35,740,12976.0,63.17
SEPC, 29-Sep-2026,5.0,5.15,4.92,5.1,4.96,10955991,553.73,5519,5379056.0,49.1
SERVOTECH, 29-Sep-2026,72.75,74.0,69.76,71.34,72.34,811420,582.86,8470,315402.0,38.87
SESHAPAPER, 29-Sep-2026,241.07,245.16,241.0,242.53,242.23,8410,20.37,359,4724.0,56.17
SETF10GILT, 29-Sep-2026,259.8,261.85,259.8,261.83,260.71,4141,10.83,32,3805.0,91.89
SETFGOLD, 29-Sep-2026,124.95,124.95,123.57,124.44,124.97,4944395,6148.27,14826,2841669.0,57.47
SETFNIF50, 29-Sep-2026,252.22,252.22,243.59,245.02,246.07,1135277,2775.14,7153,859915.0,75.74
SETFNIFBK, 29-Sep-2026,560.9,566.0,553.35,561.34,560.87,45053,251.05,2358,16121.0,35.78
SETFNN50, 29-Sep-2026,758.5,758.5,748.26,754.68,756.63,58980,443.13,1691,36088.0,61.19
SETL, 29-Sep-2026,434.7,437.65,416.1,428.95,422.65,717715,3064.17,15223,346495.0,48.28
SFL, 29-Sep-2026,630.0,638.95,616.95,631.5,629.3,150092,945.55,13390,69486.0,46.3
SFML, 29-Sep-2026,20.4,20.4,20.4,20.4,20.4,1600,0.33,1,1600.0,100.0
SGBAPR28I, 29-Sep-2026,14765.0,14769.99,14710.0,14739.41,14754.62,149,21.96,45,108.0,72.48
SGBAUG27, 29-Sep-2026,14712.0,14824.98,14625.01,14693.05,14711.07,102,14.99,39,40.0,39.22
SGBAUG28V, 29-Sep-2026,14749.0,14775.0,14666.66,14766.95,14737.67,657,96.84,151,447.0,68.04
SGBAUG29V, 29-Sep-2026,14782.0,14848.99,14605.01,14756.66,14857.14,271,39.94,66,172.0,63.47
SGBAUG30, 29-Sep-2026,15096.08,15149.11,15000.0,15048.26,15096.08,72,10.85,30,48.0,66.67
SGBD29VIII, 29-Sep-2026,14873.95,14928.0,14745.0,14766.86,14873.95,157,23.21,72,127.0,80.89
SGBDC27VII, 29-Sep-2026,14801.0,14801.0,14801.0,14801.0,14802.0,2,0.3,2,2.0,100.0
SGBDE30III, 29-Sep-2026,15112.38,15299.99,14980.0,14980.5,15112.38,95,14.29,60,84.0,88.42
SGBDE31III, 29-Sep-2026,15202.0,15499.99,15100.0,15249.43,15337.0,1382,210.7,318,867.0,62.74
SGBDEC26, 29-Sep-2026,14998.99,14998.99,14998.99,14998.99,14998.99,1,0.15,1,1.0,100.0
SGBFEB27, 29-Sep-2026,14511.01,14610.0,14511.01,14610.0,14650.0,2,0.29,2,1.0,50.0
SGBFEB28IX, 29-Sep-2026,14802.11,14899.0,14601.0,14638.0,14900.0,16,2.37,7,13.0,81.25
SGBFEB29XI, 29-Sep-2026,14762.27,14800.0,14700.0,14769.0,14836.45,27,3.99,13,27.0,100.0
SGBFEB32IV, 29-Sep-2026,15699.99,15875.0,15510.01,15627.81,15660.13,869,135.44,225,635.0,73.07
SGBJ28VIII, 29-Sep-2026,14685.0,14740.0,14526.0,14740.0,14640.0,89,13.02,29,54.0,60.67
SGBJAN27, 29-Sep-2026,15249.99,15249.99,15249.99,15249.99,15250.0,1,0.15,1,1.0,100.0
SGBJAN29IX, 29-Sep-2026,14740.0,14770.0,14645.0,14713.19,14734.28,364,53.59,45,322.0,88.46
SGBJAN29X, 29-Sep-2026,14660.0,14738.0,14623.0,14736.05,14733.56,47,6.91,25,35.0,74.47
SGBJAN30IX, 29-Sep-2026,15021.73,15076.99,14821.02,14951.5,14947.0,48,7.16,20,45.0,93.75
SGBJU29III, 29-Sep-2026,14625.0,14710.0,14625.0,14700.71,14745.07,85,12.49,20,81.0,95.29
SGBJUL27, 29-Sep-2026,14649.99,14701.0,14559.01,14650.0,14666.1,52,7.61,8,26.0,50.0
SGBJUL28IV, 29-Sep-2026,14726.67,14726.67,14626.02,14654.97,14726.67,298,43.67,52,218.0,73.15
SGBJUL29IV, 29-Sep-2026,14779.99,14850.0,14501.0,14723.27,14780.0,390,57.21,87,216.0,55.38
SGBJUN28, 29-Sep-2026,14700.0,14700.0,14700.0,14700.0,14751.45,48,7.06,10,48.0,100.0
SGBJUN29II, 29-Sep-2026,14799.0,14799.0,14650.0,14723.14,14720.53,153,22.53,39,134.0,87.58
SGBJUN30, 29-Sep-2026,15099.0,15244.99,14901.0,14970.12,14984.52,103,15.5,42,60.0,58.25
SGBJUN31I, 29-Sep-2026,15085.01,15135.59,14950.0,15042.52,15135.59,655,98.58,153,509.0,77.71
SGBMAR28X, 29-Sep-2026,14670.0,14740.0,14670.0,14740.0,14686.84,34,4.99,6,34.0,100.0
SGBMAR30X, 29-Sep-2026,14900.0,14990.0,14825.0,14951.33,14934.94,49,7.31,20,31.0,63.27
SGBMAR31IV, 29-Sep-2026,15100.0,15250.0,14626.56,14994.6,15082.48,555,82.81,138,313.0,56.4
SGBMAY28, 29-Sep-2026,14749.99,14749.99,14640.5,14724.0,14730.06,54,7.95,13,47.0,87.04
SGBMAY29I, 29-Sep-2026,14700.0,14773.99,14630.03,14731.83,14732.74,206,30.29,64,143.0,69.42
SGBMR29XII, 29-Sep-2026,14750.0,14750.0,14610.56,14682.26,14741.23,224,32.84,82,135.0,60.27
SGBN28VIII, 29-Sep-2026,14662.5,14735.0,14662.5,14726.5,14799.92,41,6.02,19,22.0,53.66
SGBNOV26, 29-Sep-2026,14650.0,14650.0,14625.0,14625.0,14898.98,11,1.61,2,11.0,100.0
SGBNV29VII, 29-Sep-2026,14790.0,14798.99,14701.0,14749.38,14737.65,310,45.68,69,284.0,91.61
SGBOC28VII, 29-Sep-2026,14701.5,14750.0,14666.0,14725.06,14920.0,255,37.52,35,212.0,83.14
SGBOCT26, 29-Sep-2026,14950.0,14950.0,14750.0,14750.0,15100.0,2,0.3,2,2.0,100.0
SGBOCT27, 29-Sep-2026,15200.0,15200.0,14631.0,14700.0,15200.0,5,0.74,5,3.0,60.0
SGBOCT27VI, 29-Sep-2026,14700.0,14700.0,14700.0,14700.0,14800.0,1,0.15,1,1.0,100.0
SGBSEP27, 29-Sep-2026,14670.0,14670.0,14670.0,14670.0,14720.0,4,0.59,3,4.0,100.0
SGBSEP28VI, 29-Sep-2026,14727.44,15000.0,14601.0,14805.13,14801.44,228,33.56,61,150.0,65.79
SGBSEP29VI, 29-Sep-2026,14790.0,14815.0,14730.01,14810.5,14815.57,205,30.33,47,198.0,96.59
SGBSEP31II, 29-Sep-2026,15149.0,15149.0,14981.01,15035.85,15128.02,1608,241.73,263,1037.0,64.49
SGFIN, 29-Sep-2026,589.75,604.45,573.7,595.3,589.75,246626,1452.74,11119,121711.0,49.35
SGIL, 29-Sep-2026,656.7,669.45,634.8,657.35,650.75,10083,65.87,969,6783.0,67.27
SGL, 29-Sep-2026,9.55,9.55,8.85,9.35,9.12,13277,1.25,90,12553.0,94.55
SGLRES, 29-Sep-2026,2.3,2.42,2.25,2.33,2.35,27251,0.63,68,20010.0,73.43
SGMART, 29-Sep-2026,729.8,770.5,725.9,755.95,729.5,491934,3716.05,22446,207242.0,42.13
SGRL, 29-Sep-2026,675.0,688.95,645.0,665.75,680.05,20692,138.96,1413,12173.0,58.83
SHADOWFAX, 29-Sep-2026,274.05,284.9,270.5,280.85,274.05,4932256,13763.59,99161,2497849.0,50.64
SHAH, 29-Sep-2026,3.2,3.2,3.11,3.15,3.18,858603,27.01,832,583460.0,67.95
SHAILY, 29-Sep-2026,3046.5,3091.0,3011.9,3040.8,3033.5,109791,3356.03,22573,49813.0,45.37
SHAKTIPUMP, 29-Sep-2026,463.0,463.4,455.8,458.0,465.15,263497,1209.47,12651,122777.0,46.6
SHALBY, 29-Sep-2026,143.73,144.4,141.0,142.01,143.25,57757,82.48,1854,26269.0,45.48
SHANKARA, 29-Sep-2026,128.61,131.6,124.77,127.47,127.34,23889,30.3,1261,13278.0,55.58
SHANKESH, 29-Sep-2026,90.5,91.0,88.11,88.8,90.42,1519099,1363.22,13298,595978.0,39.23
SHANTI, 29-Sep-2026,5.67,5.95,5.26,5.57,5.67,47911,2.72,108,29458.0,61.48
SHANTIGEAR, 29-Sep-2026,625.0,625.0,601.65,601.65,633.3,81490,492.29,3055,38624.0,47.4
SHANTIGOLD, 29-Sep-2026,310.0,314.99,296.85,306.85,308.77,3338239,10240.82,40322,920134.0,27.56
SHANTIINOR, 29-Sep-2026,173.0,181.65,172.5,177.7,177.45,91200,161.83,50,49600.0,54.39
SHARDACROP, 29-Sep-2026,721.0,737.15,716.0,721.45,729.1,120611,874.99,12747,56211.0,46.61
SHARDAMOTR, 29-Sep-2026,948.0,976.5,931.0,971.25,945.1,50632,486.08,5315,28004.0,55.31
SHAREINDIA, 29-Sep-2026,206.1,213.12,202.22,205.68,206.1,1274403,2638.26,18301,304133.0,23.86
SHARIABEES, 29-Sep-2026,443.36,443.36,421.0,425.18,432.55,14218,60.59,666,10727.0,75.45
SHBAJRG, 29-Sep-2026,169.99,172.0,165.0,169.16,169.72,13884,23.5,246,11744.0,84.59
SHEEL, 29-Sep-2026,60.2,60.2,60.2,60.2,63.0,4000,2.41,2,4000.0,100.0
SHEETAL, 29-Sep-2026,356.95,357.0,351.05,354.0,357.0,2000,7.11,4,1500.0,75.0
SHEMAROO, 29-Sep-2026,121.7,123.0,116.56,117.95,121.65,3375,4.06,96,2277.0,67.47
SHERA, 29-Sep-2026,190.0,197.0,185.25,195.3,190.7,157000,304.67,94,140000.0,89.17
SHERVANI, 29-Sep-2026,325.0,325.0,325.0,325.0,348.55,10,0.03,2,10.0,100.0
SHETHJI, 29-Sep-2026,190.0,190.0,185.0,187.1,187.15,91000,169.29,19,84000.0,92.31
SHILCTECH, 29-Sep-2026,4061.0,4143.9,4003.0,4032.7,4061.3,42437,1730.57,8721,20015.0,47.16
SHILGRAVQ, 29-Sep-2026,143.36,148.8,138.0,139.82,143.36,4090,5.73,200,2967.0,72.54
SHILPAMED, 29-Sep-2026,1033.1,1071.1,1018.7,1055.75,1025.25,875494,9164.14,52315,338416.0,38.65
SHINDL, 29-Sep-2026,159.49,160.99,158.05,160.1,160.03,126506,201.46,858,85176.0,67.33
SHIPROCKET, 29-Sep-2026,120.5,122.1,118.75,119.99,120.9,2378663,2864.32,38053,871639.0,36.64
SHIVAAGRO, 29-Sep-2026,39.0,39.9,38.0,39.13,38.99,4117,1.6,71,3587.0,87.13
SHIVACEM, 29-Sep-2026,15.01,15.49,14.7,14.91,15.21,104609,15.71,408,92116.0,88.06
SHIVALIK, 29-Sep-2026,411.0,419.55,401.7,411.35,407.95,66902,274.78,2946,36842.0,55.07
SHIVAMAUTO, 29-Sep-2026,17.3,17.99,16.51,16.7,17.22,59079,9.98,329,41994.0,71.08
SHIVAMILLS, 29-Sep-2026,58.06,60.0,57.53,60.0,60.55,3075,1.8,35,1227.0,39.9
SHIVASHRIT, 29-Sep-2026,113.7,114.95,110.35,113.3,113.75,22000,24.9,17,6000.0,27.27
SHIVATEX, 29-Sep-2026,175.0,175.0,165.45,168.97,165.91,1956,3.32,66,1455.0,74.39
SHIVAUM, 29-Sep-2026,544.0,548.8,542.0,545.4,544.2,13192,71.92,151,11406.0,86.46
SHK, 29-Sep-2026,137.02,142.28,136.23,140.33,137.78,276049,385.55,5588,149025.0,53.98
SHKSIL, 29-Sep-2026,33.35,33.35,33.35,33.35,33.6,2000,0.67,1,2000.0,100.0
SHOPERSTOP, 29-Sep-2026,417.45,423.15,405.55,418.95,421.8,121522,504.53,7456,47855.0,39.38
SHRADDHA, 29-Sep-2026,151.55,151.55,146.11,147.91,150.9,3246,4.82,158,2634.0,81.15
SHRADHA, 29-Sep-2026,30.25,30.25,29.55,29.58,29.48,667,0.2,35,616.0,92.35
SHREDIGCEM, 29-Sep-2026,66.24,67.19,65.21,66.41,66.61,31536,20.93,823,13965.0,44.28
SHREECEM, 29-Sep-2026,22170.0,22360.0,21550.0,21900.0,22170.0,450209,98429.08,38763,333143.0,74.0
SHREEDHAR, 29-Sep-2026,164.95,164.95,156.75,156.75,165.0,26000,41.1,8,26000.0,100.0
SHREEJISPG, 29-Sep-2026,755.0,767.1,754.0,763.3,752.8,864463,6582.9,13304,320832.0,37.11
SHREEKARNI, 29-Sep-2026,378.0,378.0,378.0,378.0,377.4,300,1.13,1,300.0,100.0
SHREEOSFM, 29-Sep-2026,51.95,52.0,51.0,51.0,52.0,3000,1.55,3,3000.0,100.0
SHREEPUSHK, 29-Sep-2026,492.4,494.95,476.55,481.9,496.85,30375,147.99,1890,18357.0,60.43
SHREERAMA, 29-Sep-2026,43.03,43.95,43.01,43.71,43.39,39201,17.1,525,29304.0,74.75
SHREYANIND, 29-Sep-2026,130.29,130.29,129.0,129.0,129.0,5110,6.6,45,4723.0,92.43
SHRIAHIMSA, 29-Sep-2026,435.05,444.95,427.0,437.55,440.0,20400,88.26,31,12600.0,61.76
SHRIKANHA, 29-Sep-2026,22.4,22.5,22.4,22.5,23.55,17600,3.94,11,16000.0,90.91
SHRIKRISH, 29-Sep-2026,36.0,36.11,36.0,36.1,35.2,129,0.05,7,129.0,100.0
SHRINGARMS, 29-Sep-2026,219.78,221.4,214.5,215.91,218.04,319671,696.27,5189,110131.0,34.45
SHRIPISTON, 29-Sep-2026,4647.5,4841.1,4558.6,4749.2,4645.3,272659,12836.08,47548,144176.0,52.88
SHRIRAMFIN, 29-Sep-2026,975.0,986.2,967.9,971.5,976.3,6176420,60303.57,225808,4546322.0,73.61
SHRIRAMPPS, 29-Sep-2026,70.01,70.1,68.51,69.86,70.09,219843,152.41,2946,105965.0,48.2
SHRITECH, 29-Sep-2026,60.15,62.0,60.0,60.0,62.0,8000,4.85,4,6000.0,75.0
SHRJAGP, 29-Sep-2026,637.7,637.7,620.1,634.35,637.25,251,1.57,49,212.0,84.46
SHUBHLAXMI, 29-Sep-2026,18.2,18.2,18.15,18.15,19.05,4000,0.73,4,4000.0,100.0
SHUBHSHREE, 29-Sep-2026,335.6,335.6,335.6,335.6,345.95,300,1.01,1,300.0,100.0
SHUKRAPHAR, 29-Sep-2026,60.25,62.49,59.0,60.3,59.43,8970388,5427.62,51081,1484496.0,16.55
SHYAMDHANI, 29-Sep-2026,52.05,52.05,52.0,52.0,54.15,6000,3.12,3,4000.0,66.67
SHYAMMETL, 29-Sep-2026,1064.0,1085.7,1056.0,1074.0,1068.7,236237,2535.28,14295,99150.0,41.97
SHYAMTEL, 29-Sep-2026,11.14,11.46,10.3,10.86,11.16,15046,1.63,40,8802.0,58.5
SICAGEN, 29-Sep-2026,51.86,52.4,50.5,51.18,52.12,7947,4.08,86,5616.0,70.67
SIEL, 29-Sep-2026,30.5,30.5,30.5,30.5,30.5,11,0.0,1,11.0,100.0
SIEMENS, 29-Sep-2026,3769.6,3814.6,3710.0,3710.0,3785.5,344496,12992.1,31488,175145.0,50.84
SIGACHI, 29-Sep-2026,28.98,29.95,28.05,28.76,28.77,4607371,1335.6,17115,1082785.0,23.5
SIGMA, 29-Sep-2026,44.06,44.74,43.07,43.9,44.74,65048,28.55,1531,42924.0,65.99
SIGNATURE, 29-Sep-2026,775.95,775.95,751.0,754.45,780.35,298048,2282.77,12829,45637.0,15.31
SIGNPOST, 29-Sep-2026,262.05,265.7,255.6,257.85,264.4,36505,95.0,1227,24519.0,67.17
SIKA, 29-Sep-2026,1032.0,1032.0,999.2,1025.45,1021.35,24835,253.03,2820,13484.0,54.29
SIL, 29-Sep-2026,16.5,16.89,15.9,16.42,16.63,36876,5.99,338,18799.0,50.98
SILGO, 29-Sep-2026,69.03,71.52,68.5,70.49,68.31,113792,78.93,927,102990.0,90.51
SILINV, 29-Sep-2026,440.0,453.0,432.2,436.6,444.7,1251,5.48,146,928.0,74.18
SILKY, 29-Sep-2026,66.15,68.95,65.0,67.75,69.8,8000,5.31,10,4800.0,60.0
SILVER, 29-Sep-2026,219.71,219.71,217.67,218.64,220.19,825833,1805.35,8992,422734.0,51.19
SILVER001, 29-Sep-2026,21.84,22.5,21.84,22.12,22.27,110840,24.53,100,98044.0,88.46
SILVER1, 29-Sep-2026,21.37,21.37,21.14,21.23,21.41,5236811,1111.99,4698,2014413.0,38.47
SILVER360, 29-Sep-2026,217.0,217.0,214.78,215.68,217.62,7026,15.15,244,5014.0,71.36
SILVERADD, 29-Sep-2026,21.19,21.19,20.99,21.07,21.19,2489623,524.47,5755,1357842.0,54.54
SILVERAG, 29-Sep-2026,214.0,214.06,212.17,213.24,214.33,196016,417.79,2038,141326.0,72.1
SILVERAXIS, 29-Sep-2026,218.83,218.83,216.6,217.68,219.23,317194,690.13,2471,269883.0,85.08
SILVERBEES, 29-Sep-2026,209.85,210.3,208.37,209.15,210.65,17086240,35748.52,77710,9448775.0,55.3
SILVERBETA, 29-Sep-2026,212.01,212.16,210.37,211.4,212.36,363511,767.86,3576,248277.0,68.3
SILVERBND, 29-Sep-2026,221.03,221.03,218.7,219.43,221.03,27963,61.45,333,25559.0,91.4
SILVERCASE, 29-Sep-2026,22.29,22.29,22.08,22.17,22.35,5221929,1158.52,7550,2647842.0,50.71
SILVERIETF, 29-Sep-2026,219.5,219.5,217.56,218.43,220.2,2136335,4667.5,16652,1013247.0,47.43
SILVERTUC, 29-Sep-2026,145.0,147.27,139.26,140.59,145.8,260831,369.75,4830,127631.0,48.93
SIMCA, 29-Sep-2026,287.0,298.0,276.15,291.0,288.5,37200,106.0,45,37200.0,100.0
SIMPLEXINF, 29-Sep-2026,241.15,245.75,237.3,242.85,241.1,67083,162.31,1847,41934.0,62.51
SIMPLXREA, 29-Sep-2026,130.88,130.88,130.88,130.88,126.69,1,0.0,1,1.0,100.0
SINCLAIR, 29-Sep-2026,78.5,79.15,77.0,77.43,78.47,15996,12.45,475,11641.0,72.77
SINDHUTRAD, 29-Sep-2026,22.99,23.19,22.65,22.86,23.24,152237,34.97,763,79757.0,52.39
SINGERIND, 29-Sep-2026,76.2,77.68,75.21,76.79,77.43,60317,46.1,552,25580.0,42.41
SINTERCOM, 29-Sep-2026,77.5,77.5,74.7,76.96,76.78,2593,1.98,90,2119.0,81.72
SIRCA, 29-Sep-2026,406.0,413.0,401.0,408.05,406.6,147126,600.25,2983,51577.0,35.06
SIS, 29-Sep-2026,394.2,424.4,394.15,418.65,394.2,413495,1700.84,19649,209977.0,50.78
SIYSIL, 29-Sep-2026,534.9,543.95,525.15,541.4,533.35,28804,154.69,2724,14670.0,50.93
SJLOGISTIC, 29-Sep-2026,319.0,324.7,314.1,322.55,317.0,30500,97.29,88,22750.0,74.59
SJS, 29-Sep-2026,2262.5,2377.1,2260.0,2309.8,2261.7,271747,6309.53,28352,125146.0,46.05
SJVN, 29-Sep-2026,61.1,61.35,59.42,59.83,61.06,10622257,6368.88,67437,6050806.0,56.96
SKFINDIA, 29-Sep-2026,1512.0,1536.4,1476.2,1514.0,1511.8,164121,2469.66,23478,66648.0,40.61
SKFINDUS, 29-Sep-2026,2881.0,2881.0,2721.3,2789.0,2881.7,190210,5277.07,36330,97007.0,51.0
SKIPPER, 29-Sep-2026,533.5,544.5,529.65,541.55,535.65,508233,2738.47,18184,226372.0,44.54
SKMEGGPROD, 29-Sep-2026,211.5,220.7,208.3,219.1,211.35,184627,399.31,3760,85606.0,46.37
SKP, 29-Sep-2026,163.0,167.0,163.0,166.95,162.55,34500,57.36,20,34500.0,100.0
SKYGOLD, 29-Sep-2026,799.65,831.85,795.0,820.85,796.95,1433357,11635.53,32962,901862.0,62.92
SKYTECH, 29-Sep-2026,35.3,35.3,35.3,35.3,33.65,32000,11.3,17,32000.0,100.0
SKYWAYS, 29-Sep-2026,119.5,119.7,114.85,115.31,119.21,2023181,2367.55,21221,537150.0,26.55
SLONE, 29-Sep-2026,167.0,167.4,167.0,167.4,168.25,800,1.34,2,800.0,100.0
SMALL250, 29-Sep-2026,17.94,18.6,17.73,17.9,17.94,661963,118.2,943,424829.0,64.18
SMALLADD, 29-Sep-2026,18.35,18.35,17.61,17.85,17.99,22836,4.08,354,9738.0,42.64
SMALLCAP, 29-Sep-2026,47.58,48.98,47.35,47.72,47.89,1606755,767.64,4697,860617.0,53.56
SMALLGROWW, 29-Sep-2026,48.49,48.49,47.23,47.9,48.54,10786,5.16,141,9918.0,91.95
SMALLIETF, 29-Sep-2026,17.9,18.21,17.6,17.8,17.94,117491,20.87,230,56944.0,48.47
SMARTEN, 29-Sep-2026,63.8,63.8,60.65,60.7,63.8,24000,14.67,14,20400.0,85.0
SMARTWORKS, 29-Sep-2026,509.65,517.25,499.7,514.25,511.65,190804,973.6,8731,95283.0,49.94
SMCGLOBAL, 29-Sep-2026,97.0,107.0,89.4,92.98,97.23,24531586,23639.25,172228,2334780.0,9.52
SML100CASE, 29-Sep-2026,11.05,11.35,10.88,11.12,10.99,2956680,326.02,1873,1152810.0,38.99
SMLMAH, 29-Sep-2026,6575.0,6660.0,6485.5,6616.5,6515.5,34312,2261.25,6182,10839.0,31.59
SMLT, 29-Sep-2026,60.9,60.9,58.23,59.31,58.81,1905,1.13,81,1179.0,61.89
SMSPHARMA, 29-Sep-2026,462.0,482.8,453.65,479.4,462.15,613848,2885.41,17909,255903.0,41.69
SMVD, 29-Sep-2026,15.3,15.3,15.3,15.3,14.6,4040,0.62,1,4040.0,100.0
SNEHAA, 29-Sep-2026,43.15,43.15,43.15,43.15,45.2,1000,0.43,1,1000.0,100.0
SNOWMAN, 29-Sep-2026,35.2,35.39,34.3,34.69,35.09,111336,38.76,1165,58553.0,52.59
SNXT30BEES, 29-Sep-2026,40.5,41.74,40.5,41.0,41.13,9338,3.83,107,5721.0,61.27
SNXT50BETA, 29-Sep-2026,91.12,91.49,89.08,90.13,90.67,1432,1.28,65,839.0,58.59
SOBHA, 29-Sep-2026,1221.4,1227.8,1192.0,1216.5,1218.7,101240,1227.03,15427,50926.0,50.3
SOCL, 29-Sep-2026,28.2,28.4,26.6,27.4,28.0,17600,4.88,9,16000.0,90.91
SOFTTECH, 29-Sep-2026,505.0,510.0,484.55,502.85,495.0,16051,79.41,293,14581.0,90.84
SOLARA, 29-Sep-2026,735.0,767.9,730.1,749.85,736.3,423670,3190.59,18728,146753.0,34.64
SOLARINDS, 29-Sep-2026,19125.0,19400.0,18650.0,18650.0,19150.0,226436,43284.76,46543,118165.0,52.18
SOLARWORLD, 29-Sep-2026,131.03,132.53,126.2,128.98,131.49,305013,394.05,5228,134766.0,44.18
SOLEX, 29-Sep-2026,695.45,698.6,678.8,688.55,695.45,38674,266.41,2916,17512.0,45.28
SOMANYCERA, 29-Sep-2026,614.45,624.95,610.7,613.85,620.05,68751,424.45,6243,36524.0,53.13
SOMATEX, 29-Sep-2026,80.0,81.99,77.8,81.52,80.35,15615,12.49,496,15100.0,96.7
SOMICONVEY, 29-Sep-2026,91.68,91.68,88.26,88.62,89.18,5800,5.15,272,4905.0,84.57
SONACOMS, 29-Sep-2026,808.0,827.8,797.7,815.65,807.9,4300310,35104.29,59351,2476067.0,57.58
SONAL, 29-Sep-2026,87.5,91.75,87.4,91.72,92.0,508,0.44,17,496.0,97.64
SONATSOFTW, 29-Sep-2026,272.05,276.2,258.2,260.85,274.05,2520359,6642.86,38984,1566960.0,62.17
SONUINFRA, 29-Sep-2026,41.8,45.8,41.8,45.8,44.0,12000,5.44,4,10500.0,87.5
SOTL, 29-Sep-2026,703.5,721.0,694.1,717.0,699.3,192685,1366.89,10286,73687.0,38.24
SOUTHBANK, 29-Sep-2026,48.54,49.41,47.85,48.71,48.64,10559473,5129.29,37182,3715559.0,35.19
SOUTHWEST, 29-Sep-2026,188.8,197.05,182.82,183.41,189.85,110534,205.2,3366,64289.0,58.16
SPAL, 29-Sep-2026,950.0,953.8,930.6,935.8,948.5,19945,187.82,1908,9925.0,49.76
SPANDANA, 29-Sep-2026,228.35,231.3,225.1,226.67,228.35,96391,219.29,3270,44937.0,46.62
SPARC, 29-Sep-2026,204.5,211.0,203.3,208.85,202.85,1452486,3016.41,29753,546488.0,37.62
SPCENET, 29-Sep-2026,3.23,3.36,3.15,3.19,3.29,569986,18.31,494,408980.0,71.75
SPCL, 29-Sep-2026,64.15,66.5,64.15,64.9,67.1,11400,7.41,19,7800.0,68.42
SPCON, 29-Sep-2026,172.0,172.0,172.0,172.0,167.0,1200,2.06,1,1200.0,100.0
SPEB, 29-Sep-2026,87.5,87.5,87.5,87.5,91.0,2000,1.75,1,2000.0,100.0
SPECTRAA, 29-Sep-2026,240.1,252.95,240.0,248.1,248.5,226800,560.12,160,217200.0,95.77
SPECTSTM, 29-Sep-2026,57.95,61.9,57.95,60.0,55.5,6400,3.84,8,5600.0,87.5
SPENCERS, 29-Sep-2026,27.41,27.99,27.06,27.4,27.41,21309,5.83,323,15804.0,74.17
SPIC, 29-Sep-2026,62.53,63.9,62.06,63.47,62.75,215758,135.76,2557,95661.0,44.34
SPLIL, 29-Sep-2026,29.76,30.5,29.6,29.89,29.87,1527,0.46,28,1524.0,99.8
SPLPETRO, 29-Sep-2026,867.0,881.9,820.05,831.85,864.85,902463,7589.79,40122,517658.0,57.36
SPMLINFRA, 29-Sep-2026,160.0,165.0,158.98,162.07,161.42,105856,171.64,2217,56933.0,53.78
SPORTKING, 29-Sep-2026,208.0,213.9,203.31,212.16,207.42,247793,520.28,6987,148001.0,59.73
SPPPOLY, 29-Sep-2026,11.45,11.85,11.4,11.85,12.0,14000,1.61,7,6000.0,42.86
SPRL, 29-Sep-2026,132.65,132.65,132.65,132.65,126.35,800,1.06,1,800.0,100.0
SPUNWEB, 29-Sep-2026,99.25,103.0,99.25,100.0,99.25,8400,8.57,4,8400.0,100.0
SRD, 29-Sep-2026,39.05,39.5,37.98,38.78,39.03,27031,10.36,242,20621.0,76.29
SRF, 29-Sep-2026,2491.8,2498.7,2417.9,2420.1,2491.5,290746,7120.63,21688,146435.0,50.37
SRGHFL, 29-Sep-2026,137.2,139.45,135.05,138.7,140.95,3048,4.18,110,2486.0,81.56
SRHHYPOLTD, 29-Sep-2026,570.0,595.95,560.1,575.5,570.0,37670,216.04,2578,21187.0,56.24
SRIVASAVI, 29-Sep-2026,77.65,77.65,77.65,77.65,81.7,5000,3.88,5,5000.0,100.0
SRM, 29-Sep-2026,408.55,415.2,400.4,408.25,407.35,37125,151.94,2165,18147.0,48.88
SRTL, 29-Sep-2026,37.75,38.0,36.5,37.35,37.2,12493,4.65,286,9359.0,74.91
SSDL, 29-Sep-2026,86.52,86.78,82.19,83.92,81.52,411654,344.25,6492,214500.0,52.11
SSEGL, 29-Sep-2026,389.5,391.4,368.0,374.45,380.05,38600,145.58,162,24600.0,63.73
SSFL, 29-Sep-2026,282.0,282.0,277.05,282.0,282.0,4500,12.67,8,4500.0,100.0
SSRETAIL, 29-Sep-2026,742.15,775.75,691.0,746.85,716.95,16835075,122067.83,368050,1447084.0,8.6
SSWL, 29-Sep-2026,390.85,404.7,378.6,400.65,388.65,2695286,10611.54,65896,955099.0,35.44
STANLEY, 29-Sep-2026,133.35,145.0,133.34,137.58,135.81,340920,473.09,5068,103130.0,30.25
STAR, 29-Sep-2026,1143.1,1182.5,1131.0,1172.6,1151.4,229635,2668.5,28294,107821.0,46.95
STARCEMENT, 29-Sep-2026,182.33,182.33,175.2,178.1,182.42,649952,1156.09,15813,280243.0,43.12
STARHEALTH, 29-Sep-2026,550.0,561.65,535.9,538.1,552.5,631624,3422.57,43649,361040.0,57.16
STARPAPER, 29-Sep-2026,152.0,153.8,150.0,153.03,151.52,7247,11.03,116,5683.0,78.42
STARTECK, 29-Sep-2026,340.0,350.0,315.6,335.4,314.0,57813,191.03,1867,17242.0,29.82
STCINDIA, 29-Sep-2026,107.7,107.95,105.0,106.98,106.91,12618,13.41,387,7550.0,59.84
STEAMHOUSE, 29-Sep-2026,107.52,114.0,106.0,110.86,107.57,4482102,4949.13,29119,1646334.0,36.73
STEELCAS, 29-Sep-2026,368.0,380.6,363.1,371.8,370.75,208433,780.06,6020,97397.0,46.73
STEELCITY, 29-Sep-2026,80.52,82.39,80.52,82.18,81.88,3684,3.0,128,2895.0,78.58
STEELXIND, 29-Sep-2026,11.11,11.29,10.94,11.19,11.1,4198763,467.43,3579,1601193.0,38.13
STEL, 29-Sep-2026,611.8,618.45,592.75,597.95,608.7,1691,10.25,356,866.0,51.21
STERTOOLS, 29-Sep-2026,226.0,226.0,215.28,221.24,224.13,27442,60.36,746,15477.0,56.4
STLNETWORK, 29-Sep-2026,51.0,51.09,49.46,49.46,52.06,16727248,8327.9,13499,6658471.0,39.81
STLSTRINF, 29-Sep-2026,23.0,24.5,22.5,23.0,23.8,4936,1.16,77,3465.0,70.2
STOVEKRAFT, 29-Sep-2026,796.0,820.1,795.0,813.65,797.15,55896,452.25,4617,27941.0,49.99
STRIDERS, 29-Sep-2026,53.7,56.4,47.6,50.95,51.7,28800,14.7,18,14400.0,50.0
STUDDS, 29-Sep-2026,400.0,400.0,395.0,395.65,398.0,27815,110.74,2911,16287.0,58.55
STUDIOLSD, 29-Sep-2026,8.95,8.95,8.95,8.95,9.0,4000,0.36,2,4000.0,100.0
STYL, 29-Sep-2026,373.75,383.35,360.3,368.8,370.35,243419,893.52,8165,110532.0,45.41
STYLAMIND, 29-Sep-2026,3281.3,3410.0,3252.1,3336.4,3281.3,99369,3326.85,18272,45438.0,45.73
STYLEBAAZA, 29-Sep-2026,395.15,407.95,385.0,405.0,394.5,2149007,8530.73,19558,1240278.0,57.71
STYRENIX, 29-Sep-2026,2035.4,2035.4,1969.7,2000.8,2036.4,85384,1704.05,10548,37724.0,44.18
SUBAHOTELS, 29-Sep-2026,90.5,91.7,87.2,91.7,90.6,26400,23.6,21,20400.0,77.27
SUBEXLTD, 29-Sep-2026,20.31,20.65,19.73,20.35,20.33,8281592,1671.9,18051,2573409.0,31.07
SUBROS, 29-Sep-2026,702.65,712.7,689.0,702.2,700.3,45674,321.11,3360,19980.0,43.74
SUDARCOLOR, 29-Sep-2026,394.9,394.9,380.55,383.7,387.9,1632,6.27,209,980.0,60.05
SUDARSCHEM, 29-Sep-2026,1205.0,1209.8,1166.5,1197.3,1199.6,146487,1748.97,16834,62597.0,42.73
SUDEEPPHRM, 29-Sep-2026,1138.8,1195.7,1138.8,1195.2,1138.8,314140,3733.81,8896,227924.0,72.55
SUKHJITS, 29-Sep-2026,159.05,159.84,156.69,157.95,157.1,7250,11.47,267,5652.0,77.96
SULA, 29-Sep-2026,133.5,135.0,131.55,131.77,133.5,176993,234.21,4230,88771.0,50.16
SUMAX, 29-Sep-2026,110.0,110.0,102.0,105.15,110.0,142800,150.76,107,109200.0,76.47
SUMEDHA, 29-Sep-2026,43.92,45.03,43.0,43.63,43.96,394,0.17,22,371.0,94.16
SUMEETINDS, 29-Sep-2026,11.28,11.5,11.06,11.2,11.59,655070,73.25,1243,484996.0,74.04
SUMICHEM, 29-Sep-2026,435.0,435.1,424.6,431.15,433.75,221398,952.62,12135,141309.0,63.83
SUMIT, 29-Sep-2026,51.0,51.0,47.07,49.97,49.52,19588,9.69,182,15151.0,77.35
SUMMITSEC, 29-Sep-2026,1352.7,1352.7,1312.1,1322.6,1337.4,1753,23.2,475,1100.0,62.75
SUNCLAY, 29-Sep-2026,1245.2,1272.0,1228.0,1231.5,1229.9,6088,75.46,600,3575.0,58.72
SUNDARAM, 29-Sep-2026,1.13,1.15,1.1,1.1,1.13,586450,6.58,319,475754.0,81.12
SUNDARMFIN, 29-Sep-2026,4462.8,4462.8,4310.1,4334.8,4453.4,51607,2243.66,14242,27404.0,53.1
SUNDRMBRAK, 29-Sep-2026,681.0,694.5,669.0,671.75,698.8,1060,7.17,128,544.0,51.32
SUNDRMFAST, 29-Sep-2026,1169.8,1170.9,1132.8,1143.2,1166.6,696456,8019.7,33030,427713.0,61.41
SUNDROP, 29-Sep-2026,734.0,753.0,715.95,750.75,740.2,23591,175.05,1149,12287.0,52.08
SUNFLAG, 29-Sep-2026,459.4,469.0,435.15,464.3,449.2,2158845,9818.77,40223,710859.0,32.93
SUNLITE, 29-Sep-2026,602.05,635.0,599.95,625.2,606.25,24300,149.97,74,18300.0,75.31
SUNLOC, 29-Sep-2026,68.0,68.0,68.0,68.0,70.9,2,0.0,1,2.0,100.0
SUNPHARMA, 29-Sep-2026,1853.9,1865.0,1836.6,1865.0,1838.0,3083083,57065.39,92484,1969001.0,63.86
SUNRAKSHAK, 29-Sep-2026,366.9,368.3,357.0,365.6,359.65,4961,17.94,429,3725.0,75.09
SUNREST, 29-Sep-2026,38.0,38.0,38.0,38.0,36.25,1600,0.61,1,1600.0,100.0
SUNSHIEL, 29-Sep-2026,1134.9,1139.0,1080.0,1087.5,1113.5,3514,39.03,342,2680.0,76.27
SUNSHINE, 29-Sep-2026,449.85,457.05,431.4,445.05,448.85,1277165,5670.52,10178,587229.0,45.98
SUNTECH, 29-Sep-2026,36.6,36.7,36.6,36.7,38.5,6400,2.34,4,3200.0,50.0
SUNTECK, 29-Sep-2026,276.0,285.45,268.55,280.3,276.75,327510,906.63,9598,147692.0,45.1
SUNTV, 29-Sep-2026,519.6,559.95,510.45,553.25,519.9,3444850,18645.95,81645,1191998.0,34.6
SUPERHOUSE, 29-Sep-2026,160.77,164.87,159.0,159.9,160.77,1609,2.58,88,1063.0,66.07
SUPRAJIT, 29-Sep-2026,481.2,495.0,475.55,492.1,483.6,94276,460.75,5958,63636.0,67.5
SUPREME, 29-Sep-2026,30.2,31.75,29.06,29.77,31.55,58980,17.99,451,51876.0,87.96
SUPREMEIND, 29-Sep-2026,3499.0,3499.0,3444.0,3445.8,3499.8,129446,4484.08,15454,65887.0,50.9
SUPREMEINF, 29-Sep-2026,82.4,82.4,76.16,77.83,79.72,32183,25.32,1121,17682.0,54.94
SUPREMEPWR, 29-Sep-2026,203.0,210.0,203.0,208.0,204.95,29500,61.02,57,18000.0,61.02
SUPRIYA, 29-Sep-2026,986.0,1019.8,971.0,985.05,984.75,548198,5469.82,43933,167638.0,30.58
SURAJEST, 29-Sep-2026,217.89,217.89,207.01,209.06,217.27,102634,216.94,1715,65185.0,63.51
SURAJLTD, 29-Sep-2026,198.0,198.01,193.02,193.14,193.45,1326,2.61,33,1255.0,94.65
SURAKSHA, 29-Sep-2026,343.5,359.4,340.0,355.05,347.05,88441,311.84,4342,46516.0,52.6
SURANASOL, 29-Sep-2026,24.83,25.01,24.3,24.51,25.13,46832,11.52,661,38096.0,81.35
SURANAT&P, 29-Sep-2026,15.89,16.0,15.52,15.87,15.72,28165,4.44,188,23943.0,85.01
SURANI, 29-Sep-2026,98.45,98.45,98.45,98.45,98.45,400,0.39,2,400.0,100.0
SURYALA, 29-Sep-2026,382.0,387.7,376.05,376.65,382.0,309,1.18,18,162.0,52.43
SURYALAXMI, 29-Sep-2026,57.0,57.56,56.11,56.63,56.5,770,0.44,27,588.0,76.36
SURYAROSNI, 29-Sep-2026,220.0,224.89,218.55,220.75,220.1,377814,835.28,7485,193612.0,51.25
SURYODAY, 29-Sep-2026,145.22,146.18,143.33,144.68,144.99,140702,203.31,2494,65145.0,46.3
SUVEN, 29-Sep-2026,321.6,331.8,320.0,324.75,321.65,1068199,3486.67,28806,507037.0,47.47
SUVIDHAA, 29-Sep-2026,2.2,2.26,2.02,2.09,2.21,169861,3.61,221,133524.0,78.61
SUYOG, 29-Sep-2026,643.8,710.0,625.8,689.95,641.9,60550,406.89,4215,29977.0,49.51
SUZLON, 29-Sep-2026,39.66,39.87,38.9,39.5,39.66,61795397,24372.14,106888,25631872.0,41.48
SVGLOBAL, 29-Sep-2026,157.0,157.0,142.0,143.2,144.06,1243,1.82,52,751.0,60.42
SVLL, 29-Sep-2026,821.35,828.0,810.0,813.35,821.35,39361,318.86,49,39169.0,99.51
SVPGLOB, 29-Sep-2026,3.15,3.28,3.01,3.15,3.16,52099,1.6,91,21931.0,42.09
SWANCORP, 29-Sep-2026,288.75,289.5,282.5,284.05,289.7,542922,1552.87,15054,178347.0,32.85
SWARAJENG, 29-Sep-2026,3552.5,3561.8,3527.0,3548.2,3552.5,5922,209.91,2297,3944.0,66.6
SWARNSAR, 29-Sep-2026,38.6,43.9,38.0,41.29,40.18,13331,5.24,103,11693.0,87.71
SWASTIK, 29-Sep-2026,20.45,20.45,19.75,19.75,19.5,3600,0.73,3,3600.0,100.0
SWELECTES, 29-Sep-2026,592.15,592.15,572.0,582.65,590.4,7730,45.27,536,3922.0,50.74
SWIGGY, 29-Sep-2026,255.5,255.95,251.0,253.7,256.0,13619762,34507.88,82695,6786705.0,49.83
SWSOLAR, 29-Sep-2026,170.1,171.63,168.2,171.08,170.74,708082,1204.44,9770,283147.0,39.99
SYMBIOTEC, 29-Sep-2026,1051.0,1149.85,1045.05,1144.2,1055.75,2887817,32385.99,140033,617415.0,21.38
SYMPHONY, 29-Sep-2026,586.0,589.85,574.6,580.4,585.95,41970,244.33,3142,20734.0,49.4
SYNCOMF, 29-Sep-2026,22.46,26.64,22.03,26.18,22.2,237186557,58940.79,752007,23856406.0,10.06
SYNGENE, 29-Sep-2026,376.0,376.95,365.0,367.2,376.0,582282,2154.2,30455,280642.0,48.2
SYRMA, 29-Sep-2026,1745.0,1746.4,1685.0,1692.6,1746.4,1111808,18952.05,61153,404181.0,36.35
SYSTANGO, 29-Sep-2026,218.0,223.8,216.3,223.25,219.35,7600,16.68,19,4800.0,63.16
TAALTECH, 29-Sep-2026,1084.9,1084.9,1025.0,1044.4,1069.1,31867,333.11,4253,15654.0,49.12
TAC, 29-Sep-2026,416.6,439.0,406.25,419.7,427.6,132800,550.65,390,117600.0,88.55
TAINWALCHM, 29-Sep-2026,205.1,209.0,202.51,205.36,206.26,1735,3.57,50,1312.0,75.62
TAJGVK, 29-Sep-2026,316.2,319.0,310.8,316.55,315.25,38238,120.46,2229,18510.0,48.41
TAKE, 29-Sep-2026,14.01,14.01,14.01,14.01,14.74,53056,7.43,208,53056.0,100.0
TALBROAUTO, 29-Sep-2026,437.85,447.4,431.1,433.2,437.85,261069,1143.22,10725,112272.0,43.0
TANAA, 29-Sep-2026,355.6,365.0,326.9,335.0,352.85,53123,182.67,2303,26768.0,50.39
TANKUP, 29-Sep-2026,1719.0,1719.0,1719.0,1719.0,1685.3,4750,81.65,13,4750.0,100.0
TANLA, 29-Sep-2026,497.7,498.4,488.45,490.65,497.3,273875,1347.49,15191,114247.0,41.72
TARACHAND, 29-Sep-2026,47.51,49.0,46.5,47.27,47.44,62680,29.71,2679,24858.0,39.66
TARAPUR, 29-Sep-2026,11.87,12.4,10.8,12.03,11.87,23557,2.74,273,16056.0,68.16
TARC, 29-Sep-2026,127.24,128.92,125.33,127.02,126.53,308230,391.44,3566,169191.0,54.89
TARIL, 29-Sep-2026,272.0,275.85,266.6,272.85,270.45,1066716,2899.15,26767,450433.0,42.23
TARMAT, 29-Sep-2026,55.0,59.4,55.0,57.03,56.87,19634,11.34,399,9567.0,48.73
TARSONS, 29-Sep-2026,339.9,342.0,327.55,330.35,338.0,116179,390.77,6293,35079.0,30.19
TASTYBITE, 29-Sep-2026,9665.0,9665.0,9491.0,9611.0,9633.0,1178,112.8,402,704.0,59.76
TATACAP, 29-Sep-2026,326.0,333.3,321.55,331.35,328.1,3110270,10133.89,59427,1794696.0,57.7
TATACHEM, 29-Sep-2026,632.5,640.5,609.8,613.85,641.45,3290504,20442.87,81218,683620.0,20.78
TATACOMM, 29-Sep-2026,1642.2,1674.1,1630.0,1654.7,1655.3,215427,3565.52,35955,131502.0,61.04
TATACONSUM, 29-Sep-2026,961.7,969.0,953.9,967.7,960.0,2410899,23203.26,68794,1613567.0,66.93
TATAELXSI, 29-Sep-2026,3190.0,3211.7,3106.1,3211.7,3191.0,522063,16489.7,35164,333636.0,63.91
TATAGOLD, 29-Sep-2026,14.21,14.25,14.1,14.19,14.26,46258772,6563.13,68998,19910307.0,43.04
TATAINVEST, 29-Sep-2026,635.0,637.0,621.1,625.45,644.45,508671,3201.28,26381,190252.0,37.4
TATAPOWER, 29-Sep-2026,358.0,360.7,353.95,359.0,361.9,10743181,38513.21,52122,6914235.0,64.36
TATASTEEL, 29-Sep-2026,184.78,189.0,184.24,188.0,186.3,28159048,52708.93,149301,14296534.0,50.77
TATATECH, 29-Sep-2026,701.5,706.2,683.7,686.75,707.05,584827,4053.05,44669,274266.0,46.9
TATSILV, 29-Sep-2026,21.3,21.37,21.16,21.25,21.38,27646459,5876.06,43974,12754646.0,46.13
TATVA, 29-Sep-2026,1768.0,1830.0,1727.4,1806.4,1760.2,88197,1576.76,11186,38228.0,43.34
TAURIAN, 29-Sep-2026,596.0,608.0,570.0,601.6,596.0,24000,142.02,26,22400.0,93.33
TBI, 29-Sep-2026,70.4,76.0,69.0,75.9,69.7,102600,75.26,123,71400.0,69.59
TBOTEK, 29-Sep-2026,1650.0,1698.3,1633.0,1684.7,1654.8,113052,1897.81,14393,70688.0,62.53
TCC, 29-Sep-2026,49.2,50.82,48.18,50.09,49.35,319661,157.84,3040,62187.0,19.45
TCI, 29-Sep-2026,867.2,880.0,846.0,868.7,864.85,426394,3675.26,29729,73291.0,17.19
TCIEXP, 29-Sep-2026,499.2,583.2,495.25,531.85,486.0,5534726,30922.85,123019,344872.0,6.23
TCIFINANCE, 29-Sep-2026,14.75,15.3,14.02,14.48,14.75,13901,2.01,120,10431.0,75.04
TCL, 29-Sep-2026,125.0,132.0,124.0,131.1,128.15,49600,64.79,25,44000.0,88.71
TCPLPACK, 29-Sep-2026,3999.9,4202.2,3826.0,4117.4,3987.8,13649,555.21,3072,5652.0,41.41
TCS, 29-Sep-2026,2065.0,2085.1,2032.4,2032.4,2070.7,4437783,90772.79,115910,2944983.0,66.36
TDPOWERSYS, 29-Sep-2026,719.0,799.0,714.0,777.35,722.0,7602887,57934.29,176782,4852170.0,63.82
TEAMGTY, 29-Sep-2026,242.95,242.95,235.0,235.0,235.01,640,1.5,15,639.0,99.84
TEAMLEASE, 29-Sep-2026,1144.0,1163.9,1117.9,1148.6,1140.2,27808,317.98,6398,17429.0,62.68
TEAMTECH, 29-Sep-2026,136.0,137.0,132.0,137.0,133.5,34000,46.03,11,34000.0,100.0
TECH, 29-Sep-2026,30.9,32.0,30.3,31.29,30.85,40531,12.4,202,39174.0,96.65
TECHD, 29-Sep-2026,538.0,550.0,536.0,549.0,544.65,8400,45.68,26,6000.0,71.43
TECHERA, 29-Sep-2026,167.55,167.55,159.6,167.55,159.6,891200,1484.96,480,560800.0,62.93
TECHLABS, 29-Sep-2026,113.1,116.9,110.0,112.8,114.9,12125,13.82,65,11125.0,91.75
TECHM, 29-Sep-2026,1542.3,1557.5,1510.5,1510.5,1542.2,3218354,49261.94,84005,2102127.0,65.32
TECHNOCRAF, 29-Sep-2026,478.5,492.0,477.0,480.85,476.95,1003368,4858.73,18368,344374.0,34.32
TECHNOE, 29-Sep-2026,979.9,1027.6,966.2,1010.15,981.85,271404,2737.4,22000,119712.0,44.11
TECHNVISN, 29-Sep-2026,3966.0,3989.0,3799.5,3896.5,3966.0,174,6.76,72,149.0,85.63
TECILCHEM, 29-Sep-2026,9.8,9.8,8.92,9.21,9.12,7526,0.7,67,7190.0,95.54
TEGA, 29-Sep-2026,2013.4,2089.9,1988.6,2060.6,2011.5,342283,7025.29,27932,117013.0,34.19
TEJA, 29-Sep-2026,217.0,228.45,208.0,214.25,214.7,25200,54.41,30,19200.0,76.19
TEJASNET, 29-Sep-2026,491.1,495.9,480.65,490.4,491.1,1223062,5974.88,40468,315093.0,25.76
TEMBO, 29-Sep-2026,57.75,58.51,57.0,57.99,57.75,680807,393.8,3923,274692.0,40.35
TEMPSENS, 29-Sep-2026,531.1,549.0,524.0,529.3,530.5,1354439,7241.95,45857,333055.0,24.59
TENNIND, 29-Sep-2026,503.9,513.5,498.5,508.6,502.15,903915,4575.44,55249,379979.0,42.04
TERAI, 29-Sep-2026,115.8,115.8,115.8,115.8,116.0,1,0.0,1,1.0,100.0
TERASOFT, 29-Sep-2026,215.0,225.0,206.0,209.25,215.7,31347,67.3,1751,19919.0,63.54
TEXINFRA, 29-Sep-2026,116.0,116.8,114.71,115.54,116.56,40220,46.57,930,19885.0,49.44
TEXMOPIPES, 29-Sep-2026,55.5,55.51,52.3,53.72,55.48,154189,82.69,2765,80901.0,52.47
TEXRAIL, 29-Sep-2026,123.1,126.95,120.28,125.67,123.14,3055571,3807.36,32277,1067538.0,34.94
TFCILTD, 29-Sep-2026,139.68,141.43,138.2,138.92,139.68,18454638,25762.93,32714,6339280.0,34.35
TFL, 29-Sep-2026,11.65,11.89,11.47,11.64,11.67,2822,0.33,33,1922.0,68.11
TGBHOTELS, 29-Sep-2026,9.16,9.34,9.09,9.13,9.16,20980,1.93,149,17928.0,85.45
TGL, 29-Sep-2026,13.7,13.7,13.7,13.7,13.95,3600,0.49,12,3600.0,100.0
TGVSL, 29-Sep-2026,121.89,125.0,117.51,122.47,121.88,923146,1125.5,15267,253655.0,27.48
THACKER, 29-Sep-2026,999.0,1085.0,975.0,996.8,975.0,18,0.19,13,15.0,83.33
THAKDEV, 29-Sep-2026,135.0,137.0,135.0,135.0,141.37,21,0.03,6,21.0,100.0
THANGAMAYL, 29-Sep-2026,5010.0,5262.0,4916.5,5204.5,5011.5,177094,9080.54,32305,98984.0,55.89
THEINVEST, 29-Sep-2026,93.0,94.86,90.0,90.53,92.37,9698,8.88,298,6530.0,67.33
THEJO, 29-Sep-2026,2158.2,2169.9,2086.2,2110.3,2146.5,9710,205.74,1150,6331.0,65.2
THELEELA, 29-Sep-2026,549.45,572.15,522.15,533.6,547.9,1415534,7663.9,58315,837542.0,59.17
THEMISMED, 29-Sep-2026,118.0,121.04,116.02,119.95,116.85,106694,126.27,2022,37287.0,34.95
THERMAX, 29-Sep-2026,3369.0,3375.9,3269.1,3291.0,3386.0,164479,5453.43,27814,101609.0,61.78
THESL, 29-Sep-2026,14.1,14.15,14.1,14.15,14.7,6000,0.85,2,3000.0,50.0
THOMASCOOK, 29-Sep-2026,102.0,105.45,101.01,103.92,102.18,749468,774.37,15412,420098.0,56.05
THOMASCOTT, 29-Sep-2026,255.0,270.5,244.55,250.35,238.35,143024,363.28,3353,55321.0,38.68
THYROCARE, 29-Sep-2026,549.95,555.55,545.0,547.1,548.3,105491,579.36,9866,54421.0,51.59
TI, 29-Sep-2026,560.0,562.0,550.0,550.85,561.65,606083,3361.25,22446,316435.0,52.21
TIGERLOGS, 29-Sep-2026,27.16,27.16,25.8,26.17,26.4,80402,21.02,585,62046.0,77.17
TIIL, 29-Sep-2026,2920.4,2980.5,2914.6,2926.4,2929.4,24064,707.09,6819,12910.0,53.65
TIINDIA, 29-Sep-2026,2455.3,2455.3,2397.8,2413.0,2459.0,392266,9482.41,30181,206981.0,52.77
TIMESCAN, 29-Sep-2026,39.35,40.0,39.35,40.0,41.4,6000,2.39,2,6000.0,100.0
TIMETECHNO, 29-Sep-2026,183.25,185.9,180.94,183.92,183.44,4160921,7649.59,26649,902943.0,21.7
TIMEX, 29-Sep-2026,702.65,747.0,683.1,729.1,703.65,986170,7185.68,54413,379322.0,38.46
TIMKEN, 29-Sep-2026,3180.6,3213.8,3065.0,3086.2,3180.5,51275,1594.08,16229,29518.0,57.57
TINNARUBR, 29-Sep-2026,954.9,968.85,919.45,955.2,947.4,37917,356.31,3433,16402.0,43.26
TIPSFILMS, 29-Sep-2026,345.0,369.4,335.1,339.55,331.8,38117,134.61,1257,12577.0,33.0
TIPSMUSIC, 29-Sep-2026,657.35,659.0,639.2,647.2,657.35,276147,1802.81,14315,129107.0,46.75
TIRUMALCHM, 29-Sep-2026,155.01,157.29,150.0,152.39,155.04,355416,541.83,6426,175346.0,49.34
TIRUPATI, 29-Sep-2026,277.9,277.9,277.9,277.9,292.5,125,0.35,1,125.0,100.0
TITAGARH, 29-Sep-2026,817.0,829.75,808.15,819.35,818.65,308740,2525.09,18704,91995.0,29.8
TITAN, 29-Sep-2026,4808.0,4818.5,4675.0,4675.0,4819.5,1188414,56069.1,79606,738980.0,62.18
TMB, 29-Sep-2026,861.75,871.65,845.1,863.55,861.75,169572,1457.5,18064,70100.0,41.34
TMCV, 29-Sep-2026,430.6,434.8,426.5,430.15,432.95,4991805,21505.8,136420,2810558.0,56.3
TMPV, 29-Sep-2026,279.0,281.4,272.2,280.95,281.75,18903507,52375.45,170170,7582188.0,40.11
TNIDETF, 29-Sep-2026,86.22,86.22,83.2,83.49,84.53,67094,56.07,743,46753.0,69.68
TNPETRO, 29-Sep-2026,125.61,128.28,123.0,125.67,124.99,826447,1040.33,10817,280182.0,33.9
TNPL, 29-Sep-2026,146.22,152.9,143.78,151.8,147.64,327768,486.96,4919,199502.0,60.87
TNTELE, 29-Sep-2026,13.5,14.26,13.11,14.26,11.89,510371,70.5,813,233324.0,45.72
TOKYOPLAST, 29-Sep-2026,74.3,74.9,72.0,73.5,72.62,1109,0.83,17,1069.0,96.39
TOLINS, 29-Sep-2026,86.2,86.99,85.0,86.21,86.91,36061,30.99,1266,19374.0,53.73
TOP100CASE, 29-Sep-2026,10.27,10.27,9.98,10.05,10.07,1278984,128.22,1654,840340.0,65.7
TOP10ADD, 29-Sep-2026,82.6,83.45,81.96,82.71,82.59,235506,193.69,1202,145025.0,61.58
TOP15IETF, 29-Sep-2026,9.16,9.29,9.11,9.18,9.25,143643,13.18,325,99601.0,69.34
TOP20, 29-Sep-2026,8.43,8.43,8.36,8.39,8.45,74222,6.23,211,45296.0,61.03
TORNTPHARM, 29-Sep-2026,4884.5,4948.0,4833.5,4894.0,4869.0,725626,35491.77,38942,447219.0,61.63
TORNTPOWER, 29-Sep-2026,1237.3,1243.9,1211.5,1220.2,1237.2,224598,2756.69,25730,160798.0,71.59
TOUCHWOOD, 29-Sep-2026,59.7,60.0,58.12,59.99,60.13,1035,0.62,31,914.0,88.31
TOYAMSL, 29-Sep-2026,0.75,0.77,0.74,0.74,0.77,1663494,12.48,322,463443.0,27.86
TPLPLASTEH, 29-Sep-2026,64.1,67.5,63.15,65.26,64.9,97097,62.67,836,23403.0,24.1
TRACXN, 29-Sep-2026,32.98,33.0,31.7,32.94,32.33,229392,74.64,1429,160922.0,70.15
TRANSCOR, 29-Sep-2026,24.39,24.9,23.52,23.85,24.39,6605,1.58,31,3034.0,45.93
TRANSRAILL, 29-Sep-2026,451.95,459.0,437.3,451.65,449.65,766338,3429.94,28822,270053.0,35.24
TRANSTEEL, 29-Sep-2026,84.0,85.55,79.7,80.15,84.5,61000,49.28,47,46000.0,75.41
TRAVELFOOD, 29-Sep-2026,1213.5,1213.5,1171.0,1196.6,1203.0,356445,4271.31,16819,233643.0,65.55
TREEHOUSE, 29-Sep-2026,5.88,5.93,5.46,5.81,5.88,19318,1.09,145,15648.0,81.0
TREJHARA, 29-Sep-2026,144.95,144.95,132.98,135.7,139.74,44520,60.79,1038,26244.0,58.95
TREL, 29-Sep-2026,28.89,28.94,27.7,28.4,28.89,112132,31.68,5011,60878.0,54.29
TRENT, 29-Sep-2026,2626.0,2642.7,2580.4,2635.0,2626.0,1548590,40416.36,74657,962210.0,62.13
TRF, 29-Sep-2026,210.07,210.73,202.0,202.9,207.55,24268,49.45,1002,21490.0,88.55
TRIDENT, 29-Sep-2026,22.93,22.99,22.28,22.49,22.93,3025645,684.27,22940,1542320.0,50.97
TRIDHYA, 29-Sep-2026,6.8,6.8,6.8,6.8,7.0,3000,0.2,1,3000.0,100.0
TRIGYN, 29-Sep-2026,53.6,53.8,52.34,53.03,53.12,30084,15.93,870,17678.0,58.76
TRITONV, 29-Sep-2026,1080.4,1093.3,1060.1,1075.4,1093.3,967,10.42,198,573.0,59.26
TRITURBINE, 29-Sep-2026,547.0,550.85,535.8,543.55,551.65,643808,3491.87,57059,430443.0,66.86
TRIVENI, 29-Sep-2026,242.0,243.75,236.95,239.15,242.4,773286,1853.82,29176,360877.0,46.67
TROM, 29-Sep-2026,51.5,53.8,51.0,53.0,52.25,3600,1.88,6,1800.0,50.0
TRU, 29-Sep-2026,4.06,4.18,4.05,4.06,4.11,50438,2.06,142,38968.0,77.26
TRUALT, 29-Sep-2026,459.9,464.0,452.7,458.4,458.15,258126,1184.85,8380,124074.0,48.07
TRUST, 29-Sep-2026,25.8,26.05,25.35,25.65,27.0,7800,2.0,12,5400.0,69.23
TSFINV, 29-Sep-2026,434.7,435.95,412.6,421.45,434.7,522272,2193.12,21538,266053.0,50.94
TTKHLTCARE, 29-Sep-2026,1016.6,1042.6,1000.0,1033.7,1013.6,10420,106.53,1581,4752.0,45.6
TTKPRESTIG, 29-Sep-2026,515.35,551.5,515.35,533.75,513.85,484427,2594.82,22587,145479.0,30.03
TTL, 29-Sep-2026,7.33,8.25,7.12,7.71,7.33,878500,65.97,616,621149.0,70.71
TTML, 29-Sep-2026,35.71,35.9,33.93,35.18,36.19,11819456,4086.86,40503,961613.0,8.14
TUNWAL, 29-Sep-2026,25.6,26.05,25.35,25.85,25.7,70000,18.07,28,48000.0,68.57
TURTLEMINT, 29-Sep-2026,84.0,84.05,78.8,79.52,83.29,2538324,2036.98,15619,929930.0,36.64
TUTIALKA, 29-Sep-2026,55.0,55.85,52.56,54.74,55.22,7605,4.09,180,5931.0,77.99
TVSELECT, 29-Sep-2026,378.85,379.65,367.1,374.3,378.85,25816,96.15,2065,11083.0,42.93
TVSHLTD, 29-Sep-2026,12436.0,12497.0,12050.0,12298.0,12436.0,10491,1279.53,4403,5672.0,54.07
TVSINVIT, 29-Sep-2026,119.0,119.0,119.0,119.0,119.0,25000,29.75,1,25000.0,100.0
TVSMOTOR, 29-Sep-2026,4075.0,4149.0,4037.2,4091.1,4095.0,765737,31460.92,63172,459746.0,60.04
TVSSCS, 29-Sep-2026,128.3,132.62,125.74,131.3,128.5,838113,1091.9,14230,309564.0,36.94
TVSSRICHAK, 29-Sep-2026,4445.0,4495.0,4370.0,4435.0,4490.5,5321,235.6,1460,2543.0,47.79
TVTODAY, 29-Sep-2026,105.2,106.75,102.0,103.84,105.06,13158,13.66,558,7190.0,54.64
TWCGOLDETF, 29-Sep-2026,145.89,145.89,144.96,145.45,145.89,24430,35.55,72,24173.0,98.95
UBL, 29-Sep-2026,1213.0,1228.2,1169.5,1210.2,1217.4,116267,1393.33,13471,55121.0,47.41
UCOBANK, 29-Sep-2026,23.4,23.45,22.97,23.05,23.33,4035725,932.78,19505,1666412.0,41.29
UDAYJEW, 29-Sep-2026,173.03,173.03,166.0,168.37,167.02,19048,31.99,621,7181.0,37.7
UDS, 29-Sep-2026,207.84,208.98,202.56,207.79,207.84,53770,111.11,2218,27573.0,51.28
UEL, 29-Sep-2026,193.6,193.6,183.05,184.75,190.14,11518,21.36,726,5919.0,51.39
UFLEX, 29-Sep-2026,640.15,660.9,636.8,647.7,641.95,162208,1055.85,7707,68729.0,42.37
UFO, 29-Sep-2026,58.99,60.48,56.3,58.93,58.87,64364,37.31,1380,39537.0,61.43
UGARSUGAR, 29-Sep-2026,62.0,62.41,57.2,57.81,62.29,1013983,603.51,12130,453454.0,44.72
UGROCAP, 29-Sep-2026,80.53,82.19,79.2,81.07,80.29,434421,349.0,3438,291634.0,67.13
UHTL, 29-Sep-2026,199.55,199.55,199.55,199.55,203.6,38000,75.83,17,38000.0,100.0
UJJIVANSFB, 29-Sep-2026,63.05,65.4,62.56,65.26,63.09,12425218,8025.85,73485,5875809.0,47.29
ULTRACEMCO, 29-Sep-2026,11010.0,11027.0,10826.0,10829.0,11025.0,514924,56243.29,54709,301780.0,58.61
ULTRAMAR, 29-Sep-2026,423.9,423.9,412.3,418.5,419.1,18454,77.11,1149,11968.0,64.85
UMA, 29-Sep-2026,17.85,17.95,16.25,17.75,15.65,28000,4.86,7,20000.0,71.43
UMESLTD, 29-Sep-2026,4.71,4.71,4.35,4.41,4.59,14937,0.66,86,12162.0,81.42
UMIYA-MRO, 29-Sep-2026,97.46,97.9,94.42,94.8,97.54,9754,9.28,310,6146.0,63.01
UNICHEMLAB, 29-Sep-2026,537.0,608.0,530.0,568.4,536.4,4127586,24050.93,136736,283808.0,6.88
UNIDT, 29-Sep-2026,229.31,234.59,222.68,229.83,229.31,29891,68.37,1436,15232.0,50.96
UNIECOM, 29-Sep-2026,82.81,83.16,81.01,82.45,82.18,161740,133.0,2362,65985.0,40.8
UNIENTER, 29-Sep-2026,89.07,91.98,88.67,89.01,89.07,7461,6.65,96,4909.0,65.8
UNIHEALTH, 29-Sep-2026,646.9,647.95,615.0,626.4,641.95,18000,112.36,32,11500.0,63.89
UNIINFO, 29-Sep-2026,11.1,11.3,11.0,11.08,11.3,1610,0.18,14,1609.0,99.94
UNILEX, 29-Sep-2026,30.85,30.85,30.85,30.85,31.5,3200,0.99,2,3200.0,100.0
UNIMECH, 29-Sep-2026,1622.0,1710.0,1591.6,1675.0,1616.2,595622,9936.37,46989,293412.0,49.26
UNIONBANK, 29-Sep-2026,172.0,172.44,166.0,166.0,171.75,19452924,32929.94,76090,11594641.0,59.6
UNIONGOLD, 29-Sep-2026,143.65,143.65,141.7,143.0,142.95,4431,6.33,153,2585.0,58.34
UNIPARTS, 29-Sep-2026,837.1,847.5,829.55,843.55,837.1,47603,400.28,5906,25023.0,52.57
UNITDSPR, 29-Sep-2026,1408.0,1414.2,1356.1,1363.0,1415.4,8761343,119808.42,93136,6943269.0,79.25
UNITECH, 29-Sep-2026,3.95,4.0,3.81,3.92,3.95,3452169,134.56,2745,1910291.0,55.34
UNITEDPOLY, 29-Sep-2026,46.23,47.1,45.0,46.87,45.28,136680,62.85,623,86263.0,63.11
UNITEDTEA, 29-Sep-2026,425.1,429.65,421.05,421.6,425.05,2379,10.11,43,2174.0,91.38
UNIVCABLES, 29-Sep-2026,1427.1,1479.9,1404.4,1468.4,1427.1,81266,1177.12,7886,30607.0,37.66
UNOMINDA, 29-Sep-2026,1173.3,1179.0,1149.5,1162.0,1173.0,546120,6358.55,41904,312458.0,57.21
UPHOT, 29-Sep-2026,1515.0,1530.0,1515.0,1530.0,1503.0,35,0.53,5,35.0,100.0
UPL, 29-Sep-2026,546.0,547.55,532.6,538.0,549.5,3270756,17561.98,43801,1724029.0,52.71
URBAN, 29-Sep-2026,118.0,122.9,117.4,122.8,118.0,10400,12.64,12,8800.0,84.62
URBANCO, 29-Sep-2026,161.0,164.89,158.6,163.71,161.21,3747128,6075.22,66672,1464957.0,39.1
URJA, 29-Sep-2026,8.75,9.0,8.55,8.9,8.75,675563,59.04,3071,342619.0,50.72
USASEEDS, 29-Sep-2026,84.0,89.0,80.85,89.0,85.1,2568,2.16,6,1712.0,66.67
USHAFIN, 29-Sep-2026,51.0,51.0,50.85,50.85,53.5,4800,2.45,3,4800.0,100.0
USHAMART, 29-Sep-2026,506.0,509.35,495.15,498.9,508.0,418393,2104.79,16132,202799.0,48.47
USK, 29-Sep-2026,19.7,20.21,19.06,19.57,19.31,21138,4.16,165,14042.0,66.43
UTIAMC, 29-Sep-2026,895.0,907.9,872.05,877.6,893.9,119110,1049.0,11356,80772.0,67.81
UTKAL, 29-Sep-2026,47.5,48.0,47.5,47.5,49.95,10000,4.76,5,8000.0,80.0
UTKARSHBNK, 29-Sep-2026,13.56,14.0,13.26,13.91,13.59,5856546,798.53,5873,2287069.0,39.05
UTLSOLAR, 29-Sep-2026,405.05,420.0,395.05,407.7,409.05,276123,1115.29,13814,143218.0,51.87
UTSSAV, 29-Sep-2026,711.0,739.0,711.0,731.45,713.25,38400,279.93,53,19800.0,51.56
UTTAMSUGAR, 29-Sep-2026,293.65,293.9,284.0,290.8,294.75,181656,524.69,6486,47423.0,26.11
V2RETAIL, 29-Sep-2026,211.93,211.93,207.0,209.43,211.22,697065,1461.48,15899,362444.0,52.0
VADILALIND, 29-Sep-2026,7440.0,7543.0,7224.0,7277.0,7397.5,9371,693.68,3570,3987.0,42.55
VADILENT, 29-Sep-2026,10200.0,10200.0,10200.0,10200.0,10201.0,2,0.2,2,2.0,100.0
VAIBHAVGBL, 29-Sep-2026,199.0,204.49,198.16,202.89,199.72,268287,542.11,7748,130259.0,48.55
VAISHALI, 29-Sep-2026,8.6,8.94,8.33,8.39,8.5,239530,20.27,310,205418.0,85.76
VAKRANGEE, 29-Sep-2026,5.27,5.27,5.08,5.18,5.18,869571,44.94,1701,399454.0,45.94
VAL30IETF, 29-Sep-2026,14.5,14.62,14.34,14.55,14.57,190527,27.54,715,118316.0,62.1
VALIANTORG, 29-Sep-2026,395.0,409.95,380.9,404.6,397.75,59107,231.65,1630,35760.0,60.5
VALUE, 29-Sep-2026,15.47,15.47,15.3,15.4,15.48,37094,5.7,123,21873.0,58.97
VALUE360, 29-Sep-2026,57.0,57.0,56.0,56.0,56.15,3600,2.04,3,3600.0,100.0
VALUEAXIS, 29-Sep-2026,32.41,32.41,31.07,31.19,31.62,273820,85.41,754,198014.0,72.32
VAML, 29-Sep-2026,420.15,479.0,416.55,434.45,420.05,56303173,243738.96,194649,38919983.0,69.13
VARDMNPOLY, 29-Sep-2026,5.96,6.09,5.45,5.81,5.8,311301,18.21,329,192350.0,61.79
VARMORA, 29-Sep-2026,155.0,163.77,148.1,152.19,148.0,51633016,79804.54,269971,18780422.0,36.37
VARROC, 29-Sep-2026,846.0,848.85,826.95,837.4,848.35,339439,2845.19,27848,135755.0,39.99
VASCONEQ, 29-Sep-2026,35.05,35.23,33.01,33.97,34.96,707643,240.8,4626,299288.0,42.29
VASWANI, 29-Sep-2026,45.0,47.0,44.4,44.51,44.62,39639,17.93,329,28797.0,72.65
VBL, 29-Sep-2026,428.65,432.9,425.15,430.0,430.0,8308533,35745.82,80456,5043063.0,60.7
VDEAL, 29-Sep-2026,104.2,104.4,101.1,102.95,103.95,33000,34.24,33,28800.0,87.27
VEDAVAAG, 29-Sep-2026,23.38,23.38,21.66,22.06,22.93,54384,12.11,285,35438.0,65.16
VEDL, 29-Sep-2026,259.0,260.5,256.1,260.0,259.0,9517563,24593.49,79787,5441025.0,57.17
VEDPOWER, 29-Sep-2026,32.17,34.8,31.8,34.25,32.15,35097382,11807.87,79004,14708872.0,41.91
VEEDOL, 29-Sep-2026,1364.1,1366.1,1352.0,1356.5,1364.1,6638,90.14,691,3862.0,58.18
VEEKAYEM, 29-Sep-2026,96.35,105.95,96.35,102.45,101.4,4000,4.02,8,2000.0,50.0
VENKEYS, 29-Sep-2026,1625.0,1640.7,1599.0,1633.0,1632.8,27001,437.57,3353,12997.0,48.14
VENTIVE, 29-Sep-2026,556.0,563.4,548.8,559.85,558.9,20278,112.85,1343,10009.0,49.36
VENUSPIPES, 29-Sep-2026,2125.1,2225.0,2101.0,2195.8,2132.6,163257,3543.65,15761,65398.0,40.06
VENUSREM, 29-Sep-2026,1629.8,1710.6,1629.8,1710.6,1629.2,44957,759.63,2391,29967.0,66.66
VERANDA, 29-Sep-2026,239.86,239.91,220.0,223.31,238.02,2104745,4720.29,15404,1078523.0,51.24
VERITAAS, 29-Sep-2026,29.4,29.4,29.4,29.4,28.0,1200,0.35,1,1200.0,100.0
VERTIS, 29-Sep-2026,116.7,116.7,116.7,116.7,115.5,425000,495.98,17,425000.0,100.0
VERTOZ, 29-Sep-2026,36.17,37.29,34.98,35.64,36.17,40122,14.26,454,29228.0,72.85
VESUVIUS, 29-Sep-2026,386.55,433.8,385.6,400.2,385.4,2664864,11005.88,73336,492304.0,18.47
VETO, 29-Sep-2026,147.7,150.99,143.25,146.25,147.7,109301,159.77,2652,60983.0,55.79
VGCL, 29-Sep-2026,46.85,47.66,46.58,47.5,46.58,1959,0.92,32,1957.0,99.9
VGINFOTECH, 29-Sep-2026,143.0,143.05,140.95,140.95,143.0,17000,24.25,16,17000.0,100.0
VGL, 29-Sep-2026,64.8,66.29,63.0,64.73,64.26,35195,22.6,603,21416.0,60.85
VGUARD, 29-Sep-2026,305.4,310.65,302.8,307.05,307.25,269210,828.08,13049,118756.0,44.11
VHL, 29-Sep-2026,3310.3,3366.7,3273.0,3305.3,3329.3,284,9.41,123,193.0,67.96
VIAZ, 29-Sep-2026,82.0,82.0,79.0,80.5,79.0,8000,6.47,4,6000.0,75.0
VICTORYEV, 29-Sep-2026,13.65,14.1,13.5,13.95,13.95,24000,3.3,8,18000.0,75.0
VIDHIING, 29-Sep-2026,357.0,361.15,345.0,359.4,354.0,27204,97.22,1367,22449.0,82.52
VIDYAWIRES, 29-Sep-2026,92.9,94.9,89.41,93.54,91.07,1523338,1413.22,14776,702118.0,46.09
VIESL, 29-Sep-2026,360.0,370.05,360.0,366.4,364.25,26400,96.48,32,20000.0,75.76
VIGOR, 29-Sep-2026,103.95,103.95,94.85,94.85,101.4,30400,29.11,18,24000.0,78.95
VIJAYA, 29-Sep-2026,1497.7,1512.9,1460.2,1475.0,1501.4,80593,1197.23,14317,46893.0,58.18
VIJSOLX, 29-Sep-2026,636.9,650.0,636.9,649.3,636.1,11,0.07,5,10.0,90.91
VIKASECO, 29-Sep-2026,1.03,1.04,1.01,1.02,1.03,2234550,22.82,1763,1278713.0,57.22
VIKASLIFE, 29-Sep-2026,1.22,1.24,1.21,1.21,1.23,1887874,23.07,7891,912521.0,48.34
VIKRAMSOLR, 29-Sep-2026,163.92,164.99,160.0,160.05,160.08,4651540,7499.71,32823,1061768.0,22.83
VIKRAN, 29-Sep-2026,57.25,63.0,56.5,60.88,57.26,6766925,4108.22,39201,992654.0,14.67
VILAS, 29-Sep-2026,373.1,381.0,363.0,365.55,376.85,40250,147.96,109,32500.0,80.75
VILINBIO, 29-Sep-2026,53.85,53.85,53.85,53.85,51.5,4000,2.15,1,4000.0,100.0
VIMTALABS, 29-Sep-2026,585.0,599.0,583.05,591.4,585.35,171430,1016.85,10288,48988.0,28.58
VINATIORGA, 29-Sep-2026,1195.0,1210.9,1172.4,1174.3,1191.0,67018,793.76,11410,31708.0,47.31
VINCOFE, 29-Sep-2026,179.0,184.0,174.68,182.56,179.97,1354650,2430.61,16669,563017.0,41.56
VINDHYATEL, 29-Sep-2026,2592.1,2691.5,2508.1,2653.3,2598.4,59364,1545.97,10148,21957.0,36.99
VINEETLAB, 29-Sep-2026,35.89,37.08,34.85,36.72,35.33,917482,336.82,568,902351.0,98.35
VINNY, 29-Sep-2026,0.91,0.92,0.89,0.9,0.91,301852,2.72,234,301752.0,99.97
VINOD, 29-Sep-2026,59.45,59.45,59.45,59.45,62.55,3600,2.14,3,3600.0,100.0
VINSYS, 29-Sep-2026,580.0,581.0,577.0,577.0,576.0,750,4.35,3,750.0,100.0
VINYAS, 29-Sep-2026,1460.0,1494.8,1460.0,1490.9,1493.0,12800,190.35,67,10400.0,81.25
VINYLINDIA, 29-Sep-2026,215.5,221.8,212.0,214.68,218.59,11038,23.83,448,8723.0,79.03
VIPCLOTHNG, 29-Sep-2026,21.78,21.8,20.21,20.44,21.09,34950,7.21,358,19644.0,56.21
VIPIND, 29-Sep-2026,295.65,296.8,289.15,293.2,296.25,126136,369.43,5822,66144.0,52.44
VIRAT, 29-Sep-2026,365.0,374.9,331.6,340.2,358.4,8054,28.04,550,4804.0,59.65
VIRINCHI, 29-Sep-2026,13.72,14.0,13.16,13.37,13.72,78601,10.57,469,54786.0,69.7
VISACHROME, 29-Sep-2026,33.36,35.02,31.81,35.02,33.36,1571547,510.96,100,1567824.0,99.76
VISAMAN, 29-Sep-2026,27.3,30.1,27.3,30.1,28.7,202000,58.13,94,146000.0,72.28
VISDEM, 29-Sep-2026,92.0,92.0,86.0,92.0,93.0,6000,5.45,5,6000.0,100.0
VISHAL, 29-Sep-2026,17.78,18.2,17.25,17.92,17.86,37725,6.73,233,27590.0,73.13
VISHNU, 29-Sep-2026,688.05,696.8,669.8,673.9,691.95,153858,1048.68,7229,102764.0,66.79
VISHNUINFR, 29-Sep-2026,142.0,148.5,141.5,148.5,143.5,67500,99.77,20,67500.0,100.0
VISHWARAJ, 29-Sep-2026,5.43,5.43,5.24,5.26,5.4,206295,10.96,579,134025.0,64.97
VISHWAS, 29-Sep-2026,42.4,42.4,42.4,42.4,40.4,3200,1.36,2,3200.0,100.0
VISL, 29-Sep-2026,31.4,32.99,31.1,32.85,31.42,21043260,6789.04,38415,12087003.0,57.44
VITAL, 29-Sep-2026,53.5,53.9,51.5,52.82,54.06,5574,2.91,79,4319.0,77.48
VIVIANA, 29-Sep-2026,709.3,724.95,700.0,704.7,710.65,16300,115.3,1118,10252.0,62.9
VIVIDEL, 29-Sep-2026,1692.0,1775.0,1615.05,1738.1,1686.05,27360,469.5,90,20640.0,75.44
VIVIDHA, 29-Sep-2026,0.52,0.53,0.51,0.52,0.52,325093,1.71,127,81844.0,25.18
VIVOBIOT, 29-Sep-2026,17.44,17.44,16.11,17.05,16.26,39020,6.56,348,34984.0,89.66
VIYASH, 29-Sep-2026,239.5,245.9,235.8,238.05,241.0,4039716,9704.94,51903,2639234.0,65.33
VLEGOV, 29-Sep-2026,10.33,10.44,10.15,10.2,10.34,41646,4.27,304,31657.0,76.01
VLINFRA, 29-Sep-2026,24.3,24.55,24.15,24.55,24.55,9000,2.19,5,9000.0,100.0
VLSFINANCE, 29-Sep-2026,237.38,237.4,230.9,234.96,237.4,7305,17.08,338,4394.0,60.15
VMARCIND, 29-Sep-2026,310.9,323.9,303.25,316.6,310.8,147000,458.81,92,93000.0,63.27
VMART, 29-Sep-2026,766.4,769.8,748.65,760.05,766.5,65456,496.24,10132,28518.0,43.57
VMM, 29-Sep-2026,100.81,104.3,98.0,104.3,100.81,15659999,15702.89,54467,7618005.0,48.65
VMOBILE, 29-Sep-2026,58.9,58.9,57.0,57.0,56.6,8800,5.13,6,8800.0,100.0
VMSTMT, 29-Sep-2026,48.02,49.99,48.02,48.99,48.25,105910,51.89,1072,59151.0,55.85
VOEPL, 29-Sep-2026,495.15,511.95,491.9,497.95,497.5,45543,228.08,3069,19789.0,43.45
VOGL, 29-Sep-2026,33.3,34.35,32.93,33.96,33.3,40629240,13685.96,76922,19024292.0,46.82
VOITHPAPR, 29-Sep-2026,1435.0,1460.5,1405.5,1408.2,1435.3,242,3.43,35,201.0,83.06
VOLERCAR, 29-Sep-2026,220.0,220.0,220.0,220.0,221.0,800,1.76,1,800.0,100.0
VOLTAMP, 29-Sep-2026,10513.0,10669.0,10443.0,10624.0,10513.0,10908,1155.41,5569,4453.0,40.82
VOLTAS, 29-Sep-2026,1135.2,1137.9,1090.0,1090.0,1135.5,1279969,14169.92,30136,762064.0,59.54
VPRPL, 29-Sep-2026,31.0,32.8,28.89,28.99,31.09,2626247,798.88,9087,718873.0,27.37
VR, 29-Sep-2026,95.5,95.5,95.5,95.5,95.5,400,0.38,1,400.0,100.0
VRAJ, 29-Sep-2026,125.53,127.69,123.2,125.16,124.66,11399,14.25,802,6948.0,60.95
VRLLOG, 29-Sep-2026,285.5,288.4,281.5,282.4,287.0,166349,471.73,4664,108306.0,65.11
VSSL, 29-Sep-2026,410.5,410.5,397.8,405.85,407.75,64367,260.21,3858,27142.0,42.17
VSTIND, 29-Sep-2026,204.68,204.8,202.05,202.96,204.0,92063,186.98,3683,45958.0,49.92
VSTL, 29-Sep-2026,111.45,111.95,110.05,110.81,111.23,3440,3.81,152,2895.0,84.16
VSTTILLERS, 29-Sep-2026,4285.8,4488.0,4232.2,4427.4,4307.3,9068,393.64,2095,3744.0,41.29
VTL, 29-Sep-2026,540.5,545.2,526.7,529.55,540.55,501166,2685.44,19569,308200.0,61.5
VTMLTD, 29-Sep-2026,38.54,41.77,37.75,39.93,38.07,179086,70.05,2100,91406.0,51.04
WAAREEENER, 29-Sep-2026,2455.0,2460.0,2380.0,2380.0,2455.0,724573,17459.98,51147,300105.0,41.42
WAAREEINDO, 29-Sep-2026,218.6,221.4,208.45,210.65,219.35,172505,366.57,4501,96177.0,55.75
WAAREERTL, 29-Sep-2026,824.9,827.7,812.85,821.4,826.05,94415,775.13,10448,47870.0,50.7
WABAG, 29-Sep-2026,1977.2,2099.8,1956.8,2093.8,1977.2,703056,14412.77,56910,259160.0,36.86
WAKEFIT, 29-Sep-2026,139.01,145.1,136.7,144.06,138.57,435263,617.15,6653,137118.0,31.5
WALCHANNAG, 29-Sep-2026,202.15,206.23,198.95,203.24,203.03,432314,876.06,9954,196673.0,45.49
WALPAR, 29-Sep-2026,24.95,27.4,24.95,27.4,26.25,4000,1.05,2,4000.0,100.0
WANBURY, 29-Sep-2026,221.8,229.95,216.05,216.95,222.25,242042,535.89,5297,124552.0,51.46
WARDINMOBI, 29-Sep-2026,5.54,5.54,5.16,5.49,5.43,314645,16.85,927,259072.0,82.34
WATERBASE, 29-Sep-2026,44.16,50.3,44.16,46.86,44.56,47588,22.42,373,28604.0,60.11
WCIL, 29-Sep-2026,92.2,95.5,89.51,94.91,92.75,231054,216.73,2107,106535.0,46.11
WEALTH, 29-Sep-2026,846.75,918.0,837.8,887.5,832.8,5500,48.53,571,3020.0,54.91
WEBELSOLAR, 29-Sep-2026,71.99,71.99,69.5,70.62,71.75,1776300,1249.85,13086,1111254.0,62.56
WEIZMANIND, 29-Sep-2026,72.5,72.5,69.51,70.86,72.54,3367,2.38,67,3262.0,96.88
WEL, 29-Sep-2026,73.75,74.94,71.0,72.57,73.72,346612,251.18,2398,203909.0,58.83
WELCORP, 29-Sep-2026,2712.3,2900.0,2680.5,2842.0,2739.7,3094471,87257.9,145547,1202656.0,38.86
WELENT, 29-Sep-2026,749.5,769.5,736.05,744.3,749.5,531075,3979.64,12956,340405.0,64.1
WELSPLSOL, 29-Sep-2026,53.11,54.46,52.35,52.69,53.81,344119,181.99,2767,188050.0,54.65
WELSPUNLIV, 29-Sep-2026,226.21,228.5,222.62,225.21,227.95,1833544,4133.68,35703,751028.0,40.96
WENDT, 29-Sep-2026,8490.5,8651.0,8340.0,8395.0,8459.0,8552,722.77,2219,3947.0,46.15
WESTLIFE, 29-Sep-2026,579.85,602.0,570.2,596.6,579.85,286746,1686.84,36071,120250.0,41.94
WEWIN, 29-Sep-2026,48.59,48.59,47.5,48.1,48.59,2401,1.14,24,2301.0,95.84
WEWORK, 29-Sep-2026,645.65,679.8,641.3,667.15,650.65,204957,1361.45,17794,118870.0,58.0
WHBRADY, 29-Sep-2026,491.0,491.0,491.0,491.0,491.0,2,0.01,2,2.0,100.0
WHEELS, 29-Sep-2026,2300.0,2300.0,2191.0,2204.0,2323.8,138348,3095.62,11699,46529.0,33.63
WHIRLPOOL, 29-Sep-2026,912.55,912.55,873.0,888.2,917.1,1761949,15687.56,57696,347214.0,19.71
WILLAMAGOR, 29-Sep-2026,23.45,23.45,21.21,22.31,22.11,4087,0.9,129,2881.0,70.49
WINDLAS, 29-Sep-2026,1090.05,1123.95,1085.0,1096.25,1102.55,109383,1208.25,13365,48846.0,44.66
WINDMACHIN, 29-Sep-2026,298.1,304.9,290.95,300.0,300.25,158312,473.66,1219,105409.0,66.58
WINSOL, 29-Sep-2026,100.85,110.8,100.85,108.75,106.45,21200,23.18,31,17200.0,81.13
WIPL, 29-Sep-2026,166.7,169.9,163.22,163.72,166.74,418,0.69,27,265.0,63.4
WIPRO, 29-Sep-2026,161.0,162.43,156.79,156.79,161.56,164453787,258286.96,147207,144035654.0,87.58
WOCKPHARMA, 29-Sep-2026,2199.0,2255.0,2148.0,2194.2,2187.6,1274737,27900.21,80496,410319.0,32.19
WOL3D, 29-Sep-2026,134.0,137.2,134.0,137.2,130.7,9000,12.29,9,7000.0,77.78
WOMANCART, 29-Sep-2026,100.25,100.25,95.7,98.4,99.2,9200,8.95,23,6000.0,65.22
WONDERLA, 29-Sep-2026,504.0,504.95,491.25,501.45,505.55,43971,219.88,2445,25909.0,58.92
WORTHPERI, 29-Sep-2026,143.16,147.0,142.05,144.85,146.86,20329,29.79,206,17914.0,88.12
WPIL, 29-Sep-2026,422.35,438.9,416.0,431.5,422.35,53460,230.22,3546,32972.0,61.68
WSI, 29-Sep-2026,55.97,56.31,55.11,55.62,55.7,8869,4.93,144,8462.0,95.41
WSTCSTPAPR, 29-Sep-2026,724.0,724.9,694.0,703.45,722.35,169050,1200.21,9993,92222.0,54.55
WTICAB, 29-Sep-2026,95.0,98.2,95.0,98.0,97.5,9500,9.24,17,7000.0,73.68
XCHANGING, 29-Sep-2026,60.89,60.89,59.2,60.22,60.04,37926,22.72,783,26771.0,70.59
XELPMOC, 29-Sep-2026,89.2,91.9,83.56,85.53,89.57,34299,29.91,754,19533.0,56.95
XPROINDIA, 29-Sep-2026,1142.2,1170.0,1121.2,1160.4,1142.2,43568,500.33,4402,26150.0,60.02
XTGLOBAL, 29-Sep-2026,29.0,31.0,29.0,29.43,28.91,25775,7.64,190,8207.0,31.84
XTRANET, 29-Sep-2026,285.97,285.97,271.48,271.48,285.76,730316,2020.92,10261,384406.0,52.64
YAAP, 29-Sep-2026,123.05,123.05,120.1,121.05,123.05,9000,10.94,9,9000.0,100.0
YASHO, 29-Sep-2026,4100.0,4117.5,3965.0,4061.3,4117.9,21869,881.7,4473,9800.0,44.81
YASHOPTICS, 29-Sep-2026,131.25,131.25,130.0,130.0,131.25,10400,13.55,10,10400.0,100.0
YATHARTH, 29-Sep-2026,1091.0,1117.5,1085.0,1108.0,1100.4,309227,3411.76,21405,140441.0,45.42
YATRA, 29-Sep-2026,102.2,102.32,98.52,101.37,101.67,769697,775.45,13007,280348.0,36.42
YESBANK, 29-Sep-2026,21.18,21.33,20.71,20.71,21.18,137347987,28809.25,95584,76968394.0,56.04
YOGI, 29-Sep-2026,162.0,162.0,156.0,156.67,162.0,850,1.34,171,850.0,100.0
YUDIZ, 29-Sep-2026,22.0,22.0,21.9,21.9,23.0,2400,0.53,3,2400.0,100.0
YUKEN, 29-Sep-2026,1121.7,1141.0,1103.1,1130.7,1125.85,15657,175.67,1456,8368.0,53.45
ZAGGLE, 29-Sep-2026,175.0,176.26,172.25,173.84,175.55,563415,979.09,9125,239804.0,42.56
ZEAL, 29-Sep-2026,79.95,79.95,72.55,75.45,76.25,1800,1.39,3,1200.0,66.67
ZEEL, 29-Sep-2026,76.5,76.85,73.31,74.14,76.5,15872606,11818.55,56261,5541222.0,34.91
ZEELEARN, 29-Sep-2026,6.78,6.85,6.01,6.25,6.65,562426,36.12,1020,378149.0,67.24
ZEEMEDIA, 29-Sep-2026,7.29,7.3,7.01,7.18,7.29,936126,67.18,1711,559515.0,59.77
ZENITHDRUG, 29-Sep-2026,42.8,45.35,42.8,44.5,42.8,7200,3.18,9,7200.0,100.0
ZENITHEXPO, 29-Sep-2026,203.0,203.0,193.4,199.53,203.0,53,0.11,10,31.0,58.49
ZENITHSTL, 29-Sep-2026,5.22,5.23,5.03,5.19,5.17,78952,4.07,187,73590.0,93.21
ZENSARTECH, 29-Sep-2026,436.9,438.9,427.5,429.0,436.7,677413,2928.78,26943,233561.0,34.48
ZENTEC, 29-Sep-2026,1642.0,1649.2,1606.0,1619.8,1642.8,305781,4962.33,26087,110116.0,36.01
ZFCVINDIA, 29-Sep-2026,2325.0,2331.4,2285.0,2297.8,2332.8,85803,1972.85,14584,53443.0,62.29
ZFSTEERING, 29-Sep-2026,750.0,750.0,708.65,710.85,729.7,3274,23.44,436,1795.0,54.83
ZIMLAB, 29-Sep-2026,137.55,138.1,132.0,134.89,137.55,123508,166.88,2501,64304.0,52.06
ZODIAC, 29-Sep-2026,227.99,227.99,201.35,208.6,219.2,44250,92.94,2972,21301.0,48.14
ZODIACLOTH, 29-Sep-2026,68.05,69.99,68.01,68.23,69.0,1648,1.13,32,1144.0,69.42
ZOTA, 29-Sep-2026,1315.6,1346.9,1291.0,1300.2,1322.2,53539,703.79,3727,30557.0,57.07
ZSARACOM, 29-Sep-2026,10058.0,10299.0,9834.0,10233.0,10008.0,30,3.06,25,19.0,63.33
ZTECH, 29-Sep-2026,429.0,437.5,425.0,431.25,428.05,8700,37.65,28,6300.0,72.41
ZUARI, 29-Sep-2026,215.4,222.47,213.16,221.66,217.12,56240,123.11,2066,35871.0,63.78
ZUARIIND, 29-Sep-2026,278.5,283.85,272.55,281.85,276.85,56493,157.17,2063,30464.0,53.93
ZYDUSLIFE, 29-Sep-2026,1217.6,1232.1,1200.5,1200.5,1215.0,2372609,28838.58,54249,1224775.0,51.62
ZYDUSWELL, 29-Sep-2026,523.55,528.8,503.05,506.1,524.4,308220,1594.55,19210,149031.0,48.35
