SYMBOL,DATE1,OPEN_PRICE,HIGH_PRICE,LOW_PRICE,CLOSE_PRICE,PREV_CLOSE,TTL_TRD_QNTY,TURNOVER_LACS,NO_OF_TRADES,DELIV_QTY,DELIV_PER
20MICRONS, 05-Oct-2026,206.0,212.24,202.01,204.61,207.26,80913,166.98,2881,30447.0,37.63
21STCENMGM, 05-Oct-2026,38.49,38.5,37.24,37.61,38.0,5247,1.99,39,3616.0,68.92
360ONE, 05-Oct-2026,1033.6,1059.6,1033.3,1050.0,1040.0,564932,5928.11,67190,303874.0,53.79
3BBLACKBIO, 05-Oct-2026,1646.9,1734.0,1609.6,1624.7,1646.8,14040,234.95,2297,5670.0,40.38
3MINDIA, 05-Oct-2026,30825.0,31170.0,30220.0,30400.0,30795.0,2411,737.85,1555,1115.0,46.25
3PLAND, 05-Oct-2026,30.51,31.72,30.11,30.48,31.12,2359,0.72,83,2302.0,97.58
574GS2026, 05-Oct-2026,99.92,102.2,99.92,101.71,102.49,220,0.22,6,110.0,50.0
5PAISA, 05-Oct-2026,321.85,379.6,320.9,360.9,316.35,2189848,7947.3,59297,261716.0,11.95
610GS2031, 05-Oct-2026,99.75,99.75,99.75,99.75,97.13,1,0.0,1,1.0,100.0
620GS2029, 05-Oct-2026,98.0,98.0,97.8,97.8,98.5,1000,0.98,5,1000.0,100.0
636GS2031, 05-Oct-2026,99.5,99.5,99.5,99.5,99.0,2040,2.03,1,2040.0,100.0
63MOONS, 05-Oct-2026,805.35,821.0,785.0,789.75,802.25,141052,1129.26,7429,60873.0,43.16
648GS2035, 05-Oct-2026,95.3,97.15,95.3,97.0,98.5,3968,3.85,10,3968.0,100.0
653GS2031, 05-Oct-2026,99.8,99.8,99.8,99.8,98.0,2000,2.0,2,2000.0,100.0
654GS2032, 05-Oct-2026,99.25,99.25,99.25,99.25,99.1,1000,0.99,1,1000.0,100.0
657GS2033A, 05-Oct-2026,99.0,99.0,99.0,99.0,99.9,555,0.55,1,555.0,100.0
667GS2050, 05-Oct-2026,92.0,92.0,91.9,91.95,91.25,2282,2.1,5,2282.0,100.0
668GS2033, 05-Oct-2026,99.05,99.05,97.3,98.0,99.0,2100,2.07,7,1200.0,57.14
668GS2040, 05-Oct-2026,96.47,98.0,96.0,96.0,98.0,120214,117.25,6,120214.0,100.0
675GS2029, 05-Oct-2026,101.0,101.0,101.0,101.0,101.0,1000,1.01,2,1000.0,100.0
676GS2061, 05-Oct-2026,89.6,89.6,88.58,89.44,88.55,31094,27.78,34,29345.0,94.38
679GS2031, 05-Oct-2026,100.49,100.49,100.49,100.49,101.5,100,0.1,4,100.0,100.0
679GS2034, 05-Oct-2026,101.5,101.5,101.5,101.5,101.5,1350,1.37,2,1350.0,100.0
68GS2060, 05-Oct-2026,92.2,92.2,91.0,91.2,91.15,3572,3.26,20,3572.0,100.0
690GS2065, 05-Oct-2026,93.54,93.54,92.25,93.23,92.98,1922,1.78,11,1903.0,99.01
692GS2039, 05-Oct-2026,99.02,99.02,99.0,99.0,99.0,100,0.1,4,100.0,100.0
694GS2036, 05-Oct-2026,101.23,104.0,101.23,102.26,101.23,1610,1.65,6,1103.0,68.51
695GS2061, 05-Oct-2026,93.0,93.0,91.52,91.52,92.08,6,0.01,4,4.0,66.67
697GR2034, 05-Oct-2026,97.0,97.0,97.0,97.0,97.99,100,0.1,1,100.0,100.0
699GS2051, 05-Oct-2026,96.7,96.7,96.7,96.7,96.0,772,0.75,2,772.0,100.0
702GS2027, 05-Oct-2026,102.32,102.45,102.32,102.45,102.98,101,0.1,2,101.0,100.0
704GS2029, 05-Oct-2026,102.95,102.95,102.5,102.5,102.0,5001,5.13,5,5001.0,100.0
706GS2041, 05-Oct-2026,99.69,99.69,99.69,99.69,100.7,100,0.1,1,100.0,100.0
709GS2054, 05-Oct-2026,95.74,95.74,95.0,95.0,94.5,5104,4.86,8,5102.0,99.96
709GS2074, 05-Oct-2026,94.41,94.88,94.41,94.83,94.36,1948,1.85,7,1948.0,100.0
710GS2029, 05-Oct-2026,103.0,103.15,103.0,103.15,103.5,6125,6.31,16,6075.0,99.18
717GS2030, 05-Oct-2026,102.26,103.35,102.25,103.35,103.35,4300,4.4,4,4300.0,100.0
718GS2033, 05-Oct-2026,101.2,101.2,101.2,101.2,101.2,1,0.0,1,1.0,100.0
718GS2037, 05-Oct-2026,104.55,104.55,100.82,101.12,102.0,509,0.51,3,509.0,100.0
71GS2034, 05-Oct-2026,103.73,103.73,103.38,103.38,103.18,11,0.01,2,11.0,100.0
724GS2055, 05-Oct-2026,95.15,96.3,95.15,96.0,95.5,65201,62.56,52,65101.0,99.85
725GS2063, 05-Oct-2026,96.3,97.25,96.11,96.61,96.04,113463,109.39,80,111642.0,98.4
726GS2032, 05-Oct-2026,100.55,100.8,100.52,100.52,100.01,6008,6.04,9,6008.0,100.0
726GS2033, 05-Oct-2026,100.83,100.83,100.82,100.82,100.82,20,0.02,2,20.0,100.0
733GS2026, 05-Oct-2026,101.97,103.0,101.97,102.82,103.0,501,0.51,9,351.0,70.06
734GS2064, 05-Oct-2026,98.9,98.94,98.4,98.65,98.63,48101,47.43,69,43094.0,89.59
736GS2052, 05-Oct-2026,97.0,98.45,97.0,98.45,98.0,136,0.13,3,136.0,100.0
737GS2028, 05-Oct-2026,104.0,104.0,104.0,104.0,104.5,3000,3.12,3,3000.0,100.0
738GS2027, 05-Oct-2026,102.79,102.83,102.45,102.81,102.41,61762,63.42,22,60761.0,98.38
73GS2053, 05-Oct-2026,98.05,98.05,97.3,97.31,97.42,8558,8.34,28,8558.0,100.0
741GS2036, 05-Oct-2026,103.0,103.0,102.6,103.0,103.0,4263,4.39,25,4260.0,99.93
743GS2076, 05-Oct-2026,97.6,99.0,97.6,98.3,98.5,8465,8.33,40,7614.0,89.95
746GS2073, 05-Oct-2026,101.99,101.99,101.99,101.99,99.86,201,0.2,2,201.0,100.0
74GS2062, 05-Oct-2026,98.9,98.9,98.0,98.0,98.0,2869,2.82,11,2869.0,100.0
750GS2056, 05-Oct-2026,101.0,101.0,101.0,101.0,99.45,100,0.1,1,100.0,100.0
754GS2036, 05-Oct-2026,104.02,104.8,104.02,104.67,104.66,400150,418.82,136,384824.0,96.17
757GS2033, 05-Oct-2026,103.2,103.2,103.2,103.2,103.7,8000,8.26,1,8000.0,100.0
762GS2039, 05-Oct-2026,102.0,102.0,102.0,102.0,102.0,1000,1.02,1,1000.0,100.0
763GS2056, 05-Oct-2026,100.65,100.65,100.2,100.2,100.5,34800,34.88,4,34800.0,100.0
771GS2066, 05-Oct-2026,102.5,104.15,102.02,103.29,103.05,9109,9.4,31,8698.0,95.49
824GS2027, 05-Oct-2026,101.31,101.6,101.31,101.6,103.3,120,0.12,3,60.0,50.0
92GS2030, 05-Oct-2026,109.7,109.7,108.5,108.9,109.61,17226,18.72,28,16990.0,98.63
A2ZINFRA, 05-Oct-2026,14.4,14.88,13.67,13.76,14.38,295238,41.84,1945,117932.0,39.94
AAATECH, 05-Oct-2026,96.0,103.8,93.2,95.44,92.74,196936,195.93,4169,33882.0,17.2
AADHARHFC, 05-Oct-2026,450.95,455.7,449.05,453.7,448.4,255416,1153.69,16741,138436.0,54.2
AAKASH, 05-Oct-2026,8.4,8.8,8.25,8.44,8.34,73690,6.28,404,56248.0,76.33
AARADHYA, 05-Oct-2026,121.0,128.65,121.0,128.65,123.05,3600,4.45,3,3600.0,100.0
AAREYDRUGS, 05-Oct-2026,104.02,106.51,100.5,104.07,103.85,234591,242.77,2070,144474.0,61.59
AARON, 05-Oct-2026,122.5,125.0,120.85,122.25,123.11,4568,5.59,203,3179.0,69.59
AARTIDRUGS, 05-Oct-2026,424.9,425.35,413.6,415.0,421.0,123549,517.21,4911,56915.0,46.07
AARTIIND, 05-Oct-2026,469.0,475.8,459.55,470.85,465.1,561260,2619.63,24069,231239.0,41.2
AARTIPHARM, 05-Oct-2026,981.0,991.8,940.55,946.6,968.5,629798,6029.41,38027,272927.0,43.34
AARVI, 05-Oct-2026,136.51,138.0,133.52,135.18,137.12,8409,11.36,177,5571.0,66.25
AASTHA, 05-Oct-2026,31.7,32.53,30.83,30.83,32.45,563310,175.16,3037,359221.0,63.77
AATMAJ, 05-Oct-2026,20.25,23.05,20.25,21.95,20.0,34000,7.6,15,22000.0,64.71
AAVAS, 05-Oct-2026,1195.5,1234.7,1192.6,1219.5,1190.9,229879,2824.91,11565,178475.0,77.64
ABANSENT, 05-Oct-2026,27.78,28.28,26.6,27.11,27.6,3718,1.02,118,2262.0,60.84
ABB, 05-Oct-2026,6950.0,6981.0,6846.5,6895.0,6900.0,157334,10868.41,28656,74160.0,47.14
ABBOTINDIA, 05-Oct-2026,26705.0,26840.0,26030.0,26240.0,26840.0,5773,1517.96,3386,2491.0,43.15
ABCAPITAL, 05-Oct-2026,375.95,381.3,373.85,377.4,375.05,1609846,6064.09,29888,840130.0,52.19
ABCOTS, 05-Oct-2026,198.0,198.0,192.14,195.98,189.91,2569,5.04,121,1892.0,73.65
ABDL, 05-Oct-2026,682.0,701.0,680.25,696.75,679.45,337569,2327.1,18879,140729.0,41.69
ABFRL, 05-Oct-2026,44.6,45.37,44.25,44.34,44.53,3728699,1666.1,16542,1701511.0,45.63
ABGSEC, 05-Oct-2026,112.44,113.53,112.44,113.53,113.58,55,0.06,10,35.0,63.64
ABH, 05-Oct-2026,42.0,43.5,42.0,43.5,41.45,28800,12.5,23,26400.0,91.67
ABHAPOWER, 05-Oct-2026,24.0,24.0,22.9,23.05,23.85,4800,1.12,3,3200.0,66.67
ABLBL, 05-Oct-2026,75.5,75.5,72.2,73.37,74.44,1522029,1121.97,18004,683045.0,44.88
ABMKNO, 05-Oct-2026,176.0,176.0,165.2,165.85,168.07,461,0.77,32,328.0,71.15
ABREL, 05-Oct-2026,1110.4,1131.1,1079.0,1082.6,1100.5,310042,3391.97,25433,177061.0,57.11
ABSL10BANK, 05-Oct-2026,163.01,163.01,161.28,162.01,162.3,392,0.64,17,307.0,78.32
ABSLAMC, 05-Oct-2026,985.0,1043.6,971.1,1028.55,991.7,300672,3072.6,32218,151013.0,50.23
ABSLBANETF, 05-Oct-2026,55.99,56.57,55.91,56.03,55.97,17447,9.8,380,6359.0,36.45
ABSLLIQUID, 05-Oct-2026,999.99,1000.01,999.99,999.99,1000.0,29146,291.46,49,25694.0,88.16
ABSLMSCIN, 05-Oct-2026,28.33,28.33,27.55,27.72,27.68,1353,0.37,13,1128.0,83.37
ABSLNN50ET, 05-Oct-2026,74.55,74.55,72.3,72.69,73.05,18937,13.82,422,9166.0,48.4
ABSLPSE, 05-Oct-2026,9.82,9.82,9.62,9.7,9.73,102705,9.95,552,59208.0,57.65
ABSMARINE, 05-Oct-2026,330.0,342.0,320.0,327.05,330.7,48000,157.49,93,34000.0,70.83
ACC, 05-Oct-2026,1189.0,1199.4,1174.6,1184.4,1182.8,85873,1018.06,10484,39051.0,45.48
ACCELYA, 05-Oct-2026,1110.0,1130.0,1096.4,1105.3,1094.2,45159,502.55,3618,28386.0,62.86
ACCENTMIC, 05-Oct-2026,660.0,675.0,657.5,662.9,669.9,20500,136.18,37,18000.0,87.8
ACCPL, 05-Oct-2026,195.05,195.05,193.15,194.05,203.3,34800,67.31,21,32400.0,93.1
ACCURACY, 05-Oct-2026,4.19,4.23,4.06,4.15,4.13,106900,4.47,254,85224.0,79.72
ACE, 05-Oct-2026,1210.0,1243.4,1203.0,1227.5,1212.3,287382,3530.86,29702,131940.0,45.91
ACEINTEG, 05-Oct-2026,17.14,17.14,16.2,16.53,17.14,1669,0.27,74,1194.0,71.54
ACETEC, 05-Oct-2026,140.0,140.0,140.0,140.0,140.0,2400,3.36,2,2400.0,100.0
ACEVECTOR, 05-Oct-2026,28.32,28.75,23.37,26.08,32.0,114297844,29875.66,152137,51968885.0,45.47
ACGL, 05-Oct-2026,1674.4,1689.6,1636.6,1683.0,1622.7,1051,17.5,176,783.0,74.5
ACI, 05-Oct-2026,479.0,481.2,460.5,463.2,475.05,659603,3118.11,22203,496247.0,75.23
ACL, 05-Oct-2026,39.85,39.99,39.01,39.8,39.33,11611,4.62,217,9039.0,77.85
ACMESOLAR, 05-Oct-2026,434.75,440.0,423.5,427.65,432.55,809545,3486.21,37603,406093.0,50.16
ACTIVEINFR, 05-Oct-2026,172.5,172.5,172.5,172.5,181.25,600,1.04,1,600.0,100.0
ACUTAAS, 05-Oct-2026,3204.1,3228.1,3100.2,3122.2,3196.5,274682,8625.1,45529,147250.0,53.61
ADANIENSOL, 05-Oct-2026,1336.1,1377.8,1336.1,1353.4,1326.4,2095376,28335.48,52835,933302.0,44.54
ADANIENT, 05-Oct-2026,2843.9,2890.9,2823.0,2864.0,2816.8,1782260,50807.21,59017,941305.0,52.82
ADANIGREEN, 05-Oct-2026,1287.4,1303.5,1266.6,1284.0,1276.1,1014292,13009.93,31039,352053.0,34.71
ADANIPORTS, 05-Oct-2026,1769.9,1779.0,1737.8,1774.0,1737.8,2792824,49115.66,60101,1654334.0,59.24
ADANIPOWER, 05-Oct-2026,197.17,201.68,197.1,201.0,196.21,19752263,39376.77,131298,9327660.0,47.22
ADDICTIVE, 05-Oct-2026,40.0,40.65,38.95,40.1,41.0,19000,7.43,15,17000.0,89.47
ADDIND, 05-Oct-2026,76.4,81.95,70.0,79.49,76.4,901,0.67,34,796.0,88.35
ADFFOODS, 05-Oct-2026,281.35,285.0,276.7,282.15,281.4,145718,409.66,5097,71119.0,48.81
ADISOFT, 05-Oct-2026,255.0,266.0,255.0,263.65,248.65,155200,401.09,162,128800.0,82.99
ADL, 05-Oct-2026,77.0,80.0,72.5,75.9,72.52,2780,2.11,68,1298.0,46.69
ADOR, 05-Oct-2026,1570.4,1588.3,1500.0,1512.0,1570.4,59027,901.41,7423,26030.0,44.1
ADSL, 05-Oct-2026,108.89,109.48,103.11,105.51,106.38,165539,174.97,3268,59602.0,36.0
ADVAIT, 05-Oct-2026,1869.1,1903.9,1821.6,1832.1,1863.0,31536,586.93,5509,16494.0,52.3
ADVANCE, 05-Oct-2026,118.5,118.5,114.39,115.85,116.75,69861,81.25,1113,43935.0,62.89
ADVANIHOTR, 05-Oct-2026,47.0,47.73,47.0,47.26,46.98,14687,6.93,361,9748.0,66.37
ADVENTHTL, 05-Oct-2026,125.2,126.72,121.25,123.12,123.77,118617,146.47,2131,55300.0,46.62
ADVENZYMES, 05-Oct-2026,274.45,276.25,270.45,272.4,274.25,145809,398.51,4971,79035.0,54.2
ADVIKCA, 05-Oct-2026,1.0,1.04,0.98,0.99,1.0,157535,1.56,231,108472.0,68.86
AEGISLOG, 05-Oct-2026,1400.2,1410.0,1355.0,1359.5,1401.1,873548,12079.9,61050,404397.0,46.29
AEGISVOPAK, 05-Oct-2026,298.0,299.35,286.45,297.55,290.75,781630,2301.45,20299,313713.0,40.14
AEPL, 05-Oct-2026,15.95,15.95,14.87,15.01,15.34,9208,1.41,158,6392.0,69.42
AEQUS, 05-Oct-2026,279.25,287.7,274.1,284.5,275.05,3706824,10381.44,59949,1736664.0,46.85
AEROENTER, 05-Oct-2026,122.54,130.0,122.54,126.69,121.93,761790,969.01,9529,264151.0,34.68
AEROFLEX, 05-Oct-2026,524.0,551.4,524.0,544.35,521.35,2372211,12825.17,61108,1098090.0,46.29
AERON, 05-Oct-2026,85.4,87.9,84.1,86.0,82.4,6000,5.17,6,5000.0,83.33
AERONEU, 05-Oct-2026,70.03,70.99,69.11,69.7,70.56,29604,20.68,442,26614.0,89.9
AEROPLANE, 05-Oct-2026,207.9,216.9,207.46,211.24,208.14,2097713,4447.9,19182,1006984.0,48.0
AESTHETIK, 05-Oct-2026,65.2,65.2,65.2,65.2,65.1,2000,1.3,2,2000.0,100.0
AETHER, 05-Oct-2026,1670.0,1685.0,1639.1,1661.0,1670.0,196127,3255.97,24077,97978.0,49.96
AFCONS, 05-Oct-2026,244.04,246.79,239.0,241.5,242.39,481694,1161.29,10393,200833.0,41.69
AFFLE, 05-Oct-2026,1460.4,1475.4,1439.4,1443.8,1449.6,155743,2263.95,22946,80666.0,51.79
AFFORDABLE, 05-Oct-2026,163.5,172.4,160.0,163.65,168.11,18790,31.28,596,13183.0,70.16
AFIL, 05-Oct-2026,7.8,7.95,7.75,7.77,7.86,669504,52.15,449,600009.0,89.62
AFSL, 05-Oct-2026,201.0,201.95,201.0,201.0,201.0,6118,12.3,49,4848.0,79.24
AGARIND, 05-Oct-2026,384.35,391.6,379.0,382.95,386.0,24340,93.19,1671,11194.0,45.99
AGARWALEYE, 05-Oct-2026,490.2,492.0,475.3,484.25,486.45,292496,1410.3,15583,178846.0,61.14
AGARWALFT, 05-Oct-2026,25.6,25.6,25.6,25.6,26.9,3000,0.77,2,3000.0,100.0
AGARWALTUF, 05-Oct-2026,172.0,177.0,166.7,173.5,171.45,158400,271.95,109,66000.0,41.67
AGI, 05-Oct-2026,800.9,803.65,776.55,781.7,790.8,62423,490.09,6596,29237.0,46.84
AGIIL, 05-Oct-2026,263.8,263.8,258.0,261.25,260.0,212796,555.16,4363,96523.0,45.36
AGL, 05-Oct-2026,12.59,12.85,12.41,12.5,12.59,1299528,164.04,2576,716012.0,55.1
AGNI, 05-Oct-2026,15.25,15.25,14.4,14.55,14.55,27500,4.06,10,25000.0,90.91
AGRITECH, 05-Oct-2026,93.9,93.9,86.1,88.47,89.96,3243,2.91,178,2449.0,75.52
AGROPHOS, 05-Oct-2026,23.99,23.99,22.0,22.31,23.0,26169,5.89,213,22188.0,84.79
AGUL, 05-Oct-2026,43.5,43.5,43.5,43.5,45.75,2000,0.87,1,2000.0,100.0
AHCL, 05-Oct-2026,31.22,31.22,31.22,31.22,32.86,996049,310.97,3473,995023.0,99.9
AHLADA, 05-Oct-2026,37.06,39.0,37.05,37.91,37.06,12512,4.69,91,4816.0,38.49
AHLEAST, 05-Oct-2026,134.05,136.9,134.0,135.31,136.0,1013,1.38,40,824.0,81.34
AHLUCONT, 05-Oct-2026,560.0,579.0,550.7,569.8,555.9,135950,773.96,7352,43771.0,32.2
AIAENG, 05-Oct-2026,3827.0,3894.9,3802.5,3863.2,3824.4,27893,1075.19,12564,14561.0,52.2
AIIL, 05-Oct-2026,540.6,553.9,539.0,551.6,539.3,146383,801.69,8087,73297.0,50.07
AIMTRON, 05-Oct-2026,1920.0,1950.0,1850.0,1873.55,1898.85,30600,579.16,140,18800.0,61.44
AIRAN, 05-Oct-2026,15.3,15.88,15.28,15.43,15.6,44277,6.87,379,33611.0,75.91
AIROLAM, 05-Oct-2026,93.9,93.9,87.21,89.54,89.58,2158,1.92,60,2102.0,97.41
AISL, 05-Oct-2026,70.0,70.15,66.1,70.15,66.85,16200,11.04,14,15000.0,92.59
AJANTPHARM, 05-Oct-2026,3581.4,3588.6,3459.0,3486.0,3581.0,104722,3671.75,22710,55900.0,53.38
AJAXENGG, 05-Oct-2026,582.05,600.5,582.05,594.25,586.4,104544,620.19,7501,52921.0,50.62
AJMERA, 05-Oct-2026,119.6,120.69,113.63,116.7,119.6,559485,648.77,5879,291617.0,52.12
AJOONI, 05-Oct-2026,3.1,3.12,3.0,3.02,3.1,277384,8.5,531,207688.0,74.87
AKANKSHA, 05-Oct-2026,173.0,177.8,170.0,177.8,169.35,76000,132.5,63,62000.0,81.58
AKASH, 05-Oct-2026,25.69,25.69,24.5,24.64,24.95,1766,0.44,27,1420.0,80.41
AKCAPIT, 05-Oct-2026,1700.0,1748.6,1700.0,1746.7,1714.1,598,10.38,52,584.0,97.66
AKG, 05-Oct-2026,9.71,9.71,9.32,9.35,9.71,66518,6.27,162,63875.0,96.03
AKIKO, 05-Oct-2026,416.05,441.0,416.05,431.4,415.5,13600,57.53,15,12800.0,94.12
AKSHAR, 05-Oct-2026,0.42,0.43,0.41,0.42,0.41,1171427,4.89,270,778798.0,66.48
AKUMS, 05-Oct-2026,819.0,825.0,796.35,801.35,813.1,117017,944.54,9967,52310.0,44.7
ALANKIT, 05-Oct-2026,7.67,7.85,7.5,7.61,7.65,96028,7.36,532,63340.0,65.96
ALBERTDAVD, 05-Oct-2026,856.0,868.4,831.6,836.45,856.7,2685,22.71,431,1840.0,68.53
ALEMBICLTD, 05-Oct-2026,105.9,106.0,103.38,104.44,104.11,540160,564.89,6733,254157.0,47.05
ALFREDHE, 05-Oct-2026,2820.0,2820.0,2748.0,2748.0,2823.0,22,0.61,11,16.0,72.73
ALGOQUANT, 05-Oct-2026,67.07,69.77,67.05,68.25,67.51,1133101,776.56,5818,165408.0,14.6
ALICON, 05-Oct-2026,889.8,889.9,832.05,848.95,871.95,99365,854.18,8522,26255.0,26.42
ALIVUS, 05-Oct-2026,1376.0,1398.0,1349.2,1373.7,1374.2,97234,1331.65,18167,53460.0,54.98
ALKEM, 05-Oct-2026,5210.0,5235.0,5136.0,5192.5,5220.0,102619,5299.52,16919,53686.0,52.32
ALKYLAMINE, 05-Oct-2026,1741.4,1770.0,1715.0,1730.4,1741.4,35207,611.04,9541,14914.0,42.36
ALLCARGO, 05-Oct-2026,10.12,10.32,10.0,10.03,10.12,3374008,341.1,5552,1639232.0,48.58
ALLDIGI, 05-Oct-2026,756.35,766.45,741.3,750.9,756.35,2786,21.04,495,1734.0,62.24
ALLETEC, 05-Oct-2026,122.7,126.0,121.0,124.65,122.7,12400,15.28,30,8400.0,67.74
ALLTIME, 05-Oct-2026,189.99,191.5,182.0,183.8,188.04,73063,135.68,2294,40645.0,55.63
ALOKINDS, 05-Oct-2026,7.06,7.24,7.04,7.12,7.06,9915737,707.79,8661,3128369.0,31.55
ALPA, 05-Oct-2026,59.25,60.25,58.25,59.0,59.26,5432,3.2,116,3047.0,56.09
ALPEXSOLAR, 05-Oct-2026,828.6,852.0,805.3,810.8,823.2,28800,235.53,229,17800.0,61.81
ALPHA, 05-Oct-2026,51.27,51.83,51.07,51.4,51.28,1298674,667.95,4518,712772.0,54.88
ALPHAETF, 05-Oct-2026,24.91,25.41,24.91,25.14,25.04,1185751,298.75,1433,725160.0,61.16
ALPINETEX, 05-Oct-2026,46.61,48.0,45.52,45.82,46.63,92407,42.81,1776,45197.0,48.91
ALPL30IETF, 05-Oct-2026,25.89,26.03,25.77,25.86,25.9,3009611,776.24,1682,2696704.0,89.6
ALUFLUOR, 05-Oct-2026,643.95,643.95,612.9,616.8,633.8,14660,90.85,822,11572.0,78.94
ALUWIND, 05-Oct-2026,48.0,49.4,48.0,48.5,48.0,9000,4.36,6,7500.0,83.33
AMAGI, 05-Oct-2026,551.35,577.0,551.35,569.7,554.05,449516,2559.59,31829,224936.0,50.04
AMAL, 05-Oct-2026,710.0,715.0,692.1,699.5,702.4,4382,30.85,421,2593.0,59.17
AMARJOTHI, 05-Oct-2026,151.0,151.5,146.5,146.5,150.0,510,0.76,42,471.0,92.35
AMBAAUTO, 05-Oct-2026,112.75,112.75,110.0,112.0,108.5,16000,17.88,16,5000.0,31.25
AMBER, 05-Oct-2026,6535.0,6652.5,6492.0,6585.0,6500.0,114789,7538.27,22611,42539.0,37.06
AMBICAAGAR, 05-Oct-2026,23.55,24.98,23.55,23.83,23.89,5501,1.32,121,2716.0,49.37
AMBIKCO, 05-Oct-2026,1537.0,1545.0,1523.2,1534.0,1505.8,5905,90.55,949,3252.0,55.07
AMBUJACEM, 05-Oct-2026,363.2,368.9,361.05,366.5,362.25,1848613,6735.54,23261,790227.0,42.75
AMCL, 05-Oct-2026,348.0,383.3,348.0,370.6,341.05,89200,326.28,66,86000.0,96.41
AMEYA, 05-Oct-2026,147.0,147.0,143.0,143.0,150.5,4000,5.79,4,2000.0,50.0
AMJLAND, 05-Oct-2026,37.75,38.5,36.75,37.14,37.02,9244,3.47,127,7700.0,83.3
AMNPLST, 05-Oct-2026,169.75,169.75,157.85,160.29,165.43,4095,6.63,220,2631.0,64.25
AMRUTANJAN, 05-Oct-2026,513.2,524.0,511.0,518.1,513.2,36616,189.75,1653,22139.0,60.46
ANANDRATHI, 05-Oct-2026,2117.5,2135.0,2101.2,2132.0,2117.5,404648,8575.73,26216,229800.0,56.79
ANANTAM, 05-Oct-2026,104.9,104.9,103.95,103.97,103.98,13400,13.94,128,12663.0,94.5
ANANTRAJ, 05-Oct-2026,580.0,592.85,575.0,587.4,577.85,1053429,6168.53,34550,369001.0,35.03
ANAWIL, 05-Oct-2026,417.05,421.0,387.0,393.3,425.75,359600,1442.11,809,197200.0,54.84
ANDHRAPAP, 05-Oct-2026,71.36,73.55,69.55,69.94,71.36,849036,602.72,3516,715607.0,84.28
ANDHRSUGAR, 05-Oct-2026,92.58,94.16,91.0,91.95,91.06,300289,277.06,5000,138009.0,45.96
ANDREWYU, 05-Oct-2026,25.0,25.9,24.11,25.34,24.98,97343,24.31,699,38589.0,39.64
ANGELONE, 05-Oct-2026,276.8,286.3,273.5,285.2,276.8,4255848,12006.12,36784,1171360.0,27.52
ANIKINDS, 05-Oct-2026,44.0,45.99,42.55,44.56,44.0,6250,2.78,88,4477.0,71.63
ANLON, 05-Oct-2026,755.0,769.0,745.0,758.2,758.55,7200,54.47,17,6000.0,83.33
ANNAPURNA, 05-Oct-2026,128.6,135.0,127.0,130.44,128.6,46616,61.1,1595,30260.0,64.91
ANNU, 05-Oct-2026,48.0,48.0,45.0,45.12,47.09,361049,165.72,4829,197633.0,54.74
ANONDITA, 05-Oct-2026,1054.05,1081.6,1005.05,1031.0,1078.7,94400,979.62,359,56400.0,59.75
ANSALBU, 05-Oct-2026,84.28,101.0,83.0,85.6,85.13,2620,2.44,106,1203.0,45.92
ANTELOPUS, 05-Oct-2026,1113.9,1143.8,1092.0,1103.4,1106.5,299917,3345.92,21089,72054.0,24.02
ANTGRAPHIC, 05-Oct-2026,0.7,0.71,0.68,0.69,0.69,216722,1.52,212,202841.0,93.6
ANTHEM, 05-Oct-2026,855.95,858.85,840.6,851.9,855.75,292397,2487.29,21858,180778.0,61.83
ANUHPHR, 05-Oct-2026,85.99,88.49,83.7,84.15,85.85,86676,74.01,1923,45355.0,52.33
ANUP, 05-Oct-2026,1566.7,1574.9,1523.0,1539.0,1566.7,21490,332.33,4005,10910.0,50.77
ANURAS, 05-Oct-2026,1165.0,1175.9,1158.2,1164.4,1163.7,216772,2526.47,8597,158064.0,72.92
ANYA, 05-Oct-2026,17.7,18.5,17.7,18.0,17.3,40000,7.26,7,35000.0,87.5
ANZEN, 05-Oct-2026,130.5,131.5,130.5,131.0,128.9,125000,163.63,5,125000.0,100.0
AONEGOLD, 05-Oct-2026,13.8,13.81,13.48,13.74,13.68,629525,86.32,2861,396878.0,63.04
AONELIQUID, 05-Oct-2026,1079.73,1079.73,1079.71,1079.71,1079.57,13665,147.54,119,7240.0,52.98
AONENIFTY, 05-Oct-2026,9.31,9.55,9.17,9.31,9.36,279668,26.08,2038,195543.0,69.92
AONESILVER, 05-Oct-2026,8.53,8.53,8.35,8.48,8.35,333941,28.23,1409,249504.0,74.71
AONESTEELS, 05-Oct-2026,413.5,413.6,386.1,389.4,416.55,831655,3303.47,20575,285307.0,34.31
AONETMMQ50, 05-Oct-2026,9.64,10.2,9.64,9.89,9.84,330352,32.63,337,318339.0,96.36
AONETOTAL, 05-Oct-2026,11.0,11.67,11.0,11.21,11.22,334585,37.63,1694,171043.0,51.12
APARINDS, 05-Oct-2026,17844.0,18379.0,17750.0,18102.0,17648.0,102559,18564.49,34835,41598.0,40.56
APCL, 05-Oct-2026,96.99,96.99,91.5,94.0,94.76,3410,3.2,184,2272.0,66.63
APCOTEXIND, 05-Oct-2026,599.0,599.0,577.0,587.25,593.25,48855,286.94,3913,26502.0,54.25
APEX, 05-Oct-2026,334.65,334.65,323.5,328.4,326.3,78909,258.73,3647,23880.0,30.26
APEXECO, 05-Oct-2026,256.0,258.0,250.0,251.0,255.95,16000,40.52,20,16000.0,100.0
APLAPOLLO, 05-Oct-2026,2124.6,2147.4,2061.4,2099.8,2115.7,678442,14197.91,35607,314705.0,46.39
APLLTD, 05-Oct-2026,815.25,836.8,812.2,831.25,815.25,282527,2339.7,38104,174380.0,61.72
APOLLO, 05-Oct-2026,395.5,405.5,395.0,401.7,394.0,4584428,18375.88,52256,1133399.0,24.72
APOLLOHOSP, 05-Oct-2026,7880.5,8076.0,7880.5,7985.0,8133.5,895216,71654.13,87976,522495.0,58.37
APOLLOPIPE, 05-Oct-2026,517.85,535.0,510.0,530.75,512.6,142798,752.23,5375,58901.0,41.25
APOLLOTYRE, 05-Oct-2026,404.95,406.25,399.5,401.6,404.75,213763,859.34,12586,88531.0,41.42
APOLSINHOT, 05-Oct-2026,1208.0,1208.0,1155.0,1174.9,1155.9,1328,15.64,196,1010.0,76.05
APRAMEYA, 05-Oct-2026,106.0,109.0,99.0,102.0,102.0,11000,11.45,22,7500.0,68.18
APS, 05-Oct-2026,226.7,227.5,223.0,223.45,226.7,6750,15.19,27,5250.0,77.78
APSISAERO, 05-Oct-2026,581.95,581.95,527.25,528.0,555.0,46800,248.51,38,46800.0,100.0
APTECHT, 05-Oct-2026,88.0,88.45,86.0,86.88,87.03,44839,38.97,996,23016.0,51.33
APTUS, 05-Oct-2026,227.95,228.51,222.34,223.65,226.4,934997,2097.45,36176,534515.0,57.17
AQYLON, 05-Oct-2026,15.46,16.23,14.69,15.58,15.46,1157106,176.84,1814,533753.0,46.13
ARABIAN, 05-Oct-2026,90.0,97.0,90.0,96.75,88.0,72000,67.19,29,62000.0,86.11
ARCHIDPLY, 05-Oct-2026,101.79,103.71,100.37,101.8,101.79,30544,31.13,226,26632.0,87.19
ARCHIES, 05-Oct-2026,12.4,12.7,12.35,12.35,12.37,9399,1.17,78,8383.0,89.19
ARCIIL, 05-Oct-2026,32.4,33.0,31.0,32.5,30.7,25000,8.04,25,14000.0,56.0
ARCIL, 05-Oct-2026,141.09,145.24,140.56,142.24,139.92,1314700,1876.76,26166,714996.0,54.38
ARCL, 05-Oct-2026,233.0,238.9,227.27,235.0,229.81,276,0.65,21,261.0,94.57
ARDEE, 05-Oct-2026,49.03,49.44,48.11,48.51,48.81,1868950,911.59,13281,689238.0,36.88
ARE&M, 05-Oct-2026,751.0,757.0,739.25,741.6,747.4,338967,2527.54,26002,161189.0,47.55
ARENTERP, 05-Oct-2026,33.79,33.79,33.79,33.79,33.79,330,0.11,4,330.0,100.0
ARFIN, 05-Oct-2026,87.95,89.18,86.42,87.51,87.25,713062,623.58,3251,85733.0,12.02
ARHAM, 05-Oct-2026,204.3,210.0,190.0,208.9,206.3,147000,295.98,120,91000.0,61.9
ARIHANT, 05-Oct-2026,940.0,948.0,873.25,891.35,894.1,2824,25.29,169,2174.0,76.98
ARIHANTCAP, 05-Oct-2026,90.0,95.05,90.0,91.01,88.59,523540,484.93,6282,190403.0,36.37
ARIHANTSUP, 05-Oct-2026,222.0,222.0,218.0,218.78,216.63,3008,6.59,73,2539.0,84.41
ARIS, 05-Oct-2026,139.49,143.0,137.51,140.24,138.66,1432618,2015.74,13253,454734.0,31.74
ARISTO, 05-Oct-2026,87.4,87.4,87.4,87.4,92.0,1600,1.4,2,1600.0,100.0
ARKADE, 05-Oct-2026,120.64,125.0,118.23,120.03,118.69,158603,191.55,2346,66872.0,42.16
ARMANFIN, 05-Oct-2026,1770.0,1817.0,1714.0,1754.9,1764.4,53075,933.59,6674,25165.0,47.41
ARMEE, 05-Oct-2026,270.7,272.75,251.05,254.25,273.35,1290880,3394.57,23632,320284.0,24.81
ARMOUR, 05-Oct-2026,20.1,21.1,20.0,21.1,20.1,8000,1.65,3,8000.0,100.0
AROGRANITE, 05-Oct-2026,22.56,23.89,22.1,22.19,22.35,6732,1.53,59,4587.0,68.14
ARROWGREEN, 05-Oct-2026,873.8,891.75,835.9,858.55,865.2,26652,227.23,3085,13824.0,51.87
ARSSBL, 05-Oct-2026,525.45,539.0,515.1,535.0,521.05,361312,1909.87,7780,213437.0,59.07
ARTEMISMED, 05-Oct-2026,339.2,341.85,322.35,324.1,336.4,374630,1224.7,19757,191832.0,51.21
ARTNIRMAN, 05-Oct-2026,38.16,39.88,38.16,38.49,40.0,754,0.29,21,465.0,61.67
ARUNAYA, 05-Oct-2026,14.0,14.0,13.95,14.0,13.95,10000,1.4,4,10000.0,100.0
ARVEE, 05-Oct-2026,217.0,229.79,206.35,209.39,215.32,9280,19.96,408,5112.0,55.09
ARVIND, 05-Oct-2026,538.4,539.65,525.15,530.4,534.05,565857,2999.87,42832,319940.0,56.54
ARVINDFASN, 05-Oct-2026,383.45,389.0,376.1,384.25,379.7,225104,864.68,25322,122718.0,54.52
ARVSMART, 05-Oct-2026,592.5,598.15,573.0,580.25,592.5,88014,511.8,3897,41520.0,47.17
ASAHIINDIA, 05-Oct-2026,950.0,952.9,938.0,945.75,944.25,45021,425.69,6886,19787.0,43.95
ASAL, 05-Oct-2026,421.05,439.8,420.05,423.1,426.9,5966,25.35,594,2955.0,49.53
ASALCBR, 05-Oct-2026,611.1,622.1,590.0,595.65,611.1,51910,311.44,4868,28414.0,54.74
ASHALOG, 05-Oct-2026,60.0,60.5,60.0,60.0,61.0,20000,12.03,16,18000.0,90.0
ASHAPURMIN, 05-Oct-2026,493.95,501.95,487.0,490.85,489.95,223978,1101.09,10989,102476.0,45.75
ASHIANA, 05-Oct-2026,381.8,390.0,381.4,383.6,383.95,22654,87.24,1447,10722.0,47.33
ASHIMASYN, 05-Oct-2026,15.3,15.69,14.77,15.0,15.31,108237,16.36,484,84086.0,77.69
ASHOKA, 05-Oct-2026,105.35,106.65,104.36,105.9,105.31,538732,568.92,7556,261000.0,48.45
ASHOKAMET, 05-Oct-2026,14.42,15.15,14.42,14.71,14.53,19468,2.89,264,12992.0,66.74
ASHOKLEY, 05-Oct-2026,151.4,153.65,151.23,152.6,150.48,9914723,15111.23,75424,4786609.0,48.28
ASHUTOSH, 05-Oct-2026,153.0,153.7,134.1,138.2,148.6,247200,348.11,199,159600.0,64.56
ASHWINI, 05-Oct-2026,162.05,162.05,160.0,160.0,162.5,2000,3.22,2,2000.0,100.0
ASIANENE, 05-Oct-2026,470.7,479.9,453.0,458.65,466.75,189656,881.67,8653,84468.0,44.54
ASIANHOTNR, 05-Oct-2026,356.05,356.05,329.25,334.1,348.1,7191,24.31,469,4845.0,67.38
ASIANPAINT, 05-Oct-2026,2400.0,2409.0,2336.7,2366.0,2407.0,916254,21594.83,71315,525260.0,57.33
ASIANTILES, 05-Oct-2026,48.16,48.28,46.1,46.65,47.95,1062886,500.52,4227,378816.0,35.64
ASIANTNE, 05-Oct-2026,8.77,9.13,8.6,9.0,8.95,15593,1.36,51,13778.0,88.36
ASKAUTOLTD, 05-Oct-2026,621.0,624.9,603.6,608.2,618.15,221181,1346.27,17555,104821.0,47.39
ASMS, 05-Oct-2026,5.84,6.04,5.76,5.84,5.92,149950,8.8,654,117551.0,78.39
ASPINWALL, 05-Oct-2026,242.1,248.4,237.01,238.35,240.1,1086,2.59,50,896.0,82.5
ASTAR, 05-Oct-2026,714.0,714.0,630.0,644.05,664.5,254,1.64,77,226.0,88.98
ASTEC, 05-Oct-2026,708.6,721.75,700.0,712.7,708.6,30766,218.82,2250,9527.0,30.97
ASTERDM, 05-Oct-2026,708.0,708.0,687.0,691.5,708.9,1401950,9697.28,57848,879635.0,62.74
ASTRAL, 05-Oct-2026,1349.0,1367.2,1339.4,1362.1,1344.0,325806,4417.56,32212,162231.0,49.79
ASTRAMICRO, 05-Oct-2026,1634.2,1673.9,1628.1,1651.7,1624.5,327119,5416.08,26859,134923.0,41.25
ASTRAZEN, 05-Oct-2026,6049.0,6087.5,5882.0,5909.0,6031.0,6412,382.98,2578,2710.0,42.26
ATALREAL, 05-Oct-2026,12.76,12.92,12.51,12.81,12.78,902386,114.84,1065,372563.0,41.29
ATAM, 05-Oct-2026,54.81,56.4,53.53,54.04,55.35,5713,3.13,117,4920.0,86.12
ATCENERGY, 05-Oct-2026,20.2,21.4,20.2,21.3,20.6,19200,4.0,12,13200.0,68.75
ATGL, 05-Oct-2026,587.0,593.0,578.65,583.25,583.05,509708,2979.57,21633,127328.0,24.98
ATHERENERG, 05-Oct-2026,1411.1,1423.8,1388.5,1409.9,1406.1,3319066,46702.53,106084,1337618.0,40.3
ATL, 05-Oct-2026,24.45,24.79,23.72,24.49,23.59,160953,39.09,1178,121249.0,75.33
ATLANTAA, 05-Oct-2026,35.79,37.44,34.2,34.97,35.71,69328,24.36,574,49322.0,71.14
ATLANTAELE, 05-Oct-2026,1745.5,1888.1,1725.0,1882.9,1716.5,379316,6956.32,31221,151899.0,40.05
ATLASCYCLE, 05-Oct-2026,91.74,93.0,90.5,91.3,91.74,2877,2.65,112,2389.0,83.04
ATLPP, 05-Oct-2026,8.93,9.89,8.85,9.17,8.85,1510,0.14,17,1498.0,99.21
ATMASTCO, 05-Oct-2026,112.2,119.4,112.0,114.65,115.5,15600,18.03,36,13200.0,84.62
ATUL, 05-Oct-2026,5899.0,5930.0,5827.5,5856.0,5861.0,41593,2438.35,5852,34630.0,83.26
ATULAUTO, 05-Oct-2026,422.7,431.7,422.65,424.5,424.8,65738,280.06,3722,26661.0,40.56
AUBANK, 05-Oct-2026,1000.0,1035.7,999.1,1029.2,987.0,3358977,34338.05,81950,1621239.0,48.27
AUGMONT, 05-Oct-2026,1224.0,1254.9,1177.0,1223.3,1195.2,1400524,17194.66,36013,383284.0,27.37
AURIONPRO, 05-Oct-2026,607.8,640.0,595.0,598.5,607.8,353216,2170.83,23581,117198.0,33.18
AUROIMPEX, 05-Oct-2026,36.95,38.2,36.95,38.2,38.85,30400,11.34,19,30400.0,100.0
AUROPHARMA, 05-Oct-2026,1693.7,1696.0,1663.1,1674.9,1676.8,958714,16055.69,39133,529534.0,55.23
AURUM, 05-Oct-2026,223.5,227.0,220.38,223.61,223.41,48055,107.43,1725,27244.0,56.69
AURUS, 05-Oct-2026,4.54,4.54,4.06,4.23,4.4,92879,3.98,508,66497.0,71.6
AUSOMENT, 05-Oct-2026,139.0,144.88,134.05,137.81,139.0,1244,1.73,104,642.0,51.61
AUSTENG, 05-Oct-2026,177.9,177.9,153.7,161.95,167.72,5623,9.29,271,2420.0,43.04
AUTOAXLES, 05-Oct-2026,1683.0,1693.8,1617.0,1624.9,1683.0,10044,164.93,1076,7963.0,79.28
AUTOBEES, 05-Oct-2026,263.6,264.83,258.0,262.82,263.65,213167,559.38,4414,100103.0,46.96
AUTOIETF, 05-Oct-2026,26.5,26.57,26.15,26.33,26.54,643260,169.14,4249,336742.0,52.35
AUTOIND, 05-Oct-2026,84.0,84.98,82.0,83.17,81.4,84050,70.14,1359,46223.0,54.99
AVADHSUGAR, 05-Oct-2026,776.05,841.05,776.05,840.35,764.6,292584,2401.27,14769,106302.0,36.33
AVALON, 05-Oct-2026,2280.2,2339.0,2242.0,2256.3,2280.2,310553,7069.91,31715,153005.0,49.27
AVANA, 05-Oct-2026,124.05,139.25,124.0,139.25,126.6,72000,97.0,36,50000.0,69.44
AVANCE, 05-Oct-2026,0.8,0.83,0.78,0.79,0.8,4823476,38.58,1804,3504698.0,72.66
AVANTEL, 05-Oct-2026,152.0,152.59,147.0,147.59,150.28,892887,1329.31,10679,354505.0,39.7
AVANTIFEED, 05-Oct-2026,713.1,717.95,705.15,711.1,711.55,187707,1333.66,15058,80393.0,42.83
AVATAR, 05-Oct-2026,145.15,159.95,145.15,159.0,152.75,16000,24.09,8,16000.0,100.0
AVG, 05-Oct-2026,169.97,184.8,165.0,168.15,166.0,10536,18.0,234,5802.0,55.07
AVIANSH, 05-Oct-2026,100.75,100.75,100.75,100.75,100.5,1000,1.01,1,1000.0,100.0
AVIENCE, 05-Oct-2026,316.2,316.2,291.4,294.35,323.75,168600,506.18,259,93000.0,55.16
AVL, 05-Oct-2026,572.3,606.0,566.35,601.05,572.3,400252,2384.0,25837,91993.0,22.98
AVONMORE, 05-Oct-2026,12.85,12.99,12.37,12.49,12.79,56219,7.07,402,39308.0,69.92
AVPINFRA, 05-Oct-2026,57.0,57.0,54.5,55.9,56.75,28800,15.97,36,23200.0,80.56
AVROIND, 05-Oct-2026,6.68,7.34,6.28,6.97,6.68,577078,39.95,1175,462853.0,80.21
AVTNPL, 05-Oct-2026,87.85,93.17,86.55,88.84,87.85,631535,569.23,8317,101203.0,16.02
AWFIS, 05-Oct-2026,235.0,244.0,234.5,235.59,235.26,348755,829.87,15784,140007.0,40.14
AWHCL, 05-Oct-2026,355.8,359.0,346.6,350.4,355.4,62596,220.17,4121,29010.0,46.34
AWL, 05-Oct-2026,176.47,178.9,174.06,176.15,175.43,831209,1460.4,28691,397979.0,47.88
AXIOMGAS, 05-Oct-2026,41.9,41.9,41.9,41.9,44.1,20000,8.38,10,20000.0,100.0
AXISBANK, 05-Oct-2026,1229.0,1237.4,1216.4,1222.2,1217.1,7472163,91787.89,222415,4913595.0,65.76
AXISCADES, 05-Oct-2026,2324.0,2360.0,2252.0,2282.3,2307.3,255708,5883.8,31115,106717.0,41.73
AXITA, 05-Oct-2026,7.69,7.69,7.56,7.59,7.58,901703,68.56,683,809006.0,89.72
AXTEL, 05-Oct-2026,439.75,445.4,425.05,430.4,435.45,1797,7.77,160,1193.0,66.39
AYE, 05-Oct-2026,164.41,167.5,159.0,162.75,163.29,898907,1476.53,25351,375895.0,41.82
AYMSYNTEX, 05-Oct-2026,280.2,288.7,279.8,283.15,279.95,33782,95.47,756,21773.0,64.45
AZAD, 05-Oct-2026,2875.0,2937.2,2843.5,2927.2,2860.9,800736,23171.05,56004,203957.0,25.47
AZADIND, 05-Oct-2026,86.5,88.87,80.0,83.05,85.95,143982,122.17,1884,54715.0,38.0
BAGDIGITAL, 05-Oct-2026,109.5,109.5,105.0,107.05,106.7,48000,51.24,20,27200.0,56.67
BAGFILMS, 05-Oct-2026,4.07,4.18,4.02,4.1,4.07,29972,1.23,140,20199.0,67.39
BAGMANE, 05-Oct-2026,106.76,107.8,106.0,106.5,106.73,308300,328.5,6098,228459.0,74.1
BAHETI, 05-Oct-2026,733.0,747.0,725.0,735.0,733.1,19875,146.03,39,12000.0,60.38
BAIDFIN, 05-Oct-2026,10.22,10.57,10.22,10.33,10.31,25931,2.71,148,21682.0,83.61
BAJAJ-AUTO, 05-Oct-2026,10036.0,10089.0,9920.0,10024.0,10045.0,354238,35442.03,56369,164978.0,46.57
BAJAJCON, 05-Oct-2026,497.0,499.4,477.95,480.35,497.05,365485,1780.44,17813,184508.0,50.48
BAJAJELEC, 05-Oct-2026,302.0,305.2,297.4,299.25,299.8,92225,277.9,4931,34263.0,37.15
BAJAJFINSV, 05-Oct-2026,1744.8,1760.9,1732.6,1751.4,1732.6,1075845,18782.76,58324,618882.0,57.53
BAJAJHCARE, 05-Oct-2026,320.1,329.0,317.1,319.1,322.95,121713,390.5,4833,60351.0,49.58
BAJAJHFL, 05-Oct-2026,83.99,84.05,81.61,82.79,82.91,3691800,3048.7,32207,1618888.0,43.85
BAJAJHIND, 05-Oct-2026,19.5,20.23,19.5,19.96,19.19,15512797,3094.5,21254,3288724.0,21.2
BAJAJHLDNG, 05-Oct-2026,10580.0,10892.0,10554.0,10732.0,10666.0,50104,5371.34,16830,27631.0,55.15
BAJAJINDEF, 05-Oct-2026,209.03,211.71,201.0,202.19,208.52,20558,41.98,779,12607.0,61.32
BAJAJST, 05-Oct-2026,335.0,339.0,322.0,328.75,335.7,16237,53.34,724,9808.0,60.41
BAJEL, 05-Oct-2026,163.8,165.99,162.12,164.05,163.63,79333,130.0,1689,34650.0,43.68
BAJFINANCE, 05-Oct-2026,962.55,995.8,962.55,970.0,948.3,12682669,124262.33,186471,6293257.0,49.62
BALAJEE, 05-Oct-2026,24.4,25.4,24.4,24.8,25.2,46462,11.53,250,38146.0,82.1
BALAJITELE, 05-Oct-2026,90.1,91.88,88.5,90.61,90.04,54523,49.27,1218,23677.0,43.43
BALAMINES, 05-Oct-2026,2052.0,2075.0,1936.0,1957.8,2052.2,289399,5710.9,33407,112471.0,38.86
BALAXI, 05-Oct-2026,22.06,23.05,22.06,22.77,22.34,22927,5.21,185,14946.0,65.19
BALKRISHNA, 05-Oct-2026,15.95,16.1,15.95,16.0,15.94,2251,0.36,24,1575.0,69.97
BALKRISIND, 05-Oct-2026,2083.5,2097.9,2059.0,2066.5,2083.5,95715,1986.32,16355,60439.0,63.14
BALMLAWRIE, 05-Oct-2026,161.75,162.0,157.5,158.59,159.3,112768,178.86,2132,64126.0,56.87
BALPHARMA, 05-Oct-2026,106.95,109.79,105.11,106.79,105.74,25522,27.35,773,15101.0,59.17
BALRAMCHIN, 05-Oct-2026,652.55,679.5,652.55,671.5,649.05,1055611,7067.5,31734,207132.0,19.62
BALUFORGE, 05-Oct-2026,494.15,512.5,491.7,502.8,488.95,468122,2360.12,15449,184834.0,39.48
BANARBEADS, 05-Oct-2026,116.25,119.98,115.01,115.04,116.0,776,0.9,42,590.0,76.03
BANARISUG, 05-Oct-2026,3327.5,3342.0,3272.2,3296.8,3300.5,558,18.45,150,183.0,32.8
BANCOINDIA, 05-Oct-2026,590.35,597.8,579.7,589.8,589.85,79775,469.1,6960,38279.0,47.98
BANDHANBNK, 05-Oct-2026,176.0,176.73,168.05,168.27,176.0,18154959,30924.55,95100,7021966.0,38.68
BANG, 05-Oct-2026,32.0,33.9,31.45,33.28,31.44,48172,15.84,192,26260.0,54.51
BANK10ADD, 05-Oct-2026,16.32,16.41,16.12,16.16,15.99,5521,0.9,100,1884.0,34.12
BANK10BETF, 05-Oct-2026,20.3,20.8,19.46,19.62,19.76,102007,20.51,2291,19510.0,19.13
BANKA, 05-Oct-2026,69.99,70.8,68.0,69.84,68.51,2444,1.69,48,1216.0,49.75
BANKADD, 05-Oct-2026,56.43,56.74,55.84,55.93,55.71,13448,7.58,93,9694.0,72.09
BANKBARODA, 05-Oct-2026,233.11,237.32,231.93,232.8,230.82,10802904,25280.35,60531,5502031.0,50.93
BANKBEES, 05-Oct-2026,575.0,575.0,563.95,565.61,565.03,582686,3305.59,8918,342637.0,58.8
BANKBETA, 05-Oct-2026,56.42,57.13,56.4,56.52,56.42,2851590,1611.53,735,2662850.0,93.38
BANKBETF, 05-Oct-2026,55.0,56.24,54.02,55.75,55.45,2966639,1661.25,545,2943879.0,99.23
BANKETF, 05-Oct-2026,541.97,563.26,541.97,557.48,555.87,78803,439.94,992,57269.0,72.67
BANKIETF, 05-Oct-2026,56.16,56.76,56.0,56.07,56.13,4318713,2424.4,2338,3297288.0,76.35
BANKINDIA, 05-Oct-2026,132.09,136.27,132.0,133.5,129.48,15657633,20987.85,67218,4945209.0,31.58
BANKNIFTY1, 05-Oct-2026,55.15,57.26,55.15,56.8,56.57,2766811,1568.63,1654,2324374.0,84.01
BANKPSU, 05-Oct-2026,78.5,81.92,78.5,80.72,80.0,15718,12.75,128,7759.0,49.36
BANSALWIRE, 05-Oct-2026,323.0,327.7,321.0,323.05,323.05,40679,131.61,2621,21949.0,53.96
BANSWRAS, 05-Oct-2026,105.08,106.79,102.1,102.93,105.1,19481,20.2,599,13095.0,67.22
BARFLEX, 05-Oct-2026,52.0,52.0,49.25,51.65,50.5,70000,35.17,26,56000.0,80.0
BASF, 05-Oct-2026,3440.0,3480.0,3390.0,3406.0,3417.1,9380,320.67,2620,4705.0,50.16
BASILIC, 05-Oct-2026,179.5,185.0,176.55,182.95,178.45,20400,36.81,50,16200.0,79.41
BASML, 05-Oct-2026,23.19,24.5,22.45,22.54,22.66,84637,19.32,217,66173.0,78.18
BATAINDIA, 05-Oct-2026,613.0,617.9,608.0,611.05,613.0,76879,471.52,6569,30362.0,39.49
BATLIBOI, 05-Oct-2026,84.0,90.61,81.5,89.78,82.35,106409,93.82,1695,66466.0,62.46
BAWEJA, 05-Oct-2026,26.95,27.0,26.1,26.1,26.5,4000,1.07,5,3200.0,80.0
BAYERCROP, 05-Oct-2026,3573.0,3585.0,3502.0,3508.9,3554.2,17648,622.97,4988,10368.0,58.75
BBETF0432, 05-Oct-2026,1330.55,1338.88,1330.55,1336.7,1333.92,1604,21.39,61,1310.0,81.67
BBL, 05-Oct-2026,2105.9,2108.9,2051.0,2058.8,2069.6,15489,320.62,3079,8298.0,53.57
BBNPNBETF, 05-Oct-2026,55.27,55.91,54.9,55.4,55.0,801,0.44,46,402.0,50.19
BBNPPGOLD, 05-Oct-2026,142.6,144.8,141.05,142.25,141.9,4979,7.08,111,4030.0,80.94
BBOX, 05-Oct-2026,800.0,823.65,794.2,812.5,795.85,542405,4388.53,30804,207593.0,38.27
BBTC, 05-Oct-2026,1335.2,1350.0,1301.3,1304.5,1334.2,78011,1022.07,8818,34588.0,44.34
BBTCL, 05-Oct-2026,228.0,237.73,225.3,234.94,229.49,5929,13.69,161,4509.0,76.05
BCG, 05-Oct-2026,9.72,9.74,9.05,9.17,9.52,9004653,830.71,9896,4690618.0,52.09
BCLIND, 05-Oct-2026,31.31,32.14,31.05,31.29,31.24,523094,164.19,4050,290447.0,55.52
BCONCEPTS, 05-Oct-2026,143.06,143.89,137.36,139.23,140.41,6700,9.32,376,4170.0,62.24
BCPL, 05-Oct-2026,68.8,68.8,66.1,67.0,67.25,7536,5.02,268,4430.0,58.78
BDL, 05-Oct-2026,1087.9,1102.8,1082.1,1096.2,1087.9,660761,7211.45,32923,257928.0,39.03
BEACON, 05-Oct-2026,85.0,85.15,85.0,85.15,85.0,6000,5.1,4,5000.0,83.33
BEARDSELL, 05-Oct-2026,22.3,23.15,22.17,22.76,22.13,23832,5.41,180,13606.0,57.09
BECTORFOOD, 05-Oct-2026,213.03,213.99,208.61,210.83,213.03,428214,903.51,13356,178708.0,41.73
BEDMUTHA, 05-Oct-2026,108.0,108.99,105.1,107.25,110.33,2006,2.15,48,1626.0,81.06
BEEKAY, 05-Oct-2026,435.05,443.55,424.0,426.9,435.4,1073,4.65,79,993.0,92.54
BEL, 05-Oct-2026,383.1,384.85,377.0,384.85,383.1,10909395,41542.95,101506,5774962.0,52.94
BELLACASA, 05-Oct-2026,241.22,252.68,237.0,238.26,241.22,5875,14.16,686,2011.0,34.23
BELRISE, 05-Oct-2026,238.81,239.99,230.5,231.12,237.5,2025207,4719.01,51256,908218.0,44.85
BEML, 05-Oct-2026,1966.7,1993.9,1942.0,1970.4,1962.3,144626,2845.26,19670,53704.0,37.13
BENARAS, 05-Oct-2026,10201.0,10250.0,10063.0,10166.0,10249.0,109,11.08,39,87.0,79.82
BENGALASM, 05-Oct-2026,6085.0,6150.0,5421.0,5772.0,6088.0,2863,164.23,477,1817.0,63.46
BEPL, 05-Oct-2026,124.0,126.4,122.62,124.77,123.76,695197,866.35,9176,296121.0,42.6
BERGEPAINT, 05-Oct-2026,455.3,460.8,452.45,458.4,452.4,514017,2359.21,42929,301277.0,58.61
BESTAGRO, 05-Oct-2026,18.17,18.17,17.41,17.73,17.47,490937,87.33,1952,222336.0,45.29
BETA, 05-Oct-2026,2064.5,2173.8,1986.7,2004.0,2073.3,19642,406.73,3088,8897.0,45.3
BEWLTD, 05-Oct-2026,61.0,61.2,57.5,59.6,58.5,34000,20.28,58,20500.0,60.29
BFINVEST, 05-Oct-2026,434.2,443.9,434.05,436.85,428.7,13712,60.14,1504,7018.0,51.18
BFSI, 05-Oct-2026,25.17,25.91,25.01,25.66,25.52,188535,48.61,836,61282.0,32.5
BFUTILITIE, 05-Oct-2026,504.75,512.95,495.0,495.9,504.75,35313,176.77,1984,13310.0,37.69
BHADORA, 05-Oct-2026,151.8,154.6,147.25,153.5,147.25,142800,219.77,82,141600.0,99.16
BHAGCHEM, 05-Oct-2026,233.56,239.04,228.0,229.14,236.15,98290,227.15,1785,61489.0,62.56
BHAGERIA, 05-Oct-2026,391.0,395.85,358.0,364.65,382.05,197915,734.99,7319,89966.0,45.46
BHAGYANGR, 05-Oct-2026,401.0,418.0,396.0,412.35,402.65,173594,708.16,6942,85167.0,49.06
BHANDARI, 05-Oct-2026,2.88,2.89,2.73,2.76,2.82,152409,4.27,343,128294.0,84.18
BHARATCOAL, 05-Oct-2026,31.8,32.3,31.37,31.88,31.75,5387913,1711.39,20749,2114802.0,39.25
BHARATFORG, 05-Oct-2026,1868.0,1873.7,1816.7,1833.0,1875.0,1029681,18879.39,58442,590152.0,57.31
BHARATRAS, 05-Oct-2026,1011.9,1011.9,970.0,983.2,998.6,11663,115.49,1784,5756.0,49.35
BHARATSE, 05-Oct-2026,205.0,211.0,201.49,202.86,204.65,123062,252.18,3023,57686.0,46.88
BHARATWIRE, 05-Oct-2026,160.1,164.6,160.1,162.25,160.12,118991,193.39,2953,39350.0,33.07
BHARTIARTL, 05-Oct-2026,1742.3,1779.9,1742.3,1779.9,1741.1,7310041,129132.56,182824,5434630.0,74.34
BHARTIHEXA, 05-Oct-2026,1389.9,1396.1,1371.4,1383.1,1379.2,528019,7290.65,12410,480888.0,91.07
BHEL, 05-Oct-2026,424.95,433.45,423.1,429.0,421.0,8225965,35284.0,85230,3401644.0,41.35
BIGBLOC, 05-Oct-2026,39.2,39.2,37.11,37.57,38.78,42913,16.25,645,29405.0,68.52
BIKAJI, 05-Oct-2026,507.0,514.0,484.5,487.0,504.05,387790,1919.4,23634,240525.0,62.02
BIKEWO, 05-Oct-2026,122.0,124.4,119.6,124.4,122.0,68000,82.65,24,60000.0,88.24
BIL, 05-Oct-2026,1018.55,1098.0,995.0,1071.15,987.55,61770,652.84,2576,26433.0,42.79
BIMETAL, 05-Oct-2026,640.0,641.0,640.0,640.0,640.0,69,0.44,7,69.0,100.0
BIOCON, 05-Oct-2026,371.35,373.05,365.1,369.8,370.7,2121058,7835.54,32679,1241228.0,58.52
BIOFILCHEM, 05-Oct-2026,29.31,30.94,29.17,29.64,29.31,14099,4.22,156,7348.0,52.12
BIOPOL, 05-Oct-2026,51.75,52.0,48.8,49.3,51.3,18000,9.06,14,15600.0,86.67
BIRET, 05-Oct-2026,330.35,333.6,330.0,333.11,330.25,223984,743.83,15003,155310.0,69.34
BIRLACABLE, 05-Oct-2026,389.7,391.0,372.1,376.65,383.0,249466,946.54,7823,102448.0,41.07
BIRLACORPN, 05-Oct-2026,828.1,835.45,812.0,812.8,828.95,36748,300.8,4305,19793.0,53.86
BIRLAMONEY, 05-Oct-2026,112.23,115.86,110.71,112.15,112.82,19921,22.41,939,10654.0,53.48
BIRLANU, 05-Oct-2026,1425.0,1425.0,1361.1,1379.5,1391.2,3263,45.25,469,2339.0,71.68
BLACKBUCK, 05-Oct-2026,612.15,619.0,597.1,599.4,606.15,362727,2207.42,22738,201318.0,55.5
BLACKROSE, 05-Oct-2026,115.0,115.0,109.0,110.31,110.45,13885,15.4,459,10364.0,74.64
BLAL, 05-Oct-2026,160.9,160.9,153.5,156.84,157.83,8394,13.23,313,5658.0,67.41
BLBLIMITED, 05-Oct-2026,16.64,16.93,15.8,15.98,16.64,155815,25.12,1071,92161.0,59.15
BLEL, 05-Oct-2026,471.5,499.7,471.0,490.05,467.95,1679279,8248.68,36977,442838.0,26.37
BLIL, 05-Oct-2026,65.49,65.49,64.29,64.5,65.01,80170,51.74,2018,66536.0,82.99
BLKASHYAP, 05-Oct-2026,50.23,54.0,49.93,53.22,50.23,1836473,970.26,10837,571448.0,31.12
BLS, 05-Oct-2026,217.05,219.91,214.79,215.75,216.51,570077,1235.74,22213,270079.0,47.38
BLSE, 05-Oct-2026,324.95,327.8,316.0,319.15,322.05,438825,1404.7,7687,285733.0,65.11
BLUECLOUDS, 05-Oct-2026,20.25,20.75,19.4,19.61,19.88,2034648,404.66,4770,922936.0,45.36
BLUECOAST, 05-Oct-2026,22.0,22.0,20.9,21.06,22.0,1903,0.4,32,1861.0,97.79
BLUEDART, 05-Oct-2026,4546.3,4549.8,4458.1,4514.4,4496.8,6452,290.75,2794,2303.0,35.69
BLUEJET, 05-Oct-2026,546.8,546.8,528.8,531.5,541.8,300308,1608.08,19281,144894.0,48.25
BLUESTARCO, 05-Oct-2026,1476.0,1517.0,1460.4,1510.0,1459.6,367830,5512.39,25694,55648.0,15.13
BLUESTONE, 05-Oct-2026,780.5,797.65,778.2,790.65,787.95,509584,4026.26,22243,164908.0,32.36
BLUEWATER, 05-Oct-2026,578.95,579.5,550.7,567.05,579.5,14000,79.8,14,13000.0,92.86
BLUSPRING, 05-Oct-2026,150.0,151.54,142.95,143.92,147.82,223038,327.23,3690,89954.0,40.33
BMETRICS, 05-Oct-2026,39.9,39.9,39.65,39.65,36.6,3200,1.27,4,3200.0,100.0
BMISL, 05-Oct-2026,110.0,115.5,104.5,115.5,110.0,1846800,2069.53,812,1844400.0,99.87
BMLL, 05-Oct-2026,159.0,159.0,159.0,159.0,159.5,1000,1.59,1,1000.0,100.0
BMWVENTLTD, 05-Oct-2026,50.8,51.89,49.55,50.02,50.83,80304,40.44,1029,58504.0,72.85
BNAGROCHEM, 05-Oct-2026,232.5,239.22,219.0,238.45,227.83,159454,373.8,904,10656.0,6.68
BNKETFAXIS, 05-Oct-2026,568.21,569.22,562.8,563.05,571.22,3141,17.79,71,2440.0,77.68
BOHRAIND, 05-Oct-2026,15.13,15.13,14.01,14.01,14.74,4635,0.66,38,3964.0,85.52
BOMDYEING, 05-Oct-2026,103.4,104.3,101.02,101.54,102.63,384695,393.38,4620,153374.0,39.87
BONLON, 05-Oct-2026,41.0,41.0,39.59,39.76,39.97,6716,2.69,70,5213.0,77.62
BORANA, 05-Oct-2026,272.0,277.8,268.6,270.4,272.95,11307,30.69,594,5970.0,52.8
BOROLTD, 05-Oct-2026,287.0,294.4,277.05,278.35,280.2,257448,727.48,6174,106113.0,41.22
BORORENEW, 05-Oct-2026,455.9,458.9,440.5,442.7,449.6,241002,1073.19,18424,120276.0,49.91
BOROSCI, 05-Oct-2026,112.8,115.0,111.75,112.15,112.72,146287,165.77,1373,101751.0,69.56
BOSCH-HCIL, 05-Oct-2026,1999.0,2036.9,1973.0,1998.2,1967.2,115592,2313.34,18486,54605.0,47.24
BOSCHLTD, 05-Oct-2026,45550.0,46000.0,44610.0,44960.0,45480.0,41822,18840.63,18131,25349.0,60.61
BOSS, 05-Oct-2026,60.0,60.0,60.0,60.0,59.7,2000,1.2,1,2000.0,100.0
BPCL, 05-Oct-2026,301.5,306.55,294.3,296.95,300.6,7903107,23637.85,55603,4725402.0,59.79
BPL, 05-Oct-2026,45.0,45.8,44.0,44.39,45.29,20796,9.29,554,13257.0,63.75
BPLPHARMA, 05-Oct-2026,1769.2,1790.0,1670.0,1726.9,1720.4,12145,208.94,935,7380.0,60.77
BRACEPORT, 05-Oct-2026,65.4,75.0,65.0,66.5,65.4,33600,23.59,19,17600.0,52.38
BRAHMINFRA, 05-Oct-2026,157.65,157.65,140.44,143.02,148.85,13100,18.9,404,10066.0,76.84
BRANDMAN, 05-Oct-2026,163.0,163.0,157.0,160.0,163.95,24000,38.19,28,16000.0,66.67
BRIGADE, 05-Oct-2026,571.0,583.4,561.1,571.6,569.55,324478,1850.69,22062,162338.0,50.03
BRIGHOTEL, 05-Oct-2026,57.01,57.4,56.2,57.06,56.94,95219,54.29,1874,71441.0,75.03
BRIGHTBR, 05-Oct-2026,234.05,243.0,227.0,230.65,241.85,5668,13.23,232,5068.0,89.41
BRITANNIA, 05-Oct-2026,4778.0,4817.2,4734.1,4770.0,4778.0,204743,9749.46,17916,132347.0,64.64
BRNL, 05-Oct-2026,15.62,16.87,15.61,16.13,16.03,21855,3.59,251,17716.0,81.06
BROOKS, 05-Oct-2026,55.4,55.88,53.65,54.24,54.8,12783,7.01,231,11427.0,89.39
BSE, 05-Oct-2026,3052.0,3181.0,3036.0,3179.6,3046.0,6735475,210891.66,240506,3217060.0,47.76
BSE500IETF, 05-Oct-2026,37.0,37.69,36.2,37.08,37.17,477298,176.77,2129,397978.0,83.38
BSHSL, 05-Oct-2026,84.78,84.8,81.0,83.07,83.95,4676,3.87,144,3012.0,64.41
BSL, 05-Oct-2026,121.49,121.49,118.53,120.15,118.2,2251,2.71,57,2107.0,93.6
BSLGOLDETF, 05-Oct-2026,129.59,129.61,128.44,129.43,129.24,329349,425.71,2960,194591.0,59.08
BSLNIFTY, 05-Oct-2026,26.88,26.88,26.25,26.52,26.43,4012582,1064.23,9992,3193758.0,79.59
BSLSENETFG, 05-Oct-2026,72.08,74.16,71.95,73.49,72.82,3221,2.35,156,690.0,21.42
BSOFT, 05-Oct-2026,277.15,280.8,274.25,276.0,269.75,1555308,4312.59,39178,518819.0,33.36
BTML, 05-Oct-2026,7.39,7.39,6.97,7.15,7.09,65521,4.65,156,52151.0,79.59
BUILDPRO, 05-Oct-2026,1269.6,1284.0,1236.2,1265.9,1249.2,80785,1014.0,5544,55794.0,69.06
BULKCORP, 05-Oct-2026,79.8,79.9,79.75,79.75,79.85,4800,3.83,4,4800.0,100.0
BUTTERFLY, 05-Oct-2026,564.9,567.0,545.35,547.55,550.5,15707,87.74,1011,8304.0,52.87
BVCL, 05-Oct-2026,42.6,43.49,40.55,41.21,41.39,13402,5.65,209,9583.0,71.5
BYKE, 05-Oct-2026,28.5,30.25,28.5,29.66,28.81,25230,7.44,137,18898.0,74.9
C2C, 05-Oct-2026,188.7,188.7,167.0,176.15,189.15,120300,213.96,590,72150.0,59.98
CADSYS, 05-Oct-2026,38.0,38.0,37.95,37.95,39.9,2500,0.95,2,2500.0,100.0
CAMLINFINE, 05-Oct-2026,91.99,93.2,89.69,91.16,91.01,373342,339.76,4437,164261.0,44.0
CAMPUS, 05-Oct-2026,206.35,208.99,203.01,204.12,205.83,186812,383.38,5169,83340.0,44.61
CAMS, 05-Oct-2026,679.0,692.5,677.9,683.85,677.25,1632385,11177.8,54080,893808.0,54.75
CANARYS, 05-Oct-2026,28.5,28.5,26.9,28.4,27.45,60000,16.75,15,40000.0,66.67
CANBK, 05-Oct-2026,119.39,120.96,118.21,118.5,118.36,22263750,26572.86,138284,12660112.0,56.86
CANFINHOME, 05-Oct-2026,714.35,735.1,711.15,724.7,711.0,355842,2590.86,20061,207000.0,58.17
CANHLIFE, 05-Oct-2026,142.4,147.5,141.13,142.36,143.85,384965,554.42,9875,167993.0,43.64
CANTABIL, 05-Oct-2026,226.3,228.98,220.0,225.18,224.66,172213,385.12,3103,96079.0,55.79
CAPACITE, 05-Oct-2026,182.0,182.91,175.99,178.62,180.33,222639,397.8,4629,99477.0,44.68
CAPILLARY, 05-Oct-2026,560.0,564.7,538.0,546.1,554.7,108170,592.09,4256,52877.0,48.88
CAPINVIT, 05-Oct-2026,77.15,77.25,76.7,77.05,76.67,130918,100.77,2065,112544.0,85.97
CAPITALSFB, 05-Oct-2026,278.0,286.9,273.65,279.55,277.5,32415,90.5,1184,20240.0,62.44
CAPLIPOINT, 05-Oct-2026,2609.7,2625.8,2541.1,2604.0,2631.9,142329,3676.02,24828,52376.0,36.8
CARBORUNIV, 05-Oct-2026,1241.0,1280.1,1230.7,1267.6,1239.7,269403,3383.11,28730,131910.0,48.96
CARERATING, 05-Oct-2026,1602.7,1635.2,1590.2,1607.7,1602.7,53662,866.5,5095,39075.0,72.82
CARRARO, 05-Oct-2026,518.5,526.45,508.5,518.9,518.1,114896,594.48,9188,61967.0,53.93
CARTRADE, 05-Oct-2026,2806.0,2950.0,2804.2,2935.4,2806.6,267054,7779.05,30436,83466.0,31.25
CARYSIL, 05-Oct-2026,1058.7,1058.7,1021.0,1031.0,1044.8,92489,956.31,8672,51235.0,55.4
CASHIETF, 05-Oct-2026,1083.37,1083.95,1082.28,1082.41,1082.28,308464,3338.86,161,206685.0,67.0
CASTROLIND, 05-Oct-2026,199.05,201.5,197.75,199.51,199.04,2300283,4582.95,29528,1212389.0,52.71
CBAZAAR, 05-Oct-2026,5.2,5.3,5.2,5.3,5.45,16000,0.84,2,16000.0,100.0
CCAVENUE, 05-Oct-2026,15.25,15.45,14.95,14.99,15.28,11659060,1763.77,13497,7425167.0,63.69
CCCL, 05-Oct-2026,13.44,13.49,12.9,13.19,13.45,120507,15.89,480,94390.0,78.33
CCHHL, 05-Oct-2026,12.81,13.16,12.7,12.71,12.99,20247,2.6,155,15954.0,78.8
CCL, 05-Oct-2026,1056.6,1057.6,1033.1,1051.9,1056.6,179191,1871.06,21397,83825.0,46.78
CDSL, 05-Oct-2026,1248.0,1260.3,1237.4,1250.0,1242.5,915900,11441.78,39847,413058.0,45.1
CEATLTD, 05-Oct-2026,3286.6,3313.4,3244.1,3283.0,3286.6,26355,863.39,6694,9157.0,34.74
CEDAAR, 05-Oct-2026,11.55,11.55,10.45,10.5,11.0,16000,1.74,12,14000.0,87.5
CEIGALL, 05-Oct-2026,380.1,386.5,373.2,383.95,380.1,214295,815.28,5504,111596.0,52.08
CEINSYS, 05-Oct-2026,669.8,669.8,635.05,649.6,654.25,58702,379.23,4391,29893.0,50.92
CELEBRITY, 05-Oct-2026,6.26,6.69,6.06,6.41,6.26,13811,0.88,109,7534.0,54.55
CELLECOR, 05-Oct-2026,29.5,29.75,28.25,29.4,28.9,159000,46.38,46,108000.0,67.92
CELLO, 05-Oct-2026,323.1,341.9,323.1,340.05,323.1,945722,3177.11,32031,316843.0,33.5
CELLPOINT, 05-Oct-2026,16.75,16.75,15.35,15.85,16.05,13200,2.13,10,10800.0,81.82
CEMNTGROWW, 05-Oct-2026,13.95,13.95,13.38,13.62,13.6,46681,6.36,386,34030.0,72.9
CEMPRO, 05-Oct-2026,1198.0,1209.5,1150.1,1156.6,1178.9,237035,2765.41,21595,137128.0,57.85
CENTENKA, 05-Oct-2026,538.9,551.8,538.9,546.2,537.8,26663,145.76,3016,15408.0,57.79
CENTEXT, 05-Oct-2026,18.4,18.99,17.91,17.99,18.18,68850,12.51,678,47850.0,69.5
CENTRALBK, 05-Oct-2026,30.2,30.56,30.02,30.31,30.0,4478354,1357.46,17901,1566372.0,34.98
CENTRUM, 05-Oct-2026,19.99,20.4,19.3,19.7,19.9,371639,73.6,789,216015.0,58.12
CENTUM, 05-Oct-2026,4748.8,4750.0,4550.0,4584.1,4701.7,44652,2064.37,10210,17297.0,38.74
CENTURYPLY, 05-Oct-2026,662.25,682.0,662.25,680.05,666.45,65262,440.85,13393,41734.0,63.95
CERA, 05-Oct-2026,5096.5,5129.5,5014.5,5056.5,5096.5,7444,376.75,2396,4013.0,53.91
CESC, 05-Oct-2026,132.33,136.9,131.7,133.73,131.62,1606522,2156.16,41380,863370.0,53.74
CEWATER, 05-Oct-2026,253.45,267.0,250.6,259.1,253.45,98075,251.97,3725,51268.0,52.27
CGCL, 05-Oct-2026,250.6,251.98,245.15,247.06,249.23,1571868,3903.38,25055,819176.0,52.11
CGPOWER, 05-Oct-2026,885.05,894.2,877.75,882.3,879.0,1290292,11414.98,34691,558427.0,43.28
CGRAPHICS, 05-Oct-2026,152.05,153.0,150.5,150.85,148.8,22400,33.93,19,20800.0,92.86
CGVAK, 05-Oct-2026,158.99,158.99,145.11,147.99,147.24,1065,1.59,48,571.0,53.62
CHALET, 05-Oct-2026,836.8,844.4,825.25,841.45,830.25,136588,1142.12,13535,90352.0,66.15
CHAMBLFERT, 05-Oct-2026,400.3,406.3,395.0,397.6,399.3,432450,1724.45,20906,212352.0,49.1
CHANDAN, 05-Oct-2026,228.0,228.0,220.55,222.6,227.1,20000,44.64,25,12000.0,60.0
CHAVDA, 05-Oct-2026,59.85,60.0,59.5,59.5,59.85,6000,3.59,3,6000.0,100.0
CHEMBOND, 05-Oct-2026,178.22,183.02,176.5,177.94,177.64,4435,7.98,223,2593.0,58.47
CHEMCON, 05-Oct-2026,218.0,223.0,211.21,213.86,215.93,41413,90.16,1325,23225.0,56.08
CHEMCRUX, 05-Oct-2026,79.47,82.2,76.5,79.22,78.23,3767,2.98,76,1602.0,42.53
CHEMFAB, 05-Oct-2026,321.55,335.35,320.15,326.35,328.35,3357,11.04,192,1807.0,53.83
CHEMICAL, 05-Oct-2026,28.76,28.76,27.82,27.95,28.2,186930,52.42,1608,85707.0,45.85
CHEMPLASTS, 05-Oct-2026,191.55,204.0,191.55,196.93,191.56,805392,1609.56,16277,260845.0,32.39
CHENNPETRO, 05-Oct-2026,1345.9,1406.0,1325.1,1401.0,1346.4,1762387,24243.26,72768,540610.0,30.67
CHETANA, 05-Oct-2026,39.0,39.0,38.5,38.5,40.0,6400,2.47,2,6400.0,100.0
CHEVIOT, 05-Oct-2026,1172.0,1174.5,1160.1,1165.7,1167.0,386,4.51,90,334.0,86.53
CHOICEGOLD, 05-Oct-2026,144.05,146.3,144.05,145.93,145.74,15777,22.87,255,6414.0,40.65
CHOICEIN, 05-Oct-2026,719.4,736.0,719.4,726.0,719.4,737146,5359.3,9628,468815.0,63.6
CHOLAFIN, 05-Oct-2026,1590.0,1610.8,1580.0,1605.4,1580.0,1378981,22085.92,49311,787249.0,57.09
CHOLAHLDNG, 05-Oct-2026,1379.9,1409.7,1366.1,1404.4,1369.6,69925,972.45,10380,38488.0,55.04
CIEINDIA, 05-Oct-2026,377.0,380.85,374.4,378.0,376.35,91542,346.0,12327,42251.0,46.15
CIFL, 05-Oct-2026,20.7,21.15,20.4,20.49,20.76,240278,49.41,1762,202965.0,84.47
CINELINE, 05-Oct-2026,87.4,90.0,86.01,86.22,85.96,5158,4.5,282,3049.0,59.11
CINEVISTA, 05-Oct-2026,14.09,14.09,13.46,13.79,13.63,18109,2.5,97,13706.0,75.69
CIPLA, 05-Oct-2026,1334.3,1337.7,1321.0,1335.5,1344.0,1084209,14445.91,56931,645805.0,59.56
CITIUSINVT, 05-Oct-2026,116.5,117.0,115.12,115.63,115.99,10960,12.76,287,8235.0,75.14
CKKRETAIL, 05-Oct-2026,165.1,165.1,165.1,165.1,168.65,800,1.32,1,800.0,100.0
CLASSICEIL, 05-Oct-2026,50.5,51.0,50.5,50.6,51.05,6400,3.24,4,4800.0,75.0
CLAYCRAFT, 05-Oct-2026,162.0,171.9,162.0,169.4,167.2,22200,37.29,28,19200.0,86.49
CLEAN, 05-Oct-2026,805.0,817.3,792.15,799.8,803.05,185312,1489.56,14316,64493.0,34.8
CLEANMAX, 05-Oct-2026,1309.9,1331.8,1301.0,1303.3,1299.8,156077,2050.57,14132,59039.0,37.83
CLEDUCATE, 05-Oct-2026,58.49,58.98,55.02,55.02,57.91,11798,6.61,157,10947.0,92.79
CLSEL, 05-Oct-2026,280.95,286.2,277.25,283.1,281.95,31677,89.06,1439,14238.0,44.95
CLSL, 05-Oct-2026,62.85,62.85,62.85,62.85,62.9,2000,1.26,1,2000.0,100.0
CMLL, 05-Oct-2026,520.0,526.0,503.3,507.2,523.05,192091,989.25,6042,85397.0,44.46
CMNL, 05-Oct-2026,118.0,118.0,115.0,115.0,118.0,5250,6.06,5,4500.0,85.71
CMPDI, 05-Oct-2026,205.7,208.99,203.68,207.13,204.38,1019550,2106.04,19403,509105.0,49.93
CMRGREEN, 05-Oct-2026,224.57,225.6,220.1,221.48,223.38,272408,607.68,8127,130367.0,47.86
CMRSL, 05-Oct-2026,70.65,74.15,70.65,74.15,70.65,1600,1.16,2,1600.0,100.0
CMSINFO, 05-Oct-2026,221.68,222.0,217.16,218.98,220.69,696321,1527.88,17649,407629.0,58.54
CNL, 05-Oct-2026,1070.9,1086.7,1052.0,1071.9,1079.2,10873,116.46,1223,7044.0,64.78
COALINDIA, 05-Oct-2026,425.0,430.9,421.6,425.1,420.4,7764099,33064.45,103761,4676606.0,60.23
COASTCORP, 05-Oct-2026,35.55,36.19,35.45,35.68,35.82,36258,13.0,527,22507.0,62.07
COCHINSHIP, 05-Oct-2026,1295.9,1308.0,1279.3,1283.8,1287.0,678043,8738.09,20372,288350.0,42.53
COCKERILL, 05-Oct-2026,7920.0,8026.5,7826.0,7868.5,7989.0,1721,136.07,525,1007.0,58.51
COFFEEDAY, 05-Oct-2026,30.2,31.74,29.72,30.06,29.69,642940,193.63,2600,317005.0,49.31
COFORGE, 05-Oct-2026,1842.3,1888.0,1793.8,1852.0,1826.0,3693526,68284.44,114163,1716771.0,46.48
COHANCE, 05-Oct-2026,451.5,455.05,442.2,446.8,451.3,413013,1849.38,29855,194719.0,47.15
COLPAL, 05-Oct-2026,1741.0,1775.0,1737.0,1775.0,1735.0,173685,3047.65,14223,100983.0,58.14
COMFINTE, 05-Oct-2026,6.09,6.98,6.09,6.18,6.23,450195,29.04,864,174000.0,38.65
COMMOIETF, 05-Oct-2026,93.24,94.5,92.91,93.55,94.0,82728,77.41,1785,56102.0,67.82
COMPEAU, 05-Oct-2026,380.0,380.0,344.2,349.3,362.45,240,0.84,32,177.0,73.75
COMPUSOFT, 05-Oct-2026,13.05,13.4,12.61,13.0,13.05,19681,2.55,218,12934.0,65.72
COMSYN, 05-Oct-2026,263.05,270.0,256.8,259.55,262.4,527134,1374.01,6007,417417.0,79.19
CONCOR, 05-Oct-2026,445.0,446.6,434.5,441.45,442.0,949906,4182.41,20268,470256.0,49.51
CONCORDBIO, 05-Oct-2026,1394.7,1398.7,1352.5,1355.9,1374.1,55394,757.88,9357,20798.0,37.55
CONFIPET, 05-Oct-2026,87.4,88.49,85.12,86.18,86.05,1591393,1381.72,15622,669494.0,42.07
CONNPLEX, 05-Oct-2026,252.95,252.95,243.0,244.45,246.1,19200,47.4,20,14400.0,75.0
CONS, 05-Oct-2026,11.4,11.4,11.18,11.28,11.35,62755,7.06,289,34523.0,55.01
CONSUMAXIS, 05-Oct-2026,112.0,112.9,111.65,112.77,111.99,2963,3.34,38,1514.0,51.1
CONSUMBEES, 05-Oct-2026,120.93,122.5,120.92,122.1,121.58,81760,99.37,1311,32573.0,39.84
CONSUMER, 05-Oct-2026,11.12,11.2,11.09,11.15,11.06,564826,62.98,391,523688.0,92.72
CONSUMIETF, 05-Oct-2026,112.8,115.89,112.6,113.58,113.03,10424,11.81,286,4210.0,40.39
CONTI, 05-Oct-2026,9.8,9.8,9.8,9.8,10.1,6666,0.65,2,6666.0,100.0
CONTROLPR, 05-Oct-2026,624.0,625.25,599.05,616.3,618.0,19662,120.58,1751,10051.0,51.12
COOLCAPS, 05-Oct-2026,21.25,21.55,21.0,21.1,21.15,25000,5.32,16,17500.0,70.0
CORALFINAC, 05-Oct-2026,31.05,31.62,29.98,30.21,31.25,23876,7.28,234,15584.0,65.27
CORDELIA, 05-Oct-2026,101.5,105.95,100.17,100.83,100.91,668903,684.09,6624,312307.0,46.69
COREIN, 05-Oct-2026,78.65,82.55,77.25,82.55,78.65,80000,64.05,35,80000.0,100.0
COROMANDEL, 05-Oct-2026,1769.9,1809.8,1751.8,1801.4,1763.6,189198,3369.3,15060,129757.0,68.58
CORONA, 05-Oct-2026,2051.0,2070.0,2005.6,2034.2,2029.4,14222,288.45,4953,6988.0,49.14
COSMOFIRST, 05-Oct-2026,840.0,840.0,811.8,822.7,826.85,27709,228.0,2515,13850.0,49.98
CPCAP, 05-Oct-2026,133.01,142.0,131.35,134.45,140.85,17693,24.21,583,9592.0,54.21
CPEDU, 05-Oct-2026,170.1,180.0,170.1,179.47,176.36,6455,11.4,136,5198.0,80.53
CPL, 05-Oct-2026,61.56,63.9,61.01,62.73,62.46,34985,21.78,1930,10958.0,31.32
CPPLUS, 05-Oct-2026,3858.2,3989.5,3833.5,3989.5,3799.6,255914,10103.25,19621,166913.0,65.22
CPSEETF, 05-Oct-2026,89.78,91.3,88.66,90.09,89.78,732945,660.93,11010,417362.0,56.94
CRAFTSMAN, 05-Oct-2026,10280.0,10660.0,10183.0,10251.0,10266.0,60422,6256.27,24227,30979.0,51.27
CRAMC, 05-Oct-2026,219.0,224.0,218.69,220.23,216.52,278457,615.75,6499,128849.0,46.27
CRAVATEX, 05-Oct-2026,365.0,365.0,336.1,339.2,349.0,42,0.15,15,30.0,71.43
CRAYONS, 05-Oct-2026,24.0,24.0,23.95,23.95,25.0,2000,0.48,2,2000.0,100.0
CREATIVEYE, 05-Oct-2026,6.15,6.15,5.76,5.9,6.17,2267,0.14,95,1871.0,82.53
CREDENT, 05-Oct-2026,380.0,393.45,365.0,367.7,382.1,23400,87.55,39,18000.0,76.92
CREDITACC, 05-Oct-2026,1250.0,1280.0,1244.8,1251.5,1239.0,164807,2073.08,24872,75199.0,45.63
CREST, 05-Oct-2026,355.0,367.0,355.0,363.05,362.35,4641,16.83,131,3534.0,76.15
CRISIL, 05-Oct-2026,4428.6,4531.5,4401.0,4505.8,4428.6,26707,1200.07,9217,13951.0,52.24
CRIZAC, 05-Oct-2026,168.65,170.76,166.74,168.24,166.89,186832,314.43,3756,48063.0,25.73
CROMPTON, 05-Oct-2026,203.3,211.98,203.3,211.5,202.7,3915311,8227.6,58204,1091002.0,27.87
CROWN, 05-Oct-2026,114.92,114.92,109.0,111.06,111.53,6244,6.98,210,4380.0,70.15
CSBBANK, 05-Oct-2026,306.85,310.0,300.1,306.85,304.75,455102,1387.26,20461,199578.0,43.85
CSLFINANCE, 05-Oct-2026,205.2,211.99,205.2,209.79,208.34,17931,37.54,476,12848.0,71.65
CSM, 05-Oct-2026,93.78,95.0,92.33,93.68,94.25,293230,274.62,1753,215676.0,73.55
CSSL, 05-Oct-2026,70.25,75.5,70.25,73.5,69.6,8000,5.9,7,7000.0,87.5
CUB, 05-Oct-2026,232.0,232.65,225.5,227.65,230.04,1115230,2542.29,33136,472194.0,42.34
CUBEINVIT, 05-Oct-2026,155.95,156.0,154.9,155.02,155.03,143631,223.05,19656,119721.0,83.35
CUDML, 05-Oct-2026,100.2,102.6,100.15,102.6,106.95,14000,14.11,9,11000.0,78.57
CUMMINSIND, 05-Oct-2026,4864.2,4900.0,4789.2,4832.3,4860.0,707402,34141.26,47539,499512.0,70.61
CUPID, 05-Oct-2026,314.3,316.0,302.1,310.1,312.5,15766847,48871.37,154999,4471141.0,28.36
CURIS, 05-Oct-2026,208.0,208.0,207.0,207.0,206.5,6000,12.46,6,6000.0,100.0
CURRENT, 05-Oct-2026,98.0,98.0,98.0,98.0,96.0,4800,4.7,1,4800.0,100.0
CYBERTECH, 05-Oct-2026,139.9,153.0,137.2,139.1,135.95,186480,271.9,3909,81336.0,43.62
CYIENT, 05-Oct-2026,1115.0,1173.5,1110.0,1140.2,1104.6,1623849,18697.96,97347,408252.0,25.14
CYIENTDLM, 05-Oct-2026,895.0,952.0,895.0,946.8,893.9,591661,5554.99,37920,262432.0,44.36
DABUR, 05-Oct-2026,376.1,379.0,373.3,378.65,374.25,685009,2577.58,14851,249901.0,36.48
DALBHARAT, 05-Oct-2026,1682.1,1689.1,1655.0,1673.7,1682.1,20725,346.01,5015,9876.0,47.65
DALMIASUG, 05-Oct-2026,405.65,435.95,400.3,430.15,396.7,1092162,4659.47,31145,140497.0,12.86
DAMCAPITAL, 05-Oct-2026,146.56,150.19,146.01,146.75,146.56,220836,325.95,4342,82865.0,37.52
DANGEE, 05-Oct-2026,2.89,2.98,2.89,2.92,2.9,56532,1.65,112,46087.0,81.52
DANISH, 05-Oct-2026,955.55,975.0,922.0,933.1,953.5,32100,304.53,126,26700.0,83.18
DATAMATICS, 05-Oct-2026,790.95,799.0,766.05,769.75,790.3,61398,476.25,4153,26152.0,42.59
DATAPATTNS, 05-Oct-2026,4275.6,4316.8,4200.0,4226.5,4251.3,212079,9000.25,27902,51122.0,24.11
DAVANGERE, 05-Oct-2026,2.25,2.32,2.25,2.29,2.26,6379071,145.88,2579,3980318.0,62.4
DBCORP, 05-Oct-2026,175.0,177.19,170.01,171.08,172.52,113125,195.69,2730,53465.0,47.26
DBEIL, 05-Oct-2026,6.7,6.7,6.32,6.4,6.5,116394,7.52,347,67716.0,58.18
DBL, 05-Oct-2026,398.05,405.15,393.1,396.3,399.1,94930,377.72,3802,37046.0,39.02
DBOL, 05-Oct-2026,121.0,126.93,121.0,125.03,120.91,210180,261.62,4025,111509.0,53.05
DBREALTY, 05-Oct-2026,91.74,92.79,89.25,91.72,91.7,903606,822.72,11893,472788.0,52.32
DCAL, 05-Oct-2026,153.99,154.67,149.1,151.5,150.35,113660,172.67,3650,58667.0,51.62
DCBBANK, 05-Oct-2026,199.0,205.65,196.63,197.36,199.71,1142913,2272.14,26925,608641.0,53.25
DCG, 05-Oct-2026,75.0,75.0,72.6,72.6,76.4,12000,8.84,10,9600.0,80.0
DCI, 05-Oct-2026,339.55,344.7,324.0,343.15,342.95,128476,432.94,4715,52419.0,40.8
DCM, 05-Oct-2026,72.02,76.6,71.1,72.71,72.83,40530,29.64,216,23978.0,59.16
DCMFINSERV, 05-Oct-2026,5.07,5.33,4.75,5.02,5.07,20787,1.05,102,20518.0,98.71
DCMNVL, 05-Oct-2026,169.99,173.0,167.01,171.37,166.47,7872,13.44,257,6023.0,76.51
DCMSHRIRAM, 05-Oct-2026,910.6,1088.2,910.6,1044.55,906.85,971948,10145.17,38600,442161.0,45.49
DCMSIL, 05-Oct-2026,80.1,81.24,76.4,77.42,80.25,74037,58.18,2024,38769.0,52.36
DCMSRIND, 05-Oct-2026,37.69,45.22,37.31,39.06,37.69,6126018,2567.03,21019,636482.0,10.39
DCW, 05-Oct-2026,45.39,45.99,44.29,44.69,44.62,810989,363.79,5748,335799.0,41.41
DCXINDIA, 05-Oct-2026,159.96,162.9,156.0,156.82,158.99,214338,338.38,4953,80436.0,37.53
DDEVPLSTIK, 05-Oct-2026,248.2,252.0,242.25,243.13,247.61,104792,257.69,2270,67786.0,64.69
DECCANCE, 05-Oct-2026,552.0,560.0,543.4,552.05,548.95,5252,28.93,453,2852.0,54.3
DECCANTRAN, 05-Oct-2026,20.25,21.4,19.1,19.55,21.7,8400,1.71,7,6000.0,71.43
DECNGOLD, 05-Oct-2026,196.79,197.85,187.78,188.57,195.69,1071051,2048.61,17463,497803.0,46.48
DEEDEV, 05-Oct-2026,678.85,679.9,632.55,636.95,663.2,203639,1332.4,9554,122744.0,60.28
DEEPA, 05-Oct-2026,192.17,197.3,190.36,194.93,192.17,1705934,3310.55,23819,550880.0,32.29
DEEPAKFERT, 05-Oct-2026,1300.9,1322.5,1292.0,1297.7,1300.9,112778,1467.51,10785,48738.0,43.22
DEEPAKNTR, 05-Oct-2026,1497.9,1522.0,1488.2,1497.0,1492.8,108056,1621.14,13612,54049.0,50.02
DEEPINDS, 05-Oct-2026,750.9,762.9,731.4,747.05,749.0,111244,831.86,7843,50016.0,44.96
DEFENCE, 05-Oct-2026,74.4,76.97,74.4,76.68,76.31,201294,154.04,982,96124.0,47.75
DELAPLEX, 05-Oct-2026,96.95,97.0,95.0,96.7,94.5,10200,9.86,15,9000.0,88.24
DELHIVERY, 05-Oct-2026,403.25,404.85,398.0,400.3,400.0,2579997,10362.7,50159,1495171.0,57.95
DELTACORP, 05-Oct-2026,74.6,87.67,71.23,85.43,73.48,105531303,86228.56,381084,9680535.0,9.17
DELTAMAGNT, 05-Oct-2026,54.1,56.8,53.35,54.87,54.08,3862,2.13,59,2436.0,63.08
DELTIC, 05-Oct-2026,35.95,36.9,34.85,35.85,35.95,17000,6.11,16,15000.0,88.24
DEN, 05-Oct-2026,25.69,26.05,25.41,25.71,25.41,310933,80.18,1311,209614.0,67.41
DENEERS, 05-Oct-2026,172.15,177.95,167.5,172.1,173.55,9000,15.66,14,4200.0,46.67
DENORA, 05-Oct-2026,725.0,789.1,716.0,731.65,723.9,5451,40.2,842,3188.0,58.48
DENTA, 05-Oct-2026,263.0,264.9,255.3,260.35,260.65,50083,130.05,2356,21561.0,43.05
DENTALKART, 05-Oct-2026,458.0,465.0,437.2,465.0,459.0,5750,26.09,19,4500.0,78.26
DEVIT, 05-Oct-2026,21.1,21.9,20.5,20.52,20.75,19078,3.99,396,12702.0,66.58
DEVX, 05-Oct-2026,36.41,38.5,36.05,37.85,36.28,207604,78.15,2589,127766.0,61.54
DEVYANI, 05-Oct-2026,127.07,131.0,125.55,130.03,127.07,1377561,1766.01,17107,456925.0,33.17
DGCONTENT, 05-Oct-2026,25.0,25.59,24.7,24.91,25.43,6243,1.56,39,4235.0,67.84
DHAMPURSUG, 05-Oct-2026,171.19,179.98,171.19,176.85,171.06,818549,1447.49,15693,262500.0,32.07
DHANBANK, 05-Oct-2026,27.65,28.4,26.25,26.49,26.97,589132,157.49,3320,294903.0,50.06
DHANLAXMI, 05-Oct-2026,26.5,26.5,22.0,23.1,26.5,56000,13.27,21,38000.0,67.86
DHANSA, 05-Oct-2026,25.7,26.0,25.0,25.9,25.7,10000,2.57,4,10000.0,100.0
DHANUKA, 05-Oct-2026,930.9,938.2,899.5,907.4,935.05,19452,177.77,1947,10955.0,56.32
DHARARAIL, 05-Oct-2026,141.0,147.95,137.0,141.15,140.2,22000,31.51,19,18000.0,81.82
DHARIWAL, 05-Oct-2026,27.75,29.0,27.75,29.0,29.0,6000,1.7,2,6000.0,100.0
DHARMAJ, 05-Oct-2026,265.65,272.3,261.6,265.0,267.65,110832,295.25,3679,64037.0,57.78
DHATRE, 05-Oct-2026,4.04,4.08,3.91,3.93,4.02,21458,0.85,163,17517.0,81.63
DHOOTTRANS, 05-Oct-2026,1464.0,1531.9,1452.0,1521.8,1443.4,2028908,30399.4,104307,692964.0,34.15
DHRUV, 05-Oct-2026,19.74,19.97,18.76,19.51,19.74,16382,3.14,126,11660.0,71.18
DHTL, 05-Oct-2026,23.7,24.75,23.7,24.75,23.75,38400,9.28,7,37600.0,97.92
DHUNINV, 05-Oct-2026,962.5,996.0,960.0,972.1,967.3,562,5.51,76,397.0,70.64
DIAMINESQ, 05-Oct-2026,236.31,241.45,235.0,237.97,236.31,914,2.16,82,590.0,64.55
DIAMONDYD, 05-Oct-2026,1068.7,1105.1,1041.5,1058.8,1073.0,23745,251.58,1391,12398.0,52.21
DICIND, 05-Oct-2026,605.0,627.05,591.4,595.95,613.65,4076,24.67,253,2912.0,71.44
DIFFNKG, 05-Oct-2026,469.9,477.9,447.6,451.25,464.4,237686,1102.02,11607,86005.0,36.18
DIGIDRIVE, 05-Oct-2026,17.67,18.5,17.22,17.8,17.61,18543,3.31,271,12648.0,68.21
DIGIKORE, 05-Oct-2026,37.4,38.5,36.3,37.95,37.25,51600,19.52,44,44400.0,86.05
DIGISPICE, 05-Oct-2026,14.79,15.49,14.46,15.2,14.79,69082,10.36,254,55200.0,79.91
DIGITIDE, 05-Oct-2026,71.72,75.7,71.72,74.08,72.34,413727,305.39,4429,188308.0,45.52
DISAQ, 05-Oct-2026,11395.0,11740.0,11250.0,11487.0,11249.0,95,11.01,28,82.0,86.32
DISHTV, 05-Oct-2026,2.19,2.2,2.07,2.1,2.15,2049102,43.74,2100,1373464.0,67.03
DIVGIITTS, 05-Oct-2026,1148.9,1149.8,1106.4,1120.2,1136.4,79216,890.14,6841,33618.0,42.44
DIVIDEND, 05-Oct-2026,33.94,34.03,33.6,33.8,33.63,3524,1.19,72,3036.0,86.15
DIVINEHIRA, 05-Oct-2026,109.8,109.8,104.2,107.8,106.15,8400,9.02,5,6000.0,71.43
DIVISLAB, 05-Oct-2026,9251.0,9285.5,9113.5,9196.0,9249.0,480338,44061.13,40276,342890.0,71.39
DIVOPPBEES, 05-Oct-2026,72.08,72.74,71.77,72.29,71.98,52877,38.2,1357,26637.0,50.38
DIVYADHAN, 05-Oct-2026,40.85,40.85,40.85,40.85,43.0,2000,0.82,1,2000.0,100.0
DIXON, 05-Oct-2026,12729.0,12899.0,12692.0,12748.0,12700.0,211036,26998.69,41124,78613.0,37.25
DJML, 05-Oct-2026,73.15,74.19,70.41,73.11,72.61,52415,38.1,585,23754.0,45.32
DLF, 05-Oct-2026,664.9,676.5,664.0,673.0,658.4,3470586,23326.36,93704,1848398.0,53.26
DLINKINDIA, 05-Oct-2026,407.9,413.7,406.0,411.75,406.6,46246,189.73,2602,26172.0,56.59
DMART, 05-Oct-2026,3808.6,3808.6,3545.3,3567.0,3813.0,2550875,92411.92,142224,895622.0,35.11
DMCC, 05-Oct-2026,307.3,329.4,306.0,319.1,308.7,217114,696.2,6278,102646.0,47.28
DNAMEDIA, 05-Oct-2026,2.4,2.45,2.3,2.34,2.42,43193,1.02,177,28585.0,66.18
DODLA, 05-Oct-2026,1006.3,1021.5,1003.2,1015.6,1006.3,9309,94.25,1554,4740.0,50.92
DOLATALGO, 05-Oct-2026,64.0,65.5,62.0,62.4,62.86,75022,47.16,1104,51936.0,69.23
DOLLAR, 05-Oct-2026,270.9,277.0,268.85,274.4,272.1,70384,192.39,2287,40797.0,57.96
DOLLEX, 05-Oct-2026,39.98,39.98,36.5,37.16,38.24,16730,6.24,451,14879.0,88.94
DOLPHIN, 05-Oct-2026,630.1,646.75,600.0,621.0,628.1,23823,148.45,1753,11110.0,46.64
DOMS, 05-Oct-2026,2109.9,2109.9,2053.0,2079.8,2097.5,18688,388.05,5561,8475.0,45.35
DONEAR, 05-Oct-2026,82.3,82.3,80.01,80.22,80.29,8934,7.21,121,6441.0,72.1
DPABHUSHAN, 05-Oct-2026,1945.0,2200.0,1872.1,2130.5,1874.0,960721,19550.48,68803,237352.0,24.71
DPEL, 05-Oct-2026,625.05,625.05,606.0,608.5,618.75,21500,132.4,41,18500.0,86.05
DPWIRES, 05-Oct-2026,165.99,196.78,165.99,196.78,163.99,818001,1574.4,8467,187227.0,22.89
DRAGARWQ, 05-Oct-2026,5250.0,5294.0,5162.5,5215.0,5159.0,2781,144.68,581,2360.0,84.86
DRCSYSTEMS, 05-Oct-2026,13.02,13.5,12.8,13.04,13.02,42304,5.54,300,31752.0,75.06
DREAMFOLKS, 05-Oct-2026,61.5,61.9,60.06,60.5,61.5,26105,15.9,896,15907.0,60.93
DREDGECORP, 05-Oct-2026,895.2,936.0,895.2,903.9,895.2,107924,979.02,5722,47004.0,43.55
DRONE, 05-Oct-2026,32.1,32.85,32.0,32.55,33.1,20500,6.63,34,17000.0,82.93
DRREDDY, 05-Oct-2026,1198.0,1206.6,1189.0,1203.0,1206.2,3075974,36863.95,89115,1857594.0,60.39
DSSL, 05-Oct-2026,950.75,980.0,950.0,964.85,948.75,16450,158.58,2216,8234.0,50.05
DUCOL, 05-Oct-2026,123.4,124.1,122.25,122.25,120.9,10400,12.84,8,9600.0,92.31
DUCON, 05-Oct-2026,1.35,1.36,1.32,1.36,1.3,469110,6.32,222,465844.0,99.3
DUGLOBAL, 05-Oct-2026,22.2,22.2,21.8,21.8,21.75,5000,1.1,2,5000.0,100.0
DURLAX, 05-Oct-2026,64.4,64.4,63.0,63.4,65.25,40000,25.45,20,22000.0,55.0
DVL, 05-Oct-2026,278.4,280.4,270.5,271.65,278.7,5322,14.56,319,3522.0,66.18
DWARKESH, 05-Oct-2026,42.3,44.73,42.3,44.08,41.96,2644127,1162.6,13449,596519.0,22.56
DYCL, 05-Oct-2026,431.9,452.0,430.0,434.85,428.0,288948,1271.85,10651,106322.0,36.8
DYNAMATECH, 05-Oct-2026,13798.0,14375.0,13798.0,14251.0,13756.0,43998,6200.76,16044,17656.0,40.13
DYNAMIC, 05-Oct-2026,123.2,130.65,123.2,127.95,129.95,5000,6.32,10,3000.0,60.0
DYNPRO, 05-Oct-2026,224.67,229.49,218.25,220.44,224.58,7281,16.13,355,4687.0,64.37
E2ERAIL, 05-Oct-2026,323.0,330.0,310.2,312.25,322.8,43200,139.18,50,16000.0,37.04
EASEMYTRIP, 05-Oct-2026,5.8,5.83,5.76,5.77,5.76,6177377,357.06,5454,2976552.0,48.18
EASTWEST, 05-Oct-2026,2.36,2.4,2.24,2.32,2.29,51178,1.18,161,36747.0,71.8
EBANK10, 05-Oct-2026,16.19,16.19,16.05,16.05,16.19,957,0.15,14,639.0,66.77
EBANKNIFTY, 05-Oct-2026,55.74,56.99,54.56,56.95,55.24,3250,1.8,36,3148.0,96.86
EBBETF0430, 05-Oct-2026,1611.8,1611.8,1591.0,1605.61,1601.58,45038,723.2,856,42839.0,95.12
EBBETF0431, 05-Oct-2026,1434.56,1435.27,1425.0,1427.09,1427.59,11787,168.31,194,10554.0,89.54
EBBETF0433, 05-Oct-2026,1325.68,1325.68,1293.22,1298.98,1299.69,7010,91.02,183,4176.0,59.57
EBGNG, 05-Oct-2026,710.0,718.7,690.0,695.45,704.7,531082,3736.54,32413,210762.0,39.69
ECAPINSURE, 05-Oct-2026,22.84,23.2,22.62,22.94,22.73,85848,19.64,397,52050.0,60.63
ECLERX, 05-Oct-2026,1819.2,1898.0,1812.1,1884.3,1802.9,142484,2659.68,18436,68471.0,48.06
ECOLINE, 05-Oct-2026,185.0,186.5,181.1,182.0,179.15,46000,85.2,29,43000.0,93.48
ECORECO, 05-Oct-2026,390.0,427.45,388.8,427.3,388.6,14130,57.89,1186,8333.0,58.97
ECOSMOBLTY, 05-Oct-2026,105.53,108.0,103.81,105.44,105.01,72518,76.47,1264,54414.0,75.04
EDELWEISS, 05-Oct-2026,138.49,139.22,135.11,135.47,137.9,2456666,3365.98,28280,871859.0,35.49
EEPL, 05-Oct-2026,129.0,134.0,129.0,134.0,130.0,10000,13.34,9,10000.0,100.0
EFACTOR, 05-Oct-2026,194.75,199.25,172.05,175.6,185.75,7200,13.03,18,5600.0,77.78
EFCIL, 05-Oct-2026,172.99,174.64,168.01,168.74,171.2,153943,261.69,2095,93316.0,60.62
EFFWA, 05-Oct-2026,345.05,353.9,338.0,350.9,342.9,15200,52.55,35,7600.0,50.0
EFORCE, 05-Oct-2026,18.5,18.5,18.5,18.5,18.4,1200,0.22,1,1200.0,100.0
EGOLD, 05-Oct-2026,146.9,147.2,145.6,146.95,146.85,28284,41.49,745,19217.0,67.94
EICHERMOT, 05-Oct-2026,6975.0,7066.0,6901.5,7021.5,6920.0,381658,26699.59,48858,209504.0,54.89
EIDPARRY, 05-Oct-2026,675.0,698.0,675.0,691.95,674.55,191222,1320.93,19501,85257.0,44.59
EIEL, 05-Oct-2026,185.84,187.99,178.5,180.61,184.0,729200,1326.91,16967,329910.0,45.24
EIHAHOTELS, 05-Oct-2026,296.1,300.0,288.0,294.4,296.1,4180,12.35,420,2413.0,57.73
EIHOTEL, 05-Oct-2026,297.8,299.85,294.1,298.3,297.85,145139,431.6,8029,79666.0,54.89
EIMCOELECO, 05-Oct-2026,2288.8,2325.0,2236.2,2241.9,2268.8,24870,566.64,2656,12818.0,51.54
EKC, 05-Oct-2026,106.0,107.99,104.0,105.13,106.01,124137,130.76,2436,53939.0,43.45
ELANTAS, 05-Oct-2026,13599.0,13600.0,13118.0,13214.0,13474.0,1139,151.77,690,482.0,42.32
ELCIDIN, 05-Oct-2026,102155.0,102155.0,100500.0,102000.0,102155.0,5,5.09,5,4.0,80.0
ELDEHSG, 05-Oct-2026,782.25,788.0,766.3,773.55,782.25,629,4.9,53,594.0,94.44
ELECON, 05-Oct-2026,442.95,449.9,437.75,446.35,440.0,323898,1437.08,15916,93590.0,28.89
ELECTCAST, 05-Oct-2026,75.55,78.0,74.2,75.26,74.54,3013318,2284.77,23359,1286244.0,42.69
ELECTHERM, 05-Oct-2026,731.1,774.8,695.0,702.4,743.6,29147,208.62,1943,17176.0,58.93
ELEVATE, 05-Oct-2026,354.1,354.25,327.15,333.15,344.8,2576912,8697.07,62136,840886.0,32.63
ELGIEQUIP, 05-Oct-2026,585.4,594.7,582.5,591.2,584.65,301097,1774.89,28731,140450.0,46.65
ELGIRUBCO, 05-Oct-2026,52.9,53.17,51.01,51.56,51.38,38742,20.05,670,18700.0,48.27
ELGNZ, 05-Oct-2026,82.0,82.0,81.95,81.95,82.8,3000,2.46,3,2000.0,66.67
ELIN, 05-Oct-2026,80.09,81.22,78.0,78.97,79.73,183116,145.65,2364,117474.0,64.15
ELIQUID, 05-Oct-2026,1050.54,1050.54,1050.52,1050.52,1050.39,31601,331.98,16,27193.0,86.05
ELITECON, 05-Oct-2026,7.98,7.98,7.45,7.49,7.79,5648103,430.84,8909,3517832.0,62.28
ELLEN, 05-Oct-2026,343.8,347.1,331.0,332.55,341.7,723867,2429.94,17382,325774.0,45.0
ELM250, 05-Oct-2026,15.55,15.95,15.4,15.46,15.65,59399,9.27,386,45217.0,76.12
ELMDIV, 05-Oct-2026,35.41,35.41,33.63,34.39,34.72,742,0.26,24,548.0,73.85
ELPROINTL, 05-Oct-2026,172.01,174.75,171.82,174.59,174.31,12341,21.41,203,9106.0,73.79
EMAMILTD, 05-Oct-2026,373.1,378.5,371.0,377.75,372.65,1358087,5102.69,29901,837946.0,61.7
EMAMIREAL, 05-Oct-2026,67.14,69.65,67.14,68.06,67.14,7528,5.14,129,6486.0,86.16
EMAPARTNER, 05-Oct-2026,81.05,83.9,80.95,83.9,81.65,8000,6.56,7,3000.0,37.5
EMBASSY, 05-Oct-2026,429.95,429.95,426.51,427.16,428.71,412019,1762.54,20569,347089.0,84.24
EMBDL, 05-Oct-2026,57.48,58.3,55.35,56.05,56.13,1777659,1000.89,8584,660570.0,37.16
EMCURE, 05-Oct-2026,1935.0,1966.6,1917.3,1937.1,1944.6,67551,1308.5,14911,32534.0,48.16
EMETAL, 05-Oct-2026,13.04,13.27,12.48,12.58,12.78,13532,1.7,81,11187.0,82.67
EMIL, 05-Oct-2026,207.0,211.66,202.65,205.1,204.05,9139822,19009.79,76867,2217053.0,24.26
EMKAY, 05-Oct-2026,286.8,292.5,276.2,280.2,286.8,61240,173.05,1895,33626.0,54.91
EMKAYTOOLS, 05-Oct-2026,94.2,98.0,94.0,98.0,98.6,600,0.58,4,600.0,100.0
EMMBI, 05-Oct-2026,87.98,89.76,84.0,86.08,86.04,11635,10.03,249,5693.0,48.93
EMMIL, 05-Oct-2026,133.0,133.0,128.1,129.0,132.75,9500,12.31,32,8500.0,89.47
EMMVEE, 05-Oct-2026,309.0,309.0,290.45,296.25,305.9,3553362,10519.02,96565,1500585.0,42.23
EMPIND, 05-Oct-2026,1059.2,1059.2,1030.6,1034.0,1059.2,10650,110.22,260,10300.0,96.71
EMPOWER, 05-Oct-2026,1.47,1.61,1.47,1.61,1.54,43387876,678.41,5229,24216768.0,55.81
EMSLIMITED, 05-Oct-2026,335.0,337.35,324.3,327.8,331.55,121022,399.87,5002,58100.0,48.01
EMUDHRA, 05-Oct-2026,604.0,615.8,583.55,599.0,580.0,637155,3842.86,25837,179357.0,28.15
EMULTIMQ, 05-Oct-2026,39.36,40.96,39.36,39.91,40.16,10233,4.11,217,6791.0,66.36
ENCOMPAS, 05-Oct-2026,254.9,254.9,252.5,252.5,253.35,1200,3.05,3,800.0,66.67
ENDURANCE, 05-Oct-2026,2609.9,2617.0,2502.7,2526.5,2601.4,112901,2865.39,26930,63894.0,56.59
ENERGY, 05-Oct-2026,37.14,37.27,36.71,36.83,36.75,262728,97.02,1194,127932.0,48.69
ENERGYAXIS, 05-Oct-2026,18.02,18.75,18.02,18.36,18.27,18948,3.49,123,8173.0,43.13
ENERGYDEV, 05-Oct-2026,14.97,14.97,14.2,14.4,14.52,9299,1.34,249,6884.0,74.03
ENEXT50, 05-Oct-2026,69.66,69.66,68.95,69.21,68.98,235,0.16,11,235.0,100.0
ENGINERSIN, 05-Oct-2026,316.4,319.2,306.9,307.85,312.75,5190169,16220.77,61548,1504970.0,29.0
ENIFTY, 05-Oct-2026,22.18,23.87,22.18,22.79,22.75,23299,5.31,119,12617.0,54.15
ENIL, 05-Oct-2026,94.0,94.0,91.1,91.69,93.36,20891,19.24,354,19604.0,93.84
ENKEIWHEL, 05-Oct-2026,404.0,404.0,382.5,392.4,392.6,1756,6.88,69,1545.0,87.98
ENRIN, 05-Oct-2026,3357.1,3408.9,3316.4,3316.4,3334.0,616768,20698.54,60353,299060.0,48.49
ENSER, 05-Oct-2026,15.4,15.4,14.4,14.7,15.25,45000,6.71,8,40000.0,88.89
ENTERO, 05-Oct-2026,1699.0,1725.0,1649.0,1697.1,1680.8,80217,1353.64,13351,39872.0,49.71
ENVIRO, 05-Oct-2026,67.7,72.75,67.7,70.95,67.55,15000,10.55,15,9000.0,60.0
EPACK, 05-Oct-2026,173.75,173.99,167.36,168.13,171.59,242301,411.32,4742,125810.0,51.92
EPACKPEB, 05-Oct-2026,244.9,255.88,244.2,249.74,242.07,1070964,2693.65,27729,472004.0,44.07
EPIGRAL, 05-Oct-2026,990.0,1024.1,977.4,1017.3,982.2,60534,608.37,5035,33776.0,55.8
EPL, 05-Oct-2026,230.62,237.89,230.2,236.5,232.39,1435292,3364.03,25849,897147.0,62.51
EPWINDIA, 05-Oct-2026,275.0,275.0,240.0,242.7,270.0,9600,24.15,8,7200.0,75.0
EQUAL200, 05-Oct-2026,13.21,13.21,12.98,13.01,12.95,6963,0.91,69,6758.0,97.06
EQUAL50, 05-Oct-2026,315.32,315.32,308.6,310.43,309.14,16755,52.0,59,14802.0,88.34
EQUAL50ADD, 05-Oct-2026,320.32,325.0,319.29,322.16,320.32,18990,60.96,486,11677.0,61.49
EQUITASBNK, 05-Oct-2026,68.8,70.2,67.82,68.28,68.41,1626602,1121.6,12996,808387.0,49.7
ERIS, 05-Oct-2026,1189.8,1210.5,1177.0,1188.6,1189.8,49205,584.21,9227,34222.0,69.55
ESABINDIA, 05-Oct-2026,5520.0,5549.0,5450.5,5514.0,5500.5,1802,98.99,761,1028.0,57.05
ESCONET, 05-Oct-2026,255.0,255.0,237.0,242.65,246.8,30400,75.07,59,29200.0,96.05
ESCORTS, 05-Oct-2026,2667.3,2888.4,2664.3,2820.9,2667.3,222028,6187.96,36967,82815.0,37.3
ESDS, 05-Oct-2026,1362.4,1362.4,1362.4,1362.4,1434.1,59205,806.61,3463,59201.0,99.99
ESENSEX, 05-Oct-2026,73.26,73.8,72.6,73.41,72.6,179,0.13,34,129.0,72.07
ESFL, 05-Oct-2026,113.55,113.55,111.0,112.1,113.55,9720,10.91,22,7920.0,81.48
ESG, 05-Oct-2026,38.61,38.81,38.39,38.59,38.47,9178,3.54,93,8716.0,94.97
ESILVER, 05-Oct-2026,218.8,221.75,218.8,221.74,218.28,466594,1034.44,1027,453507.0,97.2
ESPRIT, 05-Oct-2026,63.25,65.5,63.25,63.9,62.35,8000,5.15,5,4800.0,60.0
ESSARSHPNG, 05-Oct-2026,17.5,17.94,16.47,17.04,17.18,418001,70.99,1776,197783.0,47.32
ESSENTIA, 05-Oct-2026,1.01,1.04,1.0,1.01,1.0,2071789,21.1,609,985762.0,47.58
ESTER, 05-Oct-2026,96.0,97.99,92.95,93.4,95.52,115591,110.49,1713,55233.0,47.78
ETERNAL, 05-Oct-2026,308.95,322.85,308.1,320.8,313.9,31037275,98363.92,150676,17853513.0,57.52
ETHOSLTD, 05-Oct-2026,2565.0,2610.0,2517.0,2602.3,2531.9,29281,753.61,7480,14632.0,49.97
ETL, 05-Oct-2026,1140.0,1155.0,1125.0,1155.0,1177.5,450,5.13,3,450.0,100.0
ETML, 05-Oct-2026,73.05,74.95,73.05,73.45,73.05,13200,9.67,8,13200.0,100.0
EUREKAFORB, 05-Oct-2026,351.0,356.0,340.6,342.15,352.5,354048,1229.65,27439,205709.0,58.1
EUROBOND, 05-Oct-2026,152.75,152.75,143.25,144.32,148.29,2318,3.35,78,2194.0,94.65
EUROPRATIK, 05-Oct-2026,192.99,192.99,181.0,183.41,190.42,145782,268.01,4218,71464.0,49.02
EUROTEXIND, 05-Oct-2026,16.25,16.51,15.73,16.51,15.73,10916,1.79,53,6982.0,63.96
EVEREADY, 05-Oct-2026,317.1,329.1,315.0,318.1,315.85,37300,118.59,2361,19890.0,53.32
EVERESTIND, 05-Oct-2026,484.0,486.0,452.65,478.15,475.3,28153,132.63,1254,14949.0,53.1
EVIETF, 05-Oct-2026,30.79,30.79,29.85,30.01,30.04,288534,86.5,1087,152306.0,52.79
EVINDIA, 05-Oct-2026,30.75,30.75,29.9,30.04,30.0,201966,60.66,2729,117902.0,58.38
EXCELINDUS, 05-Oct-2026,930.8,936.35,900.0,912.95,921.8,12996,118.68,1427,5881.0,45.25
EXCELSOFT, 05-Oct-2026,79.5,80.71,77.56,80.0,78.33,877532,697.38,6754,290956.0,33.16
EXICOM, 05-Oct-2026,152.3,154.99,149.33,150.77,151.1,471460,713.52,7833,145391.0,30.84
EXIDEIND, 05-Oct-2026,409.5,415.85,402.15,405.25,409.45,1713639,6961.25,49368,873429.0,50.97
EXIMROUTES, 05-Oct-2026,87.55,87.55,86.0,87.0,92.3,7200,6.23,8,4000.0,55.56
EXPLEOSOL, 05-Oct-2026,853.05,881.55,850.05,863.45,848.75,20948,182.11,2619,9728.0,46.44
EXXARO, 05-Oct-2026,6.1,6.25,5.99,6.05,6.04,3347942,200.95,587,3323719.0,99.28
FABTECH, 05-Oct-2026,142.02,144.79,140.01,141.87,142.01,35030,49.71,689,21126.0,60.31
FACT, 05-Oct-2026,740.0,745.6,729.05,731.75,734.95,66812,491.56,6695,20185.0,30.21
FAIRCHEMOR, 05-Oct-2026,699.95,729.9,678.0,682.25,661.5,72267,509.56,2843,26209.0,36.27
FASCINATE, 05-Oct-2026,77.6,77.6,77.6,77.6,73.95,8000,6.21,6,8000.0,100.0
FAZE3Q, 05-Oct-2026,434.0,436.9,421.0,425.0,433.05,13673,58.47,955,6957.0,50.88
FCL, 05-Oct-2026,55.68,55.85,53.21,54.03,55.72,18407766,9995.88,62056,5877453.0,31.93
FCSSOFT, 05-Oct-2026,1.39,1.41,1.38,1.38,1.38,1254766,17.46,1081,565559.0,45.07
FDC, 05-Oct-2026,337.1,339.9,328.6,331.3,335.9,90007,300.06,7686,38570.0,42.85
FEDDERSHOL, 05-Oct-2026,65.4,67.1,62.8,64.23,63.63,18059133,11786.98,66223,1242657.0,6.88
FEDERALBNK, 05-Oct-2026,318.95,328.2,318.5,327.35,318.2,7542230,24550.19,96271,4211030.0,55.83
FEDFINA, 05-Oct-2026,150.99,153.4,148.51,149.64,149.77,804305,1213.91,15313,340202.0,42.3
FELIX, 05-Oct-2026,193.0,194.35,185.0,187.9,193.0,28000,53.55,49,22000.0,78.57
FERMENTA, 05-Oct-2026,558.85,573.0,546.1,557.45,553.25,341567,1922.69,11799,108741.0,31.84
FIBERWEB, 05-Oct-2026,27.2,27.2,26.1,26.19,26.55,10430,2.75,98,8762.0,84.01
FICRF3GP, 05-Oct-2026,468.18,468.18,468.18,468.18,468.18,2,0.01,2,2.0,100.0
FIDEL, 05-Oct-2026,176.75,177.0,176.0,176.0,178.9,16000,28.24,8,11000.0,68.75
FIEMIND, 05-Oct-2026,1786.1,1816.9,1752.0,1763.1,1794.8,72879,1300.81,10367,39315.0,53.95
FILATEX, 05-Oct-2026,106.1,107.8,103.1,103.89,106.1,1569948,1652.95,12116,715956.0,45.6
FILATFASH, 05-Oct-2026,0.19,0.19,0.18,0.18,0.18,22802731,41.65,1791,17196074.0,75.41
FINBUD, 05-Oct-2026,126.0,126.0,118.05,119.45,126.3,44000,53.25,21,36000.0,81.82
FINCABLES, 05-Oct-2026,1458.8,1496.1,1454.0,1467.3,1458.8,499455,7363.52,38034,203451.0,40.73
FINEORG, 05-Oct-2026,5131.0,5300.0,5121.5,5210.0,5131.0,27037,1409.39,8361,11611.0,42.94
FINIETF, 05-Oct-2026,30.1,30.27,29.94,30.12,30.4,306947,92.5,1805,184898.0,60.24
FINKURVE, 05-Oct-2026,70.5,71.99,68.05,68.51,70.53,12875,8.93,377,9064.0,70.4
FINOPB, 05-Oct-2026,130.75,130.9,127.2,128.5,128.22,140754,181.04,1932,50146.0,35.63
FINPIPE, 05-Oct-2026,150.98,151.56,148.1,149.31,150.49,284792,425.31,11652,128221.0,45.02
FIRSTCRY, 05-Oct-2026,175.64,177.39,171.32,172.0,174.75,1030621,1793.75,15111,237565.0,23.05
FISCHER, 05-Oct-2026,33.5,33.83,32.66,32.8,33.46,335833,110.93,1421,233558.0,69.55
FIVESTAR, 05-Oct-2026,506.9,521.05,505.8,519.1,506.25,510918,2631.12,37711,291021.0,56.96
FLAIR, 05-Oct-2026,229.8,230.16,225.06,226.43,226.57,42988,97.62,1468,19464.0,45.28
FLEXIADD, 05-Oct-2026,9.37,9.47,9.35,9.41,9.37,384673,36.12,649,100426.0,26.11
FLUOROCHEM, 05-Oct-2026,4399.0,4493.5,4343.0,4429.8,4341.5,137290,6036.32,25321,76588.0,55.79
FLYSBS, 05-Oct-2026,609.0,641.0,606.0,626.05,605.95,90400,561.89,218,56400.0,62.39
FMCGADD, 05-Oct-2026,45.67,46.2,44.15,44.71,44.29,11638,5.16,217,4760.0,40.9
FMCGIETF, 05-Oct-2026,48.22,48.22,47.21,47.67,47.05,1219702,579.05,4043,870781.0,71.39
FMGOETZE, 05-Oct-2026,444.4,455.0,437.55,440.9,444.25,177056,788.16,6695,48465.0,27.37
FMNL, 05-Oct-2026,8.08,8.29,7.76,7.98,8.08,27663,2.2,318,19971.0,72.19
FOCUS, 05-Oct-2026,55.0,56.89,54.7,54.8,54.3,52696,29.3,578,37643.0,71.43
FONEBOX, 05-Oct-2026,130.35,130.35,130.35,130.35,137.2,5000,6.52,5,5000.0,100.0
FOODSIN, 05-Oct-2026,49.98,50.87,49.39,49.68,49.39,35389,17.64,527,26327.0,74.39
FORCAS, 05-Oct-2026,247.95,247.95,245.95,245.95,240.0,4800,11.84,2,4800.0,100.0
FORCEMOT, 05-Oct-2026,16945.0,16980.0,16520.0,16650.0,16800.0,62662,10459.68,20002,20897.0,33.35
FORGEAUTO, 05-Oct-2026,99.05,99.05,99.05,99.05,99.05,4800,4.75,3,4800.0,100.0
FORTIS, 05-Oct-2026,784.95,785.75,763.8,763.8,785.0,2115546,16355.95,70201,1088805.0,51.47
FOSECOIND, 05-Oct-2026,6430.0,6433.0,6250.5,6300.5,6382.5,8268,522.71,1914,3965.0,47.96
FRACTAL, 05-Oct-2026,728.7,746.05,718.7,725.05,727.35,235158,1715.42,18032,119589.0,50.85
FREDUN, 05-Oct-2026,1358.0,1398.0,1322.1,1363.2,1355.2,72372,976.85,7332,32625.0,45.08
FRESHARA, 05-Oct-2026,392.0,407.85,384.2,398.95,403.05,19800,77.46,32,18600.0,93.94
FROG, 05-Oct-2026,263.8,269.95,254.4,258.6,253.35,29200,76.24,66,16400.0,56.16
FRONTSP, 05-Oct-2026,1425.0,1460.0,1361.0,1387.4,1415.6,15592,216.33,1904,7417.0,47.57
FSL, 05-Oct-2026,254.55,259.35,252.1,257.4,250.4,885378,2262.19,20380,246891.0,27.89
FUSION, 05-Oct-2026,174.1,177.24,166.15,167.63,171.36,704680,1199.64,10273,445621.0,63.24
FWSTC, 05-Oct-2026,195.0,201.5,186.45,201.0,197.65,30600,58.44,23,24600.0,80.39
GABRIEL, 05-Oct-2026,1315.0,1332.6,1297.7,1303.6,1315.0,173231,2270.87,24653,61747.0,35.64
GAEL, 05-Oct-2026,158.04,161.2,155.49,158.28,157.69,578700,912.35,13280,278644.0,48.15
GAIL, 05-Oct-2026,171.62,173.6,166.44,167.5,171.22,9655433,16350.66,65202,5801626.0,60.09
GAJA, 05-Oct-2026,136.58,140.0,134.01,135.87,135.27,221532,301.39,3727,85067.0,38.4
GAJANAND, 05-Oct-2026,7.2,7.2,7.2,7.2,7.3,3000,0.22,1,3000.0,100.0
GALAPREC, 05-Oct-2026,1185.0,1200.0,1150.0,1160.1,1157.8,29427,344.91,3746,13325.0,45.28
GALAXYSURF, 05-Oct-2026,2375.0,2449.0,2324.0,2335.0,2376.9,47936,1138.63,9588,19105.0,39.86
GALLANTT, 05-Oct-2026,530.15,533.45,521.0,522.9,530.15,31526,165.92,2592,16743.0,53.11
GANDHAR, 05-Oct-2026,283.3,287.5,275.9,278.55,282.6,674552,1898.48,15566,326350.0,48.38
GANDHITUBE, 05-Oct-2026,988.05,1005.0,967.6,993.7,975.55,16367,161.94,1695,6938.0,42.39
GANECOS, 05-Oct-2026,976.3,994.8,959.5,966.6,976.2,44995,437.33,3567,15920.0,35.38
GANESHCP, 05-Oct-2026,151.98,153.48,146.86,147.51,148.85,66650,98.76,1857,36906.0,55.37
GANESHHOU, 05-Oct-2026,700.0,719.4,693.0,701.85,699.1,18915,132.39,1362,12002.0,63.45
GANESHIN, 05-Oct-2026,88.3,88.95,84.4,86.1,86.65,28800,24.84,31,23200.0,80.56
GANGABATH, 05-Oct-2026,22.65,22.65,21.2,21.3,21.95,51000,11.08,16,42000.0,82.35
GANGAFORGE, 05-Oct-2026,1.48,1.51,1.42,1.46,1.48,1264085,18.6,912,895482.0,70.84
GANGESSECU, 05-Oct-2026,115.69,115.69,112.42,112.86,113.99,1102,1.25,22,805.0,73.05
GARFIBRES, 05-Oct-2026,768.4,780.1,763.1,770.6,768.4,22696,175.24,2586,9809.0,43.22
GARUDA, 05-Oct-2026,173.7,174.35,170.07,171.1,172.18,243120,417.82,4630,102877.0,42.32
GATEWAY, 05-Oct-2026,51.99,52.77,51.1,51.49,51.88,567102,292.45,6363,299958.0,52.89
GAUDIUMIVF, 05-Oct-2026,109.44,111.81,101.36,103.25,109.48,681749,711.93,7729,400955.0,58.81
GAYAHWS, 05-Oct-2026,1.75,1.8,1.72,1.72,1.72,80523,1.41,283,60862.0,75.58
GAYAPROJ, 05-Oct-2026,22.44,22.87,21.32,21.45,22.44,637704,138.3,2624,394684.0,61.89
GCHOTELS, 05-Oct-2026,117.9,120.0,114.25,118.0,113.95,25200,29.5,38,13800.0,54.76
GCSL, 05-Oct-2026,680.25,688.5,674.6,681.75,679.9,266383,1811.7,4863,74797.0,28.08
GEECEE, 05-Oct-2026,373.3,385.0,365.2,365.9,373.3,1069,3.96,60,701.0,65.58
GEEKAYWIRE, 05-Oct-2026,29.5,31.9,29.5,31.42,29.21,90038,27.73,754,45635.0,50.68
GEMAROMA, 05-Oct-2026,156.85,156.85,152.0,152.61,155.28,29191,44.75,913,17821.0,61.05
GENCON, 05-Oct-2026,40.15,41.19,38.6,38.73,40.75,439739,174.06,1699,194173.0,44.16
GENESYS, 05-Oct-2026,282.0,299.2,282.0,287.4,281.35,862980,2511.41,17553,289423.0,33.54
GENUSPAPER, 05-Oct-2026,10.6,10.6,10.29,10.36,10.53,47875,4.97,238,33236.0,69.42
GENUSPOWER, 05-Oct-2026,282.0,286.0,277.05,280.25,280.0,824365,2315.24,18729,445786.0,54.08
GENXAI, 05-Oct-2026,85.0,85.0,79.8,83.2,85.9,84000,68.96,60,58800.0,70.0
GEOJITFSL, 05-Oct-2026,75.75,77.2,75.16,76.59,75.7,199514,152.44,3597,95559.0,47.9
GERMAN, 05-Oct-2026,142.0,142.81,125.5,128.33,139.0,26790268,36372.34,185971,9168903.0,34.22
GESHIP, 05-Oct-2026,1529.9,1570.5,1523.3,1559.3,1530.6,823469,12831.45,50096,472238.0,57.35
GFLLIMITED, 05-Oct-2026,55.23,56.25,54.51,54.89,55.23,50355,27.9,2481,23908.0,47.48
GGBL, 05-Oct-2026,220.05,224.9,216.95,218.0,217.45,13800,30.46,43,9600.0,69.57
GHCL, 05-Oct-2026,409.75,409.75,399.1,402.0,401.75,68956,276.91,3708,37508.0,54.39
GHCLTEXTIL, 05-Oct-2026,131.85,133.0,126.93,129.53,129.22,218382,282.14,5822,87323.0,39.99
GICHSGFIN, 05-Oct-2026,132.32,134.77,131.54,132.32,132.88,44376,58.86,1534,29231.0,65.87
GICRE, 05-Oct-2026,324.0,324.9,314.7,319.1,323.9,870442,2774.14,36484,473511.0,54.4
GILLANDERS, 05-Oct-2026,110.0,118.59,110.0,115.73,112.72,23286,26.93,394,10658.0,45.77
GILLETTE, 05-Oct-2026,6902.0,7025.0,6862.0,6979.0,6899.0,20086,1395.37,5122,12172.0,60.6
GILT10BETA, 05-Oct-2026,25.9,26.64,25.9,26.59,25.99,735,0.19,25,545.0,74.15
GILT5BETA, 05-Oct-2026,66.51,66.51,64.9,66.2,66.51,4106,2.69,33,3211.0,78.2
GILT5YBEES, 05-Oct-2026,64.42,65.73,64.42,65.63,65.73,335466,220.28,1210,198884.0,59.29
GIPCL, 05-Oct-2026,177.0,179.99,175.22,176.62,174.83,178897,317.78,5043,71916.0,40.2
GIRIRAJ, 05-Oct-2026,65.9,65.9,59.7,60.5,62.8,16500,10.07,44,13500.0,81.82
GJL, 05-Oct-2026,487.0,487.2,485.8,486.9,464.0,8000,38.94,10,8000.0,100.0
GKB, 05-Oct-2026,64.36,67.0,61.0,62.96,64.36,13417,8.59,96,12555.0,93.58
GKENERGY, 05-Oct-2026,115.87,117.99,111.81,112.29,114.76,361684,411.5,5000,167006.0,46.17
GKSL, 05-Oct-2026,198.0,199.0,183.02,190.34,194.27,5218727,9968.38,56512,532623.0,10.21
GKWLIMITED, 05-Oct-2026,1559.0,1559.0,1520.0,1549.5,1530.0,7919,122.67,89,7742.0,97.76
GLAND, 05-Oct-2026,2890.0,2920.0,2863.1,2911.5,2874.4,248980,7211.67,38827,178122.0,71.54
GLASSWALL, 05-Oct-2026,270.7,273.35,251.35,254.7,270.4,5836047,15258.89,64405,1408307.0,24.13
GLAXO, 05-Oct-2026,2771.1,2785.3,2710.1,2732.8,2771.1,24366,668.61,6355,9526.0,39.1
GLENMARK, 05-Oct-2026,2325.0,2340.5,2273.5,2295.0,2331.0,490378,11257.85,43734,245450.0,50.05
GLFL, 05-Oct-2026,5.49,5.49,5.22,5.22,5.49,17862,0.94,49,12877.0,72.09
GLOBAL, 05-Oct-2026,138.0,141.0,136.52,139.1,136.51,233073,323.42,3105,136583.0,58.6
GLOBALE, 05-Oct-2026,10.72,10.72,10.08,10.3,10.57,1175,0.12,23,1168.0,99.4
GLOBALPET, 05-Oct-2026,170.25,177.85,169.55,176.2,178.45,15750,27.6,19,11250.0,71.43
GLOBALVECT, 05-Oct-2026,131.1,134.8,128.32,132.08,131.04,2330,3.05,172,1333.0,57.21
GLOBE, 05-Oct-2026,2.14,2.18,2.07,2.07,2.11,229683,4.88,288,169708.0,73.89
GLOBECIVIL, 05-Oct-2026,41.49,42.99,40.51,41.23,41.49,17671,7.27,278,13657.0,77.28
GLOBUSSPR, 05-Oct-2026,788.1,798.1,785.0,789.85,786.9,44600,352.09,2740,28339.0,63.54
GLOSTERLTD, 05-Oct-2026,539.0,546.0,539.0,542.5,539.0,270,1.46,38,204.0,75.56
GLOTTIS, 05-Oct-2026,59.0,59.62,56.0,56.72,58.41,72527,42.01,1523,53759.0,74.12
GMBREW, 05-Oct-2026,964.0,972.0,946.0,947.9,952.0,74566,711.66,4158,42039.0,56.38
GMDCLTD, 05-Oct-2026,489.9,499.9,483.05,487.35,487.65,756347,3704.25,29709,293929.0,38.86
GMMPFAUDLR, 05-Oct-2026,1440.0,1465.3,1381.0,1386.6,1443.4,199853,2827.89,21233,91775.0,45.92
GMRAIRPORT, 05-Oct-2026,93.16,93.54,91.23,92.79,93.16,18285663,16875.57,41657,10305590.0,56.36
GMRP&UI, 05-Oct-2026,102.55,103.49,100.6,100.85,101.87,1003861,1023.16,13501,405287.0,40.37
GNA, 05-Oct-2026,588.5,591.8,575.65,585.05,580.7,234451,1368.08,9392,99642.0,42.5
GNFC, 05-Oct-2026,589.95,600.95,581.9,586.3,589.15,297893,1756.29,15722,129196.0,43.37
GNRL, 05-Oct-2026,97.4,98.3,95.51,96.77,97.18,98661,95.34,1274,39207.0,39.74
GOACARBON, 05-Oct-2026,410.0,410.25,397.0,403.25,402.9,28611,115.19,1351,17541.0,61.31
GOCLCORP, 05-Oct-2026,357.0,357.0,343.5,347.7,351.65,57133,199.68,3570,22695.0,39.72
GOCOLORS, 05-Oct-2026,296.0,300.0,290.1,292.8,294.95,52090,153.44,3340,23841.0,45.77
GODAVARIB, 05-Oct-2026,229.3,234.29,224.1,224.91,227.18,66276,150.64,1726,38597.0,58.24
GODFRYPHLP, 05-Oct-2026,1850.0,1894.0,1845.1,1876.0,1849.7,174573,3270.38,14550,48678.0,27.88
GODIGIT, 05-Oct-2026,256.3,257.95,252.6,256.05,256.3,228010,581.33,13513,106997.0,46.93
GODREJAGRO, 05-Oct-2026,633.5,651.45,626.65,640.9,631.9,220599,1414.49,18184,108395.0,49.14
GODREJCP, 05-Oct-2026,840.0,847.55,832.6,837.0,840.0,788467,6596.79,24282,469415.0,59.54
GODREJIND, 05-Oct-2026,1020.0,1046.0,1009.5,1040.2,1019.6,55338,571.44,8208,21928.0,39.63
GODREJPROP, 05-Oct-2026,1581.0,1616.7,1578.0,1599.9,1595.8,509332,8160.21,38808,255247.0,50.11
GOKEX, 05-Oct-2026,688.75,693.8,663.05,672.3,688.75,269843,1816.63,20129,141099.0,52.29
GOKUL, 05-Oct-2026,39.4,39.7,37.5,37.81,38.66,221939,85.52,801,70943.0,31.97
GOKULAGRO, 05-Oct-2026,210.1,211.89,204.1,205.27,210.1,251467,520.54,9123,157809.0,62.76
GOLD1, 05-Oct-2026,122.7,122.97,121.75,122.78,122.74,2029388,2485.99,10909,1187176.0,58.5
GOLD360, 05-Oct-2026,143.75,143.8,142.05,143.45,143.35,9856,14.09,240,5607.0,56.89
GOLDADD, 05-Oct-2026,14.28,14.4,14.17,14.28,14.28,6848499,976.2,10309,2439893.0,35.63
GOLDAXIS, 05-Oct-2026,121.85,122.64,120.5,122.4,122.36,1330492,1624.59,5785,834459.0,62.72
GOLDBEES, 05-Oct-2026,121.43,121.74,120.52,121.58,121.43,21006606,25455.15,158920,10028826.0,47.74
GOLDBETA, 05-Oct-2026,123.7,124.25,122.8,123.9,123.7,881163,1089.87,4980,715085.0,81.15
GOLDBND, 05-Oct-2026,146.8,147.28,145.6,147.06,146.75,33091,48.65,286,24878.0,75.18
GOLDCASE, 05-Oct-2026,23.25,23.25,22.92,23.13,23.18,34693141,7988.55,41405,21458027.0,61.85
GOLDETF, 05-Oct-2026,143.12,143.18,141.97,142.97,143.08,836811,1194.25,9778,479038.0,57.25
GOLDIAM, 05-Oct-2026,313.45,316.8,306.0,310.0,310.8,368723,1147.83,8608,159487.0,43.25
GOLDIETF, 05-Oct-2026,125.8,126.21,124.93,126.0,125.79,8426792,10588.79,62244,5598746.0,66.44
GOLDKART, 05-Oct-2026,104.0,104.0,104.0,104.0,107.0,625,0.65,1,625.0,100.0
GOLDSTAR, 05-Oct-2026,13.45,13.45,12.25,12.25,12.85,652500,86.27,50,483750.0,74.14
GOODLUCK, 05-Oct-2026,501.0,501.0,478.8,482.0,499.35,467075,2261.95,18203,206527.0,44.22
GOODYEAR, 05-Oct-2026,704.5,704.5,682.0,685.65,694.3,6070,41.76,822,4327.0,71.29
GOPAL, 05-Oct-2026,254.5,254.65,249.8,253.85,254.75,88594,223.66,5186,40394.0,45.59
GOYALALUM, 05-Oct-2026,5.93,5.97,5.82,5.95,5.91,41197,2.43,425,32610.0,79.16
GOYALSALT, 05-Oct-2026,102.0,102.0,102.0,102.0,106.0,600,0.61,1,600.0,100.0
GPECO, 05-Oct-2026,413.0,438.55,413.0,432.25,412.0,30600,130.95,124,23800.0,77.78
GPIL, 05-Oct-2026,215.66,218.8,210.42,211.32,215.67,1339172,2851.77,24216,740561.0,55.3
GPPL, 05-Oct-2026,166.7,169.0,165.54,167.6,165.88,1069321,1790.14,18832,553628.0,51.77
GPTHEALTH, 05-Oct-2026,151.0,154.35,148.8,149.56,151.47,65077,97.91,1659,36510.0,56.1
GPTINFRA, 05-Oct-2026,122.6,122.6,117.8,120.38,118.66,470025,565.73,6772,174124.0,37.05
GRANDOAK, 05-Oct-2026,35.99,36.5,34.07,35.93,34.8,1908,0.68,56,1280.0,67.09
GRANULES, 05-Oct-2026,820.95,824.65,800.0,817.25,821.75,575094,4670.34,35621,243114.0,42.27
GRAPHISAD, 05-Oct-2026,23.5,24.0,23.5,23.8,24.6,9600,2.27,8,6000.0,62.5
GRAPHITE, 05-Oct-2026,793.05,822.75,791.05,816.4,786.15,1578431,12809.87,55444,519076.0,32.89
GRASIM, 05-Oct-2026,2968.0,3024.0,2961.5,2972.0,2962.0,263562,7857.28,25337,143924.0,54.61
GRAUWEIL, 05-Oct-2026,83.5,84.9,80.31,83.53,81.8,466288,387.73,5241,177340.0,38.03
GRAVITA, 05-Oct-2026,1412.6,1440.8,1403.6,1423.5,1412.6,275082,3916.28,31494,133359.0,48.48
GRCL, 05-Oct-2026,574.0,574.0,571.15,571.15,574.0,500,2.86,2,500.0,100.0
GREAVESCOT, 05-Oct-2026,225.07,228.6,218.79,220.94,225.98,1324571,2951.6,27096,547159.0,41.31
GREENCHEF, 05-Oct-2026,69.95,69.95,69.95,69.95,69.95,800,0.56,1,800.0,100.0
GREENLAM, 05-Oct-2026,214.7,215.5,210.18,211.71,213.62,64031,135.95,1552,39313.0,61.4
GREENPANEL, 05-Oct-2026,158.4,161.2,156.23,159.06,158.59,272774,433.85,4376,188072.0,68.95
GREENPLY, 05-Oct-2026,303.7,314.0,303.3,308.45,303.7,209748,649.86,9240,93650.0,44.65
GREENPOWER, 05-Oct-2026,8.78,8.85,8.62,8.66,8.77,1454330,126.85,4642,742054.0,51.02
GRINDWELL, 05-Oct-2026,1990.0,2023.1,1973.5,2004.2,1975.8,78949,1577.33,14222,58341.0,73.9
GRINFRA, 05-Oct-2026,790.2,804.95,780.3,789.45,790.2,17050,134.9,1795,4589.0,26.91
GRMOVER, 05-Oct-2026,77.99,79.45,77.38,78.5,77.87,1011559,795.47,4640,192531.0,19.03
GROBTEA, 05-Oct-2026,879.0,879.0,872.0,872.8,878.5,10,0.09,3,5.0,50.0
GROWW, 05-Oct-2026,181.34,187.94,180.16,187.05,180.11,38074910,70080.23,191019,22486875.0,59.06
GROWWCAPM, 05-Oct-2026,10.93,11.34,10.71,10.88,10.67,999564,109.15,1274,587162.0,58.74
GROWWCHEM, 05-Oct-2026,28.06,28.5,27.81,28.24,28.36,33704,9.45,434,16686.0,49.51
GROWWDEFNC, 05-Oct-2026,92.57,92.57,90.65,91.87,91.65,228734,209.7,4500,156038.0,68.22
GROWWEV, 05-Oct-2026,29.52,30.98,29.52,30.07,30.05,476198,143.04,3717,401461.0,84.31
GROWWGOLD, 05-Oct-2026,14.32,14.38,14.23,14.35,14.32,2087835,298.79,7066,866037.0,41.48
GROWWHOSPI, 05-Oct-2026,49.0,49.3,46.9,46.99,47.85,660423,311.97,3381,470783.0,71.29
GROWWLIQID, 05-Oct-2026,111.02,111.03,111.02,111.02,111.01,149426,165.9,332,87194.0,58.35
GROWWLOVOL, 05-Oct-2026,9.82,9.87,9.66,9.79,9.82,15924,1.56,172,8946.0,56.18
GROWWMC150, 05-Oct-2026,217.92,220.1,214.0,218.98,217.92,629,1.37,69,545.0,86.65
GROWWMETAL, 05-Oct-2026,12.19,12.2,11.85,11.9,11.95,490772,58.71,2615,185376.0,37.77
GROWWMOM50, 05-Oct-2026,10.55,10.69,10.47,10.5,10.55,386277,40.69,916,339699.0,87.94
GROWWN200, 05-Oct-2026,10.64,10.83,10.6,10.66,10.64,830952,88.42,465,790391.0,95.12
GROWWNET, 05-Oct-2026,9.84,10.11,9.4,10.0,9.84,1715060,170.42,1143,1459537.0,85.1
GROWWNIFTY, 05-Oct-2026,9.16,9.26,8.89,9.17,9.12,819337,74.8,5620,544521.0,66.46
GROWWNXT50, 05-Oct-2026,69.52,71.66,69.1,70.68,70.94,10915,7.62,286,5642.0,51.69
GROWWPOWER, 05-Oct-2026,10.96,11.05,10.78,10.84,10.84,1566073,170.09,6070,849800.0,54.26
GROWWPSE, 05-Oct-2026,94.98,95.0,92.07,93.77,93.62,14102,13.21,197,11278.0,79.97
GROWWPSUBK, 05-Oct-2026,80.98,81.59,78.67,80.35,80.03,7440,6.0,230,3485.0,46.84
GROWWRAIL, 05-Oct-2026,25.96,26.41,25.83,26.08,26.1,282725,73.73,3270,149143.0,52.75
GROWWRLTY, 05-Oct-2026,9.33,9.6,9.32,9.48,9.37,65872,6.23,507,35702.0,54.2
GROWWSC250, 05-Oct-2026,10.19,10.4,10.11,10.18,10.19,98314,10.06,854,79479.0,80.84
GROWWSLVR, 05-Oct-2026,21.68,21.76,21.49,21.71,21.39,1201610,259.87,3286,424821.0,35.35
GRPLTD, 05-Oct-2026,1895.5,1911.9,1850.0,1868.9,1895.0,911,17.15,143,690.0,75.74
GRSE, 05-Oct-2026,2122.0,2158.8,2103.5,2110.4,2111.1,365792,7779.02,30227,140265.0,38.35
GRWRHITECH, 05-Oct-2026,6925.0,6960.0,6670.0,6725.5,6925.5,48501,3280.08,9737,24491.0,50.5
GSEC10ABSL, 05-Oct-2026,111.61,111.61,111.29,111.29,111.79,698,0.78,6,698.0,100.0
GSEC10ADD, 05-Oct-2026,26.3,26.3,26.15,26.15,26.54,31,0.01,3,31.0,100.0
GSEC10IETF, 05-Oct-2026,260.0,260.0,260.0,260.0,258.19,8,0.02,1,8.0,100.0
GSEC10YEAR, 05-Oct-2026,29.9,30.19,29.79,30.18,29.9,4323,1.29,31,4156.0,96.14
GSEC5IETF, 05-Oct-2026,66.12,66.12,65.27,65.39,65.7,4521,2.96,55,3900.0,86.26
GSFC, 05-Oct-2026,147.59,150.2,147.0,147.26,146.9,492857,729.83,9722,228634.0,46.39
GSLSU, 05-Oct-2026,29.53,30.0,29.1,29.2,29.96,51924,15.34,403,39731.0,76.52
GSMFOILS, 05-Oct-2026,75.1,75.95,71.6,72.15,74.7,101500,74.85,154,63500.0,62.56
GSPCROP, 05-Oct-2026,452.1,472.2,452.1,457.4,454.35,265067,1224.9,5034,17478.0,6.59
GSS, 05-Oct-2026,10.33,10.94,10.28,10.3,10.33,33786,3.51,298,18855.0,55.81
GSTL, 05-Oct-2026,10.4,10.45,10.4,10.45,10.85,2000,0.21,2,2000.0,100.0
GTECJAINX, 05-Oct-2026,37.67,37.67,37.67,37.67,35.88,16385,6.17,47,16385.0,100.0
GTL, 05-Oct-2026,6.82,7.03,6.71,6.75,6.82,315509,21.46,635,279980.0,88.74
GTLINFRA, 05-Oct-2026,1.08,1.09,1.04,1.06,1.07,31582248,334.54,13216,17034648.0,53.94
GTPL, 05-Oct-2026,54.31,56.18,54.12,54.47,55.39,12648,6.95,572,6777.0,53.58
GUFICBIO, 05-Oct-2026,416.4,425.2,410.55,419.7,418.4,73779,309.29,6812,35082.0,47.55
GUJALKALI, 05-Oct-2026,609.7,614.85,600.0,606.45,603.6,29834,180.84,2674,10852.0,36.37
GUJAPOLLO, 05-Oct-2026,314.1,346.05,314.1,340.45,324.85,10139,33.69,475,6974.0,68.78
GUJENERGY, 05-Oct-2026,231.22,235.0,230.02,232.15,230.07,803370,1865.83,26246,455917.0,56.75
GUJRAFFIA, 05-Oct-2026,40.27,42.74,39.5,39.5,40.27,2720,1.08,37,2717.0,99.89
GUJTHEM, 05-Oct-2026,379.1,390.4,371.2,373.6,381.8,169705,639.42,6547,85896.0,50.61
GULFOILLUB, 05-Oct-2026,1095.0,1106.5,1060.2,1068.7,1093.0,90269,969.26,6249,69900.0,77.44
GULPOLY, 05-Oct-2026,160.52,164.0,159.15,160.84,161.75,93047,149.92,2467,47223.0,50.75
GURUNANAK, 05-Oct-2026,34.0,34.0,33.0,33.0,33.5,4800,1.62,2,4800.0,100.0
GVPIL, 05-Oct-2026,699.8,713.0,690.0,704.35,679.5,239782,1686.16,11090,130177.0,54.29
GVT&D, 05-Oct-2026,4325.0,4337.9,4185.0,4247.5,4253.2,454653,19296.2,47691,214517.0,47.18
GYFTR, 05-Oct-2026,163.51,164.9,152.61,156.11,156.79,691560,1070.31,8401,346224.0,50.06
HAL, 05-Oct-2026,4601.0,4688.0,4601.0,4680.0,4601.0,465865,21715.53,52986,263181.0,56.49
HALDER, 05-Oct-2026,232.74,266.0,232.73,258.03,232.73,19066,47.32,401,5422.0,28.44
HALDYNGL, 05-Oct-2026,146.6,152.68,142.0,142.85,146.05,48070,69.94,1198,29616.0,61.61
HALEOSLABS, 05-Oct-2026,1504.5,1549.5,1490.6,1549.2,1490.0,2311,35.59,148,2129.0,92.12
HAMPTON, 05-Oct-2026,8.04,8.04,7.76,8.0,8.09,4594,0.37,37,4504.0,98.04
HAPPSTMNDS, 05-Oct-2026,305.7,309.65,303.0,304.2,304.7,476063,1457.43,12253,228189.0,47.93
HAPPYFORGE, 05-Oct-2026,2003.0,2065.6,1991.0,2013.2,2003.7,143370,2900.01,32784,80122.0,55.88
HARDWYN, 05-Oct-2026,9.15,10.5,8.99,9.34,9.19,3665570,356.17,7488,1577345.0,43.03
HARIOMPIPE, 05-Oct-2026,333.95,340.05,322.3,324.6,332.35,81939,268.99,3479,41929.0,51.17
HARRMALAYA, 05-Oct-2026,179.67,183.0,170.85,173.0,179.67,14823,25.86,470,9485.0,63.99
HARSHA, 05-Oct-2026,475.0,476.6,460.15,462.3,474.5,141186,660.31,7214,59824.0,42.37
HATHWAY, 05-Oct-2026,9.36,9.47,9.32,9.4,9.32,1463537,137.47,2243,672469.0,45.95
HATSUN, 05-Oct-2026,1110.1,1157.4,1110.0,1143.5,1118.1,41254,468.16,4666,17363.0,42.09
HAVELLS, 05-Oct-2026,1050.0,1060.5,1041.6,1046.7,1040.0,845006,8868.85,40266,453819.0,53.71
HAVISHA, 05-Oct-2026,1.31,1.4,1.31,1.4,1.35,13315,0.18,62,13115.0,98.5
HAWKINCOOK, 05-Oct-2026,8080.0,8120.0,7905.5,7977.0,8026.0,1141,90.94,598,651.0,57.06
HAZOOR, 05-Oct-2026,17.87,18.59,17.6,17.75,17.94,617372,111.06,2595,537570.0,87.07
HBESD, 05-Oct-2026,66.73,78.13,66.0,78.13,65.11,20755,16.02,218,15334.0,73.88
HBLENGINE, 05-Oct-2026,784.0,789.35,760.25,763.6,779.35,771121,5950.08,30632,291929.0,37.86
HBPOR, 05-Oct-2026,56.6,63.98,56.6,61.3,59.83,292,0.17,20,232.0,79.45
HBSL, 05-Oct-2026,53.2,57.03,53.2,55.82,57.03,2224,1.24,59,2048.0,92.09
HCC, 05-Oct-2026,20.3,20.59,19.95,20.0,20.23,11202334,2270.08,21222,4789563.0,42.76
HCG, 05-Oct-2026,664.1,670.9,658.65,669.05,668.75,40500,269.41,4540,19776.0,48.83
HCL-INSYS, 05-Oct-2026,10.23,10.3,9.9,10.0,10.04,205898,20.67,790,139671.0,67.84
HCLTECH, 05-Oct-2026,1243.7,1247.2,1196.5,1201.9,1243.1,3843425,46691.54,88780,1463806.0,38.09
HDBFS, 05-Oct-2026,622.1,625.6,615.15,622.55,618.2,308905,1917.6,29087,187368.0,60.66
HDFCAMC, 05-Oct-2026,2308.1,2369.5,2308.1,2346.0,2308.1,1244530,29244.29,47548,845481.0,67.94
HDFCBANK, 05-Oct-2026,731.95,734.2,701.25,704.8,721.2,66056690,472929.19,478412,41947959.0,63.5
HDFCBSE500, 05-Oct-2026,35.59,35.77,35.19,35.48,35.41,1567916,555.53,457,1516682.0,96.73
HDFCGOLD, 05-Oct-2026,125.55,125.89,124.65,125.72,125.58,3530908,4427.75,17338,2210480.0,62.6
HDFCGROWTH, 05-Oct-2026,111.98,111.98,109.2,109.95,109.96,13466,14.76,330,6768.0,50.26
HDFCLIFE, 05-Oct-2026,536.85,539.05,524.55,531.0,534.2,3381490,17919.28,42894,1677519.0,49.61
HDFCLIQUID, 05-Oct-2026,1080.61,1080.8,1080.61,1080.77,1080.61,29280,316.45,81,16191.0,55.3
HDFCLOWVOL, 05-Oct-2026,19.15,19.3,19.06,19.16,19.15,3718,0.71,142,2197.0,59.09
HDFCMID150, 05-Oct-2026,22.49,23.4,21.9,22.22,21.95,800828,176.83,2600,352681.0,44.04
HDFCMOMENT, 05-Oct-2026,30.37,30.37,29.5,29.71,30.11,298269,88.74,1481,213537.0,71.59
HDFCNEXT50, 05-Oct-2026,70.93,71.18,70.31,70.81,70.5,102791,72.74,1116,45611.0,44.37
HDFCNIF100, 05-Oct-2026,24.24,25.25,24.1,24.46,24.75,54474,13.34,657,36514.0,67.03
HDFCNIFBAN, 05-Oct-2026,56.49,56.87,56.05,56.23,56.2,66966,37.78,668,39928.0,59.62
HDFCNIFIT, 05-Oct-2026,30.39,31.0,29.99,30.15,29.87,134271,40.61,458,61446.0,45.76
HDFCNIFTY, 05-Oct-2026,247.86,260.57,247.86,254.91,254.22,495067,1257.13,1955,409323.0,82.68
HDFCNIMEG, 05-Oct-2026,126.82,126.82,124.22,124.97,124.33,5979,7.48,88,4576.0,76.53
HDFCPSUBK, 05-Oct-2026,80.53,82.09,80.52,81.09,80.52,27238,22.15,321,18126.0,66.55
HDFCPVTBAN, 05-Oct-2026,27.92,27.92,27.08,27.3,27.37,455677,124.0,957,263028.0,57.72
HDFCQUAL, 05-Oct-2026,54.86,55.28,54.68,55.06,54.86,7743,4.26,144,3135.0,40.49
HDFCSENSEX, 05-Oct-2026,81.41,82.69,81.41,82.04,81.84,84035,68.93,1181,52749.0,62.77
HDFCSILVER, 05-Oct-2026,209.38,212.5,209.38,212.02,208.74,2329815,4919.05,12864,1045342.0,44.87
HDFCSML250, 05-Oct-2026,178.1,179.59,176.52,178.32,177.81,1197364,2129.09,17630,650208.0,54.3
HDFCVALUE, 05-Oct-2026,118.11,119.17,115.75,118.12,118.11,10469,12.38,264,6710.0,64.09
HEADSUP, 05-Oct-2026,6.36,6.74,6.02,6.14,6.4,1991,0.12,111,1498.0,75.24
HEALTHADD, 05-Oct-2026,16.29,16.29,16.08,16.1,16.21,42909,6.92,221,11003.0,25.64
HEALTHAXIS, 05-Oct-2026,162.55,165.48,162.0,162.33,163.58,3124,5.09,151,1966.0,62.93
HEALTHCARE, 05-Oct-2026,21.44,21.44,20.8,20.81,21.02,50203,10.47,379,31233.0,62.21
HEALTHIETF, 05-Oct-2026,165.0,165.19,163.41,164.02,164.59,209046,342.59,2918,144101.0,68.93
HEALTHX, 05-Oct-2026,279.8,293.4,268.0,277.0,273.0,7384,20.12,256,5256.0,71.18
HEALTHY, 05-Oct-2026,16.76,16.76,16.26,16.41,16.47,424617,69.82,1664,339016.0,79.84
HECPROJECT, 05-Oct-2026,114.0,116.88,110.2,110.87,111.86,2220,2.48,138,1532.0,69.01
HEGAM, 05-Oct-2026,242.0,248.0,232.0,233.77,239.28,1455475,3473.29,26465,778203.0,53.47
HEIDELBERG, 05-Oct-2026,131.98,131.98,128.79,130.11,130.57,86609,112.52,2927,41869.0,48.34
HEMIPROP, 05-Oct-2026,112.0,113.25,110.21,111.53,111.5,255376,284.89,4089,141460.0,55.39
HERANBA, 05-Oct-2026,171.0,174.41,166.1,167.58,172.12,55404,93.56,1828,28305.0,51.09
HERITGFOOD, 05-Oct-2026,402.9,407.0,389.75,394.75,402.9,217577,867.3,6686,109701.0,50.42
HEROMOTOCO, 05-Oct-2026,5199.0,5205.5,4994.5,5089.5,5168.0,1072997,54519.22,85559,512603.0,47.77
HEROMOTORS, 05-Oct-2026,176.34,178.84,158.65,169.63,167.8,146252658,246807.29,793578,16605267.0,11.35
HESTERBIO, 05-Oct-2026,2164.7,2186.9,2090.2,2105.5,2126.8,2719,58.21,552,1400.0,51.49
HEXATRADEX, 05-Oct-2026,157.0,160.5,149.0,153.58,154.96,4186,6.42,74,2622.0,62.64
HEXT, 05-Oct-2026,493.95,505.9,489.8,495.15,490.45,206834,1026.68,13149,96002.0,46.41
HGINFRA, 05-Oct-2026,422.0,426.4,402.1,403.75,419.9,231876,948.5,12282,109477.0,47.21
HGM, 05-Oct-2026,42.89,42.89,38.14,38.97,40.36,14095,5.52,96,10667.0,75.68
HGS, 05-Oct-2026,367.0,372.95,361.4,364.95,367.05,7248,26.49,775,4389.0,60.55
HIGREEN, 05-Oct-2026,118.3,118.3,115.1,115.8,120.3,5600,6.55,7,4800.0,85.71
HIKAL, 05-Oct-2026,218.0,221.35,213.28,214.45,218.14,244700,530.04,5764,98218.0,40.14
HILINFRA, 05-Oct-2026,45.45,46.4,43.12,43.71,45.06,130532,57.64,1868,74952.0,57.42
HILTON, 05-Oct-2026,16.61,17.18,16.61,16.77,16.86,76089,12.84,364,50605.0,66.51
HIMALAYAN, 05-Oct-2026,85.0,86.0,81.0,84.85,103.0,3433200,2915.54,1344,3433200.0,100.0
HIMATSEIDE, 05-Oct-2026,65.0,65.82,62.6,64.64,64.15,603662,388.94,7220,218040.0,36.12
HINDADH, 05-Oct-2026,392.0,392.0,382.05,384.5,384.0,1008,3.88,80,879.0,87.2
HINDALCO, 05-Oct-2026,953.5,954.05,931.1,938.4,941.85,4401291,41351.92,110787,2576133.0,58.53
HINDALUMI, 05-Oct-2026,90.9,93.99,90.9,91.83,90.76,1333,1.23,72,780.0,58.51
HINDCOMPOS, 05-Oct-2026,414.95,425.05,395.5,400.65,380.8,46581,188.0,1269,30108.0,64.64
HINDCOPPER, 05-Oct-2026,466.05,481.0,465.15,478.65,462.15,5563749,26494.07,93099,2254682.0,40.52
HINDOILEXP, 05-Oct-2026,168.19,170.45,164.15,164.87,167.31,283729,471.81,6929,107927.0,38.04
HINDPETRO, 05-Oct-2026,345.05,351.25,340.4,342.35,345.0,2875288,9900.31,42091,1557381.0,54.16
HINDUNILVR, 05-Oct-2026,1845.1,1848.4,1828.0,1838.4,1836.0,975071,17894.64,58733,631635.0,64.78
HINDWAREAP, 05-Oct-2026,173.72,174.18,170.0,171.63,170.53,56164,96.4,1656,32980.0,58.72
HINDZINC, 05-Oct-2026,562.0,568.55,557.9,560.95,555.05,2343222,13198.28,36228,1042132.0,44.47
HIRECT, 05-Oct-2026,1123.8,1166.1,1097.6,1109.4,1123.8,51104,578.34,5240,21046.0,41.18
HISARMETAL, 05-Oct-2026,149.0,149.0,143.57,145.22,146.92,1221,1.78,86,1073.0,87.88
HITECH, 05-Oct-2026,71.62,72.38,69.85,70.05,71.42,397840,280.92,5139,215216.0,54.1
HLEGLAS, 05-Oct-2026,444.65,452.0,424.45,425.85,442.05,108277,473.31,4980,59432.0,54.89
HLVLTD, 05-Oct-2026,6.31,6.5,6.05,6.21,6.31,195354,12.12,694,136508.0,69.88
HMAAGRO, 05-Oct-2026,23.49,24.25,23.07,23.4,23.47,3179782,747.04,5246,2122310.0,66.74
HNDFDS, 05-Oct-2026,580.0,580.0,556.55,570.05,574.6,57425,325.28,4568,29718.0,51.75
HNGSNGBEES, 05-Oct-2026,500.0,500.0,452.0,457.63,455.1,93775,426.37,6131,65930.0,70.31
HOACFOODS, 05-Oct-2026,913.9,923.05,913.9,923.05,915.0,1875,17.27,5,1875.0,100.0
HOLMARC, 05-Oct-2026,120.0,123.75,119.95,123.75,120.0,9750,11.73,8,9750.0,100.0
HOMEFIRST, 05-Oct-2026,1122.6,1122.6,1075.1,1096.2,1125.7,379744,4131.91,49796,225275.0,59.32
HONASA, 05-Oct-2026,431.95,444.0,427.0,442.1,427.9,817839,3565.76,34050,435003.0,53.19
HONAUT, 05-Oct-2026,33845.0,34140.0,33595.0,33785.0,33470.0,1798,608.51,1287,722.0,40.16
HONDAPOWER, 05-Oct-2026,1919.9,1919.9,1848.0,1865.2,1886.3,2605,48.63,615,1292.0,49.6
HORIZONIND, 05-Oct-2026,48.65,48.92,47.56,47.75,48.65,2149178,1034.46,16838,1281681.0,59.64
HPAL, 05-Oct-2026,34.47,35.49,33.3,33.9,33.81,39685,13.45,593,23941.0,60.33
HPIL, 05-Oct-2026,113.5,114.8,105.65,110.64,114.44,347,0.38,41,254.0,73.2
HPL, 05-Oct-2026,265.4,272.0,263.5,264.75,267.2,53225,141.91,2752,24554.0,46.13
HPTL, 05-Oct-2026,432.0,451.0,430.0,431.0,431.0,3600,15.65,6,3600.0,100.0
HRYNSHP, 05-Oct-2026,108.0,108.0,92.2,96.65,97.98,1040,1.03,103,543.0,52.21
HSBCGOLD, 05-Oct-2026,128.8,129.8,127.01,128.04,127.95,1538,1.96,44,671.0,43.63
HSCL, 05-Oct-2026,665.95,672.5,656.5,659.85,665.15,876519,5808.63,22051,356179.0,40.64
HTEL, 05-Oct-2026,72.87,73.84,70.15,70.43,72.92,977060,700.48,9435,523737.0,53.6
HTMEDIA, 05-Oct-2026,22.01,22.74,22.01,22.14,22.38,32181,7.14,280,21076.0,65.49
HUBTOWN, 05-Oct-2026,177.35,178.5,166.99,168.09,177.42,425823,726.52,5712,245001.0,57.54
HUDCO, 05-Oct-2026,163.5,164.99,161.34,162.09,161.54,1688872,2750.65,25333,710979.0,42.1
HUHTAMAKI, 05-Oct-2026,232.95,234.8,226.1,227.52,232.72,103891,238.4,3982,61659.0,59.35
HVAX, 05-Oct-2026,695.0,695.0,680.0,680.0,709.9,900,6.23,4,900.0,100.0
HYBRIDETF, 05-Oct-2026,9.95,9.95,9.75,9.78,9.72,2589,0.25,49,2588.0,99.96
HYBRIDFIN, 05-Oct-2026,17.2,17.99,16.8,17.43,17.36,6826,1.18,74,5751.0,84.25
HYUNDAI, 05-Oct-2026,2023.9,2031.5,1981.9,2000.0,2024.0,328159,6568.18,22696,143805.0,43.82
IBULLSLTD, 05-Oct-2026,30.1,30.8,29.17,29.48,29.43,23357499,6949.73,19130,15361798.0,65.77
ICELCO, 05-Oct-2026,118.0,121.0,117.0,117.0,117.3,22800,27.05,19,15600.0,68.42
ICEMAKE, 05-Oct-2026,623.5,634.4,619.1,628.55,623.65,14078,88.01,1346,8123.0,57.7
ICICIAMC, 05-Oct-2026,3085.9,3095.6,3045.0,3061.2,3084.4,163817,5029.33,31299,86358.0,52.72
ICICIB22, 05-Oct-2026,111.63,111.63,107.6,109.88,108.91,164116,179.92,5492,87376.0,53.24
ICICIBANK, 05-Oct-2026,1311.0,1334.7,1303.7,1332.0,1310.6,13223493,174507.9,165406,8126759.0,61.46
ICICIGI, 05-Oct-2026,1563.0,1608.0,1561.1,1600.0,1563.0,1196366,19093.9,46380,698762.0,58.41
ICICIPRULI, 05-Oct-2026,448.0,457.0,446.05,454.9,448.05,1224982,5545.97,50850,569471.0,46.49
ICIL, 05-Oct-2026,445.9,456.6,443.55,446.2,443.65,171574,769.72,14486,69259.0,40.37
ICRA, 05-Oct-2026,4334.6,4340.0,4249.0,4297.5,4318.3,24260,1040.01,4343,14599.0,60.18
IDBI, 05-Oct-2026,87.0,88.01,85.35,86.31,86.57,11796166,10219.14,62476,4383042.0,37.16
IDEA, 05-Oct-2026,12.75,12.9,12.56,12.74,12.64,460591162,58530.41,575476,164503410.0,35.72
IDEAFORGE, 05-Oct-2026,731.2,733.5,698.25,701.65,735.0,334860,2363.53,19258,169968.0,50.76
IDFCFIRSTB, 05-Oct-2026,80.76,82.3,80.65,82.22,80.39,18439126,15088.4,63525,9138347.0,49.56
IDFNIFTYET, 05-Oct-2026,247.02,252.0,244.13,249.7,247.02,798,1.99,84,734.0,91.98
IEML, 05-Oct-2026,52.3,54.6,49.8,49.8,52.4,121500,63.29,123,116500.0,95.88
IEX, 05-Oct-2026,106.0,106.49,103.94,104.3,105.98,3096998,3246.63,31571,1387421.0,44.8
IFBAGRO, 05-Oct-2026,855.0,878.95,855.0,872.0,866.95,2243,19.36,325,1390.0,61.97
IFBIND, 05-Oct-2026,1175.0,1201.8,1140.0,1178.8,1166.2,34216,403.12,3718,15443.0,45.13
IFCI, 05-Oct-2026,65.5,66.93,63.93,64.28,65.14,33656348,21964.87,103118,5866757.0,17.43
IFGLEXPOR, 05-Oct-2026,192.2,195.3,182.15,183.99,189.57,29347,54.54,1411,18647.0,63.54
IGARASHI, 05-Oct-2026,395.65,403.55,388.45,389.65,398.95,31532,123.9,2041,15217.0,48.26
IGCL, 05-Oct-2026,54.62,55.93,53.0,53.4,54.62,64015,34.58,2051,31233.0,48.79
IGIL, 05-Oct-2026,317.9,320.7,311.0,316.25,311.95,422079,1334.09,10713,116272.0,27.55
IGL, 05-Oct-2026,142.79,143.57,141.5,142.1,142.79,948892,1352.29,37995,426954.0,45.0
IGPL, 05-Oct-2026,575.8,581.7,548.1,554.0,569.55,49844,281.68,2106,27831.0,55.84
IIFL, 05-Oct-2026,590.0,609.0,587.35,601.15,583.8,1622026,9695.98,48773,748550.0,46.15
IIFLCAPS, 05-Oct-2026,346.9,346.9,341.55,345.2,345.6,319157,1101.32,5033,206950.0,64.84
IITL, 05-Oct-2026,132.56,135.0,127.1,129.4,132.56,100228,133.0,965,11200.0,11.17
IKIO, 05-Oct-2026,195.0,200.0,190.21,192.22,190.96,91418,176.43,2996,27920.0,30.54
IKS, 05-Oct-2026,1791.0,1798.3,1742.5,1766.8,1776.4,119886,2125.0,13150,77877.0,64.96
IMAGICAA, 05-Oct-2026,50.85,51.99,48.61,48.76,50.7,488855,242.0,3063,289330.0,59.19
IMFA, 05-Oct-2026,1187.5,1204.8,1148.2,1158.9,1176.8,93925,1094.89,10421,46692.0,49.71
IMPAL, 05-Oct-2026,1021.0,1040.0,1002.0,1026.2,1009.1,2317,23.67,293,1539.0,66.42
INA, 05-Oct-2026,87.95,89.22,83.05,83.44,87.02,619352,523.57,5253,352848.0,56.97
INCREDIBLE, 05-Oct-2026,32.46,32.46,30.6,31.48,31.37,26959,8.5,191,18744.0,69.53
INDBANK, 05-Oct-2026,25.7,25.7,25.0,25.17,25.2,22541,5.68,271,15211.0,67.48
INDGN, 05-Oct-2026,598.25,605.5,588.0,598.45,593.5,510522,3056.72,30939,303763.0,59.5
INDHOTEL, 05-Oct-2026,713.0,726.6,713.0,725.0,718.0,3696656,26674.1,49928,2467143.0,66.74
INDIACEM, 05-Oct-2026,295.0,302.0,290.0,299.05,295.15,143087,426.91,8279,56732.0,39.65
INDIAGLYCO, 05-Oct-2026,300.0,307.8,296.05,303.35,298.8,285941,867.53,8985,90176.0,31.54
INDIAMART, 05-Oct-2026,1620.3,1648.0,1565.1,1591.5,1620.3,61789,986.85,10576,27433.0,44.4
INDIANB, 05-Oct-2026,801.75,817.9,801.75,810.0,793.15,1043196,8435.89,41061,465970.0,44.67
INDIANCARD, 05-Oct-2026,188.37,191.99,181.24,184.82,188.37,1899,3.53,42,1436.0,75.62
INDIANHUME, 05-Oct-2026,346.1,347.85,334.05,335.7,346.1,23630,79.98,2333,10112.0,42.79
INDIASHLTR, 05-Oct-2026,645.0,653.6,636.7,646.6,645.6,225850,1462.03,14459,163315.0,72.31
INDIFRA, 05-Oct-2026,11.7,11.7,11.65,11.65,12.25,6000,0.7,3,4000.0,66.67
INDIGO, 05-Oct-2026,4945.0,4999.0,4907.7,4935.0,4929.9,404828,20002.55,46032,189103.0,46.71
INDIGOPNTS, 05-Oct-2026,1049.3,1064.2,1033.1,1040.0,1053.5,56278,586.89,10572,33769.0,60.0
INDIGRID, 05-Oct-2026,169.85,173.51,169.51,169.75,169.85,682473,1159.91,18093,633013.0,92.75
INDIQUBE, 05-Oct-2026,200.0,200.0,193.81,197.4,197.49,101074,197.96,1070,74539.0,73.75
INDNIPPON, 05-Oct-2026,1237.9,1253.6,1205.0,1220.3,1224.4,40393,493.8,4982,15448.0,38.24
INDOAMIN, 05-Oct-2026,136.55,150.0,136.55,143.31,136.52,590272,853.91,9029,226192.0,38.32
INDOBORAX, 05-Oct-2026,476.55,478.8,457.4,460.65,469.5,82751,387.52,3219,41048.0,49.6
INDOCO, 05-Oct-2026,252.0,255.65,244.1,246.8,251.75,311539,772.84,8692,115254.0,37.0
INDOFARM, 05-Oct-2026,133.99,133.99,128.5,129.43,131.77,74848,97.64,1808,38599.0,51.57
INDOKEM, 05-Oct-2026,602.35,602.35,585.0,598.25,603.7,1304,7.78,204,705.0,54.06
INDOMIM, 05-Oct-2026,1292.0,1333.9,1284.9,1320.4,1271.8,939096,12370.2,40906,419600.0,44.68
INDORAMA, 05-Oct-2026,97.95,99.79,93.15,93.69,95.81,760868,731.88,8078,311714.0,40.97
INDOSTAR, 05-Oct-2026,205.76,210.05,202.56,204.33,206.35,45587,93.6,1375,23433.0,51.4
INDOTECH, 05-Oct-2026,3414.6,3473.3,3251.1,3275.4,3347.6,24448,822.51,3620,13934.0,56.99
INDOTHAI, 05-Oct-2026,36.7,36.94,35.42,36.94,35.19,957718,350.31,3936,554513.0,57.9
INDOUS, 05-Oct-2026,81.0,81.0,74.15,75.5,76.75,13152,10.01,693,7314.0,55.61
INDOWIND, 05-Oct-2026,8.44,8.74,8.3,8.41,8.44,122499,10.44,597,59591.0,48.65
INDPRUD, 05-Oct-2026,6305.0,6350.0,6290.0,6350.0,6255.5,27,1.7,7,26.0,96.3
INDRAMEDCO, 05-Oct-2026,341.85,342.25,331.55,333.95,338.6,119110,399.54,6526,66203.0,55.58
INDSWFTLAB, 05-Oct-2026,399.0,410.0,383.75,385.75,395.15,346248,1349.39,8599,172172.0,49.73
INDTERRAIN, 05-Oct-2026,29.22,29.5,29.15,29.36,29.22,8392,2.45,57,7051.0,84.02
INDUSINDBK, 05-Oct-2026,891.6,900.25,880.7,886.6,886.85,2459043,21814.56,62601,1474618.0,59.97
INDUSINVIT, 05-Oct-2026,128.18,130.7,127.8,128.8,128.18,535595,691.13,15556,502052.0,93.74
INDUSTOWER, 05-Oct-2026,381.4,381.45,375.25,380.2,376.25,5862757,22236.01,68912,3948476.0,67.35
INFINIUM, 05-Oct-2026,317.4,320.85,306.0,311.8,314.25,11500,35.96,23,9500.0,82.61
INFLUX, 05-Oct-2026,250.1,273.6,250.0,265.65,256.0,55800,147.25,86,36600.0,65.59
INFOBEAN, 05-Oct-2026,144.22,151.69,144.22,148.08,143.58,244306,361.97,3680,81519.0,33.37
INFOLLION, 05-Oct-2026,168.4,168.4,153.2,160.4,154.0,19200,31.19,36,13600.0,70.83
INFOMEDIA, 05-Oct-2026,5.54,5.54,5.16,5.21,5.32,9684,0.51,60,7312.0,75.51
INFRA, 05-Oct-2026,11.63,11.63,11.41,11.44,11.4,21735,2.49,193,17638.0,81.15
INFRABEES, 05-Oct-2026,899.38,900.51,891.3,898.85,895.24,22520,201.84,849,8629.0,38.32
INFRAIETF, 05-Oct-2026,89.52,92.0,89.02,90.15,89.2,100848,90.46,2825,51987.0,51.55
INFY, 05-Oct-2026,1050.0,1052.3,1010.0,1020.5,1035.0,12126808,124279.92,190921,5083314.0,41.92
INGERRAND, 05-Oct-2026,4158.8,4224.1,4135.0,4154.2,4158.8,7413,309.23,1892,3630.0,48.97
INM, 05-Oct-2026,141.0,141.0,140.0,141.0,140.05,4200,5.92,7,4200.0,100.0
INNOMET, 05-Oct-2026,292.0,294.0,277.0,281.0,280.0,27000,77.29,36,26400.0,97.78
INNOVACAP, 05-Oct-2026,1168.5,1193.0,1119.8,1145.4,1168.0,102598,1171.93,11498,44288.0,43.17
INNOVANA, 05-Oct-2026,292.85,304.85,287.55,302.3,290.2,27710,82.37,784,3976.0,14.35
INNOVISION, 05-Oct-2026,258.0,258.0,248.0,254.25,253.0,15235,38.47,691,10735.0,70.46
INOXGREEN, 05-Oct-2026,159.0,160.0,147.65,149.95,159.0,3846331,5807.76,30388,2776793.0,72.19
INOXINDIA, 05-Oct-2026,2170.0,2202.2,2074.9,2089.1,2168.3,300602,6380.26,38139,122112.0,40.62
INOXWIND, 05-Oct-2026,69.0,69.88,67.6,67.8,68.75,5978012,4096.79,25262,2173486.0,36.36
INSECTICID, 05-Oct-2026,578.85,593.45,566.15,578.8,568.7,15020,86.4,999,6869.0,45.73
INSPIRISYS, 05-Oct-2026,84.0,85.79,83.0,83.02,83.83,5653,4.74,38,4871.0,86.17
INSUREIETF, 05-Oct-2026,14.6,14.73,14.5,14.54,14.6,589446,85.88,353,307889.0,52.23
INTEGRITY, 05-Oct-2026,191.5,191.5,191.5,191.5,184.0,1200,2.3,1,1200.0,100.0
INTELLECT, 05-Oct-2026,619.0,619.0,593.65,600.2,610.95,306571,1848.83,26007,164873.0,53.78
INTENTECH, 05-Oct-2026,81.56,81.56,80.0,80.58,81.98,19297,15.55,230,13254.0,68.68
INTERARCH, 05-Oct-2026,1664.6,1685.1,1641.6,1661.7,1666.9,35888,595.02,3943,20113.0,56.04
INTERNET, 05-Oct-2026,13.31,13.52,13.28,13.46,13.2,120023,16.09,287,65094.0,54.23
INTLCONV, 05-Oct-2026,82.3,82.3,80.0,80.06,80.03,34181,27.5,428,23081.0,67.53
INVENTURE, 05-Oct-2026,0.86,0.86,0.85,0.85,0.85,449348,3.83,286,449226.0,99.97
INVICTA, 05-Oct-2026,66.1,66.1,66.1,66.1,66.55,1600,1.06,1,1600.0,100.0
IOB, 05-Oct-2026,30.5,31.9,30.5,31.35,30.38,4689838,1466.37,30479,1660074.0,35.4
IOC, 05-Oct-2026,132.48,134.35,129.8,130.5,131.34,9644919,12673.8,71876,4840473.0,50.19
IOLCP, 05-Oct-2026,211.48,214.4,204.35,205.71,209.39,2946260,6160.06,40615,966302.0,32.8
IONEXCHANG, 05-Oct-2026,405.05,410.0,397.1,401.75,406.4,203327,817.82,14108,91546.0,45.02
IPCALAB, 05-Oct-2026,1973.7,1984.9,1930.3,1951.3,1943.2,210605,4131.17,32579,123481.0,58.63
IPHL, 05-Oct-2026,68.8,68.8,68.8,68.8,72.65,3600,2.48,2,3600.0,100.0
IPL, 05-Oct-2026,132.0,132.0,128.1,128.75,130.68,167598,216.72,2468,103382.0,61.68
IPRINGLTD, 05-Oct-2026,135.05,144.0,135.0,137.15,141.95,1997,2.76,67,1493.0,74.76
IPSL, 05-Oct-2026,190.0,219.0,190.0,210.0,185.9,13500,26.85,7,10500.0,77.78
IRB, 05-Oct-2026,17.05,17.3,16.8,16.87,17.0,10276300,1741.94,23245,5113686.0,49.76
IRBINVIT, 05-Oct-2026,64.09,64.24,63.7,63.93,63.8,593791,379.79,7581,471890.0,79.47
IRCON, 05-Oct-2026,110.25,111.11,106.25,106.88,110.25,4101437,4420.3,42752,1104320.0,26.93
IRCTC, 05-Oct-2026,454.15,464.6,448.05,452.8,454.1,1583641,7254.43,66595,742657.0,46.9
IREDA, 05-Oct-2026,111.68,111.86,108.5,109.0,111.0,4155590,4558.0,34653,1525203.0,36.7
IRFC, 05-Oct-2026,78.0,78.1,76.06,76.5,77.06,8816833,6778.14,59541,3488748.0,39.57
IRIS, 05-Oct-2026,225.1,227.13,219.11,220.46,225.1,5596,12.41,343,3420.0,61.12
IRISDOREME, 05-Oct-2026,62.0,62.0,57.72,59.69,60.46,439369,261.04,3868,116757.0,26.57
IRMENERGY, 05-Oct-2026,260.9,264.8,256.8,259.5,257.7,47444,123.23,2858,23640.0,49.83
ISGEC, 05-Oct-2026,924.45,926.1,892.4,899.3,919.7,88849,802.5,12459,38015.0,42.79
ISHAN, 05-Oct-2026,0.5,0.5,0.45,0.5,0.45,144000,0.7,3,96000.0,66.67
ISHANCH, 05-Oct-2026,48.89,48.89,45.72,47.39,47.3,4869,2.28,159,3284.0,67.45
ISTLTD, 05-Oct-2026,635.0,640.0,585.0,610.5,635.0,1474,9.04,247,1203.0,81.61
IT, 05-Oct-2026,31.77,32.37,31.15,31.32,31.15,268438,84.43,1306,139237.0,51.87
ITADD, 05-Oct-2026,29.78,30.5,29.78,29.97,29.78,6608,1.99,104,2499.0,37.82
ITALIANE, 05-Oct-2026,29.6,29.6,28.2,28.2,29.2,4000,1.16,2,4000.0,100.0
ITAXIS, 05-Oct-2026,312.91,315.9,310.5,312.02,309.81,3352,10.51,54,2160.0,64.44
ITBEES, 05-Oct-2026,31.7,32.0,31.22,31.35,31.38,10293140,3245.29,20706,4006586.0,38.92
ITBETA, 05-Oct-2026,297.27,303.0,297.24,297.84,297.27,196,0.59,23,193.0,98.47
ITC, 05-Oct-2026,260.95,269.8,259.0,268.9,255.9,49020716,129451.12,189741,30475361.0,62.17
ITCHOTELS, 05-Oct-2026,159.8,160.8,158.11,158.96,158.51,922569,1470.12,16902,358532.0,38.86
ITDC, 05-Oct-2026,667.8,682.0,660.0,664.8,665.6,143155,959.49,9168,27864.0,19.46
ITETF, 05-Oct-2026,30.31,30.5,29.8,29.95,29.92,979536,295.02,960,222109.0,22.67
ITI, 05-Oct-2026,241.7,245.49,238.55,240.75,241.54,171192,414.72,6807,60336.0,35.24
ITIETF, 05-Oct-2026,30.29,31.95,30.29,31.39,31.07,1223772,386.67,2452,421068.0,34.41
ITL, 05-Oct-2026,356.6,356.6,343.05,355.4,348.0,827,2.88,60,759.0,91.78
IVALUE, 05-Oct-2026,221.69,232.0,221.47,228.29,219.28,215545,491.56,3944,73639.0,34.16
IVC, 05-Oct-2026,8.05,8.18,7.8,7.85,7.81,238985,19.07,1263,173401.0,72.56
IVZBANKNF, 05-Oct-2026,55.13,55.14,54.23,54.57,54.5,431,0.24,9,429.0,99.54
IVZINGOLD, 05-Oct-2026,128.35,128.35,126.6,128.2,128.0,77113,98.64,578,55743.0,72.29
IVZINNIFTY, 05-Oct-2026,264.96,264.96,257.89,259.22,258.5,1625,4.21,65,1000.0,61.54
IVZSENSEX, 05-Oct-2026,72.87,72.87,72.0,72.45,71.97,303,0.22,11,175.0,57.76
IWARE, 05-Oct-2026,398.95,398.95,372.05,372.3,388.0,15600,58.84,24,13800.0,88.46
IWP, 05-Oct-2026,36.46,40.83,35.01,38.73,36.46,94608,36.08,837,62435.0,65.99
IXIGO, 05-Oct-2026,162.0,165.51,159.71,161.0,161.9,744966,1207.31,18360,407246.0,54.67
IZMO, 05-Oct-2026,859.95,894.45,850.1,870.7,855.95,89447,779.26,6287,36376.0,40.67
J&KBANK, 05-Oct-2026,141.38,143.46,139.83,141.53,139.98,3523704,4973.83,43909,2019722.0,57.32
JAGRAN, 05-Oct-2026,61.55,62.0,61.11,61.33,61.55,134875,82.89,1998,86287.0,63.98
JAGSNPHARM, 05-Oct-2026,232.49,235.39,227.0,229.47,231.73,146699,339.59,3606,66585.0,45.39
JAIBALAJI, 05-Oct-2026,63.37,63.37,59.51,61.12,61.72,375785,228.49,2919,220465.0,58.67
JAICORPLTD, 05-Oct-2026,88.2,90.39,87.51,88.49,89.54,333789,295.7,4813,138125.0,41.38
JAINIK, 05-Oct-2026,186.35,186.35,186.35,186.35,186.8,1200,2.24,1,1200.0,100.0
JAINREC, 05-Oct-2026,285.6,292.75,282.5,290.45,282.5,699536,2018.71,20440,282936.0,40.45
JAIPURKURT, 05-Oct-2026,27.0,27.0,25.59,26.01,26.49,9493,2.49,103,7467.0,78.66
JALAN, 05-Oct-2026,1.6,1.6,1.6,1.6,1.65,24000,0.38,5,24000.0,100.0
JAMNAAUTO, 05-Oct-2026,132.51,134.88,131.71,134.45,131.66,1040621,1387.09,23905,431723.0,41.49
JARO, 05-Oct-2026,414.3,414.3,401.15,405.15,408.4,103783,421.65,2640,21213.0,20.44
JASH, 05-Oct-2026,582.0,605.0,581.0,598.1,576.3,495530,2961.13,22352,222268.0,44.85
JAYAGROGN, 05-Oct-2026,213.6,218.38,210.25,211.82,211.22,11264,24.16,467,5871.0,52.12
JAYBARMARU, 05-Oct-2026,133.0,133.0,127.1,127.98,130.8,323573,418.72,5507,154777.0,47.83
JAYBEE, 05-Oct-2026,94.25,95.85,93.05,93.7,92.35,9500,8.92,18,7000.0,73.68
JAYESH, 05-Oct-2026,118.95,119.0,117.0,118.85,115.3,51000,60.06,18,21000.0,41.18
JAYKAY, 05-Oct-2026,203.45,230.0,203.45,221.97,201.46,5652546,12437.66,82103,912932.0,16.15
JAYKAYPP, 05-Oct-2026,157.13,187.0,155.5,175.78,157.14,39253,67.52,517,30088.0,76.65
JAYNECOIND, 05-Oct-2026,91.1,93.39,90.0,91.0,91.28,2941585,2682.63,25219,1172471.0,39.86
JAYSREETEA, 05-Oct-2026,84.95,85.0,81.61,82.7,83.65,35363,29.4,647,19236.0,54.4
JBMA, 05-Oct-2026,550.0,557.0,540.6,544.55,544.65,186164,1018.99,14340,66549.0,35.75
JENBURPH, 05-Oct-2026,919.9,934.0,897.25,900.4,915.25,1262,11.47,107,1154.0,91.44
JETFREIGHT, 05-Oct-2026,19.94,20.25,19.07,19.85,19.59,184688,36.29,2176,64216.0,34.77
JEYYAM, 05-Oct-2026,20.1,20.5,19.8,20.45,20.0,32000,6.46,16,18000.0,56.25
JFLLIFE, 05-Oct-2026,10.25,10.25,10.25,10.25,10.0,12000,1.23,1,12000.0,100.0
JGCHEM, 05-Oct-2026,610.9,628.75,605.0,609.65,610.3,297878,1832.06,11017,116157.0,38.99
JHS, 05-Oct-2026,11.89,12.15,10.53,10.53,11.7,1114692,119.18,1804,600607.0,53.88
JINDALPHOT, 05-Oct-2026,1020.4,1059.7,1020.4,1024.7,1031.8,875,9.0,168,653.0,74.63
JINDALPOLY, 05-Oct-2026,653.7,664.9,636.0,641.6,653.7,14364,92.86,1024,6622.0,46.1
JINDALSAW, 05-Oct-2026,270.05,277.4,270.05,275.0,270.3,1309022,3594.69,32816,706988.0,54.01
JINDALSTEL, 05-Oct-2026,1101.1,1115.8,1086.7,1097.3,1100.5,444005,4864.53,18210,178068.0,40.1
JINDRILL, 05-Oct-2026,587.65,593.9,583.15,585.95,587.65,99604,585.81,4354,33982.0,34.12
JINDWORLD, 05-Oct-2026,46.45,47.2,45.1,45.37,45.82,2517504,1156.33,7985,629394.0,25.0
JIOFIN, 05-Oct-2026,213.85,213.99,210.52,212.0,212.5,16101981,34109.07,137102,8289674.0,51.48
JISLDVREQS, 05-Oct-2026,18.7,19.5,18.53,18.89,18.71,6745,1.26,251,4314.0,63.96
JISLJALEQS, 05-Oct-2026,27.45,27.83,26.7,26.81,27.3,1197115,324.48,3728,660828.0,55.2
JITFINFRA, 05-Oct-2026,270.6,277.9,260.6,266.5,275.45,23423,62.56,1081,11004.0,46.98
JIWANRAM, 05-Oct-2026,3.95,4.25,3.95,4.05,4.4,18000,0.74,3,6000.0,33.33
JKCEMENT, 05-Oct-2026,4983.0,5014.5,4903.5,4981.5,4952.0,9705,479.85,3142,3423.0,35.27
JKIL, 05-Oct-2026,465.9,465.9,450.3,453.7,461.85,44272,201.33,2743,22375.0,50.54
JKIPL, 05-Oct-2026,96.0,98.5,94.01,95.13,96.51,3783,3.59,131,2972.0,78.56
JKLAKSHMI, 05-Oct-2026,477.0,481.3,465.0,466.8,476.6,237436,1115.09,17051,144950.0,61.05
JKPAPER, 05-Oct-2026,382.6,390.55,380.05,385.65,382.6,164425,634.52,8250,79940.0,48.62
JKTYRE, 05-Oct-2026,341.1,345.75,336.55,338.85,340.35,571827,1950.92,17293,262901.0,45.98
JLHL, 05-Oct-2026,258.55,263.85,248.85,253.9,259.85,495948,1246.58,22035,291790.0,58.83
JMA, 05-Oct-2026,86.26,89.6,86.26,87.07,87.64,3845,3.36,97,2996.0,77.92
JMFINANCIL, 05-Oct-2026,125.0,126.37,122.7,123.1,123.4,1028560,1274.91,17127,461556.0,44.87
JNKINDIA, 05-Oct-2026,432.7,446.65,430.45,432.2,432.7,70571,308.99,4306,30800.0,43.64
JNPR, 05-Oct-2026,270.9,280.9,269.0,271.3,268.25,1216951,3349.36,33535,434156.0,35.68
JOCIL, 05-Oct-2026,149.99,149.99,145.65,147.84,145.22,2559,3.82,65,2059.0,80.46
JPOLYINVST, 05-Oct-2026,900.0,925.0,885.0,891.2,911.0,5572,50.16,825,3143.0,56.41
JPPOWER, 05-Oct-2026,15.0,15.1,14.86,14.91,14.8,31282813,4679.87,1159623,9619704.0,30.75
JSFB, 05-Oct-2026,487.45,501.85,483.25,498.6,482.4,673840,3341.74,34202,338299.0,50.2
JSL, 05-Oct-2026,735.0,747.0,728.9,742.0,732.7,393852,2913.86,26767,211852.0,53.79
JSLL, 05-Oct-2026,483.9,486.25,445.65,449.9,480.8,1610523,7372.36,68504,713805.0,44.32
JSWCEMENT, 05-Oct-2026,112.0,113.31,109.86,111.09,111.6,1631122,1815.46,31382,1271028.0,77.92
JSWDULUX, 05-Oct-2026,3048.4,3058.5,2928.9,2964.8,3020.6,48643,1440.91,11126,30852.0,63.43
JSWENERGY, 05-Oct-2026,485.85,491.8,483.25,491.8,485.0,1014257,4947.4,26621,554514.0,54.67
JSWHL, 05-Oct-2026,11205.0,11417.0,11108.0,11350.0,11258.0,1708,193.59,831,1092.0,63.93
JSWINFRA, 05-Oct-2026,357.5,364.0,356.05,359.4,357.45,2349162,8474.88,54383,1095657.0,46.64
JSWSTEEL, 05-Oct-2026,1233.0,1252.4,1228.7,1235.3,1233.0,1047395,12943.93,42443,600739.0,57.36
JTEKTINDIA, 05-Oct-2026,116.3,117.86,113.07,113.68,115.84,114675,131.6,1962,63473.0,55.35
JTLIND, 05-Oct-2026,87.0,88.43,84.56,84.98,86.23,1489386,1283.77,14087,419188.0,28.15
JUBLCPL, 05-Oct-2026,2010.0,2072.4,1991.0,2021.8,2037.3,8012,161.41,929,5277.0,65.86
JUBLFOOD, 05-Oct-2026,442.8,447.75,438.8,445.7,443.4,949778,4219.29,19306,461623.0,48.6
JUBLINGREA, 05-Oct-2026,638.0,645.85,625.0,632.2,638.0,218343,1382.09,12314,94759.0,43.4
JUBLPHARMA, 05-Oct-2026,999.8,1012.0,972.1,981.6,999.3,203076,1999.31,22717,98542.0,48.52
JUNIORBEES, 05-Oct-2026,753.2,754.2,740.0,748.46,747.52,672551,5038.44,48786,339526.0,50.48
JUNIPER, 05-Oct-2026,217.9,218.6,214.21,216.0,214.99,53063,114.48,1205,33204.0,62.57
JUSTDIAL, 05-Oct-2026,653.15,666.1,648.0,651.35,653.15,70392,461.02,4716,21758.0,30.91
JWL, 05-Oct-2026,224.2,226.99,218.61,223.44,223.93,1604474,3574.48,38089,278310.0,17.35
JYOTHYLAB, 05-Oct-2026,182.91,183.17,180.0,180.93,182.91,276917,501.71,15987,147643.0,53.32
JYOTICNC, 05-Oct-2026,1052.7,1060.0,1020.5,1029.6,1032.1,397257,4131.62,25507,142272.0,35.81
JYOTIGLOBL, 05-Oct-2026,47.1,47.15,45.05,46.5,44.95,26000,12.09,12,20000.0,76.92
JYOTIRES, 05-Oct-2026,844.9,845.0,831.05,832.9,840.65,5477,45.73,731,2977.0,54.35
JYOTISTRUC, 05-Oct-2026,8.9,9.06,8.65,8.67,8.9,3922651,344.47,4337,2357874.0,60.11
K2INFRA, 05-Oct-2026,41.0,42.1,39.0,39.65,42.9,49800,20.0,78,43200.0,86.75
KAJARIACER, 05-Oct-2026,1230.0,1230.0,1202.6,1214.4,1225.1,629499,7650.21,41777,359019.0,57.03
KAKATCEM, 05-Oct-2026,103.01,105.9,103.01,104.79,103.09,458,0.48,35,352.0,76.86
KALAMANDIR, 05-Oct-2026,74.28,78.25,74.06,74.98,74.37,666784,508.32,7663,210736.0,31.6
KALANA, 05-Oct-2026,18.0,18.0,17.6,17.95,18.5,8000,1.42,4,6000.0,75.0
KALPATARU, 05-Oct-2026,271.0,279.75,270.0,272.3,273.5,17262,47.13,762,7765.0,44.98
KALYANKJIL, 05-Oct-2026,534.9,564.95,529.1,556.85,528.5,13447714,74562.78,141286,2031513.0,15.11
KAMAHOLD, 05-Oct-2026,2263.0,2273.9,2225.0,2229.3,2263.0,1180,26.46,356,586.0,49.66
KAMANWALA, 05-Oct-2026,16.31,17.35,16.31,16.6,17.14,1172,0.19,13,1168.0,99.66
KAMATHOTEL, 05-Oct-2026,238.4,248.86,236.5,245.99,237.45,121580,296.56,3773,67894.0,55.84
KAMDHENU, 05-Oct-2026,37.5,38.2,36.4,36.73,37.59,663573,246.79,6035,346059.0,52.15
KAMOPAINTS, 05-Oct-2026,4.1,4.22,4.0,4.11,4.1,123407,5.07,551,82147.0,66.57
KANANIIND, 05-Oct-2026,1.36,1.36,1.26,1.3,1.34,167592,2.21,386,139074.0,82.98
KANCHI, 05-Oct-2026,379.85,385.1,367.7,378.7,379.8,772,2.9,96,567.0,73.45
KANCOTEA, 05-Oct-2026,51.4,52.95,48.6,51.69,53.0,111,0.06,9,81.0,72.97
KANDARP, 05-Oct-2026,57.0,62.0,56.7,57.0,59.65,24000,13.76,17,23000.0,95.83
KANOHAR, 05-Oct-2026,916.0,1047.8,916.0,1020.25,906.35,17161082,168623.04,516269,1367135.0,7.97
KANPRPLA, 05-Oct-2026,246.0,260.0,246.0,252.24,245.55,26865,68.12,747,12318.0,45.85
KANSAINER, 05-Oct-2026,175.4,177.59,175.17,176.97,175.27,241586,426.93,9597,172976.0,71.6
KAPSTON, 05-Oct-2026,552.3,555.9,545.3,548.6,542.35,68742,377.53,3186,38310.0,55.73
KARAMTARA, 05-Oct-2026,410.95,434.0,405.25,416.3,410.95,2128191,8969.73,45083,642354.0,30.18
KARMAENG, 05-Oct-2026,35.8,36.6,34.0,35.9,36.33,9516,3.37,117,7157.0,75.21
KARNIKA, 05-Oct-2026,120.95,123.75,116.55,120.3,123.7,42000,50.53,26,23000.0,54.76
KARURVYSYA, 05-Oct-2026,326.1,330.9,320.55,324.7,325.3,1950191,6336.19,58786,1017697.0,52.18
KATARIA, 05-Oct-2026,163.0,167.0,158.0,161.15,159.1,12600,20.41,20,9600.0,76.19
KAYNES, 05-Oct-2026,3433.0,3474.0,3371.0,3394.8,3399.0,706676,24185.62,48063,120775.0,17.09
KAYTEX, 05-Oct-2026,57.85,57.85,57.75,57.75,55.4,1600,0.92,2,800.0,50.0
KCEIL, 05-Oct-2026,78.1,78.8,76.0,77.7,79.4,13000,10.12,25,10500.0,80.77
KCK, 05-Oct-2026,14.5,14.8,14.3,14.65,14.1,227500,33.22,57,207500.0,91.21
KCP, 05-Oct-2026,154.99,158.69,153.01,155.61,154.17,159779,248.3,2470,91136.0,57.04
KDDL, 05-Oct-2026,3980.7,4032.6,3877.0,3943.4,3911.2,28095,1104.57,5548,13793.0,49.09
KDGREEN, 05-Oct-2026,49.7,49.7,46.81,48.29,46.76,19026,9.18,1253,3807.0,20.01
KDL, 05-Oct-2026,44.85,44.85,44.85,44.85,47.2,3450,1.55,18,3450.0,100.0
KEC, 05-Oct-2026,374.9,380.7,369.0,370.55,372.35,489498,1829.66,19725,200646.0,40.99
KECL, 05-Oct-2026,119.0,129.89,119.0,125.42,120.43,432446,542.56,8111,113773.0,26.31
KEEPLEARN, 05-Oct-2026,1.87,1.87,1.72,1.79,1.84,22959,0.41,91,14666.0,63.88
KEI, 05-Oct-2026,4539.0,4652.8,4510.0,4638.2,4502.0,275897,12759.72,24943,106203.0,38.49
KELLTONTEC, 05-Oct-2026,12.5,12.87,12.12,12.18,12.42,1591415,195.66,4355,790699.0,49.69
KEN, 05-Oct-2026,40.0,42.25,40.0,42.25,40.0,4800,1.95,4,3600.0,75.0
KENNAMET, 05-Oct-2026,4346.7,4355.5,4162.3,4193.7,4277.5,15124,641.55,3926,6762.0,44.71
KERNEX, 05-Oct-2026,1661.0,1677.9,1620.0,1661.8,1643.5,104377,1720.37,10380,43838.0,42.0
KESORAMIND, 05-Oct-2026,10.69,10.99,10.2,10.25,10.73,1053058,109.0,1748,536466.0,50.94
KEYFINSERV, 05-Oct-2026,244.05,244.05,237.01,237.01,244.05,205,0.49,4,205.0,100.0
KFINTECH, 05-Oct-2026,836.15,872.3,835.0,867.5,832.0,977572,8414.89,45768,408013.0,41.74
KHAICHEM, 05-Oct-2026,50.0,50.5,47.5,48.03,49.22,137074,66.94,1511,84639.0,61.75
KHAITANLTD, 05-Oct-2026,146.46,148.97,142.4,144.31,147.19,970,1.41,53,593.0,61.13
KHANDSE, 05-Oct-2026,16.71,17.69,16.35,16.92,16.76,3208,0.54,72,2771.0,86.38
KHERIAAUTO, 05-Oct-2026,97.45,98.0,91.7,91.7,96.5,87600,81.13,62,78000.0,89.04
KICL, 05-Oct-2026,4635.0,4774.0,4635.0,4709.8,4693.2,1022,48.07,214,785.0,76.81
KILITCH, 05-Oct-2026,229.0,248.3,220.0,233.74,218.51,246614,580.21,4940,94111.0,38.16
KIMS, 05-Oct-2026,739.0,747.85,700.05,705.45,736.25,850822,6084.24,36235,479345.0,56.34
KINGFA, 05-Oct-2026,6586.0,6700.0,6528.5,6669.0,6586.5,8689,575.87,2756,4851.0,55.83
KIOCL, 05-Oct-2026,324.0,330.6,321.55,322.65,323.85,35861,116.67,2355,15481.0,43.17
KIRANVYPAR, 05-Oct-2026,180.65,185.0,173.1,179.99,179.21,2295,4.14,86,2016.0,87.84
KIRIINDUS, 05-Oct-2026,546.9,557.95,542.0,542.4,544.6,364409,1991.46,8899,176337.0,48.39
KIRLFER, 05-Oct-2026,465.05,467.25,463.5,465.0,465.85,67483,313.86,1825,58998.0,87.43
KIRLOSBROS, 05-Oct-2026,1769.8,1790.6,1736.2,1742.4,1767.6,29626,519.13,5197,11028.0,37.22
KIRLOSENG, 05-Oct-2026,2265.0,2339.7,2231.6,2243.7,2242.7,511911,11650.67,58014,153976.0,30.08
KIRLOSIND, 05-Oct-2026,3470.0,3575.0,3434.0,3467.0,3471.4,6729,235.94,1545,3469.0,51.55
KIRLPNU, 05-Oct-2026,685.0,694.0,668.0,677.6,681.95,63113,428.0,8900,34669.0,54.93
KISSHT, 05-Oct-2026,377.15,388.15,370.05,379.2,371.15,1755374,6647.53,39462,839064.0,47.8
KITEX, 05-Oct-2026,118.65,123.63,117.2,118.02,116.68,568407,680.83,8019,146136.0,25.71
KJMCFIN, 05-Oct-2026,58.09,61.0,57.51,58.25,58.38,32,0.02,10,22.0,68.75
KKCL, 05-Oct-2026,487.0,487.0,455.6,470.4,475.65,76937,355.69,1642,58717.0,76.32
KKJEWELS, 05-Oct-2026,96.9,96.9,94.0,94.8,96.9,29000,27.93,16,26000.0,89.66
KLBRENG-B, 05-Oct-2026,530.0,538.65,517.55,524.3,523.95,101469,534.17,4932,54796.0,54.0
KLL, 05-Oct-2026,39.25,39.9,38.25,39.25,38.0,38400,15.17,34,36800.0,95.83
KMCSHIL, 05-Oct-2026,172.58,175.55,166.15,169.38,171.94,266436,452.58,6624,98248.0,36.87
KMEW, 05-Oct-2026,2950.0,3033.0,2921.7,2992.5,2950.1,95247,2840.46,17643,44662.0,46.89
KNACK, 05-Oct-2026,181.05,189.99,175.0,188.91,180.67,3812054,6987.57,52595,1309670.0,34.36
KNAGRI, 05-Oct-2026,204.98,210.0,198.0,198.83,200.5,3725,7.54,169,2176.0,58.42
KNRCON, 05-Oct-2026,116.0,116.16,111.16,111.89,113.29,801628,906.76,12191,347738.0,43.38
KODYTECH, 05-Oct-2026,1540.0,1594.0,1540.0,1576.8,1518.9,27600,436.17,142,27300.0,98.91
KOHINOOR, 05-Oct-2026,30.03,30.52,28.4,28.95,30.03,109794,32.54,2051,44562.0,40.59
KOKUYOCMLN, 05-Oct-2026,76.55,76.55,74.0,75.82,74.77,25087,18.82,656,16908.0,67.4
KOLTEPATIL, 05-Oct-2026,421.0,432.0,413.45,430.45,418.8,49735,213.12,3200,23278.0,46.8
KONSTELEC, 05-Oct-2026,52.5,52.5,51.0,51.0,53.65,9000,4.62,8,9000.0,100.0
KOPRAN, 05-Oct-2026,285.3,288.0,267.35,268.7,282.05,401731,1102.05,7477,135007.0,33.61
KORE, 05-Oct-2026,188.0,191.0,184.5,191.0,183.8,6750,12.74,16,6750.0,100.0
KOTAKBANK, 05-Oct-2026,418.0,424.45,413.75,416.0,418.35,21967652,91877.65,157580,14138771.0,64.36
KOTHARIPET, 05-Oct-2026,126.07,129.9,125.0,125.53,126.58,39985,50.52,1318,20882.0,52.22
KOTHARIPRO, 05-Oct-2026,66.87,66.87,63.01,63.44,63.77,12826,8.22,135,6639.0,51.76
KOTIC, 05-Oct-2026,147.09,151.5,144.0,148.68,147.1,11425,16.94,442,5413.0,47.38
KOTYARK, 05-Oct-2026,28.75,29.5,27.81,28.26,28.23,145196,41.57,869,83999.0,57.85
KOVAI, 05-Oct-2026,6010.0,6034.5,5940.0,5963.0,5993.5,4350,260.23,954,2430.0,55.86
KPEL, 05-Oct-2026,217.2,222.37,211.12,213.74,218.0,293880,633.68,7903,120214.0,40.91
KPIGREEN, 05-Oct-2026,345.6,348.9,320.0,321.85,345.6,1547466,5100.6,35689,554370.0,35.82
KPIL, 05-Oct-2026,1357.0,1396.6,1356.4,1378.8,1356.4,130981,1808.86,22422,68650.0,52.41
KPITTECH, 05-Oct-2026,499.85,508.95,489.0,489.5,492.0,1394781,6938.77,28123,401910.0,28.82
KPL, 05-Oct-2026,3564.0,3664.0,3529.0,3644.2,3564.4,23020,832.89,4882,11157.0,48.47
KPRMILL, 05-Oct-2026,1072.0,1080.4,1052.0,1072.6,1071.0,109665,1172.71,11011,40300.0,36.75
KRBL, 05-Oct-2026,375.9,384.2,375.0,382.15,375.9,178218,678.12,9868,75608.0,42.42
KREBSBIO, 05-Oct-2026,66.12,67.0,62.2,63.96,68.05,100565,65.08,1297,50947.0,50.66
KRIDHANINF, 05-Oct-2026,1.85,1.93,1.83,1.89,1.85,34177,0.65,58,31517.0,92.22
KRISHANA, 05-Oct-2026,186.2,186.53,178.41,185.83,184.59,1043482,1915.42,10608,494762.0,47.41
KRISHCA, 05-Oct-2026,209.5,212.65,202.0,203.65,215.75,21000,43.26,38,14500.0,69.05
KRISHIVAL, 05-Oct-2026,399.0,414.2,399.0,406.5,394.5,21443,86.49,483,14055.0,65.55
KRISHNADEF, 05-Oct-2026,1020.0,1201.0,1006.8,1201.0,1000.9,1437610,16705.27,69385,289749.0,20.15
KRITI, 05-Oct-2026,62.0,62.0,58.12,60.92,60.77,3625,2.17,129,2682.0,73.99
KRITIKA, 05-Oct-2026,4.91,5.04,4.69,4.78,4.91,171751,8.36,566,100410.0,58.46
KRITINUT, 05-Oct-2026,68.74,69.85,66.55,69.26,66.53,18547,12.71,373,14121.0,76.14
KRMAYURVED, 05-Oct-2026,281.95,281.95,266.0,271.9,284.4,177000,479.97,153,90000.0,50.85
KRN, 05-Oct-2026,1426.0,1441.1,1373.0,1392.7,1414.7,222245,3133.64,18451,128091.0,57.64
KROSS, 05-Oct-2026,260.0,264.15,252.1,253.6,258.4,413785,1060.04,9088,164564.0,39.77
KRSNAA, 05-Oct-2026,555.0,564.1,551.3,559.35,554.85,50372,281.35,5216,31708.0,62.95
KRT, 05-Oct-2026,113.0,113.0,112.2,112.57,112.14,852071,959.11,9979,717118.0,84.16
KRYSTAL, 05-Oct-2026,607.0,683.95,607.0,654.65,610.2,41594,270.83,2229,16472.0,39.6
KSB, 05-Oct-2026,806.45,822.0,800.0,803.95,806.45,168361,1363.55,11072,59151.0,35.13
KSCL, 05-Oct-2026,722.55,726.0,698.0,701.55,715.1,106240,750.19,5819,40533.0,38.15
KSE, 05-Oct-2026,177.01,177.01,173.0,174.6,174.84,12774,22.29,222,10816.0,84.67
KSHINTL, 05-Oct-2026,1031.6,1079.5,1027.3,1036.7,1028.2,320170,3367.37,24540,129624.0,40.49
KSL, 05-Oct-2026,913.0,932.85,910.05,921.3,913.0,52793,486.89,4200,24778.0,46.93
KSOLVES, 05-Oct-2026,244.14,251.0,243.0,248.86,241.14,42315,104.52,1702,18957.0,44.8
KTKBANK, 05-Oct-2026,325.0,329.9,322.3,326.75,321.6,1078432,3515.0,20439,595879.0,55.25
KUANTUM, 05-Oct-2026,77.05,78.8,75.01,76.43,76.71,126357,97.23,3367,52984.0,41.93
KUSUMGAR, 05-Oct-2026,600.6,608.9,593.0,602.0,592.55,509173,3055.21,16192,400689.0,78.69
KWIL, 05-Oct-2026,38.73,39.22,37.71,37.88,38.36,7027970,2688.64,26191,3328664.0,47.36
LAGNAM, 05-Oct-2026,71.9,72.5,69.81,71.1,71.9,2247,1.59,49,1796.0,79.93
LAHOTIOV, 05-Oct-2026,38.95,40.0,38.9,39.98,39.26,479,0.19,10,372.0,77.66
LAKSHMIMIL, 05-Oct-2026,7917.5,7996.5,7505.0,7855.0,7819.5,17,1.34,13,14.0,82.35
LAKSHYA, 05-Oct-2026,101.0,101.0,97.0,97.05,101.95,20000,19.68,20,16000.0,80.0
LAL, 05-Oct-2026,8.31,8.59,8.31,8.45,8.45,20120,1.7,102,13190.0,65.56
LALITHAA, 05-Oct-2026,390.8,406.0,385.65,392.6,387.85,3852094,15242.14,42701,1322440.0,34.33
LALPATHLAB, 05-Oct-2026,2005.9,2026.0,1960.0,1971.3,2005.1,350211,6936.17,43051,233494.0,66.67
LAMBODHARA, 05-Oct-2026,130.0,135.0,125.5,126.51,128.64,20982,27.29,435,8083.0,38.52
LAMOSAIC, 05-Oct-2026,47.1,47.3,45.0,47.3,47.35,77400,36.18,43,73800.0,95.35
LANCER, 05-Oct-2026,11.34,11.34,11.05,11.15,11.05,101261,11.33,536,69708.0,68.84
LANDMARK, 05-Oct-2026,465.0,475.0,456.0,470.7,463.25,196654,920.17,7947,63173.0,32.12
LANDSMILL, 05-Oct-2026,1.08,1.14,0.98,1.03,1.05,20241917,215.39,4560,10687004.0,52.8
LAOPALA, 05-Oct-2026,156.5,159.53,154.0,154.47,156.11,96190,150.16,3619,54694.0,56.86
LARGEMID50, 05-Oct-2026,34.23,34.4,34.15,34.31,34.05,11746,4.01,22,11475.0,97.69
LASERPOWER, 05-Oct-2026,267.55,270.0,258.0,267.75,262.75,523993,1388.12,9949,265949.0,50.75
LATENTVIEW, 05-Oct-2026,238.0,245.0,233.49,235.68,234.48,521787,1232.75,7337,328716.0,63.0
LATTEYS, 05-Oct-2026,20.91,21.43,20.36,20.4,20.91,23814,4.92,187,17461.0,73.32
LAURUSLABS, 05-Oct-2026,1994.0,2002.0,1955.1,1971.4,1984.0,1374138,27073.74,63463,637810.0,46.42
LAXMICOT, 05-Oct-2026,13.3,13.3,12.71,12.91,13.3,13776,1.79,92,11482.0,83.35
LAXMIDENTL, 05-Oct-2026,195.76,200.0,189.0,190.54,193.87,40315,77.53,1403,17835.0,44.24
LAXMIINDIA, 05-Oct-2026,118.11,121.19,112.1,112.94,119.02,134952,155.34,2588,79223.0,58.7
LCCPROJECT, 05-Oct-2026,152.0,152.53,145.56,148.44,151.47,698915,1040.91,8210,334446.0,47.85
LCL, 05-Oct-2026,555.0,585.0,555.0,578.95,553.6,422841,2430.74,28163,219215.0,51.84
LEAPIND, 05-Oct-2026,137.5,144.9,137.5,141.35,137.03,2945969,4197.33,38975,1289718.0,43.78
LEMERITE, 05-Oct-2026,19.9,20.18,18.73,20.04,19.28,177611,35.26,342,102966.0,57.97
LEMONTREE, 05-Oct-2026,108.18,108.64,106.8,107.86,107.67,3295164,3548.35,32597,1642223.0,49.84
LENSKART, 05-Oct-2026,691.5,697.95,676.3,692.75,691.15,2961163,20344.48,70424,1558746.0,52.64
LEXUS, 05-Oct-2026,11.0,11.15,10.15,10.81,10.56,22196,2.37,219,18432.0,83.04
LFIC, 05-Oct-2026,129.01,132.0,127.6,128.62,133.82,1828,2.38,111,758.0,41.47
LGBBROSLTD, 05-Oct-2026,1700.0,1716.8,1650.0,1663.5,1711.1,27779,467.74,4025,15887.0,57.19
LGEINDIA, 05-Oct-2026,1715.0,1825.0,1715.0,1770.9,1721.8,3145126,56563.0,166478,1291756.0,41.07
LGHL, 05-Oct-2026,220.0,230.0,211.0,213.99,219.47,49302,108.21,817,23711.0,48.09
LIBAS, 05-Oct-2026,11.06,11.58,11.06,11.21,11.29,16049,1.82,126,11561.0,72.04
LIBERTSHOE, 05-Oct-2026,217.87,219.94,211.01,212.42,216.78,20788,44.51,1061,12646.0,60.83
LICHSGFIN, 05-Oct-2026,513.5,514.9,501.9,505.0,509.0,1495045,7584.6,26024,643737.0,43.06
LICI, 05-Oct-2026,392.5,394.8,385.5,388.7,391.85,6242567,24259.23,73609,3561329.0,57.05
LICMFGOLD, 05-Oct-2026,132.65,132.75,131.45,132.35,132.25,231361,305.61,848,179422.0,77.55
LICNETFGSC, 05-Oct-2026,28.62,29.09,28.62,28.99,28.93,279273,80.81,207,278079.0,99.57
LICNETFN50, 05-Oct-2026,254.88,255.51,252.63,254.27,253.45,720,1.83,65,692.0,96.11
LICNETFSEN, 05-Oct-2026,827.0,827.0,805.14,822.49,827.0,42,0.35,16,28.0,66.67
LICNFNHGP, 05-Oct-2026,266.55,266.65,256.6,261.09,265.23,427,1.11,40,305.0,71.43
LICNMID100, 05-Oct-2026,59.38,60.09,57.98,59.48,58.64,6218,3.68,181,4500.0,72.37
LIKHITHA, 05-Oct-2026,223.67,232.8,223.0,227.43,225.62,34535,78.11,1190,18223.0,52.77
LINC, 05-Oct-2026,87.0,88.65,85.55,87.53,86.54,17881,15.54,568,9770.0,54.64
LINCOLN, 05-Oct-2026,582.35,589.45,565.0,567.2,582.05,28961,166.21,1832,14171.0,48.93
LINDEINDIA, 05-Oct-2026,6247.0,6322.5,5991.0,6041.0,6247.5,43746,2659.37,9596,22235.0,50.83
LIQGRWBEES, 05-Oct-2026,1058.04,1058.18,1058.04,1058.17,1058.04,198604,2101.56,515,100181.0,50.44
LIQUID, 05-Oct-2026,1000.01,1004.99,999.99,999.99,999.99,91304,913.04,177,54494.0,59.68
LIQUID1, 05-Oct-2026,1134.7,1134.7,1122.15,1125.52,1125.4,1786966,20112.85,1262,1008885.0,56.46
LIQUIDADD, 05-Oct-2026,1147.71,1147.73,1147.71,1147.71,1147.56,531162,6096.24,347,335962.0,63.25
LIQUIDBEES, 05-Oct-2026,1000.0,1000.01,999.99,999.99,999.99,3997499,39974.83,5361,3452887.0,86.38
LIQUIDBETF, 05-Oct-2026,1098.15,1101.89,1097.89,1101.63,1101.46,309760,3412.24,133,231280.0,74.66
LIQUIDCASE, 05-Oct-2026,116.24,116.24,116.22,116.22,116.2,35961368,41798.4,33350,25576682.0,71.12
LIQUIDETF, 05-Oct-2026,1000.0,1000.01,999.99,1000.0,1000.0,319149,3191.49,482,234377.0,73.44
LIQUIDIETF, 05-Oct-2026,997.5,1000.01,997.5,999.99,999.99,138417,1384.16,221,79216.0,57.23
LIQUIDPLUS, 05-Oct-2026,1106.9,1109.8,1104.86,1106.1,1105.97,428967,4744.85,321,195809.0,45.65
LIQUIDSBI, 05-Oct-2026,999.99,1000.01,999.99,1000.01,1000.0,9649,96.49,48,5347.0,55.42
LIQUIDSHRI, 05-Oct-2026,1124.28,1124.28,1124.26,1124.28,1124.12,3644,40.97,31,1540.0,42.26
LKPSEC, 05-Oct-2026,14.6,14.7,14.0,14.26,14.56,7059,1.0,140,5193.0,73.57
LLOYDS, 05-Oct-2026,56.6,62.0,56.5,62.0,59.45,11000,6.69,8,8000.0,72.73
LLOYDSENGG, 05-Oct-2026,99.35,103.4,98.75,102.2,98.31,20393622,20743.04,88806,7213904.0,35.37
LLOYDSENT, 05-Oct-2026,77.17,80.8,77.17,79.63,77.95,3820423,3046.28,21141,1639121.0,42.9
LLOYDSME, 05-Oct-2026,1780.1,1818.0,1780.1,1802.5,1776.8,781537,14102.44,25489,370278.0,47.38
LMW, 05-Oct-2026,16465.0,16625.0,16301.0,16530.0,16548.0,2863,472.25,1328,1409.0,49.21
LODHA, 05-Oct-2026,1102.6,1140.2,1101.8,1132.5,1105.6,1495653,16870.35,41270,920659.0,61.56
LOKESHMACH, 05-Oct-2026,407.0,451.0,393.6,446.25,400.8,1537872,6647.28,44932,368964.0,23.99
LORDSCHLO, 05-Oct-2026,138.9,141.9,136.0,137.66,138.81,11752,16.36,443,7021.0,59.74
LOTUSCHO, 05-Oct-2026,565.85,565.85,526.1,536.8,540.35,1183,6.39,278,664.0,56.13
LOTUSEYE, 05-Oct-2026,116.0,117.9,114.6,115.61,115.68,3544,4.08,110,2586.0,72.97
LOVABLE, 05-Oct-2026,70.0,70.4,68.41,68.8,68.29,6735,4.66,136,5867.0,87.11
LOWVOL, 05-Oct-2026,195.5,195.5,191.36,192.2,191.67,1347,2.59,26,822.0,61.02
LOWVOL1, 05-Oct-2026,19.21,19.82,19.21,19.58,19.71,2819220,553.71,12407,2577696.0,91.43
LOWVOLIETF, 05-Oct-2026,20.81,20.81,20.47,20.56,20.58,2604899,535.46,14704,2012868.0,77.27
LOYALTEX, 05-Oct-2026,207.5,207.5,206.5,206.5,207.5,116,0.24,8,116.0,100.0
LPDC, 05-Oct-2026,6.41,6.41,6.2,6.3,6.21,13911,0.87,173,10713.0,77.01
LRRPL, 05-Oct-2026,106.0,106.0,106.0,106.0,109.95,1500,1.59,1,1500.0,100.0
LT, 05-Oct-2026,3717.0,3750.0,3707.8,3750.0,3693.4,2323437,86605.0,107385,1647674.0,70.92
LTF, 05-Oct-2026,267.55,267.7,263.0,263.75,264.35,4100927,10848.38,44221,1699919.0,41.45
LTFOODS, 05-Oct-2026,399.0,408.5,397.1,405.8,399.15,370391,1492.34,22195,189550.0,51.18
LTGILTBEES, 05-Oct-2026,29.48,29.54,29.46,29.49,29.49,2067997,609.67,1000,1988926.0,96.18
LTGILTCASE, 05-Oct-2026,30.67,30.67,29.47,30.09,30.07,283705,85.32,904,228364.0,80.49
LTM, 05-Oct-2026,4031.0,4073.0,3946.2,4010.0,4007.0,216279,8663.71,20151,53478.0,24.73
LTTS, 05-Oct-2026,3305.1,3305.8,3201.0,3219.5,3267.8,62578,2027.87,16302,19439.0,31.06
LUMAXIND, 05-Oct-2026,5504.5,5595.5,5430.0,5439.0,5550.0,7726,424.39,3326,3598.0,46.57
LUMAXTECH, 05-Oct-2026,1955.0,2001.1,1948.0,1967.6,1978.9,60434,1192.24,10645,22099.0,36.57
LUMINO, 05-Oct-2026,98.4,100.68,97.54,98.88,96.48,5684052,5639.61,32053,1565634.0,27.54
LUPIN, 05-Oct-2026,2015.4,2029.0,1996.3,2011.0,2031.2,571495,11481.94,30478,322745.0,56.47
LUXIND, 05-Oct-2026,1092.0,1220.0,1092.0,1183.9,1092.0,58898,685.51,4562,18254.0,30.99
LXCHEM, 05-Oct-2026,182.0,183.94,176.8,177.08,181.39,843634,1515.47,15847,335201.0,39.73
M&M, 05-Oct-2026,2857.5,2874.0,2825.1,2857.6,2860.0,3307236,94282.72,151408,2062573.0,62.37
M&MFIN, 05-Oct-2026,324.7,340.3,321.0,326.2,319.75,3956735,13090.69,88162,1378389.0,34.84
MAANALU, 05-Oct-2026,103.4,106.5,101.1,104.98,99.34,139433,146.25,1948,99535.0,71.39
MACOBSTECH, 05-Oct-2026,195.0,202.0,195.0,202.0,199.5,38400,76.29,10,34400.0,89.58
MACPOWER, 05-Oct-2026,2180.0,2251.0,2121.0,2160.5,2144.8,64476,1410.18,8089,23236.0,36.04
MADHAV, 05-Oct-2026,34.49,35.19,33.7,34.08,34.49,5497,1.87,95,3920.0,71.31
MADHAVBAUG, 05-Oct-2026,179.7,179.7,173.4,173.4,177.55,1600,2.84,4,1200.0,75.0
MADHAVIPL, 05-Oct-2026,7.32,7.39,7.13,7.26,7.31,54097,3.94,356,38646.0,71.44
MADHUCON, 05-Oct-2026,3.99,4.1,3.84,3.88,3.99,32001,1.24,1153,30794.0,96.23
MADHURKNIT, 05-Oct-2026,58.45,59.6,55.0,55.8,56.85,37200,21.16,29,31200.0,83.87
MADHUSUDAN, 05-Oct-2026,235.0,235.0,234.0,235.0,234.65,7000,16.44,7,7000.0,100.0
MADRASFERT, 05-Oct-2026,57.26,58.49,57.26,57.61,57.46,26788,15.44,601,15452.0,57.68
MAFANG, 05-Oct-2026,254.41,261.0,248.21,259.42,248.21,1391400,3570.49,31123,751707.0,54.03
MAFATIND, 05-Oct-2026,115.0,116.73,106.41,109.26,114.38,85412,94.66,1833,60636.0,70.99
MAGADSUGAR, 05-Oct-2026,513.0,558.95,513.0,539.4,511.75,93292,505.63,6654,18304.0,19.62
MAGNUM, 05-Oct-2026,18.36,18.99,17.92,18.26,18.62,36427,6.71,231,13152.0,36.11
MAGSON, 05-Oct-2026,180.2,185.5,180.2,185.5,179.35,6000,11.07,3,6000.0,100.0
MAHABANK, 05-Oct-2026,81.01,82.4,79.85,80.9,80.5,13114830,10635.29,44761,5729640.0,43.69
MAHAPEXLTD, 05-Oct-2026,53.3,53.3,50.12,50.46,50.18,2377,1.22,95,1667.0,70.13
MAHEPC, 05-Oct-2026,96.3,98.0,96.3,96.75,96.3,5017,4.86,249,3301.0,65.8
MAHESHWARI, 05-Oct-2026,70.0,73.0,70.0,72.48,69.95,11965,8.63,81,11391.0,95.2
MAHICKRA, 05-Oct-2026,280.0,280.0,280.0,280.0,289.0,2250,6.3,3,2250.0,100.0
MAHKTECH, 05-Oct-2026,22.11,22.15,21.5,21.99,21.58,703152,153.94,7530,526882.0,74.93
MAHLIFE, 05-Oct-2026,351.5,358.5,346.75,351.1,351.15,150642,528.69,3433,112178.0,74.47
MAHLOG, 05-Oct-2026,416.75,419.4,405.25,406.75,416.4,140897,578.47,9123,62755.0,44.54
MAHSCOOTER, 05-Oct-2026,12441.0,12622.0,12353.0,12507.0,12380.0,5117,640.33,2605,2473.0,48.33
MAHSEAMLES, 05-Oct-2026,700.0,705.95,680.55,685.05,698.75,197651,1358.46,11981,94606.0,47.87
MAITHANALL, 05-Oct-2026,927.0,930.0,904.5,905.6,927.0,35121,319.55,2965,19702.0,56.1
MAKEINDIA, 05-Oct-2026,156.23,156.23,153.9,154.82,154.68,122521,189.64,833,108402.0,88.48
MAKERSL, 05-Oct-2026,180.5,187.49,175.0,177.4,183.5,822,1.49,46,627.0,76.28
MAKS, 05-Oct-2026,14.95,14.95,14.95,14.95,14.25,1500,0.22,1,1500.0,100.0
MAL, 05-Oct-2026,39.05,39.5,38.95,39.05,41.0,19200,7.51,12,19200.0,100.0
MALLCOM, 05-Oct-2026,920.1,939.85,910.1,911.65,935.2,6306,57.8,391,4228.0,67.05
MALUPAPER, 05-Oct-2026,31.01,32.85,30.7,31.19,31.04,16905,5.31,118,13685.0,80.95
MAMATA, 05-Oct-2026,403.0,405.9,392.8,402.95,399.9,57051,228.37,3139,29963.0,52.52
MANAKALUCO, 05-Oct-2026,34.95,34.95,33.5,33.66,33.76,33520,11.39,382,24276.0,72.42
MANAKCOAT, 05-Oct-2026,129.7,129.98,125.1,126.17,126.59,157959,201.74,2467,81324.0,51.48
MANAKSIA, 05-Oct-2026,60.0,60.68,57.4,57.99,59.56,44933,26.51,1380,27773.0,61.81
MANALIPETC, 05-Oct-2026,80.53,91.9,80.1,87.19,78.15,30033782,26323.19,149135,2751887.0,9.16
MANAPPURAM, 05-Oct-2026,311.0,314.45,308.55,310.7,308.9,3951162,12288.83,28549,2017810.0,51.07
MANAV, 05-Oct-2026,38.75,38.75,38.75,38.75,40.75,4000,1.55,1,4000.0,100.0
MANBA, 05-Oct-2026,142.49,143.5,138.24,138.6,139.01,86785,120.68,677,49904.0,57.5
MANCREDIT, 05-Oct-2026,217.25,223.5,215.85,221.1,218.97,128353,283.03,1133,14298.0,11.14
MANGALAM, 05-Oct-2026,29.8,30.12,28.0,29.19,29.15,52253,15.24,413,38964.0,74.57
MANGLMCEM, 05-Oct-2026,984.0,1007.4,974.2,990.8,984.65,85465,842.4,4508,59820.0,69.99
MANILAM, 05-Oct-2026,36.2,37.8,36.0,36.0,38.0,18000,6.59,9,14000.0,77.78
MANINDS, 05-Oct-2026,931.0,940.0,883.1,888.25,921.55,452708,4097.49,21882,171566.0,37.9
MANINFRA, 05-Oct-2026,124.9,126.36,122.07,123.78,124.3,1016360,1262.21,7625,318932.0,31.38
MANIPALHOS, 05-Oct-2026,696.0,701.3,662.35,667.0,696.0,780056,5292.41,36421,425381.0,54.53
MANKIND, 05-Oct-2026,2533.1,2539.3,2464.7,2479.0,2535.0,527032,13183.35,40275,307700.0,58.38
MANOMAY, 05-Oct-2026,240.0,245.0,233.0,237.09,240.08,248015,589.11,9502,37066.0,14.95
MANORAMA, 05-Oct-2026,1880.3,1959.0,1879.9,1944.9,1880.3,299321,5779.52,32915,115799.0,38.69
MANORG, 05-Oct-2026,449.7,449.95,424.0,432.3,436.8,2059,9.01,299,1207.0,58.62
MANUFGBEES, 05-Oct-2026,154.01,154.01,152.22,153.14,153.68,6521,9.97,414,5570.0,85.42
MANYAVAR, 05-Oct-2026,522.6,527.9,507.65,521.3,519.2,917319,4735.07,13940,772977.0,84.26
MAPMYINDIA, 05-Oct-2026,854.45,880.0,853.05,873.4,845.75,124043,1074.66,10872,42962.0,34.63
MARALOVER, 05-Oct-2026,58.01,61.0,57.1,57.59,57.7,5615,3.27,151,4131.0,73.57
MARATHON, 05-Oct-2026,396.5,396.5,377.1,380.3,388.1,43023,164.34,2035,24363.0,56.63
MARC, 05-Oct-2026,138.25,144.0,137.75,141.4,144.95,14400,20.23,12,10800.0,75.0
MARCO, 05-Oct-2026,30.95,30.95,29.0,29.0,29.95,7500,2.26,4,7500.0,100.0
MARICO, 05-Oct-2026,783.7,814.0,780.0,790.0,781.35,3353838,26566.52,96148,1877095.0,55.97
MARINE, 05-Oct-2026,441.0,474.9,441.0,469.15,436.55,5426250,25186.41,119828,1358253.0,25.03
MARKOLINES, 05-Oct-2026,169.76,173.0,167.45,169.29,167.26,308259,525.43,1947,29920.0,9.71
MARKSANS, 05-Oct-2026,327.2,333.0,324.6,331.65,325.6,1566583,5167.52,36150,784986.0,50.11
MARSONS, 05-Oct-2026,114.8,117.8,113.4,114.3,114.26,1836935,2102.09,8552,1199353.0,65.29
MARUSHIKA, 05-Oct-2026,111.05,117.0,111.05,116.0,117.0,9600,11.11,5,8400.0,87.5
MARUTI, 05-Oct-2026,11386.0,11544.0,11305.0,11532.0,11386.0,757171,86638.48,72846,489432.0,64.64
MASFIN, 05-Oct-2026,272.4,276.95,266.55,267.75,272.85,115766,312.19,5853,67318.0,58.15
MASKINVEST, 05-Oct-2026,149.9,149.9,142.37,142.37,143.41,83,0.12,12,79.0,95.18
MASON, 05-Oct-2026,100.0,105.9,100.0,103.55,105.0,9000,9.31,13,6500.0,72.22
MASPTOP50, 05-Oct-2026,104.07,110.0,101.8,107.09,101.54,1456667,1550.1,18827,714172.0,49.03
MASTEK, 05-Oct-2026,1591.4,1633.9,1590.0,1608.2,1555.6,118393,1909.52,14182,44391.0,37.49
MASTER, 05-Oct-2026,409.0,416.0,401.0,408.5,404.0,2500,10.26,5,2000.0,80.0
MASTERTR, 05-Oct-2026,81.66,83.22,80.68,81.13,81.66,200223,163.58,1581,46233.0,23.09
MATRIMONY, 05-Oct-2026,506.95,518.0,485.6,514.05,497.0,11558,57.63,932,8039.0,69.55
MAWANASUG, 05-Oct-2026,139.48,151.0,139.48,145.96,138.84,597094,876.72,9034,162944.0,27.29
MAXESTATES, 05-Oct-2026,573.8,576.15,557.85,563.4,566.25,70328,398.24,5439,35658.0,50.7
MAXHEALTH, 05-Oct-2026,937.4,939.8,912.0,917.0,940.95,3127962,28852.84,123436,1713300.0,54.77
MAXIND, 05-Oct-2026,161.97,161.97,149.01,150.13,162.78,68553,105.51,2576,31917.0,46.56
MAXPOSURE, 05-Oct-2026,36.0,36.05,36.0,36.0,36.0,4000,1.44,3,4000.0,100.0
MAXVOLT, 05-Oct-2026,428.1,436.95,410.5,419.95,425.05,61600,258.99,137,40000.0,64.94
MAYASHEEL, 05-Oct-2026,34.8,35.0,32.8,32.9,36.55,24000,8.2,7,18000.0,75.0
MAYURUNIQ, 05-Oct-2026,715.4,718.45,694.3,706.55,711.55,98146,692.56,12991,55290.0,56.33
MAZDOCK, 05-Oct-2026,2075.0,2093.9,2055.4,2074.0,2064.0,364228,7560.81,25165,113430.0,31.14
MBAPL, 05-Oct-2026,168.31,168.31,160.5,163.66,165.83,719951,1172.39,8420,363429.0,50.48
MBEL, 05-Oct-2026,256.08,257.15,246.0,247.63,251.75,91048,227.06,4499,53098.0,58.32
MBLINFRA, 05-Oct-2026,23.5,24.2,22.5,23.9,23.11,28371,6.66,256,19514.0,68.78
MCCHRLS-B, 05-Oct-2026,695.0,695.0,645.0,683.15,690.0,713,4.75,50,570.0,79.94
MCL, 05-Oct-2026,55.73,55.98,51.15,52.08,54.64,105418,55.86,2140,66959.0,63.52
MCLEODRUSS, 05-Oct-2026,42.0,42.99,41.2,41.58,42.51,120678,50.89,875,67668.0,56.07
MCLOUD, 05-Oct-2026,24.74,24.77,24.08,24.54,24.25,1090964,267.12,3959,415130.0,38.05
MCX, 05-Oct-2026,3220.0,3258.7,3150.0,3181.7,3204.0,1386833,44445.0,91901,622395.0,44.88
MEDANTA, 05-Oct-2026,1362.0,1369.1,1321.4,1332.6,1357.3,224984,3000.89,35643,128922.0,57.3
MEDIASSIST, 05-Oct-2026,301.0,301.9,293.4,297.2,298.5,183948,547.06,8829,105971.0,57.61
MEDICO, 05-Oct-2026,22.4,22.59,21.5,21.68,21.86,196397,42.79,1235,134720.0,68.6
MEDPLUS, 05-Oct-2026,651.3,655.55,640.1,644.4,654.3,163503,1062.37,27753,101816.0,62.27
MEESHO, 05-Oct-2026,220.66,227.89,219.6,226.5,218.69,9583072,21432.22,84117,4316692.0,45.04
MEGAFLEX, 05-Oct-2026,114.55,114.55,114.55,114.55,109.1,1000,1.15,1,1000.0,100.0
MEGASTAR, 05-Oct-2026,263.0,280.0,250.8,267.87,267.18,8718,23.66,319,6292.0,72.17
MEGATHERM, 05-Oct-2026,250.0,254.4,239.0,248.5,243.6,22400,55.63,40,19600.0,87.5
MEIL, 05-Oct-2026,264.0,264.85,255.0,256.65,262.1,27694,71.7,1301,15917.0,57.47
MENONBE, 05-Oct-2026,287.1,292.6,268.15,286.0,288.4,224623,628.3,4714,97895.0,43.58
MERCANTILE, 05-Oct-2026,22.99,23.98,22.01,22.45,22.98,9195,2.09,46,6244.0,67.91
MERCURYEV, 05-Oct-2026,37.22,37.96,36.15,36.81,37.06,149126,55.63,1471,80963.0,54.29
METAL, 05-Oct-2026,12.6,12.9,12.42,12.61,12.59,2041231,257.72,7343,1429714.0,70.04
METALIC, 05-Oct-2026,173.0,186.45,171.0,181.95,177.6,107200,195.58,62,92800.0,86.57
METALIETF, 05-Oct-2026,12.56,12.74,12.46,12.55,12.61,9423686,1183.97,18473,4695180.0,49.82
METROBRAND, 05-Oct-2026,847.0,847.0,807.15,812.5,833.5,30069,246.28,5055,16805.0,55.89
METROGLOBL, 05-Oct-2026,134.8,134.8,130.01,132.97,131.52,821,1.08,36,641.0,78.08
METROPOLIS, 05-Oct-2026,534.85,559.5,532.0,553.6,537.9,264357,1447.09,19940,167596.0,63.4
MFML, 05-Oct-2026,18.8,19.24,18.0,18.16,18.72,1351,0.25,41,1155.0,85.49
MFSL, 05-Oct-2026,1385.3,1385.3,1341.0,1348.0,1392.0,2005008,27144.63,58443,1286675.0,64.17
MGEL, 05-Oct-2026,15.68,15.99,15.43,15.79,15.34,178288,28.05,763,111804.0,62.71
MGL, 05-Oct-2026,1043.2,1053.8,1036.0,1043.7,1045.4,66059,689.36,14519,35100.0,53.13
MGSL, 05-Oct-2026,58.6,59.95,52.5,59.45,57.45,48000,27.14,38,27600.0,57.5
MHRIL, 05-Oct-2026,196.3,198.0,192.56,194.81,194.85,46600,90.67,2249,20502.0,44.0
MICROPRO, 05-Oct-2026,16.75,16.75,16.75,16.75,16.75,1600,0.27,1,1600.0,100.0
MID150, 05-Oct-2026,22.97,22.97,22.05,22.12,22.05,40321,8.94,361,27276.0,67.65
MID150BEES, 05-Oct-2026,231.26,231.26,224.15,224.92,224.52,1329564,2996.31,22834,907786.0,68.28
MID150CASE, 05-Oct-2026,10.96,11.12,10.8,10.95,10.9,1647586,180.65,7459,1029263.0,62.47
MIDBANKADD, 05-Oct-2026,16.5,16.67,16.5,16.61,16.39,9336,1.55,25,8387.0,89.84
MIDCAP, 05-Oct-2026,17.24,17.85,17.2,17.31,17.23,564365,97.72,1596,284117.0,50.34
MIDCAPADD, 05-Oct-2026,22.37,22.37,21.6,21.82,22.07,11438,2.5,296,9803.0,85.71
MIDCAPBETA, 05-Oct-2026,216.45,224.0,216.45,219.14,222.0,14121,30.96,133,7000.0,49.57
MIDCAPETF, 05-Oct-2026,22.69,22.69,21.7,22.23,22.14,2714476,603.65,8510,1935674.0,71.31
MIDCAPIETF, 05-Oct-2026,23.0,23.0,22.4,22.49,22.44,5394306,1215.78,4169,4937626.0,91.53
MIDHANI, 05-Oct-2026,433.6,444.9,425.2,440.1,433.6,947160,4140.12,29915,386086.0,40.76
MIDQ50ADD, 05-Oct-2026,23.94,23.94,23.0,23.54,23.47,39174,9.21,347,20354.0,51.96
MIDSELIETF, 05-Oct-2026,18.47,18.6,18.41,18.49,18.47,301104,55.66,1128,215374.0,71.53
MIDSMALL, 05-Oct-2026,49.58,49.9,49.28,49.59,49.41,519210,257.26,1163,321106.0,61.85
MIDWESTLTD, 05-Oct-2026,938.85,942.65,908.7,914.75,904.15,102439,939.32,5387,70323.0,68.65
MIIL, 05-Oct-2026,690.0,705.0,665.1,670.4,677.05,67578,455.75,1139,44253.0,65.48
MILTON, 05-Oct-2026,35.5,35.5,35.5,35.5,35.5,2200,0.78,1,2200.0,100.0
MINDACORP, 05-Oct-2026,666.0,669.85,637.05,647.85,667.35,380699,2469.51,42241,193853.0,50.92
MINDSPACE, 05-Oct-2026,502.92,502.92,497.0,497.72,498.46,161071,803.62,20346,137118.0,85.13
MINDTECK, 05-Oct-2026,154.8,158.5,150.01,151.31,150.93,22115,33.87,783,11607.0,52.48
MIRZAINT, 05-Oct-2026,28.0,28.42,27.63,27.83,27.65,48425,13.47,530,26905.0,55.56
MITCON, 05-Oct-2026,80.0,83.7,79.5,81.14,80.34,4453,3.59,86,2890.0,64.9
MITTAL, 05-Oct-2026,0.7,0.71,0.7,0.7,0.7,705178,4.97,293,365647.0,51.85
MKEXIM, 05-Oct-2026,69.5,69.5,63.98,66.32,66.51,5982,3.9,140,5170.0,86.43
MKPL, 05-Oct-2026,4.02,4.02,3.88,3.9,3.9,130482,5.15,430,91380.0,70.03
MLKFOOD, 05-Oct-2026,82.56,85.7,82.56,84.59,84.13,3096,2.6,81,2454.0,79.26
MMEL, 05-Oct-2026,28.55,28.55,28.5,28.5,28.5,4000,1.14,2,4000.0,100.0
MMFL, 05-Oct-2026,573.0,579.0,548.0,552.5,571.95,106475,594.91,6295,55001.0,51.66
MMP, 05-Oct-2026,465.0,476.75,447.65,468.05,449.6,70165,324.16,3779,36885.0,52.57
MMTC, 05-Oct-2026,57.56,57.69,56.0,56.33,56.29,943031,534.73,8769,248245.0,26.32
MMWL, 05-Oct-2026,16.33,16.33,16.32,16.33,15.56,120682,19.71,81,120682.0,100.0
MNC, 05-Oct-2026,30.9,31.4,30.8,30.95,30.9,71632,22.15,613,47022.0,65.64
MOALPHA50, 05-Oct-2026,53.7,53.91,53.17,53.66,53.17,3911,2.1,73,3725.0,95.24
MOBANK10, 05-Oct-2026,16.82,16.95,16.14,16.22,16.49,14177,2.32,135,10072.0,71.04
MOBIKWIK, 05-Oct-2026,196.02,205.27,196.02,201.79,196.23,1321942,2675.47,19980,515066.0,38.96
MOBILISE, 05-Oct-2026,97.75,103.25,97.75,103.25,98.35,9600,9.74,6,9600.0,100.0
MOCAPITAL, 05-Oct-2026,51.29,51.7,50.8,51.37,50.75,589229,302.47,3797,318172.0,54.0
MODEFENCE, 05-Oct-2026,101.72,103.22,99.7,100.54,100.71,960834,965.23,11089,487270.0,50.71
MODINATUR, 05-Oct-2026,328.5,328.8,324.0,325.05,324.45,3235,10.6,95,3137.0,96.97
MODIRUBBER, 05-Oct-2026,122.11,122.11,118.2,121.85,119.72,318,0.38,20,178.0,55.97
MODIS, 05-Oct-2026,370.0,384.0,364.35,372.25,367.85,22397,83.68,486,14933.0,66.67
MODTHREAD, 05-Oct-2026,45.91,47.89,45.9,46.58,45.66,2245,1.04,18,1416.0,63.07
MOENERGY, 05-Oct-2026,37.42,37.42,36.69,36.87,36.69,110816,40.93,969,67202.0,60.64
MOGOLD, 05-Oct-2026,145.2,145.75,144.15,145.55,145.2,62581,90.97,672,55095.0,88.04
MOGSEC, 05-Oct-2026,63.53,65.29,63.53,64.61,65.16,7722,4.99,133,5087.0,65.88
MOHEALTH, 05-Oct-2026,51.75,51.75,49.63,49.99,50.81,79993,40.12,1190,52238.0,65.3
MOHITE, 05-Oct-2026,2.42,2.54,2.42,2.43,2.49,10131,0.25,80,6956.0,68.66
MOHITIND, 05-Oct-2026,22.9,23.5,22.63,22.64,22.78,2569,0.58,45,1895.0,73.76
MOIL, 05-Oct-2026,235.2,243.5,235.2,236.49,232.66,690784,1652.42,13978,236964.0,34.3
MOINFRA, 05-Oct-2026,56.91,56.91,55.67,56.11,55.79,3741,2.1,77,1495.0,39.96
MOIPO, 05-Oct-2026,45.5,47.45,45.5,47.31,45.5,3595,1.67,51,3409.0,94.83
MOKSH, 05-Oct-2026,9.16,9.64,9.16,9.31,9.19,30725,2.88,219,18967.0,61.73
MOL, 05-Oct-2026,54.93,56.99,53.31,54.83,55.13,1229458,674.17,7611,471570.0,38.36
MOLBIO, 05-Oct-2026,1501.8,1558.3,1472.6,1503.4,1513.1,3050454,46098.95,154596,308548.0,10.11
MOLDTKPAC, 05-Oct-2026,669.0,684.0,665.45,680.7,658.85,81041,548.34,4905,47139.0,58.17
MOLOWVOL, 05-Oct-2026,33.05,34.55,33.05,33.95,33.9,98219,33.32,68,96036.0,97.78
MOM100, 05-Oct-2026,65.28,65.28,63.45,63.68,63.69,569400,364.02,5160,313278.0,55.02
MOM30IETF, 05-Oct-2026,30.11,30.17,29.82,29.96,29.82,573452,171.97,2235,358471.0,62.51
MOM50, 05-Oct-2026,238.99,238.99,234.79,235.61,235.67,21342,50.39,254,8285.0,38.82
MOMENTUM, 05-Oct-2026,29.82,30.09,29.65,29.73,29.76,51454,15.33,323,36002.0,69.97
MOMENTUM30, 05-Oct-2026,30.16,30.16,29.3,29.42,29.57,40172,11.83,226,17001.0,42.32
MOMENTUM50, 05-Oct-2026,52.64,52.7,51.95,52.21,52.1,408213,213.65,14451,201836.0,49.44
MOMETAL, 05-Oct-2026,12.84,12.84,12.4,12.55,12.59,26140,3.27,91,23795.0,91.03
MOMGF, 05-Oct-2026,152.39,152.47,150.99,152.03,152.7,1268,1.92,44,701.0,55.28
MOMIDMTM, 05-Oct-2026,62.72,62.77,61.07,61.09,61.49,129407,79.62,526,89166.0,68.9
MOMMIDCAP, 05-Oct-2026,12.58,12.58,12.35,12.41,12.33,684508,85.04,498,467392.0,68.28
MOMNC, 05-Oct-2026,30.14,30.16,29.78,30.0,30.04,1895,0.57,29,1702.0,89.82
MOMOMENTUM, 05-Oct-2026,60.45,60.7,58.07,59.56,59.26,51865,30.88,662,29461.0,56.8
MOMSBELIEF, 05-Oct-2026,227.0,237.0,220.0,228.74,226.92,244611,556.59,3694,149351.0,61.06
MON100, 05-Oct-2026,324.49,329.45,320.03,325.35,321.46,1487737,4830.3,42141,752046.0,50.55
MON50EQUAL, 05-Oct-2026,30.75,31.67,30.75,31.1,31.54,46693,14.56,130,46175.0,98.89
MONARCH, 05-Oct-2026,347.05,351.05,341.5,348.65,342.7,61652,213.16,1490,35637.0,57.8
MONEXT50, 05-Oct-2026,69.73,69.73,68.9,69.16,69.39,2712,1.88,111,2562.0,94.47
MONEYVIEW, 05-Oct-2026,55.85,59.0,50.56,51.51,53.88,218474338,119398.93,512329,31855011.0,14.58
MONIFTY100, 05-Oct-2026,24.7,24.7,23.67,23.8,24.64,31944,7.61,280,27707.0,86.74
MONIFTY500, 05-Oct-2026,23.37,23.37,22.32,22.53,22.46,3234487,724.3,2198,2652280.0,82.0
MONOLITH, 05-Oct-2026,1277.0,1294.0,1220.0,1229.05,1252.45,35000,437.45,109,26750.0,76.43
MONQ50, 05-Oct-2026,198.0,203.94,191.01,200.6,193.18,773635,1535.68,17517,282182.0,36.47
MONTECARLO, 05-Oct-2026,518.0,525.15,515.05,516.9,522.85,19032,98.8,1388,9555.0,50.2
MOOILGAS, 05-Oct-2026,10.77,10.77,10.47,10.57,10.93,48117,5.08,186,47250.0,98.2
MOPSE, 05-Oct-2026,95.22,95.22,94.29,94.95,94.75,698,0.66,15,698.0,100.0
MOQUALITY, 05-Oct-2026,189.39,198.0,186.42,190.65,187.34,21916,41.05,126,20994.0,95.79
MOREALTY, 05-Oct-2026,83.36,85.34,82.61,83.89,84.3,409161,345.1,1862,237454.0,58.03
MOREPENLAB, 05-Oct-2026,134.5,137.64,130.46,135.29,133.72,18241253,24421.37,85596,4762088.0,26.11
MOS, 05-Oct-2026,6.3,6.7,6.3,6.3,6.6,1588000,101.74,184,932000.0,58.69
MOSCHIP, 05-Oct-2026,201.0,201.85,194.81,195.84,198.03,799333,1577.18,16684,307588.0,38.48
MOSERVICE, 05-Oct-2026,29.25,29.4,29.12,29.21,29.03,11971,3.51,45,11818.0,98.72
MOSILVER, 05-Oct-2026,218.86,219.4,216.8,218.63,215.92,37688,82.05,640,18348.0,48.68
MOSMALL250, 05-Oct-2026,18.05,18.05,17.6,17.72,17.72,633377,112.19,3508,331932.0,52.41
MOTHERSON, 05-Oct-2026,157.0,159.39,154.76,156.5,157.03,14480075,22631.34,106253,8157007.0,56.33
MOTILALOFS, 05-Oct-2026,991.0,1018.9,987.9,1011.1,989.9,445092,4492.24,26939,167776.0,37.69
MOTISONS, 05-Oct-2026,18.0,18.41,17.55,17.74,17.88,24288664,4355.2,22706,5443430.0,22.41
MOTOGENFIN, 05-Oct-2026,25.48,25.48,24.36,24.53,25.08,2838,0.7,67,1634.0,57.58
MOTOUR, 05-Oct-2026,76.48,76.48,74.33,75.19,75.46,15861,11.94,171,7302.0,46.04
MOVALUE, 05-Oct-2026,108.87,108.87,106.3,106.82,108.25,73685,78.89,1387,40389.0,54.81
MPEL, 05-Oct-2026,23.9,23.9,23.9,23.9,25.15,1600,0.38,1,1600.0,100.0
MPHASIS, 05-Oct-2026,2277.8,2342.0,2239.2,2297.1,2250.2,1107616,25437.02,42255,580930.0,52.45
MPIMANIPAL, 05-Oct-2026,415.0,430.0,381.2,389.7,401.4,2163634,8766.06,62063,394138.0,18.22
MPSLTD, 05-Oct-2026,2628.4,2675.9,2600.8,2637.4,2628.4,7943,209.2,1820,4362.0,54.92
MRF, 05-Oct-2026,123915.0,124490.0,122755.0,123330.0,123715.0,3098,3823.59,2315,1277.0,41.22
MRIL, 05-Oct-2026,72.2,72.2,72.2,72.2,76.0,1600,1.16,1,1600.0,100.0
MRPL, 05-Oct-2026,164.79,173.7,163.25,172.43,164.76,13082595,22171.17,76853,2192024.0,16.76
MSCI360, 05-Oct-2026,9.57,9.57,9.47,9.56,9.47,2316,0.22,30,2316.0,100.0
MSCIINDIA, 05-Oct-2026,28.05,28.17,27.85,28.04,28.03,22725,6.36,197,21726.0,95.6
MSL, 05-Oct-2026,144.0,150.9,140.0,148.45,144.99,522,0.76,40,468.0,89.66
MSPL, 05-Oct-2026,32.04,32.8,31.52,31.65,32.52,893166,285.92,4587,512780.0,57.41
MSTCLTD, 05-Oct-2026,705.0,705.6,687.5,693.75,705.8,201122,1401.9,9335,103754.0,51.59
MSUMI, 05-Oct-2026,33.53,33.7,32.7,32.89,33.53,8274064,2732.25,43813,4052082.0,48.97
MTNL, 05-Oct-2026,24.6,24.6,23.0,23.19,24.66,3516200,834.15,11367,782003.0,22.24
MUFIN, 05-Oct-2026,131.3,134.43,130.6,132.89,130.59,1067885,1419.81,7170,211280.0,19.78
MUFTI, 05-Oct-2026,70.24,70.76,69.2,69.7,70.24,42543,29.77,680,27677.0,65.06
MUKANDLTD, 05-Oct-2026,174.4,189.9,173.76,182.2,172.66,1971183,3629.15,25683,538556.0,27.32
MUKESHB, 05-Oct-2026,128.0,128.0,128.0,128.0,128.8,9,0.01,1,9.0,100.0
MUKTAARTS, 05-Oct-2026,55.92,56.5,54.0,54.89,55.92,2425,1.32,59,1967.0,81.11
MULTICAP, 05-Oct-2026,15.99,15.99,15.75,15.83,15.78,179607,28.44,726,99864.0,55.6
MUNISH, 05-Oct-2026,87.0,87.0,86.1,86.45,86.6,6000,5.19,5,4800.0,80.0
MUNJALAU, 05-Oct-2026,105.9,106.88,103.65,105.56,104.07,353413,372.0,4856,77869.0,22.03
MUNJALSHOW, 05-Oct-2026,125.0,126.7,123.23,124.03,124.53,15447,19.22,494,8408.0,54.43
MURUDCERA, 05-Oct-2026,27.55,28.84,27.55,28.01,28.06,13934,3.92,117,10965.0,78.69
MUTHOOTCAP, 05-Oct-2026,220.86,220.86,211.01,219.33,218.08,8382,18.13,517,4734.0,56.48
MUTHOOTFIN, 05-Oct-2026,2711.0,2747.8,2700.0,2716.4,2697.1,499788,13599.48,40424,268410.0,53.7
MUTHOOTMF, 05-Oct-2026,177.58,183.49,174.52,176.38,174.09,141785,251.82,4028,73486.0,51.83
MVELECTRO, 05-Oct-2026,855.8,920.6,850.0,897.55,836.95,3364393,30328.49,83316,669187.0,19.89
MVGJL, 05-Oct-2026,212.94,216.99,200.4,204.36,206.69,257200,531.57,6468,92176.0,35.84
MVKAGRO, 05-Oct-2026,243.95,243.95,228.35,228.65,240.35,89700,207.46,183,57900.0,64.55
MWL, 05-Oct-2026,41.7,42.74,40.96,41.53,43.13,1175803,491.45,6391,617312.0,52.5
MYMUDRA, 05-Oct-2026,72.0,75.0,70.0,72.65,69.3,73200,53.18,36,63600.0,86.89
NACLIND, 05-Oct-2026,130.41,132.41,128.4,130.29,130.41,220568,287.22,4731,100822.0,45.71
NAGREEKCAP, 05-Oct-2026,24.57,25.87,24.57,25.49,25.34,7710,1.94,71,7424.0,96.29
NAGREEKEXP, 05-Oct-2026,21.29,21.97,20.1,20.87,21.29,18915,3.97,181,13981.0,73.91
NAHARCAP, 05-Oct-2026,233.6,238.03,230.0,233.82,237.31,2513,5.91,70,1753.0,69.76
NAHARINDUS, 05-Oct-2026,128.0,130.0,126.1,127.08,127.74,10196,13.0,260,7270.0,71.3
NAHARPOLY, 05-Oct-2026,222.81,230.01,220.21,222.21,225.64,2606,5.81,103,1806.0,69.3
NAHARSPING, 05-Oct-2026,255.5,260.7,249.2,250.15,255.5,27426,69.68,950,18467.0,67.33
NAM-INDIA, 05-Oct-2026,1049.0,1069.5,1046.0,1061.0,1046.0,842149,8929.32,43667,441162.0,52.39
NAMAN, 05-Oct-2026,48.2,48.2,48.2,48.2,48.2,800,0.39,1,800.0,100.0
NAMOEWASTE, 05-Oct-2026,305.0,326.0,305.0,323.5,310.7,46400,147.75,44,28000.0,60.34
NARMADA, 05-Oct-2026,12.35,13.2,12.01,12.3,12.31,752647,93.58,1805,278096.0,36.95
NATCOPHARM, 05-Oct-2026,825.0,827.45,801.4,821.5,821.3,571712,4642.22,34755,320181.0,56.0
NATHBIOGEN, 05-Oct-2026,140.0,142.44,133.0,134.29,137.74,15278,20.83,722,11554.0,75.63
NATIONALUM, 05-Oct-2026,335.9,344.1,334.3,340.0,334.9,5169746,17456.29,65108,2487770.0,48.12
NATIONSTD, 05-Oct-2026,116.05,116.05,112.0,112.51,114.91,5158,5.81,169,3005.0,58.26
NAUKRI, 05-Oct-2026,1220.3,1241.0,1198.4,1201.7,1200.0,2021519,24520.22,84762,1086579.0,53.75
NAVA, 05-Oct-2026,555.0,564.85,552.0,556.7,552.5,302296,1684.53,19579,144775.0,47.89
NAVINFLUOR, 05-Oct-2026,8217.5,8333.5,8115.0,8272.0,8136.5,133656,11000.13,41087,84305.0,63.08
NAVKARCORP, 05-Oct-2026,85.5,86.96,84.0,84.94,85.07,213039,181.8,2673,106173.0,49.84
NAVKARURB, 05-Oct-2026,0.87,0.87,0.82,0.83,0.85,491182,4.14,339,307149.0,62.53
NAVNETEDUL, 05-Oct-2026,126.2,126.2,122.5,122.97,123.87,82595,101.99,1642,49826.0,60.33
NAZARA, 05-Oct-2026,388.45,393.45,379.1,385.8,384.7,2285380,8825.91,34214,921679.0,40.33
NBCC, 05-Oct-2026,78.11,78.27,75.75,76.2,77.4,7593129,5812.59,36371,3404147.0,44.83
NBIFIN, 05-Oct-2026,1855.2,1855.2,1815.0,1819.0,1857.9,458,8.37,90,386.0,84.28
NCC, 05-Oct-2026,130.1,131.39,127.72,128.79,130.06,1624082,2098.22,22405,670237.0,41.27
NCLIND, 05-Oct-2026,169.55,172.5,167.51,168.85,170.03,43662,73.87,807,33377.0,76.44
NDGL, 05-Oct-2026,2422.0,2430.0,2330.0,2354.3,2411.0,492,11.74,95,372.0,75.61
NDL, 05-Oct-2026,2.63,2.67,2.58,2.59,2.54,942759,24.63,1210,616748.0,65.42
NDLVENTURE, 05-Oct-2026,123.0,126.7,122.27,123.17,125.24,5077,6.25,126,4277.0,84.24
NDRAUTO, 05-Oct-2026,710.4,721.0,695.0,706.8,715.85,11897,83.95,936,6320.0,53.12
NDTV, 05-Oct-2026,68.47,69.12,66.95,67.19,68.08,64220,43.38,1251,33904.0,52.79
NEAGI, 05-Oct-2026,3292.9,3292.9,3292.9,3292.9,3309.4,5,0.16,2,5.0,100.0
NECCLTD, 05-Oct-2026,19.55,19.55,17.68,19.12,18.41,129283,24.13,436,96928.0,74.97
NECLIFE, 05-Oct-2026,10.43,10.58,10.18,10.48,10.23,302353,31.58,357,286729.0,94.83
NELCAST, 05-Oct-2026,119.83,123.3,118.18,121.43,121.03,153030,185.1,3104,50836.0,33.22
NELCO, 05-Oct-2026,897.0,915.0,880.05,885.1,889.2,129029,1156.76,6386,52915.0,41.01
NEOCHEM, 05-Oct-2026,102.8,104.7,100.0,104.7,101.0,19200,19.72,15,18000.0,93.75
NEOGEN, 05-Oct-2026,2419.0,2447.9,2300.0,2311.2,2407.1,116983,2745.73,19082,56746.0,48.51
NEPHROCARE, 05-Oct-2026,92.0,92.0,85.0,86.9,89.65,29200,25.61,56,23200.0,79.45
NEPHROPLUS, 05-Oct-2026,653.5,658.0,635.0,637.65,648.95,135567,868.61,13600,70713.0,52.16
NESCO, 05-Oct-2026,1045.0,1051.5,1027.1,1036.6,1028.2,31885,331.34,5796,15774.0,49.47
NESTLEIND, 05-Oct-2026,1305.4,1311.3,1292.9,1297.1,1307.7,1676136,21789.5,44596,1092313.0,65.17
NETF, 05-Oct-2026,253.79,253.79,243.16,246.03,247.6,5909,14.55,304,3106.0,52.56
NETWEB, 05-Oct-2026,4543.0,4790.0,4535.0,4765.1,4520.3,1646842,77342.77,129375,410057.0,24.9
NETWORK18, 05-Oct-2026,25.52,26.02,25.3,25.44,25.43,2117185,541.75,5832,830669.0,39.23
NEULANDLAB, 05-Oct-2026,21500.0,21960.0,21090.0,21875.0,21505.0,62813,13568.58,25495,31363.0,49.93
NEWGEN, 05-Oct-2026,464.8,472.55,456.35,458.75,456.35,657395,3046.15,33379,229906.0,34.97
NEWJAISA, 05-Oct-2026,16.3,17.1,16.3,17.0,17.1,33000,5.44,9,31500.0,95.45
NEXT30ADD, 05-Oct-2026,40.0,40.24,39.99,40.21,39.83,14108,5.65,90,12373.0,87.7
NEXT50, 05-Oct-2026,715.36,719.63,711.1,714.71,713.61,45526,325.29,1916,30443.0,66.87
NEXT50ADD, 05-Oct-2026,71.57,71.57,69.25,69.69,71.62,12520,8.73,323,6852.0,54.73
NEXT50BETA, 05-Oct-2026,74.71,75.88,74.42,75.03,74.7,118869,89.08,1209,50968.0,42.88
NEXT50ETF, 05-Oct-2026,71.54,71.54,69.5,69.79,70.14,33426,23.35,247,32998.0,98.72
NEXT50IETF, 05-Oct-2026,72.97,74.43,72.7,73.17,72.97,896654,655.4,8953,549755.0,61.31
NEXTMEDIA, 05-Oct-2026,3.58,3.58,3.45,3.57,3.58,13843,0.49,55,12113.0,87.5
NFL, 05-Oct-2026,63.99,64.45,63.12,63.28,63.85,487718,310.52,4262,217644.0,44.62
NFPSAMPOOR, 05-Oct-2026,20.3,20.3,20.3,20.3,20.8,2000,0.41,1,2000.0,100.0
NGIL, 05-Oct-2026,38.5,41.35,35.99,36.83,38.43,37292,13.78,262,27615.0,74.05
NGLFINE, 05-Oct-2026,2930.0,3045.0,2841.0,2988.3,2924.0,7251,214.17,1526,3513.0,48.45
NH, 05-Oct-2026,1744.9,1749.6,1709.6,1722.4,1741.4,92682,1598.98,14849,46705.0,50.39
NHPC, 05-Oct-2026,71.75,72.83,71.1,72.0,71.75,4447161,3187.09,26010,2399167.0,53.95
NIACL, 05-Oct-2026,160.21,163.0,157.7,158.36,160.21,1226665,1961.7,22202,419754.0,34.22
NIBE, 05-Oct-2026,1236.0,1253.3,1214.0,1221.3,1234.5,28920,355.9,2700,12023.0,41.57
NIBL, 05-Oct-2026,32.98,32.98,31.32,31.33,31.32,6562,2.06,116,5412.0,82.47
NICCOPAR, 05-Oct-2026,82.65,82.65,80.0,80.1,79.5,277,0.22,18,247.0,89.17
NIDAN, 05-Oct-2026,12.9,12.9,12.6,12.6,12.9,4000,0.51,4,3000.0,75.0
NIF100BEES, 05-Oct-2026,257.0,257.0,249.52,251.2,252.27,71279,178.93,1007,54317.0,76.2
NIF100IETF, 05-Oct-2026,26.25,26.7,26.25,26.38,26.33,158488,41.87,2779,95249.0,60.1
NIF500BETA, 05-Oct-2026,36.6,38.9,35.04,36.3,34.65,49278,17.82,171,11992.0,24.34
NIFTY1, 05-Oct-2026,249.52,252.97,248.92,250.5,249.52,97714,244.59,2870,52194.0,53.42
NIFTY100EW, 05-Oct-2026,33.69,33.69,32.87,33.1,33.52,111271,36.82,514,89483.0,80.42
NIFTYADD, 05-Oct-2026,239.46,239.46,236.68,237.98,237.09,154001,366.92,406,139198.0,90.39
NIFTYAXIS, 05-Oct-2026,243.19,256.9,243.19,250.63,249.43,24479,61.04,398,10083.0,41.19
NIFTYBEES, 05-Oct-2026,256.5,259.69,255.8,257.29,256.5,8564375,22031.9,144248,4748033.0,55.44
NIFTYBETA, 05-Oct-2026,249.0,256.15,249.0,250.26,249.91,79397,198.72,872,70377.0,88.64
NIFTYBETF, 05-Oct-2026,231.07,234.16,230.95,232.63,231.07,7173,16.64,221,3528.0,49.18
NIFTYCASE, 05-Oct-2026,9.18,9.18,9.01,9.07,9.03,1373579,124.55,2897,969383.0,70.57
NIFTYETF, 05-Oct-2026,250.78,250.78,244.25,245.6,244.67,194755,478.06,1530,127726.0,65.58
NIFTYIETF, 05-Oct-2026,257.49,257.49,254.54,256.15,255.21,836360,2138.8,23471,531088.0,63.5
NIFTYJBLK, 05-Oct-2026,11.38,11.82,11.38,11.59,11.54,381854,44.16,872,132223.0,34.63
NIFTYQLITY, 05-Oct-2026,20.26,20.26,19.7,19.84,19.77,161488,32.0,249,112905.0,69.92
NIITLTD, 05-Oct-2026,84.99,87.1,82.57,83.89,84.94,122628,103.03,2441,42045.0,34.29
NIITMTS, 05-Oct-2026,190.02,203.26,190.02,199.62,191.08,170084,337.92,6875,89889.0,52.85
NIKITA, 05-Oct-2026,72.7,72.7,70.0,72.35,66.1,31200,22.43,21,21600.0,69.23
NILAINFRA, 05-Oct-2026,6.73,6.95,6.65,6.71,6.57,192035,12.94,613,138846.0,72.3
NILASPACES, 05-Oct-2026,11.48,11.48,10.81,11.0,11.22,433053,48.12,2014,155807.0,35.98
NILE, 05-Oct-2026,1297.0,1297.0,1212.6,1226.0,1243.2,4135,51.95,738,2261.0,54.68
NILKAMAL, 05-Oct-2026,1860.0,1899.3,1820.1,1829.5,1871.8,17730,329.07,3451,8366.0,47.19
NIMBSPROJ, 05-Oct-2026,190.8,195.0,180.1,187.32,189.45,37323,68.86,555,6065.0,16.25
NINSYS, 05-Oct-2026,830.0,844.85,808.0,842.0,804.65,16316,136.19,975,10863.0,66.58
NIPPOBATRY, 05-Oct-2026,322.0,323.95,317.0,318.75,314.45,2579,8.27,141,1966.0,76.23
NIRAJ, 05-Oct-2026,28.29,28.5,27.32,27.92,27.74,26158,7.23,78,22113.0,84.54
NIRLON, 05-Oct-2026,615.45,619.55,612.1,615.4,606.8,3982,24.51,691,2616.0,65.7
NIRMAN, 05-Oct-2026,25.45,30.5,25.45,27.0,25.45,42600,11.64,79,29100.0,68.31
NITCO, 05-Oct-2026,84.99,85.33,82.13,82.69,84.18,555619,461.43,2818,301464.0,54.26
NITINSPIN, 05-Oct-2026,597.6,612.5,595.3,604.75,594.6,83708,505.62,5084,45873.0,54.8
NITIRAJ, 05-Oct-2026,205.0,205.0,200.31,202.14,200.9,353,0.72,25,339.0,96.03
NITTAGELA, 05-Oct-2026,1716.3,1719.0,1665.0,1668.9,1664.3,1183,19.82,250,730.0,61.71
NIVABUPA, 05-Oct-2026,72.98,77.3,72.6,75.85,72.98,2936428,2216.5,35600,1252577.0,42.66
NLCINDIA, 05-Oct-2026,255.45,257.65,251.15,252.45,253.2,620352,1572.22,15799,294277.0,47.44
NMDC, 05-Oct-2026,75.0,75.51,73.06,73.74,74.64,11989948,8888.45,65655,5898036.0,49.19
NOCIL, 05-Oct-2026,167.6,171.14,164.65,165.83,168.85,540544,900.87,8851,231945.0,42.91
NOIDATOLL, 05-Oct-2026,3.77,3.77,3.55,3.56,3.56,182994,6.68,496,87418.0,47.77
NORBTEAEXP, 05-Oct-2026,69.04,70.76,65.59,65.59,69.04,2311,1.55,96,1636.0,70.79
NORTHARC, 05-Oct-2026,292.7,295.0,288.4,289.45,288.7,326239,950.92,7464,168129.0,51.54
NOVAAGRI, 05-Oct-2026,22.22,22.98,22.0,22.39,22.22,50586,11.4,408,31241.0,61.76
NOVARTIND, 05-Oct-2026,2027.7,2161.5,1955.0,1967.8,1965.0,192487,3996.62,12065,46621.0,24.22
NPBET, 05-Oct-2026,277.6,282.6,276.1,276.1,277.6,730,2.03,45,705.0,96.58
NPST, 05-Oct-2026,1766.5,1850.0,1761.6,1833.5,1766.5,70247,1272.97,9128,30902.0,43.99
NRAIL, 05-Oct-2026,680.0,680.0,650.05,661.35,659.5,31444,208.71,1976,16345.0,51.98
NRBBEARING, 05-Oct-2026,549.0,556.85,533.55,535.7,542.6,406034,2205.5,24504,140982.0,34.72
NRVANDANA, 05-Oct-2026,72.0,73.5,70.7,73.1,69.15,21000,15.17,7,12000.0,57.14
NSIL, 05-Oct-2026,5269.5,5269.5,5150.0,5199.5,5163.5,1514,78.69,447,928.0,61.29
NSLNISP, 05-Oct-2026,41.0,41.3,40.31,40.5,40.95,3000968,1222.98,14757,1441521.0,48.04
NTCIND, 05-Oct-2026,126.0,137.7,126.0,135.97,129.51,1573,2.14,46,864.0,54.93
NTPC, 05-Oct-2026,316.05,323.55,316.05,321.8,315.1,9458589,30372.14,111347,6339138.0,67.02
NTPCGREEN, 05-Oct-2026,91.1,91.57,89.55,90.09,91.09,1231775,1113.19,22242,473019.0,38.4
NUCLEUS, 05-Oct-2026,648.1,652.45,636.05,637.75,646.95,10735,68.94,1230,6651.0,61.96
NUVAMA, 05-Oct-2026,1709.4,1865.0,1706.0,1820.8,1701.4,4036851,73436.22,209658,511738.0,12.68
NUVOCO, 05-Oct-2026,324.0,329.45,322.0,326.1,322.1,179658,585.84,14615,74323.0,41.37
NV20, 05-Oct-2026,12.77,13.34,12.77,13.2,13.1,180623,23.81,478,68037.0,37.67
NV20BEES, 05-Oct-2026,132.11,133.0,130.7,131.79,131.46,20940,27.57,393,10871.0,51.91
NV20IETF, 05-Oct-2026,12.79,12.98,12.72,12.8,12.79,689915,88.38,3396,330491.0,47.9
NXST, 05-Oct-2026,166.7,167.44,164.75,164.99,165.57,383340,635.75,11989,269021.0,70.18
NYKAA, 05-Oct-2026,335.0,344.55,335.0,339.55,324.95,19341790,65760.34,249854,6365384.0,32.91
OAL, 05-Oct-2026,540.0,540.0,495.4,515.1,532.2,56880,290.33,3802,17931.0,31.52
OBCL, 05-Oct-2026,55.79,57.8,55.4,55.85,54.39,2034,1.15,29,1978.0,97.25
OBEROIRLTY, 05-Oct-2026,1754.6,1793.7,1749.2,1751.2,1754.6,419733,7419.4,18553,266943.0,63.6
OBSCP, 05-Oct-2026,899.1,924.9,881.05,888.7,892.1,26800,241.59,67,14800.0,55.22
ODIGMA, 05-Oct-2026,21.11,21.5,20.51,20.66,21.11,7462,1.56,352,6151.0,82.43
ODYCORP, 05-Oct-2026,6.97,7.13,6.8,6.85,6.91,18370,1.27,82,16478.0,89.7
OFSS, 05-Oct-2026,10525.0,10655.0,10364.0,10470.0,10420.0,158183,16620.18,30487,57332.0,36.24
OIL, 05-Oct-2026,444.0,450.65,441.05,446.5,444.0,2225503,9939.47,36031,1193233.0,53.62
OILIETF, 05-Oct-2026,10.41,10.8,10.41,10.68,10.68,1043053,111.41,2817,567419.0,54.4
OLAELEC, 05-Oct-2026,37.08,37.27,36.52,36.68,37.08,35609938,13123.32,100726,8317060.0,23.36
OLECTRA, 05-Oct-2026,1108.0,1115.5,1069.9,1078.4,1096.2,409750,4450.1,21955,229248.0,55.95
OLIL, 05-Oct-2026,438.05,447.0,438.05,443.65,454.5,11600,51.27,18,8800.0,75.86
OMAXAUTO, 05-Oct-2026,200.14,210.78,197.52,201.44,201.14,59335,120.43,1117,30863.0,52.01
OMAXE, 05-Oct-2026,109.5,110.25,105.99,107.43,108.78,322612,347.71,5220,108300.0,33.57
OMFREIGHT, 05-Oct-2026,103.99,103.99,96.0,100.95,97.5,47465,47.4,461,35793.0,75.41
OMINFRAL, 05-Oct-2026,76.08,77.55,74.0,74.84,76.08,46344,34.99,1514,21800.0,47.04
OMNI, 05-Oct-2026,620.0,644.0,611.65,632.15,608.65,1584512,10021.78,56486,427044.0,26.95
OMPOWER, 05-Oct-2026,160.0,160.0,150.2,152.06,157.74,76219,118.11,1519,35530.0,46.62
ONEGLOBAL, 05-Oct-2026,545.9,550.0,528.95,547.2,525.4,9461,51.24,716,7872.0,83.2
ONEPOINT, 05-Oct-2026,75.1,81.0,74.3,78.33,74.37,10495734,8241.32,63278,2480815.0,23.64
ONESOURCE, 05-Oct-2026,1510.0,1516.5,1470.5,1488.3,1508.0,151299,2252.13,19461,76639.0,50.65
ONGC, 05-Oct-2026,222.5,226.69,222.42,224.9,222.37,19420879,43572.24,106287,13513768.0,69.58
ONIDA, 05-Oct-2026,31.35,32.13,30.5,31.06,31.34,347326,108.77,3252,186883.0,53.81
ONIXSOLAR, 05-Oct-2026,340.0,344.85,322.75,334.6,339.7,247853,826.44,2333,196763.0,79.39
ONWARDTEC, 05-Oct-2026,291.0,293.0,285.4,290.75,291.3,24399,70.79,1000,14678.0,60.16
ONYX, 05-Oct-2026,37.55,37.55,37.5,37.5,37.55,6000,2.25,3,6000.0,100.0
OPTIEMUS, 05-Oct-2026,817.0,833.9,781.5,786.2,803.7,500498,4073.29,24665,215135.0,42.98
OPTIFIN, 05-Oct-2026,14.61,15.44,14.47,14.66,14.47,85029,12.5,220,72538.0,85.31
OPTIMYSTIX, 05-Oct-2026,128.1,134.0,128.0,133.0,132.0,15200,19.92,19,7200.0,47.37
OPTIVALUE, 05-Oct-2026,214.0,224.7,213.0,224.7,214.0,59200,130.11,33,57600.0,97.3
ORBTEXP, 05-Oct-2026,245.0,249.5,236.05,240.4,243.65,7504,18.18,228,4248.0,56.61
ORCHASP, 05-Oct-2026,1.34,1.34,1.22,1.24,1.28,202245,2.61,208,158955.0,78.6
ORCHPHARMA, 05-Oct-2026,990.45,1003.2,960.0,965.9,990.0,68202,663.54,7935,30388.0,44.56
ORIANA, 05-Oct-2026,305.0,309.0,290.0,298.9,303.45,262875,784.06,574,147375.0,56.06
ORICONENT, 05-Oct-2026,49.98,53.0,49.43,52.44,49.98,93292,48.31,1184,65859.0,70.59
ORIENTALTL, 05-Oct-2026,5.03,5.03,4.77,4.83,4.81,42532,2.07,209,27056.0,63.61
ORIENTBELL, 05-Oct-2026,408.6,428.8,402.5,417.1,398.55,86469,359.49,4317,32902.0,38.05
ORIENTCABL, 05-Oct-2026,450.0,464.85,405.0,405.0,272.0,13566765,59102.24,152663,7876568.0,58.06
ORIENTCEM, 05-Oct-2026,116.09,119.0,115.24,116.16,115.91,147810,171.43,2264,65403.0,44.25
ORIENTCER, 05-Oct-2026,44.5,45.7,42.3,43.61,44.12,123904,53.94,1434,57126.0,46.11
ORIENTELEC, 05-Oct-2026,155.8,160.99,151.65,157.71,154.46,258174,408.31,5331,81921.0,31.73
ORIENTHOT, 05-Oct-2026,139.6,141.8,137.61,140.87,140.0,149684,211.03,1858,73309.0,48.98
ORIENTPPR, 05-Oct-2026,16.11,16.49,16.03,16.17,16.23,124998,20.2,526,81692.0,65.35
ORIENTTECH, 05-Oct-2026,232.0,237.8,221.2,222.47,229.25,148888,334.24,4806,70254.0,47.19
ORIRAIL, 05-Oct-2026,126.5,126.5,121.0,122.39,124.15,42451,52.22,1011,19561.0,46.08
ORISSAMINE, 05-Oct-2026,3538.6,3627.4,3492.9,3522.2,3538.6,5324,188.46,1315,2113.0,39.69
ORKLAINDIA, 05-Oct-2026,548.35,548.35,535.1,539.2,537.2,43931,236.53,4673,19255.0,43.83
ORTINGLOBE, 05-Oct-2026,14.36,14.84,13.82,13.82,14.52,25484,3.59,64,17530.0,68.79
OSELDEVICE, 05-Oct-2026,370.0,381.95,356.15,365.8,368.55,25400,92.59,99,16000.0,62.99
OSWALAGRO, 05-Oct-2026,33.15,33.7,32.7,32.98,33.11,38253,12.65,244,33971.0,88.81
OSWALGREEN, 05-Oct-2026,19.5,19.7,19.0,19.14,19.28,121806,23.56,2112,45058.0,36.99
OSWALPUMPS, 05-Oct-2026,265.0,268.45,261.6,265.1,264.25,278244,736.92,6250,117742.0,42.32
OSWALSEEDS, 05-Oct-2026,12.22,12.6,12.15,12.18,12.39,66839,8.2,246,46505.0,69.58
OWAIS, 05-Oct-2026,68.4,68.4,65.85,67.5,67.1,4800,3.23,33,4700.0,97.92
PACEDIGITK, 05-Oct-2026,168.0,169.86,162.26,164.04,167.35,915203,1505.85,13254,311378.0,34.02
PACIFICI, 05-Oct-2026,144.99,148.95,138.0,139.5,135.99,1376,1.98,79,1125.0,81.76
PAGEIND, 05-Oct-2026,37000.0,37830.0,36520.0,37465.0,36660.0,24628,9208.68,9760,10694.0,43.42
PAISALO, 05-Oct-2026,80.5,81.59,78.95,81.13,79.9,13369295,10799.81,33638,5542156.0,41.45
PAKKA, 05-Oct-2026,73.0,73.2,69.43,69.79,72.26,146654,103.14,1802,106245.0,72.45
PALASHSECU, 05-Oct-2026,84.1,90.0,83.1,87.94,84.5,2831,2.43,66,2132.0,75.31
PALREDTEC, 05-Oct-2026,41.78,43.74,41.0,43.67,41.77,407,0.17,13,386.0,94.84
PANACEABIO, 05-Oct-2026,360.1,362.1,347.7,350.25,359.05,51467,181.56,2082,32093.0,62.36
PANAMAPET, 05-Oct-2026,491.0,497.0,480.0,482.2,487.1,109018,529.43,5627,54507.0,50.0
PANORAMA, 05-Oct-2026,65.51,69.5,62.01,63.5,60.91,13683999,9020.35,54170,1694617.0,12.38
PANSARI, 05-Oct-2026,260.0,264.0,250.6,254.3,260.0,853,2.2,32,769.0,90.15
PARACABLES, 05-Oct-2026,58.0,58.0,55.52,56.08,56.51,729507,411.21,5512,369723.0,50.68
PARADEEP, 05-Oct-2026,151.85,154.21,150.0,153.6,151.22,1604847,2448.41,21887,579218.0,36.09
PARAGMILK, 05-Oct-2026,267.0,283.4,267.0,281.0,264.0,2320736,6399.24,32655,1111815.0,47.91
PARAGON, 05-Oct-2026,48.5,49.5,48.5,49.5,49.05,2400,1.18,2,2400.0,100.0
PARAMATRIX, 05-Oct-2026,56.0,56.0,54.0,54.9,56.0,15600,8.58,9,15600.0,100.0
PARAS, 05-Oct-2026,1276.1,1297.8,1252.5,1266.2,1276.0,532009,6759.68,39297,137119.0,25.77
PARASPETRO, 05-Oct-2026,2.02,2.09,2.0,2.06,2.02,91167,1.87,260,64520.0,70.77
PARIN, 05-Oct-2026,710.6,719.0,694.55,701.5,703.85,5691,40.16,438,3587.0,63.03
PARKHOSPS, 05-Oct-2026,270.35,274.0,261.0,267.75,270.8,1099956,2943.46,14773,629763.0,57.25
PARKHOTELS, 05-Oct-2026,105.1,105.11,100.6,103.83,103.55,194819,199.79,5375,91374.0,46.9
PARNAXLAB, 05-Oct-2026,113.0,117.9,111.12,113.23,113.14,972,1.11,24,771.0,79.32
PARTH, 05-Oct-2026,513.3,518.5,504.0,504.05,510.75,4400,22.44,11,2800.0,63.64
PARTY-RE, 05-Oct-2026,0.25,0.25,0.25,0.25,0.2,773892,1.93,119,773892.0,100.0
PARTYCRUS, 05-Oct-2026,98.0,98.0,97.05,97.05,98.0,2000,1.95,2,2000.0,100.0
PASHUPATI, 05-Oct-2026,80.0,81.6,72.39,74.03,78.99,576055,443.34,3827,180133.0,31.27
PASUPTAC, 05-Oct-2026,69.0,71.45,66.33,67.51,69.64,150318,103.16,2193,80804.0,53.76
PATANJALI, 05-Oct-2026,356.0,358.8,348.85,355.7,355.15,7070094,24994.62,40883,2089676.0,29.56
PATELENG, 05-Oct-2026,26.04,26.41,25.56,25.73,25.92,1542421,400.73,6111,705143.0,45.72
PATELRMART, 05-Oct-2026,213.65,224.0,210.89,222.9,211.0,133406,292.29,2747,54688.0,40.99
PATILAUTOM, 05-Oct-2026,330.0,330.0,310.0,320.35,325.55,29400,94.14,41,28200.0,95.92
PATINTLOG, 05-Oct-2026,13.23,13.4,12.75,13.02,13.23,53255,6.92,281,34020.0,63.88
PAUSHAKLTD, 05-Oct-2026,654.0,672.0,645.0,657.45,650.3,22958,151.42,1790,13302.0,57.94
PAVNAIND, 05-Oct-2026,15.94,15.94,15.3,15.45,15.36,12433,1.93,117,9965.0,80.15
PAYTM, 05-Oct-2026,1656.0,1694.0,1654.9,1684.0,1656.0,2267650,38044.39,77196,1081333.0,47.69
PBMPOLY, 05-Oct-2026,60.32,60.32,57.0,58.02,58.85,390,0.23,23,280.0,71.79
PCBL, 05-Oct-2026,322.85,327.2,318.6,320.35,321.5,457281,1472.43,15301,199090.0,43.54
PCCL, 05-Oct-2026,404.9,415.9,404.9,415.9,406.0,3200,13.0,6,2800.0,87.5
PCJEWELLER, 05-Oct-2026,13.0,13.32,12.86,13.06,12.82,199713384,26119.35,120038,41370198.0,20.71
PDMJEPAPER, 05-Oct-2026,96.29,97.68,94.25,95.85,95.56,124848,119.73,2277,55321.0,44.31
PDSL, 05-Oct-2026,351.1,354.9,339.15,342.3,347.55,94396,324.87,4733,59465.0,63.0
PEARLPOLY, 05-Oct-2026,17.78,17.78,16.62,17.22,17.09,4266,0.73,40,3536.0,82.89
PELATRO, 05-Oct-2026,376.5,376.5,359.0,363.45,359.9,6600,24.17,19,5100.0,77.27
PENIND, 05-Oct-2026,175.53,180.54,174.42,178.71,173.62,571235,1016.89,10750,302002.0,52.87
PENINLAND, 05-Oct-2026,14.81,14.95,14.22,14.5,14.62,133469,19.43,540,92227.0,69.1
PENTAGON, 05-Oct-2026,77.1,84.8,77.0,84.8,80.8,3000,2.39,3,2000.0,66.67
PERMAGN, 05-Oct-2026,880.0,903.8,837.6,859.0,861.3,4426,38.04,537,3174.0,71.71
PERNIASPOP, 05-Oct-2026,525.0,535.0,518.0,523.75,544.7,111092,580.95,5488,60349.0,54.32
PERSISTENT, 05-Oct-2026,5448.0,5620.0,5387.5,5530.0,5367.0,768988,42519.99,65767,284751.0,37.03
PETRONET, 05-Oct-2026,287.5,294.0,286.5,290.0,285.5,2861154,8323.12,53930,1397738.0,48.85
PFC, 05-Oct-2026,320.1,323.35,317.7,322.0,318.0,11353503,36413.05,95145,7334254.0,64.6
PFIZER, 05-Oct-2026,3858.9,3878.0,3809.6,3842.2,3858.9,49211,1885.56,14657,25210.0,51.23
PFOCUS, 05-Oct-2026,303.0,303.2,282.65,285.65,301.55,4184306,12108.61,44098,528540.0,12.63
PFS, 05-Oct-2026,28.81,29.5,28.0,28.19,28.81,774445,218.83,7546,356046.0,45.97
PGEL, 05-Oct-2026,487.55,500.8,485.0,487.7,481.1,1475580,7250.37,27593,608749.0,41.25
PGHH, 05-Oct-2026,6636.0,6785.0,6611.0,6768.0,6639.0,11457,767.78,4247,5944.0,51.88
PGHL, 05-Oct-2026,5360.0,5403.5,5280.0,5300.0,5360.0,8910,476.28,2790,4580.0,51.4
PGIL, 05-Oct-2026,1267.5,1289.3,1255.0,1266.5,1263.0,114074,1448.15,19943,64421.0,56.47
PGINVIT, 05-Oct-2026,101.9,102.25,101.0,102.1,101.84,1522715,1551.04,8726,1265888.0,83.13
PHANTOMFX, 05-Oct-2026,89.0,91.0,84.0,84.9,86.2,17400,15.14,43,13500.0,77.59
PHARMABEES, 05-Oct-2026,27.78,27.78,26.77,26.85,27.11,4845725,1302.55,18130,3098471.0,63.94
PHOENIXLTD, 05-Oct-2026,1911.1,1954.9,1909.2,1935.0,1930.0,430722,8326.12,34854,259021.0,60.14
PHOENXINTL, 05-Oct-2026,29.0,29.0,27.85,28.15,28.15,2758,0.78,52,2751.0,99.75
PICCADIL, 05-Oct-2026,581.0,595.0,579.1,588.45,581.05,144930,850.67,8803,71976.0,49.66
PIDILITIND, 05-Oct-2026,1464.2,1487.7,1458.2,1487.7,1464.0,843401,12411.19,49005,633497.0,75.11
PIGL, 05-Oct-2026,93.87,96.98,93.0,94.55,93.87,27104,25.7,563,17712.0,65.35
PIIND, 05-Oct-2026,2243.9,2287.9,2199.6,2220.0,2236.0,210128,4691.89,20873,100221.0,47.7
PILANIINVS, 05-Oct-2026,3975.0,4033.0,3933.0,3984.7,3892.3,3139,125.57,1369,2041.0,65.02
PILITA, 05-Oct-2026,7.4,7.5,7.31,7.39,7.45,19487,1.44,172,15074.0,77.35
PINELABS, 05-Oct-2026,169.5,171.48,166.27,167.16,167.59,9150895,15441.72,65581,3159847.0,34.53
PIONEEREMB, 05-Oct-2026,19.86,20.98,19.86,20.13,20.07,2014,0.41,46,779.0,38.68
PIRAMALFIN, 05-Oct-2026,2024.0,2046.0,1986.5,2002.6,2023.3,185520,3731.29,22794,76544.0,41.26
PITTIENG, 05-Oct-2026,1128.0,1143.1,1117.6,1127.3,1123.8,44959,508.17,4665,24004.0,53.39
PIXTRANS, 05-Oct-2026,1818.3,1860.0,1815.0,1834.2,1809.3,82916,1522.03,11981,17779.0,21.44
PLADAINFO, 05-Oct-2026,13.0,13.0,13.0,13.0,13.0,3000,0.39,1,3000.0,100.0
PLASTIBLEN, 05-Oct-2026,195.0,203.45,195.0,197.79,193.62,39678,79.06,1251,19621.0,49.45
PLATIND, 05-Oct-2026,205.1,207.0,198.5,203.83,202.0,538128,1099.6,2592,41402.0,7.69
PLAZACABLE, 05-Oct-2026,56.02,57.99,54.5,55.32,57.12,82221,45.55,1471,45768.0,55.66
PML, 05-Oct-2026,479.6,493.95,473.0,486.95,472.65,92,0.45,8,91.0,98.91
PNB, 05-Oct-2026,110.65,113.58,110.5,112.35,109.57,12282429,13796.93,66058,4002454.0,32.59
PNBGILTS, 05-Oct-2026,72.0,73.85,71.3,71.72,71.63,311935,226.15,3183,132326.0,42.42
PNBHOUSING, 05-Oct-2026,1092.0,1116.0,1088.3,1105.8,1092.0,638892,7050.39,33088,357267.0,55.92
PNC, 05-Oct-2026,18.27,18.27,16.6,17.22,18.09,8826,1.52,325,4621.0,52.36
PNCINFRA, 05-Oct-2026,140.23,140.23,136.45,137.03,138.16,400817,553.75,11815,193030.0,48.16
PNGJL, 05-Oct-2026,586.95,587.1,571.75,573.3,581.95,514316,2970.75,23785,254162.0,49.42
PNGSREVA, 05-Oct-2026,507.55,539.85,505.1,535.3,504.4,481628,2544.17,18847,123140.0,25.57
POCL, 05-Oct-2026,441.6,448.95,437.0,439.55,437.0,208064,918.68,7774,87364.0,41.99
PODDARMENT, 05-Oct-2026,254.05,264.0,251.0,251.95,253.65,1070,2.74,67,658.0,61.5
POEL, 05-Oct-2026,141.13,141.95,136.0,136.27,136.45,26509,36.74,1511,12288.0,46.35
POKARNA, 05-Oct-2026,702.6,719.8,690.45,699.2,699.1,43352,302.48,3379,20347.0,46.93
POLICYBZR, 05-Oct-2026,984.9,1006.3,945.1,976.2,980.0,13249741,129624.86,364271,4061565.0,30.65
POLYCAB, 05-Oct-2026,7990.0,8186.0,7980.5,8080.0,7990.0,424158,34340.98,44774,276162.0,65.11
POLYMED, 05-Oct-2026,1630.0,1639.1,1595.1,1619.6,1638.1,126764,2051.13,14916,70088.0,55.29
POLYPLEX, 05-Oct-2026,1028.0,1041.1,1015.0,1020.5,1028.0,28871,296.69,2776,18638.0,64.56
POLYSIL, 05-Oct-2026,57.45,60.0,55.7,55.85,58.6,18500,10.5,25,17000.0,91.89
POLYSPIN, 05-Oct-2026,28.0,32.36,28.0,28.87,29.5,766,0.22,29,572.0,74.67
PONNIERODE, 05-Oct-2026,375.15,386.7,366.3,368.4,372.35,53786,199.65,2299,35224.0,65.49
POOJALOGIS, 05-Oct-2026,122.0,122.0,115.9,119.2,122.0,174000,206.92,92,169200.0,97.24
POONAWALLA, 05-Oct-2026,438.05,453.9,436.5,451.95,433.4,1365007,6115.96,45249,564924.0,41.39
POSITRON, 05-Oct-2026,222.2,222.2,217.15,217.15,228.55,7500,16.4,24,7200.0,96.0
POWERGRID, 05-Oct-2026,255.4,259.5,255.4,257.0,254.55,7327971,18847.06,44990,4777513.0,65.2
POWERICA, 05-Oct-2026,589.05,600.35,584.0,587.15,589.15,100209,591.53,4888,46175.0,46.08
POWERINDIA, 05-Oct-2026,31500.0,32015.0,31380.0,31500.0,31290.0,72077,22786.74,21535,32218.0,44.7
POWERMECH, 05-Oct-2026,2476.1,2492.4,2410.1,2431.5,2476.2,37067,904.49,7092,12815.0,34.57
PPL, 05-Oct-2026,243.95,269.9,243.65,253.1,243.55,117672,305.42,3469,61417.0,52.19
PPLPHARMA, 05-Oct-2026,197.97,201.65,194.28,194.89,197.97,1898343,3733.93,29598,764134.0,40.25
PPSL, 05-Oct-2026,2.75,2.85,2.75,2.85,2.75,30000,0.84,9,30000.0,100.0
PRABHA, 05-Oct-2026,216.43,222.0,213.82,214.9,218.31,72107,156.26,1865,39526.0,54.82
PRADPME, 05-Oct-2026,465.0,479.0,450.05,470.65,449.25,8630,40.1,264,6768.0,78.42
PRAENG, 05-Oct-2026,20.0,20.5,18.21,19.01,20.09,96275,18.62,461,57165.0,59.38
PRAJIND, 05-Oct-2026,303.3,309.75,303.1,304.05,303.25,392337,1202.4,15635,151775.0,38.68
PRAKASH, 05-Oct-2026,119.0,121.22,116.76,119.72,118.69,413992,492.01,4680,209120.0,50.51
PRAKASHSTL, 05-Oct-2026,3.51,3.62,3.51,3.51,3.56,45516,1.62,322,39319.0,86.39
PRAMARA, 05-Oct-2026,104.5,104.5,98.5,101.25,102.1,7000,7.06,14,6500.0,92.86
PRAMODINI, 05-Oct-2026,115.15,119.9,113.0,113.5,115.05,74400,85.3,58,61200.0,82.26
PRANAV, 05-Oct-2026,100.0,100.5,91.8,93.21,97.21,2359841,2244.85,23439,634534.0,26.89
PRANIK, 05-Oct-2026,44.05,44.05,44.05,44.05,44.05,1600,0.7,1,1600.0,100.0
PRASOLCHEM, 05-Oct-2026,822.7,827.25,782.15,789.05,814.05,288218,2301.39,15426,118452.0,41.1
PRATHAM, 05-Oct-2026,120.1,124.0,120.1,124.0,127.5,10800,13.17,7,10800.0,100.0
PRAVEG, 05-Oct-2026,239.1,243.8,230.25,232.42,238.1,178581,417.86,1504,158464.0,88.74
PRAXIS, 05-Oct-2026,4.39,4.59,4.22,4.41,4.39,29052,1.3,111,21037.0,72.41
PRECAM, 05-Oct-2026,109.9,112.65,107.7,108.91,109.9,135479,148.09,3468,64121.0,47.33
PRECISION, 05-Oct-2026,6.8,7.05,6.5,6.85,6.8,48000,3.32,11,46000.0,95.83
PRECOT, 05-Oct-2026,648.7,649.0,594.6,605.1,638.35,7150,44.45,305,5082.0,71.08
PRECWIRE, 05-Oct-2026,506.0,524.0,504.85,507.4,501.4,934457,4815.02,45088,274927.0,29.42
PREMCO, 05-Oct-2026,399.95,399.95,394.1,398.8,399.95,196,0.78,26,196.0,100.0
PREMEXPLN, 05-Oct-2026,682.05,688.95,682.05,685.05,682.05,155880,1067.59,2925,114300.0,73.33
PREMIERENE, 05-Oct-2026,885.45,893.6,864.0,891.95,878.05,985692,8664.24,27748,404327.0,41.02
PREMIERPOL, 05-Oct-2026,91.02,106.05,89.81,101.54,90.64,5042542,5060.79,59523,493462.0,9.79
PREMIUM, 05-Oct-2026,44.9,46.2,44.0,46.2,44.9,15000,6.79,4,12000.0,80.0
PRESSTONIC, 05-Oct-2026,46.3,46.3,44.0,44.05,46.3,49600,21.95,46,44800.0,90.32
PRESTIGE, 05-Oct-2026,1484.4,1499.6,1445.0,1445.0,1486.1,745266,10854.58,19822,501431.0,67.28
PRICOLLTD, 05-Oct-2026,743.35,746.9,699.0,704.45,734.5,697878,4932.13,30089,416222.0,59.64
PRIMECAB, 05-Oct-2026,212.0,216.5,195.95,203.95,206.25,121600,249.57,69,110400.0,90.79
PRIMESECU, 05-Oct-2026,301.5,305.0,295.0,298.8,301.5,15156,45.58,480,6277.0,41.42
PRIMO, 05-Oct-2026,26.85,26.9,25.55,26.08,25.41,414021,108.19,1324,298574.0,72.12
PRINCEPIPE, 05-Oct-2026,246.9,251.0,243.2,247.45,246.9,125575,310.44,4437,62984.0,50.16
PRIORITY, 05-Oct-2026,294.0,315.9,287.05,291.2,290.45,508895,1534.56,14618,175653.0,34.52
PRISMX, 05-Oct-2026,0.52,0.52,0.49,0.5,0.52,477178,2.39,190,472711.0,99.06
PRITI, 05-Oct-2026,30.91,32.95,30.91,32.04,32.79,2125,0.68,85,1800.0,84.71
PRITIKAUTO, 05-Oct-2026,16.05,16.73,15.85,16.02,16.11,138076,22.37,806,85427.0,61.87
PRIVISCL, 05-Oct-2026,3570.0,3593.0,3424.1,3442.2,3573.0,186750,6491.78,27510,114873.0,61.51
PRIZOR, 05-Oct-2026,1200.0,1253.7,1200.0,1253.7,1194.0,18800,235.07,46,18000.0,95.74
PRLIND, 05-Oct-2026,44.2,46.45,44.0,44.55,44.0,34000,15.39,17,24000.0,70.59
PROPEQUITY, 05-Oct-2026,185.0,207.7,184.95,207.7,184.0,7200,13.9,12,6000.0,83.33
PROPSHOP, 05-Oct-2026,68.95,70.5,68.95,70.5,66.5,82000,57.21,13,80000.0,97.56
PROSTARM, 05-Oct-2026,136.8,140.2,131.15,132.0,135.41,374129,509.09,7319,119939.0,32.06
PROTEAN, 05-Oct-2026,643.0,657.65,635.0,639.05,639.75,346309,2236.28,14946,103016.0,29.75
PROZONER, 05-Oct-2026,53.0,53.69,49.52,50.54,52.53,267154,135.23,2644,150105.0,56.19
PRSMJOHNSN, 05-Oct-2026,104.47,104.59,101.7,102.06,103.61,215104,221.25,4703,110202.0,51.23
PRUDENT, 05-Oct-2026,3128.7,3153.5,3082.9,3108.1,3119.1,12341,384.0,5148,6262.0,50.74
PRUDMOULI, 05-Oct-2026,13.63,14.0,13.45,13.87,13.49,15810,2.19,153,14195.0,89.78
PSB, 05-Oct-2026,21.06,21.38,20.92,21.02,20.96,907370,191.47,3495,345888.0,38.12
PSPPROJECT, 05-Oct-2026,759.65,782.0,754.8,764.55,747.1,58824,451.88,3071,28011.0,47.62
PSRAJ, 05-Oct-2026,100.5,100.5,98.0,98.0,100.7,7500,7.46,3,7500.0,100.0
PSUBANK, 05-Oct-2026,79.94,81.28,79.93,80.31,79.52,78960,63.68,614,31904.0,40.41
PSUBANKADD, 05-Oct-2026,81.4,82.07,80.8,81.05,80.47,19772,16.07,317,7076.0,35.79
PSUBNKBEES, 05-Oct-2026,89.3,90.6,88.55,89.31,88.92,2167646,1942.34,8604,1530323.0,70.6
PSUBNKIETF, 05-Oct-2026,81.95,82.37,80.49,80.95,80.66,72226,59.0,1006,29423.0,40.74
PTC, 05-Oct-2026,156.45,157.9,155.0,157.52,154.79,3047215,4768.84,33461,1663495.0,54.59
PTCIL, 05-Oct-2026,22025.0,22620.0,21665.0,22530.0,22025.0,18625,4133.18,6268,6749.0,36.24
PTL, 05-Oct-2026,37.88,38.5,37.88,38.21,37.87,20109,7.69,751,14736.0,73.28
PUNJABCHEM, 05-Oct-2026,1040.0,1080.0,1032.1,1036.9,1040.9,1385,14.42,312,1021.0,73.72
PURPLEUTED, 05-Oct-2026,472.0,472.25,472.0,472.25,449.8,6250,29.51,16,6250.0,100.0
PURVA, 05-Oct-2026,205.0,209.8,201.41,206.93,204.64,126827,260.49,2515,57362.0,45.23
PURVFLEXI, 05-Oct-2026,42.0,42.0,42.0,42.0,40.0,1600,0.67,2,800.0,50.0
PUSHPA, 05-Oct-2026,117.0,122.0,116.05,120.0,116.0,222000,262.55,115,95000.0,42.79
PVP, 05-Oct-2026,47.95,47.95,47.95,47.95,50.47,150380,72.11,506,150380.0,100.0
PVRINOX, 05-Oct-2026,1236.8,1249.9,1216.0,1231.4,1215.3,279083,3435.49,24130,129377.0,46.36
PVSL, 05-Oct-2026,89.1,92.19,89.1,91.08,89.86,15818,14.37,509,11462.0,72.46
PVTBANIETF, 05-Oct-2026,27.47,27.55,26.9,27.07,27.15,1543192,419.01,1697,856992.0,55.53
PVTBANK, 05-Oct-2026,26.9,27.79,26.62,26.79,26.82,398571,106.84,79,380830.0,95.55
PVTBANKADD, 05-Oct-2026,27.36,27.45,26.91,27.11,27.18,55502,15.09,145,40535.0,73.03
PVTBKGROWW, 05-Oct-2026,26.75,27.39,26.6,26.64,26.87,3990,1.07,117,1922.0,48.17
PWL, 05-Oct-2026,120.71,133.47,120.71,131.1,120.17,28246518,36210.79,164391,5523526.0,19.55
PYRAMID, 05-Oct-2026,152.9,160.0,151.8,157.88,154.34,75463,117.21,917,50590.0,67.04
QGOLDHALF, 05-Oct-2026,122.37,122.37,120.85,121.83,121.63,308208,375.14,1118,235355.0,76.36
QLINE, 05-Oct-2026,668.0,668.0,650.0,663.55,661.1,60800,402.15,132,37200.0,61.18
QNIFTY, 05-Oct-2026,252.65,252.65,247.2,248.85,247.7,20626,51.25,286,14283.0,69.25
QPOWER, 05-Oct-2026,1569.8,1640.0,1569.8,1620.2,1564.6,336640,5460.33,18968,159489.0,47.38
QUADFUTURE, 05-Oct-2026,536.0,546.95,524.0,529.25,531.4,319071,1706.95,12801,72790.0,22.81
QUAL30IETF, 05-Oct-2026,19.61,19.98,19.54,19.57,19.54,182401,35.76,350,131606.0,72.15
QUALIANCE, 05-Oct-2026,180.0,183.05,172.8,174.6,179.5,42000,74.56,42,30000.0,71.43
QUALITY30, 05-Oct-2026,19.57,19.91,19.14,19.71,19.48,47755,9.24,179,26292.0,55.06
QUESS, 05-Oct-2026,337.6,345.95,335.1,341.85,336.2,262863,895.69,17608,141908.0,53.99
QUESTLAB, 05-Oct-2026,94.0,97.0,94.0,96.0,91.85,13200,12.66,11,8400.0,63.64
QUICKHEAL, 05-Oct-2026,140.0,141.18,137.21,137.91,138.15,67554,94.14,1956,34001.0,50.33
QUICKTOUCH, 05-Oct-2026,14.55,14.55,14.5,14.5,15.25,12000,1.74,13,11500.0,95.83
QUINTEGRA, 05-Oct-2026,1.4,1.4,1.4,1.4,1.34,41644,0.58,14,41634.0,99.98
QVCEL, 05-Oct-2026,25.2,25.2,25.15,25.15,24.0,3200,0.81,2,3200.0,100.0
RACE, 05-Oct-2026,117.0,117.0,108.12,108.95,113.18,26720,29.82,811,13460.0,50.37
RACLGEAR, 05-Oct-2026,1539.8,1575.0,1522.6,1550.4,1538.2,17316,266.83,3438,7764.0,44.84
RADAAN, 05-Oct-2026,2.98,3.01,2.86,2.99,2.98,27071,0.8,85,20674.0,76.37
RADIANTCMS, 05-Oct-2026,35.75,35.98,34.7,34.92,35.89,108260,38.03,1291,51246.0,47.34
RADICO, 05-Oct-2026,4242.0,4307.0,4238.5,4289.1,4237.0,395032,16910.23,46377,262575.0,66.47
RADIOCITY, 05-Oct-2026,5.76,6.1,5.76,5.9,5.88,28659,1.69,130,23731.0,82.8
RADIOWALLA, 05-Oct-2026,28.05,28.05,28.05,28.05,28.6,1600,0.45,1,1600.0,100.0
RAILTEL, 05-Oct-2026,258.0,260.4,251.15,252.3,257.2,495278,1260.57,18051,185812.0,37.52
RAIN, 05-Oct-2026,209.03,213.57,206.32,208.02,208.52,1705460,3580.76,20171,734479.0,43.07
RAINBOW, 05-Oct-2026,1285.8,1299.9,1263.6,1269.3,1279.8,137076,1745.52,30179,86790.0,63.32
RAJMET, 05-Oct-2026,3.06,3.1,3.06,3.06,3.08,178433,5.48,609,135796.0,76.1
RAJOOENG, 05-Oct-2026,54.95,56.25,53.57,54.97,53.21,581746,319.08,2575,361658.0,62.17
RAJPALAYAM, 05-Oct-2026,715.0,750.0,715.0,734.35,738.0,410,3.0,50,293.0,71.46
RAJPUTANA, 05-Oct-2026,187.1,214.0,187.1,206.05,199.75,5500,11.43,11,2500.0,45.45
RAJRATAN, 05-Oct-2026,453.55,460.7,450.9,454.6,453.55,46941,214.0,5474,21819.0,46.48
RAJSREESUG, 05-Oct-2026,27.73,29.3,27.51,28.39,27.73,62446,17.66,520,34123.0,54.64
RALLIS, 05-Oct-2026,200.0,200.88,197.0,197.16,199.69,299393,593.18,10099,164422.0,54.92
RAMANEWS, 05-Oct-2026,29.07,30.29,29.07,29.36,29.38,7460,2.21,117,6288.0,84.29
RAMAPHO, 05-Oct-2026,123.43,123.43,118.75,119.07,120.05,9567,11.46,291,6308.0,65.93
RAMBHAJO, 05-Oct-2026,297.2,317.5,294.0,305.1,288.75,1851970,5713.55,38267,770349.0,41.6
RAMCOCEM, 05-Oct-2026,832.0,845.65,823.45,837.1,830.85,93347,777.5,5316,60021.0,64.3
RAMCOIND, 05-Oct-2026,302.5,308.9,296.6,298.5,302.3,64263,192.75,2306,32743.0,50.95
RAMCOSYS, 05-Oct-2026,546.0,562.8,546.0,555.3,546.25,39282,218.14,2234,18027.0,45.89
RAMKY, 05-Oct-2026,278.7,284.8,274.8,280.95,274.6,30641,85.45,1132,19234.0,62.77
RAMRAT, 05-Oct-2026,626.0,662.85,626.0,635.2,616.55,1507421,9707.36,74679,256200.0,17.0
RANASUG, 05-Oct-2026,13.1,13.69,13.1,13.62,13.08,325768,44.16,704,258316.0,79.29
RANEHOLDIN, 05-Oct-2026,1512.3,1554.9,1512.3,1550.8,1518.7,6828,104.74,898,3208.0,46.98
RAPIDFLEET, 05-Oct-2026,200.0,200.65,196.0,196.0,199.4,7200,14.4,12,600.0,8.33
RAPPID, 05-Oct-2026,338.1,338.1,322.0,327.35,347.0,16800,55.65,28,9600.0,57.14
RATEGAIN, 05-Oct-2026,840.65,858.5,835.2,849.45,840.65,304666,2587.0,23158,119496.0,39.22
RATNAMANI, 05-Oct-2026,2619.4,2619.5,2550.0,2564.9,2619.4,36107,932.31,8462,17474.0,48.4
RATNAVEER, 05-Oct-2026,347.6,357.7,337.2,339.35,345.45,3923098,13549.4,43670,1231865.0,31.4
RAYMOND, 05-Oct-2026,1198.0,1316.9,1198.0,1300.7,1197.2,2241963,28246.4,81864,527936.0,23.55
RAYMONDLSL, 05-Oct-2026,631.0,640.0,621.85,628.85,627.7,185665,1167.38,11886,82927.0,44.66
RAYMONDREL, 05-Oct-2026,655.35,696.7,655.35,691.85,648.45,2022158,13773.54,62492,428749.0,21.2
RBA, 05-Oct-2026,92.0,95.98,91.45,93.99,92.22,4841004,4576.79,45832,2339095.0,48.32
RBLBANK, 05-Oct-2026,418.05,419.9,410.2,416.55,411.4,4238401,17615.67,49170,1229051.0,29.0
RBMINFRA, 05-Oct-2026,245.0,252.0,241.2,243.05,242.0,5000,12.31,25,2600.0,52.0
RBS, 05-Oct-2026,80.0,80.0,80.0,80.0,81.0,800,0.64,1,800.0,100.0
RCDL, 05-Oct-2026,16.15,16.15,16.15,16.15,17.0,21000,3.39,2,21000.0,100.0
RCF, 05-Oct-2026,106.99,108.47,106.3,106.69,106.8,704178,754.84,8845,265785.0,37.74
READYMIX, 05-Oct-2026,59.55,59.55,53.9,54.7,59.55,51000,28.39,41,43000.0,84.31
RECLTD, 05-Oct-2026,288.0,296.8,287.3,295.65,287.75,8639552,25354.65,63398,5891707.0,68.19
REDINGTON, 05-Oct-2026,400.45,416.9,400.45,412.75,397.95,10144724,41714.85,132806,5446936.0,53.69
REDTAPE, 05-Oct-2026,115.2,115.9,113.34,113.85,115.29,239207,273.61,4678,109651.0,45.84
REFEX, 05-Oct-2026,272.2,275.95,267.05,271.3,271.3,451891,1226.81,4848,128633.0,28.47
REFRACTORY, 05-Oct-2026,39.7,39.7,39.7,39.7,38.65,1000,0.4,1,1000.0,100.0
REGAAL, 05-Oct-2026,85.75,87.44,85.05,85.78,85.99,116458,100.52,1999,59160.0,50.8
REGENCERAM, 05-Oct-2026,32.0,33.0,31.2,32.53,31.98,9583,3.09,71,6714.0,70.06
RELAXO, 05-Oct-2026,285.2,288.45,280.8,281.95,285.35,79688,226.62,7077,38129.0,47.85
RELCHEMQ, 05-Oct-2026,113.27,116.5,111.57,113.27,114.36,1711,1.94,131,752.0,43.95
RELIABLE, 05-Oct-2026,141.96,144.89,140.75,142.39,140.73,13416,19.12,339,10726.0,79.95
RELIANCE, 05-Oct-2026,1171.2,1193.0,1171.2,1186.4,1167.7,14254907,168440.87,302759,8879870.0,62.29
RELIGARE, 05-Oct-2026,224.85,227.29,222.36,223.44,224.59,435896,976.17,8751,250373.0,57.44
RELTD, 05-Oct-2026,147.01,148.39,138.5,144.18,146.98,285987,408.59,4566,136254.0,47.64
REMSONSIND, 05-Oct-2026,114.8,116.55,108.37,109.71,112.55,254135,285.72,3565,108897.0,42.85
REMUS, 05-Oct-2026,895.0,895.0,861.35,867.75,861.85,1500,13.1,15,800.0,53.33
RENTOMOJO, 05-Oct-2026,529.7,538.6,508.1,510.95,524.6,1564388,8175.97,50390,554643.0,35.45
RENUKA, 05-Oct-2026,21.61,22.36,21.61,21.76,21.34,9972873,2181.05,19965,2375358.0,23.82
REPCOHOME, 05-Oct-2026,337.05,342.45,327.05,329.25,337.75,77171,256.17,4360,48151.0,62.4
REPL, 05-Oct-2026,58.06,59.99,55.0,56.24,57.99,3152,1.81,78,2978.0,94.48
REPRO, 05-Oct-2026,302.05,309.9,291.1,294.25,303.9,14475,43.25,865,9357.0,64.64
RESPONIND, 05-Oct-2026,160.04,163.21,157.45,158.17,162.59,150939,241.25,2306,87700.0,58.1
REXPRO, 05-Oct-2026,35.0,35.0,35.0,35.0,33.5,1000,0.35,1,1000.0,100.0
RFBL, 05-Oct-2026,111.7,112.45,111.5,112.4,107.1,36000,40.41,12,24000.0,66.67
RGL, 05-Oct-2026,161.7,165.21,160.0,161.52,162.5,294768,479.68,6401,136506.0,46.31
RHETAN, 05-Oct-2026,15.81,15.81,15.81,15.81,16.64,135708,21.46,653,135708.0,100.0
RHIM, 05-Oct-2026,384.85,387.45,371.65,372.75,384.85,289249,1093.98,12378,134139.0,46.37
RHL, 05-Oct-2026,165.0,169.0,161.0,164.8,162.92,1002,1.64,26,713.0,71.16
RICHA, 05-Oct-2026,80.5,80.5,80.5,80.5,80.7,1000,0.81,1,1000.0,100.0
RICOAUTO, 05-Oct-2026,121.63,124.0,119.41,120.52,121.63,847055,1032.07,8265,377090.0,44.52
RIIL, 05-Oct-2026,671.5,681.75,657.0,664.1,666.85,36561,244.04,2875,13060.0,35.72
RIIT, 05-Oct-2026,119.67,121.49,119.67,120.39,119.67,172856,209.09,12821,155014.0,89.68
RILINFRA, 05-Oct-2026,32.6,33.65,32.3,33.15,31.8,12200,4.0,48,10700.0,87.7
RIR, 05-Oct-2026,178.87,179.56,172.93,174.61,176.97,406622,717.11,8152,159076.0,39.12
RISHABH, 05-Oct-2026,709.3,714.0,680.0,686.2,698.8,99703,688.12,7310,50105.0,50.25
RITCO, 05-Oct-2026,281.85,288.6,277.25,284.35,276.7,107523,304.8,1553,84880.0,78.94
RITES, 05-Oct-2026,211.56,212.0,203.59,205.74,209.48,1278686,2629.95,23373,189476.0,14.82
RKDL, 05-Oct-2026,17.15,17.98,16.85,17.05,17.24,18146,3.12,139,12261.0,67.57
RKFORGE, 05-Oct-2026,695.45,704.05,692.0,700.45,695.45,291847,2038.75,17834,155647.0,53.33
RKSWAMY, 05-Oct-2026,89.5,89.5,85.23,86.07,86.46,15497,13.36,376,13041.0,84.15
RMC, 05-Oct-2026,203.9,209.98,190.0,194.15,202.57,83250,163.65,3809,36386.0,43.71
RML, 05-Oct-2026,1356.0,1384.9,1348.9,1372.2,1343.2,36714,502.45,3892,15312.0,41.71
RNFI, 05-Oct-2026,309.0,315.95,308.0,313.35,303.35,18000,55.88,22,6600.0,36.67
RNPL, 05-Oct-2026,72.35,72.35,72.35,72.35,68.95,12000,8.68,8,12000.0,100.0
ROCKPP, 05-Oct-2026,62.9,62.9,62.9,62.9,57.2,1000,0.63,1,1000.0,100.0
ROHLTD, 05-Oct-2026,305.0,305.0,294.0,295.1,298.65,19878,59.0,737,14770.0,74.3
ROLEXRINGS, 05-Oct-2026,199.0,199.0,189.1,189.77,196.36,2142313,4139.36,39739,779370.0,36.38
ROML, 05-Oct-2026,44.4,44.4,42.14,43.0,43.34,5073,2.18,39,4347.0,85.69
ROSSARI, 05-Oct-2026,430.0,435.9,417.8,430.9,427.55,57876,248.12,5506,25983.0,44.89
ROSSELLIND, 05-Oct-2026,49.97,51.4,48.98,50.1,50.22,30670,15.4,487,23935.0,78.04
ROSSTECH, 05-Oct-2026,1525.0,1624.9,1508.7,1607.2,1522.3,314638,4930.75,27116,123111.0,39.13
ROTO, 05-Oct-2026,62.89,63.94,61.81,62.26,62.66,252108,157.98,2376,137887.0,54.69
ROUTE, 05-Oct-2026,438.35,446.65,429.5,431.1,436.4,160190,698.26,7835,85110.0,53.13
ROXHITECH, 05-Oct-2026,53.1,62.45,52.65,62.45,52.05,470400,280.19,243,363200.0,77.21
RPEL, 05-Oct-2026,1848.5,1880.0,1773.1,1825.3,1818.9,83683,1533.77,11740,37991.0,45.4
RPGLIFE, 05-Oct-2026,2983.5,2983.5,2832.6,2896.4,2930.7,23013,664.41,3904,9268.0,40.27
RPOWER, 05-Oct-2026,19.44,20.55,19.44,20.09,19.41,44727097,8947.58,83255,10996111.0,24.58
RPPINFRA, 05-Oct-2026,53.25,53.25,50.41,50.82,52.6,37515,19.16,677,24655.0,65.72
RPSGVENT, 05-Oct-2026,848.0,849.0,820.95,833.9,829.85,23182,192.93,1045,12786.0,55.15
RPTECH, 05-Oct-2026,963.5,978.0,935.1,943.45,953.15,268559,2554.02,20435,129741.0,48.31
RRECL, 05-Oct-2026,130.0,135.0,130.0,134.62,131.46,252,0.33,10,142.0,56.35
RRIL, 05-Oct-2026,15.47,15.49,15.15,15.21,15.11,8335,1.28,103,7778.0,93.32
RRKABEL, 05-Oct-2026,2541.5,2654.9,2533.1,2648.0,2518.2,635507,16686.56,58233,208155.0,32.75
RSL, 05-Oct-2026,175.51,183.87,174.75,175.57,174.43,256813,458.54,4174,119652.0,46.59
RSSOFTWARE, 05-Oct-2026,30.9,30.9,29.7,29.79,30.04,11665,3.5,103,10652.0,91.32
RSWM, 05-Oct-2026,204.35,209.99,201.44,203.03,202.21,30003,61.1,786,16053.0,53.5
RSYSTEMS, 05-Oct-2026,264.0,264.5,248.0,249.9,263.6,2005620,5114.08,33295,377161.0,18.81
RTL, 05-Oct-2026,75.95,75.95,71.5,73.0,76.0,12000,8.79,6,8000.0,66.67
RTNINDIA, 05-Oct-2026,25.55,25.8,25.1,25.46,25.32,840323,213.2,4886,360872.0,42.94
RTNPOWER, 05-Oct-2026,6.74,6.83,6.69,6.73,6.74,10445792,705.97,12898,4076483.0,39.03
RUBFILA, 05-Oct-2026,63.63,64.99,62.64,63.18,63.25,50488,32.29,592,21890.0,43.36
RUBICON, 05-Oct-2026,1646.0,1646.0,1560.3,1608.5,1630.9,159926,2552.47,16734,74722.0,46.72
RUBYMILLS, 05-Oct-2026,507.9,507.9,486.75,494.2,499.65,8647,42.65,882,5083.0,58.78
RUCHINFRA, 05-Oct-2026,4.96,4.97,4.85,4.85,4.84,32153,1.58,176,26253.0,81.65
RUCHIRA, 05-Oct-2026,101.77,105.0,101.41,103.39,101.31,11460,11.82,408,6652.0,58.05
RUDRA, 05-Oct-2026,18.53,18.92,18.0,18.0,18.23,12942,2.35,81,10394.0,80.31
RULKA, 05-Oct-2026,110.1,111.0,104.25,108.0,107.3,6600,7.07,13,6000.0,90.91
RUNWALENTR, 05-Oct-2026,305.0,307.75,281.2,301.45,305.0,13471588,40132.96,134157,4806249.0,35.68
RUPA, 05-Oct-2026,130.11,132.58,126.67,128.4,130.58,182693,236.3,6639,88146.0,48.25
RUSHIL, 05-Oct-2026,15.68,16.1,15.37,15.46,15.9,122974,19.14,664,84135.0,68.42
RUSTOMJEE, 05-Oct-2026,361.25,372.3,355.55,368.5,361.25,73016,267.66,2609,37817.0,51.79
RVHL, 05-Oct-2026,36.81,37.99,36.81,37.46,37.23,2957,1.1,83,1992.0,67.37
RVNL, 05-Oct-2026,198.0,199.9,195.34,196.95,197.0,2937181,5804.56,32188,777827.0,26.48
RVTH, 05-Oct-2026,797.9,803.0,721.1,726.45,776.7,4355,33.43,460,2008.0,46.11
S&SPOWER, 05-Oct-2026,294.1,298.7,280.0,294.55,294.1,5695,16.29,208,4137.0,72.64
SAAKSHI, 05-Oct-2026,362.05,362.05,358.6,358.6,365.0,2400,8.63,4,2400.0,100.0
SAATVIKGL, 05-Oct-2026,403.55,407.4,399.0,400.85,405.55,51181,206.05,3224,30000.0,58.62
SACHEEROME, 05-Oct-2026,529.0,536.0,493.05,500.05,499.65,48000,247.88,137,36000.0,75.0
SADBHAV, 05-Oct-2026,6.82,6.99,6.61,6.86,6.8,124754,8.55,355,86448.0,69.29
SADBHIN, 05-Oct-2026,2.6,2.63,2.56,2.61,2.62,151589,3.94,261,107099.0,70.65
SADHAV, 05-Oct-2026,119.9,125.0,115.0,115.5,117.15,18000,21.47,27,16200.0,90.0
SAFARI, 05-Oct-2026,1389.5,1389.5,1300.0,1308.6,1378.8,51092,678.34,9648,20966.0,41.04
SAFEENTP, 05-Oct-2026,247.25,255.0,246.5,254.4,247.25,72000,180.18,81,68000.0,94.44
SAGARDEEP, 05-Oct-2026,22.52,23.19,22.0,22.1,22.52,8473,1.9,70,7770.0,91.7
SAGCEM, 05-Oct-2026,150.01,153.51,147.01,148.68,150.01,13697,20.47,718,7293.0,53.25
SAGILITY, 05-Oct-2026,43.25,43.82,42.21,42.57,43.17,17899984,7661.06,26141,7912646.0,44.2
SAHAJSOLAR, 05-Oct-2026,87.05,89.9,87.05,87.6,86.55,8800,7.75,22,4800.0,54.55
SAHANA, 05-Oct-2026,801.0,920.05,801.0,889.6,794.55,90300,803.68,452,59850.0,66.28
SAHASRA, 05-Oct-2026,494.95,500.9,485.0,500.9,477.05,190400,948.35,408,115600.0,60.71
SAHLIBHFI, 05-Oct-2026,78.74,78.74,75.99,76.7,78.74,34289,26.41,144,26936.0,78.56
SAHYADRI, 05-Oct-2026,363.0,369.85,348.35,361.4,355.65,10662,38.33,668,6714.0,62.97
SAICAPI, 05-Oct-2026,155.0,155.0,147.1,155.0,155.0,232,0.35,13,182.0,78.45
SAIFL, 05-Oct-2026,4.05,4.4,4.05,4.2,4.1,156000,6.49,29,136000.0,87.18
SAIL, 05-Oct-2026,174.21,180.44,173.28,176.95,174.5,11407529,20061.3,67552,4768803.0,41.8
SAILIFE, 05-Oct-2026,1549.5,1557.9,1501.0,1511.3,1541.2,325814,4946.79,40900,171484.0,52.63
SAIPARENT, 05-Oct-2026,520.65,520.65,494.0,498.7,523.65,143394,725.13,5119,91909.0,64.1
SAJHOTELS, 05-Oct-2026,28.85,29.0,28.75,29.0,28.75,8000,2.31,4,8000.0,100.0
SAKAR, 05-Oct-2026,1075.0,1094.0,985.0,1006.8,1075.0,204117,2081.31,14725,109543.0,53.67
SAKHTISUG, 05-Oct-2026,17.51,18.35,17.5,17.8,17.58,106089,18.96,666,45313.0,42.71
SAKSOFT, 05-Oct-2026,139.65,144.0,138.56,140.72,139.33,259830,365.86,5437,84897.0,32.67
SAKUMA, 05-Oct-2026,1.58,1.59,1.53,1.54,1.54,807962,12.61,968,581307.0,71.95
SALASAR, 05-Oct-2026,4.22,4.22,4.01,4.04,4.13,3745201,152.9,4592,2126173.0,56.77
SALONA, 05-Oct-2026,254.8,274.7,254.8,268.25,254.35,388,1.02,41,293.0,75.52
SALSTEEL, 05-Oct-2026,98.92,100.42,93.98,93.98,98.92,697076,668.02,3300,340568.0,48.86
SALZERELEC, 05-Oct-2026,526.85,535.9,520.2,525.05,530.9,33922,178.62,2748,16852.0,49.68
SAMBANDAM, 05-Oct-2026,107.1,107.1,102.15,102.15,107.1,93,0.1,6,93.0,100.0
SAMBHAAV, 05-Oct-2026,5.88,5.88,5.22,5.3,5.42,100521,5.42,206,65497.0,65.16
SAMBHV, 05-Oct-2026,163.0,171.7,162.41,164.66,161.45,5203406,8660.22,54666,1746744.0,33.57
SAMHI, 05-Oct-2026,154.35,155.99,150.0,150.41,154.37,397768,603.76,5572,194014.0,48.78
SAMMAANCAP, 05-Oct-2026,135.05,138.75,132.51,133.11,132.48,7143240,9667.68,43395,2477704.0,34.69
SAMPANN, 05-Oct-2026,24.01,24.79,23.82,23.91,24.01,5459,1.32,52,4000.0,73.27
SANATHAN, 05-Oct-2026,511.0,532.3,506.5,528.35,504.35,103861,543.03,4881,52755.0,50.79
SANDESH, 05-Oct-2026,991.55,1022.0,990.0,1013.95,990.05,496,5.0,110,363.0,73.19
SANDHAR, 05-Oct-2026,568.0,572.75,552.0,555.3,563.85,100180,560.87,5951,47969.0,47.88
SANDUMA, 05-Oct-2026,177.7,181.48,176.25,177.35,177.67,513160,914.37,11068,138124.0,26.92
SANGAMIND, 05-Oct-2026,670.0,670.0,627.0,631.75,634.55,37447,238.92,2107,17170.0,45.85
SANGANI, 05-Oct-2026,55.0,56.85,55.0,56.85,54.15,69000,38.66,11,69000.0,100.0
SANGHVIMOV, 05-Oct-2026,430.35,443.0,405.1,409.9,429.5,665789,2802.94,20727,387578.0,58.21
SANOFI, 05-Oct-2026,3040.0,3069.0,3016.8,3024.2,3037.4,7594,230.47,1958,4293.0,56.53
SANOFICONR, 05-Oct-2026,3787.2,3787.9,3729.2,3752.7,3787.2,4708,176.67,1901,2636.0,55.99
SANSERA, 05-Oct-2026,4282.5,4348.0,4212.7,4291.3,4276.6,300321,12889.73,46322,148796.0,49.55
SANSTAR, 05-Oct-2026,105.0,107.19,102.85,104.73,103.0,124564,130.31,4131,51991.0,41.74
SAPPHIRE, 05-Oct-2026,210.0,213.51,208.29,212.64,209.82,417142,878.6,12843,172025.0,41.24
SAPPL, 05-Oct-2026,315.0,335.0,305.9,327.1,308.5,9600,30.97,258,8333.0,86.8
SARDAEN, 05-Oct-2026,495.0,503.5,490.0,501.0,494.75,207207,1028.91,9186,104186.0,50.28
SAREGAMA, 05-Oct-2026,497.95,500.05,488.85,497.1,494.75,171908,851.78,12425,73032.0,42.48
SARLAPOLY, 05-Oct-2026,93.3,96.03,92.4,95.1,92.02,62596,59.1,806,54772.0,87.5
SARTELE, 05-Oct-2026,94.1,105.0,94.1,97.7,96.85,86500,86.9,133,39500.0,45.66
SARVESHWAR, 05-Oct-2026,3.41,3.5,3.41,3.46,3.44,1300127,45.04,2062,794158.0,61.08
SASKEN, 05-Oct-2026,1750.0,1784.0,1675.4,1683.2,1720.5,20074,345.4,3193,10088.0,50.25
SATECH, 05-Oct-2026,35.0,36.95,35.0,36.95,35.0,4000,1.43,4,4000.0,100.0
SATIA, 05-Oct-2026,68.0,69.0,68.0,68.51,68.34,70953,48.58,890,37756.0,53.21
SATIN, 05-Oct-2026,226.15,230.97,215.0,216.29,227.47,1194660,2619.25,19924,806940.0,67.55
SATIPOLY, 05-Oct-2026,32.5,32.5,32.5,32.5,32.5,500,0.16,1,500.0,100.0
SATKARTAR, 05-Oct-2026,182.5,194.8,180.0,180.85,184.1,37600,69.84,46,23200.0,61.7
SATTVAENGG, 05-Oct-2026,57.9,57.9,57.4,57.4,55.05,3200,1.84,2,1600.0,50.0
SAURASHCEM, 05-Oct-2026,53.32,53.95,50.4,51.4,53.37,127808,66.66,860,104232.0,81.55
SAVY, 05-Oct-2026,134.85,134.85,134.85,134.85,134.85,2400,3.24,2,2400.0,100.0
SAWALIYA, 05-Oct-2026,178.0,182.5,172.6,174.9,178.0,271200,480.74,151,165000.0,60.84
SAYAJIHOTL, 05-Oct-2026,328.6,328.95,302.0,306.5,304.0,335,1.06,14,58.0,17.31
SAYAJIIND, 05-Oct-2026,118.95,120.0,118.95,120.0,119.5,806,0.96,6,806.0,100.0
SBC, 05-Oct-2026,59.57,63.14,57.36,62.04,58.54,32139550,19434.82,52305,9208351.0,28.65
SBCL, 05-Oct-2026,1087.3,1108.0,1070.0,1076.5,1066.4,139325,1512.84,13654,78818.0,56.57
SBFC, 05-Oct-2026,84.19,87.18,82.4,82.83,84.19,3511188,2926.57,22467,2768678.0,78.85
SBGLP, 05-Oct-2026,22.56,23.93,22.56,23.11,22.75,35623,8.21,241,22684.0,63.68
SBIBPB, 05-Oct-2026,47.19,47.19,46.31,46.48,46.37,31613,14.81,504,18345.0,58.03
SBICARD, 05-Oct-2026,565.25,577.15,561.25,566.0,563.2,778398,4412.43,26346,348965.0,44.83
SBIETFCON, 05-Oct-2026,109.34,113.68,109.34,112.72,112.15,3765,4.24,143,2238.0,59.44
SBIETFIT, 05-Oct-2026,313.61,318.8,311.25,312.96,313.26,7113,22.43,278,3672.0,51.62
SBIETFPB, 05-Oct-2026,278.25,278.25,272.11,273.52,278.26,2611,7.15,165,1680.0,64.34
SBIETFQLTY, 05-Oct-2026,209.04,209.04,205.32,206.58,209.05,2585,5.34,144,2250.0,87.04
SBIFUNDS, 05-Oct-2026,501.95,503.4,494.0,495.4,500.35,986442,4919.96,40520,586695.0,59.48
SBILIFE, 05-Oct-2026,1721.6,1741.4,1709.5,1709.5,1721.6,1322426,22838.46,40116,838863.0,63.43
SBILIQETF, 05-Oct-2026,1058.75,1058.77,1058.75,1058.76,1058.58,242742,2570.07,100,239189.0,98.54
SBIMIDMOM, 05-Oct-2026,60.86,61.1,60.48,60.65,60.26,49637,30.11,219,42954.0,86.54
SBIN, 05-Oct-2026,959.0,969.45,956.0,958.0,954.1,8165087,78447.22,180329,4989171.0,61.1
SBINEQWETF, 05-Oct-2026,31.56,31.56,31.0,31.27,31.41,116182,36.09,407,54787.0,47.16
SBINMID150, 05-Oct-2026,21.94,21.95,21.69,21.75,21.69,13928,3.04,235,10444.0,74.99
SBISILVER, 05-Oct-2026,215.01,217.61,214.85,217.32,214.14,827532,1789.95,7305,399194.0,48.24
SBISMLETF, 05-Oct-2026,18.17,18.44,17.52,17.83,18.01,77369,13.72,520,43011.0,55.59
SBIVALETF, 05-Oct-2026,14.17,14.2,13.81,13.92,14.22,19749,2.76,113,15584.0,78.91
SCHAEFFLER, 05-Oct-2026,3888.6,3908.6,3825.3,3845.0,3885.6,38172,1469.45,10421,24620.0,64.5
SCHAND, 05-Oct-2026,147.5,147.5,139.1,140.5,143.57,23644,33.69,726,17001.0,71.9
SCHNEIDER, 05-Oct-2026,1286.8,1318.8,1261.0,1268.1,1275.4,444623,5746.05,40334,107517.0,24.18
SCI, 05-Oct-2026,272.0,292.6,271.45,290.6,267.05,24814404,70573.54,259740,2961906.0,11.94
SCILAL, 05-Oct-2026,37.0,37.49,36.26,37.26,36.65,287269,106.28,4141,142004.0,49.43
SCML, 05-Oct-2026,86.0,100.2,86.0,100.2,83.5,96000,92.62,82,62000.0,64.58
SCODATUBES, 05-Oct-2026,123.0,127.9,120.98,124.62,123.0,278884,345.02,3286,133260.0,47.78
SDBL, 05-Oct-2026,75.4,76.0,72.82,73.21,74.94,717652,530.45,6457,222297.0,30.98
SDREAMS, 05-Oct-2026,84.9,85.0,84.9,85.0,81.0,2000,1.7,2,2000.0,100.0
SEAMECLTD, 05-Oct-2026,1594.7,1611.9,1552.4,1577.9,1594.7,48124,757.87,5278,27000.0,56.11
SECL, 05-Oct-2026,2.7,2.75,2.7,2.75,2.75,18750,0.51,3,18750.0,100.0
SECLEDBETA, 05-Oct-2026,14.15,14.15,13.68,13.74,13.66,15414,2.13,48,11009.0,71.42
SECMARK, 05-Oct-2026,142.0,142.0,134.1,137.41,137.48,1258,1.74,28,831.0,66.06
SECURKLOUD, 05-Oct-2026,16.98,17.03,15.8,16.13,16.77,45723,7.38,328,39254.0,85.85
SEDEMAC, 05-Oct-2026,3607.8,3650.0,3355.0,3372.3,3432.8,233050,8071.65,33930,57628.0,24.73
SEIL, 05-Oct-2026,183.1,188.18,181.82,183.52,186.68,48887,90.19,1095,21921.0,44.84
SEJALLTD, 05-Oct-2026,657.2,661.5,638.1,651.2,656.5,6161,40.09,387,4335.0,70.36
SEKURITIND, 05-Oct-2026,108.3,113.2,108.01,108.72,109.19,20206,22.31,665,11489.0,56.86
SEL, 05-Oct-2026,320.0,320.0,320.0,320.0,310.1,800,2.56,4,800.0,100.0
SELECTIPO, 05-Oct-2026,46.61,46.97,45.48,45.79,45.48,81986,37.5,176,56144.0,68.48
SELLOWRAP, 05-Oct-2026,64.0,64.0,62.0,62.0,62.0,4800,3.04,3,4800.0,100.0
SEMAC, 05-Oct-2026,242.4,242.4,237.0,239.04,241.99,321,0.77,32,196.0,61.06
SENCO, 05-Oct-2026,317.4,319.9,312.9,316.95,317.4,767941,2424.66,23919,372110.0,48.46
SENORES, 05-Oct-2026,1355.0,1375.0,1300.1,1321.2,1349.6,272680,3606.37,27058,123740.0,45.38
SENSEXADD, 05-Oct-2026,75.53,75.53,74.16,74.78,75.16,3459,2.58,114,2520.0,72.85
SENSEXAXIS, 05-Oct-2026,74.75,75.82,74.75,75.22,74.75,8928,6.71,87,4432.0,49.64
SENSEXBETA, 05-Oct-2026,794.0,810.0,794.0,808.67,797.32,1265,10.15,175,639.0,50.51
SENSEXETF, 05-Oct-2026,74.6,75.1,74.28,74.67,74.43,62059,46.33,387,26548.0,42.78
SENSEXIETF, 05-Oct-2026,842.3,842.3,828.02,834.11,829.54,62804,522.54,733,54876.0,87.38
SEPC, 05-Oct-2026,5.2,5.23,5.07,5.11,5.08,5180319,265.51,3575,2599095.0,50.17
SERVICE, 05-Oct-2026,71.7,71.7,66.05,69.2,68.75,22000,15.23,10,4000.0,18.18
SERVOTECH, 05-Oct-2026,70.0,72.7,69.77,71.93,69.2,744174,529.76,6712,355791.0,47.81
SESHAPAPER, 05-Oct-2026,238.55,240.0,233.0,234.76,236.35,80921,190.54,1133,65028.0,80.36
SETF10GILT, 05-Oct-2026,261.0,261.0,258.1,260.58,261.0,14141,36.73,87,12296.0,86.95
SETFGOLD, 05-Oct-2026,125.35,125.55,123.7,125.41,125.35,5771979,7221.29,22314,3271877.0,56.69
SETFNIF50, 05-Oct-2026,243.5,248.36,241.85,243.13,242.31,2028660,4930.98,9631,1732361.0,85.39
SETFNIFBK, 05-Oct-2026,561.93,567.79,559.18,561.27,560.84,324824,1826.3,1014,310327.0,95.54
SETFNN50, 05-Oct-2026,741.6,747.65,738.41,742.05,742.49,25972,192.99,2231,17196.0,66.21
SETL, 05-Oct-2026,421.7,437.75,417.15,430.05,416.95,821094,3545.64,11148,404732.0,49.29
SFL, 05-Oct-2026,622.85,634.85,615.7,620.45,616.65,140174,870.23,10095,84037.0,59.95
SGBAPR28I, 05-Oct-2026,14702.0,14799.99,14699.99,14782.34,14772.39,110,16.23,35,85.0,77.27
SGBAUG27, 05-Oct-2026,14863.97,14863.97,14650.21,14695.25,14716.81,48,7.07,20,32.0,66.67
SGBAUG28V, 05-Oct-2026,14760.0,14818.99,14660.0,14701.9,14759.75,615,90.36,179,469.0,76.26
SGBAUG29V, 05-Oct-2026,14850.0,14850.0,14661.0,14729.12,14730.55,251,36.98,110,171.0,68.13
SGBAUG30, 05-Oct-2026,15149.0,15179.5,14810.01,14846.59,14881.82,167,24.96,64,102.0,61.08
SGBD29VIII, 05-Oct-2026,14999.0,14999.0,14730.0,14757.87,14772.6,252,37.24,84,153.0,60.71
SGBDC27VII, 05-Oct-2026,14750.0,14750.0,14700.0,14710.0,14758.33,4,0.59,3,4.0,100.0
SGBDE30III, 05-Oct-2026,14934.9,15098.97,14811.01,14947.81,15009.95,124,18.56,48,89.0,71.77
SGBDE31III, 05-Oct-2026,15061.66,15643.2,15030.0,15136.04,15261.66,2452,370.9,431,1953.0,79.65
SGBDEC26, 05-Oct-2026,14660.0,14660.0,14660.0,14660.0,14702.0,1,0.15,1,1.0,100.0
SGBFEB27, 05-Oct-2026,14515.0,14699.0,14511.0,14635.0,14897.39,11,1.61,7,7.0,63.64
SGBFEB28IX, 05-Oct-2026,14719.0,14719.0,14719.0,14719.0,14718.9,1,0.15,1,1.0,100.0
SGBFEB29XI, 05-Oct-2026,14610.01,14729.9,14610.01,14728.43,14866.0,47,6.91,20,29.0,61.7
SGBFEB32IV, 05-Oct-2026,15523.0,15747.7,15456.0,15508.46,15576.52,1891,293.83,419,1192.0,63.04
SGBJAN29IX, 05-Oct-2026,14610.01,14799.0,14610.01,14697.89,14742.54,263,38.67,45,233.0,88.59
SGBJAN29X, 05-Oct-2026,14750.0,14750.0,14612.0,14681.2,14750.0,109,15.99,27,64.0,58.72
SGBJAN30IX, 05-Oct-2026,14950.0,14950.0,14711.11,14829.34,14950.0,107,15.83,45,68.0,63.55
SGBJU29III, 05-Oct-2026,14750.0,14760.0,14750.0,14750.1,14756.35,160,23.6,26,149.0,93.13
SGBJUL27, 05-Oct-2026,14702.74,14702.74,14702.74,14702.74,14702.74,1,0.15,1,1.0,100.0
SGBJUL28IV, 05-Oct-2026,14700.0,14749.99,14612.0,14681.9,14677.68,148,21.72,40,129.0,87.16
SGBJUL29IV, 05-Oct-2026,14729.44,14800.0,14666.0,14786.3,14729.44,83,12.22,38,57.0,68.67
SGBJUN27, 05-Oct-2026,14625.0,14625.0,14625.0,14625.0,14789.98,5,0.73,1,5.0,100.0
SGBJUN28, 05-Oct-2026,14739.5,14740.0,14610.01,14737.03,14739.5,155,22.8,14,144.0,92.9
SGBJUN29II, 05-Oct-2026,14631.51,14740.0,14631.51,14725.66,14740.0,72,10.6,22,71.0,98.61
SGBJUN30, 05-Oct-2026,14810.01,14999.0,14807.87,14839.99,14807.87,62,9.23,24,38.0,61.29
SGBJUN31I, 05-Oct-2026,14973.59,15048.83,14930.0,15021.35,15048.83,800,119.95,197,597.0,74.63
SGBMAR28X, 05-Oct-2026,14676.0,14700.9,14676.0,14700.9,14676.0,70,10.27,8,70.0,100.0
SGBMAR30X, 05-Oct-2026,14981.0,14981.0,14736.0,14839.8,14981.0,69,10.26,16,55.0,79.71
SGBMAR31IV, 05-Oct-2026,14928.97,15188.26,14838.0,14975.07,15003.99,291,43.49,96,208.0,71.48
SGBMAY28, 05-Oct-2026,14769.99,14769.99,14690.0,14714.73,14769.99,89,13.09,24,77.0,86.52
SGBMAY29I, 05-Oct-2026,14756.89,14800.01,14700.0,14742.14,14756.89,947,139.74,143,782.0,82.58
SGBMR29XII, 05-Oct-2026,14850.0,14860.0,14645.01,14673.92,14780.96,46,6.79,23,41.0,89.13
SGBN28VIII, 05-Oct-2026,14735.0,14755.0,14686.0,14710.01,14735.0,186,27.36,35,157.0,84.41
SGBNV29VII, 05-Oct-2026,14701.0,14795.0,14701.0,14733.11,14762.0,328,48.32,57,251.0,76.52
SGBOC28VII, 05-Oct-2026,14750.0,14849.99,14700.0,14735.01,14740.0,171,25.2,22,103.0,60.23
SGBOCT26, 05-Oct-2026,14650.0,14780.0,14650.0,14780.0,14830.0,35,5.16,5,31.0,88.57
SGBOCT27VI, 05-Oct-2026,14700.0,14775.01,14700.0,14760.0,14700.0,18,2.65,8,7.0,38.89
SGBSEP27, 05-Oct-2026,14700.0,14700.0,14560.0,14700.0,14699.0,17,2.49,5,14.0,82.35
SGBSEP28VI, 05-Oct-2026,14610.01,14975.0,14599.03,14667.31,14672.39,123,18.06,53,101.0,82.11
SGBSEP29VI, 05-Oct-2026,14656.0,14800.0,14655.01,14690.83,14782.06,735,108.1,119,380.0,51.7
SGBSEP31II, 05-Oct-2026,15029.3,15275.0,14901.0,14979.66,15029.3,1910,285.43,400,1382.0,72.36
SGFIN, 05-Oct-2026,659.35,697.0,647.6,677.95,631.85,3245313,22056.81,106384,851906.0,26.25
SGIL, 05-Oct-2026,605.0,632.3,596.0,603.0,613.85,4999,30.47,524,2168.0,43.37
SGL, 05-Oct-2026,8.56,8.84,8.56,8.84,8.5,22642,1.95,60,22343.0,98.68
SGLRES, 05-Oct-2026,2.22,2.38,2.18,2.23,2.27,57778,1.3,147,39178.0,67.81
SGMART, 05-Oct-2026,750.0,758.3,730.9,737.65,742.2,397450,2972.26,29431,233856.0,58.84
SGRL, 05-Oct-2026,700.0,709.3,669.05,680.4,694.25,12588,85.82,1299,6786.0,53.91
SHADOWFAX, 05-Oct-2026,274.05,290.5,274.05,289.05,273.15,5956547,17092.54,87210,2758125.0,46.3
SHAH, 05-Oct-2026,3.03,3.1,2.99,3.07,3.03,511995,15.54,618,336009.0,65.63
SHAILY, 05-Oct-2026,3020.0,3079.0,2979.3,3012.8,3009.1,105774,3205.32,25274,43206.0,40.85
SHAKTIPUMP, 05-Oct-2026,455.95,463.5,441.15,443.4,454.1,431828,1952.61,17739,203480.0,47.12
SHALBY, 05-Oct-2026,133.0,135.49,132.51,134.01,133.55,36205,48.54,1639,18268.0,50.46
SHANKARA, 05-Oct-2026,124.0,124.0,117.0,118.16,124.4,107711,129.58,1623,70917.0,65.84
SHANKESH, 05-Oct-2026,89.24,91.3,87.5,88.24,87.93,1386109,1233.84,12911,477424.0,34.44
SHANTHALA, 05-Oct-2026,13.25,13.9,13.05,13.9,13.6,15600,2.06,5,15600.0,100.0
SHANTI, 05-Oct-2026,5.07,5.69,5.07,5.44,5.5,17641,0.95,105,13230.0,75.0
SHANTIGEAR, 05-Oct-2026,582.6,599.0,572.05,591.75,573.65,58856,346.29,2696,26574.0,45.15
SHANTIGOLD, 05-Oct-2026,310.0,323.5,308.5,316.6,303.55,3136803,9891.76,37467,884807.0,28.21
SHANTIINOR, 05-Oct-2026,167.0,175.5,167.0,168.05,172.95,371200,626.98,63,347200.0,93.53
SHARDACROP, 05-Oct-2026,712.5,729.7,711.25,720.1,709.2,91626,660.44,10775,33417.0,36.47
SHARDAMOTR, 05-Oct-2026,929.9,938.6,910.3,918.6,928.8,27384,252.69,4063,12043.0,43.98
SHAREINDIA, 05-Oct-2026,208.2,219.0,204.51,206.06,205.09,2810914,5975.2,39257,697035.0,24.8
SHARIABEES, 05-Oct-2026,423.26,437.7,420.0,421.48,423.26,12399,52.3,847,6356.0,51.26
SHBAJRG, 05-Oct-2026,174.05,176.0,161.71,164.79,172.33,11077,18.68,426,7311.0,66.0
SHEEL, 05-Oct-2026,60.0,60.0,60.0,60.0,60.2,2000,1.2,1,2000.0,100.0
SHEETAL, 05-Oct-2026,358.5,358.7,358.5,358.65,359.0,2000,7.17,3,1500.0,75.0
SHEMAROO, 05-Oct-2026,116.36,117.89,109.99,110.56,115.21,17297,19.46,176,15331.0,88.63
SHERA, 05-Oct-2026,194.0,198.0,187.0,187.0,190.0,32000,61.07,31,23000.0,71.88
SHERVANI, 05-Oct-2026,315.0,315.05,299.25,315.0,335.0,64,0.2,7,64.0,100.0
SHETHJI, 05-Oct-2026,184.5,186.7,181.5,184.05,184.15,28000,51.65,23,19000.0,67.86
SHIGAN, 05-Oct-2026,62.6,63.6,62.35,62.8,62.6,13500,8.48,7,12000.0,88.89
SHILCTECH, 05-Oct-2026,4035.0,4078.3,3969.0,4032.9,4033.0,13865,558.0,3365,6691.0,48.26
SHILGRAVQ, 05-Oct-2026,137.65,148.1,137.0,142.87,139.35,773,1.07,60,741.0,95.86
SHILPAMED, 05-Oct-2026,1069.0,1081.9,1020.2,1031.2,1064.1,870692,9070.47,35667,571626.0,65.65
SHINDL, 05-Oct-2026,159.04,159.59,155.25,158.41,159.12,77098,122.01,888,57879.0,75.07
SHIPROCKET, 05-Oct-2026,120.99,124.5,120.05,123.0,119.98,3116897,3819.13,49557,1253865.0,40.23
SHIVAAGRO, 05-Oct-2026,39.0,39.0,38.4,38.7,39.22,949,0.37,19,949.0,100.0
SHIVACEM, 05-Oct-2026,13.3,13.3,12.45,12.7,13.34,216275,27.74,888,167499.0,77.45
SHIVALIK, 05-Oct-2026,400.8,401.95,374.2,375.3,394.05,46656,178.56,2644,25081.0,53.76
SHIVAMAUTO, 05-Oct-2026,17.41,17.41,16.6,16.67,17.07,41370,6.98,240,27814.0,67.23
SHIVAMILLS, 05-Oct-2026,58.0,59.41,57.0,59.32,56.59,1618,0.95,47,1391.0,85.97
SHIVASHRIT, 05-Oct-2026,112.7,120.5,111.5,115.95,113.75,118000,138.18,97,72000.0,61.02
SHIVATEX, 05-Oct-2026,169.0,171.0,165.01,165.01,172.6,4797,7.95,60,4390.0,91.52
SHIVAUM, 05-Oct-2026,535.5,563.9,525.05,558.95,554.6,20380,112.11,641,3564.0,17.49
SHK, 05-Oct-2026,138.0,140.89,136.0,137.42,137.86,195849,269.45,3914,106307.0,54.28
SHKSIL, 05-Oct-2026,31.05,31.5,31.05,31.5,31.95,6000,1.88,3,6000.0,100.0
SHOPERSTOP, 05-Oct-2026,397.15,407.35,395.2,395.5,404.7,40206,159.91,1675,20421.0,50.79
SHRADDHA, 05-Oct-2026,160.1,179.0,157.1,164.79,155.1,91009,153.54,2057,42306.0,46.49
SHRADHA, 05-Oct-2026,29.89,31.02,28.5,29.36,29.89,8474,2.46,122,6121.0,72.23
SHREDIGCEM, 05-Oct-2026,66.69,67.2,65.57,66.33,66.69,52935,35.15,1004,23680.0,44.73
SHREECEM, 05-Oct-2026,21750.0,22100.0,21720.0,21990.0,21900.0,39075,8543.32,13283,24431.0,62.52
SHREEDHAR, 05-Oct-2026,160.0,160.0,158.0,158.0,157.15,8000,12.72,4,8000.0,100.0
SHREEJISPG, 05-Oct-2026,779.8,788.1,768.8,779.85,775.35,915863,7138.22,18583,404201.0,44.13
SHREEKARNI, 05-Oct-2026,372.0,377.0,372.0,377.0,378.0,300,1.12,2,300.0,100.0
SHREEOSFM, 05-Oct-2026,56.0,61.9,56.0,59.95,55.1,53000,31.77,49,43000.0,81.13
SHREEPUSHK, 05-Oct-2026,500.0,506.9,491.85,494.55,491.5,43640,217.31,2339,23605.0,54.09
SHREERAMA, 05-Oct-2026,44.0,44.6,42.72,43.09,43.16,38309,16.82,965,16012.0,41.8
SHREYANIND, 05-Oct-2026,125.66,129.65,125.66,129.0,126.29,8211,10.59,218,7539.0,91.82
SHRIAHIMSA, 05-Oct-2026,416.05,445.0,416.05,441.65,422.5,12000,51.8,20,6600.0,55.0
SHRIKANHA, 05-Oct-2026,22.0,23.0,22.0,22.95,21.95,4800,1.09,3,4800.0,100.0
SHRIKRISH, 05-Oct-2026,34.15,35.85,32.56,34.05,35.96,3897,1.33,35,2926.0,75.08
SHRINGARMS, 05-Oct-2026,222.85,223.28,218.11,219.36,221.31,290081,638.5,3695,136661.0,47.11
SHRIPISTON, 05-Oct-2026,4550.0,4567.1,4369.0,4398.8,4490.5,75521,3342.73,19238,37682.0,49.9
SHRIRAMFIN, 05-Oct-2026,964.0,973.5,954.0,971.4,945.0,5092892,49206.76,94768,3028020.0,59.46
SHRIRAMPPS, 05-Oct-2026,67.45,68.34,66.4,67.52,67.36,309049,208.31,3274,152063.0,49.2
SHRJAGP, 05-Oct-2026,684.0,708.9,680.0,685.0,673.0,716,4.98,87,440.0,61.45
SHUBHLAXMI, 05-Oct-2026,16.45,16.45,16.45,16.45,17.25,1000,0.16,1,1000.0,100.0
SHUBHSHREE, 05-Oct-2026,322.0,322.0,322.0,322.0,334.0,300,0.97,1,300.0,100.0
SHUKRAPHAR, 05-Oct-2026,62.84,73.88,62.5,70.49,61.8,55171960,38174.5,292029,4372440.0,7.93
SHYAMCENT, 05-Oct-2026,5.45,5.45,4.9,5.07,5.0,93969,4.79,1233,83541.0,88.9
SHYAMMETL, 05-Oct-2026,1054.0,1057.6,1015.0,1020.2,1047.8,527412,5449.29,27925,334077.0,63.34
SHYAMTEL, 05-Oct-2026,10.79,11.3,10.5,10.93,10.32,6059,0.66,42,5175.0,85.41
SICAGEN, 05-Oct-2026,51.4,53.3,50.1,52.37,50.96,8560,4.45,98,5876.0,68.64
SIDDHICOTS, 05-Oct-2026,26.0,26.0,26.0,26.0,26.0,4800,1.25,3,4800.0,100.0
SIDDHIKA, 05-Oct-2026,211.0,211.0,210.5,211.0,214.25,3000,6.33,4,3000.0,100.0
SIEL, 05-Oct-2026,31.0,31.0,30.05,31.0,30.46,209,0.06,10,184.0,88.04
SIEMENS, 05-Oct-2026,3804.0,3842.0,3700.0,3701.1,3804.0,184140,6915.69,22035,81422.0,44.22
SIGACHI, 05-Oct-2026,28.49,28.93,28.06,28.72,28.34,1604708,457.94,5786,544184.0,33.91
SIGMA, 05-Oct-2026,46.0,46.15,43.31,43.83,44.91,100749,44.92,1584,37109.0,36.83
SIGNATURE, 05-Oct-2026,736.8,744.8,732.0,738.2,737.45,337538,2486.82,5930,159458.0,47.24
SIGNORIA, 05-Oct-2026,140.0,149.3,140.0,149.3,143.0,2000,2.89,2,1000.0,50.0
SIGNPOST, 05-Oct-2026,265.7,265.7,256.2,260.85,259.4,16214,42.17,813,7450.0,45.95
SIKA, 05-Oct-2026,1028.2,1038.0,1015.0,1022.6,1018.2,16720,171.32,1955,8318.0,49.75
SIL, 05-Oct-2026,15.51,16.48,15.51,15.98,15.83,16385,2.61,324,13202.0,80.57
SILGO, 05-Oct-2026,70.89,71.7,68.75,69.49,70.17,5571,3.89,122,4788.0,85.95
SILINV, 05-Oct-2026,418.8,451.0,418.8,445.75,424.55,3970,17.26,183,2763.0,69.6
SILKFLEX, 05-Oct-2026,297.8,300.8,285.0,300.15,286.75,16000,47.43,16,9000.0,56.25
SILVER, 05-Oct-2026,218.51,221.6,218.51,221.22,217.94,557713,1228.42,9436,216958.0,38.9
SILVER001, 05-Oct-2026,22.39,22.43,22.11,22.33,21.99,24556,5.48,67,24037.0,97.89
SILVER1, 05-Oct-2026,21.37,21.55,21.27,21.51,21.18,8303174,1779.42,7180,2960898.0,35.66
SILVER360, 05-Oct-2026,216.97,218.57,215.05,217.71,214.83,11578,25.16,365,6937.0,59.92
SILVERADD, 05-Oct-2026,21.33,21.42,21.13,21.34,21.02,726716,154.6,2665,227657.0,31.33
SILVERAG, 05-Oct-2026,213.01,216.19,213.01,215.75,212.81,157588,339.19,2437,86121.0,54.65
SILVERAXIS, 05-Oct-2026,219.21,220.81,218.01,220.26,217.05,294606,645.24,2370,138431.0,46.99
SILVERBEES, 05-Oct-2026,209.72,212.35,209.56,211.85,208.71,17563704,37067.21,81485,9002993.0,51.26
SILVERBETA, 05-Oct-2026,211.5,214.28,211.5,213.84,210.91,298446,636.44,3445,159899.0,53.58
SILVERBND, 05-Oct-2026,221.98,222.96,219.7,222.53,219.19,19676,43.75,142,16130.0,81.98
SILVERCASE, 05-Oct-2026,22.21,22.49,22.21,22.43,22.12,5113317,1143.27,10317,1893355.0,37.03
SILVERIETF, 05-Oct-2026,218.51,221.9,218.51,221.18,217.95,2569830,5657.76,24155,1310102.0,50.98
SILVERTUC, 05-Oct-2026,138.5,142.0,136.77,137.41,138.68,66478,92.25,1822,28663.0,43.12
SIMCA, 05-Oct-2026,303.8,303.95,300.0,302.0,290.05,25200,76.07,37,25200.0,100.0
SIMPLEXINF, 05-Oct-2026,254.9,263.0,248.11,249.61,245.01,280280,714.68,6505,117568.0,41.95
SIMPLXREA, 05-Oct-2026,124.0,129.0,117.36,117.43,123.5,99,0.13,7,99.0,100.0
SINCLAIR, 05-Oct-2026,76.75,78.95,75.12,75.87,76.71,24830,18.94,700,15581.0,62.75
SINDHUTRAD, 05-Oct-2026,22.13,22.82,21.82,22.13,22.23,361160,79.65,910,242590.0,67.17
SINGERIND, 05-Oct-2026,74.05,77.07,74.05,74.6,74.66,56846,42.9,1702,32636.0,57.41
SINTERCOM, 05-Oct-2026,75.9,75.9,75.9,75.9,75.87,1,0.0,1,1.0,100.0
SIRCA, 05-Oct-2026,401.6,404.8,400.15,401.7,401.55,122332,492.25,2280,46772.0,38.23
SIS, 05-Oct-2026,413.45,419.9,411.6,414.7,412.85,57546,240.17,6968,28055.0,48.75
SIYSIL, 05-Oct-2026,535.8,544.0,531.5,540.15,531.55,20499,110.05,1638,11547.0,56.33
SJLOGISTIC, 05-Oct-2026,311.85,318.5,311.5,314.85,311.5,12250,38.65,45,9500.0,77.55
SJS, 05-Oct-2026,2159.8,2175.0,2022.2,2039.6,2159.8,380923,7870.02,49024,228631.0,60.02
SJVN, 05-Oct-2026,58.3,58.5,57.01,57.16,57.91,2071448,1192.93,28721,911433.0,44.0
SKFINDIA, 05-Oct-2026,1420.0,1458.9,1420.0,1445.9,1450.2,43200,623.53,8089,23005.0,53.25
SKFINDUS, 05-Oct-2026,2759.9,2759.9,2670.1,2729.5,2734.2,21506,583.47,5795,9046.0,42.06
SKIPPER, 05-Oct-2026,543.0,551.9,534.0,538.9,541.2,402506,2180.94,18602,149463.0,37.13
SKMEGGPROD, 05-Oct-2026,204.0,206.38,199.3,201.4,205.29,170126,343.98,3872,96504.0,56.73
SKP, 05-Oct-2026,165.0,165.5,162.0,165.0,163.0,18500,30.43,29,2000.0,10.81
SKYGOLD, 05-Oct-2026,818.0,839.0,814.0,825.9,810.65,1050336,8673.45,38496,578649.0,55.09
SKYTECH, 05-Oct-2026,40.8,40.8,39.4,40.7,38.9,83200,33.77,49,64000.0,76.92
SKYWAYS, 05-Oct-2026,111.7,113.42,108.85,109.48,110.29,1317759,1461.4,16815,317462.0,24.09
SLONE, 05-Oct-2026,161.0,164.0,160.0,162.9,161.0,2400,3.88,6,2400.0,100.0
SMALL250, 05-Oct-2026,18.25,18.25,17.57,17.68,17.63,235470,41.7,1141,113124.0,48.04
SMALLADD, 05-Oct-2026,18.17,18.17,17.69,17.79,17.73,25608,4.55,240,12520.0,48.89
SMALLCAP, 05-Oct-2026,48.61,48.61,46.66,47.47,47.43,1429138,677.91,4870,802829.0,56.18
SMALLGROWW, 05-Oct-2026,48.49,48.69,47.2,47.5,48.21,12693,6.03,185,7281.0,57.36
SMALLIETF, 05-Oct-2026,17.94,17.94,17.47,17.61,17.69,35673,6.3,209,19199.0,53.82
SMARTEN, 05-Oct-2026,59.1,59.1,55.1,55.65,57.95,45600,25.25,36,36000.0,78.95
SMARTWORKS, 05-Oct-2026,515.0,515.0,496.1,497.8,510.65,70592,354.66,4719,45403.0,64.32
SMCGLOBAL, 05-Oct-2026,100.0,118.8,96.22,114.5,99.06,85008573,94880.35,497976,5998624.0,7.06
SML100CASE, 05-Oct-2026,11.15,11.15,10.77,10.84,10.83,1821506,197.71,2159,873134.0,47.93
SMLMAH, 05-Oct-2026,6390.0,6459.0,6280.0,6354.0,6251.0,41005,2608.64,8029,15432.0,37.63
SMLT, 05-Oct-2026,82.4,88.79,77.0,78.72,74.18,519788,418.26,7128,144329.0,27.77
SMSPHARMA, 05-Oct-2026,479.0,489.0,472.5,477.85,471.3,535364,2570.41,15307,234899.0,43.88
SNEHAA, 05-Oct-2026,44.35,44.35,44.35,44.35,44.35,1000,0.44,1,1000.0,100.0
SNOWMAN, 05-Oct-2026,34.11,34.5,33.51,33.99,34.11,74733,25.32,939,39773.0,53.22
SNXT30BEES, 05-Oct-2026,40.1,40.2,39.83,40.02,40.1,7650,3.06,135,5208.0,68.08
SNXT50BETA, 05-Oct-2026,90.13,90.77,88.51,89.24,89.69,1482,1.33,136,850.0,57.35
SOBHA, 05-Oct-2026,1214.0,1229.8,1187.8,1198.2,1213.1,136038,1642.3,13079,46994.0,34.54
SOCL, 05-Oct-2026,28.6,28.6,27.2,28.5,28.6,80000,22.72,16,76800.0,96.0
SOFTTECH, 05-Oct-2026,477.25,487.45,455.35,462.15,474.3,4795,22.48,213,2472.0,51.55
SOLARA, 05-Oct-2026,720.0,724.8,673.1,676.9,714.85,290504,1991.71,13583,126456.0,43.53
SOLARINDS, 05-Oct-2026,19450.0,19616.0,19275.0,19540.0,19400.0,114870,22279.44,28188,45629.0,39.72
SOLARWORLD, 05-Oct-2026,127.0,128.08,122.92,123.94,125.55,221817,276.9,4252,108476.0,48.9
SOLEX, 05-Oct-2026,683.75,692.65,676.0,682.2,670.95,47131,322.14,4072,12981.0,27.54
SOMANYCERA, 05-Oct-2026,614.0,627.8,608.25,610.9,614.2,85158,525.77,5319,46077.0,54.11
SOMATEX, 05-Oct-2026,77.78,77.78,74.5,75.65,75.76,5686,4.31,149,4830.0,84.95
SOMICONVEY, 05-Oct-2026,84.25,88.75,82.9,83.43,83.73,78797,67.66,1446,22499.0,28.55
SONACOMS, 05-Oct-2026,803.75,803.75,785.6,797.0,805.0,2049996,16270.13,52308,909956.0,44.39
SONAMAC, 05-Oct-2026,31.3,31.3,30.05,30.05,29.85,4000,1.24,4,3000.0,75.0
SONATSOFTW, 05-Oct-2026,258.85,263.2,252.3,254.0,254.05,963732,2479.23,26563,246560.0,25.58
SOTL, 05-Oct-2026,735.0,736.0,716.8,727.2,729.5,200693,1458.49,14968,68064.0,33.91
SOUTHBANK, 05-Oct-2026,48.45,48.7,47.8,48.54,47.44,10708341,5179.97,47253,5053892.0,47.2
SOUTHWEST, 05-Oct-2026,186.0,201.0,179.45,195.58,181.7,377507,723.83,6546,141898.0,37.59
SPAL, 05-Oct-2026,965.15,969.65,930.05,937.9,935.6,26626,250.49,3574,13365.0,50.2
SPANDANA, 05-Oct-2026,217.0,218.57,211.02,213.52,216.34,162492,347.55,6638,72755.0,44.77
SPARC, 05-Oct-2026,194.56,201.59,190.2,191.26,194.13,837807,1622.43,18280,373020.0,44.52
SPCENET, 05-Oct-2026,3.33,3.38,3.13,3.22,3.24,490373,15.91,593,374071.0,76.28
SPCL, 05-Oct-2026,64.25,64.25,61.35,61.8,61.95,8400,5.21,13,5400.0,64.29
SPCON, 05-Oct-2026,165.0,165.0,165.0,165.0,170.0,16800,27.72,5,16800.0,100.0
SPECTRAA, 05-Oct-2026,240.1,250.0,233.1,247.25,241.1,84000,205.91,66,80400.0,95.71
SPECTSTM, 05-Oct-2026,59.9,60.0,58.0,58.95,59.9,4000,2.37,5,3200.0,80.0
SPENCERS, 05-Oct-2026,26.2,26.8,25.52,26.39,26.24,15074,3.98,207,10161.0,67.41
SPIC, 05-Oct-2026,62.05,63.72,61.44,62.19,62.23,238526,148.49,2629,91946.0,38.55
SPLIL, 05-Oct-2026,29.6,29.6,28.01,28.94,28.5,8177,2.37,89,5417.0,66.25
SPLPETRO, 05-Oct-2026,780.45,805.0,768.3,798.35,780.45,205144,1619.86,18601,94915.0,46.27
SPMLINFRA, 05-Oct-2026,159.31,165.9,156.1,158.29,159.31,153588,243.71,3526,57026.0,37.13
SPORTKING, 05-Oct-2026,205.1,208.54,192.0,193.53,208.54,613909,1217.64,11782,293335.0,47.78
SPPPOLY, 05-Oct-2026,11.9,11.9,11.9,11.9,11.95,2000,0.24,1,2000.0,100.0
SPRL, 05-Oct-2026,153.5,153.5,140.0,140.25,146.2,8000,11.64,10,8000.0,100.0
SPUNWEB, 05-Oct-2026,99.0,103.0,99.0,102.4,97.0,28800,28.96,19,26400.0,91.67
SRD, 05-Oct-2026,38.3,38.98,37.4,37.7,38.08,17406,6.61,203,15558.0,89.38
SRF, 05-Oct-2026,2484.9,2495.0,2442.0,2460.0,2486.2,204482,5028.81,13417,121234.0,59.29
SRGHFL, 05-Oct-2026,137.0,138.65,128.99,128.99,135.77,6758,8.82,228,5960.0,88.19
SRHHYPOLTD, 05-Oct-2026,548.0,554.95,532.9,537.3,543.6,19380,104.41,1691,10365.0,53.48
SRIVASAVI, 05-Oct-2026,70.2,77.45,70.15,77.45,73.8,12000,8.86,10,10000.0,83.33
SRM, 05-Oct-2026,405.25,405.6,394.1,398.65,398.75,35369,141.57,2380,16643.0,47.06
SRTL, 05-Oct-2026,36.01,37.28,36.0,36.1,36.4,12343,4.47,302,10776.0,87.3
SSDL, 05-Oct-2026,69.38,76.0,68.41,69.75,69.39,141885,101.39,2329,71808.0,50.61
SSEGL, 05-Oct-2026,386.0,390.0,362.15,385.65,385.05,92600,349.64,336,60400.0,65.23
SSFL, 05-Oct-2026,285.0,288.95,280.0,286.0,284.95,5500,15.72,10,5500.0,100.0
SSRETAIL, 05-Oct-2026,712.05,712.05,666.4,677.15,714.35,6132724,42158.8,162155,805026.0,13.13
SSWL, 05-Oct-2026,393.5,412.4,385.2,410.55,390.8,1790927,7182.35,49360,736920.0,41.15
STANLEY, 05-Oct-2026,136.22,139.05,133.72,135.11,136.22,63052,85.82,1290,22735.0,36.06
STAR, 05-Oct-2026,1087.0,1109.9,1077.6,1086.7,1084.8,108287,1182.4,14181,48848.0,45.11
STARCEMENT, 05-Oct-2026,178.0,179.28,175.26,176.03,178.39,78392,138.23,2800,46648.0,59.51
STARHEALTH, 05-Oct-2026,535.25,541.6,531.1,535.25,537.7,407562,2183.34,27615,244062.0,59.88
STARPAPER, 05-Oct-2026,151.0,155.51,150.02,152.01,151.81,2960,4.49,134,2003.0,67.67
STARTECK, 05-Oct-2026,298.0,302.95,265.7,275.45,290.95,769,2.17,122,598.0,77.76
STCINDIA, 05-Oct-2026,106.01,107.5,105.0,105.27,105.96,13522,14.35,275,9686.0,71.63
STEAMHOUSE, 05-Oct-2026,109.1,110.71,105.85,107.66,106.51,2981543,3230.37,23647,1223952.0,41.05
STEELCAS, 05-Oct-2026,359.9,365.4,346.55,363.7,356.45,151454,541.53,6510,89605.0,59.16
STEELCITY, 05-Oct-2026,81.99,83.8,81.5,82.52,80.11,5484,4.51,100,2720.0,49.6
STEELXIND, 05-Oct-2026,11.23,11.56,11.1,11.12,11.22,5966946,669.1,5008,2759756.0,46.25
STEL, 05-Oct-2026,592.0,592.0,559.8,567.7,574.15,1993,11.35,202,1308.0,65.63
STERTOOLS, 05-Oct-2026,225.5,229.0,218.0,218.78,224.28,27222,60.63,823,17296.0,63.54
STLNETWORK, 05-Oct-2026,47.0,47.0,44.83,44.84,47.18,13766834,6232.16,17511,5802464.0,42.15
STLSTRINF, 05-Oct-2026,22.99,22.99,21.25,22.1,21.52,904,0.2,38,638.0,70.58
STOVEKRAFT, 05-Oct-2026,815.0,827.3,802.7,806.4,809.15,49778,406.03,4787,21412.0,43.01
STRIDERS, 05-Oct-2026,50.4,51.65,50.4,51.65,49.95,3200,1.63,2,3200.0,100.0
STUDDS, 05-Oct-2026,396.8,410.85,395.15,403.1,399.85,45793,184.07,2961,21567.0,47.1
STUDIOLSD, 05-Oct-2026,8.55,8.95,8.5,8.55,8.8,58000,4.99,22,48000.0,82.76
STYL, 05-Oct-2026,365.35,368.65,356.0,358.55,366.0,43034,156.02,2297,21443.0,49.83
STYLAMIND, 05-Oct-2026,3268.0,3341.0,3218.1,3325.2,3219.9,37896,1246.97,10155,18674.0,49.28
STYLEBAAZA, 05-Oct-2026,365.1,374.9,354.05,359.9,368.35,640771,2328.02,10259,305085.0,47.61
STYRENIX, 05-Oct-2026,2064.9,2066.1,1996.1,2015.0,2055.0,40911,827.65,5335,18231.0,44.56
SUBAHOTELS, 05-Oct-2026,93.95,94.0,90.05,90.95,92.45,18000,16.61,15,14400.0,80.0
SUBEXLTD, 05-Oct-2026,19.5,20.24,19.11,19.21,19.34,8970071,1759.37,24382,1978929.0,22.06
SUBROS, 05-Oct-2026,680.1,697.5,672.9,675.85,684.9,34316,233.07,3064,15887.0,46.3
SUDARCOLOR, 05-Oct-2026,365.1,379.85,365.1,365.65,368.1,2203,8.18,155,1823.0,82.75
SUDARSCHEM, 05-Oct-2026,1245.0,1260.0,1224.1,1229.2,1241.5,131105,1622.32,11562,58232.0,44.42
SUDEEPPHRM, 05-Oct-2026,1220.0,1247.9,1155.1,1173.4,1199.8,159743,1907.64,18612,82498.0,51.64
SUKHJITS, 05-Oct-2026,155.8,155.89,149.08,150.98,150.93,6500,9.8,289,4846.0,74.55
SULA, 05-Oct-2026,132.0,133.73,131.41,132.33,130.94,130210,172.29,3338,60297.0,46.31
SUMAX, 05-Oct-2026,101.25,102.25,96.1,101.3,101.25,129600,129.23,104,117600.0,90.74
SUMEDHA, 05-Oct-2026,43.0,43.75,40.15,42.0,43.42,2721,1.15,64,1961.0,72.07
SUMEETINDS, 05-Oct-2026,10.6,10.89,10.4,10.89,10.38,599994,64.09,924,284917.0,47.49
SUMICHEM, 05-Oct-2026,418.45,428.4,411.15,414.7,417.6,290766,1210.22,19904,152360.0,52.4
SUMIT, 05-Oct-2026,51.5,51.5,48.1,50.64,47.76,53301,26.88,221,39622.0,74.34
SUMMITSEC, 05-Oct-2026,1315.0,1340.9,1305.0,1314.8,1315.5,1590,20.99,411,949.0,59.69
SUNCLAY, 05-Oct-2026,1192.2,1209.0,1172.0,1174.8,1183.0,5222,62.04,471,3845.0,73.63
SUNDARAM, 05-Oct-2026,1.11,1.11,1.07,1.09,1.08,354338,3.88,382,234940.0,66.3
SUNDARMFIN, 05-Oct-2026,4400.0,4428.9,4222.3,4268.4,4395.9,52587,2254.57,14449,24608.0,46.79
SUNDRMBRAK, 05-Oct-2026,693.4,728.0,678.0,681.3,669.95,1510,10.49,120,1069.0,70.79
SUNDRMFAST, 05-Oct-2026,1128.9,1138.0,1110.1,1115.6,1123.6,72126,805.43,10393,38745.0,53.72
SUNDROP, 05-Oct-2026,749.4,758.0,740.3,748.6,753.15,12847,96.23,429,10804.0,84.1
SUNFLAG, 05-Oct-2026,442.0,455.15,412.2,455.0,433.5,820271,3605.01,15600,383387.0,46.74
SUNLITE, 05-Oct-2026,660.0,689.0,640.0,656.2,644.4,18600,121.98,61,10200.0,54.84
SUNLOC, 05-Oct-2026,73.9,73.9,66.01,68.0,70.1,221,0.15,15,216.0,97.74
SUNPHARMA, 05-Oct-2026,1785.0,1802.9,1776.7,1779.7,1801.0,1290843,23046.42,66769,736077.0,57.02
SUNRAKSHAK, 05-Oct-2026,361.35,370.0,350.0,356.05,358.9,15697,55.83,478,11497.0,73.24
SUNSHIEL, 05-Oct-2026,1088.0,1100.0,1070.1,1097.0,1059.0,1725,18.81,211,1326.0,76.87
SUNSHINE, 05-Oct-2026,453.55,467.85,443.35,447.55,453.0,155851,705.2,4705,46299.0,29.71
SUNTECH, 05-Oct-2026,35.5,35.5,35.5,35.5,36.75,1600,0.57,1,1600.0,100.0
SUNTECK, 05-Oct-2026,280.9,282.25,276.6,278.15,279.45,85315,237.99,3240,41772.0,48.96
SUNTV, 05-Oct-2026,597.0,635.8,595.2,626.85,599.9,4762809,29745.34,95633,516718.0,10.85
SUPERHOUSE, 05-Oct-2026,154.66,158.0,154.0,155.88,154.66,2166,3.36,105,1790.0,82.64
SUPRAJIT, 05-Oct-2026,483.0,483.05,458.15,461.5,481.05,78523,366.36,8543,37706.0,48.02
SUPREME, 05-Oct-2026,32.0,32.5,30.5,30.91,31.08,6225,1.97,127,4546.0,73.03
SUPREMEIND, 05-Oct-2026,3391.0,3430.9,3370.0,3398.9,3380.0,53297,1806.71,12199,21889.0,41.07
SUPREMEINF, 05-Oct-2026,66.0,67.65,60.61,61.59,66.94,87421,55.75,1664,57582.0,65.87
SUPREMEPWR, 05-Oct-2026,214.95,228.0,210.0,227.25,208.4,192500,430.17,359,133500.0,69.35
SUPRIYA, 05-Oct-2026,938.65,944.95,882.2,899.55,931.0,349024,3139.1,22581,152505.0,43.69
SURAJEST, 05-Oct-2026,200.0,215.0,200.0,208.4,200.15,145545,304.7,3573,66916.0,45.98
SURAJLTD, 05-Oct-2026,193.5,195.02,191.25,191.5,193.51,1033,2.0,17,1009.0,97.68
SURAKSHA, 05-Oct-2026,353.95,354.0,330.5,331.85,350.15,69134,232.91,2782,38723.0,56.01
SURANASOL, 05-Oct-2026,24.45,24.55,24.0,24.07,24.15,19944,4.83,369,12887.0,64.62
SURANAT&P, 05-Oct-2026,16.0,16.19,15.59,15.65,15.98,41243,6.49,379,33218.0,80.54
SURANI, 05-Oct-2026,114.9,120.05,114.9,120.05,100.05,35800,42.86,56,29200.0,81.56
SURYALA, 05-Oct-2026,377.5,379.85,376.2,377.15,377.5,220,0.83,12,163.0,74.09
SURYALAXMI, 05-Oct-2026,56.5,59.66,56.5,57.5,56.07,2555,1.46,44,2007.0,78.55
SURYAROSNI, 05-Oct-2026,221.9,226.06,219.76,220.41,220.67,530488,1177.74,10306,302293.0,56.98
SURYODAY, 05-Oct-2026,145.0,150.19,144.04,146.86,143.55,549974,810.12,9419,112596.0,20.47
SUTLEJTEX, 05-Oct-2026,37.5,40.39,35.52,36.97,36.24,80117,30.87,897,25117.0,31.35
SUVEN, 05-Oct-2026,309.0,316.0,305.2,306.3,308.3,303251,933.51,11980,142254.0,46.91
SUVIDHAA, 05-Oct-2026,2.12,2.14,2.09,2.1,2.07,61791,1.31,168,56773.0,91.88
SUYOG, 05-Oct-2026,690.05,694.95,653.9,664.25,689.9,9336,62.89,857,5195.0,55.64
SUZLON, 05-Oct-2026,39.0,39.46,38.75,38.92,38.91,51123556,19979.0,83881,22376071.0,43.77
SVGLOBAL, 05-Oct-2026,145.9,145.9,134.06,135.7,132.93,3764,5.29,68,623.0,16.55
SVLL, 05-Oct-2026,786.75,859.95,786.75,822.2,786.75,763,6.21,91,569.0,74.57
SVPGLOB, 05-Oct-2026,3.1,3.17,2.95,3.03,3.1,54165,1.64,126,45788.0,84.53
SWANCORP, 05-Oct-2026,276.9,276.9,261.7,262.9,272.8,1059779,2818.27,22422,401253.0,37.86
SWARAJENG, 05-Oct-2026,3559.9,3573.3,3510.0,3532.2,3542.7,8535,301.49,2518,5496.0,64.39
SWARNSAR, 05-Oct-2026,38.55,40.74,38.55,40.14,38.44,5190,2.04,50,4730.0,91.14
SWELECTES, 05-Oct-2026,587.8,611.0,587.8,600.1,592.9,22535,135.23,1233,11518.0,51.11
SWIGGY, 05-Oct-2026,239.2,246.3,237.4,238.8,238.0,11179271,26948.46,51709,4245402.0,37.98
SWSOLAR, 05-Oct-2026,165.0,167.44,163.0,163.72,164.82,914130,1507.0,13038,379404.0,41.5
SYMBIOTEC, 05-Oct-2026,1205.2,1230.0,1155.0,1169.7,1198.0,730965,8599.02,44615,292074.0,39.96
SYMPHONY, 05-Oct-2026,571.7,579.85,557.0,559.45,571.7,58122,326.95,7345,33239.0,57.19
SYNCOMF, 05-Oct-2026,24.01,24.7,22.7,23.14,23.96,20341146,4805.83,35760,4740333.0,23.3
SYNGENE, 05-Oct-2026,361.0,364.45,355.55,357.4,361.3,327748,1174.15,18166,166211.0,50.71
SYRMA, 05-Oct-2026,1739.7,1757.7,1692.3,1700.4,1717.9,846292,14538.5,50545,286667.0,33.87
SYSTANGO, 05-Oct-2026,217.05,219.95,213.25,215.3,219.3,19600,42.34,47,12000.0,61.22
TAALTECH, 05-Oct-2026,965.0,976.3,922.1,929.7,944.0,16399,153.39,2394,8489.0,51.77
TAC, 05-Oct-2026,376.05,395.0,371.05,389.75,386.4,70600,269.84,281,58400.0,82.72
TAINWALCHM, 05-Oct-2026,202.3,205.45,195.5,197.18,203.29,2765,5.54,81,2336.0,84.48
TAJGVK, 05-Oct-2026,314.8,325.0,312.35,315.3,314.9,33436,105.5,2470,15519.0,46.41
TAKE, 05-Oct-2026,12.65,12.9,12.02,12.06,12.65,1017472,123.78,2096,601553.0,59.12
TALBROAUTO, 05-Oct-2026,421.0,422.45,408.0,416.45,419.7,115228,477.16,6004,54839.0,47.59
TANAA, 05-Oct-2026,329.0,339.9,311.3,314.35,324.15,45802,147.45,2835,19597.0,42.79
TANKUP, 05-Oct-2026,1824.15,1824.15,1752.65,1752.65,1788.4,12750,231.33,19,12250.0,96.08
TANLA, 05-Oct-2026,492.05,496.0,486.1,488.0,487.75,178184,873.65,10248,72073.0,40.45
TARACHAND, 05-Oct-2026,47.5,47.9,46.25,46.47,46.35,69725,32.49,943,54514.0,78.18
TARAPUR, 05-Oct-2026,12.1,12.18,11.13,11.58,12.2,19202,2.26,153,15779.0,82.17
TARC, 05-Oct-2026,125.21,126.99,122.4,122.84,125.58,267733,334.37,2349,154372.0,57.66
TARIL, 05-Oct-2026,287.6,297.9,283.25,285.45,280.8,13448683,39018.05,146774,1827953.0,13.59
TARMAT, 05-Oct-2026,57.6,58.6,55.02,56.2,57.23,10805,6.1,267,6012.0,55.64
TARSONS, 05-Oct-2026,329.5,343.45,327.05,335.95,329.4,109967,371.17,5107,41331.0,37.58
TASTYBITE, 05-Oct-2026,9415.0,9509.0,9300.0,9377.5,9453.5,753,70.65,363,370.0,49.14
TATACAP, 05-Oct-2026,319.3,322.85,317.0,317.6,319.3,1021767,3261.45,34700,650801.0,63.69
TATACHEM, 05-Oct-2026,607.8,629.9,603.5,617.4,607.8,953155,5877.19,31971,235260.0,24.68
TATACOMM, 05-Oct-2026,1683.0,1697.6,1647.7,1677.2,1683.0,88150,1475.57,12848,34745.0,39.42
TATACONSUM, 05-Oct-2026,953.85,962.0,945.0,953.75,957.0,1540341,14647.65,64465,1045565.0,67.88
TATAELXSI, 05-Oct-2026,3130.5,3148.4,3070.1,3105.0,3092.8,237392,7365.07,29801,77556.0,32.67
TATAGOLD, 05-Oct-2026,14.28,14.34,14.17,14.3,14.28,45583508,6496.64,118082,18778339.0,41.2
TATAINVEST, 05-Oct-2026,618.05,628.4,614.0,621.75,615.05,257410,1598.92,17334,77510.0,30.11
TATAPOWER, 05-Oct-2026,350.15,353.95,348.0,351.5,350.15,2763239,9683.63,38647,1543257.0,55.85
TATASTEEL, 05-Oct-2026,179.28,181.28,177.02,178.14,178.0,20426029,36462.44,161493,10429502.0,51.06
TATATECH, 05-Oct-2026,705.4,716.7,695.0,697.55,698.8,615981,4344.26,38143,238330.0,38.69
TATSILV, 05-Oct-2026,21.3,21.57,21.3,21.53,21.2,39353216,8434.04,67987,18648734.0,47.39
TATVA, 05-Oct-2026,1755.0,1814.0,1740.0,1799.0,1743.2,54250,966.79,6107,23916.0,44.08
TAURIAN, 05-Oct-2026,609.9,617.85,597.5,617.85,588.45,24800,151.95,28,21600.0,87.1
TBI, 05-Oct-2026,68.55,76.95,66.65,74.65,67.55,80400,59.22,111,66000.0,82.09
TBOTEK, 05-Oct-2026,1684.8,1700.0,1643.2,1657.0,1671.5,52113,868.3,10129,17994.0,34.53
TCC, 05-Oct-2026,47.83,49.0,46.19,47.07,47.47,459771,218.37,4503,138265.0,30.07
TCI, 05-Oct-2026,885.0,889.9,866.0,878.75,877.1,71248,623.26,6479,36581.0,51.34
TCIEXP, 05-Oct-2026,502.3,506.4,484.0,494.2,504.75,55221,271.98,3249,15253.0,27.62
TCIFINANCE, 05-Oct-2026,14.5,15.49,13.55,14.3,14.69,29696,4.21,146,21070.0,70.95
TCL, 05-Oct-2026,140.15,144.0,136.0,139.3,140.15,40800,57.62,44,20000.0,49.02
TCPLPACK, 05-Oct-2026,3988.0,4090.0,3890.1,3933.6,3927.1,3139,123.73,846,1449.0,46.16
TCS, 05-Oct-2026,2114.0,2140.9,2063.6,2114.4,2075.0,5270768,111052.49,158717,2458708.0,46.65
TDPOWERSYS, 05-Oct-2026,801.0,856.1,796.0,812.9,792.15,12561061,103933.91,347296,2303051.0,18.33
TEAMGTY, 05-Oct-2026,241.95,241.97,235.0,236.15,235.1,634,1.5,16,601.0,94.79
TEAMLEASE, 05-Oct-2026,1180.7,1194.6,1117.6,1134.6,1179.4,31212,354.84,5193,14461.0,46.33
TEAMTECH, 05-Oct-2026,152.85,153.2,150.0,153.2,145.95,68000,104.04,30,60000.0,88.24
TECH, 05-Oct-2026,31.54,31.54,30.77,30.88,30.92,7383,2.29,213,3669.0,49.7
TECHD, 05-Oct-2026,559.95,579.25,550.0,552.0,531.95,24900,141.24,78,17400.0,69.88
TECHERA, 05-Oct-2026,167.45,169.45,159.1,159.1,167.45,88800,144.5,100,72800.0,81.98
TECHLABS, 05-Oct-2026,110.45,115.0,109.0,113.9,110.45,17250,19.47,78,14875.0,86.23
TECHM, 05-Oct-2026,1543.7,1561.0,1509.7,1535.9,1533.0,3346008,51361.13,102052,1943226.0,58.08
TECHNOCRAF, 05-Oct-2026,481.0,484.0,465.0,471.1,478.1,429819,2042.62,10820,183060.0,42.59
TECHNOE, 05-Oct-2026,999.0,1003.9,972.3,978.6,998.6,138238,1361.0,15856,64489.0,46.65
TECHNVISN, 05-Oct-2026,3763.5,3879.7,3575.4,3821.9,3763.5,697,25.12,157,618.0,88.67
TECILCHEM, 05-Oct-2026,9.29,10.15,8.9,9.56,9.25,21261,2.04,85,18899.0,88.89
TEGA, 05-Oct-2026,2119.5,2131.7,2020.0,2064.1,2093.4,261410,5407.16,24467,100049.0,38.27
TEJA, 05-Oct-2026,210.35,216.0,209.05,214.2,213.9,11400,24.28,19,6600.0,57.89
TEJASNET, 05-Oct-2026,469.0,481.95,461.45,463.2,464.8,1053307,4943.3,35568,261006.0,24.78
TEMBO, 05-Oct-2026,57.7,57.7,54.9,55.18,57.16,857236,479.71,4769,347817.0,40.57
TEMPSENS, 05-Oct-2026,513.0,519.2,486.0,493.95,505.25,1503141,7493.48,47298,524497.0,34.89
TENNIND, 05-Oct-2026,499.95,499.95,485.4,487.0,495.4,277605,1365.67,27300,155926.0,56.17
TERAI, 05-Oct-2026,116.0,116.0,116.0,116.0,116.75,1,0.0,1,1.0,100.0
TERASOFT, 05-Oct-2026,212.0,232.0,208.0,227.86,207.91,54214,120.71,3109,23321.0,43.02
TEXINFRA, 05-Oct-2026,120.0,123.35,118.51,120.53,119.39,207029,249.49,1957,121280.0,58.58
TEXMOPIPES, 05-Oct-2026,53.7,55.0,50.15,50.37,53.7,276688,141.98,3424,118155.0,42.7
TEXRAIL, 05-Oct-2026,128.0,128.99,116.51,117.18,126.86,5444925,6534.43,56212,1898066.0,34.86
TFCILTD, 05-Oct-2026,139.6,141.47,138.32,139.65,138.79,15041651,20952.76,30421,7580497.0,50.4
TFL, 05-Oct-2026,11.38,12.25,11.38,11.72,11.82,2430,0.28,42,1507.0,62.02
TGBHOTELS, 05-Oct-2026,9.78,9.9,9.18,9.51,9.42,13800,1.31,96,11047.0,80.05
TGL, 05-Oct-2026,12.95,12.95,12.95,12.95,13.2,2200,0.28,11,2200.0,100.0
TGVSL, 05-Oct-2026,123.12,127.5,120.25,121.99,116.38,1302916,1618.29,18098,362673.0,27.84
THAKDEV, 05-Oct-2026,128.74,135.06,128.74,135.06,128.74,63,0.08,10,63.0,100.0
THANGAMAYL, 05-Oct-2026,4870.0,4934.0,4721.0,4747.0,4861.0,77086,3685.13,20749,43922.0,56.98
THEINVEST, 05-Oct-2026,92.15,93.96,89.51,90.1,90.33,8379,7.64,175,5694.0,67.96
THEJO, 05-Oct-2026,2071.4,2122.0,2065.9,2095.2,2071.4,2088,43.77,484,1114.0,53.35
THELEELA, 05-Oct-2026,566.7,581.2,562.5,577.6,568.95,365031,2096.27,29754,231317.0,63.37
THEMISMED, 05-Oct-2026,115.0,115.0,111.02,112.89,113.19,58862,66.44,1344,26560.0,45.12
THERMAX, 05-Oct-2026,3364.9,3400.7,3212.0,3228.2,3360.6,187112,6128.1,32002,107117.0,57.25
THOMASCOOK, 05-Oct-2026,100.7,101.95,99.21,99.61,100.7,303908,304.75,4886,143034.0,47.06
THOMASCOTT, 05-Oct-2026,302.0,309.0,272.0,278.85,300.2,107168,314.3,4190,45566.0,42.52
THYROCARE, 05-Oct-2026,539.9,544.8,532.15,542.05,533.6,207102,1118.39,14611,124677.0,60.2
TI, 05-Oct-2026,543.0,553.15,538.0,540.35,542.55,282972,1543.14,15410,158971.0,56.18
TIGERLOGS, 05-Oct-2026,26.05,26.6,25.82,26.3,25.69,16487,4.31,353,10969.0,66.53
TIIL, 05-Oct-2026,2882.1,2920.0,2800.0,2815.3,2893.8,14101,399.81,3511,7783.0,55.19
TIINDIA, 05-Oct-2026,2346.0,2368.9,2293.8,2320.0,2340.0,687174,15954.34,53888,446853.0,65.03
TIMESCAN, 05-Oct-2026,40.0,40.0,40.0,40.0,40.0,4000,1.6,2,4000.0,100.0
TIMETECHNO, 05-Oct-2026,180.3,181.88,177.5,178.71,179.68,1107750,1990.3,15685,355128.0,32.06
TIMEX, 05-Oct-2026,733.15,744.8,724.5,734.6,729.5,462142,3392.15,33994,190482.0,41.22
TIMKEN, 05-Oct-2026,3110.0,3149.9,3103.8,3132.3,3098.8,21117,661.7,5330,13891.0,65.78
TINNARUBR, 05-Oct-2026,938.85,951.2,922.75,930.15,938.85,30521,284.63,2799,18294.0,59.94
TIPSFILMS, 05-Oct-2026,313.05,316.65,306.35,312.25,315.4,2993,9.3,192,1720.0,57.47
TIPSMUSIC, 05-Oct-2026,653.3,653.95,635.7,639.1,644.2,152414,983.18,15336,79172.0,51.95
TIRUMALCHM, 05-Oct-2026,146.2,150.09,141.4,143.35,146.26,279997,405.12,5135,110415.0,39.43
TITAGARH, 05-Oct-2026,809.0,812.95,795.65,809.65,805.1,364258,2931.56,17976,121446.0,33.34
TITAN, 05-Oct-2026,4515.9,4610.0,4505.8,4580.0,4515.7,731987,33475.18,53485,430115.0,58.76
TMB, 05-Oct-2026,872.5,917.6,870.0,886.25,872.05,420110,3767.74,37417,130640.0,31.1
TMCV, 05-Oct-2026,415.5,428.85,412.7,426.8,415.5,8038049,33880.28,126226,4275128.0,53.19
TMPV, 05-Oct-2026,280.1,289.8,278.95,288.65,279.4,13512719,38653.54,146402,4321540.0,31.98
TNIDETF, 05-Oct-2026,82.95,84.48,79.6,83.14,81.5,638358,536.04,1110,585577.0,91.73
TNPETRO, 05-Oct-2026,124.5,127.48,122.5,122.75,123.18,631775,789.38,15486,230258.0,36.45
TNPL, 05-Oct-2026,148.3,151.87,146.04,146.49,147.63,73341,108.1,1924,34135.0,46.54
TOKYOPLAST, 05-Oct-2026,71.1,73.87,69.1,71.06,71.01,1544,1.1,52,795.0,51.49
TOLINS, 05-Oct-2026,86.0,87.5,84.01,85.12,84.59,31946,27.1,1343,13901.0,43.51
TOP100CASE, 05-Oct-2026,10.1,10.1,9.7,9.94,9.9,1985882,196.97,2288,916583.0,46.15
TOP10ADD, 05-Oct-2026,82.87,83.31,82.41,83.07,82.41,175533,145.24,651,122436.0,69.75
TOP15IETF, 05-Oct-2026,9.17,9.22,9.12,9.17,9.13,61999,5.69,190,34706.0,55.98
TOP20, 05-Oct-2026,8.32,8.39,8.3,8.34,8.3,21394,1.79,135,19719.0,92.17
TORNTPHARM, 05-Oct-2026,4767.3,4795.0,4710.0,4772.0,4767.3,332068,15760.66,47171,203134.0,61.17
TORNTPOWER, 05-Oct-2026,1245.4,1249.1,1226.0,1234.2,1242.9,191786,2368.17,17064,134958.0,70.37
TOUCHWOOD, 05-Oct-2026,66.4,66.4,57.9,58.53,57.14,6095,3.72,140,3188.0,52.31
TOYAMSL, 05-Oct-2026,0.7,0.71,0.66,0.66,0.69,1201986,8.15,381,662269.0,55.1
TPLPLASTEH, 05-Oct-2026,68.91,70.19,67.02,67.86,68.89,175395,119.18,1722,67858.0,38.69
TRACXN, 05-Oct-2026,31.7,32.49,31.11,31.61,31.71,130560,41.43,774,81749.0,62.61
TRANSCOR, 05-Oct-2026,24.49,24.9,23.52,24.6,24.18,1443,0.34,52,1258.0,87.18
TRANSRAILL, 05-Oct-2026,476.7,476.85,460.0,462.75,474.9,454795,2122.52,21168,165101.0,36.3
TRANSTEEL, 05-Oct-2026,80.1,80.1,79.5,79.75,79.4,9000,7.19,8,7000.0,77.78
TRANSWIND, 05-Oct-2026,11.3,11.3,11.3,11.3,11.3,4000,0.45,1,4000.0,100.0
TRAVELFOOD, 05-Oct-2026,1208.1,1215.6,1185.0,1204.3,1208.1,52265,627.58,7050,24389.0,46.66
TREEHOUSE, 05-Oct-2026,5.69,5.99,5.5,5.8,5.68,29426,1.73,114,22225.0,75.53
TREJHARA, 05-Oct-2026,131.66,139.35,129.05,131.36,131.66,16934,22.38,732,10208.0,60.28
TREL, 05-Oct-2026,27.29,28.23,26.51,26.99,27.29,52412,14.12,1036,23168.0,44.2
TRENT, 05-Oct-2026,2580.0,2608.3,2572.8,2580.0,2580.0,802316,20761.02,66093,480030.0,59.83
TRF, 05-Oct-2026,197.9,198.2,193.01,194.02,192.33,14980,29.21,537,9663.0,64.51
TRIDENT, 05-Oct-2026,22.15,22.33,21.8,21.84,22.16,3963387,870.17,19808,2031180.0,51.25
TRIGYN, 05-Oct-2026,51.54,52.8,51.02,51.45,51.8,18889,9.77,454,12339.0,65.32
TRITONV, 05-Oct-2026,1099.0,1100.0,1048.3,1063.2,1078.0,1226,13.03,195,856.0,69.82
TRITURBINE, 05-Oct-2026,535.0,540.0,525.05,526.1,530.0,208383,1107.45,18742,97819.0,46.94
TRIVENI, 05-Oct-2026,237.0,241.7,235.06,237.22,230.92,749310,1781.64,25563,318824.0,42.55
TRU, 05-Oct-2026,4.05,4.33,4.05,4.15,4.22,41076,1.73,206,33862.0,82.44
TRUALT, 05-Oct-2026,444.65,457.15,436.95,442.3,444.3,100918,449.32,4158,51296.0,50.83
TRUST, 05-Oct-2026,25.9,26.1,25.8,25.95,27.1,9600,2.49,13,8400.0,87.5
TSC, 05-Oct-2026,50.25,50.25,50.25,50.25,50.25,2000,1.01,1,2000.0,100.0
TSFINV, 05-Oct-2026,410.0,415.0,403.6,409.0,409.15,69621,284.16,4959,43045.0,61.83
TTKHLTCARE, 05-Oct-2026,1022.9,1037.0,991.0,1007.4,1013.0,17885,181.27,1936,8463.0,47.32
TTKPRESTIG, 05-Oct-2026,508.5,519.45,508.5,512.95,506.4,25083,128.41,2038,14796.0,58.99
TTL, 05-Oct-2026,8.0,8.0,7.65,7.77,7.85,116374,9.05,364,85141.0,73.16
TTML, 05-Oct-2026,34.6,34.8,33.91,34.33,34.82,2248833,769.76,14559,684922.0,30.46
TUNWAL, 05-Oct-2026,26.55,26.55,26.0,26.25,25.9,22000,5.76,11,16000.0,72.73
TURTLEMINT, 05-Oct-2026,71.0,71.49,65.85,68.04,69.79,3623714,2490.58,41004,929096.0,25.64
TUTIALKA, 05-Oct-2026,55.92,55.92,52.01,52.27,53.98,5930,3.15,157,4525.0,76.31
TVSELECT, 05-Oct-2026,397.15,401.75,387.2,391.7,397.4,41961,164.76,2300,15496.0,36.93
TVSHLTD, 05-Oct-2026,11950.0,12021.0,11708.0,11813.0,11886.0,4718,558.11,1746,2227.0,47.2
TVSMOTOR, 05-Oct-2026,4026.0,4040.5,3919.0,4031.0,4021.0,706602,28209.32,68771,337596.0,47.78
TVSSCS, 05-Oct-2026,128.32,130.99,126.95,127.27,128.42,402736,516.77,7922,186802.0,46.38
TVSSRICHAK, 05-Oct-2026,4323.3,4430.7,4256.0,4277.3,4349.3,3583,154.79,1327,1928.0,53.81
TVTODAY, 05-Oct-2026,103.7,103.7,101.0,101.49,101.65,52602,53.42,550,43386.0,82.48
TWCGOLDETF, 05-Oct-2026,147.0,147.92,145.08,146.47,146.46,2839,4.16,119,2734.0,96.3
UBL, 05-Oct-2026,1180.2,1192.6,1171.5,1183.3,1188.8,56186,663.47,9867,30312.0,53.95
UCL, 05-Oct-2026,210.35,218.0,199.9,210.45,210.35,10000,20.77,5,10000.0,100.0
UCOBANK, 05-Oct-2026,23.05,23.9,22.96,23.16,22.93,7010331,1638.39,22779,1747314.0,24.92
UDAYJEW, 05-Oct-2026,166.0,166.0,155.9,160.27,159.06,11218,18.15,846,1623.0,14.47
UDS, 05-Oct-2026,209.6,211.98,208.43,210.82,208.55,78015,164.09,2329,49090.0,62.92
UEL, 05-Oct-2026,183.67,183.68,175.4,176.87,183.67,7614,13.54,550,5673.0,74.51
UFLEX, 05-Oct-2026,651.15,669.35,636.5,639.2,649.85,112152,725.75,5295,55212.0,49.23
UFO, 05-Oct-2026,57.02,58.6,56.33,57.18,56.49,21649,12.42,537,11900.0,54.97
UGROCAP, 05-Oct-2026,83.9,83.9,81.0,81.89,82.35,145752,119.63,1801,89144.0,61.16
UHTL, 05-Oct-2026,192.1,195.9,192.1,195.9,192.1,26000,50.71,11,26000.0,100.0
UJJIVANSFB, 05-Oct-2026,66.98,67.65,65.92,66.59,65.6,16279797,10870.88,76308,8586668.0,52.74
ULTRACEMCO, 05-Oct-2026,10736.0,10940.0,10731.0,10850.0,10710.0,314538,34203.59,37017,198143.0,62.99
ULTRAMAR, 05-Oct-2026,409.0,409.55,403.5,404.8,406.15,92729,375.53,1532,66236.0,71.43
UMA, 05-Oct-2026,17.0,17.0,16.6,16.6,17.8,12000,2.02,3,12000.0,100.0
UMESLTD, 05-Oct-2026,4.8,4.8,4.28,4.37,4.57,7898,0.35,77,5220.0,66.09
UMIYA-MRO, 05-Oct-2026,92.8,93.49,91.12,91.98,91.76,8756,8.04,190,7051.0,80.53
UNICHEMLAB, 05-Oct-2026,536.2,545.0,512.0,531.45,535.05,116755,618.24,6292,38020.0,32.56
UNIDT, 05-Oct-2026,242.9,242.9,227.61,229.93,239.65,36657,85.96,1285,18088.0,49.34
UNIECOM, 05-Oct-2026,82.52,83.69,81.11,81.54,82.58,134369,110.46,2140,73730.0,54.87
UNIENTER, 05-Oct-2026,90.0,90.0,86.0,86.17,87.02,3395,2.94,92,2365.0,69.66
UNIHEALTH, 05-Oct-2026,580.0,588.0,555.0,562.15,581.2,20500,116.4,39,16000.0,78.05
UNIINFO, 05-Oct-2026,11.2,11.2,10.46,10.62,10.85,2024,0.21,34,1447.0,71.49
UNILEX, 05-Oct-2026,30.0,30.5,30.0,30.4,29.3,8000,2.42,5,6400.0,80.0
UNIMECH, 05-Oct-2026,1790.0,1850.2,1756.0,1845.1,1773.0,344309,6204.3,37538,149181.0,43.33
UNIONBANK, 05-Oct-2026,169.0,171.09,165.68,167.97,167.59,7966548,13383.96,59745,3438526.0,43.16
UNIONGOLD, 05-Oct-2026,145.0,145.8,142.4,144.0,143.9,6965,9.96,416,4082.0,58.61
UNIPARTS, 05-Oct-2026,818.0,847.1,812.25,826.05,819.3,84284,700.42,8475,47518.0,56.38
UNITDSPR, 05-Oct-2026,1335.4,1377.9,1329.7,1369.0,1335.1,1272603,17210.66,47556,737627.0,57.96
UNITECH, 05-Oct-2026,3.95,3.99,3.88,3.9,3.93,1338911,52.6,2864,928995.0,69.38
UNITEDPOLY, 05-Oct-2026,47.13,50.23,43.5,48.43,47.05,3171395,1502.11,6960,807488.0,25.46
UNITEDTEA, 05-Oct-2026,414.9,428.95,414.9,415.0,416.95,1641,6.81,83,1392.0,84.83
UNIVCABLES, 05-Oct-2026,1459.9,1536.8,1456.0,1520.2,1451.3,214759,3242.55,16273,87622.0,40.8
UNOMINDA, 05-Oct-2026,1111.0,1126.0,1086.2,1101.0,1111.0,952575,10469.59,35931,522609.0,54.86
UPL, 05-Oct-2026,520.5,526.8,496.05,502.5,516.8,5330366,27040.09,42874,3078846.0,57.76
URBAN, 05-Oct-2026,118.3,121.0,116.1,120.25,118.15,20000,23.81,25,11200.0,56.0
URBANCO, 05-Oct-2026,157.0,160.56,157.0,159.59,156.34,2694786,4284.61,47403,1126864.0,41.82
URJA, 05-Oct-2026,8.56,9.0,8.51,8.69,8.61,478430,41.26,2523,289709.0,60.55
USHAFIN, 05-Oct-2026,46.7,46.7,45.5,46.05,46.7,4800,2.21,3,4800.0,100.0
USHAMART, 05-Oct-2026,492.0,518.0,492.0,510.5,491.7,1068924,5428.66,33961,595975.0,55.75
USK, 05-Oct-2026,18.97,19.1,18.12,18.53,18.39,20205,3.73,232,13287.0,65.76
UTIAMC, 05-Oct-2026,883.7,898.0,879.85,890.3,883.7,58676,522.21,8991,34795.0,59.3
UTKAL, 05-Oct-2026,50.0,50.0,45.6,49.75,48.0,42000,20.43,18,36000.0,85.71
UTKARSHBNK, 05-Oct-2026,13.43,13.68,13.12,13.22,13.43,2920874,390.07,4721,1339209.0,45.85
UTLSOLAR, 05-Oct-2026,401.65,420.95,392.6,412.15,401.65,326293,1343.58,18667,151287.0,46.37
UTSSAV, 05-Oct-2026,775.0,845.25,775.0,843.35,766.8,133200,1098.41,173,75600.0,56.76
UTTAMSUGAR, 05-Oct-2026,280.65,298.0,279.0,294.7,276.1,362425,1052.22,11593,87059.0,24.02
UWCSL, 05-Oct-2026,121.0,121.0,121.0,121.0,122.45,1000,1.21,1,1000.0,100.0
V2RETAIL, 05-Oct-2026,183.99,183.99,162.33,169.28,201.39,18473874,31836.58,221803,5691886.0,30.81
VADILALIND, 05-Oct-2026,7187.0,7299.5,7000.0,7111.0,7187.0,6743,478.77,1869,3476.0,51.55
VADILENT, 05-Oct-2026,9960.0,9960.0,9860.0,9860.0,9910.0,9,0.89,9,8.0,88.89
VAIBHAVGBL, 05-Oct-2026,205.0,208.99,198.15,199.43,203.53,211892,425.54,5628,99056.0,46.75
VAISHALI, 05-Oct-2026,8.95,8.95,8.22,8.28,8.38,217314,18.16,382,139168.0,64.04
VAKRANGEE, 05-Oct-2026,5.12,5.7,5.12,5.21,5.12,741358,38.48,1610,488182.0,65.85
VAL30IETF, 05-Oct-2026,14.59,14.59,14.23,14.33,14.3,196261,28.14,583,90769.0,46.25
VALIANTORG, 05-Oct-2026,477.15,503.0,471.05,475.65,477.15,461753,2271.57,13986,204878.0,44.37
VALUE, 05-Oct-2026,15.44,15.44,15.11,15.22,15.14,10424,1.59,136,8647.0,82.95
VALUEAXIS, 05-Oct-2026,31.97,31.97,30.82,31.02,30.91,145987,45.44,573,77280.0,52.94
VAML, 05-Oct-2026,403.5,410.95,391.45,396.6,402.75,10726817,42644.03,144298,6203177.0,57.83
VARDHACRLC, 05-Oct-2026,45.7,45.7,44.11,44.47,44.34,39997,17.91,344,30539.0,76.35
VARDMNPOLY, 05-Oct-2026,5.6,5.75,5.48,5.55,5.7,297132,16.5,552,251624.0,84.68
VARMORA, 05-Oct-2026,135.0,138.2,132.11,134.88,134.3,1992329,2677.32,29145,584817.0,29.35
VARROC, 05-Oct-2026,835.0,843.8,817.0,820.0,830.6,169871,1400.34,15648,71655.0,42.18
VASCONEQ, 05-Oct-2026,33.0,33.7,32.05,32.27,32.58,452260,147.36,1889,236727.0,52.34
VASUPRADA, 05-Oct-2026,96.0,96.25,96.0,96.25,95.52,93,0.09,2,93.0,100.0
VASWANI, 05-Oct-2026,44.2,45.28,44.01,44.13,44.36,8389,3.73,91,5216.0,62.18
VBL, 05-Oct-2026,426.3,440.2,426.3,439.6,425.3,4643552,20217.96,66879,2458636.0,52.95
VDEAL, 05-Oct-2026,111.2,111.2,103.05,103.05,110.5,2400,2.57,4,2400.0,100.0
VEDAVAAG, 05-Oct-2026,22.16,22.59,21.46,22.33,22.16,27473,6.07,269,20456.0,74.46
VEDL, 05-Oct-2026,253.3,256.6,252.05,255.05,252.05,7161255,18221.63,63796,4051298.0,56.57
VEDPOWER, 05-Oct-2026,32.8,33.15,31.49,31.87,32.77,15572832,5008.64,183372,7573361.0,48.63
VEEDOL, 05-Oct-2026,1357.0,1365.9,1339.1,1350.4,1356.6,6337,85.37,880,3431.0,54.14
VEEGALAND, 05-Oct-2026,144.09,149.75,142.42,144.74,141.79,1476381,2153.56,8756,607578.0,41.15
VEEKAYEM, 05-Oct-2026,108.0,108.7,108.0,108.35,104.0,4000,4.33,8,2000.0,50.0
VENKEYS, 05-Oct-2026,1618.1,1664.0,1593.0,1642.7,1613.0,51707,846.26,6807,25168.0,48.67
VENTIVE, 05-Oct-2026,546.0,557.9,544.5,548.0,552.2,8979,49.23,1101,4997.0,55.65
VENUSPIPES, 05-Oct-2026,2204.9,2279.1,2193.8,2206.4,2204.9,141164,3151.61,12927,47005.0,33.3
VERANDA, 05-Oct-2026,214.0,218.99,207.6,212.76,213.8,368190,781.64,7788,201182.0,54.64
VERITAAS, 05-Oct-2026,30.05,30.5,30.05,30.05,31.6,6000,1.81,5,3600.0,60.0
VERTIS, 05-Oct-2026,114.0,116.5,114.0,114.0,116.5,3825000,4434.2,16,3825000.0,100.0
VERTOZ, 05-Oct-2026,36.99,36.99,34.43,34.73,35.66,40182,14.04,635,27277.0,67.88
VESUVIUS, 05-Oct-2026,404.1,412.65,387.95,389.4,404.1,190997,756.97,9596,72124.0,37.76
VETO, 05-Oct-2026,137.0,140.95,135.35,136.65,136.79,45573,62.75,1596,21154.0,46.42
VGCL, 05-Oct-2026,45.65,48.37,45.65,48.02,47.89,906,0.42,51,684.0,75.5
VGINFOTECH, 05-Oct-2026,138.0,138.0,136.0,138.0,139.0,19000,26.05,18,16000.0,84.21
VGL, 05-Oct-2026,63.4,65.22,63.4,63.6,63.11,33296,21.33,380,22769.0,68.38
VGUARD, 05-Oct-2026,297.3,302.7,295.3,296.55,294.55,204357,608.96,10800,107425.0,52.57
VHL, 05-Oct-2026,3481.0,3525.7,3375.0,3517.8,3435.3,1519,52.96,346,1103.0,72.61
VICTORYEV, 05-Oct-2026,13.5,13.5,13.3,13.3,13.5,9000,1.21,3,9000.0,100.0
VIDHIING, 05-Oct-2026,356.5,357.0,350.0,354.0,350.25,14038,49.76,943,10424.0,74.26
VIDYAWIRES, 05-Oct-2026,90.95,95.35,90.95,91.27,90.97,1296809,1205.71,8246,620545.0,47.85
VIESL, 05-Oct-2026,365.0,365.0,358.95,359.8,365.0,9600,34.68,12,8000.0,83.33
VIGOR, 05-Oct-2026,80.0,80.0,76.0,76.0,80.0,35200,27.03,22,32000.0,90.91
VIJAYA, 05-Oct-2026,1425.0,1444.9,1405.4,1422.2,1428.0,157254,2237.27,32074,89894.0,57.16
VIJAYPD, 05-Oct-2026,82.0,91.95,76.75,90.35,80.05,176000,151.82,84,136000.0,77.27
VIJSOLX, 05-Oct-2026,625.05,644.8,625.05,636.95,623.3,33,0.21,11,23.0,69.7
VIKASECO, 05-Oct-2026,1.03,1.03,1.02,1.02,1.01,1522387,15.58,1078,813621.0,53.44
VIKASLIFE, 05-Oct-2026,1.21,1.23,1.21,1.21,1.2,2377351,28.9,8062,958971.0,40.34
VIKRAMSOLR, 05-Oct-2026,155.0,157.39,151.79,152.52,154.35,969664,1486.8,13190,425094.0,43.84
VIKRAN, 05-Oct-2026,59.0,59.56,56.9,57.19,58.27,1024492,592.42,6563,423965.0,41.38
VILAS, 05-Oct-2026,404.95,406.9,394.0,396.25,398.75,46500,184.96,106,39250.0,84.41
VILINBIO, 05-Oct-2026,53.75,53.75,53.75,53.75,56.5,4000,2.15,1,4000.0,100.0
VIMTALABS, 05-Oct-2026,585.0,604.0,570.5,571.75,584.35,96965,562.88,9030,44217.0,45.6
VINATIORGA, 05-Oct-2026,1207.0,1207.9,1171.6,1175.8,1208.1,43727,516.49,7795,21606.0,49.41
VINCOFE, 05-Oct-2026,178.8,186.0,175.41,182.59,178.95,1009071,1821.28,14632,470835.0,46.66
VINDHYATEL, 05-Oct-2026,2611.7,2670.5,2553.5,2577.3,2617.0,37719,976.63,5644,18837.0,49.94
VINEETLAB, 05-Oct-2026,36.4,37.7,35.49,37.57,35.91,95641,35.37,495,62556.0,65.41
VINNY, 05-Oct-2026,0.91,0.91,0.9,0.9,0.9,202872,1.83,151,202867.0,100.0
VINOD, 05-Oct-2026,45.8,45.8,45.8,45.8,50.85,8400,3.85,7,8400.0,100.0
VINSYS, 05-Oct-2026,585.0,588.0,555.05,574.0,579.5,3000,17.27,12,3000.0,100.0
VINYAS, 05-Oct-2026,1361.4,1398.0,1311.0,1374.45,1375.15,12800,172.47,94,9800.0,76.56
VINYLINDIA, 05-Oct-2026,214.23,220.0,214.0,214.15,214.23,2875,6.17,200,2317.0,80.59
VIPCLOTHNG, 05-Oct-2026,20.11,21.94,20.11,20.19,20.11,14474,2.99,216,8906.0,61.53
VIPIND, 05-Oct-2026,282.95,288.75,279.0,284.3,280.75,190807,541.04,7303,88403.0,46.33
VIRAT, 05-Oct-2026,336.15,349.9,336.0,345.0,335.8,5210,17.88,263,3367.0,64.63
VIRINCHI, 05-Oct-2026,13.3,13.6,12.55,12.78,13.29,63452,8.19,359,53156.0,83.77
VISACHROME, 05-Oct-2026,37.64,37.64,34.12,34.12,35.91,24650,8.6,250,16022.0,65.0
VISAMAN, 05-Oct-2026,25.85,25.85,25.85,25.85,27.2,12000,3.1,7,12000.0,100.0
VISDEM, 05-Oct-2026,99.95,100.0,92.0,99.65,91.0,33600,33.37,17,30000.0,89.29
VISHAL, 05-Oct-2026,18.18,18.18,17.0,17.31,17.38,28517,4.93,397,20642.0,72.38
VISHNU, 05-Oct-2026,661.55,669.65,645.1,647.75,658.25,83979,547.76,5651,40201.0,47.87
VISHNUINFR, 05-Oct-2026,143.15,145.4,143.0,143.0,148.7,4000,5.75,8,3000.0,75.0
VISHWARAJ, 05-Oct-2026,5.29,5.32,5.2,5.23,5.18,195509,10.26,487,85824.0,43.9
VISL, 05-Oct-2026,30.99,31.32,30.16,30.74,31.17,14830747,4564.6,42175,7547914.0,50.89
VITAL, 05-Oct-2026,50.8,53.89,50.8,51.05,53.46,3115,1.59,31,2468.0,79.23
VIVIANA, 05-Oct-2026,819.9,825.0,765.0,815.65,774.5,82294,657.59,6106,41578.0,50.52
VIVIDEL, 05-Oct-2026,1747.65,1750.0,1690.0,1715.0,1747.65,8400,144.24,34,5760.0,68.57
VIVIDHA, 05-Oct-2026,0.51,0.54,0.5,0.51,0.5,580904,3.0,178,223176.0,38.42
VIVO, 05-Oct-2026,147.0,147.0,147.0,147.0,151.05,1600,2.35,1,1600.0,100.0
VIVOBIOT, 05-Oct-2026,17.0,17.83,14.6,15.14,17.13,78951,12.44,388,54040.0,68.45
VIYASH, 05-Oct-2026,234.0,235.0,228.0,229.07,231.75,1200304,2772.73,23363,633904.0,52.81
VLEGOV, 05-Oct-2026,9.42,9.99,9.13,9.32,9.6,135280,12.74,764,84311.0,62.32
VLINFRA, 05-Oct-2026,23.75,25.15,23.75,25.15,24.9,7500,1.85,5,6000.0,80.0
VLSFINANCE, 05-Oct-2026,229.0,234.84,229.0,231.16,230.87,10797,24.96,145,8776.0,81.28
VMARCIND, 05-Oct-2026,325.7,325.7,316.1,321.65,325.0,102000,327.73,64,72000.0,70.59
VMART, 05-Oct-2026,751.0,775.0,744.4,770.95,746.1,81245,620.91,10998,36197.0,44.55
VMM, 05-Oct-2026,100.6,100.6,98.1,98.25,99.5,5980303,5909.72,26769,2677743.0,44.78
VMOBILE, 05-Oct-2026,53.8,53.8,53.75,53.75,56.05,1600,0.86,2,1600.0,100.0
VMSTMT, 05-Oct-2026,46.95,48.0,42.5,44.34,46.65,117745,52.46,1565,70308.0,59.71
VOEPL, 05-Oct-2026,520.0,553.85,493.0,506.1,493.0,2133658,11182.96,58777,139440.0,6.54
VOGL, 05-Oct-2026,31.95,32.14,30.63,30.87,31.98,23982297,7472.38,145271,10809443.0,45.07
VOITHPAPR, 05-Oct-2026,1416.0,1448.0,1392.3,1437.2,1407.3,245,3.49,47,176.0,71.84
VOLERCAR, 05-Oct-2026,217.0,219.0,216.5,219.0,216.3,4800,10.46,4,2400.0,50.0
VOLTAMP, 05-Oct-2026,10452.0,10638.0,10421.0,10561.0,10426.0,14532,1534.48,7618,7292.0,50.18
VOLTAS, 05-Oct-2026,1055.0,1072.1,1052.9,1061.3,1053.2,436486,4630.27,23787,134505.0,30.82
VPRPL, 05-Oct-2026,28.45,29.17,28.45,28.78,28.39,346485,99.76,1534,196129.0,56.61
VRAJ, 05-Oct-2026,123.35,124.08,121.25,122.18,121.76,11118,13.58,411,7606.0,68.41
VRLLOG, 05-Oct-2026,285.6,286.6,283.1,285.0,285.05,97202,276.91,2717,64944.0,66.81
VSSL, 05-Oct-2026,381.0,388.35,375.85,386.1,383.3,140448,538.61,5981,71113.0,50.63
VSTIND, 05-Oct-2026,204.5,204.5,200.1,200.92,201.14,101204,203.64,3198,65362.0,64.58
VSTL, 05-Oct-2026,109.98,110.45,108.05,109.04,108.85,5108,5.58,190,3715.0,72.73
VSTTILLERS, 05-Oct-2026,4365.0,4379.6,4175.7,4235.1,4339.8,10200,434.05,2831,4251.0,41.68
VTL, 05-Oct-2026,532.0,538.9,527.65,529.9,529.25,102074,543.0,8016,46025.0,45.09
VTMLTD, 05-Oct-2026,40.4,41.4,37.3,38.27,38.15,46362,17.62,910,27724.0,59.8
WAAREEENER, 05-Oct-2026,2352.0,2363.5,2323.7,2346.5,2340.0,341571,8004.74,26806,130760.0,38.28
WAAREEINDO, 05-Oct-2026,203.01,213.3,203.01,204.89,203.39,141493,292.5,2436,43400.0,30.67
WAAREERTL, 05-Oct-2026,809.95,831.0,807.2,809.1,808.8,124142,1013.91,12035,51583.0,41.55
WABAG, 05-Oct-2026,2015.0,2032.8,1967.0,1999.5,2004.9,683349,13574.08,33624,321752.0,47.08
WAKEFIT, 05-Oct-2026,140.12,144.5,137.3,138.12,139.88,586481,822.46,2973,413082.0,70.43
WALCHANNAG, 05-Oct-2026,198.0,201.4,193.05,195.05,196.08,591665,1163.84,11759,282964.0,47.83
WALPAR, 05-Oct-2026,28.45,28.45,26.1,26.1,27.4,14000,3.73,7,8000.0,57.14
WANBURY, 05-Oct-2026,198.8,198.99,187.0,190.46,197.99,517094,992.39,9695,232969.0,45.05
WATERBASE, 05-Oct-2026,47.0,47.0,45.21,45.57,45.4,3851,1.76,95,3333.0,86.55
WCIL, 05-Oct-2026,95.0,95.0,87.25,89.27,93.01,330348,300.42,3286,195549.0,59.19
WEALTH, 05-Oct-2026,900.0,913.0,851.5,864.0,889.95,705,6.27,132,406.0,57.59
WEBELSOLAR, 05-Oct-2026,69.2,69.6,67.21,68.06,68.7,1356882,925.53,12993,704466.0,51.92
WEIZMANIND, 05-Oct-2026,70.35,72.73,68.5,69.4,71.45,100,0.07,28,61.0,61.0
WEL, 05-Oct-2026,72.88,74.39,72.01,73.3,71.7,187482,137.96,1386,122403.0,65.29
WELCORP, 05-Oct-2026,2649.9,2672.9,2450.0,2497.5,2605.8,2352647,58996.72,168249,1146925.0,48.75
WELENT, 05-Oct-2026,724.45,734.3,716.7,723.1,724.45,154921,1122.57,9482,85256.0,55.03
WELSPLSOL, 05-Oct-2026,52.25,53.4,52.02,52.5,52.58,332103,174.47,2314,185857.0,55.96
WELSPUNLIV, 05-Oct-2026,241.5,243.0,228.01,230.27,239.17,5875615,13686.12,73572,2210655.0,37.62
WENDT, 05-Oct-2026,8130.0,8255.0,8001.0,8016.5,8116.0,6049,490.46,1909,2829.0,46.77
WESTLIFE, 05-Oct-2026,591.0,606.5,586.0,590.95,588.05,106325,632.77,7472,60583.0,56.98
WEWIN, 05-Oct-2026,52.1,52.1,50.55,51.0,51.65,3493,1.78,59,3416.0,97.8
WEWORK, 05-Oct-2026,656.4,664.2,645.05,651.0,659.6,62860,409.36,7455,37994.0,60.44
WHBRADY, 05-Oct-2026,488.0,488.0,456.3,464.4,465.05,93,0.44,20,92.0,98.92
WHEELS, 05-Oct-2026,2260.0,2266.6,2150.2,2206.6,2241.3,78184,1709.82,8856,24945.0,31.91
WHIRLPOOL, 05-Oct-2026,867.6,888.7,850.1,871.75,861.65,825507,7210.37,38181,181131.0,21.94
WILLAMAGOR, 05-Oct-2026,21.99,22.82,21.01,21.67,21.19,4778,1.03,31,3417.0,71.52
WINDLAS, 05-Oct-2026,1082.4,1094.1,1009.0,1017.9,1082.4,109660,1136.39,11610,48473.0,44.2
WINDMACHIN, 05-Oct-2026,293.0,299.45,284.65,286.2,293.15,29987,86.9,1280,17058.0,56.88
WINNY, 05-Oct-2026,34.05,34.05,34.05,34.05,32.45,3000,1.02,1,3000.0,100.0
WINSOL, 05-Oct-2026,106.2,106.2,102.6,102.65,106.0,4800,4.99,11,4400.0,91.67
WIPL, 05-Oct-2026,163.0,167.4,160.5,160.81,161.0,2277,3.7,59,2004.0,88.01
WIPRO, 05-Oct-2026,163.0,164.3,161.43,162.14,159.35,30838863,50144.41,109890,17848579.0,57.88
WOCKPHARMA, 05-Oct-2026,2083.9,2093.9,2003.0,2063.5,2083.9,803153,16454.9,54949,314875.0,39.2
WOL3D, 05-Oct-2026,134.0,134.0,134.0,134.0,134.0,1000,1.34,1,1000.0,100.0
WOMANCART, 05-Oct-2026,95.0,96.2,91.75,94.5,96.35,29200,27.48,36,23600.0,80.82
WONDERLA, 05-Oct-2026,495.1,503.0,495.1,499.7,495.1,22858,114.32,1414,14395.0,62.98
WORTHPERI, 05-Oct-2026,139.0,143.5,139.0,143.41,143.74,2658,3.75,63,1784.0,67.12
WPIL, 05-Oct-2026,440.05,449.0,433.0,447.2,430.65,157162,698.26,4760,49126.0,31.26
WSI, 05-Oct-2026,52.2,54.19,50.1,50.66,53.2,54043,27.98,459,35886.0,66.4
WSTCSTPAPR, 05-Oct-2026,733.0,739.9,710.2,717.75,727.65,205992,1481.66,12029,75895.0,36.84
WTICAB, 05-Oct-2026,95.05,98.8,95.05,98.75,95.0,6500,6.38,13,5500.0,84.62
XCHANGING, 05-Oct-2026,60.45,61.0,57.28,58.13,59.73,111368,66.16,1507,68017.0,61.07
XELPMOC, 05-Oct-2026,96.0,100.52,88.3,89.86,93.67,68709,65.35,1182,30581.0,44.51
XPROINDIA, 05-Oct-2026,1129.1,1158.9,1125.0,1139.0,1136.2,13727,156.27,1928,7531.0,54.86
XTGLOBAL, 05-Oct-2026,29.0,29.4,28.0,28.09,28.69,21393,6.06,218,14877.0,69.54
XTRANET, 05-Oct-2026,272.6,286.0,266.0,286.0,272.4,670465,1894.89,8404,351523.0,52.43
YAAP, 05-Oct-2026,126.95,126.95,125.0,125.0,122.0,2000,2.52,2,2000.0,100.0
YASHO, 05-Oct-2026,4036.0,4190.0,4005.9,4042.9,4036.0,23771,977.32,5313,10230.0,43.04
YASHOPTICS, 05-Oct-2026,135.4,142.0,133.0,133.0,135.4,24800,33.78,22,22400.0,90.32
YATHARTH, 05-Oct-2026,1028.6,1039.7,995.0,1003.0,1033.7,435155,4382.81,31730,183545.0,42.18
YATRA, 05-Oct-2026,100.0,102.87,98.56,100.81,98.83,1078497,1087.07,11646,389841.0,36.15
YESBANK, 05-Oct-2026,21.05,21.23,20.91,21.06,20.75,61113748,12877.54,79648,25350453.0,41.48
YOGI, 05-Oct-2026,162.85,162.85,158.0,160.0,159.35,320,0.51,9,319.0,99.69
YUKEN, 05-Oct-2026,1141.4,1145.5,1093.6,1129.0,1141.4,18275,205.42,2191,8553.0,46.8
ZAGGLE, 05-Oct-2026,172.0,175.5,169.29,170.32,171.73,621589,1067.96,10024,235148.0,37.83
ZEAL, 05-Oct-2026,70.0,74.95,70.0,70.7,68.55,2400,1.72,4,1800.0,75.0
ZEEL, 05-Oct-2026,72.09,74.57,72.09,73.57,71.92,15449821,11325.45,57132,5951945.0,38.52
ZEELEARN, 05-Oct-2026,6.19,6.55,5.27,6.21,6.3,552687,33.59,1457,342252.0,61.93
ZEEMEDIA, 05-Oct-2026,7.27,7.33,7.1,7.15,7.2,557866,40.05,1186,349850.0,62.71
ZENITHDRUG, 05-Oct-2026,42.05,43.6,42.05,42.5,42.05,4000,1.7,5,4000.0,100.0
ZENITHEXPO, 05-Oct-2026,195.01,195.01,192.89,194.9,203.04,823,1.59,45,473.0,57.47
ZENITHSTL, 05-Oct-2026,5.28,5.28,5.04,5.15,5.1,57566,2.95,256,40315.0,70.03
ZENSARTECH, 05-Oct-2026,441.05,459.35,435.05,451.5,434.35,3269410,14766.94,95024,777638.0,23.79
ZENTEC, 05-Oct-2026,1585.0,1606.0,1571.6,1599.5,1576.1,212581,3385.6,19488,78601.0,36.97
ZFCVINDIA, 05-Oct-2026,2250.0,2269.8,2194.0,2201.3,2241.0,121895,2694.56,12787,75157.0,61.66
ZFSTEERING, 05-Oct-2026,711.0,724.0,700.1,703.65,708.4,1443,10.28,125,717.0,49.69
ZIMLAB, 05-Oct-2026,137.3,139.49,131.0,137.1,137.02,78444,106.34,1852,41032.0,52.31
ZODIAC, 05-Oct-2026,216.91,219.89,212.0,215.1,216.91,5592,12.02,414,3268.0,58.44
ZODIACLOTH, 05-Oct-2026,69.69,69.69,66.2,67.67,66.71,5362,3.61,96,3663.0,68.31
ZOTA, 05-Oct-2026,1280.0,1313.9,1247.4,1297.4,1267.8,58725,756.15,5465,30417.0,51.8
ZSARACOM, 05-Oct-2026,10000.0,10000.0,9605.0,9787.0,10017.0,29,2.84,20,20.0,68.97
ZTECH, 05-Oct-2026,442.0,472.0,439.0,470.3,437.05,21000,94.93,64,17700.0,84.29
ZUARI, 05-Oct-2026,213.05,217.73,210.0,211.46,212.88,63262,134.83,2321,29321.0,46.35
ZUARIIND, 05-Oct-2026,284.9,291.05,281.8,283.95,281.85,75632,216.78,2644,43814.0,57.93
ZYDUSLIFE, 05-Oct-2026,1145.7,1151.0,1128.1,1139.0,1145.7,1592973,18138.9,43191,784232.0,49.23
ZYDUSWELL, 05-Oct-2026,499.75,502.1,482.0,483.8,493.25,126114,616.97,11123,50447.0,40.0
