SYMBOL,DATE1,OPEN_PRICE,HIGH_PRICE,LOW_PRICE,CLOSE_PRICE,PREV_CLOSE,TTL_TRD_QNTY,TURNOVER_LACS,NO_OF_TRADES,DELIV_QTY,DELIV_PER
20MICRONS, 11-Sep-2026,211.75,211.75,204.01,207.86,211.87,163867,340.25,4180,65325.0,48.06
21STCENMGM, 11-Sep-2026,38.97,38.97,38.25,38.39,38.97,528,0.2,30,103.0,91.96
360ONE, 11-Sep-2026,1089.7,1098.3,1065.6,1091.0,1094.9,835305,9076.11,52412,413109.0,53.91
3BBLACKBIO, 11-Sep-2026,1442.0,1448.3,1389.0,1419.9,1443.3,19596,277.27,2205,9799.0,56.9
3MINDIA, 11-Sep-2026,32410.0,32865.0,32400.0,32710.0,32800.0,1598,521.59,815,637.0,49.65
3PLAND, 11-Sep-2026,32.0,32.0,28.51,31.24,32.0,18145,5.61,385,13152.0,74.73
574GS2026, 11-Sep-2026,101.21,101.21,101.21,101.21,101.95,1,0.0,1,1.0,100.0
5PAISA, 11-Sep-2026,330.0,331.8,322.35,326.55,332.5,38072,124.56,2311,17102.0,59.08
603GS2029, 11-Sep-2026,99.0,99.0,99.0,99.0,99.0,200,0.2,1,200.0,100.0
610GS2031, 11-Sep-2026,99.99,99.99,96.86,99.99,99.99,41,0.04,6,14.0,35.0
620GS2029, 11-Sep-2026,98.57,100.0,98.57,99.99,100.0,6810,6.81,8,311.0,100.0
636GS2031, 11-Sep-2026,99.5,99.5,99.0,99.0,99.0,515382,510.23,6,515382.0,100.0
63MOONS, 11-Sep-2026,880.0,945.0,861.3,908.9,886.35,1336886,12221.55,60136,277747.0,22.01
648GS2035, 11-Sep-2026,100.0,100.0,98.06,100.0,100.0,2058,2.06,7,1768.0,95.16
662GS2051, 11-Sep-2026,91.5,91.5,91.5,91.5,92.0,10,0.01,1,10.0,100.0
667GS2050, 11-Sep-2026,90.52,93.5,90.52,93.5,92.65,2,0.0,2,2.0,100.0
668GS2033, 11-Sep-2026,99.0,99.0,98.66,98.66,100.4,200,0.2,2,200.0,100.0
668GS2040, 11-Sep-2026,98.2,98.2,98.2,98.2,97.86,2000000,1964.0,2,2000000.0,100.0
676GS2061, 11-Sep-2026,90.6,90.6,88.7,89.64,90.26,55917,50.01,69,47439.0,97.69
68GS2060, 11-Sep-2026,91.5,91.5,91.5,91.5,91.51,1800,1.65,6,1800.0,100.0
690GS2065, 11-Sep-2026,93.0,93.49,92.32,92.41,93.1,10601,9.84,37,8497.0,100.0
694GS2036, 11-Sep-2026,102.3,102.98,102.28,102.78,102.28,6350,6.52,21,5200.0,91.23
695GS2061, 11-Sep-2026,93.8,93.8,92.0,92.22,93.8,6478,5.98,14,46.0,97.87
697GR2034, 11-Sep-2026,98.0,98.0,98.0,98.0,98.0,221,0.22,3,221.0,100.0
699GS2051, 11-Sep-2026,96.0,96.0,96.0,96.0,94.5,1,0.0,1,1.0,100.0
704GS2029, 11-Sep-2026,103.0,103.0,103.0,103.0,103.0,15,0.02,1,15.0,100.0
706GS2028, 11-Sep-2026,103.59,103.59,103.59,103.59,103.56,100,0.1,1,100.0,100.0
706GS2046, 11-Sep-2026,101.5,101.5,101.5,101.5,101.0,1,0.0,1,1.0,100.0
709GS2054, 11-Sep-2026,95.36,95.36,94.0,95.0,95.36,7380,6.99,26,5375.0,79.87
709GS2074, 11-Sep-2026,95.27,95.27,94.61,95.13,94.77,2109,2.01,12,249.0,96.14
710GS2029, 11-Sep-2026,104.4,104.8,104.4,104.8,104.4,2557700,2680.24,8,2057700.0,100.0
716GS2050, 11-Sep-2026,101.23,101.23,101.23,101.23,97.21,1,0.0,1,1.0,100.0
717GS2030, 11-Sep-2026,103.5,104.0,103.5,104.0,103.46,4301,4.45,4,4301.0,100.0
718GS2033, 11-Sep-2026,103.0,103.0,102.9,103.0,103.0,199,0.2,3,199.0,100.0
718GS2037, 11-Sep-2026,102.01,102.37,102.0,102.0,102.45,3125,3.19,8,2115.0,100.0
719GS2060, 11-Sep-2026,99.5,99.5,94.05,96.0,99.0,300,0.29,3,200.0,100.0
71GS2034, 11-Sep-2026,103.5,103.5,103.5,103.5,105.38,500,0.52,1,500.0,100.0
724GS2055, 11-Sep-2026,96.4,96.67,96.3,96.42,96.61,14765,14.24,24,13765.0,100.0
725GS2063, 11-Sep-2026,97.2,97.2,96.41,96.8,96.75,125108,121.01,111,110314.0,98.9
726GS2032, 11-Sep-2026,102.95,102.95,102.8,102.91,102.95,39619,40.79,12,34680.0,100.0
726GS2033, 11-Sep-2026,103.2,103.2,103.2,103.2,103.2,101,0.1,1,101.0,100.0
732GS2030, 11-Sep-2026,104.0,105.32,103.8,105.32,103.8,650,0.68,5,600.0,92.31
733GS2026, 11-Sep-2026,102.31,102.31,102.31,102.31,102.31,200,0.2,2,200.0,100.0
734GS2064, 11-Sep-2026,98.6,98.8,98.41,98.57,98.71,16330,16.1,38,16130.0,100.0
737GS2028, 11-Sep-2026,104.01,104.2,104.01,104.2,104.27,2128,2.21,3,1878.0,100.0
738GS2027, 11-Sep-2026,102.75,102.75,102.52,102.75,102.57,9509,9.75,11,9509.0,100.0
73GS2053, 11-Sep-2026,99.0,99.0,98.85,98.85,99.05,4547,4.5,7,4547.0,100.0
741GS2036, 11-Sep-2026,104.7,104.7,104.7,104.7,104.8,1100,1.15,2,1100.0,100.0
743GS2076, 11-Sep-2026,98.3,98.3,98.0,98.08,98.3,48539,47.59,104,40981.0,91.24
746GS2073, 11-Sep-2026,99.2,101.25,99.2,101.23,101.25,19596,19.75,24,18076.0,99.87
74GS2062, 11-Sep-2026,102.5,102.5,102.5,102.5,102.5,1,0.0,1,1.0,100.0
750GS2056, 11-Sep-2026,103.0,103.0,103.0,103.0,103.0,5,0.01,1,5.0,100.0
754GS2036, 11-Sep-2026,105.95,106.0,105.66,105.74,106.02,247806,262.18,162,192939.0,99.85
771GS2066, 11-Sep-2026,103.0,103.0,102.0,102.99,102.94,86059,88.63,34,78191.0,99.74
795GS2032, 11-Sep-2026,107.0,107.5,107.0,107.5,105.0,368,0.39,2,368.0,100.0
824GS2027, 11-Sep-2026,101.55,101.55,101.5,101.55,101.59,336,0.34,5,248.0,83.78
828GS2032, 11-Sep-2026,107.65,107.65,107.65,107.65,107.6,1009,1.09,2,1009.0,100.0
897GS2030, 11-Sep-2026,111.6,112.18,111.6,112.18,109.66,50,0.06,2,50.0,100.0
92GS2030, 11-Sep-2026,115.0,115.0,114.45,114.49,114.06,22755,26.08,25,21350.0,100.0
A2ZINFRA, 11-Sep-2026,15.09,15.35,14.81,15.33,14.92,74902,11.37,235,49055.0,81.26
AAATECH, 11-Sep-2026,92.92,92.92,91.05,91.88,92.77,7375,6.77,156,4606.0,70.26
AADHARHFC, 11-Sep-2026,460.5,460.75,452.0,456.8,462.7,197994,901.97,10557,92755.0,53.63
AAKAAR, 11-Sep-2026,63.0,63.0,63.0,63.0,63.0,3200,2.02,2,3200.0,100.0
AAKASH, 11-Sep-2026,9.15,9.4,9.04,9.1,9.14,134797,12.36,421,89892.0,70.77
AARADHYA, 11-Sep-2026,144.5,147.95,134.8,141.55,140.95,114000,162.17,69,45600.0,100.0
AAREYDRUGS, 11-Sep-2026,95.71,100.3,94.92,98.89,95.71,369808,365.58,2645,211060.0,65.21
AARON, 11-Sep-2026,137.0,137.0,121.16,126.94,136.95,34810,44.52,999,20441.0,67.11
AARTIDRUGS, 11-Sep-2026,437.0,444.0,426.15,428.5,437.0,173089,747.15,6983,74582.0,47.53
AARTIIND, 11-Sep-2026,503.0,503.0,490.05,492.7,504.05,592348,2920.2,28140,268375.0,55.29
AARTIPHARM, 11-Sep-2026,814.0,833.0,814.0,826.95,825.75,268696,2217.38,21708,110118.0,47.24
AARVI, 11-Sep-2026,142.0,143.11,140.7,141.85,143.11,12981,18.38,237,10120.0,83.41
AASTHA, 11-Sep-2026,79.34,79.34,77.0,78.43,79.29,179977,139.93,1553,114680.0,72.82
AATMAJ, 11-Sep-2026,19.6,19.6,18.6,18.6,18.15,4000,0.76,2,2000.0,100.0
AAVAS, 11-Sep-2026,1282.3,1284.9,1256.6,1275.1,1286.1,59394,758.22,16146,31509.0,61.5
ABANSENT, 11-Sep-2026,27.91,28.37,27.43,28.09,27.78,7373,2.05,139,5265.0,82.41
ABB, 11-Sep-2026,7294.0,7324.0,7173.0,7274.0,7329.0,192422,13973.07,26975,86043.0,49.7
ABBOTINDIA, 11-Sep-2026,25260.0,25635.0,25135.0,25550.0,25260.0,9615,2434.85,3960,4602.0,54.7
ABCAPITAL, 11-Sep-2026,395.0,396.2,391.0,395.0,400.0,1630117,6417.26,39307,646243.0,44.2
ABCOTS, 11-Sep-2026,211.0,211.0,201.6,203.06,205.55,1253,2.56,44,881.0,87.84
ABDL, 11-Sep-2026,601.0,636.9,599.0,632.5,611.45,563681,3508.73,19446,233578.0,55.22
ABFRL, 11-Sep-2026,50.5,50.65,49.4,50.44,50.89,4118000,2058.84,20863,1631692.0,42.97
ABGSEC, 11-Sep-2026,113.96,113.96,113.96,113.96,113.96,4,0.0,1,4.0,100.0
ABH, 11-Sep-2026,62.7,62.7,62.7,62.7,65.95,43200,27.09,19,42000.0,100.0
ABHAPOWER, 11-Sep-2026,23.95,24.0,23.85,23.95,24.0,9600,2.3,5,8000.0,100.0
ABLBL, 11-Sep-2026,83.56,83.94,82.6,83.61,84.0,401584,335.15,4126,226119.0,64.91
ABMKNO, 11-Sep-2026,181.35,185.0,180.0,181.45,181.35,1407,2.55,36,1042.0,75.4
ABREL, 11-Sep-2026,1315.1,1315.2,1276.0,1281.6,1337.4,346175,4453.06,23293,181665.0,57.66
ABSL10BANK, 11-Sep-2026,167.0,170.8,163.16,167.34,165.0,1397,2.3,33,1292.0,96.35
ABSLAMC, 11-Sep-2026,1086.0,1116.9,1067.1,1109.9,1088.5,578949,6362.65,29808,349854.0,66.37
ABSLBANETF, 11-Sep-2026,57.34,58.1,57.23,58.01,57.76,69129,39.9,1853,45447.0,72.61
ABSLLIQUID, 11-Sep-2026,999.99,1000.01,999.99,1000.0,1000.0,14903,149.03,33,13944.0,94.93
ABSLMSCIN, 11-Sep-2026,29.02,29.09,28.75,28.9,28.93,148,0.04,13,147.0,100.0
ABSLNN50ET, 11-Sep-2026,78.0,78.61,75.22,76.15,76.61,18690,14.24,249,7880.0,52.82
ABSLPSE, 11-Sep-2026,10.1,10.14,10.0,10.11,10.14,127603,12.9,348,66981.0,53.27
ABSMARINE, 11-Sep-2026,312.2,324.8,304.0,316.0,319.45,111500,347.47,165,75500.0,68.33
ACC, 11-Sep-2026,1251.4,1251.7,1230.6,1246.5,1254.3,111729,1384.39,11816,41319.0,39.43
ACCELYA, 11-Sep-2026,1118.1,1120.9,1111.1,1118.4,1118.1,5762,64.3,585,3939.0,71.05
ACCENTMIC, 11-Sep-2026,711.0,730.0,691.65,725.75,706.9,76500,547.21,126,45500.0,62.76
ACCPL, 11-Sep-2026,207.6,215.0,207.55,215.0,210.0,13200,27.93,6,12000.0,90.91
ACE, 11-Sep-2026,1110.0,1134.0,1086.1,1129.0,1121.2,299344,3314.91,21991,114292.0,41.04
ACEINTEG, 11-Sep-2026,18.47,18.47,17.16,17.62,17.89,843,0.15,65,679.0,81.12
ACETEC, 11-Sep-2026,145.0,145.0,145.0,145.0,144.0,4800,6.96,4,4800.0,100.0
ACGL, 11-Sep-2026,1702.0,1961.9,1702.0,1785.7,1754.6,2316,41.44,280,1499.0,71.14
ACI, 11-Sep-2026,480.55,481.0,461.6,470.45,480.55,306609,1439.25,11297,146845.0,52.28
ACL, 11-Sep-2026,42.75,42.94,41.5,42.7,42.68,32848,13.91,274,27851.0,89.75
ACMESOLAR, 11-Sep-2026,390.05,407.9,389.6,402.3,397.25,1235415,4955.31,34055,518437.0,47.95
ACTIVEINFR, 11-Sep-2026,178.5,185.3,172.55,173.0,170.0,11400,20.78,9,10800.0,100.0
ACUTAAS, 11-Sep-2026,3488.0,3488.0,3350.0,3383.7,3451.4,325242,11110.88,47261,115926.0,40.89
ADANIENSOL, 11-Sep-2026,1375.0,1382.0,1364.2,1373.0,1391.9,1154404,15846.11,34935,427239.0,44.53
ADANIENT, 11-Sep-2026,3040.0,3065.0,2999.0,3060.0,3077.2,1815342,55087.59,80412,767389.0,47.55
ADANIGREEN, 11-Sep-2026,1292.6,1302.4,1273.2,1281.3,1299.1,997068,12790.52,24157,346488.0,37.35
ADANIPORTS, 11-Sep-2026,1755.0,1771.9,1750.8,1764.6,1768.0,1674823,29479.56,53859,911385.0,61.38
ADANIPOWER, 11-Sep-2026,212.0,212.48,208.41,209.97,213.5,10271412,21569.8,55201,3360915.0,37.17
ADDICTIVE, 11-Sep-2026,45.25,47.5,45.25,47.5,45.25,24000,11.37,23,23500.0,97.92
ADDIND, 11-Sep-2026,80.0,80.0,74.5,77.48,74.83,1712,1.29,27,1435.0,98.9
ADFFOODS, 11-Sep-2026,270.65,271.65,267.15,269.55,274.05,66092,177.67,2221,31875.0,58.57
ADISOFT, 11-Sep-2026,242.9,251.4,230.0,235.95,243.15,113600,274.11,140,56800.0,69.61
ADL, 11-Sep-2026,72.02,73.4,70.4,71.54,71.27,966,0.69,26,863.0,89.34
ADOR, 11-Sep-2026,1633.9,1633.9,1579.4,1603.7,1623.4,30109,481.7,3937,14561.0,55.37
ADROITINFO, 11-Sep-2026,11.23,11.3,10.66,11.02,10.87,20102,2.22,174,13067.0,67.37
ADSL, 11-Sep-2026,98.38,101.0,97.05,100.21,98.54,98156,97.29,1844,43861.0,54.03
ADVAIT, 11-Sep-2026,2026.0,2086.7,2014.4,2065.0,2057.6,34152,695.88,4473,14952.0,48.32
ADVANCE, 11-Sep-2026,119.03,119.03,116.62,117.85,119.03,65560,77.42,1091,29212.0,48.93
ADVANIHOTR, 11-Sep-2026,48.99,50.0,48.0,49.18,48.43,16431,8.06,376,13107.0,84.01
ADVENTHTL, 11-Sep-2026,132.0,132.0,127.0,128.56,132.39,108834,140.54,2256,50589.0,59.86
ADVENZYMES, 11-Sep-2026,303.35,303.35,292.0,293.4,303.35,216076,637.89,6183,130267.0,67.37
ADVIKCA, 11-Sep-2026,1.05,1.05,0.91,1.02,1.04,603812,6.07,406,422933.0,72.85
AEGISLOG, 11-Sep-2026,1311.1,1364.6,1287.7,1353.6,1307.6,1216825,16293.08,54754,296880.0,25.88
AEGISVOPAK, 11-Sep-2026,289.6,298.4,281.3,295.1,291.85,1776446,5217.28,28301,787804.0,49.66
AEPL, 11-Sep-2026,18.48,18.48,17.0,17.21,17.56,27690,4.88,313,9785.0,45.91
AEQUS, 11-Sep-2026,228.1,228.9,222.11,225.97,229.96,2450720,5514.64,49327,1016373.0,48.78
AEROENTER, 11-Sep-2026,133.6,139.0,130.54,137.09,135.01,981278,1328.38,12067,389060.0,45.23
AEROFLEX, 11-Sep-2026,560.0,569.5,545.25,563.95,564.2,1042637,5830.17,29483,373302.0,39.47
AERON, 11-Sep-2026,85.0,85.0,85.0,85.0,85.0,2000,1.7,2,2000.0,100.0
AERONEU, 11-Sep-2026,69.5,72.76,68.35,68.76,70.03,81254,56.17,258,32512.0,65.63
AEROPLANE, 11-Sep-2026,206.98,207.5,196.56,205.13,206.9,4850211,9747.77,14882,2255557.0,51.83
AESTHETIK, 11-Sep-2026,68.5,68.5,68.5,68.5,69.05,1000,0.69,1,1000.0,100.0
AETHER, 11-Sep-2026,1629.9,1691.5,1600.1,1674.7,1640.3,352268,5782.78,47231,145682.0,53.29
AFCONS, 11-Sep-2026,262.3,263.75,249.0,253.8,260.85,1849652,4731.54,29211,724310.0,44.31
AFFLE, 11-Sep-2026,1583.1,1586.2,1558.5,1567.6,1594.0,89489,1405.04,12166,38774.0,47.96
AFFORDABLE, 11-Sep-2026,165.9,165.9,157.9,159.88,162.34,15027,23.98,425,9725.0,74.04
AFIL, 11-Sep-2026,8.9,9.1,8.8,8.92,8.94,234271,20.84,397,134114.0,60.84
AFSL, 11-Sep-2026,201.5,201.9,201.0,201.0,201.27,28715,57.72,104,26362.0,99.12
AGARIND, 11-Sep-2026,428.8,434.5,421.0,431.75,433.85,45584,194.45,2249,22806.0,54.7
AGARWALEYE, 11-Sep-2026,503.0,511.85,493.25,508.4,508.35,183331,922.95,13029,57302.0,49.84
AGARWALTUF, 11-Sep-2026,146.8,149.8,146.15,149.8,152.3,6000,8.85,5,4800.0,80.0
AGI, 11-Sep-2026,778.0,778.0,756.0,762.65,778.05,80322,615.08,7213,30391.0,41.74
AGIIL, 11-Sep-2026,275.0,275.2,271.0,272.95,276.7,223061,608.08,4748,98520.0,58.56
AGL, 11-Sep-2026,15.32,15.69,15.0,15.13,15.51,3154038,481.64,6169,944537.0,32.29
AGNI, 11-Sep-2026,16.45,16.45,16.45,16.45,16.5,2500,0.41,1,2500.0,100.0
AGRITECH, 11-Sep-2026,100.72,100.72,99.0,99.84,99.08,851,0.85,61,607.0,75.4
AGROPHOS, 11-Sep-2026,23.79,23.8,23.0,23.5,23.37,18506,4.34,225,8436.0,71.74
AHCL, 11-Sep-2026,17.73,20.0,17.54,19.57,17.54,150749037,28802.48,744410,19736005.0,14.83
AHLADA, 11-Sep-2026,35.48,36.0,34.8,35.06,35.29,20179,7.13,128,18068.0,96.25
AHLEAST, 11-Sep-2026,136.01,136.01,133.0,133.95,135.85,2151,2.89,58,1493.0,80.27
AHLUCONT, 11-Sep-2026,587.0,605.9,582.65,601.0,592.3,57589,343.2,4208,27063.0,58.72
AIAENG, 11-Sep-2026,4116.3,4125.9,4055.6,4096.6,4116.3,18371,752.06,7833,7261.0,48.96
AIIL, 11-Sep-2026,508.0,558.0,503.0,544.35,512.3,5994616,32551.18,144695,453462.0,8.53
AIMTRON, 11-Sep-2026,1757.0,1800.0,1746.9,1772.95,1748.55,50800,902.18,244,31800.0,65.43
AIRAN, 11-Sep-2026,16.62,17.36,16.5,17.13,17.04,109228,18.3,490,81543.0,86.24
AIROLAM, 11-Sep-2026,87.95,87.95,83.98,84.25,85.37,1901,1.61,82,1347.0,72.61
AISL, 11-Sep-2026,54.7,54.7,54.65,54.65,57.5,1200,0.66,2,1200.0,100.0
AJANTPHARM, 11-Sep-2026,3516.0,3560.0,3460.0,3533.4,3520.0,45547,1600.89,13135,21303.0,54.82
AJAXENGG, 11-Sep-2026,588.0,595.0,576.0,590.6,589.5,71818,422.41,10612,34596.0,57.43
AJMERA, 11-Sep-2026,116.5,118.15,114.66,116.75,118.74,411339,477.89,4943,180854.0,49.14
AJOONI, 11-Sep-2026,3.46,3.52,3.4,3.47,3.5,416976,14.31,688,313548.0,77.65
AKANKSHA, 11-Sep-2026,131.0,134.0,131.0,132.85,131.0,4000,5.3,4,1000.0,100.0
AKASH, 11-Sep-2026,24.87,25.48,24.79,24.86,24.88,5123,1.29,58,4349.0,86.34
AKCAPIT, 11-Sep-2026,1697.9,1744.9,1686.0,1708.4,1702.5,887,15.12,49,606.0,98.86
AKG, 11-Sep-2026,10.72,10.75,10.13,10.61,10.73,23492,2.45,217,16858.0,78.52
AKIKO, 11-Sep-2026,429.0,432.5,429.0,432.5,430.0,20800,89.28,21,17600.0,88.0
AKSHAR, 11-Sep-2026,0.42,0.43,0.41,0.41,0.42,895612,3.74,213,444464.0,55.72
AKUMS, 11-Sep-2026,753.0,784.4,740.5,776.35,749.65,398725,3074.93,20842,172242.0,49.15
ALANKIT, 11-Sep-2026,8.15,8.18,7.5,7.91,8.01,185587,14.58,970,130392.0,71.27
ALBERTDAVD, 11-Sep-2026,847.65,850.45,835.5,844.35,850.0,2805,23.66,180,2101.0,86.39
ALEMBICLTD, 11-Sep-2026,105.32,105.9,103.14,104.33,106.5,698680,728.15,7514,298237.0,47.45
ALFREDHE, 11-Sep-2026,2830.0,2979.9,2775.5,2845.0,2900.0,125,3.52,27,110.0,89.43
ALGOQUANT, 11-Sep-2026,63.63,65.55,63.5,64.61,63.94,1630807,1044.16,2668,783449.0,54.32
ALICON, 11-Sep-2026,731.4,743.85,712.4,733.4,740.6,18905,137.4,1741,9459.0,57.01
ALIVUS, 11-Sep-2026,1385.0,1398.1,1376.1,1386.8,1390.2,74367,1029.97,6043,40835.0,64.41
ALKALI, 11-Sep-2026,77.61,78.78,75.2,77.25,79.19,19801,15.23,447,9965.0,53.41
ALKEM, 11-Sep-2026,5122.0,5128.0,5051.0,5087.5,5138.0,238760,12137.84,14707,178844.0,78.42
ALKYLAMINE, 11-Sep-2026,1920.3,1920.3,1859.1,1867.5,1920.3,67897,1275.81,12376,30338.0,53.69
ALLCARGO, 11-Sep-2026,12.2,12.31,12.0,12.16,12.26,10086572,1224.27,8425,3187642.0,34.61
ALLDIGI, 11-Sep-2026,802.7,802.7,795.15,797.3,802.7,1925,15.36,359,1206.0,74.72
ALLETEC, 11-Sep-2026,130.0,133.35,126.1,132.0,134.25,20000,26.12,43,14000.0,70.0
ALLTIME, 11-Sep-2026,209.9,225.76,200.0,221.15,210.16,431750,922.61,8753,115363.0,32.8
ALMONDZ, 11-Sep-2026,19.54,19.6,19.0,19.13,19.54,165677,31.67,421,124993.0,81.37
ALOKINDS, 11-Sep-2026,7.4,7.41,7.25,7.36,7.4,13200683,967.42,10845,5698833.0,52.5
ALPA, 11-Sep-2026,62.93,63.2,61.0,61.69,62.62,10634,6.62,133,5828.0,86.87
ALPEXSOLAR, 11-Sep-2026,904.0,940.0,881.1,934.2,898.9,45200,411.1,339,28500.0,81.9
ALPHA, 11-Sep-2026,54.74,54.74,53.0,54.06,54.27,1159861,624.16,3498,594012.0,56.31
ALPHAETF, 11-Sep-2026,26.55,26.56,26.13,26.49,26.57,253862,66.78,977,124490.0,52.51
ALPINETEX, 11-Sep-2026,58.5,58.5,56.35,57.13,58.22,94740,54.0,1527,42118.0,50.64
ALPL30IETF, 11-Sep-2026,27.37,27.37,27.07,27.25,27.37,122468,33.31,813,47928.0,47.89
ALUFLUOR, 11-Sep-2026,484.05,499.0,484.05,487.4,497.15,8607,41.92,423,7160.0,90.68
AMAGI, 11-Sep-2026,571.0,586.0,562.75,578.35,572.05,380967,2192.96,16575,131367.0,37.36
AMAL, 11-Sep-2026,748.8,751.1,730.6,738.7,760.6,8186,60.66,668,4050.0,53.89
AMARJOTHI, 11-Sep-2026,151.6,154.95,148.01,150.14,152.36,4782,7.21,81,733.0,57.76
AMBAAUTO, 11-Sep-2026,105.0,105.0,103.0,103.0,104.0,5000,5.2,5,5000.0,100.0
AMBER, 11-Sep-2026,7261.0,7261.0,7125.5,7245.0,7280.0,111991,8069.66,16826,32846.0,36.22
AMBICAAGAR, 11-Sep-2026,25.5,26.29,24.75,24.99,25.49,21404,5.35,166,14142.0,89.71
AMBIKCO, 11-Sep-2026,1606.0,1614.9,1588.6,1593.1,1606.9,15561,248.63,1163,6384.0,43.52
AMBUJACEM, 11-Sep-2026,393.0,393.55,387.65,391.85,395.6,1311052,5113.74,21400,472908.0,38.73
AMCL, 11-Sep-2026,372.1,375.0,355.0,369.45,370.0,18400,67.06,22,10000.0,65.79
AMDIND, 11-Sep-2026,56.32,65.2,55.51,64.03,56.04,484603,304.29,3522,91258.0,31.75
AMEYA, 11-Sep-2026,110.25,121.0,110.25,121.0,115.25,10000,11.78,9,9000.0,90.0
AMJLAND, 11-Sep-2026,38.99,39.0,37.4,38.56,38.32,8003,3.05,139,4843.0,65.89
AMNPLST, 11-Sep-2026,169.95,169.95,164.0,165.26,167.92,1476,2.46,128,1234.0,91.88
AMRUTANJAN, 11-Sep-2026,492.0,498.0,485.05,490.95,493.25,73521,360.34,4734,40131.0,58.6
ANANDRATHI, 11-Sep-2026,2180.1,2219.0,2180.1,2211.0,2202.5,175283,3871.21,17404,76530.0,51.26
ANANTAM, 11-Sep-2026,107.44,108.5,106.03,107.69,106.9,10162,10.9,83,5858.0,72.79
ANANTRAJ, 11-Sep-2026,602.0,604.45,585.05,598.35,608.85,2041960,12110.03,51440,838666.0,44.4
ANAWIL, 11-Sep-2026,461.0,470.8,445.0,462.3,465.05,257200,1177.63,521,130800.0,56.38
ANDHRAPAP, 11-Sep-2026,72.5,73.95,70.84,73.36,72.58,1705341,1237.79,14449,479114.0,29.7
ANDHRSUGAR, 11-Sep-2026,96.5,97.39,93.97,96.38,96.5,486239,464.65,7666,171758.0,50.83
ANDREWYU, 11-Sep-2026,27.2,27.2,25.81,26.24,26.77,64991,17.04,545,32531.0,75.1
ANGELONE, 11-Sep-2026,295.0,307.4,289.05,305.0,297.3,5942668,17710.07,60674,1809931.0,36.56
ANIKINDS, 11-Sep-2026,46.0,46.0,43.11,44.66,44.39,1140,0.51,62,903.0,81.87
ANLON, 11-Sep-2026,675.0,695.0,675.0,691.65,665.0,3600,24.63,8,2400.0,100.0
ANMOL, 11-Sep-2026,15.0,16.87,15.0,16.87,15.34,1521669,249.11,3422,909095.0,60.88
ANNAPURNA, 11-Sep-2026,135.72,138.9,132.21,137.95,135.03,32222,43.62,642,20359.0,70.5
ANOND-RE, 11-Sep-2026,180.0,180.0,123.1,150.35,146.25,9450,13.55,185,8320.0,94.55
ANONDITA, 11-Sep-2026,1110.0,1164.5,1100.15,1129.55,1128.4,52800,595.62,230,28000.0,54.69
ANSALBU, 11-Sep-2026,81.7,82.51,81.0,82.0,80.9,276,0.23,14,275.0,99.64
ANTELOPUS, 11-Sep-2026,1118.0,1200.0,1114.15,1139.35,1124.1,4164751,47943.52,144023,411100.0,10.62
ANTGRAPHIC, 11-Sep-2026,0.74,0.77,0.72,0.75,0.72,305036,2.26,182,244629.0,90.71
ANTHEM, 11-Sep-2026,938.1,952.0,932.7,940.9,942.3,844305,7949.02,47656,486347.0,68.1
ANUHPHR, 11-Sep-2026,91.2,95.88,90.79,94.86,91.21,222204,208.0,2960,101472.0,51.96
ANUP, 11-Sep-2026,1703.6,1708.0,1650.0,1664.3,1719.4,34067,573.06,4299,15859.0,64.34
ANURAS, 11-Sep-2026,1232.5,1232.6,1205.0,1219.4,1231.1,418693,5093.27,20572,196011.0,48.36
ANYA, 11-Sep-2026,15.0,15.0,14.75,15.0,14.65,15000,2.24,3,15000.0,100.0
AONEGOLD, 11-Sep-2026,14.19,14.21,13.97,14.15,14.24,480448,67.73,1489,332978.0,73.39
AONELIQUID, 11-Sep-2026,1076.74,1076.76,1076.72,1076.74,1076.19,8190,88.19,60,3740.0,80.93
AONENIFTY, 11-Sep-2026,9.92,9.92,9.59,9.71,9.68,209232,20.16,1320,142758.0,69.33
AONESILVER, 11-Sep-2026,8.82,8.82,8.55,8.7,8.91,630579,54.72,1362,408894.0,68.33
AONETMMQ50, 11-Sep-2026,10.58,10.58,10.2,10.34,10.37,28404,2.92,241,11921.0,45.04
AONETOTAL, 11-Sep-2026,11.95,11.95,10.74,11.7,11.72,418828,48.83,1040,261018.0,63.02
APARINDS, 11-Sep-2026,17200.0,17558.0,16686.0,17500.0,17342.0,169196,29182.5,48390,58098.0,37.6
APCL, 11-Sep-2026,100.0,100.0,97.5,98.16,98.61,3681,3.61,95,2148.0,88.11
APCOTEXIND, 11-Sep-2026,603.8,604.55,590.0,601.15,603.8,92249,549.3,4910,42400.0,53.84
APEX, 11-Sep-2026,370.5,371.95,366.25,368.5,374.7,64885,238.91,2738,29572.0,57.9
APEXECO, 11-Sep-2026,280.25,280.25,270.35,272.5,283.15,10400,28.64,13,6400.0,80.0
APLAPOLLO, 11-Sep-2026,2176.2,2176.2,2109.8,2153.5,2194.8,591497,12718.38,37491,240007.0,45.68
APLLTD, 11-Sep-2026,806.0,822.0,799.2,810.95,816.4,118504,960.88,9513,42008.0,41.35
APOLLO, 11-Sep-2026,411.0,423.5,409.55,422.25,413.2,7751875,32370.99,58889,1974946.0,29.11
APOLLOHOSP, 11-Sep-2026,8806.0,8950.0,8806.0,8836.0,8900.0,207930,18497.65,34885,112548.0,61.09
APOLLOPIPE, 11-Sep-2026,569.35,569.35,550.0,554.9,569.35,328830,1837.95,7637,134493.0,48.27
APOLLOTYRE, 11-Sep-2026,413.95,419.45,410.0,417.65,419.55,260936,1084.8,13133,94774.0,42.36
APOLSINHOT, 11-Sep-2026,1208.3,1237.7,1181.0,1226.7,1228.9,1813,22.01,295,1330.0,85.48
APOORVA, 11-Sep-2026,26.58,27.88,26.43,27.63,26.56,135,0.04,4,15.0,100.0
APRAMEYA, 11-Sep-2026,122.0,122.0,116.0,116.0,120.85,24000,27.92,15,17500.0,79.55
APS, 11-Sep-2026,235.0,244.85,235.0,239.3,237.95,14750,35.24,47,10500.0,77.78
APSISAERO, 11-Sep-2026,612.3,612.3,612.3,612.3,624.75,6000,36.74,4,6000.0,100.0
APTUS, 11-Sep-2026,250.02,251.2,245.5,249.11,252.2,1138103,2828.03,40474,590297.0,56.9
AQYLON, 11-Sep-2026,21.8,22.34,20.89,21.24,21.88,515179,109.71,1747,257182.0,56.64
ARABIAN, 11-Sep-2026,81.15,81.15,78.1,78.1,81.15,6000,4.81,3,6000.0,100.0
ARCHIDPLY, 11-Sep-2026,100.5,102.99,98.16,101.96,100.5,21936,22.12,381,16593.0,79.35
ARCHIES, 11-Sep-2026,12.52,12.65,12.06,12.19,12.52,47987,5.91,266,40637.0,87.91
ARCL, 11-Sep-2026,240.0,249.9,235.0,249.9,238.0,3115,7.67,127,2672.0,85.83
ARDEE, 11-Sep-2026,52.0,52.5,50.48,50.91,52.62,4081585,2089.98,17391,1492690.0,43.54
ARE&M, 11-Sep-2026,815.2,816.4,803.75,813.9,819.2,385804,3124.47,26206,167042.0,48.97
ARENTERP, 11-Sep-2026,33.4,33.4,32.6,33.34,32.6,517,0.17,20,485.0,96.81
ARFIN, 11-Sep-2026,88.0,88.61,85.14,85.98,88.07,791089,678.98,4714,258033.0,34.33
ARHAM, 11-Sep-2026,211.75,213.95,211.0,213.9,211.75,20000,42.52,18,13000.0,76.47
ARIHANT, 11-Sep-2026,899.35,899.4,885.0,887.75,883.35,3002,26.63,130,2746.0,95.02
ARIHANTCAP, 11-Sep-2026,76.0,79.44,74.52,79.0,76.47,273519,211.57,2022,123037.0,55.16
ARIHANTSUP, 11-Sep-2026,222.4,222.4,215.0,218.45,219.65,2989,6.51,163,1501.0,63.49
ARIS, 11-Sep-2026,126.06,127.0,122.0,125.46,126.98,1150625,1440.34,9131,371343.0,33.9
ARKADE, 11-Sep-2026,123.24,123.85,120.0,122.03,122.94,241772,293.58,2020,98397.0,46.57
ARMANFIN, 11-Sep-2026,2000.6,2024.0,1960.5,2011.3,2036.5,13661,273.88,2681,5703.0,51.87
ARMOUR, 11-Sep-2026,16.65,17.45,16.65,17.45,17.45,4000,0.68,2,2000.0,100.0
AROGRANITE, 11-Sep-2026,23.6,24.82,23.0,23.38,24.19,13819,3.27,127,2728.0,82.42
ARSSBL, 11-Sep-2026,500.1,501.0,488.0,490.25,502.05,176505,868.2,5826,96892.0,67.01
ARTEMISMED, 11-Sep-2026,348.55,351.8,339.7,344.9,348.55,347172,1196.23,19007,136152.0,41.16
ARTNIRMAN, 11-Sep-2026,40.06,40.06,38.0,39.92,39.87,2071,0.81,35,2028.0,97.92
ARUNAYA, 11-Sep-2026,14.2,14.2,14.2,14.2,14.2,4000,0.57,2,4000.0,100.0
ARVEE, 11-Sep-2026,195.0,195.0,176.5,180.69,195.25,7318,13.62,310,4099.0,66.67
ARVIND, 11-Sep-2026,564.0,579.7,552.3,575.1,569.8,470791,2674.55,21305,184160.0,42.99
ARVINDFASN, 11-Sep-2026,450.0,453.95,441.7,446.5,453.4,629613,2822.47,34919,318692.0,58.36
ARVINDPORT, 11-Sep-2026,35.6,39.3,33.0,38.05,35.75,109500,40.38,61,24000.0,69.57
ARVSMART, 11-Sep-2026,595.45,602.9,585.15,598.05,597.05,60418,358.71,2742,29906.0,54.0
ARYAMAN, 11-Sep-2026,635.0,635.0,615.0,635.0,625.0,112,0.7,16,112.0,100.0
ASAHIINDIA, 11-Sep-2026,976.0,992.5,963.6,985.8,976.2,205299,2017.48,13557,74360.0,41.18
ASAL, 11-Sep-2026,465.5,465.5,458.5,462.4,466.55,6191,28.55,482,3278.0,66.26
ASALCBR, 11-Sep-2026,694.0,694.0,675.0,676.7,698.25,47216,320.95,3407,26119.0,61.07
ASHALOG, 11-Sep-2026,60.05,60.95,59.0,60.0,60.0,5000,3.0,5,2000.0,50.0
ASHAPURMIN, 11-Sep-2026,538.05,549.0,528.3,542.9,542.05,332067,1788.66,20483,134439.0,45.45
ASHIANA, 11-Sep-2026,346.0,349.75,340.0,346.75,347.9,26317,90.53,1160,14830.0,65.88
ASHIMASYN, 11-Sep-2026,17.0,17.0,16.36,16.61,17.08,88813,14.76,442,56287.0,70.53
ASHOKA, 11-Sep-2026,112.0,114.24,111.15,113.86,113.53,682933,768.25,7484,250472.0,40.37
ASHOKAMET, 11-Sep-2026,14.54,17.2,14.01,17.2,14.34,1455188,244.86,2863,653131.0,44.99
ASHOKLEY, 11-Sep-2026,163.8,165.04,160.0,163.75,166.12,19044403,30948.23,109344,8631278.0,48.72
ASHUTOSH, 11-Sep-2026,154.6,164.5,153.35,164.5,156.7,222000,357.29,147,210000.0,95.11
ASHWINI, 11-Sep-2026,177.0,177.0,174.0,174.0,174.05,3000,5.26,3,2000.0,66.67
ASIANENE, 11-Sep-2026,530.0,553.55,523.5,535.1,533.95,492430,2653.3,20057,136143.0,29.27
ASIANHOTNR, 11-Sep-2026,384.6,404.0,370.1,378.8,382.15,26340,100.17,1111,8133.0,48.64
ASIANPAINT, 11-Sep-2026,2453.2,2472.5,2442.8,2472.5,2498.1,653006,16073.37,52085,291750.0,54.05
ASIANTILES, 11-Sep-2026,50.3,50.95,48.77,50.34,50.39,5492697,2758.28,12314,1065686.0,42.85
ASIANTNE, 11-Sep-2026,9.46,9.85,9.22,9.25,9.23,1124,0.11,33,1039.0,93.27
ASKAUTOLTD, 11-Sep-2026,621.7,632.85,612.05,624.55,622.4,129770,811.8,7632,56108.0,48.02
ASPINWALL, 11-Sep-2026,250.15,265.9,239.2,260.5,250.15,4219,10.7,181,1914.0,47.98
ASPIRE, 11-Sep-2026,13.7,13.7,12.8,13.1,13.45,36000,4.67,18,28000.0,77.78
ASTAR, 11-Sep-2026,595.0,595.0,565.0,583.0,587.75,172,1.0,17,57.0,33.14
ASTEC, 11-Sep-2026,716.0,722.4,694.0,699.8,715.8,83837,590.41,5130,13454.0,20.01
ASTERDM, 11-Sep-2026,761.0,770.9,757.55,763.05,766.5,600395,4592.03,32754,253043.0,47.95
ASTRAL, 11-Sep-2026,1452.0,1456.0,1402.5,1411.4,1459.0,872167,12337.57,45744,462436.0,60.09
ASTRAMICRO, 11-Sep-2026,1691.9,1695.0,1656.1,1680.6,1696.8,200377,3352.69,20632,91153.0,51.15
ASTRAZEN, 11-Sep-2026,6880.0,6880.0,6750.0,6764.5,6860.5,3314,224.66,1091,1662.0,61.01
ATALREAL, 11-Sep-2026,13.75,13.75,13.75,13.75,15.27,370055,50.88,525,361419.0,100.0
ATAM, 11-Sep-2026,54.45,56.11,53.01,55.38,53.7,7175,3.93,209,4040.0,67.29
ATCENERGY, 11-Sep-2026,22.2,22.2,22.2,22.2,22.2,2400,0.53,2,2400.0,100.0
ATGL, 11-Sep-2026,599.5,601.45,592.5,594.8,602.7,437058,2600.33,17770,175676.0,49.2
ATHERENERG, 11-Sep-2026,1657.0,1673.5,1615.5,1656.0,1658.3,4881695,80878.82,118859,1061969.0,22.74
ATL, 11-Sep-2026,24.2,25.7,24.2,25.18,24.61,242102,60.43,1214,129814.0,56.72
ATLANTAA, 11-Sep-2026,37.97,37.97,36.26,37.22,37.51,29600,11.0,486,18992.0,73.32
ATLANTAELE, 11-Sep-2026,1798.0,1798.0,1759.0,1777.8,1805.4,69995,1240.9,9150,30328.0,54.48
ATLASCYCLE, 11-Sep-2026,97.43,99.05,94.65,95.71,98.07,26962,26.06,453,7883.0,51.76
ATLPP, 11-Sep-2026,9.4,9.4,9.05,9.11,9.32,469,0.04,10,363.0,77.56
ATMASTCO, 11-Sep-2026,135.0,135.0,127.0,130.2,128.6,28800,37.77,42,24000.0,84.51
ATUL, 11-Sep-2026,6327.0,6327.0,6156.5,6244.5,6356.0,33362,2076.92,10662,14293.0,50.52
ATULAUTO, 11-Sep-2026,448.95,449.8,439.85,445.6,449.65,59361,263.45,3263,23403.0,52.71
AUBANK, 11-Sep-2026,1052.0,1061.2,1033.2,1058.9,1054.7,1058773,11104.52,29111,430085.0,47.94
AUGMONT, 11-Sep-2026,915.0,915.0,873.7,886.15,917.5,1169259,10376.06,37460,371913.0,36.86
AURIONPRO, 11-Sep-2026,670.0,689.5,665.05,680.85,671.15,163921,1114.88,7598,66152.0,48.25
AUROIMPEX, 11-Sep-2026,27.85,27.85,27.85,27.85,26.55,3200,0.89,2,3200.0,100.0
AUROPHARMA, 11-Sep-2026,1666.7,1681.4,1655.5,1679.8,1668.4,494251,8267.11,27831,206844.0,50.35
AURUM, 11-Sep-2026,218.4,226.16,218.4,224.02,220.38,74800,166.46,1538,43270.0,71.41
AURUS, 11-Sep-2026,4.8,4.92,4.68,4.89,4.8,14697,0.72,149,10918.0,86.73
AUSOMENT, 11-Sep-2026,152.0,155.0,146.0,152.59,153.0,7199,10.91,170,2457.0,92.68
AUSTENG, 11-Sep-2026,127.04,137.0,124.2,135.29,127.04,6029,8.09,289,3920.0,70.29
AUTOAXLES, 11-Sep-2026,1652.2,1690.0,1650.0,1678.0,1657.9,4539,76.03,715,3219.0,74.74
AUTOBEES, 11-Sep-2026,284.11,284.11,280.36,282.87,284.53,170286,480.66,3534,86511.0,54.21
AUTOIETF, 11-Sep-2026,28.55,29.41,28.12,28.58,28.55,608290,172.63,2440,289120.0,62.74
AUTOIND, 11-Sep-2026,84.0,84.94,80.99,82.83,84.25,152032,125.34,2289,69026.0,62.44
AVADHSUGAR, 11-Sep-2026,788.95,812.0,763.3,769.6,794.45,185275,1462.69,9233,65344.0,43.04
AVALON, 11-Sep-2026,2225.0,2299.8,2188.4,2264.5,2227.0,334741,7539.54,40093,107618.0,35.82
AVANA, 11-Sep-2026,143.0,151.35,143.0,143.75,147.9,18000,26.32,9,12000.0,75.0
AVANCE, 11-Sep-2026,0.83,0.83,0.81,0.81,0.82,3112294,25.32,1139,1751410.0,58.68
AVANTEL, 11-Sep-2026,157.77,157.77,154.96,156.46,159.07,782263,1221.98,9987,384588.0,55.73
AVANTIFEED, 11-Sep-2026,809.55,809.55,795.7,798.6,815.3,207665,1663.03,14625,85551.0,44.57
AVIANSH, 11-Sep-2026,102.0,102.5,102.0,102.5,101.5,2000,2.05,2,2000.0,100.0
AVIENCE, 11-Sep-2026,356.1,388.0,322.0,385.35,346.8,100200,360.95,147,58200.0,61.39
AVL, 11-Sep-2026,600.0,620.0,593.8,616.45,603.55,243754,1474.84,13501,129464.0,65.08
AVONMORE, 11-Sep-2026,14.2,14.6,13.85,14.0,14.19,258430,36.28,844,189063.0,78.2
AVPINFRA, 11-Sep-2026,59.0,60.75,58.25,58.8,59.95,44800,26.37,41,33600.0,93.33
AVROIND, 11-Sep-2026,8.4,8.43,7.72,7.81,8.34,891730,71.09,1850,492833.0,74.7
AVTNPL, 11-Sep-2026,90.48,90.98,87.71,90.13,90.6,180833,161.49,2293,92140.0,57.07
AWFIS, 11-Sep-2026,248.5,299.45,244.1,293.2,249.6,23945553,67870.41,329269,1580922.0,6.95
AWHCL, 11-Sep-2026,370.05,372.3,360.0,366.5,373.15,85509,312.6,3582,42020.0,55.91
AWL, 11-Sep-2026,185.3,185.94,181.0,185.02,185.7,1727993,3170.47,20132,703434.0,48.16
AXISBANK, 11-Sep-2026,1237.9,1252.8,1229.8,1246.0,1246.0,4562285,56817.78,137530,2301302.0,57.75
AXISCADES, 11-Sep-2026,1864.2,1866.7,1815.0,1831.8,1869.7,131542,2415.22,13259,50247.0,41.78
AXITA, 11-Sep-2026,8.04,8.06,7.98,7.98,8.0,1291259,103.27,804,231667.0,48.13
AXTEL, 11-Sep-2026,425.5,448.0,413.0,440.2,425.1,20070,85.91,750,13162.0,67.52
AYE, 11-Sep-2026,176.95,180.6,172.45,179.46,178.1,606572,1074.05,9653,274614.0,49.92
AYMSYNTEX, 11-Sep-2026,294.9,294.9,280.5,281.65,293.1,93298,265.78,2129,57542.0,71.34
AZAD, 11-Sep-2026,2744.0,2864.0,2677.8,2849.1,2773.5,454037,12607.55,36338,116924.0,30.77
AZADIND, 11-Sep-2026,88.53,88.78,83.25,87.13,86.79,33984,29.62,287,4008.0,14.37
BABAFP, 11-Sep-2026,22.05,22.05,22.05,22.05,22.55,1600,0.35,1,1600.0,100.0
BAGDIGITAL, 11-Sep-2026,103.0,103.0,103.0,103.0,104.7,1600,1.65,1,1600.0,100.0
BAGFILMS, 11-Sep-2026,4.53,4.66,4.32,4.44,4.46,136648,6.17,364,40916.0,57.28
BAGMANE, 11-Sep-2026,108.0,110.7,107.21,108.79,107.75,1324949,1442.14,15578,1022484.0,90.47
BAHETI, 11-Sep-2026,835.0,839.0,816.25,820.85,828.65,17250,142.33,41,9000.0,61.54
BAIDFIN, 11-Sep-2026,11.74,12.16,11.25,11.88,11.74,152112,17.67,726,106019.0,71.3
BAJAJ-AUTO, 11-Sep-2026,11624.0,11723.0,11529.0,11678.0,11768.0,214731,25020.44,34542,119990.0,64.81
BAJAJCON, 11-Sep-2026,520.9,523.15,507.25,520.5,524.45,901856,4661.11,19353,485576.0,58.55
BAJAJELEC, 11-Sep-2026,335.0,338.5,327.8,335.3,337.75,102318,342.09,5512,34191.0,37.24
BAJAJFINSV, 11-Sep-2026,1912.1,1926.0,1895.0,1913.5,1940.5,762375,14554.41,37816,368606.0,52.03
BAJAJHCARE, 11-Sep-2026,332.0,338.4,325.0,334.05,333.3,131431,438.17,4388,58933.0,48.26
BAJAJHFL, 11-Sep-2026,83.6,85.51,82.9,84.11,84.22,5140262,4338.96,31323,2579055.0,54.36
BAJAJHIND, 11-Sep-2026,21.35,21.46,20.8,20.94,21.4,24595964,5179.76,27981,4674763.0,20.55
BAJAJHLDNG, 11-Sep-2026,10990.0,11146.0,10922.0,11134.0,10992.0,49910,5520.73,11684,21847.0,48.4
BAJAJINDEF, 11-Sep-2026,222.9,237.0,219.61,228.57,221.03,44398,101.89,1237,20658.0,53.68
BAJAJST, 11-Sep-2026,365.05,370.45,357.1,365.65,362.6,9972,36.34,785,5463.0,60.73
BAJEL, 11-Sep-2026,177.61,181.25,175.0,179.89,177.42,136248,243.4,2429,56543.0,48.51
BAJFINANCE, 11-Sep-2026,1031.0,1035.0,1015.1,1034.5,1043.5,5411299,55623.6,129025,3001489.0,64.25
BALAJEE, 11-Sep-2026,25.52,25.67,24.36,25.14,25.53,53682,13.49,379,38865.0,76.91
BALAJIPHOS, 11-Sep-2026,116.0,116.0,116.0,116.0,116.0,2000,2.32,1,2000.0,100.0
BALAJITELE, 11-Sep-2026,91.66,91.89,89.21,90.63,91.81,168159,151.88,2059,112357.0,70.28
BALAMINES, 11-Sep-2026,2329.8,2329.8,2245.6,2276.5,2342.6,175673,4004.52,17887,62240.0,39.12
BALAXI, 11-Sep-2026,23.4,24.69,22.75,23.39,23.24,39705,9.36,280,22717.0,63.38
BALCO, 11-Sep-2026,19.85,19.95,19.85,19.95,19.0,4800,0.96,4,4800.0,100.0
BALKRISHNA, 11-Sep-2026,16.59,16.59,15.9,16.1,16.28,12742,2.06,112,5543.0,70.67
BALKRISIND, 11-Sep-2026,2180.2,2190.1,2156.4,2164.6,2193.0,177906,3858.39,24911,52407.0,48.29
BALMLAWRIE, 11-Sep-2026,170.21,170.25,167.41,168.72,174.08,170327,286.99,3498,84209.0,55.54
BALPHARMA, 11-Sep-2026,105.6,114.95,104.13,107.42,106.21,316936,351.09,3600,123150.0,41.82
BALRAMCHIN, 11-Sep-2026,697.4,709.0,687.0,691.4,705.15,1301177,9072.73,38216,244949.0,21.93
BALUFORGE, 11-Sep-2026,534.0,536.9,523.3,533.4,536.65,532783,2821.04,13031,169347.0,36.8
BANARBEADS, 11-Sep-2026,113.65,113.65,107.0,107.56,110.56,1907,2.06,118,1254.0,82.01
BANARISUG, 11-Sep-2026,3588.0,3588.0,3475.0,3517.6,3590.4,1867,65.54,425,761.0,49.64
BANCOINDIA, 11-Sep-2026,619.05,619.05,607.0,615.0,627.5,105218,644.81,6282,42328.0,47.93
BANDHANBNK, 11-Sep-2026,171.75,178.54,170.85,176.52,174.0,25334991,44584.09,72248,13889255.0,57.58
BANG, 11-Sep-2026,34.9,35.9,33.49,35.12,34.51,316170,110.72,1977,83188.0,30.01
BANK10ADD, 11-Sep-2026,16.34,16.73,16.34,16.65,16.44,36319,6.01,202,13801.0,52.15
BANK10BETF, 11-Sep-2026,20.28,20.46,20.13,20.21,20.28,31320,6.32,55,6669.0,23.71
BANKA, 11-Sep-2026,77.75,81.82,77.75,81.78,77.93,3172,2.58,60,1994.0,94.86
BANKADD, 11-Sep-2026,57.57,58.35,57.07,58.09,57.68,4145,2.39,89,1687.0,44.45
BANKBARODA, 11-Sep-2026,235.35,238.13,234.3,238.13,237.62,7018275,16598.58,46127,3327556.0,52.12
BANKBEES, 11-Sep-2026,583.13,587.5,578.23,586.35,583.52,931482,5434.86,10087,519131.0,58.74
BANKBETA, 11-Sep-2026,58.02,58.86,57.69,58.63,58.29,235689,136.84,541,199516.0,92.82
BANKBETF, 11-Sep-2026,57.05,57.77,56.61,57.61,57.31,1195831,689.07,347,1167270.0,98.03
BANKETF, 11-Sep-2026,571.81,578.6,568.58,577.62,575.23,21995,126.38,457,7853.0,36.47
BANKIETF, 11-Sep-2026,57.79,58.21,57.29,58.14,57.87,2702304,1566.32,2051,1850678.0,68.85
BANKINDIA, 11-Sep-2026,140.0,140.1,137.26,140.0,141.0,4385344,6103.84,21988,1249377.0,36.27
BANKNIFTY1, 11-Sep-2026,58.34,58.82,57.94,58.7,58.46,5309458,3103.54,1227,5146419.0,97.93
BANKPSU, 11-Sep-2026,84.0,84.44,83.72,84.34,84.3,7528,6.33,85,3786.0,50.6
BANSALWIRE, 11-Sep-2026,309.95,311.0,305.1,309.35,311.4,36627,112.74,2183,18378.0,64.77
BANSWRAS, 11-Sep-2026,113.06,113.9,110.66,112.84,113.04,13011,14.64,435,7450.0,62.59
BARFLEX, 11-Sep-2026,60.7,60.7,58.05,58.05,59.9,6000,3.54,3,4000.0,66.67
BASF, 11-Sep-2026,3663.4,3682.8,3585.6,3661.5,3688.3,18224,663.07,5090,8540.0,49.91
BASILIC, 11-Sep-2026,188.7,195.0,188.5,191.1,193.9,6600,12.61,19,3900.0,76.47
BATAINDIA, 11-Sep-2026,652.0,652.55,643.0,648.65,653.25,105041,681.03,7485,42107.0,46.85
BATLIBOI, 11-Sep-2026,84.89,86.0,84.5,85.91,85.59,25049,21.39,1040,14079.0,67.01
BAWEJA, 11-Sep-2026,24.15,24.15,24.15,24.15,23.65,1600,0.39,2,1600.0,100.0
BAYERCROP, 11-Sep-2026,3952.0,3990.0,3926.6,3974.1,3978.4,19851,787.85,5023,9891.0,59.87
BBETF0432, 11-Sep-2026,1347.92,1353.59,1344.23,1350.41,1346.48,2657,35.88,55,2157.0,96.17
BBL, 11-Sep-2026,2215.3,2269.2,2189.0,2246.5,2231.2,18662,414.25,3035,8582.0,57.54
BBNPNBETF, 11-Sep-2026,56.67,56.88,56.24,56.66,56.89,328,0.19,13,207.0,63.11
BBNPPGOLD, 11-Sep-2026,147.6,147.6,145.6,146.2,147.8,7331,10.76,104,3925.0,57.58
BBOX, 11-Sep-2026,741.0,808.4,740.0,800.8,744.85,1663788,13111.38,69814,408990.0,26.46
BBTC, 11-Sep-2026,1426.0,1434.6,1405.3,1423.5,1434.7,31609,448.87,4207,13233.0,45.21
BBTCL, 11-Sep-2026,231.0,233.99,226.76,227.51,235.33,5488,12.62,316,3413.0,76.58
BCG, 11-Sep-2026,10.08,10.26,9.83,9.99,10.1,8199526,823.57,6597,3795373.0,50.82
BCLIND, 11-Sep-2026,34.94,35.06,34.01,34.18,35.12,573427,196.89,3724,271189.0,66.37
BCONCEPTS, 11-Sep-2026,159.0,159.0,150.3,156.56,154.5,8986,13.92,474,6271.0,71.75
BCPL, 11-Sep-2026,71.9,71.9,69.26,70.01,71.05,13097,9.18,267,7472.0,58.52
BDL, 11-Sep-2026,1185.0,1192.0,1165.0,1190.0,1195.0,974802,11485.85,37859,295627.0,33.34
BEACON, 11-Sep-2026,82.0,82.0,81.7,81.7,86.0,13000,10.63,12,11000.0,91.67
BEARDSELL, 11-Sep-2026,24.21,24.87,24.21,24.67,24.39,11804,2.91,119,5839.0,89.64
BECTORFOOD, 11-Sep-2026,244.8,245.7,236.51,242.5,245.44,903250,2178.34,23527,254542.0,30.94
BEDMUTHA, 11-Sep-2026,105.1,107.8,103.0,103.94,105.37,8678,9.03,157,5744.0,71.34
BEEKAY, 11-Sep-2026,430.3,446.5,417.0,425.6,433.4,25298,108.84,400,23642.0,94.43
BEL, 11-Sep-2026,402.6,405.4,399.25,404.35,405.0,7805974,31480.51,70781,4236659.0,61.42
BELLACASA, 11-Sep-2026,265.0,265.66,252.0,256.52,262.11,15318,39.75,850,5942.0,57.29
BELRISE, 11-Sep-2026,227.5,229.69,225.36,228.0,228.4,1312518,2989.49,32591,549177.0,46.43
BEML, 11-Sep-2026,2019.0,2044.0,1982.2,2023.4,2029.0,230934,4635.01,20510,78583.0,40.89
BENARAS, 11-Sep-2026,10897.0,11100.0,10796.0,11085.0,10736.0,467,51.28,138,407.0,93.78
BENGALASM, 11-Sep-2026,6107.5,6300.0,6105.0,6265.0,6200.5,186,11.55,75,132.0,76.74
BEPL, 11-Sep-2026,129.0,129.76,126.26,128.08,130.29,1126927,1440.58,10252,463814.0,45.53
BERGEPAINT, 11-Sep-2026,460.75,465.75,457.0,458.05,463.8,283827,1307.63,18639,110831.0,48.2
BESTAGRO, 11-Sep-2026,19.14,19.35,18.63,19.05,19.14,493330,93.83,1938,239349.0,54.3
BETA, 11-Sep-2026,2070.0,2147.8,2013.8,2118.5,2085.8,18068,378.1,2385,6927.0,43.08
BEWLTD, 11-Sep-2026,48.5,49.5,48.5,48.8,48.9,17000,8.33,14,16000.0,96.97
BFINVEST, 11-Sep-2026,448.6,453.9,440.55,448.3,448.6,19703,88.1,1179,5714.0,35.23
BFSI, 11-Sep-2026,26.36,26.6,26.15,26.52,26.47,2829147,748.84,1073,2679044.0,95.7
BFUTILITIE, 11-Sep-2026,541.95,567.0,528.9,548.9,544.45,275682,1525.52,11504,62021.0,23.88
BHADORA, 11-Sep-2026,127.65,127.8,123.0,123.0,124.95,34800,43.61,28,31200.0,96.3
BHAGCHEM, 11-Sep-2026,257.1,261.0,254.6,258.75,258.2,21384,55.03,474,12090.0,67.7
BHAGYANGR, 11-Sep-2026,431.75,431.75,410.6,422.55,432.2,540725,2282.78,9547,207473.0,40.76
BHANDARI, 11-Sep-2026,3.0,3.05,2.98,3.0,3.0,161333,4.86,221,108834.0,89.94
BHARATCOAL, 11-Sep-2026,33.28,33.28,32.76,33.01,33.42,4257207,1404.95,17884,2053204.0,53.2
BHARATFORG, 11-Sep-2026,1947.8,1947.9,1908.6,1944.9,1954.9,283776,5475.81,19789,92941.0,40.07
BHARATRAS, 11-Sep-2026,1168.9,1168.9,1154.0,1157.9,1168.2,11351,131.52,1385,5873.0,67.25
BHARATSE, 11-Sep-2026,215.0,218.59,211.2,217.47,217.08,128822,275.89,2604,63879.0,55.41
BHARATWIRE, 11-Sep-2026,173.2,173.89,168.5,172.48,173.2,90466,154.52,2162,45188.0,55.16
BHARTIARTL, 11-Sep-2026,1832.0,1852.0,1830.5,1831.1,1839.0,4181325,77040.04,138752,2571458.0,71.18
BHARTIHEXA, 11-Sep-2026,1530.0,1567.4,1527.5,1545.0,1539.2,139554,2161.48,19874,61908.0,47.71
BHEL, 11-Sep-2026,427.0,433.0,418.2,431.0,429.5,6548117,27854.28,50133,2117488.0,35.09
BIGBLOC, 11-Sep-2026,39.61,41.1,39.61,40.79,40.57,23710,9.62,319,15704.0,75.24
BIKAJI, 11-Sep-2026,566.0,566.0,547.3,548.25,566.15,142922,788.96,11826,71323.0,58.81
BIKEWO, 11-Sep-2026,109.95,109.95,103.5,104.3,107.85,32000,33.84,15,20000.0,90.91
BIL, 11-Sep-2026,1097.0,1097.0,1030.2,1073.0,1081.7,17520,187.05,2151,5881.0,47.82
BIMETAL, 11-Sep-2026,635.05,647.0,635.05,640.5,645.0,119,0.76,12,96.0,93.2
BIOCON, 11-Sep-2026,391.55,396.85,384.65,390.65,391.65,3665623,14346.9,49207,1530584.0,44.08
BIOFILCHEM, 11-Sep-2026,37.8,37.8,32.36,34.51,36.79,173376,61.07,1564,94705.0,59.18
BIOPOL, 11-Sep-2026,46.0,49.0,44.75,47.7,47.1,63600,29.63,48,43200.0,72.0
BIRET, 11-Sep-2026,338.79,340.1,333.55,335.41,337.59,350044,1179.99,8621,135211.0,80.81
BIRLACABLE, 11-Sep-2026,367.0,393.35,362.25,392.35,374.65,996485,3862.04,16412,404720.0,42.75
BIRLACORPN, 11-Sep-2026,833.45,835.95,821.45,825.15,836.7,70252,580.15,7170,34954.0,58.6
BIRLAMONEY, 11-Sep-2026,122.15,123.79,118.26,121.19,122.9,53016,63.93,1692,28324.0,60.11
BIRLANU, 11-Sep-2026,1434.7,1465.0,1404.0,1448.4,1434.6,10843,154.48,1416,6106.0,65.17
BLACKBUCK, 11-Sep-2026,575.0,634.4,575.0,628.15,585.9,4433382,26918.43,97390,1688006.0,46.4
BLAL, 11-Sep-2026,161.91,162.01,158.0,161.47,161.23,12189,19.58,455,6184.0,54.19
BLBLIMITED, 11-Sep-2026,15.98,17.3,15.6,16.13,15.98,420547,67.48,643,341937.0,85.46
BLEL, 11-Sep-2026,437.95,445.05,429.0,442.15,441.6,733830,3213.85,17557,163091.0,26.03
BLIL, 11-Sep-2026,67.79,70.09,67.79,68.44,71.42,188524,129.39,2232,113136.0,65.82
BLKASHYAP, 11-Sep-2026,54.9,55.11,52.79,53.91,55.55,557333,300.15,3430,323182.0,64.67
BLS, 11-Sep-2026,233.0,233.36,228.88,231.58,235.63,804283,1855.75,15829,351481.0,50.16
BLSE, 11-Sep-2026,314.9,316.05,307.05,312.8,316.6,356250,1111.05,9013,189584.0,62.6
BLUECLOUDS, 11-Sep-2026,19.5,19.5,19.1,19.13,19.5,846423,162.33,2924,440571.0,68.32
BLUECOAST, 11-Sep-2026,20.75,22.92,20.75,22.18,21.83,477,0.11,14,195.0,98.48
BLUEDART, 11-Sep-2026,4850.0,4858.2,4812.2,4830.9,4882.6,3737,180.47,1151,1912.0,57.78
BLUEJET, 11-Sep-2026,572.6,572.6,563.0,568.55,575.3,294503,1669.62,12002,135428.0,51.44
BLUEPEBBLE, 11-Sep-2026,79.0,79.0,79.0,79.0,79.0,800,0.63,2,400.0,100.0
BLUESTARCO, 11-Sep-2026,1500.0,1565.1,1489.0,1558.0,1514.0,1336366,20656.57,58931,454117.0,38.69
BLUESTONE, 11-Sep-2026,853.0,899.0,841.5,890.35,855.15,1308518,11483.21,57502,266793.0,25.24
BLUEWATER, 11-Sep-2026,455.85,457.5,454.85,457.5,438.0,12000,54.69,11,12000.0,100.0
BLUSPRING, 11-Sep-2026,136.3,136.3,130.21,131.48,137.45,388095,516.38,4694,157881.0,43.05
BMETRICS, 11-Sep-2026,34.05,34.55,34.05,34.45,36.0,2400,0.82,3,2400.0,100.0
BMLL, 11-Sep-2026,158.0,158.0,157.0,158.0,160.0,5000,7.89,3,4000.0,80.0
BMWVENTLTD, 11-Sep-2026,54.6,54.6,53.45,54.05,54.59,32634,17.56,838,15977.0,62.42
BNAGROCHEM, 11-Sep-2026,203.01,208.0,201.4,204.99,212.0,13194,27.07,67,3105.0,97.21
BNKETFAXIS, 11-Sep-2026,575.86,585.25,575.67,584.36,581.68,778,4.51,42,213.0,31.7
BODALCHEM, 11-Sep-2026,159.0,174.0,157.81,172.4,166.11,7456837,12063.93,27755,2239327.0,31.89
BOHRAIND, 11-Sep-2026,12.75,14.49,12.52,13.42,13.18,17722,2.4,69,14693.0,88.35
BOMDYEING, 11-Sep-2026,111.9,111.9,109.8,111.27,112.51,447712,496.35,4329,192767.0,49.62
BONLON, 11-Sep-2026,40.5,41.5,38.91,40.1,40.25,12737,5.24,43,11809.0,93.58
BORANA, 11-Sep-2026,319.5,319.5,308.85,313.4,317.65,10383,32.47,444,5820.0,60.2
BOROLTD, 11-Sep-2026,262.88,262.88,255.4,257.48,263.78,117326,301.92,2910,57104.0,59.43
BORORENEW, 11-Sep-2026,499.05,501.9,494.0,495.65,502.2,331461,1646.53,12443,134994.0,50.73
BOROSCI, 11-Sep-2026,125.29,126.9,123.9,125.28,125.29,17100,21.37,451,10375.0,74.87
BOSCH-HCIL, 11-Sep-2026,1678.0,1728.5,1652.2,1704.0,1689.9,48942,825.17,5218,18360.0,49.21
BOSCHLTD, 11-Sep-2026,48480.0,48960.0,48080.0,48385.0,48775.0,19898,9659.71,8942,8402.0,48.29
BPCL, 11-Sep-2026,299.4,306.45,296.0,304.5,303.0,4137678,12431.58,42457,1374943.0,37.63
BPL, 11-Sep-2026,47.21,48.25,45.3,46.3,47.36,76466,35.57,1328,38910.0,58.29
BPLPHARMA, 11-Sep-2026,1558.6,1577.0,1449.8,1505.1,1558.6,8418,125.94,619,4886.0,75.25
BRACEPORT, 11-Sep-2026,51.0,54.4,51.0,54.4,54.0,3200,1.69,2,3200.0,100.0
BRAHMINFRA, 11-Sep-2026,158.0,158.0,155.0,157.35,158.62,12462,19.47,328,8659.0,76.3
BRANDMAN, 11-Sep-2026,167.35,172.5,165.55,172.5,169.05,4800,8.09,6,2400.0,50.0
BRIGADE, 11-Sep-2026,648.8,650.4,628.2,638.65,651.15,380544,2421.77,24824,134275.0,38.82
BRIGHOTEL, 11-Sep-2026,56.0,56.69,55.75,56.51,56.36,65944,37.02,1753,44680.0,74.71
BRIGHTBR, 11-Sep-2026,250.25,255.6,246.15,255.25,255.75,1377,3.44,28,1194.0,88.51
BRITANNIA, 11-Sep-2026,4996.0,5012.5,4945.0,4962.0,5009.0,194857,9716.98,21961,87362.0,51.29
BRNL, 11-Sep-2026,17.0,17.0,16.06,16.73,16.65,17005,2.82,308,12459.0,79.08
BROOKS, 11-Sep-2026,64.7,69.72,63.12,65.69,63.85,101530,67.75,1172,57982.0,60.01
BSE, 11-Sep-2026,3280.0,3394.4,3193.2,3384.0,3306.0,4326473,140844.22,196817,1151408.0,29.36
BSE500IETF, 11-Sep-2026,38.84,38.86,38.38,38.78,38.84,63405,24.53,1212,44936.0,75.14
BSHSL, 11-Sep-2026,89.9,93.5,85.41,88.8,88.84,17879,15.65,266,14062.0,81.92
BSL, 11-Sep-2026,122.06,123.28,117.2,120.39,122.06,4137,4.97,117,3118.0,77.08
BSLGOLDETF, 11-Sep-2026,133.0,133.84,132.0,133.25,134.33,472915,628.96,2864,72031.0,21.36
BSLNIFTY, 11-Sep-2026,27.4,27.65,27.1,27.55,27.5,827639,227.69,3683,244175.0,72.66
BSLSENETFG, 11-Sep-2026,75.41,78.08,75.05,77.19,75.53,1931,1.46,93,1197.0,77.18
BSOFT, 11-Sep-2026,280.75,284.8,274.2,281.65,275.8,4622260,12889.71,76418,1237218.0,29.53
BTML, 11-Sep-2026,7.79,7.88,7.28,7.48,7.79,663574,50.38,557,436766.0,90.12
BUILDPRO, 11-Sep-2026,1272.2,1274.0,1240.0,1252.5,1272.2,38794,486.09,3655,19261.0,53.93
BUTTERFLY, 11-Sep-2026,609.2,610.1,579.95,586.25,610.35,36028,213.42,3763,16970.0,76.73
BVCL, 11-Sep-2026,43.43,43.8,41.9,42.05,43.44,26950,11.41,407,9708.0,72.84
C2C, 11-Sep-2026,214.8,214.8,206.35,212.15,213.15,66150,140.07,325,36900.0,60.59
CADSYS, 11-Sep-2026,44.1,44.1,44.1,44.1,46.4,500,0.22,1,500.0,100.0
CAMLINFINE, 11-Sep-2026,102.57,102.65,100.89,101.68,103.57,388816,395.39,3463,204020.0,65.56
CAMPUS, 11-Sep-2026,212.8,215.5,210.98,214.36,213.68,196725,420.56,7228,91582.0,53.51
CAMS, 11-Sep-2026,708.5,713.05,694.6,711.0,712.0,1442644,10189.14,68757,635032.0,48.22
CANARYS, 11-Sep-2026,23.0,24.0,22.05,23.7,22.9,188000,43.09,40,80000.0,45.45
CANBK, 11-Sep-2026,124.0,124.06,122.65,124.0,124.6,11131129,13744.45,55216,4228737.0,44.87
CANFINHOME, 11-Sep-2026,781.3,782.4,768.05,779.75,782.2,407215,3158.93,19577,251246.0,68.36
CANHLIFE, 11-Sep-2026,150.57,153.68,145.65,151.92,152.36,603161,914.64,12515,232649.0,42.64
CANTABIL, 11-Sep-2026,238.8,241.58,234.6,240.21,240.06,142609,340.62,1944,50171.0,38.44
CAPACITE, 11-Sep-2026,193.7,195.56,190.96,191.98,196.25,455544,879.61,6782,158750.0,55.42
CAPILLARY, 11-Sep-2026,458.95,464.4,449.55,461.95,459.9,61095,281.46,3766,24339.0,53.76
CAPINVIT, 11-Sep-2026,77.04,77.04,75.9,76.97,76.7,228779,175.23,1857,160813.0,78.12
CAPITALSFB, 11-Sep-2026,272.0,274.95,269.6,271.35,272.15,13631,37.06,535,4665.0,65.55
CAPLIPOINT, 11-Sep-2026,2790.1,2790.1,2716.0,2754.9,2795.4,103090,2828.7,14926,36921.0,39.77
CARBORUNIV, 11-Sep-2026,1091.8,1091.8,1055.1,1075.2,1090.2,113965,1218.56,12449,51039.0,52.56
CARERATING, 11-Sep-2026,1680.0,1680.2,1645.3,1650.5,1693.0,49841,827.88,6298,22078.0,59.73
CARRARO, 11-Sep-2026,547.0,549.75,533.0,538.45,551.95,90810,490.1,6021,30243.0,57.18
CARTRADE, 11-Sep-2026,3005.9,3105.2,2982.1,3087.9,3034.7,273739,8406.95,34932,88120.0,35.49
CARYSIL, 11-Sep-2026,1170.2,1172.0,1145.3,1161.9,1178.5,67653,781.49,5852,31596.0,51.56
CASHIETF, 11-Sep-2026,1079.43,1079.45,1079.43,1079.43,1078.88,217314,2345.79,159,198857.0,95.72
CASTROLIND, 11-Sep-2026,187.8,189.0,187.05,188.03,188.06,1118348,2106.21,23399,561872.0,65.31
CCAVENUE, 11-Sep-2026,15.35,16.4,15.0,16.29,15.36,42406012,6759.54,55730,13317319.0,39.26
CCCL, 11-Sep-2026,14.38,14.38,13.7,13.91,14.15,245082,33.97,627,186060.0,83.23
CCHHL, 11-Sep-2026,12.41,12.89,12.2,12.37,12.5,19039,2.37,197,13688.0,87.05
CCL, 11-Sep-2026,1086.0,1089.0,1059.1,1081.0,1096.8,152869,1643.69,19098,61655.0,49.26
CDSL, 11-Sep-2026,1343.6,1360.0,1315.5,1360.0,1355.0,1040559,13854.95,41377,345046.0,35.43
CEATLTD, 11-Sep-2026,3275.0,3294.6,3247.0,3278.5,3295.7,37708,1233.69,7244,14129.0,43.88
CEDAAR, 11-Sep-2026,12.6,12.95,12.6,12.6,12.45,9000,1.14,6,8000.0,100.0
CEIGALL, 11-Sep-2026,376.3,383.0,369.2,380.4,379.1,266487,1000.62,6126,111280.0,48.92
CEINSYS, 11-Sep-2026,685.0,719.0,677.55,707.0,685.0,83507,587.45,5905,30557.0,40.4
CELEBRITY, 11-Sep-2026,6.95,6.95,6.75,6.85,6.72,16891,1.15,76,14368.0,87.68
CELLECOR, 11-Sep-2026,30.8,30.9,30.3,30.6,31.1,171000,52.16,48,129000.0,84.31
CELLO, 11-Sep-2026,338.9,338.9,332.0,332.8,338.9,203828,680.74,9375,99776.0,56.07
CELLPOINT, 11-Sep-2026,14.95,14.95,14.95,14.95,14.95,1200,0.18,1,1200.0,100.0
CEMNTGROWW, 11-Sep-2026,14.44,14.53,14.02,14.37,14.34,141005,19.92,614,72551.0,54.57
CEMPRO, 11-Sep-2026,1248.0,1257.8,1214.9,1244.3,1251.9,288343,3563.52,18447,161703.0,66.29
CENTENKA, 11-Sep-2026,568.5,569.45,552.3,565.4,569.1,67709,381.37,2772,25380.0,44.53
CENTEXT, 11-Sep-2026,22.5,23.4,22.03,22.37,22.8,704806,160.47,2564,433820.0,66.77
CENTRALBK, 11-Sep-2026,30.79,30.82,30.45,30.74,30.82,3617142,1109.71,16090,1599167.0,51.29
CENTRUM, 11-Sep-2026,21.75,22.99,21.7,22.34,21.91,104669,23.21,501,54584.0,71.06
CENTUM, 11-Sep-2026,4214.0,4258.0,4082.5,4192.0,4210.4,27427,1136.72,8896,10985.0,45.8
CENTURYPLY, 11-Sep-2026,734.0,734.0,715.0,717.05,734.05,51749,372.6,7143,31303.0,76.08
CERA, 11-Sep-2026,5605.0,5643.0,5555.5,5587.5,5614.0,3246,181.31,1139,1392.0,54.93
CESC, 11-Sep-2026,145.0,146.7,144.65,145.37,147.58,1387965,2019.01,39489,678149.0,59.42
CEWATER, 11-Sep-2026,278.0,289.7,278.0,284.7,279.9,378859,1081.21,18593,125064.0,42.07
CFEL, 11-Sep-2026,42.66,49.41,42.0,49.3,44.92,493522,234.81,3141,286170.0,59.5
CGCL, 11-Sep-2026,270.9,271.95,265.2,266.0,272.25,1958467,5253.94,23651,764059.0,43.57
CGPOWER, 11-Sep-2026,906.85,912.5,889.0,909.0,914.55,2163164,19571.71,44484,938166.0,52.05
CGRAPHICS, 11-Sep-2026,146.5,148.9,142.0,144.65,146.15,20000,29.08,23,12800.0,100.0
CGVAK, 11-Sep-2026,150.99,150.99,144.1,145.83,146.25,1819,2.68,99,1123.0,84.31
CHALET, 11-Sep-2026,865.0,884.45,856.05,877.25,875.55,133609,1163.24,22661,69258.0,58.34
CHAMBLFERT, 11-Sep-2026,415.0,420.0,411.45,418.8,417.75,572806,2391.16,16355,302030.0,65.91
CHAMUNDA, 11-Sep-2026,42.6,42.6,41.1,41.3,42.6,12000,4.98,4,9000.0,100.0
CHANDAN, 11-Sep-2026,202.0,205.95,198.6,199.8,203.2,40000,80.5,50,23200.0,76.32
CHAVDA, 11-Sep-2026,122.85,125.65,122.85,125.3,122.85,10000,12.5,8,7000.0,87.5
CHEMBOND, 11-Sep-2026,222.6,225.82,211.1,217.12,225.82,15946,34.71,691,7038.0,53.73
CHEMCRUX, 11-Sep-2026,86.75,86.75,81.5,82.4,85.52,3233,2.69,148,1533.0,78.37
CHEMFAB, 11-Sep-2026,389.45,399.0,369.75,379.35,384.5,4288,16.24,412,2611.0,68.19
CHEMICAL, 11-Sep-2026,30.85,30.85,29.79,29.97,30.1,1512280,453.49,1308,1277042.0,89.61
CHEMPLASTS, 11-Sep-2026,176.15,176.16,170.0,171.35,176.15,215773,370.6,3609,98558.0,57.06
CHENNPETRO, 11-Sep-2026,1660.0,1677.5,1563.1,1572.9,1626.4,2916939,46947.9,106959,527090.0,18.95
CHETANA, 11-Sep-2026,42.0,42.0,40.0,42.0,43.5,28800,11.97,16,24000.0,83.33
CHEVIOT, 11-Sep-2026,1190.0,1225.0,1180.1,1207.8,1195.9,1164,13.97,205,375.0,87.21
CHOICEGOLD, 11-Sep-2026,148.7,151.08,148.7,150.0,151.84,4250,6.38,162,1489.0,50.08
CHOICEIN, 11-Sep-2026,768.0,768.95,757.45,759.8,770.4,228484,1740.1,6438,48166.0,26.98
CHOLAFIN, 11-Sep-2026,1834.1,1850.2,1795.1,1845.9,1859.0,1505149,27407.19,83555,727041.0,53.11
CHOLAHLDNG, 11-Sep-2026,1525.0,1539.4,1493.0,1528.6,1532.0,57387,870.92,5598,20568.0,47.85
CIEINDIA, 11-Sep-2026,380.15,381.0,376.05,379.65,381.8,100295,380.48,9175,50835.0,56.87
CIFL, 11-Sep-2026,20.08,20.36,19.9,20.2,20.19,247154,49.68,576,204146.0,83.85
CINELINE, 11-Sep-2026,94.0,97.18,91.15,96.31,93.58,19934,18.96,327,12466.0,72.74
CINEVISTA, 11-Sep-2026,14.06,14.73,14.06,14.23,14.36,10771,1.53,137,7317.0,72.26
CIPLA, 11-Sep-2026,1373.0,1373.0,1347.7,1366.0,1373.3,1681155,22820.47,61357,931899.0,62.08
CITIUSINVT, 11-Sep-2026,115.3,116.29,114.62,115.49,114.84,281602,325.95,187,277783.0,99.16
CLASSICEIL, 11-Sep-2026,60.0,60.1,56.15,56.25,59.1,57600,32.87,34,32000.0,71.43
CLAYCRAFT, 11-Sep-2026,154.0,157.55,151.2,155.4,155.55,37200,57.04,52,27600.0,76.67
CLEAN, 11-Sep-2026,848.4,851.2,825.1,842.05,848.45,371357,3114.36,20090,143639.0,41.5
CLEANMAX, 11-Sep-2026,1395.1,1442.0,1361.7,1431.0,1399.0,250397,3529.48,16487,94723.0,46.96
CLEDUCATE, 11-Sep-2026,59.75,61.15,57.49,59.18,59.98,16667,9.88,218,13278.0,85.14
CLSEL, 11-Sep-2026,299.0,299.0,294.45,296.5,302.55,41516,123.06,1460,22134.0,62.44
CMLL, 11-Sep-2026,467.0,480.35,460.0,474.15,470.8,290791,1366.92,8823,150898.0,59.17
CMNL, 11-Sep-2026,113.05,116.45,113.0,113.7,115.25,19500,22.16,19,17250.0,88.46
CMPDI, 11-Sep-2026,216.0,218.0,213.16,215.23,218.77,1563637,3365.27,23137,631039.0,46.59
CMRGREEN, 11-Sep-2026,216.77,219.9,215.0,216.58,220.45,312177,675.74,10554,117317.0,51.08
CMSINFO, 11-Sep-2026,225.1,226.45,223.5,224.38,227.69,532465,1196.72,12324,212965.0,55.37
CNL, 11-Sep-2026,1094.7,1139.0,1077.3,1116.9,1086.3,40193,447.42,3314,16654.0,45.23
COALINDIA, 11-Sep-2026,432.0,434.3,424.2,426.4,432.0,3868222,16576.67,53779,1637981.0,47.38
COASTCORP, 11-Sep-2026,39.15,39.55,38.5,39.09,39.43,54723,21.42,574,29446.0,66.38
COCHINSHIP, 11-Sep-2026,1510.0,1510.0,1372.0,1381.0,1520.4,6390480,89806.94,159729,2401110.0,40.86
COCKERILL, 11-Sep-2026,7951.0,8259.0,7860.5,8191.0,8009.0,4452,357.99,1447,1379.0,46.0
COFFEEDAY, 11-Sep-2026,31.8,31.82,31.1,31.67,31.99,619170,194.68,1661,343515.0,66.36
COFORGE, 11-Sep-2026,1807.3,1858.6,1807.3,1846.5,1833.1,2687329,49454.86,79526,1336896.0,52.76
COHANCE, 11-Sep-2026,445.2,445.2,434.15,440.2,445.3,468144,2052.02,18952,190476.0,45.33
COLPAL, 11-Sep-2026,1799.0,1799.9,1782.1,1797.4,1808.5,280878,5031.03,20216,150817.0,58.26
COMFINTE, 11-Sep-2026,6.09,6.12,5.98,6.08,6.09,101443,6.12,335,57510.0,58.36
COMMOIETF, 11-Sep-2026,98.56,98.57,97.5,98.26,98.57,55954,54.75,1943,34228.0,73.64
COMPEAU, 11-Sep-2026,363.0,363.0,361.0,362.0,360.0,885,3.2,17,782.0,100.0
COMPUSOFT, 11-Sep-2026,13.1,13.29,12.85,12.9,13.21,70186,9.13,243,32185.0,89.7
COMSYN, 11-Sep-2026,299.35,304.9,297.1,299.15,299.0,71613,215.43,1830,31396.0,54.18
CONCOR, 11-Sep-2026,500.0,503.5,494.15,499.25,504.15,556686,2780.98,16086,188852.0,38.94
CONCORDBIO, 11-Sep-2026,1439.6,1529.0,1426.9,1505.7,1452.8,372504,5542.86,42939,158997.0,45.02
CONFIPET, 11-Sep-2026,87.79,90.5,86.95,89.22,87.84,4722048,4187.31,33637,1549985.0,36.8
CONNPLEX, 11-Sep-2026,260.5,267.8,252.0,264.7,262.5,52000,134.64,63,24000.0,63.83
CONS, 11-Sep-2026,11.8,11.9,11.74,11.84,11.88,28718,3.39,166,23701.0,83.77
CONSUMAXIS, 11-Sep-2026,120.8,120.8,117.62,117.94,118.4,371,0.44,14,326.0,87.87
CONSUMBEES, 11-Sep-2026,128.2,128.22,127.06,127.96,128.34,61796,78.97,1124,32686.0,55.54
CONSUMER, 11-Sep-2026,11.64,12.1,11.64,11.82,11.88,248772,29.39,384,42998.0,71.8
CONSUMIETF, 11-Sep-2026,119.1,119.29,118.19,119.03,119.33,10411,12.34,179,7357.0,77.27
CONTROLPR, 11-Sep-2026,576.0,597.95,576.0,588.7,572.95,84948,495.61,2582,56583.0,72.45
COOLCAPS, 11-Sep-2026,23.8,25.5,23.75,25.4,25.0,86250,21.29,59,60000.0,84.21
CORALFINAC, 11-Sep-2026,32.21,32.99,32.05,32.16,32.88,7264,2.36,139,4041.0,57.65
CORDELIA, 11-Sep-2026,109.38,114.32,107.05,112.85,109.44,3486070,3894.95,18032,1441043.0,43.35
CORDSCABLE, 11-Sep-2026,357.6,382.8,353.15,373.4,363.1,522110,1927.2,17912,105961.0,21.63
COROMANDEL, 11-Sep-2026,1950.8,1950.8,1916.4,1929.0,1961.9,100672,1939.4,17137,45445.0,60.76
CORONA, 11-Sep-2026,2214.2,2250.8,2181.5,2236.1,2200.8,140561,3132.24,16983,56495.0,45.4
COSMOFIRST, 11-Sep-2026,878.05,884.4,858.2,874.9,880.65,51751,451.7,3516,24057.0,50.07
CPCAP, 11-Sep-2026,136.5,138.37,130.32,135.08,134.49,31656,42.62,354,20416.0,81.29
CPEDU, 11-Sep-2026,181.2,184.0,175.01,177.74,185.58,3545,6.34,92,1568.0,99.24
CPL, 11-Sep-2026,66.39,66.39,64.71,64.79,66.38,117444,76.33,319,9404.0,8.16
CPPLUS, 11-Sep-2026,3810.0,3900.0,3775.0,3825.5,3829.1,161471,6218.94,29971,78889.0,52.69
CPS, 11-Sep-2026,1262.0,1265.0,1216.0,1224.5,1223.0,9600,118.78,40,6300.0,76.36
CPSEETF, 11-Sep-2026,94.78,95.25,93.5,93.89,94.78,2100651,1984.47,6581,1702703.0,84.69
CRAFTSMAN, 11-Sep-2026,11711.0,11831.0,11542.0,11669.0,11851.0,53409,6243.7,18870,25136.0,52.51
CRAMC, 11-Sep-2026,240.0,240.0,235.5,238.9,240.05,234612,557.93,5951,112231.0,53.7
CRAVATEX, 11-Sep-2026,320.0,326.3,320.0,323.95,318.3,174,0.56,14,159.0,91.91
CRAYONS, 11-Sep-2026,25.1,25.1,23.95,23.95,25.2,3000,0.73,3,1000.0,100.0
CREATIVEYE, 11-Sep-2026,5.99,5.99,5.26,5.72,6.07,81227,4.51,338,47453.0,61.28
CREDENT, 11-Sep-2026,351.5,362.0,346.0,357.1,362.35,84000,298.32,103,57000.0,77.87
CREDITACC, 11-Sep-2026,1382.1,1438.0,1370.8,1424.2,1403.2,120902,1705.29,20526,46787.0,50.0
CREST, 11-Sep-2026,358.2,361.45,354.0,355.25,357.4,285,1.02,34,245.0,96.08
CRESTO, 11-Sep-2026,16.1,17.25,14.35,16.91,16.01,52808,8.41,241,15848.0,54.73
CRISIL, 11-Sep-2026,4711.0,4721.7,4656.3,4697.9,4721.7,24019,1127.17,6298,8431.0,51.41
CRIZAC, 11-Sep-2026,179.01,187.5,175.1,186.68,179.7,631557,1162.58,10761,247840.0,43.16
CROMPTON, 11-Sep-2026,229.0,231.69,226.63,231.0,230.0,1077937,2474.73,14979,375463.0,42.16
CROWN, 11-Sep-2026,113.8,116.48,112.0,112.55,114.47,2853,3.23,81,2180.0,87.37
CSBBANK, 11-Sep-2026,307.5,307.75,304.0,305.7,307.6,303520,928.1,15509,94793.0,53.96
CSLFINANCE, 11-Sep-2026,234.54,234.54,217.12,220.98,241.04,149373,329.8,3980,94249.0,69.81
CSM, 11-Sep-2026,101.15,101.15,76.26,83.44,94.96,2772772,2404.28,19621,564950.0,25.4
CSSL, 11-Sep-2026,92.05,92.05,91.0,91.35,93.5,4000,3.66,4,2000.0,100.0
CUB, 11-Sep-2026,225.9,231.85,223.69,227.32,226.45,1628700,3732.96,28356,407975.0,28.6
CUBEINVIT, 11-Sep-2026,157.28,157.28,156.7,156.84,156.93,368757,578.42,5658,362588.0,99.48
CUBEXTUB, 11-Sep-2026,78.69,78.69,76.07,77.1,77.2,34020,26.19,999,16344.0,49.96
CUDML, 11-Sep-2026,111.0,111.0,105.0,105.0,108.45,71000,74.83,53,70000.0,100.0
CUMMINSIND, 11-Sep-2026,5117.0,5152.0,5020.5,5070.0,5155.0,331010,16779.98,31674,120691.0,51.39
CUPID, 11-Sep-2026,275.0,283.5,275.0,280.0,277.45,10688011,30013.49,77297,3658800.0,36.69
CURAA, 11-Sep-2026,75.88,83.97,75.41,79.61,75.88,727,0.57,43,559.0,86.4
CURIS, 11-Sep-2026,199.55,199.55,198.35,198.35,208.75,21000,41.71,20,17000.0,80.95
CURRENT, 11-Sep-2026,79.95,81.75,79.95,81.75,80.0,4800,3.87,3,4800.0,100.0
CYIENT, 11-Sep-2026,1078.2,1087.4,1054.4,1059.4,1076.4,308753,3305.05,26038,114193.0,45.75
CYIENTDLM, 11-Sep-2026,907.05,921.3,893.3,904.4,923.3,506275,4573.99,26817,246584.0,52.96
DABUR, 11-Sep-2026,372.35,377.0,372.1,376.0,376.45,863561,3239.71,21729,425483.0,62.71
DALBHARAT, 11-Sep-2026,1745.0,1755.0,1708.0,1746.6,1745.3,41100,712.05,8524,15367.0,44.4
DALMIASUG, 11-Sep-2026,430.0,436.9,414.0,417.35,431.5,313193,1333.74,9719,94182.0,34.77
DAMCAPITAL, 11-Sep-2026,141.0,143.0,140.32,142.43,142.78,162057,229.9,3067,61831.0,50.64
DANGEE, 11-Sep-2026,2.82,2.82,2.71,2.75,2.82,54796,1.51,162,37835.0,71.16
DANISH, 11-Sep-2026,936.0,1017.85,934.0,997.4,936.45,149400,1474.7,658,91950.0,70.38
DATAMATICS, 11-Sep-2026,770.0,777.95,756.15,760.2,780.45,44416,339.47,2939,15613.0,49.42
DATAPATTNS, 11-Sep-2026,4730.0,4848.0,4655.5,4829.2,4777.2,561224,26773.33,53661,113373.0,22.32
DAVANGERE, 11-Sep-2026,1.95,2.1,1.9,2.1,1.91,36081250,748.72,6028,22052251.0,61.24
DBCORP, 11-Sep-2026,190.03,191.94,188.1,190.79,189.67,45053,85.7,1388,25047.0,65.49
DBEIL, 11-Sep-2026,7.2,7.2,6.82,7.06,7.11,110846,7.81,412,72223.0,73.75
DBL, 11-Sep-2026,407.45,407.45,398.5,403.35,407.75,161004,648.13,5450,56326.0,38.88
DBOL, 11-Sep-2026,120.3,123.25,117.58,118.55,120.38,321135,386.07,3834,148880.0,58.3
DBREALTY, 11-Sep-2026,99.15,99.5,97.0,97.79,100.19,888816,869.91,9421,486209.0,63.49
DCAL, 11-Sep-2026,167.49,168.35,163.57,167.25,167.49,115563,191.88,2444,60529.0,56.9
DCBBANK, 11-Sep-2026,225.0,226.99,223.41,226.37,227.13,1245963,2806.48,22034,724370.0,61.78
DCG, 11-Sep-2026,92.15,92.15,85.05,89.1,92.3,55200,48.99,43,33600.0,65.12
DCI, 11-Sep-2026,272.7,276.8,270.5,271.7,274.6,86670,236.5,2188,32911.0,41.83
DCMFINSERV, 11-Sep-2026,5.07,5.28,4.78,5.07,5.22,7604,0.38,75,5736.0,97.15
DCMNVL, 11-Sep-2026,171.1,183.96,171.1,178.77,175.2,16378,29.26,830,8940.0,62.33
DCMSHRIRAM, 11-Sep-2026,1000.2,1004.8,985.7,1000.0,1007.5,30875,308.07,5056,12460.0,54.56
DCMSIL, 11-Sep-2026,73.99,73.99,69.72,71.04,72.36,188725,134.32,1147,132920.0,77.19
DCMSRIND, 11-Sep-2026,41.89,41.89,40.39,40.56,41.76,501707,204.71,3576,357756.0,76.21
DCW, 11-Sep-2026,46.5,46.86,45.75,46.63,47.06,839230,388.37,5311,306908.0,42.96
DCXINDIA, 11-Sep-2026,166.1,167.8,163.55,166.63,167.56,315264,522.14,6004,135541.0,48.38
DDEVPLSTIK, 11-Sep-2026,256.0,260.4,249.7,256.8,256.0,169491,431.67,3996,69656.0,48.4
DECCANCE, 11-Sep-2026,566.8,625.75,563.0,573.7,571.75,161187,958.35,7822,51131.0,33.48
DECNGOLD, 11-Sep-2026,225.41,236.8,222.13,229.73,225.88,3107818,7149.64,41822,1014692.0,36.32
DEEDEV, 11-Sep-2026,645.0,652.95,632.8,639.35,653.45,184000,1178.86,11324,98206.0,60.09
DEEM, 11-Sep-2026,41.95,41.95,41.95,41.95,42.0,1000,0.42,1,1000.0,100.0
DEEP, 11-Sep-2026,41.38,49.17,40.11,46.08,40.98,446458,206.47,3575,143042.0,33.91
DEEPA, 11-Sep-2026,194.0,194.25,185.0,185.86,196.04,3500638,6645.11,37846,1049138.0,35.13
DEEPAKFERT, 11-Sep-2026,1335.6,1341.3,1316.0,1320.4,1335.6,147816,1958.17,15699,66980.0,50.13
DEEPAKNTR, 11-Sep-2026,1634.0,1635.1,1583.2,1587.8,1645.8,323567,5173.57,25941,162983.0,59.27
DEEPINDS, 11-Sep-2026,784.9,795.5,760.0,774.4,782.8,513815,3986.58,27900,186525.0,39.49
DEFENCE, 11-Sep-2026,82.35,82.35,81.09,81.92,82.35,297659,243.25,981,62618.0,32.13
DELAPLEX, 11-Sep-2026,103.15,105.8,101.5,101.5,107.0,3000,3.12,5,1800.0,75.0
DELHIVERY, 11-Sep-2026,445.35,447.4,434.85,439.0,447.7,1047933,4595.26,25126,468270.0,48.12
DELTACORP, 11-Sep-2026,54.0,55.4,53.1,54.15,54.34,1394247,751.63,10962,593751.0,48.14
DELTAMAGNT, 11-Sep-2026,57.39,57.5,55.85,55.87,56.82,665,0.38,10,319.0,47.97
DELTIC, 11-Sep-2026,33.05,34.75,33.05,33.55,34.25,7000,2.36,7,4000.0,66.67
DEN, 11-Sep-2026,27.13,27.13,26.5,26.98,27.05,264336,70.81,1239,155684.0,68.96
DENEERS, 11-Sep-2026,169.0,169.25,166.3,168.0,168.85,14400,24.22,24,7800.0,54.17
DENORA, 11-Sep-2026,802.05,814.2,766.0,798.45,802.05,6410,50.11,834,3740.0,65.64
DENTA, 11-Sep-2026,285.1,291.6,280.25,287.75,287.45,91603,260.18,2645,35721.0,50.86
DENTALKART, 11-Sep-2026,383.0,400.0,383.0,390.0,390.0,11750,46.04,40,7000.0,68.29
DEVIT, 11-Sep-2026,24.75,25.0,23.82,24.18,23.97,37864,9.24,304,23250.0,69.48
DEVX, 11-Sep-2026,32.88,34.2,32.57,34.05,32.99,150339,50.42,601,111408.0,87.1
DEVYANI, 11-Sep-2026,135.0,138.4,133.75,137.97,135.92,2136370,2933.0,36333,1081294.0,58.49
DGCONTENT, 11-Sep-2026,23.89,24.68,23.88,24.12,24.09,3681,0.89,72,2549.0,81.28
DHAMPURSUG, 11-Sep-2026,167.1,168.35,162.0,163.59,166.33,644277,1060.08,10223,196501.0,39.09
DHANBANK, 11-Sep-2026,30.68,31.5,30.15,31.15,30.73,372461,114.48,1878,170893.0,66.0
DHANLAXMI, 11-Sep-2026,23.6,23.6,23.6,23.6,23.6,4000,0.94,2,4000.0,100.0
DHANSA, 11-Sep-2026,35.45,35.75,35.45,35.75,34.05,26000,9.28,11,24000.0,92.31
DHANUKA, 11-Sep-2026,979.7,989.65,965.0,980.0,979.7,21689,211.91,1836,8473.0,49.53
DHARARAIL, 11-Sep-2026,142.0,150.15,142.0,149.0,143.0,19000,27.92,14,15000.0,83.33
DHARIWAL, 11-Sep-2026,29.5,29.6,27.6,27.75,29.05,405000,114.09,115,219000.0,59.84
DHARMAJ, 11-Sep-2026,270.0,271.0,262.8,269.35,270.0,58585,157.26,1739,26573.0,62.14
DHATRE, 11-Sep-2026,4.24,4.4,4.2,4.31,4.14,25752,1.1,221,20208.0,82.94
DHOOTTRANS, 11-Sep-2026,1552.0,1728.7,1531.5,1728.7,1571.6,5862704,96960.39,244227,1481302.0,25.32
DHRUV, 11-Sep-2026,23.48,23.48,21.66,21.84,22.79,16609,3.64,127,14943.0,91.44
DHTL, 11-Sep-2026,32.55,32.55,32.5,32.5,34.2,11200,3.64,6,10400.0,92.86
DHUNINV, 11-Sep-2026,982.1,1007.65,980.2,995.0,991.5,304,3.01,64,213.0,71.72
DIAMINESQ, 11-Sep-2026,251.01,259.0,251.0,258.27,258.09,2539,6.5,176,1535.0,68.74
DIAMONDYD, 11-Sep-2026,1108.5,1110.0,1093.0,1108.4,1115.6,6366,70.13,724,3274.0,55.06
DICIND, 11-Sep-2026,602.0,619.75,600.0,602.1,601.25,2447,14.84,119,1060.0,78.58
DIFFNKG, 11-Sep-2026,448.55,459.95,442.0,449.5,449.55,124277,559.32,5962,47297.0,42.03
DIGIDRIVE, 11-Sep-2026,17.5,17.5,17.1,17.15,17.47,11469,1.97,124,9130.0,99.76
DIGIKORE, 11-Sep-2026,37.75,38.55,37.75,38.05,38.15,6800,2.59,14,4400.0,73.33
DIGISPICE, 11-Sep-2026,17.0,17.35,16.21,16.87,16.53,141198,24.11,625,104720.0,76.61
DIGITIDE, 11-Sep-2026,88.47,90.31,86.25,88.75,88.28,238604,210.63,2567,97877.0,46.49
DIGJAMLMTD, 11-Sep-2026,64.5,73.19,61.84,68.42,61.84,1282661,874.18,11080,486728.0,39.43
DISAQ, 11-Sep-2026,11845.0,11962.0,11623.0,11688.0,11849.0,280,32.98,202,132.0,50.77
DISHTV, 11-Sep-2026,2.38,2.5,2.33,2.5,2.39,1281496,31.24,1145,758723.0,59.79
DIVGIITTS, 11-Sep-2026,1168.0,1215.0,1146.1,1188.3,1171.3,136129,1613.94,13577,53849.0,42.74
DIVIDEND, 11-Sep-2026,35.17,35.17,34.77,34.86,35.0,4455,1.55,91,3154.0,91.29
DIVINEHIRA, 11-Sep-2026,115.0,115.0,112.4,112.4,112.65,2400,2.73,2,2400.0,100.0
DIVISLAB, 11-Sep-2026,9370.0,9415.0,9310.5,9322.0,9438.5,516756,48335.07,39876,362629.0,75.46
DIVOPPBEES, 11-Sep-2026,75.02,75.41,74.4,74.92,75.31,32493,24.33,753,19551.0,64.94
DIXON, 11-Sep-2026,13300.0,13490.0,12980.0,13425.0,13500.0,549928,72836.93,80302,235243.0,45.45
DJML, 11-Sep-2026,83.0,83.0,80.11,82.39,81.75,53632,43.66,828,32164.0,63.47
DKEGL, 11-Sep-2026,63.95,70.9,63.9,69.0,73.0,10500,7.03,6,4500.0,100.0
DLF, 11-Sep-2026,650.0,651.4,630.0,644.5,655.85,4502321,28728.16,60532,1805204.0,46.21
DLINKINDIA, 11-Sep-2026,433.8,437.2,428.85,434.25,433.8,42937,185.18,2239,22591.0,58.17
DMART, 11-Sep-2026,3677.8,3706.2,3650.0,3688.0,3690.0,710188,26091.1,39044,411932.0,64.45
DMCC, 11-Sep-2026,292.8,292.8,284.55,287.55,291.95,79664,228.82,2008,47686.0,61.58
DNAMEDIA, 11-Sep-2026,2.48,2.56,2.45,2.51,2.48,18152,0.45,111,16651.0,93.93
DODLA, 11-Sep-2026,1090.1,1103.3,1068.1,1090.8,1090.1,20513,222.56,2727,7446.0,50.47
DOLATALGO, 11-Sep-2026,68.93,69.98,68.02,69.32,69.77,89632,61.61,1131,45350.0,59.45
DOLLAR, 11-Sep-2026,270.0,276.9,265.6,273.55,271.8,119178,325.03,3735,59217.0,55.17
DOLLEX, 11-Sep-2026,35.0,38.95,35.0,38.45,39.05,215183,80.66,1165,125549.0,60.44
DOLPHIN, 11-Sep-2026,650.05,668.7,627.2,649.0,654.0,66808,432.65,3439,19995.0,35.14
DOMS, 11-Sep-2026,2151.0,2165.1,2110.0,2121.0,2165.6,28530,608.14,7319,11786.0,47.62
DONEAR, 11-Sep-2026,85.21,85.99,84.01,85.03,85.21,13507,11.48,199,11626.0,92.96
DPABHUSHAN, 11-Sep-2026,1369.9,1369.9,1325.4,1340.6,1369.3,23180,311.31,2008,10041.0,52.75
DPEL, 11-Sep-2026,645.0,645.05,631.0,634.95,641.9,63000,401.48,102,33000.0,54.1
DRAGARWQ, 11-Sep-2026,5252.0,5350.5,5252.0,5306.5,5306.0,976,51.8,284,734.0,82.94
DRCSYSTEMS, 11-Sep-2026,12.9,12.98,12.63,12.92,12.86,26002,3.34,224,19132.0,78.28
DREAMFOLKS, 11-Sep-2026,66.6,66.99,65.27,66.12,67.12,37033,24.46,751,20862.0,67.49
DREDGECORP, 11-Sep-2026,1025.5,1046.0,1009.1,1039.7,1030.7,59951,617.29,6259,24281.0,45.13
DRONE, 11-Sep-2026,33.0,34.65,32.6,33.5,33.4,19000,6.38,32,12500.0,67.57
DRREDDY, 11-Sep-2026,1130.0,1182.0,1130.0,1165.5,1143.0,2403285,28048.27,114294,802205.0,38.16
DSSL, 11-Sep-2026,1030.0,1080.0,1015.3,1059.1,1032.2,32122,339.99,3227,16663.0,58.41
DUCOL, 11-Sep-2026,127.7,128.0,127.0,127.65,126.55,7200,9.18,9,4800.0,100.0
DUCON, 11-Sep-2026,1.81,1.81,1.75,1.78,1.78,760655,13.58,531,452629.0,63.84
DUGLOBAL, 11-Sep-2026,23.2,23.75,23.2,23.75,21.7,15000,3.54,6,15000.0,100.0
DURLAX, 11-Sep-2026,60.0,63.45,59.55,60.95,61.45,88000,53.71,40,50000.0,69.44
DVL, 11-Sep-2026,286.7,290.0,282.45,286.2,285.1,8642,24.62,303,3369.0,54.75
DWARKESH, 11-Sep-2026,45.65,47.45,44.52,44.74,45.78,4383063,2002.94,17557,916692.0,23.1
DYCL, 11-Sep-2026,452.1,462.3,442.05,455.45,454.65,397841,1806.37,13744,123216.0,35.81
DYNAMATECH, 11-Sep-2026,11463.0,12300.0,11250.0,12097.0,11543.0,62178,7451.09,18196,20270.0,34.59
DYNAMIC, 11-Sep-2026,141.0,141.0,135.6,139.9,142.65,14000,19.18,23,13500.0,100.0
DYNPRO, 11-Sep-2026,235.0,235.0,231.0,232.18,237.05,10634,24.74,277,7798.0,87.8
E2ERAIL, 11-Sep-2026,356.0,372.0,343.0,351.85,363.6,176800,628.99,160,63200.0,37.26
EASEMYTRIP, 11-Sep-2026,5.8,5.94,5.74,5.83,5.79,17129400,999.48,9347,5683947.0,36.52
EASTWEST, 11-Sep-2026,2.36,2.38,2.29,2.36,2.34,26955,0.64,126,21011.0,94.79
EBANK10, 11-Sep-2026,16.41,16.45,16.18,16.45,16.25,6818,1.11,17,6128.0,89.95
EBANKNIFTY, 11-Sep-2026,57.01,57.25,56.25,56.94,57.06,2370,1.34,32,1540.0,98.34
EBBETF0430, 11-Sep-2026,1604.14,1616.98,1604.14,1608.01,1612.2,34294,551.5,336,1878.0,76.75
EBBETF0431, 11-Sep-2026,1444.39,1444.39,1432.01,1432.97,1439.23,6760,96.88,90,2235.0,89.4
EBBETF0433, 11-Sep-2026,1309.17,1311.97,1307.0,1308.54,1309.17,1418,18.56,83,1005.0,76.66
EBGNG, 11-Sep-2026,671.0,686.75,666.1,679.65,677.95,518414,3519.19,18882,162260.0,34.74
ECAPINSURE, 11-Sep-2026,23.25,23.39,23.02,23.35,23.28,35535,8.23,372,28772.0,84.08
ECLERX, 11-Sep-2026,1875.0,1917.0,1864.2,1899.6,1899.8,107578,2038.23,15973,47293.0,55.77
ECOLINE, 11-Sep-2026,171.0,171.0,165.0,167.5,171.0,17000,28.64,17,11000.0,84.62
ECORECO, 11-Sep-2026,440.0,441.0,423.05,435.5,437.25,8801,38.22,855,5453.0,69.14
ECOSMOBLTY, 11-Sep-2026,111.0,112.98,109.82,111.68,111.73,36406,40.37,897,17046.0,61.04
EDELWEISS, 11-Sep-2026,134.0,134.98,130.3,132.43,136.74,9724312,12907.7,62222,2621173.0,42.42
EEPL, 11-Sep-2026,136.25,139.0,130.15,133.05,136.25,30000,40.39,25,24000.0,88.89
EFACTOR, 11-Sep-2026,167.0,167.0,166.0,166.0,170.85,800,1.33,2,800.0,100.0
EFCIL, 11-Sep-2026,187.99,187.99,184.0,185.18,188.04,85983,159.67,1991,37139.0,61.58
EFFWA, 11-Sep-2026,369.0,378.95,369.0,374.95,371.65,20000,74.98,41,10800.0,77.14
EFORCE, 11-Sep-2026,19.4,20.65,19.4,19.5,19.4,13200,2.64,11,10800.0,81.82
EGOLD, 11-Sep-2026,151.6,151.9,150.0,151.05,152.6,86655,130.42,598,57548.0,75.72
EICHERMOT, 11-Sep-2026,7600.0,7633.0,7530.0,7530.0,7697.0,444280,33683.72,42622,205609.0,62.66
EIDPARRY, 11-Sep-2026,733.35,733.35,719.0,721.05,733.95,326581,2359.64,17218,128513.0,50.21
EIEL, 11-Sep-2026,209.0,209.0,202.09,207.11,211.65,1550750,3178.0,18737,547360.0,39.09
EIHAHOTELS, 11-Sep-2026,293.2,293.2,284.6,287.45,291.55,15104,43.56,977,4695.0,46.5
EIHOTEL, 11-Sep-2026,283.9,287.5,281.6,286.45,285.05,104848,298.66,4402,47632.0,58.08
EIMCOELECO, 11-Sep-2026,2279.0,2335.0,2255.4,2325.5,2291.4,27993,646.03,3268,13351.0,57.32
EKC, 11-Sep-2026,101.41,102.61,100.0,101.8,102.39,101748,103.12,2104,52512.0,57.4
EKI, 11-Sep-2026,70.11,71.9,68.13,69.28,70.73,14683,10.29,411,7689.0,62.26
ELANTAS, 11-Sep-2026,13397.0,14769.0,13162.0,14513.0,13397.0,23985,3442.34,11737,3215.0,14.55
ELCIDIN, 11-Sep-2026,105000.0,107000.0,105000.0,106850.0,106400.0,6,6.35,6,6.0,100.0
ELDEHSG, 11-Sep-2026,782.0,795.9,780.0,783.5,781.6,367,2.87,50,252.0,70.19
ELECON, 11-Sep-2026,418.0,426.0,412.1,422.1,420.5,298340,1252.05,11387,106397.0,40.54
ELECTCAST, 11-Sep-2026,79.79,79.79,76.5,77.62,79.86,1640745,1270.36,13160,692734.0,46.07
ELECTHERM, 11-Sep-2026,943.0,972.0,934.65,956.3,943.0,225365,2145.2,674,119424.0,96.89
ELGIEQUIP, 11-Sep-2026,621.15,627.6,610.65,617.7,621.6,335930,2082.62,21873,147420.0,47.47
ELGIRUBCO, 11-Sep-2026,61.0,61.0,57.2,58.48,59.87,38468,22.67,473,16219.0,63.77
ELGNZ, 11-Sep-2026,85.0,87.0,84.25,85.35,85.65,24000,20.5,22,10000.0,58.82
ELIN, 11-Sep-2026,93.11,93.11,90.5,90.96,92.62,159232,145.64,2155,89146.0,61.75
ELIQUID, 11-Sep-2026,1047.93,1047.93,1047.59,1047.59,1047.09,49832,522.04,26,43326.0,99.26
ELITECON, 11-Sep-2026,7.97,8.19,7.96,8.18,7.8,13024169,1061.47,12129,6365977.0,57.57
ELLEN, 11-Sep-2026,373.0,384.0,366.1,380.2,373.5,1713956,6417.74,34339,618624.0,40.18
ELM250, 11-Sep-2026,16.22,16.65,16.18,16.31,16.3,123028,20.01,282,79596.0,73.84
ELMDIV, 11-Sep-2026,36.14,36.45,35.6,36.26,35.81,1154,0.41,12,116.0,11.52
ELPROINTL, 11-Sep-2026,173.4,174.74,172.8,173.24,173.76,10781,18.7,318,7693.0,84.27
EMAMILTD, 11-Sep-2026,370.0,370.0,363.0,363.8,370.85,801488,2927.87,29463,389334.0,64.42
EMAMIREAL, 11-Sep-2026,72.31,74.5,69.16,69.8,72.31,14904,10.58,258,9559.0,89.09
EMAPARTNER, 11-Sep-2026,80.0,83.0,80.0,82.7,80.0,14000,11.39,11,13000.0,92.86
EMBASSY, 11-Sep-2026,440.0,442.0,437.01,439.07,438.98,417287,1831.03,16108,299748.0,87.43
EMBDL, 11-Sep-2026,57.31,57.32,55.04,55.28,57.6,2777678,1542.69,11815,1330054.0,52.41
EMCURE, 11-Sep-2026,1965.0,1999.0,1948.2,1978.9,1962.8,122389,2418.36,17203,45032.0,40.7
EMETAL, 11-Sep-2026,13.49,13.49,12.87,13.06,13.49,66044,8.57,107,19055.0,31.43
EMIL, 11-Sep-2026,191.85,192.97,185.5,188.38,191.82,2336802,4396.7,31205,969449.0,47.52
EMKAY, 11-Sep-2026,248.0,253.8,242.4,250.9,249.2,16946,42.31,637,11109.0,69.36
EMKAYTOOLS, 11-Sep-2026,94.5,94.5,94.5,94.5,94.8,150,0.14,1,150.0,100.0
EMMIL, 11-Sep-2026,118.2,120.0,116.3,119.95,120.0,10250,12.22,32,9000.0,87.8
EMMVEE, 11-Sep-2026,342.65,348.2,332.9,346.0,342.65,3747104,12844.49,59817,1204075.0,34.61
EMPIND, 11-Sep-2026,1052.3,1062.9,1050.1,1054.0,1062.5,2614,27.54,235,1986.0,80.96
EMPOWER, 11-Sep-2026,2.23,2.29,2.23,2.28,2.19,25714397,586.85,6763,13328779.0,56.25
EMSLIMITED, 11-Sep-2026,385.55,387.95,379.5,383.1,391.4,170750,653.0,4722,67164.0,46.06
EMUDHRA, 11-Sep-2026,492.0,498.1,489.0,494.05,497.9,146792,725.23,4628,81843.0,64.01
EMULTIMQ, 11-Sep-2026,42.1,42.1,41.32,41.85,42.1,14210,5.92,196,12608.0,90.33
ENCOMPAS, 11-Sep-2026,261.0,261.0,259.5,259.5,259.0,800,2.08,2,800.0,100.0
ENDURANCE, 11-Sep-2026,2700.0,2733.3,2678.0,2692.6,2715.9,56131,1515.26,10461,23437.0,54.98
ENERGY, 11-Sep-2026,38.97,38.97,38.15,38.3,38.42,465300,178.15,1054,353904.0,78.59
ENERGYAXIS, 11-Sep-2026,19.51,19.51,18.97,19.06,19.18,14940,2.85,73,10878.0,72.81
ENERGYDEV, 11-Sep-2026,15.27,15.39,14.62,14.92,15.12,20713,3.08,268,14967.0,82.71
ENEXT50, 11-Sep-2026,71.03,72.73,70.94,72.21,72.1,1951,1.39,14,1585.0,81.24
ENGINERSIN, 11-Sep-2026,270.6,272.25,267.1,268.95,272.05,1652427,4447.07,26731,642512.0,50.15
ENIFTY, 11-Sep-2026,24.2,24.2,23.34,23.63,23.61,62822,14.88,59,38014.0,60.64
ENIL, 11-Sep-2026,101.68,102.0,99.02,101.24,101.74,8264,8.32,239,4283.0,64.16
ENKEIWHEL, 11-Sep-2026,397.4,406.6,380.4,399.0,392.2,2634,10.48,79,2308.0,89.7
ENRIN, 11-Sep-2026,3167.0,3191.0,3124.0,3181.3,3179.1,209741,6640.69,32168,93351.0,50.35
ENSER, 11-Sep-2026,15.5,15.5,15.15,15.15,14.8,40000,6.14,8,40000.0,100.0
ENTERO, 11-Sep-2026,1792.9,1840.4,1792.9,1815.4,1792.9,98792,1795.46,12330,37915.0,43.77
ENVIRO, 11-Sep-2026,71.5,71.5,67.0,68.25,69.4,24000,16.41,23,18000.0,81.82
EPACK, 11-Sep-2026,186.5,187.85,184.0,185.15,188.14,281411,520.57,5227,130084.0,52.91
EPACKPEB, 11-Sep-2026,236.0,242.49,229.41,240.44,239.03,1131348,2678.51,17740,327922.0,31.67
EPIGRAL, 11-Sep-2026,1155.9,1155.9,1117.0,1131.1,1149.8,22425,253.18,2478,12116.0,60.36
EPL, 11-Sep-2026,244.7,244.7,237.7,239.3,245.25,2253374,5424.14,31112,1102947.0,54.37
EPWINDIA, 11-Sep-2026,260.0,260.0,255.0,255.0,255.05,2400,6.18,2,2400.0,100.0
EQUAL200, 11-Sep-2026,13.52,13.61,13.48,13.59,13.64,99106,13.46,77,19760.0,93.63
EQUAL50, 11-Sep-2026,328.12,328.12,321.41,324.09,324.87,81887,264.25,126,40171.0,49.83
EQUAL50ADD, 11-Sep-2026,334.1,335.2,332.11,334.19,335.86,32089,106.95,362,24035.0,77.26
EQUITASBNK, 11-Sep-2026,71.71,73.75,71.3,73.15,72.63,1535970,1115.88,11745,684498.0,64.19
ERIS, 11-Sep-2026,1356.6,1362.0,1335.1,1355.5,1356.6,24968,337.74,3216,11308.0,48.19
ESABINDIA, 11-Sep-2026,5880.5,5915.0,5740.0,5884.0,5824.0,4246,247.08,1719,2062.0,54.87
ESCONET, 11-Sep-2026,250.0,252.0,240.0,249.5,252.6,35600,87.9,63,30800.0,91.67
ESCORTS, 11-Sep-2026,2930.0,2949.6,2884.9,2899.7,2958.4,42588,1236.22,11373,21052.0,61.64
ESDS, 11-Sep-2026,1600.0,1740.4,1582.7,1740.4,1582.2,7498763,127428.45,242181,1254473.0,17.87
ESENSEX, 11-Sep-2026,75.19,75.62,74.88,75.52,75.45,1600,1.2,39,1158.0,72.42
ESFL, 11-Sep-2026,115.15,120.6,113.65,119.95,115.4,11160,13.23,29,7200.0,68.97
ESG, 11-Sep-2026,39.99,40.34,39.95,40.18,40.18,31838,12.79,66,2529.0,91.66
ESILVER, 11-Sep-2026,228.0,228.0,223.46,226.52,233.29,44105,99.8,1126,10560.0,45.87
ESSARSHPNG, 11-Sep-2026,16.1,16.38,15.91,16.31,16.1,92645,14.95,555,50846.0,65.81
ESSENTIA, 11-Sep-2026,1.07,1.07,1.04,1.06,1.06,1743261,18.44,637,931552.0,60.38
ESTER, 11-Sep-2026,89.23,90.48,89.12,89.89,90.54,32880,29.5,863,16883.0,63.89
ETERNAL, 11-Sep-2026,317.95,324.8,316.05,323.5,322.1,22712054,72862.13,104847,11476840.0,57.46
ETHOSLTD, 11-Sep-2026,2654.0,2668.0,2612.5,2635.4,2687.4,52075,1378.09,9828,29626.0,57.95
ETML, 11-Sep-2026,80.75,80.75,80.75,80.75,81.35,2400,1.94,2,2400.0,100.0
EUREKAFORB, 11-Sep-2026,395.0,402.0,388.6,394.15,397.35,141916,560.82,6827,49720.0,58.06
EUROBOND, 11-Sep-2026,154.0,155.0,148.05,150.46,150.0,3318,5.0,61,2598.0,78.85
EUROPRATIK, 11-Sep-2026,243.0,255.3,238.1,245.7,247.75,196361,480.55,4256,47652.0,25.71
EVEREADY, 11-Sep-2026,366.2,368.9,355.7,363.0,366.2,205568,743.25,5778,81064.0,42.31
EVIETF, 11-Sep-2026,32.11,32.15,31.7,31.97,32.14,220571,70.45,787,96530.0,44.6
EVINDIA, 11-Sep-2026,32.77,32.77,31.71,31.99,32.13,214172,68.34,2003,139137.0,74.38
EXCELINDUS, 11-Sep-2026,995.0,995.0,961.2,980.8,992.6,11159,109.02,1712,6390.0,59.77
EXCELSOFT, 11-Sep-2026,80.81,81.84,79.26,81.03,80.08,2108387,1706.29,13998,566345.0,32.63
EXICOM, 11-Sep-2026,175.65,183.5,172.17,182.28,176.73,1693706,3039.43,18182,482955.0,32.09
EXIDEIND, 11-Sep-2026,418.25,418.45,411.45,412.65,420.85,1294606,5357.31,33968,561032.0,49.78
EXIMROUTES, 11-Sep-2026,107.95,107.95,106.0,106.9,109.0,11200,11.98,4,800.0,100.0
EXPLEOSOL, 11-Sep-2026,883.0,892.95,873.2,889.5,883.8,9546,84.5,1439,4725.0,59.07
EXXARO, 11-Sep-2026,6.54,6.54,6.28,6.38,6.37,206060,13.08,662,144295.0,75.07
FABTECH, 11-Sep-2026,146.0,148.35,146.0,147.02,147.42,80611,118.3,1093,40446.0,54.18
FACT, 11-Sep-2026,781.95,782.5,775.2,779.6,789.95,61387,478.09,4241,19727.0,39.4
FASCINATE, 11-Sep-2026,55.3,55.3,53.15,53.15,55.9,374400,199.04,84,348000.0,93.55
FAZE3Q, 11-Sep-2026,484.3,498.9,474.05,489.45,486.4,13163,63.97,817,5519.0,48.63
FCL, 11-Sep-2026,58.36,59.14,56.53,57.72,58.71,23377217,13487.56,61121,5500854.0,25.42
FCSSOFT, 11-Sep-2026,1.42,1.46,1.4,1.44,1.41,2063349,29.54,1106,1239165.0,68.89
FDC, 11-Sep-2026,344.0,344.8,339.0,341.45,345.35,136483,466.6,6598,86298.0,68.83
FEDDERSHOL, 11-Sep-2026,48.5,49.32,48.5,48.51,48.42,1182463,575.61,2540,122190.0,11.0
FEDERALBNK, 11-Sep-2026,343.0,345.3,341.15,344.5,346.0,3188640,10951.58,36376,1478750.0,56.28
FEDFINA, 11-Sep-2026,156.36,159.49,155.78,158.53,158.88,777351,1228.24,10838,393166.0,56.0
FELIX, 11-Sep-2026,210.1,219.2,203.95,216.3,220.45,112000,239.15,150,57000.0,53.77
FERMENTA, 11-Sep-2026,484.0,484.0,471.0,474.65,483.65,53319,253.75,3650,25716.0,60.31
FIBERWEB, 11-Sep-2026,26.89,27.94,25.46,27.1,26.98,53439,14.3,399,34521.0,68.82
FIDEL, 11-Sep-2026,146.0,156.0,144.8,154.0,139.75,43000,64.26,40,33000.0,78.57
FIEMIND, 11-Sep-2026,1973.0,2029.0,1947.9,2009.5,1986.8,52734,1049.88,9604,24901.0,50.55
FILATEX, 11-Sep-2026,76.0,90.9,74.27,87.41,76.25,38898608,32868.07,204403,4980653.0,14.15
FILATFASH, 11-Sep-2026,0.18,0.19,0.17,0.18,0.18,24532367,43.88,2220,15284409.0,67.82
FINBUD, 11-Sep-2026,127.5,129.95,127.25,128.55,130.9,8000,10.3,8,4000.0,57.14
FINCABLES, 11-Sep-2026,1406.4,1498.0,1340.1,1424.0,1418.4,3358636,48173.02,132140,554360.0,17.29
FINEORG, 11-Sep-2026,5156.0,5180.5,5056.5,5167.5,5156.0,16852,862.64,5603,8752.0,58.8
FINIETF, 11-Sep-2026,33.16,33.16,31.81,32.4,32.36,255467,82.06,1478,136548.0,57.94
FINKURVE, 11-Sep-2026,67.08,74.92,66.16,72.49,66.73,794258,565.81,12490,203518.0,28.43
FINOPB, 11-Sep-2026,140.5,141.78,137.21,139.83,139.95,229846,319.61,3056,82274.0,42.01
FINPIPE, 11-Sep-2026,155.1,155.77,152.9,153.45,157.08,316277,486.19,10241,143435.0,52.18
FIRSTCRY, 11-Sep-2026,170.0,170.05,166.95,168.83,171.38,749261,1260.8,13121,322928.0,48.71
FISCHER, 11-Sep-2026,35.29,36.14,33.68,35.87,34.9,580113,205.95,2322,258857.0,51.28
FIVESTAR, 11-Sep-2026,525.75,556.85,521.0,551.05,530.65,1960216,10761.44,62013,524228.0,29.12
FLAIR, 11-Sep-2026,234.86,238.43,234.01,236.08,238.54,71616,169.45,1664,27089.0,47.44
FLEXIADD, 11-Sep-2026,9.79,9.83,9.68,9.77,9.79,77407,7.54,417,47560.0,74.52
FLUOROCHEM, 11-Sep-2026,4750.0,4820.0,4730.0,4773.2,4786.3,130082,6206.78,20682,61068.0,50.8
FLYSBS, 11-Sep-2026,687.0,712.0,651.0,702.65,687.4,126400,863.73,452,65600.0,56.85
FMCGADD, 11-Sep-2026,45.4,45.6,45.01,45.52,45.4,35532,16.16,161,16452.0,47.86
FMCGIETF, 11-Sep-2026,48.65,48.78,48.25,48.6,48.65,1558291,756.98,5010,975088.0,69.38
FMGOETZE, 11-Sep-2026,440.0,464.95,431.2,461.0,443.55,611438,2733.37,18305,147488.0,29.44
FMNL, 11-Sep-2026,9.14,9.59,9.02,9.43,9.15,14442,1.33,114,8120.0,63.19
FONEBOX, 11-Sep-2026,125.0,125.0,125.0,125.0,119.05,2000,2.5,2,2000.0,100.0
FOODSIN, 11-Sep-2026,55.77,55.95,54.01,55.23,56.77,93506,51.68,1974,46768.0,51.87
FORCAS, 11-Sep-2026,233.95,233.95,214.05,216.7,224.2,19200,42.02,12,11200.0,77.78
FORCEMOT, 11-Sep-2026,18000.0,18048.0,17630.0,17705.0,18175.0,65131,11562.72,19953,22197.0,37.77
FORGEAUTO, 11-Sep-2026,102.0,102.0,100.7,100.7,106.0,10800,10.94,6,9600.0,88.89
FORTIS, 11-Sep-2026,897.5,900.0,885.0,887.8,902.45,784589,7003.23,22172,283135.0,45.2
FOSECOIND, 11-Sep-2026,6231.5,6351.5,6100.0,6194.5,6194.0,9080,566.72,2945,3069.0,37.67
FRACTAL, 11-Sep-2026,766.65,781.1,759.1,764.45,766.65,662525,5090.86,18058,482361.0,77.94
FREDUN, 11-Sep-2026,1450.0,1450.0,1400.0,1412.2,1461.2,25210,356.97,3386,10520.0,49.45
FRESHARA, 11-Sep-2026,476.0,490.0,476.0,485.0,486.4,29400,142.01,44,25200.0,89.36
FROG, 11-Sep-2026,256.05,267.65,251.1,263.1,263.05,20400,52.85,36,16800.0,91.3
FRONTSP, 11-Sep-2026,1255.0,1255.0,1231.0,1240.0,1255.0,10679,132.5,1565,4964.0,55.12
FSL, 11-Sep-2026,250.85,251.0,246.65,247.6,251.35,557943,1388.49,25240,171921.0,38.06
FUSION, 11-Sep-2026,189.15,193.45,184.42,189.72,190.68,1012761,1920.71,13661,360112.0,53.15
FWSTC, 11-Sep-2026,185.0,185.0,185.0,185.0,191.0,600,1.11,1,600.0,100.0
GABRIEL, 11-Sep-2026,1326.3,1369.3,1314.1,1346.4,1338.7,116059,1560.7,11605,36751.0,33.96
GAEL, 11-Sep-2026,162.4,164.45,160.91,163.08,164.8,569293,925.91,12356,257384.0,52.89
GAIL, 11-Sep-2026,173.5,175.18,173.01,173.62,174.49,6770227,11801.41,36751,4216509.0,70.78
GAJA, 11-Sep-2026,155.0,155.2,151.0,152.6,155.33,695770,1062.0,7632,300323.0,53.28
GAJANAND, 11-Sep-2026,8.25,8.25,8.25,8.25,8.5,3000,0.25,1,3000.0,100.0
GALAPREC, 11-Sep-2026,1027.0,1043.5,1013.4,1031.0,1038.0,26357,270.61,2481,10717.0,56.8
GALAXYSURF, 11-Sep-2026,2247.4,2248.7,2172.0,2187.3,2247.4,24175,530.62,4196,11506.0,53.38
GALLANTT, 11-Sep-2026,550.0,550.0,541.3,546.4,553.25,45220,246.37,3866,18819.0,53.04
GANDHAR, 11-Sep-2026,271.3,274.95,266.55,272.7,271.3,748277,2033.18,13435,304110.0,46.9
GANDHITUBE, 11-Sep-2026,899.3,899.3,886.0,887.75,899.3,3500,31.1,138,3001.0,91.11
GANECOS, 11-Sep-2026,1031.0,1037.9,1008.4,1013.3,1048.6,60954,621.42,5255,26855.0,49.3
GANESHCP, 11-Sep-2026,166.98,169.49,165.25,167.36,166.98,278416,467.18,2968,224756.0,87.68
GANESHHOU, 11-Sep-2026,765.45,771.6,752.4,763.4,772.95,25527,193.99,2150,12404.0,58.17
GANESHIN, 11-Sep-2026,98.4,102.0,97.2,101.55,98.85,50400,50.4,57,44000.0,90.16
GANGABATH, 11-Sep-2026,20.25,20.25,19.5,19.9,20.5,18000,3.58,6,18000.0,100.0
GANGAFORGE, 11-Sep-2026,1.63,1.63,1.55,1.58,1.6,4435014,70.09,1440,2581407.0,61.39
GANGESSECU, 11-Sep-2026,118.0,118.0,115.0,115.11,115.62,541,0.63,28,363.0,77.4
GARFIBRES, 11-Sep-2026,780.95,808.8,772.4,795.7,784.5,47380,377.12,6178,22043.0,54.49
GARUDA, 11-Sep-2026,178.4,183.7,175.25,181.9,179.29,747410,1349.18,10640,226098.0,34.51
GATEWAY, 11-Sep-2026,53.22,53.7,53.02,53.35,53.65,552261,294.39,3539,349170.0,69.18
GAYAHWS, 11-Sep-2026,1.93,1.93,1.85,1.92,1.9,113257,2.14,189,67374.0,66.06
GAYAPROJ, 11-Sep-2026,25.3,26.04,24.5,26.03,24.8,2686464,692.05,4524,1846634.0,69.21
GCHOTELS, 11-Sep-2026,95.2,101.0,94.0,100.85,96.2,43800,42.71,60,37800.0,90.0
GCSL, 11-Sep-2026,609.9,613.45,598.1,600.7,614.8,862249,5204.2,4026,69118.0,25.51
GEEKAYWIRE, 11-Sep-2026,28.62,28.84,27.26,27.83,28.62,106072,29.56,1181,44562.0,49.03
GEMAROMA, 11-Sep-2026,164.32,164.44,159.29,160.87,165.09,84214,135.4,1308,37313.0,49.94
GENCON, 11-Sep-2026,41.71,42.06,40.6,41.01,41.91,237259,97.79,893,9722.0,4.23
GENESYS, 11-Sep-2026,291.81,316.94,286.98,307.81,299.67,2809027,8553.33,47487,419945.0,15.58
GENUSPAPER, 11-Sep-2026,12.19,12.19,11.8,12.04,12.1,82560,9.94,433,50128.0,67.58
GENUSPOWER, 11-Sep-2026,324.95,326.9,320.1,323.1,326.15,1329018,4297.72,22719,611181.0,54.2
GENXAI, 11-Sep-2026,81.05,84.0,81.05,82.4,82.6,14400,11.9,12,6000.0,83.33
GEOJITFSL, 11-Sep-2026,79.34,79.74,78.0,78.6,79.47,165423,129.9,1944,77951.0,59.82
GESHIP, 11-Sep-2026,1400.0,1416.2,1389.4,1412.2,1400.2,902109,12655.58,62996,422458.0,55.01
GFLLIMITED, 11-Sep-2026,58.0,59.9,56.42,58.27,58.44,128897,74.91,2033,55265.0,50.63
GFSTEELS, 11-Sep-2026,20.95,20.95,20.95,20.95,19.96,2228,0.47,12,2113.0,94.84
GGBL, 11-Sep-2026,217.3,217.65,209.0,215.5,215.55,23700,50.34,77,12900.0,57.33
GHCL, 11-Sep-2026,424.7,424.75,420.7,421.15,424.7,114539,483.35,5614,70779.0,73.71
GHCLTEXTIL, 11-Sep-2026,131.99,134.4,129.22,130.76,132.54,509572,669.75,6295,220042.0,50.72
GICHSGFIN, 11-Sep-2026,136.0,138.7,134.72,136.84,136.12,110463,150.79,1833,29358.0,61.2
GICRE, 11-Sep-2026,342.5,351.0,340.7,349.4,343.7,670025,2324.13,16319,257284.0,49.94
GILLANDERS, 11-Sep-2026,102.0,109.5,100.0,103.58,102.37,16966,17.49,112,14667.0,94.43
GILLETTE, 11-Sep-2026,7350.0,7350.0,7290.0,7307.0,7385.5,8784,641.6,3154,4991.0,66.04
GILT10BETA, 11-Sep-2026,26.78,26.78,26.27,26.28,26.71,1075,0.29,12,1074.0,100.0
GILT5BETA, 11-Sep-2026,67.17,67.17,66.31,66.41,67.19,213,0.14,7,166.0,79.81
GILT5YBEES, 11-Sep-2026,66.3,66.3,66.05,66.16,66.28,139072,92.05,434,68530.0,52.33
GIPCL, 11-Sep-2026,196.5,204.0,195.01,199.72,201.3,428319,850.29,8049,187367.0,51.94
GIRIRAJ, 11-Sep-2026,82.95,84.5,82.0,84.5,80.5,6250,5.2,13,6000.0,100.0
GKB, 11-Sep-2026,65.0,67.0,63.51,64.79,65.09,2674,1.73,47,1917.0,92.79
GKENERGY, 11-Sep-2026,127.0,128.31,125.3,127.85,128.01,215251,272.48,2417,101551.0,58.11
GKSL, 11-Sep-2026,174.35,176.45,170.0,171.09,173.22,120195,206.38,2648,31169.0,46.72
GKWLIMITED, 11-Sep-2026,1540.8,1591.8,1540.8,1584.8,1556.3,248,3.91,27,238.0,95.97
GLAND, 11-Sep-2026,2940.0,2950.1,2882.0,2922.3,2946.9,389004,11347.46,43663,184335.0,52.71
GLAXO, 11-Sep-2026,2840.9,2863.5,2793.9,2828.4,2840.9,38428,1086.78,6249,12463.0,42.4
GLENMARK, 11-Sep-2026,2411.2,2431.9,2384.1,2419.2,2415.0,346692,8371.68,34939,154001.0,55.31
GLFL, 11-Sep-2026,5.15,5.25,5.0,5.22,5.26,6271,0.32,22,5661.0,98.26
GLOBAL, 11-Sep-2026,123.0,128.0,122.0,126.91,123.56,180836,227.54,1992,73773.0,54.37
GLOBALE, 11-Sep-2026,11.25,11.39,10.87,11.38,10.85,13142,1.47,59,7448.0,81.95
GLOBALPET, 11-Sep-2026,173.0,173.0,170.55,170.55,174.65,1500,2.58,2,1500.0,100.0
GLOBALVECT, 11-Sep-2026,137.0,139.89,130.0,132.17,138.35,23069,30.84,764,15743.0,74.38
GLOBE, 11-Sep-2026,1.84,1.86,1.8,1.81,1.85,422290,7.66,384,344348.0,82.06
GLOBECIVIL, 11-Sep-2026,45.9,45.9,43.4,44.21,44.55,25780,11.43,627,7249.0,38.99
GLOBUSSPR, 11-Sep-2026,837.55,843.45,822.1,839.75,837.55,65575,546.2,4603,28942.0,49.64
GLOSTERLTD, 11-Sep-2026,590.0,605.8,581.0,583.1,599.45,1352,7.92,94,1226.0,95.26
GLOTTIS, 11-Sep-2026,58.47,59.99,57.0,59.04,58.74,43281,25.32,623,26642.0,66.48
GMBREW, 11-Sep-2026,910.0,921.95,900.5,910.9,912.5,21159,192.54,1734,11537.0,59.43
GMDCLTD, 11-Sep-2026,577.85,577.85,569.1,575.35,580.4,667017,3823.65,25665,205290.0,35.05
GML, 11-Sep-2026,17.0,17.0,16.9,16.9,16.55,12000,2.04,4,10000.0,100.0
GMMPFAUDLR, 11-Sep-2026,1327.0,1330.0,1295.6,1307.9,1319.2,261557,3421.89,24132,110212.0,52.6
GMRAIRPORT, 11-Sep-2026,96.79,97.98,95.28,97.98,97.46,7112955,6888.95,33041,2446477.0,56.83
GMRP&UI, 11-Sep-2026,95.0,95.44,93.8,94.07,96.51,549701,520.01,6256,268408.0,56.98
GNA, 11-Sep-2026,554.0,558.3,539.0,551.1,553.95,293874,1608.42,9006,136964.0,49.62
GNFC, 11-Sep-2026,564.5,565.5,559.75,562.4,570.75,310457,1745.16,10339,132238.0,59.57
GNRL, 11-Sep-2026,108.2,108.2,103.83,104.29,107.73,102693,108.41,2113,57799.0,63.8
GOACARBON, 11-Sep-2026,434.7,457.0,408.95,413.4,440.25,164355,712.74,6001,69952.0,49.06
GOCLCORP, 11-Sep-2026,431.0,446.35,426.55,441.55,432.2,203952,891.53,6631,62773.0,57.3
GOCOLORS, 11-Sep-2026,314.85,328.2,314.85,324.75,318.45,89664,287.74,3170,28226.0,39.9
GODAVARIB, 11-Sep-2026,235.6,237.9,230.82,233.65,235.82,93278,218.25,2008,29269.0,66.97
GODFRYPHLP, 11-Sep-2026,1965.8,1965.8,1921.2,1927.0,1972.0,229401,4441.13,25803,88943.0,45.17
GODIGIT, 11-Sep-2026,250.6,257.8,248.0,256.2,250.75,216275,547.61,12650,97064.0,57.47
GODREJAGRO, 11-Sep-2026,669.8,680.0,659.25,675.85,673.05,217886,1465.61,13938,112129.0,55.74
GODREJCP, 11-Sep-2026,860.0,872.6,859.0,865.0,869.9,772816,6701.26,16954,386873.0,54.54
GODREJIND, 11-Sep-2026,1115.0,1130.0,1101.1,1126.8,1122.3,46331,516.92,6541,14676.0,35.84
GODREJPROP, 11-Sep-2026,1855.0,1855.0,1719.0,1748.0,1872.0,2684348,46947.66,87301,731907.0,29.45
GOKEX, 11-Sep-2026,769.0,791.7,757.45,785.5,774.2,298288,2301.77,13953,128911.0,47.43
GOKUL, 11-Sep-2026,43.67,43.67,41.27,42.03,42.61,233417,97.42,873,77354.0,38.67
GOKULAGRO, 11-Sep-2026,225.0,228.5,221.21,226.76,226.4,329785,742.08,8812,164103.0,56.13
GOLD1, 11-Sep-2026,125.98,126.93,125.16,126.19,127.4,2448652,3090.52,9958,1126537.0,56.72
GOLD360, 11-Sep-2026,149.15,149.15,146.4,147.8,149.15,7364,10.86,270,3438.0,54.72
GOLDADD, 11-Sep-2026,14.73,14.79,14.57,14.71,14.83,11625798,1709.85,7176,8797057.0,87.83
GOLDAXIS, 11-Sep-2026,125.71,126.78,124.75,125.93,127.19,2104753,2646.31,4015,1136949.0,57.15
GOLDBEES, 11-Sep-2026,124.55,125.79,123.91,125.12,126.2,22473340,28082.16,94807,7923682.0,37.72
GOLDBETA, 11-Sep-2026,127.25,128.1,126.25,127.5,128.5,507327,645.79,2441,203222.0,62.13
GOLDBND, 11-Sep-2026,151.0,152.1,148.55,151.29,152.51,25687,38.87,168,2280.0,61.74
GOLDCASE, 11-Sep-2026,23.75,23.95,23.61,23.82,24.04,9749511,2321.94,9846,3760855.0,42.1
GOLDETF, 11-Sep-2026,146.63,147.9,145.9,147.2,148.46,1651331,2425.66,7140,820595.0,57.76
GOLDIAM, 11-Sep-2026,325.0,329.3,320.8,325.0,327.8,477957,1550.17,8714,291365.0,64.38
GOLDIETF, 11-Sep-2026,129.35,130.3,128.29,129.63,130.75,5171162,6692.79,28827,2394246.0,48.58
GOLDKART, 11-Sep-2026,107.1,107.1,107.1,107.1,102.0,625,0.67,1,625.0,100.0
GOLDSTAR, 11-Sep-2026,8.2,8.2,8.2,8.2,7.85,56250,4.61,5,45000.0,80.0
GOODLUCK, 11-Sep-2026,519.8,522.0,508.55,516.85,517.9,636725,3286.93,23679,249270.0,42.45
GOODYEAR, 11-Sep-2026,724.7,727.75,708.6,722.05,724.7,4337,31.19,498,2743.0,65.54
GOPAL, 11-Sep-2026,260.85,260.85,253.45,257.35,260.5,94401,241.42,5707,52774.0,65.25
GOYALALUM, 11-Sep-2026,6.14,6.18,5.96,6.01,6.14,118715,7.17,561,93389.0,80.11
GPECO, 11-Sep-2026,395.0,418.0,387.0,411.6,400.9,23400,94.99,93,15000.0,65.79
GPIL, 11-Sep-2026,248.61,248.79,242.5,244.45,252.23,2161543,5315.16,35145,1153898.0,55.75
GPPL, 11-Sep-2026,160.0,163.6,159.9,161.32,162.27,1544847,2501.13,22863,637807.0,52.47
GPTHEALTH, 11-Sep-2026,161.0,161.2,157.12,159.38,161.29,97541,154.93,2435,43845.0,55.15
GPTINFRA, 11-Sep-2026,112.1,113.0,111.0,112.21,113.47,59297,66.35,1014,28462.0,66.01
GRADIENTE, 11-Sep-2026,2.57,2.57,2.46,2.51,2.53,1359568,33.89,397,871830.0,70.96
GRANDOAK, 11-Sep-2026,36.16,36.16,35.04,35.16,36.88,2496,0.88,65,1242.0,65.23
GRANULES, 11-Sep-2026,895.95,914.85,881.25,909.3,899.25,7851231,70297.32,132381,4839089.0,63.58
GRAPHISAD, 11-Sep-2026,25.1,26.0,24.15,26.0,25.15,10800,2.75,8,7200.0,75.0
GRAPHITE, 11-Sep-2026,812.0,834.4,785.1,825.8,824.8,3972340,32367.62,89732,863433.0,23.65
GRASIM, 11-Sep-2026,3302.4,3302.4,3267.0,3281.9,3319.0,515990,16918.74,20830,251846.0,63.08
GRAUWEIL, 11-Sep-2026,75.9,77.1,73.74,75.6,76.48,839285,634.97,28519,371406.0,52.44
GRAVISSHO, 11-Sep-2026,37.5,42.7,36.83,42.7,35.59,433905,179.68,1653,230769.0,53.29
GRAVITA, 11-Sep-2026,1685.0,1688.0,1654.0,1668.2,1698.7,113850,1900.51,15300,44610.0,53.81
GRCL, 11-Sep-2026,590.0,590.0,570.0,577.5,562.1,1750,10.09,6,1250.0,100.0
GREAVESCOT, 11-Sep-2026,193.6,193.6,190.05,192.25,193.6,543534,1043.14,9245,204830.0,44.12
GREENCHEF, 11-Sep-2026,67.45,70.0,67.45,69.5,70.75,13600,9.38,16,8800.0,78.57
GREENLAM, 11-Sep-2026,234.4,237.78,231.11,234.63,236.39,81141,190.94,1693,46219.0,73.88
GREENLEAF, 11-Sep-2026,109.85,109.95,104.05,104.05,107.0,6000,6.54,6,5000.0,83.33
GREENPANEL, 11-Sep-2026,159.97,159.97,152.91,153.6,159.99,484400,748.49,8819,248966.0,67.7
GREENPLY, 11-Sep-2026,295.0,295.0,287.5,290.25,296.7,151520,438.97,3086,81878.0,62.57
GREENPOWER, 11-Sep-2026,9.3,9.48,9.2,9.31,9.36,1717718,159.07,4290,794176.0,50.41
GRETEX, 11-Sep-2026,214.0,215.0,214.0,215.0,225.15,1500,3.22,2,1500.0,100.0
GRINDWELL, 11-Sep-2026,1897.9,1930.0,1865.0,1885.8,1907.7,12610,236.97,3375,5854.0,58.73
GRINFRA, 11-Sep-2026,850.0,866.65,842.0,855.8,850.55,11176,95.28,1547,4536.0,55.76
GRMOVER, 11-Sep-2026,86.37,87.38,82.2,84.45,87.48,1178962,1007.45,16520,207777.0,21.08
GROBTEA, 11-Sep-2026,960.4,977.4,941.1,945.85,960.0,87,0.83,18,70.0,87.5
GROWW, 11-Sep-2026,194.7,200.91,192.6,200.24,195.84,31136422,61547.98,205159,13735026.0,54.18
GROWWCAPM, 11-Sep-2026,11.45,11.45,11.1,11.28,11.31,1047081,117.32,1623,732686.0,71.81
GROWWCHEM, 11-Sep-2026,30.15,30.15,29.6,29.87,30.05,8627115,2557.99,614,8605092.0,99.78
GROWWDEFNC, 11-Sep-2026,97.51,97.7,96.36,97.41,97.96,169687,164.59,2693,94377.0,59.69
GROWWEV, 11-Sep-2026,32.01,32.12,31.61,31.91,32.12,210189,66.84,2277,94123.0,47.16
GROWWGOLD, 11-Sep-2026,14.74,14.87,14.63,14.78,14.91,4411269,652.33,3761,2885747.0,69.91
GROWWHOSPI, 11-Sep-2026,52.53,52.89,51.96,52.32,52.65,235268,123.16,899,148915.0,65.66
GROWWLIQID, 11-Sep-2026,110.74,110.75,110.74,110.74,110.68,613864,679.8,257,493570.0,83.29
GROWWLOVOL, 11-Sep-2026,10.15,10.4,10.02,10.15,10.2,28956,2.95,142,13163.0,45.47
GROWWMC150, 11-Sep-2026,225.47,230.14,225.47,228.18,229.09,910,2.07,56,778.0,85.49
GROWWMETAL, 11-Sep-2026,12.7,12.7,12.24,12.45,12.7,889261,110.35,2013,307046.0,48.04
GROWWMOM50, 11-Sep-2026,11.23,11.23,10.89,11.02,11.09,148850,16.32,650,89705.0,66.29
GROWWN200, 11-Sep-2026,11.24,11.26,10.97,11.13,11.14,75308,8.34,305,38382.0,51.58
GROWWNET, 11-Sep-2026,10.95,11.0,10.65,10.96,10.83,3268901,356.96,763,2943536.0,95.53
GROWWNIFTY, 11-Sep-2026,9.55,9.69,9.4,9.49,9.5,1174205,111.08,3416,828113.0,74.63
GROWWNXT50, 11-Sep-2026,72.45,72.99,71.57,71.83,73.06,14536,10.48,152,5674.0,44.23
GROWWPOWER, 11-Sep-2026,11.55,11.55,11.2,11.36,11.36,13772281,1547.9,2775,11913445.0,88.44
GROWWPSE, 11-Sep-2026,99.41,99.41,96.0,98.28,98.38,3727,3.66,75,3083.0,93.45
GROWWPSUBK, 11-Sep-2026,84.35,84.38,83.11,84.03,84.45,4371,3.66,127,1621.0,37.17
GROWWRAIL, 11-Sep-2026,28.33,28.33,27.06,27.32,27.64,3297424,897.52,4267,2417208.0,74.28
GROWWRLTY, 11-Sep-2026,9.66,9.76,9.35,9.53,9.76,1492211,141.47,1282,1405076.0,94.9
GROWWSC250, 11-Sep-2026,10.66,10.68,10.5,10.64,10.66,103950,11.0,580,74119.0,87.3
GROWWSLVR, 11-Sep-2026,22.13,22.34,21.94,22.2,22.92,2935673,649.48,3242,964069.0,34.46
GRPLTD, 11-Sep-2026,1984.6,1989.8,1885.5,1925.1,1992.5,1612,31.19,213,306.0,88.18
GRSE, 11-Sep-2026,2418.0,2449.2,2359.7,2427.5,2435.3,460144,11012.03,32235,154629.0,39.49
GRWRHITECH, 11-Sep-2026,6895.5,7010.0,6772.0,6921.5,6905.0,31550,2181.46,10261,11853.0,40.6
GSEC10ADD, 11-Sep-2026,26.46,27.85,26.46,27.0,26.83,4,0.0,4,2.0,50.0
GSEC10IETF, 11-Sep-2026,264.95,265.26,262.33,262.33,262.33,3063,8.07,10,3060.0,99.93
GSEC10YEAR, 11-Sep-2026,30.55,30.55,30.49,30.49,30.61,33,0.01,11,29.0,100.0
GSEC5IETF, 11-Sep-2026,66.3,66.77,66.19,66.26,66.19,1702,1.14,36,1697.0,100.0
GSFC, 11-Sep-2026,154.91,156.8,152.85,155.95,160.38,1425671,2201.87,11871,747893.0,58.86
GSLSU, 11-Sep-2026,27.5,28.58,26.78,28.25,27.22,76411,21.39,809,41742.0,56.96
GSMFOILS, 11-Sep-2026,86.1,86.1,86.1,86.1,90.6,44000,37.88,63,42500.0,100.0
GSPCROP, 11-Sep-2026,472.0,485.4,464.95,471.25,471.75,184008,873.78,9006,67690.0,38.78
GSS, 11-Sep-2026,10.47,10.71,10.0,10.19,10.47,87837,8.99,432,44046.0,54.15
GSTL, 11-Sep-2026,10.55,10.95,10.5,10.95,11.05,22000,2.32,17,21000.0,100.0
GTL, 11-Sep-2026,7.25,7.28,7.06,7.24,7.2,227358,16.34,593,132807.0,65.06
GTLINFRA, 11-Sep-2026,1.17,1.17,1.15,1.16,1.16,19959792,231.84,9426,8992941.0,50.84
GTPL, 11-Sep-2026,59.69,60.86,59.0,59.81,59.75,58766,35.25,1030,35471.0,72.74
GUFICBIO, 11-Sep-2026,423.25,431.95,418.1,425.1,422.65,86404,366.45,3592,36292.0,53.01
GUJALKALI, 11-Sep-2026,715.5,716.05,703.55,705.0,718.75,54425,384.72,4802,25239.0,55.56
GUJAPOLLO, 11-Sep-2026,333.05,350.0,333.0,348.1,338.35,12367,42.47,311,6440.0,69.09
GUJENERGY, 11-Sep-2026,247.94,249.21,240.36,241.59,254.8,1808646,4386.41,32496,921278.0,63.33
GUJRAFFIA, 11-Sep-2026,40.51,41.9,40.5,41.72,41.17,5856,2.44,53,3475.0,63.25
GUJTHEM, 11-Sep-2026,430.0,430.0,413.6,422.65,430.1,390855,1638.38,9126,221188.0,59.79
GULFOILLUB, 11-Sep-2026,1073.0,1073.0,1010.3,1060.7,1073.0,62866,664.24,11001,30974.0,57.27
GULPOLY, 11-Sep-2026,176.4,176.62,173.0,174.84,176.68,160780,280.86,2656,80205.0,54.86
GVPIL, 11-Sep-2026,651.25,659.0,640.4,652.65,654.5,102461,666.38,4624,34943.0,41.19
GVT&D, 11-Sep-2026,4500.0,4548.1,4428.7,4548.1,4545.0,588462,26463.38,53181,228901.0,42.74
GYFTR, 11-Sep-2026,189.0,189.0,175.0,175.73,185.32,47421,85.06,673,30283.0,70.06
HAL, 11-Sep-2026,4930.0,4930.0,4875.0,4905.0,4950.0,762754,37403.86,38493,373240.0,57.15
HALDER, 11-Sep-2026,275.0,284.35,271.7,276.15,281.9,30980,87.46,189,6173.0,20.11
HALEOSLABS, 11-Sep-2026,1450.6,1500.0,1437.0,1462.5,1450.6,382,5.64,59,246.0,67.58
HAMPTON, 11-Sep-2026,8.39,8.39,8.02,8.05,8.4,6475,0.53,111,4613.0,73.53
HAPPSTMNDS, 11-Sep-2026,331.5,338.15,328.8,332.35,332.4,930766,3094.62,21738,261062.0,31.48
HAPPY, 11-Sep-2026,86.05,89.5,86.05,88.95,90.0,14000,12.31,7,8000.0,57.14
HAPPYFORGE, 11-Sep-2026,2195.0,2244.8,2150.0,2169.0,2233.4,66048,1439.94,15424,40218.0,70.11
HARDWYN, 11-Sep-2026,9.15,9.2,9.04,9.16,9.12,496044,45.28,693,269249.0,78.9
HARIOMPIPE, 11-Sep-2026,352.0,364.95,351.0,359.2,361.8,66567,237.76,2893,28519.0,47.77
HARRMALAYA, 11-Sep-2026,187.14,189.58,183.55,185.81,186.8,6619,12.35,258,3702.0,64.89
HARSHA, 11-Sep-2026,444.0,446.55,436.0,445.0,447.2,107635,476.02,5027,51785.0,54.89
HATHWAY, 11-Sep-2026,10.01,10.29,10.0,10.23,10.17,1406853,142.55,2163,575064.0,46.31
HATSUN, 11-Sep-2026,1194.5,1240.2,1167.7,1224.4,1194.5,113105,1378.38,11322,37151.0,38.05
HAVELLS, 11-Sep-2026,1107.9,1114.7,1096.2,1111.0,1116.0,699007,7742.2,56401,386524.0,61.47
HAVISHA, 11-Sep-2026,1.32,1.35,1.25,1.34,1.34,35386,0.46,73,24630.0,89.0
HAWKINCOOK, 11-Sep-2026,8410.5,8491.5,8366.5,8411.5,8408.0,2765,232.95,511,1885.0,80.56
HAZOOR, 11-Sep-2026,19.79,19.99,18.8,19.22,19.7,324963,62.47,799,176322.0,57.0
HBESD, 11-Sep-2026,75.37,75.38,70.7,72.99,71.26,616,0.45,40,546.0,88.64
HBLENGINE, 11-Sep-2026,718.0,724.7,705.25,722.2,720.9,1018560,7301.44,33008,355345.0,40.12
HBPOR, 11-Sep-2026,58.7,60.05,58.5,59.99,58.9,664,0.4,24,551.0,100.0
HBSL, 11-Sep-2026,53.99,53.99,52.8,52.91,54.37,3721,1.97,29,3711.0,100.0
HCC, 11-Sep-2026,22.65,22.89,21.94,22.73,22.81,23241864,5200.04,30398,7571384.0,36.07
HCG, 11-Sep-2026,700.9,700.9,691.3,693.9,700.9,44421,308.73,6030,23784.0,62.65
HCL-INSYS, 11-Sep-2026,10.06,10.15,9.9,10.07,10.12,274708,27.55,822,143937.0,84.42
HCLTECH, 11-Sep-2026,1196.0,1223.4,1195.7,1206.1,1207.0,2272845,27590.79,89360,965924.0,49.59
HDBFS, 11-Sep-2026,672.5,674.5,666.4,669.2,677.7,168613,1128.48,9981,91131.0,62.83
HDFCAMC, 11-Sep-2026,2405.0,2424.6,2366.1,2403.9,2433.8,677643,16286.78,41970,328780.0,55.36
HDFCBANK, 11-Sep-2026,683.9,709.0,681.9,708.25,693.8,31411934,217779.65,414216,13408691.0,47.31
HDFCBSE500, 11-Sep-2026,36.98,37.0,36.5,36.89,36.8,2047858,753.42,393,1401995.0,68.89
HDFCGOLD, 11-Sep-2026,129.2,129.98,128.13,129.37,130.49,3331298,4304.65,9304,954445.0,37.64
HDFCGROWTH, 11-Sep-2026,115.06,115.98,115.01,115.87,115.49,5891,6.81,134,3476.0,79.36
HDFCLIFE, 11-Sep-2026,522.0,531.5,518.2,530.0,526.15,4127867,21737.08,80580,2311499.0,62.15
HDFCLIQUID, 11-Sep-2026,1077.78,1077.8,1077.78,1077.78,1077.25,28711,309.44,69,13176.0,58.78
HDFCLOWVOL, 11-Sep-2026,19.92,20.05,19.89,20.01,19.98,5968,1.19,72,2176.0,47.65
HDFCMID150, 11-Sep-2026,23.24,23.24,22.9,23.13,23.24,685818,158.04,1677,394214.0,60.23
HDFCMOMENT, 11-Sep-2026,31.61,31.61,30.65,30.91,31.12,135504,41.76,809,87882.0,70.21
HDFCNEXT50, 11-Sep-2026,73.82,74.0,73.09,73.91,74.08,103448,76.1,754,49807.0,53.13
HDFCNIF100, 11-Sep-2026,25.5,25.5,25.25,25.44,25.47,32301,8.19,270,26638.0,90.38
HDFCNIFBAN, 11-Sep-2026,57.83,58.41,57.4,58.33,58.03,78212,45.19,491,58216.0,78.77
HDFCNIFIT, 11-Sep-2026,30.84,31.15,30.84,31.01,30.85,50580,15.69,246,26593.0,56.89
HDFCNIFTY, 11-Sep-2026,270.93,270.93,262.16,263.79,264.33,3460871,9125.85,5903,2460006.0,85.25
HDFCNIMEG, 11-Sep-2026,130.21,130.7,129.03,130.37,133.04,12438,16.12,196,4540.0,36.81
HDFCPSUBK, 11-Sep-2026,84.01,84.96,83.84,84.27,84.7,29654,24.97,245,14147.0,56.2
HDFCPVTBAN, 11-Sep-2026,27.65,28.15,27.5,27.94,27.74,140346,38.92,305,74242.0,54.06
HDFCQUAL, 11-Sep-2026,57.15,57.46,57.1,57.43,57.4,1548,0.89,64,1169.0,76.06
HDFCSENSEX, 11-Sep-2026,86.85,86.85,84.3,85.32,84.74,90887,77.04,952,58625.0,71.17
HDFCSILVER, 11-Sep-2026,216.02,217.67,213.85,216.48,223.54,6499736,14018.36,19594,2250067.0,36.99
HDFCSML250, 11-Sep-2026,188.11,188.2,183.26,185.17,186.25,1196133,2207.7,14456,612623.0,53.24
HDFCVALUE, 11-Sep-2026,122.61,122.83,121.45,122.49,122.37,9138,11.15,129,4905.0,67.7
HEADSUP, 11-Sep-2026,7.0,7.15,6.8,6.99,6.9,9463,0.65,163,7117.0,77.22
HEALTHADD, 11-Sep-2026,16.58,16.82,16.55,16.68,16.66,240178,40.11,112,238134.0,99.25
HEALTHAXIS, 11-Sep-2026,168.13,168.85,167.02,168.42,168.13,3098,5.21,76,1940.0,63.32
HEALTHCARE, 11-Sep-2026,22.11,22.11,21.51,21.71,21.68,110839,23.99,194,107692.0,97.76
HEALTHIETF, 11-Sep-2026,169.5,170.34,167.94,169.67,169.47,61063,103.27,1360,33379.0,65.78
HEALTHX, 11-Sep-2026,301.0,310.0,295.05,308.15,305.35,3397,10.34,153,2896.0,90.39
HEALTHY, 11-Sep-2026,17.0,17.25,16.81,16.96,17.0,265871,45.13,1137,104442.0,52.76
HECPROJECT, 11-Sep-2026,118.1,121.0,115.0,119.04,119.55,9426,10.98,162,6756.0,79.79
HEIDELBERG, 11-Sep-2026,150.95,150.95,147.8,149.8,158.79,314126,469.53,4299,124100.0,42.59
HEMIPROP, 11-Sep-2026,120.8,121.48,119.21,120.62,120.95,254402,306.18,2803,128604.0,56.83
HERANBA, 11-Sep-2026,172.3,174.0,168.5,171.58,172.3,43044,73.58,1436,21220.0,56.15
HERITGFOOD, 11-Sep-2026,396.0,425.0,389.0,417.4,398.05,3638335,15152.11,71220,948500.0,27.46
HEROMOTOCO, 11-Sep-2026,5218.0,5243.0,5186.0,5221.5,5280.0,251663,13143.34,27945,116697.0,52.46
HESTERBIO, 11-Sep-2026,2275.0,2298.9,2238.3,2264.9,2279.0,5276,119.73,1292,1957.0,44.75
HEXATRADEX, 11-Sep-2026,156.88,159.99,155.3,155.81,156.88,765,1.19,43,501.0,79.78
HEXT, 11-Sep-2026,501.3,502.95,496.0,497.05,502.95,87553,436.43,7070,37097.0,49.34
HGINFRA, 11-Sep-2026,485.0,490.0,476.55,484.0,487.25,29567,142.55,2631,14308.0,56.67
HGM, 11-Sep-2026,48.62,50.0,48.5,48.68,49.57,7531,3.71,58,7194.0,99.16
HGS, 11-Sep-2026,381.0,383.85,377.0,381.45,383.85,9177,34.84,849,4869.0,61.59
HIGREEN, 11-Sep-2026,122.0,122.0,119.35,120.15,122.0,12000,14.5,14,8000.0,66.67
HIKAL, 11-Sep-2026,231.02,232.39,221.98,224.95,234.78,902881,2041.96,17364,273651.0,35.38
HILINFRA, 11-Sep-2026,42.5,42.99,40.2,41.53,42.59,128374,53.47,1044,28950.0,74.06
HILTON, 11-Sep-2026,18.3,18.7,17.61,18.06,18.28,89366,16.06,453,57563.0,65.72
HIMATSEIDE, 11-Sep-2026,68.7,68.7,66.63,67.83,68.85,420697,283.1,3614,214875.0,56.48
HINDADH, 11-Sep-2026,365.3,370.9,345.25,369.1,365.3,3185,11.55,76,2208.0,97.14
HINDALCO, 11-Sep-2026,990.0,992.8,973.1,981.5,1014.0,4754493,46804.75,103084,2466205.0,56.75
HINDALUMI, 11-Sep-2026,97.0,98.99,95.1,96.18,96.57,2716,2.62,131,1348.0,83.73
HINDCOMPOS, 11-Sep-2026,380.0,390.0,375.0,376.45,381.45,6223,23.52,542,4718.0,81.32
HINDCON, 11-Sep-2026,23.9,24.63,22.36,24.09,23.34,24080,5.63,259,11697.0,76.48
HINDCOPPER, 11-Sep-2026,510.0,516.5,505.0,514.5,527.3,8769684,44825.04,110798,3298360.0,42.44
HINDOILEXP, 11-Sep-2026,189.44,192.4,184.5,185.22,187.66,1154009,2164.32,16704,375827.0,36.53
HINDPETRO, 11-Sep-2026,346.5,354.9,340.1,352.0,352.65,5835890,20202.52,56529,2243107.0,39.72
HINDUNILVR, 11-Sep-2026,1930.5,1946.6,1926.2,1927.0,1942.3,1100313,21304.95,70873,543363.0,60.65
HINDWAREAP, 11-Sep-2026,181.67,181.67,177.94,178.4,181.67,63015,112.71,2054,34403.0,61.55
HINDZINC, 11-Sep-2026,575.45,583.3,565.55,576.45,593.6,7158790,41203.0,79819,2817405.0,42.21
HIRECT, 11-Sep-2026,1244.9,1255.0,1205.0,1245.4,1248.9,51541,633.67,4813,18394.0,42.18
HISARMETAL, 11-Sep-2026,161.98,161.98,157.0,157.2,155.28,808,1.28,15,787.0,98.87
HITECH, 11-Sep-2026,76.89,76.89,75.46,76.39,77.4,643983,490.59,3750,326406.0,57.45
HLEGLAS, 11-Sep-2026,367.85,404.35,363.0,404.35,367.6,870661,3400.86,21509,302720.0,35.37
HLVLTD, 11-Sep-2026,6.38,6.4,6.3,6.38,6.38,148728,9.47,440,98219.0,80.35
HMAAGRO, 11-Sep-2026,20.0,20.24,19.68,20.07,19.98,982208,195.74,2227,507326.0,58.69
HNDFDS, 11-Sep-2026,612.25,623.95,610.15,618.7,619.95,51791,318.78,4651,27222.0,67.22
HNGSNGBEES, 11-Sep-2026,465.9,465.9,461.55,463.91,466.06,63270,293.25,3836,40346.0,72.71
HOACFOODS, 11-Sep-2026,913.2,913.5,913.2,913.2,931.8,5625,51.37,14,4875.0,92.86
HOLMARC, 11-Sep-2026,103.5,108.7,101.0,108.7,103.55,18000,19.25,23,16500.0,95.65
HOMEFIRST, 11-Sep-2026,1195.0,1195.0,1100.6,1184.5,1209.4,435329,5145.23,21786,229457.0,56.26
HONASA, 11-Sep-2026,472.0,478.15,470.0,471.15,475.65,680363,3216.86,22587,308722.0,56.52
HONAUT, 11-Sep-2026,34000.0,34700.0,33800.0,34580.0,34150.0,2181,748.47,1497,871.0,49.02
HONDAPOWER, 11-Sep-2026,1979.8,1979.8,1941.2,1953.0,1969.5,4009,78.21,511,2503.0,67.16
HORIZONIND, 11-Sep-2026,55.0,55.89,53.75,55.67,55.55,3566247,1951.25,12951,1620460.0,49.72
HPAL, 11-Sep-2026,37.5,39.82,37.0,37.91,36.61,620683,238.38,4645,212206.0,37.86
HPIL, 11-Sep-2026,120.1,124.89,120.04,123.87,120.03,278,0.35,16,261.0,97.75
HPL, 11-Sep-2026,281.9,294.0,281.9,292.0,295.8,129096,373.66,4904,49016.0,42.93
HPTL, 11-Sep-2026,358.0,358.15,358.0,358.15,341.1,6000,21.49,10,4200.0,100.0
HRHNEXT, 11-Sep-2026,23.65,23.65,23.65,23.65,24.85,6000,1.42,4,4500.0,100.0
HRYNSHP, 11-Sep-2026,99.32,100.95,98.0,100.84,99.32,957,0.94,35,922.0,98.4
HSBCGOLD, 11-Sep-2026,132.0,132.41,130.95,131.94,132.9,78821,103.71,87,16554.0,21.09
HSCL, 11-Sep-2026,660.0,666.0,654.2,664.9,663.75,1420588,9369.2,20894,459332.0,38.01
HTMEDIA, 11-Sep-2026,24.65,25.35,23.99,24.92,24.32,115860,28.65,398,72132.0,85.92
HUBTOWN, 11-Sep-2026,181.05,183.0,178.72,181.21,183.22,181732,328.78,2681,103231.0,60.09
HUDCO, 11-Sep-2026,173.6,173.6,171.6,172.76,174.08,1180108,2034.35,21503,473584.0,52.65
HUHTAMAKI, 11-Sep-2026,260.0,260.0,250.25,254.4,262.05,211803,536.76,5660,101272.0,52.02
HVAX, 11-Sep-2026,630.0,669.0,630.0,669.0,653.0,1800,11.7,3,1650.0,100.0
HYBRIDETF, 11-Sep-2026,10.19,10.19,9.98,10.04,10.09,214733,21.49,72,204013.0,95.14
HYUNDAI, 11-Sep-2026,2187.6,2195.5,2170.6,2174.0,2205.0,484805,10591.44,35435,232006.0,49.58
IBLFL, 11-Sep-2026,61.0,61.0,61.0,61.0,60.5,6000,3.66,3,4000.0,100.0
IBULLSLTD, 11-Sep-2026,24.31,26.14,24.31,26.14,24.9,32865374,8425.87,21221,21213526.0,64.64
ICELCO, 11-Sep-2026,127.35,127.35,123.35,125.2,126.1,25200,31.64,21,14400.0,66.67
ICEMAKE, 11-Sep-2026,727.0,739.0,721.0,730.1,727.9,11852,86.43,790,6039.0,59.6
ICICIAMC, 11-Sep-2026,3010.0,3051.0,2992.3,3041.5,3033.5,135852,4105.88,17877,63788.0,53.14
ICICIB22, 11-Sep-2026,113.64,113.64,112.6,113.16,113.5,164595,186.04,2815,95602.0,65.81
ICICIBANK, 11-Sep-2026,1371.6,1389.0,1367.6,1379.3,1384.5,7064417,97460.3,119432,4097434.0,63.26
ICICIGI, 11-Sep-2026,1465.0,1465.0,1443.7,1459.8,1465.0,663654,9625.23,32095,353600.0,59.04
ICICIPRULI, 11-Sep-2026,468.8,475.5,461.25,471.5,471.0,1354875,6377.06,35814,724509.0,56.47
ICIL, 11-Sep-2026,437.35,446.3,426.4,443.25,439.45,443332,1933.07,18541,164726.0,39.87
ICRA, 11-Sep-2026,4731.0,4754.7,4665.6,4728.9,4726.2,21358,1005.73,3414,10820.0,60.59
IDBI, 11-Sep-2026,81.21,84.2,80.62,83.43,81.62,22126952,18438.76,75406,5652926.0,27.46
IDEA, 11-Sep-2026,15.08,15.2,14.84,14.97,14.9,547907103,82357.72,865443,140140953.0,27.88
IDEAFORGE, 11-Sep-2026,740.0,742.0,724.0,733.95,743.45,164262,1200.44,11566,76229.0,50.57
IDEALTECHO, 11-Sep-2026,95.0,98.9,95.0,98.9,171.0,4000,3.88,4,3000.0,100.0
IDFCFIRSTB, 11-Sep-2026,86.2,86.73,85.41,86.21,86.84,13937814,12013.52,55542,7603413.0,61.64
IDFNIFTYET, 11-Sep-2026,256.62,258.66,256.62,258.6,259.15,2321,5.98,40,1986.0,85.57
IEML, 11-Sep-2026,40.85,41.75,40.4,40.45,40.75,33000,13.47,38,32500.0,98.48
IEX, 11-Sep-2026,115.88,115.91,113.0,113.88,116.63,6657040,7572.84,49093,2985507.0,48.81
IFBAGRO, 11-Sep-2026,880.0,894.9,860.0,884.45,874.8,5292,46.41,628,3399.0,73.16
IFBIND, 11-Sep-2026,1267.2,1312.1,1251.0,1300.1,1283.2,53221,684.08,6157,16053.0,42.26
IFCI, 11-Sep-2026,83.8,85.59,81.52,82.29,85.15,110886137,92183.64,258340,17417068.0,16.51
IFGLEXPOR, 11-Sep-2026,210.0,212.2,203.67,206.08,212.54,41185,84.88,1502,19766.0,61.22
IGARASHI, 11-Sep-2026,408.55,418.45,402.05,414.3,408.3,45453,186.23,2138,23156.0,55.23
IGCL, 11-Sep-2026,71.15,72.38,67.16,67.61,72.4,265110,186.63,2616,130290.0,52.72
IGIL, 11-Sep-2026,310.0,315.0,307.05,314.3,311.2,233518,729.27,10968,94072.0,45.52
IGL, 11-Sep-2026,152.23,152.5,151.02,151.98,153.46,766290,1164.12,17750,368261.0,63.78
IGPL, 11-Sep-2026,555.9,555.9,535.7,547.05,553.5,58951,320.97,3172,27722.0,62.93
IIFL, 11-Sep-2026,605.0,616.35,595.0,600.6,607.65,2661025,16062.74,58147,1276726.0,53.05
IIFLCAPS, 11-Sep-2026,336.6,340.95,336.6,339.05,337.3,422556,1434.19,8588,250358.0,61.4
IITL, 11-Sep-2026,147.8,153.84,145.6,149.01,147.23,93711,140.06,804,8431.0,9.18
IKIO, 11-Sep-2026,234.0,238.8,221.42,223.87,231.73,1450380,3367.06,29662,335746.0,25.26
IKS, 11-Sep-2026,1783.0,1783.0,1732.4,1740.6,1783.7,83326,1458.61,10850,34524.0,57.63
IMAGICAA, 11-Sep-2026,53.01,53.15,51.8,52.33,53.2,449274,235.61,3532,227739.0,57.65
IMFA, 11-Sep-2026,1272.0,1277.4,1236.9,1243.5,1279.1,110255,1374.87,9445,58899.0,58.33
IMPAL, 11-Sep-2026,1108.0,1134.8,1105.0,1113.2,1127.7,1166,12.96,182,670.0,72.2
INA, 11-Sep-2026,92.9,93.95,90.61,92.98,93.0,594093,549.59,4762,274634.0,58.67
INCREDIBLE, 11-Sep-2026,31.92,34.49,31.05,33.58,30.98,17146,5.71,345,10632.0,65.27
INDBANK, 11-Sep-2026,27.85,28.45,27.25,27.64,27.72,56742,15.73,483,33894.0,68.75
INDGN, 11-Sep-2026,571.1,583.25,570.3,578.35,577.35,225658,1301.16,13676,110291.0,53.4
INDHOTEL, 11-Sep-2026,712.75,720.75,708.6,718.5,715.75,1019599,7292.16,25915,512033.0,54.17
INDIACEM, 11-Sep-2026,347.95,348.0,342.55,346.9,347.95,65795,227.2,3926,22459.0,37.57
INDIAMART, 11-Sep-2026,1637.7,1716.4,1624.1,1695.0,1637.7,140423,2355.25,12198,70365.0,57.79
INDIANB, 11-Sep-2026,848.95,859.7,835.0,853.5,856.5,1579708,13443.3,35187,661319.0,48.98
INDIANCARD, 11-Sep-2026,210.01,212.96,208.1,212.45,209.36,1949,4.09,63,1356.0,79.21
INDIANHUME, 11-Sep-2026,367.0,375.0,362.25,369.55,367.0,30095,110.84,1757,16139.0,63.06
INDIASHLTR, 11-Sep-2026,674.35,674.35,647.0,652.25,672.15,81000,530.97,8550,40357.0,59.94
INDIGO, 11-Sep-2026,4875.0,4973.0,4822.0,4973.0,4945.0,923733,45190.62,65572,455795.0,53.12
INDIGOPNTS, 11-Sep-2026,1075.0,1094.0,1059.3,1089.3,1077.8,55830,601.19,9253,18834.0,38.25
INDIGRID, 11-Sep-2026,173.31,174.0,173.1,173.9,173.85,405931,705.43,5085,353794.0,88.05
INDIQUBE, 11-Sep-2026,204.0,205.1,199.35,202.87,205.56,14391,29.06,514,7538.0,58.19
INDNIPPON, 11-Sep-2026,1338.6,1404.0,1300.0,1358.9,1369.0,274425,3650.68,20966,64792.0,26.81
INDOBORAX, 11-Sep-2026,481.0,492.45,465.25,484.55,483.45,125334,601.33,7024,39277.0,35.84
INDOCO, 11-Sep-2026,260.0,276.98,251.5,263.02,254.25,5002402,13144.17,72859,484549.0,10.62
INDOFARM, 11-Sep-2026,140.0,144.03,135.83,141.66,140.32,131169,182.51,2224,49810.0,44.09
INDOKEM, 11-Sep-2026,617.0,620.0,603.0,613.85,620.45,3375,20.75,166,1569.0,77.03
INDOMIM, 11-Sep-2026,995.0,1024.5,978.75,1018.2,1006.55,1564591,15646.68,50325,359072.0,27.91
INDORAMA, 11-Sep-2026,83.02,87.64,80.0,86.5,82.93,1794174,1528.45,18588,525220.0,34.02
INDOSTAR, 11-Sep-2026,245.4,247.11,241.68,244.38,246.89,52664,128.92,1358,25032.0,58.68
INDOTECH, 11-Sep-2026,3601.0,3687.6,3462.3,3522.9,3602.4,12309,433.47,2581,6627.0,60.85
INDOTHAI, 11-Sep-2026,43.4,45.49,41.17,41.17,43.43,20200138,8864.14,40368,8704732.0,43.27
INDOUS, 11-Sep-2026,82.0,82.0,78.0,78.24,79.54,10159,7.98,392,6545.0,73.01
INDOWIND, 11-Sep-2026,9.01,9.2,8.91,9.09,9.08,122015,11.08,367,68879.0,64.61
INDPRUD, 11-Sep-2026,6250.0,6250.0,6250.0,6250.0,6211.5,2,0.13,2,1.0,100.0
INDRAMEDCO, 11-Sep-2026,345.0,356.2,344.1,355.0,360.0,185246,654.01,7919,102725.0,63.52
INDSWFTLAB, 11-Sep-2026,375.0,391.4,372.3,385.35,377.5,565658,2179.55,12188,161114.0,31.79
INDTERRAIN, 11-Sep-2026,28.89,29.33,28.65,28.85,28.68,6587,1.9,127,4546.0,95.95
INDUSINDBK, 11-Sep-2026,988.7,988.7,972.3,978.2,993.3,2504608,24479.06,45296,1435961.0,62.44
INDUSINVIT, 11-Sep-2026,133.24,134.0,132.11,132.57,132.77,185420,246.66,5491,132828.0,73.83
INDUSTOWER, 11-Sep-2026,372.0,390.85,372.0,388.0,372.0,16707001,64286.14,155975,6618823.0,41.12
INFINIUM, 11-Sep-2026,260.0,270.0,257.0,266.2,274.0,6500,17.07,13,3500.0,58.33
INFLUX, 11-Sep-2026,275.0,275.0,270.0,270.95,274.8,8400,22.82,14,4800.0,72.73
INFOBEAN, 11-Sep-2026,155.2,155.2,152.91,154.01,155.2,153246,235.57,1918,73086.0,56.7
INFOLLION, 11-Sep-2026,155.0,160.0,154.55,158.05,153.3,24400,38.43,19,7200.0,100.0
INFOMEDIA, 11-Sep-2026,4.82,5.44,4.82,5.2,5.23,18095,0.92,53,8950.0,66.02
INFRA, 11-Sep-2026,11.88,11.93,11.8,11.91,11.96,127871,15.13,270,118093.0,94.33
INFRABEES, 11-Sep-2026,943.84,946.69,934.7,943.65,944.9,5078,47.75,576,2846.0,64.19
INFRAIETF, 11-Sep-2026,93.34,95.5,93.05,94.18,93.54,70908,66.35,3594,39868.0,66.05
INFY, 11-Sep-2026,1032.0,1047.3,1029.7,1037.7,1036.5,6168088,64129.3,145206,3109903.0,56.59
INGERRAND, 11-Sep-2026,4599.9,4617.3,4506.3,4573.0,4604.8,10539,481.56,2643,3629.0,39.68
INNOMET, 11-Sep-2026,271.95,283.0,271.95,283.0,277.5,63600,175.16,71,57000.0,100.0
INNOVACAP, 11-Sep-2026,1150.1,1168.1,1133.1,1147.2,1167.4,44230,506.38,7758,21660.0,54.39
INNOVANA, 11-Sep-2026,310.8,334.0,300.1,327.0,309.3,50677,155.79,1184,18537.0,38.61
INNOVISION, 11-Sep-2026,265.0,265.0,258.85,260.35,266.8,22172,57.95,1322,6752.0,38.14
INOXGREEN, 11-Sep-2026,178.01,179.5,171.85,178.21,178.12,1096299,1932.25,15296,464371.0,55.1
INOXINDIA, 11-Sep-2026,2272.0,2313.4,2236.9,2246.6,2295.8,245450,5553.01,31838,104013.0,45.87
INOXWIND, 11-Sep-2026,75.5,76.5,73.78,76.5,76.02,7415115,5575.36,24466,2266472.0,34.59
INSECTICID, 11-Sep-2026,610.0,619.0,595.1,609.7,612.5,26007,158.52,2030,11565.0,52.47
INSPIRE, 11-Sep-2026,9.05,9.25,9.05,9.25,9.5,6000,0.55,3,2000.0,50.0
INSPIRISYS, 11-Sep-2026,87.0,87.95,84.2,85.43,86.25,4201,3.6,198,2285.0,82.31
INSUREIETF, 11-Sep-2026,14.75,14.83,14.6,14.76,14.77,143136,21.08,140,115482.0,96.98
INTELLECT, 11-Sep-2026,680.2,689.6,676.6,682.6,685.05,280610,1914.99,15468,110088.0,46.25
INTENTECH, 11-Sep-2026,78.5,80.5,76.49,78.53,79.12,15643,12.21,326,10390.0,72.42
INTERARCH, 11-Sep-2026,1717.1,1762.7,1700.0,1728.2,1729.4,36252,628.62,3711,17714.0,52.52
INTERNET, 11-Sep-2026,14.66,15.8,14.44,14.87,14.59,266026,38.95,235,142378.0,54.98
INTLCONV, 11-Sep-2026,76.99,78.88,76.39,78.27,77.16,32019,24.82,1441,16796.0,59.27
INVENTURE, 11-Sep-2026,0.92,0.94,0.9,0.92,0.91,1362737,12.47,327,396742.0,59.85
INVICTA, 11-Sep-2026,69.55,69.55,68.0,68.0,69.0,3200,2.2,2,1600.0,50.0
IOB, 11-Sep-2026,32.7,33.14,32.54,33.07,32.86,1926531,634.97,9736,926434.0,55.46
IOC, 11-Sep-2026,134.0,136.16,133.25,135.11,134.94,7203039,9689.04,43704,2979698.0,46.42
IOLCP, 11-Sep-2026,210.51,210.95,192.0,194.31,211.43,5129124,10261.37,52560,1633983.0,42.37
IONEXCHANG, 11-Sep-2026,430.0,461.0,426.65,445.7,435.45,1336559,6009.04,38821,433968.0,34.43
IPCALAB, 11-Sep-2026,1975.8,1995.0,1958.4,1968.5,1970.9,176417,3484.87,27818,70668.0,49.83
IPHL, 11-Sep-2026,74.9,75.5,72.0,75.5,74.4,20400,15.01,17,16800.0,82.35
IPL, 11-Sep-2026,134.52,135.65,133.3,133.69,135.74,100420,134.32,1708,30874.0,66.25
IPRINGLTD, 11-Sep-2026,147.0,150.5,138.0,145.87,147.85,2231,3.21,39,1910.0,89.34
IRB, 11-Sep-2026,19.79,19.79,19.35,19.64,19.91,8984467,1755.33,17055,2665280.0,35.07
IRBINVIT, 11-Sep-2026,64.35,64.4,63.9,64.16,64.12,235705,151.23,3689,170293.0,79.45
IRCON, 11-Sep-2026,114.9,114.9,112.55,113.26,115.21,1556241,1759.36,24043,647113.0,46.51
IRCTC, 11-Sep-2026,467.0,467.15,462.15,462.9,467.75,604286,2799.94,29575,293609.0,57.37
IREDA, 11-Sep-2026,112.27,112.57,111.31,111.71,113.32,3342411,3736.72,23115,1023226.0,33.34
IRFC, 11-Sep-2026,80.95,81.09,80.1,81.09,81.08,8029026,6469.17,40596,3482007.0,47.94
IRIS, 11-Sep-2026,246.07,249.0,243.85,245.39,249.08,12982,31.98,504,8894.0,76.59
IRISDOREME, 11-Sep-2026,62.6,62.84,60.9,61.47,62.29,437736,270.09,2587,198528.0,48.43
IRMENERGY, 11-Sep-2026,281.2,284.9,274.3,280.25,281.25,57018,158.21,2367,27100.0,56.49
ISFT, 11-Sep-2026,81.78,81.78,78.15,79.48,81.17,118688,94.65,840,6661.0,5.81
ISGEC, 11-Sep-2026,821.0,821.0,792.0,795.95,810.15,47204,377.3,4729,18500.0,48.15
ISHAN, 11-Sep-2026,0.5,0.5,0.5,0.5,0.5,48000,0.24,1,48000.0,100.0
ISHANCH, 11-Sep-2026,45.44,45.44,42.99,44.84,44.82,15039,6.63,250,8544.0,61.87
ISTLTD, 11-Sep-2026,650.0,678.0,637.0,662.2,661.0,625,4.09,89,262.0,97.76
IT, 11-Sep-2026,32.03,32.34,31.95,32.13,32.06,281406,90.57,1374,111879.0,41.52
ITADD, 11-Sep-2026,30.63,30.87,30.59,30.75,30.59,8717,2.68,54,5093.0,80.07
ITALIANE, 11-Sep-2026,29.85,31.0,29.35,31.0,30.85,12000,3.59,6,8000.0,80.0
ITAXIS, 11-Sep-2026,317.73,320.98,317.73,320.94,317.69,1947,6.22,38,974.0,56.3
ITBEES, 11-Sep-2026,32.1,32.38,31.99,32.17,32.06,7008652,2257.7,16025,3212270.0,51.78
ITBETA, 11-Sep-2026,302.0,308.0,299.48,305.42,309.14,713,2.18,30,571.0,81.92
ITC, 11-Sep-2026,258.0,261.65,257.7,259.85,259.3,11116049,28953.0,119199,5735433.0,58.39
ITCHOTELS, 11-Sep-2026,153.85,154.5,152.61,153.69,154.13,1693876,2596.58,32628,880528.0,56.73
ITDC, 11-Sep-2026,679.95,730.0,674.7,690.85,664.6,3431057,24143.7,102819,260452.0,7.87
ITETF, 11-Sep-2026,31.17,31.17,30.51,30.74,30.56,182890,56.25,553,74264.0,42.3
ITI, 11-Sep-2026,261.4,264.0,258.45,262.85,263.5,134104,349.9,4423,48868.0,46.65
ITIETF, 11-Sep-2026,32.19,32.42,32.03,32.26,32.09,467820,150.89,1374,262790.0,60.5
ITL, 11-Sep-2026,368.3,371.9,359.0,369.25,368.3,3944,14.53,74,3585.0,93.41
IVALUE, 11-Sep-2026,227.0,229.27,219.6,223.35,226.62,119413,265.73,3599,58469.0,65.95
IVC, 11-Sep-2026,9.57,9.57,9.05,9.11,9.68,1429459,132.25,2695,803537.0,80.03
IVZBANKNF, 11-Sep-2026,56.2,56.2,55.78,55.85,56.22,357,0.2,16,355.0,99.44
IVZINGOLD, 11-Sep-2026,132.4,132.5,130.15,131.9,133.25,76066,100.15,405,19004.0,84.45
IVZINNIFTY, 11-Sep-2026,266.53,269.4,266.53,269.29,269.07,1110,2.98,34,408.0,49.16
IVZSENSEX, 11-Sep-2026,75.95,76.81,74.27,75.01,74.64,685,0.51,23,663.0,96.79
IWARE, 11-Sep-2026,445.0,448.0,440.5,441.6,455.5,10200,45.22,16,5400.0,100.0
IWP, 11-Sep-2026,33.58,35.28,33.58,34.41,34.27,6626,2.27,68,3840.0,83.82
IXIGO, 11-Sep-2026,159.24,161.27,157.27,158.63,161.92,1167601,1852.3,35932,458160.0,49.06
IZMO, 11-Sep-2026,895.0,916.8,866.4,906.8,900.2,117769,1047.47,7972,37424.0,36.11
J&KBANK, 11-Sep-2026,145.2,146.65,142.8,145.27,145.77,1131898,1640.28,18489,459749.0,43.44
JAGRAN, 11-Sep-2026,62.02,62.56,61.5,62.09,62.01,143137,88.9,1573,88440.0,66.57
JAGSNPHARM, 11-Sep-2026,229.21,234.6,228.01,232.89,232.99,51421,119.2,2909,24103.0,52.24
JAIBALAJI, 11-Sep-2026,67.1,67.41,64.33,65.07,67.53,934174,607.67,4458,503761.0,58.57
JAICORPLTD, 11-Sep-2026,96.0,96.59,94.9,95.73,96.84,285725,273.02,3439,144818.0,59.07
JAINAM, 11-Sep-2026,213.5,216.0,213.5,216.0,224.0,1500,3.23,3,1500.0,100.0
JAINIK, 11-Sep-2026,206.0,212.85,202.35,202.35,213.0,20400,41.59,17,14400.0,92.31
JAINREC, 11-Sep-2026,290.0,291.15,282.7,284.7,291.45,807025,2303.81,17055,301279.0,42.04
JAIPURKURT, 11-Sep-2026,25.99,25.99,24.7,25.57,25.03,1576,0.4,41,542.0,93.77
JAMNAAUTO, 11-Sep-2026,132.5,137.33,131.27,135.46,131.86,6244729,8415.09,65606,2337375.0,40.48
JARO, 11-Sep-2026,453.5,460.0,446.25,454.05,456.25,93689,424.81,2375,16529.0,18.99
JASH, 11-Sep-2026,520.4,520.4,509.55,514.05,521.45,90550,465.43,4314,50018.0,58.58
JAYAGROGN, 11-Sep-2026,257.0,257.0,239.09,244.13,258.18,47854,117.19,1643,20431.0,48.13
JAYBARMARU, 11-Sep-2026,115.0,120.0,114.84,116.58,117.53,333020,390.76,3906,159968.0,58.76
JAYBEE, 11-Sep-2026,87.05,87.05,83.7,83.7,87.9,27500,23.49,41,24500.0,90.74
JAYESH, 11-Sep-2026,135.0,138.0,130.0,130.75,135.0,21000,27.58,13,6000.0,66.67
JAYKAY, 11-Sep-2026,165.09,168.0,160.22,165.32,165.09,256432,419.1,4019,105976.0,51.83
JAYNECOIND, 11-Sep-2026,90.2,91.26,89.0,89.97,91.29,2973675,2677.07,21337,1272434.0,49.21
JAYSREETEA, 11-Sep-2026,93.88,94.6,92.02,92.9,95.08,51691,48.28,820,25410.0,58.41
JBMA, 11-Sep-2026,604.0,633.45,594.0,620.3,604.25,857400,5307.03,39555,197867.0,29.33
JENBURPH, 11-Sep-2026,1020.0,1034.8,998.6,1003.9,1026.8,1783,18.1,146,1301.0,94.96
JETFREIGHT, 11-Sep-2026,20.2,20.7,19.7,20.07,20.2,180744,36.42,610,119992.0,82.12
JEYYAM, 11-Sep-2026,20.9,21.1,20.55,20.9,21.0,36000,7.55,10,26000.0,92.86
JGCHEM, 11-Sep-2026,591.85,595.1,575.6,592.05,595.0,335069,1964.7,15104,112100.0,36.37
JHS, 11-Sep-2026,8.38,9.21,7.91,8.43,8.03,305861,26.56,1045,146400.0,49.76
JINDALPHOT, 11-Sep-2026,980.4,1019.5,980.4,1010.9,1001.6,1935,19.23,263,1241.0,69.45
JINDALPOLY, 11-Sep-2026,670.0,693.75,670.0,671.3,677.3,9891,67.13,726,3321.0,39.34
JINDALSAW, 11-Sep-2026,316.0,316.0,305.05,311.95,317.5,1875374,5823.49,36882,784000.0,44.78
JINDALSTEL, 11-Sep-2026,1111.0,1122.0,1058.0,1120.5,1137.0,549857,6121.23,23448,124806.0,25.46
JINDRILL, 11-Sep-2026,666.65,697.0,630.25,633.25,654.2,2159907,14389.48,72051,380288.0,18.91
JINDWORLD, 11-Sep-2026,54.7,55.5,52.01,52.88,55.64,14626067,7791.09,32108,2568736.0,19.81
JIOFIN, 11-Sep-2026,228.7,231.37,226.44,229.9,230.25,22102551,50421.16,102565,10244224.0,50.88
JISLDVREQS, 11-Sep-2026,20.83,21.39,20.33,20.76,20.84,10008,2.07,138,5711.0,64.74
JISLJALEQS, 11-Sep-2026,29.7,29.94,28.97,29.71,30.02,2167782,639.85,6200,1175626.0,60.9
JITFINFRA, 11-Sep-2026,295.0,303.75,287.0,290.35,300.95,32081,93.81,1173,16534.0,67.73
JIWANRAM, 11-Sep-2026,4.4,4.4,4.3,4.3,4.3,12000,0.52,2,6000.0,100.0
JKCEMENT, 11-Sep-2026,4900.0,4909.5,4813.0,4843.5,4915.5,54957,2662.5,13270,15398.0,49.4
JKIL, 11-Sep-2026,481.7,481.75,475.0,475.85,483.4,37901,180.9,2017,19724.0,67.52
JKIPL, 11-Sep-2026,92.03,92.9,89.42,91.64,91.6,22555,20.48,439,15235.0,71.02
JKLAKSHMI, 11-Sep-2026,498.0,509.75,496.1,505.9,505.9,74863,378.25,6187,27779.0,43.31
JKPAPER, 11-Sep-2026,411.85,418.85,406.8,414.25,415.15,395550,1635.94,11689,154672.0,47.31
JKTYRE, 11-Sep-2026,355.65,355.65,350.25,353.95,357.65,331201,1169.93,15113,140498.0,47.83
JLHL, 11-Sep-2026,277.55,285.05,277.3,279.15,281.0,78427,219.24,2667,40534.0,56.72
JMA, 11-Sep-2026,95.99,95.99,91.35,93.22,95.51,14169,13.21,245,7200.0,62.99
JMFINANCIL, 11-Sep-2026,125.5,125.94,123.2,124.47,127.24,2358523,2934.1,30866,1015976.0,48.72
JNKINDIA, 11-Sep-2026,425.05,433.9,416.85,422.4,428.85,61081,257.47,2426,31150.0,68.46
JNPR, 11-Sep-2026,259.0,269.3,254.85,265.35,259.05,773789,2049.06,18455,255100.0,35.7
JOCIL, 11-Sep-2026,150.61,150.8,143.1,149.89,149.87,8542,12.52,248,3500.0,41.88
JPOLYINVST, 11-Sep-2026,997.0,997.0,984.05,989.5,996.7,822,8.12,220,435.0,59.35
JPPOWER, 11-Sep-2026,16.2,16.2,15.95,16.02,16.23,34693775,5557.91,279406,15276888.0,48.35
JSFB, 11-Sep-2026,510.0,520.65,484.85,516.85,514.75,1255413,6294.47,44639,411785.0,35.04
JSL, 11-Sep-2026,754.55,766.5,741.0,756.1,762.15,1619515,12289.76,60283,872886.0,60.31
JSLL, 11-Sep-2026,516.0,516.7,507.0,511.85,518.3,342560,1753.6,13045,168293.0,55.41
JSWCEMENT, 11-Sep-2026,120.5,120.74,118.4,118.87,120.77,1784827,2127.19,31914,869025.0,61.95
JSWDULUX, 11-Sep-2026,3164.5,3172.0,3143.1,3155.1,3179.7,31176,983.17,5397,15652.0,69.13
JSWENERGY, 11-Sep-2026,527.0,527.0,522.75,526.45,530.45,583365,3062.73,17131,239372.0,51.97
JSWHL, 11-Sep-2026,11444.0,11649.0,11213.0,11449.0,11444.0,2996,342.69,1266,966.0,35.71
JSWINFRA, 11-Sep-2026,339.25,344.1,335.75,343.15,342.45,2957954,10077.85,57552,1524884.0,55.56
JSWSTEEL, 11-Sep-2026,1281.0,1286.9,1265.0,1265.0,1304.0,1580944,20176.53,68065,756071.0,53.87
JTEKTINDIA, 11-Sep-2026,120.29,121.25,118.52,120.55,119.93,79648,95.46,1385,30951.0,44.11
JTLIND, 11-Sep-2026,88.8,89.39,86.4,88.68,89.6,2156849,1901.1,14722,761652.0,39.46
JUBLCPL, 11-Sep-2026,2090.0,2142.0,2041.0,2105.8,2101.0,7884,165.16,1275,4570.0,64.98
JUBLFOOD, 11-Sep-2026,470.6,472.85,465.65,470.25,473.8,354487,1663.55,11647,101872.0,33.96
JUBLINGREA, 11-Sep-2026,664.0,666.8,651.4,658.4,666.6,313699,2062.97,14241,182420.0,66.56
JUBLPHARMA, 11-Sep-2026,1020.0,1034.15,1006.3,1025.2,1025.65,230939,2352.14,20203,115502.0,55.03
JUNIORBEES, 11-Sep-2026,787.3,787.3,773.5,781.96,785.79,470922,3662.46,11072,290839.0,66.16
JUNIPER, 11-Sep-2026,227.39,228.0,220.23,221.12,227.39,163779,365.21,5255,75581.0,52.99
JUSTDIAL, 11-Sep-2026,656.3,669.9,656.3,665.55,668.75,97065,645.04,5146,32157.0,50.49
JWL, 11-Sep-2026,240.06,240.25,237.72,239.58,241.56,394239,942.98,11307,163153.0,47.21
JYOTHYLAB, 11-Sep-2026,195.7,196.61,194.0,195.06,195.65,394200,769.31,8378,183239.0,56.07
JYOTICNC, 11-Sep-2026,994.0,998.6,966.0,985.0,1003.9,692249,6794.3,31223,251188.0,41.8
JYOTIGLOBL, 11-Sep-2026,47.05,48.0,47.0,47.45,47.55,38000,18.0,17,30000.0,78.95
JYOTIRES, 11-Sep-2026,868.0,878.95,860.0,867.85,875.9,7907,68.52,1152,3779.0,59.13
JYOTISTRUC, 11-Sep-2026,9.95,9.97,9.55,9.69,9.98,7294287,712.51,6597,4346795.0,66.38
K2INFRA, 11-Sep-2026,48.0,48.2,46.15,47.15,47.55,8400,3.98,12,6600.0,91.67
KABRAEXTRU, 11-Sep-2026,710.0,733.0,690.6,723.15,707.55,479794,3444.73,22195,125975.0,30.1
KAJARIACER, 11-Sep-2026,1245.0,1245.0,1215.3,1226.4,1243.9,88820,1088.99,11118,41721.0,59.02
KAKATCEM, 11-Sep-2026,109.0,110.8,107.5,109.57,109.42,1851,2.01,54,1374.0,75.7
KALAMANDIR, 11-Sep-2026,83.64,83.64,82.05,82.57,83.64,345687,285.38,2753,159238.0,57.26
KALANA, 11-Sep-2026,19.0,19.25,19.0,19.25,19.95,18000,3.43,9,14000.0,87.5
KALPATARU, 11-Sep-2026,267.4,267.9,263.1,266.25,267.4,41966,111.46,1063,20040.0,54.68
KALYANKJIL, 11-Sep-2026,609.5,610.0,589.05,601.15,615.2,6340796,37885.29,76731,1562715.0,26.72
KAMAHOLD, 11-Sep-2026,2241.1,2303.5,2241.1,2273.5,2285.0,2654,60.27,570,1757.0,72.93
KAMANWALA, 11-Sep-2026,17.5,17.5,16.27,17.46,17.02,2767,0.48,31,761.0,99.22
KAMATHOTEL, 11-Sep-2026,223.0,225.77,220.21,224.2,224.68,38878,86.98,1664,15478.0,52.72
KAMOPAINTS, 11-Sep-2026,4.4,4.4,4.29,4.33,4.29,105351,4.56,510,82946.0,86.53
KANANIIND, 11-Sep-2026,1.51,1.54,1.31,1.5,1.51,251370,3.72,265,154925.0,71.78
KANCHI, 11-Sep-2026,396.0,397.0,383.6,390.75,403.75,2129,8.27,206,1333.0,64.02
KANCOTEA, 11-Sep-2026,52.29,52.29,52.29,52.29,52.29,1,0.0,1,1.0,100.0
KANDARP, 11-Sep-2026,68.35,74.45,68.35,72.85,71.9,22000,15.28,21,16000.0,80.0
KANPRPLA, 11-Sep-2026,248.05,277.45,247.5,264.6,251.7,72663,193.74,3636,25109.0,37.49
KANSAINER, 11-Sep-2026,189.39,189.54,187.3,188.6,191.11,119478,224.69,4220,52485.0,52.33
KAPSTON, 11-Sep-2026,584.95,597.85,578.55,588.2,584.95,63762,374.34,2572,31361.0,52.78
KARMAENG, 11-Sep-2026,38.25,39.99,37.25,39.63,37.88,9768,3.82,178,4940.0,77.09
KARNIKA, 11-Sep-2026,118.0,122.65,117.5,119.25,120.5,34000,40.65,19,28000.0,90.32
KARURVYSYA, 11-Sep-2026,336.05,336.05,330.45,333.8,335.3,987355,3288.5,33169,370115.0,48.49
KATARIA, 11-Sep-2026,131.0,140.0,131.0,138.95,139.0,10800,14.8,15,3600.0,100.0
KAVDEFENCE, 11-Sep-2026,72.41,73.8,68.2,69.33,74.77,1320997,936.46,15202,513137.0,41.94
KAYNES, 11-Sep-2026,3475.0,3550.0,3433.4,3505.0,3499.0,555805,19244.95,45333,132389.0,26.48
KCEIL, 11-Sep-2026,79.8,79.9,75.05,76.05,78.1,9500,7.29,16,3000.0,75.0
KCK, 11-Sep-2026,14.2,14.65,13.85,14.65,14.4,15000,2.13,6,12500.0,83.33
KCP, 11-Sep-2026,163.15,163.15,160.05,162.4,162.21,88951,143.41,1241,52721.0,61.09
KDDL, 11-Sep-2026,3894.9,3955.8,3835.0,3881.9,3891.4,20482,797.14,4067,8007.0,50.98
KDGREEN, 11-Sep-2026,50.0,51.14,47.95,49.09,50.14,20263,9.94,286,10231.0,67.1
KDL, 11-Sep-2026,91.4,95.25,87.7,93.45,86.6,30300,27.92,147,21000.0,72.16
KEC, 11-Sep-2026,411.0,411.0,404.1,406.4,413.45,608964,2478.1,19801,269535.0,48.46
KECL, 11-Sep-2026,125.0,129.4,120.35,124.21,126.36,152390,189.5,3605,42804.0,29.92
KEEPLEARN, 11-Sep-2026,1.89,1.92,1.82,1.89,1.89,18438,0.35,86,10544.0,78.98
KEI, 11-Sep-2026,4599.0,4599.0,4447.0,4578.0,4640.0,1138228,51226.55,68636,535644.0,49.83
KELLTONTEC, 11-Sep-2026,13.45,15.19,13.35,13.77,13.51,9142272,1294.47,20260,1712931.0,20.61
KEN, 11-Sep-2026,38.7,38.7,38.7,38.7,38.7,2400,0.93,2,2400.0,100.0
KENNAMET, 11-Sep-2026,5000.0,5000.0,4660.0,4682.4,5027.9,70326,3350.36,13405,40202.0,63.14
KERNEX, 11-Sep-2026,1709.2,1750.0,1673.1,1732.1,1709.5,144751,2475.73,12435,49720.0,39.14
KEYFINSERV, 11-Sep-2026,249.95,249.95,238.0,239.2,242.95,800,1.95,75,394.0,52.74
KFINTECH, 11-Sep-2026,893.0,904.7,882.4,900.0,899.0,622342,5566.64,19918,252737.0,44.27
KHAICHEM, 11-Sep-2026,52.68,55.55,51.22,54.03,52.68,402804,217.61,2500,172970.0,59.34
KHAITANLTD, 11-Sep-2026,158.4,165.0,154.4,162.51,159.12,2808,4.47,147,1543.0,71.3
KHANDSE, 11-Sep-2026,17.49,17.49,16.5,17.1,16.97,620,0.11,49,244.0,91.04
KHFM, 11-Sep-2026,42.85,43.9,41.3,43.4,42.85,15500,6.57,10,12400.0,80.0
KICL, 11-Sep-2026,5065.0,5083.0,5014.0,5040.5,5083.5,524,26.43,129,311.0,74.4
KIMS, 11-Sep-2026,773.95,776.85,761.75,768.95,772.8,127766,982.48,12868,54912.0,48.68
KINGFA, 11-Sep-2026,6215.0,6240.0,6087.0,6197.0,6227.5,15424,951.96,5557,7100.0,49.72
KIOCL, 11-Sep-2026,365.35,365.35,354.3,355.9,367.9,142628,511.33,5096,75374.0,62.34
KIRANVYPAR, 11-Sep-2026,204.45,209.89,203.99,207.02,206.99,2019,4.17,66,1599.0,82.04
KIRIINDUS, 11-Sep-2026,518.8,541.0,512.1,537.35,523.1,1067749,5650.13,22559,364258.0,40.79
KIRLFER, 11-Sep-2026,465.0,468.4,458.85,465.1,466.1,91717,425.64,3724,48570.0,63.97
KIRLOSBROS, 11-Sep-2026,1805.1,1811.2,1771.0,1784.0,1818.3,56553,1015.81,6380,32294.0,61.21
KIRLOSENG, 11-Sep-2026,2229.9,2230.0,2155.7,2168.6,2209.0,316085,6915.74,27997,135663.0,47.12
KIRLOSIND, 11-Sep-2026,3575.0,4055.0,3562.3,3828.3,3576.8,639315,25023.51,68233,39470.0,6.46
KIRLPNU, 11-Sep-2026,715.05,726.4,706.4,719.9,719.7,115300,827.31,7862,51581.0,49.86
KISSHT, 11-Sep-2026,330.0,336.2,324.5,328.7,333.9,1596936,5272.38,41919,812158.0,55.05
KITEX, 11-Sep-2026,125.0,125.4,123.6,123.87,125.65,247724,307.17,2603,104287.0,49.06
KJMCFIN, 11-Sep-2026,61.58,62.5,60.03,60.51,61.58,1605,0.97,80,1196.0,79.79
KKCL, 11-Sep-2026,505.95,505.95,492.15,494.9,501.7,45845,227.54,1867,27429.0,85.42
KKJEWELS, 11-Sep-2026,101.2,101.2,99.0,99.0,101.25,3000,3.01,3,2000.0,100.0
KKVAPOW, 11-Sep-2026,364.0,364.0,364.0,364.0,350.4,171,0.62,1,171.0,100.0
KLBRENG-B, 11-Sep-2026,477.05,490.0,465.7,486.95,477.4,237994,1141.63,6916,117312.0,57.29
KLL, 11-Sep-2026,23.2,24.8,23.2,24.55,23.3,12000,2.92,15,6400.0,72.73
KMCSHIL, 11-Sep-2026,137.45,139.31,134.75,138.47,137.45,161203,220.41,2416,51771.0,35.08
KMEW, 11-Sep-2026,2904.9,2950.8,2812.1,2869.2,2915.6,93353,2668.08,16217,32709.0,37.67
KMSUGAR, 11-Sep-2026,30.1,31.23,29.5,30.41,30.1,222197,67.39,1431,81380.0,42.46
KNACK, 11-Sep-2026,185.74,185.74,181.51,183.27,186.96,429457,786.22,6569,201956.0,53.54
KNAGRI, 11-Sep-2026,197.0,197.9,192.75,193.74,195.02,9965,19.35,141,8975.0,90.76
KNRCON, 11-Sep-2026,123.11,126.54,119.61,125.66,123.68,2245207,2759.13,21347,769803.0,40.4
KODYTECH, 11-Sep-2026,1450.0,1490.0,1426.0,1470.0,1475.7,4900,71.08,42,4500.0,95.74
KOHINOOR, 11-Sep-2026,30.0,31.2,28.72,30.85,30.17,148832,44.82,1909,63823.0,46.2
KOKUYOCMLN, 11-Sep-2026,77.4,78.97,77.3,77.91,78.94,23988,18.66,362,15214.0,75.12
KOLTEPATIL, 11-Sep-2026,445.0,445.0,435.0,436.85,451.15,84268,369.96,3227,26662.0,35.37
KONSTELEC, 11-Sep-2026,62.7,63.5,62.7,63.5,64.9,30000,18.9,15,29000.0,100.0
KONTOR, 11-Sep-2026,51.0,54.75,51.0,54.75,50.1,1800,0.94,2,1200.0,100.0
KOPRAN, 11-Sep-2026,235.75,237.6,226.2,235.26,235.82,399882,924.43,7209,155682.0,42.9
KORE, 11-Sep-2026,173.3,173.3,160.0,173.2,165.05,41000,70.73,84,33250.0,94.33
KOTAKBANK, 11-Sep-2026,412.6,420.0,409.25,419.0,416.55,15197483,63162.4,144629,9203380.0,68.41
KOTHARIPET, 11-Sep-2026,143.0,143.06,136.33,138.57,143.21,35052,48.88,926,15308.0,56.58
KOTHARIPRO, 11-Sep-2026,66.0,66.2,64.83,65.78,65.76,3613,2.37,148,2473.0,72.69
KOTIC, 11-Sep-2026,148.76,148.76,130.55,133.82,151.21,122378,170.24,2032,29949.0,33.56
KOVAI, 11-Sep-2026,6292.0,6339.0,6150.5,6203.5,6292.0,4574,284.08,1126,2440.0,60.02
KPEL, 11-Sep-2026,224.13,225.0,213.82,214.91,224.13,618562,1342.1,11341,352934.0,64.27
KPIGREEN, 11-Sep-2026,284.05,285.0,281.0,281.7,287.5,847067,2390.78,21590,383722.0,53.6
KPIL, 11-Sep-2026,1432.0,1442.0,1401.1,1435.7,1432.0,107494,1529.85,14641,30199.0,46.54
KPITTECH, 11-Sep-2026,550.9,555.95,545.6,553.75,550.95,860098,4743.17,16798,205482.0,26.62
KPL, 11-Sep-2026,3500.1,3694.0,3422.3,3643.3,3511.6,42959,1520.43,6950,12467.0,39.73
KPRMILL, 11-Sep-2026,1122.0,1122.1,1100.0,1109.1,1127.3,166974,1849.02,20593,72003.0,51.12
KRBL, 11-Sep-2026,423.25,425.9,416.05,421.05,423.25,377861,1592.29,14134,153131.0,45.19
KREBSBIO, 11-Sep-2026,62.89,62.89,57.07,58.72,61.47,8042,4.77,322,3846.0,68.42
KRIDHANINF, 11-Sep-2026,1.96,2.05,1.91,1.96,1.99,56301,1.11,98,38763.0,74.47
KRISHANA, 11-Sep-2026,183.5,183.67,178.72,179.66,183.5,331496,598.59,4519,129244.0,51.67
KRISHCA, 11-Sep-2026,157.0,158.0,156.0,156.5,156.0,7000,10.99,11,5000.0,90.91
KRISHIVAL, 11-Sep-2026,418.95,420.0,417.25,419.95,418.15,11258,47.23,222,3303.0,78.2
KRISHNADEF, 11-Sep-2026,1067.4,1075.0,1047.1,1065.5,1070.0,70159,745.71,5756,36659.0,63.82
KRITI, 11-Sep-2026,62.9,63.3,60.0,61.4,62.9,5393,3.29,115,3430.0,87.97
KRITIKA, 11-Sep-2026,5.46,5.46,5.31,5.4,5.37,101267,5.46,326,86108.0,86.83
KRITINUT, 11-Sep-2026,81.98,81.98,80.1,80.52,81.98,6426,5.22,145,5110.0,80.3
KRMAYURVED, 11-Sep-2026,292.0,310.5,291.6,307.7,293.85,311000,941.0,266,199000.0,74.81
KRN, 11-Sep-2026,1560.0,1610.7,1531.5,1593.6,1584.6,188504,2967.17,17726,72802.0,46.21
KROSS, 11-Sep-2026,232.03,239.8,222.84,239.07,231.54,2135648,4992.78,37449,619327.0,32.99
KRSNAA, 11-Sep-2026,557.0,557.6,548.0,550.05,564.4,40893,225.19,3381,18087.0,54.61
KRT, 11-Sep-2026,113.0,113.5,111.91,113.04,112.63,1402676,1582.19,7052,762645.0,87.25
KRYSTAL, 11-Sep-2026,624.45,624.45,608.6,614.45,624.45,9449,58.07,504,5375.0,73.3
KSB, 11-Sep-2026,797.2,810.0,788.8,804.2,804.2,94866,760.68,12068,52465.0,60.73
KSCL, 11-Sep-2026,715.0,721.0,706.05,715.85,718.05,80701,574.34,4138,44826.0,61.62
KSE, 11-Sep-2026,175.02,180.05,175.02,177.22,178.69,23974,42.54,209,15260.0,95.97
KSHINTL, 11-Sep-2026,1173.0,1178.35,1118.05,1170.9,1174.3,259796,2986.55,26257,89622.0,38.72
KSHITIJPOL, 11-Sep-2026,3.32,3.57,3.32,3.48,3.43,1531366,53.27,1072,1026856.0,78.13
KSL, 11-Sep-2026,970.0,981.9,931.0,968.75,968.2,204430,1964.21,13055,71891.0,43.4
KSOLVES, 11-Sep-2026,255.5,261.9,254.0,258.1,259.1,33182,85.12,1811,17385.0,58.36
KSR, 11-Sep-2026,42.5,42.9,39.05,42.4,40.93,124716,51.47,875,73930.0,63.97
KTKBANK, 11-Sep-2026,328.5,330.4,322.5,325.35,332.55,2126968,6928.62,26575,780636.0,51.24
KUANTUM, 11-Sep-2026,75.49,78.49,75.01,76.43,75.49,117403,89.77,1617,55277.0,53.16
KUSUMGAR, 11-Sep-2026,561.85,574.5,556.6,568.1,566.0,170440,967.68,7622,98395.0,63.2
KWIL, 11-Sep-2026,41.1,44.17,40.7,43.04,41.53,42730153,18362.12,101884,13670804.0,34.52
LADDERUP, 11-Sep-2026,73.0,74.31,73.0,74.31,61.93,59231,43.87,418,31001.0,52.75
LAGNAM, 11-Sep-2026,72.53,72.8,71.0,72.56,72.53,2870,2.07,62,1583.0,68.86
LAHOTIOV, 11-Sep-2026,41.0,41.5,40.16,40.55,41.14,11066,4.51,68,8998.0,87.24
LAKSHMIMIL, 11-Sep-2026,7760.0,7835.0,7540.0,7800.0,7800.0,30,2.32,17,17.0,56.67
LAKSHYA, 11-Sep-2026,81.0,81.0,81.0,81.0,82.0,800,0.65,1,800.0,100.0
LAL, 11-Sep-2026,8.89,9.19,8.8,8.83,8.89,20411,1.82,151,7374.0,71.22
LALITHAA, 11-Sep-2026,337.9,343.6,330.3,338.6,337.6,6734761,22774.2,66258,2076389.0,36.66
LALPATHLAB, 11-Sep-2026,1900.0,1924.6,1893.9,1909.0,1916.7,224876,4297.85,43418,120841.0,63.97
LAMBODHARA, 11-Sep-2026,136.49,138.5,136.16,137.37,137.22,4215,5.79,167,2135.0,67.39
LAMOSAIC, 11-Sep-2026,48.1,53.1,48.1,53.1,50.6,185400,94.64,98,180600.0,97.41
LANCER, 11-Sep-2026,12.95,12.95,12.6,12.74,12.83,169288,21.52,537,124829.0,79.96
LANDMARK, 11-Sep-2026,484.8,494.95,473.95,487.95,484.1,110531,531.57,3260,60139.0,70.16
LANDSMILL, 11-Sep-2026,0.58,0.59,0.55,0.56,0.57,4314557,24.67,1306,2762108.0,67.76
LAOPALA, 11-Sep-2026,161.79,161.79,158.51,158.93,162.4,142467,228.14,3432,72110.0,60.98
LARGEMID50, 11-Sep-2026,36.55,36.55,35.4,35.69,35.83,1478,0.53,24,1173.0,79.36
LASERPOWER, 11-Sep-2026,289.0,294.05,281.0,289.75,290.65,685699,1973.37,11290,313970.0,50.81
LATENTVIEW, 11-Sep-2026,255.8,255.8,251.55,252.45,255.8,335107,848.05,9300,154388.0,53.49
LATTEYS, 11-Sep-2026,21.53,21.83,20.42,21.8,21.53,24026,5.1,160,18482.0,77.92
LAURUSLABS, 11-Sep-2026,1943.0,1981.8,1918.1,1969.0,1945.0,2277375,44669.44,49806,973382.0,46.96
LAXMICOT, 11-Sep-2026,13.08,13.47,12.2,12.89,13.18,22433,2.85,156,14935.0,71.85
LAXMIDENTL, 11-Sep-2026,201.15,204.0,197.01,202.84,202.56,52887,106.3,1435,20630.0,59.53
LAXMIINDIA, 11-Sep-2026,126.5,131.11,125.5,129.07,127.88,162049,208.3,3706,45169.0,32.17
LCCINFOTEC, 11-Sep-2026,3.12,3.24,2.88,3.14,3.19,119835,3.71,352,96762.0,81.55
LCL, 11-Sep-2026,561.25,561.25,545.4,553.05,561.25,237836,1310.99,11894,89984.0,55.27
LEAPIND, 11-Sep-2026,139.9,145.0,136.0,144.34,140.96,4172766,5882.25,44355,1706911.0,46.64
LEMERITE, 11-Sep-2026,21.0,21.73,20.3,21.11,20.71,319184,66.75,436,117415.0,43.45
LEMONTREE, 11-Sep-2026,105.05,105.37,104.06,104.78,105.7,1933002,2024.13,18556,864143.0,55.83
LENSKART, 11-Sep-2026,691.6,696.05,680.0,681.75,693.3,4110589,28269.49,76149,2146011.0,60.24
LEXUS, 11-Sep-2026,13.12,13.73,13.12,13.31,13.45,5153,0.69,96,4138.0,86.93
LFIC, 11-Sep-2026,144.0,144.0,137.0,139.35,145.32,9389,13.08,216,6966.0,75.63
LGBBROSLTD, 11-Sep-2026,1711.0,1729.1,1697.1,1711.0,1715.4,21366,365.21,3719,13045.0,68.88
LGEINDIA, 11-Sep-2026,1647.8,1661.0,1632.4,1636.8,1650.0,358511,5903.76,33592,185935.0,58.64
LGHL, 11-Sep-2026,197.75,199.0,180.0,183.99,189.49,8290,15.24,514,2272.0,28.81
LIBAS, 11-Sep-2026,10.79,11.48,10.19,11.2,10.69,371208,40.81,506,119279.0,32.41
LIBERTSHOE, 11-Sep-2026,232.95,233.0,225.3,228.68,229.41,9747,22.23,454,4851.0,70.31
LICHSGFIN, 11-Sep-2026,546.0,572.35,546.0,562.9,552.3,11556446,64992.06,102031,4626776.0,42.53
LICI, 11-Sep-2026,402.0,405.65,400.25,404.1,405.6,8144654,32845.62,47245,4765715.0,64.9
LICMFGOLD, 11-Sep-2026,136.4,137.0,135.0,136.3,137.2,65781,89.72,750,35358.0,58.33
LICNETFGSC, 11-Sep-2026,29.12,29.56,29.12,29.31,29.37,21752,6.37,65,17929.0,82.45
LICNETFN50, 11-Sep-2026,256.84,263.8,256.84,263.79,263.43,2585,6.73,40,1785.0,74.65
LICNETFSEN, 11-Sep-2026,841.94,841.94,838.51,841.94,844.02,6,0.05,3,6.0,100.0
LICNFNHGP, 11-Sep-2026,268.53,269.6,266.87,269.57,270.35,99,0.27,12,69.0,69.7
LICNMID100, 11-Sep-2026,62.5,62.81,61.53,62.8,62.54,31829,19.71,139,24496.0,77.45
LIKHITHA, 11-Sep-2026,213.0,219.9,209.95,217.07,213.71,88740,191.17,1952,32146.0,38.49
LINC, 11-Sep-2026,97.0,98.42,94.1,95.61,97.3,8862,8.47,410,5454.0,73.81
LINCOLN, 11-Sep-2026,635.0,635.0,619.1,623.5,634.4,34328,214.82,1815,17268.0,57.03
LINDEINDIA, 11-Sep-2026,6203.0,6250.0,6160.0,6227.5,6227.5,11729,727.98,4021,4934.0,51.12
LIQGRWBEES, 11-Sep-2026,1051.75,1055.66,1051.75,1055.41,1054.92,34508,364.19,193,15859.0,61.01
LIQUID, 11-Sep-2026,999.99,1000.0,999.99,999.99,999.99,75735,757.35,210,22289.0,41.04
LIQUID1, 11-Sep-2026,1121.98,1123.01,1120.85,1122.52,1121.97,627614,7045.17,1701,349014.0,68.94
LIQUIDADD, 11-Sep-2026,1144.55,1144.61,1144.55,1144.6,1144.03,297195,3401.68,807,188322.0,66.72
LIQUIDBEES, 11-Sep-2026,1000.0,1000.01,999.62,1000.0,999.99,3052115,30521.12,4638,1918193.0,83.42
LIQUIDBETA, 11-Sep-2026,1007.77,1007.91,1007.77,1007.91,1007.41,7,0.07,2,4.0,100.0
LIQUIDBETF, 11-Sep-2026,1098.14,1098.69,1098.14,1098.68,1098.14,592160,6505.9,160,477213.0,93.53
LIQUIDCASE, 11-Sep-2026,115.9,115.92,115.9,115.91,115.84,19174916,22225.25,20252,12351506.0,78.28
LIQUIDETF, 11-Sep-2026,1000.0,1000.01,999.99,1000.0,999.99,97436,974.36,372,57805.0,66.07
LIQUIDIETF, 11-Sep-2026,999.99,1000.01,999.99,999.99,1000.0,1126798,11267.98,274,162080.0,59.7
LIQUIDPLUS, 11-Sep-2026,1103.07,1103.09,1103.07,1103.07,1102.52,466094,5141.37,538,183541.0,86.35
LIQUIDSBI, 11-Sep-2026,999.99,1000.01,999.99,999.99,1000.0,4014,40.14,22,1986.0,54.67
LIQUIDSHRI, 11-Sep-2026,1121.3,1121.32,1121.3,1121.3,1120.8,20670,231.77,24,20561.0,100.0
LKPSEC, 11-Sep-2026,15.95,16.1,15.44,15.82,15.96,2384,0.38,72,538.0,59.98
LLOYDS, 11-Sep-2026,58.5,58.5,58.5,58.5,58.5,2000,1.17,2,2000.0,100.0
LLOYDSENGG, 11-Sep-2026,80.0,83.5,78.5,82.76,80.55,8020345,6468.32,30072,2920885.0,40.67
LLOYDSENT, 11-Sep-2026,69.36,70.24,67.6,69.79,70.01,3763753,2592.24,13692,1607050.0,46.42
LLOYDSME, 11-Sep-2026,1810.0,1819.0,1773.9,1799.6,1814.3,400758,7219.06,21393,183946.0,47.88
LMW, 11-Sep-2026,17302.0,17970.0,17255.0,17727.0,17614.0,5570,977.31,2028,1826.0,55.79
LODHA, 11-Sep-2026,1145.7,1145.8,1075.5,1116.9,1163.4,4191874,46026.95,92477,1480426.0,38.99
LOKESHMACH, 11-Sep-2026,345.8,354.9,336.55,347.15,347.25,33450,115.95,1128,14358.0,49.91
LORDSCHLO, 11-Sep-2026,136.08,139.96,135.0,137.67,139.08,10254,14.21,381,5104.0,66.4
LOTUSCHO, 11-Sep-2026,597.1,599.9,579.6,589.45,597.1,1396,8.21,180,901.0,75.46
LOTUSEYE, 11-Sep-2026,112.45,114.84,111.0,113.9,111.62,6522,7.35,286,4137.0,79.06
LOVABLE, 11-Sep-2026,72.05,72.88,70.0,71.73,71.85,40924,29.34,643,10545.0,32.4
LOWVOL, 11-Sep-2026,199.57,200.63,199.5,200.1,200.52,1327,2.66,20,663.0,50.08
LOWVOL1, 11-Sep-2026,20.46,20.61,20.36,20.51,20.46,314690,64.47,9509,214093.0,69.9
LOWVOLIETF, 11-Sep-2026,21.49,21.69,21.36,21.47,21.51,585603,125.63,10242,349083.0,72.74
LOYALTEX, 11-Sep-2026,210.0,221.2,202.51,213.83,217.6,354,0.77,45,310.0,92.54
LPDC, 11-Sep-2026,6.1,6.35,6.1,6.16,6.14,28809,1.78,124,24474.0,90.04
LRRPL, 11-Sep-2026,93.0,93.0,93.0,93.0,93.0,4500,4.19,3,4500.0,100.0
LT, 11-Sep-2026,3926.0,3948.0,3880.7,3930.7,3955.0,1195489,46801.19,101926,525168.0,50.54
LTF, 11-Sep-2026,307.15,311.55,302.7,309.1,311.3,3956142,12141.45,31375,1420717.0,38.25
LTFOODS, 11-Sep-2026,438.0,440.35,431.4,438.1,441.5,573174,2500.99,23915,207950.0,41.31
LTGILTBEES, 11-Sep-2026,29.89,29.89,29.75,29.75,29.84,1845066,549.3,754,1636287.0,94.95
LTGILTCASE, 11-Sep-2026,30.5,30.5,30.35,30.38,30.4,124569,37.84,157,96626.0,99.86
LTM, 11-Sep-2026,4300.0,4366.8,4275.0,4275.0,4374.0,349314,15051.89,31531,122697.0,44.3
LTTS, 11-Sep-2026,3370.0,3370.1,3322.1,3337.4,3377.9,32052,1071.84,10555,12115.0,43.47
LUMAXIND, 11-Sep-2026,5862.0,5942.0,5750.0,5879.5,5861.0,12470,730.19,4319,5371.0,46.01
LUMAXTECH, 11-Sep-2026,1942.0,2011.9,1893.7,1993.7,1942.6,164997,3259.73,26277,58453.0,37.93
LUMINO, 11-Sep-2026,106.0,112.8,105.65,108.81,107.93,22447623,24387.14,92621,4240037.0,21.73
LUPIN, 11-Sep-2026,2064.0,2108.5,2058.0,2095.0,2077.8,621899,13000.58,40692,302816.0,59.84
LUXIND, 11-Sep-2026,1118.4,1118.4,1097.0,1098.6,1109.2,16241,179.09,1655,7658.0,62.38
LXCHEM, 11-Sep-2026,170.0,176.39,169.0,175.56,170.63,1243946,2152.79,17620,502515.0,46.71
M&M, 11-Sep-2026,3110.0,3124.2,3069.1,3107.0,3123.8,1311484,40662.37,79214,616640.0,52.96
M&MFIN, 11-Sep-2026,355.0,357.6,351.55,356.15,359.25,2169574,7694.31,42555,1164422.0,60.47
MAANALU, 11-Sep-2026,110.5,111.38,108.0,110.4,110.79,36365,40.09,767,19463.0,60.08
MACOBSTECH, 11-Sep-2026,197.0,197.0,197.0,197.0,198.95,800,1.58,1,800.0,100.0
MACPOWER, 11-Sep-2026,1868.0,1871.6,1780.1,1843.0,1870.4,20730,379.27,3685,10905.0,57.67
MADHAV, 11-Sep-2026,37.2,37.2,36.1,36.29,36.89,328,0.12,25,249.0,92.91
MADHAVBAUG, 11-Sep-2026,157.9,160.0,157.9,159.35,158.95,5600,8.89,8,2000.0,100.0
MADHAVIPL, 11-Sep-2026,7.9,8.07,7.81,7.96,7.92,110032,8.72,379,84500.0,86.77
MADHUSUDAN, 11-Sep-2026,241.8,241.8,232.05,238.0,234.0,20000,47.43,20,17000.0,89.47
MADRASFERT, 11-Sep-2026,62.0,62.64,61.51,61.83,62.6,52408,32.37,871,32334.0,68.6
MAFANG, 11-Sep-2026,227.96,239.98,221.0,235.56,225.7,802166,1870.51,16335,370127.0,50.91
MAFATIND, 11-Sep-2026,122.7,123.58,120.15,122.57,122.85,18322,22.49,406,12128.0,79.14
MAGADSUGAR, 11-Sep-2026,554.0,554.9,530.3,543.8,554.65,39314,213.82,2813,16115.0,44.68
MAGNUM, 11-Sep-2026,19.49,19.49,18.51,18.73,19.1,12351,2.34,99,8692.0,94.94
MAHABANK, 11-Sep-2026,83.8,84.9,83.05,84.2,84.35,21676225,18207.07,55078,10542258.0,54.08
MAHAPEXLTD, 11-Sep-2026,57.63,57.63,54.0,54.57,56.23,6489,3.58,236,2681.0,42.68
MAHEPC, 11-Sep-2026,102.64,102.89,101.51,101.82,102.65,15709,16.02,314,9996.0,80.17
MAHICKRA, 11-Sep-2026,300.0,306.0,295.0,305.95,302.5,8250,24.95,8,5250.0,63.64
MAHKTECH, 11-Sep-2026,23.8,23.8,21.2,22.03,22.24,1130987,250.1,6815,655372.0,69.88
MAHLIFE, 11-Sep-2026,359.6,360.0,349.1,353.05,359.65,105958,374.0,7234,47974.0,51.32
MAHLOG, 11-Sep-2026,399.85,399.9,392.6,397.2,400.1,90944,360.19,3482,36257.0,45.91
MAHSCOOTER, 11-Sep-2026,13098.0,13120.0,12852.0,12964.0,13098.0,1980,256.57,964,926.0,57.95
MAHSEAMLES, 11-Sep-2026,720.95,738.0,707.25,728.9,718.95,1045480,7571.4,44277,380343.0,39.11
MAITHANALL, 11-Sep-2026,1050.0,1058.0,1026.55,1045.85,1055.6,91972,959.7,5844,41186.0,51.15
MAITREYA, 11-Sep-2026,114.05,120.0,114.05,116.0,121.0,1600,1.87,4,400.0,33.33
MAKEINDIA, 11-Sep-2026,163.46,163.46,161.29,162.79,163.9,68217,110.62,767,28408.0,49.44
MAKERSL, 11-Sep-2026,177.05,189.0,175.98,185.87,177.97,4047,7.31,119,2613.0,93.45
MAKS, 11-Sep-2026,15.25,15.25,15.1,15.1,15.8,3000,0.46,2,3000.0,100.0
MAL, 11-Sep-2026,48.7,48.7,48.7,48.7,46.4,25600,12.47,13,25600.0,100.0
MALLCOM, 11-Sep-2026,970.05,980.0,943.0,952.15,976.3,8524,82.02,535,4250.0,83.79
MALUPAPER, 11-Sep-2026,33.9,34.89,33.65,34.53,34.39,8781,3.01,103,5293.0,64.72
MAMATA, 11-Sep-2026,408.85,417.0,403.4,407.85,409.45,22417,91.47,1738,9838.0,49.8
MANAKALUCO, 11-Sep-2026,38.17,38.19,36.75,36.87,37.69,147808,54.79,992,83575.0,79.31
MANAKCOAT, 11-Sep-2026,123.9,129.8,121.53,128.53,124.37,734495,927.59,8717,229741.0,37.12
MANAKSIA, 11-Sep-2026,69.45,73.4,68.91,70.95,70.51,221417,158.54,2542,117674.0,57.65
MANALIPETC, 11-Sep-2026,85.49,87.65,82.22,84.93,86.27,2153198,1830.26,16570,553184.0,27.83
MANAPPURAM, 11-Sep-2026,324.75,329.1,323.1,329.0,330.8,3460959,11295.23,28750,1245922.0,38.32
MANAV, 11-Sep-2026,40.75,40.75,40.75,40.75,40.0,12000,4.89,1,12000.0,100.0
MANBA, 11-Sep-2026,131.48,133.99,130.21,132.47,131.48,58753,77.35,708,10511.0,21.81
MANCREDIT, 11-Sep-2026,221.5,222.0,215.25,219.9,218.58,17559,38.37,660,9150.0,60.7
MANGALAM, 11-Sep-2026,35.0,38.25,33.11,36.46,34.88,385169,140.28,2704,199502.0,55.71
MANGLMCEM, 11-Sep-2026,1015.0,1038.2,1014.7,1028.0,1026.7,75011,769.19,4519,36127.0,59.12
MANILAM, 11-Sep-2026,43.0,45.45,41.5,43.45,44.5,16000,6.8,7,12000.0,85.71
MANINDS, 11-Sep-2026,873.0,904.0,819.1,866.1,876.45,4525404,39360.16,180133,825891.0,19.05
MANINFRA, 11-Sep-2026,127.95,127.95,125.7,126.87,128.66,1968685,2496.04,9898,1116689.0,64.68
MANIPALHOS, 11-Sep-2026,732.05,733.5,714.4,717.35,733.25,725068,5218.34,23224,302406.0,51.23
MANKIND, 11-Sep-2026,2237.2,2280.0,2222.0,2280.0,2238.4,530698,11968.49,18199,362963.0,71.5
MANOMAY, 11-Sep-2026,234.8,236.0,231.27,234.19,234.86,118616,276.98,3266,18215.0,26.55
MANORAMA, 11-Sep-2026,2078.9,2080.0,2040.1,2055.7,2085.0,120283,2474.1,16102,50055.0,48.27
MANORG, 11-Sep-2026,459.0,470.05,450.25,466.45,458.8,7599,35.09,233,3753.0,74.42
MANUFGBEES, 11-Sep-2026,161.5,166.38,159.05,160.93,162.21,4576,7.34,199,3173.0,81.07
MANYAVAR, 11-Sep-2026,575.8,584.5,562.0,582.35,576.6,230359,1325.98,13094,78464.0,39.14
MAPMYINDIA, 11-Sep-2026,940.0,943.4,921.4,925.8,939.9,154456,1439.37,12809,53463.0,39.21
MARALOVER, 11-Sep-2026,63.35,63.35,59.0,62.41,62.65,12281,7.46,247,9719.0,81.25
MARATHON, 11-Sep-2026,444.0,444.0,428.0,435.45,438.5,87056,376.9,3039,47022.0,63.18
MARC, 11-Sep-2026,142.5,145.0,142.5,143.15,151.0,9600,13.78,8,6000.0,83.33
MARCO, 11-Sep-2026,31.25,31.75,31.25,31.5,31.1,6000,1.89,4,3000.0,100.0
MARICO, 11-Sep-2026,797.0,810.0,795.7,802.1,803.0,1533624,12330.46,79764,858257.0,63.99
MARINE, 11-Sep-2026,413.0,425.65,390.0,419.15,408.85,774758,3178.94,24505,261184.0,39.81
MARKOLINES, 11-Sep-2026,172.79,172.9,168.88,170.86,171.42,84274,144.07,1167,26885.0,35.78
MARKSANS, 11-Sep-2026,325.0,333.75,324.2,329.4,330.4,1631814,5374.85,28562,630909.0,43.07
MARSONS, 11-Sep-2026,125.38,128.4,122.46,127.24,125.38,1265195,1586.68,12063,394355.0,37.57
MARUSHIKA, 11-Sep-2026,116.0,120.0,116.0,119.95,119.7,28800,34.48,21,12000.0,100.0
MARUTI, 11-Sep-2026,12520.0,12541.0,12381.0,12400.0,12590.0,514868,63986.36,53733,278193.0,61.44
MASFIN, 11-Sep-2026,291.0,298.4,288.0,295.95,294.45,267840,787.6,15064,153055.0,72.09
MASKINVEST, 11-Sep-2026,146.0,154.89,141.19,145.36,148.62,671,0.98,19,515.0,99.42
MASON, 11-Sep-2026,114.0,114.4,111.0,113.0,113.4,10000,11.24,18,6500.0,76.47
MASPTOP50, 11-Sep-2026,97.96,103.96,91.36,93.97,95.58,1819204,1766.15,13128,597126.0,51.55
MASTEK, 11-Sep-2026,1610.0,1643.9,1593.8,1626.3,1610.0,115370,1871.33,11320,38432.0,43.53
MASTER, 11-Sep-2026,415.0,415.0,415.0,415.0,415.0,500,2.08,1,500.0,100.0
MASTERTR, 11-Sep-2026,91.99,93.4,88.77,90.61,92.35,346480,312.38,2313,84784.0,29.19
MATRIMONY, 11-Sep-2026,508.65,519.0,502.65,514.8,510.6,11096,56.75,763,5826.0,63.8
MAWANASUG, 11-Sep-2026,135.0,138.19,132.4,134.63,135.7,308048,415.67,4508,110317.0,43.02
MAXESTATES, 11-Sep-2026,557.85,568.0,537.95,560.45,559.75,105077,585.04,4200,62561.0,64.33
MAXHEALTH, 11-Sep-2026,1028.2,1041.5,1022.7,1037.7,1038.6,2506618,25867.39,43543,1302769.0,58.79
MAXIND, 11-Sep-2026,145.5,147.31,144.47,146.0,147.42,45617,66.4,1209,23091.0,63.33
MAXPOSURE, 11-Sep-2026,30.0,31.8,30.0,31.15,29.15,31000,9.52,22,28000.0,100.0
MAXVOLT, 11-Sep-2026,325.0,349.2,325.0,349.2,332.6,72800,250.22,117,63600.0,87.36
MAYASHEEL, 11-Sep-2026,33.0,35.95,33.0,34.8,35.5,18000,6.19,6,9000.0,75.0
MAYURUNIQ, 11-Sep-2026,747.85,755.0,738.3,740.05,756.55,80412,599.53,4991,35574.0,50.07
MAZDOCK, 11-Sep-2026,2367.6,2367.6,2315.4,2339.0,2383.2,509510,11871.44,31305,178700.0,38.02
MBAPL, 11-Sep-2026,162.05,162.25,159.63,160.87,161.2,613250,986.42,5565,290993.0,56.75
MBEL, 11-Sep-2026,259.0,259.3,249.65,254.2,259.35,220155,560.14,19060,102397.0,52.17
MBLINFRA, 11-Sep-2026,23.7,23.7,22.7,23.0,23.13,12917,3.0,83,7551.0,62.95
MCCHRLS-B, 11-Sep-2026,720.0,720.0,670.0,673.9,679.0,4933,33.26,74,2832.0,99.96
MCL, 11-Sep-2026,59.9,59.9,57.56,57.92,59.86,39370,22.89,892,23668.0,67.68
MCLEODRUSS, 11-Sep-2026,44.2,44.51,42.15,43.28,44.05,258616,112.84,1238,144325.0,59.85
MCLOUD, 11-Sep-2026,26.0,26.01,25.55,25.67,25.99,940129,241.7,2665,424125.0,61.2
MCON, 11-Sep-2026,41.0,41.2,40.0,41.2,41.65,10000,4.03,10,9000.0,90.0
MCX, 11-Sep-2026,3326.0,3389.0,3247.2,3276.0,3300.0,1686562,55434.51,77439,596955.0,37.41
MEDANTA, 11-Sep-2026,1450.1,1459.7,1432.3,1447.2,1459.6,74678,1080.94,10787,26212.0,41.42
MEDIASSIST, 11-Sep-2026,320.6,321.0,311.05,316.4,323.05,178119,562.29,7487,78540.0,54.15
MEDICAMEQ, 11-Sep-2026,301.0,330.0,289.45,323.05,307.5,191712,604.31,5257,86691.0,49.5
MEDICAPQ, 11-Sep-2026,34.59,36.2,31.7,31.7,35.22,64727,21.0,536,39557.0,62.28
MEDICO, 11-Sep-2026,35.15,38.75,34.86,37.05,35.42,1342990,493.72,26411,355997.0,59.85
MEDIORG, 11-Sep-2026,23.95,25.0,23.95,23.95,25.2,12000,2.9,6,10000.0,83.33
MEDISTEP, 11-Sep-2026,21.0,22.5,21.0,22.5,23.4,6000,1.31,2,6000.0,100.0
MEDPLUS, 11-Sep-2026,658.0,661.45,654.0,660.15,658.05,78313,514.19,3559,55621.0,74.71
MEESHO, 11-Sep-2026,215.0,223.1,214.5,217.08,217.91,27172498,59601.85,181139,12608997.0,54.17
MEGAFLEX, 11-Sep-2026,97.0,97.0,96.0,96.0,101.0,2000,1.93,2,2000.0,100.0
MEGASTAR, 11-Sep-2026,295.0,295.0,267.75,277.5,284.95,1349,3.76,111,812.0,68.18
MEGATHERM, 11-Sep-2026,239.0,253.5,239.0,251.0,235.05,126800,307.95,118,107200.0,93.38
MEIL, 11-Sep-2026,277.0,284.0,272.0,282.1,280.2,33612,92.98,853,16679.0,53.96
MERCANTILE, 11-Sep-2026,24.0,24.78,23.52,23.86,24.03,3994,0.95,53,2074.0,91.0
MERCURYEV, 11-Sep-2026,41.51,44.05,40.71,41.86,41.61,2352177,995.92,10005,1286454.0,56.47
METAL, 11-Sep-2026,13.72,13.72,13.03,13.16,13.39,2627619,345.15,5116,931349.0,54.21
METALIC, 11-Sep-2026,138.0,147.0,137.5,147.0,140.0,128000,185.25,72,112000.0,87.5
METALIETF, 11-Sep-2026,13.34,13.35,12.98,13.1,13.34,24846699,3245.34,13193,17088524.0,71.24
METROBRAND, 11-Sep-2026,940.25,950.0,922.6,940.2,952.1,466848,4388.99,8425,421897.0,92.08
METROGLOBL, 11-Sep-2026,141.99,145.0,128.7,138.58,140.97,6913,9.61,133,2782.0,40.29
METROPOLIS, 11-Sep-2026,598.1,598.1,583.0,585.5,595.65,121416,713.5,9745,56327.0,51.48
MFML, 11-Sep-2026,18.81,19.0,18.52,18.52,18.94,2771,0.52,39,2274.0,99.34
MFSL, 11-Sep-2026,1468.0,1488.0,1453.6,1477.0,1479.9,350366,5171.3,23288,192906.0,64.67
MGEL, 11-Sep-2026,15.72,16.6,15.6,15.86,16.03,337674,53.69,685,184010.0,71.45
MGL, 11-Sep-2026,1099.9,1099.9,1080.4,1084.3,1100.8,76835,835.33,9854,37891.0,57.8
MGSL, 11-Sep-2026,64.15,74.0,62.85,74.0,65.55,42000,28.83,33,33600.0,82.35
MHHL, 11-Sep-2026,32.0,33.95,31.7,33.85,32.5,7500,2.45,5,4500.0,75.0
MHRIL, 11-Sep-2026,195.0,199.95,193.97,196.73,196.57,136133,268.37,3497,78886.0,65.33
MICROPRO, 11-Sep-2026,19.0,19.0,19.0,19.0,19.0,1600,0.3,1,1600.0,100.0
MID150, 11-Sep-2026,23.25,23.59,22.97,23.25,23.14,52420,12.13,279,34284.0,66.68
MID150BEES, 11-Sep-2026,242.53,242.53,233.49,236.63,236.62,895099,2104.97,10679,480790.0,57.85
MID150CASE, 11-Sep-2026,11.28,11.6,11.28,11.51,11.51,1149059,131.57,3463,644920.0,64.86
MIDBANKADD, 11-Sep-2026,17.18,17.39,17.18,17.39,17.4,2320,0.4,23,2212.0,95.34
MIDCAP, 11-Sep-2026,18.69,18.69,18.04,18.31,18.32,670228,121.8,1362,399121.0,61.39
MIDCAPADD, 11-Sep-2026,22.69,22.98,22.66,22.89,22.98,11142,2.54,151,7863.0,94.64
MIDCAPBETA, 11-Sep-2026,230.11,230.62,227.98,230.43,232.43,1517,3.48,49,1450.0,95.58
MIDCAPETF, 11-Sep-2026,23.5,23.5,23.1,23.39,23.41,2535292,589.33,6855,1737379.0,76.64
MIDCAPIETF, 11-Sep-2026,23.86,23.86,23.37,23.71,23.73,831090,195.69,2822,486825.0,64.72
MIDHANI, 11-Sep-2026,461.0,461.0,442.5,447.4,463.35,1941042,8713.55,41834,642715.0,37.12
MIDQ50ADD, 11-Sep-2026,24.88,24.88,24.1,24.33,24.39,26379,6.39,149,23187.0,90.99
MIDSELIETF, 11-Sep-2026,19.56,19.88,19.41,19.78,19.65,212799,41.85,646,123711.0,60.76
MIDSMALL, 11-Sep-2026,51.48,51.65,50.8,51.56,51.56,390431,199.88,1051,235338.0,73.49
MIDWESTLTD, 11-Sep-2026,1066.7,1066.7,1005.5,1016.4,1065.5,61358,627.58,4768,30489.0,53.89
MIEL, 11-Sep-2026,12.3,12.3,12.3,12.3,12.6,2000,0.25,1,2000.0,100.0
MIIL, 11-Sep-2026,699.95,699.95,669.95,676.45,687.2,76449,517.83,1852,15384.0,20.68
MILKYMIST, 11-Sep-2026,279.0,292.77,276.83,292.77,278.83,8807785,25276.37,68325,3014398.0,34.33
MINDACORP, 11-Sep-2026,698.0,708.0,693.1,705.45,703.1,109889,772.75,9900,44548.0,47.56
MINDSPACE, 11-Sep-2026,492.97,494.85,491.1,491.66,492.42,122499,603.19,3977,98267.0,88.63
MINDTECK, 11-Sep-2026,160.0,161.39,156.61,158.61,160.0,35491,56.26,1170,16797.0,62.91
MIRZAINT, 11-Sep-2026,30.81,31.0,30.31,30.63,30.81,55731,17.01,614,34814.0,72.7
MITCON, 11-Sep-2026,82.0,82.0,79.1,80.15,81.65,9000,7.22,111,8340.0,96.24
MITTAL, 11-Sep-2026,0.82,0.83,0.78,0.8,0.83,3402263,27.43,835,2327701.0,74.81
MKEXIM, 11-Sep-2026,65.9,65.9,61.2,64.99,65.73,33700,21.18,606,23025.0,78.38
MKPL, 11-Sep-2026,4.01,4.05,3.68,3.96,4.01,121039,4.78,484,70420.0,61.55
MLKFOOD, 11-Sep-2026,83.42,83.42,79.0,80.64,83.42,3274,2.62,132,2923.0,90.69
MMEL, 11-Sep-2026,27.25,27.25,27.0,27.0,26.25,4000,1.09,2,4000.0,100.0
MMFL, 11-Sep-2026,644.15,644.7,626.6,631.7,644.1,71004,449.09,4935,34375.0,52.82
MMP, 11-Sep-2026,445.0,475.0,439.7,469.95,447.8,94390,431.57,3320,38650.0,54.83
MMTC, 11-Sep-2026,62.25,62.36,61.06,61.92,62.23,1116559,686.79,8087,395747.0,39.88
MMWL, 11-Sep-2026,14.09,14.09,13.31,13.46,13.87,16167,2.18,127,9951.0,79.94
MNC, 11-Sep-2026,33.06,33.06,32.4,32.71,32.9,119113,38.89,575,59592.0,81.37
MOALPHA50, 11-Sep-2026,56.05,56.26,55.55,56.12,56.43,6468,3.61,92,5390.0,91.56
MOBANK10, 11-Sep-2026,16.65,16.65,16.32,16.65,16.51,2913,0.48,67,2436.0,83.68
MOBIKWIK, 11-Sep-2026,194.42,220.22,193.21,209.7,194.68,18106631,38222.86,202184,2699938.0,17.16
MOCAPITAL, 11-Sep-2026,53.63,54.45,52.56,53.99,53.63,971245,517.19,3817,544511.0,61.34
MODEFENCE, 11-Sep-2026,110.0,110.0,105.85,106.73,107.62,1297463,1381.61,9644,593691.0,52.81
MODINATUR, 11-Sep-2026,350.0,362.15,335.1,339.7,355.3,15368,53.14,500,9162.0,82.33
MODIRUBBER, 11-Sep-2026,126.64,126.64,122.4,123.91,125.39,1863,2.3,88,1393.0,75.58
MODIS, 11-Sep-2026,373.3,373.3,364.05,365.5,373.85,10813,39.61,593,5771.0,63.68
MODTHREAD, 11-Sep-2026,51.02,53.5,50.21,52.92,51.62,1510,0.79,70,882.0,58.45
MOENERGY, 11-Sep-2026,38.8,38.8,38.0,38.06,38.15,196018,74.86,618,158398.0,86.37
MOGOLD, 11-Sep-2026,149.8,150.5,148.1,149.8,150.75,15805,23.62,304,9306.0,76.23
MOGSEC, 11-Sep-2026,65.69,65.7,65.08,65.17,65.64,1358,0.89,27,1334.0,98.6
MOHEALTH, 11-Sep-2026,52.08,52.28,51.33,52.15,51.83,37848,19.65,509,23436.0,66.85
MOHITE, 11-Sep-2026,2.78,2.78,2.38,2.63,2.75,242470,6.18,237,154232.0,69.57
MOHITIND, 11-Sep-2026,23.5,23.95,22.67,23.23,23.55,12041,2.81,133,9135.0,83.4
MOIL, 11-Sep-2026,248.6,248.6,244.36,244.93,250.18,820722,2015.27,14348,386978.0,57.59
MOINFRA, 11-Sep-2026,58.66,58.87,58.25,58.73,58.93,917,0.54,69,511.0,69.81
MOIPO, 11-Sep-2026,48.09,48.71,47.79,48.7,48.68,5307,2.56,48,2634.0,57.06
MOKSH, 11-Sep-2026,10.23,10.7,9.99,10.31,10.18,352186,36.84,790,135855.0,39.58
MOL, 11-Sep-2026,61.99,63.25,60.61,62.52,62.55,903722,558.03,6355,300899.0,37.53
MOLBIO, 11-Sep-2026,1545.0,1686.8,1391.7,1438.2,1509.4,22057840,341712.34,828870,1968448.0,9.36
MOLDTKPAC, 11-Sep-2026,685.0,685.0,662.85,676.45,685.45,45072,303.22,3471,20636.0,51.7
MOLOWVOL, 11-Sep-2026,35.58,35.58,35.06,35.33,35.41,4926,1.74,50,2500.0,53.09
MOM100, 11-Sep-2026,67.31,67.5,66.28,67.29,67.31,350787,234.01,3346,203255.0,62.23
MOM30IETF, 11-Sep-2026,31.37,31.37,30.86,31.3,31.39,846206,263.14,2280,537681.0,71.72
MOM50, 11-Sep-2026,244.44,246.88,244.01,246.88,245.5,3523,8.62,77,1481.0,46.04
MOMENTUM, 11-Sep-2026,31.8,31.98,30.76,31.61,31.33,61704,19.12,330,41064.0,68.39
MOMENTUM30, 11-Sep-2026,30.55,30.81,30.37,30.63,30.9,51053,15.6,220,33392.0,69.31
MOMENTUM50, 11-Sep-2026,54.41,54.7,53.67,54.52,54.6,412402,223.53,10990,290118.0,73.75
MOMETAL, 11-Sep-2026,13.3,13.3,12.87,13.07,13.28,93214,12.05,82,6071.0,6.64
MOMGF, 11-Sep-2026,158.98,160.28,157.9,160.0,161.04,2350,3.74,42,2010.0,85.53
MOMIDMTM, 11-Sep-2026,64.25,64.75,63.39,64.37,64.35,37777,24.11,369,26211.0,72.5
MOMMIDCAP, 11-Sep-2026,12.91,13.01,12.8,12.99,12.99,1529959,197.58,1739,823765.0,70.93
MOMNC, 11-Sep-2026,32.61,32.61,31.37,31.85,31.97,6101,1.93,33,2086.0,41.43
MOMOMENTUM, 11-Sep-2026,62.8,62.88,61.31,62.07,62.29,49442,30.51,472,25325.0,53.82
MON100, 11-Sep-2026,331.0,338.0,324.87,332.83,333.21,624312,2070.22,19793,351823.0,62.89
MON50EQUAL, 11-Sep-2026,32.5,32.57,32.3,32.51,32.68,3476,1.13,65,2982.0,90.12
MONARCH, 11-Sep-2026,370.0,376.0,363.3,373.95,370.95,125966,465.27,1876,51782.0,50.55
MONEXT50, 11-Sep-2026,71.56,72.46,71.18,71.9,72.67,6729,4.83,109,4361.0,66.02
MONEYBOXX, 11-Sep-2026,36.0,40.86,36.0,40.86,37.15,182568,73.81,1114,102311.0,57.3
MONIFTY100, 11-Sep-2026,24.61,24.81,24.6,24.78,24.62,3430,0.85,51,3430.0,100.0
MONIFTY500, 11-Sep-2026,23.49,23.74,23.25,23.53,23.5,476815,111.58,1737,348121.0,80.29
MONOLITH, 11-Sep-2026,1490.0,1505.0,1411.05,1432.55,1446.4,108250,1584.79,368,64750.0,64.11
MONQ50, 11-Sep-2026,198.99,218.7,190.26,216.35,199.89,805626,1675.69,14687,277016.0,38.12
MONTECARLO, 11-Sep-2026,556.05,557.8,548.0,555.45,556.05,35635,196.45,1551,19164.0,60.36
MOOILGAS, 11-Sep-2026,11.27,11.4,10.92,11.34,11.04,11555,1.29,53,2736.0,64.8
MOPSE, 11-Sep-2026,99.23,99.41,98.53,99.27,99.68,1829,1.81,13,1060.0,57.96
MOQUALITY, 11-Sep-2026,193.74,195.0,193.74,194.92,195.85,1640,3.19,41,1218.0,92.41
MOREALTY, 11-Sep-2026,90.1,90.1,83.51,85.21,87.52,4236073,3559.67,6859,3169142.0,75.75
MOREPENLAB, 11-Sep-2026,114.5,117.7,111.01,115.78,115.28,15303804,17515.95,57553,4638461.0,32.83
MOS, 11-Sep-2026,6.0,6.3,6.0,6.0,6.3,916000,55.04,150,820000.0,91.93
MOSCHIP, 11-Sep-2026,206.7,211.75,204.0,210.29,206.69,1607823,3340.96,21161,505938.0,34.43
MOSERVICE, 11-Sep-2026,30.13,30.35,29.81,30.33,30.13,1731,0.52,39,1576.0,91.84
MOSILVER, 11-Sep-2026,225.98,225.98,221.29,224.35,230.84,47162,105.46,1345,12739.0,27.68
MOSMALL250, 11-Sep-2026,18.97,18.97,18.25,18.41,18.51,1053169,193.39,2701,633493.0,63.78
MOTHERSON, 11-Sep-2026,161.44,165.58,160.71,164.45,163.2,13200183,21645.94,88798,7094445.0,59.1
MOTILALOFS, 11-Sep-2026,1003.3,1030.7,988.0,1026.5,1015.0,625141,6320.71,25526,206427.0,35.43
MOTISONS, 11-Sep-2026,15.99,16.1,15.62,15.95,16.01,10279100,1625.04,10256,2291227.0,27.47
MOTOGENFIN, 11-Sep-2026,26.56,26.86,25.16,25.59,26.87,26188,6.88,105,20734.0,87.79
MOTOUR, 11-Sep-2026,76.5,77.32,75.53,76.85,76.58,12352,9.42,204,8354.0,76.35
MOVALUE, 11-Sep-2026,111.59,112.0,109.64,111.48,111.59,45242,50.11,780,25249.0,58.62
MOXSH, 11-Sep-2026,90.1,93.9,90.1,93.9,93.7,4800,4.45,3,3200.0,66.67
MPEL, 11-Sep-2026,22.35,22.35,22.35,22.35,23.5,4800,1.07,3,4800.0,100.0
MPEL-RE, 11-Sep-2026,2.5,3.0,2.0,2.0,2.5,268800,5.76,38,176000.0,100.0
MPHASIS, 11-Sep-2026,2275.0,2309.2,2273.3,2295.0,2291.7,184932,4237.16,13205,81956.0,49.53
MPSLTD, 11-Sep-2026,2705.9,2705.9,2600.0,2608.5,2705.9,26139,686.85,4267,13883.0,62.51
MRF, 11-Sep-2026,128105.0,128765.0,127015.0,128290.0,128270.0,2143,2742.9,1748,742.0,41.38
MRIL, 11-Sep-2026,71.5,72.45,71.5,72.4,69.0,27200,19.65,17,20800.0,100.0
MRPL, 11-Sep-2026,183.99,186.83,173.51,175.86,181.32,15708657,27974.96,85352,3727331.0,26.28
MSCI360, 11-Sep-2026,9.86,10.09,9.8,9.94,9.96,15049,1.48,44,14271.0,97.75
MSCIADD, 11-Sep-2026,28.9,28.95,28.66,28.92,28.95,594,0.17,18,273.0,51.41
MSCIINDIA, 11-Sep-2026,29.18,29.4,28.94,29.11,29.29,4111,1.2,197,3667.0,97.27
MSL, 11-Sep-2026,149.0,149.0,140.0,141.56,149.0,236,0.34,12,166.0,100.0
MSPL, 11-Sep-2026,34.11,34.53,33.06,33.96,34.4,493940,167.52,1980,275609.0,63.8
MSTCLTD, 11-Sep-2026,727.0,758.95,717.0,738.55,737.55,311849,2307.64,15397,92496.0,32.66
MSUMI, 11-Sep-2026,36.27,36.55,36.02,36.3,36.34,7815501,2836.83,30636,3737035.0,58.34
MTNL, 11-Sep-2026,25.0,25.06,24.61,24.74,25.1,581753,144.26,2771,244512.0,48.97
MUFIN, 11-Sep-2026,134.8,135.84,133.6,134.76,135.22,233975,315.05,1795,97497.0,62.64
MUFTI, 11-Sep-2026,74.09,74.5,72.5,72.78,74.09,70139,51.4,1054,44084.0,70.67
MUKANDLTD, 11-Sep-2026,140.89,140.89,137.81,139.48,142.57,78890,109.81,1581,41357.0,58.01
MUKESHB, 11-Sep-2026,132.5,133.0,132.5,133.0,132.5,13,0.02,2,8.0,100.0
MUKKA, 11-Sep-2026,30.57,33.0,28.56,32.17,30.57,1909923,596.68,5839,397391.0,51.01
MULTICAP, 11-Sep-2026,16.86,16.86,16.37,16.51,16.53,258604,42.62,630,189653.0,74.87
MUNISH, 11-Sep-2026,93.2,93.2,93.0,93.0,95.0,6000,5.59,4,4800.0,100.0
MUNJALAU, 11-Sep-2026,109.0,109.01,105.1,106.64,109.17,457549,488.26,4698,176018.0,46.41
MUNJALSHOW, 11-Sep-2026,127.47,128.4,125.42,127.66,127.07,14894,18.91,481,8265.0,64.11
MURUDCERA, 11-Sep-2026,29.76,30.4,29.21,29.78,30.0,11028,3.26,122,7902.0,79.54
MUTHOOTCAP, 11-Sep-2026,230.0,235.02,225.0,226.85,232.44,11199,25.78,525,6867.0,69.22
MUTHOOTFIN, 11-Sep-2026,2790.0,2820.0,2728.6,2792.1,2841.5,1015297,28058.11,52179,245884.0,26.11
MUTHOOTMF, 11-Sep-2026,196.13,197.0,190.25,196.48,196.13,130018,253.43,3451,59295.0,50.9
MVELECTRO, 11-Sep-2026,843.0,874.25,817.5,841.7,835.45,4580933,38528.45,107775,423457.0,9.75
MVGJL, 11-Sep-2026,208.7,208.7,195.6,197.37,208.78,332881,672.1,5807,145602.0,55.47
MVKAGRO, 11-Sep-2026,301.55,301.55,276.5,299.8,287.2,900600,2683.55,1406,560700.0,65.6
MWL, 11-Sep-2026,38.95,41.9,38.25,40.6,39.56,1344494,534.02,5740,449581.0,37.16
MYMUDRA, 11-Sep-2026,67.1,68.0,63.65,64.8,67.2,40800,26.75,33,27600.0,74.19
NACLIND, 11-Sep-2026,157.96,158.89,156.6,157.62,159.49,259054,408.6,5897,113449.0,57.51
NAGREEKCAP, 11-Sep-2026,22.98,25.15,22.31,24.9,22.87,17663,4.38,110,642.0,97.13
NAGREEKEXP, 11-Sep-2026,22.33,22.74,22.26,22.4,22.33,9711,2.18,89,7268.0,76.5
NAHARCAP, 11-Sep-2026,258.6,259.0,252.0,258.9,256.9,1192,3.04,57,1061.0,93.32
NAHARINDUS, 11-Sep-2026,133.89,134.7,130.1,131.62,133.89,14797,19.55,489,8299.0,68.43
NAHARPOLY, 11-Sep-2026,240.92,240.92,230.1,231.87,233.77,3654,8.48,216,2452.0,72.42
NAHARSPING, 11-Sep-2026,267.0,275.0,264.8,273.1,270.8,22807,61.59,1042,13327.0,68.92
NAM-INDIA, 11-Sep-2026,1169.0,1192.0,1159.4,1189.6,1185.0,776467,9133.39,53666,368884.0,54.65
NAMOEWASTE, 11-Sep-2026,274.5,285.0,272.0,284.25,277.85,16000,44.87,20,8800.0,91.67
NARMADA, 11-Sep-2026,13.89,14.49,13.82,14.38,14.05,319864,45.55,756,119710.0,49.17
NATCOPHARM, 11-Sep-2026,816.1,821.45,801.4,815.35,818.65,567956,4594.2,35314,254682.0,57.38
NATHBIOGEN, 11-Sep-2026,150.95,150.95,141.3,147.78,152.51,29647,43.19,669,18855.0,68.34
NATIONALUM, 11-Sep-2026,365.0,365.0,352.35,361.0,373.35,6560514,23506.95,78438,2285192.0,36.71
NATIONSTD, 11-Sep-2026,116.5,116.5,110.1,110.11,115.89,24335,27.18,504,14412.0,64.97
NAUKRI, 11-Sep-2026,1250.0,1262.1,1244.8,1250.8,1265.0,524171,6566.55,22795,256659.0,55.62
NAVA, 11-Sep-2026,555.0,555.0,546.5,551.85,558.35,169081,930.96,8735,83377.0,57.7
NAVINFLUOR, 11-Sep-2026,8671.0,8699.5,8486.5,8543.5,8700.5,86538,7438.22,16839,38880.0,56.37
NAVKARCORP, 11-Sep-2026,93.55,94.28,92.6,93.58,93.85,143303,133.81,1889,75901.0,59.89
NAVNETEDUL, 11-Sep-2026,127.61,128.3,126.61,127.85,127.69,49863,63.64,738,30196.0,78.44
NAZARA, 11-Sep-2026,372.4,374.6,362.0,370.3,374.65,1148490,4233.43,25222,464743.0,48.97
NBCC, 11-Sep-2026,82.88,83.14,82.0,82.9,83.94,6012573,4959.18,27962,2195902.0,39.34
NBIFIN, 11-Sep-2026,1960.0,2020.0,1960.0,2020.0,2010.0,28,0.56,8,25.0,89.29
NCC, 11-Sep-2026,142.25,142.39,138.8,140.94,143.15,1687263,2367.53,19086,744147.0,47.37
NCLIND, 11-Sep-2026,176.51,177.89,171.82,175.05,178.11,60944,106.14,1125,28395.0,49.68
NDGL, 11-Sep-2026,2660.0,2705.0,2648.9,2692.2,2716.0,203,5.45,35,165.0,90.16
NDL, 11-Sep-2026,2.95,2.95,2.82,2.86,2.9,711856,20.34,1046,465741.0,77.26
NDLVENTURE, 11-Sep-2026,129.0,131.5,121.07,125.43,126.46,55538,70.34,651,31257.0,85.65
NDRAUTO, 11-Sep-2026,701.15,701.15,684.9,692.85,702.25,13350,92.54,1556,5855.0,57.31
NDTV, 11-Sep-2026,72.29,72.61,70.1,72.02,72.29,89989,64.35,1246,44477.0,57.14
NEAGI, 11-Sep-2026,3443.0,3443.0,3435.0,3435.0,3469.0,11,0.38,4,10.0,100.0
NECLIFE, 11-Sep-2026,11.93,12.18,11.41,11.5,11.93,110885,12.94,474,74269.0,79.25
NELCAST, 11-Sep-2026,110.0,110.0,107.71,108.56,110.0,67750,73.72,1537,33736.0,54.56
NELCO, 11-Sep-2026,932.05,955.0,919.6,947.25,937.55,159706,1493.03,6701,59556.0,45.48
NEOCHEM, 11-Sep-2026,98.0,104.3,98.0,102.15,103.5,18000,18.35,15,12000.0,71.43
NEOGEN, 11-Sep-2026,2390.0,2411.0,2274.4,2373.0,2388.9,409164,9646.34,39042,155777.0,40.32
NEPHROCARE, 11-Sep-2026,91.45,94.45,91.45,93.2,91.45,28800,26.83,61,18800.0,77.05
NEPHROPLUS, 11-Sep-2026,747.25,781.5,734.05,765.35,747.25,337264,2584.66,25011,120630.0,38.17
NEPTUNE, 11-Sep-2026,180.95,184.0,179.0,179.05,176.5,4500,8.14,8,3500.0,100.0
NESCO, 11-Sep-2026,1090.0,1109.8,1090.0,1102.2,1091.2,39091,428.78,3865,21901.0,63.59
NESTLEIND, 11-Sep-2026,1376.7,1401.2,1373.5,1383.3,1386.2,1238699,17181.73,50378,609191.0,56.15
NETF, 11-Sep-2026,263.11,263.11,253.54,254.79,256.7,8327,21.16,188,7859.0,95.69
NETWEB, 11-Sep-2026,4967.5,5055.0,4916.0,5027.0,5013.5,870299,43485.06,61505,175942.0,23.38
NETWORK18, 11-Sep-2026,26.61,26.89,26.35,26.64,26.83,3839278,1022.87,8321,1668563.0,51.29
NEULANDLAB, 11-Sep-2026,23780.0,23895.0,23225.0,23535.0,23800.0,43901,10377.49,18213,17609.0,45.79
NEWGEN, 11-Sep-2026,507.0,509.0,498.55,501.4,507.9,583926,2932.41,19390,206835.0,43.94
NEWJAISA, 11-Sep-2026,17.25,17.5,17.25,17.25,17.2,12000,2.09,5,10500.0,100.0
NEXT30ADD, 11-Sep-2026,42.11,42.5,42.01,42.39,42.64,3594,1.52,92,2264.0,66.1
NEXT50, 11-Sep-2026,746.0,747.68,738.6,746.1,748.86,39376,292.7,3151,21435.0,61.95
NEXT50ADD, 11-Sep-2026,72.55,72.91,71.96,72.78,74.55,6726,4.87,185,3281.0,54.54
NEXT50BETA, 11-Sep-2026,78.34,78.34,77.27,78.06,78.34,1478655,1146.71,1019,1297526.0,88.39
NEXT50ETF, 11-Sep-2026,72.95,74.98,71.86,72.96,73.21,11202,8.12,157,7775.0,86.85
NEXT50IETF, 11-Sep-2026,78.23,78.23,75.53,76.35,76.7,1014382,770.86,6786,707378.0,72.29
NEXTMEDIA, 11-Sep-2026,3.89,3.92,3.77,3.9,3.89,9170,0.36,47,5057.0,84.27
NFL, 11-Sep-2026,68.2,68.74,67.6,68.49,69.45,498200,338.82,3718,195831.0,51.62
NFPSAMPOOR, 11-Sep-2026,21.05,21.1,21.0,21.0,22.05,10000,2.11,5,6000.0,100.0
NGIL, 11-Sep-2026,34.21,34.7,32.93,33.42,34.68,13638,4.55,152,8664.0,81.85
NGLFINE, 11-Sep-2026,2723.5,2723.5,2578.0,2657.2,2725.7,8524,227.63,1523,2757.0,59.42
NH, 11-Sep-2026,1903.0,1908.3,1864.6,1869.2,1909.7,183488,3451.43,24915,98976.0,58.75
NHPC, 11-Sep-2026,75.91,77.4,75.87,76.38,76.35,12031109,9232.89,37285,5450263.0,49.45
NIACL, 11-Sep-2026,197.0,203.77,194.13,198.39,197.35,7024229,13956.29,66641,956518.0,15.01
NIBE, 11-Sep-2026,1298.0,1298.0,1266.5,1282.4,1298.2,40817,522.35,3103,19230.0,52.89
NIBL, 11-Sep-2026,31.0,36.69,29.97,33.23,30.58,438095,154.85,2824,135623.0,32.14
NICCOPAR, 11-Sep-2026,80.5,83.0,79.5,83.0,80.02,306,0.25,7,300.0,100.0
NIDAN, 11-Sep-2026,12.9,13.8,12.9,13.5,13.15,4000,0.54,4,3000.0,75.0
NIF100BEES, 11-Sep-2026,267.58,267.58,258.44,261.2,261.06,48961,127.4,737,33771.0,78.02
NIF100IETF, 11-Sep-2026,27.3,27.6,27.21,27.49,27.49,71066,19.45,1460,42897.0,65.71
NIF500BETA, 11-Sep-2026,36.6,36.78,36.42,36.78,36.94,1712,0.62,10,1342.0,78.39
NIFTY1, 11-Sep-2026,260.24,264.25,258.3,260.41,260.24,105159,272.84,1404,73084.0,72.87
NIFTY100EW, 11-Sep-2026,34.28,35.59,34.22,34.53,34.6,91355,31.39,320,63490.0,71.67
NIFTYADD, 11-Sep-2026,246.48,247.58,245.37,246.89,247.15,35502,87.57,225,13174.0,91.58
NIFTYAXIS, 11-Sep-2026,258.76,262.29,257.75,259.44,259.69,653406,1698.59,336,622134.0,95.33
NIFTYBEES, 11-Sep-2026,268.6,268.6,265.01,267.14,267.17,9238422,24617.09,70060,5318595.0,66.06
NIFTYBETA, 11-Sep-2026,266.56,266.56,257.46,260.23,260.06,20680,53.59,491,11409.0,60.22
NIFTYBETF, 11-Sep-2026,240.47,241.7,239.59,241.1,241.36,3514,8.45,96,3381.0,99.21
NIFTYCASE, 11-Sep-2026,9.64,9.64,9.33,9.41,9.41,1453190,136.28,2214,1045148.0,76.52
NIFTYETF, 11-Sep-2026,254.57,255.59,252.56,255.29,255.09,193221,491.75,947,156221.0,84.52
NIFTYIETF, 11-Sep-2026,264.77,266.36,263.66,265.67,265.84,494060,1309.09,11926,266127.0,63.02
NIFTYJBLK, 11-Sep-2026,12.3,12.61,11.89,12.14,12.0,137929,16.57,732,83950.0,79.54
NIFTYQLITY, 11-Sep-2026,20.9,20.9,20.63,20.83,20.8,10193,2.11,210,6423.0,69.72
NIITLTD, 11-Sep-2026,93.8,94.25,92.0,92.49,94.09,219228,203.02,2607,107658.0,60.1
NIITMTS, 11-Sep-2026,224.0,237.93,219.44,229.84,224.64,1468129,3388.13,28773,450521.0,34.43
NIKITA, 11-Sep-2026,71.0,71.0,69.0,70.1,76.2,44400,31.07,36,37200.0,91.18
NILAINFRA, 11-Sep-2026,6.8,6.8,6.61,6.64,6.73,96646,6.45,364,63894.0,78.58
NILASPACES, 11-Sep-2026,12.2,12.46,11.99,12.28,12.14,1502397,182.91,2727,346590.0,36.33
NILE, 11-Sep-2026,1450.5,1473.1,1440.0,1452.1,1457.0,1642,23.78,345,1281.0,85.17
NILKAMAL, 11-Sep-2026,2067.1,2067.1,2005.0,2050.8,2077.4,24037,489.86,2791,11410.0,50.98
NIMBSPROJ, 11-Sep-2026,163.63,165.43,163.5,165.25,157.56,1022,1.69,29,973.0,97.11
NINSYS, 11-Sep-2026,714.7,716.7,705.0,710.7,708.45,3308,23.52,337,2222.0,71.7
NIPPOBATRY, 11-Sep-2026,316.0,324.0,316.0,317.85,322.45,1674,5.33,174,1034.0,72.36
NIRAJ, 11-Sep-2026,27.5,28.37,25.7,27.22,27.76,41690,11.38,373,27559.0,69.3
NIRLON, 11-Sep-2026,624.0,624.0,598.8,607.5,620.05,6764,41.15,754,4167.0,67.31
NIRMAN, 11-Sep-2026,27.3,28.5,27.0,27.55,27.9,21300,5.82,30,16500.0,79.71
NITCO, 11-Sep-2026,94.3,94.3,91.5,93.71,95.23,329886,306.06,2383,150641.0,52.01
NITINSPIN, 11-Sep-2026,649.0,652.95,636.55,651.05,649.5,63163,407.27,3824,27166.0,50.7
NITIRAJ, 11-Sep-2026,233.0,237.1,226.0,233.25,231.16,5204,12.08,97,831.0,81.87
NITTAGELA, 11-Sep-2026,1655.0,1655.1,1584.0,1645.3,1654.4,6154,99.77,762,3593.0,71.22
NIVABUPA, 11-Sep-2026,79.1,80.36,78.36,79.93,79.42,472895,376.46,10495,232477.0,60.28
NKIND, 11-Sep-2026,56.8,57.4,55.04,55.43,56.6,506,0.28,19,303.0,66.74
NLCINDIA, 11-Sep-2026,268.0,268.55,263.55,264.4,270.4,1177609,3129.47,34175,540237.0,54.86
NMDC, 11-Sep-2026,83.79,83.79,82.25,82.4,84.6,9234255,7642.29,34157,3803238.0,48.7
NOCIL, 11-Sep-2026,193.5,194.3,188.03,189.65,195.31,1202651,2293.61,13091,500170.0,45.75
NOIDATOLL, 11-Sep-2026,4.0,4.08,3.9,3.95,3.99,68478,2.72,229,38597.0,92.27
NORBTEAEXP, 11-Sep-2026,64.02,67.34,61.4,64.4,64.14,4523,2.91,54,4106.0,90.78
NORTHARC, 11-Sep-2026,306.15,307.65,302.4,305.1,309.15,699849,2136.37,17607,350301.0,55.35
NOVARTIND, 11-Sep-2026,2380.0,2550.0,2262.1,2391.3,2428.2,454582,11031.51,39307,67944.0,15.81
NPBET, 11-Sep-2026,280.92,284.79,280.92,284.56,282.93,189,0.54,17,189.0,100.0
NPST, 11-Sep-2026,1720.0,1723.1,1663.4,1686.1,1718.5,20477,344.12,2680,10561.0,60.0
NRAIL, 11-Sep-2026,595.3,634.0,561.65,627.9,595.3,40702,248.62,2449,16729.0,50.26
NRBBEARING, 11-Sep-2026,518.3,519.0,498.2,514.65,515.95,700202,3562.87,37558,304787.0,47.29
NRVANDANA, 11-Sep-2026,68.9,69.0,68.0,68.0,68.9,15000,10.31,4,15000.0,100.0
NSIL, 11-Sep-2026,5620.0,5638.0,5510.5,5551.0,5604.0,2296,127.36,522,1576.0,77.9
NSLNISP, 11-Sep-2026,43.36,43.83,42.46,43.66,43.86,3568740,1540.87,14113,1281927.0,41.82
NTCIND, 11-Sep-2026,136.7,136.7,130.01,134.91,131.7,596,0.8,45,444.0,79.57
NTPC, 11-Sep-2026,333.0,336.25,331.6,333.4,335.0,4968535,16618.32,43966,2789575.0,69.03
NTPCGREEN, 11-Sep-2026,87.7,87.72,86.44,86.94,87.72,1230861,1067.63,15620,657677.0,61.37
NUCLEUS, 11-Sep-2026,701.05,701.05,690.1,696.45,701.05,13685,95.06,1194,7493.0,61.3
NUVAMA, 11-Sep-2026,1735.6,1746.5,1703.4,1737.2,1757.9,240099,4132.67,26658,128914.0,59.72
NUVOCO, 11-Sep-2026,330.85,331.5,325.25,330.15,331.3,101606,334.2,5541,42391.0,45.18
NV20, 11-Sep-2026,13.73,13.73,13.26,13.56,13.57,102904,13.91,328,65582.0,63.77
NV20BEES, 11-Sep-2026,135.5,136.68,134.6,136.15,135.96,29250,39.73,338,15804.0,56.03
NV20IETF, 11-Sep-2026,13.23,13.31,12.99,13.27,13.24,538148,70.91,1766,298311.0,60.79
NXST, 11-Sep-2026,168.3,169.2,166.06,166.98,167.97,343514,574.2,9312,275370.0,86.06
NXT-INFRA, 11-Sep-2026,96.0,96.0,96.0,96.0,96.12,75000,72.0,3,75000.0,100.0
NYKAA, 11-Sep-2026,341.15,344.5,339.05,344.5,341.95,3977712,13605.93,50667,1971108.0,56.77
OAL, 11-Sep-2026,522.1,544.8,511.0,532.1,524.7,43221,229.42,2124,19836.0,49.39
OBCL, 11-Sep-2026,56.7,56.7,55.7,55.78,55.89,4948,2.76,55,2640.0,92.73
OBEROIRLTY, 11-Sep-2026,1775.7,1780.0,1714.8,1741.1,1792.0,543198,9412.11,37465,223480.0,45.92
OBSCP, 11-Sep-2026,949.0,976.7,922.15,958.65,971.6,50400,479.16,120,28800.0,61.02
ODIGMA, 11-Sep-2026,22.33,22.7,21.99,22.23,22.33,17891,3.96,240,14878.0,85.08
ODYCORP, 11-Sep-2026,7.4,7.4,6.11,7.18,7.03,121012,8.3,200,75561.0,73.16
OFSS, 11-Sep-2026,11599.0,11830.0,11595.0,11763.0,11725.0,246099,28937.6,34048,115889.0,52.37
OIL, 11-Sep-2026,508.0,511.95,485.4,489.8,500.3,5273521,26243.2,55650,1746444.0,36.27
OILIETF, 11-Sep-2026,11.17,11.19,11.1,11.17,11.17,1400822,156.11,2500,846739.0,64.72
OLAELEC, 11-Sep-2026,38.7,39.35,38.34,38.54,39.15,48676576,18879.68,101222,7752349.0,16.76
OLECTRA, 11-Sep-2026,1193.1,1223.0,1185.5,1209.5,1206.7,311051,3742.49,18863,129277.0,44.51
OLIL, 11-Sep-2026,416.0,440.0,416.0,436.3,427.55,28000,120.44,51,4800.0,31.58
OMAXAUTO, 11-Sep-2026,176.0,176.0,168.0,172.93,176.44,67161,114.98,1357,35921.0,57.97
OMAXE, 11-Sep-2026,121.0,126.2,117.51,123.98,122.42,1063265,1297.13,11740,299236.0,30.85
OMFURN, 11-Sep-2026,52.05,53.0,52.05,53.0,53.0,2400,1.26,2,1200.0,100.0
OMINFRAL, 11-Sep-2026,80.8,82.0,78.85,79.59,80.8,50982,40.8,1142,25510.0,58.48
OMNI, 11-Sep-2026,554.9,558.0,537.55,549.75,563.35,582475,3200.69,17092,248944.0,46.91
OMPOWER, 11-Sep-2026,167.01,174.95,165.0,171.54,168.11,206438,350.52,3136,90345.0,47.74
ONDOOR, 11-Sep-2026,289.0,289.0,283.35,288.0,291.15,900,2.58,3,600.0,100.0
ONEGLOBAL, 11-Sep-2026,545.0,545.0,535.0,540.45,546.0,10095,54.47,452,6936.0,77.69
ONEPOINT, 11-Sep-2026,57.7,57.7,55.99,56.39,57.74,363820,205.83,2421,133728.0,52.32
ONESOURCE, 11-Sep-2026,1548.1,1624.7,1530.0,1592.2,1541.9,919086,14713.8,53309,350793.0,39.84
ONGC, 11-Sep-2026,239.9,243.16,232.5,232.5,237.27,27128531,64520.19,152680,8490694.0,35.06
ONIDA, 11-Sep-2026,32.7,32.99,31.62,32.18,32.98,510143,165.23,1647,282306.0,74.06
ONIXSOLAR, 11-Sep-2026,458.9,459.0,436.45,438.65,459.4,428009,1894.47,6445,215147.0,55.9
ONWARDTEC, 11-Sep-2026,287.15,287.15,281.0,283.65,288.65,13987,39.82,506,8382.0,70.64
ONYX, 11-Sep-2026,38.0,38.0,38.0,38.0,38.75,2000,0.76,1,2000.0,100.0
OPTIEMUS, 11-Sep-2026,551.0,570.0,540.0,566.25,557.65,169027,948.23,6530,84755.0,54.97
OPTIFIN, 11-Sep-2026,15.22,15.22,14.2,14.5,14.57,31031,4.55,72,25998.0,88.82
OPTIMYSTIX, 11-Sep-2026,145.5,148.8,141.0,148.0,148.8,72800,104.49,47,60000.0,83.33
OPTIVALUE, 11-Sep-2026,190.35,190.35,190.35,190.35,181.3,25600,48.73,10,25600.0,100.0
ORCHASP, 11-Sep-2026,1.45,1.48,1.36,1.41,1.44,169364,2.41,305,92839.0,67.41
ORCHPHARMA, 11-Sep-2026,1005.5,1010.0,973.55,1003.05,1016.1,68916,680.32,8652,38742.0,61.07
ORIANA, 11-Sep-2026,1222.2,1244.1,1201.0,1227.25,1222.2,42300,517.41,403,20475.0,67.41
ORICONENT, 11-Sep-2026,53.0,53.0,51.2,51.39,51.65,48345,25.06,525,33544.0,83.78
ORIENTALTL, 11-Sep-2026,5.03,5.14,5.0,5.07,5.09,65353,3.31,271,25384.0,51.55
ORIENTBELL, 11-Sep-2026,408.8,412.0,400.2,401.95,412.0,22419,90.89,1532,9020.0,44.94
ORIENTCEM, 11-Sep-2026,125.0,126.28,123.0,125.58,126.06,258021,321.25,3172,122051.0,51.89
ORIENTCER, 11-Sep-2026,45.81,46.7,45.15,46.01,46.68,58539,26.78,1142,29245.0,60.56
ORIENTELEC, 11-Sep-2026,175.0,175.45,171.2,173.56,173.64,143546,247.95,2681,59839.0,59.87
ORIENTHOT, 11-Sep-2026,139.0,145.0,137.35,141.35,139.81,466572,651.75,2329,185639.0,59.22
ORIENTPPR, 11-Sep-2026,17.65,18.06,17.65,17.78,18.06,151622,27.1,627,86357.0,61.08
ORIENTTECH, 11-Sep-2026,237.18,274.5,233.7,249.64,235.36,8430139,22149.45,111500,709695.0,8.66
ORIRAIL, 11-Sep-2026,123.8,125.0,116.86,124.11,122.3,164548,201.19,2587,67083.0,46.78
ORISSAMINE, 11-Sep-2026,4100.0,4100.0,3948.0,3955.2,4074.5,10318,410.82,2197,3974.0,58.21
ORKLAINDIA, 11-Sep-2026,572.25,594.9,571.05,591.25,578.5,39880,234.26,3193,16982.0,61.4
ORTINGLOBE, 11-Sep-2026,16.7,17.11,15.81,17.09,16.3,30391,5.09,100,21155.0,76.72
OSELDEVICE, 11-Sep-2026,369.75,374.8,369.15,372.15,371.65,26200,97.37,112,15400.0,81.91
OSWALAGRO, 11-Sep-2026,35.0,35.97,34.91,35.6,34.34,58945,20.93,348,41178.0,72.49
OSWALGREEN, 11-Sep-2026,19.79,20.09,19.65,20.01,19.79,43802,8.74,483,28640.0,84.61
OSWALPUMPS, 11-Sep-2026,282.0,283.5,276.4,282.45,283.6,289556,810.02,7654,122758.0,47.11
OSWALSEEDS, 11-Sep-2026,15.0,17.0,15.0,15.54,14.75,1482517,237.92,2909,693946.0,54.8
OWAIS, 11-Sep-2026,78.0,78.1,76.55,76.55,78.1,11900,9.13,40,10900.0,92.37
PACEDIGITK, 11-Sep-2026,157.6,159.8,155.71,158.33,159.0,474369,745.3,6909,219569.0,53.67
PACIFICI, 11-Sep-2026,144.8,145.0,140.0,140.0,137.82,421,0.6,19,417.0,99.29
PAGEIND, 11-Sep-2026,35405.0,35410.0,35080.0,35365.0,35750.0,11287,3978.62,5797,4410.0,48.0
PAISALO, 11-Sep-2026,81.72,84.6,81.2,84.23,83.05,16781160,14025.04,40380,7508013.0,48.59
PAKKA, 11-Sep-2026,77.29,77.59,76.01,76.57,76.28,159578,122.09,3439,87234.0,61.47
PALASHSECU, 11-Sep-2026,89.9,89.9,85.0,85.92,87.99,2205,1.92,165,1981.0,90.09
PALREDTEC, 11-Sep-2026,50.9,54.9,50.62,52.0,53.28,796,0.42,21,696.0,100.0
PANACEABIO, 11-Sep-2026,387.9,399.95,383.45,397.65,388.65,89281,350.34,2726,43673.0,59.04
PANAMAPET, 11-Sep-2026,493.8,495.0,479.0,483.15,491.65,196478,953.49,6320,71421.0,44.29
PANCHMAHQ, 11-Sep-2026,280.0,300.0,280.0,280.0,290.0,4,0.01,4,3.0,75.0
PANORAMA, 11-Sep-2026,52.89,55.96,50.01,53.78,52.92,755344,406.37,4662,339064.0,50.65
PANSARI, 11-Sep-2026,275.3,292.5,275.3,281.5,293.0,1995,5.61,58,1642.0,84.73
PARACABLES, 11-Sep-2026,65.1,65.71,63.2,64.87,65.69,1513296,976.25,8763,677102.0,48.05
PARADEEP, 11-Sep-2026,156.25,156.38,153.03,155.96,157.11,1894916,2935.9,23263,655412.0,41.3
PARAGMILK, 11-Sep-2026,263.3,273.2,261.0,268.5,264.85,2611943,6999.97,42622,828159.0,35.47
PARAGON, 11-Sep-2026,57.6,57.6,51.3,53.85,57.6,36000,19.23,26,28800.0,82.76
PARAMATRIX, 11-Sep-2026,61.2,61.2,61.2,61.2,59.0,1200,0.73,1,1200.0,100.0
PARAMOUNT, 11-Sep-2026,44.65,44.65,44.65,44.65,42.55,6000,2.68,5,6000.0,100.0
PARAS, 11-Sep-2026,1440.0,1446.6,1404.0,1435.6,1453.3,703534,10033.93,36338,205511.0,34.91
PARASPETRO, 11-Sep-2026,2.19,2.23,2.1,2.17,2.15,112354,2.43,185,54365.0,70.25
PARIN, 11-Sep-2026,700.0,707.0,675.0,687.1,705.7,16500,114.76,60,8500.0,64.15
PARKHOSPS, 11-Sep-2026,279.0,281.7,276.65,279.3,280.8,211652,590.62,5867,101424.0,56.65
PARKHOTELS, 11-Sep-2026,111.63,111.79,109.2,110.77,111.63,113025,124.64,2045,75205.0,72.4
PARNAXLAB, 11-Sep-2026,127.48,134.72,125.0,127.0,127.48,3083,4.01,68,293.0,12.23
PARTH, 11-Sep-2026,532.0,532.0,515.0,523.35,538.55,15200,79.16,37,10000.0,73.53
PARTYCRUS, 11-Sep-2026,90.0,99.95,90.0,99.95,90.4,33000,31.16,32,28000.0,87.5
PASHUPATI, 11-Sep-2026,81.0,84.7,79.98,80.73,80.24,139989,113.91,3071,15726.0,12.09
PATANJALI, 11-Sep-2026,338.0,341.0,336.0,341.0,339.75,1986378,6733.09,14688,697878.0,41.91
PATELENG, 11-Sep-2026,26.7,26.74,26.11,26.61,26.87,1915972,507.34,6933,1007269.0,60.31
PATELRMART, 11-Sep-2026,214.0,214.0,205.82,211.05,211.9,101683,213.57,1962,55424.0,64.47
PATILAUTOM, 11-Sep-2026,315.0,321.0,303.0,312.65,321.7,130800,409.12,180,72600.0,72.02
PAUSHAKLTD, 11-Sep-2026,730.0,748.6,723.8,729.6,734.05,55605,405.68,4076,29432.0,66.97
PAVNAIND, 11-Sep-2026,15.23,15.88,14.51,14.88,15.08,94965,14.23,398,56141.0,69.56
PAYTM, 11-Sep-2026,1745.0,1840.0,1726.8,1807.5,1739.0,9269434,166289.06,216343,2940686.0,35.19
PBMPOLY, 11-Sep-2026,59.43,61.0,59.43,61.0,60.0,65,0.04,9,63.0,96.92
PCBL, 11-Sep-2026,331.3,332.0,324.45,331.05,334.8,1147765,3769.26,20800,407734.0,39.35
PCCL, 11-Sep-2026,414.05,436.0,413.6,434.0,437.2,12000,51.42,28,6400.0,55.17
PCJEWELLER, 11-Sep-2026,13.83,13.92,13.22,13.7,13.83,420161544,57127.93,187640,77167091.0,19.58
PDMJEPAPER, 11-Sep-2026,97.74,99.79,96.15,97.7,98.77,231141,226.49,3298,90463.0,44.32
PDSL, 11-Sep-2026,347.45,349.6,342.3,348.2,348.2,31707,109.93,2003,19990.0,69.17
PEARLPOLY, 11-Sep-2026,15.65,15.97,15.51,15.51,15.62,1835,0.29,37,1550.0,99.49
PELATRO, 11-Sep-2026,375.0,380.0,374.0,376.0,375.5,5400,20.33,16,4500.0,93.75
PENIND, 11-Sep-2026,175.0,178.3,171.01,175.54,177.34,471310,822.82,7254,183566.0,43.22
PENINLAND, 11-Sep-2026,15.32,15.82,15.21,15.59,15.32,116121,17.98,355,83779.0,86.71
PERFECT, 11-Sep-2026,1.7,1.7,1.7,1.7,1.75,3000,0.05,1,3000.0,100.0
PERMAGN, 11-Sep-2026,857.0,878.5,849.5,864.65,869.5,1843,15.94,259,1338.0,77.3
PERNIASPOP, 11-Sep-2026,561.0,585.0,542.1,569.9,575.5,426175,2373.48,14557,109848.0,37.37
PERSISTENT, 11-Sep-2026,5469.0,5545.5,5444.5,5516.0,5509.5,335360,18497.03,21876,94496.0,30.0
PETRONET, 11-Sep-2026,285.65,287.2,283.85,287.2,288.7,781806,2234.12,19628,369256.0,57.9
PFC, 11-Sep-2026,348.0,353.45,348.0,353.45,352.8,6198609,21733.47,43233,3851035.0,72.18
PFIZER, 11-Sep-2026,4103.1,4123.8,4054.0,4060.2,4095.4,138685,5643.37,12309,75250.0,73.5
PFOCUS, 11-Sep-2026,310.0,315.6,307.0,310.85,313.55,313377,973.01,10033,142117.0,52.36
PFS, 11-Sep-2026,27.1,27.83,26.99,27.42,27.47,511300,140.55,3343,308745.0,69.65
PGEL, 11-Sep-2026,537.5,545.0,527.5,545.0,542.0,852250,4588.1,24352,325314.0,42.58
PGHH, 11-Sep-2026,7560.0,7564.0,7507.5,7518.0,7581.5,9836,740.2,3348,5537.0,67.58
PGHL, 11-Sep-2026,5430.0,5470.5,5302.5,5411.5,5425.5,7707,415.95,2470,3625.0,57.08
PGIL, 11-Sep-2026,1200.8,1224.8,1155.3,1187.7,2378.4,130774,1543.16,17836,49812.0,42.44
PGINVIT, 11-Sep-2026,102.49,102.5,101.8,101.99,102.05,1235736,1260.83,6272,1024626.0,87.02
PHANTOMFX, 11-Sep-2026,116.55,117.5,106.25,112.35,115.75,43800,49.35,70,33600.0,79.43
PHARMABEES, 11-Sep-2026,27.27,27.77,26.58,27.29,27.27,3064207,834.88,9546,1566653.0,55.9
PHOENIXLTD, 11-Sep-2026,1876.0,1910.0,1825.1,1890.0,1890.0,723014,13591.07,49274,382328.0,60.08
PHOENXINTL, 11-Sep-2026,29.0,30.15,29.0,29.85,30.15,1965,0.58,34,789.0,90.48
PICCADIL, 11-Sep-2026,602.0,610.2,592.1,602.15,600.5,150037,900.81,8667,58141.0,49.17
PIDILITIND, 11-Sep-2026,1550.0,1567.9,1540.4,1566.9,1569.0,389368,6067.91,25273,164376.0,58.99
PIGL, 11-Sep-2026,104.0,105.99,102.0,102.1,104.11,81976,84.81,699,51821.0,71.73
PIIND, 11-Sep-2026,2350.0,2365.0,2191.0,2259.0,2365.0,1124887,25384.26,69330,313840.0,31.78
PILANIINVS, 11-Sep-2026,4270.0,4270.0,4167.3,4191.6,4235.8,1468,61.6,318,837.0,66.85
PILITA, 11-Sep-2026,7.76,8.0,7.7,7.84,7.88,15708,1.22,178,9734.0,92.35
PINELABS, 11-Sep-2026,171.0,206.38,170.96,202.17,173.17,276696049,530930.86,1171675,54284336.0,21.0
PIONEEREMB, 11-Sep-2026,20.42,21.4,20.24,20.51,20.42,7098,1.47,79,4677.0,74.46
PIRAMALFIN, 11-Sep-2026,2267.9,2287.4,2249.3,2255.6,2295.6,290691,6568.3,14476,134391.0,72.14
PITTIENG, 11-Sep-2026,1170.0,1172.0,1123.8,1167.9,1171.4,128175,1479.1,8416,51927.0,47.31
PIXTRANS, 11-Sep-2026,1721.1,1750.0,1709.9,1722.1,1728.3,10173,175.83,1485,4259.0,61.55
PKTEA, 11-Sep-2026,1080.0,1150.0,1001.1,1121.75,1094.2,25219,275.5,1537,9368.0,40.58
PLASTIBLEN, 11-Sep-2026,194.4,195.04,186.73,192.78,194.15,28068,53.84,853,14140.0,54.37
PLATIND, 11-Sep-2026,219.23,223.0,218.42,221.05,221.04,33790,74.69,1283,15958.0,54.48
PLAZACABLE, 11-Sep-2026,60.9,63.5,59.32,62.97,60.51,304379,189.82,2434,166846.0,59.73
PML, 11-Sep-2026,499.0,499.0,482.0,482.45,486.75,301,1.47,40,267.0,89.0
PNB, 11-Sep-2026,116.0,117.79,114.52,116.75,116.85,11479971,13404.39,54824,4131961.0,42.3
PNBGILTS, 11-Sep-2026,80.36,81.0,79.04,80.34,80.36,230861,184.01,2203,92085.0,55.73
PNBHOUSING, 11-Sep-2026,1172.0,1189.6,1162.0,1178.9,1179.0,1152599,13559.84,48685,508851.0,45.9
PNC, 11-Sep-2026,16.0,16.94,16.0,16.5,16.52,10552,1.74,170,8920.0,88.34
PNCINFRA, 11-Sep-2026,177.0,177.29,174.1,175.4,177.41,287085,504.13,7207,99125.0,55.69
PNGJL, 11-Sep-2026,603.0,622.0,598.7,613.2,611.05,300120,1833.09,13820,155495.0,56.95
PNGSREVA, 11-Sep-2026,504.6,517.45,500.0,512.7,504.7,79334,402.03,4255,37349.0,52.93
POCL, 11-Sep-2026,457.55,462.95,445.05,454.15,457.55,414804,1872.24,13436,195487.0,51.23
PODDARMENT, 11-Sep-2026,295.1,298.95,275.05,279.85,299.4,12804,36.44,530,8279.0,72.14
POEL, 11-Sep-2026,140.85,141.99,138.8,140.83,140.7,25399,35.55,790,16931.0,70.03
POKARNA, 11-Sep-2026,775.0,819.0,753.35,804.15,780.45,314231,2449.14,17176,109715.0,42.66
POLICYBZR, 11-Sep-2026,1783.0,1813.3,1757.3,1797.3,1800.0,564406,10124.14,21600,226700.0,48.37
POLYCAB, 11-Sep-2026,8319.0,8319.0,8118.0,8241.0,8358.0,400369,32846.72,56463,178441.0,47.89
POLYMED, 11-Sep-2026,1740.1,1741.2,1709.7,1738.5,1747.7,69913,1208.17,8857,29573.0,48.83
POLYPLEX, 11-Sep-2026,1116.0,1149.9,1102.6,1134.2,1125.3,72017,812.09,5560,41313.0,63.51
POLYSIL, 11-Sep-2026,89.65,89.65,81.15,81.15,85.4,387000,328.48,426,253500.0,65.67
POLYSPIN, 11-Sep-2026,29.97,30.0,28.55,29.58,28.5,1047,0.31,37,929.0,88.81
PONNIERODE, 11-Sep-2026,362.0,375.6,358.4,371.1,363.45,41196,150.79,2333,19841.0,60.78
POONAWALLA, 11-Sep-2026,443.0,449.1,436.5,445.25,449.4,1633833,7207.78,43894,963573.0,63.64
POSITRON, 11-Sep-2026,188.2,189.0,175.05,178.5,188.4,14700,26.78,45,8400.0,62.22
POWERGRID, 11-Sep-2026,269.95,274.05,268.35,269.1,271.75,11423068,30833.39,78175,5563533.0,54.86
POWERICA, 11-Sep-2026,574.85,578.85,557.45,569.35,575.85,169099,962.86,8060,85090.0,53.71
POWERINDIA, 11-Sep-2026,31060.0,31515.0,30700.0,31435.0,31195.0,53538,16661.19,18603,16179.0,33.03
POWERMECH, 11-Sep-2026,2365.0,2435.0,2332.6,2421.3,2379.4,38776,925.43,7816,14882.0,43.89
PPLPHARMA, 11-Sep-2026,210.59,214.45,208.68,211.35,212.49,3408833,7219.88,61886,1434048.0,47.14
PPSL, 11-Sep-2026,2.95,3.0,2.95,3.0,2.95,6000,0.18,2,6000.0,100.0
PRABHA, 11-Sep-2026,239.0,247.0,230.4,244.64,247.58,816981,1968.41,8560,443208.0,58.22
PRAENG, 11-Sep-2026,22.2,22.75,21.66,21.93,22.2,48149,10.62,253,35284.0,86.63
PRAJIND, 11-Sep-2026,323.35,324.5,318.3,322.15,326.85,479380,1538.76,13961,170896.0,39.12
PRAKASH, 11-Sep-2026,123.0,124.0,122.0,123.14,123.78,280763,345.23,4338,135541.0,61.13
PRAKASHSTL, 11-Sep-2026,3.79,3.83,3.7,3.75,3.79,81450,3.06,371,57070.0,74.98
PRAMARA, 11-Sep-2026,85.0,87.0,82.5,84.1,87.95,34000,28.59,42,16000.0,86.49
PRAMODINI, 11-Sep-2026,129.4,130.9,117.0,118.5,127.2,445200,542.39,335,280800.0,69.23
PRANIK, 11-Sep-2026,42.15,42.15,42.15,42.15,44.4,1600,0.67,1,1600.0,100.0
PRATHAM, 11-Sep-2026,120.0,123.5,120.0,123.5,120.25,5200,6.27,12,4400.0,91.67
PRAVEG, 11-Sep-2026,266.0,266.5,259.85,263.05,266.5,38024,99.55,1233,25379.0,73.33
PRAXIS, 11-Sep-2026,4.71,4.71,4.48,4.48,4.71,310216,14.12,720,269960.0,97.31
PRECAM, 11-Sep-2026,117.49,119.9,114.54,116.81,118.05,166363,193.66,3373,83613.0,56.16
PRECISION, 11-Sep-2026,6.95,6.95,6.65,6.65,7.0,8000,0.54,4,6000.0,100.0
PRECOT, 11-Sep-2026,671.85,675.35,653.0,658.3,670.75,5108,33.61,272,4314.0,87.51
PRECWIRE, 11-Sep-2026,463.0,469.5,447.5,462.55,464.65,535295,2459.7,24914,160698.0,33.49
PREMCO, 11-Sep-2026,386.3,398.0,385.05,394.0,386.3,162,0.64,43,150.0,96.15
PREMEXPLN, 11-Sep-2026,666.9,668.85,663.35,668.0,667.05,98184,653.89,1782,59752.0,69.87
PREMIERENE, 11-Sep-2026,972.2,980.5,950.1,974.2,967.9,1528118,14767.42,34893,720012.0,49.6
PREMIERPOL, 11-Sep-2026,87.5,87.69,85.01,85.91,87.99,224408,193.19,2773,128765.0,62.94
PRESSTONIC, 11-Sep-2026,29.5,30.1,29.25,29.45,29.8,15200,4.49,16,10400.0,76.47
PRESTIGE, 11-Sep-2026,1530.5,1530.8,1467.2,1498.0,1543.6,746627,11094.0,42995,257511.0,37.94
PRICOLLTD, 11-Sep-2026,743.5,770.85,739.05,761.4,739.6,760356,5761.47,37359,286281.0,39.13
PRIMECAB, 11-Sep-2026,167.0,173.2,163.1,169.75,171.05,65600,110.7,41,46400.0,74.36
PRIMESECU, 11-Sep-2026,278.15,284.9,274.0,283.05,276.75,90543,255.07,496,48327.0,79.79
PRIMO, 11-Sep-2026,21.43,24.67,21.43,23.71,21.7,1605579,381.14,4967,807617.0,56.77
PRINCEPIPE, 11-Sep-2026,278.15,278.45,264.15,266.65,279.9,328545,886.66,8521,145150.0,56.93
PRISMX, 11-Sep-2026,0.59,0.59,0.55,0.58,0.59,269843,1.54,136,223226.0,94.02
PRIVISCL, 11-Sep-2026,3437.9,3570.5,3418.0,3556.1,3495.6,107650,3801.9,13254,55622.0,58.18
PRIZOR, 11-Sep-2026,1210.0,1210.0,1200.0,1200.0,1217.15,8400,101.32,18,6000.0,100.0
PRLIND, 11-Sep-2026,43.5,43.85,41.15,41.9,43.0,19000,8.09,19,4000.0,50.0
PROFX, 11-Sep-2026,69.55,71.1,68.95,71.1,68.9,19200,13.35,7,19200.0,100.0
PROLIFE, 11-Sep-2026,79.0,79.0,79.0,79.0,79.0,500,0.4,1,500.0,100.0
PROPEQUITY, 11-Sep-2026,211.0,211.0,197.0,198.5,211.0,10800,21.89,16,6000.0,90.91
PROPSHOP, 11-Sep-2026,73.1,74.4,71.0,72.0,74.8,44000,31.97,22,28000.0,63.64
PROSTARM, 11-Sep-2026,133.1,136.0,132.5,133.63,134.78,128408,171.37,2002,54587.0,52.04
PROTEAN, 11-Sep-2026,492.0,502.0,486.35,492.35,492.75,194728,964.0,8398,91994.0,56.55
PROV, 11-Sep-2026,1750.0,1750.0,1675.0,1721.0,1750.0,800,13.66,10,640.0,100.0
PROZONER, 11-Sep-2026,52.18,53.48,50.65,52.88,52.3,257438,134.49,1899,102345.0,60.17
PRSMJOHNSN, 11-Sep-2026,114.0,114.25,112.5,113.35,115.22,298782,338.1,4299,115096.0,46.27
PRUDENT, 11-Sep-2026,3288.0,3449.9,3249.1,3385.0,3318.8,39123,1316.43,7229,10958.0,55.56
PSB, 11-Sep-2026,22.58,22.79,22.34,22.73,22.6,684511,154.56,2264,311260.0,53.54
PSPPROJECT, 11-Sep-2026,865.0,865.0,840.2,846.4,865.05,52797,447.63,2623,29540.0,62.86
PSRAJ, 11-Sep-2026,96.85,98.9,92.55,98.9,94.9,25000,24.28,10,22500.0,90.0
PSUBANK, 11-Sep-2026,83.51,83.99,82.77,83.42,84.03,438730,366.2,877,317993.0,76.59
PSUBANKADD, 11-Sep-2026,84.54,84.59,83.8,84.34,84.62,25438,21.45,317,12365.0,50.65
PSUBNKBEES, 11-Sep-2026,93.54,93.54,92.38,93.22,93.54,874574,812.84,5570,422229.0,52.66
PSUBNKIETF, 11-Sep-2026,84.0,84.92,83.8,84.59,84.67,106071,89.5,928,53018.0,62.23
PTC, 11-Sep-2026,153.5,153.65,152.3,152.78,153.69,878717,1343.88,12628,436161.0,62.9
PTCIL, 11-Sep-2026,22385.0,24050.0,22055.0,23630.0,22385.0,65881,15332.32,22739,17771.0,31.61
PTL, 11-Sep-2026,38.17,38.79,38.06,38.43,38.17,25926,9.92,728,19298.0,80.74
PULZ, 11-Sep-2026,23.65,24.7,23.5,23.95,24.7,20000,4.73,10,10000.0,71.43
PUNJABCHEM, 11-Sep-2026,1085.0,1095.2,1061.4,1065.3,1091.8,2438,26.26,349,1366.0,61.34
PURPLEUTED, 11-Sep-2026,443.0,459.9,440.0,450.15,443.55,24750,111.63,84,22500.0,98.9
PURVA, 11-Sep-2026,214.02,214.02,209.64,212.06,214.16,179867,380.66,4887,72609.0,46.21
PUSHPA, 11-Sep-2026,107.0,112.0,107.0,110.0,109.1,32000,35.19,32,7000.0,21.88
PVP, 11-Sep-2026,66.0,66.0,63.2,64.82,66.1,1157979,742.66,6515,486281.0,48.53
PVRINOX, 11-Sep-2026,1228.0,1256.0,1212.1,1237.1,1221.3,879763,10858.94,41273,398888.0,50.21
PVSL, 11-Sep-2026,98.52,102.31,98.01,101.3,100.53,28536,28.58,802,9744.0,51.95
PVTBANIETF, 11-Sep-2026,27.44,28.28,27.26,27.85,27.54,1573560,434.82,2405,669736.0,66.18
PVTBANK, 11-Sep-2026,27.12,27.53,27.12,27.53,27.35,3765,1.03,15,3634.0,96.52
PVTBANKADD, 11-Sep-2026,27.44,28.06,27.41,27.89,27.76,53839,14.88,135,30243.0,68.1
PVTBKGROWW, 11-Sep-2026,27.02,27.67,26.77,27.43,27.33,11593,3.17,98,3831.0,50.34
PWL, 11-Sep-2026,125.5,137.12,125.37,136.1,126.73,41161986,55203.72,205962,7728284.0,20.23
PYRAMID, 11-Sep-2026,154.56,160.0,151.11,157.74,154.59,116058,182.43,1214,9288.0,75.8
QGOLDHALF, 11-Sep-2026,124.84,125.95,124.25,125.35,126.42,301995,378.64,977,130688.0,75.31
QLINE, 11-Sep-2026,704.95,730.0,694.95,726.2,714.95,66000,474.15,159,37200.0,69.4
QNIFTY, 11-Sep-2026,257.0,259.0,255.8,258.9,258.22,2099,5.41,84,895.0,57.93
QPOWER, 11-Sep-2026,1455.0,1473.5,1401.8,1426.5,1458.2,364591,5222.58,25034,182381.0,54.14
QUADFUTURE, 11-Sep-2026,431.0,511.8,428.2,478.5,435.8,10362562,50350.97,256572,905422.0,8.98
QUADPRO, 11-Sep-2026,3.0,3.0,3.0,3.0,2.9,24000,0.72,2,24000.0,100.0
QUAL30IETF, 11-Sep-2026,20.56,20.6,20.4,20.5,20.56,75719,15.51,280,42133.0,60.12
QUALIANCE, 11-Sep-2026,224.9,236.1,214.05,236.1,127.0,2045000,4593.5,1429,2037000.0,99.66
QUALITY30, 11-Sep-2026,20.11,20.18,19.99,20.18,20.22,10110,2.03,147,8197.0,81.52
QUESS, 11-Sep-2026,350.0,357.0,344.55,348.0,355.1,382962,1343.84,13953,120851.0,44.88
QUESTLAB, 11-Sep-2026,83.95,84.7,83.95,84.7,83.95,2400,2.02,2,2400.0,100.0
QUICKHEAL, 11-Sep-2026,147.1,150.0,145.01,147.52,147.48,90015,132.79,2286,33647.0,43.45
QUICKTOUCH, 11-Sep-2026,16.8,17.95,16.8,17.9,17.65,3000,0.52,5,2500.0,83.33
QUINT, 11-Sep-2026,39.23,41.48,38.49,40.2,39.23,13066,5.27,168,6961.0,56.68
RACE, 11-Sep-2026,96.0,99.9,94.03,98.12,96.43,3194,3.1,87,2027.0,89.26
RACLGEAR, 11-Sep-2026,1586.0,1856.0,1551.0,1756.7,1588.2,1142834,20361.28,84261,98449.0,9.31
RADAAN, 11-Sep-2026,2.81,2.96,2.81,2.83,2.87,9763,0.28,99,6174.0,70.41
RADHIKAJWE, 11-Sep-2026,84.16,84.99,81.46,83.21,84.15,1473665,1221.74,12211,411309.0,29.63
RADIANTCMS, 11-Sep-2026,37.21,37.69,35.26,35.99,37.53,485582,173.68,2473,275283.0,61.3
RADICO, 11-Sep-2026,4422.4,4437.6,4362.5,4368.1,4460.0,104310,4569.55,15461,36687.0,44.29
RADIOCITY, 11-Sep-2026,6.34,6.34,6.1,6.15,6.21,17731,1.1,137,12102.0,86.16
RADIOWALLA, 11-Sep-2026,24.7,24.7,24.7,24.7,26.0,1600,0.4,1,1600.0,100.0
RAILTEL, 11-Sep-2026,261.3,261.5,256.7,259.9,262.7,439813,1137.82,12871,176321.0,44.9
RAIN, 11-Sep-2026,214.46,217.4,208.64,215.97,217.28,4334459,9227.48,31567,1909052.0,47.5
RAINBOW, 11-Sep-2026,1453.5,1461.7,1430.1,1444.9,1460.1,82388,1188.97,11728,42833.0,63.44
RAJINDLTD, 11-Sep-2026,62.2,62.2,62.1,62.1,62.1,3000,1.86,2,3000.0,100.0
RAJMET, 11-Sep-2026,3.21,3.25,3.1,3.2,3.26,179619,5.74,651,128775.0,76.6
RAJPALAYAM, 11-Sep-2026,765.95,778.4,754.0,775.95,751.1,374,2.87,67,200.0,81.63
RAJPUTANA, 11-Sep-2026,212.5,212.5,210.0,210.0,215.0,1000,2.11,2,1000.0,100.0
RAJRATAN, 11-Sep-2026,507.45,507.45,492.8,498.15,509.65,79238,394.58,4106,35708.0,49.68
RAJSREESUG, 11-Sep-2026,33.7,34.89,32.81,33.13,33.66,87667,29.33,1049,48099.0,58.48
RAJTV, 11-Sep-2026,8.15,8.21,7.7,8.21,7.82,54141,4.44,94,45679.0,84.48
RALLIS, 11-Sep-2026,201.94,202.99,200.52,201.99,203.06,365628,738.55,14275,191588.0,58.18
RAMANEWS, 11-Sep-2026,32.79,32.79,30.52,30.95,32.15,55690,17.32,339,46353.0,86.02
RAMAPHO, 11-Sep-2026,123.0,124.84,120.71,122.67,123.57,31234,38.1,541,20728.0,71.8
RAMBHAJO, 11-Sep-2026,264.06,273.96,261.0,269.28,267.51,368989,985.48,6901,119109.0,39.43
RAMCOCEM, 11-Sep-2026,860.0,869.9,851.75,866.65,869.75,301862,2590.62,13469,172333.0,60.73
RAMCOIND, 11-Sep-2026,315.55,323.95,310.95,322.25,319.55,157854,499.24,4101,53554.0,42.08
RAMCOSYS, 11-Sep-2026,610.0,610.55,591.0,594.55,610.6,41056,244.99,2099,17682.0,54.5
RAMKY, 11-Sep-2026,335.35,335.65,327.05,332.1,335.9,36614,121.01,1265,18044.0,60.73
RAMRAT, 11-Sep-2026,531.0,538.8,524.1,532.4,536.75,107590,571.42,7536,39368.0,40.99
RANASUG, 11-Sep-2026,14.92,15.28,14.6,14.74,14.85,329456,49.0,856,123453.0,42.23
RANEHOLDIN, 11-Sep-2026,1704.9,1706.2,1675.0,1696.2,1704.8,6389,107.96,905,3247.0,62.48
RAPIDFLEET, 11-Sep-2026,237.1,237.1,230.1,230.1,238.2,24600,57.99,31,15600.0,63.41
RAPPID, 11-Sep-2026,305.7,322.0,305.7,321.0,318.5,9600,30.3,13,4800.0,66.67
RATEGAIN, 11-Sep-2026,861.85,887.2,851.6,878.25,866.45,249314,2182.87,21587,99125.0,48.6
RATNAMANI, 11-Sep-2026,2780.0,2890.0,2741.5,2811.4,2823.0,71947,2030.52,15514,23152.0,34.79
RATNAVEER, 11-Sep-2026,310.0,310.4,283.15,288.3,310.6,4371239,12878.7,36860,2130134.0,56.29
RAYMOND, 11-Sep-2026,853.85,1024.5,835.05,1002.8,853.85,16245056,157044.2,395484,1834224.0,11.76
RAYMONDLSL, 11-Sep-2026,687.45,708.9,675.05,692.0,687.65,445304,3086.48,25258,103676.0,25.01
RAYMONDREL, 11-Sep-2026,570.0,585.6,565.0,583.55,572.05,650450,3753.94,18882,226141.0,37.47
RBA, 11-Sep-2026,95.17,98.95,95.17,98.05,96.82,2109191,2057.47,18446,723848.0,37.23
RBLBANK, 11-Sep-2026,408.0,416.5,406.0,412.55,410.8,3209425,13182.96,29216,1622665.0,54.34
RBMINFRA, 11-Sep-2026,295.0,319.5,295.0,316.6,303.25,49600,155.2,170,31800.0,73.27
RBS, 11-Sep-2026,87.5,87.5,85.0,87.0,87.0,3200,2.76,4,2400.0,75.0
RCDL, 11-Sep-2026,14.95,14.95,14.4,14.5,14.4,12000,1.75,4,9000.0,100.0
RCDL-RE, 11-Sep-2026,2.4,2.4,2.05,2.1,2.4,27000,0.58,8,27000.0,100.0
RCF, 11-Sep-2026,111.7,111.9,110.12,111.45,112.57,854075,947.79,8880,324498.0,42.87
READYMIX, 11-Sep-2026,70.0,71.0,68.0,70.5,69.45,12000,8.37,10,9000.0,90.0
RECLTD, 11-Sep-2026,312.0,315.05,311.25,312.7,313.8,4509899,14133.94,33961,2342712.0,54.99
REDINGTON, 11-Sep-2026,395.85,396.85,384.2,393.7,392.0,7473984,29283.15,133090,2438501.0,35.38
REDTAPE, 11-Sep-2026,114.0,116.5,113.1,116.1,115.06,211278,242.66,5081,106717.0,55.02
REFEX, 11-Sep-2026,268.0,275.3,264.0,273.55,269.95,234110,633.07,5747,99492.0,50.11
REFRACTORY, 11-Sep-2026,25.95,26.15,25.95,26.15,24.95,14000,3.65,7,14000.0,100.0
REGAAL, 11-Sep-2026,85.0,85.58,82.3,83.71,85.73,296792,247.6,1715,177860.0,71.04
REGENCERAM, 11-Sep-2026,34.66,37.5,33.2,34.1,36.05,4604,1.6,132,2270.0,52.82
RELAXO, 11-Sep-2026,326.05,328.95,319.85,324.95,326.9,112342,363.68,5485,45611.0,48.12
RELCHEMQ, 11-Sep-2026,114.26,115.8,108.6,110.23,113.69,4867,5.44,138,3145.0,96.47
RELIABLE, 11-Sep-2026,138.9,138.9,134.81,137.04,135.95,2873,3.92,171,1180.0,68.21
RELIANCE, 11-Sep-2026,1267.0,1267.4,1253.0,1257.5,1274.0,8777736,110535.02,231742,4061266.0,54.5
RELIGARE, 11-Sep-2026,255.25,258.75,253.15,256.81,258.78,416095,1065.34,9757,243005.0,63.34
RELTD, 11-Sep-2026,153.23,157.8,151.72,155.64,155.08,145106,225.0,2387,66830.0,52.44
REMSONSIND, 11-Sep-2026,96.25,98.45,92.63,96.32,96.32,148192,140.22,3104,81916.0,66.4
REMUS, 11-Sep-2026,880.1,892.95,870.0,880.0,893.05,5900,51.78,46,4200.0,79.25
RENUKA, 11-Sep-2026,24.51,25.13,23.97,24.87,24.82,19203049,4725.8,31616,4003405.0,23.42
REPCOHOME, 11-Sep-2026,350.05,361.95,348.85,359.6,353.8,106122,377.25,3996,64105.0,65.78
REPRO, 11-Sep-2026,307.7,313.55,306.05,309.5,306.9,4874,15.06,578,1607.0,37.73
RESPONIND, 11-Sep-2026,170.85,176.8,164.17,173.27,169.54,1947707,3364.21,25004,282010.0,15.6
RETAIL, 11-Sep-2026,16.52,17.39,16.15,17.14,16.6,2912,0.49,34,1891.0,65.98
REXPRO, 11-Sep-2026,37.75,37.75,37.0,37.0,36.2,3000,1.12,3,2000.0,66.67
RFBL, 11-Sep-2026,85.65,93.65,85.65,89.0,90.15,549000,505.7,19,540000.0,98.36
RGL, 11-Sep-2026,156.0,161.2,154.25,155.49,156.48,1372451,2164.87,19607,395530.0,30.92
RHETAN, 11-Sep-2026,24.01,24.01,24.01,24.01,25.27,72250,17.35,550,66523.0,100.0
RHIM, 11-Sep-2026,376.65,378.6,371.5,375.8,378.7,112757,423.13,4424,42349.0,47.33
RHL, 11-Sep-2026,167.0,168.9,165.0,166.85,166.59,2318,3.86,28,2094.0,94.45
RICOAUTO, 11-Sep-2026,129.25,136.0,127.11,134.17,130.31,1711893,2278.3,17151,461524.0,32.42
RIIL, 11-Sep-2026,712.0,714.5,704.55,710.75,714.85,35302,250.48,2357,10941.0,32.78
RIIT, 11-Sep-2026,120.68,120.9,119.6,119.62,119.86,204850,245.73,2268,181605.0,97.5
RILINFRA, 11-Sep-2026,32.1,33.5,31.0,31.9,32.8,109700,35.44,140,98800.0,92.16
RIR, 11-Sep-2026,177.99,181.0,172.61,177.26,177.38,353197,624.73,8066,140737.0,43.04
RISHABH, 11-Sep-2026,817.75,848.4,800.0,829.6,809.55,223706,1853.97,12121,92791.0,44.09
RITCO, 11-Sep-2026,305.1,308.55,296.75,300.7,305.35,49147,148.87,1705,20770.0,54.89
RITES, 11-Sep-2026,209.05,210.79,207.12,209.15,210.8,309078,645.28,9814,118265.0,42.08
RITEZONE, 11-Sep-2026,21.45,21.45,21.45,21.45,22.55,1600,0.34,1,1600.0,100.0
RKDL, 11-Sep-2026,18.32,18.39,17.95,18.06,18.32,10185,1.84,74,9282.0,98.77
RKEC, 11-Sep-2026,19.17,19.65,18.27,19.33,19.17,39692,7.59,408,29080.0,77.46
RKFORGE, 11-Sep-2026,720.0,720.9,699.55,711.2,727.05,571407,4039.6,20860,263777.0,51.73
RKSWAMY, 11-Sep-2026,91.5,94.0,91.0,92.94,91.47,13763,12.71,330,6627.0,60.54
RMC, 11-Sep-2026,215.77,215.77,210.31,211.68,215.96,29563,62.8,1294,13752.0,51.16
RML, 11-Sep-2026,1415.8,1415.9,1340.1,1360.0,1408.9,72216,984.84,7042,26217.0,42.13
RNFI, 11-Sep-2026,343.0,345.0,334.05,339.55,338.85,37800,128.67,48,22200.0,72.55
RNPL, 11-Sep-2026,61.85,62.0,61.85,61.85,65.1,14400,8.91,12,13200.0,100.0
ROCKINGDCE, 11-Sep-2026,222.0,234.0,221.0,227.35,214.0,6250,14.2,18,250.0,100.0
ROHLTD, 11-Sep-2026,305.15,308.95,302.05,306.3,307.2,8615,26.35,506,4895.0,71.14
ROLEXRINGS, 11-Sep-2026,173.9,173.9,166.5,171.37,173.15,1250767,2126.8,20848,501698.0,42.57
ROML, 11-Sep-2026,42.94,43.22,41.72,42.69,42.13,1948,0.84,35,1688.0,87.92
ROSSARI, 11-Sep-2026,449.65,449.65,440.85,446.15,449.5,36449,162.18,2227,18515.0,58.1
ROSSELLIND, 11-Sep-2026,56.11,56.14,54.5,55.06,56.1,38496,21.2,789,21226.0,66.91
ROSSTECH, 11-Sep-2026,1200.1,1236.0,1189.2,1214.3,1206.6,147435,1786.15,11267,66392.0,47.43
ROTO, 11-Sep-2026,65.0,65.55,63.27,64.29,65.07,258884,166.28,2562,99677.0,50.03
ROUTE, 11-Sep-2026,499.95,502.0,491.0,493.55,500.75,158844,786.23,5110,72029.0,50.59
ROXHITECH, 11-Sep-2026,46.2,46.2,44.65,45.8,46.2,49600,22.48,27,30400.0,65.52
RPEL, 11-Sep-2026,1773.5,1854.1,1725.9,1845.2,1743.5,171393,3084.79,17739,65263.0,42.34
RPGLIFE, 11-Sep-2026,2794.3,2794.3,2680.0,2698.6,2782.7,17821,484.65,2549,9296.0,58.71
RPOWER, 11-Sep-2026,21.7,21.77,21.41,21.58,21.84,14641908,3150.51,23723,4882193.0,38.66
RPPINFRA, 11-Sep-2026,62.39,62.65,60.0,60.34,63.03,84305,51.29,1059,36202.0,51.39
RPSGVENT, 11-Sep-2026,828.6,844.85,828.2,831.8,840.2,9494,79.13,760,3479.0,55.49
RPTECH, 11-Sep-2026,780.0,830.75,780.0,819.65,806.45,286250,2319.72,15721,120447.0,45.14
RRECL, 11-Sep-2026,126.0,138.6,125.58,133.8,126.0,883,1.16,52,442.0,50.17
RRIL, 11-Sep-2026,16.4,16.4,15.6,15.99,15.97,31013,4.93,189,20559.0,73.07
RRKABEL, 11-Sep-2026,2425.0,2438.9,2368.6,2424.4,2437.0,331584,7993.41,27397,153999.0,49.09
RSL, 11-Sep-2026,186.8,191.99,184.01,190.1,186.7,379349,717.27,4203,205578.0,57.63
RSSOFTWARE, 11-Sep-2026,29.8,29.85,28.5,29.63,29.21,12071,3.56,201,8896.0,83.24
RSYSTEMS, 11-Sep-2026,243.57,243.57,238.0,240.36,243.05,89858,215.86,2135,49009.0,62.77
RTNINDIA, 11-Sep-2026,27.48,28.0,27.0,27.68,27.6,1756505,484.32,10683,858387.0,51.86
RTNPOWER, 11-Sep-2026,7.25,7.27,7.13,7.17,7.25,15082630,1081.83,14534,7487673.0,55.94
RTSPOWR, 11-Sep-2026,88.51,89.99,80.3,87.94,88.07,2567,2.27,50,1352.0,97.13
RUBFILA, 11-Sep-2026,68.89,69.89,67.01,68.51,68.09,52411,35.66,273,29439.0,63.51
RUBICON, 11-Sep-2026,1792.0,1848.6,1758.1,1835.4,1790.0,318589,5718.74,22699,166094.0,58.89
RUBYMILLS, 11-Sep-2026,445.9,463.8,426.95,455.1,445.9,11703,51.77,854,4867.0,52.11
RUCHINFRA, 11-Sep-2026,5.62,5.68,5.46,5.55,5.68,108052,6.01,285,73987.0,90.32
RUCHIRA, 11-Sep-2026,110.4,110.4,108.31,108.83,110.54,51220,56.01,847,28002.0,62.61
RUDRA, 11-Sep-2026,19.7,20.85,19.7,20.49,20.0,24938,5.08,156,18260.0,91.56
RULKA, 11-Sep-2026,115.0,115.0,107.0,107.0,105.9,1500,1.65,5,900.0,60.0
RUPA, 11-Sep-2026,138.9,138.9,135.8,137.48,140.45,105141,144.03,3834,47697.0,49.33
RUSHIL, 11-Sep-2026,16.01,16.19,15.65,15.91,16.01,258300,41.02,632,161694.0,66.43
RUSTOMJEE, 11-Sep-2026,351.0,351.2,331.9,344.95,350.5,351342,1198.7,7358,176803.0,52.29
RVHL, 11-Sep-2026,40.5,40.5,38.0,39.46,39.45,5424,2.12,111,3716.0,79.15
RVNL, 11-Sep-2026,204.5,204.99,202.04,204.9,205.6,3816727,7757.01,36834,1253393.0,35.51
RVTH, 11-Sep-2026,762.5,762.5,740.4,740.95,762.5,97,0.73,36,82.0,98.8
S&SPOWER, 11-Sep-2026,352.0,359.0,333.05,350.35,342.6,2806,9.75,117,1815.0,65.5
SAAKSHI, 11-Sep-2026,352.0,355.45,337.6,345.4,350.4,9000,31.36,15,6600.0,84.62
SAATVIKGL, 11-Sep-2026,402.05,402.2,389.15,395.95,402.05,73637,289.75,3179,37615.0,60.29
SACHEEROME, 11-Sep-2026,516.65,516.65,497.0,509.95,516.65,11100,56.17,36,6300.0,63.64
SADBHAV, 11-Sep-2026,8.06,8.06,7.71,7.87,8.06,468955,36.74,729,267969.0,65.55
SADHAV, 11-Sep-2026,112.1,116.9,112.1,113.65,117.3,11400,12.99,19,6000.0,62.5
SAFARI, 11-Sep-2026,1500.0,1556.8,1470.0,1544.7,1501.6,115745,1757.78,13455,51149.0,62.77
SAFEENTP, 11-Sep-2026,262.6,267.9,255.0,257.3,269.7,65500,169.78,118,52000.0,86.67
SAGARDEEP, 11-Sep-2026,24.2,24.2,23.72,23.79,24.04,9000,2.17,59,8993.0,99.93
SAGCEM, 11-Sep-2026,149.48,150.34,145.5,146.25,150.34,121275,177.9,1793,87177.0,81.45
SAGILITY, 11-Sep-2026,44.25,45.5,43.47,45.2,44.41,24429679,10906.38,53802,8871760.0,38.68
SAHAJSOLAR, 11-Sep-2026,95.4,95.4,92.75,93.95,92.7,8000,7.51,16,6000.0,88.24
SAHANA, 11-Sep-2026,905.4,914.0,898.0,904.45,905.35,13950,126.28,72,9600.0,83.12
SAHASRA, 11-Sep-2026,294.5,303.0,282.25,297.1,291.9,57200,167.62,113,41600.0,82.54
SAHLIBHFI, 11-Sep-2026,83.15,84.0,81.1,81.67,82.33,17382,14.3,330,7248.0,60.82
SAHYADRI, 11-Sep-2026,389.9,396.45,374.45,390.9,383.35,17080,66.08,1083,7723.0,51.17
SAICAPI, 11-Sep-2026,155.0,157.99,147.5,152.18,155.34,329,0.51,20,294.0,93.93
SAIFL, 11-Sep-2026,4.45,4.55,4.35,4.4,4.45,256000,11.32,45,152000.0,86.36
SAIL, 11-Sep-2026,182.43,182.43,178.65,179.0,183.75,8764231,15759.69,38422,3342680.0,40.33
SAILIFE, 11-Sep-2026,1590.0,1616.1,1571.4,1585.0,1591.1,1170229,18609.52,61785,622224.0,56.49
SAIPARENT, 11-Sep-2026,516.5,527.9,515.55,523.35,522.55,39054,203.78,2609,19395.0,55.46
SAJHOTELS, 11-Sep-2026,35.0,37.0,35.0,37.0,36.1,12000,4.36,3,12000.0,100.0
SAKAR, 11-Sep-2026,1118.0,1195.0,1096.05,1158.55,1117.3,181225,2094.25,13703,76666.0,49.37
SAKHTISUG, 11-Sep-2026,19.19,21.55,19.05,19.9,19.19,421371,84.93,1741,123076.0,30.94
SAKSOFT, 11-Sep-2026,146.79,147.5,145.0,146.49,146.87,211197,308.27,3503,99397.0,53.65
SAKUMA, 11-Sep-2026,1.58,1.6,1.54,1.57,1.59,1273560,19.95,980,961624.0,79.32
SALASAR, 11-Sep-2026,5.02,5.15,4.96,5.05,5.03,4132123,207.75,3249,2160100.0,66.83
SALONA, 11-Sep-2026,261.45,261.45,255.0,260.05,262.75,55,0.14,12,54.0,98.18
SALSTEEL, 11-Sep-2026,76.0,76.69,74.0,74.81,76.63,418767,315.27,3102,103939.0,28.72
SALZERELEC, 11-Sep-2026,549.25,558.95,544.25,550.55,550.15,39771,219.64,2362,18887.0,58.09
SAMBANDAM, 11-Sep-2026,113.01,113.25,111.0,111.65,113.01,200,0.22,13,194.0,99.49
SAMBHAAV, 11-Sep-2026,5.94,6.4,5.81,5.96,5.82,26997,1.63,68,14520.0,54.16
SAMBHV, 11-Sep-2026,131.0,134.75,129.01,131.08,132.51,1936674,2553.3,17867,745125.0,41.41
SAMHI, 11-Sep-2026,158.4,160.0,156.13,157.07,160.2,1091697,1721.98,23619,370175.0,37.99
SAMMAANCAP, 11-Sep-2026,149.0,149.37,146.6,147.3,149.77,4129688,6094.64,24997,1788906.0,48.99
SAMPANN, 11-Sep-2026,24.5,24.99,24.0,24.46,24.11,24675,6.07,226,15218.0,80.64
SANATHAN, 11-Sep-2026,485.5,489.05,468.05,472.1,483.1,142861,680.65,6074,67922.0,49.23
SANDESH, 11-Sep-2026,1001.2,1032.0,1000.0,1014.6,1021.1,1545,15.6,149,1238.0,88.68
SANDHAR, 11-Sep-2026,624.95,624.95,610.2,618.6,627.25,99497,612.76,5283,46294.0,52.28
SANDUMA, 11-Sep-2026,195.0,195.35,189.6,190.35,196.74,858154,1648.57,13328,418339.0,55.0
SANGAMIND, 11-Sep-2026,576.15,579.9,562.55,574.4,577.05,19897,114.05,1839,10909.0,61.87
SANGANI, 11-Sep-2026,52.0,53.9,52.0,53.9,54.5,3000,1.59,2,3000.0,100.0
SANGHVIMOV, 11-Sep-2026,431.05,433.0,420.1,426.5,434.15,256297,1094.16,8361,124221.0,54.42
SANOFI, 11-Sep-2026,3101.3,3105.4,3069.3,3079.2,3106.0,9890,304.98,2334,6001.0,63.77
SANOFICONR, 11-Sep-2026,4099.0,4113.5,4001.1,4023.4,4089.6,4396,178.28,1163,2309.0,59.93
SANSERA, 11-Sep-2026,4086.7,4149.0,4050.0,4129.9,4107.9,127741,5248.36,20987,57351.0,47.73
SANSTAR, 11-Sep-2026,107.95,111.2,105.55,110.53,107.38,202115,219.81,2226,79549.0,49.58
SAPPHIRE, 11-Sep-2026,222.5,226.98,219.31,225.74,224.11,581886,1304.33,21164,260808.0,50.39
SAPPL, 11-Sep-2026,292.0,292.0,286.05,290.8,286.05,212,0.62,7,212.0,100.0
SARDAEN, 11-Sep-2026,533.0,534.5,522.8,524.15,537.25,374526,1973.54,18664,160715.0,50.96
SAREGAMA, 11-Sep-2026,505.45,516.2,493.35,505.5,505.15,522041,2652.67,19656,190185.0,38.5
SARLAPOLY, 11-Sep-2026,101.25,101.98,99.62,100.22,101.31,107369,107.68,542,91897.0,88.18
SARTELE, 11-Sep-2026,85.5,85.5,79.05,79.9,83.5,236000,189.1,273,178000.0,79.64
SARVESHWAR, 11-Sep-2026,4.1,4.1,3.89,4.01,3.99,4826620,193.42,2840,3158744.0,72.0
SASKEN, 11-Sep-2026,1780.7,1818.9,1728.0,1783.6,1777.6,29817,523.59,3537,16484.0,62.44
SATECH, 11-Sep-2026,40.45,40.45,39.0,39.9,40.7,15000,5.94,12,10000.0,71.43
SATIA, 11-Sep-2026,68.43,68.43,66.0,68.01,68.57,115287,78.16,1142,64152.0,60.11
SATIN, 11-Sep-2026,217.0,220.89,215.03,216.68,217.21,136042,295.99,2918,68136.0,53.62
SATIPOLY, 11-Sep-2026,39.05,39.05,38.8,38.8,40.8,1500,0.58,3,1500.0,100.0
SATKARTAR, 11-Sep-2026,137.0,148.0,135.25,145.2,131.2,164800,237.59,190,120000.0,75.38
SATTVAENGG, 11-Sep-2026,56.65,62.15,56.65,62.15,59.5,11200,6.6,7,9600.0,85.71
SAURASHCEM, 11-Sep-2026,55.63,55.84,54.0,54.76,55.48,60190,32.94,1013,43537.0,74.37
SAVY, 11-Sep-2026,140.0,140.0,140.0,140.0,141.1,2400,3.36,2,2400.0,100.0
SAWALIYA, 11-Sep-2026,169.0,169.0,161.0,162.45,169.0,29400,48.05,19,9000.0,88.24
SAYAJIHOTL, 11-Sep-2026,324.35,330.0,315.0,326.8,325.2,308,1.0,12,160.0,99.38
SAYAJIIND, 11-Sep-2026,110.3,118.9,110.3,118.9,115.99,214,0.24,8,178.0,83.18
SBC, 11-Sep-2026,47.8,48.39,47.7,48.33,48.05,8267285,3987.99,6177,4044380.0,53.82
SBCL, 11-Sep-2026,1107.8,1108.0,1072.6,1087.0,1112.0,165852,1801.52,13374,80572.0,55.17
SBFC, 11-Sep-2026,97.99,99.01,96.52,98.19,98.48,411967,403.36,6026,183715.0,50.32
SBGLP, 11-Sep-2026,22.33,23.4,21.31,21.56,22.44,95640,21.08,690,28383.0,37.8
SBIBPB, 11-Sep-2026,48.55,48.81,48.02,48.58,48.7,69244,33.55,369,38049.0,57.47
SBICARD, 11-Sep-2026,665.0,665.15,650.05,655.2,666.3,1571692,10301.34,42943,873665.0,61.18
SBIETFCON, 11-Sep-2026,119.47,119.47,117.65,118.35,118.65,2489,2.94,90,1345.0,56.18
SBIETFIT, 11-Sep-2026,318.0,323.96,318.0,322.45,320.35,7677,24.69,197,3604.0,51.67
SBIETFPB, 11-Sep-2026,278.51,282.15,275.3,281.69,278.52,2857,7.92,71,2661.0,94.33
SBIETFQLTY, 11-Sep-2026,216.53,216.53,214.9,216.09,216.53,640,1.38,65,465.0,83.94
SBIFUNDS, 11-Sep-2026,550.0,550.0,543.15,544.3,551.0,756177,4123.13,25853,415935.0,63.38
SBILIFE, 11-Sep-2026,1680.0,1697.7,1671.0,1684.7,1700.6,308631,5207.4,22778,143868.0,56.15
SBILIQETF, 11-Sep-2026,1055.82,1055.82,1055.8,1055.8,1055.27,435842,4601.62,341,5317.0,99.66
SBIMIDMOM, 11-Sep-2026,63.35,63.82,62.68,63.53,63.53,55215,35.0,280,41733.0,94.28
SBIN, 11-Sep-2026,1000.0,1001.9,993.0,995.7,1009.7,7771109,77444.7,168958,3903299.0,53.86
SBINEQWETF, 11-Sep-2026,32.98,32.98,32.31,32.55,32.7,32422,10.54,259,28668.0,96.55
SBINMID150, 11-Sep-2026,22.9,22.96,22.64,22.94,22.95,13150,3.0,137,11994.0,91.21
SBISILVER, 11-Sep-2026,221.76,223.3,219.31,221.92,229.15,1619779,3584.9,8666,550106.0,36.33
SBISMLETF, 11-Sep-2026,18.55,18.55,18.14,18.28,18.46,155495,28.46,288,136405.0,89.6
SBIVALETF, 11-Sep-2026,14.62,14.62,14.42,14.57,14.62,24030,3.48,73,14495.0,61.19
SCHAEFFLER, 11-Sep-2026,3951.0,3967.7,3890.1,3950.5,3940.2,18313,721.05,5767,8552.0,56.46
SCHAND, 11-Sep-2026,136.0,138.0,134.96,137.72,135.42,36456,49.79,985,25604.0,78.08
SCHNEIDER, 11-Sep-2026,1180.0,1237.0,1168.0,1227.0,1194.9,261523,3180.45,19296,87697.0,36.46
SCI, 11-Sep-2026,283.25,283.35,277.5,280.6,285.2,1518756,4254.47,28863,501565.0,38.24
SCILAL, 11-Sep-2026,38.0,38.94,37.9,38.14,38.46,212235,81.03,2205,108064.0,60.77
SCML, 11-Sep-2026,75.7,77.9,75.7,77.9,75.7,5000,3.87,5,5000.0,100.0
SCODATUBES, 11-Sep-2026,130.09,131.0,127.21,129.82,129.21,79209,102.05,1575,38385.0,67.8
SDBL, 11-Sep-2026,70.75,71.55,69.35,70.07,70.87,386681,270.62,3822,157517.0,56.36
SEAMECLTD, 11-Sep-2026,1774.5,1849.0,1774.5,1788.4,1772.9,150565,2720.75,13010,51346.0,37.24
SECMARK, 11-Sep-2026,148.0,148.0,138.0,141.31,149.16,2320,3.27,138,1533.0,82.42
SECURKLOUD, 11-Sep-2026,16.51,17.1,15.6,16.51,16.92,79798,13.13,286,54123.0,77.22
SEDEMAC, 11-Sep-2026,2915.9,3008.9,2878.1,2906.2,2915.7,106773,3136.69,18542,37771.0,38.6
SEIL, 11-Sep-2026,196.68,196.68,191.0,192.68,195.02,123748,238.32,1409,67947.0,61.25
SEJALLTD, 11-Sep-2026,660.0,673.0,639.0,646.3,672.0,7569,49.1,562,2798.0,77.94
SEKURITIND, 11-Sep-2026,111.2,115.0,108.96,110.34,112.43,50303,55.45,669,34518.0,75.05
SEL, 11-Sep-2026,338.0,355.0,338.0,354.2,338.5,9800,34.43,28,6000.0,75.0
SELECTIPO, 11-Sep-2026,48.51,48.51,47.79,48.48,48.48,51448,24.79,135,28862.0,59.1
SEMAC, 11-Sep-2026,279.85,279.85,270.0,273.05,279.85,2318,6.36,81,2064.0,92.72
SENCO, 11-Sep-2026,349.9,349.9,340.25,346.4,349.9,676349,2332.37,23957,314506.0,49.54
SENORES, 11-Sep-2026,1452.0,1480.0,1437.1,1467.3,1463.1,134825,1969.9,14890,50956.0,39.64
SENSEXADD, 11-Sep-2026,77.42,77.45,76.74,77.35,77.42,4095,3.16,31,1529.0,37.57
SENSEXAXIS, 11-Sep-2026,77.45,77.94,76.93,77.35,77.22,6532,5.04,59,3671.0,56.95
SENSEXBETA, 11-Sep-2026,836.84,836.84,824.05,832.37,840.98,4181,34.57,208,3299.0,79.51
SENSEXETF, 11-Sep-2026,77.0,77.47,76.53,77.42,77.19,32749,25.22,297,19063.0,59.69
SENSEXIETF, 11-Sep-2026,856.19,866.0,854.8,863.63,860.55,325681,2796.14,495,322861.0,99.43
SEPC, 11-Sep-2026,5.28,5.3,5.17,5.27,5.29,7963406,417.06,4191,3841187.0,55.07
SERVICE, 11-Sep-2026,68.05,68.05,68.05,68.05,70.7,2000,1.36,1,2000.0,100.0
SERVOTECH, 11-Sep-2026,77.62,77.62,76.26,77.28,77.62,356343,274.55,3987,163955.0,56.06
SESHAPAPER, 11-Sep-2026,246.85,255.0,242.41,251.14,246.96,179922,451.99,3304,82515.0,48.03
SETF10GILT, 11-Sep-2026,265.0,265.0,262.57,263.98,264.48,1367,3.62,33,917.0,67.83
SETFGOLD, 11-Sep-2026,128.7,129.74,127.84,129.06,130.26,6085719,7842.99,11640,1817446.0,38.52
SETFNIF50, 11-Sep-2026,258.92,258.92,250.8,252.41,252.61,870218,2192.52,6238,525447.0,64.72
SETFNIFBK, 11-Sep-2026,581.72,582.9,573.42,581.78,578.83,222320,1288.49,783,192205.0,87.09
SETFNN50, 11-Sep-2026,781.51,781.51,767.21,772.61,777.83,67424,520.09,1552,41634.0,67.45
SETL, 11-Sep-2026,468.15,468.15,443.0,468.15,445.9,2933978,13573.89,24498,976865.0,33.65
SFL, 11-Sep-2026,697.1,701.5,679.95,691.55,697.95,216987,1502.25,19766,102795.0,49.51
SGBAPR28I, 11-Sep-2026,15190.0,15197.99,15051.01,15130.83,15265.0,287,43.44,50,221.0,78.65
SGBAUG27, 11-Sep-2026,15049.99,15119.77,14974.74,15010.28,15110.0,58,8.71,20,18.0,81.82
SGBAUG28V, 11-Sep-2026,15098.9,15100.0,14926.01,15012.8,15161.99,611,91.84,157,256.0,65.47
SGBAUG29V, 11-Sep-2026,14911.0,15145.0,14911.0,15113.83,15200.01,20,3.01,11,10.0,76.92
SGBAUG30, 11-Sep-2026,15270.0,15270.0,14906.01,15175.73,15348.49,423,63.99,114,299.0,72.93
SGBD29VIII, 11-Sep-2026,14820.01,15200.0,14820.01,15133.75,15200.0,149,22.45,83,58.0,59.79
SGBDC27VII, 11-Sep-2026,15190.0,15190.0,15190.0,15190.0,15149.0,2,0.3,1,2.0,100.0
SGBDE30III, 11-Sep-2026,15200.0,15236.0,14933.01,15213.46,15283.76,113,17.15,42,82.0,85.42
SGBDE31III, 11-Sep-2026,15250.98,15599.0,15250.98,15592.86,15642.04,574,88.72,189,323.0,57.89
SGBFEB27, 11-Sep-2026,15095.0,15095.0,15025.0,15025.0,15149.0,6,0.9,3,1.0,100.0
SGBFEB28IX, 11-Sep-2026,14901.0,15099.98,14901.0,15030.04,15246.0,28,4.21,7,3.0,100.0
SGBFEB29XI, 11-Sep-2026,14901.01,15086.0,14901.01,15032.94,15170.0,68,10.2,25,34.0,80.95
SGBFEB32IV, 11-Sep-2026,15730.0,15898.98,15531.01,15841.24,15988.07,1190,187.4,282,668.0,60.4
SGBJAN29IX, 11-Sep-2026,15144.99,15144.99,14909.12,15046.09,15212.63,136,20.43,33,48.0,76.19
SGBJAN29X, 11-Sep-2026,14900.0,15100.0,14850.0,15042.97,15141.01,90,13.51,31,59.0,70.24
SGBJAN30IX, 11-Sep-2026,15025.0,15250.0,14999.99,15232.85,15178.72,294,44.41,93,181.0,63.07
SGBJU29III, 11-Sep-2026,14925.0,15125.0,14925.0,15012.61,15217.0,563,84.52,67,153.0,76.5
SGBJUL27, 11-Sep-2026,14804.0,14999.9,14804.0,14999.9,15199.99,6,0.89,3,3.0,50.0
SGBJUL28IV, 11-Sep-2026,14811.0,15088.8,14811.0,15010.0,15120.01,95,14.25,32,54.0,73.97
SGBJUL29IV, 11-Sep-2026,14812.0,15100.0,14812.0,15012.5,15152.36,64,9.62,31,44.0,75.86
SGBJUN28, 11-Sep-2026,15044.98,15099.0,15030.0,15030.0,15155.28,13,1.96,8,8.0,80.0
SGBJUN29II, 11-Sep-2026,15000.0,15139.99,14817.5,15055.62,15210.0,124,18.63,38,97.0,83.62
SGBJUN30, 11-Sep-2026,14850.0,15300.0,14801.0,15296.66,15238.84,148,22.41,42,66.0,49.62
SGBJUN31I, 11-Sep-2026,15339.83,15396.6,15100.0,15320.87,15389.99,777,118.07,155,458.0,64.51
SGBMAR30X, 11-Sep-2026,15145.0,15195.0,15058.66,15179.63,15222.01,21,3.18,10,12.0,75.0
SGBMAR31IV, 11-Sep-2026,15200.0,15396.93,15150.01,15319.25,15405.56,140,21.39,45,79.0,66.95
SGBMAY28, 11-Sep-2026,15099.99,15120.0,15000.0,15059.5,15232.27,154,23.18,36,112.0,83.58
SGBMAY29I, 11-Sep-2026,15000.0,15169.99,14995.0,15071.47,15215.21,359,54.11,48,137.0,61.99
SGBMR29XII, 11-Sep-2026,14999.98,15098.9,14811.0,15023.88,15150.0,479,71.86,122,247.0,55.13
SGBN28VIII, 11-Sep-2026,15000.0,15117.99,15000.0,15038.81,15180.0,55,8.28,19,31.0,91.18
SGBNV29VII, 11-Sep-2026,14950.0,15188.0,14950.0,15072.55,15201.0,85,12.76,20,60.0,74.07
SGBOC28VII, 11-Sep-2026,15050.0,15199.0,15050.0,15199.0,15230.0,43,6.51,6,37.0,86.05
SGBOCT26, 11-Sep-2026,15100.0,15130.0,15100.0,15130.0,15200.0,11,1.66,2,6.0,100.0
SGBSEP27, 11-Sep-2026,14900.0,15056.5,14900.0,15054.75,15174.0,16,2.4,7,9.0,64.29
SGBSEP28VI, 11-Sep-2026,14975.0,15094.98,14815.0,15009.04,15160.0,364,54.65,56,77.0,22.71
SGBSEP29VI, 11-Sep-2026,15099.0,15146.53,14899.99,15043.82,15165.03,600,89.69,86,421.0,71.11
SGBSEP31II, 11-Sep-2026,15255.01,15439.99,15255.0,15391.9,15566.34,695,106.64,155,321.0,61.26
SGFIN, 11-Sep-2026,670.0,673.2,658.0,660.75,672.0,162612,1076.2,6271,87794.0,63.41
SGIL, 11-Sep-2026,590.8,602.45,590.0,592.2,602.0,8771,52.22,252,7031.0,90.14
SGL, 11-Sep-2026,9.86,10.22,9.67,9.73,9.9,8778,0.86,86,4389.0,74.88
SGLRES, 11-Sep-2026,2.45,2.45,2.31,2.44,2.36,37017,0.88,93,18239.0,59.58
SGMART, 11-Sep-2026,766.55,775.0,749.4,750.95,766.55,160171,1209.03,9139,78112.0,57.69
SGRL, 11-Sep-2026,633.95,661.95,620.0,659.2,631.65,18758,120.71,1134,11012.0,61.47
SHADOWFAX, 11-Sep-2026,253.0,255.0,246.5,253.4,255.1,1996782,5023.5,30028,786204.0,43.44
SHAH, 11-Sep-2026,3.58,3.58,3.48,3.51,3.54,945289,33.31,687,433217.0,67.17
SHAILY, 11-Sep-2026,3351.8,3366.1,3222.1,3279.5,3383.2,192834,6331.45,35603,94642.0,52.22
SHAKTIPUMP, 11-Sep-2026,503.0,503.0,484.55,493.8,503.2,1008120,4953.76,30187,218752.0,25.22
SHALBY, 11-Sep-2026,145.25,146.99,141.7,144.78,145.96,112748,162.78,2577,54347.0,52.02
SHANKARA, 11-Sep-2026,148.0,148.51,146.0,148.29,148.41,75913,112.26,759,49092.0,72.93
SHANKESH, 11-Sep-2026,104.4,115.9,100.0,101.3,98.41,53876821,57470.76,281997,8923311.0,17.2
SHANTI, 11-Sep-2026,6.1,6.49,6.1,6.2,6.2,18127,1.13,51,10666.0,92.55
SHANTIGEAR, 11-Sep-2026,720.0,733.9,708.55,714.95,725.45,146091,1054.52,6243,45363.0,36.27
SHANTIGOLD, 11-Sep-2026,256.9,259.75,247.53,258.17,257.29,1074560,2736.94,15227,403737.0,43.34
SHANTIINOR, 11-Sep-2026,184.95,184.95,184.95,184.95,176.15,27200,50.31,17,24000.0,100.0
SHARDACROP, 11-Sep-2026,781.35,781.35,763.0,765.55,781.35,90612,696.87,9165,36889.0,61.45
SHARDAMOTR, 11-Sep-2026,946.3,948.5,915.1,943.75,946.25,86523,809.83,8168,43635.0,54.96
SHAREINDIA, 11-Sep-2026,197.0,204.87,192.3,198.93,196.32,15203480,30225.65,124795,1491229.0,10.65
SHARIABEES, 11-Sep-2026,438.57,440.76,435.12,437.38,438.57,11009,48.21,622,4961.0,58.46
SHBAJRG, 11-Sep-2026,159.5,159.81,153.0,155.85,159.5,3297,5.14,76,2204.0,70.3
SHEEL, 11-Sep-2026,59.3,61.0,58.9,61.0,62.0,16000,9.54,8,16000.0,100.0
SHEETAL, 11-Sep-2026,352.1,353.0,352.1,353.0,350.25,1000,3.53,2,500.0,100.0
SHERA, 11-Sep-2026,193.75,197.65,190.0,195.05,190.8,85000,165.37,81,56000.0,74.67
SHERVANI, 11-Sep-2026,326.0,360.0,309.0,348.85,311.0,3811,13.25,317,2474.0,67.19
SHETHJI, 11-Sep-2026,192.15,192.95,181.25,189.5,194.8,43000,81.22,36,27000.0,64.29
SHIGAN, 11-Sep-2026,67.1,67.1,66.5,66.5,66.0,4500,3.01,3,4500.0,100.0
SHILCTECH, 11-Sep-2026,4158.0,4189.0,4084.0,4174.4,4158.6,17556,728.7,3874,8096.0,53.61
SHILGRAVQ, 11-Sep-2026,168.4,172.65,163.0,163.94,168.4,5074,8.48,134,3598.0,73.26
SHILPAMED, 11-Sep-2026,935.0,975.0,910.0,961.15,939.9,1471659,14013.21,56245,356574.0,26.1
SHINDL, 11-Sep-2026,162.0,164.75,160.0,163.02,161.98,258569,416.76,699,133258.0,53.81
SHIPROCKET, 11-Sep-2026,129.0,135.42,126.13,133.99,129.17,8823294,11680.1,59263,1378799.0,16.62
SHIVAAGRO, 11-Sep-2026,40.32,40.88,39.0,39.69,40.32,5721,2.29,46,5292.0,94.25
SHIVACEM, 11-Sep-2026,16.04,16.5,15.0,15.95,16.04,117344,18.48,480,80491.0,74.53
SHIVALIK, 11-Sep-2026,358.45,365.65,349.55,362.05,366.8,115411,413.57,4593,54297.0,51.68
SHIVAMAUTO, 11-Sep-2026,16.98,16.98,16.45,16.69,16.68,13023,2.17,112,11603.0,93.14
SHIVAMILLS, 11-Sep-2026,62.7,62.7,59.59,61.47,60.38,162,0.1,8,109.0,99.09
SHIVASHRIT, 11-Sep-2026,121.0,122.7,115.2,120.4,118.65,51000,61.0,45,33000.0,89.19
SHIVATEX, 11-Sep-2026,178.95,187.95,173.07,178.05,179.18,9452,16.93,134,6070.0,67.77
SHIVAUM, 11-Sep-2026,476.0,476.0,462.05,465.4,461.45,13315,61.92,117,11839.0,95.75
SHK, 11-Sep-2026,142.96,142.96,138.88,141.22,143.58,231464,325.51,4419,111609.0,57.58
SHKSIL, 11-Sep-2026,35.0,36.1,35.0,36.1,35.4,10000,3.56,5,10000.0,100.0
SHOPERSTOP, 11-Sep-2026,376.2,388.0,368.25,375.45,377.55,38249,144.2,2507,13100.0,42.43
SHRADDHA, 11-Sep-2026,150.0,154.85,148.0,152.67,150.02,5140,7.79,126,3623.0,79.84
SHRADHA, 11-Sep-2026,31.0,31.7,29.5,30.84,31.19,20345,6.17,183,13733.0,69.99
SHREDIGCEM, 11-Sep-2026,69.41,69.51,68.0,68.49,69.09,56640,38.84,917,31019.0,67.9
SHREECEM, 11-Sep-2026,22660.0,22680.0,22370.0,22570.0,22785.0,16171,3645.34,9273,8478.0,54.13
SHREEDHAR, 11-Sep-2026,135.75,135.8,135.75,135.8,129.35,10000,13.58,5,8000.0,80.0
SHREEJISPG, 11-Sep-2026,706.65,711.3,686.45,691.75,713.1,919480,6429.71,10740,351786.0,41.76
SHREEKARNI, 11-Sep-2026,381.0,381.0,381.0,381.0,385.0,150,0.57,1,150.0,100.0
SHREEOSFM, 11-Sep-2026,53.9,56.0,52.95,56.0,54.0,7000,3.79,7,5000.0,71.43
SHREEPUSHK, 11-Sep-2026,495.55,506.45,478.8,486.9,491.6,157309,774.33,5683,40856.0,44.68
SHREERAMA, 11-Sep-2026,46.69,47.4,45.0,47.12,45.88,107895,50.3,1128,69541.0,68.9
SHREYANIND, 11-Sep-2026,135.0,135.0,131.5,132.8,135.46,3771,5.02,142,1863.0,81.0
SHRIAHIMSA, 11-Sep-2026,455.1,462.15,455.1,462.15,462.65,3000,13.74,5,2400.0,100.0
SHRIKANHA, 11-Sep-2026,22.8,22.8,22.8,22.8,22.8,3200,0.73,2,3200.0,100.0
SHRIKRISH, 11-Sep-2026,37.02,37.02,36.1,37.0,37.39,492,0.18,14,476.0,96.75
SHRINGARMS, 11-Sep-2026,217.4,218.0,214.04,217.27,216.79,148214,320.86,1492,44940.0,38.47
SHRIPISTON, 11-Sep-2026,4431.0,4462.0,4354.0,4371.5,4447.4,35262,1549.61,8696,16248.0,59.57
SHRIRAMFIN, 11-Sep-2026,1021.0,1034.5,1013.2,1028.6,1038.0,3171217,32521.59,75697,1573415.0,57.19
SHRIRAMPPS, 11-Sep-2026,72.37,72.61,70.96,71.83,72.62,365745,261.69,3359,189815.0,58.55
SHRJAGP, 11-Sep-2026,625.55,664.0,625.55,647.0,643.45,155,1.01,29,129.0,83.23
SHUBHLAXMI, 11-Sep-2026,17.7,18.4,17.7,18.4,17.7,3000,0.54,3,1000.0,100.0
SHUBHSHREE, 11-Sep-2026,350.0,360.0,342.05,360.0,350.0,4200,14.73,13,3600.0,85.71
SHUKRAPHAR, 11-Sep-2026,54.05,55.6,53.75,53.94,53.97,1577298,857.81,5434,745976.0,53.73
SHYAMDHANI, 11-Sep-2026,51.9,52.95,51.9,52.95,54.6,16000,8.45,7,14000.0,100.0
SHYAMMETL, 11-Sep-2026,1096.0,1096.0,1065.3,1074.8,1086.1,224493,2429.33,17923,102992.0,50.29
SHYAMTEL, 11-Sep-2026,11.5,11.5,11.01,11.48,11.5,3685,0.42,22,1819.0,96.81
SICAGEN, 11-Sep-2026,55.89,55.89,53.11,53.53,55.24,26131,14.1,435,16914.0,80.6
SIDDHIKA, 11-Sep-2026,235.0,235.0,222.0,235.0,230.9,4000,9.29,6,4000.0,100.0
SIEL, 11-Sep-2026,29.35,30.0,28.1,30.0,29.35,169,0.05,8,168.0,100.0
SIEMENS, 11-Sep-2026,3912.1,3957.0,3858.4,3957.0,3954.4,172514,6754.74,15958,38048.0,27.0
SIGACHI, 11-Sep-2026,38.0,38.5,36.7,37.93,37.56,4502407,1697.82,16061,1611816.0,38.15
SIGMA, 11-Sep-2026,44.83,44.83,44.0,44.19,44.97,64453,28.56,952,34205.0,66.54
SIGNATURE, 11-Sep-2026,772.35,779.95,751.0,760.85,772.35,209605,1590.04,6454,18060.0,9.67
SIGNPOST, 11-Sep-2026,269.25,279.0,260.15,276.25,267.8,102421,276.21,2706,46498.0,58.66
SIKA, 11-Sep-2026,1030.1,1111.0,993.6,1085.55,1024.85,654708,7099.32,46594,98383.0,15.85
SIL, 11-Sep-2026,18.19,18.55,17.5,17.76,18.1,43283,7.74,336,30686.0,79.04
SILGO, 11-Sep-2026,70.75,70.98,69.0,70.01,71.74,14401,10.1,300,3132.0,68.31
SILINV, 11-Sep-2026,450.0,475.4,445.0,463.8,451.0,3697,17.1,286,2789.0,82.25
SILKFLEX, 11-Sep-2026,257.1,281.05,254.35,281.05,267.7,46000,122.99,45,23000.0,52.27
SILKY, 11-Sep-2026,71.0,71.0,68.0,68.75,68.45,109600,75.37,10,800.0,50.0
SILVER, 11-Sep-2026,224.99,227.67,223.75,226.48,233.49,1308998,2954.83,11013,416715.0,35.51
SILVER001, 11-Sep-2026,23.05,23.45,22.25,22.94,23.6,269685,62.05,136,250490.0,93.03
SILVER1, 11-Sep-2026,22.12,22.12,21.73,22.01,22.71,15547379,3413.24,9061,6675194.0,44.27
SILVER360, 11-Sep-2026,225.0,225.0,221.33,223.61,230.33,19580,43.61,550,11699.0,66.13
SILVERADD, 11-Sep-2026,21.8,21.98,21.55,21.82,22.55,5816871,1268.23,8443,1686794.0,30.52
SILVERAG, 11-Sep-2026,219.99,221.82,217.9,220.59,227.93,423680,931.99,3533,122934.0,37.3
SILVERAXIS, 11-Sep-2026,225.44,234.7,222.66,225.76,232.4,1197571,2702.2,3249,835481.0,71.83
SILVERBEES, 11-Sep-2026,216.79,218.0,214.02,216.72,223.53,31806842,68728.51,108232,11997734.0,42.54
SILVERBETA, 11-Sep-2026,218.44,219.95,215.92,218.53,225.65,780985,1701.8,5263,317643.0,42.67
SILVERBND, 11-Sep-2026,228.0,228.88,222.69,227.2,233.85,14276,32.4,239,8606.0,61.53
SILVERCASE, 11-Sep-2026,22.88,23.11,22.71,22.98,23.72,10830127,2482.82,9832,3529128.0,36.45
SILVERIETF, 11-Sep-2026,225.9,227.66,223.7,226.39,233.48,4458877,10062.38,21178,2013112.0,47.31
SILVERTUC, 11-Sep-2026,151.15,157.59,150.0,152.49,152.0,529921,815.68,10720,180653.0,39.91
SIMCA, 11-Sep-2026,261.05,263.0,257.0,261.8,261.05,35400,92.13,14,33600.0,94.92
SIMPLEXINF, 11-Sep-2026,254.2,257.55,249.65,255.1,255.75,108268,273.36,2175,77053.0,75.78
SIMPLXREA, 11-Sep-2026,139.0,139.0,137.0,137.0,132.5,10,0.01,5,8.0,100.0
SINCLAIR, 11-Sep-2026,80.04,81.58,79.62,80.28,81.58,17030,13.7,263,12573.0,82.52
SINDHUTRAD, 11-Sep-2026,23.52,24.17,23.44,23.99,23.81,3110385,745.41,1651,162160.0,42.48
SINGERIND, 11-Sep-2026,75.3,76.96,73.01,76.16,74.02,62570,47.01,987,32226.0,58.09
SINTERCOM, 11-Sep-2026,79.02,82.8,75.81,76.65,79.82,13695,10.59,359,11017.0,86.57
SIRCA, 11-Sep-2026,429.05,432.75,425.45,427.35,431.55,166249,712.37,3337,61461.0,47.41
SIS, 11-Sep-2026,423.8,427.0,415.2,419.3,422.95,453528,1917.47,7487,221541.0,51.57
SIYSIL, 11-Sep-2026,540.45,543.75,528.65,535.15,547.0,38397,204.93,3142,23874.0,68.67
SJLOGISTIC, 11-Sep-2026,317.0,320.95,313.5,317.35,318.65,36500,115.5,85,28000.0,90.32
SJS, 11-Sep-2026,2341.2,2385.0,2314.4,2354.0,2342.6,140948,3302.63,24512,65773.0,52.27
SJVN, 11-Sep-2026,66.8,66.84,66.1,66.18,67.2,1187604,788.12,11817,545467.0,54.31
SKFINDIA, 11-Sep-2026,1526.0,1531.9,1505.0,1527.8,1531.6,16051,243.66,3006,7587.0,52.87
SKFINDUS, 11-Sep-2026,2934.3,2963.2,2870.1,2887.7,2935.4,40808,1188.99,11723,17284.0,53.95
SKIPPER, 11-Sep-2026,581.0,581.0,541.35,551.55,583.0,2163432,11953.79,55499,794356.0,39.23
SKMEGGPROD, 11-Sep-2026,247.65,247.65,240.0,241.3,247.9,151658,367.27,3410,76705.0,61.77
SKP, 11-Sep-2026,170.0,171.9,165.1,171.0,171.2,26000,44.25,33,2500.0,9.8
SKYGOLD, 11-Sep-2026,826.05,834.45,814.0,827.4,830.3,436603,3613.13,15222,179081.0,44.18
SKYTECH, 11-Sep-2026,27.9,27.9,27.9,27.9,29.35,27200,7.59,17,27200.0,100.0
SKYWAYS, 11-Sep-2026,109.0,117.5,108.5,116.01,111.19,4483291,5131.65,32325,1096682.0,26.84
SLONE, 11-Sep-2026,175.0,183.1,170.0,177.2,178.1,3600,6.34,9,800.0,100.0
SMALL250, 11-Sep-2026,18.88,18.88,18.24,18.4,18.51,390167,71.63,951,173693.0,49.94
SMALLADD, 11-Sep-2026,18.73,18.78,18.3,18.48,18.51,15741,2.9,160,10402.0,90.24
SMALLCAP, 11-Sep-2026,49.54,49.54,48.64,49.14,49.44,1384314,678.57,4544,641060.0,56.63
SMALLGROWW, 11-Sep-2026,49.05,49.56,48.57,49.55,49.16,21602,10.6,86,18226.0,93.18
SMALLIETF, 11-Sep-2026,18.3,18.6,18.24,18.4,18.47,44709,8.21,136,34896.0,92.97
SMARTWORKS, 11-Sep-2026,534.3,534.7,521.1,530.75,535.55,36274,191.25,1770,21484.0,64.41
SMCGLOBAL, 11-Sep-2026,84.5,87.59,84.29,86.0,85.64,3491875,3004.54,28127,801662.0,25.41
SML100CASE, 11-Sep-2026,11.32,11.39,11.2,11.29,11.32,2766423,311.27,1742,1957539.0,72.62
SMLMAH, 11-Sep-2026,6219.0,6591.5,6064.5,6583.0,6278.0,109374,7023.4,15238,37985.0,38.44
SMLT, 11-Sep-2026,62.01,63.0,61.31,62.29,61.44,2950,1.84,115,2114.0,81.59
SMSPHARMA, 11-Sep-2026,417.85,469.0,414.55,463.45,417.45,10401534,47104.48,237234,1502891.0,15.66
SNEHAA, 11-Sep-2026,47.0,47.0,44.25,44.25,45.85,8000,3.59,8,7000.0,87.5
SNOWMAN, 11-Sep-2026,36.1,36.16,35.51,35.91,36.16,72438,25.99,878,41428.0,72.74
SNXT30BEES, 11-Sep-2026,41.97,42.28,41.93,42.2,42.47,12162,5.13,73,10810.0,90.29
SNXT50BETA, 11-Sep-2026,93.3,94.46,92.21,94.41,93.19,586,0.55,73,434.0,76.68
SOBHA, 11-Sep-2026,1234.0,1234.0,1201.9,1216.8,1235.7,96039,1167.35,8814,34313.0,39.59
SOCL, 11-Sep-2026,29.05,29.05,29.0,29.0,28.95,6400,1.86,3,6400.0,100.0
SOFTTECH, 11-Sep-2026,435.0,455.9,433.85,452.35,435.0,7424,33.12,202,5465.0,86.16
SOLARA, 11-Sep-2026,707.2,759.55,697.4,749.15,707.25,1159874,8460.22,40388,340491.0,38.99
SOLARINDS, 11-Sep-2026,22300.0,22500.0,22130.0,22290.0,22370.0,148838,33287.37,33149,64712.0,46.78
SOLARWORLD, 11-Sep-2026,140.0,142.53,137.31,141.48,140.98,276812,385.79,6014,134864.0,55.49
SOLEX, 11-Sep-2026,710.9,710.9,677.6,698.6,705.25,28447,197.45,2997,13903.0,52.8
SOMANYCERA, 11-Sep-2026,559.0,571.0,550.6,565.2,559.7,101279,570.06,6964,55160.0,59.68
SOMATEX, 11-Sep-2026,84.48,85.9,81.25,84.52,84.48,5517,4.6,283,3118.0,60.37
SOMICONVEY, 11-Sep-2026,97.6,97.6,92.12,92.93,92.76,10309,9.63,373,4422.0,48.89
SONACOMS, 11-Sep-2026,798.0,799.95,786.9,788.0,803.5,832096,6592.13,22848,362361.0,48.61
SONAL, 11-Sep-2026,90.5,90.5,86.25,86.25,90.08,108,0.09,4,108.0,100.0
SONAMAC, 11-Sep-2026,34.25,35.25,34.25,35.25,34.3,9000,3.09,5,9000.0,100.0
SONATSOFTW, 11-Sep-2026,260.1,268.1,257.8,265.85,260.1,1384592,3655.28,30071,251931.0,20.12
SONUINFRA, 11-Sep-2026,53.05,53.05,49.4,50.35,52.0,106500,53.72,47,81000.0,98.18
SOTL, 11-Sep-2026,697.1,732.8,681.3,716.25,697.1,461088,3287.04,22547,120731.0,28.4
SOUTHBANK, 11-Sep-2026,45.6,46.47,45.18,46.18,46.08,5755589,2650.56,23365,2045681.0,38.01
SOUTHWEST, 11-Sep-2026,214.1,217.77,212.04,213.35,216.19,203063,435.0,4508,93747.0,50.39
SPAL, 11-Sep-2026,1015.9,1027.0,1003.9,1023.0,1029.7,54987,558.96,3954,29798.0,61.34
SPANDANA, 11-Sep-2026,230.0,236.79,228.37,235.37,232.17,102898,239.82,3230,49295.0,54.56
SPARC, 11-Sep-2026,196.89,197.55,192.56,196.01,196.91,475527,925.64,9938,189551.0,45.97
SPCENET, 11-Sep-2026,3.46,3.5,3.37,3.39,3.47,367991,12.49,461,232889.0,79.37
SPCL, 11-Sep-2026,63.05,64.9,63.0,64.7,63.05,22200,14.25,32,16200.0,77.14
SPECTSTM, 11-Sep-2026,59.7,59.7,59.25,59.25,59.0,1600,0.95,2,1600.0,100.0
SPENCERS, 11-Sep-2026,28.56,28.65,27.0,28.3,28.64,121748,33.73,1129,70326.0,59.01
SPIC, 11-Sep-2026,68.5,69.3,68.16,69.0,69.3,246359,169.14,2530,119793.0,53.0
SPLIL, 11-Sep-2026,30.4,31.19,30.0,30.05,30.5,4270,1.29,99,3537.0,98.33
SPLPETRO, 11-Sep-2026,836.0,836.05,804.6,818.35,828.15,176561,1439.51,10385,49659.0,38.14
SPMLINFRA, 11-Sep-2026,172.35,172.72,169.51,171.63,173.0,140993,241.51,2535,70252.0,57.56
SPORTKING, 11-Sep-2026,215.4,215.6,210.61,214.77,215.83,182419,389.25,5202,83938.0,53.58
SPPPOLY, 11-Sep-2026,11.75,11.75,11.75,11.75,11.25,2000,0.24,1,2000.0,100.0
SPUNWEB, 11-Sep-2026,102.5,105.0,101.0,101.0,103.0,15600,16.02,11,15600.0,100.0
SRD, 11-Sep-2026,38.9,39.4,37.85,38.27,38.5,52623,20.33,268,19253.0,95.17
SREEL, 11-Sep-2026,365.0,365.8,333.27,333.27,370.3,129115,437.32,3136,94714.0,73.72
SRF, 11-Sep-2026,2508.0,2508.0,2460.0,2482.4,2519.0,288552,7147.84,19671,117632.0,53.12
SRGHFL, 11-Sep-2026,156.0,156.0,156.0,156.0,195.0,11743,18.32,213,11470.0,100.0
SRHHYPOLTD, 11-Sep-2026,524.4,528.1,518.5,523.8,517.1,18998,99.23,766,14112.0,79.4
SRIVASAVI, 11-Sep-2026,72.15,74.85,72.05,72.05,74.0,11000,8.01,9,8000.0,80.0
SRM, 11-Sep-2026,447.7,447.7,437.15,439.35,447.7,64564,284.57,2167,26163.0,56.43
SRTL, 11-Sep-2026,37.0,37.4,36.67,37.32,37.39,15044,5.58,242,8876.0,75.07
SSDL, 11-Sep-2026,71.0,72.7,61.37,62.59,67.84,560099,377.22,8166,187850.0,35.0
SSEGL, 11-Sep-2026,438.95,438.95,422.0,428.35,437.55,56000,239.8,206,26800.0,50.76
SSFL, 11-Sep-2026,299.9,314.9,299.9,313.65,299.95,25000,77.83,44,24000.0,100.0
SSWL, 11-Sep-2026,370.0,384.15,364.55,370.65,373.6,1219997,4576.25,32153,358695.0,32.7
STANLEY, 11-Sep-2026,136.0,137.97,135.0,135.6,137.43,76185,103.73,1410,41815.0,59.35
STAR, 11-Sep-2026,1199.9,1215.9,1179.0,1183.4,1217.0,161625,1929.61,16276,57980.0,43.14
STARCEMENT, 11-Sep-2026,194.0,195.9,193.1,195.14,194.68,240287,467.61,5397,132153.0,66.26
STARHEALTH, 11-Sep-2026,575.0,579.75,559.7,562.7,576.25,460832,2622.86,24455,253861.0,61.76
STARPAPER, 11-Sep-2026,170.0,170.8,166.05,168.44,169.84,26257,44.08,345,21096.0,84.74
STARTECK, 11-Sep-2026,242.35,247.0,238.55,240.65,245.2,52,0.13,38,20.0,44.44
STCINDIA, 11-Sep-2026,113.2,113.5,112.11,112.6,113.25,8404,9.46,240,5038.0,89.18
STEELCAS, 11-Sep-2026,323.55,328.75,315.0,325.25,323.55,102466,329.36,3015,28632.0,51.07
STEELCITY, 11-Sep-2026,91.4,92.74,88.2,90.3,91.4,31154,28.22,402,17731.0,61.55
STEELXIND, 11-Sep-2026,12.49,12.53,12.01,12.14,12.17,11073848,1358.87,8719,3460426.0,35.2
STEL, 11-Sep-2026,604.0,620.6,589.0,611.1,590.2,4670,28.18,270,2539.0,65.4
STLNETWORK, 11-Sep-2026,36.0,36.6,35.57,36.6,34.86,5579818,2030.12,4804,3250556.0,58.98
STLSTRINF, 11-Sep-2026,19.19,21.2,18.7,21.2,17.67,12925,2.64,40,10664.0,82.51
STOVEKRAFT, 11-Sep-2026,830.0,832.95,809.1,814.9,840.05,106138,869.18,6035,51639.0,53.16
STUDDS, 11-Sep-2026,417.95,424.2,410.0,418.65,418.4,44136,183.26,1813,28051.0,66.73
STUDIOLSD, 11-Sep-2026,9.6,9.6,9.6,9.6,9.35,10000,0.96,5,8000.0,100.0
STYL, 11-Sep-2026,379.95,391.55,374.15,387.4,385.9,124133,474.94,3476,67371.0,60.19
STYLAMIND, 11-Sep-2026,3280.0,3355.1,3250.8,3329.9,3310.6,19311,640.24,6355,9814.0,60.68
STYLEBAAZA, 11-Sep-2026,388.0,394.05,378.0,388.1,388.95,488731,1894.53,6830,254280.0,64.83
STYRENIX, 11-Sep-2026,2125.6,2127.5,2100.0,2113.1,2142.9,34221,722.11,2751,21558.0,75.51
SUBAHOTELS, 11-Sep-2026,99.0,102.9,98.1,101.2,98.0,16800,17.05,14,13200.0,100.0
SUBEXLTD, 11-Sep-2026,19.91,21.0,19.2,20.8,19.76,34488169,7036.69,59661,9691495.0,31.46
SUBROS, 11-Sep-2026,707.15,708.85,697.1,703.75,712.6,27663,194.31,2466,13065.0,52.93
SUDARCOLOR, 11-Sep-2026,380.05,391.25,375.25,378.4,380.9,5571,21.08,168,3006.0,67.99
SUDARSCHEM, 11-Sep-2026,1262.0,1277.5,1232.2,1248.2,1270.8,316394,3973.66,30312,145779.0,49.76
SUDEEPPHRM, 11-Sep-2026,1152.9,1244.0,1152.9,1202.8,1213.5,593341,7086.59,28081,239745.0,42.58
SUKHJITS, 11-Sep-2026,159.99,161.0,158.11,159.78,159.99,13568,21.66,212,8664.0,82.96
SULA, 11-Sep-2026,138.0,138.13,135.75,136.38,138.28,349596,476.55,5322,159546.0,52.8
SUMAX, 11-Sep-2026,126.45,126.45,126.45,126.45,120.45,129600,163.88,55,126000.0,100.0
SUMEDHA, 11-Sep-2026,41.94,43.5,39.56,41.4,39.0,5329,2.2,157,507.0,91.02
SUMEETINDS, 11-Sep-2026,10.95,11.04,10.72,10.77,10.95,715081,77.46,1195,380613.0,67.74
SUMICHEM, 11-Sep-2026,480.0,480.0,466.5,476.4,480.9,269822,1273.62,11948,151218.0,59.42
SUMIT, 11-Sep-2026,53.2,53.2,48.2,49.4,48.93,22760,11.3,133,18708.0,90.35
SUMMITSEC, 11-Sep-2026,1439.2,1441.9,1400.0,1409.2,1438.6,2388,33.72,367,1477.0,80.62
SUNCLAY, 11-Sep-2026,1304.0,1304.0,1276.7,1298.3,1295.2,3732,48.36,284,1503.0,75.45
SUNDARAM, 11-Sep-2026,1.23,1.23,1.18,1.19,1.2,300725,3.59,272,234277.0,88.99
SUNDARMFIN, 11-Sep-2026,4679.7,4746.5,4611.0,4710.7,4703.0,25632,1206.59,8617,9701.0,55.68
SUNDRMFAST, 11-Sep-2026,1257.3,1284.6,1227.1,1270.0,1256.1,158860,1992.81,12424,59523.0,50.5
SUNDROP, 11-Sep-2026,673.8,673.8,656.1,662.0,669.15,8117,53.79,419,4223.0,67.12
SUNFLAG, 11-Sep-2026,344.85,344.85,334.0,337.2,345.4,122690,414.04,3023,57550.0,57.5
SUNLITE, 11-Sep-2026,660.2,703.0,636.8,683.65,705.5,81000,539.19,228,34500.0,47.92
SUNLOC, 11-Sep-2026,75.7,75.7,75.0,75.5,75.5,909,0.69,9,909.0,100.0
SUNPHARMA, 11-Sep-2026,1845.0,1854.5,1834.0,1840.0,1861.0,1445071,26653.55,54700,896962.0,71.97
SUNRAKSHAK, 11-Sep-2026,376.0,378.95,374.95,377.05,375.55,14206,53.34,199,12413.0,95.99
SUNSHIEL, 11-Sep-2026,1220.0,1249.0,1185.7,1200.2,1231.7,4670,56.13,466,2020.0,70.58
SUNSHINE, 11-Sep-2026,512.4,524.95,407.8,407.8,509.7,3900142,17493.0,58512,1501148.0,38.55
SUNTECK, 11-Sep-2026,288.25,289.9,282.1,288.0,289.8,127980,365.68,3978,62082.0,54.85
SUNTV, 11-Sep-2026,450.55,485.5,450.0,476.0,455.55,3312335,15752.01,74589,553197.0,17.63
SUPERHOUSE, 11-Sep-2026,168.2,173.87,166.6,169.66,171.67,5993,10.2,212,3416.0,69.11
SUPRAJIT, 11-Sep-2026,497.0,497.0,480.3,488.9,500.3,105726,515.0,13380,47204.0,50.12
SUPREME, 11-Sep-2026,34.3,35.84,33.01,34.74,34.7,42197,14.44,1303,11631.0,30.17
SUPREMEIND, 11-Sep-2026,3499.1,3499.1,3364.4,3364.4,3510.0,130229,4431.6,15620,44856.0,39.45
SUPREMEINF, 11-Sep-2026,87.98,87.98,84.0,85.04,88.73,56316,48.13,2306,26443.0,53.0
SUPREMEPWR, 11-Sep-2026,219.05,222.0,214.05,216.75,222.1,91500,198.22,143,54500.0,68.13
SUPRIYA, 11-Sep-2026,915.0,915.3,891.25,901.75,917.45,208583,1882.04,16835,67283.0,42.86
SURAJEST, 11-Sep-2026,175.0,175.49,172.5,174.59,177.0,44125,76.81,1514,19640.0,62.18
SURAJLTD, 11-Sep-2026,200.0,205.0,196.0,199.99,200.66,1492,2.98,54,955.0,65.77
SURAKSHA, 11-Sep-2026,330.1,330.1,318.1,323.75,327.85,50564,162.82,1961,23111.0,51.62
SURANASOL, 11-Sep-2026,25.5,25.63,25.01,25.51,25.63,25340,6.42,383,15012.0,74.14
SURANAT&P, 11-Sep-2026,16.05,16.2,15.8,16.1,16.05,56422,9.0,687,41623.0,76.87
SURYALA, 11-Sep-2026,395.05,410.0,383.0,395.25,398.55,782,3.09,21,637.0,87.14
SURYALAXMI, 11-Sep-2026,58.41,59.38,55.0,56.28,58.12,5357,3.03,123,3730.0,83.17
SURYAROSNI, 11-Sep-2026,215.5,218.0,212.02,214.27,216.05,455493,979.83,13529,252663.0,60.47
SURYODAY, 11-Sep-2026,149.5,150.0,146.75,148.05,151.06,400335,591.82,3926,213615.0,65.53
SUVEN, 11-Sep-2026,355.0,359.95,351.5,355.55,360.7,369913,1312.05,16807,164935.0,55.45
SUVIDHAA, 11-Sep-2026,2.47,2.47,2.19,2.25,2.41,184883,4.25,405,133223.0,79.29
SUYOG, 11-Sep-2026,661.05,679.6,645.05,650.5,669.4,46738,308.27,3193,21949.0,56.14
SUZLON, 11-Sep-2026,44.12,44.5,43.21,44.12,44.22,52777120,23144.11,83652,18538773.0,39.65
SVGLOBAL, 11-Sep-2026,140.69,140.69,126.55,133.35,140.8,1859,2.46,94,919.0,55.03
SVPGLOB, 11-Sep-2026,3.44,3.46,3.34,3.45,3.42,20107,0.68,76,19741.0,99.79
SWANCORP, 11-Sep-2026,296.0,298.5,284.0,296.45,298.15,5650793,16497.39,66509,854197.0,16.06
SWARAJENG, 11-Sep-2026,3550.0,3592.2,3531.3,3576.0,3551.0,8326,296.51,2464,4780.0,60.56
SWARNSAR, 11-Sep-2026,40.7,41.4,39.3,39.66,41.61,60733,24.3,429,40010.0,70.93
SWELECTES, 11-Sep-2026,570.65,582.0,561.05,567.4,568.15,15589,89.36,1753,5253.0,38.57
SWIGGY, 11-Sep-2026,276.05,281.45,275.3,278.2,279.0,17233642,47895.83,82687,7128026.0,45.42
SWSOLAR, 11-Sep-2026,182.0,182.11,178.51,180.22,182.65,763085,1370.31,11395,303741.0,44.68
SYLVANPLY, 11-Sep-2026,53.0,53.0,53.0,53.0,55.5,2000,1.06,1,2000.0,100.0
SYMBIOTEC, 11-Sep-2026,1128.0,1148.0,1105.0,1133.45,1138.95,1010520,11355.96,44139,249708.0,27.07
SYMPHONY, 11-Sep-2026,604.85,605.0,591.0,592.65,606.95,62790,373.21,3688,27172.0,55.12
SYNCOMF, 11-Sep-2026,18.98,20.1,18.51,19.46,19.26,9148018,1770.53,18167,3077788.0,37.06
SYNGENE, 11-Sep-2026,383.25,383.6,375.55,382.65,384.0,373196,1419.94,23226,184451.0,54.0
SYRMA, 11-Sep-2026,1598.9,1608.2,1556.1,1589.3,1598.8,638884,10105.32,32917,191096.0,34.22
SYSTANGO, 11-Sep-2026,225.95,233.0,223.0,229.7,225.0,30400,68.91,51,17600.0,86.27
TAALTECH, 11-Sep-2026,5190.0,5550.0,5180.0,5375.5,5198.7,43191,2343.89,11483,14084.0,34.15
TAC, 11-Sep-2026,455.8,472.6,453.2,466.9,469.2,27000,125.59,120,21600.0,83.08
TAINWALCHM, 11-Sep-2026,212.0,212.0,207.01,207.79,210.02,258,0.54,23,144.0,63.16
TAJGVK, 11-Sep-2026,341.9,342.0,333.2,334.8,342.6,51864,174.21,2079,25772.0,59.81
TAKE, 11-Sep-2026,17.61,17.61,16.78,17.61,16.78,317126,55.56,452,219624.0,69.25
TALBROAUTO, 11-Sep-2026,418.0,427.2,414.9,423.75,420.2,164443,693.89,5459,66528.0,44.87
TANAA, 11-Sep-2026,246.55,269.85,238.0,266.95,251.5,50644,130.09,2652,21841.0,48.97
TANKUP, 11-Sep-2026,1649.0,1649.95,1649.0,1649.95,1621.7,500,8.25,2,500.0,100.0
TANLA, 11-Sep-2026,500.0,505.0,497.0,502.8,503.85,289977,1454.67,10313,115715.0,43.42
TARACHAND, 11-Sep-2026,47.6,47.6,46.57,46.86,47.24,84039,39.49,2695,15764.0,19.11
TARAPUR, 11-Sep-2026,12.74,13.0,12.5,12.97,12.74,21384,2.73,174,13325.0,65.74
TARC, 11-Sep-2026,128.56,132.59,126.4,131.39,128.56,472565,616.82,5828,173058.0,50.08
TARIL, 11-Sep-2026,288.5,290.45,285.15,288.5,289.95,827433,2373.68,21965,362902.0,47.75
TARMAT, 11-Sep-2026,60.5,61.99,58.58,59.6,60.66,30543,18.29,1394,14264.0,51.28
TARSONS, 11-Sep-2026,317.65,317.65,304.0,311.2,317.65,159992,493.51,4151,66164.0,43.95
TASTYBITE, 11-Sep-2026,10074.0,10339.0,10074.0,10273.0,10201.0,2921,298.48,1042,1018.0,46.46
TATACAP, 11-Sep-2026,361.2,365.15,356.8,362.9,363.15,495348,1793.04,20496,264696.0,58.96
TATACHEM, 11-Sep-2026,608.25,616.25,600.0,612.45,610.55,642048,3893.56,22718,220581.0,41.4
TATACOMM, 11-Sep-2026,1756.2,1785.0,1747.8,1761.6,1764.4,167102,2960.08,22544,74189.0,50.14
TATACONSUM, 11-Sep-2026,993.0,1000.0,988.0,991.0,999.6,905959,9002.18,41203,462783.0,58.13
TATAELXSI, 11-Sep-2026,3400.2,3411.0,3373.7,3383.0,3409.0,112924,3830.59,14938,35435.0,43.19
TATAGOLD, 11-Sep-2026,14.61,14.79,14.58,14.7,14.83,38276819,5622.1,66320,13372840.0,38.56
TATAINVEST, 11-Sep-2026,646.0,654.5,641.7,650.9,645.15,577285,3742.25,25671,125419.0,24.36
TATAPOWER, 11-Sep-2026,364.8,367.4,362.95,364.65,367.0,2425732,8865.84,28412,1148126.0,53.5
TATASTEEL, 11-Sep-2026,184.0,184.24,180.79,183.0,186.78,31510206,57465.76,152042,13969094.0,50.34
TATATECH, 11-Sep-2026,774.0,777.0,758.1,762.15,779.05,871685,6675.87,39050,337659.0,42.12
TATSILV, 11-Sep-2026,22.01,22.13,21.73,21.99,22.69,73279808,16082.19,67651,26149976.0,37.39
TATVA, 11-Sep-2026,1659.2,1659.6,1597.0,1608.7,1659.2,47765,772.13,5944,24470.0,57.42
TAURIAN, 11-Sep-2026,463.5,472.0,454.0,457.0,463.5,12800,58.87,16,12000.0,100.0
TBI, 11-Sep-2026,84.65,88.95,80.0,87.75,82.65,187800,160.6,252,132000.0,76.12
TBOTEK, 11-Sep-2026,1671.0,1687.0,1632.2,1679.5,1671.6,128318,2139.24,27058,56651.0,46.31
TBZ, 11-Sep-2026,485.2,526.3,476.2,526.3,501.25,2734893,13575.14,28766,1014200.0,37.32
TCC, 11-Sep-2026,54.0,57.31,54.0,55.32,53.62,13756114,7671.7,52887,967215.0,7.45
TCI, 11-Sep-2026,856.9,865.5,843.2,858.85,856.9,21578,184.71,4773,11820.0,58.53
TCIEXP, 11-Sep-2026,535.1,535.1,509.0,514.6,535.4,32945,171.13,2128,16161.0,73.95
TCL, 11-Sep-2026,110.25,114.0,109.5,113.05,113.2,48000,53.8,32,19200.0,80.0
TCPLPACK, 11-Sep-2026,3803.2,3911.8,3801.0,3871.0,3856.1,5134,198.34,1217,2150.0,46.41
TCS, 11-Sep-2026,2185.5,2232.6,2185.5,2200.8,2204.1,2634124,58238.97,102069,1221983.0,50.96
TDPOWERSYS, 11-Sep-2026,760.0,812.8,743.05,804.9,762.75,4284956,33730.48,153276,1615399.0,45.69
TEAMGTY, 11-Sep-2026,243.8,243.8,235.0,235.0,235.32,1191,2.8,29,458.0,82.08
TEAMLEASE, 11-Sep-2026,1252.0,1252.0,1232.3,1241.4,1253.9,14460,179.42,1655,9612.0,69.06
TEAMTECH, 11-Sep-2026,131.05,132.5,125.9,129.05,131.05,72000,93.48,22,60000.0,100.0
TECH, 11-Sep-2026,31.7,32.5,31.5,31.78,31.7,27370,8.7,282,12558.0,53.53
TECHD, 11-Sep-2026,614.0,625.0,580.0,605.3,601.4,31500,192.12,96,20400.0,66.67
TECHERA, 11-Sep-2026,148.7,156.75,144.0,156.75,149.3,56000,84.16,70,38400.0,68.57
TECHLABS, 11-Sep-2026,140.75,140.75,127.35,130.25,134.05,40000,53.82,185,21125.0,66.54
TECHM, 11-Sep-2026,1519.3,1557.3,1518.6,1541.0,1525.8,2007328,30985.74,68622,787592.0,43.57
TECHNOCRAF, 11-Sep-2026,459.15,459.8,425.5,442.3,439.4,2759682,12231.71,42207,670003.0,29.28
TECHNOE, 11-Sep-2026,972.0,985.95,963.55,972.15,977.85,127552,1243.91,15684,62100.0,57.31
TECHNVISN, 11-Sep-2026,4800.0,4800.5,4766.0,4788.0,4808.0,145,6.95,30,127.0,90.07
TECILCHEM, 11-Sep-2026,9.77,9.77,9.2,9.6,9.43,9564,0.92,59,6723.0,93.67
TEGA, 11-Sep-2026,1721.0,1742.0,1677.0,1729.1,1721.6,278676,4757.85,17457,123792.0,51.86
TEJA, 11-Sep-2026,236.3,237.0,218.05,223.25,236.05,63000,141.98,71,17400.0,50.88
TEJASNET, 11-Sep-2026,546.0,560.4,539.4,552.65,549.8,2465801,13504.48,51274,552243.0,27.41
TEMBO, 11-Sep-2026,56.9,57.0,56.0,56.08,57.12,1259812,708.8,3501,338190.0,30.99
TEMPSENS, 11-Sep-2026,578.9,594.15,561.2,584.8,581.3,2352665,13642.11,45067,570848.0,26.47
TENNIND, 11-Sep-2026,518.55,518.55,504.8,506.35,519.25,515274,2627.6,25943,274050.0,62.67
TERAI, 11-Sep-2026,127.11,127.11,126.9,126.9,125.85,180,0.23,4,180.0,100.0
TERASOFT, 11-Sep-2026,252.85,256.25,245.0,248.8,253.55,39096,97.62,1295,26718.0,73.14
TEXINFRA, 11-Sep-2026,114.25,117.0,112.1,115.52,114.21,140099,161.37,1932,61542.0,48.56
TEXMOPIPES, 11-Sep-2026,56.25,62.99,55.5,60.08,56.44,1133568,685.99,5528,490086.0,48.49
TEXRAIL, 11-Sep-2026,117.44,118.8,113.65,117.81,117.77,2468362,2864.97,24057,610678.0,27.13
TFCILTD, 11-Sep-2026,142.0,144.21,140.05,141.49,143.17,6496168,9216.37,22176,2279258.0,43.35
TFL, 11-Sep-2026,12.05,12.46,11.64,11.8,12.11,10799,1.27,107,8238.0,86.82
TGBHOTELS, 11-Sep-2026,9.86,9.9,9.31,9.7,9.86,42580,4.17,135,31829.0,76.84
TGL, 11-Sep-2026,16.45,16.45,16.45,16.45,16.75,400,0.07,2,400.0,100.0
TGVSL, 11-Sep-2026,107.45,107.45,105.12,105.91,107.45,70249,74.52,914,38716.0,63.22
THACKER, 11-Sep-2026,1045.0,1045.0,1000.0,1038.0,1045.0,9,0.09,5,8.0,100.0
THAKDEV, 11-Sep-2026,130.65,139.8,125.35,128.15,138.99,660,0.84,23,365.0,55.81
THANGAMAYL, 11-Sep-2026,5063.0,5158.0,5038.5,5126.0,5081.5,79789,4081.69,12850,31896.0,48.48
THEINVEST, 11-Sep-2026,99.0,99.0,94.66,96.8,97.34,5797,5.64,239,2538.0,94.91
THEJO, 11-Sep-2026,2197.4,2231.9,2158.0,2192.6,2197.4,19444,427.8,1537,8430.0,45.31
THELEELA, 11-Sep-2026,553.8,553.95,533.35,542.3,554.15,361329,1966.98,26036,154915.0,48.5
THEMISMED, 11-Sep-2026,132.02,132.02,126.16,128.25,132.07,110605,141.92,2283,45543.0,46.81
THERMAX, 11-Sep-2026,3611.0,3702.1,3589.5,3682.0,3645.4,84569,3097.4,14123,33421.0,45.74
THOMASCOOK, 11-Sep-2026,107.5,109.25,106.12,108.63,108.35,462603,498.3,6219,137619.0,40.25
THOMASCOTT, 11-Sep-2026,241.0,244.2,232.35,237.55,243.9,93348,221.68,2871,54494.0,69.19
THYROCARE, 11-Sep-2026,552.0,555.95,545.0,549.7,557.7,394901,2175.61,35569,258660.0,67.75
TI, 11-Sep-2026,525.0,529.45,520.05,521.6,535.75,316424,1658.87,12791,159726.0,63.71
TIGERLOGS, 11-Sep-2026,27.11,28.42,26.95,27.16,27.73,76584,20.9,649,49379.0,67.96
TIIL, 11-Sep-2026,3135.0,3300.0,3107.9,3250.2,3157.1,40351,1298.53,8725,16857.0,45.59
TIINDIA, 11-Sep-2026,2637.0,2637.1,2580.1,2606.1,2652.0,135215,3518.01,15016,57878.0,45.21
TIMETECHNO, 11-Sep-2026,183.89,183.89,179.42,180.8,184.87,1260819,2278.83,19965,724284.0,61.89
TIMEX, 11-Sep-2026,625.0,636.0,611.5,631.7,627.1,226422,1417.82,15424,79521.0,41.1
TIMKEN, 11-Sep-2026,3297.2,3319.8,3210.1,3302.4,3297.2,43706,1427.68,12661,18559.0,49.72
TINNARUBR, 11-Sep-2026,1025.0,1043.2,1004.1,1034.05,1028.6,33404,342.95,3849,13560.0,42.79
TIPSFILMS, 11-Sep-2026,322.1,329.4,322.1,327.5,327.4,501,1.64,57,291.0,69.12
TIPSMUSIC, 11-Sep-2026,657.1,668.45,650.05,661.55,658.4,252477,1669.37,13065,96838.0,40.98
TIRUMALCHM, 11-Sep-2026,157.52,157.7,153.55,155.98,157.52,432083,671.61,5072,93540.0,26.86
TITAGARH, 11-Sep-2026,852.0,853.1,833.2,842.15,859.2,463818,3895.7,24285,168661.0,38.29
TITAN, 11-Sep-2026,4964.0,5015.0,4943.0,5009.5,5021.0,403235,20098.37,33149,164874.0,52.36
TMB, 11-Sep-2026,918.0,920.0,904.0,910.9,923.65,89596,815.44,6061,43840.0,59.69
TMCV, 11-Sep-2026,436.0,436.95,425.35,434.55,439.25,7109495,30803.83,174601,3856510.0,60.31
TMPV, 11-Sep-2026,299.75,304.4,296.5,301.1,300.5,7683193,23126.55,111057,2937083.0,42.5
TNIDETF, 11-Sep-2026,88.88,89.74,87.43,88.36,88.6,32712,28.98,463,21196.0,71.69
TNPETRO, 11-Sep-2026,133.0,146.0,126.41,128.9,133.14,5650401,7654.78,72280,1105698.0,20.68
TNPL, 11-Sep-2026,152.52,155.26,151.1,153.27,154.03,185071,283.96,3919,78363.0,53.47
TNTELE, 11-Sep-2026,9.0,9.34,8.8,8.94,8.94,21111,1.9,142,13897.0,79.3
TOKYOPLAST, 11-Sep-2026,80.29,80.29,75.26,78.94,76.81,1713,1.34,49,1177.0,81.17
TOLINS, 11-Sep-2026,90.86,92.68,88.63,89.4,90.96,44120,39.6,1214,25387.0,60.47
TOP100CASE, 11-Sep-2026,10.31,10.35,10.2,10.33,10.31,660684,68.05,1208,422855.0,78.33
TOP10ADD, 11-Sep-2026,84.81,86.0,84.59,85.56,84.89,218951,186.87,647,128961.0,70.59
TOP15IETF, 11-Sep-2026,9.51,9.62,9.48,9.56,9.56,103972,9.92,248,47432.0,53.15
TOP20, 11-Sep-2026,8.65,8.67,8.59,8.65,8.65,62958,5.44,146,55985.0,91.81
TORNTPHARM, 11-Sep-2026,4929.0,4988.0,4894.0,4965.5,4930.0,263114,13009.4,28334,118679.0,58.9
TORNTPOWER, 11-Sep-2026,1281.7,1300.4,1278.3,1297.6,1296.3,194814,2517.24,14956,102422.0,56.63
TOYAMSL, 11-Sep-2026,0.64,0.66,0.63,0.66,0.63,1597779,10.27,207,602836.0,37.73
TPLPLASTEH, 11-Sep-2026,68.5,69.1,67.13,68.48,68.2,124603,84.9,1146,27811.0,24.7
TRACXN, 11-Sep-2026,28.59,32.39,28.43,31.9,28.61,1039887,323.07,6380,568804.0,72.31
TRANSCOR, 11-Sep-2026,25.05,25.48,24.0,25.39,25.05,5538,1.36,59,3620.0,65.88
TRANSRAILL, 11-Sep-2026,417.0,418.95,407.0,410.35,419.2,547873,2251.88,14542,232747.0,50.1
TRANSTEEL, 11-Sep-2026,82.25,83.5,77.25,83.05,80.65,121000,98.2,78,82000.0,73.87
TRAVELFOOD, 11-Sep-2026,1285.0,1285.0,1247.5,1253.6,1285.9,25521,320.77,3722,12844.0,58.12
TREEHOUSE, 11-Sep-2026,6.28,6.3,5.9,6.14,5.95,11939,0.73,107,5634.0,54.32
TREJHARA, 11-Sep-2026,145.36,145.36,142.5,143.02,145.33,13989,20.05,187,10141.0,80.24
TREL, 11-Sep-2026,26.7,27.39,26.0,26.97,26.94,157483,42.31,4645,111693.0,74.61
TRENT, 11-Sep-2026,2789.0,2816.0,2757.5,2802.4,2818.7,677898,18944.55,50006,324663.0,54.2
TRF, 11-Sep-2026,221.0,223.0,218.6,222.05,220.8,12406,27.45,329,8239.0,72.14
TRIDENT, 11-Sep-2026,23.59,23.6,23.23,23.39,23.59,2078247,485.68,11016,939020.0,54.77
TRIGYN, 11-Sep-2026,56.5,57.85,55.35,56.1,57.03,40050,22.57,637,14769.0,55.77
TRITONV, 11-Sep-2026,1133.4,1144.6,1059.3,1092.1,1133.3,4924,54.57,607,2024.0,58.56
TRITURBINE, 11-Sep-2026,560.85,572.8,552.5,569.65,560.85,613864,3447.58,102743,336430.0,60.17
TRIVENI, 11-Sep-2026,263.95,264.0,254.0,255.4,263.95,744952,1918.74,16016,364568.0,58.56
TROM, 11-Sep-2026,56.05,58.05,56.05,58.05,60.5,1800,1.02,2,1800.0,100.0
TRU, 11-Sep-2026,4.32,4.32,4.03,4.28,4.28,36038,1.54,119,20493.0,85.18
TRUALT, 11-Sep-2026,416.1,423.95,413.55,416.35,419.65,99815,417.64,2529,52613.0,60.43
TRUST, 11-Sep-2026,27.65,28.2,26.05,27.7,27.0,9600,2.62,16,6600.0,68.75
TSC, 11-Sep-2026,54.85,54.85,54.8,54.85,52.25,10000,5.48,5,10000.0,100.0
TSFINV, 11-Sep-2026,436.0,439.95,425.1,437.25,441.15,91968,397.02,3977,42045.0,54.93
TTKHLTCARE, 11-Sep-2026,1139.0,1146.5,1112.1,1115.4,1134.4,34353,386.21,4071,15171.0,49.18
TTKPRESTIG, 11-Sep-2026,540.2,540.2,527.45,537.3,540.2,39518,211.41,4792,17734.0,54.63
TTL, 11-Sep-2026,6.8,6.8,6.32,6.66,6.73,488208,31.89,474,209870.0,56.66
TTML, 11-Sep-2026,35.81,35.81,35.31,35.6,35.91,1102640,391.6,5255,496467.0,51.18
TUNWAL, 11-Sep-2026,24.65,24.85,24.5,24.5,24.7,48000,11.81,23,30000.0,68.18
TURTLEMINT, 11-Sep-2026,131.99,136.87,129.84,136.12,131.84,589477,785.88,8234,206987.0,37.3
TUTIALKA, 11-Sep-2026,58.45,59.89,57.79,59.19,58.48,4605,2.69,102,2715.0,75.17
TVSELECT, 11-Sep-2026,410.5,418.0,402.05,413.85,410.45,26088,106.85,1335,11086.0,48.9
TVSHLTD, 11-Sep-2026,13239.0,13239.0,12876.0,13024.0,13134.0,2094,271.8,1192,830.0,43.5
TVSMOTOR, 11-Sep-2026,4081.0,4151.9,4062.8,4125.0,4121.5,454748,18723.07,35086,152404.0,43.87
TVSSCS, 11-Sep-2026,130.01,135.25,127.0,130.49,128.73,2918654,3834.99,36997,830804.0,31.37
TVSSRICHAK, 11-Sep-2026,5220.0,5250.5,4940.5,5146.0,5222.5,9142,468.94,2662,3339.0,44.41
TVTODAY, 11-Sep-2026,109.7,109.98,108.0,109.3,109.7,18765,20.43,318,14463.0,86.45
TWCGOLDETF, 11-Sep-2026,151.8,152.92,147.0,150.58,152.05,10595,15.88,329,7048.0,76.43
UBL, 11-Sep-2026,1254.5,1263.5,1240.2,1256.1,1256.7,407531,5113.44,7404,367583.0,93.23
UCOBANK, 11-Sep-2026,23.7,24.17,23.59,24.12,23.93,5092337,1220.55,14205,2193886.0,45.74
UDAYJEW, 11-Sep-2026,178.0,178.0,169.9,172.04,175.12,19771,34.18,560,8347.0,49.22
UDS, 11-Sep-2026,211.0,211.88,206.06,207.5,214.07,83336,173.37,2672,38528.0,54.79
UEL, 11-Sep-2026,188.01,206.64,186.96,206.64,196.8,41410,82.65,661,27722.0,67.01
UFLEX, 11-Sep-2026,666.5,674.95,650.0,653.45,672.6,184116,1206.3,6824,98818.0,58.78
UFO, 11-Sep-2026,63.31,63.65,62.11,62.63,63.08,7797,4.89,208,5070.0,77.2
UGARSUGAR, 11-Sep-2026,49.99,58.99,48.49,54.3,49.92,11275075,6324.34,50151,832600.0,7.61
UGROCAP, 11-Sep-2026,83.0,84.54,81.5,83.66,83.17,244074,202.86,3074,120155.0,59.25
UHTL, 11-Sep-2026,174.75,174.75,174.75,174.75,171.35,398000,695.51,46,352000.0,88.89
UJJIVANSFB, 11-Sep-2026,65.9,66.08,64.7,65.54,66.52,9596521,6276.05,33368,4333663.0,49.91
ULTRACEMCO, 11-Sep-2026,10859.0,11060.0,10790.0,11000.0,10979.0,223277,24442.23,23839,95831.0,64.97
ULTRAMAR, 11-Sep-2026,430.5,432.2,422.85,428.55,433.35,21619,92.37,1006,10402.0,57.6
UMESLTD, 11-Sep-2026,4.99,5.02,4.7,4.97,5.01,28419,1.4,144,21042.0,78.81
UMIYA-MRO, 11-Sep-2026,94.0,97.45,93.44,96.23,94.84,7897,7.5,220,3940.0,59.44
UNICHEMLAB, 11-Sep-2026,528.7,544.2,522.05,539.7,532.7,59557,318.63,3829,22064.0,41.34
UNIECOM, 11-Sep-2026,84.77,84.8,82.69,83.33,84.77,208793,173.74,2650,113007.0,60.2
UNIENTER, 11-Sep-2026,92.0,92.98,91.01,91.32,91.55,1757,1.61,50,1127.0,90.23
UNIHEALTH, 11-Sep-2026,718.8,718.8,710.0,712.0,724.95,7500,53.52,14,5500.0,78.57
UNIINFO, 11-Sep-2026,10.91,11.13,10.71,10.94,11.27,5048,0.55,27,2680.0,89.18
UNIMECH, 11-Sep-2026,1560.9,1614.9,1531.0,1610.0,1568.1,296742,4707.24,21493,128526.0,48.39
UNIONBANK, 11-Sep-2026,177.1,179.65,175.53,178.1,179.2,7422504,13204.47,37658,3472085.0,52.61
UNIONGOLD, 11-Sep-2026,149.0,149.0,146.8,148.3,149.35,3579,5.3,206,1442.0,49.22
UNIPARTS, 11-Sep-2026,888.0,905.0,859.95,897.45,893.85,168282,1500.98,9836,46242.0,35.66
UNITDSPR, 11-Sep-2026,1395.1,1407.2,1384.3,1395.0,1400.0,552853,7718.47,31708,287784.0,57.5
UNITECH, 11-Sep-2026,4.22,4.22,4.06,4.17,4.22,3308451,136.4,2078,1849944.0,61.62
UNITEDPOLY, 11-Sep-2026,44.0,44.0,41.0,43.28,43.07,144169,62.62,867,104741.0,77.19
UNITEDTEA, 11-Sep-2026,434.9,439.6,421.7,432.95,435.8,1928,8.32,166,1140.0,64.7
UNIVCABLES, 11-Sep-2026,1540.0,1540.1,1485.0,1492.5,1556.9,129409,1943.73,16439,66443.0,61.62
UNOMINDA, 11-Sep-2026,1217.0,1217.6,1199.5,1201.6,1224.8,374682,4525.65,27671,179159.0,50.67
UPHOT, 11-Sep-2026,1424.0,1499.4,1424.0,1499.0,1428.0,64,0.94,15,62.0,96.88
UPL, 11-Sep-2026,571.8,577.65,567.55,572.95,575.3,1449635,8308.94,30151,713111.0,56.61
URBAN, 11-Sep-2026,123.1,124.7,122.65,123.0,123.0,9600,11.85,11,4800.0,54.55
URBANCO, 11-Sep-2026,162.97,167.8,161.1,166.89,164.56,4314864,7134.35,40308,1310813.0,33.11
URJA, 11-Sep-2026,9.0,9.05,8.8,9.02,9.0,452061,40.61,1890,266591.0,65.16
USASEEDS, 11-Sep-2026,87.0,90.3,87.0,90.3,90.5,1284,1.14,3,856.0,100.0
USHAMART, 11-Sep-2026,493.0,501.5,487.05,494.5,495.75,1607761,7943.54,55154,1013056.0,70.54
USK, 11-Sep-2026,20.74,21.1,20.51,20.64,20.56,10354,2.14,85,6654.0,68.44
UTIAMC, 11-Sep-2026,909.65,920.0,899.35,910.0,921.45,113860,1035.75,9649,59711.0,62.05
UTKARSHBNK, 11-Sep-2026,14.76,14.76,14.29,14.52,14.8,14252337,2061.53,11560,5421620.0,43.73
UTLSOLAR, 11-Sep-2026,439.0,450.15,434.8,447.8,441.25,169862,754.58,8836,65550.0,45.45
UTSSAV, 11-Sep-2026,517.0,544.95,506.05,531.45,515.2,80400,421.93,91,45600.0,81.72
UTTAMSUGAR, 11-Sep-2026,279.2,287.0,275.8,279.85,282.4,205674,578.99,6852,54757.0,28.75
UWCSL, 11-Sep-2026,122.45,122.45,122.45,122.45,122.45,2000,2.45,2,2000.0,100.0
V2RETAIL, 11-Sep-2026,217.5,219.03,212.57,218.0,218.13,879127,1900.46,18874,379306.0,48.69
VADILALIND, 11-Sep-2026,7125.0,7217.0,6887.5,6960.5,7256.5,52588,3690.32,12733,20798.0,44.13
VADILENT, 11-Sep-2026,10401.0,10501.0,10400.0,10400.0,10400.0,31,3.23,9,16.0,100.0
VAIBHAVGBL, 11-Sep-2026,215.96,216.1,210.0,212.58,215.96,187970,399.28,5386,92574.0,55.8
VAISHALI, 11-Sep-2026,8.22,9.42,8.22,8.77,8.57,392962,35.09,699,246898.0,65.07
VAKRANGEE, 11-Sep-2026,5.4,5.49,5.3,5.37,5.47,1038339,55.8,1875,558327.0,67.55
VAL30IETF, 11-Sep-2026,15.01,15.1,14.86,15.02,15.06,223102,33.3,707,131192.0,59.79
VALUE, 11-Sep-2026,16.03,16.03,15.82,15.92,16.04,41013,6.53,121,39950.0,98.55
VALUE360, 11-Sep-2026,69.6,70.0,68.4,69.45,70.95,13200,9.17,10,9600.0,100.0
VALUEAXIS, 11-Sep-2026,33.03,33.03,32.26,32.47,32.54,66956,21.69,322,61393.0,93.49
VAML, 11-Sep-2026,431.25,432.0,416.25,421.75,437.05,11587958,48757.33,138959,6671778.0,63.92
VARDMNPOLY, 11-Sep-2026,6.0,6.0,5.88,5.94,5.94,66395,3.96,157,44792.0,86.84
VARROC, 11-Sep-2026,877.4,889.85,866.0,872.0,884.4,482620,4235.38,33084,151705.0,34.39
VASCONEQ, 11-Sep-2026,30.15,30.34,29.62,30.08,30.15,205831,61.55,1000,113993.0,70.24
VASWANI, 11-Sep-2026,46.01,47.99,45.67,45.88,46.41,13498,6.24,128,10004.0,79.42
VBL, 11-Sep-2026,406.8,417.15,403.0,416.5,410.5,9719304,40072.13,55459,4767600.0,56.87
VDEAL, 11-Sep-2026,130.0,133.7,130.0,131.9,132.0,10800,14.22,15,9000.0,100.0
VEDAVAAG, 11-Sep-2026,22.65,25.69,22.51,23.38,22.21,930326,225.32,3801,378312.0,42.6
VEDL, 11-Sep-2026,264.0,264.85,256.5,263.7,269.05,11843976,31055.74,89219,5825946.0,51.49
VEDPOWER, 11-Sep-2026,33.8,33.94,33.34,33.62,33.96,5964281,2004.5,31216,2845053.0,51.36
VEEDOL, 11-Sep-2026,1437.7,1437.7,1422.0,1428.5,1437.7,8081,115.35,1060,4947.0,71.2
VEEKAYEM, 11-Sep-2026,109.65,109.65,100.05,100.05,105.3,6500,6.68,13,5000.0,83.33
VENKEYS, 11-Sep-2026,1690.0,1795.0,1676.2,1787.2,1706.7,254979,4494.62,20028,103518.0,49.12
VENTIVE, 11-Sep-2026,569.7,577.95,560.05,574.7,569.8,34114,194.28,1176,24683.0,77.03
VENUSPIPES, 11-Sep-2026,1948.0,2044.4,1909.4,2020.1,1949.1,301736,6015.52,25593,93954.0,35.07
VERANDA, 11-Sep-2026,230.1,232.86,223.66,225.24,230.51,334713,755.75,5167,185230.0,61.94
VERITAAS, 11-Sep-2026,27.35,27.5,27.35,27.5,28.75,2400,0.66,2,1200.0,50.0
VERTEXPLUS, 11-Sep-2026,66.25,68.0,66.25,67.95,66.25,45600,30.99,3,600.0,100.0
VERTIS, 11-Sep-2026,116.0,116.0,115.99,116.0,116.0,400000,464.0,10,400000.0,100.0
VERTOZ, 11-Sep-2026,39.43,39.43,38.0,38.38,39.42,43289,16.61,415,26186.0,73.02
VESUVIUS, 11-Sep-2026,412.3,415.65,408.55,413.05,416.1,31667,130.9,2392,17854.0,63.39
VGCL, 11-Sep-2026,51.77,51.77,49.0,50.0,49.42,548,0.27,15,535.0,99.44
VGINFOTECH, 11-Sep-2026,145.2,145.95,142.75,142.8,147.5,17000,24.48,17,13000.0,81.25
VGL, 11-Sep-2026,57.96,69.33,54.62,66.82,57.78,2056842,1361.15,10155,453574.0,38.06
VGUARD, 11-Sep-2026,326.4,327.0,318.05,323.7,328.75,303031,977.24,10896,140630.0,52.79
VHL, 11-Sep-2026,3407.0,3483.4,3407.0,3447.9,3443.0,337,11.65,100,233.0,75.9
VICTORYEV, 11-Sep-2026,15.5,15.5,15.15,15.45,15.25,9000,1.38,3,6000.0,66.67
VIDHIING, 11-Sep-2026,333.9,337.9,328.85,334.45,338.9,17238,57.6,1071,10393.0,71.86
VIDYAWIRES, 11-Sep-2026,88.8,89.59,87.4,88.25,90.21,606031,535.94,6134,305881.0,57.74
VIESL, 11-Sep-2026,387.1,400.0,387.1,396.9,404.4,4800,18.97,6,2400.0,75.0
VIGOR, 11-Sep-2026,109.0,109.0,103.5,103.5,115.0,38400,40.62,23,35200.0,91.67
VIJAYA, 11-Sep-2026,1495.0,1517.4,1466.1,1502.0,1498.8,98574,1477.01,12697,40017.0,44.89
VIJAYPD, 11-Sep-2026,62.0,65.0,62.0,65.0,62.0,4000,2.54,2,2000.0,100.0
VIJSOLX, 11-Sep-2026,649.8,649.8,610.0,633.7,625.9,503,3.16,70,320.0,63.62
VIKASECO, 11-Sep-2026,1.06,1.06,1.04,1.05,1.05,1426919,15.01,961,903187.0,66.27
VIKASLIFE, 11-Sep-2026,1.23,1.24,1.22,1.22,1.23,1661197,20.37,14462,831143.0,55.86
VIKRAMSOLR, 11-Sep-2026,165.52,167.84,165.15,166.86,165.61,1840186,3059.55,15868,635302.0,37.53
VIKRAN, 11-Sep-2026,57.37,57.5,56.3,57.08,57.64,856569,487.22,5162,438981.0,57.05
VILAS, 11-Sep-2026,349.95,349.95,340.4,346.0,349.95,21750,74.84,65,14250.0,74.03
VILINBIO, 11-Sep-2026,59.0,60.3,58.05,59.0,58.95,32000,18.93,8,20000.0,71.43
VIMTALABS, 11-Sep-2026,635.8,635.8,623.25,629.6,634.95,75010,471.64,6883,30928.0,46.14
VINATIORGA, 11-Sep-2026,1313.0,1315.0,1289.5,1294.3,1312.4,64208,831.79,8216,41546.0,68.49
VINCOFE, 11-Sep-2026,178.0,180.61,173.05,174.35,176.93,1851750,3255.61,16420,578784.0,34.32
VINDHYATEL, 11-Sep-2026,2795.0,2865.5,2760.6,2813.5,2818.3,64033,1801.24,8769,21629.0,37.81
VINEETLAB, 11-Sep-2026,37.09,37.57,35.01,37.02,35.79,71650,26.06,450,28889.0,65.86
VINNY, 11-Sep-2026,1.0,1.01,0.95,0.97,1.0,331980,3.27,232,182655.0,86.02
VINSYS, 11-Sep-2026,585.0,585.0,570.85,578.65,585.0,6500,37.78,19,6000.0,100.0
VINYAS, 11-Sep-2026,1515.0,1579.9,1515.0,1548.0,1553.5,5900,91.05,53,4200.0,72.41
VINYLINDIA, 11-Sep-2026,221.63,224.0,219.02,219.93,221.63,4847,10.68,214,2037.0,65.92
VIPCLOTHNG, 11-Sep-2026,21.26,21.88,20.05,21.38,21.26,69320,14.61,327,43337.0,68.44
VIPIND, 11-Sep-2026,301.55,301.95,296.15,300.1,301.55,215768,645.43,4890,111312.0,57.17
VIRAT, 11-Sep-2026,448.7,454.75,448.7,450.05,450.35,6401,28.82,191,4669.0,86.46
VIRINCHI, 11-Sep-2026,13.93,14.34,13.93,14.25,14.16,30033,4.26,150,22272.0,85.52
VISACHROME, 11-Sep-2026,36.39,36.39,34.8,35.03,34.9,12397,4.42,162,4965.0,43.86
VISAKAIND, 11-Sep-2026,91.15,91.37,89.31,90.45,91.91,142149,128.59,2232,57690.0,49.38
VISAMAN, 11-Sep-2026,47.6,47.6,47.6,47.6,50.1,10000,4.76,3,10000.0,100.0
VISHAL, 11-Sep-2026,17.85,18.8,17.85,18.36,18.17,76965,14.22,618,36563.0,50.31
VISHNU, 11-Sep-2026,724.45,724.45,708.2,713.95,723.8,101468,724.09,3676,37888.0,49.83
VISHNUINFR, 11-Sep-2026,155.65,156.9,155.0,156.9,156.25,3000,4.68,6,2000.0,100.0
VISHWARAJ, 11-Sep-2026,5.52,5.59,5.33,5.38,5.62,934016,50.71,1375,557624.0,66.59
VISL, 11-Sep-2026,33.35,33.6,32.39,33.34,33.37,13476504,4449.03,39582,5812585.0,48.66
VITAL, 11-Sep-2026,55.99,55.99,54.06,55.65,55.96,2687,1.45,21,2632.0,99.55
VIVIANA, 11-Sep-2026,750.0,774.75,748.0,752.15,769.15,12940,97.91,636,8252.0,76.72
VIVIDEL, 11-Sep-2026,1878.6,1988.0,1845.0,1953.85,1888.05,34800,665.62,126,22080.0,71.88
VIVIDHA, 11-Sep-2026,0.52,0.54,0.51,0.51,0.51,204897,1.07,119,110414.0,66.36
VIVOBIOT, 11-Sep-2026,17.0,17.37,16.5,17.13,16.99,33194,5.53,159,31899.0,97.92
VIYASH, 11-Sep-2026,259.3,259.35,253.5,257.6,260.45,1859725,4776.46,25872,831008.0,51.3
VLEGOV, 11-Sep-2026,10.01,10.3,9.4,10.24,9.87,148242,14.95,617,87981.0,63.3
VLINFRA, 11-Sep-2026,26.15,26.15,26.15,26.15,27.0,1500,0.39,1,1500.0,100.0
VLSFINANCE, 11-Sep-2026,242.05,246.38,241.0,244.0,244.68,12116,29.54,293,6338.0,75.26
VMARCIND, 11-Sep-2026,352.2,361.95,345.05,358.3,349.1,291000,1028.38,183,157500.0,60.34
VMART, 11-Sep-2026,814.0,820.8,803.85,808.95,817.8,67763,550.01,7611,29754.0,53.1
VMM, 11-Sep-2026,102.6,102.65,101.06,101.71,103.4,7712844,7842.77,58193,4026638.0,57.43
VMOBILE, 11-Sep-2026,58.15,60.5,57.5,59.05,58.1,14400,8.56,18,11200.0,82.35
VMSTMT, 11-Sep-2026,44.05,44.5,43.75,44.12,44.09,10687,4.72,200,6969.0,68.35
VOEPL, 11-Sep-2026,531.8,531.8,503.8,515.35,531.85,132543,680.61,5435,69645.0,58.49
VOGL, 11-Sep-2026,36.5,37.44,35.85,36.71,36.37,38669198,14178.59,73322,10739573.0,29.03
VOITHPAPR, 11-Sep-2026,1440.0,1470.0,1440.0,1459.6,1484.7,347,5.04,48,256.0,90.78
VOLERCAR, 11-Sep-2026,233.9,233.9,233.9,233.9,236.9,8800,20.58,1,8800.0,100.0
VOLTAMP, 11-Sep-2026,10800.0,11255.0,10672.0,11217.0,10924.0,22505,2482.08,9999,8028.0,40.03
VOLTAS, 11-Sep-2026,1149.0,1169.0,1138.0,1165.0,1158.5,762254,8836.62,25421,344559.0,46.42
VPRPL, 11-Sep-2026,36.4,37.0,35.8,36.17,37.12,413477,150.46,2425,200138.0,65.9
VRAJ, 11-Sep-2026,125.3,126.5,124.0,125.5,126.31,31941,39.99,413,21836.0,85.59
VRLLOG, 11-Sep-2026,286.0,291.45,286.0,288.3,288.8,101854,293.62,6852,53100.0,68.38
VSCL, 11-Sep-2026,20.8,20.8,20.8,20.8,21.5,3000,0.62,1,3000.0,100.0
VSSL, 11-Sep-2026,389.1,405.0,381.25,397.45,392.0,621233,2445.56,22229,191464.0,33.23
VSTIND, 11-Sep-2026,206.0,206.45,203.0,203.93,206.46,169400,346.17,5268,94753.0,64.77
VSTL, 11-Sep-2026,118.45,122.8,117.0,119.71,120.17,8436,10.04,377,5234.0,64.36
VSTTILLERS, 11-Sep-2026,4082.0,4088.9,4026.3,4042.9,4081.3,6213,251.31,1589,3589.0,68.28
VTL, 11-Sep-2026,572.6,573.3,557.7,566.2,575.6,200543,1134.18,13603,80751.0,46.66
VTMLTD, 11-Sep-2026,53.24,53.24,46.83,48.42,52.72,58536,29.06,912,34717.0,85.15
WAAREEENER, 11-Sep-2026,2543.3,2635.0,2515.1,2625.0,2548.0,1067044,27545.27,48426,492519.0,49.28
WAAREEINDO, 11-Sep-2026,259.8,261.95,251.0,251.95,258.25,206769,526.7,3640,83092.0,45.71
WAAREERTL, 11-Sep-2026,831.0,836.95,821.5,831.95,833.85,89735,743.66,7485,36071.0,47.23
WABAG, 11-Sep-2026,2195.0,2319.0,2164.6,2277.9,2211.8,2231415,50363.31,116942,578669.0,27.22
WAKEFIT, 11-Sep-2026,152.75,158.2,150.45,155.13,152.44,732141,1136.27,12694,289937.0,43.85
WALCHANNAG, 11-Sep-2026,207.0,214.74,203.5,210.1,208.92,1276691,2673.63,16047,584027.0,49.42
WALPAR, 11-Sep-2026,22.4,22.4,22.4,22.4,23.0,2000,0.45,1,2000.0,100.0
WANBURY, 11-Sep-2026,240.0,240.4,234.75,239.35,241.45,59568,141.84,2159,30370.0,55.27
WARDINMOBI, 11-Sep-2026,5.84,5.89,5.67,5.72,5.78,221210,12.69,695,124282.0,68.21
WATERBASE, 11-Sep-2026,46.53,47.24,45.7,46.54,46.55,9577,4.46,153,7688.0,84.17
WCIL, 11-Sep-2026,84.95,89.4,84.63,87.51,84.42,446170,390.23,3597,139837.0,33.09
WEALTH, 11-Sep-2026,821.1,852.9,815.3,845.25,839.3,1525,12.84,185,473.0,61.67
WEBELSOLAR, 11-Sep-2026,75.37,76.95,74.05,75.84,75.39,1825883,1382.4,13435,803969.0,48.97
WEIZMANIND, 11-Sep-2026,74.0,74.0,70.5,71.71,71.57,2145,1.56,42,1860.0,88.11
WEL, 11-Sep-2026,72.0,72.85,70.7,72.34,74.2,401778,289.82,3888,146893.0,42.16
WELCORP, 11-Sep-2026,2745.0,2761.8,2658.5,2676.6,2776.9,1221515,32922.2,74682,426220.0,37.77
WELENT, 11-Sep-2026,797.95,797.95,777.0,786.2,797.95,250248,1965.97,9251,114986.0,51.75
WELSPLSOL, 11-Sep-2026,56.0,56.21,54.51,55.59,56.42,525139,291.09,3734,234418.0,49.32
WELSPUNLIV, 11-Sep-2026,208.0,208.9,203.52,207.68,210.5,2653493,5471.77,36313,922300.0,40.77
WENDT, 11-Sep-2026,8660.0,8900.0,8461.0,8812.5,8669.5,28678,2510.72,7182,10858.0,42.56
WESTLIFE, 11-Sep-2026,554.8,572.0,548.95,569.6,561.95,7221944,41130.56,7818,54105.0,53.78
WEWIN, 11-Sep-2026,43.2,43.4,42.01,42.46,42.99,2714,1.16,68,1492.0,96.69
WEWORK, 11-Sep-2026,667.0,674.45,656.55,670.25,676.95,78098,520.8,6482,38663.0,57.35
WHEELS, 11-Sep-2026,2288.1,2319.9,2215.2,2230.1,2313.0,386291,8682.75,21687,94961.0,26.99
WHIRLPOOL, 11-Sep-2026,786.1,786.1,760.75,762.35,795.65,300241,2308.56,22742,141860.0,57.14
WHITEFORCE, 11-Sep-2026,37.2,37.2,37.2,37.2,39.6,1600,0.6,1,1600.0,100.0
WILLAMAGOR, 11-Sep-2026,24.61,24.61,23.5,24.18,24.49,593,0.14,36,331.0,86.42
WINDLAS, 11-Sep-2026,1127.1,1141.9,1110.75,1129.25,1129.4,66749,753.61,7301,33111.0,55.35
WINDMACHIN, 11-Sep-2026,299.0,304.95,292.0,300.65,298.9,53705,161.72,1470,21061.0,54.77
WINSOL, 11-Sep-2026,115.0,115.0,114.25,114.25,111.0,800,0.92,2,400.0,100.0
WIPL, 11-Sep-2026,164.11,169.88,164.11,169.58,164.55,145,0.24,23,114.0,81.43
WIPRO, 11-Sep-2026,165.2,167.75,165.16,167.4,166.3,8484897,14164.05,69199,3277153.0,45.78
WOCKPHARMA, 11-Sep-2026,2200.0,2237.0,2167.3,2179.4,2220.6,1109909,24336.69,54483,393532.0,39.58
WOL3D, 11-Sep-2026,144.0,144.0,143.0,143.9,142.5,5000,7.17,5,5000.0,100.0
WOMANCART, 11-Sep-2026,101.7,105.0,101.0,104.45,100.0,17200,17.84,26,14800.0,88.1
WONDERLA, 11-Sep-2026,518.75,530.45,504.1,520.95,519.05,73285,381.56,3023,35405.0,50.76
WORTHPERI, 11-Sep-2026,150.0,150.0,144.5,145.82,149.96,7377,10.8,126,6860.0,94.59
WPIL, 11-Sep-2026,442.8,444.0,430.0,435.25,444.2,51726,224.65,1743,33928.0,71.87
WSI, 11-Sep-2026,61.98,63.8,58.22,61.92,58.83,146840,89.94,3839,69439.0,49.3
WSTCSTPAPR, 11-Sep-2026,703.0,722.4,691.05,713.8,710.1,271781,1931.45,13685,100381.0,40.76
WTICAB, 11-Sep-2026,101.8,105.0,99.0,102.85,101.8,17500,17.76,31,12000.0,72.73
XCHANGING, 11-Sep-2026,63.98,64.94,61.78,62.34,63.62,82421,51.93,775,36518.0,76.78
XELPMOC, 11-Sep-2026,75.11,77.47,72.1,76.03,76.21,12608,9.47,358,7057.0,62.84
XPROINDIA, 11-Sep-2026,1269.8,1309.2,1239.2,1294.7,1265.5,50993,649.01,5318,21791.0,46.93
XTGLOBAL, 11-Sep-2026,30.9,30.9,29.5,29.53,30.04,25934,7.7,322,17376.0,72.75
XTRANET, 11-Sep-2026,284.91,288.89,270.0,271.34,285.59,1232212,3414.31,20384,345404.0,32.34
YAAP, 11-Sep-2026,130.25,130.25,122.1,125.5,130.9,21000,26.92,19,14000.0,73.68
YASHO, 11-Sep-2026,3950.0,4250.0,3773.0,4187.5,3960.0,95474,3804.44,16701,34464.0,41.66
YASHOPTICS, 11-Sep-2026,116.25,122.35,116.25,121.85,116.25,14400,17.33,16,8800.0,91.67
YATHARTH, 11-Sep-2026,971.1,975.9,960.9,966.3,977.2,128509,1243.31,9634,49816.0,46.07
YATRA, 11-Sep-2026,113.25,116.95,111.25,115.42,113.98,1430101,1634.29,8171,523767.0,43.43
YCCL, 11-Sep-2026,8.6,8.6,8.3,8.5,8.6,12000,1.02,4,12000.0,100.0
YESBANK, 11-Sep-2026,22.23,23.95,22.07,23.48,22.3,234792571,54699.71,140132,83884755.0,38.64
YOGI, 11-Sep-2026,162.9,169.0,155.0,157.13,155.37,3204,5.12,54,1229.0,49.14
YUDIZ, 11-Sep-2026,23.2,24.0,22.6,23.3,23.2,3200,0.74,4,1600.0,100.0
YUKEN, 11-Sep-2026,1085.7,1124.85,1060.55,1113.75,1085.7,35432,390.03,4028,16472.0,51.41
ZAGGLE, 11-Sep-2026,182.0,187.88,180.34,187.0,183.93,1685484,3123.52,23177,531150.0,34.76
ZEAL, 11-Sep-2026,78.0,78.0,74.15,76.55,80.55,1800,1.38,3,1200.0,100.0
ZEEL, 11-Sep-2026,81.0,81.9,79.2,79.36,80.95,21161135,16945.94,64298,5968867.0,31.86
ZEEMEDIA, 11-Sep-2026,7.65,7.65,7.26,7.43,7.67,2297783,172.42,2557,1085325.0,69.07
ZENITHDRUG, 11-Sep-2026,46.5,47.85,46.5,47.85,46.35,3200,1.5,3,2400.0,100.0
ZENITHEXPO, 11-Sep-2026,206.0,206.0,205.0,205.0,204.98,17,0.03,5,15.0,88.24
ZENITHSTL, 11-Sep-2026,6.13,6.35,5.73,5.85,5.99,88082,5.17,310,51668.0,63.87
ZENSARTECH, 11-Sep-2026,425.7,432.8,421.0,425.25,427.4,980587,4164.66,31179,304828.0,36.06
ZENTEC, 11-Sep-2026,1740.0,1741.2,1707.1,1722.6,1749.9,273823,4710.61,22089,118411.0,47.73
ZFCVINDIA, 11-Sep-2026,2514.9,2559.9,2490.0,2548.2,2528.4,49717,1258.13,14680,24508.0,58.39
ZFSTEERING, 11-Sep-2026,742.0,773.7,723.0,764.75,743.4,18700,139.82,1138,7812.0,58.2
ZIMLAB, 11-Sep-2026,137.18,141.5,132.0,139.22,136.43,119406,163.0,1487,46813.0,64.43
ZODIAC, 11-Sep-2026,221.35,231.18,221.35,227.98,230.88,12124,27.46,778,7392.0,67.51
ZODIACLOTH, 11-Sep-2026,70.01,70.4,69.0,69.54,70.42,2956,2.05,291,2385.0,85.36
ZOTA, 11-Sep-2026,1100.0,1103.8,1081.0,1087.2,1099.5,22932,250.32,1970,9974.0,52.43
ZSARACOM, 11-Sep-2026,11100.0,11190.0,10221.0,10797.0,11190.0,43,4.67,41,28.0,84.85
ZTECH, 11-Sep-2026,458.95,458.95,432.0,434.95,452.0,26400,117.27,81,19500.0,80.25
ZUARI, 11-Sep-2026,221.01,221.01,218.02,220.42,223.04,62275,136.87,1431,40155.0,67.37
ZUARIIND, 11-Sep-2026,270.0,276.8,265.0,273.15,271.5,49536,134.05,2332,19360.0,49.96
ZYDUSLIFE, 11-Sep-2026,1114.0,1135.5,1104.6,1119.1,1117.8,1038797,11661.5,23727,445272.0,48.46
ZYDUSWELL, 11-Sep-2026,567.85,570.0,545.3,552.0,566.3,210690,1174.74,19178,83448.0,51.04
