SYMBOL,DATE1,OPEN_PRICE,HIGH_PRICE,LOW_PRICE,CLOSE_PRICE,PREV_CLOSE,TTL_TRD_QNTY,TURNOVER_LACS,NO_OF_TRADES,DELIV_QTY,DELIV_PER
1018GS2026, 04-Aug-2026,104.45,104.49,103.8,104.49,104.45,1701,1.78,12,1700.0,99.94
20MICRONS, 04-Aug-2026,196.03,198.45,194.61,196.72,196.03,89756,176.05,1788,45436.0,50.62
21STCENMGM, 04-Aug-2026,41.17,41.78,41.11,41.77,40.97,9244,3.86,67,9178.0,99.29
360ONE, 04-Aug-2026,1147.8,1174.0,1144.4,1155.0,1147.8,1180507,13763.06,37741,559125.0,47.36
3BBLACKBIO, 04-Aug-2026,1248.1,1256.6,1218.0,1238.5,1248.1,7132,88.06,1155,4645.0,65.13
3IINFOLTD, 04-Aug-2026,24.77,25.37,24.17,25.12,24.39,2395184,592.61,6607,1071964.0,44.75
3MINDIA, 04-Aug-2026,36100.0,36100.0,35650.0,35725.0,35955.0,1536,550.3,964,636.0,41.41
3PLAND, 04-Aug-2026,31.75,32.92,31.52,31.86,31.63,1116,0.36,79,824.0,73.84
574GS2026, 04-Aug-2026,100.57,100.57,100.5,100.52,101.45,680,0.68,4,680.0,100.0
5PAISA, 04-Aug-2026,353.25,359.95,348.1,351.0,353.25,41168,145.08,1944,26288.0,63.86
601GS2030, 04-Aug-2026,98.9,98.9,98.9,98.9,99.5,379,0.37,1,379.0,100.0
603GS2029, 04-Aug-2026,100.36,100.36,100.36,100.36,100.36,2763,2.77,2,2763.0,100.0
610GS2031, 04-Aug-2026,105.5,105.5,105.5,105.5,104.0,1,0.0,1,1.0,100.0
63MOONS, 04-Aug-2026,900.0,905.1,855.0,864.2,897.05,625426,5487.8,18757,161467.0,25.82
654GS2032, 04-Aug-2026,99.75,100.5,99.75,100.2,99.75,12653,12.67,11,12576.0,99.39
664GS2035, 04-Aug-2026,99.15,99.15,99.15,99.15,97.46,202,0.2,1,202.0,100.0
667GS2050, 04-Aug-2026,93.69,93.69,93.69,93.69,93.1,2,0.0,1,2.0,100.0
668GS2033, 04-Aug-2026,103.0,103.0,98.41,99.0,103.0,2295,2.35,7,2195.0,95.64
668GS2040, 04-Aug-2026,98.34,98.34,97.0,97.62,98.1,3005,2.94,9,3000.0,99.83
676GS2061, 04-Aug-2026,93.5,93.5,93.05,93.32,93.31,12841,11.98,8,12839.0,99.98
679GS2031, 04-Aug-2026,97.41,97.41,97.41,97.41,99.4,400,0.39,2,400.0,100.0
679GS2034, 04-Aug-2026,100.49,100.49,100.49,100.49,101.5,100,0.1,1,100.0,100.0
690GS2065, 04-Aug-2026,93.98,93.98,93.51,93.79,93.81,53639,50.19,36,53639.0,100.0
692GS2039, 04-Aug-2026,99.26,99.26,99.26,99.26,99.25,200,0.2,1,200.0,100.0
694GS2036, 04-Aug-2026,105.5,105.5,101.1,102.72,106.0,699,0.71,7,699.0,100.0
695GS2061, 04-Aug-2026,94.0,94.0,93.06,93.48,93.01,4604,4.29,11,3200.0,69.5
698GR2054, 04-Aug-2026,94.99,94.99,92.5,92.5,95.0,201,0.19,7,201.0,100.0
699GS2051, 04-Aug-2026,97.5,97.5,97.5,97.5,97.46,450,0.44,1,450.0,100.0
702GS2031, 04-Aug-2026,100.0,102.0,100.0,102.0,101.0,220,0.22,3,160.0,72.73
706GS2028, 04-Aug-2026,102.8,102.81,102.8,102.81,102.76,200,0.21,2,200.0,100.0
706GS2041, 04-Aug-2026,101.75,101.75,101.0,101.0,99.41,1001,1.02,2,1001.0,100.0
709GS2054, 04-Aug-2026,98.9,98.9,96.2,96.69,99.87,25182,24.4,46,25162.0,99.92
709GS2074, 04-Aug-2026,95.16,95.75,95.15,95.57,95.39,5489,5.24,9,1730.0,31.52
710GS2029, 04-Aug-2026,103.4,103.4,103.4,103.4,103.4,1000,1.03,1,1000.0,100.0
718GS2033, 04-Aug-2026,105.2,105.2,105.2,105.2,105.5,1000,1.05,1,1000.0,100.0
718GS2037, 04-Aug-2026,102.68,102.68,101.99,101.99,102.22,10093,10.3,11,9093.0,90.09
71GS2034, 04-Aug-2026,103.26,103.7,103.0,103.7,103.32,24100,24.87,6,24071.0,99.88
724GS2055, 04-Aug-2026,101.27,101.5,100.8,100.8,101.39,16481,16.69,18,16481.0,100.0
725GS2063, 04-Aug-2026,97.69,97.69,97.55,97.63,97.63,742626,724.67,947,742625.0,100.0
733GS2026, 04-Aug-2026,101.59,101.59,101.25,101.25,101.6,700,0.71,3,700.0,100.0
734GS2064, 04-Aug-2026,99.6,99.6,99.21,99.36,99.48,108300,107.71,56,103800.0,95.84
737GS2028, 04-Aug-2026,102.96,104.45,102.96,103.7,104.0,1979,2.04,7,1024.0,51.74
738GS2027, 04-Aug-2026,102.02,103.5,102.02,102.16,102.01,51774,52.93,23,45885.0,88.63
73GS2053, 04-Aug-2026,99.8,100.0,99.3,99.39,99.81,55166,54.95,63,54156.0,98.17
741GS2036, 04-Aug-2026,104.27,104.98,104.2,104.9,104.85,16600,17.34,18,11300.0,68.07
743GS2076, 04-Aug-2026,100.0,100.0,99.5,99.5,99.5,402490,400.5,244,402490.0,100.0
746GS2073, 04-Aug-2026,100.95,100.95,100.01,100.77,100.5,10113,10.13,11,10002.0,98.9
74GS2062, 04-Aug-2026,101.0,104.0,101.0,104.0,104.0,5,0.01,2,5.0,100.0
750GS2056, 04-Aug-2026,100.7,100.7,100.6,100.61,100.6,400,0.4,5,400.0,100.0
754GS2036, 04-Aug-2026,106.78,106.78,106.5,106.63,106.68,350379,373.81,183,348629.0,99.5
771GS2066, 04-Aug-2026,104.99,104.99,104.7,104.7,104.99,2075,2.18,6,2075.0,100.0
772GS2055, 04-Aug-2026,101.2,101.2,101.2,101.2,101.0,1,0.0,1,1.0,100.0
826GS2027, 04-Aug-2026,106.0,106.0,101.74,102.8,101.68,108,0.11,5,107.0,99.07
828GS2032, 04-Aug-2026,110.0,111.0,109.36,111.0,110.0,4000,4.39,6,3000.0,75.0
897GS2030, 04-Aug-2026,111.0,111.3,111.0,111.18,111.0,2670,2.97,26,2670.0,100.0
92GS2030, 04-Aug-2026,114.5,114.5,111.56,113.82,113.99,4176,4.76,11,3650.0,87.4
A2ZINFRA, 04-Aug-2026,17.38,17.95,16.41,17.24,17.1,1357834,238.02,1989,834696.0,61.47
AAATECH, 04-Aug-2026,90.26,90.41,88.0,89.23,90.6,30888,27.61,1385,15185.0,49.16
AADHARHFC, 04-Aug-2026,504.1,504.15,491.15,492.8,504.15,155568,772.67,6337,79695.0,51.23
AAKAAR, 04-Aug-2026,66.95,67.0,66.95,67.0,66.0,6400,4.29,4,6400.0,100.0
AAKASH, 04-Aug-2026,8.91,9.08,8.91,8.95,8.98,85467,7.7,223,65067.0,76.13
AARADHYA, 04-Aug-2026,73.5,73.5,73.5,73.5,73.6,1200,0.88,1,1200.0,100.0
AARNAV, 04-Aug-2026,30.01,31.5,30.01,30.31,30.44,98562,30.43,1590,27098.0,27.49
AARON, 04-Aug-2026,128.01,134.69,128.01,130.61,131.6,10299,13.56,424,5130.0,49.81
AARTIDRUGS, 04-Aug-2026,411.0,418.0,407.25,414.05,407.25,168634,696.77,4602,87273.0,51.75
AARTIIND, 04-Aug-2026,486.8,489.9,480.55,481.75,486.8,460389,2230.46,15629,215859.0,46.89
AARTIPHARM, 04-Aug-2026,678.0,702.8,678.0,690.0,675.8,199670,1379.48,24374,101239.0,50.7
AARTISURF, 04-Aug-2026,529.95,559.3,488.9,541.85,481.0,895447,4698.61,29554,186690.0,20.85
AARVI, 04-Aug-2026,155.21,161.31,155.21,156.37,155.21,38312,60.35,1020,18959.0,49.49
AASTHA, 04-Aug-2026,76.88,83.73,76.25,83.72,76.12,4012089,3328.83,6235,905602.0,22.57
AATMAJ, 04-Aug-2026,19.75,19.95,19.0,19.9,18.15,18000,3.55,8,18000.0,100.0
AAVAS, 04-Aug-2026,1450.0,1450.0,1386.0,1392.6,1439.0,34360,483.94,7135,18975.0,55.22
ABB, 04-Aug-2026,7601.0,7894.5,7600.5,7700.0,7601.0,718380,55974.52,67545,177216.0,24.67
ABBOTINDIA, 04-Aug-2026,27895.0,27925.0,27730.0,27825.0,27895.0,2409,670.31,1130,1141.0,47.36
ABCAPITAL, 04-Aug-2026,424.35,425.6,415.35,420.0,424.35,3928195,16490.96,53144,1823058.0,46.41
ABCOTS, 04-Aug-2026,202.0,203.49,199.25,200.81,200.91,6945,13.99,447,3459.0,49.81
ABDL, 04-Aug-2026,619.65,628.2,606.4,622.85,619.55,504030,3102.33,13942,306138.0,60.74
ABFRL, 04-Aug-2026,62.05,62.09,60.55,61.0,62.41,3662877,2245.34,17156,1865815.0,50.94
ABGSEC, 04-Aug-2026,113.9,114.57,113.9,114.16,113.63,19,0.02,5,14.0,73.68
ABHAPOWER, 04-Aug-2026,24.0,26.1,24.0,25.8,24.5,12800,3.26,8,12800.0,100.0
ABINFRA, 04-Aug-2026,10.15,10.18,9.85,10.02,10.06,378240,37.93,695,203245.0,53.73
ABLBL, 04-Aug-2026,95.9,95.9,94.4,94.57,95.91,525495,498.55,4776,327482.0,62.32
ABMINTLLTD, 04-Aug-2026,42.45,46.0,42.45,42.45,42.51,467,0.2,10,240.0,51.39
ABMKNO, 04-Aug-2026,202.95,202.95,192.51,196.69,198.99,128,0.25,15,97.0,75.78
ABREL, 04-Aug-2026,1428.0,1437.6,1412.0,1424.1,1432.1,65477,933.51,6385,28505.0,43.53
ABSL10BANK, 04-Aug-2026,174.75,174.75,170.0,170.52,171.95,41752,71.17,37,41331.0,98.99
ABSLAMC, 04-Aug-2026,1012.0,1022.6,989.8,995.6,1017.8,318393,3180.79,31282,194215.0,61.0
ABSLBANETF, 04-Aug-2026,59.14,59.74,58.81,59.24,59.14,71589,42.31,272,61958.0,86.55
ABSLLIQUID, 04-Aug-2026,999.99,1000.01,999.99,1000.0,1000.0,13766,137.66,29,8151.0,59.21
ABSLMSCIN, 04-Aug-2026,30.21,30.23,30.0,30.0,29.79,414,0.12,11,412.0,99.52
ABSLNN50ET, 04-Aug-2026,78.4,78.6,77.9,77.99,78.07,8900,6.97,188,8350.0,93.82
ABSLPSE, 04-Aug-2026,10.41,10.41,10.27,10.31,10.36,173455,17.95,544,134122.0,77.32
ABSMARINE, 04-Aug-2026,219.8,225.0,216.15,222.45,216.8,47000,103.74,70,40500.0,86.17
ACC, 04-Aug-2026,1404.9,1404.9,1380.0,1384.7,1398.0,261992,3639.08,20268,132335.0,50.51
ACCELYA, 04-Aug-2026,1141.2,1154.2,1132.5,1139.0,1141.9,8009,91.59,1089,5128.0,64.03
ACCENTMIC, 04-Aug-2026,505.5,509.95,495.0,504.25,508.0,52000,260.73,96,25000.0,48.08
ACCORD, 04-Aug-2026,198.35,198.35,198.35,198.35,202.35,2000,3.97,1,2000.0,100.0
ACCPL, 04-Aug-2026,175.95,179.95,175.95,177.0,172.0,26400,46.87,19,26400.0,100.0
ACE, 04-Aug-2026,1110.9,1130.0,1090.1,1098.6,1105.4,451848,5029.56,29860,180905.0,40.04
ACEINTEG, 04-Aug-2026,19.2,19.64,19.01,19.09,19.37,2179,0.42,34,1763.0,80.91
ACI, 04-Aug-2026,538.0,539.0,527.5,532.2,535.6,268953,1431.48,11767,138392.0,51.46
ACL, 04-Aug-2026,47.05,49.0,47.05,47.59,47.72,36264,17.33,306,20475.0,56.46
ACMESOLAR, 04-Aug-2026,370.1,386.4,369.25,381.65,371.1,2929270,11119.88,43221,1195063.0,40.8
ACSTECH, 04-Aug-2026,40.95,42.22,40.81,42.22,40.21,291095,122.06,586,194765.0,66.91
ACUTAAS, 04-Aug-2026,3050.0,3237.8,3050.0,3224.3,3116.4,327508,10488.84,31193,164457.0,50.21
ADANIENSOL, 04-Aug-2026,1650.0,1664.3,1638.0,1646.0,1647.0,845598,13954.39,27731,363780.0,43.02
ADANIENT, 04-Aug-2026,3063.1,3091.5,3020.9,3050.0,3068.0,854172,26101.07,37252,261605.0,30.63
ADANIGREEN, 04-Aug-2026,1400.6,1418.0,1382.2,1384.0,1395.0,1825412,25578.08,47779,644417.0,35.3
ADANIPORTS, 04-Aug-2026,1703.1,1713.9,1690.0,1706.7,1701.0,1099071,18712.2,45086,466268.0,42.42
ADANIPOWER, 04-Aug-2026,212.8,213.35,209.0,209.95,213.65,11392298,24046.11,63452,5004871.0,43.93
ADDICTIVE, 04-Aug-2026,41.9,42.35,40.05,40.2,41.8,8000,3.25,15,5500.0,68.75
ADFFOODS, 04-Aug-2026,274.7,276.0,270.0,273.25,273.75,107407,292.98,4637,45812.0,42.65
ADISOFT, 04-Aug-2026,178.15,180.0,171.95,173.35,177.7,47200,82.1,54,28800.0,61.02
ADL, 04-Aug-2026,80.19,80.19,74.0,75.33,78.97,1652,1.25,63,979.0,59.26
ADOR, 04-Aug-2026,1505.0,1520.0,1475.7,1510.8,1503.3,33602,505.36,4409,20052.0,59.68
ADROITINFO, 04-Aug-2026,9.7,10.35,9.7,9.85,9.87,31173,3.08,241,18712.0,60.03
ADSL, 04-Aug-2026,117.88,118.02,116.42,116.86,116.94,91701,107.51,1528,49496.0,53.98
ADVAIT, 04-Aug-2026,2380.5,2399.0,2333.9,2343.0,2359.2,22584,531.71,3615,11817.0,52.32
ADVANCE, 04-Aug-2026,124.97,128.89,123.01,125.11,124.56,522419,656.25,4806,250939.0,48.03
ADVANIHOTR, 04-Aug-2026,52.44,53.49,51.66,52.43,51.56,29987,15.74,661,19890.0,66.33
ADVENTHTL, 04-Aug-2026,147.88,148.98,147.0,147.86,147.88,61424,90.76,1256,32638.0,53.14
ADVENZYMES, 04-Aug-2026,325.7,328.0,321.75,322.65,323.75,280030,910.72,6324,155504.0,55.53
AEGISLOG, 04-Aug-2026,1380.0,1391.1,1350.0,1357.9,1388.3,678515,9297.93,31323,245381.0,36.16
AEGISVOPAK, 04-Aug-2026,304.0,306.55,293.5,296.15,301.8,1038734,3107.1,20476,439963.0,42.36
AEPL, 04-Aug-2026,14.2,14.47,13.3,14.08,14.32,25725,3.62,180,19181.0,74.56
AEQUS, 04-Aug-2026,233.99,235.38,230.0,230.79,233.66,1253371,2915.56,12412,640425.0,51.1
AEROENTER, 04-Aug-2026,123.3,133.3,122.63,132.67,123.3,1605803,2098.75,14312,630588.0,39.27
AEROFLEX, 04-Aug-2026,433.4,466.9,431.8,463.8,431.4,2504272,11437.7,38646,1076708.0,42.99
AERON, 04-Aug-2026,78.8,80.95,77.2,77.6,78.8,9000,7.11,9,6000.0,66.67
AERONEU, 04-Aug-2026,90.54,91.01,84.1,85.15,87.73,50590,44.4,806,9831.0,19.43
AEROPLANE, 04-Aug-2026,204.7,204.7,189.0,201.39,198.62,1018532,2014.56,7273,588854.0,57.81
AETHER, 04-Aug-2026,1525.0,1605.5,1521.0,1578.3,1509.5,1047312,16531.75,48927,415635.0,39.69
AFCONS, 04-Aug-2026,274.15,284.15,273.2,281.6,275.95,1098820,3082.81,16768,500487.0,45.55
AFFLE, 04-Aug-2026,1667.0,1692.0,1638.0,1683.3,1663.0,362539,6051.69,24382,162047.0,44.7
AFIL, 04-Aug-2026,9.37,9.37,9.14,9.27,9.22,229174,21.1,457,163784.0,71.47
AFSL, 04-Aug-2026,202.72,204.46,201.02,201.27,201.72,1163,2.35,46,626.0,53.83
AGARIND, 04-Aug-2026,514.4,534.8,507.05,526.0,514.95,165232,867.36,7309,32498.0,19.67
AGARWALEYE, 04-Aug-2026,485.85,504.4,485.85,493.5,483.3,204451,1011.81,11691,51944.0,25.41
AGARWALTUF, 04-Aug-2026,138.05,140.25,138.05,139.35,140.25,116400,161.88,31,99600.0,85.57
AGI, 04-Aug-2026,704.25,735.0,703.05,714.7,704.25,238422,1725.61,8112,88053.0,36.93
AGIIL, 04-Aug-2026,308.45,312.85,302.15,306.85,309.15,555455,1716.12,7985,159737.0,28.76
AGL, 04-Aug-2026,12.24,13.6,12.24,13.27,12.46,3257640,425.21,7703,1702358.0,52.26
AGNI, 04-Aug-2026,16.45,17.25,16.45,16.7,17.3,12500,2.09,4,10000.0,80.0
AGROPHOS, 04-Aug-2026,29.19,29.64,27.11,28.1,29.18,75888,21.26,595,49304.0,64.97
AGUL, 04-Aug-2026,59.5,65.7,59.5,62.55,62.6,10000,6.2,5,8000.0,80.0
AHCL, 04-Aug-2026,14.71,14.73,14.53,14.57,14.71,1560422,227.81,2295,997458.0,63.92
AHLADA, 04-Aug-2026,37.2,37.5,36.3,37.2,36.38,8614,3.21,114,5892.0,68.4
AHLEAST, 04-Aug-2026,143.31,144.85,142.0,143.28,143.12,409,0.58,23,323.0,78.97
AHLUCONT, 04-Aug-2026,837.0,837.0,825.65,830.7,833.6,11439,95.01,2080,6605.0,57.74
AIAENG, 04-Aug-2026,4640.0,4740.0,4606.8,4627.0,4684.6,37479,1754.12,11556,19667.0,52.47
AIIL, 04-Aug-2026,544.5,565.95,543.0,558.55,548.8,265010,1482.55,12208,108264.0,40.85
AIMTRON, 04-Aug-2026,1489.8,1555.0,1473.75,1547.2,1479.7,288200,4291.64,369,256800.0,89.1
AIRAN, 04-Aug-2026,15.1,15.28,14.92,15.05,15.03,32893,4.95,245,25844.0,78.57
AIROLAM, 04-Aug-2026,89.99,90.0,87.25,89.69,86.17,4020,3.59,81,2985.0,74.25
AISL, 04-Aug-2026,57.95,59.85,57.95,58.0,57.0,48600,28.2,25,48600.0,100.0
AJANTPHARM, 04-Aug-2026,3535.0,3550.0,3504.4,3525.1,3513.9,83877,2961.62,17285,42331.0,50.47
AJAXENGG, 04-Aug-2026,593.0,600.45,588.0,593.8,594.0,33664,200.59,2049,21038.0,62.49
AJMERA, 04-Aug-2026,131.0,131.83,120.84,122.97,130.41,2019234,2513.4,18791,547149.0,27.1
AJOONI, 04-Aug-2026,4.02,4.02,3.88,3.92,3.99,188993,7.43,379,161871.0,85.65
AKANKSHA, 04-Aug-2026,100.65,100.65,100.6,100.65,95.9,28000,28.18,21,28000.0,100.0
AKASH, 04-Aug-2026,26.34,26.87,26.28,26.37,26.34,6343,1.69,62,4381.0,69.07
AKCAPIT, 04-Aug-2026,1748.4,1750.0,1704.1,1728.3,1748.5,365,6.33,77,258.0,70.68
AKG, 04-Aug-2026,10.15,10.26,9.95,10.03,10.05,12591,1.27,81,9547.0,75.82
AKI, 04-Aug-2026,4.09,4.14,4.0,4.04,4.08,150715,6.12,287,100857.0,66.92
AKIKO, 04-Aug-2026,326.05,334.0,322.2,327.0,337.85,20000,65.68,24,16800.0,84.0
AKSHAR, 04-Aug-2026,0.41,0.41,0.39,0.4,0.4,774196,3.11,249,363592.0,46.96
AKUMS, 04-Aug-2026,680.0,681.2,665.1,667.4,681.2,82522,553.01,7074,46077.0,55.84
ALANKIT, 04-Aug-2026,7.7,7.94,7.7,7.81,7.77,123919,9.69,563,104841.0,84.6
ALBERTDAVD, 04-Aug-2026,691.85,699.5,685.55,694.75,692.55,1781,12.31,243,1215.0,68.22
ALEMBICLTD, 04-Aug-2026,89.0,89.1,87.6,88.55,91.67,418274,370.49,3067,241328.0,57.7
ALGOQUANT, 04-Aug-2026,69.7,70.78,68.04,68.77,69.34,1049399,725.39,5786,176186.0,16.79
ALICON, 04-Aug-2026,716.8,716.8,690.9,694.85,702.75,10097,70.61,597,6390.0,63.29
ALIVUS, 04-Aug-2026,1225.0,1358.0,1201.2,1335.8,1214.4,1241662,16256.86,66388,329501.0,26.54
ALKEM, 04-Aug-2026,5699.0,5710.0,5608.0,5608.0,5707.0,37653,2135.69,9200,20478.0,54.39
ALKYLAMINE, 04-Aug-2026,1838.0,1989.0,1819.8,1921.2,1824.4,1239588,23989.34,88509,185064.0,14.93
ALLCARGO, 04-Aug-2026,8.19,8.35,8.12,8.21,8.2,2997978,246.29,3634,1562020.0,52.1
ALLDIGI, 04-Aug-2026,817.15,817.15,803.3,813.1,814.4,11776,95.3,1081,7435.0,63.14
ALLETEC, 04-Aug-2026,141.95,143.0,137.0,137.0,141.95,8800,12.32,22,8000.0,90.91
ALLTIME, 04-Aug-2026,222.0,223.76,220.0,221.45,221.95,64205,142.33,1765,44492.0,69.3
ALMONDZ, 04-Aug-2026,13.98,14.26,13.26,13.73,13.8,101776,13.98,492,61382.0,60.31
ALOKINDS, 04-Aug-2026,12.03,12.07,11.93,11.96,12.04,2035257,244.06,4073,1232344.0,60.55
ALPA, 04-Aug-2026,66.72,67.39,66.7,67.1,66.66,13700,9.18,114,7773.0,56.74
ALPEXSOLAR, 04-Aug-2026,839.95,849.9,830.0,833.55,841.45,23600,197.2,175,14100.0,59.75
ALPHA, 04-Aug-2026,52.24,53.0,52.23,52.64,52.24,1527601,806.87,3028,1052890.0,68.92
ALPHAETF, 04-Aug-2026,26.33,26.6,26.3,26.36,26.25,442412,116.9,837,264093.0,59.69
ALPHAGEO, 04-Aug-2026,269.5,269.5,245.0,247.68,264.15,139328,356.51,4688,58018.0,41.64
ALPINETEX, 04-Aug-2026,70.44,71.14,67.67,68.04,71.68,540802,372.79,5513,311487.0,57.6
ALPL30IETF, 04-Aug-2026,28.49,28.57,28.01,28.31,28.33,288745,82.1,1033,198373.0,68.7
ALUWIND, 04-Aug-2026,50.2,50.2,48.35,48.65,50.1,4500,2.21,3,3000.0,66.67
AMAGI, 04-Aug-2026,670.1,688.0,660.0,674.7,669.7,224712,1515.45,26694,128848.0,57.34
AMBAAUTO, 04-Aug-2026,108.45,111.55,108.4,111.55,106.25,37000,41.08,15,35000.0,94.59
AMBALALSA, 04-Aug-2026,36.82,43.5,36.76,42.7,36.83,1635531,670.36,7509,1040500.0,63.62
AMBER, 04-Aug-2026,7425.5,7510.0,7280.0,7395.0,7400.0,248625,18385.24,32864,74774.0,30.08
AMBICAAGAR, 04-Aug-2026,24.99,25.0,24.4,24.65,25.05,7675,1.92,27,7607.0,99.11
AMBIKCO, 04-Aug-2026,1800.0,1800.0,1758.9,1779.3,1778.9,11718,208.74,1413,6929.0,59.13
AMBUJACEM, 04-Aug-2026,444.45,444.45,436.05,436.05,444.0,1852313,8145.11,19186,1218856.0,65.8
AMCL, 04-Aug-2026,390.0,392.0,382.0,391.0,393.5,4000,15.51,10,2800.0,70.0
AMDIND, 04-Aug-2026,47.95,48.51,45.3,46.24,47.52,17388,8.08,268,12789.0,73.55
AMJLAND, 04-Aug-2026,37.78,39.5,37.78,39.26,38.12,14160,5.51,207,11307.0,79.85
AMNPLST, 04-Aug-2026,196.0,203.75,195.51,201.77,197.51,5944,11.89,392,2825.0,47.53
AMRUTANJAN, 04-Aug-2026,524.95,524.95,513.3,517.85,521.2,17991,93.06,1515,10816.0,60.12
ANANDRATHI, 04-Aug-2026,2051.2,2067.7,2030.2,2034.0,2058.7,131979,2696.73,13643,79302.0,60.09
ANANTAM, 04-Aug-2026,105.4,105.4,104.95,105.02,105.02,241305,253.58,134,238256.0,98.74
ANANTRAJ, 04-Aug-2026,626.25,634.0,623.35,630.4,626.15,1481640,9323.78,27594,546734.0,36.9
ANDHRAPAP, 04-Aug-2026,61.99,62.9,61.61,61.94,61.99,304349,189.01,1668,239076.0,78.55
ANDHRSUGAR, 04-Aug-2026,86.5,89.0,85.48,87.19,85.48,517971,453.73,6205,235510.0,45.47
ANGELONE, 04-Aug-2026,301.0,305.05,299.0,300.35,302.0,5039236,15229.7,40370,1961282.0,38.92
ANIKINDS, 04-Aug-2026,43.26,43.99,41.3,43.45,43.13,3458,1.49,82,3258.0,94.22
ANLON, 04-Aug-2026,610.0,610.0,590.0,607.0,617.95,10400,61.96,24,10400.0,100.0
ANMOL, 04-Aug-2026,10.01,10.3,9.9,10.07,10.01,16934,1.7,162,12449.0,73.51
ANNAPURNA, 04-Aug-2026,131.0,136.85,130.0,134.0,130.65,96250,128.38,168,72500.0,75.32
ANONDITA, 04-Aug-2026,1030.1,1049.0,1005.0,1021.7,1050.45,41600,424.68,181,26800.0,64.42
ANTELOPUS, 04-Aug-2026,833.05,876.25,825.5,852.95,834.55,265100,2286.47,6571,128651.0,48.53
ANTGRAPHIC, 04-Aug-2026,0.75,0.78,0.75,0.75,0.75,188917,1.43,135,146861.0,77.74
ANTHEM, 04-Aug-2026,831.9,847.0,810.0,819.25,829.85,832079,6900.7,33939,472275.0,56.76
ANUHPHR, 04-Aug-2026,80.9,81.4,79.67,80.39,80.41,36717,29.5,713,21756.0,59.25
ANUP, 04-Aug-2026,2170.0,2217.2,2160.0,2189.5,2175.4,13712,300.89,2833,7330.0,53.46
ANURAS, 04-Aug-2026,1212.0,1220.0,1204.8,1214.4,1209.8,234655,2844.04,5768,154999.0,66.05
ANYA, 04-Aug-2026,15.15,15.35,15.0,15.35,15.25,40000,6.04,8,35000.0,87.5
ANZEN, 04-Aug-2026,128.0,128.0,128.0,128.0,132.0,25000,32.0,1,25000.0,100.0
AONEGOLD, 04-Aug-2026,13.27,13.35,13.22,13.25,13.27,176500,23.4,1005,138179.0,78.29
AONELIQUID, 04-Aug-2026,1076.29,1076.29,1070.94,1071.07,1070.94,21460,229.85,111,15470.0,72.09
AONENIFTY, 04-Aug-2026,10.13,10.33,9.94,10.1,10.13,220327,22.31,1216,187726.0,85.2
AONESILVER, 04-Aug-2026,8.34,8.34,8.28,8.29,8.28,216071,17.93,714,142459.0,65.93
AONETMMQ50, 04-Aug-2026,10.15,10.2,10.02,10.15,9.98,103277,10.49,338,69605.0,67.4
AONETOTAL, 04-Aug-2026,12.26,12.47,12.01,12.02,12.02,217075,26.2,1359,158472.0,73.0
APARINDS, 04-Aug-2026,14820.0,15600.0,14790.0,15433.0,14746.0,234863,35853.69,48262,97053.0,41.32
APCL, 04-Aug-2026,101.2,104.0,101.2,102.1,102.03,7157,7.32,133,5080.0,70.98
APCOTEXIND, 04-Aug-2026,624.0,639.95,615.0,626.2,617.6,361018,2266.02,12576,128056.0,35.47
APEX, 04-Aug-2026,384.95,384.95,376.05,378.3,380.4,49301,187.03,2219,20122.0,40.81
APEXECO, 04-Aug-2026,265.0,282.0,261.3,277.75,269.9,21600,58.89,23,21600.0,100.0
APLAPOLLO, 04-Aug-2026,1956.9,1973.6,1913.0,1920.0,1941.5,627555,12175.13,36919,262689.0,41.86
APLLTD, 04-Aug-2026,805.75,825.0,799.1,809.4,805.75,485095,3936.67,18079,126991.0,26.18
APOLLO, 04-Aug-2026,398.45,405.0,395.55,398.2,397.35,4430954,17726.12,43380,1337395.0,30.18
APOLLOHOSP, 04-Aug-2026,8800.0,9050.0,8760.0,9050.0,8820.0,259286,22987.38,41385,155801.0,60.09
APOLLOPIPE, 04-Aug-2026,515.0,533.0,513.4,527.35,515.85,760421,3983.85,12924,514412.0,67.65
APOLLOTYRE, 04-Aug-2026,438.95,445.35,435.5,438.35,436.6,549304,2412.55,14692,229394.0,41.76
APOLSINHOT, 04-Aug-2026,1218.0,1218.0,1189.1,1198.5,1207.1,449,5.4,81,373.0,83.07
APRAMEYA, 04-Aug-2026,150.0,150.0,148.5,149.95,146.0,7500,11.23,12,5500.0,73.33
APS, 04-Aug-2026,266.0,270.0,262.0,264.25,266.0,20500,54.74,81,13250.0,64.63
APSISAERO, 04-Aug-2026,440.0,444.0,440.0,441.0,437.95,16800,74.04,12,16800.0,100.0
APTUS, 04-Aug-2026,267.4,268.0,260.0,260.6,263.6,1263676,3303.5,20256,787450.0,62.31
AQYLON, 04-Aug-2026,26.69,28.08,25.42,25.42,26.75,9811617,2640.02,8356,5101846.0,52.0
ARABIAN, 04-Aug-2026,71.0,72.0,71.0,72.0,69.15,4000,2.86,2,4000.0,100.0
ARCHIDPLY, 04-Aug-2026,82.47,82.91,80.0,80.86,81.8,9237,7.48,163,7785.0,84.28
ARCHIES, 04-Aug-2026,14.2,14.95,13.9,14.2,13.95,19636,2.84,96,13838.0,70.47
ARCIIL, 04-Aug-2026,37.95,37.95,37.25,37.25,37.95,3000,1.13,3,3000.0,100.0
ARE&M, 04-Aug-2026,937.85,946.55,917.0,921.0,932.3,660058,6117.62,36654,263009.0,39.85
ARENTERP, 04-Aug-2026,38.96,39.9,38.77,39.49,38.96,1524,0.6,30,956.0,62.73
ARFIN, 04-Aug-2026,85.0,88.2,84.59,86.23,85.49,2261372,1947.86,7425,763451.0,33.76
ARHAM, 04-Aug-2026,185.0,188.8,181.2,181.9,181.3,28000,51.41,28,19000.0,67.86
ARIES, 04-Aug-2026,343.85,345.0,338.8,341.1,340.7,5368,18.32,230,3734.0,69.56
ARIHANT, 04-Aug-2026,1165.3,1175.0,1112.4,1149.6,1137.9,3408,39.05,505,1489.0,43.69
ARIHANTACA, 04-Aug-2026,475.0,480.0,475.0,479.0,450.0,1600,7.65,4,1600.0,100.0
ARIHANTCAP, 04-Aug-2026,77.58,79.39,76.97,77.95,77.48,185824,145.2,1941,58729.0,31.6
ARIHANTSUP, 04-Aug-2026,260.1,265.0,258.25,258.85,259.85,8037,21.02,215,4876.0,60.67
ARIS, 04-Aug-2026,130.95,134.6,129.0,130.51,129.94,2028754,2673.82,12791,1088923.0,53.67
ARISTO, 04-Aug-2026,109.3,109.3,109.3,109.3,109.25,800,0.87,1,800.0,100.0
ARKADE, 04-Aug-2026,141.31,141.31,138.91,139.18,140.65,180498,251.98,1718,70631.0,39.13
ARMANFIN, 04-Aug-2026,1999.9,2005.0,1943.1,1998.8,1994.3,30571,605.97,2687,19324.0,63.21
ARMOUR, 04-Aug-2026,17.2,18.9,17.2,18.9,18.0,34000,6.17,16,30000.0,88.24
AROGRANITE, 04-Aug-2026,25.2,25.73,24.99,25.04,25.16,20369,5.12,86,16901.0,82.97
ARSSBL, 04-Aug-2026,511.5,517.8,511.0,515.35,511.2,69032,355.28,2458,35190.0,50.98
ARTEMISMED, 04-Aug-2026,305.0,309.0,299.55,301.75,302.2,721007,2196.5,10281,367143.0,50.92
ARTNIRMAN, 04-Aug-2026,40.9,40.99,39.46,40.58,38.18,1175,0.48,30,1112.0,94.64
ARVEE, 04-Aug-2026,159.34,159.34,157.7,158.55,155.44,526,0.83,19,406.0,77.19
ARVIND, 04-Aug-2026,540.0,554.8,535.0,547.35,528.95,1547743,8422.14,53251,774491.0,50.04
ARVINDFASN, 04-Aug-2026,449.85,452.75,443.5,445.9,449.15,105676,474.65,11017,60261.0,57.02
ARVSMART, 04-Aug-2026,607.55,615.0,599.95,604.2,600.65,59929,363.75,1923,39467.0,65.86
ASAHIINDIA, 04-Aug-2026,905.0,905.0,892.5,898.0,897.05,87231,784.17,5415,42501.0,48.72
ASAL, 04-Aug-2026,507.8,516.0,505.05,507.3,507.85,13847,70.47,844,7481.0,54.03
ASALCBR, 04-Aug-2026,785.55,786.4,765.0,768.8,777.85,24051,186.47,2012,14143.0,58.8
ASHALOG, 04-Aug-2026,56.0,56.5,56.0,56.2,56.0,5000,2.81,5,5000.0,100.0
ASHAPURMIN, 04-Aug-2026,722.8,722.8,700.8,719.3,717.85,425174,3035.63,15285,196277.0,46.16
ASHIANA, 04-Aug-2026,390.0,390.0,381.0,387.8,385.55,36058,138.73,1968,15464.0,42.89
ASHIKAG, 04-Aug-2026,480.0,481.95,455.0,459.3,477.5,365581,1717.32,4408,90152.0,24.66
ASHIMASYN, 04-Aug-2026,18.41,18.49,18.1,18.16,18.09,88626,16.17,417,56984.0,64.3
ASHOKA, 04-Aug-2026,121.3,122.3,119.73,120.33,121.12,927088,1121.21,5236,455829.0,49.17
ASHOKAMET, 04-Aug-2026,14.2,14.48,14.07,14.14,14.19,14635,2.08,104,8903.0,60.83
ASHOKLEY, 04-Aug-2026,175.0,175.16,172.08,172.08,174.55,15240052,26455.02,103532,6447229.0,42.3
ASHWINI, 04-Aug-2026,198.7,198.7,190.0,192.55,195.15,53000,103.21,47,43000.0,81.13
ASIANENE, 04-Aug-2026,415.0,420.0,403.15,417.6,410.65,438685,1818.43,11123,247622.0,56.45
ASIANHOTNR, 04-Aug-2026,307.45,307.55,299.85,301.55,303.35,157784,476.27,989,77770.0,49.29
ASIANPAINT, 04-Aug-2026,2774.9,2807.3,2732.4,2775.0,2810.0,820097,22735.26,48615,416408.0,50.78
ASIANTILES, 04-Aug-2026,53.83,54.0,52.66,53.1,53.83,3448062,1840.2,8348,1837449.0,53.29
ASKAUTOLTD, 04-Aug-2026,571.35,571.35,544.05,551.3,569.65,271933,1519.13,13109,109889.0,40.41
ASPINWALL, 04-Aug-2026,242.96,243.0,237.1,242.16,236.19,622,1.5,65,358.0,57.56
ASPIRE, 04-Aug-2026,14.25,14.25,14.25,14.25,14.95,12000,1.71,4,10000.0,83.33
ASTAR, 04-Aug-2026,623.8,623.8,590.0,590.0,585.1,14,0.08,8,12.0,85.71
ASTEC, 04-Aug-2026,628.25,639.9,618.6,622.25,628.3,29678,186.48,1597,17338.0,58.42
ASTERDM, 04-Aug-2026,815.15,837.5,815.1,834.7,815.15,785776,6523.35,63105,483740.0,61.56
ASTRAL, 04-Aug-2026,1446.0,1466.1,1435.0,1448.0,1435.6,245864,3565.16,17057,101647.0,41.34
ASTRAMICRO, 04-Aug-2026,1855.3,1869.0,1816.8,1835.4,1848.8,306406,5641.15,22056,162966.0,53.19
ASTRAZEN, 04-Aug-2026,8210.0,8293.0,8180.0,8210.5,8300.0,4269,351.1,1459,1870.0,43.8
ATALREAL, 04-Aug-2026,33.54,34.37,33.46,33.97,33.54,10946737,3722.57,9333,1532513.0,14.0
ATAM, 04-Aug-2026,67.0,67.0,65.02,66.56,65.49,2683,1.78,88,1591.0,59.3
ATCENERGY, 04-Aug-2026,24.25,24.25,24.0,24.25,23.1,13200,3.2,11,12000.0,90.91
ATGL, 04-Aug-2026,668.0,674.85,662.7,666.95,667.6,581973,3893.53,16704,150655.0,25.89
ATHERENERG, 04-Aug-2026,1341.2,1500.0,1336.5,1450.4,1272.7,23853424,344358.95,631681,4875062.0,20.44
ATL, 04-Aug-2026,23.16,24.0,23.16,23.3,23.28,85093,20.06,625,53290.0,62.63
ATLANTAA, 04-Aug-2026,36.5,39.8,35.2,37.62,35.2,32864,12.18,414,20069.0,61.07
ATLANTAELE, 04-Aug-2026,1606.0,1636.3,1570.1,1614.0,1589.8,89810,1447.8,7511,30795.0,34.29
ATLASCYCLE, 04-Aug-2026,97.25,99.0,96.0,97.96,97.58,9503,9.31,120,8378.0,88.16
ATLPP, 04-Aug-2026,8.68,8.84,8.68,8.84,8.8,880,0.08,8,880.0,100.0
ATMASTCO, 04-Aug-2026,149.0,150.0,146.0,149.75,151.0,6400,9.47,16,6000.0,93.75
ATUL, 04-Aug-2026,6800.0,6900.0,6762.0,6793.5,6777.0,77770,5309.74,17628,45247.0,58.18
ATULAUTO, 04-Aug-2026,570.0,579.8,552.0,557.8,563.35,640801,3640.06,17784,185035.0,28.88
AUBANK, 04-Aug-2026,1055.0,1059.0,1035.2,1059.0,1060.0,774989,8087.48,27986,456521.0,58.91
AURIONPRO, 04-Aug-2026,748.0,748.0,734.0,738.5,739.55,127884,944.45,5977,77137.0,60.32
AUROPHARMA, 04-Aug-2026,1555.0,1585.9,1536.8,1585.9,1554.7,2243122,35011.45,55048,1406275.0,62.69
AURUM, 04-Aug-2026,219.95,234.91,205.35,216.21,218.62,1375067,3100.88,18979,257461.0,18.72
AURUS, 04-Aug-2026,4.6,4.63,4.54,4.62,4.61,9484,0.44,168,8257.0,87.06
AUSL, 04-Aug-2026,24.5,25.0,24.5,25.0,24.15,4000,0.99,2,4000.0,100.0
AUTOAXLES, 04-Aug-2026,1880.0,1907.7,1850.0,1870.4,1880.5,26471,497.23,2828,13818.0,52.2
AUTOBEES, 04-Aug-2026,299.69,301.0,297.71,300.01,299.32,320943,962.41,3563,176241.0,54.91
AUTOIETF, 04-Aug-2026,30.04,30.1,29.32,29.71,29.74,837247,250.78,2104,459133.0,54.84
AVADHSUGAR, 04-Aug-2026,570.0,645.9,570.0,615.05,558.7,4835388,30129.98,101896,376758.0,7.79
AVALON, 04-Aug-2026,1754.4,1814.0,1746.5,1805.4,1751.8,401084,7153.87,36589,151879.0,37.87
AVANA, 04-Aug-2026,142.05,156.3,142.05,156.3,149.0,30000,44.65,14,30000.0,100.0
AVANTEL, 04-Aug-2026,163.5,164.49,162.32,164.07,162.99,602140,985.94,6177,293426.0,48.73
AVANTIFEED, 04-Aug-2026,910.0,913.45,888.25,893.4,907.3,549462,4941.25,23204,217637.0,39.61
AVATAR, 04-Aug-2026,186.4,186.4,186.4,186.4,182.75,12000,22.37,5,12000.0,100.0
AVIANSH, 04-Aug-2026,103.0,103.0,103.0,103.0,103.0,3000,3.09,3,3000.0,100.0
AVIENCE, 04-Aug-2026,258.05,259.55,253.0,254.95,258.05,13200,33.77,16,10800.0,81.82
AVL, 04-Aug-2026,623.65,638.2,613.15,634.4,623.65,160158,1001.71,11119,61799.0,38.59
AVONMORE, 04-Aug-2026,11.13,11.39,11.04,11.16,11.36,125826,14.06,594,77933.0,61.94
AVPINFRA, 04-Aug-2026,65.0,66.0,64.8,64.85,66.95,24000,15.66,26,12000.0,50.0
AVROIND, 04-Aug-2026,8.79,9.0,8.55,8.87,8.77,181172,15.98,772,133909.0,73.91
AVTNPL, 04-Aug-2026,71.19,71.8,70.51,70.83,70.71,23676,16.8,605,16598.0,70.1
AWFIS, 04-Aug-2026,279.95,281.55,271.9,273.05,277.3,158642,438.41,4374,98940.0,62.37
AWHCL, 04-Aug-2026,429.95,439.2,424.8,429.55,429.65,115507,498.44,5676,58741.0,50.85
AWL, 04-Aug-2026,190.55,192.9,189.66,190.59,190.3,2329922,4453.17,39258,1089295.0,46.75
AXISBANK, 04-Aug-2026,1264.0,1264.0,1244.0,1261.8,1272.0,5694891,71351.24,101832,3275996.0,57.53
AXISCADES, 04-Aug-2026,1575.0,1644.0,1569.6,1583.2,1572.9,135431,2176.59,7919,74781.0,55.22
AXITA, 04-Aug-2026,7.34,7.4,7.32,7.35,7.3,4581963,337.19,1360,365752.0,7.98
AYE, 04-Aug-2026,172.6,173.51,167.2,167.77,172.6,387411,656.71,7146,191369.0,49.4
AYMSYNTEX, 04-Aug-2026,254.55,260.0,239.1,256.25,251.6,189642,472.41,4046,129268.0,68.16
AZAD, 04-Aug-2026,2320.0,2418.3,2310.9,2374.4,2306.8,509849,12104.38,34718,197864.0,38.81
BABAFP, 04-Aug-2026,24.85,24.85,24.85,24.85,24.75,1600,0.4,1,1600.0,100.0
BAGDIGITAL, 04-Aug-2026,111.0,113.0,106.05,106.05,107.0,33600,36.86,16,27200.0,80.95
BAGFILMS, 04-Aug-2026,4.45,4.52,4.42,4.44,4.45,44415,1.98,140,40719.0,91.68
BAGMANE, 04-Aug-2026,105.48,105.67,104.53,105.01,105.13,1297743,1365.32,8189,1211595.0,93.36
BAHETI, 04-Aug-2026,727.0,747.0,725.0,745.0,724.2,20250,148.38,41,12750.0,62.96
BAIDFIN, 04-Aug-2026,9.91,10.02,9.91,9.98,10.01,52568,5.24,146,42253.0,80.38
BAJAJ-AUTO, 04-Aug-2026,11750.0,11751.0,11541.0,11600.0,11856.0,307958,35703.34,43713,167843.0,54.5
BAJAJCON, 04-Aug-2026,533.0,550.0,528.85,544.2,523.8,760142,4138.94,25636,363385.0,47.8
BAJAJELEC, 04-Aug-2026,337.65,365.0,336.1,349.7,337.65,1432494,5074.71,30123,332270.0,23.2
BAJAJFINSV, 04-Aug-2026,2075.0,2105.0,2068.0,2105.0,2096.0,1959197,40831.23,67929,1355149.0,69.17
BAJAJHCARE, 04-Aug-2026,342.1,343.6,333.0,335.6,340.4,78317,263.26,2390,37947.0,48.45
BAJAJHFL, 04-Aug-2026,86.83,88.4,86.52,87.11,86.85,4961226,4335.85,33913,2021480.0,40.75
BAJAJHIND, 04-Aug-2026,17.52,18.58,17.38,18.06,17.52,19356962,3508.17,30016,5282787.0,27.29
BAJAJHLDNG, 04-Aug-2026,11530.0,11598.0,11364.0,11475.0,11599.0,26227,3004.57,8484,13143.0,50.11
BAJAJINDEF, 04-Aug-2026,237.0,237.0,230.2,232.08,234.8,17471,40.58,374,12259.0,70.17
BAJAJST, 04-Aug-2026,394.8,394.8,385.75,390.35,385.55,7934,30.92,491,6352.0,80.06
BAJEL, 04-Aug-2026,177.35,180.5,176.93,178.69,177.35,117729,210.41,1820,56935.0,48.36
BAJFINANCE, 04-Aug-2026,1164.0,1164.0,1139.5,1149.0,1153.0,9437990,108342.16,214865,6011462.0,63.69
BALAJEE, 04-Aug-2026,27.5,27.5,27.17,27.41,27.36,16076,4.4,148,10272.0,63.9
BALAJIPHOS, 04-Aug-2026,89.05,89.9,88.0,89.9,89.95,62000,55.18,52,56000.0,90.32
BALAJITELE, 04-Aug-2026,84.9,87.75,84.54,85.12,84.54,74262,63.94,1075,46518.0,62.64
BALAMINES, 04-Aug-2026,2050.0,2076.0,1985.1,1994.9,2025.2,286462,5831.22,21953,97772.0,34.13
BALAXI, 04-Aug-2026,24.65,24.65,23.72,24.03,24.0,23587,5.69,102,22282.0,94.47
BALKRISHNA, 04-Aug-2026,17.6,18.0,17.4,17.47,18.05,11021,1.96,80,6346.0,57.58
BALKRISIND, 04-Aug-2026,2479.7,2530.0,2412.4,2491.9,2492.2,275218,6906.39,22452,115511.0,41.97
BALMLAWRIE, 04-Aug-2026,174.0,176.14,173.51,174.42,174.14,136017,237.63,1943,86029.0,63.25
BALPHARMA, 04-Aug-2026,89.49,89.69,87.21,87.87,89.49,19937,17.6,367,15711.0,78.8
BALRAMCHIN, 04-Aug-2026,650.0,664.95,636.75,658.7,646.8,1590621,10432.64,36895,506017.0,31.81
BALUFORGE, 04-Aug-2026,440.5,446.5,436.0,439.45,444.85,501487,2212.85,7506,372082.0,74.2
BANARBEADS, 04-Aug-2026,116.4,117.0,113.08,113.97,113.98,2753,3.17,65,2232.0,81.08
BANARISUG, 04-Aug-2026,3484.7,3505.0,3475.0,3480.4,3487.2,321,11.18,50,194.0,60.44
BANCOINDIA, 04-Aug-2026,664.0,678.2,656.6,669.75,657.75,203017,1355.16,10094,93644.0,46.13
BANDHANBNK, 04-Aug-2026,174.44,175.22,173.12,173.6,173.65,8403143,14623.92,85855,4124942.0,49.09
BANG, 04-Aug-2026,30.2,30.78,29.6,30.1,30.27,24914,7.5,120,21970.0,88.18
BANK10ADD, 04-Aug-2026,17.15,17.18,16.96,17.02,17.19,76390,13.01,215,42278.0,55.34
BANK10BETF, 04-Aug-2026,20.99,21.09,20.76,20.79,20.82,4192,0.88,23,4150.0,99.0
BANKADD, 04-Aug-2026,59.15,60.1,58.81,59.14,58.66,34017,20.09,240,28891.0,84.93
BANKBARODA, 04-Aug-2026,247.19,249.15,245.0,245.0,247.25,4143561,10228.23,36858,1878899.0,45.35
BANKBEES, 04-Aug-2026,597.35,599.99,594.5,595.76,597.34,508335,3033.95,6978,294036.0,57.84
BANKBETA, 04-Aug-2026,59.76,59.99,59.41,59.63,59.75,105638,62.96,561,86668.0,82.04
BANKBETF, 04-Aug-2026,58.77,58.88,58.34,58.6,58.61,23375,13.7,249,22554.0,96.49
BANKETF, 04-Aug-2026,587.84,590.96,584.53,588.47,589.78,9831,57.79,765,7375.0,75.02
BANKIETF, 04-Aug-2026,59.24,59.63,58.94,59.07,59.04,338583,200.4,1261,195096.0,57.62
BANKINDIA, 04-Aug-2026,140.29,141.25,138.92,140.44,140.5,5544174,7757.37,28444,2666331.0,48.09
BANKNIFTY1, 04-Aug-2026,60.51,60.51,59.62,59.69,59.87,233887,140.02,764,141057.0,60.31
BANKPSU, 04-Aug-2026,85.33,85.94,85.18,85.4,85.33,14680,12.53,109,10482.0,71.4
BANSALWIRE, 04-Aug-2026,318.5,327.7,312.0,314.7,318.5,166136,528.89,6725,80521.0,48.47
BANSWRAS, 04-Aug-2026,127.21,128.2,124.0,125.49,127.34,32678,41.07,865,20834.0,63.76
BARFLEX, 04-Aug-2026,55.0,55.0,55.0,55.0,55.0,6000,3.3,3,6000.0,100.0
BASF, 04-Aug-2026,3738.0,4250.0,3713.5,3947.1,3729.7,775498,31513.84,98320,178311.0,22.99
BASILIC, 04-Aug-2026,202.9,205.0,201.25,204.0,201.95,11100,22.58,36,9000.0,81.08
BATAINDIA, 04-Aug-2026,712.3,742.95,706.4,709.55,709.65,939426,6786.09,32013,345230.0,36.75
BATLIBOI, 04-Aug-2026,82.92,84.98,82.51,84.02,82.55,25269,21.1,873,16082.0,63.64
BAWEJA, 04-Aug-2026,28.75,29.25,27.35,27.4,28.75,17600,4.88,16,15200.0,86.36
BAYERCROP, 04-Aug-2026,4324.6,4355.0,4294.8,4331.0,4303.3,26809,1159.07,4046,14988.0,55.91
BBETF0432, 04-Aug-2026,1353.13,1356.69,1350.0,1352.71,1355.09,532,7.2,64,278.0,52.26
BBL, 04-Aug-2026,2572.7,2601.0,2368.0,2390.2,2564.5,184418,4495.83,18976,72134.0,39.11
BBNPNBETF, 04-Aug-2026,58.29,58.61,57.85,58.16,58.29,622,0.36,21,303.0,48.71
BBNPPGOLD, 04-Aug-2026,137.7,137.8,136.85,137.35,137.05,461,0.63,50,363.0,78.74
BBOX, 04-Aug-2026,762.0,780.0,747.0,750.05,753.7,316417,2417.22,20274,147738.0,46.69
BBTC, 04-Aug-2026,1540.9,1548.9,1501.2,1505.7,1537.2,25557,388.6,3968,15207.0,59.5
BBTCL, 04-Aug-2026,222.48,225.7,217.0,221.2,222.48,9176,20.33,298,6896.0,75.15
BCG, 04-Aug-2026,9.31,9.63,9.25,9.46,9.35,5797052,546.26,4404,3226742.0,55.66
BCLIND, 04-Aug-2026,37.89,37.94,37.05,37.21,37.89,575944,215.08,3188,343655.0,59.67
BCONCEPTS, 04-Aug-2026,189.94,190.0,182.35,183.91,189.14,22860,42.34,597,20507.0,89.71
BCPL, 04-Aug-2026,71.3,71.5,68.5,69.0,70.41,16953,11.79,293,13666.0,80.61
BDL, 04-Aug-2026,1265.0,1278.3,1259.1,1265.0,1265.0,422213,5356.07,18178,139626.0,33.07
BEACON, 04-Aug-2026,88.9,88.9,83.0,83.0,85.2,17000,14.46,16,14000.0,82.35
BEARDSELL, 04-Aug-2026,26.95,27.73,26.95,27.33,27.5,23662,6.46,156,18423.0,77.86
BECTORFOOD, 04-Aug-2026,211.5,214.27,207.98,209.96,211.27,1433966,3034.08,19366,512236.0,35.72
BEDMUTHA, 04-Aug-2026,111.71,113.0,109.31,109.53,111.71,2101,2.32,48,1601.0,76.2
BEEKAY, 04-Aug-2026,393.0,407.8,393.0,400.7,392.8,974,3.9,75,916.0,94.05
BEL, 04-Aug-2026,390.2,394.1,389.25,391.5,392.15,10632551,41599.49,137922,6598257.0,62.06
BELLACASA, 04-Aug-2026,248.0,254.7,243.61,246.38,246.04,6994,17.34,515,3313.0,47.37
BELRISE, 04-Aug-2026,242.9,243.86,239.0,240.34,241.86,2278509,5500.91,38758,1185792.0,52.04
BEML, 04-Aug-2026,1750.0,1774.0,1685.0,1690.6,1743.7,320006,5489.03,28384,176729.0,55.23
BENGALASM, 04-Aug-2026,6237.0,6307.5,6206.0,6256.0,6205.0,727,45.49,639,69.0,9.49
BEPL, 04-Aug-2026,121.32,123.5,119.71,122.94,120.72,2481561,3025.17,18514,934266.0,37.65
BERGEPAINT, 04-Aug-2026,527.0,544.0,526.6,533.8,526.55,488585,2623.37,20082,206375.0,42.24
BESTAGRO, 04-Aug-2026,18.78,22.66,18.5,22.66,18.89,29742912,6349.21,74981,4286255.0,14.41
BETA, 04-Aug-2026,2370.0,2390.0,2302.1,2365.0,2353.0,16520,390.42,3645,8666.0,52.46
BEWLTD, 04-Aug-2026,58.0,59.15,57.15,57.15,57.95,5000,2.9,7,4500.0,90.0
BFINVEST, 04-Aug-2026,483.5,487.6,473.0,480.55,483.0,39521,190.01,2449,21155.0,53.53
BFSI, 04-Aug-2026,27.97,28.12,27.65,27.8,27.9,395280,109.91,1089,306861.0,77.63
BFUTILITIE, 04-Aug-2026,575.4,580.0,567.35,568.5,576.2,30519,174.73,1472,18173.0,59.55
BHADORA, 04-Aug-2026,86.05,88.5,86.0,86.1,89.5,8400,7.26,6,8400.0,100.0
BHAGCHEM, 04-Aug-2026,294.7,298.05,285.0,286.1,298.35,212998,618.41,5436,88796.0,41.69
BHARATCOAL, 04-Aug-2026,34.2,34.44,34.04,34.2,34.09,4040386,1382.7,11196,1660931.0,41.11
BHARATFORG, 04-Aug-2026,2213.2,2214.9,2177.1,2195.0,2211.0,699993,15310.55,29359,414316.0,59.19
BHARATRAS, 04-Aug-2026,1337.2,1393.4,1335.0,1345.4,1337.2,30373,414.44,3222,13106.0,43.15
BHARATSE, 04-Aug-2026,223.3,237.75,219.11,231.87,223.36,1941113,4497.21,33541,357583.0,18.42
BHARATWIRE, 04-Aug-2026,202.65,205.91,200.0,200.4,202.77,121455,246.27,2397,54883.0,45.19
BHARTIARTL, 04-Aug-2026,1980.0,1980.0,1936.0,1970.1,1970.5,4977391,97455.27,101090,2602989.0,52.3
BHARTIHEXA, 04-Aug-2026,1645.8,1646.5,1610.0,1616.8,1645.8,67498,1098.34,16975,37761.0,55.94
BHEL, 04-Aug-2026,411.15,412.85,406.25,411.95,411.15,4709584,19291.02,40961,2386232.0,50.67
BI, 04-Aug-2026,61.83,62.0,59.25,60.53,61.83,4865,2.97,106,4350.0,89.41
BIGBLOC, 04-Aug-2026,47.5,47.5,44.3,46.48,45.8,36881,17.07,570,21153.0,57.35
BIKAJI, 04-Aug-2026,652.0,654.15,642.0,647.9,650.0,50727,329.64,5859,27492.0,54.2
BIKEWO, 04-Aug-2026,65.0,67.9,64.95,67.9,64.7,218000,146.98,92,218000.0,100.0
BIL, 04-Aug-2026,760.1,832.15,760.1,801.75,760.85,33586,268.09,971,26672.0,79.41
BIMETAL, 04-Aug-2026,642.25,659.0,640.05,645.75,637.15,120,0.77,21,85.0,70.83
BIOCON, 04-Aug-2026,425.95,427.0,421.65,422.0,427.0,2478487,10515.92,26767,1183448.0,47.75
BIOFILCHEM, 04-Aug-2026,33.78,33.78,32.6,32.9,33.07,8743,2.9,99,6042.0,69.11
BIOPOL, 04-Aug-2026,100.05,100.05,95.5,96.9,101.55,76800,74.94,57,55200.0,71.88
BIRET, 04-Aug-2026,342.95,343.5,341.9,342.49,342.0,1183774,4058.35,10796,1160516.0,98.04
BIRLACORPN, 04-Aug-2026,906.1,909.15,889.0,902.3,906.1,70050,628.18,6365,44748.0,63.88
BIRLAMONEY, 04-Aug-2026,134.82,138.4,132.53,133.74,134.25,40299,54.39,991,16509.0,40.97
BIRLANU, 04-Aug-2026,1343.2,1371.0,1336.4,1355.3,1341.3,8967,121.34,946,5683.0,63.38
BIRLAPREC, 04-Aug-2026,34.99,35.02,34.01,34.48,34.8,13686,4.74,121,8926.0,65.22
BLACKBUCK, 04-Aug-2026,554.0,557.7,544.95,546.5,551.0,147838,810.18,9452,61323.0,41.48
BLAL, 04-Aug-2026,174.62,174.69,170.01,173.61,174.62,20392,35.24,462,10558.0,51.78
BLBLIMITED, 04-Aug-2026,15.45,15.72,15.32,15.5,15.39,13349,2.08,70,11661.0,87.35
BLIL, 04-Aug-2026,71.19,71.19,70.35,70.76,70.88,59495,42.03,691,38263.0,64.31
BLKASHYAP, 04-Aug-2026,54.36,54.75,54.01,54.45,54.32,77064,41.85,584,50988.0,66.16
BLS, 04-Aug-2026,253.0,254.48,247.01,247.95,250.75,805638,2020.7,16086,446329.0,55.4
BLSE, 04-Aug-2026,300.4,304.85,290.0,301.45,299.8,397609,1194.69,8687,178371.0,44.86
BLUEDART, 04-Aug-2026,5375.5,5443.5,5344.0,5364.5,5427.0,67817,3645.88,6513,34640.0,51.08
BLUEJET, 04-Aug-2026,589.5,612.6,580.25,582.05,589.5,1572783,9329.49,33294,572175.0,36.38
BLUEPEBBLE, 04-Aug-2026,70.0,70.0,67.0,68.0,70.0,2000,1.38,4,1600.0,80.0
BLUESTARCO, 04-Aug-2026,1736.1,1737.6,1677.4,1685.0,1729.2,866482,14745.42,44527,504003.0,58.17
BLUESTONE, 04-Aug-2026,800.7,865.0,787.1,848.75,802.7,11927196,99693.89,216049,1073901.0,9.0
BLUEWATER, 04-Aug-2026,420.0,439.35,418.0,418.0,440.0,27000,114.64,26,26000.0,96.3
BLUSPRING, 04-Aug-2026,115.73,115.73,110.22,111.48,114.78,192613,217.34,2155,101540.0,52.72
BMETRICS, 04-Aug-2026,35.05,38.5,35.0,38.5,37.0,2400,0.87,3,2400.0,100.0
BMLL, 04-Aug-2026,157.0,157.0,154.0,155.95,158.0,6000,9.32,6,6000.0,100.0
BMWVENTLTD, 04-Aug-2026,57.7,58.22,57.03,57.16,57.69,72361,41.48,1386,33803.0,46.71
BNKETFAXIS, 04-Aug-2026,608.55,608.55,593.0,594.79,593.71,306,1.82,27,165.0,53.92
BOHRAIND, 04-Aug-2026,14.42,15.59,14.42,14.81,15.0,6024,0.9,55,3962.0,65.77
BOMDYEING, 04-Aug-2026,121.99,123.49,121.5,121.96,121.92,257728,315.11,2540,117997.0,45.78
BONLON, 04-Aug-2026,41.23,42.67,40.13,41.86,41.23,6059,2.52,135,4327.0,71.41
BORANA, 04-Aug-2026,317.7,326.9,315.2,319.0,318.85,18846,60.76,238,13469.0,71.47
BOROLTD, 04-Aug-2026,232.54,241.74,232.54,239.87,233.47,104081,248.39,2257,47050.0,45.21
BORORENEW, 04-Aug-2026,556.9,567.4,553.95,559.05,553.95,493470,2768.81,15039,255209.0,51.72
BOROSCI, 04-Aug-2026,153.03,153.03,144.0,145.75,153.42,518635,766.16,7613,216371.0,41.72
BOSCH-HCIL, 04-Aug-2026,1400.0,1444.8,1383.2,1439.4,1390.2,103983,1486.49,5555,56196.0,54.04
BOSCHLTD, 04-Aug-2026,41160.0,41555.0,41000.0,41200.0,41300.0,14478,5977.01,5209,4790.0,33.08
BOSS, 04-Aug-2026,39.5,40.25,39.5,39.9,38.9,6000,2.4,3,2000.0,33.33
BPCL, 04-Aug-2026,328.55,328.55,320.65,324.0,329.95,5331584,17238.5,34950,2745673.0,51.5
BPL, 04-Aug-2026,54.6,54.99,53.2,53.42,54.49,30568,16.5,867,16838.0,55.08
BRACEPORT, 04-Aug-2026,74.0,76.5,72.0,73.0,70.4,28800,21.35,17,19200.0,66.67
BRANDMAN, 04-Aug-2026,167.05,168.15,166.1,166.5,171.1,7200,12.02,9,5600.0,77.78
BRIGADE, 04-Aug-2026,581.55,585.95,575.3,580.2,583.65,290721,1688.36,16583,194632.0,66.95
BRIGHOTEL, 04-Aug-2026,61.04,62.38,60.5,61.8,61.04,106741,65.28,1990,60002.0,56.21
BRITANNIA, 04-Aug-2026,5502.0,5503.5,5393.5,5478.0,5531.0,272040,14814.28,29176,148061.0,54.43
BRNL, 04-Aug-2026,18.45,18.45,17.21,17.45,17.47,41826,7.38,257,20181.0,48.25
BSE, 04-Aug-2026,3575.0,3637.8,3555.4,3618.0,3575.0,2817947,101517.86,114085,1010660.0,35.87
BSE500IETF, 04-Aug-2026,40.0,42.05,39.83,39.9,40.0,226051,90.45,1207,132879.0,58.78
BSL, 04-Aug-2026,127.2,127.2,122.7,124.87,123.65,2703,3.38,54,2011.0,74.4
BSLGOLDETF, 04-Aug-2026,127.8,127.8,124.33,124.71,124.69,182289,227.31,1245,156550.0,85.88
BSLNIFTY, 04-Aug-2026,28.54,28.91,28.11,28.74,28.84,578237,166.25,4150,486832.0,84.19
BSLSENETFG, 04-Aug-2026,77.97,80.57,77.97,79.02,79.14,2628,2.08,141,2190.0,83.33
BSOFT, 04-Aug-2026,324.8,326.3,316.6,323.2,321.5,1492292,4792.68,28973,649949.0,43.55
BTML, 04-Aug-2026,6.94,7.2,6.64,6.69,6.84,210627,14.28,284,193872.0,92.05
BUILDPRO, 04-Aug-2026,1343.6,1380.0,1307.4,1337.8,1343.6,164304,2219.88,9206,94981.0,57.81
BULKCORP, 04-Aug-2026,59.2,59.6,59.1,59.1,58.6,3600,2.13,3,3600.0,100.0
BUTTERFLY, 04-Aug-2026,730.0,736.5,660.0,664.45,736.5,171815,1170.64,9882,90945.0,52.93
BVCL, 04-Aug-2026,40.8,43.39,40.5,41.7,40.61,39527,16.54,504,22631.0,57.25
C2C, 04-Aug-2026,269.3,270.0,258.0,262.05,268.0,161700,422.13,715,97950.0,60.58
CADSYS, 04-Aug-2026,56.25,56.25,56.25,56.25,59.2,2500,1.41,3,2500.0,100.0
CAMLINFINE, 04-Aug-2026,129.39,133.8,128.02,130.23,128.47,1005309,1324.7,10843,364990.0,36.31
CAMPUS, 04-Aug-2026,223.2,225.0,221.1,223.77,223.2,480578,1072.39,9907,229524.0,47.76
CAMS, 04-Aug-2026,791.5,830.5,789.0,809.4,791.0,4699513,38390.0,90853,1278548.0,27.21
CANARYS, 04-Aug-2026,21.45,23.7,21.05,23.6,21.3,252000,56.53,59,208000.0,82.54
CANBK, 04-Aug-2026,127.09,128.95,126.26,128.0,127.1,21657270,27735.02,75644,11128502.0,51.38
CANFINHOME, 04-Aug-2026,823.0,823.0,807.5,809.8,817.0,202140,1639.24,8645,143320.0,70.9
CANHLIFE, 04-Aug-2026,153.41,153.41,148.1,148.66,150.92,412018,617.99,8086,176369.0,42.81
CANTABIL, 04-Aug-2026,248.6,253.5,247.01,247.86,247.24,435830,1089.82,3345,358656.0,82.29
CAPACITE, 04-Aug-2026,214.15,221.74,212.17,213.52,213.61,891218,1928.76,12205,456138.0,51.18
CAPILLARY, 04-Aug-2026,498.7,584.0,488.05,534.95,495.55,6482411,35635.8,148957,699776.0,10.79
CAPINVIT, 04-Aug-2026,74.83,75.48,74.6,75.25,74.58,342614,257.56,5767,310733.0,90.69
CAPITALSFB, 04-Aug-2026,299.5,299.5,293.75,295.3,295.65,26721,79.12,772,14011.0,52.43
CAPLIPOINT, 04-Aug-2026,2571.0,2614.6,2550.4,2571.9,2566.1,57214,1477.82,12371,31767.0,55.52
CAPTRUST, 04-Aug-2026,19.7,20.02,19.7,20.02,19.07,104095,20.82,304,84801.0,81.47
CARBORUNIV, 04-Aug-2026,1090.4,1099.8,1075.0,1078.5,1095.5,67012,727.43,9178,27551.0,41.11
CARERATING, 04-Aug-2026,1715.6,1750.9,1705.0,1729.4,1715.6,34587,600.21,5801,18673.0,53.99
CARRARO, 04-Aug-2026,544.95,545.95,538.0,540.4,542.8,59651,323.24,5005,37330.0,62.58
CARTRADE, 04-Aug-2026,2804.0,2820.0,2763.5,2805.4,2803.3,170294,4756.7,16025,56317.0,33.07
CARYSIL, 04-Aug-2026,1184.0,1205.0,1170.0,1178.2,1188.3,45497,541.01,4588,23419.0,51.47
CASHIETF, 04-Aug-2026,1073.77,1073.77,1073.75,1073.76,1073.62,169972,1825.1,141,123582.0,72.71
CASTROLIND, 04-Aug-2026,186.75,188.95,186.1,187.06,185.84,3139767,5890.25,30898,1851360.0,58.96
CCAVENUE, 04-Aug-2026,17.65,17.73,16.87,16.96,17.43,27551808,4764.13,26558,12131284.0,44.03
CCCL, 04-Aug-2026,15.77,16.6,15.4,15.68,15.73,253037,40.35,752,182863.0,72.27
CCHHL, 04-Aug-2026,13.06,13.26,12.71,12.82,13.06,16521,2.13,108,13767.0,83.33
CCL, 04-Aug-2026,1136.0,1142.4,1106.0,1122.0,1152.4,308954,3469.01,31059,148354.0,48.02
CDSL, 04-Aug-2026,1318.0,1362.0,1312.5,1340.0,1322.2,1929942,25899.13,46474,513150.0,26.59
CEATLTD, 04-Aug-2026,3549.4,3624.5,3518.4,3611.2,3542.5,109956,3938.98,14992,49382.0,44.91
CEDAAR, 04-Aug-2026,16.45,17.25,16.35,16.35,17.2,18000,2.97,17,16000.0,88.89
CEIGALL, 04-Aug-2026,349.0,349.0,337.3,339.85,344.75,81183,277.64,2630,46275.0,57.0
CEINSYS, 04-Aug-2026,833.0,874.5,831.8,861.65,833.1,69576,597.17,5171,31756.0,45.64
CELEBRITY, 04-Aug-2026,7.2,7.35,6.91,7.17,7.11,42940,3.05,98,32109.0,74.78
CELLECOR, 04-Aug-2026,33.3,33.3,32.0,32.05,33.65,150000,48.6,47,147000.0,98.0
CELLO, 04-Aug-2026,344.05,346.75,342.6,344.85,345.55,115794,399.64,7246,74202.0,64.08
CELLPOINT, 04-Aug-2026,18.8,18.8,18.8,18.8,18.95,1200,0.23,1,1200.0,100.0
CEMNTGROWW, 04-Aug-2026,15.69,15.69,15.3,15.5,15.49,127830,19.81,454,113618.0,88.88
CEMPRO, 04-Aug-2026,1366.0,1366.0,1297.7,1329.8,1363.3,640614,8461.08,22510,307531.0,48.01
CENTENKA, 04-Aug-2026,627.0,631.3,616.35,620.5,621.6,79525,496.61,3976,44610.0,56.1
CENTEXT, 04-Aug-2026,20.39,24.0,20.1,23.67,20.0,4067536,952.92,3677,1290527.0,31.73
CENTRALBK, 04-Aug-2026,31.46,31.5,31.17,31.23,31.46,4894350,1533.03,13260,2692606.0,55.01
CENTRUM, 04-Aug-2026,24.27,24.8,23.4,23.6,24.09,300503,71.92,993,203685.0,67.78
CENTUM, 04-Aug-2026,3676.5,3740.3,3640.0,3698.6,3676.5,21707,801.77,7998,11230.0,51.73
CENTURYPLY, 04-Aug-2026,772.8,776.5,765.0,769.5,772.8,71842,554.29,7801,30449.0,42.38
CERA, 04-Aug-2026,6315.5,6364.5,6240.0,6301.0,6280.5,6080,383.6,1764,2880.0,47.37
CESC, 04-Aug-2026,166.07,167.49,164.1,164.76,165.98,560175,928.91,9272,288748.0,51.55
CEWATER, 04-Aug-2026,287.95,288.0,279.1,279.6,285.8,90239,255.99,2754,61341.0,67.98
CGCL, 04-Aug-2026,228.0,232.6,227.0,228.68,227.47,2613901,6016.15,22177,656532.0,25.12
CGPOWER, 04-Aug-2026,846.6,882.8,846.45,880.05,826.1,8524215,74412.55,121556,2189083.0,25.68
CGRAPHICS, 04-Aug-2026,146.8,146.8,142.9,145.0,143.65,15200,21.98,19,11200.0,73.68
CHALET, 04-Aug-2026,821.5,837.85,815.0,825.65,821.5,116249,961.12,7340,87526.0,75.29
CHAMBLFERT, 04-Aug-2026,456.55,456.7,450.05,454.6,455.0,341969,1549.45,11308,148490.0,43.42
CHAMUNDA, 04-Aug-2026,42.8,43.4,42.8,43.4,43.0,9000,3.87,3,6000.0,66.67
CHANDAN, 04-Aug-2026,253.75,258.95,252.05,255.45,250.5,41600,106.22,52,25600.0,61.54
CHAVDA, 04-Aug-2026,132.0,133.95,129.0,129.15,128.35,50000,65.48,47,30000.0,60.0
CHEMICAL, 04-Aug-2026,31.45,31.74,30.32,30.53,30.69,328514,100.58,1182,201224.0,61.25
CHEMPLASTS, 04-Aug-2026,196.11,198.06,194.0,194.41,196.1,130556,255.66,3892,72205.0,55.31
CHENNPETRO, 04-Aug-2026,1342.0,1351.0,1301.3,1325.7,1325.5,1993696,26293.45,54247,663133.0,33.26
CHETANA, 04-Aug-2026,46.0,47.0,46.0,47.0,46.0,17600,8.23,6,17600.0,100.0
CHEVIOT, 04-Aug-2026,1130.0,1139.6,1124.1,1130.6,1130.4,1826,20.7,193,1340.0,73.38
CHOICEGOLD, 04-Aug-2026,140.54,142.48,139.27,140.62,140.54,11910,16.75,374,2047.0,17.19
CHOICEIN, 04-Aug-2026,826.85,831.0,821.0,824.8,828.1,333380,2753.21,6916,99543.0,29.86
CHOLAFIN, 04-Aug-2026,1888.2,1888.2,1859.4,1875.0,1888.2,1345656,25197.58,49631,900262.0,66.9
CHOLAHLDNG, 04-Aug-2026,1580.0,1580.0,1541.7,1545.9,1574.6,178999,2785.64,16649,116448.0,65.06
CIEINDIA, 04-Aug-2026,419.95,420.7,409.5,410.6,419.65,358037,1479.67,13762,242580.0,67.75
CIFL, 04-Aug-2026,21.98,21.98,20.59,21.13,20.76,137970,29.51,845,124958.0,90.57
CINELINE, 04-Aug-2026,88.21,89.7,88.0,89.51,88.53,10245,9.14,258,8200.0,80.04
CINEVISTA, 04-Aug-2026,15.49,15.49,14.82,14.87,14.94,5727,0.86,66,3934.0,68.69
CIPLA, 04-Aug-2026,1469.6,1469.6,1449.3,1460.0,1474.4,947279,13790.48,53394,485968.0,51.3
CITIUSINVT, 04-Aug-2026,109.09,110.06,108.72,108.94,109.09,233085,256.05,1245,206411.0,88.56
CKKRETAIL, 04-Aug-2026,145.15,145.15,145.0,145.0,145.0,4000,5.8,5,2400.0,60.0
CLASSICEIL, 04-Aug-2026,59.0,59.0,58.25,58.25,60.35,8000,4.7,5,8000.0,100.0
CLAYCRAFT, 04-Aug-2026,176.3,183.0,175.0,180.4,175.1,38400,68.71,53,33600.0,87.5
CLEAN, 04-Aug-2026,768.0,782.0,763.2,774.55,764.15,513308,3976.35,33051,257203.0,50.11
CLEANMAX, 04-Aug-2026,1356.2,1364.0,1310.4,1326.7,1349.5,116333,1542.42,10374,54488.0,46.84
CLSEL, 04-Aug-2026,293.7,293.95,280.45,290.15,292.3,37182,107.71,1128,19412.0,52.21
CLSL, 04-Aug-2026,66.4,66.4,66.0,66.0,66.2,18000,11.89,9,16000.0,88.89
CMLL, 04-Aug-2026,566.0,577.15,558.0,565.9,566.85,1049275,5943.98,21707,216861.0,20.67
CMNL, 04-Aug-2026,97.55,97.75,97.5,97.5,98.8,4500,4.39,6,4500.0,100.0
CMPDI, 04-Aug-2026,248.35,250.6,245.7,247.05,247.49,1400155,3477.35,25966,748340.0,53.45
CMRGREEN, 04-Aug-2026,224.0,229.35,221.85,228.59,222.58,790829,1794.59,12970,308156.0,38.97
CMRSL, 04-Aug-2026,62.85,62.85,62.85,62.85,62.85,800,0.5,1,800.0,100.0
CMSINFO, 04-Aug-2026,275.4,280.5,273.05,279.4,275.4,467946,1302.57,14437,293048.0,62.62
CNL, 04-Aug-2026,1014.6,1084.9,987.0,1055.8,1015.9,189433,1946.44,14631,51230.0,27.04
COALINDIA, 04-Aug-2026,415.0,417.6,413.0,417.6,416.0,4057342,16869.85,52822,2642650.0,65.13
COASTCORP, 04-Aug-2026,51.04,52.0,47.72,48.53,51.04,443577,217.92,2898,280780.0,63.3
COCHINSHIP, 04-Aug-2026,1441.0,1455.7,1430.0,1430.0,1441.9,758781,10934.39,24818,358594.0,47.26
COCKERILL, 04-Aug-2026,8975.0,9129.0,8825.0,8989.0,8987.5,3626,327.29,1152,1967.0,54.25
COFORGE, 04-Aug-2026,1772.0,1774.8,1733.2,1749.9,1768.0,1189895,20773.75,46479,542793.0,45.62
COHANCE, 04-Aug-2026,428.05,428.35,421.75,424.9,425.35,247065,1051.24,12408,128555.0,52.03
COLPAL, 04-Aug-2026,2080.0,2080.2,2010.0,2010.0,2077.0,562942,11422.47,34157,288936.0,51.33
COMFINTE, 04-Aug-2026,6.9,6.98,6.35,6.4,6.89,997220,66.5,719,416681.0,41.78
COMMITTED, 04-Aug-2026,350.0,350.0,335.5,340.0,350.0,46400,161.81,18,44000.0,94.83
COMMOIETF, 04-Aug-2026,101.49,101.67,100.7,101.02,101.49,78239,79.24,1810,36469.0,46.61
COMPUSOFT, 04-Aug-2026,13.4,13.54,13.16,13.2,13.4,16245,2.16,120,12840.0,79.04
COMSYN, 04-Aug-2026,210.24,215.87,208.5,211.05,208.72,152230,321.26,3263,63711.0,41.85
CONCOR, 04-Aug-2026,526.05,526.1,514.0,515.0,525.0,1523968,7899.66,35323,853235.0,55.99
CONCORDBIO, 04-Aug-2026,1460.0,1469.6,1412.0,1420.0,1414.6,246334,3523.43,24863,109934.0,44.63
CONFIPET, 04-Aug-2026,84.79,84.79,80.11,82.08,83.77,2152778,1761.3,13902,909682.0,42.26
CONNPLEX, 04-Aug-2026,205.0,205.0,201.0,201.0,204.5,3200,6.46,4,2400.0,75.0
CONS, 04-Aug-2026,12.7,12.7,12.5,12.53,12.47,29234,3.67,126,26506.0,90.67
CONSUMAXIS, 04-Aug-2026,125.53,126.04,124.91,125.21,125.1,2289,2.87,30,1274.0,55.66
CONSUMBEES, 04-Aug-2026,135.2,137.35,132.05,133.57,135.2,118344,159.92,1323,70798.0,59.82
CONSUMER, 04-Aug-2026,12.42,12.42,12.15,12.16,12.18,454105,55.44,336,369344.0,81.33
CONSUMIETF, 04-Aug-2026,125.98,126.61,123.38,125.23,125.94,10990,13.84,205,8169.0,74.33
CONTI, 04-Aug-2026,10.5,11.6,10.5,11.6,11.05,6666,0.74,2,3333.0,50.0
CONTROLPR, 04-Aug-2026,572.0,579.8,570.4,575.05,571.45,12383,71.37,1927,6517.0,52.63
COOLCAPS, 04-Aug-2026,22.4,23.7,21.8,22.15,22.9,91250,20.28,34,87500.0,95.89
CORALFINAC, 04-Aug-2026,33.1,34.69,32.41,32.66,33.4,8293,2.73,132,6746.0,81.35
CORDELIA, 04-Aug-2026,809.0,837.0,806.55,819.65,806.75,111499,908.63,4903,40850.0,36.64
COROMANDEL, 04-Aug-2026,2128.0,2129.9,2096.8,2115.5,2115.3,84790,1792.82,11154,43040.0,50.76
CORONA, 04-Aug-2026,2130.0,2270.1,2130.0,2159.7,2105.7,207658,4546.05,36095,81419.0,39.21
COSMOFIRST, 04-Aug-2026,910.05,934.0,907.0,922.35,910.05,100984,932.9,6453,56459.0,55.91
COUNCODOS, 04-Aug-2026,6.15,6.18,6.01,6.02,6.02,17722,1.07,140,15834.0,89.35
CPEDU, 04-Aug-2026,205.11,212.0,204.09,210.11,207.48,7033,14.67,290,4586.0,65.21
CPL, 04-Aug-2026,71.73,71.8,70.66,71.76,70.49,16305,11.64,354,8238.0,50.52
CPPLUS, 04-Aug-2026,3425.2,3549.9,3420.0,3499.2,3428.7,167512,5879.39,16133,92794.0,55.4
CPSEETF, 04-Aug-2026,95.99,95.99,94.5,94.62,94.89,817151,775.68,7280,482868.0,59.09
CRAFTSMAN, 04-Aug-2026,10370.0,10397.0,10150.0,10175.0,10338.5,27276,2798.4,7729,13130.0,48.14
CRAMC, 04-Aug-2026,260.35,271.0,260.35,266.6,261.2,534093,1419.34,11962,243894.0,45.67
CRAYONS, 04-Aug-2026,26.6,27.8,26.6,27.8,26.5,4000,1.1,4,4000.0,100.0
CREATIVEYE, 04-Aug-2026,6.36,6.36,6.22,6.27,6.2,5847,0.37,65,3453.0,59.06
CREDITACC, 04-Aug-2026,1550.0,1574.9,1530.0,1557.6,1558.2,137441,2141.03,14164,66278.0,48.22
CREST, 04-Aug-2026,394.5,395.0,381.6,386.25,389.7,5381,20.86,371,2740.0,50.92
CRISIL, 04-Aug-2026,4410.2,4423.8,4340.0,4357.2,4424.9,19668,859.99,5007,11646.0,59.21
CRIZAC, 04-Aug-2026,199.0,199.0,190.5,191.74,195.88,293223,566.88,8656,151718.0,51.74
CROMPTON, 04-Aug-2026,266.5,271.0,263.1,263.1,266.3,1865616,4991.17,22768,732882.0,39.28
CROWN, 04-Aug-2026,115.11,116.0,110.62,114.7,115.11,20811,23.78,230,15342.0,73.72
CSBBANK, 04-Aug-2026,333.4,333.4,327.95,329.9,332.8,217303,717.83,7491,112553.0,51.8
CSLFINANCE, 04-Aug-2026,223.74,223.99,215.02,216.4,219.78,5190,11.34,189,2911.0,56.09
CSM, 04-Aug-2026,104.77,104.77,99.31,100.38,104.88,173715,177.35,2311,104222.0,60.0
CSSL, 04-Aug-2026,101.0,101.0,96.6,98.65,99.25,31000,30.58,15,27000.0,87.1
CTE, 04-Aug-2026,37.73,40.5,37.65,39.82,37.65,67702,26.7,745,53123.0,78.47
CUB, 04-Aug-2026,204.0,205.0,200.74,201.47,204.65,4808855,9727.57,32419,3536485.0,73.54
CUBEINVIT, 04-Aug-2026,156.49,157.95,156.0,157.82,156.49,1108351,1739.98,13998,1016695.0,91.73
CUBEXTUB, 04-Aug-2026,79.25,79.25,77.72,78.53,79.65,18581,14.58,519,11513.0,61.96
CUDML, 04-Aug-2026,137.0,137.55,137.0,137.55,131.0,3000,4.12,3,2000.0,66.67
CUMMINSIND, 04-Aug-2026,5536.5,5595.0,5439.0,5550.0,5550.0,324047,17881.23,47098,149675.0,46.19
CUPID, 04-Aug-2026,234.1,239.99,233.35,237.99,230.95,28917322,68957.98,125433,8607755.0,29.77
CURAA, 04-Aug-2026,72.0,77.7,71.0,77.7,72.5,229,0.16,9,178.0,77.73
CURIS, 04-Aug-2026,111.0,111.0,110.0,110.0,110.1,3000,3.31,3,3000.0,100.0
CURRENT, 04-Aug-2026,101.45,101.45,101.45,101.45,103.5,1600,1.62,1,1600.0,100.0
CYIENT, 04-Aug-2026,855.0,879.45,855.0,867.6,858.55,493282,4292.43,26715,291534.0,59.1
CYIENTDLM, 04-Aug-2026,674.35,697.4,663.8,667.5,671.7,460772,3125.83,19033,178082.0,38.65
DABUR, 04-Aug-2026,420.8,420.8,405.35,409.65,425.8,6370534,26196.56,73128,3220629.0,50.56
DALBHARAT, 04-Aug-2026,1844.2,1844.2,1808.2,1827.0,1844.6,94107,1708.13,6902,56355.0,59.88
DALMIASUG, 04-Aug-2026,425.0,427.0,399.35,412.75,411.85,3674329,15232.83,56432,369435.0,10.05
DAMCAPITAL, 04-Aug-2026,153.7,156.31,151.96,153.14,153.71,289922,447.53,4550,156021.0,53.81
DANGEE, 04-Aug-2026,2.98,3.12,2.98,3.02,2.98,91662,2.79,144,59184.0,64.57
DANISH, 04-Aug-2026,819.0,834.05,808.2,810.55,820.2,11400,93.45,67,8700.0,76.32
DATAMATICS, 04-Aug-2026,826.6,847.4,823.0,840.35,824.95,67748,567.47,3588,37618.0,55.53
DATAPATTNS, 04-Aug-2026,4445.0,4625.0,4440.1,4554.7,4428.8,1293591,59178.49,98864,272417.0,21.06
DAVANGERE, 04-Aug-2026,3.18,3.21,3.06,3.08,3.18,7308966,227.96,3941,5386368.0,73.7
DBCORP, 04-Aug-2026,211.51,212.73,208.84,210.18,210.53,71224,149.91,2152,39625.0,55.63
DBL, 04-Aug-2026,449.0,473.85,449.0,467.25,444.35,1339118,6241.11,29423,458142.0,34.21
DBOL, 04-Aug-2026,104.8,112.9,103.5,108.15,102.91,396880,431.97,5172,219567.0,55.32
DCAL, 04-Aug-2026,188.41,190.44,185.85,188.24,188.05,100109,188.23,2876,51791.0,51.73
DCBBANK, 04-Aug-2026,191.85,192.3,189.61,191.8,191.09,441045,843.19,6577,236754.0,53.68
DCCL, 04-Aug-2026,49.0,49.0,48.0,48.15,50.9,6000,2.91,3,6000.0,100.0
DCG, 04-Aug-2026,54.85,55.0,53.5,53.5,54.6,9600,5.23,7,9600.0,100.0
DCI, 04-Aug-2026,339.85,347.0,332.4,340.35,337.2,67371,228.39,2631,18529.0,27.5
DCMFINSERV, 04-Aug-2026,5.28,5.34,4.98,5.26,4.94,12868,0.66,84,11704.0,90.95
DCMSHRIRAM, 04-Aug-2026,1037.8,1037.8,1020.0,1026.7,1029.8,54450,560.77,4585,22589.0,41.49
DCMSRIND, 04-Aug-2026,41.56,44.9,41.56,44.15,41.56,508003,222.61,4643,289667.0,57.02
DCW, 04-Aug-2026,46.81,47.0,46.48,46.69,46.73,359162,167.73,2203,163304.0,45.47
DCXINDIA, 04-Aug-2026,184.49,185.2,179.5,180.06,183.55,408404,743.24,6189,195132.0,47.78
DDEVPLSTIK, 04-Aug-2026,288.95,288.95,282.05,283.9,288.35,87182,248.64,2328,49601.0,56.89
DECCANCE, 04-Aug-2026,554.2,599.0,552.1,583.35,556.0,126129,728.45,4067,44881.0,35.58
DECCANTRAN, 04-Aug-2026,23.5,23.5,23.0,23.0,24.1,4800,1.12,4,2400.0,50.0
DECNGOLD, 04-Aug-2026,206.0,206.57,199.01,199.45,204.28,900326,1815.75,9996,425556.0,47.27
DEEM, 04-Aug-2026,46.1,46.4,46.1,46.4,48.5,2000,0.93,2,2000.0,100.0
DEEPAKFERT, 04-Aug-2026,1581.0,1681.0,1578.5,1599.1,1576.0,2177566,35717.84,92861,555053.0,25.49
DEEPAKNTR, 04-Aug-2026,1720.0,1753.5,1710.4,1717.7,1713.8,281164,4862.4,18834,145761.0,51.84
DEEPINDS, 04-Aug-2026,643.25,661.75,634.75,654.0,649.3,1173476,7642.3,29133,419545.0,35.75
DEFENCE, 04-Aug-2026,79.46,79.9,79.0,79.21,79.12,174018,138.01,620,122013.0,70.12
DELAPLEX, 04-Aug-2026,95.35,95.5,95.35,95.5,95.35,1800,1.72,3,1800.0,100.0
DELHIVERY, 04-Aug-2026,470.0,482.0,468.8,482.0,470.0,1756448,8302.02,35125,839560.0,47.8
DELTACORP, 04-Aug-2026,63.4,64.6,63.3,63.75,63.4,725345,463.47,3604,370725.0,51.11
DELTAMAGNT, 04-Aug-2026,58.45,58.45,57.0,57.5,57.92,4006,2.3,204,3875.0,96.73
DELTIC, 04-Aug-2026,35.3,37.1,34.6,35.2,38.15,44000,15.92,30,32000.0,72.73
DEN, 04-Aug-2026,27.87,27.87,27.24,27.42,27.72,483398,132.81,1832,146740.0,30.36
DENEERS, 04-Aug-2026,186.0,187.35,181.0,182.0,185.1,16200,29.84,26,12600.0,77.78
DENORA, 04-Aug-2026,898.3,918.9,876.5,880.05,891.05,7634,68.47,648,3907.0,51.18
DENTA, 04-Aug-2026,363.3,372.0,358.85,364.25,364.05,486359,1778.52,12282,188714.0,38.8
DENTALKART, 04-Aug-2026,389.0,390.0,378.0,380.0,390.55,9500,36.55,34,6750.0,71.05
DEVIT, 04-Aug-2026,27.01,29.2,26.4,27.47,27.12,65977,18.38,569,41872.0,63.46
DEVX, 04-Aug-2026,34.5,34.5,33.9,33.95,34.33,129708,44.15,1630,120354.0,92.79
DEVYANI, 04-Aug-2026,117.25,120.95,116.17,119.75,116.76,4920431,5877.34,35905,1944037.0,39.51
DGCONTENT, 04-Aug-2026,23.84,25.0,23.3,23.88,23.84,7403,1.81,116,6796.0,91.8
DHAMPURSUG, 04-Aug-2026,144.0,154.82,143.5,151.38,143.84,1737108,2620.53,22974,513990.0,29.59
DHANBANK, 04-Aug-2026,32.8,32.88,32.09,32.15,32.73,751760,243.97,2303,412138.0,54.82
DHANLAXMI, 04-Aug-2026,27.45,27.45,26.0,26.0,26.95,6000,1.59,3,4000.0,66.67
DHANSA, 04-Aug-2026,19.9,20.0,19.9,19.9,19.2,10000,2.0,5,10000.0,100.0
DHANUKA, 04-Aug-2026,1029.9,1029.9,990.0,1008.1,1023.3,45496,456.85,5718,16989.0,37.34
DHARARAIL, 04-Aug-2026,137.0,137.0,136.0,137.0,135.8,11000,15.05,7,11000.0,100.0
DHARIWAL, 04-Aug-2026,27.0,27.7,22.35,22.35,27.9,525000,123.74,139,483000.0,92.0
DHARMAJ, 04-Aug-2026,269.8,270.95,263.15,267.85,269.85,102204,271.18,2112,88352.0,86.45
DHTL, 04-Aug-2026,33.9,33.9,33.9,33.9,35.65,1600,0.54,2,800.0,50.0
DHUNINV, 04-Aug-2026,865.0,896.4,865.0,884.95,886.9,448,3.94,55,267.0,59.6
DIAMINESQ, 04-Aug-2026,241.0,241.41,238.51,239.82,239.73,3953,9.48,181,3094.0,78.27
DIAMONDYD, 04-Aug-2026,1169.8,1180.0,1134.1,1171.5,1163.8,18608,217.24,1550,9450.0,50.78
DICIND, 04-Aug-2026,522.0,522.0,505.15,513.35,510.1,940,4.81,47,639.0,67.98
DIFFNKG, 04-Aug-2026,408.25,431.0,408.25,423.7,406.1,378227,1601.29,10568,174822.0,46.22
DIGIDRIVE, 04-Aug-2026,17.76,18.59,17.62,18.1,17.76,13638,2.46,129,12700.0,93.12
DIGIKORE, 04-Aug-2026,41.0,45.7,39.05,41.95,41.9,193200,81.03,306,120400.0,62.32
DIGITIDE, 04-Aug-2026,99.52,100.77,97.68,98.48,100.15,228674,226.71,2154,136345.0,59.62
DIGJAMLMTD, 04-Aug-2026,48.98,49.85,47.32,48.9,48.59,18842,9.17,165,13407.0,71.15
DIRL, 04-Aug-2026,11.35,11.35,11.35,11.35,10.85,6000,0.68,1,6000.0,100.0
DISAQ, 04-Aug-2026,12340.0,12795.0,12298.0,12470.0,12332.0,647,80.13,354,356.0,55.02
DIVGIITTS, 04-Aug-2026,975.0,990.0,955.2,961.35,975.6,19891,192.82,2374,9058.0,45.54
DIVIDEND, 04-Aug-2026,36.54,36.68,36.43,36.52,36.46,18668,6.81,60,18301.0,98.03
DIVINEHIRA, 04-Aug-2026,110.0,111.5,107.0,107.0,109.0,19200,21.07,11,16800.0,87.5
DIVISLAB, 04-Aug-2026,8451.0,8460.5,8243.0,8378.0,8585.0,970329,80891.08,65812,542337.0,55.89
DIVOPPBEES, 04-Aug-2026,79.41,79.59,79.02,79.25,79.31,72181,57.3,768,47125.0,65.29
DIVYADHAN, 04-Aug-2026,55.85,55.85,55.85,55.85,54.8,18000,10.05,8,18000.0,100.0
DIXON, 04-Aug-2026,13900.0,14086.0,13812.0,13988.0,13892.0,300730,41966.11,46073,81306.0,27.04
DJML, 04-Aug-2026,113.7,114.17,110.0,110.75,112.58,83210,93.85,1447,22094.0,26.55
DLF, 04-Aug-2026,654.8,659.8,643.4,643.4,668.55,7016514,45738.36,88168,3504060.0,49.94
DLINKINDIA, 04-Aug-2026,449.85,455.0,435.0,441.3,450.8,125932,560.74,4995,68284.0,54.22
DMART, 04-Aug-2026,4023.0,4023.0,3969.7,4023.0,4015.0,448874,17949.8,23946,263482.0,58.7
DMCC, 04-Aug-2026,278.0,283.0,275.0,281.65,278.0,28633,80.23,1050,17471.0,61.02
DNAMEDIA, 04-Aug-2026,3.1,3.1,2.8,2.86,2.87,35166,1.01,112,28060.0,79.79
DODLA, 04-Aug-2026,1056.0,1059.0,1030.6,1043.7,1046.3,19663,205.58,3326,8817.0,44.84
DOLATALGO, 04-Aug-2026,67.56,68.49,67.15,67.9,67.56,71446,48.53,1322,47264.0,66.15
DOLLAR, 04-Aug-2026,268.6,275.0,264.8,271.1,267.4,130195,353.67,2724,57378.0,44.07
DOLLEX, 04-Aug-2026,30.25,30.75,30.0,30.45,30.45,60000,18.28,15,60000.0,100.0
DOLPHIN, 04-Aug-2026,405.7,411.2,397.0,402.4,405.45,14802,60.01,575,10752.0,72.64
DOMS, 04-Aug-2026,2175.0,2260.9,2175.0,2253.1,2292.0,336617,7449.96,33874,116215.0,34.52
DONEAR, 04-Aug-2026,85.49,85.49,84.06,85.24,84.44,9359,7.95,210,6766.0,72.29
DPABHUSHAN, 04-Aug-2026,1434.9,1495.0,1388.1,1486.6,1420.2,89314,1311.76,7769,33919.0,37.98
DPEL, 04-Aug-2026,553.75,556.0,532.0,547.3,548.0,108500,591.58,178,65500.0,60.37
DRAGARWQ, 04-Aug-2026,5199.5,5499.0,5017.5,5081.0,5007.0,6564,341.14,1747,2998.0,45.67
DRCSYSTEMS, 04-Aug-2026,13.57,13.68,13.0,13.57,13.57,51568,6.93,346,32112.0,62.27
DREAMFOLKS, 04-Aug-2026,68.83,74.0,67.49,70.41,67.48,272339,194.64,3839,106502.0,39.11
DREDGECORP, 04-Aug-2026,1095.7,1130.8,1094.5,1120.9,1096.5,110401,1230.12,8147,43040.0,38.99
DRONE, 04-Aug-2026,40.0,41.8,39.7,40.0,39.4,37000,14.87,56,19000.0,51.35
DRREDDY, 04-Aug-2026,1174.0,1174.0,1154.4,1172.6,1180.0,2165315,25159.84,57579,1217599.0,56.23
DSSL, 04-Aug-2026,1252.0,1254.6,1226.0,1238.6,1253.3,14794,183.93,1286,9132.0,61.73
DTIL, 04-Aug-2026,131.0,132.49,128.2,132.11,130.39,2312,3.04,87,1772.0,76.64
DUCOL, 04-Aug-2026,115.95,115.95,115.95,115.95,113.45,800,0.93,1,800.0,100.0
DUCON, 04-Aug-2026,3.09,3.09,2.86,2.91,2.98,289117,8.54,564,173373.0,59.97
DUGLOBAL, 04-Aug-2026,26.15,26.15,26.15,26.15,26.0,2500,0.65,1,2500.0,100.0
DURLAX, 04-Aug-2026,57.0,57.7,54.0,55.1,57.0,38000,21.21,13,30000.0,78.95
DVL, 04-Aug-2026,247.2,251.95,245.0,248.24,245.89,14178,35.12,293,10084.0,71.12
DWARKESH, 04-Aug-2026,38.98,41.52,38.85,41.26,39.0,2919109,1187.32,12161,946690.0,32.43
DYCL, 04-Aug-2026,401.0,405.9,396.1,398.3,402.45,303618,1215.38,8212,116266.0,38.29
DYNAMATECH, 04-Aug-2026,10779.0,10921.0,10700.0,10752.0,10763.0,8784,950.0,2869,3264.0,37.16
DYNAMIC, 04-Aug-2026,136.6,140.7,136.6,139.45,134.0,10500,14.66,19,9000.0,85.71
DYNPRO, 04-Aug-2026,270.45,271.75,261.0,265.65,264.2,9051,24.02,449,5774.0,63.79
E2E, 04-Aug-2026,552.0,570.15,551.6,570.15,543.0,2968119,16781.7,37923,1241421.0,41.83
E2ERAIL, 04-Aug-2026,275.0,280.0,271.0,275.0,279.4,12000,32.89,11,12000.0,100.0
EASEMYTRIP, 04-Aug-2026,6.58,6.65,6.53,6.59,6.6,31060463,2045.37,8696,10446498.0,33.63
EBANKNIFTY, 04-Aug-2026,58.29,58.4,57.99,58.0,58.41,2036,1.19,25,2006.0,98.53
EBBETF0430, 04-Aug-2026,1615.4,1615.4,1607.81,1611.7,1610.35,32754,527.58,488,22350.0,68.24
EBBETF0431, 04-Aug-2026,1447.81,1447.81,1434.0,1442.72,1438.99,5041,72.64,118,3102.0,61.54
EBBETF0433, 04-Aug-2026,1319.23,1322.36,1312.0,1312.8,1319.23,72241,947.92,170,71177.0,98.53
EBGNG, 04-Aug-2026,531.0,539.65,508.45,508.45,535.2,491165,2562.77,18929,315820.0,64.3
ECAPINSURE, 04-Aug-2026,23.8,23.96,23.49,23.66,23.97,178455,42.16,638,166173.0,93.12
ECLERX, 04-Aug-2026,1898.2,1945.0,1882.0,1919.2,1922.2,98270,1888.55,10323,35927.0,36.56
ECOLINE, 04-Aug-2026,194.0,194.0,188.0,188.0,194.0,20000,37.9,16,20000.0,100.0
EDELWEISS, 04-Aug-2026,116.5,118.9,115.52,117.68,116.33,2009712,2363.55,13947,1026396.0,51.07
EEPL, 04-Aug-2026,104.0,104.3,101.2,101.2,102.0,8000,8.26,8,7000.0,87.5
EFACTOR, 04-Aug-2026,175.0,178.0,175.0,178.0,172.2,4800,8.5,10,4800.0,100.0
EFCIL, 04-Aug-2026,192.25,194.39,191.0,191.15,193.96,167600,321.51,2049,130636.0,77.95
EFFWA, 04-Aug-2026,380.0,386.95,370.0,375.0,377.25,16400,61.56,39,14800.0,90.24
EFORCE, 04-Aug-2026,21.25,21.25,21.25,21.25,21.25,1200,0.26,1,1200.0,100.0
EGOLD, 04-Aug-2026,138.15,142.15,138.15,141.4,141.7,156717,221.64,180,143811.0,91.76
EICHERMOT, 04-Aug-2026,8024.0,8024.0,7867.5,7935.0,8050.0,599769,47548.34,52708,390280.0,65.07
EIDPARRY, 04-Aug-2026,784.5,807.5,781.05,803.1,780.3,430866,3428.05,19452,199721.0,46.35
EIEL, 04-Aug-2026,222.64,228.84,222.64,224.48,222.64,960834,2170.11,13599,366682.0,38.16
EIHAHOTELS, 04-Aug-2026,314.1,319.95,307.2,315.75,312.55,37637,117.84,1266,12897.0,34.27
EIHOTEL, 04-Aug-2026,330.15,332.9,326.3,327.1,330.1,60713,199.68,2984,32821.0,54.06
EIMCOELECO, 04-Aug-2026,1860.0,1921.3,1813.5,1873.8,1837.8,39008,729.19,3466,17145.0,43.95
EKC, 04-Aug-2026,110.2,111.0,108.5,109.04,109.78,90937,99.71,1845,48777.0,53.64
ELANTAS, 04-Aug-2026,9907.0,9967.0,9712.5,9873.0,9797.0,647,63.78,197,461.0,71.25
ELCIDIN, 04-Aug-2026,110000.0,112300.0,106560.0,110915.0,111750.0,30,33.2,30,13.0,43.33
ELDEHSG, 04-Aug-2026,795.0,799.0,781.4,782.2,803.5,393,3.09,41,264.0,67.18
ELECON, 04-Aug-2026,431.6,444.2,427.0,429.55,428.3,803384,3504.54,25612,388361.0,48.34
ELECTCAST, 04-Aug-2026,72.0,72.44,71.23,71.57,71.8,606606,435.22,4523,333593.0,54.99
ELECTHERM, 04-Aug-2026,1006.5,1019.0,1001.0,1010.0,1008.0,6167,62.31,533,3376.0,54.74
ELGIEQUIP, 04-Aug-2026,582.0,599.0,576.0,591.2,582.6,559904,3289.48,38535,355789.0,63.54
ELGIRUBCO, 04-Aug-2026,57.81,59.29,57.81,58.48,57.41,44701,26.18,503,34824.0,77.9
ELGNZ, 04-Aug-2026,102.0,102.0,100.05,101.0,102.0,3000,3.04,3,2000.0,66.67
ELIN, 04-Aug-2026,103.55,105.0,100.77,101.49,103.55,129389,132.75,1978,72873.0,56.32
ELIQUID, 04-Aug-2026,1042.19,1042.19,1042.17,1042.17,1042.05,86358,900.01,33,76650.0,88.76
ELITECON, 04-Aug-2026,17.19,18.9,17.16,18.89,17.19,17464828,3290.5,13801,10118626.0,57.94
ELLEN, 04-Aug-2026,276.05,284.65,273.0,282.15,273.05,358494,994.78,6025,184052.0,51.34
ELM250, 04-Aug-2026,16.98,16.98,16.8,16.84,16.9,19495,3.29,130,16625.0,85.28
ELPROINTL, 04-Aug-2026,178.5,179.8,178.0,178.9,178.37,67359,120.34,396,58805.0,87.3
EMAMILTD, 04-Aug-2026,406.0,407.95,389.55,391.8,406.0,1135991,4499.67,31362,485987.0,42.78
EMAPARTNER, 04-Aug-2026,76.3,82.95,76.3,81.15,79.0,4000,3.22,3,3000.0,75.0
EMBASSY, 04-Aug-2026,439.64,443.99,438.5,440.35,443.04,390914,1727.5,12585,336039.0,85.96
EMBDL, 04-Aug-2026,61.08,61.77,60.6,61.12,60.79,1321761,808.53,6130,561700.0,42.5
EMCURE, 04-Aug-2026,1969.7,1995.0,1960.1,1978.1,1969.7,103614,2050.26,9767,68306.0,65.92
EMETAL, 04-Aug-2026,13.0,13.47,12.96,13.06,12.94,35921,4.72,82,25745.0,71.67
EMIL, 04-Aug-2026,132.9,136.3,131.67,133.17,131.35,4992918,6656.11,35816,2883127.0,57.74
EMKAY, 04-Aug-2026,243.49,260.0,243.49,247.05,241.35,61947,156.4,2615,24661.0,39.81
EMKAYTOOLS, 04-Aug-2026,92.0,92.0,89.0,89.0,94.3,600,0.55,3,600.0,100.0
EMMIL, 04-Aug-2026,121.3,121.3,121.0,121.15,121.35,500,0.61,2,500.0,100.0
EMMVEE, 04-Aug-2026,317.9,325.65,317.0,323.5,319.55,1147121,3695.7,21070,461631.0,40.24
EMSLIMITED, 04-Aug-2026,412.25,413.95,406.05,408.6,414.35,132096,540.2,4044,54012.0,40.89
EMUDHRA, 04-Aug-2026,481.5,518.0,472.55,514.0,477.85,519341,2603.64,17202,239821.0,46.18
EMULTIMQ, 04-Aug-2026,40.85,41.65,40.85,41.55,40.96,83584,34.7,192,78673.0,94.12
ENCOMPAS, 04-Aug-2026,248.6,260.0,248.6,252.95,247.5,10800,27.46,26,7600.0,70.37
ENDURANCE, 04-Aug-2026,2764.1,2878.0,2750.2,2838.7,2787.6,239750,6826.91,24444,132048.0,55.08
ENERGY, 04-Aug-2026,39.38,39.38,38.88,38.95,38.99,175921,68.79,849,112097.0,63.72
ENERGYDEV, 04-Aug-2026,16.93,17.09,16.61,16.65,16.77,6653,1.11,125,4594.0,69.05
ENEXT50, 04-Aug-2026,74.0,74.5,73.74,74.0,74.0,1758,1.3,11,1454.0,82.71
ENFUSE, 04-Aug-2026,178.0,178.0,162.0,164.0,159.2,3600,5.98,6,3000.0,83.33
ENGINERSIN, 04-Aug-2026,227.05,228.0,223.8,224.89,226.8,1201128,2706.63,20339,613110.0,51.04
ENIFTY, 04-Aug-2026,25.4,25.4,24.23,24.27,24.79,7000,1.72,71,3829.0,54.7
ENIL, 04-Aug-2026,114.9,114.9,108.61,109.6,108.81,12492,13.73,473,6835.0,54.72
ENRIN, 04-Aug-2026,3265.0,3360.0,3265.0,3310.3,3256.0,478730,15912.44,47906,234463.0,48.98
ENSER, 04-Aug-2026,15.0,15.25,14.9,15.1,14.55,135000,20.4,22,135000.0,100.0
ENTERO, 04-Aug-2026,1231.0,1293.3,1224.1,1231.2,1233.2,197022,2485.95,17276,56891.0,28.88
ENVIRO, 04-Aug-2026,81.95,81.95,69.0,75.8,81.85,99000,73.91,67,63000.0,63.64
EPACK, 04-Aug-2026,230.9,233.75,228.03,231.13,229.94,383603,888.02,5337,134468.0,35.05
EPACKPEB, 04-Aug-2026,244.05,272.6,242.4,260.35,243.95,18645922,49301.61,213896,1294743.0,6.94
EPIGRAL, 04-Aug-2026,1126.3,1134.3,1094.6,1100.7,1120.7,40192,448.41,2841,27701.0,68.92
EPL, 04-Aug-2026,226.6,229.59,225.58,227.71,226.7,168289,383.66,6253,92335.0,54.87
EPWINDIA, 04-Aug-2026,237.0,237.0,235.0,235.0,243.3,2400,5.66,2,2400.0,100.0
EQUAL200, 04-Aug-2026,14.43,14.43,14.0,14.02,14.08,15940,2.24,73,6439.0,40.4
EQUAL50, 04-Aug-2026,342.88,342.88,339.31,339.49,341.18,1614,5.49,31,1493.0,92.5
EQUAL50ADD, 04-Aug-2026,352.05,352.83,346.5,349.78,351.94,15265,53.66,300,11839.0,77.56
EQUITASBNK, 04-Aug-2026,76.0,76.8,75.35,76.38,76.26,1695743,1288.76,12172,911823.0,53.77
ERIS, 04-Aug-2026,1383.2,1388.7,1363.4,1373.0,1383.2,92040,1262.57,11864,65070.0,70.7
ESABINDIA, 04-Aug-2026,5619.5,5680.0,5585.0,5637.5,5614.5,2000,112.67,1005,1102.0,55.1
ESAFSFB, 04-Aug-2026,40.92,43.5,40.77,41.98,40.92,8115114,3425.98,27125,1878178.0,23.14
ESCONET, 04-Aug-2026,136.95,136.95,124.95,129.1,134.0,24800,31.82,56,18000.0,72.58
ESCORTS, 04-Aug-2026,3149.4,3173.1,3078.5,3101.2,3135.5,127346,3989.36,14246,54505.0,42.8
ESENSEX, 04-Aug-2026,78.7,79.7,77.38,78.85,79.37,1777,1.39,25,1505.0,84.69
ESFL, 04-Aug-2026,118.0,118.1,113.9,114.3,119.85,23040,26.51,57,15480.0,67.19
ESG, 04-Aug-2026,42.5,42.57,42.16,42.17,42.47,35127,14.83,136,30061.0,85.58
ESILVER, 04-Aug-2026,216.05,217.23,215.55,216.09,216.05,27975,60.55,893,9083.0,32.47
ESPRIT, 04-Aug-2026,66.0,68.5,65.7,66.75,67.2,41600,27.83,18,33600.0,80.77
ESSARSHPNG, 04-Aug-2026,20.57,21.34,20.0,20.04,20.57,374894,75.75,1131,248300.0,66.23
ESTER, 04-Aug-2026,86.75,89.05,86.55,87.2,86.67,63463,55.71,1404,45346.0,71.45
ETERNAL, 04-Aug-2026,311.0,312.7,309.0,312.4,310.5,16096034,50054.76,96610,8621924.0,53.57
ETHOSLTD, 04-Aug-2026,2960.0,3073.3,2813.5,2853.2,2962.7,467423,13742.12,54061,87113.0,18.64
ETL, 04-Aug-2026,1006.15,1006.15,980.0,980.0,1005.0,300,2.98,2,300.0,100.0
ETML, 04-Aug-2026,80.1,82.8,80.0,80.85,84.5,13200,10.72,11,9600.0,72.73
EUREKAFORB, 04-Aug-2026,455.0,475.95,452.75,464.0,453.65,252130,1173.78,11582,105229.0,41.74
EUROBOND, 04-Aug-2026,162.92,168.76,161.41,163.9,161.15,19361,32.1,351,13889.0,71.74
EUROPRATIK, 04-Aug-2026,305.35,323.0,300.55,317.8,301.7,234795,732.5,4085,115651.0,49.26
EVEREADY, 04-Aug-2026,353.0,356.0,349.2,354.2,355.65,113896,401.89,2975,67737.0,59.47
EVIETF, 04-Aug-2026,33.33,33.4,33.17,33.31,33.17,419080,139.59,690,222168.0,53.01
EVINDIA, 04-Aug-2026,34.11,34.11,33.18,33.33,33.12,818605,272.52,2030,694871.0,84.88
EXCELINDUS, 04-Aug-2026,1002.0,1060.0,1002.0,1050.6,1021.7,20096,208.74,1295,12844.0,63.91
EXCELLENT, 04-Aug-2026,200.0,205.0,200.0,205.0,209.25,3200,6.48,2,3200.0,100.0
EXCELSOFT, 04-Aug-2026,85.0,85.42,81.0,81.72,82.99,552465,457.75,6327,202933.0,36.73
EXICOM, 04-Aug-2026,165.0,168.96,163.0,165.87,163.95,965207,1606.55,10476,371012.0,38.44
EXIDEIND, 04-Aug-2026,449.15,460.95,441.6,458.35,444.7,5887710,26587.32,90498,2957236.0,50.23
EXIMROUTES, 04-Aug-2026,109.55,117.0,109.55,115.0,109.55,2400,2.73,3,1600.0,66.67
EXPLEOSOL, 04-Aug-2026,805.15,818.4,801.05,813.95,805.15,40075,323.89,1477,19210.0,47.94
EXXARO, 04-Aug-2026,6.25,6.25,6.12,6.18,6.11,197016,12.16,435,152874.0,77.59
FABTECH, 04-Aug-2026,150.88,153.0,149.65,151.55,149.77,89932,136.38,1611,36927.0,41.06
FACT, 04-Aug-2026,835.65,849.4,835.6,842.3,843.25,71656,605.06,5434,25991.0,36.27
FALCONTECH, 04-Aug-2026,11.65,11.65,11.65,11.65,11.65,1200,0.14,1,1200.0,100.0
FAZE3Q, 04-Aug-2026,549.9,549.9,539.1,540.95,551.25,18626,101.24,768,13980.0,75.06
FCL, 04-Aug-2026,39.5,39.79,38.25,38.44,39.27,4118653,1594.58,9951,1829305.0,44.42
FCSSOFT, 04-Aug-2026,1.5,1.5,1.48,1.48,1.49,908142,13.54,870,607777.0,66.93
FDC, 04-Aug-2026,404.65,407.1,399.7,402.65,404.65,83458,336.62,3318,45215.0,54.18
FEDDERSHOL, 04-Aug-2026,42.03,42.64,41.5,41.75,42.4,272290,114.45,1683,113837.0,41.81
FEDERALBNK, 04-Aug-2026,364.55,364.55,357.1,362.45,371.7,5569382,20020.94,64034,2598191.0,46.65
FEDFINA, 04-Aug-2026,151.0,151.36,148.5,149.29,150.37,1061284,1586.53,16814,593711.0,55.94
FELIX, 04-Aug-2026,182.55,186.0,181.0,181.75,185.65,25000,45.91,38,11000.0,44.0
FERMENTA, 04-Aug-2026,516.65,551.0,515.0,547.05,511.7,442994,2381.99,18746,165591.0,37.38
FIBERWEB, 04-Aug-2026,29.89,29.89,28.83,29.05,29.28,10954,3.19,89,8262.0,75.42
FIDEL, 04-Aug-2026,139.05,139.5,139.0,139.0,140.5,8000,11.13,7,6000.0,75.0
FIEMIND, 04-Aug-2026,2344.1,2345.0,2309.0,2324.5,2338.4,42264,980.55,9549,23543.0,55.7
FILATEX, 04-Aug-2026,77.6,79.0,76.2,77.92,76.7,5586071,4332.72,24451,1972420.0,35.31
FINBUD, 04-Aug-2026,142.55,149.9,142.0,143.6,145.4,32000,46.79,32,24000.0,75.0
FINCABLES, 04-Aug-2026,999.0,1005.9,989.15,993.25,998.05,183648,1835.4,17700,100783.0,54.88
FINEORG, 04-Aug-2026,4933.7,4950.0,4869.1,4929.5,4933.7,5680,279.73,2407,2928.0,51.55
FINIETF, 04-Aug-2026,33.74,33.96,33.5,33.69,33.8,376788,127.25,1350,217526.0,57.73
FINKURVE, 04-Aug-2026,59.75,61.0,58.79,60.01,59.72,75636,44.81,584,63692.0,84.21
FINOPB, 04-Aug-2026,163.06,163.75,159.36,161.03,162.25,324513,521.8,3551,125123.0,38.56
FINPIPE, 04-Aug-2026,166.0,167.2,164.51,165.43,165.79,418419,693.48,13074,221767.0,53.0
FIRSTCRY, 04-Aug-2026,215.4,215.98,213.2,214.73,214.61,407647,874.87,7671,214388.0,52.59
FISCHER, 04-Aug-2026,39.15,39.15,37.6,37.89,38.67,1812494,697.01,2291,125826.0,6.94
FIVESTAR, 04-Aug-2026,551.4,556.5,540.95,544.75,551.4,277951,1526.29,9680,139464.0,50.18
FLAIR, 04-Aug-2026,250.0,253.4,249.05,249.95,252.0,72808,182.55,2340,45718.0,62.79
FLEXIADD, 04-Aug-2026,10.4,10.4,10.27,10.28,10.3,146316,15.1,256,78816.0,53.87
FLUOROCHEM, 04-Aug-2026,4440.1,4631.0,4440.0,4612.8,4483.5,128125,5872.49,13790,74226.0,57.93
FLYSBS, 04-Aug-2026,461.0,467.95,447.05,449.15,460.55,41600,190.37,120,28800.0,69.23
FMCGADD, 04-Aug-2026,49.86,49.97,49.3,49.45,50.0,12652,6.27,65,6177.0,48.82
FMCGIETF, 04-Aug-2026,54.35,54.35,52.65,53.25,53.03,1024195,544.15,3328,653208.0,63.78
FMGOETZE, 04-Aug-2026,474.45,480.45,469.5,470.35,474.45,34081,161.72,1513,22026.0,64.63
FOCE, 04-Aug-2026,490.0,525.0,490.0,525.0,513.6,10320,54.01,5,10320.0,100.0
FONEBOX, 04-Aug-2026,90.3,90.3,90.3,90.3,90.3,1000,0.9,1,1000.0,100.0
FOODSIN, 04-Aug-2026,54.91,55.19,53.8,53.9,54.33,41362,22.53,474,24145.0,58.37
FORCAS, 04-Aug-2026,204.0,204.0,192.5,193.75,201.15,9600,18.89,6,9600.0,100.0
FORCEMOT, 04-Aug-2026,18489.0,18489.0,18112.0,18378.0,18494.0,75092,13760.22,17851,16795.0,22.37
FORGEAUTO, 04-Aug-2026,100.4,100.4,100.4,100.4,95.65,12000,12.05,5,12000.0,100.0
FORTIS, 04-Aug-2026,940.05,942.0,924.05,932.8,940.0,1509985,14073.56,37123,853065.0,56.49
FOSECOIND, 04-Aug-2026,5349.5,5544.5,5203.5,5263.0,5204.5,16972,901.66,3437,6747.0,39.75
FRACTAL, 04-Aug-2026,803.2,805.9,788.3,797.8,803.45,188567,1500.82,14219,89842.0,47.64
FRESHARA, 04-Aug-2026,370.0,372.45,365.05,371.25,354.75,61800,229.34,77,57000.0,92.23
FROG, 04-Aug-2026,204.9,204.9,204.8,204.9,200.9,14000,28.69,22,14000.0,100.0
FRONTSP, 04-Aug-2026,1380.9,1391.5,1366.4,1373.4,1381.4,9121,125.69,1234,6183.0,67.79
FSL, 04-Aug-2026,324.35,333.75,318.65,330.7,324.35,3491149,11466.5,42201,1005333.0,28.8
FUSION, 04-Aug-2026,211.8,215.0,205.0,208.93,210.78,725198,1517.89,15356,202313.0,27.9
FWSTC, 04-Aug-2026,195.0,195.0,195.0,195.0,188.5,600,1.17,1,600.0,100.0
GABRIEL, 04-Aug-2026,1527.0,1584.8,1501.0,1530.8,1527.4,754485,11740.99,44546,206644.0,27.39
GAEL, 04-Aug-2026,180.42,184.03,174.0,176.21,180.68,2216383,3988.85,29542,1080723.0,48.76
GAIL, 04-Aug-2026,174.25,177.22,173.16,175.0,174.3,18131149,31829.77,69471,9851210.0,54.33
GAJANAND, 04-Aug-2026,7.65,8.6,7.65,8.25,8.15,9000,0.74,3,6000.0,66.67
GALAPREC, 04-Aug-2026,1090.0,1113.0,1081.0,1102.7,1090.5,19808,217.19,2321,10902.0,55.04
GALAXYSURF, 04-Aug-2026,1988.0,2019.1,1940.0,1980.6,1988.8,10455,207.54,1788,6006.0,57.45
GALLANTT, 04-Aug-2026,630.0,641.8,617.5,629.2,627.6,171014,1074.91,6611,68338.0,39.96
GANDHAR, 04-Aug-2026,233.48,239.5,230.0,236.1,231.64,2789863,6549.92,26381,654174.0,23.45
GANDHITUBE, 04-Aug-2026,888.0,914.4,880.95,900.3,881.2,24369,218.07,1438,17014.0,69.82
GANECOS, 04-Aug-2026,1195.0,1207.6,1110.1,1126.8,1156.6,336899,3853.24,23509,119151.0,35.37
GANESHCP, 04-Aug-2026,177.82,180.0,174.0,175.62,177.8,64425,113.86,1577,29866.0,46.36
GANESHHOU, 04-Aug-2026,788.0,791.0,773.0,778.5,778.15,14655,114.6,1618,8536.0,58.25
GANESHIN, 04-Aug-2026,108.9,108.9,106.05,108.9,103.75,289600,315.03,198,276800.0,95.58
GANGABATH, 04-Aug-2026,22.95,22.95,21.5,21.8,22.7,18000,3.98,6,9000.0,50.0
GANGESSECU, 04-Aug-2026,120.0,121.5,116.2,119.3,120.0,1734,2.08,50,988.0,56.98
GARFIBRES, 04-Aug-2026,761.0,778.5,757.05,774.6,761.6,56006,433.14,6649,32095.0,57.31
GARUDA, 04-Aug-2026,172.22,180.0,172.0,173.39,172.5,510846,900.58,6666,181420.0,35.51
GATECH, 04-Aug-2026,0.76,0.77,0.68,0.68,0.75,18451265,129.64,2921,12642832.0,68.52
GATEWAY, 04-Aug-2026,58.14,60.06,58.14,59.7,58.14,2092961,1241.22,12128,1133263.0,54.15
GAYAHWS, 04-Aug-2026,2.09,2.09,1.93,1.99,2.0,175761,3.51,340,133954.0,76.21
GCHOTELS, 04-Aug-2026,105.2,107.75,104.05,104.05,109.5,74400,78.14,89,65400.0,87.9
GCSL, 04-Aug-2026,508.7,519.5,490.0,508.15,508.75,643337,3246.37,6787,270565.0,42.06
GEEKAYWIRE, 04-Aug-2026,23.49,24.5,22.55,23.08,23.21,178027,41.95,1774,50070.0,28.12
GEMAROMA, 04-Aug-2026,198.78,198.78,186.0,187.71,196.21,78679,151.36,1558,51455.0,65.4
GENCON, 04-Aug-2026,39.62,40.15,39.11,39.33,39.62,233935,93.39,625,7821.0,3.34
GENESYS, 04-Aug-2026,313.0,320.15,297.4,316.65,298.75,1811595,5628.26,36723,498490.0,27.52
GENUSPAPER, 04-Aug-2026,12.5,12.85,12.34,12.5,12.47,93774,11.8,210,60841.0,64.88
GENUSPOWER, 04-Aug-2026,317.9,319.5,315.05,316.05,316.0,747802,2368.61,10634,354943.0,47.46
GENXAI, 04-Aug-2026,82.0,85.9,82.0,82.6,81.5,58800,49.13,45,36000.0,61.22
GEOJITFSL, 04-Aug-2026,77.4,79.8,76.76,78.17,77.52,254561,197.94,2963,153208.0,60.19
GESHIP, 04-Aug-2026,1590.3,1598.9,1428.0,1434.9,1398.4,8556675,126121.29,310180,1976069.0,23.09
GFLLIMITED, 04-Aug-2026,48.89,48.89,47.0,48.37,48.26,53552,25.76,1031,33820.0,63.15
GGBL, 04-Aug-2026,259.3,261.75,255.3,257.75,259.2,23100,59.58,65,16500.0,71.43
GHCL, 04-Aug-2026,448.65,448.65,441.2,445.1,444.1,91777,409.03,3266,52921.0,57.66
GHCLTEXTIL, 04-Aug-2026,115.59,117.35,113.9,114.24,114.36,990699,1142.63,9595,510640.0,51.54
GICHSGFIN, 04-Aug-2026,148.31,150.89,148.02,148.66,148.1,27972,41.64,573,17236.0,61.62
GICL, 04-Aug-2026,18.07,18.29,18.0,18.26,17.83,82626,15.05,130,50383.0,60.98
GICRE, 04-Aug-2026,360.0,362.0,358.5,359.7,358.05,671392,2417.57,21526,454901.0,67.75
GILLANDERS, 04-Aug-2026,87.8,90.58,87.1,88.35,88.66,3638,3.23,60,3084.0,84.77
GILLETTE, 04-Aug-2026,7760.0,7760.0,7630.0,7662.0,7719.0,11732,899.98,3746,6869.0,58.55
GILT10BETA, 04-Aug-2026,26.84,26.84,26.31,26.35,26.53,1070,0.28,17,998.0,93.27
GILT5BETA, 04-Aug-2026,66.0,66.99,65.71,65.71,66.03,1316,0.87,11,1120.0,85.11
GILT5YBEES, 04-Aug-2026,66.2,66.35,66.01,66.13,66.18,241382,159.76,538,169761.0,70.33
GIPCL, 04-Aug-2026,162.15,163.8,161.05,162.23,161.48,217539,354.28,2764,122916.0,56.5
GIRIRAJ, 04-Aug-2026,63.6,66.7,60.45,60.45,63.6,19000,11.95,51,12500.0,65.79
GJL, 04-Aug-2026,170.0,172.0,170.0,172.0,170.0,4000,6.85,5,4000.0,100.0
GKENERGY, 04-Aug-2026,131.79,131.81,129.69,130.08,131.17,212816,278.0,2744,102479.0,48.15
GKSL, 04-Aug-2026,128.0,131.0,126.76,130.55,127.74,290909,376.03,3483,134010.0,46.07
GKWLIMITED, 04-Aug-2026,1701.0,1701.0,1626.0,1649.9,1660.2,327,5.41,56,271.0,82.87
GLAND, 04-Aug-2026,2579.2,2634.3,2561.1,2583.1,2579.2,765513,19957.77,55429,455683.0,59.53
GLAXO, 04-Aug-2026,2680.2,2684.0,2601.3,2647.0,2662.3,99739,2633.94,13419,50034.0,50.16
GLENMARK, 04-Aug-2026,2238.0,2244.0,2200.0,2225.0,2230.0,444946,9885.14,28477,224203.0,50.39
GLOBAL, 04-Aug-2026,101.0,104.0,101.0,102.83,101.36,24722,25.5,253,18629.0,75.35
GLOBALVECT, 04-Aug-2026,163.5,167.99,160.15,163.24,165.1,14618,23.96,757,7408.0,50.68
GLOBE, 04-Aug-2026,2.13,2.15,2.04,2.07,2.1,288912,6.0,283,244625.0,84.67
GLOBECIVIL, 04-Aug-2026,39.93,40.9,39.5,40.64,39.93,20211,8.14,234,14751.0,72.99
GLOBUSSPR, 04-Aug-2026,904.1,910.0,888.0,890.95,900.85,41160,370.51,3168,20562.0,49.96
GLOSTERLTD, 04-Aug-2026,670.05,677.0,668.5,672.3,668.6,2277,15.33,133,2073.0,91.04
GMBREW, 04-Aug-2026,895.05,905.0,895.05,900.75,896.2,16288,146.55,1160,9196.0,56.46
GMDCLTD, 04-Aug-2026,561.25,575.0,554.0,556.0,561.0,1507304,8492.0,31341,504443.0,33.47
GMMPFAUDLR, 04-Aug-2026,857.0,857.45,841.0,847.7,858.45,52303,443.88,4666,31944.0,61.07
GMRAIRPORT, 04-Aug-2026,105.55,106.89,105.03,106.56,105.55,6839743,7271.18,46019,3524715.0,51.53
GMRP&UI, 04-Aug-2026,97.28,98.0,96.9,97.21,97.18,421944,410.61,3509,219224.0,51.96
GNA, 04-Aug-2026,538.4,563.45,505.0,515.8,537.2,999691,5318.83,26350,380725.0,38.08
GNFC, 04-Aug-2026,518.05,526.0,516.15,519.75,516.1,419043,2186.38,15602,217336.0,51.86
GNRL, 04-Aug-2026,93.6,95.78,93.4,95.09,93.23,44813,42.3,870,21443.0,47.85
GOACARBON, 04-Aug-2026,385.0,389.0,379.0,383.9,382.7,9651,37.04,706,3392.0,35.15
GOCLCORP, 04-Aug-2026,417.45,419.5,408.0,411.65,416.15,43149,177.97,2135,24524.0,56.84
GOCOLORS, 04-Aug-2026,325.0,325.5,318.2,320.05,323.8,172882,556.65,4470,79798.0,46.16
GODAVARIB, 04-Aug-2026,260.1,263.35,260.1,261.75,260.65,52896,138.41,1481,30522.0,57.7
GODFRYPHLP, 04-Aug-2026,2250.1,2410.0,2250.1,2336.9,2247.0,2227258,52208.73,109520,466726.0,20.96
GODIGIT, 04-Aug-2026,264.0,264.45,259.05,263.3,262.75,264738,695.22,8387,131838.0,49.8
GODREJAGRO, 04-Aug-2026,562.1,568.0,561.2,563.25,565.05,61517,347.13,4116,38746.0,62.98
GODREJCP, 04-Aug-2026,1080.0,1080.1,1057.6,1058.2,1085.9,644342,6875.57,25290,333603.0,51.77
GODREJIND, 04-Aug-2026,1337.5,1344.5,1302.2,1308.8,1337.1,56912,753.7,8321,27933.0,49.08
GODREJPROP, 04-Aug-2026,2088.0,2088.0,1990.0,2033.6,2089.7,1202012,24516.39,63365,256496.0,21.34
GOKEX, 04-Aug-2026,800.5,801.45,776.1,796.75,816.8,587691,4662.23,30685,276152.0,46.99
GOKUL, 04-Aug-2026,39.02,39.89,39.0,39.26,39.43,145431,57.32,708,27655.0,19.02
GOKULAGRO, 04-Aug-2026,231.5,242.16,229.47,231.12,231.58,878991,2080.06,15654,278034.0,31.63
GOLD1, 04-Aug-2026,118.3,118.98,117.63,118.28,118.39,690480,817.06,5684,380002.0,55.03
GOLD360, 04-Aug-2026,138.5,139.25,138.0,138.3,138.5,11311,15.67,207,6263.0,55.37
GOLDADD, 04-Aug-2026,137.47,138.15,137.33,137.65,137.82,1892026,2607.46,10018,1559940.0,82.45
GOLDAXIS, 04-Aug-2026,119.41,119.41,117.83,118.14,118.23,748389,883.93,2590,499009.0,66.68
GOLDBEES, 04-Aug-2026,117.26,117.48,116.54,117.15,117.26,11644048,13647.93,62727,5840223.0,50.16
GOLDBETA, 04-Aug-2026,119.15,119.6,118.75,119.3,119.3,427678,510.13,1557,342665.0,80.12
GOLDBND, 04-Aug-2026,141.95,143.61,140.81,141.87,141.95,4880,6.91,130,2815.0,57.68
GOLDCASE, 04-Aug-2026,22.46,22.46,21.86,22.29,22.31,7340388,1637.39,9774,4004650.0,54.56
GOLDETF, 04-Aug-2026,137.91,138.2,137.58,137.76,137.9,570557,786.32,10553,381943.0,66.94
GOLDIAM, 04-Aug-2026,363.05,368.0,355.65,361.1,362.95,509486,1836.01,10506,197239.0,38.71
GOLDIETF, 04-Aug-2026,121.99,121.99,121.22,121.34,121.44,3336194,4052.61,23850,2488532.0,74.59
GOLDKART, 04-Aug-2026,104.0,104.0,94.4,100.0,99.35,5625,5.51,6,5625.0,100.0
GOLDSTAR, 04-Aug-2026,6.75,6.75,6.75,6.75,6.9,22500,1.52,2,22500.0,100.0
GOODLUCK, 04-Aug-2026,1507.2,1517.9,1498.0,1502.3,1507.2,42163,635.52,3934,26907.0,63.82
GOODYEAR, 04-Aug-2026,865.0,876.0,860.0,871.35,857.15,78651,681.27,2869,49980.0,63.55
GOPAL, 04-Aug-2026,279.0,279.0,275.85,277.2,278.9,140381,389.13,7106,55263.0,39.37
GOYALALUM, 04-Aug-2026,6.64,6.64,6.4,6.46,6.58,81439,5.29,392,60794.0,74.65
GOYALSALT, 04-Aug-2026,113.0,114.0,113.0,114.0,115.0,3600,4.07,4,3600.0,100.0
GPECO, 04-Aug-2026,422.55,423.0,415.7,420.35,422.55,8400,35.3,39,7800.0,92.86
GPIL, 04-Aug-2026,243.96,247.5,242.56,244.71,244.37,562383,1380.38,11929,259949.0,46.22
GPPL, 04-Aug-2026,152.0,152.95,151.6,151.8,151.37,795946,1211.43,9638,462369.0,58.09
GPTHEALTH, 04-Aug-2026,170.0,172.35,161.0,162.16,163.94,709567,1187.59,12254,214457.0,30.22
GPTINFRA, 04-Aug-2026,114.99,114.99,110.0,112.83,114.02,384166,428.72,5436,197720.0,51.47
GRANDOAK, 04-Aug-2026,38.4,38.41,37.11,38.41,36.59,11351,4.35,72,8507.0,74.94
GRANULES, 04-Aug-2026,839.7,841.1,822.0,825.7,843.2,827852,6879.17,42657,525607.0,63.49
GRAPHISAD, 04-Aug-2026,29.0,29.9,29.0,29.9,28.5,14400,4.27,9,14400.0,100.0
GRAPHITE, 04-Aug-2026,662.0,718.0,657.1,710.05,657.95,7526768,52287.06,144542,1665489.0,22.13
GRASIM, 04-Aug-2026,3219.0,3219.1,3115.0,3138.0,3260.0,770936,24228.35,42430,353698.0,45.88
GRAUWEIL, 04-Aug-2026,79.0,79.0,71.0,71.75,78.76,1283857,951.81,11279,463515.0,36.1
GRAVISSHO, 04-Aug-2026,30.99,30.99,29.4,29.4,30.99,686,0.2,17,485.0,70.7
GRAVITA, 04-Aug-2026,1674.8,1684.0,1630.2,1658.6,1663.9,214880,3557.54,20182,101350.0,47.17
GRCL, 04-Aug-2026,545.05,560.0,540.05,554.95,566.0,2000,11.0,8,1500.0,75.0
GREAVESCOT, 04-Aug-2026,233.0,236.9,197.5,200.0,232.67,13042294,27218.67,135557,4468700.0,34.26
GREENCHEF, 04-Aug-2026,54.6,54.6,53.0,53.6,52.0,7200,3.88,8,7200.0,100.0
GREENLAM, 04-Aug-2026,252.95,253.3,245.3,247.7,251.7,45506,113.52,1134,32962.0,72.43
GREENLEAF, 04-Aug-2026,108.25,108.25,107.0,107.0,111.6,7000,7.55,7,7000.0,100.0
GREENPANEL, 04-Aug-2026,195.94,201.0,195.94,199.83,196.72,105552,210.31,3734,68888.0,65.26
GREENPLY, 04-Aug-2026,285.25,292.4,285.25,287.65,287.4,98941,285.75,2721,62594.0,63.26
GREENPOWER, 04-Aug-2026,10.07,10.12,9.98,10.0,10.08,1223999,122.93,2582,673889.0,55.06
GRETEX, 04-Aug-2026,275.0,275.0,275.0,275.0,285.1,20250,55.69,27,20250.0,100.0
GRINDWELL, 04-Aug-2026,2077.0,2146.9,2065.8,2094.5,2087.8,20860,440.55,5457,9795.0,46.96
GRINFRA, 04-Aug-2026,903.4,921.9,895.0,905.8,907.0,18389,166.91,2017,11404.0,62.02
GRMOVER, 04-Aug-2026,95.9,95.9,91.5,91.78,94.88,1053722,976.4,7207,463772.0,44.01
GROBTEA, 04-Aug-2026,905.3,905.3,902.35,903.2,918.05,3,0.03,3,2.0,66.67
GROWW, 04-Aug-2026,193.0,196.99,191.01,191.33,192.6,28769660,55924.92,156526,14212901.0,49.4
GROWWCAPM, 04-Aug-2026,11.31,11.31,11.03,11.14,11.12,335632,37.5,799,219933.0,65.53
GROWWCHEM, 04-Aug-2026,30.84,30.84,29.75,30.02,30.45,93300,28.4,269,77795.0,83.38
GROWWDEFNC, 04-Aug-2026,94.98,94.98,92.03,93.77,94.22,181092,170.55,2471,98733.0,54.52
GROWWEV, 04-Aug-2026,33.48,33.48,33.04,33.11,33.15,499835,165.94,2323,227099.0,45.43
GROWWGOLD, 04-Aug-2026,13.85,13.92,13.81,13.85,13.85,561520,77.83,2176,279009.0,49.69
GROWWHOSPI, 04-Aug-2026,54.53,54.53,53.61,53.81,54.08,272891,146.87,1060,203195.0,74.46
GROWWLIQID, 04-Aug-2026,110.2,110.2,110.19,110.19,110.18,157615,173.68,233,116421.0,73.86
GROWWLOVOL, 04-Aug-2026,10.7,10.94,10.6,10.66,10.7,10308,1.1,122,6648.0,64.49
GROWWMC150, 04-Aug-2026,232.82,236.15,229.0,234.05,232.82,780,1.83,39,485.0,62.18
GROWWMETAL, 04-Aug-2026,12.3,12.43,12.21,12.34,12.24,488129,60.34,1268,313481.0,64.22
GROWWMOM50, 04-Aug-2026,11.5,11.5,10.7,10.78,10.75,388090,41.97,438,368298.0,94.9
GROWWN200, 04-Aug-2026,11.84,11.84,11.5,11.53,11.56,77572,8.95,261,60838.0,78.43
GROWWNET, 04-Aug-2026,10.31,10.4,10.11,10.2,10.31,406799,41.83,1617,343666.0,84.48
GROWWNIFTY, 04-Aug-2026,10.13,10.13,9.69,9.9,9.89,704864,70.01,7278,484009.0,68.67
GROWWNXT50, 04-Aug-2026,74.41,76.67,74.35,75.71,76.32,28384,21.26,255,21217.0,74.75
GROWWPOWER, 04-Aug-2026,11.63,11.72,11.55,11.65,11.62,1564621,182.43,2279,1003717.0,64.15
GROWWPSE, 04-Aug-2026,100.44,100.44,99.74,99.82,100.17,2691,2.69,42,2537.0,94.28
GROWWPSUBK, 04-Aug-2026,85.68,85.68,84.56,84.94,84.8,1010,0.86,45,963.0,95.35
GROWWRAIL, 04-Aug-2026,29.78,29.97,29.39,29.53,29.78,751870,221.89,3216,523666.0,69.65
GROWWRLTY, 04-Aug-2026,10.29,10.29,9.97,10.0,10.09,204446,20.55,591,143587.0,70.23
GROWWSC250, 04-Aug-2026,10.77,10.77,10.51,10.54,10.51,161081,16.99,452,159586.0,99.07
GROWWSLVR, 04-Aug-2026,21.25,21.32,21.21,21.23,21.15,1209934,257.12,1487,864975.0,71.49
GRPLTD, 04-Aug-2026,1971.5,2057.9,1971.5,1988.3,2028.7,827,16.59,244,564.0,68.2
GRSE, 04-Aug-2026,2582.0,2589.7,2544.0,2546.9,2582.7,465645,11926.21,30936,209325.0,44.95
GRWRHITECH, 04-Aug-2026,7205.0,7366.5,7190.0,7326.0,7182.0,72786,5312.64,10654,33769.0,46.39
GSEC10IETF, 04-Aug-2026,265.44,265.44,264.5,264.5,264.77,4626,12.24,2,4626.0,100.0
GSEC10YEAR, 04-Aug-2026,30.34,30.55,30.24,30.25,30.15,888,0.27,12,688.0,77.48
GSEC5IETF, 04-Aug-2026,66.67,66.67,65.96,66.5,66.02,869,0.58,31,744.0,85.62
GSFC, 04-Aug-2026,160.99,161.7,159.5,160.68,160.81,324505,521.64,4943,158963.0,48.99
GSLSU, 04-Aug-2026,28.43,28.48,27.51,28.04,27.69,43105,12.09,370,33890.0,78.62
GSMFOILS, 04-Aug-2026,155.15,155.15,155.15,155.15,172.35,22500,34.91,38,22500.0,100.0
GSPCROP, 04-Aug-2026,585.0,603.0,580.25,592.3,587.85,288114,1702.63,6716,76930.0,26.7
GSS, 04-Aug-2026,14.02,14.88,13.38,14.24,13.79,291049,41.43,628,206141.0,70.83
GSTL, 04-Aug-2026,16.1,16.1,15.6,15.6,16.35,7000,1.1,7,6000.0,85.71
GTL, 04-Aug-2026,7.58,7.58,7.3,7.39,7.44,111060,8.25,495,83138.0,74.86
GTLINFRA, 04-Aug-2026,1.32,1.33,1.28,1.28,1.31,44825603,582.93,12008,20211156.0,45.09
GTPL, 04-Aug-2026,60.78,60.89,59.8,60.52,59.95,18079,10.9,215,11824.0,65.4
GUFICBIO, 04-Aug-2026,393.4,401.45,390.05,397.05,390.5,58483,231.15,2250,36374.0,62.2
GUJALKALI, 04-Aug-2026,694.1,696.05,678.7,683.5,697.25,87584,600.5,4891,39541.0,45.15
GUJAPOLLO, 04-Aug-2026,363.75,372.0,356.55,366.45,364.0,5199,18.92,429,3414.0,65.67
GUJENERGY, 04-Aug-2026,277.75,280.55,276.35,278.85,277.55,427627,1192.59,30448,249661.0,58.38
GUJRAFFIA, 04-Aug-2026,39.02,39.99,38.01,38.99,39.59,3411,1.33,47,2118.0,62.09
GUJTHEM, 04-Aug-2026,351.05,356.0,351.05,353.7,356.6,62254,219.83,919,53600.0,86.1
GULFOILLUB, 04-Aug-2026,1141.7,1211.9,1135.8,1160.3,1115.1,887256,10318.97,59418,258614.0,29.15
GULPOLY, 04-Aug-2026,197.6,203.7,197.6,199.9,198.5,187176,375.31,3689,110881.0,59.24
GVPIL, 04-Aug-2026,769.0,785.0,740.1,758.65,758.0,245338,1866.42,11852,113810.0,46.39
GVPTECH, 04-Aug-2026,7.1,7.2,6.97,6.98,7.06,51357,3.63,245,37784.0,73.57
GVT&D, 04-Aug-2026,4370.0,4420.0,4325.0,4333.2,4370.0,758352,33190.06,74727,421906.0,55.63
GYFTR, 04-Aug-2026,165.91,165.91,157.0,159.46,161.69,32430,52.44,458,4871.0,15.02
HAL, 04-Aug-2026,4680.0,4718.0,4626.0,4635.0,4690.0,686746,32058.37,40847,328243.0,47.8
HALDER, 04-Aug-2026,255.18,258.0,250.59,254.51,255.0,26896,68.96,158,4591.0,17.07
HALEOSLABS, 04-Aug-2026,1619.5,1619.5,1522.1,1539.6,1589.0,159,2.46,40,130.0,81.76
HAPPSTMNDS, 04-Aug-2026,384.95,391.0,379.8,388.1,384.0,756158,2912.36,24065,323615.0,42.8
HAPPY, 04-Aug-2026,59.0,60.0,59.0,59.25,60.1,6000,3.57,3,6000.0,100.0
HAPPYFORGE, 04-Aug-2026,1676.6,1727.0,1620.7,1703.4,1699.2,341972,5749.2,40649,99356.0,29.05
HARDWYN, 04-Aug-2026,11.4,11.4,11.22,11.24,11.23,982526,110.61,1255,427446.0,43.5
HARIOMPIPE, 04-Aug-2026,400.0,408.0,398.5,404.95,402.7,147501,595.21,3589,84601.0,57.36
HARRMALAYA, 04-Aug-2026,217.8,223.0,214.41,216.84,214.63,24360,53.17,780,16609.0,68.18
HARSHA, 04-Aug-2026,410.0,413.75,405.9,408.1,407.55,73924,303.65,2838,49738.0,67.28
HATHWAY, 04-Aug-2026,11.04,11.06,10.89,10.92,11.05,980748,107.42,3108,538175.0,54.87
HATSUN, 04-Aug-2026,885.15,908.0,881.5,891.4,884.8,34345,307.66,2800,22316.0,64.98
HAVELLS, 04-Aug-2026,1286.0,1301.5,1277.3,1295.0,1285.0,1437161,18495.67,28913,851168.0,59.23
HAVISHA, 04-Aug-2026,1.37,1.39,1.31,1.36,1.32,65988,0.9,102,54777.0,83.01
HAWKINCOOK, 04-Aug-2026,8500.0,8601.0,8450.5,8566.0,8496.5,539,46.15,291,321.0,59.55
HBESD, 04-Aug-2026,75.0,75.0,74.25,74.25,75.0,198,0.15,4,198.0,100.0
HBLENGINE, 04-Aug-2026,727.0,736.6,721.1,729.2,739.2,984184,7193.84,37443,389310.0,39.56
HBSL, 04-Aug-2026,51.9,55.5,51.9,55.34,50.5,20502,11.07,500,17288.0,84.32
HCC, 04-Aug-2026,21.9,22.3,21.8,21.84,21.81,15549478,3422.71,19908,7394702.0,47.56
HCG, 04-Aug-2026,668.9,679.1,664.05,672.25,671.75,134025,904.29,8750,101204.0,75.51
HCL-INSYS, 04-Aug-2026,11.8,11.8,11.57,11.64,11.66,140813,16.48,676,96200.0,68.32
HCLTECH, 04-Aug-2026,1375.7,1375.9,1347.4,1369.9,1377.0,3013543,40876.34,104940,1720326.0,57.09
HDBFS, 04-Aug-2026,684.85,687.05,675.0,678.55,684.85,390961,2667.46,20970,241818.0,61.85
HDFCAMC, 04-Aug-2026,2589.0,2589.0,2533.0,2556.0,2600.6,1035685,26407.04,55626,709495.0,68.5
HDFCBANK, 04-Aug-2026,753.2,753.2,738.0,742.0,753.0,31559802,234373.41,423043,19491117.0,61.76
HDFCBSE500, 04-Aug-2026,37.86,38.44,37.83,38.09,38.25,286554,109.08,288,267913.0,93.49
HDFCGOLD, 04-Aug-2026,121.6,121.7,120.83,121.12,121.2,1407452,1704.65,7121,894935.0,63.59
HDFCGROWTH, 04-Aug-2026,123.35,124.58,121.85,122.52,123.35,29014,35.66,262,22644.0,78.05
HDFCLIFE, 04-Aug-2026,551.8,551.8,530.5,535.95,553.1,9286204,49793.81,134074,5279991.0,56.86
HDFCLIQUID, 04-Aug-2026,1072.2,1072.22,1072.2,1072.2,1072.06,27579,295.7,43,15133.0,54.87
HDFCLOWVOL, 04-Aug-2026,21.29,21.33,21.14,21.15,21.2,12321,2.62,72,8876.0,72.04
HDFCMID150, 04-Aug-2026,23.07,23.78,23.07,23.64,23.67,562230,132.99,1457,390399.0,69.44
HDFCMOMENT, 04-Aug-2026,30.96,31.38,30.96,31.07,30.86,316856,98.72,635,274113.0,86.51
HDFCNEXT50, 04-Aug-2026,75.69,76.25,74.2,75.15,75.3,1194233,906.14,1225,1002413.0,83.94
HDFCNIF100, 04-Aug-2026,26.45,26.69,26.4,26.44,26.45,21506,5.71,257,13074.0,60.79
HDFCNIFBAN, 04-Aug-2026,59.0,60.47,59.0,59.24,59.0,81914,48.64,416,64577.0,78.84
HDFCNIFIT, 04-Aug-2026,33.63,33.84,33.37,33.47,33.58,323030,108.06,351,281985.0,87.29
HDFCNIFTY, 04-Aug-2026,277.99,277.99,270.3,272.18,275.72,77222,212.87,919,54375.0,70.41
HDFCNIMEG, 04-Aug-2026,130.75,152.55,127.2,142.82,130.7,124313,162.25,165,108293.0,87.11
HDFCPSUBK, 04-Aug-2026,85.28,86.18,83.8,84.77,84.83,100177,85.7,310,68081.0,67.96
HDFCPVTBAN, 04-Aug-2026,28.69,28.69,28.11,28.28,28.39,147039,41.58,445,94528.0,64.29
HDFCQUAL, 04-Aug-2026,59.29,59.9,59.29,59.44,59.29,43138,25.79,154,38947.0,90.28
HDFCSENSEX, 04-Aug-2026,89.89,89.89,88.41,89.11,89.02,40540,36.17,613,30963.0,76.38
HDFCSILVER, 04-Aug-2026,206.54,208.08,206.54,207.22,206.78,994367,2062.82,6748,503008.0,50.59
HDFCSML250, 04-Aug-2026,183.39,184.15,181.64,183.29,183.38,1333399,2445.4,8640,897941.0,67.34
HDFCVALUE, 04-Aug-2026,128.53,128.63,127.73,127.9,128.21,1069,1.37,55,550.0,51.45
HEADSUP, 04-Aug-2026,7.2,7.2,6.76,7.17,6.79,30467,2.15,167,26208.0,86.02
HEALTHADD, 04-Aug-2026,16.86,16.95,16.77,16.84,16.8,32099,5.4,95,26826.0,83.57
HEALTHAXIS, 04-Aug-2026,169.0,173.72,169.0,170.08,170.26,4574,7.78,132,2262.0,49.45
HEALTHCARE, 04-Aug-2026,21.63,21.72,21.55,21.62,21.61,42236,9.13,169,21650.0,51.26
HEALTHIETF, 04-Aug-2026,172.56,173.0,170.85,171.54,171.14,65261,111.84,1216,35056.0,53.72
HEALTHX, 04-Aug-2026,316.0,324.5,315.0,316.7,315.0,8727,27.89,448,5239.0,60.03
HEALTHY, 04-Aug-2026,17.03,17.39,17.03,17.2,17.12,286217,49.17,909,177811.0,62.12
HECPROJECT, 04-Aug-2026,135.95,139.31,133.2,136.89,135.49,4990,6.76,182,3373.0,67.6
HEG, 04-Aug-2026,665.5,683.9,663.0,678.95,665.25,1832144,12370.57,34882,724397.0,39.54
HEIDELBERG, 04-Aug-2026,156.65,156.89,155.0,156.13,155.51,51886,81.0,1426,27182.0,52.39
HEMIPROP, 04-Aug-2026,140.89,141.65,138.1,138.88,140.0,420075,588.49,3343,224333.0,53.4
HERANBA, 04-Aug-2026,182.74,183.98,180.0,181.3,182.74,14763,26.84,562,9011.0,61.04
HERITGFOOD, 04-Aug-2026,335.1,337.75,334.8,335.55,335.1,137486,461.97,3339,76284.0,55.48
HEROMOTOCO, 04-Aug-2026,5460.0,5606.0,5425.0,5548.0,5460.0,1013842,56257.63,79722,471679.0,46.52
HESTERBIO, 04-Aug-2026,2430.2,2495.0,2407.2,2481.9,2442.4,5848,143.24,935,2258.0,38.61
HEXATRADEX, 04-Aug-2026,155.16,166.0,155.16,162.09,157.9,7839,12.67,195,5640.0,71.95
HEXT, 04-Aug-2026,561.0,568.1,552.15,554.95,559.85,321435,1799.99,9529,156965.0,48.83
HFCL, 04-Aug-2026,202.4,207.0,200.22,202.78,202.52,19636718,40113.83,93522,6862610.0,34.95
HGINFRA, 04-Aug-2026,549.0,549.9,543.75,547.5,546.85,28693,156.69,2438,16091.0,56.08
HGM, 04-Aug-2026,49.4,50.49,47.52,49.62,49.45,11997,5.86,70,10201.0,85.03
HGS, 04-Aug-2026,432.0,435.0,420.2,421.45,430.55,30514,129.36,1275,21858.0,71.63
HIGREEN, 04-Aug-2026,138.0,139.45,136.6,137.6,140.5,24800,34.35,31,12800.0,51.61
HIKAL, 04-Aug-2026,230.88,233.39,227.01,228.54,229.9,250091,575.6,5165,128491.0,51.38
HILINFRA, 04-Aug-2026,47.3,48.09,44.61,45.73,47.0,112937,52.3,1154,58626.0,51.91
HIMATSEIDE, 04-Aug-2026,80.76,81.64,79.87,81.05,80.99,374899,303.15,3838,227606.0,60.71
HINDALCO, 04-Aug-2026,995.0,1020.0,993.1,1020.0,994.9,7690755,77523.69,161375,3920512.0,50.98
HINDCOMPOS, 04-Aug-2026,417.5,430.0,417.5,425.8,425.55,2150,9.15,192,876.0,40.74
HINDCON, 04-Aug-2026,23.15,23.61,22.46,22.78,23.15,5356,1.23,130,3653.0,68.2
HINDCOPPER, 04-Aug-2026,495.05,504.3,490.05,492.35,495.05,4448305,22097.4,63225,1803652.0,40.55
HINDOILEXP, 04-Aug-2026,160.67,162.5,158.4,161.49,161.13,269806,433.11,3314,126877.0,47.03
HINDPETRO, 04-Aug-2026,395.0,395.05,390.55,391.5,395.0,4974075,19533.32,43140,2981911.0,59.95
HINDUNILVR, 04-Aug-2026,2119.1,2119.1,2070.2,2096.5,2138.0,1657094,34619.87,62306,937494.0,56.57
HINDWAREAP, 04-Aug-2026,222.48,223.86,218.2,219.54,222.23,33930,74.76,1125,19077.0,56.22
HINDZINC, 04-Aug-2026,550.0,564.0,546.55,562.9,547.0,5784368,32336.95,69838,2414618.0,41.74
HIRECT, 04-Aug-2026,1345.0,1388.7,1310.1,1320.4,1339.4,145123,1956.85,10777,49306.0,33.98
HISARMETAL, 04-Aug-2026,148.5,151.0,146.0,148.75,146.47,3054,4.52,72,2545.0,83.33
HITECH, 04-Aug-2026,85.49,87.0,85.4,85.95,85.49,427799,368.35,3854,231982.0,54.23
HLEGLAS, 04-Aug-2026,420.25,425.9,413.45,422.95,422.85,247856,1041.94,11603,115200.0,46.48
HLVLTD, 04-Aug-2026,7.15,7.25,7.0,7.09,7.21,168607,11.98,721,106560.0,63.2
HMAAGRO, 04-Aug-2026,20.9,21.57,20.45,20.8,20.89,1280779,268.34,4676,725958.0,56.68
HMVL, 04-Aug-2026,95.75,108.16,93.1,104.45,95.08,1046645,1059.49,8244,303518.0,29.0
HNDFDS, 04-Aug-2026,595.0,595.0,575.15,586.85,589.05,98375,575.38,5496,53435.0,54.32
HNGSNGBEES, 04-Aug-2026,494.5,498.46,483.18,489.22,496.64,142857,702.67,6077,104250.0,72.98
HOACFOODS, 04-Aug-2026,720.05,723.6,715.0,717.5,739.0,2625,18.86,7,2625.0,100.0
HOMEFIRST, 04-Aug-2026,1166.0,1177.8,1156.0,1169.7,1170.2,102458,1195.71,8629,63063.0,61.55
HONASA, 04-Aug-2026,459.95,469.5,453.75,459.4,458.2,1085673,4997.44,32666,520534.0,47.95
HONAUT, 04-Aug-2026,38720.0,38720.0,38055.0,38190.0,38570.0,3050,1167.02,1624,1516.0,49.7
HONDAPOWER, 04-Aug-2026,2122.9,2122.9,2095.4,2104.3,2096.0,1646,34.67,375,1124.0,68.29
HPAL, 04-Aug-2026,34.48,34.48,33.2,34.07,33.3,61202,20.72,509,42723.0,69.81
HPIL, 04-Aug-2026,127.7,127.7,117.0,125.05,127.74,6823,8.44,190,4497.0,65.91
HPL, 04-Aug-2026,336.0,338.9,333.8,335.65,335.95,48543,163.11,1872,26656.0,54.91
HSBCGOLD, 04-Aug-2026,123.4,124.04,123.38,123.72,123.4,551,0.68,12,422.0,76.59
HSCL, 04-Aug-2026,752.0,760.0,740.95,751.65,750.65,2503579,18805.67,35892,740778.0,29.59
HTMEDIA, 04-Aug-2026,24.87,27.5,24.87,26.5,24.87,319976,84.37,908,201750.0,63.05
HUBTOWN, 04-Aug-2026,186.0,193.75,185.0,188.64,190.51,553678,1048.21,6702,267531.0,48.32
HUDCO, 04-Aug-2026,198.5,205.15,196.65,203.41,199.38,2681603,5388.18,20321,1597775.0,59.58
HUHTAMAKI, 04-Aug-2026,299.65,299.7,283.35,288.3,300.0,276612,810.46,6168,144971.0,52.41
HVAX, 04-Aug-2026,667.0,667.0,617.0,617.0,640.0,900,5.75,6,900.0,100.0
HYBRIDETF, 04-Aug-2026,10.26,10.26,10.08,10.09,10.06,32764,3.31,62,32761.0,99.99
HYUNDAI, 04-Aug-2026,2208.0,2241.0,2198.5,2220.0,2207.0,760246,16876.0,46834,365871.0,48.13
ICDSLTD, 04-Aug-2026,39.6,43.61,39.6,43.61,39.65,2845,1.19,32,2463.0,86.57
ICELCO, 04-Aug-2026,138.0,152.55,138.0,145.45,150.0,70800,104.21,54,55200.0,77.97
ICEMAKE, 04-Aug-2026,836.0,836.0,819.45,820.85,825.25,12382,102.1,1379,8063.0,65.12
ICICIAMC, 04-Aug-2026,3090.0,3111.0,3056.3,3063.8,3099.1,323730,9972.72,24740,230592.0,71.23
ICICIB22, 04-Aug-2026,118.93,118.93,116.6,117.12,116.6,755902,887.09,2851,409039.0,54.11
ICICIBANK, 04-Aug-2026,1452.0,1454.6,1430.8,1454.6,1460.0,11458963,165222.17,141775,5522328.0,48.19
ICICIGI, 04-Aug-2026,1675.0,1675.0,1632.2,1644.8,1675.0,427517,7015.8,34539,259941.0,60.8
ICICIPRULI, 04-Aug-2026,521.8,521.8,502.2,513.55,522.35,5351839,27204.02,38398,3523536.0,65.84
ICIL, 04-Aug-2026,410.1,421.8,407.0,419.75,409.7,389287,1623.19,18732,195075.0,50.11
ICRA, 04-Aug-2026,5125.0,5181.9,5061.0,5149.0,5131.5,40059,2058.9,8680,24642.0,61.51
IDBI, 04-Aug-2026,85.0,85.0,83.91,84.55,84.71,2999829,2533.64,12953,1383862.0,46.13
IDEA, 04-Aug-2026,12.89,13.05,12.73,12.9,12.86,308781891,39654.72,307920,58905189.0,19.08
IDENTICAL, 04-Aug-2026,17.55,17.55,17.55,17.55,17.5,2000,0.35,1,2000.0,100.0
IDFCFIRSTB, 04-Aug-2026,85.87,86.13,84.45,86.0,86.0,12931033,11067.77,46449,6606105.0,51.09
IDFNIFTYET, 04-Aug-2026,271.51,272.45,269.83,271.13,271.54,562,1.52,49,343.0,61.03
IEML, 04-Aug-2026,42.15,43.0,41.0,42.0,42.8,36000,15.1,42,29000.0,80.56
IEX, 04-Aug-2026,128.0,129.49,126.8,129.2,128.0,4937910,6356.44,30216,1220006.0,24.71
IFBIND, 04-Aug-2026,1350.0,1375.0,1349.1,1369.4,1354.0,47874,654.12,6908,27186.0,56.79
IFCI, 04-Aug-2026,76.99,77.55,75.6,75.9,77.31,10223172,7804.66,26541,3390063.0,33.16
IFGLEXPOR, 04-Aug-2026,207.35,220.0,206.51,217.08,207.35,91142,196.15,3663,30511.0,33.48
IGARASHI, 04-Aug-2026,470.0,476.0,457.8,460.75,467.15,53765,251.12,2555,29532.0,54.93
IGCL, 04-Aug-2026,76.03,76.18,75.0,75.28,75.47,45784,34.55,593,31918.0,69.71
IGIL, 04-Aug-2026,369.0,369.85,350.1,362.1,364.95,1052707,3832.89,17982,729436.0,69.29
IGL, 04-Aug-2026,156.1,156.73,153.6,153.93,156.17,881087,1363.62,14689,514505.0,58.39
IGPL, 04-Aug-2026,500.45,512.05,495.1,503.9,496.65,79372,399.41,3772,34497.0,43.46
IIFL, 04-Aug-2026,619.0,619.0,605.0,607.65,617.85,2042867,12540.83,27070,1441649.0,70.57
IIFLCAPS, 04-Aug-2026,334.5,338.7,334.5,334.9,336.65,201230,674.12,10457,151708.0,75.39
IITL, 04-Aug-2026,164.0,164.0,138.75,141.19,153.21,368898,538.71,6376,83458.0,22.62
IKIO, 04-Aug-2026,200.6,203.38,197.35,199.95,201.54,104785,210.49,1637,54252.0,51.77
IKS, 04-Aug-2026,1850.0,1884.4,1839.1,1845.9,1846.4,143965,2670.67,20223,83106.0,57.73
IMAGICAA, 04-Aug-2026,49.38,50.09,48.1,48.7,49.09,546642,267.41,3348,280071.0,51.23
IMFA, 04-Aug-2026,1499.0,1532.0,1460.0,1467.3,1492.0,1157333,17371.76,67113,388616.0,33.58
IMPAL, 04-Aug-2026,1100.2,1132.9,1086.4,1116.1,1104.6,3551,39.42,383,2228.0,62.74
INA, 04-Aug-2026,113.9,117.5,111.6,115.92,112.75,1115093,1283.54,8291,461114.0,41.35
INCREDIBLE, 04-Aug-2026,33.99,33.99,32.35,32.4,33.1,1169,0.39,35,833.0,71.26
INDBANK, 04-Aug-2026,32.89,32.89,32.11,32.25,32.49,20833,6.75,319,13774.0,66.12
INDGN, 04-Aug-2026,547.2,567.8,542.55,553.75,545.25,1047239,5843.49,35273,416249.0,39.75
INDHOTEL, 04-Aug-2026,750.95,750.95,739.2,750.0,752.0,1481783,11031.3,22817,827276.0,55.83
INDIACEM, 04-Aug-2026,388.0,396.85,387.4,391.4,390.95,201453,791.85,10725,67071.0,33.29
INDIAGLYCO, 04-Aug-2026,1141.9,1186.0,1138.4,1164.1,1145.2,191408,2227.48,13915,94774.0,49.51
INDIAMART, 04-Aug-2026,1805.0,1815.0,1771.0,1774.8,1798.6,97037,1736.14,14769,64581.0,66.55
INDIANB, 04-Aug-2026,845.8,852.75,837.3,845.0,845.0,885832,7469.45,33037,393629.0,44.44
INDIANCARD, 04-Aug-2026,224.25,229.0,222.25,224.99,224.29,1532,3.45,51,1046.0,68.28
INDIANHUME, 04-Aug-2026,414.5,415.7,393.4,396.8,414.5,105052,422.19,4667,53396.0,50.83
INDIASHLTR, 04-Aug-2026,724.5,737.0,720.0,732.45,726.5,125622,914.35,11809,78489.0,62.48
INDIFRA, 04-Aug-2026,11.4,11.4,11.4,11.4,11.45,2000,0.23,1,2000.0,100.0
INDIGO, 04-Aug-2026,5400.0,5429.0,5297.5,5358.0,5400.0,618644,33193.7,44797,272585.0,44.06
INDIGOPNTS, 04-Aug-2026,1087.4,1099.0,1079.0,1089.2,1087.4,26084,284.12,4222,13871.0,53.18
INDIGRID, 04-Aug-2026,179.0,179.1,177.41,177.5,178.36,1526759,2715.09,13749,1455791.0,95.35
INDIQUBE, 04-Aug-2026,171.97,174.9,170.71,171.93,171.97,5817,10.01,343,2995.0,51.49
INDNIPPON, 04-Aug-2026,1165.0,1190.0,1159.2,1183.0,1173.2,21535,254.36,2122,10946.0,50.83
INDOBORAX, 04-Aug-2026,416.0,416.0,403.2,404.6,418.7,130521,532.93,5236,51564.0,39.51
INDOCO, 04-Aug-2026,221.85,228.56,221.0,223.58,221.76,214800,482.46,4116,77053.0,35.87
INDOFARM, 04-Aug-2026,161.6,162.0,157.0,157.65,161.6,109668,174.49,1811,51543.0,47.0
INDOMIM, 04-Aug-2026,773.0,779.7,750.5,769.4,770.15,3399506,26000.95,88053,858101.0,25.24
INDORAMA, 04-Aug-2026,63.11,66.45,61.7,64.46,63.49,1285167,825.75,11678,436493.0,33.96
INDOSTAR, 04-Aug-2026,245.25,246.95,235.9,238.3,245.25,210912,507.21,3090,140358.0,66.55
INDOTHAI, 04-Aug-2026,136.6,136.6,136.6,136.6,170.75,171475,234.23,1320,171475.0,100.0
INDOUS, 04-Aug-2026,84.46,84.46,82.05,82.79,83.6,44722,37.04,264,24582.0,54.97
INDPRUD, 04-Aug-2026,6647.0,6647.0,6552.0,6567.0,6550.0,35,2.3,17,26.0,74.29
INDRAMEDCO, 04-Aug-2026,372.6,374.0,366.8,370.45,368.9,253508,940.72,5192,125774.0,49.61
INDSWFTLAB, 04-Aug-2026,227.7,237.7,227.7,230.21,228.63,339157,788.93,7041,138365.0,40.8
INDTERRAIN, 04-Aug-2026,36.41,38.3,31.6,31.89,33.39,793593,279.79,4843,236584.0,29.81
INDUSINDBK, 04-Aug-2026,1028.9,1028.9,1014.6,1026.0,1028.9,720413,7349.96,22372,338014.0,46.92
INDUSINVIT, 04-Aug-2026,133.01,133.75,131.1,132.08,131.98,140958,186.22,6572,124615.0,88.41
INDUSTOWER, 04-Aug-2026,396.0,396.5,387.15,390.0,395.3,3918825,15292.26,60591,2496736.0,63.71
INFINIUM, 04-Aug-2026,211.75,212.0,206.5,206.95,202.0,2000,4.19,4,2000.0,100.0
INFLUX, 04-Aug-2026,285.75,294.9,283.0,287.5,288.65,6000,17.24,10,3600.0,60.0
INFOBEAN, 04-Aug-2026,171.6,174.0,169.5,172.73,171.95,317703,546.87,4211,150293.0,47.31
INFOLLION, 04-Aug-2026,156.05,163.0,156.05,162.55,159.0,19200,31.01,37,17200.0,89.58
INFOMEDIA, 04-Aug-2026,5.49,5.58,5.21,5.38,5.38,13272,0.72,50,8525.0,64.23
INFRA, 04-Aug-2026,12.28,12.33,12.2,12.2,12.25,49937,6.1,198,43951.0,88.01
INFRABEES, 04-Aug-2026,976.94,979.73,959.9,968.52,972.07,6605,64.39,630,3332.0,50.45
INFRAIETF, 04-Aug-2026,95.57,97.88,95.57,97.01,97.52,222179,215.66,4090,175948.0,79.19
INFY, 04-Aug-2026,1168.0,1175.7,1153.3,1167.5,1180.0,9243589,107274.1,130401,5031857.0,54.44
INGERRAND, 04-Aug-2026,4325.0,4449.6,4305.6,4401.4,4327.0,6249,275.69,1393,2831.0,45.3
INNOMET, 04-Aug-2026,187.5,187.5,180.3,185.0,183.95,39000,71.14,39,37200.0,95.38
INNOVACAP, 04-Aug-2026,955.8,963.95,938.95,941.95,956.4,24677,234.59,2937,11507.0,46.63
INNOVANA, 04-Aug-2026,335.8,335.8,320.6,323.75,322.0,3054,9.87,112,1882.0,61.62
INNOVISION, 04-Aug-2026,285.0,287.7,285.0,286.75,285.75,9196,26.32,430,7221.0,78.52
INOXINDIA, 04-Aug-2026,1850.0,1949.0,1824.0,1901.4,1920.4,418512,7943.09,44037,143563.0,34.3
INOXWIND, 04-Aug-2026,79.0,80.68,78.75,79.21,78.9,8427344,6695.79,29723,2826422.0,33.54
INSECTICID, 04-Aug-2026,663.95,669.9,646.0,658.35,663.6,14184,93.54,1159,7059.0,49.77
INSPIRE, 04-Aug-2026,9.05,9.05,9.05,9.05,9.5,2000,0.18,1,2000.0,100.0
INTELLECT, 04-Aug-2026,759.0,760.35,741.3,748.7,748.85,381735,2860.12,17039,177403.0,46.47
INTENTECH, 04-Aug-2026,83.07,86.39,79.71,81.64,83.07,59394,48.69,1095,42530.0,71.61
INTERARCH, 04-Aug-2026,1846.2,1870.8,1822.0,1843.1,1846.1,26351,486.23,2330,18855.0,71.55
INTERNET, 04-Aug-2026,13.95,13.99,13.83,13.87,13.92,189848,26.41,223,154124.0,81.18
INTLCONV, 04-Aug-2026,73.83,75.89,73.83,74.93,73.77,20919,15.66,430,17036.0,81.44
INVENTURE, 04-Aug-2026,0.92,0.93,0.91,0.91,0.91,842138,7.75,438,547519.0,65.02
INVICTA, 04-Aug-2026,75.5,75.5,73.25,74.4,72.8,9600,7.11,6,6400.0,66.67
IOB, 04-Aug-2026,34.11,34.49,34.05,34.29,34.1,1709183,585.74,9128,952882.0,55.75
IOC, 04-Aug-2026,143.47,143.82,141.6,141.6,143.7,7539898,10757.85,50955,4364110.0,57.88
IOLCP, 04-Aug-2026,152.39,155.4,150.7,153.74,151.7,1607367,2460.25,16203,709439.0,44.14
IONEXCHANG, 04-Aug-2026,433.0,433.0,422.3,424.6,429.95,323002,1379.35,12403,159396.0,49.35
IPCALAB, 04-Aug-2026,1725.3,1730.7,1683.7,1694.7,1725.6,222711,3800.26,19755,137201.0,61.6
IPHL, 04-Aug-2026,76.0,78.9,74.0,75.55,74.85,46800,35.57,29,34800.0,74.36
IPL, 04-Aug-2026,148.4,150.08,145.1,145.69,148.57,241438,354.56,3933,130076.0,53.88
IRB, 04-Aug-2026,20.24,20.24,20.08,20.13,20.18,4606262,928.11,13307,2579258.0,55.99
IRBINVIT, 04-Aug-2026,63.2,63.44,62.78,63.28,63.03,1408531,887.76,4951,1273936.0,90.44
IRCON, 04-Aug-2026,131.88,132.97,129.82,131.93,131.88,1955675,2576.13,19282,711816.0,36.4
IRCTC, 04-Aug-2026,512.95,512.95,506.35,510.25,513.5,927912,4726.66,25582,448299.0,48.31
IREDA, 04-Aug-2026,121.29,121.6,118.19,120.35,123.0,16002448,19271.31,65747,4382116.0,27.38
IRFC, 04-Aug-2026,90.39,90.49,89.55,89.6,90.25,6727736,6048.44,37185,2640057.0,39.24
IRIS, 04-Aug-2026,258.0,264.0,252.98,258.17,254.52,34077,88.42,1146,18768.0,55.08
IRISDOREME, 04-Aug-2026,53.44,54.0,52.8,53.25,53.52,318592,169.6,2657,122339.0,38.4
IRMENERGY, 04-Aug-2026,269.0,277.0,265.05,272.6,265.0,183306,500.19,4590,94305.0,51.45
ISFT, 04-Aug-2026,83.0,85.0,78.26,79.52,82.5,18972,15.38,351,12809.0,67.52
ISGEC, 04-Aug-2026,837.7,840.0,830.0,832.35,838.95,39781,332.19,3962,25130.0,63.17
ISHAN, 04-Aug-2026,0.5,0.5,0.45,0.45,0.45,144000,0.7,3,48000.0,33.33
ISHANCH, 04-Aug-2026,51.21,53.55,50.66,51.75,51.84,23092,12.03,137,20221.0,87.57
IT, 04-Aug-2026,34.56,35.55,34.24,34.71,34.95,494597,172.14,1254,302186.0,61.1
ITADD, 04-Aug-2026,33.06,33.42,33.06,33.21,33.22,44324,14.71,96,41370.0,93.34
ITALIANE, 04-Aug-2026,31.1,31.1,31.1,31.1,31.95,2000,0.62,1,2000.0,100.0
ITAXIS, 04-Aug-2026,344.84,349.99,344.8,346.56,345.94,3360,11.63,97,2166.0,64.46
ITBEES, 04-Aug-2026,35.85,36.98,34.5,34.7,34.98,10508288,3657.95,16274,5551976.0,52.83
ITBETA, 04-Aug-2026,325.17,332.17,325.17,330.06,324.4,3552,11.75,88,3054.0,85.98
ITC, 04-Aug-2026,286.05,289.0,284.7,289.0,287.0,12689243,36399.36,292805,5336067.0,42.05
ITCHOTELS, 04-Aug-2026,165.5,166.0,163.1,165.45,165.22,1697228,2800.06,26868,925553.0,54.53
ITDC, 04-Aug-2026,712.05,714.65,701.0,705.05,715.2,113261,802.72,7696,32975.0,29.11
ITETF, 04-Aug-2026,33.73,33.73,33.12,33.19,33.46,548492,182.33,936,267927.0,48.85
ITI, 04-Aug-2026,282.15,286.7,280.15,282.6,282.15,166453,472.15,4514,70614.0,42.42
ITIETF, 04-Aug-2026,34.9,35.5,34.0,34.46,34.9,651547,226.83,1552,299167.0,45.92
IVALUE, 04-Aug-2026,273.9,277.7,273.0,276.4,274.7,225743,622.27,4684,157167.0,69.62
IVC, 04-Aug-2026,8.51,8.55,8.45,8.48,8.45,169823,14.41,617,132043.0,77.75
IVZINGOLD, 04-Aug-2026,126.3,126.3,122.8,123.25,123.5,6530,8.06,111,4612.0,70.63
IVZINNIFTY, 04-Aug-2026,287.99,287.99,280.0,280.01,280.97,1398,3.93,78,1176.0,84.12
IWARE, 04-Aug-2026,475.0,484.95,465.15,475.0,482.0,10200,48.18,17,9000.0,88.24
IWP, 04-Aug-2026,33.13,33.96,33.13,33.85,33.13,1554,0.52,22,1495.0,96.2
IXIGO, 04-Aug-2026,200.0,200.0,195.27,196.15,199.6,201274,397.32,5139,97519.0,48.45
IZMO, 04-Aug-2026,986.4,1009.0,968.2,996.45,988.9,97940,962.09,6187,56459.0,57.65
J&KBANK, 04-Aug-2026,156.12,158.55,155.19,157.81,156.12,4665962,7335.51,32605,2429813.0,52.08
JAGRAN, 04-Aug-2026,63.35,63.4,62.72,63.02,62.88,243398,153.32,1911,150363.0,61.78
JAGSNPHARM, 04-Aug-2026,235.25,239.55,230.21,236.5,235.37,111099,259.58,2865,49869.0,44.89
JAICORPLTD, 04-Aug-2026,103.83,104.25,102.92,103.28,103.83,148420,153.54,1511,71113.0,47.91
JAINAM, 04-Aug-2026,228.5,228.5,228.5,228.5,240.0,500,1.14,1,500.0,100.0
JAINIK, 04-Aug-2026,183.0,190.0,183.0,186.0,183.0,14400,27.02,10,12000.0,83.33
JAINREC, 04-Aug-2026,318.0,332.35,312.55,323.45,350.2,8542314,27733.06,126207,2594166.0,30.37
JAIPURKURT, 04-Aug-2026,27.9,27.9,26.51,26.61,26.91,66307,18.14,143,65007.0,98.04
JALAN, 04-Aug-2026,1.55,1.65,1.55,1.65,1.6,24000,0.38,6,24000.0,100.0
JAMNAAUTO, 04-Aug-2026,142.0,143.5,140.12,142.27,140.86,3866384,5501.57,31704,1558565.0,40.31
JARO, 04-Aug-2026,472.55,473.2,455.25,457.35,472.55,101001,464.81,3930,49973.0,49.48
JASH, 04-Aug-2026,498.1,500.0,492.0,495.0,500.6,72438,359.81,7194,42573.0,58.77
JAYAGROGN, 04-Aug-2026,231.9,232.8,221.0,222.64,230.95,20655,46.25,691,12489.0,60.46
JAYBARMARU, 04-Aug-2026,161.5,165.0,160.0,162.48,162.17,512261,834.44,7501,274332.0,53.55
JAYBEE, 04-Aug-2026,87.0,89.9,85.05,89.5,87.0,8500,7.51,17,6500.0,76.47
JAYESH, 04-Aug-2026,140.05,151.95,140.05,151.95,144.25,2000,2.92,2,1000.0,50.0
JAYKAY, 04-Aug-2026,164.0,166.0,160.05,161.27,165.32,83529,135.87,1684,55603.0,66.57
JAYNECOIND, 04-Aug-2026,88.88,89.57,87.25,87.86,88.18,2524487,2226.48,18346,1059534.0,41.97
JAYSREETEA, 04-Aug-2026,82.99,89.08,82.15,88.16,83.27,140908,122.37,2587,91962.0,65.26
JBMA, 04-Aug-2026,664.0,664.0,657.15,659.7,662.6,126575,835.43,6529,56232.0,44.43
JETFREIGHT, 04-Aug-2026,22.94,23.11,21.26,21.95,22.67,321532,71.26,1840,179549.0,55.84
JEYYAM, 04-Aug-2026,23.7,24.0,23.3,23.9,24.0,30000,7.14,12,30000.0,100.0
JFLLIFE, 04-Aug-2026,13.75,13.9,13.7,13.9,13.25,162000,22.43,22,150000.0,92.59
JGCHEM, 04-Aug-2026,509.0,516.7,497.0,505.75,508.4,194390,984.93,6742,103962.0,53.48
JHS, 04-Aug-2026,7.61,7.79,7.51,7.67,7.64,34198,2.62,98,31038.0,90.76
JINDALPHOT, 04-Aug-2026,1069.3,1077.3,1060.2,1066.5,1064.0,1059,11.33,177,732.0,69.12
JINDALPOLY, 04-Aug-2026,628.0,631.9,619.0,624.8,625.0,14873,92.63,876,9664.0,64.98
JINDALSAW, 04-Aug-2026,261.0,266.5,259.45,264.4,259.3,1578595,4157.85,25694,933467.0,59.13
JINDALSTEL, 04-Aug-2026,1106.1,1124.0,1101.4,1124.0,1105.1,822310,9181.7,22411,314244.0,38.21
JINDRILL, 04-Aug-2026,614.2,617.1,608.05,614.3,611.15,97057,595.1,4120,39693.0,40.9
JINDWORLD, 04-Aug-2026,40.61,41.1,38.85,39.88,40.41,21204810,8438.92,37211,2599858.0,12.26
JIOFIN, 04-Aug-2026,264.0,266.6,261.9,265.0,263.0,24776731,65522.84,116783,10263565.0,41.42
JISLDVREQS, 04-Aug-2026,22.97,23.7,22.5,22.52,22.53,27612,6.42,102,24918.0,90.24
JISLJALEQS, 04-Aug-2026,31.29,32.3,30.83,30.92,31.33,2342606,737.08,7326,1057322.0,45.13
JITFINFRA, 04-Aug-2026,341.05,355.55,333.0,338.95,345.25,26521,91.26,1110,16216.0,61.14
JIWANRAM, 04-Aug-2026,4.9,4.9,4.9,4.9,4.9,6000,0.29,1,6000.0,100.0
JKCEMENT, 04-Aug-2026,5598.0,5598.0,5480.0,5492.5,5563.5,29085,1606.03,10315,14485.0,49.8
JKIL, 04-Aug-2026,487.0,494.1,485.6,493.15,485.2,37955,186.55,1218,21835.0,57.53
JKLAKSHMI, 04-Aug-2026,573.85,573.95,565.45,570.55,568.65,68462,390.48,4523,39978.0,58.39
JKPAPER, 04-Aug-2026,388.0,390.0,380.4,382.75,385.75,302889,1161.38,9864,145737.0,48.12
JKTYRE, 04-Aug-2026,413.45,413.45,404.4,410.4,410.3,966612,3952.31,16932,474020.0,49.04
JLHL, 04-Aug-2026,322.75,323.0,311.5,321.55,319.0,230250,733.43,13016,117491.0,51.03
JMA, 04-Aug-2026,89.0,90.5,88.45,89.33,88.67,5382,4.8,176,3746.0,69.6
JMFINANCIL, 04-Aug-2026,122.3,127.48,121.78,123.58,120.89,12541393,15695.52,78752,3073185.0,24.5
JNKINDIA, 04-Aug-2026,407.0,435.0,405.1,429.3,410.85,437487,1851.46,11118,157931.0,36.1
JPOLYINVST, 04-Aug-2026,1035.1,1072.0,1031.2,1061.8,1029.2,4077,42.95,456,2569.0,63.01
JPPOWER, 04-Aug-2026,18.73,19.19,18.64,18.84,18.76,93040370,17607.04,52018,27629689.0,29.7
JSFB, 04-Aug-2026,589.0,590.4,570.0,573.9,584.85,454156,2625.31,19312,234698.0,51.68
JSL, 04-Aug-2026,736.05,741.0,726.35,735.65,731.7,785405,5784.36,34228,421838.0,53.71
JSLL, 04-Aug-2026,579.5,585.0,569.9,574.2,582.5,285505,1646.49,10073,150311.0,52.65
JSWCEMENT, 04-Aug-2026,133.99,134.29,131.5,131.91,132.9,916515,1212.44,13702,544619.0,59.42
JSWDULUX, 04-Aug-2026,3005.5,3078.0,2952.0,2992.6,3015.5,19335,582.57,4829,7994.0,41.34
JSWENERGY, 04-Aug-2026,569.0,571.0,565.05,568.0,569.0,1555497,8836.9,44482,812066.0,52.21
JSWHL, 04-Aug-2026,12055.0,12435.0,11960.0,12175.0,12016.0,6581,804.11,3049,2674.0,40.63
JSWINFRA, 04-Aug-2026,330.0,336.6,326.35,329.25,329.0,3135043,10409.59,35513,1632798.0,52.08
JSWSTEEL, 04-Aug-2026,1280.5,1300.0,1275.9,1300.0,1292.3,1475041,18986.45,32691,788804.0,53.48
JTEKTINDIA, 04-Aug-2026,142.43,143.2,139.7,140.77,141.74,154780,218.24,2654,77987.0,50.39
JTLIND, 04-Aug-2026,76.07,79.45,75.6,78.86,75.73,3173275,2487.2,15500,1579627.0,49.78
JUBLCPL, 04-Aug-2026,1839.8,1904.3,1816.1,1882.4,1822.3,4324,80.3,447,3203.0,74.07
JUBLFOOD, 04-Aug-2026,470.0,472.95,461.6,465.0,470.0,2099849,9790.08,29337,801884.0,38.19
JUBLINGREA, 04-Aug-2026,760.0,765.9,747.45,751.35,757.45,167638,1265.96,12821,83415.0,49.76
JUBLPHARMA, 04-Aug-2026,939.8,940.0,925.0,932.75,933.15,50913,475.26,5584,29055.0,57.07
JUNIORBEES, 04-Aug-2026,805.6,810.6,801.25,802.0,801.59,308254,2478.19,10061,208753.0,67.72
JUNIPER, 04-Aug-2026,198.5,198.5,195.0,195.97,197.75,35206,69.14,885,24185.0,68.7
JUSTDIAL, 04-Aug-2026,711.0,718.9,701.0,703.75,710.65,297332,2109.57,7932,99187.0,33.36
JWL, 04-Aug-2026,266.0,266.25,258.95,259.85,264.95,1298200,3391.62,21851,536217.0,41.3
JYOTHYLAB, 04-Aug-2026,206.06,206.06,200.8,201.91,206.06,506004,1024.9,12696,267780.0,52.92
JYOTICNC, 04-Aug-2026,861.0,874.75,845.4,847.9,858.3,647132,5559.12,27247,303223.0,46.86
JYOTIGLOBL, 04-Aug-2026,35.9,35.9,35.9,35.9,35.9,2000,0.72,1,2000.0,100.0
JYOTISTRUC, 04-Aug-2026,11.7,11.75,11.41,11.57,11.6,4785106,551.69,4601,2399385.0,50.14
K2INFRA, 04-Aug-2026,53.0,55.65,52.4,54.85,54.45,16800,9.0,26,14400.0,85.71
KABRAEXTRU, 04-Aug-2026,419.05,424.0,410.0,412.45,418.6,118797,495.33,3735,61614.0,51.86
KAJARIACER, 04-Aug-2026,1224.4,1238.4,1189.5,1197.8,1214.7,318749,3844.88,20814,166340.0,52.19
KALAMANDIR, 04-Aug-2026,90.03,90.95,88.01,88.26,90.03,509017,452.8,4060,261011.0,51.28
KALPATARU, 04-Aug-2026,293.0,295.0,283.15,285.15,300.7,170060,487.17,4623,81913.0,48.17
KALYANIFRG, 04-Aug-2026,602.55,619.9,590.0,609.65,599.6,1644,9.93,94,1163.0,70.74
KALYANKJIL, 04-Aug-2026,610.0,610.8,586.55,591.4,608.0,28511014,170462.34,226207,4328029.0,15.18
KAMAHOLD, 04-Aug-2026,2532.9,2544.0,2500.0,2522.6,2516.4,2372,59.8,284,1782.0,75.13
KAMATHOTEL, 04-Aug-2026,170.3,174.0,170.3,172.8,170.15,27688,47.62,1164,17010.0,61.43
KAMOPAINTS, 04-Aug-2026,4.63,4.65,4.53,4.56,4.56,209657,9.58,499,162283.0,77.4
KANANIIND, 04-Aug-2026,1.49,1.54,1.49,1.51,1.5,103594,1.57,263,82786.0,79.91
KANDARP, 04-Aug-2026,93.0,103.0,93.0,102.0,98.45,28000,28.08,24,26000.0,92.86
KANPRPLA, 04-Aug-2026,211.01,219.65,208.99,211.35,211.01,13844,29.54,631,6956.0,50.25
KANSAINER, 04-Aug-2026,208.55,212.41,198.0,198.92,204.18,1052958,2125.58,23237,451126.0,42.84
KAPSTON, 04-Aug-2026,539.9,539.9,512.0,533.75,525.9,126892,669.85,6481,53211.0,41.93
KARMAENG, 04-Aug-2026,38.78,39.38,37.57,38.13,38.5,3272,1.25,113,1871.0,57.18
KARNIKA, 04-Aug-2026,120.5,120.9,115.0,116.3,119.2,28000,32.85,28,24000.0,85.71
KARURVYSYA, 04-Aug-2026,349.5,349.7,340.8,341.45,348.1,1754151,6050.36,32964,1104728.0,62.98
KATARIA, 04-Aug-2026,99.8,100.45,99.8,100.45,99.8,1200,1.2,2,1200.0,100.0
KAVDEFENCE, 04-Aug-2026,57.87,58.9,57.0,57.18,58.52,66437,38.22,1422,40972.0,61.67
KAYA, 04-Aug-2026,270.9,274.7,260.5,262.5,278.45,23538,62.45,765,18067.0,76.76
KAYNES, 04-Aug-2026,3805.0,3880.0,3795.0,3875.0,3805.0,916015,35161.0,50175,203168.0,22.18
KAYTEX, 04-Aug-2026,57.65,58.5,57.65,58.4,57.9,6400,3.71,8,4000.0,62.5
KCEIL, 04-Aug-2026,88.7,88.7,85.0,86.85,88.7,11500,9.95,23,10500.0,91.3
KCK, 04-Aug-2026,18.85,18.85,17.85,18.25,18.35,787500,142.88,196,700000.0,88.89
KCP, 04-Aug-2026,152.0,156.6,151.28,153.32,152.97,190035,291.45,3768,107529.0,56.58
KCPSUGIND, 04-Aug-2026,32.75,33.7,30.99,31.37,32.59,672199,217.04,2533,317381.0,47.22
KDDL, 04-Aug-2026,3526.0,3750.8,3480.5,3652.8,3463.2,158177,5764.07,20193,50409.0,31.87
KDL, 04-Aug-2026,106.0,107.8,105.0,106.5,106.25,10500,11.17,49,9300.0,88.57
KEC, 04-Aug-2026,485.0,487.8,473.0,474.1,478.75,1374074,6566.16,24367,719439.0,52.36
KECL, 04-Aug-2026,133.0,139.47,130.0,136.56,135.26,187047,255.78,3462,106541.0,56.96
KEEPLEARN, 04-Aug-2026,1.99,1.99,1.85,1.92,1.94,21168,0.41,50,20206.0,95.46
KEI, 04-Aug-2026,5201.0,5510.0,5201.0,5500.0,5023.3,3728753,200245.12,226558,685247.0,18.38
KEL, 04-Aug-2026,79.55,86.55,79.55,85.85,84.45,7200,6.06,6,2400.0,33.33
KELLTONTEC, 04-Aug-2026,14.3,14.4,14.14,14.23,14.27,1140755,162.68,3067,462903.0,40.58
KEN, 04-Aug-2026,38.0,38.05,36.55,36.8,38.0,10800,4.08,8,9600.0,88.89
KENNAMET, 04-Aug-2026,2968.0,3038.0,2912.0,3000.7,2907.5,19806,591.55,3386,11944.0,60.3
KERNEX, 04-Aug-2026,2296.1,2440.0,2286.1,2419.1,2278.0,245332,5815.52,15304,133956.0,54.6
KEYFINSERV, 04-Aug-2026,253.2,266.95,248.3,261.45,253.2,4039,10.44,116,2853.0,70.64
KFINTECH, 04-Aug-2026,949.0,961.25,937.05,948.95,945.0,790186,7498.41,21737,247420.0,31.31
KHAICHEM, 04-Aug-2026,49.75,49.99,49.05,49.39,49.35,104777,52.03,538,86479.0,82.54
KHAITANLTD, 04-Aug-2026,158.0,162.0,145.0,146.18,155.39,54350,84.01,1066,26628.0,48.99
KHANDSE, 04-Aug-2026,17.44,17.9,16.51,17.54,17.52,220,0.04,33,165.0,75.0
KICL, 04-Aug-2026,5519.0,5537.0,5427.0,5450.5,5522.0,707,38.71,167,390.0,55.16
KIMS, 04-Aug-2026,801.35,822.9,785.1,795.9,820.6,1148795,9194.64,36973,632889.0,55.09
KINGFA, 04-Aug-2026,5251.0,5273.0,5141.5,5174.5,5185.5,3170,165.1,1311,1566.0,49.4
KIOCL, 04-Aug-2026,395.95,397.6,384.0,391.3,394.9,275222,1074.52,9169,78693.0,28.59
KIRANVYPAR, 04-Aug-2026,198.8,203.9,194.2,197.73,202.99,4269,8.61,81,3825.0,89.6
KIRIINDUS, 04-Aug-2026,428.45,428.45,415.5,418.75,425.6,119506,501.21,3013,60105.0,50.29
KIRLFER, 04-Aug-2026,470.3,475.0,463.0,464.15,475.05,38264,179.19,1930,23372.0,61.08
KIRLOSBROS, 04-Aug-2026,1872.1,1907.9,1838.2,1891.7,1859.7,96905,1819.46,9888,32740.0,33.79
KIRLOSENG, 04-Aug-2026,2223.0,2286.0,2223.0,2273.9,2225.2,489300,11067.69,45954,236091.0,48.25
KIRLOSIND, 04-Aug-2026,3974.0,3999.0,3910.0,3945.4,3952.6,2813,111.47,826,1402.0,49.84
KIRLPNU, 04-Aug-2026,1475.0,1497.5,1445.0,1449.1,1463.3,141874,2079.96,19126,70370.0,49.6
KISSHT, 04-Aug-2026,315.85,318.0,304.85,307.65,313.6,1456363,4500.63,21727,627842.0,43.11
KITEX, 04-Aug-2026,145.76,149.0,145.0,146.48,146.34,284169,415.94,3234,127341.0,44.81
KKCL, 04-Aug-2026,508.1,549.0,507.95,534.55,509.95,368224,1978.36,14424,114041.0,30.97
KKJEWELS, 04-Aug-2026,100.5,104.95,100.0,102.35,104.9,20000,20.46,15,16000.0,80.0
KLBRENG-B, 04-Aug-2026,426.95,427.95,417.0,419.65,421.6,58742,246.49,3052,32299.0,54.98
KLL, 04-Aug-2026,28.0,28.95,22.6,22.6,28.25,219200,51.34,208,164800.0,75.18
KMEW, 04-Aug-2026,2494.9,2550.0,2415.6,2532.2,2493.5,100767,2498.36,12904,40355.0,40.05
KMSUGAR, 04-Aug-2026,28.5,29.8,28.25,28.84,28.19,349280,101.35,1672,172867.0,49.49
KNACK, 04-Aug-2026,198.79,203.85,197.51,198.7,197.28,1098988,2203.3,12594,406061.0,36.95
KNAGRI, 04-Aug-2026,209.0,210.0,207.02,207.93,207.06,2190,4.58,93,1421.0,64.89
KNRCON, 04-Aug-2026,126.53,129.5,125.0,128.23,126.53,1034481,1325.01,10388,585144.0,56.56
KODYTECH, 04-Aug-2026,1433.1,1460.5,1357.1,1377.35,1441.7,20000,279.89,177,14500.0,72.5
KOHINOOR, 04-Aug-2026,23.1,23.91,22.92,23.5,23.25,56343,13.14,1456,20301.0,36.03
KOKUYOCMLN, 04-Aug-2026,86.0,86.69,83.8,85.15,85.93,47892,41.01,747,30253.0,63.17
KOLTEPATIL, 04-Aug-2026,388.0,399.85,380.05,398.0,391.4,81690,321.97,2888,46164.0,56.51
KONSTELEC, 04-Aug-2026,65.9,65.9,61.7,63.0,62.8,50000,31.5,19,50000.0,100.0
KORE, 04-Aug-2026,169.9,179.0,169.9,172.45,170.75,6750,11.66,19,6000.0,88.89
KOTAKBANK, 04-Aug-2026,395.5,398.25,392.1,398.0,397.5,9131231,36040.44,111010,5362082.0,58.72
KOTARISUG, 04-Aug-2026,26.0,27.0,25.5,26.34,26.13,107612,28.42,434,65369.0,60.75
KOTHARIPET, 04-Aug-2026,147.99,147.99,143.47,144.29,147.14,71177,102.99,1524,42899.0,60.27
KOTHARIPRO, 04-Aug-2026,68.66,69.59,66.0,67.14,68.66,10671,7.21,185,8440.0,79.09
KOTIC, 04-Aug-2026,158.0,159.86,156.0,157.16,155.65,4471,7.02,294,2381.0,53.25
KOVAI, 04-Aug-2026,5885.0,5919.5,5811.5,5862.0,5832.5,2299,134.88,712,1462.0,63.59
KPEL, 04-Aug-2026,317.7,324.0,313.05,322.8,316.25,166203,531.08,4449,92397.0,55.59
KPIGREEN, 04-Aug-2026,380.0,388.6,376.4,382.2,380.85,648810,2484.04,16510,318923.0,49.16
KPIL, 04-Aug-2026,1279.1,1296.2,1274.2,1279.7,1283.5,55887,716.94,9466,30725.0,54.98
KPITTECH, 04-Aug-2026,624.0,629.3,617.9,625.6,619.25,2143138,13375.87,34315,549864.0,25.66
KPL, 04-Aug-2026,2525.0,2598.0,2512.5,2587.0,2562.0,11878,304.17,2088,5976.0,50.31
KPRMILL, 04-Aug-2026,1065.0,1078.9,1054.0,1057.3,1063.7,106206,1130.23,9805,53224.0,50.11
KRBL, 04-Aug-2026,379.3,380.05,367.4,368.6,373.7,288974,1074.18,8240,111056.0,38.43
KREBSBIO, 04-Aug-2026,56.9,56.9,54.21,54.29,55.79,1995,1.09,49,1495.0,74.94
KRISHANA, 04-Aug-2026,179.8,183.0,177.5,181.28,180.38,482147,873.0,8336,181412.0,37.63
KRISHCA, 04-Aug-2026,160.3,163.5,160.3,161.0,159.55,11000,17.79,17,10000.0,90.91
KRISHIVAL, 04-Aug-2026,390.0,393.55,387.5,388.55,389.35,2709,10.54,175,1913.0,70.62
KRISHNADEF, 04-Aug-2026,1220.0,1244.5,1196.5,1201.6,1218.3,108173,1312.78,7101,54483.0,50.37
KRITIKA, 04-Aug-2026,6.01,6.06,5.91,5.93,6.01,110269,6.62,446,93605.0,84.89
KRITINUT, 04-Aug-2026,74.49,81.05,73.0,81.05,73.69,50779,38.28,313,45407.0,89.42
KRMAYURVED, 04-Aug-2026,301.45,303.0,293.0,293.0,288.6,76000,228.84,62,73000.0,96.05
KRONOX, 04-Aug-2026,153.8,163.5,153.59,161.83,153.81,592131,949.81,10941,155894.0,26.33
KROSS, 04-Aug-2026,204.29,209.9,203.0,207.48,203.39,373928,771.58,7655,134330.0,35.92
KRSNAA, 04-Aug-2026,546.8,568.55,539.0,562.15,540.8,142182,794.27,6468,68866.0,48.44
KRT, 04-Aug-2026,118.49,118.49,117.3,117.49,117.64,373178,439.59,10205,310497.0,83.2
KRYSTAL, 04-Aug-2026,607.0,608.5,600.0,600.55,602.2,8776,52.89,505,4595.0,52.36
KSB, 04-Aug-2026,856.0,891.95,844.0,856.95,857.75,492209,4292.21,28864,108216.0,21.99
KSCL, 04-Aug-2026,777.95,789.25,773.55,779.7,780.5,66986,523.38,4671,31198.0,46.57
KSHINTL, 04-Aug-2026,880.6,914.45,867.55,910.25,878.2,190327,1702.7,12421,95065.0,49.95
KSL, 04-Aug-2026,886.5,892.0,870.0,870.9,886.5,19900,174.41,1778,10284.0,51.68
KSOLVES, 04-Aug-2026,280.65,285.0,278.85,283.05,282.8,21605,61.04,1061,10879.0,50.35
KSR, 04-Aug-2026,30.9,30.9,29.0,29.03,29.67,5195,1.52,55,4412.0,84.93
KTKBANK, 04-Aug-2026,290.1,297.5,286.6,296.05,289.45,3234907,9487.24,57624,1792285.0,55.4
KUANTUM, 04-Aug-2026,79.5,81.37,78.81,79.4,79.35,140649,112.47,2000,77243.0,54.92
KUSUMGAR, 04-Aug-2026,620.6,643.8,600.05,622.05,615.8,1809484,11300.78,42610,459905.0,25.42
KWIL, 04-Aug-2026,33.25,33.32,32.5,32.69,33.16,4454112,1463.87,10805,2157145.0,48.43
LAGNAM, 04-Aug-2026,87.0,89.89,85.1,86.15,88.44,12591,11.0,201,8761.0,69.58
LAHOTIOV, 04-Aug-2026,41.99,42.43,40.65,41.7,41.49,3640,1.52,30,2927.0,80.41
LAKSHYA, 04-Aug-2026,86.0,88.25,86.0,87.6,90.0,10400,9.06,12,7200.0,69.23
LAL, 04-Aug-2026,8.01,8.94,8.0,8.42,8.13,1781469,146.0,569,909192.0,51.04
LALPATHLAB, 04-Aug-2026,1911.9,1955.1,1871.0,1889.4,1900.4,500180,9582.62,42745,297524.0,59.48
LAMBODHARA, 04-Aug-2026,113.43,114.5,111.45,113.28,111.3,2083,2.36,64,1596.0,76.62
LAMOSAIC, 04-Aug-2026,50.75,52.5,50.7,52.4,52.5,60600,31.71,45,58800.0,97.03
LANCORHOL, 04-Aug-2026,26.68,26.68,26.01,26.34,26.54,51644,13.59,363,41025.0,79.44
LANDMARK, 04-Aug-2026,545.0,548.45,535.6,543.5,542.9,135357,734.53,6335,42757.0,31.59
LANDSMILL, 04-Aug-2026,0.81,0.82,0.79,0.8,0.8,2335453,18.71,837,1362726.0,58.35
LAOPALA, 04-Aug-2026,187.7,191.4,187.0,190.31,187.81,119245,225.75,2245,72502.0,60.8
LASA, 04-Aug-2026,7.2,7.2,6.84,7.11,6.93,22598,1.59,100,17504.0,77.46
LASERPOWER, 04-Aug-2026,295.8,299.5,285.95,287.45,295.1,1352390,3934.38,15039,525155.0,38.83
LATENTVIEW, 04-Aug-2026,299.1,300.3,295.8,298.05,297.85,585801,1744.2,9084,268594.0,45.85
LAURUSLABS, 04-Aug-2026,1811.0,1850.0,1806.1,1850.0,1811.4,1405192,25704.07,48075,815267.0,58.02
LAXMICOT, 04-Aug-2026,14.51,14.95,14.11,14.26,14.63,10469,1.5,114,6535.0,62.42
LAXMIDENTL, 04-Aug-2026,219.67,221.97,217.0,218.23,218.13,108321,237.47,2611,52929.0,48.86
LCCINFOTEC, 04-Aug-2026,4.3,4.3,4.06,4.19,4.14,20668,0.87,64,15318.0,74.11
LCL, 04-Aug-2026,518.0,527.45,509.05,519.2,525.7,1119100,5805.04,22258,476606.0,42.59
LEMERITE, 04-Aug-2026,23.89,24.0,22.26,23.12,23.26,416735,97.01,833,142151.0,34.11
LEMONTREE, 04-Aug-2026,114.03,114.39,112.5,113.29,114.03,2489083,2824.08,32219,1347739.0,54.15
LENSKART, 04-Aug-2026,566.15,572.85,565.6,567.5,568.35,2501779,14215.76,61386,1657235.0,66.24
LEXUS, 04-Aug-2026,14.5,15.12,14.5,14.88,14.64,5314,0.79,84,3611.0,67.95
LFIC, 04-Aug-2026,141.05,143.0,137.0,142.68,141.06,3918,5.48,128,2398.0,61.2
LGBBROSLTD, 04-Aug-2026,1544.9,1548.8,1504.0,1519.8,1532.4,36838,561.12,4585,22112.0,60.02
LGEINDIA, 04-Aug-2026,1569.8,1580.0,1539.0,1542.5,1569.8,147961,2309.77,10690,65210.0,44.07
LGHL, 04-Aug-2026,206.36,206.36,200.2,201.82,201.31,17019,34.73,190,828.0,4.87
LIBAS, 04-Aug-2026,10.1,10.1,9.62,9.9,10.09,27482,2.7,206,22127.0,80.51
LIBERTSHOE, 04-Aug-2026,264.75,265.0,259.45,260.9,261.9,17597,46.06,809,10827.0,61.53
LICHSGFIN, 04-Aug-2026,516.95,518.6,509.35,512.0,519.0,1388121,7128.0,25461,492004.0,35.44
LICI, 04-Aug-2026,392.0,402.4,388.8,391.3,428.5,52718651,208135.86,336834,21997514.0,41.73
LICMFGOLD, 04-Aug-2026,128.2,128.55,127.6,127.95,127.8,240966,308.99,381,228216.0,94.71
LICNETFGSC, 04-Aug-2026,29.65,29.65,29.22,29.44,29.43,46708,13.75,95,33549.0,71.83
LICNETFN50, 04-Aug-2026,276.27,276.77,275.09,275.44,275.94,1172,3.23,26,644.0,54.95
LICNETFSEN, 04-Aug-2026,888.5,891.33,867.17,888.0,888.5,518,4.61,12,514.0,99.23
LICNFNHGP, 04-Aug-2026,282.45,282.67,279.99,281.47,282.62,367,1.03,13,239.0,65.12
LICNMID100, 04-Aug-2026,63.8,64.65,63.35,63.6,63.8,8394,5.41,73,7399.0,88.15
LIKHITHA, 04-Aug-2026,220.2,228.05,220.2,221.97,226.1,28451,63.44,828,21173.0,74.42
LINC, 04-Aug-2026,101.7,104.02,100.5,101.68,101.64,14615,14.94,483,10468.0,71.63
LINCOLN, 04-Aug-2026,580.0,600.45,572.0,593.3,580.75,43978,256.19,2492,25701.0,58.44
LINDEINDIA, 04-Aug-2026,6975.0,7319.5,6970.0,7156.5,6980.5,68811,4945.88,15152,29277.0,42.55
LIQGRWBEES, 04-Aug-2026,1050.25,1050.27,1050.25,1050.26,1050.14,110234,1157.75,218,67357.0,61.1
LIQUID, 04-Aug-2026,999.99,1000.0,999.99,999.99,999.99,1069939,10699.33,643,115430.0,10.79
LIQUID1, 04-Aug-2026,1116.58,1116.6,1116.58,1116.59,1116.43,804516,8983.16,880,464885.0,57.78
LIQUIDADD, 04-Aug-2026,1138.7,1138.73,1138.7,1138.72,1138.57,247151,2814.36,459,160626.0,64.99
LIQUIDBEES, 04-Aug-2026,1001.0,1001.0,999.99,999.99,999.99,2882079,28820.66,3882,2531374.0,87.83
LIQUIDBETA, 04-Aug-2026,1002.78,1002.8,1002.78,1002.78,1002.68,408,4.09,4,400.0,98.04
LIQUIDBETF, 04-Aug-2026,1093.11,1093.13,1093.11,1093.12,1092.98,181702,1986.22,105,92450.0,50.88
LIQUIDCASE, 04-Aug-2026,115.3,115.32,115.3,115.31,115.3,19205542,22145.61,18605,12526074.0,65.22
LIQUIDETF, 04-Aug-2026,1000.0,1000.01,999.99,999.99,1000.0,72082,720.82,296,47340.0,65.68
LIQUIDIETF, 04-Aug-2026,999.99,1000.01,999.99,999.99,999.99,1055760,10557.6,389,801593.0,75.93
LIQUIDPLUS, 04-Aug-2026,1097.36,1097.36,1097.34,1097.34,1097.21,3249928,35663.38,425,3126192.0,96.19
LIQUIDSBI, 04-Aug-2026,1000.0,1000.0,999.99,999.99,1000.0,3890,38.9,17,3883.0,99.82
LIQUIDSHRI, 04-Aug-2026,1115.83,1115.85,1115.83,1115.83,1115.7,1055,11.77,14,946.0,89.67
LLOYDS, 04-Aug-2026,71.0,71.0,71.0,71.0,68.5,1000,0.71,1,1000.0,100.0
LLOYDSENGG, 04-Aug-2026,92.25,93.99,90.55,92.72,91.84,15573787,14389.47,49047,5525885.0,35.48
LLOYDSENT, 04-Aug-2026,81.44,82.94,80.3,81.15,81.57,2988870,2433.19,11246,1377025.0,46.07
LLOYDSME, 04-Aug-2026,2042.1,2070.5,2037.3,2053.0,2050.6,361959,7452.28,19791,197096.0,54.45
LMW, 04-Aug-2026,16195.0,16259.0,15987.0,16064.0,16182.0,2003,322.0,1078,1052.0,52.52
LODHA, 04-Aug-2026,1243.0,1260.9,1229.8,1229.8,1239.8,912671,11359.18,27299,327856.0,35.92
LORDSCHLO, 04-Aug-2026,147.0,150.0,146.38,147.53,147.86,9697,14.39,334,6376.0,65.75
LOTUSDEV, 04-Aug-2026,202.2,202.2,191.05,193.65,197.66,7058850,13848.42,16688,2865296.0,40.59
LOTUSEYE, 04-Aug-2026,117.61,119.1,116.0,116.56,117.46,5615,6.58,215,3985.0,70.97
LOVABLE, 04-Aug-2026,74.72,74.8,72.1,73.31,73.93,5345,3.93,159,3277.0,61.31
LOWVOL, 04-Aug-2026,213.46,213.91,211.65,211.92,214.3,744,1.59,22,694.0,93.28
LOWVOL1, 04-Aug-2026,21.86,21.86,21.21,21.46,21.86,262217,56.85,322,89331.0,34.07
LOWVOLIETF, 04-Aug-2026,23.27,23.27,22.3,22.53,22.81,5340733,1215.09,1314,4873906.0,91.26
LOYALTEX, 04-Aug-2026,219.32,219.32,205.05,208.99,200.05,588,1.24,38,324.0,55.1
LPDC, 04-Aug-2026,6.14,6.35,6.14,6.32,6.3,20650,1.3,114,17546.0,84.97
LT, 04-Aug-2026,4007.2,4042.4,3988.2,3990.0,4025.0,1827982,73451.63,99895,781964.0,42.78
LTF, 04-Aug-2026,320.05,321.95,315.65,317.9,318.0,5387646,17157.19,52203,2547280.0,47.28
LTFOODS, 04-Aug-2026,415.0,427.7,413.75,417.4,415.3,723566,3051.01,23796,274897.0,37.99
LTGILTBEES, 04-Aug-2026,29.96,29.98,29.86,29.9,29.96,2291192,685.23,813,1597355.0,69.72
LTGILTCASE, 04-Aug-2026,30.59,30.59,30.43,30.49,30.44,131797,40.13,180,104670.0,79.42
LTM, 04-Aug-2026,4690.0,4694.8,4550.6,4559.0,4690.0,316156,14533.89,31720,97559.0,30.86
LTTS, 04-Aug-2026,3563.8,3563.8,3465.3,3502.0,3564.8,115842,4067.36,10025,76888.0,66.37
LUMAXIND, 04-Aug-2026,5828.0,5839.0,5680.5,5704.5,5772.5,16489,943.24,4358,7640.0,46.33
LUMAXTECH, 04-Aug-2026,1626.3,1645.7,1590.5,1634.3,1625.7,142707,2322.78,17092,61949.0,43.41
LUPIN, 04-Aug-2026,2394.0,2410.0,2377.1,2410.0,2393.0,1169093,27948.56,89726,755259.0,64.6
LUXIND, 04-Aug-2026,1266.0,1309.7,1259.0,1267.9,1260.0,47511,609.99,3501,18265.0,38.44
LXCHEM, 04-Aug-2026,180.5,186.99,179.97,184.29,180.46,1917493,3534.0,18690,661675.0,34.51
M&M, 04-Aug-2026,3401.0,3434.1,3384.6,3433.0,3428.6,2450782,83648.54,109107,1508992.0,61.57
M&MFIN, 04-Aug-2026,399.65,403.95,392.8,398.6,405.5,3039050,12137.4,45528,1499133.0,49.33
MAANALU, 04-Aug-2026,126.0,132.16,126.0,127.09,126.78,120211,155.08,1962,68386.0,56.89
MACOBSTECH, 04-Aug-2026,220.5,220.55,205.0,210.1,220.3,109600,236.75,30,96000.0,87.59
MACPOWER, 04-Aug-2026,1457.8,1540.0,1450.4,1530.3,1457.8,62517,947.76,7291,31342.0,50.13
MADHAV, 04-Aug-2026,35.01,35.01,33.3,33.59,34.22,1172,0.4,122,890.0,75.94
MADHAVIPL, 04-Aug-2026,7.94,7.99,7.76,7.89,7.85,64792,5.1,361,53022.0,81.83
MADHUSUDAN, 04-Aug-2026,231.0,231.0,229.3,230.15,234.0,7000,16.11,7,7000.0,100.0
MADRASFERT, 04-Aug-2026,67.45,67.63,66.31,66.87,66.76,43782,29.29,581,20907.0,47.75
MAFANG, 04-Aug-2026,193.69,193.69,193.69,193.69,191.18,119762,231.97,315,119762.0,100.0
MAFATIND, 04-Aug-2026,134.87,135.98,128.5,132.01,134.61,32953,44.06,769,23489.0,71.28
MAGADSUGAR, 04-Aug-2026,540.1,578.0,531.2,548.75,534.95,418222,2333.53,22875,88745.0,21.22
MAGNUM, 04-Aug-2026,20.45,20.45,19.35,19.94,19.99,19820,3.94,109,16329.0,82.39
MAHABANK, 04-Aug-2026,79.6,79.89,78.3,78.42,79.57,7746114,6102.57,42429,4387953.0,56.65
MAHAPEXLTD, 04-Aug-2026,45.65,46.09,44.44,45.41,45.55,4166,1.89,84,3662.0,87.9
MAHASTEEL, 04-Aug-2026,1048.0,1103.7,1009.0,1074.9,1027.1,77900,840.93,3847,34238.0,43.95
MAHEPC, 04-Aug-2026,106.8,107.91,106.38,107.68,107.76,9377,10.06,303,4788.0,51.06
MAHICKRA, 04-Aug-2026,263.5,263.5,263.5,263.5,260.0,750,1.98,1,750.0,100.0
MAHKTECH, 04-Aug-2026,23.67,23.67,23.67,23.67,23.6,698787,165.4,2849,557679.0,79.81
MAHLIFE, 04-Aug-2026,401.0,401.4,394.65,397.55,398.25,131736,524.63,6710,67619.0,51.33
MAHLOG, 04-Aug-2026,417.0,422.3,412.15,421.0,416.3,167066,698.72,6057,100405.0,60.1
MAHSCOOTER, 04-Aug-2026,14000.0,14125.0,13530.0,13833.0,13937.0,8723,1216.41,3879,3804.0,43.61
MAHSEAMLES, 04-Aug-2026,573.7,582.5,571.05,579.1,573.7,70989,409.43,5237,40635.0,57.24
MAITHANALL, 04-Aug-2026,958.0,978.8,955.45,962.75,963.9,58516,566.92,3807,34090.0,58.26
MAITREYA, 04-Aug-2026,120.0,123.45,119.0,122.0,121.0,5200,6.26,12,3600.0,69.23
MAJESAUT, 04-Aug-2026,485.0,498.8,471.25,482.45,475.3,85374,413.84,4377,46065.0,53.96
MAKEINDIA, 04-Aug-2026,167.8,168.38,166.97,167.01,167.29,51177,85.67,454,39468.0,77.12
MAL, 04-Aug-2026,33.0,33.0,33.0,33.0,33.0,1600,0.53,1,1600.0,100.0
MALLCOM, 04-Aug-2026,993.95,995.0,984.85,992.7,975.85,1705,16.9,137,1341.0,78.65
MALUPAPER, 04-Aug-2026,33.27,34.5,32.8,33.45,33.15,19625,6.62,179,10524.0,53.63
MAMATA, 04-Aug-2026,402.15,417.9,401.05,414.4,403.15,142140,587.18,3986,66929.0,47.09
MANAKALUCO, 04-Aug-2026,34.56,35.26,34.56,35.12,34.5,21715,7.59,407,14727.0,67.82
MANAKCOAT, 04-Aug-2026,119.89,121.23,118.0,119.42,120.08,242862,290.98,2933,141805.0,58.39
MANAKSIA, 04-Aug-2026,56.25,57.94,56.25,56.74,56.67,13745,7.8,173,5821.0,42.35
MANAKSTEEL, 04-Aug-2026,75.99,80.86,72.74,79.26,75.21,61418,47.08,631,45430.0,73.97
MANALIPETC, 04-Aug-2026,67.25,68.0,66.1,66.57,66.64,353389,237.37,2964,184593.0,52.24
MANAPPURAM, 04-Aug-2026,365.0,366.7,352.0,356.6,365.0,8392284,30036.53,156908,3741729.0,44.59
MANBA, 04-Aug-2026,137.5,137.99,134.0,134.68,137.29,160259,216.66,1216,100818.0,62.91
MANCREDIT, 04-Aug-2026,257.5,258.5,241.15,245.15,257.36,263184,669.28,2937,145879.0,55.43
MANDEEP, 04-Aug-2026,19.1,19.1,19.05,19.05,19.15,6000,1.14,3,6000.0,100.0
MANGALAM, 04-Aug-2026,26.61,27.3,26.56,26.98,26.98,23901,6.42,156,18786.0,78.6
MANGLMCEM, 04-Aug-2026,945.95,949.95,940.25,944.65,945.5,4106,38.83,460,3051.0,74.31
MANINDS, 04-Aug-2026,548.6,555.0,534.05,542.7,548.6,208672,1132.65,6618,100920.0,48.36
MANINFRA, 04-Aug-2026,99.24,113.2,99.11,111.61,99.82,9068086,9851.41,42366,1892914.0,20.87
MANKIND, 04-Aug-2026,2483.0,2487.0,2438.0,2438.0,2483.0,346444,8543.17,13969,207565.0,59.91
MANOMAY, 04-Aug-2026,215.42,217.91,210.1,213.43,213.3,100558,215.7,916,34833.0,34.64
MANORAMA, 04-Aug-2026,1640.0,1655.0,1612.0,1617.8,1633.0,88206,1441.53,9270,48040.0,54.46
MANUFGBEES, 04-Aug-2026,163.54,166.87,163.54,165.99,163.54,11347,18.82,86,9779.0,86.18
MANYAVAR, 04-Aug-2026,416.95,496.8,415.9,485.9,418.75,30164506,141964.81,336081,2165794.0,7.18
MAPMYINDIA, 04-Aug-2026,1204.0,1214.0,1092.7,1139.7,1196.0,277378,3242.76,16161,120774.0,43.54
MARATHON, 04-Aug-2026,399.8,401.75,389.1,391.45,402.25,53060,210.3,1872,36466.0,68.73
MARC, 04-Aug-2026,120.9,120.9,118.0,118.0,116.6,4800,5.73,4,3600.0,75.0
MARCO, 04-Aug-2026,30.9,31.95,30.9,31.95,30.95,6000,1.89,4,6000.0,100.0
MARICO, 04-Aug-2026,880.95,881.0,852.15,875.0,880.95,2333652,20251.91,71081,1023904.0,43.88
MARINE, 04-Aug-2026,289.0,306.0,284.5,300.6,287.75,3136932,9369.54,37069,1286085.0,41.0
MARINETRAN, 04-Aug-2026,14.8,14.8,14.8,14.8,14.1,4000,0.59,1,4000.0,100.0
MARKOLINES, 04-Aug-2026,177.28,179.54,175.75,176.17,177.28,177739,315.5,1742,40450.0,22.76
MARKSANS, 04-Aug-2026,262.3,270.25,260.8,269.1,262.25,1316602,3510.86,22468,587046.0,44.59
MARSONS, 04-Aug-2026,110.45,111.0,107.5,108.15,110.45,1923406,2100.94,6155,785934.0,40.86
MARUSHIKA, 04-Aug-2026,100.1,100.1,100.1,100.1,99.95,4800,4.8,2,4800.0,100.0
MARUTI, 04-Aug-2026,14124.0,14254.0,14015.0,14168.0,14150.0,619717,87598.28,70909,349050.0,56.32
MASFIN, 04-Aug-2026,321.2,321.2,310.0,310.75,317.65,105196,330.68,5311,66163.0,62.89
MASON, 04-Aug-2026,124.0,124.0,120.0,120.0,122.5,8000,9.67,16,8000.0,100.0
MASPTOP50, 04-Aug-2026,77.96,77.96,77.96,77.96,77.42,30564,23.83,137,30564.0,100.0
MASTEK, 04-Aug-2026,1893.0,1893.0,1833.0,1842.6,1893.2,103225,1910.56,11598,49863.0,48.31
MASTER, 04-Aug-2026,485.0,502.0,485.0,500.25,479.4,4000,19.9,8,3500.0,87.5
MASTERTR, 04-Aug-2026,84.95,86.12,83.21,84.03,84.85,348979,293.25,1281,106725.0,30.58
MATRIMONY, 04-Aug-2026,431.0,436.95,426.3,431.2,430.95,13563,58.54,543,10648.0,78.51
MAXESTATES, 04-Aug-2026,403.35,403.45,392.0,392.6,400.35,47039,185.72,2546,29980.0,63.73
MAXHEALTH, 04-Aug-2026,1105.1,1105.1,1066.1,1077.0,1100.4,1492388,16173.11,65726,966166.0,64.74
MAXIND, 04-Aug-2026,176.85,176.85,169.08,171.8,174.64,61238,105.35,1605,37447.0,61.15
MAXVOLT, 04-Aug-2026,352.4,359.95,350.0,350.0,348.95,21200,75.38,49,17200.0,81.13
MAYASHEEL, 04-Aug-2026,39.5,39.5,39.5,39.5,40.0,3000,1.19,1,3000.0,100.0
MAYURUNIQ, 04-Aug-2026,785.9,807.6,772.0,774.45,783.95,50457,394.14,4767,28107.0,55.7
MAZDOCK, 04-Aug-2026,2390.0,2412.0,2380.2,2389.0,2390.0,459020,10987.74,22145,158148.0,34.45
MBAPL, 04-Aug-2026,160.99,161.2,157.0,158.62,160.01,424599,674.83,8955,222081.0,52.3
MBEL, 04-Aug-2026,294.9,299.8,292.5,295.75,294.7,86778,256.88,3896,51555.0,59.41
MCCHRLS-B, 04-Aug-2026,698.95,698.95,679.95,680.0,690.0,390,2.65,23,367.0,94.1
MCL, 04-Aug-2026,57.57,57.57,55.0,55.25,56.17,43596,24.31,1016,25099.0,57.57
MCLOUD, 04-Aug-2026,29.19,29.19,28.6,28.76,29.23,1664375,480.09,4006,683817.0,41.09
MCX, 04-Aug-2026,2655.7,2699.0,2637.0,2680.0,2642.1,1513020,40370.26,86859,708002.0,46.79
MDL, 04-Aug-2026,61.15,61.15,61.15,61.15,64.35,3000,1.83,3,3000.0,100.0
MEDANTA, 04-Aug-2026,1450.0,1450.0,1415.0,1435.1,1444.9,197187,2823.55,20550,118009.0,59.85
MEDIASSIST, 04-Aug-2026,362.2,364.75,351.55,357.7,361.0,152210,544.4,10631,82271.0,54.05
MEDICAMEQ, 04-Aug-2026,242.46,254.2,240.08,250.83,240.02,23156,57.41,769,19248.0,83.12
MEDICO, 04-Aug-2026,50.25,50.25,44.7,49.06,49.66,1878329,899.44,3417,733057.0,39.03
MEDIORG, 04-Aug-2026,29.6,29.9,29.6,29.85,28.5,10000,2.98,5,8000.0,80.0
MEDISTEP, 04-Aug-2026,19.2,19.5,19.2,19.5,19.2,21000,4.08,5,21000.0,100.0
MEDPLUS, 04-Aug-2026,697.15,697.15,681.0,684.05,696.4,283972,1947.49,12201,199928.0,70.4
MEESHO, 04-Aug-2026,192.5,195.9,190.55,191.88,191.57,15087463,29157.23,70470,5650808.0,37.45
MEGASTAR, 04-Aug-2026,325.2,334.5,319.75,329.8,327.2,3448,11.19,260,1660.0,48.14
MEGATHERM, 04-Aug-2026,207.9,212.0,207.0,208.75,205.0,16000,33.51,30,14400.0,90.0
MEIL, 04-Aug-2026,288.0,290.95,286.05,286.55,289.0,12976,37.36,1050,8362.0,64.44
MENNPIS, 04-Aug-2026,75.0,82.0,71.35,73.34,74.43,575410,443.12,5996,246026.0,42.76
MERCANTILE, 04-Aug-2026,24.85,26.44,23.7,24.16,24.33,3491,0.88,124,1633.0,46.78
MERCURYEV, 04-Aug-2026,34.7,36.45,33.9,35.74,35.43,311062,109.12,3514,175063.0,56.28
METAL, 04-Aug-2026,13.32,13.32,12.91,13.12,13.0,2558661,335.47,4210,1368763.0,53.5
METALIC, 04-Aug-2026,100.0,105.9,95.9,105.9,100.9,452800,467.5,235,406400.0,89.75
METALIETF, 04-Aug-2026,13.14,13.15,12.94,13.1,12.97,10880947,1421.12,9386,5233207.0,48.1
METROBRAND, 04-Aug-2026,1034.9,1045.8,1022.0,1040.7,1034.9,24742,256.27,3731,13121.0,53.03
METROGLOBL, 04-Aug-2026,132.0,135.99,130.17,132.42,133.26,1246,1.66,81,827.0,66.37
METROPOLIS, 04-Aug-2026,597.35,597.35,581.4,584.5,596.45,165890,972.98,9796,103921.0,62.64
MFML, 04-Aug-2026,19.44,20.88,18.91,19.62,19.84,7526,1.47,104,5646.0,75.02
MFSL, 04-Aug-2026,1544.0,1548.5,1495.3,1519.3,1542.5,667396,10122.53,31680,398521.0,59.71
MGL, 04-Aug-2026,1119.9,1129.0,1109.0,1111.6,1115.7,161168,1800.01,13570,94689.0,58.75
MGSL, 04-Aug-2026,79.5,81.85,74.0,74.5,77.75,45600,35.57,35,31200.0,68.42
MHLXMIRU, 04-Aug-2026,148.33,155.74,146.81,155.71,148.33,22860,35.2,394,18690.0,81.76
MHRIL, 04-Aug-2026,219.89,229.9,217.0,227.98,218.96,283956,639.35,5462,144359.0,50.84
MICROPRO, 04-Aug-2026,18.2,18.2,18.2,18.2,18.3,1600,0.29,1,1600.0,100.0
MID150, 04-Aug-2026,23.82,23.85,23.32,23.64,23.71,82670,19.65,206,73963.0,89.47
MID150BEES, 04-Aug-2026,241.51,243.9,241.02,241.47,241.51,1105495,2674.04,11960,884129.0,79.98
MID150CASE, 04-Aug-2026,12.02,12.02,11.7,11.73,11.73,1201752,141.28,3371,840987.0,69.98
MIDCAP, 04-Aug-2026,18.61,19.0,18.52,18.57,18.61,556408,103.51,973,308582.0,55.46
MIDCAPADD, 04-Aug-2026,23.45,23.51,23.37,23.4,23.35,49703,11.66,28,25385.0,51.07
MIDCAPBETA, 04-Aug-2026,236.2,237.11,235.01,236.96,236.2,5620,13.27,39,3627.0,64.54
MIDCAPETF, 04-Aug-2026,23.86,23.99,23.8,23.85,23.86,2654883,634.15,6195,1866423.0,70.3
MIDCAPIETF, 04-Aug-2026,24.75,24.75,24.12,24.21,24.15,844596,204.39,2328,386286.0,45.74
MIDHANI, 04-Aug-2026,403.35,415.0,403.35,412.6,403.65,439267,1796.48,10904,238656.0,54.33
MIDQ50ADD, 04-Aug-2026,25.97,25.97,25.45,25.46,25.46,47003,11.99,117,44099.0,93.82
MIDSELIETF, 04-Aug-2026,19.94,19.94,19.57,19.62,19.71,447724,88.11,721,304129.0,67.93
MIDSMALL, 04-Aug-2026,51.42,51.81,51.42,51.65,51.42,356203,184.0,614,300667.0,84.41
MIDWESTLTD, 04-Aug-2026,1210.7,1224.9,1210.7,1216.8,1214.9,3528,42.95,493,2433.0,68.96
MILTON, 04-Aug-2026,32.2,32.3,32.2,32.3,32.0,440000,141.9,2,440000.0,100.0
MINDACORP, 04-Aug-2026,732.0,732.0,718.5,722.2,727.6,233679,1691.93,13106,108090.0,46.26
MINDSPACE, 04-Aug-2026,493.9,497.5,493.15,493.67,493.15,179777,889.23,10118,165439.0,92.02
MINDTECK, 04-Aug-2026,192.4,196.49,192.0,192.39,193.37,18952,36.61,860,11255.0,59.39
MIRZAINT, 04-Aug-2026,33.9,34.35,33.64,34.2,33.72,162717,55.4,1308,97683.0,60.03
MITTAL, 04-Aug-2026,0.91,0.93,0.89,0.9,0.91,252468,2.29,242,178874.0,70.85
MKPL, 04-Aug-2026,4.28,4.29,4.15,4.18,4.25,135729,5.7,420,103753.0,76.44
MMEL, 04-Aug-2026,26.7,29.3,26.65,29.3,28.05,22000,6.03,11,16000.0,72.73
MMFL, 04-Aug-2026,555.0,572.0,550.0,552.85,554.4,136092,764.81,6780,73328.0,53.88
MMP, 04-Aug-2026,296.85,304.0,291.1,301.05,294.65,111095,332.37,3128,71467.0,64.33
MMTC, 04-Aug-2026,63.65,64.65,63.63,63.65,63.65,1304788,835.13,7649,545332.0,41.79
MNC, 04-Aug-2026,34.35,34.71,34.2,34.38,34.35,106624,36.8,506,89410.0,83.86
MOALPHA50, 04-Aug-2026,55.23,55.23,54.66,54.96,54.39,14064,7.73,85,9589.0,68.18
MOBANK10, 04-Aug-2026,17.2,17.21,17.0,17.06,17.17,6226,1.06,74,6178.0,99.23
MOBIKWIK, 04-Aug-2026,216.25,216.8,204.7,205.97,214.77,3237820,6749.66,28172,1129075.0,34.87
MOBILISE, 04-Aug-2026,114.0,114.0,114.0,114.0,114.0,8000,9.12,3,8000.0,100.0
MOCAPITAL, 04-Aug-2026,54.07,54.07,52.65,53.04,52.76,884520,471.01,2710,573215.0,64.81
MODEFENCE, 04-Aug-2026,103.28,104.15,102.99,103.07,102.98,869879,901.03,5368,506597.0,58.24
MODIRUBBER, 04-Aug-2026,121.37,130.0,121.37,124.51,121.37,2055,2.56,77,1336.0,65.01
MODIS, 04-Aug-2026,398.9,400.4,394.0,396.0,398.55,6146,24.39,333,3331.0,54.2
MODTHREAD, 04-Aug-2026,48.85,50.0,48.0,48.05,48.85,1533,0.75,28,1504.0,98.11
MOENERGY, 04-Aug-2026,39.76,39.76,38.7,38.94,38.98,104750,40.88,667,69412.0,66.26
MOGOLD, 04-Aug-2026,140.9,140.9,140.0,140.3,140.55,288952,405.43,688,279860.0,96.85
MOGSEC, 04-Aug-2026,66.0,66.1,64.98,65.24,66.02,2227,1.46,73,1439.0,64.62
MOHEALTH, 04-Aug-2026,52.13,52.13,51.36,51.71,51.52,46392,23.97,538,30417.0,65.57
MOHITIND, 04-Aug-2026,24.0,26.94,23.0,26.94,22.45,297820,78.79,581,148911.0,50.0
MOIL, 04-Aug-2026,283.7,284.55,280.2,282.75,282.05,418216,1181.21,7959,154526.0,36.95
MOINFRA, 04-Aug-2026,62.48,62.5,60.6,60.73,61.25,22552,13.81,81,17502.0,77.61
MOIPO, 04-Aug-2026,49.03,49.03,47.5,47.96,47.84,2289,1.1,42,2220.0,96.99
MOKSH, 04-Aug-2026,10.3,10.47,10.14,10.29,10.2,20807,2.14,127,15326.0,73.66
MOL, 04-Aug-2026,54.36,55.0,53.51,54.07,54.36,663181,358.68,3106,323100.0,48.72
MOLDTECH, 04-Aug-2026,149.5,153.2,148.18,151.46,149.19,75662,113.8,1629,37545.0,49.62
MOLDTKPAC, 04-Aug-2026,682.8,702.9,680.0,684.9,675.1,90999,630.01,5296,42586.0,46.8
MOLOWVOL, 04-Aug-2026,38.7,38.84,36.71,37.5,39.01,133280,50.04,547,105875.0,79.44
MOM100, 04-Aug-2026,68.22,68.79,67.32,68.12,68.22,411928,281.88,2479,182995.0,44.42
MOM30IETF, 04-Aug-2026,31.35,31.59,31.24,31.4,31.1,750806,235.98,2220,454020.0,60.47
MOM50, 04-Aug-2026,261.54,261.54,255.79,256.27,256.41,2193,5.64,121,1518.0,69.22
MOMENTUM, 04-Aug-2026,30.92,31.43,30.92,31.21,30.93,79054,24.72,218,61554.0,77.86
MOMENTUM30, 04-Aug-2026,30.6,31.05,30.6,30.85,30.6,64698,19.85,101,59467.0,91.91
MOMENTUM50, 04-Aug-2026,53.19,53.7,53.1,53.43,53.01,704540,376.5,1547,476950.0,67.7
MOMGF, 04-Aug-2026,164.1,165.29,161.1,161.78,163.87,6432,10.55,56,6306.0,98.04
MOMIDMTM, 04-Aug-2026,64.0,64.46,64.0,64.22,63.8,87445,56.16,256,78813.0,90.13
MOMMIDCAP, 04-Aug-2026,12.74,12.86,12.74,12.8,12.72,913267,116.91,409,781849.0,85.61
MOMNC, 04-Aug-2026,33.5,33.63,33.21,33.32,33.47,2512,0.84,28,1303.0,51.87
MOMOMENTUM, 04-Aug-2026,62.09,62.75,62.09,62.53,62.09,103875,65.03,375,75476.0,72.66
MON100, 04-Aug-2026,316.35,316.35,316.35,316.35,315.45,284139,898.87,797,284139.0,100.0
MON50EQUAL, 04-Aug-2026,34.41,34.41,34.03,34.3,34.24,62260,21.34,68,62152.0,99.83
MONARCH, 04-Aug-2026,384.55,395.65,379.6,394.25,384.55,241933,949.67,4265,151302.0,62.54
MONEXT50, 04-Aug-2026,73.05,74.51,73.05,74.13,73.97,4035,3.0,69,3467.0,85.92
MONEYBOXX, 04-Aug-2026,59.95,63.0,59.6,61.73,60.69,6045,3.69,133,2518.0,41.65
MONIFTY100, 04-Aug-2026,25.97,25.97,25.71,25.71,25.77,34452,8.91,62,31773.0,92.22
MONIFTY500, 04-Aug-2026,24.29,24.29,24.11,24.16,24.19,547536,132.61,1595,330084.0,60.29
MONOLITH, 04-Aug-2026,895.0,910.0,873.0,878.4,887.7,42250,376.33,137,29750.0,70.41
MONOPHARMA, 04-Aug-2026,9.2,9.2,9.05,9.1,9.5,10000,0.91,5,10000.0,100.0
MONQ50, 04-Aug-2026,140.42,140.42,140.42,140.42,140.56,15443,21.69,114,15443.0,100.0
MONTECARLO, 04-Aug-2026,537.8,540.0,531.4,538.15,533.0,41212,221.15,2230,25775.0,62.54
MOPSE, 04-Aug-2026,101.49,101.94,101.41,101.41,101.3,164,0.17,7,164.0,100.0
MOQUALITY, 04-Aug-2026,206.55,206.55,200.4,202.27,206.55,3148,6.46,65,2685.0,85.29
MOREALTY, 04-Aug-2026,89.02,90.75,89.0,89.43,90.41,604571,544.44,2878,310911.0,51.43
MOREPENLAB, 04-Aug-2026,57.65,69.18,55.91,69.18,57.65,67096271,43481.9,156503,19863913.0,29.61
MOS, 04-Aug-2026,10.55,11.0,10.2,10.2,10.7,272000,28.18,59,240000.0,88.24
MOSCHIP, 04-Aug-2026,209.5,212.9,206.02,208.59,210.23,1349069,2831.31,12091,536786.0,39.79
MOSERVICE, 04-Aug-2026,32.08,32.08,31.63,31.65,31.77,5391,1.71,38,5390.0,99.98
MOSILVER, 04-Aug-2026,215.48,215.48,213.95,214.22,214.46,11132,23.87,730,2491.0,22.38
MOSMALL250, 04-Aug-2026,18.16,18.35,17.95,18.13,17.89,6061165,1106.95,2727,3042616.0,50.2
MOTHERSON, 04-Aug-2026,155.01,155.87,148.34,151.0,155.01,26900441,40605.21,151916,15258021.0,56.72
MOTILALOFS, 04-Aug-2026,870.0,882.45,861.0,861.0,867.95,797586,6949.43,20257,331544.0,41.57
MOTISONS, 04-Aug-2026,14.25,14.29,14.11,14.18,14.25,6560230,931.31,4780,2003846.0,30.55
MOTOUR, 04-Aug-2026,80.98,80.98,80.1,80.12,80.33,35234,28.31,189,32246.0,91.52
MOVALUE, 04-Aug-2026,115.05,115.75,114.73,115.17,115.24,46446,53.54,657,35595.0,76.64
MOXSH, 04-Aug-2026,106.0,106.0,106.0,106.0,101.5,1600,1.7,1,1600.0,100.0
MPEL, 04-Aug-2026,37.45,37.45,35.0,35.0,36.5,6400,2.3,4,6400.0,100.0
MPHASIS, 04-Aug-2026,2429.4,2441.8,2375.4,2380.0,2429.0,244238,5842.55,20262,125741.0,51.48
MPSLTD, 04-Aug-2026,2784.2,2799.8,2687.3,2726.1,2770.5,42334,1160.78,6129,20931.0,49.44
MRF, 04-Aug-2026,133730.0,134000.0,132570.0,132745.0,133730.0,3192,4258.55,1946,1353.0,42.39
MRPL, 04-Aug-2026,173.73,173.88,168.1,169.64,174.06,4545273,7736.54,27557,1420155.0,31.24
MSCI360, 04-Aug-2026,10.62,10.62,10.26,10.26,10.37,1705,0.18,25,1662.0,97.48
MSCIADD, 04-Aug-2026,30.08,30.15,29.93,30.15,30.07,12571,3.78,19,6841.0,54.42
MSCIINDIA, 04-Aug-2026,30.41,30.56,30.25,30.25,30.5,131732,39.95,118,126875.0,96.31
MSPL, 04-Aug-2026,35.08,35.35,34.0,34.19,35.07,801549,277.3,3211,488558.0,60.95
MSTCLTD, 04-Aug-2026,606.0,606.95,595.0,599.8,608.8,161961,974.04,6949,74369.0,45.92
MSUMI, 04-Aug-2026,41.5,42.1,39.46,39.75,41.48,31346920,12599.97,71301,14601456.0,46.58
MTNL, 04-Aug-2026,28.11,28.13,27.67,27.81,28.11,419957,116.92,2198,213310.0,50.79
MUFIN, 04-Aug-2026,132.99,134.25,131.0,132.22,133.1,1124439,1493.71,4535,246308.0,21.9
MUFTI, 04-Aug-2026,82.11,82.99,82.05,82.23,82.69,28429,23.41,542,21380.0,75.2
MUKANDLTD, 04-Aug-2026,143.8,144.96,142.0,142.25,143.6,52584,75.31,891,33275.0,63.28
MUKKA, 04-Aug-2026,23.1,24.0,22.86,22.95,23.29,188968,43.64,1026,101752.0,53.85
MULTICAP, 04-Aug-2026,17.25,17.27,16.86,16.9,16.93,153092,25.96,483,117742.0,76.91
MUNISH, 04-Aug-2026,80.9,80.9,76.5,76.5,77.05,147600,118.86,16,138000.0,93.5
MUNJALAU, 04-Aug-2026,103.01,106.0,102.7,104.05,103.68,393297,411.91,4224,161596.0,41.09
MUNJALSHOW, 04-Aug-2026,143.75,145.94,142.1,144.3,143.47,212933,306.66,3353,105102.0,49.36
MURUDCERA, 04-Aug-2026,31.1,31.29,30.33,30.75,30.7,8438,2.6,138,6911.0,81.9
MUTHOOTCAP, 04-Aug-2026,240.3,243.0,236.71,239.64,237.88,28667,68.85,700,22218.0,77.5
MUTHOOTFIN, 04-Aug-2026,2891.3,2907.0,2870.0,2870.0,2890.9,1372471,39606.95,103497,579531.0,42.23
MUTHOOTMF, 04-Aug-2026,233.41,234.5,223.0,226.3,235.66,658611,1512.68,11300,386915.0,58.75
MVGJL, 04-Aug-2026,170.8,170.99,166.0,167.39,170.7,27924,46.96,1297,11206.0,40.13
MVKAGRO, 04-Aug-2026,287.2,290.0,282.3,282.3,297.15,55200,157.29,78,41700.0,75.54
MWL, 04-Aug-2026,38.45,43.0,37.9,42.25,37.9,11760620,4925.44,29217,1250299.0,10.63
MYMUDRA, 04-Aug-2026,82.25,82.25,78.65,80.0,81.9,6000,4.82,5,4800.0,80.0
NACLIND, 04-Aug-2026,179.9,182.59,177.0,181.13,178.59,600708,1081.77,10770,208224.0,34.66
NAGREEKCAP, 04-Aug-2026,23.5,23.9,22.75,23.75,22.89,1658,0.39,48,1003.0,60.49
NAGREEKEXP, 04-Aug-2026,22.99,23.0,22.1,22.61,22.48,7701,1.72,104,5540.0,71.94
NAHARCAP, 04-Aug-2026,269.99,269.99,257.35,263.18,262.72,2563,6.77,90,2132.0,83.18
NAHARINDUS, 04-Aug-2026,119.7,124.0,119.1,120.61,118.15,31256,38.03,520,23441.0,75.0
NAHARPOLY, 04-Aug-2026,275.5,285.0,275.5,278.6,274.9,48112,134.65,1121,31682.0,65.85
NAHARSPING, 04-Aug-2026,314.95,327.4,313.0,323.7,311.15,172277,552.06,4078,110243.0,63.99
NAM-INDIA, 04-Aug-2026,1170.0,1202.0,1161.7,1202.0,1165.0,1990516,23698.56,67923,1178796.0,59.22
NAMAN, 04-Aug-2026,45.0,45.0,42.75,43.15,45.0,5600,2.47,3,5600.0,100.0
NAMOEWASTE, 04-Aug-2026,275.9,275.9,274.0,274.0,279.0,4800,13.22,6,4800.0,100.0
NARMADA, 04-Aug-2026,16.64,17.0,15.1,15.95,16.26,4562109,733.85,8114,771514.0,16.91
NATCAPSUQ, 04-Aug-2026,161.0,161.0,151.21,152.56,162.33,29136,44.88,405,22155.0,76.04
NATCOPHARM, 04-Aug-2026,930.95,931.45,912.0,917.0,929.1,315967,2903.19,24950,167100.0,52.89
NATHBIOGEN, 04-Aug-2026,159.0,166.99,159.0,164.72,158.84,40345,66.12,731,32055.0,79.45
NATIONALUM, 04-Aug-2026,373.0,382.45,367.15,377.0,369.0,15775994,59485.25,138879,5447842.0,34.53
NATIONSTD, 04-Aug-2026,223.74,223.74,223.74,223.74,235.51,3132,7.01,145,3132.0,100.0
NAUKRI, 04-Aug-2026,1274.5,1276.8,1251.7,1260.0,1268.8,1053721,13312.26,49985,609407.0,57.83
NAVA, 04-Aug-2026,579.85,581.75,568.1,571.7,579.9,191096,1098.95,12888,99904.0,52.28
NAVINFLUOR, 04-Aug-2026,7595.0,7753.5,7557.5,7629.0,7555.0,197050,15074.92,30716,95622.0,48.53
NAVKARCORP, 04-Aug-2026,104.5,104.84,102.11,102.71,103.26,285936,295.15,2134,165344.0,57.83
NAVNETEDUL, 04-Aug-2026,130.52,132.0,127.92,128.63,132.18,404365,523.83,3675,304519.0,75.31
NAZARA, 04-Aug-2026,335.0,355.2,330.2,349.5,339.55,8439332,29219.68,80469,3094186.0,36.66
NBCC, 04-Aug-2026,95.4,96.05,94.7,94.84,95.5,4304105,4098.91,20611,1607779.0,37.35
NBIFIN, 04-Aug-2026,2211.4,2225.0,2160.0,2168.2,2226.3,561,12.28,92,422.0,75.22
NCC, 04-Aug-2026,145.2,145.69,141.0,143.11,144.42,1102480,1588.79,14313,643683.0,58.39
NCLIND, 04-Aug-2026,182.95,184.3,172.2,174.62,182.45,151819,269.07,4366,102175.0,67.3
NDGL, 04-Aug-2026,2800.0,2800.0,2725.0,2799.0,2849.0,216,6.0,22,203.0,93.98
NDL, 04-Aug-2026,2.4,2.42,2.35,2.37,2.37,657765,15.7,817,335636.0,51.03
NDLVENTURE, 04-Aug-2026,127.01,130.14,126.0,127.27,129.34,10542,13.47,217,7814.0,74.12
NDRAUTO, 04-Aug-2026,830.8,833.25,814.05,819.85,824.65,12515,102.81,1276,6284.0,50.21
NDTV, 04-Aug-2026,77.37,77.54,76.35,76.66,77.39,76698,58.96,982,44510.0,58.03
NELCAST, 04-Aug-2026,120.31,125.69,120.15,124.3,121.35,114522,141.01,2056,53844.0,47.02
NELCO, 04-Aug-2026,1007.5,1022.9,976.9,981.7,1000.8,543844,5461.39,15160,153756.0,28.27
NEOCHEM, 04-Aug-2026,89.25,91.5,89.25,91.0,88.85,10800,9.69,9,10800.0,100.0
NEOGEN, 04-Aug-2026,2113.9,2128.4,2072.8,2083.2,2056.1,219702,4619.54,37340,98664.0,44.91
NEPHROCARE, 04-Aug-2026,65.9,67.85,64.15,65.55,65.9,13600,9.11,31,12800.0,94.12
NEPHROPLUS, 04-Aug-2026,688.8,718.2,682.0,713.15,688.75,165491,1165.66,15255,102216.0,61.77
NEPTUNE, 04-Aug-2026,180.0,180.0,176.0,179.0,178.35,13000,23.29,20,12000.0,92.31
NESCO, 04-Aug-2026,1081.7,1081.7,1040.0,1047.6,1073.4,33363,352.96,3848,19206.0,57.57
NESTLEIND, 04-Aug-2026,1523.0,1535.9,1448.3,1520.0,1530.0,4023569,60392.19,108903,2164504.0,53.8
NETF, 04-Aug-2026,273.39,273.39,265.6,265.69,266.73,5855,15.64,127,4824.0,82.39
NETWEB, 04-Aug-2026,4609.0,4780.0,4593.1,4762.2,4586.0,1899271,89587.31,146994,437290.0,23.02
NETWORK18, 04-Aug-2026,29.35,30.25,29.21,30.05,29.38,3520378,1050.58,7622,1480845.0,42.06
NEULANDLAB, 04-Aug-2026,19650.0,19780.0,19155.0,19273.0,19675.0,35321,6863.18,14768,16667.0,47.19
NEWGEN, 04-Aug-2026,563.0,570.3,555.05,561.35,562.75,706009,3964.04,20260,173150.0,24.53
NEWJAISA, 04-Aug-2026,14.05,14.95,14.05,14.95,14.25,12000,1.77,6,10500.0,87.5
NEXT30ADD, 04-Aug-2026,43.86,43.86,43.4,43.73,43.65,3115,1.36,69,2454.0,78.78
NEXT50, 04-Aug-2026,772.23,772.23,763.37,765.09,768.39,25826,198.03,1491,19514.0,75.56
NEXT50ADD, 04-Aug-2026,74.6,75.0,74.59,74.59,74.12,1066,0.8,22,703.0,65.95
NEXT50BETA, 04-Aug-2026,79.4,80.5,79.4,79.66,79.39,351771,282.32,834,275493.0,78.32
NEXT50ETF, 04-Aug-2026,76.5,76.5,74.7,75.01,74.87,23940,17.95,89,5536.0,23.12
NEXT50IETF, 04-Aug-2026,80.01,80.01,77.35,78.04,78.06,1050969,823.97,4914,687542.0,65.42
NEXTMEDIA, 04-Aug-2026,3.87,4.0,3.87,3.94,3.87,4075,0.16,28,1576.0,38.67
NFL, 04-Aug-2026,71.98,72.55,71.5,71.84,71.84,539286,388.22,3348,210638.0,39.06
NFPSAMPOOR, 04-Aug-2026,22.65,23.25,22.6,23.25,22.95,10000,2.28,5,8000.0,80.0
NGLFINE, 04-Aug-2026,3240.0,3324.6,3233.8,3258.1,3292.8,4161,136.73,1223,2543.0,61.12
NH, 04-Aug-2026,1919.7,1925.1,1891.4,1919.4,1919.7,866179,16540.93,29880,660770.0,76.29
NHPC, 04-Aug-2026,79.7,81.4,79.4,80.5,79.25,13752798,11101.18,44290,5440207.0,39.56
NIACL, 04-Aug-2026,175.46,176.03,171.32,171.77,175.46,617415,1064.42,9828,293528.0,47.54
NIBE, 04-Aug-2026,1364.4,1396.9,1364.4,1383.1,1364.4,34573,477.95,3226,16940.0,49.0
NIBL, 04-Aug-2026,34.5,35.98,34.5,35.35,35.09,10172,3.61,258,4902.0,48.19
NIDAN, 04-Aug-2026,13.25,13.25,13.1,13.1,13.0,4000,0.53,4,4000.0,100.0
NIF100BEES, 04-Aug-2026,273.0,274.65,271.11,272.03,270.3,65276,177.75,827,36535.0,55.97
NIF100IETF, 04-Aug-2026,28.64,28.77,28.48,28.5,28.64,87080,24.94,1404,59691.0,68.55
NIFTY1, 04-Aug-2026,270.01,274.0,270.01,272.14,272.05,88409,240.77,1522,55566.0,62.85
NIFTY100EW, 04-Aug-2026,35.79,36.06,35.73,35.79,35.79,357873,128.66,250,328865.0,91.89
NIFTYADD, 04-Aug-2026,259.11,259.8,256.85,257.88,258.73,24788,64.12,205,20125.0,81.19
NIFTYAXIS, 04-Aug-2026,277.29,277.29,270.0,270.96,271.85,9025,24.51,200,4595.0,50.91
NIFTYBEES, 04-Aug-2026,279.87,281.1,278.0,278.79,279.87,5038181,14078.5,43687,3104893.0,61.63
NIFTYBETA, 04-Aug-2026,274.89,274.89,270.0,270.7,272.09,154308,419.52,737,111528.0,72.28
NIFTYBETF, 04-Aug-2026,252.82,255.0,251.42,251.76,252.68,9099,22.92,102,8858.0,97.35
NIFTYCASE, 04-Aug-2026,10.09,10.09,9.81,9.83,9.85,1583891,156.41,1757,1142467.0,72.13
NIFTYETF, 04-Aug-2026,267.96,267.96,266.05,266.53,267.69,423297,1129.83,2037,391409.0,92.47
NIFTYIETF, 04-Aug-2026,278.48,282.2,277.07,277.65,278.33,658638,1832.99,9578,461970.0,70.14
NIFTYQLITY, 04-Aug-2026,21.92,21.92,21.46,21.71,21.69,60802,13.27,244,53936.0,88.71
NIITLTD, 04-Aug-2026,96.71,96.94,95.16,96.24,96.86,188066,180.5,2253,82026.0,43.62
NIITMTS, 04-Aug-2026,249.06,253.99,244.94,250.19,246.61,166986,418.51,5000,83903.0,50.25
NIKITA, 04-Aug-2026,73.9,73.9,73.9,73.9,73.9,1200,0.89,1,1200.0,100.0
NILAINFRA, 04-Aug-2026,7.69,7.75,7.5,7.53,7.66,150178,11.38,415,103151.0,68.69
NILASPACES, 04-Aug-2026,12.71,12.98,12.2,12.23,12.74,396761,49.2,1095,198925.0,50.14
NILE, 04-Aug-2026,1995.0,2000.0,1675.0,1686.0,1958.2,32472,569.24,4131,18479.0,56.91
NILKAMAL, 04-Aug-2026,1704.9,1745.0,1640.0,1734.7,1699.9,90588,1538.41,7591,30674.0,33.86
NIPPOBATRY, 04-Aug-2026,327.15,327.15,319.1,320.9,327.15,2764,8.9,154,2409.0,87.16
NIRAJISPAT, 04-Aug-2026,216.0,216.0,216.0,216.0,215.99,11,0.02,4,11.0,100.0
NIRLON, 04-Aug-2026,609.25,628.95,609.25,620.0,620.15,4339,26.93,330,3071.0,70.78
NIRMAN, 04-Aug-2026,38.35,39.8,36.1,36.95,37.0,54300,20.76,97,39600.0,72.93
NITCO, 04-Aug-2026,108.04,109.34,106.5,107.06,108.09,223395,240.96,3078,121237.0,54.27
NITINSPIN, 04-Aug-2026,573.65,584.5,569.0,571.65,572.35,86997,500.46,4144,51226.0,58.88
NITIRAJ, 04-Aug-2026,218.79,218.79,204.97,214.44,214.87,3943,8.23,130,2825.0,71.65
NITTAGELA, 04-Aug-2026,1725.0,1750.0,1620.0,1637.7,1729.2,16688,279.75,2693,10489.0,62.85
NIVABUPA, 04-Aug-2026,86.79,87.8,86.4,87.31,86.56,786794,687.11,10511,445562.0,56.63
NKIND, 04-Aug-2026,62.0,63.5,60.1,63.03,62.82,604,0.38,25,207.0,34.27
NLCINDIA, 04-Aug-2026,298.05,303.0,295.95,300.7,298.05,1454291,4376.37,26289,706535.0,48.58
NMDC, 04-Aug-2026,84.2,84.7,83.23,84.2,83.8,19524046,16427.97,51386,10205792.0,52.27
NOCIL, 04-Aug-2026,175.39,180.5,170.1,170.99,174.05,3528389,6199.01,32374,930040.0,26.36
NORBTEAEXP, 04-Aug-2026,65.5,66.99,65.29,65.29,65.29,472,0.31,37,317.0,67.16
NORTHARC, 04-Aug-2026,284.15,289.2,281.85,285.05,284.65,523851,1491.52,9121,295879.0,56.48
NOVARTIND, 04-Aug-2026,1638.0,1657.0,1608.2,1622.0,1635.7,11819,193.2,1638,7222.0,61.11
NPBET, 04-Aug-2026,289.49,289.49,286.38,286.86,288.87,455,1.31,27,287.0,63.08
NPST, 04-Aug-2026,1550.0,1559.0,1500.0,1521.2,1523.0,23141,353.04,2360,13531.0,58.47
NRAIL, 04-Aug-2026,487.0,492.0,475.0,483.5,488.15,9391,45.21,663,6067.0,64.6
NRBBEARING, 04-Aug-2026,433.95,434.05,426.2,429.9,433.8,122389,526.29,3859,74030.0,60.49
NRVANDANA, 04-Aug-2026,69.7,70.0,66.6,70.0,69.8,9000,6.19,3,9000.0,100.0
NSIL, 04-Aug-2026,5640.0,5683.5,5562.0,5596.0,5622.0,1922,107.63,374,1185.0,61.65
NSLNISP, 04-Aug-2026,43.35,44.12,43.12,44.01,43.37,2883825,1261.86,10216,1504058.0,52.15
NTPC, 04-Aug-2026,348.0,348.95,341.6,343.65,350.9,7201524,24858.9,64920,4276777.0,59.39
NTPCGREEN, 04-Aug-2026,91.1,91.93,90.45,90.72,90.7,3806645,3465.48,26091,2040869.0,53.61
NUCLEUS, 04-Aug-2026,693.0,704.1,692.05,698.3,696.7,17966,125.59,1325,9512.0,52.94
NURECA, 04-Aug-2026,335.55,335.55,325.0,326.05,333.4,14971,49.13,702,8909.0,59.51
NUVAMA, 04-Aug-2026,1765.7,1765.7,1680.0,1694.2,1765.7,309828,5336.93,21622,154407.0,49.84
NUVOCO, 04-Aug-2026,352.65,352.65,346.0,348.6,350.6,356006,1242.83,12177,154358.0,43.36
NV20, 04-Aug-2026,14.55,14.55,14.14,14.19,14.26,45969,6.53,203,34028.0,74.02
NV20BEES, 04-Aug-2026,143.33,143.33,141.5,141.85,142.62,27168,38.61,260,21324.0,78.49
NV20IETF, 04-Aug-2026,13.9,13.98,13.8,13.85,13.89,696859,96.59,2066,525571.0,75.42
NXST, 04-Aug-2026,166.96,168.99,166.96,167.17,166.96,242673,406.8,7754,208672.0,85.99
NYKAA, 04-Aug-2026,342.0,342.5,334.6,342.5,344.9,5155389,17366.51,88183,2789805.0,54.11
OAL, 04-Aug-2026,382.0,388.4,379.05,380.55,378.85,16843,64.29,561,10137.0,60.19
OBCL, 04-Aug-2026,53.9,54.29,52.82,53.18,53.1,4226,2.27,44,4025.0,95.24
OBEROIRLTY, 04-Aug-2026,1847.1,1847.1,1778.8,1778.8,1861.1,307429,5547.9,18526,128867.0,41.92
OBSCP, 04-Aug-2026,703.0,709.0,681.05,687.45,696.3,50000,347.59,114,36400.0,72.8
OFSS, 04-Aug-2026,11425.0,11685.0,11425.0,11600.0,11332.0,257150,29775.54,33360,81094.0,31.54
OIL, 04-Aug-2026,454.0,454.0,447.1,450.0,452.0,603531,2711.08,14162,230501.0,38.19
OILIETF, 04-Aug-2026,11.45,11.5,11.35,11.36,11.45,1000123,114.11,2322,593945.0,59.39
OLAELEC, 04-Aug-2026,38.92,39.7,38.21,38.57,38.74,43361629,16910.52,77868,8416617.0,19.41
OLECTRA, 04-Aug-2026,1344.2,1350.0,1331.8,1347.8,1344.2,194604,2612.34,9643,84789.0,43.57
OLIL, 04-Aug-2026,421.9,433.9,412.0,413.1,418.5,8800,36.71,14,5600.0,63.64
OMAXE, 04-Aug-2026,85.49,89.8,85.13,87.6,85.38,293863,254.41,2708,136902.0,46.59
OMFURN, 04-Aug-2026,63.0,63.0,63.0,63.0,65.0,1200,0.76,1,1200.0,100.0
OMINFRAL, 04-Aug-2026,91.04,93.0,89.1,90.31,91.6,73361,66.91,2299,34841.0,47.49
OMNI, 04-Aug-2026,605.0,620.0,600.0,610.5,602.3,229019,1400.18,11907,88681.0,38.72
OMPOWER, 04-Aug-2026,169.4,176.8,168.0,170.54,169.4,122062,210.32,2287,43092.0,35.3
ONDOOR, 04-Aug-2026,270.1,271.0,258.3,269.85,273.45,2700,7.17,9,2100.0,77.78
ONEPOINT, 04-Aug-2026,57.04,57.89,56.2,56.93,56.9,1838910,1046.92,4543,1030933.0,56.06
ONESOURCE, 04-Aug-2026,1563.6,1563.6,1506.7,1530.6,1560.5,268093,4114.3,23546,120232.0,44.85
ONGC, 04-Aug-2026,242.0,243.2,240.6,242.0,242.0,10470809,25320.16,76380,6703993.0,64.03
ONWARDTEC, 04-Aug-2026,291.3,293.4,288.0,289.95,293.85,26045,75.64,877,14746.0,56.62
ONYX, 04-Aug-2026,46.0,47.3,45.9,47.3,45.05,104000,49.02,42,98000.0,94.23
OPTIEMUS, 04-Aug-2026,655.15,657.0,610.0,625.65,657.8,339697,2165.43,15653,190446.0,56.06
OPTIVALUE, 04-Aug-2026,165.8,165.8,157.5,157.5,165.75,96000,152.19,44,92800.0,96.67
ORCHASP, 04-Aug-2026,1.65,1.7,1.57,1.61,1.65,215300,3.48,269,170218.0,79.06
ORCHPHARMA, 04-Aug-2026,987.7,1020.0,983.4,1006.4,990.65,23659,235.95,2350,11025.0,46.6
ORIANA, 04-Aug-2026,1500.0,1500.0,1455.0,1462.75,1474.25,44025,651.4,441,27525.0,62.52
ORICONENT, 04-Aug-2026,54.89,55.19,53.71,54.58,54.24,16558,8.97,330,10425.0,62.96
ORIENTALTL, 04-Aug-2026,5.29,5.29,5.1,5.19,5.19,71192,3.7,198,62122.0,87.26
ORIENTBELL, 04-Aug-2026,319.2,323.15,312.25,317.6,317.6,2779,8.82,171,1560.0,56.14
ORIENTCEM, 04-Aug-2026,139.51,139.51,137.01,137.67,139.51,143079,197.7,1783,74442.0,52.03
ORIENTCER, 04-Aug-2026,41.55,41.55,40.32,40.72,41.0,25409,10.34,961,11190.0,44.04
ORIENTELEC, 04-Aug-2026,176.9,185.4,173.69,176.74,175.55,1388413,2502.32,12727,742038.0,53.45
ORIENTHOT, 04-Aug-2026,136.01,137.5,129.52,132.7,135.39,326597,435.03,5009,136140.0,41.68
ORIENTPPR, 04-Aug-2026,19.34,19.41,18.75,19.21,19.05,458602,87.84,1109,266788.0,58.17
ORIENTTECH, 04-Aug-2026,261.5,264.5,259.8,260.75,261.5,166714,436.08,2873,87549.0,52.51
ORISSAMINE, 04-Aug-2026,4090.0,4391.0,4080.2,4307.8,4106.3,52007,2232.11,9837,22259.0,42.8
ORKLAINDIA, 04-Aug-2026,573.6,585.5,568.2,579.4,573.6,73030,421.2,7357,49586.0,67.9
OSELDEVICE, 04-Aug-2026,401.15,411.0,401.15,410.4,407.05,8000,32.67,33,6800.0,85.0
OSWALAGRO, 04-Aug-2026,39.3,39.49,38.32,38.93,38.49,20669,8.0,126,16619.0,80.41
OSWALGREEN, 04-Aug-2026,21.76,22.5,21.16,21.52,21.76,167017,36.68,834,66778.0,39.98
OSWALPUMPS, 04-Aug-2026,332.9,334.0,322.5,325.7,331.25,624157,2037.32,12305,384769.0,61.65
OSWALSEEDS, 04-Aug-2026,10.42,11.0,10.41,10.47,10.68,22248,2.36,110,19274.0,86.63
OWAIS, 04-Aug-2026,98.1,99.0,95.75,95.75,100.75,41000,39.4,178,40800.0,99.51
PACEDIGITK, 04-Aug-2026,202.5,203.7,198.0,198.81,201.59,1083895,2172.93,11096,559309.0,51.6
PAGEIND, 04-Aug-2026,40200.0,40265.0,39750.0,39750.0,40200.0,18775,7512.93,8146,9422.0,50.18
PAISALO, 04-Aug-2026,71.52,72.05,69.3,71.11,72.29,6399088,4567.18,14512,3459525.0,54.06
PAKKA, 04-Aug-2026,71.9,71.98,71.1,71.59,71.28,28151,20.13,621,18186.0,64.6
PALASHSECU, 04-Aug-2026,88.1,89.5,86.01,88.63,89.01,1786,1.57,64,1593.0,89.19
PANACEABIO, 04-Aug-2026,423.0,442.4,415.0,419.4,423.45,236204,1012.15,5015,115109.0,48.73
PANAMAPET, 04-Aug-2026,464.0,465.0,453.35,458.45,460.75,81490,374.78,3292,42247.0,51.84
PANSARI, 04-Aug-2026,342.95,342.95,327.05,335.95,329.1,2262,7.55,153,378.0,16.71
PAR, 04-Aug-2026,99.09,102.0,97.6,99.17,99.09,4124,4.11,130,3342.0,81.04
PARACABLES, 04-Aug-2026,66.51,67.01,64.35,64.88,66.39,1012665,661.15,6243,582658.0,57.54
PARADEEP, 04-Aug-2026,145.49,147.8,144.03,144.94,144.92,4964148,7224.26,33354,1691298.0,34.07
PARAGMILK, 04-Aug-2026,225.99,237.14,223.5,233.16,225.47,902603,2103.52,13106,431336.0,47.79
PARAMATRIX, 04-Aug-2026,54.0,58.25,54.0,58.25,56.0,2400,1.35,2,1200.0,50.0
PARAMOUNT, 04-Aug-2026,36.95,37.15,36.95,37.15,35.5,2400,0.89,2,2400.0,100.0
PARAS, 04-Aug-2026,1292.3,1316.0,1272.1,1300.3,1292.3,912543,11869.74,33079,253204.0,27.75
PARASPETRO, 04-Aug-2026,2.56,2.56,2.45,2.51,2.44,595782,15.1,406,397928.0,66.79
PARIN, 04-Aug-2026,705.0,725.0,698.25,715.3,721.0,3000,21.38,11,1250.0,41.67
PARKHOSPS, 04-Aug-2026,285.75,291.4,279.95,283.95,288.6,907208,2593.02,20627,360151.0,39.7
PARKHOTELS, 04-Aug-2026,124.9,125.8,123.0,123.7,124.53,87466,108.67,2329,55103.0,63.0
PARTH, 04-Aug-2026,507.0,536.95,507.0,532.75,504.15,2400,12.68,6,1600.0,66.67
PASHUPATI, 04-Aug-2026,86.3,86.3,84.15,84.61,85.32,221702,188.44,2551,210509.0,94.95
PATANJALI, 04-Aug-2026,363.45,365.6,356.75,359.9,364.0,4508428,16278.46,30955,670999.0,14.88
PATELENG, 04-Aug-2026,28.85,29.05,28.31,28.4,28.85,3291132,942.31,8785,1806383.0,54.89
PATELRMART, 04-Aug-2026,227.0,231.0,225.0,225.47,226.78,116661,265.4,2165,44054.0,37.76
PATILAUTOM, 04-Aug-2026,197.0,197.0,191.5,192.0,192.9,54600,105.29,56,51600.0,94.51
PAUSHAKLTD, 04-Aug-2026,662.0,780.6,654.95,735.2,652.8,1387101,10224.72,51258,155362.0,11.2
PAVNAIND, 04-Aug-2026,17.92,18.39,17.81,18.23,18.01,25232,4.57,156,14623.0,57.95
PAYTM, 04-Aug-2026,1436.0,1436.6,1388.4,1400.0,1410.0,6114443,86459.32,145291,1576680.0,25.79
PCBL, 04-Aug-2026,324.95,327.6,320.4,322.55,326.8,1045554,3381.11,15157,395614.0,37.84
PCCL, 04-Aug-2026,297.05,300.05,297.05,300.0,299.3,14800,44.38,28,14000.0,94.59
PCJEWELLER, 04-Aug-2026,9.7,9.92,9.58,9.82,9.64,201109236,19593.06,65785,36922835.0,18.36
PDMJEPAPER, 04-Aug-2026,96.9,98.14,95.05,96.71,96.3,96412,92.96,1345,48338.0,50.14
PDSL, 04-Aug-2026,357.25,357.6,350.9,352.55,357.25,52495,185.73,5214,29075.0,55.39
PELATRO, 04-Aug-2026,282.0,316.85,272.0,312.95,267.0,31200,91.33,96,27600.0,88.46
PENIND, 04-Aug-2026,169.0,169.09,165.0,166.28,169.12,210783,351.32,3322,116646.0,55.34
PERSISTENT, 04-Aug-2026,5590.0,5599.0,5462.5,5499.0,5575.0,464955,25560.11,39687,129559.0,27.86
PETRONET, 04-Aug-2026,284.85,285.0,277.45,285.0,284.85,1436491,4018.75,24098,680967.0,47.4
PFC, 04-Aug-2026,420.0,421.8,416.25,420.0,421.5,8639728,36205.24,49314,5487120.0,63.51
PFIZER, 04-Aug-2026,4915.0,4920.6,4809.0,4862.1,4914.6,29850,1449.0,5998,17769.0,59.53
PFOCUS, 04-Aug-2026,300.95,306.0,296.4,302.8,298.75,474952,1435.99,11208,248351.0,52.29
PFS, 04-Aug-2026,28.41,28.65,27.73,28.07,28.41,723561,204.49,3179,491955.0,67.99
PGEL, 04-Aug-2026,619.0,629.45,607.0,612.0,618.0,1299002,8046.07,22926,407977.0,31.41
PGHH, 04-Aug-2026,8649.0,8737.0,8600.0,8639.5,8649.0,10073,873.74,2642,5700.0,56.59
PGHL, 04-Aug-2026,6539.0,6539.0,6440.0,6482.5,6501.5,5589,362.25,2143,3453.0,61.78
PGIL, 04-Aug-2026,2108.8,2128.0,2083.1,2122.4,2103.4,62034,1312.13,8874,31487.0,50.76
PGINVIT, 04-Aug-2026,97.2,98.0,97.0,97.74,97.17,2195042,2143.5,16104,1864925.0,84.96
PHANTOMFX, 04-Aug-2026,166.0,170.0,166.0,167.5,166.95,11400,19.17,25,10500.0,92.11
PHARMABEES, 04-Aug-2026,27.23,27.92,27.0,27.26,27.23,3320548,905.52,9809,1826100.0,54.99
PHOENIXLTD, 04-Aug-2026,1937.2,1964.2,1916.5,1932.3,1955.0,828958,16166.79,32203,564875.0,68.14
PHOGLOBAL, 04-Aug-2026,16.5,16.5,15.9,15.95,15.7,14000,2.28,6,10000.0,71.43
PICCADIL, 04-Aug-2026,750.0,789.0,746.2,784.5,752.0,658422,5135.73,45100,308293.0,46.82
PIDILITIND, 04-Aug-2026,1642.5,1659.0,1602.0,1620.0,1642.5,2924363,47952.04,90493,1001379.0,34.24
PIGL, 04-Aug-2026,111.0,113.8,109.26,110.62,110.83,55651,61.87,970,34184.0,61.43
PIIND, 04-Aug-2026,2806.5,2840.0,2785.5,2785.5,2793.0,152536,4297.49,12191,65218.0,42.76
PILANIINVS, 04-Aug-2026,4375.0,4375.0,4327.0,4344.3,4346.8,360,15.67,109,275.0,76.39
PINELABS, 04-Aug-2026,154.0,156.5,149.0,151.19,152.17,32675774,50260.89,112654,6958193.0,21.29
PIONEEREMB, 04-Aug-2026,25.5,25.5,24.0,24.14,25.61,20379,4.96,169,13734.0,67.39
PIRAMALFIN, 04-Aug-2026,2052.0,2080.0,2007.0,2052.3,2047.8,178183,3668.51,12191,93355.0,52.39
PITTIENG, 04-Aug-2026,934.0,940.0,926.55,939.75,928.4,12405,116.12,1149,8426.0,67.92
PIXTRANS, 04-Aug-2026,1701.1,1709.0,1676.5,1687.3,1701.1,5136,87.17,993,2855.0,55.59
PKTEA, 04-Aug-2026,715.0,715.0,677.8,688.4,699.0,39,0.27,12,37.0,94.87
PLASTIBLEN, 04-Aug-2026,191.0,192.8,187.62,188.44,190.61,22042,42.07,814,11076.0,50.25
PLATIND, 04-Aug-2026,228.82,231.0,225.1,227.03,225.53,47762,109.37,1236,22240.0,46.56
PML, 04-Aug-2026,507.1,512.0,494.05,508.55,493.65,470,2.38,42,366.0,77.87
PNB, 04-Aug-2026,113.49,114.0,112.64,113.99,113.0,7961139,9044.15,35351,4047940.0,50.85
PNBGILTS, 04-Aug-2026,83.5,84.44,82.51,82.79,83.51,262155,218.6,2894,125346.0,47.81
PNBHOUSING, 04-Aug-2026,1091.9,1091.9,1051.9,1080.0,1090.0,1412986,15095.24,49465,573624.0,40.6
PNC, 04-Aug-2026,20.87,21.2,19.4,19.59,20.37,47479,9.38,456,41627.0,87.67
PNCINFRA, 04-Aug-2026,247.11,252.07,246.0,251.06,247.58,381163,951.74,15064,221749.0,58.18
PNGJL, 04-Aug-2026,658.0,658.0,638.05,654.15,658.05,357740,2316.35,12031,137963.0,38.57
PNGSREVA, 04-Aug-2026,443.25,520.0,436.9,510.95,443.25,5264815,26400.53,120682,651803.0,12.38
POCL, 04-Aug-2026,551.0,557.8,526.5,531.2,550.45,457371,2470.34,19378,226368.0,49.49
PODDARMENT, 04-Aug-2026,253.7,258.9,250.1,251.75,251.55,6092,15.36,203,4949.0,81.24
POKARNA, 04-Aug-2026,942.0,942.0,919.0,930.9,932.45,27003,251.07,3702,15445.0,57.2
POLICYBZR, 04-Aug-2026,1647.5,1647.5,1591.6,1597.0,1650.0,643991,10347.69,29986,288117.0,44.74
POLYCAB, 04-Aug-2026,9084.0,9215.0,9070.0,9176.0,9034.0,318448,29185.32,38570,141433.0,44.41
POLYMED, 04-Aug-2026,1721.1,1736.8,1712.1,1724.5,1727.9,63211,1090.31,7421,31679.0,50.12
POLYPLEX, 04-Aug-2026,1091.1,1127.4,1091.1,1116.6,1094.8,54961,610.87,4482,25315.0,46.06
POLYSIL, 04-Aug-2026,92.25,92.25,92.25,92.25,102.5,13500,12.45,19,13500.0,100.0
PONNIERODE, 04-Aug-2026,326.0,341.9,324.05,327.6,328.3,75876,253.0,2197,34129.0,44.98
POONAWALLA, 04-Aug-2026,471.7,472.2,465.0,469.65,471.9,477616,2238.01,11734,234365.0,49.07
POSITRON, 04-Aug-2026,179.0,179.0,169.25,169.25,176.5,2100,3.68,7,1500.0,71.43
POWERGRID, 04-Aug-2026,294.1,294.1,281.7,283.4,287.0,7656558,21811.55,70140,3270424.0,42.71
POWERICA, 04-Aug-2026,518.95,529.75,511.9,521.3,519.4,127527,667.2,5501,70901.0,55.6
POWERINDIA, 04-Aug-2026,32005.0,32695.0,32000.0,32005.0,32000.0,77400,25059.65,28147,32740.0,42.3
POWERMECH, 04-Aug-2026,2601.2,2626.9,2570.0,2615.8,2593.0,43422,1132.78,6927,21976.0,50.61
PPLPHARMA, 04-Aug-2026,200.34,203.95,197.75,202.5,199.28,7037103,14132.35,56774,2584744.0,36.73
PPSL, 04-Aug-2026,2.95,2.95,2.8,2.8,3.1,276000,7.77,66,195000.0,70.65
PRABHA, 04-Aug-2026,153.0,155.8,152.19,155.13,153.78,45428,70.39,692,30390.0,66.9
PRAENG, 04-Aug-2026,21.74,21.74,19.75,20.35,20.07,34746,7.06,157,25166.0,72.43
PRAJIND, 04-Aug-2026,320.9,330.25,317.1,318.75,315.05,2482155,8019.97,41290,753576.0,30.36
PRAKASH, 04-Aug-2026,126.49,127.48,124.35,125.24,125.5,225117,283.84,2269,128193.0,56.95
PRAKASHSTL, 04-Aug-2026,4.04,4.04,3.96,3.99,4.03,146554,5.85,338,126726.0,86.47
PRAMARA, 04-Aug-2026,125.0,125.0,120.15,121.0,126.45,44000,53.27,55,25500.0,57.95
PRANIK, 04-Aug-2026,42.0,42.0,41.75,41.9,40.05,8000,3.35,4,8000.0,100.0
PRATHAM, 04-Aug-2026,118.0,118.0,118.0,118.0,120.0,4800,5.66,9,4800.0,100.0
PRAVEG, 04-Aug-2026,295.05,297.9,285.0,287.25,293.6,38785,113.61,1356,23811.0,61.39
PRAXIS, 04-Aug-2026,6.74,6.74,6.26,6.46,6.56,59451,3.87,200,40716.0,68.49
PRECAM, 04-Aug-2026,143.16,146.92,142.32,142.94,143.31,149595,215.47,3485,57096.0,38.17
PRECISION, 04-Aug-2026,7.55,7.55,7.55,7.55,7.2,2000,0.15,1,2000.0,100.0
PRECOT, 04-Aug-2026,820.15,820.15,796.3,805.05,819.0,3142,25.24,236,2653.0,84.44
PRECWIRE, 04-Aug-2026,381.9,384.65,373.4,381.2,379.1,140307,534.51,7467,64124.0,45.7
PREMCO, 04-Aug-2026,380.0,384.95,380.0,384.0,380.1,1169,4.45,69,1093.0,93.5
PREMEXPLN, 04-Aug-2026,662.0,664.95,660.1,661.1,661.8,121092,801.68,3661,78353.0,64.71
PREMIERENE, 04-Aug-2026,1023.2,1054.0,1023.2,1036.3,1020.7,1063672,11084.79,29459,399669.0,37.57
PREMIERPOL, 04-Aug-2026,74.43,74.43,71.26,72.48,73.56,122570,88.51,1419,57680.0,47.06
PREMIUM, 04-Aug-2026,38.0,38.0,38.0,38.0,38.0,3000,1.14,1,3000.0,100.0
PRESSTONIC, 04-Aug-2026,28.5,29.0,26.3,27.0,26.9,16800,4.61,21,14400.0,85.71
PRESTIGE, 04-Aug-2026,1655.0,1655.0,1576.0,1595.0,1670.0,614003,9893.28,27246,261986.0,42.67
PRICOLLTD, 04-Aug-2026,738.7,772.0,732.0,766.75,732.85,926661,6997.59,33654,321242.0,34.67
PRIMECAB, 04-Aug-2026,191.0,194.65,184.0,192.0,190.0,20800,39.63,13,19200.0,92.31
PRIMESECU, 04-Aug-2026,285.0,286.0,274.0,283.25,277.45,76947,216.34,559,43405.0,56.41
PRIMO, 04-Aug-2026,24.5,24.84,24.04,24.12,24.3,91546,22.19,497,66356.0,72.48
PRINCEPIPE, 04-Aug-2026,264.85,281.0,263.75,276.1,263.4,1549631,4219.81,24398,430175.0,27.76
PRITIKA, 04-Aug-2026,63.95,66.0,63.95,64.65,64.0,6000,3.88,3,6000.0,100.0
PRIVISCL, 04-Aug-2026,3585.0,3678.0,3571.4,3660.5,3597.0,108893,3961.25,18074,69367.0,63.7
PRIZOR, 04-Aug-2026,911.0,938.0,896.25,910.0,915.95,22400,205.7,49,20800.0,92.86
PRLIND, 04-Aug-2026,44.1,45.0,44.0,44.0,44.25,28000,12.43,22,20000.0,71.43
PROFX, 04-Aug-2026,73.45,73.75,73.45,73.75,75.5,3200,2.36,2,3200.0,100.0
PROLIFE, 04-Aug-2026,74.95,74.95,74.95,74.95,74.8,500,0.37,1,500.0,100.0
PROPSHOP, 04-Aug-2026,56.05,59.3,56.05,59.05,57.15,298000,174.81,80,292000.0,97.99
PROSTARM, 04-Aug-2026,135.0,135.1,132.55,133.58,135.87,116641,156.08,1435,61535.0,52.76
PROTEAN, 04-Aug-2026,630.5,648.0,618.5,621.55,630.85,430454,2729.12,13022,170048.0,39.5
PROZONER, 04-Aug-2026,42.96,43.52,42.21,42.58,43.13,70084,29.99,478,50604.0,72.2
PRSMJOHNSN, 04-Aug-2026,108.72,109.46,107.72,108.84,108.88,68586,74.56,1777,43529.0,63.47
PRUDENT, 04-Aug-2026,3380.0,3394.5,3253.2,3300.6,3359.2,34190,1132.27,6504,19837.0,58.02
PSB, 04-Aug-2026,23.79,23.97,23.56,23.87,23.76,795748,189.48,3044,345690.0,43.44
PSFL, 04-Aug-2026,31.05,31.05,31.0,31.0,31.1,6000,1.86,3,4000.0,66.67
PSPPROJECT, 04-Aug-2026,951.0,965.0,930.0,934.7,949.55,85361,808.87,4155,39828.0,46.66
PSRAJ, 04-Aug-2026,81.25,82.0,81.25,82.0,85.5,25000,20.38,10,22500.0,90.0
PSUBANK, 04-Aug-2026,84.59,85.25,82.93,84.29,84.54,110165,93.37,507,29403.0,26.69
PSUBANKADD, 04-Aug-2026,85.6,86.1,85.0,85.35,85.42,15622,13.38,242,9400.0,60.17
PSUBNKBEES, 04-Aug-2026,94.62,95.2,94.26,94.54,94.57,1301926,1232.64,4846,575236.0,44.18
PSUBNKIETF, 04-Aug-2026,83.5,86.4,83.5,85.4,85.6,209527,179.85,841,121973.0,58.21
PTC, 04-Aug-2026,181.6,184.39,179.9,183.44,180.11,2170561,3947.91,24118,1271361.0,58.57
PTCIL, 04-Aug-2026,18100.0,18340.0,17941.0,18099.0,17981.0,8064,1464.59,2772,3843.0,47.66
PTL, 04-Aug-2026,40.0,40.37,39.7,40.13,39.77,29936,11.98,617,22220.0,74.23
PULZ, 04-Aug-2026,26.1,26.1,25.0,25.8,24.95,8000,2.04,4,6000.0,75.0
PUNJABCHEM, 04-Aug-2026,1150.0,1155.8,1100.0,1111.4,1151.9,13883,156.05,1818,6819.0,49.12
PURPLEUTED, 04-Aug-2026,322.9,322.9,305.85,309.85,321.9,64250,199.85,209,53750.0,83.66
PURVA, 04-Aug-2026,207.0,210.0,206.5,208.47,207.67,110537,230.34,4213,50393.0,45.59
PURVFLEXI, 04-Aug-2026,46.25,46.25,43.95,44.0,46.25,44000,19.39,17,42400.0,96.36
PUSHPA, 04-Aug-2026,106.7,108.0,106.7,108.0,104.5,6000,6.43,6,6000.0,100.0
PVP, 04-Aug-2026,27.5,29.64,27.32,27.92,27.1,1142347,326.46,4695,420445.0,36.81
PVRINOX, 04-Aug-2026,1140.0,1194.2,1131.4,1188.1,1141.4,454570,5304.89,26262,229579.0,50.5
PVSL, 04-Aug-2026,106.19,110.97,106.19,109.07,107.19,36845,39.93,442,28157.0,76.42
PVTBANIETF, 04-Aug-2026,28.26,28.26,27.91,27.99,28.05,1006464,282.12,1311,693802.0,68.93
PVTBANK, 04-Aug-2026,27.84,28.03,27.72,28.0,27.86,10542,2.94,13,10541.0,99.99
PVTBANKADD, 04-Aug-2026,28.22,28.34,28.05,28.19,27.76,196021,55.33,205,150943.0,77.0
PVTBKGROWW, 04-Aug-2026,27.79,28.15,27.55,27.71,27.79,7543,2.1,133,5185.0,68.74
PWL, 04-Aug-2026,126.2,128.48,125.03,126.13,126.03,2667639,3379.63,25557,833161.0,31.23
PYRAMID, 04-Aug-2026,185.47,188.0,183.2,183.9,184.97,35005,64.87,708,21711.0,62.02
QGOLDHALF, 04-Aug-2026,117.47,118.5,117.19,117.37,117.47,107207,125.91,712,29918.0,27.91
QLINE, 04-Aug-2026,550.0,561.6,542.7,547.65,552.1,73200,403.69,162,56800.0,77.6
QMSMEDI, 04-Aug-2026,114.41,115.0,111.4,114.9,112.3,9742,11.08,583,4567.0,46.88
QNIFTY, 04-Aug-2026,271.0,271.77,269.4,269.84,270.54,1763,4.77,105,1137.0,64.49
QUADFUTURE, 04-Aug-2026,360.05,362.7,351.1,353.1,360.95,108814,388.31,3577,49126.0,45.15
QUAL30IETF, 04-Aug-2026,21.65,21.71,21.23,21.44,21.6,96029,20.74,315,73563.0,76.6
QUALITY30, 04-Aug-2026,21.22,21.29,21.08,21.21,21.22,6013,1.27,32,5945.0,98.87
QUESS, 04-Aug-2026,346.95,347.8,319.1,323.05,345.05,1194524,3941.14,34748,469440.0,39.3
QUESTLAB, 04-Aug-2026,90.0,90.0,88.15,90.0,91.65,8400,7.53,7,8400.0,100.0
QUICKTOUCH, 04-Aug-2026,22.5,22.5,22.5,22.5,22.5,1500,0.34,3,1500.0,100.0
QUINT, 04-Aug-2026,39.0,39.1,37.11,38.9,38.99,2338,0.89,52,1654.0,70.74
RACE, 04-Aug-2026,112.34,112.94,110.32,111.27,111.79,3189,3.56,74,2434.0,76.32
RACLGEAR, 04-Aug-2026,1292.0,1394.4,1288.6,1353.8,1291.3,67884,920.49,7153,30385.0,44.76
RADAAN, 04-Aug-2026,3.26,3.26,3.16,3.2,3.2,24906,0.8,103,14513.0,58.27
RADHIKAJWE, 04-Aug-2026,70.75,71.38,68.61,69.04,71.22,571990,397.74,5073,201989.0,35.31
RADIANTCMS, 04-Aug-2026,37.57,37.7,36.9,37.57,36.97,57421,21.45,521,37926.0,66.05
RADICO, 04-Aug-2026,4455.0,4484.8,4414.3,4450.0,4459.1,338977,15099.14,49528,212918.0,62.81
RADIOCITY, 04-Aug-2026,7.1,7.1,6.41,6.72,6.81,38254,2.6,187,23175.0,60.58
RADIOWALLA, 04-Aug-2026,27.05,28.15,27.05,28.15,27.6,6400,1.78,4,6400.0,100.0
RAILTEL, 04-Aug-2026,291.75,294.3,289.0,289.95,292.25,423772,1233.95,11268,163496.0,38.58
RAIN, 04-Aug-2026,231.0,239.1,230.25,238.07,229.53,6964233,16411.95,60108,3199341.0,45.94
RAINBOW, 04-Aug-2026,1540.1,1586.0,1535.0,1579.0,1545.6,159672,2501.75,12590,96923.0,60.7
RAJINDLTD, 04-Aug-2026,70.1,70.1,69.95,69.95,71.95,4500,3.15,3,4500.0,100.0
RAJMET, 04-Aug-2026,3.37,3.37,3.2,3.31,3.31,151665,5.0,592,89136.0,58.77
RAJPALAYAM, 04-Aug-2026,830.0,847.95,815.1,829.55,818.85,1208,10.02,97,600.0,49.67
RAJPUTANA, 04-Aug-2026,201.5,207.0,190.0,203.0,203.0,12500,25.08,22,9000.0,72.0
RAJRATAN, 04-Aug-2026,520.0,553.0,515.35,540.05,513.5,796001,4326.02,26074,250660.0,31.49
RAJSREESUG, 04-Aug-2026,30.54,32.19,30.35,30.91,30.39,81224,25.21,770,52735.0,64.93
RAJTV, 04-Aug-2026,10.58,10.89,10.23,10.23,10.76,247885,25.47,650,217093.0,87.58
RALLIS, 04-Aug-2026,217.82,218.9,216.6,217.6,217.82,421692,917.86,14163,241650.0,57.3
RAMANEWS, 04-Aug-2026,30.5,34.2,29.3,33.37,30.85,379957,125.44,1050,261803.0,68.9
RAMAPHO, 04-Aug-2026,130.94,132.0,123.2,126.23,130.91,59393,76.2,1023,37479.0,63.1
RAMBHAJO, 04-Aug-2026,183.34,188.0,183.34,185.81,183.76,146163,272.05,3040,68832.0,47.09
RAMCOCEM, 04-Aug-2026,950.0,950.0,935.75,945.9,945.25,44356,418.61,3152,27217.0,61.36
RAMCOIND, 04-Aug-2026,334.25,338.0,327.05,327.95,332.15,118517,392.18,2674,75303.0,63.54
RAMCOSYS, 04-Aug-2026,564.85,592.1,564.85,592.1,563.95,173859,1022.4,3578,108337.0,62.31
RAMKY, 04-Aug-2026,390.65,392.0,385.3,389.6,389.15,21467,83.56,948,13134.0,61.18
RAMRAT, 04-Aug-2026,438.0,438.0,418.1,429.25,429.95,194310,829.13,7504,62848.0,32.34
RANASUG, 04-Aug-2026,12.5,13.44,12.42,12.95,12.52,726847,94.47,1636,443473.0,61.01
RANEHOLDIN, 04-Aug-2026,1894.5,1894.5,1827.8,1864.6,1872.6,23877,444.72,3269,13719.0,57.46
RAPPID, 04-Aug-2026,325.0,347.7,325.0,325.6,325.0,3000,9.93,5,2400.0,80.0
RATEGAIN, 04-Aug-2026,974.0,987.0,953.5,970.7,965.4,601765,5824.44,39969,324797.0,53.97
RATNAMANI, 04-Aug-2026,2371.8,2393.6,2348.0,2374.3,2371.8,12299,291.37,2699,7648.0,62.18
RATNAVEER, 04-Aug-2026,207.79,215.5,206.23,209.33,205.79,18731333,39441.57,116455,1631168.0,8.71
RAYMOND, 04-Aug-2026,606.0,608.4,595.05,605.1,602.0,548439,3294.81,10644,251480.0,45.85
RAYMONDLSL, 04-Aug-2026,730.0,767.0,730.0,743.8,727.3,405689,3049.2,14083,137210.0,33.82
RAYMONDREL, 04-Aug-2026,672.0,682.0,665.05,672.7,669.75,315490,2127.28,8830,151406.0,47.99
RBA, 04-Aug-2026,78.9,84.91,76.73,84.91,70.76,114839192,93774.49,207029,31478766.0,27.41
RBLBANK, 04-Aug-2026,379.95,384.5,377.2,380.55,379.95,2210039,8435.19,32598,789432.0,35.72
RBMINFRA, 04-Aug-2026,266.45,280.95,266.45,266.7,266.45,16200,43.79,65,10800.0,66.67
RBS, 04-Aug-2026,90.0,91.0,87.7,90.95,90.0,26400,23.63,25,21600.0,81.82
RBZJEWEL, 04-Aug-2026,153.25,153.25,148.01,151.08,152.54,75877,114.32,1860,41849.0,55.15
RCDL, 04-Aug-2026,33.8,33.8,32.1,32.9,33.85,918000,302.41,19,918000.0,100.0
RCF, 04-Aug-2026,128.0,128.4,126.85,127.01,127.62,395675,504.62,4398,171382.0,43.31
READYMIX, 04-Aug-2026,110.85,115.0,108.0,112.4,107.75,37000,41.15,30,20000.0,54.05
RECLTD, 04-Aug-2026,368.15,370.8,366.8,368.0,368.1,3526856,13019.11,31658,2234673.0,63.36
REDINGTON, 04-Aug-2026,349.8,353.9,340.0,349.6,347.85,18684536,65130.23,152393,4149840.0,22.21
REDTAPE, 04-Aug-2026,130.7,132.0,129.11,130.49,130.79,237135,309.93,3576,147870.0,62.36
REFEX, 04-Aug-2026,306.8,309.5,304.0,306.35,306.8,260567,797.97,4482,114883.0,44.09
REFRACTORY, 04-Aug-2026,26.5,26.5,26.5,26.5,26.0,2000,0.53,2,2000.0,100.0
REGENCERAM, 04-Aug-2026,33.98,34.95,30.21,33.84,32.9,3707,1.22,125,2155.0,58.13
RELAXO, 04-Aug-2026,408.9,413.4,405.65,406.6,408.7,146819,599.64,4542,50238.0,34.22
RELCHEMQ, 04-Aug-2026,124.91,126.9,123.0,126.19,124.83,1579,1.98,62,700.0,44.33
RELIABLE, 04-Aug-2026,148.0,149.7,141.1,142.44,146.37,41571,60.62,474,13622.0,32.77
RELIANCE, 04-Aug-2026,1315.0,1315.0,1286.4,1290.9,1319.0,10759546,139481.79,216789,5281866.0,49.09
RELIGARE, 04-Aug-2026,258.35,262.05,256.0,256.5,261.1,336620,869.88,5117,218374.0,64.87
RELTD, 04-Aug-2026,166.0,169.49,162.92,168.56,166.81,240637,400.18,4779,101914.0,42.35
REMSONSIND, 04-Aug-2026,83.44,84.99,82.05,82.61,83.44,39519,32.84,709,25715.0,65.07
REMUS, 04-Aug-2026,783.0,799.0,782.0,788.8,766.0,6700,52.96,52,5500.0,82.09
RENUKA, 04-Aug-2026,22.3,22.99,22.26,22.41,22.33,9970752,2254.67,16095,2910165.0,29.19
REPCOHOME, 04-Aug-2026,387.85,389.6,381.0,383.05,385.95,49751,191.4,1828,37213.0,74.8
REPRO, 04-Aug-2026,419.7,419.7,390.25,393.8,398.7,100694,410.23,3508,35379.0,35.14
RESPONIND, 04-Aug-2026,172.2,178.5,172.2,176.49,173.3,126857,223.1,2403,45048.0,35.51
RETAIL, 04-Aug-2026,16.95,17.49,16.45,17.33,16.57,6788,1.16,53,6321.0,93.12
REXPRO, 04-Aug-2026,40.05,40.05,39.0,39.0,38.3,3000,1.18,3,2000.0,66.67
RFBL, 04-Aug-2026,82.15,88.0,82.15,88.0,86.45,12000,10.14,4,9000.0,75.0
RGL, 04-Aug-2026,115.5,117.8,114.0,117.11,115.5,172545,199.0,1638,85218.0,49.39
RHETAN, 04-Aug-2026,31.75,32.13,31.75,31.76,31.12,7535787,2399.23,2681,1013363.0,13.45
RHIM, 04-Aug-2026,415.75,415.95,407.05,408.35,412.25,167228,685.62,5998,86459.0,51.7
RHL, 04-Aug-2026,172.9,179.34,172.13,175.64,172.99,7422,13.0,257,4839.0,65.2
RICOAUTO, 04-Aug-2026,142.0,150.48,142.0,145.75,142.07,4577901,6740.2,34352,1593223.0,34.8
RIIL, 04-Aug-2026,750.0,750.0,741.55,745.0,746.85,28654,213.48,1478,9736.0,33.98
RIIT, 04-Aug-2026,117.0,117.22,116.1,116.6,116.42,294848,343.28,5268,266074.0,90.24
RILINFRA, 04-Aug-2026,38.3,38.95,37.5,38.2,38.75,12700,4.85,66,10800.0,85.04
RIR, 04-Aug-2026,160.43,161.2,158.0,159.26,159.25,63897,101.94,1754,35660.0,55.81
RISHABH, 04-Aug-2026,654.8,660.5,647.05,653.0,650.2,85575,559.85,6250,48339.0,56.49
RITCO, 04-Aug-2026,298.4,318.0,297.3,310.6,301.25,429683,1336.93,12659,183835.0,42.78
RITES, 04-Aug-2026,220.95,221.0,214.01,216.14,219.31,1375609,2989.37,24327,336413.0,24.46
RITEZONE, 04-Aug-2026,19.05,19.05,19.05,19.05,18.15,6400,1.22,3,6400.0,100.0
RKDL, 04-Aug-2026,18.66,19.27,18.66,19.18,19.14,2805,0.54,81,2423.0,86.38
RKEC, 04-Aug-2026,26.97,26.97,26.5,26.84,26.4,16659,4.47,100,10274.0,61.67
RKFORGE, 04-Aug-2026,684.55,708.8,676.15,688.7,681.15,2926912,20146.85,67216,1065024.0,36.39
RKSWAMY, 04-Aug-2026,101.98,103.69,101.35,101.93,101.98,16540,16.91,619,11857.0,71.69
RMC, 04-Aug-2026,304.0,337.0,286.05,331.05,292.15,768833,2492.2,20345,123981.0,16.13
RML, 04-Aug-2026,1224.9,1224.9,1167.5,1173.6,1210.8,24739,292.8,2595,15377.0,62.16
RNBDENIMS, 04-Aug-2026,9.08,9.18,8.95,8.99,9.08,173034,15.68,582,136631.0,78.96
RNFI, 04-Aug-2026,289.0,295.0,282.0,285.0,285.05,29400,85.33,47,18600.0,63.27
RNPL, 04-Aug-2026,81.4,82.75,81.4,82.75,84.75,3600,2.96,3,2400.0,66.67
ROCKINGDCE, 04-Aug-2026,187.6,187.6,187.0,187.25,181.0,1250,2.34,3,1250.0,100.0
ROHLTD, 04-Aug-2026,315.0,315.55,312.0,313.55,313.8,12740,39.94,470,9375.0,73.59
ROLEXRINGS, 04-Aug-2026,139.1,143.5,138.3,141.34,139.1,1273948,1796.22,16657,699333.0,54.89
ROML, 04-Aug-2026,45.9,45.9,44.17,44.47,45.0,1041,0.46,48,687.0,65.99
ROSSARI, 04-Aug-2026,507.85,517.45,506.6,512.9,508.25,48975,251.73,2338,28114.0,57.4
ROSSELLIND, 04-Aug-2026,59.97,59.97,57.76,58.22,58.74,18362,10.69,443,14159.0,77.11
ROSSTECH, 04-Aug-2026,1060.0,1078.35,1033.0,1064.2,1067.1,252411,2678.79,17188,85497.0,33.87
ROTO, 04-Aug-2026,67.57,67.89,66.3,66.48,67.48,263017,176.0,2558,134491.0,51.13
ROUTE, 04-Aug-2026,535.0,540.0,530.35,532.6,537.05,207965,1111.59,8505,80707.0,38.81
ROXHITECH, 04-Aug-2026,48.9,48.9,45.9,47.0,46.55,30400,14.2,19,20800.0,68.42
ROYALARC, 04-Aug-2026,151.0,153.0,151.0,153.0,148.0,3600,5.48,3,3600.0,100.0
RPEL, 04-Aug-2026,1234.0,1285.1,1234.0,1276.5,1245.6,41993,533.69,4255,23642.0,56.3
RPGLIFE, 04-Aug-2026,2784.2,2791.8,2727.1,2745.7,2756.8,8328,229.64,2096,3330.0,39.99
RPOWER, 04-Aug-2026,23.92,24.35,23.77,24.07,23.87,17348078,4171.87,27748,5633678.0,32.47
RPPINFRA, 04-Aug-2026,59.93,60.95,58.92,59.49,59.93,21821,12.98,609,15410.0,70.62
RPPL, 04-Aug-2026,21.7,23.08,21.67,22.92,22.33,243194,55.25,403,223459.0,91.89
RPSGVENT, 04-Aug-2026,955.0,964.6,946.05,959.85,952.3,27759,265.76,1492,21527.0,77.55
RPTECH, 04-Aug-2026,892.0,900.0,855.0,870.9,883.65,669266,5911.9,27904,284431.0,42.5
RRIL, 04-Aug-2026,18.34,18.34,16.5,17.15,17.37,29874,5.18,139,16368.0,54.79
RRKABEL, 04-Aug-2026,2639.5,2662.4,2598.7,2641.1,2631.9,499327,13169.91,51424,267245.0,53.52
RSDFIN, 04-Aug-2026,134.85,146.16,133.54,145.88,132.88,156418,223.02,2238,27909.0,17.84
RSL, 04-Aug-2026,142.89,147.75,138.65,142.11,142.89,1569049,2249.72,8684,840249.0,53.55
RSYSTEMS, 04-Aug-2026,275.3,276.55,266.9,271.6,273.8,292811,794.89,9649,145254.0,49.61
RTNINDIA, 04-Aug-2026,33.12,33.21,32.5,32.53,33.11,783070,256.42,3851,389771.0,49.77
RTNPOWER, 04-Aug-2026,8.8,8.85,8.71,8.74,8.8,12680644,1114.01,8943,3999510.0,31.54
RUBFILA, 04-Aug-2026,71.0,72.4,70.61,71.57,71.45,16889,12.07,204,14208.0,84.13
RUBICON, 04-Aug-2026,1498.0,1522.1,1461.6,1516.4,1500.8,224555,3354.42,21375,103499.0,46.09
RUCHINFRA, 04-Aug-2026,6.1,6.1,5.75,5.78,5.89,67431,3.9,163,61151.0,90.69
RUCHIRA, 04-Aug-2026,109.59,109.6,107.97,108.87,108.09,19939,21.7,435,12249.0,61.43
RUDRA, 04-Aug-2026,18.0,18.49,17.83,18.32,18.06,34009,6.19,123,18762.0,55.17
RULKA, 04-Aug-2026,113.9,113.9,112.0,112.0,111.25,3300,3.72,11,3300.0,100.0
RUPA, 04-Aug-2026,164.2,165.45,162.0,162.88,163.63,69962,114.46,2532,24259.0,34.67
RUSHIL, 04-Aug-2026,17.15,18.95,16.85,18.28,16.99,3875947,702.28,4815,974322.0,25.14
RUSTOMJEE, 04-Aug-2026,399.0,433.2,393.6,411.8,396.8,7049110,29628.96,108853,420372.0,5.96
RVHL, 04-Aug-2026,46.0,46.0,45.0,45.16,45.97,3387,1.54,63,2217.0,65.46
RVNL, 04-Aug-2026,232.9,235.2,229.8,231.4,232.9,4277319,9942.14,33860,1345548.0,31.46
RVTH, 04-Aug-2026,706.5,712.4,697.0,704.1,706.65,405,2.85,12,355.0,87.65
S&SPOWER, 04-Aug-2026,337.7,345.15,318.0,322.45,334.35,3802,12.68,108,2724.0,71.65
SAAKSHI, 04-Aug-2026,301.0,301.0,301.0,301.0,305.0,600,1.81,1,600.0,100.0
SAATVIKGL, 04-Aug-2026,435.0,437.8,417.15,426.3,437.8,106085,452.46,4029,56215.0,52.99
SABAR, 04-Aug-2026,6.7,6.75,6.55,6.55,6.45,75000,5.0,7,75000.0,100.0
SABEVENTS, 04-Aug-2026,6.63,6.63,6.63,6.63,6.32,329,0.02,5,329.0,100.0
SACHEEROME, 04-Aug-2026,416.2,423.45,410.0,415.55,416.2,13500,56.46,40,12300.0,91.11
SADBHAV, 04-Aug-2026,8.73,8.98,8.35,8.57,8.64,233177,20.3,649,156586.0,67.15
SADHAV, 04-Aug-2026,120.5,121.5,118.0,119.0,120.15,10800,12.91,13,8400.0,77.78
SAFARI, 04-Aug-2026,1557.3,1569.7,1475.1,1512.9,1548.1,138551,2099.04,14755,45198.0,32.62
SAFEENTP, 04-Aug-2026,256.15,256.15,245.4,250.35,261.6,47000,117.46,91,30000.0,63.83
SAGARDEEP, 04-Aug-2026,24.99,24.99,24.56,24.58,24.49,637,0.16,18,637.0,100.0
SAGCEM, 04-Aug-2026,172.7,174.2,172.57,172.94,172.67,15875,27.46,470,11305.0,71.21
SAGILITY, 04-Aug-2026,43.88,44.58,43.4,44.09,43.88,26219384,11586.35,46446,12003212.0,45.78
SAHAJSOLAR, 04-Aug-2026,115.65,115.65,111.0,113.45,115.6,12400,14.03,29,8400.0,67.74
SAHANA, 04-Aug-2026,820.6,828.1,790.0,804.4,831.6,32850,264.53,135,22500.0,68.49
SAHASRA, 04-Aug-2026,337.0,337.0,317.0,319.5,325.75,24000,77.88,49,22400.0,93.33
SAHLIBHFI, 04-Aug-2026,80.8,82.79,75.66,78.18,78.52,751,0.59,53,600.0,79.89
SAHYADRI, 04-Aug-2026,327.05,328.5,320.0,321.4,326.9,6399,20.65,430,4388.0,68.57
SAIFL, 04-Aug-2026,5.0,5.05,5.0,5.05,5.05,164000,8.21,32,144000.0,87.8
SAIL, 04-Aug-2026,168.25,174.15,168.02,173.55,165.0,25348224,43550.22,93965,8247660.0,32.54
SAILIFE, 04-Aug-2026,1339.0,1380.0,1333.4,1366.4,1333.4,423531,5756.2,27014,236326.0,55.8
SAIPARENT, 04-Aug-2026,546.6,549.7,529.65,531.7,554.55,147217,786.25,5808,84463.0,57.37
SAJHOTELS, 04-Aug-2026,37.95,38.55,37.95,38.55,36.75,18000,6.89,7,18000.0,100.0
SAKAR, 04-Aug-2026,929.9,929.9,902.0,916.05,922.5,60702,554.84,5406,32193.0,53.03
SAKHTISUG, 04-Aug-2026,17.6,18.02,17.44,17.74,17.44,193531,34.48,892,88141.0,45.54
SAKSOFT, 04-Aug-2026,178.6,179.0,173.86,177.84,176.57,670156,1185.06,8695,199007.0,29.7
SAKUMA, 04-Aug-2026,1.65,1.66,1.63,1.63,1.64,659633,10.84,589,539481.0,81.79
SALASAR, 04-Aug-2026,5.88,5.95,5.87,5.92,5.9,1762304,104.36,1876,764378.0,43.37
SALONA, 04-Aug-2026,248.0,255.99,248.0,251.68,248.06,304,0.76,27,240.0,78.95
SALSTEEL, 04-Aug-2026,57.99,59.87,56.05,56.95,57.69,77739,44.86,596,44665.0,57.46
SALZERELEC, 04-Aug-2026,591.3,618.0,590.0,612.1,591.3,67903,413.91,3707,34597.0,50.95
SAMBHAAV, 04-Aug-2026,6.58,6.7,6.42,6.49,6.58,19175,1.26,76,12340.0,64.35
SAMBHV, 04-Aug-2026,122.57,129.5,121.38,124.73,119.96,11479123,14484.24,65187,2814782.0,24.52
SAMHI, 04-Aug-2026,179.0,179.0,170.4,171.75,181.68,2382403,4139.29,28113,1275523.0,53.54
SAMMAANCAP, 04-Aug-2026,161.19,162.49,159.73,160.28,161.08,4560041,7339.31,19829,2707196.0,59.37
SAMPANN, 04-Aug-2026,27.06,27.78,27.06,27.08,27.14,2980,0.81,54,2271.0,76.21
SANATHAN, 04-Aug-2026,462.05,482.8,462.05,477.95,484.8,99034,467.02,2525,50981.0,51.48
SANDESH, 04-Aug-2026,1000.0,1023.45,978.0,1001.7,989.6,1057,10.54,156,784.0,74.17
SANDHAR, 04-Aug-2026,648.05,666.6,636.0,645.35,647.95,322579,2110.35,10718,160885.0,49.87
SANDUMA, 04-Aug-2026,212.07,214.05,209.05,210.98,212.05,516814,1092.99,7225,253155.0,48.98
SANGAMIND, 04-Aug-2026,609.5,621.0,607.0,613.3,609.5,21486,131.86,1512,12035.0,56.01
SANGANI, 04-Aug-2026,44.85,44.85,42.2,43.9,44.4,24000,10.52,8,13500.0,56.25
SANGHVIMOV, 04-Aug-2026,439.45,442.85,428.0,438.55,437.5,419502,1819.63,12020,167855.0,40.01
SANOFI, 04-Aug-2026,3389.0,3401.0,3363.7,3394.3,3381.8,17756,602.08,3180,8973.0,50.54
SANOFICONR, 04-Aug-2026,4559.2,4559.2,4520.0,4529.2,4539.5,1602,72.54,557,820.0,51.19
SANSERA, 04-Aug-2026,3468.0,3550.0,3443.6,3508.7,3452.7,248124,8690.51,31709,133004.0,53.6
SANSTAR, 04-Aug-2026,117.0,118.49,115.72,116.74,116.85,238018,278.65,2860,79109.0,33.24
SAPPHIRE, 04-Aug-2026,187.0,194.53,185.12,192.3,187.48,960476,1839.6,16319,417485.0,43.47
SAPPL, 04-Aug-2026,293.85,300.05,289.0,290.0,287.45,596,1.76,12,581.0,97.48
SARDAEN, 04-Aug-2026,518.05,527.0,505.5,509.4,516.2,350239,1814.39,14854,159174.0,45.45
SAREGAMA, 04-Aug-2026,511.95,547.5,493.7,542.55,514.2,6169224,32475.24,162162,1159126.0,18.79
SARLAPOLY, 04-Aug-2026,101.51,102.6,100.62,101.53,101.51,47572,48.4,681,36163.0,76.02
SARTELE, 04-Aug-2026,119.0,119.95,118.0,119.4,120.25,41000,48.67,69,31500.0,76.83
SARVESHWAR, 04-Aug-2026,3.4,3.45,3.35,3.41,3.38,785719,26.82,1168,564908.0,71.9
SASKEN, 04-Aug-2026,1997.4,1997.4,1997.4,1997.4,1902.3,18668,372.87,335,10011.0,53.63
SATECH, 04-Aug-2026,34.7,34.7,34.55,34.55,36.1,2000,0.69,2,1000.0,50.0
SATIA, 04-Aug-2026,62.5,63.33,61.72,62.49,62.5,118525,74.15,1230,81511.0,68.77
SATIN, 04-Aug-2026,234.16,241.98,229.54,235.05,230.7,766121,1812.2,10880,350980.0,45.81
SATIPOLY, 04-Aug-2026,42.9,42.9,42.9,42.9,42.9,500,0.21,1,500.0,100.0
SATKARTAR, 04-Aug-2026,130.5,130.5,124.0,125.3,133.3,80800,102.51,85,69600.0,86.14
SATTVAENGG, 04-Aug-2026,84.2,85.0,84.1,84.1,84.2,8000,6.75,5,8000.0,100.0
SAURASHCEM, 04-Aug-2026,59.75,63.2,59.4,62.32,60.14,149374,91.49,1684,84854.0,56.81
SAVY, 04-Aug-2026,120.0,120.0,120.0,120.0,118.45,1200,1.44,1,1200.0,100.0
SAWALIYA, 04-Aug-2026,293.0,294.0,286.0,292.0,294.15,76800,223.71,67,39000.0,50.78
SAYAJIHOTL, 04-Aug-2026,310.85,312.15,310.8,312.0,304.75,135,0.42,6,135.0,100.0
SBC, 04-Aug-2026,42.18,42.5,40.72,41.53,41.99,7184232,2995.17,6255,3075978.0,42.82
SBCL, 04-Aug-2026,771.2,782.0,767.25,778.0,763.45,472185,3666.92,37764,249095.0,52.75
SBFC, 04-Aug-2026,92.0,93.0,91.74,92.17,92.08,566352,523.81,9829,280338.0,49.5
SBGLP, 04-Aug-2026,25.55,25.55,24.52,25.02,25.55,5397,1.35,125,4437.0,82.21
SBIBPB, 04-Aug-2026,49.34,49.38,48.9,49.01,48.98,39125,19.2,286,26002.0,66.46
SBICARD, 04-Aug-2026,668.35,668.4,657.7,658.0,665.05,686610,4548.34,27482,320018.0,46.61
SBIETFCON, 04-Aug-2026,124.4,126.0,124.4,125.05,124.4,5450,6.85,130,5112.0,93.8
SBIETFIT, 04-Aug-2026,348.05,351.39,346.05,347.41,349.87,15322,53.25,229,12735.0,83.12
SBIETFPB, 04-Aug-2026,283.45,284.5,282.0,283.35,283.58,3443,9.76,96,2350.0,68.25
SBIETFQLTY, 04-Aug-2026,228.0,228.64,226.26,227.02,226.27,3062,6.97,54,2275.0,74.3
SBIFUNDS, 04-Aug-2026,585.0,588.0,568.75,569.7,588.05,4878368,27954.58,106983,2691581.0,55.17
SBILIFE, 04-Aug-2026,1901.0,1909.8,1856.6,1899.0,1915.0,1516326,28404.31,57732,951926.0,62.78
SBILIQETF, 04-Aug-2026,1050.31,1050.33,1050.31,1050.33,1050.21,20373,213.98,38,13899.0,68.22
SBIMIDMOM, 04-Aug-2026,63.0,63.76,63.0,63.54,63.25,18970,12.03,115,14477.0,76.32
SBIN, 04-Aug-2026,1047.6,1047.6,1030.9,1042.7,1045.0,8544184,88548.5,163836,4533215.0,53.06
SBINEQWETF, 04-Aug-2026,33.39,34.64,33.39,33.87,34.25,34643,11.84,306,16577.0,47.85
SBINMID150, 04-Aug-2026,23.54,23.58,23.3,23.44,23.43,102672,24.11,193,93603.0,91.17
SBISILVER, 04-Aug-2026,211.66,213.07,211.66,212.3,211.66,523634,1112.66,4192,224847.0,42.94
SBISMLETF, 04-Aug-2026,17.98,18.3,17.98,18.23,18.17,64174,11.7,161,57959.0,90.32
SBIVALETF, 04-Aug-2026,15.11,15.15,15.04,15.11,15.11,3814,0.58,37,3690.0,96.75
SCHAEFFLER, 04-Aug-2026,4060.0,4110.0,4045.0,4055.5,4069.2,26698,1087.12,6628,13753.0,51.51
SCHAND, 04-Aug-2026,144.35,145.98,143.5,144.31,144.7,11100,16.05,566,7611.0,68.57
SCHNEIDER, 04-Aug-2026,1341.1,1375.0,1328.6,1333.9,1346.1,148573,2010.26,15184,69236.0,46.6
SCI, 04-Aug-2026,297.55,306.5,297.55,300.9,292.65,8886690,26885.72,82104,2417774.0,27.21
SCILAL, 04-Aug-2026,42.0,43.87,41.39,41.64,41.89,800336,338.37,4171,235279.0,29.4
SCML, 04-Aug-2026,83.25,83.25,81.15,81.4,81.95,42000,34.23,31,3000.0,7.14
SCODATUBES, 04-Aug-2026,151.0,153.0,149.2,150.66,150.82,90105,136.01,1842,37075.0,41.15
SCPL, 04-Aug-2026,650.0,652.4,620.2,632.15,638.6,93943,599.5,3241,67107.0,71.43
SDBL, 04-Aug-2026,71.84,72.27,70.9,71.24,71.41,414053,296.48,3528,212615.0,51.35
SDREAMS, 04-Aug-2026,88.0,88.0,88.0,88.0,88.0,3000,2.64,3,3000.0,100.0
SEAMECLTD, 04-Aug-2026,1450.0,1503.0,1450.0,1480.5,1457.2,90260,1337.27,8516,50251.0,55.67
SECMARK, 04-Aug-2026,128.4,128.4,124.01,124.21,124.46,1383,1.72,38,961.0,69.49
SECURKLOUD, 04-Aug-2026,18.0,18.3,17.42,18.28,17.83,11455,2.06,70,9695.0,84.64
SEDEMAC, 04-Aug-2026,2753.0,2851.2,2740.0,2795.9,2752.1,186540,5214.92,23089,93232.0,49.98
SEIL, 04-Aug-2026,207.49,211.99,202.64,203.0,205.0,144950,297.86,1986,105353.0,72.68
SEL, 04-Aug-2026,264.45,264.45,241.7,243.05,247.5,2600,6.62,12,1400.0,53.85
SELECTIPO, 04-Aug-2026,49.0,49.0,47.61,47.61,47.57,35180,16.78,86,27680.0,78.68
SELMC, 04-Aug-2026,27.89,28.5,26.0,27.85,27.47,16751,4.59,194,11769.0,70.26
SENCO, 04-Aug-2026,384.0,395.0,378.4,387.9,388.1,1428731,5535.73,37635,450626.0,31.54
SENORES, 04-Aug-2026,1369.0,1370.0,1344.0,1360.5,1355.3,104570,1416.84,7494,47029.0,44.97
SENSEXADD, 04-Aug-2026,81.2,81.44,80.68,81.15,81.11,838,0.68,19,774.0,92.36
SENSEXAXIS, 04-Aug-2026,80.6,82.19,80.6,81.31,81.0,2258,1.84,77,911.0,40.35
SENSEXBETA, 04-Aug-2026,861.22,874.69,861.22,867.62,864.44,1606,13.98,243,813.0,50.62
SENSEXETF, 04-Aug-2026,81.45,81.5,80.7,80.93,81.25,16231,13.15,219,8340.0,51.38
SENSEXIETF, 04-Aug-2026,905.09,908.75,898.81,900.68,898.76,11710,105.83,458,5412.0,46.22
SEPC, 04-Aug-2026,6.01,6.07,5.93,5.95,6.02,6535462,391.66,4647,3093625.0,47.34
SERVICE, 04-Aug-2026,61.0,61.85,60.5,60.5,61.0,16000,9.81,8,4000.0,25.0
SERVOTECH, 04-Aug-2026,86.15,87.87,85.3,87.51,85.75,580872,503.14,5680,282196.0,48.58
SESHAPAPER, 04-Aug-2026,240.1,241.0,226.1,227.99,237.87,289160,671.69,4672,172900.0,59.79
SETF10GILT, 04-Aug-2026,263.01,264.99,263.01,264.95,263.97,4548,12.02,38,4083.0,89.78
SETFGOLD, 04-Aug-2026,121.7,124.05,120.7,120.97,121.03,3999584,4837.49,9082,3013944.0,75.36
SETFNIF50, 04-Aug-2026,264.58,268.6,263.22,263.77,264.58,678228,1792.06,4791,503052.0,74.17
SETFNIFBK, 04-Aug-2026,593.56,595.15,589.56,590.95,594.08,19122,113.19,557,11436.0,59.81
SETFNN50, 04-Aug-2026,801.48,801.48,773.93,789.01,795.3,39099,310.81,1345,25698.0,65.73
SETL, 04-Aug-2026,284.95,284.95,274.05,275.4,278.55,193470,535.84,4551,111997.0,57.89
SFL, 04-Aug-2026,792.55,832.45,735.0,768.05,790.75,628990,5013.08,33499,234458.0,37.28
SFML, 04-Aug-2026,23.95,24.15,23.0,24.15,22.8,8000,1.88,5,6400.0,80.0
SGBAPR28I, 04-Aug-2026,14300.0,14321.25,14200.0,14213.7,14225.78,347,49.34,43,312.0,89.91
SGBAUG27, 04-Aug-2026,14296.0,14296.0,14295.0,14295.0,14295.0,2,0.29,2,2.0,100.0
SGBAUG28V, 04-Aug-2026,14210.63,14269.97,14200.0,14219.08,14210.63,506,72.0,101,376.0,74.31
SGBAUG29V, 04-Aug-2026,14151.0,14358.0,14150.0,14206.3,14235.16,96,13.65,23,75.0,78.13
SGBAUG30, 04-Aug-2026,14445.15,14445.15,14360.0,14376.33,14373.28,205,29.53,42,144.0,70.24
SGBD29VIII, 04-Aug-2026,14250.0,14250.0,14166.0,14179.0,14210.0,159,22.57,57,155.0,97.48
SGBDC27VII, 04-Aug-2026,14072.26,14300.0,14020.11,14197.0,14142.97,8,1.13,7,4.0,50.0
SGBDE30III, 04-Aug-2026,14350.0,14440.0,14341.0,14423.24,14350.0,123,17.71,39,101.0,82.11
SGBDE31III, 04-Aug-2026,14535.26,14610.0,14411.0,14600.58,14535.26,1182,171.81,241,809.0,68.44
SGBFEB29XI, 04-Aug-2026,14240.0,14259.99,14180.0,14259.0,14209.15,55,7.83,15,34.0,61.82
SGBFEB32IV, 04-Aug-2026,14566.94,14789.69,14552.0,14665.78,14640.14,1200,176.0,184,969.0,80.75
SGBJ28VIII, 04-Aug-2026,14100.0,14121.0,14100.0,14121.0,14050.0,4,0.56,3,4.0,100.0
SGBJAN27, 04-Aug-2026,14019.11,14220.0,14019.11,14220.0,14220.0,3,0.42,3,2.0,66.67
SGBJAN29IX, 04-Aug-2026,14117.0,14165.0,14100.0,14165.0,14175.08,220,31.09,51,133.0,60.45
SGBJAN29X, 04-Aug-2026,14200.0,14200.0,14155.0,14155.0,14178.18,11,1.56,4,11.0,100.0
SGBJAN30IX, 04-Aug-2026,14230.0,14300.0,14185.01,14297.5,14290.0,136,19.38,34,70.0,51.47
SGBJU29III, 04-Aug-2026,14295.0,14295.0,14155.0,14155.65,14200.0,34,4.82,10,30.0,88.24
SGBJUL27, 04-Aug-2026,14100.0,14100.0,14100.0,14100.0,14100.0,2,0.28,2,2.0,100.0
SGBJUL28IV, 04-Aug-2026,14115.0,14160.0,14100.0,14129.21,14159.99,192,27.13,42,142.0,73.96
SGBJUL29IV, 04-Aug-2026,14132.0,14199.96,14121.0,14166.66,14247.38,318,45.0,41,200.0,62.89
SGBJUN27, 04-Aug-2026,14010.01,14010.01,14010.01,14010.01,14061.0,1,0.14,1,1.0,100.0
SGBJUN28, 04-Aug-2026,14150.0,14150.0,14150.0,14150.0,14159.91,1,0.14,1,1.0,100.0
SGBJUN29II, 04-Aug-2026,14170.0,14194.97,14115.0,14115.0,14190.2,64,9.06,15,61.0,95.31
SGBJUN30, 04-Aug-2026,14235.0,14449.0,14205.0,14257.96,14234.96,272,38.87,59,208.0,76.47
SGBJUN31I, 04-Aug-2026,14365.48,14553.89,14365.48,14475.0,14437.67,183,26.51,47,109.0,59.56
SGBMAR28X, 04-Aug-2026,14100.0,14121.0,14100.0,14121.0,14170.0,20,2.82,5,20.0,100.0
SGBMAR30X, 04-Aug-2026,14315.9,14315.9,14231.0,14276.0,14257.83,31,4.43,15,29.0,93.55
SGBMAR31IV, 04-Aug-2026,14452.36,14458.0,14398.75,14414.0,14452.36,164,23.67,61,161.0,98.17
SGBMAY28, 04-Aug-2026,14149.9,14150.0,14110.0,14131.0,14149.89,120,16.95,29,98.0,81.67
SGBMAY29I, 04-Aug-2026,14150.0,14200.0,14138.0,14152.45,14183.79,621,87.95,100,426.0,68.6
SGBMR29XII, 04-Aug-2026,14208.12,14208.12,14151.01,14190.97,14208.12,52,7.38,14,41.0,78.85
SGBN28VIII, 04-Aug-2026,14160.0,14200.0,14140.0,14155.43,14158.1,76,10.76,25,43.0,56.58
SGBNOV26, 04-Aug-2026,14200.0,14859.97,14200.0,14859.97,14200.0,2,0.29,2,2.0,100.0
SGBNV29VII, 04-Aug-2026,14155.0,14200.0,14155.0,14160.98,14159.18,172,24.38,50,103.0,59.88
SGBOC28VII, 04-Aug-2026,14155.0,14190.0,14136.0,14140.89,14180.01,42,5.94,14,32.0,76.19
SGBOCT26, 04-Aug-2026,14150.0,14150.0,14150.0,14150.0,14116.92,6,0.85,3,6.0,100.0
SGBOCT27, 04-Aug-2026,14061.0,14061.0,14061.0,14061.0,14150.0,1,0.14,1,1.0,100.0
SGBOCT27VI, 04-Aug-2026,14100.0,14100.0,14100.0,14100.0,14100.0,100,14.1,5,100.0,100.0
SGBSEP27, 04-Aug-2026,14085.0,14085.12,14085.0,14085.12,14200.0,2,0.28,2,2.0,100.0
SGBSEP28VI, 04-Aug-2026,14210.0,14210.0,14200.0,14200.0,14206.83,16,2.27,4,16.0,100.0
SGBSEP29VI, 04-Aug-2026,14220.0,14250.0,14166.0,14173.25,14208.3,168,23.86,35,141.0,83.93
SGBSEP31II, 04-Aug-2026,14465.0,14524.99,14403.2,14483.67,14469.69,711,102.92,149,437.0,61.46
SGFIN, 04-Aug-2026,700.95,712.4,700.0,705.9,702.6,182163,1289.94,5910,73228.0,40.2
SGIL, 04-Aug-2026,601.55,603.25,589.15,595.1,592.2,3691,22.0,197,2256.0,61.12
SGL, 04-Aug-2026,10.0,10.0,9.84,9.85,9.88,1969,0.2,29,1864.0,94.67
SGMART, 04-Aug-2026,692.1,725.0,687.35,718.8,699.25,705862,4988.39,27448,370397.0,52.47
SHADOWFAX, 04-Aug-2026,240.7,250.0,240.0,248.15,240.78,11761960,28944.18,124880,5153854.0,43.82
SHAH, 04-Aug-2026,4.09,4.28,3.82,4.01,4.01,9293182,380.17,12030,1874050.0,20.17
SHAHALLOYS, 04-Aug-2026,69.0,69.0,67.05,67.4,67.44,3319,2.23,30,3225.0,97.17
SHAILY, 04-Aug-2026,3053.9,3122.0,3041.2,3075.7,3056.0,194597,5989.48,14736,125481.0,64.48
SHAKTIPUMP, 04-Aug-2026,519.95,521.0,517.15,519.4,518.8,292812,1520.05,12677,146422.0,50.01
SHALBY, 04-Aug-2026,164.0,167.19,164.0,165.04,163.84,34080,56.43,881,19869.0,58.3
SHALPAINTS, 04-Aug-2026,83.0,89.8,80.5,82.54,80.01,10074498,8565.62,43453,2223955.0,22.08
SHANKARA, 04-Aug-2026,141.92,145.68,141.92,144.74,141.92,558900,803.87,2036,358845.0,64.21
SHANTHALA, 04-Aug-2026,17.25,17.25,17.25,17.25,17.25,2400,0.41,2,2400.0,100.0
SHANTI, 04-Aug-2026,7.1,7.25,6.71,6.91,6.9,12206,0.85,57,8185.0,67.06
SHANTIGEAR, 04-Aug-2026,415.05,420.5,406.3,409.5,415.0,15663,64.96,636,10304.0,65.79
SHANTIGOLD, 04-Aug-2026,219.9,220.99,217.5,218.05,219.61,424532,930.12,4632,255327.0,60.14
SHARDACROP, 04-Aug-2026,826.15,843.9,826.15,840.65,826.15,208022,1741.61,10684,126339.0,60.73
SHARDAMOTR, 04-Aug-2026,912.3,917.9,884.25,887.95,912.3,41125,367.44,5453,22012.0,53.52
SHAREINDIA, 04-Aug-2026,180.74,181.99,175.5,176.08,180.74,503497,898.83,3939,257111.0,51.07
SHARIABEES, 04-Aug-2026,473.0,478.72,470.65,473.86,474.65,7244,34.43,557,4558.0,62.92
SHBAJRG, 04-Aug-2026,182.55,194.9,182.55,187.13,187.98,2438,4.62,104,1620.0,66.45
SHEETAL, 04-Aug-2026,295.5,316.5,295.5,315.15,295.9,23000,71.55,34,13500.0,58.7
SHEKHAWATI, 04-Aug-2026,14.84,14.84,13.88,14.29,13.59,49968,7.14,225,44141.0,88.34
SHERA, 04-Aug-2026,165.8,166.2,165.0,165.0,167.5,5000,8.27,5,5000.0,100.0
SHETHJI, 04-Aug-2026,153.0,159.35,152.0,155.15,152.05,22000,34.32,16,22000.0,100.0
SHILCTECH, 04-Aug-2026,4670.1,4700.0,4600.0,4663.7,4682.5,17272,804.65,4720,9092.0,52.64
SHILPAMED, 04-Aug-2026,622.95,655.75,621.25,644.65,623.55,1440785,9277.67,41335,640493.0,44.45
SHINDL, 04-Aug-2026,161.55,161.95,159.0,159.74,160.36,93021,149.36,423,7402.0,7.96
SHIVASHRIT, 04-Aug-2026,129.95,129.95,123.0,128.75,126.55,45000,56.49,29,25000.0,55.56
SHIVATEX, 04-Aug-2026,163.05,164.69,163.0,163.14,163.57,634,1.03,16,612.0,96.53
SHIVAUM, 04-Aug-2026,428.05,428.05,415.1,419.75,428.05,2533,10.66,112,1490.0,58.82
SHK, 04-Aug-2026,166.5,167.0,162.12,165.77,166.54,594231,980.6,8349,251597.0,42.34
SHOPERSTOP, 04-Aug-2026,403.35,427.9,400.0,406.85,403.35,186011,770.21,7195,81968.0,44.07
SHRADHA, 04-Aug-2026,33.76,34.39,33.76,33.82,33.86,5370,1.82,77,3416.0,63.61
SHREDIGCEM, 04-Aug-2026,73.5,73.5,72.45,72.55,73.93,28537,20.76,635,18299.0,64.12
SHREECEM, 04-Aug-2026,27000.0,27040.0,26600.0,26900.0,27000.0,17586,4728.86,7021,6579.0,37.41
SHREEDHAR, 04-Aug-2026,106.0,121.65,103.95,121.65,101.4,266000,305.99,121,174000.0,65.41
SHREEJISPG, 04-Aug-2026,669.9,673.9,658.0,660.55,666.55,455972,3022.87,6127,250377.0,54.91
SHREEKARNI, 04-Aug-2026,408.4,408.7,408.4,408.7,407.0,450,1.84,2,450.0,100.0
SHREEOSFM, 04-Aug-2026,57.5,58.8,57.5,58.8,56.0,2000,1.16,2,2000.0,100.0
SHREEPUSHK, 04-Aug-2026,408.95,426.0,404.0,421.95,405.85,47361,197.1,2343,27699.0,58.48
SHREERAMA, 04-Aug-2026,40.36,40.36,37.8,38.29,40.36,140726,54.72,1433,88417.0,62.83
SHREYANIND, 04-Aug-2026,141.88,142.41,138.92,140.85,141.88,1192,1.68,74,1042.0,87.42
SHRIAHIMSA, 04-Aug-2026,401.0,401.0,385.0,389.0,385.0,48000,187.09,41,46200.0,96.25
SHRIKANHA, 04-Aug-2026,21.9,23.25,21.8,22.3,22.8,11200,2.5,7,11200.0,100.0
SHRIKRISH, 04-Aug-2026,40.12,40.41,40.12,40.25,40.06,568,0.23,14,565.0,99.47
SHRINGARMS, 04-Aug-2026,230.45,233.8,228.59,232.28,229.85,544490,1263.52,5237,161992.0,29.75
SHRIPISTON, 04-Aug-2026,4525.0,4549.0,4090.0,4402.7,4524.4,60833,2725.77,13187,32328.0,53.14
SHRIRAMFIN, 04-Aug-2026,1080.0,1091.7,1075.1,1087.3,1090.2,3516949,38086.65,79286,1937445.0,55.09
SHRIRAMPPS, 04-Aug-2026,85.65,85.99,84.5,84.67,85.65,194896,165.75,2042,113031.0,58.0
SHUBHLAXMI, 04-Aug-2026,18.95,18.95,18.95,18.95,18.95,1000,0.19,1,1000.0,100.0
SHUBHSHREE, 04-Aug-2026,329.0,350.0,329.0,345.0,331.0,6000,20.5,8,5400.0,90.0
SHYAMDHANI, 04-Aug-2026,56.6,56.7,56.0,56.7,54.0,12000,6.76,6,10000.0,83.33
SHYAMMETL, 04-Aug-2026,1025.1,1029.4,1014.1,1019.8,1025.1,407730,4162.65,9681,51134.0,12.54
SICAGEN, 04-Aug-2026,50.0,50.74,49.65,49.73,49.97,5339,2.66,41,5182.0,97.06
SIDDHICOTS, 04-Aug-2026,27.8,27.8,27.8,27.8,27.55,3600,1.0,3,3600.0,100.0
SIEMENS, 04-Aug-2026,3919.6,4073.8,3919.6,4000.5,3900.0,1107988,44494.71,72792,254772.0,22.99
SIGIND, 04-Aug-2026,55.35,57.57,54.56,56.96,55.93,122854,69.38,1053,52920.0,43.08
SIGMA, 04-Aug-2026,50.7,51.49,47.0,48.09,50.24,415541,204.68,2955,239577.0,57.65
SIGNATURE, 04-Aug-2026,833.65,833.65,815.0,818.35,833.65,172342,1431.07,2951,15028.0,8.72
SIGNORIA, 04-Aug-2026,154.9,155.4,154.0,154.9,148.0,7000,10.84,6,7000.0,100.0
SIGNPOST, 04-Aug-2026,274.9,285.9,266.0,274.0,280.0,366107,1004.78,9409,184023.0,50.26
SIKA, 04-Aug-2026,1124.3,1159.0,1100.0,1113.2,1124.1,23025,259.22,2119,10182.0,44.22
SIKKO, 04-Aug-2026,5.44,5.44,5.15,5.3,5.37,1852757,97.96,778,1618167.0,87.34
SIL, 04-Aug-2026,17.11,17.11,16.67,16.9,16.95,22178,3.76,255,18701.0,84.32
SILGO, 04-Aug-2026,69.61,73.4,69.04,70.99,69.79,205853,144.11,1559,102109.0,49.6
SILINV, 04-Aug-2026,427.6,433.95,411.0,424.55,427.6,4377,18.59,226,3199.0,73.09
SILKFLEX, 04-Aug-2026,205.0,210.0,200.0,200.05,201.1,38000,77.5,33,35000.0,92.11
SILKY, 04-Aug-2026,80.5,81.75,73.35,75.9,78.95,12000,9.1,13,9600.0,80.0
SILLYMONKS, 04-Aug-2026,14.9,15.84,14.9,15.38,15.13,17846,2.74,169,6826.0,38.25
SILVER, 04-Aug-2026,215.0,217.04,215.0,216.41,215.54,694678,1503.76,5429,315226.0,45.38
SILVER1, 04-Aug-2026,21.47,21.47,20.92,21.01,20.95,3270531,687.49,3360,1690999.0,51.7
SILVER360, 04-Aug-2026,217.6,217.6,212.33,213.39,212.3,7940,16.94,379,4774.0,60.13
SILVERADD, 04-Aug-2026,208.62,209.48,208.31,208.73,207.86,240883,502.97,1570,193615.0,80.38
SILVERAG, 04-Aug-2026,210.52,211.92,210.52,211.29,210.34,142938,301.93,1538,35837.0,25.07
SILVERAXIS, 04-Aug-2026,216.87,216.87,215.07,215.38,214.72,455814,982.19,1487,262802.0,57.66
SILVERBEES, 04-Aug-2026,206.55,207.95,206.36,207.35,206.45,12935016,26825.74,43605,5196262.0,40.17
SILVERBETA, 04-Aug-2026,209.65,209.96,208.81,209.33,208.42,204273,427.65,2361,109555.0,53.63
SILVERBND, 04-Aug-2026,217.75,218.39,216.72,217.74,216.89,1836,4.0,79,1004.0,54.68
SILVERCASE, 04-Aug-2026,22.3,22.3,21.8,21.96,21.86,4382533,962.64,4900,1121833.0,25.6
SILVERIETF, 04-Aug-2026,215.05,217.0,214.09,216.3,215.46,2250240,4871.78,13862,1363859.0,60.61
SILVERTUC, 04-Aug-2026,197.99,202.6,191.3,193.54,197.38,389873,765.67,6321,152378.0,39.08
SIMCA, 04-Aug-2026,220.05,229.65,219.0,225.7,219.0,70200,156.63,77,46800.0,66.67
SIMPLEXINF, 04-Aug-2026,235.4,239.25,223.85,233.16,235.64,42379,99.78,1223,19367.0,45.7
SINCLAIR, 04-Aug-2026,75.0,75.79,72.81,74.03,74.69,11487,8.52,239,7823.0,68.1
SINDHUTRAD, 04-Aug-2026,24.37,24.7,24.18,24.37,24.5,396292,96.81,809,269114.0,67.91
SINGERIND, 04-Aug-2026,65.7,65.7,64.13,65.3,64.9,20080,13.04,742,10976.0,54.66
SINTERCOM, 04-Aug-2026,85.25,87.0,82.12,82.66,86.99,3814,3.23,91,2967.0,77.79
SIRCA, 04-Aug-2026,435.0,439.6,429.9,437.0,430.7,548456,2383.76,5323,178590.0,32.56
SIS, 04-Aug-2026,425.1,432.35,422.6,430.05,425.1,186973,800.96,8410,129598.0,69.31
SIYSIL, 04-Aug-2026,629.7,638.8,620.0,622.9,629.3,59367,373.09,4312,33181.0,55.89
SJLOGISTIC, 04-Aug-2026,327.8,329.7,316.0,318.2,322.3,51750,167.28,122,32500.0,62.8
SJS, 04-Aug-2026,2485.0,2542.0,2381.5,2432.4,2483.4,266543,6597.39,29377,141456.0,53.07
SJVN, 04-Aug-2026,69.74,69.75,68.75,69.0,69.42,1402588,971.02,12913,764925.0,54.54
SKFINDIA, 04-Aug-2026,1508.8,1530.2,1490.0,1493.3,1506.5,43510,653.54,6685,27524.0,63.26
SKFINDUS, 04-Aug-2026,2770.0,2811.5,2709.8,2771.9,2697.7,39180,1087.2,9744,21422.0,54.68
SKIPPER, 04-Aug-2026,551.0,554.8,543.85,546.35,549.15,328379,1800.73,13762,161507.0,49.18
SKMEGGPROD, 04-Aug-2026,245.0,245.0,239.0,240.14,242.33,381942,923.88,6719,143940.0,37.69
SKP, 04-Aug-2026,160.25,165.0,158.0,165.0,158.0,13500,21.98,20,12000.0,88.89
SKYGOLD, 04-Aug-2026,691.85,694.3,673.25,675.5,691.85,438087,2986.35,17677,222770.0,50.85
SLONE, 04-Aug-2026,142.7,142.7,137.0,137.0,142.7,2400,3.36,6,2400.0,100.0
SMALL250, 04-Aug-2026,18.37,18.37,18.22,18.26,18.28,529291,96.77,758,435563.0,82.29
SMALLADD, 04-Aug-2026,18.27,18.39,18.21,18.25,18.27,181066,33.18,111,128814.0,71.14
SMALLCAP, 04-Aug-2026,47.4,47.87,47.18,47.61,47.4,1463933,698.0,2845,852456.0,58.23
SMALLGROWW, 04-Aug-2026,47.0,47.89,47.0,47.73,47.56,5217,2.49,78,4112.0,78.82
SMALLIETF, 04-Aug-2026,18.25,18.31,18.17,18.24,18.21,177525,32.46,121,147816.0,83.26
SMARTEN, 04-Aug-2026,54.0,54.6,52.5,53.15,54.55,13200,7.09,10,13200.0,100.0
SMARTWORKS, 04-Aug-2026,475.0,483.45,473.0,476.65,481.65,30363,144.95,2822,18698.0,61.58
SMCGLOBAL, 04-Aug-2026,79.5,80.52,78.62,79.46,79.94,241163,191.1,1736,145250.0,60.23
SML100CASE, 04-Aug-2026,11.37,11.43,11.14,11.17,11.15,2576286,288.53,2221,1710051.0,66.38
SMLMAH, 04-Aug-2026,5470.0,5544.0,5281.0,5425.0,5464.0,117012,6326.63,14823,40156.0,34.32
SMLT, 04-Aug-2026,68.1,71.34,68.1,70.08,69.0,23106,16.27,384,11522.0,49.87
SMSPHARMA, 04-Aug-2026,365.5,369.8,361.7,363.5,363.55,236700,862.9,5206,115623.0,48.85
SNEHAA, 04-Aug-2026,46.0,46.0,46.0,46.0,47.25,1000,0.46,1,1000.0,100.0
SNOWMAN, 04-Aug-2026,38.25,40.2,38.02,39.43,38.5,272784,106.76,2003,199034.0,72.96
SNXT30BEES, 04-Aug-2026,43.88,44.2,43.0,43.68,43.39,141166,61.55,134,20077.0,14.22
SNXT50BETA, 04-Aug-2026,96.77,96.77,95.15,95.86,95.84,2563,2.46,82,1724.0,67.26
SOBHA, 04-Aug-2026,1372.3,1375.0,1350.0,1358.4,1372.3,62598,853.89,8328,30676.0,49.0
SOCL, 04-Aug-2026,25.05,27.0,25.05,25.75,27.25,30400,7.85,18,19200.0,63.16
SOLARA, 04-Aug-2026,518.85,522.8,514.05,520.65,515.85,128193,664.89,2754,78665.0,61.36
SOLARINDS, 04-Aug-2026,18659.0,18800.0,18537.0,18700.0,18659.0,58255,10908.2,18431,22762.0,39.07
SOLARWORLD, 04-Aug-2026,184.62,186.0,168.0,169.72,184.62,1968506,3406.92,25984,981703.0,49.87
SOLEX, 04-Aug-2026,946.8,948.8,920.05,925.75,946.8,20303,188.29,1598,8777.0,43.23
SOMANYCERA, 04-Aug-2026,507.5,519.0,504.75,509.3,509.0,75092,384.12,4570,43831.0,58.37
SOMATEX, 04-Aug-2026,95.65,97.49,95.0,95.9,95.64,8313,7.99,255,6619.0,79.62
SOMICONVEY, 04-Aug-2026,95.93,95.93,93.81,94.76,93.45,4072,3.84,97,3276.0,80.45
SONACOMS, 04-Aug-2026,785.0,794.45,774.5,787.0,785.0,2041296,16032.52,49112,961200.0,47.09
SONAL, 04-Aug-2026,89.0,89.0,88.01,88.01,89.45,266,0.24,5,266.0,100.0
SONAMLTD, 04-Aug-2026,55.0,56.0,53.8,54.17,54.16,21662,11.87,408,13538.0,62.5
SONATSOFTW, 04-Aug-2026,344.25,354.85,340.4,350.3,345.85,2413398,8434.21,33339,784561.0,32.51
SONUINFRA, 04-Aug-2026,41.95,41.95,40.0,40.0,41.95,6000,2.43,3,6000.0,100.0
SOTL, 04-Aug-2026,632.0,650.25,622.25,643.0,630.1,327137,2098.9,11104,145253.0,44.4
SOUTHBANK, 04-Aug-2026,47.07,47.25,46.76,46.86,47.07,4904547,2304.53,19786,2414143.0,49.22
SOUTHWEST, 04-Aug-2026,240.56,240.56,234.65,235.88,240.44,67193,158.93,2123,34668.0,51.59
SPAL, 04-Aug-2026,980.0,1034.95,963.55,1032.4,988.7,226883,2291.04,15962,63836.0,28.14
SPANDANA, 04-Aug-2026,263.6,263.6,250.9,256.55,262.4,482272,1231.19,11200,259596.0,53.83
SPARC, 04-Aug-2026,209.79,210.19,206.5,207.27,207.93,557756,1161.75,7655,280924.0,50.37
SPCENET, 04-Aug-2026,3.47,3.51,3.43,3.47,3.43,217683,7.57,413,180907.0,83.11
SPCL, 04-Aug-2026,66.0,67.0,65.1,65.2,66.2,34200,22.48,53,28200.0,82.46
SPECIALITY, 04-Aug-2026,133.9,142.0,129.48,139.46,132.12,130939,180.36,1829,67207.0,51.33
SPECTRUM, 04-Aug-2026,2550.0,2585.0,2500.0,2552.1,2547.4,18558,471.61,2979,7222.0,38.92
SPECTSTM, 04-Aug-2026,62.8,62.85,62.75,62.75,65.5,4000,2.51,5,4000.0,100.0
SPENCERS, 04-Aug-2026,33.07,33.99,32.05,32.2,33.23,57523,18.79,1013,33659.0,58.51
SPIC, 04-Aug-2026,67.3,69.0,67.16,68.09,67.34,337746,230.39,3520,151880.0,44.97
SPLIL, 04-Aug-2026,30.45,31.79,30.44,31.24,30.0,5933,1.84,69,5051.0,85.13
SPLPETRO, 04-Aug-2026,715.0,723.95,710.0,716.8,715.9,63483,455.99,4290,30230.0,47.62
SPMLINFRA, 04-Aug-2026,195.5,196.19,193.6,194.25,196.13,60461,117.65,1157,32573.0,53.87
SPORTKING, 04-Aug-2026,233.0,233.0,216.01,217.51,229.63,1217820,2719.47,16451,429921.0,35.3
SPUNWEB, 04-Aug-2026,103.5,105.0,96.5,100.0,100.0,16800,16.99,13,13200.0,78.57
SRD, 04-Aug-2026,39.21,39.73,38.1,38.68,39.21,7154,2.78,100,5319.0,74.35
SREEL, 04-Aug-2026,215.5,217.51,209.0,212.61,216.45,15979,34.13,875,11911.0,74.54
SRF, 04-Aug-2026,2663.0,2663.0,2611.0,2642.3,2645.0,255133,6724.03,27490,141020.0,55.27
SRGHFL, 04-Aug-2026,308.8,308.85,291.65,294.45,299.7,1868,5.51,58,1602.0,85.76
SRHHYPOLTD, 04-Aug-2026,494.05,494.05,483.1,486.7,494.1,7152,34.83,464,5446.0,76.15
SRIVASAVI, 04-Aug-2026,87.65,87.85,82.45,83.8,83.7,9000,7.75,8,8000.0,88.89
SRM, 04-Aug-2026,496.4,516.0,493.35,509.85,496.4,96753,490.3,2951,63358.0,65.48
SRTL, 04-Aug-2026,41.08,41.08,40.11,40.39,40.22,23924,9.68,220,19200.0,80.25
SSDL, 04-Aug-2026,54.8,55.8,54.03,54.91,54.06,53658,29.46,1870,20372.0,37.97
SSEGL, 04-Aug-2026,344.0,360.0,342.0,356.6,337.0,48200,170.93,203,34200.0,70.95
SSFL, 04-Aug-2026,265.0,270.0,256.25,256.35,261.45,7500,19.51,15,5000.0,66.67
SSFLPP, 04-Aug-2026,140.0,140.0,135.6,138.2,140.1,2959,4.07,131,2811.0,95.0
SSWL, 04-Aug-2026,318.0,322.0,313.0,316.5,317.85,508275,1614.54,14973,233663.0,45.97
STALLION, 04-Aug-2026,263.4,269.8,260.3,268.55,265.45,1701004,4521.07,19891,517754.0,30.44
STANLEY, 04-Aug-2026,156.0,157.18,154.01,155.05,155.88,53742,83.54,1886,29787.0,55.43
STAR, 04-Aug-2026,1029.1,1032.0,976.0,994.6,1028.5,212103,2138.66,12903,135547.0,63.91
STARCEMENT, 04-Aug-2026,204.4,204.95,202.78,203.72,203.96,110212,224.6,1427,73425.0,66.62
STARHEALTH, 04-Aug-2026,593.0,594.45,582.75,587.7,592.6,224540,1326.57,16851,129724.0,57.77
STARPAPER, 04-Aug-2026,148.0,152.57,148.0,152.0,150.7,20319,30.84,178,19004.0,93.53
STARTECK, 04-Aug-2026,284.0,284.0,251.0,256.65,261.15,7903,20.92,133,524.0,6.63
STCINDIA, 04-Aug-2026,120.0,120.89,119.0,119.27,119.66,23287,27.88,498,12985.0,55.76
STEELCAS, 04-Aug-2026,326.0,341.0,321.0,339.05,325.9,488377,1631.83,10360,314389.0,64.37
STEELCITY, 04-Aug-2026,83.7,91.68,83.2,86.52,76.4,547099,483.93,5750,118948.0,21.74
STEELXIND, 04-Aug-2026,11.4,11.45,11.14,11.26,11.4,1189644,133.52,2851,719879.0,60.51
STEL, 04-Aug-2026,557.3,579.2,557.3,561.9,565.75,1766,10.01,176,910.0,51.53
STOVEKRAFT, 04-Aug-2026,787.1,813.65,754.55,759.85,754.6,982396,7610.09,31779,288563.0,29.37
STRIDERS, 04-Aug-2026,64.0,65.0,62.05,62.85,62.2,51200,32.13,14,49600.0,96.88
STUDDS, 04-Aug-2026,453.8,453.8,443.5,445.6,447.95,25333,113.29,1153,15708.0,62.01
STUDIOLSD, 04-Aug-2026,9.15,9.15,8.4,8.95,9.15,80000,7.18,24,68000.0,85.0
STYL, 04-Aug-2026,370.65,372.0,360.5,361.7,368.05,59843,217.79,3859,32848.0,54.89
STYLAMIND, 04-Aug-2026,3470.2,3567.3,3470.2,3523.0,3453.0,40283,1421.73,9794,16116.0,40.01
STYRENIX, 04-Aug-2026,2495.0,2653.0,2471.1,2488.6,2487.3,641179,16422.23,47838,209379.0,32.66
SUBAHOTELS, 04-Aug-2026,107.0,110.0,107.0,109.15,106.6,16800,18.09,14,16800.0,100.0
SUBROS, 04-Aug-2026,823.0,829.25,814.1,826.45,817.3,42165,347.58,2601,20519.0,48.66
SUDARCOLOR, 04-Aug-2026,372.0,382.8,368.35,377.75,369.3,10606,39.95,476,7677.0,72.38
SUDARSCHEM, 04-Aug-2026,1069.9,1081.0,1035.1,1047.2,1068.3,101653,1074.16,7672,45165.0,44.43
SUDEEPPHRM, 04-Aug-2026,869.0,890.0,860.1,871.8,867.6,131410,1154.99,7466,63293.0,48.16
SUKHJITS, 04-Aug-2026,163.1,168.89,160.68,165.31,164.66,13824,22.82,392,7407.0,53.58
SULA, 04-Aug-2026,165.23,165.23,162.0,163.12,165.32,346655,568.31,5170,176379.0,50.88
SUMEETINDS, 04-Aug-2026,20.13,20.13,20.13,20.13,21.18,48261,9.71,266,48261.0,100.0
SUMICHEM, 04-Aug-2026,519.0,519.15,504.05,511.9,515.85,270708,1383.26,11901,114157.0,42.17
SUMIT, 04-Aug-2026,58.0,58.0,55.22,55.85,55.06,41520,23.42,186,27304.0,65.76
SUMMITSEC, 04-Aug-2026,1541.0,1649.0,1521.0,1540.1,1522.2,33385,526.06,2737,7584.0,22.72
SUNCLAY, 04-Aug-2026,1265.5,1269.0,1246.5,1254.6,1253.0,2922,36.77,438,1702.0,58.25
SUNDARAM, 04-Aug-2026,1.27,1.27,1.24,1.25,1.25,400118,5.02,205,278875.0,69.7
SUNDARMFIN, 04-Aug-2026,4849.9,4919.0,4742.5,4779.3,4828.7,91369,4391.58,19196,44878.0,49.12
SUNDRMFAST, 04-Aug-2026,993.25,999.0,984.65,992.85,993.25,27544,273.32,2716,16112.0,58.5
SUNDROP, 04-Aug-2026,679.5,679.5,661.0,666.8,679.5,56570,378.38,1156,43711.0,77.27
SUNFLAG, 04-Aug-2026,368.0,375.9,365.6,368.25,366.85,240042,887.96,5893,121231.0,50.5
SUNLITE, 04-Aug-2026,507.9,507.9,480.0,494.0,492.9,16800,82.3,52,9900.0,58.93
SUNPHARMA, 04-Aug-2026,1951.1,1965.0,1947.0,1964.0,1963.5,1452888,28433.72,61625,977243.0,67.26
SUNREST, 04-Aug-2026,36.3,36.3,36.3,36.3,36.5,1600,0.58,1,1600.0,100.0
SUNTECH, 04-Aug-2026,32.05,33.65,31.6,33.65,32.05,33600,11.19,15,32000.0,95.24
SUNTECK, 04-Aug-2026,308.0,309.4,301.6,302.85,308.1,145830,443.44,4060,77422.0,53.09
SUNTV, 04-Aug-2026,505.0,506.0,500.1,502.35,503.8,189211,951.9,10428,109359.0,57.8
SUPERHOUSE, 04-Aug-2026,158.0,161.39,154.75,157.69,158.57,2970,4.71,207,1473.0,49.6
SUPRAJIT, 04-Aug-2026,515.0,515.95,506.0,506.9,512.7,96734,493.83,5759,52718.0,54.5
SUPREME, 04-Aug-2026,46.03,46.96,45.52,46.83,45.99,14876,6.91,500,4899.0,32.93
SUPREMEIND, 04-Aug-2026,3530.0,3568.0,3500.0,3501.0,3530.0,182306,6425.55,17217,111488.0,61.15
SUPREMEINF, 04-Aug-2026,83.99,89.89,83.0,87.12,84.17,115735,99.48,1870,61003.0,52.71
SUPREMEPWR, 04-Aug-2026,210.0,213.9,206.0,211.5,208.35,33000,69.23,60,20000.0,60.61
SUPRIYA, 04-Aug-2026,879.8,892.05,861.05,887.65,879.65,192508,1694.54,10867,96025.0,49.88
SURAJEST, 04-Aug-2026,203.23,203.23,199.0,200.14,201.68,44862,90.39,518,34926.0,77.85
SURAJLTD, 04-Aug-2026,220.0,223.0,215.0,219.96,220.91,404,0.89,80,355.0,87.87
SURAKSHA, 04-Aug-2026,251.9,255.0,250.0,251.1,252.1,39895,100.68,1219,28807.0,72.21
SURANASOL, 04-Aug-2026,26.53,26.59,25.9,25.95,26.27,49294,12.87,524,35762.0,72.55
SURANAT&P, 04-Aug-2026,18.25,18.39,17.75,18.27,17.89,41694,7.53,287,31648.0,75.91
SURANI, 04-Aug-2026,94.0,104.45,94.0,102.8,95.0,3000,3.02,11,1800.0,60.0
SURYALA, 04-Aug-2026,419.75,419.75,405.5,406.55,410.9,147,0.6,20,114.0,77.55
SURYALAXMI, 04-Aug-2026,60.23,61.9,59.2,61.14,60.87,10543,6.41,67,9883.0,93.74
SURYAROSNI, 04-Aug-2026,237.32,241.31,236.71,238.22,237.32,289165,689.77,8356,154399.0,53.39
SURYODAY, 04-Aug-2026,164.5,164.67,161.17,162.76,163.73,824515,1340.96,9364,330694.0,40.11
SUVEN, 04-Aug-2026,307.95,315.0,300.0,309.85,307.2,512402,1579.51,13037,189745.0,37.03
SUVIDHAA, 04-Aug-2026,2.56,2.62,2.48,2.59,2.54,138451,3.55,342,88780.0,64.12
SUYOG, 04-Aug-2026,872.15,881.0,831.6,852.55,865.7,14412,123.47,964,9312.0,64.61
SUZLON, 04-Aug-2026,48.59,49.15,47.9,48.01,48.1,61548498,29873.4,101906,24442081.0,39.71
SWANCORP, 04-Aug-2026,310.0,315.5,310.0,313.55,310.2,1005391,3141.85,12886,377917.0,37.59
SWARAJ, 04-Aug-2026,356.3,363.4,354.0,359.75,357.75,98000,350.16,139,43000.0,43.88
SWARAJENG, 04-Aug-2026,3635.5,3659.0,3585.1,3598.6,3630.6,5915,213.54,1453,3524.0,59.58
SWASTIK, 04-Aug-2026,20.35,20.35,20.35,20.35,20.05,1200,0.24,1,1200.0,100.0
SWELECTES, 04-Aug-2026,613.65,626.95,608.7,620.45,613.5,9653,59.84,966,6305.0,65.32
SWIGGY, 04-Aug-2026,286.35,293.85,285.4,291.0,288.0,14273970,41356.34,82473,4361278.0,30.55
SWSOLAR, 04-Aug-2026,209.9,210.0,205.63,206.1,208.41,567402,1174.72,7849,302566.0,53.32
SYLVANPLY, 04-Aug-2026,52.0,52.0,51.05,51.05,53.7,8000,4.1,4,6000.0,75.0
SYMPHONY, 04-Aug-2026,679.0,701.55,671.0,672.3,682.75,507063,3471.52,23706,128949.0,25.43
SYNCOMF, 04-Aug-2026,13.17,13.41,12.87,13.3,13.19,1610853,212.76,3915,743270.0,46.14
SYNGENE, 04-Aug-2026,403.0,412.5,398.9,410.2,402.2,925377,3783.94,26482,442678.0,47.84
SYRMA, 04-Aug-2026,1360.6,1428.0,1354.5,1421.6,1360.6,2055261,28907.09,82514,824167.0,40.1
SYSTANGO, 04-Aug-2026,221.0,221.5,214.0,215.3,220.4,22800,49.34,44,19600.0,85.96
TAALTECH, 04-Aug-2026,4099.0,4099.0,3908.0,3930.5,3984.0,1681,67.12,413,1026.0,61.04
TAC, 04-Aug-2026,521.4,521.4,500.0,507.45,521.4,44800,227.55,194,26200.0,58.48
TAINWALCHM, 04-Aug-2026,210.49,212.5,203.15,207.41,206.82,1306,2.7,79,1040.0,79.63
TAJGVK, 04-Aug-2026,366.15,371.7,361.05,369.95,363.45,174471,641.78,4608,94852.0,54.37
TAKE, 04-Aug-2026,22.87,22.87,21.76,22.39,22.36,1059947,236.92,1354,959220.0,90.5
TALBROAUTO, 04-Aug-2026,417.45,433.9,411.0,415.25,417.65,212022,895.81,9780,90924.0,42.88
TANLA, 04-Aug-2026,611.0,614.7,600.2,612.5,614.15,529241,3219.12,22835,199489.0,37.69
TARACHAND, 04-Aug-2026,59.25,59.75,58.5,58.88,58.84,78290,46.14,1947,44301.0,56.59
TARAPUR, 04-Aug-2026,15.9,15.9,14.99,14.99,15.77,103865,15.69,466,85240.0,82.07
TARC, 04-Aug-2026,135.1,135.73,132.25,133.31,135.7,262865,352.63,3482,110220.0,41.93
TARIL, 04-Aug-2026,296.0,301.2,293.05,294.2,295.5,1168629,3463.18,17766,557423.0,47.7
TARMAT, 04-Aug-2026,49.66,50.5,49.66,49.9,50.13,2243,1.12,39,2115.0,94.29
TARSONS, 04-Aug-2026,320.35,327.25,313.55,324.2,317.4,186710,602.04,4521,102702.0,55.01
TASTYBITE, 04-Aug-2026,9417.0,9614.5,9357.0,9461.0,9430.0,3666,348.86,1052,1951.0,53.22
TATACAP, 04-Aug-2026,364.4,366.0,358.3,360.6,364.75,856801,3114.53,20087,545133.0,63.62
TATACHEM, 04-Aug-2026,676.0,677.25,667.0,668.3,674.65,268716,1807.07,9318,130056.0,48.4
TATACOMM, 04-Aug-2026,1781.2,1784.0,1752.2,1778.5,1780.1,178632,3159.87,19969,97411.0,54.53
TATACONSUM, 04-Aug-2026,1102.9,1104.4,1079.7,1092.0,1110.0,2064394,22525.48,63882,1192271.0,57.75
TATAELXSI, 04-Aug-2026,3778.5,3789.0,3732.8,3737.0,3761.9,162634,6109.16,15747,59279.0,36.45
TATAGOLD, 04-Aug-2026,13.78,13.88,13.76,13.77,13.78,23261566,3205.86,57097,9759105.0,41.95
TATAINVEST, 04-Aug-2026,678.0,688.5,674.0,677.6,676.65,231717,1579.48,12036,105257.0,45.42
TATAPOWER, 04-Aug-2026,382.0,384.2,380.0,380.0,382.0,2280780,8713.97,45856,1066210.0,46.75
TATASTEEL, 04-Aug-2026,190.7,192.6,189.0,190.95,191.0,22165429,42291.78,196400,12767533.0,57.6
TATATECH, 04-Aug-2026,769.5,769.7,756.4,762.55,763.8,443846,3387.53,16892,208854.0,47.06
TATSILV, 04-Aug-2026,21.5,21.5,20.62,21.06,20.98,25767099,5432.66,33733,9147686.0,35.5
TATVA, 04-Aug-2026,1741.1,1797.7,1740.0,1766.3,1771.0,59337,1045.4,7095,24142.0,40.69
TAURIAN, 04-Aug-2026,412.4,424.0,394.25,410.35,399.55,60000,245.21,65,32000.0,53.33
TBI, 04-Aug-2026,62.0,63.7,62.0,63.7,63.95,1800,1.14,3,1800.0,100.0
TBOTEK, 04-Aug-2026,1614.9,1650.3,1575.6,1603.2,1615.9,721289,11675.91,21719,500958.0,69.45
TBZ, 04-Aug-2026,286.5,286.5,271.6,275.85,287.7,1227601,3423.92,18010,413655.0,33.7
TCC, 04-Aug-2026,294.0,297.05,285.35,289.4,291.5,49952,144.81,696,39214.0,78.5
TCI, 04-Aug-2026,905.0,924.45,905.0,914.05,914.6,29558,270.66,2440,17034.0,57.63
TCIEXP, 04-Aug-2026,559.8,566.0,553.1,557.35,557.25,16451,92.0,1208,8135.0,49.45
TCL, 04-Aug-2026,120.0,120.05,120.0,120.0,122.5,14400,17.28,9,14400.0,100.0
TCPLPACK, 04-Aug-2026,3250.8,3280.0,3200.0,3211.5,3250.8,2812,91.05,724,1173.0,41.71
TCS, 04-Aug-2026,2463.1,2467.4,2435.1,2460.0,2473.7,2792792,68411.15,91828,1507392.0,53.97
TDPOWERSYS, 04-Aug-2026,1117.0,1151.5,1117.0,1127.5,1112.4,647536,7335.7,43144,275546.0,42.55
TEAMGTY, 04-Aug-2026,217.5,229.9,217.5,218.0,223.48,34,0.07,6,34.0,100.0
TEAMLEASE, 04-Aug-2026,1235.0,1269.9,1231.9,1261.0,1239.8,46134,579.73,6489,28576.0,61.94
TECH, 04-Aug-2026,34.48,35.14,34.26,34.29,34.48,87273,29.99,280,44468.0,50.95
TECHD, 04-Aug-2026,612.0,612.0,595.1,604.5,611.9,9000,54.35,30,7500.0,83.33
TECHERA, 04-Aug-2026,155.0,158.0,151.6,157.95,154.6,44000,68.81,50,30400.0,69.09
TECHLABS, 04-Aug-2026,124.0,127.5,123.0,123.95,126.1,7625,9.47,45,7375.0,96.72
TECHM, 04-Aug-2026,1652.9,1659.0,1640.1,1648.5,1649.0,1978047,32583.9,57210,1141375.0,57.7
TECHNOE, 04-Aug-2026,1000.95,1007.65,982.7,985.4,999.4,144769,1434.5,10473,72816.0,50.3
TECHNVISN, 04-Aug-2026,4466.1,4469.7,4344.0,4407.9,4466.1,346,15.28,105,260.0,75.14
TECILCHEM, 04-Aug-2026,11.31,11.31,9.61,9.98,10.05,147575,15.18,258,121765.0,82.51
TEGA, 04-Aug-2026,1586.8,1610.0,1562.0,1579.8,1587.7,101896,1614.52,9100,43536.0,42.73
TEJA, 04-Aug-2026,688.0,688.0,665.0,666.5,681.55,10200,68.74,16,2400.0,23.53
TEJASNET, 04-Aug-2026,522.1,541.6,520.2,533.95,519.6,2208218,11767.51,41322,543260.0,24.6
TEMBO, 04-Aug-2026,564.0,581.0,561.0,574.15,560.4,260499,1493.34,7656,123142.0,47.27
TENNIND, 04-Aug-2026,548.7,562.25,544.45,550.55,544.6,698958,3862.34,39845,427654.0,61.18
TERASOFT, 04-Aug-2026,385.3,408.55,385.3,408.55,389.1,43076,173.99,1188,22978.0,53.34
TEXINFRA, 04-Aug-2026,113.93,114.4,109.81,113.95,113.93,558084,624.84,2109,462624.0,82.9
TEXMOPIPES, 04-Aug-2026,43.45,43.8,42.26,42.82,42.99,16763,7.17,231,13672.0,81.56
TEXRAIL, 04-Aug-2026,115.0,115.18,108.24,108.76,112.91,4118673,4516.76,24104,1932162.0,46.91
TFCILTD, 04-Aug-2026,105.65,109.9,105.3,109.48,105.62,16566048,17949.51,25530,6076540.0,36.68
TFL, 04-Aug-2026,11.02,11.35,11.02,11.33,11.14,7317,0.82,26,7005.0,95.74
TGBHOTELS, 04-Aug-2026,9.15,9.38,9.15,9.22,9.27,4892,0.45,34,4014.0,82.05
TGL, 04-Aug-2026,19.0,19.2,18.4,18.95,19.2,5400,1.01,24,4800.0,88.89
THANGAMAYL, 04-Aug-2026,4717.5,4898.0,4717.5,4717.5,4965.5,807489,38525.27,47147,355830.0,44.07
THEINVEST, 04-Aug-2026,102.35,102.7,100.52,101.98,101.23,2854,2.9,85,2338.0,81.92
THEJO, 04-Aug-2026,2156.0,2171.9,2062.0,2092.9,2169.1,7484,157.91,1454,3886.0,51.92
THELEELA, 04-Aug-2026,500.0,508.95,491.4,500.1,501.8,573188,2862.05,21760,323307.0,56.41
THEMISMED, 04-Aug-2026,107.96,117.9,106.99,115.41,107.06,235433,268.66,3178,117677.0,49.98
THERMAX, 04-Aug-2026,4118.0,4163.0,4000.0,4015.0,4122.2,536528,21746.93,63048,224784.0,41.9
THOMASCOOK, 04-Aug-2026,107.0,111.45,102.58,105.97,107.15,4433005,4778.12,36686,1017177.0,22.95
THOMASCOTT, 04-Aug-2026,315.75,316.8,295.85,305.7,311.25,57150,172.45,2303,28024.0,49.04
THYROCARE, 04-Aug-2026,594.25,607.0,591.5,604.65,592.55,1049678,6327.39,41286,585562.0,55.78
TI, 04-Aug-2026,465.8,493.9,465.8,491.15,465.8,2389271,11585.89,44082,1346361.0,56.35
TIIL, 04-Aug-2026,2640.0,2675.0,2601.2,2638.9,2628.2,5141,135.82,999,3312.0,64.42
TIINDIA, 04-Aug-2026,2778.0,2805.3,2724.0,2744.3,2766.0,430580,11894.46,33217,222175.0,51.6
TIJARIA, 04-Aug-2026,5.0,5.0,4.83,4.88,4.98,174768,8.57,195,128093.0,73.29
TIL, 04-Aug-2026,258.7,263.4,255.05,259.7,259.9,713973,1847.79,12013,220145.0,30.83
TIMESCAN, 04-Aug-2026,40.75,40.75,40.75,40.75,39.0,2000,0.82,1,2000.0,100.0
TIMETECHNO, 04-Aug-2026,211.0,212.72,206.1,208.83,210.15,3504984,7377.04,22902,446325.0,12.73
TIMEX, 04-Aug-2026,549.25,559.8,542.1,556.95,549.25,260662,1443.07,17584,134384.0,51.55
TIMKEN, 04-Aug-2026,3234.6,3250.6,3200.0,3231.9,3216.1,61229,1976.69,14298,38656.0,63.13
TINNARUBR, 04-Aug-2026,1110.0,1144.9,1095.2,1121.0,1106.8,66169,741.77,6485,27919.0,42.19
TIPSFILMS, 04-Aug-2026,379.0,385.75,374.0,378.5,379.0,6563,25.0,414,4001.0,60.96
TIPSMUSIC, 04-Aug-2026,686.0,689.65,667.0,669.3,688.55,205063,1377.15,9406,107750.0,52.54
TIRUMALCHM, 04-Aug-2026,184.55,189.0,181.35,185.36,183.12,1154931,2147.29,14616,598825.0,51.85
TITAGARH, 04-Aug-2026,864.0,864.0,846.7,849.75,859.05,279304,2382.05,17987,121575.0,43.53
TITAN, 04-Aug-2026,4935.0,4935.0,4862.0,4935.0,5000.0,1181747,57801.39,79390,748166.0,63.31
TMB, 04-Aug-2026,865.8,868.05,851.0,856.8,861.55,184830,1585.87,12923,96340.0,52.12
TMCV, 04-Aug-2026,452.5,455.6,444.2,446.75,452.5,5049283,22675.81,66015,2334847.0,46.24
TMPV, 04-Aug-2026,348.95,349.55,345.0,348.55,349.3,8003110,27764.41,76999,4378036.0,54.7
TNIDETF, 04-Aug-2026,91.9,92.34,88.5,89.82,90.53,70140,63.15,722,50716.0,72.31
TNPETRO, 04-Aug-2026,98.33,99.3,96.3,96.58,97.85,60115,58.66,942,33767.0,56.17
TNPL, 04-Aug-2026,155.8,155.8,153.0,153.56,154.88,64930,100.33,1522,40613.0,62.55
TNTELE, 04-Aug-2026,9.22,9.22,8.93,9.01,9.11,17610,1.59,76,13666.0,77.6
TOLINS, 04-Aug-2026,103.85,104.8,103.05,103.45,103.82,26383,27.4,520,15796.0,59.87
TOP100CASE, 04-Aug-2026,10.52,10.94,10.52,10.75,10.79,921662,99.41,1237,749809.0,81.35
TOP10ADD, 04-Aug-2026,89.6,89.89,89.06,89.34,89.56,174756,156.16,628,121383.0,69.46
TOP15IETF, 04-Aug-2026,10.05,10.17,10.05,10.07,10.03,181086,18.33,219,155779.0,86.02
TOP20, 04-Aug-2026,9.16,9.16,9.07,9.1,9.14,342243,31.15,220,221140.0,64.61
TORNTPHARM, 04-Aug-2026,5058.0,5058.5,4996.0,5030.0,5050.0,658560,33030.18,71834,468816.0,71.19
TORNTPOWER, 04-Aug-2026,1390.0,1390.0,1338.3,1341.0,1391.7,668171,9073.26,35378,377990.0,56.57
TOTAL, 04-Aug-2026,52.05,62.46,51.75,62.46,52.05,215517,129.31,1611,122319.0,56.76
TOUCHWOOD, 04-Aug-2026,66.99,67.44,66.32,66.33,66.45,950,0.63,22,886.0,93.26
TPHQ, 04-Aug-2026,0.42,0.43,0.42,0.43,0.42,749854,3.18,248,514624.0,68.63
TPLPLASTEH, 04-Aug-2026,80.0,81.69,79.48,80.37,81.26,80407,64.71,1034,31656.0,39.37
TRACXN, 04-Aug-2026,30.49,30.96,29.75,30.07,30.44,157061,47.23,835,117733.0,74.96
TRANSPEK, 04-Aug-2026,1386.5,1425.0,1336.1,1380.4,1414.5,24507,340.84,2587,5295.0,21.61
TRANSRAILL, 04-Aug-2026,498.75,504.7,494.85,495.8,500.25,173362,865.33,6967,79962.0,46.12
TRANSTEEL, 04-Aug-2026,115.95,115.95,111.55,112.45,115.95,100000,112.74,60,85000.0,85.0
TRAVELFOOD, 04-Aug-2026,1354.0,1371.0,1310.5,1366.1,1344.6,45504,612.4,7384,24087.0,52.93
TREEHOUSE, 04-Aug-2026,6.36,6.48,6.22,6.31,6.36,14110,0.9,62,10206.0,72.33
TREJHARA, 04-Aug-2026,135.9,137.5,135.0,137.09,135.95,16944,23.06,1462,14363.0,84.77
TREL, 04-Aug-2026,23.8,24.64,23.8,24.48,24.17,61452,14.92,366,40307.0,65.59
TRENT, 04-Aug-2026,3058.0,3111.0,3038.0,3107.7,3050.0,1525660,47006.96,68950,705541.0,46.24
TRF, 04-Aug-2026,229.31,230.7,225.55,228.44,228.56,37292,84.94,1521,12750.0,34.19
TRIDENT, 04-Aug-2026,24.94,25.16,24.81,24.97,24.94,3650643,913.73,11420,1673412.0,45.84
TRIGYN, 04-Aug-2026,54.5,55.0,53.1,54.03,54.89,45801,24.93,907,25536.0,55.75
TRITURBINE, 04-Aug-2026,612.0,635.9,610.15,618.8,611.6,1552465,9752.52,49928,472511.0,30.44
TROM, 04-Aug-2026,63.25,63.25,63.25,63.25,61.0,600,0.38,1,600.0,100.0
TRU, 04-Aug-2026,4.62,4.91,4.6,4.66,4.71,160503,7.53,246,117858.0,73.43
TRUALT, 04-Aug-2026,437.4,444.0,433.05,436.7,437.85,137633,605.51,5537,72129.0,52.41
TRUST, 04-Aug-2026,29.8,31.0,29.7,31.0,29.8,6600,1.99,10,6000.0,90.91
TSC, 04-Aug-2026,50.0,51.95,50.0,51.95,47.25,38000,19.65,10,36000.0,94.74
TSFINV, 04-Aug-2026,451.0,468.0,451.0,463.2,454.3,147059,680.72,6329,60401.0,41.07
TTKHLTCARE, 04-Aug-2026,1051.0,1067.9,1025.0,1037.7,1049.2,14745,153.7,3423,8416.0,57.08
TTKPRESTIG, 04-Aug-2026,650.05,656.7,620.0,630.8,644.3,111401,707.5,6188,50126.0,45.0
TTL, 04-Aug-2026,6.55,6.55,6.21,6.28,6.37,99941,6.32,179,69332.0,69.37
TTML, 04-Aug-2026,40.45,40.45,39.82,39.88,40.21,738282,295.09,4830,315231.0,42.7
TUNWAL, 04-Aug-2026,26.5,26.6,26.0,26.0,26.0,116000,30.47,47,62000.0,53.45
TURTLEMINT, 04-Aug-2026,118.93,118.96,114.11,114.65,117.57,375136,432.44,6036,181004.0,48.25
TVSELECT, 04-Aug-2026,495.0,503.0,493.55,500.45,495.6,29222,145.69,1533,13511.0,46.24
TVSHLTD, 04-Aug-2026,14985.0,14985.0,14751.0,14790.0,14836.0,2212,327.92,974,1066.0,48.19
TVSMOTOR, 04-Aug-2026,4389.0,4392.8,4336.0,4360.0,4389.0,1390832,60661.03,77266,918415.0,66.03
TVSSCS, 04-Aug-2026,135.9,139.6,135.0,135.54,136.9,473681,650.61,6128,290220.0,61.27
TVSSRICHAK, 04-Aug-2026,3997.6,4022.9,3872.0,3982.2,3987.9,3839,153.39,649,2812.0,73.25
TVTODAY, 04-Aug-2026,117.79,117.79,115.0,115.67,115.76,23606,27.39,743,17220.0,72.95
TVVISION, 04-Aug-2026,4.73,4.79,4.33,4.45,4.72,20666,0.93,114,17626.0,85.29
TWCGOLDETF, 04-Aug-2026,141.39,146.31,140.91,141.39,141.58,6345,8.98,121,6241.0,98.36
UBL, 04-Aug-2026,1447.5,1455.8,1423.9,1434.1,1438.4,166105,2379.2,7897,113767.0,68.49
UCAL, 04-Aug-2026,112.0,117.0,112.0,115.99,113.51,6470,7.35,115,4444.0,68.69
UCL, 04-Aug-2026,204.8,212.95,204.8,212.95,208.9,8000,16.71,4,6000.0,75.0
UCOBANK, 04-Aug-2026,26.45,26.45,26.2,26.33,26.31,2213528,582.57,7435,861877.0,38.94
UDS, 04-Aug-2026,205.0,208.66,201.22,203.83,206.06,178636,363.92,4136,90808.0,50.83
UEL, 04-Aug-2026,202.91,202.91,185.12,202.91,184.47,124594,248.71,2032,51783.0,41.56
UFBL, 04-Aug-2026,700.45,735.45,700.0,735.1,700.45,936937,6791.52,12220,478285.0,51.05
UFLEX, 04-Aug-2026,482.25,482.25,472.15,475.35,482.25,38067,181.6,1163,23861.0,62.68
UFO, 04-Aug-2026,68.8,68.8,67.06,68.11,68.86,25682,17.47,512,14883.0,57.95
UGARSUGAR, 04-Aug-2026,42.98,45.15,42.05,44.98,42.56,668470,295.38,4517,407846.0,61.01
UGROCAP, 04-Aug-2026,99.0,100.0,95.5,97.09,97.63,779761,758.24,5889,319603.0,40.99
UHTL, 04-Aug-2026,106.05,106.05,103.55,103.8,109.0,52000,54.24,26,42000.0,80.77
UJJIVANSFB, 04-Aug-2026,70.95,71.76,68.52,70.35,71.14,22530135,15854.37,44269,10560719.0,46.87
ULTRACEMCO, 04-Aug-2026,11920.0,12050.0,11905.0,12050.0,12054.0,126569,15151.99,19323,60357.0,47.69
ULTRAMAR, 04-Aug-2026,385.2,390.9,382.6,389.0,385.2,15109,58.58,1968,8060.0,53.35
UMA, 04-Aug-2026,14.8,14.8,14.7,14.75,14.95,12000,1.77,3,12000.0,100.0
UMESLTD, 04-Aug-2026,5.51,5.66,5.45,5.46,5.51,4847,0.27,22,3989.0,82.3
UMIYA-MRO, 04-Aug-2026,88.85,96.9,88.17,93.06,88.15,51763,48.43,1016,33253.0,64.24
UNICHEMLAB, 04-Aug-2026,509.95,509.95,495.55,500.3,505.25,32909,165.29,1669,16200.0,49.23
UNIECOM, 04-Aug-2026,86.8,86.81,85.5,86.12,86.21,197116,169.78,2319,110668.0,56.14
UNIENTER, 04-Aug-2026,96.5,98.97,96.05,96.96,97.08,1973,1.91,118,1131.0,57.32
UNIHEALTH, 04-Aug-2026,820.0,820.0,782.0,795.1,807.35,15000,119.4,27,13000.0,86.67
UNIMECH, 04-Aug-2026,1340.0,1377.9,1301.1,1334.1,1259.8,1228868,16559.17,60523,328114.0,26.7
UNIONBANK, 04-Aug-2026,174.37,175.2,172.44,174.0,174.0,6867862,11933.82,51988,3389931.0,49.36
UNIONGOLD, 04-Aug-2026,139.0,139.4,138.4,138.5,138.8,1495,2.08,48,258.0,17.26
UNIPARTS, 04-Aug-2026,740.0,757.0,715.0,732.95,737.45,212369,1579.54,9694,109502.0,51.56
UNITDSPR, 04-Aug-2026,1530.0,1548.0,1521.5,1525.0,1530.0,553258,8483.85,26388,230965.0,41.75
UNITECH, 04-Aug-2026,4.26,4.31,4.22,4.23,4.26,1453800,61.95,1713,857375.0,58.97
UNITEDTEA, 04-Aug-2026,479.05,479.05,468.0,471.4,472.8,1144,5.39,77,672.0,58.74
UNIVCABLES, 04-Aug-2026,1441.0,1475.0,1415.0,1427.7,1431.8,186532,2696.02,11844,81513.0,43.7
UNOMINDA, 04-Aug-2026,1218.5,1243.9,1202.0,1227.0,1210.0,2361917,28969.5,76259,677025.0,28.66
UPL, 04-Aug-2026,618.75,619.65,580.2,581.9,620.0,7452417,43850.06,86353,2595390.0,34.83
URBAN, 04-Aug-2026,137.2,139.5,135.0,135.6,138.8,62400,85.58,56,32800.0,52.56
URBANCO, 04-Aug-2026,148.47,151.34,140.55,141.89,146.19,29549685,43289.61,166860,5206386.0,17.62
URJA, 04-Aug-2026,10.39,10.39,9.94,10.05,10.06,1472678,148.31,2922,843518.0,57.28
USASEEDS, 04-Aug-2026,81.45,81.45,81.45,81.45,85.7,428,0.35,1,428.0,100.0
USHAFIN, 04-Aug-2026,35.35,37.0,35.35,37.0,37.0,22400,8.26,7,20800.0,92.86
USHAMART, 04-Aug-2026,503.0,508.0,498.0,503.6,504.05,567524,2856.9,14893,334450.0,58.93
USK, 04-Aug-2026,22.32,22.74,22.11,22.5,22.43,32993,7.38,91,31333.0,94.97
UTIAMC, 04-Aug-2026,915.75,922.95,904.5,909.1,915.75,178099,1627.15,12508,106484.0,59.79
UTKAL, 04-Aug-2026,36.8,39.95,36.15,39.95,38.05,210000,78.66,76,164000.0,78.1
UTKARSHBNK, 04-Aug-2026,14.45,14.66,14.37,14.54,14.56,2928114,423.81,11529,1456201.0,49.73
UTLSOLAR, 04-Aug-2026,393.0,395.0,382.6,389.55,389.3,178439,694.91,9718,99550.0,55.79
UTSSAV, 04-Aug-2026,510.0,537.0,510.0,510.1,516.15,8400,43.66,14,7200.0,85.71
UTTAMSUGAR, 04-Aug-2026,240.1,263.0,239.1,253.12,240.45,856990,2194.72,21820,212016.0,24.74
UWCSL, 04-Aug-2026,100.0,100.0,100.0,100.0,100.7,1000,1.0,1,1000.0,100.0
UYFINCORP, 04-Aug-2026,19.79,19.97,18.72,19.36,19.76,759105,146.73,4729,232576.0,30.64
V2RETAIL, 04-Aug-2026,218.0,220.88,213.91,217.74,218.64,831636,1807.64,17251,420700.0,50.59
VADILALIND, 04-Aug-2026,7349.0,7349.0,7276.0,7294.5,7356.5,7897,576.73,2430,3997.0,50.61
VAIBHAVGBL, 04-Aug-2026,265.7,271.0,260.4,270.1,265.7,513857,1372.09,12050,214312.0,41.71
VAISHALI, 04-Aug-2026,7.89,7.91,7.54,7.82,7.64,207489,16.2,229,167471.0,80.71
VAKRANGEE, 04-Aug-2026,6.03,6.12,5.97,6.03,5.99,833836,50.25,1774,481036.0,57.69
VAL30IETF, 04-Aug-2026,15.62,15.62,15.4,15.44,15.52,146650,22.76,398,108552.0,74.02
VALUE, 04-Aug-2026,16.43,16.47,16.33,16.36,16.35,9157,1.5,58,7512.0,82.04
VALUE360, 04-Aug-2026,74.0,74.1,72.0,72.7,74.05,4800,3.51,4,2400.0,50.0
VALUEAXIS, 04-Aug-2026,33.06,33.5,32.52,33.3,33.18,151592,50.16,479,108818.0,71.78
VAML, 04-Aug-2026,460.1,470.0,455.6,467.6,459.95,11199354,52172.77,133364,6896818.0,61.58
VARDMNPOLY, 04-Aug-2026,6.14,6.14,6.0,6.03,6.12,148760,8.98,313,101743.0,68.39
VARROC, 04-Aug-2026,686.65,688.5,672.55,680.75,686.9,116971,796.75,9383,52977.0,45.29
VASWANI, 04-Aug-2026,52.4,52.99,51.61,52.56,51.81,8515,4.46,154,6869.0,80.67
VBL, 04-Aug-2026,447.15,447.15,439.0,439.0,445.0,3152444,13951.39,40063,1518090.0,48.16
VCL, 04-Aug-2026,1.17,1.17,1.17,1.17,1.12,155462,1.82,53,134633.0,86.6
VDEAL, 04-Aug-2026,163.8,165.8,163.8,165.8,165.8,1200,1.98,2,600.0,50.0
VEDL, 04-Aug-2026,268.0,271.9,266.05,269.0,267.25,14077888,37852.46,80471,7516394.0,53.39
VEDPOWER, 04-Aug-2026,35.1,36.48,34.91,35.62,35.2,31685114,11335.07,64669,12283683.0,38.77
VEEDOL, 04-Aug-2026,1418.9,1450.0,1413.2,1434.4,1412.2,16896,242.31,2076,6194.0,36.66
VEEKAYEM, 04-Aug-2026,131.95,131.95,127.95,127.95,126.0,1000,1.3,2,500.0,50.0
VENKEYS, 04-Aug-2026,1565.0,1619.6,1548.1,1595.2,1565.0,110945,1768.46,8874,52457.0,47.28
VENTIVE, 04-Aug-2026,630.0,630.0,622.7,626.7,622.25,20929,131.17,861,15410.0,73.63
VENUSPIPES, 04-Aug-2026,1564.9,1648.0,1540.0,1633.9,1564.3,132681,2135.15,8782,72013.0,54.28
VERANDA, 04-Aug-2026,256.5,267.45,253.5,257.3,254.45,619443,1615.86,11199,251496.0,40.6
VERITAAS, 04-Aug-2026,34.8,34.8,34.8,34.8,33.3,1200,0.42,1,1200.0,100.0
VESUVIUS, 04-Aug-2026,450.0,462.85,449.85,456.6,451.4,65317,299.01,3315,33090.0,50.66
VGINFOTECH, 04-Aug-2026,154.55,155.25,152.95,154.45,153.0,26000,40.16,26,24000.0,92.31
VGL, 04-Aug-2026,64.0,64.5,61.15,61.33,61.7,51839,32.59,699,15168.0,29.26
VGUARD, 04-Aug-2026,315.1,322.0,310.0,313.35,314.7,1068101,3376.22,27004,516072.0,48.32
VHL, 04-Aug-2026,3435.1,3523.7,3332.0,3362.1,3425.2,998,33.86,278,560.0,56.11
VICTORYEV, 04-Aug-2026,17.1,17.1,16.1,17.0,16.4,249000,41.39,21,249000.0,100.0
VIDHIING, 04-Aug-2026,345.2,345.2,329.1,330.85,340.9,16764,56.07,1315,9019.0,53.8
VIDYAWIRES, 04-Aug-2026,94.0,95.65,91.5,92.14,93.23,958126,900.86,7517,529072.0,55.22
VIESL, 04-Aug-2026,320.5,324.9,309.0,309.8,325.4,38400,121.06,40,33600.0,87.5
VIGOR, 04-Aug-2026,90.25,95.4,90.25,94.5,93.05,30400,28.44,15,27200.0,89.47
VIJAYA, 04-Aug-2026,1348.0,1394.0,1341.9,1385.1,1354.0,149377,2063.77,14795,67472.0,45.17
VIJAYPD, 04-Aug-2026,63.0,63.0,62.0,62.45,63.6,44000,27.65,9,42000.0,95.45
VIKASECO, 04-Aug-2026,1.12,1.12,1.1,1.11,1.11,1550612,17.27,841,826275.0,53.29
VIKASLIFE, 04-Aug-2026,1.28,1.29,1.25,1.26,1.28,2835764,36.12,6108,1968429.0,69.41
VIKRAMSOLR, 04-Aug-2026,178.0,181.79,176.5,180.04,177.8,1808584,3237.72,19960,773016.0,42.74
VIKRAN, 04-Aug-2026,72.8,73.0,72.0,72.25,72.54,640259,463.48,3278,288162.0,45.01
VILAS, 04-Aug-2026,353.75,361.45,353.3,355.3,358.35,13500,48.06,46,11500.0,85.19
VILINBIO, 04-Aug-2026,43.1,43.1,43.1,43.1,41.6,4000,1.72,1,4000.0,100.0
VIMTALABS, 04-Aug-2026,625.0,648.0,616.1,642.25,620.15,441428,2790.91,15865,178439.0,40.42
VINATIORGA, 04-Aug-2026,1334.3,1341.2,1315.0,1319.6,1323.1,27133,358.55,3123,14141.0,52.12
VINCOFE, 04-Aug-2026,153.6,154.55,150.99,152.75,152.39,1480893,2263.43,14591,498426.0,33.66
VINDHYATEL, 04-Aug-2026,2440.0,2467.7,2300.1,2336.6,2383.0,225961,5395.42,23204,81740.0,36.17
VINNY, 04-Aug-2026,1.07,1.1,1.06,1.07,1.05,470909,5.08,157,369337.0,78.43
VINSYS, 04-Aug-2026,565.0,565.0,546.0,560.0,550.0,4250,23.73,15,3000.0,70.59
VINYAS, 04-Aug-2026,1252.0,1265.0,1210.0,1224.3,1245.6,4600,56.91,44,3700.0,80.43
VINYLINDIA, 04-Aug-2026,246.29,250.51,243.81,247.61,246.25,15530,38.52,471,10194.0,65.64
VIPIND, 04-Aug-2026,311.0,311.95,300.0,301.5,310.4,98445,300.53,2481,51890.0,52.71
VIRINCHI, 04-Aug-2026,15.9,15.9,15.33,15.61,15.32,42817,6.71,266,32287.0,75.41
VISAKAIND, 04-Aug-2026,87.42,88.49,85.9,86.74,86.99,166517,144.88,1831,92889.0,55.78
VISHNU, 04-Aug-2026,599.7,606.75,592.25,594.05,599.7,76100,455.38,3854,49436.0,64.96
VISHNUINFR, 04-Aug-2026,159.95,159.95,157.2,157.2,159.85,12500,19.71,18,10000.0,80.0
VISHWARAJ, 04-Aug-2026,5.33,5.6,5.24,5.47,5.24,323900,17.46,508,233323.0,72.04
VISHWAS, 04-Aug-2026,42.25,42.25,42.25,42.25,42.25,1600,0.68,1,1600.0,100.0
VISL, 04-Aug-2026,33.9,35.58,33.71,35.55,33.89,75372766,26643.96,65422,21324824.0,28.29
VIVIDEL, 04-Aug-2026,1220.0,1257.0,1210.0,1250.9,1231.8,30000,370.56,73,30000.0,100.0
VIVIDHA, 04-Aug-2026,0.54,0.54,0.51,0.51,0.52,183944,0.96,135,134480.0,73.11
VIVO, 04-Aug-2026,98.6,98.6,98.6,98.6,93.95,3200,3.16,2,3200.0,100.0
VIYASH, 04-Aug-2026,265.45,268.9,262.25,266.4,263.7,1939437,5166.17,25000,1140875.0,58.83
VLINFRA, 04-Aug-2026,28.85,29.85,28.85,29.85,28.55,4500,1.31,3,4500.0,100.0
VLSFINANCE, 04-Aug-2026,258.0,258.0,254.25,255.15,254.65,4573,11.68,248,3300.0,72.16
VMARCIND, 04-Aug-2026,266.2,268.35,258.4,260.25,266.2,177000,464.65,113,106500.0,60.17
VMART, 04-Aug-2026,781.95,785.0,770.0,775.35,777.95,47498,369.41,5174,22280.0,46.91
VMM, 04-Aug-2026,111.2,112.83,110.85,111.3,111.2,12245621,13678.14,41352,6208928.0,50.7
VMOBILE, 04-Aug-2026,75.15,75.9,74.3,74.3,78.2,66400,49.48,71,54400.0,81.93
VOEPL, 04-Aug-2026,499.0,500.95,478.0,484.15,498.45,50374,246.13,2497,26097.0,51.81
VOGL, 04-Aug-2026,35.1,38.43,34.72,37.8,35.24,72774029,26768.66,95980,28410756.0,39.04
VOLERCAR, 04-Aug-2026,217.5,222.0,217.5,218.1,224.0,3200,7.0,4,800.0,25.0
VOLTAMP, 04-Aug-2026,9970.0,10020.0,9767.5,9881.5,10021.0,51031,5039.26,17704,19361.0,37.94
VOLTAS, 04-Aug-2026,1331.4,1358.0,1310.1,1327.7,1324.8,511249,6820.09,24816,155078.0,30.33
VR, 04-Aug-2026,131.0,131.25,131.0,131.25,125.0,1200,1.57,3,1200.0,100.0
VRAJ, 04-Aug-2026,124.05,124.08,121.15,121.59,122.94,22708,27.72,737,16261.0,71.61
VRLLOG, 04-Aug-2026,277.0,283.0,270.0,280.25,272.1,4798296,13218.53,61831,1209729.0,25.21
VSCL, 04-Aug-2026,26.65,26.65,26.6,26.6,28.0,9000,2.4,3,9000.0,100.0
VSSL, 04-Aug-2026,303.0,309.7,300.6,304.8,304.0,152977,466.17,3068,94213.0,61.59
VSTIND, 04-Aug-2026,220.0,222.66,219.54,221.22,219.29,186606,413.08,4370,95223.0,51.03
VSTL, 04-Aug-2026,111.8,113.98,109.63,111.52,109.81,15619,17.4,304,10755.0,68.86
VSTTILLERS, 04-Aug-2026,4472.8,4498.0,4405.0,4462.4,4472.8,8353,372.61,3368,4585.0,54.89
VTL, 04-Aug-2026,590.0,603.45,589.0,598.05,588.35,377714,2252.25,18081,182038.0,48.19
WAAREEENER, 04-Aug-2026,2678.0,2695.0,2662.0,2670.0,2676.0,614626,16463.93,32906,273653.0,44.52
WAAREEINDO, 04-Aug-2026,329.05,329.05,312.0,313.35,322.0,89050,283.19,3204,55719.0,62.57
WAAREERTL, 04-Aug-2026,919.65,924.0,911.25,912.6,919.65,99370,910.82,5609,52328.0,52.66
WABAG, 04-Aug-2026,2025.0,2025.0,1944.0,1951.4,2012.0,377146,7436.36,29996,204698.0,54.28
WAKEFIT, 04-Aug-2026,128.81,130.7,127.15,128.02,130.05,625556,805.49,4888,148762.0,23.78
WALCHANNAG, 04-Aug-2026,230.0,234.95,227.9,233.88,229.33,371095,860.75,5357,155017.0,41.77
WANBURY, 04-Aug-2026,286.2,294.65,276.0,278.9,286.2,328605,938.0,7488,197307.0,60.04
WCIL, 04-Aug-2026,90.8,91.8,90.32,91.39,90.48,19934,18.16,709,12312.0,61.76
WEALTH, 04-Aug-2026,928.05,943.15,918.0,928.5,939.25,1724,16.09,180,1508.0,87.47
WEBELSOLAR, 04-Aug-2026,98.0,98.49,95.7,96.32,97.58,1313772,1272.58,8325,800169.0,60.91
WEIZMANIND, 04-Aug-2026,77.11,78.97,77.11,77.3,77.91,880,0.68,29,685.0,77.84
WEL, 04-Aug-2026,125.49,125.49,116.62,117.69,123.02,176162,210.14,2526,88150.0,50.04
WELCORP, 04-Aug-2026,1706.0,1743.5,1701.0,1736.6,1715.3,570737,9907.53,31485,321343.0,56.3
WELENT, 04-Aug-2026,608.0,616.95,600.0,606.9,606.75,738163,4479.77,14961,391581.0,53.05
WELSPLSOL, 04-Aug-2026,50.7,51.4,50.49,50.57,50.73,123716,62.77,858,78339.0,63.32
WELSPUNLIV, 04-Aug-2026,154.0,161.32,153.16,160.73,154.63,1726771,2736.79,27364,649432.0,37.61
WENDT, 04-Aug-2026,8230.0,8230.0,8080.0,8102.0,8206.0,4866,395.55,1104,2947.0,60.56
WESTLIFE, 04-Aug-2026,535.0,548.55,523.55,542.55,531.2,161027,866.25,9225,86960.0,54.0
WEWORK, 04-Aug-2026,744.6,759.9,736.0,737.35,744.6,348646,2605.62,16241,244441.0,70.11
WHEELS, 04-Aug-2026,1420.0,1439.5,1400.0,1408.8,1415.7,49460,701.39,5106,30595.0,61.86
WHIRLPOOL, 04-Aug-2026,829.4,836.0,817.0,820.5,824.45,210664,1739.21,11823,110708.0,52.55
WHITEFORCE, 04-Aug-2026,38.0,38.0,35.5,35.5,39.0,60800,23.02,3,60800.0,100.0
WILLAMAGOR, 04-Aug-2026,26.57,26.57,25.6,25.6,26.57,1487,0.38,36,1058.0,71.15
WINDLAS, 04-Aug-2026,862.05,879.35,856.15,862.25,867.8,19979,173.37,1914,10744.0,53.78
WINDMACHIN, 04-Aug-2026,282.0,286.0,280.3,282.9,281.05,16491,46.59,834,8714.0,52.84
WINSOL, 04-Aug-2026,114.3,117.8,114.3,114.9,114.3,10400,12.06,19,8000.0,76.92
WIPL, 04-Aug-2026,172.99,173.0,168.51,168.51,168.0,1100,1.89,25,867.0,78.82
WIPRO, 04-Aug-2026,189.0,189.4,186.3,186.3,188.66,11903457,22351.32,68603,7616447.0,63.99
WOCKPHARMA, 04-Aug-2026,2028.4,2067.7,2004.7,2022.6,2028.4,787321,16050.43,35865,308640.0,39.2
WOL3D, 04-Aug-2026,144.45,144.9,144.45,144.9,138.0,5000,7.24,5,4000.0,80.0
WOMANCART, 04-Aug-2026,100.0,103.8,96.0,100.05,104.25,21200,21.05,45,11200.0,52.83
WONDERLA, 04-Aug-2026,485.0,522.5,481.1,508.85,485.2,1330442,6687.8,33440,459413.0,34.53
WORTHPERI, 04-Aug-2026,147.67,158.0,145.0,152.98,145.93,60961,91.22,736,28166.0,46.2
WPIL, 04-Aug-2026,457.9,457.9,444.5,446.1,455.95,13209,59.24,1413,7586.0,57.43
WSI, 04-Aug-2026,60.52,61.0,59.8,60.01,60.51,26752,16.12,628,16646.0,62.22
WSTCSTPAPR, 04-Aug-2026,568.9,581.0,567.0,571.75,569.0,135852,778.85,10901,83947.0,61.79
WTICAB, 04-Aug-2026,120.0,120.0,112.0,112.9,117.95,39500,45.45,55,31500.0,79.75
XCHANGING, 04-Aug-2026,67.85,68.84,67.0,68.39,67.65,60951,41.53,1025,38735.0,63.55
XELPMOC, 04-Aug-2026,84.0,84.0,80.0,81.52,83.4,8868,7.2,199,5432.0,61.25
XPROINDIA, 04-Aug-2026,1301.0,1320.8,1158.5,1178.2,1302.8,219434,2693.94,17719,111405.0,50.77
XTGLOBAL, 04-Aug-2026,33.1,33.77,32.15,33.17,33.38,145165,48.22,841,115862.0,79.81
YASHO, 04-Aug-2026,4000.0,4490.0,3961.0,4359.9,3884.8,370550,15611.28,41542,68214.0,18.41
YASHOPTICS, 04-Aug-2026,119.0,119.0,117.0,117.05,119.7,3200,3.77,4,3200.0,100.0
YATHARTH, 04-Aug-2026,833.95,849.5,831.75,845.5,833.95,221744,1869.18,9241,99679.0,44.95
YATRA, 04-Aug-2026,108.8,108.8,106.0,106.95,107.63,545069,584.17,3754,272880.0,50.06
YESBANK, 04-Aug-2026,23.0,23.01,22.78,23.0,23.0,41667544,9543.01,55879,17759980.0,42.62
YUDIZ, 04-Aug-2026,27.9,27.9,27.8,27.85,26.6,7200,2.01,9,6400.0,88.89
YUKEN, 04-Aug-2026,719.1,722.0,712.0,714.9,718.6,2800,20.09,167,2415.0,86.25
ZAGGLE, 04-Aug-2026,208.0,208.0,203.25,203.84,205.85,472398,969.45,7128,255921.0,54.17
ZEEL, 04-Aug-2026,99.0,100.8,98.05,99.55,98.14,27006787,26902.37,86120,7379777.0,27.33
ZEEMEDIA, 04-Aug-2026,7.22,7.31,7.04,7.05,7.19,2845367,202.46,2758,2317960.0,81.46
ZENITHDRUG, 04-Aug-2026,47.5,47.5,47.5,47.5,47.6,800,0.38,1,800.0,100.0
ZENITHEXPO, 04-Aug-2026,198.89,198.89,196.0,197.0,198.89,217,0.43,30,174.0,80.18
ZENITHSTL, 04-Aug-2026,5.74,5.74,5.59,5.61,5.63,36460,2.05,149,31479.0,86.34
ZENSARTECH, 04-Aug-2026,519.0,522.95,506.2,511.8,518.0,1222797,6247.75,26430,517803.0,42.35
ZENTEC, 04-Aug-2026,1656.0,1724.4,1656.0,1683.4,1656.4,470480,7985.42,32565,143664.0,30.54
ZFCVINDIA, 04-Aug-2026,2458.3,2575.0,2445.8,2555.6,2447.8,303524,7656.44,28821,196860.0,64.86
ZFSTEERING, 04-Aug-2026,682.0,682.0,662.65,665.95,679.0,1799,12.02,147,1222.0,67.93
ZODIAC, 04-Aug-2026,253.0,266.3,253.0,257.6,256.3,12702,32.98,949,5373.0,42.3
ZODIACLOTH, 04-Aug-2026,76.75,78.25,76.71,76.93,76.65,1892,1.46,33,1838.0,97.15
ZOTA, 04-Aug-2026,1280.0,1309.0,1236.2,1252.5,1265.7,40376,509.81,3407,20887.0,51.73
ZSARACOM, 04-Aug-2026,12119.0,12281.0,11862.0,12048.0,12179.0,53,6.37,21,48.0,90.57
ZTECH, 04-Aug-2026,542.0,542.0,504.0,528.3,541.7,15900,83.59,49,10800.0,67.92
ZUARI, 04-Aug-2026,233.27,235.0,230.04,231.65,233.27,73234,170.18,2031,42472.0,57.99
ZUARIIND, 04-Aug-2026,260.6,265.0,259.3,263.65,259.35,14894,39.13,434,8907.0,59.8
ZYDUSLIFE, 04-Aug-2026,1125.0,1130.0,1113.1,1130.0,1121.0,1085433,12157.89,32783,592405.0,54.58
ZYDUSWELL, 04-Aug-2026,564.5,564.5,530.6,550.2,559.85,1482668,8045.7,45325,342696.0,23.11
