SYMBOL,DATE1,OPEN_PRICE,HIGH_PRICE,LOW_PRICE,CLOSE_PRICE,PREV_CLOSE,TTL_TRD_QNTY,TURNOVER_LACS,NO_OF_TRADES,DELIV_QTY,DELIV_PER
1018GS2026, 26-Aug-2026,104.45,104.45,104.45,104.45,104.49,541,0.57,3,541.0,100.0
20MICRONS, 26-Aug-2026,210.66,233.53,210.66,223.63,210.65,1411924,3192.13,27940,333382.0,23.61
21STCENMGM, 26-Aug-2026,42.51,43.92,42.31,42.59,43.17,18104,7.71,83,15866.0,87.64
360ONE, 26-Aug-2026,1213.2,1219.8,1195.0,1197.2,1210.0,332670,4019.0,20757,180865.0,54.37
3BBLACKBIO, 26-Aug-2026,1266.3,1313.0,1266.3,1306.3,1262.4,15966,207.09,1538,9341.0,58.51
3MINDIA, 26-Aug-2026,33695.0,33895.0,33340.0,33570.0,33695.0,1465,491.28,784,701.0,47.85
3PLAND, 26-Aug-2026,32.0,32.04,31.55,32.0,31.99,813,0.26,22,813.0,100.0
574GS2026, 26-Aug-2026,100.95,101.75,100.92,101.75,100.91,9419,9.51,41,9419.0,100.0
591GS2028, 26-Aug-2026,100.0,100.0,99.51,99.51,99.51,101,0.1,2,101.0,100.0
5PAISA, 26-Aug-2026,381.85,381.95,373.05,376.4,380.65,24865,93.71,1488,13289.0,53.44
601GS2030, 26-Aug-2026,97.71,98.0,97.71,98.0,97.71,2004,1.96,7,2002.0,99.9
610GS2031, 26-Aug-2026,99.5,99.5,99.5,99.5,97.3,1517,1.51,5,1517.0,100.0
620GS2029, 26-Aug-2026,99.6,99.6,99.02,99.02,99.6,1100,1.1,13,1100.0,100.0
628GS2032, 26-Aug-2026,98.25,98.25,98.25,98.25,98.26,9500,9.33,3,9500.0,100.0
633GS2035, 26-Aug-2026,101.0,101.0,101.0,101.0,99.0,1,0.0,1,1.0,100.0
636GS2031, 26-Aug-2026,100.0,100.0,99.25,99.83,100.0,21951,21.93,12,21550.0,98.17
63MOONS, 26-Aug-2026,781.8,792.45,773.0,777.55,782.75,127223,994.81,5137,46393.0,36.47
648GS2035, 26-Aug-2026,99.05,102.0,99.05,100.98,99.05,21200,21.16,9,14300.0,67.45
654GS2032, 26-Aug-2026,100.55,100.55,100.55,100.55,99.3,1,0.0,1,1.0,100.0
664GS2027, 26-Aug-2026,101.6,101.6,101.6,101.6,101.6,1,0.0,1,1.0,100.0
667GS2035, 26-Aug-2026,100.7,100.7,100.7,100.7,105.75,3171,3.19,1,3171.0,100.0
667GS2050, 26-Aug-2026,92.8,92.8,91.73,91.96,92.0,606,0.56,26,606.0,100.0
668GS2033, 26-Aug-2026,100.0,100.0,100.0,100.0,100.0,200,0.2,2,200.0,100.0
668GS2040, 26-Aug-2026,98.5,98.5,98.5,98.5,98.1,14412,14.2,8,14412.0,100.0
675GS2029, 26-Aug-2026,100.96,100.96,100.96,100.96,101.3,100,0.1,1,100.0,100.0
676GS2061, 26-Aug-2026,91.7,91.7,91.06,91.45,91.19,3892,3.55,25,3892.0,100.0
679GS2034A, 26-Aug-2026,99.73,99.73,99.73,99.73,96.0,1,0.0,1,1.0,100.0
68GS2060, 26-Aug-2026,92.86,92.86,92.81,92.81,92.81,303,0.28,4,303.0,100.0
690GS2065, 26-Aug-2026,94.7,94.7,94.0,94.39,94.52,13918,13.12,16,10918.0,78.45
694GS2036, 26-Aug-2026,101.5,102.5,101.5,102.46,102.0,2883,2.95,12,2555.0,88.62
695GS2061, 26-Aug-2026,94.7,94.7,94.39,94.39,93.5,1253,1.18,8,1253.0,100.0
698GR2054, 26-Aug-2026,95.95,95.95,95.8,95.8,92.06,2,0.0,2,1.0,50.0
699GS2051, 26-Aug-2026,97.75,97.75,97.73,97.73,95.55,62,0.06,3,62.0,100.0
702GS2027, 26-Aug-2026,102.55,102.55,101.85,101.85,101.75,101,0.1,2,101.0,100.0
702GS2031, 26-Aug-2026,102.15,102.15,102.15,102.15,102.15,50,0.05,1,50.0,100.0
704GS2029, 26-Aug-2026,102.26,102.26,102.26,102.26,102.26,601,0.61,2,601.0,100.0
706GS2028, 26-Aug-2026,103.85,103.85,103.85,103.85,104.05,1000,1.04,1,1000.0,100.0
706GS2041, 26-Aug-2026,100.0,100.5,100.0,100.5,100.25,11400,11.46,5,11400.0,100.0
709GS2054, 26-Aug-2026,97.0,97.0,96.4,96.51,96.5,53249,51.36,28,51900.0,97.47
709GS2074, 26-Aug-2026,96.02,96.3,96.02,96.29,96.3,27366,26.31,33,27366.0,100.0
710GS2029, 26-Aug-2026,104.0,104.0,103.75,103.75,103.5,6016,6.25,7,6016.0,100.0
718GS2037, 26-Aug-2026,102.8,103.1,102.8,103.08,102.41,50582,52.09,10,50582.0,100.0
71GS2034, 26-Aug-2026,105.05,105.05,103.3,104.48,103.02,4802,5.02,8,4802.0,100.0
723GS2039, 26-Aug-2026,104.4,104.4,104.4,104.4,104.4,200,0.21,2,200.0,100.0
724GS2055, 26-Aug-2026,98.48,98.5,97.9,98.37,98.0,13221,12.98,24,12365.0,93.53
725GS2063, 26-Aug-2026,98.44,98.44,97.87,97.98,97.98,200561,196.44,100,191626.0,95.54
726GS2032, 26-Aug-2026,105.1,105.1,103.49,103.56,104.5,17900,18.54,16,17900.0,100.0
733GS2026, 26-Aug-2026,102.51,102.51,102.51,102.51,101.9,20,0.02,2,20.0,100.0
734GS2064, 26-Aug-2026,99.94,100.27,99.82,100.1,99.94,20210,20.23,18,20110.0,99.51
736GS2052, 26-Aug-2026,102.5,102.5,102.5,102.5,102.75,9492,9.73,6,9492.0,100.0
737GS2028, 26-Aug-2026,104.02,106.78,104.02,106.78,104.25,148,0.16,2,148.0,100.0
738GS2027, 26-Aug-2026,102.5,102.55,102.21,102.55,102.5,137454,140.77,30,123053.0,89.52
73GS2053, 26-Aug-2026,99.27,99.36,99.26,99.36,99.51,14100,14.0,7,10100.0,71.63
741GS2036, 26-Aug-2026,105.22,105.7,105.0,105.0,106.0,20001,21.02,34,20000.0,100.0
743GS2076, 26-Aug-2026,100.95,100.95,100.0,100.03,100.0,4342,4.34,23,4340.0,99.95
746GS2073, 26-Aug-2026,105.49,105.49,101.2,101.45,101.49,2269,2.3,12,2268.0,99.96
74GS2062, 26-Aug-2026,103.0,109.11,102.5,103.99,103.99,386,0.4,8,386.0,100.0
750GS2056, 26-Aug-2026,101.5,101.5,101.5,101.5,101.27,100,0.1,1,100.0,100.0
754GS2036, 26-Aug-2026,106.78,107.0,106.7,106.93,106.87,174042,185.94,124,138679.0,79.68
762GS2039, 26-Aug-2026,107.25,107.25,107.25,107.25,109.0,1000,1.07,1,1000.0,100.0
771GS2066, 26-Aug-2026,105.89,105.89,104.75,105.77,105.11,1268,1.33,11,1194.0,94.16
772GS2055, 26-Aug-2026,107.5,107.5,107.5,107.5,103.4,87,0.09,2,87.0,100.0
824GS2027, 26-Aug-2026,103.2,103.2,103.2,103.2,103.2,58,0.06,3,58.0,100.0
897GS2030, 26-Aug-2026,112.0,117.05,112.0,112.02,111.75,5629,6.36,13,5615.0,99.75
92GS2030, 26-Aug-2026,115.1,115.1,114.99,114.99,114.52,4001,4.6,4,4001.0,100.0
A2ZINFRA, 26-Aug-2026,16.06,16.59,15.9,16.0,15.97,270888,43.5,370,208479.0,76.96
AAATECH, 26-Aug-2026,92.6,92.61,91.05,91.49,92.04,9186,8.43,162,5309.0,57.79
AADHARHFC, 26-Aug-2026,481.15,481.15,469.05,470.35,475.0,197278,930.4,8930,101921.0,51.66
AAKAAR, 26-Aug-2026,66.15,66.15,65.75,65.85,63.0,14400,9.5,9,12800.0,88.89
AAKASH, 26-Aug-2026,8.71,8.96,8.5,8.73,8.8,71834,6.31,284,52234.0,72.71
AARADHYA, 26-Aug-2026,65.0,65.0,65.0,65.0,66.25,2400,1.56,1,2400.0,100.0
AAREYDRUGS, 26-Aug-2026,77.19,80.75,75.35,80.75,76.91,205193,164.86,785,167873.0,81.81
AARON, 26-Aug-2026,139.9,139.9,135.25,136.08,138.98,6661,9.1,327,4088.0,61.37
AARTIDRUGS, 26-Aug-2026,423.0,425.9,415.0,418.0,422.2,61047,256.47,2410,31965.0,52.36
AARTIIND, 26-Aug-2026,543.0,545.9,532.15,542.95,538.9,710144,3835.32,20697,283840.0,39.97
AARTIPHARM, 26-Aug-2026,838.0,862.0,831.65,836.65,834.95,432818,3657.42,24230,149115.0,34.45
AARVI, 26-Aug-2026,150.7,153.0,149.5,150.04,150.76,14686,22.1,431,10403.0,70.84
AASTHA, 26-Aug-2026,73.24,80.35,73.24,80.34,73.05,2533216,1980.04,5230,1157861.0,45.71
AATMAJ, 26-Aug-2026,18.55,18.55,18.55,18.55,18.55,6000,1.11,2,6000.0,100.0
AAVAS, 26-Aug-2026,1314.9,1321.8,1279.2,1285.8,1313.2,139634,1823.49,13700,93055.0,66.64
ABANSENT, 26-Aug-2026,27.26,28.46,26.52,27.91,27.62,5015,1.37,94,4146.0,82.67
ABB, 26-Aug-2026,7630.0,7699.0,7581.0,7609.0,7627.0,200058,15289.99,18413,121098.0,60.53
ABBOTINDIA, 26-Aug-2026,26650.0,26650.0,26410.0,26555.0,26415.0,6271,1663.9,3014,4027.0,64.22
ABCAPITAL, 26-Aug-2026,409.95,416.45,409.15,410.0,410.85,2231478,9192.34,49946,1103930.0,49.47
ABCOTS, 26-Aug-2026,205.5,209.38,203.77,205.36,204.6,3375,6.96,186,2500.0,74.07
ABDL, 26-Aug-2026,635.65,635.65,611.6,613.7,633.45,249704,1553.52,11425,105854.0,42.39
ABFRL, 26-Aug-2026,54.73,55.15,54.4,54.52,54.48,4108969,2252.69,16881,2252110.0,54.81
ABGSEC, 26-Aug-2026,114.6,118.0,114.11,114.75,114.48,318,0.37,30,145.0,45.6
ABHAPOWER, 26-Aug-2026,24.0,24.0,24.0,24.0,24.0,3200,0.77,2,3200.0,100.0
ABLBL, 26-Aug-2026,86.04,86.4,85.44,86.04,85.44,419982,361.06,5250,238875.0,56.88
ABMKNO, 26-Aug-2026,192.23,192.24,185.15,186.39,192.24,721,1.36,30,696.0,96.53
ABREL, 26-Aug-2026,1413.8,1431.5,1385.6,1392.3,1408.0,120050,1680.75,11295,59865.0,49.87
ABSL10BANK, 26-Aug-2026,169.0,174.95,169.0,171.96,169.79,197476,337.53,87,193574.0,98.02
ABSLAMC, 26-Aug-2026,1010.0,1036.0,1005.7,1033.5,1001.8,407078,4177.35,40681,217430.0,53.41
ABSLBANETF, 26-Aug-2026,59.39,59.54,59.26,59.31,58.92,11562,6.87,214,7517.0,65.01
ABSLLIQUID, 26-Aug-2026,1005.0,1005.0,999.99,1000.0,1000.0,2331,23.31,17,2118.0,90.86
ABSLMSCIN, 26-Aug-2026,29.83,30.33,29.83,29.98,29.8,1820,0.54,11,1754.0,96.37
ABSLNN50ET, 26-Aug-2026,78.69,78.98,78.45,78.53,78.69,7057,5.55,167,5607.0,79.45
ABSLPSE, 26-Aug-2026,10.18,10.24,10.12,10.15,10.15,310390,31.59,1503,178464.0,57.5
ABSMARINE, 26-Aug-2026,286.0,286.4,271.0,286.4,272.8,141500,403.13,229,135500.0,95.76
ACC, 26-Aug-2026,1307.3,1338.1,1307.3,1331.7,1305.9,179602,2381.55,10343,95868.0,53.38
ACCELYA, 26-Aug-2026,1142.0,1142.0,1129.0,1131.8,1134.8,3279,37.14,328,2499.0,76.21
ACCENTMIC, 26-Aug-2026,592.95,599.75,578.05,593.75,592.0,90500,531.14,149,60000.0,66.3
ACCPL, 26-Aug-2026,192.0,201.6,192.0,200.8,192.0,12000,23.99,7,12000.0,100.0
ACE, 26-Aug-2026,1157.1,1173.3,1154.0,1159.0,1154.8,133478,1553.48,9167,65936.0,49.4
ACEINTEG, 26-Aug-2026,17.75,17.8,17.5,17.72,17.21,3071,0.54,26,2869.0,93.42
ACETEC, 26-Aug-2026,129.0,129.0,129.0,129.0,129.0,1200,1.55,1,1200.0,100.0
ACGL, 26-Aug-2026,1823.6,1839.2,1794.1,1802.9,1794.4,364,6.61,116,250.0,68.68
ACI, 26-Aug-2026,500.75,500.75,488.0,489.9,499.25,368281,1807.86,15826,237760.0,64.56
ACL, 26-Aug-2026,44.6,44.65,44.01,44.38,44.3,5556,2.48,102,4858.0,87.44
ACMESOLAR, 26-Aug-2026,405.0,405.5,394.4,395.95,399.3,1042690,4144.68,23878,490399.0,47.03
ACUTAAS, 26-Aug-2026,3320.0,3340.0,3233.4,3257.8,3313.4,144263,4752.32,25631,68317.0,47.36
ADANIENSOL, 26-Aug-2026,1617.0,1637.0,1570.5,1570.5,1594.5,3719296,59661.03,78892,2069009.0,55.63
ADANIENT, 26-Aug-2026,3122.8,3165.0,3092.8,3112.0,3110.0,2044729,64077.97,85028,1097829.0,53.69
ADANIGREEN, 26-Aug-2026,1330.6,1346.8,1303.2,1303.2,1330.0,2448739,32562.07,43709,1177563.0,48.09
ADANIPORTS, 26-Aug-2026,1711.9,1719.7,1690.5,1691.5,1702.7,1937255,32934.53,95802,1226714.0,63.32
ADANIPOWER, 26-Aug-2026,206.96,213.5,206.57,207.2,206.33,23035619,48360.73,108984,7304906.0,31.71
ADDICTIVE, 26-Aug-2026,46.5,48.9,46.5,47.9,46.6,12500,5.87,11,11500.0,92.0
ADDIND, 26-Aug-2026,92.0,94.6,80.3,82.66,86.89,858,0.75,44,598.0,69.7
ADFFOODS, 26-Aug-2026,276.75,285.7,273.1,280.7,276.7,199711,559.85,5242,76981.0,38.55
ADISOFT, 26-Aug-2026,199.4,208.0,197.0,205.95,199.4,48800,99.33,60,34400.0,70.49
ADL, 26-Aug-2026,75.9,75.9,72.45,72.47,75.9,189,0.14,20,100.0,52.91
ADOR, 26-Aug-2026,1570.0,1594.9,1522.0,1531.2,1580.4,89496,1398.19,7475,54094.0,60.44
ADROITINFO, 26-Aug-2026,10.1,10.49,10.02,10.19,10.1,20785,2.14,131,16926.0,81.43
ADSL, 26-Aug-2026,109.0,111.0,109.0,109.48,108.51,66238,72.42,1275,35651.0,53.82
ADVAIT, 26-Aug-2026,2104.2,2231.6,2095.4,2147.7,2061.6,367514,7973.76,30880,48473.0,13.19
ADVANCE, 26-Aug-2026,120.89,124.9,119.25,122.58,119.19,201754,245.45,2713,117552.0,58.27
ADVANIHOTR, 26-Aug-2026,50.49,50.55,49.3,49.88,50.34,19620,9.79,408,11226.0,57.22
ADVENTHTL, 26-Aug-2026,141.95,144.5,138.0,138.48,141.83,167627,234.87,3477,55867.0,33.33
ADVENZYMES, 26-Aug-2026,301.7,305.45,295.3,297.2,299.75,168342,503.79,3784,87770.0,52.14
ADVIKCA, 26-Aug-2026,1.19,1.22,1.19,1.19,1.2,313484,3.77,224,287132.0,91.59
AEGISLOG, 26-Aug-2026,1328.0,1337.0,1311.0,1331.7,1321.6,462882,6137.03,23700,225802.0,48.78
AEGISVOPAK, 26-Aug-2026,268.45,269.8,263.1,264.15,267.7,282319,751.43,6578,151014.0,53.49
AEPL, 26-Aug-2026,14.41,16.1,14.3,15.1,14.41,65874,10.03,310,29695.0,45.08
AEQUS, 26-Aug-2026,255.55,256.5,251.0,251.66,255.2,1913666,4855.18,22712,880559.0,46.01
AEROENTER, 26-Aug-2026,141.0,144.98,140.4,143.64,140.74,908208,1296.54,8113,447738.0,49.3
AEROFLEX, 26-Aug-2026,496.0,542.0,492.0,536.35,495.75,3136975,16358.36,62460,1016497.0,32.4
AERON, 26-Aug-2026,72.65,74.0,71.1,73.75,72.65,21000,15.21,14,19000.0,90.48
AERONEU, 26-Aug-2026,85.0,85.0,81.52,82.14,84.64,24674,20.65,373,7293.0,29.56
AEROPLANE, 26-Aug-2026,181.93,182.0,173.5,174.99,180.39,317113,563.12,3835,193546.0,61.03
AETHER, 26-Aug-2026,1650.2,1661.0,1620.4,1655.0,1633.9,151481,2487.27,17878,76060.0,50.21
AFCONS, 26-Aug-2026,284.05,286.95,284.05,285.05,285.7,245244,699.42,4918,113256.0,46.18
AFFLE, 26-Aug-2026,1729.9,1729.9,1679.1,1686.8,1710.8,66652,1136.54,9262,33518.0,50.29
AFIL, 26-Aug-2026,9.97,9.97,9.4,9.5,9.8,801159,76.6,831,575863.0,71.88
AFSL, 26-Aug-2026,203.0,203.0,201.0,201.0,201.0,4378,8.81,83,2757.0,62.97
AGARIND, 26-Aug-2026,474.25,479.75,465.0,470.2,471.8,29876,140.65,1374,17877.0,59.84
AGARWALEYE, 26-Aug-2026,502.95,502.95,497.35,498.55,500.4,265313,1327.02,7197,189408.0,71.39
AGARWALFT, 26-Aug-2026,33.25,33.25,33.25,33.25,35.0,1500,0.5,1,1500.0,100.0
AGARWALTUF, 26-Aug-2026,144.45,144.45,140.7,141.75,140.5,10800,15.34,9,7200.0,66.67
AGI, 26-Aug-2026,734.9,748.45,732.2,744.5,730.85,114169,845.21,5502,62436.0,54.69
AGIIL, 26-Aug-2026,284.3,299.2,279.0,287.9,283.0,1419501,4131.61,19242,232627.0,16.39
AGL, 26-Aug-2026,14.0,14.48,13.91,14.32,14.07,2718989,387.17,4592,1247417.0,45.88
AGNI, 26-Aug-2026,15.0,15.0,14.45,14.8,15.0,7500,1.11,3,5000.0,66.67
AGRITECH, 26-Aug-2026,104.0,104.49,102.5,103.36,101.16,996,1.03,49,942.0,94.58
AGROPHOS, 26-Aug-2026,27.5,27.5,26.37,26.75,26.49,8564,2.29,88,7200.0,84.07
AHCL, 26-Aug-2026,15.19,15.26,15.0,15.11,15.05,1738781,263.27,3153,656916.0,37.78
AHLADA, 26-Aug-2026,37.0,38.8,37.0,37.95,37.0,21585,8.22,84,17861.0,82.75
AHLEAST, 26-Aug-2026,140.51,140.51,138.0,138.66,140.22,1923,2.68,75,1638.0,85.18
AHLUCONT, 26-Aug-2026,651.1,656.95,620.0,635.1,651.75,338939,2147.3,17371,128919.0,38.04
AIAENG, 26-Aug-2026,4290.0,4311.4,4225.0,4235.5,4267.4,25577,1087.63,6035,16218.0,63.41
AIIL, 26-Aug-2026,570.2,573.95,557.2,561.6,566.65,111977,630.15,6851,44571.0,39.8
AILIMITED, 26-Aug-2026,17.15,17.15,17.15,17.15,32.7,3000,0.51,1,3000.0,100.0
AIMTRON, 26-Aug-2026,1643.1,1692.0,1640.0,1648.85,1669.55,42000,698.13,172,28800.0,68.57
AIRAN, 26-Aug-2026,15.15,15.17,14.85,14.9,15.0,43121,6.44,261,32569.0,75.53
AIROLAM, 26-Aug-2026,87.43,89.0,87.23,87.99,88.95,387,0.34,32,236.0,60.98
AISL, 26-Aug-2026,55.25,55.25,55.1,55.1,57.95,4800,2.65,7,4800.0,100.0
AJANTPHARM, 26-Aug-2026,3599.8,3599.8,3535.0,3551.8,3554.9,35227,1250.19,6009,19640.0,55.75
AJAXENGG, 26-Aug-2026,566.0,585.8,565.05,581.5,570.6,140826,815.86,9220,54469.0,38.68
AJMERA, 26-Aug-2026,119.0,120.0,117.53,117.86,117.44,125018,148.44,2060,53867.0,43.09
AJOONI, 26-Aug-2026,3.69,4.04,3.63,3.89,3.62,647674,24.89,617,507924.0,78.42
AKANKSHA, 26-Aug-2026,139.5,139.5,130.0,130.9,133.75,11000,14.62,10,7000.0,63.64
AKASH, 26-Aug-2026,24.13,25.2,24.13,24.63,24.77,4015,0.99,56,2125.0,52.93
AKCAPIT, 26-Aug-2026,1752.9,1769.8,1710.3,1717.6,1752.8,1476,25.45,361,1101.0,74.59
AKG, 26-Aug-2026,8.99,10.4,8.41,9.58,8.99,44293,4.16,266,38361.0,86.61
AKI, 26-Aug-2026,4.18,4.28,4.13,4.16,4.17,477464,20.02,565,365910.0,76.64
AKIKO, 26-Aug-2026,412.95,412.95,398.95,412.0,410.75,11200,45.52,14,7200.0,64.29
AKSHAR, 26-Aug-2026,0.41,0.44,0.41,0.42,0.41,1995736,8.48,370,1479841.0,74.15
AKUMS, 26-Aug-2026,752.0,773.8,750.0,766.1,745.05,412200,3155.08,27212,233178.0,56.57
ALANKIT, 26-Aug-2026,8.1,8.24,7.61,8.06,8.1,126537,10.17,624,89294.0,70.57
ALBERTDAVD, 26-Aug-2026,877.9,880.4,861.0,869.7,867.95,5288,46.11,551,3878.0,73.34
ALCODIS, 26-Aug-2026,69.0,69.0,69.0,69.0,68.0,625,0.43,1,625.0,100.0
ALEMBICLTD, 26-Aug-2026,95.86,99.41,95.03,98.7,94.66,1303903,1276.34,11108,679989.0,52.15
ALFREDHE, 26-Aug-2026,2985.0,2985.0,2900.0,2901.8,2985.0,123,3.57,29,121.0,98.37
ALGOQUANT, 26-Aug-2026,67.7,69.0,64.78,64.98,67.13,1336854,876.17,3119,307029.0,22.97
ALICON, 26-Aug-2026,697.8,715.0,688.55,691.65,697.8,19034,132.85,1433,10509.0,55.21
ALIVUS, 26-Aug-2026,1344.8,1371.3,1334.0,1360.8,1348.4,28914,393.63,5463,16256.0,56.22
ALKEM, 26-Aug-2026,5368.0,5387.5,5303.5,5303.5,5368.0,44001,2351.66,7925,21155.0,48.08
ALKYLAMINE, 26-Aug-2026,2080.0,2107.9,2052.1,2089.6,2061.5,83245,1736.78,13220,32122.0,38.59
ALLCARGO, 26-Aug-2026,12.26,13.43,11.81,13.32,12.26,61257032,7843.9,153008,11646386.0,19.01
ALLDIGI, 26-Aug-2026,816.6,823.9,805.05,815.2,814.85,4207,34.27,291,2965.0,70.48
ALLETEC, 26-Aug-2026,118.45,124.5,116.05,120.7,118.6,40400,48.76,83,36000.0,89.11
ALLTIME, 26-Aug-2026,206.14,207.68,200.0,206.18,204.62,92037,187.48,2900,42726.0,46.42
ALMONDZ, 26-Aug-2026,15.49,15.89,14.32,14.74,15.25,161839,24.41,465,106585.0,65.86
ALOKINDS, 26-Aug-2026,11.41,11.48,11.26,11.28,11.29,3811080,432.7,6516,1901365.0,49.89
ALPA, 26-Aug-2026,63.5,63.5,61.3,61.45,62.09,10657,6.6,291,6730.0,63.15
ALPEXSOLAR, 26-Aug-2026,861.0,888.8,861.0,875.1,853.2,48300,423.71,359,31100.0,64.39
ALPHA, 26-Aug-2026,54.69,55.3,54.64,55.2,54.61,1076683,592.64,2559,678730.0,63.04
ALPHAETF, 26-Aug-2026,27.22,27.49,27.21,27.42,27.17,710627,194.47,2063,533940.0,75.14
ALPINETEX, 26-Aug-2026,54.6,57.63,54.6,55.77,55.84,174554,97.97,2437,80638.0,46.2
ALPL30IETF, 26-Aug-2026,28.1,28.34,28.0,28.12,28.1,238752,67.19,606,92531.0,38.76
ALUFLUOR, 26-Aug-2026,475.0,475.0,452.2,453.8,452.0,2511,11.47,168,2056.0,81.88
AMAGI, 26-Aug-2026,585.35,596.9,577.65,583.9,581.35,233735,1362.67,10053,95071.0,40.67
AMAL, 26-Aug-2026,755.8,764.75,741.6,745.85,754.5,8628,64.69,472,6557.0,76.0
AMARJOTHI, 26-Aug-2026,161.0,164.0,160.0,160.5,160.05,720,1.16,7,720.0,100.0
AMBAAUTO, 26-Aug-2026,113.95,114.05,112.0,113.95,110.0,5000,5.66,5,1000.0,20.0
AMBER, 26-Aug-2026,7432.0,7598.5,7404.0,7466.0,7432.0,245343,18423.86,22246,96320.0,39.26
AMBICAAGAR, 26-Aug-2026,25.5,25.5,24.6,24.98,25.42,6016,1.5,87,5915.0,98.32
AMBIKCO, 26-Aug-2026,1647.9,1651.2,1632.7,1639.2,1629.7,4001,65.69,636,1916.0,47.89
AMBUJACEM, 26-Aug-2026,415.0,422.8,412.1,419.2,413.1,2740269,11497.55,27489,1228823.0,44.84
AMCL, 26-Aug-2026,359.0,360.75,350.0,358.0,354.6,17200,60.49,15,16800.0,97.67
AMDIND, 26-Aug-2026,55.0,55.0,52.2,52.59,53.47,5958,3.18,317,4911.0,82.43
AMEYA, 26-Aug-2026,109.45,109.45,109.45,109.45,107.15,1000,1.09,1,1000.0,100.0
AMJLAND, 26-Aug-2026,38.01,39.25,37.83,38.68,38.32,7795,3.02,121,6243.0,80.09
AMNPLST, 26-Aug-2026,190.9,190.9,186.5,189.28,187.73,2458,4.61,182,2132.0,86.74
AMRUTANJAN, 26-Aug-2026,525.0,529.55,521.55,527.75,523.2,32532,171.11,1437,21531.0,66.18
ANANDRATHI, 26-Aug-2026,2165.0,2181.0,2160.0,2179.4,2164.4,81717,1775.97,10640,45677.0,55.9
ANANTAM, 26-Aug-2026,105.0,105.0,104.53,104.94,104.99,13415,14.07,145,11442.0,85.29
ANANTRAJ, 26-Aug-2026,613.15,617.65,598.25,606.35,613.15,1356485,8223.65,30738,616425.0,45.44
ANAWIL, 26-Aug-2026,450.0,458.0,419.0,427.65,445.1,287200,1247.18,643,130800.0,45.54
ANDHRAPAP, 26-Aug-2026,60.0,60.75,59.6,60.46,59.66,112644,67.79,853,73655.0,65.39
ANDHRSUGAR, 26-Aug-2026,98.52,100.59,96.72,99.02,97.74,543635,538.13,5073,174872.0,32.17
ANDREWYU, 26-Aug-2026,26.99,30.49,26.54,29.44,26.76,918078,272.54,2938,538392.0,58.64
ANGELONE, 26-Aug-2026,302.0,305.45,297.7,298.85,300.9,9062432,27338.29,61288,3990523.0,44.03
ANIKINDS, 26-Aug-2026,46.7,47.5,45.5,47.21,46.53,5483,2.55,40,5220.0,95.2
ANLON, 26-Aug-2026,664.0,664.0,640.0,640.0,664.0,2400,15.69,6,2400.0,100.0
ANMOL, 26-Aug-2026,10.15,10.15,9.71,10.03,10.09,22992,2.31,131,17963.0,78.13
ANNAPURNA, 26-Aug-2026,152.35,153.0,148.0,148.85,148.65,25024,37.43,296,16829.0,67.25
ANONDITA, 26-Aug-2026,1070.0,1070.0,1033.6,1043.7,1064.7,19400,204.17,91,14000.0,72.16
ANSALBU, 26-Aug-2026,74.0,74.0,72.01,72.01,74.0,310,0.23,3,210.0,67.74
ANTELOPUS, 26-Aug-2026,785.0,797.9,773.7,792.05,786.6,70230,552.0,3502,32764.0,46.65
ANTGRAPHIC, 26-Aug-2026,0.73,0.75,0.72,0.73,0.73,140784,1.02,162,120320.0,85.46
ANTHEM, 26-Aug-2026,879.05,927.0,878.0,923.05,874.7,1851014,16847.19,75907,740175.0,39.99
ANUHPHR, 26-Aug-2026,78.45,79.52,77.0,79.02,77.27,39711,31.12,840,24990.0,62.93
ANUP, 26-Aug-2026,1772.4,1828.0,1736.0,1786.2,1772.4,84750,1509.9,10722,28673.0,33.83
ANURAS, 26-Aug-2026,1270.0,1271.0,1263.2,1267.6,1264.6,370003,4694.82,9617,260167.0,70.31
ANYA, 26-Aug-2026,15.15,15.15,14.7,14.8,14.7,35000,5.2,6,20000.0,57.14
ANZEN, 26-Aug-2026,130.0,130.0,130.0,130.0,129.0,25000,32.5,1,25000.0,100.0
AONEGOLD, 26-Aug-2026,15.02,15.03,14.88,14.9,14.99,286020,42.84,1293,223338.0,78.08
AONELIQUID, 26-Aug-2026,1074.2,1074.2,1074.18,1074.19,1074.18,15923,171.04,75,12735.0,79.98
AONENIFTY, 26-Aug-2026,10.27,10.27,9.99,10.03,10.02,142216,14.27,1030,118812.0,83.54
AONESILVER, 26-Aug-2026,9.36,9.36,9.16,9.18,9.14,452907,41.81,1077,344976.0,76.17
AONETMMQ50, 26-Aug-2026,10.44,10.65,10.38,10.41,10.44,143731,14.95,259,106778.0,74.29
AONETOTAL, 26-Aug-2026,12.38,12.38,12.02,12.05,12.02,130008,15.7,1140,86808.0,66.77
APARINDS, 26-Aug-2026,17121.0,17349.0,16881.0,17063.0,17001.0,105261,18038.65,28720,39723.0,37.74
APCL, 26-Aug-2026,102.9,105.0,100.5,101.97,101.64,10629,10.8,230,8098.0,76.19
APCOTEXIND, 26-Aug-2026,624.5,624.5,610.0,611.25,617.25,51702,317.31,2689,29956.0,57.94
APEX, 26-Aug-2026,394.0,395.95,380.25,382.5,389.1,129048,498.31,3699,68390.0,53.0
APEXECO, 26-Aug-2026,250.0,253.05,242.25,242.25,255.0,15200,37.31,19,15200.0,100.0
APLAPOLLO, 26-Aug-2026,2135.7,2159.0,2119.7,2159.0,2139.3,595903,12765.01,20689,394690.0,66.23
APLLTD, 26-Aug-2026,805.15,828.85,805.15,824.8,803.1,50380,412.99,4722,20102.0,39.9
APOLLO, 26-Aug-2026,391.6,392.5,384.5,388.0,389.65,4551120,17748.99,27074,1251447.0,27.5
APOLLOHOSP, 26-Aug-2026,8844.5,8868.0,8763.5,8766.5,8889.0,150629,13256.97,22811,76259.0,50.63
APOLLOPIPE, 26-Aug-2026,658.0,664.0,644.15,653.1,663.75,395538,2583.98,12955,125424.0,31.71
APOLLOTYRE, 26-Aug-2026,444.25,445.75,439.2,443.05,441.4,376674,1667.1,12608,164043.0,43.55
APOLSINHOT, 26-Aug-2026,1216.3,1216.6,1140.4,1190.7,1210.2,1925,22.72,254,955.0,49.61
APRAMEYA, 26-Aug-2026,130.0,133.0,130.0,133.0,130.0,1500,1.97,3,1500.0,100.0
APS, 26-Aug-2026,265.05,265.05,245.5,249.5,263.25,21750,54.86,75,15500.0,71.26
APSISAERO, 26-Aug-2026,524.3,534.75,524.3,534.75,524.3,16800,89.19,14,16800.0,100.0
APTUS, 26-Aug-2026,254.6,261.8,254.5,258.5,254.4,3986248,10294.13,19851,2820486.0,70.76
AQYLON, 26-Aug-2026,24.34,24.79,23.94,23.95,25.2,1652410,398.69,1812,1060307.0,64.17
ARCHIDPLY, 26-Aug-2026,114.34,119.0,111.5,112.94,114.33,56348,65.21,1092,36888.0,65.46
ARCHIES, 26-Aug-2026,13.42,13.71,13.4,13.51,13.4,2427,0.33,26,2019.0,83.19
ARCIIL, 26-Aug-2026,36.7,36.9,36.7,36.85,35.65,4000,1.47,4,4000.0,100.0
ARCL, 26-Aug-2026,229.95,232.0,220.15,228.0,225.95,226,0.51,16,220.0,97.35
ARDEE, 26-Aug-2026,57.0,57.6,55.66,55.92,56.99,5357426,3019.89,20700,2038852.0,38.06
ARE&M, 26-Aug-2026,925.0,926.9,919.15,920.75,920.85,241273,2225.59,14188,111572.0,46.24
ARENTERP, 26-Aug-2026,36.49,37.48,36.49,36.49,36.48,2185,0.8,18,1662.0,76.06
ARFIN, 26-Aug-2026,84.0,85.89,83.7,84.21,84.52,932633,790.73,3183,71092.0,7.62
ARHAM, 26-Aug-2026,220.05,220.05,208.05,214.15,213.7,68000,146.08,64,46000.0,67.65
ARIES, 26-Aug-2026,446.65,517.9,445.1,503.7,446.75,1074702,5387.73,30648,158142.0,14.71
ARIHANT, 26-Aug-2026,1005.0,1005.0,957.1,973.3,971.9,7801,76.34,394,5591.0,71.67
ARIHANTACA, 26-Aug-2026,385.0,435.0,385.0,435.0,465.0,3200,13.54,8,800.0,25.0
ARIHANTCAP, 26-Aug-2026,78.46,80.79,78.36,79.91,78.19,264494,210.22,1731,160567.0,60.71
ARIHANTSUP, 26-Aug-2026,251.2,269.0,251.2,259.45,250.0,268152,703.96,7967,220965.0,82.4
ARIS, 26-Aug-2026,143.05,149.0,143.0,147.96,144.26,2148481,3138.04,14819,781924.0,36.39
ARKADE, 26-Aug-2026,127.0,130.8,126.35,128.02,126.35,588707,758.61,4043,76781.0,13.04
ARMANFIN, 26-Aug-2026,1923.9,1996.7,1923.9,1977.8,1907.8,40980,805.4,3744,25076.0,61.19
AROGRANITE, 26-Aug-2026,24.88,25.65,24.56,25.49,24.76,12303,3.13,103,11420.0,92.82
ARSSBL, 26-Aug-2026,542.0,542.0,523.0,526.3,537.35,142146,753.62,4443,84947.0,59.76
ARTEMISMED, 26-Aug-2026,324.9,327.65,321.85,323.5,323.7,156568,509.01,6332,75652.0,48.32
ARTNIRMAN, 26-Aug-2026,42.0,42.0,39.5,39.7,40.15,1716,0.69,11,1661.0,96.79
ARUNAYA, 26-Aug-2026,14.6,14.9,14.1,14.9,14.2,32000,4.64,15,24000.0,75.0
ARVEE, 26-Aug-2026,189.99,189.99,171.19,174.8,182.05,28671,52.06,546,7366.0,25.69
ARVIND, 26-Aug-2026,539.25,547.0,527.85,541.95,539.3,627979,3371.98,24891,296169.0,47.16
ARVINDFASN, 26-Aug-2026,441.4,448.85,437.05,443.5,438.0,286735,1269.46,14620,153087.0,53.39
ARVINDPORT, 26-Aug-2026,31.05,33.25,30.1,32.1,31.5,33000,10.49,19,21000.0,63.64
ARVSMART, 26-Aug-2026,681.65,696.35,663.65,670.7,683.75,72270,486.3,4191,36512.0,50.52
ARYAMAN, 26-Aug-2026,615.0,625.0,615.0,625.0,625.05,74,0.46,5,74.0,100.0
ASAHIINDIA, 26-Aug-2026,950.55,959.8,948.0,951.15,955.9,40995,389.93,4499,21113.0,51.5
ASAL, 26-Aug-2026,490.9,492.55,486.2,489.3,489.75,7994,39.15,673,3935.0,49.22
ASALCBR, 26-Aug-2026,722.55,735.0,718.05,727.95,722.55,23310,169.42,1932,13716.0,58.84
ASHALOG, 26-Aug-2026,63.0,63.0,63.0,63.0,63.0,3000,1.89,3,3000.0,100.0
ASHAPURMIN, 26-Aug-2026,575.8,597.7,569.65,592.45,570.5,549376,3203.32,22380,208945.0,38.03
ASHIANA, 26-Aug-2026,362.85,370.0,362.85,368.7,365.25,36785,134.71,1136,20214.0,54.95
ASHIMASYN, 26-Aug-2026,18.01,18.75,17.86,18.12,18.25,64443,11.73,337,38244.0,59.35
ASHOKA, 26-Aug-2026,115.0,115.39,113.5,114.07,114.01,339117,387.04,3338,142415.0,42.0
ASHOKAMET, 26-Aug-2026,14.17,14.17,13.4,13.5,13.92,21705,2.97,255,18514.0,85.3
ASHOKLEY, 26-Aug-2026,175.57,179.5,175.41,179.05,174.69,17868582,31766.39,68790,7398371.0,41.4
ASHWINI, 26-Aug-2026,184.9,184.9,184.9,184.9,183.0,1000,1.85,1,1000.0,100.0
ASIANENE, 26-Aug-2026,454.8,486.15,454.8,478.55,451.4,688552,3289.59,15214,215029.0,31.23
ASIANHOTNR, 26-Aug-2026,298.8,308.4,294.0,306.7,299.35,107359,324.06,571,101736.0,94.76
ASIANPAINT, 26-Aug-2026,2660.9,2678.7,2626.5,2626.5,2639.8,339110,8983.38,23691,171342.0,50.53
ASIANTILES, 26-Aug-2026,46.99,47.29,46.53,46.72,46.37,1399853,655.08,3938,485102.0,34.65
ASIANTNE, 26-Aug-2026,9.59,9.93,9.24,9.57,9.59,4773,0.45,52,3757.0,78.71
ASKAUTOLTD, 26-Aug-2026,610.0,622.0,609.95,617.0,605.2,180959,1117.4,14201,82002.0,45.32
ASPINWALL, 26-Aug-2026,264.0,268.8,257.0,259.15,260.61,960,2.51,54,657.0,68.44
ASPIRE, 26-Aug-2026,12.9,13.15,12.9,13.15,13.55,10000,1.3,5,6000.0,60.0
ASTAR, 26-Aug-2026,590.0,590.0,574.1,590.0,600.0,13,0.08,6,13.0,100.0
ASTEC, 26-Aug-2026,599.9,606.7,589.0,593.5,597.25,17920,106.81,1135,11009.0,61.43
ASTERDM, 26-Aug-2026,766.0,775.5,755.15,762.1,765.25,1673373,12842.83,56008,1019371.0,60.92
ASTRAL, 26-Aug-2026,1540.5,1544.6,1525.9,1526.1,1540.0,408686,6261.24,25662,219710.0,53.76
ASTRAMICRO, 26-Aug-2026,1710.0,1716.8,1681.0,1698.7,1708.0,212880,3608.76,16618,95808.0,45.01
ASTRAZEN, 26-Aug-2026,7190.0,7214.0,7137.5,7153.0,7146.0,3427,245.96,1144,1796.0,52.41
ATALREAL, 26-Aug-2026,35.17,35.4,33.85,34.6,34.06,7971582,2735.61,7761,2690989.0,33.76
ATAM, 26-Aug-2026,56.34,57.71,55.51,56.79,55.49,9601,5.44,235,7878.0,82.05
ATCENERGY, 26-Aug-2026,22.05,22.05,22.0,22.0,22.4,2400,0.53,2,2400.0,100.0
ATGL, 26-Aug-2026,645.45,654.7,639.35,643.7,640.25,737105,4766.98,18281,130240.0,17.67
ATHERENERG, 26-Aug-2026,1445.0,1494.6,1442.9,1494.6,1439.4,4256363,62877.28,109550,1876672.0,44.09
ATL, 26-Aug-2026,27.16,27.45,26.63,26.71,27.16,302331,81.46,1897,165519.0,54.75
ATLANTAA, 26-Aug-2026,37.92,38.4,37.15,37.41,37.79,39948,15.04,472,29377.0,73.54
ATLANTAELE, 26-Aug-2026,1715.0,1755.0,1687.0,1725.1,1719.6,161888,2790.05,17672,73157.0,45.19
ATLASCYCLE, 26-Aug-2026,96.44,97.98,96.43,96.63,97.1,1517,1.47,55,1030.0,67.9
ATLPP, 26-Aug-2026,10.15,10.15,9.18,9.19,9.74,2396,0.23,27,2332.0,97.33
ATMASTCO, 26-Aug-2026,147.2,152.45,139.8,143.15,147.15,34800,49.61,46,28400.0,81.61
ATUL, 26-Aug-2026,6537.0,6569.0,6474.5,6526.0,6492.5,23384,1524.36,6813,15788.0,67.52
ATULAUTO, 26-Aug-2026,485.1,489.35,485.1,487.5,485.95,35512,173.01,1502,15896.0,44.76
AUBANK, 26-Aug-2026,1128.6,1131.4,1113.5,1113.5,1128.6,618521,6942.2,28950,303012.0,48.99
AURIONPRO, 26-Aug-2026,717.4,719.6,699.8,700.7,711.35,106720,751.43,6310,63217.0,59.24
AUROPHARMA, 26-Aug-2026,1620.0,1639.5,1611.2,1623.0,1617.8,679792,11049.27,22571,308460.0,45.38
AURUM, 26-Aug-2026,236.46,239.39,228.5,233.43,236.46,125655,295.31,2035,77515.0,61.69
AURUS, 26-Aug-2026,4.59,4.73,4.52,4.61,4.59,11495,0.54,330,8102.0,70.48
AUSOMENT, 26-Aug-2026,152.0,152.0,145.55,146.1,147.59,3208,4.72,98,1910.0,59.54
AUSTENG, 26-Aug-2026,122.0,126.98,122.0,124.01,123.17,2521,3.12,52,1651.0,65.49
AUTOAXLES, 26-Aug-2026,1760.0,1760.0,1728.2,1745.4,1731.2,5539,96.37,730,2714.0,49.0
AUTOBEES, 26-Aug-2026,302.03,304.53,300.52,301.11,302.0,132166,399.28,1960,71866.0,54.38
AUTOIETF, 26-Aug-2026,30.21,30.36,30.16,30.21,30.22,352711,106.69,1523,206104.0,58.43
AUTOIND, 26-Aug-2026,92.0,92.0,88.12,88.99,89.47,115185,103.25,834,81135.0,70.44
AVADHSUGAR, 26-Aug-2026,802.0,832.0,791.05,813.7,806.15,206753,1693.77,9272,63627.0,30.77
AVALON, 26-Aug-2026,2125.4,2267.9,2125.3,2226.4,2111.5,707047,15562.69,66375,247153.0,34.96
AVANA, 26-Aug-2026,156.4,156.4,149.9,149.9,149.0,6000,9.13,3,6000.0,100.0
AVANCE, 26-Aug-2026,0.88,0.92,0.88,0.89,0.88,7967210,71.6,1539,1991004.0,24.99
AVANTEL, 26-Aug-2026,158.38,160.0,156.5,156.94,157.78,659725,1042.61,7057,268835.0,40.75
AVANTIFEED, 26-Aug-2026,849.9,854.4,836.0,839.6,843.9,234168,1978.11,14361,107298.0,45.82
AVATAR, 26-Aug-2026,242.4,242.4,242.4,242.4,242.4,2000,4.85,1,2000.0,100.0
AVIANSH, 26-Aug-2026,103.7,105.0,103.0,103.0,101.0,11000,11.44,10,10000.0,90.91
AVIENCE, 26-Aug-2026,292.95,293.0,275.0,275.1,280.2,15600,44.46,26,13200.0,84.62
AVL, 26-Aug-2026,574.9,592.3,570.6,585.6,574.9,292001,1706.48,12834,228607.0,78.29
AVONMORE, 26-Aug-2026,13.7,14.2,13.52,13.97,13.44,439384,61.18,780,369440.0,84.08
AVPINFRA, 26-Aug-2026,63.15,63.2,61.2,61.35,63.9,15200,9.5,18,8000.0,52.63
AVROIND, 26-Aug-2026,9.5,9.5,9.0,9.17,9.14,140526,12.96,527,63547.0,45.22
AVTNPL, 26-Aug-2026,87.85,88.0,86.5,86.95,87.17,64452,56.17,1202,39303.0,60.98
AWFIS, 26-Aug-2026,274.75,275.7,267.55,268.35,272.55,166166,448.72,5075,100511.0,60.49
AWHCL, 26-Aug-2026,380.0,393.85,378.05,384.5,379.55,77515,299.07,4130,34264.0,44.2
AWL, 26-Aug-2026,202.52,204.5,199.25,201.9,200.64,4581270,9266.0,60512,1963126.0,42.85
AXISBANK, 26-Aug-2026,1240.1,1257.7,1238.2,1255.0,1235.0,3298266,41285.96,118748,1973535.0,59.84
AXISCADES, 26-Aug-2026,1609.0,1634.4,1585.0,1606.7,1604.1,112155,1807.73,11669,51944.0,46.31
AXITA, 26-Aug-2026,7.95,8.15,7.95,8.05,7.98,1280809,103.3,1161,522092.0,40.76
AXTEL, 26-Aug-2026,423.0,423.0,405.0,406.3,416.4,3837,15.79,167,2809.0,73.21
AYE, 26-Aug-2026,174.22,180.23,174.05,176.65,172.84,503095,892.32,6933,185835.0,36.94
AYMSYNTEX, 26-Aug-2026,250.3,258.0,250.3,254.95,254.6,21536,54.77,434,7916.0,36.76
AZAD, 26-Aug-2026,2819.8,2886.0,2819.8,2825.5,2804.5,304811,8683.6,19799,118421.0,38.85
AZADIND, 26-Aug-2026,90.85,91.59,89.7,90.03,90.71,5826,5.27,204,1672.0,28.7
BAGDIGITAL, 26-Aug-2026,104.55,108.05,104.0,104.7,105.0,49600,52.96,10,46400.0,93.55
BAGFILMS, 26-Aug-2026,4.54,4.54,4.36,4.45,4.38,57544,2.55,149,37301.0,64.82
BAGMANE, 26-Aug-2026,107.5,107.5,106.31,106.97,106.69,327755,350.29,8139,286952.0,87.55
BAHETI, 26-Aug-2026,830.1,855.0,802.0,831.95,841.85,50625,415.72,125,25875.0,51.11
BAIDFIN, 26-Aug-2026,9.77,9.8,9.64,9.79,9.7,44262,4.3,135,36897.0,83.36
BAJAJ-AUTO, 26-Aug-2026,11910.0,11924.0,11724.0,11724.0,11927.0,166838,19699.07,27851,98253.0,58.89
BAJAJCON, 26-Aug-2026,459.0,469.5,455.0,463.5,455.05,445556,2062.46,16970,205009.0,46.01
BAJAJELEC, 26-Aug-2026,336.0,347.95,336.0,340.6,334.35,244530,834.6,12599,91921.0,37.59
BAJAJFINSV, 26-Aug-2026,2017.0,2024.9,2005.5,2010.0,2004.0,564145,11358.94,37627,340199.0,60.3
BAJAJHCARE, 26-Aug-2026,322.5,328.0,321.0,326.45,320.1,42455,137.91,1639,21177.0,49.88
BAJAJHFL, 26-Aug-2026,84.07,84.5,84.02,84.07,84.02,1525563,1285.5,13630,946402.0,62.04
BAJAJHIND, 26-Aug-2026,22.81,23.34,21.5,21.78,22.81,79063423,17608.48,90161,14460075.0,18.29
BAJAJHLDNG, 26-Aug-2026,11270.0,11540.0,11223.0,11540.0,11290.0,34213,3899.11,7225,20860.0,60.97
BAJAJINDEF, 26-Aug-2026,229.0,233.79,227.44,229.65,225.93,14759,33.97,524,7950.0,53.87
BAJAJST, 26-Aug-2026,354.1,362.4,352.5,354.2,356.85,4252,15.15,301,2804.0,65.95
BAJEL, 26-Aug-2026,188.05,191.8,187.03,189.53,188.0,122936,233.34,2684,61611.0,50.12
BAJFINANCE, 26-Aug-2026,1083.3,1095.0,1082.4,1085.0,1087.4,3234877,35188.6,85806,1911489.0,59.09
BALAJEE, 26-Aug-2026,26.12,26.8,26.12,26.21,26.4,19686,5.17,179,14677.0,74.56
BALAJITELE, 26-Aug-2026,95.09,97.3,95.07,95.43,95.09,52956,50.66,895,30384.0,57.38
BALAMINES, 26-Aug-2026,2350.0,2461.0,2318.0,2437.2,2343.6,423382,10134.03,36196,131343.0,31.02
BALAXI, 26-Aug-2026,23.4,23.4,22.06,22.41,22.83,10631,2.39,120,7067.0,66.48
BALCO, 26-Aug-2026,18.5,18.5,18.5,18.5,18.0,1200,0.22,1,1200.0,100.0
BALKRISHNA, 26-Aug-2026,17.55,17.55,17.06,17.18,17.21,3509,0.6,45,2392.0,68.17
BALKRISIND, 26-Aug-2026,2378.7,2394.2,2315.2,2328.6,2366.3,200421,4685.12,30809,132471.0,66.1
BALMLAWRIE, 26-Aug-2026,176.4,176.99,175.11,176.72,175.16,78725,138.69,1557,51084.0,64.89
BALPHARMA, 26-Aug-2026,85.0,85.78,82.05,83.57,85.22,10024,8.41,180,7230.0,72.13
BALRAMCHIN, 26-Aug-2026,675.0,683.6,658.05,674.35,668.1,4191913,28134.4,78565,610531.0,14.56
BALUFORGE, 26-Aug-2026,625.0,646.55,625.0,638.9,609.6,4929020,31485.36,72136,810241.0,16.44
BANARBEADS, 26-Aug-2026,108.0,116.95,107.25,111.75,110.52,8772,9.77,188,6334.0,72.21
BANARISUG, 26-Aug-2026,3895.7,3929.4,3830.6,3847.9,3899.9,1889,73.1,427,710.0,37.59
BANCOINDIA, 26-Aug-2026,617.0,629.8,616.85,627.85,616.75,63504,396.6,6384,27090.0,42.66
BANDHANBNK, 26-Aug-2026,174.0,176.43,172.84,173.5,173.5,3786900,6604.62,25977,1373566.0,36.27
BANG, 26-Aug-2026,33.92,35.78,33.0,33.83,34.71,620899,211.93,1213,308096.0,49.62
BANK10ADD, 26-Aug-2026,16.97,17.09,16.97,17.05,16.89,10349,1.77,179,6716.0,64.9
BANK10BETF, 26-Aug-2026,20.92,21.08,20.87,21.0,20.88,1433,0.3,18,711.0,49.62
BANKA, 26-Aug-2026,83.85,83.85,77.65,78.44,79.9,3612,2.84,52,2731.0,75.61
BANKADD, 26-Aug-2026,59.45,59.45,59.24,59.28,58.85,4134,2.45,42,3285.0,79.46
BANKBARODA, 26-Aug-2026,242.0,245.59,242.0,242.5,241.0,4759203,11602.81,40670,2262269.0,47.53
BANKBEES, 26-Aug-2026,599.99,600.84,596.05,599.57,595.07,955380,5730.71,6469,605768.0,63.41
BANKBETA, 26-Aug-2026,59.43,60.0,59.43,59.87,59.44,36969,22.14,255,28879.0,78.12
BANKBETF, 26-Aug-2026,58.82,59.0,58.7,58.83,58.36,3009657,1768.81,5499,3008270.0,99.95
BANKETF, 26-Aug-2026,588.74,591.88,588.74,589.61,586.5,101057,597.39,2760,88368.0,87.44
BANKIETF, 26-Aug-2026,58.75,59.57,58.75,59.42,59.02,292977,174.25,1034,193475.0,66.04
BANKINDIA, 26-Aug-2026,144.0,147.9,143.99,145.95,143.99,10250692,14997.86,34558,4412719.0,43.05
BANKNIFTY1, 26-Aug-2026,59.04,60.3,59.04,60.04,59.61,2298207,1379.76,776,2237966.0,97.38
BANKPSU, 26-Aug-2026,87.79,88.29,87.51,87.51,86.92,31798,27.91,74,14896.0,46.85
BANSALWIRE, 26-Aug-2026,320.55,323.1,317.1,320.5,318.15,53352,170.47,5053,32303.0,60.55
BANSWRAS, 26-Aug-2026,122.0,123.39,113.85,114.88,119.58,86864,101.91,1574,62788.0,72.28
BARFLEX, 26-Aug-2026,60.1,60.1,59.0,59.0,60.1,8000,4.78,4,4000.0,50.0
BASF, 26-Aug-2026,3898.8,3924.0,3865.4,3914.0,3872.2,14043,548.49,3293,6309.0,44.93
BASILIC, 26-Aug-2026,185.0,190.0,177.0,182.5,187.25,20400,37.66,51,14700.0,72.06
BATAINDIA, 26-Aug-2026,690.0,693.0,683.75,685.55,684.7,124114,854.44,6337,55610.0,44.81
BATLIBOI, 26-Aug-2026,86.0,87.5,85.31,86.83,86.13,12671,10.94,520,5452.0,43.03
BAWEJA, 26-Aug-2026,23.35,24.1,23.35,24.0,23.35,4800,1.14,5,4800.0,100.0
BAYERCROP, 26-Aug-2026,4077.0,4105.0,4074.0,4089.3,4089.5,11131,455.26,2019,6398.0,57.48
BBETF0432, 26-Aug-2026,1349.0,1359.99,1343.6,1349.27,1347.05,2695,36.4,57,2631.0,97.63
BBL, 26-Aug-2026,2378.0,2387.8,2329.0,2338.9,2348.7,15409,361.78,2506,7433.0,48.24
BBNPNBETF, 26-Aug-2026,58.67,59.0,58.22,58.59,59.72,7695,4.51,58,7651.0,99.43
BBNPPGOLD, 26-Aug-2026,155.8,155.9,154.45,154.9,155.35,935,1.45,72,450.0,48.13
BBOX, 26-Aug-2026,750.75,767.35,750.75,754.8,746.9,180021,1363.16,8543,77112.0,42.84
BBTC, 26-Aug-2026,1423.0,1433.0,1421.6,1426.2,1422.4,9011,128.59,1377,5225.0,57.98
BBTCL, 26-Aug-2026,239.0,239.0,231.93,233.07,235.77,5521,12.89,346,3673.0,66.53
BCG, 26-Aug-2026,9.13,9.15,9.05,9.07,9.09,3510098,318.69,3616,2122845.0,60.48
BCLIND, 26-Aug-2026,37.84,38.88,37.52,37.69,37.71,1639069,625.3,6597,703724.0,42.93
BCONCEPTS, 26-Aug-2026,163.12,163.5,155.55,160.48,159.63,2765,4.43,322,1573.0,56.89
BCPL, 26-Aug-2026,71.0,71.0,69.22,69.81,69.84,6877,4.81,257,4862.0,70.7
BDL, 26-Aug-2026,1359.0,1378.4,1323.3,1363.0,1359.9,1494007,20248.94,44862,336359.0,22.51
BEACON, 26-Aug-2026,83.0,83.5,77.55,78.05,81.6,63000,49.4,56,49000.0,77.78
BEARDSELL, 26-Aug-2026,26.99,28.2,26.9,27.35,26.79,24084,6.61,265,18285.0,75.92
BECTORFOOD, 26-Aug-2026,250.0,253.13,242.1,243.24,250.89,1010999,2498.31,17888,430391.0,42.57
BEDMUTHA, 26-Aug-2026,105.1,108.0,105.1,107.3,108.12,1278,1.37,27,1214.0,94.99
BEEKAY, 26-Aug-2026,430.0,434.05,424.95,425.0,434.35,6547,27.86,60,6409.0,97.89
BEL, 26-Aug-2026,411.75,412.3,406.9,406.9,413.25,7631016,31210.18,85435,5143502.0,67.4
BELLACASA, 26-Aug-2026,220.31,245.1,220.31,239.22,223.36,15814,36.86,640,9671.0,61.15
BELRISE, 26-Aug-2026,228.0,232.6,228.0,229.66,227.95,3663654,8429.31,36395,1921508.0,52.45
BEML, 26-Aug-2026,1928.4,1964.0,1919.5,1937.7,1923.0,203366,3945.3,19875,60929.0,29.96
BENARAS, 26-Aug-2026,10202.0,10333.0,10200.0,10200.0,10201.0,23,2.35,11,21.0,91.3
BENGALASM, 26-Aug-2026,6217.0,6217.0,6126.5,6160.0,6165.0,157,9.7,44,102.0,64.97
BEPL, 26-Aug-2026,129.62,129.98,126.84,128.35,129.62,1189249,1523.62,11554,462763.0,38.91
BERGEPAINT, 26-Aug-2026,511.3,514.0,501.9,503.7,509.85,636414,3217.71,20269,457358.0,71.86
BESTAGRO, 26-Aug-2026,17.69,17.94,17.69,17.85,17.69,330220,58.83,1278,157832.0,47.8
BETA, 26-Aug-2026,2370.0,2387.0,2255.0,2261.0,2287.2,18297,421.64,2796,8796.0,48.07
BEWLTD, 26-Aug-2026,52.65,52.65,50.0,51.95,51.35,15500,8.07,29,13500.0,87.1
BFINVEST, 26-Aug-2026,449.1,452.8,446.0,447.7,448.95,10997,49.38,575,5467.0,49.71
BFSI, 26-Aug-2026,27.39,27.55,27.38,27.48,27.27,96720,26.6,619,68390.0,70.71
BFUTILITIE, 26-Aug-2026,520.0,524.9,513.1,514.2,519.9,38089,198.07,2978,19994.0,52.49
BHADORA, 26-Aug-2026,118.7,118.7,113.0,113.0,113.8,9600,11.16,8,9600.0,100.0
BHAGCHEM, 26-Aug-2026,289.25,291.3,280.35,286.6,287.2,57634,165.4,1411,29103.0,50.5
BHAGYANGR, 26-Aug-2026,392.0,392.0,380.6,384.75,383.3,75604,290.83,2477,43451.0,57.47
BHANDARI, 26-Aug-2026,3.08,3.08,3.01,3.01,3.04,129667,3.94,256,96711.0,74.58
BHARATCOAL, 26-Aug-2026,34.63,34.88,34.35,34.43,34.35,4146491,1434.32,12070,1668292.0,40.23
BHARATFORG, 26-Aug-2026,2052.5,2052.5,2005.0,2005.0,2052.5,456259,9232.25,22806,238938.0,52.37
BHARATRAS, 26-Aug-2026,1293.9,1293.9,1272.0,1278.4,1273.2,5025,64.39,787,3180.0,63.28
BHARATSE, 26-Aug-2026,224.0,229.12,220.78,224.74,222.27,162408,366.55,4087,67469.0,41.54
BHARATWIRE, 26-Aug-2026,188.0,191.0,185.15,186.06,189.25,122139,229.08,2252,57022.0,46.69
BHARTIARTL, 26-Aug-2026,1933.5,1942.9,1902.1,1902.1,1947.0,4552921,87437.37,107707,2908000.0,63.87
BHARTIHEXA, 26-Aug-2026,1604.1,1616.9,1572.0,1579.8,1592.9,74603,1181.97,6452,52844.0,70.83
BHEL, 26-Aug-2026,418.0,421.0,415.5,415.5,417.0,3386320,14163.05,46001,1256503.0,37.11
BIGBLOC, 26-Aug-2026,44.0,44.0,43.0,43.27,43.73,24527,10.62,404,17767.0,72.44
BIKAJI, 26-Aug-2026,605.15,620.7,601.7,612.1,599.8,170484,1046.58,10805,81469.0,47.79
BIKEWO, 26-Aug-2026,81.25,89.75,81.25,89.75,85.5,178000,151.29,80,172000.0,96.63
BIL, 26-Aug-2026,857.0,857.0,832.35,840.45,845.75,7177,60.5,197,6580.0,91.68
BIMETAL, 26-Aug-2026,623.05,637.95,623.05,630.1,623.05,262,1.65,11,251.0,95.8
BIOCON, 26-Aug-2026,417.8,419.45,414.75,417.5,417.2,2245587,9380.86,24493,1365829.0,60.82
BIOFILCHEM, 26-Aug-2026,32.49,33.68,31.6,32.72,32.06,368174,120.04,879,162101.0,44.03
BIOPOL, 26-Aug-2026,95.6,95.6,88.0,88.7,96.55,182400,166.09,137,110400.0,60.53
BIRET, 26-Aug-2026,342.7,343.63,341.0,341.95,342.69,290952,994.72,9273,250059.0,85.95
BIRLACORPN, 26-Aug-2026,888.85,898.9,886.3,895.3,880.1,24810,221.73,2862,9482.0,38.22
BIRLAMONEY, 26-Aug-2026,127.99,128.79,126.21,128.15,127.3,40957,52.23,1096,22560.0,55.08
BIRLANU, 26-Aug-2026,1535.0,1555.0,1466.9,1480.5,1529.2,18977,284.56,2219,9925.0,52.3
BIRLAPREC, 26-Aug-2026,43.62,45.2,41.0,44.12,44.07,91806,40.21,685,54492.0,59.36
BLACKBUCK, 26-Aug-2026,601.5,619.5,599.2,605.3,601.25,707687,4324.94,38663,398147.0,56.26
BLAL, 26-Aug-2026,169.79,169.79,166.52,166.76,167.0,19436,32.47,363,15868.0,81.64
BLBLIMITED, 26-Aug-2026,15.76,16.3,15.76,15.87,16.03,83825,13.39,230,71887.0,85.76
BLEL, 26-Aug-2026,454.3,479.95,431.2,470.85,450.3,6762367,30755.17,103593,841732.0,12.45
BLIL, 26-Aug-2026,72.13,72.29,71.07,71.9,71.9,51154,36.75,947,38102.0,74.48
BLKASHYAP, 26-Aug-2026,52.2,56.05,51.7,55.15,52.45,1135277,619.22,4815,428923.0,37.78
BLS, 26-Aug-2026,244.41,245.9,236.2,237.76,243.32,2161537,5198.54,25422,938290.0,43.41
BLSE, 26-Aug-2026,315.35,321.5,310.6,319.7,312.1,253652,806.81,5009,114646.0,45.2
BLUECHIP, 26-Aug-2026,2.06,2.06,2.06,2.06,2.02,12073,0.25,17,12073.0,100.0
BLUECLOUDS, 26-Aug-2026,22.45,22.91,19.8,20.02,22.28,8600073,1765.09,12417,4026312.0,46.82
BLUEDART, 26-Aug-2026,5000.0,5030.0,4993.0,5007.0,4994.5,1989,99.56,693,973.0,48.92
BLUEJET, 26-Aug-2026,590.9,598.2,586.3,590.1,589.15,304935,1800.78,11251,155599.0,51.03
BLUEPEBBLE, 26-Aug-2026,66.5,68.0,66.5,68.0,65.5,800,0.54,2,800.0,100.0
BLUESTARCO, 26-Aug-2026,1512.0,1514.9,1485.0,1485.0,1515.0,259007,3878.21,11186,128745.0,49.71
BLUESTONE, 26-Aug-2026,815.0,823.0,791.5,797.95,810.65,477102,3864.53,18379,130710.0,27.4
BLUEWATER, 26-Aug-2026,434.9,456.6,430.0,456.0,434.9,23000,103.12,21,23000.0,100.0
BLUSPRING, 26-Aug-2026,127.0,132.0,126.41,128.13,126.83,324381,418.0,4271,114266.0,35.23
BMETRICS, 26-Aug-2026,35.0,35.0,35.0,35.0,34.0,800,0.28,1,800.0,100.0
BMLL, 26-Aug-2026,153.45,153.45,153.4,153.4,153.5,2000,3.07,2,2000.0,100.0
BMWVENTLTD, 26-Aug-2026,57.6,58.0,56.6,56.9,56.97,56772,32.34,1138,33590.0,59.17
BNAGROCHEM, 26-Aug-2026,232.9,232.9,225.05,230.05,229.8,1332,3.06,37,1063.0,79.8
BNKETFAXIS, 26-Aug-2026,596.64,598.89,596.4,598.0,592.0,881,5.26,22,549.0,62.32
BOHRAIND, 26-Aug-2026,15.0,15.0,13.12,13.86,13.73,14889,2.04,61,12337.0,82.86
BOMDYEING, 26-Aug-2026,110.7,111.66,110.31,111.22,110.26,177963,197.5,2300,80191.0,45.06
BONLON, 26-Aug-2026,40.06,41.43,39.5,39.6,40.06,6553,2.65,220,3442.0,52.53
BORANA, 26-Aug-2026,313.85,319.0,306.5,318.1,306.95,21782,68.5,418,14338.0,65.82
BOROLTD, 26-Aug-2026,259.75,266.0,249.1,255.35,261.45,1640304,4260.0,24650,221351.0,13.49
BORORENEW, 26-Aug-2026,532.0,538.0,524.1,527.0,529.05,277503,1472.99,8603,148337.0,53.45
BOROSCI, 26-Aug-2026,125.9,127.8,125.0,127.07,125.47,36646,46.34,1179,20454.0,55.82
BOSCH-HCIL, 26-Aug-2026,1685.0,1734.7,1652.2,1705.6,1664.8,36988,628.11,4265,11884.0,32.13
BOSCHLTD, 26-Aug-2026,48670.0,49190.0,48310.0,48895.0,48680.0,28910,14090.6,12639,16529.0,57.17
BOSS, 26-Aug-2026,54.0,54.0,53.5,53.5,56.3,4000,2.15,2,4000.0,100.0
BPCL, 26-Aug-2026,320.25,326.35,318.0,318.0,318.1,3340608,10728.5,32787,1388312.0,41.56
BPL, 26-Aug-2026,50.72,52.85,49.52,51.67,50.22,122529,63.58,1437,74347.0,60.68
BPLPHARMA, 26-Aug-2026,1499.9,1590.0,1450.0,1541.2,1472.4,7651,117.6,649,5196.0,67.91
BRACEPORT, 26-Aug-2026,65.8,65.8,62.8,62.8,60.75,8000,5.1,5,8000.0,100.0
BRAHMINFRA, 26-Aug-2026,159.99,163.0,155.0,157.39,156.14,13190,20.88,469,8280.0,62.77
BRANDMAN, 26-Aug-2026,160.0,163.1,160.0,161.0,160.55,5600,9.01,7,4000.0,71.43
BRIGADE, 26-Aug-2026,663.5,665.05,646.75,655.1,660.9,462198,3022.05,16157,250286.0,54.15
BRIGHOTEL, 26-Aug-2026,59.56,61.16,59.5,60.06,59.35,89243,53.7,2106,43201.0,48.41
BRIGHTBR, 26-Aug-2026,254.0,265.0,253.28,257.49,253.0,2114,5.37,62,1776.0,84.01
BRITANNIA, 26-Aug-2026,5370.0,5388.5,5310.0,5310.0,5382.5,119636,6403.36,11730,56072.0,46.87
BRNL, 26-Aug-2026,17.69,17.69,17.01,17.3,17.3,16911,2.93,168,12630.0,74.69
BSE, 26-Aug-2026,3325.0,3392.1,3309.0,3325.6,3303.0,4810246,160882.33,165846,2364184.0,49.15
BSE500IETF, 26-Aug-2026,39.78,40.24,39.38,39.94,39.78,100627,40.21,776,86749.0,86.21
BSHSL, 26-Aug-2026,87.2,90.1,87.2,89.88,88.6,3407,3.05,122,2116.0,62.11
BSL, 26-Aug-2026,123.26,123.85,121.1,121.56,122.04,5065,6.17,127,3324.0,65.63
BSLGOLDETF, 26-Aug-2026,144.94,144.94,140.72,140.94,141.41,1037151,1465.95,2328,885143.0,85.34
BSLNIFTY, 26-Aug-2026,29.25,29.25,28.47,28.54,28.54,1430959,408.47,3364,1125737.0,78.67
BSLSENETFG, 26-Aug-2026,78.92,79.0,77.71,77.96,78.14,1687,1.32,90,1431.0,84.83
BSOFT, 26-Aug-2026,292.0,298.9,292.0,293.55,291.0,843426,2486.66,20868,374707.0,44.43
BTML, 26-Aug-2026,9.09,9.09,8.65,8.89,8.96,606584,53.67,648,410435.0,67.66
BUILDPRO, 26-Aug-2026,1241.0,1301.2,1226.8,1262.9,1241.3,94970,1218.1,4857,53796.0,56.65
BULKCORP, 26-Aug-2026,70.35,70.35,70.35,70.35,67.0,2400,1.69,2,2400.0,100.0
BURNPUR, 26-Aug-2026,11.84,13.36,11.13,13.36,12.15,301209,38.34,1128,214633.0,71.26
BUTTERFLY, 26-Aug-2026,634.9,643.1,632.15,639.25,632.7,11737,74.73,842,6472.0,55.14
BVCL, 26-Aug-2026,43.45,45.7,42.1,42.83,42.81,229050,101.01,592,148024.0,64.63
C2C, 26-Aug-2026,235.0,235.0,226.0,227.8,234.2,61950,141.85,290,42600.0,68.77
CALSOFT, 26-Aug-2026,32.2,32.2,32.2,32.2,30.67,87211,28.08,180,87211.0,100.0
CAMLINFINE, 26-Aug-2026,107.45,108.5,105.47,106.57,106.45,325404,348.79,3152,164708.0,50.62
CAMPUS, 26-Aug-2026,226.08,227.45,224.28,225.17,226.08,293052,661.4,6993,135685.0,46.3
CAMS, 26-Aug-2026,754.0,757.65,746.0,746.0,749.95,617953,4647.95,44581,315694.0,51.09
CANARYS, 26-Aug-2026,23.25,26.0,22.7,24.85,23.25,84000,20.39,21,72000.0,85.71
CANBK, 26-Aug-2026,128.95,130.9,128.5,129.45,128.81,15134921,19670.99,46308,7298478.0,48.22
CANFINHOME, 26-Aug-2026,808.7,821.55,794.7,802.75,805.4,365074,2946.84,19131,198589.0,54.4
CANHLIFE, 26-Aug-2026,154.29,154.4,151.56,153.88,152.2,710172,1089.18,10037,462480.0,65.12
CANTABIL, 26-Aug-2026,245.59,251.4,245.0,246.5,245.14,102271,253.49,1837,53869.0,52.67
CAPACITE, 26-Aug-2026,220.3,228.0,220.25,227.38,223.38,372076,837.57,7826,180504.0,48.51
CAPILLARY, 26-Aug-2026,515.0,524.1,503.0,506.6,510.4,147688,752.7,4319,87077.0,58.96
CAPINVIT, 26-Aug-2026,77.25,77.25,76.56,76.9,76.91,149101,114.73,1109,126913.0,85.12
CAPITALSFB, 26-Aug-2026,287.9,290.7,280.8,282.6,288.05,48147,137.21,755,41715.0,86.64
CAPLIPOINT, 26-Aug-2026,2478.0,2535.5,2467.3,2516.3,2471.8,59944,1506.91,11106,31369.0,52.33
CARBORUNIV, 26-Aug-2026,1118.2,1125.9,1101.1,1105.7,1106.7,106839,1193.79,8310,46901.0,43.9
CARERATING, 26-Aug-2026,1618.6,1665.0,1615.0,1661.0,1618.6,52487,862.12,10658,25928.0,49.4
CARRARO, 26-Aug-2026,532.15,540.9,527.85,538.1,532.15,60548,325.15,3706,31122.0,51.4
CARTRADE, 26-Aug-2026,3140.0,3173.0,3082.0,3142.2,3144.8,233009,7290.29,32132,72710.0,31.2
CARYSIL, 26-Aug-2026,1145.0,1157.3,1132.2,1139.7,1145.2,95531,1090.69,5357,59211.0,61.98
CASHIETF, 26-Aug-2026,1076.89,1076.89,1076.87,1076.87,1076.87,89894,968.05,105,48796.0,54.28
CASTROLIND, 26-Aug-2026,186.86,187.5,185.55,186.75,186.88,1191629,2221.96,32655,866670.0,72.73
CCAVENUE, 26-Aug-2026,15.12,15.35,15.1,15.28,15.06,4849185,740.18,8902,2178303.0,44.92
CCCL, 26-Aug-2026,15.25,15.25,15.01,15.07,15.04,166168,25.05,335,117290.0,70.59
CCHHL, 26-Aug-2026,12.57,13.18,12.42,12.98,12.55,4888,0.63,69,3406.0,69.68
CCL, 26-Aug-2026,1100.0,1104.0,1089.0,1095.2,1099.0,80420,881.77,7081,43245.0,53.77
CDSL, 26-Aug-2026,1395.0,1444.8,1395.0,1434.0,1394.8,3818012,54488.25,89045,1646266.0,43.12
CEATLTD, 26-Aug-2026,3571.8,3617.8,3546.9,3584.3,3532.9,43805,1571.16,8225,16311.0,37.24
CEDAAR, 26-Aug-2026,14.95,15.15,14.25,14.8,14.95,8000,1.18,8,8000.0,100.0
CEIGALL, 26-Aug-2026,327.2,346.0,324.4,337.85,324.35,1327235,4488.72,21022,474473.0,35.75
CEINSYS, 26-Aug-2026,729.0,739.45,723.7,728.2,722.4,50281,367.64,3994,19648.0,39.08
CELEBRITY, 26-Aug-2026,6.93,6.93,6.62,6.7,6.89,12239,0.83,101,10474.0,85.58
CELLECOR, 26-Aug-2026,34.05,34.85,33.5,34.5,33.05,363000,124.8,71,231000.0,63.64
CELLO, 26-Aug-2026,355.7,365.5,352.25,354.45,354.5,469461,1680.27,16130,154718.0,32.96
CELLPOINT, 26-Aug-2026,14.5,16.5,14.5,15.5,16.0,3600,0.56,3,3600.0,100.0
CEMNTGROWW, 26-Aug-2026,14.84,15.2,14.72,15.16,14.84,98524,14.81,306,66485.0,67.48
CEMPRO, 26-Aug-2026,1285.0,1294.0,1261.0,1287.1,1279.9,143061,1831.15,14286,80386.0,56.19
CENTENKA, 26-Aug-2026,555.0,561.0,548.9,557.55,552.0,24562,135.7,2017,13581.0,55.29
CENTEXT, 26-Aug-2026,22.18,22.88,21.8,22.45,22.18,186685,41.68,1011,131870.0,70.64
CENTRALBK, 26-Aug-2026,31.0,31.37,30.64,30.83,30.73,12006169,3717.53,29299,5289965.0,44.06
CENTRUM, 26-Aug-2026,23.25,23.9,22.91,23.12,23.26,419246,97.53,730,279345.0,66.63
CENTUM, 26-Aug-2026,3302.6,3391.2,3267.7,3334.5,3274.8,33857,1126.33,7024,12835.0,37.91
CENTURYPLY, 26-Aug-2026,759.85,762.6,739.1,743.05,757.55,69889,521.19,11881,40520.0,57.98
CERA, 26-Aug-2026,5783.5,5880.0,5711.0,5717.0,5819.0,8781,503.99,1635,5475.0,62.35
CESC, 26-Aug-2026,154.0,156.15,152.95,153.33,154.0,1596604,2460.97,19572,843530.0,52.83
CEWATER, 26-Aug-2026,271.45,275.7,266.05,271.75,265.45,178373,484.43,4744,72975.0,40.91
CFEL, 26-Aug-2026,30.15,35.2,30.15,32.69,30.06,40133,13.06,272,26525.0,66.09
CGCL, 26-Aug-2026,241.58,260.85,240.68,256.35,239.67,30378465,77671.45,212710,4247768.0,13.98
CGPOWER, 26-Aug-2026,880.0,882.5,865.05,865.05,878.5,922161,8046.61,28495,440577.0,47.78
CGRAPHICS, 26-Aug-2026,159.0,161.0,158.4,159.0,155.75,7200,11.48,8,7200.0,100.0
CGVAK, 26-Aug-2026,149.8,151.0,148.06,149.57,148.8,1875,2.79,49,1723.0,91.89
CHALET, 26-Aug-2026,903.8,923.95,892.6,912.45,894.05,548294,5008.78,34906,184286.0,33.61
CHAMBLFERT, 26-Aug-2026,428.9,431.4,425.8,427.55,427.6,565043,2417.56,21110,272042.0,48.15
CHANDAN, 26-Aug-2026,220.0,231.45,220.0,226.25,220.15,25600,57.74,32,17600.0,68.75
CHAVDA, 26-Aug-2026,139.25,143.2,139.05,139.35,138.0,274000,383.39,135,147000.0,53.65
CHEMBOND, 26-Aug-2026,170.5,184.0,170.5,172.12,170.5,5609,9.89,187,3420.0,60.97
CHEMCRUX, 26-Aug-2026,84.6,88.1,83.0,86.72,84.84,3299,2.85,66,2990.0,90.63
CHEMFAB, 26-Aug-2026,374.45,375.0,361.0,367.1,364.85,4111,15.11,143,3259.0,79.28
CHEMICAL, 26-Aug-2026,30.25,30.6,30.14,30.51,30.18,265462,80.59,837,162606.0,61.25
CHEMPLASTS, 26-Aug-2026,179.39,179.39,175.01,177.84,177.82,89079,157.73,2243,46934.0,52.69
CHENNPETRO, 26-Aug-2026,1402.1,1423.2,1367.0,1375.0,1401.2,747711,10387.91,30888,284040.0,37.99
CHEVIOT, 26-Aug-2026,1155.4,1164.0,1150.0,1154.0,1155.4,1042,12.04,154,891.0,85.51
CHOICEGOLD, 26-Aug-2026,159.38,159.93,158.14,158.86,159.38,8018,12.74,129,6466.0,80.64
CHOICEIN, 26-Aug-2026,790.95,794.95,779.0,781.85,788.75,338222,2663.82,5941,83295.0,24.63
CHOLAFIN, 26-Aug-2026,1875.0,1925.0,1868.1,1868.1,1873.0,1362590,25872.59,60280,647334.0,47.51
CHOLAHLDNG, 26-Aug-2026,1548.6,1571.1,1537.9,1559.4,1548.6,112919,1763.38,11511,79148.0,70.09
CIEINDIA, 26-Aug-2026,398.0,398.9,392.65,397.0,395.95,322958,1276.26,19622,199664.0,61.82
CIFL, 26-Aug-2026,20.71,21.59,20.44,20.75,20.87,24444,5.07,163,18923.0,77.41
CINELINE, 26-Aug-2026,90.3,91.4,89.25,89.73,90.35,14373,12.97,118,12159.0,84.6
CINEVISTA, 26-Aug-2026,14.37,14.82,14.15,14.53,14.37,22717,3.28,64,18167.0,79.97
CIPLA, 26-Aug-2026,1413.5,1419.4,1401.1,1402.7,1422.0,915493,12918.84,32902,465399.0,50.84
CITIUSINVT, 26-Aug-2026,115.29,115.29,112.99,113.56,114.13,64970,73.96,1521,49552.0,76.27
CKKRETAIL, 26-Aug-2026,167.0,167.0,160.0,160.0,167.0,11200,18.26,12,7200.0,64.29
CLASSICEIL, 26-Aug-2026,50.9,55.45,50.9,55.25,50.45,62400,33.53,35,54400.0,87.18
CLAYCRAFT, 26-Aug-2026,160.0,160.0,156.0,158.1,159.15,21600,33.94,35,16800.0,77.78
CLEAN, 26-Aug-2026,827.9,839.7,825.5,829.45,821.9,156372,1301.48,12988,61180.0,39.12
CLEANMAX, 26-Aug-2026,1237.5,1243.0,1171.0,1182.3,1233.7,689745,8249.89,51986,326005.0,47.26
CLSEL, 26-Aug-2026,318.0,321.0,306.75,313.2,319.05,242724,763.07,6863,92384.0,38.06
CLSL, 26-Aug-2026,83.65,92.25,83.65,90.8,87.9,40000,35.49,18,40000.0,100.0
CMLL, 26-Aug-2026,517.0,528.65,504.3,509.0,517.25,401288,2055.03,8757,168503.0,41.99
CMNL, 26-Aug-2026,109.5,114.3,109.5,114.3,110.5,7500,8.37,8,6750.0,90.0
CMPDI, 26-Aug-2026,233.45,236.37,229.8,231.79,233.32,661452,1543.53,16424,394472.0,59.64
CMRGREEN, 26-Aug-2026,218.4,220.25,214.79,218.21,217.92,554486,1208.84,8403,301610.0,54.39
CMRSL, 26-Aug-2026,72.0,72.0,72.0,72.0,68.8,800,0.58,1,800.0,100.0
CMSINFO, 26-Aug-2026,246.5,249.3,244.4,246.15,244.85,455029,1120.81,13234,276605.0,60.79
CNL, 26-Aug-2026,1197.0,1240.05,1190.0,1215.4,1186.9,23936,291.5,2828,10088.0,42.15
COALINDIA, 26-Aug-2026,405.0,405.4,401.4,403.5,404.0,5118183,20659.7,51281,3462424.0,67.65
COASTCORP, 26-Aug-2026,40.43,41.39,40.26,40.69,40.45,62545,25.48,760,35968.0,57.51
COCHINSHIP, 26-Aug-2026,1526.0,1555.0,1513.0,1547.0,1518.5,1691548,26069.34,45261,623650.0,36.87
COCKERILL, 26-Aug-2026,8040.0,8070.0,7905.0,8024.5,7889.5,4575,365.93,1150,2626.0,57.4
COFORGE, 26-Aug-2026,1903.6,1937.1,1878.6,1880.0,1892.8,1622085,30871.89,50690,759938.0,46.85
COHANCE, 26-Aug-2026,450.15,467.2,449.3,462.35,445.4,1018072,4691.78,27646,366992.0,36.05
COLPAL, 26-Aug-2026,1876.9,1883.4,1860.0,1860.0,1876.8,227479,4252.39,24649,121908.0,53.59
COMFINTE, 26-Aug-2026,6.33,6.33,6.01,6.08,6.08,169601,10.32,370,129558.0,76.39
COMMOIETF, 26-Aug-2026,100.98,100.98,100.23,100.6,99.99,50941,51.2,1464,37546.0,73.7
COMPEAU, 26-Aug-2026,358.55,358.55,342.0,351.15,351.5,670,2.34,63,578.0,86.27
COMPUSOFT, 26-Aug-2026,13.4,13.4,13.09,13.29,13.19,22238,2.93,149,20529.0,92.31
COMSYN, 26-Aug-2026,287.68,294.0,286.55,288.72,287.68,112948,326.62,1032,93652.0,82.92
CONCOR, 26-Aug-2026,515.65,524.25,514.75,517.0,516.0,2059514,10666.43,27066,1046508.0,50.81
CONCORDBIO, 26-Aug-2026,1566.7,1575.8,1537.0,1542.2,1548.0,55487,862.53,8782,27069.0,48.78
CONFIPET, 26-Aug-2026,77.8,82.5,77.7,79.69,77.85,7543729,6086.31,37658,3243045.0,42.99
CONNPLEX, 26-Aug-2026,228.0,231.5,225.3,226.4,228.0,16800,38.23,21,12800.0,76.19
CONS, 26-Aug-2026,12.44,12.47,12.36,12.4,12.38,9465,1.17,96,7657.0,80.9
CONSUMAXIS, 26-Aug-2026,125.0,125.0,123.53,123.95,125.0,1267,1.57,37,595.0,46.96
CONSUMBEES, 26-Aug-2026,134.82,134.95,133.0,133.77,134.3,61298,82.34,1113,42915.0,70.01
CONSUMER, 26-Aug-2026,12.64,12.64,12.32,12.36,12.39,165697,20.55,305,102301.0,61.74
CONSUMIETF, 26-Aug-2026,125.9,125.9,123.46,124.48,124.89,3381,4.22,206,2172.0,64.24
CONTI, 26-Aug-2026,11.5,11.5,11.0,11.0,11.2,139986,15.93,4,139986.0,100.0
CONTROLPR, 26-Aug-2026,605.2,612.65,593.55,601.3,605.2,36514,219.7,2662,22818.0,62.49
COOLCAPS, 26-Aug-2026,20.65,20.65,19.85,19.85,20.85,38750,7.75,21,38750.0,100.0
CORALFINAC, 26-Aug-2026,34.75,34.9,33.61,34.18,34.12,53930,18.49,1482,8800.0,16.32
CORDELIA, 26-Aug-2026,104.1,109.65,104.1,109.5,104.45,2446946,2664.19,11619,906327.0,37.04
COROMANDEL, 26-Aug-2026,1922.9,1979.4,1895.4,1949.7,1913.6,292075,5697.54,28025,152741.0,52.3
CORONA, 26-Aug-2026,2097.0,2124.7,2074.2,2103.1,2097.3,14498,305.14,2461,7539.0,52.0
COSMOFIRST, 26-Aug-2026,940.0,978.8,920.1,924.3,930.65,108620,1029.24,7870,40649.0,37.42
CPCAP, 26-Aug-2026,120.12,121.14,112.0,115.77,120.72,10116,11.97,284,5580.0,55.16
CPEDU, 26-Aug-2026,178.1,188.0,174.0,185.09,178.04,5806,10.55,434,3271.0,56.34
CPL, 26-Aug-2026,67.89,67.89,65.55,66.08,67.21,131461,87.25,915,9873.0,7.51
CPPLUS, 26-Aug-2026,3418.0,3548.0,3400.1,3530.3,3393.5,217905,7582.03,24697,135946.0,62.39
CPS, 26-Aug-2026,1102.0,1102.0,1102.0,1102.0,1102.0,750,8.27,4,750.0,100.0
CPSEETF, 26-Aug-2026,93.78,94.73,93.1,93.19,93.78,1166522,1089.77,7463,873074.0,74.84
CRAFTSMAN, 26-Aug-2026,10419.0,10570.5,10368.0,10539.0,10375.0,19603,2051.26,6420,10203.0,52.05
CRAMC, 26-Aug-2026,257.0,262.5,257.0,260.6,256.55,164425,428.72,6459,81053.0,49.29
CRAVATEX, 26-Aug-2026,330.0,360.0,300.0,334.95,345.0,1130,3.74,64,749.0,66.28
CRAYONS, 26-Aug-2026,26.6,26.6,26.25,26.25,26.6,2000,0.53,2,2000.0,100.0
CREATIVEYE, 26-Aug-2026,6.39,6.4,6.0,6.32,6.15,11899,0.73,41,11831.0,99.43
CREDENT, 26-Aug-2026,337.55,355.35,325.7,355.35,338.45,248400,847.09,321,187800.0,75.6
CREDITACC, 26-Aug-2026,1422.5,1454.4,1404.3,1440.2,1415.5,303214,4350.22,38573,174380.0,57.51
CREST, 26-Aug-2026,357.95,378.0,357.95,372.35,358.7,18578,68.43,209,14269.0,76.81
CRISIL, 26-Aug-2026,4499.1,4535.0,4452.1,4513.4,4480.0,20984,945.7,5404,11349.0,54.08
CRIZAC, 26-Aug-2026,178.0,179.8,175.81,178.83,177.08,196336,350.13,3405,97018.0,49.41
CROMPTON, 26-Aug-2026,245.0,245.0,235.4,238.25,243.0,11453734,27347.81,70378,6290331.0,54.92
CROWN, 26-Aug-2026,106.0,106.0,105.0,105.28,104.31,5491,5.78,76,5127.0,93.37
CSBBANK, 26-Aug-2026,339.0,349.0,339.0,347.75,339.35,483610,1670.21,17685,245310.0,50.72
CSLFINANCE, 26-Aug-2026,229.4,233.23,224.5,229.74,229.48,31846,73.26,396,26349.0,82.74
CSM, 26-Aug-2026,97.24,98.79,96.11,96.85,97.56,305370,297.47,1313,273719.0,89.64
CSSL, 26-Aug-2026,94.05,94.05,90.0,92.1,94.45,24000,22.11,15,24000.0,100.0
CUB, 26-Aug-2026,222.0,227.69,221.95,226.8,221.6,2348389,5294.37,38397,1040864.0,44.32
CUBEINVIT, 26-Aug-2026,156.0,157.1,156.0,156.11,156.42,175938,274.8,4594,166389.0,94.57
CUBEXTUB, 26-Aug-2026,79.0,79.2,77.0,77.87,79.07,41153,32.18,1391,17920.0,43.54
CUDML, 26-Aug-2026,104.0,106.25,100.1,102.4,104.1,18000,18.42,17,18000.0,100.0
CUMMINSIND, 26-Aug-2026,5125.0,5237.0,5125.0,5200.0,5239.5,714039,36953.71,40600,443722.0,62.14
CUPID, 26-Aug-2026,282.61,285.0,281.05,283.99,281.76,10330132,29269.71,86849,3037588.0,29.41
CURAA, 26-Aug-2026,72.3,73.0,67.41,69.11,72.3,601,0.42,28,412.0,68.55
CURIS, 26-Aug-2026,126.1,126.1,122.4,125.6,126.0,16000,19.9,11,13000.0,81.25
CYBERMEDIA, 26-Aug-2026,19.19,19.19,18.0,18.17,18.67,18675,3.45,212,15129.0,81.01
CYIENT, 26-Aug-2026,994.0,1056.0,984.5,1047.7,979.05,11712766,121454.23,291808,1856153.0,15.85
CYIENTDLM, 26-Aug-2026,771.6,804.3,765.25,797.9,769.35,1097395,8683.3,56731,491460.0,44.78
DABUR, 26-Aug-2026,395.6,397.5,392.2,392.2,395.05,1276848,5039.43,31569,714951.0,55.99
DAICHI, 26-Aug-2026,339.0,349.0,328.1,343.25,339.15,2655,9.0,88,2279.0,85.84
DALBHARAT, 26-Aug-2026,1815.0,1913.0,1808.0,1898.0,1824.0,332647,6259.18,25370,112385.0,33.79
DALMIASUG, 26-Aug-2026,472.0,488.0,466.25,481.1,470.25,352190,1679.89,13282,123173.0,34.97
DAMCAPITAL, 26-Aug-2026,149.95,153.39,148.63,150.02,149.38,734604,1105.83,9024,291126.0,39.63
DANGEE, 26-Aug-2026,2.89,2.93,2.8,2.82,2.83,81776,2.32,140,72521.0,88.68
DANISH, 26-Aug-2026,810.0,812.85,790.0,800.8,805.6,13350,106.79,62,11100.0,83.15
DATAMATICS, 26-Aug-2026,802.55,809.15,793.6,798.7,799.2,37855,302.67,2635,19064.0,50.36
DATAPATTNS, 26-Aug-2026,4557.5,4840.9,4556.0,4779.4,4542.3,1607503,76232.11,116516,202226.0,12.58
DAVANGERE, 26-Aug-2026,2.92,2.92,2.56,2.65,2.88,24777676,683.39,8717,14539625.0,58.68
DBCORP, 26-Aug-2026,205.99,206.61,202.3,203.71,205.43,64818,132.9,1334,41439.0,63.93
DBL, 26-Aug-2026,415.9,422.4,413.5,413.9,414.85,73488,305.49,2195,40096.0,54.56
DBOL, 26-Aug-2026,128.66,130.11,127.1,127.73,128.94,169388,217.01,2629,86281.0,50.94
DBREALTY, 26-Aug-2026,107.65,111.3,105.5,106.34,107.28,1573921,1698.97,10717,888368.0,56.44
DCAL, 26-Aug-2026,173.0,176.2,171.05,175.27,172.05,419632,728.16,3565,233794.0,55.71
DCBBANK, 26-Aug-2026,210.0,220.1,209.24,213.83,207.37,10444131,22448.98,76973,3385043.0,32.41
DCCL, 26-Aug-2026,46.0,46.0,46.0,46.0,46.1,2000,0.92,1,2000.0,100.0
DCG, 26-Aug-2026,55.5,55.5,55.5,55.5,54.1,1200,0.67,1,1200.0,100.0
DCI, 26-Aug-2026,374.95,413.95,374.95,402.8,370.15,157146,635.22,4795,49797.0,31.69
DCMFINSERV, 26-Aug-2026,5.33,5.5,5.21,5.34,5.33,7018,0.38,92,5783.0,82.4
DCMNVL, 26-Aug-2026,176.05,189.3,172.7,189.18,180.29,54471,102.4,569,44298.0,81.32
DCMSHRIRAM, 26-Aug-2026,1050.3,1060.0,1041.1,1050.1,1052.9,77538,812.49,7043,37747.0,48.68
DCMSIL, 26-Aug-2026,79.75,79.85,74.51,75.25,77.8,36610,28.01,321,25939.0,70.85
DCMSRIND, 26-Aug-2026,50.3,51.38,47.28,47.84,50.5,269328,131.19,1446,137585.0,51.08
DCW, 26-Aug-2026,45.38,47.9,45.38,46.78,45.38,1911314,890.14,7667,977789.0,51.16
DCXINDIA, 26-Aug-2026,173.52,178.36,173.52,176.11,173.76,318726,562.05,4859,120183.0,37.71
DDEVPLSTIK, 26-Aug-2026,278.0,281.95,275.05,276.25,276.05,39368,108.96,1191,27974.0,71.06
DECCANCE, 26-Aug-2026,562.45,592.5,562.45,577.15,564.05,74539,433.26,1888,57966.0,77.77
DECCANTRAN, 26-Aug-2026,21.75,21.75,21.55,21.7,21.0,21600,4.67,5,20400.0,94.44
DECNGOLD, 26-Aug-2026,234.0,234.65,228.0,230.96,232.84,1430774,3308.25,16468,603578.0,42.19
DEEDEV, 26-Aug-2026,647.0,653.0,634.65,637.0,647.8,106385,684.12,4650,65308.0,61.39
DEEM, 26-Aug-2026,41.0,41.0,41.0,41.0,40.4,1000,0.41,1,1000.0,100.0
DEEP, 26-Aug-2026,36.08,38.93,36.0,38.01,36.08,9332,3.54,82,7643.0,81.9
DEEPAKFERT, 26-Aug-2026,1473.3,1486.9,1463.7,1479.3,1460.0,190453,2815.43,18288,90217.0,47.37
DEEPAKNTR, 26-Aug-2026,1755.6,1800.9,1755.6,1776.7,1751.0,433959,7738.86,26805,199105.0,45.88
DEEPINDS, 26-Aug-2026,650.05,671.9,626.05,664.65,649.65,382203,2500.92,14002,140882.0,36.86
DEFENCE, 26-Aug-2026,84.03,84.03,82.16,82.77,82.38,174683,144.39,935,83954.0,48.06
DELAPLEX, 26-Aug-2026,82.0,84.5,82.0,84.5,81.1,7200,5.99,12,6600.0,91.67
DELHIVERY, 26-Aug-2026,447.75,452.15,445.05,449.0,447.95,1328722,5975.08,17078,776409.0,58.43
DELTACORP, 26-Aug-2026,62.4,62.44,60.5,60.72,61.52,691986,423.75,4411,254633.0,36.8
DELTAMAGNT, 26-Aug-2026,58.7,58.7,56.54,57.83,56.63,399,0.23,55,239.0,59.9
DELTIC, 26-Aug-2026,35.0,35.0,34.1,34.9,35.1,6000,2.08,6,5000.0,83.33
DEN, 26-Aug-2026,27.74,28.5,27.2,27.68,28.12,270369,75.68,1482,175763.0,65.01
DENEERS, 26-Aug-2026,168.5,176.9,168.5,173.1,168.5,21000,36.22,27,16800.0,80.0
DENORA, 26-Aug-2026,824.4,839.0,802.3,811.6,824.4,2536,20.79,279,1986.0,78.31
DENTA, 26-Aug-2026,286.0,288.8,282.05,285.6,284.75,69345,197.42,2045,30177.0,43.52
DENTALKART, 26-Aug-2026,417.6,424.95,408.0,423.45,417.9,6500,27.25,22,4500.0,69.23
DEVIT, 26-Aug-2026,25.49,26.0,25.2,25.46,25.41,26298,6.69,267,18386.0,69.91
DEVX, 26-Aug-2026,33.82,35.9,33.82,34.71,33.97,157513,54.65,1025,111573.0,70.83
DEVYANI, 26-Aug-2026,151.02,154.99,148.31,149.36,149.9,5229223,7934.99,45343,1956790.0,37.42
DGCONTENT, 26-Aug-2026,24.5,25.0,24.2,24.23,24.58,9267,2.29,74,7426.0,80.13
DHAMPURSUG, 26-Aug-2026,179.0,185.01,177.06,183.67,179.72,928474,1687.41,16044,320331.0,34.5
DHANBANK, 26-Aug-2026,33.25,33.55,33.05,33.21,33.12,339666,112.97,1760,172623.0,50.82
DHANLAXMI, 26-Aug-2026,25.25,26.0,25.0,26.0,24.6,28000,7.04,5,24000.0,85.71
DHANSA, 26-Aug-2026,23.5,23.65,23.5,23.65,22.55,46000,10.85,19,36000.0,78.26
DHANUKA, 26-Aug-2026,983.7,993.9,980.6,985.2,983.7,16627,163.98,2040,10838.0,65.18
DHARARAIL, 26-Aug-2026,149.9,149.95,147.0,149.95,149.95,5000,7.47,3,5000.0,100.0
DHARIWAL, 26-Aug-2026,17.1,17.95,16.7,17.95,17.1,234000,41.87,48,165000.0,70.51
DHARMAJ, 26-Aug-2026,270.5,272.5,266.35,269.55,271.25,187154,505.43,1015,176802.0,94.47
DHATRE, 26-Aug-2026,4.27,4.48,4.21,4.29,4.27,19573,0.85,137,15984.0,81.66
DHOOTTRANS, 26-Aug-2026,1526.05,1665.2,1512.2,1575.55,1521.75,8209205,130359.83,298542,693801.0,8.45
DHRUV, 26-Aug-2026,23.47,24.62,23.47,24.5,23.47,5484,1.34,65,5085.0,92.72
DHUNINV, 26-Aug-2026,980.0,1151.75,980.0,1115.9,959.8,63610,706.54,4455,11276.0,17.73
DIAMINESQ, 26-Aug-2026,245.0,248.0,240.07,245.24,248.17,4702,11.5,222,2575.0,54.76
DIAMONDYD, 26-Aug-2026,1169.3,1180.9,1155.4,1167.3,1165.2,14849,173.34,2520,6570.0,44.25
DICIND, 26-Aug-2026,603.85,606.0,587.65,601.95,594.6,1925,11.54,139,1399.0,72.68
DIFFNKG, 26-Aug-2026,390.8,399.6,387.05,388.8,392.05,46186,180.3,1252,28197.0,61.05
DIGIDRIVE, 26-Aug-2026,17.96,18.2,17.35,17.95,17.71,47966,8.63,205,44964.0,93.74
DIGIKORE, 26-Aug-2026,36.65,38.3,36.65,37.9,37.7,19200,7.21,34,13200.0,68.75
DIGISPICE, 26-Aug-2026,17.09,17.25,16.72,16.93,16.86,31197,5.29,117,28124.0,90.15
DIGITIDE, 26-Aug-2026,100.0,104.15,99.7,101.83,99.91,497677,508.73,4653,206532.0,41.5
DIGJAMLMTD, 26-Aug-2026,50.7,52.93,50.7,51.73,50.66,18888,9.77,58,17396.0,92.1
DISAQ, 26-Aug-2026,12010.0,12052.0,11905.0,11974.0,11906.0,261,31.23,210,84.0,32.18
DISHTV, 26-Aug-2026,2.75,2.78,2.73,2.75,2.73,735011,20.26,826,640773.0,87.18
DIVGIITTS, 26-Aug-2026,1190.35,1205.95,1161.15,1175.9,1190.35,79413,934.22,9846,36522.0,45.99
DIVIDEND, 26-Aug-2026,35.92,36.09,35.81,35.84,35.77,2026,0.73,56,1621.0,80.01
DIVINEHIRA, 26-Aug-2026,110.55,119.5,110.5,118.0,114.4,36000,41.17,26,24000.0,66.67
DIVISLAB, 26-Aug-2026,8739.5,9043.0,8701.0,9025.0,8744.5,708128,63250.79,52985,327325.0,46.22
DIVOPPBEES, 26-Aug-2026,78.04,78.28,77.68,77.91,77.76,20951,16.34,487,10307.0,49.2
DIXON, 26-Aug-2026,14850.0,14983.0,14720.0,14735.0,14990.0,429021,63606.68,61664,176288.0,41.09
DJML, 26-Aug-2026,73.5,77.0,70.61,75.16,73.26,492250,366.83,6844,162294.0,32.97
DLF, 26-Aug-2026,688.0,690.4,672.5,672.5,682.95,2143983,14605.9,48592,1009420.0,47.08
DLINKINDIA, 26-Aug-2026,448.75,450.45,442.0,443.8,448.75,43506,193.18,2033,24295.0,55.84
DMART, 26-Aug-2026,3922.9,3935.5,3737.2,3826.9,3909.6,2373823,90362.4,79945,1010374.0,42.56
DMCC, 26-Aug-2026,284.0,292.15,281.75,285.9,282.1,45583,131.08,1750,18727.0,41.08
DNAMEDIA, 26-Aug-2026,2.89,2.89,2.52,2.58,2.56,52366,1.37,127,20856.0,39.83
DODLA, 26-Aug-2026,1110.5,1122.7,1088.0,1094.0,1110.4,15728,173.35,4348,9026.0,57.39
DOLATALGO, 26-Aug-2026,74.49,76.0,74.48,74.58,74.49,166396,124.56,1143,118058.0,70.95
DOLLAR, 26-Aug-2026,275.3,276.6,270.25,270.9,274.6,50245,136.81,1513,32943.0,65.56
DOLLEX, 26-Aug-2026,35.3,35.3,33.05,33.25,33.8,120000,40.16,17,96000.0,80.0
DOLPHIN, 26-Aug-2026,619.2,624.0,597.4,613.3,610.25,44112,270.68,1307,28959.0,65.65
DOMS, 26-Aug-2026,2216.7,2232.0,2190.2,2204.0,2212.3,30106,666.86,4217,16956.0,56.32
DONEAR, 26-Aug-2026,85.77,85.79,83.7,84.25,84.73,10819,9.14,238,8393.0,77.58
DPABHUSHAN, 26-Aug-2026,1455.2,1509.9,1452.0,1506.1,1459.5,25272,375.09,2448,11842.0,46.86
DPEL, 26-Aug-2026,570.0,572.9,566.1,566.1,565.4,14500,82.5,23,10500.0,72.41
DRAGARWQ, 26-Aug-2026,5375.0,5375.0,5205.5,5246.0,5328.5,1726,91.01,637,852.0,49.36
DRCSYSTEMS, 26-Aug-2026,12.9,12.99,12.67,12.76,12.9,38842,4.97,223,30618.0,78.83
DREAMFOLKS, 26-Aug-2026,67.05,69.85,66.5,68.77,67.42,64740,44.02,1383,31577.0,48.78
DREDGECORP, 26-Aug-2026,1102.0,1145.0,1100.0,1131.1,1100.2,209073,2360.73,12397,69170.0,33.08
DRONE, 26-Aug-2026,35.8,36.5,35.05,36.15,35.8,32000,11.49,43,25000.0,78.13
DRREDDY, 26-Aug-2026,1189.9,1197.2,1180.1,1182.0,1193.5,1993156,23696.82,56924,1159893.0,58.19
DRSDILIP, 26-Aug-2026,107.0,107.0,107.0,107.0,108.0,800,0.86,1,800.0,100.0
DSSL, 26-Aug-2026,1090.0,1100.0,1055.0,1073.5,1089.2,27862,299.98,2594,18895.0,67.82
DTIL, 26-Aug-2026,172.0,183.22,165.12,183.22,152.69,450987,811.43,7297,113002.0,25.06
DUCON, 26-Aug-2026,2.36,2.42,2.22,2.35,2.4,1585760,36.74,1366,1204785.0,75.98
DUGLOBAL, 26-Aug-2026,27.8,27.8,25.5,25.55,25.4,40000,10.58,15,35000.0,87.5
DURLAX, 26-Aug-2026,65.8,69.0,65.15,68.05,67.85,164000,110.93,61,128000.0,78.05
DVL, 26-Aug-2026,282.5,304.0,282.5,294.44,280.89,124078,367.14,3859,38317.0,30.88
DWARKESH, 26-Aug-2026,54.0,55.66,52.0,53.75,53.94,6188591,3328.51,25716,897774.0,14.51
DYCL, 26-Aug-2026,432.0,460.0,431.05,458.9,428.25,671640,3026.82,18175,262647.0,39.11
DYNAMATECH, 26-Aug-2026,11510.0,11708.0,11397.0,11510.0,11514.0,10220,1183.73,3513,4707.0,46.06
DYNAMIC, 26-Aug-2026,141.0,141.0,141.0,141.0,141.6,500,0.71,1,500.0,100.0
DYNPRO, 26-Aug-2026,229.0,233.45,229.0,231.1,228.95,2421,5.61,133,1669.0,68.94
E2ERAIL, 26-Aug-2026,283.2,288.2,281.25,285.0,278.75,25600,72.82,28,18400.0,71.88
EASEMYTRIP, 26-Aug-2026,6.14,6.19,6.12,6.14,6.11,6416247,394.75,5344,2957582.0,46.1
EASTWEST, 26-Aug-2026,2.54,2.68,2.35,2.5,2.48,118409,3.08,155,79422.0,67.07
EBANK10, 26-Aug-2026,16.85,17.01,16.85,17.01,16.85,5388,0.91,9,5271.0,97.83
EBANKNIFTY, 26-Aug-2026,58.39,58.64,58.32,58.53,58.1,860,0.5,18,824.0,95.81
EBBETF0430, 26-Aug-2026,1618.0,1618.0,1601.0,1606.44,1609.41,11925,191.49,304,9901.0,83.03
EBBETF0431, 26-Aug-2026,1433.5,1439.65,1425.06,1433.08,1433.54,4812,68.99,102,4190.0,87.07
EBBETF0433, 26-Aug-2026,1310.96,1314.0,1309.0,1311.88,1310.96,1914,25.1,94,1688.0,88.19
EBGNG, 26-Aug-2026,587.9,595.45,572.0,577.2,584.75,277081,1603.77,11365,148432.0,53.57
EBIX, 26-Aug-2026,22.83,22.83,20.67,21.37,21.75,483561,103.27,2608,248122.0,51.31
ECAPINSURE, 26-Aug-2026,24.56,24.56,24.46,24.5,24.32,50735,12.43,156,47402.0,93.43
ECLERX, 26-Aug-2026,1891.4,1962.5,1891.4,1944.0,1879.5,390435,7570.31,32363,150415.0,38.52
ECOLINE, 26-Aug-2026,180.1,182.9,180.0,181.0,183.0,3000,5.43,3,3000.0,100.0
ECORECO, 26-Aug-2026,459.9,464.0,449.3,456.95,450.25,8130,37.46,432,5798.0,71.32
EDELWEISS, 26-Aug-2026,128.96,129.99,126.9,127.47,128.15,1909914,2449.13,17869,849218.0,44.46
EEPL, 26-Aug-2026,152.0,170.0,152.0,169.75,154.6,248000,415.88,186,152000.0,61.29
EFACTOR, 26-Aug-2026,190.7,200.5,190.7,200.0,199.5,2800,5.56,6,2000.0,71.43
EFCIL, 26-Aug-2026,202.61,209.0,197.5,205.74,199.87,677057,1387.09,11549,268313.0,39.63
EFFWA, 26-Aug-2026,333.0,333.0,325.0,331.0,322.0,18400,60.85,29,18000.0,97.83
EFORCE, 26-Aug-2026,20.0,20.0,19.1,19.45,20.35,20400,3.99,17,14400.0,70.59
EGOLD, 26-Aug-2026,160.1,160.95,159.5,159.75,160.3,189737,304.54,676,166795.0,87.91
EICHERMOT, 26-Aug-2026,8048.0,8112.0,8031.5,8035.0,8055.0,198320,16007.77,21875,124194.0,62.62
EIDPARRY, 26-Aug-2026,816.8,816.8,795.0,796.35,810.4,482398,3870.75,19672,180764.0,37.47
EIEL, 26-Aug-2026,195.65,201.89,194.81,200.69,194.71,688902,1367.87,11046,267272.0,38.8
EIHAHOTELS, 26-Aug-2026,302.6,304.0,299.75,301.95,300.8,9498,28.69,765,6423.0,67.62
EIHOTEL, 26-Aug-2026,303.0,306.0,302.5,303.5,302.75,47993,145.88,2897,22937.0,47.79
EIMCOELECO, 26-Aug-2026,2223.0,2260.0,2193.0,2205.6,2237.6,27545,612.79,3481,12341.0,44.8
EKC, 26-Aug-2026,111.6,111.79,109.93,110.15,111.21,102675,113.54,1554,62314.0,60.69
EKI, 26-Aug-2026,77.99,77.99,75.5,76.52,75.92,4597,3.53,155,2700.0,58.73
ELANTAS, 26-Aug-2026,11699.0,11859.0,11424.0,11563.0,11660.0,1523,177.89,614,865.0,56.8
ELCIDIN, 26-Aug-2026,109000.0,109985.0,109000.0,109000.0,109000.0,9,9.82,5,9.0,100.0
ELDEHSG, 26-Aug-2026,787.0,820.0,787.0,799.55,809.75,453,3.62,44,381.0,84.11
ELECON, 26-Aug-2026,428.35,433.0,424.0,425.3,426.25,230208,983.54,9027,111333.0,48.36
ELECTCAST, 26-Aug-2026,76.85,79.69,76.65,77.65,76.59,4386901,3448.06,27377,1982828.0,45.2
ELECTHERM, 26-Aug-2026,1048.9,1075.0,1021.0,1038.3,1049.0,9874,104.03,895,4777.0,48.38
ELGIEQUIP, 26-Aug-2026,614.9,619.0,607.4,617.55,610.25,300039,1840.61,23101,143800.0,47.93
ELGIRUBCO, 26-Aug-2026,59.82,59.82,58.03,58.39,59.82,51961,30.47,1272,18998.0,36.56
ELGNZ, 26-Aug-2026,90.0,100.75,90.0,99.95,91.6,215000,209.06,147,141000.0,65.58
ELIN, 26-Aug-2026,98.89,104.49,97.61,100.27,98.22,335886,339.83,3275,156120.0,46.48
ELIQUID, 26-Aug-2026,1045.19,1045.19,1045.17,1045.17,1045.18,28561,298.51,13,22999.0,80.53
ELITECON, 26-Aug-2026,13.88,14.27,12.39,12.39,13.76,8073193,1022.96,13773,4954501.0,61.37
ELLEN, 26-Aug-2026,315.15,331.75,314.25,321.25,315.1,579562,1880.93,10544,241221.0,41.62
ELM250, 26-Aug-2026,17.18,17.18,16.75,16.93,16.83,280711,47.55,181,272215.0,96.97
ELMDIV, 26-Aug-2026,36.99,37.1,36.89,37.1,37.07,1013,0.37,9,686.0,67.72
ELPROINTL, 26-Aug-2026,174.51,176.26,174.0,174.6,174.51,10307,17.99,145,6994.0,67.86
EMAMILTD, 26-Aug-2026,403.5,413.5,400.15,401.45,402.7,2020394,8200.15,28382,1533587.0,75.91
EMAMIREAL, 26-Aug-2026,68.21,70.7,68.07,68.22,68.21,19709,13.59,249,13435.0,68.17
EMAPARTNER, 26-Aug-2026,85.2,90.0,85.2,88.8,82.05,20000,17.61,20,19000.0,95.0
EMBASSY, 26-Aug-2026,436.0,441.9,435.21,439.92,435.22,755966,3316.62,35710,691261.0,91.44
EMBDL, 26-Aug-2026,63.0,63.56,62.02,62.18,62.73,832159,520.62,4841,382734.0,45.99
EMCURE, 26-Aug-2026,1855.0,1873.9,1846.3,1862.3,1846.9,74864,1390.9,10355,46461.0,62.06
EMETAL, 26-Aug-2026,13.34,13.58,13.33,13.51,13.34,42312,5.68,34,30872.0,72.96
EMIL, 26-Aug-2026,180.01,186.1,179.04,184.54,180.34,1160202,2129.41,12139,484005.0,41.72
EMKAY, 26-Aug-2026,239.01,245.76,237.6,239.24,241.66,22380,53.89,540,11864.0,53.01
EMKAYTOOLS, 26-Aug-2026,91.5,95.5,91.0,91.15,95.0,2100,1.93,13,1200.0,57.14
EMMIL, 26-Aug-2026,120.05,122.8,120.0,122.8,120.15,2000,2.41,7,1500.0,75.0
EMMVEE, 26-Aug-2026,336.0,337.8,331.25,332.95,333.7,1175486,3927.28,32490,577099.0,49.09
EMPIND, 26-Aug-2026,1211.0,1227.8,1206.0,1221.8,1207.6,4131,50.3,545,2714.0,65.7
EMPOWER, 26-Aug-2026,2.34,2.34,2.34,2.34,2.46,2078906,48.65,838,2078906.0,100.0
EMSLIMITED, 26-Aug-2026,382.55,386.0,374.55,375.75,381.05,184374,698.94,4824,88512.0,48.01
EMUDHRA, 26-Aug-2026,543.5,560.05,540.75,543.8,543.5,124345,685.13,4514,60254.0,48.46
EMULTIMQ, 26-Aug-2026,42.3,42.5,42.26,42.39,42.02,16442,6.96,104,15841.0,96.34
ENCOMPAS, 26-Aug-2026,244.0,244.0,239.0,243.0,244.7,2000,4.83,5,2000.0,100.0
ENDURANCE, 26-Aug-2026,3019.6,3019.7,2975.0,2986.0,2987.5,55542,1662.77,9838,32132.0,57.85
ENERGY, 26-Aug-2026,38.95,38.95,38.37,38.4,38.45,200764,77.32,744,108228.0,53.91
ENERGYDEV, 26-Aug-2026,16.17,16.57,16.09,16.12,16.01,13496,2.2,181,8416.0,62.36
ENEXT50, 26-Aug-2026,74.37,74.37,74.37,74.37,74.0,52,0.04,4,52.0,100.0
ENFUSE, 26-Aug-2026,165.0,170.0,160.0,160.0,155.0,2400,3.94,4,1800.0,75.0
ENGINERSIN, 26-Aug-2026,250.99,253.92,248.85,250.36,250.38,1355001,3395.45,21988,692908.0,51.14
ENIFTY, 26-Aug-2026,25.01,25.01,24.5,24.5,24.4,113021,27.8,70,69674.0,61.65
ENIL, 26-Aug-2026,103.9,108.95,103.9,106.99,102.18,61111,64.9,924,43338.0,70.92
ENKEIWHEL, 26-Aug-2026,415.0,415.8,403.05,404.8,416.4,337,1.38,18,286.0,84.87
ENRIN, 26-Aug-2026,3406.5,3414.0,3302.1,3325.9,3389.6,554182,18529.49,48597,285653.0,51.54
ENSER, 26-Aug-2026,15.55,15.7,14.5,14.9,15.4,50000,7.66,10,45000.0,90.0
ENTERO, 26-Aug-2026,1633.0,1664.9,1620.0,1648.0,1633.0,305867,5034.77,22092,130496.0,42.66
ENVIRO, 26-Aug-2026,70.05,70.3,69.05,69.2,70.1,31000,21.62,25,25000.0,80.65
EPACK, 26-Aug-2026,202.0,202.85,198.0,199.16,199.91,363387,727.13,4987,165925.0,45.66
EPACKPEB, 26-Aug-2026,236.6,236.7,230.8,232.15,236.1,217850,508.47,3691,92021.0,42.24
EPIGRAL, 26-Aug-2026,1240.8,1255.0,1232.3,1249.2,1240.9,56086,698.48,6011,28470.0,50.76
EPL, 26-Aug-2026,260.8,262.88,252.76,254.26,258.32,1037066,2666.27,28351,504419.0,48.64
EQUAL200, 26-Aug-2026,14.07,14.14,14.06,14.06,14.05,32383,4.57,44,29229.0,90.26
EQUAL50, 26-Aug-2026,336.14,336.43,334.73,334.73,335.43,860,2.88,16,431.0,50.12
EQUAL50ADD, 26-Aug-2026,346.67,348.25,346.14,346.78,346.64,10065,34.93,316,5091.0,50.58
EQUITASBNK, 26-Aug-2026,75.5,75.93,74.86,75.23,75.06,1480965,1116.73,13725,895704.0,60.48
ERIS, 26-Aug-2026,1310.0,1324.4,1304.0,1310.7,1309.6,84947,1113.18,15135,56678.0,66.72
ESABINDIA, 26-Aug-2026,6172.0,6262.5,6134.0,6163.0,6168.5,4114,254.79,1114,2192.0,53.28
ESCONET, 26-Aug-2026,196.15,196.15,184.05,190.35,192.3,20400,38.77,45,12000.0,58.82
ESCORTS, 26-Aug-2026,3070.0,3094.4,3056.0,3067.0,3064.8,21797,668.65,5048,9704.0,44.52
ESENSEX, 26-Aug-2026,78.32,78.85,77.98,78.43,78.32,620,0.49,16,513.0,82.74
ESFL, 26-Aug-2026,122.05,122.05,118.0,121.7,121.45,13320,15.87,28,11160.0,83.78
ESG, 26-Aug-2026,41.96,42.1,41.73,41.76,41.87,36166,15.11,54,31431.0,86.91
ESILVER, 26-Aug-2026,242.98,242.98,239.6,239.97,239.15,19739,47.63,5160,5182.0,26.25
ESPRIT, 26-Aug-2026,66.25,69.25,65.5,66.0,65.75,19200,12.75,10,9600.0,50.0
ESSARSHPNG, 26-Aug-2026,16.85,16.99,16.69,16.91,16.62,160535,27.05,660,104080.0,64.83
ESSENTIA, 26-Aug-2026,1.12,1.14,1.08,1.08,1.13,8859713,97.19,1461,6571757.0,74.18
ESTER, 26-Aug-2026,95.51,96.95,92.83,93.31,95.86,81849,77.02,1480,51050.0,62.37
ETERNAL, 26-Aug-2026,330.0,332.0,325.0,327.0,331.0,39246846,128643.33,192777,27101875.0,69.05
ETHOSLTD, 26-Aug-2026,2894.7,2904.9,2849.7,2879.4,2894.7,24107,693.55,5878,8802.0,36.51
ETL, 26-Aug-2026,1040.0,1040.0,995.0,1001.1,1078.0,1350,13.65,8,1200.0,88.89
ETML, 26-Aug-2026,85.0,85.0,82.4,82.4,81.55,10800,8.97,6,8400.0,77.78
EUREKAFORB, 26-Aug-2026,413.0,428.1,410.0,425.45,410.35,184973,781.25,9375,117644.0,63.6
EUROBOND, 26-Aug-2026,160.0,160.0,151.85,155.54,153.56,4469,6.86,146,3434.0,76.84
EUROPRATIK, 26-Aug-2026,262.0,266.3,258.0,259.95,261.25,193012,502.47,3912,41732.0,21.62
EVEREADY, 26-Aug-2026,341.5,347.95,335.75,345.65,341.75,58003,199.82,1748,25659.0,44.24
EVIETF, 26-Aug-2026,34.16,34.16,33.5,33.57,33.49,164114,55.1,476,131189.0,79.94
EVINDIA, 26-Aug-2026,34.16,34.16,33.45,33.54,33.49,137942,46.33,1346,87614.0,63.52
EXCELINDUS, 26-Aug-2026,1065.5,1073.0,1032.5,1039.75,1057.25,13773,144.32,1006,8459.0,61.42
EXCELSOFT, 26-Aug-2026,70.79,70.94,70.16,70.5,70.27,125671,88.54,1254,72137.0,57.4
EXICOM, 26-Aug-2026,157.88,158.93,154.51,155.21,157.36,416681,651.46,4716,196085.0,47.06
EXIDEIND, 26-Aug-2026,449.85,452.9,442.4,444.0,448.75,1173750,5231.51,21946,580444.0,49.45
EXIMROUTES, 26-Aug-2026,107.15,130.0,106.5,116.05,110.0,55200,63.38,57,40800.0,73.91
EXPLEOSOL, 26-Aug-2026,870.5,889.0,867.05,879.95,870.65,26491,232.72,1478,17761.0,67.05
EXXARO, 26-Aug-2026,6.15,6.55,6.15,6.16,6.13,429104,27.22,517,315576.0,73.54
FABTECH, 26-Aug-2026,147.63,149.06,146.1,146.99,147.62,30338,44.75,710,16668.0,54.94
FACT, 26-Aug-2026,866.8,881.9,852.0,866.25,876.1,1835543,15890.51,59469,138246.0,7.53
FALCONTECH, 26-Aug-2026,12.9,12.9,12.45,12.55,12.9,4800,0.61,4,3600.0,75.0
FASCINATE, 26-Aug-2026,103.65,106.65,103.65,103.65,109.1,723200,749.81,489,717600.0,99.23
FAZE3Q, 26-Aug-2026,495.0,496.05,487.4,488.7,489.05,11072,54.26,482,7459.0,67.37
FCL, 26-Aug-2026,48.87,50.9,47.8,50.58,48.78,15935783,7901.25,40381,5465207.0,34.3
FCSSOFT, 26-Aug-2026,1.44,1.54,1.44,1.51,1.44,2452215,36.39,1106,2058592.0,83.95
FDC, 26-Aug-2026,345.1,350.1,344.55,347.25,343.65,134656,468.19,6667,83859.0,62.28
FEDDERSHOL, 26-Aug-2026,41.9,42.98,41.77,42.5,40.53,695192,293.9,1580,168890.0,24.29
FEDERALBNK, 26-Aug-2026,348.25,349.15,343.6,345.3,346.95,6361778,22041.65,73006,3409974.0,53.6
FEDFINA, 26-Aug-2026,160.0,163.25,159.2,160.15,159.02,934264,1503.59,11802,475860.0,50.93
FELIX, 26-Aug-2026,182.8,183.0,180.45,180.8,180.35,8000,14.53,16,5000.0,62.5
FERMENTA, 26-Aug-2026,465.5,479.95,465.35,467.5,468.4,32908,155.44,1374,21281.0,64.67
FIBERWEB, 26-Aug-2026,26.33,26.89,25.62,26.0,26.07,17968,4.7,164,13783.0,76.71
FIDEL, 26-Aug-2026,140.0,146.0,140.0,145.05,140.0,13000,18.76,13,12000.0,92.31
FIEMIND, 26-Aug-2026,2175.6,2186.4,2103.4,2110.0,2165.6,106791,2279.54,12096,66421.0,62.2
FILATEX, 26-Aug-2026,82.11,83.28,70.74,75.19,82.11,10802933,8156.34,46045,4210380.0,38.97
FILATFASH, 26-Aug-2026,0.18,0.19,0.18,0.18,0.18,70784238,133.06,2436,40982184.0,57.9
FINBUD, 26-Aug-2026,134.7,134.7,133.0,133.0,129.65,4000,5.34,4,3000.0,75.0
FINCABLES, 26-Aug-2026,1269.0,1295.45,1261.45,1286.35,1259.85,371138,4760.48,25270,142297.0,38.34
FINEORG, 26-Aug-2026,5147.7,5225.0,5099.9,5139.1,5186.9,25832,1332.32,11046,14474.0,56.03
FINIETF, 26-Aug-2026,34.35,34.35,33.63,33.71,33.52,234041,79.0,949,133117.0,56.88
FINKURVE, 26-Aug-2026,81.38,82.25,77.15,78.38,79.84,147482,117.63,759,110712.0,75.07
FINOPB, 26-Aug-2026,145.52,148.07,144.37,145.54,145.53,94020,137.37,1474,42176.0,44.86
FINPIPE, 26-Aug-2026,163.1,163.9,161.1,161.39,162.81,435439,705.52,14912,211957.0,48.68
FIRSTCRY, 26-Aug-2026,192.9,194.23,191.13,191.96,192.04,673891,1295.76,15599,304716.0,45.22
FISCHER, 26-Aug-2026,37.3,37.35,35.92,36.05,36.93,449440,164.03,1846,263256.0,58.57
FIVESTAR, 26-Aug-2026,503.05,532.95,503.05,515.05,501.0,1804116,9409.21,69564,459999.0,25.5
FLAIR, 26-Aug-2026,249.6,252.8,249.6,250.25,250.95,26985,67.68,623,12066.0,44.71
FLEXIADD, 26-Aug-2026,10.29,10.3,10.19,10.23,10.19,181921,18.61,391,174141.0,95.72
FLUOROCHEM, 26-Aug-2026,4649.8,4752.0,4575.0,4732.1,4606.2,117851,5550.14,19211,60999.0,51.76
FLYSBS, 26-Aug-2026,609.0,622.4,593.25,610.55,607.8,111000,677.31,300,87000.0,78.38
FMCGADD, 26-Aug-2026,47.86,48.03,47.6,47.68,47.81,9527,4.55,196,5485.0,57.57
FMCGIETF, 26-Aug-2026,51.68,51.68,50.92,51.0,51.17,1661553,850.19,3863,956570.0,57.57
FMGOETZE, 26-Aug-2026,534.4,578.0,532.4,548.7,534.1,18134734,102287.02,324034,908401.0,5.01
FMNL, 26-Aug-2026,10.14,10.14,9.4,10.13,9.66,73960,7.42,196,66993.0,90.58
FOODSIN, 26-Aug-2026,55.65,55.65,52.65,53.33,54.53,55858,29.77,844,39139.0,70.07
FORCAS, 26-Aug-2026,214.95,214.95,207.0,213.25,205.0,6400,13.48,4,6400.0,100.0
FORCEMOT, 26-Aug-2026,17580.0,17662.0,17375.0,17450.0,17431.0,46619,8153.17,14850,18970.0,40.69
FORGEAUTO, 26-Aug-2026,98.0,98.0,98.0,98.0,98.0,1200,1.18,1,1200.0,100.0
FORTIS, 26-Aug-2026,926.85,933.8,913.85,913.85,923.95,586874,5426.38,34244,268099.0,45.68
FOSECOIND, 26-Aug-2026,5699.5,6149.0,5650.0,6077.5,5615.5,28921,1720.07,6346,9480.0,32.78
FRACTAL, 26-Aug-2026,835.95,845.0,821.1,829.55,834.2,226197,1878.76,15734,116912.0,51.69
FREDUN, 26-Aug-2026,1465.5,1536.0,1446.9,1494.3,1448.6,33106,497.29,3161,15794.0,47.71
FRESHARA, 26-Aug-2026,408.35,435.0,408.35,431.0,414.65,66600,286.49,85,64800.0,97.3
FROG, 26-Aug-2026,227.5,228.9,227.5,228.9,224.45,4000,9.14,8,4000.0,100.0
FRONTSP, 26-Aug-2026,1289.9,1292.8,1251.1,1257.9,1278.5,15478,196.19,2038,8773.0,56.68
FSL, 26-Aug-2026,275.8,278.0,268.95,270.05,275.4,913632,2488.27,13174,439095.0,48.06
FUSION, 26-Aug-2026,200.6,206.84,200.6,205.24,200.05,482148,987.63,12440,241337.0,50.05
FWSTC, 26-Aug-2026,200.0,200.0,199.5,200.0,200.0,7200,14.4,6,7200.0,100.0
GABRIEL, 26-Aug-2026,1346.0,1379.5,1330.1,1342.6,1346.0,326437,4423.33,22360,141050.0,43.21
GAEL, 26-Aug-2026,177.53,178.79,172.21,173.19,177.53,1267377,2205.43,15466,624900.0,49.31
GAIL, 26-Aug-2026,174.99,176.26,174.09,174.49,175.5,5863526,10261.43,42403,3344198.0,57.03
GAJA, 26-Aug-2026,185.0,191.65,165.4,168.67,160.0,64773158,115640.67,415891,22150447.0,34.2
GAJANAND, 26-Aug-2026,9.5,9.55,8.75,8.9,8.0,36000,3.24,11,27000.0,75.0
GALAPREC, 26-Aug-2026,1092.7,1104.3,1031.5,1040.6,1076.6,52906,557.78,3364,26357.0,49.82
GALAXYSURF, 26-Aug-2026,2285.0,2350.0,2275.3,2338.8,2284.2,27355,635.19,4396,14265.0,52.15
GALLANTT, 26-Aug-2026,585.05,588.25,577.55,583.5,581.5,29997,174.75,2891,15447.0,51.5
GANDHAR, 26-Aug-2026,255.48,260.05,254.55,255.39,255.42,611255,1572.57,11105,279275.0,45.69
GANDHITUBE, 26-Aug-2026,882.0,908.0,882.0,901.5,898.8,5891,52.85,492,4110.0,69.77
GANECOS, 26-Aug-2026,1052.0,1068.1,1041.6,1045.2,1051.6,29751,312.39,4194,12880.0,43.29
GANESHCP, 26-Aug-2026,167.0,171.2,163.25,166.07,166.23,121189,201.93,2365,63722.0,52.58
GANESHHOU, 26-Aug-2026,839.0,844.45,810.1,813.4,838.7,30128,247.74,1839,13816.0,45.86
GANESHIN, 26-Aug-2026,112.45,115.0,108.0,113.35,112.45,82400,91.73,83,74400.0,90.29
GANGABATH, 26-Aug-2026,22.5,22.5,21.95,22.1,22.45,21000,4.64,7,18000.0,85.71
GANGAFORGE, 26-Aug-2026,1.77,1.77,1.77,1.77,1.86,1441108,25.51,1207,1441108.0,100.0
GANGESSECU, 26-Aug-2026,122.0,122.0,120.1,121.43,123.4,2501,3.03,42,1513.0,60.5
GARFIBRES, 26-Aug-2026,800.6,809.9,790.1,792.75,800.5,18120,144.47,3502,7591.0,41.89
GARUDA, 26-Aug-2026,183.7,185.0,181.2,183.22,183.15,316055,579.22,4185,132146.0,41.81
GATEWAY, 26-Aug-2026,53.3,53.91,52.87,53.43,52.93,778800,414.62,7870,402732.0,51.71
GAYAHWS, 26-Aug-2026,1.94,1.96,1.9,1.9,1.93,323059,6.21,332,259684.0,80.38
GCHOTELS, 26-Aug-2026,95.0,97.9,94.0,95.35,95.75,42600,40.67,54,38400.0,90.14
GCSL, 26-Aug-2026,527.65,540.3,522.4,538.0,523.1,454463,2434.01,4903,143945.0,31.67
GEEKAYWIRE, 26-Aug-2026,22.8,23.37,22.48,23.1,22.6,148794,34.02,1285,63378.0,42.59
GEMAROMA, 26-Aug-2026,171.93,173.99,170.04,172.35,172.8,68641,117.74,1161,37123.0,54.08
GENCON, 26-Aug-2026,41.41,47.0,41.41,46.77,41.5,1350658,621.88,2896,501729.0,37.15
GENESYS, 26-Aug-2026,226.0,257.1,225.6,246.3,214.25,18229833,44804.68,203810,1586367.0,8.7
GENUSPAPER, 26-Aug-2026,12.65,12.75,11.89,12.37,12.09,242115,30.0,906,152483.0,62.98
GENUSPOWER, 26-Aug-2026,337.9,348.65,335.85,341.1,335.05,2958140,10143.59,41675,1382512.0,46.74
GENXAI, 26-Aug-2026,77.5,84.0,77.4,83.55,76.8,90000,73.41,69,73200.0,81.33
GEOJITFSL, 26-Aug-2026,81.0,81.48,80.43,80.86,80.63,179854,145.48,2251,108517.0,60.34
GESHIP, 26-Aug-2026,1348.8,1348.8,1326.6,1332.2,1342.6,604972,8069.5,30558,275064.0,45.47
GFLLIMITED, 26-Aug-2026,55.51,56.0,54.45,55.79,54.37,51147,28.43,786,33822.0,66.13
GGBL, 26-Aug-2026,232.95,232.95,228.0,228.75,229.35,20100,46.26,60,13800.0,68.66
GHCL, 26-Aug-2026,443.05,443.6,437.0,437.85,440.8,77326,340.15,2917,49051.0,63.43
GHCLTEXTIL, 26-Aug-2026,126.0,128.5,124.49,126.7,125.6,429256,543.29,5977,235716.0,54.91
GICHSGFIN, 26-Aug-2026,141.99,142.25,139.81,141.75,140.44,69066,97.43,1046,36852.0,53.36
GICL, 26-Aug-2026,23.96,23.96,23.26,23.51,23.75,195200,46.07,462,165229.0,84.65
GICRE, 26-Aug-2026,353.5,355.1,347.5,349.75,351.4,1502465,5257.56,34272,996820.0,66.35
GILLANDERS, 26-Aug-2026,108.0,108.0,100.6,104.07,105.88,2971,3.14,98,2054.0,69.13
GILLETTE, 26-Aug-2026,7467.0,7470.0,7250.0,7403.5,7439.0,19999,1472.98,4612,10225.0,51.13
GILT10BETA, 26-Aug-2026,27.03,27.03,26.12,26.99,26.57,168,0.04,11,162.0,96.43
GILT5BETA, 26-Aug-2026,65.56,65.88,65.51,65.52,65.75,138,0.09,7,133.0,96.38
GILT5YBEES, 26-Aug-2026,66.26,66.47,66.19,66.35,66.25,91331,60.54,286,70226.0,76.89
GIPCL, 26-Aug-2026,192.5,203.7,190.4,201.47,190.72,3441196,6796.03,41490,1475591.0,42.88
GIRIRAJ, 26-Aug-2026,96.6,96.6,96.6,96.6,92.0,2000,1.93,7,2000.0,100.0
GJL, 26-Aug-2026,240.0,242.0,240.0,241.25,232.7,2400,5.78,3,2400.0,100.0
GKB, 26-Aug-2026,61.11,64.99,61.11,64.67,63.0,144,0.09,12,104.0,72.22
GKENERGY, 26-Aug-2026,129.5,135.39,127.5,133.82,126.19,1108362,1468.66,11147,436068.0,39.34
GKSL, 26-Aug-2026,152.49,156.94,151.0,152.34,152.46,130347,199.46,2323,64820.0,49.73
GKWLIMITED, 26-Aug-2026,1596.1,1610.0,1572.0,1580.0,1596.1,991,15.69,49,984.0,99.29
GLAND, 26-Aug-2026,2838.7,2915.0,2831.4,2903.2,2824.6,360874,10389.1,40009,209702.0,58.11
GLAXO, 26-Aug-2026,2995.0,3049.9,2975.2,3034.4,2963.4,111084,3357.35,17254,43196.0,38.89
GLENMARK, 26-Aug-2026,2392.2,2457.5,2384.5,2438.3,2400.0,479931,11692.93,29518,179829.0,37.47
GLFL, 26-Aug-2026,5.73,5.84,5.6,5.73,5.71,436,0.02,13,408.0,93.58
GLOBAL, 26-Aug-2026,105.0,112.0,105.0,111.06,106.71,93209,102.07,850,65163.0,69.91
GLOBALE, 26-Aug-2026,12.25,12.25,11.2,11.49,11.7,3768,0.43,18,3235.0,85.85
GLOBALVECT, 26-Aug-2026,150.38,150.38,146.1,147.31,148.9,8897,13.11,215,7268.0,81.69
GLOBE, 26-Aug-2026,1.99,2.06,1.99,2.04,2.02,212737,4.35,168,193914.0,91.15
GLOBECIVIL, 26-Aug-2026,46.5,46.5,45.5,45.85,45.69,56297,25.88,483,41515.0,73.74
GLOBUSSPR, 26-Aug-2026,922.25,922.4,906.1,915.45,917.7,120423,1099.36,4874,86180.0,71.56
GLOSTERLTD, 26-Aug-2026,595.4,608.4,595.0,595.35,595.05,482,2.88,88,359.0,74.48
GLOTTIS, 26-Aug-2026,65.88,68.6,64.57,65.77,65.88,72280,48.06,1090,47379.0,65.55
GMBREW, 26-Aug-2026,889.0,899.85,883.5,893.3,887.55,22004,196.56,1618,11110.0,50.49
GMDCLTD, 26-Aug-2026,571.0,582.85,567.5,578.95,567.35,923022,5311.84,21855,313141.0,33.93
GML, 26-Aug-2026,17.15,17.15,17.15,17.15,17.65,2000,0.34,1,2000.0,100.0
GMMPFAUDLR, 26-Aug-2026,1008.0,1033.7,1005.0,1017.4,1004.9,123788,1262.04,8573,65768.0,53.13
GMRAIRPORT, 26-Aug-2026,100.44,100.66,98.35,98.85,99.85,11713751,11628.21,64445,7064785.0,60.31
GMRP&UI, 26-Aug-2026,96.11,96.94,94.65,95.06,96.11,1365434,1304.36,16124,752985.0,55.15
GNA, 26-Aug-2026,548.8,553.9,542.0,545.8,548.8,146911,801.78,3826,80232.0,54.61
GNFC, 26-Aug-2026,589.0,590.7,582.75,584.25,588.0,269624,1580.64,10804,154700.0,57.38
GNRL, 26-Aug-2026,100.1,100.5,99.55,99.73,99.54,27103,27.1,452,16847.0,62.16
GOACARBON, 26-Aug-2026,359.0,362.0,355.4,358.1,357.45,4023,14.46,276,2247.0,55.85
GOCLCORP, 26-Aug-2026,396.4,404.9,395.15,397.4,395.7,39853,159.1,1718,20997.0,52.69
GOCOLORS, 26-Aug-2026,335.25,345.0,335.25,343.6,340.25,127954,436.49,2966,54747.0,42.79
GODAVARIB, 26-Aug-2026,242.2,244.8,241.5,243.15,241.2,72877,177.27,1418,41856.0,57.43
GODFRYPHLP, 26-Aug-2026,2106.0,2163.9,2105.9,2153.3,2107.0,305495,6558.64,20322,94443.0,30.91
GODIGIT, 26-Aug-2026,262.0,263.2,258.15,259.1,258.8,185562,482.77,10148,97192.0,52.38
GODREJAGRO, 26-Aug-2026,616.0,634.45,611.0,625.75,610.1,530373,3305.75,22619,187261.0,35.31
GODREJCP, 26-Aug-2026,929.2,933.9,922.8,922.8,929.2,704451,6551.78,26463,417865.0,59.32
GODREJIND, 26-Aug-2026,1168.2,1173.4,1132.0,1138.0,1165.9,100282,1151.9,10220,40995.0,40.88
GODREJPROP, 26-Aug-2026,2055.0,2088.5,2035.1,2035.1,2049.0,700923,14483.23,31579,305870.0,43.64
GOKEX, 26-Aug-2026,800.0,805.25,781.1,787.1,791.25,399678,3176.55,8207,289153.0,72.35
GOKUL, 26-Aug-2026,44.98,46.5,43.6,44.14,44.98,167894,74.67,1284,40179.0,23.93
GOKULAGRO, 26-Aug-2026,254.69,259.8,243.1,245.39,252.85,1677764,4242.76,29920,554818.0,33.07
GOLD1, 26-Aug-2026,136.25,136.25,133.53,133.65,134.03,1595266,2140.71,5945,464564.0,29.12
GOLD360, 26-Aug-2026,157.05,157.3,155.65,156.2,156.45,14392,22.55,324,8072.0,56.09
GOLDADD, 26-Aug-2026,159.94,159.94,155.35,155.54,156.04,883725,1377.84,5703,752978.0,85.21
GOLDAXIS, 26-Aug-2026,137.12,137.12,133.21,133.35,133.78,718660,960.26,3321,443729.0,61.74
GOLDBEES, 26-Aug-2026,132.31,133.27,132.25,132.37,132.78,22841519,30327.12,69326,11978361.0,52.44
GOLDBETA, 26-Aug-2026,140.0,140.0,134.35,134.85,135.35,528571,714.58,3183,378535.0,71.61
GOLDBND, 26-Aug-2026,160.61,160.73,159.15,159.2,159.81,39056,62.39,279,33469.0,85.69
GOLDCASE, 26-Aug-2026,25.93,25.93,25.18,25.2,25.3,7681576,1942.99,8167,3223386.0,41.96
GOLDETF, 26-Aug-2026,160.07,160.07,155.33,155.5,156.17,964465,1504.33,7287,351247.0,36.42
GOLDIAM, 26-Aug-2026,358.0,363.5,356.1,357.05,360.0,265005,951.59,5125,140628.0,53.07
GOLDIETF, 26-Aug-2026,137.59,140.0,137.04,137.18,137.52,4620573,6351.98,23127,3096375.0,67.01
GOLDKART, 26-Aug-2026,88.2,88.2,88.2,88.2,84.0,1250,1.1,2,1250.0,100.0
GOODLUCK, 26-Aug-2026,456.2,456.5,431.5,441.1,456.2,794754,3503.78,15907,393529.0,49.52
GOODYEAR, 26-Aug-2026,752.0,759.4,747.75,755.4,754.1,4012,30.18,450,2761.0,68.82
GOPAL, 26-Aug-2026,280.75,287.4,279.3,284.9,280.75,183131,517.98,10150,59487.0,32.48
GOYALALUM, 26-Aug-2026,6.43,6.45,6.16,6.36,6.42,97739,6.18,406,63683.0,65.16
GOYALSALT, 26-Aug-2026,109.0,109.0,106.0,108.0,105.0,21000,22.32,5,21000.0,100.0
GPECO, 26-Aug-2026,397.0,416.8,397.0,415.35,397.0,26200,106.99,84,25800.0,98.47
GPIL, 26-Aug-2026,245.6,246.75,239.94,245.83,244.26,1152073,2804.65,22054,552522.0,47.96
GPPL, 26-Aug-2026,166.23,173.8,166.1,169.46,164.51,7853635,13366.17,73519,2389133.0,30.42
GPTHEALTH, 26-Aug-2026,150.01,153.5,149.67,152.05,149.92,119886,181.31,4144,60289.0,50.29
GPTINFRA, 26-Aug-2026,114.0,115.05,112.21,113.78,114.33,98971,112.21,1328,56633.0,57.22
GRADIENTE, 26-Aug-2026,2.85,2.85,2.7,2.7,2.84,481280,13.1,157,298280.0,61.98
GRANDOAK, 26-Aug-2026,35.99,37.3,35.99,36.7,36.25,1972,0.72,30,1835.0,93.05
GRANULES, 26-Aug-2026,849.95,851.75,821.85,828.2,845.95,610115,5065.65,33009,359978.0,59.0
GRAPHISAD, 26-Aug-2026,26.0,26.5,25.3,26.5,26.0,9600,2.5,6,6000.0,62.5
GRAPHITE, 26-Aug-2026,708.1,708.55,680.7,689.1,704.55,842907,5798.75,26266,279824.0,33.2
GRASIM, 26-Aug-2026,3291.0,3310.0,3262.4,3299.9,3289.6,1112414,36550.46,51045,642215.0,57.73
GRAUWEIL, 26-Aug-2026,69.79,69.79,65.0,66.43,67.83,800093,530.1,6445,457529.0,57.18
GRAVISSHO, 26-Aug-2026,29.5,30.99,28.23,30.92,29.24,494,0.15,11,494.0,100.0
GRAVITA, 26-Aug-2026,1808.5,1858.5,1801.1,1840.3,1800.4,288172,5310.38,30071,157166.0,54.54
GRCL, 26-Aug-2026,614.8,614.85,557.0,575.0,585.6,12000,70.81,45,9250.0,77.08
GREAVESCOT, 26-Aug-2026,192.01,197.24,192.01,195.62,192.18,704383,1376.15,8700,298674.0,42.4
GREENCHEF, 26-Aug-2026,63.0,63.0,58.7,60.65,59.25,24000,14.69,29,18400.0,76.67
GREENLAM, 26-Aug-2026,244.1,250.2,244.1,247.3,248.85,43993,109.2,1308,23283.0,52.92
GREENPANEL, 26-Aug-2026,157.0,161.69,156.89,157.98,156.34,227873,361.36,5669,142817.0,62.67
GREENPLY, 26-Aug-2026,290.0,296.0,286.7,292.1,287.9,54310,158.19,2090,23240.0,42.79
GREENPOWER, 26-Aug-2026,9.45,9.58,9.41,9.53,9.42,1742474,165.33,2798,844654.0,48.47
GRETEX, 26-Aug-2026,286.0,286.0,286.0,286.0,300.0,750,2.15,1,750.0,100.0
GRINDWELL, 26-Aug-2026,2006.0,2068.9,2006.0,2055.8,2005.8,53156,1082.77,9176,37912.0,71.32
GRINFRA, 26-Aug-2026,908.7,915.0,896.15,905.2,902.05,25933,235.23,2967,12391.0,47.78
GRMOVER, 26-Aug-2026,89.15,89.94,87.9,88.84,89.13,1065581,943.92,4988,193498.0,18.16
GROBTEA, 26-Aug-2026,1054.0,1054.0,980.0,1017.15,967.15,2262,23.17,249,1214.0,53.67
GROWW, 26-Aug-2026,199.98,199.98,195.1,196.24,203.01,195088475,382862.61,216697,138344378.0,70.91
GROWWCAPM, 26-Aug-2026,11.31,11.69,11.31,11.65,11.54,392300,45.67,597,273786.0,69.79
GROWWCHEM, 26-Aug-2026,30.94,30.94,30.07,30.64,30.19,8293576,2528.78,1214,8240310.0,99.36
GROWWDEFNC, 26-Aug-2026,97.98,98.1,96.67,97.4,97.42,213989,208.21,2674,112212.0,52.44
GROWWEV, 26-Aug-2026,33.42,34.48,33.06,33.21,33.42,314872,105.19,1559,177175.0,56.27
GROWWGOLD, 26-Aug-2026,15.68,15.82,15.59,15.6,15.68,2104494,329.59,3175,1051377.0,49.96
GROWWHOSPI, 26-Aug-2026,51.71,52.66,51.71,52.37,52.21,563677,295.72,1853,425182.0,75.43
GROWWLIQID, 26-Aug-2026,110.99,110.99,110.5,110.5,110.5,320640,354.31,223,279569.0,87.19
GROWWLOVOL, 26-Aug-2026,10.55,10.55,10.45,10.46,10.5,4386,0.46,71,2649.0,60.4
GROWWMC150, 26-Aug-2026,235.53,238.33,235.31,236.63,234.92,4255,10.04,44,3602.0,84.65
GROWWMETAL, 26-Aug-2026,13.0,13.0,12.53,12.88,12.69,513059,65.66,1879,248083.0,48.35
GROWWMOM50, 26-Aug-2026,11.19,11.24,11.06,11.15,11.05,146397,16.3,371,126067.0,86.11
GROWWN200, 26-Aug-2026,11.59,11.59,11.37,11.46,11.49,59473,6.83,219,29970.0,50.39
GROWWNET, 26-Aug-2026,10.99,11.08,10.93,10.96,10.97,1156629,127.16,833,1031474.0,89.18
GROWWNIFTY, 26-Aug-2026,9.6,9.98,9.6,9.8,9.8,452567,44.48,3414,278929.0,61.63
GROWWNXT50, 26-Aug-2026,75.0,75.45,74.37,75.12,74.78,4843,3.64,83,2107.0,43.51
GROWWPOWER, 26-Aug-2026,11.4,11.52,11.34,11.35,11.39,2241000,255.55,2435,1548420.0,69.1
GROWWPSE, 26-Aug-2026,99.28,99.28,95.9,97.99,97.86,2464,2.43,42,1313.0,53.29
GROWWPSUBK, 26-Aug-2026,87.59,87.98,85.9,87.42,86.72,3880,3.39,57,3666.0,94.48
GROWWRAIL, 26-Aug-2026,28.74,29.0,28.6,28.74,28.6,552105,158.93,2308,326395.0,59.12
GROWWRLTY, 26-Aug-2026,10.3,10.4,10.21,10.23,10.3,153802,15.85,461,103560.0,67.33
GROWWSC250, 26-Aug-2026,10.66,10.74,10.56,10.67,10.61,59603,6.36,463,50513.0,84.75
GROWWSLVR, 26-Aug-2026,23.73,23.82,23.53,23.57,23.45,860577,203.93,1839,389738.0,45.29
GRPLTD, 26-Aug-2026,2019.0,2019.0,1961.2,1969.5,1967.8,1563,30.91,148,533.0,34.1
GRSE, 26-Aug-2026,2617.9,2677.1,2601.0,2630.3,2607.5,737510,19509.09,39871,239330.0,32.45
GRWRHITECH, 26-Aug-2026,7275.0,7350.0,7082.5,7115.5,7264.0,37012,2666.63,9724,16402.0,44.32
GSEC10ABSL, 26-Aug-2026,113.4,113.4,112.28,112.28,113.4,18,0.02,2,18.0,100.0
GSEC10ADD, 26-Aug-2026,26.9,26.9,26.9,26.9,26.91,29,0.01,6,29.0,100.0
GSEC10IETF, 26-Aug-2026,265.7,265.76,265.0,265.75,265.77,93,0.25,7,92.0,98.92
GSEC10YEAR, 26-Aug-2026,30.45,30.72,30.39,30.72,30.45,8927,2.71,8,8917.0,99.89
GSEC5IETF, 26-Aug-2026,66.65,66.65,66.12,66.64,66.81,1620,1.07,30,1256.0,77.53
GSFC, 26-Aug-2026,159.82,160.8,159.22,160.07,159.16,616096,984.92,7173,296499.0,48.13
GSLSU, 26-Aug-2026,29.83,31.0,28.34,28.69,29.83,305683,88.61,1455,247916.0,81.1
GSMFOILS, 26-Aug-2026,105.0,106.7,102.0,106.7,101.65,370500,388.75,439,277000.0,74.76
GSPCROP, 26-Aug-2026,629.0,650.85,615.6,643.15,631.4,517393,3254.94,8548,123250.0,23.82
GSS, 26-Aug-2026,12.55,12.94,12.53,12.55,12.47,2802,0.35,38,2324.0,82.94
GSTL, 26-Aug-2026,13.9,13.9,12.95,12.95,13.5,8000,1.06,8,6000.0,75.0
GTL, 26-Aug-2026,7.49,7.49,7.07,7.34,7.36,203374,14.83,676,139817.0,68.75
GTLINFRA, 26-Aug-2026,1.21,1.23,1.21,1.21,1.21,16762075,203.61,5616,9389251.0,56.01
GTPL, 26-Aug-2026,55.0,56.4,54.15,54.5,54.83,40724,22.28,359,31895.0,78.32
GUFICBIO, 26-Aug-2026,417.75,419.0,406.65,408.45,413.65,44949,185.67,1846,27855.0,61.97
GUJALKALI, 26-Aug-2026,726.7,727.0,710.1,719.85,726.7,83785,601.37,5327,35674.0,42.58
GUJAPOLLO, 26-Aug-2026,353.0,353.0,347.15,351.75,349.55,1630,5.71,138,1246.0,76.44
GUJENERGY, 26-Aug-2026,257.85,259.25,252.0,253.95,256.5,1336298,3391.44,33196,806220.0,60.33
GUJRAFFIA, 26-Aug-2026,40.21,40.99,40.2,40.89,40.62,697,0.28,19,547.0,78.48
GUJTHEM, 26-Aug-2026,401.75,429.0,396.2,420.75,404.7,806182,3384.29,13182,425413.0,52.77
GULFOILLUB, 26-Aug-2026,1155.0,1166.0,1147.0,1162.8,1154.4,36783,426.14,6067,18996.0,51.64
GULPOLY, 26-Aug-2026,197.26,198.01,194.2,194.56,196.25,173960,339.67,2585,90065.0,51.77
GURUNANAK, 26-Aug-2026,37.3,37.35,37.3,37.3,35.6,3200,1.19,2,3200.0,100.0
GVPIL, 26-Aug-2026,658.4,658.4,637.35,643.6,644.5,204845,1318.34,9750,103773.0,50.66
GVPTECH, 26-Aug-2026,7.08,7.58,7.08,7.38,7.08,119644,8.84,361,85570.0,71.52
GVT&D, 26-Aug-2026,4185.0,4368.9,4170.5,4340.0,4185.0,998745,42795.77,91394,512184.0,51.28
GYFTR, 26-Aug-2026,158.99,175.0,158.8,168.19,160.74,158090,264.36,1732,55049.0,34.82
HAL, 26-Aug-2026,4877.4,4937.6,4865.5,4865.5,4900.0,416245,20393.72,32452,164181.0,39.44
HALDER, 26-Aug-2026,294.94,299.9,289.17,295.99,295.58,605,1.78,84,284.0,46.94
HALEOSLABS, 26-Aug-2026,1568.5,1568.5,1490.5,1500.9,1500.3,265,3.98,31,222.0,83.77
HAMPTON, 26-Aug-2026,9.24,9.24,8.11,8.18,8.02,31820,2.66,164,22577.0,70.95
HAPPSTMNDS, 26-Aug-2026,448.0,457.3,440.4,447.85,445.95,1673512,7496.8,33395,617141.0,36.88
HAPPY, 26-Aug-2026,95.0,95.0,90.05,90.9,95.75,98000,90.47,40,56000.0,57.14
HAPPYFORGE, 26-Aug-2026,2165.0,2258.6,2160.0,2212.5,2151.1,124300,2761.36,19611,74152.0,59.66
HARDWYN, 26-Aug-2026,9.08,9.2,9.0,9.03,9.03,493142,44.63,966,263038.0,53.34
HARIOMPIPE, 26-Aug-2026,350.2,355.05,345.1,346.55,348.95,85670,298.07,3606,43865.0,51.2
HARRMALAYA, 26-Aug-2026,199.11,208.52,199.11,202.73,198.85,41462,84.94,1222,17009.0,41.02
HARSHA, 26-Aug-2026,431.75,439.5,427.1,428.75,428.3,56820,245.72,2385,31840.0,56.04
HATHWAY, 26-Aug-2026,10.55,10.69,10.55,10.57,10.56,1434718,152.24,1858,724299.0,50.48
HATSUN, 26-Aug-2026,1033.55,1106.6,1017.8,1086.55,1030.5,145348,1548.6,14915,56532.0,38.89
HAVELLS, 26-Aug-2026,1273.0,1276.7,1258.7,1258.7,1269.1,455405,5752.07,22027,291070.0,63.91
HAVISHA, 26-Aug-2026,1.39,1.49,1.38,1.39,1.39,28075,0.39,85,19055.0,67.87
HAWKINCOOK, 26-Aug-2026,8150.0,8222.5,8000.0,8197.5,8152.5,1934,156.5,533,1225.0,63.34
HAZOOR, 26-Aug-2026,20.99,21.75,20.1,20.36,20.52,1085836,225.35,1888,629208.0,57.95
HBESD, 26-Aug-2026,75.0,76.95,75.0,76.31,74.55,243,0.18,12,233.0,95.88
HBLENGINE, 26-Aug-2026,694.5,698.1,681.3,683.9,694.6,456103,3142.35,16812,220252.0,48.29
HBPOR, 26-Aug-2026,48.6,63.49,48.6,58.31,60.74,1311,0.72,38,902.0,68.8
HBSL, 26-Aug-2026,52.52,54.72,50.9,52.24,52.27,4908,2.59,54,4678.0,95.31
HCC, 26-Aug-2026,22.6,24.12,22.52,23.88,22.61,57217167,13378.79,64098,22202419.0,38.8
HCG, 26-Aug-2026,727.0,727.0,698.15,706.15,724.85,73820,525.71,7999,35822.0,48.53
HCL-INSYS, 26-Aug-2026,11.34,11.34,10.78,10.87,11.02,424407,46.44,1033,314618.0,74.13
HCLTECH, 26-Aug-2026,1319.5,1323.0,1296.6,1298.5,1315.8,834925,10894.39,33956,445018.0,53.3
HDBFS, 26-Aug-2026,689.0,695.75,683.55,687.5,687.6,2726973,18778.82,21554,2481615.0,91.0
HDFCAMC, 26-Aug-2026,2698.0,2698.0,2651.0,2667.9,2698.0,608105,16278.88,50973,347117.0,57.08
HDFCBANK, 26-Aug-2026,728.0,731.0,724.15,727.2,727.5,21156463,153913.08,214223,14135347.0,66.81
HDFCBSE500, 26-Aug-2026,38.49,38.49,37.82,38.12,38.0,546665,208.09,195,513729.0,93.98
HDFCGOLD, 26-Aug-2026,135.09,137.9,135.09,136.73,137.09,1628741,2233.75,8210,877642.0,53.88
HDFCGROWTH, 26-Aug-2026,121.14,121.98,121.14,121.41,121.14,19202,23.32,127,9708.0,50.56
HDFCLIFE, 26-Aug-2026,549.95,563.5,549.1,553.0,546.7,3818521,21314.15,72837,2186933.0,57.27
HDFCLIQUID, 26-Aug-2026,1075.28,1075.3,1075.28,1075.28,1075.29,38211,410.88,61,33088.0,86.59
HDFCLOWVOL, 26-Aug-2026,20.92,20.95,20.81,20.83,20.85,274,0.06,28,138.0,50.36
HDFCMID150, 26-Aug-2026,24.36,24.36,23.83,23.88,23.77,483461,115.49,1028,331746.0,68.62
HDFCMOMENT, 26-Aug-2026,31.5,31.8,31.43,31.71,31.43,326099,103.23,448,230171.0,70.58
HDFCNEXT50, 26-Aug-2026,76.1,76.69,75.83,76.18,75.82,420098,320.88,611,275993.0,65.7
HDFCNIF100, 26-Aug-2026,26.15,26.5,25.85,26.3,26.24,30872,8.14,189,19588.0,63.45
HDFCNIFBAN, 26-Aug-2026,59.3,59.78,59.3,59.55,59.11,67843,40.46,318,52206.0,76.95
HDFCNIFIT, 26-Aug-2026,32.56,32.98,32.4,32.51,32.56,68759,22.43,213,27090.0,39.4
HDFCNIFTY, 26-Aug-2026,280.57,280.57,273.51,273.99,273.73,315734,865.95,2590,278491.0,88.2
HDFCNIMEG, 26-Aug-2026,133.74,135.52,132.75,135.19,133.08,9028,12.15,85,6916.0,76.61
HDFCPSUBK, 26-Aug-2026,86.66,88.5,86.66,87.44,86.71,72579,63.93,245,44004.0,60.63
HDFCPVTBAN, 26-Aug-2026,28.66,28.66,27.93,28.18,27.97,429688,121.52,895,196593.0,45.75
HDFCQUAL, 26-Aug-2026,59.31,59.85,59.31,59.39,59.31,10190,6.06,85,4154.0,40.77
HDFCSENSEX, 26-Aug-2026,90.33,90.33,87.5,88.03,88.13,22510,19.85,409,12671.0,56.29
HDFCSILVER, 26-Aug-2026,231.62,233.59,229.58,230.1,228.72,2657351,6143.17,14918,913429.0,34.37
HDFCSML250, 26-Aug-2026,187.06,187.06,185.51,186.38,185.21,683451,1272.35,6150,472345.0,69.11
HDFCVALUE, 26-Aug-2026,126.4,126.52,125.84,126.2,125.3,3282,4.15,52,1563.0,47.62
HEADSUP, 26-Aug-2026,6.9,6.9,6.21,6.46,6.7,34786,2.24,208,26124.0,75.1
HEALTHADD, 26-Aug-2026,16.76,16.86,16.7,16.84,16.77,21105,3.55,200,16472.0,78.05
HEALTHAXIS, 26-Aug-2026,168.56,170.03,168.56,169.86,169.82,4161,7.06,86,2721.0,65.39
HEALTHCARE, 26-Aug-2026,22.02,22.02,21.58,21.74,21.59,29092,6.31,183,16693.0,57.38
HEALTHIETF, 26-Aug-2026,169.83,171.47,169.5,171.17,169.83,55897,95.58,1056,30181.0,53.99
HEALTHX, 26-Aug-2026,298.05,303.3,292.05,298.2,296.65,7470,22.13,282,4127.0,55.25
HEALTHY, 26-Aug-2026,16.8,17.19,16.8,17.13,16.99,158112,27.07,807,121252.0,76.69
HECPROJECT, 26-Aug-2026,121.21,121.21,118.0,118.8,121.21,3783,4.51,139,2616.0,69.15
HEG, 26-Aug-2026,725.5,725.9,699.05,713.55,721.55,1134601,8049.41,22473,349185.0,30.78
HEIDELBERG, 26-Aug-2026,162.0,162.47,160.31,161.86,161.72,105522,170.38,2540,71937.0,68.17
HEMIPROP, 26-Aug-2026,131.1,132.0,128.55,129.63,130.56,188908,246.15,2488,92803.0,49.13
HERANBA, 26-Aug-2026,176.85,176.85,173.46,174.06,174.27,16709,29.2,866,10212.0,61.12
HERITGFOOD, 26-Aug-2026,392.0,392.1,381.15,383.3,389.85,127899,493.99,4130,59435.0,46.47
HEROMOTOCO, 26-Aug-2026,5630.5,5720.0,5595.0,5595.0,5624.5,451708,25554.97,37127,225381.0,49.9
HESTERBIO, 26-Aug-2026,2421.8,2433.7,2340.4,2354.4,2421.8,4297,101.81,612,2251.0,52.39
HEXATRADEX, 26-Aug-2026,162.4,162.5,158.1,158.5,162.4,1116,1.77,42,854.0,76.52
HEXT, 26-Aug-2026,554.1,561.2,552.5,554.95,556.9,81663,453.26,5199,33628.0,41.18
HFCL, 26-Aug-2026,239.4,241.49,233.0,235.89,238.01,9755858,23113.96,51859,3633588.0,37.25
HGINFRA, 26-Aug-2026,506.0,510.35,500.35,501.9,502.85,64491,324.74,3180,34998.0,54.27
HGM, 26-Aug-2026,43.4,44.99,42.0,43.76,43.83,901,0.39,50,740.0,82.13
HGS, 26-Aug-2026,402.0,407.9,400.1,401.95,401.3,7601,30.6,503,6286.0,82.7
HIGREEN, 26-Aug-2026,128.3,128.3,127.1,127.5,127.15,3200,4.08,4,3200.0,100.0
HIKAL, 26-Aug-2026,208.37,210.49,207.0,207.63,208.37,105536,219.83,2715,42054.0,39.85
HILINFRA, 26-Aug-2026,45.1,45.98,45.1,45.32,45.27,39849,18.05,674,20952.0,52.58
HILTON, 26-Aug-2026,19.89,20.2,19.75,20.0,19.84,39142,7.83,178,35176.0,89.87
HIMATSEIDE, 26-Aug-2026,72.41,73.49,72.06,72.67,72.41,192382,139.82,1877,100098.0,52.03
HINDADH, 26-Aug-2026,354.25,365.45,350.05,353.9,352.6,3516,12.63,215,1971.0,56.06
HINDALCO, 26-Aug-2026,1052.65,1059.5,1039.15,1053.0,1051.05,2289903,24063.72,59843,1191934.0,52.05
HINDALUMI, 26-Aug-2026,99.21,101.0,98.51,99.88,98.72,3167,3.17,108,2295.0,72.47
HINDCOMPOS, 26-Aug-2026,417.4,417.4,407.25,408.25,413.45,3808,15.63,269,2079.0,54.6
HINDCON, 26-Aug-2026,24.03,25.75,23.9,24.0,23.92,68392,16.71,331,46039.0,67.32
HINDCOPPER, 26-Aug-2026,527.0,562.6,526.2,556.05,532.65,56459799,308660.97,505176,18191094.0,32.22
HINDOILEXP, 26-Aug-2026,158.5,159.49,157.17,158.11,158.57,434477,686.96,2292,264920.0,60.97
HINDPETRO, 26-Aug-2026,376.05,381.7,373.4,375.5,373.2,3071299,11585.24,24410,1098680.0,35.77
HINDUNILVR, 26-Aug-2026,2030.3,2051.9,2021.0,2021.0,2024.2,765343,15554.93,34532,479324.0,62.63
HINDWAREAP, 26-Aug-2026,195.0,197.0,195.0,196.29,194.03,61381,120.46,1378,41041.0,66.86
HINDZINC, 26-Aug-2026,605.0,632.0,600.15,626.5,592.6,19983225,124125.52,210529,4574506.0,22.89
HIRECT, 26-Aug-2026,1240.4,1257.1,1237.1,1246.8,1235.4,23456,291.63,2246,12345.0,52.63
HISARMETAL, 26-Aug-2026,151.0,153.25,151.0,151.82,149.99,559,0.85,21,420.0,75.13
HITECH, 26-Aug-2026,82.25,82.97,81.4,81.92,81.16,508595,417.92,3611,265126.0,52.13
HLEGLAS, 26-Aug-2026,316.05,317.75,312.0,313.45,315.8,71268,224.18,2404,32357.0,45.4
HLVLTD, 26-Aug-2026,6.47,6.8,6.47,6.62,6.47,183160,12.15,522,137741.0,75.2
HMAAGRO, 26-Aug-2026,21.27,21.58,20.89,20.96,21.14,4765001,1002.24,5100,3457310.0,72.56
HNDFDS, 26-Aug-2026,628.7,649.8,628.7,636.5,628.75,78223,499.16,6298,40645.0,51.96
HNGSNGBEES, 26-Aug-2026,477.99,477.99,472.71,475.86,472.0,57672,273.88,3039,38149.0,66.15
HOACFOODS, 26-Aug-2026,845.0,850.0,820.05,850.0,839.95,3000,25.14,8,2625.0,87.5
HOLMARC, 26-Aug-2026,105.95,105.95,105.95,105.95,105.95,750,0.79,1,750.0,100.0
HOMEFIRST, 26-Aug-2026,1191.0,1206.0,1179.2,1183.7,1191.3,90856,1083.12,11081,51886.0,57.11
HONASA, 26-Aug-2026,486.85,489.0,474.0,475.5,485.5,552639,2647.35,18389,234851.0,42.5
HONAUT, 26-Aug-2026,36795.0,37090.0,36310.0,36445.0,36740.0,2233,818.12,1541,868.0,38.87
HONDAPOWER, 26-Aug-2026,2066.2,2109.4,2052.1,2062.3,2073.6,3115,64.4,464,1874.0,60.16
HORIZONIND, 26-Aug-2026,55.9,57.49,55.13,56.78,55.6,7729723,4356.91,32717,3874574.0,50.13
HPAL, 26-Aug-2026,35.0,35.82,34.35,34.72,35.11,50504,17.61,902,25402.0,50.3
HPIL, 26-Aug-2026,127.95,130.0,126.2,128.62,127.74,1660,2.11,63,1040.0,62.65
HPL, 26-Aug-2026,310.4,315.0,310.4,313.5,310.25,68838,215.27,2082,29870.0,43.39
HPTL, 26-Aug-2026,341.0,341.0,332.6,332.6,350.1,3600,12.12,6,3000.0,83.33
HRHNEXT, 26-Aug-2026,28.6,28.6,28.1,28.1,29.55,12000,3.38,8,12000.0,100.0
HRYNSHP, 26-Aug-2026,102.99,102.99,99.0,102.49,100.0,2963,2.97,49,2801.0,94.53
HSBCGOLD, 26-Aug-2026,142.32,142.32,139.02,139.62,139.53,5331,7.45,161,2951.0,55.36
HSCL, 26-Aug-2026,664.5,676.0,655.15,663.85,659.75,6849204,45548.3,65492,849491.0,12.4
HTMEDIA, 26-Aug-2026,27.42,27.42,26.71,26.88,27.29,40776,11.0,255,27611.0,67.71
HUBTOWN, 26-Aug-2026,189.41,195.89,187.01,188.5,188.64,275615,527.06,4024,171613.0,62.27
HUDCO, 26-Aug-2026,187.0,188.59,186.26,186.95,186.22,737037,1379.48,12445,318864.0,43.26
HUHTAMAKI, 26-Aug-2026,268.2,272.5,267.5,270.4,267.4,81086,218.97,2689,43913.0,54.16
HVAX, 26-Aug-2026,675.0,675.0,675.0,675.0,683.1,150,1.01,1,150.0,100.0
HYBRIDETF, 26-Aug-2026,10.15,10.21,10.15,10.21,10.15,184574,18.8,33,176640.0,95.7
HYUNDAI, 26-Aug-2026,2240.0,2279.0,2232.3,2250.0,2232.5,1075225,24284.35,79040,674833.0,62.76
IBULLSLTD, 26-Aug-2026,26.7,27.36,26.7,27.03,27.09,5592070,1511.14,10236,2863757.0,51.21
ICDSLTD, 26-Aug-2026,42.0,45.8,39.5,41.09,40.34,346,0.15,27,228.0,65.9
ICELCO, 26-Aug-2026,137.45,137.45,136.1,136.55,137.35,13200,18.1,11,13200.0,100.0
ICEMAKE, 26-Aug-2026,729.1,737.0,722.6,734.0,726.15,6484,47.35,451,4546.0,70.11
ICICIAMC, 26-Aug-2026,3281.2,3294.5,3211.1,3222.8,3291.8,150355,4871.99,16696,63359.0,42.14
ICICIB22, 26-Aug-2026,116.9,116.9,115.28,115.43,116.17,396709,458.47,2619,309747.0,78.08
ICICIBANK, 26-Aug-2026,1423.1,1446.0,1423.1,1430.0,1422.7,4177066,60041.2,87376,2252563.0,53.93
ICICIGI, 26-Aug-2026,1618.0,1629.6,1586.7,1596.9,1616.0,5634591,90184.82,47742,3722150.0,66.06
ICICIPRULI, 26-Aug-2026,510.65,525.75,510.65,515.05,510.0,1266598,6600.65,46986,662596.0,52.31
ICIL, 26-Aug-2026,423.0,446.9,423.0,425.6,422.5,771072,3349.66,19724,253126.0,32.83
ICRA, 26-Aug-2026,5144.0,5144.0,4900.0,4907.8,5106.5,46649,2305.95,7243,29278.0,62.76
IDBI, 26-Aug-2026,87.35,96.25,87.35,94.75,88.31,57839582,53610.47,149338,17908682.0,30.96
IDEA, 26-Aug-2026,15.26,15.37,15.02,15.06,15.19,478735885,72560.13,678775,154119736.0,32.19
IDEAFORGE, 26-Aug-2026,796.0,811.0,787.55,805.95,788.8,264128,2116.1,14063,123688.0,46.83
IDENTICAL, 26-Aug-2026,17.0,17.0,16.0,17.0,18.0,28000,4.64,14,16000.0,57.14
IDFCFIRSTB, 26-Aug-2026,85.18,86.59,84.4,84.4,85.0,12673198,10837.84,39745,6698420.0,52.86
IDFNIFTYET, 26-Aug-2026,280.69,280.69,267.78,269.09,268.6,568,1.53,49,355.0,62.5
IEML, 26-Aug-2026,42.6,44.0,42.3,43.8,42.6,47000,20.39,57,42500.0,90.43
IEX, 26-Aug-2026,123.8,124.83,121.51,122.0,124.2,3923536,4807.02,24719,1970552.0,50.22
IFBAGRO, 26-Aug-2026,984.0,984.0,954.05,959.2,959.3,4109,39.5,338,3103.0,75.52
IFBIND, 26-Aug-2026,1368.0,1383.2,1358.1,1369.8,1370.1,13569,185.74,1599,6856.0,50.53
IFCI, 26-Aug-2026,83.6,87.15,83.15,85.44,83.25,54932257,47148.45,138221,14589747.0,26.56
IFGLEXPOR, 26-Aug-2026,212.5,217.9,209.62,215.01,211.79,27148,58.1,959,11919.0,43.9
IGARASHI, 26-Aug-2026,432.95,436.95,424.3,426.5,427.55,57951,248.55,2432,30064.0,51.88
IGCL, 26-Aug-2026,72.11,72.8,71.99,72.46,72.38,78570,56.85,474,36453.0,46.4
IGIL, 26-Aug-2026,345.35,349.5,342.65,347.85,343.95,1578588,5457.88,14811,1372616.0,86.95
IGL, 26-Aug-2026,148.99,149.5,148.32,148.72,148.68,683725,1017.57,15588,372313.0,54.45
IGPL, 26-Aug-2026,487.0,527.5,487.0,523.85,488.05,285768,1468.87,12461,154877.0,54.2
IIFL, 26-Aug-2026,663.4,671.5,652.0,654.05,666.25,2114553,13961.77,33842,1122678.0,53.09
IIFLCAPS, 26-Aug-2026,334.9,336.95,333.4,336.4,334.95,223824,750.66,12316,143414.0,64.07
IITL, 26-Aug-2026,161.6,162.89,154.08,155.57,160.41,131601,210.5,1487,22060.0,16.76
IKIO, 26-Aug-2026,192.8,195.0,191.05,192.08,191.63,77786,149.54,1554,31620.0,40.65
IKS, 26-Aug-2026,1787.0,1790.9,1726.2,1741.4,1790.9,231100,4029.78,20917,100936.0,43.68
IMAGICAA, 26-Aug-2026,49.8,50.84,49.8,50.18,49.79,808813,405.39,3682,592803.0,73.29
IMFA, 26-Aug-2026,1400.0,1423.2,1365.7,1380.5,1377.7,147196,2038.26,13599,71521.0,48.59
IMPAL, 26-Aug-2026,1099.6,1099.6,1071.2,1082.4,1095.9,933,10.12,179,790.0,84.67
INA, 26-Aug-2026,94.44,95.34,92.9,93.21,93.47,343211,322.28,3337,195078.0,56.84
INCREDIBLE, 26-Aug-2026,35.75,35.75,32.6,34.3,33.48,4817,1.66,130,2866.0,59.5
INDBANK, 26-Aug-2026,32.2,32.2,31.5,31.94,31.86,13154,4.18,183,9909.0,75.33
INDGN, 26-Aug-2026,571.0,574.0,562.35,569.7,563.55,374825,2130.95,21786,224796.0,59.97
INDHOTEL, 26-Aug-2026,728.5,737.0,721.0,721.0,730.0,730279,5319.49,17743,391722.0,53.64
INDIACEM, 26-Aug-2026,366.85,373.25,365.0,371.85,364.3,78876,292.01,4754,30944.0,39.23
INDIAGLYCO, 26-Aug-2026,1172.1,1207.9,1161.0,1190.5,1170.5,290916,3454.75,16240,133356.0,45.84
INDIAMART, 26-Aug-2026,1761.9,1771.0,1745.6,1751.9,1750.3,34787,611.76,5093,18362.0,52.78
INDIANB, 26-Aug-2026,884.9,905.0,882.5,889.0,878.0,972910,8686.9,24224,345385.0,35.5
INDIANCARD, 26-Aug-2026,213.8,213.8,208.01,208.67,208.01,538,1.13,24,392.0,72.86
INDIANHUME, 26-Aug-2026,391.95,399.0,387.1,392.8,389.6,63725,249.84,2820,29088.0,45.65
INDIASHLTR, 26-Aug-2026,666.95,666.95,653.05,659.0,655.85,36856,242.59,3138,22154.0,60.11
INDIGO, 26-Aug-2026,5275.0,5280.0,5221.5,5250.5,5218.0,584644,30698.55,35165,330614.0,56.55
INDIGOPNTS, 26-Aug-2026,1140.1,1201.0,1140.1,1186.1,1135.9,140776,1659.97,11794,67562.0,47.99
INDIGRID, 26-Aug-2026,175.5,175.9,174.1,174.63,174.97,570969,999.71,10378,498454.0,87.3
INDIQUBE, 26-Aug-2026,192.5,194.5,188.1,191.96,192.5,45132,86.65,1781,23673.0,52.45
INDNIPPON, 26-Aug-2026,1076.7,1090.6,1060.6,1066.1,1070.6,7307,77.99,1403,3710.0,50.77
INDOBORAX, 26-Aug-2026,487.4,524.5,487.35,505.7,487.4,590262,3028.55,20209,139926.0,23.71
INDOCO, 26-Aug-2026,225.34,239.7,223.1,238.94,225.34,213284,497.77,4772,115260.0,54.04
INDOFARM, 26-Aug-2026,139.58,141.19,138.67,139.67,138.61,47143,65.99,1110,25940.0,55.02
INDOKEM, 26-Aug-2026,624.75,635.0,607.0,624.0,627.85,1718,10.72,189,1091.0,63.5
INDOMIM, 26-Aug-2026,891.0,923.9,882.0,895.75,889.9,3068907,27704.29,77197,1178186.0,38.39
INDORAMA, 26-Aug-2026,60.2,62.88,59.41,61.22,60.53,163175,100.58,1866,82269.0,50.42
INDOSTAR, 26-Aug-2026,257.55,260.2,255.1,259.5,257.55,83294,214.9,1088,60218.0,72.3
INDOTECH, 26-Aug-2026,3889.8,3889.8,3728.5,3745.9,3742.2,12490,472.73,2138,7139.0,57.16
INDOTHAI, 26-Aug-2026,51.16,54.65,51.16,51.16,53.85,30273546,15586.88,18541,12259862.0,40.5
INDOUS, 26-Aug-2026,80.1,84.63,80.0,80.96,81.99,36665,30.15,404,18254.0,49.79
INDOWIND, 26-Aug-2026,9.49,9.49,9.21,9.34,9.27,108944,10.16,368,64315.0,59.03
INDPRUD, 26-Aug-2026,6275.0,6450.0,6180.0,6220.5,6200.0,62,3.91,21,37.0,59.68
INDRAMEDCO, 26-Aug-2026,375.0,375.5,368.1,369.3,372.95,103543,384.33,3325,59640.0,57.6
INDSWFTLAB, 26-Aug-2026,326.0,373.72,325.98,367.48,324.38,7368383,26725.62,123011,989365.0,13.43
INDTERRAIN, 26-Aug-2026,30.93,30.93,30.0,30.15,30.07,6501,1.96,69,5799.0,89.2
INDUSINDBK, 26-Aug-2026,1010.5,1018.6,989.4,1004.0,1015.0,1098699,11023.03,30847,438424.0,39.9
INDUSINVIT, 26-Aug-2026,134.8,135.45,134.05,134.52,134.04,90143,121.47,6297,65883.0,73.09
INDUSTOWER, 26-Aug-2026,389.4,389.4,377.7,377.7,387.25,4874991,18712.54,36378,3396839.0,69.68
INFINIUM, 26-Aug-2026,268.0,268.7,266.0,268.7,244.3,28000,75.15,45,27000.0,96.43
INFLUX, 26-Aug-2026,305.0,305.0,300.0,302.4,301.3,45000,135.25,42,37800.0,84.0
INFOBEAN, 26-Aug-2026,156.42,159.34,154.75,155.54,155.87,176333,275.75,2367,110821.0,62.85
INFOLLION, 26-Aug-2026,159.95,162.1,154.95,157.55,161.15,15600,24.73,37,9200.0,58.97
INFOMEDIA, 26-Aug-2026,5.12,5.4,5.12,5.22,5.28,6773,0.35,59,5355.0,79.06
INFRA, 26-Aug-2026,12.27,12.29,12.19,12.21,12.21,37601,4.6,122,24218.0,64.41
INFRABEES, 26-Aug-2026,973.01,973.42,963.51,965.09,968.17,6395,61.89,412,3811.0,59.59
INFRAIETF, 26-Aug-2026,96.96,96.96,95.94,96.07,96.73,92786,89.29,7164,61600.0,66.39
INFY, 26-Aug-2026,1142.0,1142.0,1118.3,1120.0,1144.0,6323984,71188.77,88562,3570273.0,56.46
INGERRAND, 26-Aug-2026,4594.0,4675.0,4561.0,4576.7,4594.0,17490,805.57,4875,9378.0,53.62
INM, 26-Aug-2026,165.0,165.0,158.0,158.1,164.05,4800,7.7,8,4800.0,100.0
INNOMET, 26-Aug-2026,246.05,246.05,246.05,246.05,241.25,7800,19.19,11,7800.0,100.0
INNOVACAP, 26-Aug-2026,1051.0,1065.95,1020.6,1031.25,1040.4,57130,592.69,8416,31962.0,55.95
INNOVANA, 26-Aug-2026,322.0,326.0,312.2,316.9,310.3,21213,68.05,163,19902.0,93.82
INNOVISION, 26-Aug-2026,257.45,260.0,254.2,254.8,257.45,11055,28.37,1040,6588.0,59.59
INOXGREEN, 26-Aug-2026,174.0,175.65,172.0,174.48,173.51,862163,1499.62,6473,500178.0,58.01
INOXINDIA, 26-Aug-2026,1906.9,1938.0,1896.1,1926.7,1900.0,116625,2244.12,16843,61924.0,53.1
INOXWIND, 26-Aug-2026,74.1,74.2,73.03,73.2,73.74,6365111,4680.83,20404,2486416.0,39.06
INSECTICID, 26-Aug-2026,580.0,589.0,574.05,579.5,579.45,56960,330.24,1496,32608.0,57.25
INSUREIETF, 26-Aug-2026,15.57,15.65,15.43,15.54,15.44,1223304,191.06,345,916537.0,74.92
INTELLECT, 26-Aug-2026,687.1,691.45,681.2,684.0,682.8,189048,1295.64,13886,89480.0,47.33
INTENTECH, 26-Aug-2026,84.8,84.8,81.4,82.92,81.38,13149,10.86,352,10051.0,76.44
INTERARCH, 26-Aug-2026,1702.9,1707.9,1680.5,1691.2,1686.1,45440,770.46,4179,27226.0,59.92
INTERNET, 26-Aug-2026,14.8,14.9,14.8,14.83,14.77,253711,37.7,255,221527.0,87.31
INTLCONV, 26-Aug-2026,74.2,78.45,74.2,76.72,75.42,35415,27.06,1057,24552.0,69.33
INVENTURE, 26-Aug-2026,0.9,0.98,0.89,0.97,0.91,3801374,35.97,709,3089459.0,81.27
INVICTA, 26-Aug-2026,67.75,70.0,67.75,70.0,67.8,3200,2.2,2,1600.0,50.0
IOB, 26-Aug-2026,33.19,33.53,33.05,33.1,33.03,1576094,524.55,8220,668654.0,42.42
IOC, 26-Aug-2026,140.0,141.15,138.5,139.48,139.0,6514034,9095.36,38051,2795589.0,42.92
IOLCP, 26-Aug-2026,173.9,187.63,173.32,186.01,172.37,14979792,27472.67,125291,4001220.0,26.71
IONEXCHANG, 26-Aug-2026,369.5,373.85,369.0,371.05,369.5,106587,396.21,6314,50262.0,47.16
IPCALAB, 26-Aug-2026,1935.2,1992.0,1935.1,1952.4,1928.5,455426,8938.75,35261,199017.0,43.7
IPHL, 26-Aug-2026,72.45,84.0,72.45,79.25,72.45,123600,98.6,81,110400.0,89.32
IPL, 26-Aug-2026,139.95,141.09,139.5,140.47,139.66,52027,72.93,1035,24912.0,47.88
IPRINGLTD, 26-Aug-2026,155.0,155.98,144.0,148.39,145.0,313,0.47,30,258.0,82.43
IRB, 26-Aug-2026,18.89,19.54,18.86,19.46,18.81,14163719,2744.21,20745,6301006.0,44.49
IRBINVIT, 26-Aug-2026,64.95,64.95,63.05,63.39,64.76,744436,476.19,6616,650212.0,87.34
IRCON, 26-Aug-2026,124.0,126.83,123.6,124.05,123.35,943301,1177.73,11123,280916.0,29.78
IRCTC, 26-Aug-2026,484.0,492.5,483.5,491.75,482.55,917802,4490.18,26047,427013.0,46.53
IREDA, 26-Aug-2026,117.99,119.49,117.44,118.8,120.61,5656258,6702.66,29008,1526934.0,27.0
IRFC, 26-Aug-2026,86.12,86.82,85.7,85.7,85.45,7078598,6105.82,32402,2820242.0,39.84
IRIS, 26-Aug-2026,241.53,242.99,235.2,237.61,238.33,13599,32.55,412,11307.0,83.15
IRISDOREME, 26-Aug-2026,57.09,58.13,56.78,57.85,56.89,539770,310.91,3326,132456.0,24.54
IRMENERGY, 26-Aug-2026,277.55,292.25,277.4,287.5,277.5,160080,459.75,4313,45776.0,28.6
ISFT, 26-Aug-2026,91.5,98.0,91.44,96.68,91.44,161380,153.48,2008,36831.0,22.82
ISGEC, 26-Aug-2026,767.85,776.45,763.6,769.3,764.05,38561,297.19,4759,18676.0,48.43
ISHAN, 26-Aug-2026,0.5,0.55,0.5,0.55,0.5,1200000,6.02,11,1200000.0,100.0
ISHANCH, 26-Aug-2026,44.4,45.49,41.71,43.23,44.0,79299,34.07,1042,43597.0,54.98
ISTLTD, 26-Aug-2026,671.45,686.6,656.0,657.3,671.45,774,5.12,64,748.0,96.64
IT, 26-Aug-2026,34.31,34.31,33.64,33.79,33.93,127844,43.26,717,93996.0,73.52
ITADD, 26-Aug-2026,32.62,32.62,32.13,32.19,32.41,82627,26.62,295,40550.0,49.08
ITALIANE, 26-Aug-2026,33.5,33.5,32.85,32.85,34.5,8000,2.65,4,8000.0,100.0
ITAXIS, 26-Aug-2026,339.36,339.36,334.42,335.47,337.8,1612,5.42,84,813.0,50.43
ITBEES, 26-Aug-2026,34.26,34.26,33.7,33.76,33.92,6508868,2204.48,13462,3795098.0,58.31
ITBETA, 26-Aug-2026,323.56,323.56,319.03,321.38,322.4,1335,4.27,19,236.0,17.68
ITC, 26-Aug-2026,271.85,273.95,270.25,270.25,271.4,11693367,31787.19,142399,7010608.0,59.95
ITCHOTELS, 26-Aug-2026,167.79,167.79,166.15,166.67,166.24,664997,1108.91,12227,390177.0,58.67
ITDC, 26-Aug-2026,683.1,693.6,680.1,684.05,681.6,75081,515.52,5705,12499.0,16.65
ITETF, 26-Aug-2026,32.5,32.72,31.95,32.26,32.5,208905,67.49,535,107813.0,51.61
ITI, 26-Aug-2026,278.7,279.95,277.2,278.55,278.15,98308,273.75,3166,39795.0,40.48
ITIETF, 26-Aug-2026,33.98,34.31,33.7,33.81,33.98,450130,152.81,1245,288507.0,64.09
ITL, 26-Aug-2026,373.5,373.5,353.5,364.0,366.0,1078,3.92,115,875.0,81.17
ITTL, 26-Aug-2026,65.5,65.5,64.2,64.2,65.5,315,0.2,2,315.0,100.0
IVALUE, 26-Aug-2026,281.9,283.0,269.7,271.5,280.9,124450,342.25,2801,81967.0,65.86
IVC, 26-Aug-2026,8.08,8.22,8.04,8.07,8.08,157198,12.72,445,139988.0,89.05
IVZBANKNF, 26-Aug-2026,57.22,57.72,57.22,57.72,57.44,1735,1.0,4,1735.0,100.0
IVZINGOLD, 26-Aug-2026,140.0,140.95,139.05,139.65,140.3,59201,82.69,466,55183.0,93.21
IVZINNIFTY, 26-Aug-2026,280.0,280.0,278.2,278.2,277.72,318,0.89,19,264.0,83.02
IVZSENSEX, 26-Aug-2026,76.04,78.09,76.04,77.55,77.45,3167,2.46,17,3026.0,95.55
IWARE, 26-Aug-2026,446.1,446.1,437.1,437.1,445.0,6600,29.09,11,6600.0,100.0
IWP, 26-Aug-2026,32.8,35.5,32.8,35.23,33.65,7417,2.57,61,6619.0,89.24
IXIGO, 26-Aug-2026,169.43,170.63,166.42,168.26,168.37,545839,918.76,14747,252133.0,46.19
IZMO, 26-Aug-2026,849.0,872.05,842.5,856.85,848.1,58592,502.85,4231,29239.0,49.9
J&KBANK, 26-Aug-2026,151.0,153.1,150.5,152.04,149.52,3098055,4711.78,37890,1992695.0,64.32
JAGRAN, 26-Aug-2026,61.5,62.18,61.47,61.74,61.65,117870,72.81,1489,82728.0,70.19
JAGSNPHARM, 26-Aug-2026,246.9,246.9,240.0,242.2,241.43,76102,184.32,2376,34111.0,44.82
JAIBALAJI, 26-Aug-2026,66.0,68.89,65.07,68.58,65.61,780291,527.86,2591,531167.0,68.07
JAICORPLTD, 26-Aug-2026,102.4,102.55,100.9,101.98,101.39,160115,162.81,2282,58403.0,36.48
JAINREC, 26-Aug-2026,291.35,297.2,286.6,289.1,288.4,1342029,3924.04,27355,650409.0,48.46
JAIPURKURT, 26-Aug-2026,26.88,27.0,26.32,26.64,26.32,1249,0.33,71,1131.0,90.55
JALAN, 26-Aug-2026,1.9,1.9,1.9,1.9,1.95,15000,0.29,4,15000.0,100.0
JAMNAAUTO, 26-Aug-2026,121.5,122.85,120.4,120.96,120.65,1134397,1378.42,9727,546613.0,48.19
JARO, 26-Aug-2026,468.9,472.6,453.0,461.1,468.55,123805,569.97,4862,59880.0,48.37
JASH, 26-Aug-2026,489.1,492.0,482.55,489.8,484.3,52665,256.9,3319,31052.0,58.96
JAYAGROGN, 26-Aug-2026,229.64,229.64,218.51,223.25,229.64,11905,26.54,369,5360.0,45.02
JAYBARMARU, 26-Aug-2026,123.5,126.65,122.51,123.85,122.98,188310,232.92,4653,119163.0,63.28
JAYBEE, 26-Aug-2026,86.7,86.7,83.5,83.65,85.0,10500,8.86,19,7500.0,71.43
JAYESH, 26-Aug-2026,135.0,135.0,135.0,135.0,135.25,1000,1.35,1,1000.0,100.0
JAYKAY, 26-Aug-2026,164.9,170.09,155.1,168.94,158.67,1234616,2035.72,21528,399200.0,32.33
JAYNECOIND, 26-Aug-2026,102.07,103.7,99.96,102.23,100.88,5278836,5384.38,28630,2118695.0,40.14
JAYSREETEA, 26-Aug-2026,107.02,112.7,101.2,102.05,106.57,536147,575.55,5756,228484.0,42.62
JBMA, 26-Aug-2026,648.9,661.1,647.35,653.4,647.55,401402,2621.45,14999,101893.0,25.38
JENBURPH, 26-Aug-2026,1067.9,1067.9,1050.1,1050.1,1046.2,384,4.04,30,379.0,98.7
JETFREIGHT, 26-Aug-2026,22.2,23.0,22.18,22.86,22.32,150404,34.14,630,97828.0,65.04
JETKNIT, 26-Aug-2026,50.95,50.95,50.95,50.95,53.6,750,0.38,1,750.0,100.0
JEYYAM, 26-Aug-2026,23.2,23.2,22.75,22.8,23.35,20000,4.57,8,20000.0,100.0
JFLLIFE, 26-Aug-2026,10.0,10.75,10.0,10.75,10.45,36000,3.73,6,18000.0,50.0
JGCHEM, 26-Aug-2026,582.1,608.0,582.1,597.95,579.05,209516,1247.01,8983,86897.0,41.48
JHS, 26-Aug-2026,8.99,9.26,8.8,9.0,8.89,27986,2.53,162,21751.0,77.72
JINDALPHOT, 26-Aug-2026,1051.2,1060.0,1033.3,1042.6,1051.2,842,8.84,126,386.0,45.84
JINDALPOLY, 26-Aug-2026,645.0,650.3,638.2,641.4,646.6,5696,36.6,453,3603.0,63.25
JINDALSAW, 26-Aug-2026,283.4,307.9,279.0,302.45,281.75,12337593,37025.89,117168,2669867.0,21.64
JINDALSTEL, 26-Aug-2026,1155.0,1183.3,1143.1,1175.4,1154.1,896442,10466.91,24741,323542.0,36.09
JINDRILL, 26-Aug-2026,619.0,635.15,614.65,632.45,615.9,157638,983.86,6913,52144.0,33.08
JINDWORLD, 26-Aug-2026,34.81,35.3,34.57,34.84,34.96,704441,245.87,3658,271679.0,38.57
JIOFIN, 26-Aug-2026,244.15,245.0,241.0,241.0,243.15,6814531,16567.67,46494,3433749.0,50.39
JISLDVREQS, 26-Aug-2026,21.02,22.29,20.91,21.61,20.95,45323,9.84,307,24426.0,53.89
JISLJALEQS, 26-Aug-2026,28.07,30.47,27.95,30.07,27.95,19004357,5652.05,55002,5622650.0,29.59
JITFINFRA, 26-Aug-2026,321.1,325.4,317.0,321.55,318.55,16379,52.67,491,11527.0,70.38
JIWANRAM, 26-Aug-2026,4.65,4.65,4.65,4.65,4.75,6000,0.28,1,6000.0,100.0
JKCEMENT, 26-Aug-2026,5225.0,5310.0,5225.0,5277.0,5197.5,15808,834.8,3133,5723.0,36.2
JKIL, 26-Aug-2026,497.55,505.0,497.55,500.65,497.05,79052,396.74,1914,62271.0,78.77
JKIPL, 26-Aug-2026,104.5,108.0,102.0,106.39,103.33,29287,30.65,339,22499.0,76.82
JKLAKSHMI, 26-Aug-2026,544.45,552.0,542.6,549.85,542.45,127947,701.81,10561,66183.0,51.73
JKPAPER, 26-Aug-2026,388.6,400.8,388.6,396.55,388.9,276982,1095.03,8168,131411.0,47.44
JKTYRE, 26-Aug-2026,384.1,386.85,381.6,383.55,380.65,376267,1443.08,9838,158869.0,42.22
JLHL, 26-Aug-2026,301.0,306.85,297.15,298.75,298.7,101768,306.51,6720,52563.0,51.65
JMA, 26-Aug-2026,89.5,91.0,88.33,90.77,89.54,10632,9.57,91,9173.0,86.28
JMFINANCIL, 26-Aug-2026,131.0,133.5,130.8,132.84,130.39,3013699,3989.57,25323,1297857.0,43.07
JNKINDIA, 26-Aug-2026,454.0,463.0,451.0,453.25,453.7,91546,418.03,2460,44327.0,48.42
JNPR, 26-Aug-2026,258.11,270.93,258.11,267.44,258.96,2287532,6068.04,50913,742741.0,32.47
JPOLYINVST, 26-Aug-2026,954.4,1020.9,954.2,992.2,953.6,20528,203.41,2727,9707.0,47.29
JPPOWER, 26-Aug-2026,17.05,17.19,16.96,16.98,16.97,23590325,4023.18,78964,8302646.0,35.2
JSFB, 26-Aug-2026,567.9,570.25,536.3,547.1,570.65,1589777,8693.07,31959,740025.0,46.55
JSL, 26-Aug-2026,705.7,715.5,698.15,712.95,701.4,322891,2280.06,20108,184612.0,57.17
JSLL, 26-Aug-2026,519.8,521.0,511.0,514.25,516.3,296437,1525.18,10633,134190.0,45.27
JSWCEMENT, 26-Aug-2026,125.9,126.47,124.36,124.97,124.99,1655553,2072.14,18308,1252694.0,75.67
JSWDULUX, 26-Aug-2026,3139.7,3140.0,3088.0,3106.0,3114.3,9708,301.83,2387,5504.0,56.7
JSWENERGY, 26-Aug-2026,547.9,553.7,543.5,543.5,548.4,3267733,17897.7,35991,2080617.0,63.67
JSWHL, 26-Aug-2026,11500.0,12000.0,11282.0,11832.0,11446.0,5631,657.69,2342,2208.0,39.21
JSWINFRA, 26-Aug-2026,345.0,345.9,341.55,344.95,343.95,1801827,6206.08,28643,1183709.0,65.69
JSWSTEEL, 26-Aug-2026,1329.0,1341.0,1310.4,1341.0,1320.3,1894784,25135.45,35628,1070495.0,56.5
JTEKTINDIA, 26-Aug-2026,126.28,127.75,125.5,126.53,125.61,85257,107.88,1556,44366.0,52.04
JTLIND, 26-Aug-2026,79.43,81.9,78.62,81.01,78.82,3040504,2460.58,18424,1443294.0,47.47
JUBLCPL, 26-Aug-2026,2163.5,2235.8,2128.2,2141.7,2139.5,5507,119.09,760,2703.0,49.08
JUBLFOOD, 26-Aug-2026,524.35,527.85,499.5,499.5,515.0,2351201,12073.05,45013,736615.0,31.33
JUBLINGREA, 26-Aug-2026,714.5,715.9,706.1,708.15,706.8,90746,644.32,8133,51225.0,56.45
JUBLPHARMA, 26-Aug-2026,902.05,908.45,881.25,887.4,896.65,108892,975.99,8456,65507.0,60.16
JUNIORBEES, 26-Aug-2026,811.38,811.38,800.11,806.9,804.14,290795,2350.61,5857,183830.0,63.22
JUNIPER, 26-Aug-2026,214.4,214.4,210.39,212.04,211.67,83070,175.93,2007,48090.0,57.89
JUSTDIAL, 26-Aug-2026,655.45,659.0,645.0,647.65,655.45,109367,711.64,4924,52262.0,47.79
JWL, 26-Aug-2026,248.2,250.1,246.4,246.85,246.9,384161,952.14,6679,140057.0,36.46
JYOTHYLAB, 26-Aug-2026,213.05,214.98,209.32,211.87,212.64,777195,1650.2,16850,333056.0,42.85
JYOTICNC, 26-Aug-2026,990.35,1020.3,983.0,1012.7,989.95,1279815,12862.68,34762,487352.0,38.08
JYOTIRES, 26-Aug-2026,874.9,911.0,870.0,903.65,864.6,18576,165.31,1415,10796.0,58.12
JYOTISTRUC, 26-Aug-2026,10.55,10.66,10.26,10.32,10.5,4089539,424.92,3601,2405660.0,58.82
K2INFRA, 26-Aug-2026,51.0,51.0,49.05,50.95,50.55,4200,2.09,6,3600.0,85.71
KABRAEXTRU, 26-Aug-2026,613.0,613.0,599.0,601.65,609.15,146744,886.86,4372,73622.0,50.17
KAJARIACER, 26-Aug-2026,1228.7,1231.9,1206.0,1209.5,1213.9,97911,1192.94,8248,40454.0,41.32
KAKATCEM, 26-Aug-2026,114.2,117.0,113.25,113.99,115.62,1450,1.66,78,999.0,68.9
KALAMANDIR, 26-Aug-2026,86.91,88.44,86.9,87.8,86.9,246814,216.87,1990,125328.0,50.78
KALANA, 26-Aug-2026,26.7,26.7,25.3,26.0,26.6,12000,3.12,5,12000.0,100.0
KALPATARU, 26-Aug-2026,279.15,282.4,276.3,277.0,279.15,26733,74.53,889,14915.0,55.79
KALYANIFRG, 26-Aug-2026,680.2,687.85,672.0,675.0,677.95,1173,7.96,133,716.0,61.04
KALYANKJIL, 26-Aug-2026,612.6,617.4,608.8,610.6,612.6,4184633,25636.95,50880,1689415.0,40.37
KAMAHOLD, 26-Aug-2026,2420.9,2422.0,2375.0,2385.5,2394.4,4177,99.89,509,3244.0,77.66
KAMANWALA, 26-Aug-2026,17.0,17.0,16.25,16.38,16.56,976,0.16,18,949.0,97.23
KAMATHOTEL, 26-Aug-2026,226.01,233.4,222.35,227.08,227.2,75358,170.71,1813,37389.0,49.62
KAMOPAINTS, 26-Aug-2026,4.51,4.65,4.5,4.53,4.58,185432,8.43,472,122386.0,66.0
KANANIIND, 26-Aug-2026,1.48,1.51,1.47,1.49,1.45,65612,0.98,155,55142.0,84.04
KANCHI, 26-Aug-2026,411.0,411.9,405.0,411.9,392.3,3619,14.89,102,3047.0,84.19
KANCOTEA, 26-Aug-2026,56.9,58.0,56.35,56.35,56.45,204,0.12,6,203.0,99.51
KANDARP, 26-Aug-2026,101.0,101.0,99.5,101.0,102.9,43000,43.41,11,43000.0,100.0
KANPRPLA, 26-Aug-2026,282.95,283.01,260.32,263.27,277.19,47054,125.87,1774,22686.0,48.21
KANSAINER, 26-Aug-2026,201.9,202.9,200.08,201.33,200.43,107286,215.87,4709,55263.0,51.51
KAPSTON, 26-Aug-2026,511.5,517.5,503.0,505.25,511.5,43906,222.74,1660,31840.0,72.52
KARMAENG, 26-Aug-2026,38.7,38.7,37.8,38.0,38.2,2342,0.89,22,1977.0,84.42
KARNIKA, 26-Aug-2026,116.75,116.75,111.0,112.35,114.45,34000,38.28,33,18000.0,52.94
KARURVYSYA, 26-Aug-2026,347.3,358.65,345.55,354.35,346.0,3910226,13812.56,51597,1477389.0,37.78
KATARIA, 26-Aug-2026,104.1,105.0,104.1,105.0,104.1,1800,1.88,2,1800.0,100.0
KAVDEFENCE, 26-Aug-2026,60.11,60.6,58.01,58.41,59.51,75758,44.39,880,45169.0,59.62
KAYNES, 26-Aug-2026,3943.6,4117.9,3938.0,4032.0,3936.0,1736408,70282.4,101045,426157.0,24.54
KAYTEX, 26-Aug-2026,54.0,56.5,54.0,55.3,58.5,8000,4.46,10,7200.0,90.0
KCEIL, 26-Aug-2026,85.95,86.0,82.95,83.0,83.4,15500,12.98,30,13000.0,83.87
KCK, 26-Aug-2026,14.4,14.6,14.0,14.5,13.95,360000,50.72,15,360000.0,100.0
KCP, 26-Aug-2026,176.01,177.5,171.05,172.03,177.06,145072,252.25,3353,83607.0,57.63
KDDL, 26-Aug-2026,3924.6,4045.0,3910.5,3941.1,3924.6,36228,1445.92,6943,18737.0,51.72
KDL, 26-Aug-2026,109.0,110.0,99.0,104.75,106.85,28650,29.94,122,15600.0,54.45
KEC, 26-Aug-2026,427.9,433.6,427.9,430.15,426.35,427698,1839.56,15565,245808.0,57.47
KECL, 26-Aug-2026,129.48,132.0,128.0,130.44,129.03,64611,83.59,1327,30059.0,46.52
KEEPLEARN, 26-Aug-2026,2.05,2.05,1.86,1.98,1.92,111714,2.21,95,100836.0,90.26
KEI, 26-Aug-2026,5600.0,5615.0,5465.1,5540.0,5588.0,194870,10781.37,20328,73655.0,37.8
KELLTONTEC, 26-Aug-2026,13.65,13.76,13.4,13.51,13.63,1190023,161.03,3206,770809.0,64.77
KEN, 26-Aug-2026,40.0,41.2,39.6,39.6,40.05,10800,4.34,9,6000.0,55.56
KENNAMET, 26-Aug-2026,4135.0,4369.0,4118.9,4325.5,4132.1,62176,2646.45,9929,26345.0,42.37
KERNEX, 26-Aug-2026,1910.0,1925.0,1855.0,1860.4,1899.4,146398,2741.25,10078,64046.0,43.75
KEYFINSERV, 26-Aug-2026,260.0,265.0,256.0,256.65,256.45,230,0.6,41,166.0,72.17
KFINTECH, 26-Aug-2026,969.95,978.0,955.0,976.5,966.0,1114713,10778.57,35829,447600.0,40.15
KHAICHEM, 26-Aug-2026,57.0,57.9,56.5,56.92,56.75,196359,112.53,1496,123308.0,62.8
KHAITANLTD, 26-Aug-2026,145.0,149.0,144.0,146.96,146.98,1990,2.88,32,1641.0,82.46
KHANDSE, 26-Aug-2026,17.09,17.24,16.1,17.05,17.09,3242,0.55,72,2074.0,63.97
KHFM, 26-Aug-2026,47.2,47.2,47.2,47.2,44.95,1550,0.73,1,1550.0,100.0
KICL, 26-Aug-2026,5321.0,5326.0,5236.0,5260.5,5238.0,552,29.11,172,322.0,58.33
KIMS, 26-Aug-2026,774.8,781.5,753.0,756.1,772.5,519861,3972.72,17625,328619.0,63.21
KINGFA, 26-Aug-2026,5911.0,6090.0,5911.0,6060.5,5909.5,16728,1008.8,3502,6821.0,40.78
KIOCL, 26-Aug-2026,381.3,390.2,381.0,388.95,379.8,59373,229.25,3054,21218.0,35.74
KIRANVYPAR, 26-Aug-2026,206.55,206.55,198.1,202.0,202.5,2824,5.74,31,2682.0,94.97
KIRIINDUS, 26-Aug-2026,498.0,519.8,488.0,516.2,498.7,833857,4219.74,18902,299958.0,35.97
KIRLFER, 26-Aug-2026,443.5,450.0,441.55,448.3,442.5,54403,242.2,2593,32361.0,59.48
KIRLOSBROS, 26-Aug-2026,1905.0,1914.5,1887.5,1900.7,1899.0,17308,328.51,3153,8128.0,46.96
KIRLOSENG, 26-Aug-2026,2059.3,2077.8,2030.0,2036.6,2029.3,130801,2671.11,20817,54403.0,41.59
KIRLOSIND, 26-Aug-2026,3709.4,3800.0,3709.4,3774.0,3701.1,3635,136.91,914,1767.0,48.61
KIRLPNU, 26-Aug-2026,724.0,733.9,714.2,728.6,721.9,119282,864.17,12692,57266.0,48.01
KISSHT, 26-Aug-2026,310.3,311.75,304.85,306.55,310.3,603145,1858.59,14509,333676.0,55.32
KITEX, 26-Aug-2026,127.57,127.69,126.01,126.8,126.56,259764,329.14,2753,107412.0,41.35
KJMCFIN, 26-Aug-2026,66.25,73.8,66.25,73.78,71.97,6283,4.37,187,4986.0,79.36
KKCL, 26-Aug-2026,513.1,520.6,512.0,514.8,515.45,10939,56.36,907,6322.0,57.79
KKJEWELS, 26-Aug-2026,101.4,101.4,101.4,101.4,98.5,1000,1.01,1,1000.0,100.0
KKVAPOW, 26-Aug-2026,368.0,368.0,368.0,368.0,387.1,171,0.63,1,171.0,100.0
KLBRENG-B, 26-Aug-2026,394.0,410.0,391.8,394.9,393.9,431682,1728.08,8242,309109.0,71.61
KLL, 26-Aug-2026,22.5,22.6,21.5,22.2,22.5,8800,1.93,11,6400.0,72.73
KMCSHIL, 26-Aug-2026,139.11,141.59,137.82,138.91,140.22,75596,105.15,1584,38208.0,50.54
KMEW, 26-Aug-2026,2734.9,2849.9,2692.1,2777.8,2685.1,93743,2608.41,14083,40768.0,43.49
KMSUGAR, 26-Aug-2026,32.29,32.95,31.7,31.96,32.48,402064,129.33,1564,230137.0,57.24
KNACK, 26-Aug-2026,198.6,201.11,193.15,195.3,196.58,538564,1063.06,6694,254733.0,47.3
KNAGRI, 26-Aug-2026,217.95,219.3,214.0,215.29,218.01,44433,96.26,183,42905.0,96.56
KNRCON, 26-Aug-2026,124.4,125.26,122.9,123.42,123.79,840335,1041.0,11436,430258.0,51.2
KODYTECH, 26-Aug-2026,1413.0,1413.0,1390.5,1403.7,1443.0,5000,70.06,38,5000.0,100.0
KOHINOOR, 26-Aug-2026,35.5,36.3,32.75,34.66,35.78,378878,129.09,3048,166444.0,43.93
KOKUYOCMLN, 26-Aug-2026,80.0,80.75,79.2,79.93,79.11,23666,18.92,526,12578.0,53.15
KOLTEPATIL, 26-Aug-2026,459.75,464.75,455.0,456.7,459.45,47499,218.08,1963,19443.0,40.93
KONSTELEC, 26-Aug-2026,61.5,61.5,60.0,61.5,58.6,202000,123.59,65,196000.0,97.03
KONTOR, 26-Aug-2026,59.35,59.35,57.15,57.15,59.35,2400,1.4,4,2400.0,100.0
KORE, 26-Aug-2026,125.0,128.0,101.9,107.7,124.85,49000,53.26,88,39000.0,79.59
KOTAKBANK, 26-Aug-2026,402.5,417.45,401.0,416.7,401.6,20168995,83279.07,285032,12586149.0,62.4
KOTARISUG, 26-Aug-2026,33.87,38.0,33.13,33.79,35.25,787916,278.05,4613,283287.0,35.95
KOTHARIPET, 26-Aug-2026,134.99,138.0,132.2,134.4,134.05,64736,86.8,1068,27836.0,43.0
KOTHARIPRO, 26-Aug-2026,70.55,70.55,68.0,68.06,68.92,11256,7.68,134,10178.0,90.42
KOTIC, 26-Aug-2026,147.7,150.02,146.01,149.05,146.69,2464,3.66,143,2015.0,81.78
KOVAI, 26-Aug-2026,6006.5,6178.5,5955.5,6122.0,5985.5,5077,309.62,1282,3921.0,77.23
KPEL, 26-Aug-2026,255.95,257.4,249.0,250.35,253.45,260368,655.45,6701,146462.0,56.25
KPIGREEN, 26-Aug-2026,319.3,323.65,318.55,322.0,319.25,573662,1845.43,13302,206293.0,35.96
KPIL, 26-Aug-2026,1390.1,1398.0,1381.8,1391.3,1384.4,75369,1048.65,16469,40631.0,53.91
KPITTECH, 26-Aug-2026,593.0,596.2,587.45,590.0,592.0,918198,5427.68,16653,354590.0,38.62
KPL, 26-Aug-2026,3373.1,3455.8,3310.1,3326.1,3373.1,33084,1109.95,4097,18947.0,57.27
KPRMILL, 26-Aug-2026,1129.0,1138.7,1117.3,1136.0,1120.0,98602,1114.46,8238,46608.0,47.27
KRBL, 26-Aug-2026,426.4,452.8,425.0,447.4,423.0,2764286,12275.94,49041,855977.0,30.97
KREBSBIO, 26-Aug-2026,54.99,54.99,52.86,53.0,53.78,6423,3.42,259,5815.0,90.53
KRISHANA, 26-Aug-2026,203.8,206.13,199.26,205.16,201.72,1486699,3025.41,10553,771981.0,51.93
KRISHCA, 26-Aug-2026,170.0,172.7,163.0,165.0,170.65,23000,38.3,34,19000.0,82.61
KRISHIVAL, 26-Aug-2026,407.0,408.7,389.55,396.0,406.25,47661,190.33,994,39569.0,83.02
KRISHNADEF, 26-Aug-2026,1050.0,1052.2,1016.5,1025.9,1030.6,77370,797.89,7299,31869.0,41.19
KRITI, 26-Aug-2026,65.89,65.89,63.91,64.14,64.35,11985,7.74,112,9252.0,77.2
KRITIKA, 26-Aug-2026,5.6,5.6,5.46,5.5,5.49,132248,7.28,341,117356.0,88.74
KRITINUT, 26-Aug-2026,90.39,92.0,86.1,88.1,90.39,19985,17.7,374,10436.0,52.22
KRMAYURVED, 26-Aug-2026,270.0,293.5,270.0,279.8,270.0,162000,456.53,134,94000.0,58.02
KRN, 26-Aug-2026,1535.0,1548.8,1492.7,1511.9,1524.8,91119,1382.2,7817,46161.0,50.66
KROSS, 26-Aug-2026,209.79,218.8,207.0,217.72,209.11,859925,1855.11,13327,366042.0,42.57
KRSNAA, 26-Aug-2026,570.2,573.0,559.0,565.55,564.8,90915,513.29,2520,67489.0,74.23
KRT, 26-Aug-2026,116.5,116.5,112.6,113.19,116.53,1972567,2247.08,8126,1638089.0,83.04
KRYSTAL, 26-Aug-2026,623.9,670.35,623.9,652.45,621.05,54355,355.99,3298,18700.0,34.4
KSB, 26-Aug-2026,809.95,814.5,793.15,796.45,802.85,133590,1074.04,12974,63347.0,47.42
KSCL, 26-Aug-2026,786.85,790.3,771.2,785.25,786.85,144896,1134.02,4592,80504.0,55.56
KSE, 26-Aug-2026,176.05,181.0,176.0,180.23,175.94,12913,22.97,404,8184.0,63.38
KSHINTL, 26-Aug-2026,973.0,974.8,944.0,948.25,970.2,175015,1667.23,13579,96952.0,55.4
KSHITIJPOL, 26-Aug-2026,3.08,3.11,3.0,3.11,2.97,1358549,42.05,613,1009723.0,74.32
KSL, 26-Aug-2026,874.2,924.5,864.55,919.3,874.2,182924,1653.11,10837,82587.0,45.15
KSOLVES, 26-Aug-2026,273.3,276.0,271.1,273.4,274.15,17712,48.35,1106,9925.0,56.04
KSR, 26-Aug-2026,29.4,29.4,28.26,29.13,28.65,2845,0.83,48,2485.0,87.35
KTKBANK, 26-Aug-2026,335.55,341.0,330.85,337.7,334.6,3190171,10785.12,38839,1803424.0,56.53
KUANTUM, 26-Aug-2026,72.49,74.28,71.81,72.35,72.12,105918,77.15,1972,50768.0,47.93
KUSUMGAR, 26-Aug-2026,600.0,600.05,578.0,580.4,599.2,230393,1350.59,6151,107663.0,46.73
KWIL, 26-Aug-2026,47.06,48.07,46.16,46.48,47.19,20823420,9828.07,44926,5040663.0,24.21
LADDERUP, 26-Aug-2026,50.0,53.95,50.0,53.47,49.0,139,0.07,8,130.0,93.53
LAGNAM, 26-Aug-2026,75.75,76.0,74.18,75.55,75.93,4907,3.71,79,4230.0,86.2
LAHOTIOV, 26-Aug-2026,42.99,42.99,41.63,42.72,42.17,5075,2.18,13,4391.0,86.52
LAKSHMIMIL, 26-Aug-2026,7800.5,8299.0,7800.5,8299.0,8020.5,5,0.4,5,3.0,60.0
LAKSHYA, 26-Aug-2026,85.6,85.6,80.2,82.0,83.95,15200,12.52,18,10400.0,68.42
LAL, 26-Aug-2026,9.0,9.0,8.7,8.93,8.83,7270,0.65,74,6582.0,90.54
LALITHAA, 26-Aug-2026,252.75,253.75,242.25,244.0,249.87,11638553,28631.2,108393,3520950.0,30.25
LALPATHLAB, 26-Aug-2026,1900.0,1946.5,1885.0,1937.3,1913.7,134265,2594.93,24851,70012.0,52.14
LAMBODHARA, 26-Aug-2026,140.55,144.95,136.16,141.88,142.03,86226,122.84,1305,29679.0,34.42
LAMOSAIC, 26-Aug-2026,56.05,59.65,56.05,59.1,57.35,216000,123.98,102,168000.0,77.78
LANCER, 26-Aug-2026,11.59,11.99,10.5,11.72,11.34,652874,75.95,1111,474339.0,72.65
LANCORHOL, 26-Aug-2026,32.75,32.99,30.25,30.86,32.14,188316,59.02,2606,111667.0,59.3
LANDMARK, 26-Aug-2026,527.0,530.35,513.0,516.2,528.45,58778,305.56,2932,24198.0,41.17
LANDSMILL, 26-Aug-2026,0.7,0.72,0.7,0.7,0.7,1812399,12.81,1054,1285665.0,70.94
LAOPALA, 26-Aug-2026,170.86,171.3,169.27,170.17,170.88,120870,205.68,5373,73678.0,60.96
LARGEMID50, 26-Aug-2026,37.01,37.08,36.9,36.9,36.83,2483,0.92,13,1388.0,55.9
LASA, 26-Aug-2026,7.21,7.21,6.87,6.94,7.07,20756,1.45,112,14828.0,71.44
LASERPOWER, 26-Aug-2026,337.6,341.2,325.35,328.2,335.4,684102,2287.87,11292,276744.0,40.45
LATENTVIEW, 26-Aug-2026,280.25,281.1,270.5,273.7,279.35,390347,1078.19,12479,190661.0,48.84
LATTEYS, 26-Aug-2026,22.7,22.97,22.07,22.6,22.25,28716,6.46,121,19743.0,68.75
LAURUSLABS, 26-Aug-2026,1871.1,1898.3,1857.4,1887.0,1866.2,3334188,62869.62,100185,2054289.0,61.61
LAXMICOT, 26-Aug-2026,13.97,14.05,13.2,13.74,13.67,13811,1.89,103,6295.0,45.58
LAXMIDENTL, 26-Aug-2026,193.5,199.0,193.5,196.21,193.1,74193,145.63,9940,39066.0,52.65
LAXMIINDIA, 26-Aug-2026,126.95,129.76,124.62,126.73,125.96,78913,100.22,1000,36807.0,46.64
LCCINFOTEC, 26-Aug-2026,3.32,3.75,3.3,3.75,3.41,182473,6.8,141,131647.0,72.15
LCL, 26-Aug-2026,582.0,604.7,570.2,598.2,587.0,619295,3657.64,25490,282505.0,45.62
LEAPIND, 26-Aug-2026,159.5,165.18,158.6,159.65,158.31,4208271,6805.99,34333,1760063.0,41.82
LEENEE, 26-Aug-2026,10.24,10.25,9.28,9.84,9.91,51827,5.05,285,36624.0,70.67
LEMERITE, 26-Aug-2026,23.0,23.5,21.76,21.9,22.9,324971,72.28,826,129766.0,39.93
LEMONTREE, 26-Aug-2026,109.69,110.45,108.6,108.75,109.21,2140318,2341.26,33244,1347900.0,62.98
LENSKART, 26-Aug-2026,662.5,663.1,640.1,647.15,655.95,9132576,59120.23,84739,4756459.0,52.08
LEXUS, 26-Aug-2026,13.44,13.83,13.44,13.75,13.27,16573,2.27,82,15096.0,91.09
LFIC, 26-Aug-2026,138.0,141.9,136.0,136.65,138.04,950,1.31,39,793.0,83.47
LGBBROSLTD, 26-Aug-2026,1613.0,1700.0,1613.0,1688.9,1611.5,83712,1395.29,8099,48616.0,58.08
LGEINDIA, 26-Aug-2026,1695.0,1703.0,1665.8,1675.4,1690.4,454580,7679.51,30124,301128.0,66.24
LGHL, 26-Aug-2026,172.25,178.3,172.25,176.1,174.84,9205,16.27,302,2984.0,32.42
LIBAS, 26-Aug-2026,10.25,11.88,10.11,10.65,10.15,164358,17.77,348,114852.0,69.88
LIBERTSHOE, 26-Aug-2026,248.0,250.85,245.7,248.1,247.15,9822,24.29,397,6342.0,64.57
LICHSGFIN, 26-Aug-2026,506.0,526.9,506.0,524.4,506.0,6509187,33939.54,58153,3227139.0,49.58
LICI, 26-Aug-2026,423.9,427.9,415.15,415.3,424.0,15185925,63815.36,104790,9348050.0,61.56
LICMFGOLD, 26-Aug-2026,145.0,145.65,143.55,143.75,145.0,87357,126.11,742,63893.0,73.14
LICNETFGSC, 26-Aug-2026,29.79,29.79,29.46,29.67,29.59,20977,6.21,83,11979.0,57.11
LICNETFN50, 26-Aug-2026,274.26,274.6,271.82,272.99,274.58,1173,3.2,38,632.0,53.88
LICNETFSEN, 26-Aug-2026,882.33,882.33,882.33,882.33,880.0,56,0.49,1,56.0,100.0
LICNFNHGP, 26-Aug-2026,279.18,281.55,277.83,279.82,278.82,340,0.95,11,301.0,88.53
LICNMID100, 26-Aug-2026,65.06,65.06,64.33,64.86,64.74,830,0.54,51,564.0,67.95
LIKHITHA, 26-Aug-2026,210.79,214.55,208.0,210.89,210.78,19983,41.9,490,11535.0,57.72
LINC, 26-Aug-2026,97.8,98.5,96.51,97.2,96.11,11058,10.75,398,8686.0,78.55
LINCOLN, 26-Aug-2026,618.25,619.45,611.0,612.55,618.2,25102,154.0,3840,13495.0,53.76
LINDEINDIA, 26-Aug-2026,6525.0,6695.0,6512.5,6598.5,6493.5,27522,1824.58,6409,10430.0,37.9
LIQGRWBEES, 26-Aug-2026,1053.11,1053.13,1053.11,1053.11,1053.03,88228,929.14,142,75393.0,85.45
LIQUID, 26-Aug-2026,999.99,1000.0,999.99,999.99,999.99,236532,2365.31,183,106998.0,45.24
LIQUID1, 26-Aug-2026,1118.11,1124.0,1118.11,1119.85,1119.86,963843,10793.69,492,801325.0,83.14
LIQUIDADD, 26-Aug-2026,1141.95,1141.97,1141.95,1141.96,1141.96,218197,2491.73,558,155935.0,71.47
LIQUIDBEES, 26-Aug-2026,1000.77,1000.77,999.99,1000.0,1000.0,3457981,34579.93,4156,2969670.0,85.88
LIQUIDBETF, 26-Aug-2026,1096.19,1096.19,1096.17,1096.18,1096.18,150941,1654.59,139,123916.0,82.1
LIQUIDCASE, 26-Aug-2026,115.65,115.65,115.63,115.63,115.63,15380215,17785.19,14016,12603721.0,81.95
LIQUIDETF, 26-Aug-2026,1000.0,1000.01,999.99,1000.0,999.99,78036,780.36,194,44401.0,56.9
LIQUIDIETF, 26-Aug-2026,999.99,1000.01,999.99,999.99,999.99,353347,3533.47,144,224693.0,63.59
LIQUIDPLUS, 26-Aug-2026,1100.52,1100.52,1100.5,1100.5,1100.5,311433,3427.34,265,232560.0,74.67
LIQUIDSBI, 26-Aug-2026,999.99,1000.01,999.99,1000.0,999.99,2100,21.0,25,1882.0,89.62
LIQUIDSHRI, 26-Aug-2026,1118.88,1118.88,1118.86,1118.86,1118.88,2274,25.44,15,2267.0,99.69
LKPSEC, 26-Aug-2026,16.36,16.46,15.21,15.43,15.89,9187,1.43,176,6705.0,72.98
LLOYDS, 26-Aug-2026,64.0,64.0,61.0,61.0,64.0,8000,5.0,7,8000.0,100.0
LLOYDSENGG, 26-Aug-2026,86.0,89.0,85.76,88.51,85.73,5665352,4983.53,25630,2577825.0,45.5
LLOYDSENT, 26-Aug-2026,74.35,75.51,73.9,74.36,74.07,2316948,1730.54,9676,997821.0,43.07
LLOYDSME, 26-Aug-2026,1853.7,1853.7,1825.0,1845.7,1844.7,286620,5262.52,11654,147247.0,51.37
LMW, 26-Aug-2026,19405.0,19480.0,19150.0,19204.0,19358.0,4017,774.4,1321,2084.0,51.88
LODHA, 26-Aug-2026,1282.0,1306.9,1265.0,1265.0,1281.1,1402916,17991.3,32174,684209.0,48.77
LORDSCHLO, 26-Aug-2026,136.25,141.0,135.79,139.54,134.49,15542,21.53,624,8823.0,56.77
LOTUSCHO, 26-Aug-2026,625.4,629.4,616.1,625.45,625.4,1007,6.27,72,854.0,84.81
LOTUSEYE, 26-Aug-2026,114.65,114.9,110.44,111.61,113.99,15711,17.65,298,7855.0,50.0
LOVABLE, 26-Aug-2026,72.15,75.5,71.1,74.0,71.28,19946,14.72,376,14206.0,71.22
LOWVOL, 26-Aug-2026,209.02,209.02,208.11,208.11,208.1,7055,14.71,17,5101.0,72.3
LOWVOL1, 26-Aug-2026,21.36,21.46,21.13,21.22,21.39,269744,57.77,148,252783.0,93.71
LOWVOLIETF, 26-Aug-2026,22.59,22.59,22.15,22.33,22.34,772942,172.8,1217,697993.0,90.3
LOYALTEX, 26-Aug-2026,229.73,229.73,202.5,215.0,210.0,902,1.93,21,861.0,95.45
LPDC, 26-Aug-2026,6.92,7.34,6.92,7.05,7.18,34943,2.49,196,32424.0,92.79
LRRPL, 26-Aug-2026,85.0,86.7,85.0,85.0,83.0,6000,5.13,4,6000.0,100.0
LT, 26-Aug-2026,4114.0,4124.9,4038.1,4038.1,4119.0,1384669,56413.37,75498,690215.0,49.85
LTF, 26-Aug-2026,320.7,327.3,320.7,322.2,319.5,3557857,11509.47,41202,1510724.0,42.46
LTFOODS, 26-Aug-2026,446.0,456.55,443.95,451.3,445.8,1169369,5273.23,25094,307355.0,26.28
LTGILTBEES, 26-Aug-2026,30.03,30.11,29.8,29.99,30.02,534192,160.26,592,451844.0,84.58
LTGILTCASE, 26-Aug-2026,31.19,31.19,30.58,30.64,30.58,64375,19.73,198,61558.0,95.62
LTM, 26-Aug-2026,4520.8,4572.5,4460.0,4460.0,4528.0,190869,8621.85,22762,79277.0,41.53
LTTS, 26-Aug-2026,3570.2,3608.8,3530.0,3543.2,3568.2,34964,1244.5,8281,16871.0,48.25
LUMAXIND, 26-Aug-2026,5878.5,6187.0,5786.0,6160.5,5909.0,34648,2118.27,9007,14816.0,42.76
LUMAXTECH, 26-Aug-2026,1932.1,1969.9,1920.1,1927.8,1932.1,72924,1414.06,11943,30828.0,42.27
LUPIN, 26-Aug-2026,2175.5,2237.9,2173.6,2185.0,2175.5,1230081,27064.86,66323,742821.0,60.39
LUXIND, 26-Aug-2026,1227.1,1239.8,1202.1,1207.1,1227.1,8652,104.99,1046,5217.0,60.3
LXCHEM, 26-Aug-2026,171.95,173.8,170.65,172.21,170.5,313025,538.39,4500,141102.0,45.08
M&M, 26-Aug-2026,3435.0,3447.9,3398.2,3398.2,3443.0,687761,23560.46,39791,313585.0,45.6
M&MFIN, 26-Aug-2026,383.65,389.4,383.65,385.35,381.45,2023499,7810.58,31879,1210318.0,59.81
MAANALU, 26-Aug-2026,118.5,120.6,118.0,118.98,118.32,15278,18.17,624,8499.0,55.63
MACOBSTECH, 26-Aug-2026,205.0,205.0,203.0,203.75,205.5,16000,32.53,5,16000.0,100.0
MACPOWER, 26-Aug-2026,1897.1,1947.0,1812.7,1850.6,1903.0,58805,1106.58,4571,41113.0,69.91
MADHAV, 26-Aug-2026,36.85,36.85,34.5,34.84,35.46,1741,0.61,83,1416.0,81.33
MADHAVBAUG, 26-Aug-2026,182.95,184.8,182.95,184.75,178.6,3200,5.89,7,3200.0,100.0
MADHAVIPL, 26-Aug-2026,7.3,8.3,7.3,8.03,7.23,1027080,82.05,1761,539232.0,52.5
MADHUSUDAN, 26-Aug-2026,214.0,216.0,209.35,212.6,213.25,15000,31.99,15,11000.0,73.33
MADRASFERT, 26-Aug-2026,71.0,72.1,69.5,69.71,69.81,261654,185.32,2282,87539.0,33.46
MAFANG, 26-Aug-2026,205.29,205.29,205.29,205.29,206.94,54308,111.49,310,54308.0,100.0
MAFATIND, 26-Aug-2026,122.0,123.0,119.55,120.09,120.92,41096,49.81,1041,30494.0,74.2
MAGADSUGAR, 26-Aug-2026,578.85,592.95,569.2,577.1,582.35,44515,257.34,2835,11735.0,26.36
MAGNUM, 26-Aug-2026,19.88,19.88,18.8,19.19,19.26,18770,3.59,95,15464.0,82.39
MAGSON, 26-Aug-2026,185.5,189.9,185.5,189.9,182.5,5000,9.4,4,5000.0,100.0
MAHABANK, 26-Aug-2026,82.49,87.0,82.0,85.6,81.7,56264531,47982.04,146487,21227928.0,37.73
MAHAPEXLTD, 26-Aug-2026,58.51,60.0,55.35,57.28,58.85,14271,8.13,240,10911.0,76.46
MAHEPC, 26-Aug-2026,106.2,108.14,105.5,107.34,106.2,28583,30.53,808,13943.0,48.78
MAHICKRA, 26-Aug-2026,302.0,302.0,294.0,294.0,288.0,2250,6.7,3,1500.0,66.67
MAHKTECH, 26-Aug-2026,22.68,22.68,22.68,22.68,22.88,238293,54.04,321,238293.0,100.0
MAHLIFE, 26-Aug-2026,380.95,380.95,368.5,371.25,376.55,94343,351.85,3576,44609.0,47.28
MAHLOG, 26-Aug-2026,403.7,411.35,394.05,399.4,399.7,193124,772.09,10798,92272.0,47.78
MAHSCOOTER, 26-Aug-2026,13249.0,13949.0,13248.0,13662.0,13216.0,18050,2472.58,5827,4421.0,24.49
MAHSEAMLES, 26-Aug-2026,640.0,645.0,632.3,636.55,636.55,221620,1412.05,12042,131430.0,59.3
MAITHANALL, 26-Aug-2026,990.0,1011.0,985.8,1005.25,988.75,47125,471.67,2492,25520.0,54.15
MAITREYA, 26-Aug-2026,125.0,125.0,116.9,116.9,112.25,2400,2.87,6,1200.0,50.0
MAKEINDIA, 26-Aug-2026,171.5,171.5,168.29,168.93,168.14,79045,133.47,405,61388.0,77.66
MAKERSL, 26-Aug-2026,220.02,222.99,210.0,214.49,215.51,4246,9.05,138,3529.0,83.11
MAKS, 26-Aug-2026,13.35,13.35,13.35,13.35,14.0,1500,0.2,1,1500.0,100.0
MAL, 26-Aug-2026,30.25,30.25,30.05,30.1,30.4,9600,2.89,6,6400.0,66.67
MALLCOM, 26-Aug-2026,1030.0,1030.0,968.5,979.75,1016.8,4030,39.95,388,2166.0,53.75
MALUPAPER, 26-Aug-2026,32.01,32.01,31.5,31.72,32.01,862,0.27,21,857.0,99.42
MAMATA, 26-Aug-2026,413.45,416.95,407.1,410.15,410.4,116346,479.45,3076,90038.0,77.39
MANAKALUCO, 26-Aug-2026,40.95,40.95,38.51,39.17,40.04,40640,16.1,685,27070.0,66.61
MANAKCOAT, 26-Aug-2026,124.52,126.61,123.0,124.54,124.09,67397,83.82,1164,36122.0,53.6
MANAKSIA, 26-Aug-2026,57.37,58.01,56.62,57.09,57.7,21308,12.19,257,17645.0,82.81
MANAKSTEEL, 26-Aug-2026,87.99,88.0,86.01,87.02,86.74,9038,7.87,143,7527.0,83.28
MANALIPETC, 26-Aug-2026,74.89,75.71,73.99,74.26,74.87,541311,404.71,3801,249018.0,46.0
MANAPPURAM, 26-Aug-2026,368.0,372.55,365.4,365.4,367.45,4041776,14905.82,30286,1653002.0,40.9
MANAV, 26-Aug-2026,32.8,32.8,32.8,32.8,31.25,4000,1.31,1,4000.0,100.0
MANBA, 26-Aug-2026,129.79,133.99,128.0,131.82,127.61,152843,199.81,1869,40165.0,26.28
MANBRO, 26-Aug-2026,60.96,60.96,58.55,60.23,59.66,48018,28.54,582,15076.0,31.4
MANCREDIT, 26-Aug-2026,223.15,226.6,219.25,221.62,222.17,132821,293.44,893,7642.0,5.75
MANDEEP, 26-Aug-2026,17.25,17.6,17.0,17.0,17.25,62000,10.81,13,62000.0,100.0
MANGALAM, 26-Aug-2026,33.6,34.13,31.35,31.41,32.84,93998,30.5,616,72076.0,76.68
MANGLMCEM, 26-Aug-2026,1030.15,1066.05,1025.3,1057.7,1034.5,154134,1624.25,6287,98824.0,64.12
MANILAM, 26-Aug-2026,46.0,48.0,46.0,48.0,47.95,4000,1.88,2,2000.0,50.0
MANINDS, 26-Aug-2026,712.0,734.0,694.1,703.1,711.5,550334,3935.79,19977,227292.0,41.3
MANINFRA, 26-Aug-2026,114.0,115.39,113.22,114.51,113.86,1094009,1251.23,6190,583261.0,53.31
MANIPALHOS, 26-Aug-2026,772.0,801.0,764.1,795.0,762.8,2565584,20038.31,65310,1185980.0,46.23
MANKIND, 26-Aug-2026,2358.0,2423.9,2358.0,2393.7,2365.0,513001,12350.42,40306,246659.0,48.08
MANOMAY, 26-Aug-2026,219.8,224.44,216.9,220.31,215.57,198054,436.24,3002,53876.0,27.2
MANORAMA, 26-Aug-2026,1917.8,1924.3,1881.0,1896.9,1914.6,139059,2644.23,16203,58275.0,41.91
MANORG, 26-Aug-2026,500.0,522.45,497.9,503.55,500.4,14046,71.53,794,8339.0,59.37
MANUFGBEES, 26-Aug-2026,166.91,168.52,166.02,167.2,166.85,3059,5.1,83,2180.0,71.27
MANYAVAR, 26-Aug-2026,541.25,551.0,536.8,546.6,536.5,420758,2300.69,21324,173304.0,41.19
MAPMYINDIA, 26-Aug-2026,970.0,1029.0,964.3,1008.5,964.3,798903,8053.01,43848,115542.0,14.46
MARALOVER, 26-Aug-2026,54.5,56.0,54.01,55.7,55.0,7916,4.4,50,7393.0,93.39
MARATHON, 26-Aug-2026,399.4,438.7,399.4,419.45,402.4,1433168,6140.63,35087,233819.0,16.31
MARC, 26-Aug-2026,145.1,148.0,145.1,147.0,145.1,12000,17.64,7,12000.0,100.0
MARCO, 26-Aug-2026,33.6,33.6,31.05,31.9,33.45,10500,3.35,6,9000.0,85.71
MARICO, 26-Aug-2026,846.15,849.0,829.45,833.0,847.5,1411009,11796.13,50359,932787.0,66.11
MARINE, 26-Aug-2026,377.5,382.0,363.95,375.55,373.5,478975,1789.04,13893,169718.0,35.43
MARKOLINES, 26-Aug-2026,172.99,175.94,171.08,171.83,171.95,155498,269.5,1193,44328.0,28.51
MARKSANS, 26-Aug-2026,319.95,332.4,319.2,331.05,318.5,1989892,6522.65,35445,821023.0,41.26
MARSONS, 26-Aug-2026,123.99,124.9,121.4,123.58,123.4,1040813,1287.76,8184,414630.0,39.84
MARUSHIKA, 26-Aug-2026,115.3,118.0,110.7,112.95,108.5,222000,256.77,151,199200.0,89.73
MARUTI, 26-Aug-2026,13750.0,13750.0,13514.0,13520.0,13678.0,197113,26819.56,32697,118064.0,59.9
MASFIN, 26-Aug-2026,300.95,301.15,296.4,297.25,299.6,156766,468.07,21685,104975.0,66.96
MASKINVEST, 26-Aug-2026,151.72,151.72,151.72,151.72,144.5,5,0.01,2,5.0,100.0
MASON, 26-Aug-2026,120.15,122.4,118.0,120.85,121.45,16000,19.16,29,12500.0,78.13
MASPTOP50, 26-Aug-2026,79.58,79.58,79.58,79.58,79.95,28834,22.95,839,28834.0,100.0
MASTEK, 26-Aug-2026,1660.1,1682.9,1641.0,1644.5,1666.5,62327,1031.32,12902,35355.0,56.73
MASTER, 26-Aug-2026,435.0,449.0,435.0,449.0,435.0,1000,4.42,2,500.0,50.0
MASTERTR, 26-Aug-2026,83.7,85.99,82.26,84.96,82.83,190755,160.05,983,84725.0,44.42
MATRIMONY, 26-Aug-2026,517.55,522.5,513.5,515.05,519.25,7804,40.35,487,4038.0,51.74
MAWANASUG, 26-Aug-2026,144.0,148.89,139.71,141.12,143.68,404151,576.72,6289,143917.0,35.61
MAXESTATES, 26-Aug-2026,560.1,579.0,555.0,558.05,556.05,637957,3642.73,15824,364885.0,57.2
MAXHEALTH, 26-Aug-2026,1017.8,1023.8,1000.5,1005.0,1016.0,1348082,13688.5,34034,695291.0,51.58
MAXIND, 26-Aug-2026,150.5,153.3,148.65,150.98,150.66,39393,59.71,1222,24932.0,63.29
MAXPOSURE, 26-Aug-2026,30.5,31.45,30.15,30.4,30.5,15000,4.62,12,13000.0,86.67
MAXVOLT, 26-Aug-2026,337.0,345.0,334.0,341.0,340.15,39200,133.14,62,32400.0,82.65
MAYURUNIQ, 26-Aug-2026,745.0,757.9,739.5,747.45,745.4,48459,361.08,2631,26715.0,55.13
MAZDOCK, 26-Aug-2026,2610.0,2656.8,2579.4,2625.0,2610.0,1703757,44769.07,57695,666282.0,39.11
MBAPL, 26-Aug-2026,168.55,169.97,165.3,167.07,168.55,616834,1032.13,8587,367763.0,59.62
MBEL, 26-Aug-2026,273.55,276.35,269.65,273.2,272.05,74640,203.24,6570,37043.0,49.63
MBLINFRA, 26-Aug-2026,24.48,24.48,23.11,23.68,23.68,13977,3.32,157,10153.0,72.64
MCCHRLS-B, 26-Aug-2026,700.0,700.0,670.0,670.0,673.2,82,0.55,13,82.0,100.0
MCL, 26-Aug-2026,58.01,59.75,57.67,59.59,57.74,49558,29.19,873,36477.0,73.6
MCLEODRUSS, 26-Aug-2026,50.53,51.94,49.11,49.55,50.53,171498,86.42,1684,105432.0,61.48
MCLOUD, 26-Aug-2026,29.0,29.25,28.61,28.87,29.0,1006808,290.1,3192,373256.0,37.07
MCON, 26-Aug-2026,42.0,44.05,42.0,44.05,43.8,7000,3.0,6,5000.0,71.43
MCX, 26-Aug-2026,3300.0,3355.0,3243.3,3350.0,3280.0,2328150,76944.84,98572,990975.0,42.56
MDL, 26-Aug-2026,56.05,56.2,56.05,56.2,53.55,5000,2.81,5,5000.0,100.0
MEDANTA, 26-Aug-2026,1410.0,1476.0,1410.0,1458.9,1404.4,606668,8877.11,34990,273972.0,45.16
MEDIASSIST, 26-Aug-2026,358.0,358.05,338.0,340.05,351.2,459025,1569.33,20093,297092.0,64.72
MEDICAMEQ, 26-Aug-2026,237.0,241.99,236.8,240.66,237.94,19286,46.14,550,10690.0,55.43
MEDICAPQ, 26-Aug-2026,27.8,27.8,25.5,26.99,26.0,3361,0.9,79,2133.0,63.46
MEDICO, 26-Aug-2026,42.07,42.7,41.55,42.2,42.06,63597,26.76,555,38989.0,61.31
MEDIORG, 26-Aug-2026,23.65,23.65,23.65,23.65,22.55,4000,0.95,1,4000.0,100.0
MEDPLUS, 26-Aug-2026,686.3,694.0,678.15,692.1,678.15,153251,1058.06,6601,97047.0,63.33
MEESHO, 26-Aug-2026,206.0,210.0,203.5,208.14,206.32,21895347,45311.92,165228,11169048.0,51.01
MEGAFLEX, 26-Aug-2026,95.0,95.0,95.0,95.0,95.0,2000,1.9,2,2000.0,100.0
MEGASTAR, 26-Aug-2026,311.0,318.9,306.0,309.8,305.6,8091,25.09,284,6778.0,83.77
MEGATHERM, 26-Aug-2026,236.95,236.95,225.0,225.8,222.05,14800,33.66,36,12400.0,83.78
MEIL, 26-Aug-2026,280.05,304.95,280.05,297.65,276.2,706621,2097.78,15443,192888.0,27.3
MENNPIS, 26-Aug-2026,71.64,71.65,69.55,69.89,70.54,26646,18.72,479,15853.0,59.49
MERCANTILE, 26-Aug-2026,24.37,26.24,24.18,24.24,24.49,1370,0.34,36,1005.0,73.36
MERCURYEV, 26-Aug-2026,37.41,39.2,37.37,38.73,37.4,101938,39.17,1136,59689.0,58.55
METAL, 26-Aug-2026,13.78,13.78,13.41,13.7,13.45,3075712,418.38,3890,2348422.0,76.35
METALIC, 26-Aug-2026,135.65,137.75,128.9,131.5,135.65,179200,236.57,90,156800.0,87.5
METALIETF, 26-Aug-2026,13.06,13.71,13.06,13.68,13.4,39037829,5292.35,10684,30789862.0,78.87
METROBRAND, 26-Aug-2026,926.6,954.1,922.2,945.3,922.1,26761,251.87,4853,11098.0,41.47
METROGLOBL, 26-Aug-2026,137.3,141.94,135.0,137.82,138.94,4796,6.63,189,3693.0,77.0
METROPOLIS, 26-Aug-2026,567.0,572.2,567.0,570.3,566.7,176364,1005.64,8809,111456.0,63.2
MFML, 26-Aug-2026,19.45,19.45,18.63,18.71,18.8,294,0.06,14,232.0,78.91
MFSL, 26-Aug-2026,1599.1,1604.9,1580.0,1600.0,1592.5,189097,3005.4,18201,104076.0,55.04
MGL, 26-Aug-2026,1102.1,1119.0,1102.1,1115.3,1101.4,93375,1040.7,7263,41764.0,44.73
MGSL, 26-Aug-2026,83.0,91.7,83.0,85.1,85.5,10800,9.36,9,8400.0,77.78
MHHL, 26-Aug-2026,31.5,31.5,31.5,31.5,31.45,1500,0.47,1,1500.0,100.0
MHRIL, 26-Aug-2026,219.46,223.19,217.1,218.19,219.1,96958,212.98,2026,61278.0,63.2
MID150, 26-Aug-2026,23.92,24.06,23.92,23.95,23.91,57986,13.9,157,48366.0,83.41
MID150BEES, 26-Aug-2026,242.92,244.98,242.21,243.82,242.92,427929,1044.29,5580,259293.0,60.59
MID150CASE, 26-Aug-2026,12.13,12.13,11.83,11.88,11.84,955362,113.65,2823,685088.0,71.71
MIDBANKADD, 26-Aug-2026,17.61,17.61,17.52,17.54,17.54,2079,0.36,23,1978.0,95.14
MIDCAP, 26-Aug-2026,18.94,18.94,18.8,18.89,18.82,282571,53.32,692,168873.0,59.76
MIDCAPADD, 26-Aug-2026,23.64,23.72,23.33,23.43,23.62,9493,2.24,42,3580.0,37.71
MIDCAPBETA, 26-Aug-2026,239.07,239.1,237.8,238.89,236.98,606,1.45,27,476.0,78.55
MIDCAPETF, 26-Aug-2026,23.8,24.2,23.8,24.09,24.04,2946931,710.95,4151,1724692.0,58.53
MIDCAPIETF, 26-Aug-2026,24.35,24.47,24.21,24.36,24.26,1343105,327.88,1821,1111657.0,82.77
MIDHANI, 26-Aug-2026,416.0,426.7,413.35,424.45,414.4,610271,2571.5,15559,175894.0,28.82
MIDQ50ADD, 26-Aug-2026,25.51,25.63,25.29,25.44,25.33,16899,4.31,93,15902.0,94.1
MIDSELIETF, 26-Aug-2026,20.07,20.25,20.07,20.16,20.07,170805,34.47,569,118719.0,69.51
MIDSMALL, 26-Aug-2026,52.4,52.67,52.38,52.58,52.24,221040,116.16,3745,151421.0,68.5
MIDWESTLTD, 26-Aug-2026,1154.7,1154.7,1130.0,1135.4,1149.0,14093,160.58,969,9006.0,63.9
MIIL, 26-Aug-2026,726.0,736.4,718.05,726.45,722.05,85569,621.13,1447,19858.0,23.21
MILKYMIST, 26-Aug-2026,201.9,222.11,198.06,222.11,201.92,20878033,44681.77,129940,4693173.0,22.48
MILTON, 26-Aug-2026,40.5,40.5,38.25,38.25,40.15,4400,1.73,2,4400.0,100.0
MINDACORP, 26-Aug-2026,710.5,725.0,705.2,707.5,703.55,403304,2878.09,23408,157728.0,39.11
MINDSPACE, 26-Aug-2026,495.8,497.98,484.0,487.72,494.38,301859,1476.26,8158,261394.0,86.59
MINDTECK, 26-Aug-2026,174.9,174.9,170.0,170.6,169.35,17471,29.93,602,10041.0,57.47
MIRZAINT, 26-Aug-2026,32.3,32.97,31.61,31.96,32.3,121132,38.99,1460,47712.0,39.39
MITTAL, 26-Aug-2026,0.87,0.88,0.84,0.85,0.85,722365,6.15,405,401470.0,55.58
MKEXIM, 26-Aug-2026,65.0,65.0,61.3,63.38,61.88,27799,17.42,324,21320.0,76.69
MKPL, 26-Aug-2026,4.11,4.18,4.1,4.11,4.12,83129,3.44,346,62277.0,74.92
MLKFOOD, 26-Aug-2026,91.0,91.9,90.0,90.15,91.21,2856,2.59,61,2268.0,79.41
MMEL, 26-Aug-2026,24.5,24.5,24.5,24.5,24.9,2000,0.49,1,2000.0,100.0
MMFL, 26-Aug-2026,632.15,637.6,615.05,628.5,629.95,67661,422.44,5194,30247.0,44.7
MMP, 26-Aug-2026,390.0,404.5,390.0,400.7,389.7,33121,131.71,1228,18979.0,57.3
MMTC, 26-Aug-2026,64.06,64.74,63.58,64.02,63.9,1381619,883.32,6185,353625.0,25.59
MMWL, 26-Aug-2026,16.48,16.48,15.26,15.6,15.77,25628,4.04,193,16731.0,65.28
MNC, 26-Aug-2026,34.46,34.49,34.2,34.27,34.29,37174,12.77,264,30017.0,80.75
MOALPHA50, 26-Aug-2026,56.72,57.98,56.72,57.25,56.59,9132,5.22,62,8129.0,89.02
MOBANK10, 26-Aug-2026,16.76,17.2,16.76,17.01,16.9,13387,2.28,54,3331.0,24.88
MOBIKWIK, 26-Aug-2026,198.25,199.0,194.1,194.88,197.05,461009,904.21,4833,187510.0,40.67
MOCAPITAL, 26-Aug-2026,55.39,55.91,55.28,55.81,55.3,2178550,1212.45,2934,1448466.0,66.49
MODEFENCE, 26-Aug-2026,108.3,108.99,106.71,107.3,107.23,1053938,1131.29,6324,520978.0,49.43
MODIRUBBER, 26-Aug-2026,144.99,145.0,133.51,136.2,138.44,13793,18.84,533,6958.0,50.45
MODIS, 26-Aug-2026,381.65,403.8,376.0,399.9,378.05,268864,1060.78,6205,113420.0,42.18
MODTHREAD, 26-Aug-2026,56.8,58.95,53.16,56.05,56.8,12707,7.12,196,5209.0,40.99
MOENERGY, 26-Aug-2026,37.56,39.0,37.56,38.31,38.33,78824,30.32,572,64780.0,82.18
MOGOLD, 26-Aug-2026,159.05,159.2,157.7,157.9,158.55,17152,27.21,338,7500.0,43.73
MOGSEC, 26-Aug-2026,65.16,65.75,64.81,65.06,65.16,31010,20.22,74,30333.0,97.82
MOHEALTH, 26-Aug-2026,51.6,52.31,51.6,52.14,51.56,42093,21.89,432,37473.0,89.02
MOHITE, 26-Aug-2026,2.49,2.7,2.49,2.59,2.54,13358,0.35,109,10977.0,82.18
MOHITIND, 26-Aug-2026,24.4,24.4,23.2,23.48,24.06,15074,3.56,112,11889.0,78.87
MOIL, 26-Aug-2026,254.7,270.0,254.2,268.3,254.3,2163774,5692.07,30011,981488.0,45.36
MOINFRA, 26-Aug-2026,59.65,59.93,59.0,59.14,59.36,4057,2.41,59,1834.0,45.21
MOIPO, 26-Aug-2026,49.35,49.61,49.28,49.35,49.35,1392,0.69,34,1182.0,84.91
MOKSH, 26-Aug-2026,10.43,10.5,10.15,10.41,10.13,96463,9.95,177,66369.0,68.8
MOL, 26-Aug-2026,62.8,63.07,61.26,61.84,62.51,736624,456.15,4249,317120.0,43.05
MOLBIO, 26-Aug-2026,1242.0,1264.6,1215.0,1238.85,1227.35,1373950,17030.64,70050,209273.0,15.23
MOLDTKPAC, 26-Aug-2026,713.8,736.0,700.0,711.1,706.8,309136,2213.87,13515,62786.0,20.31
MOLOWVOL, 26-Aug-2026,36.96,37.27,36.68,36.95,36.65,3710,1.37,904,3228.0,87.01
MOM100, 26-Aug-2026,69.22,69.6,69.22,69.4,69.22,150816,104.73,1739,87094.0,57.75
MOM30IETF, 26-Aug-2026,32.04,32.04,31.81,31.99,31.78,817854,261.19,2539,607542.0,74.28
MOM50, 26-Aug-2026,256.68,256.68,251.86,253.46,254.22,1907,4.85,86,1245.0,65.29
MOMENTUM, 26-Aug-2026,31.94,31.94,31.66,31.8,31.94,63118,20.07,220,46280.0,73.32
MOMENTUM30, 26-Aug-2026,31.39,31.63,31.27,31.51,31.21,17046,5.35,65,11846.0,69.49
MOMENTUM50, 26-Aug-2026,54.69,55.0,54.5,54.96,54.85,307098,168.57,1517,192643.0,62.73
MOMETAL, 26-Aug-2026,13.6,13.68,13.34,13.61,13.32,20236,2.72,33,14717.0,72.73
MOMGF, 26-Aug-2026,165.9,166.1,165.9,166.0,164.76,45,0.07,12,45.0,100.0
MOMIDMTM, 26-Aug-2026,65.36,65.68,65.36,65.63,65.22,39515,25.9,182,34327.0,86.87
MOMMIDCAP, 26-Aug-2026,13.22,13.33,13.22,13.31,13.22,417081,55.4,419,313171.0,75.09
MOMNC, 26-Aug-2026,33.35,33.36,33.27,33.27,33.27,722,0.24,10,722.0,100.0
MOMOMENTUM, 26-Aug-2026,63.29,63.65,63.23,63.55,63.29,81211,51.53,325,70037.0,86.24
MON100, 26-Aug-2026,326.0,326.0,326.0,326.0,329.05,92920,302.92,829,92920.0,100.0
MON50EQUAL, 26-Aug-2026,33.81,33.81,33.52,33.64,33.69,732,0.25,32,695.0,94.95
MONARCH, 26-Aug-2026,386.45,386.45,374.5,379.7,383.25,78238,297.63,1901,45956.0,58.74
MONEXT50, 26-Aug-2026,74.95,74.95,74.39,74.48,74.61,8371,6.27,48,8196.0,97.91
MONEYBOXX, 26-Aug-2026,56.39,57.4,56.0,56.0,56.39,3615,2.03,70,2664.0,73.69
MONIFTY100, 26-Aug-2026,25.76,25.76,25.58,25.75,25.64,17754,4.56,53,14154.0,79.72
MONIFTY500, 26-Aug-2026,24.57,24.57,23.81,24.15,24.09,313546,75.85,904,229166.0,73.09
MONOLITH, 26-Aug-2026,1143.0,1143.0,1082.85,1113.2,1100.4,58250,647.56,208,37500.0,64.38
MONOPHARMA, 26-Aug-2026,8.65,8.65,8.65,8.65,8.65,2000,0.17,1,2000.0,100.0
MONQ50, 26-Aug-2026,146.42,146.42,146.42,146.42,147.84,7713,11.29,102,7713.0,100.0
MONTECARLO, 26-Aug-2026,545.0,548.3,540.1,544.25,545.1,31626,171.86,1206,18645.0,58.95
MOOILGAS, 26-Aug-2026,11.46,11.46,11.17,11.18,11.22,10402,1.17,41,6766.0,65.05
MOPSE, 26-Aug-2026,99.84,103.0,99.5,99.58,99.84,1139,1.14,23,1118.0,98.16
MOQUALITY, 26-Aug-2026,203.86,204.26,201.0,201.81,202.85,643,1.31,19,510.0,79.32
MOREALTY, 26-Aug-2026,92.7,92.88,90.84,91.38,91.77,479011,441.56,1879,267429.0,55.83
MOREPENLAB, 26-Aug-2026,94.36,97.98,94.06,96.98,93.9,11701259,11214.57,34460,3855318.0,32.95
MOS, 26-Aug-2026,10.5,10.5,10.4,10.4,10.9,160000,16.66,37,152000.0,95.0
MOSCHIP, 26-Aug-2026,205.6,207.1,205.0,205.54,205.35,557540,1148.95,6447,258379.0,46.34
MOSERVICE, 26-Aug-2026,31.34,31.34,31.18,31.18,31.19,1007,0.31,115,1006.0,99.9
MOSILVER, 26-Aug-2026,239.98,239.99,237.27,237.58,236.4,51286,122.38,4150,18897.0,36.85
MOSMALL250, 26-Aug-2026,18.58,18.6,18.48,18.57,18.48,1070169,198.58,1511,699428.0,65.36
MOTHERSON, 26-Aug-2026,167.0,167.0,164.91,165.0,166.45,10016435,16609.79,70667,6133022.0,61.23
MOTILALOFS, 26-Aug-2026,1020.0,1048.8,1010.65,1040.0,1011.5,1931146,20016.03,47238,878738.0,45.5
MOTISONS, 26-Aug-2026,16.55,17.34,16.31,16.45,16.29,52236426,8787.74,84926,8185072.0,15.67
MOTOUR, 26-Aug-2026,80.5,80.95,79.5,79.92,79.84,19631,15.76,141,16252.0,82.79
MOVALUE, 26-Aug-2026,113.56,114.85,113.12,114.23,113.5,58761,67.17,533,47576.0,80.97
MPDL, 26-Aug-2026,34.9,41.18,34.9,35.62,37.44,4590,1.76,67,3155.0,68.74
MPEL, 26-Aug-2026,34.95,35.15,34.15,35.15,33.5,9600,3.36,6,9600.0,100.0
MPHASIS, 26-Aug-2026,2415.6,2452.0,2385.8,2400.0,2431.9,378910,9106.01,19107,212622.0,56.11
MPSLTD, 26-Aug-2026,2696.0,2736.9,2650.0,2704.0,2705.1,28260,759.84,5404,14593.0,51.64
MRF, 26-Aug-2026,133500.0,133850.0,132910.0,133520.0,132295.0,1801,2404.53,1449,909.0,50.47
MRPL, 26-Aug-2026,172.11,175.8,171.34,173.61,171.84,3399326,5889.47,21029,783779.0,23.06
MSCI360, 26-Aug-2026,10.52,10.52,10.21,10.27,10.31,5738,0.59,25,5538.0,96.51
MSCIADD, 26-Aug-2026,29.93,29.99,29.85,29.99,29.94,6888,2.06,109,6464.0,93.84
MSCIINDIA, 26-Aug-2026,30.38,30.42,30.26,30.33,30.29,18603,5.64,68,17833.0,95.86
MSL, 26-Aug-2026,145.0,147.0,141.0,146.91,149.2,531,0.77,22,496.0,93.41
MSPL, 26-Aug-2026,34.0,34.95,33.81,34.64,33.46,1143985,394.61,2404,630632.0,55.13
MSTCLTD, 26-Aug-2026,727.95,753.5,724.9,737.5,727.95,414844,3071.62,15546,169532.0,40.87
MSUMI, 26-Aug-2026,37.19,37.87,36.95,37.67,36.82,11292234,4234.59,52707,5636369.0,49.91
MTNL, 26-Aug-2026,26.8,27.73,26.6,26.79,26.57,1526525,412.93,7551,359787.0,23.57
MUFIN, 26-Aug-2026,138.67,139.38,136.0,136.75,138.02,375175,514.94,2638,183241.0,48.84
MUFTI, 26-Aug-2026,77.39,79.17,76.57,78.63,76.34,194353,151.2,2006,108600.0,55.88
MUKANDLTD, 26-Aug-2026,135.2,137.86,133.55,137.03,135.11,74683,101.24,1129,45473.0,60.89
MUKESHB, 26-Aug-2026,138.0,145.95,137.7,145.95,144.9,201,0.28,5,200.0,99.5
MUKKA, 26-Aug-2026,25.98,26.2,25.5,25.73,25.78,265732,68.51,1550,122654.0,46.16
MULTICAP, 26-Aug-2026,17.02,17.02,16.92,16.98,16.89,90594,15.38,348,59092.0,65.23
MUNISH, 26-Aug-2026,77.5,78.5,75.0,78.5,77.25,69600,52.62,20,63600.0,91.38
MUNJALAU, 26-Aug-2026,114.37,118.35,113.23,114.87,112.68,1581013,1831.86,13524,502699.0,31.8
MUNJALSHOW, 26-Aug-2026,132.96,133.3,130.9,132.39,131.85,20891,27.64,740,10468.0,50.11
MURUDCERA, 26-Aug-2026,31.02,31.02,30.38,30.62,30.65,16113,4.95,103,14539.0,90.23
MUTHOOTCAP, 26-Aug-2026,254.0,254.0,239.3,241.76,245.08,16515,40.34,448,11026.0,66.76
MUTHOOTFIN, 26-Aug-2026,3200.0,3229.0,3186.1,3206.9,3201.0,486712,15606.26,25760,247896.0,50.93
MUTHOOTMF, 26-Aug-2026,213.7,215.4,211.41,213.85,212.04,158170,337.74,2643,78333.0,49.52
MVELECTRO, 26-Aug-2026,525.0,566.45,516.55,560.15,564.15,1171438,6451.44,33056,234271.0,20.0
MVGJL, 26-Aug-2026,152.85,155.99,151.39,155.19,151.2,63530,97.73,1842,24388.0,38.39
MVKAGRO, 26-Aug-2026,152.05,168.05,152.05,168.05,160.05,1482900,2387.16,1315,726300.0,48.98
MWL, 26-Aug-2026,40.03,40.5,39.0,39.88,40.18,304023,120.96,1644,167592.0,55.12
NACLIND, 26-Aug-2026,182.9,182.9,177.0,177.61,181.65,282890,506.16,5722,119618.0,42.28
NAGREEKCAP, 26-Aug-2026,22.11,23.94,22.11,23.52,23.05,1483,0.34,50,1345.0,90.69
NAGREEKEXP, 26-Aug-2026,22.26,23.0,22.0,22.06,22.69,9269,2.05,104,8485.0,91.54
NAHARCAP, 26-Aug-2026,259.99,260.89,253.5,258.5,259.99,614,1.59,41,426.0,69.38
NAHARINDUS, 26-Aug-2026,142.0,145.99,135.0,135.92,139.23,41695,57.78,816,22296.0,53.47
NAHARPOLY, 26-Aug-2026,247.4,247.8,244.5,245.5,244.7,6543,16.03,148,5407.0,82.64
NAHARSPING, 26-Aug-2026,297.05,299.8,292.4,294.1,296.35,29133,85.85,619,23474.0,80.58
NAM-INDIA, 26-Aug-2026,1228.8,1239.8,1220.1,1223.0,1224.4,461130,5673.05,18791,229676.0,49.81
NAMOEWASTE, 26-Aug-2026,262.6,281.85,262.6,279.25,276.1,16800,46.62,17,16000.0,95.24
NARMADA, 26-Aug-2026,14.11,14.34,13.85,13.97,14.0,257633,36.17,680,150332.0,58.35
NATCAPSUQ, 26-Aug-2026,167.8,186.49,167.8,180.28,166.88,108426,193.12,3437,54440.0,50.21
NATCOPHARM, 26-Aug-2026,877.0,879.9,858.0,863.4,866.25,371204,3218.86,24052,172898.0,46.58
NATHBIOGEN, 26-Aug-2026,154.9,155.06,152.0,152.81,152.94,12732,19.53,322,10057.0,78.99
NATIONALUM, 26-Aug-2026,397.7,400.45,393.0,399.3,397.8,3087665,12274.44,37017,1210416.0,39.2
NATIONSTD, 26-Aug-2026,110.02,114.9,108.88,108.88,114.61,171484,187.85,1486,84600.0,49.33
NAUKRI, 26-Aug-2026,1349.2,1350.9,1322.0,1323.5,1350.0,805875,10734.16,59320,530570.0,65.84
NAVA, 26-Aug-2026,568.05,576.0,563.6,567.95,566.95,232901,1326.78,9573,124929.0,53.64
NAVINFLUOR, 26-Aug-2026,8249.5,8620.0,8230.0,8553.0,8209.0,184735,15622.88,29678,91446.0,49.5
NAVKARCORP, 26-Aug-2026,98.0,99.0,97.42,98.44,97.07,205655,202.03,2055,103792.0,50.47
NAVNETEDUL, 26-Aug-2026,133.51,134.9,132.97,133.11,133.45,97902,130.67,1446,69397.0,70.88
NAZARA, 26-Aug-2026,359.0,359.1,355.05,356.35,358.0,482255,1722.51,8974,226097.0,46.88
NBCC, 26-Aug-2026,90.1,90.5,89.1,89.21,89.5,5343033,4792.97,21543,1943178.0,36.37
NBIFIN, 26-Aug-2026,1990.6,2036.9,1975.3,1990.0,1990.6,101,2.01,33,82.0,81.19
NCC, 26-Aug-2026,148.72,149.87,146.88,147.2,148.31,1027008,1519.65,13591,440179.0,42.86
NCLIND, 26-Aug-2026,174.14,184.0,174.14,181.85,174.13,107063,192.12,3904,67089.0,62.66
NDGL, 26-Aug-2026,2750.0,3100.0,2711.0,2860.1,2706.7,1757,50.7,336,1172.0,66.7
NDL, 26-Aug-2026,3.08,3.12,2.98,3.01,3.08,2324082,70.65,1903,1605169.0,69.07
NDLVENTURE, 26-Aug-2026,121.56,123.97,118.14,123.17,121.85,18090,21.88,182,13362.0,73.86
NDRAUTO, 26-Aug-2026,732.3,752.45,732.3,744.3,728.3,26429,197.04,2180,12712.0,48.1
NDTV, 26-Aug-2026,75.6,75.8,73.4,74.35,74.77,154475,115.51,1324,69244.0,44.83
NEAGI, 26-Aug-2026,3306.0,3500.0,3306.0,3480.0,3456.7,104,3.61,27,90.0,86.54
NECLIFE, 26-Aug-2026,11.4,12.46,11.33,12.46,11.33,1472512,178.81,1662,1156673.0,78.55
NEELAM, 26-Aug-2026,7.45,7.45,7.4,7.45,7.75,42000,3.13,6,30000.0,71.43
NELCAST, 26-Aug-2026,115.94,116.8,114.35,115.34,114.91,54210,62.69,930,23189.0,42.78
NELCO, 26-Aug-2026,927.0,944.0,925.1,936.0,925.6,157469,1471.63,6366,68412.0,43.44
NEOCHEM, 26-Aug-2026,98.5,98.5,98.5,98.5,95.0,1200,1.18,1,1200.0,100.0
NEOGEN, 26-Aug-2026,2149.9,2200.0,2116.0,2183.3,2123.2,141701,3071.39,24288,60640.0,42.79
NEPHROCARE, 26-Aug-2026,95.05,100.0,92.55,98.65,90.95,78800,76.34,143,60000.0,76.14
NEPHROPLUS, 26-Aug-2026,697.5,703.9,690.05,693.65,697.35,110447,769.47,7892,65664.0,59.45
NESCO, 26-Aug-2026,1036.0,1036.0,1016.0,1018.9,1030.9,40691,416.56,4468,25196.0,61.92
NESTLEIND, 26-Aug-2026,1476.0,1479.0,1450.8,1451.5,1479.0,625901,9128.06,22814,369708.0,59.07
NETF, 26-Aug-2026,263.71,265.99,263.0,264.68,263.71,1017,2.69,102,490.0,48.18
NETWEB, 26-Aug-2026,5323.1,5465.0,5231.0,5271.9,5273.5,2623639,140523.29,201483,364160.0,13.88
NETWORK18, 26-Aug-2026,30.48,30.94,30.31,30.45,30.36,1859200,568.51,6485,671570.0,36.12
NEULANDLAB, 26-Aug-2026,23070.0,23669.0,22978.0,23545.0,22948.0,46754,10960.71,16719,23436.0,50.13
NEWGEN, 26-Aug-2026,527.0,535.95,522.55,524.35,525.55,317123,1673.49,11841,105344.0,33.22
NEWJAISA, 26-Aug-2026,17.0,17.0,17.0,17.0,16.7,6000,1.02,3,6000.0,100.0
NEXT30ADD, 26-Aug-2026,43.51,43.77,43.51,43.64,43.66,2068,0.9,249,1213.0,58.66
NEXT50, 26-Aug-2026,772.03,774.81,768.7,770.25,768.19,43716,337.22,2704,25007.0,57.2
NEXT50ADD, 26-Aug-2026,75.0,75.45,74.87,75.21,74.87,2177,1.63,85,1484.0,68.17
NEXT50BETA, 26-Aug-2026,80.5,80.99,80.02,80.53,80.2,70125,56.6,558,40400.0,57.61
NEXT50ETF, 26-Aug-2026,75.51,75.57,75.04,75.35,74.71,41755,31.43,79,26577.0,63.65
NEXT50IETF, 26-Aug-2026,78.63,80.2,78.58,78.67,78.63,640342,504.77,4312,438671.0,68.51
NEXTMEDIA, 26-Aug-2026,3.91,3.95,3.16,3.58,3.91,80986,2.87,156,48182.0,59.49
NFL, 26-Aug-2026,72.79,72.95,71.65,71.8,72.4,705884,509.28,3867,280060.0,39.68
NFPSAMPOOR, 26-Aug-2026,22.0,23.4,22.0,22.05,22.05,18000,4.0,8,16000.0,88.89
NGIL, 26-Aug-2026,40.0,40.29,38.49,38.81,39.28,13133,5.11,101,11931.0,90.85
NGLFINE, 26-Aug-2026,2808.0,2899.0,2808.0,2877.3,2803.8,3316,94.79,875,1729.0,52.14
NH, 26-Aug-2026,1899.0,1909.6,1880.0,1882.7,1890.1,181443,3435.6,19918,94598.0,52.14
NHPC, 26-Aug-2026,76.76,77.24,76.1,76.24,76.62,3865233,2958.05,17630,1976392.0,51.13
NIACL, 26-Aug-2026,188.85,190.35,186.33,187.09,187.29,1208594,2275.89,14082,405492.0,33.55
NIBE, 26-Aug-2026,1410.0,1428.3,1386.0,1392.2,1394.7,52850,739.11,3864,29035.0,54.94
NIBL, 26-Aug-2026,31.75,32.5,29.6,30.65,31.44,36858,11.44,355,23474.0,63.69
NICCOPAR, 26-Aug-2026,87.06,92.0,86.3,89.43,85.35,7078,6.3,282,5347.0,75.54
NIDAN, 26-Aug-2026,14.25,14.25,12.55,13.3,14.65,39000,5.21,31,28000.0,71.79
NIF100BEES, 26-Aug-2026,272.82,272.82,269.98,270.79,270.11,26129,70.73,461,10229.0,39.15
NIF100IETF, 26-Aug-2026,28.32,28.57,28.3,28.38,28.32,123800,35.22,1000,73136.0,59.08
NIFTY1, 26-Aug-2026,269.63,273.0,269.01,269.81,269.63,210184,567.99,1882,185049.0,88.04
NIFTY100EW, 26-Aug-2026,35.86,36.0,35.72,35.94,35.69,46249,16.58,151,32194.0,69.61
NIFTYADD, 26-Aug-2026,255.67,257.3,255.67,256.28,255.97,2916,7.48,121,2071.0,71.02
NIFTYAXIS, 26-Aug-2026,270.46,270.46,268.61,269.23,269.11,3146,8.48,144,1557.0,49.49
NIFTYBEES, 26-Aug-2026,275.01,278.27,275.01,277.02,276.94,4327184,11999.97,31317,2443770.0,56.47
NIFTYBETA, 26-Aug-2026,269.9,270.97,269.3,269.92,269.9,14873,40.16,300,9261.0,62.27
NIFTYBETF, 26-Aug-2026,250.3,251.44,249.32,250.25,249.75,4971,12.44,85,2584.0,51.98
NIFTYCASE, 26-Aug-2026,10.01,10.01,9.74,9.77,9.77,498095,48.67,1532,444269.0,89.19
NIFTYETF, 26-Aug-2026,265.0,266.09,263.56,264.05,264.78,262894,694.53,822,202844.0,77.16
NIFTYIETF, 26-Aug-2026,278.0,278.0,275.32,275.6,275.46,227216,626.58,7574,138562.0,60.98
NIFTYJBLK, 26-Aug-2026,12.73,12.73,9.94,12.46,12.42,176050,21.95,701,160322.0,91.07
NIFTYQLITY, 26-Aug-2026,21.59,21.76,21.54,21.6,21.69,15009,3.25,240,9821.0,65.43
NIITLTD, 26-Aug-2026,103.0,103.7,101.29,102.97,102.68,468280,481.98,3678,292922.0,62.55
NIITMTS, 26-Aug-2026,230.03,234.5,229.0,232.51,230.03,59305,137.8,2063,32746.0,55.22
NIKITA, 26-Aug-2026,71.2,75.05,71.2,71.65,74.0,9600,6.93,8,4800.0,50.0
NILAINFRA, 26-Aug-2026,7.04,7.04,6.86,6.97,6.91,158974,11.09,294,130530.0,82.11
NILASPACES, 26-Aug-2026,12.55,13.44,12.42,12.93,12.76,1384953,180.13,3130,632727.0,45.69
NILE, 26-Aug-2026,1491.0,1519.0,1473.1,1497.2,1472.1,3397,50.8,426,1855.0,54.61
NILKAMAL, 26-Aug-2026,2019.8,2110.0,2009.3,2096.8,2015.9,53316,1107.32,5714,14963.0,28.06
NIMBSPROJ, 26-Aug-2026,176.28,176.28,170.0,170.18,176.28,88537,154.14,122,12066.0,13.63
NINSYS, 26-Aug-2026,715.95,719.85,706.1,713.4,716.9,2130,15.19,270,1169.0,54.88
NIPPOBATRY, 26-Aug-2026,328.8,329.8,321.35,325.45,324.6,532,1.74,87,445.0,83.65
NIRAJ, 26-Aug-2026,28.9,29.24,28.32,29.12,28.6,16845,4.87,157,11334.0,67.28
NIRAJISPAT, 26-Aug-2026,216.0,216.0,216.0,216.0,216.0,5,0.01,1,5.0,100.0
NIRLON, 26-Aug-2026,649.3,649.3,637.05,640.7,643.4,2842,18.21,278,1883.0,66.26
NIRMAN, 26-Aug-2026,30.05,30.85,29.25,29.85,29.95,13800,4.12,42,7800.0,56.52
NITCO, 26-Aug-2026,97.48,98.0,95.5,96.67,95.78,1252771,1209.98,9630,328118.0,26.19
NITINSPIN, 26-Aug-2026,623.65,647.85,617.25,627.0,623.65,328908,2082.31,12363,154775.0,47.06
NITIRAJ, 26-Aug-2026,207.99,207.99,196.05,199.42,204.08,1194,2.37,35,836.0,70.02
NITTAGELA, 26-Aug-2026,1580.0,1582.0,1565.0,1567.8,1561.6,2057,32.34,504,1258.0,61.16
NIVABUPA, 26-Aug-2026,83.79,84.2,82.0,82.17,83.21,324029,267.38,4703,161609.0,49.87
NKIND, 26-Aug-2026,60.24,60.24,58.2,59.09,59.06,3397,2.01,61,2610.0,76.83
NLCINDIA, 26-Aug-2026,272.0,274.2,270.15,271.4,271.3,644448,1752.9,12078,297043.0,46.09
NMDC, 26-Aug-2026,86.0,88.9,85.74,88.21,85.94,26181347,22949.44,60941,13065515.0,49.9
NMSTEEL, 26-Aug-2026,24.75,24.75,23.0,23.0,22.75,11200,2.68,6,9600.0,85.71
NOCIL, 26-Aug-2026,165.4,167.5,163.95,165.1,163.93,260323,429.92,3595,143869.0,55.27
NOIDATOLL, 26-Aug-2026,4.11,4.17,4.01,4.13,4.08,64827,2.65,273,47434.0,73.17
NORBTEAEXP, 26-Aug-2026,70.36,71.5,67.0,70.02,70.01,990,0.68,42,609.0,61.52
NORTHARC, 26-Aug-2026,293.75,298.15,284.0,293.5,291.65,1536585,4456.8,17010,561558.0,36.55
NOVARTIND, 26-Aug-2026,1490.9,1500.0,1481.0,1490.1,1486.3,7165,106.86,858,5230.0,72.99
NPBET, 26-Aug-2026,284.54,289.99,284.54,286.5,281.72,1230,3.53,39,770.0,62.6
NPST, 26-Aug-2026,1628.1,1764.8,1615.3,1660.2,1608.0,297644,5076.75,25818,73731.0,24.77
NRAIL, 26-Aug-2026,504.25,517.45,504.0,509.3,509.65,4705,23.99,267,3659.0,77.77
NRBBEARING, 26-Aug-2026,474.25,478.7,468.0,473.65,470.1,144388,684.16,4685,74871.0,51.85
NSIL, 26-Aug-2026,5700.0,5837.0,5661.0,5783.5,5685.5,2447,140.02,485,1275.0,52.1
NSLNISP, 26-Aug-2026,40.32,41.58,40.05,41.44,39.95,4971650,2033.47,17111,2790620.0,56.13
NTCIND, 26-Aug-2026,142.75,142.75,133.0,135.91,136.89,3060,4.16,123,2904.0,94.9
NTPC, 26-Aug-2026,341.55,344.45,334.6,334.6,339.85,5903358,20078.44,68412,2472776.0,41.89
NTPCGREEN, 26-Aug-2026,91.68,92.15,91.11,91.27,91.65,952214,872.49,11026,471333.0,49.5
NUCLEUS, 26-Aug-2026,742.3,748.45,724.0,740.1,744.6,25837,190.92,1591,12832.0,49.67
NUVAMA, 26-Aug-2026,1751.0,1787.6,1745.0,1779.3,1754.6,213610,3777.79,17801,123281.0,57.71
NUVOCO, 26-Aug-2026,325.3,326.85,320.35,324.65,321.35,260072,841.6,11632,128288.0,49.33
NV20, 26-Aug-2026,14.06,14.07,13.93,13.99,13.93,26049,3.65,139,23456.0,90.05
NV20BEES, 26-Aug-2026,140.51,140.74,139.65,140.01,139.82,7501,10.51,141,3163.0,42.17
NV20IETF, 26-Aug-2026,13.62,13.69,13.6,13.63,13.62,295993,40.42,1280,188911.0,63.82
NXST, 26-Aug-2026,167.13,168.99,166.5,166.95,167.65,970513,1620.86,2862,943931.0,97.26
NXT-INFRA, 26-Aug-2026,96.8,96.8,96.8,96.8,97.04,400000,387.2,2,400000.0,100.0
NYKAA, 26-Aug-2026,333.85,340.0,333.05,340.0,334.0,7555264,25532.72,68185,4918604.0,65.1
OAL, 26-Aug-2026,351.5,413.4,351.0,401.25,349.35,652216,2548.38,21087,112438.0,17.24
OBCL, 26-Aug-2026,56.0,58.0,55.51,57.68,56.72,7471,4.27,111,4977.0,66.62
OBEROIRLTY, 26-Aug-2026,1889.0,1905.5,1867.8,1870.0,1880.0,269945,5087.03,24226,134632.0,49.87
OBSCP, 26-Aug-2026,863.7,866.05,845.0,856.05,873.3,36400,311.5,91,24800.0,68.13
ODIGMA, 26-Aug-2026,21.88,22.97,21.76,22.53,21.88,22694,5.13,332,18155.0,80.0
ODYCORP, 26-Aug-2026,7.11,7.8,6.93,7.11,7.1,63848,4.57,117,54536.0,85.42
OFSS, 26-Aug-2026,11749.0,12060.0,11616.0,11800.0,11729.0,291135,34523.49,44744,99687.0,34.24
OIL, 26-Aug-2026,464.55,471.6,458.7,469.15,467.5,1006463,4700.42,12014,450422.0,44.75
OILIETF, 26-Aug-2026,11.36,11.41,11.31,11.32,11.35,958040,108.86,1839,605722.0,63.23
OLAELEC, 26-Aug-2026,36.69,38.68,36.63,38.0,36.2,94982946,36032.37,159903,10426854.0,10.98
OLECTRA, 26-Aug-2026,1294.9,1369.6,1294.9,1326.4,1291.8,1300805,17482.09,56610,392378.0,30.16
OLIL, 26-Aug-2026,409.9,409.9,399.0,399.5,413.0,6000,24.19,14,4800.0,80.0
OMAXAUTO, 26-Aug-2026,190.7,195.02,186.0,186.84,193.02,54565,103.05,1154,35203.0,64.52
OMAXE, 26-Aug-2026,99.71,112.79,99.71,109.37,99.63,13794992,15092.18,73928,1141863.0,8.28
OMINFRAL, 26-Aug-2026,83.75,83.75,81.06,82.1,83.75,88186,72.79,1516,54569.0,61.88
OMNI, 26-Aug-2026,582.8,589.8,572.85,578.15,577.0,651393,3789.72,25242,230130.0,35.33
OMPOWER, 26-Aug-2026,173.75,173.95,170.4,172.84,167.7,142944,246.47,1581,82198.0,57.5
ONDOOR, 26-Aug-2026,316.95,317.0,275.0,300.05,299.2,33600,100.05,39,16800.0,50.0
ONEGLOBAL, 26-Aug-2026,545.85,565.0,545.85,556.5,546.2,6603,36.44,323,4380.0,66.33
ONEPOINT, 26-Aug-2026,55.5,56.0,54.95,55.51,55.24,588045,326.25,11895,189497.0,32.22
ONESOURCE, 26-Aug-2026,1521.0,1536.8,1478.0,1483.6,1516.1,130037,1952.28,16277,65956.0,50.72
ONGC, 26-Aug-2026,233.51,234.21,230.79,232.21,234.0,6500323,15124.2,90670,3386183.0,52.09
ONIDA, 26-Aug-2026,37.99,38.9,36.11,36.8,37.58,529200,199.95,1864,292658.0,55.3
ONIXSOLAR, 26-Aug-2026,262.45,290.05,262.45,288.65,276.25,1314397,3654.29,10281,623824.0,47.46
ONWARDTEC, 26-Aug-2026,284.9,288.5,283.0,283.4,284.5,25482,72.5,904,18734.0,73.52
ONYX, 26-Aug-2026,44.4,44.4,42.05,42.05,44.25,54000,23.06,22,50000.0,92.59
OPTIEMUS, 26-Aug-2026,595.8,595.8,581.35,584.45,595.8,78626,462.02,4263,35970.0,45.75
OPTIFIN, 26-Aug-2026,13.93,14.78,13.22,13.82,13.89,150282,21.48,878,75881.0,50.49
OPTIMYSTIX, 26-Aug-2026,172.1,175.0,170.0,173.0,173.65,76800,133.56,40,72000.0,93.75
OPTIVALUE, 26-Aug-2026,194.0,194.0,192.0,192.0,194.0,4800,9.25,3,4800.0,100.0
ORCHASP, 26-Aug-2026,1.32,1.46,1.32,1.39,1.32,1109778,15.58,406,907539.0,81.78
ORCHPHARMA, 26-Aug-2026,1044.5,1062.0,966.65,973.35,1038.55,101085,1013.86,12986,55124.0,54.53
ORIANA, 26-Aug-2026,1362.0,1379.8,1307.05,1322.95,1333.05,77775,1046.84,773,46050.0,59.21
ORICONENT, 26-Aug-2026,55.1,56.79,54.75,56.65,55.81,19412,10.89,151,12476.0,64.27
ORIENTALTL, 26-Aug-2026,5.29,5.29,5.07,5.13,5.14,37330,1.91,192,30075.0,80.57
ORIENTBELL, 26-Aug-2026,376.25,381.45,372.25,378.2,376.25,21337,80.53,1563,13515.0,63.34
ORIENTCEM, 26-Aug-2026,131.0,135.1,131.0,134.48,130.83,306045,409.67,3181,154423.0,50.46
ORIENTCER, 26-Aug-2026,44.0,46.75,44.0,45.29,43.55,107893,49.14,1453,56353.0,52.23
ORIENTELEC, 26-Aug-2026,181.5,187.81,181.5,185.92,181.79,186509,345.47,4163,84401.0,45.25
ORIENTHOT, 26-Aug-2026,141.5,142.74,140.05,140.91,141.59,2188322,3099.24,12173,963378.0,44.02
ORIENTPPR, 26-Aug-2026,17.01,17.3,17.01,17.03,16.9,111624,19.09,384,74323.0,66.58
ORIENTTECH, 26-Aug-2026,244.95,250.0,243.0,245.55,245.45,60887,149.01,1738,26038.0,42.76
ORIRAIL, 26-Aug-2026,134.75,142.0,127.5,132.99,131.81,644347,878.48,8297,213617.0,33.15
ORISSAMINE, 26-Aug-2026,4480.0,4610.0,4471.0,4572.2,4484.6,25163,1146.71,5136,11535.0,45.84
ORKLAINDIA, 26-Aug-2026,564.2,580.85,564.05,579.8,565.7,68491,393.47,4109,43986.0,64.22
ORTINGLOBE, 26-Aug-2026,15.01,15.5,14.6,15.35,15.12,11876,1.8,43,7330.0,61.72
OSELDEVICE, 26-Aug-2026,420.0,420.0,380.0,392.9,417.1,59400,234.85,247,38000.0,63.97
OSWALAGRO, 26-Aug-2026,37.5,37.93,36.7,36.79,37.25,14513,5.38,285,12592.0,86.76
OSWALGREEN, 26-Aug-2026,21.15,21.23,20.63,20.79,20.98,132699,27.8,655,102177.0,77.0
OSWALPUMPS, 26-Aug-2026,300.0,301.55,294.5,295.35,299.45,254056,754.19,5427,156302.0,61.52
OSWALSEEDS, 26-Aug-2026,12.03,12.6,12.0,12.37,12.03,54305,6.62,218,44613.0,82.15
OWAIS, 26-Aug-2026,70.75,70.75,70.75,70.75,67.4,1700,1.2,15,1700.0,100.0
PACEDIGITK, 26-Aug-2026,182.6,183.59,180.6,181.47,182.26,300666,546.48,3550,150853.0,50.17
PACIFICI, 26-Aug-2026,133.1,152.0,133.1,146.67,134.45,1330,1.97,65,1001.0,75.26
PAGEIND, 26-Aug-2026,35700.0,35720.0,35100.0,35155.0,35500.0,22437,7935.08,10678,11863.0,52.87
PAISALO, 26-Aug-2026,68.65,69.57,67.29,68.04,69.29,5282298,3605.45,16538,3185970.0,60.31
PAKKA, 26-Aug-2026,82.44,83.89,80.0,80.52,82.44,112835,91.81,3342,64746.0,57.38
PALASHSECU, 26-Aug-2026,90.0,93.3,89.2,92.56,89.18,222,0.2,23,184.0,82.88
PANACEABIO, 26-Aug-2026,407.5,410.05,395.0,397.95,405.9,81923,328.0,2348,53057.0,64.76
PANAMAPET, 26-Aug-2026,481.7,496.0,476.45,480.3,476.85,336047,1633.24,7832,116166.0,34.57
PANORAMA, 26-Aug-2026,47.12,49.23,46.4,48.65,47.12,473412,228.07,1219,250505.0,52.91
PANSARI, 26-Aug-2026,300.0,330.0,300.0,324.0,328.85,314,0.97,15,272.0,86.62
PAR, 26-Aug-2026,100.01,101.79,98.02,99.54,100.57,11047,11.01,165,7592.0,68.72
PARACABLES, 26-Aug-2026,61.95,62.35,59.57,60.08,61.53,1197628,725.69,6343,815314.0,68.08
PARADEEP, 26-Aug-2026,160.51,165.79,159.26,163.84,159.63,13344838,21816.02,91806,3397090.0,25.46
PARAGMILK, 26-Aug-2026,250.0,252.77,243.15,244.77,250.0,1026746,2539.02,15462,424626.0,41.36
PARAGON, 26-Aug-2026,48.8,48.8,48.8,48.8,50.45,1200,0.59,1,1200.0,100.0
PARAMOUNT, 26-Aug-2026,32.5,32.55,32.5,32.55,31.0,2400,0.78,2,2400.0,100.0
PARAS, 26-Aug-2026,1450.1,1535.0,1435.0,1492.7,1445.2,2069222,31008.31,85548,477826.0,23.09
PARASPETRO, 26-Aug-2026,2.2,2.32,2.17,2.3,2.21,530153,12.15,267,502701.0,94.82
PARIN, 26-Aug-2026,690.0,718.0,690.0,716.5,721.0,2750,19.55,11,2250.0,81.82
PARKHOSPS, 26-Aug-2026,287.0,291.9,283.95,289.2,284.05,753551,2181.03,10201,329702.0,43.75
PARKHOTELS, 26-Aug-2026,116.2,119.5,112.41,113.64,115.79,315270,359.3,4010,196405.0,62.3
PARNAXLAB, 26-Aug-2026,129.7,129.7,119.2,123.71,129.8,1088,1.37,41,631.0,58.0
PARTH, 26-Aug-2026,486.0,490.0,484.95,490.0,486.1,6000,29.22,11,5200.0,86.67
PARTYCRUS, 26-Aug-2026,83.5,83.5,83.5,83.5,83.5,1000,0.84,1,1000.0,100.0
PASHUPATI, 26-Aug-2026,86.99,86.99,83.55,84.09,86.34,50367,42.94,2214,29897.0,59.36
PATANJALI, 26-Aug-2026,350.0,351.0,345.6,348.15,350.9,1866976,6501.72,13069,915118.0,49.02
PATELENG, 26-Aug-2026,28.38,29.4,28.01,28.64,28.34,3132291,890.43,8692,1455553.0,46.47
PATELRMART, 26-Aug-2026,232.54,240.98,230.7,233.12,232.54,134236,317.72,3342,65725.0,48.96
PATILAUTOM, 26-Aug-2026,231.0,235.0,229.05,232.5,226.95,63600,148.28,85,39000.0,61.32
PAUSHAKLTD, 26-Aug-2026,757.95,763.45,746.1,750.55,751.5,8349,62.96,671,5317.0,63.68
PAVNAIND, 26-Aug-2026,19.2,19.2,18.1,18.51,18.22,19171,3.55,107,13141.0,68.55
PAYTM, 26-Aug-2026,1713.1,1732.3,1707.0,1716.0,1718.0,4917036,84618.09,90369,2873890.0,58.45
PCBL, 26-Aug-2026,322.0,329.85,322.0,325.65,321.1,1075479,3511.08,18770,434031.0,40.36
PCCL, 26-Aug-2026,350.0,362.0,350.0,358.35,350.0,19600,69.94,41,16800.0,85.71
PCJEWELLER, 26-Aug-2026,11.0,11.3,10.77,11.23,11.0,444682394,49231.54,134861,76449951.0,17.19
PDMJEPAPER, 26-Aug-2026,88.9,90.21,88.2,89.69,88.06,39448,35.19,840,19502.0,49.44
PDSL, 26-Aug-2026,364.6,370.5,361.6,369.1,365.8,222103,811.24,4369,153005.0,68.89
PEARLPOLY, 26-Aug-2026,16.48,16.48,15.21,15.52,15.94,22098,3.47,78,13471.0,60.96
PELATRO, 26-Aug-2026,370.0,379.95,365.0,377.3,372.45,28200,105.43,79,23100.0,81.91
PENIND, 26-Aug-2026,157.55,159.74,155.65,156.5,157.34,365870,573.39,2982,232824.0,63.64
PERFECT, 26-Aug-2026,2.2,2.2,2.2,2.2,2.3,6000,0.13,2,6000.0,100.0
PERMAGN, 26-Aug-2026,865.0,928.95,865.0,900.55,854.0,17444,155.86,1254,12002.0,68.8
PERSISTENT, 26-Aug-2026,5655.0,5705.0,5590.5,5590.5,5655.0,186654,10549.1,19487,58584.0,31.39
PETRONET, 26-Aug-2026,292.9,295.95,289.0,289.0,292.5,1547208,4530.06,24758,780631.0,50.45
PFC, 26-Aug-2026,366.8,369.15,363.35,364.1,367.0,4908282,17953.2,51006,2786297.0,56.77
PFIZER, 26-Aug-2026,4761.0,4835.3,4737.0,4802.5,4758.0,26447,1267.64,7630,13316.0,50.35
PFOCUS, 26-Aug-2026,302.75,307.7,299.5,302.55,302.75,384089,1166.71,8749,142009.0,36.97
PFS, 26-Aug-2026,28.0,28.2,27.65,27.66,27.98,462549,128.82,2543,397832.0,86.01
PGEL, 26-Aug-2026,601.0,601.25,586.45,587.15,594.35,878124,5196.49,16902,296012.0,33.71
PGHH, 26-Aug-2026,8127.0,8159.0,8066.0,8136.5,8089.0,11241,912.5,2769,5288.0,47.04
PGHL, 26-Aug-2026,5833.0,5880.0,5751.0,5766.0,5833.0,13177,762.55,2710,8228.0,62.44
PGIL, 26-Aug-2026,2320.0,2344.0,2275.0,2289.6,2326.7,79082,1815.45,11305,40482.0,51.19
PGINVIT, 26-Aug-2026,100.89,100.89,99.98,100.0,100.5,954967,958.67,5519,846882.0,88.68
PHANTOMFX, 26-Aug-2026,121.2,122.8,117.15,118.3,120.0,27900,33.45,61,24600.0,88.17
PHARMABEES, 26-Aug-2026,27.85,27.85,27.17,27.45,27.18,3625665,994.13,7976,2470375.0,68.14
PHOENIXLTD, 26-Aug-2026,1937.0,1950.0,1923.4,1924.1,1930.0,295329,5709.26,19464,174626.0,59.13
PHOENXINTL, 26-Aug-2026,30.38,33.5,29.81,30.66,30.38,2958,0.92,106,1639.0,55.41
PICCADIL, 26-Aug-2026,679.8,679.8,662.25,665.3,676.85,164015,1096.53,8124,76718.0,46.77
PIDILITIND, 26-Aug-2026,1651.3,1669.6,1641.0,1650.0,1651.1,617323,10199.54,18662,450342.0,72.95
PIGL, 26-Aug-2026,105.0,105.0,100.5,101.41,102.63,62224,63.44,835,39755.0,63.89
PIIND, 26-Aug-2026,2497.4,2530.5,2486.0,2508.3,2508.0,200712,5046.03,18030,98658.0,49.15
PILANIINVS, 26-Aug-2026,4421.9,4452.0,4400.0,4424.9,4395.3,1387,61.37,239,948.0,68.35
PILITA, 26-Aug-2026,7.83,8.24,7.83,8.14,7.93,59708,4.85,157,54843.0,91.85
PINELABS, 26-Aug-2026,164.85,169.39,164.6,166.88,163.69,13295971,22267.85,76753,4892213.0,36.79
PIONEEREMB, 26-Aug-2026,22.01,22.34,21.8,21.92,21.98,4992,1.1,37,4719.0,94.53
PIRAMALFIN, 26-Aug-2026,2185.0,2252.2,2150.2,2221.4,2181.2,856449,18863.79,36287,410293.0,47.91
PITTIENG, 26-Aug-2026,1139.7,1168.0,1114.15,1123.45,1123.3,321991,3668.25,17822,134255.0,41.7
PIXTRANS, 26-Aug-2026,1791.8,1853.0,1786.8,1810.1,1791.8,35026,637.14,5103,15713.0,44.86
PKTEA, 26-Aug-2026,730.05,819.0,730.05,785.0,762.95,264,2.11,31,157.0,59.47
PLASTIBLEN, 26-Aug-2026,188.0,192.9,188.0,188.89,189.13,18028,34.16,394,12330.0,68.39
PLATIND, 26-Aug-2026,212.74,220.45,209.58,218.31,212.74,129933,280.96,1893,100090.0,77.03
PLAZACABLE, 26-Aug-2026,52.43,53.43,50.81,52.22,52.43,35776,18.6,475,23144.0,64.69
PML, 26-Aug-2026,504.0,504.0,495.3,499.65,504.85,196,0.99,21,196.0,100.0
PNB, 26-Aug-2026,116.93,118.2,116.39,116.7,115.93,7741983,9069.23,32168,2977280.0,38.46
PNBGILTS, 26-Aug-2026,79.98,80.8,79.01,79.4,79.59,206050,164.35,2166,95188.0,46.2
PNBHOUSING, 26-Aug-2026,1185.0,1211.5,1173.2,1185.0,1182.0,901932,10768.68,32866,283153.0,31.39
PNC, 26-Aug-2026,18.15,18.15,16.71,16.99,17.87,39493,6.82,439,33448.0,84.69
PNCINFRA, 26-Aug-2026,203.9,204.13,200.62,201.32,203.15,418165,842.3,15059,274076.0,65.54
PNGJL, 26-Aug-2026,606.0,609.8,593.1,595.7,605.6,319379,1916.6,14173,195486.0,61.21
PNGSREVA, 26-Aug-2026,542.4,565.0,540.1,555.65,536.9,147361,819.86,5135,66701.0,45.26
POCL, 26-Aug-2026,506.95,518.0,505.1,512.45,504.65,419200,2151.66,10016,234646.0,55.97
PODDARMENT, 26-Aug-2026,249.55,252.95,247.0,248.3,249.55,978,2.44,65,696.0,71.17
POEL, 26-Aug-2026,150.57,161.0,150.0,150.86,152.34,28381,43.19,577,20585.0,72.53
POKARNA, 26-Aug-2026,881.5,885.9,865.0,869.6,878.45,29241,255.94,1865,13130.0,44.9
POLICYBZR, 26-Aug-2026,1806.3,1875.0,1806.3,1840.0,1798.3,2221774,41156.38,78097,1106869.0,49.82
POLYCAB, 26-Aug-2026,9130.0,9159.0,8984.0,9060.0,9098.0,239534,21741.66,24087,111711.0,46.64
POLYMED, 26-Aug-2026,1727.4,1756.9,1706.4,1711.2,1731.7,91740,1585.3,13101,51329.0,55.95
POLYPLEX, 26-Aug-2026,1185.5,1215.3,1171.6,1175.4,1180.2,46483,551.41,3292,28179.0,60.62
POLYSIL, 26-Aug-2026,47.25,52.15,47.25,50.15,49.7,624500,307.32,382,398000.0,63.73
POLYSPIN, 26-Aug-2026,33.88,33.88,29.5,29.5,29.45,130,0.04,13,124.0,95.38
PONNIERODE, 26-Aug-2026,400.0,412.0,385.95,391.05,402.55,61434,242.89,2185,36549.0,59.49
POONAWALLA, 26-Aug-2026,478.6,480.7,471.0,472.65,475.95,972858,4609.23,12214,698070.0,71.75
POSITRON, 26-Aug-2026,169.75,169.75,163.0,167.75,165.0,3900,6.44,13,3000.0,76.92
POWERGRID, 26-Aug-2026,270.1,271.15,265.2,265.2,271.0,5303523,14215.39,48225,3031633.0,57.16
POWERICA, 26-Aug-2026,535.0,536.4,525.5,532.0,531.8,78679,418.14,2612,38876.0,49.41
POWERINDIA, 26-Aug-2026,33375.0,33600.0,33105.0,33125.0,33300.0,43775,14577.42,14805,15901.0,36.32
POWERMECH, 26-Aug-2026,2497.5,2534.9,2495.7,2513.3,2503.4,32967,830.24,5165,15576.0,47.25
PPLPHARMA, 26-Aug-2026,208.56,213.44,208.11,211.29,207.71,2678764,5671.16,36632,1248733.0,46.62
PPSL, 26-Aug-2026,2.7,2.8,2.6,2.65,2.7,129000,3.46,37,60000.0,46.51
PRABHA, 26-Aug-2026,206.04,214.0,206.04,209.16,207.02,110272,232.36,1203,55338.0,50.18
PRAENG, 26-Aug-2026,19.3,19.76,18.66,19.44,18.68,48151,9.44,93,45327.0,94.14
PRAJIND, 26-Aug-2026,347.1,352.55,343.6,350.25,347.8,529125,1841.52,13907,210827.0,39.84
PRAKASH, 26-Aug-2026,127.5,130.7,127.49,129.94,127.69,240287,310.2,3064,115890.0,48.23
PRAKASHSTL, 26-Aug-2026,3.86,3.98,3.83,3.87,3.86,49026,1.9,224,39783.0,81.15
PRAMARA, 26-Aug-2026,119.2,119.2,108.0,113.5,119.15,28000,31.16,40,18000.0,64.29
PRAMODINI, 26-Aug-2026,122.65,125.95,120.4,121.25,122.65,63600,78.4,49,58800.0,92.45
PRANIK, 26-Aug-2026,42.0,42.0,41.0,41.0,41.15,3200,1.33,2,3200.0,100.0
PRATHAM, 26-Aug-2026,120.0,124.9,120.0,120.4,116.1,6800,8.34,11,5200.0,76.47
PRAVEG, 26-Aug-2026,262.15,269.0,260.0,262.25,261.8,23985,62.95,1132,12124.0,50.55
PRAXIS, 26-Aug-2026,5.4,5.4,5.09,5.13,5.25,235360,12.17,293,203267.0,86.36
PRECAM, 26-Aug-2026,130.9,133.0,128.0,129.27,130.41,88532,114.59,2146,46467.0,52.49
PRECISION, 26-Aug-2026,7.1,7.1,6.95,6.95,7.3,10000,0.7,5,10000.0,100.0
PRECOT, 26-Aug-2026,703.35,712.55,682.05,695.45,703.7,3328,23.34,245,2312.0,69.47
PRECWIRE, 26-Aug-2026,415.0,437.0,412.05,432.25,411.75,630995,2696.3,21311,204570.0,32.42
PREMCO, 26-Aug-2026,387.4,387.45,375.3,381.45,387.45,672,2.56,85,563.0,83.78
PREMEXPLN, 26-Aug-2026,666.9,675.45,666.05,671.2,665.55,127994,859.52,2786,75216.0,58.77
PREMIERENE, 26-Aug-2026,1036.5,1040.0,982.2,1005.0,1036.0,2553287,25552.78,66444,917965.0,35.95
PREMIERPOL, 26-Aug-2026,91.5,92.0,89.2,90.79,90.3,203235,183.97,2563,96065.0,47.27
PRESSTONIC, 26-Aug-2026,38.1,39.0,38.1,38.65,37.35,36000,13.88,44,32800.0,91.11
PRESTIGE, 26-Aug-2026,1620.9,1647.3,1614.0,1615.1,1623.0,393894,6425.14,19075,160790.0,40.82
PRICOLLTD, 26-Aug-2026,790.5,794.5,770.0,780.7,790.5,302708,2367.97,20588,162689.0,53.74
PRIMECAB, 26-Aug-2026,210.1,222.0,202.65,215.0,213.3,27200,57.41,17,25600.0,94.12
PRIMESECU, 26-Aug-2026,280.9,284.0,277.35,283.8,278.2,19889,56.25,437,8238.0,41.42
PRIMO, 26-Aug-2026,20.63,21.59,20.63,21.28,20.8,76462,16.21,683,50842.0,66.49
PRINCEPIPE, 26-Aug-2026,288.9,300.65,288.4,298.4,287.1,655834,1942.82,11413,361389.0,55.1
PRISMX, 26-Aug-2026,0.54,0.55,0.47,0.54,0.54,215585,1.12,112,110571.0,51.29
PRIVISCL, 26-Aug-2026,3480.0,3480.0,3443.5,3458.4,3444.8,27231,942.58,5037,15802.0,58.03
PRIZOR, 26-Aug-2026,1045.2,1045.2,1045.2,1045.2,1066.5,7200,75.25,13,7200.0,100.0
PRLIND, 26-Aug-2026,43.2,44.35,42.3,42.5,43.8,74000,31.74,50,53000.0,71.62
PROPEQUITY, 26-Aug-2026,220.0,220.0,208.0,210.0,212.0,3600,7.68,5,3600.0,100.0
PROPSHOP, 26-Aug-2026,77.0,77.0,73.8,76.1,74.25,132000,99.7,43,94000.0,71.21
PROSTARM, 26-Aug-2026,134.17,137.01,133.2,135.88,134.58,140518,191.04,2815,50592.0,36.0
PROTEAN, 26-Aug-2026,572.0,572.9,563.05,565.7,568.35,155201,879.69,5783,87234.0,56.21
PROV, 26-Aug-2026,1850.0,1900.0,1850.0,1875.0,1850.0,480,9.06,5,400.0,83.33
PROZONER, 26-Aug-2026,45.45,45.58,43.2,43.51,44.73,247369,109.94,3202,130242.0,52.65
PRSMJOHNSN, 26-Aug-2026,107.5,113.65,107.5,112.29,107.96,2352902,2628.35,23603,537199.0,22.83
PRUDENT, 26-Aug-2026,3331.7,3406.0,3294.1,3345.1,3336.0,13521,455.19,3681,7062.0,52.23
PSB, 26-Aug-2026,23.44,23.87,23.32,23.5,23.34,1744527,412.17,3898,601831.0,34.5
PSFL, 26-Aug-2026,31.5,31.5,31.0,31.05,31.05,8000,2.49,4,6000.0,75.0
PSPPROJECT, 26-Aug-2026,910.2,921.0,900.15,904.65,909.1,23710,215.89,1513,14277.0,60.22
PSRAJ, 26-Aug-2026,80.8,85.0,77.85,84.0,81.9,100000,79.57,35,80000.0,80.0
PSUBANK, 26-Aug-2026,86.85,87.77,86.73,87.19,85.99,533334,465.56,861,121643.0,22.81
PSUBANKADD, 26-Aug-2026,87.9,88.59,87.66,87.97,86.72,40478,35.67,449,23996.0,59.28
PSUBNKBEES, 26-Aug-2026,95.9,97.8,95.9,96.91,95.97,2197173,2136.03,5600,1211161.0,55.12
PSUBNKIETF, 26-Aug-2026,87.52,88.8,87.4,87.94,86.98,91051,80.31,711,41415.0,45.49
PTC, 26-Aug-2026,158.5,159.35,157.01,157.28,158.05,963657,1522.54,12958,603524.0,62.63
PTCIL, 26-Aug-2026,21158.0,21768.0,20788.0,20919.0,21116.0,31594,6736.87,11602,9584.0,30.33
PTL, 26-Aug-2026,38.35,38.84,38.35,38.69,38.54,23243,8.97,681,18882.0,81.24
PULZ, 26-Aug-2026,22.75,23.6,22.75,23.6,23.75,4000,0.93,2,2000.0,50.0
PUNJABCHEM, 26-Aug-2026,1100.0,1196.9,1100.0,1119.0,1090.6,62029,709.98,5547,12110.0,19.52
PURPLEUTED, 26-Aug-2026,409.1,416.0,408.0,409.0,417.1,8000,32.86,30,8000.0,100.0
PURVA, 26-Aug-2026,219.6,220.02,216.19,218.87,217.92,83504,181.81,2556,34107.0,40.84
PURVFLEXI, 26-Aug-2026,46.7,48.0,44.6,44.6,46.6,31200,14.29,5,31200.0,100.0
PUSHPA, 26-Aug-2026,113.85,115.0,113.8,114.9,114.0,17000,19.39,10,15000.0,88.24
PVP, 26-Aug-2026,54.0,56.48,53.5,56.48,51.35,5796445,3207.92,21105,2463037.0,42.49
PVRINOX, 26-Aug-2026,1236.0,1267.5,1230.4,1255.3,1231.0,465551,5832.34,22971,182643.0,39.23
PVSL, 26-Aug-2026,107.98,109.04,106.06,106.53,107.98,40578,43.53,2081,28720.0,70.78
PVTBANIETF, 26-Aug-2026,27.97,28.1,27.86,28.04,27.79,2567954,720.01,1370,1982592.0,77.21
PVTBANK, 26-Aug-2026,27.74,27.87,27.74,27.81,27.61,4640,1.29,15,4238.0,91.34
PVTBANKADD, 26-Aug-2026,27.97,28.28,27.97,28.24,27.79,69323,19.54,320,44916.0,64.79
PVTBKGROWW, 26-Aug-2026,27.36,27.94,27.36,27.77,27.45,26579,7.38,178,16110.0,60.61
PWL, 26-Aug-2026,123.1,129.88,122.6,126.13,121.35,27224374,34499.1,106866,3714033.0,13.64
PYRAMID, 26-Aug-2026,160.55,168.0,160.55,162.73,162.64,74959,122.6,1603,15087.0,20.13
QGOLDHALF, 26-Aug-2026,133.9,135.9,132.53,132.94,133.24,160338,213.4,1064,57040.0,35.57
QLINE, 26-Aug-2026,540.3,548.65,535.25,536.95,545.65,43200,233.45,98,32000.0,74.07
QNIFTY, 26-Aug-2026,268.8,269.4,267.12,267.48,267.49,3296,8.84,150,1007.0,30.55
QPOWER, 26-Aug-2026,1319.0,1319.0,1267.3,1298.2,1309.1,245988,3165.61,13530,118724.0,48.26
QUADFUTURE, 26-Aug-2026,417.0,417.85,409.05,411.95,418.5,536989,2220.08,11511,119239.0,22.21
QUAL30IETF, 26-Aug-2026,21.38,21.58,21.21,21.36,21.38,48747,10.42,229,37925.0,77.8
QUALITY30, 26-Aug-2026,21.01,21.07,20.91,21.02,20.96,3935,0.83,22,1418.0,36.04
QUESS, 26-Aug-2026,349.5,376.5,348.0,370.7,347.0,6471016,23880.81,114782,663898.0,10.26
QUESTLAB, 26-Aug-2026,87.2,88.4,87.2,87.95,86.5,4800,4.22,4,4800.0,100.0
QUICKTOUCH, 26-Aug-2026,16.0,16.0,15.4,15.4,16.2,7500,1.16,13,5500.0,73.33
QUINT, 26-Aug-2026,42.21,44.85,39.01,41.01,43.64,29949,12.25,348,19985.0,66.73
QVCEL, 26-Aug-2026,25.9,27.55,25.9,27.55,27.2,6400,1.7,4,3200.0,50.0
RACE, 26-Aug-2026,103.68,103.68,100.3,100.77,100.27,3170,3.21,68,2711.0,85.52
RACLGEAR, 26-Aug-2026,1525.0,1545.0,1484.0,1509.4,1511.1,18110,272.75,2207,7614.0,42.04
RADAAN, 26-Aug-2026,2.92,3.05,2.92,3.02,3.0,11648,0.35,78,8325.0,71.47
RADHIKAJWE, 26-Aug-2026,67.71,71.19,66.93,70.54,66.92,1388389,968.48,8705,340307.0,24.51
RADIANTCMS, 26-Aug-2026,39.09,42.25,38.8,41.16,38.36,1376537,562.44,5483,757811.0,55.05
RADICO, 26-Aug-2026,4677.5,4680.0,4602.2,4614.0,4630.0,232813,10778.54,23968,158835.0,68.22
RADIOCITY, 26-Aug-2026,6.62,6.75,6.59,6.62,6.59,18621,1.24,109,16070.0,86.3
RADIOWALLA, 26-Aug-2026,26.5,26.5,26.5,26.5,26.0,3200,0.85,2,3200.0,100.0
RAILTEL, 26-Aug-2026,282.2,283.85,280.2,280.9,280.8,411923,1160.07,8112,120392.0,29.23
RAIN, 26-Aug-2026,200.3,204.59,195.02,195.78,200.49,4779754,9518.4,35145,1865016.0,39.02
RAINBOW, 26-Aug-2026,1423.0,1466.3,1409.4,1446.7,1445.2,119965,1723.13,16075,41137.0,34.29
RAJINDLTD, 26-Aug-2026,66.2,68.0,66.2,68.0,67.0,7500,5.05,5,6000.0,80.0
RAJMET, 26-Aug-2026,3.3,3.36,3.06,3.18,3.2,1677065,52.66,1592,1050803.0,62.66
RAJPALAYAM, 26-Aug-2026,811.0,830.0,808.0,826.9,816.65,1157,9.48,53,1058.0,91.44
RAJPUTANA, 26-Aug-2026,226.25,237.6,226.25,236.1,226.55,18000,42.03,34,14500.0,80.56
RAJRATAN, 26-Aug-2026,490.0,500.0,483.55,495.75,489.75,59821,294.01,3051,31853.0,53.25
RAJSREESUG, 26-Aug-2026,37.62,38.95,36.11,36.59,38.09,142347,52.93,1216,54768.0,38.47
RAJTV, 26-Aug-2026,10.4,10.63,10.25,10.58,10.2,17391,1.83,116,14013.0,80.58
RALLIS, 26-Aug-2026,212.93,214.6,212.2,213.93,212.93,557658,1190.55,23614,326848.0,58.61
RAMANEWS, 26-Aug-2026,31.03,32.19,31.03,31.81,31.79,19414,6.17,141,11658.0,60.05
RAMAPHO, 26-Aug-2026,126.0,129.7,125.0,128.0,124.98,75079,95.74,1181,48533.0,64.64
RAMBHAJO, 26-Aug-2026,215.01,255.84,210.62,255.69,213.2,12226520,29553.78,113204,1042655.0,8.53
RAMCOCEM, 26-Aug-2026,915.4,944.0,911.15,940.65,909.15,269778,2522.15,12267,121736.0,45.12
RAMCOIND, 26-Aug-2026,350.9,352.85,346.05,349.65,348.85,108869,380.48,3081,58461.0,53.7
RAMCOSYS, 26-Aug-2026,559.2,568.9,549.6,553.1,558.15,90396,504.04,4216,45185.0,49.99
RAMKY, 26-Aug-2026,372.9,375.0,364.25,366.2,372.9,39575,145.94,2057,26014.0,65.73
RAMRAT, 26-Aug-2026,490.0,527.2,489.55,523.7,489.55,724064,3726.18,22455,327038.0,45.17
RANASUG, 26-Aug-2026,15.2,15.6,14.41,14.8,15.26,1810621,267.21,3323,914859.0,50.53
RANEHOLDIN, 26-Aug-2026,1606.0,1616.7,1579.9,1581.6,1592.1,4928,78.5,860,3235.0,65.65
RAPIDFLEET, 26-Aug-2026,233.5,244.9,230.15,232.35,231.1,42600,98.97,54,8400.0,19.72
RAPPID, 26-Aug-2026,295.0,306.5,295.0,300.1,300.0,3000,9.03,5,1800.0,60.0
RATEGAIN, 26-Aug-2026,944.05,952.75,929.2,934.05,946.05,238595,2243.16,14507,125995.0,52.81
RATNAMANI, 26-Aug-2026,2661.1,2690.3,2582.4,2641.6,2711.5,174190,4597.28,24590,46097.0,26.46
RATNAVEER, 26-Aug-2026,265.03,286.0,264.0,279.27,263.43,7868883,21800.09,59643,1464353.0,18.61
RAYMOND, 26-Aug-2026,630.0,634.0,620.0,621.05,627.2,610073,3799.84,7858,319443.0,52.36
RAYMONDLSL, 26-Aug-2026,719.0,722.05,703.6,709.75,715.5,102578,729.13,4072,61880.0,60.32
RAYMONDREL, 26-Aug-2026,585.0,587.15,570.0,575.2,577.3,90231,522.08,2451,35806.0,39.68
RBA, 26-Aug-2026,106.49,106.75,101.62,102.36,106.31,5059351,5224.56,18945,2246230.0,44.4
RBLBANK, 26-Aug-2026,385.8,386.65,380.3,382.5,384.0,1564195,5998.93,19638,708123.0,45.27
RBMINFRA, 26-Aug-2026,251.0,251.0,243.45,245.35,246.65,12400,30.26,40,10600.0,85.48
RBS, 26-Aug-2026,91.25,91.25,91.25,91.25,91.25,800,0.73,1,800.0,100.0
RBZJEWEL, 26-Aug-2026,141.34,152.4,141.14,149.33,142.02,271298,403.71,4538,99485.0,36.67
RCDL, 26-Aug-2026,19.0,19.0,17.5,18.1,19.1,63000,11.45,19,42000.0,66.67
RCF, 26-Aug-2026,124.55,124.71,122.11,122.33,124.47,1263180,1553.85,13375,548957.0,43.46
READYMIX, 26-Aug-2026,93.5,93.5,86.95,88.35,92.15,43000,38.22,38,22000.0,51.16
RECLTD, 26-Aug-2026,326.1,329.45,321.95,322.2,326.0,3061499,9949.04,26446,1772884.0,57.91
REDINGTON, 26-Aug-2026,353.55,356.0,349.25,354.2,352.65,1619391,5737.09,29151,559610.0,34.56
REDTAPE, 26-Aug-2026,121.5,123.0,119.0,122.56,120.89,465513,563.42,7109,210594.0,45.24
REFEX, 26-Aug-2026,290.0,297.9,288.55,296.85,290.0,334382,985.85,6750,125170.0,37.43
REFRACTORY, 26-Aug-2026,28.75,28.75,28.75,28.75,27.4,6000,1.73,5,6000.0,100.0
REGAAL, 26-Aug-2026,95.13,96.89,94.0,94.57,95.13,185737,176.61,1364,114694.0,61.75
REGENCERAM, 26-Aug-2026,37.69,37.69,32.46,33.0,33.61,12546,4.17,267,10675.0,85.09
RELAXO, 26-Aug-2026,367.5,372.75,366.1,367.4,368.55,107297,394.85,6440,44200.0,41.19
RELCHEMQ, 26-Aug-2026,113.0,118.4,113.0,114.19,112.7,4084,4.73,130,1767.0,43.27
RELIABLE, 26-Aug-2026,141.76,142.99,136.52,140.45,141.76,34780,48.66,430,4899.0,14.09
RELIANCE, 26-Aug-2026,1310.0,1315.6,1298.0,1298.0,1317.0,5744474,75003.41,99432,3668643.0,63.86
RELIGARE, 26-Aug-2026,229.9,230.1,226.65,227.85,228.45,321623,732.4,12790,181168.0,56.33
RELTD, 26-Aug-2026,159.01,161.38,156.0,156.7,159.01,85310,135.13,1653,51822.0,60.75
REMSONSIND, 26-Aug-2026,83.8,83.8,81.0,81.09,81.47,47139,38.53,1372,24836.0,52.69
REMUS, 26-Aug-2026,909.1,922.15,884.0,890.5,921.0,6500,58.51,53,4900.0,75.38
RENUKA, 26-Aug-2026,24.6,25.06,23.81,23.94,24.67,28386211,6893.3,36744,7481650.0,26.36
REPCOHOME, 26-Aug-2026,353.8,366.55,353.8,362.3,354.7,142761,516.36,3797,94708.0,66.34
REPRO, 26-Aug-2026,313.8,314.0,305.0,307.65,310.3,24191,75.63,509,22088.0,91.31
RESPONIND, 26-Aug-2026,154.0,156.0,149.0,151.71,153.71,673967,1014.9,8256,130801.0,19.41
RETAIL, 26-Aug-2026,17.2,18.0,16.52,17.81,17.4,2758,0.49,52,2429.0,88.07
REXPRO, 26-Aug-2026,38.0,38.7,38.0,38.7,36.9,11000,4.23,11,9000.0,81.82
RGL, 26-Aug-2026,133.3,159.0,131.76,152.58,132.87,39925030,59533.71,213185,3200732.0,8.02
RHETAN, 26-Aug-2026,22.2,22.3,21.5,21.94,21.85,14269491,3136.9,7725,1881853.0,13.19
RHIM, 26-Aug-2026,375.0,375.35,369.0,370.6,370.2,131256,488.05,4811,66078.0,50.34
RHL, 26-Aug-2026,168.0,170.0,166.0,169.75,167.14,8802,14.72,28,8337.0,94.72
RICOAUTO, 26-Aug-2026,128.5,132.49,128.1,130.76,127.89,1111026,1450.46,9273,294183.0,26.48
RIIL, 26-Aug-2026,765.95,770.0,759.35,762.5,763.55,25737,196.81,1475,8070.0,31.36
RIIT, 26-Aug-2026,123.0,123.0,121.58,121.77,121.85,113392,138.13,4138,108525.0,95.71
RILINFRA, 26-Aug-2026,35.75,36.0,35.7,36.0,36.2,4900,1.75,31,4100.0,83.67
RIR, 26-Aug-2026,162.16,167.0,161.5,164.46,162.92,85489,139.61,2027,40494.0,47.37
RISHABH, 26-Aug-2026,691.9,694.95,680.05,687.7,688.55,101918,700.75,5226,44629.0,43.79
RITCO, 26-Aug-2026,318.9,319.0,308.05,311.2,316.25,62775,195.95,1957,25789.0,41.08
RITES, 26-Aug-2026,217.93,220.39,217.5,218.01,217.69,208076,454.81,6421,94222.0,45.28
RKDL, 26-Aug-2026,18.12,18.97,18.12,18.88,18.66,6950,1.31,79,6349.0,91.35
RKEC, 26-Aug-2026,23.11,23.79,22.67,23.24,22.25,20325,4.72,147,14711.0,72.38
RKFORGE, 26-Aug-2026,723.5,741.4,715.85,732.0,721.1,838774,6110.31,32342,420350.0,50.11
RKSWAMY, 26-Aug-2026,94.59,96.49,92.72,93.2,94.59,41329,38.69,802,26381.0,63.83
RMC, 26-Aug-2026,252.3,262.25,252.3,256.75,253.5,24139,61.96,840,14652.0,60.7
RML, 26-Aug-2026,1144.3,1152.7,1124.4,1144.1,1133.0,14890,169.56,1799,6517.0,43.77
RNBDENIMS, 26-Aug-2026,8.93,8.93,8.93,8.93,8.51,43155,3.85,53,43155.0,100.0
RNFI, 26-Aug-2026,290.0,307.0,289.0,292.65,283.2,160800,479.74,193,113400.0,70.52
RNPL, 26-Aug-2026,74.6,79.15,74.6,79.1,77.65,7200,5.64,6,1200.0,16.67
ROCKINGDCE, 26-Aug-2026,254.8,254.8,221.6,240.5,238.9,14500,34.01,43,10750.0,74.14
ROCKPP, 26-Aug-2026,70.0,70.0,63.0,65.2,70.0,5000,3.26,5,5000.0,100.0
ROHLTD, 26-Aug-2026,307.95,312.0,303.7,306.2,303.7,16813,51.81,720,11886.0,70.7
ROLEXRINGS, 26-Aug-2026,182.42,188.55,181.89,184.45,182.42,1950951,3624.13,21959,662368.0,33.95
ROML, 26-Aug-2026,43.89,43.89,42.12,42.44,42.72,7766,3.29,120,7078.0,91.14
ROSSARI, 26-Aug-2026,505.0,505.95,498.25,500.05,503.35,31324,156.84,2722,18804.0,60.03
ROSSELLIND, 26-Aug-2026,57.1,62.3,57.01,61.77,57.31,407805,247.01,7428,255489.0,62.65
ROSSTECH, 26-Aug-2026,1063.0,1119.9,1048.85,1099.95,1050.35,361382,3952.76,13331,235666.0,65.21
ROTO, 26-Aug-2026,66.58,66.58,64.68,65.51,65.4,208300,136.44,1716,76766.0,36.85
ROUTE, 26-Aug-2026,507.6,534.4,506.5,523.45,507.6,610327,3202.57,15312,192788.0,31.59
ROXHITECH, 26-Aug-2026,50.95,51.0,50.9,51.0,50.95,14400,7.34,9,14400.0,100.0
ROYALARC, 26-Aug-2026,180.0,182.0,175.0,175.0,181.0,4800,8.6,3,3600.0,75.0
RPEL, 26-Aug-2026,1605.0,1749.0,1605.0,1736.7,1603.1,145151,2480.62,10650,73385.0,50.56
RPGLIFE, 26-Aug-2026,2584.5,2623.0,2580.3,2592.7,2584.5,3847,100.15,995,1798.0,46.74
RPOWER, 26-Aug-2026,22.53,22.95,22.53,22.7,22.7,10207973,2323.8,20229,3234893.0,31.69
RPPINFRA, 26-Aug-2026,57.88,58.35,56.9,57.18,57.88,54715,31.47,514,42081.0,76.91
RPSGVENT, 26-Aug-2026,865.5,879.9,860.0,868.5,865.5,15353,133.49,830,9302.0,60.59
RPTECH, 26-Aug-2026,785.95,823.05,752.5,778.95,779.45,1188598,9344.28,46000,362232.0,30.48
RRECL, 26-Aug-2026,151.99,151.99,151.0,151.66,139.0,3,0.0,2,3.0,100.0
RRIL, 26-Aug-2026,17.67,17.83,16.8,17.0,17.23,4250,0.73,104,3909.0,91.98
RRKABEL, 26-Aug-2026,2807.0,2845.8,2800.1,2810.6,2801.2,216552,6101.0,16686,114360.0,52.81
RSL, 26-Aug-2026,163.9,170.25,162.15,166.59,164.32,529804,889.32,5747,139003.0,26.24
RSSOFTWARE, 26-Aug-2026,30.33,31.38,29.9,31.38,29.89,31810,9.77,99,26945.0,84.71
RSYSTEMS, 26-Aug-2026,243.15,247.3,239.05,240.1,243.15,121279,293.11,4284,61891.0,51.03
RTL, 26-Aug-2026,78.05,83.25,78.05,83.25,83.95,42000,34.86,4,40000.0,95.24
RTNINDIA, 26-Aug-2026,30.38,30.45,30.1,30.22,30.01,532554,161.18,2651,240582.0,45.18
RTNPOWER, 26-Aug-2026,7.82,8.0,7.79,7.95,7.82,19404967,1538.37,13681,9354723.0,48.21
RTSPOWR, 26-Aug-2026,92.5,95.99,90.1,94.18,92.5,924,0.85,30,877.0,94.91
RUBFILA, 26-Aug-2026,65.7,66.9,65.66,65.9,65.43,33171,21.9,269,29477.0,88.86
RUBICON, 26-Aug-2026,1730.0,1829.0,1730.0,1818.8,1708.8,742780,13339.95,56339,298256.0,40.15
RUCHINFRA, 26-Aug-2026,5.76,5.83,5.61,5.76,5.7,92187,5.25,184,77282.0,83.83
RUCHIRA, 26-Aug-2026,103.98,104.34,103.06,103.42,103.45,13741,14.24,1011,8853.0,64.43
RUDRA, 26-Aug-2026,21.17,21.95,21.0,21.15,21.16,80847,17.32,134,69516.0,85.98
RUPA, 26-Aug-2026,150.27,151.5,149.0,149.25,150.59,82948,124.09,2793,48655.0,58.66
RUSHIL, 26-Aug-2026,16.71,17.35,16.61,16.8,16.78,765332,128.98,1137,311264.0,40.67
RUSTOMJEE, 26-Aug-2026,377.95,385.45,373.1,379.1,374.2,33093,125.8,2143,20567.0,62.15
RVHL, 26-Aug-2026,40.59,41.7,38.6,40.96,40.04,14619,5.98,230,9245.0,63.24
RVNL, 26-Aug-2026,220.0,223.29,219.78,221.39,218.4,3616707,8008.26,28477,1133808.0,31.35
RVTH, 26-Aug-2026,734.1,740.0,730.05,730.15,730.65,141,1.03,16,131.0,92.91
S&SPOWER, 26-Aug-2026,339.45,367.0,339.45,350.7,339.45,17365,61.55,764,10706.0,61.65
SAAKSHI, 26-Aug-2026,289.0,289.0,284.2,284.2,289.0,1800,5.17,3,1200.0,66.67
SAATVIKGL, 26-Aug-2026,420.0,425.0,417.75,423.85,421.85,61619,260.02,1699,45307.0,73.53
SAB, 26-Aug-2026,175.0,175.0,173.0,173.0,172.0,33,0.06,9,33.0,100.0
SACHEEROME, 26-Aug-2026,485.05,490.0,478.1,484.8,490.0,12600,60.88,38,9000.0,71.43
SADBHAV, 26-Aug-2026,8.14,8.2,7.98,8.07,8.08,161742,13.01,328,113666.0,70.28
SADHAV, 26-Aug-2026,116.0,116.1,114.15,114.15,114.7,5400,6.22,8,4200.0,77.78
SAFARI, 26-Aug-2026,1513.0,1515.7,1490.0,1496.1,1501.8,14727,221.58,3170,9687.0,65.78
SAFEENTP, 26-Aug-2026,248.35,250.0,246.0,248.5,248.35,21000,52.11,36,14000.0,66.67
SAGARDEEP, 26-Aug-2026,23.66,24.85,23.26,23.64,23.66,24908,5.98,147,20321.0,81.58
SAGCEM, 26-Aug-2026,163.39,169.0,163.39,167.67,163.39,26514,44.1,722,14924.0,56.29
SAGILITY, 26-Aug-2026,43.3,46.1,43.3,44.0,43.02,95051180,42682.45,115932,36630289.0,38.54
SAHAJSOLAR, 26-Aug-2026,105.3,105.3,101.3,102.25,102.8,20800,21.32,48,15600.0,75.0
SAHANA, 26-Aug-2026,935.0,954.95,930.0,941.45,920.35,42750,402.84,201,26550.0,62.11
SAHASRA, 26-Aug-2026,313.7,323.0,307.0,315.3,313.0,16400,51.17,39,13600.0,82.93
SAHLIBHFI, 26-Aug-2026,70.75,75.88,70.75,74.51,72.99,28114,20.65,266,26703.0,94.98
SAHYADRI, 26-Aug-2026,349.2,354.95,332.3,339.35,346.0,12243,42.15,1399,6149.0,50.22
SAICAPI, 26-Aug-2026,150.71,153.0,145.1,145.1,153.0,121,0.18,17,86.0,71.07
SAIFL, 26-Aug-2026,5.1,5.15,5.05,5.05,5.1,212000,10.77,32,180000.0,84.91
SAIL, 26-Aug-2026,185.95,196.5,182.4,194.9,184.59,44553300,84901.51,141159,15513122.0,34.82
SAILIFE, 26-Aug-2026,1462.0,1477.8,1453.6,1461.0,1455.5,232305,3399.14,18149,139038.0,59.85
SAIPARENT, 26-Aug-2026,576.0,578.95,528.0,530.9,527.9,789646,4291.78,21876,165971.0,21.02
SAKAR, 26-Aug-2026,887.95,910.45,887.95,901.4,884.85,54164,488.41,3327,32181.0,59.41
SAKHTISUG, 26-Aug-2026,21.51,22.05,20.7,20.77,21.73,361090,76.23,1543,197044.0,54.57
SAKSOFT, 26-Aug-2026,159.94,163.06,159.65,161.36,159.59,138451,222.68,3567,65100.0,47.02
SAKUMA, 26-Aug-2026,1.71,1.79,1.71,1.79,1.63,2329582,41.59,1175,1935311.0,83.08
SALASAR, 26-Aug-2026,5.91,6.03,5.91,5.95,5.91,2523937,150.45,2316,1250213.0,49.53
SALONA, 26-Aug-2026,268.74,268.74,262.01,262.01,270.09,68,0.18,7,52.0,76.47
SALSTEEL, 26-Aug-2026,73.5,76.84,70.8,71.64,74.49,559615,411.03,5453,122414.0,21.87
SALZERELEC, 26-Aug-2026,564.05,566.45,555.2,556.5,564.45,32230,180.14,1405,17041.0,52.87
SAMAY, 26-Aug-2026,46.6,46.75,46.6,46.65,44.9,12000,5.6,3,12000.0,100.0
SAMBANDAM, 26-Aug-2026,135.2,135.2,124.0,125.47,134.14,6243,7.95,207,2192.0,35.11
SAMBHAAV, 26-Aug-2026,6.31,6.54,6.14,6.24,6.34,31939,2.01,144,26233.0,82.13
SAMBHV, 26-Aug-2026,129.4,130.09,126.3,128.46,128.66,643347,820.76,6545,261297.0,40.62
SAMHI, 26-Aug-2026,160.94,160.94,158.57,159.1,158.74,409539,651.65,6597,283205.0,69.15
SAMMAANCAP, 26-Aug-2026,151.1,152.77,149.04,149.45,149.97,3824669,5750.88,17606,1891920.0,49.47
SAMPANN, 26-Aug-2026,26.47,26.68,25.81,26.1,26.47,18801,4.89,135,16138.0,85.84
SANATHAN, 26-Aug-2026,461.0,465.0,446.55,462.1,451.6,25596,117.46,1498,11429.0,44.65
SANDESH, 26-Aug-2026,1028.0,1039.4,1025.3,1032.2,1022.05,447,4.62,105,296.0,66.22
SANDHAR, 26-Aug-2026,681.75,683.65,658.05,661.05,679.0,98222,655.35,5687,56179.0,57.2
SANDUMA, 26-Aug-2026,205.0,210.78,203.05,209.67,205.1,793435,1648.01,12836,401121.0,50.55
SANGAMIND, 26-Aug-2026,566.7,576.8,556.0,570.95,564.1,34780,196.41,1583,12812.0,36.84
SANGANI, 26-Aug-2026,49.6,53.8,49.55,53.8,52.15,7500,3.78,5,6000.0,80.0
SANGHVIMOV, 26-Aug-2026,464.35,465.0,445.0,458.5,458.4,414376,1880.63,13000,221616.0,53.48
SANOFI, 26-Aug-2026,3223.9,3224.0,3180.1,3191.2,3198.2,16437,524.57,3308,10482.0,63.77
SANOFICONR, 26-Aug-2026,4176.9,4241.0,4148.0,4158.5,4176.9,2463,102.67,784,1492.0,60.58
SANSERA, 26-Aug-2026,3790.5,3898.8,3761.0,3836.6,3790.5,142018,5475.63,30450,70260.0,49.47
SANSTAR, 26-Aug-2026,107.58,110.48,107.31,110.15,107.93,171481,187.22,2378,91332.0,53.26
SAPPHIRE, 26-Aug-2026,253.4,258.78,248.05,249.68,249.81,2966863,7545.37,43909,1087817.0,36.67
SAPPL, 26-Aug-2026,280.0,297.45,272.1,289.0,292.1,952,2.76,28,798.0,83.82
SARDAEN, 26-Aug-2026,507.05,516.0,505.0,514.4,506.5,249978,1279.21,10263,106752.0,42.7
SAREGAMA, 26-Aug-2026,509.8,512.0,487.25,497.55,504.7,985383,4879.59,23116,443628.0,45.02
SARLAPOLY, 26-Aug-2026,100.65,101.1,100.0,100.5,101.2,34411,34.6,340,28763.0,83.59
SAROJA, 26-Aug-2026,39.7,39.75,39.7,39.75,37.9,9600,3.81,6,6400.0,66.67
SARTELE, 26-Aug-2026,99.95,101.0,99.4,99.85,99.95,71000,71.05,77,58000.0,81.69
SARVESHWAR, 26-Aug-2026,3.5,3.54,3.45,3.48,3.47,917804,32.01,1334,658204.0,71.72
SASKEN, 26-Aug-2026,1884.0,1925.0,1840.0,1863.0,1871.2,18676,352.02,2860,12500.0,66.93
SATECH, 26-Aug-2026,32.9,36.15,32.9,35.85,32.9,25000,8.73,19,24000.0,96.0
SATIA, 26-Aug-2026,57.84,59.23,57.84,58.69,57.84,49067,28.8,983,28952.0,59.01
SATIN, 26-Aug-2026,220.0,229.5,220.0,227.06,221.36,222094,501.15,4438,96557.0,43.48
SATKARTAR, 26-Aug-2026,133.45,154.0,133.45,135.7,133.45,115200,164.1,123,64000.0,55.56
SATTVAENGG, 26-Aug-2026,79.85,79.85,74.0,74.0,76.0,12800,9.62,8,9600.0,75.0
SAURASHCEM, 26-Aug-2026,57.0,60.0,57.0,59.01,56.94,112538,65.62,1830,52508.0,46.66
SAVY, 26-Aug-2026,135.0,136.9,132.65,135.5,135.0,4800,6.5,4,2400.0,50.0
SAWALIYA, 26-Aug-2026,270.0,274.8,264.0,265.5,268.05,81000,215.86,42,68400.0,84.44
SAYAJIHOTL, 26-Aug-2026,348.0,348.0,320.0,320.1,320.25,717,2.37,26,446.0,62.2
SAYAJIIND, 26-Aug-2026,114.0,117.96,114.0,117.46,112.35,4067,4.79,57,4065.0,99.95
SBC, 26-Aug-2026,40.09,40.53,40.01,40.13,39.91,7394764,2967.85,6813,1554751.0,21.03
SBCL, 26-Aug-2026,1022.9,1065.95,1004.7,1053.1,1018.35,394446,4117.55,23879,177505.0,45.0
SBFC, 26-Aug-2026,92.6,102.21,92.6,101.14,92.77,17101535,16989.88,88444,3280893.0,19.18
SBGLP, 26-Aug-2026,24.35,25.97,23.3,23.64,24.35,31913,7.61,187,29202.0,91.51
SBIBPB, 26-Aug-2026,51.05,51.05,49.82,50.35,49.81,49802,25.07,346,39715.0,79.75
SBICARD, 26-Aug-2026,654.0,666.3,647.25,660.1,651.0,2062040,13626.84,40475,1027137.0,49.81
SBIETFCON, 26-Aug-2026,125.68,125.68,124.1,124.38,124.29,1854,2.31,78,1318.0,71.09
SBIETFIT, 26-Aug-2026,342.68,342.68,336.02,337.92,338.82,14018,47.56,203,8277.0,59.05
SBIETFPB, 26-Aug-2026,283.4,284.15,281.15,283.9,281.14,43404,123.03,105,43238.0,99.62
SBIETFQLTY, 26-Aug-2026,225.36,226.02,224.33,225.39,225.73,1161,2.62,49,976.0,84.07
SBIFUNDS, 26-Aug-2026,553.05,565.55,546.1,563.45,549.05,2482037,13878.03,47911,1455760.0,58.65
SBILIFE, 26-Aug-2026,1760.5,1789.0,1760.5,1768.2,1755.0,1042686,18516.14,34699,678209.0,65.04
SBILIQETF, 26-Aug-2026,1053.35,1053.36,1053.34,1053.34,1053.34,54603,575.16,66,41800.0,76.55
SBIMIDMOM, 26-Aug-2026,64.03,65.18,64.03,64.98,64.48,44287,28.75,893,39220.0,88.56
SBIN, 26-Aug-2026,1051.4,1062.3,1051.2,1052.0,1048.0,5858099,61903.41,146788,3284133.0,56.06
SBINEQWETF, 26-Aug-2026,33.85,33.9,33.59,33.79,33.74,24688,8.31,207,14084.0,57.05
SBINMID150, 26-Aug-2026,23.65,23.74,23.58,23.69,23.54,9373,2.22,98,8325.0,88.82
SBISILVER, 26-Aug-2026,235.49,238.16,235.13,235.87,234.57,650251,1538.85,4875,281491.0,43.29
SBISMLETF, 26-Aug-2026,18.48,18.6,18.39,18.49,18.39,19274,3.56,133,10882.0,56.46
SBIVALETF, 26-Aug-2026,14.91,14.95,14.81,14.85,14.76,8380,1.25,35,6667.0,79.56
SCHAEFFLER, 26-Aug-2026,4016.0,4028.0,3993.5,4010.2,4002.5,18384,737.23,3184,11497.0,62.54
SCHAND, 26-Aug-2026,135.0,139.75,135.0,138.46,135.86,20215,27.67,589,14580.0,72.12
SCHNEIDER, 26-Aug-2026,1153.0,1182.6,1145.0,1174.4,1146.4,452802,5260.27,28951,265637.0,58.67
SCI, 26-Aug-2026,289.9,293.2,287.3,288.5,288.1,1463356,4235.74,20818,607691.0,41.53
SCILAL, 26-Aug-2026,40.01,40.78,40.01,40.15,40.06,104813,42.21,897,62068.0,59.22
SCML, 26-Aug-2026,85.0,85.0,84.0,84.0,85.0,12000,10.18,4,12000.0,100.0
SCODATUBES, 26-Aug-2026,130.0,133.49,128.0,128.86,129.87,324700,422.0,2350,256482.0,78.99
SDBL, 26-Aug-2026,73.02,73.49,72.3,72.62,72.73,209779,152.41,1811,118564.0,56.52
SDREAMS, 26-Aug-2026,88.0,92.0,88.0,91.95,81.6,11000,9.88,11,11000.0,100.0
SEAMECLTD, 26-Aug-2026,1655.3,1669.0,1630.1,1658.1,1649.6,36037,594.85,2846,19059.0,52.89
SECMARK, 26-Aug-2026,129.4,129.4,126.1,128.0,125.02,322,0.41,20,129.0,40.06
SECURKLOUD, 26-Aug-2026,18.05,19.28,17.5,17.77,17.79,24416,4.35,210,17784.0,72.84
SEDEMAC, 26-Aug-2026,3082.0,3165.2,3044.0,3065.0,3081.8,47439,1467.41,7722,20105.0,42.38
SEIL, 26-Aug-2026,206.93,212.0,206.93,211.66,206.93,213879,450.2,3012,150766.0,70.49
SEITINVIT, 26-Aug-2026,124.0,124.0,124.0,124.0,124.0,25000,31.0,1,25000.0,100.0
SEJALLTD, 26-Aug-2026,684.1,686.95,664.0,666.95,684.05,4145,27.95,385,3161.0,76.26
SEKURITIND, 26-Aug-2026,116.3,117.99,116.3,117.04,117.07,21750,25.5,241,18269.0,84.0
SELECTIPO, 26-Aug-2026,49.26,49.51,49.24,49.39,49.18,35665,17.62,106,33247.0,93.22
SELLOWRAP, 26-Aug-2026,64.5,64.5,64.5,64.5,67.5,1600,1.03,1,1600.0,100.0
SELMC, 26-Aug-2026,27.72,28.47,27.52,27.9,27.72,1157,0.32,45,902.0,77.96
SEMAC, 26-Aug-2026,288.3,290.0,281.0,285.15,289.7,131,0.37,13,74.0,56.49
SENCO, 26-Aug-2026,369.45,369.65,359.1,367.15,368.65,754754,2748.89,16901,252386.0,33.44
SENORES, 26-Aug-2026,1494.2,1523.2,1480.5,1494.7,1480.4,147753,2217.44,12273,39362.0,26.64
SENSEXADD, 26-Aug-2026,80.46,80.51,79.92,80.18,80.06,1914,1.53,328,769.0,40.18
SENSEXAXIS, 26-Aug-2026,81.26,81.26,80.4,80.5,80.86,4356,3.51,70,1897.0,43.55
SENSEXBETA, 26-Aug-2026,859.0,866.12,856.9,860.62,856.6,1744,15.02,123,1534.0,87.96
SENSEXETF, 26-Aug-2026,80.32,80.5,80.05,80.1,80.18,33910,27.27,198,26580.0,78.38
SENSEXIETF, 26-Aug-2026,901.73,901.73,892.05,894.38,893.61,5774,51.73,423,4072.0,70.52
SEPC, 26-Aug-2026,5.79,6.26,5.75,5.78,5.77,71528587,4274.91,91437,16043295.0,22.43
SERVICE, 26-Aug-2026,68.7,68.7,64.5,67.35,65.5,34000,22.55,16,16000.0,47.06
SERVOTECH, 26-Aug-2026,82.46,82.46,81.25,81.44,81.53,199794,163.04,2629,103086.0,51.6
SESHAPAPER, 26-Aug-2026,227.16,230.0,225.38,227.27,227.16,14287,32.46,501,7202.0,50.41
SETF10GILT, 26-Aug-2026,262.5,269.0,262.5,264.39,264.39,3584,9.46,35,3422.0,95.48
SETFGOLD, 26-Aug-2026,140.37,140.37,135.58,136.46,136.95,2317028,3170.92,9546,1012176.0,43.68
SETFNIF50, 26-Aug-2026,261.48,264.28,261.39,261.7,261.66,360221,943.91,5838,207777.0,57.68
SETFNIFBK, 26-Aug-2026,590.99,595.96,590.99,594.6,590.48,35721,212.52,771,31359.0,87.79
SETFNN50, 26-Aug-2026,796.56,804.41,796.56,802.0,795.32,21074,168.98,1278,10709.0,50.82
SETL, 26-Aug-2026,317.0,330.45,313.35,330.4,314.75,2640125,8593.81,15077,2020969.0,76.55
SFL, 26-Aug-2026,648.95,656.0,641.3,648.05,646.55,133527,866.67,12712,62518.0,46.82
SFML, 26-Aug-2026,23.45,23.45,21.2,22.4,21.2,11200,2.53,7,8000.0,71.43
SGBAPR28I, 26-Aug-2026,16050.0,16200.0,15921.0,16014.83,16053.2,349,55.88,46,263.0,75.36
SGBAUG27, 26-Aug-2026,15860.58,16199.0,15830.01,15865.56,15940.28,91,14.47,37,56.0,61.54
SGBAUG28V, 26-Aug-2026,15935.0,15974.99,15900.0,15901.36,15919.14,762,121.39,115,657.0,86.22
SGBAUG29V, 26-Aug-2026,16036.99,16100.0,15870.0,15882.36,16020.19,513,82.04,77,381.0,74.27
SGBAUG30, 26-Aug-2026,16126.25,16126.25,16050.02,16070.0,16046.02,206,33.12,57,101.0,49.03
SGBD29VIII, 26-Aug-2026,15960.0,15961.0,15911.15,15933.75,15955.39,99,15.79,27,86.0,86.87
SGBDE30III, 26-Aug-2026,15664.78,16149.99,15664.78,16022.46,16066.45,253,40.57,76,146.0,57.71
SGBDE31III, 26-Aug-2026,16101.0,16498.0,16101.0,16255.61,16185.3,1632,265.4,284,777.0,47.61
SGBDEC26, 26-Aug-2026,15949.8,16289.99,15949.8,16289.99,15949.0,4,0.65,2,4.0,100.0
SGBFEB27, 26-Aug-2026,15726.0,15726.0,15726.0,15726.0,15990.0,1,0.16,1,1.0,100.0
SGBFEB28IX, 26-Aug-2026,15950.0,15950.0,15950.0,15950.0,15920.0,3,0.48,3,3.0,100.0
SGBFEB29XI, 26-Aug-2026,15956.16,15959.98,15870.01,15890.84,15956.16,50,7.96,21,36.0,72.0
SGBFEB32IV, 26-Aug-2026,16350.0,16490.0,16321.01,16350.45,16327.42,2161,354.73,341,1394.0,64.51
SGBJ28VIII, 26-Aug-2026,15900.0,15979.99,15900.0,15979.99,16048.93,9,1.43,5,9.0,100.0
SGBJAN27, 26-Aug-2026,15969.0,15973.98,15969.0,15973.98,15973.98,50,7.99,5,50.0,100.0
SGBJAN29IX, 26-Aug-2026,15930.0,15969.99,15900.0,15900.05,15930.0,84,13.37,22,82.0,97.62
SGBJAN29X, 26-Aug-2026,15995.0,15995.0,15900.0,15905.0,15933.16,30,4.78,16,22.0,73.33
SGBJAN30IX, 26-Aug-2026,15855.01,16022.99,15855.01,15925.69,15973.13,65,10.38,30,47.0,72.31
SGBJU29III, 26-Aug-2026,15950.0,15979.99,15900.0,15909.29,15920.35,86,13.69,23,59.0,68.6
SGBJUL27, 26-Aug-2026,15936.92,15999.98,15800.0,15999.98,16017.0,14,2.23,7,9.0,64.29
SGBJUL28IV, 26-Aug-2026,15880.0,15950.0,15870.0,15942.0,15944.0,146,23.21,34,94.0,64.38
SGBJUL29IV, 26-Aug-2026,15920.0,15969.5,15871.0,15917.38,15918.17,98,15.6,31,75.0,76.53
SGBJUN27, 26-Aug-2026,15865.01,15987.99,15860.12,15939.94,15860.12,10,1.59,6,10.0,100.0
SGBJUN28, 26-Aug-2026,15905.0,15948.0,15905.0,15946.89,15908.61,157,25.02,20,137.0,87.26
SGBJUN29II, 26-Aug-2026,15925.0,15999.99,15901.0,15904.27,15939.64,176,28.07,26,166.0,94.32
SGBJUN30, 26-Aug-2026,16085.0,16085.0,15920.06,15961.61,16013.43,36,5.76,22,21.0,58.33
SGBJUN31I, 26-Aug-2026,16042.96,16198.99,16026.2,16149.13,16123.58,329,53.12,97,216.0,65.65
SGBMAR28X, 26-Aug-2026,16100.0,16499.0,16100.0,16499.0,16100.0,6,0.97,2,6.0,100.0
SGBMAR30X, 26-Aug-2026,16005.7,16005.7,15951.0,15967.26,16005.7,69,11.04,15,58.0,84.06
SGBMAR31IV, 26-Aug-2026,16173.75,16244.99,16115.01,16141.35,16173.75,145,23.44,44,91.0,62.76
SGBMAY28, 26-Aug-2026,15970.0,15970.0,15902.01,15913.0,15974.94,124,19.76,13,116.0,93.55
SGBMAY29I, 26-Aug-2026,15901.01,16000.0,15900.0,15944.0,15976.21,298,47.52,71,227.0,76.17
SGBMR29XII, 26-Aug-2026,16101.0,16160.0,16010.01,16015.52,16105.0,433,69.68,45,297.0,68.59
SGBN28VIII, 26-Aug-2026,15951.01,15989.0,15922.01,15952.83,15950.0,26,4.15,17,21.0,80.77
SGBNOV26, 26-Aug-2026,15870.25,16080.0,15870.1,15870.1,15950.0,26,4.14,6,26.0,100.0
SGBNV29VII, 26-Aug-2026,15915.0,15990.0,15915.0,15951.42,15993.19,50,7.98,23,45.0,90.0
SGBOC28VII, 26-Aug-2026,16021.0,16021.0,15952.0,15952.0,16018.4,29,4.64,8,25.0,86.21
SGBOCT26, 26-Aug-2026,15609.75,17611.0,15609.75,16000.0,16010.0,18,2.89,3,18.0,100.0
SGBOCT27, 26-Aug-2026,16795.6,16795.6,16665.6,16666.53,16880.0,4,0.67,4,3.0,75.0
SGBSEP27, 26-Aug-2026,16190.0,16190.0,16189.99,16189.99,16479.98,3,0.49,2,3.0,100.0
SGBSEP28VI, 26-Aug-2026,16140.63,16299.99,16051.0,16075.19,16140.63,1524,246.12,72,355.0,23.29
SGBSEP29VI, 26-Aug-2026,16102.0,16199.98,16061.0,16076.0,16200.0,391,62.93,42,309.0,79.03
SGBSEP31II, 26-Aug-2026,16122.52,16264.99,16122.52,16201.48,16203.54,1052,170.61,135,764.0,72.62
SGFIN, 26-Aug-2026,706.1,711.85,690.2,692.2,700.5,138554,962.86,4625,86939.0,62.75
SGIL, 26-Aug-2026,575.0,589.0,575.0,586.5,575.45,10310,60.28,227,9232.0,89.54
SGL, 26-Aug-2026,10.17,10.44,9.99,10.03,10.48,2418,0.24,41,1285.0,53.14
SGLRES, 26-Aug-2026,2.57,2.57,2.38,2.38,2.5,71015,1.71,109,51905.0,73.09
SGMART, 26-Aug-2026,837.4,860.6,836.5,842.3,837.4,205553,1745.39,8383,91563.0,44.54
SGRL, 26-Aug-2026,508.05,520.0,508.0,513.05,507.1,6213,31.86,253,5006.0,80.57
SHADOWFAX, 26-Aug-2026,258.55,258.55,244.3,246.14,256.9,4180538,10462.88,43043,2150566.0,51.44
SHAH, 26-Aug-2026,3.3,3.47,2.56,3.16,3.2,73588161,2107.71,14250,11876335.0,16.14
SHAHALLOYS, 26-Aug-2026,76.82,78.35,74.31,76.06,76.82,8756,6.67,249,6498.0,74.21
SHAILY, 26-Aug-2026,3228.9,3272.4,3213.3,3238.3,3227.6,64155,2080.25,11473,23716.0,36.97
SHAKTIPUMP, 26-Aug-2026,495.0,497.05,490.0,490.35,491.95,189482,933.15,8368,97629.0,51.52
SHALBY, 26-Aug-2026,154.04,157.58,153.17,156.92,154.69,72774,112.92,1350,44508.0,61.16
SHANKARA, 26-Aug-2026,145.81,152.0,145.21,147.61,145.8,236254,350.87,1387,113682.0,48.12
SHANKESH, 26-Aug-2026,98.0,101.59,93.01,93.74,94.82,15917470,15344.67,61706,3220431.0,20.23
SHANTHALA, 26-Aug-2026,16.45,16.45,14.1,14.1,16.3,3600,0.56,3,2400.0,66.67
SHANTI, 26-Aug-2026,6.45,6.45,6.2,6.22,6.31,7487,0.47,39,6922.0,92.45
SHANTIGEAR, 26-Aug-2026,557.0,579.0,541.25,561.5,557.9,1463886,8232.68,32476,137603.0,9.4
SHANTIGOLD, 26-Aug-2026,264.95,277.0,264.5,266.07,263.96,1949685,5291.38,25690,699200.0,35.86
SHARDACROP, 26-Aug-2026,768.2,803.7,768.2,795.8,767.4,372087,2938.9,22794,155869.0,41.89
SHARDAMOTR, 26-Aug-2026,878.85,899.35,875.05,891.6,874.35,24971,221.73,3454,12667.0,50.73
SHAREINDIA, 26-Aug-2026,173.01,175.0,170.4,171.02,172.62,117800,202.61,1720,50928.0,43.23
SHARIABEES, 26-Aug-2026,460.87,463.8,457.52,458.89,460.87,23242,106.85,400,21270.0,91.52
SHBAJRG, 26-Aug-2026,161.1,169.97,161.1,162.13,165.11,2288,3.75,113,1852.0,80.94
SHEETAL, 26-Aug-2026,333.0,340.0,320.0,332.5,333.1,3500,11.62,7,1000.0,28.57
SHERA, 26-Aug-2026,180.45,180.45,171.5,173.9,179.9,37000,64.9,37,29000.0,78.38
SHERVANI, 26-Aug-2026,358.0,358.0,315.55,321.15,312.05,1420,4.79,102,509.0,35.85
SHETHJI, 26-Aug-2026,170.0,172.0,166.1,170.4,166.2,19000,32.3,13,19000.0,100.0
SHIGAN, 26-Aug-2026,69.0,80.4,69.0,71.0,68.0,6000,4.37,4,4500.0,75.0
SHILCTECH, 26-Aug-2026,3919.7,3958.0,3877.1,3947.8,3919.7,15065,594.26,3187,9257.0,61.45
SHILGRAVQ, 26-Aug-2026,169.75,169.75,162.0,169.39,163.34,1399,2.33,67,1276.0,91.21
SHILPAMED, 26-Aug-2026,864.0,868.4,851.05,860.75,861.55,732892,6305.76,32646,301130.0,41.09
SHINDL, 26-Aug-2026,162.96,165.0,158.16,162.75,163.71,258214,421.14,1048,71754.0,27.79
SHIPROCKET, 26-Aug-2026,133.6,136.99,129.36,132.5,132.77,19968553,26628.6,91943,3333984.0,16.7
SHIVAAGRO, 26-Aug-2026,42.99,42.99,41.0,42.17,41.48,1004,0.42,34,1004.0,100.0
SHIVACEM, 26-Aug-2026,16.46,16.94,15.55,16.58,16.66,73128,12.0,236,59043.0,80.74
SHIVAMILLS, 26-Aug-2026,61.2,61.2,60.02,60.48,61.39,215,0.13,16,212.0,98.6
SHIVASHRIT, 26-Aug-2026,120.0,128.05,120.0,126.9,121.3,58000,72.44,42,38000.0,65.52
SHIVATEX, 26-Aug-2026,168.0,171.16,166.06,170.99,170.43,468,0.79,22,307.0,65.6
SHIVAUM, 26-Aug-2026,445.05,455.0,444.0,444.45,440.05,7003,31.17,60,6402.0,91.42
SHK, 26-Aug-2026,154.98,157.25,154.0,155.62,153.73,200084,310.91,4398,92729.0,46.35
SHKSIL, 26-Aug-2026,33.65,34.4,33.65,34.3,33.45,6000,2.05,3,4000.0,66.67
SHOPERSTOP, 26-Aug-2026,392.8,399.4,383.2,386.0,394.6,52438,205.66,2539,15123.0,28.84
SHRADDHA, 26-Aug-2026,152.69,153.99,142.0,146.36,149.68,8439,12.31,171,6573.0,77.89
SHRADHA, 26-Aug-2026,32.31,33.44,31.5,32.44,32.31,15297,4.99,137,8009.0,52.36
SHREDIGCEM, 26-Aug-2026,74.87,76.4,74.0,75.28,74.87,86534,65.32,1609,54833.0,63.37
SHREECEM, 26-Aug-2026,24575.0,25255.0,24510.0,24865.0,24440.0,50283,12551.76,19532,21087.0,41.94
SHREEDHAR, 26-Aug-2026,116.65,116.65,111.25,111.45,116.65,32000,36.19,14,30000.0,93.75
SHREEJISPG, 26-Aug-2026,642.25,654.7,631.6,639.0,645.5,736997,4766.93,8303,270161.0,36.66
SHREEKARNI, 26-Aug-2026,358.0,360.1,346.0,360.1,348.0,129750,454.53,108,98250.0,75.72
SHREEOSFM, 26-Aug-2026,57.55,60.0,56.45,56.45,60.0,7000,4.14,6,6000.0,85.71
SHREEPUSHK, 26-Aug-2026,452.0,467.45,444.75,452.15,454.1,154216,698.09,6127,71345.0,46.26
SHREERAMA, 26-Aug-2026,43.78,44.39,43.06,43.44,44.1,31680,13.81,346,20319.0,64.14
SHREMINVIT, 26-Aug-2026,100.25,100.25,100.25,100.25,100.25,25000,25.06,1,25000.0,100.0
SHREYANIND, 26-Aug-2026,123.77,125.79,123.77,124.99,123.77,8744,10.9,132,7559.0,86.45
SHRIAHIMSA, 26-Aug-2026,454.0,458.0,435.0,458.0,453.05,25800,116.11,37,23400.0,90.7
SHRIKANHA, 26-Aug-2026,21.7,21.7,21.7,21.7,20.7,3200,0.69,2,1600.0,50.0
SHRIKRISH, 26-Aug-2026,38.2,38.2,38.2,38.2,38.2,200,0.08,3,200.0,100.0
SHRINGARMS, 26-Aug-2026,227.0,227.79,219.52,220.78,226.3,426149,950.07,3845,228481.0,53.62
SHRIPISTON, 26-Aug-2026,4692.0,4692.0,4572.0,4610.0,4629.9,93971,4342.44,20661,58112.0,61.84
SHRIRAMFIN, 26-Aug-2026,1141.4,1142.0,1105.0,1117.5,1138.5,3752627,42147.32,125189,1783044.0,47.51
SHRIRAMPPS, 26-Aug-2026,78.37,78.9,77.0,77.54,77.96,301511,234.25,2754,108373.0,35.94
SHRJAGP, 26-Aug-2026,700.0,700.0,670.05,680.7,699.15,897,6.12,126,633.0,70.57
SHUBHSHREE, 26-Aug-2026,339.6,339.6,335.0,335.75,339.3,2400,8.12,6,1800.0,75.0
SHUKRAPHAR, 26-Aug-2026,44.09,46.16,44.09,44.18,44.08,2435650,1081.76,4042,1210863.0,49.71
SHYAMDHANI, 26-Aug-2026,55.05,55.05,55.05,55.05,56.9,2000,1.1,1,2000.0,100.0
SHYAMMETL, 26-Aug-2026,1006.2,1049.0,1005.1,1040.5,1006.2,410561,4216.83,17040,247795.0,60.36
SHYAMTEL, 26-Aug-2026,13.83,13.86,13.02,13.15,13.86,7708,1.03,40,5704.0,74.0
SICAGEN, 26-Aug-2026,55.07,55.95,53.6,54.96,54.8,35697,19.64,518,15843.0,44.38
SIDDHICOTS, 26-Aug-2026,27.6,27.6,27.6,27.6,27.55,1200,0.33,1,1200.0,100.0
SIDDHIKA, 26-Aug-2026,216.05,216.05,216.0,216.0,219.05,1000,2.16,2,1000.0,100.0
SIEL, 26-Aug-2026,34.45,34.45,32.85,32.85,34.57,3833,1.28,37,2352.0,61.36
SIEMENS, 26-Aug-2026,4117.0,4117.0,4042.1,4043.0,4090.5,374331,15261.72,36784,204033.0,54.51
SIGACHI, 26-Aug-2026,33.94,34.8,33.1,33.64,33.9,4523577,1539.59,11290,2053799.0,45.4
SIGMA, 26-Aug-2026,49.61,49.9,47.15,48.57,48.64,136335,65.94,1699,57289.0,42.02
SIGMAADV, 26-Aug-2026,727.3,727.3,711.45,727.3,692.7,728895,5286.76,7801,508054.0,69.7
SIGNATURE, 26-Aug-2026,793.9,798.6,770.0,773.65,790.6,285338,2216.6,12039,52842.0,18.52
SIGNORIA, 26-Aug-2026,161.0,163.0,161.0,163.0,162.0,11000,17.86,5,11000.0,100.0
SIGNPOST, 26-Aug-2026,258.0,264.4,258.0,261.2,256.4,42620,111.62,1889,23138.0,54.29
SIKA, 26-Aug-2026,1031.4,1036.1,1010.4,1020.4,1017.7,14308,146.06,1442,6794.0,47.48
SIL, 26-Aug-2026,19.95,20.45,19.5,19.65,19.95,39998,7.94,419,27820.0,69.55
SILGO, 26-Aug-2026,72.91,73.9,72.0,72.85,72.37,297563,215.76,540,211076.0,70.93
SILINV, 26-Aug-2026,462.4,487.8,462.4,483.75,474.95,5360,25.61,196,4006.0,74.74
SILKFLEX, 26-Aug-2026,243.0,243.05,243.0,243.05,231.5,14000,34.03,12,14000.0,100.0
SILKY, 26-Aug-2026,65.0,65.0,65.0,65.0,65.0,19200,12.48,3,19200.0,100.0
SILLYMONKS, 26-Aug-2026,16.94,16.94,15.9,16.58,16.56,2129,0.35,85,1456.0,68.39
SILVER, 26-Aug-2026,239.02,242.95,239.02,240.42,239.02,781219,1885.62,9498,258878.0,33.14
SILVER001, 26-Aug-2026,28.0,28.0,24.25,24.47,24.21,186037,45.37,188,113702.0,61.12
SILVER1, 26-Aug-2026,23.25,23.71,22.79,23.37,23.25,4752056,1114.62,3899,1498399.0,31.53
SILVER360, 26-Aug-2026,234.2,239.49,234.2,236.46,235.94,15006,35.69,335,7976.0,53.15
SILVERADD, 26-Aug-2026,233.81,234.5,231.58,232.23,230.87,587737,1368.78,5573,368720.0,62.74
SILVERAG, 26-Aug-2026,232.0,236.54,232.0,234.32,233.46,120689,283.87,2167,38012.0,31.5
SILVERAXIS, 26-Aug-2026,239.36,241.49,238.73,239.2,237.74,213889,513.76,5936,62363.0,29.16
SILVERBEES, 26-Aug-2026,232.39,232.45,229.71,230.13,229.0,14687980,33950.04,51820,4747813.0,32.32
SILVERBETA, 26-Aug-2026,233.83,234.71,231.84,232.36,231.08,372707,869.84,6913,176636.0,47.39
SILVERBND, 26-Aug-2026,243.55,243.55,239.92,240.43,240.02,20537,49.72,146,17391.0,84.68
SILVERCASE, 26-Aug-2026,24.81,24.82,24.37,24.41,24.32,6290826,1542.9,5070,1207260.0,19.19
SILVERIETF, 26-Aug-2026,244.4,244.4,239.89,240.4,239.05,2792524,6736.2,14661,1305462.0,46.75
SILVERTUC, 26-Aug-2026,184.86,184.88,175.5,178.96,181.64,390206,699.67,6484,108376.0,27.77
SIMCA, 26-Aug-2026,262.25,270.0,260.0,265.55,266.2,32400,86.05,53,10800.0,33.33
SIMPLEXINF, 26-Aug-2026,249.59,260.57,245.05,251.41,248.72,541939,1341.12,4023,424172.0,78.27
SIMPLXREA, 26-Aug-2026,132.0,132.0,125.4,125.4,132.0,3,0.0,3,2.0,66.67
SINCLAIR, 26-Aug-2026,75.8,78.5,74.52,74.86,74.59,19034,14.33,214,8482.0,44.56
SINDHUTRAD, 26-Aug-2026,23.95,25.88,23.75,25.3,23.8,7003364,1752.61,17952,2732253.0,39.01
SINGERIND, 26-Aug-2026,79.69,79.89,76.07,77.15,78.42,74170,57.59,770,54718.0,73.77
SINTERCOM, 26-Aug-2026,79.0,79.5,76.41,79.06,79.06,1785,1.4,49,1423.0,79.72
SIRCA, 26-Aug-2026,435.0,441.8,434.8,436.05,435.5,296409,1297.07,3936,74549.0,25.15
SIS, 26-Aug-2026,414.95,425.0,414.95,421.1,413.1,180645,763.41,12007,105710.0,58.52
SIYSIL, 26-Aug-2026,569.2,579.45,565.0,570.9,567.2,34898,199.73,3034,17661.0,50.61
SJLOGISTIC, 26-Aug-2026,349.0,352.95,323.55,338.05,349.7,58750,201.58,159,37250.0,63.4
SJS, 26-Aug-2026,2564.0,2573.9,2471.1,2485.9,2551.3,165303,4168.91,21523,101769.0,61.57
SJVN, 26-Aug-2026,66.23,66.46,65.5,65.85,65.86,1270331,838.85,10310,688681.0,54.21
SKFINDIA, 26-Aug-2026,1582.7,1593.8,1567.0,1587.1,1568.3,21282,336.17,3502,11557.0,54.3
SKFINDUS, 26-Aug-2026,2765.2,2905.0,2729.9,2864.8,2732.0,56490,1611.49,12430,24404.0,43.2
SKIPPER, 26-Aug-2026,545.9,550.0,538.1,547.25,549.2,936696,5101.57,23042,419854.0,44.82
SKMEGGPROD, 26-Aug-2026,263.0,271.8,258.18,268.41,259.36,515588,1368.82,10274,219954.0,42.66
SKP, 26-Aug-2026,152.5,152.5,152.5,152.5,155.9,500,0.76,1,500.0,100.0
SKYGOLD, 26-Aug-2026,844.0,868.8,838.8,848.1,842.3,915903,7824.91,39795,466198.0,50.9
SKYTECH, 26-Aug-2026,60.35,60.35,60.35,60.35,63.5,3200,1.93,2,3200.0,100.0
SLONE, 26-Aug-2026,160.0,164.95,157.0,162.1,157.8,6400,10.35,15,6000.0,93.75
SMALL250, 26-Aug-2026,18.29,18.8,18.29,18.51,18.42,188300,34.86,496,136059.0,72.26
SMALLADD, 26-Aug-2026,18.54,18.61,18.5,18.58,18.47,15031,2.79,100,12197.0,81.15
SMALLCAP, 26-Aug-2026,48.38,49.18,48.0,49.09,48.75,1254668,615.54,2548,936761.0,74.66
SMALLGROWW, 26-Aug-2026,49.48,49.48,48.22,48.92,49.0,6928,3.4,108,3912.0,56.47
SMALLIETF, 26-Aug-2026,18.68,18.68,18.45,18.5,18.43,31583,5.84,119,19938.0,63.13
SMARTEN, 26-Aug-2026,56.5,56.55,56.0,56.55,56.25,12000,6.77,7,12000.0,100.0
SMARTWORKS, 26-Aug-2026,542.0,549.4,539.0,541.85,540.25,37036,201.43,2981,16639.0,44.93
SMCGLOBAL, 26-Aug-2026,78.53,79.58,78.53,79.26,78.88,291869,231.11,1084,237593.0,81.4
SML100CASE, 26-Aug-2026,11.57,11.57,11.35,11.43,11.34,1240483,141.52,1177,1000780.0,80.68
SMLMAH, 26-Aug-2026,5232.0,5335.0,5170.0,5190.5,5192.0,50071,2626.41,6986,20482.0,40.91
SMLT, 26-Aug-2026,71.6,71.6,67.52,68.45,69.09,8040,5.49,149,6803.0,84.61
SMSPHARMA, 26-Aug-2026,357.0,360.85,354.15,357.7,356.75,83587,298.66,2212,51571.0,61.7
SNEHAA, 26-Aug-2026,43.95,43.95,43.9,43.9,43.95,3000,1.32,3,3000.0,100.0
SNOWMAN, 26-Aug-2026,37.37,37.91,36.96,37.13,37.37,157668,58.73,1561,85979.0,54.53
SNXT30BEES, 26-Aug-2026,43.6,43.6,43.32,43.54,43.39,8591,3.73,60,5131.0,59.73
SNXT50BETA, 26-Aug-2026,96.22,97.24,96.22,96.36,96.22,2406,2.33,68,2102.0,87.36
SOBHA, 26-Aug-2026,1285.0,1307.0,1278.0,1292.2,1279.7,65926,851.05,8176,29695.0,45.04
SOCL, 26-Aug-2026,29.4,29.65,29.3,29.65,29.0,8000,2.36,5,8000.0,100.0
SOFTTECH, 26-Aug-2026,415.15,425.0,415.05,422.15,420.25,3526,14.77,64,2150.0,60.98
SOLARA, 26-Aug-2026,630.0,638.0,615.0,617.3,628.55,316316,1976.98,12895,140723.0,44.49
SOLARINDS, 26-Aug-2026,19780.0,20276.0,19770.0,20097.0,19800.0,97420,19534.75,20928,42570.0,43.7
SOLARWORLD, 26-Aug-2026,149.96,151.0,148.8,149.27,148.77,121113,180.97,2190,61512.0,50.79
SOLEX, 26-Aug-2026,796.75,800.8,777.0,781.45,788.95,28116,220.71,2645,10577.0,37.62
SOMANYCERA, 26-Aug-2026,543.85,564.95,541.0,558.45,539.35,383042,2133.23,12041,201719.0,52.66
SOMATEX, 26-Aug-2026,87.2,87.2,84.1,84.78,87.1,17196,14.61,277,10437.0,60.69
SOMICONVEY, 26-Aug-2026,95.5,97.74,91.53,91.85,94.06,63097,59.27,2269,32073.0,50.83
SONACOMS, 26-Aug-2026,808.8,811.95,795.0,795.0,808.8,890131,7116.93,27659,435405.0,48.91
SONAL, 26-Aug-2026,89.45,89.45,85.55,88.95,85.2,197,0.17,15,175.0,88.83
SONAMAC, 26-Aug-2026,33.5,33.5,32.65,32.65,34.35,8000,2.63,8,6000.0,75.0
SONAMLTD, 26-Aug-2026,65.98,67.3,63.9,64.44,64.76,29384,19.01,417,20333.0,69.2
SONATSOFTW, 26-Aug-2026,299.5,308.6,298.0,299.45,298.45,1104843,3330.26,21996,415108.0,37.57
SONUINFRA, 26-Aug-2026,34.9,34.95,34.9,34.95,34.95,13500,4.72,3,13500.0,100.0
SOTL, 26-Aug-2026,677.95,697.95,671.15,694.95,673.65,192960,1322.85,6889,82973.0,43.0
SOUTHBANK, 26-Aug-2026,45.68,46.45,45.4,46.32,45.35,8354307,3836.47,34503,4188294.0,50.13
SOUTHWEST, 26-Aug-2026,205.0,219.08,205.0,211.66,204.49,296876,629.61,6857,117487.0,39.57
SPAL, 26-Aug-2026,956.5,958.35,946.5,949.7,949.8,27653,263.17,2914,14200.0,51.35
SPANDANA, 26-Aug-2026,243.15,254.3,242.85,247.1,242.3,302710,757.35,5994,117012.0,38.65
SPARC, 26-Aug-2026,194.5,196.75,193.84,194.36,194.46,305096,594.31,6209,151338.0,49.6
SPCENET, 26-Aug-2026,3.31,3.4,3.31,3.34,3.34,606362,20.27,429,502045.0,82.8
SPCL, 26-Aug-2026,61.05,67.0,61.05,64.15,61.05,24000,15.13,32,21000.0,87.5
SPCON, 26-Aug-2026,151.0,151.0,151.0,151.0,149.0,1200,1.81,1,1200.0,100.0
SPEB, 26-Aug-2026,90.0,90.0,90.0,90.0,90.5,2000,1.8,1,2000.0,100.0
SPECTSTM, 26-Aug-2026,64.95,64.95,58.1,62.4,61.2,10400,6.37,12,8800.0,84.62
SPELS, 26-Aug-2026,143.88,144.95,142.01,143.61,141.94,19040,27.35,652,11210.0,58.88
SPENCERS, 26-Aug-2026,30.3,30.6,29.1,30.1,30.07,33619,10.16,574,20873.0,62.09
SPIC, 26-Aug-2026,70.8,71.0,69.82,70.28,70.51,339406,238.98,3933,139874.0,41.21
SPLIL, 26-Aug-2026,30.4,34.85,29.6,34.14,30.5,47626,16.0,296,34524.0,72.49
SPLPETRO, 26-Aug-2026,705.0,717.0,701.1,708.3,700.25,49749,353.3,5551,25505.0,51.27
SPMLINFRA, 26-Aug-2026,188.79,190.49,186.15,186.71,188.13,112838,212.14,1641,62988.0,55.82
SPORTKING, 26-Aug-2026,228.5,229.99,222.63,224.23,228.26,202349,455.33,4232,113777.0,56.23
SPPPOLY, 26-Aug-2026,11.5,11.5,11.5,11.5,11.25,6000,0.69,2,6000.0,100.0
SPUNWEB, 26-Aug-2026,101.6,101.6,101.5,101.5,104.0,4800,4.87,4,3600.0,75.0
SRD, 26-Aug-2026,40.72,40.72,39.51,40.1,39.99,14021,5.64,130,9604.0,68.5
SREEL, 26-Aug-2026,264.5,270.0,257.61,260.0,257.61,15992,41.97,789,9824.0,61.43
SRF, 26-Aug-2026,2579.0,2596.0,2564.2,2583.0,2575.0,223327,5761.72,13376,130188.0,58.29
SRGHFL, 26-Aug-2026,259.55,260.05,259.55,260.0,256.6,460,1.2,13,455.0,98.91
SRHHYPOLTD, 26-Aug-2026,475.4,482.9,470.05,470.95,471.9,15143,71.98,847,11159.0,73.69
SRIKPRIND, 26-Aug-2026,20.99,20.99,20.09,20.88,20.06,6695,1.4,30,6579.0,98.27
SRIVASAVI, 26-Aug-2026,78.05,78.05,75.4,76.5,79.35,17000,13.04,15,17000.0,100.0
SRM, 26-Aug-2026,463.0,470.0,455.0,462.5,461.95,78790,362.88,3276,38722.0,49.15
SRTL, 26-Aug-2026,39.99,40.5,39.54,40.02,39.79,22451,9.0,249,18665.0,83.14
SSDL, 26-Aug-2026,57.57,58.94,57.0,57.25,57.57,18390,10.61,480,10313.0,56.08
SSEGL, 26-Aug-2026,427.95,439.0,408.5,433.55,420.0,156600,673.59,413,124000.0,79.18
SSFL, 26-Aug-2026,250.0,253.55,241.55,241.55,241.5,7500,18.53,13,6500.0,86.67
SSWL, 26-Aug-2026,293.0,296.0,289.4,290.4,291.1,422312,1232.86,8689,231773.0,54.88
STANLEY, 26-Aug-2026,136.08,137.56,135.02,137.01,135.08,84628,115.64,2259,56952.0,67.3
STAR, 26-Aug-2026,986.6,999.4,981.0,982.9,986.6,97630,964.91,8653,42630.0,43.66
STARCEMENT, 26-Aug-2026,194.84,195.48,190.8,191.16,194.84,231489,443.95,7376,155649.0,67.24
STARHEALTH, 26-Aug-2026,582.9,588.0,579.9,583.75,582.85,240205,1402.99,21160,138815.0,57.79
STARPAPER, 26-Aug-2026,148.6,148.9,145.06,146.87,147.89,2860,4.21,136,2529.0,88.43
STARTECK, 26-Aug-2026,246.05,257.7,245.5,257.0,252.2,7973,20.35,66,69.0,0.87
STCINDIA, 26-Aug-2026,123.46,123.46,118.1,118.29,121.6,51615,61.62,1145,29840.0,57.81
STEELCAS, 26-Aug-2026,340.65,348.95,339.65,343.65,338.95,62879,216.73,1787,31033.0,49.35
STEELCITY, 26-Aug-2026,89.99,90.0,86.36,87.87,88.12,18429,16.25,253,11239.0,60.99
STEELXIND, 26-Aug-2026,10.76,11.0,10.5,10.85,10.8,765039,82.75,1713,465419.0,60.84
STEL, 26-Aug-2026,622.6,628.85,603.65,619.7,613.4,5671,35.16,323,2835.0,49.99
STLNETWORK, 26-Aug-2026,25.85,25.99,25.06,25.5,25.66,483355,123.77,1403,291984.0,60.41
STLSTRINF, 26-Aug-2026,20.02,20.87,19.0,19.46,19.97,1393,0.27,17,1282.0,92.03
STOVEKRAFT, 26-Aug-2026,796.0,819.0,796.0,816.6,795.4,85438,695.19,5757,42207.0,49.4
STRIDERS, 26-Aug-2026,61.75,62.8,61.75,62.8,60.2,6400,3.99,4,3200.0,50.0
STUDDS, 26-Aug-2026,449.15,455.0,447.05,451.35,450.75,17926,80.75,2255,9223.0,51.45
STUDIOLSD, 26-Aug-2026,9.0,9.05,9.0,9.05,9.15,6000,0.54,3,4000.0,66.67
STYL, 26-Aug-2026,390.0,403.5,385.35,396.85,393.7,128042,506.45,4688,61247.0,47.83
STYLAMIND, 26-Aug-2026,3556.0,3610.8,3532.4,3570.4,3556.0,30231,1079.91,9790,15139.0,50.08
STYLEBAAZA, 26-Aug-2026,401.0,414.2,391.5,408.9,394.5,2953023,12066.83,16981,1598672.0,54.14
STYRENIX, 26-Aug-2026,2090.0,2110.0,2053.6,2064.4,2094.7,35286,733.83,3602,19904.0,56.41
SUBAHOTELS, 26-Aug-2026,109.0,109.0,105.75,106.75,108.85,27600,29.49,22,21600.0,78.26
SUBEXLTD, 26-Aug-2026,17.96,18.15,17.5,17.62,17.82,2523559,447.47,4234,1179458.0,46.74
SUBROS, 26-Aug-2026,738.0,747.95,727.55,730.3,729.5,39685,291.37,2502,19864.0,50.05
SUDARCOLOR, 26-Aug-2026,394.35,403.8,386.0,387.45,394.35,18016,70.4,1131,10723.0,59.52
SUDARSCHEM, 26-Aug-2026,1230.0,1257.8,1219.9,1234.3,1231.3,240189,2974.06,12528,119280.0,49.66
SUDEEPPHRM, 26-Aug-2026,1140.0,1140.0,1106.2,1129.1,1127.2,92746,1039.31,5926,40936.0,44.14
SUKHJITS, 26-Aug-2026,158.34,164.45,158.34,161.53,159.78,74316,119.91,347,63252.0,85.11
SULA, 26-Aug-2026,146.99,149.06,146.56,148.02,146.79,386806,572.55,3610,221623.0,57.3
SUMEDHA, 26-Aug-2026,42.0,42.0,39.25,39.8,39.01,1205,0.49,13,1163.0,96.51
SUMEETINDS, 26-Aug-2026,12.97,13.26,12.82,13.0,12.95,1666289,216.56,1734,1067847.0,64.09
SUMICHEM, 26-Aug-2026,524.0,532.9,520.3,530.45,521.5,151503,797.58,7967,64305.0,42.44
SUMIT, 26-Aug-2026,54.0,54.0,49.58,51.21,51.72,115453,58.39,925,98321.0,85.16
SUMMITSEC, 26-Aug-2026,1422.3,1440.2,1422.3,1433.3,1422.3,1640,23.44,282,1032.0,62.93
SUN-RE, 26-Aug-2026,1.3,1.3,1.2,1.2,1.3,12800,0.16,4,12800.0,100.0
SUNCLAY, 26-Aug-2026,1284.9,1284.9,1260.0,1267.9,1268.3,2434,30.93,492,1642.0,67.46
SUNDARAM, 26-Aug-2026,1.24,1.26,1.23,1.23,1.24,165164,2.05,220,126191.0,76.4
SUNDARMFIN, 26-Aug-2026,4518.2,4572.1,4518.2,4539.6,4518.2,22907,1041.59,5002,14759.0,64.43
SUNDRMFAST, 26-Aug-2026,1221.95,1240.0,1216.5,1237.95,1207.0,193660,2384.59,15616,125589.0,64.85
SUNDROP, 26-Aug-2026,662.0,668.0,651.05,660.75,658.95,33161,217.69,1062,24526.0,73.96
SUNFLAG, 26-Aug-2026,349.5,352.9,342.45,350.45,348.35,341062,1184.73,4208,179266.0,52.56
SUNLITE, 26-Aug-2026,515.0,527.85,507.25,521.0,508.4,22200,114.95,63,13500.0,60.81
SUNLOC, 26-Aug-2026,70.0,70.0,70.0,70.0,70.0,33,0.02,3,33.0,100.0
SUNPHARMA, 26-Aug-2026,1926.9,1926.9,1899.5,1899.5,1922.0,648845,12403.17,49423,440446.0,67.88
SUNRAKSHAK, 26-Aug-2026,375.0,378.0,365.0,369.2,372.85,11328,42.04,269,8699.0,76.79
SUNREST, 26-Aug-2026,40.25,40.25,40.2,40.25,40.25,4800,1.93,3,3200.0,66.67
SUNSHIEL, 26-Aug-2026,1164.9,1203.2,1164.9,1188.7,1178.6,311,3.7,76,241.0,77.49
SUNSHINE, 26-Aug-2026,377.65,385.0,363.6,367.2,369.2,2882121,10822.09,48992,581700.0,20.18
SUNTECH, 26-Aug-2026,37.6,43.2,37.1,42.9,36.0,137600,57.85,79,124800.0,90.7
SUNTECK, 26-Aug-2026,315.6,316.4,310.1,312.1,314.0,123674,387.38,3692,58485.0,47.29
SUNTV, 26-Aug-2026,469.95,472.15,464.05,465.15,468.9,180005,840.58,10442,111167.0,61.76
SUPERHOUSE, 26-Aug-2026,178.94,178.94,172.63,176.14,176.19,5153,9.09,200,3662.0,71.07
SUPRAJIT, 26-Aug-2026,501.25,509.25,500.0,502.7,503.25,35234,177.06,3081,20095.0,57.03
SUPREME, 26-Aug-2026,41.0,41.0,38.7,39.44,39.5,11236,4.39,163,8269.0,73.59
SUPREMEIND, 26-Aug-2026,3593.0,3600.0,3540.0,3540.0,3593.0,155752,5555.27,23768,89727.0,57.61
SUPREMEINF, 26-Aug-2026,87.8,90.0,83.31,84.81,85.86,68336,59.23,1950,20231.0,29.61
SUPREMEPWR, 26-Aug-2026,228.45,237.5,224.0,230.9,226.15,44500,103.67,80,29500.0,66.29
SUPRIYA, 26-Aug-2026,787.7,796.75,777.6,781.75,791.65,206972,1622.98,9385,120545.0,58.24
SUPTANERY, 26-Aug-2026,12.72,12.72,11.8,12.72,11.57,328256,41.38,577,264877.0,80.69
SURAJEST, 26-Aug-2026,198.2,198.2,194.0,196.01,196.6,80299,157.19,725,67851.0,84.5
SURAJLTD, 26-Aug-2026,209.79,214.97,202.0,213.51,208.06,1356,2.86,58,1147.0,84.59
SURAKSHA, 26-Aug-2026,321.0,340.5,317.75,338.75,317.85,304363,1014.94,8818,147719.0,48.53
SURANASOL, 26-Aug-2026,25.6,26.25,25.56,25.77,25.98,41637,10.72,447,31840.0,76.47
SURANAT&P, 26-Aug-2026,16.24,16.45,16.15,16.2,16.24,28286,4.59,239,22243.0,78.64
SURANI, 26-Aug-2026,100.0,118.0,98.2,100.25,100.0,2200,2.33,11,1400.0,63.64
SURYALA, 26-Aug-2026,384.0,390.5,380.0,380.85,383.15,357,1.37,22,310.0,86.83
SURYALAXMI, 26-Aug-2026,56.33,60.01,56.33,57.92,56.34,4888,2.87,42,4328.0,88.54
SURYAROSNI, 26-Aug-2026,220.74,222.0,218.31,219.62,220.23,412912,909.42,9694,244930.0,59.32
SURYODAY, 26-Aug-2026,151.49,160.88,151.49,158.43,151.02,847539,1341.9,15667,289271.0,34.13
SUVEN, 26-Aug-2026,360.25,377.4,357.1,372.2,360.05,542231,2010.26,14690,186238.0,34.35
SUVIDHAA, 26-Aug-2026,2.37,2.54,2.28,2.3,2.31,94358,2.19,259,64447.0,68.3
SUYOG, 26-Aug-2026,748.65,770.8,746.05,755.8,742.2,13356,101.34,910,7061.0,52.87
SUZLON, 26-Aug-2026,47.0,47.4,46.88,46.94,46.75,28238916,13292.78,56742,11573771.0,40.99
SVGLOBAL, 26-Aug-2026,142.64,142.64,114.3,132.79,119.4,2772,3.56,41,2015.0,72.69
SVPGLOB, 26-Aug-2026,3.75,3.89,3.62,3.74,3.73,17977,0.67,89,10520.0,58.52
SWANCORP, 26-Aug-2026,299.55,302.0,298.3,300.15,299.4,524147,1573.87,6811,91056.0,17.37
SWARAJENG, 26-Aug-2026,3569.0,3569.0,3539.8,3549.0,3551.7,4486,159.1,1470,3355.0,74.79
SWARNSAR, 26-Aug-2026,34.4,35.0,33.9,34.46,35.49,4489,1.54,51,4129.0,91.98
SWASTIK, 26-Aug-2026,19.95,19.95,19.95,19.95,19.0,7200,1.44,3,7200.0,100.0
SWELECTES, 26-Aug-2026,603.9,612.6,600.7,605.55,601.95,8268,50.11,689,5052.0,61.1
SWIGGY, 26-Aug-2026,289.5,293.0,286.55,286.55,287.4,10538391,30562.82,65369,4610538.0,43.75
SWISSMLTRY, 26-Aug-2026,18.23,18.4,17.06,17.74,17.53,131142,23.09,344,94942.0,72.4
SWSOLAR, 26-Aug-2026,197.1,201.14,195.44,200.12,197.1,948833,1888.15,14237,439058.0,46.27
SYLVANPLY, 26-Aug-2026,53.95,54.0,53.95,54.0,51.45,6000,3.24,2,6000.0,100.0
SYMPHONY, 26-Aug-2026,595.45,608.5,595.45,602.5,595.45,45314,273.38,2075,24714.0,54.54
SYNCOMF, 26-Aug-2026,17.68,17.74,16.86,17.03,17.56,4954692,852.79,10906,2297942.0,46.38
SYNGENE, 26-Aug-2026,409.0,419.5,407.0,411.15,406.4,567950,2349.96,18764,242749.0,42.74
SYRMA, 26-Aug-2026,1466.0,1483.0,1457.8,1474.1,1458.1,708242,10439.74,26639,304225.0,42.95
SYSTANGO, 26-Aug-2026,215.0,219.45,215.0,218.7,213.95,22000,47.76,33,17200.0,78.18
TAALTECH, 26-Aug-2026,4534.7,4550.0,4402.0,4501.5,4501.3,1623,73.16,363,1071.0,65.99
TAC, 26-Aug-2026,422.7,425.0,413.0,414.95,421.6,29400,122.95,108,26800.0,91.16
TAINWALCHM, 26-Aug-2026,219.0,219.0,211.64,216.7,212.6,1618,3.51,44,1052.0,65.02
TAJGVK, 26-Aug-2026,351.8,351.8,338.0,339.4,349.2,77523,265.18,3487,43000.0,55.47
TAKE, 26-Aug-2026,17.87,17.87,17.87,17.87,18.81,82918,14.82,357,82918.0,100.0
TALBROAUTO, 26-Aug-2026,409.4,416.2,403.95,407.1,409.4,118236,483.33,4101,73471.0,62.14
TANAA, 26-Aug-2026,295.65,300.0,291.25,298.45,298.7,12885,38.15,511,8847.0,68.66
TANLA, 26-Aug-2026,558.0,563.9,522.1,526.05,556.05,1298615,6989.0,34397,556542.0,42.86
TAPIFRUIT, 26-Aug-2026,51.0,51.0,50.9,51.0,52.0,4500,2.29,4,4500.0,100.0
TARACHAND, 26-Aug-2026,48.89,48.89,47.6,47.72,47.87,31447,15.04,305,23653.0,75.22
TARAPUR, 26-Aug-2026,15.16,15.49,14.49,14.65,15.23,27626,4.09,187,21963.0,79.5
TARC, 26-Aug-2026,121.1,122.5,118.6,119.45,120.76,567180,681.5,4082,371783.0,65.55
TARIL, 26-Aug-2026,310.0,310.4,302.15,304.0,307.85,951640,2900.87,15320,435850.0,45.8
TARMAT, 26-Aug-2026,55.0,64.4,53.5,62.54,54.23,511513,315.93,4454,154462.0,30.2
TARSONS, 26-Aug-2026,349.8,349.95,338.8,342.65,345.5,82999,284.42,2705,34921.0,42.07
TASTYBITE, 26-Aug-2026,10160.0,10160.0,9802.0,9911.5,10083.0,2824,280.35,869,1548.0,54.82
TATACAP, 26-Aug-2026,364.1,372.0,364.1,370.65,363.75,1412637,5225.08,37703,811892.0,57.47
TATACHEM, 26-Aug-2026,628.8,643.95,627.0,637.65,626.35,416347,2641.39,15452,151034.0,36.28
TATACOMM, 26-Aug-2026,1700.0,1706.6,1640.2,1649.3,1699.9,310370,5160.25,36843,166440.0,53.63
TATACONSUM, 26-Aug-2026,1063.5,1063.5,1039.6,1047.1,1060.5,1069304,11195.59,36650,661387.0,61.85
TATAELXSI, 26-Aug-2026,3678.9,3694.7,3628.0,3650.0,3665.9,110627,4048.47,12993,45115.0,40.78
TATAGOLD, 26-Aug-2026,15.88,15.88,15.33,15.55,15.59,57912822,9037.03,64877,25409827.0,43.88
TATAINVEST, 26-Aug-2026,646.9,652.25,642.3,644.45,644.35,171203,1108.11,8247,72168.0,42.15
TATAPOWER, 26-Aug-2026,373.0,376.35,364.0,364.0,370.6,5101404,18789.87,60161,2832626.0,55.53
TATASTEEL, 26-Aug-2026,186.49,189.95,184.29,188.01,186.94,32199274,60093.28,117781,16723723.0,51.94
TATATECH, 26-Aug-2026,798.5,800.45,786.95,793.5,798.5,603830,4792.09,25444,244518.0,40.49
TATSILV, 26-Aug-2026,23.8,23.8,23.31,23.36,23.22,25952065,6089.18,37229,8309332.0,32.02
TATVA, 26-Aug-2026,1600.0,1625.0,1570.9,1606.4,1581.0,27427,435.83,4376,13506.0,49.24
TAURIAN, 26-Aug-2026,529.7,544.8,520.0,520.0,510.0,24800,132.33,30,16800.0,67.74
TBI, 26-Aug-2026,69.4,72.75,67.1,67.7,69.4,49200,34.35,60,37800.0,76.83
TBOTEK, 26-Aug-2026,1733.7,1736.1,1694.6,1706.5,1725.1,232371,3991.83,16248,101425.0,43.65
TBZ, 26-Aug-2026,283.0,309.2,277.05,305.8,280.35,3967359,11866.27,58558,867715.0,21.87
TCC, 26-Aug-2026,245.0,278.4,223.4,235.15,242.25,4967094,12524.75,86478,514011.0,10.35
TCI, 26-Aug-2026,892.8,907.4,892.8,903.15,893.75,8241,74.44,1192,4241.0,51.46
TCIEXP, 26-Aug-2026,531.5,556.85,527.0,549.85,531.95,35587,193.61,2670,11853.0,33.31
TCL, 26-Aug-2026,140.6,140.6,135.0,139.95,139.95,41600,57.1,49,27200.0,65.38
TCPLPACK, 26-Aug-2026,3920.8,3943.3,3855.2,3877.1,3917.2,4531,176.63,848,3025.0,66.76
TCS, 26-Aug-2026,2305.1,2306.3,2266.4,2270.0,2296.2,1660737,37821.46,59558,906172.0,54.56
TDPOWERSYS, 26-Aug-2026,734.0,747.3,722.4,727.8,729.4,1060459,7744.86,43535,469550.0,44.28
TEAMGTY, 26-Aug-2026,229.0,240.1,229.0,240.0,230.15,23836,56.14,107,23716.0,99.5
TEAMLEASE, 26-Aug-2026,1246.0,1257.9,1239.1,1248.8,1236.8,19308,241.53,3605,14254.0,73.82
TEAMTECH, 26-Aug-2026,140.65,140.65,136.0,136.0,140.65,8000,10.97,4,8000.0,100.0
TECH, 26-Aug-2026,33.53,33.85,33.19,33.39,33.54,20490,6.84,204,17745.0,86.6
TECHD, 26-Aug-2026,570.0,570.0,555.0,557.5,569.65,10500,58.83,32,10200.0,97.14
TECHERA, 26-Aug-2026,170.0,175.0,170.0,173.9,169.25,23200,40.01,27,16000.0,68.97
TECHLABS, 26-Aug-2026,120.0,125.35,117.4,125.35,119.4,16625,20.4,73,16250.0,97.74
TECHM, 26-Aug-2026,1607.5,1614.9,1565.8,1571.0,1599.9,1639820,25901.22,33321,1059783.0,64.63
TECHNOCRAF, 26-Aug-2026,341.42,349.41,339.7,343.69,341.42,729002,2511.57,8444,316443.0,43.41
TECHNOE, 26-Aug-2026,993.55,1012.1,985.5,1004.25,994.3,140034,1400.09,9874,64850.0,46.31
TECHNVISN, 26-Aug-2026,4929.5,5129.2,4929.0,5129.2,4885.0,768,39.08,133,478.0,62.24
TECILCHEM, 26-Aug-2026,9.29,10.18,8.0,9.49,8.7,70146,6.3,263,43124.0,61.48
TEGA, 26-Aug-2026,1696.1,1697.0,1647.0,1652.1,1674.6,71199,1186.71,6024,43366.0,60.91
TEJA, 26-Aug-2026,286.9,286.9,286.9,286.9,302.0,3000,8.61,5,3000.0,100.0
TEJASNET, 26-Aug-2026,507.25,511.7,503.55,505.05,504.35,484905,2459.48,12048,185878.0,38.33
TEMBO, 26-Aug-2026,56.35,59.25,56.0,58.4,56.3,1994181,1164.13,5679,817419.0,40.99
TENNIND, 26-Aug-2026,553.8,553.8,537.25,539.6,546.15,765835,4156.37,29138,387822.0,50.64
TERASOFT, 26-Aug-2026,301.5,312.35,298.45,306.3,301.5,12863,39.14,841,6125.0,47.62
TEXINFRA, 26-Aug-2026,110.03,112.68,110.0,110.13,110.24,118963,131.29,703,100781.0,84.72
TEXMOPIPES, 26-Aug-2026,46.89,47.9,46.5,47.34,46.68,24706,11.65,289,18804.0,76.11
TEXRAIL, 26-Aug-2026,108.04,109.34,107.43,109.04,108.06,889251,964.39,7289,493173.0,55.46
TFCILTD, 26-Aug-2026,139.0,143.74,138.25,140.99,137.02,14091841,19901.1,45838,3617962.0,25.67
TFL, 26-Aug-2026,11.8,12.19,11.71,11.71,11.75,3204,0.38,23,3009.0,93.91
TGBHOTELS, 26-Aug-2026,9.75,9.75,9.25,9.27,9.46,9390,0.88,63,5559.0,59.2
TGL, 26-Aug-2026,14.8,14.8,14.1,14.8,14.1,25200,3.73,64,25000.0,99.21
TGVSL, 26-Aug-2026,106.23,108.0,104.7,105.42,106.1,63317,66.92,637,36890.0,58.26
THAKDEV, 26-Aug-2026,145.0,145.0,140.0,140.94,143.45,104,0.15,22,103.0,99.04
THANGAMAYL, 26-Aug-2026,5439.5,5517.0,5401.0,5495.5,5397.0,59999,3280.18,10556,27212.0,45.35
THEINVEST, 26-Aug-2026,95.31,97.78,94.11,96.34,95.3,1047,1.0,70,786.0,75.07
THEJO, 26-Aug-2026,2059.9,2079.8,2016.0,2043.9,2054.6,6169,126.26,537,4285.0,69.46
THELEELA, 26-Aug-2026,554.75,556.5,546.0,552.8,554.9,519711,2862.36,28272,348019.0,66.96
THEMISMED, 26-Aug-2026,117.99,134.0,117.99,126.26,119.24,1620934,2092.5,23945,429275.0,26.48
THERMAX, 26-Aug-2026,4002.0,4022.1,3953.9,3968.5,3999.8,57760,2293.31,13019,26266.0,45.47
THESL, 26-Aug-2026,18.75,18.75,18.75,18.75,19.6,3000,0.56,1,3000.0,100.0
THOMASCOOK, 26-Aug-2026,111.0,113.69,110.07,110.71,110.42,1309913,1461.19,10815,431478.0,32.94
THOMASCOTT, 26-Aug-2026,280.3,284.0,278.2,281.1,279.1,16144,45.28,834,8770.0,54.32
THYROCARE, 26-Aug-2026,599.8,606.5,591.55,605.2,596.05,214447,1292.61,8547,118705.0,55.35
TI, 26-Aug-2026,577.75,582.75,549.5,560.9,574.7,1093282,6144.85,50410,476082.0,43.55
TIGERLOGS, 26-Aug-2026,30.01,32.45,28.58,29.54,30.5,437213,135.19,1354,211981.0,48.48
TIIL, 26-Aug-2026,3460.0,3485.6,3355.5,3386.6,3454.9,36739,1253.43,5002,13443.0,36.59
TIINDIA, 26-Aug-2026,2902.0,2936.9,2851.0,2860.0,2888.0,175584,5060.6,15888,77167.0,43.95
TIJARIA, 26-Aug-2026,5.92,6.13,5.36,5.92,5.51,364453,21.2,631,150089.0,41.18
TIMESCAN, 26-Aug-2026,40.0,40.0,40.0,40.0,39.95,2000,0.8,1,2000.0,100.0
TIMETECHNO, 26-Aug-2026,185.95,186.68,183.07,185.3,184.84,4255906,7878.93,20034,1030949.0,24.22
TIMEX, 26-Aug-2026,621.95,647.8,614.0,629.0,617.65,832414,5259.89,37390,337330.0,40.52
TIMKEN, 26-Aug-2026,3148.0,3156.1,3092.1,3098.7,3131.6,16966,527.82,5950,8031.0,47.34
TINNARUBR, 26-Aug-2026,1038.3,1038.3,1005.0,1016.4,1022.7,45562,464.36,3918,23201.0,50.92
TIPSFILMS, 26-Aug-2026,359.0,359.0,340.55,342.1,345.5,7710,26.82,825,3422.0,44.38
TIPSMUSIC, 26-Aug-2026,646.0,654.8,642.1,650.25,646.1,97490,634.14,7628,50054.0,51.34
TIRUMALCHM, 26-Aug-2026,158.0,163.05,157.31,160.97,157.33,412220,660.33,18809,195297.0,47.38
TITAGARH, 26-Aug-2026,834.0,845.4,823.0,825.4,832.2,323021,2691.14,14367,145335.0,44.99
TITAN, 26-Aug-2026,5149.9,5149.9,5091.0,5100.0,5124.8,377617,19292.04,36429,214271.0,56.74
TMB, 26-Aug-2026,881.95,907.8,876.45,897.6,871.45,208392,1855.81,11084,96190.0,46.16
TMCV, 26-Aug-2026,475.0,487.15,472.4,483.75,474.9,8416088,40389.43,89445,4540448.0,53.95
TMPV, 26-Aug-2026,316.0,316.4,313.1,313.1,314.25,5791487,18256.99,74783,3035578.0,52.41
TNIDETF, 26-Aug-2026,93.15,93.15,90.45,90.66,91.3,64210,58.62,447,42068.0,65.52
TNPETRO, 26-Aug-2026,114.99,115.5,112.85,113.27,114.21,149343,170.59,1781,94572.0,63.33
TNPL, 26-Aug-2026,142.0,142.48,140.0,140.67,141.1,54710,77.22,1122,32253.0,58.95
TNTELE, 26-Aug-2026,9.05,9.8,8.82,9.08,9.04,40298,3.67,401,30889.0,76.65
TOKYOPLAST, 26-Aug-2026,75.0,76.4,73.0,75.15,76.56,6005,4.49,59,3644.0,60.68
TOLINS, 26-Aug-2026,98.49,98.49,95.49,96.58,96.78,21093,20.39,491,13209.0,62.62
TOP100CASE, 26-Aug-2026,10.69,10.9,10.61,10.71,10.69,840959,90.07,960,568238.0,67.57
TOP10ADD, 26-Aug-2026,88.3,88.51,87.8,88.04,88.14,47152,41.63,308,24266.0,51.46
TOP15IETF, 26-Aug-2026,9.98,10.0,9.94,9.98,9.96,56851,5.67,148,50192.0,88.29
TOP20, 26-Aug-2026,9.18,9.18,9.0,9.0,9.0,1202094,108.54,217,1163643.0,96.8
TORNTPHARM, 26-Aug-2026,4905.0,4930.5,4881.0,4890.0,4932.0,277585,13608.81,21310,180280.0,64.95
TORNTPOWER, 26-Aug-2026,1256.0,1273.9,1247.2,1258.4,1243.9,163396,2062.57,14119,77466.0,47.41
TOTAL, 26-Aug-2026,74.7,74.79,71.56,71.57,72.74,4873,3.54,112,2646.0,54.3
TOUCHWOOD, 26-Aug-2026,61.66,63.68,61.66,62.65,61.75,97,0.06,13,91.0,93.81
TOYAMSL, 26-Aug-2026,0.65,0.65,0.62,0.64,0.64,336183,2.15,163,225455.0,67.06
TPLPLASTEH, 26-Aug-2026,79.58,80.69,76.0,77.6,78.72,111457,87.04,931,39151.0,35.13
TRACXN, 26-Aug-2026,30.16,30.2,29.77,29.98,30.01,139827,42.01,767,105276.0,75.29
TRANSCOR, 26-Aug-2026,24.5,26.48,24.0,24.58,23.74,7044,1.74,100,5724.0,81.26
TRANSRAILL, 26-Aug-2026,467.85,470.0,459.0,462.25,467.85,337662,1561.76,14229,193537.0,57.32
TRANSTEEL, 26-Aug-2026,86.5,87.3,85.5,85.6,86.45,20000,17.3,14,14000.0,70.0
TRANSWIND, 26-Aug-2026,11.9,11.9,10.8,10.8,11.35,12000,1.34,3,8000.0,66.67
TRAVELFOOD, 26-Aug-2026,1300.0,1318.2,1280.2,1287.8,1296.3,28646,370.8,3870,15842.0,55.3
TREEHOUSE, 26-Aug-2026,6.08,6.44,6.0,6.29,6.08,18478,1.15,120,11663.0,63.12
TREJHARA, 26-Aug-2026,154.95,158.98,147.1,148.54,155.84,22150,33.63,378,16420.0,74.13
TREL, 26-Aug-2026,27.5,27.5,26.25,26.39,26.55,50450,13.41,528,32934.0,65.28
TRENT, 26-Aug-2026,2950.0,2954.8,2906.2,2908.2,2930.0,467317,13664.71,41311,256474.0,54.88
TRF, 26-Aug-2026,230.63,232.98,229.76,229.94,231.7,5042,11.61,199,3957.0,78.48
TRIDENT, 26-Aug-2026,24.47,24.6,24.35,24.44,24.42,1965823,480.56,9167,918010.0,46.7
TRIDHYA, 26-Aug-2026,8.5,8.5,8.5,8.5,8.6,6000,0.51,1,6000.0,100.0
TRIGYN, 26-Aug-2026,55.6,61.5,55.6,60.66,56.05,236730,141.34,2083,117514.0,49.64
TRITONV, 26-Aug-2026,1178.9,1178.9,1115.7,1123.7,1138.9,1918,21.86,215,1676.0,87.38
TRITURBINE, 26-Aug-2026,572.65,582.0,570.55,574.4,572.65,219909,1262.27,22657,94325.0,42.89
TRIVENI, 26-Aug-2026,290.35,294.12,282.1,285.76,292.88,954261,2731.68,19997,367975.0,38.56
TROM, 26-Aug-2026,60.0,60.0,55.0,55.35,59.05,8400,4.77,13,7800.0,92.86
TRU, 26-Aug-2026,4.03,4.25,4.03,4.13,4.11,98409,4.04,198,67099.0,68.18
TRUALT, 26-Aug-2026,439.7,452.7,434.1,442.2,435.55,185736,824.19,5404,100886.0,54.32
TRUST, 26-Aug-2026,24.55,29.65,24.0,27.9,24.75,96000,26.49,118,77400.0,80.63
TSC, 26-Aug-2026,43.0,47.0,43.0,45.0,45.25,18000,8.1,9,18000.0,100.0
TSFINV, 26-Aug-2026,408.0,414.15,408.0,410.65,411.1,29949,123.23,1226,15194.0,50.73
TTKHLTCARE, 26-Aug-2026,1093.9,1107.9,1075.5,1090.6,1093.4,17051,184.71,1472,12734.0,74.68
TTKPRESTIG, 26-Aug-2026,601.45,614.7,593.5,610.15,595.55,92498,563.11,6020,45234.0,48.9
TTL, 26-Aug-2026,6.49,6.79,6.4,6.59,6.49,254308,16.81,463,179272.0,70.49
TTML, 26-Aug-2026,37.65,38.0,37.28,37.41,37.55,1074088,403.43,5975,470225.0,43.78
TUNWAL, 26-Aug-2026,26.05,26.35,26.05,26.3,26.05,14000,3.67,7,12000.0,85.71
TURTLEMINT, 26-Aug-2026,147.7,149.0,141.6,146.86,145.93,1186184,1721.87,15141,385550.0,32.5
TUTIALKA, 26-Aug-2026,56.79,60.89,55.79,58.88,54.58,37186,21.81,526,27517.0,74.0
TVSELECT, 26-Aug-2026,442.25,445.0,440.1,443.15,440.0,14041,62.17,777,6591.0,46.94
TVSHLTD, 26-Aug-2026,13500.0,13650.0,13500.0,13542.0,13567.0,2610,354.01,968,1489.0,57.05
TVSMOTOR, 26-Aug-2026,4430.0,4484.5,4415.0,4464.0,4420.0,908142,40431.2,53212,588911.0,64.85
TVSSCS, 26-Aug-2026,136.5,137.39,130.9,132.16,135.14,1858038,2467.35,16810,396710.0,21.35
TVSSRICHAK, 26-Aug-2026,4792.9,5359.3,4792.9,5311.8,4812.0,263395,13818.31,37636,33015.0,12.53
TVTODAY, 26-Aug-2026,115.0,116.49,112.01,115.16,112.31,21593,24.71,389,14815.0,68.61
TWCGOLDETF, 26-Aug-2026,159.26,159.97,158.91,159.14,159.72,6906,11.0,118,6728.0,97.42
UBL, 26-Aug-2026,1370.6,1386.8,1345.0,1353.7,1348.6,334327,4556.46,20616,124599.0,37.27
UCOBANK, 26-Aug-2026,26.05,26.44,26.05,26.19,26.05,3611760,948.1,9856,1484305.0,41.1
UDAYJEW, 26-Aug-2026,139.43,142.5,135.98,141.8,139.43,2715,3.82,61,2435.0,89.69
UDS, 26-Aug-2026,222.0,224.46,219.3,222.07,222.0,523006,1160.59,5417,161367.0,30.85
UEL, 26-Aug-2026,158.01,171.74,157.1,171.74,163.57,40549,67.3,594,26138.0,64.46
UFLEX, 26-Aug-2026,612.0,656.75,607.0,650.45,606.35,828723,5274.3,19180,370150.0,44.67
UFO, 26-Aug-2026,65.14,67.0,65.14,66.51,65.49,19318,12.76,235,12510.0,64.76
UGARSUGAR, 26-Aug-2026,55.0,58.89,54.23,54.97,55.66,596841,334.94,4919,221165.0,37.06
UGROCAP, 26-Aug-2026,88.8,88.86,86.23,87.05,88.08,208163,182.21,2238,117789.0,56.58
UHTL, 26-Aug-2026,138.05,138.05,138.05,138.05,135.35,2000,2.76,1,2000.0,100.0
UJJIVANSFB, 26-Aug-2026,69.25,70.26,68.25,68.99,69.46,15421346,10649.92,53209,6374322.0,41.33
ULTRACEMCO, 26-Aug-2026,11580.0,11820.0,11580.0,11717.0,11540.0,207929,24351.8,29561,125678.0,60.44
ULTRAMAR, 26-Aug-2026,421.0,439.7,421.0,432.75,410.25,198497,857.06,6408,74076.0,37.32
UMA, 26-Aug-2026,17.45,17.45,16.75,16.75,16.0,32000,5.46,8,28000.0,87.5
UMESLTD, 26-Aug-2026,5.89,5.89,5.5,5.61,5.63,16780,0.94,51,14604.0,87.03
UMIYA-MRO, 26-Aug-2026,88.0,90.0,88.0,89.24,88.86,2442,2.17,33,2311.0,94.64
UNICHEMLAB, 26-Aug-2026,526.05,548.65,521.05,530.3,526.05,81667,434.4,3785,27657.0,33.87
UNIECOM, 26-Aug-2026,85.11,86.0,84.9,85.4,85.19,161176,137.31,1476,98763.0,61.28
UNIENTER, 26-Aug-2026,95.61,95.8,93.71,95.08,95.61,3054,2.89,66,2783.0,91.13
UNIHEALTH, 26-Aug-2026,706.45,712.95,691.15,707.5,705.55,9000,63.27,18,7500.0,83.33
UNIINFO, 26-Aug-2026,11.29,11.85,10.73,10.93,11.29,14070,1.61,86,9351.0,66.46
UNIMECH, 26-Aug-2026,1484.0,1529.0,1478.1,1500.2,1473.5,240768,3636.1,16617,104887.0,43.56
UNIONBANK, 26-Aug-2026,187.98,192.33,187.12,187.52,186.98,13973998,26451.78,58273,5622544.0,40.24
UNIONGOLD, 26-Aug-2026,157.4,157.6,156.15,156.65,156.7,1720,2.69,89,738.0,42.91
UNIPARTS, 26-Aug-2026,829.75,835.0,803.0,806.2,825.6,90759,741.05,11030,52053.0,57.35
UNITDSPR, 26-Aug-2026,1549.3,1554.6,1519.7,1538.5,1550.0,636713,9735.5,19219,390710.0,61.36
UNITECH, 26-Aug-2026,4.06,4.06,3.95,3.96,4.01,4256949,169.37,2464,2893010.0,67.96
UNITEDPOLY, 26-Aug-2026,38.0,38.89,35.32,36.85,38.06,128010,46.59,433,102313.0,79.93
UNITEDTEA, 26-Aug-2026,458.75,474.9,458.75,460.15,452.9,3725,17.38,273,1705.0,45.77
UNIVCABLES, 26-Aug-2026,1619.0,1619.0,1569.0,1578.7,1589.9,68950,1096.19,6281,35850.0,51.99
UNOMINDA, 26-Aug-2026,1253.4,1272.1,1250.7,1260.0,1253.4,798985,10084.23,22684,521384.0,65.26
UPL, 26-Aug-2026,585.0,589.3,579.7,589.3,585.0,2061911,12052.13,23287,1035085.0,50.2
URBAN, 26-Aug-2026,144.0,145.0,141.05,145.0,145.6,8800,12.62,11,4800.0,54.55
URBANCO, 26-Aug-2026,168.91,173.89,166.5,167.53,169.28,9170508,15557.74,97588,2697874.0,29.42
URJA, 26-Aug-2026,9.28,9.44,9.16,9.22,9.28,567225,52.59,1925,362436.0,63.9
USASEEDS, 26-Aug-2026,96.5,96.5,96.5,96.5,92.15,428,0.41,1,428.0,100.0
USHAFIN, 26-Aug-2026,46.05,46.05,43.95,43.95,46.0,14400,6.37,9,14400.0,100.0
USHAMART, 26-Aug-2026,492.9,498.8,484.45,496.15,487.25,274401,1345.93,11996,122754.0,44.74
USK, 26-Aug-2026,21.9,21.9,21.21,21.56,21.33,6744,1.46,116,4697.0,69.65
UTIAMC, 26-Aug-2026,886.15,904.15,886.1,897.2,889.95,63816,570.59,4438,34174.0,53.55
UTKAL, 26-Aug-2026,48.1,48.1,47.5,47.5,49.95,8000,3.82,4,6000.0,75.0
UTKARSHBNK, 26-Aug-2026,14.7,15.24,14.7,14.94,14.72,12257833,1839.98,12542,5826283.0,47.53
UTLSOLAR, 26-Aug-2026,446.65,454.05,440.1,444.2,446.65,318690,1423.45,13386,157594.0,49.45
UTSSAV, 26-Aug-2026,467.0,467.0,443.65,448.15,467.0,52200,237.05,75,51000.0,97.7
UTTAMSUGAR, 26-Aug-2026,321.0,329.9,305.59,312.82,323.13,602692,1898.48,12312,101436.0,16.83
V2RETAIL, 26-Aug-2026,223.2,224.1,219.0,219.79,223.25,1290836,2850.25,19572,709769.0,54.99
VADILALIND, 26-Aug-2026,7448.0,7509.5,7335.0,7423.0,7437.5,19323,1435.75,5547,10791.0,55.85
VADILENT, 26-Aug-2026,9751.0,9795.0,9751.0,9795.0,9750.0,7,0.68,2,7.0,100.0
VAIBHAVGBL, 26-Aug-2026,222.7,226.0,222.0,223.6,221.3,199928,447.07,11907,105986.0,53.01
VAISHALI, 26-Aug-2026,8.29,8.29,7.8,8.17,7.97,79638,6.48,141,51725.0,64.95
VAKRANGEE, 26-Aug-2026,5.94,6.08,5.92,6.05,5.92,1451107,87.52,1938,1046435.0,72.11
VAL30IETF, 26-Aug-2026,15.33,15.39,15.27,15.32,15.24,136336,20.88,346,79491.0,58.31
VALIANTLAB, 26-Aug-2026,106.99,110.7,103.32,107.87,105.48,385876,419.72,2439,183250.0,47.49
VALUE, 26-Aug-2026,16.26,16.34,16.23,16.3,16.2,24761,4.03,62,18086.0,73.04
VALUEAXIS, 26-Aug-2026,32.83,33.53,32.75,33.22,32.83,77078,25.55,320,43668.0,56.65
VAML, 26-Aug-2026,449.0,464.2,448.65,462.6,447.85,8546306,39064.59,101948,4879809.0,57.1
VARDMNPOLY, 26-Aug-2026,5.98,6.18,5.98,6.03,6.0,283777,17.12,380,244775.0,86.26
VARROC, 26-Aug-2026,816.95,822.2,795.6,812.15,810.3,153370,1244.36,8835,69973.0,45.62
VASCONEQ, 26-Aug-2026,31.01,31.4,30.81,31.11,31.0,184351,57.22,844,122512.0,66.46
VASUPRADA, 26-Aug-2026,96.08,96.08,94.0,94.0,96.08,50,0.05,3,50.0,100.0
VASWANI, 26-Aug-2026,48.0,49.9,47.1,48.3,46.19,24336,11.82,353,16504.0,67.82
VBL, 26-Aug-2026,447.9,447.9,420.2,421.25,438.0,31112914,133392.91,265854,14149516.0,45.48
VDEAL, 26-Aug-2026,156.2,161.05,156.0,161.0,156.0,4200,6.64,7,2400.0,57.14
VEDAVAAG, 26-Aug-2026,18.62,18.8,18.26,18.5,18.25,20922,3.88,80,19643.0,93.89
VEDL, 26-Aug-2026,275.5,287.0,273.25,286.5,275.0,24161109,68270.56,125316,12754810.0,52.79
VEDPOWER, 26-Aug-2026,36.94,37.69,36.84,37.49,36.93,20656004,7702.53,44950,8798611.0,42.6
VEEDOL, 26-Aug-2026,1474.0,1525.0,1471.6,1510.1,1469.5,13234,199.07,1723,7949.0,60.06
VEEKAYEM, 26-Aug-2026,90.5,99.35,89.95,94.6,94.65,13500,12.52,24,9500.0,70.37
VENKEYS, 26-Aug-2026,1579.0,1604.9,1566.1,1597.0,1577.4,56013,891.72,4869,25134.0,44.87
VENTIVE, 26-Aug-2026,598.65,598.65,587.75,594.6,594.05,17374,102.98,1473,12060.0,69.41
VENUSPIPES, 26-Aug-2026,1550.2,1645.0,1545.0,1636.6,1550.0,196323,3150.94,14510,101108.0,51.5
VERANDA, 26-Aug-2026,246.45,250.0,240.05,243.3,248.0,261268,636.49,2672,131799.0,50.45
VERITAAS, 26-Aug-2026,30.1,30.1,30.1,30.1,31.65,2400,0.72,2,1200.0,50.0
VERTIS, 26-Aug-2026,116.0,116.0,116.0,116.0,115.0,100000,116.0,4,100000.0,100.0
VESUVIUS, 26-Aug-2026,430.0,433.5,420.35,422.9,428.65,138680,589.46,3729,98095.0,70.73
VGCL, 26-Aug-2026,57.07,57.07,52.01,57.05,54.36,2738,1.55,57,2687.0,98.14
VGINFOTECH, 26-Aug-2026,150.0,150.0,145.65,147.0,148.55,39000,57.51,35,26000.0,66.67
VGL, 26-Aug-2026,58.99,61.0,56.0,57.56,58.98,19392,11.28,382,12299.0,63.42
VGUARD, 26-Aug-2026,333.0,335.8,327.15,329.65,332.7,521675,1720.23,11226,327246.0,62.73
VHL, 26-Aug-2026,3460.0,3480.0,3411.1,3428.9,3446.1,269,9.27,68,174.0,64.68
VIAZ, 26-Aug-2026,71.3,71.3,71.3,71.3,75.0,2000,1.43,1,2000.0,100.0
VICTORYEV, 26-Aug-2026,16.0,16.25,15.75,16.25,16.5,12000,1.91,4,12000.0,100.0
VIDHIING, 26-Aug-2026,353.9,353.9,338.5,341.0,346.85,17723,60.91,839,11495.0,64.86
VIDYAWIRES, 26-Aug-2026,85.48,89.0,85.48,86.92,85.0,827995,725.88,5566,393475.0,47.52
VIESL, 26-Aug-2026,325.0,348.25,325.0,345.35,318.9,100000,338.97,107,68800.0,68.8
VIGOR, 26-Aug-2026,107.0,109.0,100.0,100.0,103.85,20800,21.46,12,19200.0,92.31
VIJAYA, 26-Aug-2026,1497.0,1498.0,1466.2,1472.8,1483.4,97595,1447.6,11003,27670.0,28.35
VIJAYPD, 26-Aug-2026,60.75,66.0,54.1,63.9,60.1,456000,290.07,113,432000.0,94.74
VIJSOLX, 26-Aug-2026,718.8,718.8,686.85,698.45,686.2,137,0.95,15,119.0,86.86
VIKASECO, 26-Aug-2026,1.07,1.11,1.06,1.08,1.06,4688233,50.82,9027,2370111.0,50.55
VIKASLIFE, 26-Aug-2026,1.24,1.38,1.23,1.32,1.24,10694106,139.66,4111,4360847.0,40.78
VIKRAMSOLR, 26-Aug-2026,170.7,175.84,170.5,171.85,169.99,2231160,3851.35,23747,835611.0,37.45
VIKRAN, 26-Aug-2026,60.2,60.99,59.0,59.21,59.98,1134798,678.36,5774,700105.0,61.69
VILAS, 26-Aug-2026,370.0,370.0,360.1,361.1,368.9,9750,35.3,38,6500.0,66.67
VIMTALABS, 26-Aug-2026,621.0,637.5,615.8,627.7,626.35,123134,771.86,5874,42262.0,34.32
VINATIORGA, 26-Aug-2026,1337.8,1344.2,1312.2,1321.5,1333.2,35917,475.51,3335,18008.0,50.14
VINCOFE, 26-Aug-2026,163.5,167.0,161.52,164.09,160.9,2407699,3960.95,17109,766674.0,31.84
VINDHYATEL, 26-Aug-2026,2381.0,2441.5,2381.0,2396.7,2381.6,39456,952.71,3441,17356.0,43.99
VINEETLAB, 26-Aug-2026,39.0,39.0,37.2,38.79,38.7,92179,35.44,819,52929.0,57.42
VINNY, 26-Aug-2026,1.06,1.07,1.05,1.06,1.06,77131,0.82,112,56424.0,73.15
VINSYS, 26-Aug-2026,603.9,610.0,594.0,599.9,598.4,7750,46.66,30,7750.0,100.0
VINYAS, 26-Aug-2026,1692.0,1700.0,1545.2,1564.3,1656.6,11400,184.11,103,8100.0,71.05
VINYLINDIA, 26-Aug-2026,238.0,239.98,233.0,234.53,237.14,5233,12.35,289,3507.0,67.02
VIPCLOTHNG, 26-Aug-2026,20.16,21.15,20.16,20.53,20.57,42399,8.75,178,29859.0,70.42
VIPIND, 26-Aug-2026,300.0,312.8,298.8,310.9,299.7,526844,1620.56,10523,286127.0,54.31
VIRAT, 26-Aug-2026,440.0,448.95,428.95,442.0,448.8,4729,20.77,143,3737.0,79.02
VIRINCHI, 26-Aug-2026,15.06,15.65,15.06,15.28,15.53,34930,5.33,194,29018.0,83.07
VIRTUALG, 26-Aug-2026,0.52,0.54,0.49,0.52,0.52,375672,1.92,201,313653.0,83.49
VISACHROME, 26-Aug-2026,38.3,38.3,36.7,37.3,37.93,14262,5.31,76,11867.0,83.21
VISAKAIND, 26-Aug-2026,92.5,93.4,90.93,91.53,91.33,99670,91.51,1674,56153.0,56.34
VISAMAN, 26-Aug-2026,87.7,87.7,87.7,87.7,92.3,1000,0.88,1,1000.0,100.0
VISDEM, 26-Aug-2026,83.0,83.1,80.5,81.5,79.5,6000,4.92,5,2400.0,40.0
VISHAL, 26-Aug-2026,19.3,19.3,18.0,18.67,18.9,65940,12.29,260,51322.0,77.83
VISHNU, 26-Aug-2026,649.4,657.7,636.85,639.8,642.9,109011,705.45,5058,49847.0,45.73
VISHNUINFR, 26-Aug-2026,162.5,162.55,154.0,154.0,161.15,8500,13.44,16,4000.0,47.06
VISHWARAJ, 26-Aug-2026,6.29,6.56,6.06,6.15,6.29,697624,43.26,1668,463902.0,66.5
VISHWAS, 26-Aug-2026,40.95,40.95,40.95,40.95,39.0,1600,0.66,1,1600.0,100.0
VISL, 26-Aug-2026,36.95,38.78,36.95,38.78,36.94,62802478,24129.44,57449,26314187.0,41.9
VIVIDEL, 26-Aug-2026,1625.05,1640.0,1590.0,1611.85,1575.05,18960,306.56,76,12000.0,63.29
VIVIDHA, 26-Aug-2026,0.52,0.53,0.51,0.51,0.52,110838,0.57,146,104838.0,94.59
VIVOBIOT, 26-Aug-2026,19.23,19.23,18.26,18.5,18.85,10934,2.05,93,10056.0,91.97
VIYASH, 26-Aug-2026,268.85,271.15,259.1,263.4,278.35,115482970,305941.13,231544,53209876.0,46.08
VLINFRA, 26-Aug-2026,26.65,26.65,26.3,26.4,27.5,15000,3.97,10,10500.0,70.0
VLSFINANCE, 26-Aug-2026,244.95,247.7,241.65,245.35,244.95,11104,27.21,350,6805.0,61.28
VMARCIND, 26-Aug-2026,390.35,392.0,378.0,381.2,390.05,237000,908.6,154,118500.0,50.0
VMART, 26-Aug-2026,862.2,868.8,845.25,852.35,862.15,88421,759.9,8185,42828.0,48.44
VMM, 26-Aug-2026,112.2,112.2,109.62,109.62,112.5,9830770,10897.34,37767,4723661.0,48.05
VMOBILE, 26-Aug-2026,64.1,64.3,64.1,64.2,64.1,3200,2.05,4,2400.0,75.0
VMSTMT, 26-Aug-2026,47.0,47.5,46.25,46.7,46.99,25722,12.07,400,14625.0,56.86
VOEPL, 26-Aug-2026,508.0,593.45,497.4,579.55,498.75,2738620,15475.7,53581,279883.0,10.22
VOGL, 26-Aug-2026,39.06,41.85,39.01,41.21,38.95,85113212,34416.23,102108,31555792.0,37.08
VOITHPAPR, 26-Aug-2026,1461.3,1489.9,1454.1,1460.0,1454.1,100,1.46,16,56.0,56.0
VOLERCAR, 26-Aug-2026,218.3,228.0,218.0,226.45,224.0,14400,32.24,13,8000.0,55.56
VOLTAMP, 26-Aug-2026,11020.0,11151.5,10901.0,10978.5,10974.0,20963,2315.09,6243,9185.0,43.82
VOLTAS, 26-Aug-2026,1245.0,1245.0,1207.0,1217.0,1243.0,1046584,12788.59,37218,467425.0,44.66
VPRPL, 26-Aug-2026,33.59,34.07,32.51,32.98,33.71,326478,108.07,1911,224291.0,68.7
VR, 26-Aug-2026,123.5,123.5,123.5,123.5,130.0,1200,1.48,3,1200.0,100.0
VRAJ, 26-Aug-2026,120.3,123.25,120.3,122.66,121.32,19654,24.07,438,15406.0,78.39
VRLLOG, 26-Aug-2026,290.5,291.45,285.0,286.25,289.95,111820,320.6,3594,77052.0,68.91
VSCL, 26-Aug-2026,22.0,22.0,22.0,22.0,22.7,3000,0.66,1,3000.0,100.0
VSSL, 26-Aug-2026,345.0,370.8,345.0,367.75,344.55,327028,1183.96,8206,158600.0,48.5
VSTIND, 26-Aug-2026,212.0,212.3,209.7,210.95,209.86,119333,251.32,2498,68300.0,57.23
VSTL, 26-Aug-2026,113.95,113.95,111.02,112.1,111.5,7536,8.46,231,6210.0,82.4
VSTTILLERS, 26-Aug-2026,4435.8,4479.6,4398.2,4418.5,4450.0,4317,191.52,1573,2407.0,55.76
VTL, 26-Aug-2026,602.55,607.5,601.0,602.9,601.35,132158,798.21,9291,55763.0,42.19
VTMLTD, 26-Aug-2026,54.83,54.84,52.0,53.71,53.07,24503,13.1,345,19061.0,77.79
WAAREEENER, 26-Aug-2026,2662.0,2669.6,2631.0,2635.0,2655.0,310622,8223.6,22697,145720.0,46.91
WAAREEINDO, 26-Aug-2026,277.0,282.5,273.0,275.15,274.65,70061,194.0,1754,46613.0,66.53
WAAREERTL, 26-Aug-2026,873.7,889.8,873.0,885.75,871.25,101399,892.71,6238,48925.0,48.25
WABAG, 26-Aug-2026,2025.7,2166.0,2016.1,2155.3,2021.5,2116909,44990.28,108762,616406.0,29.12
WAKEFIT, 26-Aug-2026,145.0,148.0,142.0,145.72,145.14,837985,1211.33,7881,297485.0,35.5
WALCHANNAG, 26-Aug-2026,221.45,222.15,219.54,220.94,220.02,255116,563.69,3626,113544.0,44.51
WALPAR, 26-Aug-2026,29.9,29.9,29.9,29.9,28.5,2000,0.6,1,2000.0,100.0
WANBURY, 26-Aug-2026,266.15,266.3,258.15,261.15,264.35,80350,210.6,2075,47157.0,58.69
WARDINMOBI, 26-Aug-2026,5.98,6.09,5.98,6.03,5.97,174245,10.53,470,137307.0,78.8
WATERBASE, 26-Aug-2026,50.0,50.0,48.0,49.31,49.37,22967,11.21,259,17073.0,74.34
WCIL, 26-Aug-2026,87.25,88.8,85.5,86.21,87.19,74559,64.92,971,41090.0,55.11
WEALTH, 26-Aug-2026,860.0,877.15,850.9,856.05,861.0,2378,20.48,218,1904.0,80.07
WEBELSOLAR, 26-Aug-2026,80.01,81.4,77.67,78.27,79.69,2772669,2205.36,19775,1476801.0,53.26
WEIZMANIND, 26-Aug-2026,76.01,76.98,75.63,75.63,75.55,216,0.16,12,181.0,83.8
WEL, 26-Aug-2026,133.14,160.0,133.0,155.92,134.02,16977054,26184.35,102825,1231970.0,7.26
WELCORP, 26-Aug-2026,2300.0,2350.0,2203.7,2306.7,2345.5,5769711,131323.12,250448,1491900.0,25.86
WELENT, 26-Aug-2026,662.0,700.0,650.0,692.85,661.0,1226772,8376.65,29571,524790.0,42.78
WELSPLSOL, 26-Aug-2026,51.5,55.6,49.75,54.71,50.8,2798818,1497.59,11538,1268386.0,45.32
WELSPUNLIV, 26-Aug-2026,190.0,192.0,187.5,190.63,190.3,2367484,4496.3,22007,828127.0,34.98
WENDT, 26-Aug-2026,8137.0,8215.0,8051.0,8148.5,8189.0,6307,513.54,1753,3811.0,60.42
WESTLIFE, 26-Aug-2026,583.5,602.35,562.35,566.2,576.5,138065,802.02,13311,49649.0,35.96
WEWIN, 26-Aug-2026,47.1,47.1,45.15,45.4,46.9,2535,1.16,66,2108.0,83.16
WEWORK, 26-Aug-2026,674.9,691.2,672.3,678.3,674.9,168601,1149.87,11696,99045.0,58.75
WHBRADY, 26-Aug-2026,500.0,500.05,497.55,497.8,529.95,176,0.88,23,176.0,100.0
WHEELS, 26-Aug-2026,1500.0,1513.8,1478.2,1487.1,1499.3,37789,564.32,3513,14027.0,37.12
WHIRLPOOL, 26-Aug-2026,772.8,777.0,762.0,771.7,767.3,162307,1247.73,14566,83808.0,51.64
WHITEFORCE, 26-Aug-2026,39.45,39.45,39.45,39.45,38.95,30400,11.99,1,30400.0,100.0
WILLAMAGOR, 26-Aug-2026,27.0,27.0,23.5,24.05,24.47,7688,1.85,227,4146.0,53.93
WINDLAS, 26-Aug-2026,991.25,1002.9,965.45,978.4,990.95,58236,574.06,3733,30482.0,52.34
WINDMACHIN, 26-Aug-2026,316.4,316.4,308.0,309.15,314.25,38513,119.4,1249,23661.0,61.44
WINSOL, 26-Aug-2026,114.0,115.0,113.0,113.0,112.0,8800,10.04,12,8400.0,95.45
WIPL, 26-Aug-2026,169.4,169.4,164.4,167.98,169.84,328,0.54,15,242.0,73.78
WIPRO, 26-Aug-2026,180.09,180.95,176.66,177.35,180.09,9355776,16679.0,67256,4963438.0,53.05
WOCKPHARMA, 26-Aug-2026,1890.0,1932.3,1873.6,1882.1,1899.6,310259,5905.75,19762,118979.0,38.35
WOL3D, 26-Aug-2026,143.5,147.7,137.55,144.8,143.5,4000,5.74,4,3000.0,75.0
WOMANCART, 26-Aug-2026,131.8,131.8,121.2,123.45,128.1,35200,44.13,83,18000.0,51.14
WONDERLA, 26-Aug-2026,513.75,520.7,513.75,516.05,513.75,59250,306.51,2717,33895.0,57.21
WORTHPERI, 26-Aug-2026,152.23,158.0,151.0,157.44,152.23,10300,16.02,1042,3639.0,35.33
WPIL, 26-Aug-2026,446.8,455.6,435.0,438.35,442.9,23746,104.58,1741,12659.0,53.31
WSI, 26-Aug-2026,60.82,61.99,59.52,60.74,60.82,70404,42.63,2039,17374.0,24.68
WSTCSTPAPR, 26-Aug-2026,606.0,621.6,599.8,607.8,606.15,80965,490.62,3643,35390.0,43.71
WTICAB, 26-Aug-2026,109.0,109.0,109.0,109.0,108.0,1500,1.64,2,1500.0,100.0
XCHANGING, 26-Aug-2026,61.45,62.14,60.81,61.51,60.87,38493,23.56,742,22944.0,59.61
XELPMOC, 26-Aug-2026,83.99,84.94,81.3,81.81,82.13,15387,12.86,375,9278.0,60.3
XPROINDIA, 26-Aug-2026,1199.0,1199.0,1161.0,1176.3,1186.5,55168,651.82,3174,35973.0,65.21
XTGLOBAL, 26-Aug-2026,29.45,29.45,29.0,29.29,29.22,34132,9.95,531,4170.0,12.22
XTRANET, 26-Aug-2026,163.09,164.65,158.06,159.83,163.09,280887,450.74,3930,135686.0,48.31
YAAP, 26-Aug-2026,139.0,139.5,132.0,132.5,133.25,9000,12.29,9,7000.0,77.78
YASHO, 26-Aug-2026,4206.0,4406.0,4206.0,4369.6,4201.7,37594,1631.37,9930,11577.0,30.79
YASHOPTICS, 26-Aug-2026,115.5,122.8,115.5,117.0,118.2,5600,6.59,7,4800.0,85.71
YATHARTH, 26-Aug-2026,925.0,972.0,918.0,965.3,923.05,683118,6474.66,27122,304040.0,44.51
YATRA, 26-Aug-2026,114.5,114.56,112.5,112.89,113.92,639544,724.66,4666,357965.0,55.97
YESBANK, 26-Aug-2026,22.6,22.8,22.34,22.38,22.5,53612306,12089.2,61032,29890443.0,55.75
YOGI, 26-Aug-2026,163.09,163.09,163.09,163.09,163.9,3,0.0,1,3.0,100.0
YUKEN, 26-Aug-2026,948.55,961.5,936.85,938.85,943.45,3065,28.94,288,1968.0,64.21
ZAGGLE, 26-Aug-2026,190.2,193.12,189.45,190.76,189.37,1193081,2282.18,13211,361497.0,30.3
ZEAL, 26-Aug-2026,65.0,65.0,63.0,63.0,63.0,3000,1.91,5,2400.0,80.0
ZEEL, 26-Aug-2026,105.86,107.5,104.0,104.42,104.82,13145288,13854.37,45611,3724768.0,28.34
ZEEMEDIA, 26-Aug-2026,9.19,9.22,8.8,8.92,9.12,2661339,238.75,3064,1471045.0,55.27
ZENITHDRUG, 26-Aug-2026,40.9,42.95,40.85,41.9,41.0,6400,2.66,8,4000.0,62.5
ZENITHEXPO, 26-Aug-2026,208.95,215.0,208.95,214.78,206.46,315,0.67,24,272.0,86.35
ZENITHSTL, 26-Aug-2026,5.31,5.54,5.31,5.38,5.39,19250,1.04,118,15804.0,82.1
ZENSARTECH, 26-Aug-2026,474.45,479.6,470.5,471.85,472.1,462669,2193.85,18723,171109.0,36.98
ZENTEC, 26-Aug-2026,1879.9,1906.5,1860.1,1873.4,1877.7,256943,4837.05,21280,76834.0,29.9
ZFCVINDIA, 26-Aug-2026,2603.0,2619.8,2568.4,2588.4,2603.0,76049,1969.84,12823,44904.0,59.05
ZFSTEERING, 26-Aug-2026,679.9,679.9,662.2,669.6,672.35,4400,29.49,201,3090.0,70.23
ZIMLAB, 26-Aug-2026,128.0,128.3,120.5,126.4,124.8,87941,111.71,2313,64722.0,73.6
ZODIAC, 26-Aug-2026,263.95,263.95,248.0,250.85,245.8,11215,28.17,632,6396.0,57.03
ZODIACLOTH, 26-Aug-2026,73.7,74.19,72.62,73.56,72.61,894,0.66,26,629.0,70.36
ZOTA, 26-Aug-2026,1080.6,1094.0,1073.8,1077.1,1076.8,41282,445.89,2571,24440.0,59.2
ZSARACOM, 26-Aug-2026,11313.0,11500.0,11035.0,11261.0,11300.0,41,4.59,32,32.0,78.05
ZTECH, 26-Aug-2026,491.0,495.95,490.0,490.45,494.0,14100,69.23,39,10800.0,76.6
ZUARI, 26-Aug-2026,232.6,236.79,231.65,234.3,232.01,145214,340.98,3130,74832.0,51.53
ZUARIIND, 26-Aug-2026,284.5,286.0,274.5,275.9,281.55,66620,185.95,1614,37521.0,56.32
ZYDUSLIFE, 26-Aug-2026,1127.4,1150.5,1117.8,1150.0,1124.5,1401027,15982.24,34616,733873.0,52.38
ZYDUSWELL, 26-Aug-2026,530.0,535.9,524.4,529.2,525.45,231187,1228.1,22701,97123.0,42.01
