SYMBOL,DATE1,OPEN_PRICE,HIGH_PRICE,LOW_PRICE,CLOSE_PRICE,PREV_CLOSE,TTL_TRD_QNTY,TURNOVER_LACS,NO_OF_TRADES,DELIV_QTY,DELIV_PER
20MICRONS, 18-Sep-2026,207.77,209.0,204.62,208.28,205.71,45744,94.7,1711,21567.0,47.15
21STCENMGM, 18-Sep-2026,38.81,39.29,38.81,38.98,38.62,135,0.05,10,69.0,51.11
360ONE, 18-Sep-2026,1060.5,1086.1,1060.5,1073.1,1061.3,519067,5594.95,25530,347735.0,66.99
3BBLACKBIO, 18-Sep-2026,1313.5,1328.7,1289.8,1319.3,1290.8,6766,87.92,592,4905.0,72.49
3MINDIA, 18-Sep-2026,32530.0,34450.0,32380.0,34095.0,32530.0,8040,2706.74,3757,4207.0,52.33
3PLAND, 18-Sep-2026,31.5,31.5,30.5,31.09,31.4,721,0.22,74,513.0,71.15
574GS2026, 18-Sep-2026,101.95,101.95,101.95,101.95,101.95,1,0.0,1,1.0,100.0
577GS2030, 18-Sep-2026,96.5,96.5,96.5,96.5,96.94,100,0.1,2,100.0,100.0
585GS2030, 18-Sep-2026,97.56,97.56,97.56,97.56,97.55,1000000,975.6,1,1000000.0,100.0
5PAISA, 18-Sep-2026,314.1,323.0,314.1,321.35,315.4,21347,68.25,1417,11667.0,54.65
601GS2030, 18-Sep-2026,98.4,98.4,98.4,98.4,98.4,100,0.1,2,100.0,100.0
610GS2031, 18-Sep-2026,99.99,99.99,99.99,99.99,99.99,1,0.0,1,1.0,100.0
620GS2029, 18-Sep-2026,99.85,99.85,99.85,99.85,99.85,1,0.0,1,1.0,100.0
622GS2035, 18-Sep-2026,93.43,95.07,93.43,95.07,94.2,52,0.05,4,25.0,48.08
636GS2031, 18-Sep-2026,98.5,99.3,98.5,99.3,99.09,1602,1.58,5,1602.0,100.0
63MOONS, 18-Sep-2026,872.65,890.15,864.45,884.75,872.65,231331,2036.73,12047,94610.0,40.9
648GS2035, 18-Sep-2026,97.71,99.5,97.71,99.0,98.3,3640,3.62,4,3540.0,97.25
653GS2031, 18-Sep-2026,97.83,99.0,97.83,99.0,100.98,302,0.3,3,302.0,100.0
657GS2033A, 18-Sep-2026,99.9,100.0,99.9,100.0,97.6,3000,3.0,3,3000.0,100.0
667GS2035, 18-Sep-2026,107.62,107.62,105.0,106.85,105.0,1000006,1068.51,5,1000003.0,100.0
668GS2040, 18-Sep-2026,97.0,97.9,94.57,97.9,96.5,1498,1.45,15,1100.0,73.43
675GS2029, 18-Sep-2026,101.75,101.75,101.75,101.75,101.2,99,0.1,1,99.0,100.0
676GS2061, 18-Sep-2026,90.0,90.0,89.09,89.15,89.49,24608,21.94,46,24476.0,99.46
690GS2065, 18-Sep-2026,93.63,93.63,92.91,93.59,92.7,236,0.22,5,236.0,100.0
694GS2036, 18-Sep-2026,101.0,101.99,101.0,101.99,101.03,2040,2.08,3,2040.0,100.0
695GS2061, 18-Sep-2026,93.0,93.0,92.0,92.0,92.9,1627,1.51,8,1627.0,100.0
697GR2034, 18-Sep-2026,98.0,98.0,98.0,98.0,98.0,1,0.0,1,1.0,100.0
699GS2051, 18-Sep-2026,96.0,96.0,95.85,95.85,95.9,13,0.01,6,13.0,100.0
702GS2027, 18-Sep-2026,102.5,102.5,102.5,102.5,102.23,1,0.0,1,1.0,100.0
702GS2031, 18-Sep-2026,103.65,103.65,103.65,103.65,103.64,1000,1.04,1,1000.0,100.0
704GS2029, 18-Sep-2026,102.9,103.49,102.23,103.47,102.57,6900,7.12,4,6600.0,95.65
706GS2028, 18-Sep-2026,108.05,108.05,103.41,103.41,104.1,101,0.1,2,100.0,99.01
706GS2041, 18-Sep-2026,101.45,101.45,100.85,100.85,101.95,5,0.01,4,5.0,100.0
709GS2054, 18-Sep-2026,96.0,96.0,94.0,95.38,94.7,16267,15.35,13,13081.0,80.41
709GS2074, 18-Sep-2026,95.0,95.4,94.5,95.4,94.53,6672,6.35,22,6672.0,100.0
716GS2050, 18-Sep-2026,102.34,102.34,98.76,99.7,101.23,5000,4.99,6,5000.0,100.0
717GS2030, 18-Sep-2026,104.8,104.8,104.3,104.8,104.79,45270,47.4,9,38670.0,85.42
718GS2033, 18-Sep-2026,102.0,103.0,101.6,102.95,102.0,55902,57.09,45,54902.0,98.21
718GS2037, 18-Sep-2026,102.5,103.47,102.0,102.39,102.0,29704,30.42,12,29704.0,100.0
71GS2034, 18-Sep-2026,104.6,104.6,103.0,104.47,102.89,10103,10.51,7,10003.0,99.01
724GS2055, 18-Sep-2026,96.97,96.97,96.6,96.6,96.55,4575,4.44,5,4575.0,100.0
725GS2063, 18-Sep-2026,96.5,96.8,96.26,96.5,96.49,8866,8.55,18,7211.0,81.33
726GS2032, 18-Sep-2026,103.4,103.4,103.4,103.4,101.8,100,0.1,1,100.0,100.0
726GS2033, 18-Sep-2026,101.48,102.0,101.48,102.0,102.5,1048,1.07,4,524.0,50.0
732GS2030, 18-Sep-2026,103.55,104.0,103.55,104.0,103.61,2100,2.18,3,2100.0,100.0
734GS2064, 18-Sep-2026,98.9,98.9,98.4,98.84,98.48,24664,24.36,45,24514.0,99.39
736GS2052, 18-Sep-2026,98.75,98.75,96.0,98.69,99.25,6086,5.99,24,6033.0,99.13
737GS2028, 18-Sep-2026,104.3,104.3,104.3,104.3,104.01,100,0.1,1,100.0,100.0
738GS2027, 18-Sep-2026,102.41,102.8,102.41,102.53,102.4,28707,29.42,14,28707.0,100.0
73GS2053, 18-Sep-2026,98.0,98.6,98.0,98.55,98.0,194888,191.24,81,162288.0,83.27
741GS2036, 18-Sep-2026,104.49,104.49,104.49,104.49,104.1,100,0.1,1,100.0,100.0
743GS2076, 18-Sep-2026,98.9,99.24,98.6,99.2,98.45,23389,23.19,31,22828.0,97.6
746GS2073, 18-Sep-2026,102.5,102.5,101.34,101.34,101.99,3,0.0,3,2.0,66.67
74GS2035, 18-Sep-2026,101.01,102.5,101.0,102.5,103.4,1300,1.32,4,650.0,50.0
74GS2062, 18-Sep-2026,99.0,101.5,98.0,98.21,101.99,2823,2.79,11,2823.0,100.0
750GS2056, 18-Sep-2026,102.5,102.95,102.5,102.95,102.95,101,0.1,2,101.0,100.0
754GS2036, 18-Sep-2026,105.01,105.61,105.01,105.53,105.3,305760,322.42,121,292217.0,95.57
762GS2039, 18-Sep-2026,101.9,102.0,101.9,102.0,107.25,100,0.1,2,50.0,50.0
763GS2056, 18-Sep-2026,99.15,100.5,99.15,100.4,100.15,3109,3.12,11,3089.0,99.36
771GS2066, 18-Sep-2026,103.0,103.5,102.5,103.49,103.5,15969,16.52,20,15869.0,99.37
772GS2055, 18-Sep-2026,102.31,103.5,102.31,103.5,102.5,822,0.85,2,411.0,50.0
795GS2032, 18-Sep-2026,107.8,107.8,107.8,107.8,105.45,2,0.0,2,2.0,100.0
824GS2027, 18-Sep-2026,102.0,102.0,101.6,101.7,101.7,3658,3.72,4,3658.0,100.0
824GS2033, 18-Sep-2026,110.35,110.35,110.35,110.35,111.35,1,0.0,1,1.0,100.0
83GS2040, 18-Sep-2026,109.5,110.25,108.93,109.75,110.84,1490,1.63,8,790.0,53.02
883GS2041, 18-Sep-2026,111.2,111.2,111.2,111.2,115.25,111,0.12,1,111.0,100.0
897GS2030, 18-Sep-2026,113.0,113.0,113.0,113.0,111.6,1,0.0,1,1.0,100.0
92GS2030, 18-Sep-2026,113.99,114.5,113.21,114.25,114.0,14818,16.93,21,14818.0,100.0
A2ZINFRA, 18-Sep-2026,15.31,15.31,14.87,14.89,15.01,43624,6.52,189,35698.0,81.83
AAATECH, 18-Sep-2026,88.0,88.0,84.05,86.95,84.57,107337,92.76,499,18640.0,17.37
AADHARHFC, 18-Sep-2026,467.0,470.7,453.7,461.65,469.35,2175228,10049.29,35941,1575505.0,72.43
AAKAAR, 18-Sep-2026,63.0,66.15,61.05,64.5,63.0,28800,17.93,8,25600.0,88.89
AAKASH, 18-Sep-2026,8.92,9.18,8.8,8.88,8.92,78109,7.02,284,46595.0,59.65
AARADHYA, 18-Sep-2026,139.0,146.95,139.0,141.0,140.3,21600,30.93,18,21600.0,100.0
AAREYDRUGS, 18-Sep-2026,103.0,103.5,98.81,102.13,101.72,289834,295.43,1903,193906.0,66.9
AARON, 18-Sep-2026,124.42,126.99,115.0,119.92,124.42,38147,45.48,986,25670.0,67.29
AARTIDRUGS, 18-Sep-2026,428.35,435.2,426.0,431.8,428.35,88332,381.04,3735,49145.0,55.64
AARTIIND, 18-Sep-2026,476.65,493.45,476.25,491.15,476.6,541708,2643.75,16336,259120.0,47.83
AARTIPHARM, 18-Sep-2026,827.0,845.7,812.4,820.4,826.95,1901494,15632.53,22382,1201820.0,63.2
AARVI, 18-Sep-2026,141.9,141.9,138.12,139.95,140.82,3984,5.56,115,2681.0,67.29
AASTHA, 18-Sep-2026,77.99,77.99,74.24,76.25,76.78,240248,182.18,2115,120330.0,50.09
AAVAS, 18-Sep-2026,1296.0,1304.9,1273.8,1284.6,1291.8,164549,2121.69,12930,103909.0,63.15
ABANSENT, 18-Sep-2026,26.61,27.46,26.0,26.07,26.61,7320,1.94,127,6442.0,88.01
ABB, 18-Sep-2026,7185.5,7307.0,7151.0,7270.5,7130.5,383030,27671.62,31908,220700.0,57.62
ABBOTINDIA, 18-Sep-2026,26035.0,27490.0,26035.0,27270.0,25910.0,38339,10381.22,14454,25627.0,66.84
ABCAPITAL, 18-Sep-2026,390.5,410.05,390.5,410.05,390.0,4888619,19711.99,37728,3053891.0,62.47
ABCOTS, 18-Sep-2026,221.0,222.01,206.05,209.85,210.83,219982,473.94,613,135491.0,61.59
ABDL, 18-Sep-2026,649.9,659.55,641.0,647.6,653.1,437696,2846.31,20826,208212.0,47.57
ABFRL, 18-Sep-2026,50.6,50.77,49.8,50.16,50.45,3238057,1626.97,16162,1462637.0,45.17
ABGSEC, 18-Sep-2026,114.2,114.2,113.19,114.2,113.07,8,0.01,5,6.0,75.0
ABH, 18-Sep-2026,39.0,43.75,39.0,43.75,39.8,123600,52.2,94,100800.0,81.55
ABHAPOWER, 18-Sep-2026,23.0,24.65,23.0,24.65,23.7,6400,1.52,4,4800.0,75.0
ABLBL, 18-Sep-2026,82.75,82.75,80.81,81.17,82.41,1106286,901.07,10515,631090.0,57.05
ABMKNO, 18-Sep-2026,178.0,187.9,170.05,170.5,174.37,1382,2.37,75,1147.0,83.0
ABREL, 18-Sep-2026,1264.0,1279.0,1249.2,1266.2,1257.4,171318,2167.67,16151,84736.0,49.46
ABSL10BANK, 18-Sep-2026,165.5,166.3,165.0,166.04,164.39,281,0.47,9,262.0,93.24
ABSLAMC, 18-Sep-2026,1083.0,1107.9,1053.4,1060.4,1090.1,378189,4098.41,30534,236505.0,62.54
ABSLBANETF, 18-Sep-2026,57.65,57.92,57.53,57.72,57.61,10671,6.16,148,4210.0,39.45
ABSLLIQUID, 18-Sep-2026,995.0,1004.94,995.0,1000.0,1000.0,8812,88.12,56,8554.0,97.07
ABSLMSCIN, 18-Sep-2026,28.82,28.93,28.68,28.69,28.72,608,0.17,11,513.0,84.38
ABSLNN50ET, 18-Sep-2026,74.81,75.99,73.87,75.87,74.81,7289,5.5,187,5341.0,73.27
ABSLPSE, 18-Sep-2026,10.1,10.1,9.97,10.05,9.93,46993,4.71,250,28297.0,60.22
ABSMARINE, 18-Sep-2026,304.6,304.6,275.1,286.2,304.6,90500,262.85,160,67000.0,74.03
ACC, 18-Sep-2026,1236.6,1279.9,1236.6,1259.7,1232.5,386560,4852.96,18583,246221.0,63.7
ACCELYA, 18-Sep-2026,1131.8,1132.0,1117.0,1123.0,1122.0,3559,39.93,422,2619.0,73.59
ACCENTMIC, 18-Sep-2026,682.45,698.9,676.55,681.75,679.05,23000,156.93,45,16500.0,71.74
ACCPL, 18-Sep-2026,204.05,210.0,204.05,210.0,210.85,2400,4.97,2,2400.0,100.0
ACE, 18-Sep-2026,1212.3,1241.5,1202.0,1229.2,1205.6,881443,10808.64,53542,320647.0,36.38
ACEINTEG, 18-Sep-2026,17.8,17.81,17.11,17.37,18.0,2419,0.42,117,1736.0,71.77
ACGL, 18-Sep-2026,1798.0,1836.9,1725.1,1737.2,1774.0,1004,17.74,215,484.0,48.21
ACI, 18-Sep-2026,463.65,473.0,458.0,467.15,462.4,327739,1528.52,18379,175051.0,53.41
ACL, 18-Sep-2026,42.8,42.99,41.52,42.66,41.98,6820,2.9,340,4643.0,68.08
ACMESOLAR, 18-Sep-2026,411.5,440.7,411.5,435.25,411.3,12038412,52008.26,140266,7105260.0,59.02
ACTIVEINFR, 18-Sep-2026,173.5,186.25,173.5,182.05,171.0,27600,50.05,10,27600.0,100.0
ACUTAAS, 18-Sep-2026,3334.0,3462.0,3302.5,3440.3,3315.1,521496,17723.02,57381,264645.0,50.75
ADANIENSOL, 18-Sep-2026,1380.9,1436.5,1380.9,1436.1,1386.8,2145921,30511.23,56528,1136258.0,52.95
ADANIENT, 18-Sep-2026,2933.0,3020.0,2924.6,3020.0,2923.2,1628125,48687.8,45436,909369.0,55.85
ADANIGREEN, 18-Sep-2026,1274.2,1337.9,1274.2,1334.5,1274.2,2597171,34142.11,55633,926233.0,35.66
ADANIPORTS, 18-Sep-2026,1748.0,1824.0,1744.0,1824.0,1738.3,4148803,74139.05,70921,3187106.0,76.82
ADANIPOWER, 18-Sep-2026,206.05,209.6,205.64,206.6,205.92,18185888,37759.45,67512,8102807.0,44.56
ADDICTIVE, 18-Sep-2026,43.4,43.4,43.4,43.4,45.0,500,0.22,1,500.0,100.0
ADDIND, 18-Sep-2026,83.0,83.0,82.65,82.65,78.45,3,0.0,3,1.0,33.33
ADFFOODS, 18-Sep-2026,265.1,265.9,260.2,261.45,267.75,88038,231.3,2286,50941.0,57.86
ADISOFT, 18-Sep-2026,226.5,234.8,226.5,231.5,228.85,32000,74.23,40,17600.0,55.0
ADL, 18-Sep-2026,75.4,75.4,70.0,70.06,72.03,261,0.18,26,137.0,52.49
ADOR, 18-Sep-2026,1570.1,1613.0,1568.9,1592.1,1564.3,19186,303.72,2124,10885.0,56.73
ADROITINFO, 18-Sep-2026,10.82,11.7,10.82,11.14,11.22,39432,4.46,366,28576.0,72.47
ADSL, 18-Sep-2026,96.98,97.46,95.5,96.29,96.99,57062,54.82,1250,34319.0,60.14
ADVAIT, 18-Sep-2026,2030.0,2030.4,1985.0,2003.6,1990.4,19625,393.41,3171,10504.0,53.52
ADVANCE, 18-Sep-2026,112.75,112.75,110.0,110.48,111.67,87868,97.37,1238,55240.0,62.87
ADVANIHOTR, 18-Sep-2026,48.35,49.34,47.62,47.89,47.62,13516,6.52,308,9336.0,69.07
ADVENTHTL, 18-Sep-2026,128.11,132.9,125.46,129.15,127.04,174166,222.36,2432,67830.0,38.95
ADVENZYMES, 18-Sep-2026,291.0,291.85,286.45,287.8,288.1,243137,701.56,4048,149118.0,61.33
ADVIKCA, 18-Sep-2026,0.97,1.0,0.95,0.98,0.97,216964,2.11,256,147982.0,68.21
AEGISLOG, 18-Sep-2026,1362.9,1429.7,1360.0,1415.4,1353.8,1333662,18710.35,52649,619362.0,46.44
AEGISVOPAK, 18-Sep-2026,313.0,317.0,300.65,314.95,310.7,2342046,7260.72,43805,843380.0,36.01
AEPL, 18-Sep-2026,15.7,16.5,15.7,15.92,15.78,15668,2.52,147,13302.0,84.9
AEQUS, 18-Sep-2026,228.98,233.47,227.0,231.67,229.33,859211,1976.93,15225,422015.0,49.12
AEROENTER, 18-Sep-2026,122.94,126.9,120.9,125.49,122.94,751302,930.97,9087,290435.0,38.66
AEROFLEX, 18-Sep-2026,510.0,514.0,497.1,510.9,497.6,890374,4514.18,23080,320324.0,35.98
AERON, 18-Sep-2026,79.05,80.95,79.05,80.95,80.0,3000,2.39,3,2000.0,66.67
AERONEU, 18-Sep-2026,66.28,68.0,66.28,67.09,66.61,28643,19.21,314,11695.0,40.83
AEROPLANE, 18-Sep-2026,193.0,203.25,192.12,201.49,193.7,778122,1558.09,5213,457370.0,58.78
AETHER, 18-Sep-2026,1624.3,1651.3,1618.1,1630.0,1623.3,94450,1547.27,16936,44465.0,47.08
AFCONS, 18-Sep-2026,264.0,264.4,255.8,263.4,267.3,3352350,8733.06,51037,1055025.0,31.47
AFFLE, 18-Sep-2026,1545.6,1623.5,1535.0,1603.5,1545.6,434146,6888.04,28087,270937.0,62.41
AFFORDABLE, 18-Sep-2026,164.0,175.0,162.93,172.31,167.31,29285,49.66,748,21774.0,74.35
AFIL, 18-Sep-2026,8.96,8.96,8.34,8.61,8.37,302606,25.72,446,206700.0,68.31
AFSL, 18-Sep-2026,202.45,202.45,201.0,201.0,201.0,7974,16.03,50,6727.0,84.36
AGARIND, 18-Sep-2026,407.8,417.9,405.6,412.65,407.75,17291,70.77,1148,9369.0,54.18
AGARWALEYE, 18-Sep-2026,500.25,503.0,495.2,500.45,500.15,105331,525.54,9809,60094.0,57.05
AGARWALFT, 18-Sep-2026,25.4,26.0,25.4,26.0,26.7,18000,4.67,2,18000.0,100.0
AGARWALTUF, 18-Sep-2026,158.0,162.0,155.25,159.45,159.7,164400,262.86,78,96000.0,58.39
AGI, 18-Sep-2026,740.0,756.0,723.0,745.05,733.75,155939,1150.38,7688,63070.0,40.45
AGIIL, 18-Sep-2026,266.15,274.0,266.0,270.45,266.15,660624,1785.37,6964,270957.0,41.02
AGL, 18-Sep-2026,13.94,14.11,13.56,13.8,13.88,1221013,168.34,2944,594947.0,48.73
AGNI, 18-Sep-2026,15.5,15.5,15.25,15.3,15.5,7500,1.15,3,7500.0,100.0
AGRITECH, 18-Sep-2026,97.8,99.48,97.55,98.33,96.42,1770,1.74,60,1515.0,85.59
AGROPHOS, 18-Sep-2026,24.38,24.38,22.51,23.64,23.44,5479,1.29,143,4185.0,76.38
AHCL, 18-Sep-2026,22.68,24.78,22.11,22.9,21.84,145565213,34298.71,576160,15892901.0,10.92
AHLADA, 18-Sep-2026,38.9,39.64,37.2,37.33,39.33,8224,3.1,172,5838.0,70.99
AHLEAST, 18-Sep-2026,135.12,139.71,132.01,135.59,134.97,5283,7.05,52,4200.0,79.5
AHLUCONT, 18-Sep-2026,568.0,590.0,564.0,584.7,567.6,63766,366.48,4071,37148.0,58.26
AIAENG, 18-Sep-2026,3967.5,4039.8,3900.0,3973.3,3983.4,75514,2985.08,18044,40177.0,53.2
AIIL, 18-Sep-2026,531.95,562.0,527.5,559.0,527.2,762508,4213.93,25530,444779.0,58.33
AILIMITED, 18-Sep-2026,17.3,17.3,17.25,17.25,18.15,6000,1.04,2,6000.0,100.0
AIMTRON, 18-Sep-2026,1650.0,1675.0,1591.15,1662.25,1616.45,42000,681.42,193,29600.0,70.48
AIRAN, 18-Sep-2026,16.59,16.9,16.2,16.69,16.7,56051,9.3,512,37931.0,67.67
AIROLAM, 18-Sep-2026,89.8,92.0,85.5,89.0,86.15,12571,11.25,115,10475.0,83.33
AISL, 18-Sep-2026,54.1,55.0,54.1,55.0,54.1,1800,0.98,2,1800.0,100.0
AJANTPHARM, 18-Sep-2026,3535.0,3630.0,3531.5,3563.6,3500.5,201322,7197.82,37503,120230.0,59.72
AJAXENGG, 18-Sep-2026,563.0,570.2,554.0,559.75,566.6,86718,487.16,10311,61864.0,71.34
AJMERA, 18-Sep-2026,114.37,116.9,112.73,115.6,113.8,307767,353.12,3728,166001.0,53.94
AJOONI, 18-Sep-2026,3.24,3.39,3.24,3.28,3.27,714622,23.68,638,502383.0,70.3
AKANKSHA, 18-Sep-2026,138.9,139.65,133.05,139.65,133.0,75000,103.82,71,60000.0,80.0
AKASH, 18-Sep-2026,24.7,24.72,24.27,24.29,24.26,2440,0.6,28,1787.0,73.24
AKCAPIT, 18-Sep-2026,1731.4,1755.0,1701.3,1746.4,1748.4,1185,20.59,185,958.0,80.84
AKG, 18-Sep-2026,10.48,10.68,10.02,10.37,10.32,8242,0.85,66,7651.0,92.83
AKIKO, 18-Sep-2026,410.0,420.45,409.1,416.1,421.05,16000,66.2,19,11200.0,70.0
AKSHAR, 18-Sep-2026,0.42,0.42,0.41,0.41,0.41,990838,4.13,202,783461.0,79.07
AKUMS, 18-Sep-2026,767.1,790.0,767.1,783.7,766.7,330477,2573.85,24523,203792.0,61.67
ALANKIT, 18-Sep-2026,7.95,7.95,7.6,7.74,7.67,109982,8.52,391,83986.0,76.36
ALBERTDAVD, 18-Sep-2026,835.15,841.45,831.0,833.6,838.45,1809,15.1,148,1238.0,68.44
ALCODIS, 18-Sep-2026,66.3,66.3,62.6,65.0,66.9,4375,2.82,7,3750.0,85.71
ALEMBICLTD, 18-Sep-2026,102.1,106.0,102.1,102.63,102.72,829029,857.92,7966,488620.0,58.94
ALFREDHE, 18-Sep-2026,2830.0,2830.0,2815.0,2830.0,2820.0,52,1.47,11,52.0,100.0
ALGOQUANT, 18-Sep-2026,70.84,76.2,70.13,72.27,70.13,3786684,2774.55,20834,847958.0,22.39
ALICON, 18-Sep-2026,710.0,735.0,687.4,729.35,695.15,33801,241.47,2636,17187.0,50.85
ALIVUS, 18-Sep-2026,1395.1,1443.0,1387.0,1430.8,1387.8,304330,4331.73,22186,195156.0,64.13
ALKALI, 18-Sep-2026,73.06,87.66,72.05,87.66,73.05,133798,112.65,2217,56778.0,42.44
ALKEM, 18-Sep-2026,5378.5,5466.5,5310.5,5466.5,5348.5,320770,17211.65,21119,244775.0,76.31
ALKYLAMINE, 18-Sep-2026,1846.5,1878.0,1838.9,1863.0,1843.8,55371,1029.31,6365,33269.0,60.08
ALLCARGO, 18-Sep-2026,11.0,11.32,10.84,11.11,11.03,7521321,831.12,8263,3023928.0,40.2
ALLDIGI, 18-Sep-2026,788.5,805.65,767.5,776.3,784.55,12122,94.31,802,8644.0,71.31
ALLETEC, 18-Sep-2026,122.25,124.9,121.9,124.05,125.55,18800,23.12,40,14800.0,78.72
ALLTIME, 18-Sep-2026,207.94,218.0,207.0,208.4,208.01,65171,136.94,2019,31075.0,47.68
ALMONDZ, 18-Sep-2026,19.24,19.24,17.92,18.52,18.41,264761,49.07,837,167615.0,63.31
ALOKINDS, 18-Sep-2026,7.05,7.15,6.98,7.05,7.05,21523794,1521.75,13334,10337255.0,48.03
ALPA, 18-Sep-2026,60.85,60.85,58.51,59.35,59.64,17399,10.31,211,15424.0,88.65
ALPEXSOLAR, 18-Sep-2026,912.0,921.0,904.0,916.65,911.6,32500,297.28,224,23700.0,72.92
ALPHA, 18-Sep-2026,54.18,54.18,52.86,53.72,52.86,2753171,1475.55,3802,2275356.0,82.64
ALPHAETF, 18-Sep-2026,26.2,26.46,26.16,26.33,26.02,696150,183.29,603,635878.0,91.34
ALPINETEX, 18-Sep-2026,52.05,54.0,52.05,52.66,52.9,133099,70.53,2003,70508.0,52.97
ALPL30IETF, 18-Sep-2026,27.01,27.19,26.98,27.04,27.01,241054,65.23,724,95929.0,39.8
ALUFLUOR, 18-Sep-2026,494.85,542.5,494.85,537.15,492.2,28768,152.15,1472,19559.0,67.99
ALUWIND, 18-Sep-2026,49.95,51.05,49.5,49.85,49.2,16500,8.31,11,13500.0,81.82
AMAGI, 18-Sep-2026,574.35,575.45,559.2,569.5,574.35,232661,1319.42,9301,113533.0,48.8
AMAL, 18-Sep-2026,735.0,749.0,707.0,722.4,723.0,25482,183.88,1278,18079.0,70.95
AMARJOTHI, 18-Sep-2026,148.95,149.95,146.0,147.07,148.88,1260,1.84,38,1106.0,87.78
AMBAAUTO, 18-Sep-2026,98.0,98.0,96.0,96.0,98.35,3000,2.91,3,3000.0,100.0
AMBER, 18-Sep-2026,7080.5,7164.5,7075.0,7125.0,7046.0,75972,5416.18,14601,30421.0,40.04
AMBICAAGAR, 18-Sep-2026,25.14,25.62,24.7,24.89,25.14,5850,1.46,58,4237.0,72.43
AMBIKCO, 18-Sep-2026,1585.0,1609.0,1570.0,1602.0,1568.8,8106,129.16,1421,5266.0,64.96
AMBUJACEM, 18-Sep-2026,384.55,396.0,383.9,388.3,383.25,2583375,10080.08,29542,1292295.0,50.02
AMCL, 18-Sep-2026,395.0,443.0,380.0,384.4,380.0,36000,142.5,79,28400.0,78.89
AMEYA, 18-Sep-2026,135.8,142.55,135.8,142.55,135.8,20000,28.04,17,19000.0,95.0
AMJLAND, 18-Sep-2026,36.44,37.69,36.3,37.18,36.48,691,0.26,47,449.0,64.98
AMNPLST, 18-Sep-2026,164.95,190.0,164.95,171.51,163.0,9478,16.56,643,4303.0,45.4
AMRUTANJAN, 18-Sep-2026,490.25,497.0,489.35,493.8,491.0,19221,94.82,1254,10127.0,52.69
ANANDRATHI, 18-Sep-2026,2201.1,2268.4,2201.1,2229.4,2207.4,880377,19693.31,65784,483335.0,54.9
ANANTAM, 18-Sep-2026,107.5,107.5,106.07,106.44,106.49,24430,26.02,58,23895.0,97.81
ANANTRAJ, 18-Sep-2026,595.0,607.5,595.0,606.15,596.9,1464027,8819.61,23819,470351.0,32.13
ANAWIL, 18-Sep-2026,430.0,450.0,430.0,445.4,430.4,158800,705.47,328,116400.0,73.3
ANDHRAPAP, 18-Sep-2026,71.6,74.99,71.38,74.62,71.88,950746,701.29,10316,354227.0,37.26
ANDHRSUGAR, 18-Sep-2026,93.59,94.53,91.75,94.1,93.59,257513,239.51,9304,106593.0,41.39
ANDREWYU, 18-Sep-2026,25.98,26.66,25.75,26.27,26.08,49555,13.04,410,38816.0,78.33
ANGELONE, 18-Sep-2026,295.0,301.75,295.0,299.1,295.0,3531096,10580.91,31620,1453492.0,41.16
ANIKINDS, 18-Sep-2026,42.25,44.98,42.25,44.59,44.1,6672,2.96,54,6160.0,92.33
ANLON, 18-Sep-2026,717.0,763.9,714.0,742.2,696.9,21600,160.25,50,18000.0,83.33
ANNAPURNA, 18-Sep-2026,137.65,138.06,130.0,132.55,136.08,45381,60.28,1062,28244.0,62.24
ANNU, 18-Sep-2026,49.05,52.4,49.05,50.46,49.28,1339255,682.91,11172,452460.0,33.78
ANONDITA, 18-Sep-2026,1125.0,1125.05,1082.0,1090.55,1124.0,82200,913.33,274,60000.0,72.99
ANSALBU, 18-Sep-2026,82.99,82.99,78.0,78.97,83.0,110,0.09,5,95.0,86.36
ANTELOPUS, 18-Sep-2026,1131.55,1142.15,1090.25,1104.85,1130.85,555265,6143.62,26445,98189.0,17.68
ANTGRAPHIC, 18-Sep-2026,0.72,0.74,0.7,0.71,0.71,304156,2.17,184,228205.0,75.03
ANTHEM, 18-Sep-2026,934.0,952.9,916.55,928.5,927.4,5490000,50985.65,75546,3815599.0,69.5
ANUHPHR, 18-Sep-2026,94.14,95.07,92.0,93.48,93.68,95805,89.38,2405,52837.0,55.15
ANUP, 18-Sep-2026,1646.6,1683.0,1613.7,1638.3,1646.6,35387,583.92,3993,21308.0,60.21
ANURAS, 18-Sep-2026,1179.1,1219.0,1179.1,1207.7,1181.3,465185,5597.73,14336,235302.0,50.58
ANYA, 18-Sep-2026,15.0,18.3,15.0,17.85,15.25,155000,25.8,27,140000.0,90.32
AONEGOLD, 18-Sep-2026,14.28,14.33,14.15,14.3,14.04,691851,98.85,1765,431324.0,62.34
AONELIQUID, 18-Sep-2026,1077.55,1077.59,1077.55,1077.58,1077.17,55374,596.7,73,49580.0,89.54
AONENIFTY, 18-Sep-2026,9.38,9.82,9.38,9.65,9.63,163521,15.77,1002,101954.0,62.35
AONESILVER, 18-Sep-2026,8.95,8.99,8.79,8.96,8.66,807684,71.82,1222,517234.0,64.04
AONETMMQ50, 18-Sep-2026,9.92,10.24,9.92,10.19,10.12,109369,11.14,264,90966.0,83.17
AONETOTAL, 18-Sep-2026,11.39,11.83,11.39,11.68,11.62,71974,8.39,823,50863.0,70.67
APARINDS, 18-Sep-2026,17800.0,19080.0,17745.0,18858.0,17801.0,271798,50278.48,72422,119345.0,43.91
APCL, 18-Sep-2026,99.5,99.5,96.94,97.85,96.37,14530,14.28,112,12638.0,86.98
APCOTEXIND, 18-Sep-2026,598.4,612.85,596.1,604.85,599.4,77596,470.79,4293,40832.0,52.62
APEX, 18-Sep-2026,351.2,354.1,342.0,345.35,350.95,103075,356.47,4301,43012.0,41.73
APEXECO, 18-Sep-2026,257.0,262.5,252.5,262.5,250.0,17600,45.89,20,17600.0,100.0
APLAPOLLO, 18-Sep-2026,2154.9,2270.1,2146.3,2270.1,2148.5,1115754,24627.56,40097,720174.0,64.55
APLLTD, 18-Sep-2026,828.0,860.0,828.0,845.75,826.0,634938,5387.03,36030,277683.0,43.73
APOLLO, 18-Sep-2026,380.2,391.8,368.5,370.7,378.25,9146349,34683.87,91156,3142423.0,34.36
APOLLOHOSP, 18-Sep-2026,8800.0,8944.5,8798.0,8944.5,8768.5,344265,30500.91,32846,260438.0,75.65
APOLLOPIPE, 18-Sep-2026,525.05,549.5,522.35,543.6,525.85,313076,1672.67,7727,153362.0,48.99
APOLLOTYRE, 18-Sep-2026,414.75,418.75,407.9,409.3,412.15,2365364,9695.43,46689,1322825.0,55.92
APOLSINHOT, 18-Sep-2026,1212.1,1240.0,1211.0,1214.9,1211.1,374,4.55,46,273.0,72.99
APOORVA, 18-Sep-2026,31.2,31.2,29.0,31.05,29.75,1516,0.47,41,1385.0,91.36
APRAMEYA, 18-Sep-2026,113.95,113.95,113.95,113.95,113.45,500,0.57,1,500.0,100.0
APS, 18-Sep-2026,225.1,234.6,225.1,230.5,230.05,10250,23.75,34,7250.0,70.73
APSISAERO, 18-Sep-2026,564.85,564.85,564.85,564.85,576.35,13200,74.56,9,13200.0,100.0
APTUS, 18-Sep-2026,239.2,243.6,233.12,237.68,239.16,3101354,7349.41,38600,1964928.0,63.36
AQYLON, 18-Sep-2026,19.18,19.18,17.94,17.98,18.88,38267346,6880.49,2528,19975155.0,52.2
ARABIAN, 18-Sep-2026,85.0,89.5,85.0,85.5,82.0,6000,5.2,3,6000.0,100.0
ARCHIDPLY, 18-Sep-2026,102.24,105.5,102.21,104.8,101.48,14610,15.28,243,13140.0,89.94
ARCHIES, 18-Sep-2026,12.4,12.4,12.01,12.29,12.25,10999,1.35,138,8041.0,73.11
ARCIIL, 18-Sep-2026,34.95,36.75,34.5,34.5,34.95,8000,2.8,5,7000.0,87.5
ARCIL, 18-Sep-2026,135.55,138.7,124.5,136.37,137.02,6345147,8447.56,76369,2521140.0,39.73
ARCL, 18-Sep-2026,260.46,272.98,250.0,262.0,260.57,3408,8.77,70,2076.0,60.92
ARDEE, 18-Sep-2026,49.0,49.52,48.36,49.28,48.97,1819919,891.88,8273,690004.0,37.91
ARE&M, 18-Sep-2026,795.3,804.9,790.3,796.0,795.3,760908,6069.33,41968,438057.0,57.57
ARENTERP, 18-Sep-2026,35.3,35.3,33.02,33.02,34.2,287,0.1,24,242.0,84.32
ARFIN, 18-Sep-2026,87.91,94.23,87.88,89.62,87.88,2628465,2409.08,16915,932184.0,35.46
ARHAM, 18-Sep-2026,206.05,209.95,205.55,208.0,209.35,11000,22.79,11,7000.0,63.64
ARIHANT, 18-Sep-2026,900.0,947.4,900.0,936.35,896.7,2240,20.75,434,884.0,39.46
ARIHANTACA, 18-Sep-2026,500.0,500.0,500.0,500.0,500.0,3200,16.0,5,3200.0,100.0
ARIHANTCAP, 18-Sep-2026,80.71,81.99,79.31,80.29,81.21,109582,87.8,1386,57816.0,52.76
ARIHANTSUP, 18-Sep-2026,231.0,231.0,222.0,227.2,228.95,4595,10.36,113,3510.0,76.39
ARIS, 18-Sep-2026,129.6,136.5,129.1,133.33,127.27,3619098,4859.59,28219,1276876.0,35.28
ARKADE, 18-Sep-2026,117.0,122.0,117.0,118.85,117.22,162908,194.2,2479,55304.0,33.95
ARMANFIN, 18-Sep-2026,1939.7,1976.0,1938.9,1961.0,1956.4,11273,221.1,2414,5792.0,51.38
ARMOUR, 18-Sep-2026,16.2,16.2,15.8,15.85,16.6,16000,2.55,8,12000.0,75.0
AROGRANITE, 18-Sep-2026,23.22,23.69,23.15,23.15,23.1,673,0.16,18,662.0,98.37
ARROWGREEN, 18-Sep-2026,899.0,924.0,877.9,889.25,902.5,50512,454.93,3043,29447.0,58.3
ARSSBL, 18-Sep-2026,503.6,503.6,497.95,502.05,500.55,65352,327.38,2332,38645.0,59.13
ARTEMISMED, 18-Sep-2026,334.15,344.95,332.5,338.5,330.85,335686,1141.59,11217,145968.0,43.48
ARTNIRMAN, 18-Sep-2026,40.78,40.78,39.0,39.0,40.57,14,0.01,5,9.0,64.29
ARVEE, 18-Sep-2026,168.1,176.5,168.1,174.06,172.08,791,1.38,28,609.0,76.99
ARVIND, 18-Sep-2026,543.2,554.8,542.4,552.6,541.6,627060,3448.76,24969,304338.0,48.53
ARVINDFASN, 18-Sep-2026,429.0,433.35,422.0,428.1,425.05,132261,565.68,8713,62450.0,47.22
ARVINDPORT, 18-Sep-2026,37.8,37.8,36.4,37.0,39.6,12000,4.45,8,9000.0,75.0
ARVSMART, 18-Sep-2026,553.45,562.8,540.35,550.1,553.45,118593,653.41,3688,56252.0,47.43
ARYAMAN, 18-Sep-2026,634.0,634.0,625.0,629.25,610.0,138,0.87,78,138.0,100.0
ASAHIINDIA, 18-Sep-2026,950.7,968.0,950.7,961.05,950.7,98471,946.05,10504,45202.0,45.9
ASAL, 18-Sep-2026,446.8,452.5,444.6,449.7,445.85,7762,34.77,335,4616.0,59.47
ASALCBR, 18-Sep-2026,658.05,666.0,649.05,659.55,656.95,20148,132.0,2443,12149.0,60.3
ASHAPURMIN, 18-Sep-2026,522.0,527.25,517.0,525.35,517.6,170804,893.64,6928,74927.0,43.87
ASHIANA, 18-Sep-2026,351.0,366.7,350.0,354.75,351.45,53770,192.23,1228,36000.0,66.95
ASHIMASYN, 18-Sep-2026,16.25,16.4,15.4,15.65,16.12,194419,30.6,646,156308.0,80.4
ASHOKA, 18-Sep-2026,108.8,114.54,108.2,113.43,108.8,780308,873.75,7885,310827.0,39.83
ASHOKAMET, 18-Sep-2026,14.81,15.25,14.54,15.1,14.6,58651,8.79,400,34236.0,58.37
ASHOKLEY, 18-Sep-2026,159.1,163.12,158.51,163.0,158.62,17546400,28436.0,56501,12077095.0,68.83
ASHUTOSH, 18-Sep-2026,146.7,156.0,146.7,156.0,148.6,160800,249.07,120,150000.0,93.28
ASHWINI, 18-Sep-2026,167.5,168.0,162.0,163.6,167.5,7000,11.54,7,6000.0,85.71
ASIANENE, 18-Sep-2026,490.1,502.0,478.5,492.25,486.2,232493,1137.94,9260,102285.0,43.99
ASIANHOTNR, 18-Sep-2026,376.9,385.0,371.0,374.9,375.8,25728,96.72,434,22700.0,88.23
ASIANPAINT, 18-Sep-2026,2455.7,2474.0,2438.0,2451.3,2454.0,1000730,24549.84,50142,683121.0,68.26
ASIANTILES, 18-Sep-2026,49.97,51.29,49.21,50.65,49.97,2493341,1252.87,7043,1130035.0,45.32
ASIANTNE, 18-Sep-2026,9.53,9.78,9.2,9.28,9.34,8933,0.83,52,8149.0,91.22
ASKAUTOLTD, 18-Sep-2026,620.0,659.8,620.0,656.25,618.9,515555,3335.98,26418,219318.0,42.54
ASPINWALL, 18-Sep-2026,253.5,255.0,250.1,251.55,255.0,636,1.6,29,513.0,80.66
ASPIRE, 18-Sep-2026,12.45,12.45,12.45,12.45,12.45,2000,0.25,1,2000.0,100.0
ASSAMENT, 18-Sep-2026,780.0,780.0,780.0,780.0,780.0,1,0.01,1,1.0,100.0
ASTAR, 18-Sep-2026,807.3,807.35,760.35,807.35,672.8,13851,111.26,699,3632.0,26.22
ASTEC, 18-Sep-2026,760.0,767.6,717.45,726.7,755.15,101375,740.85,5696,24172.0,23.84
ASTERDM, 18-Sep-2026,761.1,769.6,747.0,755.05,760.65,1616337,12228.71,29348,1001132.0,61.94
ASTRAL, 18-Sep-2026,1400.0,1427.7,1397.5,1427.7,1398.9,1389183,19608.53,46516,910419.0,65.54
ASTRAMICRO, 18-Sep-2026,1611.0,1650.6,1611.0,1631.2,1607.8,199551,3246.9,17381,104900.0,52.57
ASTRAZEN, 18-Sep-2026,6678.0,6769.0,6678.0,6751.5,6669.0,4635,312.28,1152,2808.0,60.58
ATALREAL, 18-Sep-2026,14.29,16.02,14.29,14.36,15.87,18623657,2770.12,25139,3568448.0,19.16
ATAM, 18-Sep-2026,60.0,60.0,56.2,57.58,59.29,15055,8.69,366,10695.0,71.04
ATCENERGY, 18-Sep-2026,20.75,21.5,20.65,21.5,21.0,8400,1.77,5,8400.0,100.0
ATGL, 18-Sep-2026,587.4,674.8,587.4,660.7,587.0,39305845,256512.52,586365,2190454.0,5.57
ATHERENERG, 18-Sep-2026,1550.0,1640.0,1548.1,1640.0,1550.0,5010015,80301.8,101482,2198996.0,43.89
ATL, 18-Sep-2026,24.21,24.81,24.2,24.24,24.5,95340,23.31,812,56185.0,58.93
ATLANTAA, 18-Sep-2026,36.21,37.6,35.4,36.04,36.21,24208,8.75,846,19626.0,81.07
ATLANTAELE, 18-Sep-2026,1641.8,1699.9,1637.9,1666.1,1633.3,104958,1749.87,12187,49446.0,47.11
ATLASCYCLE, 18-Sep-2026,89.05,89.14,87.6,88.19,89.76,16554,14.62,1075,12364.0,74.69
ATLPP, 18-Sep-2026,8.91,9.45,8.8,9.06,8.95,1412,0.13,18,1400.0,99.15
ATMASTCO, 18-Sep-2026,130.0,131.9,128.0,128.35,128.5,7600,9.89,15,7600.0,100.0
ATUL, 18-Sep-2026,6133.5,6201.0,6110.5,6170.5,6133.5,21266,1310.22,4263,12884.0,60.58
ATULAUTO, 18-Sep-2026,441.65,453.0,441.65,446.45,441.4,52416,233.86,2887,19571.0,37.34
AUBANK, 18-Sep-2026,1040.5,1058.6,1033.3,1058.6,1039.3,1251837,13068.93,28229,811439.0,64.82
AUGMONT, 18-Sep-2026,815.0,884.0,813.0,874.35,811.1,898791,7716.56,33798,297171.0,33.06
AURIONPRO, 18-Sep-2026,702.0,704.4,680.7,685.6,705.0,183275,1262.93,9511,99283.0,54.17
AUROIMPEX, 18-Sep-2026,33.75,33.75,33.75,33.75,32.15,8000,2.7,5,8000.0,100.0
AUROPHARMA, 18-Sep-2026,1683.2,1734.0,1676.1,1734.0,1690.0,1209478,20530.86,30644,678997.0,56.14
AURUM, 18-Sep-2026,222.5,222.5,218.47,219.78,221.11,149650,329.12,1180,128769.0,86.05
AURUS, 18-Sep-2026,4.72,4.96,4.72,4.87,4.72,15310,0.75,70,11256.0,73.52
AUSL, 18-Sep-2026,23.05,23.05,22.2,22.2,23.05,4000,0.91,2,4000.0,100.0
AUSOMENT, 18-Sep-2026,148.11,154.0,146.95,152.15,149.23,9808,14.82,161,5954.0,60.71
AUSTENG, 18-Sep-2026,130.0,137.0,130.0,131.41,127.71,2596,3.43,105,1463.0,56.36
AUTOAXLES, 18-Sep-2026,1687.3,1712.9,1661.4,1701.2,1679.4,4894,82.94,515,2292.0,46.83
AUTOBEES, 18-Sep-2026,282.41,283.66,281.55,282.71,282.4,85935,242.68,1665,40128.0,46.7
AUTOIETF, 18-Sep-2026,28.3,28.4,28.22,28.35,28.3,993774,281.33,1483,591642.0,59.53
AUTOIND, 18-Sep-2026,79.4,79.41,77.37,78.34,78.1,88494,69.36,1090,58747.0,66.39
AVADHSUGAR, 18-Sep-2026,721.0,739.6,708.0,730.45,721.0,74170,535.23,3919,31599.0,42.6
AVALON, 18-Sep-2026,2236.2,2618.0,2218.3,2537.7,2230.0,4310981,106718.11,245026,1369122.0,31.76
AVANA, 18-Sep-2026,140.0,140.0,139.0,140.0,137.0,10000,13.98,5,10000.0,100.0
AVANCE, 18-Sep-2026,0.78,0.83,0.77,0.8,0.78,2535570,20.32,1469,1533767.0,60.49
AVANTEL, 18-Sep-2026,146.37,148.53,146.3,147.23,146.37,619077,911.93,8865,251485.0,40.62
AVANTIFEED, 18-Sep-2026,772.0,778.35,754.0,774.45,770.85,318512,2443.46,21382,143395.0,45.02
AVATAR, 18-Sep-2026,207.55,229.35,207.55,208.15,218.45,26000,54.87,13,24000.0,92.31
AVIANSH, 18-Sep-2026,103.0,103.0,103.0,103.0,102.5,1000,1.03,1,1000.0,100.0
AVIENCE, 18-Sep-2026,334.0,343.0,331.5,342.4,334.8,13800,46.68,21,8400.0,60.87
AVL, 18-Sep-2026,638.0,642.0,630.6,636.95,633.25,147990,942.02,9352,65121.0,44.0
AVONMORE, 18-Sep-2026,12.2,12.5,12.09,12.46,12.02,98361,12.1,1100,45032.0,45.78
AVPINFRA, 18-Sep-2026,60.0,60.0,57.25,57.5,57.8,13600,7.88,15,12800.0,94.12
AVROIND, 18-Sep-2026,7.9,8.1,7.66,7.94,7.84,153863,12.12,519,112636.0,73.21
AVTNPL, 18-Sep-2026,85.5,86.78,85.5,85.7,85.45,59925,51.52,927,34195.0,57.06
AWFIS, 18-Sep-2026,264.7,279.0,263.5,275.75,264.7,539359,1462.73,11735,246254.0,45.66
AWHCL, 18-Sep-2026,385.0,385.3,362.3,364.9,379.6,403982,1494.95,17820,91625.0,22.68
AWL, 18-Sep-2026,184.04,187.55,183.49,186.98,184.04,2593357,4831.76,23194,1552856.0,59.88
AXISBANK, 18-Sep-2026,1244.0,1257.0,1240.5,1257.0,1240.0,5693016,71135.14,106154,4627220.0,81.28
AXISCADES, 18-Sep-2026,1872.0,1879.0,1785.7,1811.2,1852.3,286095,5256.51,21747,126312.0,44.15
AXITA, 18-Sep-2026,8.02,8.02,7.96,7.99,7.99,327258,26.17,569,154753.0,47.29
AXTEL, 18-Sep-2026,444.25,444.25,431.5,440.05,443.65,7910,34.81,190,6831.0,86.36
AYE, 18-Sep-2026,181.64,188.52,180.0,185.72,180.98,854592,1585.87,19876,392060.0,45.88
AYMSYNTEX, 18-Sep-2026,280.05,286.8,278.4,283.15,281.95,33688,94.91,1233,21116.0,62.68
AZAD, 18-Sep-2026,2605.3,2816.0,2605.3,2790.3,2605.3,700873,19246.49,51866,283096.0,40.39
AZADIND, 18-Sep-2026,85.04,88.49,80.34,82.18,85.07,36707,31.19,708,5870.0,15.99
BABAFP, 18-Sep-2026,22.75,23.1,22.75,23.1,23.95,3200,0.73,2,3200.0,100.0
BAGFILMS, 18-Sep-2026,4.4,4.56,4.3,4.35,4.32,58850,2.58,129,30409.0,51.67
BAGMANE, 18-Sep-2026,110.29,110.69,106.98,107.49,109.89,5292708,5712.28,21568,3587052.0,67.77
BAHETI, 18-Sep-2026,750.0,783.0,750.0,776.1,743.8,22500,171.39,47,15000.0,66.67
BAIDFIN, 18-Sep-2026,10.69,11.43,10.45,10.89,10.55,238710,26.35,823,85580.0,35.85
BAJAJ-AUTO, 18-Sep-2026,11501.0,11540.0,11406.0,11414.0,11500.0,296757,33970.66,32564,221542.0,74.65
BAJAJCON, 18-Sep-2026,500.0,524.95,495.45,512.15,502.45,942030,4845.94,27335,437867.0,46.48
BAJAJELEC, 18-Sep-2026,323.3,329.25,321.0,323.05,325.3,113896,368.31,3841,60007.0,52.69
BAJAJFINSV, 18-Sep-2026,1857.2,1872.6,1852.5,1852.5,1859.2,719520,13380.28,33704,504220.0,70.08
BAJAJHCARE, 18-Sep-2026,329.0,332.65,326.5,330.55,328.35,42148,138.77,1700,24008.0,56.96
BAJAJHFL, 18-Sep-2026,82.83,86.45,82.71,85.58,82.7,5168608,4375.13,28378,2891361.0,55.94
BAJAJHIND, 18-Sep-2026,19.38,19.8,19.01,19.53,19.38,14869475,2864.32,15961,3276702.0,22.04
BAJAJHLDNG, 18-Sep-2026,11094.0,11363.0,11070.0,11282.0,11010.0,56100,6312.49,12744,35406.0,63.11
BAJAJINDEF, 18-Sep-2026,220.24,221.59,214.6,214.94,221.0,29344,63.31,795,22459.0,76.54
BAJAJST, 18-Sep-2026,358.65,358.8,348.8,352.2,353.45,4283,15.09,393,2539.0,59.28
BAJEL, 18-Sep-2026,173.0,175.89,170.1,171.91,173.08,153833,265.9,2157,93763.0,60.95
BAJFINANCE, 18-Sep-2026,1025.9,1040.3,1019.1,1040.3,1015.0,8201656,84514.81,121018,6226077.0,75.91
BALAJEE, 18-Sep-2026,25.01,25.5,24.82,25.31,25.03,22788,5.73,245,16593.0,72.81
BALAJIPHOS, 18-Sep-2026,116.95,116.95,116.95,116.95,116.95,1000,1.17,1,1000.0,100.0
BALAJITELE, 18-Sep-2026,95.33,96.99,93.6,95.25,95.97,146529,140.0,1908,64560.0,44.06
BALAMINES, 18-Sep-2026,2155.0,2196.8,2142.1,2171.5,2148.9,97030,2109.56,10157,33427.0,34.45
BALAXI, 18-Sep-2026,22.7,23.6,22.7,23.55,23.04,17900,4.2,130,14501.0,81.01
BALKRISHNA, 18-Sep-2026,16.66,16.93,16.31,16.43,16.66,8085,1.33,85,4388.0,54.27
BALKRISIND, 18-Sep-2026,2170.7,2296.0,2166.0,2265.3,2170.8,616772,13860.28,53578,392708.0,63.67
BALMLAWRIE, 18-Sep-2026,163.5,169.0,162.84,167.41,162.47,149297,246.92,1842,102566.0,68.7
BALPHARMA, 18-Sep-2026,102.88,103.94,100.1,100.67,102.46,24581,24.96,444,16083.0,65.43
BALRAMCHIN, 18-Sep-2026,676.6,679.9,662.0,672.6,675.7,1086980,7281.64,24381,324375.0,29.84
BALUFORGE, 18-Sep-2026,504.0,525.8,504.0,522.15,501.6,1043655,5410.52,27152,505121.0,48.4
BANARBEADS, 18-Sep-2026,110.85,114.2,110.85,113.05,110.54,790,0.89,51,330.0,41.77
BANARISUG, 18-Sep-2026,3290.9,3329.4,3290.9,3316.7,3302.8,629,20.86,127,515.0,81.88
BANCOINDIA, 18-Sep-2026,596.0,608.65,596.0,604.0,593.05,92889,561.03,5902,52347.0,56.35
BANDHANBNK, 18-Sep-2026,173.0,178.3,172.5,175.0,171.5,20360613,35948.78,69527,12181525.0,59.83
BANG, 18-Sep-2026,33.85,34.85,33.26,33.5,33.19,35579,12.05,236,13485.0,37.9
BANK10ADD, 18-Sep-2026,16.54,16.66,16.52,16.62,16.52,3296,0.55,69,1773.0,53.79
BANK10BETF, 18-Sep-2026,20.22,20.52,20.22,20.47,20.27,6250,1.28,19,5199.0,83.18
BANKA, 18-Sep-2026,77.2,81.0,75.6,79.96,77.2,1630,1.26,28,1425.0,87.42
BANKADD, 18-Sep-2026,57.53,57.88,57.42,57.63,57.45,10688,6.15,51,8884.0,83.12
BANKBARODA, 18-Sep-2026,233.56,234.94,231.92,234.94,232.3,7110561,16604.69,37155,4640856.0,65.27
BANKBEES, 18-Sep-2026,583.0,584.89,581.78,583.58,581.64,369452,2154.6,4904,248974.0,67.39
BANKBETA, 18-Sep-2026,58.17,58.46,58.08,58.37,58.07,39047,22.77,262,26831.0,68.71
BANKBETF, 18-Sep-2026,55.96,57.5,55.96,57.3,57.1,6890,3.94,218,3581.0,51.97
BANKETF, 18-Sep-2026,571.2,576.4,571.2,574.99,572.55,12315,70.71,1271,4220.0,34.27
BANKIETF, 18-Sep-2026,58.0,58.03,57.68,57.9,57.8,95206,55.11,952,55235.0,58.02
BANKINDIA, 18-Sep-2026,138.78,140.0,138.02,140.0,138.17,4269930,5942.98,22262,2634281.0,61.69
BANKNIFTY1, 18-Sep-2026,58.29,58.64,58.29,58.54,58.29,106721,62.44,556,66385.0,62.2
BANKPSU, 18-Sep-2026,83.49,83.96,83.35,83.89,83.41,13954,11.67,64,6471.0,46.37
BANSALWIRE, 18-Sep-2026,310.4,320.0,306.3,310.6,313.25,81678,255.3,3678,38533.0,47.18
BANSWRAS, 18-Sep-2026,111.95,112.1,105.99,108.49,110.32,57722,62.54,1165,31884.0,55.24
BARFLEX, 18-Sep-2026,60.9,62.0,60.0,62.0,59.85,12000,7.3,6,8000.0,66.67
BASF, 18-Sep-2026,3617.0,3641.6,3566.5,3605.7,3601.6,35931,1291.82,4647,17045.0,47.44
BASILIC, 18-Sep-2026,179.0,188.0,173.65,178.1,179.35,14100,25.41,33,12000.0,85.11
BATAINDIA, 18-Sep-2026,639.95,656.0,624.9,638.3,636.65,1089830,6934.73,25782,501482.0,46.01
BATLIBOI, 18-Sep-2026,81.8,81.89,78.11,81.09,78.73,54989,43.81,1797,25187.0,45.8
BAWEJA, 18-Sep-2026,23.5,23.95,22.0,22.1,23.0,11200,2.53,14,9600.0,85.71
BAYERCROP, 18-Sep-2026,3891.0,3899.1,3761.1,3779.5,3893.4,87483,3339.11,14367,60642.0,69.32
BBETF0432, 18-Sep-2026,1340.79,1343.44,1335.89,1337.8,1340.89,437,5.85,42,291.0,66.59
BBL, 18-Sep-2026,2180.3,2219.0,2180.3,2207.9,2203.4,15471,340.54,3285,8582.0,55.47
BBNPNBETF, 18-Sep-2026,55.49,57.02,55.49,56.75,56.62,372,0.21,21,283.0,76.08
BBNPPGOLD, 18-Sep-2026,148.7,148.7,145.0,147.95,145.45,5669,8.32,56,5134.0,90.56
BBOX, 18-Sep-2026,770.0,804.0,764.55,801.15,766.4,640804,5076.72,31981,222205.0,34.68
BBTC, 18-Sep-2026,1409.7,1534.2,1409.7,1512.1,1399.4,2468226,36871.38,127160,104016.0,4.21
BBTCL, 18-Sep-2026,235.89,235.89,227.0,230.53,230.63,509,1.18,33,495.0,97.25
BCG, 18-Sep-2026,9.9,10.39,9.87,10.26,9.86,9727064,984.92,6564,4304466.0,44.25
BCLIND, 18-Sep-2026,33.12,33.39,32.63,33.06,33.17,347328,114.57,2459,188601.0,54.3
BCONCEPTS, 18-Sep-2026,157.01,157.03,150.3,153.1,154.23,5600,8.53,331,4172.0,74.5
BCPL, 18-Sep-2026,68.95,68.95,65.81,66.92,67.63,10426,6.94,344,8514.0,81.66
BDL, 18-Sep-2026,1151.9,1196.6,1151.0,1196.6,1151.9,741593,8686.69,25146,263144.0,35.48
BEACON, 18-Sep-2026,78.0,81.0,78.0,81.0,78.0,4000,3.15,4,4000.0,100.0
BEARDSELL, 18-Sep-2026,24.95,24.95,23.56,23.87,24.23,11453,2.77,277,10132.0,88.47
BECTORFOOD, 18-Sep-2026,222.55,224.5,217.34,221.55,220.81,1369086,3019.04,26747,575938.0,42.07
BEDMUTHA, 18-Sep-2026,104.98,106.0,102.5,104.74,104.98,2278,2.4,31,2067.0,90.74
BEEKAY, 18-Sep-2026,421.25,439.35,420.3,430.05,426.55,1478,6.34,101,1342.0,90.8
BEL, 18-Sep-2026,397.4,399.2,393.3,393.3,395.45,11862641,47077.23,99011,6761334.0,57.0
BELLACASA, 18-Sep-2026,259.0,263.23,250.35,262.53,255.25,9510,24.55,738,4003.0,42.09
BELRISE, 18-Sep-2026,230.15,242.89,229.62,240.18,229.37,10829670,25810.27,71874,6525639.0,60.26
BEML, 18-Sep-2026,2030.4,2155.0,2030.4,2135.0,2013.3,1380251,28948.57,89759,348655.0,25.26
BENARAS, 18-Sep-2026,10612.0,10700.0,10551.0,10588.0,10800.0,37,3.95,8,33.0,89.19
BENGALASM, 18-Sep-2026,6213.0,6241.5,6195.0,6199.5,6212.5,151,9.38,79,63.0,41.72
BEPL, 18-Sep-2026,127.56,130.3,126.62,128.95,127.47,834218,1072.51,6728,392360.0,47.03
BERGEPAINT, 18-Sep-2026,449.95,461.8,448.6,458.65,448.6,1220340,5574.35,41012,803285.0,65.82
BESTAGRO, 18-Sep-2026,18.61,18.7,18.25,18.51,18.42,285469,52.93,1548,172297.0,60.36
BETA, 18-Sep-2026,2095.2,2147.9,2025.0,2055.2,2095.0,14462,301.47,1961,8025.0,55.49
BEWLTD, 18-Sep-2026,49.0,50.5,49.0,49.15,48.6,56000,27.81,63,53500.0,95.54
BFINVEST, 18-Sep-2026,437.35,452.4,436.35,445.25,438.95,25663,114.25,1391,8196.0,31.94
BFSI, 18-Sep-2026,27.03,27.03,26.38,26.58,26.38,75368,19.99,503,42200.0,55.99
BFUTILITIE, 18-Sep-2026,523.95,564.75,523.95,542.0,521.05,206053,1125.1,8008,48316.0,23.45
BHADORA, 18-Sep-2026,115.0,123.55,115.0,122.9,117.7,19200,23.15,16,19200.0,100.0
BHAGCHEM, 18-Sep-2026,246.8,251.95,245.1,246.85,247.95,146748,365.33,1250,124540.0,84.87
BHAGYANGR, 18-Sep-2026,465.0,467.9,438.0,446.7,446.5,329482,1493.29,11031,180117.0,54.67
BHANDARI, 18-Sep-2026,2.96,3.03,2.96,2.99,2.98,92258,2.75,241,83841.0,90.88
BHARATCOAL, 18-Sep-2026,32.24,32.95,32.2,32.69,32.14,3195446,1037.49,13133,1601454.0,50.12
BHARATFORG, 18-Sep-2026,1940.1,1994.9,1940.1,1962.1,1918.7,1602315,31682.74,59994,675949.0,42.19
BHARATRAS, 18-Sep-2026,1169.5,1182.1,1155.0,1168.8,1164.0,11371,133.21,1529,5681.0,49.96
BHARATSE, 18-Sep-2026,210.72,215.82,210.26,214.02,209.22,96601,206.03,4512,41471.0,42.93
BHARATWIRE, 18-Sep-2026,173.06,174.18,169.97,173.05,171.69,72882,125.39,1927,34937.0,47.94
BHARTIARTL, 18-Sep-2026,1843.0,1893.3,1835.3,1893.3,1836.0,14189780,265930.41,75788,12483302.0,87.97
BHARTIHEXA, 18-Sep-2026,1482.0,1558.9,1477.8,1540.1,1481.1,307475,4686.05,28580,208156.0,67.7
BHEL, 18-Sep-2026,428.4,439.9,427.25,439.9,429.2,7669374,33295.24,56329,3865871.0,50.41
BIGBLOC, 18-Sep-2026,39.8,40.92,39.8,40.4,39.45,25873,10.4,341,18994.0,73.41
BIKAJI, 18-Sep-2026,553.0,592.0,550.4,580.25,552.65,153843,884.38,7876,72103.0,46.87
BIKEWO, 18-Sep-2026,114.0,116.6,112.0,116.0,112.2,86000,98.66,40,76000.0,88.37
BIL, 18-Sep-2026,1044.4,1079.9,1012.3,1040.85,1023.45,9486,99.5,892,5026.0,52.98
BIMETAL, 18-Sep-2026,654.0,654.0,640.0,640.2,641.3,332,2.14,21,188.0,56.63
BIOCON, 18-Sep-2026,380.05,388.0,379.3,385.0,380.0,7901211,30385.98,26851,6325497.0,80.06
BIOFILCHEM, 18-Sep-2026,32.7,33.49,32.0,32.83,32.86,16681,5.47,473,9379.0,56.23
BIOPOL, 18-Sep-2026,46.9,46.9,45.5,45.75,46.9,10800,4.96,9,10800.0,100.0
BIRET, 18-Sep-2026,339.75,340.24,338.4,338.57,338.66,752548,2549.17,16120,531078.0,70.57
BIRLACABLE, 18-Sep-2026,414.85,418.8,390.0,409.5,401.65,573898,2345.22,15848,265221.0,46.21
BIRLACORPN, 18-Sep-2026,815.0,842.15,804.8,823.6,811.15,124135,1018.45,12615,49712.0,40.05
BIRLAMONEY, 18-Sep-2026,120.65,121.8,118.41,120.49,120.63,18286,22.0,708,10390.0,56.82
BIRLANU, 18-Sep-2026,1395.0,1400.0,1365.1,1380.1,1381.1,5947,81.93,831,3576.0,60.13
BLACKBUCK, 18-Sep-2026,616.0,645.0,609.0,632.4,611.5,1667349,10553.56,55103,778084.0,46.67
BLAL, 18-Sep-2026,162.47,164.99,160.01,162.99,162.37,20633,33.48,510,15205.0,73.69
BLBLIMITED, 18-Sep-2026,16.29,16.29,15.86,16.0,15.99,122807,19.67,281,79308.0,64.58
BLEL, 18-Sep-2026,437.9,444.3,434.2,440.4,436.1,370777,1624.36,7821,165507.0,44.64
BLIL, 18-Sep-2026,67.7,68.48,66.97,67.1,67.62,110370,74.47,1631,88170.0,79.89
BLKASHYAP, 18-Sep-2026,52.55,54.0,52.1,52.74,52.87,424616,225.44,2355,200678.0,47.26
BLS, 18-Sep-2026,227.89,230.8,226.0,226.5,227.74,748096,1702.74,12039,461072.0,61.63
BLSE, 18-Sep-2026,313.95,322.0,313.55,316.5,314.5,224022,710.37,4075,139188.0,62.13
BLUECLOUDS, 18-Sep-2026,19.65,19.65,19.25,19.34,19.57,493433,95.7,1896,278765.0,56.5
BLUECOAST, 18-Sep-2026,22.6,22.6,20.99,20.99,21.68,963,0.21,19,813.0,84.42
BLUEDART, 18-Sep-2026,4810.5,4851.0,4770.0,4821.0,4811.3,10165,489.58,3128,5390.0,53.03
BLUEJET, 18-Sep-2026,570.45,577.85,567.0,575.25,568.2,207881,1190.49,11766,117596.0,56.57
BLUEPEBBLE, 18-Sep-2026,80.0,80.0,80.0,80.0,78.9,400,0.32,1,400.0,100.0
BLUESTARCO, 18-Sep-2026,1551.2,1571.5,1531.8,1531.8,1553.0,798646,12420.78,47644,462754.0,57.94
BLUESTONE, 18-Sep-2026,838.7,863.0,821.0,827.5,831.2,1018859,8557.23,43281,248451.0,24.39
BLUEWATER, 18-Sep-2026,483.0,483.0,472.0,475.0,464.25,6000,28.65,6,6000.0,100.0
BLUSPRING, 18-Sep-2026,123.06,127.14,122.66,123.34,123.72,141114,174.44,1713,77985.0,55.26
BMETRICS, 18-Sep-2026,32.85,34.0,32.85,34.0,32.85,1600,0.53,2,800.0,50.0
BMLL, 18-Sep-2026,155.5,157.0,155.5,157.0,152.05,20000,31.26,4,20000.0,100.0
BMWVENTLTD, 18-Sep-2026,50.77,53.4,50.32,51.9,50.22,185490,95.93,1698,103124.0,55.6
BNAGROCHEM, 18-Sep-2026,207.0,207.0,200.0,207.0,207.86,944,1.94,23,841.0,89.09
BNKETFAXIS, 18-Sep-2026,580.87,582.38,578.96,581.87,580.22,772,4.48,25,245.0,31.74
BODALCHEM, 18-Sep-2026,184.99,191.23,184.05,191.23,182.13,1686113,3198.1,9499,774419.0,45.93
BOHRAIND, 18-Sep-2026,13.0,13.88,12.41,12.71,13.34,36792,4.69,47,24555.0,66.74
BOMDYEING, 18-Sep-2026,108.0,112.9,108.0,111.3,107.55,1069497,1185.05,10633,322314.0,30.14
BONLON, 18-Sep-2026,37.82,39.85,37.82,39.13,37.07,2577,1.01,86,1984.0,76.99
BORANA, 18-Sep-2026,298.15,304.0,296.0,297.1,299.5,25153,75.2,758,16255.0,64.62
BOROLTD, 18-Sep-2026,256.25,263.1,252.6,259.21,253.4,133921,344.25,2717,76287.0,56.96
BORORENEW, 18-Sep-2026,455.0,461.4,447.95,459.5,449.35,460974,2095.76,16901,216637.0,47.0
BOROSCI, 18-Sep-2026,118.29,121.8,117.0,119.56,118.29,21927,26.1,799,13649.0,62.25
BOSCH-HCIL, 18-Sep-2026,1668.3,1705.0,1660.0,1694.0,1668.3,36229,613.48,3123,20042.0,55.32
BOSCHLTD, 18-Sep-2026,47850.0,48650.0,47000.0,47000.0,47735.0,27389,13088.19,11767,14282.0,52.15
BPCL, 18-Sep-2026,308.55,314.2,308.25,314.0,307.0,9439555,29485.03,59458,7022774.0,74.4
BPL, 18-Sep-2026,46.5,46.8,45.5,45.79,45.85,13947,6.39,379,8840.0,63.38
BPLPHARMA, 18-Sep-2026,1541.2,1564.0,1499.9,1509.7,1534.0,843,12.93,141,562.0,66.67
BRACEPORT, 18-Sep-2026,56.85,56.85,52.0,52.0,52.0,3200,1.74,2,3200.0,100.0
BRAHMINFRA, 18-Sep-2026,163.01,163.01,158.6,162.36,159.63,20632,33.29,250,19240.0,93.25
BRANDMAN, 18-Sep-2026,166.0,166.0,162.2,162.2,164.0,2400,3.95,3,1600.0,66.67
BRIGADE, 18-Sep-2026,621.0,629.3,616.25,621.7,620.9,666470,4154.47,19711,414315.0,62.17
BRIGHOTEL, 18-Sep-2026,56.52,56.59,56.15,56.23,56.52,35906,20.21,1437,23024.0,64.12
BRIGHTBR, 18-Sep-2026,240.05,254.15,240.0,248.45,245.0,836,2.06,32,756.0,90.43
BRITANNIA, 18-Sep-2026,4982.0,5026.5,4968.0,4998.0,4982.0,346885,17370.48,27865,260436.0,75.08
BRNL, 18-Sep-2026,16.41,16.75,16.03,16.25,16.41,29263,4.78,302,15755.0,53.84
BROOKS, 18-Sep-2026,61.24,63.89,61.02,61.53,61.23,38012,23.52,411,27350.0,71.95
BSE, 18-Sep-2026,3259.0,3296.0,3241.0,3266.4,3259.0,2075360,67634.24,85963,901434.0,43.44
BSE500IETF, 18-Sep-2026,38.4,38.84,38.26,38.76,38.45,58159,22.46,948,38138.0,65.58
BSHSL, 18-Sep-2026,89.25,93.0,86.2,87.87,88.25,3480,3.07,165,2018.0,57.99
BSL, 18-Sep-2026,116.8,119.49,116.8,118.26,117.32,3489,4.13,70,2606.0,74.69
BSLGOLDETF, 18-Sep-2026,134.3,134.8,133.48,134.53,132.57,327089,439.77,2733,215162.0,65.78
BSLNIFTY, 18-Sep-2026,27.38,28.62,27.36,27.46,27.38,690033,189.47,4143,507726.0,73.58
BSLSENETFG, 18-Sep-2026,75.96,75.96,74.88,75.15,75.21,4943,3.71,69,3412.0,69.03
BSOFT, 18-Sep-2026,285.0,285.05,278.45,280.4,283.8,1305483,3658.64,26401,646636.0,49.53
BTML, 18-Sep-2026,7.49,7.49,7.14,7.25,7.25,704020,52.0,490,576629.0,81.91
BUILDPRO, 18-Sep-2026,1254.9,1270.0,1198.5,1253.8,1244.9,123781,1521.4,5618,82818.0,66.91
BULKCORP, 18-Sep-2026,81.95,81.95,81.7,81.7,86.0,7200,5.89,6,7200.0,100.0
BUTTERFLY, 18-Sep-2026,577.9,589.0,566.75,585.8,578.85,26618,153.41,1348,14853.0,55.8
BVCL, 18-Sep-2026,40.69,41.3,40.5,40.76,40.89,7122,2.9,128,4930.0,69.22
C2C, 18-Sep-2026,212.75,212.75,199.0,204.2,210.65,85500,175.58,395,58350.0,68.25
CAMLINFINE, 18-Sep-2026,100.55,101.47,95.65,97.28,99.63,1375944,1348.42,9167,814653.0,59.21
CAMPUS, 18-Sep-2026,212.0,212.95,210.51,212.12,211.98,306540,650.16,9696,184551.0,60.2
CAMS, 18-Sep-2026,712.65,723.6,708.05,708.05,714.95,1128255,8068.57,39176,596435.0,52.86
CANARYS, 18-Sep-2026,24.0,26.1,24.0,24.9,23.75,288000,72.76,66,144000.0,50.0
CANBK, 18-Sep-2026,123.81,123.89,123.01,123.78,123.9,11489793,14182.63,53655,6890669.0,59.97
CANFINHOME, 18-Sep-2026,777.6,787.6,769.0,778.5,774.4,539763,4197.5,17059,296165.0,54.87
CANHLIFE, 18-Sep-2026,155.33,156.25,151.79,153.59,155.36,807851,1240.51,13878,484645.0,59.99
CANTABIL, 18-Sep-2026,242.4,246.0,240.2,242.63,243.0,143791,349.99,2430,69705.0,48.48
CAPACITE, 18-Sep-2026,191.9,199.02,191.9,195.71,192.73,235892,463.58,4594,126089.0,53.45
CAPILLARY, 18-Sep-2026,448.95,489.0,443.1,484.05,448.95,532692,2506.55,17791,196835.0,36.95
CAPINVIT, 18-Sep-2026,76.97,77.49,76.81,76.94,76.81,179280,138.02,2822,159464.0,88.95
CAPITALSFB, 18-Sep-2026,276.1,283.4,274.15,278.9,279.9,8706,24.38,543,5930.0,68.11
CAPLIPOINT, 18-Sep-2026,2596.5,2780.0,2596.0,2748.6,2596.6,308471,8388.27,31973,77924.0,25.26
CARBORUNIV, 18-Sep-2026,1084.0,1141.3,1078.4,1124.4,1083.6,533148,5978.95,47505,266451.0,49.98
CARERATING, 18-Sep-2026,1645.5,1674.7,1614.8,1668.6,1643.7,46640,769.6,6959,27166.0,58.25
CARRARO, 18-Sep-2026,522.1,533.0,517.6,524.65,515.05,169514,892.59,8268,61835.0,36.48
CARTRADE, 18-Sep-2026,2949.9,3127.7,2946.7,2988.9,2938.0,650048,19776.98,62496,142544.0,21.93
CARYSIL, 18-Sep-2026,1111.2,1138.7,1106.0,1131.3,1111.1,62416,701.03,6052,31681.0,50.76
CASHIETF, 18-Sep-2026,1079.83,1080.28,1078.82,1080.26,1079.83,122070,1318.69,101,80435.0,65.89
CASTROLIND, 18-Sep-2026,192.34,197.85,192.0,197.14,191.72,9615337,18798.46,69925,5533528.0,57.55
CCAVENUE, 18-Sep-2026,16.39,16.64,15.99,16.08,16.32,15304318,2486.38,24196,4966932.0,32.45
CCCL, 18-Sep-2026,13.69,13.95,13.69,13.76,13.69,57075,7.88,280,43344.0,75.94
CCHHL, 18-Sep-2026,12.8,13.1,12.6,13.01,12.86,25484,3.29,162,19680.0,77.22
CCL, 18-Sep-2026,1065.7,1076.3,1058.2,1065.6,1062.3,92827,991.08,13371,60098.0,64.74
CDSL, 18-Sep-2026,1348.0,1390.0,1346.5,1390.0,1349.4,1694146,23327.79,44771,697061.0,41.15
CEATLTD, 18-Sep-2026,3430.0,3529.0,3418.1,3468.9,3431.1,113245,3947.33,17724,49778.0,43.96
CEDAAR, 18-Sep-2026,10.9,11.2,10.85,11.1,10.9,20000,2.2,13,18000.0,90.0
CEIGALL, 18-Sep-2026,391.6,391.8,372.05,373.75,390.0,307512,1167.2,6666,162560.0,52.86
CEINSYS, 18-Sep-2026,692.4,715.0,672.05,675.35,684.3,73862,509.82,4885,32425.0,43.9
CELEBRITY, 18-Sep-2026,6.9,6.9,6.69,6.83,6.79,7755,0.52,45,7268.0,93.72
CELLECOR, 18-Sep-2026,30.0,30.3,29.7,30.0,30.65,207000,62.07,40,177000.0,85.51
CELLO, 18-Sep-2026,328.0,330.0,320.0,322.45,327.6,240397,778.34,8314,151192.0,62.89
CELLPOINT, 18-Sep-2026,14.45,14.75,14.1,14.65,14.45,20400,2.94,17,18000.0,88.24
CEMNTGROWW, 18-Sep-2026,14.09,14.3,14.01,14.22,13.99,45103,6.4,267,22521.0,49.93
CEMPRO, 18-Sep-2026,1265.0,1287.4,1246.6,1263.5,1255.1,233345,2963.66,12658,143099.0,61.33
CENTENKA, 18-Sep-2026,570.75,570.75,551.85,561.45,564.4,33970,190.65,2375,20279.0,59.7
CENTEXT, 18-Sep-2026,19.0,19.55,19.0,19.16,19.05,123725,23.77,665,91562.0,74.0
CENTRALBK, 18-Sep-2026,30.42,32.4,30.41,31.73,30.4,56472458,17821.34,47655,31914466.0,56.51
CENTRUM, 18-Sep-2026,22.69,22.69,21.65,21.94,22.25,41442,9.19,336,19514.0,47.09
CENTUM, 18-Sep-2026,4398.0,4421.0,4300.0,4333.3,4343.4,41693,1826.94,9036,17830.0,42.76
CENTURYPLY, 18-Sep-2026,725.0,735.0,714.05,722.65,718.95,83789,607.64,4804,43653.0,52.1
CERA, 18-Sep-2026,5592.0,5785.0,5592.0,5645.0,5592.0,14398,814.98,3384,7105.0,49.35
CESC, 18-Sep-2026,141.99,142.93,140.71,141.53,141.56,3878798,5480.78,24453,2729511.0,70.37
CEWATER, 18-Sep-2026,252.8,286.0,252.8,279.25,256.5,750844,2083.93,17403,186892.0,24.89
CGCL, 18-Sep-2026,263.0,273.65,262.0,270.65,262.35,6367147,17186.25,61310,2828255.0,44.42
CGPOWER, 18-Sep-2026,883.65,911.0,881.3,892.0,880.0,3114673,28082.28,51681,1520654.0,48.82
CGRAPHICS, 18-Sep-2026,136.5,136.5,133.2,135.4,137.65,24800,33.53,29,20800.0,83.87
CGVAK, 18-Sep-2026,147.0,152.0,144.0,149.8,146.5,2553,3.77,81,1708.0,66.9
CHALET, 18-Sep-2026,845.0,874.25,839.55,865.65,842.3,566679,4891.65,22231,371075.0,65.48
CHAMBLFERT, 18-Sep-2026,414.7,420.0,410.9,414.9,413.9,470769,1950.4,13436,272813.0,57.95
CHAMUNDA, 18-Sep-2026,44.0,44.0,44.0,44.0,43.0,3000,1.32,1,3000.0,100.0
CHANDAN, 18-Sep-2026,200.0,203.0,196.5,202.45,197.85,32800,65.62,40,24000.0,73.17
CHAVDA, 18-Sep-2026,120.0,122.5,120.0,120.0,120.5,7000,8.44,6,5000.0,71.43
CHEMBOND, 18-Sep-2026,197.03,203.45,185.6,192.77,196.18,12271,23.53,718,6188.0,50.43
CHEMCRUX, 18-Sep-2026,82.0,84.19,78.0,80.78,82.7,4816,3.87,176,1508.0,31.31
CHEMFAB, 18-Sep-2026,355.0,373.5,355.0,369.4,356.15,2010,7.38,163,1197.0,59.55
CHEMICAL, 18-Sep-2026,28.55,29.58,28.55,29.43,29.13,279002,81.7,799,122595.0,43.94
CHEMPLASTS, 18-Sep-2026,167.8,175.1,167.09,171.48,167.8,443500,760.69,5907,170141.0,38.36
CHENNPETRO, 18-Sep-2026,1414.0,1437.1,1390.1,1416.6,1414.1,1081342,15221.89,42868,290995.0,26.91
CHETANA, 18-Sep-2026,41.0,41.0,40.0,40.0,41.0,4800,1.94,3,4800.0,100.0
CHEVIOT, 18-Sep-2026,1174.9,1179.9,1161.8,1174.7,1161.5,820,9.61,119,705.0,85.98
CHOICEGOLD, 18-Sep-2026,149.5,152.21,149.5,151.99,149.3,2964,4.49,85,1823.0,61.5
CHOICEIN, 18-Sep-2026,739.95,775.7,738.45,763.85,738.0,989378,7554.16,20855,178966.0,18.09
CHOLAFIN, 18-Sep-2026,1769.3,1804.4,1766.0,1800.0,1764.5,1509978,26982.68,38127,1000916.0,66.29
CHOLAHLDNG, 18-Sep-2026,1510.0,1541.0,1482.0,1507.7,1499.2,395533,5943.55,39918,241383.0,61.03
CIEINDIA, 18-Sep-2026,388.0,391.5,382.9,387.15,385.7,376545,1454.79,16747,181245.0,48.13
CIFL, 18-Sep-2026,19.86,20.49,19.86,19.98,20.03,45611,9.13,353,35682.0,78.23
CINELINE, 18-Sep-2026,91.1,93.6,90.0,90.36,92.95,6895,6.29,177,4614.0,66.92
CINEVISTA, 18-Sep-2026,13.8,14.74,13.8,14.13,13.94,6423,0.92,75,5740.0,89.37
CIPLA, 18-Sep-2026,1371.7,1394.5,1371.7,1394.5,1376.3,1386584,19202.52,31702,943438.0,68.04
CITIUSINVT, 18-Sep-2026,115.9,117.0,115.21,115.83,115.5,21756,25.26,140,17191.0,79.02
CKKRETAIL, 18-Sep-2026,170.0,177.0,170.0,170.6,170.2,88800,152.19,68,56800.0,63.96
CLASSICEIL, 18-Sep-2026,49.75,51.95,48.85,51.0,51.0,24000,12.02,14,16000.0,66.67
CLAYCRAFT, 18-Sep-2026,147.05,169.0,144.5,166.7,147.6,116400,184.23,159,92400.0,79.38
CLEAN, 18-Sep-2026,831.0,872.85,826.7,851.9,828.15,891352,7646.3,30830,302954.0,33.99
CLEANMAX, 18-Sep-2026,1296.4,1299.4,1272.0,1279.4,1291.1,102176,1309.36,9948,61262.0,59.96
CLEDUCATE, 18-Sep-2026,54.99,56.18,54.51,54.81,54.63,7979,4.4,181,7201.0,90.25
CLSEL, 18-Sep-2026,296.45,299.15,292.25,294.9,295.55,32143,94.86,1436,14718.0,45.79
CLSL, 18-Sep-2026,78.65,78.65,71.55,71.55,74.95,8000,6.08,4,6000.0,75.0
CMLL, 18-Sep-2026,483.0,484.7,471.0,477.7,482.7,165073,785.12,5416,84390.0,51.12
CMNL, 18-Sep-2026,114.9,114.9,111.0,111.25,114.9,4500,5.05,6,3750.0,83.33
CMPDI, 18-Sep-2026,207.85,217.23,204.69,214.58,205.69,2923381,6151.55,42359,1135289.0,38.83
CMRGREEN, 18-Sep-2026,214.79,234.58,214.79,231.87,213.26,1840718,4242.51,30666,754895.0,41.01
CMRSL, 18-Sep-2026,68.0,68.0,67.5,67.5,70.4,1600,1.08,2,1600.0,100.0
CMSINFO, 18-Sep-2026,231.15,232.72,228.52,230.93,231.04,952449,2196.7,17354,525159.0,55.14
CNL, 18-Sep-2026,1078.9,1140.1,1077.5,1127.1,1078.9,17388,194.45,1806,8774.0,50.46
COALINDIA, 18-Sep-2026,418.0,419.95,409.65,409.9,418.0,7700870,31718.68,84630,4948015.0,64.25
COASTCORP, 18-Sep-2026,36.17,39.1,36.01,38.84,35.46,131467,49.71,1571,67370.0,51.24
COCHINSHIP, 18-Sep-2026,1335.0,1398.0,1333.0,1398.0,1334.3,1456165,20001.91,34268,765720.0,52.58
COCKERILL, 18-Sep-2026,8029.0,8220.0,8006.5,8164.0,8029.0,3914,317.45,1243,1670.0,42.67
COFFEEDAY, 18-Sep-2026,30.86,31.33,30.07,30.52,30.86,346468,105.81,1640,222122.0,64.11
COFORGE, 18-Sep-2026,1793.0,1841.0,1754.2,1841.0,1793.0,2489460,44462.35,82143,1461501.0,58.71
COHANCE, 18-Sep-2026,439.95,446.65,429.25,438.0,439.95,699254,3055.41,22131,358109.0,51.21
COLPAL, 18-Sep-2026,1841.5,1917.8,1836.9,1917.8,1840.3,601910,11341.38,25550,419181.0,69.64
COMFINTE, 18-Sep-2026,6.18,6.18,5.86,5.98,5.99,71837,4.29,254,55084.0,76.68
COMMITTED, 18-Sep-2026,331.0,331.0,330.0,330.5,340.0,1600,5.29,2,1600.0,100.0
COMMOIETF, 18-Sep-2026,97.15,97.93,97.15,97.5,97.15,21581,21.05,1213,13293.0,61.6
COMPEAU, 18-Sep-2026,360.0,369.9,360.0,365.0,360.0,714,2.58,9,713.0,99.86
COMPUSOFT, 18-Sep-2026,12.98,14.6,12.95,13.63,12.94,299192,41.78,1120,126026.0,42.12
COMSYN, 18-Sep-2026,294.0,314.45,293.55,306.55,293.0,869871,2669.18,9385,468621.0,53.87
CONCOR, 18-Sep-2026,489.0,504.55,485.1,504.55,488.15,2242132,11147.34,20131,1502403.0,67.01
CONCORDBIO, 18-Sep-2026,1459.5,1519.9,1459.4,1494.4,1461.1,170417,2552.25,13596,58015.0,34.04
CONFIPET, 18-Sep-2026,87.25,92.61,86.71,91.95,86.76,5542393,5058.29,37991,2400216.0,43.31
CONNPLEX, 18-Sep-2026,250.3,254.4,249.0,251.0,250.3,33600,84.49,38,27200.0,80.95
CONS, 18-Sep-2026,11.86,11.89,11.78,11.88,11.81,3928,0.46,109,3708.0,94.4
CONSUMAXIS, 18-Sep-2026,118.43,118.6,117.73,118.57,118.06,851,1.0,17,618.0,72.62
CONSUMBEES, 18-Sep-2026,128.26,128.66,127.42,128.32,126.99,39495,50.54,663,23484.0,59.46
CONSUMER, 18-Sep-2026,11.74,11.83,11.74,11.8,11.73,73605,8.67,249,39564.0,53.75
CONSUMIETF, 18-Sep-2026,119.0,119.7,118.68,119.09,119.86,4906,5.84,160,2858.0,58.26
CONTI, 18-Sep-2026,10.15,10.15,10.05,10.05,10.55,9999,1.01,3,6666.0,66.67
CONTROLPR, 18-Sep-2026,610.0,613.7,598.0,600.9,603.5,28633,173.1,1323,18211.0,63.6
COOLCAPS, 18-Sep-2026,27.4,27.4,24.1,26.7,26.0,228750,59.27,140,145000.0,63.39
CORALFINAC, 18-Sep-2026,33.28,33.28,32.13,32.56,32.35,23368,7.6,110,14305.0,61.22
CORDELIA, 18-Sep-2026,109.68,115.16,109.68,115.15,109.68,2435983,2796.73,10968,1636438.0,67.18
CORDSCABLE, 18-Sep-2026,360.0,381.4,355.8,364.15,355.3,176486,648.62,5689,81524.0,46.19
COROMANDEL, 18-Sep-2026,1929.8,2019.9,1919.5,1999.5,1929.8,302340,6003.63,34371,206678.0,68.36
CORONA, 18-Sep-2026,2175.0,2208.0,2166.6,2201.8,2169.6,12123,265.63,2230,6658.0,54.92
COSMOFIRST, 18-Sep-2026,883.0,884.45,866.05,871.25,879.9,34649,302.67,2572,19498.0,56.27
CPCAP, 18-Sep-2026,142.46,152.0,141.01,145.19,141.05,107712,157.53,1871,62110.0,57.66
CPEDU, 18-Sep-2026,174.01,175.9,171.0,171.66,173.3,5691,9.83,78,4927.0,86.58
CPL, 18-Sep-2026,67.3,68.24,63.5,64.49,65.39,41073,27.15,588,10073.0,24.52
CPPLUS, 18-Sep-2026,3378.4,3500.0,3321.0,3355.1,3378.4,880079,29834.33,62031,629303.0,71.51
CPS, 18-Sep-2026,1205.0,1205.0,1125.0,1185.0,1152.0,900,10.34,5,900.0,100.0
CPSEETF, 18-Sep-2026,92.36,92.99,92.1,92.58,92.29,392825,363.37,4483,255320.0,65.0
CRAFTSMAN, 18-Sep-2026,10890.0,11300.0,10871.0,11138.0,10937.0,207605,23141.22,26719,141171.0,68.0
CRAMC, 18-Sep-2026,236.0,237.6,232.6,234.0,234.35,275239,645.83,5189,170111.0,61.8
CRAVATEX, 18-Sep-2026,333.0,339.9,320.0,324.55,337.25,1798,6.06,47,1678.0,93.33
CRAYONS, 18-Sep-2026,23.05,24.2,23.05,23.5,23.05,4000,0.95,4,4000.0,100.0
CREATIVEYE, 18-Sep-2026,5.88,5.88,5.5,5.7,5.59,11299,0.65,97,9951.0,88.07
CREDENT, 18-Sep-2026,336.0,362.0,335.0,357.7,333.0,133200,465.43,202,105600.0,79.28
CREDITACC, 18-Sep-2026,1370.0,1394.9,1360.0,1387.6,1370.8,149069,2049.67,20731,76664.0,51.43
CREST, 18-Sep-2026,374.0,385.0,356.35,365.75,371.0,2310,8.44,137,1011.0,43.77
CRESTO, 18-Sep-2026,16.35,16.43,15.93,16.39,15.88,6035,0.99,61,5980.0,99.09
CRISIL, 18-Sep-2026,4560.0,4615.0,4540.0,4577.5,4560.0,81962,3750.77,12384,54695.0,66.73
CRIZAC, 18-Sep-2026,176.55,177.63,172.0,173.73,176.56,149317,260.73,3834,86674.0,58.05
CROMPTON, 18-Sep-2026,226.0,227.12,225.11,227.12,225.1,1405047,3182.57,10315,945115.0,67.27
CROWN, 18-Sep-2026,109.99,111.99,108.11,108.48,108.95,8079,8.9,129,5085.0,62.94
CSBBANK, 18-Sep-2026,323.4,340.0,319.95,336.15,328.35,1075560,3602.33,27069,424911.0,39.51
CSLFINANCE, 18-Sep-2026,216.14,220.31,214.81,218.24,216.92,12818,27.95,467,6141.0,47.91
CSM, 18-Sep-2026,104.0,114.9,101.5,109.85,102.64,9116969,9924.56,65166,926756.0,10.17
CSSL, 18-Sep-2026,87.0,87.0,86.0,86.0,87.0,2000,1.73,2,2000.0,100.0
CUB, 18-Sep-2026,231.6,238.95,231.6,235.79,231.82,2196738,5200.05,36593,1047112.0,47.67
CUBEINVIT, 18-Sep-2026,156.99,156.99,155.8,156.36,156.49,530408,828.68,13065,508787.0,95.92
CUBEXTUB, 18-Sep-2026,86.0,87.0,80.26,85.32,81.63,247242,208.17,3343,140599.0,56.87
CUDML, 18-Sep-2026,105.1,108.0,105.1,108.0,107.45,4000,4.27,3,4000.0,100.0
CUMMINSIND, 18-Sep-2026,5000.0,5119.0,5000.0,5099.5,5020.0,502366,25594.66,40645,369945.0,73.64
CUPID, 18-Sep-2026,280.3,282.0,251.1,265.0,279.15,27287571,73028.94,129748,12513149.0,45.86
CURIS, 18-Sep-2026,207.0,207.05,200.05,200.05,207.05,9000,18.42,7,9000.0,100.0
CURRENT, 18-Sep-2026,81.3,81.3,81.3,81.3,81.4,1600,1.3,1,1600.0,100.0
CYIENT, 18-Sep-2026,1064.8,1079.5,1047.6,1073.3,1064.0,668011,7139.9,30650,375316.0,56.18
CYIENTDLM, 18-Sep-2026,893.45,945.0,890.0,940.7,893.5,469640,4366.57,28241,192710.0,41.03
DABUR, 18-Sep-2026,384.6,395.25,382.95,395.25,384.55,2455500,9556.21,28526,1673364.0,68.15
DALBHARAT, 18-Sep-2026,1695.0,1805.0,1685.1,1761.4,1693.3,374184,6508.79,26846,194857.0,52.08
DALMIASUG, 18-Sep-2026,394.0,398.2,382.4,390.5,390.5,148278,576.4,5974,49455.0,33.35
DAMCAPITAL, 18-Sep-2026,137.0,139.0,136.52,137.92,136.73,176661,243.1,2089,98319.0,55.65
DANGEE, 18-Sep-2026,2.71,2.75,2.69,2.73,2.72,22988,0.62,115,22484.0,97.81
DANISH, 18-Sep-2026,940.5,1039.9,940.5,1021.35,940.25,76050,760.04,378,57750.0,75.94
DATAMATICS, 18-Sep-2026,763.9,772.0,753.0,765.95,758.35,43182,328.9,2606,19520.0,45.2
DATAPATTNS, 18-Sep-2026,4429.7,4550.0,4415.6,4513.3,4411.1,606762,27237.31,65257,180326.0,29.72
DAVANGERE, 18-Sep-2026,2.08,2.1,2.03,2.06,2.06,6216386,128.53,2306,4175064.0,67.16
DBCORP, 18-Sep-2026,187.82,189.56,183.6,184.06,187.82,107079,198.94,3110,81095.0,75.73
DBEIL, 18-Sep-2026,7.3,7.3,6.95,7.12,7.05,686235,48.39,445,595233.0,86.74
DBL, 18-Sep-2026,408.35,428.5,408.35,425.5,408.35,638580,2702.99,16524,301439.0,47.2
DBOL, 18-Sep-2026,115.22,117.3,109.74,116.27,115.81,181653,205.47,3727,99592.0,54.83
DBREALTY, 18-Sep-2026,95.69,97.3,94.0,95.68,94.73,1389676,1325.05,9511,759986.0,54.69
DCAL, 18-Sep-2026,162.0,171.69,157.6,170.52,162.11,727114,1201.66,12243,283232.0,38.95
DCBBANK, 18-Sep-2026,218.99,223.02,217.0,218.35,218.51,1445096,3175.04,21933,810731.0,56.1
DCCL, 18-Sep-2026,40.5,40.5,40.5,40.5,40.0,2000,0.81,1,2000.0,100.0
DCG, 18-Sep-2026,75.9,78.9,75.85,78.5,79.8,28800,22.06,24,28800.0,100.0
DCI, 18-Sep-2026,287.8,288.9,277.25,278.95,282.75,78388,220.88,2180,23959.0,30.56
DCM, 18-Sep-2026,78.0,79.79,77.01,77.21,76.36,4286,3.36,84,2933.0,68.43
DCMFINSERV, 18-Sep-2026,5.26,5.26,4.78,5.18,5.13,5895,0.31,92,3575.0,60.64
DCMNVL, 18-Sep-2026,175.02,182.79,172.52,180.2,174.84,8381,15.0,221,7334.0,87.51
DCMSHRIRAM, 18-Sep-2026,990.0,1005.0,982.4,995.0,984.0,69400,689.52,4595,53641.0,77.29
DCMSIL, 18-Sep-2026,70.64,72.0,67.99,70.26,70.29,110121,76.86,1420,72560.0,65.89
DCMSRIND, 18-Sep-2026,38.81,39.68,38.0,38.24,38.39,225676,86.42,1872,148828.0,65.95
DCW, 18-Sep-2026,45.18,45.64,45.05,45.18,45.42,560676,253.99,3122,325260.0,58.01
DCXINDIA, 18-Sep-2026,165.29,167.08,161.97,163.1,164.32,307226,502.66,5664,162721.0,52.96
DDEVPLSTIK, 18-Sep-2026,255.8,257.55,252.8,254.95,255.15,71638,182.35,2583,39505.0,55.15
DECCANCE, 18-Sep-2026,567.3,572.45,562.5,567.45,569.2,36914,208.78,964,26880.0,72.82
DECCANTRAN, 18-Sep-2026,19.8,20.05,19.8,20.0,19.8,3600,0.72,3,3600.0,100.0
DECNGOLD, 18-Sep-2026,219.47,220.74,216.0,217.21,217.85,714192,1556.38,10029,327657.0,45.88
DEEDEV, 18-Sep-2026,636.95,668.75,636.8,668.75,636.95,288664,1923.21,5731,234147.0,81.11
DEEM, 18-Sep-2026,38.1,40.95,38.1,40.95,39.0,6000,2.43,6,6000.0,100.0
DEEP, 18-Sep-2026,49.0,49.0,46.11,46.72,47.23,24429,11.64,452,18136.0,74.24
DEEPA, 18-Sep-2026,175.3,191.49,171.38,188.31,173.34,7608515,14075.57,75067,1193338.0,15.68
DEEPAKFERT, 18-Sep-2026,1324.1,1350.0,1313.2,1343.2,1324.6,209549,2798.73,15172,92217.0,44.01
DEEPAKNTR, 18-Sep-2026,1606.9,1623.5,1577.2,1586.3,1604.8,426779,6799.2,26484,304105.0,71.26
DEEPINDS, 18-Sep-2026,734.7,747.6,732.55,743.35,734.7,137404,1018.46,6480,55405.0,40.32
DEFENCE, 18-Sep-2026,78.09,78.96,78.0,78.72,77.67,216860,170.49,705,114967.0,53.01
DELAPLEX, 18-Sep-2026,98.2,98.25,90.0,90.6,98.25,22800,21.03,36,19200.0,84.21
DELHIVERY, 18-Sep-2026,426.1,433.55,425.85,428.0,425.95,1686221,7243.14,31130,1108231.0,65.72
DELTACORP, 18-Sep-2026,56.5,58.85,56.03,58.34,56.15,1668878,963.45,10523,818175.0,49.03
DELTAMAGNT, 18-Sep-2026,56.9,56.9,53.5,54.95,55.2,898,0.5,94,717.0,79.84
DELTIC, 18-Sep-2026,33.1,34.0,33.0,33.2,34.25,12000,3.99,11,8000.0,66.67
DEN, 18-Sep-2026,26.45,26.75,26.31,26.62,26.45,72184,19.15,715,53909.0,74.68
DENEERS, 18-Sep-2026,166.75,177.75,166.75,172.25,163.75,10200,17.66,16,9000.0,88.24
DENORA, 18-Sep-2026,787.85,790.55,770.0,782.25,784.85,1861,14.5,291,1225.0,65.82
DENTA, 18-Sep-2026,279.3,281.95,276.55,279.35,278.4,61071,170.65,2549,23249.0,38.07
DENTALKART, 18-Sep-2026,395.05,427.5,394.0,420.4,395.5,20000,83.48,73,13500.0,67.5
DEVIT, 18-Sep-2026,23.31,23.9,23.05,23.13,23.43,15846,3.69,214,11366.0,71.73
DEVX, 18-Sep-2026,33.0,33.69,31.21,32.21,33.31,103136,33.38,1223,56700.0,54.98
DEVYANI, 18-Sep-2026,139.43,141.49,138.19,140.62,138.51,2466888,3452.98,31750,1312466.0,53.2
DGCONTENT, 18-Sep-2026,23.8,24.55,23.71,24.49,24.0,19907,4.86,67,18356.0,92.21
DHAMPURSUG, 18-Sep-2026,152.45,160.0,148.61,156.22,151.72,762354,1169.7,10680,327329.0,42.94
DHANBANK, 18-Sep-2026,28.88,29.75,28.85,29.47,28.88,262185,76.67,1493,142597.0,54.39
DHANLAXMI, 18-Sep-2026,24.0,24.0,24.0,24.0,24.5,2000,0.48,1,2000.0,100.0
DHANSA, 18-Sep-2026,29.2,31.15,29.2,30.2,30.7,8000,2.4,4,8000.0,100.0
DHANUKA, 18-Sep-2026,980.05,990.0,970.05,973.3,982.25,13511,132.55,1478,6950.0,51.44
DHARARAIL, 18-Sep-2026,140.25,142.0,140.25,142.0,143.55,7000,9.84,6,7000.0,100.0
DHARIWAL, 18-Sep-2026,23.65,24.9,23.15,24.35,24.35,264000,61.97,68,186000.0,70.45
DHARMAJ, 18-Sep-2026,274.0,286.9,272.0,276.15,271.1,40591,113.04,2154,20652.0,50.88
DHATRE, 18-Sep-2026,4.4,4.4,4.08,4.18,4.12,31872,1.36,173,23915.0,75.03
DHOOTTRANS, 18-Sep-2026,1575.0,1603.8,1558.0,1590.7,1579.8,1187578,18831.9,55142,361125.0,30.41
DHRUV, 18-Sep-2026,21.0,22.77,21.0,21.4,21.69,14049,3.11,89,12581.0,89.55
DHTL, 18-Sep-2026,28.0,28.0,27.95,27.95,29.4,12800,3.58,6,12000.0,93.75
DHUNINV, 18-Sep-2026,998.8,1008.0,980.0,1001.95,981.75,799,7.94,92,556.0,69.59
DIAMINESQ, 18-Sep-2026,258.0,259.86,252.03,256.77,255.04,2884,7.39,88,1518.0,52.64
DIAMONDYD, 18-Sep-2026,1107.0,1122.0,1079.2,1088.1,1100.4,15018,164.61,1204,10296.0,68.56
DICIND, 18-Sep-2026,630.5,642.0,618.0,632.5,628.45,7309,46.17,362,5067.0,69.33
DIFFNKG, 18-Sep-2026,438.0,452.0,436.2,445.8,435.85,86835,385.71,4741,35767.0,41.19
DIGIDRIVE, 18-Sep-2026,17.24,17.78,17.11,17.43,17.48,22287,3.87,136,19798.0,88.83
DIGIKORE, 18-Sep-2026,38.5,39.6,36.3,37.35,39.45,68400,25.67,75,49600.0,72.51
DIGISPICE, 18-Sep-2026,16.26,17.09,16.15,16.99,16.28,300569,50.59,627,244649.0,81.4
DIGITIDE, 18-Sep-2026,85.0,85.94,83.0,83.45,84.82,146398,123.0,1732,84991.0,58.05
DISAQ, 18-Sep-2026,12165.0,12165.0,11716.0,12062.0,11923.0,137,16.43,84,85.0,62.04
DISHTV, 18-Sep-2026,2.62,2.65,2.52,2.56,2.59,2364283,61.37,1721,1811051.0,76.6
DIVGIITTS, 18-Sep-2026,1122.2,1141.7,1118.7,1130.2,1122.2,45303,511.21,4352,22129.0,48.85
DIVIDEND, 18-Sep-2026,34.77,34.89,34.69,34.85,34.81,2339,0.81,71,1247.0,53.31
DIVINEHIRA, 18-Sep-2026,105.0,107.0,100.6,102.5,104.95,8400,8.69,6,4800.0,57.14
DIVISLAB, 18-Sep-2026,9346.5,9445.0,9328.5,9375.0,9323.0,691534,64844.78,96421,492740.0,71.25
DIVOPPBEES, 18-Sep-2026,75.25,75.25,74.44,74.71,74.88,25029,18.69,882,14747.0,58.92
DIXON, 18-Sep-2026,13290.0,13383.0,13005.0,13005.0,13290.0,371296,48905.61,38430,195168.0,52.56
DJML, 18-Sep-2026,79.09,81.3,77.01,77.65,78.28,19162,14.9,485,9753.0,50.9
DKEGL, 18-Sep-2026,70.0,70.0,70.0,70.0,63.3,1500,1.05,1,1500.0,100.0
DLF, 18-Sep-2026,640.0,653.7,640.0,644.35,640.0,2890331,18761.82,62039,1847279.0,63.91
DLINKINDIA, 18-Sep-2026,427.8,434.8,424.1,430.05,424.6,46171,197.71,2024,27711.0,60.02
DMART, 18-Sep-2026,3711.1,3755.8,3680.0,3749.9,3711.2,881497,32753.03,31216,626100.0,71.03
DMCC, 18-Sep-2026,263.0,284.0,261.3,280.65,261.7,122609,339.22,4432,47482.0,38.73
DNAMEDIA, 18-Sep-2026,2.44,2.5,2.25,2.47,2.31,39981,0.96,149,30016.0,75.08
DODLA, 18-Sep-2026,1054.0,1095.0,1048.5,1083.6,1049.6,28490,304.07,4073,16046.0,56.32
DOLATALGO, 18-Sep-2026,67.99,68.38,67.05,67.32,67.86,98529,66.53,976,63789.0,64.74
DOLLAR, 18-Sep-2026,268.0,278.0,266.85,273.25,267.0,161698,442.8,4387,82411.0,50.97
DOLLEX, 18-Sep-2026,37.95,38.5,36.85,37.2,37.05,14860,5.6,98,13045.0,87.79
DOLPHIN, 18-Sep-2026,678.0,684.75,659.0,665.5,673.7,27025,180.9,1331,11561.0,42.78
DOMS, 18-Sep-2026,2121.6,2122.9,2097.4,2105.3,2121.6,20153,424.53,3495,12925.0,64.13
DONEAR, 18-Sep-2026,82.0,84.18,82.0,83.79,82.81,7103,5.91,135,5501.0,77.45
DPABHUSHAN, 18-Sep-2026,1330.0,1482.0,1330.0,1448.3,1337.0,37904,536.28,3119,21535.0,56.81
DPEL, 18-Sep-2026,643.1,650.0,638.0,648.5,642.65,37000,238.75,65,26000.0,70.27
DRAGARWQ, 18-Sep-2026,5339.5,5380.0,5251.0,5371.5,5255.0,708,37.62,276,289.0,40.82
DRCSYSTEMS, 18-Sep-2026,12.81,12.81,12.31,12.63,12.59,12957,1.63,217,10416.0,80.39
DREAMFOLKS, 18-Sep-2026,65.98,65.98,64.32,64.76,65.17,30395,19.71,782,18892.0,62.15
DREDGECORP, 18-Sep-2026,985.6,1006.0,985.0,992.3,988.0,36676,364.84,3220,16550.0,45.12
DRONE, 18-Sep-2026,32.8,33.5,32.8,32.95,32.75,14000,4.65,16,12000.0,85.71
DRREDDY, 18-Sep-2026,1182.6,1207.5,1182.1,1185.0,1175.0,3002566,35793.22,81367,1743201.0,58.06
DSSL, 18-Sep-2026,1042.4,1042.4,1010.5,1013.4,1008.6,13842,140.63,1939,7249.0,52.37
DUCOL, 18-Sep-2026,126.0,130.45,126.0,130.2,127.35,17600,22.74,18,16000.0,90.91
DUCON, 18-Sep-2026,1.22,1.29,1.15,1.23,1.27,6489613,79.72,1756,4614009.0,71.1
DUGLOBAL, 18-Sep-2026,21.5,24.7,21.5,21.95,23.45,65000,14.6,25,50000.0,76.92
DURLAX, 18-Sep-2026,57.95,64.0,57.0,63.3,57.15,284000,168.88,100,160000.0,56.34
DVL, 18-Sep-2026,280.45,293.25,280.45,290.0,278.8,11439,33.1,452,7884.0,68.92
DWARKESH, 18-Sep-2026,40.52,41.51,39.86,41.15,40.53,1861792,756.75,7316,524654.0,28.18
DYCL, 18-Sep-2026,443.9,464.0,443.55,457.4,442.35,419341,1910.04,13915,125839.0,30.01
DYNAMATECH, 18-Sep-2026,11819.0,12215.0,11743.0,12061.0,11819.0,12437,1502.02,4409,4256.0,34.22
DYNAMIC, 18-Sep-2026,143.4,146.85,139.1,142.6,139.9,24000,34.67,47,21500.0,89.58
DYNPRO, 18-Sep-2026,230.05,232.0,228.0,229.89,227.85,4824,11.07,150,3767.0,78.09
E2ERAIL, 18-Sep-2026,350.0,362.0,337.1,344.65,346.45,136800,483.64,144,47200.0,34.5
EASEMYTRIP, 18-Sep-2026,5.81,5.81,5.71,5.76,5.79,13670746,786.69,8187,7276894.0,53.23
EASTWEST, 18-Sep-2026,2.23,2.27,2.1,2.25,2.21,56253,1.23,174,41762.0,74.24
EBANK10, 18-Sep-2026,16.59,16.59,16.57,16.57,16.28,109,0.02,2,109.0,100.0
EBANKNIFTY, 18-Sep-2026,56.83,56.98,56.53,56.96,56.74,1676,0.95,17,1590.0,94.87
EBBETF0430, 18-Sep-2026,1639.4,1639.4,1604.01,1610.9,1607.25,3456,55.6,265,2458.0,71.12
EBBETF0431, 18-Sep-2026,1438.47,1439.97,1429.21,1431.44,1432.11,2826,40.49,68,2431.0,86.02
EBBETF0433, 18-Sep-2026,1304.2,1309.0,1301.08,1303.19,1304.44,2911,38.0,130,1689.0,58.02
EBGNG, 18-Sep-2026,668.25,711.25,664.55,703.05,661.65,1067215,7423.06,43981,347908.0,32.6
ECAPINSURE, 18-Sep-2026,23.78,24.01,23.48,23.61,23.54,24238,5.71,161,20540.0,84.74
ECLERX, 18-Sep-2026,1919.4,1938.8,1898.7,1915.6,1923.0,177527,3401.57,16588,85789.0,48.32
ECOLINE, 18-Sep-2026,166.0,173.3,166.0,173.3,166.15,15000,25.44,15,12000.0,80.0
ECORECO, 18-Sep-2026,442.8,445.95,424.0,432.1,435.85,8812,38.28,796,5140.0,58.33
ECOSMOBLTY, 18-Sep-2026,107.45,108.5,106.5,108.12,106.89,30641,32.94,955,16996.0,55.47
EDELWEISS, 18-Sep-2026,128.42,136.9,128.42,136.25,128.34,9148549,12274.42,48024,4338894.0,47.43
EEPL, 18-Sep-2026,138.0,138.0,133.0,133.0,136.0,10000,13.57,10,9000.0,90.0
EFACTOR, 18-Sep-2026,164.95,165.0,164.95,165.0,162.3,3200,5.28,8,3200.0,100.0
EFCIL, 18-Sep-2026,179.89,180.5,176.85,178.67,177.95,216644,385.91,2480,121947.0,56.29
EFFWA, 18-Sep-2026,360.4,368.95,345.0,362.1,360.4,28800,103.44,43,18800.0,65.28
EFORCE, 18-Sep-2026,18.8,19.45,18.3,18.3,18.8,6000,1.12,5,4800.0,80.0
EGOLD, 18-Sep-2026,151.65,153.15,151.65,152.8,150.45,71864,109.63,853,43136.0,60.02
EICHERMOT, 18-Sep-2026,7523.5,7569.0,7477.0,7516.0,7493.5,419526,31544.28,28876,296630.0,70.71
EIDPARRY, 18-Sep-2026,694.65,708.15,682.75,700.7,703.1,854169,5940.64,41072,399940.0,46.82
EIEL, 18-Sep-2026,201.0,202.0,196.06,200.01,199.64,574560,1142.27,9796,267655.0,46.58
EIHAHOTELS, 18-Sep-2026,294.95,307.8,294.05,303.5,294.95,37838,114.15,1499,19153.0,50.62
EIHOTEL, 18-Sep-2026,304.0,321.15,299.95,317.9,299.9,1308371,4115.08,32093,439618.0,33.6
EIMCOELECO, 18-Sep-2026,2247.0,2292.8,2240.0,2248.4,2247.4,15042,339.41,1931,7641.0,50.8
EKC, 18-Sep-2026,100.1,101.88,99.21,101.07,101.01,92899,93.37,1766,52898.0,56.94
EKI, 18-Sep-2026,67.51,69.89,67.5,68.34,68.36,6068,4.15,253,4339.0,71.51
ELANTAS, 18-Sep-2026,13747.0,14400.0,13561.0,14228.0,13686.0,3136,441.06,1607,1257.0,40.08
ELCIDIN, 18-Sep-2026,109735.0,109735.0,103820.0,105130.0,106270.0,13,13.86,13,8.0,61.54
ELDEHSG, 18-Sep-2026,788.0,789.95,770.25,781.7,767.1,209,1.64,41,161.0,77.03
ELECON, 18-Sep-2026,414.6,424.95,414.0,421.2,414.6,301790,1266.34,14095,93911.0,31.12
ELECTCAST, 18-Sep-2026,74.25,75.3,72.9,73.38,74.07,1797787,1322.54,15307,1029734.0,57.28
ELECTHERM, 18-Sep-2026,932.0,947.0,920.0,925.5,932.65,12959,120.14,310,10913.0,84.21
ELGIEQUIP, 18-Sep-2026,593.9,613.3,593.3,609.55,593.3,398074,2412.88,20986,216857.0,54.48
ELGIRUBCO, 18-Sep-2026,60.81,62.38,60.81,61.6,60.81,74237,45.79,632,49196.0,66.27
ELGNZ, 18-Sep-2026,83.05,86.7,82.75,85.85,85.5,23000,19.53,15,8000.0,34.78
ELIN, 18-Sep-2026,89.51,90.29,87.9,88.53,89.88,71187,63.09,1260,42467.0,59.66
ELIQUID, 18-Sep-2026,1048.39,1048.4,1048.39,1048.4,1047.99,9883,103.61,10,9883.0,100.0
ELITECON, 18-Sep-2026,7.37,8.13,7.37,7.99,7.75,15604333,1225.7,15798,9190865.0,58.9
ELLEN, 18-Sep-2026,371.0,387.0,370.7,373.1,371.0,733301,2768.66,15591,309633.0,42.22
ELM250, 18-Sep-2026,16.36,16.45,16.01,16.15,16.27,73569,11.94,281,47225.0,64.19
ELMDIV, 18-Sep-2026,35.39,35.5,35.39,35.5,35.22,4,0.0,2,4.0,100.0
ELPROINTL, 18-Sep-2026,172.86,174.58,170.97,172.53,173.26,15621,26.9,1881,12372.0,79.2
EMAMILTD, 18-Sep-2026,380.0,380.05,366.55,368.45,376.1,3703471,13743.55,74331,1841498.0,49.72
EMAMIREAL, 18-Sep-2026,69.4,69.4,66.15,67.18,67.87,3888,2.6,87,2907.0,74.77
EMAPARTNER, 18-Sep-2026,82.0,84.5,82.0,84.5,82.0,20000,16.57,9,18000.0,90.0
EMBASSY, 18-Sep-2026,439.46,446.6,437.5,441.07,439.46,5129525,22574.72,28060,4597276.0,89.62
EMBDL, 18-Sep-2026,55.0,55.0,53.5,53.88,54.91,2229839,1203.1,8889,968626.0,43.44
EMCURE, 18-Sep-2026,1915.9,2100.7,1915.1,2003.8,1909.8,1744754,34908.05,51792,1140456.0,65.36
EMETAL, 18-Sep-2026,12.99,13.1,12.87,13.05,12.99,6609,0.85,39,5957.0,90.13
EMIL, 18-Sep-2026,186.85,202.86,185.1,196.28,185.07,15751870,31095.81,153469,4185572.0,26.57
EMKAY, 18-Sep-2026,248.95,253.75,244.95,248.9,248.95,11664,29.0,358,7785.0,66.74
EMMIL, 18-Sep-2026,117.5,117.5,113.75,114.9,115.0,6250,7.19,20,5750.0,92.0
EMMVEE, 18-Sep-2026,328.65,333.0,326.6,328.0,325.5,974170,3209.28,26528,457752.0,46.99
EMPIND, 18-Sep-2026,1043.8,1064.8,1043.4,1057.1,1065.3,968,10.23,104,743.0,76.76
EMPOWER, 18-Sep-2026,2.38,2.38,2.38,2.38,2.5,1202346,28.62,1105,1200846.0,99.88
EMSLIMITED, 18-Sep-2026,364.5,371.25,362.0,366.65,364.5,104833,383.34,3238,44694.0,42.63
EMUDHRA, 18-Sep-2026,633.25,638.1,601.1,613.45,633.35,1272884,7815.94,35360,256767.0,20.17
EMULTIMQ, 18-Sep-2026,41.28,41.55,40.94,41.35,41.29,9268,3.84,169,5270.0,56.86
ENCOMPAS, 18-Sep-2026,260.0,260.0,227.0,238.85,259.9,56400,137.21,66,39600.0,70.21
ENDURANCE, 18-Sep-2026,2680.8,2743.6,2680.8,2732.0,2690.8,88695,2416.35,17705,63572.0,71.67
ENERGY, 18-Sep-2026,38.08,38.2,37.21,38.14,37.6,124531,47.34,683,89377.0,71.77
ENERGYAXIS, 18-Sep-2026,18.94,19.19,18.75,18.96,18.76,10923,2.06,46,4896.0,44.82
ENERGYDEV, 18-Sep-2026,14.66,15.01,14.5,14.68,14.66,18897,2.8,266,13676.0,72.37
ENEXT50, 18-Sep-2026,70.89,72.41,70.89,71.6,70.89,406,0.29,10,382.0,94.09
ENFUSE, 18-Sep-2026,142.0,142.0,142.0,142.0,142.0,1800,2.56,3,1200.0,66.67
ENGINERSIN, 18-Sep-2026,265.0,268.5,263.5,266.35,263.75,1732303,4612.45,27786,860578.0,49.68
ENIFTY, 18-Sep-2026,24.07,24.07,23.45,23.6,23.49,4415,1.04,69,4210.0,95.36
ENIL, 18-Sep-2026,100.0,102.8,99.5,101.9,100.85,13770,13.85,300,10688.0,77.62
ENKEIWHEL, 18-Sep-2026,388.0,404.9,385.4,395.1,392.6,827,3.24,83,670.0,81.02
ENRIN, 18-Sep-2026,3116.0,3250.0,3110.0,3228.0,3109.1,740325,23687.2,61825,494927.0,66.85
ENSER, 18-Sep-2026,15.2,15.2,14.05,14.1,15.0,35000,5.1,7,20000.0,57.14
ENTERO, 18-Sep-2026,1669.9,1737.8,1669.9,1732.3,1666.6,244661,4181.23,22667,114756.0,46.9
ENVIRO, 18-Sep-2026,69.0,69.0,65.05,66.0,67.65,28000,18.9,20,20000.0,71.43
EPACK, 18-Sep-2026,181.01,183.01,178.4,178.84,180.82,161343,289.38,3132,78859.0,48.88
EPACKPEB, 18-Sep-2026,225.0,231.61,224.41,226.26,222.26,315915,720.31,6805,129027.0,40.84
EPIGRAL, 18-Sep-2026,1101.9,1119.4,1093.1,1105.3,1101.4,25007,276.07,2774,14598.0,58.38
EPL, 18-Sep-2026,234.0,241.1,233.75,239.35,231.4,2325889,5556.41,30272,1416217.0,60.89
EPWINDIA, 18-Sep-2026,242.0,252.0,240.0,240.15,240.0,18000,44.55,13,14400.0,80.0
EQUAL200, 18-Sep-2026,13.48,13.6,13.48,13.6,13.43,2868,0.39,44,2101.0,73.26
EQUAL50, 18-Sep-2026,323.08,323.77,322.59,323.77,323.05,2038,6.59,12,109.0,5.35
EQUAL50ADD, 18-Sep-2026,333.64,334.5,333.05,334.35,333.34,6164,20.59,182,4601.0,74.64
EQUITASBNK, 18-Sep-2026,72.05,74.9,71.89,74.09,72.13,2395159,1762.67,9514,1521514.0,63.52
ERIS, 18-Sep-2026,1315.1,1355.1,1303.1,1321.3,1310.7,143139,1895.39,12093,74243.0,51.87
ESABINDIA, 18-Sep-2026,5618.5,5659.5,5600.5,5627.5,5618.5,3207,180.53,1268,1999.0,62.33
ESCONET, 18-Sep-2026,203.3,224.0,203.3,214.5,213.95,43200,90.12,80,37200.0,86.11
ESCORTS, 18-Sep-2026,2830.0,2836.8,2769.4,2798.2,2830.0,81690,2289.58,10890,50113.0,61.35
ESDS, 18-Sep-2026,1565.0,1594.0,1564.55,1564.55,1646.85,582208,9135.28,9293,365267.0,62.74
ESENSEX, 18-Sep-2026,75.39,75.51,74.84,75.51,75.15,1311,0.98,11,1300.0,99.16
ESFL, 18-Sep-2026,123.5,125.0,123.5,124.85,124.25,7200,8.94,16,6840.0,95.0
ESG, 18-Sep-2026,40.11,40.29,40.01,40.24,39.92,5616,2.25,62,4034.0,71.83
ESILVER, 18-Sep-2026,228.98,235.1,228.98,234.3,226.68,255075,597.16,2677,222798.0,87.35
ESPRIT, 18-Sep-2026,62.25,64.25,62.25,64.1,60.5,11200,7.1,7,8000.0,71.43
ESSARSHPNG, 18-Sep-2026,16.46,16.53,16.06,16.19,16.14,112302,18.27,545,82208.0,73.2
ESSENTIA, 18-Sep-2026,1.03,1.04,1.02,1.03,1.02,1591457,16.39,678,1050280.0,65.99
ESTER, 18-Sep-2026,87.56,88.9,86.6,87.67,86.76,36137,31.56,691,22078.0,61.1
ETERNAL, 18-Sep-2026,328.5,329.75,325.7,326.85,322.35,17696853,57984.0,98817,9746344.0,55.07
ETHOSLTD, 18-Sep-2026,2655.0,2682.6,2612.6,2661.5,2651.0,27302,724.71,6994,13852.0,50.74
ETL, 18-Sep-2026,1050.0,1057.5,1050.0,1057.25,1040.0,750,7.9,5,600.0,80.0
ETML, 18-Sep-2026,80.0,82.0,80.0,81.6,80.0,3600,2.92,3,2400.0,66.67
EUREKAFORB, 18-Sep-2026,393.4,395.25,383.0,385.3,391.1,438600,1692.28,19601,265429.0,60.52
EUROBOND, 18-Sep-2026,150.0,154.0,147.03,148.05,148.49,4198,6.25,92,2411.0,57.43
EUROPRATIK, 18-Sep-2026,232.0,235.7,229.1,231.75,234.85,211870,491.89,4387,58411.0,27.57
EVEREADY, 18-Sep-2026,334.1,341.5,328.5,331.0,334.1,178458,593.61,4210,103675.0,58.09
EVIETF, 18-Sep-2026,31.92,32.95,31.73,32.04,31.71,133816,42.78,502,81935.0,61.23
EVINDIA, 18-Sep-2026,32.48,32.48,31.78,32.0,31.84,100432,32.08,1133,73176.0,72.86
EXCELINDUS, 18-Sep-2026,963.8,979.9,945.1,958.2,963.8,12412,118.72,1047,5975.0,48.14
EXCELLENT, 18-Sep-2026,195.0,195.0,195.0,195.0,205.0,3200,6.24,2,1600.0,50.0
EXCELSOFT, 18-Sep-2026,80.0,80.19,77.24,78.08,79.8,372636,292.79,3235,172895.0,46.4
EXICOM, 18-Sep-2026,160.0,165.2,160.0,163.68,160.09,730474,1192.06,8853,266722.0,36.51
EXIDEIND, 18-Sep-2026,419.35,444.7,419.35,435.85,418.6,5570954,24227.64,87157,2544769.0,45.68
EXIMROUTES, 18-Sep-2026,102.0,106.05,94.05,94.75,103.0,12800,12.29,15,9600.0,75.0
EXPLEOSOL, 18-Sep-2026,898.05,900.9,875.0,881.95,898.05,20658,183.49,1548,10970.0,53.1
EXXARO, 18-Sep-2026,6.2,6.39,6.2,6.25,6.26,115668,7.24,345,95904.0,82.91
FABTECH, 18-Sep-2026,147.4,148.98,146.92,147.93,146.92,41486,61.34,492,21625.0,52.13
FACT, 18-Sep-2026,764.95,767.65,753.05,764.2,759.8,66764,508.02,4702,19346.0,28.98
FALCONTECH, 18-Sep-2026,11.95,13.75,11.7,13.05,11.5,13200,1.63,11,9600.0,72.73
FASCINATE, 18-Sep-2026,43.7,47.85,43.45,47.85,45.6,270400,126.48,206,209600.0,77.51
FAZE3Q, 18-Sep-2026,442.0,448.0,438.0,442.95,442.15,11314,50.04,678,7445.0,65.8
FCL, 18-Sep-2026,53.31,57.75,52.9,57.02,52.99,26160940,14560.99,78801,6966016.0,26.63
FCSSOFT, 18-Sep-2026,1.42,1.43,1.41,1.41,1.42,856983,12.13,899,620796.0,72.44
FDC, 18-Sep-2026,353.15,354.15,347.7,352.5,352.15,115044,403.96,3947,69141.0,60.1
FEDDERSHOL, 18-Sep-2026,52.8,53.39,52.7,52.9,52.29,4766815,2526.98,19372,853382.0,17.9
FEDERALBNK, 18-Sep-2026,332.8,335.4,325.4,332.75,332.75,14568034,48139.6,130568,9314058.0,63.93
FEDFINA, 18-Sep-2026,152.27,156.0,151.82,155.25,152.27,792266,1221.58,13741,405950.0,51.24
FELIX, 18-Sep-2026,203.5,207.75,201.0,206.15,203.95,21500,43.85,40,14500.0,67.44
FERMENTA, 18-Sep-2026,465.7,478.9,465.7,474.15,465.7,26096,123.14,1441,15164.0,58.11
FIBERWEB, 18-Sep-2026,26.49,26.57,25.8,26.1,26.4,9330,2.44,148,7113.0,76.24
FIDEL, 18-Sep-2026,155.85,165.3,155.85,161.55,157.4,39000,62.7,35,28000.0,71.79
FIEMIND, 18-Sep-2026,1907.0,1963.9,1907.0,1937.3,1900.9,71600,1392.13,10107,38930.0,54.37
FILATEX, 18-Sep-2026,90.32,94.5,87.73,93.83,90.35,6299414,5797.54,40939,2031162.0,32.24
FILATFASH, 18-Sep-2026,0.19,0.19,0.17,0.17,0.18,16682906,30.14,2044,13756221.0,82.46
FINBUD, 18-Sep-2026,124.85,125.0,122.1,122.3,124.9,15000,18.52,14,12000.0,80.0
FINCABLES, 18-Sep-2026,1399.0,1434.7,1390.2,1411.2,1395.8,1061919,14990.17,53814,450708.0,42.44
FINEORG, 18-Sep-2026,5219.5,5271.0,5160.0,5199.0,5202.0,45907,2388.64,10012,30435.0,66.3
FINIETF, 18-Sep-2026,32.17,32.46,32.06,32.28,31.93,140103,45.1,836,112355.0,80.19
FINKURVE, 18-Sep-2026,74.93,76.9,72.14,73.1,75.05,35407,26.08,609,15321.0,43.27
FINOPB, 18-Sep-2026,135.87,137.7,135.0,135.48,136.43,82685,112.45,1519,41868.0,50.64
FINPIPE, 18-Sep-2026,154.0,156.0,153.03,154.63,154.43,484153,749.01,13954,231602.0,47.84
FIRSTCRY, 18-Sep-2026,169.8,173.0,163.37,172.15,169.25,6662007,11185.36,59111,1470300.0,22.07
FISCHER, 18-Sep-2026,33.31,33.76,32.71,33.15,33.3,361136,119.61,2290,207435.0,57.44
FIVESTAR, 18-Sep-2026,527.5,545.9,524.0,538.45,530.95,741259,3960.27,34441,318603.0,42.98
FLAIR, 18-Sep-2026,239.99,240.0,232.2,235.23,237.13,44067,103.76,1451,18556.0,42.11
FLEXIADD, 18-Sep-2026,9.72,9.85,9.71,9.79,9.73,103179,10.06,311,69232.0,67.1
FLUOROCHEM, 18-Sep-2026,4490.0,4613.9,4490.0,4586.7,4471.8,225937,10315.46,17132,158606.0,70.2
FLYSBS, 18-Sep-2026,666.6,685.0,663.0,670.4,651.3,53800,363.11,227,41600.0,77.32
FMCGADD, 18-Sep-2026,46.18,46.18,45.75,46.02,45.96,16877,7.76,88,8759.0,51.9
FMCGIETF, 18-Sep-2026,49.49,49.49,48.87,49.28,49.12,1479012,726.27,3295,756728.0,51.16
FMGOETZE, 18-Sep-2026,447.5,455.0,444.45,446.15,447.5,117700,528.95,4058,53275.0,45.26
FMNL, 18-Sep-2026,8.75,9.35,8.53,9.24,8.91,103859,9.28,298,68340.0,65.8
FONEBOX, 18-Sep-2026,132.2,132.2,132.0,132.2,125.95,33000,43.62,26,31000.0,93.94
FOODSIN, 18-Sep-2026,53.55,55.29,53.12,54.57,54.79,62580,33.88,839,38038.0,60.78
FORCAS, 18-Sep-2026,218.5,218.5,205.0,213.95,209.3,9600,20.18,5,6400.0,66.67
FORCEMOT, 18-Sep-2026,17622.0,17882.0,17488.0,17488.0,17650.0,63130,11189.62,15422,36485.0,57.79
FORGEAUTO, 18-Sep-2026,100.0,100.0,95.65,99.95,100.0,8400,8.35,6,7200.0,85.71
FORTIS, 18-Sep-2026,884.7,899.7,884.7,886.0,886.1,1928099,17201.31,32005,1446880.0,75.04
FOSECOIND, 18-Sep-2026,6787.5,6974.5,6622.5,6677.5,6765.5,44756,3030.71,12932,10997.0,24.57
FRACTAL, 18-Sep-2026,755.0,768.0,744.9,764.35,750.75,203930,1546.27,15306,113086.0,55.45
FREDUN, 18-Sep-2026,1300.2,1324.0,1288.1,1303.5,1278.2,65181,850.34,4708,33619.0,51.58
FRESHARA, 18-Sep-2026,448.4,452.0,437.2,450.95,443.95,10800,48.06,17,9600.0,88.89
FROG, 18-Sep-2026,303.0,303.0,268.0,281.7,299.4,35600,100.08,69,25200.0,70.79
FRONTSP, 18-Sep-2026,1199.0,1226.9,1178.0,1198.4,1197.4,15604,187.18,1931,8081.0,51.79
FSL, 18-Sep-2026,272.0,275.5,269.4,273.45,273.1,1243136,3398.18,24556,563375.0,45.32
FUSION, 18-Sep-2026,184.02,186.02,181.82,185.12,184.45,511372,940.79,8611,273408.0,53.47
FWSTC, 18-Sep-2026,160.95,169.5,154.0,161.45,152.4,63600,102.8,75,60600.0,95.28
GABRIEL, 18-Sep-2026,1290.1,1336.0,1290.0,1321.8,1283.7,293065,3871.37,25624,151241.0,51.61
GAEL, 18-Sep-2026,160.1,160.6,156.25,156.95,159.41,962051,1523.3,23022,541348.0,56.27
GAIL, 18-Sep-2026,172.0,174.65,172.0,173.9,172.0,8527161,14799.33,65543,6004479.0,70.42
GAJA, 18-Sep-2026,145.84,145.84,142.0,142.5,145.03,198526,283.94,2969,93327.0,47.01
GAJANAND, 18-Sep-2026,7.8,7.8,7.8,7.8,7.75,3000,0.23,1,3000.0,100.0
GALAPREC, 18-Sep-2026,1005.9,1024.9,1001.5,1011.2,998.9,12068,122.21,1394,6207.0,51.43
GALAXYSURF, 18-Sep-2026,2271.0,2271.1,2201.0,2215.2,2257.0,22064,491.37,4167,9923.0,44.97
GALLANTT, 18-Sep-2026,545.85,553.95,541.0,547.15,537.7,73721,404.33,5324,28507.0,38.67
GANDHAR, 18-Sep-2026,268.2,277.2,268.0,276.2,269.4,670870,1834.92,10761,337711.0,50.34
GANDHITUBE, 18-Sep-2026,897.0,904.0,865.0,899.2,894.0,7643,67.77,496,3918.0,51.26
GANECOS, 18-Sep-2026,992.0,1015.0,982.2,1002.0,990.6,99501,995.49,8802,43972.0,44.19
GANESHCP, 18-Sep-2026,165.97,171.24,163.51,169.2,164.47,98944,165.48,2366,51944.0,52.5
GANESHHOU, 18-Sep-2026,758.0,758.0,735.25,741.45,751.65,25397,188.8,1442,18774.0,73.92
GANESHIN, 18-Sep-2026,93.05,94.5,93.0,93.1,92.25,41600,38.95,19,40800.0,98.08
GANGABATH, 18-Sep-2026,19.8,20.55,19.25,20.55,20.05,12000,2.39,4,9000.0,75.0
GANGAFORGE, 18-Sep-2026,1.57,1.58,1.55,1.55,1.57,1827820,28.62,942,1143110.0,62.54
GANGESSECU, 18-Sep-2026,116.79,117.0,114.15,114.15,113.05,669,0.77,19,555.0,82.96
GARFIBRES, 18-Sep-2026,799.7,840.0,791.3,819.0,799.7,56698,461.15,3341,28788.0,50.77
GARUDA, 18-Sep-2026,175.8,176.84,174.16,175.53,174.82,180277,316.47,3289,88798.0,49.26
GATEWAY, 18-Sep-2026,53.33,53.33,52.65,52.87,52.75,660523,349.42,3695,464463.0,70.32
GAUDIUMIVF, 18-Sep-2026,118.96,118.96,114.23,116.22,114.79,155323,180.78,1601,106576.0,68.62
GAYAHWS, 18-Sep-2026,1.87,1.95,1.82,1.9,1.89,253808,4.82,403,172201.0,67.85
GAYAPROJ, 18-Sep-2026,23.78,24.8,23.57,24.72,23.62,1572098,386.9,3070,870696.0,55.38
GCHOTELS, 18-Sep-2026,113.4,115.05,113.0,115.05,109.6,35400,40.63,33,35400.0,100.0
GCSL, 18-Sep-2026,588.6,620.5,588.6,618.55,594.35,622465,3800.67,7554,199440.0,32.04
GEEKAYWIRE, 18-Sep-2026,34.0,35.0,33.06,33.25,33.46,814069,277.96,4380,528122.0,64.87
GEMAROMA, 18-Sep-2026,152.4,155.3,147.65,149.1,151.9,145529,217.67,1857,98160.0,67.45
GENCON, 18-Sep-2026,39.81,41.5,39.12,40.01,39.56,237077,95.34,584,13681.0,5.77
GENESYS, 18-Sep-2026,286.0,296.0,281.25,285.19,284.42,496070,1433.96,10293,154920.0,31.23
GENUSPAPER, 18-Sep-2026,11.18,11.45,11.18,11.41,11.18,40231,4.54,197,27340.0,67.96
GENUSPOWER, 18-Sep-2026,305.0,315.65,304.6,310.75,303.15,3184194,9896.8,34829,1330219.0,41.78
GENXAI, 18-Sep-2026,76.0,76.6,76.0,76.5,75.3,6000,4.59,5,6000.0,100.0
GEOJITFSL, 18-Sep-2026,80.12,83.5,79.56,81.99,80.12,713593,586.9,5414,344423.0,48.27
GESHIP, 18-Sep-2026,1425.0,1439.7,1413.7,1432.1,1425.1,465939,6646.51,24960,234149.0,50.25
GFLLIMITED, 18-Sep-2026,56.02,56.98,55.16,56.43,55.7,23959,13.45,271,17049.0,71.16
GGBL, 18-Sep-2026,206.55,209.5,204.0,205.4,207.9,27000,55.67,85,17400.0,64.44
GHCL, 18-Sep-2026,422.0,428.0,418.3,421.7,420.1,157583,665.1,4930,102460.0,65.02
GHCLTEXTIL, 18-Sep-2026,125.4,125.6,122.5,124.51,124.33,222126,275.3,6704,114554.0,51.57
GICHSGFIN, 18-Sep-2026,136.3,141.0,135.62,139.35,135.97,89007,122.72,1008,59505.0,66.85
GICRE, 18-Sep-2026,340.75,353.25,340.55,351.0,339.8,1183930,4130.01,19599,812643.0,68.64
GILLANDERS, 18-Sep-2026,103.0,106.0,98.6,104.52,103.87,1721,1.78,52,1487.0,86.4
GILLETTE, 18-Sep-2026,7340.0,7340.0,7031.5,7073.0,7307.0,52262,3722.21,12190,36528.0,69.89
GILT10BETA, 18-Sep-2026,26.14,26.67,26.14,26.66,26.65,641,0.17,13,527.0,82.22
GILT5BETA, 18-Sep-2026,65.28,66.6,65.28,66.59,66.59,117,0.08,4,92.0,78.63
GILT5YBEES, 18-Sep-2026,65.95,65.96,65.75,65.8,65.81,117989,77.68,344,74429.0,63.08
GIPCL, 18-Sep-2026,186.0,189.06,185.26,188.35,186.12,253911,476.44,5004,149027.0,58.69
GIRIRAJ, 18-Sep-2026,85.0,85.05,77.3,77.3,81.0,2250,1.84,7,2000.0,88.89
GJL, 18-Sep-2026,277.5,306.65,277.5,303.4,292.05,8800,26.5,11,8000.0,90.91
GKB, 18-Sep-2026,62.6,69.89,62.6,67.44,65.13,10541,6.95,59,2970.0,28.18
GKENERGY, 18-Sep-2026,119.92,123.0,118.22,119.77,118.98,561130,672.99,6120,255280.0,45.49
GKSL, 18-Sep-2026,178.14,186.0,178.13,181.25,177.82,273151,500.01,6196,95703.0,35.04
GKWLIMITED, 18-Sep-2026,1604.9,1604.9,1566.0,1587.1,1604.9,208,3.3,30,143.0,68.75
GLAND, 18-Sep-2026,2907.2,2978.0,2904.0,2961.9,2907.8,492452,14562.9,44319,319412.0,64.86
GLASSWALL, 18-Sep-2026,267.98,304.2,258.35,269.51,257.82,73819973,207448.94,707345,5624062.0,7.62
GLAXO, 18-Sep-2026,2800.0,2900.0,2800.0,2838.8,2799.9,125265,3547.64,13872,88399.0,70.57
GLENMARK, 18-Sep-2026,2409.8,2447.4,2396.8,2447.4,2416.0,545520,13200.68,27902,362810.0,66.51
GLFL, 18-Sep-2026,5.35,5.35,5.03,5.06,5.11,320,0.02,10,240.0,75.0
GLOBAL, 18-Sep-2026,127.8,131.0,125.06,130.16,127.17,143869,185.31,1846,76793.0,53.38
GLOBALE, 18-Sep-2026,10.95,11.85,10.93,11.0,11.5,8037,0.91,31,4545.0,56.55
GLOBALPET, 18-Sep-2026,163.0,163.0,163.0,163.0,163.0,750,1.22,1,750.0,100.0
GLOBALVECT, 18-Sep-2026,127.7,132.78,125.0,131.58,125.52,6742,8.7,257,4320.0,64.08
GLOBE, 18-Sep-2026,1.79,2.1,1.75,2.07,1.78,2740470,53.54,1072,2139631.0,78.08
GLOBECIVIL, 18-Sep-2026,43.8,43.8,42.0,42.26,42.46,21470,9.06,344,15967.0,74.37
GLOBUSSPR, 18-Sep-2026,837.45,841.35,815.3,819.75,830.75,68570,563.56,3930,40733.0,59.4
GLOSTERLTD, 18-Sep-2026,578.5,587.0,578.2,586.2,578.0,325,1.9,34,256.0,78.77
GLOTTIS, 18-Sep-2026,57.71,59.7,57.71,59.48,58.0,24282,14.38,422,19162.0,78.91
GMBREW, 18-Sep-2026,937.05,964.95,934.0,953.95,937.05,70274,670.19,4061,39897.0,56.77
GMDCLTD, 18-Sep-2026,551.0,559.8,551.0,556.45,549.15,635840,3530.88,21302,239397.0,37.65
GMMPFAUDLR, 18-Sep-2026,1370.0,1475.0,1370.0,1467.0,1363.4,1207844,17445.59,77124,418886.0,34.68
GMRAIRPORT, 18-Sep-2026,95.51,99.3,95.41,99.3,95.04,21945461,21419.55,61411,15970769.0,72.77
GMRP&UI, 18-Sep-2026,92.11,94.88,91.0,92.31,92.13,1263129,1170.85,10354,557902.0,44.17
GNA, 18-Sep-2026,539.95,588.8,539.95,558.55,536.55,2062341,11664.29,50701,730304.0,35.41
GNFC, 18-Sep-2026,578.85,594.35,574.0,588.9,584.85,1359872,7968.32,32647,383522.0,28.2
GNRL, 18-Sep-2026,101.6,103.99,96.69,98.43,101.05,205527,204.63,6526,81863.0,39.83
GOACARBON, 18-Sep-2026,387.0,387.0,375.0,377.6,378.3,21751,82.9,1305,10818.0,49.74
GOCLCORP, 18-Sep-2026,458.15,461.4,442.15,446.1,456.15,522016,2350.45,18067,272228.0,52.15
GOCOLORS, 18-Sep-2026,309.8,310.75,304.1,306.0,308.1,44609,137.04,1320,27701.0,62.1
GODAVARIB, 18-Sep-2026,242.41,243.0,238.55,241.01,243.31,80755,194.41,2357,31456.0,38.95
GODFRYPHLP, 18-Sep-2026,1948.0,2018.0,1943.7,2018.0,1943.0,404029,8053.85,26408,108498.0,26.85
GODIGIT, 18-Sep-2026,255.5,255.9,235.8,239.0,255.5,3424067,8269.83,65691,2072171.0,60.52
GODREJAGRO, 18-Sep-2026,656.3,670.0,645.7,661.6,653.6,161090,1060.27,7008,88835.0,55.15
GODREJCP, 18-Sep-2026,875.3,886.0,870.45,880.0,873.0,1410736,12417.02,20456,921154.0,65.3
GODREJIND, 18-Sep-2026,1127.3,1132.4,1095.1,1107.4,1127.3,114004,1259.43,9700,67909.0,59.57
GODREJPROP, 18-Sep-2026,1686.9,1721.3,1686.6,1691.1,1678.2,659676,11214.83,31213,358880.0,54.4
GOKEX, 18-Sep-2026,732.1,743.9,723.1,727.75,727.55,166162,1214.82,10230,77571.0,46.68
GOKUL, 18-Sep-2026,40.48,40.9,39.69,40.43,39.74,137161,54.91,550,27050.0,19.72
GOKULAGRO, 18-Sep-2026,219.0,226.98,219.0,224.24,218.17,245236,545.85,8186,120920.0,49.31
GOLD1, 18-Sep-2026,126.8,128.17,126.64,127.68,125.62,1925096,2455.6,9631,968015.0,50.28
GOLD360, 18-Sep-2026,148.45,149.85,147.95,149.1,147.25,6821,10.16,215,3663.0,53.7
GOLDADD, 18-Sep-2026,14.73,14.93,14.72,14.86,14.63,7975560,1186.32,3749,5392365.0,67.61
GOLDAXIS, 18-Sep-2026,126.6,128.16,126.42,127.67,125.24,2006311,2558.26,3615,1703922.0,84.93
GOLDBEES, 18-Sep-2026,125.51,126.95,125.47,126.48,124.43,28783409,36365.17,80392,16383832.0,56.92
GOLDBETA, 18-Sep-2026,127.35,129.05,127.35,128.6,126.85,806701,1035.37,2182,510374.0,63.27
GOLDBND, 18-Sep-2026,153.56,154.0,150.71,153.21,150.55,44050,67.24,308,39537.0,89.75
GOLDCASE, 18-Sep-2026,23.86,24.2,23.86,24.07,23.69,8804176,2117.48,7761,4329417.0,49.17
GOLDETF, 18-Sep-2026,147.29,149.02,147.29,148.57,146.44,2707257,4017.96,6195,1575116.0,58.18
GOLDIAM, 18-Sep-2026,325.9,329.2,322.1,326.75,325.6,282706,920.75,6488,128985.0,45.63
GOLDIETF, 18-Sep-2026,129.82,131.62,129.82,131.16,128.97,4606964,6032.51,23463,2610007.0,56.65
GOLDSTAR, 18-Sep-2026,9.2,9.45,9.15,9.15,9.0,438750,41.39,17,427500.0,97.44
GOODLUCK, 18-Sep-2026,509.9,523.5,509.9,517.25,509.75,363708,1887.24,10306,174591.0,48.0
GOODYEAR, 18-Sep-2026,704.6,716.55,702.0,704.85,706.15,5290,37.36,602,3985.0,75.33
GOPAL, 18-Sep-2026,252.25,257.4,248.25,256.75,252.25,121271,305.47,3528,66233.0,54.62
GOYALALUM, 18-Sep-2026,5.85,5.99,5.3,5.77,5.9,189846,10.76,1082,112739.0,59.38
GOYALSALT, 18-Sep-2026,102.0,102.0,100.05,100.05,103.0,4800,4.82,8,4800.0,100.0
GPECO, 18-Sep-2026,400.15,408.0,394.0,396.65,400.15,8200,32.84,36,7400.0,90.24
GPIL, 18-Sep-2026,238.39,239.42,232.3,233.47,238.39,1620482,3801.96,16039,1084513.0,66.93
GPPL, 18-Sep-2026,162.9,163.2,158.35,160.35,162.59,1713766,2737.42,20461,901576.0,52.61
GPTHEALTH, 18-Sep-2026,164.3,170.4,163.61,166.21,163.61,319398,535.49,8351,146270.0,45.8
GPTINFRA, 18-Sep-2026,119.17,123.32,116.35,118.96,113.56,3008060,3602.1,21726,375882.0,12.5
GRANDOAK, 18-Sep-2026,35.48,35.48,33.55,34.23,34.07,2900,1.0,113,1425.0,49.14
GRANULES, 18-Sep-2026,874.0,890.4,865.9,875.5,870.4,1200729,10541.67,41555,647972.0,53.96
GRAPHITE, 18-Sep-2026,815.0,838.0,810.0,830.85,814.1,2312208,19162.48,57695,962911.0,41.64
GRASIM, 18-Sep-2026,3175.0,3209.2,3174.5,3209.2,3173.1,682793,21812.5,28832,476531.0,69.79
GRAUWEIL, 18-Sep-2026,83.0,88.53,82.25,86.62,79.09,14617872,12698.94,89051,2115014.0,14.47
GRAVITA, 18-Sep-2026,1611.6,1636.0,1585.7,1598.4,1611.6,377745,6058.9,26438,216918.0,57.42
GRCL, 18-Sep-2026,572.5,572.5,572.5,572.5,572.5,500,2.86,1,500.0,100.0
GREAVESCOT, 18-Sep-2026,192.1,200.13,192.1,197.35,191.72,1549231,3059.18,23234,721711.0,46.59
GREENCHEF, 18-Sep-2026,70.0,74.0,70.0,73.5,71.7,22400,16.22,25,19200.0,85.71
GREENLAM, 18-Sep-2026,236.0,238.19,228.96,231.51,236.73,75198,174.17,2039,36986.0,49.18
GREENPANEL, 18-Sep-2026,158.5,159.9,154.48,157.83,158.4,701624,1096.78,8812,484955.0,69.12
GREENPLY, 18-Sep-2026,291.25,296.95,288.55,292.85,293.2,221495,648.54,3890,135776.0,61.3
GREENPOWER, 18-Sep-2026,9.4,9.4,9.0,9.05,9.05,3333043,304.05,3833,1746055.0,52.39
GRINDWELL, 18-Sep-2026,1862.0,1914.0,1862.0,1895.6,1862.2,41705,790.31,8004,27099.0,64.98
GRINFRA, 18-Sep-2026,823.15,837.8,815.1,825.9,829.05,47000,388.4,2892,17068.0,36.31
GRMOVER, 18-Sep-2026,80.0,82.38,79.76,81.64,80.13,1123465,915.47,5557,244421.0,21.76
GROBTEA, 18-Sep-2026,925.0,925.0,921.0,921.9,930.0,139,1.28,16,108.0,77.7
GROWW, 18-Sep-2026,189.0,195.5,185.7,191.76,187.44,73111303,139391.44,280736,47257322.0,64.64
GROWWCAPM, 18-Sep-2026,11.29,11.29,11.1,11.24,11.12,516604,57.93,648,275943.0,53.41
GROWWCHEM, 18-Sep-2026,29.37,29.37,28.76,29.3,29.06,29833,8.73,246,16833.0,56.42
GROWWDEFNC, 18-Sep-2026,93.38,94.35,92.31,93.86,92.31,167199,156.66,2464,78656.0,47.04
GROWWEV, 18-Sep-2026,32.18,32.18,31.69,31.94,31.69,137774,43.85,1388,63602.0,46.16
GROWWGOLD, 18-Sep-2026,14.81,14.99,14.81,14.94,14.69,1882882,280.85,2798,522271.0,27.74
GROWWHOSPI, 18-Sep-2026,52.22,53.16,52.14,53.01,52.22,266394,140.89,911,158591.0,59.53
GROWWLIQID, 18-Sep-2026,110.81,110.82,110.81,110.81,110.77,102618,113.71,137,80094.0,78.05
GROWWLOVOL, 18-Sep-2026,10.08,10.24,10.08,10.12,10.08,13538,1.37,99,6190.0,45.72
GROWWMC150, 18-Sep-2026,226.64,228.98,226.44,228.5,226.57,165,0.38,11,121.0,73.33
GROWWMETAL, 18-Sep-2026,12.2,12.44,12.2,12.37,12.2,443476,54.83,1346,275220.0,62.06
GROWWMOM50, 18-Sep-2026,10.8,10.96,10.77,10.88,10.77,144864,15.73,410,134208.0,92.64
GROWWN200, 18-Sep-2026,11.04,11.22,10.91,11.12,11.04,14116,1.56,203,9726.0,68.9
GROWWNET, 18-Sep-2026,10.68,11.05,10.68,10.92,10.73,446972,48.66,598,353355.0,79.06
GROWWNIFTY, 18-Sep-2026,9.65,9.65,9.4,9.48,9.42,375003,35.44,3052,223630.0,59.63
GROWWNXT50, 18-Sep-2026,71.46,72.75,71.46,72.64,71.56,1327,0.96,69,1067.0,80.41
GROWWPOWER, 18-Sep-2026,11.06,11.26,10.98,11.21,11.07,1720753,192.39,1794,873832.0,50.78
GROWWPSE, 18-Sep-2026,96.57,98.8,94.6,98.36,96.57,2729,2.65,136,2106.0,77.17
GROWWPSUBK, 18-Sep-2026,81.11,84.6,81.11,83.61,82.61,12152,10.12,120,4163.0,34.26
GROWWRAIL, 18-Sep-2026,27.12,27.59,26.95,27.44,26.99,641865,175.42,2348,393547.0,61.31
GROWWRLTY, 18-Sep-2026,9.49,9.56,9.39,9.54,9.39,2189718,208.29,433,2135234.0,97.51
GROWWSC250, 18-Sep-2026,10.69,10.69,10.38,10.54,10.38,183371,19.25,1029,126732.0,69.11
GROWWSLVR, 18-Sep-2026,22.5,23.06,22.5,22.92,22.17,2841992,650.12,4083,1878562.0,66.1
GRPLTD, 18-Sep-2026,2018.3,2021.5,1974.2,2008.2,1971.9,1162,23.24,151,1021.0,87.87
GRSE, 18-Sep-2026,2349.0,2430.0,2345.0,2411.8,2339.8,531793,12763.9,42232,229286.0,43.12
GRWRHITECH, 18-Sep-2026,6520.0,6761.5,6520.0,6724.5,6502.5,29770,1988.78,7578,15318.0,51.45
GSEC10IETF, 18-Sep-2026,263.97,263.97,263.97,263.97,263.89,2,0.01,2,2.0,100.0
GSEC10YEAR, 18-Sep-2026,30.35,30.35,30.19,30.31,30.35,279,0.08,11,148.0,53.05
GSEC5IETF, 18-Sep-2026,65.64,66.4,65.64,66.4,66.14,563,0.37,25,368.0,65.36
GSFC, 18-Sep-2026,153.05,153.72,150.35,151.92,152.27,1280620,1943.16,10337,546501.0,42.67
GSLSU, 18-Sep-2026,27.27,28.78,27.27,28.04,28.17,24429,6.83,259,14139.0,57.88
GSMFOILS, 18-Sep-2026,94.6,94.6,85.6,85.6,90.1,539500,490.56,668,273000.0,50.6
GSPCROP, 18-Sep-2026,482.0,493.85,479.0,482.1,484.05,277176,1342.93,5230,36941.0,13.33
GSS, 18-Sep-2026,10.28,10.6,10.08,10.37,10.02,31000,3.21,208,22090.0,71.26
GSTL, 18-Sep-2026,11.2,11.9,11.2,11.9,11.45,3000,0.34,3,2000.0,66.67
GTECJAINX, 18-Sep-2026,26.78,28.38,26.0,26.86,27.33,8169,2.26,70,5148.0,63.02
GTL, 18-Sep-2026,7.02,7.15,7.02,7.09,7.06,57543,4.06,324,44369.0,77.11
GTLINFRA, 18-Sep-2026,1.14,1.17,1.13,1.15,1.14,29685116,341.31,9732,11189767.0,37.69
GTPL, 18-Sep-2026,57.68,57.9,56.8,56.96,56.62,73098,41.76,938,56660.0,77.51
GUFICBIO, 18-Sep-2026,422.3,439.9,422.3,436.0,425.5,58865,255.98,3045,27678.0,47.02
GUJALKALI, 18-Sep-2026,661.55,668.8,631.1,638.7,673.75,217900,1398.52,10852,95419.0,43.79
GUJAPOLLO, 18-Sep-2026,333.95,354.95,324.0,350.1,324.0,36321,123.4,1199,23173.0,63.8
GUJENERGY, 18-Sep-2026,239.95,251.0,238.4,244.64,239.43,6160841,15073.16,62578,3871385.0,62.84
GUJRAFFIA, 18-Sep-2026,40.91,41.8,40.05,40.25,40.91,3547,1.44,67,2101.0,59.23
GUJTHEM, 18-Sep-2026,420.15,440.0,418.5,427.4,420.15,580582,2514.33,16778,288473.0,49.69
GULFOILLUB, 18-Sep-2026,1070.9,1073.1,1061.3,1070.1,1064.0,30222,323.18,3972,20567.0,68.05
GULPOLY, 18-Sep-2026,171.25,172.0,168.17,169.99,171.05,99834,169.57,2287,52897.0,52.98
GURUNANAK, 18-Sep-2026,36.15,36.15,36.15,36.15,37.0,1600,0.58,1,1600.0,100.0
GVPIL, 18-Sep-2026,631.0,656.1,628.85,656.1,624.9,128144,833.11,3551,70585.0,55.08
GVT&D, 18-Sep-2026,4389.8,4433.9,4357.5,4385.0,4341.0,809572,35523.76,54674,495497.0,61.2
GYFTR, 18-Sep-2026,177.51,182.49,168.18,171.05,176.12,223375,382.68,2821,173595.0,77.71
HAL, 18-Sep-2026,4804.9,4890.0,4780.0,4800.3,4788.0,972849,47052.32,53601,501625.0,51.56
HALDER, 18-Sep-2026,286.2,293.1,277.0,280.95,297.15,482,1.38,64,285.0,59.13
HALEOSLABS, 18-Sep-2026,1493.5,1524.9,1470.0,1497.6,1493.0,777,11.61,90,522.0,67.18
HAMPTON, 18-Sep-2026,8.99,8.99,7.93,8.22,8.26,115275,9.47,140,109777.0,95.23
HAPPSTMNDS, 18-Sep-2026,329.0,329.8,319.0,321.55,327.9,860696,2782.38,17204,337968.0,39.27
HAPPY, 18-Sep-2026,76.0,82.0,76.0,79.9,77.7,42000,33.41,21,34000.0,80.95
HAPPYFORGE, 18-Sep-2026,2177.8,2180.9,2140.0,2148.3,2143.2,61172,1320.0,9926,34407.0,56.25
HARDWYN, 18-Sep-2026,9.12,9.24,9.02,9.16,9.07,693563,63.28,627,362079.0,52.21
HARIOMPIPE, 18-Sep-2026,354.95,369.95,348.9,362.9,349.65,170163,616.25,6899,61676.0,36.25
HARRMALAYA, 18-Sep-2026,183.45,183.45,178.0,178.49,180.71,10216,18.38,353,7954.0,77.86
HARSHA, 18-Sep-2026,435.25,451.0,435.25,440.45,433.85,92889,411.92,4359,51094.0,55.01
HATHWAY, 18-Sep-2026,10.02,10.1,9.91,9.98,10.02,1165234,116.59,1812,792614.0,68.02
HATSUN, 18-Sep-2026,1186.9,1186.9,1125.1,1139.1,1181.6,78526,899.58,10386,37428.0,47.66
HAVELLS, 18-Sep-2026,1086.0,1132.4,1086.0,1132.4,1092.0,745375,8255.61,26029,469708.0,63.02
HAVISHA, 18-Sep-2026,1.38,1.38,1.31,1.33,1.32,14206,0.19,71,12034.0,84.71
HAWKINCOOK, 18-Sep-2026,8364.5,8364.5,8250.0,8286.0,8251.5,937,77.75,478,684.0,73.0
HAZOOR, 18-Sep-2026,18.55,19.9,17.75,19.3,18.55,2904804,556.35,7086,510188.0,17.56
HBESD, 18-Sep-2026,70.0,74.5,69.3,73.57,71.61,1323,0.95,33,711.0,53.74
HBLENGINE, 18-Sep-2026,754.0,768.0,751.0,760.0,756.75,1898943,14430.79,45457,736767.0,38.8
HBPOR, 18-Sep-2026,61.5,62.93,60.68,61.0,61.49,788,0.48,34,753.0,95.56
HBSL, 18-Sep-2026,53.33,53.33,52.0,52.68,53.33,1597,0.84,36,1488.0,93.17
HCC, 18-Sep-2026,21.72,21.9,21.37,21.77,21.56,16759566,3626.67,19314,6422313.0,38.32
HCG, 18-Sep-2026,693.45,715.0,693.2,708.25,687.15,82273,582.57,8721,40079.0,48.71
HCL-INSYS, 18-Sep-2026,10.2,10.6,10.05,10.47,10.08,494275,51.23,1247,358132.0,72.46
HCLTECH, 18-Sep-2026,1258.3,1260.8,1235.6,1249.3,1258.3,2886447,35938.0,68284,1804403.0,62.51
HDBFS, 18-Sep-2026,678.0,701.55,674.15,698.4,681.45,780230,5398.24,25117,550367.0,70.54
HDFCAMC, 18-Sep-2026,2405.6,2439.0,2401.2,2425.0,2387.7,1040790,25239.46,60151,737672.0,70.88
HDFCBANK, 18-Sep-2026,715.25,733.8,715.25,731.0,713.0,39400710,286838.51,281343,25195213.0,63.95
HDFCBSE500, 18-Sep-2026,36.31,37.61,36.31,36.91,36.67,202980,74.84,259,104735.0,51.6
HDFCGOLD, 18-Sep-2026,130.0,131.06,129.67,130.64,128.68,3837028,5008.85,8616,2212598.0,57.66
HDFCGROWTH, 18-Sep-2026,115.6,115.64,114.3,114.77,115.6,17188,19.71,195,9208.0,53.57
HDFCLIFE, 18-Sep-2026,557.1,564.95,550.95,550.95,557.0,5599030,31267.17,70994,3566409.0,63.7
HDFCLIQUID, 18-Sep-2026,1078.61,1078.63,1078.61,1078.63,1078.18,10808,116.58,62,8338.0,77.15
HDFCLOWVOL, 18-Sep-2026,19.6,20.29,19.6,19.9,20.0,5708,1.14,90,3745.0,65.61
HDFCMID150, 18-Sep-2026,23.3,23.3,22.92,23.12,22.84,361504,83.32,1126,127145.0,35.17
HDFCMOMENT, 18-Sep-2026,30.4,30.83,30.4,30.72,30.36,113697,34.9,474,51786.0,45.55
HDFCNEXT50, 18-Sep-2026,73.05,73.99,73.05,73.88,73.05,38062,28.01,410,23516.0,61.78
HDFCNIF100, 18-Sep-2026,25.34,25.4,25.26,25.35,25.29,50524,12.8,221,35198.0,69.67
HDFCNIFBAN, 18-Sep-2026,57.86,58.15,57.81,57.99,57.81,31923,18.5,350,18258.0,57.19
HDFCNIFIT, 18-Sep-2026,31.27,31.27,30.6,30.69,31.12,256307,78.74,476,135426.0,52.84
HDFCNIFTY, 18-Sep-2026,264.61,264.62,262.62,263.56,263.02,1788313,4703.47,3285,1721002.0,96.24
HDFCNIMEG, 18-Sep-2026,128.33,130.05,128.33,129.9,128.33,15389,19.98,84,12187.0,79.19
HDFCPSUBK, 18-Sep-2026,83.75,84.18,83.47,84.13,83.64,41351,34.62,215,18252.0,44.14
HDFCPVTBAN, 18-Sep-2026,28.01,28.01,27.74,27.83,27.74,50848,14.16,258,24370.0,47.93
HDFCQUAL, 18-Sep-2026,56.55,57.05,56.55,56.72,56.92,11934,6.78,77,6296.0,52.76
HDFCSENSEX, 18-Sep-2026,84.77,85.2,84.35,84.78,84.77,51347,43.42,537,41637.0,81.09
HDFCSILVER, 18-Sep-2026,221.28,225.17,221.1,223.95,216.47,3863924,8623.54,14553,2091661.0,54.13
HDFCSML250, 18-Sep-2026,182.87,184.95,181.9,184.55,181.9,1274357,2344.94,19415,875482.0,68.7
HDFCVALUE, 18-Sep-2026,121.91,124.5,121.52,121.96,121.91,7148,8.74,93,2854.0,39.93
HEADSUP, 18-Sep-2026,7.24,7.24,6.61,6.71,6.97,14036,0.94,220,11198.0,79.78
HEALTHADD, 18-Sep-2026,16.8,16.86,16.72,16.8,16.65,37211,6.25,74,34532.0,92.8
HEALTHAXIS, 18-Sep-2026,168.49,169.9,168.36,169.67,167.94,1483,2.5,68,743.0,50.1
HEALTHCARE, 18-Sep-2026,21.98,22.03,21.7,21.84,21.6,22617,4.94,146,17563.0,77.65
HEALTHIETF, 18-Sep-2026,170.0,171.44,169.81,170.91,170.03,124667,212.69,980,97860.0,78.5
HEALTHX, 18-Sep-2026,319.0,319.0,294.0,300.0,300.0,1400,4.19,105,1160.0,82.86
HEALTHY, 18-Sep-2026,17.43,17.43,17.01,17.14,17.01,168153,28.78,730,102958.0,61.23
HECPROJECT, 18-Sep-2026,116.84,121.42,114.31,119.77,116.84,8152,9.72,153,7035.0,86.3
HEIDELBERG, 18-Sep-2026,141.83,149.0,141.16,145.92,141.57,145888,210.46,2329,89386.0,61.27
HEMIPROP, 18-Sep-2026,120.15,122.29,120.0,120.77,120.81,245577,297.36,2402,136864.0,55.73
HERANBA, 18-Sep-2026,166.95,168.88,163.79,167.02,165.78,35651,59.12,1230,14217.0,39.88
HERITGFOOD, 18-Sep-2026,406.25,421.0,402.5,418.1,405.45,567662,2334.96,12022,273449.0,48.17
HEROMOTOCO, 18-Sep-2026,5325.0,5362.5,5285.5,5285.5,5325.0,688654,36549.32,42269,512051.0,74.36
HESTERBIO, 18-Sep-2026,2245.0,2275.5,2162.8,2195.6,2245.8,5041,111.26,748,3719.0,73.78
HEXATRADEX, 18-Sep-2026,158.7,172.0,155.31,158.29,156.61,2261,3.66,79,1972.0,87.22
HEXT, 18-Sep-2026,525.25,527.2,516.45,524.55,526.45,191368,1002.52,11116,116064.0,60.65
HGINFRA, 18-Sep-2026,460.65,466.3,441.2,442.45,460.65,172786,777.06,10566,97666.0,56.52
HGM, 18-Sep-2026,49.33,49.33,47.4,48.51,47.79,546,0.27,22,519.0,95.05
HGS, 18-Sep-2026,383.0,383.0,378.05,379.4,386.35,19544,74.33,842,13671.0,69.95
HIGREEN, 18-Sep-2026,119.9,119.9,114.0,116.9,117.7,36000,42.0,38,29600.0,82.22
HIKAL, 18-Sep-2026,225.29,232.34,224.6,226.04,225.29,382596,873.77,7854,148190.0,38.73
HILINFRA, 18-Sep-2026,43.07,46.74,43.07,43.92,43.07,415937,187.29,2802,129782.0,31.2
HILTON, 18-Sep-2026,16.81,17.73,16.16,16.38,17.01,395977,65.94,2438,295193.0,74.55
HIMATSEIDE, 18-Sep-2026,63.7,65.44,62.94,64.66,63.65,578349,371.44,5968,290149.0,50.17
HINDADH, 18-Sep-2026,376.0,379.7,372.0,374.9,376.8,2455,9.2,38,2253.0,91.77
HINDALCO, 18-Sep-2026,982.9,999.3,979.4,986.5,980.5,8310236,82066.65,77966,5716635.0,68.79
HINDALUMI, 18-Sep-2026,95.5,96.0,92.05,94.27,93.7,1778,1.67,97,1259.0,70.81
HINDCOMPOS, 18-Sep-2026,371.95,390.0,365.65,378.65,369.9,7703,29.12,511,4098.0,53.2
HINDCON, 18-Sep-2026,23.73,24.64,23.4,23.81,23.73,32398,7.76,177,28317.0,87.4
HINDCOPPER, 18-Sep-2026,490.7,499.25,487.05,497.4,485.5,9888264,48897.42,103229,4818264.0,48.73
HINDOILEXP, 18-Sep-2026,182.3,182.78,178.35,180.29,180.95,525134,950.06,9735,242299.0,46.14
HINDPETRO, 18-Sep-2026,352.4,359.0,350.5,359.0,350.6,6539998,23202.77,35412,4618844.0,70.62
HINDUNILVR, 18-Sep-2026,1950.0,1959.6,1932.0,1932.0,1942.2,1994635,38839.28,50307,1518642.0,76.14
HINDWAREAP, 18-Sep-2026,176.58,178.84,171.0,172.08,176.95,124952,216.79,3225,78364.0,62.72
HINDZINC, 18-Sep-2026,578.3,596.0,578.3,596.0,572.3,7197021,42233.43,62424,3497765.0,48.6
HIRECT, 18-Sep-2026,1225.0,1279.0,1214.2,1242.8,1211.9,50557,633.79,4332,17456.0,34.53
HISARMETAL, 18-Sep-2026,153.1,158.0,153.1,154.53,155.38,148,0.23,33,116.0,78.38
HITECH, 18-Sep-2026,74.2,76.7,73.66,76.14,73.74,751081,564.89,4939,444535.0,59.19
HLEGLAS, 18-Sep-2026,415.95,457.2,413.0,446.9,415.65,1020903,4546.0,25295,360796.0,35.34
HLVLTD, 18-Sep-2026,6.78,6.85,6.65,6.75,6.66,114147,7.71,462,92261.0,80.83
HMAAGRO, 18-Sep-2026,23.0,24.36,22.86,23.77,23.08,3564052,842.97,10216,979916.0,27.49
HNDFDS, 18-Sep-2026,620.0,629.0,613.0,625.7,620.35,57146,356.79,3861,32668.0,57.17
HNGSNGBEES, 18-Sep-2026,467.6,467.6,461.4,463.3,462.97,56641,262.38,3270,36222.0,63.95
HOACFOODS, 18-Sep-2026,842.45,842.45,842.45,842.45,859.6,10125,85.3,20,9750.0,96.3
HOLMARC, 18-Sep-2026,110.0,110.0,110.0,110.0,110.0,1500,1.65,2,1500.0,100.0
HOMEFIRST, 18-Sep-2026,1165.0,1265.0,1158.2,1241.3,1173.3,873253,10675.48,42163,499083.0,57.15
HOMESFY, 18-Sep-2026,116.0,116.0,116.0,116.0,111.3,1800,2.09,2,1800.0,100.0
HONASA, 18-Sep-2026,458.1,481.5,458.1,479.55,460.1,1065010,5066.06,28643,467830.0,43.93
HONAUT, 18-Sep-2026,33915.0,36485.0,33885.0,35445.0,33915.0,15555,5513.11,8171,5969.0,38.37
HONDAPOWER, 18-Sep-2026,1959.9,1975.0,1902.0,1930.3,1934.1,4755,92.21,602,3085.0,64.88
HORIZONIND, 18-Sep-2026,51.9,54.5,51.89,54.23,52.17,2786457,1496.76,12343,1432425.0,51.41
HPAL, 18-Sep-2026,34.83,35.4,34.61,34.76,34.83,28109,9.82,320,13802.0,49.1
HPIL, 18-Sep-2026,118.01,123.99,118.0,118.99,117.86,737,0.89,32,547.0,74.22
HPL, 18-Sep-2026,280.35,286.85,279.4,284.3,280.4,113357,321.05,4232,55053.0,48.57
HPTL, 18-Sep-2026,434.05,434.05,425.0,428.05,413.4,15600,67.13,18,15000.0,96.15
HRHNEXT, 18-Sep-2026,25.0,26.55,25.0,26.55,25.55,10500,2.72,3,10500.0,100.0
HRYNSHP, 18-Sep-2026,97.55,101.25,96.1,97.19,97.5,1604,1.55,78,1415.0,88.22
HSBCGOLD, 18-Sep-2026,131.01,133.5,130.94,132.91,130.65,13418,17.71,77,10643.0,79.32
HSCL, 18-Sep-2026,656.5,678.85,654.1,675.35,653.35,2687060,17997.87,43156,1621990.0,60.36
HTEL, 18-Sep-2026,73.75,79.38,71.26,76.77,72.05,3939738,2995.95,36584,1395391.0,35.42
HTMEDIA, 18-Sep-2026,24.12,24.7,23.26,23.69,24.0,100997,24.05,537,64184.0,63.55
HUBTOWN, 18-Sep-2026,175.0,180.0,174.66,177.69,173.76,745087,1317.48,7409,383118.0,51.42
HUDCO, 18-Sep-2026,170.2,176.5,169.71,174.92,169.55,3438429,5984.98,43245,1876243.0,54.57
HUHTAMAKI, 18-Sep-2026,247.1,248.0,241.0,245.0,243.6,136211,331.74,4801,63814.0,46.85
HVAX, 18-Sep-2026,694.15,707.85,677.5,680.85,674.15,7950,55.74,27,7050.0,88.68
HYBRIDETF, 18-Sep-2026,9.94,10.0,9.94,10.0,9.94,38244,3.81,36,10443.0,27.31
HYUNDAI, 18-Sep-2026,2176.0,2208.8,2155.5,2208.8,2160.0,764325,16679.79,40796,503753.0,65.91
IBULLSLTD, 18-Sep-2026,30.0,31.0,29.51,30.39,29.65,34084914,10358.24,25529,21559083.0,63.25
ICELCO, 18-Sep-2026,125.95,125.95,122.0,124.2,121.5,39600,48.93,28,27600.0,69.7
ICEMAKE, 18-Sep-2026,668.0,694.0,668.0,685.6,668.9,53006,361.23,2403,38625.0,72.87
ICICIAMC, 18-Sep-2026,3085.2,3286.0,3073.7,3206.7,3098.0,1632087,52000.73,66799,1091172.0,66.86
ICICIB22, 18-Sep-2026,113.12,113.12,111.97,112.46,112.0,154083,173.11,2156,103795.0,67.36
ICICIBANK, 18-Sep-2026,1351.9,1359.8,1338.9,1338.9,1347.6,7509409,100856.09,140838,5293245.0,70.49
ICICIGI, 18-Sep-2026,1485.7,1486.8,1458.1,1458.1,1486.7,925599,13633.22,26992,634071.0,68.5
ICICIPRULI, 18-Sep-2026,494.0,501.45,491.1,492.0,490.5,2240637,11126.07,48255,1313801.0,58.64
ICIL, 18-Sep-2026,436.7,449.0,435.0,447.35,435.5,300607,1337.08,11785,141345.0,47.02
ICRA, 18-Sep-2026,4642.6,4642.6,4525.1,4544.7,4584.6,33473,1524.08,10275,23727.0,70.88
IDBI, 18-Sep-2026,82.3,84.89,81.8,83.06,81.89,20869049,17384.85,55592,7374021.0,35.33
IDEA, 18-Sep-2026,14.34,14.37,13.92,13.92,14.22,350366817,49614.96,545606,171233183.0,48.87
IDEAFORGE, 18-Sep-2026,721.0,734.8,713.55,729.6,717.95,103895,750.96,7799,54292.0,52.26
IDEALTECHO, 18-Sep-2026,104.9,104.9,95.0,95.0,92.8,6000,5.88,6,4000.0,66.67
IDFCFIRSTB, 18-Sep-2026,86.0,87.17,85.92,85.92,86.33,27340008,23673.79,71701,16741708.0,61.24
IDFNIFTYET, 18-Sep-2026,258.31,259.0,255.75,259.0,257.03,363,0.93,25,228.0,62.81
IEML, 18-Sep-2026,40.55,43.4,40.0,42.95,41.35,70000,29.51,110,62000.0,88.57
IEX, 18-Sep-2026,113.0,115.46,113.0,115.46,113.4,2248423,2572.07,16066,1272926.0,56.61
IFBAGRO, 18-Sep-2026,867.7,899.0,855.1,888.0,865.15,3866,34.02,489,2372.0,61.36
IFBIND, 18-Sep-2026,1208.1,1234.9,1208.1,1225.1,1217.9,22497,274.69,2266,11297.0,50.22
IFCI, 18-Sep-2026,77.56,77.97,75.4,76.51,77.09,60473703,46157.49,137547,7851903.0,12.98
IFGLEXPOR, 18-Sep-2026,198.62,205.49,197.42,199.03,197.64,28261,56.6,1017,14121.0,49.97
IGARASHI, 18-Sep-2026,433.7,439.9,428.6,432.35,428.8,77496,335.17,2778,33310.0,42.98
IGCL, 18-Sep-2026,66.22,68.75,65.15,67.05,66.22,121706,80.96,1943,63317.0,52.02
IGIL, 18-Sep-2026,318.8,337.9,316.95,330.95,314.9,2435441,7978.36,62142,1142658.0,46.92
IGL, 18-Sep-2026,148.5,151.79,148.1,148.56,148.67,4539547,6758.68,47438,2920638.0,64.34
IGPL, 18-Sep-2026,554.55,562.15,542.0,550.15,554.55,52110,289.34,1799,31239.0,59.95
IIFL, 18-Sep-2026,602.0,614.25,598.5,600.2,596.55,2243955,13589.63,46070,1168261.0,52.06
IIFLCAPS, 18-Sep-2026,336.9,346.85,336.8,345.1,336.95,1665584,5715.55,13438,1108996.0,66.58
IITL, 18-Sep-2026,149.9,149.96,142.0,143.37,148.03,110592,163.06,893,22773.0,20.59
IKIO, 18-Sep-2026,206.62,217.9,205.68,210.25,205.83,516858,1097.51,11992,137908.0,26.68
IKS, 18-Sep-2026,1721.0,1795.5,1721.0,1779.9,1728.9,451923,8043.45,25285,335510.0,74.24
IMAGICAA, 18-Sep-2026,51.43,54.79,51.19,52.82,51.18,1607686,860.8,8130,610447.0,37.97
IMFA, 18-Sep-2026,1264.1,1290.5,1249.0,1252.2,1273.7,49098,619.39,4929,27674.0,56.36
IMPAL, 18-Sep-2026,1084.0,1112.8,1058.5,1065.6,1077.7,1932,20.7,198,1376.0,71.22
INA, 18-Sep-2026,88.66,93.5,87.81,91.7,87.38,561788,508.14,3556,280575.0,49.94
INCREDIBLE, 18-Sep-2026,34.45,34.45,32.12,32.37,33.31,3415,1.11,105,2663.0,77.98
INDBANK, 18-Sep-2026,25.7,26.26,25.35,25.56,25.66,27153,6.97,559,19318.0,71.14
INDGN, 18-Sep-2026,595.55,611.7,590.5,600.1,591.75,469267,2801.29,18885,276265.0,58.87
INDHOTEL, 18-Sep-2026,725.85,743.0,722.6,732.75,726.65,3256156,23967.9,51152,1886853.0,57.95
INDIACEM, 18-Sep-2026,349.45,356.15,342.6,344.8,351.7,229613,800.97,11125,80706.0,35.15
INDIAGLYCO, 18-Sep-2026,250.1,282.0,250.1,263.7,248.7,1678037,4515.26,41091,452985.0,26.99
INDIAMART, 18-Sep-2026,1651.4,1667.0,1622.4,1646.3,1662.7,709316,11655.53,33856,556844.0,78.5
INDIANB, 18-Sep-2026,845.0,848.85,835.0,839.8,840.5,1400080,11774.42,29330,861650.0,61.54
INDIANCARD, 18-Sep-2026,209.0,214.0,209.0,210.0,209.0,144,0.3,12,123.0,85.42
INDIANHUME, 18-Sep-2026,356.3,370.0,355.25,365.3,354.85,81339,296.0,3043,21160.0,26.01
INDIASHLTR, 18-Sep-2026,673.0,685.0,668.9,681.85,670.2,62948,426.64,3381,39803.0,63.23
INDIGO, 18-Sep-2026,4925.0,4970.0,4881.0,4920.0,4845.0,732347,36121.83,49212,429627.0,58.66
INDIGOPNTS, 18-Sep-2026,1108.9,1108.9,1080.0,1099.7,1098.9,43988,480.97,5701,24902.0,56.61
INDIGRID, 18-Sep-2026,173.12,174.3,173.0,173.49,173.12,1489506,2584.04,19907,1061521.0,71.27
INDIQUBE, 18-Sep-2026,200.0,202.87,190.9,192.85,202.45,81977,160.13,2435,27807.0,33.92
INDNIPPON, 18-Sep-2026,1272.0,1279.6,1250.0,1260.0,1262.1,32358,409.18,3862,13095.0,40.47
INDOBORAX, 18-Sep-2026,466.75,481.65,466.75,472.6,466.75,40484,191.26,2386,19585.0,48.38
INDOCO, 18-Sep-2026,254.44,259.65,247.0,249.01,254.44,205516,522.66,5672,64849.0,31.55
INDOFARM, 18-Sep-2026,135.9,137.74,135.02,136.78,135.07,92008,125.24,1168,42473.0,46.16
INDOKEM, 18-Sep-2026,643.15,668.0,602.0,620.0,643.15,13991,88.88,838,8772.0,62.7
INDOMIM, 18-Sep-2026,999.0,1064.0,990.5,1055.9,993.2,3925761,40697.94,136840,1325993.0,33.78
INDORAMA, 18-Sep-2026,89.87,93.49,87.43,91.05,89.19,1163975,1062.97,11322,364047.0,31.28
INDOSTAR, 18-Sep-2026,232.69,244.9,227.59,241.05,229.49,121475,289.6,2439,80877.0,66.58
INDOTECH, 18-Sep-2026,3429.0,3459.0,3350.0,3394.7,3411.4,8364,285.78,1591,5403.0,64.6
INDOTHAI, 18-Sep-2026,33.56,36.5,33.56,33.56,35.32,3760631,1291.34,8454,1407360.0,37.42
INDOUS, 18-Sep-2026,78.92,81.2,76.5,78.0,79.34,5215,4.1,309,2877.0,55.17
INDOWIND, 18-Sep-2026,9.15,9.15,8.82,8.92,8.93,72495,6.53,364,37592.0,51.85
INDPRUD, 18-Sep-2026,6304.5,6304.5,6150.0,6227.5,6273.5,64,3.95,13,59.0,92.19
INDRAMEDCO, 18-Sep-2026,360.55,366.9,360.05,362.9,363.65,134873,491.0,4687,87764.0,65.07
INDSWFTLAB, 18-Sep-2026,377.55,385.15,368.0,373.25,378.25,399757,1500.57,9177,180799.0,45.23
INDTERRAIN, 18-Sep-2026,28.86,29.98,28.12,28.91,28.9,57089,16.57,320,35267.0,61.78
INDUSINDBK, 18-Sep-2026,963.8,969.3,955.3,966.3,958.2,6250679,60280.04,41220,4656142.0,74.49
INDUSINVIT, 18-Sep-2026,131.94,132.37,131.52,132.05,131.94,66874,88.35,3818,52455.0,78.44
INDUSTOWER, 18-Sep-2026,380.9,382.5,375.9,375.9,381.35,4696284,17736.71,41285,3037338.0,64.68
INFINIUM, 18-Sep-2026,276.9,276.9,265.0,265.0,278.5,3000,8.02,6,2500.0,83.33
INFLUX, 18-Sep-2026,286.75,290.0,271.0,273.7,283.95,29400,82.33,49,18600.0,63.27
INFOBEAN, 18-Sep-2026,151.16,152.4,150.01,151.27,150.41,99135,149.66,1834,48696.0,49.12
INFOLLION, 18-Sep-2026,156.5,159.95,155.0,156.5,156.5,2800,4.39,7,2400.0,85.71
INFOMEDIA, 18-Sep-2026,5.56,5.56,4.91,5.28,5.29,35771,1.85,80,23433.0,65.51
INFRA, 18-Sep-2026,11.9,11.9,11.72,11.85,11.67,16540,1.95,120,12013.0,72.63
INFRABEES, 18-Sep-2026,933.6,938.0,931.37,935.62,928.63,5322,49.78,378,2749.0,51.65
INFRAIETF, 18-Sep-2026,92.74,93.3,92.6,92.96,92.3,203080,188.5,2413,181745.0,89.49
INFY, 18-Sep-2026,1061.9,1061.9,1038.0,1051.4,1058.6,22124953,231854.51,133181,15755453.0,71.21
INGERRAND, 18-Sep-2026,4226.0,4275.9,4135.0,4155.7,4225.2,41603,1745.27,7246,21896.0,52.63
INM, 18-Sep-2026,162.9,162.9,162.9,162.9,152.05,600,0.98,1,600.0,100.0
INNOMET, 18-Sep-2026,284.0,284.0,280.0,281.05,283.75,28800,81.48,32,28800.0,100.0
INNOVACAP, 18-Sep-2026,1150.0,1183.6,1150.0,1179.8,1149.5,32076,375.48,4402,19803.0,61.74
INNOVANA, 18-Sep-2026,300.2,306.0,297.3,303.25,298.95,35756,107.79,526,13961.0,39.05
INNOVISION, 18-Sep-2026,254.35,254.8,251.6,253.1,254.45,8009,20.26,431,5559.0,69.41
INOXGREEN, 18-Sep-2026,174.64,175.93,170.07,171.32,174.64,536646,923.39,4979,252730.0,47.09
INOXINDIA, 18-Sep-2026,2030.0,2104.6,2016.0,2098.8,2014.8,229005,4762.83,24799,109149.0,47.66
INOXWIND, 18-Sep-2026,74.33,76.8,74.29,76.8,74.1,10976663,8289.72,23509,5173553.0,47.13
INSECTICID, 18-Sep-2026,597.55,608.25,597.35,605.6,598.85,5335,32.14,449,3711.0,69.56
INSPIRE, 18-Sep-2026,9.7,9.7,9.0,9.0,9.25,4000,0.37,2,2000.0,50.0
INSPIRISYS, 18-Sep-2026,85.79,85.79,82.05,83.16,84.44,2161,1.82,51,2154.0,99.68
INSUREIETF, 18-Sep-2026,15.13,15.21,15.09,15.11,15.09,308060,46.7,128,198412.0,64.41
INTELLECT, 18-Sep-2026,651.7,656.9,641.4,647.45,651.3,290091,1880.91,14097,161185.0,55.56
INTENTECH, 18-Sep-2026,77.46,80.0,76.92,78.14,77.45,11763,9.16,217,8938.0,75.98
INTERARCH, 18-Sep-2026,1701.0,1719.9,1684.1,1705.8,1692.2,35940,611.73,3353,23778.0,66.16
INTERNET, 18-Sep-2026,14.56,14.74,14.56,14.72,14.45,297012,43.47,250,158742.0,53.45
INTLCONV, 18-Sep-2026,76.49,77.48,76.26,76.6,76.49,17876,13.74,745,12648.0,70.75
INVENTURE, 18-Sep-2026,0.89,0.9,0.89,0.89,0.89,358172,3.2,294,189063.0,52.79
INVICTA, 18-Sep-2026,64.4,68.1,64.4,68.1,66.0,6400,4.28,4,4800.0,75.0
IOB, 18-Sep-2026,32.18,32.32,32.0,32.17,32.1,1954679,628.4,12843,1094654.0,56.0
IOC, 18-Sep-2026,135.02,137.0,134.6,137.0,134.27,11505787,15661.16,45169,8022320.0,69.72
IOLCP, 18-Sep-2026,198.5,206.0,195.7,203.15,197.49,4695376,9450.63,52561,1571237.0,33.46
IONEXCHANG, 18-Sep-2026,424.35,446.8,423.25,442.3,424.35,491666,2153.21,17145,266916.0,54.29
IPCALAB, 18-Sep-2026,1972.3,2038.0,1964.0,2009.6,1970.3,527501,10568.37,35647,361636.0,68.56
IPHL, 18-Sep-2026,70.5,71.05,70.5,71.05,71.05,4800,3.39,4,4800.0,100.0
IPL, 18-Sep-2026,139.38,140.04,134.1,134.67,138.69,496519,675.53,5756,251532.0,50.66
IPRINGLTD, 18-Sep-2026,138.5,141.99,137.1,139.95,137.0,2570,3.58,79,2398.0,93.31
IRB, 18-Sep-2026,18.99,18.99,18.38,18.48,18.85,21372707,3972.8,33159,14644687.0,68.52
IRBINVIT, 18-Sep-2026,63.85,65.25,63.85,65.12,63.85,1394444,903.83,5839,1088582.0,78.07
IRCON, 18-Sep-2026,107.9,110.75,107.0,109.85,107.86,2642536,2887.9,32436,941341.0,35.62
IRCTC, 18-Sep-2026,458.0,480.0,457.15,476.75,457.0,1670118,7872.26,46146,817864.0,48.97
IREDA, 18-Sep-2026,109.79,114.32,109.21,114.32,108.99,5072770,5662.12,28813,2840181.0,55.99
IRFC, 18-Sep-2026,79.32,81.5,79.32,81.5,79.31,14377921,11591.19,49309,7178311.0,49.93
IRIS, 18-Sep-2026,240.1,241.8,235.91,238.09,237.13,5209,12.41,353,3112.0,59.74
IRISDOREME, 18-Sep-2026,62.85,66.3,61.0,64.58,62.55,2408240,1527.55,6183,872622.0,36.23
IRMENERGY, 18-Sep-2026,278.15,278.15,268.0,270.2,269.1,69769,188.31,2516,38166.0,54.7
ISFT, 18-Sep-2026,98.97,98.97,88.53,95.16,90.26,414668,391.92,7216,94538.0,22.8
ISGEC, 18-Sep-2026,773.45,790.0,769.15,786.25,769.6,50228,392.39,4347,28396.0,56.53
ISHANCH, 18-Sep-2026,50.0,53.25,49.5,51.04,49.43,41286,21.26,555,18138.0,43.93
ISTLTD, 18-Sep-2026,661.05,687.8,655.5,663.85,683.9,583,3.88,77,292.0,50.09
IT, 18-Sep-2026,31.67,32.8,31.67,31.94,32.49,639140,204.21,1433,364112.0,56.97
ITADD, 18-Sep-2026,30.6,30.65,30.36,30.5,30.93,25542,7.79,173,18063.0,70.72
ITALIANE, 18-Sep-2026,29.6,29.75,29.6,29.75,31.0,4000,1.19,2,4000.0,100.0
ITAXIS, 18-Sep-2026,323.98,323.98,315.39,316.58,320.02,2163,6.85,66,1416.0,65.46
ITBEES, 18-Sep-2026,33.1,33.1,31.81,31.94,32.39,13607369,4347.37,22645,6435599.0,47.29
ITBETA, 18-Sep-2026,302.28,310.64,301.55,302.55,309.39,798,2.41,53,778.0,97.49
ITC, 18-Sep-2026,266.6,266.6,262.3,262.3,266.2,14399150,38055.82,103894,9515153.0,66.08
ITCHOTELS, 18-Sep-2026,154.99,159.5,154.4,158.8,154.33,2982731,4719.46,33775,1657195.0,55.56
ITDC, 18-Sep-2026,662.7,667.4,655.6,658.3,662.7,46546,306.56,3521,15646.0,33.61
ITETF, 18-Sep-2026,30.95,31.0,30.35,30.47,30.84,500010,152.46,1002,155713.0,31.14
ITI, 18-Sep-2026,254.8,257.45,252.0,256.3,255.3,79274,202.73,3023,40504.0,51.09
ITIETF, 18-Sep-2026,32.46,32.46,31.83,32.0,32.46,825230,264.29,1974,366391.0,44.4
ITL, 18-Sep-2026,358.0,371.7,355.0,356.85,362.5,1046,3.76,103,819.0,78.3
IVALUE, 18-Sep-2026,229.0,229.16,218.1,222.03,228.08,132240,295.95,2857,64963.0,49.13
IVC, 18-Sep-2026,7.79,8.0,7.79,7.9,7.85,144297,11.38,713,96889.0,67.15
IVZBANKNF, 18-Sep-2026,55.99,56.37,55.99,56.06,55.99,12191,6.84,9,10238.0,83.98
IVZINGOLD, 18-Sep-2026,132.55,134.0,131.9,133.75,131.1,33465,44.69,443,26158.0,78.17
IVZINNIFTY, 18-Sep-2026,274.2,274.2,266.9,267.76,267.52,209,0.56,21,152.0,72.73
IVZSENSEX, 18-Sep-2026,74.5,74.6,74.4,74.56,74.6,2023,1.51,12,2017.0,99.7
IWARE, 18-Sep-2026,405.0,405.0,390.0,390.6,409.75,20400,80.64,31,18600.0,91.18
IWP, 18-Sep-2026,35.95,35.95,33.62,34.73,34.71,9946,3.44,206,8078.0,81.22
IXIGO, 18-Sep-2026,159.6,167.84,159.6,165.65,160.06,3132025,5207.1,28034,1853179.0,59.17
IZMO, 18-Sep-2026,923.0,944.6,913.6,934.35,913.25,130243,1212.37,8369,43438.0,33.35
J&KBANK, 18-Sep-2026,147.6,149.7,145.0,146.58,147.28,3653479,5399.54,36501,2078629.0,56.89
JAGRAN, 18-Sep-2026,62.5,62.5,61.5,62.36,61.96,110739,68.73,1380,76138.0,68.75
JAGSNPHARM, 18-Sep-2026,228.78,230.49,226.0,228.42,227.24,48985,111.6,1670,22050.0,45.01
JAIBALAJI, 18-Sep-2026,63.55,65.24,63.2,64.48,63.81,524099,337.81,3484,315446.0,60.19
JAICORPLTD, 18-Sep-2026,93.2,94.8,93.2,94.42,93.17,148952,139.95,2280,55173.0,37.04
JAINAM, 18-Sep-2026,216.0,216.0,216.0,216.0,216.0,1000,2.16,2,1000.0,100.0
JAINIK, 18-Sep-2026,199.0,199.0,199.0,199.0,199.5,2400,4.78,2,2400.0,100.0
JAINREC, 18-Sep-2026,275.0,278.55,272.0,276.25,274.05,555155,1527.68,11386,220747.0,39.76
JAIPURKURT, 18-Sep-2026,24.7,25.3,24.21,24.85,24.74,3279,0.81,96,1443.0,44.01
JALAN, 18-Sep-2026,1.7,1.7,1.7,1.7,1.75,6000,0.1,2,6000.0,100.0
JAMNAAUTO, 18-Sep-2026,126.6,128.0,122.4,125.03,126.96,2670217,3311.59,25285,985968.0,36.92
JARO, 18-Sep-2026,476.55,477.0,462.15,465.4,471.05,98491,460.2,2605,16763.0,17.02
JASH, 18-Sep-2026,514.0,527.5,508.9,521.15,514.0,166601,863.65,7173,89132.0,53.5
JAYAGROGN, 18-Sep-2026,228.3,229.5,225.02,227.39,225.41,6086,13.83,312,4443.0,73.0
JAYBARMARU, 18-Sep-2026,114.7,114.7,109.9,111.15,113.4,160918,179.8,5595,99126.0,61.6
JAYBEE, 18-Sep-2026,83.95,85.35,82.05,82.3,81.35,10500,8.76,20,7000.0,66.67
JAYESH, 18-Sep-2026,127.0,127.0,127.0,127.0,130.85,1000,1.27,1,1000.0,100.0
JAYKAY, 18-Sep-2026,158.32,169.75,153.55,167.18,157.06,966066,1575.04,17388,272955.0,28.25
JAYNECOIND, 18-Sep-2026,89.08,89.75,88.6,89.26,88.94,1630439,1452.48,10171,892096.0,54.72
JAYSREETEA, 18-Sep-2026,90.9,91.79,88.5,89.38,89.74,31481,28.33,484,23102.0,73.38
JBMA, 18-Sep-2026,593.65,605.0,593.65,599.1,593.6,200524,1203.14,10167,74094.0,36.95
JENBURPH, 18-Sep-2026,985.0,997.0,972.6,979.9,983.4,1916,18.77,71,1772.0,92.48
JETFREIGHT, 18-Sep-2026,19.4,22.5,18.4,22.14,19.43,1486253,313.59,5306,370249.0,24.91
JEYYAM, 18-Sep-2026,21.5,21.5,21.0,21.05,20.75,24000,5.08,10,22000.0,91.67
JFLLIFE, 18-Sep-2026,10.45,10.45,10.45,10.45,10.15,6000,0.63,1,6000.0,100.0
JGCHEM, 18-Sep-2026,593.25,619.95,592.2,612.4,588.15,346503,2116.82,14280,143228.0,41.34
JHS, 18-Sep-2026,8.84,8.84,8.41,8.54,8.59,41482,3.59,187,29238.0,70.48
JINDALPHOT, 18-Sep-2026,1129.7,1135.0,1109.8,1125.6,1129.4,7243,81.39,409,5261.0,72.64
JINDALPOLY, 18-Sep-2026,726.95,735.95,708.9,718.45,726.0,16484,118.34,1154,9196.0,55.79
JINDALSAW, 18-Sep-2026,293.0,294.8,288.05,289.5,291.2,2085677,6056.97,29449,1334017.0,63.96
JINDALSTEL, 18-Sep-2026,1128.9,1140.2,1119.5,1119.5,1128.4,1056818,11912.35,44507,693935.0,65.66
JINDRILL, 18-Sep-2026,584.0,599.95,575.25,594.85,582.7,269661,1585.92,11069,71240.0,26.42
JINDWORLD, 18-Sep-2026,49.4,51.5,47.78,49.7,49.0,11061999,5570.97,28016,1335991.0,12.08
JIOFIN, 18-Sep-2026,230.0,232.0,229.89,229.89,229.3,11847025,27345.92,61484,7384537.0,62.33
JISLDVREQS, 18-Sep-2026,21.29,21.97,20.55,20.94,21.18,12202,2.54,190,7480.0,61.3
JISLJALEQS, 18-Sep-2026,31.0,31.9,29.24,30.42,30.2,5621238,1717.96,18818,1677254.0,29.84
JITFINFRA, 18-Sep-2026,292.0,293.65,280.4,284.75,286.4,18410,52.75,660,12062.0,65.52
JIWANRAM, 18-Sep-2026,4.0,4.05,4.0,4.05,4.0,24000,0.96,4,18000.0,75.0
JKCEMENT, 18-Sep-2026,5010.0,5139.0,4990.0,5064.5,5027.0,60794,3080.24,13301,32831.0,54.0
JKIL, 18-Sep-2026,477.6,488.3,474.8,486.55,475.55,65328,316.01,2943,44335.0,67.87
JKIPL, 18-Sep-2026,96.17,99.78,95.1,98.6,96.2,4652,4.52,178,3363.0,72.29
JKLAKSHMI, 18-Sep-2026,510.4,535.0,510.1,530.2,510.4,278231,1456.69,12044,131430.0,47.24
JKPAPER, 18-Sep-2026,417.0,433.0,416.95,430.6,418.05,572207,2446.25,15697,268147.0,46.86
JKTYRE, 18-Sep-2026,352.25,352.3,344.4,349.35,348.55,621396,2161.23,15324,320042.0,51.5
JLHL, 18-Sep-2026,279.0,285.65,276.2,280.05,277.75,240514,674.45,5412,135386.0,56.29
JMA, 18-Sep-2026,89.55,93.0,89.55,90.21,90.29,11223,10.22,237,7615.0,67.85
JMFINANCIL, 18-Sep-2026,122.75,126.79,122.4,126.3,122.51,5637377,7064.72,50393,3421389.0,60.69
JNKINDIA, 18-Sep-2026,412.2,424.0,410.4,413.9,411.95,58911,245.88,2669,29301.0,49.74
JNPR, 18-Sep-2026,259.8,267.0,256.5,265.15,257.2,720178,1903.01,25538,443691.0,61.61
JOCIL, 18-Sep-2026,147.41,152.35,141.05,145.95,147.04,6159,8.94,226,3552.0,57.67
JPOLYINVST, 18-Sep-2026,987.8,988.5,977.0,980.75,982.25,1447,14.23,322,731.0,50.52
JPPOWER, 18-Sep-2026,15.25,15.49,15.17,15.37,15.26,37304111,5725.26,964557,15581569.0,41.77
JSFB, 18-Sep-2026,516.7,534.1,514.4,527.3,520.1,1405254,7413.58,23760,696098.0,49.54
JSL, 18-Sep-2026,724.5,754.95,724.5,750.95,724.45,2671236,19933.56,95087,1590149.0,59.53
JSLL, 18-Sep-2026,494.4,513.0,494.0,510.4,490.75,341598,1723.13,10414,193301.0,56.59
JSWCEMENT, 18-Sep-2026,117.2,118.1,116.23,117.44,116.64,1513300,1775.22,50852,832805.0,55.03
JSWDULUX, 18-Sep-2026,3099.9,3235.9,3057.1,3188.8,3074.0,21480,675.83,5316,11744.0,54.67
JSWENERGY, 18-Sep-2026,512.0,526.0,509.0,526.0,512.0,3397652,17557.6,21587,2484988.0,73.14
JSWHL, 18-Sep-2026,11146.0,11504.0,10931.0,11282.0,11146.0,3808,424.63,1320,1608.0,42.23
JSWINFRA, 18-Sep-2026,329.9,356.95,326.1,348.25,326.65,25470641,88366.29,116853,16474653.0,64.68
JSWSTEEL, 18-Sep-2026,1270.1,1278.7,1262.7,1275.6,1253.4,2378010,30260.15,41729,1576365.0,66.29
JTEKTINDIA, 18-Sep-2026,118.9,121.94,117.15,117.77,118.87,217543,258.24,2703,133922.0,61.56
JTLIND, 18-Sep-2026,88.01,92.25,86.15,87.67,87.32,2943629,2609.32,16955,844054.0,28.67
JUBLCPL, 18-Sep-2026,2013.3,2043.2,1980.0,2000.1,2020.4,6169,123.46,958,4107.0,66.57
JUBLFOOD, 18-Sep-2026,483.95,502.0,480.3,500.0,480.2,2900829,14377.28,44981,1763654.0,60.8
JUBLINGREA, 18-Sep-2026,638.5,642.6,612.0,624.9,633.25,923659,5728.91,29775,542200.0,58.7
JUBLPHARMA, 18-Sep-2026,1012.1,1086.0,1012.1,1065.4,1012.1,308313,3230.74,18021,175017.0,56.77
JUNIORBEES, 18-Sep-2026,778.3,782.0,766.15,781.11,771.94,180919,1408.86,6249,100579.0,55.59
JUNIPER, 18-Sep-2026,217.0,226.48,215.46,224.33,215.44,274539,609.69,5137,161750.0,58.92
JUSTDIAL, 18-Sep-2026,674.05,684.4,660.2,669.0,674.05,174274,1168.58,6941,91357.0,52.42
JWL, 18-Sep-2026,232.5,233.99,228.16,230.13,231.23,1093397,2521.37,19626,417963.0,38.23
JYOTHYLAB, 18-Sep-2026,193.5,196.6,192.69,195.07,193.84,713471,1390.47,13332,296981.0,41.62
JYOTICNC, 18-Sep-2026,980.85,1065.0,979.0,1049.7,980.85,3979254,41424.91,147814,1173515.0,29.49
JYOTIGLOBL, 18-Sep-2026,46.1,47.95,46.0,46.0,48.0,24000,11.27,11,22000.0,91.67
JYOTIRES, 18-Sep-2026,837.9,856.45,832.7,841.0,837.9,2378,19.97,364,1375.0,57.82
JYOTISTRUC, 18-Sep-2026,9.18,9.42,9.09,9.29,9.11,4504436,415.34,3554,2497386.0,55.44
K2INFRA, 18-Sep-2026,43.65,44.7,43.25,43.3,43.65,16200,7.07,25,14400.0,88.89
KABRAEXTRU, 18-Sep-2026,640.25,690.0,639.7,681.6,632.75,233883,1572.37,10156,94741.0,40.51
KAJARIACER, 18-Sep-2026,1211.1,1216.9,1197.0,1202.7,1217.2,194896,2344.14,14235,119726.0,61.43
KAKATCEM, 18-Sep-2026,107.4,109.9,107.0,107.33,108.23,1116,1.2,38,602.0,53.94
KALAMANDIR, 18-Sep-2026,77.06,78.93,76.56,78.26,76.79,532981,413.75,4196,237296.0,44.52
KALANA, 18-Sep-2026,18.5,18.5,18.5,18.5,18.5,2000,0.37,1,2000.0,100.0
KALPATARU, 18-Sep-2026,259.75,279.95,257.2,274.45,257.2,59103,158.65,1143,41084.0,69.51
KALYANKJIL, 18-Sep-2026,585.0,588.5,580.0,581.85,581.45,5379085,31454.8,54728,2474978.0,46.01
KAMAHOLD, 18-Sep-2026,2288.7,2288.7,2244.1,2249.9,2278.8,5489,123.54,726,4212.0,76.74
KAMANWALA, 18-Sep-2026,17.8,17.8,16.51,16.51,16.5,414,0.07,9,400.0,96.62
KAMATHOTEL, 18-Sep-2026,220.1,232.38,220.1,229.3,219.45,48978,110.93,1176,32501.0,66.36
KAMOPAINTS, 18-Sep-2026,4.45,4.45,4.25,4.39,4.35,124231,5.44,454,112118.0,90.25
KANANIIND, 18-Sep-2026,1.43,1.44,1.4,1.42,1.41,132727,1.88,263,92765.0,69.89
KANCHI, 18-Sep-2026,389.0,394.5,383.1,386.65,389.0,439,1.7,71,284.0,64.69
KANCOTEA, 18-Sep-2026,55.62,55.62,55.62,55.62,55.62,1,0.0,1,1.0,100.0
KANOHAR, 18-Sep-2026,825.0,855.0,780.1,786.8,817.0,7345005,59776.94,215510,1113960.0,15.17
KANPRPLA, 18-Sep-2026,262.35,262.35,243.9,246.1,259.75,26773,66.87,1005,16587.0,61.95
KANSAINER, 18-Sep-2026,183.73,185.1,181.6,183.96,184.2,672383,1236.44,10651,391100.0,58.17
KAPSTON, 18-Sep-2026,583.8,589.95,575.85,584.3,577.3,40257,235.22,1732,25933.0,64.42
KARAMTARA, 18-Sep-2026,369.0,377.9,331.3,355.55,352.0,29625649,104685.0,335456,8203070.0,27.69
KARMAENG, 18-Sep-2026,40.2,43.0,39.96,41.27,39.91,18883,7.72,412,6349.0,33.62
KARNIKA, 18-Sep-2026,120.45,120.5,118.6,120.0,120.45,13000,15.58,12,9000.0,69.23
KARURVYSYA, 18-Sep-2026,334.35,339.85,329.5,332.15,331.5,3218547,10757.29,53736,1942371.0,60.35
KATARIA, 18-Sep-2026,150.0,150.0,148.0,148.85,149.25,7800,11.63,12,6600.0,84.62
KAYNES, 18-Sep-2026,3528.0,3605.9,3475.0,3515.0,3520.0,1266788,44853.26,87489,271276.0,21.41
KAYTEX, 18-Sep-2026,56.9,57.0,56.65,56.7,55.4,4000,2.27,5,4000.0,100.0
KCEIL, 18-Sep-2026,76.0,76.0,74.3,74.3,76.5,11500,8.67,23,11000.0,95.65
KCK, 18-Sep-2026,14.35,14.5,14.3,14.5,14.45,32500,4.7,11,32500.0,100.0
KCP, 18-Sep-2026,158.12,166.0,156.29,161.95,157.92,136817,219.04,1826,97966.0,71.6
KDDL, 18-Sep-2026,3851.0,3875.0,3820.0,3858.4,3837.6,7233,278.55,1938,3778.0,52.23
KDGREEN, 18-Sep-2026,48.47,50.0,48.01,49.35,49.46,44221,21.84,536,35071.0,79.31
KDL, 18-Sep-2026,78.75,78.75,78.75,78.75,87.5,28650,22.56,115,28650.0,100.0
KEC, 18-Sep-2026,404.0,409.15,396.65,404.25,401.95,1338287,5373.7,38522,657655.0,49.14
KECL, 18-Sep-2026,119.4,123.54,118.88,122.78,119.42,66064,80.48,1509,35479.0,53.7
KEEPLEARN, 18-Sep-2026,1.95,1.95,1.84,1.86,1.84,16221,0.3,79,14113.0,87.0
KEI, 18-Sep-2026,4560.0,4650.0,4532.0,4650.0,4560.0,573397,26298.88,35095,306769.0,53.5
KELLTONTEC, 18-Sep-2026,13.99,13.99,13.4,13.61,13.57,1105458,151.25,2317,528514.0,47.81
KEN, 18-Sep-2026,44.0,50.15,43.7,43.95,41.8,102000,47.89,76,73200.0,71.76
KENNAMET, 18-Sep-2026,4321.6,4399.0,4231.0,4281.5,4321.6,23629,1014.01,6454,9290.0,39.32
KERNEX, 18-Sep-2026,1731.9,1743.5,1700.0,1732.5,1722.6,104121,1793.71,9536,42005.0,40.34
KEYFINSERV, 18-Sep-2026,247.95,247.95,240.0,245.95,246.25,123,0.3,27,86.0,69.92
KFINTECH, 18-Sep-2026,900.0,930.0,894.95,930.0,897.0,539201,4924.86,17834,290956.0,53.96
KHAICHEM, 18-Sep-2026,50.52,51.5,49.36,49.94,49.97,135895,68.33,1401,69871.0,51.42
KHAITANLTD, 18-Sep-2026,153.4,156.0,149.0,152.13,154.95,3145,4.75,155,2258.0,71.8
KHANDSE, 18-Sep-2026,18.35,18.35,17.89,18.09,17.58,894,0.16,18,894.0,100.0
KICL, 18-Sep-2026,4825.0,5028.0,4825.0,5009.5,4822.0,2638,131.24,377,2037.0,77.22
KIMS, 18-Sep-2026,793.4,819.0,784.0,809.85,791.85,1242321,9995.45,57725,760029.0,61.18
KINGFA, 18-Sep-2026,5907.0,5950.0,5799.0,5828.0,5855.5,6576,385.24,2583,3997.0,60.78
KIOCL, 18-Sep-2026,337.7,344.75,336.0,340.65,337.7,77819,264.75,3538,32107.0,41.26
KIRANVYPAR, 18-Sep-2026,218.0,218.0,202.5,207.34,207.0,1367,2.83,102,1050.0,76.81
KIRIINDUS, 18-Sep-2026,539.0,541.9,528.2,531.75,535.45,384478,2054.1,8529,199179.0,51.81
KIRLFER, 18-Sep-2026,479.75,489.0,474.0,480.65,474.35,201207,970.99,8350,130286.0,64.75
KIRLOSBROS, 18-Sep-2026,1757.1,1838.6,1757.1,1811.4,1770.8,50634,916.34,7110,13429.0,26.52
KIRLOSENG, 18-Sep-2026,2106.8,2169.9,2106.7,2160.1,2120.6,473818,10162.22,38813,297066.0,62.7
KIRLOSIND, 18-Sep-2026,3780.6,3845.9,3680.0,3699.8,3780.6,21797,810.07,3528,7988.0,36.65
KIRLPNU, 18-Sep-2026,695.0,701.85,686.3,698.65,693.85,252323,1758.62,13592,141301.0,56.0
KISSHT, 18-Sep-2026,358.0,373.0,347.0,356.05,359.95,4153061,14733.38,116558,1820241.0,43.83
KITEX, 18-Sep-2026,121.3,121.3,119.2,119.5,120.58,262500,314.29,3172,139846.0,53.27
KJMCFIN, 18-Sep-2026,62.0,63.49,60.51,63.2,61.02,620,0.39,27,570.0,91.94
KKCL, 18-Sep-2026,489.65,490.9,481.6,485.6,489.65,9200,44.7,894,5417.0,58.88
KKJEWELS, 18-Sep-2026,100.9,101.5,100.9,101.5,98.15,3000,3.03,3,3000.0,100.0
KLBRENG-B, 18-Sep-2026,462.35,474.5,455.0,471.0,460.1,93229,433.19,3241,54934.0,58.92
KLL, 18-Sep-2026,27.5,32.45,26.75,32.4,27.05,264800,83.58,146,212800.0,80.36
KMCSHIL, 18-Sep-2026,157.0,158.33,148.0,150.26,156.74,467949,718.52,7797,146921.0,31.4
KMEW, 18-Sep-2026,2842.3,2920.5,2830.0,2885.6,2828.1,56943,1636.87,9120,24606.0,43.21
KMSUGAR, 18-Sep-2026,28.99,29.28,28.16,28.62,28.44,136758,39.08,921,70090.0,51.25
KNACK, 18-Sep-2026,184.9,187.97,182.0,182.6,184.16,753950,1390.58,5636,410149.0,54.4
KNAGRI, 18-Sep-2026,204.0,205.78,192.81,196.06,202.24,10201,20.26,266,5400.0,52.94
KNRCON, 18-Sep-2026,122.0,125.8,121.11,124.8,120.86,3109057,3843.53,26136,1444642.0,46.47
KODYTECH, 18-Sep-2026,1520.85,1527.0,1500.0,1516.8,1491.0,5700,85.86,46,5500.0,96.49
KOHINOOR, 18-Sep-2026,31.2,33.0,30.43,30.55,31.2,72393,22.65,1309,25592.0,35.35
KOKUYOCMLN, 18-Sep-2026,76.23,78.2,76.11,77.79,76.21,18695,14.45,385,13956.0,74.65
KOLTEPATIL, 18-Sep-2026,433.1,438.05,423.0,431.75,433.1,117469,506.37,5288,69075.0,58.8
KONSTELEC, 18-Sep-2026,58.15,59.55,58.1,59.05,60.4,4000,2.34,4,4000.0,100.0
KONTOR, 18-Sep-2026,53.85,55.0,53.85,54.25,51.0,1800,0.98,3,1800.0,100.0
KOPRAN, 18-Sep-2026,267.59,282.1,261.1,277.6,268.59,2434887,6672.69,40599,449850.0,18.48
KORE, 18-Sep-2026,165.0,172.0,164.5,169.85,172.9,11500,19.4,18,11250.0,97.83
KOTAKBANK, 18-Sep-2026,415.5,419.2,412.5,412.5,416.5,15461137,64328.87,112998,12806526.0,82.83
KOTHARIPET, 18-Sep-2026,132.64,137.98,132.63,136.47,132.64,101963,138.4,1590,61204.0,60.03
KOTHARIPRO, 18-Sep-2026,64.44,64.99,62.2,63.11,64.09,4933,3.13,396,2522.0,51.13
KOTIC, 18-Sep-2026,135.69,152.0,131.6,144.41,135.69,87682,127.99,2013,21294.0,24.29
KOVAI, 18-Sep-2026,6071.5,6290.0,6071.5,6226.0,6112.0,3229,199.47,1109,2139.0,66.24
KPEL, 18-Sep-2026,212.7,220.99,212.7,216.88,212.48,216598,470.0,5591,92472.0,42.69
KPIGREEN, 18-Sep-2026,280.0,287.0,276.65,284.45,278.75,1041400,2944.41,20370,405762.0,38.96
KPIL, 18-Sep-2026,1404.9,1457.0,1402.0,1445.5,1399.3,224766,3228.81,18983,137804.0,61.31
KPITTECH, 18-Sep-2026,559.3,559.5,532.0,532.0,559.3,3944020,21439.54,57117,2067762.0,52.43
KPL, 18-Sep-2026,3471.2,3564.9,3430.1,3471.2,3452.1,28652,996.81,5429,11875.0,41.45
KPRMILL, 18-Sep-2026,1090.0,1154.4,1086.4,1141.4,1095.4,265730,2995.39,22217,142076.0,53.47
KRBL, 18-Sep-2026,393.45,398.0,390.3,392.45,395.4,358622,1409.24,8195,178958.0,49.9
KREBSBIO, 18-Sep-2026,56.94,62.8,55.8,57.31,55.48,54497,31.93,763,15129.0,27.76
KRIDHANINF, 18-Sep-2026,1.88,1.89,1.82,1.83,1.82,6829,0.13,62,6288.0,92.08
KRISHANA, 18-Sep-2026,183.0,185.0,178.34,179.89,182.04,358867,651.25,5817,197293.0,54.98
KRISHCA, 18-Sep-2026,162.0,164.0,160.0,164.0,161.85,8500,13.8,16,7500.0,88.24
KRISHIVAL, 18-Sep-2026,417.5,420.75,411.55,419.3,409.45,7573,31.48,361,4650.0,61.4
KRISHNADEF, 18-Sep-2026,1018.6,1033.0,1005.3,1030.0,1010.3,49863,509.16,4892,25773.0,51.69
KRITI, 18-Sep-2026,62.99,62.99,58.91,59.44,59.95,30068,18.05,220,27179.0,90.39
KRITIKA, 18-Sep-2026,5.13,5.25,5.13,5.2,5.17,65954,3.42,332,52905.0,80.21
KRITINUT, 18-Sep-2026,84.47,84.47,80.61,81.34,80.45,6156,5.08,145,4421.0,71.82
KRMAYURVED, 18-Sep-2026,321.8,323.9,311.55,312.2,317.3,93000,296.4,77,52000.0,55.91
KRN, 18-Sep-2026,1434.0,1455.0,1404.8,1446.2,1392.8,245619,3517.17,18287,138441.0,56.36
KROSS, 18-Sep-2026,244.77,248.77,237.36,239.19,242.05,1324987,3222.36,30196,435473.0,32.87
KRSNAA, 18-Sep-2026,541.05,547.7,533.0,541.15,541.05,121588,653.98,4851,44892.0,36.92
KRT, 18-Sep-2026,113.75,114.0,112.7,113.61,113.55,4321212,4905.32,10015,3209205.0,74.27
KRYSTAL, 18-Sep-2026,675.95,685.0,640.25,646.35,674.9,46393,308.39,2120,20573.0,44.35
KSB, 18-Sep-2026,780.0,819.6,778.35,813.1,777.8,277580,2234.13,23049,128727.0,46.37
KSCL, 18-Sep-2026,703.35,709.7,685.0,696.35,703.35,71585,500.22,3909,34345.0,47.98
KSE, 18-Sep-2026,179.6,180.0,176.0,178.37,177.33,5194,9.28,325,3700.0,71.24
KSHINTL, 18-Sep-2026,1044.4,1076.0,1034.15,1046.95,1045.55,274277,2872.89,27300,99615.0,36.32
KSHITIJPOL, 18-Sep-2026,4.2,4.21,4.2,4.2,4.01,6675034,280.81,2979,3694114.0,55.34
KSL, 18-Sep-2026,975.0,983.4,951.55,955.05,970.55,67867,653.14,4950,34984.0,51.55
KSOLVES, 18-Sep-2026,260.0,262.8,250.4,251.6,259.75,55291,139.93,2441,31496.0,56.96
KTKBANK, 18-Sep-2026,315.05,317.75,312.2,313.8,313.9,1649339,5196.9,35133,1034143.0,62.7
KUANTUM, 18-Sep-2026,76.75,79.68,76.0,78.77,76.07,286124,220.93,2473,94724.0,33.11
KUSUMGAR, 18-Sep-2026,551.95,594.0,551.95,591.2,551.5,504398,2941.08,22116,237133.0,47.01
KWIL, 18-Sep-2026,40.15,41.45,39.48,41.22,39.91,11630941,4716.06,42188,4511182.0,38.79
LAGNAM, 18-Sep-2026,73.0,73.0,68.1,72.34,70.24,15924,11.33,245,10182.0,63.94
LAHOTIOV, 18-Sep-2026,39.32,40.48,39.2,39.26,39.31,5598,2.2,54,3862.0,68.99
LAKSHMIMIL, 18-Sep-2026,7654.0,7654.0,7654.0,7654.0,7968.5,1,0.08,1,1.0,100.0
LAKSHYA, 18-Sep-2026,86.5,93.25,86.5,93.25,84.8,35200,31.99,31,33600.0,95.45
LAL, 18-Sep-2026,8.96,8.96,8.65,8.86,8.54,223610,19.4,134,217594.0,97.31
LALITHAA, 18-Sep-2026,280.0,304.9,277.0,304.9,290.4,8505145,25001.77,65823,2680956.0,31.52
LALPATHLAB, 18-Sep-2026,1930.1,1959.4,1885.0,1896.9,1924.7,477275,9115.92,55242,306578.0,64.24
LAMBODHARA, 18-Sep-2026,120.0,121.2,118.6,120.21,118.74,6550,7.85,217,2926.0,44.67
LAMOSAIC, 18-Sep-2026,52.8,52.8,49.7,50.2,52.3,45000,23.08,38,41400.0,92.0
LANCER, 18-Sep-2026,12.6,12.6,12.0,12.11,12.39,346283,42.22,997,300440.0,86.76
LANDMARK, 18-Sep-2026,488.75,515.0,482.9,504.5,492.1,67669,336.38,2945,40393.0,59.69
LANDSMILL, 18-Sep-2026,0.57,0.58,0.56,0.56,0.56,1697340,9.55,886,1184525.0,69.79
LAOPALA, 18-Sep-2026,157.59,164.98,157.12,162.6,156.13,310800,502.91,6482,121102.0,38.96
LARGEMID50, 18-Sep-2026,35.53,35.56,35.36,35.55,35.31,1014,0.36,11,970.0,95.66
LASERPOWER, 18-Sep-2026,270.5,284.0,270.4,280.75,269.0,1116298,3108.63,20403,611080.0,54.74
LATENTVIEW, 18-Sep-2026,256.05,256.5,253.6,255.35,255.0,254240,648.64,5820,155443.0,61.14
LATTEYS, 18-Sep-2026,20.34,21.2,20.34,20.69,20.76,40204,8.29,188,28361.0,70.54
LAURUSLABS, 18-Sep-2026,1962.0,1982.0,1954.0,1954.0,1948.1,2655873,52252.95,42063,1851023.0,69.7
LAXMICOT, 18-Sep-2026,13.0,13.28,12.6,12.72,13.08,5476,0.7,131,3135.0,57.25
LAXMIDENTL, 18-Sep-2026,199.49,202.0,197.0,197.95,198.23,29411,58.5,1670,14866.0,50.55
LAXMIINDIA, 18-Sep-2026,124.96,127.5,123.5,126.98,123.61,133652,168.55,2192,70914.0,53.06
LCCINFOTEC, 18-Sep-2026,3.44,3.44,3.44,3.44,3.28,47268,1.63,24,47268.0,100.0
LCCPROJECT, 18-Sep-2026,159.63,163.7,153.09,155.78,170.1,11654009,18101.7,69636,3770884.0,32.36
LCL, 18-Sep-2026,527.45,547.05,527.35,538.6,524.95,322072,1736.97,16497,152046.0,47.21
LEAPIND, 18-Sep-2026,137.25,143.02,135.34,140.47,136.31,2759097,3840.2,34617,1137481.0,41.23
LEMERITE, 18-Sep-2026,18.35,19.54,17.81,18.35,18.74,249153,46.34,569,154045.0,61.83
LEMONTREE, 18-Sep-2026,104.12,106.9,104.12,106.47,104.06,2070198,2186.17,20084,1038718.0,50.17
LENSKART, 18-Sep-2026,683.0,725.0,677.55,707.2,679.95,25690503,181024.29,188825,16501225.0,64.23
LEXUS, 18-Sep-2026,13.75,13.9,12.36,13.0,13.27,39290,5.13,214,25703.0,65.42
LFIC, 18-Sep-2026,135.4,136.02,130.21,132.74,135.41,2724,3.6,114,1666.0,61.16
LGBBROSLTD, 18-Sep-2026,1718.1,1764.9,1698.6,1730.4,1718.5,25696,442.56,3438,14845.0,57.77
LGEINDIA, 18-Sep-2026,1660.0,1706.9,1658.9,1696.9,1652.9,1337344,22632.86,60479,980784.0,73.34
LGHL, 18-Sep-2026,188.95,188.95,180.0,181.12,185.56,25458,46.98,320,15395.0,60.47
LIBAS, 18-Sep-2026,12.25,12.9,11.3,12.1,12.0,272411,33.62,572,111550.0,40.95
LIBERTSHOE, 18-Sep-2026,215.98,224.0,215.98,221.28,216.0,20763,45.66,648,13826.0,66.59
LICHSGFIN, 18-Sep-2026,548.6,552.0,543.6,548.15,545.9,2234836,12234.39,25303,1352944.0,60.54
LICI, 18-Sep-2026,400.0,407.7,398.8,407.7,400.0,6937082,27840.22,64504,5439345.0,78.41
LICMFGOLD, 18-Sep-2026,137.25,138.1,136.45,137.65,135.3,332691,456.58,886,185250.0,55.68
LICNETFGSC, 18-Sep-2026,29.49,29.49,29.02,29.28,29.26,6406,1.88,77,3808.0,59.44
LICNETFN50, 18-Sep-2026,260.84,263.39,260.84,263.39,261.77,69,0.18,17,63.0,91.3
LICNETFSEN, 18-Sep-2026,838.75,849.9,833.11,838.84,841.79,52,0.44,7,52.0,100.0
LICNFNHGP, 18-Sep-2026,274.18,274.18,268.0,268.0,271.47,361,0.97,12,261.0,72.3
LICNMID100, 18-Sep-2026,61.69,63.7,61.69,63.34,62.0,17461,10.88,114,2052.0,11.75
LIKHITHA, 18-Sep-2026,222.0,230.39,219.0,220.78,222.63,62548,139.73,1157,37829.0,60.48
LINC, 18-Sep-2026,91.95,93.38,91.0,91.81,91.26,5818,5.33,336,4339.0,74.58
LINCOLN, 18-Sep-2026,597.05,612.35,597.05,604.85,600.7,18250,110.32,1568,9737.0,53.35
LINDEINDIA, 18-Sep-2026,6139.0,6250.0,6116.0,6241.5,6094.5,20753,1289.27,5603,11662.0,56.19
LIQGRWBEES, 18-Sep-2026,1055.79,1056.19,1055.79,1056.18,1055.78,101609,1073.18,203,93112.0,91.64
LIQUID, 18-Sep-2026,999.99,1000.0,999.99,999.99,999.99,107563,1075.63,175,60935.0,56.65
LIQUID1, 18-Sep-2026,1122.94,1125.1,1122.94,1123.38,1122.94,588053,6606.08,519,347842.0,59.15
LIQUIDADD, 18-Sep-2026,1145.45,1145.85,1145.21,1145.47,1145.02,335850,3847.06,304,215902.0,64.29
LIQUIDBEES, 18-Sep-2026,999.99,1000.01,999.99,999.99,999.99,6909810,69097.81,4044,6022757.0,87.16
LIQUIDBETF, 18-Sep-2026,1099.5,1099.5,1099.48,1099.49,1099.06,477228,5247.08,163,374107.0,78.39
LIQUIDCASE, 18-Sep-2026,116.01,116.01,115.99,116.0,115.95,13211859,15326.11,13210,11393609.0,86.24
LIQUIDETF, 18-Sep-2026,999.99,1000.01,999.99,1000.0,999.99,89967,899.67,155,70367.0,78.21
LIQUIDIETF, 18-Sep-2026,1000.0,1000.01,999.99,999.99,999.99,841690,8416.89,183,811104.0,96.37
LIQUIDPLUS, 18-Sep-2026,1103.9,1103.92,1103.9,1103.91,1103.47,480177,5300.7,303,348265.0,72.53
LIQUIDSBI, 18-Sep-2026,1000.01,1000.01,999.99,999.99,1000.01,2584,25.84,15,2297.0,88.89
LIQUIDSHRI, 18-Sep-2026,1122.13,1122.15,1122.13,1122.13,1121.72,5249,58.9,22,3765.0,71.73
LKPSEC, 18-Sep-2026,15.65,15.65,14.75,15.01,15.06,9134,1.36,114,6144.0,67.27
LLOYDS, 18-Sep-2026,56.0,57.9,55.5,57.9,57.95,15000,8.44,8,14000.0,93.33
LLOYDSENGG, 18-Sep-2026,80.2,82.63,80.2,82.43,80.2,2821471,2309.37,16260,1215697.0,43.09
LLOYDSENT, 18-Sep-2026,66.75,69.79,66.75,68.84,67.0,1584258,1087.12,9085,684714.0,43.22
LLOYDSME, 18-Sep-2026,1807.8,1831.5,1799.5,1826.7,1799.3,342148,6235.99,21354,223245.0,65.25
LMW, 18-Sep-2026,18249.0,18509.0,17605.0,17759.0,18170.0,8747,1566.25,3577,5253.0,60.05
LODHA, 18-Sep-2026,1110.2,1148.8,1108.6,1144.7,1103.1,4727259,53449.97,65424,3082611.0,65.21
LOKESHMACH, 18-Sep-2026,333.2,352.2,332.9,344.8,343.3,15887,54.91,911,9151.0,57.6
LORDSCHLO, 18-Sep-2026,134.0,137.49,132.1,136.06,132.78,10327,14.04,369,8211.0,79.51
LOTUSCHO, 18-Sep-2026,564.35,580.0,560.0,575.1,568.85,1912,10.86,389,1323.0,69.19
LOTUSEYE, 18-Sep-2026,113.12,115.2,113.0,115.1,113.12,7112,8.16,71,6646.0,93.45
LOVABLE, 18-Sep-2026,71.5,71.5,69.0,69.67,70.38,3538,2.47,178,2175.0,61.48
LOWVOL, 18-Sep-2026,199.5,199.96,199.5,199.64,199.88,1007,2.01,5,5.0,0.5
LOWVOL1, 18-Sep-2026,20.14,20.5,20.14,20.37,20.34,30084,6.15,9968,4698.0,15.62
LOWVOLIETF, 18-Sep-2026,21.59,21.59,21.32,21.41,21.36,4231155,903.72,13533,3970823.0,93.85
LOYALTEX, 18-Sep-2026,207.0,210.8,197.09,201.35,207.0,447,0.92,49,404.0,90.38
LPDC, 18-Sep-2026,6.3,7.32,6.14,7.07,6.1,456816,31.67,717,231338.0,50.64
LRRPL, 18-Sep-2026,90.0,90.0,90.0,90.0,90.0,1500,1.35,1,1500.0,100.0
LT, 18-Sep-2026,3846.0,3898.0,3846.0,3885.0,3836.2,1547690,60023.34,67258,1126758.0,72.8
LTF, 18-Sep-2026,303.0,314.3,302.5,312.8,302.3,4647669,14392.22,32961,2077063.0,44.69
LTFOODS, 18-Sep-2026,420.9,426.45,416.1,423.2,421.9,459122,1935.22,14573,201844.0,43.96
LTGILTBEES, 18-Sep-2026,29.68,29.9,29.67,29.78,29.68,1009925,300.6,676,775706.0,76.81
LTGILTCASE, 18-Sep-2026,30.88,30.88,30.1,30.29,30.27,228742,69.31,159,226618.0,99.07
LTM, 18-Sep-2026,4245.0,4300.0,4155.0,4275.1,4265.3,500645,21241.12,32519,257977.0,51.53
LTTS, 18-Sep-2026,3340.9,3367.9,3286.8,3347.5,3324.3,103280,3442.58,17588,65740.0,63.65
LUMAXIND, 18-Sep-2026,5740.0,5917.0,5738.5,5851.0,5724.0,10193,597.13,3423,3036.0,29.79
LUMAXTECH, 18-Sep-2026,2011.3,2118.4,2003.6,2102.7,2018.0,190451,3987.49,27196,86588.0,45.46
LUMINO, 18-Sep-2026,109.4,112.9,107.2,111.52,107.14,21880189,24237.82,98774,3274269.0,14.96
LUPIN, 18-Sep-2026,2088.1,2114.7,2075.0,2083.0,2098.1,1194290,24950.0,43537,907759.0,76.01
LUXIND, 18-Sep-2026,1049.5,1169.9,1049.5,1139.2,1042.5,279753,3149.74,18842,64207.0,22.95
LXCHEM, 18-Sep-2026,180.0,182.84,177.22,178.24,179.23,922831,1657.87,13691,409185.0,44.34
M&M, 18-Sep-2026,3082.0,3098.2,3052.0,3052.0,3076.5,2973119,91206.11,80912,2252454.0,75.76
M&MFIN, 18-Sep-2026,349.85,356.95,347.1,353.3,345.7,3129493,11033.4,70916,2039034.0,65.16
MAANALU, 18-Sep-2026,105.85,105.94,103.61,104.77,102.89,32914,34.52,683,19218.0,58.39
MACPOWER, 18-Sep-2026,1930.1,2149.0,1930.1,2104.5,1921.6,237776,4962.35,21662,98149.0,41.28
MADHAV, 18-Sep-2026,35.9,37.79,35.1,35.46,34.5,25672,9.41,253,11474.0,44.69
MADHAVBAUG, 18-Sep-2026,151.4,155.9,151.4,155.9,159.35,6000,9.15,13,5200.0,86.67
MADHAVIPL, 18-Sep-2026,7.59,8.15,7.59,7.8,7.59,146481,11.52,472,108075.0,73.78
MADHURKNIT, 18-Sep-2026,46.3,51.55,45.5,51.1,46.9,285600,141.91,187,158400.0,55.46
MADHUSUDAN, 18-Sep-2026,236.95,236.95,229.05,233.45,237.0,17000,39.63,15,13000.0,76.47
MADRASFERT, 18-Sep-2026,61.4,61.64,60.8,61.28,61.16,22335,13.68,381,11717.0,52.46
MAFANG, 18-Sep-2026,238.66,254.0,238.66,248.07,237.77,1209212,3008.62,20249,574348.0,47.5
MAFATIND, 18-Sep-2026,120.9,122.39,119.2,119.56,120.9,45441,54.51,1111,36800.0,80.98
MAGADSUGAR, 18-Sep-2026,509.85,512.7,497.6,504.75,508.15,25380,127.47,1396,12605.0,49.67
MAGNUM, 18-Sep-2026,19.53,19.98,18.81,19.19,19.53,75187,14.5,341,18076.0,24.04
MAGSON, 18-Sep-2026,179.0,180.0,179.0,180.0,179.0,43000,77.39,5,43000.0,100.0
MAHABANK, 18-Sep-2026,81.6,83.54,81.13,83.54,80.8,18030197,14913.42,41670,11131131.0,61.74
MAHAPEXLTD, 18-Sep-2026,54.2,58.8,54.02,54.72,55.26,2016,1.11,67,1477.0,73.26
MAHEPC, 18-Sep-2026,103.38,103.8,101.55,102.64,101.99,11732,12.05,220,8532.0,72.72
MAHESHWARI, 18-Sep-2026,68.3,71.49,68.28,68.7,70.0,2620,1.83,42,2235.0,85.31
MAHKTECH, 18-Sep-2026,21.75,22.9,21.7,21.8,21.84,1637716,359.39,7434,1017910.0,62.15
MAHLIFE, 18-Sep-2026,364.0,371.0,356.85,366.4,363.7,140424,512.13,8113,72519.0,51.64
MAHLOG, 18-Sep-2026,393.95,394.75,387.4,392.75,389.55,101788,398.84,4540,59656.0,58.61
MAHSCOOTER, 18-Sep-2026,13217.0,13850.0,13151.0,13729.0,13151.0,8261,1122.06,3246,3973.0,48.09
MAHSEAMLES, 18-Sep-2026,724.0,725.9,712.15,717.55,720.2,177765,1277.72,10724,76828.0,43.22
MAITHANALL, 18-Sep-2026,1034.7,1040.6,1006.1,1009.1,1027.45,55436,563.41,3435,27828.0,50.2
MAKEINDIA, 18-Sep-2026,161.95,162.78,161.75,162.62,161.14,56042,90.86,339,30496.0,54.42
MAKERSL, 18-Sep-2026,182.0,195.13,178.2,190.88,185.13,1211,2.27,76,867.0,71.59
MAL, 18-Sep-2026,41.8,42.25,39.9,42.25,41.8,25600,10.47,14,20800.0,81.25
MALLCOM, 18-Sep-2026,954.7,974.0,954.7,968.9,949.95,1230,11.88,193,792.0,64.39
MALUPAPER, 18-Sep-2026,31.9,33.08,31.6,32.16,31.97,17439,5.67,397,7593.0,43.54
MAMATA, 18-Sep-2026,392.2,405.2,392.2,403.75,393.9,39826,160.59,1642,21448.0,53.85
MANAKALUCO, 18-Sep-2026,36.3,36.7,35.57,35.87,35.81,30354,10.88,363,16407.0,54.05
MANAKCOAT, 18-Sep-2026,129.7,130.6,127.5,129.22,129.69,281064,363.16,3277,113557.0,40.4
MANAKSIA, 18-Sep-2026,63.57,65.28,62.81,64.26,64.05,42702,27.42,751,25235.0,59.1
MANALIPETC, 18-Sep-2026,82.3,83.47,80.95,82.92,82.3,884970,730.16,7275,299173.0,33.81
MANAPPURAM, 18-Sep-2026,319.0,319.9,310.0,319.15,316.05,3822669,12133.61,34723,1787558.0,46.76
MANBA, 18-Sep-2026,135.1,136.9,132.1,133.76,133.76,78068,104.72,726,27201.0,34.84
MANCREDIT, 18-Sep-2026,219.5,224.9,217.44,223.39,218.0,137124,303.31,2054,8293.0,6.05
MANDEEP, 18-Sep-2026,17.8,17.8,17.8,17.8,17.85,2000,0.36,1,2000.0,100.0
MANGALAM, 18-Sep-2026,34.4,34.95,32.5,34.26,31.97,167646,57.39,1459,100245.0,59.8
MANGLMCEM, 18-Sep-2026,1036.6,1041.0,1024.0,1030.8,1035.2,36083,372.37,1454,27020.0,74.88
MANILAM, 18-Sep-2026,40.0,40.0,40.0,40.0,39.9,2000,0.8,1,2000.0,100.0
MANINDS, 18-Sep-2026,825.0,860.5,822.35,851.55,823.0,1165509,9818.18,40394,434590.0,37.29
MANINFRA, 18-Sep-2026,126.0,127.64,124.8,125.64,125.71,2921365,3693.8,9535,666433.0,22.81
MANIPALHOS, 18-Sep-2026,725.0,742.5,725.0,738.95,721.55,838917,6184.16,24461,507293.0,60.47
MANKIND, 18-Sep-2026,2300.0,2329.5,2287.7,2300.7,2300.0,484552,11208.41,27649,294518.0,60.78
MANOMAY, 18-Sep-2026,225.0,231.0,224.29,229.68,223.55,182888,418.18,5213,38868.0,21.25
MANORAMA, 18-Sep-2026,1953.9,1984.0,1924.1,1966.9,1939.1,97087,1911.17,11829,53153.0,54.75
MANORG, 18-Sep-2026,450.0,458.85,450.0,456.95,448.9,8980,40.91,446,7380.0,82.18
MANUFGBEES, 18-Sep-2026,160.83,160.83,159.55,160.16,160.03,3663,5.87,72,2139.0,58.39
MANUGRAPH, 18-Sep-2026,15.04,18.22,15.04,18.09,15.19,591694,106.05,2217,235148.0,39.74
MANYAVAR, 18-Sep-2026,570.0,570.6,536.0,544.25,567.6,2133812,11663.81,54334,1277075.0,59.85
MAPMYINDIA, 18-Sep-2026,889.8,905.2,885.6,899.4,889.8,120929,1083.44,7195,60769.0,50.25
MARALOVER, 18-Sep-2026,60.7,60.7,58.38,59.36,59.59,3430,2.04,78,2356.0,68.69
MARATHON, 18-Sep-2026,414.15,419.8,405.25,409.0,414.15,86215,354.09,2549,59721.0,69.27
MARC, 18-Sep-2026,155.25,156.0,155.25,155.9,156.0,10800,16.83,6,9600.0,88.89
MARCO, 18-Sep-2026,29.7,29.7,29.5,29.7,29.45,7500,2.22,5,6000.0,80.0
MARICO, 18-Sep-2026,820.05,822.45,803.9,803.9,817.0,2848872,23126.51,41994,2129629.0,74.75
MARINE, 18-Sep-2026,373.15,382.0,372.95,379.2,373.15,395698,1496.05,16355,181188.0,45.79
MARKOLINES, 18-Sep-2026,172.85,173.98,169.0,169.71,172.84,68615,116.7,734,38559.0,56.2
MARKSANS, 18-Sep-2026,321.35,325.85,318.65,320.15,319.7,975318,3131.74,22161,477653.0,48.97
MARSONS, 18-Sep-2026,122.45,132.58,121.76,128.62,121.67,5689077,7345.65,41074,1118739.0,19.66
MARUSHIKA, 18-Sep-2026,119.95,119.95,117.0,117.0,119.3,10800,12.72,9,8400.0,77.78
MARUTI, 18-Sep-2026,12350.0,12458.0,12103.0,12103.0,12338.0,659773,80534.01,56186,430473.0,65.25
MASFIN, 18-Sep-2026,287.4,290.1,281.0,288.95,286.9,360227,1032.08,10963,237549.0,65.94
MASKINVEST, 18-Sep-2026,143.85,143.85,140.01,143.55,137.0,345,0.5,17,336.0,97.39
MASON, 18-Sep-2026,118.5,121.55,109.25,110.65,119.0,69500,79.13,111,45500.0,65.47
MASPTOP50, 18-Sep-2026,108.0,124.59,106.42,124.48,103.83,4373919,5196.78,29229,1536399.0,35.13
MASTEK, 18-Sep-2026,1642.9,1642.9,1575.1,1588.2,1630.1,200770,3205.11,27729,104372.0,51.99
MASTER, 18-Sep-2026,395.0,400.0,395.0,400.0,400.0,1000,3.98,2,1000.0,100.0
MASTERTR, 18-Sep-2026,87.2,90.3,87.2,89.74,87.47,309406,275.74,2425,72540.0,23.44
MATRIMONY, 18-Sep-2026,533.0,538.1,528.45,535.55,530.8,5229,27.93,365,3332.0,63.72
MAWANASUG, 18-Sep-2026,126.91,130.44,123.5,128.21,125.54,108075,136.61,2173,46254.0,42.8
MAXESTATES, 18-Sep-2026,575.0,595.0,575.0,594.0,577.6,201561,1186.75,3937,168410.0,83.55
MAXHEALTH, 18-Sep-2026,1037.0,1059.9,1034.9,1049.3,1037.0,2098416,22050.15,36056,1362101.0,64.91
MAXIND, 18-Sep-2026,142.62,155.0,141.0,152.69,140.19,216930,325.12,3715,120671.0,55.63
MAXPOSURE, 18-Sep-2026,40.5,40.5,39.7,39.95,38.6,5000,2.0,5,4000.0,80.0
MAXVOLT, 18-Sep-2026,379.5,386.4,363.0,377.0,374.15,19200,72.36,47,10400.0,54.17
MAYASHEEL, 18-Sep-2026,35.0,36.0,34.0,35.35,36.65,66000,23.34,7,66000.0,100.0
MAYURUNIQ, 18-Sep-2026,757.4,757.4,740.0,743.4,750.0,37518,280.46,2662,19207.0,51.19
MAZDOCK, 18-Sep-2026,2209.0,2280.0,2205.1,2280.0,2210.0,850778,19115.92,35660,300372.0,35.31
MBAPL, 18-Sep-2026,164.6,165.77,158.5,159.82,163.9,852099,1380.18,7707,516358.0,60.6
MBEL, 18-Sep-2026,252.85,257.4,251.1,252.25,251.4,88783,224.98,4409,41074.0,46.26
MBLINFRA, 18-Sep-2026,22.19,22.35,21.8,22.29,22.19,22105,4.87,100,16358.0,74.0
MCCHRLS-B, 18-Sep-2026,680.0,680.0,648.0,655.0,659.75,6059,39.83,48,5890.0,97.21
MCL, 18-Sep-2026,55.0,56.24,55.0,55.94,54.74,39011,21.66,688,20149.0,51.65
MCLEODRUSS, 18-Sep-2026,42.22,44.33,42.22,44.33,42.22,84730,37.04,537,59300.0,69.99
MCLOUD, 18-Sep-2026,25.19,25.5,25.06,25.3,25.19,881659,222.95,2827,439984.0,49.9
MCX, 18-Sep-2026,3257.5,3314.9,3230.1,3260.0,3265.2,2197423,71704.19,101492,1100622.0,50.09
MDL, 18-Sep-2026,60.0,60.0,60.0,60.0,60.0,22000,13.2,13,22000.0,100.0
MEDANTA, 18-Sep-2026,1448.7,1520.0,1430.0,1499.4,1424.0,703445,10462.8,87992,356743.0,50.71
MEDIASSIST, 18-Sep-2026,323.0,326.55,317.75,324.85,321.15,105999,343.14,3583,65680.0,61.96
MEDICO, 18-Sep-2026,36.36,36.57,34.71,34.89,36.34,312783,109.69,1596,204942.0,65.52
MEDIORG, 18-Sep-2026,21.65,21.65,21.65,21.65,22.75,2000,0.43,1,2000.0,100.0
MEDPLUS, 18-Sep-2026,655.0,665.2,654.0,659.65,654.0,87557,576.15,5035,51714.0,59.06
MEESHO, 18-Sep-2026,208.48,220.0,208.16,214.44,207.31,83376786,178463.17,212582,52055207.0,62.43
MEGAFLEX, 18-Sep-2026,94.1,95.0,94.1,94.55,96.25,2000,1.89,2,2000.0,100.0
MEGASTAR, 18-Sep-2026,280.0,283.9,280.0,281.8,278.75,17638,49.58,60,17508.0,99.26
MEGATHERM, 18-Sep-2026,261.0,261.0,251.0,253.75,261.0,15600,39.66,28,12800.0,82.05
MEIL, 18-Sep-2026,272.55,274.75,270.0,271.85,270.3,23180,63.03,605,13282.0,57.3
MERCANTILE, 18-Sep-2026,23.48,23.96,22.17,22.7,22.47,2852,0.65,66,2302.0,80.72
MERCURYEV, 18-Sep-2026,41.74,41.74,39.11,39.91,40.84,456747,183.73,3485,302813.0,66.3
METAL, 18-Sep-2026,13.32,13.32,13.0,13.15,13.0,3215331,422.5,5716,2668817.0,83.0
METALIC, 18-Sep-2026,139.95,143.65,139.95,143.65,136.85,56000,80.07,31,52800.0,94.29
METALIETF, 18-Sep-2026,13.29,13.29,12.97,13.08,12.97,3650778,477.25,7253,1887509.0,51.7
METROBRAND, 18-Sep-2026,955.0,955.0,927.0,940.85,950.45,918435,8641.49,46652,583208.0,63.5
METROGLOBL, 18-Sep-2026,134.5,134.5,132.01,132.01,134.5,59,0.08,3,59.0,100.0
METROPOLIS, 18-Sep-2026,589.9,602.05,582.0,597.45,586.3,223299,1330.8,12531,105080.0,47.06
MFML, 18-Sep-2026,18.66,19.49,18.21,18.83,18.66,2179,0.42,54,2123.0,97.43
MFSL, 18-Sep-2026,1538.6,1573.6,1538.0,1559.0,1554.0,898566,14042.61,52959,603143.0,67.12
MGEL, 18-Sep-2026,15.6,15.99,15.47,15.64,15.52,241973,37.8,489,169044.0,69.86
MGL, 18-Sep-2026,1067.1,1087.5,1066.2,1081.7,1071.2,196402,2119.59,12066,113138.0,57.61
MGSL, 18-Sep-2026,67.55,70.0,63.75,65.45,69.25,43200,28.48,36,31200.0,72.22
MHHL, 18-Sep-2026,30.6,30.6,30.6,30.6,32.2,1500,0.46,1,1500.0,100.0
MHRIL, 18-Sep-2026,195.0,201.0,194.81,199.29,195.17,169999,337.77,2885,98085.0,57.7
MICROPRO, 18-Sep-2026,18.35,18.35,18.35,18.35,18.4,1600,0.29,1,1600.0,100.0
MID150, 18-Sep-2026,23.2,23.22,22.93,23.18,22.93,222934,51.53,193,200324.0,89.86
MID150BEES, 18-Sep-2026,234.88,236.88,233.43,236.52,233.43,453893,1069.38,5489,260682.0,57.43
MID150CASE, 18-Sep-2026,11.6,11.6,11.21,11.51,11.37,622348,71.36,2930,387971.0,62.34
MIDBANKADD, 18-Sep-2026,17.22,17.75,17.15,17.24,17.14,12233,2.11,20,11145.0,91.11
MIDCAP, 18-Sep-2026,18.39,18.39,18.1,18.29,18.13,96964,17.68,700,63174.0,65.15
MIDCAPADD, 18-Sep-2026,22.77,24.93,22.77,23.75,22.67,1040,0.24,24,838.0,80.58
MIDCAPBETA, 18-Sep-2026,229.24,230.9,228.95,230.9,227.67,5959,13.67,33,5943.0,99.73
MIDCAPETF, 18-Sep-2026,23.13,23.43,23.1,23.37,23.1,1444353,336.56,4084,842131.0,58.31
MIDCAPIETF, 18-Sep-2026,23.55,23.81,23.45,23.7,23.41,934043,220.4,1857,486812.0,52.12
MIDHANI, 18-Sep-2026,411.0,421.5,408.85,417.3,407.85,1297036,5411.57,35704,526568.0,40.6
MIDQ50ADD, 18-Sep-2026,24.25,24.56,24.23,24.46,24.19,38319,9.33,94,20358.0,53.13
MIDSELIETF, 18-Sep-2026,19.8,19.8,19.44,19.63,19.43,169980,33.27,602,95022.0,55.9
MIDSMALL, 18-Sep-2026,51.87,51.87,50.73,51.4,50.85,137961,70.8,3205,110493.0,80.09
MIDWESTLTD, 18-Sep-2026,980.0,990.8,973.1,980.8,976.2,10017,98.24,918,4300.0,42.93
MIIL, 18-Sep-2026,699.5,714.85,689.95,711.35,689.0,83235,586.35,2313,30197.0,36.28
MILKYMIST, 18-Sep-2026,276.13,283.98,271.5,274.07,274.76,5036730,13992.03,50902,1583111.0,31.43
MINDACORP, 18-Sep-2026,685.0,696.35,681.4,691.45,681.25,90197,623.7,10617,47895.0,53.1
MINDSPACE, 18-Sep-2026,499.0,508.4,497.49,505.58,499.08,902294,4559.7,20604,693020.0,76.81
MINDTECK, 18-Sep-2026,160.36,160.36,156.81,158.33,156.84,19042,30.13,645,10513.0,55.21
MIRZAINT, 18-Sep-2026,29.6,29.98,28.71,29.14,29.54,204304,59.35,2038,139184.0,68.13
MITCON, 18-Sep-2026,79.03,81.59,79.0,80.01,80.23,386,0.31,38,220.0,56.99
MITTAL, 18-Sep-2026,0.76,0.84,0.74,0.77,0.76,4600938,35.37,724,2877363.0,62.54
MKEXIM, 18-Sep-2026,67.9,69.87,65.75,67.43,67.23,49723,33.87,600,33430.0,67.23
MKPL, 18-Sep-2026,4.07,4.17,3.96,3.97,4.07,125960,5.07,529,89429.0,71.0
MLKFOOD, 18-Sep-2026,83.0,86.0,77.11,79.82,79.12,3524,2.83,202,2213.0,62.8
MMFL, 18-Sep-2026,618.9,632.95,618.9,628.55,618.6,41604,261.35,2432,20524.0,49.33
MMP, 18-Sep-2026,472.7,482.8,461.5,466.85,465.7,94696,447.5,3417,54618.0,57.68
MMTC, 18-Sep-2026,60.14,60.99,60.02,60.27,60.14,733798,442.7,5300,296842.0,40.45
MMWL, 18-Sep-2026,13.39,13.39,12.76,12.89,13.04,11336,1.48,97,9138.0,80.61
MNC, 18-Sep-2026,32.29,32.75,31.89,32.69,32.29,79748,25.99,305,14512.0,18.2
MOALPHA50, 18-Sep-2026,55.45,55.88,55.29,55.74,55.06,4637,2.57,46,3964.0,85.49
MOBANK10, 18-Sep-2026,16.55,16.66,16.49,16.66,16.57,1608,0.27,34,1353.0,84.14
MOBIKWIK, 18-Sep-2026,200.7,213.75,200.5,212.48,198.64,5135376,10684.67,53481,1646427.0,32.06
MOBILISE, 18-Sep-2026,108.95,108.95,108.95,108.95,113.6,3200,3.49,2,1600.0,50.0
MOCAPITAL, 18-Sep-2026,53.64,53.69,53.05,53.58,53.1,811785,433.97,3025,613916.0,75.63
MODEFENCE, 18-Sep-2026,103.05,103.6,102.21,103.28,101.87,1229387,1267.64,7319,637950.0,51.89
MODINATUR, 18-Sep-2026,339.95,374.0,339.95,359.05,337.95,10638,38.65,555,7149.0,67.2
MODIRUBBER, 18-Sep-2026,123.0,123.4,119.16,120.24,123.9,577,0.69,41,351.0,60.83
MODIS, 18-Sep-2026,351.1,353.85,342.0,352.4,349.05,19609,68.32,510,16797.0,85.66
MODTHREAD, 18-Sep-2026,49.21,50.35,47.0,47.99,50.35,5222,2.5,90,4332.0,82.96
MOENERGY, 18-Sep-2026,37.25,38.15,36.78,38.0,37.53,38962,14.76,435,28925.0,74.24
MOGOLD, 18-Sep-2026,150.95,151.7,149.85,151.35,148.95,22815,34.45,534,10513.0,46.08
MOGSEC, 18-Sep-2026,63.74,65.42,63.74,65.12,65.38,764,0.5,44,597.0,78.14
MOHEALTH, 18-Sep-2026,52.31,52.43,51.66,52.09,51.88,230100,119.93,628,56694.0,24.64
MOHITE, 18-Sep-2026,2.44,2.54,2.4,2.45,2.44,64284,1.58,143,53176.0,82.72
MOHITIND, 18-Sep-2026,23.99,23.99,23.0,23.62,23.2,21043,4.93,80,13797.0,65.57
MOIL, 18-Sep-2026,244.0,245.1,240.98,243.88,243.06,344649,838.0,7032,148862.0,43.19
MOINFRA, 18-Sep-2026,57.88,58.47,57.88,58.26,57.6,772,0.45,27,686.0,88.86
MOIPO, 18-Sep-2026,48.97,49.65,47.92,48.99,49.84,22647,10.95,140,20800.0,91.84
MOKSH, 18-Sep-2026,9.99,10.3,9.95,10.17,9.95,406146,41.1,247,401790.0,98.93
MOL, 18-Sep-2026,60.0,63.8,59.6,63.05,59.93,1434815,893.79,12560,460761.0,32.11
MOLBIO, 18-Sep-2026,1297.1,1314.8,1262.2,1288.3,1285.3,1435104,18482.64,56261,167923.0,11.7
MOLDTKPAC, 18-Sep-2026,661.85,666.05,655.5,658.3,661.85,42442,280.09,2831,25941.0,61.12
MOLOWVOL, 18-Sep-2026,36.52,36.52,35.31,35.58,35.63,1878,0.67,40,1562.0,83.17
MOM100, 18-Sep-2026,66.99,67.3,66.41,66.95,66.41,152423,101.89,1896,80945.0,53.11
MOM30IETF, 18-Sep-2026,30.95,31.19,30.79,31.08,30.75,375419,116.55,1232,230589.0,61.42
MOM50, 18-Sep-2026,243.85,252.85,243.82,247.42,243.83,1236,3.03,81,470.0,38.03
MOMENTUM, 18-Sep-2026,30.8,30.87,30.5,30.79,30.58,22891,7.05,144,12328.0,53.86
MOMENTUM30, 18-Sep-2026,30.42,30.63,30.31,30.5,30.06,14003,4.27,52,5436.0,38.82
MOMENTUM50, 18-Sep-2026,53.2,54.1,53.16,53.97,53.14,348067,187.39,12630,192696.0,55.36
MOMETAL, 18-Sep-2026,12.95,13.08,12.94,13.04,12.81,4082,0.53,30,3840.0,94.07
MOMGF, 18-Sep-2026,159.12,159.64,159.12,159.63,158.77,599,0.96,20,599.0,100.0
MOMIDMTM, 18-Sep-2026,64.4,64.4,63.41,63.9,63.14,51049,32.56,339,42936.0,84.11
MOMMIDCAP, 18-Sep-2026,12.78,12.93,12.78,12.9,12.74,1400681,180.47,962,1273391.0,90.91
MOMNC, 18-Sep-2026,31.56,31.61,31.43,31.54,31.46,55646,17.53,22,55390.0,99.54
MOMOMENTUM, 18-Sep-2026,60.84,61.83,60.84,61.55,60.84,70539,43.37,271,50833.0,72.06
MON100, 18-Sep-2026,328.44,330.99,325.01,330.33,322.43,750532,2470.66,17015,470972.0,62.75
MON50EQUAL, 18-Sep-2026,32.45,32.5,32.29,32.37,32.4,2913,0.94,46,2564.0,88.02
MONARCH, 18-Sep-2026,369.5,370.0,363.2,366.15,367.8,96830,354.31,2325,67925.0,70.15
MONEXT50, 18-Sep-2026,71.73,72.46,71.6,72.35,71.27,2915,2.1,48,2611.0,89.57
MONEYBOXX, 18-Sep-2026,54.49,54.49,54.49,54.49,51.9,24084,13.12,38,24084.0,100.0
MONIFTY100, 18-Sep-2026,24.54,25.4,24.54,24.83,24.54,5007,1.24,64,3139.0,62.69
MONIFTY500, 18-Sep-2026,23.79,23.79,23.28,23.45,23.32,206084,48.17,1059,115218.0,55.91
MONOLITH, 18-Sep-2026,1310.0,1349.0,1264.0,1295.0,1296.1,26750,347.91,96,16750.0,62.62
MONQ50, 18-Sep-2026,349.99,396.3,330.26,396.3,330.25,2229451,8696.97,24329,630997.0,28.3
MONTECARLO, 18-Sep-2026,558.7,561.8,547.5,553.05,554.7,129704,716.51,4674,82374.0,63.51
MOOILGAS, 18-Sep-2026,11.0,11.04,10.9,10.98,10.9,3726,0.41,37,3649.0,97.93
MOPSE, 18-Sep-2026,100.87,100.87,97.92,98.73,101.1,4247,4.17,69,4219.0,99.34
MOQUALITY, 18-Sep-2026,193.44,195.06,193.05,194.5,193.52,690,1.34,21,561.0,81.3
MOREALTY, 18-Sep-2026,84.26,85.47,83.9,85.27,83.85,283299,241.11,1659,156877.0,55.38
MOREPENLAB, 18-Sep-2026,120.6,123.45,118.14,120.9,120.56,16816327,20286.18,66306,4514303.0,26.84
MOS, 18-Sep-2026,5.45,5.6,5.1,5.5,5.35,19316000,1031.26,849,19072000.0,98.74
MOSCHIP, 18-Sep-2026,210.0,211.15,207.91,208.89,208.06,1271753,2659.65,18765,458800.0,36.08
MOSERVICE, 18-Sep-2026,30.12,30.35,30.05,30.35,30.0,490,0.15,18,440.0,89.8
MOSILVER, 18-Sep-2026,229.57,232.3,228.63,231.3,223.98,54487,125.41,1582,13288.0,24.39
MOSMALL250, 18-Sep-2026,17.94,18.6,17.71,18.41,18.17,921766,168.7,1756,380587.0,41.29
MOTHERSON, 18-Sep-2026,161.87,165.37,161.84,162.57,161.87,19068300,31208.12,53827,14523618.0,76.17
MOTILALOFS, 18-Sep-2026,988.7,1010.0,988.7,1010.0,988.7,739629,7441.71,13569,520412.0,70.36
MOTISONS, 18-Sep-2026,18.25,19.12,17.95,18.3,17.94,114189016,21059.08,189115,13959042.0,12.22
MOTOGENFIN, 18-Sep-2026,24.84,27.84,24.84,26.19,24.96,68884,18.14,492,20161.0,29.27
MOTOUR, 18-Sep-2026,77.98,78.34,76.18,77.95,76.53,34945,27.01,150,29993.0,85.83
MOVALUE, 18-Sep-2026,110.36,111.48,109.04,110.91,110.36,33264,36.77,454,20558.0,61.8
MPEL, 18-Sep-2026,22.25,22.25,22.2,22.25,21.2,19200,4.27,12,17600.0,91.67
MPEL-RE, 18-Sep-2026,1.8,1.8,1.8,1.8,1.65,41600,0.75,5,41600.0,100.0
MPHASIS, 18-Sep-2026,2322.9,2327.9,2275.0,2300.4,2320.0,650262,14901.88,32409,357904.0,55.04
MPIMANIPAL, 18-Sep-2026,348.9,349.95,329.0,341.35,345.15,1721733,5830.81,35353,741486.0,43.07
MPSLTD, 18-Sep-2026,2583.0,2689.9,2560.1,2667.3,2571.5,8970,235.21,1707,5034.0,56.12
MRF, 18-Sep-2026,124900.0,126500.0,123815.0,125670.0,124585.0,8232,10287.19,5588,4373.0,53.12
MRIL, 18-Sep-2026,82.8,85.3,78.4,84.2,81.25,169600,141.88,82,169600.0,100.0
MRPL, 18-Sep-2026,164.36,167.1,162.64,165.38,163.77,4824765,7943.26,37798,1208084.0,25.04
MSCI360, 18-Sep-2026,9.88,10.06,9.8,9.96,9.86,3868,0.38,30,3296.0,85.21
MSCIADD, 18-Sep-2026,28.74,28.8,28.74,28.8,28.63,758,0.22,3,658.0,86.81
MSCIINDIA, 18-Sep-2026,29.11,29.58,29.03,29.27,28.96,9841,2.87,99,9330.0,94.81
MSL, 18-Sep-2026,137.1,145.0,136.22,141.43,136.22,649,0.92,49,626.0,96.46
MSPL, 18-Sep-2026,33.75,34.5,33.36,34.15,33.75,596227,202.87,2076,432741.0,72.58
MSTCLTD, 18-Sep-2026,715.2,741.45,701.0,724.05,715.25,213012,1536.36,9357,82465.0,38.71
MSUMI, 18-Sep-2026,36.1,36.2,35.38,35.67,36.07,31085866,11104.04,76641,19338030.0,62.21
MTNL, 18-Sep-2026,23.78,24.15,23.52,23.8,23.77,778801,185.67,2977,321396.0,41.27
MUFIN, 18-Sep-2026,132.99,136.0,132.5,133.45,132.2,1191673,1602.18,6752,136799.0,11.48
MUFTI, 18-Sep-2026,75.02,75.02,73.0,73.63,73.37,39771,29.33,709,21089.0,53.03
MUKANDLTD, 18-Sep-2026,134.2,136.5,133.52,134.78,134.2,48572,65.47,756,31798.0,65.47
MUKESHB, 18-Sep-2026,133.0,133.0,133.0,133.0,133.0,1,0.0,1,1.0,100.0
MULTICAP, 18-Sep-2026,16.0,16.53,16.0,16.48,16.33,43331,7.12,334,34636.0,79.93
MUNISH, 18-Sep-2026,95.75,96.75,90.5,92.65,95.75,12000,11.19,10,8400.0,70.0
MUNJALAU, 18-Sep-2026,104.24,105.84,103.46,103.99,104.81,237389,247.7,7345,108433.0,45.68
MUNJALSHOW, 18-Sep-2026,124.0,126.74,123.21,125.8,123.93,20341,25.54,481,13415.0,65.95
MURUDCERA, 18-Sep-2026,29.0,29.0,27.82,28.26,28.65,14737,4.16,376,11331.0,76.89
MUTHOOTCAP, 18-Sep-2026,231.62,239.98,231.62,234.28,235.03,14019,33.28,403,10943.0,78.06
MUTHOOTFIN, 18-Sep-2026,2796.6,2852.0,2784.3,2841.1,2770.2,654610,18550.52,53732,333004.0,50.87
MUTHOOTMF, 18-Sep-2026,188.3,189.9,187.23,189.28,188.04,137823,260.06,2477,45534.0,33.04
MVELECTRO, 18-Sep-2026,795.0,842.0,776.0,832.75,796.0,2320560,18929.32,66573,248547.0,10.71
MVGJL, 18-Sep-2026,217.0,224.36,212.2,214.47,215.37,509506,1116.16,12280,162489.0,31.89
MVKAGRO, 18-Sep-2026,245.5,245.5,244.3,244.3,257.15,69300,169.49,122,60000.0,86.58
MWL, 18-Sep-2026,40.17,44.0,40.12,42.52,40.18,3022051,1292.7,14018,859370.0,28.44
MYMUDRA, 18-Sep-2026,64.45,64.5,64.4,64.5,66.0,4800,3.09,4,3600.0,75.0
NACLIND, 18-Sep-2026,148.33,148.88,143.1,146.75,148.88,691786,1005.2,12923,328417.0,47.47
NAGREEKCAP, 18-Sep-2026,29.0,29.0,27.3,28.19,27.92,45262,12.86,260,35993.0,79.52
NAGREEKEXP, 18-Sep-2026,21.3,21.95,20.94,21.13,21.54,14284,3.01,231,11754.0,82.29
NAHARCAP, 18-Sep-2026,257.95,257.95,245.0,247.5,250.0,2151,5.36,97,1895.0,88.1
NAHARINDUS, 18-Sep-2026,131.5,136.9,130.5,131.29,133.47,6308,8.35,235,4544.0,72.04
NAHARPOLY, 18-Sep-2026,224.0,228.45,223.0,227.02,222.28,2119,4.78,122,1839.0,86.79
NAHARSPING, 18-Sep-2026,278.85,281.35,268.05,269.2,275.8,12712,34.49,627,8207.0,64.56
NAM-INDIA, 18-Sep-2026,1128.3,1156.1,1124.1,1155.0,1119.0,1528510,17539.97,50588,962708.0,62.98
NAMAN, 18-Sep-2026,38.1,38.1,38.1,38.1,38.0,1600,0.61,2,1600.0,100.0
NAMOEWASTE, 18-Sep-2026,267.3,274.0,263.8,270.95,267.3,28800,77.39,32,20800.0,72.22
NARMADA, 18-Sep-2026,13.86,14.0,13.67,13.72,13.86,201618,27.75,580,133610.0,66.27
NATCOPHARM, 18-Sep-2026,819.0,822.65,806.9,813.4,818.25,489351,3980.57,32884,297976.0,60.89
NATHBIOGEN, 18-Sep-2026,148.14,149.0,146.5,147.34,148.14,54186,80.2,139,53352.0,98.46
NATIONALUM, 18-Sep-2026,359.8,363.2,350.5,350.5,355.7,5809441,20670.06,45661,3802733.0,65.46
NATIONSTD, 18-Sep-2026,112.35,112.99,109.0,109.94,111.8,6114,6.79,219,4449.0,72.77
NAUKRI, 18-Sep-2026,1265.0,1284.0,1251.2,1251.2,1265.0,1486135,18835.82,40888,941024.0,63.32
NAVA, 18-Sep-2026,548.05,571.75,548.05,562.3,546.6,664236,3759.86,25503,292946.0,44.1
NAVINFLUOR, 18-Sep-2026,8257.0,8682.5,8231.5,8590.0,8220.0,298599,25335.53,49461,177828.0,59.55
NAVKARCORP, 18-Sep-2026,87.8,89.25,87.26,88.91,87.56,302437,266.9,2987,159195.0,52.64
NAVNETEDUL, 18-Sep-2026,124.9,128.44,124.06,126.89,124.89,73795,93.16,2506,43290.0,58.66
NAZARA, 18-Sep-2026,364.5,377.0,364.5,369.35,362.55,3038750,11260.57,31145,1732182.0,57.0
NBCC, 18-Sep-2026,82.4,84.27,82.4,82.4,82.13,5214690,4333.64,23793,2789483.0,53.49
NBIFIN, 18-Sep-2026,1960.0,1979.0,1946.0,1970.8,1960.1,5088,99.13,37,5045.0,99.15
NCC, 18-Sep-2026,135.98,138.92,134.84,137.13,135.6,2320130,3169.35,24548,1182563.0,50.97
NCLIND, 18-Sep-2026,172.46,175.0,172.45,174.66,172.98,30414,52.86,362,23701.0,77.93
NDGL, 18-Sep-2026,2664.0,2690.0,2600.0,2649.5,2653.4,359,9.47,37,292.0,81.34
NDL, 18-Sep-2026,2.82,2.9,2.75,2.78,2.82,967406,26.98,1398,541396.0,55.96
NDLVENTURE, 18-Sep-2026,123.0,125.38,116.0,123.0,120.03,18292,22.58,398,11496.0,62.85
NDRAUTO, 18-Sep-2026,700.0,729.7,700.0,726.0,701.0,29831,213.84,2356,14433.0,48.38
NDRINVIT, 18-Sep-2026,145.5,145.5,145.5,145.5,145.0,25000,36.38,1,25000.0,100.0
NDTV, 18-Sep-2026,71.0,73.38,70.9,71.72,71.04,77022,55.46,1212,27448.0,35.64
NEAGI, 18-Sep-2026,3308.0,3308.0,3308.0,3308.0,3308.0,1,0.03,1,1.0,100.0
NECLIFE, 18-Sep-2026,11.19,11.3,10.85,10.98,11.02,93255,10.23,378,82176.0,88.12
NEELAM, 18-Sep-2026,7.0,7.0,7.0,7.0,6.75,6000,0.42,1,6000.0,100.0
NELCAST, 18-Sep-2026,107.72,110.09,105.75,108.34,108.04,86630,93.73,1510,41382.0,47.77
NELCO, 18-Sep-2026,969.55,1019.5,965.3,1011.85,965.25,682119,6861.38,25945,306861.0,44.99
NEOCHEM, 18-Sep-2026,112.5,112.5,106.1,108.0,105.45,14400,15.53,12,10800.0,75.0
NEOGEN, 18-Sep-2026,2435.0,2498.2,2376.2,2488.4,2395.6,355984,8738.4,39806,125872.0,35.36
NEPHROCARE, 18-Sep-2026,95.55,95.55,91.65,93.75,91.65,13600,12.79,29,9600.0,70.59
NEPHROPLUS, 18-Sep-2026,742.0,746.95,735.1,743.35,735.1,75741,562.39,7981,38613.0,50.98
NEPTUNE, 18-Sep-2026,177.0,179.5,176.3,177.9,176.5,1500,2.66,3,1000.0,66.67
NESCO, 18-Sep-2026,1088.3,1124.1,1076.0,1111.3,1081.5,41377,453.62,2886,24069.0,58.17
NESTLEIND, 18-Sep-2026,1372.1,1390.0,1332.8,1372.4,1370.6,3264904,44562.65,70103,2061448.0,63.14
NETF, 18-Sep-2026,251.55,255.25,251.55,254.15,254.1,868,2.21,109,663.0,76.38
NETWEB, 18-Sep-2026,4612.0,4703.5,4587.0,4664.5,4578.5,1136499,52813.59,87276,282105.0,24.82
NETWORK18, 18-Sep-2026,26.49,27.17,26.39,27.0,26.46,5331335,1432.68,9795,2279148.0,42.75
NEULANDLAB, 18-Sep-2026,22700.0,23030.0,22440.0,22840.0,22665.0,75518,17164.97,21626,45008.0,59.6
NEWGEN, 18-Sep-2026,493.4,499.3,487.1,497.3,489.5,622017,3073.02,17627,187539.0,30.15
NEWJAISA, 18-Sep-2026,19.1,19.1,17.3,18.0,18.2,144000,25.51,19,136500.0,94.79
NEXT30ADD, 18-Sep-2026,42.17,42.36,42.06,42.36,41.97,7416,3.13,56,4060.0,54.75
NEXT50, 18-Sep-2026,739.38,748.53,736.14,745.6,735.76,22861,170.03,2378,11770.0,51.49
NEXT50ADD, 18-Sep-2026,72.14,72.57,71.98,72.45,71.41,13052,9.45,39,2748.0,21.05
NEXT50BETA, 18-Sep-2026,77.77,78.09,77.03,77.88,77.1,122825,95.32,555,94518.0,76.95
NEXT50ETF, 18-Sep-2026,72.03,73.0,72.03,72.85,71.69,4546,3.3,85,3929.0,86.43
NEXT50IETF, 18-Sep-2026,76.81,76.81,74.82,76.39,75.3,466182,354.11,3561,267589.0,57.4
NEXTMEDIA, 18-Sep-2026,3.88,3.88,3.79,3.82,3.88,1241,0.05,34,1115.0,89.85
NFL, 18-Sep-2026,66.99,67.41,66.5,66.79,66.84,382639,255.6,2565,199755.0,52.2
NFPSAMPOOR, 18-Sep-2026,21.25,22.4,21.25,21.5,20.4,62000,13.32,11,62000.0,100.0
NGIL, 18-Sep-2026,36.33,38.43,35.94,38.04,34.94,33418,12.59,245,14651.0,43.84
NGLFINE, 18-Sep-2026,2728.8,2780.0,2670.1,2768.2,2715.3,11325,309.1,1203,8810.0,77.79
NH, 18-Sep-2026,1859.0,1940.0,1859.0,1928.5,1868.6,271767,5207.95,29854,186274.0,68.54
NHIT, 18-Sep-2026,171.0,171.0,171.0,171.0,171.0,150000,256.5,3,150000.0,100.0
NHPC, 18-Sep-2026,75.2,76.95,75.09,76.95,75.2,18275311,13921.38,35982,12686050.0,69.42
NIACL, 18-Sep-2026,196.76,196.76,186.0,187.66,197.05,9375719,17701.79,72532,1771835.0,18.9
NIBE, 18-Sep-2026,1252.9,1305.0,1228.3,1287.0,1250.1,46108,581.44,3837,24217.0,52.52
NIBL, 18-Sep-2026,30.36,31.68,29.5,30.97,30.65,10685,3.31,283,8366.0,78.3
NICCOPAR, 18-Sep-2026,82.99,82.99,78.0,80.45,82.0,5480,4.4,39,5466.0,99.74
NIDAN, 18-Sep-2026,13.5,13.5,13.4,13.4,13.0,5000,0.67,5,5000.0,100.0
NIF100BEES, 18-Sep-2026,259.46,261.1,259.45,260.72,259.43,7950,20.7,558,5604.0,70.49
NIF100IETF, 18-Sep-2026,27.3,27.52,27.26,27.4,27.3,41367,11.32,1041,23744.0,57.4
NIF500BETA, 18-Sep-2026,36.66,36.7,36.51,36.66,36.48,29211,10.69,16,29076.0,99.54
NIFTY1, 18-Sep-2026,261.71,261.71,258.81,259.67,259.12,68356,177.39,1138,27460.0,40.17
NIFTY100EW, 18-Sep-2026,34.78,34.8,34.19,34.31,34.13,68217,23.4,179,36556.0,53.59
NIFTYADD, 18-Sep-2026,246.45,247.02,245.3,246.79,245.65,4027,9.92,75,2100.0,52.15
NIFTYAXIS, 18-Sep-2026,258.96,259.39,258.09,259.23,258.41,8771,22.7,152,5363.0,61.14
NIFTYBEES, 18-Sep-2026,267.89,267.89,265.94,266.53,266.08,3645562,9708.27,43071,2148191.0,58.93
NIFTYBETA, 18-Sep-2026,259.0,261.99,258.35,259.77,258.92,2607269,6761.18,523,2601992.0,99.8
NIFTYBETF, 18-Sep-2026,240.7,241.19,239.23,240.79,240.35,3374,8.11,104,950.0,28.16
NIFTYCASE, 18-Sep-2026,9.59,9.59,9.35,9.37,9.36,503818,47.27,1514,431004.0,85.55
NIFTYETF, 18-Sep-2026,254.8,255.02,253.61,254.51,253.4,142854,363.31,598,88963.0,62.28
NIFTYIETF, 18-Sep-2026,268.5,268.5,264.37,265.13,264.67,397456,1052.72,13076,244919.0,61.62
NIFTYJBLK, 18-Sep-2026,12.23,12.23,11.94,11.98,11.94,100363,12.01,617,63971.0,63.74
NIFTYQLITY, 18-Sep-2026,20.88,20.88,20.5,20.61,20.6,10693,2.2,186,7208.0,67.41
NIITLTD, 18-Sep-2026,87.88,94.3,86.8,91.57,87.31,391257,354.2,4484,144845.0,37.02
NIITMTS, 18-Sep-2026,225.5,225.66,214.49,217.16,224.6,402242,877.7,10783,176076.0,43.77
NILAINFRA, 18-Sep-2026,6.64,6.69,6.41,6.63,6.56,201803,13.19,539,143729.0,71.22
NILASPACES, 18-Sep-2026,12.48,12.72,12.13,12.3,12.48,1810089,222.71,2520,881348.0,48.69
NILE, 18-Sep-2026,1493.0,1493.0,1455.0,1462.2,1456.0,1434,20.99,309,1045.0,72.87
NILKAMAL, 18-Sep-2026,1904.6,1934.0,1844.2,1887.5,1917.2,25774,487.83,3682,11235.0,43.59
NIMBSPROJ, 18-Sep-2026,192.89,192.91,178.02,185.46,183.73,10487,19.86,172,3271.0,31.19
NINSYS, 18-Sep-2026,714.5,714.5,702.1,707.5,707.9,807,5.72,196,456.0,56.51
NIPPOBATRY, 18-Sep-2026,327.0,327.0,315.2,319.8,315.2,1463,4.67,110,1194.0,81.61
NIRAJ, 18-Sep-2026,27.06,28.73,27.06,27.74,27.92,7255,2.01,71,4211.0,58.04
NIRLON, 18-Sep-2026,600.0,604.95,596.05,600.4,601.05,1961,11.78,271,1199.0,61.14
NIRMAN, 18-Sep-2026,26.6,27.0,26.25,26.8,26.7,7500,1.99,21,7200.0,96.0
NITCO, 18-Sep-2026,85.95,88.46,85.12,87.0,85.94,417793,361.66,3059,224108.0,53.64
NITINSPIN, 18-Sep-2026,617.0,634.9,613.05,619.2,616.85,58258,361.7,3915,31277.0,53.69
NITIRAJ, 18-Sep-2026,233.0,236.7,227.5,232.01,234.07,3238,7.57,101,2295.0,70.88
NITTAGELA, 18-Sep-2026,1794.1,1794.1,1690.2,1711.4,1766.1,5804,100.7,766,4325.0,74.52
NIVABUPA, 18-Sep-2026,79.85,80.45,79.01,79.59,79.6,1273196,1014.33,8596,857729.0,67.37
NLCINDIA, 18-Sep-2026,264.2,269.7,262.55,268.8,262.3,2578554,6902.56,41438,1542025.0,59.8
NMDC, 18-Sep-2026,81.38,81.7,79.15,79.15,80.8,18919633,15163.81,42430,11965410.0,63.24
NOCIL, 18-Sep-2026,187.3,196.87,186.34,194.56,186.36,1732771,3319.13,16253,716069.0,41.33
NOIDATOLL, 18-Sep-2026,3.94,4.04,3.87,4.0,3.96,26530,1.05,222,19750.0,74.44
NORBTEAEXP, 18-Sep-2026,64.13,66.9,64.13,65.5,64.73,1847,1.2,46,1133.0,61.34
NORTHARC, 18-Sep-2026,311.9,315.5,308.55,313.6,310.55,1062365,3317.39,25678,535651.0,50.42
NOVAAGRI, 18-Sep-2026,22.7,23.39,22.11,22.9,22.49,38579,8.79,292,31889.0,82.66
NOVARTIND, 18-Sep-2026,2082.2,2154.9,2006.0,2046.8,2082.2,76794,1596.2,7664,27158.0,35.36
NPBET, 18-Sep-2026,283.11,283.45,283.0,283.0,282.79,8,0.02,4,8.0,100.0
NPST, 18-Sep-2026,1857.1,1899.5,1803.1,1828.5,1854.9,139085,2575.3,12093,51214.0,36.82
NRAIL, 18-Sep-2026,620.2,640.8,601.5,625.2,628.5,18686,115.41,1384,9625.0,51.51
NRBBEARING, 18-Sep-2026,474.0,534.9,472.6,525.5,472.2,9738086,50951.57,172806,802307.0,8.24
NRVANDANA, 18-Sep-2026,71.0,71.0,70.0,70.0,71.55,33000,23.37,8,33000.0,100.0
NSIL, 18-Sep-2026,5400.0,5550.0,5400.0,5507.5,5436.0,2466,135.82,336,2014.0,81.67
NSLNISP, 18-Sep-2026,41.8,43.04,41.33,42.6,41.64,6294350,2669.57,23031,2497660.0,39.68
NTCIND, 18-Sep-2026,132.03,136.0,132.03,132.85,132.03,747,1.0,36,506.0,67.74
NTPC, 18-Sep-2026,329.8,330.85,323.65,323.65,329.6,9448827,30861.93,71362,6494646.0,68.73
NTPCGREEN, 18-Sep-2026,88.5,88.95,86.91,88.55,87.58,4164366,3663.66,51916,2315134.0,55.59
NUCLEUS, 18-Sep-2026,700.0,709.0,683.0,686.25,691.4,14849,102.52,1144,8547.0,57.56
NUVAMA, 18-Sep-2026,1700.0,1720.0,1689.5,1713.7,1687.4,265082,4530.46,20056,153533.0,57.92
NUVOCO, 18-Sep-2026,318.05,333.5,318.05,328.6,319.0,629989,2060.84,21754,267721.0,42.5
NV20, 18-Sep-2026,13.84,13.84,13.46,13.58,13.51,58601,7.91,187,40688.0,69.43
NV20BEES, 18-Sep-2026,135.72,136.11,134.86,135.32,135.72,22134,29.94,270,15388.0,69.52
NV20IETF, 18-Sep-2026,13.22,13.29,13.14,13.2,13.22,328699,43.29,1656,192811.0,58.66
NXST, 18-Sep-2026,166.84,167.55,165.95,166.35,166.25,919152,1529.81,7953,889667.0,96.79
NXT-INFRA, 18-Sep-2026,98.0,100.0,98.0,100.0,95.5,200000,199.5,2,200000.0,100.0
NYKAA, 18-Sep-2026,324.15,332.15,322.7,332.15,323.75,4424240,14431.05,79300,2988738.0,67.55
OAL, 18-Sep-2026,513.8,528.9,510.0,514.15,513.5,22259,115.52,1282,10227.0,45.95
OBCL, 18-Sep-2026,55.82,58.0,55.1,57.02,55.82,5689,3.24,65,5338.0,93.83
OBEROIRLTY, 18-Sep-2026,1730.1,1785.0,1721.0,1785.0,1740.7,766762,13466.53,29849,542086.0,70.7
OBSCP, 18-Sep-2026,895.0,935.0,886.2,930.25,899.25,33200,306.39,79,20400.0,61.45
ODIGMA, 18-Sep-2026,20.95,21.44,20.95,21.0,21.0,20873,4.4,297,20461.0,98.03
ODYCORP, 18-Sep-2026,7.18,7.18,6.25,7.07,6.86,41164,2.78,106,23355.0,56.74
OFSS, 18-Sep-2026,11648.0,11896.0,11515.0,11896.0,11620.0,162844,19037.3,19585,92261.0,56.66
OIL, 18-Sep-2026,479.0,482.8,472.0,475.7,477.4,3703547,17693.83,32811,2248480.0,60.71
OILIETF, 18-Sep-2026,11.03,11.19,11.01,11.14,11.02,690859,76.82,1485,449889.0,65.12
OLAELEC, 18-Sep-2026,36.8,37.0,36.02,36.39,36.79,48738061,17705.4,94953,18143613.0,37.23
OLECTRA, 18-Sep-2026,1183.0,1206.4,1183.0,1198.8,1186.2,174712,2092.46,11276,57170.0,32.72
OLIL, 18-Sep-2026,443.9,444.5,427.0,443.35,432.35,23600,102.65,24,14000.0,59.32
OMAXAUTO, 18-Sep-2026,175.09,185.01,174.04,182.16,175.79,85580,154.75,1770,49258.0,57.56
OMAXE, 18-Sep-2026,120.96,123.0,116.41,117.31,120.76,744348,893.62,8261,236006.0,31.71
OMFURN, 18-Sep-2026,51.05,51.5,51.0,51.5,53.0,8400,4.29,3,7200.0,85.71
OMINFRAL, 18-Sep-2026,80.91,80.91,77.9,78.33,79.44,54641,43.04,1336,38248.0,70.0
OMNI, 18-Sep-2026,569.95,588.0,544.8,556.15,568.65,6045799,33884.79,81316,2180581.0,36.07
OMPOWER, 18-Sep-2026,167.53,175.4,167.11,172.37,166.7,71555,122.45,1187,41467.0,57.95
ONDOOR, 18-Sep-2026,255.5,270.0,255.5,268.7,267.2,10200,27.26,22,6900.0,67.65
ONEGLOBAL, 18-Sep-2026,550.45,550.45,525.05,538.75,530.45,3309,17.69,302,2217.0,67.0
ONEPOINT, 18-Sep-2026,59.14,60.2,58.66,59.64,59.14,579627,345.71,2916,326662.0,56.36
ONESOURCE, 18-Sep-2026,1575.0,1634.8,1575.0,1594.9,1580.0,335793,5381.83,29590,180620.0,53.79
ONGC, 18-Sep-2026,232.43,234.32,231.75,232.8,232.43,11146237,25974.88,58575,8168015.0,73.28
ONIDA, 18-Sep-2026,32.28,33.4,32.23,32.89,32.29,453556,149.36,1764,264109.0,58.23
ONIXSOLAR, 18-Sep-2026,357.4,357.4,357.4,357.4,376.2,6099,21.8,80,6099.0,100.0
ONWARDTEC, 18-Sep-2026,289.9,297.0,286.05,287.2,291.75,13769,40.05,749,6763.0,49.12
ONYX, 18-Sep-2026,38.0,38.0,37.25,37.25,38.0,26000,9.86,4,26000.0,100.0
OPTIEMUS, 18-Sep-2026,614.0,622.7,585.6,590.1,610.0,190406,1136.25,11867,86926.0,45.65
OPTIFIN, 18-Sep-2026,14.99,14.99,13.8,14.01,15.13,61040,8.61,255,55043.0,90.18
OPTIMYSTIX, 18-Sep-2026,137.0,140.1,134.0,139.45,139.0,17600,24.3,20,10400.0,59.09
OPTIVALUE, 18-Sep-2026,180.0,193.1,180.0,193.1,183.95,52800,101.01,29,49600.0,93.94
ORCHASP, 18-Sep-2026,1.41,1.43,1.37,1.4,1.37,375577,5.24,366,290241.0,77.28
ORCHPHARMA, 18-Sep-2026,958.05,999.0,958.05,989.7,958.05,56527,554.59,3312,33963.0,60.08
ORIANA, 18-Sep-2026,276.5,281.9,265.0,271.75,1348.85,169875,461.22,351,84750.0,49.89
ORICONENT, 18-Sep-2026,51.06,53.88,51.06,52.75,51.26,17128,9.01,334,9348.0,54.58
ORIENTALTL, 18-Sep-2026,4.98,5.03,4.93,4.96,4.98,55364,2.75,323,32187.0,58.14
ORIENTBELL, 18-Sep-2026,394.05,396.0,383.0,393.25,387.25,10141,39.68,739,6924.0,68.28
ORIENTCEM, 18-Sep-2026,122.03,126.2,121.83,124.55,122.09,2828940,3516.04,15931,1849499.0,65.38
ORIENTCER, 18-Sep-2026,46.89,46.9,45.62,46.52,46.11,53405,24.75,811,31904.0,59.74
ORIENTELEC, 18-Sep-2026,170.68,170.68,166.25,167.36,168.83,123188,206.73,3243,70881.0,57.54
ORIENTHOT, 18-Sep-2026,142.0,144.69,140.15,143.45,141.01,1243314,1781.33,6393,574716.0,46.22
ORIENTPPR, 18-Sep-2026,17.3,17.51,16.99,17.2,17.25,191461,32.98,857,102160.0,53.36
ORIENTTECH, 18-Sep-2026,236.47,239.24,235.01,236.35,236.47,156550,371.45,2655,65530.0,41.86
ORIRAIL, 18-Sep-2026,119.23,120.41,116.3,117.09,117.94,33351,39.23,988,17157.0,51.44
ORISSAMINE, 18-Sep-2026,4020.0,4051.0,3800.1,3821.2,3896.4,28276,1097.63,4922,9623.0,34.03
ORKLAINDIA, 18-Sep-2026,576.3,604.25,575.0,595.65,578.25,71578,422.63,3735,42771.0,59.75
ORTINGLOBE, 18-Sep-2026,15.7,16.68,15.67,15.83,16.45,8090,1.29,50,5628.0,69.57
OSELDEVICE, 18-Sep-2026,369.0,369.0,361.55,363.9,368.5,13200,48.09,53,10600.0,80.3
OSWALAGRO, 18-Sep-2026,35.99,35.99,33.22,33.88,33.91,56597,19.25,622,51345.0,90.72
OSWALGREEN, 18-Sep-2026,19.2,19.95,18.76,19.44,19.04,107196,20.61,752,66034.0,61.6
OSWALPUMPS, 18-Sep-2026,274.8,280.7,270.45,278.1,273.3,271449,745.31,5538,120551.0,44.41
OSWALSEEDS, 18-Sep-2026,14.0,14.35,13.55,13.72,13.87,109264,15.19,458,58818.0,53.83
OWAIS, 18-Sep-2026,77.95,79.5,76.4,76.4,77.95,22700,17.58,46,22200.0,97.8
PACEDIGITK, 18-Sep-2026,155.26,158.38,154.5,156.17,153.31,521729,813.76,8674,245308.0,47.02
PACIFICI, 18-Sep-2026,147.99,147.99,147.99,147.99,148.5,1,0.0,1,1.0,100.0
PAGEIND, 18-Sep-2026,34990.0,36400.0,34900.0,36400.0,35020.0,32020,11436.56,11085,19415.0,60.63
PAISALO, 18-Sep-2026,91.0,91.0,88.75,89.51,88.73,25898908,23200.36,48589,7364090.0,28.43
PAKKA, 18-Sep-2026,75.55,79.8,75.55,78.56,77.12,45964,36.11,985,26300.0,57.22
PALASHSECU, 18-Sep-2026,86.11,88.5,86.1,86.11,86.03,305,0.27,20,251.0,82.3
PALREDTEC, 18-Sep-2026,46.01,46.13,46.01,46.1,46.01,161,0.07,6,161.0,100.0
PANACEABIO, 18-Sep-2026,373.0,375.8,359.9,367.9,372.0,119782,438.52,4233,53319.0,44.51
PANAMAPET, 18-Sep-2026,455.7,472.4,455.7,470.2,459.75,166705,777.59,6040,80106.0,48.05
PANCHMAHQ, 18-Sep-2026,295.0,301.0,295.0,296.4,295.0,38,0.11,10,38.0,100.0
PANORAMA, 18-Sep-2026,52.3,54.0,52.0,53.26,52.63,171382,90.78,955,79133.0,46.17
PANSARI, 18-Sep-2026,280.0,285.0,262.9,284.95,290.0,1081,3.05,36,919.0,85.01
PARACABLES, 18-Sep-2026,60.75,62.5,60.75,62.02,60.7,1236571,764.11,6813,608819.0,49.23
PARADEEP, 18-Sep-2026,154.0,156.56,153.06,155.62,153.81,2314244,3589.38,26625,1001163.0,43.26
PARAGMILK, 18-Sep-2026,265.5,272.4,263.5,268.5,264.6,1521408,4078.82,17741,851356.0,55.96
PARAGON, 18-Sep-2026,53.1,55.0,53.1,53.65,55.5,6000,3.24,5,3600.0,60.0
PARAMATRIX, 18-Sep-2026,57.0,57.0,57.0,57.0,57.5,1200,0.68,1,1200.0,100.0
PARAMOUNT, 18-Sep-2026,40.25,40.3,40.25,40.3,42.35,7200,2.9,6,6000.0,83.33
PARAS, 18-Sep-2026,1375.0,1397.7,1366.4,1372.7,1370.9,613001,8444.87,30224,138830.0,22.65
PARASPETRO, 18-Sep-2026,2.16,2.23,2.13,2.14,2.13,180581,3.92,239,118581.0,65.67
PARIN, 18-Sep-2026,700.0,704.0,690.0,704.0,703.95,3750,26.17,15,3000.0,80.0
PARKHOSPS, 18-Sep-2026,279.4,284.3,271.2,282.05,277.9,1071510,2999.94,19506,521325.0,48.65
PARKHOTELS, 18-Sep-2026,108.0,109.89,106.6,107.38,107.2,147877,159.55,2409,93521.0,63.24
PARNAXLAB, 18-Sep-2026,130.0,130.0,124.0,128.2,123.79,1756,2.26,26,1596.0,90.89
PARTH, 18-Sep-2026,490.0,530.0,482.65,522.95,491.8,49200,244.44,67,42000.0,85.37
PARTYCRUS, 18-Sep-2026,96.95,98.0,96.95,97.3,94.5,3000,2.92,3,3000.0,100.0
PASHUPATI, 18-Sep-2026,84.9,84.9,79.5,80.26,81.37,350867,283.07,4817,138271.0,39.41
PASUPTAC, 18-Sep-2026,70.65,71.89,69.2,69.98,70.31,130798,91.87,1092,89085.0,68.11
PATANJALI, 18-Sep-2026,353.05,367.0,353.05,367.0,354.45,1999903,7231.13,86273,820211.0,41.01
PATELENG, 18-Sep-2026,25.96,26.29,25.48,25.62,25.96,2871181,740.19,8259,1740361.0,60.61
PATELRMART, 18-Sep-2026,204.89,206.9,203.42,205.77,202.84,19068,39.15,836,10613.0,55.66
PATILAUTOM, 18-Sep-2026,315.0,328.0,314.0,325.9,315.55,67800,218.64,109,45000.0,66.37
PAUSHAKLTD, 18-Sep-2026,719.9,730.75,708.0,716.35,719.95,16660,120.12,1552,8764.0,52.61
PAVNAIND, 18-Sep-2026,15.0,15.88,14.96,15.67,14.95,69294,10.69,285,48807.0,70.43
PAYTM, 18-Sep-2026,1795.4,1849.9,1765.0,1849.9,1763.0,4640337,83485.15,113705,2072838.0,44.67
PBMPOLY, 18-Sep-2026,67.0,67.0,60.08,65.0,60.0,146,0.1,6,144.0,98.63
PCBL, 18-Sep-2026,332.0,338.0,328.75,336.7,329.4,1255857,4194.58,24641,651331.0,51.86
PCCL, 18-Sep-2026,439.0,445.0,437.0,445.0,439.65,5200,23.04,7,5200.0,100.0
PCJEWELLER, 18-Sep-2026,12.51,13.04,12.37,12.72,12.35,332313201,42143.59,184887,59192291.0,17.81
PDMJEPAPER, 18-Sep-2026,103.5,103.94,100.43,101.59,102.41,236098,241.31,3796,92313.0,39.1
PDSL, 18-Sep-2026,346.95,353.3,345.3,351.15,345.45,69980,245.22,3710,36668.0,52.4
PEARLPOLY, 18-Sep-2026,17.36,17.36,16.16,17.09,16.73,9783,1.64,60,6087.0,62.22
PELATRO, 18-Sep-2026,370.0,384.95,370.0,384.95,365.15,2700,10.25,9,2100.0,77.78
PENIND, 18-Sep-2026,170.45,172.4,168.58,171.43,170.44,219229,373.78,4353,103273.0,47.11
PENINLAND, 18-Sep-2026,15.86,16.0,15.1,15.36,15.55,101308,15.6,566,75222.0,74.25
PENTAGON, 18-Sep-2026,91.0,91.35,87.1,91.35,87.0,7000,6.34,6,7000.0,100.0
PERFECT, 18-Sep-2026,1.7,1.7,1.6,1.6,1.65,15000,0.25,5,15000.0,100.0
PERMAGN, 18-Sep-2026,829.0,855.95,820.0,848.15,828.7,6294,52.69,453,4034.0,64.09
PERNIASPOP, 18-Sep-2026,554.4,554.4,537.0,546.45,554.5,102495,557.07,4434,38235.0,37.3
PERSISTENT, 18-Sep-2026,5476.0,5500.0,5389.0,5416.0,5473.0,494682,26800.65,35687,229917.0,46.48
PETRONET, 18-Sep-2026,284.85,292.6,284.1,292.6,283.45,3218273,9296.01,36040,2600880.0,80.82
PFC, 18-Sep-2026,345.0,347.1,342.55,342.55,344.95,11369930,39277.82,55268,9058037.0,79.67
PFIZER, 18-Sep-2026,4054.9,4054.9,3972.7,4002.4,4014.8,42189,1688.08,9571,17808.0,42.21
PFOCUS, 18-Sep-2026,335.0,347.25,334.9,344.35,334.95,5344944,18285.0,47963,1163499.0,21.77
PFS, 18-Sep-2026,26.58,26.79,26.07,26.17,26.34,503737,132.08,2462,393979.0,78.21
PGEL, 18-Sep-2026,529.35,541.45,529.15,529.15,529.35,570498,3049.29,11710,234236.0,41.06
PGHH, 18-Sep-2026,7673.5,7680.0,7432.0,7486.0,7613.0,66505,5027.19,14520,42369.0,63.71
PGHL, 18-Sep-2026,5455.0,5529.0,5434.0,5503.5,5434.5,5754,315.38,1956,3141.0,54.59
PGIL, 18-Sep-2026,1134.1,1157.2,1122.2,1146.1,1143.1,101084,1157.63,10877,48201.0,47.68
PGINVIT, 18-Sep-2026,101.77,101.99,101.24,101.37,101.6,1353682,1372.86,8338,1174462.0,86.76
PHANTOMFX, 18-Sep-2026,100.0,103.5,94.05,95.5,99.45,18300,18.06,45,9600.0,52.46
PHARMABEES, 18-Sep-2026,27.88,27.88,27.36,27.5,27.36,3520516,968.08,7483,2567432.0,72.93
PHOENIXLTD, 18-Sep-2026,1880.0,1923.2,1877.9,1877.9,1872.2,421506,8001.8,15702,271602.0,64.44
PHOENXINTL, 18-Sep-2026,28.91,29.48,28.0,29.0,28.77,1414,0.41,38,1265.0,89.46
PHOGLOBAL, 18-Sep-2026,15.25,15.25,14.9,14.9,14.5,4000,0.6,2,4000.0,100.0
PICCADIL, 18-Sep-2026,600.55,606.9,585.95,589.4,600.55,174176,1033.32,9053,101049.0,58.02
PIDILITIND, 18-Sep-2026,1559.9,1598.9,1559.9,1572.1,1551.5,1142486,18116.19,49363,714295.0,62.52
PIGL, 18-Sep-2026,99.76,102.77,99.11,99.49,99.76,20728,20.74,371,14084.0,67.95
PIIND, 18-Sep-2026,2307.0,2366.8,2302.5,2366.8,2307.0,558327,13094.95,16124,417820.0,74.83
PILANIINVS, 18-Sep-2026,4086.0,4119.9,4050.0,4067.0,4082.2,1314,53.47,414,938.0,71.39
PILITA, 18-Sep-2026,7.85,7.85,7.37,7.48,7.75,128245,9.59,558,102872.0,80.22
PINELABS, 18-Sep-2026,185.0,198.65,183.16,192.04,184.48,66808323,127261.71,214104,31329386.0,46.89
PIONEEREMB, 18-Sep-2026,21.5,22.0,20.25,21.95,21.39,13799,2.98,129,11535.0,83.59
PIRAMALFIN, 18-Sep-2026,2260.0,2324.5,2246.8,2300.2,2253.8,529289,12094.11,44731,352711.0,66.64
PITTIENG, 18-Sep-2026,1144.0,1178.8,1138.7,1146.1,1131.1,157561,1820.73,11797,77475.0,49.17
PIXTRANS, 18-Sep-2026,1724.6,1749.0,1723.1,1741.1,1724.6,4141,71.93,969,2390.0,57.72
PLASTIBLEN, 18-Sep-2026,187.5,187.92,185.75,186.63,184.45,5737,10.72,245,4507.0,78.56
PLATIND, 18-Sep-2026,211.13,215.5,210.24,214.05,211.11,53556,113.8,1510,30342.0,56.65
PLAZACABLE, 18-Sep-2026,62.2,63.0,61.0,61.06,62.31,75948,46.54,872,47604.0,62.68
PML, 18-Sep-2026,494.95,498.95,491.0,496.15,495.05,41,0.2,13,41.0,100.0
PNB, 18-Sep-2026,117.0,117.5,116.5,117.27,116.47,16061334,18809.32,42674,10173738.0,63.34
PNBGILTS, 18-Sep-2026,79.3,80.0,77.96,79.18,78.5,317177,250.24,2580,189740.0,59.82
PNBHOUSING, 18-Sep-2026,1105.2,1138.3,1103.0,1133.1,1103.5,1328599,14919.49,30992,886510.0,66.73
PNC, 18-Sep-2026,16.02,17.89,16.02,16.86,16.63,122675,21.07,615,53697.0,43.77
PNCINFRA, 18-Sep-2026,139.66,141.21,135.71,138.87,139.55,2445538,3385.92,27210,1142518.0,46.72
PNGJL, 18-Sep-2026,606.9,610.0,596.75,604.75,601.15,323988,1957.29,14336,210194.0,64.88
PNGSREVA, 18-Sep-2026,491.8,507.05,491.1,495.75,489.4,49612,246.06,2755,21194.0,42.72
POCL, 18-Sep-2026,470.0,476.0,461.1,469.95,470.25,298950,1398.05,9568,160452.0,53.67
PODDARMENT, 18-Sep-2026,270.6,284.4,270.6,284.15,276.05,1124,3.16,65,719.0,63.97
POEL, 18-Sep-2026,139.1,142.42,136.5,137.16,137.82,20393,28.39,746,13647.0,66.92
POKARNA, 18-Sep-2026,742.0,760.0,740.0,746.85,737.5,86007,643.56,5263,33633.0,39.1
POLICYBZR, 18-Sep-2026,1770.0,1798.0,1743.0,1743.0,1765.0,1368411,24253.21,62972,755018.0,55.17
POLYCAB, 18-Sep-2026,8256.0,8400.0,8235.0,8400.0,8208.5,417221,34758.54,36251,253483.0,60.76
POLYMED, 18-Sep-2026,1705.7,1748.0,1704.5,1726.0,1712.7,150328,2594.8,14900,63082.0,41.96
POLYPLEX, 18-Sep-2026,1091.5,1093.9,1071.2,1079.3,1084.9,65825,711.15,2841,35403.0,53.78
POLYSIL, 18-Sep-2026,66.15,66.15,66.15,66.15,69.6,4500,2.98,8,4500.0,100.0
POLYSPIN, 18-Sep-2026,28.25,29.65,28.25,29.6,29.38,1363,0.39,14,1333.0,97.8
PONNIERODE, 18-Sep-2026,356.4,361.25,351.6,356.6,353.15,9320,33.29,751,4480.0,48.07
POONAWALLA, 18-Sep-2026,434.0,492.0,434.0,479.4,432.8,7163603,33551.65,142153,2078626.0,29.02
POSITRON, 18-Sep-2026,182.1,195.8,182.1,192.55,185.6,9900,18.77,31,7800.0,78.79
POWERGRID, 18-Sep-2026,264.6,270.3,263.4,270.3,263.75,17896733,47748.38,83513,12946336.0,72.34
POWERICA, 18-Sep-2026,558.8,581.0,558.8,576.3,556.7,141360,812.22,5098,83507.0,59.07
POWERINDIA, 18-Sep-2026,31490.0,32700.0,31450.0,32700.0,31230.0,125521,40267.72,30037,62490.0,49.78
POWERMECH, 18-Sep-2026,2345.2,2392.0,2336.6,2371.4,2339.0,37848,896.73,6093,16264.0,42.97
PPLPHARMA, 18-Sep-2026,204.45,210.1,204.45,208.16,204.71,2926602,6088.77,34004,1497493.0,51.17
PPSL, 18-Sep-2026,2.95,3.0,2.95,3.0,2.9,45000,1.34,10,45000.0,100.0
PRABHA, 18-Sep-2026,220.1,236.88,220.1,233.01,220.77,262939,608.31,5351,91379.0,34.75
PRAENG, 18-Sep-2026,22.94,22.94,22.26,22.69,22.27,11386,2.59,142,9423.0,82.76
PRAJIND, 18-Sep-2026,317.1,320.0,314.15,316.05,317.1,412461,1303.99,9863,213047.0,51.65
PRAKASH, 18-Sep-2026,117.6,119.49,116.93,118.51,116.98,371984,439.4,3897,200816.0,53.99
PRAKASHSTL, 18-Sep-2026,3.78,3.84,3.5,3.65,3.77,85881,3.18,323,72199.0,84.07
PRAMARA, 18-Sep-2026,85.35,86.7,83.5,84.3,84.5,29500,25.02,38,22500.0,76.27
PRAMODINI, 18-Sep-2026,116.8,120.0,116.45,118.2,115.6,177600,210.24,78,142800.0,80.41
PRANAV, 18-Sep-2026,110.51,111.59,106.08,107.55,111.16,5313844,5756.14,39659,1204653.0,22.67
PRASOLCHEM, 18-Sep-2026,679.0,734.9,675.3,703.4,678.8,1150866,8173.0,53347,530339.0,46.08
PRATHAM, 18-Sep-2026,120.0,121.75,120.0,121.5,122.0,5600,6.81,7,5600.0,100.0
PRAVEG, 18-Sep-2026,250.9,253.35,246.0,247.45,252.05,37176,92.47,1312,23643.0,63.6
PRAXIS, 18-Sep-2026,4.25,4.29,3.91,4.09,4.11,101700,4.17,290,76283.0,75.01
PRECAM, 18-Sep-2026,113.83,117.6,113.44,116.41,113.34,69491,80.08,2049,29872.0,42.99
PRECISION, 18-Sep-2026,6.3,6.3,6.1,6.1,6.25,4000,0.25,2,4000.0,100.0
PRECOT, 18-Sep-2026,654.9,693.8,654.55,659.65,655.15,1317,8.71,97,1001.0,76.01
PRECWIRE, 18-Sep-2026,450.0,488.9,448.55,478.4,449.25,1840592,8804.55,67629,347789.0,18.9
PREMCO, 18-Sep-2026,397.9,404.0,396.25,400.1,398.85,209,0.84,50,197.0,94.26
PREMEXPLN, 18-Sep-2026,668.4,670.9,668.1,668.25,668.15,60147,402.28,1424,45445.0,75.56
PREMIERENE, 18-Sep-2026,880.0,905.8,878.3,902.0,880.0,3106714,27810.46,54929,2045868.0,65.85
PREMIERPOL, 18-Sep-2026,82.55,84.9,80.05,81.43,82.33,131946,107.89,2311,57209.0,43.36
PREMIUM, 18-Sep-2026,38.6,38.6,38.6,38.6,39.95,3000,1.16,1,3000.0,100.0
PRESSTONIC, 18-Sep-2026,29.95,30.55,29.7,29.95,29.7,12800,3.84,13,7200.0,56.25
PRESTIGE, 18-Sep-2026,1447.0,1471.6,1435.1,1435.1,1440.1,562624,8180.85,22307,306900.0,54.55
PRICOLLTD, 18-Sep-2026,752.5,778.0,752.05,767.5,752.5,280279,2156.36,15642,146315.0,52.2
PRIMECAB, 18-Sep-2026,166.0,170.95,163.0,163.9,164.85,32000,53.3,19,28800.0,90.0
PRIMESECU, 18-Sep-2026,296.5,301.0,289.0,296.85,294.05,24904,73.74,641,14177.0,56.93
PRIMO, 18-Sep-2026,21.46,21.95,21.25,21.35,21.28,58854,12.61,373,44559.0,75.71
PRINCEPIPE, 18-Sep-2026,259.7,274.9,257.55,269.8,258.7,268881,719.06,7278,128684.0,47.86
PRISMX, 18-Sep-2026,0.55,0.56,0.53,0.55,0.54,63127,0.35,103,47313.0,74.95
PRITI, 18-Sep-2026,34.49,34.49,33.0,33.43,32.97,3423,1.14,140,2745.0,80.19
PRITIKA, 18-Sep-2026,71.2,71.8,64.0,65.0,64.5,50000,34.67,12,28000.0,56.0
PRIVISCL, 18-Sep-2026,3474.0,3503.9,3435.4,3444.9,3490.8,27058,938.62,7510,14038.0,51.88
PRIZOR, 18-Sep-2026,1106.9,1106.9,1106.9,1106.9,1129.45,6800,75.27,17,6800.0,100.0
PRLIND, 18-Sep-2026,41.25,42.2,41.25,41.5,41.7,18000,7.53,14,14000.0,77.78
PROFX, 18-Sep-2026,71.1,71.1,71.1,71.1,71.1,1600,1.14,1,1600.0,100.0
PROPEQUITY, 18-Sep-2026,195.0,195.0,191.1,192.0,196.1,2400,4.64,3,2400.0,100.0
PROPSHOP, 18-Sep-2026,73.0,75.0,71.85,74.5,71.7,128000,94.74,57,42000.0,32.81
PROSTARM, 18-Sep-2026,130.5,132.33,128.5,129.53,131.01,162723,211.44,2661,88542.0,54.41
PROTEAN, 18-Sep-2026,492.0,495.0,487.3,490.3,488.95,138117,677.47,4805,79447.0,57.52
PROV, 18-Sep-2026,1875.0,1954.0,1875.0,1951.35,1849.0,2560,49.34,31,1760.0,68.75
PROZONER, 18-Sep-2026,53.59,53.98,52.1,53.17,53.6,159033,84.12,1229,120058.0,75.49
PRSMJOHNSN, 18-Sep-2026,113.44,118.48,113.18,117.05,113.44,685410,800.12,11077,291237.0,42.49
PRUDENT, 18-Sep-2026,3309.7,3544.1,3309.7,3501.6,3320.2,57792,2014.89,10722,31472.0,54.46
PSB, 18-Sep-2026,21.9,22.24,21.65,22.1,21.86,1335054,292.98,5256,692693.0,51.89
PSPPROJECT, 18-Sep-2026,819.2,820.0,799.0,810.1,812.2,59163,478.35,3008,28700.0,48.51
PSRAJ, 18-Sep-2026,99.95,104.0,96.9,100.45,96.0,70000,70.66,18,60000.0,85.71
PSUBANK, 18-Sep-2026,82.9,83.49,82.61,83.0,82.63,73566,60.97,467,31801.0,43.23
PSUBANKADD, 18-Sep-2026,83.39,84.44,83.39,84.28,83.39,13145,11.05,174,8925.0,67.9
PSUBNKBEES, 18-Sep-2026,93.3,93.3,92.25,92.65,92.38,675075,624.39,4325,398740.0,59.07
PSUBNKIETF, 18-Sep-2026,84.0,84.69,83.75,84.34,83.83,111967,94.31,674,66919.0,59.77
PTC, 18-Sep-2026,156.45,157.0,153.8,156.23,155.93,1628957,2528.37,22155,847260.0,52.01
PTCIL, 18-Sep-2026,22835.0,23395.0,22700.0,22805.0,22670.0,28545,6579.03,12588,10036.0,35.16
PTL, 18-Sep-2026,38.49,38.75,38.1,38.33,38.09,49373,18.91,940,33665.0,68.19
PUNJABCHEM, 18-Sep-2026,1063.4,1090.9,1058.0,1075.7,1062.7,8955,96.16,668,6299.0,70.34
PURPLEUTED, 18-Sep-2026,457.0,459.5,430.05,450.0,441.95,22500,101.42,70,22250.0,98.89
PURVA, 18-Sep-2026,218.85,219.32,211.21,213.43,218.23,298969,642.48,6326,111835.0,37.41
PURVFLEXI, 18-Sep-2026,43.9,44.4,43.9,44.4,43.9,4800,2.12,5,4800.0,100.0
PUSHPA, 18-Sep-2026,104.0,108.0,104.0,108.0,104.0,61000,64.17,61,8000.0,13.11
PVP, 18-Sep-2026,58.2,59.8,57.7,59.28,57.05,618141,363.82,3753,290543.0,47.0
PVRINOX, 18-Sep-2026,1277.5,1339.8,1270.0,1324.7,1272.7,1050636,13780.6,42876,474326.0,45.15
PVSL, 18-Sep-2026,99.5,105.79,98.0,98.77,98.73,24445,24.31,754,17178.0,70.27
PVTBANIETF, 18-Sep-2026,27.58,27.83,27.55,27.7,27.58,2501679,690.91,1224,1248117.0,49.89
PVTBANK, 18-Sep-2026,27.3,27.43,27.3,27.32,27.23,2060,0.56,15,2004.0,97.28
PVTBANKADD, 18-Sep-2026,27.73,27.99,27.68,27.86,27.72,106460,29.57,127,74382.0,69.87
PVTBKGROWW, 18-Sep-2026,27.11,27.7,27.11,27.7,27.33,4283,1.17,55,2618.0,61.13
PWL, 18-Sep-2026,128.0,137.5,128.0,136.6,127.8,20005965,26963.53,112263,5027813.0,25.13
PYRAMID, 18-Sep-2026,155.69,157.0,153.64,154.49,154.56,17225,26.73,394,10179.0,59.09
QGOLDHALF, 18-Sep-2026,125.99,127.18,125.75,126.67,124.65,110831,140.09,773,72333.0,65.26
QLINE, 18-Sep-2026,727.0,729.95,695.0,696.95,722.1,37200,263.48,86,24400.0,65.59
QNIFTY, 18-Sep-2026,259.9,259.9,255.0,257.62,257.24,1691,4.35,131,676.0,39.98
QPOWER, 18-Sep-2026,1498.0,1544.0,1489.9,1536.1,1489.8,298373,4537.56,19548,165611.0,55.5
QUADFUTURE, 18-Sep-2026,519.7,554.4,516.2,528.2,521.5,1647848,8862.66,45515,349208.0,21.19
QUADPRO, 18-Sep-2026,3.25,3.25,3.25,3.25,3.1,12000,0.39,1,12000.0,100.0
QUAL30IETF, 18-Sep-2026,20.33,20.79,20.3,20.35,20.38,136727,27.8,208,113275.0,82.85
QUALIANCE, 18-Sep-2026,192.35,192.35,192.35,192.35,202.45,17000,32.7,15,17000.0,100.0
QUALITY30, 18-Sep-2026,20.01,20.04,19.91,19.92,19.96,11801,2.36,58,7375.0,62.49
QUESS, 18-Sep-2026,355.0,355.1,345.1,351.65,353.0,799867,2805.34,23556,317787.0,39.73
QUESTLAB, 18-Sep-2026,75.3,77.9,74.05,74.25,77.3,25200,18.97,20,19200.0,76.19
QUICKHEAL, 18-Sep-2026,153.98,158.89,151.2,152.46,152.37,136800,211.38,3048,66631.0,48.71
QUICKTOUCH, 18-Sep-2026,17.0,17.0,17.0,17.0,16.2,1500,0.26,3,1500.0,100.0
QUINT, 18-Sep-2026,67.52,70.02,58.56,70.02,63.66,668824,461.36,3241,344058.0,51.44
RACE, 18-Sep-2026,96.92,97.42,96.66,96.8,96.77,11689,11.34,69,5794.0,49.57
RACLGEAR, 18-Sep-2026,1844.0,1844.0,1750.0,1760.9,1829.0,49043,877.1,6644,19694.0,40.16
RADAAN, 18-Sep-2026,2.9,2.9,2.75,2.8,2.8,12431,0.35,43,8181.0,65.81
RADIANTCMS, 18-Sep-2026,36.0,36.69,35.26,35.42,36.26,252590,90.5,2181,150691.0,59.66
RADICO, 18-Sep-2026,4381.0,4535.4,4381.0,4535.4,4380.0,371544,16681.31,24186,293872.0,79.09
RADIOCITY, 18-Sep-2026,6.2,6.2,6.0,6.01,6.05,16349,0.98,91,13057.0,79.86
RADIOWALLA, 18-Sep-2026,25.2,26.45,25.2,26.45,25.2,3200,0.83,2,1600.0,50.0
RAILTEL, 18-Sep-2026,260.5,266.9,258.3,265.0,259.25,631938,1662.12,14849,191061.0,30.23
RAIN, 18-Sep-2026,203.0,209.0,202.41,206.92,203.02,2370944,4907.99,18207,1054305.0,44.47
RAINBOW, 18-Sep-2026,1473.4,1494.9,1447.4,1454.7,1473.4,99805,1462.41,14928,53038.0,53.14
RAJINDLTD, 18-Sep-2026,62.6,62.6,61.05,61.5,60.35,18000,11.11,12,12000.0,66.67
RAJMET, 18-Sep-2026,3.15,3.16,3.09,3.15,3.12,227668,7.13,595,159879.0,70.22
RAJPALAYAM, 18-Sep-2026,787.7,798.85,765.2,790.65,771.25,350,2.76,40,328.0,93.71
RAJPUTANA, 18-Sep-2026,197.0,203.0,195.25,199.35,200.0,7000,13.88,14,5000.0,71.43
RAJRATAN, 18-Sep-2026,440.3,461.25,440.3,452.6,438.1,152140,690.45,8905,82005.0,53.9
RAJSREESUG, 18-Sep-2026,31.99,32.24,31.4,31.87,31.99,21536,6.83,309,10670.0,49.54
RAJTV, 18-Sep-2026,8.73,8.78,8.4,8.6,8.56,26834,2.34,132,23678.0,88.24
RALLIS, 18-Sep-2026,204.0,204.74,202.0,203.8,204.14,510589,1038.25,14743,300642.0,58.88
RAMANEWS, 18-Sep-2026,30.4,31.9,30.4,31.33,30.94,27396,8.52,416,15620.0,57.02
RAMAPHO, 18-Sep-2026,116.7,121.88,116.7,120.87,116.9,11362,13.68,371,7773.0,68.41
RAMBHAJO, 18-Sep-2026,272.18,292.78,265.01,290.85,266.17,1439325,4095.5,12589,736215.0,51.15
RAMCOCEM, 18-Sep-2026,857.5,881.95,857.5,869.75,858.95,212951,1856.48,15167,122331.0,57.45
RAMCOIND, 18-Sep-2026,320.9,334.8,316.0,332.1,320.9,174010,566.57,3823,82462.0,47.39
RAMCOSYS, 18-Sep-2026,563.0,570.0,557.0,567.25,564.85,51781,292.32,2403,31257.0,60.36
RAMKY, 18-Sep-2026,319.4,324.8,317.0,319.35,320.7,46321,148.31,1135,30247.0,65.3
RAMRAT, 18-Sep-2026,561.0,564.8,552.65,554.75,557.6,145032,808.5,9123,62413.0,43.03
RANASUG, 18-Sep-2026,14.61,14.74,14.26,14.43,14.7,403187,58.36,1455,129595.0,32.14
RANEHOLDIN, 18-Sep-2026,1618.9,1620.0,1530.9,1598.4,1626.3,45929,726.65,3726,25100.0,54.65
RAPIDFLEET, 18-Sep-2026,215.5,215.65,208.6,209.25,212.15,12000,25.57,17,4800.0,40.0
RAPPID, 18-Sep-2026,368.5,374.0,329.0,365.9,368.5,22800,80.94,35,15600.0,68.42
RATEGAIN, 18-Sep-2026,865.8,873.85,850.1,858.4,865.45,539083,4631.22,23894,279751.0,51.89
RATNAMANI, 18-Sep-2026,2702.6,2897.4,2701.6,2859.1,2702.6,64084,1803.62,10210,33076.0,51.61
RATNAVEER, 18-Sep-2026,305.75,331.95,297.8,299.25,303.85,9860141,30670.8,92768,1776960.0,18.02
RAYMOND, 18-Sep-2026,982.0,1008.65,970.0,978.0,978.2,2069600,20494.81,68707,292057.0,14.11
RAYMONDLSL, 18-Sep-2026,659.9,665.95,645.05,648.35,657.25,123035,804.36,6238,65506.0,53.24
RAYMONDREL, 18-Sep-2026,587.0,602.35,584.8,588.3,584.55,381357,2263.58,11882,161404.0,42.32
RBA, 18-Sep-2026,96.29,96.49,94.0,95.12,96.12,9653090,9177.26,33786,5799849.0,60.08
RBLBANK, 18-Sep-2026,406.15,415.9,405.0,415.9,404.15,3792806,15572.96,60924,2690157.0,70.93
RBMINFRA, 18-Sep-2026,289.2,292.0,274.0,275.45,284.65,19400,54.11,89,15600.0,80.41
RBS, 18-Sep-2026,84.5,84.5,83.0,83.0,83.5,2400,2.0,3,1600.0,66.67
RCDL, 18-Sep-2026,13.75,13.75,13.4,13.45,14.1,33000,4.46,11,24000.0,72.73
RCDL-RE, 18-Sep-2026,2.2,2.75,2.2,2.45,2.45,966000,23.33,70,957000.0,99.07
RCF, 18-Sep-2026,109.9,110.28,107.6,109.08,109.84,961339,1043.6,9521,370638.0,38.55
READYMIX, 18-Sep-2026,70.0,70.0,70.0,70.0,70.0,1000,0.7,1,1000.0,100.0
RECLTD, 18-Sep-2026,311.0,313.4,309.05,312.0,310.5,4686436,14604.89,32055,2897944.0,61.84
REDINGTON, 18-Sep-2026,405.0,413.2,396.25,399.85,400.1,10809796,43543.92,105223,3985200.0,36.87
REDTAPE, 18-Sep-2026,118.65,119.49,115.91,117.35,118.65,428381,502.17,7533,163037.0,38.06
REFEX, 18-Sep-2026,270.0,277.6,269.95,271.85,271.75,220185,601.49,4626,102804.0,46.69
REFRACTORY, 18-Sep-2026,31.7,31.7,31.0,31.65,30.2,66000,20.9,39,55000.0,83.33
REGAAL, 18-Sep-2026,79.9,86.16,79.89,84.03,80.08,391644,320.66,2348,161316.0,41.19
REGENCERAM, 18-Sep-2026,34.7,34.7,32.0,32.55,35.13,3522,1.17,93,2851.0,80.95
RELAXO, 18-Sep-2026,314.25,315.0,289.25,291.25,313.7,2052973,6033.4,53333,935799.0,45.58
RELCHEMQ, 18-Sep-2026,120.0,123.8,116.0,119.7,119.21,4528,5.38,189,2512.0,55.48
RELIABLE, 18-Sep-2026,137.44,142.0,135.61,140.2,136.41,7570,10.47,277,6402.0,84.57
RELIANCE, 18-Sep-2026,1245.0,1247.3,1226.4,1226.4,1243.9,15122715,186728.32,162092,11645440.0,77.01
RELIGARE, 18-Sep-2026,250.7,255.0,247.91,253.02,249.89,365894,922.57,6606,207073.0,56.59
RELTD, 18-Sep-2026,148.0,148.92,144.91,147.59,146.16,88630,130.37,1466,63092.0,71.19
REMSONSIND, 18-Sep-2026,95.06,103.0,94.81,98.66,95.06,290021,288.35,4135,119405.0,41.17
REMUS, 18-Sep-2026,998.0,1007.0,977.0,979.05,972.1,8500,84.33,71,5700.0,67.06
RENTOMOJO, 18-Sep-2026,570.0,581.95,492.1,512.75,534.25,35242382,187754.12,534821,6022021.0,17.09
RENUKA, 18-Sep-2026,22.85,23.32,22.35,23.06,22.81,10903563,2476.84,16606,3228647.0,29.61
REPCOHOME, 18-Sep-2026,348.9,356.9,345.1,354.5,346.3,65528,230.55,1852,43302.0,66.08
REPRO, 18-Sep-2026,297.05,307.5,296.0,305.25,296.95,5649,16.95,263,3439.0,60.88
RESPONIND, 18-Sep-2026,159.08,160.93,157.0,159.18,163.4,195728,312.08,3502,54624.0,27.91
RETAIL, 18-Sep-2026,16.66,18.38,16.66,17.69,16.83,18976,3.34,186,12559.0,66.18
RFBL, 18-Sep-2026,76.35,84.3,76.35,84.3,80.35,15000,12.09,4,12000.0,80.0
RGL, 18-Sep-2026,155.7,158.6,152.3,153.4,156.49,352268,545.65,4881,137542.0,39.04
RHETAN, 18-Sep-2026,19.57,19.57,19.57,19.57,20.59,614120,120.18,1367,614120.0,100.0
RHIM, 18-Sep-2026,365.95,371.5,365.0,368.7,365.95,154535,569.41,6659,82376.0,53.31
RHL, 18-Sep-2026,178.5,182.75,169.02,179.55,173.74,8021,14.31,158,6413.0,79.95
RICOAUTO, 18-Sep-2026,128.04,131.19,127.02,130.58,128.04,724126,940.22,7769,246266.0,34.01
RIIL, 18-Sep-2026,703.0,709.0,700.05,703.15,700.25,22641,159.29,1382,7878.0,34.8
RIIT, 18-Sep-2026,119.99,120.25,119.0,119.99,119.98,291718,350.01,1862,286938.0,98.36
RILINFRA, 18-Sep-2026,32.95,33.5,32.4,32.45,32.75,7300,2.4,44,3100.0,42.47
RIR, 18-Sep-2026,203.0,213.94,196.2,198.93,197.63,14823429,30540.93,135548,1299543.0,8.77
RISHABH, 18-Sep-2026,778.35,783.8,759.55,764.7,778.35,72318,558.2,3795,42584.0,58.88
RITCO, 18-Sep-2026,300.0,300.0,289.65,291.45,299.3,43385,126.84,1311,23508.0,54.18
RITES, 18-Sep-2026,205.5,211.2,204.3,207.23,207.93,523244,1081.75,13921,182568.0,34.89
RKDL, 18-Sep-2026,18.21,18.7,18.21,18.49,18.3,14459,2.68,76,9724.0,67.25
RKEC, 18-Sep-2026,18.53,18.99,18.03,18.13,18.49,36623,6.73,250,29028.0,79.26
RKFORGE, 18-Sep-2026,709.0,728.0,705.45,724.1,705.45,469398,3390.15,16474,299423.0,63.79
RKSWAMY, 18-Sep-2026,90.25,90.69,88.21,89.4,88.06,15782,14.11,543,7612.0,48.23
RMC, 18-Sep-2026,232.29,234.21,223.21,228.18,229.16,36568,83.49,1278,18452.0,50.46
RML, 18-Sep-2026,1281.8,1340.0,1248.2,1324.5,1281.8,89211,1156.31,8436,33703.0,37.78
RNFI, 18-Sep-2026,319.0,324.0,318.25,319.3,317.1,7800,24.97,12,4200.0,53.85
RNPL, 18-Sep-2026,58.05,58.25,58.05,58.25,55.5,4800,2.79,4,4800.0,100.0
ROCKINGDCE, 18-Sep-2026,224.0,234.0,224.0,234.0,224.75,1500,3.43,5,1500.0,100.0
ROHLTD, 18-Sep-2026,303.4,308.15,298.0,304.9,297.45,14584,44.29,583,9609.0,65.89
ROLEXRINGS, 18-Sep-2026,170.86,172.99,169.02,172.08,169.82,832907,1426.21,9843,384788.0,46.2
ROML, 18-Sep-2026,41.0,42.23,41.0,41.35,41.42,1373,0.57,29,1171.0,85.29
ROSSARI, 18-Sep-2026,445.0,445.0,434.55,437.95,440.75,57950,253.68,4771,35122.0,60.61
ROSSELLIND, 18-Sep-2026,54.38,55.65,50.43,52.64,54.38,144635,76.11,2009,77728.0,53.74
ROSSTECH, 18-Sep-2026,1370.0,1464.9,1350.0,1374.3,1357.2,911139,12857.06,70777,167829.0,18.42
ROTO, 18-Sep-2026,63.45,65.6,62.37,62.68,63.35,207373,130.97,2375,83971.0,40.49
ROUTE, 18-Sep-2026,490.3,490.7,457.6,464.4,492.6,1118251,5236.64,34777,666063.0,59.56
ROXHITECH, 18-Sep-2026,44.2,44.2,44.0,44.0,43.65,6400,2.82,3,6400.0,100.0
RPEL, 18-Sep-2026,1646.1,1678.6,1615.1,1652.4,1654.3,80692,1328.04,9101,38216.0,47.36
RPGLIFE, 18-Sep-2026,2824.5,2882.9,2742.2,2802.4,2824.5,17373,487.29,3251,6400.0,36.84
RPOWER, 18-Sep-2026,21.05,21.32,20.9,21.13,21.05,21881312,4622.33,31766,7043749.0,32.19
RPPINFRA, 18-Sep-2026,54.48,54.99,53.45,53.81,54.79,44911,24.24,925,27565.0,61.38
RPSGVENT, 18-Sep-2026,839.95,854.95,832.75,843.45,832.5,24246,204.47,1238,15265.0,62.96
RPTECH, 18-Sep-2026,806.8,817.0,790.25,798.05,806.8,162620,1303.79,13168,80360.0,49.42
RRECL, 18-Sep-2026,130.01,147.0,130.0,138.89,144.0,1174,1.61,44,636.0,54.17
RRIL, 18-Sep-2026,16.04,16.28,15.36,15.55,15.96,36153,5.62,254,29709.0,82.18
RRKABEL, 18-Sep-2026,2390.0,2457.0,2382.6,2450.8,2390.5,373286,9083.45,34850,205677.0,55.1
RSL, 18-Sep-2026,183.33,185.34,178.75,181.21,180.63,149175,271.45,4017,73398.0,49.2
RSSOFTWARE, 18-Sep-2026,29.7,30.69,29.7,30.26,30.0,5384,1.63,72,4674.0,86.81
RSYSTEMS, 18-Sep-2026,246.4,247.0,241.47,242.15,245.78,107484,261.63,2840,51493.0,47.91
RTNINDIA, 18-Sep-2026,26.4,26.75,26.33,26.54,26.37,1216905,322.41,5732,660251.0,54.26
RTNPOWER, 18-Sep-2026,7.06,7.19,7.01,7.14,7.06,19172063,1360.0,12229,7945325.0,41.44
RTSPOWR, 18-Sep-2026,89.95,89.95,85.05,87.28,86.79,1654,1.44,31,1432.0,86.58
RUBFILA, 18-Sep-2026,65.77,68.3,65.01,67.36,65.72,53768,35.81,795,21488.0,39.96
RUBICON, 18-Sep-2026,1778.9,1827.5,1736.2,1751.1,1778.3,470413,8362.93,36179,285907.0,60.78
RUBYMILLS, 18-Sep-2026,458.1,479.0,438.1,467.1,457.6,40821,184.08,1363,25473.0,62.4
RUCHINFRA, 18-Sep-2026,5.27,5.27,5.1,5.2,5.14,58791,3.03,144,51270.0,87.21
RUCHIRA, 18-Sep-2026,108.9,109.44,108.0,108.84,107.45,25087,27.28,719,11406.0,45.47
RUDRA, 18-Sep-2026,20.9,21.0,20.0,20.68,20.36,180289,37.07,391,30715.0,17.04
RULKA, 18-Sep-2026,109.7,111.1,107.0,108.1,107.0,13800,15.15,25,8400.0,60.87
RUPA, 18-Sep-2026,134.36,138.0,133.72,137.16,134.97,129316,174.98,4557,71577.0,55.35
RUSHIL, 18-Sep-2026,15.83,18.3,15.35,17.26,15.57,1882573,320.72,3318,1135515.0,60.32
RUSTOMJEE, 18-Sep-2026,343.0,356.2,341.7,353.75,340.95,78181,275.54,3017,54102.0,69.2
RVHL, 18-Sep-2026,39.66,40.37,38.31,39.48,38.7,1514,0.6,34,1376.0,90.89
RVNL, 18-Sep-2026,201.8,214.29,200.78,214.29,201.7,9469057,19675.16,59534,4805808.0,50.75
RVTH, 18-Sep-2026,670.05,724.9,670.0,697.3,666.75,995,7.04,151,802.0,80.6
S&SPOWER, 18-Sep-2026,325.35,334.6,318.0,319.0,318.7,2414,7.87,96,1745.0,72.29
SAAKSHI, 18-Sep-2026,357.0,374.9,357.0,372.9,357.05,28200,104.7,40,27000.0,95.74
SAATVIKGL, 18-Sep-2026,404.05,413.55,400.0,411.8,404.5,95137,386.0,2578,40027.0,42.07
SAB, 18-Sep-2026,174.15,174.15,174.15,174.15,174.18,29,0.05,1,29.0,100.0
SACHEEROME, 18-Sep-2026,525.75,542.9,525.0,536.85,522.2,20700,110.47,60,13200.0,63.77
SADBHAV, 18-Sep-2026,7.61,7.89,7.57,7.73,7.52,118102,9.08,285,90227.0,76.4
SADBHIN, 18-Sep-2026,2.5,2.58,2.45,2.54,2.48,75422,1.91,165,51859.0,68.76
SADHAV, 18-Sep-2026,109.95,109.95,107.3,107.3,108.5,3600,3.9,6,3600.0,100.0
SAFARI, 18-Sep-2026,1506.6,1525.6,1465.0,1501.0,1511.4,111608,1663.47,18927,52285.0,46.85
SAFEENTP, 18-Sep-2026,250.75,252.3,249.05,249.4,252.3,12000,30.04,24,7000.0,58.33
SAGARDEEP, 18-Sep-2026,23.51,24.49,23.51,23.62,23.5,2092,0.51,39,1621.0,77.49
SAGCEM, 18-Sep-2026,149.59,154.18,149.59,151.79,149.41,55093,83.79,932,39212.0,71.17
SAGILITY, 18-Sep-2026,44.59,46.23,44.59,45.66,44.56,17450697,7996.49,29729,7131173.0,40.86
SAHAJSOLAR, 18-Sep-2026,92.0,94.1,90.0,91.6,93.3,26400,24.42,57,16800.0,63.64
SAHANA, 18-Sep-2026,870.0,874.0,835.05,848.75,849.1,15150,129.35,70,8250.0,54.46
SAHASRA, 18-Sep-2026,323.0,336.1,318.0,336.1,320.1,111200,370.25,192,91600.0,82.37
SAHLIBHFI, 18-Sep-2026,76.4,79.7,75.0,76.56,78.52,17392,13.5,455,9489.0,54.56
SAHYADRI, 18-Sep-2026,366.6,369.05,360.45,365.35,359.25,3344,12.2,230,2261.0,67.61
SAICAPI, 18-Sep-2026,155.8,158.4,154.4,158.4,158.99,140,0.22,13,140.0,100.0
SAIFL, 18-Sep-2026,4.4,4.4,4.3,4.4,4.4,84000,3.68,17,72000.0,85.71
SAIL, 18-Sep-2026,176.5,179.8,176.03,177.33,175.01,11881802,21131.5,43432,7390982.0,62.2
SAILIFE, 18-Sep-2026,1553.4,1613.9,1550.3,1600.5,1545.7,867960,13754.48,55104,503542.0,58.01
SAIPARENT, 18-Sep-2026,514.2,520.0,510.0,510.75,510.25,34306,176.31,1968,22929.0,66.84
SAJHOTELS, 18-Sep-2026,35.2,35.2,35.15,35.15,35.15,4000,1.41,2,4000.0,100.0
SAKAR, 18-Sep-2026,1148.0,1190.5,1148.0,1179.8,1129.55,147455,1736.57,7987,95091.0,64.49
SAKHTISUG, 18-Sep-2026,18.5,18.89,17.84,18.37,18.44,134585,24.78,742,63155.0,46.93
SAKSOFT, 18-Sep-2026,143.1,143.65,140.2,141.14,142.92,197325,279.02,3686,106975.0,54.21
SAKUMA, 18-Sep-2026,1.56,1.57,1.5,1.51,1.54,991276,15.19,871,688862.0,69.49
SALASAR, 18-Sep-2026,4.89,4.95,4.85,4.89,4.89,2915338,142.55,2740,1853931.0,63.59
SALONA, 18-Sep-2026,266.05,269.0,255.0,263.4,266.05,1102,2.87,60,916.0,83.12
SALSTEEL, 18-Sep-2026,80.01,82.26,80.01,82.26,78.35,251942,205.73,1567,160677.0,63.78
SALZERELEC, 18-Sep-2026,551.95,558.45,543.1,550.45,550.95,37733,207.57,2349,20650.0,54.73
SAMBANDAM, 18-Sep-2026,101.5,106.0,100.0,100.0,101.51,1107,1.13,35,1106.0,99.91
SAMBHAAV, 18-Sep-2026,6.13,6.13,5.72,6.09,6.0,46601,2.79,154,34900.0,74.89
SAMBHV, 18-Sep-2026,129.08,150.99,129.08,147.57,129.09,28285913,40852.34,156604,4724701.0,16.7
SAMHI, 18-Sep-2026,157.0,163.5,157.0,161.98,156.67,928386,1496.64,22330,491763.0,52.97
SAMMAANCAP, 18-Sep-2026,142.5,144.5,142.4,143.92,142.22,3658484,5255.06,18608,2022240.0,55.28
SAMPANN, 18-Sep-2026,24.32,25.38,23.9,24.67,24.26,30068,7.33,187,24887.0,82.77
SANATHAN, 18-Sep-2026,468.95,489.0,467.5,480.85,461.95,107246,515.35,4148,59994.0,55.94
SANDESH, 18-Sep-2026,1042.6,1042.6,1020.4,1025.8,1037.4,106,1.09,39,77.0,72.64
SANDHAR, 18-Sep-2026,594.7,607.5,590.15,601.25,588.25,100399,602.68,5549,49923.0,49.72
SANDUMA, 18-Sep-2026,183.2,186.25,183.0,185.4,182.53,462946,854.89,8513,208281.0,44.99
SANGAMIND, 18-Sep-2026,581.3,584.95,573.85,580.0,583.05,9168,53.08,860,6252.0,68.19
SANGANI, 18-Sep-2026,49.5,49.5,48.0,48.75,49.9,3000,1.46,2,3000.0,100.0
SANGHVIMOV, 18-Sep-2026,419.65,434.0,412.05,430.7,419.65,254315,1083.16,8369,140111.0,55.09
SANOFI, 18-Sep-2026,3093.3,3115.0,3080.0,3087.4,3085.0,12855,397.57,2419,7289.0,56.7
SANOFICONR, 18-Sep-2026,3999.0,4078.0,3992.0,4033.4,3989.5,4359,175.61,1457,2834.0,65.01
SANSERA, 18-Sep-2026,4042.0,4300.0,4017.5,4259.9,4017.5,287946,12133.54,37283,129051.0,44.82
SANSTAR, 18-Sep-2026,115.55,117.0,115.0,115.7,115.54,168121,194.95,2597,91370.0,54.35
SAPPHIRE, 18-Sep-2026,233.29,236.25,228.0,230.11,233.24,997329,2307.11,21984,376866.0,37.79
SAPPL, 18-Sep-2026,285.0,289.9,265.3,276.15,278.75,1212,3.3,48,840.0,69.31
SARDAEN, 18-Sep-2026,510.0,513.6,503.0,505.95,506.95,328485,1666.13,12795,167561.0,51.01
SAREGAMA, 18-Sep-2026,489.25,506.6,489.25,499.9,489.25,387575,1942.99,15681,177983.0,45.92
SARLAPOLY, 18-Sep-2026,97.36,98.25,96.47,97.48,96.49,23691,23.06,346,18114.0,76.46
SARTELE, 18-Sep-2026,80.65,81.0,73.0,75.15,79.05,69500,53.16,107,51500.0,74.1
SARVESHWAR, 18-Sep-2026,3.73,3.79,3.67,3.74,3.72,983863,36.54,1484,697769.0,70.92
SASKEN, 18-Sep-2026,1704.4,1746.9,1701.1,1719.6,1722.1,12687,219.03,2328,7423.0,58.51
SATECH, 18-Sep-2026,39.75,39.75,37.3,38.9,40.0,15000,5.76,15,11000.0,73.33
SATIA, 18-Sep-2026,67.41,68.98,66.5,68.46,67.63,108564,73.51,1661,58192.0,53.6
SATIN, 18-Sep-2026,218.47,221.0,217.37,219.32,219.82,162662,357.0,1695,128780.0,79.17
SATKARTAR, 18-Sep-2026,143.0,146.9,142.0,142.9,139.15,32800,47.24,38,22400.0,68.29
SATTVAENGG, 18-Sep-2026,58.35,61.15,57.05,61.15,60.2,20800,12.19,13,14400.0,69.23
SAURASHCEM, 18-Sep-2026,51.91,53.99,51.8,53.51,51.91,57241,30.51,1674,25943.0,45.32
SAVY, 18-Sep-2026,140.0,140.0,139.65,139.65,137.7,2400,3.36,2,2400.0,100.0
SAWALIYA, 18-Sep-2026,166.0,166.0,161.0,161.85,164.4,43200,70.44,18,40800.0,94.44
SAYAJIHOTL, 18-Sep-2026,314.1,319.0,314.1,319.0,319.1,52,0.16,2,52.0,100.0
SAYAJIIND, 18-Sep-2026,108.1,116.75,108.0,115.0,113.0,510,0.56,108,510.0,100.0
SBC, 18-Sep-2026,48.45,49.8,48.32,49.24,48.25,15020726,7369.85,9590,6500574.0,43.28
SBCL, 18-Sep-2026,1091.8,1109.8,1084.1,1096.2,1091.8,106816,1171.36,12993,55871.0,52.31
SBFC, 18-Sep-2026,93.58,94.19,91.89,92.36,93.32,1954335,1811.61,13838,1292761.0,66.15
SBGLP, 18-Sep-2026,26.52,26.59,21.33,22.23,25.78,587657,139.8,3377,271682.0,46.23
SBIBPB, 18-Sep-2026,47.5,48.49,47.5,48.21,47.77,61295,29.5,281,50804.0,82.88
SBICARD, 18-Sep-2026,635.95,651.15,630.7,651.15,636.95,3242132,20736.95,55472,2224889.0,68.62
SBIETFCON, 18-Sep-2026,119.77,119.77,118.18,118.45,118.54,2418,2.87,89,1201.0,49.67
SBIETFIT, 18-Sep-2026,325.23,325.23,317.36,319.25,323.24,11162,35.58,354,7826.0,70.11
SBIETFPB, 18-Sep-2026,283.6,283.6,277.93,279.97,278.65,2346,6.56,92,2123.0,90.49
SBIETFQLTY, 18-Sep-2026,214.38,215.31,213.87,215.27,214.83,1393,2.99,45,1393.0,100.0
SBIFUNDS, 18-Sep-2026,540.95,567.95,537.25,561.35,540.95,1779360,9888.89,33217,1176269.0,66.11
SBILIFE, 18-Sep-2026,1751.3,1770.0,1731.0,1731.0,1766.9,929365,16277.44,21719,666914.0,71.76
SBILIQETF, 18-Sep-2026,1056.63,1056.63,1056.61,1056.62,1056.2,725607,7666.91,293,712664.0,98.22
SBIMIDMOM, 18-Sep-2026,63.07,63.54,62.86,63.33,62.65,79500,50.34,110,78099.0,98.24
SBIN, 18-Sep-2026,992.0,996.2,985.1,996.2,988.7,5699456,56532.67,94490,3642518.0,63.91
SBINEQWETF, 18-Sep-2026,31.92,32.93,31.92,32.2,32.57,90497,29.19,259,69622.0,76.93
SBINMID150, 18-Sep-2026,22.74,23.09,22.65,22.94,22.74,17739,4.04,111,14146.0,79.75
SBISILVER, 18-Sep-2026,226.86,230.64,226.76,229.44,222.1,1587770,3632.44,8793,798565.0,50.29
SBISMLETF, 18-Sep-2026,18.0,18.56,18.0,18.38,18.16,15195,2.77,177,11594.0,76.3
SBIVALETF, 18-Sep-2026,14.51,14.52,14.28,14.41,14.44,23970,3.45,85,7860.0,32.79
SCHAEFFLER, 18-Sep-2026,4016.0,4260.0,4010.1,4217.6,3991.0,171857,7160.74,29729,106324.0,61.87
SCHAND, 18-Sep-2026,136.14,136.68,133.5,133.87,134.88,21577,29.1,1230,11062.0,51.27
SCHNEIDER, 18-Sep-2026,1206.6,1244.5,1206.6,1213.5,1201.9,316226,3869.11,31593,191128.0,60.44
SCI, 18-Sep-2026,271.0,278.0,269.05,277.05,270.0,1560763,4269.57,27104,590776.0,37.85
SCILAL, 18-Sep-2026,38.01,38.38,36.2,36.83,38.19,1140340,421.94,10363,890883.0,78.12
SCML, 18-Sep-2026,76.0,78.0,68.65,77.55,75.75,138000,97.88,91,56000.0,40.58
SCODATUBES, 18-Sep-2026,125.33,130.77,125.33,128.51,123.97,98767,126.79,1915,51055.0,51.69
SDBL, 18-Sep-2026,68.0,69.14,67.5,68.06,67.8,396617,270.91,3300,207211.0,52.24
SDREAMS, 18-Sep-2026,77.5,79.7,77.5,79.35,77.55,5000,3.91,3,5000.0,100.0
SEAMECLTD, 18-Sep-2026,1757.0,1757.0,1712.1,1726.3,1738.5,27243,470.52,3565,12761.0,46.84
SECLEDBETA, 18-Sep-2026,15.0,15.5,14.21,14.25,14.16,20683,2.99,73,17157.0,82.95
SECMARK, 18-Sep-2026,145.0,146.4,132.41,144.1,139.95,2367,3.41,35,2058.0,86.95
SECURKLOUD, 18-Sep-2026,17.0,17.2,16.7,16.84,17.17,5429,0.92,94,5080.0,93.57
SEDEMAC, 18-Sep-2026,3110.6,3234.1,3110.0,3147.8,3110.6,190154,6042.42,23393,67995.0,35.76
SEIL, 18-Sep-2026,195.24,195.24,188.05,192.19,193.07,257466,494.98,1843,184824.0,71.79
SEJALLTD, 18-Sep-2026,690.0,715.75,669.85,714.4,681.7,36648,258.4,1220,26140.0,71.33
SEKURITIND, 18-Sep-2026,109.99,114.0,108.39,113.44,108.72,52095,58.54,848,36786.0,70.61
SEL, 18-Sep-2026,350.0,360.0,332.5,354.3,350.0,3000,10.29,13,2200.0,73.33
SELECTIPO, 18-Sep-2026,48.66,48.66,47.67,48.44,47.48,24458,11.78,78,17392.0,71.11
SELLOWRAP, 18-Sep-2026,65.1,65.1,65.0,65.0,67.5,3200,2.08,2,3200.0,100.0
SEMAC, 18-Sep-2026,270.0,280.0,262.4,273.7,270.0,315,0.86,24,221.0,70.16
SENCO, 18-Sep-2026,344.5,352.8,341.1,348.0,342.35,606311,2108.81,18175,211397.0,34.87
SENORES, 18-Sep-2026,1423.6,1441.9,1391.7,1402.6,1402.6,325710,4589.07,22493,162459.0,49.88
SENSEXADD, 18-Sep-2026,76.18,77.3,75.91,77.29,76.96,737,0.57,30,574.0,77.88
SENSEXAXIS, 18-Sep-2026,76.38,77.68,76.38,77.23,77.44,3257,2.52,51,2420.0,74.3
SENSEXBETA, 18-Sep-2026,825.01,838.0,821.0,832.87,830.88,1251,10.32,96,887.0,70.9
SENSEXETF, 18-Sep-2026,77.29,77.5,76.85,77.16,76.91,10598,8.16,175,5087.0,48.0
SENSEXIETF, 18-Sep-2026,854.94,862.49,854.93,858.7,855.42,5572,47.81,317,3271.0,58.7
SEPC, 18-Sep-2026,5.26,5.29,5.08,5.23,5.22,12309907,636.76,5490,5935580.0,48.22
SERVICE, 18-Sep-2026,66.05,66.05,66.05,66.05,66.0,4000,2.64,1,4000.0,100.0
SERVOTECH, 18-Sep-2026,72.27,73.66,71.91,72.8,72.27,396912,287.6,3756,201599.0,50.79
SESHAPAPER, 18-Sep-2026,248.0,251.7,245.04,249.77,247.82,27629,68.65,874,13284.0,48.08
SETF10GILT, 18-Sep-2026,263.0,263.0,261.7,262.26,261.38,2805,7.35,32,2187.0,77.97
SETFGOLD, 18-Sep-2026,129.2,130.84,129.2,130.52,128.39,3938423,5134.79,9546,2149714.0,54.58
SETFNIF50, 18-Sep-2026,252.88,252.88,250.92,251.95,251.29,842918,2122.16,6454,513743.0,60.95
SETFNIFBK, 18-Sep-2026,577.83,580.29,576.44,579.47,576.31,5777,33.41,988,3054.0,52.86
SETFNN50, 18-Sep-2026,763.08,777.5,762.3,774.62,765.01,16704,128.9,794,11481.0,68.73
SETL, 18-Sep-2026,393.25,414.0,393.25,402.35,401.45,987119,3980.43,19204,469190.0,47.53
SFL, 18-Sep-2026,679.0,682.0,651.7,657.3,673.0,213905,1418.66,11909,126468.0,59.12
SGBAPR28I, 18-Sep-2026,15048.98,15330.0,15001.0,15300.0,15048.98,712,108.27,75,520.0,73.03
SGBAUG27, 18-Sep-2026,15020.0,15250.0,15020.0,15178.16,14961.0,43,6.51,27,20.0,46.51
SGBAUG28V, 18-Sep-2026,15006.56,15200.01,15006.56,15193.7,14941.61,1171,177.34,208,714.0,60.97
SGBAUG29V, 18-Sep-2026,15083.49,15287.99,15083.49,15229.06,14959.85,138,20.91,48,93.0,67.39
SGBAUG30, 18-Sep-2026,15198.53,15374.9,15121.0,15300.38,15098.53,89,13.56,51,57.0,64.04
SGBD29VIII, 18-Sep-2026,15200.0,15374.99,15150.0,15258.49,14989.61,71,10.84,29,42.0,59.15
SGBDC27VII, 18-Sep-2026,15100.0,15200.0,15061.11,15160.0,15100.0,101,15.29,15,62.0,61.39
SGBDE30III, 18-Sep-2026,15130.08,15355.99,15130.08,15330.08,15130.08,208,31.8,92,138.0,66.35
SGBDE31III, 18-Sep-2026,15406.56,15579.96,15406.56,15550.07,15365.79,1295,200.57,213,941.0,72.66
SGBFEB28IX, 18-Sep-2026,15200.0,15200.0,15050.0,15050.0,14999.99,30,4.53,10,30.0,100.0
SGBFEB29XI, 18-Sep-2026,15110.0,15225.0,15015.8,15189.47,14905.5,39,5.91,19,29.0,74.36
SGBFEB32IV, 18-Sep-2026,15607.84,15819.99,15607.84,15782.16,15607.84,1196,188.01,227,731.0,61.12
SGBJAN27, 18-Sep-2026,15100.0,15100.0,15100.0,15100.0,14900.21,2,0.3,2,2.0,100.0
SGBJAN29IX, 18-Sep-2026,14926.0,15225.0,14926.0,15225.0,14946.0,298,45.2,39,239.0,80.2
SGBJAN29X, 18-Sep-2026,14936.01,15225.0,14936.01,15177.0,14926.5,134,20.28,40,97.0,72.39
SGBJAN30IX, 18-Sep-2026,15076.02,15349.99,15076.02,15329.4,15066.66,131,19.93,31,100.0,76.34
SGBJU29III, 18-Sep-2026,14906.0,15225.0,14906.0,15214.29,14955.0,175,26.51,22,167.0,95.43
SGBJUL28IV, 18-Sep-2026,15175.0,15190.0,14936.46,15132.89,14914.46,299,45.2,56,223.0,74.58
SGBJUL29IV, 18-Sep-2026,15208.0,15208.0,15111.01,15162.44,15204.64,45,6.82,14,29.0,64.44
SGBJUN27, 18-Sep-2026,15192.34,15192.34,15192.34,15192.34,14924.0,1,0.15,1,1.0,100.0
SGBJUN28, 18-Sep-2026,14935.0,15200.0,14851.0,15168.14,14930.0,544,81.98,95,357.0,65.63
SGBJUN29II, 18-Sep-2026,15094.0,15218.54,15035.0,15160.82,14991.0,203,30.76,27,171.0,84.24
SGBJUN30, 18-Sep-2026,15171.0,15350.0,15171.0,15300.0,15118.33,40,6.11,7,32.0,80.0
SGBJUN31I, 18-Sep-2026,15306.56,15401.0,15283.55,15400.29,15276.3,398,61.05,120,248.0,62.31
SGBMAR30X, 18-Sep-2026,15201.0,15390.0,15201.0,15329.66,15044.91,11,1.68,10,11.0,100.0
SGBMAR31IV, 18-Sep-2026,15300.0,15350.0,15300.0,15342.0,15184.28,72,11.04,35,49.0,68.06
SGBMAY28, 18-Sep-2026,15020.0,15250.0,15020.0,15237.62,14990.4,66,10.01,16,54.0,81.82
SGBMAY29I, 18-Sep-2026,15000.0,15270.0,15000.0,15243.18,14967.66,442,67.17,76,318.0,71.95
SGBMR29XII, 18-Sep-2026,15100.0,15217.0,15100.0,15217.0,14965.0,102,15.46,40,63.0,61.76
SGBN28VIII, 18-Sep-2026,15062.0,15207.0,15062.0,15202.0,14980.0,67,10.14,13,60.0,89.55
SGBNOV26, 18-Sep-2026,15025.0,15025.0,15025.0,15025.0,14950.0,4,0.6,1,4.0,100.0
SGBNV29VII, 18-Sep-2026,15101.0,15280.0,15101.0,15250.25,15000.0,406,61.74,45,349.0,85.96
SGBOC28VII, 18-Sep-2026,15200.0,15375.0,15200.0,15358.88,15090.19,1401,215.29,30,1175.0,83.87
SGBOCT26, 18-Sep-2026,15250.0,15250.0,15250.0,15250.0,15130.0,12,1.83,1,12.0,100.0
SGBOCT27, 18-Sep-2026,15195.0,15300.0,15195.0,15300.0,15000.0,22,3.35,6,22.0,100.0
SGBOCT27VI, 18-Sep-2026,15115.01,15249.0,15115.01,15249.0,15050.0,4,0.61,2,2.0,50.0
SGBSEP27, 18-Sep-2026,15099.0,15199.99,15099.0,15199.98,14949.9,12,1.82,4,5.0,41.67
SGBSEP28VI, 18-Sep-2026,15198.0,15198.0,15015.0,15165.93,14940.84,232,35.07,59,136.0,58.62
SGBSEP29VI, 18-Sep-2026,15160.0,15229.99,15121.0,15171.22,15142.77,211,32.0,76,114.0,54.03
SGBSEP31II, 18-Sep-2026,15256.56,15599.0,15256.56,15430.84,15234.22,1412,217.36,223,975.0,69.05
SGFIN, 18-Sep-2026,624.9,638.05,621.05,630.95,619.9,75511,475.73,4194,38681.0,51.23
SGIL, 18-Sep-2026,582.45,606.35,582.45,589.3,592.35,2487,14.82,206,1399.0,56.25
SGL, 18-Sep-2026,9.68,9.79,9.17,9.35,9.68,7236,0.68,97,5512.0,76.17
SGLRES, 18-Sep-2026,2.49,2.6,2.37,2.43,2.49,279185,6.75,154,224078.0,80.26
SGMART, 18-Sep-2026,719.0,747.4,710.0,733.55,712.25,192112,1408.0,12970,109027.0,56.75
SGRL, 18-Sep-2026,677.95,722.65,675.0,697.75,678.2,18488,130.25,1406,11268.0,60.95
SHADOWFAX, 18-Sep-2026,252.5,253.4,247.5,251.55,251.65,1172675,2931.78,25776,706894.0,60.28
SHAH, 18-Sep-2026,3.32,3.32,3.26,3.28,3.3,392673,12.91,537,255489.0,65.06
SHAILY, 18-Sep-2026,3119.5,3209.7,3107.3,3149.8,3107.2,156212,4920.8,16520,81081.0,51.9
SHAKTIPUMP, 18-Sep-2026,465.7,470.65,458.75,460.95,464.1,460443,2134.91,15720,199092.0,43.24
SHALBY, 18-Sep-2026,138.0,141.4,133.92,137.66,138.5,149630,205.1,2587,84455.0,56.44
SHANKARA, 18-Sep-2026,148.3,150.0,148.3,149.26,149.29,461337,687.97,518,426297.0,92.4
SHANKESH, 18-Sep-2026,90.7,95.25,89.01,93.06,88.96,4370436,4071.55,27312,865199.0,19.8
SHANTHALA, 18-Sep-2026,16.1,16.1,15.7,15.7,15.55,2400,0.38,2,2400.0,100.0
SHANTI, 18-Sep-2026,5.81,6.39,5.81,6.19,6.29,7260,0.45,54,4101.0,56.49
SHANTIGEAR, 18-Sep-2026,681.3,705.0,667.35,700.05,677.6,90105,619.71,4382,33840.0,37.56
SHANTIGOLD, 18-Sep-2026,242.44,264.11,242.44,251.27,242.44,2818320,7234.98,37509,932569.0,33.09
SHANTIINOR, 18-Sep-2026,175.8,183.95,170.0,181.3,176.1,134400,241.5,77,116800.0,86.9
SHARDACROP, 18-Sep-2026,742.9,753.0,737.15,743.1,741.7,119733,890.41,7911,62398.0,52.11
SHARDAMOTR, 18-Sep-2026,935.0,971.95,930.0,967.05,948.35,121973,1168.85,10060,59150.0,48.49
SHAREINDIA, 18-Sep-2026,221.0,233.35,216.0,228.15,218.44,24957936,56565.5,218985,2142325.0,8.58
SHARIABEES, 18-Sep-2026,439.9,443.95,437.25,438.88,439.9,4350,19.08,377,3074.0,70.67
SHBAJRG, 18-Sep-2026,153.99,155.0,152.15,155.0,152.08,3122,4.83,70,2927.0,93.75
SHEEL, 18-Sep-2026,60.0,60.0,60.0,60.0,60.0,4000,2.4,2,4000.0,100.0
SHEETAL, 18-Sep-2026,359.0,359.0,359.0,359.0,359.0,500,1.8,1,500.0,100.0
SHERA, 18-Sep-2026,184.0,186.0,180.0,186.0,179.8,27000,49.3,26,22000.0,81.48
SHERVANI, 18-Sep-2026,360.0,360.0,349.95,352.5,332.0,54,0.19,9,52.0,96.3
SHETHJI, 18-Sep-2026,195.1,195.1,190.1,190.85,195.05,14000,26.76,10,10000.0,71.43
SHILCTECH, 18-Sep-2026,4072.6,4172.9,3976.9,4067.9,4103.4,16065,660.8,3863,9221.0,57.4
SHILGRAVQ, 18-Sep-2026,160.0,162.99,154.5,154.69,158.0,2494,3.87,63,2243.0,89.94
SHILPAMED, 18-Sep-2026,958.35,1033.1,951.9,1021.1,958.35,1766385,17699.9,64447,609436.0,34.5
SHINDL, 18-Sep-2026,164.5,164.5,160.38,161.64,161.05,430082,695.55,793,106905.0,24.86
SHIPROCKET, 18-Sep-2026,122.2,122.93,120.5,121.59,120.93,2264860,2751.78,16969,634849.0,28.03
SHIVAAGRO, 18-Sep-2026,39.89,42.0,37.16,41.79,38.71,861,0.36,36,826.0,95.93
SHIVACEM, 18-Sep-2026,15.49,15.69,15.3,15.45,15.3,35784,5.51,373,29110.0,81.35
SHIVALIK, 18-Sep-2026,368.3,378.9,359.0,372.1,369.3,87050,321.1,4851,35310.0,40.56
SHIVAMAUTO, 18-Sep-2026,16.7,19.42,16.7,19.42,16.19,291980,56.16,728,172465.0,59.07
SHIVAMILLS, 18-Sep-2026,58.6,61.95,58.1,61.58,60.2,1536,0.93,22,1146.0,74.61
SHIVASHRIT, 18-Sep-2026,118.0,119.85,112.6,115.45,115.2,85000,98.22,55,54000.0,63.53
SHIVATEX, 18-Sep-2026,181.0,181.0,163.21,168.51,174.17,4948,8.39,140,3337.0,67.44
SHIVAUM, 18-Sep-2026,470.3,477.0,468.25,468.3,468.05,3232,15.31,30,2840.0,87.87
SHK, 18-Sep-2026,138.67,143.12,132.4,137.04,138.67,865394,1192.26,5982,536197.0,61.96
SHOPERSTOP, 18-Sep-2026,405.9,415.0,395.25,399.75,413.3,72761,294.19,3374,29522.0,40.57
SHRADDHA, 18-Sep-2026,150.73,153.7,146.7,147.14,150.73,11255,16.66,179,8677.0,77.09
SHRADHA, 18-Sep-2026,31.0,32.15,29.81,30.0,31.15,21953,6.66,234,16271.0,74.12
SHREDIGCEM, 18-Sep-2026,67.42,69.0,67.37,68.51,67.42,55328,37.65,754,26943.0,48.7
SHREECEM, 18-Sep-2026,22200.0,23000.0,22100.0,22600.0,21960.0,62133,14027.91,22013,23032.0,37.07
SHREEDHAR, 18-Sep-2026,160.25,161.0,160.0,161.0,153.35,14000,22.51,7,14000.0,100.0
SHREEJISPG, 18-Sep-2026,689.95,709.8,674.2,708.05,691.0,854162,5943.15,9805,296207.0,34.68
SHREEKARNI, 18-Sep-2026,370.0,370.0,370.0,370.0,374.95,150,0.56,1,150.0,100.0
SHREEOSFM, 18-Sep-2026,52.0,52.4,51.3,52.4,51.0,4000,2.07,4,4000.0,100.0
SHREEPUSHK, 18-Sep-2026,510.0,518.0,500.1,514.3,512.5,44521,226.47,2788,19852.0,44.59
SHREERAMA, 18-Sep-2026,44.35,46.39,44.15,44.53,44.36,43261,19.58,923,29365.0,67.88
SHREYANIND, 18-Sep-2026,128.01,132.0,125.65,131.13,128.01,3183,4.13,113,2406.0,75.59
SHRIAHIMSA, 18-Sep-2026,462.95,475.0,462.95,468.75,454.2,8400,39.54,14,6000.0,71.43
SHRIKANHA, 18-Sep-2026,22.45,22.5,22.45,22.5,21.9,4800,1.08,3,4800.0,100.0
SHRIKRISH, 18-Sep-2026,34.02,39.99,34.02,36.98,34.04,1595,0.59,32,373.0,23.39
SHRINGARMS, 18-Sep-2026,214.0,216.75,208.75,210.67,211.74,569905,1214.66,3743,148030.0,25.97
SHRIPISTON, 18-Sep-2026,4394.0,4598.0,4394.0,4576.6,4385.4,151917,6896.75,24280,93038.0,61.24
SHRIRAMFIN, 18-Sep-2026,1004.9,1019.0,1000.5,1010.0,995.0,4870631,49261.41,95650,3431319.0,70.45
SHRIRAMPPS, 18-Sep-2026,73.15,73.15,70.81,71.22,72.91,365988,261.48,3524,205076.0,56.03
SHRITECH, 18-Sep-2026,60.5,60.5,60.5,60.5,60.3,2000,1.21,1,2000.0,100.0
SHRJAGP, 18-Sep-2026,643.55,657.75,630.0,637.65,642.5,176,1.13,21,170.0,96.59
SHUBHSHREE, 18-Sep-2026,350.0,350.0,350.0,350.0,350.0,3000,10.5,10,3000.0,100.0
SHUKRAPHAR, 18-Sep-2026,54.76,57.89,54.29,55.93,54.24,3423614,1916.71,9607,1211809.0,35.4
SHYAMDHANI, 18-Sep-2026,53.4,53.4,52.25,52.5,53.0,8000,4.21,4,8000.0,100.0
SHYAMMETL, 18-Sep-2026,1087.0,1109.0,1079.0,1100.0,1077.0,1196160,13143.39,24578,912577.0,76.29
SHYAMTEL, 18-Sep-2026,11.14,11.4,11.13,11.4,11.09,2221,0.25,6,2221.0,100.0
SICAGEN, 18-Sep-2026,52.74,53.69,52.0,52.77,52.22,7433,3.9,117,5498.0,73.97
SIDDHICOTS, 18-Sep-2026,26.95,27.2,26.95,27.2,26.5,7200,1.95,6,7200.0,100.0
SIDDHIKA, 18-Sep-2026,228.0,228.0,214.7,214.8,226.0,20000,43.43,26,17500.0,87.5
SIEL, 18-Sep-2026,30.08,33.07,30.0,30.0,31.5,233,0.07,10,222.0,95.28
SIEMENS, 18-Sep-2026,3781.4,3913.9,3770.0,3913.9,3763.5,666502,25535.16,35942,362487.0,54.39
SIGACHI, 18-Sep-2026,29.35,32.15,29.32,29.6,29.33,16377369,4972.42,55643,5696800.0,34.78
SIGMA, 18-Sep-2026,47.0,47.3,46.25,47.03,46.24,50131,23.54,940,34944.0,69.71
SIGNATURE, 18-Sep-2026,755.0,761.0,744.0,756.95,755.3,248406,1868.21,8171,35135.0,14.14
SIGNORIA, 18-Sep-2026,145.0,145.0,145.0,145.0,151.0,1000,1.45,1,1000.0,100.0
SIGNPOST, 18-Sep-2026,265.05,277.5,260.6,271.5,262.15,44887,119.71,1853,22875.0,50.96
SIKA, 18-Sep-2026,1030.7,1063.7,1010.25,1021.5,1027.05,36899,381.84,3204,15434.0,41.83
SIL, 18-Sep-2026,16.21,16.95,16.06,16.13,16.63,54990,8.95,534,46999.0,85.47
SILGO, 18-Sep-2026,69.46,71.99,69.46,70.8,70.18,50168,35.26,427,2773.0,5.53
SILINV, 18-Sep-2026,437.95,455.0,434.0,446.9,438.4,588,2.63,55,521.0,88.61
SILKFLEX, 18-Sep-2026,267.0,280.35,266.3,280.35,267.0,23000,63.73,20,19000.0,82.61
SILKY, 18-Sep-2026,69.0,71.95,61.0,65.35,71.9,24800,15.99,20,16800.0,67.74
SILVER, 18-Sep-2026,231.24,234.88,231.05,233.88,226.36,1124622,2621.14,9392,409007.0,36.37
SILVER001, 18-Sep-2026,23.5,23.79,23.01,23.78,22.94,53082,12.53,72,48096.0,90.61
SILVER1, 18-Sep-2026,22.37,22.89,22.37,22.79,21.98,10493440,2382.56,7028,5299716.0,50.51
SILVER360, 18-Sep-2026,225.5,230.94,225.5,229.98,223.42,22855,52.37,581,15670.0,68.56
SILVERADD, 18-Sep-2026,22.1,22.71,22.1,22.6,21.84,4445826,1002.72,6420,2331880.0,52.45
SILVERAG, 18-Sep-2026,224.0,229.08,224.0,228.18,220.74,239735,545.07,3110,92788.0,38.7
SILVERAXIS, 18-Sep-2026,230.05,233.79,230.03,232.82,225.27,1004472,2332.44,4363,699557.0,69.64
SILVERBEES, 18-Sep-2026,221.1,225.0,221.1,224.07,216.64,28477957,63572.88,81286,13038980.0,45.79
SILVERBETA, 18-Sep-2026,221.68,227.34,221.68,226.15,218.54,562410,1267.97,5294,265131.0,47.14
SILVERBND, 18-Sep-2026,232.19,236.0,231.56,235.48,227.01,25507,59.79,193,12163.0,47.68
SILVERCASE, 18-Sep-2026,23.48,23.82,23.46,23.73,22.95,12962915,3067.29,8305,4873393.0,37.59
SILVERIETF, 18-Sep-2026,231.22,234.96,230.97,233.89,226.19,3751667,8743.98,16593,1757767.0,46.85
SILVERTUC, 18-Sep-2026,149.08,149.09,144.4,146.28,149.08,310512,456.79,5099,106545.0,34.31
SIMCA, 18-Sep-2026,262.0,275.0,262.0,269.5,263.9,33600,89.02,16,33600.0,100.0
SIMPLEXINF, 18-Sep-2026,253.3,268.0,249.1,251.4,252.4,211797,541.89,5177,68410.0,32.3
SIMPLXREA, 18-Sep-2026,132.0,132.0,120.6,124.2,126.25,5,0.01,4,5.0,100.0
SINCLAIR, 18-Sep-2026,78.87,84.39,78.55,81.93,77.56,60387,48.94,1006,34039.0,56.37
SINDHUTRAD, 18-Sep-2026,23.54,24.94,22.62,24.72,23.27,5339301,1280.48,5141,2011299.0,37.67
SINGERIND, 18-Sep-2026,76.92,77.99,75.3,76.28,76.86,58206,44.3,316,43256.0,74.32
SINTERCOM, 18-Sep-2026,76.41,78.59,75.0,77.1,76.03,403,0.31,27,336.0,83.37
SIRCA, 18-Sep-2026,410.25,413.0,404.0,406.25,406.55,247257,1007.03,4779,138545.0,56.03
SIS, 18-Sep-2026,419.8,430.95,419.0,428.25,419.8,164393,703.96,6190,113153.0,68.83
SIYSIL, 18-Sep-2026,512.55,535.85,512.55,527.4,514.45,52367,274.02,2909,29570.0,56.47
SJLOGISTIC, 18-Sep-2026,310.0,319.0,307.15,314.0,311.0,20500,64.69,58,17750.0,86.59
SJS, 18-Sep-2026,2297.2,2460.0,2280.2,2422.8,2266.0,992502,23955.57,38512,605884.0,61.05
SJVN, 18-Sep-2026,64.84,65.23,63.7,63.95,64.75,4062726,2606.56,27865,2782267.0,68.48
SKFINDIA, 18-Sep-2026,1541.0,1639.8,1515.0,1552.6,1541.0,324766,5094.89,29013,123768.0,38.11
SKFINDUS, 18-Sep-2026,2969.9,3218.7,2942.0,2984.2,2940.3,1293995,38704.6,63743,811274.0,62.7
SKIPPER, 18-Sep-2026,537.0,570.0,532.1,566.2,532.55,1433300,8012.07,48097,534488.0,37.29
SKMEGGPROD, 18-Sep-2026,232.9,235.9,228.1,229.75,231.9,106551,246.03,2822,59777.0,56.1
SKP, 18-Sep-2026,158.5,160.95,157.6,160.95,157.6,2500,3.98,5,1000.0,40.0
SKYGOLD, 18-Sep-2026,794.0,806.75,779.85,783.7,793.3,566838,4484.21,21057,293736.0,51.82
SKYTECH, 18-Sep-2026,22.8,25.2,22.8,25.2,24.0,440000,105.51,148,411200.0,93.45
SKYWAYS, 18-Sep-2026,126.9,135.35,122.55,124.43,117.98,92941309,120263.64,477808,5108247.0,5.5
SLONE, 18-Sep-2026,170.0,173.0,164.35,169.65,173.0,4400,7.38,11,4000.0,90.91
SMALL250, 18-Sep-2026,18.15,18.45,18.12,18.38,18.1,280548,51.36,530,170655.0,60.83
SMALLADD, 18-Sep-2026,18.45,18.49,18.11,18.32,18.11,36311,6.66,83,25609.0,70.53
SMALLCAP, 18-Sep-2026,49.17,50.37,48.19,49.09,48.18,1265660,618.93,2857,811025.0,64.08
SMALLGROWW, 18-Sep-2026,47.1,49.21,47.1,48.51,48.11,17667,8.63,104,13466.0,76.22
SMALLIETF, 18-Sep-2026,18.17,18.38,18.17,18.35,18.09,36738,6.7,84,15150.0,41.24
SMARTEN, 18-Sep-2026,53.0,55.0,52.1,54.0,53.45,12000,6.32,6,12000.0,100.0
SMARTWORKS, 18-Sep-2026,519.85,560.95,519.85,547.35,519.9,274681,1501.81,4688,230192.0,83.8
SMCGLOBAL, 18-Sep-2026,82.0,83.7,80.21,80.94,82.87,467005,382.04,4640,261644.0,56.03
SML100CASE, 18-Sep-2026,11.35,11.36,11.14,11.32,11.13,1176113,132.67,1273,903129.0,76.79
SMLMAH, 18-Sep-2026,6248.0,6484.0,6221.0,6292.5,6220.5,53178,3373.13,8311,23563.0,44.31
SMLT, 18-Sep-2026,62.88,62.88,59.98,61.42,59.98,3265,1.99,84,2114.0,64.75
SMSPHARMA, 18-Sep-2026,415.8,446.2,415.8,442.95,413.75,1745125,7629.67,54253,549857.0,31.51
SNEHAA, 18-Sep-2026,44.1,44.5,44.1,44.5,44.1,2000,0.89,2,2000.0,100.0
SNOWMAN, 18-Sep-2026,34.9,35.4,34.0,35.25,34.72,155817,54.18,1488,93485.0,60.0
SNXT30BEES, 18-Sep-2026,42.33,42.38,42.02,42.14,41.91,494,0.21,40,471.0,95.34
SNXT50BETA, 18-Sep-2026,93.36,94.4,91.63,92.86,92.9,2181,2.03,78,1745.0,80.01
SOBHA, 18-Sep-2026,1192.7,1225.8,1190.5,1215.2,1189.4,120571,1462.92,8956,70291.0,58.3
SOCL, 18-Sep-2026,28.5,28.5,28.5,28.5,28.5,1600,0.46,1,1600.0,100.0
SOFTTECH, 18-Sep-2026,525.7,525.7,515.0,525.7,500.7,35070,184.03,393,31639.0,90.22
SOLARA, 18-Sep-2026,741.7,750.4,730.0,742.05,741.7,260108,1925.15,11434,116001.0,44.6
SOLARINDS, 18-Sep-2026,18850.0,19080.0,18555.0,18555.0,18815.0,202858,38307.75,43973,93603.0,46.14
SOLARWORLD, 18-Sep-2026,134.37,136.39,132.2,133.56,133.78,125558,168.24,3126,59957.0,47.75
SOLEX, 18-Sep-2026,681.35,719.0,673.6,695.1,671.3,122265,855.91,9644,37643.0,30.79
SOMANYCERA, 18-Sep-2026,560.75,579.25,557.95,572.6,565.85,103703,591.58,4260,52211.0,50.35
SOMATEX, 18-Sep-2026,82.77,82.99,79.3,80.95,82.77,13997,11.33,195,10555.0,75.41
SOMICONVEY, 18-Sep-2026,97.59,97.59,94.0,94.25,94.6,11529,10.96,313,6267.0,54.36
SONACOMS, 18-Sep-2026,780.2,812.0,780.2,808.0,777.9,4201864,33823.46,68185,2161414.0,51.44
SONAL, 18-Sep-2026,87.25,87.25,84.01,84.07,83.12,270,0.23,27,88.0,32.59
SONAMAC, 18-Sep-2026,31.05,32.5,31.05,31.25,32.15,9000,2.83,6,9000.0,100.0
SONATSOFTW, 18-Sep-2026,282.0,282.05,272.2,274.0,281.65,672020,1853.29,14199,326362.0,48.56
SONUINFRA, 18-Sep-2026,47.5,48.85,45.4,47.1,47.7,27000,12.41,13,27000.0,100.0
SOTL, 18-Sep-2026,693.0,720.0,686.05,708.05,691.4,236215,1669.52,12006,77320.0,32.73
SOUTHBANK, 18-Sep-2026,46.0,46.54,45.78,46.07,45.88,8637328,3989.39,32025,4082956.0,47.27
SOUTHWEST, 18-Sep-2026,199.0,202.5,193.44,196.11,200.07,197258,388.46,4945,93900.0,47.6
SPAL, 18-Sep-2026,998.2,1012.9,981.0,994.3,1003.1,23776,236.77,3117,9938.0,41.8
SPANDANA, 18-Sep-2026,227.02,231.3,227.0,229.25,227.02,74230,169.97,2099,44252.0,59.61
SPARC, 18-Sep-2026,193.16,198.6,192.39,193.92,193.16,682997,1330.68,10489,326924.0,47.87
SPCENET, 18-Sep-2026,3.2,3.26,3.1,3.13,3.19,702541,22.27,639,480447.0,68.39
SPCL, 18-Sep-2026,65.0,67.5,64.4,65.55,64.4,30600,20.18,42,19800.0,64.71
SPCON, 18-Sep-2026,169.0,198.0,169.0,181.35,170.0,6000,10.58,5,6000.0,100.0
SPEB, 18-Sep-2026,87.0,87.0,87.0,87.0,89.15,2000,1.74,1,2000.0,100.0
SPECTSTM, 18-Sep-2026,60.05,60.05,60.0,60.0,60.0,2400,1.44,3,2400.0,100.0
SPENCERS, 18-Sep-2026,28.5,29.4,27.62,28.38,28.17,28173,7.99,258,21873.0,77.64
SPIC, 18-Sep-2026,67.3,69.09,67.25,68.7,66.92,616680,421.07,3722,297852.0,48.3
SPLIL, 18-Sep-2026,29.65,30.79,29.65,30.3,29.95,1395,0.42,26,1361.0,97.56
SPLPETRO, 18-Sep-2026,811.4,872.0,804.9,865.7,807.0,1234723,10543.68,52549,315653.0,25.56
SPMLINFRA, 18-Sep-2026,170.0,174.56,167.15,168.23,170.67,101537,172.56,1583,59475.0,58.57
SPORTKING, 18-Sep-2026,201.35,204.69,201.0,203.85,200.53,135881,276.02,5860,73370.0,54.0
SPPPOLY, 18-Sep-2026,12.95,12.95,12.8,12.8,12.5,4000,0.52,2,4000.0,100.0
SPUNWEB, 18-Sep-2026,99.0,99.0,99.0,99.0,100.9,2400,2.38,2,2400.0,100.0
SRD, 18-Sep-2026,40.29,40.29,39.1,39.15,39.54,8341,3.31,108,6608.0,79.22
SRF, 18-Sep-2026,2536.6,2569.9,2512.0,2512.0,2536.0,401209,10194.3,24715,268409.0,66.9
SRGHFL, 18-Sep-2026,132.05,132.85,127.05,128.15,126.65,45678,59.4,651,33270.0,72.84
SRHHYPOLTD, 18-Sep-2026,521.0,525.05,519.8,523.1,517.6,26767,140.0,708,20779.0,77.63
SRIVASAVI, 18-Sep-2026,72.75,73.05,71.2,73.05,72.75,4000,2.88,4,4000.0,100.0
SRM, 18-Sep-2026,425.65,429.25,420.65,423.85,425.75,14465,61.28,1296,8541.0,59.05
SRTL, 18-Sep-2026,37.9,38.39,36.5,38.02,37.98,36125,13.62,329,27420.0,75.9
SSDL, 18-Sep-2026,62.08,62.85,60.2,61.35,62.08,27910,17.21,455,22248.0,79.71
SSEGL, 18-Sep-2026,423.0,423.0,411.3,413.2,419.0,67600,281.01,200,52600.0,77.81
SSFL, 18-Sep-2026,281.6,303.0,281.25,303.0,296.05,6000,17.49,12,5500.0,91.67
SSWL, 18-Sep-2026,351.65,378.8,350.15,372.4,348.25,1835082,6817.5,41261,689212.0,37.56
STANLEY, 18-Sep-2026,137.01,138.99,137.01,137.45,137.63,31819,43.81,542,17226.0,54.14
STAR, 18-Sep-2026,1202.6,1229.4,1200.0,1219.8,1200.2,282913,3436.58,21652,122912.0,43.45
STARCEMENT, 18-Sep-2026,188.9,195.79,188.9,194.25,188.33,271084,521.65,5629,176545.0,65.13
STARHEALTH, 18-Sep-2026,558.0,559.65,542.1,547.05,560.55,2515581,13792.21,64945,1777990.0,70.68
STARPAPER, 18-Sep-2026,156.01,159.5,155.01,158.82,155.92,5933,9.31,160,3410.0,57.48
STARTECK, 18-Sep-2026,240.0,261.5,236.1,240.0,237.45,201,0.5,16,191.0,95.02
STCINDIA, 18-Sep-2026,112.3,113.15,111.1,111.54,111.4,9715,10.85,182,7047.0,72.54
STEAMHOUSE, 18-Sep-2026,100.7,106.0,95.01,97.98,102.55,23967427,24109.91,119123,8162325.0,34.06
STEELCAS, 18-Sep-2026,306.85,323.0,306.85,319.9,303.45,92629,294.54,2932,54276.0,58.6
STEELCITY, 18-Sep-2026,85.5,86.59,85.0,85.39,85.77,2941,2.52,99,2370.0,80.58
STEELXIND, 18-Sep-2026,11.18,11.9,11.18,11.74,11.2,6471920,746.04,5982,2300292.0,35.54
STEL, 18-Sep-2026,657.0,658.15,631.95,654.2,631.9,12670,82.14,847,9432.0,74.44
STLNETWORK, 18-Sep-2026,42.95,42.95,42.95,42.95,40.91,1250147,536.94,1463,1250040.0,99.99
STLSTRINF, 18-Sep-2026,26.0,26.9,23.12,23.47,25.15,28554,6.97,366,11083.0,38.81
STOVEKRAFT, 18-Sep-2026,833.65,840.45,825.25,829.3,833.65,75158,625.29,4675,35002.0,46.57
STRIDERS, 18-Sep-2026,58.0,58.0,49.95,52.15,58.0,120000,61.95,48,83200.0,69.33
STUDDS, 18-Sep-2026,408.8,410.1,402.75,407.1,404.35,21853,88.77,1261,12690.0,58.07
STUDIOLSD, 18-Sep-2026,8.95,9.2,8.8,9.2,9.2,32000,2.88,10,30000.0,93.75
STYL, 18-Sep-2026,366.0,369.95,355.0,360.35,365.85,182909,663.75,6743,109372.0,59.8
STYLAMIND, 18-Sep-2026,3238.2,3308.0,3236.6,3295.5,3238.2,12878,423.48,3122,6678.0,51.86
STYLEBAAZA, 18-Sep-2026,385.0,394.0,380.35,386.75,388.05,591675,2292.28,11305,301304.0,50.92
STYRENIX, 18-Sep-2026,2065.9,2095.4,2050.7,2067.9,2065.9,22964,476.41,2864,13589.0,59.18
SUBAHOTELS, 18-Sep-2026,92.95,94.0,91.05,92.0,91.5,20400,18.85,16,16800.0,82.35
SUBEXLTD, 18-Sep-2026,20.09,20.68,19.68,20.11,19.9,8841874,1784.0,18218,2048055.0,23.16
SUBROS, 18-Sep-2026,685.1,739.0,685.1,720.3,689.6,73793,529.09,4803,31331.0,42.46
SUDARCOLOR, 18-Sep-2026,379.45,382.9,376.55,379.6,377.6,2802,10.62,114,1700.0,60.67
SUDARSCHEM, 18-Sep-2026,1203.8,1278.0,1199.4,1263.5,1205.4,318843,4018.06,19327,134587.0,42.21
SUDEEPPHRM, 18-Sep-2026,1107.2,1160.6,1107.2,1155.0,1105.4,217226,2491.14,15643,123403.0,56.81
SUKHJITS, 18-Sep-2026,161.8,162.98,160.36,161.95,160.71,16431,26.58,405,10570.0,64.33
SULA, 18-Sep-2026,135.9,136.99,134.1,134.49,135.9,213274,287.53,4223,109222.0,51.21
SUMAX, 18-Sep-2026,120.0,122.75,114.0,114.5,119.5,79200,92.04,65,56400.0,71.21
SUMEDHA, 18-Sep-2026,44.16,46.39,42.52,44.4,44.61,1646,0.73,20,1591.0,96.66
SUMEETINDS, 18-Sep-2026,9.35,9.66,9.3,9.56,9.35,1016943,96.39,1382,779312.0,76.63
SUMICHEM, 18-Sep-2026,456.55,469.0,455.75,460.85,455.45,605290,2800.28,42349,323632.0,53.47
SUMIT, 18-Sep-2026,50.0,50.0,47.03,49.43,48.66,5452,2.71,99,4723.0,86.63
SUMMITSEC, 18-Sep-2026,1392.0,1419.9,1389.0,1412.0,1384.8,1257,17.64,200,885.0,70.41
SUNCLAY, 18-Sep-2026,1270.9,1279.2,1251.0,1254.6,1252.8,2172,27.33,246,1553.0,71.5
SUNDARAM, 18-Sep-2026,1.18,1.21,1.16,1.16,1.18,522850,6.15,288,423366.0,80.97
SUNDARMFIN, 18-Sep-2026,4634.5,4790.0,4630.0,4730.6,4662.8,179114,8444.63,29074,123510.0,68.96
SUNDRMFAST, 18-Sep-2026,1229.0,1240.6,1221.5,1228.2,1226.7,237526,2918.11,16550,149700.0,63.02
SUNDROP, 18-Sep-2026,671.4,671.5,660.1,663.4,657.4,1428,9.49,255,866.0,60.64
SUNFLAG, 18-Sep-2026,346.8,354.0,343.0,345.1,343.7,219245,761.65,5714,107513.0,49.04
SUNLITE, 18-Sep-2026,645.0,665.0,642.05,644.9,629.65,12300,80.34,40,8100.0,65.85
SUNLOC, 18-Sep-2026,73.49,73.49,73.49,73.49,73.49,1,0.0,1,1.0,100.0
SUNPHARMA, 18-Sep-2026,1866.1,1877.2,1837.3,1837.3,1867.3,2896860,53588.56,99771,2093616.0,72.27
SUNRAKSHAK, 18-Sep-2026,369.65,369.95,363.5,368.5,362.1,3601,13.18,206,2525.0,70.12
SUNREST, 18-Sep-2026,37.75,37.75,37.15,37.35,37.75,6400,2.4,4,6400.0,100.0
SUNSHIEL, 18-Sep-2026,1242.0,1242.0,1218.8,1233.3,1215.7,2481,30.53,306,1505.0,60.66
SUNSHINE, 18-Sep-2026,399.0,413.5,390.65,398.3,394.0,1408607,5644.33,24977,408647.0,29.01
SUNTECH, 18-Sep-2026,35.2,36.8,35.2,36.8,36.8,8000,2.9,5,6400.0,80.0
SUNTECK, 18-Sep-2026,281.2,298.0,280.8,294.05,281.25,126393,366.76,3491,71699.0,56.73
SUNTV, 18-Sep-2026,469.8,470.4,449.05,451.7,468.4,943160,4287.56,32202,595398.0,63.13
SUPERHOUSE, 18-Sep-2026,171.95,171.95,160.1,165.1,167.58,7472,12.39,242,5817.0,77.85
SUPRAJIT, 18-Sep-2026,484.75,502.7,482.25,499.05,484.75,184177,914.82,8872,105288.0,57.17
SUPREME, 18-Sep-2026,32.22,33.3,31.68,32.0,32.21,10410,3.39,184,7358.0,70.68
SUPREMEIND, 18-Sep-2026,3347.4,3580.3,3347.4,3580.3,3344.4,469754,16305.94,32586,153015.0,32.57
SUPREMEINF, 18-Sep-2026,84.49,84.49,79.35,79.88,82.65,32459,26.01,285,27920.0,86.02
SUPREMEPWR, 18-Sep-2026,212.95,215.9,205.15,207.35,210.85,37500,79.3,59,26000.0,69.33
SUPRIYA, 18-Sep-2026,900.65,920.0,895.75,906.3,900.65,130367,1183.3,8911,55139.0,42.3
SURAJEST, 18-Sep-2026,178.25,195.62,176.7,192.25,177.39,641088,1219.01,10893,249726.0,38.95
SURAJLTD, 18-Sep-2026,201.89,201.89,197.03,200.79,201.9,436,0.87,17,408.0,93.58
SURAKSHA, 18-Sep-2026,328.95,338.0,327.55,335.1,328.95,117799,394.44,3463,75083.0,63.74
SURANASOL, 18-Sep-2026,24.9,25.95,24.86,25.5,25.03,59455,15.15,609,37246.0,62.65
SURANAT&P, 18-Sep-2026,15.75,17.2,15.75,16.39,15.85,133228,22.13,683,60525.0,45.43
SURYALA, 18-Sep-2026,405.0,405.0,395.0,395.0,400.25,39,0.15,4,39.0,100.0
SURYALAXMI, 18-Sep-2026,58.07,58.87,57.0,57.76,57.79,2230,1.29,25,2159.0,96.82
SURYAROSNI, 18-Sep-2026,210.95,212.84,209.05,210.62,209.97,604194,1272.89,8444,416499.0,68.93
SURYODAY, 18-Sep-2026,146.95,147.31,145.3,146.63,146.51,147616,216.1,2798,97932.0,66.34
SUVEN, 18-Sep-2026,353.8,353.8,338.0,341.55,349.85,261686,900.6,9848,106447.0,40.68
SUVIDHAA, 18-Sep-2026,2.2,2.3,2.2,2.22,2.2,49615,1.1,143,40493.0,81.61
SUYOG, 18-Sep-2026,671.5,671.5,645.2,649.4,664.25,25191,164.65,1758,15155.0,60.16
SUZLON, 18-Sep-2026,42.9,43.75,42.67,43.14,42.54,63471191,27490.0,68918,32916322.0,51.86
SVGLOBAL, 18-Sep-2026,127.5,153.91,126.4,147.92,128.26,6683,9.5,142,5800.0,86.79
SVLL, 18-Sep-2026,818.45,825.0,801.0,815.85,818.35,1039,8.44,47,877.0,84.41
SVPGLOB, 18-Sep-2026,3.47,3.51,3.27,3.49,3.35,18472,0.63,98,14832.0,80.29
SWANCORP, 18-Sep-2026,287.8,297.0,287.3,294.95,289.8,1412160,4131.42,17943,437876.0,31.01
SWARAJENG, 18-Sep-2026,3552.4,3635.0,3542.1,3625.1,3552.9,6970,249.96,1420,4284.0,61.46
SWARNSAR, 18-Sep-2026,38.72,38.98,37.66,38.96,38.72,862,0.33,14,853.0,98.96
SWASTIK, 18-Sep-2026,16.9,16.9,16.55,16.6,16.4,6000,1.0,5,6000.0,100.0
SWELECTES, 18-Sep-2026,560.0,560.0,550.0,556.8,552.75,8473,47.12,716,5038.0,59.46
SWIGGY, 18-Sep-2026,277.0,280.0,273.05,273.05,276.5,20140282,55547.9,54307,14789669.0,73.43
SWSOLAR, 18-Sep-2026,180.0,180.97,174.4,176.06,179.22,1209329,2146.99,11583,743716.0,61.5
SYMBIOTEC, 18-Sep-2026,1050.0,1106.9,1048.0,1095.1,1045.6,1099366,11877.3,59275,394025.0,35.84
SYMPHONY, 18-Sep-2026,581.8,604.8,580.1,598.65,584.9,71400,423.33,3258,36061.0,50.51
SYNCOMF, 18-Sep-2026,18.8,20.25,18.8,20.04,18.78,10260532,2036.45,18764,3264822.0,31.82
SYNGENE, 18-Sep-2026,379.1,384.0,366.65,369.05,380.2,2498133,9294.35,61803,1702612.0,68.16
SYNOPTICS, 18-Sep-2026,46.4,46.4,46.4,46.4,44.6,600,0.28,1,600.0,100.0
SYRMA, 18-Sep-2026,1614.1,1764.0,1612.0,1728.9,1617.7,10474149,180630.72,322333,1426445.0,13.62
SYSTANGO, 18-Sep-2026,221.0,222.65,216.2,222.65,220.0,12800,28.01,30,7600.0,59.38
TAALTECH, 18-Sep-2026,5359.9,5483.8,5250.1,5416.3,5349.2,11685,631.59,2775,4431.0,37.92
TAC, 18-Sep-2026,494.0,508.4,482.05,490.9,493.95,21600,105.38,85,20000.0,92.59
TAINWALCHM, 18-Sep-2026,208.0,215.0,208.0,213.11,210.04,2239,4.78,47,1737.0,77.58
TAJGVK, 18-Sep-2026,335.0,336.05,331.0,334.7,333.4,51856,172.98,2150,26074.0,50.28
TAKE, 18-Sep-2026,16.16,16.5,15.96,15.96,16.79,236867,38.0,563,137558.0,58.07
TALBROAUTO, 18-Sep-2026,442.0,480.8,437.5,476.7,435.2,1960823,9190.0,46426,485231.0,24.75
TANAA, 18-Sep-2026,266.05,274.0,263.25,266.35,266.05,9722,25.89,550,6632.0,68.22
TANKUP, 18-Sep-2026,1647.2,1647.2,1645.0,1645.95,1614.95,1250,20.58,5,1250.0,100.0
TANLA, 18-Sep-2026,498.5,499.05,486.8,489.25,495.15,400725,1968.33,11880,202976.0,50.65
TAPIFRUIT, 18-Sep-2026,44.25,44.25,44.25,44.25,46.55,750,0.33,1,750.0,100.0
TARACHAND, 18-Sep-2026,47.8,48.5,46.51,47.69,46.8,34465,16.28,330,24683.0,71.62
TARAPUR, 18-Sep-2026,12.46,12.87,12.1,12.55,12.46,25602,3.18,246,15957.0,62.33
TARC, 18-Sep-2026,131.18,134.99,129.01,133.09,130.69,537993,712.91,5215,306255.0,56.93
TARIL, 18-Sep-2026,278.1,285.25,278.1,279.85,276.0,1238672,3484.82,23363,530008.0,42.79
TARMAT, 18-Sep-2026,59.6,59.6,57.24,57.76,56.56,3487,2.02,129,2079.0,59.62
TARSONS, 18-Sep-2026,311.25,317.8,303.55,306.1,307.8,133321,415.11,4251,41182.0,30.89
TASTYBITE, 18-Sep-2026,10049.0,10095.0,9816.0,9901.0,9944.0,1518,151.04,601,765.0,50.4
TATACAP, 18-Sep-2026,345.0,355.0,344.3,351.35,343.65,2404143,8409.91,89652,1482206.0,61.65
TATACHEM, 18-Sep-2026,729.0,741.35,687.1,693.25,779.3,14086032,99988.47,241197,3546449.0,25.18
TATACOMM, 18-Sep-2026,1794.8,1805.0,1743.3,1780.1,1791.6,713124,12657.31,59784,439570.0,61.64
TATACONSUM, 18-Sep-2026,1016.2,1018.7,996.0,996.0,1013.7,2076522,20831.08,41806,1384317.0,66.67
TATAELXSI, 18-Sep-2026,3399.0,3399.0,3266.7,3266.7,3381.8,297430,9894.44,25429,156055.0,52.47
TATAGOLD, 18-Sep-2026,14.73,14.91,14.73,14.85,14.62,55967837,8295.58,59085,27426404.0,49.0
TATAINVEST, 18-Sep-2026,688.0,707.85,682.55,702.35,719.3,2361598,16447.83,72355,437943.0,18.54
TATAPOWER, 18-Sep-2026,364.8,374.8,360.9,374.8,369.0,5102671,18831.91,39748,3159710.0,61.92
TATASTEEL, 18-Sep-2026,186.4,187.96,185.54,185.54,187.29,29014128,54067.06,107372,17832092.0,61.46
TATATECH, 18-Sep-2026,761.4,761.4,716.1,722.45,758.75,2215517,16151.2,72102,947546.0,42.77
TATSILV, 18-Sep-2026,22.48,22.87,22.47,22.74,21.99,58813645,13324.47,46662,31406574.0,53.4
TATVA, 18-Sep-2026,1712.0,1787.8,1702.5,1770.2,1709.6,91966,1610.04,8619,39680.0,43.15
TAURIAN, 18-Sep-2026,508.0,517.25,503.0,517.25,492.65,28800,147.61,35,25600.0,88.89
TBI, 18-Sep-2026,78.0,83.2,78.0,82.45,77.15,28800,23.6,41,24600.0,85.42
TBOTEK, 18-Sep-2026,1650.0,1728.7,1643.7,1710.6,1647.7,212106,3623.47,23751,87906.0,41.44
TBZ, 18-Sep-2026,603.55,603.55,585.1,603.55,574.85,1436925,8641.7,7378,514997.0,35.84
TCC, 18-Sep-2026,51.36,51.86,49.3,49.85,51.25,705212,352.82,3718,205547.0,29.15
TCI, 18-Sep-2026,826.55,838.8,821.55,829.8,826.55,20300,168.18,4256,11048.0,54.42
TCIEXP, 18-Sep-2026,494.9,497.35,481.05,485.35,490.75,20352,99.4,1200,14203.0,69.79
TCIFINANCE, 18-Sep-2026,15.24,15.8,14.56,15.58,14.62,64732,9.81,276,45967.0,71.01
TCL, 18-Sep-2026,123.8,138.55,122.0,132.3,125.05,79200,105.97,89,56000.0,70.71
TCPLPACK, 18-Sep-2026,3860.6,3901.7,3826.0,3844.2,3863.4,1645,63.47,574,743.0,45.17
TCS, 18-Sep-2026,2177.2,2177.3,2101.2,2105.0,2190.0,6875428,145618.29,188367,3972356.0,57.78
TDPOWERSYS, 18-Sep-2026,726.0,770.0,725.15,763.75,722.1,3139171,23653.32,100287,1467492.0,46.75
TEAMGTY, 18-Sep-2026,235.0,242.9,235.0,238.5,235.0,2034,4.78,12,2012.0,98.92
TEAMLEASE, 18-Sep-2026,1226.7,1238.5,1200.6,1219.0,1226.7,21622,263.96,2460,13005.0,60.15
TEAMTECH, 18-Sep-2026,125.65,131.9,125.65,131.9,125.65,26000,33.99,13,26000.0,100.0
TECH, 18-Sep-2026,31.85,32.39,31.3,31.55,31.99,144353,45.46,678,109105.0,75.58
TECHD, 18-Sep-2026,580.0,590.05,564.5,582.85,580.65,13200,76.17,43,8400.0,63.64
TECHERA, 18-Sep-2026,160.5,160.5,155.35,159.1,160.5,33600,52.86,37,24000.0,71.43
TECHLABS, 18-Sep-2026,122.15,126.1,121.15,122.65,127.45,19375,23.94,104,12125.0,62.58
TECHM, 18-Sep-2026,1558.3,1561.2,1523.1,1537.1,1561.0,3113722,47841.98,53691,1889780.0,60.69
TECHNOCRAF, 18-Sep-2026,441.05,459.2,436.0,440.8,439.15,859607,3807.31,13289,379349.0,44.13
TECHNOE, 18-Sep-2026,990.3,1039.0,989.6,1030.45,984.7,286285,2910.71,20071,151935.0,53.07
TECHNVISN, 18-Sep-2026,3941.5,4351.0,3941.0,4349.0,4144.0,752,31.39,133,589.0,78.32
TECILCHEM, 18-Sep-2026,9.76,10.0,9.23,9.77,9.76,3009,0.29,45,2812.0,93.45
TEGA, 18-Sep-2026,1888.2,1970.0,1887.3,1943.0,1920.0,1144337,22243.67,60109,229605.0,20.06
TEJA, 18-Sep-2026,228.0,235.5,228.0,235.0,224.4,101400,237.29,60,89400.0,88.17
TEJASCARGO, 18-Sep-2026,406.0,406.0,406.0,406.0,420.0,400,1.62,1,400.0,100.0
TEJASNET, 18-Sep-2026,525.8,527.7,514.8,518.3,524.25,1522105,7909.21,32899,424227.0,27.87
TEMBO, 18-Sep-2026,57.0,57.0,55.9,56.19,56.57,302439,170.07,1830,170371.0,56.33
TEMPSENS, 18-Sep-2026,542.8,552.4,524.5,531.6,541.55,1265503,6789.02,30384,331794.0,26.22
TENNIND, 18-Sep-2026,515.5,524.9,511.95,517.9,514.05,1072952,5571.83,28501,717161.0,66.84
TERASOFT, 18-Sep-2026,231.95,243.35,226.05,236.6,225.45,26937,63.32,1829,11404.0,42.34
TEXINFRA, 18-Sep-2026,114.88,115.89,112.67,113.54,115.13,245506,278.45,1625,159193.0,64.84
TEXMOPIPES, 18-Sep-2026,62.7,64.4,60.82,61.49,62.24,315163,198.23,2623,169318.0,53.72
TEXRAIL, 18-Sep-2026,112.0,116.0,111.76,114.66,111.69,2196519,2512.08,14672,840662.0,38.27
TFCILTD, 18-Sep-2026,139.7,141.02,139.0,139.62,139.06,12165117,16972.55,22033,4542751.0,37.34
TFL, 18-Sep-2026,11.83,12.09,11.83,11.99,11.81,56,0.01,6,53.0,94.64
TGBHOTELS, 18-Sep-2026,9.37,9.89,9.37,9.41,9.37,5102,0.48,67,3826.0,74.99
TGL, 18-Sep-2026,15.25,15.25,15.25,15.25,15.55,8200,1.25,21,8200.0,100.0
TGVSL, 18-Sep-2026,103.0,103.5,102.1,102.59,102.58,44012,45.23,547,25975.0,59.02
THACKER, 18-Sep-2026,1030.0,1030.0,1000.0,1030.0,949.0,21,0.21,7,21.0,100.0
THAKDEV, 18-Sep-2026,127.51,127.51,127.51,127.51,128.15,6,0.01,1,6.0,100.0
THANGAMAYL, 18-Sep-2026,4844.0,5051.5,4794.5,5044.5,4811.0,386791,19457.66,19522,252288.0,65.23
THEINVEST, 18-Sep-2026,95.99,96.0,91.85,94.27,95.52,2967,2.78,93,1955.0,65.89
THEJO, 18-Sep-2026,2183.4,2223.6,2157.1,2199.7,2183.4,6505,143.22,863,4031.0,61.97
THELEELA, 18-Sep-2026,530.0,549.7,527.05,540.55,530.0,124085,669.35,9408,68720.0,55.38
THEMISMED, 18-Sep-2026,118.82,126.58,118.82,123.97,119.85,78797,96.47,2183,27719.0,35.18
THERMAX, 18-Sep-2026,3569.5,3599.0,3522.4,3551.9,3569.5,238396,8471.68,41974,139990.0,58.72
THOMASCOOK, 18-Sep-2026,103.42,107.38,103.2,106.04,103.42,997099,1051.53,5706,569013.0,57.07
THOMASCOTT, 18-Sep-2026,239.0,239.0,230.0,236.55,234.9,23906,55.81,929,15621.0,65.34
THYROCARE, 18-Sep-2026,561.0,568.0,553.85,555.8,559.25,244576,1369.66,14018,155343.0,63.52
TI, 18-Sep-2026,551.0,575.6,550.55,568.7,543.85,1687493,9563.56,58572,668655.0,39.62
TIGERLOGS, 18-Sep-2026,27.19,27.4,25.95,26.13,26.66,77418,20.48,992,57462.0,74.22
TIIL, 18-Sep-2026,3059.9,3118.0,3025.5,3054.1,3049.7,34329,1051.92,7180,17127.0,49.89
TIINDIA, 18-Sep-2026,2598.9,2637.8,2571.5,2600.0,2598.8,293372,7622.89,27173,188357.0,64.2
TIMESCAN, 18-Sep-2026,39.45,39.45,39.45,39.45,37.6,2000,0.79,1,2000.0,100.0
TIMETECHNO, 18-Sep-2026,176.25,180.67,176.05,179.24,174.54,3604165,6430.09,33662,874840.0,24.27
TIMEX, 18-Sep-2026,613.05,729.0,613.05,714.2,611.1,6651306,46394.59,169625,908794.0,13.66
TIMKEN, 18-Sep-2026,3172.6,3269.0,3091.0,3124.2,3185.1,132715,4169.74,25475,77249.0,58.21
TINNARUBR, 18-Sep-2026,1000.0,1030.0,1000.0,1018.75,1000.75,22220,226.18,2580,9046.0,40.71
TIPSFILMS, 18-Sep-2026,333.95,334.0,318.1,320.35,318.5,1585,5.09,133,827.0,52.18
TIPSMUSIC, 18-Sep-2026,656.5,667.0,644.15,657.7,656.6,502106,3302.52,21538,302800.0,60.31
TIRUMALCHM, 18-Sep-2026,155.56,163.49,155.51,158.54,155.56,657447,1051.52,7745,333380.0,50.71
TITAGARH, 18-Sep-2026,827.15,849.9,827.15,837.65,827.15,475698,3991.25,21220,147375.0,30.98
TITAN, 18-Sep-2026,4851.0,4864.5,4772.0,4798.5,4841.0,1066023,51260.09,53201,755286.0,70.85
TMB, 18-Sep-2026,894.5,905.45,889.05,895.75,891.45,242023,2171.41,15832,148416.0,61.32
TMCV, 18-Sep-2026,436.0,445.0,430.2,442.9,436.1,13129939,57641.26,116435,7908093.0,60.23
TMPV, 18-Sep-2026,309.6,310.0,301.5,303.8,314.5,18037112,54952.02,104010,10065798.0,55.81
TNIDETF, 18-Sep-2026,88.38,89.33,87.48,88.34,88.37,57856,50.96,450,35050.0,60.58
TNPETRO, 18-Sep-2026,128.85,129.96,122.84,125.73,127.34,848214,1061.22,12015,308648.0,36.39
TNPL, 18-Sep-2026,144.64,149.45,144.1,148.34,144.64,256191,377.47,5079,128844.0,50.29
TNTELE, 18-Sep-2026,8.72,9.1,8.71,8.86,8.84,7387,0.65,67,4917.0,66.56
TOKYOPLAST, 18-Sep-2026,77.79,77.79,74.11,75.67,75.6,400,0.3,18,263.0,65.75
TOLINS, 18-Sep-2026,88.5,88.75,87.52,88.02,88.22,21237,18.7,905,14546.0,68.49
TOP100CASE, 18-Sep-2026,10.05,10.47,10.05,10.3,10.26,253788,26.11,856,162509.0,64.03
TOP10ADD, 18-Sep-2026,84.9,85.12,84.6,84.8,85.42,953150,809.29,846,904022.0,94.85
TOP15IETF, 18-Sep-2026,9.53,9.6,9.46,9.49,9.56,237198,22.47,391,166864.0,70.35
TOP20, 18-Sep-2026,8.64,8.65,8.6,8.62,8.64,220953,19.05,163,216327.0,97.91
TORNTPHARM, 18-Sep-2026,4874.5,4928.0,4827.0,4840.0,4875.0,486733,23637.39,32946,335298.0,68.89
TORNTPOWER, 18-Sep-2026,1277.0,1285.7,1232.0,1258.8,1276.4,462594,5838.33,27556,274285.0,59.29
TOUCHWOOD, 18-Sep-2026,62.44,63.78,59.6,60.93,61.52,403,0.25,44,357.0,88.59
TOYAMSL, 18-Sep-2026,0.77,0.77,0.77,0.77,0.74,458115,3.53,128,385973.0,84.25
TPLPLASTEH, 18-Sep-2026,65.09,65.9,64.14,65.34,64.49,111552,72.54,953,37529.0,33.64
TRACXN, 18-Sep-2026,30.65,31.49,30.51,31.0,30.84,73768,22.77,714,47720.0,64.69
TRANSCOR, 18-Sep-2026,25.04,25.49,23.0,23.79,25.04,3513,0.84,63,3207.0,91.29
TRANSRAILL, 18-Sep-2026,411.9,413.5,407.45,408.75,410.2,228722,937.4,8358,118225.0,51.69
TRANSTEEL, 18-Sep-2026,84.0,85.0,79.95,80.2,85.0,72000,58.9,56,45000.0,62.5
TRAVELFOOD, 18-Sep-2026,1232.0,1276.8,1217.4,1256.1,1232.0,42342,526.16,4972,19549.0,46.17
TREEHOUSE, 18-Sep-2026,5.99,6.17,5.87,5.87,5.87,37165,2.2,107,26487.0,71.27
TREJHARA, 18-Sep-2026,136.9,136.9,131.0,132.37,135.75,19780,26.51,434,17924.0,90.62
TREL, 18-Sep-2026,30.06,31.51,29.01,29.66,29.77,611021,185.8,6840,351041.0,57.45
TRENT, 18-Sep-2026,2789.3,2824.0,2776.1,2824.0,2789.0,925467,25951.73,34022,683320.0,73.84
TRF, 18-Sep-2026,221.7,223.7,214.0,215.25,219.49,8388,18.16,403,6031.0,71.9
TRIDENT, 18-Sep-2026,23.08,24.01,23.03,23.22,23.08,5955453,1390.01,15401,2794925.0,46.93
TRIDHYA, 18-Sep-2026,7.0,7.0,7.0,7.0,7.15,6000,0.42,2,6000.0,100.0
TRIGYN, 18-Sep-2026,54.6,55.78,52.94,53.56,55.18,19459,10.5,510,12050.0,61.93
TRITONV, 18-Sep-2026,1076.0,1114.9,1070.0,1084.3,1076.0,1647,17.98,278,1081.0,65.63
TRITURBINE, 18-Sep-2026,554.4,572.0,550.35,567.8,556.8,501922,2828.04,51193,240256.0,47.87
TRIVENI, 18-Sep-2026,234.9,241.0,234.9,238.8,232.45,661400,1572.49,12567,332892.0,50.33
TROM, 18-Sep-2026,54.1,54.1,53.5,53.5,53.5,1800,0.97,3,1800.0,100.0
TRU, 18-Sep-2026,4.0,4.3,4.0,4.21,4.09,85524,3.58,157,67023.0,78.37
TRUALT, 18-Sep-2026,425.0,437.65,420.5,421.7,423.95,220451,945.11,5360,125034.0,56.72
TRUST, 18-Sep-2026,27.5,27.5,25.7,26.05,26.7,58800,15.68,40,53400.0,90.82
TSC, 18-Sep-2026,48.05,49.0,48.0,49.0,50.5,12000,5.82,5,12000.0,100.0
TSFINV, 18-Sep-2026,446.8,459.9,445.5,455.65,445.95,153537,697.93,5990,83744.0,54.54
TTKHLTCARE, 18-Sep-2026,1053.0,1089.8,1041.6,1050.0,1049.0,41244,435.12,7876,23682.0,57.42
TTKPRESTIG, 18-Sep-2026,545.0,546.5,525.0,530.85,543.6,114198,607.72,7901,54311.0,47.56
TTL, 18-Sep-2026,7.25,7.5,7.1,7.24,7.07,235464,17.37,500,179435.0,76.2
TTML, 18-Sep-2026,36.2,36.33,35.56,35.73,36.64,1516686,544.22,7338,629592.0,41.51
TUNWAL, 18-Sep-2026,25.3,25.65,25.3,25.65,25.45,18000,4.58,9,16000.0,88.89
TURTLEMINT, 18-Sep-2026,133.65,137.0,131.15,134.12,131.67,832911,1115.78,14184,306499.0,36.8
TUTIALKA, 18-Sep-2026,55.68,57.0,55.67,56.56,56.57,3984,2.26,56,3733.0,93.7
TVSELECT, 18-Sep-2026,403.75,408.9,398.5,403.15,403.75,26441,106.43,1149,12206.0,46.16
TVSHLTD, 18-Sep-2026,12911.0,13079.0,12540.0,12812.0,12884.0,45028,5759.65,11299,32844.0,72.94
TVSMOTOR, 18-Sep-2026,4125.0,4195.0,4122.1,4171.3,4101.7,1304681,54452.99,56060,954162.0,73.13
TVSSCS, 18-Sep-2026,130.1,138.15,130.1,133.85,130.09,2452803,3312.09,27410,1189012.0,48.48
TVSSRICHAK, 18-Sep-2026,4867.0,4959.5,4796.0,4844.5,4886.0,4438,216.16,1323,2135.0,48.11
TVTODAY, 18-Sep-2026,107.5,110.0,106.68,109.29,107.72,47797,51.66,890,31438.0,65.77
TWCGOLDETF, 18-Sep-2026,151.45,152.93,151.32,152.54,149.93,2610,3.98,301,2209.0,84.64
UBL, 18-Sep-2026,1219.9,1258.0,1219.9,1251.5,1216.8,276273,3433.39,28351,174681.0,63.23
UCOBANK, 18-Sep-2026,23.59,23.94,23.53,23.75,23.59,3517779,831.89,15953,1597047.0,45.4
UDAYJEW, 18-Sep-2026,158.7,161.95,151.99,152.2,158.62,58089,89.53,714,36359.0,62.59
UDS, 18-Sep-2026,191.0,191.57,187.02,189.82,188.25,72939,137.7,2083,37639.0,51.6
UEL, 18-Sep-2026,199.98,205.0,190.27,203.73,196.19,52048,104.58,1531,16138.0,31.01
UFLEX, 18-Sep-2026,652.95,669.9,652.0,659.45,652.95,69585,457.87,2228,39303.0,56.48
UFO, 18-Sep-2026,62.0,62.0,60.3,60.95,61.29,14004,8.56,286,10329.0,73.76
UGARSUGAR, 18-Sep-2026,53.72,58.39,52.85,56.79,53.41,1345153,749.83,9171,400944.0,29.81
UGROCAP, 18-Sep-2026,83.74,84.47,82.96,83.74,83.49,98903,82.58,1086,49506.0,50.06
UHTL, 18-Sep-2026,188.25,188.25,188.25,188.25,184.6,6000,11.3,3,6000.0,100.0
UJJIVANSFB, 18-Sep-2026,64.05,65.3,63.88,65.02,63.97,4749884,3077.58,23120,2537117.0,53.41
ULTRACEMCO, 18-Sep-2026,10890.0,11060.0,10819.0,11014.0,10764.0,458848,50438.0,47737,320335.0,69.81
ULTRAMAR, 18-Sep-2026,412.1,430.0,412.1,424.4,412.5,78947,332.4,2506,56205.0,71.19
UMESLTD, 18-Sep-2026,4.1,4.44,3.76,4.39,4.08,63578,2.65,262,49494.0,77.85
UMIYA-MRO, 18-Sep-2026,99.0,99.0,96.15,98.01,97.95,4684,4.57,154,2570.0,54.87
UNICHEMLAB, 18-Sep-2026,536.85,547.0,536.85,545.7,538.45,26772,145.64,2010,12138.0,45.34
UNIDT, 18-Sep-2026,232.0,232.0,222.98,224.01,228.07,13543,30.73,405,9274.0,68.48
UNIECOM, 18-Sep-2026,85.0,85.0,82.5,83.21,84.45,166409,139.12,2694,65689.0,39.47
UNIENTER, 18-Sep-2026,91.9,92.48,89.9,90.71,91.9,4951,4.5,78,4075.0,82.31
UNIHEALTH, 18-Sep-2026,675.2,695.0,675.2,680.0,667.55,10500,71.78,19,8500.0,80.95
UNIINFO, 18-Sep-2026,11.52,11.52,10.83,11.23,11.38,2207,0.24,24,1062.0,48.12
UNILEX, 18-Sep-2026,27.0,27.0,26.5,27.0,27.0,4800,1.29,3,3200.0,66.67
UNIMECH, 18-Sep-2026,1578.5,1612.0,1568.4,1591.3,1570.6,189186,3020.58,15880,88569.0,46.82
UNIONBANK, 18-Sep-2026,178.5,178.92,176.56,176.56,178.09,6401370,11378.67,37548,4130552.0,64.53
UNIONGOLD, 18-Sep-2026,147.0,150.4,146.95,149.65,146.95,5577,8.32,297,2874.0,51.53
UNIPARTS, 18-Sep-2026,878.0,885.4,824.95,831.5,878.05,220753,1876.75,18351,96338.0,43.64
UNITDSPR, 18-Sep-2026,1382.0,1405.0,1371.0,1371.0,1390.0,842151,11629.25,15153,706325.0,83.87
UNITECH, 18-Sep-2026,4.27,4.36,4.19,4.31,4.27,4618701,197.36,2858,2762250.0,59.81
UNITEDPOLY, 18-Sep-2026,45.0,46.05,43.2,45.85,44.36,640093,290.61,1484,314705.0,49.17
UNITEDTEA, 18-Sep-2026,437.5,439.3,430.0,431.65,429.05,1441,6.23,75,1372.0,95.21
UNIVCABLES, 18-Sep-2026,1450.9,1494.9,1437.4,1477.0,1438.8,96755,1418.4,9185,39339.0,40.66
UNOMINDA, 18-Sep-2026,1213.2,1284.0,1206.8,1284.0,1205.0,1277954,15899.68,26289,845674.0,66.17
UPHOT, 18-Sep-2026,1478.5,1500.0,1478.5,1500.0,1480.0,121,1.79,13,121.0,100.0
UPL, 18-Sep-2026,554.0,580.0,553.4,580.0,554.75,3779171,21494.29,32505,3050593.0,80.72
URBAN, 18-Sep-2026,120.75,121.3,120.6,120.95,120.5,9600,11.61,12,7200.0,75.0
URBANCO, 18-Sep-2026,163.89,172.42,162.55,169.11,162.81,11152442,18874.1,80044,3746775.0,33.6
URJA, 18-Sep-2026,9.4,9.4,9.02,9.15,9.1,538147,49.31,1749,305962.0,56.85
USASEEDS, 18-Sep-2026,90.0,90.0,90.0,90.0,91.0,428,0.39,1,428.0,100.0
USHAFIN, 18-Sep-2026,50.0,51.5,49.2,51.0,48.2,24000,12.03,13,22400.0,93.33
USHAMART, 18-Sep-2026,496.0,511.0,494.0,507.2,495.65,1588391,8030.36,28255,888985.0,55.97
USK, 18-Sep-2026,19.81,20.87,19.81,20.07,20.32,20541,4.13,178,16140.0,78.57
UTIAMC, 18-Sep-2026,908.0,908.0,889.65,895.0,898.25,109250,977.99,7638,78708.0,72.04
UTKAL, 18-Sep-2026,46.5,48.4,46.5,48.1,46.1,54000,25.93,18,50000.0,92.59
UTKARSHBNK, 18-Sep-2026,14.11,14.38,13.96,14.17,14.05,5303916,747.17,4749,2585080.0,48.74
UTLSOLAR, 18-Sep-2026,413.0,422.0,412.6,418.65,408.95,120238,500.37,6289,61149.0,50.86
UTSSAV, 18-Sep-2026,640.05,661.0,621.9,653.25,649.3,31200,202.09,47,17400.0,55.77
UTTAMSUGAR, 18-Sep-2026,254.95,261.7,249.7,260.25,252.4,127683,325.91,3119,52387.0,41.03
V2RETAIL, 18-Sep-2026,210.01,215.81,210.0,214.03,210.4,643385,1376.13,16359,384507.0,59.76
VADILALIND, 18-Sep-2026,7065.0,7389.0,7040.0,7362.0,7101.0,19386,1407.99,5348,9760.0,50.35
VADILENT, 18-Sep-2026,10400.0,10575.0,10400.0,10540.0,10575.0,10,1.05,8,7.0,70.0
VAIBHAVGBL, 18-Sep-2026,212.35,213.0,206.92,209.9,211.35,254747,533.37,5944,133043.0,52.23
VAISHALI, 18-Sep-2026,9.0,9.14,8.73,8.79,8.78,189226,16.92,386,122385.0,64.68
VAKRANGEE, 18-Sep-2026,5.25,5.34,5.25,5.3,5.25,1102478,58.41,1371,747904.0,67.84
VAL30IETF, 18-Sep-2026,14.81,14.92,14.77,14.88,14.88,91576,13.61,365,51844.0,56.61
VALUE, 18-Sep-2026,15.84,15.85,15.75,15.8,15.76,8366,1.32,56,5974.0,71.41
VALUE360, 18-Sep-2026,68.5,68.5,65.3,65.55,69.1,6000,3.97,5,6000.0,100.0
VALUEAXIS, 18-Sep-2026,32.1,32.25,32.0,32.13,32.03,39037,12.54,214,21665.0,55.5
VAML, 18-Sep-2026,407.4,419.0,407.35,416.5,404.3,9307238,38536.37,102337,6052939.0,65.03
VARDMNPOLY, 18-Sep-2026,5.99,5.99,5.62,5.69,5.83,430537,24.71,707,393407.0,91.38
VARROC, 18-Sep-2026,852.25,877.05,840.55,861.55,846.15,223364,1935.3,14409,90139.0,40.36
VASCONEQ, 18-Sep-2026,30.4,30.94,29.5,30.35,30.51,305184,92.71,1694,206575.0,67.69
VASWANI, 18-Sep-2026,44.7,48.47,44.4,46.47,44.61,52340,23.71,455,37191.0,71.06
VBL, 18-Sep-2026,416.9,425.4,416.25,421.95,415.45,7581873,31964.1,48874,5231406.0,69.0
VDEAL, 18-Sep-2026,115.0,115.0,114.0,115.0,113.0,15000,17.24,19,14400.0,96.0
VEDAVAAG, 18-Sep-2026,22.0,23.25,20.35,22.21,21.0,105589,23.61,559,56574.0,53.58
VEDL, 18-Sep-2026,258.0,267.6,258.0,267.6,257.45,8484152,22339.41,55843,5668526.0,66.81
VEDPOWER, 18-Sep-2026,31.19,31.6,30.44,31.17,31.01,12482165,3855.6,46311,6404529.0,51.31
VEEDOL, 18-Sep-2026,1381.6,1397.0,1371.0,1377.7,1385.3,9305,128.49,835,6652.0,71.49
VEEKAYEM, 18-Sep-2026,99.3,102.4,99.1,102.2,104.3,9000,9.12,9,6000.0,66.67
VENKEYS, 18-Sep-2026,1675.0,1675.0,1616.4,1646.8,1655.6,50193,824.43,4622,27906.0,55.6
VENTIVE, 18-Sep-2026,564.55,564.9,555.0,557.35,561.75,25567,142.71,1363,21172.0,82.81
VENUSPIPES, 18-Sep-2026,2123.1,2309.1,2120.0,2282.9,2131.7,1274312,28423.39,107748,340352.0,26.71
VERANDA, 18-Sep-2026,216.98,225.0,212.8,221.76,214.57,279852,612.22,3107,168648.0,60.26
VERTIS, 18-Sep-2026,113.5,114.5,113.5,114.5,115.0,50000,57.0,2,50000.0,100.0
VERTOZ, 18-Sep-2026,36.72,37.95,36.2,37.04,37.12,17377,6.44,370,10633.0,61.19
VESUVIUS, 18-Sep-2026,402.0,414.3,400.9,405.95,400.0,129439,524.6,5850,58728.0,45.37
VGCL, 18-Sep-2026,48.01,50.39,48.0,48.42,48.01,2553,1.24,68,2511.0,98.35
VGINFOTECH, 18-Sep-2026,136.5,140.8,136.5,140.1,137.3,11000,15.28,11,8000.0,72.73
VGL, 18-Sep-2026,66.35,68.01,66.0,66.27,65.85,45684,30.38,277,24987.0,54.7
VGUARD, 18-Sep-2026,330.0,337.65,323.4,325.4,330.15,650488,2135.55,16953,405369.0,62.32
VHL, 18-Sep-2026,3400.0,3426.7,3362.0,3377.1,3403.5,287,9.7,94,230.0,80.14
VICTORYEV, 18-Sep-2026,14.9,14.9,14.9,14.9,14.6,3000,0.45,1,3000.0,100.0
VIDHIING, 18-Sep-2026,346.0,350.5,340.0,344.55,348.3,23643,81.99,988,15590.0,65.94
VIDYAWIRES, 18-Sep-2026,85.34,87.39,85.11,86.87,85.34,527832,455.18,4902,268942.0,50.95
VIESL, 18-Sep-2026,395.0,395.0,388.0,393.0,401.0,3200,12.51,4,2400.0,75.0
VIGOR, 18-Sep-2026,99.05,99.05,99.05,99.05,99.0,1600,1.58,1,1600.0,100.0
VIJAYA, 18-Sep-2026,1510.0,1569.0,1491.0,1558.9,1506.1,278137,4302.16,29691,107263.0,38.56
VIJAYPD, 18-Sep-2026,64.0,64.0,63.0,63.0,63.0,4000,2.54,2,2000.0,50.0
VIJSOLX, 18-Sep-2026,638.0,647.95,627.05,631.5,637.85,282,1.78,27,249.0,88.3
VIKASECO, 18-Sep-2026,1.05,1.05,1.04,1.04,1.04,1026403,10.73,757,677800.0,66.04
VIKASLIFE, 18-Sep-2026,1.22,1.24,1.21,1.21,1.22,1457205,17.77,7590,788568.0,54.12
VIKRAMSOLR, 18-Sep-2026,164.24,165.91,163.05,165.42,163.37,864171,1420.8,9253,390138.0,45.15
VIKRAN, 18-Sep-2026,56.25,56.68,55.79,56.31,56.0,526119,295.6,2952,230229.0,43.76
VILAS, 18-Sep-2026,341.0,376.75,341.0,372.4,331.6,124750,450.14,427,95250.0,76.35
VILINBIO, 18-Sep-2026,59.0,59.0,58.0,58.0,60.0,8000,4.68,2,8000.0,100.0
VIMTALABS, 18-Sep-2026,604.0,610.0,599.05,603.1,599.6,91341,551.66,5653,40902.0,44.78
VINATIORGA, 18-Sep-2026,1254.0,1255.4,1228.3,1234.9,1249.7,178913,2215.66,8456,145455.0,81.3
VINCOFE, 18-Sep-2026,173.25,177.73,172.7,174.19,175.96,1635637,2847.55,15587,557920.0,34.11
VINDHYATEL, 18-Sep-2026,2640.0,2687.9,2601.0,2660.0,2632.5,35119,932.75,5271,9753.0,27.77
VINEETLAB, 18-Sep-2026,36.9,37.37,35.41,36.78,35.97,115604,41.93,718,85223.0,73.72
VINNY, 18-Sep-2026,0.99,0.99,0.95,0.96,0.97,264396,2.55,198,191475.0,72.42
VINOD, 18-Sep-2026,84.85,84.85,84.85,84.85,89.3,1200,1.02,1,1200.0,100.0
VINSYS, 18-Sep-2026,581.0,590.0,577.0,580.0,582.0,11250,66.1,14,9000.0,80.0
VINYAS, 18-Sep-2026,1452.5,1471.85,1425.0,1432.35,1451.3,3900,56.23,38,2700.0,69.23
VINYLINDIA, 18-Sep-2026,218.7,226.0,214.1,222.68,214.17,6877,15.27,321,4793.0,69.7
VIPCLOTHNG, 18-Sep-2026,20.73,21.35,20.6,20.8,20.6,75380,15.71,702,65279.0,86.6
VIPIND, 18-Sep-2026,305.0,310.85,292.35,299.1,304.25,1206004,3597.17,20889,535514.0,44.4
VIRAT, 18-Sep-2026,394.9,404.8,375.35,390.85,382.25,11453,44.65,773,4163.0,36.35
VIRINCHI, 18-Sep-2026,13.61,14.5,13.61,14.17,13.92,62548,8.72,305,45512.0,72.76
VISACHROME, 18-Sep-2026,29.11,31.78,28.8,30.09,30.27,54826,16.4,411,41110.0,74.98
VISAKAIND, 18-Sep-2026,91.0,97.95,91.0,97.36,90.81,612789,585.91,6462,306324.0,49.99
VISAMAN, 18-Sep-2026,41.65,41.65,38.85,38.85,40.85,2000,0.81,2,2000.0,100.0
VISDEM, 18-Sep-2026,86.0,94.95,83.0,85.45,87.6,24000,20.67,20,16800.0,70.0
VISHAL, 18-Sep-2026,18.12,18.49,18.05,18.22,18.12,14567,2.67,186,11986.0,82.28
VISHNU, 18-Sep-2026,715.5,728.0,709.2,722.15,709.1,81466,588.0,4719,38216.0,46.91
VISHNUINFR, 18-Sep-2026,150.0,158.0,149.9,150.55,156.85,12000,18.38,14,10500.0,87.5
VISHWARAJ, 18-Sep-2026,5.25,5.35,5.25,5.31,5.25,173856,9.21,393,119058.0,68.48
VISHWAS, 18-Sep-2026,40.0,40.0,39.8,39.8,41.85,8000,3.19,5,8000.0,100.0
VISL, 18-Sep-2026,32.37,32.37,30.37,30.91,31.82,23212486,7253.69,62848,13726881.0,59.14
VITAL, 18-Sep-2026,57.25,57.25,55.4,55.4,55.19,4769,2.66,19,4670.0,97.92
VIVIANA, 18-Sep-2026,732.15,743.75,711.45,718.8,724.7,13641,98.51,775,8356.0,61.26
VIVIDEL, 18-Sep-2026,1894.0,1915.0,1861.0,1869.3,1892.8,12720,241.93,52,8400.0,66.04
VIVIDHA, 18-Sep-2026,0.52,0.53,0.51,0.51,0.51,328242,1.71,145,271772.0,82.8
VIVOBIOT, 18-Sep-2026,17.19,17.19,16.11,16.77,16.85,7955,1.32,65,6779.0,85.22
VIYASH, 18-Sep-2026,245.9,251.15,245.65,249.65,244.5,1418518,3526.14,18125,806483.0,56.85
VLEGOV, 18-Sep-2026,10.25,10.47,10.07,10.19,10.45,22497,2.3,319,15732.0,69.93
VLINFRA, 18-Sep-2026,25.95,25.95,25.9,25.9,26.2,7500,1.95,4,7500.0,100.0
VLSFINANCE, 18-Sep-2026,238.0,241.98,237.56,238.2,239.67,5611,13.41,231,5089.0,90.7
VMARCIND, 18-Sep-2026,342.4,349.9,342.4,346.75,342.35,124500,431.48,82,93000.0,74.7
VMART, 18-Sep-2026,789.75,828.0,781.2,808.15,790.05,87125,698.54,8571,34516.0,39.62
VMM, 18-Sep-2026,101.24,102.65,100.23,102.65,101.24,10785733,10939.11,46067,7139718.0,66.2
VMOBILE, 18-Sep-2026,60.15,60.2,57.25,60.2,59.55,6400,3.79,7,4800.0,75.0
VMSTMT, 18-Sep-2026,50.5,50.9,47.51,49.64,50.3,133668,66.37,802,64837.0,48.51
VOEPL, 18-Sep-2026,499.0,510.15,491.55,506.75,491.95,30038,151.64,1504,17626.0,58.68
VOGL, 18-Sep-2026,35.08,35.16,34.01,34.26,34.83,21433547,7366.86,67275,11392697.0,53.15
VOITHPAPR, 18-Sep-2026,1461.2,1475.8,1451.0,1457.5,1468.5,161,2.36,16,109.0,67.7
VOLERCAR, 18-Sep-2026,233.0,233.0,233.0,233.0,225.0,800,1.86,1,800.0,100.0
VOLTAMP, 18-Sep-2026,10798.0,10964.0,10784.0,10879.0,10735.0,19415,2112.11,6740,9156.0,47.16
VOLTAS, 18-Sep-2026,1136.0,1145.3,1110.9,1110.9,1135.0,597381,6717.02,21120,426218.0,71.35
VPRPL, 18-Sep-2026,33.78,36.0,32.9,34.72,33.35,1120320,387.38,3603,258848.0,23.1
VRAJ, 18-Sep-2026,124.0,128.1,123.87,127.74,123.99,20078,25.37,466,14467.0,72.05
VRLLOG, 18-Sep-2026,286.15,295.0,286.15,293.6,287.9,140025,407.16,4861,86273.0,61.61
VSSL, 18-Sep-2026,406.95,411.0,397.95,404.7,406.05,154256,622.96,7788,87423.0,56.67
VSTIND, 18-Sep-2026,206.0,214.7,202.5,208.92,204.11,257715,534.81,5877,101009.0,39.19
VSTL, 18-Sep-2026,114.82,114.82,112.1,113.54,114.82,5909,6.68,186,4714.0,79.78
VSTTILLERS, 18-Sep-2026,4248.2,4322.6,4086.8,4240.0,4201.1,17107,716.74,4255,6724.0,39.31
VTL, 18-Sep-2026,558.5,580.5,558.2,578.05,561.3,361599,2055.37,17709,170541.0,47.16
VTMLTD, 18-Sep-2026,48.44,48.44,46.12,47.5,48.34,35040,16.77,376,25827.0,73.71
WAAREEENER, 18-Sep-2026,2490.1,2560.7,2486.1,2560.7,2473.0,1224265,30997.87,47013,717931.0,58.64
WAAREEINDO, 18-Sep-2026,260.1,271.7,253.3,267.95,258.8,293556,788.41,3946,112599.0,38.36
WAAREERTL, 18-Sep-2026,811.65,825.95,811.65,819.65,811.05,93649,766.7,7794,45321.0,48.39
WABAG, 18-Sep-2026,2085.0,2148.8,2065.4,2132.6,2074.8,535595,11328.81,28904,221076.0,41.28
WAKEFIT, 18-Sep-2026,146.11,148.9,144.6,146.85,145.59,179739,262.01,2879,83333.0,46.36
WALCHANNAG, 18-Sep-2026,200.0,203.75,198.02,202.71,199.84,396972,799.93,7005,213818.0,53.86
WALPAR, 18-Sep-2026,22.15,22.15,21.3,22.0,22.4,22000,4.76,10,20000.0,90.91
WANBURY, 18-Sep-2026,226.1,228.0,221.25,222.75,223.65,113160,253.85,2855,44601.0,39.41
WARDINMOBI, 18-Sep-2026,5.77,5.79,5.6,5.72,5.68,205536,11.74,634,143955.0,70.04
WATERBASE, 18-Sep-2026,45.67,46.9,45.51,45.96,45.39,12534,5.76,246,11682.0,93.2
WCIL, 18-Sep-2026,95.8,99.99,93.95,96.86,95.21,535857,523.76,5019,254984.0,47.58
WEALTH, 18-Sep-2026,842.1,857.7,830.0,841.55,842.1,2275,19.2,198,1828.0,80.35
WEBELSOLAR, 18-Sep-2026,72.99,74.49,71.65,72.94,71.74,1657255,1208.57,8870,845240.0,51.0
WEIZMANIND, 18-Sep-2026,71.27,71.5,71.27,71.48,71.24,282,0.2,5,281.0,99.65
WEL, 18-Sep-2026,70.4,72.94,68.01,72.94,69.47,546636,391.29,2567,352116.0,64.42
WELCORP, 18-Sep-2026,2472.6,2678.7,2472.6,2660.1,2460.3,4629365,120929.47,195502,2257421.0,48.76
WELENT, 18-Sep-2026,783.8,837.75,774.65,823.35,778.7,1675361,13313.58,18732,1111544.0,66.35
WELSPLSOL, 18-Sep-2026,53.88,56.23,52.99,55.65,53.93,558795,307.05,5225,258660.0,46.29
WELSPUNLIV, 18-Sep-2026,212.25,216.0,211.46,214.66,212.25,3513969,7525.88,34964,1616620.0,46.01
WENDT, 18-Sep-2026,8799.0,8945.0,8622.5,8767.5,8765.0,16282,1427.13,4027,6576.0,40.39
WESTLIFE, 18-Sep-2026,544.2,566.0,544.2,564.4,549.05,64581,363.49,3569,31705.0,49.09
WEWIN, 18-Sep-2026,43.1,43.1,41.01,43.0,42.89,3103,1.33,53,3004.0,96.81
WEWORK, 18-Sep-2026,682.0,692.55,676.6,681.2,682.85,191510,1305.91,11267,116750.0,60.96
WHBRADY, 18-Sep-2026,489.0,489.0,465.3,476.05,487.0,124,0.59,34,111.0,89.52
WHEELS, 18-Sep-2026,2130.0,2235.0,2116.6,2175.7,2124.6,311417,6761.3,24614,114351.0,36.72
WHIRLPOOL, 18-Sep-2026,727.4,732.1,706.0,717.7,727.4,1683148,12069.39,40173,849314.0,50.46
WILLAMAGOR, 18-Sep-2026,25.25,25.25,23.41,24.36,24.11,939,0.23,68,769.0,81.9
WINDLAS, 18-Sep-2026,1119.85,1136.6,1104.35,1109.45,1117.6,71125,794.53,6540,37377.0,52.55
WINDMACHIN, 18-Sep-2026,300.05,303.2,293.7,300.05,300.05,137585,412.35,1608,91957.0,66.84
WINNY, 18-Sep-2026,32.45,32.45,32.45,32.45,30.95,1000,0.32,2,1000.0,100.0
WINSOL, 18-Sep-2026,113.0,113.0,112.75,112.75,110.7,800,0.9,2,800.0,100.0
WIPL, 18-Sep-2026,171.39,171.39,164.7,165.21,167.18,1593,2.63,27,1572.0,98.68
WIPRO, 18-Sep-2026,166.9,166.9,163.3,166.83,166.4,23606474,39004.1,110936,13771360.0,58.34
WOCKPHARMA, 18-Sep-2026,2072.3,2109.3,2047.3,2086.1,2072.3,557349,11600.84,34910,190561.0,34.19
WOL3D, 18-Sep-2026,131.0,133.0,131.0,133.0,135.0,3000,3.95,3,3000.0,100.0
WOMANCART, 18-Sep-2026,104.2,106.05,103.8,106.05,101.0,24000,25.33,56,21200.0,88.33
WONDERLA, 18-Sep-2026,516.65,529.8,516.05,527.85,516.65,72202,379.54,3225,49001.0,67.87
WORTHPERI, 18-Sep-2026,144.21,155.0,144.21,147.52,146.27,6705,9.95,134,5234.0,78.06
WPIL, 18-Sep-2026,444.6,445.0,430.5,433.7,442.4,38917,168.89,2095,23384.0,60.09
WSI, 18-Sep-2026,58.79,58.79,57.02,58.59,56.6,15648,9.1,270,12204.0,77.99
WSTCSTPAPR, 18-Sep-2026,716.0,772.0,713.95,768.3,716.45,592182,4435.0,27644,341261.0,57.63
WTICAB, 18-Sep-2026,102.5,103.95,102.5,103.45,101.75,5000,5.17,9,5000.0,100.0
XCHANGING, 18-Sep-2026,62.4,62.95,61.65,62.16,61.8,62678,38.84,724,32462.0,51.79
XELPMOC, 18-Sep-2026,75.99,75.99,73.1,74.39,74.08,4134,3.07,205,2613.0,63.21
XPROINDIA, 18-Sep-2026,1231.0,1251.2,1213.0,1223.0,1236.1,20472,251.7,1770,11616.0,56.74
XTGLOBAL, 18-Sep-2026,29.45,30.0,28.6,29.54,29.45,27319,8.05,178,21960.0,80.38
XTRANET, 18-Sep-2026,305.49,330.0,303.11,312.16,302.42,2792260,8819.78,52894,522630.0,18.72
YAAP, 18-Sep-2026,127.6,128.2,125.25,126.3,125.1,13000,16.51,13,9000.0,69.23
YASHO, 18-Sep-2026,4003.0,4065.0,3970.0,4002.0,4003.0,16899,677.34,3625,8459.0,50.06
YASHOPTICS, 18-Sep-2026,136.0,136.0,129.55,133.9,132.0,27200,36.37,24,24800.0,91.18
YATHARTH, 18-Sep-2026,1098.0,1184.0,1082.4,1139.5,1072.4,6484052,73885.01,238220,923768.0,14.25
YATRA, 18-Sep-2026,103.7,106.5,103.7,104.83,104.16,437182,460.14,3851,200520.0,45.87
YCCL, 18-Sep-2026,8.55,8.55,8.55,8.55,8.4,3000,0.26,1,3000.0,100.0
YESBANK, 18-Sep-2026,23.2,23.38,22.72,22.72,23.13,73563796,16939.29,93303,48081227.0,65.36
YOGI, 18-Sep-2026,163.99,164.0,163.9,163.98,163.0,15,0.02,7,13.0,86.67
YUDIZ, 18-Sep-2026,22.0,23.1,22.0,23.1,22.05,1600,0.36,2,1600.0,100.0
YUKEN, 18-Sep-2026,1123.1,1149.0,1078.4,1139.2,1123.1,26377,294.44,3368,11108.0,42.11
ZAGGLE, 18-Sep-2026,181.24,182.24,177.25,178.56,181.38,983830,1764.62,11828,391971.0,39.84
ZEAL, 18-Sep-2026,75.3,82.5,75.3,80.0,75.0,7200,5.85,12,4200.0,58.33
ZEEL, 18-Sep-2026,78.31,79.97,76.76,78.62,78.31,21977996,17196.36,73084,6726853.0,30.61
ZEELEARN, 18-Sep-2026,7.3,7.3,6.6,6.86,6.85,361589,24.58,899,259320.0,71.72
ZEEMEDIA, 18-Sep-2026,7.3,7.44,7.29,7.32,7.4,1273163,93.62,1184,865040.0,67.94
ZENITHDRUG, 18-Sep-2026,43.5,44.05,43.25,43.25,43.45,4000,1.75,5,2400.0,60.0
ZENITHEXPO, 18-Sep-2026,196.95,203.95,196.95,203.95,196.95,2,0.0,2,1.0,50.0
ZENITHSTL, 18-Sep-2026,5.48,5.69,5.48,5.58,5.56,27022,1.52,218,19530.0,72.27
ZENSARTECH, 18-Sep-2026,442.4,443.85,433.0,436.45,441.85,1100244,4799.08,21028,368680.0,33.51
ZENTEC, 18-Sep-2026,1690.0,1706.0,1680.0,1687.4,1681.7,196201,3315.92,15696,93922.0,47.87
ZFCVINDIA, 18-Sep-2026,2450.0,2451.4,2361.0,2387.0,2445.2,351520,8432.75,35683,258202.0,73.45
ZFSTEERING, 18-Sep-2026,689.0,704.7,685.8,697.85,694.6,3521,24.54,306,1773.0,50.36
ZIMLAB, 18-Sep-2026,137.77,139.79,130.2,135.51,137.92,127424,170.97,1991,68759.0,53.96
ZODIAC, 18-Sep-2026,226.5,226.5,220.1,222.25,220.25,6000,13.32,495,3807.0,63.45
ZODIACLOTH, 18-Sep-2026,69.12,70.88,69.1,69.52,69.1,674,0.47,23,619.0,91.84
ZOTA, 18-Sep-2026,1124.9,1155.0,1124.9,1144.5,1118.8,56557,646.53,3191,40926.0,72.36
ZSARACOM, 18-Sep-2026,10400.0,10400.0,10400.0,10400.0,10338.0,4,0.42,4,4.0,100.0
ZTECH, 18-Sep-2026,397.0,415.0,393.0,412.25,406.85,20100,81.37,62,13800.0,68.66
ZUARI, 18-Sep-2026,216.05,221.35,215.45,220.77,216.03,66310,144.96,2326,36171.0,54.55
ZUARIIND, 18-Sep-2026,262.15,265.0,257.05,262.45,259.3,26424,68.79,1041,13144.0,49.74
ZYDUSLIFE, 18-Sep-2026,1150.7,1167.3,1147.7,1160.0,1135.1,2789186,32289.15,56206,1330491.0,47.7
ZYDUSWELL, 18-Sep-2026,548.0,552.9,512.0,522.25,546.15,723768,3813.92,43609,217161.0,30.0
