SYMBOL,DATE1,OPEN_PRICE,HIGH_PRICE,LOW_PRICE,CLOSE_PRICE,PREV_CLOSE,TTL_TRD_QNTY,TURNOVER_LACS,NO_OF_TRADES,DELIV_QTY,DELIV_PER
1018GS2026, 28-Aug-2026,104.2,105.0,103.91,105.0,104.45,4913,5.12,7,4650.0,94.65
20MICRONS, 28-Aug-2026,217.34,224.87,217.0,222.0,216.37,241206,532.82,5911,109988.0,45.6
21STCENMGM, 28-Aug-2026,41.74,41.74,41.16,41.16,42.0,3530,1.46,33,3058.0,86.63
360ONE, 28-Aug-2026,1204.0,1208.0,1193.9,1200.0,1204.0,422710,5084.8,29706,234623.0,55.5
3BBLACKBIO, 28-Aug-2026,1362.0,1463.0,1362.0,1441.2,1350.3,45446,643.28,3114,22412.0,49.32
3MINDIA, 28-Aug-2026,34245.0,34840.0,34130.0,34415.0,34245.0,2422,836.68,1347,895.0,36.95
3PLAND, 28-Aug-2026,31.9,32.34,31.55,31.74,31.87,2074,0.66,33,1243.0,59.93
574GS2026, 28-Aug-2026,101.51,101.9,101.51,101.9,101.89,91,0.09,2,91.0,100.0
5PAISA, 28-Aug-2026,371.0,372.5,365.0,368.35,371.15,16145,59.66,1159,9269.0,57.41
603GS2029, 28-Aug-2026,99.22,99.22,99.22,99.22,99.35,400,0.4,1,400.0,100.0
610GS2031, 28-Aug-2026,99.99,99.99,99.99,99.99,99.5,1,0.0,1,1.0,100.0
620GS2029, 28-Aug-2026,97.11,99.89,97.11,99.86,99.09,24240,24.19,13,23900.0,98.6
636GS2031, 28-Aug-2026,100.0,100.0,99.75,99.75,99.8,44000,43.89,5,44000.0,100.0
63MOONS, 28-Aug-2026,745.0,789.0,744.95,776.4,745.45,242493,1875.34,10165,96845.0,39.94
654GS2032, 28-Aug-2026,99.45,99.45,99.45,99.45,100.55,868,0.86,1,868.0,100.0
657GS2033A, 28-Aug-2026,99.0,99.0,98.41,98.41,98.41,2000,1.97,2,2000.0,100.0
667GS2050, 28-Aug-2026,92.7,92.7,92.52,92.52,92.5,5,0.0,5,5.0,100.0
668GS2033, 28-Aug-2026,100.0,100.0,100.0,100.0,100.0,200,0.2,1,200.0,100.0
668GS2040, 28-Aug-2026,99.0,99.0,98.0,98.0,98.45,1913,1.89,3,1913.0,100.0
675GS2029, 28-Aug-2026,102.65,102.65,102.65,102.65,100.96,3100,3.18,1,3100.0,100.0
676GS2061, 28-Aug-2026,91.7,91.7,90.79,90.79,91.5,229769,208.88,273,208764.0,90.86
679GS2031, 28-Aug-2026,102.5,102.5,102.5,102.5,100.62,100,0.1,1,100.0,100.0
679GS2034, 28-Aug-2026,101.5,101.5,101.5,101.5,101.0,50,0.05,1,50.0,100.0
690GS2065, 28-Aug-2026,94.7,94.7,94.07,94.37,94.45,17822,16.84,14,17818.0,99.98
694GS2036, 28-Aug-2026,102.75,103.0,102.51,102.51,102.71,1102,1.13,4,1100.0,99.82
695GS2061, 28-Aug-2026,93.5,93.5,93.5,93.5,94.0,35,0.03,1,35.0,100.0
698GR2054, 28-Aug-2026,93.8,95.0,93.8,95.0,95.8,2,0.0,2,2.0,100.0
702GS2027, 28-Aug-2026,102.55,102.55,102.15,102.15,101.85,152,0.16,2,152.0,100.0
706GS2028, 28-Aug-2026,103.8,103.8,103.8,103.8,103.51,17000,17.65,7,17000.0,100.0
706GS2041, 28-Aug-2026,100.5,100.8,100.5,100.5,100.5,5110,5.14,4,5110.0,100.0
706GS2046, 28-Aug-2026,100.0,103.0,100.0,103.0,103.0,2,0.0,2,2.0,100.0
709GS2054, 28-Aug-2026,96.49,96.49,95.1,95.38,96.34,34619,33.09,49,34377.0,99.3
709GS2074, 28-Aug-2026,96.3,96.3,95.5,95.53,96.23,12819,12.27,31,12774.0,99.65
710GS2029, 28-Aug-2026,104.0,104.5,104.0,104.23,103.76,8348,8.7,8,8248.0,98.8
718GS2037, 28-Aug-2026,103.1,104.48,102.47,103.96,104.8,44624,45.93,17,44620.0,99.99
71GS2034, 28-Aug-2026,105.08,105.08,103.5,105.07,104.48,102,0.11,3,100.0,98.04
723GS2039, 28-Aug-2026,105.0,105.0,105.0,105.0,104.4,50,0.05,1,50.0,100.0
724GS2055, 28-Aug-2026,98.0,98.38,97.71,97.8,98.22,43552,42.68,58,43552.0,100.0
725GS2063, 28-Aug-2026,98.5,98.5,95.0,97.58,97.86,892960,871.9,1139,851895.0,95.4
726GS2032, 28-Aug-2026,103.75,103.75,103.5,103.5,103.75,15470,16.05,5,15470.0,100.0
732GS2030, 28-Aug-2026,103.95,103.95,103.95,103.95,103.8,100,0.1,1,100.0,100.0
733GS2026, 28-Aug-2026,102.48,102.49,102.48,102.49,102.51,2747,2.82,2,2747.0,100.0
734GS2064, 28-Aug-2026,99.9,99.9,99.7,99.79,99.93,59157,59.09,49,58157.0,98.31
736GS2052, 28-Aug-2026,101.01,102.25,101.01,102.25,102.5,1083,1.09,4,1041.0,96.12
738GS2027, 28-Aug-2026,102.6,102.62,102.15,102.51,102.54,30029,30.76,26,29415.0,97.96
73GS2053, 28-Aug-2026,99.68,99.72,99.4,99.6,99.68,25813,25.73,14,25738.0,99.71
741GS2036, 28-Aug-2026,105.7,105.8,105.7,105.8,105.5,2030,2.15,6,2030.0,100.0
743GS2076, 28-Aug-2026,100.94,100.94,99.5,99.74,100.2,372532,372.31,478,371931.0,99.84
746GS2073, 28-Aug-2026,107.0,107.0,101.5,101.5,101.94,1701,1.76,5,1701.0,100.0
74GS2062, 28-Aug-2026,102.2,103.84,101.9,101.9,104.0,1019,1.04,3,1019.0,100.0
750GS2056, 28-Aug-2026,101.5,101.5,101.2,101.2,101.2,198,0.2,3,198.0,100.0
754GS2036, 28-Aug-2026,106.94,107.09,106.8,106.85,107.06,357450,382.18,182,347251.0,97.15
771GS2066, 28-Aug-2026,104.76,105.75,104.51,104.6,104.76,3484,3.65,16,3390.0,97.3
795GS2032, 28-Aug-2026,104.86,104.86,104.86,104.86,109.0,10,0.01,1,10.0,100.0
897GS2030, 28-Aug-2026,114.0,114.0,114.0,114.0,112.0,50,0.06,1,50.0,100.0
92GS2030, 28-Aug-2026,113.51,114.93,113.5,114.83,113.2,13881,15.83,10,9481.0,68.3
A2ZINFRA, 28-Aug-2026,16.79,17.12,16.18,16.63,16.41,482090,79.87,723,347891.0,72.16
AAATECH, 28-Aug-2026,91.96,98.4,91.5,95.03,92.01,31461,30.13,714,19746.0,62.76
AADHARHFC, 28-Aug-2026,463.2,472.45,463.2,471.1,465.8,121779,570.42,15383,61436.0,50.45
AAKAAR, 28-Aug-2026,65.0,65.0,64.6,64.6,67.95,6400,4.15,4,6400.0,100.0
AAKASH, 28-Aug-2026,8.61,8.9,8.59,8.73,8.75,63832,5.57,275,43704.0,68.47
AAREYDRUGS, 28-Aug-2026,87.0,89.01,86.1,89.01,84.78,379960,336.51,913,303372.0,79.84
AARON, 28-Aug-2026,137.2,139.8,134.0,134.94,135.71,6654,9.06,342,4106.0,61.71
AARTIDRUGS, 28-Aug-2026,417.9,422.0,417.0,418.55,417.9,59919,251.1,3418,34007.0,56.75
AARTIIND, 28-Aug-2026,540.0,543.0,528.0,540.35,538.9,644631,3453.89,19146,298503.0,46.31
AARTIPHARM, 28-Aug-2026,818.0,848.9,815.75,840.7,813.5,278187,2317.46,15849,115783.0,41.62
AARVI, 28-Aug-2026,144.35,148.15,141.0,142.25,145.07,25356,36.46,694,19169.0,75.6
AASTHA, 28-Aug-2026,85.0,85.0,79.53,79.61,88.36,2379114,1941.86,9067,441827.0,18.57
AAVAS, 28-Aug-2026,1273.4,1333.8,1264.1,1275.5,1269.4,348832,4523.34,48510,172610.0,49.48
ABANSENT, 28-Aug-2026,28.8,28.8,27.0,27.99,27.51,2791,0.77,87,2378.0,85.2
ABB, 28-Aug-2026,7501.0,7529.0,7440.0,7509.0,7490.0,98513,7372.91,17075,42440.0,43.08
ABBOTINDIA, 28-Aug-2026,26420.0,26745.0,26120.0,26175.0,26350.0,6550,1724.65,4655,3517.0,53.69
ABCAPITAL, 28-Aug-2026,409.85,410.35,404.8,405.55,410.0,1217070,4955.35,25871,559398.0,45.96
ABCOTS, 28-Aug-2026,203.48,209.0,200.2,203.7,204.5,6512,13.28,201,4798.0,73.68
ABDL, 28-Aug-2026,607.5,613.4,605.65,610.0,607.5,109318,666.77,5499,56704.0,51.87
ABFRL, 28-Aug-2026,54.0,54.0,52.21,52.49,53.64,4611357,2445.08,18625,2532385.0,54.92
ABGSEC, 28-Aug-2026,115.29,115.29,113.92,115.28,114.15,14,0.02,8,12.0,85.71
ABHAPOWER, 28-Aug-2026,24.0,24.5,24.0,24.5,24.0,4800,1.16,3,4800.0,100.0
ABLBL, 28-Aug-2026,85.15,85.64,84.4,84.6,85.22,252167,214.17,4409,182823.0,72.5
ABMKNO, 28-Aug-2026,188.0,194.0,185.0,193.39,187.21,164,0.31,15,144.0,87.8
ABREL, 28-Aug-2026,1382.0,1406.2,1380.0,1387.0,1393.4,81323,1130.51,7073,37490.0,46.1
ABSL10BANK, 28-Aug-2026,173.47,173.47,168.75,168.96,170.07,5367,9.11,63,3944.0,73.49
ABSLAMC, 28-Aug-2026,1050.0,1053.5,1038.1,1047.9,1046.5,74281,778.34,8950,43544.0,58.62
ABSLBANETF, 28-Aug-2026,59.06,59.2,58.8,59.07,59.06,21048,12.4,250,15572.0,73.98
ABSLLIQUID, 28-Aug-2026,1000.0,1000.01,1000.0,1000.0,1000.0,1246,12.46,37,769.0,61.72
ABSLMSCIN, 28-Aug-2026,29.87,29.87,29.62,29.75,29.73,1100,0.33,8,1091.0,99.18
ABSLNN50ET, 28-Aug-2026,78.38,78.45,77.7,77.89,77.53,9554,7.45,214,7120.0,74.52
ABSLPSE, 28-Aug-2026,10.19,10.19,10.07,10.12,10.11,266913,26.96,650,191267.0,71.66
ABSMARINE, 28-Aug-2026,293.0,293.0,278.8,283.0,293.45,84500,237.19,112,80500.0,95.27
ACC, 28-Aug-2026,1314.0,1314.0,1303.0,1306.4,1310.6,65574,857.59,8824,33542.0,51.15
ACCELYA, 28-Aug-2026,1135.0,1144.0,1119.8,1134.1,1134.9,7211,81.74,784,4128.0,57.25
ACCENTMIC, 28-Aug-2026,595.0,606.85,594.6,605.85,592.1,30500,184.13,56,18000.0,59.02
ACE, 28-Aug-2026,1141.2,1154.1,1132.0,1140.6,1136.0,146229,1672.52,12198,67388.0,46.08
ACEINTEG, 28-Aug-2026,17.96,17.96,17.4,17.44,17.38,404,0.07,11,403.0,99.75
ACETEC, 28-Aug-2026,125.0,138.0,125.0,138.0,129.0,46800,61.28,9,45600.0,97.44
ACGL, 28-Aug-2026,1823.5,1825.0,1773.4,1792.6,1805.3,342,6.13,85,269.0,78.65
ACI, 28-Aug-2026,480.0,489.85,479.8,484.3,483.95,390477,1895.89,14775,272918.0,69.89
ACL, 28-Aug-2026,44.95,44.95,43.72,44.14,44.06,26615,11.73,196,19067.0,71.64
ACMESOLAR, 28-Aug-2026,392.0,398.0,388.05,393.7,386.3,1185544,4668.82,37800,542174.0,45.73
ACUTAAS, 28-Aug-2026,3359.8,3384.0,3235.0,3281.6,3329.2,240776,7905.09,39978,117277.0,48.71
ADANIENSOL, 28-Aug-2026,1610.0,1611.9,1566.9,1581.4,1617.0,1647674,26040.56,59276,797357.0,48.39
ADANIENT, 28-Aug-2026,3170.0,3173.7,3133.3,3168.5,3169.0,530795,16731.47,39519,222535.0,41.92
ADANIGREEN, 28-Aug-2026,1319.8,1321.0,1303.2,1311.0,1328.5,776595,10167.88,20162,271763.0,34.99
ADANIPORTS, 28-Aug-2026,1712.0,1723.9,1699.2,1707.5,1714.0,3268356,55918.68,89746,2205146.0,67.47
ADANIPOWER, 28-Aug-2026,215.92,216.5,210.91,212.63,215.0,14256352,30293.85,75985,5195217.0,36.44
ADDICTIVE, 28-Aug-2026,46.0,47.8,46.0,47.65,45.55,8500,4.02,15,8500.0,100.0
ADDIND, 28-Aug-2026,84.53,84.53,79.92,84.0,86.7,88,0.07,17,86.0,97.73
ADFFOODS, 28-Aug-2026,273.8,276.05,270.6,274.45,273.8,85375,233.51,3519,27410.0,32.11
ADISOFT, 28-Aug-2026,206.95,206.95,196.0,198.0,204.85,18400,37.02,22,16000.0,86.96
ADL, 28-Aug-2026,70.96,75.0,70.96,75.0,70.91,1056,0.78,19,873.0,82.67
ADOR, 28-Aug-2026,1546.9,1652.0,1546.6,1635.6,1541.9,130736,2110.05,12883,57437.0,43.93
ADROITINFO, 28-Aug-2026,10.64,10.77,10.12,10.44,10.4,14489,1.52,148,10534.0,72.7
ADSL, 28-Aug-2026,107.0,108.79,105.7,106.21,107.53,87735,93.9,1818,48569.0,55.36
ADVAIT, 28-Aug-2026,2122.0,2230.1,2119.0,2200.5,2114.7,98198,2156.05,10126,52430.0,53.39
ADVANCE, 28-Aug-2026,120.92,123.9,115.93,116.95,120.32,282536,333.68,2566,162063.0,57.36
ADVANIHOTR, 28-Aug-2026,50.7,53.14,49.5,50.01,49.92,55736,28.25,537,21422.0,38.43
ADVENTHTL, 28-Aug-2026,140.9,144.79,139.11,142.8,140.52,333397,475.85,5125,121188.0,36.35
ADVENZYMES, 28-Aug-2026,297.95,301.95,296.25,299.8,297.6,192573,574.81,2941,109303.0,56.76
ADVIKCA, 28-Aug-2026,1.21,1.23,1.18,1.19,1.19,284503,3.41,227,236341.0,83.07
AEGISLOG, 28-Aug-2026,1304.0,1304.7,1283.6,1289.4,1298.0,263570,3410.7,13415,126379.0,47.95
AEGISVOPAK, 28-Aug-2026,267.0,272.45,262.0,269.9,263.5,588121,1581.61,11497,248904.0,42.32
AEPL, 28-Aug-2026,15.65,15.65,14.67,15.38,15.39,15835,2.39,157,11550.0,72.94
AEQUS, 28-Aug-2026,246.66,248.0,243.29,245.99,246.66,1329838,3273.34,19541,647534.0,48.69
AEROENTER, 28-Aug-2026,144.82,147.43,143.05,146.29,142.66,930558,1357.05,9749,465866.0,50.06
AEROFLEX, 28-Aug-2026,521.85,547.0,519.8,542.1,522.1,2093610,11233.37,43794,652085.0,31.15
AERON, 28-Aug-2026,71.15,72.9,71.1,71.3,71.15,14000,10.05,11,10000.0,71.43
AERONEU, 28-Aug-2026,83.99,83.99,80.25,80.68,81.88,3586,2.93,259,1377.0,38.4
AEROPLANE, 28-Aug-2026,170.7,176.41,170.7,174.82,171.41,179790,312.46,3183,103189.0,57.39
AESTHETIK, 28-Aug-2026,72.0,72.5,71.5,71.85,72.0,13000,9.35,12,9000.0,69.23
AETHER, 28-Aug-2026,1685.5,1717.0,1664.0,1696.8,1677.3,443550,7492.87,39734,221336.0,49.9
AFCONS, 28-Aug-2026,284.0,292.0,284.0,286.65,285.05,728796,2101.86,14358,209918.0,28.8
AFFLE, 28-Aug-2026,1650.3,1659.0,1615.9,1620.2,1650.3,133536,2181.56,15928,62736.0,46.98
AFIL, 28-Aug-2026,9.52,9.61,9.35,9.4,9.42,383110,36.25,380,292351.0,76.31
AFSL, 28-Aug-2026,201.01,215.0,201.01,211.92,202.04,19645,41.04,432,14722.0,74.94
AGARIND, 28-Aug-2026,466.25,470.0,463.85,465.3,465.5,15795,73.66,1074,10447.0,66.14
AGARWALEYE, 28-Aug-2026,493.15,512.7,489.5,507.8,496.65,663188,3332.94,20205,353021.0,53.23
AGARWALFT, 28-Aug-2026,30.05,30.05,30.05,30.05,31.6,4500,1.35,3,4500.0,100.0
AGARWALTUF, 28-Aug-2026,141.0,141.0,139.0,139.1,140.8,9600,13.43,8,4800.0,50.0
AGI, 28-Aug-2026,737.7,777.15,725.7,774.8,737.7,385938,2949.48,16492,168839.0,43.75
AGIIL, 28-Aug-2026,297.0,297.0,287.25,289.1,288.8,447958,1301.33,6735,101373.0,22.63
AGL, 28-Aug-2026,14.33,14.6,13.95,14.03,14.34,1366639,193.29,3057,812235.0,59.43
AGRITECH, 28-Aug-2026,101.11,103.63,100.06,102.9,101.11,1874,1.92,76,1274.0,67.98
AGROPHOS, 28-Aug-2026,27.0,27.49,26.01,26.34,27.04,15966,4.21,164,12124.0,75.94
AGUL, 28-Aug-2026,46.05,46.05,46.05,46.05,48.45,2000,0.92,1,2000.0,100.0
AHCL, 28-Aug-2026,15.6,16.87,15.26,15.91,15.6,15441669,2512.61,55557,5647592.0,36.57
AHLADA, 28-Aug-2026,37.57,39.07,37.5,38.06,38.47,4759,1.81,86,3589.0,75.42
AHLEAST, 28-Aug-2026,137.05,141.4,135.0,139.32,136.73,3751,5.2,63,2355.0,62.78
AHLUCONT, 28-Aug-2026,638.0,647.75,630.05,641.1,636.6,80833,517.93,5603,56476.0,69.87
AIAENG, 28-Aug-2026,4232.3,4260.7,4192.2,4234.2,4232.3,33928,1432.97,11401,17020.0,50.17
AIIL, 28-Aug-2026,550.25,558.95,544.0,545.9,553.9,114584,632.32,9285,51521.0,44.96
AILIMITED, 28-Aug-2026,18.9,18.9,18.9,18.9,18.0,3000,0.57,1,3000.0,100.0
AIMTRON, 28-Aug-2026,1640.0,1655.95,1612.5,1644.45,1647.15,26200,429.64,97,21200.0,80.92
AIRAN, 28-Aug-2026,14.98,15.47,14.84,15.09,14.81,58965,8.91,405,37982.0,64.41
AIROLAM, 28-Aug-2026,88.2,89.0,86.51,88.88,87.5,1901,1.69,43,1728.0,90.9
AJANTPHARM, 28-Aug-2026,3584.9,3596.0,3541.6,3557.0,3543.6,39913,1419.13,12218,20939.0,52.46
AJAXENGG, 28-Aug-2026,577.0,579.0,566.25,571.1,579.1,35790,204.28,4911,19675.0,54.97
AJMERA, 28-Aug-2026,117.36,118.88,114.56,117.41,116.98,497791,580.06,4308,237588.0,47.73
AJOONI, 28-Aug-2026,3.8,3.84,3.75,3.82,3.79,108907,4.13,245,90395.0,83.0
AKANKSHA, 28-Aug-2026,125.0,125.1,125.0,125.1,124.5,3000,3.75,2,3000.0,100.0
AKASH, 28-Aug-2026,24.31,24.97,24.31,24.36,24.31,4053,0.99,34,3611.0,89.09
AKCAPIT, 28-Aug-2026,1687.7,1774.7,1644.2,1708.1,1686.2,3268,55.68,453,2266.0,69.34
AKG, 28-Aug-2026,9.24,9.5,9.1,9.16,9.24,2096,0.19,61,1897.0,90.51
AKI, 28-Aug-2026,4.12,4.24,4.08,4.13,4.2,85878,3.56,295,57692.0,67.18
AKIKO, 28-Aug-2026,400.05,412.0,400.05,410.0,409.8,8000,32.57,10,4800.0,60.0
AKSHAR, 28-Aug-2026,0.42,0.43,0.41,0.42,0.42,834403,3.53,256,531247.0,63.67
AKUMS, 28-Aug-2026,764.0,774.45,758.6,772.6,761.2,408016,3135.7,18171,241675.0,59.23
ALANKIT, 28-Aug-2026,7.88,8.22,7.88,8.13,7.91,107670,8.76,614,91492.0,84.97
ALBERTDAVD, 28-Aug-2026,894.5,912.0,880.05,898.6,890.25,20164,181.35,1842,8378.0,41.55
ALCODIS, 28-Aug-2026,69.0,69.0,69.0,69.0,69.0,625,0.43,1,625.0,100.0
ALEMBICLTD, 28-Aug-2026,102.77,103.23,99.47,100.04,102.77,645251,651.89,7664,326197.0,50.55
ALFREDHE, 28-Aug-2026,2900.0,2900.0,2828.9,2855.0,2910.8,8,0.23,6,7.0,87.5
ALGOQUANT, 28-Aug-2026,65.0,66.38,64.08,64.56,64.88,1028546,662.36,1974,143144.0,13.92
ALICON, 28-Aug-2026,678.35,695.9,678.15,685.05,683.65,14703,100.86,1018,8363.0,56.88
ALIVUS, 28-Aug-2026,1358.2,1375.9,1338.2,1350.2,1358.2,51812,699.85,6400,29405.0,56.75
ALKEM, 28-Aug-2026,5352.5,5406.5,5316.0,5355.0,5320.0,231100,12393.08,16890,154134.0,66.7
ALKYLAMINE, 28-Aug-2026,2054.2,2086.2,2041.1,2047.9,2045.0,43006,886.89,6393,17421.0,40.51
ALLCARGO, 28-Aug-2026,12.6,12.83,12.02,12.19,12.57,21895655,2709.85,25841,6508056.0,29.72
ALLDIGI, 28-Aug-2026,795.0,818.0,795.0,813.65,797.2,3998,32.29,372,1717.0,42.95
ALLETEC, 28-Aug-2026,116.95,122.75,116.95,122.75,116.95,14000,17.03,34,13600.0,97.14
ALLTIME, 28-Aug-2026,205.2,209.17,202.31,203.79,206.36,111080,228.42,1970,70598.0,63.56
ALMONDZ, 28-Aug-2026,16.5,17.49,16.0,16.96,16.15,774739,130.47,1850,478815.0,61.8
ALOKINDS, 28-Aug-2026,10.49,10.49,9.16,9.24,10.43,85131255,8107.84,56499,41767754.0,49.06
ALPA, 28-Aug-2026,61.1,65.3,61.0,63.77,61.18,21708,13.88,338,11226.0,51.71
ALPEXSOLAR, 28-Aug-2026,866.0,869.9,845.0,849.05,861.2,22800,195.69,177,16700.0,73.25
ALPHA, 28-Aug-2026,55.35,55.52,55.0,55.39,55.08,785101,433.67,2132,541560.0,68.98
ALPHAETF, 28-Aug-2026,27.36,27.41,27.22,27.31,27.4,260843,71.27,857,189689.0,72.72
ALPINETEX, 28-Aug-2026,55.91,56.79,54.5,55.16,55.67,201803,112.1,2329,82876.0,41.07
ALPL30IETF, 28-Aug-2026,28.05,28.21,27.92,27.96,28.04,337375,94.39,928,167787.0,49.73
ALUFLUOR, 28-Aug-2026,469.9,484.0,459.5,477.9,458.5,17315,82.35,692,14518.0,83.85
ALUWIND, 28-Aug-2026,47.0,47.55,47.0,47.55,48.35,6000,2.84,4,4500.0,75.0
AMAGI, 28-Aug-2026,573.0,578.45,566.45,570.8,578.45,184757,1056.7,8251,79345.0,42.95
AMAL, 28-Aug-2026,750.0,779.9,737.0,760.75,741.3,10626,80.81,741,6149.0,57.87
AMARJOTHI, 28-Aug-2026,160.0,163.97,156.0,162.4,160.0,377,0.59,18,359.0,95.23
AMBAAUTO, 28-Aug-2026,112.9,113.0,112.9,112.95,115.2,3000,3.39,3,3000.0,100.0
AMBER, 28-Aug-2026,7750.5,7794.0,7655.0,7675.0,7701.0,271368,20940.66,27872,85199.0,31.4
AMBICAAGAR, 28-Aug-2026,24.97,25.89,24.6,25.24,24.97,697,0.17,16,471.0,67.58
AMBIKCO, 28-Aug-2026,1633.3,1659.9,1631.5,1638.3,1636.7,9146,150.38,1119,4476.0,48.94
AMBUJACEM, 28-Aug-2026,411.55,413.5,410.0,412.05,411.05,2152464,8871.97,16160,1175009.0,54.59
AMCL, 28-Aug-2026,370.0,370.0,358.6,358.6,368.0,1200,4.39,3,400.0,33.33
AMDIND, 28-Aug-2026,53.25,54.5,51.73,52.38,53.33,5977,3.15,102,4812.0,80.51
AMEYA, 28-Aug-2026,109.5,112.0,109.5,112.0,109.45,9000,9.88,3,9000.0,100.0
AMJLAND, 28-Aug-2026,39.22,39.22,38.61,38.62,39.22,1890,0.73,46,1594.0,84.34
AMNPLST, 28-Aug-2026,183.63,189.0,180.6,184.16,186.81,3545,6.54,181,2019.0,56.95
AMRUTANJAN, 28-Aug-2026,517.2,522.2,511.2,514.25,517.05,67238,346.81,4593,33864.0,50.36
ANANDRATHI, 28-Aug-2026,2195.0,2242.0,2182.0,2213.4,2182.9,418905,9258.37,27226,215886.0,51.54
ANANTAM, 28-Aug-2026,104.99,105.79,104.81,105.46,104.99,9820,10.32,154,8790.0,89.51
ANANTRAJ, 28-Aug-2026,605.25,611.9,603.2,606.15,605.25,616038,3738.03,18116,255024.0,41.4
ANAWIL, 28-Aug-2026,422.5,431.95,405.3,409.3,421.2,191200,791.58,463,120400.0,62.97
ANDHRAPAP, 28-Aug-2026,60.41,61.65,60.17,61.07,60.11,136218,82.73,2234,89907.0,66.0
ANDHRSUGAR, 28-Aug-2026,96.36,100.37,95.84,98.02,95.45,610078,598.43,5526,196467.0,32.2
ANDREWYU, 28-Aug-2026,27.99,28.79,27.75,28.45,27.99,101147,28.59,393,80697.0,79.78
ANGELONE, 28-Aug-2026,295.9,297.7,291.65,294.0,295.9,2866743,8438.97,26505,968102.0,33.77
ANIKINDS, 28-Aug-2026,46.5,48.99,44.1,46.06,46.5,8384,3.87,72,7784.0,92.84
ANLON, 28-Aug-2026,638.0,640.0,638.0,639.9,640.1,2400,15.34,6,2400.0,100.0
ANMOL, 28-Aug-2026,10.07,10.18,10.0,10.05,9.99,38369,3.85,150,32495.0,84.69
ANNAPURNA, 28-Aug-2026,150.9,153.2,143.5,144.65,146.4,51186,75.49,612,26546.0,51.86
ANONDITA, 28-Aug-2026,1026.0,1085.85,1007.0,1060.9,1023.8,55400,582.41,244,35600.0,64.26
ANSALBU, 28-Aug-2026,77.45,86.49,77.45,82.42,85.69,10639,8.87,172,8776.0,82.49
ANTELOPUS, 28-Aug-2026,781.2,794.15,777.85,787.3,781.2,43078,338.13,2545,20378.0,47.3
ANTGRAPHIC, 28-Aug-2026,0.74,0.86,0.72,0.75,0.72,1307534,10.17,325,850808.0,65.07
ANTHEM, 28-Aug-2026,928.9,932.0,896.0,900.1,924.6,375323,3418.58,23007,199117.0,53.05
ANUHPHR, 28-Aug-2026,83.57,85.99,82.25,83.57,83.58,141578,119.28,2520,81909.0,57.85
ANUP, 28-Aug-2026,1801.0,1817.0,1770.3,1800.5,1801.3,21172,380.02,3164,11411.0,53.9
ANURAS, 28-Aug-2026,1265.4,1269.0,1253.0,1260.4,1259.8,132636,1669.23,4731,97072.0,73.19
ANYA, 28-Aug-2026,15.2,15.2,15.0,15.0,15.2,10000,1.51,2,5000.0,50.0
AONEGOLD, 28-Aug-2026,14.63,14.82,14.51,14.73,14.65,288491,42.39,1142,106896.0,37.05
AONELIQUID, 28-Aug-2026,1074.77,1074.77,1074.75,1074.76,1074.32,10046,107.97,65,6322.0,62.93
AONENIFTY, 28-Aug-2026,10.03,10.03,9.95,9.96,9.96,189083,18.86,1092,161640.0,85.49
AONESILVER, 28-Aug-2026,9.15,9.25,9.02,9.2,9.04,321987,29.5,1117,181044.0,56.23
AONETMMQ50, 28-Aug-2026,10.16,10.55,10.16,10.44,10.43,119934,12.49,244,106772.0,89.03
AONETOTAL, 28-Aug-2026,12.08,12.08,11.96,11.98,12.02,193160,23.18,1143,114663.0,59.36
APARINDS, 28-Aug-2026,17858.0,17900.0,17485.0,17803.0,17900.0,120837,21382.76,33923,47239.0,39.09
APCL, 28-Aug-2026,103.0,103.0,99.8,100.27,101.16,10017,10.06,154,8720.0,87.05
APCOTEXIND, 28-Aug-2026,610.0,629.0,610.0,625.25,611.65,118722,737.94,5242,61397.0,51.71
APEX, 28-Aug-2026,385.35,387.95,379.95,381.25,383.45,67352,257.43,2616,26836.0,39.84
APEXECO, 28-Aug-2026,242.0,254.1,242.0,253.9,242.0,4800,11.94,6,4800.0,100.0
APLAPOLLO, 28-Aug-2026,2187.0,2278.4,2182.5,2265.6,2188.0,1037530,23209.55,38752,570704.0,55.01
APLLTD, 28-Aug-2026,824.0,828.45,811.1,813.45,824.0,89882,731.58,5352,61612.0,68.55
APOLLO, 28-Aug-2026,387.7,388.5,383.85,387.45,386.35,3217421,12422.95,22693,1195843.0,37.17
APOLLOHOSP, 28-Aug-2026,8848.0,8905.0,8818.5,8838.5,8800.0,311286,27630.44,26318,170746.0,54.85
APOLLOPIPE, 28-Aug-2026,638.55,643.0,620.6,631.0,638.55,204371,1285.16,7446,78862.0,38.59
APOLLOTYRE, 28-Aug-2026,448.1,451.0,442.1,443.5,443.25,836372,3743.62,23412,361413.0,43.21
APOLSINHOT, 28-Aug-2026,1206.0,1249.9,1206.0,1215.4,1235.3,553,6.8,95,425.0,76.85
APRAMEYA, 28-Aug-2026,126.0,126.0,124.2,124.25,126.0,8000,9.97,10,7500.0,93.75
APS, 28-Aug-2026,257.0,264.0,254.05,259.1,256.95,15000,38.87,51,10500.0,70.0
APSISAERO, 28-Aug-2026,549.0,553.8,541.0,553.8,545.4,20400,111.89,15,19200.0,94.12
APTUS, 28-Aug-2026,254.8,257.2,253.55,256.15,256.45,324345,828.96,16616,160630.0,49.52
AQYLON, 28-Aug-2026,23.2,23.34,22.11,22.11,23.27,1075974,242.24,1548,813955.0,75.65
ARABIAN, 28-Aug-2026,86.9,89.75,86.9,87.6,82.0,12000,10.58,6,10000.0,83.33
ARCHIDPLY, 28-Aug-2026,103.06,108.4,99.01,105.23,103.04,49263,51.45,1148,23521.0,47.75
ARCHIES, 28-Aug-2026,13.5,13.7,13.38,13.4,13.4,10149,1.37,68,7843.0,77.28
ARCIIL, 28-Aug-2026,35.1,36.5,34.6,36.15,36.85,31000,11.15,19,26000.0,83.87
ARCL, 28-Aug-2026,231.99,235.0,221.05,226.22,232.0,114,0.27,8,112.0,98.25
ARDEE, 28-Aug-2026,59.96,61.96,58.78,61.16,59.28,6521624,3952.41,25408,2287089.0,35.07
ARE&M, 28-Aug-2026,912.4,936.5,912.4,921.35,911.9,567121,5255.34,28996,192636.0,33.97
ARENTERP, 28-Aug-2026,37.0,37.29,36.01,37.29,37.29,634,0.24,41,368.0,58.04
ARFIN, 28-Aug-2026,86.11,86.3,84.65,85.77,85.4,964118,821.83,2417,56124.0,5.82
ARHAM, 28-Aug-2026,215.0,217.0,208.95,215.4,211.75,53000,113.63,48,30000.0,56.6
ARIES, 28-Aug-2026,492.8,497.6,465.3,484.3,490.65,54489,264.52,2404,22300.0,40.93
ARIHANT, 28-Aug-2026,994.8,994.8,950.0,958.9,974.8,1298,12.51,188,861.0,66.33
ARIHANTCAP, 28-Aug-2026,78.6,80.49,76.93,79.39,78.62,192228,150.76,1401,80303.0,41.77
ARIHANTSUP, 28-Aug-2026,262.1,262.1,252.1,255.35,261.5,8417,21.6,268,5694.0,67.65
ARIS, 28-Aug-2026,143.25,153.25,143.25,151.31,143.89,5643850,8483.93,30342,2270282.0,40.23
ARKADE, 28-Aug-2026,127.2,128.0,126.5,127.38,127.25,140894,179.43,1212,64984.0,46.12
ARMANFIN, 28-Aug-2026,1966.0,2045.0,1959.4,2034.2,1967.1,50932,1021.71,4724,32670.0,64.14
ARMOUR, 28-Aug-2026,18.9,18.9,18.9,18.9,18.1,2000,0.38,1,2000.0,100.0
AROGRANITE, 28-Aug-2026,26.5,26.5,25.0,25.1,25.59,6645,1.68,56,5701.0,85.79
ARSSBL, 28-Aug-2026,517.05,521.0,508.0,509.7,517.05,128495,658.82,3294,87751.0,68.29
ARTEMISMED, 28-Aug-2026,316.95,321.0,316.95,319.25,316.95,123988,395.63,5900,65541.0,52.86
ARTNIRMAN, 28-Aug-2026,42.0,42.0,39.62,39.84,39.7,1005,0.41,18,991.0,98.61
ARUNAYA, 28-Aug-2026,14.35,14.35,14.3,14.3,14.3,6000,0.86,3,6000.0,100.0
ARVEE, 28-Aug-2026,162.15,174.5,162.15,169.0,170.59,823,1.4,48,315.0,38.27
ARVIND, 28-Aug-2026,545.0,545.25,532.2,543.35,540.95,760011,4098.33,18102,474820.0,62.48
ARVINDFASN, 28-Aug-2026,450.65,454.5,442.35,450.65,449.4,173596,778.33,16021,108238.0,62.35
ARVINDPORT, 28-Aug-2026,32.0,33.95,31.0,33.95,32.45,45000,14.86,17,42000.0,93.33
ARVSMART, 28-Aug-2026,652.65,668.0,646.0,661.4,652.65,88204,577.77,4112,37161.0,42.13
ARYAMAN, 28-Aug-2026,620.0,674.95,614.0,644.3,625.0,709,4.52,26,552.0,77.86
ASAHIINDIA, 28-Aug-2026,954.2,968.1,944.0,952.7,951.25,172883,1660.05,15793,83199.0,48.12
ASAL, 28-Aug-2026,486.0,493.3,486.0,488.2,488.45,10947,53.63,502,5514.0,50.37
ASALCBR, 28-Aug-2026,719.6,721.4,710.0,714.5,716.4,12716,90.81,1629,8378.0,65.89
ASHAPURMIN, 28-Aug-2026,579.95,587.2,576.4,582.1,578.05,220503,1284.49,11642,106105.0,48.12
ASHIANA, 28-Aug-2026,366.3,369.85,362.05,368.8,365.55,23913,87.55,1099,13735.0,57.44
ASHIMASYN, 28-Aug-2026,18.87,19.6,18.5,18.83,18.87,46088,8.67,291,32850.0,71.28
ASHOKA, 28-Aug-2026,113.01,113.4,112.32,112.65,113.05,294687,332.7,2950,170699.0,57.93
ASHOKAMET, 28-Aug-2026,13.88,13.89,13.16,13.65,13.51,17883,2.46,134,13793.0,77.13
ASHOKLEY, 28-Aug-2026,178.0,178.18,174.81,175.77,177.4,11814260,20775.28,39809,5621558.0,47.58
ASHWINI, 28-Aug-2026,184.6,184.6,182.0,182.0,184.9,3000,5.49,3,3000.0,100.0
ASIANENE, 28-Aug-2026,496.45,520.0,477.0,480.8,492.7,701493,3498.81,20552,281661.0,40.15
ASIANHOTNR, 28-Aug-2026,307.75,317.8,301.55,315.95,312.05,98958,310.47,499,95641.0,96.65
ASIANPAINT, 28-Aug-2026,2645.0,2645.0,2583.8,2608.7,2631.0,482544,12576.84,36207,254843.0,52.81
ASIANTILES, 28-Aug-2026,47.78,48.29,47.0,47.88,47.02,2511054,1196.06,6314,1209780.0,48.18
ASIANTNE, 28-Aug-2026,9.9,10.99,9.72,10.89,9.65,58850,6.23,252,46685.0,79.33
ASKAUTOLTD, 28-Aug-2026,607.95,635.95,604.25,633.1,606.05,416555,2606.1,20075,143480.0,34.44
ASPINWALL, 28-Aug-2026,260.21,268.0,260.1,262.52,261.26,1933,5.13,52,1512.0,78.22
ASPIRE, 28-Aug-2026,12.5,13.5,12.5,13.5,13.15,4000,0.52,2,4000.0,100.0
ASSAMENT, 28-Aug-2026,705.0,778.05,705.0,778.05,741.0,172,1.25,9,65.0,37.79
ASTAR, 28-Aug-2026,590.0,599.95,588.0,599.9,590.0,75,0.45,13,46.0,61.33
ASTEC, 28-Aug-2026,589.0,593.95,572.0,581.45,585.9,25129,146.49,1545,16687.0,66.41
ASTERDM, 28-Aug-2026,759.85,765.0,744.05,748.4,754.8,1768713,13237.8,62879,1097585.0,62.06
ASTRAL, 28-Aug-2026,1535.6,1556.4,1529.5,1532.3,1529.2,700559,10787.14,59978,428298.0,61.14
ASTRAMICRO, 28-Aug-2026,1689.8,1722.4,1670.0,1706.6,1687.5,242127,4096.43,17156,107727.0,44.49
ASTRAZEN, 28-Aug-2026,7140.5,7170.0,7081.0,7106.5,7136.0,2651,189.07,1060,1400.0,52.81
ATALREAL, 28-Aug-2026,35.35,36.0,34.71,35.51,35.13,13592636,4804.56,7126,2512854.0,18.49
ATAM, 28-Aug-2026,56.51,58.5,55.25,55.85,56.51,17108,9.73,239,9196.0,53.75
ATCENERGY, 28-Aug-2026,22.4,22.4,22.4,22.4,22.4,1200,0.27,1,1200.0,100.0
ATGL, 28-Aug-2026,644.0,645.15,635.0,636.5,645.35,302887,1936.3,11650,133444.0,44.06
ATHERENERG, 28-Aug-2026,1523.7,1630.0,1523.7,1616.3,1495.3,14538878,231419.0,350831,2772116.0,19.07
ATL, 28-Aug-2026,26.6,28.0,26.35,27.04,26.25,534798,146.16,3505,296945.0,55.52
ATLANTAA, 28-Aug-2026,37.1,37.78,36.95,37.03,37.64,37210,13.83,329,28214.0,75.82
ATLANTAELE, 28-Aug-2026,1684.0,1750.0,1675.3,1745.1,1674.9,128412,2210.92,15372,60492.0,47.11
ATLASCYCLE, 28-Aug-2026,97.0,97.43,95.5,96.11,96.28,3218,3.09,88,3134.0,97.39
ATLPP, 28-Aug-2026,10.4,10.4,9.66,9.7,9.66,7690,0.75,55,7069.0,91.92
ATMASTCO, 28-Aug-2026,140.8,145.5,140.0,144.9,139.7,10800,15.49,20,8000.0,74.07
ATUL, 28-Aug-2026,6598.0,6598.0,6437.5,6459.5,6585.0,28383,1841.49,10476,17588.0,61.97
ATULAUTO, 28-Aug-2026,482.1,485.8,479.05,483.35,481.15,49107,236.7,1719,24737.0,50.37
AUBANK, 28-Aug-2026,1086.3,1094.3,1073.3,1077.1,1091.0,871951,9445.58,41897,462845.0,53.08
AURIONPRO, 28-Aug-2026,692.8,712.45,690.0,707.6,688.0,204145,1434.48,11865,117405.0,57.51
AUROPHARMA, 28-Aug-2026,1637.0,1656.2,1620.1,1645.3,1637.0,484381,7940.25,21512,230798.0,47.65
AURUM, 28-Aug-2026,229.76,235.25,228.21,232.98,228.45,107260,249.21,2349,71236.0,66.41
AURUS, 28-Aug-2026,4.64,4.75,4.52,4.66,4.57,25000,1.16,129,13240.0,52.96
AUSOMENT, 28-Aug-2026,147.25,148.85,144.65,148.24,147.25,5076,7.52,183,4877.0,96.08
AUSTENG, 28-Aug-2026,120.01,125.0,119.99,123.28,121.01,1859,2.27,53,1300.0,69.93
AUTOAXLES, 28-Aug-2026,1735.9,1744.9,1714.2,1740.2,1723.6,1988,34.46,369,1027.0,51.66
AUTOBEES, 28-Aug-2026,301.04,301.04,296.55,298.11,298.96,168372,502.08,2762,87629.0,52.04
AUTOIETF, 28-Aug-2026,30.29,30.29,29.77,29.92,29.99,449966,134.62,1919,228863.0,50.86
AUTOIND, 28-Aug-2026,88.58,90.78,88.05,89.04,89.02,70443,62.84,661,49851.0,70.77
AVADHSUGAR, 28-Aug-2026,811.0,838.4,806.85,830.05,804.55,170865,1412.03,6229,71737.0,41.98
AVALON, 28-Aug-2026,2250.0,2251.1,2172.0,2231.7,2256.6,239819,5315.48,25509,76136.0,31.75
AVANA, 28-Aug-2026,150.0,150.0,149.8,150.0,147.5,10000,15.0,5,10000.0,100.0
AVANCE, 28-Aug-2026,0.87,0.89,0.87,0.87,0.87,2849676,25.0,1104,1495955.0,52.5
AVANTEL, 28-Aug-2026,157.0,158.4,156.48,156.79,158.05,369537,580.12,5280,186489.0,50.47
AVANTIFEED, 28-Aug-2026,844.9,845.6,822.0,826.75,844.45,415922,3443.55,23086,176750.0,42.5
AVIANSH, 28-Aug-2026,104.0,104.5,100.5,100.5,104.0,8000,8.17,8,7000.0,87.5
AVIENCE, 28-Aug-2026,270.7,279.0,265.3,269.5,270.65,23400,63.82,36,15000.0,64.1
AVL, 28-Aug-2026,590.0,595.85,582.25,590.8,592.3,220999,1303.1,18716,149105.0,67.47
AVONMORE, 28-Aug-2026,13.72,14.15,13.72,13.9,13.68,145925,20.37,350,127772.0,87.56
AVPINFRA, 28-Aug-2026,59.8,59.8,57.5,57.55,58.9,43200,25.13,35,23200.0,53.7
AVROIND, 28-Aug-2026,9.34,9.8,9.0,9.3,9.29,547964,51.56,1306,362472.0,66.15
AVTNPL, 28-Aug-2026,85.25,86.6,83.57,85.19,85.64,141293,119.8,1993,87338.0,61.81
AWFIS, 28-Aug-2026,260.0,262.0,251.9,253.25,257.65,409033,1045.5,22403,227085.0,55.52
AWHCL, 28-Aug-2026,391.0,391.0,385.05,387.3,389.2,44715,173.5,2341,20728.0,46.36
AWL, 28-Aug-2026,199.74,199.74,195.3,196.27,199.74,1135382,2242.55,23429,569256.0,50.14
AXISBANK, 28-Aug-2026,1256.0,1265.4,1248.2,1265.0,1256.0,3243469,40885.5,103208,2206690.0,68.03
AXISCADES, 28-Aug-2026,1619.0,1645.0,1581.0,1594.7,1612.9,101508,1636.66,9508,44888.0,44.22
AXITA, 28-Aug-2026,8.05,8.23,8.05,8.05,7.98,1263568,102.13,1174,721330.0,57.09
AXTEL, 28-Aug-2026,400.0,406.8,392.3,394.35,403.85,3424,13.64,129,2946.0,86.04
AYE, 28-Aug-2026,182.97,195.0,180.73,183.92,181.54,8919813,16725.45,75404,2078305.0,23.3
AYMSYNTEX, 28-Aug-2026,250.0,256.55,241.55,254.4,250.25,65947,163.51,2284,34905.0,52.93
AZAD, 28-Aug-2026,2814.4,2882.0,2798.5,2850.5,2802.4,401279,11422.54,27291,136548.0,34.03
AZADIND, 28-Aug-2026,96.8,98.99,89.13,93.5,96.8,49897,45.63,686,20452.0,40.99
BABAFP, 28-Aug-2026,21.1,23.0,21.1,23.0,22.4,9600,2.12,6,6400.0,66.67
BAGDIGITAL, 28-Aug-2026,105.8,106.0,104.2,105.1,105.1,8000,8.44,3,8000.0,100.0
BAGFILMS, 28-Aug-2026,4.49,4.49,4.34,4.42,4.44,51030,2.25,146,33360.0,65.37
BAGMANE, 28-Aug-2026,106.97,107.0,106.11,106.78,106.44,294711,314.76,6897,256872.0,87.16
BAHETI, 28-Aug-2026,875.0,875.0,839.0,847.0,835.4,20250,170.94,44,10125.0,50.0
BAIDFIN, 28-Aug-2026,9.86,9.86,9.53,9.74,9.76,43620,4.23,156,37329.0,85.58
BAJAJ-AUTO, 28-Aug-2026,11810.0,11974.0,11769.0,11910.0,11720.0,262591,31279.69,34876,114929.0,43.77
BAJAJCON, 28-Aug-2026,452.0,479.5,449.1,477.45,450.6,1407453,6631.78,28964,600088.0,42.64
BAJAJELEC, 28-Aug-2026,335.9,337.9,329.65,332.75,334.8,131210,437.59,5904,59634.0,45.45
BAJAJFINSV, 28-Aug-2026,2011.0,2014.7,1982.3,2002.0,2011.0,466703,9300.5,41192,230404.0,49.37
BAJAJHCARE, 28-Aug-2026,322.7,325.7,320.1,322.0,320.9,36072,116.36,1533,16549.0,45.88
BAJAJHFL, 28-Aug-2026,85.71,85.79,84.76,85.0,85.29,1693097,1439.82,16466,1090951.0,64.44
BAJAJHIND, 28-Aug-2026,21.13,22.08,21.13,21.67,21.11,51508959,11149.1,66394,7277679.0,14.13
BAJAJHLDNG, 28-Aug-2026,11406.0,11429.0,11250.0,11340.0,11399.0,31945,3625.82,6759,12222.0,38.26
BAJAJINDEF, 28-Aug-2026,229.5,229.5,225.33,228.49,228.85,11019,25.02,324,6560.0,59.53
BAJAJST, 28-Aug-2026,362.65,364.65,343.0,345.55,357.4,18018,62.88,1028,12529.0,69.54
BAJEL, 28-Aug-2026,195.45,197.3,192.21,192.84,194.53,194797,378.56,4393,99136.0,50.89
BAJFINANCE, 28-Aug-2026,1065.7,1081.5,1065.7,1079.9,1083.0,4554311,48934.65,72226,2822874.0,61.98
BALAJEE, 28-Aug-2026,26.98,26.98,26.16,26.51,26.46,25967,6.86,175,20599.0,79.33
BALAJITELE, 28-Aug-2026,93.96,95.0,93.3,94.05,93.54,52835,49.68,849,30283.0,57.32
BALAMINES, 28-Aug-2026,2413.0,2431.1,2361.1,2390.5,2425.8,124958,2983.68,14622,42787.0,34.24
BALAXI, 28-Aug-2026,22.1,22.9,22.1,22.54,22.44,13533,3.05,96,10888.0,80.46
BALKRISHNA, 28-Aug-2026,17.11,17.48,16.6,16.89,17.13,16299,2.76,210,14649.0,89.88
BALKRISIND, 28-Aug-2026,2358.0,2360.9,2326.5,2340.1,2352.1,755064,17674.8,93022,583022.0,77.21
BALMLAWRIE, 28-Aug-2026,176.45,178.16,175.81,177.8,175.26,116790,207.1,2045,76463.0,65.47
BALPHARMA, 28-Aug-2026,85.89,86.03,84.17,84.8,85.02,6199,5.29,140,5307.0,85.61
BALRAMCHIN, 28-Aug-2026,649.6,665.8,645.65,654.85,649.95,2100532,13781.63,41226,338990.0,16.14
BALUFORGE, 28-Aug-2026,635.0,649.5,635.0,638.8,632.9,1441287,9260.29,22011,395203.0,27.42
BANARBEADS, 28-Aug-2026,122.4,122.8,115.26,115.53,119.51,3807,4.46,130,2365.0,62.12
BANARISUG, 28-Aug-2026,3797.5,4060.0,3797.5,3930.7,3766.4,8682,343.81,1591,2196.0,25.29
BANCOINDIA, 28-Aug-2026,624.3,630.5,619.0,624.4,623.65,55866,349.5,4639,28301.0,50.66
BANDHANBNK, 28-Aug-2026,170.03,170.48,167.8,168.25,169.7,3469922,5859.46,44093,1618290.0,46.64
BANG, 28-Aug-2026,34.4,35.0,32.81,34.75,33.42,279802,95.73,836,224130.0,80.1
BANK10ADD, 28-Aug-2026,16.95,17.0,16.87,16.95,17.01,23809,4.02,86,18926.0,79.49
BANK10BETF, 28-Aug-2026,21.15,21.15,20.7,20.77,20.95,1494,0.31,13,1435.0,96.05
BANKA, 28-Aug-2026,79.5,80.99,78.0,79.2,79.62,283,0.22,23,161.0,56.89
BANKADD, 28-Aug-2026,59.19,59.19,58.8,58.84,59.04,5670,3.34,61,3431.0,60.51
BANKBARODA, 28-Aug-2026,241.15,241.9,239.5,241.9,241.0,3571651,8589.99,30675,1674359.0,46.88
BANKBEES, 28-Aug-2026,597.75,598.0,594.05,596.06,596.79,526937,3140.74,5018,378219.0,71.78
BANKBETA, 28-Aug-2026,59.58,59.72,59.31,59.48,59.58,1102472,654.28,377,1085531.0,98.46
BANKBETF, 28-Aug-2026,58.57,58.65,58.23,58.49,58.57,246198,143.95,219,240947.0,97.87
BANKETF, 28-Aug-2026,587.54,588.11,584.84,585.97,587.54,13548,79.44,949,6319.0,46.64
BANKIETF, 28-Aug-2026,59.36,59.36,58.91,59.13,59.24,862614,510.57,1134,632510.0,73.32
BANKINDIA, 28-Aug-2026,144.89,144.89,142.7,144.0,144.6,4694456,6737.16,31540,2717033.0,57.88
BANKNIFTY1, 28-Aug-2026,59.82,60.6,59.53,60.0,59.76,1030739,617.27,840,888478.0,86.2
BANKPSU, 28-Aug-2026,86.6,86.87,86.41,86.63,86.7,9490,8.22,75,4521.0,47.64
BANSALWIRE, 28-Aug-2026,319.3,320.9,317.0,318.0,316.95,23351,74.46,1557,12583.0,53.89
BANSWRAS, 28-Aug-2026,117.86,119.78,116.45,116.88,118.46,26728,31.32,406,15022.0,56.2
BARFLEX, 28-Aug-2026,62.0,62.0,60.0,60.0,61.4,24000,14.48,8,22000.0,91.67
BASF, 28-Aug-2026,3845.0,3879.9,3835.8,3848.7,3846.1,7730,298.07,2178,3815.0,49.35
BASILIC, 28-Aug-2026,186.0,186.6,183.35,186.45,183.3,4500,8.37,15,2700.0,60.0
BATAINDIA, 28-Aug-2026,682.0,684.7,678.1,681.3,681.6,80053,545.21,5428,41076.0,51.31
BATLIBOI, 28-Aug-2026,85.95,90.0,84.54,88.41,85.03,35076,30.73,744,18949.0,54.02
BAWEJA, 28-Aug-2026,24.2,24.2,22.75,22.75,23.65,16000,3.74,11,15200.0,95.0
BAYERCROP, 28-Aug-2026,4077.0,4077.3,4042.0,4048.7,4067.9,12947,524.6,2329,8372.0,64.66
BBETF0432, 28-Aug-2026,1356.02,1356.02,1341.66,1342.48,1343.23,2622,35.21,54,2348.0,89.55
BBL, 28-Aug-2026,2384.0,2384.0,2345.0,2358.8,2370.4,12187,287.68,1663,7901.0,64.83
BBNPNBETF, 28-Aug-2026,59.34,59.34,57.9,57.97,57.9,71,0.04,16,70.0,98.59
BBNPPGOLD, 28-Aug-2026,151.8,153.85,151.45,152.85,151.8,2251,3.43,86,1169.0,51.93
BBOX, 28-Aug-2026,741.05,754.95,740.0,745.9,739.0,139959,1044.71,8770,56811.0,40.59
BBTC, 28-Aug-2026,1598.9,1598.9,1552.0,1563.2,1613.6,627788,9843.8,31290,75557.0,12.04
BBTCL, 28-Aug-2026,235.05,239.78,233.12,235.59,237.01,4480,10.61,188,2440.0,54.46
BCG, 28-Aug-2026,9.01,9.09,9.01,9.05,9.03,2448110,221.36,2938,1442345.0,58.92
BCLIND, 28-Aug-2026,37.02,37.13,36.55,36.74,37.02,402479,148.11,2322,211217.0,52.48
BCONCEPTS, 28-Aug-2026,159.93,167.5,158.05,163.07,160.01,9226,15.06,555,5880.0,63.73
BCPL, 28-Aug-2026,70.5,70.5,67.0,68.94,69.42,6526,4.48,150,5126.0,78.55
BDL, 28-Aug-2026,1345.8,1348.4,1301.0,1306.0,1348.6,1589088,20895.99,47737,701908.0,44.17
BEACON, 28-Aug-2026,79.4,83.0,79.4,82.65,79.4,18000,14.68,18,17000.0,94.44
BEARDSELL, 28-Aug-2026,27.68,27.68,25.65,25.96,26.52,15836,4.16,326,11773.0,74.34
BECTORFOOD, 28-Aug-2026,240.0,241.28,230.29,232.87,238.12,1011561,2383.76,17253,422736.0,41.79
BEDMUTHA, 28-Aug-2026,105.0,107.75,105.0,106.25,106.04,2412,2.56,40,2233.0,92.58
BEEKAY, 28-Aug-2026,428.0,444.0,419.0,424.2,427.25,6911,29.46,50,6698.0,96.92
BEL, 28-Aug-2026,410.85,411.9,407.25,411.9,411.0,8025382,32866.71,65127,4749950.0,59.19
BELLACASA, 28-Aug-2026,245.0,254.8,243.42,247.3,246.74,9120,22.76,319,6402.0,70.2
BELRISE, 28-Aug-2026,229.32,232.2,226.2,229.87,229.22,3131483,7186.47,31850,1419547.0,45.33
BEML, 28-Aug-2026,1926.1,1990.0,1909.0,1984.9,1920.6,494559,9744.42,39282,211205.0,42.71
BENARAS, 28-Aug-2026,10025.0,10270.0,10000.0,10122.0,10200.0,167,16.71,24,164.0,98.2
BENGALASM, 28-Aug-2026,6250.0,6350.0,6247.5,6339.5,6248.0,462,29.06,62,407.0,88.1
BEPL, 28-Aug-2026,122.0,125.8,121.51,123.52,121.43,979785,1213.08,7786,391190.0,39.93
BERGEPAINT, 28-Aug-2026,501.85,501.85,493.0,494.35,501.0,149998,744.44,14789,93076.0,62.05
BESTAGRO, 28-Aug-2026,17.48,17.78,17.42,17.61,17.47,265082,46.66,1184,131589.0,49.64
BETA, 28-Aug-2026,2194.2,2253.0,2166.2,2201.0,2194.2,16090,352.78,2550,7791.0,48.42
BEWLTD, 28-Aug-2026,52.55,54.0,49.8,50.0,52.5,29000,14.9,48,26000.0,89.66
BFINVEST, 28-Aug-2026,443.0,450.0,441.0,442.8,442.95,9810,43.48,614,6090.0,62.08
BFSI, 28-Aug-2026,28.09,28.09,27.22,27.31,27.41,78704,21.5,680,46870.0,59.55
BFUTILITIE, 28-Aug-2026,502.55,514.9,500.0,510.25,502.55,49622,252.21,2960,23902.0,48.17
BHADORA, 28-Aug-2026,114.05,122.0,112.5,118.0,117.8,21600,25.06,18,18000.0,83.33
BHAGCHEM, 28-Aug-2026,282.45,283.95,272.1,277.9,282.6,90077,251.13,1815,51748.0,57.45
BHAGYANGR, 28-Aug-2026,380.95,398.5,380.05,391.05,382.9,81903,319.95,2929,44326.0,54.12
BHANDARI, 28-Aug-2026,3.09,3.09,3.01,3.03,3.04,90135,2.75,212,68035.0,75.48
BHARATCOAL, 28-Aug-2026,34.34,34.48,33.92,34.02,34.17,2950662,1007.11,10241,1464345.0,49.63
BHARATFORG, 28-Aug-2026,2048.1,2048.1,2005.4,2037.7,2050.0,362775,7352.18,24847,162296.0,44.74
BHARATRAS, 28-Aug-2026,1278.5,1281.7,1251.5,1255.2,1272.6,11614,146.21,1829,7243.0,62.36
BHARATSE, 28-Aug-2026,221.9,227.77,220.15,226.43,221.07,130053,291.25,2902,65929.0,50.69
BHARATWIRE, 28-Aug-2026,186.64,188.94,185.64,186.99,187.64,83316,156.09,1936,36411.0,43.7
BHARTIARTL, 28-Aug-2026,1875.7,1894.3,1867.6,1882.4,1878.3,6106300,114806.6,133052,4105854.0,67.24
BHARTIHEXA, 28-Aug-2026,1545.0,1576.2,1522.0,1550.1,1551.1,104940,1615.89,9643,52885.0,50.4
BHEL, 28-Aug-2026,434.0,436.65,427.0,430.85,433.95,5837847,25158.81,58385,2108829.0,36.12
BIGBLOC, 28-Aug-2026,42.9,43.27,41.95,42.33,42.67,50587,21.37,575,33751.0,66.72
BIKAJI, 28-Aug-2026,614.95,624.2,612.0,618.8,611.9,244238,1510.19,20077,124957.0,51.16
BIKEWO, 28-Aug-2026,98.9,98.9,98.9,98.9,94.2,32000,31.65,14,32000.0,100.0
BIL, 28-Aug-2026,872.05,890.0,844.55,857.7,867.15,21683,188.12,927,17157.0,79.13
BIMETAL, 28-Aug-2026,625.0,679.0,625.0,648.5,618.5,2388,15.31,113,2106.0,88.19
BIOCON, 28-Aug-2026,416.4,418.65,410.0,411.1,418.4,2187557,9031.21,26051,1122493.0,51.31
BIOFILCHEM, 28-Aug-2026,32.8,33.79,32.8,32.93,32.8,4186,1.38,116,3420.0,81.7
BIOPOL, 28-Aug-2026,67.15,70.0,56.9,56.9,71.1,270000,162.75,190,177600.0,65.78
BIRET, 28-Aug-2026,341.5,342.15,339.95,341.93,341.39,194045,662.76,6126,165893.0,85.49
BIRLACORPN, 28-Aug-2026,883.0,897.95,877.15,881.2,883.0,32452,286.06,3594,19719.0,60.76
BIRLAMONEY, 28-Aug-2026,131.77,131.77,128.45,129.94,129.89,24071,31.26,544,16385.0,68.07
BIRLANU, 28-Aug-2026,1450.0,1467.2,1430.0,1442.3,1450.8,6565,95.16,1045,3495.0,53.24
BIRLAPREC, 28-Aug-2026,48.39,49.0,46.2,47.64,47.37,222244,106.46,1736,147375.0,66.31
BLACKBUCK, 28-Aug-2026,589.95,592.75,584.75,588.15,588.2,164649,969.55,7720,74622.0,45.32
BLAL, 28-Aug-2026,166.0,167.74,165.92,166.14,166.46,28314,47.06,330,23215.0,81.99
BLBLIMITED, 28-Aug-2026,15.82,16.18,15.8,15.98,16.04,88700,14.13,292,66522.0,75.0
BLEL, 28-Aug-2026,470.0,470.5,452.3,457.45,469.85,1468288,6751.23,25019,320210.0,21.81
BLIL, 28-Aug-2026,72.3,72.43,71.95,72.14,72.19,52904,38.13,811,44534.0,84.18
BLKASHYAP, 28-Aug-2026,56.47,60.9,56.47,58.57,56.47,2938216,1741.08,15238,1143099.0,38.9
BLS, 28-Aug-2026,238.1,240.45,237.2,239.03,238.07,890636,2127.31,17695,382619.0,42.96
BLSE, 28-Aug-2026,314.0,328.9,313.0,326.25,314.05,641255,2077.67,11460,333773.0,52.05
BLUECHIP, 28-Aug-2026,2.14,2.14,2.14,2.14,2.1,11621,0.25,15,11621.0,100.0
BLUECLOUDS, 28-Aug-2026,20.6,20.9,19.9,20.19,20.43,3212056,646.14,4679,1506472.0,46.9
BLUEDART, 28-Aug-2026,5001.0,5032.5,4975.0,4989.5,5005.5,3660,182.79,1134,1826.0,49.89
BLUEJET, 28-Aug-2026,585.0,590.25,575.0,577.65,585.6,378817,2198.65,13214,220023.0,58.08
BLUEPEBBLE, 28-Aug-2026,62.5,64.0,59.2,63.0,64.0,10400,6.39,26,6000.0,57.69
BLUESTARCO, 28-Aug-2026,1494.0,1494.0,1472.9,1480.0,1497.0,292190,4325.31,18226,117571.0,40.24
BLUESTONE, 28-Aug-2026,804.0,809.85,790.15,794.7,800.5,277657,2220.94,10978,77478.0,27.9
BLUEWATER, 28-Aug-2026,475.0,498.75,456.6,480.0,475.0,24000,116.54,23,24000.0,100.0
BLUSPRING, 28-Aug-2026,132.0,135.0,127.0,127.43,131.56,429364,558.34,5538,200738.0,46.75
BMETRICS, 28-Aug-2026,33.65,33.65,33.0,33.5,35.0,3200,1.07,4,3200.0,100.0
BMLL, 28-Aug-2026,149.0,149.0,146.0,146.55,151.0,21000,31.06,14,20000.0,95.24
BMWVENTLTD, 28-Aug-2026,57.0,57.38,56.51,56.65,56.95,39438,22.48,806,22977.0,58.26
BNAGROCHEM, 28-Aug-2026,234.95,234.95,223.65,226.8,233.9,22675,52.72,65,18291.0,80.67
BNKETFAXIS, 28-Aug-2026,593.94,595.24,591.2,593.78,594.58,3459,20.48,18,3417.0,98.79
BOHRAIND, 28-Aug-2026,13.8,13.8,12.11,12.64,12.85,31336,3.98,158,19542.0,62.36
BOMDYEING, 28-Aug-2026,116.69,119.75,115.15,118.4,116.95,1343633,1583.0,13637,383401.0,28.53
BONLON, 28-Aug-2026,39.05,41.99,39.05,40.5,40.3,21445,8.74,275,16974.0,79.15
BORANA, 28-Aug-2026,311.85,322.0,309.85,317.75,310.15,12087,37.94,245,7604.0,62.91
BOROLTD, 28-Aug-2026,244.59,251.84,238.27,239.81,244.07,651151,1594.42,10258,329766.0,50.64
BORORENEW, 28-Aug-2026,514.5,520.0,501.0,502.25,517.55,988158,5014.28,20448,631061.0,63.86
BOROSCI, 28-Aug-2026,126.5,126.69,122.41,124.44,125.89,36344,45.42,973,21711.0,59.74
BOSCH-HCIL, 28-Aug-2026,1675.1,1706.8,1666.8,1695.2,1667.6,17547,296.5,2124,7556.0,43.06
BOSCHLTD, 28-Aug-2026,48780.0,48930.0,48020.0,48640.0,48780.0,26114,12682.5,8138,12810.0,49.05
BOSS, 28-Aug-2026,48.35,51.95,48.35,51.95,50.85,6000,2.97,3,4000.0,66.67
BPCL, 28-Aug-2026,318.0,319.9,316.0,319.25,318.0,4733069,15044.67,30824,2597755.0,54.89
BPL, 28-Aug-2026,52.0,52.01,49.3,50.43,51.79,36901,18.83,577,22224.0,60.23
BPLPHARMA, 28-Aug-2026,1578.2,1578.2,1510.0,1527.8,1496.6,936,14.41,151,589.0,62.93
BRACEPORT, 28-Aug-2026,60.2,60.2,58.2,58.2,60.2,6400,3.82,4,6400.0,100.0
BRAHMINFRA, 28-Aug-2026,161.29,165.0,155.02,160.13,156.86,15733,24.97,468,9155.0,58.19
BRANDMAN, 28-Aug-2026,159.5,162.45,158.0,162.0,159.5,10400,16.66,11,9600.0,92.31
BRIGADE, 28-Aug-2026,657.1,657.75,640.4,642.25,656.75,249374,1613.53,12265,103283.0,41.42
BRIGHOTEL, 28-Aug-2026,59.99,60.0,59.0,59.56,59.57,74934,44.53,2058,49438.0,65.98
BRIGHTBR, 28-Aug-2026,253.36,267.67,240.0,260.78,263.83,1113,2.77,34,1008.0,90.57
BRITANNIA, 28-Aug-2026,5298.0,5355.0,5276.5,5308.5,5298.0,246611,13089.5,19372,161761.0,65.59
BRNL, 28-Aug-2026,17.29,17.4,17.1,17.29,17.29,9562,1.65,110,5001.0,52.3
BSE, 28-Aug-2026,3313.0,3410.0,3303.0,3405.0,3328.0,4774200,161391.18,140695,2399729.0,50.26
BSE500IETF, 28-Aug-2026,39.69,40.01,39.55,39.85,39.69,53181,21.19,536,32313.0,60.76
BSHSL, 28-Aug-2026,90.0,92.61,90.0,91.85,89.08,8443,7.74,129,6671.0,79.01
BSL, 28-Aug-2026,125.0,125.0,121.8,123.03,123.42,1236,1.52,48,1025.0,82.93
BSLGOLDETF, 28-Aug-2026,138.75,140.01,137.57,139.62,138.75,222269,308.92,1978,95386.0,42.91
BSLNIFTY, 28-Aug-2026,28.79,28.79,28.1,28.38,28.4,832664,236.26,3166,560832.0,67.35
BSLSENETFG, 28-Aug-2026,78.0,78.33,77.0,78.01,77.93,1259,0.98,84,945.0,75.06
BSOFT, 28-Aug-2026,289.95,303.95,289.9,300.9,287.95,3235524,9667.7,44867,1140417.0,35.25
BTML, 28-Aug-2026,8.93,8.96,8.54,8.61,8.98,374591,33.02,472,317793.0,84.84
BUILDPRO, 28-Aug-2026,1242.0,1268.2,1240.1,1243.7,1242.1,18107,227.19,1757,11773.0,65.02
BURNPUR, 28-Aug-2026,16.15,16.15,15.1,16.15,14.69,494712,79.43,1124,208255.0,42.1
BUTTERFLY, 28-Aug-2026,628.0,655.45,625.05,633.15,627.75,26089,166.58,1899,10636.0,40.77
BVCL, 28-Aug-2026,43.5,45.48,41.9,43.9,43.57,161651,71.15,533,73404.0,45.41
C2C, 28-Aug-2026,228.0,235.0,224.6,228.4,227.45,42900,97.84,203,30150.0,70.28
CADSYS, 28-Aug-2026,48.3,48.3,48.3,48.3,50.8,2500,1.21,2,2500.0,100.0
CALSOFT, 28-Aug-2026,35.5,35.5,35.5,35.5,33.81,90695,32.2,238,90695.0,100.0
CAMLINFINE, 28-Aug-2026,104.1,104.4,102.51,103.52,102.94,655783,677.59,5496,345243.0,52.65
CAMPUS, 28-Aug-2026,225.0,227.8,223.1,226.14,224.99,428622,966.72,6756,200126.0,46.69
CAMS, 28-Aug-2026,743.4,762.0,739.0,762.0,740.9,3420858,25745.54,54804,1704568.0,49.83
CANARYS, 28-Aug-2026,26.05,27.05,26.05,26.35,26.05,120000,31.75,30,80000.0,66.67
CANBK, 28-Aug-2026,128.15,129.06,127.25,128.35,128.14,13970144,17875.88,47694,6949480.0,49.75
CANFINHOME, 28-Aug-2026,804.7,819.25,804.4,815.5,803.8,225609,1837.58,8042,138955.0,61.59
CANHLIFE, 28-Aug-2026,157.5,159.0,153.1,154.19,156.89,1161040,1796.98,12849,682418.0,58.78
CANTABIL, 28-Aug-2026,246.6,247.01,242.5,243.59,246.52,36886,90.13,901,24852.0,67.38
CAPACITE, 28-Aug-2026,224.0,224.05,216.5,217.33,223.16,385660,843.07,7297,157193.0,40.76
CAPILLARY, 28-Aug-2026,508.95,509.0,498.1,501.5,508.95,81204,408.7,3986,39279.0,48.37
CAPINVIT, 28-Aug-2026,77.25,77.25,76.71,77.0,76.97,292849,225.33,1650,250469.0,85.53
CAPITALSFB, 28-Aug-2026,286.85,286.9,280.05,281.65,283.95,13245,37.48,564,9238.0,69.75
CAPLIPOINT, 28-Aug-2026,2553.3,2597.9,2510.0,2517.2,2540.7,47400,1206.39,7440,20572.0,43.4
CARBORUNIV, 28-Aug-2026,1100.1,1125.0,1087.0,1116.8,1103.2,85151,940.14,8581,35749.0,41.98
CARERATING, 28-Aug-2026,1634.0,1685.2,1634.0,1682.1,1633.7,27594,462.33,4838,17494.0,63.4
CARRARO, 28-Aug-2026,546.7,561.8,542.4,557.8,544.05,518886,2894.45,9905,418306.0,80.62
CARTRADE, 28-Aug-2026,3079.0,3079.0,3001.0,3014.6,3080.2,205402,6249.75,21079,92317.0,44.94
CARYSIL, 28-Aug-2026,1117.0,1130.0,1108.1,1112.8,1116.3,36105,402.82,3872,18511.0,51.27
CASHIETF, 28-Aug-2026,1079.75,1079.75,1077.44,1077.45,1077.01,115599,1245.53,95,88851.0,76.86
CASTROLIND, 28-Aug-2026,185.55,186.95,185.06,185.24,185.27,848396,1578.03,18012,580409.0,68.41
CCAVENUE, 28-Aug-2026,15.25,15.52,15.2,15.27,15.22,6373496,975.81,8887,3079930.0,48.32
CCCL, 28-Aug-2026,15.18,15.18,14.66,14.76,14.98,268918,39.95,420,219270.0,81.54
CCHHL, 28-Aug-2026,12.93,13.09,12.78,12.89,12.86,7905,1.02,38,6953.0,87.96
CCL, 28-Aug-2026,1111.5,1126.9,1101.7,1123.1,1111.5,131036,1463.16,14019,87065.0,66.44
CDSL, 28-Aug-2026,1410.8,1417.3,1397.0,1414.7,1410.8,1052357,14834.03,34284,392124.0,37.26
CEATLTD, 28-Aug-2026,3514.3,3548.6,3494.5,3511.5,3510.6,33013,1163.13,7265,13844.0,41.93
CEIGALL, 28-Aug-2026,340.45,344.65,335.6,341.0,341.05,624378,2128.33,8333,372176.0,59.61
CEINSYS, 28-Aug-2026,730.6,741.1,720.0,723.15,727.0,29948,218.71,2399,16146.0,53.91
CELEBRITY, 28-Aug-2026,6.88,6.93,6.7,6.8,6.88,7244,0.49,71,4584.0,63.28
CELLECOR, 28-Aug-2026,33.4,34.0,32.25,32.45,33.35,240000,78.59,51,186000.0,77.5
CELLO, 28-Aug-2026,352.9,353.7,348.3,350.8,350.4,156223,547.44,6468,71760.0,45.93
CELLPOINT, 28-Aug-2026,16.3,16.3,16.3,16.3,16.3,1200,0.2,1,1200.0,100.0
CEMNTGROWW, 28-Aug-2026,15.04,15.13,14.72,14.87,14.97,56947,8.45,562,44368.0,77.91
CEMPRO, 28-Aug-2026,1264.0,1285.0,1252.9,1268.1,1251.2,129496,1643.37,9650,75426.0,58.25
CENTENKA, 28-Aug-2026,548.4,553.0,544.0,547.4,547.3,20796,113.96,1885,12537.0,60.29
CENTEXT, 28-Aug-2026,22.65,22.89,22.02,22.27,22.59,99676,22.24,552,58449.0,58.64
CENTRALBK, 28-Aug-2026,30.67,30.77,30.37,30.54,30.65,6429357,1960.93,18644,3492687.0,54.32
CENTRUM, 28-Aug-2026,23.29,23.31,23.0,23.05,23.09,139773,32.32,448,85456.0,61.14
CENTUM, 28-Aug-2026,3401.0,3456.1,3399.9,3442.8,3401.9,25905,890.02,5098,12378.0,47.78
CENTURYPLY, 28-Aug-2026,740.0,758.25,740.0,753.8,751.75,81308,613.09,3452,63653.0,78.29
CERA, 28-Aug-2026,5690.0,5709.5,5600.0,5654.5,5662.0,7189,407.07,2907,3871.0,53.85
CESC, 28-Aug-2026,152.2,152.29,147.83,148.11,152.13,1728235,2586.33,21299,1146181.0,66.32
CEWATER, 28-Aug-2026,263.7,272.15,263.3,267.5,266.25,94109,252.13,2669,51465.0,54.69
CFEL, 28-Aug-2026,32.0,32.0,31.0,31.0,31.63,17757,5.56,64,17649.0,99.39
CGCL, 28-Aug-2026,245.0,263.56,244.1,257.98,244.8,29680127,74798.25,118337,10685140.0,36.0
CGPOWER, 28-Aug-2026,896.45,896.45,878.2,889.0,897.9,2230616,19796.73,40430,979543.0,43.91
CGRAPHICS, 28-Aug-2026,148.05,148.1,143.55,145.9,151.75,23200,33.85,27,16800.0,72.41
CGVAK, 28-Aug-2026,148.0,154.0,147.13,149.7,148.15,4564,6.82,48,3280.0,71.87
CHALET, 28-Aug-2026,906.0,925.1,894.75,901.2,910.3,204227,1862.35,18281,74564.0,36.51
CHAMBLFERT, 28-Aug-2026,425.7,426.95,421.1,421.55,424.75,336671,1422.19,12666,206912.0,61.46
CHAMUNDA, 28-Aug-2026,43.95,43.95,43.95,43.95,43.95,9000,3.96,1,9000.0,100.0
CHANDAN, 28-Aug-2026,222.3,222.3,214.0,217.9,222.25,45600,99.16,50,31200.0,68.42
CHAVDA, 28-Aug-2026,138.2,139.05,137.8,138.65,138.05,131000,181.23,49,55000.0,41.98
CHEMBOND, 28-Aug-2026,174.88,176.99,168.0,174.48,173.59,7183,12.36,112,5453.0,75.92
CHEMCRUX, 28-Aug-2026,85.95,85.95,82.3,84.46,83.98,2359,1.98,88,2073.0,87.88
CHEMFAB, 28-Aug-2026,354.0,372.5,354.0,369.75,358.9,3184,11.71,150,2599.0,81.63
CHEMICAL, 28-Aug-2026,30.66,30.66,30.3,30.39,30.51,162213,49.31,821,84444.0,52.06
CHEMPLASTS, 28-Aug-2026,178.5,188.5,178.5,182.68,178.65,993182,1835.78,19903,427865.0,43.08
CHENNPETRO, 28-Aug-2026,1359.1,1376.0,1333.2,1341.1,1352.4,690557,9336.21,32317,231657.0,33.55
CHETANA, 28-Aug-2026,43.0,43.0,43.0,43.0,43.35,3200,1.38,1,3200.0,100.0
CHEVIOT, 28-Aug-2026,1142.5,1146.0,1135.0,1141.6,1135.8,725,8.27,117,571.0,78.76
CHOICEGOLD, 28-Aug-2026,159.0,159.0,155.09,156.63,156.51,4970,7.79,157,2093.0,42.11
CHOICEIN, 28-Aug-2026,775.0,792.9,774.3,786.4,775.05,378490,2976.02,9069,86171.0,22.77
CHOLAFIN, 28-Aug-2026,1878.0,1878.0,1845.0,1862.9,1875.4,803008,14942.37,27822,495428.0,61.7
CHOLAHLDNG, 28-Aug-2026,1517.2,1527.6,1491.7,1498.8,1517.2,191026,2868.36,18473,120876.0,63.28
CIEINDIA, 28-Aug-2026,394.5,397.45,389.0,389.95,394.5,258053,1009.58,14701,158027.0,61.24
CIFL, 28-Aug-2026,20.33,20.86,20.33,20.72,20.74,13146,2.73,130,11790.0,89.69
CINELINE, 28-Aug-2026,89.1,89.1,87.9,87.98,89.37,29265,25.79,152,27437.0,93.75
CINEVISTA, 28-Aug-2026,14.11,14.9,14.1,14.41,14.18,9025,1.31,108,7531.0,83.45
CIPLA, 28-Aug-2026,1420.0,1423.9,1409.1,1423.5,1420.0,377976,5356.96,20704,236801.0,62.65
CITIUSINVT, 28-Aug-2026,114.44,116.5,113.87,114.46,114.0,161816,186.65,510,149520.0,92.4
CKKRETAIL, 28-Aug-2026,165.0,166.8,165.0,166.8,160.5,1600,2.65,2,1600.0,100.0
CLASSICEIL, 28-Aug-2026,61.5,62.5,56.95,56.95,59.9,43200,25.28,27,24000.0,55.56
CLAYCRAFT, 28-Aug-2026,157.5,159.0,157.0,159.0,156.0,13200,20.84,21,9000.0,68.18
CLEAN, 28-Aug-2026,832.0,844.4,822.6,836.45,830.05,253666,2121.43,13484,118102.0,46.56
CLEANMAX, 28-Aug-2026,1272.0,1273.9,1240.5,1250.9,1274.6,224246,2810.86,15602,81744.0,36.45
CLSEL, 28-Aug-2026,294.05,299.0,291.25,293.05,295.2,80641,236.75,2662,41783.0,51.81
CLSL, 28-Aug-2026,90.0,91.5,86.45,91.5,91.0,22000,19.51,11,20000.0,90.91
CMLL, 28-Aug-2026,517.25,517.25,507.35,509.8,511.35,140467,716.72,3092,70453.0,50.16
CMNL, 28-Aug-2026,122.0,122.0,112.5,120.0,121.25,25500,30.67,20,23250.0,91.18
CMPDI, 28-Aug-2026,230.1,232.01,229.05,230.97,229.97,468417,1079.0,7181,225630.0,48.17
CMRGREEN, 28-Aug-2026,221.79,226.8,218.69,225.11,221.07,627825,1410.76,10329,354860.0,56.52
CMRSL, 28-Aug-2026,68.0,68.4,68.0,68.4,68.4,3200,2.19,4,3200.0,100.0
CMSINFO, 28-Aug-2026,241.0,244.65,239.5,242.55,239.95,1254724,3026.88,30073,892896.0,71.16
CNL, 28-Aug-2026,1203.7,1268.95,1194.0,1242.15,1207.95,68622,842.47,5583,14683.0,21.4
COALINDIA, 28-Aug-2026,401.0,406.35,397.5,401.0,400.0,38504284,153689.14,132542,30565559.0,79.38
COASTCORP, 28-Aug-2026,40.93,40.93,40.3,40.62,40.62,38682,15.71,537,25166.0,65.06
COCHINSHIP, 28-Aug-2026,1543.0,1543.9,1528.0,1535.0,1543.0,412702,6335.57,17338,170942.0,41.42
COCKERILL, 28-Aug-2026,8101.5,8150.0,8030.0,8123.0,8089.5,2613,211.47,1216,1610.0,61.62
COFORGE, 28-Aug-2026,1915.0,2016.5,1911.0,2014.6,1901.8,5516587,109339.88,172421,1920059.0,34.81
COHANCE, 28-Aug-2026,453.7,454.75,447.25,449.9,454.0,272982,1230.23,9027,134795.0,49.38
COLPAL, 28-Aug-2026,1851.9,1851.9,1825.0,1826.9,1845.0,283459,5190.86,39248,173919.0,61.36
COMFINTE, 28-Aug-2026,5.95,6.2,5.85,5.94,5.93,97517,5.78,302,70931.0,72.74
COMMITTED, 28-Aug-2026,333.9,357.0,333.9,352.2,330.45,24000,83.2,21,20800.0,86.67
COMMOIETF, 28-Aug-2026,100.36,100.36,99.36,99.82,100.2,40558,40.42,1018,26876.0,66.27
COMPEAU, 28-Aug-2026,348.05,355.0,340.0,353.95,348.05,1520,5.27,39,1205.0,79.28
COMPUSOFT, 28-Aug-2026,13.54,13.99,12.67,13.26,13.47,34546,4.64,282,20358.0,58.93
COMSYN, 28-Aug-2026,283.75,286.76,266.04,282.0,283.75,1058298,2909.87,5807,508241.0,48.02
CONCOR, 28-Aug-2026,502.35,520.0,502.35,516.0,493.05,4311023,22147.86,76983,1381739.0,32.05
CONCORDBIO, 28-Aug-2026,1507.8,1519.7,1475.4,1481.1,1481.9,88034,1314.18,11622,40010.0,45.45
CONFIPET, 28-Aug-2026,78.9,80.6,78.16,79.87,79.01,1407583,1121.37,8590,605801.0,43.04
CONNPLEX, 28-Aug-2026,225.0,230.0,220.0,225.1,225.0,20000,45.19,25,15200.0,76.0
CONS, 28-Aug-2026,12.34,12.34,12.21,12.28,12.32,23314,2.86,130,16601.0,71.21
CONSUMAXIS, 28-Aug-2026,122.9,123.23,122.23,122.8,122.9,2122,2.6,23,1068.0,50.33
CONSUMBEES, 28-Aug-2026,133.23,133.85,132.0,132.58,133.22,95453,126.55,967,57493.0,60.23
CONSUMER, 28-Aug-2026,12.07,12.34,12.07,12.23,12.31,116527,14.28,381,96465.0,82.78
CONSUMIETF, 28-Aug-2026,123.61,124.0,122.97,123.2,124.16,6108,7.53,219,3381.0,55.35
CONTI, 28-Aug-2026,10.5,10.95,10.15,10.95,10.45,273306,28.69,5,273306.0,100.0
CONTROLPR, 28-Aug-2026,594.0,612.7,594.0,598.2,596.7,31181,187.47,2354,20540.0,65.87
COOLCAPS, 28-Aug-2026,19.85,20.0,19.35,19.85,19.9,58750,11.53,29,50000.0,85.11
CORALFINAC, 28-Aug-2026,34.16,34.16,33.16,33.26,33.8,19686,6.63,403,9142.0,46.44
CORDELIA, 28-Aug-2026,105.0,106.95,100.15,105.05,105.0,4082279,4192.19,13138,2364836.0,57.93
COROMANDEL, 28-Aug-2026,1931.0,1943.0,1895.2,1913.7,1928.4,115794,2215.88,18480,61106.0,52.77
CORONA, 28-Aug-2026,2093.0,2093.1,2054.1,2079.5,2083.2,10524,218.26,2297,5289.0,50.26
COSMOFIRST, 28-Aug-2026,942.05,949.0,931.45,938.35,942.05,48392,455.03,3010,24149.0,49.9
CPCAP, 28-Aug-2026,112.73,116.19,111.0,114.16,112.73,14367,16.31,409,8530.0,59.37
CPEDU, 28-Aug-2026,191.95,194.37,185.0,186.52,192.21,4888,9.16,104,4606.0,94.23
CPL, 28-Aug-2026,64.76,65.55,63.01,63.89,64.76,148670,96.02,1890,22869.0,15.38
CPPLUS, 28-Aug-2026,3630.0,3662.0,3552.0,3576.6,3629.7,138494,4980.98,15638,81554.0,58.89
CPS, 28-Aug-2026,1145.1,1150.0,1145.1,1150.0,1145.1,300,3.44,2,300.0,100.0
CPSEETF, 28-Aug-2026,94.9,94.9,92.51,92.76,92.59,981251,909.29,5515,689898.0,70.31
CRAFTSMAN, 28-Aug-2026,10949.0,11199.5,10858.0,11118.0,10898.0,70823,7838.9,20516,34647.0,48.92
CRAMC, 28-Aug-2026,258.0,261.15,255.7,259.9,258.9,179348,464.09,5978,99736.0,55.61
CRAVATEX, 28-Aug-2026,332.6,332.6,328.3,328.3,332.6,25,0.08,6,25.0,100.0
CRAYONS, 28-Aug-2026,26.55,26.55,26.55,26.55,25.3,3000,0.8,3,3000.0,100.0
CREATIVEYE, 28-Aug-2026,6.36,6.36,6.06,6.18,6.06,8732,0.54,35,7374.0,84.45
CREDENT, 28-Aug-2026,357.0,357.0,345.0,349.1,357.15,86400,300.83,98,81000.0,93.75
CREDITACC, 28-Aug-2026,1417.0,1422.8,1367.4,1391.7,1425.9,488002,6762.65,43765,227305.0,46.58
CREST, 28-Aug-2026,363.4,378.0,363.05,371.95,371.85,938,3.48,99,699.0,74.52
CRISIL, 28-Aug-2026,4707.0,4795.5,4690.7,4732.7,4703.2,105229,5006.79,21347,52867.0,50.24
CRIZAC, 28-Aug-2026,175.95,178.08,171.8,172.9,175.78,149889,259.96,3924,80173.0,53.49
CROMPTON, 28-Aug-2026,240.0,240.0,230.7,233.0,237.9,5656422,13172.39,50707,2092021.0,36.98
CROWN, 28-Aug-2026,104.06,105.49,101.44,102.7,105.1,4747,4.92,204,2330.0,49.08
CSBBANK, 28-Aug-2026,349.0,350.25,334.9,336.3,348.8,585124,2002.94,16994,242098.0,41.38
CSLFINANCE, 28-Aug-2026,230.0,236.0,228.0,230.92,226.87,43515,100.29,403,37734.0,86.71
CSM, 28-Aug-2026,97.2,98.0,96.61,97.4,97.14,40209,39.15,808,16950.0,42.15
CSSL, 28-Aug-2026,94.0,95.95,93.5,93.5,92.0,5000,4.71,5,4000.0,80.0
CUB, 28-Aug-2026,229.05,230.92,221.77,222.24,229.23,1085352,2443.13,21072,504747.0,46.51
CUBEINVIT, 28-Aug-2026,156.57,157.2,155.87,156.6,156.57,832226,1306.38,3191,814079.0,97.82
CUBEXTUB, 28-Aug-2026,78.29,78.46,76.5,77.41,76.43,40364,31.21,1850,17489.0,43.33
CUDML, 28-Aug-2026,102.25,102.25,99.05,99.05,104.0,39000,39.07,28,39000.0,100.0
CUMMINSIND, 28-Aug-2026,5215.0,5215.0,5126.0,5193.0,5190.0,387326,19955.02,28413,238214.0,61.5
CUPID, 28-Aug-2026,278.2,287.94,274.25,282.33,276.65,15411651,43540.17,139501,4494850.0,29.17
CURAA, 28-Aug-2026,69.0,70.05,69.0,70.05,69.27,5,0.0,3,4.0,80.0
CURIS, 28-Aug-2026,124.8,128.0,124.8,128.0,124.95,8000,10.19,8,8000.0,100.0
CURRENT, 28-Aug-2026,96.0,96.0,96.0,96.0,100.0,1600,1.54,1,1600.0,100.0
CYBERMEDIA, 28-Aug-2026,18.42,18.96,17.85,18.78,18.41,11469,2.13,167,10322.0,90.0
CYIENT, 28-Aug-2026,1042.05,1114.5,1039.2,1107.45,1052.7,2503595,27311.76,81258,808909.0,32.31
CYIENTDLM, 28-Aug-2026,815.0,836.3,800.0,819.1,810.4,817892,6695.64,42558,407213.0,49.79
DABUR, 28-Aug-2026,387.7,387.7,383.1,386.0,386.2,1925866,7402.76,33459,1235029.0,64.13
DAICHI, 28-Aug-2026,325.4,348.0,325.4,344.05,331.9,6004,20.18,130,5628.0,93.74
DALBHARAT, 28-Aug-2026,1876.2,1876.2,1832.3,1845.3,1876.2,72320,1335.72,13172,36501.0,50.47
DALMIASUG, 28-Aug-2026,478.8,489.75,472.6,477.95,474.55,229150,1101.08,7601,76132.0,33.22
DAMCAPITAL, 28-Aug-2026,148.97,149.12,146.0,146.27,149.12,126736,186.29,2141,72343.0,57.08
DANGEE, 28-Aug-2026,2.92,2.92,2.79,2.86,2.87,56001,1.6,131,31972.0,57.09
DANISH, 28-Aug-2026,821.6,855.2,806.65,850.35,815.9,29850,249.6,162,23250.0,77.89
DATAMATICS, 28-Aug-2026,790.8,809.15,787.65,791.9,790.8,54584,435.22,3358,21357.0,39.13
DATAPATTNS, 28-Aug-2026,4676.0,4688.9,4608.5,4624.8,4666.7,302955,14038.33,26632,85215.0,28.13
DAVANGERE, 28-Aug-2026,1.95,2.17,1.95,2.09,2.12,50635098,1045.43,11200,24178599.0,47.75
DBCORP, 28-Aug-2026,206.0,206.0,201.92,202.57,205.17,41206,83.62,1341,27745.0,67.33
DBL, 28-Aug-2026,408.0,411.0,404.45,406.95,407.55,71934,293.34,2372,39288.0,54.62
DBOL, 28-Aug-2026,126.5,130.9,123.78,125.42,123.34,362310,460.65,5619,164254.0,45.34
DBREALTY, 28-Aug-2026,107.01,109.5,105.5,107.37,106.85,1049285,1129.66,9676,600249.0,57.21
DCAL, 28-Aug-2026,177.22,178.18,173.1,174.77,177.22,253662,444.8,2440,184861.0,72.88
DCBBANK, 28-Aug-2026,217.85,217.85,212.5,212.97,217.51,1702351,3645.05,20293,959496.0,56.36
DCCL, 28-Aug-2026,44.0,44.5,44.0,44.5,45.0,4000,1.77,2,2000.0,50.0
DCG, 28-Aug-2026,53.25,54.0,53.0,54.0,53.25,4800,2.56,4,3600.0,75.0
DCI, 28-Aug-2026,418.0,464.0,402.0,410.05,413.85,1492745,6452.33,39920,617021.0,41.33
DCMFINSERV, 28-Aug-2026,5.43,5.62,5.05,5.38,5.43,10587,0.56,63,4702.0,44.41
DCMNVL, 28-Aug-2026,193.99,196.99,188.41,192.85,190.98,22211,42.79,472,15021.0,67.63
DCMSHRIRAM, 28-Aug-2026,1025.6,1038.0,1015.1,1022.3,1028.4,70239,719.98,7917,35386.0,50.38
DCMSIL, 28-Aug-2026,73.35,75.67,72.81,73.49,73.26,50800,37.89,304,37698.0,74.21
DCMSRIND, 28-Aug-2026,47.11,49.26,46.5,46.98,46.77,126969,60.42,796,87124.0,68.62
DCW, 28-Aug-2026,45.95,46.9,45.81,46.4,45.95,981591,455.51,4482,554938.0,56.53
DCXINDIA, 28-Aug-2026,173.88,178.89,173.88,177.81,173.99,591125,1049.07,5993,280145.0,47.39
DDEVPLSTIK, 28-Aug-2026,278.7,281.85,277.0,279.05,278.7,44046,122.47,1299,26532.0,60.24
DECCANCE, 28-Aug-2026,575.0,576.95,567.0,568.75,575.15,23021,131.78,357,20798.0,90.34
DECCANTRAN, 28-Aug-2026,20.25,21.7,20.2,21.6,21.7,10800,2.22,9,8400.0,77.78
DECNGOLD, 28-Aug-2026,230.39,234.49,226.4,227.64,229.37,1156406,2657.4,15166,512263.0,44.3
DEEDEV, 28-Aug-2026,643.95,645.0,604.05,606.15,635.8,454298,2771.15,8997,283644.0,62.44
DEEP, 28-Aug-2026,37.24,37.25,36.06,36.95,37.44,3406,1.24,44,2848.0,83.62
DEEPAKFERT, 28-Aug-2026,1464.9,1464.9,1430.0,1436.3,1455.3,117367,1692.45,13152,55932.0,47.66
DEEPAKNTR, 28-Aug-2026,1752.8,1787.9,1752.8,1762.9,1752.8,186904,3313.73,16787,94853.0,50.75
DEEPINDS, 28-Aug-2026,666.0,685.25,666.0,674.45,667.35,184232,1249.47,7376,67014.0,36.37
DEFENCE, 28-Aug-2026,82.77,82.77,81.89,82.34,82.74,302122,248.63,887,214479.0,70.99
DELAPLEX, 28-Aug-2026,105.1,113.8,105.1,111.0,101.4,49200,54.09,70,26400.0,53.66
DELHIVERY, 28-Aug-2026,466.7,471.05,460.0,470.2,466.0,1426037,6646.69,51166,803906.0,56.37
DELTACORP, 28-Aug-2026,60.14,60.22,59.3,59.43,59.84,358522,213.71,2505,166190.0,46.35
DELTAMAGNT, 28-Aug-2026,60.35,60.35,56.1,57.55,57.22,587,0.34,38,368.0,62.69
DELTIC, 28-Aug-2026,33.5,34.5,33.5,34.5,34.35,3000,1.02,3,2000.0,66.67
DEN, 28-Aug-2026,28.0,28.65,27.98,28.31,28.12,193788,54.99,1205,110724.0,57.14
DENEERS, 28-Aug-2026,173.4,187.85,172.0,174.9,176.05,20400,35.88,24,13200.0,64.71
DENORA, 28-Aug-2026,831.7,843.25,812.0,830.2,832.35,1639,13.56,341,839.0,51.19
DENTA, 28-Aug-2026,285.1,287.1,282.2,283.75,284.5,54630,155.35,1843,28077.0,51.39
DENTALKART, 28-Aug-2026,403.0,410.15,403.0,408.75,409.7,7500,30.46,21,5000.0,66.67
DEVIT, 28-Aug-2026,24.99,25.4,24.75,24.91,24.86,25314,6.36,179,21550.0,85.13
DEVX, 28-Aug-2026,34.67,36.14,34.51,35.92,34.98,262973,92.85,1310,216903.0,82.48
DEVYANI, 28-Aug-2026,146.5,146.79,139.16,139.94,146.11,2546557,3606.32,22984,720332.0,28.29
DGCONTENT, 28-Aug-2026,24.44,24.97,23.84,23.85,24.0,9947,2.41,52,7610.0,76.51
DHAMPURSUG, 28-Aug-2026,173.0,178.46,171.96,175.23,170.92,890434,1557.4,11082,259109.0,29.1
DHANBANK, 28-Aug-2026,32.72,33.0,32.06,32.27,32.72,500508,162.22,2017,323396.0,64.61
DHANLAXMI, 28-Aug-2026,25.05,25.05,25.0,25.0,25.0,4000,1.0,2,4000.0,100.0
DHANSA, 28-Aug-2026,26.0,26.0,25.95,26.0,24.8,28000,7.28,11,24000.0,85.71
DHANUKA, 28-Aug-2026,985.8,999.0,972.2,976.1,985.8,27694,271.74,4803,17569.0,63.44
DHARARAIL, 28-Aug-2026,149.95,149.95,149.95,149.95,149.95,1000,1.5,1,1000.0,100.0
DHARIWAL, 28-Aug-2026,19.4,19.7,18.6,19.7,18.8,111000,21.72,30,96000.0,86.49
DHARMAJ, 28-Aug-2026,270.25,272.35,269.8,270.45,270.8,20846,56.37,539,16642.0,79.83
DHATRE, 28-Aug-2026,4.42,4.42,4.15,4.24,4.32,19182,0.81,117,14263.0,74.36
DHOOTTRANS, 28-Aug-2026,1509.0,1510.9,1431.25,1454.9,1499.85,2198048,32248.88,83558,428025.0,19.47
DHRUV, 28-Aug-2026,24.2,24.47,23.1,23.22,24.2,7212,1.69,121,6063.0,84.07
DHTL, 28-Aug-2026,32.4,32.45,32.4,32.45,31.35,1600,0.52,2,1600.0,100.0
DHUNINV, 28-Aug-2026,1050.2,1073.0,1011.85,1026.45,1046.5,2491,25.98,187,2040.0,81.89
DIAMINESQ, 28-Aug-2026,240.8,245.99,240.1,243.27,244.38,14898,36.23,231,7460.0,50.07
DIAMONDYD, 28-Aug-2026,1170.1,1175.9,1150.0,1162.8,1175.0,11325,131.68,1485,6109.0,53.94
DICIND, 28-Aug-2026,601.1,611.95,598.6,605.6,601.3,2697,16.33,155,1847.0,68.48
DIFFNKG, 28-Aug-2026,406.5,419.7,400.25,411.0,402.55,75646,308.74,1989,50465.0,66.71
DIGIDRIVE, 28-Aug-2026,17.32,18.0,17.32,17.71,17.77,5144,0.91,99,4302.0,83.63
DIGIKORE, 28-Aug-2026,35.7,39.8,30.25,37.55,35.7,443600,151.94,663,234800.0,52.93
DIGISPICE, 28-Aug-2026,16.99,17.72,16.91,17.07,16.99,51653,8.9,248,35030.0,67.82
DIGITIDE, 28-Aug-2026,101.85,103.95,98.5,99.46,102.44,357370,359.29,3466,176821.0,49.48
DIGJAMLMTD, 28-Aug-2026,53.0,53.48,50.22,51.31,52.0,3184,1.66,64,2811.0,88.29
DISAQ, 28-Aug-2026,11754.0,12400.0,11734.0,12208.0,11590.0,819,98.36,563,315.0,38.46
DISHTV, 28-Aug-2026,2.72,2.86,2.69,2.82,2.73,1605915,44.48,1304,1090996.0,67.94
DIVGIITTS, 28-Aug-2026,1200.0,1204.05,1156.55,1175.15,1195.5,114049,1332.27,8804,58773.0,51.53
DIVIDEND, 28-Aug-2026,35.61,35.93,35.6,35.82,35.57,33710,12.08,64,32154.0,95.38
DIVINEHIRA, 28-Aug-2026,114.1,118.5,114.1,116.95,117.75,13200,15.49,11,7200.0,54.55
DIVISLAB, 28-Aug-2026,9099.5,9270.0,9080.5,9239.0,9060.0,773225,71067.43,56456,452777.0,58.56
DIVOPPBEES, 28-Aug-2026,77.84,77.87,77.32,77.44,77.32,45047,34.93,633,15313.0,33.99
DIVYADHAN, 28-Aug-2026,41.9,41.9,41.9,41.9,44.1,2000,0.84,1,2000.0,100.0
DIXON, 28-Aug-2026,14811.0,14920.0,14650.0,14650.0,14711.0,223996,33178.65,32959,79354.0,35.43
DJML, 28-Aug-2026,72.9,76.08,67.57,72.19,73.08,212993,153.31,2029,92913.0,43.62
DLF, 28-Aug-2026,680.0,682.95,672.5,679.8,676.15,1060004,7179.99,30945,457836.0,43.19
DLINKINDIA, 28-Aug-2026,439.3,448.9,438.0,443.25,438.0,54705,242.36,2234,27176.0,49.68
DMART, 28-Aug-2026,3850.0,3853.9,3822.0,3830.6,3847.4,276877,10620.58,19223,172060.0,62.14
DMCC, 28-Aug-2026,277.75,311.95,277.75,301.0,279.1,527305,1595.5,16514,135746.0,25.74
DNAMEDIA, 28-Aug-2026,2.55,2.75,2.5,2.57,2.6,35825,0.93,153,29778.0,83.12
DODLA, 28-Aug-2026,1090.4,1110.9,1075.2,1093.4,1090.5,53044,573.63,3763,39058.0,73.63
DOLATALGO, 28-Aug-2026,74.31,74.31,72.51,72.82,73.76,82639,60.31,1040,55495.0,67.15
DOLLAR, 28-Aug-2026,265.1,271.0,265.0,268.7,265.25,73785,198.13,1558,45605.0,61.81
DOLLEX, 28-Aug-2026,34.3,35.8,33.4,35.35,33.45,32000,10.9,8,20000.0,62.5
DOLPHIN, 28-Aug-2026,628.2,640.0,605.35,612.55,628.2,47390,295.38,1875,27719.0,58.49
DOMS, 28-Aug-2026,2193.0,2214.4,2186.1,2198.9,2214.9,25988,572.63,4637,16192.0,62.31
DONEAR, 28-Aug-2026,84.98,85.4,83.95,84.75,84.46,10670,9.01,109,9010.0,84.44
DPABHUSHAN, 28-Aug-2026,1529.9,1548.9,1475.4,1483.0,1521.2,28136,423.23,2895,16019.0,56.93
DPEL, 28-Aug-2026,572.0,580.0,570.0,572.5,566.05,18500,106.34,31,11000.0,59.46
DRAGARWQ, 28-Aug-2026,5229.5,5275.0,5175.5,5245.5,5176.5,780,40.8,294,360.0,46.15
DRCSYSTEMS, 28-Aug-2026,12.63,12.95,12.63,12.71,12.79,37580,4.79,193,23676.0,63.0
DREAMFOLKS, 28-Aug-2026,67.99,68.49,66.86,67.06,67.31,21252,14.31,650,12366.0,58.19
DREDGECORP, 28-Aug-2026,1111.1,1131.8,1108.1,1120.4,1115.8,131251,1473.89,6149,58693.0,44.72
DRONE, 28-Aug-2026,35.5,39.0,34.85,37.95,35.3,48000,17.82,66,36500.0,76.04
DRREDDY, 28-Aug-2026,1175.0,1186.6,1172.5,1178.0,1177.0,682712,8046.86,25106,310093.0,45.42
DSSL, 28-Aug-2026,1081.5,1084.1,1067.0,1069.9,1078.0,11157,119.8,1366,8294.0,74.34
DTIL, 28-Aug-2026,170.99,171.3,165.32,167.09,173.94,32402,54.43,821,16661.0,51.42
DTL, 28-Aug-2026,120.0,120.0,120.0,120.0,125.0,1200,1.44,1,1200.0,100.0
DUCOL, 28-Aug-2026,110.0,112.0,110.0,111.95,107.45,4800,5.32,6,4800.0,100.0
DUCON, 28-Aug-2026,2.17,2.17,2.06,2.07,2.17,1573568,33.02,937,1341689.0,85.26
DUGLOBAL, 28-Aug-2026,26.5,28.5,25.95,27.2,26.8,7500,2.02,3,7500.0,100.0
DURLAX, 28-Aug-2026,68.8,69.0,65.3,66.0,67.6,322000,213.54,59,290000.0,90.06
DVL, 28-Aug-2026,291.55,293.14,278.0,279.37,293.97,18238,51.69,728,12218.0,66.99
DWARKESH, 28-Aug-2026,51.87,53.89,50.97,51.89,51.18,4452694,2329.15,18049,723954.0,16.26
DYCL, 28-Aug-2026,449.0,491.0,447.2,487.6,448.25,2566700,12342.75,54805,637096.0,24.82
DYNAMATECH, 28-Aug-2026,11497.0,11615.0,11390.0,11436.0,11497.0,4340,497.96,1838,1887.0,43.48
DYNAMIC, 28-Aug-2026,137.55,138.0,137.55,138.0,141.0,1500,2.07,3,1500.0,100.0
DYNPRO, 28-Aug-2026,236.5,236.5,223.1,228.55,232.4,18143,41.75,803,11409.0,62.88
E2ERAIL, 28-Aug-2026,270.0,285.8,270.0,275.8,276.4,33600,92.82,41,19200.0,57.14
EASEMYTRIP, 28-Aug-2026,6.11,6.18,6.06,6.12,6.1,8588475,526.56,4785,4177927.0,48.65
EASTWEST, 28-Aug-2026,2.46,2.57,2.44,2.49,2.49,17311,0.43,93,13699.0,79.13
EBANK10, 28-Aug-2026,16.7,17.0,16.7,16.75,16.94,126,0.02,4,126.0,100.0
EBANKNIFTY, 28-Aug-2026,58.56,58.56,57.76,58.13,58.27,2684,1.56,21,1370.0,51.04
EBBETF0430, 28-Aug-2026,1610.9,1610.9,1600.17,1605.93,1606.16,30958,497.11,289,30034.0,97.02
EBBETF0431, 28-Aug-2026,1430.02,1437.28,1430.01,1432.21,1432.87,8631,123.53,62,8354.0,96.79
EBBETF0433, 28-Aug-2026,1310.98,1313.0,1310.98,1311.6,1310.98,1034,13.56,66,876.0,84.72
EBGNG, 28-Aug-2026,584.9,638.25,578.0,635.1,580.25,1346148,8374.21,31132,525631.0,39.05
EBIX, 28-Aug-2026,22.39,22.39,20.98,21.69,21.5,108719,23.6,302,96679.0,88.93
ECAPINSURE, 28-Aug-2026,24.38,24.64,24.06,24.24,24.45,30336,7.35,288,22420.0,73.91
ECLERX, 28-Aug-2026,1938.9,1998.0,1930.0,1955.5,1940.9,188636,3703.11,20551,67147.0,35.6
ECOLINE, 28-Aug-2026,176.45,181.0,176.45,180.65,182.0,7000,12.6,5,7000.0,100.0
ECORECO, 28-Aug-2026,457.7,470.0,451.5,467.65,459.95,9337,42.9,607,6360.0,68.12
EDELWEISS, 28-Aug-2026,125.01,127.7,124.07,125.42,124.61,3373693,4244.98,25777,1624717.0,48.16
EEPL, 28-Aug-2026,152.5,156.5,150.0,154.1,152.8,43000,65.99,43,28000.0,65.12
EFACTOR, 28-Aug-2026,199.0,200.0,185.05,196.0,192.0,5200,10.06,13,3600.0,69.23
EFCIL, 28-Aug-2026,200.31,202.9,196.81,202.26,198.72,162859,326.34,4647,85469.0,52.48
EFFWA, 28-Aug-2026,310.1,323.3,304.0,305.35,315.8,28400,88.36,45,26400.0,92.96
EFORCE, 28-Aug-2026,21.3,21.3,20.85,20.85,21.45,2400,0.51,2,1200.0,50.0
EGOLD, 28-Aug-2026,157.15,158.15,156.2,158.1,157.15,46623,73.48,503,31751.0,68.1
EICHERMOT, 28-Aug-2026,8140.0,8140.0,8003.0,8059.0,8100.0,337007,27159.67,35904,190335.0,56.48
EIDPARRY, 28-Aug-2026,801.95,818.2,800.0,805.3,795.3,567851,4591.97,24645,175265.0,30.86
EIEL, 28-Aug-2026,201.8,201.8,197.8,199.23,201.04,296099,588.98,5702,131438.0,44.39
EIHAHOTELS, 28-Aug-2026,302.55,302.55,299.0,301.8,302.55,6180,18.61,247,4433.0,71.73
EIHOTEL, 28-Aug-2026,302.15,302.15,296.35,297.8,300.05,52017,155.5,3114,27095.0,52.09
EIMCOELECO, 28-Aug-2026,2225.5,2232.5,2182.1,2196.1,2211.2,14369,316.93,2454,6266.0,43.61
EKC, 28-Aug-2026,109.0,109.92,108.5,108.87,109.16,66898,72.92,1164,37199.0,55.61
EKI, 28-Aug-2026,74.75,77.98,73.0,74.21,77.24,23089,17.31,460,17447.0,75.56
ELANTAS, 28-Aug-2026,11690.0,11700.0,11404.0,11475.0,11583.5,927,106.72,287,616.0,66.45
ELCIDIN, 28-Aug-2026,109900.0,109900.0,106000.0,109000.0,109130.0,5,5.42,5,4.0,80.0
ELDEHSG, 28-Aug-2026,809.75,823.65,787.5,799.2,781.8,1453,11.75,115,964.0,66.35
ELECON, 28-Aug-2026,423.25,428.65,420.05,425.25,423.25,259116,1101.83,11941,116751.0,45.06
ELECTCAST, 28-Aug-2026,79.0,82.4,78.84,81.5,78.99,3779745,3058.58,18271,1546747.0,40.92
ELECTHERM, 28-Aug-2026,1031.8,1034.8,1012.9,1016.1,1032.9,9988,102.41,383,7843.0,78.52
ELGIEQUIP, 28-Aug-2026,599.9,631.0,596.0,628.85,599.25,1169585,7225.22,29262,633196.0,54.14
ELGIRUBCO, 28-Aug-2026,59.5,63.6,57.5,60.94,58.16,134200,81.72,2225,49692.0,37.03
ELGNZ, 28-Aug-2026,93.05,97.6,93.05,94.7,95.15,11000,10.47,9,8000.0,72.73
ELIN, 28-Aug-2026,101.39,106.75,100.55,104.88,100.64,965462,1003.83,8830,415289.0,43.01
ELIQUID, 28-Aug-2026,1045.73,1045.75,1045.73,1045.75,1045.32,2494,26.08,9,2136.0,85.65
ELITECON, 28-Aug-2026,11.2,11.2,11.2,11.2,11.78,1116613,125.06,3079,1070022.0,95.83
ELLEN, 28-Aug-2026,330.8,332.6,319.0,319.8,325.8,277761,897.16,5538,152618.0,54.95
ELM250, 28-Aug-2026,16.82,16.9,16.75,16.88,16.83,97601,16.47,171,92370.0,94.64
ELMDIV, 28-Aug-2026,37.34,37.34,36.65,36.65,36.95,563,0.21,15,268.0,47.6
ELPROINTL, 28-Aug-2026,175.01,175.87,174.29,174.71,173.21,7211,12.6,132,5204.0,72.17
EMAMILTD, 28-Aug-2026,388.0,388.55,378.3,379.4,387.7,1065144,4076.42,29906,569429.0,53.46
EMAMIREAL, 28-Aug-2026,68.99,70.9,67.1,70.16,67.57,10252,7.19,337,7756.0,75.65
EMAPARTNER, 28-Aug-2026,92.9,92.9,87.05,88.0,85.4,6000,5.32,6,5000.0,83.33
EMBASSY, 28-Aug-2026,437.99,439.5,435.86,437.22,437.19,438338,1920.17,17959,354957.0,80.98
EMBDL, 28-Aug-2026,62.39,64.34,62.39,62.78,62.16,2970745,1884.7,13459,1346564.0,45.33
EMCURE, 28-Aug-2026,1878.9,1893.0,1850.0,1869.4,1878.4,133174,2486.93,21731,81221.0,60.99
EMETAL, 28-Aug-2026,13.63,13.63,13.42,13.53,13.3,15808,2.13,42,15519.0,98.17
EMIL, 28-Aug-2026,178.0,181.0,176.2,177.35,178.99,724327,1291.69,9310,313295.0,43.25
EMKAY, 28-Aug-2026,239.0,259.9,239.0,251.59,239.73,77078,193.53,2777,39867.0,51.72
EMKAYTOOLS, 28-Aug-2026,95.75,99.0,94.2,94.2,96.8,1500,1.46,6,1500.0,100.0
EMMIL, 28-Aug-2026,124.0,130.0,123.0,130.0,124.0,4500,5.69,13,4500.0,100.0
EMMVEE, 28-Aug-2026,327.3,331.0,322.75,324.1,327.3,737469,2391.07,17520,384023.0,52.07
EMPIND, 28-Aug-2026,1248.0,1248.0,1209.0,1214.2,1212.7,3295,40.06,266,2534.0,76.9
EMPOWER, 28-Aug-2026,2.12,2.12,2.12,2.12,2.23,1655980,35.11,1077,1655980.0,100.0
EMSLIMITED, 28-Aug-2026,383.0,383.7,376.55,377.85,381.1,86423,327.16,2783,33675.0,38.97
EMUDHRA, 28-Aug-2026,559.25,564.0,550.4,559.65,559.25,121659,678.85,4329,61787.0,50.79
EMULTIMQ, 28-Aug-2026,42.6,42.6,42.05,42.2,42.39,27075,11.5,126,15150.0,55.96
ENCOMPAS, 28-Aug-2026,251.15,251.15,250.0,251.0,248.05,14800,37.15,5,14400.0,97.3
ENDURANCE, 28-Aug-2026,2945.8,2985.0,2913.6,2929.2,2944.8,119626,3511.46,14858,76281.0,63.77
ENERGY, 28-Aug-2026,39.06,39.06,38.15,38.23,38.29,232113,88.84,1055,199185.0,85.81
ENERGYDEV, 28-Aug-2026,16.13,16.39,16.0,16.06,16.13,19571,3.17,250,13176.0,67.32
ENEXT50, 28-Aug-2026,75.15,75.8,73.99,74.0,74.78,1292,0.96,25,1292.0,100.0
ENFUSE, 28-Aug-2026,160.0,160.0,160.0,160.0,161.0,600,0.96,1,600.0,100.0
ENGINERSIN, 28-Aug-2026,247.5,254.59,246.76,253.72,246.96,4342151,10965.03,63553,1829391.0,42.13
ENIFTY, 28-Aug-2026,24.37,24.43,24.29,24.35,24.37,1045,0.25,49,731.0,69.95
ENIL, 28-Aug-2026,104.98,108.23,103.0,104.89,104.41,20428,21.66,704,13297.0,65.09
ENKEIWHEL, 28-Aug-2026,396.0,400.0,385.0,400.0,396.95,8474,33.56,45,8368.0,98.75
ENRIN, 28-Aug-2026,3267.0,3290.0,3227.2,3242.6,3256.4,253686,8241.6,26280,140155.0,55.25
ENSER, 28-Aug-2026,15.3,15.3,14.5,14.9,15.2,80000,12.04,16,60000.0,75.0
ENTERO, 28-Aug-2026,1749.6,1838.0,1745.2,1808.6,1753.5,815739,14757.31,51329,386293.0,47.35
ENVIRO, 28-Aug-2026,69.0,71.8,68.1,70.95,69.95,10000,7.06,9,8000.0,80.0
EPACK, 28-Aug-2026,196.75,197.5,190.98,191.95,196.86,829652,1600.11,11692,384903.0,46.39
EPACKPEB, 28-Aug-2026,233.95,233.95,218.8,225.65,233.95,394792,901.68,5160,150142.0,38.03
EPIGRAL, 28-Aug-2026,1206.4,1241.0,1204.0,1232.8,1206.4,51366,629.05,5833,24083.0,46.89
EPL, 28-Aug-2026,252.8,259.2,247.45,251.94,252.8,1428390,3613.38,21441,618571.0,43.31
EPWINDIA, 28-Aug-2026,256.0,256.0,255.0,255.0,265.0,3600,9.19,3,3600.0,100.0
EQUAL200, 28-Aug-2026,14.04,14.05,13.96,13.99,14.02,16273,2.27,66,13952.0,85.74
EQUAL50, 28-Aug-2026,334.5,334.58,333.41,334.29,334.28,4997,16.7,26,3390.0,67.84
EQUAL50ADD, 28-Aug-2026,345.3,347.12,344.75,345.92,345.36,5565,19.23,184,3075.0,55.26
EQUITASBNK, 28-Aug-2026,74.17,74.5,73.49,73.9,74.17,898730,664.5,10111,502752.0,55.94
ERIS, 28-Aug-2026,1310.0,1325.1,1295.0,1314.8,1312.2,86138,1127.34,11490,59397.0,68.96
ESABINDIA, 28-Aug-2026,6112.0,6216.0,6039.0,6162.0,6095.5,5270,322.8,2214,2753.0,52.24
ESCONET, 28-Aug-2026,182.1,199.0,180.0,198.2,186.05,29600,56.43,60,22800.0,77.03
ESCORTS, 28-Aug-2026,2974.1,3056.2,2974.0,3015.5,2974.1,65907,1992.26,13016,25461.0,38.63
ESENSEX, 28-Aug-2026,77.97,78.09,77.67,77.96,78.13,163,0.13,12,105.0,64.42
ESFL, 28-Aug-2026,119.25,124.45,119.25,123.4,120.95,18720,22.67,38,11160.0,59.62
ESG, 28-Aug-2026,41.48,41.61,41.35,41.5,41.53,7927,3.29,51,5407.0,68.21
ESILVER, 28-Aug-2026,237.0,241.88,236.02,240.2,236.99,192609,462.38,3207,171292.0,88.93
ESPRIT, 28-Aug-2026,67.95,67.95,64.75,64.75,66.25,6400,4.24,4,6400.0,100.0
ESSARSHPNG, 28-Aug-2026,16.79,17.29,16.62,16.77,16.79,153219,25.94,511,105488.0,68.85
ESSENTIA, 28-Aug-2026,1.05,1.08,1.03,1.08,1.03,1512552,16.22,372,1326770.0,87.72
ESTER, 28-Aug-2026,93.14,94.47,93.01,93.73,93.0,41734,39.1,795,25353.0,60.75
ETERNAL, 28-Aug-2026,329.1,330.0,324.3,328.0,328.5,31385139,102772.04,156665,21646655.0,68.97
ETHOSLTD, 28-Aug-2026,2883.2,2910.0,2850.2,2875.1,2891.0,18140,523.49,3573,8418.0,46.41
ETL, 28-Aug-2026,1060.0,1120.0,1012.1,1104.0,1063.8,2700,29.11,15,1950.0,72.22
ETML, 28-Aug-2026,80.05,82.0,79.4,81.7,82.85,9600,7.79,7,7200.0,75.0
EUREKAFORB, 28-Aug-2026,433.5,440.3,426.0,427.75,433.15,101179,440.06,5591,53963.0,53.33
EUROBOND, 28-Aug-2026,155.0,155.0,148.0,150.32,151.24,21463,32.3,193,19110.0,89.04
EUROPRATIK, 28-Aug-2026,255.0,258.6,253.15,257.45,254.05,191858,493.76,1670,17399.0,9.07
EVEREADY, 28-Aug-2026,342.7,345.1,335.6,337.1,342.7,61683,208.65,1765,39822.0,64.56
EVIETF, 28-Aug-2026,33.57,34.24,33.38,33.67,33.51,137730,46.23,541,65691.0,47.7
EVINDIA, 28-Aug-2026,34.33,34.33,33.41,33.58,33.5,263880,88.57,1477,208033.0,78.84
EXCELINDUS, 28-Aug-2026,1046.0,1048.5,1025.2,1030.85,1041.6,7207,74.64,674,4351.0,60.37
EXCELLENT, 28-Aug-2026,210.0,216.0,204.0,210.0,214.0,8000,16.8,5,8000.0,100.0
EXCELSOFT, 28-Aug-2026,72.0,72.0,70.9,71.03,71.53,139173,99.25,1246,71556.0,51.42
EXICOM, 28-Aug-2026,156.15,171.39,156.15,167.93,156.14,5278089,8851.11,47574,1632355.0,30.93
EXIDEIND, 28-Aug-2026,438.05,457.9,437.75,444.6,437.75,6027670,27113.19,80903,2421176.0,40.17
EXPLEOSOL, 28-Aug-2026,873.7,897.0,872.0,875.75,873.7,21427,189.01,1508,10431.0,48.68
EXXARO, 28-Aug-2026,6.2,7.42,6.2,7.41,6.19,12072793,890.79,6423,4746291.0,39.31
FABTECH, 28-Aug-2026,146.24,148.99,146.0,147.56,146.97,51330,75.66,673,26005.0,50.66
FACT, 28-Aug-2026,839.0,850.0,829.6,832.5,842.55,165741,1387.78,8005,44915.0,27.1
FALCONTECH, 28-Aug-2026,12.9,12.9,12.9,12.9,12.9,1200,0.15,1,1200.0,100.0
FASCINATE, 28-Aug-2026,94.0,94.0,93.6,93.6,98.5,209600,196.19,39,209600.0,100.0
FAZE3Q, 28-Aug-2026,488.6,501.5,484.0,491.05,485.75,22544,110.76,746,15185.0,67.36
FCL, 28-Aug-2026,48.65,50.49,47.81,50.03,48.49,11903879,5876.18,28478,3991808.0,33.53
FCSSOFT, 28-Aug-2026,1.47,1.52,1.44,1.5,1.45,3112760,45.69,1160,1750513.0,56.24
FDC, 28-Aug-2026,345.05,349.85,341.2,342.5,343.85,130650,450.62,6050,77996.0,59.7
FEDDERSHOL, 28-Aug-2026,44.85,45.1,43.9,43.99,43.11,672325,297.42,874,139615.0,20.77
FEDERALBNK, 28-Aug-2026,343.05,345.85,342.25,344.25,344.8,3391019,11662.46,96165,2230392.0,65.77
FEDFINA, 28-Aug-2026,157.0,160.77,154.85,158.94,157.94,602415,956.32,6767,280925.0,46.63
FELIX, 28-Aug-2026,178.25,179.3,174.6,177.15,178.7,46500,82.19,69,30000.0,64.52
FERMENTA, 28-Aug-2026,492.25,519.9,486.1,509.9,486.25,198787,1014.18,10042,85319.0,42.92
FIBERWEB, 28-Aug-2026,26.55,26.9,26.31,26.7,26.42,10118,2.7,72,8303.0,82.06
FIEMIND, 28-Aug-2026,2070.8,2102.8,2067.2,2087.7,2067.2,45157,941.19,7001,20881.0,46.24
FILATEX, 28-Aug-2026,78.35,79.75,77.45,78.89,78.31,1752425,1377.36,7463,1098540.0,62.69
FILATFASH, 28-Aug-2026,0.19,0.19,0.18,0.18,0.18,14509523,26.58,1486,9672962.0,66.67
FINBUD, 28-Aug-2026,130.0,131.95,126.0,131.95,130.5,16000,20.66,12,16000.0,100.0
FINCABLES, 28-Aug-2026,1298.0,1308.15,1283.1,1297.9,1291.15,443359,5742.21,21204,179457.0,40.48
FINEORG, 28-Aug-2026,5258.1,5312.0,5187.0,5282.5,5258.2,23657,1244.49,9659,10053.0,42.49
FINIETF, 28-Aug-2026,33.45,33.45,33.19,33.26,33.44,160164,53.3,1194,120162.0,75.02
FINKURVE, 28-Aug-2026,78.0,79.6,74.0,75.56,78.18,109029,84.03,1315,61018.0,55.96
FINOPB, 28-Aug-2026,141.05,144.19,141.0,141.57,143.06,109487,155.8,1986,43246.0,39.5
FINPIPE, 28-Aug-2026,160.54,162.0,160.1,160.56,160.54,300382,483.0,12861,148643.0,49.48
FIRSTCRY, 28-Aug-2026,188.53,189.5,184.97,185.48,188.26,752050,1399.23,12279,348997.0,46.41
FISCHER, 28-Aug-2026,35.53,36.5,34.89,35.44,35.27,1086361,385.13,3644,643153.0,59.2
FIVESTAR, 28-Aug-2026,533.15,539.7,530.85,537.85,533.75,347854,1862.3,21238,191502.0,55.05
FLAIR, 28-Aug-2026,247.5,251.6,246.65,249.3,247.95,31596,78.43,1064,14757.0,46.71
FLEXIADD, 28-Aug-2026,10.18,10.27,10.18,10.24,10.2,88380,9.05,182,72104.0,81.58
FLUOROCHEM, 28-Aug-2026,4672.1,4789.0,4642.3,4771.2,4672.1,111013,5241.21,11729,67575.0,60.87
FLYSBS, 28-Aug-2026,605.0,634.0,598.0,617.55,596.45,205800,1281.31,553,139000.0,67.54
FMCGADD, 28-Aug-2026,47.47,47.9,46.84,47.33,47.47,37492,17.62,214,27225.0,72.62
FMCGIETF, 28-Aug-2026,50.8,50.8,50.21,50.34,50.61,1623851,818.41,5951,1177484.0,72.51
FMGOETZE, 28-Aug-2026,576.15,614.8,561.95,602.05,545.55,18185623,108234.93,259520,2411782.0,13.26
FMNL, 28-Aug-2026,10.75,11.15,10.31,11.0,10.62,65746,7.16,148,60738.0,92.38
FONEBOX, 28-Aug-2026,95.55,95.55,90.65,95.5,91.0,37000,33.8,37,33000.0,89.19
FOODSIN, 28-Aug-2026,54.32,54.45,52.3,52.87,53.15,37977,20.24,858,17041.0,44.87
FORCAS, 28-Aug-2026,216.95,216.95,201.05,214.0,210.0,17600,36.91,9,14400.0,81.82
FORCEMOT, 28-Aug-2026,17355.0,17469.0,17280.0,17370.0,17375.0,39573,6865.98,11434,17380.0,43.92
FORGEAUTO, 28-Aug-2026,97.2,97.2,91.25,94.2,96.0,7200,6.78,6,7200.0,100.0
FORTIS, 28-Aug-2026,918.75,941.9,916.05,926.75,915.65,1462799,13623.76,41575,515491.0,35.24
FOSECOIND, 28-Aug-2026,6162.5,6580.0,6066.0,6362.0,6110.5,86007,5488.39,16161,19729.0,22.94
FRACTAL, 28-Aug-2026,842.8,857.0,835.0,844.3,840.25,479939,4066.27,20207,199572.0,41.58
FREDUN, 28-Aug-2026,1500.1,1509.8,1465.7,1476.6,1492.7,10875,161.86,1108,6471.0,59.5
FRESHARA, 28-Aug-2026,437.0,447.7,416.05,438.9,426.4,71400,307.36,93,63000.0,88.24
FROG, 28-Aug-2026,238.1,238.1,238.0,238.0,233.45,46800,111.39,40,42800.0,91.45
FRONTSP, 28-Aug-2026,1294.7,1298.6,1265.0,1273.4,1285.4,8714,111.1,1583,4831.0,55.44
FSL, 28-Aug-2026,268.5,272.85,268.0,269.3,268.5,683316,1846.63,13694,193684.0,28.34
FUSION, 28-Aug-2026,196.79,200.5,194.3,199.24,196.05,333505,659.51,6533,158836.0,47.63
GABRIEL, 28-Aug-2026,1361.8,1375.0,1316.1,1367.6,1357.2,501459,6738.99,33567,227098.0,45.29
GAEL, 28-Aug-2026,169.0,170.57,165.56,166.98,168.5,913733,1531.23,16281,491356.0,53.77
GAIL, 28-Aug-2026,171.7,172.44,170.11,171.1,172.44,8706458,14877.07,64883,6566517.0,75.42
GAJA, 28-Aug-2026,165.13,170.4,156.91,158.66,165.13,5358385,8786.82,46651,1457792.0,27.21
GAJANAND, 28-Aug-2026,8.0,9.45,8.0,9.45,8.9,6000,0.52,2,3000.0,50.0
GALAPREC, 28-Aug-2026,1048.0,1049.9,1019.1,1034.2,1039.8,36705,378.04,2711,19618.0,53.45
GALAXYSURF, 28-Aug-2026,2305.0,2327.9,2268.3,2285.0,2305.0,20322,467.94,3748,8899.0,43.79
GALLANTT, 28-Aug-2026,579.45,585.85,574.75,577.85,576.85,17144,99.37,2197,9552.0,55.72
GANDHAR, 28-Aug-2026,255.0,259.0,253.55,256.47,254.85,553101,1420.56,10095,239105.0,43.23
GANDHITUBE, 28-Aug-2026,895.0,900.0,893.4,898.25,903.1,2356,21.13,285,1489.0,63.2
GANECOS, 28-Aug-2026,1030.0,1035.4,1015.1,1019.3,1029.2,54854,563.47,4731,30085.0,54.85
GANESHCP, 28-Aug-2026,165.49,180.0,165.09,174.15,163.49,542827,953.09,8850,214522.0,39.52
GANESHHOU, 28-Aug-2026,798.0,812.15,791.05,803.6,798.3,19735,158.05,1710,8800.0,44.59
GANESHIN, 28-Aug-2026,111.9,112.0,109.05,110.5,111.15,13600,15.06,15,12800.0,94.12
GANGABATH, 28-Aug-2026,22.3,22.3,21.0,21.45,22.25,60000,12.99,19,21000.0,35.0
GANGAFORGE, 28-Aug-2026,1.61,1.66,1.61,1.61,1.69,11863316,191.12,2644,6532181.0,55.06
GANGESSECU, 28-Aug-2026,117.71,120.79,116.67,116.81,117.71,194,0.23,5,194.0,100.0
GARFIBRES, 28-Aug-2026,785.0,805.9,785.0,799.0,792.55,29877,238.13,3364,15887.0,53.17
GARUDA, 28-Aug-2026,175.71,178.0,174.0,175.2,175.52,207234,364.44,3476,96839.0,46.73
GATEWAY, 28-Aug-2026,53.98,53.98,53.01,53.61,53.74,1075095,573.51,5843,855644.0,79.59
GAYAHWS, 28-Aug-2026,1.87,1.91,1.85,1.88,1.87,176841,3.31,295,135128.0,76.41
GCHOTELS, 28-Aug-2026,95.5,97.5,93.1,96.6,96.9,42600,40.44,65,25200.0,59.15
GCSL, 28-Aug-2026,545.75,545.75,537.1,541.3,540.55,433052,2350.59,4031,164118.0,37.9
GEEKAYWIRE, 28-Aug-2026,23.02,25.24,22.91,24.69,23.02,595471,144.94,3009,227785.0,38.25
GEMAROMA, 28-Aug-2026,170.83,174.49,168.0,168.75,170.83,50771,85.92,922,30739.0,60.54
GENCON, 28-Aug-2026,45.91,46.13,43.16,44.12,45.83,547085,244.64,1312,299212.0,54.69
GENESYS, 28-Aug-2026,234.5,234.5,222.0,227.8,234.5,984498,2234.42,13849,324464.0,32.96
GENUSPAPER, 28-Aug-2026,12.14,12.5,12.0,12.16,12.37,34987,4.26,305,25057.0,71.62
GENUSPOWER, 28-Aug-2026,332.7,353.5,328.3,349.7,332.2,8939930,30900.93,88291,2517905.0,28.16
GENXAI, 28-Aug-2026,85.8,88.0,83.5,85.6,84.1,68400,59.07,53,54000.0,78.95
GEOJITFSL, 28-Aug-2026,82.64,85.25,81.4,83.7,82.64,785239,656.25,6136,371551.0,47.32
GESHIP, 28-Aug-2026,1324.9,1363.0,1321.2,1339.6,1317.2,1428262,19176.56,73647,499603.0,34.98
GFLLIMITED, 28-Aug-2026,55.8,55.8,53.83,54.28,54.92,39595,21.6,812,23464.0,59.26
GGBL, 28-Aug-2026,218.15,225.55,217.05,224.9,218.15,20100,44.75,63,14100.0,70.15
GHCL, 28-Aug-2026,440.15,446.0,440.15,441.45,440.15,62705,277.93,2459,32700.0,52.15
GHCLTEXTIL, 28-Aug-2026,126.37,132.04,125.0,130.79,125.36,1355885,1751.57,10105,848300.0,62.56
GICHSGFIN, 28-Aug-2026,142.0,142.09,140.52,141.03,142.1,24679,34.82,509,13962.0,56.57
GICL, 28-Aug-2026,23.34,23.89,23.11,23.73,23.34,97474,22.91,291,41520.0,42.6
GICRE, 28-Aug-2026,354.0,355.9,351.9,353.3,351.85,672586,2381.21,12568,404327.0,60.12
GILLANDERS, 28-Aug-2026,105.0,108.45,105.0,106.38,104.99,12239,12.97,93,11251.0,91.93
GILLETTE, 28-Aug-2026,7431.5,7442.5,7300.0,7316.0,7409.0,14848,1091.94,5430,9855.0,66.37
GILT10BETA, 28-Aug-2026,26.87,26.87,26.87,26.87,26.92,1205,0.32,8,1205.0,100.0
GILT5BETA, 28-Aug-2026,66.15,67.1,66.15,66.5,65.85,346,0.23,4,317.0,91.62
GILT5YBEES, 28-Aug-2026,66.49,66.49,66.01,66.22,66.21,234740,155.29,326,194065.0,82.67
GIPCL, 28-Aug-2026,200.99,206.8,200.56,205.91,200.48,1384606,2828.37,14397,624481.0,45.1
GIRIRAJ, 28-Aug-2026,88.0,89.0,87.25,87.25,91.8,31250,27.34,70,21750.0,69.6
GJL, 28-Aug-2026,247.0,247.0,247.0,247.0,249.5,800,1.98,1,800.0,100.0
GKB, 28-Aug-2026,65.0,65.0,62.0,62.5,65.0,476,0.3,11,476.0,100.0
GKENERGY, 28-Aug-2026,140.95,140.95,136.32,138.46,139.65,670822,930.32,8306,254962.0,38.01
GKSL, 28-Aug-2026,155.2,163.44,153.02,160.64,154.29,1261120,2003.26,12477,337132.0,26.73
GKWLIMITED, 28-Aug-2026,1606.9,1606.9,1580.1,1597.9,1599.8,160,2.56,17,127.0,79.38
GLAND, 28-Aug-2026,2873.5,2900.0,2852.1,2888.0,2873.5,165191,4762.86,23505,96955.0,58.69
GLAXO, 28-Aug-2026,3069.0,3120.7,3052.7,3106.4,3069.1,135782,4210.62,12393,87780.0,64.65
GLENMARK, 28-Aug-2026,2460.0,2537.6,2431.7,2515.0,2460.0,807816,20103.41,53159,395151.0,48.92
GLFL, 28-Aug-2026,5.45,5.72,5.2,5.72,5.45,9421,0.53,37,7054.0,74.88
GLOBAL, 28-Aug-2026,110.99,110.99,108.3,108.99,110.98,50333,55.0,632,40959.0,81.38
GLOBALE, 28-Aug-2026,11.25,11.7,11.24,11.58,11.24,296,0.03,12,273.0,92.23
GLOBALVECT, 28-Aug-2026,145.0,148.7,144.25,145.92,146.47,5273,7.75,232,3612.0,68.5
GLOBE, 28-Aug-2026,2.07,2.07,1.99,2.0,2.05,368659,7.42,266,308715.0,83.74
GLOBECIVIL, 28-Aug-2026,46.08,46.48,45.5,45.58,45.73,54328,24.89,819,31303.0,57.62
GLOBUSSPR, 28-Aug-2026,916.2,924.0,910.5,916.1,912.3,61880,567.31,3415,32344.0,52.27
GLOSTERLTD, 28-Aug-2026,595.0,610.0,595.0,607.15,604.4,794,4.8,62,588.0,74.06
GLOTTIS, 28-Aug-2026,64.34,65.03,64.25,64.27,64.66,49445,31.82,506,41505.0,83.94
GMBREW, 28-Aug-2026,890.1,895.95,886.55,890.4,891.7,8173,72.82,902,5433.0,66.47
GMDCLTD, 28-Aug-2026,567.0,574.35,565.6,567.65,567.25,736396,4190.79,16469,326472.0,44.33
GML, 28-Aug-2026,16.4,17.0,16.4,17.0,17.1,8000,1.34,4,8000.0,100.0
GMMPFAUDLR, 28-Aug-2026,1030.0,1043.0,1015.0,1026.7,1025.15,60107,618.95,5454,29653.0,49.33
GMRAIRPORT, 28-Aug-2026,99.3,99.35,98.11,98.31,98.68,23296240,22992.19,30637,20101649.0,86.29
GMRP&UI, 28-Aug-2026,95.3,98.28,92.21,93.35,94.54,3307470,3134.63,34509,1245972.0,37.67
GNA, 28-Aug-2026,547.0,553.0,531.25,542.65,546.8,300414,1625.11,9340,143022.0,47.61
GNFC, 28-Aug-2026,577.0,591.95,572.95,580.05,577.0,363373,2107.57,12961,162409.0,44.69
GNRL, 28-Aug-2026,97.9,97.9,96.31,96.82,97.65,34747,33.7,550,20984.0,60.39
GOACARBON, 28-Aug-2026,356.0,363.0,351.15,361.85,352.15,13443,48.16,864,8155.0,60.66
GOCLCORP, 28-Aug-2026,398.65,399.0,385.05,388.25,397.35,108569,423.04,3082,65957.0,60.75
GOCOLORS, 28-Aug-2026,334.5,341.55,334.0,335.65,334.5,47026,158.66,1570,19002.0,40.41
GODAVARIB, 28-Aug-2026,239.2,242.35,237.55,239.05,239.15,58540,140.37,2290,28958.0,49.47
GODFRYPHLP, 28-Aug-2026,2117.5,2140.0,2105.9,2123.7,2115.0,125235,2662.03,12967,37858.0,30.23
GODIGIT, 28-Aug-2026,258.05,265.1,256.2,262.35,257.75,368020,958.01,13921,173540.0,47.16
GODREJAGRO, 28-Aug-2026,613.65,616.65,604.0,609.3,614.75,102348,623.08,5218,57484.0,56.17
GODREJCP, 28-Aug-2026,927.8,927.8,911.6,915.0,923.0,930774,8515.54,23601,551527.0,59.25
GODREJIND, 28-Aug-2026,1163.6,1175.7,1146.1,1167.5,1150.5,71294,829.42,8671,31765.0,44.55
GODREJPROP, 28-Aug-2026,2075.4,2083.3,2024.5,2029.1,2069.4,329143,6753.48,20174,138509.0,42.08
GOKEX, 28-Aug-2026,777.4,777.4,765.0,767.8,774.9,216062,1663.69,16176,113143.0,52.37
GOKUL, 28-Aug-2026,43.09,44.26,42.05,42.46,43.09,162046,69.84,1284,37934.0,23.41
GOKULAGRO, 28-Aug-2026,244.25,248.07,243.39,244.34,244.48,480942,1178.48,8826,156053.0,32.45
GOLD1, 28-Aug-2026,131.33,132.48,130.52,132.21,131.33,1407154,1849.86,6827,641540.0,45.59
GOLD360, 28-Aug-2026,154.3,155.0,152.55,154.7,153.85,16074,24.71,323,6371.0,39.64
GOLDADD, 28-Aug-2026,15.48,15.49,15.09,15.36,152.98,2211829,338.25,9667,1024337.0,46.31
GOLDAXIS, 28-Aug-2026,130.72,132.08,130.14,131.78,130.79,2586465,3392.33,4755,1243201.0,48.07
GOLDBEES, 28-Aug-2026,129.65,131.08,129.13,130.85,130.05,26501307,34502.09,71008,12239697.0,46.19
GOLDBETA, 28-Aug-2026,133.95,134.0,131.5,133.3,132.6,577545,766.17,2658,320089.0,55.42
GOLDBND, 28-Aug-2026,157.15,158.46,156.03,157.91,157.15,4053,6.36,141,2172.0,53.59
GOLDCASE, 28-Aug-2026,25.35,25.35,24.55,24.9,24.74,12105364,2999.7,9083,7337079.0,60.61
GOLDETF, 28-Aug-2026,152.49,154.24,150.01,153.76,153.09,1124814,1723.13,11139,603326.0,53.64
GOLDIAM, 28-Aug-2026,355.0,355.85,346.1,348.55,352.75,332253,1162.5,6460,167125.0,50.3
GOLDIETF, 28-Aug-2026,138.0,138.0,133.78,135.62,134.64,5602015,7570.02,20379,2610635.0,46.6
GOLDSTAR, 28-Aug-2026,7.5,7.5,7.25,7.5,7.15,56250,4.19,5,45000.0,80.0
GOODLUCK, 28-Aug-2026,434.4,453.0,430.1,449.9,432.8,539784,2399.81,14949,219650.0,40.69
GOODYEAR, 28-Aug-2026,774.35,774.35,736.3,749.9,765.05,7639,57.55,526,4129.0,54.05
GOPAL, 28-Aug-2026,279.15,284.0,275.1,276.25,279.15,167988,468.09,8878,59324.0,35.31
GOYALALUM, 28-Aug-2026,6.32,6.55,6.25,6.27,6.33,53164,3.35,269,45367.0,85.33
GPECO, 28-Aug-2026,400.05,415.6,398.0,411.35,401.0,12400,50.6,51,12000.0,96.77
GPIL, 28-Aug-2026,240.6,247.0,239.0,239.85,240.33,837487,2024.34,13764,356545.0,42.57
GPPL, 28-Aug-2026,169.55,169.55,167.4,168.75,169.1,1092016,1840.33,12181,531766.0,48.7
GPTHEALTH, 28-Aug-2026,151.4,153.7,150.49,151.72,151.39,55986,84.93,1395,32110.0,57.35
GPTINFRA, 28-Aug-2026,113.58,114.05,111.6,111.91,113.58,82362,92.59,1024,57194.0,69.44
GRADIENTE, 28-Aug-2026,2.79,2.79,2.65,2.72,2.71,2679318,73.74,362,1675043.0,62.52
GRANDOAK, 28-Aug-2026,37.82,38.95,35.58,36.69,37.45,16138,5.87,228,11969.0,74.17
GRANULES, 28-Aug-2026,833.5,844.75,833.5,836.65,832.3,328237,2752.46,14831,228369.0,69.57
GRAPHISAD, 28-Aug-2026,26.05,26.7,25.15,26.7,26.35,16800,4.35,11,13200.0,78.57
GRAPHITE, 28-Aug-2026,683.9,705.6,683.0,696.0,683.0,930045,6490.97,36210,378110.0,40.66
GRASIM, 28-Aug-2026,3261.0,3292.5,3229.0,3290.0,3258.0,676185,21995.49,26435,353798.0,52.32
GRAUWEIL, 28-Aug-2026,67.95,72.0,67.75,71.32,67.75,715607,503.69,9449,371019.0,51.85
GRAVISSHO, 28-Aug-2026,28.67,30.0,28.67,30.0,30.85,82,0.02,8,82.0,100.0
GRAVITA, 28-Aug-2026,1821.9,1835.0,1809.0,1825.8,1824.5,85446,1557.89,9732,42593.0,49.85
GRCL, 28-Aug-2026,550.0,568.0,550.0,568.0,559.9,500,2.8,2,500.0,100.0
GREAVESCOT, 28-Aug-2026,192.02,196.53,192.02,194.41,191.17,884651,1720.67,9284,361810.0,40.9
GREENCHEF, 28-Aug-2026,62.65,64.75,59.0,59.45,62.65,11200,6.78,13,9600.0,85.71
GREENLAM, 28-Aug-2026,244.6,248.8,242.5,246.35,243.25,84116,206.66,2705,35639.0,42.37
GREENLEAF, 28-Aug-2026,116.0,116.0,112.1,114.2,118.0,10000,11.32,10,7000.0,70.0
GREENPANEL, 28-Aug-2026,159.85,164.13,158.41,161.06,159.9,218249,352.09,4146,134180.0,61.48
GREENPLY, 28-Aug-2026,293.0,293.4,283.1,286.25,291.25,68923,197.49,2323,32820.0,47.62
GREENPOWER, 28-Aug-2026,9.41,9.54,9.36,9.39,9.41,1758824,165.46,2574,802167.0,45.61
GRINDWELL, 28-Aug-2026,2034.2,2063.7,2024.4,2057.7,2024.1,15697,321.55,5057,10213.0,65.06
GRINFRA, 28-Aug-2026,893.3,896.75,884.55,890.75,890.4,10647,94.77,1235,6560.0,61.61
GRMOVER, 28-Aug-2026,87.07,88.65,86.0,86.38,87.76,956059,832.7,3993,199110.0,20.83
GROBTEA, 28-Aug-2026,1012.0,1012.0,980.5,991.6,995.9,246,2.45,30,185.0,75.2
GROWW, 28-Aug-2026,196.5,196.75,189.7,191.46,196.84,53275950,102306.39,319137,32387926.0,60.79
GROWWCAPM, 28-Aug-2026,11.58,11.63,11.42,11.58,11.48,332571,38.5,604,173004.0,52.02
GROWWCHEM, 28-Aug-2026,30.56,30.78,30.14,30.35,30.4,38114,11.55,282,26814.0,70.35
GROWWDEFNC, 28-Aug-2026,97.98,98.73,97.05,97.44,97.95,170175,165.87,2363,114501.0,67.28
GROWWEV, 28-Aug-2026,33.26,33.55,33.11,33.38,33.25,217473,72.61,1611,144815.0,66.59
GROWWGOLD, 28-Aug-2026,15.65,15.65,15.25,15.43,15.33,1858335,285.33,3875,629505.0,33.87
GROWWHOSPI, 28-Aug-2026,52.2,52.8,52.2,52.64,52.43,709887,373.81,1041,580271.0,81.74
GROWWLIQID, 28-Aug-2026,110.55,110.56,110.55,110.55,110.51,493871,545.98,176,444367.0,89.98
GROWWLOVOL, 28-Aug-2026,10.38,10.58,10.38,10.47,10.38,9671,1.01,85,6281.0,64.95
GROWWMC150, 28-Aug-2026,240.98,240.98,234.39,237.13,237.0,625,1.48,38,591.0,94.56
GROWWMETAL, 28-Aug-2026,12.97,12.98,12.77,12.87,12.84,416956,53.6,1547,205810.0,49.36
GROWWMOM50, 28-Aug-2026,10.91,11.55,10.91,11.35,11.19,438378,49.44,556,270529.0,61.71
GROWWN200, 28-Aug-2026,11.75,11.75,11.39,11.39,11.47,34342,3.92,247,30522.0,88.88
GROWWNET, 28-Aug-2026,11.09,11.09,10.81,10.88,11.0,480119,52.46,803,358709.0,74.71
GROWWNIFTY, 28-Aug-2026,9.9,9.9,9.71,9.74,9.77,679296,66.32,3269,437468.0,64.4
GROWWNXT50, 28-Aug-2026,75.48,75.48,74.17,74.51,74.99,16692,12.44,116,11982.0,71.78
GROWWPOWER, 28-Aug-2026,11.39,11.42,11.3,11.33,11.32,2374411,269.12,1926,2058167.0,86.68
GROWWPSE, 28-Aug-2026,96.1,99.6,95.96,97.13,97.92,3578,3.48,64,2524.0,70.54
GROWWPSUBK, 28-Aug-2026,86.51,86.51,85.73,85.83,85.78,1740,1.49,35,852.0,48.97
GROWWRAIL, 28-Aug-2026,28.64,28.7,28.37,28.52,28.51,464130,132.17,2466,269027.0,57.96
GROWWRLTY, 28-Aug-2026,10.25,10.32,10.11,10.14,10.2,238175,24.19,433,136746.0,57.41
GROWWSC250, 28-Aug-2026,10.6,10.69,10.58,10.67,10.61,162225,17.29,502,160037.0,98.65
GROWWSLVR, 28-Aug-2026,23.78,23.78,23.1,23.59,23.2,1375964,322.61,2233,360761.0,26.22
GRPLTD, 28-Aug-2026,1969.4,2025.3,1961.2,2010.9,1982.9,495,9.85,107,357.0,72.12
GRSE, 28-Aug-2026,2642.0,2650.0,2607.1,2612.9,2643.0,199226,5218.67,13800,98341.0,49.36
GRWRHITECH, 28-Aug-2026,7084.5,7309.5,7065.5,7224.5,7060.5,88184,6341.44,8210,69581.0,78.9
GSEC10ABSL, 28-Aug-2026,112.05,112.05,112.05,112.05,112.28,35,0.04,1,35.0,100.0
GSEC10ADD, 28-Aug-2026,26.66,26.89,26.66,26.89,26.82,11,0.0,3,11.0,100.0
GSEC10YEAR, 28-Aug-2026,30.73,30.73,30.33,30.63,30.73,571,0.17,19,504.0,88.27
GSEC5IETF, 28-Aug-2026,66.7,66.7,66.15,66.2,66.8,1275,0.85,25,1275.0,100.0
GSFC, 28-Aug-2026,159.4,161.0,157.6,157.97,159.16,729308,1155.12,7150,383875.0,52.64
GSLSU, 28-Aug-2026,27.89,28.24,26.62,27.08,27.26,188689,51.01,813,158054.0,83.76
GSMFOILS, 28-Aug-2026,117.6,117.6,117.6,117.6,112.0,107500,126.42,67,107500.0,100.0
GSPCROP, 28-Aug-2026,627.0,637.1,622.5,626.6,627.75,140331,882.11,4752,68209.0,48.61
GSS, 28-Aug-2026,12.47,12.47,12.08,12.38,12.13,7380,0.91,103,4320.0,58.54
GSTL, 28-Aug-2026,13.0,13.0,12.75,12.75,13.4,7000,0.9,6,7000.0,100.0
GTL, 28-Aug-2026,7.42,7.5,7.26,7.37,7.32,231354,17.05,504,174408.0,75.39
GTLINFRA, 28-Aug-2026,1.21,1.23,1.2,1.2,1.2,24825816,300.43,5260,10756894.0,43.33
GTPL, 28-Aug-2026,53.55,55.1,53.25,53.54,53.95,383813,207.19,514,370985.0,96.66
GUFICBIO, 28-Aug-2026,412.2,414.05,400.5,406.3,412.2,69317,283.79,2792,34565.0,49.87
GUJALKALI, 28-Aug-2026,715.0,716.6,705.0,706.85,710.75,34553,245.22,3298,16329.0,47.26
GUJAPOLLO, 28-Aug-2026,360.0,360.0,342.8,345.25,351.5,7280,25.3,445,4760.0,65.38
GUJENERGY, 28-Aug-2026,251.9,255.65,250.0,254.8,250.35,848622,2147.85,18522,447968.0,52.79
GUJRAFFIA, 28-Aug-2026,41.5,41.5,39.4,41.4,41.0,627,0.25,16,211.0,33.65
GUJTHEM, 28-Aug-2026,410.1,417.5,406.75,411.05,412.2,209713,861.34,6180,121745.0,58.05
GULFOILLUB, 28-Aug-2026,1154.3,1154.6,1136.6,1143.9,1154.3,55037,630.63,8985,36706.0,66.69
GULPOLY, 28-Aug-2026,193.09,195.48,191.0,192.73,193.09,105481,203.49,2161,42899.0,40.67
GURUNANAK, 28-Aug-2026,36.6,36.6,36.6,36.6,38.5,3200,1.17,2,3200.0,100.0
GVPIL, 28-Aug-2026,660.5,663.45,650.6,652.7,661.75,116813,765.6,5006,66560.0,56.98
GVPTECH, 28-Aug-2026,7.88,9.03,7.87,9.03,7.53,1285332,113.17,2146,726239.0,56.5
GVT&D, 28-Aug-2026,4404.0,4416.4,4331.0,4339.2,4407.8,520191,22666.18,49358,269963.0,51.9
GYFTR, 28-Aug-2026,168.58,168.58,164.88,166.82,166.81,12842,21.34,121,9167.0,71.38
HAL, 28-Aug-2026,4884.1,4890.0,4816.0,4861.1,4899.0,484334,23486.31,35812,225857.0,46.63
HALDER, 28-Aug-2026,297.97,298.0,287.0,294.99,297.88,15606,46.24,143,4643.0,29.75
HALEOSLABS, 28-Aug-2026,1495.0,1526.8,1486.0,1495.1,1501.8,1337,20.05,154,1090.0,81.53
HAMPTON, 28-Aug-2026,8.83,8.83,8.0,8.03,8.3,36275,2.95,120,28246.0,77.87
HAPPSTMNDS, 28-Aug-2026,421.1,427.1,404.05,408.0,420.25,3267707,13519.24,64728,972648.0,29.77
HAPPY, 28-Aug-2026,84.15,92.6,84.15,92.0,84.25,104000,92.79,46,74000.0,71.15
HAPPYFORGE, 28-Aug-2026,2272.0,2311.0,2260.1,2307.0,2250.8,51595,1182.5,6987,30492.0,59.1
HARDWYN, 28-Aug-2026,9.07,9.24,9.0,9.07,9.05,1621337,147.46,1373,981519.0,60.54
HARIOMPIPE, 28-Aug-2026,343.65,354.4,342.15,352.2,341.15,96840,337.32,2774,56336.0,58.17
HARRMALAYA, 28-Aug-2026,198.75,198.75,193.22,197.2,194.7,9508,18.64,345,6422.0,67.54
HARSHA, 28-Aug-2026,441.9,447.8,436.65,438.85,438.55,149012,660.08,5288,78546.0,52.71
HATHWAY, 28-Aug-2026,10.55,10.65,10.51,10.57,10.55,1196466,126.58,1785,447314.0,37.39
HATSUN, 28-Aug-2026,1151.0,1196.55,1135.55,1176.05,1152.5,119907,1406.53,11389,61105.0,50.96
HAVELLS, 28-Aug-2026,1247.0,1247.0,1190.1,1222.9,1241.0,1778490,21620.91,60138,926061.0,52.07
HAVISHA, 28-Aug-2026,1.41,1.41,1.35,1.37,1.35,19177,0.26,91,10003.0,52.16
HAWKINCOOK, 28-Aug-2026,8250.0,8301.0,8131.0,8230.0,8239.0,373,30.74,223,184.0,49.33
HAZOOR, 28-Aug-2026,20.82,22.49,19.41,19.94,20.82,480486,97.85,1193,283248.0,58.95
HBESD, 28-Aug-2026,75.95,77.49,74.05,74.5,75.95,540,0.4,15,364.0,67.41
HBLENGINE, 28-Aug-2026,665.75,677.9,665.75,674.1,665.75,573296,3858.24,19610,241547.0,42.13
HBPOR, 28-Aug-2026,61.99,61.99,56.45,61.79,59.5,479,0.29,27,450.0,93.95
HBSL, 28-Aug-2026,52.0,53.4,50.7,52.55,51.99,4040,2.1,139,3275.0,81.06
HCC, 28-Aug-2026,25.25,25.59,24.5,24.64,25.1,41624710,10382.97,44159,14740232.0,35.41
HCG, 28-Aug-2026,703.95,704.9,693.55,696.3,699.95,54966,384.79,8646,27577.0,50.17
HCL-INSYS, 28-Aug-2026,10.81,11.07,10.62,10.78,10.81,206429,22.35,788,105899.0,51.3
HCLTECH, 28-Aug-2026,1290.0,1334.2,1290.0,1316.1,1282.0,3459476,45600.32,91276,1677544.0,48.49
HDBFS, 28-Aug-2026,685.15,687.0,678.0,679.35,685.15,172622,1176.4,10930,113296.0,65.63
HDFCAMC, 28-Aug-2026,2573.0,2589.2,2539.0,2569.0,2575.0,587652,15035.85,34671,335385.0,57.07
HDFCBANK, 28-Aug-2026,710.85,720.3,707.0,720.3,711.0,16494301,117960.11,221663,8735071.0,52.96
HDFCBSE500, 28-Aug-2026,37.46,38.17,37.46,37.87,37.86,363854,137.76,173,329517.0,90.56
HDFCGOLD, 28-Aug-2026,132.63,137.99,132.62,135.29,134.63,2979111,4013.79,8346,1478084.0,49.61
HDFCGROWTH, 28-Aug-2026,121.5,121.85,120.92,121.37,120.43,13860,16.82,98,6006.0,43.33
HDFCLIFE, 28-Aug-2026,550.8,550.95,543.8,548.0,548.0,2076182,11370.41,48440,1362061.0,65.6
HDFCLIQUID, 28-Aug-2026,1075.85,1075.87,1075.85,1075.85,1075.43,31517,339.08,44,22713.0,72.07
HDFCLOWVOL, 28-Aug-2026,20.72,20.83,20.72,20.74,20.72,9837,2.04,59,9501.0,96.58
HDFCMID150, 28-Aug-2026,23.82,23.91,23.77,23.79,23.81,339699,80.87,1208,220653.0,64.96
HDFCMOMENT, 28-Aug-2026,31.73,31.87,31.62,31.71,31.71,132955,42.17,519,75833.0,57.04
HDFCNEXT50, 28-Aug-2026,76.28,76.28,75.52,75.73,75.91,60024,45.53,539,44604.0,74.31
HDFCNIF100, 28-Aug-2026,26.14,26.33,26.1,26.31,26.29,119859,31.49,237,106600.0,88.94
HDFCNIFBAN, 28-Aug-2026,59.29,59.44,59.1,59.28,59.29,21219,12.58,319,11543.0,54.4
HDFCNIFIT, 28-Aug-2026,32.33,33.44,32.33,33.25,32.33,273938,91.02,317,118884.0,43.4
HDFCNIFTY, 28-Aug-2026,272.59,273.18,271.76,272.45,272.77,90081,245.36,819,63364.0,70.34
HDFCNIMEG, 28-Aug-2026,134.74,134.96,133.96,134.3,133.2,23694,31.83,52,22022.0,92.94
HDFCPSUBK, 28-Aug-2026,86.51,87.28,86.5,86.7,86.77,28295,24.56,134,15091.0,53.33
HDFCPVTBAN, 28-Aug-2026,29.04,29.04,28.23,28.32,28.34,135247,38.3,362,90294.0,66.76
HDFCQUAL, 28-Aug-2026,57.98,59.74,57.98,59.26,59.09,41122,24.39,81,21112.0,51.34
HDFCSENSEX, 28-Aug-2026,88.0,88.0,87.31,87.54,87.65,13651,11.97,464,7929.0,58.08
HDFCSILVER, 28-Aug-2026,231.88,231.88,225.23,230.34,226.23,3146569,7217.28,10664,1067995.0,33.94
HDFCSML250, 28-Aug-2026,186.82,186.82,185.56,186.5,185.58,879722,1639.58,8440,688142.0,78.22
HDFCVALUE, 28-Aug-2026,125.43,125.85,125.2,125.51,125.42,5306,6.66,53,4620.0,87.07
HEADSUP, 28-Aug-2026,6.8,7.29,6.8,6.99,6.87,15550,1.09,111,13165.0,84.66
HEALTHADD, 28-Aug-2026,16.95,16.98,16.85,16.91,16.87,38715,6.54,80,34262.0,88.5
HEALTHAXIS, 28-Aug-2026,165.4,171.42,165.4,170.79,169.65,7441,12.69,76,4281.0,57.53
HEALTHCARE, 28-Aug-2026,22.24,22.24,21.8,21.89,21.8,30792,6.73,166,26804.0,87.05
HEALTHIETF, 28-Aug-2026,173.2,173.2,171.28,172.18,171.49,97956,168.44,1455,67551.0,68.96
HEALTHX, 28-Aug-2026,292.1,302.25,292.1,300.05,293.55,2233,6.65,58,1833.0,82.09
HEALTHY, 28-Aug-2026,17.2,17.39,17.14,17.24,17.2,511546,88.23,851,417661.0,81.65
HECPROJECT, 28-Aug-2026,116.26,119.35,116.26,118.06,117.97,3081,3.64,86,2065.0,67.02
HEG, 28-Aug-2026,713.1,743.55,712.2,737.35,710.2,2665306,19575.04,49201,1079565.0,40.5
HEIDELBERG, 28-Aug-2026,161.7,162.75,160.65,160.99,161.7,135775,219.03,1608,101716.0,74.92
HEMIPROP, 28-Aug-2026,130.61,131.47,129.26,129.98,130.56,208579,271.3,1715,145160.0,69.59
HERANBA, 28-Aug-2026,174.0,174.0,170.0,171.64,169.69,18761,32.15,866,9872.0,52.62
HERITGFOOD, 28-Aug-2026,378.0,380.65,369.0,370.55,378.15,114313,425.99,4910,61347.0,53.67
HEROMOTOCO, 28-Aug-2026,5549.0,5654.0,5529.0,5600.0,5550.0,408239,22922.92,33549,206921.0,50.69
HESTERBIO, 28-Aug-2026,2294.4,2347.9,2291.2,2302.3,2289.8,2398,55.49,565,1233.0,51.42
HEXATRADEX, 28-Aug-2026,159.1,161.79,158.01,160.09,159.1,852,1.36,31,680.0,79.81
HEXT, 28-Aug-2026,565.5,565.85,552.2,555.7,556.6,188517,1056.15,14813,71351.0,37.85
HFCL, 28-Aug-2026,246.4,255.1,245.55,251.47,245.84,17035686,42708.69,101581,5472696.0,32.12
HGINFRA, 28-Aug-2026,502.0,504.15,495.1,496.5,502.15,52973,263.88,2547,32303.0,60.98
HGM, 28-Aug-2026,44.89,48.9,42.0,46.74,43.99,20040,9.25,329,15467.0,77.18
HGS, 28-Aug-2026,406.9,406.9,398.6,402.55,402.55,11089,44.6,652,7292.0,65.76
HIGREEN, 28-Aug-2026,125.85,127.0,125.85,127.0,123.0,6400,8.08,7,6400.0,100.0
HIKAL, 28-Aug-2026,204.85,206.89,202.23,204.23,204.63,139273,284.27,3213,74007.0,53.14
HILINFRA, 28-Aug-2026,45.12,46.1,44.5,45.52,45.29,81065,36.77,1388,54451.0,67.17
HILTON, 28-Aug-2026,19.98,19.98,19.02,19.37,19.51,68962,13.35,336,54416.0,78.91
HIMATSEIDE, 28-Aug-2026,72.25,72.25,70.66,71.31,71.83,284820,202.88,2380,147465.0,51.77
HINDADH, 28-Aug-2026,352.7,355.4,344.0,349.05,350.4,1895,6.64,127,1355.0,71.5
HINDALCO, 28-Aug-2026,1030.0,1037.4,1025.95,1037.4,1024.0,1687987,17411.33,44004,1028840.0,60.95
HINDALUMI, 28-Aug-2026,97.51,100.0,97.51,99.76,97.99,895,0.89,36,490.0,54.75
HINDCOMPOS, 28-Aug-2026,410.35,413.0,406.0,408.35,409.45,4130,16.87,270,2504.0,60.63
HINDCON, 28-Aug-2026,23.9,23.9,22.25,22.89,22.6,23694,5.42,172,15820.0,66.77
HINDCOPPER, 28-Aug-2026,539.0,543.0,530.0,533.55,536.3,10119066,53977.8,112591,3962318.0,39.16
HINDOILEXP, 28-Aug-2026,164.05,164.05,160.53,162.66,163.43,262249,425.86,3994,135328.0,51.6
HINDPETRO, 28-Aug-2026,370.0,370.9,363.85,364.0,371.0,3150636,11534.57,35545,1471612.0,46.71
HINDUNILVR, 28-Aug-2026,2018.0,2018.0,1997.5,2010.4,2009.0,933212,18695.68,43909,515332.0,55.22
HINDWAREAP, 28-Aug-2026,191.94,195.59,191.25,191.61,190.84,46887,90.32,1690,23798.0,50.76
HINDZINC, 28-Aug-2026,615.7,624.35,607.8,622.0,610.1,6227595,38399.34,66474,2545503.0,40.87
HIRECT, 28-Aug-2026,1230.0,1247.0,1218.8,1237.8,1223.0,27665,340.34,2772,12253.0,44.29
HISARMETAL, 28-Aug-2026,148.0,159.9,148.0,155.96,149.23,4146,6.42,120,3455.0,83.33
HITECH, 28-Aug-2026,78.12,82.73,78.12,82.05,77.93,1162242,940.12,8392,473808.0,40.77
HLEGLAS, 28-Aug-2026,316.0,316.0,312.2,313.3,314.85,39351,123.35,1368,19729.0,50.14
HLVLTD, 28-Aug-2026,6.66,6.66,6.48,6.53,6.63,180001,11.83,592,152221.0,84.57
HMAAGRO, 28-Aug-2026,21.07,21.22,20.72,20.97,20.9,1054199,220.9,2237,530569.0,50.33
HNDFDS, 28-Aug-2026,635.0,639.75,631.0,634.45,635.55,26448,168.15,2470,14889.0,56.3
HNGSNGBEES, 28-Aug-2026,477.23,478.7,471.95,473.21,472.5,66465,314.62,2936,40165.0,60.43
HOLMARC, 28-Aug-2026,97.0,100.0,97.0,97.2,102.0,3000,2.94,4,2250.0,75.0
HOMEFIRST, 28-Aug-2026,1200.0,1205.0,1188.3,1198.3,1200.2,89891,1077.71,8301,54565.0,60.7
HONASA, 28-Aug-2026,483.8,483.8,467.2,470.65,484.85,684018,3235.85,20362,370283.0,54.13
HONAUT, 28-Aug-2026,36750.0,36970.0,36515.0,36635.0,36800.0,1514,556.47,1133,707.0,46.7
HONDAPOWER, 28-Aug-2026,2060.5,2081.7,2050.0,2058.6,2068.3,2497,51.46,360,1461.0,58.51
HORIZONIND, 28-Aug-2026,56.78,58.7,56.6,58.05,56.78,6908806,3999.15,26446,3466431.0,50.17
HPAL, 28-Aug-2026,34.0,35.62,34.0,34.86,34.63,66287,23.21,613,24077.0,36.32
HPIL, 28-Aug-2026,124.9,127.39,123.25,125.08,123.81,2501,3.13,69,1553.0,62.1
HPL, 28-Aug-2026,309.05,311.95,304.8,308.8,307.65,69054,212.84,2426,39006.0,56.49
HPTL, 28-Aug-2026,331.8,331.8,315.0,315.0,316.0,3000,9.85,5,2400.0,80.0
HRHNEXT, 28-Aug-2026,26.0,26.0,25.95,25.95,27.3,15000,3.89,9,15000.0,100.0
HRYNSHP, 28-Aug-2026,102.85,102.85,99.9,99.9,99.86,22,0.02,5,21.0,95.45
HSBCGOLD, 28-Aug-2026,138.29,139.65,134.05,137.1,136.93,11675,15.98,49,10042.0,86.01
HSCL, 28-Aug-2026,677.15,683.8,667.65,672.95,674.35,8440567,56927.98,65459,3204707.0,37.97
HTMEDIA, 28-Aug-2026,27.6,27.7,26.29,26.78,27.05,108269,29.18,546,65090.0,60.12
HUBTOWN, 28-Aug-2026,184.8,188.72,183.23,186.09,184.71,192831,357.69,3160,111735.0,57.94
HUDCO, 28-Aug-2026,182.5,184.27,181.6,183.23,182.63,1015334,1860.31,23199,507796.0,50.01
HUHTAMAKI, 28-Aug-2026,260.5,264.9,259.4,262.9,260.5,97579,256.16,3313,53130.0,54.45
HVAX, 28-Aug-2026,642.0,660.0,642.0,660.0,675.0,900,5.86,6,900.0,100.0
HYBRIDETF, 28-Aug-2026,10.24,10.24,10.15,10.19,10.19,18329,1.87,58,18179.0,99.18
HYUNDAI, 28-Aug-2026,2248.7,2279.0,2240.3,2267.0,2253.0,855357,19378.5,68318,483583.0,56.54
IBLFL, 28-Aug-2026,61.0,61.0,61.0,61.0,61.0,2000,1.22,1,2000.0,100.0
IBULLSLTD, 28-Aug-2026,26.45,26.5,25.82,26.31,26.11,5773711,1505.7,10603,3251082.0,56.31
ICDSLTD, 28-Aug-2026,41.63,45.5,40.05,41.44,41.63,1467,0.64,54,867.0,59.1
ICELCO, 28-Aug-2026,132.5,132.5,125.8,128.0,127.05,58800,75.08,37,57600.0,97.96
ICEMAKE, 28-Aug-2026,747.65,749.0,730.2,742.55,747.65,8314,61.33,775,5017.0,60.34
ICICIAMC, 28-Aug-2026,3114.8,3179.3,3088.6,3139.6,3093.6,755036,23775.57,54766,452955.0,59.99
ICICIB22, 28-Aug-2026,115.0,115.0,114.28,114.41,114.52,211427,241.94,2433,144582.0,68.38
ICICIBANK, 28-Aug-2026,1435.0,1439.8,1418.9,1422.8,1443.0,8625738,123141.81,87869,5211279.0,60.42
ICICIGI, 28-Aug-2026,1588.1,1589.0,1550.1,1562.0,1588.1,859511,13432.51,53811,538524.0,62.65
ICICIPRULI, 28-Aug-2026,510.25,510.4,502.45,506.0,510.0,1603027,8120.08,26860,1108259.0,69.14
ICIL, 28-Aug-2026,425.0,439.35,420.2,434.95,423.4,668975,2893.84,18759,224203.0,33.51
ICRA, 28-Aug-2026,4813.0,4949.9,4793.1,4912.8,4832.5,33309,1628.54,6286,18307.0,54.96
IDBI, 28-Aug-2026,92.29,93.8,91.55,92.66,92.24,10401965,9641.79,37615,2956309.0,28.42
IDEA, 28-Aug-2026,15.03,15.1,14.6,14.68,14.97,375500261,55431.75,383204,114833845.0,30.58
IDEAFORGE, 28-Aug-2026,811.9,827.9,796.2,807.65,805.0,369510,2998.42,15431,188002.0,50.88
IDENTICAL, 28-Aug-2026,17.05,19.25,17.05,18.95,17.0,10000,1.82,5,10000.0,100.0
IDFCFIRSTB, 28-Aug-2026,83.79,84.23,82.95,83.12,83.8,14247602,11882.91,52105,4520693.0,31.73
IDFNIFTYET, 28-Aug-2026,267.15,267.75,262.75,264.35,267.17,781,2.08,52,629.0,80.54
IEML, 28-Aug-2026,43.0,44.35,43.0,43.6,44.1,25500,11.14,40,13000.0,50.98
IEX, 28-Aug-2026,122.0,122.24,121.07,121.8,122.0,1550661,1883.27,25591,748964.0,48.3
IFBAGRO, 28-Aug-2026,950.5,950.5,915.0,919.8,946.15,16694,154.4,804,13754.0,82.39
IFBIND, 28-Aug-2026,1354.3,1358.3,1328.3,1336.8,1351.6,21273,284.82,3241,10749.0,50.53
IFCI, 28-Aug-2026,84.27,92.45,83.57,89.96,84.27,139340453,124466.13,325702,31459226.0,22.58
IFGLEXPOR, 28-Aug-2026,210.98,219.0,210.91,215.47,212.96,20333,43.65,882,7813.0,38.43
IGARASHI, 28-Aug-2026,422.15,428.4,420.8,427.1,420.8,24661,104.98,1028,12388.0,50.23
IGCL, 28-Aug-2026,72.0,72.11,71.5,71.84,72.24,32425,23.27,416,16365.0,50.47
IGIL, 28-Aug-2026,341.15,346.8,337.45,338.95,343.55,277869,948.28,11452,155484.0,55.96
IGL, 28-Aug-2026,147.45,148.66,147.21,147.61,147.17,2537531,3749.2,15918,1793319.0,70.67
IGPL, 28-Aug-2026,524.9,536.0,522.4,532.4,521.95,98498,523.23,4573,50212.0,50.98
IIFL, 28-Aug-2026,633.65,667.35,615.0,659.25,635.65,1785071,11633.27,39408,884758.0,49.56
IIFLCAPS, 28-Aug-2026,334.4,335.35,333.1,333.2,334.4,132914,443.44,6666,100086.0,75.3
IITL, 28-Aug-2026,160.0,164.46,152.73,156.53,159.91,114182,183.13,1884,18752.0,16.42
IKIO, 28-Aug-2026,186.14,217.7,186.14,213.72,186.14,6393359,13574.3,68918,403637.0,6.31
IKS, 28-Aug-2026,1743.0,1778.0,1740.5,1762.0,1750.6,110044,1942.8,14012,60787.0,55.24
IMAGICAA, 28-Aug-2026,60.03,62.0,57.01,58.07,60.21,14845101,8849.95,52973,2727507.0,18.37
IMFA, 28-Aug-2026,1377.0,1399.3,1361.5,1370.7,1367.9,71985,992.34,7710,33585.0,46.66
IMPAL, 28-Aug-2026,1107.8,1119.9,1086.5,1097.5,1108.1,1862,20.46,246,1399.0,75.13
INA, 28-Aug-2026,90.7,92.97,90.7,92.58,90.55,217012,199.81,2812,105689.0,48.7
INCREDIBLE, 28-Aug-2026,33.9,33.9,32.0,32.19,32.85,8155,2.65,71,6306.0,77.33
INDBANK, 28-Aug-2026,31.99,31.99,31.0,31.45,31.55,23473,7.37,224,13224.0,56.34
INDGN, 28-Aug-2026,567.35,587.15,565.5,578.95,567.35,1891693,10972.46,85500,1050880.0,55.55
INDHOTEL, 28-Aug-2026,716.0,716.9,703.55,706.4,718.5,3199451,22609.77,67736,2076276.0,64.89
INDIACEM, 28-Aug-2026,369.35,371.9,363.1,369.75,369.05,235653,866.41,7230,172386.0,73.15
INDIAGLYCO, 28-Aug-2026,1195.0,1204.5,1168.0,1178.3,1203.3,229423,2711.49,16475,113275.0,49.37
INDIAMART, 28-Aug-2026,1763.9,1774.0,1752.5,1756.9,1755.4,74123,1304.42,15035,51409.0,69.36
INDIANB, 28-Aug-2026,882.2,883.95,872.45,882.4,884.4,456709,4007.44,15081,242803.0,53.16
INDIANCARD, 28-Aug-2026,208.01,214.38,205.22,210.29,208.03,1179,2.47,38,669.0,56.74
INDIANHUME, 28-Aug-2026,392.0,392.1,381.55,386.55,390.85,20050,77.37,1286,10589.0,52.81
INDIASHLTR, 28-Aug-2026,653.7,653.7,646.1,649.85,650.3,55916,363.11,7659,31638.0,56.58
INDIGO, 28-Aug-2026,5199.0,5200.5,5137.5,5166.0,5189.0,257496,13302.54,24501,110786.0,43.02
INDIGOPNTS, 28-Aug-2026,1175.5,1176.9,1145.0,1151.8,1170.2,42514,491.01,6696,24178.0,56.87
INDIGRID, 28-Aug-2026,174.83,175.0,174.05,174.19,174.83,487115,849.64,7319,436916.0,89.69
INDIQUBE, 28-Aug-2026,192.45,193.3,189.31,192.36,191.06,33833,64.94,1502,24637.0,72.82
INDNIPPON, 28-Aug-2026,1056.5,1072.9,1056.1,1061.6,1062.2,8033,85.45,1225,3897.0,48.51
INDOBORAX, 28-Aug-2026,512.0,512.0,490.0,495.1,503.0,107301,533.12,4776,47912.0,44.65
INDOCO, 28-Aug-2026,242.53,253.7,239.34,248.8,242.53,256307,635.79,6061,116411.0,45.42
INDOFARM, 28-Aug-2026,140.1,140.79,138.0,138.85,138.24,61967,86.02,1517,30780.0,49.67
INDOKEM, 28-Aug-2026,611.0,634.95,608.0,617.85,610.85,1353,8.38,217,771.0,56.98
INDOMIM, 28-Aug-2026,881.7,892.0,864.45,868.05,877.5,1086896,9511.63,35935,508301.0,46.77
INDORAMA, 28-Aug-2026,64.89,64.89,61.81,63.65,63.87,451194,285.6,4218,232028.0,51.43
INDOSTAR, 28-Aug-2026,253.35,260.0,252.6,258.85,255.05,82794,211.74,1437,57039.0,68.89
INDOTECH, 28-Aug-2026,3728.0,3795.1,3725.0,3757.1,3712.2,10275,386.9,1443,7173.0,69.81
INDOTHAI, 28-Aug-2026,46.18,46.18,46.18,46.18,48.61,276690,127.78,1006,276690.0,100.0
INDOUS, 28-Aug-2026,83.22,83.75,79.0,80.91,80.79,68690,55.59,211,36373.0,52.95
INDOWIND, 28-Aug-2026,9.15,9.35,9.1,9.16,9.21,71572,6.61,379,58257.0,81.4
INDPRUD, 28-Aug-2026,6270.0,6389.5,6225.0,6302.5,6200.0,26,1.64,14,21.0,80.77
INDRAMEDCO, 28-Aug-2026,369.5,372.55,366.1,368.05,369.3,118497,436.74,7837,71244.0,60.12
INDSWFTLAB, 28-Aug-2026,360.0,366.0,355.65,362.92,358.04,527926,1910.61,12528,174704.0,33.09
INDTERRAIN, 28-Aug-2026,30.12,30.5,29.75,30.02,30.11,17734,5.32,78,15177.0,85.58
INDUSINDBK, 28-Aug-2026,997.0,1000.6,987.3,994.0,1002.9,1026834,10189.56,55158,565524.0,55.07
INDUSINVIT, 28-Aug-2026,135.08,135.08,133.65,133.9,134.28,70576,94.62,6487,60647.0,85.93
INDUSTOWER, 28-Aug-2026,379.95,385.7,378.75,380.0,379.95,1536497,5876.24,33128,620452.0,40.38
INFINIUM, 28-Aug-2026,260.0,272.0,260.0,271.2,264.0,25500,67.44,29,22500.0,88.24
INFLUX, 28-Aug-2026,302.9,304.0,299.85,302.75,300.15,22800,68.65,35,16200.0,71.05
INFOBEAN, 28-Aug-2026,155.01,183.0,155.01,165.67,154.65,8786919,15202.56,72280,1161623.0,13.22
INFOLLION, 28-Aug-2026,159.0,159.8,156.0,156.0,159.9,4000,6.29,10,3600.0,90.0
INFOMEDIA, 28-Aug-2026,5.21,5.35,5.09,5.33,5.11,110,0.01,11,108.0,98.18
INFRA, 28-Aug-2026,12.18,12.19,12.1,12.13,12.18,26340,3.2,182,23633.0,89.72
INFRABEES, 28-Aug-2026,959.2,962.84,951.27,955.87,959.2,14984,143.03,646,6798.0,45.37
INFRAIETF, 28-Aug-2026,95.31,95.49,94.61,94.79,95.3,1646089,1561.77,4307,1542149.0,93.69
INFY, 28-Aug-2026,1123.6,1145.0,1123.3,1144.0,1110.8,9621969,109630.88,147819,5905963.0,61.38
INGERRAND, 28-Aug-2026,4609.0,4899.0,4609.0,4860.2,4609.4,123159,5915.28,22921,52177.0,42.37
INM, 28-Aug-2026,156.0,156.0,156.0,156.0,158.1,600,0.94,1,600.0,100.0
INNOMET, 28-Aug-2026,255.95,255.95,255.95,255.95,250.95,6000,15.36,7,6000.0,100.0
INNOVACAP, 28-Aug-2026,1021.55,1060.0,1016.2,1055.1,1021.55,41828,438.44,6125,17803.0,42.56
INNOVANA, 28-Aug-2026,316.5,316.5,300.0,306.75,313.6,2852,8.7,93,2506.0,87.87
INNOVISION, 28-Aug-2026,249.3,254.75,246.2,247.25,251.4,16674,41.54,1178,11748.0,70.46
INOXGREEN, 28-Aug-2026,172.18,177.4,168.0,174.26,172.18,1571341,2711.14,9526,953751.0,60.7
INOXINDIA, 28-Aug-2026,2175.0,2267.9,2115.2,2126.2,2177.9,733868,15903.85,56284,120492.0,16.42
INOXWIND, 28-Aug-2026,72.0,72.48,71.27,71.79,72.0,7058151,5056.5,28457,2908849.0,41.21
INSECTICID, 28-Aug-2026,568.1,608.1,566.3,598.5,567.1,125263,742.83,6790,53633.0,42.82
INSPIRE, 28-Aug-2026,8.15,8.15,8.15,8.15,8.15,2000,0.16,1,2000.0,100.0
INSUREIETF, 28-Aug-2026,15.4,16.06,15.27,15.35,15.49,3357020,515.91,316,3202687.0,95.4
INTEGRITY, 28-Aug-2026,161.0,167.7,161.0,167.7,159.75,4800,7.92,4,3600.0,75.0
INTELLECT, 28-Aug-2026,677.0,689.6,677.0,679.7,678.3,395222,2691.7,21044,219378.0,55.51
INTENTECH, 28-Aug-2026,82.98,84.5,82.02,83.62,82.05,10882,9.03,225,7565.0,69.52
INTERARCH, 28-Aug-2026,1719.4,1746.0,1690.0,1701.4,1685.6,88375,1511.55,9040,45819.0,51.85
INTERNET, 28-Aug-2026,14.83,15.33,14.65,14.66,14.76,700673,104.11,346,398411.0,56.86
INTLCONV, 28-Aug-2026,76.98,82.0,76.51,80.31,76.92,300014,242.24,6510,162425.0,54.14
INVENTURE, 28-Aug-2026,0.97,0.98,0.94,0.96,0.97,936470,9.0,432,589759.0,62.98
IOB, 28-Aug-2026,33.0,33.0,32.62,32.81,32.9,1294744,424.6,9391,664182.0,51.3
IOC, 28-Aug-2026,137.57,137.57,136.23,137.1,137.57,4050844,5537.14,34602,2091680.0,51.64
IOLCP, 28-Aug-2026,193.89,197.0,190.1,194.95,193.07,4410316,8553.25,35484,1284054.0,29.11
IONEXCHANG, 28-Aug-2026,377.0,379.15,371.0,371.45,376.0,116406,436.0,6924,58057.0,49.87
IPCALAB, 28-Aug-2026,1951.0,1977.3,1929.8,1950.3,1959.8,276397,5379.36,25707,146091.0,52.86
IPHL, 28-Aug-2026,74.4,76.9,71.6,76.9,74.35,21600,16.11,18,14400.0,66.67
IPL, 28-Aug-2026,138.1,140.05,138.1,139.0,137.79,48826,67.9,1388,24928.0,51.05
IPRINGLTD, 28-Aug-2026,146.9,146.9,140.0,145.0,138.64,1192,1.7,44,1172.0,98.32
IPSL, 28-Aug-2026,183.55,215.6,183.5,215.6,216.0,3000,6.04,5,2000.0,66.67
IRB, 28-Aug-2026,19.25,19.41,19.04,19.07,19.32,5016562,963.74,14168,2566824.0,51.17
IRBINVIT, 28-Aug-2026,63.67,64.35,63.25,64.19,63.67,192321,122.79,3306,165658.0,86.14
IRCON, 28-Aug-2026,123.3,123.89,122.2,122.4,123.04,834876,1027.12,11487,349723.0,41.89
IRCTC, 28-Aug-2026,487.55,489.0,484.7,485.65,487.55,581576,2827.18,32911,347408.0,59.74
IREDA, 28-Aug-2026,117.0,117.9,115.77,117.02,117.4,4510429,5268.95,38298,1594505.0,35.35
IRFC, 28-Aug-2026,84.65,84.99,83.65,83.9,84.65,6872970,5791.11,47245,3212406.0,46.74
IRIS, 28-Aug-2026,240.0,253.0,235.68,250.72,235.68,25805,63.4,882,19134.0,74.15
IRISDOREME, 28-Aug-2026,58.37,59.09,58.11,58.7,57.93,415448,243.58,3442,224358.0,54.0
IRMENERGY, 28-Aug-2026,282.5,289.0,281.1,283.35,283.1,72208,205.1,2518,23154.0,32.07
ISFT, 28-Aug-2026,93.36,99.15,93.21,94.11,95.17,123205,116.91,946,11194.0,9.09
ISGEC, 28-Aug-2026,775.0,791.0,774.6,789.05,780.4,41044,321.88,3685,26507.0,64.58
ISHAN, 28-Aug-2026,0.55,0.55,0.55,0.55,0.55,48000,0.26,1,48000.0,100.0
ISHANCH, 28-Aug-2026,44.46,45.0,43.4,44.82,44.0,23463,10.36,400,18171.0,77.45
ISTLTD, 28-Aug-2026,670.0,678.0,650.1,676.4,668.9,360,2.42,54,289.0,80.28
IT, 28-Aug-2026,34.0,34.92,33.68,34.63,33.68,503340,173.87,904,311996.0,61.99
ITADD, 28-Aug-2026,32.68,33.21,32.65,33.01,32.19,69661,22.99,1881,52672.0,75.61
ITALIANE, 28-Aug-2026,36.1,36.1,34.7,34.85,34.4,34000,12.22,15,30000.0,88.24
ITAXIS, 28-Aug-2026,337.68,345.34,337.68,343.84,332.0,10697,36.69,174,4600.0,43.0
ITBEES, 28-Aug-2026,33.71,34.82,33.62,34.7,33.71,20158995,6973.76,17645,10451681.0,51.85
ITBETA, 28-Aug-2026,327.9,330.21,326.47,328.0,319.0,3772,12.36,43,1236.0,32.77
ITC, 28-Aug-2026,269.0,269.0,264.8,266.0,269.0,15200847,40423.98,204924,9234520.0,60.75
ITCHOTELS, 28-Aug-2026,164.16,164.95,161.95,162.73,164.16,1319791,2152.4,20369,791706.0,59.99
ITDC, 28-Aug-2026,664.9,675.6,659.05,662.15,659.35,63395,420.67,5349,14281.0,22.53
ITETF, 28-Aug-2026,32.5,33.21,32.07,33.08,32.07,467295,154.07,959,305031.0,65.28
ITI, 28-Aug-2026,275.95,279.55,274.6,275.5,275.2,176937,490.2,4473,43472.0,24.57
ITIETF, 28-Aug-2026,33.81,34.8,33.81,34.65,33.72,917093,316.92,1475,527474.0,57.52
ITL, 28-Aug-2026,360.0,377.0,360.0,368.4,367.2,2845,10.56,70,2658.0,93.43
ITTL, 28-Aug-2026,64.2,64.2,64.2,64.2,64.2,105,0.07,1,105.0,100.0
IVALUE, 28-Aug-2026,273.1,274.65,258.35,264.65,274.75,279869,742.23,7126,154707.0,55.28
IVC, 28-Aug-2026,8.56,8.58,8.36,8.49,8.39,253604,21.58,848,214268.0,84.49
IVZBANKNF, 28-Aug-2026,57.39,57.54,57.26,57.35,57.66,936,0.54,11,763.0,81.52
IVZINGOLD, 28-Aug-2026,138.1,138.45,135.8,138.1,136.75,22801,31.21,445,12479.0,54.73
IVZINNIFTY, 28-Aug-2026,270.08,277.97,270.08,276.86,277.01,243,0.67,32,159.0,65.43
IVZSENSEX, 28-Aug-2026,76.24,79.2,76.22,79.2,77.37,10260,7.82,13,10245.0,99.85
IWARE, 28-Aug-2026,445.0,445.0,430.0,430.55,445.0,8400,36.41,14,8400.0,100.0
IWP, 28-Aug-2026,35.2,35.65,34.0,34.03,34.95,4697,1.63,72,3821.0,81.35
IXIGO, 28-Aug-2026,164.73,167.91,163.0,163.36,162.83,879086,1443.95,15025,441946.0,50.27
IZMO, 28-Aug-2026,834.0,880.8,827.65,848.45,829.6,71967,612.02,5524,28455.0,39.54
J&KBANK, 28-Aug-2026,151.93,152.39,149.0,150.01,152.17,884757,1328.15,14043,406957.0,46.0
JAGRAN, 28-Aug-2026,61.8,62.02,61.2,61.3,61.68,132770,81.68,2040,99566.0,74.99
JAGSNPHARM, 28-Aug-2026,237.76,242.86,236.17,239.06,236.99,92231,221.11,3024,46410.0,50.32
JAIBALAJI, 28-Aug-2026,70.3,70.81,68.45,69.23,70.16,986503,685.83,3886,575530.0,58.34
JAICORPLTD, 28-Aug-2026,100.91,101.0,99.66,100.32,100.1,200251,200.84,2572,92343.0,46.11
JAINIK, 28-Aug-2026,198.25,209.75,188.35,209.75,205.0,12000,23.78,10,3600.0,30.0
JAINREC, 28-Aug-2026,285.1,293.35,285.1,287.95,285.05,811696,2345.44,16108,311442.0,38.37
JAIPURKURT, 28-Aug-2026,26.34,26.88,26.33,26.78,26.33,4902,1.32,26,4747.0,96.84
JAMNAAUTO, 28-Aug-2026,119.88,122.72,119.88,120.8,119.88,886484,1074.97,9941,452883.0,51.09
JARO, 28-Aug-2026,465.9,477.75,464.2,470.05,463.15,93456,440.64,3720,29072.0,31.11
JASH, 28-Aug-2026,488.0,488.0,477.1,478.3,484.65,44964,215.69,3210,30578.0,68.01
JAYAGROGN, 28-Aug-2026,223.11,227.58,222.32,223.14,222.07,3465,7.77,233,1714.0,49.47
JAYBARMARU, 28-Aug-2026,124.99,128.7,123.21,128.35,122.58,283574,358.96,2518,193311.0,68.17
JAYBEE, 28-Aug-2026,85.45,89.0,83.9,85.45,83.75,27500,23.72,45,21500.0,78.18
JAYESH, 28-Aug-2026,135.0,144.0,133.1,142.35,135.5,258000,362.67,76,156000.0,60.47
JAYKAY, 28-Aug-2026,151.22,156.8,149.0,154.11,169.62,781470,1197.48,11518,250961.0,32.11
JAYNECOIND, 28-Aug-2026,101.09,102.1,97.31,99.1,101.09,4064048,4035.49,27350,1975097.0,48.6
JAYSREETEA, 28-Aug-2026,100.05,101.8,98.15,98.84,100.1,56082,56.09,816,32541.0,58.02
JBMA, 28-Aug-2026,645.9,650.7,640.1,641.55,645.25,132197,850.99,7652,48428.0,36.63
JENBURPH, 28-Aug-2026,1031.0,1055.0,1030.1,1048.0,1032.8,501,5.24,58,293.0,58.48
JETFREIGHT, 28-Aug-2026,22.55,22.82,22.2,22.39,22.85,102690,23.13,346,68781.0,66.98
JEYYAM, 28-Aug-2026,22.75,23.5,22.75,22.8,22.8,104000,23.89,18,72000.0,69.23
JGCHEM, 28-Aug-2026,589.9,675.0,586.45,651.3,585.5,5912922,38785.95,149333,554612.0,9.38
JHS, 28-Aug-2026,8.95,9.3,8.24,8.29,8.95,129946,11.06,500,88634.0,68.21
JINDALPHOT, 28-Aug-2026,1020.4,1055.8,1012.1,1026.6,1041.0,4737,48.5,346,2880.0,60.8
JINDALPOLY, 28-Aug-2026,637.55,642.0,632.85,635.85,637.55,5335,33.99,410,2845.0,53.33
JINDALSAW, 28-Aug-2026,310.25,311.2,305.05,308.6,310.25,1154109,3555.55,19347,450809.0,39.06
JINDALSTEL, 28-Aug-2026,1172.7,1191.9,1170.0,1179.2,1170.0,652427,7688.87,24138,206910.0,31.71
JINDRILL, 28-Aug-2026,630.9,635.5,625.55,628.2,630.55,106924,674.25,4968,44698.0,41.8
JINDWORLD, 28-Aug-2026,37.01,38.67,37.01,37.86,36.83,5772657,2184.07,13347,997324.0,17.28
JIOFIN, 28-Aug-2026,238.6,240.0,237.6,238.4,238.1,7150998,17046.98,61321,3758975.0,52.57
JISLDVREQS, 28-Aug-2026,20.95,21.7,20.89,21.22,21.13,7484,1.59,70,4521.0,60.41
JISLJALEQS, 28-Aug-2026,29.5,29.98,28.5,28.7,29.69,2217553,645.36,6733,1285964.0,57.99
JITFINFRA, 28-Aug-2026,321.55,325.5,317.0,318.1,321.5,6571,21.11,295,3983.0,60.61
JKCEMENT, 28-Aug-2026,5233.5,5244.5,5132.0,5168.5,5233.5,26769,1386.31,6816,14487.0,54.12
JKIL, 28-Aug-2026,506.0,506.9,497.0,500.25,504.25,37156,186.0,2307,20354.0,54.78
JKIPL, 28-Aug-2026,107.55,109.8,104.26,104.92,109.12,329849,347.68,734,256662.0,77.81
JKLAKSHMI, 28-Aug-2026,544.2,544.4,539.0,540.85,544.2,66478,359.96,7291,33137.0,49.85
JKPAPER, 28-Aug-2026,391.45,395.3,389.0,391.55,390.4,141274,554.32,4961,71910.0,50.9
JKTYRE, 28-Aug-2026,381.95,382.55,377.6,380.25,378.75,301864,1146.3,8279,105990.0,35.11
JLHL, 28-Aug-2026,309.0,312.95,295.0,301.4,307.45,111623,336.6,4197,48707.0,43.64
JMA, 28-Aug-2026,93.04,103.7,92.0,95.09,93.04,198237,195.0,1600,69821.0,35.22
JMFINANCIL, 28-Aug-2026,130.87,132.5,128.6,129.29,130.45,2233306,2911.76,16847,1034461.0,46.32
JNKINDIA, 28-Aug-2026,440.75,450.1,437.1,447.65,444.75,106881,473.96,3325,49159.0,45.99
JNPR, 28-Aug-2026,254.51,259.0,246.57,258.23,254.32,1228144,3106.29,20405,402160.0,32.75
JPOLYINVST, 28-Aug-2026,968.0,1030.0,968.0,1025.0,966.1,21055,212.35,1610,8155.0,38.73
JPPOWER, 28-Aug-2026,16.94,16.98,16.76,16.82,16.92,19545803,3290.84,90341,8159047.0,41.74
JSFB, 28-Aug-2026,547.0,551.25,539.2,541.0,544.55,301768,1640.23,9207,146276.0,48.47
JSL, 28-Aug-2026,704.0,707.55,697.0,705.15,705.0,307596,2164.98,17519,164658.0,53.53
JSLL, 28-Aug-2026,505.0,515.0,502.6,512.5,501.9,361458,1839.13,10068,167921.0,46.46
JSWCEMENT, 28-Aug-2026,127.0,127.2,124.7,125.24,126.55,476253,596.51,10156,260934.0,54.79
JSWDULUX, 28-Aug-2026,3130.0,3139.0,3100.3,3110.8,3110.4,6926,215.93,2078,4160.0,60.06
JSWENERGY, 28-Aug-2026,539.8,542.0,535.3,535.3,542.1,995262,5362.67,32579,655575.0,65.87
JSWHL, 28-Aug-2026,11800.0,11800.0,11524.0,11578.0,11735.0,1170,136.19,533,642.0,54.87
JSWINFRA, 28-Aug-2026,339.5,344.85,337.5,342.95,337.95,1428019,4889.7,29463,825149.0,57.78
JSWSTEEL, 28-Aug-2026,1335.2,1344.0,1320.4,1334.9,1337.5,1403899,18646.68,33207,701168.0,49.94
JTEKTINDIA, 28-Aug-2026,126.18,126.99,125.0,126.38,126.18,66429,83.86,1422,32487.0,48.9
JTLIND, 28-Aug-2026,83.37,91.01,82.83,89.87,82.57,18590394,16402.19,79438,6054630.0,32.57
JUBLCPL, 28-Aug-2026,2118.7,2166.4,2102.0,2140.4,2122.9,2075,44.26,396,1083.0,52.19
JUBLFOOD, 28-Aug-2026,502.25,502.7,490.05,490.45,504.0,1153110,5708.15,24513,500303.0,43.39
JUBLINGREA, 28-Aug-2026,691.0,698.0,681.0,683.5,691.1,142239,979.22,8209,73918.0,51.97
JUBLPHARMA, 28-Aug-2026,880.0,895.0,871.1,882.65,878.7,124044,1097.75,12474,53437.0,43.08
JUNIORBEES, 28-Aug-2026,821.9,821.9,800.5,801.29,805.78,194210,1558.74,6812,154443.0,79.52
JUNIPER, 28-Aug-2026,216.05,217.9,213.45,214.59,216.05,163439,351.69,3812,98537.0,60.29
JUSTDIAL, 28-Aug-2026,655.0,704.55,653.35,704.55,640.5,739937,5175.27,9281,262027.0,35.41
JWL, 28-Aug-2026,246.9,247.7,244.5,245.1,247.0,606055,1490.49,11953,242737.0,40.05
JYOTHYLAB, 28-Aug-2026,209.52,210.05,206.1,207.4,209.52,323793,675.42,8243,151820.0,46.89
JYOTICNC, 28-Aug-2026,1029.8,1048.0,1014.55,1039.4,1029.8,873856,9055.96,45284,384444.0,43.99
JYOTIGLOBL, 28-Aug-2026,37.05,37.4,37.0,37.3,38.2,12000,4.46,6,8000.0,66.67
JYOTIRES, 28-Aug-2026,897.15,904.55,873.0,879.65,890.55,5279,46.86,547,3616.0,68.5
JYOTISTRUC, 28-Aug-2026,10.23,10.36,10.06,10.14,10.19,2945954,300.39,2952,1724909.0,58.55
K2INFRA, 28-Aug-2026,50.05,51.7,48.9,50.25,51.1,31200,15.49,48,22800.0,73.08
KABRAEXTRU, 28-Aug-2026,590.0,612.15,578.3,603.5,589.6,278180,1664.73,10623,104806.0,37.68
KAJARIACER, 28-Aug-2026,1204.0,1229.9,1202.0,1215.5,1200.4,91389,1111.34,6990,58798.0,64.34
KAKATCEM, 28-Aug-2026,112.8,117.0,112.8,113.78,115.39,4787,5.46,76,3153.0,65.87
KALAMANDIR, 28-Aug-2026,86.48,87.5,86.45,87.09,86.48,157352,136.64,1530,110223.0,70.05
KALANA, 28-Aug-2026,23.5,23.5,23.5,23.5,24.7,2000,0.47,1,2000.0,100.0
KALPATARU, 28-Aug-2026,275.0,279.8,274.0,276.45,274.15,54833,151.62,861,39918.0,72.8
KALYANIFRG, 28-Aug-2026,679.3,784.5,672.05,761.95,682.45,14670,108.74,836,11149.0,76.0
KALYANKJIL, 28-Aug-2026,633.0,635.5,613.0,615.8,629.3,7914847,49215.0,72981,1548393.0,19.56
KAMAHOLD, 28-Aug-2026,2398.4,2400.0,2370.0,2374.6,2389.4,4904,116.67,711,3841.0,78.32
KAMANWALA, 28-Aug-2026,16.9,17.0,16.1,16.93,16.52,3706,0.62,25,2944.0,79.44
KAMATHOTEL, 28-Aug-2026,237.0,241.11,227.21,228.3,236.51,78492,183.82,2212,40539.0,51.65
KAMOPAINTS, 28-Aug-2026,4.63,4.65,4.45,4.5,4.54,99545,4.47,441,84413.0,84.8
KANANIIND, 28-Aug-2026,1.45,1.54,1.45,1.52,1.47,300568,4.54,203,155182.0,51.63
KANCHI, 28-Aug-2026,415.5,435.0,404.2,422.3,420.0,4421,18.74,140,3732.0,84.42
KANCOTEA, 28-Aug-2026,57.99,57.99,55.94,55.95,56.35,283,0.16,10,282.0,99.65
KANDARP, 28-Aug-2026,96.15,96.15,95.05,95.05,96.05,4000,3.83,4,3000.0,75.0
KANPRPLA, 28-Aug-2026,271.39,275.0,261.36,272.32,268.49,48314,130.18,1371,17169.0,35.54
KANSAINER, 28-Aug-2026,198.44,200.01,194.93,195.77,198.44,219737,432.5,7565,130035.0,59.18
KAPSTON, 28-Aug-2026,504.7,566.4,504.7,559.2,501.0,242617,1298.87,6571,142377.0,58.68
KARMAENG, 28-Aug-2026,37.51,43.2,37.51,38.84,38.05,8956,3.53,251,5260.0,58.73
KARNIKA, 28-Aug-2026,113.1,115.6,113.1,115.05,114.85,32000,36.72,29,28000.0,87.5
KARURVYSYA, 28-Aug-2026,346.3,350.85,344.45,346.0,346.3,1302287,4520.53,34548,669674.0,51.42
KATARIA, 28-Aug-2026,104.5,104.5,104.5,104.5,103.5,600,0.63,1,600.0,100.0
KAVDEFENCE, 28-Aug-2026,57.7,58.11,56.73,57.22,57.83,75324,43.12,894,43297.0,57.48
KAYNES, 28-Aug-2026,4035.1,4053.5,3930.3,3943.1,4018.8,673805,26894.21,44979,189968.0,28.19
KAYTEX, 28-Aug-2026,58.9,58.9,56.7,57.4,56.7,4800,2.78,6,4000.0,83.33
KCK, 28-Aug-2026,14.9,15.0,14.9,14.9,14.65,95000,14.23,14,95000.0,100.0
KCP, 28-Aug-2026,169.69,173.94,166.35,168.69,169.51,145640,247.85,2520,81799.0,56.17
KDDL, 28-Aug-2026,3949.0,3972.4,3921.9,3936.9,3947.2,12866,507.24,3199,6072.0,47.19
KDL, 28-Aug-2026,99.0,104.0,98.0,100.3,97.75,18000,18.13,71,12000.0,66.67
KEC, 28-Aug-2026,421.0,427.0,421.0,425.8,421.4,486493,2063.44,15062,275059.0,56.54
KECL, 28-Aug-2026,129.85,138.95,129.85,134.83,129.87,263151,355.43,3512,110548.0,42.01
KEEPLEARN, 28-Aug-2026,1.98,1.98,1.91,1.94,1.98,16395,0.32,76,11393.0,69.49
KEI, 28-Aug-2026,5536.0,5570.0,5487.4,5570.0,5536.0,316313,17516.78,32631,168789.0,53.36
KELLTONTEC, 28-Aug-2026,14.86,15.7,14.81,15.07,14.86,18231630,2798.21,46165,3191806.0,17.51
KEN, 28-Aug-2026,40.0,40.9,39.3,39.3,39.9,9600,3.86,8,7200.0,75.0
KENNAMET, 28-Aug-2026,4505.0,4860.0,4472.5,4580.3,4515.1,97124,4510.43,20429,30473.0,31.38
KERNEX, 28-Aug-2026,1805.0,1828.9,1751.0,1800.0,1801.2,227048,4049.62,16270,97757.0,43.06
KEYFINSERV, 28-Aug-2026,255.0,257.5,252.45,254.2,255.0,185,0.47,13,117.0,63.24
KFINTECH, 28-Aug-2026,959.65,964.15,942.6,949.95,957.0,587920,5593.58,26064,293629.0,49.94
KHAICHEM, 28-Aug-2026,55.5,56.78,55.37,55.58,55.52,82431,46.02,723,36026.0,43.7
KHAITANLTD, 28-Aug-2026,145.0,147.0,140.0,142.1,144.78,2714,3.86,78,1895.0,69.82
KHANDSE, 28-Aug-2026,17.81,18.38,16.19,17.05,17.38,1305,0.22,66,1115.0,85.44
KICL, 28-Aug-2026,5223.5,5259.5,5134.0,5180.0,5238.0,1041,54.05,199,660.0,63.4
KIMS, 28-Aug-2026,772.25,785.6,763.3,771.0,768.45,627500,4851.93,41367,389513.0,62.07
KINGFA, 28-Aug-2026,5950.0,5975.0,5910.0,5947.0,5960.5,4643,275.96,1338,2899.0,62.44
KIOCL, 28-Aug-2026,384.0,389.15,382.35,386.55,382.8,44120,170.24,1836,17240.0,39.08
KIRANVYPAR, 28-Aug-2026,197.0,202.58,196.0,198.24,200.62,1934,3.84,47,1415.0,73.16
KIRIINDUS, 28-Aug-2026,482.5,497.0,482.5,492.9,481.1,698220,3427.38,15336,363218.0,52.02
KIRLFER, 28-Aug-2026,447.5,452.05,441.1,449.85,447.6,24121,107.96,1793,15625.0,64.78
KIRLOSBROS, 28-Aug-2026,1909.6,1920.2,1890.5,1914.7,1899.3,33445,638.1,3423,18818.0,56.27
KIRLOSENG, 28-Aug-2026,2119.4,2144.4,2090.4,2123.1,2100.2,332403,7062.73,22451,187470.0,56.4
KIRLOSIND, 28-Aug-2026,3710.1,3757.6,3700.0,3715.1,3704.2,1628,60.48,314,1065.0,65.42
KIRLPNU, 28-Aug-2026,733.0,737.9,717.3,723.3,731.5,91054,659.67,7991,44730.0,49.12
KISSHT, 28-Aug-2026,302.9,312.0,302.4,306.3,303.1,907622,2793.12,31771,447137.0,49.26
KITEX, 28-Aug-2026,128.76,130.6,127.05,128.4,129.86,295487,378.72,3874,125768.0,42.56
KJMCFIN, 28-Aug-2026,64.6,72.46,64.6,66.97,69.11,1211,0.82,42,861.0,71.1
KKCL, 28-Aug-2026,501.05,508.3,492.5,507.05,498.2,46684,234.85,1594,27826.0,59.61
KKJEWELS, 28-Aug-2026,97.0,97.4,96.65,97.4,98.0,10000,9.71,10,5000.0,50.0
KLBRENG-B, 28-Aug-2026,395.2,427.0,394.8,421.0,390.9,605979,2514.84,11527,352175.0,58.12
KLL, 28-Aug-2026,22.0,22.3,21.5,21.75,21.35,5600,1.23,7,4800.0,85.71
KMCSHIL, 28-Aug-2026,138.6,139.58,136.62,138.05,138.18,82093,113.28,1400,44174.0,53.81
KMEW, 28-Aug-2026,2980.0,3080.0,2969.0,3051.9,2969.0,155002,4705.34,27147,49000.0,31.61
KMSUGAR, 28-Aug-2026,30.84,32.99,30.66,32.64,30.61,505957,162.17,2158,254021.0,50.21
KNACK, 28-Aug-2026,192.89,195.97,192.05,192.61,192.05,341774,662.15,3985,183316.0,53.64
KNAGRI, 28-Aug-2026,214.1,220.0,214.1,219.99,214.23,9223,20.07,192,8002.0,86.76
KNRCON, 28-Aug-2026,123.0,125.67,121.32,124.55,122.45,2939674,3605.62,22783,1790357.0,60.9
KODYTECH, 28-Aug-2026,1416.15,1422.0,1385.0,1419.1,1384.2,9100,128.29,41,9100.0,100.0
KOHINOOR, 28-Aug-2026,34.1,34.95,33.91,34.45,34.35,172391,59.32,1666,49778.0,28.88
KOKUYOCMLN, 28-Aug-2026,81.0,81.9,80.02,80.18,81.21,13438,10.81,265,9251.0,68.84
KOLTEPATIL, 28-Aug-2026,450.0,452.85,443.5,448.2,447.95,46188,207.04,2119,17147.0,37.12
KONSTELEC, 28-Aug-2026,57.3,62.25,57.1,62.05,59.3,58000,35.47,46,57000.0,98.28
KONTOR, 28-Aug-2026,60.0,60.0,56.0,56.0,57.15,2400,1.37,4,1800.0,75.0
KORE, 28-Aug-2026,105.25,116.3,104.0,108.0,105.75,47750,53.58,115,41500.0,86.91
KOTAKBANK, 28-Aug-2026,424.6,426.2,421.0,423.7,424.2,18952918,80366.35,166948,14301403.0,75.46
KOTHARIPET, 28-Aug-2026,132.0,133.78,130.86,131.15,131.52,23331,30.78,845,14270.0,61.16
KOTHARIPRO, 28-Aug-2026,71.8,71.8,67.3,68.24,68.84,4461,3.05,69,3029.0,67.9
KOTIC, 28-Aug-2026,149.0,153.65,149.0,150.19,149.0,9899,14.97,276,7226.0,73.0
KOVAI, 28-Aug-2026,6021.5,6094.0,6014.0,6032.5,6014.0,4637,280.66,700,2153.0,46.43
KPEL, 28-Aug-2026,244.0,250.55,242.6,249.45,244.9,194393,481.7,4634,85760.0,44.12
KPIGREEN, 28-Aug-2026,319.0,319.4,311.55,314.25,316.65,444520,1395.03,12910,203958.0,45.88
KPIL, 28-Aug-2026,1395.9,1404.9,1382.0,1386.3,1391.0,96391,1339.48,14253,54133.0,56.16
KPITTECH, 28-Aug-2026,590.0,613.45,589.4,609.4,588.0,5637989,34208.84,75088,1574323.0,27.92
KPL, 28-Aug-2026,3276.6,3338.4,3257.7,3314.3,3267.1,18523,611.12,3004,7429.0,40.11
KPRMILL, 28-Aug-2026,1129.4,1138.0,1100.6,1130.2,1126.5,270993,3033.39,18721,99083.0,36.56
KRBL, 28-Aug-2026,431.5,443.85,424.0,437.65,433.55,829333,3616.07,14224,325542.0,39.25
KREBSBIO, 28-Aug-2026,56.25,62.0,56.23,59.17,56.21,10318,6.0,139,8984.0,87.07
KRISHANA, 28-Aug-2026,191.05,194.22,189.57,192.91,191.92,561202,1077.98,9603,246919.0,44.0
KRISHCA, 28-Aug-2026,156.0,159.2,155.5,158.15,156.0,25000,39.17,24,22000.0,88.0
KRISHIVAL, 28-Aug-2026,408.95,411.95,404.35,410.25,406.5,22511,92.1,613,16634.0,73.89
KRISHNADEF, 28-Aug-2026,1033.9,1036.0,1015.1,1019.8,1031.0,65359,668.53,4409,42255.0,64.65
KRITI, 28-Aug-2026,64.99,64.99,61.99,62.71,64.08,21987,13.85,203,16147.0,73.44
KRITIKA, 28-Aug-2026,5.55,5.55,5.36,5.46,5.44,103920,5.67,317,68358.0,65.78
KRITINUT, 28-Aug-2026,87.95,90.3,84.5,88.88,86.23,6203,5.43,167,4618.0,74.45
KRMAYURVED, 28-Aug-2026,284.95,284.95,279.05,280.05,281.6,33000,92.47,23,19000.0,57.58
KRN, 28-Aug-2026,1542.0,1612.1,1539.9,1609.7,1535.4,314773,4997.51,18642,187959.0,59.71
KROSS, 28-Aug-2026,215.0,218.2,213.22,213.99,215.11,287407,620.16,5656,118674.0,41.29
KRSNAA, 28-Aug-2026,558.5,569.4,555.4,564.05,557.7,43292,244.33,9486,27290.0,63.04
KRT, 28-Aug-2026,113.64,113.64,112.05,113.41,113.19,1599222,1803.51,5085,1356759.0,84.84
KRYSTAL, 28-Aug-2026,652.0,652.0,639.0,646.05,648.35,6515,41.98,466,3402.0,52.22
KSB, 28-Aug-2026,795.0,798.45,787.0,793.85,793.85,138338,1096.98,9644,84240.0,60.89
KSCL, 28-Aug-2026,789.9,789.9,780.0,786.8,785.0,70765,555.88,3395,37963.0,53.65
KSE, 28-Aug-2026,177.96,180.95,175.02,177.99,177.96,22498,40.06,374,17296.0,76.88
KSHINTL, 28-Aug-2026,967.9,970.0,946.05,963.85,962.35,154785,1482.9,9291,80052.0,51.72
KSHITIJPOL, 28-Aug-2026,3.01,3.08,2.96,3.05,3.01,983386,29.99,874,666703.0,67.8
KSL, 28-Aug-2026,881.3,932.0,880.55,888.35,881.3,198799,1795.02,10757,91147.0,45.85
KSOLVES, 28-Aug-2026,274.5,274.5,265.05,269.35,267.85,34553,93.2,1136,18591.0,53.8
KSR, 28-Aug-2026,29.5,31.43,29.5,31.42,28.58,329368,103.06,413,305450.0,92.74
KTKBANK, 28-Aug-2026,325.0,331.35,324.2,330.35,327.15,1698579,5573.39,23891,880891.0,51.86
KUANTUM, 28-Aug-2026,72.31,73.98,72.0,72.54,72.31,73864,53.6,854,47772.0,64.68
KUSUMGAR, 28-Aug-2026,571.45,573.7,557.85,563.1,572.35,404494,2282.18,10498,248713.0,61.49
KWIL, 28-Aug-2026,46.52,47.47,45.2,45.55,46.35,18050967,8370.85,34208,7394470.0,40.96
LADDERUP, 28-Aug-2026,50.9,50.9,50.9,50.9,52.1,10,0.01,1,10.0,100.0
LAGNAM, 28-Aug-2026,77.48,78.31,76.21,76.56,75.47,3982,3.11,24,3193.0,80.19
LAHOTIOV, 28-Aug-2026,41.1,42.0,40.5,40.71,41.72,6370,2.62,47,5495.0,86.26
LAKSHMIMIL, 28-Aug-2026,8300.0,8375.0,8288.0,8370.0,8298.0,9,0.75,7,9.0,100.0
LAKSHYA, 28-Aug-2026,83.5,83.8,83.5,83.6,81.1,9600,8.03,9,9600.0,100.0
LAL, 28-Aug-2026,8.95,10.29,8.8,9.06,8.98,58396,5.34,191,48657.0,83.32
LALITHAA, 28-Aug-2026,247.35,267.9,245.52,265.24,246.23,24374432,63287.95,194690,7338123.0,30.11
LALPATHLAB, 28-Aug-2026,1938.5,1946.8,1916.1,1931.1,1936.4,90724,1749.85,26056,54710.0,60.3
LAMBODHARA, 28-Aug-2026,144.0,145.7,137.24,138.48,140.71,31026,43.5,539,17881.0,57.63
LAMOSAIC, 28-Aug-2026,59.9,61.55,58.15,60.85,60.2,133800,79.04,38,133200.0,99.55
LANCER, 28-Aug-2026,11.96,11.96,11.45,11.5,11.64,207955,24.26,479,173083.0,83.23
LANCORHOL, 28-Aug-2026,33.0,34.49,32.36,33.93,30.86,1647306,551.21,7054,592256.0,35.95
LANDMARK, 28-Aug-2026,510.2,513.95,501.0,503.35,506.15,83915,423.5,5259,42594.0,50.76
LANDSMILL, 28-Aug-2026,0.7,0.7,0.69,0.69,0.69,1303618,9.07,832,921967.0,70.72
LAOPALA, 28-Aug-2026,169.91,179.9,168.3,175.95,169.92,551312,968.56,12067,147128.0,26.69
LARGEMID50, 28-Aug-2026,36.8,36.88,36.7,36.87,36.86,3301,1.22,17,3068.0,92.94
LASA, 28-Aug-2026,7.0,7.42,6.85,6.99,6.97,69589,4.93,247,52751.0,75.8
LASERPOWER, 28-Aug-2026,320.05,327.9,318.45,325.65,319.6,466158,1505.88,8734,148098.0,31.77
LATENTVIEW, 28-Aug-2026,276.0,284.6,275.2,279.6,275.25,539539,1515.49,17016,254258.0,47.13
LATTEYS, 28-Aug-2026,22.99,23.39,22.03,22.19,22.2,54079,12.05,229,46875.0,86.68
LAURUSLABS, 28-Aug-2026,1929.7,1938.5,1910.1,1938.5,1929.4,2231476,42926.38,56959,1319114.0,59.11
LAXMICOT, 28-Aug-2026,14.19,14.19,13.35,13.42,13.83,18723,2.53,86,13902.0,74.25
LAXMIDENTL, 28-Aug-2026,196.27,202.0,194.89,199.78,194.82,76144,151.44,2434,42697.0,56.07
LAXMIINDIA, 28-Aug-2026,123.39,127.65,122.11,126.29,122.5,126472,157.96,1921,66436.0,52.53
LCCINFOTEC, 28-Aug-2026,3.58,3.85,3.5,3.68,3.53,143489,5.28,328,109831.0,76.54
LCL, 28-Aug-2026,569.95,576.0,556.3,565.1,566.0,339182,1915.19,15016,148593.0,43.81
LEAPIND, 28-Aug-2026,162.48,169.8,161.85,168.4,161.77,8859488,14788.46,70327,3852716.0,43.49
LEENEE, 28-Aug-2026,10.06,10.47,9.51,10.25,9.82,33254,3.34,181,28638.0,86.12
LEMERITE, 28-Aug-2026,22.49,22.49,20.8,20.97,21.81,195943,42.3,436,69630.0,35.54
LEMONTREE, 28-Aug-2026,105.5,108.8,105.12,108.53,107.69,9179975,9898.8,30121,5143820.0,56.03
LENSKART, 28-Aug-2026,645.0,648.0,635.75,636.15,640.6,6054352,38757.2,154870,3430483.0,56.66
LEXUS, 28-Aug-2026,13.44,13.6,12.82,13.03,13.07,25357,3.31,111,16191.0,63.85
LFIC, 28-Aug-2026,139.0,139.4,136.7,137.6,136.56,362,0.5,21,305.0,84.25
LGBBROSLTD, 28-Aug-2026,1692.0,1724.6,1675.1,1717.7,1684.4,32810,559.94,4747,18726.0,57.07
LGEINDIA, 28-Aug-2026,1700.0,1719.2,1682.7,1691.4,1700.4,753223,12856.27,32661,457445.0,60.73
LGHL, 28-Aug-2026,170.0,183.6,170.0,173.45,179.9,14592,25.98,764,2830.0,19.39
LIBAS, 28-Aug-2026,10.48,11.0,10.15,10.46,10.47,26728,2.83,174,9818.0,36.73
LIBERTSHOE, 28-Aug-2026,245.1,247.95,243.05,244.35,245.1,10075,24.72,324,6133.0,60.87
LICHSGFIN, 28-Aug-2026,536.0,543.0,531.75,535.0,535.5,4033348,21683.87,40355,2035017.0,50.45
LICI, 28-Aug-2026,416.8,422.0,409.5,422.0,413.95,16058167,66703.28,67262,9656703.0,60.14
LICMFGOLD, 28-Aug-2026,141.35,142.6,140.2,142.0,141.35,81378,115.24,955,36183.0,44.46
LICNETFGSC, 28-Aug-2026,29.69,29.69,29.46,29.59,29.69,7872,2.33,57,4058.0,51.55
LICNETFN50, 28-Aug-2026,278.51,278.51,269.95,271.55,271.72,309,0.84,32,299.0,96.76
LICNETFSEN, 28-Aug-2026,875.63,875.92,873.4,873.4,874.9,5,0.04,4,5.0,100.0
LICNFNHGP, 28-Aug-2026,278.73,282.2,276.74,277.75,278.67,759,2.11,35,312.0,41.11
LICNMID100, 28-Aug-2026,64.8,65.11,63.89,64.21,64.27,14789,9.54,103,5580.0,37.73
LIKHITHA, 28-Aug-2026,208.87,212.0,208.2,208.88,212.02,29394,61.59,582,19222.0,65.39
LINC, 28-Aug-2026,95.21,97.09,94.6,95.54,95.04,24522,23.44,373,21028.0,85.75
LINCOLN, 28-Aug-2026,616.0,617.85,603.05,614.95,614.0,21598,132.01,1170,12108.0,56.06
LINDEINDIA, 28-Aug-2026,6549.0,6549.5,6491.0,6504.0,6549.0,9814,639.79,2842,6356.0,64.76
LIQGRWBEES, 28-Aug-2026,1053.64,1053.66,1053.64,1053.65,1053.24,26347,277.61,137,14240.0,54.05
LIQUID, 28-Aug-2026,999.99,1000.0,999.99,999.99,999.99,222659,2226.57,156,180237.0,80.95
LIQUID1, 28-Aug-2026,1120.45,1120.47,1120.45,1120.45,1120.0,2787105,31228.31,746,2514106.0,90.2
LIQUIDADD, 28-Aug-2026,1142.55,1142.78,1142.55,1142.56,1142.11,433741,4955.76,389,284583.0,65.61
LIQUIDBEES, 28-Aug-2026,1000.0,1000.01,999.99,1000.0,1000.0,4166382,41663.77,4412,3044394.0,73.07
LIQUIDBETF, 28-Aug-2026,1096.74,1096.76,1096.74,1096.75,1096.32,146356,1605.16,94,91499.0,62.52
LIQUIDCASE, 28-Aug-2026,115.71,115.71,115.69,115.7,115.65,20472543,23686.67,8385,13147938.0,64.22
LIQUIDETF, 28-Aug-2026,1000.0,1000.01,999.99,999.99,1000.0,127637,1276.37,218,77705.0,60.88
LIQUIDIETF, 28-Aug-2026,1000.01,1000.01,999.99,999.99,999.99,483882,4838.82,201,349480.0,72.22
LIQUIDPLUS, 28-Aug-2026,1101.09,1101.11,1101.09,1101.1,1100.65,160545,1767.77,284,127054.0,79.14
LIQUIDSBI, 28-Aug-2026,1000.01,1000.01,999.99,1000.0,1000.01,1783,17.83,15,1188.0,66.63
LIQUIDSHRI, 28-Aug-2026,1119.42,1119.44,1119.42,1119.42,1119.0,19854,222.25,28,15928.0,80.23
LKPSEC, 28-Aug-2026,15.45,15.87,15.21,15.44,15.63,7798,1.21,83,4737.0,60.75
LLOYDS, 28-Aug-2026,60.0,60.0,60.0,60.0,60.0,3000,1.8,3,3000.0,100.0
LLOYDSENGG, 28-Aug-2026,87.5,87.85,86.02,86.74,87.56,3159675,2744.65,15659,1378017.0,43.61
LLOYDSENT, 28-Aug-2026,72.6,74.52,71.69,73.53,72.94,2941824,2161.5,10928,1314816.0,44.69
LLOYDSME, 28-Aug-2026,1800.9,1850.0,1798.4,1810.2,1798.5,428526,7813.6,22462,231111.0,53.93
LMW, 28-Aug-2026,19286.0,19286.0,18795.0,18901.0,19132.0,2505,476.01,1109,1316.0,52.53
LODHA, 28-Aug-2026,1260.0,1274.0,1248.5,1274.0,1246.3,995058,12561.99,27575,374280.0,37.61
LORDSCHLO, 28-Aug-2026,139.66,145.42,136.51,140.25,139.42,23683,33.61,704,13245.0,55.93
LOTUSCHO, 28-Aug-2026,615.0,622.9,612.0,614.35,618.7,1278,7.88,129,851.0,66.59
LOTUSEYE, 28-Aug-2026,113.02,114.2,108.8,110.52,112.63,32816,36.35,472,23413.0,71.35
LOVABLE, 28-Aug-2026,71.22,75.5,71.07,74.66,72.51,32684,24.12,631,19448.0,59.5
LOWVOL, 28-Aug-2026,208.04,208.17,207.6,208.13,207.87,519,1.08,11,150.0,28.9
LOWVOL1, 28-Aug-2026,21.34,21.37,21.17,21.29,21.33,15820,3.37,173,9375.0,59.26
LOWVOLIETF, 28-Aug-2026,22.57,22.57,22.09,22.26,22.32,949638,211.4,1079,693413.0,73.02
LOYALTEX, 28-Aug-2026,257.79,257.79,221.01,226.02,218.9,4243,9.85,267,2107.0,49.66
LPDC, 28-Aug-2026,6.76,6.99,6.58,6.93,6.7,108365,7.4,272,76680.0,70.76
LRRPL, 28-Aug-2026,86.0,86.0,86.0,86.0,86.5,1500,1.29,1,1500.0,100.0
LT, 28-Aug-2026,4045.0,4060.0,4021.3,4045.8,4027.0,893956,36090.13,52314,438037.0,49.0
LTF, 28-Aug-2026,322.0,322.4,314.3,314.3,321.9,2889242,9144.19,38973,1434761.0,49.66
LTFOODS, 28-Aug-2026,437.8,444.95,436.0,439.35,437.85,403175,1778.92,18302,121685.0,30.18
LTGILTBEES, 28-Aug-2026,29.97,29.98,29.88,29.95,29.94,2271031,679.27,708,1800712.0,79.29
LTGILTCASE, 28-Aug-2026,30.54,30.58,30.47,30.54,30.55,62977,19.23,179,58154.0,92.34
LTM, 28-Aug-2026,4500.9,4700.0,4500.9,4675.0,4464.0,1148000,53416.58,90379,306099.0,26.66
LTTS, 28-Aug-2026,3545.0,3603.0,3544.6,3568.7,3537.9,48168,1719.14,8774,17137.0,35.58
LUMAXIND, 28-Aug-2026,6122.0,6140.0,6025.0,6071.0,6094.5,6056,367.17,2427,3148.0,51.98
LUMAXTECH, 28-Aug-2026,1939.2,2000.0,1928.1,1985.5,1930.6,235382,4651.46,24007,111853.0,47.52
LUPIN, 28-Aug-2026,2164.9,2179.8,2153.0,2171.5,2158.1,348121,7547.79,20422,188808.0,54.24
LUXIND, 28-Aug-2026,1196.0,1227.7,1186.2,1199.5,1201.0,22393,269.64,2724,9216.0,41.16
LXCHEM, 28-Aug-2026,168.95,172.8,167.95,171.34,167.47,563267,962.1,7786,240389.0,42.68
M&M, 28-Aug-2026,3331.0,3351.7,3302.0,3334.0,3330.0,1744074,57992.69,110918,995755.0,57.09
M&MFIN, 28-Aug-2026,383.35,384.35,375.2,376.6,383.35,886148,3346.2,26520,533079.0,60.16
MAANALU, 28-Aug-2026,121.8,121.95,116.61,120.43,116.68,34831,41.83,739,22474.0,64.52
MACPOWER, 28-Aug-2026,1897.5,2050.0,1876.0,2007.1,1868.8,103809,2058.44,10209,52197.0,50.28
MADHAV, 28-Aug-2026,35.39,35.4,34.21,34.31,35.19,1131,0.39,24,726.0,64.19
MADHAVBAUG, 28-Aug-2026,170.0,170.0,169.1,169.45,178.0,8800,14.92,12,8400.0,95.45
MADHAVIPL, 28-Aug-2026,8.12,8.45,8.12,8.21,8.12,229567,19.12,481,177516.0,77.33
MADHUSUDAN, 28-Aug-2026,225.0,229.0,221.0,221.0,220.0,13000,29.06,9,11000.0,84.62
MADRASFERT, 28-Aug-2026,68.01,69.02,67.01,67.43,67.97,60820,41.2,901,31982.0,52.58
MAFANG, 28-Aug-2026,207.13,207.13,207.13,207.13,206.55,59201,122.62,307,59201.0,100.0
MAFATIND, 28-Aug-2026,121.51,124.0,120.61,123.4,120.73,29417,36.1,791,23592.0,80.2
MAGADSUGAR, 28-Aug-2026,552.95,590.35,552.95,584.15,551.0,71010,407.31,3936,27477.0,38.69
MAGNUM, 28-Aug-2026,19.57,19.57,18.91,19.04,19.25,6773,1.31,58,6381.0,94.21
MAHABANK, 28-Aug-2026,84.89,84.89,82.95,83.8,84.69,9938458,8314.36,45589,4961035.0,49.92
MAHAPEXLTD, 28-Aug-2026,55.0,56.96,53.5,54.2,55.95,9015,4.92,248,6548.0,72.63
MAHEPC, 28-Aug-2026,106.94,107.87,104.5,105.47,106.86,23453,24.8,455,18047.0,76.95
MAHICKRA, 28-Aug-2026,292.0,301.0,270.0,297.0,294.0,11250,32.75,13,7500.0,66.67
MAHKTECH, 28-Aug-2026,22.57,22.75,22.5,22.75,22.57,274749,62.51,1479,182744.0,66.51
MAHLIFE, 28-Aug-2026,369.85,371.8,367.0,367.55,368.65,27344,100.87,2822,17124.0,62.62
MAHLOG, 28-Aug-2026,392.35,395.5,388.5,392.75,391.6,85642,336.1,4429,44019.0,51.4
MAHSCOOTER, 28-Aug-2026,13699.0,13934.0,13561.0,13696.0,13564.0,5667,778.77,1873,2326.0,41.04
MAHSEAMLES, 28-Aug-2026,643.0,667.85,642.95,661.7,642.05,550119,3622.94,25400,260439.0,47.34
MAITHANALL, 28-Aug-2026,1000.5,1002.0,974.65,982.15,994.8,33450,330.42,2221,18994.0,56.78
MAITREYA, 28-Aug-2026,120.3,128.0,110.05,113.7,118.95,6800,7.87,16,4800.0,70.59
MAKEINDIA, 28-Aug-2026,169.04,169.05,167.79,168.4,168.87,67914,114.32,363,59220.0,87.2
MAKERSL, 28-Aug-2026,206.0,206.11,195.02,198.73,206.11,6128,12.21,185,5363.0,87.52
MAKS, 28-Aug-2026,13.3,13.3,13.3,13.3,13.35,3000,0.4,2,3000.0,100.0
MALLCOM, 28-Aug-2026,974.75,1014.95,968.05,1000.05,973.4,3165,31.31,318,2541.0,80.28
MALUPAPER, 28-Aug-2026,32.0,32.59,31.61,32.04,32.25,4291,1.37,38,3302.0,76.95
MAMATA, 28-Aug-2026,402.0,405.0,398.4,400.05,403.5,82152,330.03,1313,72661.0,88.45
MANAKALUCO, 28-Aug-2026,38.71,39.74,37.92,39.39,39.1,58604,22.7,731,32062.0,54.71
MANAKCOAT, 28-Aug-2026,121.33,125.49,121.15,122.85,121.09,333746,410.88,4333,197060.0,59.04
MANAKSIA, 28-Aug-2026,57.05,59.06,56.89,58.13,56.89,61674,36.03,442,54604.0,88.54
MANAKSTEEL, 28-Aug-2026,93.39,94.79,90.88,94.79,90.28,244759,230.35,1216,213160.0,87.09
MANALIPETC, 28-Aug-2026,70.99,74.14,70.64,73.36,70.8,688296,499.89,6679,281663.0,40.92
MANAPPURAM, 28-Aug-2026,348.15,351.15,346.15,348.9,348.0,1893238,6601.35,27546,685454.0,36.21
MANAV, 28-Aug-2026,34.4,34.4,34.4,34.4,32.8,4000,1.38,1,4000.0,100.0
MANBA, 28-Aug-2026,129.87,132.0,129.0,130.81,129.93,60090,78.11,669,11903.0,19.81
MANBRO, 28-Aug-2026,60.95,60.95,58.97,59.64,60.51,77984,46.39,286,9644.0,12.37
MANCREDIT, 28-Aug-2026,232.5,256.0,232.5,247.65,229.52,437371,1052.55,3421,172151.0,39.36
MANDEEP, 28-Aug-2026,16.95,18.05,16.9,18.05,17.65,44000,7.89,8,44000.0,100.0
MANGALAM, 28-Aug-2026,32.0,32.83,29.1,31.94,32.15,61865,19.07,558,41055.0,66.36
MANGLMCEM, 28-Aug-2026,1084.0,1084.0,1050.4,1062.9,1058.2,103225,1095.67,3500,65585.0,63.54
MANINDS, 28-Aug-2026,777.55,778.95,748.0,768.2,767.45,985437,7521.58,34212,303911.0,30.84
MANINFRA, 28-Aug-2026,116.02,123.45,116.02,122.81,115.46,7397297,8955.33,34460,3170053.0,42.85
MANIPALHOS, 28-Aug-2026,814.0,815.0,768.0,771.65,797.95,2108677,16588.11,54864,882346.0,41.84
MANKIND, 28-Aug-2026,2419.0,2422.1,2370.0,2382.9,2417.5,190737,4554.2,20759,104593.0,54.84
MANOMAY, 28-Aug-2026,227.78,227.8,223.8,225.93,227.91,241205,543.71,2954,51120.0,21.19
MANORAMA, 28-Aug-2026,1898.5,1907.5,1872.0,1889.4,1887.2,115933,2190.77,11458,58425.0,50.4
MANORG, 28-Aug-2026,505.1,517.5,499.8,510.6,500.0,8802,44.47,293,6787.0,77.11
MANUFGBEES, 28-Aug-2026,165.81,167.27,165.4,166.38,166.66,3760,6.25,88,3169.0,84.28
MANYAVAR, 28-Aug-2026,544.0,550.5,537.0,547.8,544.55,255004,1391.59,19655,112882.0,44.27
MAPMYINDIA, 28-Aug-2026,981.0,1011.0,961.6,965.9,977.1,250732,2456.38,15406,114653.0,45.73
MARALOVER, 28-Aug-2026,56.99,57.4,55.6,56.65,56.27,4078,2.31,41,3416.0,83.77
MARATHON, 28-Aug-2026,430.15,430.15,418.25,421.55,428.75,58874,248.83,2319,27269.0,46.32
MARICO, 28-Aug-2026,832.1,840.7,826.45,829.65,833.5,2455289,20407.29,75553,1751195.0,71.32
MARINE, 28-Aug-2026,376.25,412.15,376.25,406.8,374.1,2596284,10331.1,54541,1040818.0,40.09
MARKOLINES, 28-Aug-2026,172.81,173.85,171.2,171.92,172.74,163793,281.9,990,50364.0,30.75
MARKSANS, 28-Aug-2026,326.15,335.45,324.05,329.7,326.15,1463661,4814.51,27128,524034.0,35.8
MARSONS, 28-Aug-2026,126.4,136.5,125.3,133.17,125.54,4963629,6340.29,20190,1252908.0,25.24
MARUSHIKA, 28-Aug-2026,108.6,114.0,108.6,112.65,113.05,4800,5.32,4,4800.0,100.0
MARUTI, 28-Aug-2026,13500.0,13525.0,13318.0,13376.0,13440.0,277509,37219.74,45941,157136.0,56.62
MASFIN, 28-Aug-2026,295.5,297.6,290.6,294.4,295.5,550606,1620.51,30878,344001.0,62.48
MASKINVEST, 28-Aug-2026,147.76,147.76,145.0,145.0,146.3,7,0.01,3,7.0,100.0
MASON, 28-Aug-2026,118.0,121.0,118.0,118.35,122.0,27000,32.43,31,22500.0,83.33
MASPTOP50, 28-Aug-2026,79.78,79.78,79.78,79.78,79.96,15883,12.67,96,15883.0,100.0
MASTEK, 28-Aug-2026,1615.0,1933.9,1615.0,1901.4,1611.6,5449060,100287.73,228186,353350.0,6.48
MASTER, 28-Aug-2026,436.0,449.0,428.05,449.0,449.0,2000,8.72,4,1500.0,75.0
MASTERTR, 28-Aug-2026,82.85,83.61,82.48,82.68,83.34,132504,109.69,533,48955.0,36.95
MATRIMONY, 28-Aug-2026,512.1,519.05,511.5,515.0,515.45,7035,36.26,341,4721.0,67.11
MAWANASUG, 28-Aug-2026,144.0,151.28,141.1,147.94,141.67,494282,729.16,7697,220377.0,44.59
MAXESTATES, 28-Aug-2026,560.0,560.0,529.0,539.05,558.45,154812,839.49,5018,102873.0,66.45
MAXHEALTH, 28-Aug-2026,1009.1,1017.5,1001.8,1014.1,1009.0,1811091,18303.27,29462,1277636.0,70.55
MAXIND, 28-Aug-2026,151.6,154.79,149.2,150.4,150.48,33498,50.3,936,19800.0,59.11
MAXPOSURE, 28-Aug-2026,30.4,31.4,30.0,31.4,30.4,9000,2.74,8,8000.0,88.89
MAXVOLT, 28-Aug-2026,341.1,346.8,341.05,344.0,337.2,20000,68.83,39,17200.0,86.0
MAYURUNIQ, 28-Aug-2026,753.9,774.5,745.1,766.9,749.4,86499,659.16,4394,52356.0,60.53
MAZDOCK, 28-Aug-2026,2583.0,2596.0,2543.0,2555.0,2588.0,388879,9961.44,20107,158128.0,40.66
MBAPL, 28-Aug-2026,164.25,164.66,160.66,162.94,162.78,637478,1038.14,8118,367897.0,57.71
MBEL, 28-Aug-2026,275.25,276.55,270.0,271.35,273.3,60889,166.03,1777,35937.0,59.02
MBLINFRA, 28-Aug-2026,22.5,23.75,22.0,23.27,22.62,45515,10.42,182,35074.0,77.06
MCCHRLS-B, 28-Aug-2026,697.95,697.95,680.0,687.8,680.0,46,0.32,10,35.0,76.09
MCL, 28-Aug-2026,57.15,59.58,57.15,59.17,57.77,61746,36.28,1273,40254.0,65.19
MCLEODRUSS, 28-Aug-2026,49.15,50.5,48.5,49.81,49.17,199015,98.64,1214,131725.0,66.19
MCLOUD, 28-Aug-2026,27.89,28.09,27.1,27.47,27.79,1705240,472.3,5367,1050725.0,61.62
MCX, 28-Aug-2026,3273.1,3339.0,3245.0,3332.0,3273.0,1360874,44956.87,71961,502572.0,36.93
MDL, 28-Aug-2026,61.9,61.95,61.9,61.95,59.0,10000,6.19,5,10000.0,100.0
MEDANTA, 28-Aug-2026,1520.5,1531.4,1462.1,1472.2,1508.9,404295,6067.77,30380,190517.0,47.12
MEDIASSIST, 28-Aug-2026,337.55,340.0,331.25,333.8,337.25,164861,550.16,10055,81568.0,49.48
MEDICAMEQ, 28-Aug-2026,231.13,251.0,220.0,248.88,230.74,71552,173.47,1975,46685.0,65.25
MEDICAPQ, 28-Aug-2026,25.58,26.5,25.0,25.91,25.5,1313,0.34,38,1298.0,98.86
MEDICO, 28-Aug-2026,43.62,43.62,42.0,42.41,43.31,166991,71.43,1001,125562.0,75.19
MEDIORG, 28-Aug-2026,24.45,24.5,24.45,24.5,23.5,8000,1.96,4,6000.0,75.0
MEDISTEP, 28-Aug-2026,19.75,19.75,19.75,19.75,19.75,27000,5.33,3,27000.0,100.0
MEDPLUS, 28-Aug-2026,688.35,695.0,674.3,676.35,688.35,85619,586.1,6913,46163.0,53.92
MEESHO, 28-Aug-2026,203.85,210.0,201.82,208.63,207.64,9520098,19830.01,92647,4609996.0,48.42
MEGASTAR, 28-Aug-2026,318.0,318.0,308.2,311.6,309.2,2700,8.4,179,2037.0,75.44
MEGATHERM, 28-Aug-2026,229.9,229.9,215.0,218.9,229.15,19600,43.48,40,12800.0,65.31
MEIL, 28-Aug-2026,307.0,308.0,296.95,299.4,304.3,75243,226.41,1736,43501.0,57.81
MENNPIS, 28-Aug-2026,77.0,77.19,73.0,73.97,74.59,78947,59.46,1168,40647.0,51.49
MERCANTILE, 28-Aug-2026,24.83,25.26,23.57,24.99,24.71,107,0.03,10,95.0,88.79
MERCURYEV, 28-Aug-2026,39.12,39.69,38.4,38.67,38.93,59148,23.08,770,38845.0,65.67
METAL, 28-Aug-2026,13.65,13.67,13.53,13.6,13.56,1425857,193.86,4813,822295.0,57.67
METALIC, 28-Aug-2026,128.0,134.8,126.0,131.1,130.3,100800,131.76,51,84800.0,84.13
METALIETF, 28-Aug-2026,13.82,13.82,13.48,13.56,13.49,4020960,544.86,7765,1871280.0,46.54
METROBRAND, 28-Aug-2026,915.2,940.0,915.2,936.7,921.7,32396,301.35,5558,23193.0,71.59
METROGLOBL, 28-Aug-2026,135.51,140.0,134.14,139.93,135.07,1100,1.5,44,844.0,76.73
METROPOLIS, 28-Aug-2026,583.15,602.0,581.25,588.45,576.9,687298,4070.52,35406,312910.0,45.53
MFML, 28-Aug-2026,18.62,19.3,18.5,18.55,18.53,620,0.11,25,422.0,68.06
MFSL, 28-Aug-2026,1571.9,1588.3,1553.6,1564.4,1568.0,305746,4822.37,28211,182766.0,59.78
MGL, 28-Aug-2026,1094.0,1107.8,1089.0,1092.6,1092.8,270473,2965.02,31199,173120.0,64.01
MGSL, 28-Aug-2026,80.75,82.0,80.25,81.95,80.75,6000,4.88,5,6000.0,100.0
MHRIL, 28-Aug-2026,211.65,215.8,209.9,211.39,211.23,149497,315.97,2988,90552.0,60.57
MICROPRO, 28-Aug-2026,18.8,18.8,18.0,18.5,18.65,14400,2.64,7,11200.0,77.78
MID150, 28-Aug-2026,23.98,24.24,23.83,23.97,23.98,25876,6.19,175,19089.0,73.77
MID150BEES, 28-Aug-2026,243.5,246.3,243.04,243.63,243.5,523155,1274.25,5064,391994.0,74.93
MID150CASE, 28-Aug-2026,12.14,12.14,11.8,11.87,11.85,1372459,162.63,3132,807606.0,58.84
MIDBANKADD, 28-Aug-2026,17.29,17.36,17.21,17.22,17.37,9277,1.6,71,8977.0,96.77
MIDCAP, 28-Aug-2026,18.9,18.9,18.75,18.83,18.81,200209,37.74,693,142790.0,71.32
MIDCAPADD, 28-Aug-2026,23.67,23.67,23.52,23.6,23.56,1269,0.3,25,1220.0,96.14
MIDCAPBETA, 28-Aug-2026,238.84,238.84,237.09,238.13,238.01,426,1.02,23,316.0,74.18
MIDCAPETF, 28-Aug-2026,24.02,24.33,24.01,24.07,24.02,1474597,354.96,4254,1023110.0,69.38
MIDCAPIETF, 28-Aug-2026,24.48,24.48,24.27,24.34,24.31,568797,138.5,1676,386697.0,67.99
MIDHANI, 28-Aug-2026,419.9,420.5,416.0,417.75,418.3,231448,967.78,7802,108444.0,46.85
MIDQ50ADD, 28-Aug-2026,25.6,25.66,25.54,25.6,25.49,14180,3.63,86,11197.0,78.96
MIDSELIETF, 28-Aug-2026,19.65,20.28,19.65,20.13,20.16,110058,22.18,512,60457.0,54.93
MIDSMALL, 28-Aug-2026,52.62,52.79,52.46,52.75,52.48,364235,191.74,1912,275867.0,75.74
MIDWESTLTD, 28-Aug-2026,1114.4,1127.0,1101.0,1106.6,1114.4,17134,189.64,957,7466.0,43.57
MIIL, 28-Aug-2026,724.5,727.0,689.05,709.95,718.75,94256,675.67,2277,44705.0,47.43
MILKYMIST, 28-Aug-2026,215.0,217.26,210.1,214.31,217.31,14621198,31230.66,97559,2765127.0,18.91
MINDACORP, 28-Aug-2026,692.65,707.75,691.1,702.8,690.65,348343,2445.04,19417,149960.0,43.05
MINDPOOL, 28-Aug-2026,71.1,71.1,71.1,71.1,71.1,1000,0.71,1,1000.0,100.0
MINDSPACE, 28-Aug-2026,487.2,496.0,481.3,492.58,487.55,367653,1808.29,5224,308008.0,83.78
MINDTECK, 28-Aug-2026,172.4,179.4,172.0,176.4,172.4,41663,72.88,971,29185.0,70.05
MIRZAINT, 28-Aug-2026,31.71,32.3,31.42,31.83,31.56,71922,22.79,1265,34084.0,47.39
MITTAL, 28-Aug-2026,0.86,0.86,0.75,0.83,0.85,1129631,9.41,424,675595.0,59.81
MKEXIM, 28-Aug-2026,64.01,64.9,60.1,62.6,64.3,31078,19.46,218,25992.0,83.63
MKPL, 28-Aug-2026,4.19,4.19,4.11,4.13,4.11,79759,3.31,260,58853.0,73.79
MLKFOOD, 28-Aug-2026,86.01,89.98,85.65,86.71,86.87,4729,4.12,141,3546.0,74.98
MMEL, 28-Aug-2026,25.0,25.0,25.0,25.0,25.0,2000,0.5,1,2000.0,100.0
MMFL, 28-Aug-2026,627.85,654.8,624.1,641.7,625.8,173695,1114.21,8603,68970.0,39.71
MMP, 28-Aug-2026,403.45,419.8,402.75,404.4,403.45,60928,249.46,2000,37179.0,61.02
MMTC, 28-Aug-2026,63.55,63.79,63.0,63.07,63.51,1025217,648.89,6273,431937.0,42.13
MMWL, 28-Aug-2026,14.65,15.6,14.65,14.81,14.97,9034,1.35,109,8612.0,95.33
MNC, 28-Aug-2026,34.39,34.39,33.9,33.97,34.05,31885,10.87,336,21647.0,67.89
MOALPHA50, 28-Aug-2026,57.35,57.89,56.97,57.48,57.1,20603,11.81,71,15513.0,75.29
MOBANK10, 28-Aug-2026,16.95,16.99,16.83,16.85,16.95,4668,0.79,58,4659.0,99.81
MOBIKWIK, 28-Aug-2026,192.94,195.46,191.0,192.33,191.55,454425,876.32,5693,148508.0,32.68
MOBILISE, 28-Aug-2026,114.0,115.75,113.95,115.75,110.25,20800,23.92,13,19200.0,92.31
MOCAPITAL, 28-Aug-2026,56.4,56.4,54.67,55.39,55.03,1768640,977.54,2355,1166544.0,65.96
MODEFENCE, 28-Aug-2026,108.36,108.38,106.52,106.85,107.31,731681,782.48,6476,381182.0,52.1
MODIRUBBER, 28-Aug-2026,132.47,137.13,132.4,132.63,132.47,1637,2.19,101,827.0,50.52
MODIS, 28-Aug-2026,379.8,383.5,375.6,377.45,379.7,50349,190.37,1493,29294.0,58.18
MODTHREAD, 28-Aug-2026,53.05,55.0,51.01,53.51,55.68,8784,4.65,159,7405.0,84.3
MOENERGY, 28-Aug-2026,38.67,38.67,38.15,38.16,38.3,143411,54.86,679,121877.0,84.98
MOGOLD, 28-Aug-2026,155.95,157.05,154.5,156.85,155.35,13846,21.59,339,6179.0,44.63
MOGSEC, 28-Aug-2026,65.4,65.4,65.07,65.11,65.39,1587,1.04,35,1025.0,64.59
MOHEALTH, 28-Aug-2026,51.99,52.51,51.34,52.45,51.83,47802,24.95,488,36375.0,76.1
MOHITE, 28-Aug-2026,2.64,3.16,2.6,2.95,2.64,843639,25.56,519,553518.0,65.61
MOHITIND, 28-Aug-2026,25.05,25.05,24.53,24.69,25.07,2376,0.59,47,1352.0,56.9
MOIL, 28-Aug-2026,260.95,262.55,257.1,258.25,260.95,617417,1600.1,15133,311586.0,50.47
MOINFRA, 28-Aug-2026,58.8,60.5,58.55,59.36,58.99,6358,3.74,92,6310.0,99.25
MOIPO, 28-Aug-2026,49.2,49.4,49.02,49.26,49.2,2973,1.46,35,1966.0,66.13
MOKSH, 28-Aug-2026,10.06,11.5,10.01,10.69,10.08,1086495,116.3,1589,523539.0,48.19
MOL, 28-Aug-2026,60.56,61.9,60.29,60.94,60.29,885447,540.65,4082,370795.0,41.88
MOLBIO, 28-Aug-2026,1153.95,1156.1,1077.5,1094.75,1144.15,980898,10945.44,35736,256746.0,26.17
MOLDTKPAC, 28-Aug-2026,700.0,703.6,688.0,691.2,702.2,75305,522.85,3414,42004.0,55.78
MOLOWVOL, 28-Aug-2026,36.58,37.5,36.3,36.61,36.62,51935,18.9,75,38109.0,73.38
MOM100, 28-Aug-2026,69.26,69.78,68.4,69.12,69.22,270059,186.95,2202,153856.0,56.97
MOM30IETF, 28-Aug-2026,32.09,32.09,31.89,31.96,31.94,420731,134.54,1346,311775.0,74.1
MOM50, 28-Aug-2026,256.07,256.07,252.49,253.6,256.07,10009,25.34,187,4384.0,43.8
MOMENTUM, 28-Aug-2026,32.0,32.0,31.7,31.78,31.8,11274,3.58,130,8410.0,74.6
MOMENTUM30, 28-Aug-2026,31.48,31.52,31.37,31.48,31.42,7839,2.46,53,6838.0,87.23
MOMENTUM50, 28-Aug-2026,55.19,55.64,55.12,55.46,55.2,384299,212.59,1468,249174.0,64.84
MOMETAL, 28-Aug-2026,13.5,13.68,13.44,13.62,13.48,12835,1.73,24,9825.0,76.55
MOMGF, 28-Aug-2026,165.65,166.0,165.12,165.12,165.65,84,0.14,13,84.0,100.0
MOMIDMTM, 28-Aug-2026,66.97,66.97,65.41,65.49,65.68,33165,21.76,245,27890.0,84.09
MOMMIDCAP, 28-Aug-2026,13.3,13.32,13.22,13.27,13.29,1723081,228.55,699,1696028.0,98.43
MOMNC, 28-Aug-2026,33.15,33.15,33.03,33.05,33.15,517,0.17,9,517.0,100.0
MOMOMENTUM, 28-Aug-2026,63.78,63.8,63.32,63.5,63.58,56728,36.05,400,43530.0,76.73
MON100, 28-Aug-2026,327.1,327.1,327.1,327.1,326.94,337871,1105.18,679,337871.0,100.0
MON50EQUAL, 28-Aug-2026,33.56,33.75,33.45,33.71,33.52,2128,0.71,45,2128.0,100.0
MONARCH, 28-Aug-2026,375.0,380.0,373.5,376.6,374.7,62695,236.18,1583,34317.0,54.74
MONEXT50, 28-Aug-2026,74.59,74.94,73.77,74.02,74.59,6962,5.16,86,6874.0,98.74
MONEYBOXX, 28-Aug-2026,56.98,57.5,56.0,56.97,56.0,5774,3.25,63,4981.0,86.27
MONIFTY100, 28-Aug-2026,25.57,25.58,25.49,25.5,25.62,5216,1.33,38,5216.0,100.0
MONIFTY500, 28-Aug-2026,24.69,24.69,23.48,24.11,24.09,293035,70.55,1163,188868.0,64.45
MONOLITH, 28-Aug-2026,1169.9,1238.5,1169.9,1226.0,1157.0,75750,912.2,221,54750.0,72.28
MONOPHARMA, 28-Aug-2026,9.0,9.0,9.0,9.0,8.95,2000,0.18,1,2000.0,100.0
MONQ50, 28-Aug-2026,146.37,146.37,146.37,146.37,146.52,21810,31.92,80,21810.0,100.0
MONTECARLO, 28-Aug-2026,532.05,543.8,528.95,539.55,528.4,43022,230.71,1637,26366.0,61.28
MOOILGAS, 28-Aug-2026,11.32,11.32,11.05,11.11,11.1,3738,0.41,34,3683.0,98.53
MOPSE, 28-Aug-2026,98.5,98.88,98.5,98.57,99.02,1057,1.04,32,1057.0,100.0
MOQUALITY, 28-Aug-2026,203.36,203.6,201.56,201.57,202.4,7347,14.86,35,7149.0,97.31
MOREALTY, 28-Aug-2026,92.18,92.18,90.69,90.82,91.27,332230,302.56,1476,193827.0,58.34
MOREPENLAB, 28-Aug-2026,96.74,106.37,96.06,106.19,96.7,39001643,40039.33,107502,11871829.0,30.44
MOS, 28-Aug-2026,9.9,10.2,9.45,9.6,9.9,336000,32.05,78,304000.0,90.48
MOSCHIP, 28-Aug-2026,220.0,223.54,218.5,219.77,219.36,2669474,5888.84,24867,801751.0,30.03
MOSERVICE, 28-Aug-2026,31.1,31.23,30.95,31.22,31.01,926,0.29,100,820.0,88.55
MOSILVER, 28-Aug-2026,234.19,238.95,233.67,237.69,234.19,29997,70.8,1402,4308.0,14.36
MOSMALL250, 28-Aug-2026,18.07,18.64,18.07,18.55,18.54,777493,144.35,1678,568514.0,73.12
MOTHERSON, 28-Aug-2026,166.78,167.15,164.68,165.6,166.0,8444402,13986.33,61762,4297677.0,50.89
MOTILALOFS, 28-Aug-2026,1034.0,1053.0,1027.15,1038.3,1038.1,554756,5780.14,25070,238731.0,43.03
MOTISONS, 28-Aug-2026,16.44,16.73,16.11,16.64,16.27,23963671,3958.88,29153,5979445.0,24.95
MOTOUR, 28-Aug-2026,79.39,79.39,78.6,78.7,79.39,23997,18.92,258,21312.0,88.81
MOVALUE, 28-Aug-2026,113.47,113.56,112.92,113.08,113.47,108609,122.76,686,79956.0,73.62
MPEL, 28-Aug-2026,38.7,38.7,38.7,38.7,36.9,6400,2.48,4,6400.0,100.0
MPHASIS, 28-Aug-2026,2426.3,2482.0,2425.1,2455.0,2413.6,956656,23496.5,25858,633545.0,66.22
MPSLTD, 28-Aug-2026,2660.2,2699.0,2647.0,2677.9,2660.2,13645,365.31,2239,7659.0,56.13
MRF, 28-Aug-2026,133600.0,134000.0,131910.0,132080.0,133600.0,2262,2999.34,1814,1340.0,59.24
MRIL, 28-Aug-2026,60.15,60.15,60.15,60.15,62.8,1600,0.96,1,1600.0,100.0
MRPL, 28-Aug-2026,171.0,172.4,168.0,168.53,170.8,2978571,5050.64,21213,1106648.0,37.15
MSCI360, 28-Aug-2026,10.12,10.47,10.05,10.22,10.22,32814,3.33,42,21019.0,64.05
MSCIADD, 28-Aug-2026,29.8,29.89,29.73,29.78,29.9,1937,0.58,20,222.0,11.46
MSCIINDIA, 28-Aug-2026,30.03,30.18,30.0,30.14,30.03,7823,2.35,71,7297.0,93.28
MSL, 28-Aug-2026,147.0,147.0,147.0,147.0,147.0,10,0.01,1,10.0,100.0
MSPL, 28-Aug-2026,34.99,36.7,34.63,36.39,34.59,1767980,635.0,5368,943205.0,53.35
MSTCLTD, 28-Aug-2026,718.6,734.4,705.1,729.65,722.25,337402,2428.84,18205,160844.0,47.67
MSUMI, 28-Aug-2026,37.92,37.98,37.53,37.74,37.92,6037911,2279.96,36140,3424118.0,56.71
MTNL, 28-Aug-2026,26.55,28.26,26.46,27.25,26.56,3912822,1084.2,11787,903126.0,23.08
MUFIN, 28-Aug-2026,136.5,140.9,135.4,138.27,135.95,1428754,1982.56,5959,308767.0,21.61
MUFTI, 28-Aug-2026,76.93,76.93,75.28,75.92,77.91,78216,59.26,987,51336.0,65.63
MUKANDLTD, 28-Aug-2026,136.01,138.0,135.5,137.27,136.26,41044,56.14,706,23772.0,57.92
MUKESHB, 28-Aug-2026,145.0,145.95,145.0,145.83,145.95,828,1.21,13,828.0,100.0
MUKKA, 28-Aug-2026,25.25,25.7,24.95,25.06,25.29,268612,67.65,1176,178437.0,66.43
MULTICAP, 28-Aug-2026,16.89,16.95,16.86,16.89,16.89,73472,12.43,363,53079.0,72.24
MUNISH, 28-Aug-2026,78.55,88.0,78.5,87.45,81.5,66000,56.42,39,58800.0,89.09
MUNJALAU, 28-Aug-2026,112.31,113.5,111.16,112.4,111.42,480682,539.13,4326,144752.0,30.11
MUNJALSHOW, 28-Aug-2026,132.52,132.8,130.5,130.97,131.27,21024,27.63,421,16632.0,79.11
MURUDCERA, 28-Aug-2026,30.6,30.9,30.15,30.69,30.65,20408,6.23,96,17440.0,85.46
MUTHOOTCAP, 28-Aug-2026,244.7,245.68,236.9,240.43,241.13,12868,31.15,329,8573.0,66.62
MUTHOOTFIN, 28-Aug-2026,3090.7,3107.0,3062.2,3091.0,3085.0,403576,12482.54,33064,181113.0,44.88
MUTHOOTMF, 28-Aug-2026,206.0,210.4,204.1,208.46,204.94,248099,514.51,5913,120432.0,48.54
MVELECTRO, 28-Aug-2026,649.9,768.0,638.5,719.55,646.8,28262303,203730.39,493343,1460375.0,5.17
MVGJL, 28-Aug-2026,153.0,157.2,153.0,154.84,153.77,40954,63.39,988,20049.0,48.95
MVKAGRO, 28-Aug-2026,185.25,185.25,185.25,185.25,176.45,16200,30.01,28,16200.0,100.0
MWL, 28-Aug-2026,40.01,40.01,39.21,39.53,40.01,129680,51.21,549,71619.0,55.23
MYMUDRA, 28-Aug-2026,72.0,72.85,71.5,71.55,72.25,6000,4.32,5,4800.0,80.0
NACLIND, 28-Aug-2026,174.8,175.29,170.12,171.63,174.8,241630,416.76,4343,137364.0,56.85
NAGREEKCAP, 28-Aug-2026,23.25,23.49,22.0,22.77,22.5,3419,0.77,117,2536.0,74.17
NAGREEKEXP, 28-Aug-2026,22.97,22.97,22.0,22.24,22.52,10306,2.3,74,7357.0,71.39
NAHARCAP, 28-Aug-2026,258.8,259.2,255.0,258.44,255.75,3453,8.93,38,3253.0,94.21
NAHARINDUS, 28-Aug-2026,139.56,139.56,135.25,135.99,138.1,30643,42.01,556,20145.0,65.74
NAHARPOLY, 28-Aug-2026,246.05,248.9,245.8,247.35,246.55,5711,14.11,122,4842.0,84.78
NAHARSPING, 28-Aug-2026,291.25,294.55,287.7,288.4,291.25,13709,39.57,386,10851.0,79.15
NAM-INDIA, 28-Aug-2026,1196.6,1209.4,1185.0,1194.4,1204.0,505054,6036.66,27979,279388.0,55.32
NAMAN, 28-Aug-2026,40.0,40.0,38.0,38.0,40.0,7200,2.76,9,6400.0,88.89
NAMOEWASTE, 28-Aug-2026,280.5,280.5,275.0,275.5,279.75,12800,35.47,15,12000.0,93.75
NARMADA, 28-Aug-2026,13.98,14.1,13.78,13.96,13.87,400153,55.76,1102,165572.0,41.38
NATCAPSUQ, 28-Aug-2026,215.24,219.7,203.5,204.96,214.16,63397,132.75,2131,32567.0,51.37
NATCOPHARM, 28-Aug-2026,857.8,861.0,844.85,853.8,857.6,402204,3424.32,31653,230311.0,57.26
NATHBIOGEN, 28-Aug-2026,153.97,157.9,151.8,157.3,153.86,26350,40.98,547,18449.0,70.02
NATIONALUM, 28-Aug-2026,392.65,394.95,389.3,394.95,389.3,1868958,7333.89,26440,762855.0,40.82
NATIONSTD, 28-Aug-2026,98.27,105.0,98.27,103.07,103.44,88867,88.29,1059,75867.0,85.37
NAUKRI, 28-Aug-2026,1339.0,1369.4,1339.0,1354.0,1330.0,1808851,24527.16,75476,895150.0,49.49
NAVA, 28-Aug-2026,559.0,586.4,559.0,564.85,556.5,556705,3173.2,20177,145734.0,26.18
NAVINFLUOR, 28-Aug-2026,8589.0,8591.0,8470.5,8517.5,8567.5,77045,6563.93,15811,42450.0,55.1
NAVKARCORP, 28-Aug-2026,97.5,97.8,96.5,96.88,97.37,140276,136.16,1643,91719.0,65.38
NAVNETEDUL, 28-Aug-2026,133.84,135.52,133.2,134.51,133.59,69249,93.26,1312,39534.0,57.09
NAZARA, 28-Aug-2026,354.0,379.4,354.0,374.6,354.5,8037749,29830.5,76176,3267812.0,40.66
NBCC, 28-Aug-2026,89.1,89.28,87.15,87.5,88.6,6704520,5902.94,26336,3186527.0,47.53
NBIFIN, 28-Aug-2026,2024.0,2024.0,1945.0,1988.7,1980.1,242,4.8,29,126.0,52.07
NCC, 28-Aug-2026,150.79,150.79,146.53,148.4,150.29,1458322,2162.04,19010,690058.0,47.32
NCLIND, 28-Aug-2026,180.0,180.0,174.0,176.26,178.61,28059,49.4,2982,17664.0,62.95
NDGL, 28-Aug-2026,2995.0,2995.0,2700.0,2783.0,2826.5,322,9.07,87,225.0,69.88
NDL, 28-Aug-2026,2.97,3.06,2.97,3.02,2.96,1373143,41.66,1357,1019416.0,74.24
NDLVENTURE, 28-Aug-2026,124.82,124.82,117.16,119.7,122.62,12469,14.99,212,10100.0,81.0
NDRAUTO, 28-Aug-2026,736.6,738.45,704.0,714.85,733.3,35308,253.1,3244,20888.0,59.16
NDTV, 28-Aug-2026,74.33,74.76,73.06,73.77,74.2,53358,39.48,879,29476.0,55.24
NEAGI, 28-Aug-2026,3471.3,3471.3,3328.2,3450.0,3306.0,127,4.39,37,118.0,92.91
NECLIFE, 28-Aug-2026,13.08,13.08,12.43,12.47,13.08,468735,58.91,1091,289090.0,61.67
NELCAST, 28-Aug-2026,117.31,121.01,117.31,119.85,117.08,204137,242.88,2560,142579.0,69.84
NELCO, 28-Aug-2026,969.9,974.8,948.6,961.2,960.4,156043,1501.22,6876,57068.0,36.57
NEOCHEM, 28-Aug-2026,98.5,98.5,96.15,98.0,98.65,13200,12.9,8,13200.0,100.0
NEOGEN, 28-Aug-2026,2226.9,2259.0,2173.0,2209.8,2230.2,89932,1982.54,18148,42128.0,46.84
NEPHROCARE, 28-Aug-2026,101.85,103.0,98.5,102.25,101.85,26400,26.59,54,22000.0,83.33
NEPHROPLUS, 28-Aug-2026,692.75,703.0,690.0,692.35,685.45,81324,566.98,6323,38751.0,47.65
NEPTUNE, 28-Aug-2026,180.0,182.0,180.0,182.0,175.2,1000,1.81,2,1000.0,100.0
NESCO, 28-Aug-2026,1031.0,1075.3,1025.0,1048.4,1017.1,219548,2300.79,15775,63173.0,28.77
NESTLEIND, 28-Aug-2026,1454.4,1456.5,1438.0,1454.6,1450.0,445734,6445.34,22812,270576.0,60.7
NETF, 28-Aug-2026,268.53,268.53,261.02,262.19,261.99,2111,5.55,142,1645.0,77.93
NETWEB, 28-Aug-2026,5344.9,5450.0,5290.0,5322.9,5272.2,1962173,105086.1,159124,213862.0,10.9
NETWORK18, 28-Aug-2026,29.35,29.42,28.46,28.8,29.14,4626567,1338.35,12125,2394952.0,51.77
NEULANDLAB, 28-Aug-2026,23500.0,23876.0,23100.0,23205.0,23496.0,38996,9128.74,15250,16597.0,42.56
NEWGEN, 28-Aug-2026,524.7,575.9,524.7,567.1,523.0,10501206,58872.6,178725,1619657.0,15.42
NEWJAISA, 28-Aug-2026,17.6,17.6,17.6,17.6,17.3,3000,0.53,2,3000.0,100.0
NEXT30ADD, 28-Aug-2026,43.42,43.42,43.14,43.25,43.42,6032,2.61,57,3223.0,53.43
NEXT50, 28-Aug-2026,767.0,768.74,763.0,763.78,768.67,21668,165.82,3731,11490.0,53.03
NEXT50ADD, 28-Aug-2026,74.84,74.84,74.2,74.47,75.06,4376,3.26,34,2113.0,48.29
NEXT50BETA, 28-Aug-2026,80.54,80.69,79.52,79.81,80.29,103520,82.85,607,60787.0,58.72
NEXT50ETF, 28-Aug-2026,75.15,75.15,74.31,74.74,75.08,9336,6.97,104,6843.0,73.3
NEXT50IETF, 28-Aug-2026,78.57,78.87,78.11,78.25,78.56,338904,265.42,4245,225110.0,66.42
NEXTMEDIA, 28-Aug-2026,4.59,4.62,3.85,4.62,3.85,308631,13.72,324,159349.0,51.63
NFL, 28-Aug-2026,71.49,71.8,71.0,71.09,71.36,337128,239.95,2107,170464.0,50.56
NFPSAMPOOR, 28-Aug-2026,22.0,22.5,21.0,22.05,22.0,22000,4.75,11,20000.0,90.91
NGIL, 28-Aug-2026,41.95,41.95,40.05,41.53,41.96,31122,12.8,310,24562.0,78.92
NGLFINE, 28-Aug-2026,2897.4,2897.4,2800.0,2813.4,2901.1,7479,211.52,1725,4360.0,58.3
NH, 28-Aug-2026,1908.0,1940.0,1905.9,1932.1,1903.8,209531,4041.93,19028,136442.0,65.12
NHIT, 28-Aug-2026,171.0,171.0,171.0,171.0,171.0,200000,342.0,2,200000.0,100.0
NHPC, 28-Aug-2026,76.2,76.39,74.82,74.82,76.55,9597848,7215.24,35590,5464205.0,56.93
NIACL, 28-Aug-2026,187.0,191.91,185.5,186.34,185.2,2336110,4404.81,24524,585319.0,25.06
NIBE, 28-Aug-2026,1420.6,1426.3,1402.0,1408.1,1388.6,32127,452.83,2677,15135.0,47.11
NIBL, 28-Aug-2026,31.0,32.0,30.4,30.66,30.58,11192,3.46,102,7216.0,64.47
NICCOPAR, 28-Aug-2026,98.99,98.99,85.0,87.04,90.23,6005,5.35,109,5596.0,93.19
NIDAN, 28-Aug-2026,13.05,13.5,13.05,13.5,13.05,8000,1.06,7,5000.0,62.5
NIF100BEES, 28-Aug-2026,268.0,269.45,267.41,267.89,268.93,17726,47.54,602,11943.0,67.38
NIF100IETF, 28-Aug-2026,29.07,29.07,28.2,28.22,28.37,45727,12.91,788,30560.0,66.83
NIF500BETA, 28-Aug-2026,37.86,38.0,37.75,37.85,37.85,2226,0.84,24,1757.0,78.93
NIFTY1, 28-Aug-2026,268.32,268.9,267.16,268.17,268.32,28107,75.35,1436,14933.0,53.13
NIFTY100EW, 28-Aug-2026,35.66,35.66,35.36,35.54,35.69,18378,6.53,202,12913.0,70.26
NIFTYADD, 28-Aug-2026,257.25,257.25,253.91,254.81,254.7,6550,16.69,126,5873.0,89.66
NIFTYAXIS, 28-Aug-2026,266.94,268.31,266.79,267.88,267.74,2633,7.04,104,987.0,37.49
NIFTYBEES, 28-Aug-2026,277.49,277.49,274.82,275.62,275.74,3137920,8641.73,36361,1859028.0,59.24
NIFTYBETA, 28-Aug-2026,274.97,274.97,267.42,268.24,268.27,47612,127.76,549,27224.0,57.18
NIFTYBETF, 28-Aug-2026,248.86,249.49,248.0,248.66,248.86,467,1.16,55,335.0,71.73
NIFTYCASE, 28-Aug-2026,9.9,9.9,9.68,9.69,9.71,903063,87.48,1546,719678.0,79.69
NIFTYETF, 28-Aug-2026,260.26,263.69,260.26,262.96,262.89,157363,413.74,744,67061.0,42.62
NIFTYIETF, 28-Aug-2026,273.65,274.84,273.41,274.23,274.23,825870,2263.68,7036,724888.0,87.77
NIFTYJBLK, 28-Aug-2026,12.68,12.68,12.36,12.39,12.38,164738,20.4,503,90286.0,54.81
NIFTYQLITY, 28-Aug-2026,21.54,21.68,21.43,21.55,21.5,53666,11.57,154,42686.0,79.54
NIITLTD, 28-Aug-2026,102.95,106.7,102.21,105.52,102.94,1104323,1162.36,10607,599839.0,54.32
NIITMTS, 28-Aug-2026,227.09,234.76,227.09,233.07,229.81,182210,423.5,8625,105047.0,57.65
NIKITA, 28-Aug-2026,69.25,77.0,69.25,76.9,74.6,8400,6.29,7,2400.0,28.57
NILAINFRA, 28-Aug-2026,6.99,6.99,6.75,6.79,6.89,295906,20.2,585,244817.0,82.73
NILASPACES, 28-Aug-2026,12.44,12.81,12.25,12.55,12.43,468887,59.22,1727,258765.0,55.19
NILE, 28-Aug-2026,1490.0,1493.9,1456.4,1487.4,1478.8,1996,29.62,354,1455.0,72.9
NILKAMAL, 28-Aug-2026,2094.0,2105.0,2055.7,2071.9,2081.6,21838,453.72,3119,8757.0,40.1
NIMBSPROJ, 28-Aug-2026,174.0,174.84,169.0,169.98,169.7,86546,146.88,70,11179.0,12.92
NINSYS, 28-Aug-2026,712.85,737.0,702.65,722.8,713.95,2516,18.12,233,1837.0,73.01
NIPPOBATRY, 28-Aug-2026,327.35,332.95,325.0,326.35,327.35,1312,4.27,57,1112.0,84.76
NIRAJ, 28-Aug-2026,29.14,29.75,28.5,29.35,28.57,51519,15.16,219,46937.0,91.11
NIRAJISPAT, 28-Aug-2026,286.0,295.9,278.99,295.9,246.59,3053,8.94,77,2729.0,89.39
NIRLON, 28-Aug-2026,635.9,644.85,632.35,642.65,631.2,6956,44.53,450,4815.0,69.22
NIRMAN, 28-Aug-2026,29.0,30.3,28.7,28.8,28.95,12600,3.68,32,9000.0,71.43
NITCO, 28-Aug-2026,97.29,97.48,95.21,95.59,97.56,1888937,1821.53,5099,1169175.0,61.9
NITINSPIN, 28-Aug-2026,621.7,629.9,612.6,626.4,620.45,51698,321.45,3178,24183.0,46.78
NITIRAJ, 28-Aug-2026,199.05,203.2,197.01,200.05,203.42,875,1.75,56,449.0,51.31
NITTAGELA, 28-Aug-2026,1589.5,1672.9,1580.2,1656.1,1589.5,5804,94.83,1045,3345.0,57.63
NIVABUPA, 28-Aug-2026,82.5,83.0,81.5,81.8,82.5,329259,269.88,4919,169423.0,51.46
NKIND, 28-Aug-2026,63.8,63.8,56.8,59.89,59.65,1182,0.73,45,672.0,56.85
NLCINDIA, 28-Aug-2026,268.9,272.05,268.4,270.6,268.8,916598,2472.68,15664,510061.0,55.65
NMDC, 28-Aug-2026,86.03,87.59,86.0,86.76,85.72,14224538,12336.06,39926,6363174.0,44.73
NMSTEEL, 28-Aug-2026,23.3,24.0,23.3,24.0,24.0,8000,1.9,5,6400.0,80.0
NOCIL, 28-Aug-2026,166.25,167.3,163.56,164.96,165.13,527888,870.47,4889,337101.0,63.86
NOIDATOLL, 28-Aug-2026,4.16,4.28,4.07,4.2,4.13,153839,6.5,360,106394.0,69.16
NORBTEAEXP, 28-Aug-2026,69.96,69.96,66.0,69.0,67.3,456,0.31,14,455.0,99.78
NORTHARC, 28-Aug-2026,287.95,292.0,283.5,285.75,286.3,4983190,14284.24,663207,2651866.0,53.22
NOVARTIND, 28-Aug-2026,1488.5,1494.0,1471.2,1486.3,1490.2,4238,62.85,518,2374.0,56.02
NPBET, 28-Aug-2026,288.56,288.75,286.19,287.9,288.0,242,0.7,22,150.0,61.98
NPST, 28-Aug-2026,1645.0,1746.9,1629.2,1701.1,1638.8,61681,1051.49,8206,24746.0,40.12
NRAIL, 28-Aug-2026,510.0,510.0,492.35,497.5,511.3,4957,24.84,312,3452.0,69.64
NRBBEARING, 28-Aug-2026,468.1,475.0,465.85,469.65,466.6,187908,884.07,5255,108882.0,57.94
NRVANDANA, 28-Aug-2026,61.3,63.5,61.3,63.45,60.95,9000,5.65,3,9000.0,100.0
NSIL, 28-Aug-2026,5725.0,5799.5,5700.5,5715.5,5741.0,1078,61.76,317,635.0,58.91
NSLNISP, 28-Aug-2026,44.99,49.4,44.78,49.02,44.99,57456853,27434.02,109550,15505291.0,26.99
NTCIND, 28-Aug-2026,136.42,138.9,132.5,133.47,136.42,1527,2.05,73,1432.0,93.78
NTPC, 28-Aug-2026,329.5,333.1,328.8,330.05,330.9,7332490,24271.88,81709,4276821.0,58.33
NTPCGREEN, 28-Aug-2026,91.04,91.45,90.75,90.82,90.99,1033809,941.25,11275,583712.0,56.46
NUCLEUS, 28-Aug-2026,733.4,749.7,733.4,745.2,738.1,20206,150.51,1179,12947.0,64.08
NUVAMA, 28-Aug-2026,1784.0,1825.0,1782.0,1805.0,1784.0,246065,4438.99,19489,128484.0,52.22
NUVOCO, 28-Aug-2026,324.3,327.55,321.0,324.85,324.15,236387,768.21,14439,122417.0,51.79
NV20, 28-Aug-2026,13.92,14.0,13.89,13.96,13.92,62956,8.77,156,43853.0,69.66
NV20BEES, 28-Aug-2026,139.41,139.9,138.97,139.53,139.41,7735,10.79,182,5847.0,75.59
NV20IETF, 28-Aug-2026,13.59,13.64,13.5,13.62,13.58,278965,37.93,1560,167116.0,59.91
NXST, 28-Aug-2026,167.3,168.1,166.71,167.01,166.99,186748,312.97,5764,150372.0,80.52
NYKAA, 28-Aug-2026,338.15,339.95,334.5,335.65,338.0,1538325,5172.61,29670,957551.0,62.25
OAL, 28-Aug-2026,425.0,492.7,424.0,487.8,428.95,765470,3580.24,32190,166783.0,21.79
OBCL, 28-Aug-2026,56.1,56.1,55.21,55.4,56.16,774,0.43,29,730.0,94.32
OBEROIRLTY, 28-Aug-2026,1873.1,1880.8,1855.7,1870.0,1872.9,263019,4918.85,38133,138233.0,52.56
OBSCP, 28-Aug-2026,852.0,868.7,836.0,866.05,850.6,28400,241.5,62,19600.0,69.01
ODIGMA, 28-Aug-2026,22.3,23.11,22.3,23.0,22.73,15757,3.6,220,15421.0,97.87
ODYCORP, 28-Aug-2026,7.59,8.48,6.98,7.98,7.1,105386,7.92,230,95217.0,90.35
OFSS, 28-Aug-2026,11876.0,12275.0,11876.0,12190.0,11855.0,428317,52040.53,50809,149677.0,34.95
OIL, 28-Aug-2026,473.5,484.7,471.75,482.85,469.85,1907538,9159.92,27334,796414.0,41.75
OILIETF, 28-Aug-2026,11.29,11.29,11.21,11.23,11.26,974836,109.58,2282,675804.0,69.32
OLAELEC, 28-Aug-2026,38.0,39.77,37.45,38.98,37.63,78463929,30523.24,125161,17480594.0,22.28
OLECTRA, 28-Aug-2026,1332.3,1335.7,1303.7,1312.3,1326.3,237865,3130.25,13996,105850.0,44.5
OLIL, 28-Aug-2026,401.7,417.0,391.4,415.0,391.85,41200,168.99,53,39200.0,95.15
OMAXAUTO, 28-Aug-2026,188.93,192.4,186.0,188.72,191.23,46687,88.51,1163,27626.0,59.17
OMAXE, 28-Aug-2026,112.16,134.3,111.81,131.74,113.38,24953289,31744.69,145066,1685213.0,6.75
OMINFRAL, 28-Aug-2026,83.0,84.8,81.6,83.01,83.3,86860,72.29,2014,41245.0,47.48
OMNI, 28-Aug-2026,576.0,578.95,561.15,565.55,575.7,317666,1800.17,11824,110821.0,34.89
OMPOWER, 28-Aug-2026,172.0,177.0,168.86,175.31,172.27,232635,404.26,2818,129786.0,55.79
ONDOOR, 28-Aug-2026,309.4,309.4,300.6,305.8,302.55,3300,10.11,11,2700.0,81.82
ONEGLOBAL, 28-Aug-2026,564.95,564.95,546.0,546.7,541.4,4526,24.86,334,2849.0,62.95
ONEPOINT, 28-Aug-2026,55.77,55.79,54.55,55.03,55.54,552470,303.83,2529,315626.0,57.13
ONESOURCE, 28-Aug-2026,1525.0,1539.5,1520.0,1532.2,1517.5,32479,496.82,5981,14390.0,44.31
ONGC, 28-Aug-2026,233.35,233.39,231.25,232.25,232.0,7638954,17732.88,90402,4462167.0,58.41
ONIDA, 28-Aug-2026,36.24,36.5,35.15,36.19,36.24,623381,223.08,1945,418670.0,67.16
ONIXSOLAR, 28-Aug-2026,308.8,316.05,305.35,316.05,301.0,354364,1115.84,2453,226824.0,64.01
ONWARDTEC, 28-Aug-2026,286.15,291.2,285.0,287.2,285.6,24765,71.4,771,12049.0,48.65
ONYX, 28-Aug-2026,42.05,42.05,42.05,42.05,42.05,6000,2.52,3,6000.0,100.0
OPTIEMUS, 28-Aug-2026,576.45,602.9,574.0,579.6,576.45,233808,1376.78,13324,99568.0,42.59
OPTIFIN, 28-Aug-2026,13.0,13.65,12.9,13.03,13.09,13755,1.82,101,11782.0,85.66
OPTIMYSTIX, 28-Aug-2026,174.0,175.0,171.0,174.55,171.85,92000,159.71,69,87200.0,94.78
OPTIVALUE, 28-Aug-2026,190.0,190.0,182.0,187.65,190.75,30400,56.93,19,20800.0,68.42
ORCHASP, 28-Aug-2026,1.43,1.5,1.4,1.43,1.43,256666,3.7,200,220749.0,86.01
ORCHPHARMA, 28-Aug-2026,931.9,980.0,924.95,975.6,928.8,63715,610.03,4929,29673.0,46.57
ORIANA, 28-Aug-2026,1323.95,1323.95,1297.9,1299.1,1301.9,25725,334.97,248,20475.0,79.59
ORICONENT, 28-Aug-2026,55.0,56.39,51.85,55.82,55.4,329836,184.62,771,315478.0,95.65
ORIENTALTL, 28-Aug-2026,5.03,5.15,4.94,5.01,5.14,96232,4.83,351,78567.0,81.64
ORIENTBELL, 28-Aug-2026,367.0,404.8,367.0,379.25,377.2,77661,299.6,3431,41587.0,53.55
ORIENTCEM, 28-Aug-2026,132.04,132.1,130.81,131.37,131.41,89980,118.06,1377,56935.0,63.28
ORIENTCER, 28-Aug-2026,45.05,47.0,45.05,46.6,45.29,128190,59.45,2732,53011.0,41.35
ORIENTELEC, 28-Aug-2026,180.36,181.25,178.51,180.17,179.46,109521,197.24,3142,52662.0,48.08
ORIENTHOT, 28-Aug-2026,139.15,139.89,136.8,137.48,139.15,831534,1144.84,7452,358968.0,43.17
ORIENTPPR, 28-Aug-2026,17.04,17.33,16.82,17.21,17.04,294544,50.17,663,230266.0,78.18
ORIENTTECH, 28-Aug-2026,244.0,255.65,244.0,244.8,243.65,306165,764.23,6204,77859.0,25.43
ORIRAIL, 28-Aug-2026,124.5,133.38,124.5,131.7,126.56,113427,147.84,1883,60155.0,53.03
ORISSAMINE, 28-Aug-2026,4552.6,4617.0,4428.0,4462.2,4543.5,7201,325.06,1358,4527.0,62.87
ORKLAINDIA, 28-Aug-2026,611.0,616.45,590.25,595.4,606.0,235478,1426.04,15147,109576.0,46.53
ORTINGLOBE, 28-Aug-2026,15.1,15.38,14.86,14.93,15.1,6400,0.97,33,5408.0,84.5
OSELDEVICE, 28-Aug-2026,390.0,398.95,383.1,393.7,391.95,17000,66.21,72,11600.0,68.24
OSWALAGRO, 28-Aug-2026,37.48,37.8,36.66,37.65,36.86,72768,27.23,425,68808.0,94.56
OSWALGREEN, 28-Aug-2026,21.25,21.25,20.65,20.74,20.9,153640,31.87,459,134322.0,87.43
OSWALPUMPS, 28-Aug-2026,296.0,298.35,293.8,295.55,298.4,218585,646.47,4790,113925.0,52.12
OSWALSEEDS, 28-Aug-2026,12.01,12.25,11.96,12.07,12.17,34022,4.1,254,25263.0,74.25
OWAIS, 28-Aug-2026,77.95,77.95,77.95,77.95,74.25,6800,5.3,23,6800.0,100.0
PACEDIGITK, 28-Aug-2026,178.5,180.71,175.5,176.15,179.15,397830,704.7,4904,242393.0,60.93
PACIFICI, 28-Aug-2026,134.89,145.0,133.0,136.0,137.63,747,1.02,29,630.0,84.34
PAGEIND, 28-Aug-2026,35800.0,35985.0,35510.0,35985.0,35800.0,13087,4677.19,6258,5938.0,45.37
PAISALO, 28-Aug-2026,67.85,68.54,66.82,67.56,67.83,9932266,6718.53,10752,6139125.0,61.81
PAKKA, 28-Aug-2026,78.55,79.69,77.07,78.38,77.64,85729,67.37,2558,46602.0,54.36
PALASHSECU, 28-Aug-2026,89.9,91.9,86.4,91.39,89.78,3854,3.52,34,3600.0,93.41
PANACEABIO, 28-Aug-2026,396.9,409.0,393.2,395.5,393.25,89332,356.0,2909,35946.0,40.24
PANAMAPET, 28-Aug-2026,473.8,474.05,464.0,465.2,470.75,140701,658.05,3949,65631.0,46.65
PANCHMAHQ, 28-Aug-2026,320.0,320.0,290.0,304.15,289.95,297,0.91,38,133.0,44.78
PANORAMA, 28-Aug-2026,48.5,48.62,45.51,46.47,48.26,262808,121.86,1123,196283.0,74.69
PANSARI, 28-Aug-2026,315.0,315.05,302.0,306.55,315.0,234,0.73,21,218.0,93.16
PAR, 28-Aug-2026,99.0,100.9,99.0,100.21,99.56,3407,3.39,73,2460.0,72.2
PARACABLES, 28-Aug-2026,59.55,63.53,59.3,62.37,59.37,2465156,1526.38,12581,1266806.0,51.39
PARADEEP, 28-Aug-2026,161.35,168.0,161.35,165.88,160.55,8464938,14038.51,71995,3037542.0,35.88
PARAGMILK, 28-Aug-2026,242.7,242.7,237.0,237.65,241.17,254261,607.88,4699,122280.0,48.09
PARAGON, 28-Aug-2026,47.05,48.25,47.05,47.55,47.05,6000,2.86,5,2400.0,40.0
PARAMOUNT, 28-Aug-2026,29.85,30.85,29.85,30.35,31.0,3600,1.09,3,2400.0,66.67
PARAS, 28-Aug-2026,1459.0,1467.1,1425.0,1439.7,1454.8,618190,8917.7,30557,210461.0,34.04
PARASPETRO, 28-Aug-2026,2.2,2.34,2.2,2.22,2.24,120184,2.72,195,60978.0,50.74
PARIN, 28-Aug-2026,738.0,738.0,700.0,720.0,710.0,1000,7.2,4,1000.0,100.0
PARKHOSPS, 28-Aug-2026,291.0,293.25,289.2,290.55,290.15,253289,737.46,4719,129553.0,51.15
PARKHOTELS, 28-Aug-2026,112.89,115.0,111.51,112.33,112.11,215724,243.86,2766,128738.0,59.68
PARNAXLAB, 28-Aug-2026,124.02,130.0,124.0,128.4,123.41,1555,1.98,20,1555.0,100.0
PARTH, 28-Aug-2026,478.0,504.0,460.0,498.95,478.0,59200,292.63,29,55200.0,93.24
PARTYCRUS, 28-Aug-2026,76.1,85.0,76.1,83.5,78.55,15000,12.58,15,13000.0,86.67
PASHUPATI, 28-Aug-2026,85.2,85.2,83.96,84.18,84.17,9228,7.8,469,5636.0,61.07
PATANJALI, 28-Aug-2026,349.0,349.8,345.35,348.45,348.25,1099007,3818.55,69149,549863.0,50.03
PATELENG, 28-Aug-2026,29.16,29.24,28.3,28.34,29.08,1807723,517.13,5413,1099000.0,60.79
PATELRMART, 28-Aug-2026,234.38,236.9,230.0,232.68,234.25,37968,88.73,1334,22662.0,59.69
PATILAUTOM, 28-Aug-2026,229.5,229.5,221.35,225.65,230.7,51600,116.73,85,28200.0,54.65
PAUSHAKLTD, 28-Aug-2026,732.2,789.9,732.2,776.7,738.2,71076,552.17,5162,23918.0,33.65
PAVNAIND, 28-Aug-2026,18.21,18.9,18.21,18.47,18.51,9166,1.7,109,7044.0,76.85
PAYTM, 28-Aug-2026,1685.0,1698.3,1641.7,1650.9,1679.0,1837484,30626.38,42611,651297.0,35.45
PBMPOLY, 28-Aug-2026,60.2,72.2,60.2,64.61,60.2,2394,1.64,48,1658.0,69.26
PCBL, 28-Aug-2026,323.0,326.8,321.15,322.1,323.0,353232,1142.59,9385,154485.0,43.73
PCCL, 28-Aug-2026,370.0,393.0,361.1,391.9,381.0,34000,130.54,73,19600.0,57.65
PCJEWELLER, 28-Aug-2026,10.95,11.25,10.83,10.94,11.01,360417197,39633.35,81595,47367443.0,13.14
PDMJEPAPER, 28-Aug-2026,88.1,95.9,87.7,94.98,87.52,465662,434.32,4175,211497.0,45.42
PDSL, 28-Aug-2026,367.3,371.95,364.05,369.75,366.55,259144,955.45,9608,189102.0,72.97
PEARLPOLY, 28-Aug-2026,15.55,15.55,15.04,15.16,15.18,9153,1.39,45,6001.0,65.56
PELATRO, 28-Aug-2026,366.0,366.0,358.5,359.0,370.0,4800,17.37,14,4500.0,93.75
PENIND, 28-Aug-2026,160.91,163.9,159.0,162.28,160.9,354594,574.78,4760,189863.0,53.54
PENTAGON, 28-Aug-2026,51.0,51.0,51.0,51.0,50.55,1000,0.51,1,1000.0,100.0
PERFECT, 28-Aug-2026,2.0,2.0,2.0,2.0,2.1,6000,0.12,2,6000.0,100.0
PERMAGN, 28-Aug-2026,875.0,907.4,870.05,893.95,869.45,2754,24.41,387,1754.0,63.69
PERSISTENT, 28-Aug-2026,5677.0,5910.0,5677.0,5875.0,5654.0,957631,55849.88,69212,350318.0,36.58
PETRONET, 28-Aug-2026,291.0,292.85,290.05,292.0,290.95,1164928,3400.65,27110,755473.0,64.85
PFC, 28-Aug-2026,356.0,356.0,350.2,352.0,355.85,6299577,22162.48,69166,3749645.0,59.52
PFIZER, 28-Aug-2026,4763.9,4778.4,4690.1,4703.8,4740.4,26865,1268.91,6799,17478.0,65.06
PFOCUS, 28-Aug-2026,296.9,299.45,292.35,294.4,295.65,166516,491.02,4526,84658.0,50.84
PFS, 28-Aug-2026,27.16,27.4,26.88,26.95,27.24,438006,118.35,2067,360124.0,82.22
PGEL, 28-Aug-2026,596.0,598.7,584.15,585.85,596.0,533664,3145.45,11736,207340.0,38.85
PGHH, 28-Aug-2026,8156.0,8165.0,8076.5,8092.0,8102.5,7078,574.63,1812,5119.0,72.32
PGHL, 28-Aug-2026,5750.0,5750.0,5640.0,5670.5,5722.5,12108,687.67,3706,7605.0,62.81
PGIL, 28-Aug-2026,2294.8,2333.1,2290.0,2314.3,2294.8,24478,566.26,4977,9310.0,38.03
PGINVIT, 28-Aug-2026,100.29,100.29,99.9,100.01,99.64,711939,712.07,7215,629023.0,88.35
PHANTOMFX, 28-Aug-2026,115.5,122.5,115.15,120.7,117.05,12600,15.0,39,9600.0,76.19
PHARMABEES, 28-Aug-2026,27.94,27.94,27.51,27.76,27.54,4556422,1260.86,8862,3014479.0,66.16
PHOENIXLTD, 28-Aug-2026,1902.9,1923.9,1896.0,1917.0,1901.7,253002,4832.02,22001,149946.0,59.27
PHOENXINTL, 28-Aug-2026,31.5,31.5,29.85,30.13,30.31,2249,0.68,39,2032.0,90.35
PHOGLOBAL, 28-Aug-2026,15.2,15.2,15.2,15.2,16.0,2000,0.3,1,2000.0,100.0
PICCADIL, 28-Aug-2026,654.8,658.4,649.2,651.25,653.85,126218,824.45,6251,66945.0,53.04
PIDILITIND, 28-Aug-2026,1656.0,1658.5,1617.0,1629.5,1656.0,449546,7323.43,23685,281254.0,62.56
PIGL, 28-Aug-2026,103.76,103.79,101.58,102.14,101.85,14912,15.25,743,5974.0,40.06
PIIND, 28-Aug-2026,2479.8,2493.7,2420.1,2420.1,2467.0,249992,6150.39,22311,132579.0,53.03
PILANIINVS, 28-Aug-2026,4403.7,4419.5,4374.4,4387.9,4363.8,520,22.85,156,276.0,53.08
PILITA, 28-Aug-2026,8.27,8.3,7.75,7.93,8.11,88732,7.12,269,61658.0,69.49
PINELABS, 28-Aug-2026,170.5,170.5,164.15,165.07,169.67,8248186,13783.91,41729,3896749.0,47.24
PIONEEREMB, 28-Aug-2026,22.0,22.0,21.75,21.95,21.98,5645,1.24,36,5075.0,89.9
PIRAMALFIN, 28-Aug-2026,2211.3,2299.9,2211.3,2278.4,2228.7,394664,8974.26,25565,208029.0,52.71
PITTIENG, 28-Aug-2026,1140.0,1140.9,1113.35,1121.2,1129.65,83398,939.38,5176,39053.0,46.83
PIXTRANS, 28-Aug-2026,1870.0,1870.0,1831.0,1843.3,1863.6,12449,229.76,2113,7021.0,56.4
PKTEA, 28-Aug-2026,752.0,796.95,731.05,744.75,751.85,89,0.68,22,27.0,30.34
PLASTIBLEN, 28-Aug-2026,189.95,191.69,188.08,189.56,189.24,17406,32.99,439,9713.0,55.8
PLATIND, 28-Aug-2026,227.29,234.0,226.41,230.58,227.31,79302,182.9,2135,44972.0,56.71
PLAZACABLE, 28-Aug-2026,52.6,53.86,51.31,53.86,51.3,70633,37.58,500,50342.0,71.27
PML, 28-Aug-2026,491.3,491.3,482.05,485.15,498.0,25,0.12,15,19.0,76.0
PNB, 28-Aug-2026,114.81,115.75,114.42,115.4,115.4,8502644,9798.42,29536,4268111.0,50.2
PNBGILTS, 28-Aug-2026,77.99,79.9,77.85,78.71,77.96,258583,204.04,2003,113474.0,43.88
PNBHOUSING, 28-Aug-2026,1174.6,1189.3,1158.0,1169.9,1178.0,438325,5114.98,18622,247237.0,56.4
PNC, 28-Aug-2026,17.52,17.8,16.25,16.99,17.44,9376,1.61,210,6464.0,68.94
PNCINFRA, 28-Aug-2026,200.0,200.0,194.01,195.22,198.34,361612,707.82,9331,184318.0,50.97
PNGJL, 28-Aug-2026,595.0,601.7,583.3,598.0,594.55,671442,3989.3,21720,387140.0,57.66
PNGSREVA, 28-Aug-2026,547.65,554.45,536.1,542.25,542.9,64170,349.19,2334,30725.0,47.88
POCL, 28-Aug-2026,514.55,514.55,499.75,509.2,511.3,380141,1922.15,9924,148846.0,39.16
PODDARMENT, 28-Aug-2026,245.8,253.6,242.35,251.0,245.8,1040,2.59,55,657.0,63.17
POEL, 28-Aug-2026,152.94,156.18,149.0,149.51,150.6,31498,47.78,506,23543.0,74.74
POKARNA, 28-Aug-2026,862.15,888.0,857.05,875.05,855.3,62427,544.37,4133,26996.0,43.24
POLICYBZR, 28-Aug-2026,1842.7,1844.8,1804.8,1811.5,1837.9,344633,6292.48,54124,211411.0,61.34
POLYCAB, 28-Aug-2026,9079.0,9103.0,9013.5,9088.0,9079.0,252548,22889.91,30899,154108.0,61.02
POLYMED, 28-Aug-2026,1707.2,1741.0,1681.7,1733.0,1712.6,197416,3386.92,16131,101715.0,51.52
POLYPLEX, 28-Aug-2026,1150.0,1190.9,1150.0,1184.4,1149.2,71791,845.94,4947,47886.0,66.7
POLYSIL, 28-Aug-2026,54.0,55.25,54.0,55.25,52.65,49000,27.01,54,39500.0,80.61
POLYSPIN, 28-Aug-2026,31.93,31.93,28.06,29.52,31.93,742,0.22,23,565.0,76.15
PONNIERODE, 28-Aug-2026,385.7,400.0,385.7,396.95,382.0,38255,150.66,2618,16195.0,42.33
POONAWALLA, 28-Aug-2026,482.6,486.25,475.0,479.05,482.35,560278,2685.96,17743,267540.0,47.75
POSITRON, 28-Aug-2026,169.95,170.5,165.25,168.3,167.45,3600,6.05,12,2100.0,58.33
POWERGRID, 28-Aug-2026,266.05,267.35,265.05,266.05,264.9,5112511,13621.03,37454,2831282.0,55.38
POWERICA, 28-Aug-2026,519.0,528.95,515.45,517.7,519.0,65666,340.39,2537,35018.0,53.33
POWERINDIA, 28-Aug-2026,33840.0,33840.0,33235.0,33330.0,33880.0,32688,10934.57,12225,12016.0,36.76
POWERMECH, 28-Aug-2026,2547.4,2586.0,2546.2,2580.6,2547.4,45314,1162.51,6007,27977.0,61.74
PPLPHARMA, 28-Aug-2026,215.4,220.0,214.61,218.68,214.95,5418446,11818.51,47935,2263549.0,41.77
PPSL, 28-Aug-2026,2.85,2.85,2.75,2.85,2.75,54000,1.53,17,51000.0,94.44
PRABHA, 28-Aug-2026,208.52,211.3,203.49,207.77,206.86,55823,115.46,591,42931.0,76.91
PRAENG, 28-Aug-2026,20.7,20.7,19.82,20.63,19.76,33024,6.73,127,25513.0,77.26
PRAJIND, 28-Aug-2026,353.25,354.85,346.5,347.9,354.4,438949,1535.59,12836,192380.0,43.83
PRAKASH, 28-Aug-2026,127.5,131.31,127.5,129.97,127.31,419655,543.21,4550,206568.0,49.22
PRAKASHSTL, 28-Aug-2026,3.88,4.06,3.7,3.92,3.88,355098,14.16,359,277085.0,78.03
PRAMARA, 28-Aug-2026,114.0,115.45,109.0,112.1,110.0,9000,10.09,15,8000.0,88.89
PRAMODINI, 28-Aug-2026,118.7,118.75,114.5,114.8,117.15,73200,84.77,59,68400.0,93.44
PRANIK, 28-Aug-2026,43.0,43.0,43.0,43.0,42.0,4800,2.06,2,4800.0,100.0
PRATHAM, 28-Aug-2026,118.15,118.15,118.15,118.15,120.05,400,0.47,1,400.0,100.0
PRAVEG, 28-Aug-2026,275.5,279.8,270.0,276.65,275.0,24796,68.01,1398,12775.0,51.52
PRAXIS, 28-Aug-2026,5.18,5.18,4.95,4.96,4.98,132169,6.63,210,126716.0,95.87
PRECAM, 28-Aug-2026,125.7,128.0,124.76,126.33,125.8,182688,230.95,3912,75648.0,41.41
PRECOT, 28-Aug-2026,712.0,720.1,681.5,701.5,703.75,4311,30.65,340,3252.0,75.43
PRECWIRE, 28-Aug-2026,422.8,507.35,421.7,507.35,422.8,8561415,41607.9,133706,1365402.0,15.95
PREMCO, 28-Aug-2026,384.35,389.3,378.0,381.2,384.35,117,0.45,19,114.0,97.44
PREMEXPLN, 28-Aug-2026,666.45,668.0,661.1,662.75,666.25,72917,483.45,1353,60985.0,83.64
PREMIERENE, 28-Aug-2026,994.9,1019.0,973.0,1013.9,1000.0,2307505,23052.99,64112,646476.0,28.02
PREMIERPOL, 28-Aug-2026,96.0,97.99,92.5,93.86,95.21,522731,499.33,5557,247259.0,47.3
PREMIUM, 28-Aug-2026,39.85,40.0,39.85,40.0,37.75,15000,5.99,5,15000.0,100.0
PRESSTONIC, 28-Aug-2026,37.2,37.2,35.15,35.15,37.7,28000,10.14,29,16800.0,60.0
PRESTIGE, 28-Aug-2026,1624.0,1628.5,1584.5,1588.0,1623.0,274021,4374.39,13229,145287.0,53.02
PRICOLLTD, 28-Aug-2026,769.0,780.75,767.05,770.65,776.7,244858,1892.4,23252,134783.0,55.05
PRIMECAB, 28-Aug-2026,201.95,205.0,201.95,204.0,205.1,4800,9.78,3,4800.0,100.0
PRIMESECU, 28-Aug-2026,281.35,292.0,276.05,287.85,279.9,13466,38.36,349,11219.0,83.31
PRIMO, 28-Aug-2026,21.65,21.65,21.0,21.33,21.49,100284,21.39,1413,45495.0,45.37
PRINCEPIPE, 28-Aug-2026,295.65,297.4,291.4,293.45,295.65,114876,337.64,2840,62439.0,54.35
PRISMX, 28-Aug-2026,0.53,0.55,0.53,0.55,0.53,134404,0.73,84,112077.0,83.39
PRITIKA, 28-Aug-2026,58.55,62.0,58.55,61.8,61.8,20000,12.3,5,16000.0,80.0
PRIVISCL, 28-Aug-2026,3450.1,3490.0,3402.5,3458.0,3456.6,21368,740.67,6003,13584.0,63.57
PRIZOR, 28-Aug-2026,1087.4,1087.4,1087.4,1087.4,1066.1,8400,91.34,11,8400.0,100.0
PRLIND, 28-Aug-2026,42.6,43.2,42.2,42.6,42.6,17000,7.24,15,11000.0,64.71
PROFX, 28-Aug-2026,78.1,78.1,78.1,78.1,76.8,1600,1.25,1,1600.0,100.0
PROLIFE, 28-Aug-2026,82.0,82.0,80.5,80.5,79.0,1000,0.81,2,1000.0,100.0
PROPEQUITY, 28-Aug-2026,210.0,210.0,199.0,210.0,210.0,4800,9.71,8,3000.0,62.5
PROPSHOP, 28-Aug-2026,75.0,80.0,72.5,74.65,74.7,338000,258.85,153,228000.0,67.46
PROSTARM, 28-Aug-2026,131.64,136.4,131.64,135.31,132.52,167124,224.81,2742,60224.0,36.04
PROTEAN, 28-Aug-2026,548.0,554.0,537.65,539.75,556.9,283361,1532.55,9894,147092.0,51.91
PROV, 28-Aug-2026,1880.0,1881.0,1880.0,1881.0,1880.0,160,3.01,2,80.0,50.0
PROZONER, 28-Aug-2026,45.25,45.25,43.1,44.91,44.21,198541,87.87,1247,124802.0,62.86
PRSMJOHNSN, 28-Aug-2026,111.6,111.8,111.0,111.18,111.16,298381,332.09,4232,134968.0,45.23
PRUDENT, 28-Aug-2026,3485.0,3485.0,3361.6,3421.3,3473.5,26505,902.21,4907,14792.0,55.81
PSB, 28-Aug-2026,23.3,23.34,23.1,23.14,23.32,680020,157.7,2585,431534.0,63.46
PSFL, 28-Aug-2026,31.05,31.05,31.05,31.05,31.0,12000,3.73,4,12000.0,100.0
PSPPROJECT, 28-Aug-2026,903.0,903.25,885.0,889.0,901.2,29015,259.6,1547,18229.0,62.83
PSRAJ, 28-Aug-2026,78.55,80.65,78.55,80.65,80.0,5000,3.98,2,5000.0,100.0
PSUBANK, 28-Aug-2026,87.0,87.0,85.66,86.15,86.08,104999,90.36,440,42645.0,40.61
PSUBANKADD, 28-Aug-2026,86.9,87.15,86.5,86.88,87.02,13408,11.65,446,8576.0,63.96
PSUBNKBEES, 28-Aug-2026,96.08,97.1,95.72,96.04,96.08,763406,732.54,3391,396890.0,51.99
PSUBNKIETF, 28-Aug-2026,87.14,87.35,86.71,87.17,87.09,70989,61.84,589,39339.0,55.42
PTC, 28-Aug-2026,158.0,158.11,156.01,157.69,157.96,1285321,2016.54,13589,744380.0,57.91
PTCIL, 28-Aug-2026,20625.0,22215.0,20622.0,22110.0,20622.0,100300,21844.45,29062,25002.0,24.93
PTL, 28-Aug-2026,38.64,38.64,38.2,38.53,38.41,26069,10.02,614,22326.0,85.64
PULZ, 28-Aug-2026,22.5,22.5,22.35,22.35,23.0,12000,2.69,5,12000.0,100.0
PUNJABCHEM, 28-Aug-2026,1124.6,1164.2,1111.1,1126.9,1112.8,9103,103.82,846,5123.0,56.28
PURPLEUTED, 28-Aug-2026,424.0,428.0,415.0,415.75,422.6,12250,51.34,39,11500.0,93.88
PURVA, 28-Aug-2026,214.2,216.85,212.93,215.78,214.22,85702,184.4,3376,26594.0,31.03
PURVFLEXI, 28-Aug-2026,49.1,49.1,49.1,49.1,46.8,800,0.39,1,800.0,100.0
PUSHPA, 28-Aug-2026,113.75,113.75,110.95,113.6,113.75,9000,10.15,6,8000.0,88.89
PVP, 28-Aug-2026,65.0,65.22,63.9,65.22,62.12,1739968,1132.55,1971,946536.0,54.4
PVRINOX, 28-Aug-2026,1234.9,1242.8,1215.1,1220.9,1236.3,210854,2581.78,15691,115797.0,54.92
PVSL, 28-Aug-2026,106.0,109.0,100.5,102.11,106.08,91563,94.58,1887,57662.0,62.98
PVTBANIETF, 28-Aug-2026,28.12,28.15,27.95,28.02,28.12,1078205,302.17,1146,463494.0,42.99
PVTBANK, 28-Aug-2026,27.94,27.96,27.7,27.77,27.94,21964,6.1,16,21962.0,99.99
PVTBANKADD, 28-Aug-2026,28.19,28.29,28.06,28.15,28.28,42848,12.06,109,29850.0,69.66
PVTBKGROWW, 28-Aug-2026,28.19,28.39,27.64,27.86,27.89,22199,6.19,815,7895.0,35.56
PWL, 28-Aug-2026,124.68,124.74,118.25,119.46,124.09,16232251,19474.89,90556,3809680.0,23.47
PYRAMID, 28-Aug-2026,160.0,160.01,158.5,159.89,159.99,27568,43.95,505,17880.0,64.86
QGOLDHALF, 28-Aug-2026,130.0,132.0,129.6,131.17,130.48,143359,187.28,1804,48855.0,34.08
QLINE, 28-Aug-2026,532.0,552.0,525.05,548.95,528.3,129600,696.34,278,89600.0,69.14
QNIFTY, 28-Aug-2026,271.51,271.51,263.01,266.31,266.19,1049,2.79,98,592.0,56.43
QPOWER, 28-Aug-2026,1390.0,1431.2,1359.7,1431.2,1363.1,582162,8253.18,19149,279060.0,47.94
QUADFUTURE, 28-Aug-2026,434.8,445.0,424.25,429.2,432.55,767293,3348.91,15958,213559.0,27.83
QUAL30IETF, 28-Aug-2026,21.79,21.79,21.27,21.34,21.26,141510,30.22,172,125719.0,88.84
QUALITY30, 28-Aug-2026,21.02,21.04,20.85,20.96,20.9,5936,1.24,30,5589.0,94.15
QUESS, 28-Aug-2026,357.0,374.7,356.85,372.25,356.95,722192,2666.86,28257,220201.0,30.49
QUESTLAB, 28-Aug-2026,88.5,89.05,87.45,88.0,87.25,69600,61.27,11,63600.0,91.38
QUICKTOUCH, 28-Aug-2026,16.15,16.15,16.05,16.05,16.15,1500,0.24,2,1500.0,100.0
QUINT, 28-Aug-2026,41.0,42.0,40.0,40.74,40.26,5809,2.36,71,5772.0,99.36
QVCEL, 28-Aug-2026,26.2,27.4,26.2,27.1,26.2,4800,1.29,3,3200.0,66.67
RACE, 28-Aug-2026,101.59,103.39,99.5,100.55,101.59,5538,5.58,68,4933.0,89.08
RACLGEAR, 28-Aug-2026,1528.8,1562.0,1503.1,1538.6,1528.8,49159,756.4,5188,23171.0,47.13
RADAAN, 28-Aug-2026,3.01,3.14,2.9,3.12,3.01,52812,1.62,105,46455.0,87.96
RADHIKAJWE, 28-Aug-2026,70.33,70.67,68.5,68.76,70.33,243664,169.58,2653,106563.0,43.73
RADIANTCMS, 28-Aug-2026,40.99,40.99,39.16,39.27,40.41,253157,100.16,2309,161261.0,63.7
RADICO, 28-Aug-2026,4600.8,4615.0,4574.3,4605.0,4606.0,140966,6487.57,15768,95962.0,68.07
RADIOCITY, 28-Aug-2026,6.6,6.87,6.45,6.56,6.57,40611,2.67,128,36312.0,89.41
RADIOWALLA, 28-Aug-2026,27.5,27.5,27.5,27.5,27.0,20800,5.72,8,20800.0,100.0
RAILTEL, 28-Aug-2026,279.0,282.6,278.1,278.9,279.05,365408,1023.34,8994,115289.0,31.55
RAIN, 28-Aug-2026,194.5,200.4,194.5,199.31,194.38,2589958,5140.81,16239,1202478.0,46.43
RAINBOW, 28-Aug-2026,1441.0,1457.8,1430.6,1442.8,1441.0,68321,985.14,9066,38102.0,55.77
RAJMET, 28-Aug-2026,3.2,3.26,3.1,3.13,3.13,310902,9.77,728,198741.0,63.92
RAJPALAYAM, 28-Aug-2026,827.0,827.0,805.1,813.85,810.0,311,2.52,37,231.0,74.28
RAJPUTANA, 28-Aug-2026,241.95,241.95,231.0,231.35,236.1,5500,13.01,10,4500.0,81.82
RAJRATAN, 28-Aug-2026,492.95,500.0,487.0,496.65,489.55,77735,384.02,4274,33755.0,43.42
RAJSREESUG, 28-Aug-2026,36.2,36.92,35.76,36.49,35.25,62645,22.88,544,29227.0,46.65
RAJTV, 28-Aug-2026,10.78,10.79,10.16,10.4,10.43,9950,1.04,109,6875.0,69.1
RALLIS, 28-Aug-2026,210.99,212.58,209.0,209.63,210.24,387772,817.02,14835,192891.0,49.74
RAMANEWS, 28-Aug-2026,32.95,33.0,31.5,31.8,32.77,11248,3.63,141,7568.0,67.28
RAMAPHO, 28-Aug-2026,124.13,128.59,124.13,125.8,126.56,27862,35.21,535,18335.0,65.81
RAMBHAJO, 28-Aug-2026,259.8,264.87,245.31,250.51,263.57,2950380,7515.21,33910,421639.0,14.29
RAMCOCEM, 28-Aug-2026,892.8,899.45,883.4,895.65,892.55,243570,2169.91,16700,96786.0,39.74
RAMCOIND, 28-Aug-2026,342.7,342.8,332.5,335.7,341.6,124642,418.37,3027,64123.0,51.45
RAMCOSYS, 28-Aug-2026,556.25,584.0,556.25,578.4,556.2,177179,1018.82,6597,90638.0,51.16
RAMKY, 28-Aug-2026,362.85,364.7,357.2,358.5,362.75,29709,107.07,1240,19163.0,64.5
RAMRAT, 28-Aug-2026,570.5,602.45,562.1,591.9,569.6,1319098,7782.66,42547,329832.0,25.0
RANASUG, 28-Aug-2026,14.45,15.45,14.45,15.31,14.75,804346,121.73,1920,509221.0,63.31
RANEHOLDIN, 28-Aug-2026,1584.7,1628.0,1578.0,1598.9,1593.9,2972,47.37,595,2106.0,70.86
RAPIDFLEET, 28-Aug-2026,231.55,232.0,225.0,225.0,231.0,17400,39.79,24,3600.0,20.69
RAPPID, 28-Aug-2026,298.15,299.0,298.0,299.0,298.15,6000,17.89,9,5400.0,90.0
RATEGAIN, 28-Aug-2026,915.0,939.0,915.0,933.95,918.25,227209,2116.76,12478,109298.0,48.1
RATNAMANI, 28-Aug-2026,2650.0,2685.3,2588.0,2611.1,2654.8,48237,1273.18,12093,19742.0,40.93
RATNAVEER, 28-Aug-2026,297.4,305.25,291.0,294.95,294.89,7080185,21065.4,45452,1461353.0,20.64
RAYMOND, 28-Aug-2026,614.0,630.0,612.1,626.85,614.0,285076,1783.14,11401,136680.0,47.95
RAYMONDLSL, 28-Aug-2026,694.0,704.0,688.4,691.35,692.2,69558,482.18,3429,43737.0,62.88
RAYMONDREL, 28-Aug-2026,565.4,571.35,552.3,557.05,565.4,163200,917.11,4937,71949.0,44.09
RBA, 28-Aug-2026,101.28,102.35,100.0,100.97,100.62,2859553,2886.55,12879,950469.0,33.24
RBLBANK, 28-Aug-2026,384.7,384.7,380.1,382.0,385.4,963822,3679.63,26109,490520.0,50.89
RBMINFRA, 28-Aug-2026,238.05,240.0,234.0,235.1,241.9,18200,43.32,36,17200.0,94.51
RBS, 28-Aug-2026,89.0,92.8,89.0,92.8,90.0,10400,9.51,8,5600.0,53.85
RBZJEWEL, 28-Aug-2026,145.01,147.26,145.01,146.2,146.46,41946,61.28,1125,22346.0,53.27
RCDL, 28-Aug-2026,19.0,19.0,18.0,18.0,19.0,6000,1.11,2,3000.0,50.0
RCF, 28-Aug-2026,121.85,121.89,119.31,119.81,121.77,1211992,1455.43,16635,667759.0,55.1
READYMIX, 28-Aug-2026,90.75,91.35,83.1,84.5,88.35,35000,30.26,34,12000.0,34.29
RECLTD, 28-Aug-2026,320.9,321.95,316.0,316.8,320.9,4333649,13802.13,37817,2399324.0,55.36
REDINGTON, 28-Aug-2026,360.0,378.5,360.0,366.0,358.4,16023073,59571.95,176308,4200783.0,26.22
REDTAPE, 28-Aug-2026,124.0,127.25,123.13,126.01,124.26,363662,455.82,5025,172467.0,47.43
REFEX, 28-Aug-2026,290.3,292.95,286.2,287.55,289.4,195240,565.38,4661,94516.0,48.41
REFRACTORY, 28-Aug-2026,27.35,28.6,26.3,27.0,27.45,7000,1.91,7,6000.0,85.71
REGAAL, 28-Aug-2026,93.2,94.2,92.3,92.51,93.04,101607,94.48,873,73009.0,71.85
REGENCERAM, 28-Aug-2026,33.0,33.1,33.0,33.0,33.0,501,0.17,10,500.0,99.8
RELAXO, 28-Aug-2026,355.85,360.75,352.6,356.75,356.1,169422,604.26,9377,64385.0,38.0
RELCHEMQ, 28-Aug-2026,123.98,123.98,113.05,115.33,113.36,1955,2.26,121,1494.0,76.42
RELIABLE, 28-Aug-2026,142.5,143.0,137.86,139.75,138.94,51546,72.1,605,20755.0,40.27
RELIANCE, 28-Aug-2026,1284.9,1291.8,1280.0,1287.0,1282.2,6830228,87735.45,166675,4052582.0,59.33
RELIGARE, 28-Aug-2026,234.0,236.95,228.0,233.05,234.2,3498183,8114.74,14466,3008453.0,86.0
RELTD, 28-Aug-2026,164.0,164.0,155.0,156.76,156.4,143330,225.16,2549,71227.0,49.69
REMSONSIND, 28-Aug-2026,84.7,90.95,81.31,86.49,80.46,160067,136.79,3819,103779.0,64.83
REMUS, 28-Aug-2026,902.1,931.0,902.1,925.0,910.15,3400,31.27,27,3000.0,88.24
RENUKA, 28-Aug-2026,23.63,24.79,23.55,24.14,23.43,30588379,7406.49,43478,6602725.0,21.59
REPCOHOME, 28-Aug-2026,368.25,368.8,362.75,365.5,365.7,81201,296.96,1920,53943.0,66.43
REPRO, 28-Aug-2026,311.8,313.0,305.1,307.95,309.1,9587,29.68,472,5265.0,54.92
RESPONIND, 28-Aug-2026,158.06,158.06,152.4,153.55,156.82,140995,217.41,4144,64373.0,45.66
RETAIL, 28-Aug-2026,17.01,18.5,17.0,17.64,17.11,1474,0.27,42,1405.0,95.32
REXPRO, 28-Aug-2026,40.15,40.15,38.7,39.9,38.7,3000,1.19,3,3000.0,100.0
RGL, 28-Aug-2026,134.49,140.9,132.5,139.39,133.81,3985843,5462.57,28758,791615.0,19.86
RHETAN, 28-Aug-2026,21.34,22.39,20.17,20.31,21.23,22750054,4763.5,32859,3986932.0,17.52
RHIM, 28-Aug-2026,372.0,373.0,367.85,369.35,370.3,127018,470.12,3823,74200.0,58.42
RHL, 28-Aug-2026,168.0,169.8,165.6,168.0,166.54,2341,3.92,26,2067.0,88.3
RICHA, 28-Aug-2026,80.85,80.85,73.15,73.15,77.0,3000,2.27,3,3000.0,100.0
RICOAUTO, 28-Aug-2026,129.5,132.05,128.44,129.41,130.02,656237,853.07,5771,182760.0,27.85
RIIL, 28-Aug-2026,758.9,764.9,754.6,761.45,758.9,23303,176.85,1312,6440.0,27.64
RIIT, 28-Aug-2026,123.0,123.0,121.26,121.48,121.54,175206,213.3,1593,167873.0,95.81
RILINFRA, 28-Aug-2026,36.5,36.5,35.55,35.9,35.6,5600,2.0,29,4300.0,76.79
RIR, 28-Aug-2026,162.58,163.99,158.0,159.83,162.21,180957,289.53,3571,89495.0,49.46
RISHABH, 28-Aug-2026,694.95,714.0,685.25,691.6,690.5,181013,1263.1,9805,84114.0,46.47
RITCO, 28-Aug-2026,312.35,314.0,307.7,311.6,310.1,29324,91.16,878,20280.0,69.16
RITES, 28-Aug-2026,217.19,218.5,216.6,217.0,217.19,226819,493.04,6894,99083.0,43.68
RKDL, 28-Aug-2026,18.95,18.95,18.55,18.55,18.88,8170,1.53,56,5375.0,65.79
RKEC, 28-Aug-2026,22.4,23.15,22.01,22.38,22.32,23701,5.34,193,17051.0,71.94
RKFORGE, 28-Aug-2026,720.95,753.0,720.15,751.25,716.65,1361521,10097.73,47363,622329.0,45.71
RKSWAMY, 28-Aug-2026,94.06,95.21,92.9,93.82,94.01,42695,39.88,874,33577.0,78.64
RMC, 28-Aug-2026,250.4,256.95,243.65,246.45,249.45,50140,124.32,2161,29164.0,58.17
RML, 28-Aug-2026,1131.2,1132.4,1118.2,1126.7,1123.3,8548,96.34,1158,4495.0,52.59
RNBDENIMS, 28-Aug-2026,9.68,9.83,9.68,9.83,9.37,166097,16.21,189,158320.0,95.32
RNFI, 28-Aug-2026,305.0,305.0,289.1,289.1,304.75,142200,414.26,50,136800.0,96.2
RNPL, 28-Aug-2026,75.25,75.5,75.0,75.25,75.95,4800,3.61,4,1200.0,25.0
ROCKINGDCE, 28-Aug-2026,230.1,240.95,229.2,238.95,240.95,4750,11.16,19,3250.0,68.42
ROCKPP, 28-Aug-2026,77.45,78.0,74.0,74.0,71.0,8000,6.18,7,8000.0,100.0
ROHLTD, 28-Aug-2026,302.5,303.7,300.0,302.35,303.15,13630,41.07,516,10272.0,75.36
ROLEXRINGS, 28-Aug-2026,180.0,182.4,175.22,180.55,180.43,2628695,4706.04,26496,1202587.0,45.75
ROML, 28-Aug-2026,41.11,43.0,41.01,42.58,40.61,10850,4.58,44,7936.0,73.14
ROSSARI, 28-Aug-2026,499.5,499.55,496.55,498.1,497.05,21018,104.63,955,13200.0,62.8
ROSSELLIND, 28-Aug-2026,57.19,61.38,57.0,59.62,56.99,349907,209.1,3151,122702.0,35.07
ROSSTECH, 28-Aug-2026,1111.85,1120.7,1092.65,1104.6,1103.4,85448,947.94,5650,37787.0,44.22
ROTO, 28-Aug-2026,65.38,65.38,64.3,64.52,65.02,136747,88.47,1408,65500.0,47.9
ROUTE, 28-Aug-2026,511.75,516.0,508.1,509.35,509.0,128361,656.55,3792,60907.0,47.45
ROXHITECH, 28-Aug-2026,50.95,52.0,50.9,51.25,50.9,12800,6.54,8,11200.0,87.5
ROYALARC, 28-Aug-2026,170.0,170.0,170.0,170.0,170.0,1200,2.04,1,1200.0,100.0
RPEL, 28-Aug-2026,1742.0,1798.0,1719.4,1748.4,1745.4,91921,1614.96,10758,43049.0,46.83
RPGLIFE, 28-Aug-2026,2582.3,2582.3,2490.1,2537.6,2567.6,15329,386.79,2016,9340.0,60.93
RPOWER, 28-Aug-2026,22.82,22.88,22.39,22.45,22.71,10849559,2447.41,22113,4647985.0,42.84
RPPINFRA, 28-Aug-2026,57.5,57.9,53.6,53.83,57.53,228233,125.75,3462,134561.0,58.96
RPSGVENT, 28-Aug-2026,864.15,864.9,853.0,857.15,861.35,19607,168.2,878,12298.0,62.72
RPTECH, 28-Aug-2026,786.0,837.75,786.0,828.55,782.5,544572,4433.53,26271,259336.0,47.62
RRECL, 28-Aug-2026,145.0,145.0,130.5,134.5,145.0,631,0.87,16,321.0,50.87
RRIL, 28-Aug-2026,16.68,17.88,16.68,16.71,17.27,13971,2.36,84,10856.0,77.7
RRKABEL, 28-Aug-2026,2843.3,2925.0,2840.0,2905.2,2830.1,629274,18205.68,47503,257929.0,40.99
RSL, 28-Aug-2026,178.0,178.0,172.02,177.49,172.47,1753430,3071.94,8540,1087066.0,62.0
RSSOFTWARE, 28-Aug-2026,33.94,33.94,31.29,31.29,32.93,71139,22.53,259,65009.0,91.38
RSYSTEMS, 28-Aug-2026,238.25,248.7,238.2,246.75,239.1,253785,621.34,5231,144587.0,56.97
RTNINDIA, 28-Aug-2026,30.16,30.45,30.0,30.24,30.1,726146,219.35,3885,348702.0,48.02
RTNPOWER, 28-Aug-2026,7.89,8.0,7.79,7.95,7.83,17525647,1386.86,11865,7508478.0,42.84
RTSPOWR, 28-Aug-2026,91.67,94.99,86.38,88.3,89.44,2791,2.51,123,2419.0,86.67
RUBFILA, 28-Aug-2026,66.9,69.55,65.06,68.59,66.54,20442,13.78,358,18092.0,88.5
RUBICON, 28-Aug-2026,1849.0,1899.0,1796.2,1804.4,1841.0,249261,4567.71,24539,113289.0,45.45
RUCHINFRA, 28-Aug-2026,5.85,5.88,5.8,5.82,5.83,24306,1.42,124,17965.0,73.91
RUCHIRA, 28-Aug-2026,103.98,103.98,102.09,102.64,102.7,22447,23.01,327,17680.0,78.76
RUDRA, 28-Aug-2026,21.1,21.1,20.5,20.76,20.29,24814,5.13,213,13506.0,54.43
RULKA, 28-Aug-2026,111.0,112.6,106.3,108.15,111.35,36300,40.3,31,14400.0,39.67
RUPA, 28-Aug-2026,147.43,151.08,145.36,149.49,147.55,164338,243.49,3874,79655.0,48.47
RUSHIL, 28-Aug-2026,16.5,17.03,16.38,16.79,16.49,355509,59.24,762,154297.0,43.4
RUSTOMJEE, 28-Aug-2026,383.8,383.8,378.1,380.3,381.8,15764,59.9,746,10938.0,69.39
RVHL, 28-Aug-2026,39.78,39.78,39.0,39.39,39.78,21366,8.44,80,19241.0,90.05
RVNL, 28-Aug-2026,217.0,217.1,214.0,214.22,216.0,2941255,6334.47,31709,1214671.0,41.3
RVTH, 28-Aug-2026,744.0,744.0,719.7,736.45,736.3,500,3.64,43,487.0,97.4
S&SPOWER, 28-Aug-2026,341.3,350.75,335.0,338.75,334.05,2696,9.26,113,1698.0,62.98
SAAKSHI, 28-Aug-2026,281.9,296.1,281.9,296.1,282.0,21000,61.71,29,16800.0,80.0
SAATVIKGL, 28-Aug-2026,428.4,428.4,418.6,422.3,428.4,33723,142.61,1560,17908.0,53.1
SABAR, 28-Aug-2026,7.35,7.55,7.1,7.55,7.2,45000,3.28,6,45000.0,100.0
SACHEEROME, 28-Aug-2026,483.0,486.95,445.0,455.65,483.35,29400,135.09,92,21900.0,74.49
SADBHAV, 28-Aug-2026,8.73,8.89,8.5,8.89,8.47,558589,49.43,377,488332.0,87.42
SADHAV, 28-Aug-2026,115.15,115.85,113.45,113.45,113.15,2400,2.75,4,1800.0,75.0
SAFARI, 28-Aug-2026,1521.8,1533.8,1497.6,1509.7,1522.2,12818,193.3,2368,7747.0,60.44
SAFEENTP, 28-Aug-2026,253.9,259.0,248.3,251.65,250.0,36500,92.75,35,32500.0,89.04
SAGARDEEP, 28-Aug-2026,23.79,24.59,23.51,23.62,23.79,3087,0.73,65,2056.0,66.6
SAGCEM, 28-Aug-2026,165.1,165.1,162.22,162.96,164.09,12009,19.63,422,8380.0,69.78
SAGILITY, 28-Aug-2026,44.39,46.4,44.3,46.34,44.27,60764265,27843.32,95538,24937425.0,41.04
SAHAJSOLAR, 28-Aug-2026,100.8,102.5,100.6,102.0,100.8,6000,6.1,15,4800.0,80.0
SAHANA, 28-Aug-2026,922.0,928.0,912.0,919.95,924.5,19200,177.03,63,16650.0,86.72
SAHASRA, 28-Aug-2026,311.25,319.5,311.15,315.35,316.15,20400,64.43,45,18400.0,90.2
SAHLIBHFI, 28-Aug-2026,72.16,79.88,72.16,76.84,75.0,1739,1.33,125,1676.0,96.38
SAHYADRI, 28-Aug-2026,352.2,356.85,340.0,343.6,348.15,7282,25.23,736,4559.0,62.61
SAICAPI, 28-Aug-2026,149.8,149.8,140.54,148.5,140.51,247,0.36,22,94.0,38.06
SAIFL, 28-Aug-2026,5.1,5.1,4.95,5.0,5.0,112000,5.6,23,84000.0,75.0
SAIL, 28-Aug-2026,193.05,200.96,192.55,200.0,193.0,48585004,96382.43,118490,18852154.0,38.8
SAILIFE, 28-Aug-2026,1489.9,1506.3,1473.8,1485.0,1488.2,228815,3405.09,17890,109020.0,47.65
SAIPARENT, 28-Aug-2026,536.9,536.9,517.1,521.35,520.7,86402,450.11,4113,39874.0,46.15
SAJHOTELS, 28-Aug-2026,36.2,36.2,36.1,36.1,38.0,6000,2.17,3,6000.0,100.0
SAKAR, 28-Aug-2026,890.3,910.0,870.0,875.7,892.6,84908,748.19,5237,48438.0,57.05
SAKHTISUG, 28-Aug-2026,19.99,21.0,19.74,20.71,19.74,424178,87.46,1390,222227.0,52.39
SAKSOFT, 28-Aug-2026,158.45,162.84,157.86,160.64,157.78,539331,867.86,5706,135770.0,25.17
SAKUMA, 28-Aug-2026,1.71,1.73,1.69,1.71,1.71,797283,13.66,767,621104.0,77.9
SALASAR, 28-Aug-2026,5.86,6.0,5.86,5.92,5.88,2269266,134.48,2126,1311206.0,57.78
SALONA, 28-Aug-2026,287.3,287.3,264.1,272.99,268.09,442,1.21,32,94.0,21.27
SALSTEEL, 28-Aug-2026,71.5,75.16,71.5,75.16,71.59,289253,214.7,2563,181653.0,62.8
SALZERELEC, 28-Aug-2026,546.35,555.0,541.55,552.6,547.25,34995,192.31,2195,18349.0,52.43
SAMBANDAM, 28-Aug-2026,121.89,122.99,115.75,120.98,118.51,796,0.96,29,398.0,50.0
SAMBHAAV, 28-Aug-2026,6.09,6.34,5.8,6.1,6.09,32142,1.96,110,23814.0,74.09
SAMBHV, 28-Aug-2026,124.68,128.18,123.5,127.41,124.14,1060636,1341.09,9819,428831.0,40.43
SAMHI, 28-Aug-2026,157.72,160.0,155.0,156.01,157.55,679031,1062.8,13255,397973.0,58.61
SAMMAANCAP, 28-Aug-2026,148.28,148.74,145.1,145.8,147.34,4311399,6338.11,20048,2264645.0,52.53
SAMPANN, 28-Aug-2026,26.7,26.7,25.67,26.13,25.61,5068,1.33,88,4406.0,86.94
SANATHAN, 28-Aug-2026,466.85,466.85,445.1,448.05,461.45,16896,76.49,1047,9987.0,59.11
SANDESH, 28-Aug-2026,1028.55,1032.0,990.8,1009.55,1017.6,1698,17.18,278,1040.0,61.25
SANDHAR, 28-Aug-2026,654.8,658.2,645.0,649.25,651.75,160374,1046.06,14123,92281.0,57.54
SANDUMA, 28-Aug-2026,208.05,209.19,205.0,205.45,206.95,340342,702.7,7107,176608.0,51.89
SANGAMIND, 28-Aug-2026,580.0,609.5,575.95,603.15,579.8,79127,475.52,4419,40769.0,51.52
SANGANI, 28-Aug-2026,51.35,53.15,51.35,53.15,51.35,3000,1.57,2,3000.0,100.0
SANGHVIMOV, 28-Aug-2026,445.95,455.6,437.5,444.1,444.65,363002,1616.06,15725,178864.0,49.27
SANOFI, 28-Aug-2026,3171.0,3199.0,3160.1,3181.6,3181.0,19128,608.78,3192,13542.0,70.8
SANOFICONR, 28-Aug-2026,4180.8,4301.6,4122.1,4213.7,4150.0,3831,160.87,1307,1977.0,51.61
SANSERA, 28-Aug-2026,3858.0,3913.1,3830.1,3859.0,3842.8,65476,2531.79,9365,31586.0,48.24
SANSTAR, 28-Aug-2026,109.0,110.69,107.91,108.21,109.25,109652,119.71,1855,57074.0,52.05
SAPPHIRE, 28-Aug-2026,238.5,242.4,230.01,231.5,239.74,862659,2020.84,33518,292102.0,33.86
SAPPL, 28-Aug-2026,288.0,288.0,281.05,286.45,288.0,406,1.16,21,401.0,98.77
SARDAEN, 28-Aug-2026,505.7,514.05,505.7,508.25,509.6,139241,711.18,7964,66392.0,47.68
SAREGAMA, 28-Aug-2026,490.65,498.95,486.0,492.8,487.5,216953,1068.67,17492,97374.0,44.88
SARLAPOLY, 28-Aug-2026,100.41,102.88,98.4,98.76,100.41,24871,24.74,622,18496.0,74.37
SAROJA, 28-Aug-2026,39.75,39.75,39.7,39.7,41.55,3200,1.27,2,3200.0,100.0
SARTELE, 28-Aug-2026,96.6,98.0,96.15,97.05,96.7,52500,50.96,76,46500.0,88.57
SARVESHWAR, 28-Aug-2026,3.43,3.48,3.39,3.4,3.42,996451,34.1,1340,764216.0,76.69
SASKEN, 28-Aug-2026,1861.4,1932.0,1861.4,1901.0,1861.4,16489,314.2,1880,8983.0,54.48
SATECH, 28-Aug-2026,36.5,39.0,36.5,38.35,36.2,19000,7.17,18,15000.0,78.95
SATIA, 28-Aug-2026,58.8,58.8,57.0,57.76,58.01,151230,87.12,1769,104277.0,68.95
SATIN, 28-Aug-2026,225.0,228.56,221.4,222.37,226.01,117758,263.13,2702,59454.0,50.49
SATIPOLY, 28-Aug-2026,38.45,38.45,38.4,38.4,40.4,8000,3.07,11,8000.0,100.0
SATKARTAR, 28-Aug-2026,136.7,142.0,136.65,139.0,136.65,7200,10.01,9,6400.0,88.89
SATTVAENGG, 28-Aug-2026,72.0,72.0,64.9,65.5,72.0,107200,71.0,67,96000.0,89.55
SAURASHCEM, 28-Aug-2026,57.11,57.94,56.1,56.33,57.13,79022,44.97,1179,46741.0,59.15
SAVY, 28-Aug-2026,137.0,138.0,133.4,137.05,135.0,19200,26.36,11,16800.0,87.5
SAWALIYA, 28-Aug-2026,169.95,169.95,169.95,169.95,212.4,19200,32.63,14,19200.0,100.0
SAYAJIHOTL, 28-Aug-2026,365.2,365.2,310.0,315.7,332.0,956,3.32,75,404.0,42.26
SAYAJIIND, 28-Aug-2026,117.0,117.45,115.0,116.97,117.49,904,1.06,10,904.0,100.0
SBC, 28-Aug-2026,41.65,42.24,41.42,41.93,41.45,5763946,2400.84,8529,1594263.0,27.66
SBCL, 28-Aug-2026,1055.9,1087.95,1036.1,1049.2,1044.2,524106,5563.7,23516,238252.0,45.46
SBFC, 28-Aug-2026,98.3,101.05,98.12,98.75,98.61,2163907,2151.21,13756,1076055.0,49.73
SBGLP, 28-Aug-2026,23.32,26.0,23.32,24.63,24.0,17281,4.28,230,10771.0,62.33
SBIBPB, 28-Aug-2026,50.47,50.47,49.67,49.8,49.89,1368503,682.71,438,1326244.0,96.91
SBICARD, 28-Aug-2026,645.0,649.4,638.0,641.05,645.0,1398856,8975.5,30861,819367.0,58.57
SBIETFCON, 28-Aug-2026,124.98,124.98,122.53,123.36,123.24,1917,2.36,84,1174.0,61.24
SBIETFIT, 28-Aug-2026,341.49,347.0,341.03,345.45,336.44,15065,51.98,239,13149.0,87.28
SBIETFPB, 28-Aug-2026,287.25,287.25,282.36,283.64,284.57,496,1.41,73,403.0,81.25
SBIETFQLTY, 28-Aug-2026,224.04,225.43,224.04,224.2,224.04,834,1.87,45,833.0,99.88
SBIFUNDS, 28-Aug-2026,565.5,566.0,553.25,563.8,562.55,1785037,9995.37,30275,1012868.0,56.74
SBILIFE, 28-Aug-2026,1780.4,1782.0,1747.8,1761.1,1773.2,1039823,18270.56,36994,663421.0,63.8
SBILIQETF, 28-Aug-2026,1053.9,1053.92,1053.9,1053.9,1053.49,205660,2167.46,127,111445.0,54.19
SBIMIDMOM, 28-Aug-2026,64.89,65.15,64.78,65.0,64.73,72161,46.9,239,68661.0,95.15
SBIN, 28-Aug-2026,1046.0,1051.2,1040.5,1047.5,1042.9,4969272,52017.68,90209,2705841.0,54.45
SBINEQWETF, 28-Aug-2026,33.68,33.69,33.48,33.62,33.69,21223,7.14,174,20361.0,95.94
SBINMID150, 28-Aug-2026,23.64,23.69,23.51,23.56,23.56,23667,5.58,92,21503.0,90.86
SBISILVER, 28-Aug-2026,231.98,237.4,231.16,236.12,231.97,1508122,3543.77,7836,597078.0,39.59
SBISMLETF, 28-Aug-2026,18.57,18.6,18.48,18.52,18.46,20334,3.77,164,18878.0,92.84
SBIVALETF, 28-Aug-2026,14.77,14.8,14.71,14.8,14.73,1969,0.29,35,1903.0,96.65
SCHAEFFLER, 28-Aug-2026,4051.1,4081.0,4015.0,4033.4,4051.1,48578,1959.91,14727,31534.0,64.91
SCHAND, 28-Aug-2026,135.02,138.99,135.01,137.97,134.72,31629,43.23,560,26319.0,83.21
SCHNEIDER, 28-Aug-2026,1215.0,1217.9,1184.4,1201.9,1207.0,197078,2358.63,13435,98475.0,49.97
SCI, 28-Aug-2026,294.25,303.7,294.2,299.05,292.55,5131992,15426.83,50483,1630980.0,31.78
SCILAL, 28-Aug-2026,40.02,40.69,40.0,40.38,40.02,157415,63.57,1041,97824.0,62.14
SCML, 28-Aug-2026,84.9,84.9,84.9,84.9,84.9,1000,0.85,1,1000.0,100.0
SCODATUBES, 28-Aug-2026,130.85,135.22,130.32,132.59,130.93,136534,181.35,1846,73535.0,53.86
SDBL, 28-Aug-2026,71.9,73.95,71.25,73.38,71.82,456962,332.93,2931,227432.0,49.77
SDREAMS, 28-Aug-2026,90.1,90.1,85.85,87.3,90.1,4000,3.52,4,4000.0,100.0
SEAMECLTD, 28-Aug-2026,1624.4,1693.5,1618.0,1676.6,1624.4,140532,2332.46,11908,79896.0,56.85
SECMARK, 28-Aug-2026,131.05,152.34,128.8,151.31,126.95,73883,108.57,1262,27233.0,36.86
SECURKLOUD, 28-Aug-2026,18.18,18.18,17.21,17.4,17.8,11774,2.06,90,11077.0,94.08
SEDEMAC, 28-Aug-2026,3052.0,3095.0,2962.1,3011.6,3026.5,63095,1901.67,10755,22450.0,35.58
SEIL, 28-Aug-2026,209.78,210.33,205.3,206.67,208.11,76804,159.38,1402,50736.0,66.06
SEITINVIT, 28-Aug-2026,124.01,124.01,124.0,124.0,122.0,125000,155.01,2,125000.0,100.0
SEJALLTD, 28-Aug-2026,676.35,680.95,670.6,673.35,676.5,2882,19.5,223,2417.0,83.87
SEKURITIND, 28-Aug-2026,116.77,117.0,115.0,115.43,116.78,19600,22.72,240,14277.0,72.84
SEL, 28-Aug-2026,309.75,311.0,305.0,310.35,305.5,1400,4.31,7,1000.0,71.43
SELECTIPO, 28-Aug-2026,49.31,49.32,49.01,49.14,49.31,58426,28.74,103,54597.0,93.45
SELMC, 28-Aug-2026,27.0,28.38,27.0,27.71,27.45,3292,0.92,69,2458.0,74.67
SEMAC, 28-Aug-2026,285.3,290.0,282.5,288.0,285.3,163,0.47,10,112.0,68.71
SENCO, 28-Aug-2026,362.8,363.7,352.5,354.85,362.75,639082,2281.05,15080,273909.0,42.86
SENORES, 28-Aug-2026,1474.6,1494.0,1466.2,1482.1,1474.6,84500,1250.0,7007,34064.0,40.31
SENSEXADD, 28-Aug-2026,79.46,80.0,79.42,79.45,80.06,795,0.63,24,424.0,53.33
SENSEXAXIS, 28-Aug-2026,80.64,80.64,79.8,79.96,80.24,697,0.56,53,337.0,48.35
SENSEXBETA, 28-Aug-2026,857.94,870.99,855.0,863.35,857.94,599,5.14,71,395.0,65.94
SENSEXETF, 28-Aug-2026,79.74,80.0,79.52,79.82,79.8,50588,40.35,197,8073.0,15.96
SENSEXIETF, 28-Aug-2026,889.27,894.95,884.37,886.26,890.05,5306,47.11,310,3780.0,71.24
SEPC, 28-Aug-2026,5.71,5.83,5.5,5.56,5.71,59773560,3346.27,24068,14110427.0,23.61
SERVICE, 28-Aug-2026,67.05,72.4,66.5,72.0,70.0,82000,57.01,33,62000.0,75.61
SERVOTECH, 28-Aug-2026,81.15,81.69,80.48,80.97,81.12,210914,170.91,2544,111419.0,52.83
SESHAPAPER, 28-Aug-2026,231.73,234.7,228.01,229.61,230.11,18457,42.45,619,7562.0,40.97
SETF10GILT, 28-Aug-2026,265.06,265.06,264.02,264.28,265.06,2372,6.28,34,2271.0,95.74
SETFGOLD, 28-Aug-2026,137.7,137.7,133.31,135.02,134.35,3984560,5364.07,8845,2308452.0,57.93
SETFNIF50, 28-Aug-2026,260.5,260.9,259.4,260.49,260.51,897263,2335.28,5100,805606.0,89.78
SETFNIFBK, 28-Aug-2026,590.55,594.0,589.33,591.6,592.65,57198,338.25,975,46473.0,81.25
SETFNN50, 28-Aug-2026,793.41,801.51,790.11,794.87,795.26,45354,360.46,2724,36247.0,79.92
SETL, 28-Aug-2026,354.0,364.2,351.1,364.2,346.9,797470,2884.7,4681,556512.0,69.78
SFL, 28-Aug-2026,635.0,641.75,627.9,637.0,636.3,161161,1024.48,11648,93847.0,58.23
SGBAPR28I, 28-Aug-2026,15575.02,15710.0,15550.0,15700.28,15657.8,320,50.12,42,265.0,82.81
SGBAUG27, 28-Aug-2026,15500.0,15596.47,15499.97,15550.0,15588.16,60,9.31,29,37.0,61.67
SGBAUG28V, 28-Aug-2026,15610.0,15676.0,15500.0,15584.2,15605.81,813,126.42,148,578.0,71.09
SGBAUG29V, 28-Aug-2026,15520.5,15749.99,15513.02,15749.0,15667.82,55,8.56,30,48.0,87.27
SGBAUG30, 28-Aug-2026,15785.45,15785.45,15618.6,15731.81,15785.45,58,9.11,28,51.0,87.93
SGBD29VIII, 28-Aug-2026,15632.7,15696.99,15505.01,15612.71,15632.7,407,63.42,60,214.0,52.58
SGBDC27VII, 28-Aug-2026,15500.0,15505.0,15500.0,15505.0,15747.5,5,0.78,2,5.0,100.0
SGBDE30III, 28-Aug-2026,15327.09,15799.98,15327.09,15707.87,15720.1,313,49.05,71,209.0,66.77
SGBDE31III, 28-Aug-2026,15992.77,15992.77,15751.01,15965.96,15992.77,1729,274.32,289,1033.0,59.75
SGBFEB27, 28-Aug-2026,15726.0,15726.0,15463.3,15594.65,15726.0,32,5.02,7,29.0,90.63
SGBFEB28IX, 28-Aug-2026,15410.0,15410.0,15410.0,15410.0,15800.0,1,0.15,1,1.0,100.0
SGBFEB29XI, 28-Aug-2026,15670.0,15670.0,15500.01,15530.0,15561.17,46,7.16,22,38.0,82.61
SGBFEB32IV, 28-Aug-2026,15961.01,16145.0,15856.02,16082.66,16060.04,2210,352.79,377,1333.0,60.32
SGBJ28VIII, 28-Aug-2026,15355.0,15619.0,15315.01,15549.51,15979.99,85,13.14,10,83.0,97.65
SGBJAN29IX, 28-Aug-2026,15667.86,15667.86,15411.0,15580.43,15621.0,716,111.28,99,595.0,83.1
SGBJAN29X, 28-Aug-2026,15412.0,15584.35,15412.0,15574.51,15593.4,87,13.51,40,69.0,79.31
SGBJAN30IX, 28-Aug-2026,15550.0,15665.01,15550.0,15620.15,15658.69,28,4.37,15,18.0,64.29
SGBJU29III, 28-Aug-2026,15500.0,15640.0,15500.0,15639.99,15611.6,38,5.91,15,36.0,94.74
SGBJUL27, 28-Aug-2026,15450.01,15599.9,15450.01,15599.9,15999.98,8,1.24,2,4.0,50.0
SGBJUL28IV, 28-Aug-2026,15572.31,15629.98,15405.01,15600.48,15572.31,351,54.63,81,273.0,77.78
SGBJUL29IV, 28-Aug-2026,15500.0,15616.08,15425.02,15560.18,15579.39,115,17.83,44,95.0,82.61
SGBJUN27, 28-Aug-2026,15586.26,15586.26,15586.26,15586.26,15589.95,6,0.94,5,4.0,66.67
SGBJUN28, 28-Aug-2026,15459.19,15644.98,15459.19,15636.18,15638.46,108,16.76,43,58.0,53.7
SGBJUN29II, 28-Aug-2026,15500.0,15670.0,15500.0,15567.27,15623.55,84,13.04,21,74.0,88.1
SGBJUN30, 28-Aug-2026,15455.01,15800.0,15455.01,15710.0,15730.0,51,7.98,23,30.0,58.82
SGBJUN31I, 28-Aug-2026,15890.0,15890.0,15650.0,15793.97,15895.84,509,79.97,172,323.0,63.46
SGBMAR28X, 28-Aug-2026,15800.0,15915.0,15800.0,15915.0,15949.0,16,2.54,5,10.0,62.5
SGBMAR30X, 28-Aug-2026,15649.0,15701.0,15535.79,15700.0,15693.13,36,5.64,15,29.0,80.56
SGBMAR31IV, 28-Aug-2026,15675.0,15832.0,15661.01,15832.0,15859.44,59,9.3,19,36.0,61.02
SGBMAY28, 28-Aug-2026,15470.0,15649.0,15470.0,15623.18,15590.36,77,12.0,24,45.0,58.44
SGBMAY29I, 28-Aug-2026,15604.99,15651.0,15505.0,15618.04,15608.8,1057,164.65,117,841.0,79.56
SGBMR29XII, 28-Aug-2026,15750.0,15826.0,15660.01,15823.84,15757.09,145,22.9,22,133.0,91.72
SGBN28VIII, 28-Aug-2026,15700.0,15700.0,15531.0,15630.0,15656.74,202,31.51,37,179.0,88.61
SGBNOV26, 28-Aug-2026,15639.95,15640.0,15639.95,15640.0,15750.0,10,1.56,3,10.0,100.0
SGBNV29VII, 28-Aug-2026,15610.0,15650.0,15537.65,15631.0,15675.16,149,23.26,20,141.0,94.63
SGBOC28VII, 28-Aug-2026,15630.51,15700.0,15525.0,15700.0,15630.51,385,59.93,44,337.0,87.53
SGBOCT26, 28-Aug-2026,15510.0,15621.5,15510.0,15621.5,15700.0,9,1.4,5,7.0,77.78
SGBOCT27, 28-Aug-2026,15750.0,15750.0,15750.0,15750.0,15750.0,12,1.89,2,12.0,100.0
SGBOCT27VI, 28-Aug-2026,15765.0,15765.0,15765.0,15765.0,15765.0,7,1.1,1,7.0,100.0
SGBSEP27, 28-Aug-2026,15750.0,15801.03,15750.0,15800.21,15750.0,124,19.59,6,120.0,96.77
SGBSEP28VI, 28-Aug-2026,15910.0,15910.0,15713.05,15751.37,15880.28,128,20.16,39,83.0,64.84
SGBSEP29VI, 28-Aug-2026,15802.27,16100.0,15566.01,15899.84,15802.27,98,15.48,56,75.0,76.53
SGBSEP31II, 28-Aug-2026,15751.11,15949.99,15751.11,15901.1,16003.2,1571,249.07,263,991.0,63.08
SGFIN, 28-Aug-2026,690.8,690.8,682.05,684.55,687.45,107777,738.48,3165,68214.0,63.29
SGIL, 28-Aug-2026,598.7,611.9,590.0,607.7,597.85,11281,67.59,422,9289.0,82.34
SGL, 28-Aug-2026,9.75,10.46,9.75,10.12,10.04,3436,0.35,55,2691.0,78.32
SGLRES, 28-Aug-2026,2.3,2.43,2.3,2.42,2.32,88832,2.13,126,68695.0,77.33
SGMART, 28-Aug-2026,809.0,819.45,785.3,789.3,810.25,739639,5911.96,16641,448418.0,60.63
SGRL, 28-Aug-2026,519.35,589.75,519.05,542.6,516.7,6293,33.58,359,4855.0,77.15
SHADOWFAX, 28-Aug-2026,238.6,247.89,238.1,245.36,238.6,5614024,13743.09,50979,3649663.0,65.01
SHAH, 28-Aug-2026,3.94,3.95,3.63,3.74,3.78,10826338,411.36,3297,4494613.0,41.52
SHAHALLOYS, 28-Aug-2026,89.01,103.15,87.0,103.15,85.96,1390957,1392.06,7839,722638.0,51.95
SHAILY, 28-Aug-2026,3302.3,3310.0,3244.0,3270.4,3289.0,88738,2903.51,17839,38904.0,43.84
SHAKTIPUMP, 28-Aug-2026,498.9,499.0,490.3,493.55,497.4,279592,1379.16,11895,123652.0,44.23
SHALBY, 28-Aug-2026,155.43,157.2,152.5,154.65,154.33,45656,70.7,1527,23766.0,52.05
SHANKARA, 28-Aug-2026,147.24,148.24,145.51,146.09,146.95,151430,222.09,714,128696.0,84.99
SHANKESH, 28-Aug-2026,89.69,92.56,87.25,91.73,89.69,4645174,4192.89,26252,919857.0,19.8
SHANTI, 28-Aug-2026,6.02,6.4,6.02,6.31,6.11,24808,1.54,54,22699.0,91.5
SHANTIGEAR, 28-Aug-2026,542.05,542.1,510.2,517.75,544.8,183487,967.63,5487,58260.0,31.75
SHANTIGOLD, 28-Aug-2026,240.2,248.54,240.2,242.29,246.05,1362078,3330.26,14604,611260.0,44.88
SHARDACROP, 28-Aug-2026,794.0,800.0,780.15,783.75,793.05,118584,932.89,8395,68405.0,57.68
SHARDAMOTR, 28-Aug-2026,871.95,896.6,866.45,877.2,874.5,22462,197.05,4690,12021.0,53.52
SHAREINDIA, 28-Aug-2026,170.0,170.0,167.65,167.93,169.02,200247,336.76,1647,155943.0,77.88
SHARIABEES, 28-Aug-2026,458.2,461.44,458.14,459.2,458.14,12554,57.8,388,11229.0,89.45
SHBAJRG, 28-Aug-2026,171.95,171.99,168.2,171.98,171.19,1673,2.88,32,1654.0,98.86
SHEETAL, 28-Aug-2026,345.5,345.5,337.0,339.8,332.5,4500,15.32,7,3000.0,66.67
SHERA, 28-Aug-2026,175.0,186.5,173.55,181.85,174.7,97000,174.73,78,74000.0,76.29
SHERVANI, 28-Aug-2026,319.0,319.0,306.0,306.5,321.45,219,0.67,44,219.0,100.0
SHETHJI, 28-Aug-2026,174.6,179.2,171.05,177.6,170.7,83000,145.97,32,82000.0,98.8
SHIGAN, 28-Aug-2026,71.0,71.0,71.0,71.0,71.25,4500,3.2,3,4500.0,100.0
SHILCTECH, 28-Aug-2026,4101.0,4106.0,4014.2,4084.2,4045.8,15471,630.15,3736,7713.0,49.85
SHILGRAVQ, 28-Aug-2026,165.0,172.2,163.0,170.07,169.0,1773,3.0,17,1744.0,98.36
SHILPAMED, 28-Aug-2026,901.0,910.0,890.7,903.8,901.85,879302,7923.74,33099,393742.0,44.78
SHINDL, 28-Aug-2026,164.23,166.15,161.22,164.13,164.23,217652,353.5,968,41934.0,19.27
SHIPROCKET, 28-Aug-2026,132.1,132.3,124.0,125.4,132.09,12606030,16086.94,61741,3471451.0,27.54
SHIVAAGRO, 28-Aug-2026,40.7,41.9,39.21,41.72,40.74,2027,0.83,40,1698.0,83.77
SHIVACEM, 28-Aug-2026,16.55,16.93,16.25,16.61,16.55,47261,7.79,162,39742.0,84.09
SHIVAMILLS, 28-Aug-2026,62.9,62.9,61.0,61.89,62.6,501,0.31,16,401.0,80.04
SHIVASHRIT, 28-Aug-2026,124.95,126.0,122.2,123.95,124.95,10000,12.43,8,8000.0,80.0
SHIVATEX, 28-Aug-2026,166.08,179.0,166.06,176.4,170.97,13850,24.33,197,11873.0,85.73
SHIVAUM, 28-Aug-2026,462.15,462.15,445.0,445.0,445.0,5872,26.2,41,5467.0,93.1
SHK, 28-Aug-2026,151.41,153.0,150.61,152.43,151.41,224385,341.22,4678,120428.0,53.67
SHOPERSTOP, 28-Aug-2026,374.7,385.85,372.85,382.85,374.85,37738,143.67,2204,12918.0,34.23
SHRADDHA, 28-Aug-2026,150.27,165.99,149.27,162.9,151.27,37275,59.02,580,20239.0,54.3
SHRADHA, 28-Aug-2026,32.45,32.45,30.65,31.99,32.39,26056,8.28,234,18771.0,72.04
SHREDIGCEM, 28-Aug-2026,78.21,79.9,75.55,78.19,77.91,119571,92.62,1240,61555.0,51.48
SHREECEM, 28-Aug-2026,24480.0,24485.0,23900.0,24000.0,24480.0,20074,4827.74,9792,9947.0,49.55
SHREEDHAR, 28-Aug-2026,111.1,111.1,111.0,111.0,111.45,10000,11.11,4,10000.0,100.0
SHREEJISPG, 28-Aug-2026,640.7,659.85,635.25,652.5,640.35,863122,5557.55,6468,473245.0,54.83
SHREEKARNI, 28-Aug-2026,373.5,380.0,366.0,375.0,377.9,5100,19.03,21,4350.0,85.29
SHREEOSFM, 28-Aug-2026,58.0,62.65,58.0,62.5,58.0,13000,7.87,13,13000.0,100.0
SHREEPUSHK, 28-Aug-2026,455.4,455.85,449.5,451.4,452.25,42110,190.09,2199,24640.0,58.51
SHREERAMA, 28-Aug-2026,44.17,44.29,42.76,42.89,43.1,54007,23.37,554,34148.0,63.23
SHREYANIND, 28-Aug-2026,125.23,125.5,122.0,124.97,124.61,6135,7.63,78,5384.0,87.76
SHRIAHIMSA, 28-Aug-2026,486.95,502.9,481.0,493.75,480.9,31200,153.74,51,28800.0,92.31
SHRIKRISH, 28-Aug-2026,37.5,42.87,35.6,39.9,36.55,3128,1.18,27,2337.0,74.71
SHRINGARMS, 28-Aug-2026,219.75,224.3,218.0,220.17,219.37,827671,1837.33,4131,238127.0,28.77
SHRIPISTON, 28-Aug-2026,4500.0,4613.8,4444.2,4572.2,4498.4,49040,2224.97,10948,21983.0,44.83
SHRIRAMFIN, 28-Aug-2026,1105.0,1106.7,1083.2,1086.9,1101.0,2207426,24056.11,47955,1356068.0,61.43
SHRIRAMPPS, 28-Aug-2026,76.74,77.73,74.99,75.97,76.74,451643,342.42,3843,280737.0,62.16
SHRITECH, 28-Aug-2026,60.95,60.95,60.95,60.95,60.05,2000,1.22,1,2000.0,100.0
SHRJAGP, 28-Aug-2026,668.0,689.0,668.0,673.1,682.85,155,1.05,28,129.0,83.23
SHUKRAPHAR, 28-Aug-2026,44.25,45.33,44.25,44.28,44.22,901483,400.43,1723,486648.0,53.98
SHYAMDHANI, 28-Aug-2026,56.95,57.35,56.95,57.0,54.65,20000,11.42,9,20000.0,100.0
SHYAMMETL, 28-Aug-2026,1050.0,1111.0,1039.6,1099.8,1042.4,2682841,28790.06,67021,1451894.0,54.12
SHYAMTEL, 28-Aug-2026,13.78,13.94,13.3,13.87,13.1,1595,0.22,24,1568.0,98.31
SICAGEN, 28-Aug-2026,53.75,55.0,53.51,54.14,54.97,22444,12.15,340,14359.0,63.98
SIDDHICOTS, 28-Aug-2026,27.9,27.9,27.9,27.9,27.9,2400,0.67,2,2400.0,100.0
SIDDHIKA, 28-Aug-2026,224.0,224.0,217.05,217.05,220.35,1500,3.33,3,1500.0,100.0
SIEL, 28-Aug-2026,36.21,36.21,32.77,32.78,34.49,5545,1.87,33,3876.0,69.9
SIEMENS, 28-Aug-2026,4089.3,4113.0,4060.0,4089.0,4095.0,278973,11396.35,15697,148749.0,53.32
SIGACHI, 28-Aug-2026,32.51,34.14,32.11,33.16,32.51,2630895,866.38,8127,1203961.0,45.76
SIGMA, 28-Aug-2026,47.9,49.09,46.5,47.25,47.54,223885,107.81,1810,96215.0,42.98
SIGNATURE, 28-Aug-2026,781.0,786.2,776.25,779.25,783.5,166979,1307.06,3582,7273.0,4.36
SIGNPOST, 28-Aug-2026,260.4,264.5,257.3,260.15,261.3,39824,103.94,1252,27041.0,67.9
SIKA, 28-Aug-2026,1002.1,1027.0,1002.1,1018.6,1006.9,15560,158.24,1360,9880.0,63.5
SIL, 28-Aug-2026,19.41,19.69,19.01,19.22,19.32,24107,4.65,271,16870.0,69.98
SILGO, 28-Aug-2026,74.16,76.0,73.7,75.63,74.03,58311,43.88,632,21083.0,36.16
SILINV, 28-Aug-2026,484.0,497.0,473.3,490.05,478.1,4839,23.63,223,3734.0,77.16
SILKFLEX, 28-Aug-2026,246.0,251.85,240.0,242.55,241.8,49000,121.15,46,32000.0,65.31
SILKY, 28-Aug-2026,65.2,69.1,65.0,66.55,69.0,18400,12.27,18,13600.0,73.91
SILLYMONKS, 28-Aug-2026,15.6,16.39,15.42,16.01,15.5,33584,5.31,118,27063.0,80.58
SILVER, 28-Aug-2026,233.01,241.9,230.64,240.63,236.56,879171,2105.25,8016,273884.0,31.15
SILVER001, 28-Aug-2026,24.0,24.89,23.2,24.4,23.91,25737,6.26,124,19239.0,74.75
SILVER1, 28-Aug-2026,23.4,23.51,22.85,23.42,22.97,8045756,1870.46,5957,3425868.0,42.58
SILVER360, 28-Aug-2026,232.74,237.5,232.74,236.33,233.1,11929,28.02,315,5297.0,44.4
SILVERADD, 28-Aug-2026,23.97,23.97,22.4,23.21,228.41,2029774,468.64,7166,1211581.0,59.69
SILVERAG, 28-Aug-2026,230.6,235.66,229.99,234.83,230.77,442736,1036.28,2950,187805.0,42.42
SILVERAXIS, 28-Aug-2026,235.4,240.51,235.02,238.97,235.43,229856,547.74,1710,44624.0,19.41
SILVERBEES, 28-Aug-2026,226.28,231.83,225.42,230.42,226.37,26759523,61268.78,63028,9870165.0,36.88
SILVERBETA, 28-Aug-2026,229.0,233.97,226.67,232.73,228.62,439627,1017.18,4313,202970.0,46.17
SILVERBND, 28-Aug-2026,236.93,243.32,236.79,241.36,236.84,6796,16.34,180,5560.0,81.81
SILVERCASE, 28-Aug-2026,24.52,25.5,23.89,24.49,23.96,13263373,3228.08,7576,3648103.0,27.51
SILVERIETF, 28-Aug-2026,235.01,241.78,235.01,240.53,236.3,3174454,7586.62,15272,792097.0,24.95
SILVERTUC, 28-Aug-2026,177.52,184.0,176.5,178.22,178.58,402133,724.93,7291,123097.0,30.61
SIMCA, 28-Aug-2026,258.1,260.0,255.0,259.8,260.25,7800,20.08,13,7200.0,92.31
SIMPLEXINF, 28-Aug-2026,259.5,279.55,258.14,277.59,258.67,543731,1482.37,7826,371406.0,68.31
SIMPLXREA, 28-Aug-2026,136.0,136.0,136.0,136.0,130.4,3,0.0,3,3.0,100.0
SINCLAIR, 28-Aug-2026,80.99,83.02,78.12,81.51,79.92,80303,65.21,1246,62298.0,77.58
SINDHUTRAD, 28-Aug-2026,24.9,25.45,24.5,24.99,24.99,2192076,543.82,1231,1823162.0,83.17
SINGERIND, 28-Aug-2026,77.5,80.5,76.61,77.25,76.96,91302,71.65,1594,29767.0,32.6
SINTERCOM, 28-Aug-2026,79.8,79.8,75.6,79.35,79.82,1052,0.82,37,865.0,82.22
SIRCA, 28-Aug-2026,436.9,439.9,433.35,436.3,435.1,584490,2554.38,4133,199535.0,34.14
SIS, 28-Aug-2026,421.7,436.0,421.5,431.0,421.7,338084,1454.27,7814,146266.0,43.26
SIYSIL, 28-Aug-2026,561.1,569.95,561.1,567.55,564.8,23148,130.8,2056,8972.0,38.76
SJLOGISTIC, 28-Aug-2026,331.0,347.95,327.0,334.35,331.75,51750,173.21,120,41250.0,79.71
SJS, 28-Aug-2026,2509.0,2535.0,2494.5,2509.5,2502.5,119639,3007.61,19499,72738.0,60.8
SJVN, 28-Aug-2026,65.45,65.46,64.75,64.88,65.26,1275895,828.9,12476,829186.0,64.99
SKFINDIA, 28-Aug-2026,1566.0,1589.4,1565.0,1571.3,1566.0,129396,2038.19,5883,116411.0,89.96
SKFINDUS, 28-Aug-2026,2912.6,2960.0,2888.4,2952.2,2891.6,39141,1148.18,8312,23881.0,61.01
SKIPPER, 28-Aug-2026,557.95,559.95,540.3,546.25,558.1,502418,2773.44,12735,238668.0,47.5
SKMEGGPROD, 28-Aug-2026,265.99,266.39,256.71,257.55,266.86,218221,569.02,5097,124395.0,57.0
SKP, 28-Aug-2026,150.0,152.1,147.15,147.15,153.0,4000,6.01,8,3500.0,87.5
SKYGOLD, 28-Aug-2026,850.0,850.05,807.2,811.4,843.05,908866,7439.57,28531,473551.0,52.1
SKYTECH, 28-Aug-2026,54.5,54.5,54.5,54.5,57.35,1600,0.87,1,1600.0,100.0
SLONE, 28-Aug-2026,166.9,172.0,166.9,172.0,166.9,1600,2.72,4,1600.0,100.0
SMALL250, 28-Aug-2026,18.84,18.84,18.53,18.56,18.47,334042,62.0,526,217537.0,65.12
SMALLADD, 28-Aug-2026,18.54,18.65,18.54,18.63,18.56,7883,1.47,72,6164.0,78.19
SMALLCAP, 28-Aug-2026,49.12,49.34,49.09,49.15,49.11,1760899,866.8,2862,1153833.0,65.53
SMALLGROWW, 28-Aug-2026,50.17,50.17,49.04,49.43,50.52,30398,15.03,201,29907.0,98.38
SMALLIETF, 28-Aug-2026,18.56,18.62,18.43,18.58,18.51,79846,14.81,149,46054.0,57.68
SMARTEN, 28-Aug-2026,60.0,61.0,56.9,59.8,59.35,25200,14.78,18,24000.0,95.24
SMARTWORKS, 28-Aug-2026,537.55,542.0,533.75,538.75,540.6,18490,99.4,1792,8761.0,47.38
SMCGLOBAL, 28-Aug-2026,78.77,80.28,77.66,79.2,78.61,350990,276.67,1788,248135.0,70.7
SML100CASE, 28-Aug-2026,11.5,11.5,11.39,11.42,11.41,1031488,117.89,1109,784064.0,76.01
SMLMAH, 28-Aug-2026,5242.0,5295.0,5171.0,5186.5,5194.0,36373,1897.64,6191,16452.0,45.23
SMLT, 28-Aug-2026,67.27,67.5,66.0,67.1,67.6,2189,1.47,141,1907.0,87.12
SMSPHARMA, 28-Aug-2026,363.15,363.15,349.25,355.55,362.45,133244,474.4,3513,75495.0,56.66
SNEHAA, 28-Aug-2026,42.1,43.9,42.1,42.5,43.9,5000,2.16,5,4000.0,80.0
SNOWMAN, 28-Aug-2026,36.55,38.2,36.55,37.66,36.85,190525,71.72,1761,65375.0,34.31
SNXT30BEES, 28-Aug-2026,43.21,43.34,43.0,43.13,43.23,3111,1.34,61,2920.0,93.86
SNXT50BETA, 28-Aug-2026,96.85,97.0,95.85,96.24,96.85,994,0.96,73,693.0,69.72
SOBHA, 28-Aug-2026,1283.2,1283.2,1265.3,1270.2,1273.9,42616,543.1,5824,21217.0,49.79
SOCL, 28-Aug-2026,28.6,29.9,28.6,29.8,29.5,11200,3.27,7,9600.0,85.71
SOFTTECH, 28-Aug-2026,419.5,422.0,416.0,417.4,419.4,11674,48.77,113,9626.0,82.46
SOLARA, 28-Aug-2026,613.0,634.4,610.3,623.7,611.85,192812,1204.72,9346,62492.0,32.41
SOLARINDS, 28-Aug-2026,20645.0,20672.0,20247.0,20400.0,20580.0,128635,26354.82,22566,62627.0,48.69
SOLARWORLD, 28-Aug-2026,150.0,150.0,146.51,148.75,147.96,132148,195.63,2551,63850.0,48.32
SOLEX, 28-Aug-2026,767.3,772.2,757.0,759.6,762.0,17022,129.7,2012,7756.0,45.56
SOMANYCERA, 28-Aug-2026,560.0,568.6,553.8,564.5,556.6,184392,1040.19,6525,104129.0,56.47
SOMATEX, 28-Aug-2026,80.0,82.8,76.76,77.16,80.8,18586,14.48,371,14284.0,76.85
SOMICONVEY, 28-Aug-2026,90.63,94.49,90.1,91.58,91.28,11707,10.81,574,6135.0,52.4
SONACOMS, 28-Aug-2026,822.75,824.6,803.05,815.0,819.0,1696565,13773.17,43343,787739.0,46.43
SONAMAC, 28-Aug-2026,31.7,33.2,31.35,32.6,32.0,9000,2.88,8,5000.0,55.56
SONAMLTD, 28-Aug-2026,64.8,74.6,63.6,73.17,63.24,1074944,766.07,6051,551487.0,51.3
SONATSOFTW, 28-Aug-2026,290.5,305.45,289.7,304.6,289.5,2110765,6348.37,38008,559028.0,26.48
SONUINFRA, 28-Aug-2026,33.3,34.95,33.3,34.95,34.95,4500,1.52,3,4500.0,100.0
SOTL, 28-Aug-2026,688.0,701.9,681.25,693.2,679.45,179883,1247.71,6687,81094.0,45.08
SOUTHBANK, 28-Aug-2026,45.75,46.22,45.3,45.37,45.73,3557940,1623.43,12497,1881270.0,52.88
SOUTHWEST, 28-Aug-2026,208.54,210.0,206.47,209.06,206.89,71117,148.37,2045,35960.0,50.56
SPAL, 28-Aug-2026,980.0,1049.9,980.0,1022.0,952.95,789999,8016.14,39007,122731.0,15.54
SPANDANA, 28-Aug-2026,242.85,246.2,241.0,244.3,242.85,72380,175.92,2045,33349.0,46.07
SPARC, 28-Aug-2026,194.98,209.9,194.61,207.71,194.98,2167701,4446.49,29986,825443.0,38.08
SPCENET, 28-Aug-2026,3.38,3.39,3.31,3.32,3.34,329202,10.99,391,238397.0,72.42
SPCL, 28-Aug-2026,61.55,63.95,61.55,62.15,61.85,6000,3.75,10,4200.0,70.0
SPCON, 28-Aug-2026,150.0,150.0,150.0,150.0,153.0,1200,1.8,1,1200.0,100.0
SPECTSTM, 28-Aug-2026,59.6,60.1,59.6,60.0,62.4,5600,3.36,7,5600.0,100.0
SPELS, 28-Aug-2026,155.39,156.6,150.0,150.77,152.01,44406,67.76,1295,29158.0,65.66
SPENCERS, 28-Aug-2026,29.41,30.11,29.3,29.89,29.71,36202,10.73,414,26553.0,73.35
SPIC, 28-Aug-2026,69.34,69.5,68.65,69.09,69.46,214528,148.18,2005,108502.0,50.58
SPLIL, 28-Aug-2026,34.15,34.99,33.0,33.13,34.08,12759,4.29,113,10374.0,81.31
SPLPETRO, 28-Aug-2026,692.85,717.0,691.95,700.85,692.0,199388,1408.45,16553,111208.0,55.77
SPMLINFRA, 28-Aug-2026,179.5,185.0,178.32,179.88,180.0,182511,331.0,2643,99492.0,54.51
SPORTKING, 28-Aug-2026,229.13,229.13,222.0,222.94,227.26,172545,387.28,4294,100104.0,58.02
SPPPOLY, 28-Aug-2026,12.5,12.5,12.5,12.5,12.05,2000,0.25,1,2000.0,100.0
SPRL, 28-Aug-2026,102.5,102.5,102.5,102.5,102.5,32000,32.8,1,32000.0,100.0
SPUNWEB, 28-Aug-2026,101.0,101.0,100.0,101.0,101.25,12000,12.08,6,10800.0,90.0
SRD, 28-Aug-2026,40.09,40.28,39.82,40.24,39.62,6863,2.75,66,6741.0,98.22
SREEL, 28-Aug-2026,269.39,269.39,242.95,249.48,263.24,35722,90.4,864,25916.0,72.55
SRF, 28-Aug-2026,2605.0,2615.0,2582.0,2589.9,2605.0,150532,3906.51,21168,93883.0,62.37
SRGHFL, 28-Aug-2026,260.05,260.05,253.5,254.9,260.0,1365,3.49,29,1265.0,92.67
SRHHYPOLTD, 28-Aug-2026,472.8,480.45,468.05,473.95,468.75,7101,33.56,351,6072.0,85.51
SRIKPRIND, 28-Aug-2026,20.24,21.4,20.24,20.99,20.65,5608,1.18,24,5425.0,96.74
SRIVASAVI, 28-Aug-2026,74.65,75.3,74.65,75.2,75.1,7000,5.26,7,7000.0,100.0
SRM, 28-Aug-2026,443.2,463.0,438.4,459.35,446.25,153387,691.92,6242,66909.0,43.62
SRTL, 28-Aug-2026,38.61,39.2,37.6,37.94,38.98,68538,26.18,451,57452.0,83.83
SSDL, 28-Aug-2026,55.65,58.67,55.65,57.18,56.33,29370,16.81,520,17376.0,59.16
SSEGL, 28-Aug-2026,405.0,425.9,405.0,415.95,407.75,40600,168.58,114,26800.0,66.01
SSFL, 28-Aug-2026,253.0,257.0,250.0,250.0,252.85,3000,7.64,6,3000.0,100.0
SSWL, 28-Aug-2026,292.25,297.2,289.5,295.5,292.45,438993,1285.99,7627,294212.0,67.02
STANLEY, 28-Aug-2026,138.98,139.19,137.22,137.39,137.98,54306,74.83,1340,40532.0,74.64
STAR, 28-Aug-2026,984.0,1026.5,982.1,1019.9,983.0,435651,4376.75,16784,276734.0,63.52
STARCEMENT, 28-Aug-2026,190.99,191.98,185.3,187.79,188.68,336872,631.42,8744,146286.0,43.42
STARHEALTH, 28-Aug-2026,586.1,586.1,571.5,573.5,586.1,123282,709.8,12743,69420.0,56.31
STARPAPER, 28-Aug-2026,145.0,155.8,145.0,153.0,148.97,26616,40.35,247,22923.0,86.12
STARTECK, 28-Aug-2026,256.55,258.65,251.25,253.45,256.65,284,0.72,43,173.0,60.92
STCINDIA, 28-Aug-2026,117.6,118.5,116.21,116.88,117.48,14173,16.63,334,10593.0,74.74
STEELCAS, 28-Aug-2026,338.0,349.0,338.0,342.3,339.85,51899,177.63,1705,31288.0,60.29
STEELCITY, 28-Aug-2026,85.3,86.78,83.59,84.16,86.2,15673,13.32,186,12600.0,80.39
STEELXIND, 28-Aug-2026,10.65,10.75,10.5,10.65,10.66,987877,104.59,1527,596542.0,60.39
STEL, 28-Aug-2026,622.85,645.0,617.75,636.9,622.6,5706,36.0,330,4143.0,72.61
STLNETWORK, 28-Aug-2026,26.09,27.28,25.7,27.28,25.99,1971600,531.89,2778,1454667.0,73.78
STLSTRINF, 28-Aug-2026,19.5,20.8,17.54,18.99,19.46,269,0.05,12,217.0,80.67
STOVEKRAFT, 28-Aug-2026,815.0,815.0,790.8,797.5,809.05,54115,432.45,3916,26937.0,49.78
STRIDERS, 28-Aug-2026,64.45,64.45,64.45,64.45,64.45,1600,1.03,1,1600.0,100.0
STUDDS, 28-Aug-2026,448.85,452.95,440.05,450.0,450.25,18936,85.28,1142,7670.0,40.5
STUDIOLSD, 28-Aug-2026,9.0,9.0,8.9,8.9,9.05,4000,0.36,2,2000.0,50.0
STYL, 28-Aug-2026,399.0,414.0,398.75,402.1,399.95,130545,531.13,4881,50399.0,38.61
STYLAMIND, 28-Aug-2026,3480.0,3520.0,3440.0,3507.5,3471.0,22172,773.94,5241,9893.0,44.62
STYLEBAAZA, 28-Aug-2026,406.0,413.65,400.0,410.8,401.95,2708270,10950.3,11413,1498918.0,55.35
STYRENIX, 28-Aug-2026,2027.3,2065.3,2009.3,2020.8,2018.2,44371,901.66,4074,27118.0,61.12
SUBAHOTELS, 28-Aug-2026,101.55,106.8,101.55,105.8,104.55,9600,10.0,8,8400.0,87.5
SUBEXLTD, 28-Aug-2026,17.9,18.49,17.8,18.13,17.95,2555948,464.42,4306,1315492.0,51.47
SUBROS, 28-Aug-2026,728.6,733.05,718.0,726.2,728.9,39584,287.31,2355,22525.0,56.9
SUDARCOLOR, 28-Aug-2026,379.6,394.95,379.6,390.35,379.65,4927,19.21,285,3045.0,61.8
SUDARSCHEM, 28-Aug-2026,1250.0,1264.7,1232.1,1256.9,1252.8,234717,2928.89,20072,98567.0,41.99
SUDEEPPHRM, 28-Aug-2026,1135.0,1171.65,1106.0,1152.1,1134.1,176989,2016.5,8338,101922.0,57.59
SUKHJITS, 28-Aug-2026,162.3,162.3,158.71,159.0,162.32,8220,13.15,277,8058.0,98.03
SULA, 28-Aug-2026,147.21,149.02,146.54,147.58,146.92,172404,254.87,2755,98408.0,57.08
SUMEDHA, 28-Aug-2026,39.27,40.0,39.27,39.27,39.27,145,0.06,7,114.0,78.62
SUMEETINDS, 28-Aug-2026,13.0,13.15,12.6,12.68,12.99,1624681,208.1,1310,1416206.0,87.17
SUMICHEM, 28-Aug-2026,528.95,528.95,517.5,517.85,525.0,76606,398.82,4496,41673.0,54.4
SUMIT, 28-Aug-2026,51.49,52.5,50.71,51.72,51.53,31181,16.06,664,16149.0,51.79
SUMMITSEC, 28-Aug-2026,1424.5,1445.7,1410.1,1421.0,1420.7,1462,20.84,340,839.0,57.39
SUN-RE, 28-Aug-2026,1.0,1.0,1.0,1.0,1.1,33600,0.34,20,33600.0,100.0
SUNCLAY, 28-Aug-2026,1261.4,1321.8,1259.4,1280.5,1272.2,9128,117.78,830,6147.0,67.34
SUNDARAM, 28-Aug-2026,1.23,1.28,1.2,1.27,1.23,783863,9.77,349,632128.0,80.64
SUNDARMFIN, 28-Aug-2026,4636.9,4646.9,4545.5,4574.4,4636.9,46286,2119.5,9390,30243.0,65.34
SUNDRMFAST, 28-Aug-2026,1225.0,1225.0,1196.65,1200.0,1216.2,55523,670.34,5545,30422.0,54.79
SUNDROP, 28-Aug-2026,658.45,660.0,645.1,652.7,655.45,10214,66.91,432,6692.0,65.52
SUNFLAG, 28-Aug-2026,344.8,351.2,344.8,348.25,344.4,80367,279.38,1721,42282.0,52.61
SUNLITE, 28-Aug-2026,525.0,545.95,500.0,534.35,517.0,54900,289.33,170,27000.0,49.18
SUNLOC, 28-Aug-2026,70.05,77.0,70.05,75.93,70.0,1341,1.01,33,1120.0,83.52
SUNPHARMA, 28-Aug-2026,1925.0,1931.0,1903.8,1920.0,1913.3,1140742,21890.38,65184,688877.0,60.39
SUNRAKSHAK, 28-Aug-2026,370.0,374.15,368.05,373.0,371.1,2388,8.88,73,2016.0,84.42
SUNREST, 28-Aug-2026,40.6,40.6,39.6,39.6,38.0,6400,2.55,4,6400.0,100.0
SUNSHIEL, 28-Aug-2026,1175.8,1224.0,1150.1,1179.4,1156.3,1631,19.31,343,906.0,55.55
SUNSHINE, 28-Aug-2026,369.4,441.7,369.0,429.75,368.1,11491099,48190.35,180065,1716548.0,14.94
SUNTECH, 28-Aug-2026,49.9,53.95,48.1,52.75,47.1,144000,73.45,78,110400.0,76.67
SUNTECK, 28-Aug-2026,307.85,309.45,304.65,306.0,307.5,77659,237.74,2106,40060.0,51.58
SUNTV, 28-Aug-2026,465.0,481.2,463.3,474.5,463.95,1054319,4999.74,49123,503090.0,47.72
SUPERHOUSE, 28-Aug-2026,169.15,177.9,169.15,175.57,169.9,3321,5.79,116,2693.0,81.09
SUPRAJIT, 28-Aug-2026,501.2,509.4,501.0,505.25,504.05,84894,428.44,6298,49993.0,58.89
SUPREME, 28-Aug-2026,39.9,40.0,38.67,38.78,39.0,17568,6.88,117,11237.0,63.96
SUPREMEIND, 28-Aug-2026,3615.4,3710.0,3581.1,3636.9,3585.0,269330,9877.28,39028,106457.0,39.53
SUPREMEINF, 28-Aug-2026,85.6,85.6,83.0,83.25,84.99,64331,53.92,688,49470.0,76.9
SUPREMEPWR, 28-Aug-2026,231.0,233.0,225.25,226.2,227.4,45500,104.08,72,30000.0,65.93
SUPRIYA, 28-Aug-2026,777.95,808.8,777.95,804.15,776.35,230999,1843.71,13703,91561.0,39.64
SURAJEST, 28-Aug-2026,195.0,204.01,194.81,198.68,195.77,175596,347.38,1877,133347.0,75.94
SURAJLTD, 28-Aug-2026,214.0,216.44,205.1,209.89,214.0,1428,3.01,39,1350.0,94.54
SURAKSHA, 28-Aug-2026,335.25,343.0,331.45,340.2,335.4,140946,476.71,5614,75394.0,53.49
SURANASOL, 28-Aug-2026,25.44,25.85,25.32,25.75,25.45,25054,6.41,329,19908.0,79.46
SURANAT&P, 28-Aug-2026,15.75,16.9,15.65,16.47,15.91,104413,16.8,777,76987.0,73.73
SURANI, 28-Aug-2026,97.45,102.8,95.55,96.95,97.0,2800,2.72,14,2400.0,85.71
SURYALA, 28-Aug-2026,382.0,390.0,375.0,378.6,382.15,266,1.01,16,261.0,98.12
SURYALAXMI, 28-Aug-2026,58.59,59.97,56.0,58.05,57.14,14628,8.53,83,12958.0,88.58
SURYAROSNI, 28-Aug-2026,218.15,223.65,218.15,220.46,218.41,313345,693.55,8351,154164.0,49.2
SURYODAY, 28-Aug-2026,155.68,156.41,153.68,154.26,155.68,280837,435.08,4531,134549.0,47.91
SUVEN, 28-Aug-2026,368.0,368.3,361.5,364.95,368.1,211420,769.73,6450,89021.0,42.11
SUVIDHAA, 28-Aug-2026,2.28,2.31,2.26,2.29,2.28,50677,1.16,130,38918.0,76.8
SUYOG, 28-Aug-2026,766.5,771.0,735.1,745.3,764.85,17328,129.89,1347,8809.0,50.84
SUZLON, 28-Aug-2026,46.69,47.05,46.5,46.79,46.81,23944393,11200.86,54137,10865303.0,45.38
SVGLOBAL, 28-Aug-2026,129.5,137.0,121.12,129.71,129.5,336,0.45,121,272.0,80.95
SVPGLOB, 28-Aug-2026,3.9,3.9,3.65,3.73,3.75,11390,0.42,73,8204.0,72.03
SWANCORP, 28-Aug-2026,304.15,305.3,296.5,298.15,303.8,698162,2102.04,9799,178683.0,25.59
SWARAJENG, 28-Aug-2026,3551.9,3560.0,3535.0,3544.8,3548.3,3338,118.46,971,2042.0,61.17
SWARNSAR, 28-Aug-2026,35.0,35.0,34.0,34.41,34.57,530,0.18,9,530.0,100.0
SWELECTES, 28-Aug-2026,594.0,606.9,581.8,589.9,594.2,60628,357.27,1518,44620.0,73.6
SWIGGY, 28-Aug-2026,284.7,284.7,280.1,280.5,284.7,4825338,13636.69,50573,2088427.0,43.28
SWISSMLTRY, 28-Aug-2026,17.2,17.75,16.81,16.96,17.16,145870,24.95,388,104458.0,71.61
SWSOLAR, 28-Aug-2026,198.0,201.56,195.01,195.37,199.15,803620,1585.59,10202,312327.0,38.87
SYLVANPLY, 28-Aug-2026,56.0,58.7,56.0,58.7,56.0,10000,5.76,5,10000.0,100.0
SYMPHONY, 28-Aug-2026,599.05,602.15,590.0,591.15,599.05,62907,373.44,4187,38271.0,60.84
SYNCOMF, 28-Aug-2026,17.67,20.38,17.26,19.46,17.34,57135698,11087.44,270783,12994906.0,22.74
SYNGENE, 28-Aug-2026,415.0,417.9,402.7,403.4,413.8,293096,1192.94,12062,169258.0,57.75
SYRMA, 28-Aug-2026,1499.0,1505.0,1470.0,1474.3,1493.5,404693,5992.47,21505,177322.0,43.82
SYSTANGO, 28-Aug-2026,218.6,235.0,218.6,233.9,218.65,53200,120.93,114,40400.0,75.94
TAALTECH, 28-Aug-2026,4438.2,4590.0,4375.1,4562.0,4406.4,7719,349.45,1186,5047.0,65.38
TAC, 28-Aug-2026,413.1,430.0,413.1,423.2,416.4,26400,110.92,104,21200.0,80.3
TAINWALCHM, 28-Aug-2026,212.68,215.9,210.0,213.0,212.68,2176,4.63,72,1708.0,78.49
TAJGVK, 28-Aug-2026,343.95,343.95,337.2,340.0,341.75,38431,130.61,1827,23796.0,61.92
TAKE, 28-Aug-2026,16.14,16.14,16.14,16.14,16.98,60299,9.73,283,60299.0,100.0
TALBROAUTO, 28-Aug-2026,407.0,418.2,398.1,401.35,408.65,186335,756.14,6000,91736.0,49.23
TANAA, 28-Aug-2026,295.6,299.4,290.0,293.05,292.7,8794,25.88,341,5981.0,68.01
TANKUP, 28-Aug-2026,1350.0,1365.0,1339.0,1365.0,1300.0,5000,67.87,19,4250.0,85.0
TANLA, 28-Aug-2026,532.05,546.45,532.05,544.25,531.5,483977,2624.13,16265,147392.0,30.45
TARACHAND, 28-Aug-2026,49.49,49.49,47.55,48.22,48.59,30912,14.85,427,21204.0,68.59
TARAPUR, 28-Aug-2026,14.96,15.1,14.11,14.43,14.96,21412,3.1,131,19956.0,93.2
TARC, 28-Aug-2026,117.91,120.0,117.31,117.9,117.53,325384,385.64,3082,204737.0,62.92
TARIL, 28-Aug-2026,304.8,308.45,301.6,303.45,304.15,729621,2220.56,14065,291916.0,40.01
TARMAT, 28-Aug-2026,60.99,60.99,57.05,58.37,59.93,36222,21.28,641,19374.0,53.49
TARSONS, 28-Aug-2026,331.65,337.8,328.3,332.25,329.4,81322,270.67,3613,39049.0,48.02
TASTYBITE, 28-Aug-2026,9800.0,10160.0,9800.0,10073.0,9816.5,4271,428.01,1220,2139.0,50.08
TATACAP, 28-Aug-2026,376.1,377.75,372.9,375.7,376.0,1158290,4353.46,25418,742230.0,64.08
TATACHEM, 28-Aug-2026,644.9,674.8,644.5,655.75,644.15,1439859,9538.49,40570,452117.0,31.4
TATACOMM, 28-Aug-2026,1685.4,1704.0,1678.1,1694.7,1689.6,205459,3476.34,14952,127547.0,62.08
TATACONSUM, 28-Aug-2026,1047.0,1047.0,1030.4,1040.7,1042.0,971764,10066.33,37300,699534.0,71.99
TATAELXSI, 28-Aug-2026,3645.0,3708.0,3645.0,3685.0,3633.2,303505,11178.24,25286,118301.0,38.98
TATAGOLD, 28-Aug-2026,15.29,15.67,15.07,15.36,15.29,40398623,6177.82,59459,14914357.0,36.92
TATAINVEST, 28-Aug-2026,644.0,656.4,637.6,638.75,642.1,272032,1751.56,17539,88558.0,32.55
TATAPOWER, 28-Aug-2026,352.0,352.95,349.25,351.85,352.0,4301719,15112.55,48953,2003964.0,46.59
TATASTEEL, 28-Aug-2026,187.6,188.79,184.08,186.5,186.8,39370394,73093.68,123995,26478202.0,67.25
TATATECH, 28-Aug-2026,800.0,839.7,796.7,834.35,799.35,2546795,20955.25,65247,774156.0,30.4
TATSILV, 28-Aug-2026,23.5,23.52,22.39,23.37,22.97,73180946,16994.81,43678,34228336.0,46.77
TATVA, 28-Aug-2026,1589.0,1660.0,1588.9,1630.0,1599.2,29170,472.07,3936,15389.0,52.76
TAURIAN, 28-Aug-2026,500.95,520.0,500.95,518.0,500.95,6400,32.96,8,5600.0,87.5
TBI, 28-Aug-2026,71.5,74.45,69.45,70.7,71.5,66000,47.01,73,51600.0,78.18
TBOTEK, 28-Aug-2026,1680.0,1717.5,1659.2,1682.7,1696.6,54341,915.32,7773,20871.0,38.41
TBZ, 28-Aug-2026,306.0,311.25,294.8,301.7,306.1,998166,3023.16,16895,257658.0,25.81
TCC, 28-Aug-2026,232.95,233.25,218.05,223.25,231.75,362460,810.08,9202,164011.0,45.25
TCI, 28-Aug-2026,901.35,901.35,883.15,888.1,897.3,27292,242.96,3091,16541.0,60.61
TCIEXP, 28-Aug-2026,559.0,567.1,546.35,555.8,558.35,31370,174.69,2875,13186.0,42.03
TCL, 28-Aug-2026,137.0,137.0,130.0,132.8,137.65,52800,69.77,63,30400.0,57.58
TCPLPACK, 28-Aug-2026,3815.4,3871.1,3790.0,3821.7,3846.4,4466,170.54,954,2707.0,60.61
TCS, 28-Aug-2026,2272.0,2348.5,2263.3,2342.0,2248.4,4054069,94377.54,155502,1604350.0,39.57
TDPOWERSYS, 28-Aug-2026,748.9,761.9,746.1,752.7,740.6,955212,7193.16,32704,437151.0,45.76
TEAMGTY, 28-Aug-2026,244.9,244.99,230.2,240.33,240.02,2315,5.47,41,1540.0,66.52
TEAMLEASE, 28-Aug-2026,1260.0,1290.0,1243.0,1272.7,1252.7,16630,211.03,3349,9814.0,59.01
TEAMTECH, 28-Aug-2026,133.35,140.0,133.35,140.0,133.35,68000,94.45,24,64000.0,94.12
TECH, 28-Aug-2026,33.23,34.3,33.23,34.05,33.22,89007,30.32,222,46435.0,52.17
TECHD, 28-Aug-2026,561.95,564.95,550.0,560.0,550.05,12300,68.63,38,12000.0,97.56
TECHERA, 28-Aug-2026,172.85,174.5,165.0,169.1,169.2,53600,91.31,64,32800.0,61.19
TECHLABS, 28-Aug-2026,125.0,125.0,117.0,119.5,122.75,7250,8.7,51,5500.0,75.86
TECHM, 28-Aug-2026,1600.0,1642.0,1598.0,1640.9,1585.0,3415226,55705.52,94086,1744485.0,51.08
TECHNOCRAF, 28-Aug-2026,360.95,382.96,360.14,373.83,358.24,2097019,7801.89,33968,345147.0,16.46
TECHNOE, 28-Aug-2026,998.5,1041.5,992.5,1025.5,997.45,272844,2786.67,20524,123507.0,45.27
TECHNVISN, 28-Aug-2026,5023.6,5373.7,5018.9,5373.7,5117.9,619,32.93,147,468.0,75.61
TECILCHEM, 28-Aug-2026,9.98,10.2,8.53,9.58,9.09,63383,6.06,219,40413.0,63.76
TEGA, 28-Aug-2026,1641.9,1687.1,1616.2,1658.7,1621.4,216658,3580.12,15116,112159.0,51.77
TEJA, 28-Aug-2026,259.0,259.0,259.0,259.0,272.6,600,1.55,1,600.0,100.0
TEJASCARGO, 28-Aug-2026,418.95,418.95,410.0,410.0,399.0,1200,4.99,3,400.0,33.33
TEJASNET, 28-Aug-2026,538.0,576.85,538.0,550.15,511.15,43164679,241881.5,534714,3090086.0,7.16
TEMBO, 28-Aug-2026,57.7,59.0,57.25,58.2,57.7,851623,495.86,2624,297368.0,34.92
TEMPSENS, 28-Aug-2026,634.0,634.85,551.15,586.65,300.0,51084119,303631.98,821540,12854846.0,25.16
TENNIND, 28-Aug-2026,546.3,547.4,535.8,537.5,541.4,682567,3688.96,18923,359297.0,52.64
TERAI, 28-Aug-2026,113.95,124.8,113.5,115.0,125.9,77,0.09,14,45.0,58.44
TERASOFT, 28-Aug-2026,301.35,307.75,295.3,297.8,301.35,21083,63.36,1058,12386.0,58.75
TEXINFRA, 28-Aug-2026,111.34,113.0,111.0,111.41,110.55,67121,74.91,593,36603.0,54.53
TEXMOPIPES, 28-Aug-2026,47.01,47.5,46.05,46.24,46.95,20451,9.52,287,15786.0,77.19
TEXRAIL, 28-Aug-2026,109.99,112.64,108.8,109.44,108.43,2601407,2866.65,20041,873636.0,33.58
TFCILTD, 28-Aug-2026,142.0,144.62,139.55,140.54,141.84,8389884,11902.59,24945,2609564.0,31.1
TFL, 28-Aug-2026,12.45,12.85,11.62,12.46,12.07,12439,1.54,84,11174.0,89.83
TGBHOTELS, 28-Aug-2026,9.11,9.69,9.08,9.4,9.15,25001,2.32,74,19876.0,79.5
TGL, 28-Aug-2026,16.25,16.25,16.25,16.25,15.5,12600,2.05,17,12600.0,100.0
TGVSL, 28-Aug-2026,105.69,106.04,103.75,105.24,104.96,122911,128.61,2940,68043.0,55.36
THANGAMAYL, 28-Aug-2026,5502.0,5563.5,5373.5,5440.5,5502.0,280954,15278.0,18193,119876.0,42.67
THEINVEST, 28-Aug-2026,94.96,97.0,94.52,95.0,94.96,2303,2.21,105,1621.0,70.39
THEJO, 28-Aug-2026,2103.9,2114.9,2052.3,2060.6,2093.6,30486,632.34,642,29044.0,95.27
THELEELA, 28-Aug-2026,551.5,560.95,547.55,555.25,553.8,455524,2531.84,24543,265512.0,58.29
THEMISMED, 28-Aug-2026,127.03,128.01,124.36,125.48,126.15,76736,96.25,863,52464.0,68.37
THERMAX, 28-Aug-2026,3998.9,3998.9,3934.4,3944.2,3962.7,35970,1419.7,12334,20997.0,58.37
THOMASCOOK, 28-Aug-2026,110.0,111.35,108.0,108.43,110.06,841847,918.38,11241,335069.0,39.8
THOMASCOTT, 28-Aug-2026,279.9,285.0,270.0,277.25,279.6,50583,138.52,1753,28273.0,55.89
THYROCARE, 28-Aug-2026,581.45,589.1,579.0,584.35,581.45,170008,992.19,11887,84827.0,49.9
TI, 28-Aug-2026,556.1,574.0,553.0,567.2,557.8,411373,2332.57,14461,189870.0,46.16
TIGERLOGS, 28-Aug-2026,30.09,30.39,29.0,29.45,30.09,92798,27.63,439,62958.0,67.84
TIIL, 28-Aug-2026,3336.0,3420.0,3259.8,3292.6,3328.1,36436,1216.2,5689,18146.0,49.8
TIINDIA, 28-Aug-2026,2870.0,2885.7,2831.5,2840.0,2870.0,123842,3523.87,21980,65323.0,52.75
TIJARIA, 28-Aug-2026,5.93,6.3,5.7,6.02,5.92,124221,7.4,242,96262.0,77.49
TIMETECHNO, 28-Aug-2026,185.67,189.79,185.31,186.29,185.67,2984174,5590.39,18947,708757.0,23.75
TIMEX, 28-Aug-2026,630.8,657.0,629.0,653.75,624.05,384200,2481.59,18412,164163.0,42.73
TIMKEN, 28-Aug-2026,3192.0,3207.2,3142.4,3149.8,3183.4,32308,1029.47,7402,23008.0,71.21
TINNARUBR, 28-Aug-2026,1008.4,1015.8,995.1,996.1,998.4,22357,224.16,1836,12862.0,57.53
TIPSFILMS, 28-Aug-2026,339.9,343.5,333.0,334.3,342.15,10675,36.09,524,7433.0,69.63
TIPSMUSIC, 28-Aug-2026,660.0,660.25,644.05,648.05,660.0,191676,1248.32,11091,107075.0,55.86
TIRUMALCHM, 28-Aug-2026,159.58,164.86,158.65,160.32,159.58,2119773,3441.58,21689,776240.0,36.62
TITAGARH, 28-Aug-2026,831.0,843.4,826.8,835.35,831.15,225348,1885.24,10513,102356.0,45.42
TITAN, 28-Aug-2026,5155.0,5169.9,5136.0,5169.2,5139.3,547804,28221.1,39225,371997.0,67.91
TMB, 28-Aug-2026,887.2,897.0,882.35,886.05,893.85,80734,718.5,7093,37008.0,45.84
TMCV, 28-Aug-2026,474.75,474.85,462.65,466.3,473.1,6189661,28885.92,76180,3272474.0,52.87
TMPV, 28-Aug-2026,317.5,319.4,313.3,319.4,316.0,5852894,18501.38,53789,3038616.0,51.92
TNIDETF, 28-Aug-2026,92.39,92.39,91.02,91.78,90.97,59301,54.44,477,50180.0,84.62
TNPETRO, 28-Aug-2026,109.47,112.39,109.0,111.37,109.12,251558,279.44,4940,120582.0,47.93
TNPL, 28-Aug-2026,140.12,141.79,139.65,141.22,139.91,50860,71.57,1106,31087.0,61.12
TNTELE, 28-Aug-2026,9.13,9.13,8.91,8.95,8.91,15400,1.38,45,14192.0,92.16
TOKYOPLAST, 28-Aug-2026,76.0,77.25,76.0,77.24,77.25,210,0.16,4,210.0,100.0
TOLINS, 28-Aug-2026,97.0,97.0,94.52,95.0,95.29,27319,26.08,656,17915.0,65.58
TOP100CASE, 28-Aug-2026,10.7,10.7,10.62,10.67,10.65,911422,97.14,967,848081.0,93.05
TOP10ADD, 28-Aug-2026,88.32,88.35,87.91,88.08,87.89,29570,26.06,255,11173.0,37.78
TOP15IETF, 28-Aug-2026,9.89,9.98,9.88,9.94,9.91,281362,27.86,215,203813.0,72.44
TOP20, 28-Aug-2026,8.95,9.01,8.95,8.98,8.95,44084,3.96,115,43204.0,98.0
TORNTPHARM, 28-Aug-2026,5000.0,5050.0,4967.0,5050.0,4999.0,184156,9219.89,19513,89924.0,48.83
TORNTPOWER, 28-Aug-2026,1237.4,1237.4,1212.6,1217.7,1230.1,213261,2602.0,23733,125251.0,58.73
TOTAL, 28-Aug-2026,70.0,72.0,68.54,70.77,69.57,20945,14.71,244,15008.0,71.65
TOUCHWOOD, 28-Aug-2026,61.0,61.9,59.0,60.69,61.0,2680,1.63,79,2122.0,79.18
TOYAMSL, 28-Aug-2026,0.63,0.64,0.61,0.63,0.62,621993,3.91,183,412430.0,66.31
TPLPLASTEH, 28-Aug-2026,78.02,78.39,72.9,73.4,77.44,258779,192.3,2679,117683.0,45.48
TRACXN, 28-Aug-2026,29.8,30.24,29.52,29.76,30.06,85210,25.57,752,61721.0,72.43
TRANSCOR, 28-Aug-2026,25.5,25.8,24.0,24.7,25.95,4184,1.03,59,3708.0,88.62
TRANSRAILL, 28-Aug-2026,458.0,458.95,452.05,452.75,458.5,359968,1631.1,15691,214224.0,59.51
TRANSTEEL, 28-Aug-2026,91.95,91.95,80.75,81.55,89.15,197000,165.54,116,107000.0,54.31
TRAVELFOOD, 28-Aug-2026,1333.0,1336.6,1290.0,1297.7,1333.9,54197,708.29,6163,28709.0,52.97
TREEHOUSE, 28-Aug-2026,6.28,6.33,6.1,6.27,6.28,5340,0.33,55,3943.0,73.84
TREJHARA, 28-Aug-2026,151.8,151.88,143.15,144.2,149.89,21578,31.63,457,14838.0,68.76
TREL, 28-Aug-2026,26.51,27.5,26.51,27.18,26.49,166860,45.21,2363,129807.0,77.79
TRENT, 28-Aug-2026,2890.4,2911.2,2875.8,2898.0,2878.5,469911,13619.61,33099,232294.0,49.43
TRF, 28-Aug-2026,230.83,231.67,228.0,229.48,229.22,4996,11.51,186,3198.0,64.01
TRIDENT, 28-Aug-2026,24.4,24.48,24.27,24.32,24.38,1788468,435.4,8699,976212.0,54.58
TRIDHYA, 28-Aug-2026,8.1,8.1,8.1,8.1,8.5,6000,0.49,2,6000.0,100.0
TRIGYN, 28-Aug-2026,59.45,64.82,59.0,62.85,60.09,221932,141.08,2303,114312.0,51.51
TRITONV, 28-Aug-2026,1140.2,1160.1,1126.2,1148.5,1144.9,1875,21.42,276,1547.0,82.51
TRITURBINE, 28-Aug-2026,588.1,592.95,578.0,580.3,583.45,270490,1573.26,16784,126181.0,46.65
TRIVENI, 28-Aug-2026,285.3,287.93,279.42,283.82,282.21,792373,2245.09,17171,312211.0,39.4
TROM, 28-Aug-2026,55.0,55.0,53.2,53.4,54.0,7200,3.88,12,6600.0,91.67
TRU, 28-Aug-2026,4.15,4.15,3.96,4.12,4.04,209566,8.46,618,181862.0,86.78
TRUALT, 28-Aug-2026,434.0,438.6,430.85,434.15,433.85,69662,302.19,2558,43972.0,63.12
TRUST, 28-Aug-2026,32.6,33.0,28.0,28.55,30.95,18600,5.58,23,16800.0,90.32
TSC, 28-Aug-2026,45.1,45.1,45.0,45.0,46.5,4000,1.8,2,4000.0,100.0
TSFINV, 28-Aug-2026,404.95,409.95,403.0,407.2,404.2,40490,164.51,2189,23617.0,58.33
TTKHLTCARE, 28-Aug-2026,1087.9,1150.9,1081.0,1134.2,1080.2,75111,847.38,7565,47212.0,62.86
TTKPRESTIG, 28-Aug-2026,606.9,610.95,592.0,593.7,606.9,31260,186.56,3094,16406.0,52.48
TTL, 28-Aug-2026,6.53,6.8,6.41,6.66,6.53,152997,10.06,343,94004.0,61.44
TTML, 28-Aug-2026,36.46,40.5,36.44,38.84,36.46,50962825,20072.71,103945,3884114.0,7.62
TUNWAL, 28-Aug-2026,26.0,26.0,25.55,25.8,25.55,36000,9.27,17,12000.0,33.33
TURTLEMINT, 28-Aug-2026,153.62,160.0,148.0,152.65,153.64,3794826,5877.33,40796,1401157.0,36.92
TUTIALKA, 28-Aug-2026,60.0,61.73,59.06,59.47,59.04,12125,7.23,173,9073.0,74.83
TVSELECT, 28-Aug-2026,444.0,444.0,435.25,437.4,443.05,27147,118.95,1230,17239.0,63.5
TVSHLTD, 28-Aug-2026,13435.0,13587.0,13361.0,13450.0,13434.0,3931,528.97,1440,2288.0,58.2
TVSMOTOR, 28-Aug-2026,4409.8,4425.0,4161.5,4304.2,4409.8,2654527,112975.9,198109,1150605.0,43.35
TVSSCS, 28-Aug-2026,131.09,133.66,130.3,131.56,130.79,884652,1166.56,10606,313300.0,35.42
TVSSRICHAK, 28-Aug-2026,5251.4,5314.8,5155.3,5292.3,5244.5,20685,1084.72,3642,8200.0,39.64
TVTODAY, 28-Aug-2026,112.1,114.7,111.13,112.04,113.13,50189,56.47,1987,24776.0,49.37
TWCGOLDETF, 28-Aug-2026,156.6,158.25,155.15,157.6,156.6,6880,10.79,137,5603.0,81.44
UBL, 28-Aug-2026,1343.0,1345.2,1330.0,1334.1,1346.6,36542,488.22,5923,19647.0,53.77
UCOBANK, 28-Aug-2026,25.55,25.71,25.35,25.48,25.49,3624254,925.79,11694,1692914.0,46.71
UDAYJEW, 28-Aug-2026,142.85,144.75,130.2,137.96,143.28,1601,2.26,32,1575.0,98.38
UDS, 28-Aug-2026,222.0,224.62,221.0,222.48,221.82,137777,306.74,4813,80165.0,58.18
UEL, 28-Aug-2026,189.33,189.33,189.33,189.33,180.32,2841,5.38,43,2841.0,100.0
UFLEX, 28-Aug-2026,635.0,658.85,631.0,634.35,631.0,292297,1872.96,8084,95080.0,32.53
UFO, 28-Aug-2026,66.27,69.6,64.55,66.49,65.54,54139,36.02,979,27444.0,50.69
UGARSUGAR, 28-Aug-2026,50.9,55.87,50.41,54.13,50.7,801341,424.58,6156,324880.0,40.54
UGROCAP, 28-Aug-2026,87.22,88.5,86.51,86.96,87.22,190255,166.24,1634,114078.0,59.96
UHTL, 28-Aug-2026,143.6,143.6,143.6,143.6,140.8,24000,34.46,4,24000.0,100.0
UJJIVANSFB, 28-Aug-2026,68.7,69.23,67.6,67.85,68.57,6875259,4694.23,33424,4023356.0,58.52
ULTRACEMCO, 28-Aug-2026,11705.0,11746.0,11523.0,11589.0,11717.0,235738,27288.04,27946,138209.0,58.63
ULTRAMAR, 28-Aug-2026,426.65,429.0,406.8,411.3,423.3,103267,428.59,3391,72499.0,70.21
UMA, 28-Aug-2026,19.5,19.75,17.3,19.05,17.0,64000,12.21,16,32000.0,50.0
UMESLTD, 28-Aug-2026,5.5,5.5,4.8,5.3,5.14,29979,1.56,157,26676.0,88.98
UMIYA-MRO, 28-Aug-2026,88.63,96.0,88.16,94.64,88.68,58425,55.28,517,41007.0,70.19
UNICHEMLAB, 28-Aug-2026,542.85,570.0,535.0,564.25,539.75,330176,1848.22,12615,126934.0,38.44
UNIECOM, 28-Aug-2026,84.1,89.0,83.91,87.18,84.0,307248,264.55,2633,156023.0,50.78
UNIENTER, 28-Aug-2026,96.04,96.95,92.74,94.1,96.04,4514,4.27,108,3708.0,82.14
UNIHEALTH, 28-Aug-2026,708.0,721.95,700.0,717.95,707.15,6500,46.32,13,5000.0,76.92
UNIINFO, 28-Aug-2026,10.92,10.97,10.43,10.97,10.97,959,0.1,17,842.0,87.8
UNIMECH, 28-Aug-2026,1498.0,1511.7,1482.5,1503.1,1485.4,99475,1492.12,7579,44646.0,44.88
UNIONBANK, 28-Aug-2026,184.7,186.31,184.09,186.0,184.5,3617223,6697.1,29351,1640567.0,45.35
UNIONGOLD, 28-Aug-2026,153.1,155.45,151.15,155.3,153.1,5872,9.08,103,3197.0,54.44
UNIPARTS, 28-Aug-2026,817.4,879.8,813.05,873.15,808.3,467444,3999.45,22529,198762.0,42.52
UNITDSPR, 28-Aug-2026,1526.0,1540.0,1497.7,1510.0,1522.0,612774,9227.55,21886,428516.0,69.93
UNITECH, 28-Aug-2026,3.95,3.97,3.88,3.9,3.92,3787223,148.89,1736,2814270.0,74.31
UNITEDPOLY, 28-Aug-2026,37.44,39.5,37.11,38.8,37.44,165582,64.21,474,119914.0,72.42
UNITEDTEA, 28-Aug-2026,458.85,458.85,451.0,454.0,454.9,357,1.62,30,303.0,84.87
UNIVCABLES, 28-Aug-2026,1610.0,1700.0,1605.8,1693.2,1607.3,333702,5572.53,26236,138119.0,41.39
UNOMINDA, 28-Aug-2026,1282.0,1283.1,1263.4,1276.0,1280.0,552647,7055.26,28772,307046.0,55.56
UPHOT, 28-Aug-2026,1397.0,1464.9,1397.0,1464.9,1397.0,16,0.23,4,16.0,100.0
UPL, 28-Aug-2026,580.0,580.05,569.55,571.0,578.1,1181623,6790.25,21660,589280.0,49.87
URBAN, 28-Aug-2026,140.55,141.95,139.0,139.7,140.55,43200,60.53,36,20800.0,48.15
URBANCO, 28-Aug-2026,167.9,171.44,165.91,168.41,167.36,8658242,14673.79,61759,3457579.0,39.93
URJA, 28-Aug-2026,9.25,9.3,9.15,9.19,9.25,427256,39.35,1734,277472.0,64.94
USHAFIN, 28-Aug-2026,47.0,47.45,46.0,47.15,45.45,44800,21.06,19,41600.0,92.86
USHAMART, 28-Aug-2026,491.0,498.7,487.5,492.45,489.15,386312,1900.72,21682,222933.0,57.71
USK, 28-Aug-2026,21.31,21.89,21.0,21.54,21.31,10584,2.26,102,8295.0,78.37
UTIAMC, 28-Aug-2026,890.7,896.45,886.15,887.7,890.7,50141,446.68,7116,29920.0,59.67
UTKAL, 28-Aug-2026,51.0,51.0,51.0,51.0,49.4,20000,10.2,7,20000.0,100.0
UTKARSHBNK, 28-Aug-2026,14.85,14.96,14.53,14.68,14.92,3732185,550.77,4630,1701702.0,45.6
UTLSOLAR, 28-Aug-2026,451.8,464.45,445.0,449.55,443.35,498009,2254.0,12930,262323.0,52.67
UTSSAV, 28-Aug-2026,448.6,455.0,445.0,455.0,448.6,8400,37.75,13,7800.0,92.86
UTTAMSUGAR, 28-Aug-2026,301.81,306.68,294.1,299.55,298.34,362389,1089.6,8513,86772.0,23.94
V2RETAIL, 28-Aug-2026,223.39,224.0,220.5,221.32,222.4,620306,1378.76,10457,332541.0,53.61
VADILALIND, 28-Aug-2026,7410.0,8020.0,7385.0,7900.0,7444.5,43027,3357.43,11527,17509.0,40.69
VADILENT, 28-Aug-2026,9700.0,11754.0,9700.0,10833.0,9795.0,298,30.12,43,262.0,87.92
VAIBHAVGBL, 28-Aug-2026,222.2,225.7,220.7,221.55,222.2,160964,358.12,15362,82213.0,51.08
VAISHALI, 28-Aug-2026,8.33,8.46,8.2,8.31,8.33,58628,4.87,165,43984.0,75.02
VAKRANGEE, 28-Aug-2026,5.91,5.99,5.81,5.89,5.92,794251,46.74,1386,448695.0,56.49
VAL30IETF, 28-Aug-2026,15.23,15.23,15.13,15.16,15.21,106794,16.19,617,69879.0,65.43
VALUE, 28-Aug-2026,16.19,16.19,16.11,16.17,16.13,8030,1.3,52,6830.0,85.06
VALUE360, 28-Aug-2026,72.2,72.95,72.2,72.95,72.6,2400,1.74,2,1200.0,50.0
VALUEAXIS, 28-Aug-2026,32.89,32.97,32.8,32.82,32.77,37478,12.33,236,22034.0,58.79
VAML, 28-Aug-2026,455.9,460.7,452.4,456.15,454.45,6349673,28959.85,98651,3564291.0,56.13
VARDMNPOLY, 28-Aug-2026,5.92,6.15,5.9,5.98,6.01,147794,8.89,352,107839.0,72.97
VARROC, 28-Aug-2026,811.0,829.5,803.35,821.85,813.15,194076,1579.85,13923,75363.0,38.83
VASCONEQ, 28-Aug-2026,30.88,31.25,30.81,30.98,30.78,213371,66.18,820,145056.0,67.98
VASUPRADA, 28-Aug-2026,94.0,95.0,94.0,94.5,94.0,50,0.05,6,50.0,100.0
VASWANI, 28-Aug-2026,48.42,49.5,48.42,48.98,48.42,5704,2.79,61,4153.0,72.81
VBL, 28-Aug-2026,418.65,420.9,412.2,414.0,418.75,7918746,32900.15,55490,4548818.0,57.44
VDEAL, 28-Aug-2026,160.85,161.0,160.0,160.5,161.0,6600,10.59,10,5400.0,81.82
VEDAVAAG, 28-Aug-2026,18.9,18.9,18.0,18.33,18.36,18350,3.38,119,15619.0,85.12
VEDL, 28-Aug-2026,283.7,289.5,282.4,287.95,281.0,19438996,55801.01,107450,9359281.0,48.15
VEDPOWER, 28-Aug-2026,37.65,37.75,36.51,36.64,37.5,13250516,4883.9,41648,7149595.0,53.96
VEEDOL, 28-Aug-2026,1499.8,1506.0,1487.7,1496.1,1491.5,4534,67.91,1022,2228.0,49.14
VEEKAYEM, 28-Aug-2026,103.0,103.0,103.0,103.0,98.4,500,0.52,1,500.0,100.0
VENKEYS, 28-Aug-2026,1583.0,1587.3,1565.0,1571.9,1575.6,14290,225.11,1655,7251.0,50.74
VENTIVE, 28-Aug-2026,582.6,590.0,581.55,587.1,583.5,8952,52.52,801,4116.0,45.98
VENUSPIPES, 28-Aug-2026,1655.0,1668.8,1620.0,1634.3,1653.8,65204,1069.99,6852,38205.0,58.59
VERANDA, 28-Aug-2026,242.5,244.0,238.6,240.65,243.55,182964,441.01,2655,93980.0,51.37
VERITAAS, 28-Aug-2026,28.6,31.45,28.6,31.45,30.1,3600,1.06,3,2400.0,66.67
VERTEXPLUS, 28-Aug-2026,49.0,51.45,49.0,51.45,49.0,15000,7.7,4,15000.0,100.0
VERTIS, 28-Aug-2026,115.75,115.75,115.75,115.75,116.0,2125000,2459.69,6,2125000.0,100.0
VESUVIUS, 28-Aug-2026,424.1,428.2,418.3,421.55,422.4,106746,450.13,4463,63037.0,59.05
VGCL, 28-Aug-2026,61.0,62.01,56.57,57.75,59.38,27178,16.09,123,21743.0,80.0
VGINFOTECH, 28-Aug-2026,148.0,149.0,146.25,148.5,147.7,12000,17.7,12,12000.0,100.0
VGL, 28-Aug-2026,57.0,58.99,56.15,58.22,56.85,9637,5.6,173,7574.0,78.59
VGUARD, 28-Aug-2026,330.05,337.95,330.05,333.25,331.5,349373,1168.67,6430,239189.0,68.46
VHL, 28-Aug-2026,3342.1,3525.0,3342.1,3506.9,3392.3,596,20.75,172,413.0,69.3
VIAZ, 28-Aug-2026,70.0,70.0,70.0,70.0,68.0,2000,1.4,1,2000.0,100.0
VICTORYEV, 28-Aug-2026,16.0,16.0,16.0,16.0,16.0,15000,2.4,4,15000.0,100.0
VIDHIING, 28-Aug-2026,352.65,360.0,347.9,355.7,350.1,75581,268.79,2744,50537.0,66.86
VIDYAWIRES, 28-Aug-2026,86.45,90.09,86.37,90.07,85.8,2554647,2288.3,10902,1485218.0,58.14
VIESL, 28-Aug-2026,338.0,355.1,333.5,351.45,330.75,57600,200.77,51,47200.0,81.94
VIGOR, 28-Aug-2026,100.15,100.7,100.15,100.7,103.0,6400,6.42,4,6400.0,100.0
VIJAYA, 28-Aug-2026,1472.4,1479.9,1440.0,1452.5,1472.4,123663,1799.15,16581,62503.0,50.54
VIJAYPD, 28-Aug-2026,69.0,76.05,69.0,72.75,69.95,86000,62.51,39,80000.0,93.02
VIJSOLX, 28-Aug-2026,699.0,699.0,686.25,690.0,696.0,255,1.76,18,253.0,99.22
VIKASECO, 28-Aug-2026,1.15,1.16,1.13,1.14,1.14,1874986,21.58,1291,1357934.0,72.42
VIKASLIFE, 28-Aug-2026,1.36,1.38,1.33,1.35,1.36,2479223,33.56,9597,1549788.0,62.51
VIKRAMSOLR, 28-Aug-2026,172.89,174.49,171.1,172.71,172.01,1282945,2216.45,12861,492161.0,38.36
VIKRAN, 28-Aug-2026,59.52,60.21,59.0,59.39,59.47,921337,547.31,5394,460744.0,50.01
VILAS, 28-Aug-2026,361.9,365.5,358.1,360.95,354.65,6500,23.56,23,5500.0,84.62
VILINBIO, 28-Aug-2026,44.45,44.7,44.45,44.7,42.6,40000,17.84,10,40000.0,100.0
VIMTALABS, 28-Aug-2026,617.8,620.7,612.0,617.7,615.0,67057,413.93,3643,20390.0,30.41
VINATIORGA, 28-Aug-2026,1325.0,1332.8,1322.0,1325.2,1318.4,19076,252.93,1645,12918.0,67.72
VINCOFE, 28-Aug-2026,175.0,181.66,174.11,177.97,174.65,4029164,7190.2,37036,1649681.0,40.94
VINDHYATEL, 28-Aug-2026,2530.0,2595.0,2525.0,2585.5,2530.5,51176,1313.6,6188,20470.0,40.0
VINEETLAB, 28-Aug-2026,40.0,40.0,38.13,38.68,39.01,41952,16.21,590,21361.0,50.92
VINNY, 28-Aug-2026,1.05,1.06,1.04,1.05,1.04,210648,2.22,109,179370.0,85.15
VINSYS, 28-Aug-2026,610.0,610.0,604.0,604.0,607.0,3250,19.76,11,3250.0,100.0
VINYAS, 28-Aug-2026,1549.0,1630.0,1521.1,1573.8,1556.8,8800,139.65,81,5400.0,61.36
VINYLINDIA, 28-Aug-2026,238.0,238.0,232.82,234.25,234.75,4451,10.44,265,2896.0,65.06
VIPCLOTHNG, 28-Aug-2026,20.02,20.77,20.02,20.37,20.38,29428,6.0,167,21965.0,74.64
VIPIND, 28-Aug-2026,302.4,309.3,299.85,305.8,304.3,365257,1112.84,6893,220085.0,60.25
VIRAT, 28-Aug-2026,440.25,474.7,435.95,466.05,442.05,11161,50.82,269,9266.0,83.02
VIRINCHI, 28-Aug-2026,15.5,15.5,14.85,14.98,15.1,66728,10.05,254,45395.0,68.03
VIRTUALG, 28-Aug-2026,0.53,0.54,0.51,0.53,0.51,558395,2.95,283,426363.0,76.36
VISACHROME, 28-Aug-2026,38.0,39.07,37.84,39.07,37.21,159657,61.89,208,147112.0,92.14
VISAKAIND, 28-Aug-2026,91.02,93.5,89.0,89.65,91.02,221890,200.24,3263,134608.0,60.66
VISAMAN, 28-Aug-2026,79.2,79.2,79.2,79.2,83.35,1000,0.79,1,1000.0,100.0
VISDEM, 28-Aug-2026,82.0,90.6,82.0,88.55,82.0,13200,11.49,10,12000.0,90.91
VISHAL, 28-Aug-2026,19.3,19.3,18.5,18.7,18.7,11364,2.13,121,7663.0,67.43
VISHNU, 28-Aug-2026,647.0,656.35,643.6,652.2,647.85,77007,501.54,3048,42652.0,55.39
VISHNUINFR, 28-Aug-2026,156.7,158.8,154.0,154.9,161.35,16500,25.61,29,11000.0,66.67
VISHWARAJ, 28-Aug-2026,5.86,6.24,5.86,6.04,5.92,565540,34.53,1032,300885.0,53.2
VISHWAS, 28-Aug-2026,42.95,42.95,40.2,42.95,40.95,6400,2.66,4,4800.0,75.0
VISL, 28-Aug-2026,38.7,39.59,38.4,38.59,38.85,20299879,7886.47,41697,9659617.0,47.58
VIVIDEL, 28-Aug-2026,1529.95,1583.0,1484.0,1503.7,1533.2,17760,269.8,70,10560.0,59.46
VIVIDHA, 28-Aug-2026,0.52,0.53,0.51,0.52,0.52,118614,0.62,136,99229.0,83.66
VIVOBIOT, 28-Aug-2026,18.98,18.98,17.65,18.11,18.8,13463,2.47,107,12545.0,93.18
VIYASH, 28-Aug-2026,260.0,268.0,256.95,267.4,259.5,7083862,18667.78,46725,3810909.0,53.8
VLINFRA, 28-Aug-2026,27.7,27.7,27.7,27.7,27.7,3000,0.83,2,3000.0,100.0
VLSFINANCE, 28-Aug-2026,251.9,251.9,242.4,243.75,246.25,6675,16.31,229,4487.0,67.22
VMARCIND, 28-Aug-2026,378.55,389.0,374.0,376.0,382.3,169500,644.89,105,106500.0,62.83
VMART, 28-Aug-2026,835.95,841.0,805.2,819.65,836.05,188815,1545.7,17054,101396.0,53.7
VMM, 28-Aug-2026,108.5,108.5,107.0,107.0,108.0,5132761,5517.69,32508,2105801.0,41.03
VMOBILE, 28-Aug-2026,62.25,64.9,62.25,64.9,62.25,1600,1.02,2,800.0,50.0
VMSTMT, 28-Aug-2026,46.5,46.8,45.92,46.05,46.26,20154,9.33,258,14900.0,73.93
VOEPL, 28-Aug-2026,570.0,591.6,556.6,570.65,572.7,181264,1034.43,6155,66006.0,36.41
VOGL, 28-Aug-2026,41.9,42.7,40.12,40.32,41.98,50083778,20586.28,84956,20593200.0,41.12
VOITHPAPR, 28-Aug-2026,1459.8,1459.8,1450.0,1451.7,1459.8,150,2.18,10,100.0,66.67
VOLERCAR, 28-Aug-2026,234.0,234.0,234.0,234.0,226.45,800,1.87,1,800.0,100.0
VOLTAMP, 28-Aug-2026,11218.0,11338.0,11000.0,11038.5,11228.5,19236,2145.69,8259,8564.0,44.52
VOLTAS, 28-Aug-2026,1225.0,1225.0,1195.0,1200.0,1217.5,761300,9158.97,25670,389338.0,51.14
VPRPL, 28-Aug-2026,33.16,33.42,31.8,32.16,32.99,350253,113.89,2035,206293.0,58.9
VRAJ, 28-Aug-2026,127.19,129.49,125.13,125.47,127.19,17793,22.64,600,10115.0,56.85
VRLLOG, 28-Aug-2026,295.0,299.9,292.55,295.95,293.9,268516,795.99,12459,149821.0,55.8
VSSL, 28-Aug-2026,357.0,357.0,346.95,348.55,358.05,68075,238.62,2406,40205.0,59.06
VSTIND, 28-Aug-2026,212.4,212.4,209.5,210.45,211.23,82104,172.74,2523,61496.0,74.9
VSTL, 28-Aug-2026,113.8,113.8,109.05,110.82,112.63,9476,10.52,265,6693.0,70.63
VSTTILLERS, 28-Aug-2026,4455.0,4460.4,4365.1,4381.6,4375.0,6151,269.95,751,4430.0,72.02
VTL, 28-Aug-2026,592.0,598.45,587.5,592.75,594.6,103519,613.94,9165,57346.0,55.4
VTMLTD, 28-Aug-2026,58.39,58.9,56.55,58.2,56.47,86409,49.83,313,70938.0,82.1
WAAREEENER, 28-Aug-2026,2623.9,2650.0,2593.2,2640.0,2624.0,488508,12820.06,31371,145600.0,29.81
WAAREEINDO, 28-Aug-2026,273.45,282.95,269.2,276.25,272.9,107996,297.84,2283,61769.0,57.2
WAAREERTL, 28-Aug-2026,874.8,884.7,870.05,878.7,874.95,171468,1504.94,10783,58825.0,34.31
WABAG, 28-Aug-2026,2133.9,2139.0,2063.0,2086.1,2133.9,644576,13443.76,29893,306364.0,47.53
WAKEFIT, 28-Aug-2026,146.5,151.88,144.05,144.71,147.72,1135910,1692.69,10597,406936.0,35.82
WALCHANNAG, 28-Aug-2026,222.99,224.39,220.62,221.09,222.26,388344,861.34,4368,200488.0,51.63
WALPAR, 28-Aug-2026,27.05,27.05,27.05,27.05,28.45,6000,1.62,3,6000.0,100.0
WANBURY, 28-Aug-2026,255.5,262.0,255.0,257.5,254.65,88873,229.68,2138,40482.0,45.55
WARDINMOBI, 28-Aug-2026,5.99,6.99,5.75,5.87,5.89,399468,23.47,1045,327997.0,82.11
WATERBASE, 28-Aug-2026,48.76,50.99,47.62,49.89,48.76,33531,16.55,327,29814.0,88.91
WCIL, 28-Aug-2026,87.3,87.49,84.92,85.74,87.12,73305,62.98,1048,45799.0,62.48
WEALTH, 28-Aug-2026,860.0,864.85,844.15,848.3,864.15,1274,10.83,147,1171.0,91.92
WEBELSOLAR, 28-Aug-2026,77.3,78.49,76.95,77.84,77.29,1471654,1144.31,12361,887971.0,60.34
WEIZMANIND, 28-Aug-2026,76.0,76.99,74.0,74.09,75.6,1916,1.43,73,1826.0,95.3
WEL, 28-Aug-2026,99.8,99.8,99.8,99.8,124.74,1368633,1365.9,5645,1253033.0,91.55
WELCORP, 28-Aug-2026,2430.0,2443.9,2351.0,2373.8,2405.8,1342665,31992.45,58727,410543.0,30.58
WELENT, 28-Aug-2026,677.0,685.75,661.6,670.3,676.6,398894,2674.67,11743,224279.0,56.23
WELSPLSOL, 28-Aug-2026,54.05,55.0,53.0,53.29,54.03,370412,199.85,2637,192655.0,52.01
WELSPUNLIV, 28-Aug-2026,192.29,195.35,188.99,190.46,192.29,3068541,5874.75,29483,981227.0,31.98
WENDT, 28-Aug-2026,8446.5,8446.5,8191.0,8243.5,8376.0,7022,583.36,1785,4109.0,58.52
WESTLIFE, 28-Aug-2026,567.8,569.7,552.95,555.75,563.25,47269,263.91,3532,21075.0,44.59
WEWIN, 28-Aug-2026,46.0,47.48,45.7,46.81,46.21,2307,1.07,15,2156.0,93.45
WEWORK, 28-Aug-2026,676.95,694.25,667.8,691.6,675.35,203332,1379.12,17506,116311.0,57.2
WHEELS, 28-Aug-2026,1527.0,1613.7,1506.6,1547.7,1516.3,316555,4974.84,22335,145423.0,45.94
WHIRLPOOL, 28-Aug-2026,835.0,835.0,806.1,813.25,841.15,893000,7288.3,27663,176334.0,19.75
WHITEFORCE, 28-Aug-2026,48.6,48.6,45.0,45.5,40.5,6400,3.0,4,4800.0,75.0
WILLAMAGOR, 28-Aug-2026,24.58,26.0,23.62,24.0,24.1,2961,0.71,25,2483.0,83.86
WINDLAS, 28-Aug-2026,990.35,1004.9,978.05,998.55,987.15,33748,334.72,2827,18815.0,55.75
WINDMACHIN, 28-Aug-2026,304.55,308.9,300.0,301.9,303.95,42122,127.43,1520,23882.0,56.7
WINSOL, 28-Aug-2026,125.0,125.0,114.0,117.9,114.5,10000,11.65,20,7600.0,76.0
WIPL, 28-Aug-2026,165.0,167.89,164.0,167.89,163.54,652,1.08,14,625.0,95.86
WIPRO, 28-Aug-2026,178.25,181.85,178.25,180.95,176.4,14686269,26476.12,78138,5526958.0,37.63
WOCKPHARMA, 28-Aug-2026,1976.1,2045.0,1963.1,1977.1,1962.0,1581060,31802.45,78343,545139.0,34.48
WOMANCART, 28-Aug-2026,124.8,124.8,114.0,119.2,119.25,13200,15.81,32,11600.0,87.88
WONDERLA, 28-Aug-2026,546.45,555.0,532.8,537.1,542.25,199353,1087.38,9344,90348.0,45.32
WORTHPERI, 28-Aug-2026,152.66,160.0,152.66,159.55,153.38,9269,14.49,583,3074.0,33.16
WPIL, 28-Aug-2026,448.6,454.95,441.25,447.75,448.65,19718,88.48,1145,8424.0,42.72
WSI, 28-Aug-2026,61.16,62.99,59.27,61.86,60.2,117829,72.24,3436,18773.0,15.93
WSTCSTPAPR, 28-Aug-2026,611.7,617.9,605.0,612.5,606.85,163884,1002.81,8940,92991.0,56.74
WTICAB, 28-Aug-2026,103.0,107.9,102.8,107.4,102.8,7500,7.82,13,7500.0,100.0
XCHANGING, 28-Aug-2026,61.01,61.83,60.91,61.38,61.29,30996,19.01,536,21054.0,67.92
XELPMOC, 28-Aug-2026,83.45,83.45,81.05,81.64,81.09,5212,4.27,100,3947.0,75.73
XPROINDIA, 28-Aug-2026,1141.9,1149.4,1131.9,1139.4,1137.1,60756,691.8,2665,45517.0,74.92
XTGLOBAL, 28-Aug-2026,29.99,33.54,29.83,32.16,29.88,574198,185.63,5423,275753.0,48.02
XTRANET, 28-Aug-2026,165.0,197.11,163.0,197.11,164.26,5428284,10193.89,40068,1543646.0,28.44
YAAP, 28-Aug-2026,139.0,139.0,130.0,130.0,129.95,12000,15.87,11,10000.0,83.33
YASHO, 28-Aug-2026,4341.7,4450.0,4304.1,4338.8,4341.7,16813,731.51,4335,6259.0,37.23
YASHOPTICS, 28-Aug-2026,117.3,117.3,117.3,117.3,118.0,800,0.94,1,800.0,100.0
YATHARTH, 28-Aug-2026,979.0,1024.85,956.3,967.4,973.05,1376658,13735.96,49615,456927.0,33.19
YATRA, 28-Aug-2026,108.34,111.75,105.49,109.82,107.81,1574744,1700.26,10536,571004.0,36.26
YESBANK, 28-Aug-2026,22.31,22.36,22.01,22.1,22.26,63531708,14060.71,64302,38053411.0,59.9
YOGI, 28-Aug-2026,165.4,165.4,165.4,165.4,165.38,513,0.85,6,513.0,100.0
YUDIZ, 28-Aug-2026,23.85,23.85,23.85,23.85,24.8,800,0.19,1,800.0,100.0
YUKEN, 28-Aug-2026,937.25,1004.4,930.25,993.4,928.7,43929,432.44,2616,21964.0,50.0
ZAGGLE, 28-Aug-2026,189.43,193.4,188.4,190.26,189.43,1160425,2214.0,13342,320073.0,27.58
ZEEL, 28-Aug-2026,105.2,106.24,100.85,101.51,103.98,20423986,21015.92,63664,6963494.0,34.09
ZEEMEDIA, 28-Aug-2026,8.65,9.2,8.65,8.93,8.61,4361082,390.49,6650,1697909.0,38.93
ZENITHDRUG, 28-Aug-2026,41.25,45.6,41.25,44.35,41.2,12000,5.15,15,8800.0,73.33
ZENITHEXPO, 28-Aug-2026,214.78,214.78,214.78,214.78,214.78,1,0.0,1,1.0,100.0
ZENITHSTL, 28-Aug-2026,5.41,5.54,5.35,5.37,5.4,98522,5.38,193,91191.0,92.56
ZENSARTECH, 28-Aug-2026,465.8,475.0,464.35,470.6,463.75,1834114,8639.98,40028,844758.0,46.06
ZENTEC, 28-Aug-2026,1825.0,1837.0,1805.3,1820.1,1825.6,221628,4035.59,17633,99183.0,44.75
ZFCVINDIA, 28-Aug-2026,2592.0,2592.0,2541.2,2568.0,2570.5,70679,1812.56,18533,43537.0,61.6
ZFSTEERING, 28-Aug-2026,682.0,682.0,666.05,670.95,671.25,4947,33.31,174,3356.0,67.84
ZIMLAB, 28-Aug-2026,122.21,126.99,122.2,125.46,125.21,43488,54.31,1101,27838.0,64.01
ZODIAC, 28-Aug-2026,245.0,251.9,243.35,247.25,245.8,11449,28.39,551,6322.0,55.22
ZODIACLOTH, 28-Aug-2026,73.0,77.14,73.0,73.19,72.63,5896,4.41,122,4279.0,72.57
ZOTA, 28-Aug-2026,1081.3,1103.4,1072.0,1082.7,1081.3,158966,1722.67,6395,107804.0,67.82
ZSARACOM, 28-Aug-2026,10991.0,11000.0,10991.0,10991.0,11046.0,11,1.21,10,8.0,72.73
ZTECH, 28-Aug-2026,484.05,484.05,471.0,473.65,477.6,16800,79.97,32,15600.0,92.86
ZUARI, 28-Aug-2026,231.1,243.5,230.32,240.76,230.83,408824,980.88,6960,172812.0,42.27
ZUARIIND, 28-Aug-2026,270.3,280.0,270.3,272.95,270.85,67186,185.09,1780,36137.0,53.79
ZYDUSLIFE, 28-Aug-2026,1190.0,1198.9,1170.6,1191.0,1189.2,1291738,15245.16,26489,687797.0,53.25
ZYDUSWELL, 28-Aug-2026,535.2,541.55,525.1,526.55,535.2,171032,911.27,10624,64495.0,37.71
