SYMBOL,DATE1,OPEN_PRICE,HIGH_PRICE,LOW_PRICE,CLOSE_PRICE,PREV_CLOSE,TTL_TRD_QNTY,TURNOVER_LACS,NO_OF_TRADES,DELIV_QTY,DELIV_PER
20MICRONS, 10-Sep-2026,219.48,220.9,210.73,211.87,218.06,115259,246.91,3336,69009.0,59.87
21STCENMGM, 10-Sep-2026,39.19,39.55,38.21,38.97,38.8,2643,1.03,52,1850.0,70.0
360ONE, 10-Sep-2026,1087.0,1104.4,1076.6,1094.9,1087.4,839166,9194.19,49577,519088.0,61.86
3BBLACKBIO, 10-Sep-2026,1494.6,1494.6,1431.0,1443.3,1476.1,13603,198.73,1993,7063.0,51.92
3MINDIA, 10-Sep-2026,32750.0,33330.0,32490.0,32800.0,33025.0,1403,461.66,900,346.0,24.66
3PLAND, 10-Sep-2026,32.5,32.5,31.56,32.0,32.25,1053,0.34,88,780.0,74.07
574GS2026, 10-Sep-2026,98.67,101.95,98.67,101.95,101.21,6,0.01,2,6.0,100.0
5PAISA, 10-Sep-2026,333.75,338.95,328.3,332.5,334.3,28304,94.17,1765,13151.0,46.46
603GS2029, 10-Sep-2026,99.0,99.0,99.0,99.0,100.1,100,0.1,1,100.0,100.0
610GS2031, 10-Sep-2026,99.99,99.99,99.99,99.99,99.99,1,0.0,1,1.0,100.0
633GS2035, 10-Sep-2026,99.02,99.02,99.02,99.02,99.0,3,0.0,1,3.0,100.0
636GS2031, 10-Sep-2026,99.11,99.11,99.0,99.0,99.0,89,0.09,3,89.0,100.0
63MOONS, 10-Sep-2026,873.5,912.0,871.0,886.35,865.05,841520,7555.53,33119,262292.0,31.17
645GS2029, 10-Sep-2026,101.6,101.6,101.6,101.6,101.36,112,0.11,2,112.0,100.0
648GS2035, 10-Sep-2026,100.19,100.2,100.0,100.0,101.2,3162,3.17,5,3162.0,100.0
654GS2032, 10-Sep-2026,100.01,100.52,100.0,100.0,100.25,36181,36.37,3,36091.0,99.75
664GS2027, 10-Sep-2026,101.8,101.8,101.8,101.8,101.2,3510,3.57,1,3510.0,100.0
667GS2035, 10-Sep-2026,101.0,101.0,101.0,101.0,100.0,12,0.01,1,12.0,100.0
667GS2050, 10-Sep-2026,92.65,92.65,92.65,92.65,92.6,10,0.01,1,10.0,100.0
668GS2033, 10-Sep-2026,100.4,100.4,100.4,100.4,99.0,1000,1.0,1,1000.0,100.0
668GS2040, 10-Sep-2026,98.0,98.0,97.86,97.86,97.98,45656,44.68,2,45656.0,100.0
676GS2061, 10-Sep-2026,90.8,90.8,90.26,90.26,90.23,16233,14.66,18,16232.0,99.99
679GS2034, 10-Sep-2026,101.0,101.0,101.0,101.0,102.5,150,0.15,1,150.0,100.0
679GS2034A, 10-Sep-2026,97.99,100.02,97.99,100.02,99.99,200,0.2,2,199.0,99.5
690GS2065, 10-Sep-2026,93.59,93.59,93.1,93.1,93.39,2371,2.21,7,2371.0,100.0
694GS2036, 10-Sep-2026,101.56,102.98,101.56,102.28,103.08,301,0.31,4,300.0,99.67
695GS2061, 10-Sep-2026,93.8,93.8,93.8,93.8,93.89,214,0.2,5,214.0,100.0
697GR2034, 10-Sep-2026,98.0,98.0,98.0,98.0,98.0,375,0.37,1,375.0,100.0
699GS2051, 10-Sep-2026,96.0,96.0,94.31,94.5,96.3,105,0.1,13,56.0,53.33
702GS2027, 10-Sep-2026,102.01,102.01,102.01,102.01,102.15,1100,1.12,2,1100.0,100.0
702GS2031, 10-Sep-2026,102.1,102.1,102.0,102.0,101.71,890,0.91,2,890.0,100.0
704GS2029, 10-Sep-2026,102.75,103.0,102.75,103.0,101.19,60,0.06,2,60.0,100.0
706GS2028, 10-Sep-2026,103.56,103.56,103.56,103.56,103.6,500,0.52,1,500.0,100.0
706GS2041, 10-Sep-2026,101.0,101.0,99.99,99.99,100.2,200,0.2,4,200.0,100.0
709GS2054, 10-Sep-2026,96.49,96.49,95.0,95.36,95.15,11463,10.99,18,11340.0,98.93
709GS2074, 10-Sep-2026,95.3,95.3,94.75,94.77,95.3,16585,15.77,42,16585.0,100.0
710GS2029, 10-Sep-2026,104.4,104.4,104.4,104.4,104.1,4584,4.79,1,4584.0,100.0
716GS2050, 10-Sep-2026,97.21,97.21,97.21,97.21,102.0,1,0.0,1,1.0,100.0
717GS2030, 10-Sep-2026,103.5,103.5,103.46,103.46,103.55,1220,1.26,5,1220.0,100.0
718GS2033, 10-Sep-2026,103.0,103.0,102.0,103.0,101.97,131,0.13,3,131.0,100.0
718GS2037, 10-Sep-2026,103.95,103.95,101.66,102.45,101.99,19313,19.76,37,18113.0,93.79
724GS2055, 10-Sep-2026,96.73,97.0,96.0,96.61,96.74,41783,40.42,48,41782.0,100.0
725GS2063, 10-Sep-2026,96.78,97.19,96.7,96.75,96.85,56757,54.95,55,56755.0,100.0
726GS2032, 10-Sep-2026,103.2,103.2,102.95,102.95,102.65,21620,22.27,15,21620.0,100.0
733GS2026, 10-Sep-2026,101.29,102.31,101.29,102.31,102.31,530,0.54,6,430.0,81.13
734GS2064, 10-Sep-2026,99.07,99.07,98.5,98.71,98.76,33790,33.37,45,33789.0,100.0
736GS2052, 10-Sep-2026,101.48,101.48,101.48,101.48,102.5,31,0.03,2,31.0,100.0
737GS2028, 10-Sep-2026,104.27,104.27,104.27,104.27,104.21,100,0.1,1,100.0,100.0
738GS2027, 10-Sep-2026,102.64,102.95,102.51,102.57,102.64,31100,31.9,14,31100.0,100.0
73GS2053, 10-Sep-2026,98.81,99.05,98.81,99.05,98.81,31763,31.44,23,31763.0,100.0
741GS2036, 10-Sep-2026,105.1,105.2,104.8,104.8,104.7,6938,7.28,17,6069.0,87.47
743GS2076, 10-Sep-2026,99.25,99.48,98.16,98.3,98.98,857146,844.83,880,855030.0,99.75
746GS2073, 10-Sep-2026,102.99,102.99,101.25,101.25,101.99,22904,23.19,9,22903.0,100.0
74GS2062, 10-Sep-2026,102.5,102.5,102.5,102.5,102.25,7,0.01,2,7.0,100.0
750GS2056, 10-Sep-2026,102.0,103.0,102.0,103.0,103.0,301,0.31,3,301.0,100.0
754GS2036, 10-Sep-2026,106.08,106.16,105.81,106.02,106.14,197464,209.36,125,186729.0,94.56
75GS2034, 10-Sep-2026,103.96,103.96,103.96,103.96,103.93,845,0.88,1,845.0,100.0
771GS2066, 10-Sep-2026,103.75,103.75,102.85,102.94,103.35,80720,83.26,71,78670.0,97.46
824GS2027, 10-Sep-2026,102.0,102.0,101.59,101.59,101.65,50004,50.8,3,50004.0,100.0
826GS2027, 10-Sep-2026,103.0,103.0,103.0,103.0,103.0,6,0.01,1,6.0,100.0
828GS2032, 10-Sep-2026,107.6,107.6,107.6,107.6,107.97,1001,1.08,2,1001.0,100.0
897GS2030, 10-Sep-2026,109.66,109.66,109.66,109.66,112.5,50,0.05,1,50.0,100.0
92GS2030, 10-Sep-2026,115.5,115.6,114.06,114.06,116.4,24152,27.9,8,24152.0,100.0
A2ZINFRA, 10-Sep-2026,15.5,15.5,14.85,14.92,15.25,263345,39.66,455,195123.0,74.09
AAATECH, 10-Sep-2026,92.97,94.5,91.02,92.77,91.86,10673,9.86,197,4379.0,41.03
AADHARHFC, 10-Sep-2026,471.9,474.85,460.25,462.7,471.9,418935,1946.63,16468,284560.0,67.92
AAKAAR, 10-Sep-2026,63.0,63.5,63.0,63.0,63.0,8000,5.05,3,8000.0,100.0
AAKASH, 10-Sep-2026,8.5,9.98,8.31,9.14,8.49,795578,73.28,1266,431780.0,54.27
AARADHYA, 10-Sep-2026,140.95,140.95,140.95,140.95,134.25,67200,94.72,37,64800.0,96.43
AAREYDRUGS, 10-Sep-2026,101.29,101.29,94.99,95.71,99.98,98928,96.11,1725,54073.0,54.66
AARON, 10-Sep-2026,136.0,142.0,132.1,136.95,134.5,14071,19.46,543,8555.0,60.8
AARTIDRUGS, 10-Sep-2026,426.25,439.4,422.35,437.0,423.45,254738,1109.37,8845,122413.0,48.05
AARTIIND, 10-Sep-2026,496.2,511.95,495.45,504.05,496.2,589520,2973.56,23664,230069.0,39.03
AARTIPHARM, 10-Sep-2026,836.0,839.0,814.0,825.75,829.65,285444,2349.57,22019,112949.0,39.57
AARVI, 10-Sep-2026,142.45,143.7,142.0,143.11,142.04,4118,5.88,120,3126.0,75.91
AASTHA, 10-Sep-2026,81.41,81.41,78.8,79.29,81.46,263315,209.98,1509,190798.0,72.46
AATMAJ, 10-Sep-2026,19.7,19.7,18.15,18.15,19.7,4000,0.76,2,4000.0,100.0
AAVAS, 10-Sep-2026,1287.0,1302.9,1277.2,1286.1,1290.3,69794,900.64,11715,36119.0,51.75
ABANSENT, 10-Sep-2026,27.99,29.0,27.51,27.78,27.99,12639,3.55,124,3579.0,28.32
ABB, 10-Sep-2026,7400.0,7418.5,7287.0,7329.0,7401.5,93304,6849.02,16900,47279.0,50.67
ABBOTINDIA, 10-Sep-2026,25245.0,25395.0,25205.0,25260.0,25225.0,7222,1825.92,3476,3716.0,51.45
ABCAPITAL, 10-Sep-2026,398.0,402.05,395.85,400.0,400.0,1395209,5562.39,23630,669611.0,47.99
ABCOTS, 10-Sep-2026,205.0,206.64,200.1,205.55,205.71,5619,11.44,206,3472.0,61.79
ABDL, 10-Sep-2026,603.0,613.7,598.4,611.45,604.15,300853,1829.8,12497,149144.0,49.57
ABFRL, 10-Sep-2026,51.35,51.82,50.75,50.89,51.33,2526835,1295.51,14209,1235021.0,48.88
ABGSEC, 10-Sep-2026,113.96,114.4,113.96,113.96,114.17,15,0.02,6,14.0,93.33
ABH, 10-Sep-2026,65.85,69.25,65.85,65.95,69.3,714000,471.2,232,700800.0,98.15
ABHAPOWER, 10-Sep-2026,24.5,24.5,24.0,24.0,24.5,8000,1.93,4,8000.0,100.0
ABLBL, 10-Sep-2026,84.2,85.05,83.51,84.0,84.26,410335,345.42,5271,240009.0,58.49
ABMKNO, 10-Sep-2026,181.01,182.0,181.01,181.35,180.73,220,0.4,9,195.0,88.64
ABREL, 10-Sep-2026,1345.9,1346.0,1323.1,1337.4,1337.9,47082,627.72,5672,19132.0,40.64
ABSL10BANK, 10-Sep-2026,165.34,165.46,165.0,165.0,165.01,1768,2.92,16,1757.0,99.38
ABSLAMC, 10-Sep-2026,1063.0,1098.9,1042.3,1088.5,1066.5,371848,4011.31,27296,170417.0,45.83
ABSLBANETF, 10-Sep-2026,58.13,58.13,57.7,57.76,58.0,224185,129.78,426,202900.0,90.51
ABSLLIQUID, 10-Sep-2026,999.99,1000.01,999.99,1000.0,999.99,3130,31.3,21,2029.0,64.82
ABSLMSCIN, 10-Sep-2026,29.12,29.12,28.9,28.93,29.19,154,0.04,18,154.0,100.0
ABSLNN50ET, 10-Sep-2026,76.8,77.51,76.31,76.61,76.8,7701,5.9,179,5833.0,75.74
ABSLPSE, 10-Sep-2026,10.39,10.39,10.1,10.14,10.19,29732,3.03,328,16748.0,56.33
ABSMARINE, 10-Sep-2026,322.0,326.0,314.0,319.45,320.15,50500,161.02,89,28500.0,56.44
ACC, 10-Sep-2026,1259.2,1260.3,1250.1,1254.3,1257.7,110068,1381.49,11918,59910.0,54.43
ACCELYA, 10-Sep-2026,1114.4,1128.8,1110.0,1118.1,1119.9,5259,58.81,509,3579.0,68.05
ACCENTMIC, 10-Sep-2026,694.05,714.0,688.0,706.9,694.05,105500,742.55,165,62500.0,59.24
ACCPL, 10-Sep-2026,201.55,210.0,201.55,210.0,202.0,6000,12.4,5,6000.0,100.0
ACE, 10-Sep-2026,1132.0,1137.5,1112.4,1121.2,1127.0,182048,2048.36,17101,83144.0,45.67
ACEINTEG, 10-Sep-2026,18.39,18.39,17.56,17.89,17.54,2437,0.43,49,1929.0,79.15
ACETEC, 10-Sep-2026,144.0,144.0,142.0,144.0,146.0,7200,10.31,6,6000.0,83.33
ACGL, 10-Sep-2026,1766.5,1795.1,1750.0,1754.6,1795.1,764,13.43,189,619.0,81.02
ACI, 10-Sep-2026,484.1,485.2,478.15,480.55,481.25,159627,768.51,7184,93763.0,58.74
ACL, 10-Sep-2026,43.15,43.8,42.3,42.68,43.21,8422,3.61,203,6261.0,74.34
ACMESOLAR, 10-Sep-2026,396.3,401.95,392.75,397.25,401.6,743888,2950.99,21200,344523.0,46.31
ACTIVEINFR, 10-Sep-2026,181.1,181.1,170.0,170.0,176.35,5400,9.65,2,5400.0,100.0
ACUTAAS, 10-Sep-2026,3241.8,3464.0,3220.0,3451.4,3241.8,1000453,34165.8,89033,342967.0,34.28
ADANIENSOL, 10-Sep-2026,1439.4,1439.4,1382.1,1391.9,1423.3,1412618,19807.62,43355,617267.0,43.7
ADANIENT, 10-Sep-2026,3114.5,3114.5,3041.1,3077.2,3104.7,1716315,52794.47,68558,670265.0,39.05
ADANIGREEN, 10-Sep-2026,1322.0,1322.0,1292.0,1299.1,1315.0,1163355,15180.23,26271,442052.0,38.0
ADANIPORTS, 10-Sep-2026,1779.9,1780.0,1750.4,1768.0,1775.0,2777377,49058.6,109104,1788095.0,64.38
ADANIPOWER, 10-Sep-2026,214.5,215.28,212.5,213.5,214.9,18719604,40070.56,73718,9660498.0,51.61
ADDICTIVE, 10-Sep-2026,43.15,45.25,43.15,45.25,43.1,6000,2.7,8,6000.0,100.0
ADDIND, 10-Sep-2026,79.0,82.0,72.0,74.83,79.0,3924,2.89,66,3688.0,93.99
ADFFOODS, 10-Sep-2026,278.0,278.0,270.55,274.05,278.2,72441,198.43,2258,27109.0,37.42
ADISOFT, 10-Sep-2026,252.5,258.0,236.05,243.15,245.6,139200,343.95,158,98400.0,70.69
ADL, 10-Sep-2026,73.6,73.6,71.16,71.27,71.84,610,0.44,19,584.0,95.74
ADOR, 10-Sep-2026,1635.4,1641.2,1610.0,1623.4,1628.2,20760,336.93,2914,12431.0,59.88
ADROITINFO, 10-Sep-2026,11.35,11.35,10.68,10.87,10.98,59921,6.64,400,41096.0,68.58
ADSL, 10-Sep-2026,99.52,101.49,97.5,98.54,99.68,91385,90.98,1825,43101.0,47.16
ADVAIT, 10-Sep-2026,2082.7,2105.9,2036.0,2057.6,2091.7,39928,826.12,5376,18457.0,46.23
ADVANCE, 10-Sep-2026,114.5,123.38,113.85,119.03,113.85,447365,534.44,4480,179189.0,40.05
ADVANIHOTR, 10-Sep-2026,48.15,49.48,48.0,48.43,48.74,24668,11.95,487,17967.0,72.84
ADVENTHTL, 10-Sep-2026,130.9,133.0,129.05,132.39,130.32,70220,92.21,1697,37321.0,53.15
ADVENZYMES, 10-Sep-2026,299.35,311.0,298.8,303.35,299.5,461639,1406.77,11547,230004.0,49.82
ADVIKCA, 10-Sep-2026,1.08,1.09,1.04,1.04,1.07,299553,3.17,330,271247.0,90.55
AEGISLOG, 10-Sep-2026,1351.2,1385.0,1301.0,1307.6,1343.4,1152343,15377.65,56125,396313.0,34.39
AEGISVOPAK, 10-Sep-2026,299.15,300.7,289.25,291.85,297.65,693995,2048.7,16399,289069.0,41.65
AEPL, 10-Sep-2026,17.5,18.25,17.1,17.56,16.99,36236,6.41,250,25016.0,69.04
AEQUS, 10-Sep-2026,230.46,235.2,228.52,229.96,230.55,1702460,3944.51,27276,594153.0,34.9
AEROENTER, 10-Sep-2026,143.32,147.04,132.41,135.01,142.95,1779021,2436.11,21772,694956.0,39.06
AEROFLEX, 10-Sep-2026,560.0,568.1,548.1,564.2,561.15,940236,5260.34,26201,300073.0,31.91
AERON, 10-Sep-2026,84.0,85.0,82.0,85.0,85.55,8000,6.68,8,5000.0,62.5
AERONEU, 10-Sep-2026,75.0,75.0,69.9,70.03,70.41,99364,70.84,528,79731.0,80.24
AEROPLANE, 10-Sep-2026,201.8,209.44,200.1,206.9,199.47,1976088,4105.59,16577,847002.0,42.86
AESTHETIK, 10-Sep-2026,69.05,69.05,69.05,69.05,71.0,2000,1.38,1,2000.0,100.0
AETHER, 10-Sep-2026,1620.8,1662.5,1586.4,1640.3,1610.9,349496,5689.98,43290,145133.0,41.53
AFCONS, 10-Sep-2026,273.0,275.45,259.6,260.85,274.15,3868242,10250.61,34082,2818800.0,72.87
AFFLE, 10-Sep-2026,1581.4,1617.0,1579.8,1594.0,1587.3,141274,2259.05,16269,55581.0,39.34
AFFORDABLE, 10-Sep-2026,161.94,165.19,160.5,162.34,161.71,29015,47.36,906,15714.0,54.16
AFIL, 10-Sep-2026,9.1,9.19,8.67,8.94,9.01,519018,46.57,443,458774.0,88.39
AFSL, 10-Sep-2026,201.51,203.12,201.0,201.27,201.21,4088,8.23,104,3179.0,77.76
AGARIND, 10-Sep-2026,446.55,447.1,430.6,433.85,447.25,37587,165.13,2083,24143.0,64.23
AGARWALEYE, 10-Sep-2026,513.7,516.8,500.2,508.35,513.7,154967,789.61,4651,117266.0,75.67
AGARWALFT, 10-Sep-2026,26.7,26.7,26.7,26.7,28.1,1500,0.4,1,1500.0,100.0
AGARWALTUF, 10-Sep-2026,152.1,155.0,152.0,152.3,155.95,12000,18.34,10,6000.0,50.0
AGI, 10-Sep-2026,800.0,801.6,761.0,778.05,796.15,203446,1583.68,14810,89121.0,43.81
AGIIL, 10-Sep-2026,289.0,292.8,275.55,276.7,283.2,1376698,3908.1,20834,328084.0,23.83
AGL, 10-Sep-2026,15.85,16.1,15.05,15.51,15.55,3759448,584.76,7346,1019022.0,27.11
AGNI, 10-Sep-2026,16.5,16.5,16.5,16.5,16.5,7500,1.24,3,7500.0,100.0
AGRITECH, 10-Sep-2026,100.9,100.9,96.65,99.08,98.25,3421,3.39,120,2318.0,67.76
AGROPHOS, 10-Sep-2026,21.99,23.84,21.5,23.37,21.72,84181,18.96,734,64120.0,76.17
AHCL, 10-Sep-2026,16.41,18.0,16.05,17.54,16.28,31629564,5450.43,42449,8483925.0,26.82
AHLADA, 10-Sep-2026,35.41,36.32,35.21,35.29,35.48,8683,3.08,111,6598.0,75.99
AHLEAST, 10-Sep-2026,137.06,137.99,135.22,135.85,137.08,548,0.75,34,371.0,67.7
AHLUCONT, 10-Sep-2026,599.0,599.95,590.1,592.3,596.15,34728,206.33,3250,18839.0,54.25
AIAENG, 10-Sep-2026,4183.9,4184.2,4102.1,4116.3,4172.1,27226,1124.77,8083,14034.0,51.55
AIIL, 10-Sep-2026,514.7,517.3,511.0,512.3,513.95,68818,353.68,6389,29524.0,42.9
AILIMITED, 10-Sep-2026,21.95,22.2,20.1,20.1,21.15,24000,5.18,7,24000.0,100.0
AIMTRON, 10-Sep-2026,1678.7,1775.95,1657.0,1748.55,1656.35,72200,1254.49,329,37800.0,52.35
AIRAN, 10-Sep-2026,17.94,18.05,16.88,17.04,17.66,200063,35.07,898,151005.0,75.48
AIROLAM, 10-Sep-2026,87.0,88.5,84.11,85.37,87.97,2260,1.94,104,1898.0,83.98
AISL, 10-Sep-2026,55.1,57.5,55.1,57.5,58.0,1800,1.01,3,1800.0,100.0
AJANTPHARM, 10-Sep-2026,3515.0,3550.0,3480.0,3520.0,3534.4,20445,717.54,4962,6524.0,31.91
AJAXENGG, 10-Sep-2026,580.05,595.0,575.3,589.5,578.05,58801,345.08,6396,34308.0,58.35
AJMERA, 10-Sep-2026,116.51,120.95,116.25,118.74,117.12,614428,729.13,6828,209998.0,34.18
AJOONI, 10-Sep-2026,3.5,3.57,3.44,3.5,3.5,279132,9.74,439,187975.0,67.34
AKANKSHA, 10-Sep-2026,133.5,133.5,131.0,131.0,135.0,5000,6.61,5,5000.0,100.0
AKASH, 10-Sep-2026,25.4,25.4,24.75,24.88,25.45,2847,0.71,45,2839.0,99.72
AKCAPIT, 10-Sep-2026,1727.7,1736.0,1676.0,1702.5,1691.6,1610,27.67,193,1244.0,77.27
AKG, 10-Sep-2026,10.7,10.75,10.05,10.73,10.52,59083,6.28,323,53302.0,90.22
AKIKO, 10-Sep-2026,438.95,438.95,429.0,430.0,430.0,8800,37.94,11,6400.0,72.73
AKSHAR, 10-Sep-2026,0.42,0.43,0.41,0.42,0.41,917541,3.88,240,695195.0,75.77
AKUMS, 10-Sep-2026,741.1,755.1,740.35,749.65,741.1,289465,2172.44,42931,171702.0,59.32
ALANKIT, 10-Sep-2026,8.18,8.22,7.9,8.01,8.02,82978,6.69,458,61750.0,74.42
ALBERTDAVD, 10-Sep-2026,855.15,861.0,838.6,850.0,850.55,1634,13.94,201,1157.0,70.81
ALCODIS, 10-Sep-2026,68.0,68.0,68.0,68.0,68.5,625,0.43,1,625.0,100.0
ALEMBICLTD, 10-Sep-2026,106.1,109.9,105.55,106.5,106.95,819704,881.88,8489,375283.0,45.78
ALGOQUANT, 10-Sep-2026,63.79,66.95,63.5,63.94,63.79,1336644,866.61,3987,439063.0,32.85
ALICON, 10-Sep-2026,745.0,763.9,735.0,740.6,737.65,53814,401.66,3866,26291.0,48.86
ALIVUS, 10-Sep-2026,1407.2,1414.3,1381.5,1390.2,1400.1,72284,1005.85,8140,33680.0,46.59
ALKALI, 10-Sep-2026,83.75,84.0,78.11,79.19,85.21,36492,29.43,765,19763.0,54.16
ALKEM, 10-Sep-2026,5166.0,5185.0,5104.5,5138.0,5139.0,41390,2123.68,7361,26167.0,63.22
ALKYLAMINE, 10-Sep-2026,1946.0,1963.8,1910.0,1920.3,1944.4,56790,1095.93,9421,24812.0,43.69
ALLCARGO, 10-Sep-2026,12.8,12.84,12.08,12.26,12.75,11337840,1416.08,12260,3884959.0,34.27
ALLDIGI, 10-Sep-2026,806.8,810.7,800.0,802.7,802.7,3897,31.33,363,2727.0,69.98
ALLETEC, 10-Sep-2026,129.0,136.5,129.0,134.25,128.55,14800,19.78,29,12000.0,81.08
ALLTIME, 10-Sep-2026,214.93,214.93,209.06,210.16,213.54,29906,63.33,900,15788.0,52.79
ALMONDZ, 10-Sep-2026,19.42,19.85,19.32,19.54,19.0,292639,57.42,691,215132.0,73.51
ALOKINDS, 10-Sep-2026,7.58,7.66,7.35,7.4,7.41,21813064,1623.78,15187,7300773.0,33.47
ALPA, 10-Sep-2026,63.24,64.02,62.19,62.62,63.24,8797,5.52,125,6508.0,73.98
ALPEXSOLAR, 10-Sep-2026,932.0,932.0,895.0,898.9,920.75,30700,278.53,234,23600.0,76.87
ALPHA, 10-Sep-2026,54.22,54.49,54.05,54.27,54.22,538298,292.26,2231,321690.0,59.76
ALPHAETF, 10-Sep-2026,27.14,27.14,26.56,26.57,26.84,227031,60.53,746,151543.0,66.75
ALPINETEX, 10-Sep-2026,59.63,60.0,57.22,58.22,59.63,125778,73.68,1419,69031.0,54.88
ALPL30IETF, 10-Sep-2026,27.47,27.49,27.2,27.37,27.51,222030,60.79,862,134934.0,60.77
ALUFLUOR, 10-Sep-2026,503.05,505.0,495.1,497.15,500.1,2392,11.97,163,1815.0,75.88
ALUWIND, 10-Sep-2026,46.5,47.8,45.5,47.75,48.65,16500,7.72,11,12000.0,72.73
AMAGI, 10-Sep-2026,580.05,581.35,568.0,572.05,583.75,165269,947.18,8443,66719.0,40.37
AMAL, 10-Sep-2026,742.0,765.0,742.0,760.6,740.8,6250,47.35,540,3555.0,56.88
AMARJOTHI, 10-Sep-2026,158.0,162.0,150.0,152.36,160.05,7568,11.66,142,6627.0,87.57
AMBAAUTO, 10-Sep-2026,106.0,106.75,103.1,104.0,106.0,18000,18.9,9,16000.0,88.89
AMBANIORGO, 10-Sep-2026,115.5,115.5,115.5,115.5,115.5,2000,2.31,2,2000.0,100.0
AMBER, 10-Sep-2026,7202.5,7309.0,7183.0,7280.0,7210.0,96213,6975.87,12222,30470.0,31.67
AMBICAAGAR, 10-Sep-2026,25.25,26.36,25.02,25.49,25.05,35462,9.05,261,11181.0,31.53
AMBIKCO, 10-Sep-2026,1617.2,1628.0,1603.1,1606.9,1617.2,7441,120.07,1029,4531.0,60.89
AMBUJACEM, 10-Sep-2026,395.5,397.55,394.05,395.6,397.0,1427859,5651.62,19749,712221.0,49.88
AMCL, 10-Sep-2026,370.0,370.0,370.0,370.0,360.05,1200,4.44,1,1200.0,100.0
AMDIND, 10-Sep-2026,57.4,58.09,56.0,56.04,56.57,15155,8.6,348,10759.0,70.99
AMEYA, 10-Sep-2026,118.95,119.7,114.4,115.25,114.0,24000,28.39,23,21000.0,87.5
AMJLAND, 10-Sep-2026,38.5,39.37,38.05,38.32,38.98,10983,4.23,129,7456.0,67.89
AMNPLST, 10-Sep-2026,172.8,173.6,167.0,167.92,167.99,3607,6.09,128,1511.0,41.89
AMRUTANJAN, 10-Sep-2026,504.0,508.5,492.2,493.25,504.0,53900,267.86,3545,30178.0,55.99
ANANDRATHI, 10-Sep-2026,2189.7,2210.9,2155.0,2202.5,2180.6,473429,10303.27,39782,268153.0,56.64
ANANTAM, 10-Sep-2026,106.98,106.98,106.08,106.9,106.98,1670,1.78,46,1641.0,98.26
ANANTRAJ, 10-Sep-2026,610.05,615.95,605.3,608.85,613.6,1181722,7194.47,27960,529116.0,44.77
ANAWIL, 10-Sep-2026,424.85,473.4,415.7,465.05,415.25,565600,2511.85,1217,312000.0,55.16
ANDHRAPAP, 10-Sep-2026,67.9,73.52,67.55,72.58,68.08,4500334,3221.57,33636,510924.0,11.35
ANDHRSUGAR, 10-Sep-2026,97.75,98.5,96.11,96.5,97.75,221478,215.16,2647,121831.0,55.01
ANDREWYU, 10-Sep-2026,26.73,27.19,26.55,26.77,26.73,35796,9.61,307,24773.0,69.21
ANGELONE, 10-Sep-2026,297.0,301.35,296.15,297.3,299.05,2559910,7654.07,25153,937589.0,36.63
ANIKINDS, 10-Sep-2026,44.21,44.9,44.09,44.39,44.72,2353,1.05,34,1882.0,79.98
ANLON, 10-Sep-2026,652.0,665.0,652.0,665.0,647.0,2000,13.11,5,1600.0,80.0
ANMOL, 10-Sep-2026,13.7,15.55,12.56,15.34,13.63,1844371,269.8,6827,755772.0,40.98
ANNAPURNA, 10-Sep-2026,137.68,139.75,134.05,135.03,137.68,39912,54.58,652,23262.0,58.28
ANOND-RE, 10-Sep-2026,143.0,156.0,128.6,146.25,170.0,16460,22.75,271,16320.0,99.15
ANONDITA, 10-Sep-2026,1125.05,1152.3,1093.0,1128.4,1144.35,108600,1203.86,313,81400.0,74.95
ANSALBU, 10-Sep-2026,77.0,86.0,76.21,80.9,77.15,2021,1.64,54,1349.0,66.75
ANTELOPUS, 10-Sep-2026,1160.3,1169.9,1090.5,1124.1,1169.4,2976174,34005.46,94184,270951.0,9.1
ANTGRAPHIC, 10-Sep-2026,0.71,0.75,0.7,0.72,0.72,400862,2.93,170,215268.0,53.7
ANTHEM, 10-Sep-2026,945.95,959.2,934.0,942.3,942.95,844850,8028.37,45515,540912.0,64.02
ANUHPHR, 10-Sep-2026,97.9,98.88,90.2,91.21,96.74,400127,372.13,6108,205067.0,51.25
ANUP, 10-Sep-2026,1744.0,1760.9,1703.0,1719.4,1744.5,16776,291.07,2382,8659.0,51.62
ANURAS, 10-Sep-2026,1234.0,1235.5,1229.3,1231.1,1229.6,33522,413.01,2712,21242.0,63.37
ANYA, 10-Sep-2026,14.5,15.0,14.5,14.65,15.05,25000,3.66,4,20000.0,80.0
AONEGOLD, 10-Sep-2026,14.2,14.33,14.2,14.24,14.2,318543,45.46,1461,168302.0,52.83
AONELIQUID, 10-Sep-2026,1076.21,1076.21,1076.19,1076.19,1076.06,10942,117.76,93,9147.0,83.6
AONENIFTY, 10-Sep-2026,9.86,9.86,9.67,9.68,9.72,231174,22.4,1196,178345.0,77.15
AONESILVER, 10-Sep-2026,8.96,9.04,8.9,8.91,8.88,352020,31.61,1191,254380.0,72.26
AONETMMQ50, 10-Sep-2026,10.45,10.45,10.33,10.37,10.4,37382,3.87,192,26828.0,71.77
AONETOTAL, 10-Sep-2026,11.52,11.87,11.52,11.72,11.76,130733,15.35,1013,50448.0,38.59
APARINDS, 10-Sep-2026,17453.0,17595.0,17040.0,17342.0,17448.0,114403,19814.96,35306,41711.0,36.46
APCL, 10-Sep-2026,101.4,101.4,97.25,98.61,100.41,4073,4.04,125,3664.0,89.96
APCOTEXIND, 10-Sep-2026,618.9,618.9,601.2,603.8,615.45,81232,491.62,3557,51938.0,63.94
APEX, 10-Sep-2026,378.6,378.6,373.45,374.7,380.55,50528,189.88,2548,21063.0,41.69
APEXECO, 10-Sep-2026,290.0,290.0,274.05,283.15,280.0,13600,38.48,17,12000.0,88.24
APLAPOLLO, 10-Sep-2026,2180.0,2194.8,2158.4,2194.8,2168.0,292273,6360.99,16592,153281.0,52.44
APLLTD, 10-Sep-2026,818.55,836.5,813.8,816.4,817.4,119529,987.24,11619,53569.0,44.82
APOLLO, 10-Sep-2026,422.0,423.3,408.1,413.2,422.45,7449993,30795.68,55475,2045835.0,27.46
APOLLOHOSP, 10-Sep-2026,9000.0,9024.0,8875.0,8900.0,8967.0,329159,29409.68,26118,211627.0,64.29
APOLLOPIPE, 10-Sep-2026,577.0,589.5,566.65,569.35,577.6,130281,753.46,5953,57509.0,44.14
APOLLOTYRE, 10-Sep-2026,423.6,423.65,416.4,419.55,422.25,284234,1191.23,13234,114790.0,40.39
APOLSINHOT, 10-Sep-2026,1226.8,1232.6,1211.6,1228.9,1220.5,610,7.46,86,525.0,86.07
APOORVA, 10-Sep-2026,25.3,26.56,24.04,26.56,25.3,958,0.25,11,947.0,98.85
APRAMEYA, 10-Sep-2026,115.0,121.85,115.0,120.85,112.0,13000,15.54,23,12500.0,96.15
APS, 10-Sep-2026,243.65,245.3,236.9,237.95,246.9,27750,66.65,87,23000.0,82.88
APSISAERO, 10-Sep-2026,600.25,624.75,600.25,624.75,612.5,50400,308.42,28,46800.0,92.86
APTUS, 10-Sep-2026,257.0,257.55,250.1,252.2,258.28,1627426,4112.38,27728,1090320.0,67.0
AQYLON, 10-Sep-2026,22.99,22.99,21.6,21.88,22.61,387396,85.67,1380,193053.0,49.83
ARABIAN, 10-Sep-2026,83.2,83.2,81.05,81.15,84.9,8000,6.56,4,4000.0,50.0
ARCHIDPLY, 10-Sep-2026,101.02,104.39,100.0,100.5,102.54,30279,30.72,398,21844.0,72.14
ARCHIES, 10-Sep-2026,12.81,13.2,12.29,12.52,13.03,27960,3.52,188,24325.0,87.0
ARCIIL, 10-Sep-2026,36.95,36.95,36.0,36.0,36.1,2000,0.73,2,2000.0,100.0
ARCL, 10-Sep-2026,232.0,238.17,228.0,238.0,226.83,2888,6.79,43,2219.0,76.84
ARDEE, 10-Sep-2026,53.5,54.5,52.39,52.62,53.27,3003161,1600.82,14518,1322234.0,44.03
ARE&M, 10-Sep-2026,832.15,836.5,816.85,819.2,832.15,438438,3624.42,23834,214338.0,48.89
ARENTERP, 10-Sep-2026,34.99,34.99,32.13,32.6,34.99,5299,1.77,66,2302.0,43.44
ARFIN, 10-Sep-2026,89.0,91.33,87.51,88.07,88.77,674744,599.3,5474,202624.0,30.03
ARHAM, 10-Sep-2026,214.95,223.0,211.05,211.75,209.65,30000,64.84,29,17000.0,56.67
ARIHANT, 10-Sep-2026,852.75,890.95,850.55,883.35,887.5,727,6.4,155,464.0,63.82
ARIHANTCAP, 10-Sep-2026,77.39,77.78,76.31,76.47,77.06,77332,59.57,852,47049.0,60.84
ARIHANTSUP, 10-Sep-2026,223.95,228.8,217.1,219.65,221.8,8100,18.05,184,6429.0,79.37
ARIS, 10-Sep-2026,128.6,131.88,125.33,126.98,127.85,2028975,2612.15,14017,336903.0,16.6
ARKADE, 10-Sep-2026,122.95,123.57,121.92,122.94,122.95,154761,190.11,1623,43983.0,28.42
ARMANFIN, 10-Sep-2026,2035.9,2084.9,2030.1,2036.5,2037.1,16638,342.76,3134,7158.0,43.02
ARMOUR, 10-Sep-2026,17.5,17.5,17.45,17.45,18.15,6000,1.05,2,6000.0,100.0
AROGRANITE, 10-Sep-2026,24.04,24.48,23.7,24.19,24.04,11239,2.69,163,10760.0,95.74
ARSSBL, 10-Sep-2026,505.55,510.0,500.0,502.05,505.55,81397,410.9,2933,49020.0,60.22
ARTEMISMED, 10-Sep-2026,356.0,362.0,343.0,348.55,354.3,724459,2556.98,27741,270647.0,37.36
ARTNIRMAN, 10-Sep-2026,40.9,40.9,39.13,39.87,40.52,568,0.23,17,542.0,95.42
ARUNAYA, 10-Sep-2026,14.1,14.2,14.1,14.2,14.15,6000,0.85,3,4000.0,66.67
ARVEE, 10-Sep-2026,210.29,210.29,194.0,195.25,210.29,18321,36.61,475,8538.0,46.6
ARVIND, 10-Sep-2026,574.0,583.4,567.05,569.8,570.8,423712,2436.9,19365,165152.0,38.98
ARVINDFASN, 10-Sep-2026,446.3,455.0,443.45,453.4,446.05,291313,1313.86,13870,189743.0,65.13
ARVINDPORT, 10-Sep-2026,32.5,35.75,32.25,35.75,32.5,54000,18.61,29,52500.0,97.22
ARVSMART, 10-Sep-2026,606.5,610.0,595.0,597.05,605.25,42075,253.12,2111,24907.0,59.2
ARYAMAN, 10-Sep-2026,610.0,625.0,610.0,625.0,621.65,34,0.21,7,34.0,100.0
ASAHIINDIA, 10-Sep-2026,968.75,993.4,967.95,976.2,968.75,220953,2167.79,15230,96323.0,43.59
ASAL, 10-Sep-2026,464.05,473.9,464.05,466.55,468.3,5668,26.53,613,3502.0,61.79
ASALCBR, 10-Sep-2026,691.1,703.35,666.0,698.25,686.7,75970,527.05,6201,33532.0,44.14
ASHALOG, 10-Sep-2026,60.15,60.15,60.0,60.0,60.5,2000,1.2,2,2000.0,100.0
ASHAPURMIN, 10-Sep-2026,551.8,557.85,540.0,542.05,550.6,268976,1465.4,10304,142516.0,52.98
ASHIANA, 10-Sep-2026,351.4,352.0,344.9,347.9,349.1,19176,66.53,696,10712.0,55.86
ASHIMASYN, 10-Sep-2026,17.2,17.85,16.6,17.08,17.22,66907,11.42,397,44841.0,67.02
ASHOKA, 10-Sep-2026,114.25,114.5,112.85,113.53,113.58,492184,558.19,5138,228004.0,46.32
ASHOKAMET, 10-Sep-2026,14.85,14.85,14.24,14.34,14.54,12840,1.85,102,10361.0,80.69
ASHOKLEY, 10-Sep-2026,166.5,167.04,164.71,166.12,167.0,16214508,26897.53,76403,8036229.0,49.56
ASHUTOSH, 10-Sep-2026,152.0,157.8,149.0,156.7,151.3,345600,535.66,226,303600.0,87.85
ASHWINI, 10-Sep-2026,172.0,177.9,172.0,174.05,170.5,10000,17.39,10,8000.0,80.0
ASIANENE, 10-Sep-2026,539.0,542.0,530.55,533.95,535.5,161522,865.81,7506,70488.0,43.64
ASIANHOTNR, 10-Sep-2026,400.0,404.3,380.0,382.15,404.5,13812,53.55,811,7304.0,52.88
ASIANPAINT, 10-Sep-2026,2485.1,2498.1,2468.6,2498.1,2489.0,549332,13657.01,31619,386119.0,70.29
ASIANTILES, 10-Sep-2026,50.92,51.12,47.37,50.39,50.47,5267540,2633.41,13792,1780364.0,33.8
ASIANTNE, 10-Sep-2026,9.05,10.7,9.0,9.23,9.52,49541,4.76,163,14185.0,28.63
ASKAUTOLTD, 10-Sep-2026,627.25,631.45,616.25,622.4,627.25,107736,672.84,7631,51383.0,47.69
ASPINWALL, 10-Sep-2026,251.25,251.25,240.2,250.15,251.25,1162,2.89,58,727.0,62.56
ASPIRE, 10-Sep-2026,13.4,13.45,13.4,13.45,13.15,4000,0.54,2,4000.0,100.0
ASSAMENT, 10-Sep-2026,826.95,826.95,826.95,826.95,790.0,1,0.01,1,1.0,100.0
ASTAR, 10-Sep-2026,589.9,589.9,576.0,587.75,575.1,52,0.3,11,47.0,90.38
ASTEC, 10-Sep-2026,751.0,751.0,693.4,715.8,761.0,524163,3758.48,21464,72906.0,13.91
ASTERDM, 10-Sep-2026,778.1,781.55,765.0,766.5,780.35,999914,7709.64,40836,543025.0,54.31
ASTRAL, 10-Sep-2026,1468.2,1474.8,1451.7,1459.0,1474.8,914375,13346.45,28858,569921.0,62.33
ASTRAMICRO, 10-Sep-2026,1708.0,1722.9,1685.0,1696.8,1706.1,258483,4409.13,33494,136033.0,52.63
ASTRAZEN, 10-Sep-2026,6880.5,6906.0,6837.5,6860.5,6876.5,2286,157.14,952,957.0,41.86
ATALREAL, 10-Sep-2026,15.27,15.27,15.27,15.27,16.96,504050,76.97,617,504050.0,100.0
ATAM, 10-Sep-2026,55.64,56.34,53.1,53.7,55.64,11476,6.27,332,8128.0,70.83
ATCENERGY, 10-Sep-2026,21.45,22.2,21.45,22.2,21.8,3600,0.78,3,3600.0,100.0
ATGL, 10-Sep-2026,613.5,616.0,600.25,602.7,612.3,461142,2798.59,15246,158457.0,34.36
ATHERENERG, 10-Sep-2026,1614.0,1661.9,1607.4,1658.3,1580.0,8086256,132424.57,183400,1393776.0,17.24
ATL, 10-Sep-2026,24.85,24.85,24.41,24.61,24.89,127832,31.55,1065,78049.0,61.06
ATLANTAA, 10-Sep-2026,38.11,38.49,37.13,37.51,38.11,20113,7.58,325,14850.0,73.83
ATLANTAELE, 10-Sep-2026,1848.0,1859.9,1796.1,1805.4,1848.7,53101,967.24,7784,27111.0,51.06
ATLASCYCLE, 10-Sep-2026,108.0,109.99,97.2,98.07,106.47,85127,87.69,1442,44172.0,51.89
ATLPP, 10-Sep-2026,9.37,9.5,9.05,9.32,9.28,294,0.03,11,294.0,100.0
ATMASTCO, 10-Sep-2026,133.85,133.85,127.4,128.6,130.0,8000,10.38,20,6400.0,80.0
ATUL, 10-Sep-2026,6221.5,6395.0,6209.5,6356.0,6221.5,31851,2016.55,7716,19273.0,60.51
ATULAUTO, 10-Sep-2026,447.1,457.9,447.1,449.65,456.1,96646,435.72,3875,48753.0,50.44
AUBANK, 10-Sep-2026,1058.9,1062.0,1047.2,1054.7,1060.5,1126434,11888.53,30554,619517.0,55.0
AUGMONT, 10-Sep-2026,910.2,950.0,890.8,917.5,895.3,2403694,22300.36,79799,538871.0,22.42
AURIONPRO, 10-Sep-2026,664.95,678.0,664.95,671.15,664.95,84200,566.28,4410,44283.0,52.59
AUROIMPEX, 10-Sep-2026,25.65,26.55,25.65,26.55,25.3,16000,4.18,9,14400.0,90.0
AUROPHARMA, 10-Sep-2026,1693.4,1693.4,1655.0,1668.4,1698.9,798368,13329.43,23505,433676.0,54.32
AURUM, 10-Sep-2026,220.86,222.5,218.44,220.38,220.17,65446,144.27,1402,44196.0,67.53
AURUS, 10-Sep-2026,4.82,4.98,4.78,4.8,4.93,18844,0.91,200,17070.0,90.59
AUSL, 10-Sep-2026,23.35,23.35,23.35,23.35,24.55,4000,0.93,2,2000.0,50.0
AUSOMENT, 10-Sep-2026,154.96,157.0,148.98,153.0,154.19,6437,9.86,157,4354.0,67.64
AUSTENG, 10-Sep-2026,129.0,139.0,120.21,127.04,122.95,5658,7.15,127,4809.0,84.99
AUTOAXLES, 10-Sep-2026,1665.5,1684.0,1652.2,1657.9,1658.5,4446,74.16,859,2957.0,66.51
AUTOBEES, 10-Sep-2026,283.5,287.53,283.21,284.53,285.51,155334,442.36,3045,81178.0,52.26
AUTOIETF, 10-Sep-2026,28.72,28.78,28.43,28.55,28.71,358459,102.41,1975,168425.0,46.99
AUTOIND, 10-Sep-2026,86.11,86.63,83.56,84.25,86.11,80757,68.86,1526,48030.0,59.47
AVADHSUGAR, 10-Sep-2026,818.5,829.0,784.1,794.45,822.3,70563,570.98,3187,28381.0,40.22
AVALON, 10-Sep-2026,2293.7,2315.0,2218.0,2227.0,2293.6,280040,6325.79,27809,118921.0,42.47
AVANA, 10-Sep-2026,148.0,148.0,145.2,147.9,145.25,32000,47.02,12,32000.0,100.0
AVANCE, 10-Sep-2026,0.83,0.84,0.81,0.82,0.82,3178287,26.17,1120,2526591.0,79.5
AVANTEL, 10-Sep-2026,158.99,165.7,158.7,159.07,160.6,1221911,1981.24,14801,490457.0,40.14
AVANTIFEED, 10-Sep-2026,807.0,816.9,799.6,815.3,807.15,232284,1882.54,14431,93866.0,40.41
AVIANSH, 10-Sep-2026,101.0,101.5,101.0,101.5,99.65,2000,2.03,2,2000.0,100.0
AVIENCE, 10-Sep-2026,352.95,360.0,342.25,346.8,336.35,64800,228.83,91,43800.0,67.59
AVL, 10-Sep-2026,619.0,623.1,590.5,603.55,623.1,579067,3490.25,30082,322644.0,55.72
AVONMORE, 10-Sep-2026,14.1,14.67,13.85,14.19,13.99,441717,63.05,1107,303313.0,68.67
AVPINFRA, 10-Sep-2026,60.0,61.2,59.9,59.95,59.6,8000,4.82,10,7200.0,90.0
AVROIND, 10-Sep-2026,8.7,8.75,8.22,8.34,8.59,365184,30.82,598,256505.0,70.24
AVTNPL, 10-Sep-2026,92.55,93.33,90.1,90.6,92.42,216414,197.23,2714,114337.0,52.83
AWFIS, 10-Sep-2026,253.0,255.65,247.05,249.6,253.9,318609,796.19,7837,150409.0,47.21
AWHCL, 10-Sep-2026,373.85,379.55,372.0,373.15,376.15,43898,164.34,2071,18223.0,41.51
AWL, 10-Sep-2026,187.52,188.51,185.21,185.7,187.52,782230,1459.04,18880,409633.0,52.37
AXISBANK, 10-Sep-2026,1242.1,1255.2,1240.4,1246.0,1238.5,4150654,51810.79,89773,2693612.0,64.9
AXISCADES, 10-Sep-2026,1876.0,1920.0,1845.1,1869.7,1875.7,144733,2717.6,17595,59486.0,41.1
AXITA, 10-Sep-2026,8.03,8.04,7.99,8.0,8.0,424366,33.98,615,176095.0,41.5
AXTEL, 10-Sep-2026,448.0,448.0,420.0,425.1,436.05,6892,29.77,283,4505.0,65.37
AYE, 10-Sep-2026,179.9,182.8,176.12,178.1,178.83,458271,821.87,9380,137240.0,29.95
AYMSYNTEX, 10-Sep-2026,311.6,317.2,291.0,293.1,311.3,149205,446.61,3158,111778.0,74.92
AZAD, 10-Sep-2026,2805.0,2813.0,2760.0,2773.5,2805.0,171925,4776.25,17521,68781.0,40.01
AZADIND, 10-Sep-2026,90.0,93.49,85.05,86.79,89.26,43615,38.58,731,3991.0,9.15
BAGDIGITAL, 10-Sep-2026,102.5,104.7,102.5,104.7,103.05,3200,3.32,2,3200.0,100.0
BAGFILMS, 10-Sep-2026,4.52,4.68,4.29,4.46,4.59,104673,4.7,294,72848.0,69.6
BAGMANE, 10-Sep-2026,107.2,107.9,107.2,107.75,107.2,885715,954.25,11467,698916.0,78.91
BAHETI, 10-Sep-2026,837.0,840.5,825.0,828.65,826.35,15375,128.32,34,10875.0,70.73
BAIDFIN, 10-Sep-2026,12.39,12.45,11.67,11.74,12.03,173715,20.81,603,135312.0,77.89
BAJAJ-AUTO, 10-Sep-2026,11771.0,11820.0,11673.0,11768.0,11790.0,121394,14229.77,20364,54096.0,44.56
BAJAJCON, 10-Sep-2026,524.95,533.0,514.25,524.45,521.45,1178666,6186.2,31746,543101.0,46.08
BAJAJELEC, 10-Sep-2026,338.1,346.15,336.1,337.75,339.8,142088,485.06,5563,61821.0,43.51
BAJAJFINSV, 10-Sep-2026,1932.9,1942.7,1921.1,1940.5,1927.0,658197,12715.43,40394,340361.0,51.71
BAJAJHCARE, 10-Sep-2026,335.9,337.9,331.5,333.3,333.7,62427,208.95,1528,30109.0,48.23
BAJAJHFL, 10-Sep-2026,82.82,84.64,82.4,84.22,82.92,3734084,3117.61,21857,2167113.0,58.04
BAJAJHIND, 10-Sep-2026,21.35,21.89,21.21,21.4,21.35,20871933,4489.64,22623,3866271.0,18.52
BAJAJHLDNG, 10-Sep-2026,11078.0,11078.0,10965.0,10992.0,11078.0,18035,1984.84,4284,8602.0,47.7
BAJAJINDEF, 10-Sep-2026,221.41,222.5,219.99,221.03,221.46,19297,42.68,303,14597.0,75.64
BAJAJST, 10-Sep-2026,370.0,378.0,360.6,362.6,369.85,8005,29.35,382,4110.0,51.34
BAJEL, 10-Sep-2026,183.9,183.9,176.6,177.42,183.93,237404,426.17,4111,161355.0,67.97
BAJFINANCE, 10-Sep-2026,1042.5,1048.7,1036.5,1043.5,1039.3,3902988,40700.6,88720,2542676.0,65.15
BALAJEE, 10-Sep-2026,25.8,25.8,25.16,25.53,25.5,41722,10.6,259,30141.0,72.24
BALAJIPHOS, 10-Sep-2026,115.0,118.55,115.0,116.0,113.0,25000,29.33,16,18000.0,72.0
BALAJITELE, 10-Sep-2026,92.65,93.19,91.35,91.81,92.85,78249,72.09,1268,36553.0,46.71
BALAMINES, 10-Sep-2026,2359.3,2415.0,2330.1,2342.6,2359.3,150948,3588.99,14901,41058.0,27.2
BALAXI, 10-Sep-2026,24.2,24.36,22.73,23.24,23.68,39290,9.16,292,26977.0,68.66
BALKRISHNA, 10-Sep-2026,16.12,16.9,16.12,16.28,16.52,9811,1.61,106,6042.0,61.58
BALKRISIND, 10-Sep-2026,2210.0,2234.8,2188.0,2193.0,2208.6,353459,7785.01,50080,208257.0,58.92
BALMLAWRIE, 10-Sep-2026,175.9,176.57,172.1,174.08,175.6,436931,762.63,5562,175850.0,40.25
BALPHARMA, 10-Sep-2026,120.0,124.6,105.05,106.21,114.45,690310,798.11,9313,268610.0,38.91
BALRAMCHIN, 10-Sep-2026,703.0,714.0,693.3,705.15,700.05,1534401,10828.18,32248,283922.0,18.5
BALUFORGE, 10-Sep-2026,536.05,545.8,533.75,536.65,541.55,613100,3296.99,10268,154243.0,25.16
BANARBEADS, 10-Sep-2026,113.65,113.98,110.0,110.56,111.11,914,1.02,46,777.0,85.01
BANARISUG, 10-Sep-2026,3661.0,3680.5,3556.0,3590.4,3650.8,897,32.34,230,405.0,45.15
BANCOINDIA, 10-Sep-2026,635.0,639.3,624.4,627.5,635.15,103582,652.01,6142,57990.0,55.98
BANDHANBNK, 10-Sep-2026,171.9,174.01,169.41,174.0,171.7,11859976,20346.39,52038,6617128.0,55.79
BANG, 10-Sep-2026,35.63,35.99,33.3,34.51,35.63,30450,10.55,323,19210.0,63.09
BANK10ADD, 10-Sep-2026,16.51,16.57,16.4,16.44,16.54,16364,2.7,177,5621.0,34.35
BANK10BETF, 10-Sep-2026,20.52,20.68,20.24,20.28,20.42,12551513,2541.77,130,11720895.0,93.38
BANKA, 10-Sep-2026,79.9,81.43,77.2,77.93,77.56,14098,11.42,75,13057.0,92.62
BANKADD, 10-Sep-2026,57.82,58.01,57.57,57.68,57.81,2483,1.44,56,1252.0,50.42
BANKBARODA, 10-Sep-2026,235.0,239.46,234.84,237.62,234.1,8949331,21280.15,64591,4288606.0,47.92
BANKBEES, 10-Sep-2026,585.87,586.83,582.94,583.52,585.87,393692,2302.9,6830,213524.0,54.24
BANKBETA, 10-Sep-2026,58.46,58.6,58.2,58.29,58.54,263273,153.77,501,191436.0,72.71
BANKBETF, 10-Sep-2026,57.31,57.64,57.2,57.31,57.49,9361,5.38,206,3935.0,42.04
BANKETF, 10-Sep-2026,576.26,577.5,574.0,575.23,575.63,18747,107.89,211,8792.0,46.9
BANKIETF, 10-Sep-2026,58.3,58.3,57.8,57.87,58.1,213648,123.91,1428,126917.0,59.4
BANKINDIA, 10-Sep-2026,141.3,142.72,140.0,141.0,141.06,5321538,7519.03,19512,2441569.0,45.88
BANKNIFTY1, 10-Sep-2026,58.31,58.81,58.31,58.46,58.66,281372,164.99,806,190805.0,67.81
BANKPSU, 10-Sep-2026,85.1,85.52,84.25,84.3,84.7,3636,3.09,98,2172.0,59.74
BANSALWIRE, 10-Sep-2026,306.0,312.8,305.4,311.4,304.35,59609,184.59,3474,35200.0,59.05
BANSWRAS, 10-Sep-2026,113.4,117.0,112.6,113.04,113.42,30780,35.04,527,15046.0,48.88
BARFLEX, 10-Sep-2026,60.9,60.9,59.9,59.9,59.9,18000,10.8,8,16000.0,88.89
BASF, 10-Sep-2026,3700.0,3783.0,3678.4,3688.3,3746.0,18740,695.75,4912,11226.0,59.9
BASILIC, 10-Sep-2026,193.5,198.0,193.45,193.9,189.8,15000,29.4,45,10500.0,70.0
BATAINDIA, 10-Sep-2026,660.0,664.0,651.15,653.25,661.05,78777,518.18,7088,36663.0,46.54
BATLIBOI, 10-Sep-2026,87.29,88.49,85.05,85.59,87.29,27083,23.28,522,20848.0,76.98
BAWEJA, 10-Sep-2026,23.9,24.05,23.0,23.65,23.65,8800,2.08,10,6400.0,72.73
BAYERCROP, 10-Sep-2026,3945.1,3995.0,3942.1,3978.4,3951.1,13598,540.18,2856,7699.0,56.62
BBETF0432, 10-Sep-2026,1346.0,1348.99,1344.02,1346.48,1345.64,236,3.18,31,109.0,46.19
BBL, 10-Sep-2026,2250.0,2268.2,2225.0,2231.2,2245.5,11549,258.77,2142,5462.0,47.29
BBNPNBETF, 10-Sep-2026,56.85,57.35,56.68,56.89,58.44,1242,0.71,39,1099.0,88.49
BBNPPGOLD, 10-Sep-2026,147.4,150.35,146.05,147.8,147.4,777,1.15,58,329.0,42.34
BBOX, 10-Sep-2026,760.0,774.35,742.5,744.85,763.1,215001,1629.95,15376,97664.0,45.42
BBTC, 10-Sep-2026,1448.8,1456.3,1431.0,1434.7,1448.8,33032,475.08,3658,14268.0,43.19
BBTCL, 10-Sep-2026,227.6,237.9,227.6,235.33,228.05,3137,7.35,173,1840.0,58.65
BCG, 10-Sep-2026,10.29,10.39,9.96,10.1,10.23,9302127,944.47,7044,3567000.0,38.35
BCLIND, 10-Sep-2026,35.43,35.59,35.01,35.12,35.49,253699,89.46,2387,143066.0,56.39
BCONCEPTS, 10-Sep-2026,163.0,163.0,151.6,154.5,161.36,24836,38.42,1335,17045.0,68.63
BCPL, 10-Sep-2026,72.71,72.71,70.2,71.05,72.71,11430,8.11,276,5938.0,51.95
BDL, 10-Sep-2026,1215.0,1221.2,1190.0,1195.0,1218.1,1240303,14867.95,39751,388138.0,31.29
BEACON, 10-Sep-2026,86.0,86.0,86.0,86.0,84.0,1000,0.86,1,1000.0,100.0
BEARDSELL, 10-Sep-2026,25.7,25.7,24.2,24.39,24.96,14895,3.67,214,10551.0,70.84
BECTORFOOD, 10-Sep-2026,242.05,247.71,238.15,245.44,242.05,1400466,3417.52,53040,405666.0,28.97
BEDMUTHA, 10-Sep-2026,106.41,107.75,105.02,105.37,108.39,5440,5.78,85,4483.0,82.41
BEEKAY, 10-Sep-2026,426.95,440.0,420.1,433.4,426.15,2538,10.98,87,2372.0,93.46
BEL, 10-Sep-2026,407.0,407.2,402.0,405.0,406.0,8716895,35230.9,69988,4742141.0,54.4
BELLACASA, 10-Sep-2026,248.58,267.58,244.21,262.11,246.65,28023,72.98,1738,18643.0,66.53
BELRISE, 10-Sep-2026,228.26,230.2,227.07,228.4,228.54,1568821,3590.09,34203,848440.0,54.08
BEML, 10-Sep-2026,2100.0,2109.6,2024.4,2029.0,2097.8,403865,8298.57,31786,161036.0,39.87
BENARAS, 10-Sep-2026,10360.0,11200.0,10205.0,10736.0,10520.0,341,36.82,153,269.0,78.89
BENGALASM, 10-Sep-2026,6196.5,6374.5,6151.0,6200.5,6149.5,4096,254.37,369,3476.0,84.86
BEPL, 10-Sep-2026,133.56,135.99,129.5,130.29,133.56,1382749,1827.78,16702,594522.0,43.0
BERGEPAINT, 10-Sep-2026,471.0,473.95,460.95,463.8,470.8,262246,1225.69,15093,138664.0,52.88
BESTAGRO, 10-Sep-2026,19.52,19.56,19.05,19.14,19.5,353461,68.16,1655,206397.0,58.39
BETA, 10-Sep-2026,2101.0,2107.5,2073.0,2085.8,2107.6,11535,241.19,1461,7766.0,67.33
BEWLTD, 10-Sep-2026,48.1,49.15,48.0,48.9,49.0,20500,9.88,22,15000.0,73.17
BFINVEST, 10-Sep-2026,452.65,463.9,441.3,448.6,449.7,52557,238.63,2331,13872.0,26.39
BFSI, 10-Sep-2026,26.42,26.57,26.33,26.47,26.47,146489,38.79,643,94839.0,64.74
BFUTILITIE, 10-Sep-2026,523.0,567.5,516.05,544.45,521.85,482912,2672.05,16349,94684.0,19.61
BHADORA, 10-Sep-2026,125.1,125.4,122.0,124.95,119.45,88800,110.95,67,84000.0,94.59
BHAGCHEM, 10-Sep-2026,264.45,264.45,257.5,258.2,262.55,25913,67.24,848,16546.0,63.85
BHAGYANGR, 10-Sep-2026,415.75,432.2,415.75,432.2,411.65,487769,2096.02,4035,186705.0,38.28
BHANDARI, 10-Sep-2026,3.0,3.05,2.98,3.0,3.0,87555,2.63,189,69383.0,79.25
BHARATCOAL, 10-Sep-2026,33.8,34.1,33.33,33.42,33.79,3227357,1084.59,12456,1716125.0,53.17
BHARATFORG, 10-Sep-2026,1974.6,1981.0,1941.5,1954.9,1979.6,403296,7907.1,21992,200306.0,49.67
BHARATRAS, 10-Sep-2026,1174.0,1228.9,1150.1,1168.2,1167.0,39675,472.13,5068,13529.0,34.1
BHARATSE, 10-Sep-2026,221.9,224.59,215.15,217.08,222.0,77910,171.01,2306,35575.0,45.66
BHARATWIRE, 10-Sep-2026,171.51,175.73,171.0,173.2,171.84,111621,192.56,2383,47434.0,42.5
BHARTIARTL, 10-Sep-2026,1815.1,1849.0,1814.0,1839.0,1814.7,4588126,83977.84,127251,2997223.0,65.33
BHARTIHEXA, 10-Sep-2026,1553.2,1553.2,1533.2,1539.2,1544.8,87669,1351.24,10227,60777.0,69.33
BHEL, 10-Sep-2026,434.2,435.45,427.05,429.5,433.7,3963862,17094.68,38212,1762464.0,44.46
BIGBLOC, 10-Sep-2026,41.45,41.45,40.02,40.57,40.82,38315,15.49,440,29666.0,77.43
BIKAJI, 10-Sep-2026,572.95,573.65,565.0,566.15,571.7,429656,2433.3,4812,395181.0,91.98
BIKEWO, 10-Sep-2026,108.55,109.25,103.15,107.85,108.55,64000,67.78,27,60000.0,93.75
BIL, 10-Sep-2026,1122.6,1150.0,1055.0,1081.7,1108.2,50377,548.22,5305,23842.0,47.33
BIMETAL, 10-Sep-2026,650.0,659.0,633.6,645.0,650.0,563,3.63,81,378.0,67.14
BIOCON, 10-Sep-2026,397.0,397.95,388.45,391.65,395.0,4737510,18519.25,43545,2752846.0,58.11
BIOFILCHEM, 10-Sep-2026,31.46,37.75,31.46,36.79,31.46,681889,248.83,3939,186535.0,27.36
BIOPOL, 10-Sep-2026,42.75,47.15,42.75,47.1,44.95,91200,40.64,70,60000.0,65.79
BIRET, 10-Sep-2026,340.44,342.98,335.85,337.59,341.07,361078,1219.87,15113,288648.0,79.94
BIRLACABLE, 10-Sep-2026,369.45,374.65,360.4,374.65,356.85,929542,3449.61,9948,337863.0,36.35
BIRLACORPN, 10-Sep-2026,839.0,844.95,831.0,836.7,836.9,27535,231.01,4443,14632.0,53.14
BIRLAMONEY, 10-Sep-2026,123.31,124.97,122.0,122.9,123.25,24305,29.9,742,15894.0,65.39
BIRLANU, 10-Sep-2026,1410.0,1505.0,1410.0,1434.6,1407.8,22823,331.72,3196,7600.0,33.3
BLACKBUCK, 10-Sep-2026,579.6,590.1,575.0,585.9,580.05,279838,1641.33,27659,165797.0,59.25
BLAL, 10-Sep-2026,161.73,163.0,161.0,161.23,161.34,12629,20.45,527,9369.0,74.19
BLBLIMITED, 10-Sep-2026,16.85,16.98,14.6,15.98,16.5,362722,58.35,904,230235.0,63.47
BLEL, 10-Sep-2026,458.9,461.65,437.15,441.6,456.75,563397,2525.43,13287,220713.0,39.18
BLIL, 10-Sep-2026,72.25,72.25,71.25,71.42,72.01,117230,84.07,1217,93651.0,79.89
BLKASHYAP, 10-Sep-2026,55.41,56.79,55.0,55.55,55.41,421323,235.05,2066,227136.0,53.91
BLS, 10-Sep-2026,237.0,238.58,235.0,235.63,236.45,501500,1187.58,13065,237832.0,47.42
BLSE, 10-Sep-2026,320.25,321.9,311.3,316.6,320.6,372453,1179.63,4975,184026.0,49.41
BLUECLOUDS, 10-Sep-2026,19.73,19.92,19.3,19.5,19.7,1031852,201.38,2617,554619.0,53.75
BLUECOAST, 10-Sep-2026,21.93,22.88,21.39,21.83,22.5,4015,0.87,79,2745.0,68.37
BLUEDART, 10-Sep-2026,4910.0,4925.8,4868.0,4882.6,4928.4,5407,264.5,1859,2423.0,44.81
BLUEJET, 10-Sep-2026,575.3,579.55,568.2,575.3,575.3,248896,1429.92,10251,126232.0,50.72
BLUEPEBBLE, 10-Sep-2026,78.0,81.0,78.0,79.0,78.7,1600,1.28,4,1600.0,100.0
BLUESTARCO, 10-Sep-2026,1450.0,1518.5,1450.0,1514.0,1456.9,997496,14964.52,37115,492850.0,49.41
BLUESTONE, 10-Sep-2026,874.1,875.9,844.65,855.15,874.4,402544,3469.23,18996,116889.0,29.04
BLUEWATER, 10-Sep-2026,425.25,455.95,425.25,438.0,447.6,52000,222.93,44,46000.0,88.46
BLUSPRING, 10-Sep-2026,130.0,139.5,129.21,137.45,130.52,835035,1127.34,8167,433522.0,51.92
BMETRICS, 10-Sep-2026,35.4,36.85,35.4,36.0,35.95,10400,3.72,9,9600.0,92.31
BMLL, 10-Sep-2026,162.0,162.95,160.0,160.0,160.45,10000,16.1,6,10000.0,100.0
BMWVENTLTD, 10-Sep-2026,54.45,54.89,54.22,54.59,54.18,26343,14.39,510,17834.0,67.7
BNAGROCHEM, 10-Sep-2026,205.0,215.99,203.3,212.0,214.0,424,0.88,27,349.0,82.31
BNKETFAXIS, 10-Sep-2026,581.91,584.33,581.31,581.68,583.14,488,2.84,45,62.0,12.7
BODALCHEM, 10-Sep-2026,167.01,169.9,166.11,166.11,174.85,2774629,4630.02,7403,1391182.0,50.14
BOHRAIND, 10-Sep-2026,13.0,13.29,12.5,13.18,13.0,12410,1.63,51,9268.0,74.68
BOMDYEING, 10-Sep-2026,112.52,114.18,111.65,112.51,112.86,326804,368.35,3663,110219.0,33.73
BONLON, 10-Sep-2026,40.65,40.7,38.55,40.25,40.1,5635,2.26,350,4776.0,84.76
BORANA, 10-Sep-2026,316.2,324.45,316.1,317.65,316.2,8546,27.18,465,6726.0,78.7
BOROLTD, 10-Sep-2026,253.61,274.86,253.61,263.78,255.46,1214319,3257.66,20537,452594.0,37.27
BORORENEW, 10-Sep-2026,500.0,506.8,496.0,502.2,501.95,292829,1467.86,11033,133024.0,45.43
BOROSCI, 10-Sep-2026,127.59,130.18,124.7,125.29,127.19,124569,158.11,1359,34780.0,27.92
BOSCH-HCIL, 10-Sep-2026,1788.1,1790.1,1681.8,1689.9,1780.3,69787,1200.69,8012,35402.0,50.73
BOSCHLTD, 10-Sep-2026,48865.0,49080.0,48480.0,48775.0,49100.0,28128,13713.23,9424,16054.0,57.07
BOSS, 10-Sep-2026,59.5,59.8,56.5,57.95,58.4,8000,4.67,4,2000.0,25.0
BPCL, 10-Sep-2026,302.95,306.1,301.75,303.0,303.55,3231631,9806.28,40174,1908966.0,59.07
BPL, 10-Sep-2026,48.9,48.9,47.2,47.36,48.03,41997,20.06,720,26285.0,62.59
BPLPHARMA, 10-Sep-2026,1565.0,1565.0,1530.0,1558.6,1518.6,1275,19.81,92,850.0,66.67
BRAHMINFRA, 10-Sep-2026,160.95,160.95,158.01,158.62,157.11,5970,9.48,226,4792.0,80.27
BRANDMAN, 10-Sep-2026,176.0,176.5,169.05,169.05,171.65,13600,23.39,15,11200.0,82.35
BRIGADE, 10-Sep-2026,660.6,665.75,649.4,651.15,662.9,181772,1193.15,11778,61447.0,33.8
BRIGHOTEL, 10-Sep-2026,56.69,56.69,56.0,56.36,56.43,104697,58.95,1823,60823.0,58.09
BRIGHTBR, 10-Sep-2026,252.05,261.0,249.0,255.75,261.7,788,2.01,38,598.0,75.89
BRITANNIA, 10-Sep-2026,5108.0,5108.0,4997.0,5009.0,5090.0,263129,13225.26,25492,133562.0,50.76
BRNL, 10-Sep-2026,16.78,16.99,16.5,16.65,16.78,29344,4.9,340,21651.0,73.78
BROOKS, 10-Sep-2026,66.0,66.0,63.1,63.85,62.99,24314,15.71,517,6695.0,27.54
BSE, 10-Sep-2026,3288.0,3312.0,3261.0,3306.0,3289.8,2228183,73178.38,97294,701312.0,31.47
BSE500IETF, 10-Sep-2026,39.07,39.07,38.38,38.84,39.07,89012,34.57,1739,53576.0,60.19
BSHSL, 10-Sep-2026,90.8,90.9,87.0,88.84,89.42,3781,3.36,133,2621.0,69.32
BSL, 10-Sep-2026,125.0,125.0,121.3,122.06,123.25,3578,4.37,54,3367.0,94.1
BSLGOLDETF, 10-Sep-2026,135.31,135.31,134.14,134.33,133.98,254424,342.09,1952,169300.0,66.54
BSLNIFTY, 10-Sep-2026,28.3,28.3,27.45,27.5,27.61,895388,246.41,4129,777209.0,86.8
BSLSENETFG, 10-Sep-2026,76.07,76.07,75.4,75.53,76.07,3821,2.89,135,3709.0,97.07
BSOFT, 10-Sep-2026,279.0,282.7,275.0,275.8,277.2,854846,2380.29,25790,388357.0,45.43
BTML, 10-Sep-2026,7.8,8.04,7.58,7.79,7.87,178696,13.9,294,128594.0,71.96
BUILDPRO, 10-Sep-2026,1309.8,1360.0,1264.2,1272.2,1302.7,119521,1578.15,6815,67889.0,56.8
BULKCORP, 10-Sep-2026,84.0,85.3,84.0,85.3,85.3,3600,3.05,3,3600.0,100.0
BUTTERFLY, 10-Sep-2026,615.9,621.7,608.1,610.35,616.3,5449,33.4,606,4243.0,77.87
BVCL, 10-Sep-2026,44.6,44.99,43.1,43.44,44.02,19531,8.59,335,13338.0,68.29
C2C, 10-Sep-2026,215.05,219.9,212.0,213.15,218.3,84300,180.91,286,67650.0,80.25
CAMLINFINE, 10-Sep-2026,104.0,106.0,103.11,103.57,103.8,320150,333.06,3998,163070.0,50.94
CAMPUS, 10-Sep-2026,214.86,216.2,212.15,213.68,214.86,588814,1264.37,9390,381968.0,64.87
CAMS, 10-Sep-2026,718.75,722.4,681.0,712.0,715.0,1371752,9817.03,31626,680753.0,49.63
CANARYS, 10-Sep-2026,23.55,23.65,22.8,22.9,23.4,172000,39.98,35,116000.0,67.44
CANBK, 10-Sep-2026,124.0,127.6,123.7,124.6,124.08,22002938,27648.48,75982,6617361.0,30.07
CANFINHOME, 10-Sep-2026,788.9,791.75,780.3,782.2,786.9,196858,1547.56,17056,125487.0,63.74
CANHLIFE, 10-Sep-2026,149.4,153.05,148.21,152.36,149.49,463305,700.67,8874,201040.0,43.39
CANTABIL, 10-Sep-2026,239.0,241.17,237.2,240.06,238.8,53432,128.01,1122,33920.0,63.48
CAPACITE, 10-Sep-2026,200.4,201.99,195.0,196.25,199.59,257180,510.45,3834,154846.0,60.21
CAPILLARY, 10-Sep-2026,456.7,464.2,450.0,459.9,460.3,151245,692.41,8550,86961.0,57.5
CAPINVIT, 10-Sep-2026,76.15,77.15,75.5,76.7,75.84,270176,206.19,2325,239150.0,88.52
CAPITALSFB, 10-Sep-2026,283.3,283.3,270.6,272.15,279.4,22130,60.78,729,15362.0,69.42
CAPLIPOINT, 10-Sep-2026,2716.0,2839.5,2714.0,2795.4,2723.1,245863,6864.13,25662,48536.0,19.74
CARBORUNIV, 10-Sep-2026,1090.0,1123.4,1085.0,1090.2,1094.1,210273,2314.91,19199,96357.0,45.82
CARERATING, 10-Sep-2026,1733.2,1748.3,1690.0,1693.0,1724.6,29312,502.29,5678,15488.0,52.84
CARRARO, 10-Sep-2026,535.1,564.5,531.05,551.95,538.85,125406,692.3,7356,65262.0,52.04
CARTRADE, 10-Sep-2026,3027.0,3064.0,2994.2,3034.7,3027.1,155066,4702.52,21299,35819.0,23.1
CARYSIL, 10-Sep-2026,1185.0,1211.0,1170.3,1178.5,1180.3,150482,1790.56,13599,68022.0,45.2
CASHIETF, 10-Sep-2026,1078.87,1078.89,1078.87,1078.88,1078.74,95860,1034.21,204,55997.0,58.42
CASTROLIND, 10-Sep-2026,188.61,190.84,187.41,188.06,189.16,4597808,8661.05,30720,2861953.0,62.25
CCAVENUE, 10-Sep-2026,15.38,15.63,15.33,15.36,15.41,8320009,1284.44,11314,3781627.0,45.45
CCCL, 10-Sep-2026,14.44,14.44,14.0,14.15,14.12,72588,10.27,391,51671.0,71.18
CCHHL, 10-Sep-2026,12.65,12.96,12.5,12.5,12.59,34264,4.33,105,30387.0,88.68
CCL, 10-Sep-2026,1104.7,1104.7,1088.0,1096.8,1104.7,86618,948.56,10782,47602.0,54.96
CDSL, 10-Sep-2026,1360.9,1372.9,1352.0,1355.0,1368.6,771857,10513.01,28692,291355.0,37.75
CEATLTD, 10-Sep-2026,3292.3,3313.5,3280.1,3295.7,3293.2,43713,1441.32,9720,21567.0,49.34
CEDAAR, 10-Sep-2026,13.4,13.75,12.45,12.45,13.1,34000,4.3,12,33000.0,97.06
CEIGALL, 10-Sep-2026,377.0,389.25,369.55,379.1,376.4,1175462,4483.5,20189,588287.0,50.05
CEINSYS, 10-Sep-2026,692.6,696.05,680.0,685.0,688.1,70255,482.75,3688,29228.0,41.6
CELEBRITY, 10-Sep-2026,6.84,6.99,6.62,6.72,6.71,4935,0.33,53,3929.0,79.61
CELLECOR, 10-Sep-2026,32.0,32.0,31.0,31.1,31.75,84000,26.48,26,60000.0,71.43
CELLO, 10-Sep-2026,337.45,341.2,337.0,338.9,337.4,141109,478.95,5522,81819.0,57.98
CELLPOINT, 10-Sep-2026,15.75,15.75,14.9,14.95,15.2,3600,0.55,3,3600.0,100.0
CEMNTGROWW, 10-Sep-2026,14.32,14.49,14.17,14.34,14.33,41538,5.93,422,36527.0,87.94
CEMPRO, 10-Sep-2026,1265.0,1278.4,1250.0,1251.9,1269.1,124816,1573.3,8974,77823.0,62.35
CENTENKA, 10-Sep-2026,573.3,576.2,563.9,569.1,570.8,139334,793.04,5996,51882.0,37.24
CENTEXT, 10-Sep-2026,22.5,23.0,22.0,22.8,21.94,526048,118.75,2745,344472.0,65.48
CENTRALBK, 10-Sep-2026,30.6,31.23,30.53,30.82,30.58,5496244,1697.64,17620,2790320.0,50.77
CENTRUM, 10-Sep-2026,22.4,22.68,21.7,21.91,22.4,617593,135.97,1120,555237.0,89.9
CENTUM, 10-Sep-2026,4242.5,4309.0,4192.1,4210.4,4250.5,21690,919.66,7034,7951.0,36.66
CENTURYPLY, 10-Sep-2026,735.5,743.05,731.05,734.05,738.7,43744,321.63,5210,25671.0,58.68
CERA, 10-Sep-2026,5698.5,5736.0,5601.0,5614.0,5698.5,2852,160.85,1118,1363.0,47.79
CESC, 10-Sep-2026,150.0,152.48,147.1,147.58,149.67,1501069,2238.02,21909,863278.0,57.51
CEWATER, 10-Sep-2026,289.9,289.9,275.0,279.9,280.3,285665,801.63,9610,185893.0,65.07
CFEL, 10-Sep-2026,43.0,46.38,40.32,44.92,38.65,1072863,482.35,5946,407540.0,37.99
CGCL, 10-Sep-2026,274.5,275.65,268.15,272.25,272.4,6527437,17764.76,42968,1177994.0,18.05
CGPOWER, 10-Sep-2026,928.0,931.0,905.0,914.55,926.95,1989359,18197.99,45299,1069928.0,53.78
CGRAPHICS, 10-Sep-2026,147.8,150.0,146.15,146.15,145.55,16000,23.64,19,12000.0,75.0
CGVAK, 10-Sep-2026,151.9,151.9,140.2,146.25,144.84,1871,2.72,48,1630.0,87.12
CHALET, 10-Sep-2026,889.7,896.1,863.2,875.55,889.7,119737,1047.38,9770,53173.0,44.41
CHAMBLFERT, 10-Sep-2026,415.5,423.15,415.3,417.75,415.6,523104,2192.55,24357,265659.0,50.79
CHAMUNDA, 10-Sep-2026,42.65,42.65,42.6,42.6,41.7,6000,2.56,2,6000.0,100.0
CHANDAN, 10-Sep-2026,209.0,210.0,200.0,203.2,209.2,36800,75.13,46,25600.0,69.57
CHAVDA, 10-Sep-2026,122.8,124.7,121.75,122.85,124.25,30000,36.81,22,20000.0,66.67
CHEMBOND, 10-Sep-2026,220.86,232.8,220.25,225.82,220.36,47695,107.99,1582,24104.0,50.54
CHEMCRUX, 10-Sep-2026,83.4,86.8,81.5,85.52,82.57,4525,3.8,101,3803.0,84.04
CHEMFAB, 10-Sep-2026,370.2,399.5,370.2,384.5,373.75,14633,56.74,738,10918.0,74.61
CHEMICAL, 10-Sep-2026,30.87,30.87,30.01,30.1,30.12,247365,74.52,627,137477.0,55.58
CHEMPLASTS, 10-Sep-2026,178.03,183.18,175.15,176.15,176.88,347681,621.64,6979,136161.0,39.16
CHENNPETRO, 10-Sep-2026,1604.4,1663.3,1568.9,1626.4,1604.4,3754568,60595.36,133271,468052.0,12.47
CHETANA, 10-Sep-2026,43.8,43.8,43.5,43.5,44.0,3200,1.4,2,3200.0,100.0
CHEVIOT, 10-Sep-2026,1198.0,1205.0,1180.1,1195.9,1184.9,1408,16.85,158,1028.0,73.01
CHOICEGOLD, 10-Sep-2026,151.2,152.68,150.83,151.84,151.13,3020,4.58,104,1932.0,63.97
CHOICEIN, 10-Sep-2026,750.0,775.95,750.0,770.4,750.65,549144,4214.13,13433,123516.0,22.49
CHOLAFIN, 10-Sep-2026,1827.1,1868.2,1804.2,1859.0,1829.0,2679971,49655.34,78353,1803796.0,67.31
CHOLAHLDNG, 10-Sep-2026,1520.6,1540.5,1519.0,1532.0,1530.6,44664,683.73,6108,20512.0,45.93
CIEINDIA, 10-Sep-2026,381.0,386.25,380.6,381.8,381.65,321229,1232.32,13426,194583.0,60.57
CIFL, 10-Sep-2026,20.3,20.3,19.91,20.19,20.12,95083,19.08,346,84216.0,88.57
CINELINE, 10-Sep-2026,93.96,95.39,93.42,93.58,93.96,10986,10.37,243,5998.0,54.6
CINEVISTA, 10-Sep-2026,15.0,15.0,14.06,14.36,14.24,1546,0.22,39,1206.0,78.01
CIPLA, 10-Sep-2026,1366.8,1380.0,1363.1,1373.3,1363.1,826221,11335.7,27747,491363.0,59.47
CITIUSINVT, 10-Sep-2026,115.98,116.99,114.56,114.84,115.59,28495,32.99,332,24229.0,85.03
CKKRETAIL, 10-Sep-2026,153.0,153.0,153.0,153.0,148.0,800,1.22,1,800.0,100.0
CLASSICEIL, 10-Sep-2026,60.0,61.7,59.1,59.1,58.8,38400,23.39,23,33600.0,87.5
CLAYCRAFT, 10-Sep-2026,152.6,159.65,152.6,155.55,150.85,46800,73.42,73,33000.0,70.51
CLEAN, 10-Sep-2026,825.7,862.3,825.55,848.45,825.7,951510,8077.99,37082,240423.0,25.27
CLEANMAX, 10-Sep-2026,1400.0,1411.3,1393.0,1399.0,1397.6,108482,1518.23,10491,55597.0,51.25
CLEDUCATE, 10-Sep-2026,58.0,60.11,57.2,59.98,58.74,18408,10.78,145,17347.0,94.24
CLSEL, 10-Sep-2026,304.8,305.35,299.35,302.55,305.2,57907,174.84,1988,31100.0,53.71
CMLL, 10-Sep-2026,489.9,489.9,468.0,470.8,486.3,333760,1584.66,10096,194524.0,58.28
CMNL, 10-Sep-2026,116.0,119.9,113.05,115.25,117.7,30000,34.66,33,16500.0,55.0
CMPDI, 10-Sep-2026,231.0,232.31,217.5,218.77,230.88,4598066,10165.99,34104,2519394.0,54.79
CMRGREEN, 10-Sep-2026,217.8,221.64,217.71,220.45,217.29,283687,624.2,6448,104733.0,36.92
CMSINFO, 10-Sep-2026,231.25,233.39,226.7,227.69,231.25,955879,2191.29,19850,588236.0,61.54
CNL, 10-Sep-2026,1139.9,1139.9,1075.0,1086.3,1141.4,44305,485.23,3104,26252.0,59.25
COALINDIA, 10-Sep-2026,433.0,436.3,430.0,432.0,431.0,8811171,38169.48,55604,5549633.0,62.98
COASTCORP, 10-Sep-2026,40.89,40.95,39.0,39.43,40.55,93128,37.15,1111,47254.0,50.74
COCHINSHIP, 10-Sep-2026,1556.1,1571.8,1520.4,1520.4,1556.0,1052635,16249.17,33358,307389.0,29.2
COCKERILL, 10-Sep-2026,8198.5,8264.5,7980.0,8009.0,8140.0,3961,321.04,1018,2121.0,53.55
COFFEEDAY, 10-Sep-2026,33.16,33.59,31.71,31.99,33.15,600390,195.43,2480,376329.0,62.68
COFORGE, 10-Sep-2026,1842.0,1878.0,1821.0,1833.1,1845.0,2691550,49610.42,85260,1039612.0,38.63
COHANCE, 10-Sep-2026,443.35,453.3,440.7,445.3,443.35,1241899,5557.34,23413,815651.0,65.68
COLPAL, 10-Sep-2026,1804.5,1810.0,1796.9,1808.5,1800.0,125826,2268.11,10068,74917.0,59.54
COMFINTE, 10-Sep-2026,6.1,6.2,5.97,6.09,6.13,185838,11.27,423,149799.0,80.61
COMMOIETF, 10-Sep-2026,99.37,99.38,98.3,98.57,99.31,438771,433.44,2211,413085.0,94.15
COMPEAU, 10-Sep-2026,368.0,368.0,351.0,360.0,364.65,902,3.27,27,861.0,95.45
COMPUSOFT, 10-Sep-2026,13.05,13.34,13.05,13.21,13.21,11612,1.53,91,9891.0,85.18
COMSYN, 10-Sep-2026,301.7,304.45,297.05,299.0,301.15,468907,1404.7,1721,248691.0,53.04
CONCOR, 10-Sep-2026,508.0,509.95,503.7,504.15,510.0,932939,4727.05,15432,525628.0,56.34
CONCORDBIO, 10-Sep-2026,1472.2,1472.2,1432.0,1452.8,1464.5,106007,1537.95,18711,59249.0,55.89
CONFIPET, 10-Sep-2026,90.95,90.95,87.01,87.84,90.66,3216537,2837.28,19080,1318785.0,41.0
CONNPLEX, 10-Sep-2026,267.0,269.0,258.5,262.5,266.4,44000,116.3,46,32800.0,74.55
CONS, 10-Sep-2026,11.9,11.9,11.83,11.88,11.9,828806,98.06,145,820470.0,98.99
CONSUMAXIS, 10-Sep-2026,118.78,119.68,118.34,118.4,119.12,7375,8.76,21,1059.0,14.36
CONSUMBEES, 10-Sep-2026,129.47,129.47,128.01,128.34,128.84,69199,88.85,929,37145.0,53.68
CONSUMER, 10-Sep-2026,12.14,12.47,11.5,11.88,11.9,97361,11.57,324,45435.0,46.67
CONSUMIETF, 10-Sep-2026,119.24,119.88,118.97,119.33,119.01,3898,4.65,110,2584.0,66.29
CONTI, 10-Sep-2026,11.65,11.65,11.65,11.65,11.65,3333,0.39,1,3333.0,100.0
CONTROLPR, 10-Sep-2026,584.45,590.85,571.1,572.95,587.4,20559,118.9,1403,13848.0,67.36
COOLCAPS, 10-Sep-2026,25.75,25.75,24.5,25.0,25.3,51250,12.85,31,47500.0,92.68
CORALFINAC, 10-Sep-2026,32.99,32.99,31.84,32.88,32.69,15844,5.18,454,8956.0,56.53
CORDELIA, 10-Sep-2026,105.65,109.46,104.18,109.44,104.25,3659034,3993.34,7573,2144215.0,58.6
CORDSCABLE, 10-Sep-2026,370.0,384.0,355.6,363.1,362.65,376600,1392.13,11640,111845.0,29.7
COROMANDEL, 10-Sep-2026,1948.8,1972.0,1947.0,1961.9,1962.7,38962,761.97,10245,19746.0,50.68
CORONA, 10-Sep-2026,2208.2,2225.0,2060.5,2200.8,2197.2,354692,7621.02,25049,123361.0,34.78
COSMOFIRST, 10-Sep-2026,903.0,914.7,877.6,880.65,906.75,56270,502.23,3784,35756.0,63.54
CPCAP, 10-Sep-2026,137.89,137.89,132.23,134.49,133.6,27963,37.83,1887,6539.0,23.38
CPEDU, 10-Sep-2026,188.45,190.0,181.0,185.58,190.18,5171,9.66,127,4741.0,91.68
CPL, 10-Sep-2026,67.5,67.81,65.24,66.38,67.81,138561,91.65,381,16914.0,12.21
CPPLUS, 10-Sep-2026,3662.0,3879.9,3662.0,3829.1,3746.1,215710,8175.17,35705,115978.0,53.77
CPS, 10-Sep-2026,1191.95,1224.0,1191.95,1223.0,1191.95,6900,83.15,8,4200.0,60.87
CPSEETF, 10-Sep-2026,95.9,95.9,94.51,94.78,94.79,565197,536.93,5977,340985.0,60.33
CRAFTSMAN, 10-Sep-2026,11800.0,11999.0,11231.0,11851.0,11806.0,71337,8345.45,25409,21549.0,30.21
CRAMC, 10-Sep-2026,238.5,241.0,238.0,240.05,238.7,189075,453.13,4688,104236.0,55.13
CRAVATEX, 10-Sep-2026,313.35,324.9,313.0,318.3,325.4,1421,4.47,50,1341.0,94.37
CREATIVEYE, 10-Sep-2026,6.77,6.77,5.16,6.07,6.13,130775,7.96,306,63701.0,48.71
CREDENT, 10-Sep-2026,359.0,373.95,351.05,362.35,355.35,155400,567.25,236,112800.0,72.59
CREDITACC, 10-Sep-2026,1397.1,1414.6,1394.0,1403.2,1396.2,88216,1238.62,14243,46656.0,52.89
CREST, 10-Sep-2026,360.15,375.0,350.0,357.4,361.35,6487,23.28,304,3477.0,53.6
CRESTO, 10-Sep-2026,16.0,16.61,15.5,16.01,16.0,59749,9.67,119,53193.0,89.03
CRISIL, 10-Sep-2026,4690.1,4779.6,4680.0,4721.7,4690.6,22193,1048.59,5626,11943.0,53.81
CRIZAC, 10-Sep-2026,177.0,180.99,174.12,179.7,176.04,242717,431.16,4912,122089.0,50.3
CROMPTON, 10-Sep-2026,234.0,234.0,229.74,230.0,232.96,2559289,5914.69,28222,1314643.0,51.37
CROWN, 10-Sep-2026,117.4,119.9,113.1,114.47,116.15,12728,14.87,134,8083.0,63.51
CSBBANK, 10-Sep-2026,314.9,315.7,306.55,307.6,311.1,353998,1098.99,15793,155990.0,44.07
CSLFINANCE, 10-Sep-2026,244.1,245.0,239.5,241.04,243.4,59861,144.53,1548,36803.0,61.48
CSM, 10-Sep-2026,92.85,97.64,92.28,94.96,93.31,892772,839.88,2547,360928.0,40.43
CSSL, 10-Sep-2026,93.0,93.5,93.0,93.5,93.0,3000,2.8,3,3000.0,100.0
CUB, 10-Sep-2026,232.0,232.99,224.95,226.45,231.67,1464969,3357.57,30818,760336.0,51.9
CUBEINVIT, 10-Sep-2026,156.99,157.42,156.8,156.93,156.99,476851,748.96,8940,462871.0,97.07
CUBEXTUB, 10-Sep-2026,81.7,81.88,76.8,77.2,79.99,75588,59.36,1267,40564.0,53.66
CUDML, 10-Sep-2026,105.25,111.05,105.0,108.45,107.45,38000,41.09,24,37000.0,97.37
CUMMINSIND, 10-Sep-2026,5170.5,5237.0,5069.5,5155.0,5170.5,817252,42295.79,33903,564361.0,69.06
CUPID, 10-Sep-2026,280.0,282.8,276.0,277.45,279.7,9575089,26822.31,75555,3394344.0,35.45
CURAA, 10-Sep-2026,75.88,75.88,75.88,75.88,75.88,1,0.0,1,1.0,100.0
CURIS, 10-Sep-2026,228.8,228.8,197.6,208.75,218.65,52000,111.28,50,34000.0,65.38
CURRENT, 10-Sep-2026,77.9,81.75,68.0,80.0,78.65,91200,67.3,47,64000.0,70.18
CYIENT, 10-Sep-2026,1075.1,1089.9,1070.0,1076.4,1075.1,187031,2018.78,14905,76844.0,41.09
CYIENTDLM, 10-Sep-2026,947.9,967.75,916.0,923.3,945.65,452175,4261.23,23627,182046.0,40.26
DABUR, 10-Sep-2026,370.45,377.75,369.0,376.45,371.55,2119982,7938.43,30614,1366586.0,64.46
DALBHARAT, 10-Sep-2026,1730.0,1762.2,1712.0,1745.3,1733.6,79405,1385.53,11043,32814.0,41.32
DALMIASUG, 10-Sep-2026,430.0,442.5,429.0,431.5,433.0,150046,652.01,4670,63172.0,42.1
DAMCAPITAL, 10-Sep-2026,144.4,146.0,142.5,142.78,144.87,189257,271.65,3018,87280.0,46.12
DANGEE, 10-Sep-2026,2.81,2.91,2.81,2.82,2.83,17138,0.49,103,8745.0,51.03
DANISH, 10-Sep-2026,890.9,943.8,890.9,936.45,873.55,85650,779.63,421,56400.0,65.85
DATAMATICS, 10-Sep-2026,776.6,783.9,760.2,780.45,773.05,84196,651.54,4601,38104.0,45.26
DATAPATTNS, 10-Sep-2026,4908.6,4928.2,4722.4,4777.2,4883.2,554842,26649.4,52785,118892.0,21.43
DAVANGERE, 10-Sep-2026,1.75,1.92,1.75,1.91,1.75,34419354,639.67,5496,24720059.0,71.82
DBCORP, 10-Sep-2026,191.79,193.8,189.0,189.67,190.55,65563,125.42,1769,46373.0,70.73
DBEIL, 10-Sep-2026,7.05,7.24,7.02,7.11,7.21,148523,10.55,462,99451.0,66.96
DBL, 10-Sep-2026,429.0,439.7,403.55,407.75,393.0,6474417,27189.39,102273,485701.0,7.5
DBOL, 10-Sep-2026,122.0,124.06,120.0,120.38,123.12,152749,186.23,2316,91395.0,59.83
DBREALTY, 10-Sep-2026,99.4,102.36,99.4,100.19,99.26,1079190,1086.82,7837,661821.0,61.33
DCAL, 10-Sep-2026,171.1,172.13,166.98,167.49,170.59,134059,226.28,2475,85758.0,63.97
DCBBANK, 10-Sep-2026,227.95,229.79,225.79,227.13,228.1,925685,2100.71,17543,471226.0,50.91
DCG, 10-Sep-2026,81.5,93.8,81.5,92.3,83.85,150000,135.32,112,109200.0,72.8
DCI, 10-Sep-2026,271.1,282.5,271.1,274.6,270.8,202786,562.14,5798,71199.0,35.11
DCMFINSERV, 10-Sep-2026,5.07,5.24,5.07,5.22,5.1,8291,0.43,42,7260.0,87.56
DCMNVL, 10-Sep-2026,176.25,179.0,175.01,175.2,177.0,11541,20.39,1135,5672.0,49.15
DCMSHRIRAM, 10-Sep-2026,997.0,1014.8,994.0,1007.5,997.6,46045,463.43,7700,22418.0,48.69
DCMSIL, 10-Sep-2026,69.1,75.4,69.1,72.36,69.78,139970,101.82,1630,92468.0,66.06
DCMSRIND, 10-Sep-2026,42.88,43.31,41.42,41.76,42.41,242444,102.13,1489,158768.0,65.49
DCW, 10-Sep-2026,48.0,48.85,46.85,47.06,48.14,1159726,554.32,5646,489699.0,42.23
DCXINDIA, 10-Sep-2026,171.01,172.97,166.52,167.56,171.27,339818,574.93,5401,177222.0,52.15
DDEVPLSTIK, 10-Sep-2026,266.35,266.9,253.1,256.0,265.55,282659,732.8,5032,181479.0,64.2
DECCANCE, 10-Sep-2026,570.75,574.9,560.4,571.75,565.5,21447,122.0,491,11516.0,53.7
DECCANTRAN, 10-Sep-2026,21.75,21.75,21.4,21.75,21.45,3600,0.78,3,2400.0,66.67
DECNGOLD, 10-Sep-2026,221.39,228.9,219.62,225.88,219.36,1682664,3786.73,25431,639272.0,37.99
DEEDEV, 10-Sep-2026,674.7,680.2,645.35,653.45,674.75,300005,1966.81,14499,170063.0,56.69
DEEM, 10-Sep-2026,40.15,42.0,40.15,42.0,42.2,2000,0.82,2,2000.0,100.0
DEEP, 10-Sep-2026,37.0,42.9,36.96,40.98,36.89,209619,86.39,1165,87253.0,41.62
DEEPA, 10-Sep-2026,203.1,203.8,193.6,196.04,201.23,4712667,9402.19,42347,1203275.0,25.53
DEEPAKFERT, 10-Sep-2026,1357.8,1364.8,1330.0,1335.6,1357.8,150640,2024.55,14148,69117.0,45.88
DEEPAKNTR, 10-Sep-2026,1642.0,1664.8,1633.5,1645.8,1641.9,414991,6829.7,13422,331332.0,79.84
DEEPINDS, 10-Sep-2026,796.6,804.9,780.1,782.8,792.7,243710,1926.2,14536,103824.0,42.6
DEFENCE, 10-Sep-2026,84.27,84.27,82.13,82.35,83.36,388395,320.52,980,200697.0,51.67
DELAPLEX, 10-Sep-2026,111.95,111.95,106.55,107.0,110.2,6600,7.17,11,4200.0,63.64
DELHIVERY, 10-Sep-2026,449.0,451.15,444.2,447.7,451.2,1333939,5972.44,19548,709056.0,53.16
DELTACORP, 10-Sep-2026,55.01,55.59,54.2,54.34,55.25,782143,427.92,4461,484337.0,61.92
DELTAMAGNT, 10-Sep-2026,58.99,58.99,55.4,56.82,57.1,10076,5.7,144,6435.0,63.86
DELTIC, 10-Sep-2026,34.5,35.0,34.1,34.25,35.9,28000,9.64,25,20000.0,71.43
DEN, 10-Sep-2026,27.0,27.36,27.0,27.05,27.21,269174,73.03,1076,200483.0,74.48
DENEERS, 10-Sep-2026,169.1,174.95,168.05,168.85,169.85,19200,32.71,31,7800.0,40.63
DENORA, 10-Sep-2026,801.8,814.4,801.0,802.05,805.75,1190,9.6,186,808.0,67.9
DENTA, 10-Sep-2026,285.45,293.9,284.7,287.45,283.2,152520,440.41,4386,55413.0,36.33
DENTALKART, 10-Sep-2026,405.0,405.0,389.0,390.0,399.2,13750,53.87,50,10000.0,72.73
DEVIT, 10-Sep-2026,23.91,24.75,23.8,23.97,23.9,75383,18.11,336,65652.0,87.09
DEVX, 10-Sep-2026,33.69,33.8,32.79,32.99,33.63,92173,30.67,917,73477.0,79.72
DEVYANI, 10-Sep-2026,138.0,140.1,135.26,135.92,137.17,978937,1343.8,14038,353516.0,36.11
DGCONTENT, 10-Sep-2026,24.9,25.18,23.91,24.09,24.72,7989,1.96,94,6479.0,81.1
DHAMPURSUG, 10-Sep-2026,170.0,172.79,165.25,166.33,170.93,379032,637.66,5002,149492.0,39.44
DHANBANK, 10-Sep-2026,30.35,31.07,30.35,30.73,30.68,221381,68.19,1456,119427.0,53.95
DHANLAXMI, 10-Sep-2026,23.6,23.6,23.6,23.6,23.6,4000,0.94,2,4000.0,100.0
DHANSA, 10-Sep-2026,33.0,34.05,31.5,34.05,32.45,60000,20.12,28,48000.0,80.0
DHANUKA, 10-Sep-2026,976.0,984.7,972.6,979.7,975.4,12867,126.1,1692,6413.0,49.84
DHARARAIL, 10-Sep-2026,141.05,145.0,141.05,143.0,142.0,4000,5.72,4,4000.0,100.0
DHARIWAL, 10-Sep-2026,28.7,29.1,26.8,29.05,27.75,645000,184.1,161,450000.0,69.77
DHARMAJ, 10-Sep-2026,269.95,271.0,267.3,270.0,270.2,24634,66.44,1171,15346.0,62.3
DHATRE, 10-Sep-2026,4.28,4.7,3.8,4.14,4.46,101237,4.26,235,78056.0,77.1
DHOOTTRANS, 10-Sep-2026,1607.0,1609.5,1550.9,1571.6,1596.5,1411231,22326.84,79957,278461.0,19.73
DHRUV, 10-Sep-2026,24.05,24.12,22.63,22.79,23.0,1902,0.44,59,1552.0,81.6
DHUNINV, 10-Sep-2026,1003.0,1015.0,982.0,991.5,999.9,605,6.02,125,452.0,74.71
DIAMINESQ, 10-Sep-2026,254.0,261.0,250.5,258.09,253.24,6347,16.31,393,4339.0,68.36
DIAMONDYD, 10-Sep-2026,1123.6,1126.8,1101.6,1115.6,1123.6,14173,157.71,1442,8903.0,62.82
DICIND, 10-Sep-2026,620.0,630.0,598.0,601.25,617.6,2387,14.63,192,1451.0,60.79
DIFFNKG, 10-Sep-2026,442.0,457.95,436.1,449.55,440.55,213290,953.51,7974,72397.0,33.94
DIGIDRIVE, 10-Sep-2026,17.48,17.73,17.2,17.47,17.46,5299,0.93,94,4662.0,87.98
DIGIKORE, 10-Sep-2026,40.2,40.2,37.4,38.15,39.05,30000,11.55,55,20800.0,69.33
DIGISPICE, 10-Sep-2026,16.48,16.82,16.01,16.53,16.31,109229,18.04,282,92853.0,85.01
DIGITIDE, 10-Sep-2026,93.0,94.14,87.8,88.28,92.69,360528,324.22,3622,205959.0,57.13
DIGJAMLMTD, 10-Sep-2026,52.98,61.84,52.97,61.84,51.54,732362,450.42,1260,487069.0,66.51
DISAQ, 10-Sep-2026,11990.0,11999.0,11712.0,11849.0,11929.0,277,32.78,209,79.0,28.52
DISHTV, 10-Sep-2026,2.5,2.51,2.39,2.39,2.5,1705526,41.44,1939,1544499.0,90.56
DIVGIITTS, 10-Sep-2026,1150.0,1198.0,1127.3,1171.3,1149.6,229899,2666.13,15704,119291.0,51.89
DIVIDEND, 10-Sep-2026,35.24,35.3,35.0,35.0,35.07,2543,0.89,51,2485.0,97.72
DIVINEHIRA, 10-Sep-2026,112.7,112.7,112.65,112.65,112.8,2400,2.7,2,2400.0,100.0
DIVISLAB, 10-Sep-2026,9600.5,9604.0,9386.5,9438.5,9488.0,338181,31976.34,35716,163495.0,48.35
DIVOPPBEES, 10-Sep-2026,76.73,76.73,74.95,75.31,75.23,35088,26.39,774,19530.0,55.66
DIXON, 10-Sep-2026,13845.0,13867.0,13355.0,13500.0,13845.0,467984,63421.67,75576,159240.0,34.03
DJML, 10-Sep-2026,84.0,84.95,79.7,81.75,82.03,104674,85.48,1635,40905.0,39.08
DLF, 10-Sep-2026,653.6,662.4,651.9,655.85,655.1,2509591,16519.29,45798,1149075.0,45.79
DLINKINDIA, 10-Sep-2026,436.0,439.2,432.1,433.8,436.05,44139,192.11,2005,22592.0,51.18
DMART, 10-Sep-2026,3725.1,3735.0,3664.0,3690.0,3735.0,265194,9761.57,22186,146707.0,55.32
DMCC, 10-Sep-2026,290.8,297.4,284.1,291.95,288.9,40701,118.68,1714,20477.0,50.31
DNAMEDIA, 10-Sep-2026,2.48,2.59,2.45,2.48,2.51,47020,1.17,123,37606.0,79.98
DODLA, 10-Sep-2026,1086.1,1099.8,1065.0,1090.1,1096.9,14361,156.36,2583,6214.0,43.27
DOLATALGO, 10-Sep-2026,69.6,70.95,69.01,69.77,69.38,80374,56.33,1037,34566.0,43.01
DOLLAR, 10-Sep-2026,274.9,275.2,268.05,271.8,273.1,81680,222.01,2446,51443.0,62.98
DOLLEX, 10-Sep-2026,39.95,39.95,38.4,39.05,39.75,168000,65.23,36,132000.0,78.57
DOLPHIN, 10-Sep-2026,685.0,694.55,645.3,654.0,685.0,33629,222.81,1817,15612.0,46.42
DOMS, 10-Sep-2026,2195.0,2198.5,2155.1,2165.6,2190.8,14571,317.17,3018,7646.0,52.47
DONEAR, 10-Sep-2026,85.01,87.19,85.01,85.21,85.54,11551,9.87,249,6468.0,56.0
DPABHUSHAN, 10-Sep-2026,1397.7,1406.7,1355.0,1369.3,1397.7,19756,272.68,2077,12764.0,64.61
DPEL, 10-Sep-2026,641.0,655.0,634.0,641.9,636.35,112000,724.49,213,75500.0,67.41
DRAGARWQ, 10-Sep-2026,5266.5,5348.0,5266.5,5306.0,5241.5,2708,143.65,352,2439.0,90.07
DRCSYSTEMS, 10-Sep-2026,13.19,13.19,12.68,12.86,12.97,30616,3.92,269,23649.0,77.24
DREAMFOLKS, 10-Sep-2026,68.3,69.0,66.82,67.12,68.55,30293,20.53,722,19406.0,64.06
DREDGECORP, 10-Sep-2026,1042.0,1054.0,1022.1,1030.7,1040.5,57460,594.7,4963,29200.0,50.82
DRONE, 10-Sep-2026,33.2,33.9,33.0,33.4,33.3,17000,5.69,27,14000.0,82.35
DRREDDY, 10-Sep-2026,1140.0,1147.2,1134.9,1143.0,1145.0,1684792,19208.67,44626,1254660.0,74.47
DSSL, 10-Sep-2026,1033.6,1040.8,1022.0,1032.2,1022.0,22889,235.56,2279,11911.0,52.04
DTL, 10-Sep-2026,128.0,128.0,128.0,128.0,128.0,2400,3.07,1,2400.0,100.0
DUCOL, 10-Sep-2026,121.0,128.9,118.0,126.55,119.45,24000,29.81,28,18400.0,76.67
DUCON, 10-Sep-2026,1.82,1.83,1.76,1.78,1.8,1751220,31.42,625,1460924.0,83.42
DUGLOBAL, 10-Sep-2026,21.45,22.95,21.3,21.7,23.0,50000,10.93,18,32500.0,65.0
DURLAX, 10-Sep-2026,63.55,63.9,61.0,61.45,63.75,126000,78.21,54,82000.0,65.08
DVL, 10-Sep-2026,290.85,291.5,280.05,285.1,289.2,17742,50.71,488,12924.0,72.84
DWARKESH, 10-Sep-2026,46.99,47.44,45.4,45.78,46.72,1547426,715.84,6765,395725.0,25.57
DYCL, 10-Sep-2026,457.7,477.0,452.0,454.65,456.5,856388,3977.33,24635,281736.0,32.9
DYNAMATECH, 10-Sep-2026,11625.0,11785.0,11402.0,11543.0,11625.0,12225,1421.25,3913,5035.0,41.19
DYNAMIC, 10-Sep-2026,142.25,155.8,141.85,142.65,149.25,20500,30.14,40,14500.0,70.73
DYNPRO, 10-Sep-2026,239.76,244.0,232.5,237.05,235.09,19689,47.14,692,13979.0,71.0
E2ERAIL, 10-Sep-2026,357.0,380.0,357.0,363.6,360.6,124000,456.91,122,31200.0,25.16
EASEMYTRIP, 10-Sep-2026,5.99,5.99,5.78,5.79,5.97,32925809,1919.68,14691,14069171.0,42.73
EASTWEST, 10-Sep-2026,2.3,2.36,2.28,2.34,2.3,16616,0.39,100,10305.0,62.02
EBANK10, 10-Sep-2026,16.46,16.5,16.21,16.25,16.38,842,0.14,24,649.0,77.08
EBANKNIFTY, 10-Sep-2026,56.87,57.24,56.87,57.06,57.15,305,0.17,21,290.0,95.08
EBBETF0430, 10-Sep-2026,1609.16,1617.8,1609.16,1612.2,1612.43,2701,43.56,244,1982.0,73.38
EBBETF0431, 10-Sep-2026,1442.0,1442.0,1431.07,1439.23,1435.07,1272,18.26,87,899.0,70.68
EBBETF0433, 10-Sep-2026,1318.99,1318.99,1306.31,1309.17,1313.47,1674,21.96,104,997.0,59.56
EBGNG, 10-Sep-2026,685.0,704.9,663.0,677.95,675.8,1283090,8751.63,43399,302953.0,23.61
ECAPINSURE, 10-Sep-2026,23.4,23.5,23.23,23.28,23.47,159679,37.23,292,133802.0,83.79
ECLERX, 10-Sep-2026,1930.0,1930.1,1890.4,1899.8,1922.6,72761,1388.71,10475,31403.0,43.16
ECOLINE, 10-Sep-2026,170.0,171.0,170.0,171.0,169.0,2000,3.41,2,2000.0,100.0
ECORECO, 10-Sep-2026,444.45,452.9,435.0,437.25,444.45,14410,63.26,911,10722.0,74.41
ECOSMOBLTY, 10-Sep-2026,111.97,112.99,111.1,111.73,111.44,36273,40.55,900,22274.0,61.41
EDELWEISS, 10-Sep-2026,132.21,140.9,131.2,136.74,133.63,16928746,23104.4,83722,7481933.0,44.2
EEPL, 10-Sep-2026,138.0,138.5,136.1,136.25,140.45,15000,20.59,12,15000.0,100.0
EFACTOR, 10-Sep-2026,172.95,172.95,167.05,170.85,168.0,20000,34.05,30,15600.0,78.0
EFCIL, 10-Sep-2026,189.0,190.74,186.45,188.04,189.52,109913,206.9,2159,65695.0,59.77
EFFWA, 10-Sep-2026,375.0,377.7,365.0,371.65,372.0,12400,46.12,28,8400.0,67.74
EFORCE, 10-Sep-2026,19.15,19.95,19.15,19.4,19.6,3600,0.7,3,2400.0,66.67
EGOLD, 10-Sep-2026,153.7,153.7,152.2,152.6,152.2,811853,1238.93,554,803484.0,98.97
EICHERMOT, 10-Sep-2026,7713.0,7746.0,7637.5,7697.0,7734.5,289058,22178.3,29251,152577.0,52.78
EIDPARRY, 10-Sep-2026,750.0,761.0,731.6,733.95,756.7,342075,2537.09,19203,167353.0,48.92
EIEL, 10-Sep-2026,211.03,215.74,209.0,211.65,206.06,5829468,12379.52,54611,948548.0,16.27
EIHAHOTELS, 10-Sep-2026,292.1,295.15,290.0,291.55,293.3,9363,27.34,691,5631.0,60.14
EIHOTEL, 10-Sep-2026,288.95,290.0,281.35,285.05,289.35,131511,376.62,5787,76503.0,58.17
EIMCOELECO, 10-Sep-2026,2205.1,2344.5,2205.0,2291.4,2221.6,45900,1051.95,6094,22899.0,49.89
EKC, 10-Sep-2026,103.3,104.08,102.0,102.39,103.3,89007,91.55,1764,48683.0,54.7
EKI, 10-Sep-2026,71.01,72.5,70.0,70.73,71.38,15668,11.1,484,10771.0,68.75
ELANTAS, 10-Sep-2026,13618.0,13899.0,13351.0,13397.0,13618.0,3335,452.16,1688,1276.0,38.26
ELCIDIN, 10-Sep-2026,105590.0,107995.0,105590.0,106400.0,108000.0,14,14.93,12,10.0,71.43
ELDEHSG, 10-Sep-2026,799.0,799.0,775.0,781.6,775.4,205,1.6,35,178.0,86.83
ELECON, 10-Sep-2026,419.55,423.85,418.0,420.5,419.4,155904,656.07,7961,55147.0,35.37
ELECTCAST, 10-Sep-2026,78.2,80.49,78.19,79.86,78.24,1266962,1009.34,13057,677377.0,53.46
ELECTHERM, 10-Sep-2026,963.45,968.3,940.0,943.0,965.0,13574,129.12,503,8761.0,64.54
ELGIEQUIP, 10-Sep-2026,621.8,624.9,602.5,621.6,618.85,574129,3521.36,30170,230981.0,40.23
ELGIRUBCO, 10-Sep-2026,62.82,63.54,59.36,59.87,62.82,62106,38.01,1096,37478.0,60.35
ELGNZ, 10-Sep-2026,88.0,88.0,85.0,85.65,88.0,19000,16.39,17,13000.0,68.42
ELIN, 10-Sep-2026,95.51,96.95,92.2,92.62,96.29,217355,203.93,3165,127364.0,58.6
ELIQUID, 10-Sep-2026,1047.08,1047.1,1047.08,1047.09,1046.97,22275,233.24,19,11890.0,53.38
ELITECON, 10-Sep-2026,7.08,7.82,7.08,7.8,7.45,33059819,2560.81,27794,20798375.0,62.91
ELLEN, 10-Sep-2026,359.0,378.6,345.5,373.5,355.05,3092748,11257.33,54772,1005229.0,32.5
ELM250, 10-Sep-2026,16.65,16.8,16.12,16.3,16.52,114662,18.87,843,62551.0,54.55
ELMDIV, 10-Sep-2026,35.81,36.05,35.4,35.81,35.6,9467,3.41,29,8892.0,93.93
ELPROINTL, 10-Sep-2026,175.8,175.8,173.45,173.76,174.87,11047,19.23,166,9619.0,87.07
EMAMILTD, 10-Sep-2026,370.45,374.85,369.1,370.85,369.1,3326974,12393.21,45414,2181135.0,65.56
EMAMIREAL, 10-Sep-2026,72.0,72.45,70.0,72.31,69.0,43862,31.68,639,38834.0,88.54
EMAPARTNER, 10-Sep-2026,81.8,83.5,78.6,80.0,83.0,11000,8.91,11,8000.0,72.73
EMBASSY, 10-Sep-2026,439.6,440.39,436.1,438.98,439.63,450803,1978.51,19722,413795.0,91.79
EMBDL, 10-Sep-2026,57.3,58.7,57.06,57.6,57.34,1393725,805.6,5491,705063.0,50.59
EMCURE, 10-Sep-2026,1926.1,1988.0,1914.5,1962.8,1914.4,248776,4893.25,29518,121061.0,48.66
EMETAL, 10-Sep-2026,13.53,13.53,13.22,13.49,13.4,4489,0.6,40,3632.0,80.91
EMIL, 10-Sep-2026,182.4,196.4,180.23,191.82,182.65,7121916,13577.92,89123,2411776.0,33.86
EMKAY, 10-Sep-2026,253.5,254.7,248.6,249.2,250.75,10735,26.97,341,6951.0,64.75
EMKAYTOOLS, 10-Sep-2026,92.75,94.8,92.25,94.8,94.95,1200,1.11,8,1050.0,87.5
EMMIL, 10-Sep-2026,120.15,124.8,119.0,120.0,125.0,14250,17.16,48,12500.0,87.72
EMMVEE, 10-Sep-2026,328.9,344.9,328.6,342.65,328.9,5005240,17010.1,76774,1840015.0,36.76
EMPIND, 10-Sep-2026,1077.0,1077.5,1041.2,1062.5,1076.6,7162,75.48,662,4843.0,67.62
EMPOWER, 10-Sep-2026,2.13,2.2,2.13,2.19,2.1,18816331,412.26,2982,9139072.0,48.57
EMSLIMITED, 10-Sep-2026,386.95,393.0,382.0,391.4,385.8,298288,1155.4,8369,93787.0,31.44
EMUDHRA, 10-Sep-2026,511.2,515.35,492.35,497.9,511.5,167411,846.09,4287,102008.0,60.93
EMULTIMQ, 10-Sep-2026,42.55,42.64,41.9,42.1,42.19,14928,6.28,132,9774.0,65.47
ENCOMPAS, 10-Sep-2026,260.0,262.25,258.0,259.0,262.0,2000,5.21,5,2000.0,100.0
ENDURANCE, 10-Sep-2026,2743.5,2762.2,2691.0,2715.9,2755.7,119092,3229.01,23568,65291.0,54.82
ENERGY, 10-Sep-2026,38.71,38.94,38.39,38.42,38.71,423910,163.23,981,348779.0,82.28
ENERGYAXIS, 10-Sep-2026,19.4,19.7,19.1,19.18,19.3,9880,1.9,79,7325.0,74.14
ENERGYDEV, 10-Sep-2026,14.89,15.3,14.36,15.12,14.89,43848,6.5,386,35295.0,80.49
ENEXT50, 10-Sep-2026,72.97,72.97,72.1,72.1,72.6,1048,0.76,10,1021.0,97.42
ENGINERSIN, 10-Sep-2026,273.6,277.8,270.1,272.05,273.1,1648920,4514.95,32574,564416.0,34.23
ENIFTY, 10-Sep-2026,23.58,23.71,23.58,23.61,23.7,12198,2.89,47,11939.0,97.88
ENIL, 10-Sep-2026,100.25,104.72,100.25,101.74,100.72,11082,11.29,216,6031.0,54.42
ENKEIWHEL, 10-Sep-2026,403.0,408.5,388.0,392.2,402.9,4532,18.02,178,3996.0,88.17
ENRIN, 10-Sep-2026,3215.7,3228.2,3167.2,3179.1,3183.7,212471,6766.61,31461,99189.0,46.68
ENSER, 10-Sep-2026,14.15,15.15,14.15,14.8,15.25,40000,5.9,7,35000.0,87.5
ENTERO, 10-Sep-2026,1835.7,1850.0,1779.7,1792.9,1828.3,166179,2987.45,19489,106403.0,64.03
ENVIRO, 10-Sep-2026,69.5,71.0,69.4,69.4,69.5,15000,10.5,13,7000.0,46.67
EPACK, 10-Sep-2026,188.0,189.77,186.81,188.14,188.15,315594,594.52,5256,141962.0,44.98
EPACKPEB, 10-Sep-2026,249.39,249.71,238.2,239.03,248.14,358765,867.17,8383,151094.0,42.12
EPIGRAL, 10-Sep-2026,1166.1,1175.0,1140.0,1149.8,1163.9,35996,413.81,3029,22356.0,62.11
EPL, 10-Sep-2026,246.3,251.2,244.25,245.25,246.7,1241067,3062.03,18622,576441.0,46.45
EPWINDIA, 10-Sep-2026,245.0,255.05,240.0,255.05,242.95,10800,27.12,9,10800.0,100.0
EQUAL200, 10-Sep-2026,13.69,13.69,13.61,13.64,13.69,10136,1.38,59,9710.0,95.8
EQUAL50, 10-Sep-2026,325.0,325.49,323.87,324.87,325.08,3966,12.89,28,2591.0,65.33
EQUAL50ADD, 10-Sep-2026,337.54,337.54,335.33,335.86,336.38,6652,22.34,243,5595.0,84.11
EQUITASBNK, 10-Sep-2026,72.9,73.35,71.96,72.63,72.7,1259639,912.12,10614,627791.0,49.84
ERIS, 10-Sep-2026,1335.0,1360.9,1325.0,1356.6,1335.0,39505,532.38,4344,13913.0,35.22
ESABINDIA, 10-Sep-2026,5903.5,5953.0,5813.0,5824.0,5932.0,3495,204.65,1418,2098.0,60.03
ESCONET, 10-Sep-2026,244.0,254.0,234.0,252.6,246.2,18000,44.27,41,17200.0,95.56
ESCORTS, 10-Sep-2026,2989.2,3002.2,2951.0,2958.4,2989.2,25353,753.36,6519,13077.0,51.58
ESDS, 10-Sep-2026,1520.0,1582.7,1330.0,1582.2,1438.85,15676632,234907.03,650971,2788363.0,17.79
ESENSEX, 10-Sep-2026,75.49,75.54,75.1,75.45,75.63,1089,0.82,26,1082.0,99.36
ESFL, 10-Sep-2026,115.05,116.0,114.55,115.4,115.55,8280,9.55,19,6120.0,73.91
ESG, 10-Sep-2026,40.37,40.39,40.18,40.18,40.42,64497,25.92,197,63060.0,97.77
ESILVER, 10-Sep-2026,234.15,236.17,233.0,233.29,232.93,24359,57.2,1068,7450.0,30.58
ESSARSHPNG, 10-Sep-2026,16.1,16.22,16.01,16.1,16.04,67976,10.96,421,53284.0,78.39
ESSENTIA, 10-Sep-2026,1.07,1.09,1.06,1.06,1.06,1170605,12.51,575,1005911.0,85.93
ESTER, 10-Sep-2026,91.45,92.5,90.03,90.54,91.02,50678,46.28,1164,23867.0,47.1
ETERNAL, 10-Sep-2026,322.7,322.9,317.55,322.1,320.6,15557911,49898.78,111005,9296932.0,59.76
ETHOSLTD, 10-Sep-2026,2762.2,2778.0,2652.7,2687.4,2744.0,68034,1846.92,9259,40286.0,59.21
ETL, 10-Sep-2026,1079.9,1099.95,1040.0,1040.0,1079.9,900,9.57,6,900.0,100.0
ETML, 10-Sep-2026,82.95,82.95,81.35,81.35,80.55,9600,7.88,6,8400.0,87.5
EUREKAFORB, 10-Sep-2026,403.0,406.75,395.6,397.35,399.35,147592,589.69,7760,89318.0,60.52
EUROBOND, 10-Sep-2026,154.0,154.0,148.0,150.0,150.15,929,1.39,53,849.0,91.39
EUROPRATIK, 10-Sep-2026,252.15,256.9,244.8,247.75,254.4,261511,662.07,3089,59226.0,22.65
EVEREADY, 10-Sep-2026,348.0,369.4,347.65,366.2,349.4,742503,2672.09,12402,409060.0,55.09
EVIETF, 10-Sep-2026,32.27,32.84,32.0,32.14,32.24,44236,14.23,643,23360.0,52.81
EVINDIA, 10-Sep-2026,32.26,32.34,32.08,32.13,32.26,156859,50.53,1647,105079.0,66.99
EXCELINDUS, 10-Sep-2026,989.4,1001.0,989.4,992.6,989.4,4803,47.75,565,2756.0,57.38
EXCELSOFT, 10-Sep-2026,74.6,83.4,74.06,80.08,75.23,9554776,7707.13,57877,1732501.0,18.13
EXICOM, 10-Sep-2026,180.42,183.8,175.1,176.73,180.42,1218667,2177.42,14254,405587.0,33.28
EXIDEIND, 10-Sep-2026,411.0,424.0,411.0,420.85,410.75,3849629,16209.28,60647,1365321.0,35.47
EXIMROUTES, 10-Sep-2026,109.0,109.0,109.0,109.0,110.0,24000,26.16,2,24000.0,100.0
EXPLEOSOL, 10-Sep-2026,877.6,898.0,875.35,883.8,877.6,17439,154.25,1883,8057.0,46.2
EXXARO, 10-Sep-2026,6.64,6.64,6.23,6.37,6.45,396906,25.31,640,291113.0,73.35
FABTECH, 10-Sep-2026,149.9,154.45,146.15,147.42,147.65,213570,320.53,3432,69200.0,32.4
FACT, 10-Sep-2026,787.0,809.55,785.0,789.95,786.4,167703,1330.65,9885,41969.0,25.03
FASCINATE, 10-Sep-2026,56.25,57.1,55.4,55.9,54.4,212000,120.16,184,136800.0,64.53
FAZE3Q, 10-Sep-2026,486.1,492.25,482.1,486.4,484.8,8746,42.59,439,2941.0,33.63
FCL, 10-Sep-2026,58.65,61.73,58.05,58.71,58.43,30215858,17973.18,79990,5822688.0,19.27
FCSSOFT, 10-Sep-2026,1.42,1.43,1.4,1.41,1.42,1067673,15.13,945,571850.0,53.56
FDC, 10-Sep-2026,356.75,356.75,344.55,345.35,354.3,115269,401.39,9101,56276.0,48.82
FEDDERSHOL, 10-Sep-2026,49.5,50.32,48.4,48.42,48.5,4104988,2004.9,4945,956009.0,23.29
FEDERALBNK, 10-Sep-2026,343.85,347.05,343.75,346.0,345.0,5314983,18357.1,49963,3216432.0,60.52
FEDFINA, 10-Sep-2026,157.25,160.38,156.82,158.88,156.94,454377,720.89,7177,226071.0,49.75
FELIX, 10-Sep-2026,223.95,223.95,217.0,220.45,222.3,65500,144.32,87,52500.0,80.15
FERMENTA, 10-Sep-2026,494.75,499.45,479.5,483.65,494.4,54975,266.94,4940,32229.0,58.62
FIBERWEB, 10-Sep-2026,26.24,27.0,26.0,26.98,26.11,24076,6.42,283,18675.0,77.57
FIDEL, 10-Sep-2026,139.5,146.0,139.5,139.75,149.95,5000,7.05,5,4000.0,80.0
FIEMIND, 10-Sep-2026,2010.0,2022.9,1980.0,1986.8,2021.6,61931,1239.55,10474,37361.0,60.33
FILATEX, 10-Sep-2026,75.4,76.53,75.16,76.25,75.55,654464,496.89,4674,296244.0,45.27
FILATFASH, 10-Sep-2026,0.18,0.19,0.18,0.18,0.18,19161585,35.21,1688,16235598.0,84.73
FINBUD, 10-Sep-2026,132.0,134.0,128.05,130.9,131.1,22000,28.71,22,17000.0,77.27
FINCABLES, 10-Sep-2026,1355.0,1429.0,1336.7,1418.4,1353.4,2351771,32693.76,88426,714723.0,30.39
FINEORG, 10-Sep-2026,5172.0,5188.5,5122.0,5156.0,5148.5,12118,624.8,4264,6440.0,53.14
FINIETF, 10-Sep-2026,32.67,32.67,32.13,32.36,32.32,290087,93.68,921,210709.0,72.64
FINKURVE, 10-Sep-2026,68.11,70.49,66.5,66.73,67.57,129793,88.43,5313,23476.0,18.09
FINOPB, 10-Sep-2026,137.9,141.54,137.41,139.95,137.64,463691,647.93,5734,85654.0,18.47
FINPIPE, 10-Sep-2026,156.0,158.5,156.0,157.08,156.71,286323,449.05,9200,163016.0,56.93
FIRSTCRY, 10-Sep-2026,172.0,174.52,170.0,171.38,172.52,814837,1400.12,16043,273373.0,33.55
FISCHER, 10-Sep-2026,35.01,35.55,34.59,34.9,34.78,451549,157.67,1714,289882.0,64.2
FIVESTAR, 10-Sep-2026,531.05,534.85,527.3,530.65,533.05,155615,825.04,11965,86446.0,55.55
FLAIR, 10-Sep-2026,241.9,241.9,236.56,238.54,238.56,98152,235.62,1288,43947.0,44.77
FLEXIADD, 10-Sep-2026,9.97,10.17,9.77,9.79,9.85,112300,11.03,410,102025.0,90.85
FLUOROCHEM, 10-Sep-2026,4737.8,4887.9,4737.8,4786.3,4754.8,170274,8193.13,20287,87063.0,51.13
FLYSBS, 10-Sep-2026,683.0,710.0,682.0,687.4,681.25,102000,709.21,365,62200.0,60.98
FMCGADD, 10-Sep-2026,46.05,46.05,45.36,45.4,46.15,23131,10.54,307,13367.0,57.79
FMCGIETF, 10-Sep-2026,49.39,49.39,48.56,48.65,48.89,1894394,923.61,5772,1454009.0,76.75
FMGOETZE, 10-Sep-2026,460.0,463.55,441.3,443.55,455.45,503177,2268.88,12125,171305.0,34.04
FMNL, 10-Sep-2026,9.07,9.73,9.07,9.15,9.31,34831,3.24,108,15760.0,45.25
FONEBOX, 10-Sep-2026,119.05,119.05,119.05,119.05,113.4,4000,4.76,4,4000.0,100.0
FOODSIN, 10-Sep-2026,59.0,59.7,55.35,56.77,57.98,116129,67.32,2056,64532.0,55.57
FORCAS, 10-Sep-2026,224.3,236.0,224.2,224.2,236.0,25600,58.07,14,25600.0,100.0
FORCEMOT, 10-Sep-2026,17419.0,18339.0,17349.0,18175.0,17355.0,222791,40180.05,54449,69749.0,31.31
FORGEAUTO, 10-Sep-2026,103.5,107.0,103.5,106.0,103.5,8400,8.81,7,8400.0,100.0
FORTIS, 10-Sep-2026,914.65,915.0,900.6,902.45,915.0,963139,8743.42,26256,526130.0,54.63
FOSECOIND, 10-Sep-2026,6060.0,6324.0,6060.0,6194.0,6080.0,10101,629.01,3753,2842.0,28.14
FRACTAL, 10-Sep-2026,780.0,784.3,764.55,766.65,777.65,244109,1890.48,19035,118424.0,48.51
FREDUN, 10-Sep-2026,1460.0,1493.0,1418.2,1461.2,1439.2,44072,641.78,5916,17380.0,39.44
FRESHARA, 10-Sep-2026,477.5,493.95,475.0,486.4,475.15,28800,139.7,46,24600.0,85.42
FROG, 10-Sep-2026,253.0,270.0,250.5,263.05,257.95,48000,126.46,82,42800.0,89.17
FRONTSP, 10-Sep-2026,1272.2,1275.1,1250.0,1255.0,1263.9,7869,99.29,1222,4143.0,52.65
FSL, 10-Sep-2026,254.95,257.35,250.3,251.35,254.75,332027,841.79,11437,143126.0,43.11
FUSION, 10-Sep-2026,195.65,196.68,189.98,190.68,194.93,702387,1348.11,14606,478610.0,68.14
GABRIEL, 10-Sep-2026,1360.8,1368.0,1328.4,1338.7,1360.8,97710,1319.12,10575,36761.0,37.62
GAEL, 10-Sep-2026,168.15,170.95,164.0,164.8,166.39,646957,1075.84,10799,294232.0,45.48
GAIL, 10-Sep-2026,174.0,176.5,173.25,174.49,174.9,4397343,7681.71,27673,2446284.0,55.63
GAJA, 10-Sep-2026,160.24,163.9,153.25,155.33,158.69,1928025,3048.09,27727,547222.0,28.38
GAJANAND, 10-Sep-2026,8.5,8.5,8.5,8.5,8.6,3000,0.26,1,3000.0,100.0
GALAPREC, 10-Sep-2026,1054.8,1054.9,1015.0,1038.0,1048.1,21452,221.0,2302,11741.0,54.73
GALAXYSURF, 10-Sep-2026,2300.1,2330.0,2226.0,2247.4,2288.9,40182,915.87,7718,15916.0,39.61
GALLANTT, 10-Sep-2026,557.1,568.7,550.0,553.25,557.1,52214,290.47,5478,24209.0,46.36
GANDHAR, 10-Sep-2026,269.0,278.0,269.0,271.3,265.85,1490894,4087.89,20340,595572.0,39.95
GANDHITUBE, 10-Sep-2026,900.0,902.95,889.1,899.3,898.8,2826,25.37,271,1851.0,65.5
GANECOS, 10-Sep-2026,1023.7,1062.4,1009.6,1048.6,1020.5,110267,1152.63,8056,42655.0,38.68
GANESHCP, 10-Sep-2026,168.67,170.0,165.5,166.98,167.58,317609,530.55,2395,234164.0,73.73
GANESHHOU, 10-Sep-2026,757.3,784.1,754.7,772.95,758.5,23060,178.29,1668,13671.0,59.28
GANESHIN, 10-Sep-2026,96.85,99.5,95.0,98.85,96.85,36800,35.51,37,33600.0,91.3
GANGABATH, 10-Sep-2026,20.4,20.5,20.4,20.5,20.4,6000,1.23,2,6000.0,100.0
GANGAFORGE, 10-Sep-2026,1.63,1.63,1.55,1.6,1.59,3183731,51.04,1423,1694823.0,53.23
GANGESSECU, 10-Sep-2026,116.99,119.46,115.5,115.62,115.99,1949,2.27,45,1659.0,85.12
GARFIBRES, 10-Sep-2026,810.3,829.9,771.25,784.5,814.6,216497,1746.04,8697,172678.0,79.76
GARUDA, 10-Sep-2026,181.99,183.19,177.65,179.29,181.95,680295,1228.41,9517,237792.0,34.95
GATEWAY, 10-Sep-2026,53.35,54.5,53.35,53.65,53.51,347943,186.81,2831,203395.0,58.46
GAYAHWS, 10-Sep-2026,1.94,1.95,1.85,1.9,1.94,125320,2.4,234,99761.0,79.61
GAYAPROJ, 10-Sep-2026,23.7,24.82,23.3,24.8,23.64,2185895,536.64,4011,1595319.0,72.98
GCHOTELS, 10-Sep-2026,98.7,98.7,95.2,96.2,99.4,24600,23.89,41,15600.0,63.41
GCSL, 10-Sep-2026,605.0,616.9,603.85,614.8,601.9,241437,1472.28,3571,50445.0,20.89
GEEKAYWIRE, 10-Sep-2026,27.9,29.84,27.8,28.62,27.91,49534,14.15,402,32821.0,66.26
GEMAROMA, 10-Sep-2026,166.67,172.6,163.5,165.09,164.83,111999,187.71,2116,53437.0,47.71
GENCON, 10-Sep-2026,42.98,42.98,41.4,41.91,42.03,381933,161.48,874,120316.0,31.5
GENESYS, 10-Sep-2026,274.31,323.23,265.63,299.67,274.31,9166324,28108.69,137146,1062077.0,11.59
GENUSPAPER, 10-Sep-2026,12.45,13.09,11.85,12.1,12.19,393870,48.57,1267,176738.0,44.87
GENUSPOWER, 10-Sep-2026,329.0,332.3,325.05,326.15,329.0,788425,2580.4,15730,406099.0,51.51
GENXAI, 10-Sep-2026,83.5,84.65,82.0,82.6,84.0,20400,17.02,17,19200.0,94.12
GEOJITFSL, 10-Sep-2026,80.12,80.93,79.01,79.47,80.12,255965,203.82,2638,123915.0,48.41
GESHIP, 10-Sep-2026,1394.0,1426.9,1393.0,1400.2,1393.4,1104013,15509.62,51287,599404.0,54.29
GFLLIMITED, 10-Sep-2026,57.5,59.9,57.16,58.44,57.35,107699,63.07,1600,57885.0,53.75
GFSTEELS, 10-Sep-2026,19.96,19.96,19.96,19.96,18.15,2461,0.49,18,2461.0,100.0
GGBL, 10-Sep-2026,215.9,215.9,209.4,215.55,214.35,33300,70.59,95,24600.0,73.87
GHCL, 10-Sep-2026,426.3,428.9,421.0,424.7,426.3,92301,391.72,5926,62578.0,67.8
GHCLTEXTIL, 10-Sep-2026,134.72,134.88,130.5,132.54,133.67,233354,308.6,3214,143624.0,61.55
GICHSGFIN, 10-Sep-2026,137.31,138.51,135.6,136.12,137.15,77138,105.46,1355,54038.0,70.05
GICL, 10-Sep-2026,23.75,24.7,23.5,24.33,24.4,218956,53.22,739,125379.0,57.26
GICRE, 10-Sep-2026,349.45,350.2,342.95,343.7,349.9,350856,1214.76,8177,196295.0,55.95
GILLANDERS, 10-Sep-2026,104.0,105.49,102.0,102.37,102.2,2570,2.63,46,2234.0,86.93
GILLETTE, 10-Sep-2026,7479.5,7480.0,7365.5,7385.5,7479.5,5223,386.52,2276,2878.0,55.1
GILT10BETA, 10-Sep-2026,26.79,26.79,26.28,26.71,26.79,917,0.24,11,869.0,94.77
GILT5BETA, 10-Sep-2026,67.2,67.2,65.99,67.19,67.02,1611,1.08,13,1547.0,96.03
GILT5YBEES, 10-Sep-2026,66.54,66.54,66.26,66.28,66.36,105046,69.69,561,73078.0,69.57
GIPCL, 10-Sep-2026,202.0,204.49,200.01,201.3,201.04,352513,711.66,6903,203775.0,57.81
GIRIRAJ, 10-Sep-2026,80.95,85.6,77.5,80.5,81.55,21000,17.5,59,10500.0,50.0
GJL, 10-Sep-2026,260.0,260.0,260.0,260.0,250.0,800,2.08,1,800.0,100.0
GKB, 10-Sep-2026,68.0,68.0,64.0,65.09,66.43,5467,3.55,109,5034.0,92.08
GKENERGY, 10-Sep-2026,132.0,132.0,127.5,128.01,127.21,515968,665.95,6255,217589.0,42.17
GKSL, 10-Sep-2026,175.0,177.01,172.87,173.22,176.02,142017,248.04,2627,72639.0,51.15
GKWLIMITED, 10-Sep-2026,1570.4,1572.2,1550.0,1556.3,1588.8,114,1.77,22,112.0,98.25
GLAND, 10-Sep-2026,3031.0,3031.0,2918.9,2946.9,3026.2,368835,10947.11,30087,178191.0,48.31
GLAXO, 10-Sep-2026,2934.8,2961.8,2832.2,2840.9,2890.2,38562,1112.64,7587,13575.0,35.2
GLENMARK, 10-Sep-2026,2445.9,2449.9,2403.1,2415.0,2435.0,262107,6348.89,25792,151319.0,57.73
GLFL, 10-Sep-2026,5.37,5.4,5.13,5.26,5.37,13469,0.71,39,11762.0,87.33
GLOBAL, 10-Sep-2026,126.0,128.54,121.94,123.56,125.94,81499,102.48,1215,40595.0,49.81
GLOBALE, 10-Sep-2026,11.19,11.3,10.75,10.85,11.3,2969,0.32,19,2968.0,99.97
GLOBALPET, 10-Sep-2026,167.0,174.7,167.0,174.65,166.45,30000,52.06,32,22500.0,75.0
GLOBALVECT, 10-Sep-2026,140.4,140.4,138.0,138.35,139.03,5519,7.65,192,4540.0,82.26
GLOBE, 10-Sep-2026,1.85,1.87,1.8,1.85,1.82,328839,6.0,340,244968.0,74.49
GLOBECIVIL, 10-Sep-2026,43.75,45.97,43.75,44.55,44.72,23740,10.69,481,14046.0,59.17
GLOBUSSPR, 10-Sep-2026,854.0,854.7,835.0,837.55,849.8,88143,741.4,5977,50838.0,57.68
GLOSTERLTD, 10-Sep-2026,607.5,607.5,590.0,599.45,597.55,653,3.93,42,392.0,60.03
GLOTTIS, 10-Sep-2026,59.89,60.37,58.5,58.74,59.03,43296,25.92,511,33698.0,77.83
GMBREW, 10-Sep-2026,917.7,926.0,911.0,912.5,917.7,19971,183.22,1816,10377.0,51.96
GMDCLTD, 10-Sep-2026,578.8,601.0,577.0,580.4,574.55,4880225,28799.89,94420,790810.0,16.2
GML, 10-Sep-2026,16.05,16.55,16.05,16.55,16.85,8000,1.31,4,6000.0,75.0
GMMPFAUDLR, 10-Sep-2026,1305.4,1325.8,1290.6,1319.2,1305.4,385507,5037.85,27143,203609.0,52.82
GMRAIRPORT, 10-Sep-2026,98.61,98.61,96.82,97.46,98.65,9680394,9448.44,31187,6142516.0,63.45
GMRP&UI, 10-Sep-2026,94.82,97.05,92.58,96.51,94.82,1607477,1529.51,12135,841451.0,52.35
GNA, 10-Sep-2026,543.7,559.0,540.0,553.95,539.55,297519,1637.98,12093,163260.0,54.87
GNFC, 10-Sep-2026,572.0,575.0,564.45,570.75,574.6,432189,2462.26,14192,228361.0,52.84
GNRL, 10-Sep-2026,109.71,110.29,107.31,107.73,109.03,76155,82.88,1479,32669.0,42.9
GOACARBON, 10-Sep-2026,484.0,484.0,433.65,440.25,463.5,627318,2873.09,25897,180152.0,28.72
GOCLCORP, 10-Sep-2026,432.1,437.55,429.9,432.2,431.7,82309,356.04,3539,45066.0,54.75
GOCOLORS, 10-Sep-2026,326.0,326.0,316.4,318.45,325.85,53673,172.43,2450,32175.0,59.95
GODAVARIB, 10-Sep-2026,238.46,240.6,233.91,235.82,238.46,78228,185.35,2387,41747.0,53.37
GODFRYPHLP, 10-Sep-2026,1976.2,2002.9,1961.0,1972.0,1978.5,190824,3776.76,13953,68896.0,36.1
GODIGIT, 10-Sep-2026,253.3,255.7,250.1,250.75,253.3,93062,234.04,4423,58179.0,62.52
GODREJAGRO, 10-Sep-2026,675.05,683.5,663.8,673.05,674.65,424433,2860.17,15943,212502.0,50.07
GODREJCP, 10-Sep-2026,863.8,872.8,859.0,869.9,863.8,697924,6054.31,23098,380464.0,54.51
GODREJIND, 10-Sep-2026,1135.0,1135.4,1120.0,1122.3,1133.4,90792,1021.46,4781,62027.0,68.32
GODREJPROP, 10-Sep-2026,1850.0,1874.8,1836.0,1872.0,1857.1,686220,12742.04,28186,372198.0,54.24
GOKEX, 10-Sep-2026,781.0,792.15,770.5,774.2,785.45,208650,1616.17,11025,112921.0,54.12
GOKUL, 10-Sep-2026,43.8,43.8,41.6,42.61,42.78,242171,103.69,2814,87770.0,36.24
GOKULAGRO, 10-Sep-2026,232.0,232.09,226.0,226.4,230.56,248041,565.84,4995,149789.0,60.39
GOLD1, 10-Sep-2026,127.9,128.12,127.22,127.4,126.95,3017812,3853.46,15924,1544967.0,51.19
GOLD360, 10-Sep-2026,148.6,149.8,148.45,149.15,148.25,7224,10.79,183,4115.0,56.96
GOLDADD, 10-Sep-2026,14.8,14.92,14.8,14.83,14.8,3792185,563.86,11191,2188432.0,57.71
GOLDAXIS, 10-Sep-2026,127.65,127.99,127.05,127.19,126.81,475888,607.26,2892,319694.0,67.18
GOLDBEES, 10-Sep-2026,126.41,126.93,126.05,126.2,125.78,15916449,20128.99,69500,6555185.0,41.18
GOLDBETA, 10-Sep-2026,128.5,129.2,128.35,128.5,128.25,685844,882.13,1978,488469.0,71.22
GOLDBND, 10-Sep-2026,152.1,153.88,151.82,152.51,152.03,22899,35.04,158,20349.0,88.86
GOLDCASE, 10-Sep-2026,24.03,24.18,24.02,24.04,23.96,8411361,2026.17,9328,3811356.0,45.31
GOLDETF, 10-Sep-2026,148.2,149.15,148.2,148.46,148.05,1309123,1946.71,10845,654598.0,50.0
GOLDIAM, 10-Sep-2026,330.0,333.05,325.6,327.8,329.8,299837,985.4,7417,141180.0,47.09
GOLDIETF, 10-Sep-2026,130.65,131.53,130.6,130.75,130.37,4267231,5591.54,28642,2634431.0,61.74
GOLDSTAR, 10-Sep-2026,7.85,7.85,7.85,7.85,7.5,45000,3.53,4,45000.0,100.0
GOODLUCK, 10-Sep-2026,515.8,533.3,515.05,517.9,515.8,811696,4253.75,25285,360734.0,44.44
GOODYEAR, 10-Sep-2026,730.0,733.65,720.0,724.7,729.35,3645,26.5,402,2546.0,69.85
GOPAL, 10-Sep-2026,261.9,263.85,259.0,260.5,261.85,86921,226.51,3281,43672.0,50.24
GOYALALUM, 10-Sep-2026,6.16,6.3,6.1,6.14,6.16,85898,5.31,301,51971.0,60.5
GOYALSALT, 10-Sep-2026,102.1,102.6,102.1,102.6,101.0,1200,1.23,2,1200.0,100.0
GPECO, 10-Sep-2026,404.0,410.0,399.0,400.9,410.95,24200,97.53,75,20400.0,84.3
GPIL, 10-Sep-2026,254.0,254.6,247.25,252.23,253.04,1594175,3999.67,26381,730807.0,45.84
GPPL, 10-Sep-2026,159.16,163.34,159.16,162.27,158.59,1620378,2628.69,22140,912663.0,56.32
GPTHEALTH, 10-Sep-2026,161.16,165.4,160.1,161.29,162.63,145904,237.94,6664,80403.0,55.11
GPTINFRA, 10-Sep-2026,113.0,114.8,112.12,113.47,111.39,239257,271.69,3271,94178.0,39.36
GRADIENTE, 10-Sep-2026,2.6,2.61,2.51,2.53,2.55,1077579,27.6,333,227157.0,21.08
GRANDOAK, 10-Sep-2026,37.2,37.2,36.15,36.88,36.26,3734,1.37,54,2244.0,60.1
GRANULES, 10-Sep-2026,870.1,905.85,870.1,899.25,884.8,1597031,14260.62,71403,692743.0,43.38
GRAPHISAD, 10-Sep-2026,25.95,26.0,25.1,25.15,26.4,14400,3.68,11,13200.0,91.67
GRAPHITE, 10-Sep-2026,839.15,868.95,820.1,824.8,844.65,11528239,97581.5,230617,1825320.0,15.83
GRASIM, 10-Sep-2026,3290.0,3324.4,3279.9,3319.0,3300.0,1056285,34956.64,31510,732117.0,69.31
GRAUWEIL, 10-Sep-2026,72.0,77.47,72.0,76.48,72.67,1086631,821.88,8815,450312.0,41.44
GRAVISSHO, 10-Sep-2026,29.16,35.59,28.65,35.59,29.66,491934,173.07,672,399852.0,81.28
GRAVITA, 10-Sep-2026,1679.9,1720.6,1675.0,1698.7,1696.4,117013,1986.17,15266,53687.0,45.88
GRCL, 10-Sep-2026,561.0,575.0,561.0,562.1,561.0,1000,5.68,4,1000.0,100.0
GREAVESCOT, 10-Sep-2026,192.0,199.4,191.1,193.6,192.38,1100510,2159.52,15874,392486.0,35.66
GREENCHEF, 10-Sep-2026,67.95,72.9,67.95,70.75,66.3,140800,101.96,94,130400.0,92.61
GREENLAM, 10-Sep-2026,236.25,238.9,235.7,236.39,236.25,15103,35.75,616,9233.0,61.13
GREENLEAF, 10-Sep-2026,106.05,107.0,105.25,107.0,110.45,10000,10.58,10,9000.0,90.0
GREENPANEL, 10-Sep-2026,162.0,163.95,159.5,159.99,160.67,645667,1037.91,9703,371150.0,57.48
GREENPLY, 10-Sep-2026,294.95,298.5,291.0,296.7,293.65,114718,337.96,2670,50465.0,43.99
GREENPOWER, 10-Sep-2026,9.55,9.59,9.35,9.36,9.54,3898629,367.18,5288,1377071.0,35.32
GRETEX, 10-Sep-2026,225.15,225.15,225.15,225.15,225.15,750,1.69,1,750.0,100.0
GRINDWELL, 10-Sep-2026,1875.0,1940.2,1865.1,1907.7,1893.1,25898,492.85,4816,12159.0,46.95
GRINFRA, 10-Sep-2026,858.5,892.95,841.25,850.55,858.5,44767,386.39,5820,11675.0,26.08
GRMOVER, 10-Sep-2026,88.0,88.99,86.37,87.48,88.14,1190958,1039.86,4350,232309.0,19.51
GROBTEA, 10-Sep-2026,940.05,980.05,940.05,960.0,945.95,127,1.23,32,78.0,61.42
GROWW, 10-Sep-2026,193.99,197.8,193.45,195.84,194.63,16339114,32016.12,86257,9076165.0,55.55
GROWWCAPM, 10-Sep-2026,11.58,11.58,11.25,11.31,11.35,354935,40.13,801,287193.0,80.91
GROWWCHEM, 10-Sep-2026,30.1,30.29,29.85,30.05,30.1,51883,15.57,241,42124.0,81.19
GROWWDEFNC, 10-Sep-2026,99.26,99.6,97.38,97.96,99.25,385355,377.6,3495,182678.0,47.41
GROWWEV, 10-Sep-2026,32.78,32.78,31.96,32.12,32.21,202888,65.13,1974,122380.0,60.32
GROWWGOLD, 10-Sep-2026,14.97,15.0,14.9,14.91,14.87,2119446,316.77,4357,1299100.0,61.29
GROWWHOSPI, 10-Sep-2026,53.91,53.91,52.52,52.65,52.6,207236,109.29,793,159846.0,77.13
GROWWLIQID, 10-Sep-2026,110.79,110.79,110.68,110.68,110.67,585938,648.53,169,332199.0,56.7
GROWWLOVOL, 10-Sep-2026,10.25,10.25,10.14,10.2,10.18,6224,0.63,94,5720.0,91.9
GROWWMC150, 10-Sep-2026,234.5,234.5,228.51,229.09,230.9,517,1.19,30,352.0,68.09
GROWWMETAL, 10-Sep-2026,12.56,12.88,12.1,12.7,12.7,276340,35.07,1279,180216.0,65.22
GROWWMOM50, 10-Sep-2026,11.18,11.18,11.01,11.09,11.12,162153,18.01,447,122657.0,75.64
GROWWN200, 10-Sep-2026,11.09,11.22,11.09,11.14,11.17,38526,4.29,254,32304.0,83.85
GROWWNET, 10-Sep-2026,10.92,11.05,10.76,10.83,10.77,355262,38.5,572,302327.0,85.1
GROWWNIFTY, 10-Sep-2026,9.63,9.63,9.47,9.5,9.51,681596,64.75,3270,510418.0,74.89
GROWWNXT50, 10-Sep-2026,73.25,73.52,72.81,73.06,73.82,10598,7.75,124,7585.0,71.57
GROWWPOWER, 10-Sep-2026,11.57,11.57,11.31,11.36,11.43,1267675,144.3,2066,788149.0,62.17
GROWWPSE, 10-Sep-2026,98.5,99.48,96.53,98.38,98.5,2343,2.31,113,2008.0,85.7
GROWWPSUBK, 10-Sep-2026,84.7,85.2,83.11,84.45,84.06,1245,1.05,116,806.0,64.74
GROWWRAIL, 10-Sep-2026,28.05,28.05,27.6,27.64,27.78,863789,239.43,2549,748970.0,86.71
GROWWRLTY, 10-Sep-2026,9.9,9.9,9.68,9.76,9.84,430062,41.98,639,377939.0,87.88
GROWWSC250, 10-Sep-2026,10.75,10.75,10.56,10.66,10.65,113543,12.09,543,78742.0,69.35
GROWWSLVR, 10-Sep-2026,23.1,23.2,22.88,22.92,22.77,1297875,299.71,3054,832623.0,64.15
GRPLTD, 10-Sep-2026,2024.9,2024.9,1983.1,1992.5,2026.9,608,12.14,152,396.0,65.13
GRSE, 10-Sep-2026,2498.0,2508.6,2419.0,2435.3,2493.9,370821,9113.46,28192,159594.0,43.04
GRWRHITECH, 10-Sep-2026,6752.5,7030.0,6752.5,6905.0,6752.5,59432,4128.2,18196,24101.0,40.55
GSEC10ADD, 10-Sep-2026,26.48,26.83,26.48,26.83,26.8,377,0.1,3,371.0,98.41
GSEC10IETF, 10-Sep-2026,264.96,264.96,262.33,262.33,262.81,186,0.49,8,134.0,72.04
GSEC10YEAR, 10-Sep-2026,30.58,30.61,30.25,30.61,30.44,5088,1.54,20,4586.0,90.13
GSEC5IETF, 10-Sep-2026,66.57,66.8,66.17,66.19,66.24,9292,6.19,33,5115.0,55.05
GSFC, 10-Sep-2026,160.0,161.9,159.1,160.38,160.03,1757556,2814.61,18406,1093344.0,62.21
GSLSU, 10-Sep-2026,28.0,28.0,26.45,27.22,27.84,53432,14.37,524,22344.0,41.82
GSMFOILS, 10-Sep-2026,90.6,90.6,90.6,90.6,95.35,88500,80.18,86,88500.0,100.0
GSPCROP, 10-Sep-2026,490.0,494.6,470.0,471.75,491.35,252463,1203.34,8835,120074.0,47.56
GSS, 10-Sep-2026,11.13,11.13,10.4,10.47,10.88,100600,10.62,356,61736.0,61.37
GSTL, 10-Sep-2026,12.0,12.0,11.05,11.05,11.6,17000,1.95,16,15000.0,88.24
GTL, 10-Sep-2026,7.17,7.29,7.13,7.2,7.16,181256,13.1,615,127162.0,70.16
GTLINFRA, 10-Sep-2026,1.16,1.18,1.16,1.16,1.16,22019197,257.75,10643,12401904.0,56.32
GTPL, 10-Sep-2026,58.75,61.59,58.29,59.75,58.29,99581,59.38,1606,49894.0,50.1
GUFICBIO, 10-Sep-2026,429.9,432.2,419.1,422.65,428.85,59276,251.64,2929,30759.0,51.89
GUJALKALI, 10-Sep-2026,712.55,727.0,707.05,718.75,712.55,61375,439.88,5053,21449.0,34.95
GUJAPOLLO, 10-Sep-2026,348.3,349.0,336.0,338.35,345.0,8316,28.45,272,6393.0,76.88
GUJENERGY, 10-Sep-2026,258.97,264.3,253.81,254.8,258.97,2198796,5644.54,38992,1201482.0,54.64
GUJRAFFIA, 10-Sep-2026,42.45,42.45,40.63,41.17,40.9,3927,1.64,67,1657.0,42.2
GUJTHEM, 10-Sep-2026,435.4,445.0,426.1,430.1,430.75,1458568,6277.94,20468,640174.0,43.89
GULFOILLUB, 10-Sep-2026,1077.0,1080.0,1064.3,1073.0,1081.1,49771,532.65,8087,23288.0,46.79
GULPOLY, 10-Sep-2026,179.86,180.75,176.4,176.68,179.86,155336,276.77,2530,95975.0,61.79
GURUNANAK, 10-Sep-2026,40.0,40.0,40.0,40.0,38.65,1600,0.64,1,1600.0,100.0
GVPIL, 10-Sep-2026,653.0,666.9,653.0,654.5,659.25,101615,668.33,4870,42416.0,41.74
GVT&D, 10-Sep-2026,4645.0,4666.9,4525.0,4545.0,4673.0,685310,31284.82,71633,291578.0,42.55
GYFTR, 10-Sep-2026,182.93,187.19,180.37,185.32,181.7,18925,34.55,539,13151.0,69.49
HAL, 10-Sep-2026,5015.0,5052.4,4914.6,4950.0,5000.5,688500,34212.97,46689,312149.0,45.34
HALDER, 10-Sep-2026,287.0,287.0,275.0,281.9,282.45,21256,60.39,248,5316.0,25.01
HALEOSLABS, 10-Sep-2026,1498.0,1498.0,1450.0,1450.6,1470.9,171,2.49,18,136.0,79.53
HAMPTON, 10-Sep-2026,8.46,8.46,8.26,8.4,8.49,361241,30.35,96,359564.0,99.54
HAPPSTMNDS, 10-Sep-2026,338.75,340.9,331.2,332.4,339.5,807094,2709.82,20196,373639.0,46.29
HAPPY, 10-Sep-2026,83.4,91.8,82.0,90.0,84.95,68000,58.93,34,54000.0,79.41
HAPPYFORGE, 10-Sep-2026,2253.2,2301.0,2211.0,2233.4,2256.7,58774,1319.84,15096,34962.0,59.49
HARDWYN, 10-Sep-2026,9.05,9.54,9.01,9.12,8.93,1908231,176.54,2183,872111.0,45.7
HARIOMPIPE, 10-Sep-2026,366.15,369.75,360.15,361.8,366.15,46893,171.03,1414,28814.0,61.45
HARRMALAYA, 10-Sep-2026,190.83,190.83,186.25,186.8,187.72,6407,12.01,270,3621.0,56.52
HARSHA, 10-Sep-2026,453.4,455.0,445.1,447.2,453.4,86970,390.94,3565,48485.0,55.75
HATHWAY, 10-Sep-2026,10.15,10.3,10.1,10.17,10.22,976509,99.61,1942,535850.0,54.87
HATSUN, 10-Sep-2026,1203.8,1205.0,1180.0,1194.5,1199.1,31094,370.98,3949,12801.0,41.17
HAVELLS, 10-Sep-2026,1121.0,1126.0,1105.5,1116.0,1120.4,1093884,12183.22,60995,744495.0,68.06
HAVISHA, 10-Sep-2026,1.35,1.37,1.33,1.34,1.35,32100,0.43,110,26536.0,82.67
HAWKINCOOK, 10-Sep-2026,8637.5,8637.5,8333.0,8408.0,8504.5,2639,222.19,869,1800.0,68.21
HAZOOR, 10-Sep-2026,20.24,20.24,19.41,19.7,19.88,89734,17.77,359,67735.0,75.48
HBESD, 10-Sep-2026,74.0,74.0,70.1,71.26,72.81,837,0.6,43,676.0,80.76
HBLENGINE, 10-Sep-2026,726.45,737.85,717.35,720.9,730.1,1338416,9730.33,33174,477771.0,35.7
HBPOR, 10-Sep-2026,62.8,62.8,58.6,58.9,59.37,533,0.32,16,472.0,88.56
HBSL, 10-Sep-2026,53.4,54.98,53.4,54.37,52.86,3048,1.65,45,2956.0,96.98
HCC, 10-Sep-2026,23.41,23.63,22.63,22.81,23.43,19958126,4605.44,22878,8331536.0,41.75
HCG, 10-Sep-2026,716.0,717.2,693.75,700.9,712.55,225989,1596.21,22507,85358.0,37.77
HCL-INSYS, 10-Sep-2026,10.18,10.32,10.1,10.12,10.09,188728,19.21,785,111683.0,59.18
HCLTECH, 10-Sep-2026,1224.8,1237.0,1196.9,1207.0,1229.8,2197859,26647.09,80207,954103.0,43.41
HDBFS, 10-Sep-2026,672.1,680.85,668.05,677.7,675.05,261702,1763.02,15836,156364.0,59.75
HDFCAMC, 10-Sep-2026,2430.0,2448.1,2401.0,2433.8,2440.0,370540,8999.38,19596,195190.0,52.68
HDFCBANK, 10-Sep-2026,687.1,694.5,686.2,693.8,687.1,27108053,187125.4,435920,17074185.0,62.99
HDFCBSE500, 10-Sep-2026,37.79,37.79,36.54,36.8,37.0,4283337,1576.07,674,3855675.0,90.02
HDFCGOLD, 10-Sep-2026,130.36,131.14,130.26,130.49,130.06,2125971,2777.28,8500,1119340.0,52.65
HDFCGROWTH, 10-Sep-2026,115.5,116.14,115.32,115.49,116.15,8374,9.68,136,4554.0,54.38
HDFCLIFE, 10-Sep-2026,515.15,526.15,508.7,526.15,514.0,4125818,21375.85,44047,2017590.0,48.9
HDFCLIQUID, 10-Sep-2026,1077.12,1077.26,1077.12,1077.25,1077.12,13555,146.02,40,8412.0,62.06
HDFCLOWVOL, 10-Sep-2026,20.1,20.11,19.96,19.98,20.1,5195,1.04,66,3074.0,59.17
HDFCMID150, 10-Sep-2026,23.34,23.35,23.17,23.24,23.3,264279,61.44,1448,168153.0,63.63
HDFCMOMENT, 10-Sep-2026,31.51,31.56,31.11,31.12,31.36,110804,34.61,601,56744.0,51.21
HDFCNEXT50, 10-Sep-2026,74.57,74.76,73.97,74.08,74.58,56218,41.76,648,33383.0,59.38
HDFCNIF100, 10-Sep-2026,25.55,25.55,25.45,25.47,25.55,44229,11.27,237,41683.0,94.24
HDFCNIFBAN, 10-Sep-2026,58.16,58.37,57.89,58.03,58.16,676174,392.63,483,549312.0,81.24
HDFCNIFIT, 10-Sep-2026,31.05,31.27,30.65,30.85,30.9,110521,34.12,341,62440.0,56.5
HDFCNIFTY, 10-Sep-2026,267.94,267.94,264.06,264.33,265.24,202749,536.18,1405,137888.0,68.01
HDFCNIMEG, 10-Sep-2026,137.33,137.33,132.71,133.04,133.99,3912,5.22,90,2847.0,72.78
HDFCPSUBK, 10-Sep-2026,84.91,85.77,84.45,84.7,84.75,29587,25.2,252,19483.0,65.85
HDFCPVTBAN, 10-Sep-2026,28.58,28.58,27.72,27.74,27.89,92402,25.7,344,48357.0,52.33
HDFCQUAL, 10-Sep-2026,57.72,57.94,57.4,57.4,57.72,6054,3.49,91,3975.0,65.66
HDFCSENSEX, 10-Sep-2026,85.32,85.92,84.33,84.74,85.46,90184,76.7,798,66415.0,73.64
HDFCSILVER, 10-Sep-2026,224.2,226.35,223.12,223.54,222.54,2256708,5075.02,9341,877789.0,38.9
HDFCSML250, 10-Sep-2026,185.46,186.46,185.36,186.25,185.46,988207,1838.03,10888,551343.0,55.79
HDFCVALUE, 10-Sep-2026,122.89,122.89,122.15,122.37,122.89,3273,4.01,122,2794.0,85.37
HEADSUP, 10-Sep-2026,6.78,7.17,6.78,6.9,6.94,5294,0.37,113,2508.0,47.37
HEALTHADD, 10-Sep-2026,17.1,17.1,16.63,16.66,16.75,117567,19.65,83,72783.0,61.91
HEALTHAXIS, 10-Sep-2026,168.64,169.22,167.52,168.13,168.88,1495,2.52,67,1299.0,86.89
HEALTHCARE, 10-Sep-2026,21.99,21.99,21.65,21.68,21.79,42640,9.27,182,35775.0,83.9
HEALTHIETF, 10-Sep-2026,170.13,170.93,169.13,169.47,170.12,45541,77.29,1176,29355.0,64.46
HEALTHX, 10-Sep-2026,299.75,306.4,285.0,305.35,299.5,19198,56.64,544,10866.0,56.6
HEALTHY, 10-Sep-2026,17.27,17.29,16.9,17.0,17.05,182029,31.01,924,149879.0,82.34
HECPROJECT, 10-Sep-2026,121.0,123.2,119.22,119.55,122.14,1791,2.16,78,1261.0,70.41
HEIDELBERG, 10-Sep-2026,160.0,160.26,158.01,158.79,159.86,467802,744.85,4155,349225.0,74.65
HEMIPROP, 10-Sep-2026,123.0,123.75,120.51,120.95,123.18,409114,498.03,3390,252308.0,61.67
HERANBA, 10-Sep-2026,171.77,176.18,171.77,172.3,173.93,18572,32.29,823,9283.0,49.98
HERITGFOOD, 10-Sep-2026,380.1,403.5,376.3,398.05,380.1,2057299,8130.83,33790,740181.0,35.98
HEROMOTOCO, 10-Sep-2026,5235.0,5280.0,5169.0,5280.0,5218.0,501164,26186.43,31058,334526.0,66.75
HESTERBIO, 10-Sep-2026,2323.0,2343.9,2267.5,2279.0,2322.6,3073,70.58,549,1421.0,46.24
HEXATRADEX, 10-Sep-2026,157.0,158.0,155.15,156.88,156.24,660,1.04,39,612.0,92.73
HEXT, 10-Sep-2026,512.9,516.4,501.0,502.95,509.9,174991,884.89,11297,73219.0,41.84
HGINFRA, 10-Sep-2026,478.0,495.0,476.0,487.25,478.55,83596,408.55,4523,33031.0,39.51
HGM, 10-Sep-2026,50.13,51.6,49.11,49.57,50.49,1327,0.66,38,784.0,59.08
HGS, 10-Sep-2026,386.65,390.0,382.3,383.85,384.75,5883,22.7,673,3923.0,66.68
HIGREEN, 10-Sep-2026,120.0,123.0,120.0,122.0,119.25,6400,7.77,7,4800.0,75.0
HIKAL, 10-Sep-2026,241.5,245.0,233.1,234.78,240.69,774444,1845.15,11474,277778.0,35.87
HILINFRA, 10-Sep-2026,44.0,44.0,41.51,42.59,43.28,101361,43.34,950,74155.0,73.16
HILTON, 10-Sep-2026,18.45,18.7,18.2,18.28,18.44,61751,11.39,943,46952.0,76.03
HIMATSEIDE, 10-Sep-2026,69.49,69.98,68.52,68.85,69.44,246426,169.89,2162,142222.0,57.71
HINDADH, 10-Sep-2026,365.0,372.75,362.0,365.3,367.2,1601,5.86,163,1362.0,85.07
HINDALCO, 10-Sep-2026,1027.5,1029.5,1007.8,1014.0,1026.9,2172772,22045.37,45751,1222332.0,56.26
HINDALUMI, 10-Sep-2026,99.0,99.0,96.1,96.57,97.38,1213,1.18,62,763.0,62.9
HINDCOMPOS, 10-Sep-2026,387.05,393.0,380.0,381.45,387.05,3422,13.17,272,2660.0,77.73
HINDCON, 10-Sep-2026,23.55,24.24,23.31,23.34,23.71,15364,3.64,162,11620.0,75.63
HINDCOPPER, 10-Sep-2026,539.15,543.0,525.7,527.3,532.3,8458321,45295.45,85946,2640018.0,31.21
HINDOILEXP, 10-Sep-2026,192.0,195.98,187.0,187.66,195.83,1268291,2411.47,14789,482570.0,38.05
HINDPETRO, 10-Sep-2026,347.0,353.85,346.95,352.65,348.9,2991765,10507.02,32327,1714090.0,57.29
HINDUNILVR, 10-Sep-2026,1940.0,1950.0,1936.0,1942.3,1945.0,1232506,23943.14,46159,783609.0,63.58
HINDWAREAP, 10-Sep-2026,180.3,191.95,180.12,181.67,179.66,253483,466.72,5602,152947.0,60.34
HINDZINC, 10-Sep-2026,608.5,610.9,592.25,593.6,605.4,4559807,27450.57,125276,2005799.0,43.99
HIRECT, 10-Sep-2026,1290.3,1299.0,1244.9,1248.9,1273.6,57042,725.14,4934,22960.0,40.25
HISARMETAL, 10-Sep-2026,160.85,160.85,155.0,155.28,153.91,338,0.53,16,300.0,88.76
HITECH, 10-Sep-2026,76.6,79.7,76.31,77.4,76.79,1896207,1484.82,13722,512906.0,27.05
HLEGLAS, 10-Sep-2026,369.0,396.6,364.35,367.6,367.95,1484997,5689.97,39948,364185.0,24.52
HLVLTD, 10-Sep-2026,6.47,6.47,6.31,6.38,6.47,119034,7.6,437,100753.0,84.64
HMAAGRO, 10-Sep-2026,20.02,20.36,19.09,19.98,20.02,10117074,2022.02,13000,6085968.0,60.16
HNDFDS, 10-Sep-2026,610.0,623.9,610.0,619.95,615.25,33284,206.05,3183,19454.0,58.45
HNGSNGBEES, 10-Sep-2026,465.99,466.98,463.82,466.06,466.33,61122,284.47,3401,46107.0,75.43
HOACFOODS, 10-Sep-2026,935.0,935.0,931.8,931.8,950.8,6375,59.47,16,6000.0,94.12
HOLMARC, 10-Sep-2026,104.5,105.0,103.55,103.55,109.0,16500,17.14,20,13500.0,81.82
HOMEFIRST, 10-Sep-2026,1202.3,1214.8,1196.4,1209.4,1202.3,168561,2029.14,12682,114294.0,67.81
HONASA, 10-Sep-2026,471.0,483.9,469.65,475.65,471.05,657000,3137.65,22251,277461.0,42.23
HONAUT, 10-Sep-2026,34370.0,34400.0,33875.0,34150.0,34180.0,1828,623.42,1247,821.0,44.91
HONDAPOWER, 10-Sep-2026,1988.0,1988.0,1945.0,1969.5,1964.2,2818,55.45,431,1563.0,55.46
HORIZONIND, 10-Sep-2026,55.5,56.15,54.99,55.55,55.67,1975842,1095.92,8504,1182618.0,59.85
HPAL, 10-Sep-2026,35.1,37.0,34.0,36.61,35.67,76830,27.67,812,50882.0,66.23
HPIL, 10-Sep-2026,121.1,121.1,120.0,120.03,121.0,622,0.75,25,521.0,83.76
HPL, 10-Sep-2026,296.0,304.0,294.9,295.8,298.65,64754,193.49,2928,32404.0,50.04
HPTL, 10-Sep-2026,340.95,341.1,340.95,341.1,324.9,7200,24.56,11,6600.0,91.67
HRHNEXT, 10-Sep-2026,25.0,25.85,24.85,24.85,26.15,30000,7.61,11,25500.0,85.0
HRYNSHP, 10-Sep-2026,101.55,102.0,98.32,99.32,99.95,1274,1.28,53,775.0,60.83
HSBCGOLD, 10-Sep-2026,132.25,134.8,132.25,132.9,132.63,2342,3.12,54,827.0,35.31
HSCL, 10-Sep-2026,666.5,671.0,662.0,663.75,667.05,906421,6031.57,17526,323642.0,35.71
HTMEDIA, 10-Sep-2026,24.68,25.25,23.91,24.32,24.67,86924,21.32,466,61421.0,70.66
HUBTOWN, 10-Sep-2026,183.98,185.82,182.0,183.22,184.0,202127,371.13,2823,124070.0,61.38
HUDCO, 10-Sep-2026,174.63,177.23,173.2,174.08,175.35,1349166,2358.4,19790,638767.0,47.35
HUHTAMAKI, 10-Sep-2026,265.1,277.7,260.1,262.05,267.85,799014,2144.62,16858,269487.0,33.73
HYBRIDETF, 10-Sep-2026,10.08,10.39,10.05,10.09,10.12,12382,1.25,43,11000.0,88.84
HYUNDAI, 10-Sep-2026,2188.0,2227.0,2170.3,2205.0,2182.4,907669,20041.59,48971,482656.0,53.18
IBLFL, 10-Sep-2026,60.5,60.5,60.5,60.5,60.0,2000,1.21,1,2000.0,100.0
IBULLSLTD, 10-Sep-2026,25.0,25.46,24.29,24.9,25.05,37845470,9428.78,26585,27256077.0,72.02
ICELCO, 10-Sep-2026,125.0,127.0,121.6,126.1,120.55,115200,144.35,82,84000.0,72.92
ICEMAKE, 10-Sep-2026,725.7,760.0,721.0,727.9,725.7,17732,130.61,1454,6586.0,37.14
ICICIAMC, 10-Sep-2026,3003.5,3055.5,2991.8,3033.5,3003.5,237958,7222.52,25958,133178.0,55.97
ICICIB22, 10-Sep-2026,115.88,115.88,112.1,113.5,113.61,245107,278.32,2568,204198.0,83.31
ICICIBANK, 10-Sep-2026,1385.9,1393.0,1373.9,1384.5,1389.1,10580641,146203.37,154389,7526499.0,71.13
ICICIGI, 10-Sep-2026,1473.7,1476.0,1459.1,1465.0,1474.0,312999,4583.42,20692,186337.0,59.53
ICICIPRULI, 10-Sep-2026,462.05,475.15,455.3,471.0,462.5,2174563,10135.12,52011,1337770.0,61.52
ICIL, 10-Sep-2026,445.0,471.25,434.7,439.45,445.55,1682911,7570.32,44644,470799.0,27.98
ICRA, 10-Sep-2026,4800.0,4822.0,4715.0,4726.2,4776.5,25291,1207.15,6358,16532.0,65.37
IDBI, 10-Sep-2026,81.6,82.39,80.96,81.62,81.56,8241363,6747.1,32091,3069361.0,37.24
IDEA, 10-Sep-2026,15.7,15.7,14.82,14.9,15.52,888431120,134892.56,599368,342457712.0,38.55
IDEAFORGE, 10-Sep-2026,747.45,757.3,739.0,743.45,747.45,192541,1439.56,11807,90310.0,46.9
IDEALTECHO, 10-Sep-2026,170.0,171.0,170.0,171.0,162.0,1000,1.71,2,1000.0,100.0
IDENTICAL, 10-Sep-2026,18.1,19.4,18.0,18.95,19.7,24000,4.43,12,16000.0,66.67
IDFCFIRSTB, 10-Sep-2026,86.0,87.4,85.82,86.84,86.0,14637414,12705.35,44427,7204247.0,49.22
IDFNIFTYET, 10-Sep-2026,258.86,259.93,258.68,259.15,259.96,1016,2.64,38,919.0,90.45
IEML, 10-Sep-2026,42.95,42.95,40.5,40.75,42.35,44500,18.26,57,39500.0,88.76
IEX, 10-Sep-2026,117.95,118.63,116.06,116.63,117.95,2469793,2885.79,27868,1166429.0,47.23
IFBAGRO, 10-Sep-2026,871.0,896.25,867.0,874.8,879.55,3778,33.12,329,2634.0,69.72
IFBIND, 10-Sep-2026,1268.3,1294.7,1256.3,1283.2,1266.8,23672,302.11,2934,11043.0,46.65
IFCI, 10-Sep-2026,89.34,90.4,84.6,85.15,88.96,106219079,91983.11,253154,16201527.0,15.25
IFGLEXPOR, 10-Sep-2026,215.7,219.05,211.0,212.54,214.65,56193,120.99,1535,23263.0,41.4
IGARASHI, 10-Sep-2026,412.1,415.45,406.0,408.3,410.3,39876,164.06,1728,20107.0,50.42
IGCL, 10-Sep-2026,72.75,72.99,72.1,72.4,72.74,105778,76.73,2539,57225.0,54.1
IGIL, 10-Sep-2026,312.0,317.0,310.3,311.2,311.5,433610,1360.4,12583,201188.0,46.4
IGL, 10-Sep-2026,152.35,154.45,152.0,153.46,152.92,622240,956.0,26162,318273.0,51.15
IGPL, 10-Sep-2026,562.0,565.0,552.0,553.5,557.2,44341,248.18,2395,25878.0,58.36
IIFL, 10-Sep-2026,609.8,616.5,601.25,607.65,605.15,2214842,13452.52,53968,966811.0,43.65
IIFLCAPS, 10-Sep-2026,337.6,340.0,337.05,337.3,338.05,337784,1142.01,7984,217191.0,64.3
IITL, 10-Sep-2026,149.29,155.3,145.51,147.23,147.09,109487,164.56,1287,10805.0,9.87
IKIO, 10-Sep-2026,220.4,235.0,220.4,231.73,219.94,2436372,5595.64,39168,554274.0,22.75
IKS, 10-Sep-2026,1782.0,1802.2,1770.7,1783.7,1792.1,76060,1359.89,8032,35245.0,46.34
IMAGICAA, 10-Sep-2026,55.0,55.1,52.2,53.2,54.8,683962,367.0,3841,343513.0,50.22
IMFA, 10-Sep-2026,1302.0,1313.0,1275.0,1279.1,1301.2,78648,1015.63,6902,45253.0,57.54
IMPAL, 10-Sep-2026,1145.0,1155.0,1124.0,1127.7,1128.7,3127,35.63,521,1525.0,48.77
INA, 10-Sep-2026,90.6,94.89,90.6,93.0,90.72,605182,563.14,5463,213748.0,35.32
INCREDIBLE, 10-Sep-2026,32.0,32.48,30.51,30.98,32.17,9793,3.06,135,7580.0,77.4
INDBANK, 10-Sep-2026,26.61,28.5,26.45,27.72,26.61,201918,55.91,1497,89423.0,44.29
INDGN, 10-Sep-2026,586.0,589.95,575.15,577.35,586.35,258395,1500.04,12807,130342.0,50.44
INDHOTEL, 10-Sep-2026,718.4,720.6,712.55,715.75,722.75,991880,7115.23,23424,571735.0,57.64
INDIACEM, 10-Sep-2026,352.0,353.65,346.6,347.95,351.55,36131,126.3,2899,14917.0,41.29
INDIAMART, 10-Sep-2026,1672.3,1683.2,1626.0,1637.7,1671.9,135778,2229.06,17137,72912.0,53.7
INDIANB, 10-Sep-2026,859.5,869.85,850.6,856.5,856.65,1181088,10142.67,28389,525426.0,44.49
INDIANCARD, 10-Sep-2026,216.81,216.81,208.05,209.36,216.81,815,1.72,67,626.0,76.81
INDIANHUME, 10-Sep-2026,377.3,380.75,365.4,367.0,379.55,77703,287.58,2597,49614.0,63.85
INDIASHLTR, 10-Sep-2026,662.05,676.2,662.05,672.15,668.2,109631,735.59,10449,68735.0,62.7
INDIGO, 10-Sep-2026,4964.5,4966.0,4877.0,4945.0,4975.0,813491,40005.18,47451,523205.0,64.32
INDIGOPNTS, 10-Sep-2026,1113.8,1118.6,1073.0,1077.8,1111.2,74559,810.54,7968,43064.0,57.76
INDIGRID, 10-Sep-2026,174.4,174.42,173.7,173.85,173.99,854341,1486.01,9062,813123.0,95.18
INDIQUBE, 10-Sep-2026,205.67,209.9,201.2,205.56,204.34,29531,60.45,2401,15831.0,53.61
INDNIPPON, 10-Sep-2026,1347.9,1564.0,1336.5,1369.0,1313.3,2823252,41045.65,158034,311482.0,11.03
INDOBORAX, 10-Sep-2026,511.0,517.5,476.2,483.45,510.95,238232,1163.09,13035,99947.0,41.95
INDOCO, 10-Sep-2026,234.94,269.9,229.0,254.25,231.18,6015331,15495.6,92178,362798.0,6.03
INDOFARM, 10-Sep-2026,142.54,143.94,140.0,140.32,144.18,86499,122.19,1863,48370.0,55.92
INDOKEM, 10-Sep-2026,654.0,654.0,616.1,620.45,623.45,2599,16.16,204,1888.0,72.64
INDOMIM, 10-Sep-2026,996.0,1028.5,996.0,1006.55,984.55,3303971,33490.95,91911,811552.0,24.56
INDORAMA, 10-Sep-2026,85.68,90.0,81.75,82.93,86.13,3197552,2752.45,36129,799821.0,25.01
INDOSTAR, 10-Sep-2026,247.7,250.0,245.3,246.89,247.49,90897,225.42,2411,41754.0,45.94
INDOTECH, 10-Sep-2026,3610.0,3670.0,3600.0,3602.4,3657.9,7017,254.25,1377,5237.0,74.63
INDOTHAI, 10-Sep-2026,43.43,43.43,43.43,43.43,41.37,97714,42.44,94,97459.0,99.74
INDOUS, 10-Sep-2026,81.2,81.25,78.01,79.54,80.25,5668,4.53,433,2549.0,44.97
INDOWIND, 10-Sep-2026,9.1,9.19,9.0,9.08,9.02,157093,14.28,449,95646.0,60.88
INDPRUD, 10-Sep-2026,6270.0,6270.0,6200.0,6211.5,6164.5,58,3.61,13,57.0,98.28
INDRAMEDCO, 10-Sep-2026,362.55,362.55,358.0,360.0,360.2,106996,385.06,4274,53147.0,49.67
INDSWFTLAB, 10-Sep-2026,387.45,387.45,375.25,377.5,388.55,372420,1420.01,8992,170994.0,45.91
INDTERRAIN, 10-Sep-2026,29.9,29.9,28.51,28.68,29.34,15017,4.36,178,13296.0,88.54
INDUSINDBK, 10-Sep-2026,1001.9,1002.7,986.7,993.3,1004.0,972483,9653.01,25783,491344.0,50.52
INDUSINVIT, 10-Sep-2026,132.83,133.6,132.39,132.77,132.38,478086,635.88,10611,352620.0,73.76
INDUSTOWER, 10-Sep-2026,376.2,376.2,368.7,372.0,373.7,4491149,16693.64,37976,2755812.0,61.36
INFINIUM, 10-Sep-2026,281.6,285.45,270.25,274.0,283.0,3500,9.73,7,2500.0,71.43
INFLUX, 10-Sep-2026,276.0,279.95,272.0,274.8,277.6,20400,56.28,32,16800.0,82.35
INFOBEAN, 10-Sep-2026,155.0,157.43,154.5,155.2,155.56,144218,224.47,2322,63021.0,43.7
INFOLLION, 10-Sep-2026,155.0,157.0,153.0,153.3,154.0,10000,15.42,22,8000.0,80.0
INFOMEDIA, 10-Sep-2026,5.46,5.46,5.07,5.23,5.46,13607,0.72,80,12098.0,88.91
INFRA, 10-Sep-2026,12.02,12.03,11.94,11.96,12.01,76663,9.18,187,42927.0,55.99
INFRABEES, 10-Sep-2026,944.32,947.43,940.5,944.9,944.32,3893,36.71,494,1902.0,48.86
INFRAIETF, 10-Sep-2026,94.32,94.32,93.36,93.54,93.91,148954,139.67,12840,100327.0,67.35
INFY, 10-Sep-2026,1039.6,1046.6,1027.3,1036.5,1035.0,8998529,93142.46,132817,5250417.0,58.35
INGERRAND, 10-Sep-2026,4693.0,4738.9,4570.1,4604.8,4693.5,20067,923.09,4190,8863.0,44.17
INNOMET, 10-Sep-2026,277.5,277.5,277.5,277.5,283.15,16200,44.96,14,16200.0,100.0
INNOVACAP, 10-Sep-2026,1188.7,1192.7,1165.0,1167.4,1188.7,32787,385.36,4916,18285.0,55.77
INNOVANA, 10-Sep-2026,300.0,315.7,299.4,309.3,303.2,92386,283.65,1381,49790.0,53.89
INNOVISION, 10-Sep-2026,276.0,276.0,265.2,266.8,280.3,55275,149.7,2129,24748.0,44.77
INOXGREEN, 10-Sep-2026,174.51,179.0,172.65,178.12,175.76,2617527,4609.04,17118,2055515.0,78.53
INOXINDIA, 10-Sep-2026,2192.1,2339.5,2192.1,2295.8,2185.5,853734,19470.39,82913,217416.0,25.47
INOXWIND, 10-Sep-2026,77.39,77.85,75.81,76.02,77.39,9773988,7493.28,32880,3367196.0,34.45
INSECTICID, 10-Sep-2026,623.6,630.4,610.0,612.5,623.6,11623,71.99,998,7016.0,60.36
INSPIRE, 10-Sep-2026,9.5,9.5,9.5,9.5,9.2,2000,0.19,1,2000.0,100.0
INSPIRISYS, 10-Sep-2026,89.9,91.9,85.5,86.25,88.68,3886,3.39,141,3195.0,82.22
INSUREIETF, 10-Sep-2026,14.7,14.85,14.6,14.77,14.72,115430,16.96,195,101216.0,87.69
INTELLECT, 10-Sep-2026,685.9,693.6,680.5,685.05,684.9,188883,1295.33,10565,91958.0,48.69
INTENTECH, 10-Sep-2026,78.5,81.85,78.5,79.12,78.96,16617,13.24,262,11036.0,66.41
INTERARCH, 10-Sep-2026,1772.4,1772.5,1722.0,1729.4,1761.0,27908,484.68,3242,16637.0,59.61
INTERNET, 10-Sep-2026,14.64,14.68,14.57,14.59,14.63,73790,10.79,202,55454.0,75.15
INTLCONV, 10-Sep-2026,77.96,78.69,76.71,77.16,76.96,28120,21.85,1258,15770.0,56.08
INVENTURE, 10-Sep-2026,0.91,0.92,0.91,0.91,0.91,605206,5.55,295,345474.0,57.08
INVICTA, 10-Sep-2026,68.05,70.0,68.05,69.0,68.0,9600,6.64,6,8000.0,83.33
IOB, 10-Sep-2026,33.0,33.24,32.77,32.86,32.98,1617716,532.91,8376,638557.0,39.47
IOC, 10-Sep-2026,134.31,136.15,134.31,134.94,135.6,6629384,8971.38,41419,3653817.0,55.12
IOLCP, 10-Sep-2026,209.0,215.5,208.07,211.43,209.29,3234389,6857.55,33073,957140.0,29.59
IONEXCHANG, 10-Sep-2026,435.0,448.65,433.55,435.45,437.45,480368,2112.79,26808,208017.0,43.3
IPCALAB, 10-Sep-2026,1954.6,1979.9,1953.1,1970.9,1963.6,209376,4127.62,27884,146537.0,69.99
IPHL, 10-Sep-2026,77.95,77.95,74.4,74.4,76.7,13200,10.12,11,12000.0,90.91
IPL, 10-Sep-2026,136.88,137.5,135.05,135.74,136.06,45366,61.77,1406,20813.0,45.88
IPRINGLTD, 10-Sep-2026,154.15,159.0,145.0,147.85,153.39,5036,7.57,179,3662.0,72.72
IRB, 10-Sep-2026,19.9,20.6,19.28,19.91,19.07,78742444,15673.43,99372,11853231.0,15.05
IRBINVIT, 10-Sep-2026,64.66,64.66,63.97,64.12,64.53,510883,328.72,3819,486901.0,95.31
IRCON, 10-Sep-2026,115.14,118.87,115.0,115.21,115.08,1891140,2201.03,24281,518961.0,27.44
IRCTC, 10-Sep-2026,470.85,476.4,467.0,467.75,469.5,675989,3174.57,23661,297346.0,43.99
IREDA, 10-Sep-2026,111.99,114.75,111.83,113.32,111.99,5082162,5772.76,30636,1394998.0,27.45
IRFC, 10-Sep-2026,81.39,82.67,80.76,81.08,81.39,8521418,6950.98,49135,3355681.0,39.38
IRIS, 10-Sep-2026,252.23,256.0,248.37,249.08,253.91,8537,21.56,458,5548.0,64.99
IRISDOREME, 10-Sep-2026,61.36,63.8,60.7,62.29,61.3,1407913,879.57,5449,414849.0,29.47
IRMENERGY, 10-Sep-2026,280.5,286.7,278.8,281.25,282.85,71084,201.11,2958,28208.0,39.68
ISFT, 10-Sep-2026,82.76,84.37,80.7,81.17,82.55,135437,110.65,1791,14604.0,10.78
ISGEC, 10-Sep-2026,784.55,830.0,783.0,810.15,784.55,160580,1308.66,12908,55883.0,34.8
ISHANCH, 10-Sep-2026,44.5,46.46,44.23,44.82,44.82,17305,7.82,198,13952.0,80.62
ISTLTD, 10-Sep-2026,672.9,672.9,641.0,661.0,663.65,851,5.62,68,579.0,68.04
IT, 10-Sep-2026,32.55,32.55,31.95,32.06,32.13,363757,116.83,941,163564.0,44.97
ITADD, 10-Sep-2026,30.71,31.11,30.54,30.59,30.68,22534,6.92,109,19745.0,87.62
ITALIANE, 10-Sep-2026,31.0,31.0,30.85,30.85,32.0,4000,1.24,2,4000.0,100.0
ITAXIS, 10-Sep-2026,320.3,320.85,316.75,317.69,319.85,1103,3.51,60,917.0,83.14
ITBEES, 10-Sep-2026,32.94,32.94,32.0,32.06,32.15,8419582,2709.98,16584,4399474.0,52.25
ITBETA, 10-Sep-2026,306.16,314.0,302.53,309.14,305.6,782,2.38,31,687.0,87.85
ITC, 10-Sep-2026,261.0,263.9,259.1,259.3,260.8,17541602,45726.23,109793,10373726.0,59.14
ITCHOTELS, 10-Sep-2026,155.6,156.68,153.88,154.13,155.31,1213995,1878.41,25691,683355.0,56.29
ITDC, 10-Sep-2026,629.65,736.6,629.0,664.6,629.65,8077461,57065.94,209887,212828.0,2.63
ITETF, 10-Sep-2026,30.79,31.05,30.5,30.56,30.64,293507,90.01,719,148661.0,50.65
ITI, 10-Sep-2026,267.45,269.55,263.0,263.5,267.45,171410,455.26,4821,69092.0,40.31
ITIETF, 10-Sep-2026,32.36,32.6,32.03,32.09,32.18,474066,152.44,1341,319881.0,67.48
ITL, 10-Sep-2026,364.1,372.95,362.05,368.3,364.1,2083,7.66,124,1372.0,65.87
ITTL, 10-Sep-2026,65.45,65.45,65.45,65.45,65.45,105,0.07,1,105.0,100.0
IVALUE, 10-Sep-2026,237.29,237.29,226.0,226.62,233.71,83324,191.99,3089,53330.0,64.0
IVC, 10-Sep-2026,9.95,10.06,9.48,9.68,9.97,1347693,131.31,2105,1009488.0,74.9
IVZBANKNF, 10-Sep-2026,56.42,56.42,56.22,56.22,56.42,298,0.17,12,298.0,100.0
IVZINGOLD, 10-Sep-2026,133.5,133.65,132.5,133.25,132.35,30437,40.55,321,26674.0,87.64
IVZINNIFTY, 10-Sep-2026,276.66,276.66,268.52,269.07,269.92,479,1.29,27,386.0,80.58
IVZSENSEX, 10-Sep-2026,75.06,75.95,74.64,74.64,75.06,3263,2.44,25,3062.0,93.84
IWARE, 10-Sep-2026,454.95,455.95,454.95,455.5,454.85,2400,10.93,4,2400.0,100.0
IWP, 10-Sep-2026,34.49,34.99,34.0,34.27,34.49,2152,0.74,21,1903.0,88.43
IXIGO, 10-Sep-2026,166.59,168.79,159.45,161.92,167.54,1880574,3061.99,34987,1151511.0,61.23
IZMO, 10-Sep-2026,910.5,923.3,895.0,900.2,912.3,80261,727.77,5843,34227.0,42.64
J&KBANK, 10-Sep-2026,145.19,147.29,144.76,145.77,145.81,1192519,1738.78,17567,504962.0,42.34
JAGRAN, 10-Sep-2026,62.3,62.75,61.36,62.01,62.35,268360,166.45,1893,204316.0,76.14
JAGSNPHARM, 10-Sep-2026,235.39,239.17,231.11,232.99,235.39,47327,111.09,2259,24737.0,52.27
JAIBALAJI, 10-Sep-2026,68.0,68.87,67.25,67.53,68.7,491607,335.74,2664,355146.0,72.24
JAICORPLTD, 10-Sep-2026,97.55,98.45,96.32,96.84,97.5,249253,241.85,3034,99420.0,39.89
JAINAM, 10-Sep-2026,224.0,224.0,224.0,224.0,213.8,500,1.12,1,500.0,100.0
JAINIK, 10-Sep-2026,217.0,217.0,210.0,213.0,217.0,3600,7.68,3,3600.0,100.0
JAINREC, 10-Sep-2026,296.0,298.5,290.05,291.45,295.85,516476,1513.12,12389,193179.0,37.4
JAIPURKURT, 10-Sep-2026,24.6,25.5,24.0,25.03,24.65,7233,1.81,106,6090.0,84.2
JAMNAAUTO, 10-Sep-2026,128.7,133.96,127.8,131.86,128.93,3397638,4489.0,40136,1349301.0,39.71
JARO, 10-Sep-2026,437.95,467.0,433.0,456.25,437.95,185812,832.47,6817,43396.0,23.35
JASH, 10-Sep-2026,518.75,527.9,512.05,521.45,518.75,189537,989.22,8209,87245.0,46.03
JAYAGROGN, 10-Sep-2026,259.0,265.0,253.0,258.18,256.9,75360,196.3,1922,47224.0,62.66
JAYBARMARU, 10-Sep-2026,117.0,121.95,115.7,117.53,117.28,464405,549.28,5739,237566.0,51.15
JAYBEE, 10-Sep-2026,88.5,89.75,86.0,87.9,90.25,27500,24.21,52,19000.0,69.09
JAYESH, 10-Sep-2026,135.0,135.0,135.0,135.0,134.0,1000,1.35,1,1000.0,100.0
JAYKAY, 10-Sep-2026,169.0,170.69,162.72,165.09,168.94,235338,390.08,4096,116298.0,49.42
JAYNECOIND, 10-Sep-2026,91.5,92.54,89.84,91.29,91.36,2838428,2581.67,18482,1380675.0,48.64
JAYSREETEA, 10-Sep-2026,95.69,97.42,93.2,95.08,94.88,67073,64.3,766,34682.0,51.71
JBMA, 10-Sep-2026,610.2,617.3,602.35,604.25,614.25,219691,1337.59,12182,102335.0,46.58
JENBURPH, 10-Sep-2026,1026.6,1047.0,1000.0,1026.8,1023.7,3349,34.14,229,2786.0,83.19
JETFREIGHT, 10-Sep-2026,20.35,20.59,20.03,20.2,20.11,52709,10.66,312,34891.0,66.2
JEYYAM, 10-Sep-2026,21.0,21.35,20.9,21.0,21.2,38000,7.99,14,38000.0,100.0
JFLLIFE, 10-Sep-2026,10.65,10.65,10.65,10.65,10.15,18000,1.92,3,18000.0,100.0
JGCHEM, 10-Sep-2026,625.0,629.0,585.7,595.0,619.5,463039,2789.51,19410,167449.0,36.16
JHS, 10-Sep-2026,7.91,8.35,7.9,8.03,8.11,36289,2.94,181,31197.0,85.97
JINDALPHOT, 10-Sep-2026,1029.3,1029.3,1001.0,1001.6,1019.2,1501,15.08,193,1190.0,79.28
JINDALPOLY, 10-Sep-2026,675.7,689.75,675.05,677.3,675.7,6824,46.54,592,3933.0,57.63
JINDALSAW, 10-Sep-2026,314.0,320.0,308.6,317.5,311.7,3368101,10622.35,52234,1223484.0,36.33
JINDALSTEL, 10-Sep-2026,1149.7,1151.7,1131.0,1137.0,1146.5,554299,6315.01,19448,309958.0,55.92
JINDRILL, 10-Sep-2026,674.95,704.4,646.15,654.2,673.75,777024,5256.41,24935,213300.0,27.45
JINDWORLD, 10-Sep-2026,57.09,57.49,55.0,55.64,55.44,21274518,11925.91,46808,2635611.0,12.39
JIOFIN, 10-Sep-2026,230.82,232.27,229.1,230.25,231.0,8980169,20736.19,68220,4619948.0,51.45
JISLDVREQS, 10-Sep-2026,21.3,21.86,20.83,20.84,21.54,6608,1.4,109,6087.0,92.12
JISLJALEQS, 10-Sep-2026,30.5,30.84,29.83,30.02,30.51,1433440,434.65,4799,667363.0,46.56
JITFINFRA, 10-Sep-2026,304.85,310.0,297.55,300.95,304.95,38698,117.67,596,32204.0,83.22
JIWANRAM, 10-Sep-2026,4.3,4.3,4.3,4.3,4.2,6000,0.26,1,6000.0,100.0
JKCEMENT, 10-Sep-2026,4991.5,5004.5,4887.0,4915.5,4990.5,37586,1850.7,9954,19813.0,52.71
JKIL, 10-Sep-2026,483.3,489.9,481.1,483.4,483.55,23678,114.87,1708,14540.0,61.41
JKIPL, 10-Sep-2026,93.65,93.96,90.35,91.6,93.63,27294,25.08,524,16699.0,61.18
JKLAKSHMI, 10-Sep-2026,499.2,507.7,497.0,505.9,499.2,89497,449.16,8445,45370.0,50.69
JKPAPER, 10-Sep-2026,408.25,422.9,406.05,415.15,408.85,748718,3109.07,17691,295838.0,39.51
JKTYRE, 10-Sep-2026,358.7,359.0,355.6,357.65,356.25,361289,1291.62,12413,190889.0,52.84
JLHL, 10-Sep-2026,282.0,284.55,279.0,281.0,282.0,23187,65.44,2411,10809.0,46.62
JMA, 10-Sep-2026,94.5,97.9,94.5,95.51,97.14,16704,16.02,318,11584.0,69.35
JMFINANCIL, 10-Sep-2026,126.9,128.8,126.5,127.24,126.73,1485582,1893.22,14045,604469.0,40.69
JNKINDIA, 10-Sep-2026,433.05,438.2,420.2,428.85,430.85,92881,398.26,3058,42409.0,45.66
JNPR, 10-Sep-2026,263.0,263.0,257.3,259.05,260.5,177801,461.27,6627,79267.0,44.58
JOCIL, 10-Sep-2026,155.0,156.0,148.0,149.87,152.29,5247,7.93,215,3647.0,69.51
JPOLYINVST, 10-Sep-2026,992.3,1000.5,986.1,996.7,994.05,2795,27.79,482,1142.0,40.86
JPPOWER, 10-Sep-2026,16.41,16.59,16.16,16.23,16.4,29091889,4749.24,257268,10688107.0,36.74
JSFB, 10-Sep-2026,525.0,534.4,508.6,514.75,533.95,348693,1814.11,12709,184754.0,52.98
JSL, 10-Sep-2026,785.0,790.5,760.1,762.15,783.3,960367,7446.94,39275,426365.0,44.4
JSLL, 10-Sep-2026,506.2,535.15,505.4,518.3,506.2,993037,5208.76,30702,481547.0,48.49
JSWCEMENT, 10-Sep-2026,120.5,121.32,120.35,120.77,120.7,681977,824.24,9568,370261.0,54.29
JSWDULUX, 10-Sep-2026,3179.2,3199.7,3161.6,3179.7,3179.2,6736,214.33,1818,3650.0,54.19
JSWENERGY, 10-Sep-2026,529.9,534.05,527.5,530.45,534.8,973912,5171.29,20795,570327.0,58.56
JSWHL, 10-Sep-2026,11418.0,11567.0,11311.0,11444.0,11344.0,4370,500.8,1477,2284.0,52.27
JSWINFRA, 10-Sep-2026,341.95,345.0,339.3,342.45,341.4,2842351,9738.34,51155,1701846.0,59.87
JSWSTEEL, 10-Sep-2026,1301.0,1311.3,1292.7,1304.0,1310.0,1102536,14333.82,32768,656505.0,59.54
JTEKTINDIA, 10-Sep-2026,121.8,121.8,119.5,119.93,121.26,172948,208.56,1640,113642.0,65.71
JTLIND, 10-Sep-2026,87.8,91.36,87.17,89.6,87.8,4005608,3591.64,23646,1417926.0,35.4
JUBLCPL, 10-Sep-2026,2204.7,2211.7,2093.0,2101.0,2191.1,11340,239.53,1439,6428.0,56.68
JUBLFOOD, 10-Sep-2026,474.95,480.9,467.95,473.8,475.95,962855,4556.97,22161,328435.0,34.11
JUBLINGREA, 10-Sep-2026,674.9,680.6,665.0,666.6,672.75,101717,682.53,9110,52869.0,51.98
JUBLPHARMA, 10-Sep-2026,1015.0,1027.15,1007.9,1025.65,1019.0,173412,1768.67,13266,82489.0,47.57
JUNIORBEES, 10-Sep-2026,791.82,791.82,784.5,785.79,789.37,187309,1473.88,8481,140403.0,74.96
JUNIPER, 10-Sep-2026,210.01,233.99,210.01,227.39,213.41,1039859,2361.21,16543,370981.0,35.68
JUSTDIAL, 10-Sep-2026,678.45,684.45,658.05,668.75,678.45,225131,1506.64,7431,115981.0,51.52
JWL, 10-Sep-2026,242.5,247.9,240.25,241.56,241.01,990155,2418.06,20312,218829.0,22.1
JYOTHYLAB, 10-Sep-2026,195.11,196.27,193.5,195.65,195.1,488496,953.29,9968,296218.0,60.64
JYOTICNC, 10-Sep-2026,1002.0,1018.0,996.6,1003.9,1009.05,356066,3578.85,25321,145550.0,40.88
JYOTIGLOBL, 10-Sep-2026,46.4,47.75,45.1,47.55,45.5,82000,38.49,39,72000.0,87.8
JYOTIRES, 10-Sep-2026,865.45,889.7,857.0,875.9,865.45,5330,46.39,676,3051.0,57.24
JYOTISTRUC, 10-Sep-2026,10.15,10.23,9.93,9.98,10.08,3647204,367.21,3053,2099603.0,57.57
K2INFRA, 10-Sep-2026,48.3,49.4,47.05,47.55,48.3,6600,3.2,11,5400.0,81.82
KABRAEXTRU, 10-Sep-2026,659.9,717.0,655.0,707.55,662.95,773333,5428.34,30538,181048.0,23.41
KAJARIACER, 10-Sep-2026,1239.2,1254.2,1224.5,1243.9,1239.2,70866,881.7,6861,27363.0,38.61
KAKATCEM, 10-Sep-2026,111.9,114.79,108.01,109.42,110.97,5438,6.05,147,3205.0,58.94
KALAMANDIR, 10-Sep-2026,84.75,85.95,83.48,83.64,84.92,564322,477.03,3851,330660.0,58.59
KALANA, 10-Sep-2026,21.2,21.2,19.95,19.95,21.0,12000,2.42,6,10000.0,83.33
KALPATARU, 10-Sep-2026,266.5,269.8,266.0,267.4,266.35,19849,53.07,730,9425.0,47.48
KALYANKJIL, 10-Sep-2026,609.0,620.35,603.5,615.2,607.6,6066311,37251.26,78902,1424909.0,23.49
KAMAHOLD, 10-Sep-2026,2313.1,2344.9,2280.0,2285.0,2297.5,5128,117.95,779,3482.0,67.9
KAMANWALA, 10-Sep-2026,16.36,17.25,15.6,17.02,16.0,10112,1.71,61,9856.0,97.47
KAMATHOTEL, 10-Sep-2026,225.9,228.4,220.2,224.68,226.46,79870,178.94,1937,40296.0,50.45
KAMOPAINTS, 10-Sep-2026,4.54,4.54,4.16,4.29,4.49,445052,19.22,1263,309249.0,69.49
KANANIIND, 10-Sep-2026,1.53,1.53,1.5,1.51,1.5,113593,1.72,167,63585.0,55.98
KANCHI, 10-Sep-2026,396.2,409.0,391.3,403.75,405.5,4127,16.47,252,2620.0,63.48
KANCOTEA, 10-Sep-2026,55.89,55.94,52.29,52.29,55.95,860,0.46,44,755.0,87.79
KANDARP, 10-Sep-2026,71.85,77.6,71.85,71.9,79.8,23000,16.92,18,20000.0,86.96
KANPRPLA, 10-Sep-2026,251.2,254.2,248.0,251.7,251.4,10832,27.11,726,5950.0,54.93
KANSAINER, 10-Sep-2026,190.0,192.4,189.71,191.11,191.2,109221,208.31,4525,55517.0,50.83
KAPSTON, 10-Sep-2026,568.0,589.9,563.0,584.95,564.3,77377,448.54,2644,41471.0,53.6
KARMAENG, 10-Sep-2026,37.82,40.98,37.25,37.88,37.82,69650,26.69,223,42364.0,60.82
KARNIKA, 10-Sep-2026,122.2,124.0,120.25,120.5,120.95,30000,36.94,24,27000.0,90.0
KARURVYSYA, 10-Sep-2026,337.25,340.0,334.5,335.3,340.6,979196,3296.27,24604,536909.0,54.83
KATARIA, 10-Sep-2026,139.5,141.9,132.0,139.0,139.8,30600,42.09,43,25200.0,82.35
KAVDEFENCE, 10-Sep-2026,63.0,75.82,61.0,74.77,63.19,2362626,1719.14,13746,1077428.0,45.6
KAYNES, 10-Sep-2026,3612.0,3632.5,3480.0,3499.0,3615.0,848357,30083.07,61572,322337.0,38.0
KAYTEX, 10-Sep-2026,59.4,59.4,58.85,58.85,56.8,2400,1.42,3,1600.0,66.67
KCEIL, 10-Sep-2026,76.0,78.2,75.55,78.1,76.25,10000,7.66,14,6500.0,65.0
KCK, 10-Sep-2026,14.45,14.5,14.35,14.4,14.9,15000,2.16,5,15000.0,100.0
KCP, 10-Sep-2026,162.02,163.25,161.11,162.21,161.91,59944,97.27,981,38949.0,64.98
KDDL, 10-Sep-2026,3905.5,3960.0,3876.0,3891.4,3912.2,16584,647.08,3843,9272.0,55.91
KDGREEN, 10-Sep-2026,50.2,51.75,48.65,50.14,50.01,95699,47.96,762,26877.0,28.08
KDL, 10-Sep-2026,88.4,90.9,86.0,86.6,88.15,12000,10.59,63,7950.0,66.25
KEC, 10-Sep-2026,393.85,415.95,393.85,413.45,393.2,2448087,10008.74,49639,649563.0,26.53
KECL, 10-Sep-2026,121.0,128.3,120.51,126.36,122.64,126560,159.06,3114,60850.0,48.08
KEEPLEARN, 10-Sep-2026,1.86,1.92,1.86,1.89,1.93,11004,0.21,58,10409.0,94.59
KEI, 10-Sep-2026,4679.5,4686.0,4580.0,4640.0,4669.5,999943,46116.25,55221,574908.0,57.49
KELLTONTEC, 10-Sep-2026,13.6,13.75,13.45,13.51,13.65,1023316,138.87,3202,550678.0,53.81
KEN, 10-Sep-2026,41.35,41.35,38.35,38.7,40.0,7200,2.83,6,6000.0,83.33
KENNAMET, 10-Sep-2026,4747.0,5136.0,4645.0,5027.9,4746.7,72699,3626.44,14560,26586.0,36.57
KERNEX, 10-Sep-2026,1727.7,1794.4,1690.1,1709.5,1716.2,189892,3288.21,13840,70800.0,37.28
KEYFINSERV, 10-Sep-2026,250.0,250.0,242.2,242.95,247.4,597,1.45,38,332.0,55.61
KFINTECH, 10-Sep-2026,908.0,911.8,897.0,899.0,908.0,312327,2825.39,13297,116298.0,37.24
KHAICHEM, 10-Sep-2026,52.56,53.58,52.48,52.68,52.97,63268,33.51,741,37501.0,59.27
KHAITANLTD, 10-Sep-2026,162.01,166.0,158.0,159.12,162.87,4363,7.11,101,3741.0,85.74
KHANDSE, 10-Sep-2026,18.01,18.38,16.7,16.97,17.7,14089,2.4,150,11157.0,79.19
KHFM, 10-Sep-2026,44.0,44.0,42.1,42.85,42.25,12400,5.33,8,9300.0,75.0
KICL, 10-Sep-2026,5122.0,5144.0,5010.0,5083.5,5021.5,1083,54.91,281,702.0,64.82
KIMS, 10-Sep-2026,762.1,779.0,762.1,772.8,761.55,256634,1983.94,18552,134566.0,52.43
KINGFA, 10-Sep-2026,6201.0,6347.0,6127.0,6227.5,6157.5,56247,3512.87,15717,20556.0,36.55
KIOCL, 10-Sep-2026,373.25,381.0,365.0,367.9,373.75,80371,298.45,3899,34313.0,42.69
KIRANVYPAR, 10-Sep-2026,210.0,212.0,205.06,206.99,204.87,8867,18.59,145,8205.0,92.53
KIRIINDUS, 10-Sep-2026,548.55,556.4,520.55,523.1,550.75,1189208,6358.23,22219,473649.0,39.83
KIRLFER, 10-Sep-2026,470.85,472.45,463.3,466.1,467.25,75301,352.05,5909,42302.0,56.18
KIRLOSBROS, 10-Sep-2026,1836.8,1858.2,1811.0,1818.3,1850.2,25548,467.85,4291,14040.0,54.96
KIRLOSENG, 10-Sep-2026,2208.0,2250.6,2184.5,2209.0,2219.9,310849,6896.96,26808,144150.0,46.37
KIRLOSIND, 10-Sep-2026,3628.3,3636.0,3550.8,3576.8,3634.1,2662,95.87,514,1523.0,57.21
KIRLPNU, 10-Sep-2026,718.8,735.35,718.0,719.7,724.85,127082,921.07,9889,74481.0,58.61
KISSHT, 10-Sep-2026,323.0,337.9,321.05,333.9,322.85,1514881,5016.5,36961,682578.0,45.06
KITEX, 10-Sep-2026,126.6,128.95,125.0,125.65,126.68,189187,238.86,2596,88355.0,46.7
KJMCFIN, 10-Sep-2026,62.0,63.95,60.22,61.58,62.64,1795,1.1,49,959.0,53.43
KKCL, 10-Sep-2026,513.55,518.9,500.0,501.7,513.55,27395,138.54,2395,17012.0,62.1
KKJEWELS, 10-Sep-2026,101.25,101.25,101.25,101.25,102.5,1000,1.01,1,1000.0,100.0
KKVAPOW, 10-Sep-2026,364.3,364.3,350.4,350.4,368.0,342,1.22,2,342.0,100.0
KLBRENG-B, 10-Sep-2026,465.05,490.45,465.05,477.4,466.4,381171,1840.14,9813,195695.0,51.34
KLL, 10-Sep-2026,23.85,23.9,23.3,23.3,22.85,9600,2.26,8,8800.0,91.67
KMCSHIL, 10-Sep-2026,139.15,139.99,136.5,137.45,138.25,85875,117.98,1756,51916.0,60.46
KMEW, 10-Sep-2026,2963.8,2993.3,2886.6,2915.6,2964.0,51447,1507.87,8664,21320.0,41.44
KMSUGAR, 10-Sep-2026,29.7,30.47,29.7,30.1,29.67,106327,32.05,795,46185.0,43.44
KNACK, 10-Sep-2026,184.45,189.39,183.46,186.96,182.1,703290,1318.7,7711,275414.0,39.16
KNAGRI, 10-Sep-2026,198.21,199.9,194.0,195.02,198.21,11321,22.13,213,9688.0,85.58
KNRCON, 10-Sep-2026,122.95,127.7,122.17,123.68,122.9,2823405,3542.81,25008,1364846.0,48.34
KODYTECH, 10-Sep-2026,1506.0,1506.0,1450.0,1475.7,1506.0,5400,79.68,45,5200.0,96.3
KOHINOOR, 10-Sep-2026,31.05,31.19,29.75,30.17,30.87,154095,47.19,2451,51326.0,33.31
KOKUYOCMLN, 10-Sep-2026,79.9,79.99,78.2,78.94,78.9,17115,13.54,438,10396.0,60.74
KOLTEPATIL, 10-Sep-2026,462.65,484.9,442.3,451.15,442.8,1110209,5112.91,26601,150559.0,13.56
KONSTELEC, 10-Sep-2026,62.75,65.0,62.15,64.9,62.15,46000,29.75,26,41000.0,89.13
KONTOR, 10-Sep-2026,50.1,50.1,50.1,50.1,50.1,600,0.3,1,600.0,100.0
KOPRAN, 10-Sep-2026,235.5,242.9,234.3,235.82,234.37,282347,673.01,5466,126644.0,44.85
KORE, 10-Sep-2026,165.0,165.05,165.0,165.05,157.2,9500,15.68,19,9500.0,100.0
KOTAKBANK, 10-Sep-2026,413.7,416.55,412.8,416.55,414.0,7755254,32137.07,81217,4998529.0,64.45
KOTHARIPET, 10-Sep-2026,147.42,148.58,142.51,143.21,148.9,80350,116.39,1539,47786.0,59.47
KOTHARIPRO, 10-Sep-2026,68.01,68.01,65.5,65.76,66.5,7310,4.83,124,5210.0,71.27
KOTIC, 10-Sep-2026,136.9,159.97,136.1,151.21,135.54,804224,1232.45,7138,56156.0,6.98
KOVAI, 10-Sep-2026,6180.0,6444.0,6117.5,6292.0,6149.5,15697,984.49,3535,8321.0,53.01
KPEL, 10-Sep-2026,235.8,235.8,223.0,224.13,232.83,438999,996.89,9581,254172.0,57.9
KPIGREEN, 10-Sep-2026,291.8,294.4,286.5,287.5,291.55,834609,2412.62,21292,402350.0,48.21
KPIL, 10-Sep-2026,1402.0,1439.0,1402.0,1432.0,1408.5,138417,1968.09,15326,69164.0,49.97
KPITTECH, 10-Sep-2026,554.5,559.5,548.75,550.95,553.1,1114138,6159.68,24965,389472.0,34.96
KPL, 10-Sep-2026,3619.9,3619.9,3464.0,3511.6,3577.0,18178,638.92,3308,7864.0,43.26
KPRMILL, 10-Sep-2026,1133.3,1139.0,1120.0,1127.3,1140.3,186138,2100.07,22002,99576.0,53.5
KRBL, 10-Sep-2026,435.45,437.2,422.0,423.25,434.45,473016,2021.56,13401,215557.0,45.57
KREBSBIO, 10-Sep-2026,61.0,64.5,59.99,61.47,60.14,79985,50.08,1028,24314.0,30.4
KRIDHANINF, 10-Sep-2026,2.1,2.1,1.96,1.99,2.0,159781,3.23,222,125368.0,78.46
KRISHANA, 10-Sep-2026,182.8,184.99,179.8,183.5,181.93,617085,1123.59,4953,338926.0,54.92
KRISHCA, 10-Sep-2026,158.05,158.05,156.0,156.0,157.45,12000,18.85,18,11500.0,95.83
KRISHIVAL, 10-Sep-2026,416.7,419.9,416.7,418.15,417.65,11235,47.01,324,9863.0,87.79
KRISHNADEF, 10-Sep-2026,1094.0,1099.7,1062.7,1070.0,1087.2,65190,706.2,5386,30773.0,47.21
KRITI, 10-Sep-2026,60.6,63.47,60.6,62.9,60.95,4601,2.87,68,3454.0,75.07
KRITIKA, 10-Sep-2026,5.4,5.47,5.33,5.37,5.37,87201,4.69,348,67814.0,77.77
KRITINUT, 10-Sep-2026,81.8,83.49,81.0,81.98,82.05,12535,10.22,115,10417.0,83.1
KRMAYURVED, 10-Sep-2026,289.9,303.8,287.0,293.85,285.05,232000,686.02,187,154000.0,66.38
KRN, 10-Sep-2026,1597.3,1624.1,1579.4,1584.6,1597.3,88038,1403.99,7751,47796.0,54.29
KROSS, 10-Sep-2026,220.75,240.8,220.0,231.54,219.67,8960812,20905.74,107371,1661681.0,18.54
KRSNAA, 10-Sep-2026,560.05,565.5,556.7,564.4,560.95,56292,317.12,2043,37929.0,67.38
KRT, 10-Sep-2026,113.7,113.7,112.51,112.63,113.21,1430213,1613.99,4347,1363667.0,95.35
KRYSTAL, 10-Sep-2026,631.0,636.0,623.0,624.45,634.25,4591,28.82,437,2320.0,50.53
KSB, 10-Sep-2026,808.95,808.95,797.05,804.2,806.7,88865,712.68,9172,49728.0,55.96
KSCL, 10-Sep-2026,720.0,729.25,712.0,718.05,722.05,49514,357.52,3648,24993.0,50.48
KSE, 10-Sep-2026,177.85,180.0,177.69,178.69,177.85,13610,24.33,169,12553.0,92.23
KSHINTL, 10-Sep-2026,1157.5,1184.25,1142.05,1174.3,1152.05,187021,2187.27,19873,68185.0,36.46
KSHITIJPOL, 10-Sep-2026,3.27,3.6,3.27,3.43,3.44,4029786,134.83,1311,2853736.0,70.82
KSL, 10-Sep-2026,906.0,992.6,906.0,968.2,910.4,661316,6426.05,30759,164267.0,24.84
KSOLVES, 10-Sep-2026,268.1,273.55,257.3,259.1,269.45,59528,156.32,5294,42136.0,70.78
KSR, 10-Sep-2026,39.19,41.14,39.0,40.93,39.19,116736,47.59,616,86125.0,73.78
KTKBANK, 10-Sep-2026,331.25,336.05,329.6,332.55,331.25,1448556,4816.88,18147,846635.0,58.45
KUANTUM, 10-Sep-2026,75.62,77.65,75.0,75.49,75.61,87247,66.39,2146,41868.0,47.99
KUSUMGAR, 10-Sep-2026,564.25,578.4,561.05,566.0,564.15,120072,682.84,6194,63478.0,52.87
KWIL, 10-Sep-2026,40.8,42.25,40.6,41.53,40.84,13096961,5426.15,31751,4756491.0,36.32
LADDERUP, 10-Sep-2026,54.9,61.93,53.0,61.93,51.61,9326,5.72,64,9025.0,96.77
LAGNAM, 10-Sep-2026,76.39,76.39,70.56,72.53,74.53,18623,13.4,226,12558.0,67.43
LAHOTIOV, 10-Sep-2026,41.38,42.8,37.64,41.14,41.37,32788,12.95,216,21332.0,65.06
LAL, 10-Sep-2026,9.37,9.37,8.8,8.89,9.1,46049,4.13,194,26872.0,58.36
LALITHAA, 10-Sep-2026,341.0,343.9,329.0,337.6,334.45,6296249,21155.62,55356,1844207.0,29.29
LALPATHLAB, 10-Sep-2026,1917.2,1927.0,1880.9,1916.7,1919.7,165825,3158.19,34543,101874.0,61.43
LAMBODHARA, 10-Sep-2026,134.1,140.49,132.5,137.22,134.12,17199,23.59,455,10907.0,63.42
LAMOSAIC, 10-Sep-2026,50.65,50.65,50.6,50.6,53.25,40800,20.65,28,40800.0,100.0
LANCER, 10-Sep-2026,12.58,12.97,12.58,12.83,12.65,205672,26.32,771,167627.0,81.5
LANDMARK, 10-Sep-2026,491.5,494.8,480.25,484.1,491.5,72927,355.74,3781,30985.0,42.49
LANDSMILL, 10-Sep-2026,0.56,0.58,0.56,0.57,0.56,1722350,9.86,932,992962.0,57.65
LAOPALA, 10-Sep-2026,168.4,168.4,162.0,162.4,167.46,237695,390.71,5583,144977.0,60.99
LARGEMID50, 10-Sep-2026,35.9,35.9,35.8,35.83,35.9,1490,0.53,32,1349.0,90.54
LASERPOWER, 10-Sep-2026,296.75,299.45,289.8,290.65,296.65,479560,1404.74,8462,249575.0,52.04
LATENTVIEW, 10-Sep-2026,260.5,262.0,255.0,255.8,260.15,288214,744.08,9921,135137.0,46.89
LATTEYS, 10-Sep-2026,21.61,21.95,21.2,21.53,21.52,20743,4.47,202,15253.0,73.53
LAURUSLABS, 10-Sep-2026,1932.6,1950.5,1920.9,1945.0,1937.0,1067622,20711.75,31967,433325.0,40.59
LAXMICOT, 10-Sep-2026,13.4,13.69,13.07,13.18,13.16,2377,0.31,49,1742.0,73.29
LAXMIDENTL, 10-Sep-2026,202.0,205.0,199.75,202.56,201.14,94776,192.42,3366,43538.0,45.94
LAXMIINDIA, 10-Sep-2026,132.91,134.87,126.35,127.88,132.05,377674,495.43,4406,93914.0,24.87
LCCINFOTEC, 10-Sep-2026,3.64,3.68,3.19,3.19,3.54,328095,10.76,428,261446.0,79.69
LCL, 10-Sep-2026,548.0,567.3,539.1,561.25,544.7,451525,2504.99,20793,154996.0,34.33
LEAPIND, 10-Sep-2026,144.99,146.69,140.29,140.96,144.91,2862305,4083.2,36649,1381393.0,48.26
LEMERITE, 10-Sep-2026,21.26,21.92,20.36,20.71,21.26,268746,56.0,621,90839.0,33.8
LEMONTREE, 10-Sep-2026,106.17,106.67,105.51,105.7,106.17,1099344,1166.48,13905,608144.0,55.32
LENSKART, 10-Sep-2026,701.9,703.5,690.35,693.3,693.9,6256637,43483.46,119845,4141143.0,66.19
LEXUS, 10-Sep-2026,13.37,13.8,13.3,13.45,13.35,4026,0.55,51,2833.0,70.37
LFIC, 10-Sep-2026,153.0,153.0,144.0,145.32,152.52,6118,9.01,188,4882.0,79.8
LGBBROSLTD, 10-Sep-2026,1721.9,1735.9,1711.0,1715.4,1729.7,9004,154.99,2118,4665.0,51.81
LGEINDIA, 10-Sep-2026,1643.0,1654.1,1626.1,1650.0,1647.8,794840,13101.76,19583,689912.0,86.8
LGHL, 10-Sep-2026,170.0,198.01,168.66,189.49,172.23,52140,94.89,637,17222.0,33.03
LIBAS, 10-Sep-2026,9.9,10.75,9.7,10.69,9.99,413944,43.43,458,131413.0,31.75
LIBERTSHOE, 10-Sep-2026,233.05,239.45,228.1,229.41,233.05,20773,48.49,726,9504.0,45.75
LICHSGFIN, 10-Sep-2026,558.0,558.0,543.8,552.3,555.0,2842584,15647.59,36009,1468939.0,51.68
LICI, 10-Sep-2026,407.5,407.65,402.35,405.6,407.5,7670673,31053.82,54461,4419782.0,57.62
LICMFGOLD, 10-Sep-2026,137.25,138.15,137.0,137.2,136.9,67573,92.97,532,47821.0,70.77
LICNETFGSC, 10-Sep-2026,29.37,29.45,29.31,29.37,29.37,20937,6.14,65,19588.0,93.56
LICNETFN50, 10-Sep-2026,264.24,264.24,262.41,263.43,264.24,602,1.58,26,597.0,99.17
LICNETFSEN, 10-Sep-2026,847.64,848.51,844.02,844.02,849.25,11,0.09,6,11.0,100.0
LICNFNHGP, 10-Sep-2026,270.86,271.05,270.33,270.35,274.86,134,0.36,16,124.0,92.54
LICNMID100, 10-Sep-2026,62.77,63.23,62.5,62.54,62.77,2961,1.86,66,1959.0,66.16
LIKHITHA, 10-Sep-2026,222.0,228.84,212.11,213.71,221.61,76883,168.5,2267,29620.0,38.53
LINC, 10-Sep-2026,97.49,98.75,95.0,97.3,98.1,12355,12.04,364,10400.0,84.18
LINCOLN, 10-Sep-2026,641.6,647.05,631.0,634.4,637.5,27777,176.43,1519,13693.0,49.3
LINDEINDIA, 10-Sep-2026,6352.5,6384.0,6180.5,6227.5,6352.5,13975,876.45,4142,7468.0,53.44
LIQGRWBEES, 10-Sep-2026,1054.92,1054.94,1054.92,1054.92,1054.8,72953,769.61,204,61671.0,84.54
LIQUID, 10-Sep-2026,999.99,1000.0,999.99,999.99,999.99,61337,613.37,159,37554.0,61.23
LIQUID1, 10-Sep-2026,1121.86,1121.98,1121.86,1121.97,1121.84,510212,5724.42,502,213219.0,41.79
LIQUIDADD, 10-Sep-2026,1144.04,1144.09,1144.03,1144.03,1143.91,661314,7565.65,449,602783.0,91.15
LIQUIDBEES, 10-Sep-2026,999.99,1000.01,999.99,999.99,999.99,2258098,22580.88,3390,1948934.0,86.31
LIQUIDBETA, 10-Sep-2026,1007.41,1007.41,1007.39,1007.41,1007.41,36,0.36,4,32.0,88.89
LIQUIDBETF, 10-Sep-2026,1098.13,1098.15,1098.13,1098.14,1098.02,93280,1024.34,73,46593.0,49.95
LIQUIDCASE, 10-Sep-2026,115.84,115.86,115.84,115.84,115.83,13485192,15622.3,11505,10181827.0,75.5
LIQUIDETF, 10-Sep-2026,1000.0,1000.01,999.99,999.99,999.99,74338,743.38,227,51300.0,69.01
LIQUIDIETF, 10-Sep-2026,1000.0,1000.01,999.99,1000.0,999.99,731161,7311.61,166,618605.0,84.61
LIQUIDPLUS, 10-Sep-2026,1102.51,1102.53,1102.51,1102.52,1102.39,444694,4902.87,318,402622.0,90.54
LIQUIDSBI, 10-Sep-2026,999.99,1000.01,999.99,1000.0,999.99,30988,309.88,29,30601.0,98.75
LIQUIDSHRI, 10-Sep-2026,1120.81,1120.81,1120.79,1120.8,1120.66,8838,99.06,24,5737.0,64.91
LKPSEC, 10-Sep-2026,15.8,16.66,15.2,15.96,15.84,15839,2.53,106,12133.0,76.6
LLOYDS, 10-Sep-2026,57.0,58.5,57.0,58.5,57.0,3000,1.74,3,3000.0,100.0
LLOYDSENGG, 10-Sep-2026,81.04,82.09,80.5,80.55,81.31,3477682,2821.51,18062,1531712.0,44.04
LLOYDSENT, 10-Sep-2026,70.18,70.95,69.7,70.01,70.43,1005206,706.83,6489,538019.0,53.52
LLOYDSME, 10-Sep-2026,1805.5,1826.0,1805.0,1814.3,1807.6,191914,3488.28,15643,99933.0,52.07
LMW, 10-Sep-2026,18150.0,18376.0,17451.0,17614.0,18032.0,7775,1376.05,2591,5008.0,64.41
LODHA, 10-Sep-2026,1163.9,1172.9,1140.0,1163.4,1166.0,2078548,24075.85,39079,1178563.0,56.7
LOKESHMACH, 10-Sep-2026,358.6,359.9,345.0,347.25,356.85,31555,109.94,873,23706.0,75.13
LORDSCHLO, 10-Sep-2026,139.8,142.44,136.01,139.08,139.66,13339,18.56,606,8276.0,62.04
LOTUSCHO, 10-Sep-2026,590.6,605.0,590.0,597.1,587.7,1262,7.51,146,999.0,79.16
LOTUSEYE, 10-Sep-2026,110.89,113.39,110.0,111.62,110.96,16890,18.84,359,10998.0,65.12
LOVABLE, 10-Sep-2026,69.2,72.48,69.0,71.85,69.62,30146,21.34,780,16114.0,53.45
LOWVOL, 10-Sep-2026,200.93,200.93,200.27,200.52,200.73,1478,2.96,14,749.0,50.68
LOWVOL1, 10-Sep-2026,20.65,20.65,20.37,20.46,20.58,2789517,574.17,271,2673916.0,95.86
LOWVOLIETF, 10-Sep-2026,22.1,22.1,21.46,21.51,21.57,506919,108.95,1187,404516.0,79.8
LOYALTEX, 10-Sep-2026,216.88,217.96,210.1,217.6,215.81,61,0.13,12,59.0,96.72
LPDC, 10-Sep-2026,6.1,6.43,6.1,6.14,6.38,31595,1.96,188,26149.0,82.76
LRRPL, 10-Sep-2026,90.0,93.0,90.0,93.0,92.0,4500,4.11,3,4500.0,100.0
LT, 10-Sep-2026,3949.4,3965.5,3910.0,3955.0,3922.6,1376951,54098.31,71022,684483.0,49.71
LTF, 10-Sep-2026,309.05,311.4,306.3,311.3,310.4,4503846,13927.68,30662,2798157.0,62.13
LTFOODS, 10-Sep-2026,453.0,454.05,440.1,441.5,453.55,337240,1501.22,15572,157449.0,46.69
LTGILTBEES, 10-Sep-2026,29.85,29.95,29.83,29.84,29.91,2244670,670.1,642,2038907.0,90.83
LTGILTCASE, 10-Sep-2026,30.55,30.55,30.39,30.4,30.42,23450,7.13,155,22465.0,95.8
LTM, 10-Sep-2026,4377.5,4434.5,4306.6,4374.0,4412.0,402440,17557.01,32079,143785.0,35.73
LTTS, 10-Sep-2026,3364.0,3411.2,3352.5,3377.9,3364.0,47576,1605.93,10900,20221.0,42.5
LUMAXIND, 10-Sep-2026,6230.0,6230.0,5766.0,5861.0,6214.0,76489,4505.3,11926,44092.0,57.64
LUMAXTECH, 10-Sep-2026,1996.1,1997.1,1926.9,1942.6,1990.6,83841,1642.96,12054,39798.0,47.47
LUMINO, 10-Sep-2026,106.49,110.75,102.5,107.93,106.32,19091007,20195.9,79572,3570650.0,18.7
LUPIN, 10-Sep-2026,2090.0,2098.2,2060.3,2077.8,2100.0,624838,12986.58,33209,357554.0,57.22
LUXIND, 10-Sep-2026,1122.6,1136.8,1105.1,1109.2,1122.6,8661,96.69,1340,5073.0,58.57
LXCHEM, 10-Sep-2026,177.5,179.0,170.0,170.63,178.56,1814676,3134.81,19967,785308.0,43.28
M&M, 10-Sep-2026,3141.7,3146.9,3097.7,3123.8,3150.0,2140618,66910.9,104390,1248888.0,58.34
M&MFIN, 10-Sep-2026,362.5,365.0,356.5,359.25,363.75,2598186,9338.35,56817,1415030.0,54.46
MAANALU, 10-Sep-2026,112.98,113.01,109.82,110.79,111.27,92719,103.12,1905,60525.0,65.28
MACOBSTECH, 10-Sep-2026,199.0,199.0,198.95,198.95,199.6,46400,92.32,3,23200.0,50.0
MACPOWER, 10-Sep-2026,1864.0,1889.7,1860.0,1870.4,1863.8,15621,292.61,2487,8669.0,55.5
MADHAV, 10-Sep-2026,35.89,37.7,35.1,36.89,34.82,27934,10.21,235,13047.0,46.71
MADHAVBAUG, 10-Sep-2026,155.0,159.0,155.0,158.95,154.0,11200,17.77,11,11200.0,100.0
MADHAVIPL, 10-Sep-2026,8.17,8.17,7.89,7.92,7.96,87558,6.95,272,64254.0,73.38
MADHURKNIT, 10-Sep-2026,73.6,73.6,73.6,73.6,77.45,4800,3.53,4,4800.0,100.0
MADHUSUDAN, 10-Sep-2026,235.05,242.0,234.0,234.0,236.65,20000,47.48,19,16000.0,80.0
MADRASFERT, 10-Sep-2026,63.34,63.79,62.3,62.6,63.03,54809,34.5,750,18960.0,34.59
MAFANG, 10-Sep-2026,222.35,238.47,215.0,225.7,228.06,1093904,2478.83,22881,448280.0,40.98
MAFATIND, 10-Sep-2026,120.3,124.19,120.02,122.85,121.6,37271,45.34,830,29654.0,79.56
MAGADSUGAR, 10-Sep-2026,562.2,569.0,551.0,554.65,562.2,15235,85.37,1505,5045.0,33.11
MAGNUM, 10-Sep-2026,19.2,20.24,18.55,19.1,18.99,63106,12.24,291,45200.0,71.63
MAGSON, 10-Sep-2026,184.95,184.95,184.95,184.95,176.05,2000,3.7,2,2000.0,100.0
MAHABANK, 10-Sep-2026,84.56,86.25,83.75,84.35,84.56,15415768,13134.42,43373,6066403.0,39.35
MAHAPEXLTD, 10-Sep-2026,52.21,57.5,51.56,56.23,52.53,79709,44.49,814,41968.0,52.65
MAHEPC, 10-Sep-2026,102.14,103.73,102.01,102.65,102.14,22418,23.07,184,19383.0,86.46
MAHICKRA, 10-Sep-2026,300.0,304.0,285.0,302.5,297.0,22500,64.93,12,18000.0,80.0
MAHKTECH, 10-Sep-2026,23.37,23.8,22.06,22.24,22.8,1344798,300.6,9294,958774.0,71.3
MAHLIFE, 10-Sep-2026,366.15,370.0,358.1,359.65,370.1,68036,247.75,5340,37149.0,54.6
MAHLOG, 10-Sep-2026,403.45,404.3,396.9,400.1,401.75,75748,303.16,3671,42776.0,56.47
MAHSCOOTER, 10-Sep-2026,13399.0,13399.0,13050.0,13098.0,13270.0,4084,538.25,1193,2522.0,61.75
MAHSEAMLES, 10-Sep-2026,676.2,724.0,673.6,718.95,676.2,1256187,8943.34,50945,416283.0,33.14
MAITHANALL, 10-Sep-2026,1087.0,1094.55,1050.0,1055.6,1077.0,80381,863.78,6207,36917.0,45.93
MAITREYA, 10-Sep-2026,123.7,127.9,120.0,121.0,119.9,3200,3.9,8,2800.0,87.5
MAKEINDIA, 10-Sep-2026,165.92,165.92,163.6,163.9,165.28,66888,109.55,590,48230.0,72.11
MAKERSL, 10-Sep-2026,188.45,191.0,176.98,177.97,184.89,8848,15.84,350,5846.0,66.07
MAKS, 10-Sep-2026,15.8,15.8,15.8,15.8,16.6,3000,0.47,2,3000.0,100.0
MAL, 10-Sep-2026,46.4,46.4,46.4,46.4,44.2,17600,8.17,9,17600.0,100.0
MALLCOM, 10-Sep-2026,973.55,999.0,972.0,976.3,977.85,1439,14.09,139,1177.0,81.79
MALUPAPER, 10-Sep-2026,34.81,35.95,33.2,34.39,34.81,53157,18.45,431,17526.0,32.97
MAMATA, 10-Sep-2026,419.0,419.65,407.1,409.45,419.4,36419,150.04,2102,19277.0,52.93
MANAKALUCO, 10-Sep-2026,38.98,39.39,37.37,37.69,38.74,60432,23.2,709,24381.0,40.34
MANAKCOAT, 10-Sep-2026,126.87,133.28,123.3,124.37,126.42,2551453,3307.33,19867,751159.0,29.44
MANAKSIA, 10-Sep-2026,67.2,73.1,66.85,70.51,66.21,553126,392.16,6398,236518.0,42.76
MANALIPETC, 10-Sep-2026,87.5,89.55,85.72,86.27,87.15,1530559,1340.57,11084,430406.0,28.12
MANAPPURAM, 10-Sep-2026,319.4,335.1,318.25,330.8,320.0,6953151,22865.08,41368,3435438.0,49.41
MANBA, 10-Sep-2026,129.14,134.0,129.14,131.48,130.16,66636,87.63,748,18753.0,28.14
MANCREDIT, 10-Sep-2026,221.72,222.19,216.5,218.58,220.19,155276,342.0,2062,15732.0,10.13
MANDEEP, 10-Sep-2026,17.0,17.0,17.0,17.0,17.2,2000,0.34,1,2000.0,100.0
MANGALAM, 10-Sep-2026,31.99,34.88,31.71,34.88,31.71,284790,97.96,1151,233561.0,82.01
MANGLMCEM, 10-Sep-2026,1034.6,1057.0,1005.5,1026.7,1049.6,77092,804.42,2964,36450.0,47.28
MANINDS, 10-Sep-2026,781.0,944.0,772.65,876.45,792.55,8839846,77658.46,268396,967006.0,10.94
MANINFRA, 10-Sep-2026,129.1,129.65,127.42,128.66,128.72,1843204,2372.31,10972,958419.0,52.0
MANIPALHOS, 10-Sep-2026,735.15,750.0,728.1,733.25,729.95,1384611,10251.83,36401,708814.0,51.19
MANKIND, 10-Sep-2026,2260.0,2276.5,2235.1,2238.4,2265.0,180515,4076.57,15860,102016.0,56.51
MANOMAY, 10-Sep-2026,233.2,235.59,230.0,234.86,229.73,143102,334.44,4250,39881.0,27.87
MANORAMA, 10-Sep-2026,2088.0,2137.0,2078.8,2085.0,2093.3,216714,4570.69,18367,97879.0,45.17
MANORG, 10-Sep-2026,486.55,492.3,457.0,458.8,480.7,15595,72.75,2208,10276.0,65.89
MANUFGBEES, 10-Sep-2026,164.6,164.6,161.82,162.21,162.22,4433,7.19,102,2866.0,64.65
MANYAVAR, 10-Sep-2026,589.5,589.5,572.8,576.6,581.35,183468,1062.48,9559,64304.0,35.05
MAPMYINDIA, 10-Sep-2026,955.0,967.0,933.1,939.9,955.2,121948,1159.49,10556,49258.0,40.39
MARALOVER, 10-Sep-2026,64.99,65.0,61.25,62.65,64.79,19059,11.94,316,13085.0,68.66
MARATHON, 10-Sep-2026,439.9,443.95,431.6,438.5,436.9,113729,498.6,3082,61023.0,53.66
MARC, 10-Sep-2026,145.6,151.0,141.05,151.0,146.15,21600,31.97,18,18000.0,83.33
MARCO, 10-Sep-2026,30.95,31.35,30.85,31.1,31.5,13500,4.18,8,9000.0,66.67
MARICO, 10-Sep-2026,813.9,813.9,799.55,803.0,813.9,2060230,16528.41,54419,1445268.0,70.15
MARINE, 10-Sep-2026,422.5,427.65,403.0,408.85,421.05,475404,1962.17,14349,224443.0,47.21
MARKOLINES, 10-Sep-2026,174.6,174.6,170.61,171.42,173.48,150146,258.13,1035,58201.0,38.76
MARKSANS, 10-Sep-2026,329.0,334.55,323.8,330.4,330.15,1295256,4279.82,25629,455488.0,35.17
MARSONS, 10-Sep-2026,135.19,141.76,125.01,125.38,135.08,6404815,8457.01,24564,1767155.0,27.59
MARUSHIKA, 10-Sep-2026,120.25,120.25,111.4,119.7,117.8,43200,50.95,22,38400.0,88.89
MARUTI, 10-Sep-2026,12679.0,12693.0,12517.0,12590.0,12618.0,338613,42713.91,45349,148868.0,43.96
MASFIN, 10-Sep-2026,290.0,295.9,287.3,294.45,288.9,137458,400.23,12738,84308.0,61.33
MASKINVEST, 10-Sep-2026,160.0,160.0,146.5,148.62,153.29,47,0.07,9,30.0,63.83
MASON, 10-Sep-2026,114.85,114.85,113.35,113.4,114.65,1500,1.71,3,1000.0,66.67
MASPTOP50, 10-Sep-2026,104.4,104.4,91.0,95.58,100.76,1041142,995.28,13348,486756.0,46.75
MASTEK, 10-Sep-2026,1605.8,1635.0,1603.1,1610.0,1623.5,76128,1233.49,10875,28860.0,37.91
MASTER, 10-Sep-2026,415.0,427.0,415.0,415.0,415.0,1500,6.29,3,1000.0,66.67
MASTERTR, 10-Sep-2026,92.73,94.05,90.81,92.35,93.07,627564,581.07,3222,194503.0,30.99
MATRIMONY, 10-Sep-2026,514.0,514.95,508.6,510.6,515.75,7124,36.41,470,4507.0,63.27
MAWANASUG, 10-Sep-2026,140.0,142.09,135.13,135.7,139.79,199436,275.25,3259,94749.0,47.51
MAXESTATES, 10-Sep-2026,549.85,562.65,537.55,559.75,546.1,122478,677.22,3263,97781.0,79.84
MAXHEALTH, 10-Sep-2026,1040.1,1040.2,1029.3,1038.6,1037.5,2579310,26665.76,35377,1635253.0,63.4
MAXIND, 10-Sep-2026,148.55,150.0,147.03,147.42,148.65,45761,67.89,986,27571.0,60.25
MAXVOLT, 10-Sep-2026,317.8,332.7,315.0,332.6,316.9,47600,156.16,94,42000.0,88.24
MAYURUNIQ, 10-Sep-2026,743.3,765.9,735.25,756.55,735.95,128849,971.95,6848,68089.0,52.84
MAZDOCK, 10-Sep-2026,2408.8,2417.2,2374.0,2383.2,2408.8,395925,9468.47,21136,152979.0,38.64
MBAPL, 10-Sep-2026,162.14,162.54,158.74,161.2,162.03,812278,1302.84,6462,455336.0,56.06
MBEL, 10-Sep-2026,263.1,268.7,257.1,259.35,265.15,146192,381.06,6125,79947.0,54.69
MBLINFRA, 10-Sep-2026,23.16,24.16,22.82,23.13,23.27,13590,3.19,158,10411.0,76.61
MCCHRLS-B, 10-Sep-2026,683.5,683.5,679.0,679.0,683.5,5086,34.59,51,4902.0,96.38
MCL, 10-Sep-2026,60.6,61.41,58.86,59.86,58.95,59426,35.57,1320,34890.0,58.71
MCLEODRUSS, 10-Sep-2026,44.36,45.04,43.74,44.05,44.54,176730,78.17,954,123355.0,69.8
MCLOUD, 10-Sep-2026,25.81,26.16,25.8,25.99,25.94,1096841,284.85,2360,682966.0,62.27
MCON, 10-Sep-2026,41.3,41.75,41.3,41.65,41.3,8000,3.32,6,5000.0,62.5
MCX, 10-Sep-2026,3311.9,3335.5,3285.0,3300.0,3350.0,1308638,43271.54,88395,631659.0,48.27
MEDANTA, 10-Sep-2026,1487.9,1487.9,1445.0,1459.6,1480.4,337547,4929.42,31001,207423.0,61.45
MEDIASSIST, 10-Sep-2026,327.05,330.9,319.6,323.05,328.65,112697,367.45,4000,65439.0,58.07
MEDICAMEQ, 10-Sep-2026,317.35,326.85,301.35,307.5,312.9,204862,649.8,6075,82059.0,40.06
MEDICAPQ, 10-Sep-2026,32.79,36.8,29.96,35.22,30.74,493535,172.2,2779,187333.0,37.96
MEDICO, 10-Sep-2026,35.5,36.49,34.92,35.42,35.44,378559,134.63,1770,239600.0,63.29
MEDPLUS, 10-Sep-2026,669.95,669.95,655.0,658.05,669.95,61424,406.35,4071,32480.0,52.88
MEESHO, 10-Sep-2026,216.0,220.72,212.51,217.91,216.7,15406554,33426.74,136246,6128372.0,39.78
MEGAFLEX, 10-Sep-2026,101.0,101.0,101.0,101.0,99.0,1000,1.01,1,1000.0,100.0
MEGASTAR, 10-Sep-2026,286.0,290.0,279.9,284.95,285.1,910,2.61,84,596.0,65.49
MEGATHERM, 10-Sep-2026,231.05,245.0,231.05,235.05,243.0,20400,48.07,47,14400.0,70.59
MEIL, 10-Sep-2026,285.3,285.45,278.45,280.2,283.45,23529,66.32,662,13637.0,57.96
MERCANTILE, 10-Sep-2026,24.12,24.94,23.27,24.03,24.12,8086,1.94,152,4760.0,58.87
MERCURYEV, 10-Sep-2026,38.44,41.61,37.73,41.61,37.83,3794734,1533.67,8091,2920317.0,76.96
METAL, 10-Sep-2026,13.69,13.69,13.37,13.39,13.51,1397566,188.06,5748,976101.0,69.84
METALIC, 10-Sep-2026,137.95,142.85,137.2,140.0,136.05,73600,103.12,44,72000.0,97.83
METALIETF, 10-Sep-2026,13.57,13.57,13.3,13.34,13.44,4803124,643.26,8934,2885588.0,60.08
METROBRAND, 10-Sep-2026,959.0,959.0,936.0,952.1,959.0,27109,257.52,9864,15854.0,58.48
METROGLOBL, 10-Sep-2026,143.0,143.0,137.01,140.97,142.31,1446,2.04,47,1250.0,86.45
METROPOLIS, 10-Sep-2026,605.15,607.5,590.6,595.65,602.1,291883,1743.05,23741,149082.0,51.08
MFML, 10-Sep-2026,19.45,19.9,18.3,18.94,18.38,12083,2.35,80,9756.0,80.74
MFSL, 10-Sep-2026,1465.8,1483.7,1452.0,1479.9,1468.5,258122,3790.66,22886,134211.0,52.0
MGEL, 10-Sep-2026,16.6,16.6,15.54,16.03,15.84,1085311,174.35,2355,614399.0,56.61
MGL, 10-Sep-2026,1081.5,1107.0,1081.5,1100.8,1084.3,198415,2181.08,19321,116629.0,58.78
MGSL, 10-Sep-2026,71.0,71.0,64.35,65.55,70.55,108000,71.33,84,66000.0,61.11
MHHL, 10-Sep-2026,29.5,32.5,29.5,32.5,31.0,7500,2.36,5,7500.0,100.0
MHRIL, 10-Sep-2026,199.99,200.63,193.0,196.57,199.36,313310,613.9,8650,162351.0,51.82
MICROPRO, 10-Sep-2026,19.0,19.0,19.0,19.0,18.9,1600,0.3,1,1600.0,100.0
MID150, 10-Sep-2026,23.4,23.43,23.13,23.14,23.4,93509,21.72,225,40227.0,43.02
MID150BEES, 10-Sep-2026,235.64,242.99,235.64,236.62,238.02,996484,2359.11,9052,764698.0,76.74
MID150CASE, 10-Sep-2026,11.57,11.61,11.5,11.51,11.57,885766,102.28,3694,636269.0,71.83
MIDBANKADD, 10-Sep-2026,17.46,17.46,17.33,17.4,17.42,2014,0.35,31,1911.0,94.89
MIDCAP, 10-Sep-2026,18.41,18.41,18.3,18.32,18.41,279001,51.18,894,143269.0,51.35
MIDCAPADD, 10-Sep-2026,23.0,23.05,22.9,22.98,23.1,1439,0.33,36,838.0,58.23
MIDCAPBETA, 10-Sep-2026,232.55,234.9,231.5,232.43,233.03,636,1.48,37,546.0,85.85
MIDCAPETF, 10-Sep-2026,23.52,23.57,23.4,23.41,23.52,1525556,357.89,7472,1146218.0,75.13
MIDCAPIETF, 10-Sep-2026,23.86,23.9,23.67,23.73,23.86,1791013,425.36,2958,1027802.0,57.39
MIDHANI, 10-Sep-2026,464.0,481.4,460.4,463.35,463.8,3378828,15920.3,65947,722409.0,21.38
MIDQ50ADD, 10-Sep-2026,24.45,24.51,24.33,24.39,24.54,31657,7.73,146,28115.0,88.81
MIDSELIETF, 10-Sep-2026,19.78,19.84,19.59,19.65,19.78,135506,26.72,724,98511.0,72.7
MIDSMALL, 10-Sep-2026,52.19,52.19,51.42,51.56,51.64,161308,83.17,672,122420.0,75.89
MIDWESTLTD, 10-Sep-2026,1060.6,1076.8,1043.3,1065.5,1059.1,77450,814.53,2326,67555.0,87.22
MIEL, 10-Sep-2026,12.6,12.6,12.6,12.6,12.0,16000,2.02,8,14000.0,87.5
MIIL, 10-Sep-2026,692.9,717.45,678.2,687.2,688.4,66187,452.44,1554,20078.0,30.34
MILKYMIST, 10-Sep-2026,267.0,278.83,265.32,278.83,265.56,8013334,21879.49,68554,2685614.0,33.51
MINDACORP, 10-Sep-2026,704.9,709.5,697.5,703.1,700.8,74618,525.21,8819,35109.0,47.05
MINDSPACE, 10-Sep-2026,499.0,500.5,490.42,492.42,497.98,245027,1215.19,8489,195159.0,79.65
MINDTECK, 10-Sep-2026,166.9,167.06,159.0,160.0,162.68,45843,74.18,1034,23071.0,50.33
MIRZAINT, 10-Sep-2026,31.15,31.74,30.68,30.81,31.28,63473,19.72,825,24558.0,38.69
MITCON, 10-Sep-2026,81.01,86.0,80.0,81.65,82.27,7795,6.51,148,5576.0,71.53
MITTAL, 10-Sep-2026,0.88,0.9,0.82,0.83,0.88,1556381,13.41,608,1276151.0,81.99
MKEXIM, 10-Sep-2026,66.1,66.1,63.25,65.73,64.88,7037,4.6,132,6365.0,90.45
MKPL, 10-Sep-2026,4.03,4.06,4.0,4.01,4.03,79304,3.19,385,57039.0,71.92
MLKFOOD, 10-Sep-2026,86.9,86.9,81.0,83.42,84.97,7365,6.07,96,5387.0,73.14
MMEL, 10-Sep-2026,26.25,26.25,26.25,26.25,26.25,2000,0.53,1,2000.0,100.0
MMFL, 10-Sep-2026,621.0,648.35,616.1,644.1,616.95,213941,1355.06,12684,92462.0,43.22
MMP, 10-Sep-2026,463.25,468.7,436.8,447.8,460.25,50469,229.22,2131,26274.0,52.06
MMTC, 10-Sep-2026,62.76,63.5,62.1,62.23,62.76,1012634,633.78,6531,439365.0,43.39
MMWL, 10-Sep-2026,13.83,14.2,13.45,13.87,13.83,28053,3.85,208,18249.0,65.05
MNC, 10-Sep-2026,33.0,33.0,32.83,32.9,32.89,17281,5.69,283,13682.0,79.17
MOALPHA50, 10-Sep-2026,57.7,57.7,56.24,56.43,56.57,10269,5.8,52,6663.0,64.88
MOBANK10, 10-Sep-2026,16.55,16.57,16.5,16.51,16.55,4532,0.75,48,4505.0,99.4
MOBIKWIK, 10-Sep-2026,194.8,198.24,193.35,194.68,195.3,722711,1415.31,11752,161515.0,22.35
MOBILISE, 10-Sep-2026,102.8,113.55,102.8,113.55,108.15,3200,3.46,2,3200.0,100.0
MOCAPITAL, 10-Sep-2026,53.9,53.99,53.52,53.63,53.99,571593,307.05,2554,335496.0,58.69
MODEFENCE, 10-Sep-2026,109.0,112.0,107.41,107.62,108.87,895581,967.41,7751,538879.0,60.17
MODINATUR, 10-Sep-2026,346.15,362.0,346.1,355.3,349.1,4303,15.32,197,2827.0,65.7
MODIRUBBER, 10-Sep-2026,125.89,128.99,124.0,125.39,125.89,815,1.02,40,606.0,74.36
MODIS, 10-Sep-2026,370.5,379.0,368.1,373.85,371.45,11202,41.69,630,6113.0,54.57
MODISONLTD, 10-Sep-2026,485.05,514.8,485.05,514.8,490.3,170543,870.36,3071,104515.0,61.28
MODTHREAD, 10-Sep-2026,54.17,54.17,50.02,51.62,53.91,4689,2.47,78,3732.0,79.59
MOENERGY, 10-Sep-2026,39.08,39.08,38.0,38.15,38.7,128914,49.59,671,97739.0,75.82
MOGOLD, 10-Sep-2026,151.65,151.75,150.65,150.75,150.25,16445,24.87,311,7217.0,43.89
MOGSEC, 10-Sep-2026,65.69,65.7,65.1,65.64,65.14,2464,1.61,179,1019.0,41.36
MOHEALTH, 10-Sep-2026,52.14,52.66,51.74,51.83,52.14,60963,31.78,513,35660.0,58.49
MOHITE, 10-Sep-2026,2.78,2.84,2.7,2.75,2.74,35555,0.98,79,23408.0,65.84
MOHITIND, 10-Sep-2026,24.1,24.24,23.04,23.55,23.23,4348,1.02,91,3757.0,86.41
MOIL, 10-Sep-2026,251.95,256.0,249.0,250.18,251.95,780689,1968.91,14099,350765.0,44.93
MOINFRA, 10-Sep-2026,58.93,58.93,58.66,58.93,58.41,685,0.4,42,558.0,81.46
MOIPO, 10-Sep-2026,48.81,48.81,48.5,48.68,48.81,14286,6.95,38,14285.0,99.99
MOKSH, 10-Sep-2026,10.36,10.57,10.05,10.18,10.3,57711,5.88,339,42330.0,73.35
MOL, 10-Sep-2026,63.5,64.91,62.2,62.55,63.54,607889,386.54,4423,268087.0,44.1
MOLBIO, 10-Sep-2026,1271.0,1509.4,1271.0,1509.4,1257.9,11329700,160243.98,342700,860266.0,7.59
MOLDTKPAC, 10-Sep-2026,690.8,692.8,685.0,685.45,690.2,14862,102.32,1196,8597.0,57.85
MOLOWVOL, 10-Sep-2026,35.43,35.44,35.3,35.41,35.59,52262,18.46,51,51396.0,98.34
MOM100, 10-Sep-2026,67.62,68.06,67.07,67.31,67.61,291771,196.62,2601,159914.0,54.81
MOM30IETF, 10-Sep-2026,31.69,31.73,31.3,31.39,31.54,416351,131.02,1604,286296.0,68.76
MOM50, 10-Sep-2026,245.0,246.4,221.55,245.5,246.16,3932,9.67,126,3639.0,92.55
MOMENTUM, 10-Sep-2026,30.78,31.7,30.78,31.33,31.57,46660,14.64,187,33595.0,72.0
MOMENTUM30, 10-Sep-2026,31.15,31.15,30.84,30.9,31.15,21034,6.51,70,18321.0,87.1
MOMENTUM50, 10-Sep-2026,55.2,55.2,54.41,54.6,54.96,275611,150.78,1734,162058.0,58.8
MOMETAL, 10-Sep-2026,13.4,13.42,13.23,13.28,13.4,19317,2.58,54,11748.0,60.82
MOMGF, 10-Sep-2026,161.99,164.0,160.97,161.04,162.24,2434,3.93,43,2432.0,99.92
MOMIDMTM, 10-Sep-2026,64.95,64.95,64.22,64.35,64.92,27821,17.95,382,15721.0,56.51
MOMMIDCAP, 10-Sep-2026,13.12,13.14,12.96,12.99,13.12,2379012,309.85,1131,1772379.0,74.5
MOMNC, 10-Sep-2026,31.92,31.98,31.8,31.97,32.0,31991,10.21,21,31989.0,99.99
MOMOMENTUM, 10-Sep-2026,62.68,62.96,62.11,62.29,62.68,72120,45.15,368,54597.0,75.7
MON100, 10-Sep-2026,349.0,349.0,329.01,333.21,340.57,1232723,4122.61,32825,642305.0,52.1
MON50EQUAL, 10-Sep-2026,32.67,33.0,32.5,32.68,32.77,2146,0.7,63,2091.0,97.44
MONARCH, 10-Sep-2026,373.4,378.25,368.4,370.95,370.95,130223,483.09,2250,51893.0,39.85
MONEXT50, 10-Sep-2026,72.86,73.5,72.43,72.67,72.96,2291,1.67,70,2208.0,96.38
MONEYBOXX, 10-Sep-2026,40.75,40.75,35.85,37.15,44.81,1459080,548.64,5162,524176.0,35.93
MONIFTY100, 10-Sep-2026,25.3,25.87,24.55,24.62,24.8,26273,6.57,97,13284.0,50.56
MONIFTY500, 10-Sep-2026,23.6,23.6,23.45,23.5,23.6,835686,196.64,1614,727452.0,87.05
MONOLITH, 10-Sep-2026,1385.0,1487.0,1360.0,1446.4,1384.95,140000,2013.99,469,82000.0,58.57
MONOPHARMA, 10-Sep-2026,8.25,8.95,8.25,8.95,8.6,6000,0.52,3,2000.0,33.33
MONQ50, 10-Sep-2026,218.33,225.0,181.07,199.89,213.01,1264631,2492.4,23039,395567.0,31.28
MONTECARLO, 10-Sep-2026,553.0,560.6,553.0,556.05,553.3,28781,160.1,1264,16476.0,57.25
MOOILGAS, 10-Sep-2026,11.3,11.3,11.01,11.04,11.08,15409,1.71,44,14354.0,93.15
MOPSE, 10-Sep-2026,100.02,102.5,99.29,99.68,99.77,1174,1.17,21,1142.0,97.27
MOQUALITY, 10-Sep-2026,197.1,197.3,195.39,195.85,197.32,4153,8.13,32,3865.0,93.07
MOREALTY, 10-Sep-2026,90.0,90.0,86.9,87.52,87.89,422152,369.06,2048,221883.0,52.56
MOREPENLAB, 10-Sep-2026,116.93,119.95,114.32,115.28,116.54,9814569,11498.29,37655,2581228.0,26.3
MOS, 10-Sep-2026,6.3,6.9,6.3,6.3,6.6,784000,51.65,148,680000.0,86.73
MOSCHIP, 10-Sep-2026,211.69,213.03,205.9,206.69,211.41,1247416,2602.41,16078,589758.0,47.28
MOSERVICE, 10-Sep-2026,30.1,30.15,29.98,30.13,30.18,1550,0.47,50,1422.0,91.74
MOSILVER, 10-Sep-2026,232.0,233.75,230.61,230.84,229.79,184460,426.25,661,169344.0,91.81
MOSMALL250, 10-Sep-2026,18.52,18.58,18.45,18.51,18.5,544558,100.92,1800,371993.0,68.31
MOTHERSON, 10-Sep-2026,163.7,164.7,162.33,163.2,163.7,5599332,9141.5,46587,3426711.0,61.2
MOTILALOFS, 10-Sep-2026,1023.0,1024.9,1008.0,1015.0,1025.0,338388,3434.29,17022,127644.0,37.72
MOTISONS, 10-Sep-2026,16.25,16.54,15.86,16.01,16.25,15121349,2446.85,14661,3044899.0,20.14
MOTOGENFIN, 10-Sep-2026,27.04,27.79,26.52,26.87,27.04,15852,4.26,98,13710.0,86.49
MOTOUR, 10-Sep-2026,77.19,77.19,76.5,76.58,77.19,8818,6.78,154,7725.0,87.6
MOVALUE, 10-Sep-2026,111.5,112.78,111.22,111.59,112.0,39373,44.05,679,29305.0,74.43
MOXSH, 10-Sep-2026,93.7,93.7,93.7,93.7,93.5,1600,1.5,1,1600.0,100.0
MPEL, 10-Sep-2026,23.5,24.65,23.5,23.5,24.7,16000,3.78,10,12800.0,80.0
MPEL-RE, 10-Sep-2026,2.5,2.5,2.5,2.5,4.15,28800,0.72,9,28800.0,100.0
MPHASIS, 10-Sep-2026,2320.0,2329.0,2290.2,2291.7,2307.5,454003,10483.58,18512,297529.0,65.53
MPSLTD, 10-Sep-2026,2783.4,2799.0,2700.1,2705.9,2783.4,10462,286.08,2198,5635.0,53.86
MPTODAY, 10-Sep-2026,40.0,41.55,40.0,41.55,41.55,4000,1.63,2,4000.0,100.0
MRF, 10-Sep-2026,128400.0,129245.0,128000.0,128270.0,128315.0,2102,2699.93,1709,953.0,45.34
MRIL, 10-Sep-2026,66.8,69.4,66.8,69.0,66.1,20800,14.35,11,20800.0,100.0
MRPL, 10-Sep-2026,184.98,191.9,176.01,181.32,184.46,31180630,57077.12,155768,5923817.0,19.0
MSCI360, 10-Sep-2026,9.95,10.0,9.88,9.96,10.15,16266,1.62,51,16265.0,99.99
MSCIADD, 10-Sep-2026,28.96,29.04,28.94,28.95,29.13,747,0.22,13,409.0,54.75
MSCIINDIA, 10-Sep-2026,29.36,29.38,29.23,29.29,29.31,6800,1.99,80,4887.0,71.87
MSL, 10-Sep-2026,150.96,154.9,147.98,149.0,148.0,1412,2.11,29,1345.0,95.25
MSPL, 10-Sep-2026,34.46,34.87,34.2,34.4,34.43,340364,117.29,1518,244068.0,71.71
MSTCLTD, 10-Sep-2026,764.0,766.25,733.05,737.55,764.1,326755,2430.56,9243,176642.0,54.06
MSUMI, 10-Sep-2026,36.95,36.95,36.31,36.34,36.72,8339844,3039.85,31483,4950045.0,59.35
MTNL, 10-Sep-2026,25.21,25.49,25.04,25.1,25.21,458177,115.54,1984,206833.0,45.14
MUFIN, 10-Sep-2026,135.0,135.95,133.7,135.22,134.83,475498,641.75,2942,198669.0,41.78
MUFTI, 10-Sep-2026,74.95,77.0,73.21,74.09,74.66,86212,64.58,1765,28010.0,32.49
MUKANDLTD, 10-Sep-2026,139.99,146.5,139.69,142.57,139.69,329153,471.66,5295,148854.0,45.22
MUKESHB, 10-Sep-2026,132.0,132.5,130.0,132.5,135.0,2650,3.48,14,2148.0,81.06
MUKKA, 10-Sep-2026,30.35,31.0,29.87,30.57,29.86,873584,266.38,3390,473200.0,54.17
MULTICAP, 10-Sep-2026,17.01,17.01,16.52,16.53,16.6,124668,20.65,535,79829.0,64.03
MUNISH, 10-Sep-2026,93.5,98.95,93.5,95.0,95.55,18000,17.33,13,9600.0,53.33
MUNJALAU, 10-Sep-2026,109.9,111.08,108.41,109.17,109.83,231004,252.55,3612,88119.0,38.15
MUNJALSHOW, 10-Sep-2026,127.51,128.9,126.82,127.07,128.19,15778,20.13,451,9337.0,59.18
MURUDCERA, 10-Sep-2026,30.98,30.98,29.86,30.0,30.83,10188,3.06,139,8570.0,84.12
MUTHOOTCAP, 10-Sep-2026,238.0,240.25,230.37,232.44,235.33,8204,19.21,435,5091.0,62.06
MUTHOOTFIN, 10-Sep-2026,2815.4,2853.9,2807.4,2841.5,2815.0,408226,11567.41,28413,174371.0,42.71
MUTHOOTMF, 10-Sep-2026,196.21,198.3,195.78,196.13,197.1,140143,275.57,3048,79456.0,56.7
MVELECTRO, 10-Sep-2026,911.45,911.45,826.1,835.45,917.5,5082721,43828.26,109946,608891.0,11.98
MVGJL, 10-Sep-2026,215.5,222.0,208.0,208.78,214.64,258423,550.13,5233,105641.0,40.88
MVKAGRO, 10-Sep-2026,287.2,287.2,287.2,287.2,273.55,990600,2845.0,481,863400.0,87.16
MWL, 10-Sep-2026,38.01,43.93,37.43,39.56,37.76,18773791,7833.88,114407,948935.0,5.05
MYMUDRA, 10-Sep-2026,67.5,67.5,67.2,67.2,67.25,2400,1.62,2,2400.0,100.0
NACLIND, 10-Sep-2026,164.32,165.39,157.1,159.49,164.32,443221,712.99,7341,173849.0,39.22
NAGREEKCAP, 10-Sep-2026,22.99,23.24,22.02,22.87,22.66,971,0.22,60,855.0,88.05
NAGREEKEXP, 10-Sep-2026,22.31,22.89,21.91,22.33,22.42,9698,2.17,113,7902.0,81.48
NAHARCAP, 10-Sep-2026,264.4,264.4,255.5,256.9,257.65,2468,6.44,96,1262.0,51.13
NAHARINDUS, 10-Sep-2026,135.31,136.59,133.1,133.89,134.1,14916,20.15,303,9540.0,63.96
NAHARPOLY, 10-Sep-2026,237.16,239.04,232.42,233.77,236.55,4604,10.83,302,3220.0,69.94
NAHARSPING, 10-Sep-2026,278.55,280.1,268.0,270.8,277.3,42431,116.78,1363,29912.0,70.5
NAM-INDIA, 10-Sep-2026,1156.6,1186.3,1152.4,1185.0,1164.8,1085689,12720.04,44623,550987.0,50.75
NAMAN, 10-Sep-2026,39.0,39.0,39.0,39.0,40.1,2400,0.94,3,1600.0,66.67
NAMOEWASTE, 10-Sep-2026,281.0,289.0,270.55,277.85,281.75,35200,99.29,40,30400.0,86.36
NARMADA, 10-Sep-2026,14.45,14.8,13.68,14.05,14.59,458942,65.89,926,213500.0,46.52
NATCOPHARM, 10-Sep-2026,825.55,832.15,816.0,818.65,826.3,236487,1940.91,25864,127636.0,53.97
NATHBIOGEN, 10-Sep-2026,153.0,153.45,151.01,152.51,151.67,2248,3.42,102,1856.0,82.56
NATIONALUM, 10-Sep-2026,382.0,383.0,371.05,373.35,377.6,3376100,12703.79,31801,1489275.0,44.11
NATIONSTD, 10-Sep-2026,115.05,120.0,111.11,115.89,114.4,78107,90.55,1047,51187.0,65.53
NAUKRI, 10-Sep-2026,1266.9,1277.9,1246.9,1265.0,1267.0,981803,12420.51,36167,576809.0,58.75
NAVA, 10-Sep-2026,561.15,565.15,556.05,558.35,561.15,96940,542.86,4692,47650.0,49.15
NAVINFLUOR, 10-Sep-2026,8748.0,8771.5,8622.0,8700.5,8775.5,65488,5691.3,13245,29802.0,45.51
NAVKARCORP, 10-Sep-2026,94.03,95.1,92.34,93.85,94.3,339324,316.86,3453,168903.0,49.78
NAVNETEDUL, 10-Sep-2026,128.0,128.39,127.2,127.69,127.0,41286,52.72,662,26834.0,65.0
NAZARA, 10-Sep-2026,373.95,380.0,369.2,374.65,374.4,1606579,6033.85,22302,864339.0,53.8
NBCC, 10-Sep-2026,83.2,84.7,83.2,83.94,83.6,4868776,4083.87,26572,1696732.0,34.85
NBIFIN, 10-Sep-2026,2015.0,2024.9,1971.1,2010.0,1993.0,5037,99.75,20,5017.0,99.6
NCC, 10-Sep-2026,145.49,146.75,141.67,143.15,145.33,2615966,3751.74,25544,1139075.0,43.54
NCLIND, 10-Sep-2026,179.04,180.8,176.05,178.11,179.12,32644,58.06,1016,10682.0,32.72
NDGL, 10-Sep-2026,2730.7,2750.0,2700.1,2716.0,2727.6,255,6.93,42,232.0,90.98
NDL, 10-Sep-2026,2.98,2.98,2.89,2.9,2.93,876630,25.6,951,676191.0,77.14
NDLVENTURE, 10-Sep-2026,126.5,129.99,122.53,126.46,124.69,14377,18.39,170,12746.0,88.66
NDRAUTO, 10-Sep-2026,714.0,719.0,693.0,702.25,714.9,16993,120.14,1595,10777.0,63.42
NDRINVIT, 10-Sep-2026,145.0,145.0,145.0,145.0,145.0,75000,108.75,1,75000.0,100.0
NDTV, 10-Sep-2026,73.8,74.95,71.0,72.29,73.73,48449,35.3,775,29603.0,61.1
NEAGI, 10-Sep-2026,3469.0,3469.0,3469.0,3469.0,3470.0,1,0.03,1,1.0,100.0
NECLIFE, 10-Sep-2026,12.09,12.2,11.9,11.93,11.98,87468,10.48,268,76046.0,86.94
NEELAM, 10-Sep-2026,6.15,6.3,6.1,6.2,6.4,84000,5.17,14,54000.0,64.29
NELCAST, 10-Sep-2026,114.0,115.88,109.27,110.0,113.94,147086,164.28,2381,101339.0,68.9
NELCO, 10-Sep-2026,957.05,973.2,935.0,937.55,958.3,166262,1580.41,8243,68316.0,41.09
NEOCHEM, 10-Sep-2026,113.1,114.0,102.95,103.5,107.4,208800,219.78,104,139200.0,66.67
NEOGEN, 10-Sep-2026,2240.0,2400.0,2231.0,2388.9,2255.2,410092,9639.84,42891,154173.0,37.59
NEPHROCARE, 10-Sep-2026,89.0,94.0,89.0,91.45,87.25,26000,23.88,53,18000.0,69.23
NEPHROPLUS, 10-Sep-2026,733.1,751.15,731.05,747.25,733.45,204920,1520.48,12247,111708.0,54.51
NEPTUNE, 10-Sep-2026,176.5,176.5,176.5,176.5,179.0,1000,1.77,2,1000.0,100.0
NESCO, 10-Sep-2026,1090.0,1120.3,1090.0,1091.2,1096.9,46666,513.02,5161,24591.0,52.7
NESTLEIND, 10-Sep-2026,1396.8,1402.8,1377.7,1386.2,1393.0,568997,7889.25,32888,382546.0,67.23
NETF, 10-Sep-2026,256.9,257.0,254.7,256.7,255.83,1013,2.59,139,819.0,80.85
NETWEB, 10-Sep-2026,4910.0,5054.0,4900.0,5013.5,4898.5,1532072,76624.75,104613,310769.0,20.28
NETWORK18, 10-Sep-2026,26.87,27.24,26.76,26.83,26.92,2802426,755.14,7662,1329282.0,47.43
NEULANDLAB, 10-Sep-2026,23265.0,24150.0,23235.0,23800.0,23195.0,55257,13152.27,19873,19640.0,35.54
NEWGEN, 10-Sep-2026,516.0,521.6,505.15,507.9,512.85,531174,2725.18,16476,167319.0,31.5
NEWJAISA, 10-Sep-2026,17.2,17.45,17.2,17.2,17.15,4500,0.78,3,4500.0,100.0
NEXT30ADD, 10-Sep-2026,42.57,42.65,42.49,42.64,42.7,1656,0.71,46,1607.0,97.04
NEXT50, 10-Sep-2026,754.88,754.88,748.21,748.86,753.29,49990,374.97,3690,29163.0,58.34
NEXT50ADD, 10-Sep-2026,73.19,74.75,72.9,74.55,73.43,993,0.73,30,832.0,83.79
NEXT50BETA, 10-Sep-2026,79.0,79.0,78.12,78.34,78.75,46573,36.57,575,32981.0,70.82
NEXT50ETF, 10-Sep-2026,73.89,73.89,73.0,73.21,73.89,9415,6.89,132,5648.0,59.99
NEXT50IETF, 10-Sep-2026,78.92,78.92,76.57,76.7,77.0,454650,349.21,4885,314436.0,69.16
NEXTMEDIA, 10-Sep-2026,3.87,4.07,3.77,3.89,3.88,117633,4.59,60,110278.0,93.75
NFL, 10-Sep-2026,69.99,71.1,69.24,69.45,69.98,738161,516.42,3938,237251.0,32.14
NFPSAMPOOR, 10-Sep-2026,22.3,22.3,20.6,22.05,21.3,24000,5.26,12,12000.0,50.0
NGIL, 10-Sep-2026,36.06,36.6,34.11,34.68,35.04,11130,3.9,97,8016.0,72.02
NGLFINE, 10-Sep-2026,2776.3,2790.4,2700.0,2725.7,2758.3,4059,111.19,809,2593.0,63.88
NH, 10-Sep-2026,1900.0,1920.0,1881.0,1909.7,1890.6,140237,2678.71,24236,79681.0,56.82
NHPC, 10-Sep-2026,76.69,76.85,75.93,76.35,76.69,9030454,6887.18,21856,4844815.0,53.65
NIACL, 10-Sep-2026,205.9,207.45,196.26,197.35,205.51,5001728,10019.04,38790,1312365.0,26.24
NIBE, 10-Sep-2026,1314.0,1319.9,1287.1,1298.2,1313.3,34841,452.39,2848,17963.0,51.56
NIBL, 10-Sep-2026,30.6,31.66,30.05,30.58,30.6,3827,1.18,83,1902.0,49.7
NICCOPAR, 10-Sep-2026,80.5,81.5,79.0,80.02,80.27,662,0.53,8,662.0,100.0
NIDAN, 10-Sep-2026,13.25,13.35,12.8,13.15,13.85,14000,1.83,12,13000.0,92.86
NIF100BEES, 10-Sep-2026,260.52,264.91,260.52,261.06,262.29,45272,118.22,796,37250.0,82.28
NIF100IETF, 10-Sep-2026,27.69,27.69,27.41,27.49,27.6,65991,18.16,1865,36833.0,55.82
NIF500BETA, 10-Sep-2026,36.33,37.06,36.33,36.94,37.08,881,0.33,21,875.0,99.32
NIFTY1, 10-Sep-2026,263.83,263.83,260.0,260.24,261.13,107738,280.69,1622,61203.0,56.81
NIFTY100EW, 10-Sep-2026,35.0,35.0,34.59,34.6,35.0,54048,18.74,262,45310.0,83.83
NIFTYADD, 10-Sep-2026,247.86,247.94,246.74,247.15,247.86,14792,36.62,161,12666.0,85.63
NIFTYAXIS, 10-Sep-2026,261.29,261.29,259.45,259.69,260.47,182222,473.68,214,178408.0,97.91
NIFTYBEES, 10-Sep-2026,273.51,273.51,266.0,267.17,268.15,5384617,14409.0,65484,3626338.0,67.35
NIFTYBETA, 10-Sep-2026,263.57,263.57,259.91,260.06,260.87,23635,61.53,503,19276.0,81.56
NIFTYBETF, 10-Sep-2026,242.97,242.97,240.9,241.36,242.2,1464,3.54,71,1319.0,90.1
NIFTYCASE, 10-Sep-2026,9.46,9.54,9.4,9.41,9.45,841327,79.3,1870,717266.0,85.25
NIFTYETF, 10-Sep-2026,255.83,256.0,254.82,255.09,255.83,146073,372.81,1152,96682.0,66.19
NIFTYIETF, 10-Sep-2026,267.59,267.59,265.6,265.84,266.76,573236,1525.78,14629,442934.0,77.27
NIFTYJBLK, 10-Sep-2026,11.74,12.11,11.74,12.0,12.05,68602,8.25,589,56324.0,82.1
NIFTYQLITY, 10-Sep-2026,20.9,20.96,20.74,20.8,20.92,34816,7.26,207,28205.0,81.01
NIITLTD, 10-Sep-2026,95.46,95.46,93.5,94.09,94.99,140966,132.72,1891,75723.0,53.72
NIITMTS, 10-Sep-2026,222.99,226.8,221.01,224.64,221.54,64725,145.28,2742,38495.0,59.47
NILAINFRA, 10-Sep-2026,6.8,6.97,6.66,6.73,6.8,121635,8.27,479,80832.0,66.45
NILASPACES, 10-Sep-2026,12.16,12.41,12.1,12.14,12.16,579752,70.62,1282,354185.0,61.09
NILE, 10-Sep-2026,1479.0,1490.0,1450.0,1457.0,1479.7,1998,29.25,342,1322.0,66.17
NILKAMAL, 10-Sep-2026,2056.7,2085.3,2036.2,2077.4,2056.7,11826,244.17,1834,5181.0,43.81
NIMBSPROJ, 10-Sep-2026,152.06,163.63,150.0,157.56,155.84,114752,180.81,137,14052.0,12.25
NINSYS, 10-Sep-2026,710.0,714.25,701.15,708.45,710.75,3174,22.48,441,2472.0,77.88
NIPPOBATRY, 10-Sep-2026,325.0,325.0,320.0,322.45,323.0,1939,6.23,272,1402.0,72.31
NIRAJ, 10-Sep-2026,28.0,28.7,27.3,27.76,28.07,20039,5.6,224,14198.0,70.85
NIRLON, 10-Sep-2026,622.65,622.65,619.0,620.05,619.7,3618,22.44,193,3166.0,87.51
NIRMAN, 10-Sep-2026,27.5,28.2,27.2,27.9,27.5,37500,10.25,21,36600.0,97.6
NITCO, 10-Sep-2026,92.4,95.5,92.4,95.23,92.53,246641,232.1,2120,135573.0,54.97
NITINSPIN, 10-Sep-2026,652.65,665.5,633.35,649.5,651.25,188865,1232.58,8327,87548.0,46.35
NITIRAJ, 10-Sep-2026,230.0,235.0,225.1,231.16,229.46,3966,9.09,103,3019.0,76.12
NITTAGELA, 10-Sep-2026,1633.7,1718.9,1633.7,1654.4,1667.0,1675,27.8,490,1134.0,67.7
NIVABUPA, 10-Sep-2026,79.2,79.79,78.86,79.42,79.59,290644,230.62,16971,144542.0,49.73
NKIND, 10-Sep-2026,63.88,63.88,56.58,56.6,58.07,1867,1.06,46,1587.0,85.0
NLCINDIA, 10-Sep-2026,272.0,274.95,270.0,270.4,271.55,1073393,2925.13,20112,501636.0,46.73
NMDC, 10-Sep-2026,86.0,86.12,84.17,84.6,85.8,9878920,8383.96,40914,5423313.0,54.9
NMSTEEL, 10-Sep-2026,22.55,23.8,22.55,23.55,23.1,12800,2.95,8,6400.0,50.0
NOCIL, 10-Sep-2026,188.28,200.49,187.12,195.31,188.28,7274037,14259.17,56813,2715711.0,37.33
NOIDATOLL, 10-Sep-2026,4.02,4.05,3.97,3.99,4.02,61659,2.47,204,60222.0,97.67
NORBTEAEXP, 10-Sep-2026,65.21,67.4,64.02,64.14,67.2,1992,1.29,61,1302.0,65.36
NORTHARC, 10-Sep-2026,308.0,315.25,307.05,309.15,308.35,1349056,4206.04,18099,636728.0,47.2
NOVARTIND, 10-Sep-2026,2260.0,2588.8,2232.1,2428.2,2186.4,2292871,56376.85,178705,347125.0,15.14
NPBET, 10-Sep-2026,284.3,290.0,282.41,282.93,292.4,3160,8.97,103,2303.0,72.88
NPST, 10-Sep-2026,1680.5,1742.0,1664.1,1718.5,1680.5,25134,431.81,3159,10828.0,43.08
NRAIL, 10-Sep-2026,614.5,635.2,588.1,595.3,611.2,39747,241.77,2896,21792.0,54.83
NRBBEARING, 10-Sep-2026,481.0,518.0,481.0,515.95,484.55,1397242,7077.99,37618,467485.0,33.46
NRVANDANA, 10-Sep-2026,68.0,70.0,67.0,68.9,67.95,57000,39.18,17,45000.0,78.95
NSIL, 10-Sep-2026,5648.5,5668.5,5594.0,5604.0,5621.0,1715,96.26,369,1393.0,81.22
NSLNISP, 10-Sep-2026,45.25,45.52,43.7,43.86,45.04,3875085,1717.86,16588,1779399.0,45.92
NTCIND, 10-Sep-2026,137.0,137.0,131.0,131.7,132.41,559,0.75,34,481.0,86.05
NTPC, 10-Sep-2026,335.65,335.7,333.1,335.0,334.5,6905905,23105.34,49997,4844608.0,70.15
NTPCGREEN, 10-Sep-2026,88.05,88.12,87.55,87.72,88.03,1225146,1075.9,17022,642388.0,52.43
NUCLEUS, 10-Sep-2026,706.0,708.95,698.0,701.05,706.1,13973,98.17,1334,8255.0,59.08
NUVAMA, 10-Sep-2026,1788.0,1789.0,1742.3,1757.9,1781.3,247136,4344.44,33364,136278.0,55.14
NUVOCO, 10-Sep-2026,334.75,338.5,328.7,331.3,334.75,256455,852.55,10992,137772.0,53.72
NV20, 10-Sep-2026,13.68,13.68,13.54,13.57,13.62,101535,13.78,206,67848.0,66.82
NV20BEES, 10-Sep-2026,136.78,137.0,135.75,135.96,136.53,22269,30.3,360,12404.0,55.7
NV20IETF, 10-Sep-2026,13.3,13.34,13.22,13.24,13.3,378550,50.18,2128,243607.0,64.35
NXST, 10-Sep-2026,167.9,168.95,167.31,167.97,167.33,362135,608.73,11990,325610.0,89.91
NXT-INFRA, 10-Sep-2026,96.99,97.0,95.0,96.12,97.0,700000,673.29,18,700000.0,100.0
NYKAA, 10-Sep-2026,343.05,345.4,339.1,341.95,343.0,3136550,10776.76,37464,1760638.0,56.13
OAL, 10-Sep-2026,537.0,559.7,521.8,524.7,540.3,64967,352.49,3897,33624.0,51.76
OBCL, 10-Sep-2026,55.99,56.54,54.94,55.89,55.98,4444,2.48,49,4231.0,95.21
OBEROIRLTY, 10-Sep-2026,1799.8,1806.4,1777.5,1792.0,1800.0,233031,4160.68,20118,119056.0,51.09
OBSCP, 10-Sep-2026,1000.0,1030.0,950.0,971.6,986.25,130400,1288.22,308,74800.0,57.36
ODIGMA, 10-Sep-2026,22.15,23.59,22.01,22.33,22.47,35868,8.13,388,12916.0,36.01
ODYCORP, 10-Sep-2026,7.29,7.49,6.95,7.03,7.17,40410,2.92,100,34879.0,86.31
OFSS, 10-Sep-2026,11680.0,11814.0,11627.0,11725.0,11630.0,167438,19596.67,28416,83725.0,50.0
OIL, 10-Sep-2026,503.9,514.45,497.75,500.3,498.95,4397946,22244.58,64497,1385670.0,31.51
OILIETF, 10-Sep-2026,11.25,11.31,11.15,11.17,11.24,691135,77.54,2152,469584.0,67.94
OLAELEC, 10-Sep-2026,37.31,40.51,37.31,39.15,37.31,180771099,71362.38,289179,26285714.0,14.54
OLECTRA, 10-Sep-2026,1203.0,1218.9,1203.0,1206.7,1206.6,243403,2944.16,13857,99493.0,40.88
OLIL, 10-Sep-2026,415.05,428.9,409.9,427.55,411.0,29200,122.09,47,22000.0,75.34
OMAXAUTO, 10-Sep-2026,175.0,179.45,174.0,176.44,175.79,38738,68.15,1056,19184.0,49.52
OMAXE, 10-Sep-2026,122.85,124.75,121.0,122.42,121.36,742271,911.07,8721,169415.0,22.82
OMFURN, 10-Sep-2026,53.3,53.3,53.0,53.0,54.2,2400,1.28,2,2400.0,100.0
OMINFRAL, 10-Sep-2026,81.67,83.31,79.61,80.8,81.67,56813,46.05,1242,25636.0,45.12
OMNI, 10-Sep-2026,534.6,572.0,534.6,563.35,534.6,1296012,7229.19,49563,536904.0,41.43
OMPOWER, 10-Sep-2026,169.8,171.0,167.0,168.11,168.7,35105,59.3,852,22057.0,62.83
ONDOOR, 10-Sep-2026,295.0,295.9,281.4,291.15,290.8,7200,20.93,23,5700.0,79.17
ONEGLOBAL, 10-Sep-2026,546.0,549.0,527.05,546.0,540.4,15825,85.52,805,8754.0,55.32
ONEPOINT, 10-Sep-2026,58.07,59.4,57.42,57.74,58.07,661574,387.42,2973,321146.0,48.54
ONESOURCE, 10-Sep-2026,1526.0,1567.8,1526.0,1541.9,1530.1,247132,3832.66,17910,131052.0,53.03
ONGC, 10-Sep-2026,236.1,239.8,235.6,237.27,234.02,12771340,30306.39,89690,6096147.0,47.73
ONIDA, 10-Sep-2026,34.26,34.48,32.65,32.98,34.26,466678,156.07,1561,292289.0,62.63
ONIXSOLAR, 10-Sep-2026,462.0,464.2,432.55,459.4,455.3,690257,3072.4,7216,292782.0,42.42
ONWARDTEC, 10-Sep-2026,282.15,298.0,282.15,288.65,285.75,55205,160.85,1700,25741.0,46.63
ONYX, 10-Sep-2026,38.5,38.75,38.5,38.75,37.5,4000,1.55,2,4000.0,100.0
OPTIEMUS, 10-Sep-2026,545.0,569.0,545.0,557.65,541.95,286523,1599.46,10761,87245.0,30.45
OPTIFIN, 10-Sep-2026,14.49,16.0,14.3,14.57,14.2,44190,6.54,116,34896.0,78.97
OPTIMYSTIX, 10-Sep-2026,145.05,150.0,144.0,148.8,148.2,36800,54.4,29,29600.0,80.43
OPTIVALUE, 10-Sep-2026,175.0,181.3,175.0,181.3,172.7,17600,31.62,10,17600.0,100.0
ORCHASP, 10-Sep-2026,1.47,1.48,1.42,1.44,1.42,185081,2.71,242,147005.0,79.43
ORCHPHARMA, 10-Sep-2026,1025.8,1029.95,1000.2,1016.1,1024.85,43310,440.45,4327,23689.0,54.7
ORIANA, 10-Sep-2026,1243.95,1245.0,1218.0,1222.2,1233.4,41475,511.27,352,31050.0,74.86
ORICONENT, 10-Sep-2026,52.0,53.69,51.27,51.65,52.08,19885,10.32,362,10373.0,52.16
ORIENTALTL, 10-Sep-2026,5.08,5.2,5.03,5.09,5.12,70328,3.57,272,37090.0,52.74
ORIENTBELL, 10-Sep-2026,420.0,421.8,410.1,412.0,420.1,16716,69.24,1052,8736.0,52.26
ORIENTCEM, 10-Sep-2026,126.0,126.68,125.1,126.06,126.28,320950,403.93,2438,213351.0,66.47
ORIENTCER, 10-Sep-2026,47.35,48.5,46.2,46.68,47.3,140327,66.05,1907,77798.0,55.44
ORIENTELEC, 10-Sep-2026,176.25,176.25,173.06,173.64,175.11,45431,79.21,1668,31423.0,69.17
ORIENTHOT, 10-Sep-2026,140.11,142.11,138.8,139.81,139.98,352137,492.2,2346,161910.0,45.98
ORIENTPPR, 10-Sep-2026,17.93,18.79,17.73,18.06,17.93,440501,80.1,1186,170669.0,38.74
ORIENTTECH, 10-Sep-2026,230.0,244.17,230.0,235.36,229.65,266345,633.91,7588,54809.0,20.58
ORIRAIL, 10-Sep-2026,126.65,127.73,120.4,122.3,126.65,86819,107.61,1434,46208.0,53.22
ORISSAMINE, 10-Sep-2026,4156.2,4241.9,4057.1,4074.5,4153.5,5995,248.6,1678,2647.0,44.15
ORKLAINDIA, 10-Sep-2026,585.0,588.9,576.0,578.5,586.3,46377,270.51,4525,25152.0,54.23
ORTINGLOBE, 10-Sep-2026,15.5,16.3,15.22,16.3,15.53,31447,5.1,44,27357.0,86.99
OSELDEVICE, 10-Sep-2026,365.0,374.85,364.0,371.65,373.05,19800,73.23,91,14800.0,74.75
OSWALAGRO, 10-Sep-2026,35.6,36.0,34.0,34.34,35.83,61424,21.69,599,29516.0,48.05
OSWALGREEN, 10-Sep-2026,20.2,20.35,19.5,19.79,20.15,123485,24.59,838,70246.0,56.89
OSWALPUMPS, 10-Sep-2026,290.0,293.6,281.45,283.6,282.75,919613,2636.07,14370,302226.0,32.86
OSWALSEEDS, 10-Sep-2026,13.7,15.6,13.2,14.75,13.08,1573719,232.05,3393,755143.0,47.98
OWAIS, 10-Sep-2026,78.0,80.7,77.65,78.1,79.2,15700,12.36,34,15700.0,100.0
PACEDIGITK, 10-Sep-2026,161.0,161.9,158.3,159.0,160.68,517537,828.1,6512,236100.0,45.62
PACIFICI, 10-Sep-2026,141.79,145.0,137.0,137.82,141.79,106,0.15,12,104.0,98.11
PAGEIND, 10-Sep-2026,35300.0,35900.0,34960.0,35750.0,35395.0,15704,5576.41,8336,6390.0,40.69
PAISALO, 10-Sep-2026,79.5,83.5,79.2,83.05,79.92,21159038,17360.8,54392,7537551.0,35.62
PAKKA, 10-Sep-2026,78.6,78.6,76.01,76.28,78.13,93909,72.35,2245,58847.0,62.66
PALASHSECU, 10-Sep-2026,88.0,89.89,86.2,87.99,88.86,416,0.37,25,208.0,50.0
PALREDTEC, 10-Sep-2026,50.81,53.28,50.0,53.28,50.75,8304,4.4,36,8289.0,99.82
PANACEABIO, 10-Sep-2026,396.4,399.0,387.45,388.65,393.8,101111,395.66,2561,59657.0,59.0
PANAMAPET, 10-Sep-2026,500.0,502.7,488.15,491.65,498.4,169128,834.75,5872,61712.0,36.49
PANORAMA, 10-Sep-2026,48.0,56.2,48.0,52.92,47.56,1538580,807.06,12835,518225.0,33.68
PANSARI, 10-Sep-2026,295.0,295.0,287.5,293.0,281.2,1891,5.53,23,1502.0,79.43
PARACABLES, 10-Sep-2026,66.45,68.24,65.51,65.69,66.45,1118932,746.67,7106,533364.0,47.67
PARADEEP, 10-Sep-2026,157.5,159.91,156.11,157.11,157.92,2248464,3533.89,28765,1000538.0,44.5
PARAGMILK, 10-Sep-2026,254.4,275.0,253.3,264.85,253.6,7361793,19733.46,83683,1689896.0,22.95
PARAGON, 10-Sep-2026,60.0,60.0,56.7,57.6,58.1,21600,12.6,18,16800.0,77.78
PARAS, 10-Sep-2026,1472.0,1499.0,1441.5,1453.3,1470.0,745689,10926.25,35080,169447.0,22.72
PARASPETRO, 10-Sep-2026,2.2,2.26,2.15,2.15,2.18,172139,3.77,225,121255.0,70.44
PARIN, 10-Sep-2026,702.1,729.95,692.2,705.7,720.0,16500,115.91,63,8250.0,50.0
PARKHOSPS, 10-Sep-2026,282.0,287.95,270.5,280.8,281.85,281714,799.37,6309,120487.0,42.77
PARKHOTELS, 10-Sep-2026,113.19,113.19,110.6,111.63,111.64,74993,83.53,1603,40657.0,54.21
PARNAXLAB, 10-Sep-2026,141.7,149.5,104.0,127.48,130.0,1783,2.33,65,1363.0,76.44
PARTH, 10-Sep-2026,549.5,549.5,536.0,538.55,549.35,10800,58.14,27,10000.0,92.59
PARTYCRUS, 10-Sep-2026,89.9,92.0,84.65,90.4,90.0,23000,20.72,19,21000.0,91.3
PASHUPATI, 10-Sep-2026,82.3,86.0,80.08,80.24,81.0,142256,117.11,1877,37108.0,26.09
PATANJALI, 10-Sep-2026,340.95,342.0,337.75,339.75,341.0,1115935,3789.36,8190,484062.0,43.38
PATELENG, 10-Sep-2026,27.01,27.49,26.65,26.87,27.1,2216158,600.82,6200,1217146.0,54.92
PATELRMART, 10-Sep-2026,214.93,218.01,210.63,211.9,214.93,59871,128.2,1210,35250.0,58.88
PATILAUTOM, 10-Sep-2026,338.0,338.0,318.0,321.7,314.5,325200,1070.19,412,231000.0,71.03
PAUSHAKLTD, 10-Sep-2026,754.3,757.9,730.0,734.05,754.3,31771,234.6,2226,17595.0,55.38
PAVNAIND, 10-Sep-2026,15.21,15.83,14.81,15.08,15.17,91488,13.86,387,56171.0,61.4
PAYTM, 10-Sep-2026,1750.0,1757.0,1720.1,1739.0,1751.5,1479094,25734.2,46000,482576.0,32.63
PBMPOLY, 10-Sep-2026,60.5,60.5,57.15,60.0,60.86,103,0.06,8,102.0,99.03
PCBL, 10-Sep-2026,335.0,346.0,333.1,334.8,334.95,3387384,11537.97,53594,1073814.0,31.7
PCCL, 10-Sep-2026,434.5,438.05,432.5,437.2,436.95,11600,50.51,22,9200.0,79.31
PCJEWELLER, 10-Sep-2026,13.95,14.35,13.68,13.83,13.87,530933799,74425.74,199397,107209369.0,20.19
PDMJEPAPER, 10-Sep-2026,97.21,103.3,95.82,98.77,96.74,864939,868.87,9791,163875.0,18.95
PDSL, 10-Sep-2026,345.9,352.2,343.05,348.2,345.7,160889,558.84,4934,113046.0,70.26
PEARLPOLY, 10-Sep-2026,15.7,15.92,15.51,15.62,15.61,3058,0.48,18,2684.0,87.77
PELATRO, 10-Sep-2026,389.0,389.0,375.5,375.5,389.0,8400,32.05,27,6600.0,78.57
PENIND, 10-Sep-2026,178.0,181.08,177.0,177.34,178.08,318619,569.73,5345,156035.0,48.97
PENINLAND, 10-Sep-2026,15.56,16.16,15.12,15.32,15.56,128977,20.29,477,93358.0,72.38
PENTAGON, 10-Sep-2026,94.9,98.8,92.95,95.6,97.8,23000,21.82,22,11000.0,47.83
PERFECT, 10-Sep-2026,1.75,1.75,1.75,1.75,1.8,6000,0.11,2,6000.0,100.0
PERMAGN, 10-Sep-2026,843.0,879.0,834.95,869.5,843.3,3537,30.48,459,2005.0,56.69
PERNIASPOP, 10-Sep-2026,562.95,585.0,556.75,575.5,563.9,720934,4148.48,17735,352962.0,48.96
PERSISTENT, 10-Sep-2026,5404.5,5560.0,5370.5,5509.5,5419.0,516940,28431.52,43476,151589.0,29.32
PETRONET, 10-Sep-2026,284.0,290.7,283.05,288.7,285.9,2585212,7461.58,36834,1635832.0,63.28
PFC, 10-Sep-2026,350.0,354.75,349.3,352.8,351.4,7286720,25633.48,52194,4408099.0,60.49
PFIZER, 10-Sep-2026,4175.8,4195.1,4080.0,4095.4,4171.0,267140,11030.36,16075,212208.0,79.44
PFOCUS, 10-Sep-2026,318.45,321.0,311.15,313.55,316.3,374526,1180.74,11257,166967.0,44.58
PFS, 10-Sep-2026,27.15,27.74,26.4,27.47,27.21,585575,160.38,2805,315489.0,53.88
PGEL, 10-Sep-2026,542.5,548.25,538.5,542.0,542.5,786316,4270.88,15625,323313.0,41.12
PGHH, 10-Sep-2026,7629.5,7665.5,7570.0,7581.5,7615.0,5960,453.07,1830,3687.0,61.86
PGHL, 10-Sep-2026,5442.0,5505.0,5405.0,5425.5,5475.0,15867,866.61,3373,8320.0,52.44
PGIL, 10-Sep-2026,2295.1,2424.9,2286.4,2378.4,2277.9,292926,6971.8,37670,106416.0,36.33
PGINVIT, 10-Sep-2026,102.6,103.1,101.97,102.05,102.23,1443574,1478.39,6165,1248124.0,86.46
PHANTOMFX, 10-Sep-2026,113.1,115.9,112.0,115.75,115.2,43500,49.51,67,38100.0,87.59
PHARMABEES, 10-Sep-2026,27.5,27.65,27.21,27.27,27.5,3713168,1014.92,10400,2693253.0,72.53
PHOENIXLTD, 10-Sep-2026,1887.5,1914.8,1883.1,1890.0,1885.3,383380,7269.89,33320,241644.0,63.03
PHOENXINTL, 10-Sep-2026,29.61,30.8,29.59,30.15,30.2,1802,0.53,54,1501.0,83.3
PICCADIL, 10-Sep-2026,599.8,611.4,598.0,600.5,599.8,127719,769.57,7453,49089.0,38.44
PIDILITIND, 10-Sep-2026,1572.0,1577.9,1553.5,1569.0,1572.0,475698,7435.42,27492,287915.0,60.52
PIGL, 10-Sep-2026,104.9,106.97,103.41,104.11,104.98,58444,61.59,958,34337.0,58.75
PIIND, 10-Sep-2026,2386.9,2397.6,2352.0,2365.0,2394.0,275516,6511.79,21051,178619.0,64.83
PILANIINVS, 10-Sep-2026,4176.0,4292.7,4154.6,4235.8,4109.8,2590,109.5,585,1449.0,55.95
PILITA, 10-Sep-2026,7.75,8.14,7.75,7.88,7.85,42014,3.33,140,27196.0,64.73
PINELABS, 10-Sep-2026,174.99,176.58,172.22,173.17,175.08,15911117,27727.92,92868,6368326.0,40.02
PIONEEREMB, 10-Sep-2026,20.83,21.0,20.01,20.42,20.83,16041,3.28,141,11779.0,73.43
PIRAMALFIN, 10-Sep-2026,2290.7,2316.0,2258.0,2295.6,2310.5,335744,7681.68,39165,198385.0,59.09
PITTIENG, 10-Sep-2026,1171.9,1180.0,1156.1,1171.4,1171.6,71222,833.41,5423,36784.0,51.65
PIXTRANS, 10-Sep-2026,1741.8,1753.0,1721.0,1728.3,1746.4,7959,138.4,1327,4772.0,59.96
PKTEA, 10-Sep-2026,1169.0,1169.0,1072.4,1094.2,1136.3,10161,113.97,867,4468.0,43.97
PLASTIBLEN, 10-Sep-2026,188.14,197.0,188.14,194.15,189.3,42721,82.86,1050,25084.0,58.72
PLATIND, 10-Sep-2026,226.0,228.99,217.6,221.04,226.04,35143,78.47,1033,18091.0,51.48
PLAZACABLE, 10-Sep-2026,61.35,62.08,58.01,60.51,59.68,193003,115.69,2024,101928.0,52.81
PML, 10-Sep-2026,499.95,504.35,485.3,486.75,487.95,221,1.08,17,199.0,90.05
PNB, 10-Sep-2026,115.5,118.2,115.47,116.85,115.61,18231772,21379.16,61005,7520597.0,41.25
PNBGILTS, 10-Sep-2026,79.46,83.0,79.46,80.36,79.46,476519,386.36,4482,190768.0,40.03
PNBHOUSING, 10-Sep-2026,1142.5,1186.4,1132.8,1179.0,1142.0,1084833,12716.89,39834,620073.0,57.16
PNC, 10-Sep-2026,17.39,17.39,16.22,16.52,16.56,6498,1.1,134,5325.0,81.95
PNCINFRA, 10-Sep-2026,179.6,180.12,176.55,177.41,179.0,188698,335.43,4977,112251.0,59.49
PNGJL, 10-Sep-2026,612.0,615.35,604.15,611.05,611.45,248496,1512.15,14742,137866.0,55.48
PNGSREVA, 10-Sep-2026,519.7,520.95,503.0,504.7,519.7,121081,616.87,4528,72005.0,59.47
POCL, 10-Sep-2026,464.0,470.0,454.05,457.55,466.95,411795,1899.12,14640,177255.0,43.04
PODDARMENT, 10-Sep-2026,297.0,324.6,290.8,299.4,295.85,122057,376.34,2667,31124.0,25.5
POEL, 10-Sep-2026,144.0,144.73,140.0,140.7,143.02,19534,27.67,505,13401.0,68.6
POKARNA, 10-Sep-2026,781.05,879.95,768.8,780.45,779.35,1363747,11146.72,65855,368788.0,27.04
POLICYBZR, 10-Sep-2026,1790.1,1808.1,1780.5,1800.0,1800.0,414006,7442.89,18086,216917.0,52.39
POLYCAB, 10-Sep-2026,8330.5,8387.5,8272.5,8358.0,8354.0,259270,21640.93,33788,149793.0,57.77
POLYMED, 10-Sep-2026,1720.3,1757.0,1719.0,1747.7,1724.0,99923,1746.12,10498,45028.0,45.06
POLYPLEX, 10-Sep-2026,1140.1,1152.2,1112.2,1125.3,1140.0,75614,850.76,3589,53967.0,71.37
POLYSIL, 10-Sep-2026,85.4,85.4,85.4,85.4,81.35,9500,8.11,9,9500.0,100.0
POLYSPIN, 10-Sep-2026,29.0,29.0,28.5,28.5,29.0,431,0.12,9,431.0,100.0
PONNIERODE, 10-Sep-2026,373.15,378.15,361.0,363.45,373.2,29127,108.23,1512,18892.0,64.86
POONAWALLA, 10-Sep-2026,447.45,455.65,445.5,449.4,448.6,502977,2261.23,16990,277658.0,55.2
POSITRON, 10-Sep-2026,182.8,189.0,179.0,188.4,178.1,12000,22.16,37,8400.0,70.0
POWERGRID, 10-Sep-2026,265.85,271.75,265.3,271.75,265.85,12187656,32939.28,79674,7693067.0,63.12
POWERICA, 10-Sep-2026,547.95,583.45,547.95,575.85,547.1,626654,3556.7,20507,300755.0,47.99
POWERINDIA, 10-Sep-2026,31450.0,31595.0,31050.0,31195.0,31580.0,49644,15541.55,17422,22942.0,46.21
POWERMECH, 10-Sep-2026,2445.5,2452.9,2374.7,2379.4,2430.1,36315,872.36,7303,15125.0,41.65
PPLPHARMA, 10-Sep-2026,218.0,218.99,211.81,212.49,218.0,2726382,5853.86,31128,1302233.0,47.76
PPSL, 10-Sep-2026,2.85,2.95,2.8,2.95,2.85,39000,1.13,11,39000.0,100.0
PRABHA, 10-Sep-2026,250.0,252.1,244.43,247.58,246.58,118160,292.71,3005,54325.0,45.98
PRAENG, 10-Sep-2026,22.91,23.51,21.88,22.2,22.92,59683,13.45,323,50605.0,84.79
PRAJIND, 10-Sep-2026,326.0,334.0,323.6,326.85,326.7,459946,1507.1,18751,217014.0,47.18
PRAKASH, 10-Sep-2026,126.0,127.96,123.5,123.78,126.41,461514,577.15,4322,299064.0,64.8
PRAKASHSTL, 10-Sep-2026,3.76,3.88,3.75,3.79,3.8,90649,3.44,340,61443.0,67.78
PRAMARA, 10-Sep-2026,98.0,98.0,87.7,87.95,97.4,29500,26.7,47,24500.0,83.05
PRAMODINI, 10-Sep-2026,130.1,135.9,125.1,127.2,128.2,298800,388.33,222,211200.0,70.68
PRATHAM, 10-Sep-2026,120.5,120.5,120.0,120.25,120.0,4800,5.77,4,4800.0,100.0
PRAVEG, 10-Sep-2026,262.65,271.5,260.55,266.5,263.8,25343,67.91,1219,14153.0,55.85
PRAXIS, 10-Sep-2026,4.8,4.88,4.51,4.71,4.72,220518,10.3,288,194958.0,88.41
PRECAM, 10-Sep-2026,120.02,121.74,117.5,118.05,119.91,86119,102.47,2715,48663.0,56.51
PRECISION, 10-Sep-2026,7.05,7.05,6.95,7.0,7.3,12000,0.84,3,12000.0,100.0
PRECOT, 10-Sep-2026,656.05,690.0,656.05,670.75,660.15,2297,15.45,194,1464.0,63.74
PRECWIRE, 10-Sep-2026,474.05,476.0,461.45,464.65,474.35,415746,1949.49,18754,184304.0,44.33
PREMCO, 10-Sep-2026,389.95,390.0,385.05,386.3,386.05,742,2.87,31,737.0,99.33
PREMEXPLN, 10-Sep-2026,667.5,672.0,666.0,667.05,666.6,239866,1600.55,2225,164410.0,68.54
PREMIERENE, 10-Sep-2026,977.0,981.8,962.2,967.9,975.9,992989,9613.2,22254,572481.0,57.65
PREMIERPOL, 10-Sep-2026,90.04,92.39,87.02,87.99,89.73,189665,167.62,2611,100157.0,52.81
PREMIUM, 10-Sep-2026,40.0,40.0,40.0,40.0,40.9,3000,1.2,1,3000.0,100.0
PRESSTONIC, 10-Sep-2026,29.85,30.5,29.5,29.8,29.9,10400,3.11,11,8000.0,76.92
PRESTIGE, 10-Sep-2026,1534.8,1544.0,1518.6,1543.6,1540.4,296169,4545.46,12684,126735.0,42.79
PRICOLLTD, 10-Sep-2026,746.0,753.1,736.1,739.6,745.8,208612,1546.86,12504,95701.0,45.88
PRIMECAB, 10-Sep-2026,173.0,178.0,171.0,171.05,180.0,102400,177.18,63,89600.0,87.5
PRIMESECU, 10-Sep-2026,280.5,282.0,274.05,276.75,280.1,24310,67.95,292,21287.0,87.56
PRIMO, 10-Sep-2026,21.7,22.1,21.26,21.7,21.27,167025,36.1,663,124998.0,74.84
PRINCEPIPE, 10-Sep-2026,282.0,285.65,278.55,279.9,280.75,138600,390.34,4249,68293.0,49.27
PRISMX, 10-Sep-2026,0.58,0.61,0.56,0.59,0.57,209988,1.23,247,176408.0,84.01
PRITIKA, 10-Sep-2026,62.2,62.35,56.05,60.95,63.35,30000,18.48,8,16000.0,53.33
PRIVISCL, 10-Sep-2026,3505.1,3535.2,3440.3,3495.6,3537.9,104437,3634.27,13006,57180.0,54.75
PRIZOR, 10-Sep-2026,1199.45,1238.0,1199.45,1217.15,1223.9,14400,174.95,36,13200.0,91.67
PRLIND, 10-Sep-2026,42.8,44.75,41.7,43.0,42.6,41000,17.4,25,34000.0,82.93
PROFX, 10-Sep-2026,68.9,68.9,68.9,68.9,71.0,1600,1.1,1,1600.0,100.0
PROPEQUITY, 10-Sep-2026,225.0,225.0,211.0,211.0,220.5,1800,3.88,2,1800.0,100.0
PROPSHOP, 10-Sep-2026,75.0,75.0,71.55,74.8,74.5,50000,36.99,21,26000.0,52.0
PROSTARM, 10-Sep-2026,136.53,139.0,132.8,134.78,135.64,217946,295.51,4135,72822.0,33.41
PROTEAN, 10-Sep-2026,495.95,499.05,483.55,492.75,493.35,207573,1023.27,6526,116836.0,56.29
PROZONER, 10-Sep-2026,49.99,52.6,48.52,52.3,49.88,493674,253.76,2904,332338.0,67.32
PRSMJOHNSN, 10-Sep-2026,112.45,117.59,112.03,115.22,112.45,1164917,1345.35,12627,480562.0,41.25
PRUDENT, 10-Sep-2026,3302.4,3355.0,3291.7,3318.8,3302.5,8339,277.29,2808,3522.0,42.24
PSB, 10-Sep-2026,22.6,22.81,22.46,22.6,22.64,1124783,254.1,3463,544998.0,48.45
PSFL, 10-Sep-2026,34.25,35.95,34.25,34.25,37.4,6000,2.09,3,4000.0,66.67
PSPPROJECT, 10-Sep-2026,874.1,882.7,864.0,865.05,879.95,17189,149.55,1377,8532.0,49.64
PSRAJ, 10-Sep-2026,94.95,95.8,88.25,94.9,91.25,62500,59.13,24,55000.0,88.0
PSUBANK, 10-Sep-2026,83.97,85.01,83.76,84.03,83.96,69642,58.74,500,23429.0,33.64
PSUBANKADD, 10-Sep-2026,85.0,85.81,84.42,84.62,84.81,6679,5.68,171,3537.0,52.96
PSUBNKBEES, 10-Sep-2026,93.49,94.65,93.35,93.54,93.58,1625906,1529.51,4838,781304.0,48.05
PSUBNKIETF, 10-Sep-2026,84.61,86.0,84.49,84.67,84.83,85050,72.61,698,43506.0,51.15
PTC, 10-Sep-2026,153.12,156.4,153.01,153.69,153.12,1569043,2423.59,15675,964393.0,61.46
PTCIL, 10-Sep-2026,22705.0,22880.0,22300.0,22385.0,22780.0,16490,3705.5,6580,5574.0,33.8
PTL, 10-Sep-2026,38.23,38.47,38.03,38.17,38.03,21129,8.08,737,13967.0,66.1
PULZ, 10-Sep-2026,22.7,24.7,22.7,24.7,23.7,32000,7.5,11,28000.0,87.5
PUNJABCHEM, 10-Sep-2026,1097.1,1113.7,1088.0,1091.8,1096.1,2534,27.89,558,1383.0,54.58
PURPLEUTED, 10-Sep-2026,433.0,443.55,430.0,443.55,422.45,70500,309.13,215,69750.0,98.94
PURVA, 10-Sep-2026,218.0,218.34,212.0,214.16,216.25,148029,316.94,4587,59561.0,40.24
PURVFLEXI, 10-Sep-2026,46.45,46.55,44.2,46.55,44.9,46400,21.05,8,45600.0,98.28
PUSHPA, 10-Sep-2026,109.0,113.0,109.0,109.1,113.0,18000,19.76,18,5000.0,27.78
PVP, 10-Sep-2026,65.0,67.2,63.49,66.1,64.54,1507975,993.17,8777,706098.0,46.82
PVRINOX, 10-Sep-2026,1175.0,1227.0,1159.9,1221.3,1169.2,746014,8966.83,35324,275344.0,36.91
PVSL, 10-Sep-2026,100.2,102.0,99.13,100.53,100.6,10011,10.08,344,6000.0,59.93
PVTBANIETF, 10-Sep-2026,27.64,27.67,27.45,27.54,27.55,471821,130.15,1027,269984.0,57.22
PVTBANK, 10-Sep-2026,27.3,27.43,27.3,27.35,27.4,18361,5.03,24,18106.0,98.61
PVTBANKADD, 10-Sep-2026,27.77,27.81,27.63,27.76,27.82,11031,3.06,99,7230.0,65.54
PVTBKGROWW, 10-Sep-2026,27.21,27.53,27.21,27.33,27.44,6087,1.67,108,3678.0,60.42
PWL, 10-Sep-2026,125.79,130.62,125.79,126.73,125.37,13200512,16992.27,50667,5994025.0,45.41
PYRAMID, 10-Sep-2026,151.93,155.48,151.39,154.59,150.51,24175,37.14,727,15794.0,65.33
QGOLDHALF, 10-Sep-2026,126.2,127.19,124.0,126.42,126.0,252215,318.65,1194,86180.0,34.17
QLINE, 10-Sep-2026,687.95,720.0,675.0,714.95,675.7,132000,928.73,307,88000.0,66.67
QNIFTY, 10-Sep-2026,259.0,259.38,257.6,258.22,258.85,2028,5.25,108,1147.0,56.56
QPOWER, 10-Sep-2026,1501.0,1511.7,1441.0,1458.2,1513.2,213213,3148.26,13364,102889.0,48.26
QUADFUTURE, 10-Sep-2026,439.95,447.4,429.25,435.8,439.85,431820,1882.75,15635,139933.0,32.41
QUADPRO, 10-Sep-2026,2.9,2.9,2.9,2.9,2.8,12000,0.35,1,12000.0,100.0
QUAL30IETF, 10-Sep-2026,20.65,20.72,20.53,20.56,20.63,93934,19.31,250,79968.0,85.13
QUALITY30, 10-Sep-2026,20.28,20.34,20.15,20.22,20.34,3960,0.8,52,3958.0,99.95
QUESS, 10-Sep-2026,355.1,359.85,348.0,355.1,355.0,420571,1488.8,12937,170130.0,40.45
QUESTLAB, 10-Sep-2026,87.3,87.4,83.0,83.95,87.3,20400,17.38,14,18000.0,88.24
QUICKHEAL, 10-Sep-2026,152.5,153.51,146.5,147.48,152.36,73128,109.18,1678,38360.0,52.46
QUICKTOUCH, 10-Sep-2026,17.0,17.65,16.6,17.65,17.0,1500,0.26,3,1000.0,66.67
QUINT, 10-Sep-2026,39.5,39.9,39.1,39.23,39.51,5768,2.27,73,5492.0,95.21
QVCEL, 10-Sep-2026,23.9,23.9,23.9,23.9,23.9,1600,0.38,1,1600.0,100.0
RACE, 10-Sep-2026,98.78,99.0,96.0,96.43,96.38,3620,3.51,180,2477.0,68.43
RACLGEAR, 10-Sep-2026,1643.9,1669.9,1568.5,1588.2,1633.9,35327,573.09,4571,12298.0,34.81
RADAAN, 10-Sep-2026,2.99,2.99,2.86,2.87,2.94,34059,0.98,78,28917.0,84.9
RADHIKAJWE, 10-Sep-2026,87.49,90.38,83.15,84.15,87.14,2401430,2088.9,16688,535592.0,22.3
RADIANTCMS, 10-Sep-2026,38.2,38.2,36.4,37.53,40.25,577686,214.47,5074,301784.0,52.24
RADICO, 10-Sep-2026,4396.2,4485.0,4396.2,4460.0,4414.0,119989,5324.72,26547,61628.0,51.36
RADIOCITY, 10-Sep-2026,6.62,6.62,6.2,6.21,6.47,57135,3.63,258,36299.0,63.53
RADIOWALLA, 10-Sep-2026,26.0,26.0,26.0,26.0,27.35,4800,1.25,3,3200.0,66.67
RAILTEL, 10-Sep-2026,264.3,268.2,262.05,262.7,263.8,543638,1440.11,14584,178287.0,32.8
RAIN, 10-Sep-2026,223.1,224.97,216.2,217.28,222.5,4114741,9050.08,27874,1567316.0,38.09
RAINBOW, 10-Sep-2026,1449.0,1478.9,1442.5,1460.1,1451.1,75652,1109.54,9798,42284.0,55.89
RAJINDLTD, 10-Sep-2026,63.0,63.0,62.1,62.1,61.8,10500,6.59,6,10500.0,100.0
RAJMET, 10-Sep-2026,3.33,3.33,3.21,3.26,3.29,251800,8.26,734,183250.0,72.78
RAJPALAYAM, 10-Sep-2026,775.0,784.2,735.6,751.1,762.65,2021,15.28,127,1684.0,83.33
RAJPUTANA, 10-Sep-2026,212.0,215.0,212.0,215.0,212.0,1500,3.21,3,1500.0,100.0
RAJRATAN, 10-Sep-2026,528.65,534.8,505.85,509.65,520.85,120155,620.11,5901,60152.0,50.06
RAJSREESUG, 10-Sep-2026,35.57,35.57,33.5,33.66,35.22,30972,10.62,536,17825.0,57.55
RAJTV, 10-Sep-2026,8.02,8.41,7.8,7.82,8.21,73915,5.86,304,65786.0,89.0
RALLIS, 10-Sep-2026,204.01,205.1,201.95,203.06,204.01,593140,1207.36,17144,330421.0,55.71
RAMANEWS, 10-Sep-2026,33.02,33.02,32.1,32.15,32.69,8566,2.77,81,5372.0,62.71
RAMAPHO, 10-Sep-2026,123.26,125.99,122.5,123.57,123.07,12925,16.0,271,7757.0,60.02
RAMBHAJO, 10-Sep-2026,283.0,289.0,263.0,267.51,277.98,742523,2048.3,12995,286373.0,38.57
RAMCOCEM, 10-Sep-2026,866.85,875.4,853.45,869.75,866.85,555763,4790.33,19789,446660.0,80.37
RAMCOIND, 10-Sep-2026,319.35,321.9,314.6,319.55,319.45,75109,239.52,1993,36921.0,49.16
RAMCOSYS, 10-Sep-2026,596.1,616.8,595.1,610.6,596.7,71037,432.26,3503,39571.0,55.7
RAMKY, 10-Sep-2026,338.5,340.5,335.0,335.9,339.0,15021,50.7,733,9040.0,60.18
RAMRAT, 10-Sep-2026,529.0,547.45,527.9,536.75,527.35,205735,1109.29,7960,74654.0,36.29
RANASUG, 10-Sep-2026,14.75,15.19,14.75,14.85,14.8,247543,36.79,438,182570.0,73.75
RANEHOLDIN, 10-Sep-2026,1686.4,1717.7,1675.0,1704.8,1686.4,6820,115.6,1176,3467.0,50.84
RAPIDFLEET, 10-Sep-2026,239.0,240.0,237.0,238.2,237.0,25800,61.47,38,1800.0,6.98
RAPPID, 10-Sep-2026,322.95,322.95,310.0,318.5,308.2,12000,38.28,16,9600.0,80.0
RATEGAIN, 10-Sep-2026,841.0,872.0,833.25,866.45,841.4,296382,2545.72,18902,131276.0,44.29
RATNAMANI, 10-Sep-2026,2870.4,2889.0,2785.0,2823.0,2859.2,93487,2654.9,14382,52469.0,56.12
RATNAVEER, 10-Sep-2026,301.25,312.2,299.0,310.6,299.9,3836811,11744.98,18697,1075226.0,28.02
RAYMOND, 10-Sep-2026,811.05,859.4,810.45,853.85,808.45,3307236,27698.87,85390,535837.0,16.2
RAYMONDLSL, 10-Sep-2026,670.45,720.0,668.7,687.65,670.45,570900,3970.4,23168,175544.0,30.75
RAYMONDREL, 10-Sep-2026,575.65,580.95,567.1,572.05,580.65,277667,1592.19,9286,131324.0,47.3
RBA, 10-Sep-2026,100.95,100.95,96.24,96.82,100.5,2882594,2832.62,20088,1317550.0,45.71
RBLBANK, 10-Sep-2026,413.0,417.2,409.05,410.8,416.0,2711005,11151.39,22725,1364327.0,50.33
RBMINFRA, 10-Sep-2026,323.0,334.95,300.0,303.25,318.9,46800,145.99,184,23400.0,50.0
RBS, 10-Sep-2026,89.0,89.0,87.0,87.0,89.7,1600,1.41,2,1600.0,100.0
RCDL, 10-Sep-2026,14.95,15.3,14.2,14.4,14.6,39000,5.81,13,27000.0,69.23
RCDL-RE, 10-Sep-2026,2.0,2.55,2.0,2.4,2.4,27000,0.6,9,24000.0,88.89
RCF, 10-Sep-2026,112.8,117.59,112.0,112.57,112.64,1662821,1890.29,15037,360777.0,21.7
READYMIX, 10-Sep-2026,69.0,70.0,68.7,69.45,68.5,25000,17.34,16,21000.0,84.0
RECLTD, 10-Sep-2026,313.9,316.9,312.65,313.8,314.5,3526950,11092.26,31741,1449807.0,41.11
REDINGTON, 10-Sep-2026,389.0,403.25,380.3,392.0,378.05,23154564,90661.05,260600,3998151.0,17.27
REDTAPE, 10-Sep-2026,116.6,117.68,114.75,115.06,116.57,148573,172.24,4201,80465.0,54.16
REFEX, 10-Sep-2026,274.8,275.6,268.6,269.95,273.15,160584,435.51,4705,86078.0,53.6
REFRACTORY, 10-Sep-2026,24.0,24.95,24.0,24.95,23.85,28000,6.98,4,28000.0,100.0
REGAAL, 10-Sep-2026,85.9,87.25,85.5,85.73,85.8,110269,95.18,1397,63395.0,57.49
REGENCERAM, 10-Sep-2026,37.0,37.0,34.51,36.05,35.49,3715,1.33,59,2295.0,61.78
RELAXO, 10-Sep-2026,331.0,352.05,323.55,326.9,326.1,638940,2142.38,21437,140124.0,21.93
RELCHEMQ, 10-Sep-2026,115.38,116.8,112.3,113.69,115.38,993,1.14,57,483.0,48.64
RELIABLE, 10-Sep-2026,138.11,139.19,134.01,135.95,135.9,34606,47.38,664,11080.0,32.02
RELIANCE, 10-Sep-2026,1278.5,1285.3,1266.3,1274.0,1279.0,9296079,118382.7,179169,5049468.0,54.32
RELIGARE, 10-Sep-2026,255.3,261.59,254.35,258.78,256.65,1470503,3778.11,26583,757394.0,51.51
RELTD, 10-Sep-2026,152.01,161.1,151.16,155.08,151.94,231262,363.49,4990,122886.0,53.14
REMSONSIND, 10-Sep-2026,98.11,98.99,95.15,96.32,98.1,83542,81.18,2792,32218.0,38.57
REMUS, 10-Sep-2026,924.0,924.0,880.0,893.05,928.85,3800,34.36,33,2900.0,76.32
RENUKA, 10-Sep-2026,24.51,25.34,24.35,24.82,24.35,18011981,4495.65,27004,4549206.0,25.26
REPCOHOME, 10-Sep-2026,355.5,360.0,352.55,353.8,356.8,64220,228.07,1659,45771.0,71.27
REPRO, 10-Sep-2026,315.2,315.2,303.25,306.9,314.0,154399,480.7,609,151478.0,98.11
RESPONIND, 10-Sep-2026,166.0,174.8,164.0,169.54,169.59,2901744,4938.51,29892,343780.0,11.85
RETAIL, 10-Sep-2026,16.85,17.57,16.3,16.6,17.24,6568,1.1,114,5062.0,77.07
REXPRO, 10-Sep-2026,38.4,38.4,36.0,36.2,37.4,5000,1.83,5,2000.0,40.0
RFBL, 10-Sep-2026,86.85,90.95,86.8,90.15,91.35,210000,188.91,10,210000.0,100.0
RGL, 10-Sep-2026,146.5,158.0,144.57,156.48,147.19,2423183,3717.89,18764,1142552.0,47.15
RHETAN, 10-Sep-2026,25.27,25.27,25.27,25.27,26.6,90500,22.87,497,90500.0,100.0
RHIM, 10-Sep-2026,377.6,383.9,376.0,378.7,376.9,234053,889.6,16400,127580.0,54.51
RHL, 10-Sep-2026,168.76,172.35,166.5,166.59,167.0,816,1.38,10,792.0,97.06
RICHA, 10-Sep-2026,74.0,75.5,74.0,75.5,72.45,4000,3.01,4,4000.0,100.0
RICOAUTO, 10-Sep-2026,130.25,131.5,129.6,130.31,130.42,416899,543.83,5138,136029.0,32.63
RIIL, 10-Sep-2026,733.0,733.85,711.0,714.85,724.95,52712,380.02,2449,23673.0,44.91
RIIT, 10-Sep-2026,121.0,121.48,119.32,119.86,121.04,63750,76.91,5825,52787.0,82.8
RILINFRA, 10-Sep-2026,32.6,33.5,32.6,32.8,32.25,12100,4.0,50,10600.0,87.6
RIR, 10-Sep-2026,184.01,191.1,176.05,177.38,184.9,2170322,4011.14,18549,1153239.0,53.14
RISHABH, 10-Sep-2026,816.85,824.75,793.55,809.55,815.9,171348,1379.92,7771,80850.0,47.18
RITCO, 10-Sep-2026,317.0,317.55,303.1,305.35,317.45,50250,156.46,1686,25599.0,50.94
RITES, 10-Sep-2026,212.1,216.07,209.68,210.8,211.13,455292,965.67,9926,161508.0,35.47
RKDL, 10-Sep-2026,18.7,18.7,18.3,18.32,18.21,1859,0.34,33,1858.0,99.95
RKEC, 10-Sep-2026,20.04,20.55,19.05,19.17,19.96,73562,14.36,536,51453.0,69.95
RKFORGE, 10-Sep-2026,721.9,737.8,719.05,727.05,720.7,717946,5240.3,26609,290031.0,40.4
RKSWAMY, 10-Sep-2026,94.41,95.06,90.3,91.47,93.04,25219,23.28,603,17530.0,69.51
RMC, 10-Sep-2026,222.51,230.8,211.35,215.96,222.51,104694,233.31,3866,35496.0,33.9
RML, 10-Sep-2026,1363.5,1440.0,1361.7,1408.9,1364.3,187566,2641.19,12886,52400.0,27.94
RNFI, 10-Sep-2026,322.5,344.0,322.2,338.85,324.05,67200,225.01,91,49200.0,73.21
RNPL, 10-Sep-2026,65.1,65.1,65.1,65.1,68.5,12000,7.81,10,10800.0,90.0
ROCKINGDCE, 10-Sep-2026,214.05,214.05,214.0,214.0,222.95,500,1.07,2,500.0,100.0
ROHLTD, 10-Sep-2026,304.5,312.8,304.5,307.2,304.75,11856,36.51,615,8037.0,67.79
ROLEXRINGS, 10-Sep-2026,177.16,181.0,172.0,173.15,175.47,2475259,4364.02,26099,942945.0,38.09
ROML, 10-Sep-2026,41.1,43.0,41.1,42.13,42.18,1352,0.57,43,951.0,70.34
ROSSARI, 10-Sep-2026,454.95,461.2,448.0,449.5,452.1,46876,212.3,2854,20590.0,43.92
ROSSELLIND, 10-Sep-2026,57.49,57.49,55.83,56.1,57.19,18934,10.65,557,11479.0,60.63
ROSSTECH, 10-Sep-2026,1191.0,1215.2,1177.1,1206.6,1193.7,82882,995.63,7715,33248.0,40.11
ROTO, 10-Sep-2026,66.16,67.18,64.66,65.07,65.67,325196,214.54,3236,97619.0,30.02
ROUTE, 10-Sep-2026,501.1,506.95,499.2,500.75,502.75,59372,297.78,2242,27961.0,47.09
ROXHITECH, 10-Sep-2026,46.1,46.5,46.1,46.2,46.5,16000,7.41,10,12800.0,80.0
RPEL, 10-Sep-2026,1675.0,1793.8,1675.0,1743.5,1670.8,213981,3731.2,21373,71721.0,33.52
RPGLIFE, 10-Sep-2026,2789.0,2844.0,2745.0,2782.7,2812.0,11654,322.54,1887,5729.0,49.16
RPOWER, 10-Sep-2026,22.14,22.28,21.76,21.84,22.01,14929226,3272.45,28478,4438581.0,29.73
RPPINFRA, 10-Sep-2026,61.9,65.39,60.32,63.03,62.0,349542,222.07,3665,132463.0,37.9
RPSGVENT, 10-Sep-2026,860.0,863.6,836.5,840.2,863.7,43298,367.11,1404,30832.0,71.21
RPTECH, 10-Sep-2026,797.3,814.8,765.0,806.45,794.6,423199,3346.77,22394,168581.0,39.83
RRECL, 10-Sep-2026,132.0,132.0,126.0,126.0,132.04,61,0.08,2,61.0,100.0
RRIL, 10-Sep-2026,16.1,16.64,15.8,15.97,16.1,5782,0.93,69,4541.0,78.54
RRKABEL, 10-Sep-2026,2428.9,2478.0,2415.1,2437.0,2419.8,571293,13955.41,49215,343886.0,60.19
RSL, 10-Sep-2026,191.33,192.61,186.0,186.7,190.09,172767,326.3,2969,96669.0,55.95
RSSOFTWARE, 10-Sep-2026,29.48,29.68,29.0,29.21,29.48,11425,3.34,116,8911.0,78.0
RSYSTEMS, 10-Sep-2026,242.89,245.15,240.04,243.05,243.27,107915,261.82,3721,64213.0,59.5
RTL, 10-Sep-2026,83.6,83.6,78.0,78.0,83.8,6000,4.83,3,6000.0,100.0
RTNINDIA, 10-Sep-2026,27.7,27.83,27.5,27.6,27.61,600161,165.88,3935,323194.0,53.85
RTNPOWER, 10-Sep-2026,7.27,7.35,7.2,7.25,7.25,14701929,1069.02,11645,5381136.0,36.6
RTSPOWR, 10-Sep-2026,88.66,91.89,88.0,88.07,88.66,1842,1.63,45,1831.0,99.4
RUBFILA, 10-Sep-2026,69.0,69.0,67.05,68.09,67.89,24306,16.54,405,8027.0,33.02
RUBICON, 10-Sep-2026,1816.1,1816.2,1777.0,1790.0,1810.5,143377,2574.17,15866,80129.0,55.89
RUBYMILLS, 10-Sep-2026,485.0,485.0,441.2,445.9,474.85,31500,143.92,1739,19171.0,60.86
RUCHINFRA, 10-Sep-2026,5.77,5.8,5.61,5.68,5.6,50981,2.9,163,34947.0,68.55
RUCHIRA, 10-Sep-2026,109.8,112.8,108.8,110.54,109.8,73974,82.11,1130,31129.0,42.08
RUDRA, 10-Sep-2026,20.47,20.47,19.71,20.0,19.98,74633,14.9,374,66867.0,89.59
RULKA, 10-Sep-2026,109.0,109.0,105.5,105.9,110.0,1800,1.93,5,1500.0,83.33
RUPA, 10-Sep-2026,141.03,143.23,140.11,140.45,141.03,120378,169.97,3547,57709.0,47.94
RUSHIL, 10-Sep-2026,16.24,16.25,16.0,16.01,16.07,144936,23.28,472,95403.0,65.82
RUSTOMJEE, 10-Sep-2026,352.35,353.4,350.0,350.5,352.35,18773,65.95,732,10289.0,54.81
RVHL, 10-Sep-2026,39.5,41.19,39.0,39.45,40.23,13468,5.3,117,12194.0,90.54
RVNL, 10-Sep-2026,208.0,211.25,205.0,205.6,207.0,5012189,10415.28,43112,1225374.0,24.45
RVTH, 10-Sep-2026,790.0,793.95,755.0,762.5,787.3,1557,12.03,79,1422.0,91.33
S&SPOWER, 10-Sep-2026,331.3,355.9,331.3,342.6,342.05,3172,11.06,281,2188.0,68.98
SAAKSHI, 10-Sep-2026,334.0,350.4,334.0,350.4,333.75,30600,106.7,50,26400.0,86.27
SAATVIKGL, 10-Sep-2026,422.0,422.0,400.0,402.05,416.0,65004,264.75,2286,39724.0,61.11
SAB, 10-Sep-2026,175.03,175.05,175.03,175.05,183.0,6,0.01,2,3.0,50.0
SACHEEROME, 10-Sep-2026,510.0,520.0,500.0,516.65,500.05,18300,93.62,50,15000.0,81.97
SADBHAV, 10-Sep-2026,8.43,8.43,7.9,8.06,8.3,158176,12.8,336,115081.0,72.76
SADHAV, 10-Sep-2026,112.0,121.0,105.0,117.3,112.0,58800,66.98,69,43800.0,74.49
SAFARI, 10-Sep-2026,1517.1,1548.9,1496.4,1501.6,1534.2,13725,208.09,2234,7946.0,57.89
SAFEENTP, 10-Sep-2026,276.0,276.0,268.0,269.7,271.25,14000,37.99,27,9500.0,67.86
SAGARDEEP, 10-Sep-2026,24.0,24.17,23.7,24.04,23.7,9234,2.22,48,9149.0,99.08
SAGCEM, 10-Sep-2026,151.0,153.74,148.0,150.34,150.94,50091,75.73,992,35451.0,70.77
SAGILITY, 10-Sep-2026,45.1,45.14,44.3,44.41,45.2,9850961,4391.66,23419,5011020.0,50.87
SAHAJSOLAR, 10-Sep-2026,94.05,94.05,92.3,92.7,94.05,9200,8.58,22,7200.0,78.26
SAHANA, 10-Sep-2026,914.85,927.0,895.0,905.35,898.65,17550,160.47,101,11550.0,65.81
SAHASRA, 10-Sep-2026,304.0,305.0,291.0,291.9,301.65,39600,116.79,90,30000.0,75.76
SAHLIBHFI, 10-Sep-2026,84.2,85.0,80.35,82.33,82.88,22392,18.58,399,12550.0,56.05
SAHYADRI, 10-Sep-2026,377.2,386.55,369.65,383.35,377.05,11752,44.55,923,7359.0,62.62
SAICAPI, 10-Sep-2026,153.99,159.9,147.15,155.34,144.2,1950,3.0,61,960.0,49.23
SAIFL, 10-Sep-2026,4.7,4.7,4.45,4.45,4.65,184000,8.31,42,156000.0,84.78
SAIL, 10-Sep-2026,186.51,187.03,183.1,183.75,186.4,8060794,14909.5,34305,3676383.0,45.61
SAILIFE, 10-Sep-2026,1675.4,1675.4,1585.0,1591.1,1675.4,1174342,18945.84,56132,641543.0,54.63
SAIPARENT, 10-Sep-2026,529.0,529.0,516.0,522.55,526.15,61345,319.2,2916,28986.0,47.25
SAKAR, 10-Sep-2026,1149.0,1165.9,1084.0,1117.3,1152.35,91278,1020.55,8803,45099.0,49.41
SAKHTISUG, 10-Sep-2026,19.55,19.88,19.11,19.19,19.55,60402,11.81,589,34545.0,57.19
SAKSOFT, 10-Sep-2026,151.42,151.54,145.43,146.87,151.41,236398,350.07,4478,118185.0,49.99
SAKUMA, 10-Sep-2026,1.62,1.63,1.57,1.59,1.6,672649,10.77,762,462735.0,68.79
SALASAR, 10-Sep-2026,5.1,5.12,5.02,5.03,5.08,3374525,170.51,3059,1806784.0,53.54
SALONA, 10-Sep-2026,269.0,269.0,256.55,262.75,264.25,28,0.07,12,25.0,89.29
SALSTEEL, 10-Sep-2026,78.35,79.59,75.5,76.63,79.19,288268,224.61,1741,86299.0,29.94
SALZERELEC, 10-Sep-2026,550.0,557.4,543.85,550.15,552.15,30610,168.31,1850,18161.0,59.33
SAMAY, 10-Sep-2026,48.0,48.2,45.0,45.0,45.95,20000,9.33,5,12000.0,60.0
SAMBANDAM, 10-Sep-2026,113.01,113.01,113.01,113.01,113.01,200,0.23,4,200.0,100.0
SAMBHAAV, 10-Sep-2026,5.78,6.05,5.65,5.82,5.78,60377,3.55,113,31354.0,51.93
SAMBHV, 10-Sep-2026,130.0,135.9,129.43,132.51,130.44,2348033,3122.94,23823,964478.0,41.08
SAMHI, 10-Sep-2026,151.1,172.5,151.1,160.2,152.43,14028183,23116.52,152856,1924045.0,13.72
SAMMAANCAP, 10-Sep-2026,150.5,152.22,147.5,149.77,150.13,5094753,7633.8,31290,1977267.0,38.81
SAMPANN, 10-Sep-2026,24.89,24.89,23.67,24.11,23.99,30605,7.34,160,27794.0,90.82
SANATHAN, 10-Sep-2026,479.0,492.7,477.55,483.1,480.35,210461,1021.76,9475,114849.0,54.57
SANDESH, 10-Sep-2026,1042.9,1045.6,1016.0,1021.1,1028.7,377,3.86,62,334.0,88.59
SANDHAR, 10-Sep-2026,622.5,644.0,621.15,627.25,625.0,168956,1069.42,7291,73198.0,43.32
SANDUMA, 10-Sep-2026,201.01,202.55,195.73,196.74,201.01,364928,725.31,7385,203208.0,55.68
SANGAMIND, 10-Sep-2026,578.0,584.35,573.8,577.05,581.8,6591,38.09,732,3822.0,57.99
SANGANI, 10-Sep-2026,54.5,54.5,54.5,54.5,54.5,1500,0.82,1,1500.0,100.0
SANGHVIMOV, 10-Sep-2026,444.0,444.85,431.3,434.15,443.05,129546,565.42,5655,67783.0,52.32
SANOFI, 10-Sep-2026,3101.0,3120.0,3095.5,3106.0,3104.2,10873,337.85,2105,5773.0,53.09
SANOFICONR, 10-Sep-2026,4046.7,4180.0,4025.0,4089.6,4049.5,4993,202.52,2304,2900.0,58.08
SANSERA, 10-Sep-2026,4120.0,4136.0,4047.0,4107.9,4135.9,157289,6442.19,33298,80572.0,51.23
SANSTAR, 10-Sep-2026,109.62,110.0,106.5,107.38,108.99,86730,93.97,1507,49149.0,56.67
SAPPHIRE, 10-Sep-2026,228.0,230.01,223.15,224.11,227.61,418375,942.16,20967,203153.0,48.56
SAPPL, 10-Sep-2026,290.35,298.85,281.3,286.05,287.5,4761,13.85,90,4045.0,84.96
SARDAEN, 10-Sep-2026,555.0,555.0,535.15,537.25,545.85,752808,4090.72,21511,257204.0,34.17
SAREGAMA, 10-Sep-2026,503.5,515.0,500.85,505.15,500.55,434404,2214.43,20724,170194.0,39.18
SARLAPOLY, 10-Sep-2026,101.6,102.78,100.7,101.31,101.46,31694,32.18,377,20025.0,63.18
SAROJA, 10-Sep-2026,39.95,39.95,39.8,39.8,41.85,12800,5.1,8,11200.0,87.5
SARTELE, 10-Sep-2026,86.5,87.0,83.1,83.5,85.5,65000,55.21,103,45000.0,69.23
SARVESHWAR, 10-Sep-2026,3.77,4.12,3.71,3.99,3.78,10094104,403.51,4937,5838445.0,57.84
SASKEN, 10-Sep-2026,1860.5,1894.0,1770.0,1777.6,1857.1,32982,593.57,2881,23561.0,71.44
SATECH, 10-Sep-2026,38.0,41.75,38.0,40.7,38.35,23000,9.22,21,19000.0,82.61
SATIA, 10-Sep-2026,66.2,69.45,66.2,68.57,66.51,185198,126.09,1738,116341.0,62.82
SATIN, 10-Sep-2026,214.87,217.9,210.0,217.21,214.88,307384,654.54,4621,212088.0,69.0
SATKARTAR, 10-Sep-2026,117.0,133.3,116.0,131.2,116.4,79200,100.19,88,68000.0,85.86
SATTVAENGG, 10-Sep-2026,60.05,60.05,59.4,59.5,60.05,9600,5.72,6,9600.0,100.0
SAURASHCEM, 10-Sep-2026,55.78,56.16,55.0,55.48,55.78,30104,16.73,664,21005.0,69.77
SAVY, 10-Sep-2026,141.1,141.1,141.1,141.1,141.1,1200,1.69,1,1200.0,100.0
SAWALIYA, 10-Sep-2026,171.0,171.0,169.0,169.0,168.1,1800,3.06,3,1200.0,66.67
SAYAJIHOTL, 10-Sep-2026,308.4,331.0,300.0,325.2,302.35,274,0.9,35,270.0,98.54
SAYAJIIND, 10-Sep-2026,115.99,115.99,115.99,115.99,116.0,25,0.03,1,25.0,100.0
SBC, 10-Sep-2026,48.92,49.38,48.0,48.05,48.68,10039752,4854.07,10193,5025531.0,50.06
SBCL, 10-Sep-2026,1144.7,1148.2,1100.4,1112.0,1136.5,138832,1555.13,9943,68220.0,49.14
SBFC, 10-Sep-2026,99.59,99.87,97.41,98.48,99.59,716501,706.19,8740,350308.0,48.89
SBGLP, 10-Sep-2026,24.05,24.28,19.2,22.44,23.99,485912,99.53,1354,230709.0,47.48
SBIBPB, 10-Sep-2026,49.25,49.34,48.51,48.7,48.72,44509,21.72,407,33359.0,74.95
SBICARD, 10-Sep-2026,663.0,671.0,660.55,666.3,668.4,1286184,8568.54,37251,716589.0,55.71
SBIETFCON, 10-Sep-2026,120.47,120.47,118.45,118.65,119.01,56326,66.84,108,30839.0,54.75
SBIETFIT, 10-Sep-2026,323.88,324.89,319.51,320.35,320.89,7497,24.07,248,4711.0,62.84
SBIETFPB, 10-Sep-2026,283.89,283.89,278.31,278.52,280.11,930,2.6,72,818.0,87.96
SBIETFQLTY, 10-Sep-2026,217.04,218.12,215.91,216.53,218.0,638,1.38,60,539.0,84.48
SBIFUNDS, 10-Sep-2026,551.0,555.8,550.05,551.0,552.65,591646,3271.27,18429,306033.0,51.73
SBILIFE, 10-Sep-2026,1684.0,1706.2,1674.5,1700.6,1684.0,855621,14501.17,35617,566452.0,66.2
SBILIQETF, 10-Sep-2026,1055.27,1055.29,1055.27,1055.27,1055.16,348800,3680.78,269,344320.0,98.72
SBIMIDMOM, 10-Sep-2026,63.99,63.99,63.35,63.53,63.99,42707,27.15,144,38265.0,89.6
SBIN, 10-Sep-2026,1002.0,1011.9,1001.0,1009.7,1000.5,5504031,55406.63,84121,2251291.0,40.9
SBINEQWETF, 10-Sep-2026,32.8,32.91,32.6,32.7,32.8,11822,3.87,216,11250.0,95.16
SBINMID150, 10-Sep-2026,23.09,23.1,22.92,22.95,23.09,14339,3.3,139,12917.0,90.08
SBISILVER, 10-Sep-2026,230.0,231.99,228.71,229.15,227.94,953345,2197.49,6116,388953.0,40.8
SBISMLETF, 10-Sep-2026,18.4,18.64,18.28,18.46,18.48,87267,16.08,199,69498.0,79.64
SBIVALETF, 10-Sep-2026,14.83,14.83,14.54,14.62,14.62,56826,8.28,54,39737.0,69.93
SCHAEFFLER, 10-Sep-2026,3934.9,3992.8,3930.1,3940.2,3933.8,19467,769.6,6718,8700.0,44.69
SCHAND, 10-Sep-2026,135.03,136.0,134.1,135.42,135.01,11634,15.72,368,7769.0,66.78
SCHNEIDER, 10-Sep-2026,1199.7,1202.3,1170.4,1194.9,1193.8,223993,2643.12,14785,94393.0,42.14
SCI, 10-Sep-2026,287.75,291.15,284.4,285.2,287.35,1123388,3221.97,22669,462969.0,41.21
SCILAL, 10-Sep-2026,38.43,38.95,38.0,38.46,38.43,200962,77.27,2012,96524.0,48.03
SCML, 10-Sep-2026,75.7,75.7,75.7,75.7,76.7,1000,0.76,1,1000.0,100.0
SCODATUBES, 10-Sep-2026,132.01,132.08,128.82,129.21,130.99,92022,119.56,1364,61179.0,66.48
SDBL, 10-Sep-2026,71.6,72.29,70.69,70.87,71.68,425579,302.98,3558,200354.0,47.08
SDREAMS, 10-Sep-2026,83.5,83.5,78.05,83.0,83.5,12000,9.75,10,9000.0,75.0
SEAMECLTD, 10-Sep-2026,1778.2,1806.4,1765.0,1772.9,1772.6,55736,995.47,4508,31219.0,56.01
SECMARK, 10-Sep-2026,147.99,159.0,145.25,149.16,141.47,17484,26.79,453,3934.0,22.5
SECURKLOUD, 10-Sep-2026,17.0,17.19,16.7,16.92,16.96,6278,1.05,90,5934.0,94.52
SEDEMAC, 10-Sep-2026,2824.3,2935.6,2824.3,2915.7,2850.4,105717,3076.12,18868,60669.0,57.39
SEIL, 10-Sep-2026,197.73,197.73,189.94,195.02,195.28,213881,414.41,2037,127136.0,59.44
SEITINVIT, 10-Sep-2026,124.0,124.0,124.0,124.0,122.0,200000,248.0,1,200000.0,100.0
SEJALLTD, 10-Sep-2026,650.25,676.0,646.65,672.0,645.6,3755,25.06,488,2367.0,63.04
SEKURITIND, 10-Sep-2026,112.82,113.17,111.42,112.43,111.7,20279,22.78,284,15879.0,78.3
SEL, 10-Sep-2026,336.0,339.0,331.0,338.5,328.5,7600,25.46,21,5600.0,73.68
SELECTIPO, 10-Sep-2026,49.5,49.56,48.41,48.48,48.59,27809,13.49,103,17999.0,64.72
SELLOWRAP, 10-Sep-2026,67.5,67.5,67.5,67.5,67.6,1600,1.08,1,1600.0,100.0
SEMAC, 10-Sep-2026,277.1,279.85,277.1,279.85,279.85,127,0.35,8,127.0,100.0
SENCO, 10-Sep-2026,355.5,358.45,348.4,349.9,355.8,392329,1383.75,11861,156377.0,39.86
SENORES, 10-Sep-2026,1489.8,1495.0,1460.0,1463.1,1488.6,91237,1345.77,9811,46674.0,51.16
SENSEXADD, 10-Sep-2026,77.34,77.44,77.22,77.42,77.68,606,0.47,28,491.0,81.02
SENSEXAXIS, 10-Sep-2026,78.05,78.16,77.01,77.22,77.73,8976,6.96,67,5190.0,57.82
SENSEXBETA, 10-Sep-2026,834.0,844.0,828.5,840.98,834.77,1979,16.47,175,1459.0,73.72
SENSEXETF, 10-Sep-2026,77.89,77.89,77.1,77.19,77.42,26434,20.42,339,14072.0,53.23
SENSEXIETF, 10-Sep-2026,869.0,873.9,859.01,860.55,863.68,10282,88.56,527,6762.0,65.77
SEPC, 10-Sep-2026,5.36,5.4,5.25,5.29,5.36,6530129,347.29,3911,3683449.0,56.41
SERVOTECH, 10-Sep-2026,77.84,79.29,77.06,77.62,77.84,221576,173.26,3094,117365.0,52.97
SESHAPAPER, 10-Sep-2026,242.0,250.19,239.01,246.96,243.68,102354,252.29,1986,54242.0,52.99
SETF10GILT, 10-Sep-2026,264.18,265.44,263.08,264.48,264.18,1190,3.14,40,1148.0,96.47
SETFGOLD, 10-Sep-2026,130.66,130.9,129.85,130.26,129.83,6272437,8179.45,11358,3946608.0,62.92
SETFNIF50, 10-Sep-2026,259.76,259.76,252.16,252.61,253.43,1118773,2827.62,6065,669545.0,59.85
SETFNIFBK, 10-Sep-2026,581.12,582.41,578.2,578.83,581.06,25458,147.47,456,15665.0,61.53
SETFNN50, 10-Sep-2026,780.74,784.0,772.91,777.83,782.29,19264,150.2,1465,10574.0,54.89
SETL, 10-Sep-2026,445.2,445.9,440.05,445.9,424.7,344586,1534.2,1445,295891.0,85.87
SFL, 10-Sep-2026,683.5,702.0,667.65,697.95,687.0,356525,2459.55,30518,160967.0,45.15
SFML, 10-Sep-2026,21.4,21.6,21.4,21.6,21.85,3200,0.69,2,1600.0,50.0
SGBAPR28I, 10-Sep-2026,15250.0,15265.0,15210.0,15265.0,15244.09,234,35.66,31,168.0,71.79
SGBAUG27, 10-Sep-2026,15146.85,15279.99,15110.0,15110.0,15146.85,28,4.24,10,26.0,92.86
SGBAUG28V, 10-Sep-2026,15150.01,15239.0,15150.01,15161.99,15147.43,403,61.22,67,321.0,79.65
SGBAUG29V, 10-Sep-2026,15162.0,15304.0,15162.0,15200.01,15156.83,18,2.74,11,15.0,83.33
SGBAUG30, 10-Sep-2026,15236.01,15400.01,15236.01,15348.49,15235.78,130,19.93,47,84.0,64.62
SGBD29VIII, 10-Sep-2026,15176.0,15389.0,15176.0,15200.0,15211.11,38,5.79,24,30.0,78.95
SGBDC27VII, 10-Sep-2026,15200.1,15276.1,15125.0,15149.0,15140.0,41,6.22,21,33.0,80.49
SGBDE30III, 10-Sep-2026,15312.2,15357.42,15257.22,15283.76,15349.99,94,14.38,29,74.0,78.72
SGBDE31III, 10-Sep-2026,15727.1,15727.1,15625.0,15642.04,15727.1,669,104.76,165,431.0,64.42
SGBFEB27, 10-Sep-2026,15149.0,15149.0,15149.0,15149.0,15149.0,21,3.18,2,21.0,100.0
SGBFEB28IX, 10-Sep-2026,15101.0,15250.0,15101.0,15246.0,15164.99,25,3.79,9,13.0,52.0
SGBFEB29XI, 10-Sep-2026,15155.01,15199.9,15135.0,15170.0,15293.26,203,30.78,50,124.0,61.08
SGBFEB32IV, 10-Sep-2026,16099.99,16199.99,15885.73,15988.07,15885.72,1027,164.04,208,596.0,58.03
SGBJ28VIII, 10-Sep-2026,15298.99,15298.99,15052.01,15149.0,15030.0,5,0.76,3,2.0,40.0
SGBJAN27, 10-Sep-2026,15160.04,15160.04,15160.04,15160.04,15160.04,11,1.67,1,11.0,100.0
SGBJAN29IX, 10-Sep-2026,15127.01,15240.0,15121.01,15212.63,15110.0,150,22.81,41,101.0,67.33
SGBJAN29X, 10-Sep-2026,15200.0,15200.0,15140.0,15141.01,15200.0,84,12.75,21,80.0,95.24
SGBJAN30IX, 10-Sep-2026,15203.62,15398.56,15170.0,15178.72,15203.62,347,52.93,112,93.0,26.8
SGBJU29III, 10-Sep-2026,15200.0,15217.0,15200.0,15217.0,15168.97,2,0.3,2,2.0,100.0
SGBJUL28IV, 10-Sep-2026,15198.0,15200.0,15120.01,15120.01,15121.75,449,68.07,34,330.0,73.5
SGBJUL29IV, 10-Sep-2026,15126.12,15219.99,15126.01,15152.36,15153.32,205,31.13,25,179.0,87.32
SGBJUN27, 10-Sep-2026,15070.01,15219.99,15070.01,15219.99,15153.84,59,8.93,5,43.0,72.88
SGBJUN28, 10-Sep-2026,15150.0,15200.0,15125.0,15155.28,15143.33,35,5.31,11,31.0,88.57
SGBJUN29II, 10-Sep-2026,15148.01,15279.99,15148.01,15210.0,15179.5,97,14.75,15,90.0,92.78
SGBJUN30, 10-Sep-2026,15288.0,15300.0,15208.19,15238.84,15288.0,135,20.6,40,115.0,85.19
SGBJUN31I, 10-Sep-2026,15320.01,15444.95,15320.01,15389.99,15317.72,273,41.99,80,170.0,62.27
SGBMAR28X, 10-Sep-2026,15200.0,15385.0,15035.01,15385.0,15200.0,21,3.19,5,19.0,90.48
SGBMAR30X, 10-Sep-2026,15373.23,15373.23,15222.0,15222.01,15373.23,33,5.03,13,27.0,81.82
SGBMAR31IV, 10-Sep-2026,15403.0,15499.97,15360.95,15405.56,15440.0,38,5.88,24,27.0,71.05
SGBMAY28, 10-Sep-2026,15299.0,15299.0,15161.0,15232.27,15230.44,372,56.76,34,336.0,90.32
SGBMAY29I, 10-Sep-2026,15275.98,15345.0,15105.01,15215.21,15199.98,334,50.9,62,236.0,70.66
SGBMR29XII, 10-Sep-2026,15297.99,15298.0,15125.01,15150.0,15158.33,153,23.19,31,128.0,83.66
SGBN28VIII, 10-Sep-2026,15200.0,15200.01,15180.0,15180.0,15200.0,3,0.46,3,2.0,66.67
SGBNOV26, 10-Sep-2026,15190.0,15190.0,15190.0,15190.0,15190.0,11,1.67,3,11.0,100.0
SGBNV29VII, 10-Sep-2026,15200.0,15290.0,15200.0,15201.0,15200.0,82,12.48,18,78.0,95.12
SGBOC28VII, 10-Sep-2026,15300.0,15300.0,15210.0,15230.0,15242.61,8,1.22,5,7.0,87.5
SGBOCT26, 10-Sep-2026,15200.0,15200.0,15200.0,15200.0,15150.0,2,0.3,1,2.0,100.0
SGBOCT27, 10-Sep-2026,15200.01,15200.01,15150.0,15155.0,15100.01,41,6.22,4,41.0,100.0
SGBOCT27VI, 10-Sep-2026,15175.01,15175.01,15175.01,15175.01,15150.0,3,0.46,1,3.0,100.0
SGBSEP27, 10-Sep-2026,15101.01,15174.0,15101.0,15174.0,15099.0,93,14.08,12,47.0,50.54
SGBSEP28VI, 10-Sep-2026,15200.0,15200.0,15102.0,15160.0,15136.91,265,40.16,80,239.0,90.19
SGBSEP29VI, 10-Sep-2026,15175.65,15249.98,15132.03,15165.03,15100.15,91,13.8,33,60.0,65.93
SGBSEP31II, 10-Sep-2026,15525.0,15575.0,15501.01,15566.34,15471.36,693,107.72,161,553.0,79.8
SGFIN, 10-Sep-2026,679.5,683.2,666.2,672.0,678.8,153561,1036.48,5974,81454.0,53.04
SGIL, 10-Sep-2026,600.55,606.4,600.0,602.0,600.55,3236,19.43,139,2645.0,81.74
SGL, 10-Sep-2026,10.32,10.32,9.87,9.9,10.07,11807,1.17,57,8572.0,72.6
SGLRES, 10-Sep-2026,2.52,2.52,2.35,2.36,2.47,63379,1.52,108,44345.0,69.97
SGMART, 10-Sep-2026,776.05,785.0,763.0,766.55,772.9,400244,3092.78,15812,192035.0,47.98
SGRL, 10-Sep-2026,669.25,669.25,620.0,631.65,665.9,42088,266.86,1680,26777.0,63.62
SHADOWFAX, 10-Sep-2026,251.2,255.7,247.0,255.1,251.2,2613346,6604.2,24319,1449370.0,55.46
SHAH, 10-Sep-2026,3.54,3.66,3.46,3.54,3.51,3922764,140.03,1044,1991237.0,50.76
SHAILY, 10-Sep-2026,3450.0,3466.3,3360.1,3383.2,3455.0,102807,3506.65,18756,53206.0,51.75
SHAKTIPUMP, 10-Sep-2026,506.9,524.45,493.05,503.2,467.8,13943643,70591.27,251966,1100894.0,7.9
SHALBY, 10-Sep-2026,148.99,149.99,145.25,145.96,148.48,87771,128.99,1602,58963.0,67.18
SHANKARA, 10-Sep-2026,148.99,148.99,148.29,148.41,148.29,109702,162.79,2116,99005.0,90.25
SHANKESH, 10-Sep-2026,98.49,101.0,97.3,98.41,97.93,3637976,3596.94,21057,1356972.0,37.3
SHANTHALA, 10-Sep-2026,16.65,16.65,16.65,16.65,16.65,1200,0.2,1,1200.0,100.0
SHANTI, 10-Sep-2026,6.26,6.5,6.17,6.2,6.26,11010,0.69,54,7123.0,64.7
SHANTIGEAR, 10-Sep-2026,696.05,743.0,689.1,725.45,707.75,312598,2269.61,11082,92737.0,29.67
SHANTIGOLD, 10-Sep-2026,261.19,264.5,254.52,257.29,261.29,1253608,3264.16,17130,420653.0,33.56
SHANTIINOR, 10-Sep-2026,176.15,176.15,173.0,176.15,167.8,217600,383.25,95,203200.0,93.38
SHARDACROP, 10-Sep-2026,786.0,786.0,776.1,781.35,783.5,72793,568.17,6344,33382.0,45.86
SHARDAMOTR, 10-Sep-2026,919.5,959.0,900.1,946.25,909.3,220362,2062.04,15790,98064.0,44.5
SHAREINDIA, 10-Sep-2026,191.48,212.33,191.01,196.32,189.46,58611177,120575.72,372284,3179079.0,5.42
SHARIABEES, 10-Sep-2026,441.35,441.93,437.1,438.57,439.96,10553,46.3,670,8078.0,76.55
SHBAJRG, 10-Sep-2026,159.6,159.97,157.12,159.5,158.99,486,0.77,28,356.0,73.25
SHEETAL, 10-Sep-2026,349.0,352.5,349.0,350.25,349.75,67500,236.68,67,42000.0,62.22
SHERA, 10-Sep-2026,184.0,197.7,183.55,190.8,184.45,253000,490.41,226,157000.0,62.06
SHERVANI, 10-Sep-2026,312.0,312.0,305.0,311.0,310.35,15,0.05,8,11.0,73.33
SHETHJI, 10-Sep-2026,198.8,200.0,192.1,194.8,199.55,23000,45.11,20,16000.0,69.57
SHIGAN, 10-Sep-2026,65.0,66.0,65.0,66.0,68.0,4500,2.94,3,3000.0,66.67
SHILCTECH, 10-Sep-2026,4131.0,4185.0,4099.0,4158.6,4089.2,12554,518.96,3277,6830.0,54.4
SHILGRAVQ, 10-Sep-2026,153.8,177.38,153.8,168.4,151.61,93780,161.02,1516,29419.0,31.37
SHILPAMED, 10-Sep-2026,968.95,974.0,931.3,939.9,960.6,682900,6505.77,31557,325308.0,47.64
SHINDL, 10-Sep-2026,160.05,162.5,160.0,161.98,160.76,305847,494.01,640,149047.0,48.73
SHIPROCKET, 10-Sep-2026,132.6,133.34,128.5,129.17,132.37,2568729,3349.94,19641,834398.0,32.48
SHIVAAGRO, 10-Sep-2026,42.0,42.0,39.5,40.32,41.99,1492,0.6,22,1387.0,92.96
SHIVACEM, 10-Sep-2026,15.52,16.3,15.52,16.04,15.89,46357,7.46,198,42557.0,91.8
SHIVALIK, 10-Sep-2026,398.0,411.8,362.75,366.8,384.9,375449,1437.11,11692,152959.0,40.74
SHIVAMAUTO, 10-Sep-2026,17.39,17.39,16.66,16.68,16.86,23256,3.94,169,14960.0,64.33
SHIVAMILLS, 10-Sep-2026,63.34,63.34,59.25,60.38,60.47,215,0.13,16,108.0,50.23
SHIVASHRIT, 10-Sep-2026,119.0,129.35,113.1,118.65,113.65,102000,121.03,71,45000.0,44.12
SHIVATEX, 10-Sep-2026,179.0,183.0,172.25,179.18,176.64,10363,18.38,208,6646.0,64.13
SHIVAUM, 10-Sep-2026,465.0,476.0,400.0,461.45,464.35,898031,3790.12,1381,708454.0,78.89
SHK, 10-Sep-2026,146.4,146.73,143.01,143.58,144.98,216431,313.23,3757,127412.0,58.87
SHKSIL, 10-Sep-2026,34.7,36.0,34.7,35.4,33.0,8000,2.83,4,8000.0,100.0
SHOPERSTOP, 10-Sep-2026,377.05,390.0,375.2,377.55,379.3,19659,74.63,2012,7237.0,36.81
SHRADDHA, 10-Sep-2026,155.11,155.11,142.2,150.02,151.05,9404,13.98,179,2841.0,30.21
SHRADHA, 10-Sep-2026,30.99,32.0,29.9,31.19,30.84,19799,6.09,193,7215.0,36.44
SHREDIGCEM, 10-Sep-2026,70.62,71.47,68.4,69.09,70.96,114970,80.01,1604,76742.0,66.75
SHREECEM, 10-Sep-2026,22910.0,22990.0,22700.0,22785.0,22950.0,9990,2277.01,5443,4513.0,45.18
SHREEDHAR, 10-Sep-2026,129.35,129.35,129.35,129.35,123.2,4000,5.17,2,4000.0,100.0
SHREEJISPG, 10-Sep-2026,716.5,721.5,704.1,713.1,713.1,1182838,8436.7,12300,496335.0,41.96
SHREEKARNI, 10-Sep-2026,382.2,392.0,381.9,385.0,397.0,4050,15.61,12,3300.0,81.48
SHREEOSFM, 10-Sep-2026,54.0,54.0,54.0,54.0,57.0,2000,1.08,2,2000.0,100.0
SHREEPUSHK, 10-Sep-2026,503.4,511.45,489.1,491.6,501.2,85810,426.22,3734,45559.0,53.09
SHREERAMA, 10-Sep-2026,46.49,47.3,44.22,45.88,45.0,207997,95.7,1522,102289.0,49.18
SHREYANIND, 10-Sep-2026,134.31,136.66,133.53,135.46,132.98,8075,10.89,211,4492.0,55.63
SHRIAHIMSA, 10-Sep-2026,472.0,472.0,458.0,462.65,475.0,10800,50.37,18,10800.0,100.0
SHRIKANHA, 10-Sep-2026,24.5,24.5,22.8,22.8,24.0,9600,2.25,5,8000.0,83.33
SHRIKRISH, 10-Sep-2026,37.99,38.0,37.0,37.39,36.15,159,0.06,28,136.0,85.53
SHRINGARMS, 10-Sep-2026,219.99,220.0,216.1,216.79,218.7,186044,404.55,1889,76239.0,40.98
SHRIPISTON, 10-Sep-2026,4500.8,4516.2,4432.0,4447.4,4500.8,29116,1302.64,7353,14970.0,51.42
SHRIRAMFIN, 10-Sep-2026,1030.0,1039.0,1020.9,1038.0,1029.0,2757241,28478.36,53718,1638476.0,59.42
SHRIRAMPPS, 10-Sep-2026,72.5,73.99,72.3,72.62,72.51,214076,155.89,2095,120180.0,56.14
SHRITECH, 10-Sep-2026,59.5,60.5,59.05,59.7,60.3,12000,7.17,6,10000.0,83.33
SHRJAGP, 10-Sep-2026,664.0,674.8,640.0,643.45,652.0,466,3.05,51,310.0,66.52
SHUBHLAXMI, 10-Sep-2026,17.1,17.75,16.25,17.7,17.1,6000,1.03,5,5000.0,83.33
SHUBHSHREE, 10-Sep-2026,370.0,370.0,342.2,350.0,363.0,6600,23.03,14,5100.0,77.27
SHUKRAPHAR, 10-Sep-2026,57.69,58.2,53.91,53.97,56.1,4087812,2228.93,10346,2249921.0,55.04
SHYAMDHANI, 10-Sep-2026,53.05,54.9,52.9,54.6,55.65,30000,16.0,15,28000.0,93.33
SHYAMMETL, 10-Sep-2026,1081.0,1088.7,1074.2,1086.1,1073.7,128947,1397.33,10118,61174.0,47.44
SHYAMTEL, 10-Sep-2026,11.44,11.58,11.1,11.5,11.43,4900,0.56,35,4888.0,99.76
SICAGEN, 10-Sep-2026,55.63,56.37,55.0,55.24,56.36,20126,11.19,336,11765.0,58.46
SIDDHICOTS, 10-Sep-2026,26.5,26.5,26.5,26.5,26.5,3600,0.95,2,3600.0,100.0
SIDDHIKA, 10-Sep-2026,231.4,231.4,225.0,230.9,220.5,1500,3.44,3,1500.0,100.0
SIEL, 10-Sep-2026,29.0,29.35,29.0,29.35,29.35,379,0.11,6,379.0,100.0
SIEMENS, 10-Sep-2026,3949.0,3987.9,3905.2,3954.4,3949.1,227398,8936.96,14868,120230.0,52.87
SIGACHI, 10-Sep-2026,35.6,38.77,35.36,37.56,35.27,13529422,5123.62,42071,4121928.0,30.47
SIGMA, 10-Sep-2026,46.49,46.5,44.26,44.97,45.83,111147,50.54,1529,48501.0,43.64
SIGNATURE, 10-Sep-2026,785.0,791.75,770.0,772.35,786.8,193242,1504.58,6561,16935.0,8.76
SIGNPOST, 10-Sep-2026,271.0,279.95,265.3,267.8,270.75,83178,226.01,2979,32731.0,39.35
SIKA, 10-Sep-2026,999.9,1059.5,989.95,1024.85,993.4,75059,775.42,6472,32952.0,43.9
SIL, 10-Sep-2026,18.34,18.99,18.0,18.1,18.35,51287,9.46,456,32581.0,63.53
SILGO, 10-Sep-2026,71.09,72.8,70.5,71.74,71.09,11423,8.11,254,5871.0,51.4
SILINV, 10-Sep-2026,460.0,467.3,445.25,451.0,461.45,1527,6.9,155,1268.0,83.04
SILKFLEX, 10-Sep-2026,277.95,277.95,267.7,267.7,281.75,28000,75.24,28,20000.0,71.43
SILKY, 10-Sep-2026,69.0,69.0,68.0,68.45,70.75,4000,2.75,5,4000.0,100.0
SILVER, 10-Sep-2026,234.81,236.36,233.12,233.49,232.45,1037175,2436.52,9181,465841.0,44.91
SILVER001, 10-Sep-2026,23.6,23.9,23.6,23.6,23.5,12981,3.08,68,9141.0,70.42
SILVER1, 10-Sep-2026,22.82,23.0,22.67,22.71,22.61,21027856,4810.91,11886,10423165.0,49.57
SILVER360, 10-Sep-2026,231.08,232.8,229.41,230.33,229.05,18794,43.52,451,11326.0,60.26
SILVERADD, 10-Sep-2026,22.62,22.85,22.51,22.55,22.42,4334709,983.93,5976,1488207.0,34.33
SILVERAG, 10-Sep-2026,228.9,230.51,227.09,227.93,226.5,278333,636.71,2343,132433.0,47.58
SILVERAXIS, 10-Sep-2026,235.3,235.3,232.05,232.4,231.19,147010,344.13,1775,69914.0,47.56
SILVERBEES, 10-Sep-2026,224.95,226.4,223.25,223.53,222.59,16509484,37155.54,58523,6614225.0,40.06
SILVERBETA, 10-Sep-2026,226.6,228.58,225.4,225.65,224.56,512145,1163.71,3166,240443.0,46.95
SILVERBND, 10-Sep-2026,235.84,237.07,233.46,233.85,233.12,15782,37.13,170,4593.0,29.1
SILVERCASE, 10-Sep-2026,23.84,24.01,23.67,23.72,23.6,11933662,2850.02,6539,7141088.0,59.84
SILVERIETF, 10-Sep-2026,234.45,236.32,233.1,233.48,232.34,3084086,7248.44,14766,1354928.0,43.93
SILVERTUC, 10-Sep-2026,161.1,161.1,143.97,152.0,159.96,2242513,3338.67,17293,858696.0,38.29
SIMCA, 10-Sep-2026,264.0,264.0,258.0,261.05,262.0,18600,48.58,13,18600.0,100.0
SIMPLEXINF, 10-Sep-2026,262.0,265.8,252.6,255.75,259.35,100611,261.64,1287,69579.0,69.16
SIMPLXREA, 10-Sep-2026,138.0,138.8,127.0,132.5,132.23,414,0.57,12,414.0,100.0
SINCLAIR, 10-Sep-2026,82.0,83.69,80.36,81.58,82.96,20693,16.97,278,13597.0,65.71
SINDHUTRAD, 10-Sep-2026,25.16,25.16,23.65,23.81,24.99,1497012,360.56,2854,694391.0,46.39
SINGERIND, 10-Sep-2026,74.3,76.0,69.0,74.02,74.38,385095,278.03,1619,216477.0,56.21
SINTERCOM, 10-Sep-2026,84.73,84.74,79.4,79.82,83.9,51758,41.37,99,27194.0,52.54
SIRCA, 10-Sep-2026,431.95,441.8,429.0,431.55,430.6,313161,1357.39,5951,97017.0,30.98
SIS, 10-Sep-2026,429.6,429.6,421.4,422.95,426.55,439487,1871.99,11387,206813.0,47.06
SIYSIL, 10-Sep-2026,533.9,551.0,533.1,547.0,530.45,34024,184.82,2886,15408.0,45.29
SJLOGISTIC, 10-Sep-2026,323.55,323.55,318.3,318.65,320.15,23500,75.35,63,21000.0,89.36
SJS, 10-Sep-2026,2296.9,2349.9,2281.2,2342.6,2295.2,97579,2266.82,14186,63444.0,65.02
SJVN, 10-Sep-2026,66.95,68.29,66.37,67.2,66.88,3722427,2516.15,22937,1475051.0,39.63
SKFINDIA, 10-Sep-2026,1532.9,1540.0,1522.9,1531.6,1533.5,15804,242.09,2494,9201.0,58.22
SKFINDUS, 10-Sep-2026,3035.0,3035.0,2905.0,2935.4,2971.7,42276,1254.49,8802,27198.0,64.33
SKIPPER, 10-Sep-2026,593.9,596.15,574.5,583.0,593.95,1056778,6166.63,35255,410729.0,38.87
SKMEGGPROD, 10-Sep-2026,250.85,253.8,246.8,247.9,250.9,149927,373.28,3240,77010.0,51.36
SKP, 10-Sep-2026,160.0,171.2,160.0,171.2,168.7,38500,64.17,38,26000.0,67.53
SKYGOLD, 10-Sep-2026,831.1,843.9,820.0,830.3,832.2,750031,6254.47,25816,349523.0,46.6
SKYTECH, 10-Sep-2026,29.35,29.35,29.35,29.35,30.85,9600,2.82,5,9600.0,100.0
SKYWAYS, 10-Sep-2026,114.0,114.2,109.3,111.19,113.59,2803163,3139.26,17302,788288.0,28.12
SLONE, 10-Sep-2026,180.0,180.0,178.1,178.1,180.0,800,1.43,2,800.0,100.0
SMALL250, 10-Sep-2026,18.98,18.98,18.45,18.51,18.52,120772,22.35,662,72070.0,59.67
SMALLADD, 10-Sep-2026,18.81,18.81,18.5,18.51,18.61,16578,3.07,87,14781.0,89.16
SMALLCAP, 10-Sep-2026,49.24,49.59,49.24,49.44,49.35,1636202,808.12,2591,1246916.0,76.21
SMALLGROWW, 10-Sep-2026,49.6,49.93,48.74,49.16,49.43,6211,3.07,97,5222.0,84.08
SMALLIETF, 10-Sep-2026,18.52,18.56,18.37,18.47,18.52,34009,6.29,123,25566.0,75.17
SMARTEN, 10-Sep-2026,54.4,55.0,53.5,53.55,56.0,15600,8.5,11,15600.0,100.0
SMARTWORKS, 10-Sep-2026,547.95,550.7,531.7,535.55,547.95,112126,602.79,4137,75455.0,67.29
SMCGLOBAL, 10-Sep-2026,84.0,95.0,82.5,85.64,83.93,35904423,32138.41,202387,2308596.0,6.43
SML100CASE, 10-Sep-2026,11.53,11.53,11.26,11.32,11.41,2173190,247.59,1512,1397357.0,64.3
SMLMAH, 10-Sep-2026,6510.0,6654.0,6241.5,6278.0,6570.0,70105,4482.52,11471,33245.0,47.42
SMLT, 10-Sep-2026,63.39,63.9,59.8,61.44,62.15,5764,3.55,176,4200.0,72.87
SMSPHARMA, 10-Sep-2026,410.55,421.0,407.0,417.45,407.3,561774,2326.33,16198,219805.0,39.13
SNEHAA, 10-Sep-2026,44.0,45.9,43.65,45.85,44.0,8000,3.59,7,5000.0,62.5
SNOWMAN, 10-Sep-2026,36.33,36.81,36.0,36.16,36.82,97879,35.49,867,54659.0,55.84
SNXT30BEES, 10-Sep-2026,41.7,42.55,41.7,42.47,42.55,1883,0.8,65,1707.0,90.65
SNXT50BETA, 10-Sep-2026,95.58,95.58,92.1,93.19,94.62,3299,3.08,138,1792.0,54.32
SOBHA, 10-Sep-2026,1234.0,1255.0,1217.0,1235.7,1229.5,181083,2214.57,6602,146097.0,80.68
SOCL, 10-Sep-2026,29.0,29.0,28.95,28.95,28.5,6400,1.86,4,6400.0,100.0
SOFTTECH, 10-Sep-2026,452.7,452.7,425.1,435.0,441.65,1259,5.46,51,926.0,73.55
SOLARA, 10-Sep-2026,691.0,749.8,690.0,707.25,690.5,1463549,10588.98,49218,336740.0,23.01
SOLARINDS, 10-Sep-2026,22350.0,22495.0,22180.0,22370.0,22355.0,58690,13126.75,15355,23551.0,40.13
SOLARWORLD, 10-Sep-2026,145.01,146.39,140.5,140.98,145.59,292863,416.21,5573,143934.0,49.15
SOLEX, 10-Sep-2026,720.3,724.9,651.2,705.25,715.6,22358,158.36,2755,10002.0,44.74
SOMANYCERA, 10-Sep-2026,556.85,572.65,554.15,559.7,553.5,88278,495.56,5207,40527.0,45.91
SOMATEX, 10-Sep-2026,87.44,87.44,84.1,84.48,84.05,3736,3.17,87,2615.0,69.99
SOMICONVEY, 10-Sep-2026,90.11,102.59,90.06,92.76,90.87,99320,96.22,1526,22847.0,23.0
SONACOMS, 10-Sep-2026,798.0,813.15,792.2,803.5,799.5,1517259,12208.68,42119,572257.0,37.72
SONAL, 10-Sep-2026,89.0,91.99,89.0,90.08,88.58,240,0.22,16,238.0,99.17
SONAMAC, 10-Sep-2026,32.85,34.3,32.85,34.3,32.85,2000,0.67,2,2000.0,100.0
SONATSOFTW, 10-Sep-2026,269.9,270.35,259.2,260.1,267.7,1071987,2835.64,20750,414010.0,38.62
SONUINFRA, 10-Sep-2026,49.65,52.1,49.65,52.0,49.65,132000,68.34,50,124500.0,94.32
SOTL, 10-Sep-2026,692.7,705.35,685.0,697.1,689.6,257147,1784.86,11117,80702.0,31.38
SOUTHBANK, 10-Sep-2026,46.48,46.48,45.76,46.08,46.41,5591541,2573.83,21816,2583705.0,46.21
SOUTHWEST, 10-Sep-2026,228.02,230.45,215.31,216.19,226.81,370671,818.33,7116,180416.0,48.67
SPAL, 10-Sep-2026,1009.3,1059.0,1009.3,1029.7,1012.5,54077,560.87,5761,20826.0,38.51
SPANDANA, 10-Sep-2026,232.76,235.18,229.93,232.17,232.61,102678,238.82,6011,51581.0,50.24
SPARC, 10-Sep-2026,200.58,204.6,196.25,196.91,200.58,700852,1393.0,11343,310514.0,44.31
SPCENET, 10-Sep-2026,3.57,3.64,3.46,3.47,3.57,500547,17.55,552,420539.0,84.02
SPCL, 10-Sep-2026,64.95,65.1,63.0,63.05,64.25,10800,6.91,18,7200.0,66.67
SPECTSTM, 10-Sep-2026,59.0,59.0,59.0,59.0,60.0,800,0.47,1,800.0,100.0
SPENCERS, 10-Sep-2026,29.5,29.8,28.15,28.64,29.22,81409,23.43,336,74691.0,91.75
SPIC, 10-Sep-2026,70.1,71.12,68.76,69.3,70.13,457757,319.6,4011,255101.0,55.73
SPLIL, 10-Sep-2026,31.0,31.01,30.5,30.5,31.33,1637,0.5,51,1421.0,86.81
SPLPETRO, 10-Sep-2026,816.0,843.8,810.15,828.15,813.55,413527,3419.72,19935,130534.0,31.57
SPMLINFRA, 10-Sep-2026,173.93,176.55,172.5,173.0,173.93,97588,169.75,1541,60052.0,61.54
SPORTKING, 10-Sep-2026,217.0,220.0,211.99,215.83,217.39,180996,390.54,5100,86313.0,47.69
SPPPOLY, 10-Sep-2026,11.25,11.25,11.25,11.25,11.5,2000,0.23,1,2000.0,100.0
SPRL, 10-Sep-2026,102.0,102.0,102.0,102.0,102.5,800,0.82,1,800.0,100.0
SPUNWEB, 10-Sep-2026,102.35,103.0,102.35,103.0,102.35,4800,4.94,4,4800.0,100.0
SRD, 10-Sep-2026,39.6,40.0,38.09,38.5,39.33,61667,24.02,382,47578.0,77.15
SREEL, 10-Sep-2026,350.5,400.0,350.5,370.3,345.01,487582,1846.7,24110,127815.0,26.21
SRF, 10-Sep-2026,2517.0,2551.7,2504.0,2519.0,2520.0,210831,5321.95,25535,86263.0,40.92
SRGHFL, 10-Sep-2026,195.0,224.85,195.0,195.0,243.75,126947,249.13,482,87803.0,69.17
SRHHYPOLTD, 10-Sep-2026,533.3,534.55,514.0,517.1,531.9,18403,95.81,702,12735.0,69.2
SRIVASAVI, 10-Sep-2026,74.0,74.0,74.0,74.0,75.95,3000,2.22,3,3000.0,100.0
SRM, 10-Sep-2026,452.85,459.45,445.95,447.7,452.85,35913,161.97,1434,17768.0,49.48
SRTL, 10-Sep-2026,37.11,38.1,36.53,37.39,37.02,38337,14.37,273,20184.0,52.65
SSDL, 10-Sep-2026,58.65,67.84,58.5,67.84,56.54,296352,194.99,2637,168049.0,56.71
SSEGL, 10-Sep-2026,429.9,444.0,423.0,437.55,422.9,171600,746.04,546,127200.0,74.13
SSFL, 10-Sep-2026,285.7,299.95,282.0,299.95,285.7,24500,72.34,46,24000.0,97.96
SSWL, 10-Sep-2026,371.0,375.0,363.15,373.6,371.45,696576,2574.46,19942,292980.0,42.06
STANLEY, 10-Sep-2026,139.31,139.45,136.14,137.43,138.41,89312,122.91,1550,49104.0,54.98
STAR, 10-Sep-2026,1189.0,1223.0,1159.7,1217.0,1195.7,304120,3651.26,24192,162108.0,53.3
STARCEMENT, 10-Sep-2026,192.3,195.48,190.5,194.68,192.32,219251,425.91,5099,134197.0,61.21
STARHEALTH, 10-Sep-2026,569.8,584.1,565.55,576.25,571.95,426891,2458.61,25933,215368.0,50.45
STARPAPER, 10-Sep-2026,158.56,172.5,158.02,169.84,159.17,131116,220.39,1210,100035.0,76.3
STARTECK, 10-Sep-2026,243.5,248.9,239.3,245.2,246.15,233,0.57,64,142.0,60.94
STCINDIA, 10-Sep-2026,114.0,114.78,113.21,113.25,113.74,13252,15.07,336,9684.0,73.08
STEELCAS, 10-Sep-2026,323.0,330.35,321.5,323.55,324.8,45339,147.44,2174,21220.0,46.8
STEELCITY, 10-Sep-2026,84.68,93.0,84.2,91.4,84.07,183418,166.63,1085,91756.0,50.03
STEELXIND, 10-Sep-2026,12.25,12.9,12.0,12.17,12.0,28145206,3524.84,45116,5473591.0,19.45
STEL, 10-Sep-2026,579.2,603.75,579.2,590.2,590.0,4036,23.83,263,2391.0,59.24
STLNETWORK, 10-Sep-2026,34.76,34.86,33.63,34.86,33.2,8127111,2804.36,11954,4512053.0,55.52
STLSTRINF, 10-Sep-2026,18.64,18.9,17.4,17.67,18.64,2419,0.44,48,1751.0,72.39
STOVEKRAFT, 10-Sep-2026,839.3,847.9,835.1,840.05,839.3,48566,408.39,5484,24360.0,50.16
STRIDERS, 10-Sep-2026,60.95,60.95,60.95,60.95,58.85,1600,0.98,1,1600.0,100.0
STUDDS, 10-Sep-2026,417.3,421.0,414.0,418.4,414.6,46750,195.51,2708,28655.0,61.29
STUDIOLSD, 10-Sep-2026,9.4,9.75,8.5,9.35,9.7,26000,2.36,13,20000.0,76.92
STYL, 10-Sep-2026,391.7,394.5,381.1,385.9,388.75,85709,333.17,4062,43442.0,50.69
STYLAMIND, 10-Sep-2026,3383.0,3383.2,3300.0,3310.6,3382.3,14083,469.37,3430,7579.0,53.82
STYLEBAAZA, 10-Sep-2026,397.7,401.0,387.8,388.95,397.7,379221,1492.72,5918,249008.0,65.66
STYRENIX, 10-Sep-2026,2159.0,2170.0,2135.0,2142.9,2146.5,28582,616.19,3621,16005.0,56.0
SUBAHOTELS, 10-Sep-2026,101.6,101.6,98.0,98.0,101.1,14400,14.33,12,12000.0,83.33
SUBEXLTD, 10-Sep-2026,18.96,19.99,18.9,19.76,18.8,15258452,2998.91,37417,5717882.0,37.47
SUBROS, 10-Sep-2026,729.0,729.0,703.55,712.6,729.0,45641,325.59,3354,21454.0,47.01
SUDARCOLOR, 10-Sep-2026,384.35,385.2,380.1,380.9,380.55,2765,10.56,240,1915.0,69.26
SUDARSCHEM, 10-Sep-2026,1261.0,1287.4,1246.5,1270.8,1262.3,490526,6262.79,28305,281147.0,57.32
SUDEEPPHRM, 10-Sep-2026,1226.0,1259.8,1213.5,1213.5,1277.3,283504,3467.73,8313,134083.0,47.29
SUKHJITS, 10-Sep-2026,161.2,162.76,159.05,159.99,160.03,24992,40.29,365,18977.0,75.93
SULA, 10-Sep-2026,139.0,141.3,138.07,138.28,139.35,341494,475.35,5352,193591.0,56.69
SUMAX, 10-Sep-2026,120.45,120.45,120.45,120.45,114.75,409200,492.88,116,408000.0,99.71
SUMEDHA, 10-Sep-2026,39.0,41.95,39.0,39.0,40.01,4591,1.84,126,4045.0,88.11
SUMEETINDS, 10-Sep-2026,11.39,11.39,10.8,10.95,11.28,1464680,162.09,1703,1035181.0,70.68
SUMICHEM, 10-Sep-2026,478.35,485.5,473.15,480.9,481.75,699446,3340.34,21182,437019.0,62.48
SUMIT, 10-Sep-2026,51.6,51.6,48.81,48.93,49.99,13255,6.54,186,9672.0,72.97
SUMMITSEC, 10-Sep-2026,1425.0,1465.0,1415.2,1438.6,1411.8,5431,78.48,625,3370.0,62.05
SUNCLAY, 10-Sep-2026,1288.4,1311.0,1282.0,1295.2,1286.0,4028,52.25,549,2476.0,61.47
SUNDARAM, 10-Sep-2026,1.22,1.22,1.2,1.2,1.2,230555,2.79,215,167636.0,72.71
SUNDARMFIN, 10-Sep-2026,4750.0,4750.0,4651.3,4703.0,4728.0,17626,828.74,6415,8706.0,49.39
SUNDRMFAST, 10-Sep-2026,1226.0,1347.2,1226.0,1256.1,1219.4,2102293,27103.05,110411,296754.0,14.12
SUNDROP, 10-Sep-2026,668.5,685.0,662.05,669.15,668.1,37446,252.17,809,25915.0,69.21
SUNFLAG, 10-Sep-2026,330.0,347.0,330.0,345.4,331.35,295191,1006.96,5329,150375.0,50.94
SUNLITE, 10-Sep-2026,666.0,718.0,666.0,705.5,655.55,114600,798.37,325,80100.0,69.9
SUNLOC, 10-Sep-2026,78.78,78.78,75.5,75.5,78.0,173,0.14,5,173.0,100.0
SUNPHARMA, 10-Sep-2026,1865.9,1875.3,1840.5,1861.0,1864.9,1178648,21833.55,38199,780836.0,66.25
SUNRAKSHAK, 10-Sep-2026,374.0,376.95,373.0,375.55,372.7,11408,42.78,198,9005.0,78.94
SUNREST, 10-Sep-2026,37.2,37.2,37.2,37.2,39.45,1600,0.6,1,1600.0,100.0
SUNSHIEL, 10-Sep-2026,1240.0,1251.8,1204.1,1231.7,1225.3,3247,40.02,322,2528.0,77.86
SUNSHINE, 10-Sep-2026,485.0,522.0,483.65,509.7,481.2,2019949,10288.05,35417,336683.0,16.67
SUNTECH, 10-Sep-2026,39.7,39.95,39.7,39.95,39.15,6400,2.54,4,6400.0,100.0
SUNTECK, 10-Sep-2026,293.95,293.95,288.0,289.8,291.7,102409,297.87,3668,47440.0,46.32
SUNTV, 10-Sep-2026,451.0,459.8,450.3,455.55,449.3,289944,1323.78,15271,128062.0,44.17
SUPERHOUSE, 10-Sep-2026,183.0,186.7,168.15,171.67,180.05,37503,65.27,697,26487.0,70.63
SUPRAJIT, 10-Sep-2026,486.85,505.0,481.05,500.3,485.45,143145,710.63,8036,89637.0,62.62
SUPREME, 10-Sep-2026,35.0,35.82,34.32,34.7,35.17,38829,13.63,825,14609.0,37.62
SUPREMEIND, 10-Sep-2026,3502.6,3512.2,3477.1,3510.0,3516.9,54496,1907.93,9022,29171.0,53.53
SUPREMEINF, 10-Sep-2026,86.56,92.25,83.05,88.73,85.54,288397,255.57,3379,127770.0,44.3
SUPREMEPWR, 10-Sep-2026,226.05,226.05,220.75,222.1,226.75,42500,94.75,70,34500.0,81.18
SUPRIYA, 10-Sep-2026,912.0,933.15,902.8,917.45,911.4,244416,2244.18,15643,93393.0,38.21
SURAJEST, 10-Sep-2026,170.0,179.47,170.0,177.0,169.91,362659,636.74,4695,224959.0,62.03
SURAJLTD, 10-Sep-2026,200.0,204.79,198.0,200.66,204.06,3232,6.41,38,3101.0,95.95
SURAKSHA, 10-Sep-2026,338.35,338.35,325.65,327.85,335.65,44852,149.05,3010,24706.0,55.08
SURANASOL, 10-Sep-2026,25.76,25.98,25.2,25.63,25.78,15426,3.96,322,13034.0,84.49
SURANAT&P, 10-Sep-2026,16.15,16.3,16.0,16.05,16.24,37061,5.96,487,29175.0,78.72
SURANI, 10-Sep-2026,96.0,96.0,90.5,96.0,96.0,600,0.57,3,600.0,100.0
SURYALA, 10-Sep-2026,418.95,418.95,395.1,398.55,401.05,981,4.02,30,448.0,45.67
SURYALAXMI, 10-Sep-2026,58.5,59.49,57.8,58.12,58.21,1209,0.7,67,1055.0,87.26
SURYAROSNI, 10-Sep-2026,218.8,221.49,215.55,216.05,219.57,322557,703.84,7517,184036.0,57.06
SURYODAY, 10-Sep-2026,153.0,153.9,150.5,151.06,153.42,132570,201.3,2687,72954.0,55.03
SUVEN, 10-Sep-2026,357.75,366.7,357.75,360.7,357.5,297186,1075.07,10974,126309.0,42.5
SUVIDHAA, 10-Sep-2026,2.49,2.49,2.31,2.41,2.41,164465,3.98,271,134553.0,81.81
SUYOG, 10-Sep-2026,691.0,700.0,662.2,669.4,689.35,27272,186.45,2090,15049.0,55.18
SUZLON, 10-Sep-2026,45.44,45.68,44.1,44.22,45.45,43668900,19563.7,87382,19878556.0,45.52
SVGLOBAL, 10-Sep-2026,150.33,150.35,140.7,140.8,147.65,711,1.01,60,582.0,81.86
SVPGLOB, 10-Sep-2026,3.67,3.67,3.37,3.42,3.5,18905,0.66,108,17825.0,94.29
SWANCORP, 10-Sep-2026,276.7,315.35,274.5,298.15,277.65,53152302,161571.69,381593,2818234.0,5.3
SWARAJENG, 10-Sep-2026,3594.3,3600.0,3541.6,3551.0,3594.3,7542,269.07,1732,5399.0,71.59
SWARNSAR, 10-Sep-2026,41.7,44.0,39.0,41.61,40.78,75776,31.62,686,52139.0,68.81
SWASTIK, 10-Sep-2026,17.5,17.5,17.5,17.5,18.05,1200,0.21,1,1200.0,100.0
SWELECTES, 10-Sep-2026,576.4,581.55,563.0,568.15,576.6,11018,62.98,963,5462.0,49.57
SWIGGY, 10-Sep-2026,284.1,284.45,278.6,279.0,282.75,11468920,32250.26,43440,5474539.0,47.73
SWSOLAR, 10-Sep-2026,182.1,192.5,181.2,182.65,182.03,2401702,4451.33,31913,652301.0,27.16
SYMBIOTEC, 10-Sep-2026,1142.0,1193.7,1115.35,1138.95,1133.7,2805864,32508.21,132502,583626.0,20.8
SYMPHONY, 10-Sep-2026,609.05,617.9,602.0,606.95,618.6,96158,586.15,5228,29970.0,31.17
SYNCOMF, 10-Sep-2026,20.25,20.28,19.06,19.26,20.14,8403583,1639.15,14650,2694149.0,32.06
SYNGENE, 10-Sep-2026,390.0,390.0,383.0,384.0,386.8,187712,723.2,9239,99935.0,53.24
SYRMA, 10-Sep-2026,1616.0,1639.9,1594.0,1598.8,1622.4,738911,11909.91,33413,239824.0,32.46
SYSTANGO, 10-Sep-2026,220.1,233.5,220.1,225.0,222.45,6000,13.52,15,4400.0,73.33
TAALTECH, 10-Sep-2026,4889.9,5260.0,4850.0,5198.7,4886.6,24471,1236.23,4719,13769.0,56.27
TAC, 10-Sep-2026,464.8,478.1,445.6,469.2,457.1,41600,192.7,176,35600.0,85.58
TAINWALCHM, 10-Sep-2026,209.0,213.5,207.0,210.02,209.11,3826,8.04,69,3171.0,82.88
TAJGVK, 10-Sep-2026,332.15,347.7,330.05,342.6,332.15,188257,636.76,3645,78172.0,41.52
TAKE, 10-Sep-2026,16.78,16.78,16.78,16.78,15.99,44087,7.4,98,43287.0,98.19
TALBROAUTO, 10-Sep-2026,417.35,422.9,415.0,420.2,420.45,72274,302.42,2654,34706.0,48.02
TANAA, 10-Sep-2026,277.7,279.0,243.25,251.5,272.75,64866,166.95,2179,46919.0,72.33
TANKUP, 10-Sep-2026,1621.7,1621.7,1621.7,1621.7,1589.95,3500,56.76,11,3500.0,100.0
TANLA, 10-Sep-2026,509.4,518.0,501.2,503.85,509.3,273285,1390.56,9744,125869.0,46.06
TARACHAND, 10-Sep-2026,47.95,47.95,46.8,47.24,47.05,59324,27.99,1543,25342.0,42.72
TARAPUR, 10-Sep-2026,13.08,13.21,12.11,12.74,12.95,23544,2.97,211,12281.0,52.16
TARC, 10-Sep-2026,130.0,132.49,128.0,128.56,129.78,496359,643.65,3399,323054.0,65.08
TARIL, 10-Sep-2026,297.5,299.25,288.85,289.95,296.9,1129752,3298.46,22306,670250.0,59.33
TARMAT, 10-Sep-2026,60.99,62.4,59.3,60.66,59.71,27556,16.81,900,10972.0,39.82
TARSONS, 10-Sep-2026,316.0,333.9,311.35,317.65,321.35,136445,439.56,4467,33880.0,24.83
TASTYBITE, 10-Sep-2026,9809.0,10368.0,9734.0,10201.0,9824.0,6020,611.91,1913,2642.0,43.89
TATACAP, 10-Sep-2026,362.0,365.55,360.65,363.15,363.0,664000,2411.45,19323,380771.0,57.35
TATACHEM, 10-Sep-2026,603.05,617.05,603.05,610.55,603.05,692580,4229.63,22373,219057.0,31.63
TATACOMM, 10-Sep-2026,1760.0,1782.0,1753.7,1764.4,1772.8,187640,3317.73,23786,101257.0,53.96
TATACONSUM, 10-Sep-2026,1004.0,1005.6,992.5,999.6,1001.0,1001929,10020.76,44521,628362.0,62.72
TATAELXSI, 10-Sep-2026,3384.0,3456.9,3370.0,3409.0,3383.0,208936,7138.65,19931,48185.0,23.06
TATAGOLD, 10-Sep-2026,14.88,14.92,14.82,14.83,14.79,42926312,6382.87,65667,15435322.0,35.96
TATAINVEST, 10-Sep-2026,620.0,679.4,620.0,645.15,618.8,8165222,53408.84,222344,438898.0,5.38
TATAPOWER, 10-Sep-2026,369.7,369.7,363.95,367.0,370.0,2896528,10617.74,34738,1239414.0,42.79
TATASTEEL, 10-Sep-2026,189.0,189.0,185.0,186.78,188.75,23334612,43537.85,105406,12722193.0,54.52
TATATECH, 10-Sep-2026,789.9,803.0,773.0,779.05,787.65,739884,5826.77,32188,234205.0,31.65
TATSILV, 10-Sep-2026,22.97,22.99,22.66,22.69,22.6,39043618,8927.43,40672,15079639.0,38.62
TATVA, 10-Sep-2026,1692.0,1750.0,1650.3,1659.2,1688.4,96077,1639.38,12152,33958.0,35.34
TAURIAN, 10-Sep-2026,459.05,470.0,459.05,463.5,468.0,7200,33.47,9,6400.0,88.89
TBI, 10-Sep-2026,71.9,85.0,71.4,82.65,71.9,338400,268.41,384,246000.0,72.7
TBOTEK, 10-Sep-2026,1710.1,1715.2,1666.0,1671.6,1721.1,100199,1683.09,12208,44736.0,44.65
TBZ, 10-Sep-2026,511.0,542.9,501.25,501.25,527.6,1594014,8184.77,20472,684761.0,42.96
TCC, 10-Sep-2026,52.2,58.97,51.81,53.62,51.5,56803097,32040.38,186318,1339325.0,2.36
TCI, 10-Sep-2026,867.45,872.9,853.0,856.9,867.95,21739,187.51,3836,12710.0,58.47
TCIEXP, 10-Sep-2026,537.4,542.45,532.35,535.4,540.05,15584,83.81,881,8743.0,56.1
TCL, 10-Sep-2026,113.0,114.0,107.0,113.2,113.8,60000,66.4,65,45600.0,76.0
TCPLPACK, 10-Sep-2026,3822.0,3950.0,3822.0,3856.1,3819.7,9504,367.44,1691,4591.0,48.31
TCS, 10-Sep-2026,2199.0,2232.0,2190.6,2204.1,2208.0,2490912,54931.46,79204,1244751.0,49.97
TDPOWERSYS, 10-Sep-2026,756.0,772.0,748.25,762.75,755.1,1289222,9799.78,51035,608217.0,47.18
TEAMGTY, 10-Sep-2026,242.89,242.89,235.0,235.32,238.43,977,2.3,27,875.0,89.56
TEAMLEASE, 10-Sep-2026,1265.6,1280.5,1251.2,1253.9,1281.5,11448,144.98,2137,7492.0,65.44
TEAMTECH, 10-Sep-2026,135.0,135.0,131.05,131.05,137.9,78000,102.49,34,68000.0,87.18
TECH, 10-Sep-2026,31.76,32.12,31.51,31.7,31.76,19988,6.34,217,16496.0,82.53
TECHD, 10-Sep-2026,510.0,610.0,510.0,601.4,508.65,60300,348.53,175,39300.0,65.17
TECHERA, 10-Sep-2026,150.1,153.7,148.0,149.3,153.1,58400,88.14,72,43200.0,73.97
TECHLABS, 10-Sep-2026,131.5,134.05,130.0,134.05,127.7,12500,16.68,68,11250.0,90.0
TECHM, 10-Sep-2026,1511.9,1544.7,1498.1,1525.8,1508.0,1405653,21451.15,50917,477907.0,34.0
TECHNOCRAF, 10-Sep-2026,410.0,453.0,410.0,439.4,409.0,4534860,19931.21,80325,721700.0,15.91
TECHNOE, 10-Sep-2026,991.0,1012.7,975.1,977.85,985.3,258265,2576.67,17985,118967.0,46.06
TECHNVISN, 10-Sep-2026,4950.0,4950.0,4682.5,4808.0,4928.5,135,6.48,62,88.0,65.19
TECILCHEM, 10-Sep-2026,9.98,9.98,9.35,9.43,9.52,11648,1.1,39,10205.0,87.61
TEGA, 10-Sep-2026,1700.9,1780.6,1692.0,1721.6,1678.3,1131990,19807.88,62410,204531.0,18.07
TEJA, 10-Sep-2026,236.0,243.45,235.0,236.05,237.05,8400,19.99,13,5400.0,64.29
TEJASNET, 10-Sep-2026,575.9,592.05,546.35,549.8,575.9,4076904,23025.05,68323,1146825.0,28.13
TEMBO, 10-Sep-2026,57.05,57.89,57.0,57.12,57.45,345675,197.86,1918,157172.0,45.47
TEMPSENS, 10-Sep-2026,600.0,602.4,575.8,581.3,588.65,2165254,12721.01,38391,510862.0,23.59
TENNIND, 10-Sep-2026,517.0,526.65,517.0,519.25,518.4,601567,3138.75,58726,337491.0,56.1
TERAI, 10-Sep-2026,129.99,129.99,124.0,125.85,123.31,546,0.69,14,416.0,76.19
TERASOFT, 10-Sep-2026,256.0,263.8,250.4,253.55,255.4,14181,36.46,1010,7356.0,51.87
TEXINFRA, 10-Sep-2026,113.79,116.78,113.51,114.21,115.23,277127,318.86,2777,101972.0,36.8
TEXMOPIPES, 10-Sep-2026,58.3,61.9,55.8,56.44,57.59,789095,466.04,5788,289536.0,36.69
TEXRAIL, 10-Sep-2026,115.5,119.8,115.31,117.77,115.16,3303257,3909.8,28541,969386.0,29.35
TFCILTD, 10-Sep-2026,141.77,144.18,141.0,143.17,141.69,4319155,6147.89,15938,1773005.0,41.05
TFL, 10-Sep-2026,12.74,12.74,12.0,12.11,11.92,3804,0.47,41,2034.0,53.47
TGBHOTELS, 10-Sep-2026,10.17,10.17,9.57,9.86,9.82,7344,0.73,65,4253.0,57.91
TGL, 10-Sep-2026,16.75,16.75,16.75,16.75,17.05,600,0.1,3,600.0,100.0
TGVSL, 10-Sep-2026,106.52,110.0,105.6,107.45,106.92,158109,170.19,2054,82719.0,52.32
THAKDEV, 10-Sep-2026,138.5,139.0,132.0,138.99,138.5,745,0.99,48,679.0,91.14
THANGAMAYL, 10-Sep-2026,5129.0,5178.0,5031.5,5081.5,5118.0,90183,4609.32,13012,35878.0,39.78
THEINVEST, 10-Sep-2026,99.2,100.0,96.5,97.34,97.46,5406,5.33,148,3452.0,63.85
THEJO, 10-Sep-2026,2140.7,2220.0,2140.7,2197.4,2150.1,8107,177.24,980,5311.0,65.51
THELEELA, 10-Sep-2026,535.75,557.0,530.0,554.15,531.45,343941,1886.56,22387,128076.0,37.24
THEMISMED, 10-Sep-2026,132.71,134.0,131.5,132.07,132.71,80188,106.11,1347,46308.0,57.75
THERMAX, 10-Sep-2026,3632.1,3719.8,3625.3,3645.4,3638.6,112142,4113.88,22224,50930.0,45.42
THESL, 10-Sep-2026,13.9,13.9,13.9,13.9,14.6,6000,0.83,2,3000.0,50.0
THOMASCOOK, 10-Sep-2026,109.2,110.9,107.71,108.35,109.13,494762,539.73,6062,192793.0,38.97
THOMASCOTT, 10-Sep-2026,252.0,260.9,238.35,243.9,250.6,124120,310.81,3579,86076.0,69.35
THYROCARE, 10-Sep-2026,568.9,569.55,553.65,557.7,566.85,303873,1698.58,24364,182829.0,60.17
TI, 10-Sep-2026,529.5,549.35,528.6,535.75,530.9,370739,2001.98,25474,170048.0,45.87
TIGERLOGS, 10-Sep-2026,27.58,27.88,27.36,27.73,27.36,64523,17.88,408,42297.0,65.55
TIIL, 10-Sep-2026,3170.0,3202.2,3099.9,3157.1,3170.2,44509,1407.42,8630,24563.0,55.19
TIINDIA, 10-Sep-2026,2670.0,2674.5,2632.5,2652.0,2678.3,174561,4625.86,13857,105093.0,60.2
TIMETECHNO, 10-Sep-2026,184.6,187.44,183.0,184.87,184.99,2051244,3789.84,22604,823612.0,40.15
TIMEX, 10-Sep-2026,625.0,638.65,618.3,627.1,623.35,232843,1465.68,15466,105446.0,45.29
TIMKEN, 10-Sep-2026,3189.3,3321.0,3120.0,3297.2,3173.4,72555,2368.4,15566,31104.0,42.87
TINNARUBR, 10-Sep-2026,1051.0,1055.9,1020.15,1028.6,1047.9,40611,419.08,3517,21948.0,54.04
TIPSFILMS, 10-Sep-2026,329.85,331.95,326.0,327.4,326.65,1392,4.58,133,778.0,55.89
TIPSMUSIC, 10-Sep-2026,658.55,674.4,644.05,658.4,650.8,528038,3492.19,35011,256969.0,48.66
TIRUMALCHM, 10-Sep-2026,158.84,163.7,157.0,157.52,157.81,474593,756.47,7670,215060.0,45.31
TITAGARH, 10-Sep-2026,878.0,901.8,855.6,859.2,876.35,970891,8555.74,44156,332896.0,34.29
TITAN, 10-Sep-2026,5000.5,5021.0,4974.5,5021.0,5005.0,336565,16846.46,27454,198808.0,59.07
TMB, 10-Sep-2026,927.0,928.45,918.5,923.65,922.25,51371,474.34,4582,22000.0,42.83
TMCV, 10-Sep-2026,444.0,445.2,437.5,439.25,444.95,4477525,19725.48,86957,2287723.0,51.09
TMPV, 10-Sep-2026,303.0,304.0,300.05,300.5,303.0,7512877,22660.1,75555,3440392.0,45.79
TNIDETF, 10-Sep-2026,88.42,90.0,88.0,88.6,88.43,80115,70.84,472,44937.0,56.09
TNPETRO, 10-Sep-2026,137.86,139.69,132.14,133.14,137.6,854501,1159.04,10631,296170.0,34.66
TNPL, 10-Sep-2026,156.58,158.49,153.5,154.03,155.34,364842,568.51,8442,144381.0,39.57
TNTELE, 10-Sep-2026,8.93,9.03,8.81,8.94,8.89,26707,2.39,113,12562.0,47.04
TOKYOPLAST, 10-Sep-2026,78.0,78.0,75.15,76.81,74.65,353,0.27,12,246.0,69.69
TOLINS, 10-Sep-2026,91.2,92.86,90.7,90.96,91.45,31876,29.08,632,25286.0,79.33
TOP100CASE, 10-Sep-2026,10.45,10.45,10.3,10.31,10.37,827470,85.67,1464,598488.0,72.33
TOP10ADD, 10-Sep-2026,85.46,85.46,84.8,84.89,85.46,732020,622.98,914,608492.0,83.13
TOP15IETF, 10-Sep-2026,9.57,9.81,9.52,9.56,9.57,213037,20.37,401,160624.0,75.4
TOP20, 10-Sep-2026,8.67,8.68,8.65,8.65,8.67,26579,2.3,129,26541.0,99.86
TORNTPHARM, 10-Sep-2026,5000.0,5000.0,4921.0,4930.0,4930.0,190249,9416.69,19169,102858.0,54.06
TORNTPOWER, 10-Sep-2026,1305.7,1309.3,1287.8,1296.3,1305.7,110609,1431.24,12847,47927.0,43.33
TOUCHWOOD, 10-Sep-2026,62.4,63.0,61.13,61.16,61.0,1415,0.88,37,1088.0,76.89
TOYAMSL, 10-Sep-2026,0.67,0.68,0.63,0.63,0.65,2174611,14.48,439,771671.0,35.49
TPLPLASTEH, 10-Sep-2026,68.68,68.99,67.33,68.2,68.03,129788,88.7,1064,41569.0,32.03
TRACXN, 10-Sep-2026,29.15,29.44,28.0,28.61,29.15,267220,76.85,1158,228972.0,85.69
TRANSCOR, 10-Sep-2026,25.86,27.0,25.05,25.05,25.95,6327,1.65,57,4144.0,65.5
TRANSRAILL, 10-Sep-2026,424.0,424.9,417.55,419.2,424.05,357838,1504.42,10712,193029.0,53.94
TRANSTEEL, 10-Sep-2026,76.1,83.5,75.5,80.65,76.6,176000,141.72,119,114000.0,64.77
TRAVELFOOD, 10-Sep-2026,1298.0,1298.0,1278.1,1285.9,1298.6,16562,213.35,2153,8262.0,49.89
TREEHOUSE, 10-Sep-2026,5.96,6.29,5.9,5.95,5.94,13053,0.78,105,9230.0,70.71
TREJHARA, 10-Sep-2026,149.4,149.8,145.0,145.33,147.76,7570,11.15,272,5538.0,73.16
TREL, 10-Sep-2026,27.39,27.53,26.7,26.94,26.99,70457,19.02,3475,52779.0,74.91
TRENT, 10-Sep-2026,2811.0,2835.0,2800.0,2818.7,2820.0,503802,14170.32,32893,288301.0,57.23
TRF, 10-Sep-2026,229.4,232.0,218.35,220.8,228.79,27500,61.52,647,14684.0,53.4
TRIDENT, 10-Sep-2026,23.82,23.96,23.5,23.59,23.79,2209137,523.22,11013,1033984.0,46.8
TRIDHYA, 10-Sep-2026,6.9,6.95,6.85,6.95,7.15,12000,0.83,3,12000.0,100.0
TRIGYN, 10-Sep-2026,58.4,59.39,56.2,57.03,57.39,31717,18.45,677,16695.0,52.64
TRITONV, 10-Sep-2026,1140.6,1155.0,1121.6,1133.3,1140.6,3031,34.55,452,2205.0,72.75
TRITURBINE, 10-Sep-2026,565.1,574.45,555.1,560.85,565.05,1145463,6445.93,135045,693905.0,60.58
TRIVENI, 10-Sep-2026,268.5,273.0,263.0,263.95,268.8,411213,1094.31,8904,186772.0,45.42
TRU, 10-Sep-2026,4.33,4.33,4.13,4.28,4.18,85955,3.66,242,64559.0,75.11
TRUALT, 10-Sep-2026,423.05,424.05,414.35,419.65,421.15,92623,387.31,2644,48285.0,52.13
TRUST, 10-Sep-2026,27.55,27.75,25.0,27.0,28.05,47400,12.61,47,39000.0,82.28
TSC, 10-Sep-2026,52.25,52.25,51.5,52.25,49.8,84000,43.88,32,84000.0,100.0
TSFINV, 10-Sep-2026,422.1,444.3,420.6,441.15,422.9,183455,800.52,10319,81200.0,44.26
TTKHLTCARE, 10-Sep-2026,1190.6,1193.3,1117.0,1134.4,1184.0,64448,736.22,6728,32839.0,50.95
TTKPRESTIG, 10-Sep-2026,545.0,547.55,536.6,540.2,541.35,31877,172.79,3141,15851.0,49.73
TTL, 10-Sep-2026,6.84,6.99,6.41,6.73,6.84,375671,24.95,652,182512.0,48.58
TTML, 10-Sep-2026,36.14,36.64,35.9,35.91,36.13,1248091,450.36,5833,691216.0,55.38
TUNWAL, 10-Sep-2026,24.3,25.1,24.3,24.7,25.25,22000,5.45,9,14000.0,63.64
TURTLEMINT, 10-Sep-2026,135.59,137.0,130.2,131.84,134.62,894619,1194.5,10645,292519.0,32.7
TUTIALKA, 10-Sep-2026,57.15,59.45,56.25,58.48,58.38,22118,12.75,127,15412.0,69.68
TVSELECT, 10-Sep-2026,411.1,417.2,409.0,410.45,414.85,15852,65.21,1269,8294.0,52.32
TVSHLTD, 10-Sep-2026,13119.0,13250.0,13000.0,13134.0,13119.0,3702,486.29,1712,1561.0,42.17
TVSMOTOR, 10-Sep-2026,4151.1,4184.8,4098.7,4121.5,4151.1,550990,22768.19,44740,337362.0,61.23
TVSSCS, 10-Sep-2026,124.6,130.39,123.0,128.73,124.65,952295,1206.37,11616,535068.0,56.19
TVSSRICHAK, 10-Sep-2026,5169.0,5287.5,5118.0,5222.5,5169.0,5894,307.43,1629,2377.0,40.33
TVTODAY, 10-Sep-2026,110.07,112.63,108.63,109.7,110.06,25559,28.11,391,18082.0,70.75
TWCGOLDETF, 10-Sep-2026,149.1,152.68,149.1,152.05,151.54,2212,3.36,115,2052.0,92.77
UBL, 10-Sep-2026,1260.4,1274.0,1253.6,1256.7,1266.7,43033,542.97,5759,21470.0,49.89
UCOBANK, 10-Sep-2026,23.99,24.2,23.76,23.93,23.98,3531333,846.51,15182,1564540.0,44.3
UDAYJEW, 10-Sep-2026,176.0,180.89,175.0,175.12,174.55,90402,161.52,1259,31281.0,34.6
UDS, 10-Sep-2026,206.0,215.13,203.0,214.07,207.42,328911,690.02,8656,153356.0,46.63
UEL, 10-Sep-2026,200.0,206.8,196.8,196.8,207.15,34173,68.15,471,16953.0,49.61
UFLEX, 10-Sep-2026,690.0,690.05,670.0,672.6,680.15,104598,707.56,3738,51604.0,49.34
UFO, 10-Sep-2026,63.74,63.9,63.0,63.08,63.13,6766,4.29,171,4848.0,71.65
UGARSUGAR, 10-Sep-2026,50.78,51.56,49.5,49.92,50.49,298195,150.61,2309,108033.0,36.23
UGROCAP, 10-Sep-2026,83.52,84.25,82.99,83.17,83.44,114156,95.3,1552,66762.0,58.48
UHTL, 10-Sep-2026,171.35,171.35,171.35,171.35,168.0,18000,30.84,6,18000.0,100.0
UJJIVANSFB, 10-Sep-2026,64.85,66.73,64.05,66.52,64.12,14339627,9460.52,48242,6608492.0,46.09
ULTRACEMCO, 10-Sep-2026,10896.0,10979.0,10858.0,10979.0,10900.0,270894,29604.69,34516,167707.0,61.91
ULTRAMAR, 10-Sep-2026,428.95,436.8,426.1,433.35,427.5,54884,236.94,3427,30280.0,55.17
UMA, 10-Sep-2026,16.5,17.5,16.5,17.5,16.8,8000,1.36,2,4000.0,50.0
UMESLTD, 10-Sep-2026,5.07,5.08,4.96,5.01,5.08,6984,0.35,59,6284.0,89.98
UMIYA-MRO, 10-Sep-2026,97.0,97.95,93.6,94.84,99.46,19475,18.66,433,12167.0,62.47
UNICHEMLAB, 10-Sep-2026,543.5,549.5,527.55,532.7,542.7,73010,392.57,4456,31216.0,42.76
UNIECOM, 10-Sep-2026,85.21,86.0,84.35,84.77,85.5,121873,103.41,1686,64017.0,52.53
UNIENTER, 10-Sep-2026,94.0,94.0,91.5,91.55,92.56,4203,3.88,112,3604.0,85.75
UNIHEALTH, 10-Sep-2026,706.0,728.0,706.0,724.95,720.0,15000,108.32,26,11500.0,76.67
UNIINFO, 10-Sep-2026,11.0,11.54,10.91,11.27,11.25,2330,0.26,21,1987.0,85.28
UNIMECH, 10-Sep-2026,1600.1,1602.3,1557.1,1568.1,1586.4,132067,2078.13,14922,58090.0,43.99
UNIONBANK, 10-Sep-2026,182.69,184.44,177.62,179.2,183.89,8544176,15446.42,42953,3449496.0,40.37
UNIONGOLD, 10-Sep-2026,148.05,150.45,148.05,149.35,149.0,3497,5.24,216,1231.0,35.2
UNIPARTS, 10-Sep-2026,900.0,910.0,889.95,893.85,894.05,208073,1873.99,14325,77160.0,37.08
UNITDSPR, 10-Sep-2026,1405.2,1416.1,1391.4,1400.0,1405.2,432902,6083.18,20278,293815.0,67.87
UNITECH, 10-Sep-2026,3.92,4.31,3.92,4.22,3.92,17405158,739.43,5091,8920059.0,51.25
UNITEDPOLY, 10-Sep-2026,43.0,44.0,42.3,43.07,42.93,88234,38.07,520,65986.0,74.79
UNITEDTEA, 10-Sep-2026,439.9,444.75,435.0,435.8,439.9,5789,25.32,167,5619.0,97.06
UNIVCABLES, 10-Sep-2026,1545.5,1577.2,1522.8,1556.9,1543.6,65126,1007.71,5407,27372.0,42.03
UNOMINDA, 10-Sep-2026,1239.4,1241.0,1218.2,1224.8,1229.0,474437,5815.68,24061,293941.0,61.96
UPHOT, 10-Sep-2026,1360.0,1450.0,1360.0,1428.0,1400.0,259,3.62,21,248.0,95.75
UPL, 10-Sep-2026,578.0,578.6,572.5,575.3,575.7,1242223,7157.72,16351,799693.0,64.38
URBAN, 10-Sep-2026,125.0,127.3,122.7,123.0,125.25,7200,8.96,9,4800.0,66.67
URBANCO, 10-Sep-2026,171.5,173.0,163.6,164.56,171.59,6694497,11180.17,54316,2347188.0,35.06
URJA, 10-Sep-2026,9.1,9.14,8.99,9.0,9.05,505944,45.7,1773,379314.0,74.97
USASEEDS, 10-Sep-2026,87.5,91.8,87.5,90.5,92.1,2996,2.71,6,2568.0,85.71
USHAFIN, 10-Sep-2026,48.7,50.0,48.7,50.0,50.0,4800,2.36,3,4800.0,100.0
USHAMART, 10-Sep-2026,495.0,497.4,490.25,495.75,498.65,781944,3858.02,31152,498281.0,63.72
USK, 10-Sep-2026,21.49,21.49,20.42,20.56,20.86,32729,6.74,151,26439.0,80.78
UTIAMC, 10-Sep-2026,894.0,923.0,890.0,921.45,900.9,208731,1909.95,16062,111195.0,53.27
UTKAL, 10-Sep-2026,46.0,46.1,45.8,46.0,44.25,26000,11.96,12,22000.0,84.62
UTKARSHBNK, 10-Sep-2026,15.75,15.9,14.01,14.8,15.9,53894436,7945.95,61234,17667380.0,32.78
UTLSOLAR, 10-Sep-2026,454.65,458.25,437.0,441.25,451.5,198307,878.79,13384,88921.0,44.84
UTSSAV, 10-Sep-2026,485.0,520.0,480.1,515.2,487.35,126000,620.86,112,109800.0,87.14
UTTAMSUGAR, 10-Sep-2026,285.6,287.0,278.2,282.4,283.75,179791,506.53,5614,58835.0,32.72
UWCSL, 10-Sep-2026,122.45,122.45,122.45,122.45,122.0,1000,1.22,1,1000.0,100.0
V2RETAIL, 10-Sep-2026,219.0,220.5,217.11,218.13,219.67,528322,1155.94,13031,294165.0,55.68
VADILALIND, 10-Sep-2026,7436.5,7521.0,7161.0,7256.5,7462.0,18654,1375.43,5186,10723.0,57.48
VADILENT, 10-Sep-2026,10400.0,10401.0,10400.0,10400.0,10401.0,105,10.92,12,105.0,100.0
VAIBHAVGBL, 10-Sep-2026,213.5,221.79,213.0,215.96,214.25,257975,559.91,7337,106239.0,41.18
VAISHALI, 10-Sep-2026,8.3,8.69,8.01,8.57,8.14,204884,17.15,358,147256.0,71.87
VAKRANGEE, 10-Sep-2026,5.5,5.55,5.4,5.47,5.52,939918,51.51,1779,600057.0,63.84
VAL30IETF, 10-Sep-2026,15.04,15.14,15.02,15.06,15.05,110430,16.65,405,58406.0,52.89
VALUE, 10-Sep-2026,16.08,16.13,16.0,16.04,16.06,15691,2.52,61,8291.0,52.84
VALUE360, 10-Sep-2026,70.95,70.95,70.95,70.95,71.3,2400,1.7,1,2400.0,100.0
VALUEAXIS, 10-Sep-2026,32.73,32.86,32.16,32.54,32.73,122454,39.88,304,66155.0,54.02
VAML, 10-Sep-2026,445.8,449.6,436.1,437.05,445.3,4113436,18120.54,57015,2801372.0,68.1
VARDMNPOLY, 10-Sep-2026,6.03,6.06,5.91,5.94,5.91,130934,7.84,233,81533.0,62.27
VARROC, 10-Sep-2026,842.35,889.95,842.35,884.4,839.4,1468228,12871.55,69875,400494.0,27.28
VASCONEQ, 10-Sep-2026,29.68,30.33,29.65,30.15,29.7,225491,67.84,981,138403.0,61.38
VASUPRADA, 10-Sep-2026,103.0,103.0,103.0,103.0,103.0,51,0.05,3,51.0,100.0
VASWANI, 10-Sep-2026,46.52,47.21,46.0,46.41,45.75,33025,15.42,131,30736.0,93.07
VBL, 10-Sep-2026,409.0,415.5,405.35,410.5,407.0,7713560,31665.41,70602,3716766.0,48.18
VDEAL, 10-Sep-2026,138.5,138.5,130.05,132.0,138.5,14400,19.21,24,10200.0,70.83
VEDAVAAG, 10-Sep-2026,18.7,22.21,18.51,22.21,18.51,526243,111.96,822,350059.0,66.52
VEDL, 10-Sep-2026,273.75,275.1,268.8,269.05,272.5,4834991,13116.96,51285,2793244.0,57.77
VEDPOWER, 10-Sep-2026,34.39,34.5,33.81,33.96,34.28,10913217,3707.32,35199,5352139.0,49.04
VEEDOL, 10-Sep-2026,1442.4,1455.0,1432.5,1437.7,1437.0,5202,74.91,916,3332.0,64.05
VEEKAYEM, 10-Sep-2026,100.7,108.9,100.7,105.3,105.95,10000,10.48,13,7500.0,75.0
VENKEYS, 10-Sep-2026,1690.0,1740.0,1682.1,1706.7,1694.7,83868,1436.17,8210,36435.0,43.44
VENTIVE, 10-Sep-2026,558.3,573.95,558.3,569.8,569.7,49112,279.43,1544,39054.0,79.52
VENUSPIPES, 10-Sep-2026,1931.8,1992.2,1909.6,1949.1,1930.1,171606,3357.69,16261,66568.0,38.79
VERANDA, 10-Sep-2026,235.49,235.59,229.65,230.51,233.79,90890,210.72,1666,57160.0,62.89
VERTEXPLUS, 10-Sep-2026,63.35,66.25,63.35,66.25,63.35,3000,1.95,5,3000.0,100.0
VERTIS, 10-Sep-2026,116.0,116.0,116.0,116.0,116.65,75000,87.0,3,75000.0,100.0
VERTOZ, 10-Sep-2026,37.8,40.65,37.8,39.42,38.1,128888,50.81,772,84976.0,65.93
VESUVIUS, 10-Sep-2026,421.0,424.95,413.2,416.1,420.85,123836,517.97,7702,70452.0,56.89
VGCL, 10-Sep-2026,50.31,50.5,48.27,49.42,48.27,4211,2.08,76,3474.0,82.5
VGINFOTECH, 10-Sep-2026,149.3,149.3,146.0,147.5,146.15,9000,13.31,9,7000.0,77.78
VGL, 10-Sep-2026,56.7,58.31,54.5,57.78,54.77,279228,158.63,566,137537.0,49.26
VGUARD, 10-Sep-2026,327.9,331.7,324.3,328.75,326.95,389120,1276.48,13309,200087.0,51.42
VHL, 10-Sep-2026,3470.9,3549.9,3404.5,3443.0,3453.6,512,17.75,92,307.0,59.96
VIAZ, 10-Sep-2026,75.3,76.5,75.3,76.5,75.3,8000,6.08,4,8000.0,100.0
VICTORYEV, 10-Sep-2026,15.25,15.25,15.25,15.25,15.55,12000,1.83,4,12000.0,100.0
VIDHIING, 10-Sep-2026,347.45,349.9,338.1,338.9,350.2,17805,60.86,715,10730.0,60.26
VIDYAWIRES, 10-Sep-2026,90.33,91.5,89.31,90.21,89.76,700002,631.21,6468,312421.0,44.63
VIESL, 10-Sep-2026,405.0,408.9,394.5,404.4,399.15,14400,58.2,17,9600.0,66.67
VIGOR, 10-Sep-2026,117.0,119.8,115.0,115.0,117.0,28800,33.85,18,27200.0,94.44
VIJAYA, 10-Sep-2026,1495.0,1516.8,1494.7,1498.8,1498.9,87796,1320.64,10884,35446.0,40.37
VIJAYPD, 10-Sep-2026,62.0,62.0,62.0,62.0,63.0,2000,1.24,1,2000.0,100.0
VIJSOLX, 10-Sep-2026,642.5,652.0,611.0,625.9,642.5,1932,11.93,153,1747.0,90.42
VIKASECO, 10-Sep-2026,1.06,1.08,1.04,1.05,1.06,3504047,37.12,1016,2176473.0,62.11
VIKASLIFE, 10-Sep-2026,1.25,1.26,1.22,1.23,1.25,1778465,22.19,7278,987326.0,55.52
VIKRAMSOLR, 10-Sep-2026,167.38,168.3,165.1,165.61,166.59,960872,1598.53,7885,565526.0,58.86
VIKRAN, 10-Sep-2026,58.2,59.1,57.5,57.64,58.5,769420,447.21,4347,387147.0,50.32
VILAS, 10-Sep-2026,351.0,355.9,346.05,349.95,349.45,24500,85.95,76,20500.0,83.67
VILINBIO, 10-Sep-2026,56.8,59.35,56.8,58.95,57.85,20000,11.7,5,12000.0,60.0
VIMTALABS, 10-Sep-2026,625.1,641.25,625.1,634.95,628.15,104764,664.27,6399,42928.0,40.98
VINATIORGA, 10-Sep-2026,1330.0,1337.6,1308.0,1312.4,1334.4,42615,561.95,8186,25769.0,60.47
VINCOFE, 10-Sep-2026,179.0,183.0,176.18,176.93,178.4,3362417,6030.26,30769,1319213.0,39.23
VINDHYATEL, 10-Sep-2026,2930.0,2948.6,2800.1,2818.3,2916.4,61035,1745.66,8180,21179.0,34.7
VINEETLAB, 10-Sep-2026,37.14,37.65,35.5,35.79,37.14,61159,22.38,527,35678.0,58.34
VINNY, 10-Sep-2026,1.02,1.02,1.0,1.0,1.0,323408,3.26,127,303047.0,93.7
VINSYS, 10-Sep-2026,590.0,590.0,585.0,585.0,590.0,500,2.94,2,500.0,100.0
VINYAS, 10-Sep-2026,1598.0,1612.9,1532.05,1553.5,1592.45,8600,135.58,68,6100.0,70.93
VINYLINDIA, 10-Sep-2026,222.9,225.89,220.11,221.63,222.62,4739,10.58,397,3545.0,74.8
VIPCLOTHNG, 10-Sep-2026,21.86,22.43,20.65,21.26,21.47,103793,22.47,565,75457.0,72.7
VIPIND, 10-Sep-2026,305.2,307.85,300.3,301.55,305.0,348354,1054.24,4326,193296.0,55.49
VIRAT, 10-Sep-2026,432.35,460.35,432.35,450.35,450.2,13675,61.62,423,11661.0,85.27
VIRINCHI, 10-Sep-2026,14.15,14.25,14.02,14.16,14.17,55005,7.78,220,38090.0,69.25
VISACHROME, 10-Sep-2026,35.74,36.32,34.55,34.9,35.09,26010,9.12,258,21021.0,80.82
VISAKAIND, 10-Sep-2026,91.2,94.8,91.2,91.91,91.99,216486,201.29,2551,65242.0,30.14
VISAMAN, 10-Sep-2026,50.1,50.1,50.1,50.1,52.7,1000,0.5,1,1000.0,100.0
VISHAL, 10-Sep-2026,18.57,18.57,17.81,18.17,18.21,58458,10.6,353,37077.0,63.43
VISHNU, 10-Sep-2026,709.7,731.0,709.7,723.8,709.05,82846,598.41,4477,39079.0,47.17
VISHNUINFR, 10-Sep-2026,151.4,156.25,149.95,156.25,151.4,11000,16.6,10,10000.0,90.91
VISHWARAJ, 10-Sep-2026,5.75,5.79,5.61,5.62,5.66,346180,19.69,667,185585.0,53.61
VISHWAS, 10-Sep-2026,43.95,43.95,43.95,43.95,44.2,1600,0.7,1,1600.0,100.0
VISL, 10-Sep-2026,33.4,33.88,33.21,33.37,33.38,11464492,3838.73,29114,4698003.0,40.98
VITAL, 10-Sep-2026,56.99,57.99,52.69,55.96,55.46,24027,12.94,98,21914.0,91.21
VIVIANA, 10-Sep-2026,762.4,795.0,758.0,769.15,769.55,24002,186.04,1332,11316.0,47.15
VIVIDEL, 10-Sep-2026,1740.0,1914.95,1740.0,1888.05,1732.05,40560,756.72,157,24240.0,59.76
VIVIDHA, 10-Sep-2026,0.51,0.53,0.51,0.51,0.52,134051,0.7,131,110801.0,82.66
VIVO, 10-Sep-2026,151.05,151.05,151.05,151.05,151.05,3200,4.83,2,3200.0,100.0
VIVOBIOT, 10-Sep-2026,18.82,18.82,16.75,16.99,18.64,112181,19.31,542,92268.0,82.25
VIYASH, 10-Sep-2026,261.0,263.4,255.45,260.45,261.9,3107823,8080.87,29017,1657817.0,53.34
VLEGOV, 10-Sep-2026,10.32,10.56,9.83,9.87,10.34,229029,22.84,739,174606.0,76.24
VLINFRA, 10-Sep-2026,27.0,27.0,27.0,27.0,26.55,3000,0.81,2,3000.0,100.0
VLSFINANCE, 10-Sep-2026,245.22,248.4,243.61,244.68,246.31,7585,18.6,193,4705.0,62.03
VMARCIND, 10-Sep-2026,331.5,355.0,330.8,349.1,329.2,348000,1192.56,220,241500.0,69.4
VMART, 10-Sep-2026,805.0,825.0,800.1,817.8,821.2,60366,492.18,5296,20824.0,34.5
VMM, 10-Sep-2026,103.15,103.4,102.51,103.4,103.18,4752690,4887.67,21594,2100257.0,44.19
VMOBILE, 10-Sep-2026,56.0,58.1,56.0,58.1,55.35,12000,6.9,14,12000.0,100.0
VMSTMT, 10-Sep-2026,44.03,44.45,44.0,44.09,44.11,9836,4.34,140,7408.0,75.32
VOEPL, 10-Sep-2026,550.0,555.75,528.2,531.85,552.45,76519,413.34,3666,44982.0,58.79
VOGL, 10-Sep-2026,36.46,37.19,36.25,36.37,36.27,23606914,8652.03,38500,9582653.0,40.59
VOITHPAPR, 10-Sep-2026,1499.0,1499.0,1453.0,1484.7,1488.4,453,6.71,49,387.0,85.43
VOLERCAR, 10-Sep-2026,237.85,237.85,236.9,236.9,238.9,16000,37.99,2,16000.0,100.0
VOLTAMP, 10-Sep-2026,11110.0,11179.0,10872.0,10924.0,11069.0,19205,2111.19,5854,11672.0,60.78
VOLTAS, 10-Sep-2026,1142.5,1158.9,1131.4,1158.5,1143.8,517423,5938.67,23069,210855.0,40.75
VPRPL, 10-Sep-2026,35.0,39.0,34.7,37.12,35.11,2532059,940.33,10029,625514.0,24.7
VRAJ, 10-Sep-2026,125.43,129.0,122.06,126.31,124.5,20881,26.47,714,15406.0,73.78
VRLLOG, 10-Sep-2026,287.95,290.45,284.1,288.8,288.35,155343,448.07,7091,107316.0,69.08
VSCL, 10-Sep-2026,21.5,21.5,21.5,21.5,20.5,6000,1.29,2,6000.0,100.0
VSSL, 10-Sep-2026,365.6,423.85,363.0,392.0,362.75,8306199,33680.59,154436,756559.0,9.11
VSTIND, 10-Sep-2026,208.59,208.77,205.7,206.46,208.59,96791,200.18,4059,58661.0,60.61
VSTL, 10-Sep-2026,123.5,124.9,120.0,120.17,123.41,5743,7.0,259,4420.0,76.96
VSTTILLERS, 10-Sep-2026,4076.9,4120.3,4062.1,4081.3,4074.3,5896,240.95,1407,3652.0,61.94
VTL, 10-Sep-2026,580.1,587.6,572.35,575.6,583.0,287496,1659.65,18507,140611.0,48.91
VTMLTD, 10-Sep-2026,55.65,56.68,50.8,52.72,55.8,43596,23.42,359,37605.0,86.26
WAAREEENER, 10-Sep-2026,2570.0,2591.0,2530.8,2548.0,2568.0,629037,16038.12,41354,336347.0,53.47
WAAREEINDO, 10-Sep-2026,261.0,262.95,257.5,258.25,261.1,59046,152.98,1577,39203.0,66.39
WAAREERTL, 10-Sep-2026,830.2,841.65,830.0,833.85,833.5,94942,793.04,6604,41590.0,43.81
WABAG, 10-Sep-2026,2134.9,2224.3,2116.8,2211.8,2130.9,1260627,27577.69,58700,392917.0,31.17
WAKEFIT, 10-Sep-2026,153.82,155.43,151.84,152.44,152.64,510817,783.83,9837,219906.0,43.05
WALCHANNAG, 10-Sep-2026,212.0,214.99,207.41,208.92,211.78,264577,557.7,4880,117037.0,44.24
WANBURY, 10-Sep-2026,244.35,249.7,240.4,241.45,244.75,60101,146.9,2381,32302.0,53.75
WARDINMOBI, 10-Sep-2026,5.73,5.93,5.73,5.78,5.73,382818,22.32,780,243997.0,63.74
WATERBASE, 10-Sep-2026,47.17,48.05,46.51,46.55,47.17,7837,3.69,154,6143.0,78.38
WCIL, 10-Sep-2026,85.49,86.99,83.91,84.42,84.14,102129,86.86,1635,50040.0,49.0
WEALTH, 10-Sep-2026,839.9,853.0,823.9,839.3,848.35,1604,13.36,186,1071.0,66.77
WEBELSOLAR, 10-Sep-2026,78.99,79.35,75.1,75.39,78.36,1982685,1508.24,15302,1132176.0,57.1
WEIZMANIND, 10-Sep-2026,74.0,74.0,71.0,71.57,72.57,1984,1.42,59,1103.0,55.59
WEL, 10-Sep-2026,74.5,76.49,73.28,74.2,72.85,1202294,901.35,8911,534305.0,44.44
WELCORP, 10-Sep-2026,2614.0,2784.8,2606.5,2776.9,2608.5,4261554,116838.6,194622,924243.0,21.69
WELENT, 10-Sep-2026,790.0,802.0,780.1,797.95,782.85,305587,2423.68,10496,135609.0,44.38
WELSPLSOL, 10-Sep-2026,57.29,57.61,55.88,56.42,56.95,451059,255.91,3270,182514.0,40.46
WELSPUNLIV, 10-Sep-2026,210.28,213.2,208.49,210.5,210.28,1879096,3956.47,22735,641141.0,34.12
WENDT, 10-Sep-2026,8284.0,8939.0,8225.0,8669.5,8230.5,98896,8673.3,20821,29807.0,30.14
WESTLIFE, 10-Sep-2026,561.5,567.85,552.05,561.95,561.5,29578,165.51,2811,15820.0,53.49
WEWIN, 10-Sep-2026,42.05,43.2,42.05,42.99,42.05,1324,0.56,28,1323.0,99.92
WEWORK, 10-Sep-2026,672.05,686.0,667.6,676.95,674.7,114321,775.98,11342,64584.0,56.49
WHBRADY, 10-Sep-2026,484.0,488.0,480.0,480.5,484.0,14,0.07,7,10.0,71.43
WHEELS, 10-Sep-2026,2470.0,2498.0,2176.0,2313.0,2400.6,2648322,63430.89,162841,313722.0,11.85
WHIRLPOOL, 10-Sep-2026,795.15,800.75,788.75,795.65,795.0,113037,897.86,9475,50507.0,44.68
WILLAMAGOR, 10-Sep-2026,25.0,25.0,23.58,24.49,24.02,6072,1.46,50,5394.0,88.83
WINDLAS, 10-Sep-2026,1140.0,1157.0,1125.05,1129.4,1142.45,57449,655.24,5555,30231.0,52.62
WINDMACHIN, 10-Sep-2026,301.7,305.0,296.6,298.9,301.45,31335,94.39,1183,17800.0,56.81
WINSOL, 10-Sep-2026,113.45,113.45,109.75,111.0,113.45,2800,3.13,7,2800.0,100.0
WIPL, 10-Sep-2026,169.2,169.5,163.0,164.55,169.52,4170,6.9,81,3118.0,74.77
WIPRO, 10-Sep-2026,167.9,169.19,166.0,166.3,167.0,9586645,16006.79,77695,3985186.0,41.57
WOCKPHARMA, 10-Sep-2026,2250.0,2267.0,2197.0,2220.6,2248.8,693525,15496.46,38839,245765.0,35.44
WOMANCART, 10-Sep-2026,103.0,104.0,97.3,100.0,100.4,26000,26.1,41,23600.0,90.77
WONDERLA, 10-Sep-2026,519.0,521.45,517.15,519.05,517.1,17917,93.03,885,12861.0,71.78
WORTHPERI, 10-Sep-2026,151.32,151.32,148.05,149.96,151.93,6840,10.21,143,5921.0,86.56
WPIL, 10-Sep-2026,429.45,445.0,425.05,444.2,427.75,144403,635.36,4534,40711.0,28.19
WSI, 10-Sep-2026,60.47,60.47,57.61,58.83,59.11,29567,17.42,1066,15897.0,53.77
WSTCSTPAPR, 10-Sep-2026,668.6,714.8,667.1,710.1,667.55,528781,3712.65,21394,219556.0,41.52
WTICAB, 10-Sep-2026,101.55,102.9,100.95,101.8,102.5,22500,22.83,29,16000.0,71.11
XCHANGING, 10-Sep-2026,64.0,64.23,62.96,63.62,63.28,69094,43.94,867,42775.0,61.91
XELPMOC, 10-Sep-2026,77.5,78.5,74.0,76.21,77.47,17649,13.38,338,13986.0,79.25
XPROINDIA, 10-Sep-2026,1311.8,1311.8,1251.0,1265.5,1301.4,53097,682.23,4145,14674.0,27.64
XTGLOBAL, 10-Sep-2026,31.4,31.4,30.0,30.04,30.87,30411,9.3,423,18956.0,62.33
XTRANET, 10-Sep-2026,294.11,304.8,278.3,285.59,293.37,4898567,14299.4,74053,810014.0,16.54
YAAP, 10-Sep-2026,132.0,132.0,128.05,130.9,131.75,15000,19.52,15,10000.0,66.67
YASHO, 10-Sep-2026,3988.9,4049.5,3938.9,3960.0,3988.9,26451,1055.91,4896,13504.0,51.05
YASHOPTICS, 10-Sep-2026,117.95,120.0,116.25,116.25,115.0,10400,12.29,12,10400.0,100.0
YATHARTH, 10-Sep-2026,989.7,1005.7,970.5,977.2,989.7,249886,2471.58,16205,79026.0,31.62
YATRA, 10-Sep-2026,115.25,116.7,113.56,113.98,115.17,790965,907.15,8779,404693.0,51.16
YCCL, 10-Sep-2026,8.0,8.6,8.0,8.6,8.95,18000,1.53,5,18000.0,100.0
YESBANK, 10-Sep-2026,22.4,22.48,22.24,22.3,22.42,47990386,10724.23,54449,21175893.0,44.13
YOGI, 10-Sep-2026,169.0,169.0,155.0,155.37,161.94,180,0.29,19,120.0,66.67
YUDIZ, 10-Sep-2026,23.2,23.2,23.2,23.2,23.6,800,0.19,1,800.0,100.0
YUKEN, 10-Sep-2026,1079.7,1134.7,1061.3,1085.7,1067.7,120552,1319.83,8855,47183.0,39.14
ZAGGLE, 10-Sep-2026,176.76,185.85,176.13,183.93,177.06,2600981,4760.0,30215,806088.0,30.99
ZEAL, 10-Sep-2026,87.3,87.5,80.55,80.55,87.1,6000,4.97,9,6000.0,100.0
ZEEL, 10-Sep-2026,84.4,85.1,80.26,80.95,85.71,22803793,18715.58,79621,7377650.0,32.35
ZEEMEDIA, 10-Sep-2026,7.64,7.81,7.64,7.67,7.7,1117559,86.22,1405,550453.0,49.25
ZENITHDRUG, 10-Sep-2026,48.1,48.1,46.35,46.35,48.1,2400,1.14,3,1600.0,66.67
ZENITHEXPO, 10-Sep-2026,204.98,204.98,204.98,204.98,204.98,7,0.01,2,7.0,100.0
ZENITHSTL, 10-Sep-2026,6.45,6.45,5.6,5.99,6.06,144436,8.76,485,90275.0,62.5
ZENSARTECH, 10-Sep-2026,437.0,439.4,426.45,427.4,436.95,865424,3731.1,24748,367835.0,42.5
ZENTEC, 10-Sep-2026,1769.8,1771.9,1745.6,1749.9,1762.3,238930,4190.85,15284,92973.0,38.91
ZFCVINDIA, 10-Sep-2026,2468.9,2534.9,2448.0,2528.4,2469.9,81482,2035.14,14004,43182.0,53.0
ZFSTEERING, 10-Sep-2026,683.0,794.95,681.2,743.4,680.05,96970,726.65,5490,35721.0,36.84
ZIMLAB, 10-Sep-2026,133.35,144.49,133.35,136.43,133.35,458670,634.31,6506,142585.0,31.09
ZODIAC, 10-Sep-2026,232.3,235.0,230.0,230.88,233.46,6529,15.17,486,3838.0,58.78
ZODIACLOTH, 10-Sep-2026,71.75,71.99,68.0,70.42,71.03,8772,6.12,184,5204.0,59.33
ZOTA, 10-Sep-2026,1115.0,1118.8,1081.9,1099.5,1114.3,37277,411.05,1883,21029.0,56.41
ZSARACOM, 10-Sep-2026,11277.0,11277.0,10590.0,11190.0,11002.0,26,2.85,24,20.0,76.92
ZTECH, 10-Sep-2026,471.2,471.2,451.5,452.0,465.05,5400,24.75,18,3900.0,72.22
ZUARI, 10-Sep-2026,224.0,226.59,221.5,223.04,225.63,37607,84.33,1316,20018.0,53.23
ZUARIIND, 10-Sep-2026,273.4,276.4,270.8,271.5,273.55,33644,91.54,1078,17560.0,52.19
ZYDUSLIFE, 10-Sep-2026,1130.0,1136.3,1108.1,1117.8,1127.4,937267,10496.22,16027,557254.0,59.46
ZYDUSWELL, 10-Sep-2026,554.95,571.65,554.95,566.3,554.2,368281,2084.64,19569,135356.0,36.75
