SYMBOL,DATE1,OPEN_PRICE,HIGH_PRICE,LOW_PRICE,CLOSE_PRICE,PREV_CLOSE,TTL_TRD_QNTY,TURNOVER_LACS,NO_OF_TRADES,DELIV_QTY,DELIV_PER
1018GS2026, 03-Aug-2026,104.45,104.45,104.45,104.45,104.0,22,0.02,6,22.0,100.0
20MICRONS, 03-Aug-2026,193.03,199.8,192.5,196.03,192.46,173167,341.29,3859,75484.0,43.59
21STCENMGM, 03-Aug-2026,40.17,40.97,39.94,40.97,40.17,4003,1.64,55,4003.0,100.0
360ONE, 03-Aug-2026,1153.6,1158.5,1136.6,1147.8,1135.3,366010,4209.03,18019,142911.0,39.05
3BBLACKBIO, 03-Aug-2026,1247.1,1282.0,1231.2,1248.1,1247.1,4007,50.47,472,2128.0,53.11
3IINFOLTD, 03-Aug-2026,23.41,25.05,23.4,24.39,23.21,3449586,840.02,8011,1472318.0,42.68
3MINDIA, 03-Aug-2026,35170.0,36660.0,35020.0,35955.0,34615.0,6489,2325.37,3365,2420.0,37.29
3PLAND, 03-Aug-2026,33.0,33.0,31.45,31.63,31.7,2931,0.93,95,2439.0,83.21
574GS2026, 03-Aug-2026,101.45,101.45,101.45,101.45,101.17,4,0.0,1,4.0,100.0
579GS2030, 03-Aug-2026,97.2,97.2,97.2,97.2,96.5,1,0.0,1,1.0,100.0
591GS2028, 03-Aug-2026,98.34,99.0,98.34,98.45,98.33,22300,21.98,16,22100.0,99.1
5PAISA, 03-Aug-2026,353.75,356.2,350.4,353.25,348.6,16751,59.29,834,10458.0,62.43
601GS2030, 03-Aug-2026,99.5,99.5,99.5,99.5,99.5,1,0.0,1,1.0,100.0
613GS2028, 03-Aug-2026,99.4,99.4,99.4,99.4,99.8,2,0.0,1,2.0,100.0
622GS2035, 03-Aug-2026,98.85,98.85,98.85,98.85,98.55,3700,3.66,1,3700.0,100.0
628GS2032, 03-Aug-2026,98.65,98.65,98.65,98.65,97.5,190,0.19,1,190.0,100.0
636GS2031, 03-Aug-2026,102.2,102.2,102.2,102.2,102.3,100,0.1,2,100.0,100.0
63MOONS, 03-Aug-2026,941.25,957.95,882.0,897.05,931.4,2873773,26658.57,73300,397812.0,13.84
654GS2032, 03-Aug-2026,99.25,100.0,99.0,99.75,99.5,317500,314.59,10,317500.0,100.0
662GS2051, 03-Aug-2026,90.46,90.46,90.46,90.46,91.99,3,0.0,1,3.0,100.0
667GS2050, 03-Aug-2026,91.0,93.5,91.0,93.1,93.5,1747,1.63,12,1696.0,97.08
668GS2033, 03-Aug-2026,103.0,103.0,103.0,103.0,103.0,2,0.0,2,2.0,100.0
668GS2040, 03-Aug-2026,98.19,98.19,98.1,98.1,98.19,568,0.56,10,568.0,100.0
676GS2061, 03-Aug-2026,93.5,93.5,92.76,93.31,93.25,38452,35.89,27,29450.0,76.59
679GS2034, 03-Aug-2026,101.5,101.5,101.5,101.5,101.5,100,0.1,1,100.0,100.0
690GS2065, 03-Aug-2026,94.3,94.3,93.5,93.81,93.96,3517,3.29,13,3500.0,99.52
692GS2039, 03-Aug-2026,98.0,99.25,98.0,99.25,101.0,200,0.2,2,100.0,50.0
694GS2036, 03-Aug-2026,106.0,106.0,106.0,106.0,102.01,1,0.0,1,1.0,100.0
695GS2061, 03-Aug-2026,94.0,94.0,93.01,93.01,94.0,1006,0.95,6,1006.0,100.0
697GR2034, 03-Aug-2026,103.5,103.5,102.42,102.5,101.0,2501,2.58,7,2501.0,100.0
699GS2051, 03-Aug-2026,95.0,97.46,95.0,97.46,97.49,12,0.01,2,12.0,100.0
702GS2027, 03-Aug-2026,102.2,102.2,100.83,100.83,102.98,201,0.21,4,200.0,99.5
702GS2031, 03-Aug-2026,101.0,101.0,101.0,101.0,102.8,40,0.04,3,40.0,100.0
706GS2028, 03-Aug-2026,102.76,102.76,102.76,102.76,103.0,17,0.02,1,17.0,100.0
706GS2041, 03-Aug-2026,99.25,99.41,99.25,99.41,100.25,475,0.47,5,250.0,52.63
709GS2054, 03-Aug-2026,99.99,99.99,99.02,99.87,99.09,21392,21.2,16,21391.0,100.0
709GS2074, 03-Aug-2026,95.7,95.7,95.37,95.39,95.43,49036,46.78,41,48035.0,97.96
710GS2029, 03-Aug-2026,103.4,103.4,103.4,103.4,103.4,1909,1.97,21,1909.0,100.0
717GS2030, 03-Aug-2026,103.5,103.5,103.5,103.5,104.0,2700,2.79,2,2700.0,100.0
718GS2033, 03-Aug-2026,105.5,105.5,105.5,105.5,105.5,1225,1.29,1,1225.0,100.0
718GS2037, 03-Aug-2026,102.2,102.55,101.5,102.22,102.19,133171,135.93,21,131849.0,99.01
719GS2060, 03-Aug-2026,101.9,101.9,101.9,101.9,97.51,30,0.03,2,30.0,100.0
71GS2034, 03-Aug-2026,104.0,104.0,103.32,103.32,103.2,5800,6.01,7,4100.0,70.69
723GS2039, 03-Aug-2026,104.5,104.55,104.5,104.55,104.4,200000,209.05,2,200000.0,100.0
724GS2055, 03-Aug-2026,101.39,101.4,101.0,101.39,101.0,12826,13.0,16,12609.0,98.31
725GS2063, 03-Aug-2026,98.0,98.0,97.55,97.63,97.7,1265659,1235.72,775,1260862.0,99.62
726GS2032, 03-Aug-2026,105.5,107.0,105.5,107.0,106.23,9012,9.52,5,7012.0,77.81
726GS2033, 03-Aug-2026,105.11,105.9,105.11,105.9,106.0,1281,1.36,4,1181.0,92.19
732GS2030, 03-Aug-2026,103.0,103.0,103.0,103.0,103.06,100,0.1,1,100.0,100.0
733GS2026, 03-Aug-2026,100.78,101.63,100.78,101.6,101.8,820,0.83,8,720.0,87.8
734GS2064, 03-Aug-2026,99.9,99.9,99.2,99.48,99.6,52249,52.0,37,51249.0,98.09
736GS2052, 03-Aug-2026,103.45,103.45,103.45,103.45,102.99,525,0.54,1,525.0,100.0
737GS2028, 03-Aug-2026,104.0,104.01,104.0,104.0,104.0,2400,2.5,5,2400.0,100.0
738GS2027, 03-Aug-2026,101.18,102.2,101.18,102.01,102.2,68415,69.8,107,68413.0,100.0
73GS2053, 03-Aug-2026,99.81,100.0,99.81,99.81,99.76,7346,7.33,8,7346.0,100.0
740IIFCL33, 03-Aug-2026,1150.06,1150.06,1150.06,1150.06,1145.2,120,1.38,1,120.0,100.0
741GS2036, 03-Aug-2026,104.85,104.87,104.85,104.85,104.85,13747,14.41,7,13747.0,100.0
743GS2076, 03-Aug-2026,99.5,99.95,99.49,99.5,99.51,87080,86.67,94,82374.0,94.6
746GS2073, 03-Aug-2026,101.0,101.0,100.42,100.5,100.7,2601,2.61,8,2601.0,100.0
750GS2056, 03-Aug-2026,100.6,100.6,100.6,100.6,100.6,98,0.1,1,98.0,100.0
754GS2036, 03-Aug-2026,106.99,106.99,106.11,106.68,106.51,352719,376.12,145,349968.0,99.22
771GS2066, 03-Aug-2026,104.0,105.5,103.8,104.99,105.46,12711,13.34,17,12311.0,96.85
824GS2027, 03-Aug-2026,105.1,105.1,105.1,105.1,105.95,3000,3.15,3,3000.0,100.0
826GS2027, 03-Aug-2026,101.68,101.68,101.68,101.68,101.7,3,0.0,2,3.0,100.0
83GS2042, 03-Aug-2026,104.51,105.1,104.51,105.1,109.68,400,0.42,2,200.0,50.0
897GS2030, 03-Aug-2026,111.0,111.0,111.0,111.0,111.0,4000,4.44,20,4000.0,100.0
92GS2030, 03-Aug-2026,115.0,115.0,113.99,113.99,114.84,5227,5.99,8,3130.0,59.88
A2ZINFRA, 03-Aug-2026,15.76,17.1,15.76,17.1,15.55,1605294,269.05,1930,1144159.0,71.27
AAATECH, 03-Aug-2026,89.38,91.45,88.0,90.6,89.38,16635,14.98,837,7091.0,42.63
AADHARHFC, 03-Aug-2026,502.05,515.95,490.4,504.15,496.7,656790,3292.43,25125,299727.0,45.64
AAKAAR, 03-Aug-2026,66.0,66.0,65.4,66.0,68.0,4800,3.16,3,4800.0,100.0
AAKASH, 03-Aug-2026,9.13,9.13,8.85,8.98,8.95,77021,6.93,313,51073.0,66.31
AARADHYA, 03-Aug-2026,75.2,75.2,73.6,73.6,75.0,6000,4.48,5,4800.0,80.0
AARNAV, 03-Aug-2026,31.73,31.73,30.25,30.44,31.36,37253,11.4,351,21421.0,57.5
AARON, 03-Aug-2026,133.5,136.75,130.0,131.6,135.81,21709,28.85,780,11131.0,51.27
AARTIDRUGS, 03-Aug-2026,424.0,424.0,405.0,407.25,422.75,383239,1585.66,12168,164934.0,43.04
AARTIIND, 03-Aug-2026,486.35,492.55,482.0,486.8,489.1,805775,3933.78,18506,278100.0,34.51
AARTIPHARM, 03-Aug-2026,670.8,693.0,670.65,675.8,667.15,86652,587.47,8103,40412.0,46.64
AARTISURF, 03-Aug-2026,470.0,481.0,455.25,481.0,400.85,103704,489.49,1711,69771.0,67.28
AARVI, 03-Aug-2026,153.0,158.28,153.0,155.21,156.7,36090,56.11,1364,15081.0,41.79
AASTHA, 03-Aug-2026,76.6,77.4,76.0,76.12,76.25,1564318,1192.1,3331,472523.0,30.21
AATMAJ, 03-Aug-2026,18.15,18.15,18.15,18.15,18.5,2000,0.36,1,2000.0,100.0
AAVAS, 03-Aug-2026,1359.8,1453.2,1359.8,1439.0,1359.8,142280,2035.6,18278,62118.0,43.66
ABB, 03-Aug-2026,7243.5,7657.0,7243.0,7601.0,7284.5,1207164,90019.32,97429,511367.0,42.36
ABBOTINDIA, 03-Aug-2026,27950.0,28045.0,27680.0,27895.0,27800.0,9455,2637.79,4124,4618.0,48.84
ABCAPITAL, 03-Aug-2026,410.0,430.7,410.0,424.35,404.3,14133770,59894.43,136186,3624486.0,25.64
ABCOTS, 03-Aug-2026,199.05,202.9,198.6,200.91,198.85,4106,8.26,241,2805.0,68.31
ABDL, 03-Aug-2026,619.5,630.0,616.0,619.55,619.5,159051,990.2,7748,71687.0,45.07
ABFRL, 03-Aug-2026,60.69,62.95,60.15,62.41,60.24,10947431,6788.3,49225,5809152.0,53.06
ABGSEC, 03-Aug-2026,113.67,114.98,113.33,113.63,114.01,182,0.21,18,112.0,61.54
ABINFRA, 03-Aug-2026,10.18,10.2,10.0,10.06,10.05,195761,19.81,462,86213.0,44.04
ABLBL, 03-Aug-2026,95.4,96.17,93.85,95.91,94.67,1330639,1269.94,11672,622955.0,46.82
ABMINTLLTD, 03-Aug-2026,45.0,45.0,42.0,42.51,43.71,1513,0.64,9,1013.0,66.95
ABMKNO, 03-Aug-2026,197.0,201.92,188.0,198.99,190.05,492,0.99,35,457.0,92.89
ABREL, 03-Aug-2026,1446.9,1449.5,1415.1,1432.1,1418.1,98610,1410.95,8670,47164.0,47.83
ABSL10BANK, 03-Aug-2026,170.3,179.98,170.3,171.95,170.3,21450,36.86,207,20330.0,94.78
ABSLAMC, 03-Aug-2026,1026.3,1027.8,1000.0,1017.8,1011.8,292827,2984.17,18720,206125.0,70.39
ABSLBANETF, 03-Aug-2026,59.77,59.77,58.6,59.14,58.6,30836,18.25,374,25996.0,84.3
ABSLLIQUID, 03-Aug-2026,1000.01,1000.01,999.99,1000.0,1000.0,6730,67.3,33,5364.0,79.7
ABSLMSCIN, 03-Aug-2026,30.1,30.18,29.55,29.79,29.87,1644,0.5,13,1590.0,96.72
ABSLNN50ET, 03-Aug-2026,77.98,78.95,77.02,78.07,77.4,29937,23.38,390,22215.0,74.21
ABSLPSE, 03-Aug-2026,10.4,10.4,10.32,10.36,10.34,260079,26.93,487,182864.0,70.31
ABSMARINE, 03-Aug-2026,219.45,219.45,213.05,216.8,220.55,56500,121.86,102,51500.0,91.15
ACC, 03-Aug-2026,1374.0,1400.9,1360.0,1398.0,1357.4,427582,5940.46,23775,163784.0,38.3
ACCELYA, 03-Aug-2026,1160.0,1160.0,1135.5,1141.9,1142.6,4889,55.94,896,3226.0,65.98
ACCENTMIC, 03-Aug-2026,509.0,514.85,492.05,508.0,508.1,64500,325.32,111,36000.0,55.81
ACCPL, 03-Aug-2026,171.0,178.0,165.45,172.0,169.9,38400,67.07,27,36000.0,93.75
ACE, 03-Aug-2026,1072.0,1114.8,1071.4,1105.4,1070.3,853582,9365.19,34111,396984.0,46.51
ACEINTEG, 03-Aug-2026,19.85,19.85,18.81,19.37,19.04,5575,1.07,80,3738.0,67.05
ACETEC, 03-Aug-2026,140.95,140.95,140.95,140.95,134.0,1200,1.69,1,1200.0,100.0
ACI, 03-Aug-2026,528.0,543.1,522.6,535.6,525.65,407906,2182.49,16755,241146.0,59.12
ACL, 03-Aug-2026,48.85,48.85,47.16,47.72,47.63,11075,5.3,195,8439.0,76.2
ACMESOLAR, 03-Aug-2026,364.7,376.35,362.6,371.1,362.6,3058650,11336.73,58098,1639387.0,53.6
ACSTECH, 03-Aug-2026,39.8,41.4,39.8,40.21,39.97,143511,58.46,436,101688.0,70.86
ACUTAAS, 03-Aug-2026,3100.0,3150.7,3025.0,3116.4,3104.9,479397,14882.17,60422,244868.0,51.08
ADANIENSOL, 03-Aug-2026,1654.3,1676.0,1635.8,1647.0,1645.4,1135101,18760.1,38730,378230.0,33.32
ADANIENT, 03-Aug-2026,3025.0,3077.0,3024.5,3068.0,3009.5,891429,27267.39,43917,332315.0,37.28
ADANIGREEN, 03-Aug-2026,1390.0,1427.0,1386.6,1395.0,1383.0,3037528,42766.93,62114,1120736.0,36.9
ADANIPORTS, 03-Aug-2026,1713.4,1715.9,1692.8,1701.0,1696.5,1664693,28371.69,72450,824171.0,49.51
ADANIPOWER, 03-Aug-2026,211.8,215.11,211.15,213.65,211.31,13859607,29521.31,81285,4644244.0,33.51
ADDICTIVE, 03-Aug-2026,40.7,41.9,40.05,41.8,39.95,35500,14.83,35,33500.0,94.37
ADFFOODS, 03-Aug-2026,272.95,279.9,270.95,273.75,270.95,117969,323.72,4829,52159.0,44.21
ADISOFT, 03-Aug-2026,175.25,178.9,175.2,177.7,174.25,16000,28.3,20,9600.0,60.0
ADL, 03-Aug-2026,72.0,82.85,69.52,78.97,71.33,2531,1.92,35,1902.0,75.15
ADOR, 03-Aug-2026,1480.0,1508.8,1474.1,1503.3,1444.7,60045,897.37,5846,38237.0,63.68
ADROITINFO, 03-Aug-2026,9.99,10.99,9.73,9.87,10.01,74649,7.5,257,60027.0,80.41
ADSL, 03-Aug-2026,120.0,120.0,115.53,116.94,114.64,121064,141.66,2005,71623.0,59.16
ADVAIT, 03-Aug-2026,2340.0,2418.0,2315.0,2359.2,2310.6,56187,1336.61,6490,33708.0,59.99
ADVANCE, 03-Aug-2026,126.26,129.0,122.3,124.56,125.01,539029,684.16,4261,306281.0,56.82
ADVANIHOTR, 03-Aug-2026,51.13,52.0,51.13,51.56,51.06,9794,5.07,279,7147.0,72.97
ADVENTHTL, 03-Aug-2026,148.1,149.75,146.82,147.88,147.67,91892,136.04,1662,49627.0,54.01
ADVENZYMES, 03-Aug-2026,334.0,343.0,318.6,323.75,315.1,1793899,5904.34,33909,481765.0,26.86
AEGISLOG, 03-Aug-2026,1286.5,1400.0,1282.1,1388.3,1280.8,2444861,33303.57,85673,767689.0,31.4
AEGISVOPAK, 03-Aug-2026,293.0,306.4,292.6,301.8,290.16,2083398,6291.36,38458,820177.0,39.37
AEPL, 03-Aug-2026,14.21,14.57,14.21,14.32,14.38,12960,1.85,108,12420.0,95.83
AEQUS, 03-Aug-2026,229.7,240.68,228.2,233.66,229.16,4222534,9957.68,39143,1719339.0,40.72
AEROENTER, 03-Aug-2026,121.22,124.0,120.81,123.3,119.43,220022,270.75,3118,114227.0,51.92
AEROFLEX, 03-Aug-2026,435.7,439.75,428.1,431.4,435.45,607121,2635.34,12783,273621.0,45.07
AERON, 03-Aug-2026,78.55,78.8,76.8,78.8,77.0,9000,7.03,8,9000.0,100.0
AERONEU, 03-Aug-2026,86.0,89.8,86.0,87.73,86.0,64813,56.85,1719,9871.0,15.23
AEROPLANE, 03-Aug-2026,204.9,206.9,198.0,198.62,200.34,587646,1193.23,6248,378691.0,64.44
AETHER, 03-Aug-2026,1561.0,1574.9,1492.7,1509.5,1539.6,557752,8493.03,37869,257074.0,46.09
AFCONS, 03-Aug-2026,271.15,282.05,271.15,275.95,271.15,1309257,3620.37,24059,600571.0,45.87
AFFLE, 03-Aug-2026,1608.7,1668.2,1580.0,1663.0,1586.0,447915,7353.1,40703,144297.0,32.22
AFIL, 03-Aug-2026,9.34,9.44,9.15,9.22,9.3,253814,23.46,574,173274.0,68.27
AFSL, 03-Aug-2026,201.07,202.49,201.0,201.72,201.04,9485,19.1,112,6650.0,70.11
AGARIND, 03-Aug-2026,510.0,526.9,509.8,514.95,499.8,59423,308.16,2729,20809.0,35.02
AGARWALEYE, 03-Aug-2026,477.9,495.2,477.35,483.3,478.0,56679,273.95,5864,26792.0,47.27
AGARWALFT, 03-Aug-2026,37.0,37.4,37.0,37.15,37.5,31500,11.71,5,31500.0,100.0
AGARWALTUF, 03-Aug-2026,137.95,143.5,137.0,140.25,132.5,114000,159.4,73,82800.0,72.63
AGI, 03-Aug-2026,710.0,713.3,703.0,704.25,709.25,80787,571.12,2508,53172.0,65.82
AGIIL, 03-Aug-2026,315.95,324.5,307.7,309.15,312.1,2549469,8069.37,18354,820193.0,32.17
AGL, 03-Aug-2026,12.1,12.55,12.1,12.46,12.23,1465955,181.0,3101,1110802.0,75.77
AGNI, 03-Aug-2026,17.3,17.3,17.3,17.3,16.65,2500,0.43,1,2500.0,100.0
AGROPHOS, 03-Aug-2026,29.33,29.72,28.63,29.18,29.25,9808,2.86,145,7227.0,73.68
AHCL, 03-Aug-2026,14.45,14.85,14.45,14.71,14.61,1760550,259.58,2692,752476.0,42.74
AHLADA, 03-Aug-2026,37.94,37.94,36.0,36.38,36.96,15998,5.89,148,11567.0,72.3
AHLEAST, 03-Aug-2026,144.1,144.99,142.05,143.12,145.1,1406,2.01,58,974.0,69.27
AHLUCONT, 03-Aug-2026,824.0,848.0,823.75,833.6,821.4,33625,280.42,4262,17464.0,51.94
AIAENG, 03-Aug-2026,4568.0,4700.0,4460.0,4684.6,4591.0,57776,2676.78,15054,25828.0,44.7
AIIL, 03-Aug-2026,549.0,556.75,541.4,548.8,539.3,105935,580.27,6848,41020.0,38.72
AIMTRON, 03-Aug-2026,1413.0,1493.0,1413.0,1479.7,1386.45,85400,1248.18,409,52400.0,61.36
AIRAN, 03-Aug-2026,15.4,15.4,14.97,15.03,15.13,86715,13.08,330,74075.0,85.42
AIROLAM, 03-Aug-2026,88.0,88.49,86.04,86.17,86.03,934,0.81,42,687.0,73.55
AISL, 03-Aug-2026,59.0,59.0,57.0,57.0,59.0,25800,14.96,3,25800.0,100.0
AJANTPHARM, 03-Aug-2026,3485.5,3540.0,3476.2,3513.9,3465.2,119278,4189.6,23153,65832.0,55.19
AJAXENGG, 03-Aug-2026,580.5,597.5,580.5,594.0,580.15,49050,289.87,3272,26599.0,54.23
AJMERA, 03-Aug-2026,126.95,131.0,126.95,130.41,126.34,297862,385.96,3571,162028.0,54.4
AJOONI, 03-Aug-2026,3.93,4.05,3.93,3.99,4.0,201708,8.08,473,160961.0,79.8
AKANKSHA, 03-Aug-2026,95.9,95.9,95.9,95.9,91.35,9000,8.63,7,9000.0,100.0
AKASH, 03-Aug-2026,26.55,27.23,26.16,26.34,26.69,6719,1.77,61,5120.0,76.2
AKCAPIT, 03-Aug-2026,1712.0,1750.0,1693.2,1748.5,1693.3,1972,34.13,305,1575.0,79.87
AKG, 03-Aug-2026,10.06,10.69,9.9,10.05,9.86,30104,3.04,118,23884.0,79.34
AKI, 03-Aug-2026,4.28,4.28,4.01,4.08,4.14,136796,5.62,218,118723.0,86.79
AKIKO, 03-Aug-2026,354.95,354.95,337.5,337.85,355.25,69600,235.43,68,68000.0,97.7
AKSHAR, 03-Aug-2026,0.39,0.41,0.39,0.4,0.39,1354682,5.51,271,1030243.0,76.05
AKUMS, 03-Aug-2026,666.7,688.3,664.65,681.2,658.35,143860,978.92,9219,73362.0,51.0
ALANKIT, 03-Aug-2026,7.9,7.9,7.62,7.77,7.78,103580,8.06,603,85614.0,82.65
ALBERTDAVD, 03-Aug-2026,691.75,707.85,686.2,692.55,689.3,5943,41.4,195,4911.0,82.64
ALCODIS, 03-Aug-2026,66.0,70.0,66.0,68.4,75.95,6250,4.27,10,3125.0,50.0
ALEMBICLTD, 03-Aug-2026,91.35,92.17,91.07,91.67,91.13,594583,544.68,3829,357320.0,60.1
ALGOQUANT, 03-Aug-2026,69.0,70.97,67.6,69.34,68.41,1528105,1052.38,6412,457009.0,29.91
ALICON, 03-Aug-2026,679.95,724.9,661.2,702.75,672.35,23053,161.6,1817,12558.0,54.47
ALIVUS, 03-Aug-2026,1182.8,1225.0,1172.9,1214.4,1160.0,199736,2412.04,25069,107489.0,53.82
ALKEM, 03-Aug-2026,5774.5,5774.5,5668.0,5707.0,5751.5,122664,6991.28,22120,75373.0,61.45
ALKYLAMINE, 03-Aug-2026,1785.9,1845.0,1785.9,1824.4,1785.6,48406,883.15,8268,21142.0,43.68
ALLCARGO, 03-Aug-2026,8.08,8.25,8.05,8.2,8.03,2879970,235.73,3539,1829490.0,63.52
ALLDIGI, 03-Aug-2026,815.7,816.95,792.0,814.4,812.7,16603,134.4,1216,10540.0,63.48
ALLETEC, 03-Aug-2026,136.1,144.2,136.1,141.95,139.0,5200,7.38,13,4000.0,76.92
ALLTIME, 03-Aug-2026,223.25,227.0,220.15,221.95,221.01,57115,127.45,1777,37383.0,65.45
ALMONDZ, 03-Aug-2026,14.76,14.94,13.57,13.8,14.76,168249,23.88,681,118589.0,70.48
ALOKINDS, 03-Aug-2026,12.01,12.13,12.01,12.04,11.92,2054221,247.86,4049,1278295.0,62.23
ALPA, 03-Aug-2026,67.55,68.25,66.15,66.66,66.84,13453,9.03,309,8592.0,63.87
ALPEXSOLAR, 03-Aug-2026,839.0,844.0,829.05,841.45,829.05,20900,175.25,172,14600.0,69.86
ALPHA, 03-Aug-2026,52.32,52.43,51.93,52.24,51.93,1226216,640.91,2850,935753.0,76.31
ALPHAETF, 03-Aug-2026,26.44,26.44,26.23,26.25,26.18,416257,109.72,970,329583.0,79.18
ALPHAGEO, 03-Aug-2026,225.9,264.15,220.25,264.15,220.13,276528,708.51,5046,103196.0,37.32
ALPL30IETF, 03-Aug-2026,28.38,28.65,27.98,28.33,28.38,721158,205.19,1520,412296.0,57.17
ALUWIND, 03-Aug-2026,49.5,50.7,49.5,50.1,49.2,3000,1.5,2,3000.0,100.0
AMAGI, 03-Aug-2026,659.0,690.0,652.35,669.7,650.7,376284,2537.52,28658,206207.0,54.8
AMBAAUTO, 03-Aug-2026,101.0,106.25,94.5,106.25,96.6,37000,38.33,37,23000.0,62.16
AMBALALSA, 03-Aug-2026,35.49,37.7,34.07,36.83,34.84,403707,148.75,2094,203947.0,50.52
AMBER, 03-Aug-2026,7567.0,7567.0,7400.0,7400.0,7440.5,133339,9974.88,17988,48087.0,36.06
AMBICAAGAR, 03-Aug-2026,25.49,25.49,24.75,25.05,25.0,3362,0.84,35,2842.0,84.53
AMBIKCO, 03-Aug-2026,1711.8,1788.0,1711.8,1778.9,1711.8,22628,400.69,2000,12162.0,53.75
AMBUJACEM, 03-Aug-2026,434.2,444.5,434.2,444.0,432.2,3648798,16118.66,40362,2125265.0,58.25
AMCL, 03-Aug-2026,395.0,395.0,391.05,393.5,391.05,2800,11.0,5,2000.0,71.43
AMDIND, 03-Aug-2026,46.99,47.99,46.43,47.52,46.43,14397,6.8,145,5998.0,41.66
AMEYA, 03-Aug-2026,109.05,109.05,109.05,109.05,109.0,1000,1.09,1,1000.0,100.0
AMJLAND, 03-Aug-2026,39.46,39.46,36.3,38.12,39.34,31333,11.85,473,15602.0,49.79
AMNPLST, 03-Aug-2026,202.01,208.26,196.0,197.51,198.81,10787,21.68,582,5959.0,55.24
AMRUTANJAN, 03-Aug-2026,520.0,522.4,517.5,521.2,515.0,8820,45.85,874,4981.0,56.47
ANANDRATHI, 03-Aug-2026,2094.0,2114.9,2050.0,2058.7,2073.7,121852,2525.06,13953,67644.0,55.51
ANANTAM, 03-Aug-2026,105.49,105.49,104.96,105.02,104.96,10828,11.37,188,10607.0,97.96
ANANTRAJ, 03-Aug-2026,626.0,641.7,621.15,626.15,624.5,2760905,17434.48,48613,1047397.0,37.94
ANDHRAPAP, 03-Aug-2026,62.4,62.84,61.65,61.99,61.03,313581,194.73,1192,258456.0,82.42
ANDHRSUGAR, 03-Aug-2026,82.99,86.2,82.95,85.48,82.13,398288,339.78,3956,215402.0,54.08
ANGELONE, 03-Aug-2026,299.9,302.5,296.3,302.0,297.95,4487008,13455.96,40137,2093105.0,46.65
ANIKINDS, 03-Aug-2026,43.5,43.5,42.98,43.13,41.33,5878,2.53,39,5579.0,94.91
ANLON, 03-Aug-2026,606.95,618.0,605.0,617.95,606.95,3200,19.52,8,3200.0,100.0
ANMOL, 03-Aug-2026,10.0,10.2,9.96,10.01,10.12,16537,1.67,141,14935.0,90.31
ANNAPURNA, 03-Aug-2026,130.0,133.5,127.0,130.65,128.05,86000,111.01,156,54000.0,62.79
ANONDITA, 03-Aug-2026,1060.2,1090.0,1041.0,1050.45,1088.75,21600,229.85,99,14800.0,68.52
ANTELOPUS, 03-Aug-2026,821.0,846.0,812.0,834.55,821.5,130427,1089.38,5757,76378.0,58.56
ANTGRAPHIC, 03-Aug-2026,0.76,0.78,0.75,0.75,0.75,116107,0.88,199,96881.0,83.44
ANTHEM, 03-Aug-2026,819.0,832.95,802.2,829.85,809.2,960047,7905.84,44115,549598.0,57.25
ANUHPHR, 03-Aug-2026,81.47,81.47,79.5,80.41,79.48,47682,38.42,915,28859.0,60.52
ANUP, 03-Aug-2026,2173.1,2199.9,2151.5,2175.4,2172.9,14483,316.52,3047,7063.0,48.77
ANURAS, 03-Aug-2026,1211.0,1216.8,1196.0,1209.8,1207.8,199378,2408.41,10171,113716.0,57.04
ANYA, 03-Aug-2026,15.25,15.25,15.25,15.25,15.2,5000,0.76,1,5000.0,100.0
ANZEN, 03-Aug-2026,132.0,132.0,132.0,132.0,129.0,25000,33.0,1,25000.0,100.0
AONEGOLD, 03-Aug-2026,13.26,13.37,13.21,13.27,13.26,557416,73.98,1857,467085.0,83.79
AONELIQUID, 03-Aug-2026,1070.96,1070.96,1070.94,1070.94,1070.8,40902,438.04,156,25104.0,61.38
AONENIFTY, 03-Aug-2026,10.3,10.3,9.95,10.13,10.05,330350,33.45,1837,300253.0,90.89
AONESILVER, 03-Aug-2026,8.34,8.38,8.25,8.28,8.28,455260,37.75,1172,264308.0,58.06
AONETMMQ50, 03-Aug-2026,10.09,10.15,9.93,9.98,10.04,58298,5.87,338,45403.0,77.88
AONETOTAL, 03-Aug-2026,11.94,12.1,11.91,12.02,11.94,444230,53.53,2084,276937.0,62.34
APARINDS, 03-Aug-2026,14400.0,14994.0,14321.0,14746.0,14348.0,281739,41597.48,47243,139323.0,49.45
APCL, 03-Aug-2026,101.15,103.4,101.15,102.03,100.6,6249,6.39,199,3820.0,61.13
APCOTEXIND, 03-Aug-2026,614.0,636.0,605.1,617.6,611.35,621211,3854.9,18927,228433.0,36.77
APEX, 03-Aug-2026,373.95,382.55,372.75,380.4,371.5,83417,316.68,3419,41302.0,49.51
APEXECO, 03-Aug-2026,261.8,269.9,261.8,269.9,261.8,6400,17.02,6,6400.0,100.0
APLAPOLLO, 03-Aug-2026,1820.3,1958.0,1820.3,1941.5,1819.5,4251591,80992.95,129957,2010454.0,47.29
APLLTD, 03-Aug-2026,797.05,815.05,792.55,805.75,797.05,58590,473.3,5604,26955.0,46.01
APOLLO, 03-Aug-2026,393.95,400.1,391.05,397.35,389.9,4826053,19139.08,38945,1401957.0,29.05
APOLLOHOSP, 03-Aug-2026,9030.0,9049.0,8789.0,8820.0,8957.0,250717,22257.93,31071,143836.0,57.37
APOLLOPIPE, 03-Aug-2026,520.0,533.6,510.0,515.85,515.6,217488,1131.79,6530,114788.0,52.78
APOLLOTYRE, 03-Aug-2026,432.25,438.35,430.95,436.6,428.15,623690,2716.93,19506,288514.0,46.26
APOLSINHOT, 03-Aug-2026,1210.7,1217.8,1195.1,1207.1,1200.0,382,4.61,89,207.0,54.19
APRAMEYA, 03-Aug-2026,146.0,146.0,146.0,146.0,147.1,500,0.73,1,500.0,100.0
APS, 03-Aug-2026,270.15,273.8,264.2,266.0,270.95,22250,59.69,81,17250.0,77.53
APSISAERO, 03-Aug-2026,436.0,441.0,436.0,437.95,434.15,8400,36.87,7,8400.0,100.0
APTUS, 03-Aug-2026,263.95,265.2,258.5,263.6,261.2,1314539,3449.21,28464,650487.0,49.48
AQYLON, 03-Aug-2026,25.81,26.76,24.22,26.75,25.49,10374623,2730.59,12963,2251860.0,21.71
ARCHIDPLY, 03-Aug-2026,83.0,83.48,81.3,81.8,81.14,1504,1.23,58,1289.0,85.7
ARCHIES, 03-Aug-2026,13.88,14.75,13.77,13.95,13.77,5427,0.76,87,3795.0,69.93
ARCIIL, 03-Aug-2026,37.55,37.95,37.55,37.95,36.8,2000,0.76,2,2000.0,100.0
ARE&M, 03-Aug-2026,916.2,939.4,912.0,932.3,910.45,1710264,15929.78,68911,879347.0,51.42
ARENTERP, 03-Aug-2026,41.26,41.99,38.67,38.96,41.46,5934,2.34,126,4703.0,79.26
ARFIN, 03-Aug-2026,89.0,90.44,84.0,85.49,89.77,2342321,2060.93,7970,482704.0,20.61
ARHAM, 03-Aug-2026,177.4,182.5,177.0,181.3,174.0,55000,98.78,52,38000.0,69.09
ARIES, 03-Aug-2026,334.1,342.0,333.45,340.7,337.45,4220,14.3,201,2958.0,70.09
ARIHANT, 03-Aug-2026,1142.0,1142.0,1106.2,1137.9,1142.75,1624,18.42,194,822.0,50.62
ARIHANTCAP, 03-Aug-2026,78.0,79.7,77.02,77.48,78.34,208574,163.96,1892,111272.0,53.35
ARIHANTSUP, 03-Aug-2026,262.0,263.0,259.0,259.85,261.85,4384,11.42,128,3025.0,69.0
ARIS, 03-Aug-2026,129.95,133.5,129.0,129.94,128.65,1878707,2469.37,12978,776112.0,41.31
ARKADE, 03-Aug-2026,142.5,142.97,140.0,140.65,141.19,239449,338.8,3000,93425.0,39.02
ARMANFIN, 03-Aug-2026,1941.0,2001.0,1941.0,1994.3,1941.0,34160,678.12,3251,18766.0,54.94
AROGRANITE, 03-Aug-2026,25.5,25.79,24.9,25.16,25.44,20710,5.21,124,12371.0,59.73
ARSSBL, 03-Aug-2026,518.7,518.7,510.0,511.2,510.8,83356,427.08,2541,44455.0,53.33
ARTEMISMED, 03-Aug-2026,304.8,305.0,299.0,302.2,298.5,261601,788.71,5366,152572.0,58.32
ARTNIRMAN, 03-Aug-2026,37.02,39.5,37.02,38.18,37.07,3348,1.28,55,2222.0,66.37
ARUNAYA, 03-Aug-2026,15.55,16.1,15.55,16.1,16.1,4000,0.63,2,4000.0,100.0
ARVEE, 03-Aug-2026,156.72,158.29,153.85,155.44,156.72,62,0.1,8,50.0,80.65
ARVIND, 03-Aug-2026,517.8,537.4,516.5,528.95,513.2,623621,3306.1,25417,302762.0,48.55
ARVINDFASN, 03-Aug-2026,453.45,456.7,445.55,449.15,450.0,164972,743.18,9182,110621.0,67.05
ARVINDPORT, 03-Aug-2026,31.3,31.3,28.65,28.95,30.15,54000,15.67,18,49500.0,91.67
ARVSMART, 03-Aug-2026,595.9,604.45,595.9,600.65,592.55,16680,99.96,868,10944.0,65.61
ASAHIINDIA, 03-Aug-2026,875.0,900.55,875.0,897.05,876.55,46380,414.48,5055,25684.0,55.38
ASAL, 03-Aug-2026,501.9,510.0,501.9,507.85,500.2,13492,68.34,1050,6940.0,51.44
ASALCBR, 03-Aug-2026,765.0,793.15,765.0,777.85,763.25,25180,196.97,2174,15744.0,62.53
ASHALOG, 03-Aug-2026,55.4,56.0,55.0,56.0,53.05,3000,1.66,3,3000.0,100.0
ASHAPURMIN, 03-Aug-2026,709.65,731.0,708.0,717.85,702.55,903568,6528.71,22721,402222.0,44.51
ASHIANA, 03-Aug-2026,397.0,399.0,384.3,385.55,390.65,53104,206.98,1721,28742.0,54.12
ASHIKAG, 03-Aug-2026,509.9,520.95,471.1,477.5,498.55,900303,4418.14,14523,211806.0,23.53
ASHIMASYN, 03-Aug-2026,18.08,18.59,17.8,18.09,18.08,106327,19.39,595,81379.0,76.54
ASHOKA, 03-Aug-2026,121.92,122.68,120.8,121.12,121.09,960055,1165.57,6122,641639.0,66.83
ASHOKAMET, 03-Aug-2026,14.18,14.5,14.18,14.19,14.18,15401,2.19,99,11986.0,77.83
ASHOKLEY, 03-Aug-2026,169.28,175.0,169.13,174.55,166.18,47817945,82771.05,211720,21638136.0,45.25
ASHWINI, 03-Aug-2026,199.0,199.5,195.0,195.15,196.45,12000,23.56,12,9000.0,75.0
ASIANENE, 03-Aug-2026,408.9,418.0,402.05,410.65,398.55,835789,3446.29,16969,352998.0,42.24
ASIANHOTNR, 03-Aug-2026,307.95,308.9,299.65,303.35,300.1,118626,361.85,2259,49488.0,41.72
ASIANPAINT, 03-Aug-2026,2770.9,2810.0,2762.1,2810.0,2747.3,1040453,28904.24,54451,616811.0,59.28
ASIANTILES, 03-Aug-2026,54.97,55.18,53.07,53.83,54.68,5168198,2789.3,13953,1928378.0,37.31
ASKAUTOLTD, 03-Aug-2026,535.0,577.95,529.0,569.65,528.05,1082723,6001.83,39691,488274.0,45.1
ASPINWALL, 03-Aug-2026,234.1,243.0,234.1,236.19,233.57,1733,4.13,60,1549.0,89.38
ASPIRE, 03-Aug-2026,13.8,14.95,13.8,14.95,14.5,6000,0.85,3,4000.0,66.67
ASTAR, 03-Aug-2026,624.9,624.9,585.1,585.1,594.95,92,0.55,9,91.0,98.91
ASTEC, 03-Aug-2026,645.0,663.8,625.0,628.3,655.35,70469,448.32,4536,44973.0,63.82
ASTERDM, 03-Aug-2026,825.05,836.5,808.0,815.15,822.15,623483,5104.37,36482,375921.0,60.29
ASTRAL, 03-Aug-2026,1465.0,1465.7,1425.2,1435.6,1448.6,652477,9415.4,33076,334041.0,51.2
ASTRAMICRO, 03-Aug-2026,1878.0,1893.5,1831.0,1848.8,1861.6,372847,6946.11,21944,158525.0,42.52
ASTRAZEN, 03-Aug-2026,8250.0,8510.0,8180.0,8300.0,8100.0,13555,1132.07,4568,5075.0,37.44
ATALREAL, 03-Aug-2026,33.25,33.9,33.25,33.54,33.17,8515476,2858.48,6129,1753264.0,20.59
ATAM, 03-Aug-2026,65.99,67.0,65.01,65.49,64.44,5993,3.94,119,5024.0,83.83
ATCENERGY, 03-Aug-2026,23.1,23.1,23.1,23.1,22.0,4800,1.11,4,4800.0,100.0
ATGL, 03-Aug-2026,655.9,677.85,654.0,667.6,651.45,1235916,8279.61,32775,263907.0,21.35
ATHERENERG, 03-Aug-2026,1269.0,1289.9,1242.0,1272.7,1260.3,3918512,49484.38,112841,1383982.0,35.32
ATL, 03-Aug-2026,23.26,23.6,23.16,23.28,23.24,64482,15.07,516,54424.0,84.4
ATLANTAA, 03-Aug-2026,35.1,35.7,34.56,35.2,35.1,15290,5.38,336,12976.0,84.87
ATLANTAELE, 03-Aug-2026,1588.0,1610.0,1551.3,1589.8,1539.0,109420,1735.07,9253,49915.0,45.62
ATLASCYCLE, 03-Aug-2026,99.25,99.25,96.43,97.58,98.35,3463,3.38,66,2458.0,70.98
ATLPP, 03-Aug-2026,8.95,8.95,8.65,8.8,8.74,1444,0.13,14,1435.0,99.38
ATMASTCO, 03-Aug-2026,152.0,154.5,151.0,151.0,151.75,4400,6.7,11,4400.0,100.0
ATUL, 03-Aug-2026,6765.0,6872.0,6756.5,6777.0,6736.5,23390,1591.98,6125,11214.0,47.94
ATULAUTO, 03-Aug-2026,521.5,573.75,520.0,563.35,515.45,1998434,11029.88,44570,590574.0,29.55
AUBANK, 03-Aug-2026,1054.1,1060.0,1038.4,1060.0,1047.3,1367532,14312.76,33222,807923.0,59.08
AURIONPRO, 03-Aug-2026,734.15,751.0,733.0,739.55,733.4,233978,1731.13,8595,149353.0,63.83
AUROIMPEX, 03-Aug-2026,26.0,26.7,26.0,26.7,27.2,6400,1.68,4,4800.0,75.0
AUROPHARMA, 03-Aug-2026,1586.9,1591.8,1541.6,1554.7,1580.2,1496353,23418.47,96457,930962.0,62.22
AURUM, 03-Aug-2026,224.99,224.99,218.0,218.62,219.92,165374,363.71,2482,99537.0,60.19
AURUS, 03-Aug-2026,4.55,4.75,4.5,4.61,4.54,24301,1.11,110,19738.0,81.22
AUSL, 03-Aug-2026,25.45,25.45,24.15,24.15,25.2,4000,0.99,2,4000.0,100.0
AUTOAXLES, 03-Aug-2026,1824.4,1890.0,1810.2,1880.5,1801.2,43652,809.18,3328,26047.0,59.67
AUTOBEES, 03-Aug-2026,299.98,301.02,298.07,299.32,297.13,557956,1670.33,15222,337519.0,60.49
AUTOIETF, 03-Aug-2026,29.97,30.17,29.41,29.74,29.73,2585573,773.04,3230,1649998.0,63.82
AVADHSUGAR, 03-Aug-2026,510.0,575.0,510.0,558.7,504.0,578282,3145.73,19065,116144.0,20.08
AVALON, 03-Aug-2026,1814.0,1834.3,1740.0,1751.8,1807.9,280823,5008.53,31001,128037.0,45.59
AVANA, 03-Aug-2026,153.95,153.95,149.0,149.0,149.0,4000,6.06,2,4000.0,100.0
AVANTEL, 03-Aug-2026,162.0,164.79,162.0,162.99,161.89,634730,1037.83,6984,290232.0,45.73
AVANTIFEED, 03-Aug-2026,907.35,931.9,901.0,907.3,899.6,650344,5932.02,21901,306474.0,47.12
AVATAR, 03-Aug-2026,182.75,182.75,182.75,182.75,179.2,12000,21.93,3,12000.0,100.0
AVIANSH, 03-Aug-2026,102.0,103.0,102.0,103.0,102.0,5000,5.13,4,5000.0,100.0
AVIENCE, 03-Aug-2026,261.0,262.9,257.0,258.05,257.0,13200,34.4,21,9000.0,68.18
AVL, 03-Aug-2026,625.0,635.1,604.8,623.65,638.05,338580,2100.2,20768,112792.0,33.31
AVONMORE, 03-Aug-2026,11.35,11.48,11.25,11.36,11.17,126394,14.35,617,98960.0,78.29
AVPINFRA, 03-Aug-2026,67.0,67.3,64.3,66.95,65.65,13600,8.97,15,9600.0,70.59
AVROIND, 03-Aug-2026,8.79,8.83,8.53,8.77,8.71,94601,8.26,368,68463.0,72.37
AVTNPL, 03-Aug-2026,72.18,72.18,69.1,70.71,71.47,42562,30.14,633,25329.0,59.51
AWFIS, 03-Aug-2026,280.0,283.1,276.05,277.3,278.1,171951,479.36,4883,107773.0,62.68
AWHCL, 03-Aug-2026,429.55,438.95,426.8,429.65,426.8,130134,560.59,4982,80581.0,61.92
AWL, 03-Aug-2026,190.25,193.9,189.36,190.3,189.44,3413191,6512.8,31138,1537315.0,45.04
AXISBANK, 03-Aug-2026,1236.9,1272.0,1230.5,1272.0,1229.5,6713421,83811.21,121530,4182291.0,62.3
AXISCADES, 03-Aug-2026,1564.0,1599.0,1535.8,1572.9,1553.5,224880,3517.05,13753,143100.0,63.63
AXITA, 03-Aug-2026,7.35,7.42,7.3,7.3,7.32,414015,30.41,824,218297.0,52.73
AYE, 03-Aug-2026,167.97,175.49,166.41,172.6,166.52,852884,1476.24,13902,355196.0,41.65
AYMSYNTEX, 03-Aug-2026,251.0,259.9,248.0,251.6,251.81,14782,37.26,1200,6591.0,44.59
AZAD, 03-Aug-2026,2309.7,2372.0,2275.1,2306.8,2292.5,304016,7083.05,25287,121184.0,39.86
BAGFILMS, 03-Aug-2026,4.47,4.53,4.37,4.45,4.42,116426,5.19,161,109613.0,94.15
BAGMANE, 03-Aug-2026,105.84,105.93,105.0,105.13,105.13,691717,729.13,8808,533266.0,77.09
BAHETI, 03-Aug-2026,715.05,731.0,710.0,724.2,719.3,27000,195.4,54,13500.0,50.0
BAIDFIN, 03-Aug-2026,9.89,10.1,9.89,10.01,9.81,24127,2.41,192,22464.0,93.11
BAJAJ-AUTO, 03-Aug-2026,11575.0,11856.0,11456.0,11856.0,11520.5,281232,32388.78,41492,176400.0,62.72
BAJAJCON, 03-Aug-2026,524.1,534.45,518.45,523.8,524.1,1264747,6635.77,47269,759839.0,60.08
BAJAJELEC, 03-Aug-2026,336.0,342.0,334.0,337.65,332.9,110852,375.33,3046,58133.0,52.44
BAJAJFINSV, 03-Aug-2026,2050.5,2096.0,2040.4,2096.0,2029.1,2850085,59226.5,107806,1547915.0,54.31
BAJAJHCARE, 03-Aug-2026,341.0,342.0,336.7,340.4,336.45,111278,377.34,3070,58002.0,52.12
BAJAJHFL, 03-Aug-2026,86.85,87.29,86.31,86.85,86.02,3208217,2786.27,28966,1596739.0,49.77
BAJAJHIND, 03-Aug-2026,16.9,17.65,16.9,17.52,16.75,8736035,1520.26,11642,3963316.0,45.37
BAJAJHLDNG, 03-Aug-2026,11313.0,11629.0,11257.0,11599.0,11343.0,46101,5280.72,14262,18017.0,39.08
BAJAJINDEF, 03-Aug-2026,238.99,238.99,232.65,234.8,234.7,11245,26.52,290,8976.0,79.82
BAJAJST, 03-Aug-2026,396.4,403.3,382.2,385.55,396.4,24121,94.03,1454,14500.0,60.11
BAJEL, 03-Aug-2026,175.5,180.0,175.5,177.35,176.8,117082,208.71,1517,56430.0,48.2
BAJFINANCE, 03-Aug-2026,1176.3,1176.4,1140.2,1153.0,1141.2,13758012,159416.54,222678,8201150.0,59.61
BALAJEE, 03-Aug-2026,27.33,27.87,27.11,27.36,27.33,12158,3.34,147,9047.0,74.41
BALAJIPHOS, 03-Aug-2026,89.95,89.95,89.95,89.95,88.5,1000,0.9,1,1000.0,100.0
BALAJITELE, 03-Aug-2026,84.01,86.7,84.0,84.54,83.61,116653,99.55,1244,82545.0,70.76
BALAMINES, 03-Aug-2026,2148.0,2165.0,2010.4,2025.2,2133.3,368391,7634.26,33051,162930.0,44.23
BALAXI, 03-Aug-2026,23.67,24.75,23.67,24.0,23.9,13887,3.34,120,13728.0,98.86
BALKRISHNA, 03-Aug-2026,17.25,18.25,17.25,18.05,17.24,16164,2.89,98,6982.0,43.19
BALKRISIND, 03-Aug-2026,2478.5,2521.9,2442.1,2492.2,2473.5,541456,13469.97,41221,182672.0,33.74
BALMLAWRIE, 03-Aug-2026,173.95,175.65,172.68,174.14,172.2,167087,290.89,2680,82787.0,49.55
BALPHARMA, 03-Aug-2026,88.4,90.59,88.0,89.49,88.09,14911,13.31,349,9625.0,64.55
BALRAMCHIN, 03-Aug-2026,595.05,665.5,594.0,646.8,586.2,3161974,19949.73,62714,870394.0,27.53
BALUFORGE, 03-Aug-2026,440.45,451.95,440.45,444.85,440.35,387655,1728.38,9665,192885.0,49.76
BANARBEADS, 03-Aug-2026,115.4,117.6,112.01,113.98,115.29,4734,5.45,200,3362.0,71.02
BANARISUG, 03-Aug-2026,3474.9,3532.5,3470.0,3487.2,3475.3,345,12.09,70,188.0,54.49
BANCOINDIA, 03-Aug-2026,644.2,664.0,643.6,657.75,637.25,158594,1043.53,12049,73246.0,46.18
BANDHANBNK, 03-Aug-2026,175.14,176.25,172.59,173.65,174.13,5621918,9836.84,58612,2691355.0,47.87
BANG, 03-Aug-2026,30.1,31.25,29.3,30.27,29.57,16281,4.87,121,12189.0,74.87
BANK10ADD, 03-Aug-2026,17.08,17.55,17.08,17.19,17.02,209619,36.03,287,194603.0,92.84
BANK10BETF, 03-Aug-2026,20.98,21.15,20.82,20.82,20.98,5999,1.26,21,4784.0,79.75
BANKADD, 03-Aug-2026,58.91,59.23,58.08,58.66,58.57,37342,22.07,128,32507.0,87.05
BANKBARODA, 03-Aug-2026,244.05,248.48,244.0,247.25,242.6,8511143,21003.28,72513,4770016.0,56.04
BANKBEES, 03-Aug-2026,592.26,599.0,592.21,597.34,592.26,1031006,6159.81,10367,751217.0,72.86
BANKBETA, 03-Aug-2026,59.23,60.02,58.82,59.75,59.12,531315,318.29,1453,481402.0,90.61
BANKBETF, 03-Aug-2026,58.09,59.3,58.09,58.61,58.09,18123,10.63,342,14687.0,81.04
BANKETF, 03-Aug-2026,586.03,594.3,585.08,589.78,582.97,20372,119.85,443,19001.0,93.27
BANKIETF, 03-Aug-2026,59.49,59.49,58.43,59.04,58.78,831443,493.01,2777,556425.0,66.92
BANKINDIA, 03-Aug-2026,139.01,141.66,139.01,140.5,137.95,8509334,11940.83,38866,3749147.0,44.06
BANKNIFTY1, 03-Aug-2026,60.25,60.25,58.9,59.87,59.46,410042,246.0,1548,201046.0,49.03
BANKPSU, 03-Aug-2026,82.6,86.14,82.6,85.33,84.51,16035,13.71,197,13114.0,81.78
BANSALWIRE, 03-Aug-2026,315.0,320.0,315.0,318.5,314.65,54172,172.0,1624,27822.0,51.36
BANSWRAS, 03-Aug-2026,126.0,128.0,123.5,127.34,123.66,31778,40.14,560,21064.0,66.28
BARFLEX, 03-Aug-2026,55.0,55.0,55.0,55.0,55.0,2000,1.1,1,2000.0,100.0
BASF, 03-Aug-2026,3652.0,3750.0,3652.0,3729.7,3633.8,14660,546.37,2829,8001.0,54.58
BASILIC, 03-Aug-2026,201.0,219.7,196.0,201.95,199.45,153900,316.45,407,63300.0,41.13
BATAINDIA, 03-Aug-2026,693.1,716.0,693.1,709.65,696.15,600705,4258.64,20094,342856.0,57.08
BATLIBOI, 03-Aug-2026,82.0,83.91,82.0,82.55,81.88,8753,7.28,173,7261.0,82.95
BAWEJA, 03-Aug-2026,28.0,28.75,26.45,28.75,27.8,50400,13.62,33,48800.0,96.83
BAYERCROP, 03-Aug-2026,4270.0,4324.0,4255.8,4303.3,4234.4,27279,1172.14,5305,16051.0,58.84
BBETF0432, 03-Aug-2026,1356.77,1358.0,1355.0,1355.09,1356.86,291,3.95,40,271.0,93.13
BBL, 03-Aug-2026,2539.0,2586.6,2535.0,2564.5,2524.4,28315,727.44,3842,15867.0,56.04
BBNPNBETF, 03-Aug-2026,58.7,58.97,57.91,58.29,57.56,934,0.54,43,587.0,62.85
BBNPPGOLD, 03-Aug-2026,136.85,137.8,136.0,137.05,137.5,2773,3.81,86,1127.0,40.64
BBOX, 03-Aug-2026,769.0,796.0,742.2,753.7,755.5,509040,3915.5,27422,230998.0,45.38
BBTC, 03-Aug-2026,1520.0,1558.0,1497.0,1537.2,1497.1,111484,1698.65,9863,56455.0,50.64
BBTCL, 03-Aug-2026,239.0,239.0,220.0,222.48,241.22,31193,70.8,1079,16054.0,51.47
BCG, 03-Aug-2026,9.38,9.5,9.3,9.35,9.33,2536384,238.49,2956,1613146.0,63.6
BCLIND, 03-Aug-2026,37.75,38.25,37.0,37.89,36.74,1467506,555.95,7343,823468.0,56.11
BCONCEPTS, 03-Aug-2026,188.05,191.0,185.88,189.14,188.55,10751,20.2,628,6602.0,61.41
BCPL, 03-Aug-2026,70.8,71.69,70.0,70.41,69.07,9435,6.66,198,7826.0,82.95
BDL, 03-Aug-2026,1254.9,1272.0,1254.9,1265.0,1253.1,361236,4568.33,16475,119093.0,32.97
BEACON, 03-Aug-2026,86.9,87.9,84.55,85.2,87.0,10000,8.59,9,7000.0,70.0
BEARDSELL, 03-Aug-2026,26.85,27.76,26.85,27.5,26.85,13877,3.79,105,9488.0,68.37
BECTORFOOD, 03-Aug-2026,207.34,213.2,207.13,211.27,206.46,1052608,2221.9,13624,354742.0,33.7
BEDMUTHA, 03-Aug-2026,109.4,114.0,109.2,111.71,108.91,3431,3.82,52,2596.0,75.66
BEEKAY, 03-Aug-2026,406.2,406.2,390.7,392.8,394.4,1540,6.07,75,888.0,57.66
BEL, 03-Aug-2026,390.0,392.25,388.0,392.15,387.85,9389415,36609.29,206783,6113447.0,65.11
BELLACASA, 03-Aug-2026,242.0,254.99,238.1,246.04,237.4,24355,60.27,967,14231.0,58.43
BELRISE, 03-Aug-2026,239.9,244.9,238.4,241.86,236.73,5748763,13928.09,61334,2399450.0,41.74
BEML, 03-Aug-2026,1755.0,1768.0,1740.0,1743.7,1750.4,149171,2607.95,12295,80300.0,53.83
BENGALASM, 03-Aug-2026,6379.0,6379.0,6180.5,6205.0,6218.5,43,2.69,23,29.0,67.44
BEPL, 03-Aug-2026,117.89,121.7,116.93,120.72,116.02,2334789,2787.24,16191,882612.0,37.8
BERGEPAINT, 03-Aug-2026,522.3,536.55,522.0,526.55,520.45,389074,2054.04,16813,198344.0,50.98
BESTAGRO, 03-Aug-2026,19.71,19.8,18.5,18.89,19.12,9001014,1705.72,18572,1625099.0,18.05
BETA, 03-Aug-2026,2231.9,2390.0,2226.8,2353.0,2231.9,33631,780.16,5625,14096.0,41.91
BEWLTD, 03-Aug-2026,58.9,58.9,57.4,57.95,57.75,11500,6.69,19,11500.0,100.0
BFINVEST, 03-Aug-2026,468.5,487.0,460.05,483.0,454.85,140019,674.43,7246,58091.0,41.49
BFSI, 03-Aug-2026,27.78,28.2,27.43,27.9,27.61,599668,167.26,1194,363780.0,60.66
BFUTILITIE, 03-Aug-2026,580.0,595.95,575.0,576.2,570.35,85468,499.31,3276,35112.0,41.08
BHADORA, 03-Aug-2026,87.0,90.0,86.95,89.5,86.0,14400,12.62,11,14400.0,100.0
BHAGCHEM, 03-Aug-2026,291.95,316.9,289.05,298.35,290.75,1299490,3988.95,27206,211610.0,16.28
BHARATCOAL, 03-Aug-2026,34.25,34.59,33.9,34.09,33.97,7406978,2534.74,16713,3263693.0,44.06
BHARATFORG, 03-Aug-2026,2218.0,2232.5,2192.0,2211.0,2199.8,596791,13175.34,33516,286058.0,47.93
BHARATRAS, 03-Aug-2026,1286.0,1349.9,1280.3,1337.2,1280.3,19868,263.39,1992,12898.0,64.92
BHARATSE, 03-Aug-2026,223.9,230.99,222.1,223.36,221.65,423854,960.83,10553,177786.0,41.95
BHARATWIRE, 03-Aug-2026,197.48,204.85,197.48,202.77,196.99,204511,413.05,3462,87339.0,42.71
BHARTIARTL, 03-Aug-2026,1987.4,1987.4,1943.0,1970.5,1972.0,4361200,85359.4,132115,2685029.0,61.57
BHARTIHEXA, 03-Aug-2026,1633.4,1653.9,1618.4,1645.8,1607.5,68641,1128.2,7869,41227.0,60.06
BHEL, 03-Aug-2026,409.0,414.35,406.45,411.15,407.0,5593016,22962.87,51573,2486874.0,44.46
BI, 03-Aug-2026,59.07,62.5,59.07,61.83,58.89,14711,9.04,227,9009.0,61.24
BIGBLOC, 03-Aug-2026,45.45,46.03,44.5,45.8,45.45,42425,19.35,774,30590.0,72.1
BIKAJI, 03-Aug-2026,641.65,656.0,641.65,650.0,641.65,86120,560.49,7087,45371.0,52.68
BIKEWO, 03-Aug-2026,65.05,66.0,63.65,64.7,65.1,108000,70.45,44,106000.0,98.15
BIL, 03-Aug-2026,764.95,764.95,735.0,760.85,740.6,1859,13.98,130,1347.0,72.46
BIMETAL, 03-Aug-2026,651.3,678.0,635.25,637.15,669.7,2106,13.64,109,1825.0,86.66
BIOCON, 03-Aug-2026,429.0,429.5,423.3,427.0,425.7,3389704,14445.88,30908,1926712.0,56.84
BIOFILCHEM, 03-Aug-2026,32.05,33.89,32.05,33.07,31.94,12853,4.24,173,8857.0,68.91
BIOPOL, 03-Aug-2026,103.95,103.95,96.0,101.55,101.95,98400,99.19,53,68400.0,69.51
BIRET, 03-Aug-2026,342.49,343.88,340.5,342.0,341.48,1200298,4105.35,12169,1116678.0,93.03
BIRLACORPN, 03-Aug-2026,903.0,909.2,884.0,906.1,890.5,129029,1155.92,11954,65649.0,50.88
BIRLAMONEY, 03-Aug-2026,134.84,136.37,133.15,134.25,134.84,44422,59.99,1107,25807.0,58.1
BIRLANU, 03-Aug-2026,1341.7,1369.9,1334.7,1341.3,1334.7,6095,82.09,819,3923.0,64.36
BIRLAPREC, 03-Aug-2026,34.8,34.95,33.56,34.8,34.07,10751,3.72,92,8360.0,77.76
BLACKBUCK, 03-Aug-2026,545.2,555.0,541.0,551.0,542.5,455290,2499.25,19008,99087.0,21.76
BLAL, 03-Aug-2026,172.75,176.2,172.75,174.62,172.75,17946,31.34,387,12460.0,69.43
BLBLIMITED, 03-Aug-2026,15.88,15.95,15.35,15.39,15.5,114654,17.83,289,74320.0,64.82
BLIL, 03-Aug-2026,70.89,71.25,70.06,70.88,70.37,61331,43.34,935,41180.0,67.14
BLKASHYAP, 03-Aug-2026,55.0,55.25,53.8,54.32,54.46,174052,95.01,1274,114055.0,65.53
BLS, 03-Aug-2026,240.0,251.5,239.42,250.75,239.4,1694645,4193.62,29051,913353.0,53.9
BLSE, 03-Aug-2026,306.1,307.65,298.1,299.8,300.66,824838,2497.93,12933,496516.0,60.2
BLUEDART, 03-Aug-2026,5560.0,5745.0,5326.0,5427.0,5160.3,601176,33202.44,88033,95446.0,15.88
BLUEJET, 03-Aug-2026,633.0,647.8,577.05,589.5,626.25,6512064,39316.15,140606,1812000.0,27.83
BLUEPEBBLE, 03-Aug-2026,69.9,70.0,69.9,70.0,69.95,3600,2.52,6,3600.0,100.0
BLUESTARCO, 03-Aug-2026,1683.4,1730.0,1678.6,1729.2,1681.2,374036,6401.85,22891,194360.0,51.96
BLUESTONE, 03-Aug-2026,823.4,831.0,791.05,802.7,816.2,5474663,44264.31,108887,548790.0,10.02
BLUEWATER, 03-Aug-2026,442.0,443.95,421.05,440.0,439.9,16000,69.59,16,14000.0,87.5
BLUSPRING, 03-Aug-2026,115.85,120.99,112.05,114.78,115.85,643179,752.95,6226,297399.0,46.24
BMLL, 03-Aug-2026,151.0,158.9,151.0,158.0,158.95,76000,117.36,17,73000.0,96.05
BMWVENTLTD, 03-Aug-2026,56.86,58.41,56.76,57.69,56.85,76337,44.02,883,40013.0,52.42
BNKETFAXIS, 03-Aug-2026,592.05,596.71,592.05,593.71,587.51,820,4.87,114,652.0,79.51
BOHRAIND, 03-Aug-2026,14.96,15.29,14.1,15.0,14.67,14199,2.07,79,8939.0,62.96
BOMDYEING, 03-Aug-2026,122.3,122.99,121.6,121.92,121.53,200678,245.39,2728,112825.0,56.22
BONLON, 03-Aug-2026,38.55,42.35,38.55,41.23,40.34,1950,0.81,77,1268.0,65.03
BORANA, 03-Aug-2026,324.65,334.0,317.25,318.85,324.65,24131,77.75,573,17495.0,72.5
BOROLTD, 03-Aug-2026,236.6,239.84,231.47,233.47,236.44,91420,215.07,3133,51060.0,55.85
BORORENEW, 03-Aug-2026,564.0,564.0,552.05,553.95,555.7,409223,2280.06,11819,248652.0,60.76
BOROSCI, 03-Aug-2026,160.01,163.5,147.2,153.42,157.65,341108,538.58,4290,151230.0,44.33
BOSCH-HCIL, 03-Aug-2026,1398.0,1409.7,1374.0,1390.2,1391.3,71134,991.76,2718,40608.0,57.09
BOSCHLTD, 03-Aug-2026,41325.0,41600.0,41105.0,41300.0,41085.0,14910,6164.01,6149,6451.0,43.27
BOSS, 03-Aug-2026,39.3,39.3,36.0,38.9,37.5,18000,6.95,7,16000.0,88.89
BPCL, 03-Aug-2026,324.75,329.95,322.0,329.95,319.75,5844038,18971.69,45871,2970314.0,50.83
BPL, 03-Aug-2026,53.9,54.95,53.9,54.49,53.33,24580,13.38,609,15840.0,64.44
BRACEPORT, 03-Aug-2026,61.05,70.4,61.05,70.4,61.05,19200,12.73,12,14400.0,75.0
BRANDMAN, 03-Aug-2026,170.0,175.0,170.0,171.1,178.05,19200,33.13,24,16800.0,87.5
BRIGADE, 03-Aug-2026,581.95,587.55,575.0,583.65,580.2,430693,2511.85,19297,253888.0,58.95
BRIGHOTEL, 03-Aug-2026,60.29,62.79,59.65,61.04,59.45,268790,164.69,3968,162621.0,60.5
BRITANNIA, 03-Aug-2026,5422.0,5531.0,5401.0,5531.0,5416.5,201410,10980.58,21091,126928.0,63.02
BRNL, 03-Aug-2026,17.55,18.22,17.2,17.47,17.51,45968,8.09,279,24058.0,52.34
BSE, 03-Aug-2026,3660.0,3671.4,3560.0,3575.0,3646.2,3750195,135560.93,185434,2061286.0,54.96
BSE500IETF, 03-Aug-2026,39.21,40.07,39.21,40.0,39.58,104846,41.89,1955,71719.0,68.4
BSL, 03-Aug-2026,126.95,126.95,123.25,123.65,124.8,3036,3.77,103,2419.0,79.68
BSLGOLDETF, 03-Aug-2026,125.91,125.91,124.36,124.69,124.66,121126,151.12,1998,57946.0,47.84
BSLNIFTY, 03-Aug-2026,28.6,29.31,28.2,28.84,28.6,1988887,573.49,8848,1653100.0,83.12
BSLSENETFG, 03-Aug-2026,77.75,79.97,76.98,79.14,78.55,3241,2.57,228,2640.0,81.46
BSOFT, 03-Aug-2026,303.95,323.0,303.1,321.5,302.4,3371518,10694.58,52782,1538441.0,45.63
BTML, 03-Aug-2026,6.95,6.98,6.58,6.84,7.09,403947,27.39,760,334917.0,82.91
BUILDPRO, 03-Aug-2026,1250.0,1360.0,1249.1,1343.6,1242.2,222434,2937.42,13053,99212.0,44.6
BULKCORP, 03-Aug-2026,58.6,58.6,58.6,58.6,58.6,1200,0.7,1,1200.0,100.0
BUTTERFLY, 03-Aug-2026,723.4,755.0,722.2,736.5,719.65,82511,608.69,4082,31185.0,37.79
BVCL, 03-Aug-2026,42.42,42.42,39.25,40.61,41.2,22305,9.03,227,14094.0,63.19
C2C, 03-Aug-2026,265.55,274.65,263.9,268.0,263.8,102000,273.25,455,58650.0,57.5
CAMLINFINE, 03-Aug-2026,125.25,130.5,125.25,128.47,127.74,331756,427.34,4750,184560.0,55.63
CAMPUS, 03-Aug-2026,223.9,225.0,222.38,223.2,222.35,553988,1238.85,12924,256906.0,46.37
CAMS, 03-Aug-2026,810.0,815.0,789.8,791.0,796.15,1922245,15447.32,49977,514153.0,26.75
CANARYS, 03-Aug-2026,21.0,21.95,20.15,21.3,20.25,188000,39.92,47,152000.0,80.85
CANBK, 03-Aug-2026,125.95,127.59,125.5,127.1,124.98,18180646,23074.25,84292,9870583.0,54.29
CANFINHOME, 03-Aug-2026,824.6,825.25,813.45,817.0,820.6,287473,2347.69,16843,208348.0,72.48
CANHLIFE, 03-Aug-2026,148.0,154.8,147.15,150.92,146.45,1146685,1724.9,11486,797782.0,69.57
CANTABIL, 03-Aug-2026,245.55,252.47,244.6,247.24,245.55,189873,468.71,2594,97388.0,51.29
CAPACITE, 03-Aug-2026,216.01,218.7,213.05,213.61,214.7,362818,779.76,5859,200364.0,55.22
CAPILLARY, 03-Aug-2026,505.95,505.95,493.05,495.55,497.35,61368,304.26,1965,31241.0,50.91
CAPINVIT, 03-Aug-2026,74.2,74.6,74.13,74.58,74.13,255411,189.94,2253,243294.0,95.26
CAPITALSFB, 03-Aug-2026,292.0,298.9,292.0,295.65,291.7,18503,54.56,691,9499.0,51.34
CAPLIPOINT, 03-Aug-2026,2516.8,2586.5,2496.2,2566.1,2516.8,55647,1422.08,11512,25963.0,46.66
CAPTRUST, 03-Aug-2026,18.7,19.07,18.7,19.07,18.17,87562,16.66,355,61469.0,70.2
CARBORUNIV, 03-Aug-2026,1076.1,1110.0,1063.8,1095.5,1063.8,199525,2167.1,21113,97514.0,48.87
CARERATING, 03-Aug-2026,1723.0,1763.0,1703.2,1715.6,1709.5,50880,881.49,9541,26638.0,52.35
CARRARO, 03-Aug-2026,538.9,545.15,533.05,542.8,536.4,129879,705.53,10079,85087.0,65.51
CARTRADE, 03-Aug-2026,2746.0,2827.9,2727.7,2803.3,2719.6,352049,9861.6,28171,134657.0,38.25
CARYSIL, 03-Aug-2026,1170.1,1196.0,1168.0,1188.3,1175.3,71106,840.96,6502,42606.0,59.92
CASHIETF, 03-Aug-2026,1073.61,1073.63,1073.61,1073.62,1073.5,155914,1673.93,502,85398.0,54.77
CASTROLIND, 03-Aug-2026,185.54,186.9,184.98,185.84,185.21,1264598,2352.97,14505,794791.0,62.85
CCAVENUE, 03-Aug-2026,16.04,18.05,15.92,17.43,15.85,95564917,16415.09,100946,42051270.0,44.0
CCCL, 03-Aug-2026,15.65,15.99,15.56,15.73,15.49,124087,19.57,511,67241.0,54.19
CCHHL, 03-Aug-2026,13.01,13.47,12.82,13.06,13.08,32135,4.24,153,21408.0,66.62
CCL, 03-Aug-2026,1156.5,1197.1,1136.1,1152.4,1155.3,182159,2127.04,16031,114772.0,63.01
CDSL, 03-Aug-2026,1341.9,1354.0,1318.0,1322.2,1333.0,2784297,37275.85,56772,1285749.0,46.18
CEATLTD, 03-Aug-2026,3481.9,3563.0,3451.1,3542.5,3429.9,152999,5399.38,23911,75886.0,49.6
CEDAAR, 03-Aug-2026,17.2,17.2,17.2,17.2,17.2,1000,0.17,1,1000.0,100.0
CEIGALL, 03-Aug-2026,342.75,349.45,342.75,344.75,342.75,120537,417.83,3852,65819.0,54.6
CEINSYS, 03-Aug-2026,841.0,858.0,820.0,833.1,839.35,50461,425.54,3676,27157.0,53.82
CELEBRITY, 03-Aug-2026,7.12,7.3,6.97,7.11,6.95,29141,2.08,104,17733.0,60.85
CELLECOR, 03-Aug-2026,34.4,34.9,33.6,33.65,34.05,45000,15.45,15,42000.0,93.33
CELLO, 03-Aug-2026,345.0,348.5,344.05,345.55,343.3,182632,632.22,9240,112264.0,61.47
CELLPOINT, 03-Aug-2026,18.95,18.95,18.95,18.95,17.25,1200,0.23,1,1200.0,100.0
CEMNTGROWW, 03-Aug-2026,15.55,15.55,15.24,15.49,15.23,79261,12.22,515,64448.0,81.31
CEMPRO, 03-Aug-2026,1375.0,1375.0,1326.1,1363.3,1367.8,439717,5952.18,20005,253242.0,57.59
CENTENKA, 03-Aug-2026,615.0,625.9,614.5,621.6,610.45,161398,1002.1,4955,100692.0,62.39
CENTEXT, 03-Aug-2026,20.0,20.69,19.37,20.0,19.87,203679,41.17,999,137577.0,67.55
CENTRALBK, 03-Aug-2026,31.11,31.6,31.09,31.46,30.97,6387087,2006.08,14922,3297091.0,51.62
CENTRUM, 03-Aug-2026,23.81,24.76,23.52,24.09,23.73,611346,147.31,2087,346304.0,56.65
CENTUM, 03-Aug-2026,3600.0,3748.4,3577.2,3676.5,3543.1,52835,1949.51,11027,25184.0,47.67
CENTURYPLY, 03-Aug-2026,802.0,827.9,767.1,772.8,799.5,358636,2861.24,15510,160297.0,44.7
CERA, 03-Aug-2026,6200.0,6308.0,6130.0,6280.5,6126.0,6740,419.8,2018,3408.0,50.56
CESC, 03-Aug-2026,166.0,169.1,164.58,165.98,165.57,901195,1498.42,18409,354858.0,39.38
CEWATER, 03-Aug-2026,290.0,290.05,285.0,285.8,287.8,74058,212.82,2489,45805.0,61.85
CGCL, 03-Aug-2026,232.38,234.83,225.1,227.47,232.38,2461491,5678.66,21724,986610.0,40.08
CGPOWER, 03-Aug-2026,865.55,867.95,826.1,826.1,863.4,4042469,34660.29,76778,2342349.0,57.94
CGRAPHICS, 03-Aug-2026,136.75,151.0,136.75,143.65,135.4,84800,123.66,98,66400.0,78.3
CHALET, 03-Aug-2026,811.4,828.45,807.95,821.5,811.4,69654,571.33,9088,35686.0,51.23
CHAMBLFERT, 03-Aug-2026,440.0,455.7,439.75,455.0,438.9,882614,3989.19,16512,429949.0,48.71
CHAMUNDA, 03-Aug-2026,43.95,44.0,43.0,43.0,43.0,9000,3.93,3,6000.0,66.67
CHANDAN, 03-Aug-2026,250.0,251.95,244.25,250.5,239.1,44000,109.29,54,27200.0,61.82
CHAVDA, 03-Aug-2026,127.5,131.0,126.7,128.35,125.9,55000,70.48,53,34000.0,61.82
CHEMICAL, 03-Aug-2026,29.75,30.87,29.75,30.69,30.17,507603,155.2,1226,373147.0,73.51
CHEMPLASTS, 03-Aug-2026,194.21,198.3,194.21,196.1,194.18,226481,445.46,4533,122152.0,53.93
CHENNPETRO, 03-Aug-2026,1266.7,1343.0,1266.0,1325.5,1260.6,3024039,39891.83,78483,962463.0,31.83
CHETANA, 03-Aug-2026,46.0,46.0,46.0,46.0,46.0,3200,1.47,2,3200.0,100.0
CHEVIOT, 03-Aug-2026,1150.0,1150.0,1112.0,1130.4,1106.6,2008,22.68,271,1341.0,66.78
CHOICEGOLD, 03-Aug-2026,141.1,142.99,139.05,140.54,141.1,41553,58.56,183,4255.0,10.24
CHOICEIN, 03-Aug-2026,828.0,835.8,821.0,828.1,822.95,550388,4569.55,8558,179870.0,32.68
CHOLAFIN, 03-Aug-2026,1870.4,1913.0,1861.1,1888.2,1849.9,2277492,43005.52,86522,1142753.0,50.18
CHOLAHLDNG, 03-Aug-2026,1554.0,1590.0,1550.0,1574.6,1534.2,291653,4582.27,26256,178987.0,61.37
CIEINDIA, 03-Aug-2026,409.45,422.0,409.45,419.65,408.6,467187,1953.95,19585,286396.0,61.3
CIFL, 03-Aug-2026,21.89,22.61,20.62,20.76,20.78,102825,21.92,627,75019.0,72.96
CINELINE, 03-Aug-2026,89.75,92.9,87.9,88.53,87.8,62732,56.52,1066,32953.0,52.53
CINEVISTA, 03-Aug-2026,15.49,15.49,14.81,14.94,15.06,11459,1.72,97,8650.0,75.49
CIPLA, 03-Aug-2026,1475.0,1480.6,1454.3,1474.4,1473.2,811745,11905.61,31756,394623.0,48.61
CITIUSINVT, 03-Aug-2026,109.61,112.78,108.21,109.09,109.54,212228,232.37,1198,164507.0,77.51
CLAYCRAFT, 03-Aug-2026,170.0,178.0,169.3,175.1,166.15,63600,110.93,80,49200.0,77.36
CLEAN, 03-Aug-2026,757.55,799.8,735.0,764.15,734.05,3558094,27127.98,153295,868684.0,24.41
CLEANMAX, 03-Aug-2026,1373.0,1417.5,1338.0,1349.5,1335.6,514965,7052.97,42465,125181.0,24.31
CLSEL, 03-Aug-2026,288.0,297.0,285.05,292.3,285.5,87977,256.53,2214,50048.0,56.89
CLSL, 03-Aug-2026,65.9,66.4,65.0,66.2,65.9,58000,37.9,16,58000.0,100.0
CMLL, 03-Aug-2026,566.9,571.65,542.0,566.85,556.1,1270104,7107.08,24194,322676.0,25.41
CMNL, 03-Aug-2026,97.4,100.0,97.4,98.8,94.0,18000,17.76,17,16500.0,91.67
CMPDI, 03-Aug-2026,243.8,249.7,243.51,247.49,239.83,1911924,4721.71,46264,852187.0,44.57
CMRGREEN, 03-Aug-2026,219.0,227.8,217.3,222.58,216.7,1805490,4030.58,25610,1007254.0,55.79
CMRSL, 03-Aug-2026,60.9,62.85,60.9,62.85,64.1,6400,3.91,7,5600.0,87.5
CMSINFO, 03-Aug-2026,267.7,278.6,267.5,275.4,263.7,1312567,3605.15,21640,856210.0,65.23
CNL, 03-Aug-2026,1006.0,1028.95,1000.25,1015.9,993.2,67299,682.8,4199,32790.0,48.72
COALINDIA, 03-Aug-2026,415.95,416.0,412.6,416.0,414.15,5371911,22263.14,110579,3476302.0,64.71
COASTCORP, 03-Aug-2026,49.01,56.68,49.01,51.04,48.84,876777,462.89,4271,267774.0,30.54
COCHINSHIP, 03-Aug-2026,1430.0,1448.6,1423.5,1441.9,1423.0,919243,13245.22,35482,437979.0,47.65
COCKERILL, 03-Aug-2026,8670.0,9149.0,8500.5,8987.5,8645.5,8857,780.97,2329,3428.0,38.7
COFORGE, 03-Aug-2026,1739.0,1771.0,1719.0,1768.0,1721.0,2365023,41294.02,65382,1108155.0,46.86
COHANCE, 03-Aug-2026,425.05,436.7,423.0,425.35,425.05,312974,1341.49,10429,157041.0,50.18
COLPAL, 03-Aug-2026,2076.1,2116.6,2050.1,2077.0,2076.1,515125,10693.32,32295,292786.0,56.84
COMFINTE, 03-Aug-2026,6.99,7.05,6.89,6.89,6.91,710523,49.33,731,418551.0,58.91
COMMITTED, 03-Aug-2026,342.5,350.0,332.5,350.0,350.0,61600,214.97,32,61600.0,100.0
COMMOIETF, 03-Aug-2026,99.62,101.7,99.62,101.49,100.63,62270,63.05,681,42366.0,68.04
COMPUSOFT, 03-Aug-2026,13.43,13.67,13.32,13.4,13.43,15772,2.12,174,11542.0,73.18
COMSYN, 03-Aug-2026,215.0,218.8,208.0,208.72,214.81,565652,1185.97,3932,423387.0,74.85
CONCOR, 03-Aug-2026,527.0,531.7,522.5,525.0,525.5,1928428,10137.76,39186,971114.0,50.36
CONCORDBIO, 03-Aug-2026,1444.4,1456.3,1389.0,1414.6,1420.8,402980,5715.05,27971,168692.0,41.86
CONFIPET, 03-Aug-2026,80.03,84.4,80.0,83.77,79.66,5300850,4402.79,27634,2495007.0,47.07
CONNPLEX, 03-Aug-2026,205.5,207.45,204.25,204.5,202.05,13600,27.92,16,12800.0,94.12
CONS, 03-Aug-2026,12.65,12.65,12.29,12.47,12.47,80418,10.07,212,54416.0,67.67
CONSUMAXIS, 03-Aug-2026,124.29,125.69,124.29,125.1,124.29,7213,9.05,46,3441.0,47.71
CONSUMBEES, 03-Aug-2026,135.09,135.93,133.53,135.2,134.53,219813,297.8,1435,188060.0,85.55
CONSUMER, 03-Aug-2026,12.11,12.25,12.1,12.18,12.08,421073,51.21,502,284379.0,67.54
CONSUMIETF, 03-Aug-2026,127.91,127.91,125.35,125.94,125.4,26499,33.39,314,16043.0,60.54
CONTROLPR, 03-Aug-2026,571.05,577.0,570.05,571.45,572.5,23627,135.4,2236,15229.0,64.46
COOLCAPS, 03-Aug-2026,22.0,23.0,21.05,22.9,22.0,50000,11.06,25,50000.0,100.0
CORALFINAC, 03-Aug-2026,34.74,35.95,32.7,33.4,33.6,272811,93.27,998,102854.0,37.7
CORDELIA, 03-Aug-2026,830.0,831.9,801.1,806.75,820.8,128243,1042.72,6490,49352.0,38.48
COROMANDEL, 03-Aug-2026,2083.0,2128.9,2064.5,2115.3,2073.6,184125,3875.37,20441,115395.0,62.67
CORONA, 03-Aug-2026,2210.0,2210.0,2052.0,2105.7,2098.8,115041,2433.11,24236,42196.0,36.68
COSMOFIRST, 03-Aug-2026,896.75,914.9,894.1,910.05,892.3,102857,932.32,5625,55458.0,53.92
COUNCODOS, 03-Aug-2026,5.95,6.24,5.89,6.02,5.95,47085,2.81,192,41480.0,88.1
CPEDU, 03-Aug-2026,208.0,215.1,202.6,207.48,208.81,16046,33.82,455,10380.0,64.69
CPL, 03-Aug-2026,71.5,72.45,70.2,70.49,71.04,29740,21.19,327,21646.0,72.78
CPPLUS, 03-Aug-2026,3444.2,3525.0,3346.6,3428.7,3391.0,164705,5680.44,20688,72878.0,44.25
CPS, 03-Aug-2026,1050.0,1074.15,1000.05,1051.35,1023.0,3600,37.84,20,3300.0,91.67
CPSEETF, 03-Aug-2026,94.99,96.29,94.7,94.89,94.91,757122,719.48,11157,506371.0,66.88
CRAFTSMAN, 03-Aug-2026,9934.5,10400.0,9922.5,10338.5,9873.5,85274,8755.4,23601,35369.0,41.48
CRAMC, 03-Aug-2026,262.0,265.0,258.9,261.2,261.27,358624,941.78,9976,199548.0,55.64
CREATIVEYE, 03-Aug-2026,6.1,6.72,6.1,6.2,6.24,13205,0.83,77,9923.0,75.15
CREDITACC, 03-Aug-2026,1602.0,1606.0,1542.2,1558.2,1592.8,290154,4523.33,27286,140141.0,48.3
CREST, 03-Aug-2026,376.55,395.0,372.1,389.7,376.2,15908,61.38,584,9534.0,59.93
CRISIL, 03-Aug-2026,4359.8,4450.0,4309.9,4424.9,4359.8,53732,2371.26,9151,32148.0,59.83
CRIZAC, 03-Aug-2026,198.4,205.0,188.22,195.88,195.13,2333300,4562.35,41637,497878.0,21.34
CROMPTON, 03-Aug-2026,261.5,268.8,260.8,266.3,260.2,1873396,4981.57,27339,651093.0,34.75
CROWN, 03-Aug-2026,114.59,116.0,113.16,115.11,114.59,7190,8.28,72,6974.0,97.0
CSBBANK, 03-Aug-2026,330.1,334.75,329.65,332.8,329.9,211279,702.91,6141,119874.0,56.74
CSLFINANCE, 03-Aug-2026,214.99,225.99,212.02,219.78,212.96,15488,33.69,288,12614.0,81.44
CSM, 03-Aug-2026,102.52,108.2,101.1,104.88,104.78,1147334,1221.71,9290,370906.0,32.33
CSSL, 03-Aug-2026,100.0,100.0,99.0,99.25,98.15,5000,4.99,5,4000.0,80.0
CTE, 03-Aug-2026,36.48,38.35,34.0,37.65,34.92,79517,29.65,673,61813.0,77.74
CUB, 03-Aug-2026,208.5,210.48,202.6,204.65,206.5,2349845,4852.78,34009,1239084.0,52.73
CUBEINVIT, 03-Aug-2026,156.05,157.44,153.52,156.49,156.96,4831179,7535.93,33886,4362391.0,90.3
CUBEXTUB, 03-Aug-2026,77.5,79.95,76.66,79.65,76.28,54804,43.03,961,37242.0,67.95
CUDML, 03-Aug-2026,131.0,131.0,131.0,131.0,133.5,5000,6.55,5,5000.0,100.0
CUMMINSIND, 03-Aug-2026,5526.0,5550.0,5486.0,5550.0,5519.0,146209,8064.81,19873,75586.0,51.7
CUPID, 03-Aug-2026,231.5,234.38,229.0,230.95,230.62,11488664,26678.79,67980,3865889.0,33.65
CURAA, 03-Aug-2026,71.11,72.78,71.1,72.5,73.14,470,0.34,34,371.0,78.94
CURIS, 03-Aug-2026,125.0,125.0,110.0,110.1,113.0,9000,10.31,9,7000.0,77.78
CURRENT, 03-Aug-2026,100.6,103.5,100.6,103.5,108.0,6400,6.56,4,1600.0,25.0
CYIENT, 03-Aug-2026,847.7,865.9,845.0,858.55,847.7,309567,2660.89,20292,200280.0,64.7
CYIENTDLM, 03-Aug-2026,672.0,687.2,670.0,671.7,670.05,207998,1409.19,12292,91858.0,44.16
DABUR, 03-Aug-2026,423.8,426.2,421.4,425.8,421.45,1969475,8353.61,30847,1114397.0,56.58
DALBHARAT, 03-Aug-2026,1799.7,1846.6,1795.0,1844.6,1799.7,226772,4148.66,12764,66237.0,29.21
DALMIASUG, 03-Aug-2026,351.0,421.05,351.0,411.85,350.9,10294952,41144.67,123948,849563.0,8.25
DAMCAPITAL, 03-Aug-2026,155.7,155.7,152.1,153.71,152.86,197235,303.76,2743,110634.0,56.09
DANGEE, 03-Aug-2026,2.95,3.08,2.9,2.98,2.94,51910,1.58,88,46582.0,89.74
DANISH, 03-Aug-2026,825.0,833.0,815.0,820.2,814.6,27150,222.89,108,23100.0,85.08
DATAMATICS, 03-Aug-2026,833.7,835.0,820.05,824.95,832.05,58143,481.06,4436,29528.0,50.79
DATAPATTNS, 03-Aug-2026,4300.7,4455.0,4236.1,4428.8,4281.0,1046196,45571.67,78504,205201.0,19.61
DAVANGERE, 03-Aug-2026,3.25,3.29,3.17,3.18,3.19,5404905,173.09,2075,3325028.0,61.52
DBCORP, 03-Aug-2026,210.0,213.2,208.28,210.53,208.95,140805,296.2,3519,65277.0,46.36
DBL, 03-Aug-2026,426.9,464.7,425.9,444.35,429.2,1336317,6037.53,32626,304964.0,22.82
DBOL, 03-Aug-2026,97.55,106.13,97.01,102.91,97.88,260131,265.58,2758,142413.0,54.75
DCAL, 03-Aug-2026,187.3,191.24,187.05,188.05,186.94,106708,201.99,2796,58012.0,54.37
DCBBANK, 03-Aug-2026,189.0,191.89,187.16,191.09,186.09,801482,1530.16,9628,382068.0,47.67
DCCL, 03-Aug-2026,49.5,50.9,49.5,50.9,49.0,6000,3.03,3,6000.0,100.0
DCG, 03-Aug-2026,54.5,54.9,54.35,54.6,52.15,13200,7.21,10,13200.0,100.0
DCI, 03-Aug-2026,345.0,365.9,315.0,337.2,329.7,155608,548.08,5756,69663.0,44.77
DCMFINSERV, 03-Aug-2026,5.05,5.59,4.7,4.94,5.22,25466,1.26,131,18204.0,71.48
DCMSHRIRAM, 03-Aug-2026,1045.9,1045.9,1025.0,1029.8,1033.9,134290,1388.56,8621,63219.0,47.08
DCMSRIND, 03-Aug-2026,39.3,42.35,39.3,41.56,39.26,218527,89.62,2269,116738.0,53.42
DCW, 03-Aug-2026,46.46,47.3,46.28,46.73,46.19,584703,274.33,2625,292460.0,50.02
DCXINDIA, 03-Aug-2026,181.8,184.5,181.31,183.55,180.37,286931,526.49,4269,166318.0,57.96
DDEVPLSTIK, 03-Aug-2026,268.15,289.95,268.15,288.35,268.15,265871,749.68,4509,126763.0,47.68
DECCANCE, 03-Aug-2026,551.1,561.85,551.1,556.0,553.2,12303,68.49,326,9916.0,80.6
DECNGOLD, 03-Aug-2026,199.99,205.7,198.0,204.28,197.73,1642489,3329.67,18261,544453.0,33.15
DEEM, 03-Aug-2026,48.5,48.5,48.5,48.5,51.0,1000,0.49,1,1000.0,100.0
DEEPAKFERT, 03-Aug-2026,1562.0,1593.8,1536.1,1576.0,1552.8,297790,4694.69,16195,117370.0,39.41
DEEPAKNTR, 03-Aug-2026,1667.0,1725.0,1656.1,1713.8,1662.2,179743,3056.25,17551,91634.0,50.98
DEEPINDS, 03-Aug-2026,613.0,655.0,608.9,649.3,596.9,3599984,22932.32,77808,769398.0,21.37
DEFENCE, 03-Aug-2026,80.7,80.7,78.7,79.12,78.35,129174,102.14,667,94083.0,72.83
DELAPLEX, 03-Aug-2026,94.5,99.7,94.5,95.35,94.5,7800,7.45,10,6000.0,76.92
DELHIVERY, 03-Aug-2026,487.95,487.95,468.85,470.0,481.95,3336754,15896.51,50893,1221351.0,36.6
DELTACORP, 03-Aug-2026,63.29,63.94,63.12,63.4,62.97,744582,473.24,3902,362599.0,48.7
DELTAMAGNT, 03-Aug-2026,56.76,59.0,56.76,57.92,56.86,2731,1.58,65,1969.0,72.1
DELTIC, 03-Aug-2026,36.3,38.8,36.25,38.15,36.45,36000,13.49,27,29000.0,80.56
DEN, 03-Aug-2026,27.49,27.86,27.49,27.72,27.41,271484,75.14,1311,175228.0,64.54
DENEERS, 03-Aug-2026,185.0,188.95,182.0,185.1,186.95,42000,77.58,54,28800.0,68.57
DENORA, 03-Aug-2026,906.4,935.3,870.6,891.05,906.4,15207,137.61,1122,9250.0,60.83
DENTA, 03-Aug-2026,358.75,366.0,352.25,364.05,354.25,460266,1658.2,12535,174340.0,37.88
DENTALKART, 03-Aug-2026,393.75,393.75,388.2,390.55,393.75,10000,39.1,30,7000.0,70.0
DEVIT, 03-Aug-2026,27.3,27.49,26.81,27.12,27.03,27764,7.54,221,25390.0,91.45
DEVX, 03-Aug-2026,34.97,34.97,33.9,34.33,33.94,62313,21.42,2452,52459.0,84.19
DEVYANI, 03-Aug-2026,114.5,117.14,112.55,116.76,114.18,2504773,2895.91,41491,1104317.0,44.09
DGCONTENT, 03-Aug-2026,24.98,25.29,23.62,23.84,23.96,23800,5.77,145,15976.0,67.13
DHAMPURSUG, 03-Aug-2026,139.5,146.25,138.46,143.84,135.48,1242280,1779.77,18192,352558.0,28.38
DHANBANK, 03-Aug-2026,32.6,33.66,32.27,32.73,32.07,1294688,425.54,5156,495803.0,38.3
DHANLAXMI, 03-Aug-2026,26.95,26.95,26.95,26.95,27.1,2000,0.54,1,2000.0,100.0
DHANUKA, 03-Aug-2026,1019.0,1049.5,943.3,1023.3,1021.9,340620,3409.82,23185,56743.0,16.66
DHARARAIL, 03-Aug-2026,136.0,136.85,134.0,135.8,133.8,49000,66.59,22,49000.0,100.0
DHARIWAL, 03-Aug-2026,30.0,31.0,27.25,27.9,30.45,333000,95.33,102,243000.0,72.97
DHARMAJ, 03-Aug-2026,270.4,272.5,267.75,269.85,267.85,20508,55.36,893,17956.0,87.56
DHUNINV, 03-Aug-2026,866.55,895.0,865.0,886.9,846.55,517,4.57,114,343.0,66.34
DIACABS, 03-Aug-2026,322.0,329.0,316.5,322.85,323.97,3140560,10149.06,28910,1732921.0,55.18
DIAMINESQ, 03-Aug-2026,243.4,244.0,239.1,239.73,243.05,3443,8.33,202,3014.0,87.54
DIAMONDYD, 03-Aug-2026,1199.0,1199.0,1102.1,1163.8,1159.5,412833,4697.12,9613,185055.0,44.83
DICIND, 03-Aug-2026,510.4,528.0,508.0,510.1,514.65,765,3.93,44,451.0,58.95
DIFFNKG, 03-Aug-2026,385.1,410.0,385.1,406.1,383.65,164109,660.56,5484,73320.0,44.68
DIGIDRIVE, 03-Aug-2026,17.63,18.0,17.55,17.76,17.76,32984,5.83,133,30888.0,93.65
DIGIKORE, 03-Aug-2026,38.25,42.65,38.0,41.9,39.0,144800,59.15,193,111600.0,77.07
DIGITIDE, 03-Aug-2026,101.49,102.89,99.2,100.15,101.33,210639,212.72,2617,97031.0,46.07
DIGJAMLMTD, 03-Aug-2026,49.01,50.0,47.03,48.59,48.95,16187,7.93,114,13913.0,85.95
DISAQ, 03-Aug-2026,12350.0,12350.0,12200.0,12332.0,12225.0,824,101.23,549,328.0,39.81
DIVGIITTS, 03-Aug-2026,984.85,986.95,960.45,975.6,962.75,25072,244.68,2465,13334.0,53.18
DIVIDEND, 03-Aug-2026,36.38,36.55,36.31,36.46,36.1,6132,2.23,83,5963.0,97.24
DIVINEHIRA, 03-Aug-2026,108.0,109.0,107.0,109.0,107.9,12000,12.97,10,9600.0,80.0
DIVISLAB, 03-Aug-2026,8380.0,8585.0,8105.0,8585.0,8056.0,1798150,150083.99,150785,573969.0,31.92
DIVOPPBEES, 03-Aug-2026,79.11,79.44,78.28,79.31,78.34,86558,68.61,1361,58933.0,68.08
DIVYADHAN, 03-Aug-2026,54.8,54.8,54.8,54.8,53.75,4000,2.19,2,4000.0,100.0
DIXON, 03-Aug-2026,13875.0,14085.0,13579.0,13892.0,14049.0,728101,100965.19,94021,186944.0,25.68
DJML, 03-Aug-2026,114.3,115.86,111.1,112.58,114.81,203464,231.02,3364,27528.0,13.53
DKEGL, 03-Aug-2026,66.0,66.0,66.0,66.0,65.25,1500,0.99,1,1500.0,100.0
DLF, 03-Aug-2026,668.25,670.9,660.6,668.55,659.3,1660676,11058.64,32490,498136.0,30.0
DLINKINDIA, 03-Aug-2026,452.85,459.2,449.1,450.8,451.8,114653,520.96,4247,60220.0,52.52
DMART, 03-Aug-2026,3945.1,4017.0,3912.1,4015.0,3921.0,497304,19797.5,32754,240318.0,48.32
DMCC, 03-Aug-2026,282.75,285.9,274.35,278.0,282.75,52656,147.23,1628,30774.0,58.44
DNAMEDIA, 03-Aug-2026,2.76,3.15,2.76,2.87,2.83,167358,4.87,197,33505.0,20.02
DODLA, 03-Aug-2026,1026.1,1052.8,1026.1,1046.3,1040.6,12607,131.66,2375,4941.0,39.19
DOLATALGO, 03-Aug-2026,67.77,68.84,67.45,67.56,68.17,170157,115.46,1809,119187.0,70.05
DOLLAR, 03-Aug-2026,267.95,269.3,264.55,267.4,264.0,65550,175.47,1626,39968.0,60.97
DOLLEX, 03-Aug-2026,30.0,31.5,30.0,30.45,30.25,56000,17.01,8,56000.0,100.0
DOLPHIN, 03-Aug-2026,404.0,418.4,390.15,405.45,393.8,69378,282.6,1889,44401.0,64.0
DOMS, 03-Aug-2026,2282.6,2324.7,2230.0,2292.0,2260.0,53904,1239.27,9179,25709.0,47.69
DONEAR, 03-Aug-2026,84.95,85.0,82.01,84.44,84.74,62982,52.71,675,30378.0,48.23
DPABHUSHAN, 03-Aug-2026,1329.9,1436.0,1329.9,1420.2,1317.95,73799,1032.37,7253,24969.0,33.83
DPEL, 03-Aug-2026,560.05,563.0,547.0,548.0,558.5,44500,246.11,85,27000.0,60.67
DRAGARWQ, 03-Aug-2026,5134.5,5134.5,5000.0,5007.0,5022.5,1335,66.97,184,1058.0,79.25
DRCSYSTEMS, 03-Aug-2026,13.21,13.63,13.15,13.57,13.12,23317,3.12,240,20444.0,87.68
DREAMFOLKS, 03-Aug-2026,66.01,68.45,66.0,67.48,66.66,41228,27.88,1207,27416.0,66.5
DREDGECORP, 03-Aug-2026,1145.0,1161.5,1088.0,1096.5,1139.4,139028,1560.78,8824,59995.0,43.15
DRONE, 03-Aug-2026,41.3,41.3,39.05,39.4,39.4,17500,6.97,32,13500.0,77.14
DRREDDY, 03-Aug-2026,1166.2,1182.0,1160.3,1180.0,1148.1,2150927,25099.25,89061,1110142.0,51.61
DSSL, 03-Aug-2026,1241.0,1280.0,1226.0,1253.3,1233.1,38680,481.28,2383,23895.0,61.78
DTIL, 03-Aug-2026,130.87,133.97,130.01,130.39,130.87,2121,2.79,39,1592.0,75.06
DTL, 03-Aug-2026,120.0,120.0,120.0,120.0,120.0,1200,1.44,1,1200.0,100.0
DUCOL, 03-Aug-2026,114.9,114.9,104.65,113.45,103.1,13600,14.85,9,12000.0,88.24
DUCON, 03-Aug-2026,3.0,3.02,2.9,2.98,2.95,140674,4.2,288,133887.0,95.18
DURLAX, 03-Aug-2026,58.45,58.45,57.0,57.0,57.15,30000,17.41,14,28000.0,93.33
DVL, 03-Aug-2026,239.85,247.2,238.25,245.89,240.64,6618,16.17,297,4672.0,70.6
DWARKESH, 03-Aug-2026,37.28,39.49,37.28,39.0,37.04,2345093,909.36,11952,835738.0,35.64
DYCL, 03-Aug-2026,398.0,406.85,394.65,402.45,395.2,345799,1394.66,8179,108504.0,31.38
DYNAMATECH, 03-Aug-2026,10356.0,10985.0,10356.0,10763.0,10339.0,17854,1933.58,6555,6401.0,35.85
DYNAMIC, 03-Aug-2026,136.75,136.95,134.0,134.0,137.25,2000,2.71,4,2000.0,100.0
DYNPRO, 03-Aug-2026,275.0,275.0,260.6,264.2,263.12,19622,52.23,547,14313.0,72.94
E2E, 03-Aug-2026,536.35,543.0,526.9,543.0,517.15,539520,2903.76,4742,356236.0,66.03
E2ERAIL, 03-Aug-2026,272.0,279.4,272.0,279.4,267.55,18400,50.66,22,16000.0,86.96
EASEMYTRIP, 03-Aug-2026,6.66,6.74,6.59,6.6,6.61,21818045,1449.93,12443,9256780.0,42.43
EBANKNIFTY, 03-Aug-2026,58.25,58.54,57.86,58.41,57.95,4830,2.81,42,4437.0,91.86
EBBETF0430, 03-Aug-2026,1615.7,1615.7,1608.01,1610.35,1608.56,24591,396.3,2159,21752.0,88.46
EBBETF0431, 03-Aug-2026,1437.0,1444.74,1435.64,1438.99,1441.34,57504,827.41,211,55696.0,96.86
EBBETF0433, 03-Aug-2026,1318.86,1320.0,1312.7,1319.23,1316.96,10158,133.84,224,4883.0,48.07
EBGNG, 03-Aug-2026,539.15,547.0,516.85,535.2,528.65,561641,2995.79,21505,287787.0,51.24
ECAPINSURE, 03-Aug-2026,23.58,24.15,23.58,23.97,23.82,61152,14.61,361,56284.0,92.04
ECLERX, 03-Aug-2026,1860.1,1945.0,1852.0,1922.2,1845.5,159968,3061.09,18099,59704.0,37.32
ECOLINE, 03-Aug-2026,198.0,200.0,188.0,194.0,195.7,23000,44.21,18,21000.0,91.3
EDELWEISS, 03-Aug-2026,116.6,118.45,116.04,116.33,115.47,1669628,1956.03,17235,869729.0,52.09
EEPL, 03-Aug-2026,101.2,102.0,99.3,102.0,101.15,15000,15.15,14,13000.0,86.67
EFACTOR, 03-Aug-2026,175.55,176.6,170.0,172.2,175.0,4400,7.65,10,3600.0,81.82
EFCIL, 03-Aug-2026,194.51,195.98,192.05,193.96,194.86,283297,547.67,4310,159202.0,56.2
EFFWA, 03-Aug-2026,374.75,383.0,365.55,377.25,371.05,14000,52.63,23,12800.0,91.43
EFORCE, 03-Aug-2026,20.6,21.25,20.6,21.25,21.75,25200,5.26,18,18000.0,71.43
EGOLD, 03-Aug-2026,143.05,143.05,141.4,141.7,141.65,29918,42.4,454,15474.0,51.72
EICHERMOT, 03-Aug-2026,7900.0,8056.0,7852.0,8050.0,7833.5,1009396,80709.98,83688,586823.0,58.14
EIDPARRY, 03-Aug-2026,761.2,782.8,761.2,780.3,760.05,179666,1396.36,11279,102086.0,56.82
EIEL, 03-Aug-2026,223.0,224.4,221.1,222.64,220.06,641485,1428.84,10811,265356.0,41.37
EIHAHOTELS, 03-Aug-2026,313.0,317.0,309.2,312.55,309.95,14302,44.93,736,8588.0,60.05
EIHOTEL, 03-Aug-2026,327.55,332.1,327.4,330.1,327.0,85964,283.84,4198,50024.0,58.19
EIMCOELECO, 03-Aug-2026,1793.0,1874.5,1785.5,1837.8,1780.8,21467,391.65,2585,13988.0,65.16
EKC, 03-Aug-2026,107.7,110.5,106.89,109.78,106.77,180853,197.12,2822,95971.0,53.07
ELANTAS, 03-Aug-2026,9497.0,9899.0,9497.0,9797.0,9370.0,935,90.94,310,736.0,78.72
ELCIDIN, 03-Aug-2026,112995.0,112995.0,110600.0,111750.0,111000.0,18,20.06,17,13.0,72.22
ELDEHSG, 03-Aug-2026,796.8,807.7,775.0,803.5,771.8,1301,10.36,56,1163.0,89.39
ELECON, 03-Aug-2026,425.2,434.9,422.45,428.3,419.05,367171,1578.43,18457,180396.0,49.13
ELECTCAST, 03-Aug-2026,70.98,72.99,70.98,71.8,70.65,1007842,728.38,9385,514178.0,51.02
ELECTHERM, 03-Aug-2026,1010.4,1064.9,1000.0,1008.0,1007.6,29706,305.13,2081,14795.0,49.8
ELGIEQUIP, 03-Aug-2026,570.05,585.1,569.65,582.6,569.65,172551,1003.29,12843,96263.0,55.79
ELGIRUBCO, 03-Aug-2026,60.0,60.31,57.0,57.41,59.69,65204,38.12,764,42703.0,65.49
ELGNZ, 03-Aug-2026,104.05,105.0,99.1,102.0,102.65,28000,28.78,20,16000.0,57.14
ELIN, 03-Aug-2026,100.6,105.11,100.6,103.55,100.6,193419,199.82,3010,80442.0,41.59
ELIQUID, 03-Aug-2026,1042.06,1042.06,1042.04,1042.05,1041.92,31610,329.39,24,20392.0,64.51
ELITECON, 03-Aug-2026,15.8,17.2,15.68,17.19,15.64,2801719,469.9,6637,1516997.0,54.15
ELLEN, 03-Aug-2026,267.95,280.5,265.1,273.05,263.45,751725,2063.83,11603,378057.0,50.29
ELM250, 03-Aug-2026,16.34,17.0,16.34,16.9,16.67,47480,8.0,232,36686.0,77.27
ELPROINTL, 03-Aug-2026,177.0,179.0,176.51,178.37,177.0,68128,121.16,440,59459.0,87.28
EMAMILTD, 03-Aug-2026,399.5,407.95,398.7,406.0,398.05,413488,1676.85,12380,237301.0,57.39
EMAPARTNER, 03-Aug-2026,80.4,80.4,79.0,79.0,80.75,18000,14.41,5,18000.0,100.0
EMBASSY, 03-Aug-2026,439.0,443.94,438.0,443.04,437.99,744612,3297.36,16861,701642.0,94.23
EMBDL, 03-Aug-2026,62.0,62.3,60.25,60.79,61.14,1877185,1151.77,11737,969767.0,51.66
EMCURE, 03-Aug-2026,1966.0,1996.7,1933.1,1969.7,1960.1,116048,2287.4,15449,65740.0,56.65
EMETAL, 03-Aug-2026,12.81,13.36,12.81,12.94,12.87,11246,1.46,47,9556.0,84.97
EMIL, 03-Aug-2026,130.5,135.38,130.5,131.35,130.16,3324272,4399.59,24466,2080108.0,62.57
EMKAY, 03-Aug-2026,245.9,246.58,238.21,241.35,241.75,10919,26.5,520,6732.0,61.65
EMKAYTOOLS, 03-Aug-2026,99.0,99.0,94.05,94.3,93.5,750,0.72,5,450.0,60.0
EMMIL, 03-Aug-2026,122.8,122.8,117.0,121.35,124.05,6250,7.54,22,4250.0,68.0
EMMVEE, 03-Aug-2026,319.75,323.5,314.4,319.55,317.6,1059943,3395.39,26346,518488.0,48.92
EMSLIMITED, 03-Aug-2026,414.0,416.85,407.55,414.35,411.5,245231,1010.98,6973,85345.0,34.8
EMUDHRA, 03-Aug-2026,462.9,483.9,462.9,477.85,464.1,315431,1491.33,7885,204535.0,64.84
EMULTIMQ, 03-Aug-2026,41.17,41.88,40.23,40.96,41.07,319038,130.64,365,254014.0,79.62
ENCOMPAS, 03-Aug-2026,245.5,253.9,233.0,247.5,245.15,12000,29.39,27,7200.0,60.0
ENDURANCE, 03-Aug-2026,2771.9,2835.3,2731.4,2787.6,2758.3,125969,3539.6,16447,75600.0,60.01
ENERGY, 03-Aug-2026,38.96,39.17,38.53,38.99,38.85,291666,113.83,1121,176959.0,60.67
ENERGYDEV, 03-Aug-2026,16.75,17.41,16.75,16.77,16.72,27320,4.6,271,19948.0,73.02
ENEXT50, 03-Aug-2026,74.25,74.25,73.7,74.0,73.66,89,0.07,5,79.0,88.76
ENFUSE, 03-Aug-2026,160.0,169.0,159.2,159.2,164.5,4800,7.79,8,4200.0,87.5
ENGINERSIN, 03-Aug-2026,222.38,228.68,222.38,226.8,222.38,1543983,3505.41,26342,698551.0,45.24
ENIFTY, 03-Aug-2026,25.08,25.08,24.6,24.79,24.59,6734,1.67,95,4451.0,66.1
ENIL, 03-Aug-2026,108.0,112.99,107.52,108.81,108.0,22979,25.26,654,17057.0,74.23
ENRIN, 03-Aug-2026,3236.0,3298.3,3181.0,3256.0,3230.8,411370,13367.31,45839,190654.0,46.35
ENSER, 03-Aug-2026,14.1,14.7,14.0,14.55,13.75,165000,23.66,27,140000.0,84.85
ENTERO, 03-Aug-2026,1264.5,1264.5,1231.0,1233.2,1243.9,70955,879.33,7498,47443.0,66.86
ENVIRO, 03-Aug-2026,81.9,82.5,78.45,81.85,78.0,17000,13.87,16,9000.0,52.94
EPACK, 03-Aug-2026,230.73,232.85,229.0,229.94,229.59,358583,827.76,5145,171581.0,47.85
EPACKPEB, 03-Aug-2026,248.35,254.45,239.05,243.95,267.31,3446835,8470.51,44935,1369162.0,39.72
EPIGRAL, 03-Aug-2026,1095.0,1137.0,1089.5,1120.7,1088.7,49169,551.25,4497,24858.0,50.56
EPL, 03-Aug-2026,225.0,229.4,223.29,226.7,222.42,278760,630.76,9510,134076.0,48.1
EPWINDIA, 03-Aug-2026,239.0,243.3,239.0,243.3,231.75,8400,20.3,7,8400.0,100.0
EQUAL200, 03-Aug-2026,14.04,14.12,13.99,14.08,13.91,13473,1.9,93,10865.0,80.64
EQUAL50, 03-Aug-2026,339.95,342.59,335.03,341.18,336.58,10851,36.99,75,10367.0,95.54
EQUAL50ADD, 03-Aug-2026,349.73,354.33,349.52,351.94,348.51,38349,134.79,510,34486.0,89.93
EQUITASBNK, 03-Aug-2026,75.0,77.0,75.0,76.26,75.21,3338159,2551.99,30133,2272920.0,68.09
ERIS, 03-Aug-2026,1353.0,1388.0,1352.5,1383.2,1354.7,110236,1512.2,10322,66387.0,60.22
ESABINDIA, 03-Aug-2026,5680.0,5689.0,5602.0,5614.5,5628.5,2518,142.07,1157,1454.0,57.74
ESAFSFB, 03-Aug-2026,41.0,42.49,40.0,40.92,42.05,9790624,4047.1,34998,2158645.0,22.05
ESCONET, 03-Aug-2026,136.5,136.75,128.6,134.0,130.85,15600,20.54,36,10000.0,64.1
ESCORTS, 03-Aug-2026,3110.0,3150.0,3043.4,3135.5,3086.0,678771,21119.42,55083,140134.0,20.65
ESENSEX, 03-Aug-2026,80.33,80.33,78.73,79.37,78.75,2051,1.62,13,2051.0,100.0
ESFL, 03-Aug-2026,124.0,124.0,117.15,119.85,123.3,13680,16.39,31,10080.0,73.68
ESG, 03-Aug-2026,42.29,42.68,42.2,42.47,42.08,54940,23.29,177,49468.0,90.04
ESILVER, 03-Aug-2026,218.63,218.63,215.2,216.05,216.47,376947,814.46,1132,360443.0,95.62
ESPRIT, 03-Aug-2026,65.0,67.95,62.95,67.2,62.5,96000,62.28,55,65600.0,68.33
ESSARSHPNG, 03-Aug-2026,20.2,20.81,19.97,20.57,19.93,131530,26.98,749,79877.0,60.73
ESTER, 03-Aug-2026,89.39,89.68,85.1,86.67,87.9,138696,121.62,1671,83398.0,60.13
ETERNAL, 03-Aug-2026,303.5,310.9,300.05,310.5,302.45,26906290,82538.71,138259,11126130.0,41.35
ETHOSLTD, 03-Aug-2026,2556.0,3090.4,2555.9,2962.7,2575.4,1592283,46546.12,119912,167147.0,10.5
ETML, 03-Aug-2026,84.0,84.5,84.0,84.5,84.5,4800,4.05,4,4800.0,100.0
EUREKAFORB, 03-Aug-2026,448.5,456.95,448.0,453.65,448.45,68833,312.24,5907,42894.0,62.32
EUROBOND, 03-Aug-2026,158.29,163.8,156.25,161.15,158.29,7046,11.26,158,4279.0,60.73
EUROPRATIK, 03-Aug-2026,303.75,307.55,300.35,301.7,305.05,139763,423.75,2792,52561.0,37.61
EVEREADY, 03-Aug-2026,350.0,357.0,347.6,355.65,342.85,187826,662.76,3223,120582.0,64.2
EVIETF, 03-Aug-2026,32.88,33.27,32.81,33.17,32.79,365917,121.23,1069,259387.0,70.89
EVINDIA, 03-Aug-2026,33.65,33.65,32.87,33.12,32.83,534370,176.95,3168,355579.0,66.54
EXCELINDUS, 03-Aug-2026,991.2,1041.1,987.05,1021.7,986.3,14306,144.56,770,10366.0,72.46
EXCELSOFT, 03-Aug-2026,78.0,85.38,77.9,82.99,77.41,3128940,2604.0,17563,1040506.0,33.25
EXICOM, 03-Aug-2026,160.7,165.92,159.96,163.95,158.37,1190577,1939.56,10228,468335.0,39.34
EXIDEIND, 03-Aug-2026,449.95,460.0,440.0,444.7,449.8,3583632,16159.34,56403,1769518.0,49.38
EXIMROUTES, 03-Aug-2026,109.55,109.55,109.55,109.55,109.55,800,0.88,1,800.0,100.0
EXPLEOSOL, 03-Aug-2026,801.0,818.0,801.0,805.15,802.85,62353,502.08,2205,30866.0,49.5
EXXARO, 03-Aug-2026,6.1,6.36,5.99,6.11,6.06,783552,47.76,770,564731.0,72.07
FABTECH, 03-Aug-2026,151.69,152.5,149.0,149.77,149.46,66667,100.54,1353,23986.0,35.98
FACT, 03-Aug-2026,831.0,849.95,831.0,843.25,826.65,129872,1094.76,8926,51642.0,39.76
FAZE3Q, 03-Aug-2026,536.95,563.75,536.95,551.25,536.95,29565,164.46,879,18433.0,62.35
FCL, 03-Aug-2026,39.74,40.29,39.11,39.27,39.32,4962550,1966.7,10141,1959335.0,39.48
FCSSOFT, 03-Aug-2026,1.52,1.53,1.49,1.49,1.5,2060375,30.95,1227,1411878.0,68.53
FDC, 03-Aug-2026,409.8,425.05,399.05,404.65,409.8,464734,1905.98,20542,210219.0,45.23
FEDDERSHOL, 03-Aug-2026,42.0,43.0,41.93,42.4,42.17,546391,231.26,2677,167216.0,30.6
FEDERALBNK, 03-Aug-2026,359.45,371.7,357.3,371.7,358.85,4384044,15797.27,65646,2799253.0,63.85
FEDFINA, 03-Aug-2026,156.8,156.8,149.8,150.37,153.83,1857400,2811.15,26324,1082751.0,58.29
FELIX, 03-Aug-2026,179.9,189.0,178.0,185.65,180.6,54000,99.8,85,43000.0,79.63
FERMENTA, 03-Aug-2026,505.05,520.0,505.05,511.7,501.35,159878,820.56,6643,68393.0,42.78
FIBERWEB, 03-Aug-2026,29.99,29.99,28.2,29.28,29.27,36341,10.57,334,18446.0,50.76
FICRF3GP, 03-Aug-2026,511.0,511.0,511.0,511.0,489.0,1,0.01,1,1.0,100.0
FIDEL, 03-Aug-2026,142.5,144.4,139.6,140.5,148.95,23000,32.67,22,16000.0,69.57
FIEMIND, 03-Aug-2026,2358.1,2358.1,2306.1,2338.4,2323.3,63451,1479.3,9441,39586.0,62.39
FILATEX, 03-Aug-2026,74.13,79.0,72.69,76.7,73.52,13952850,10726.57,57096,3815214.0,27.34
FINBUD, 03-Aug-2026,146.0,151.0,145.0,145.4,144.4,57000,84.25,55,43000.0,75.44
FINCABLES, 03-Aug-2026,991.0,1006.0,988.0,998.05,987.6,200264,1999.64,19843,102257.0,51.06
FINEORG, 03-Aug-2026,4800.0,4989.6,4768.6,4933.7,4816.5,21917,1079.46,7197,13482.0,61.51
FINIETF, 03-Aug-2026,34.37,34.37,33.54,33.8,33.54,556566,188.69,1990,316763.0,56.91
FINKURVE, 03-Aug-2026,61.75,62.73,59.01,59.72,62.73,161723,97.59,1115,135243.0,83.63
FINOPB, 03-Aug-2026,160.05,166.16,160.05,162.25,159.09,594852,970.88,7669,166606.0,28.01
FINPIPE, 03-Aug-2026,163.48,166.6,163.16,165.79,162.37,520336,860.13,16203,278081.0,53.44
FIRSTCRY, 03-Aug-2026,213.2,215.17,213.2,214.61,212.26,290453,622.01,5217,156208.0,53.78
FISCHER, 03-Aug-2026,38.13,39.14,38.07,38.67,39.13,2436237,936.15,4507,504310.0,20.7
FIVESTAR, 03-Aug-2026,550.0,564.0,549.0,551.4,547.95,338346,1878.8,11681,152612.0,45.11
FLAIR, 03-Aug-2026,263.8,263.8,248.15,252.0,259.1,140255,355.72,3192,76265.0,54.38
FLEXIADD, 03-Aug-2026,10.12,10.33,10.12,10.3,10.19,90814,9.35,493,65017.0,71.59
FLUOROCHEM, 03-Aug-2026,4386.7,4523.9,4376.8,4483.5,4366.8,125504,5604.41,14079,79979.0,63.73
FLYSBS, 03-Aug-2026,468.05,475.0,456.05,460.55,468.55,43600,203.77,172,30400.0,69.72
FMCGADD, 03-Aug-2026,49.85,50.25,49.67,50.0,49.43,7978,3.99,235,3670.0,46.0
FMCGIETF, 03-Aug-2026,53.01,53.7,52.43,53.03,52.72,1740791,930.07,3996,1278692.0,73.45
FMGOETZE, 03-Aug-2026,472.25,481.0,472.25,474.45,474.35,30889,147.0,1252,23612.0,76.44
FONEBOX, 03-Aug-2026,89.9,90.3,89.9,90.3,86.0,9000,8.11,8,9000.0,100.0
FOODSIN, 03-Aug-2026,55.16,55.16,54.01,54.33,54.61,28155,15.4,599,16471.0,58.5
FORCAS, 03-Aug-2026,204.15,209.85,197.6,201.15,207.9,8000,16.27,5,6400.0,80.0
FORCEMOT, 03-Aug-2026,18216.0,18647.0,18103.0,18494.0,17902.0,124218,22906.05,32034,36649.0,29.5
FORGEAUTO, 03-Aug-2026,95.0,95.65,94.95,95.65,91.1,14400,13.75,12,14400.0,100.0
FORTIS, 03-Aug-2026,953.8,979.6,938.0,940.0,945.0,2160190,20676.84,46646,1138933.0,52.72
FOSECOIND, 03-Aug-2026,5180.0,5300.0,5082.0,5204.5,5133.5,3096,161.17,688,2031.0,65.6
FRACTAL, 03-Aug-2026,822.7,822.7,797.6,803.45,812.05,310799,2504.25,14288,152123.0,48.95
FRESHARA, 03-Aug-2026,325.1,354.75,325.1,354.75,337.9,37200,128.09,55,31800.0,85.48
FROG, 03-Aug-2026,195.0,200.9,195.0,200.9,197.0,10800,21.38,22,10800.0,100.0
FRONTSP, 03-Aug-2026,1363.9,1390.0,1354.6,1381.4,1349.3,16587,227.6,2295,9027.0,54.42
FSL, 03-Aug-2026,304.0,330.95,304.0,324.35,302.12,10047629,32386.27,108197,2251693.0,22.41
FUSION, 03-Aug-2026,208.86,218.09,207.5,210.78,207.83,505834,1070.17,11073,262892.0,51.97
FWSTC, 03-Aug-2026,196.0,196.0,187.0,188.5,199.0,4200,8.09,7,3000.0,71.43
GABRIEL, 03-Aug-2026,1465.3,1542.0,1461.0,1527.4,1441.8,886748,13364.17,44089,296430.0,33.43
GAEL, 03-Aug-2026,178.0,182.0,171.52,180.68,172.11,8639340,15326.79,71059,2992917.0,34.64
GAIL, 03-Aug-2026,182.1,182.38,172.15,174.3,181.44,37607447,65564.86,166524,15173148.0,40.35
GALAPREC, 03-Aug-2026,1100.9,1120.6,1067.6,1090.5,1093.9,24656,271.5,2935,14406.0,58.43
GALAXYSURF, 03-Aug-2026,1950.9,2026.7,1950.9,1988.8,1944.5,17874,356.56,3257,9302.0,52.04
GALLANTT, 03-Aug-2026,644.0,644.0,614.0,627.6,614.6,358473,2245.48,15520,115310.0,32.17
GANDHAR, 03-Aug-2026,224.78,238.27,223.52,231.64,223.25,3962749,9261.23,39416,1046503.0,26.41
GANDHITUBE, 03-Aug-2026,881.7,883.9,873.0,881.2,876.35,4746,41.84,330,3276.0,69.03
GANECOS, 03-Aug-2026,1192.0,1225.0,1126.3,1156.6,1183.8,260274,3042.94,16320,124969.0,48.01
GANESHCP, 03-Aug-2026,180.98,184.7,175.27,177.8,178.28,193376,346.26,3245,83508.0,43.18
GANESHHOU, 03-Aug-2026,749.7,790.0,745.0,778.15,740.6,59334,459.76,5808,19859.0,33.47
GANESHIN, 03-Aug-2026,103.75,103.75,103.75,103.75,98.95,56800,58.93,49,56000.0,98.59
GANGABATH, 03-Aug-2026,23.4,23.4,21.8,22.7,22.85,33000,7.44,10,15000.0,45.45
GANGESSECU, 03-Aug-2026,112.57,120.0,112.57,120.0,113.13,7681,8.81,72,5429.0,70.68
GARFIBRES, 03-Aug-2026,735.8,770.95,732.95,761.6,732.9,53200,404.42,9370,22114.0,41.57
GARUDA, 03-Aug-2026,173.5,175.42,171.25,172.5,172.8,163285,283.34,2439,74721.0,45.76
GATECH, 03-Aug-2026,0.75,0.75,0.74,0.75,0.69,43550740,326.35,2137,19215527.0,44.12
GATECHDVR, 03-Aug-2026,0.54,0.59,0.53,0.53,0.53,2299277,12.5,529,1913053.0,83.2
GATEWAY, 03-Aug-2026,58.3,59.48,58.0,58.14,57.97,1261361,739.24,8105,861824.0,68.32
GAYAHWS, 03-Aug-2026,2.11,2.11,1.92,2.0,2.02,584877,11.67,419,356451.0,60.94
GCHOTELS, 03-Aug-2026,108.2,111.0,103.55,109.5,109.0,99000,104.59,99,90000.0,90.91
GCSL, 03-Aug-2026,528.95,528.95,506.0,508.75,520.55,596679,3057.39,5707,177529.0,29.75
GEEKAYWIRE, 03-Aug-2026,23.2,23.47,22.72,23.21,22.52,103800,23.96,1099,45030.0,43.38
GEMAROMA, 03-Aug-2026,191.01,198.0,191.01,196.21,191.6,189088,370.58,3024,139094.0,73.56
GENCON, 03-Aug-2026,40.73,41.04,39.25,39.62,40.33,388963,156.75,954,155368.0,39.94
GENESYS, 03-Aug-2026,275.0,298.75,274.95,298.75,271.6,511803,1486.98,10538,233636.0,45.65
GENUSPAPER, 03-Aug-2026,12.08,12.75,11.95,12.47,12.08,306737,37.85,500,221070.0,72.07
GENUSPOWER, 03-Aug-2026,314.75,319.95,314.0,316.0,312.7,918619,2914.24,14337,485436.0,52.84
GENXAI, 03-Aug-2026,76.6,81.85,76.05,81.5,76.6,73200,58.69,59,52800.0,72.13
GEOJITFSL, 03-Aug-2026,77.89,77.89,75.9,77.52,76.36,231942,178.89,2922,123468.0,53.23
GESHIP, 03-Aug-2026,1358.0,1412.2,1358.0,1398.4,1350.4,595738,8350.59,46564,299001.0,50.19
GFLLIMITED, 03-Aug-2026,47.5,48.5,47.02,48.26,46.64,54627,26.12,1512,27581.0,50.49
GGBL, 03-Aug-2026,252.6,259.7,252.6,259.2,251.45,29700,76.45,91,16800.0,56.57
GHCL, 03-Aug-2026,445.0,451.95,434.2,444.1,438.1,411921,1825.81,9903,200981.0,48.79
GHCLTEXTIL, 03-Aug-2026,113.01,118.3,113.01,114.36,113.62,1159893,1338.32,12272,688174.0,59.33
GICHSGFIN, 03-Aug-2026,149.0,151.0,148.0,148.1,147.68,59019,87.94,1186,32818.0,55.61
GICL, 03-Aug-2026,17.5,18.0,17.3,17.83,17.17,89079,15.84,287,70002.0,78.58
GICRE, 03-Aug-2026,359.5,363.75,357.05,358.05,356.6,600417,2160.76,17445,330682.0,55.08
GILLANDERS, 03-Aug-2026,89.75,90.89,88.55,88.66,89.31,992,0.89,29,795.0,80.14
GILLETTE, 03-Aug-2026,7624.0,7776.0,7624.0,7719.0,7624.0,25853,1995.77,7507,14013.0,54.2
GILT10BETA, 03-Aug-2026,26.76,26.76,26.49,26.53,26.36,280,0.07,14,279.0,99.64
GILT5BETA, 03-Aug-2026,66.53,66.9,65.86,66.03,66.73,1443,0.95,21,834.0,57.8
GILT5YBEES, 03-Aug-2026,67.15,67.15,65.89,66.18,66.17,204377,135.21,942,118274.0,57.87
GIPCL, 03-Aug-2026,163.0,164.0,161.1,161.48,161.17,180171,292.18,1941,108426.0,60.18
GIRIRAJ, 03-Aug-2026,66.85,70.2,63.6,63.6,66.9,25000,16.13,59,20750.0,83.0
GJL, 03-Aug-2026,171.0,171.25,167.1,170.0,163.1,32000,54.03,14,32000.0,100.0
GKENERGY, 03-Aug-2026,130.5,132.88,130.25,131.17,129.38,221635,291.23,3259,120364.0,54.31
GKSL, 03-Aug-2026,127.0,129.0,126.75,127.74,127.32,49403,62.93,1152,30305.0,61.34
GKWLIMITED, 03-Aug-2026,1622.9,1685.0,1622.9,1660.2,1630.8,963,16.05,58,924.0,95.95
GLAND, 03-Aug-2026,2505.6,2585.0,2494.1,2579.2,2502.9,502554,12865.19,33396,297486.0,59.19
GLAXO, 03-Aug-2026,2665.4,2670.0,2630.0,2662.3,2655.4,89406,2374.15,15660,47165.0,52.75
GLENMARK, 03-Aug-2026,2256.4,2256.4,2162.0,2230.0,2233.9,1307223,28949.55,63779,412334.0,31.54
GLOBAL, 03-Aug-2026,101.3,104.47,100.5,101.36,104.06,50348,51.41,540,40174.0,79.79
GLOBALVECT, 03-Aug-2026,177.9,177.9,163.95,165.1,165.13,17703,30.06,568,8934.0,50.47
GLOBE, 03-Aug-2026,2.05,2.18,2.01,2.1,2.09,620321,13.03,351,412731.0,66.54
GLOBECIVIL, 03-Aug-2026,40.26,40.69,38.5,39.93,39.04,44727,17.7,297,32640.0,72.98
GLOBUSSPR, 03-Aug-2026,888.0,909.9,882.6,900.85,883.5,70266,627.16,4655,42523.0,60.52
GLOSTERLTD, 03-Aug-2026,669.4,670.0,662.0,668.6,659.6,734,4.89,95,570.0,77.66
GMBREW, 03-Aug-2026,902.65,906.45,895.0,896.2,898.3,28514,256.23,1648,15792.0,55.38
GMDCLTD, 03-Aug-2026,562.0,569.0,558.25,561.0,564.25,769090,4333.63,19481,314644.0,40.91
GML, 03-Aug-2026,16.7,16.7,16.7,16.7,16.75,4000,0.67,2,4000.0,100.0
GMMPFAUDLR, 03-Aug-2026,855.0,875.95,851.0,858.45,864.4,72539,624.47,5669,40408.0,55.71
GMRAIRPORT, 03-Aug-2026,106.87,106.87,104.88,105.55,105.26,5825312,6155.32,26331,3214212.0,55.18
GMRP&UI, 03-Aug-2026,100.0,100.6,96.46,97.18,99.16,1512131,1479.98,12382,886344.0,58.62
GNA, 03-Aug-2026,544.0,544.35,528.15,537.2,535.75,184492,989.03,5692,88130.0,47.77
GNFC, 03-Aug-2026,514.95,529.85,512.1,516.1,510.3,378921,1966.94,14264,198682.0,52.43
GNRL, 03-Aug-2026,93.5,94.9,92.31,93.23,93.46,63887,59.59,788,40453.0,63.32
GOACARBON, 03-Aug-2026,387.45,387.45,380.55,382.7,380.6,6466,24.77,389,3412.0,52.77
GOCLCORP, 03-Aug-2026,407.5,419.55,405.1,416.15,402.55,109585,451.6,4881,66694.0,60.86
GOCOLORS, 03-Aug-2026,327.05,334.65,322.0,323.8,327.05,339001,1105.26,7146,110780.0,32.68
GODAVARIB, 03-Aug-2026,260.0,265.45,258.3,260.65,260.9,154431,403.4,3785,87263.0,56.51
GODFRYPHLP, 03-Aug-2026,2144.8,2269.9,2134.2,2247.0,2133.4,1547162,34602.25,78754,450963.0,29.15
GODIGIT, 03-Aug-2026,255.0,264.0,252.8,262.75,254.3,611681,1596.96,13522,268328.0,43.87
GODREJAGRO, 03-Aug-2026,557.05,566.75,557.05,565.05,556.8,112626,634.81,7772,73711.0,65.45
GODREJCP, 03-Aug-2026,1072.1,1100.0,1071.1,1085.9,1070.4,615866,6678.32,25517,311815.0,50.63
GODREJIND, 03-Aug-2026,1326.0,1352.9,1319.2,1337.1,1317.6,78905,1056.45,10885,33216.0,42.1
GODREJPROP, 03-Aug-2026,2125.0,2126.6,2060.0,2089.7,2105.7,366499,7646.38,20476,157779.0,43.05
GOKEX, 03-Aug-2026,818.95,835.85,810.0,816.8,814.95,182653,1505.67,8613,90116.0,49.34
GOKUL, 03-Aug-2026,39.05,39.99,38.9,39.43,39.05,148731,58.8,701,26904.0,18.09
GOKULAGRO, 03-Aug-2026,225.0,236.9,224.99,231.58,225.11,704955,1633.48,12395,257948.0,36.59
GOLD1, 03-Aug-2026,118.16,119.49,117.01,118.39,118.16,1261516,1493.21,8140,838188.0,66.44
GOLD360, 03-Aug-2026,138.75,139.9,138.25,138.5,138.75,9120,12.65,250,6928.0,75.96
GOLDADD, 03-Aug-2026,137.92,138.06,137.39,137.82,137.7,326479,449.95,5347,238464.0,73.04
GOLDAXIS, 03-Aug-2026,118.52,118.53,117.7,118.23,117.96,538980,636.91,3964,216013.0,40.08
GOLDBEES, 03-Aug-2026,117.2,117.46,116.92,117.26,117.11,19279545,22609.14,119076,10968394.0,56.89
GOLDBETA, 03-Aug-2026,119.45,119.55,119.05,119.3,119.2,543434,648.37,3507,415780.0,76.51
GOLDBND, 03-Aug-2026,143.38,143.9,141.06,141.95,141.96,3741,5.32,165,2123.0,56.75
GOLDCASE, 03-Aug-2026,22.46,22.46,22.21,22.31,22.3,10695538,2387.04,20108,5200375.0,48.62
GOLDETF, 03-Aug-2026,136.01,138.31,136.01,137.9,137.85,620775,856.14,9056,404370.0,65.14
GOLDIAM, 03-Aug-2026,376.0,381.45,361.1,362.95,375.7,765796,2828.33,14792,392137.0,51.21
GOLDIETF, 03-Aug-2026,122.23,122.23,120.26,121.44,121.33,6404088,7779.74,49080,4266233.0,66.62
GOLDKART, 03-Aug-2026,99.35,99.35,99.35,99.35,104.55,1250,1.24,2,1250.0,100.0
GOLDSTAR, 03-Aug-2026,7.15,7.15,6.9,6.9,6.95,22500,1.58,2,22500.0,100.0
GOODLUCK, 03-Aug-2026,1518.9,1535.4,1496.2,1507.2,1517.5,132434,2005.24,14053,66894.0,50.51
GOODYEAR, 03-Aug-2026,839.0,862.95,835.15,857.15,833.25,84106,717.46,4402,44847.0,53.32
GOPAL, 03-Aug-2026,273.0,281.15,273.0,278.9,270.5,275249,762.78,9747,147867.0,53.72
GOYALALUM, 03-Aug-2026,6.44,6.69,6.44,6.58,6.52,53149,3.49,383,36835.0,69.31
GOYALSALT, 03-Aug-2026,115.0,115.0,115.0,115.0,113.0,600,0.69,1,600.0,100.0
GPECO, 03-Aug-2026,426.0,426.0,418.2,422.55,428.0,10000,42.02,42,9600.0,96.0
GPIL, 03-Aug-2026,244.05,248.95,240.0,244.37,242.4,1106208,2731.14,18018,638519.0,57.72
GPPL, 03-Aug-2026,151.45,152.79,150.5,151.37,150.27,879659,1333.16,12843,499473.0,56.78
GPTHEALTH, 03-Aug-2026,169.64,170.0,163.0,163.94,170.49,509164,846.73,7818,304630.0,59.83
GPTINFRA, 03-Aug-2026,117.0,118.85,113.5,114.02,118.62,251340,289.17,3209,169558.0,67.46
GRANDOAK, 03-Aug-2026,35.9,36.59,35.0,36.59,34.85,6500,2.35,119,4835.0,74.38
GRANULES, 03-Aug-2026,827.8,848.65,814.2,843.2,824.65,957769,8038.95,40900,521373.0,54.44
GRAPHISAD, 03-Aug-2026,29.5,29.5,28.5,28.5,29.8,2400,0.7,2,2400.0,100.0
GRAPHITE, 03-Aug-2026,657.0,672.0,654.35,657.95,656.4,878541,5818.38,19853,431079.0,49.07
GRASIM, 03-Aug-2026,3120.0,3260.0,3103.1,3260.0,3100.8,393816,12402.9,27419,211291.0,53.65
GRAUWEIL, 03-Aug-2026,77.37,79.8,76.83,78.76,76.56,236764,185.86,6971,124856.0,52.73
GRAVISSHO, 03-Aug-2026,30.0,31.0,29.35,30.99,30.83,4462,1.36,45,2697.0,60.44
GRAVITA, 03-Aug-2026,1624.4,1673.0,1613.2,1663.9,1616.4,268858,4430.57,16762,128558.0,47.82
GRCL, 03-Aug-2026,542.0,570.0,542.0,566.0,566.05,3000,16.98,9,2750.0,91.67
GREAVESCOT, 03-Aug-2026,240.0,241.85,231.2,232.67,238.05,1179564,2788.26,19485,584810.0,49.58
GREENCHEF, 03-Aug-2026,53.95,53.95,51.0,52.0,51.45,8000,4.18,9,8000.0,100.0
GREENLAM, 03-Aug-2026,252.0,257.7,250.25,251.7,251.9,52394,132.53,2475,31235.0,59.62
GREENLEAF, 03-Aug-2026,115.0,115.0,110.4,111.6,115.85,7000,7.84,7,7000.0,100.0
GREENPANEL, 03-Aug-2026,194.01,197.5,193.42,196.72,193.02,66735,130.64,3183,37036.0,55.5
GREENPLY, 03-Aug-2026,289.95,295.9,285.25,287.4,284.75,195013,568.43,5083,76218.0,39.08
GREENPOWER, 03-Aug-2026,10.0,10.29,10.0,10.08,9.95,2062868,209.26,4081,1071953.0,51.96
GRINDWELL, 03-Aug-2026,2130.9,2146.2,2061.0,2087.8,2120.2,21035,442.6,5322,10837.0,51.52
GRINFRA, 03-Aug-2026,885.1,915.0,885.1,907.0,884.1,17876,161.61,1921,9407.0,52.62
GRMOVER, 03-Aug-2026,89.73,96.49,89.1,94.88,89.73,2999165,2801.26,91407,1190231.0,39.69
GROBTEA, 03-Aug-2026,903.3,919.4,893.3,918.05,920.0,223,2.04,33,187.0,83.86
GROWW, 03-Aug-2026,195.35,195.35,190.6,192.6,194.37,33125267,63732.48,181065,16141234.0,48.73
GROWWCAPM, 03-Aug-2026,11.27,11.31,11.07,11.12,11.22,601299,67.08,1335,519439.0,86.39
GROWWCHEM, 03-Aug-2026,30.24,30.95,30.12,30.45,30.24,121420,37.04,290,113394.0,93.39
GROWWDEFNC, 03-Aug-2026,93.17,94.67,93.17,94.22,93.16,250272,235.53,3635,184762.0,73.82
GROWWEV, 03-Aug-2026,32.66,33.32,32.45,33.15,32.66,637915,210.76,3565,468903.0,73.51
GROWWGOLD, 03-Aug-2026,13.85,13.91,13.8,13.85,13.85,970075,134.56,5398,590059.0,60.83
GROWWHOSPI, 03-Aug-2026,54.37,55.22,54.0,54.08,54.37,555963,302.3,1609,316398.0,56.91
GROWWLIQID, 03-Aug-2026,110.18,110.19,110.18,110.18,110.17,418290,460.9,358,272292.0,65.1
GROWWLOVOL, 03-Aug-2026,10.52,10.87,10.52,10.7,10.62,9128,0.98,150,5478.0,60.01
GROWWMC150, 03-Aug-2026,234.58,235.85,228.99,232.82,231.23,3130,7.35,49,2467.0,78.82
GROWWMETAL, 03-Aug-2026,12.14,12.4,12.14,12.24,12.14,540113,66.14,2310,252605.0,46.77
GROWWMOM50, 03-Aug-2026,11.07,11.07,10.64,10.75,10.67,171803,18.45,680,124308.0,72.35
GROWWN200, 03-Aug-2026,11.54,11.61,11.39,11.56,11.4,83575,9.66,424,65170.0,77.98
GROWWNET, 03-Aug-2026,10.0,10.35,10.0,10.31,10.04,844267,86.59,2071,441910.0,52.34
GROWWNIFTY, 03-Aug-2026,9.85,10.0,9.71,9.89,9.85,1349589,134.17,12426,912782.0,67.63
GROWWNXT50, 03-Aug-2026,73.88,76.79,73.67,76.32,73.67,9217,6.9,199,4568.0,49.56
GROWWPOWER, 03-Aug-2026,11.69,11.69,11.52,11.62,11.56,1228437,142.78,2893,894461.0,72.81
GROWWPSE, 03-Aug-2026,100.0,101.8,97.5,100.17,99.52,4047,4.05,54,3689.0,91.15
GROWWPSUBK, 03-Aug-2026,84.9,85.45,83.1,84.8,83.75,4423,3.76,114,2556.0,57.79
GROWWRAIL, 03-Aug-2026,29.25,30.0,29.04,29.78,29.02,1569075,463.67,4445,1079114.0,68.77
GROWWRLTY, 03-Aug-2026,10.3,10.3,9.97,10.09,10.11,328115,33.26,635,247684.0,75.49
GROWWSC250, 03-Aug-2026,10.35,10.55,10.14,10.51,10.34,343921,35.98,687,137369.0,39.94
GROWWSLVR, 03-Aug-2026,21.23,21.36,21.12,21.15,21.16,1175641,249.31,3183,269300.0,22.91
GRPLTD, 03-Aug-2026,2100.0,2143.4,2011.3,2028.7,2098.2,3607,75.6,765,2329.0,64.57
GRSE, 03-Aug-2026,2615.0,2622.8,2575.0,2582.7,2601.2,317050,8231.15,21352,156549.0,49.38
GRWRHITECH, 03-Aug-2026,7190.0,7249.0,7115.5,7182.0,7151.5,38146,2739.31,6913,20063.0,52.6
GSEC10ABSL, 03-Aug-2026,113.27,113.27,113.27,113.27,113.42,1,0.0,1,1.0,100.0
GSEC10IETF, 03-Aug-2026,261.79,265.44,261.79,264.77,261.79,3465,9.12,19,3320.0,95.82
GSEC10YEAR, 03-Aug-2026,30.16,31.3,30.15,30.15,30.31,2318,0.7,36,2111.0,91.07
GSEC5IETF, 03-Aug-2026,67.16,67.16,66.0,66.02,66.5,3492,2.32,51,3436.0,98.4
GSFC, 03-Aug-2026,160.2,161.95,159.99,160.81,158.84,286583,461.13,3970,144604.0,50.46
GSLSU, 03-Aug-2026,27.96,28.75,27.1,27.69,27.95,33189,9.37,415,20354.0,61.33
GSMFOILS, 03-Aug-2026,172.35,172.35,172.35,172.35,191.5,56000,96.52,69,56000.0,100.0
GSPCROP, 03-Aug-2026,582.0,594.0,580.75,587.85,582.95,191658,1122.37,4727,46233.0,24.12
GSS, 03-Aug-2026,12.82,13.82,12.64,13.79,12.57,165823,22.41,493,119620.0,72.14
GSTL, 03-Aug-2026,16.45,16.45,16.35,16.35,15.7,2000,0.33,2,2000.0,100.0
GTL, 03-Aug-2026,7.39,7.6,7.3,7.44,7.29,241270,17.89,775,149650.0,62.03
GTLINFRA, 03-Aug-2026,1.24,1.34,1.23,1.31,1.23,69477266,902.52,16218,33234917.0,47.84
GTPL, 03-Aug-2026,61.35,61.35,59.66,59.95,59.9,18323,11.0,254,13860.0,75.64
GUFICBIO, 03-Aug-2026,390.45,397.35,386.55,390.5,389.85,35368,138.46,1567,19563.0,55.31
GUJALKALI, 03-Aug-2026,689.0,719.0,680.05,697.25,670.8,465124,3289.28,18113,161284.0,34.68
GUJAPOLLO, 03-Aug-2026,385.0,385.0,346.15,364.0,344.35,25548,93.69,1217,14852.0,58.13
GUJENERGY, 03-Aug-2026,277.3,281.9,274.8,277.55,274.5,670676,1864.47,28482,394290.0,58.79
GUJRAFFIA, 03-Aug-2026,39.15,41.38,39.01,39.59,39.65,1607,0.64,38,1395.0,86.81
GUJTHEM, 03-Aug-2026,356.3,361.3,354.1,356.6,358.05,35793,128.56,791,24903.0,69.58
GULFOILLUB, 03-Aug-2026,1072.9,1121.0,1072.9,1115.1,1069.3,143329,1588.58,10243,84601.0,59.03
GULPOLY, 03-Aug-2026,199.0,206.99,196.61,198.5,197.32,442709,895.74,7264,262896.0,59.38
GURUNANAK, 03-Aug-2026,40.0,40.0,40.0,40.0,40.0,1600,0.64,1,1600.0,100.0
GVPIL, 03-Aug-2026,700.0,758.0,700.0,758.0,721.95,157148,1154.91,7277,91307.0,58.1
GVPTECH, 03-Aug-2026,7.24,7.24,6.95,7.06,7.03,63841,4.51,302,38200.0,59.84
GVT&D, 03-Aug-2026,4323.0,4370.0,4267.9,4370.0,4323.3,478516,20698.88,42815,245797.0,51.37
GYFTR, 03-Aug-2026,158.0,168.0,156.0,161.69,159.68,44488,72.03,729,12856.0,28.9
HAL, 03-Aug-2026,4660.4,4699.0,4647.5,4690.0,4646.5,466729,21808.7,36570,190643.0,40.85
HALDER, 03-Aug-2026,240.44,260.0,240.44,255.0,247.11,27523,68.42,319,5893.0,21.41
HALEOSLABS, 03-Aug-2026,1541.2,1590.0,1541.2,1589.0,1530.8,302,4.75,59,236.0,78.15
HAPPSTMNDS, 03-Aug-2026,377.2,387.0,371.35,384.0,377.2,1063697,4053.33,32628,413640.0,38.89
HAPPY, 03-Aug-2026,61.2,63.0,59.55,60.1,60.05,38000,23.06,19,26000.0,68.42
HAPPYFORGE, 03-Aug-2026,1668.0,1710.5,1652.8,1699.2,1652.7,56505,955.93,7104,30384.0,53.77
HARDWYN, 03-Aug-2026,11.3,11.55,11.16,11.23,11.27,2675789,301.25,1971,1007837.0,37.67
HARIOMPIPE, 03-Aug-2026,391.0,408.5,391.0,402.7,390.5,229192,921.94,4862,105151.0,45.88
HARRMALAYA, 03-Aug-2026,215.55,220.0,212.25,214.63,215.55,10527,22.81,454,7035.0,66.83
HARSHA, 03-Aug-2026,402.55,409.0,402.55,407.55,401.05,61608,250.49,2411,40715.0,66.09
HATHWAY, 03-Aug-2026,10.77,11.13,10.77,11.05,10.77,1971674,216.35,2723,1091324.0,55.35
HATSUN, 03-Aug-2026,877.0,894.45,877.0,884.8,885.4,18783,165.97,1691,10716.0,57.05
HAVELLS, 03-Aug-2026,1261.9,1287.3,1259.1,1285.0,1260.7,1214090,15482.66,29693,847860.0,69.84
HAVISHA, 03-Aug-2026,1.37,1.37,1.29,1.32,1.28,26883,0.36,107,14803.0,55.06
HAWKINCOOK, 03-Aug-2026,8500.5,8649.5,8400.0,8496.5,8549.5,984,84.11,513,562.0,57.11
HBESD, 03-Aug-2026,73.0,78.94,73.0,75.0,75.03,1436,1.1,37,953.0,66.36
HBLENGINE, 03-Aug-2026,724.0,741.7,721.65,739.2,718.7,967783,7119.93,27827,415812.0,42.97
HBSL, 03-Aug-2026,52.6,52.74,49.95,50.5,48.0,3507,1.8,118,2672.0,76.19
HCC, 03-Aug-2026,21.6,22.0,21.51,21.81,21.44,13986818,3053.48,16684,6754758.0,48.29
HCG, 03-Aug-2026,684.0,684.0,663.9,671.75,671.2,77076,520.47,10944,47841.0,62.07
HCL-INSYS, 03-Aug-2026,11.53,11.89,11.42,11.66,11.39,218623,25.44,885,152686.0,69.84
HCLTECH, 03-Aug-2026,1352.0,1377.0,1343.5,1377.0,1346.9,2314332,31374.13,101947,1305116.0,56.39
HDBFS, 03-Aug-2026,690.0,697.0,681.4,684.85,686.35,375358,2589.54,20127,211693.0,56.4
HDFCAMC, 03-Aug-2026,2640.0,2644.8,2562.2,2600.6,2615.8,534990,13845.12,49789,251628.0,47.03
HDFCBANK, 03-Aug-2026,753.05,756.85,750.05,753.0,748.15,14827841,111647.88,392396,9318631.0,62.85
HDFCBSE500, 03-Aug-2026,37.86,38.4,37.83,38.25,37.8,340883,130.04,414,264205.0,77.51
HDFCGOLD, 03-Aug-2026,121.55,121.75,120.8,121.2,121.02,3241656,3928.02,13881,2071438.0,63.9
HDFCGROWTH, 03-Aug-2026,121.96,124.0,121.96,123.35,121.81,119630,147.04,679,98094.0,82.0
HDFCLIFE, 03-Aug-2026,553.7,554.0,549.1,553.1,548.5,2516331,13862.7,50997,1607861.0,63.9
HDFCLIQUID, 03-Aug-2026,1072.06,1072.08,1072.06,1072.06,1071.94,13186,141.36,55,12256.0,92.95
HDFCLOWVOL, 03-Aug-2026,21.49,21.49,21.06,21.2,21.1,17547,3.73,136,13835.0,78.85
HDFCMID150, 03-Aug-2026,24.0,24.0,23.43,23.67,23.38,458400,108.44,1941,315640.0,68.86
HDFCMOMENT, 03-Aug-2026,31.21,31.21,30.71,30.86,30.81,163285,50.61,841,94107.0,57.63
HDFCNEXT50, 03-Aug-2026,76.09,76.09,74.63,75.3,75.19,2537116,1922.24,1585,2168430.0,85.47
HDFCNIF100, 03-Aug-2026,26.96,26.96,26.08,26.45,26.31,50419,13.38,512,31060.0,61.6
HDFCNIFBAN, 03-Aug-2026,59.13,59.55,58.63,59.0,58.91,142086,84.3,757,121582.0,85.57
HDFCNIFIT, 03-Aug-2026,32.86,33.73,32.86,33.58,32.86,196822,65.7,491,121207.0,61.58
HDFCNIFTY, 03-Aug-2026,274.0,281.16,271.5,275.72,274.31,105484,291.86,1549,91487.0,86.73
HDFCNIMEG, 03-Aug-2026,130.42,132.0,128.04,130.7,127.24,61917,79.64,59,60685.0,98.01
HDFCPSUBK, 03-Aug-2026,86.3,86.3,83.93,84.83,84.61,276802,237.57,523,205208.0,74.14
HDFCPVTBAN, 03-Aug-2026,28.34,28.5,28.1,28.39,28.09,365678,103.52,744,224474.0,61.39
HDFCQUAL, 03-Aug-2026,59.18,59.71,58.43,59.29,58.89,52828,31.48,348,31462.0,59.56
HDFCSENSEX, 03-Aug-2026,86.21,90.64,86.21,89.02,88.43,40131,35.8,860,35639.0,88.81
HDFCSILVER, 03-Aug-2026,207.13,208.25,206.02,206.78,206.6,2552996,5288.21,12965,1049333.0,41.1
HDFCSML250, 03-Aug-2026,180.67,183.5,180.67,183.38,180.67,2334249,4268.49,13856,1716394.0,73.53
HDFCVALUE, 03-Aug-2026,128.0,128.72,128.0,128.21,127.07,5334,6.84,105,3380.0,63.37
HEADSUP, 03-Aug-2026,6.98,6.98,6.53,6.79,6.53,16070,1.1,65,14291.0,88.93
HEALTHADD, 03-Aug-2026,17.0,17.06,16.8,16.8,16.91,43283,7.31,353,38614.0,89.21
HEALTHAXIS, 03-Aug-2026,170.6,172.3,168.63,170.26,170.6,8530,14.55,187,4529.0,53.09
HEALTHCARE, 03-Aug-2026,22.26,22.26,21.56,21.61,21.61,78987,17.16,314,45323.0,57.38
HEALTHIETF, 03-Aug-2026,172.61,173.68,170.2,171.14,171.89,223480,384.3,2899,124988.0,55.93
HEALTHX, 03-Aug-2026,307.95,319.45,307.95,315.0,307.95,21093,66.25,401,17240.0,81.73
HEALTHY, 03-Aug-2026,17.51,17.51,17.09,17.12,17.2,552949,95.19,1753,396158.0,71.64
HECPROJECT, 03-Aug-2026,132.22,138.4,132.18,135.49,131.53,6912,9.3,320,3600.0,52.08
HEG, 03-Aug-2026,661.0,671.8,652.4,665.25,657.25,722406,4807.19,15889,276280.0,38.24
HEIDELBERG, 03-Aug-2026,153.1,155.89,153.1,155.51,152.69,65037,100.46,1321,41018.0,63.07
HEMIPROP, 03-Aug-2026,135.38,141.95,135.1,140.0,134.32,1780008,2485.09,9593,674071.0,37.87
HERANBA, 03-Aug-2026,179.57,187.18,178.48,182.74,179.57,37947,69.16,1296,12880.0,33.94
HERITGFOOD, 03-Aug-2026,334.3,339.3,333.35,335.1,330.15,244425,821.15,3859,166579.0,68.15
HEROMOTOCO, 03-Aug-2026,5425.0,5460.5,5388.0,5460.0,5386.0,602971,32752.18,49858,332038.0,55.07
HESTERBIO, 03-Aug-2026,2477.0,2489.8,2420.0,2442.4,2477.7,6340,155.58,1223,3365.0,53.08
HEXATRADEX, 03-Aug-2026,157.01,159.9,156.4,157.9,157.38,3521,5.55,74,2813.0,79.89
HEXT, 03-Aug-2026,567.4,569.85,549.1,559.85,561.65,676648,3763.0,23743,297145.0,43.91
HFCL, 03-Aug-2026,196.95,203.61,195.7,202.52,193.92,39140552,78894.82,116664,14740906.0,37.66
HGINFRA, 03-Aug-2026,538.55,548.0,538.0,546.85,538.55,48918,266.47,4070,27065.0,55.33
HGM, 03-Aug-2026,52.7,52.7,48.5,49.45,50.31,18981,9.33,107,14758.0,77.75
HGS, 03-Aug-2026,422.9,435.9,422.9,430.55,422.9,25443,109.58,1424,15805.0,62.12
HIGREEN, 03-Aug-2026,138.0,141.8,137.0,140.5,138.7,23200,32.5,29,12000.0,51.72
HIKAL, 03-Aug-2026,222.2,234.8,222.2,229.9,221.31,575992,1325.8,9340,214352.0,37.21
HILINFRA, 03-Aug-2026,46.48,47.2,45.71,47.0,45.9,68684,32.06,542,49683.0,72.34
HIMATSEIDE, 03-Aug-2026,79.99,81.82,79.99,80.99,79.23,325428,263.68,2908,159181.0,48.91
HINDALCO, 03-Aug-2026,990.0,994.9,981.35,994.9,974.45,5617219,55524.04,161480,3440039.0,61.24
HINDCOMPOS, 03-Aug-2026,425.5,431.95,424.5,425.55,423.0,3202,13.67,190,2221.0,69.36
HINDCON, 03-Aug-2026,24.44,24.44,23.06,23.15,24.03,16892,3.99,310,14243.0,84.32
HINDCOPPER, 03-Aug-2026,495.0,498.5,491.0,495.05,491.6,2755226,13631.48,45229,1218430.0,44.22
HINDOILEXP, 03-Aug-2026,161.0,162.0,158.0,161.13,161.29,341878,549.64,4720,129832.0,37.98
HINDPETRO, 03-Aug-2026,396.9,398.85,392.1,395.0,389.75,4909326,19408.46,38676,2557733.0,52.1
HINDUNILVR, 03-Aug-2026,2107.0,2138.0,2105.3,2138.0,2101.3,740649,15689.08,47718,408916.0,55.21
HINDWAREAP, 03-Aug-2026,220.45,226.5,219.93,222.23,220.45,78473,175.67,1627,45368.0,57.81
HINDZINC, 03-Aug-2026,543.6,550.45,541.45,547.0,539.2,2640411,14446.07,41138,1245640.0,47.18
HIRECT, 03-Aug-2026,1344.0,1360.0,1319.9,1339.4,1338.3,80334,1079.65,6816,33893.0,42.19
HISARMETAL, 03-Aug-2026,146.0,151.0,144.0,146.47,147.29,3008,4.44,46,2593.0,86.2
HITECH, 03-Aug-2026,84.99,86.9,84.99,85.49,84.65,552712,476.11,3505,309083.0,55.92
HLEGLAS, 03-Aug-2026,433.0,434.0,420.1,422.85,426.9,105745,449.75,4866,51679.0,48.87
HLVLTD, 03-Aug-2026,7.12,7.54,7.0,7.21,7.12,374443,26.89,900,149580.0,39.95
HMAAGRO, 03-Aug-2026,20.51,21.5,20.51,20.89,20.52,491190,103.33,1898,311673.0,63.45
HMVL, 03-Aug-2026,93.1,95.5,92.7,95.08,94.63,44985,42.34,752,28154.0,62.59
HNDFDS, 03-Aug-2026,580.0,593.9,573.8,589.05,574.65,104727,616.18,10573,63464.0,60.6
HNGSNGBEES, 03-Aug-2026,512.52,512.52,494.04,496.64,497.59,126477,631.8,6565,88731.0,70.16
HOACFOODS, 03-Aug-2026,720.0,740.0,720.0,739.0,720.0,6000,43.96,12,6000.0,100.0
HOLMARC, 03-Aug-2026,106.4,106.4,101.0,101.0,101.35,6750,6.94,7,6750.0,100.0
HOMEFIRST, 03-Aug-2026,1193.5,1220.0,1168.0,1170.2,1189.0,114585,1362.53,11252,60939.0,53.18
HOMESFY, 03-Aug-2026,116.75,117.2,116.75,117.0,122.85,3000,3.5,7,1800.0,60.0
HONASA, 03-Aug-2026,447.25,461.8,437.3,458.2,449.55,725342,3290.85,27046,357166.0,49.24
HONAUT, 03-Aug-2026,38355.0,38945.0,38255.0,38570.0,38155.0,3672,1421.02,1930,1397.0,38.04
HONDAPOWER, 03-Aug-2026,2093.9,2126.6,2077.2,2096.0,2093.9,6450,135.28,915,3591.0,55.67
HPAL, 03-Aug-2026,32.56,34.0,32.56,33.3,32.56,49769,16.64,799,33610.0,67.53
HPIL, 03-Aug-2026,125.0,130.99,123.21,127.74,126.08,3083,3.93,54,2735.0,88.71
HPL, 03-Aug-2026,335.0,342.0,335.0,335.95,332.45,65003,219.38,2982,32039.0,49.29
HPTL, 03-Aug-2026,327.95,327.95,327.95,327.95,329.0,1200,3.94,1,1200.0,100.0
HRHNEXT, 03-Aug-2026,27.25,27.25,27.0,27.0,28.4,7500,2.03,5,7500.0,100.0
HSBCGOLD, 03-Aug-2026,123.39,124.01,123.15,123.4,123.1,15876,19.64,29,13587.0,85.58
HSCL, 03-Aug-2026,750.0,756.85,735.2,750.65,750.65,3225995,24157.31,47263,832656.0,25.81
HTMEDIA, 03-Aug-2026,24.31,25.24,24.31,24.87,24.65,44939,11.23,220,30269.0,67.36
HUBTOWN, 03-Aug-2026,190.88,194.0,188.0,190.51,190.58,350784,670.58,4171,230382.0,65.68
HUDCO, 03-Aug-2026,195.9,200.39,195.9,199.38,195.1,2281853,4530.19,27349,1116344.0,48.92
HUHTAMAKI, 03-Aug-2026,298.0,310.7,295.5,300.0,298.14,459416,1392.68,9008,190910.0,41.55
HVAX, 03-Aug-2026,640.0,640.0,640.0,640.0,640.95,150,0.96,1,150.0,100.0
HYBRIDETF, 03-Aug-2026,10.28,10.28,10.04,10.06,10.03,42360,4.26,90,41480.0,97.92
HYUNDAI, 03-Aug-2026,2212.1,2247.6,2200.0,2207.0,2180.7,1774484,39373.57,72254,781849.0,44.06
IBLFL, 03-Aug-2026,58.55,61.6,58.5,61.6,61.55,10000,5.98,5,8000.0,80.0
ICDSLTD, 03-Aug-2026,39.1,41.0,39.0,39.65,40.39,4879,1.94,39,2834.0,58.09
ICELCO, 03-Aug-2026,151.0,153.0,150.0,150.0,149.25,24000,36.28,20,18000.0,75.0
ICEMAKE, 03-Aug-2026,827.0,840.0,822.0,825.25,831.35,13373,110.85,1349,8943.0,66.87
ICICIAMC, 03-Aug-2026,3129.0,3130.0,3087.1,3099.1,3115.9,322476,10014.55,43321,223911.0,69.43
ICICIB22, 03-Aug-2026,116.0,117.15,115.0,116.6,115.79,391983,457.94,5118,317213.0,80.93
ICICIBANK, 03-Aug-2026,1442.0,1460.0,1433.0,1460.0,1435.4,7706747,111429.59,185170,5215640.0,67.68
ICICIGI, 03-Aug-2026,1632.7,1675.0,1632.7,1675.0,1623.7,908054,15016.49,25599,559024.0,61.56
ICICIPRULI, 03-Aug-2026,515.4,522.35,513.8,522.35,515.4,2151448,11158.48,39510,1415475.0,65.79
ICIL, 03-Aug-2026,401.25,415.85,401.25,409.7,401.25,487006,1991.42,15247,249713.0,51.28
ICRA, 03-Aug-2026,4969.0,5145.0,4911.0,5131.5,4903.5,109701,5549.31,18706,70455.0,64.22
IDBI, 03-Aug-2026,84.8,86.23,84.51,84.71,83.75,4244574,3620.28,16692,1717293.0,40.46
IDEA, 03-Aug-2026,13.01,13.11,12.82,12.86,13.01,235409728,30554.64,247868,56422518.0,23.97
IDEALTECHO, 03-Aug-2026,175.0,175.85,175.0,175.85,173.25,2000,3.51,4,2000.0,100.0
IDENTICAL, 03-Aug-2026,17.4,17.5,17.0,17.5,17.4,12000,2.09,5,12000.0,100.0
IDFCFIRSTB, 03-Aug-2026,85.31,86.5,84.69,86.0,84.68,12814087,10946.96,53877,5434561.0,42.41
IDFNIFTYET, 03-Aug-2026,271.98,272.2,267.11,271.54,269.59,2385,6.47,88,1294.0,54.26
IEML, 03-Aug-2026,42.95,43.0,42.2,42.8,41.8,10500,4.49,20,9000.0,85.71
IEX, 03-Aug-2026,133.0,133.8,126.01,128.0,132.24,18350173,23530.79,105970,4264561.0,23.24
IFBIND, 03-Aug-2026,1315.7,1365.5,1305.0,1354.0,1315.7,70710,950.5,9762,40554.0,57.35
IFCI, 03-Aug-2026,77.3,79.2,76.92,77.31,76.54,20352925,15842.19,51969,5965384.0,29.31
IFGLEXPOR, 03-Aug-2026,212.0,218.3,203.92,207.35,208.57,79459,169.59,2591,32230.0,40.56
IGARASHI, 03-Aug-2026,451.4,469.9,451.4,467.15,451.15,57816,266.69,2629,33512.0,57.96
IGCL, 03-Aug-2026,77.9,77.9,75.0,75.47,77.9,118216,90.32,1745,64547.0,54.6
IGIL, 03-Aug-2026,355.0,371.4,354.6,364.95,353.45,1356968,4955.72,34386,805652.0,59.37
IGL, 03-Aug-2026,152.05,156.52,152.05,156.17,151.98,1720749,2671.28,34078,1000554.0,58.15
IGPL, 03-Aug-2026,478.3,500.0,471.05,496.65,471.25,185122,906.5,5123,114816.0,62.02
IIFL, 03-Aug-2026,610.8,622.0,602.4,617.85,608.65,2681421,16408.89,47163,1385302.0,51.66
IIFLCAPS, 03-Aug-2026,339.3,339.3,335.1,336.65,337.8,293307,985.87,9714,193701.0,66.04
IITL, 03-Aug-2026,133.21,153.21,133.21,153.21,127.68,270241,391.93,3433,105876.0,39.18
IKIO, 03-Aug-2026,201.0,203.9,199.3,201.54,200.22,165776,333.37,2111,51707.0,31.19
IKS, 03-Aug-2026,1858.0,1858.0,1839.3,1846.4,1848.9,61283,1131.37,13849,33302.0,54.34
IMAGICAA, 03-Aug-2026,47.24,49.85,47.18,49.09,46.99,1090738,530.39,4524,650899.0,59.68
IMFA, 03-Aug-2026,1482.9,1498.9,1454.0,1492.0,1448.6,229842,3405.31,15338,124601.0,54.21
IMPAL, 03-Aug-2026,1080.0,1114.7,1070.0,1104.6,1084.4,1846,20.2,336,1211.0,65.6
INA, 03-Aug-2026,111.31,113.98,111.11,112.75,111.78,374327,422.08,4696,185661.0,49.6
INCREDIBLE, 03-Aug-2026,33.48,33.99,33.02,33.1,33.15,86,0.03,12,86.0,100.0
INDBANK, 03-Aug-2026,32.26,32.84,32.26,32.49,32.35,19689,6.41,284,14402.0,73.15
INDGN, 03-Aug-2026,523.45,554.85,512.3,545.25,515.15,1886714,10187.53,61663,791315.0,41.94
INDHOTEL, 03-Aug-2026,740.0,752.0,739.5,752.0,738.55,1980772,14754.35,29586,1095892.0,55.33
INDIACEM, 03-Aug-2026,400.0,400.0,388.5,390.95,398.0,195037,766.86,12469,93098.0,47.73
INDIAGLYCO, 03-Aug-2026,1158.0,1164.6,1140.0,1145.2,1147.45,110002,1268.8,9414,61512.0,55.92
INDIAMART, 03-Aug-2026,1820.0,1825.0,1790.0,1798.6,1799.8,165345,2990.98,15699,104008.0,62.9
INDIANB, 03-Aug-2026,841.95,853.8,838.0,845.0,836.5,1497239,12683.07,44304,584681.0,39.05
INDIANCARD, 03-Aug-2026,225.72,232.0,222.03,224.29,225.72,1358,3.07,51,1227.0,90.35
INDIANHUME, 03-Aug-2026,393.2,421.0,393.2,414.5,390.75,183169,748.3,7879,92114.0,50.29
INDIASHLTR, 03-Aug-2026,722.85,745.4,715.3,726.5,726.5,98972,724.19,7700,55377.0,55.95
INDIGO, 03-Aug-2026,5300.0,5402.0,5276.0,5400.0,5171.0,990927,53078.61,70011,315451.0,31.83
INDIGOPNTS, 03-Aug-2026,1106.6,1113.4,1086.0,1087.4,1111.8,48464,531.69,6879,27764.0,57.29
INDIGRID, 03-Aug-2026,179.3,179.5,178.26,178.36,178.76,1071087,1916.14,10333,950890.0,88.78
INDIQUBE, 03-Aug-2026,176.84,178.4,169.45,171.97,173.76,47200,82.5,1477,14757.0,31.26
INDNIPPON, 03-Aug-2026,1186.5,1214.6,1150.1,1173.2,1170.4,64388,767.51,3607,23491.0,36.48
INDOBORAX, 03-Aug-2026,378.15,422.35,373.0,418.7,374.9,889883,3659.7,27670,141308.0,15.88
INDOCO, 03-Aug-2026,222.78,225.02,220.0,221.76,219.49,89085,198.21,2697,40279.0,45.21
INDOFARM, 03-Aug-2026,161.9,164.5,160.16,161.6,161.22,179064,291.31,3645,68881.0,38.47
INDOMIM, 03-Aug-2026,776.0,802.7,765.0,770.15,776.15,7110886,55686.6,243747,1398675.0,19.67
INDORAMA, 03-Aug-2026,56.55,64.85,56.55,63.49,56.25,2539412,1565.8,18808,611423.0,24.08
INDOSTAR, 03-Aug-2026,250.25,253.0,243.05,245.25,250.0,101092,252.01,2124,60727.0,60.07
INDOTHAI, 03-Aug-2026,214.9,215.0,170.75,170.75,213.43,2912295,5333.35,27445,1271599.0,43.66
INDOUS, 03-Aug-2026,81.0,84.63,81.0,83.6,81.62,10809,9.0,636,6236.0,57.69
INDPRUD, 03-Aug-2026,6660.0,6660.0,6420.0,6550.0,6598.5,98,6.4,32,83.0,84.69
INDRAMEDCO, 03-Aug-2026,367.0,373.3,365.65,368.9,366.35,118293,437.23,3350,69850.0,59.05
INDSWFTLAB, 03-Aug-2026,224.27,231.2,222.2,228.63,224.27,195400,446.24,3589,109502.0,56.04
INDTERRAIN, 03-Aug-2026,28.6,33.39,28.12,33.39,27.83,296135,95.69,1388,201683.0,68.11
INDUSINDBK, 03-Aug-2026,1019.0,1028.9,1013.3,1028.9,1012.45,887652,9050.91,30372,430526.0,48.5
INDUSINVIT, 03-Aug-2026,133.3,133.3,131.51,131.98,131.88,138273,182.54,5094,133036.0,96.21
INDUSTOWER, 03-Aug-2026,394.0,398.3,390.1,395.3,391.1,2253714,8895.35,34763,899362.0,39.91
INFINIUM, 03-Aug-2026,208.0,209.0,202.0,202.0,208.5,6500,13.27,13,4000.0,61.54
INFLUX, 03-Aug-2026,296.45,296.45,287.05,288.65,296.45,7800,22.74,12,6000.0,76.92
INFOBEAN, 03-Aug-2026,170.44,175.88,167.69,171.95,166.86,424632,733.35,7092,193137.0,45.48
INFOLLION, 03-Aug-2026,161.9,163.05,159.0,159.0,157.1,4000,6.46,10,3600.0,90.0
INFOMEDIA, 03-Aug-2026,5.45,5.7,5.13,5.38,5.43,13289,0.72,79,10288.0,77.42
INFRA, 03-Aug-2026,12.15,12.28,12.15,12.25,12.14,23976,2.93,206,15900.0,66.32
INFRABEES, 03-Aug-2026,975.66,980.88,965.2,972.07,971.97,8431,82.29,750,4438.0,52.64
INFRAIETF, 03-Aug-2026,97.91,97.91,96.35,97.52,96.65,384312,374.61,4293,312047.0,81.2
INFY, 03-Aug-2026,1145.1,1180.0,1138.1,1180.0,1130.1,8582270,99629.89,157993,4222831.0,49.2
INGERRAND, 03-Aug-2026,4335.6,4418.2,4290.0,4327.0,4335.6,7602,331.82,1222,4839.0,63.65
INM, 03-Aug-2026,181.0,181.0,180.0,180.0,183.0,1200,2.17,2,1200.0,100.0
INNOMET, 03-Aug-2026,183.95,183.95,183.95,183.95,180.35,26400,48.56,28,26400.0,100.0
INNOVACAP, 03-Aug-2026,975.0,975.85,945.2,956.4,974.25,18202,175.41,2970,10950.0,60.16
INNOVANA, 03-Aug-2026,315.0,336.75,315.0,322.0,327.9,2468,7.98,166,1716.0,69.53
INNOVISION, 03-Aug-2026,284.1,288.0,283.6,285.75,285.5,14255,40.78,577,6858.0,48.11
INOXINDIA, 03-Aug-2026,1908.0,1980.0,1879.0,1920.4,1908.0,133526,2564.47,16505,61597.0,46.13
INOXWIND, 03-Aug-2026,78.9,81.14,78.54,78.9,78.14,11919807,9515.04,39978,3794471.0,31.83
INSECTICID, 03-Aug-2026,643.3,665.95,636.1,663.6,641.2,61729,406.16,2711,22523.0,36.49
INTEGRITY, 03-Aug-2026,155.7,156.8,155.7,156.8,154.6,3600,5.62,2,3600.0,100.0
INTELLECT, 03-Aug-2026,727.7,764.4,722.15,748.85,719.9,1625516,12202.34,50251,732536.0,45.06
INTENTECH, 03-Aug-2026,82.5,85.87,82.5,83.07,83.32,25387,21.32,787,14349.0,56.52
INTERARCH, 03-Aug-2026,1811.0,1858.0,1811.0,1846.1,1808.8,53516,983.43,4280,31292.0,58.47
INTERNET, 03-Aug-2026,13.62,13.95,13.61,13.92,13.58,295701,40.99,332,248439.0,84.02
INTLCONV, 03-Aug-2026,74.0,75.75,73.55,73.77,74.47,49859,37.08,2427,37600.0,75.41
INVENTURE, 03-Aug-2026,0.91,0.95,0.9,0.91,0.9,2382685,21.99,489,1157449.0,48.58
INVICTA, 03-Aug-2026,71.0,73.9,71.0,72.8,68.15,16000,11.59,10,9600.0,60.0
IOB, 03-Aug-2026,34.29,34.6,34.01,34.1,33.9,2431701,834.44,11008,1095028.0,45.03
IOC, 03-Aug-2026,142.52,145.2,142.38,143.7,140.17,17986947,25814.41,81731,7071435.0,39.31
IOLCP, 03-Aug-2026,147.1,153.9,146.48,151.7,146.33,1909350,2882.25,15664,970867.0,50.85
IONEXCHANG, 03-Aug-2026,420.7,436.0,419.75,429.95,420.7,321970,1376.4,11392,168986.0,52.49
IPCALAB, 03-Aug-2026,1752.9,1767.0,1714.0,1725.6,1747.8,159711,2781.36,23023,91744.0,57.44
IPHL, 03-Aug-2026,76.0,76.0,72.35,74.85,73.05,24000,17.95,18,21600.0,90.0
IPL, 03-Aug-2026,144.01,152.48,142.4,148.57,154.15,1006156,1474.18,11778,287164.0,28.54
IRB, 03-Aug-2026,20.17,20.38,20.06,20.18,20.0,6221967,1257.73,16333,3293550.0,52.93
IRBINVIT, 03-Aug-2026,63.25,63.25,62.83,63.03,62.81,1073898,676.69,7152,1016899.0,94.69
IRCON, 03-Aug-2026,126.12,132.38,126.1,131.88,125.99,3483133,4553.53,29317,1147786.0,32.95
IRCTC, 03-Aug-2026,494.35,517.5,493.0,513.5,489.8,2801518,14261.28,54823,1154252.0,41.2
IREDA, 03-Aug-2026,120.38,123.9,120.19,123.0,119.59,7823276,9599.55,38873,2443811.0,31.24
IRFC, 03-Aug-2026,89.5,90.85,89.42,90.25,89.15,11813006,10666.91,51917,4209954.0,35.64
IRIS, 03-Aug-2026,252.0,263.97,249.8,254.52,248.2,19353,49.32,615,12274.0,63.42
IRISDOREME, 03-Aug-2026,53.26,54.5,52.81,53.52,52.96,459911,245.35,2782,297555.0,64.7
IRMENERGY, 03-Aug-2026,257.6,268.4,257.6,265.0,257.55,97929,258.9,3086,57745.0,58.97
ISFT, 03-Aug-2026,82.5,84.0,78.3,82.5,81.31,5293,4.37,228,3828.0,72.32
ISGEC, 03-Aug-2026,834.0,847.0,833.35,838.95,825.95,39861,334.78,3469,27385.0,68.7
ISHAN, 03-Aug-2026,0.5,0.5,0.45,0.45,0.45,336000,1.63,7,336000.0,100.0
ISHANCH, 03-Aug-2026,52.99,53.3,50.5,51.84,52.22,49811,26.07,279,37389.0,75.06
IT, 03-Aug-2026,34.83,35.14,33.75,34.95,34.15,685778,237.51,1573,402283.0,58.66
ITADD, 03-Aug-2026,32.72,33.5,32.7,33.22,32.59,125860,41.59,203,100657.0,79.98
ITAXIS, 03-Aug-2026,341.14,349.0,338.1,345.94,337.83,7479,25.78,224,3968.0,53.06
ITBEES, 03-Aug-2026,34.2,35.2,34.0,34.98,34.12,19835504,6888.93,26577,9558327.0,48.19
ITBETA, 03-Aug-2026,320.69,333.99,319.91,324.4,323.35,352251,1140.7,233,12409.0,3.52
ITC, 03-Aug-2026,284.45,292.55,283.0,287.0,281.0,45392755,131200.68,397056,16649857.0,36.68
ITCHOTELS, 03-Aug-2026,163.59,167.35,162.8,165.22,162.37,2135051,3534.98,33860,971321.0,45.49
ITDC, 03-Aug-2026,707.0,730.2,705.45,715.2,700.7,343982,2473.58,17311,67970.0,19.76
ITETF, 03-Aug-2026,32.79,33.6,32.66,33.46,32.57,589716,195.12,1132,415858.0,70.52
ITI, 03-Aug-2026,279.4,282.9,277.8,282.15,276.7,264548,743.61,6001,95373.0,36.05
ITIETF, 03-Aug-2026,34.32,35.83,34.03,34.9,34.2,1165091,404.83,2437,513067.0,44.04
IVALUE, 03-Aug-2026,272.55,282.0,271.35,274.7,274.05,446702,1232.06,6970,271984.0,60.89
IVC, 03-Aug-2026,8.5,8.51,8.44,8.45,8.4,154929,13.12,692,146879.0,94.8
IVZINGOLD, 03-Aug-2026,124.0,124.2,122.65,123.5,123.35,77619,95.74,304,65659.0,84.59
IVZINNIFTY, 03-Aug-2026,287.59,287.59,278.0,280.97,280.58,3673,10.31,148,2719.0,74.03
IWARE, 03-Aug-2026,474.0,482.0,474.0,482.0,489.8,3600,17.23,6,3600.0,100.0
IWP, 03-Aug-2026,34.45,34.45,32.8,33.13,33.49,2124,0.7,37,1686.0,79.38
IXIGO, 03-Aug-2026,199.85,204.58,198.13,199.6,197.62,591507,1185.24,14413,265552.0,44.89
IZMO, 03-Aug-2026,997.0,1028.25,973.85,988.9,992.9,91192,913.8,7374,45571.0,49.97
J&KBANK, 03-Aug-2026,155.0,158.7,152.55,156.12,156.0,6169987,9687.46,53526,2966634.0,48.08
JAGRAN, 03-Aug-2026,64.2,64.5,62.8,62.88,63.81,361401,228.48,2836,192775.0,53.34
JAGSNPHARM, 03-Aug-2026,228.5,239.0,227.21,235.37,230.8,182821,423.32,3945,83814.0,45.84
JAICORPLTD, 03-Aug-2026,102.15,104.39,102.15,103.83,101.64,283415,293.96,2747,132987.0,46.92
JAINIK, 03-Aug-2026,178.5,185.0,178.5,183.0,182.0,10800,19.83,7,8400.0,77.78
JAINREC, 03-Aug-2026,353.9,363.0,321.2,350.2,348.2,6506503,22587.15,119306,1239873.0,19.06
JAIPURKURT, 03-Aug-2026,26.5,27.96,26.5,26.91,26.67,141267,38.52,181,130911.0,92.67
JALAN, 03-Aug-2026,1.6,1.6,1.5,1.6,1.55,54000,0.82,9,54000.0,100.0
JAMNAAUTO, 03-Aug-2026,132.99,141.6,132.49,140.86,131.18,6125287,8499.18,51207,2642132.0,43.13
JARO, 03-Aug-2026,474.8,476.65,469.75,472.55,467.85,113121,534.67,2200,14678.0,12.98
JASH, 03-Aug-2026,506.0,511.4,496.2,500.6,504.55,90209,455.99,6134,53123.0,58.89
JAYAGROGN, 03-Aug-2026,236.0,241.35,229.2,230.95,229.35,42437,99.97,1611,26131.0,61.58
JAYBARMARU, 03-Aug-2026,165.0,165.12,160.0,162.17,160.59,471198,768.28,5777,254702.0,54.05
JAYBEE, 03-Aug-2026,89.9,89.9,84.0,87.0,89.9,16500,14.42,31,13500.0,81.82
JAYESH, 03-Aug-2026,137.0,162.3,137.0,144.25,135.25,41000,59.99,27,9000.0,21.95
JAYKAY, 03-Aug-2026,169.8,172.0,163.68,165.32,167.36,121972,204.23,2819,56279.0,46.14
JAYNECOIND, 03-Aug-2026,86.48,89.26,86.2,88.18,86.03,3042725,2665.44,18128,1296937.0,42.62
JAYSREETEA, 03-Aug-2026,82.9,84.15,82.48,83.27,81.96,20508,17.08,348,13536.0,66.0
JBMA, 03-Aug-2026,663.0,670.95,660.0,662.6,658.35,161748,1076.34,8554,70295.0,43.46
JETFREIGHT, 03-Aug-2026,23.77,23.85,22.51,22.67,22.7,276654,64.11,1098,174979.0,63.25
JEYYAM, 03-Aug-2026,24.25,24.75,24.0,24.0,24.35,24000,5.82,12,22000.0,91.67
JFLLIFE, 03-Aug-2026,13.25,13.6,13.0,13.25,13.0,66000,8.78,11,42000.0,63.64
JGCHEM, 03-Aug-2026,507.0,514.8,501.65,508.4,503.8,84625,430.44,3425,47355.0,55.96
JHS, 03-Aug-2026,7.74,7.79,7.49,7.64,7.57,95703,7.31,331,53895.0,56.31
JINDALPHOT, 03-Aug-2026,1070.0,1079.9,1038.0,1064.0,1061.1,2158,22.86,282,1008.0,46.71
JINDALPOLY, 03-Aug-2026,642.0,642.0,622.0,625.0,633.3,16801,105.49,1376,9781.0,58.22
JINDALSAW, 03-Aug-2026,256.75,260.8,253.25,259.3,256.95,1071375,2751.54,23315,533014.0,49.75
JINDALSTEL, 03-Aug-2026,1114.0,1128.3,1105.1,1105.1,1102.4,1173261,13055.69,32751,621270.0,52.95
JINDRILL, 03-Aug-2026,622.9,628.35,607.0,611.15,616.2,283953,1749.5,11698,105975.0,37.32
JINDWORLD, 03-Aug-2026,37.91,42.4,37.63,40.41,38.34,123958484,50856.17,226240,7127505.0,5.75
JIOFIN, 03-Aug-2026,260.0,266.95,256.3,263.0,256.46,36582683,95718.18,177781,13864892.0,37.9
JISLDVREQS, 03-Aug-2026,22.21,23.23,22.05,22.53,22.1,28796,6.46,157,21443.0,74.47
JISLJALEQS, 03-Aug-2026,30.07,32.4,30.05,31.33,29.94,4959953,1555.74,16232,1651687.0,33.3
JITFINFRA, 03-Aug-2026,340.0,352.0,335.65,345.25,337.95,30630,106.11,1341,17708.0,57.81
JKCEMENT, 03-Aug-2026,5461.0,5595.0,5461.0,5563.5,5444.0,39151,2173.84,11716,19282.0,49.25
JKIL, 03-Aug-2026,484.0,489.9,483.1,485.2,482.0,72309,351.64,4510,46117.0,63.78
JKLAKSHMI, 03-Aug-2026,569.9,571.85,564.0,568.65,564.65,67274,382.26,4288,37535.0,55.79
JKPAPER, 03-Aug-2026,390.95,392.7,385.0,385.75,390.55,205827,800.22,6562,91010.0,44.22
JKTYRE, 03-Aug-2026,405.0,418.25,403.15,410.3,399.75,1668484,6866.32,37784,802321.0,48.09
JLHL, 03-Aug-2026,325.0,325.0,310.3,319.0,331.5,607371,1928.1,32790,323013.0,53.18
JMA, 03-Aug-2026,89.0,90.9,87.02,88.67,87.92,12766,11.41,214,8704.0,68.18
JMFINANCIL, 03-Aug-2026,123.69,125.25,117.7,120.89,122.16,8194497,9910.23,58434,2172736.0,26.51
JNKINDIA, 03-Aug-2026,430.0,430.0,405.2,410.85,437.55,732715,3058.83,17851,372108.0,50.78
JPOLYINVST, 03-Aug-2026,1021.0,1045.0,1021.0,1029.2,1020.8,5203,53.55,391,4101.0,78.82
JPPOWER, 03-Aug-2026,18.59,19.28,18.31,18.76,18.29,197024299,37344.67,113139,67887964.0,34.46
JSFB, 03-Aug-2026,579.0,593.0,573.6,584.85,575.0,673070,3933.08,24389,320101.0,47.56
JSL, 03-Aug-2026,734.8,740.0,719.95,731.7,734.8,382465,2808.38,20907,161870.0,42.32
JSLL, 03-Aug-2026,595.6,602.05,573.2,582.5,586.15,415999,2453.75,12549,201473.0,48.43
JSWCEMENT, 03-Aug-2026,134.0,134.75,132.15,132.9,133.1,692633,926.48,10380,379723.0,54.82
JSWDULUX, 03-Aug-2026,2938.8,3035.0,2938.8,3015.5,2938.8,13123,394.97,2834,7798.0,59.42
JSWENERGY, 03-Aug-2026,559.0,569.0,557.35,569.0,554.65,2824425,15910.48,56499,1570771.0,55.61
JSWHL, 03-Aug-2026,11250.0,12200.0,11250.0,12016.0,11257.0,7448,878.39,2591,3768.0,50.59
JSWINFRA, 03-Aug-2026,317.7,330.95,314.4,329.0,312.4,6061606,19691.94,105860,3383810.0,55.82
JSWSTEEL, 03-Aug-2026,1278.9,1294.8,1268.7,1292.3,1270.0,2577735,32937.41,57931,1659767.0,64.39
JTEKTINDIA, 03-Aug-2026,141.9,143.94,138.2,141.74,140.71,256541,363.15,4247,122242.0,47.65
JTLIND, 03-Aug-2026,77.4,77.4,75.3,75.73,75.39,1165467,890.2,8357,611045.0,52.43
JUBLCPL, 03-Aug-2026,1800.0,1848.7,1800.0,1822.3,1778.6,1471,26.71,298,1002.0,68.12
JUBLFOOD, 03-Aug-2026,439.95,470.8,439.95,470.0,438.25,6073943,28079.4,78614,1870591.0,30.8
JUBLINGREA, 03-Aug-2026,739.9,760.55,734.05,757.45,735.7,300636,2262.35,18340,148096.0,49.26
JUBLPHARMA, 03-Aug-2026,936.0,944.45,925.4,933.15,935.15,204728,1912.52,19899,118919.0,58.09
JUNIORBEES, 03-Aug-2026,800.0,805.0,795.0,801.59,795.65,548402,4399.06,18462,350479.0,63.91
JUNIPER, 03-Aug-2026,198.0,199.0,196.45,197.75,195.33,82931,164.14,1525,60032.0,72.39
JUSTDIAL, 03-Aug-2026,719.9,729.35,705.8,710.65,716.7,399720,2860.4,10336,152759.0,38.22
JWL, 03-Aug-2026,259.25,269.55,259.25,264.95,259.2,1890451,5020.2,25367,662849.0,35.06
JYOTHYLAB, 03-Aug-2026,200.83,207.4,199.84,206.06,198.85,941754,1935.49,22751,520496.0,55.27
JYOTICNC, 03-Aug-2026,814.8,864.2,812.05,858.3,808.65,1473324,12476.35,39134,686308.0,46.58
JYOTIGLOBL, 03-Aug-2026,35.9,35.9,35.9,35.9,35.95,4000,1.44,2,4000.0,100.0
JYOTISTRUC, 03-Aug-2026,10.88,11.74,10.88,11.6,10.8,9771430,1114.7,10661,4218086.0,43.17
K2INFRA, 03-Aug-2026,54.5,54.7,53.5,54.45,54.05,11400,6.17,19,9600.0,84.21
KABRAEXTRU, 03-Aug-2026,401.0,447.95,395.0,418.6,394.95,873684,3716.02,27866,279809.0,32.03
KAJARIACER, 03-Aug-2026,1220.3,1223.0,1188.2,1214.7,1198.3,664373,8029.09,45153,434381.0,65.38
KALAMANDIR, 03-Aug-2026,89.11,90.7,89.05,90.03,89.13,317343,285.85,2903,170437.0,53.71
KALANA, 03-Aug-2026,18.95,18.95,18.95,18.95,18.5,2000,0.38,1,2000.0,100.0
KALPATARU, 03-Aug-2026,300.75,309.8,297.0,300.7,297.85,100525,303.52,2532,43968.0,43.74
KALYANIFRG, 03-Aug-2026,620.0,620.0,593.0,599.6,601.9,989,5.96,91,569.0,57.53
KALYANKJIL, 03-Aug-2026,616.35,623.4,602.55,608.0,612.6,15638729,95602.73,129745,2412614.0,15.43
KAMAHOLD, 03-Aug-2026,2520.0,2545.0,2510.0,2516.4,2511.1,2500,63.18,302,1785.0,71.4
KAMATHOTEL, 03-Aug-2026,166.3,171.39,166.3,170.15,166.99,34581,58.83,876,26208.0,75.79
KAMOPAINTS, 03-Aug-2026,4.57,4.73,4.5,4.56,4.58,307600,14.08,799,243398.0,79.13
KANANIIND, 03-Aug-2026,1.55,1.55,1.47,1.5,1.49,79472,1.2,295,49104.0,61.79
KANDARP, 03-Aug-2026,98.75,99.0,97.0,98.45,100.9,7000,6.89,7,6000.0,85.71
KANPRPLA, 03-Aug-2026,209.99,213.37,206.44,211.01,207.13,11000,23.19,627,6040.0,54.91
KANSAINER, 03-Aug-2026,197.19,205.26,197.19,204.18,196.74,514487,1047.66,17125,244198.0,47.46
KAPSTON, 03-Aug-2026,483.9,534.0,478.8,525.9,474.9,302591,1562.74,12319,85729.0,28.33
KARMAENG, 03-Aug-2026,36.6,39.9,36.6,38.5,38.24,1381,0.53,76,765.0,55.39
KARNIKA, 03-Aug-2026,115.1,120.0,115.1,119.2,117.8,42000,49.72,35,30000.0,71.43
KARURVYSYA, 03-Aug-2026,343.5,351.8,342.5,348.1,342.45,3406254,11855.66,57118,1827123.0,53.64
KATARIA, 03-Aug-2026,98.0,99.8,97.0,99.8,97.75,7800,7.73,12,7800.0,100.0
KAVDEFENCE, 03-Aug-2026,56.71,59.71,56.71,58.52,57.11,117414,68.87,1553,48878.0,41.63
KAYA, 03-Aug-2026,275.15,283.0,275.15,278.45,275.74,7972,22.26,201,5778.0,72.48
KAYNES, 03-Aug-2026,3830.0,3866.8,3760.0,3805.0,3804.6,1176113,44772.8,70307,224285.0,19.07
KAYTEX, 03-Aug-2026,58.65,58.65,57.8,57.9,58.5,68000,39.4,57,67200.0,98.82
KCEIL, 03-Aug-2026,86.15,89.15,86.15,88.7,87.45,10000,8.72,10,10000.0,100.0
KCK, 03-Aug-2026,19.0,19.0,18.1,18.35,19.0,252500,46.93,69,187500.0,74.26
KCP, 03-Aug-2026,161.6,165.39,148.98,152.97,161.57,890397,1390.15,18639,180089.0,20.23
KCPSUGIND, 03-Aug-2026,32.27,33.0,30.8,32.59,31.95,537049,173.69,1855,254539.0,47.4
KDDL, 03-Aug-2026,3318.5,3495.0,3272.7,3463.2,3302.0,54531,1855.65,7077,26752.0,49.06
KDL, 03-Aug-2026,107.65,107.95,103.65,106.25,102.85,21000,22.24,102,16500.0,78.57
KEC, 03-Aug-2026,473.75,482.85,472.35,478.75,468.95,806688,3861.1,21616,373552.0,46.31
KECL, 03-Aug-2026,134.0,140.0,130.4,135.26,137.79,303094,408.57,3928,162038.0,53.46
KEEPLEARN, 03-Aug-2026,1.99,1.99,1.85,1.94,1.91,37793,0.73,65,35355.0,93.55
KEI, 03-Aug-2026,5024.0,5063.2,4963.2,5023.3,4999.0,274828,13790.05,29119,99644.0,36.26
KEL, 03-Aug-2026,85.0,85.0,77.5,84.45,81.0,13200,10.57,11,4800.0,36.36
KELLTONTEC, 03-Aug-2026,14.27,14.4,14.15,14.27,14.18,1738942,248.29,3153,895379.0,51.49
KEN, 03-Aug-2026,36.4,38.0,36.15,38.0,38.0,10800,4.05,9,8400.0,77.78
KENNAMET, 03-Aug-2026,2888.0,2987.0,2851.3,2907.5,2821.4,16803,490.75,2206,11813.0,70.3
KERNEX, 03-Aug-2026,2337.0,2352.8,2270.0,2278.0,2291.7,119055,2740.5,8899,71622.0,60.16
KEYFINSERV, 03-Aug-2026,259.85,260.7,251.15,253.2,256.0,1581,4.05,67,634.0,40.1
KFINTECH, 03-Aug-2026,943.7,953.55,934.25,945.0,937.9,514392,4856.77,17955,172448.0,33.52
KHAICHEM, 03-Aug-2026,47.9,52.79,47.7,49.35,47.15,234709,116.93,1734,137678.0,58.66
KHAITANLTD, 03-Aug-2026,141.0,155.4,134.0,155.39,129.5,49355,73.94,641,27779.0,56.28
KHANDSE, 03-Aug-2026,17.9,17.9,17.0,17.52,17.93,1503,0.26,45,1002.0,66.67
KHFM, 03-Aug-2026,47.4,49.7,47.4,49.7,47.4,3100,1.51,2,3100.0,100.0
KICL, 03-Aug-2026,5580.0,5600.0,5490.5,5522.0,5498.5,1259,70.04,312,824.0,65.45
KIMS, 03-Aug-2026,805.95,826.65,804.2,820.6,804.7,818769,6681.1,24514,479720.0,58.59
KINGFA, 03-Aug-2026,5248.0,5250.5,5160.0,5185.5,5248.5,2833,147.45,1177,1629.0,57.5
KIOCL, 03-Aug-2026,371.0,410.7,369.55,394.9,365.55,2831917,11246.92,57530,349383.0,12.34
KIRANVYPAR, 03-Aug-2026,197.51,203.9,192.1,202.99,197.51,3066,6.18,67,2990.0,97.52
KIRIINDUS, 03-Aug-2026,415.95,429.95,415.95,425.6,414.65,346596,1471.44,7685,174644.0,50.39
KIRLFER, 03-Aug-2026,477.0,484.4,470.05,475.05,475.65,55463,265.42,2500,41344.0,74.54
KIRLOSBROS, 03-Aug-2026,1840.0,1914.0,1839.9,1859.7,1870.1,147293,2775.01,20072,46902.0,31.84
KIRLOSENG, 03-Aug-2026,2190.0,2246.9,2157.5,2225.2,2189.8,271651,6046.47,29453,160721.0,59.16
KIRLOSIND, 03-Aug-2026,3970.0,4067.8,3924.0,3952.6,3940.8,10676,427.67,2186,4351.0,40.75
KIRLPNU, 03-Aug-2026,1483.0,1491.1,1460.0,1463.3,1482.4,75867,1117.87,10478,43366.0,57.16
KISSHT, 03-Aug-2026,320.0,321.65,307.0,313.6,317.8,2279384,7169.41,62620,933902.0,40.97
KITEX, 03-Aug-2026,146.45,149.19,145.0,146.34,145.81,346394,510.65,3631,193971.0,56.0
KKCL, 03-Aug-2026,505.0,514.5,497.7,509.95,497.0,32890,167.06,5657,20890.0,63.51
KKJEWELS, 03-Aug-2026,106.05,106.05,104.5,104.9,107.0,9000,9.47,9,6000.0,66.67
KLBRENG-B, 03-Aug-2026,450.85,453.0,417.45,421.6,435.5,113179,483.68,4733,77638.0,68.6
KLL, 03-Aug-2026,27.0,28.7,27.0,28.25,27.9,6400,1.79,7,6400.0,100.0
KMEW, 03-Aug-2026,2470.6,2533.0,2470.6,2493.5,2463.3,51459,1289.62,7665,21552.0,41.88
KMSUGAR, 03-Aug-2026,27.8,28.5,27.75,28.19,27.6,149407,42.25,907,91895.0,61.51
KNACK, 03-Aug-2026,192.5,202.9,192.49,197.28,190.15,2439087,4832.87,21695,915376.0,37.53
KNAGRI, 03-Aug-2026,215.0,215.59,207.0,207.06,208.24,9368,19.79,144,6702.0,71.54
KNRCON, 03-Aug-2026,121.85,127.7,121.85,126.53,121.85,983664,1231.97,9333,541493.0,55.05
KODYTECH, 03-Aug-2026,1418.8,1450.0,1411.0,1441.7,1418.8,12600,180.6,102,9200.0,73.02
KOHINOOR, 03-Aug-2026,23.27,23.77,23.04,23.25,23.27,41849,9.78,1384,15858.0,37.89
KOKUYOCMLN, 03-Aug-2026,85.94,88.8,85.25,85.93,85.94,42642,36.99,456,32413.0,76.01
KOLTEPATIL, 03-Aug-2026,385.5,399.95,385.2,391.4,385.1,164542,648.66,4861,55657.0,33.83
KONSTELEC, 03-Aug-2026,62.1,62.9,61.5,62.8,61.45,40000,25.08,11,40000.0,100.0
KORE, 03-Aug-2026,159.85,184.0,159.85,170.75,174.5,3500,6.05,12,3000.0,85.71
KOTAKBANK, 03-Aug-2026,392.0,397.5,391.05,397.5,390.3,11247062,44223.97,198837,8110295.0,72.11
KOTARISUG, 03-Aug-2026,25.07,26.48,25.07,26.13,25.28,112364,29.31,491,68016.0,60.53
KOTHARIPET, 03-Aug-2026,139.99,148.77,139.09,147.14,139.86,369243,540.56,4354,139915.0,37.89
KOTHARIPRO, 03-Aug-2026,68.43,71.0,66.36,68.66,66.77,7339,5.08,202,5841.0,79.59
KOTIC, 03-Aug-2026,161.41,165.18,152.35,155.65,158.82,25135,39.58,690,15161.0,60.32
KOVAI, 03-Aug-2026,5895.0,5920.0,5810.0,5832.5,5910.0,4105,240.51,1674,2829.0,68.92
KPEL, 03-Aug-2026,309.05,319.2,309.05,316.25,306.95,193005,607.91,4846,105715.0,54.77
KPIGREEN, 03-Aug-2026,375.4,383.0,375.4,380.85,373.75,369696,1405.57,12660,190441.0,51.51
KPIL, 03-Aug-2026,1289.0,1310.0,1273.1,1283.5,1289.6,152552,1962.32,17688,87042.0,57.06
KPITTECH, 03-Aug-2026,602.15,622.5,598.45,619.25,598.4,4526739,27800.15,63094,1144953.0,25.29
KPL, 03-Aug-2026,2598.9,2625.0,2550.0,2562.0,2578.9,12762,328.89,2362,6809.0,53.35
KPRMILL, 03-Aug-2026,1064.7,1077.0,1050.5,1063.7,1049.8,156682,1664.01,17474,61112.0,39.0
KRBL, 03-Aug-2026,350.0,381.0,350.0,373.7,351.1,798295,2945.02,17457,355751.0,44.56
KREBSBIO, 03-Aug-2026,53.11,58.04,53.11,55.79,53.65,10136,5.69,83,7461.0,73.61
KRISHANA, 03-Aug-2026,183.7,186.0,178.5,180.38,182.95,980090,1787.37,13813,404274.0,41.25
KRISHCA, 03-Aug-2026,160.55,165.5,157.45,159.55,160.3,23500,37.79,42,17000.0,72.34
KRISHIVAL, 03-Aug-2026,394.15,400.0,387.6,389.35,393.55,104025,405.79,332,103075.0,99.09
KRISHNADEF, 03-Aug-2026,1206.7,1230.0,1202.0,1218.3,1198.5,69989,853.37,5036,34596.0,49.43
KRITIKA, 03-Aug-2026,6.39,6.39,5.98,6.01,6.14,415349,25.32,1032,261774.0,63.03
KRITINUT, 03-Aug-2026,72.0,76.94,71.85,73.69,72.58,9034,6.66,119,6919.0,76.59
KRMAYURVED, 03-Aug-2026,282.7,288.6,282.7,288.6,274.9,60000,172.64,35,60000.0,100.0
KRONOX, 03-Aug-2026,151.3,154.9,151.3,153.81,151.3,33807,51.94,1132,19277.0,57.02
KROSS, 03-Aug-2026,196.2,204.99,196.2,203.39,196.2,421877,851.67,7721,194627.0,46.13
KRSNAA, 03-Aug-2026,529.0,561.45,526.55,540.8,527.45,220315,1203.34,9203,127447.0,57.85
KRT, 03-Aug-2026,118.4,118.9,117.5,117.64,118.4,637159,751.35,3218,594473.0,93.3
KRYSTAL, 03-Aug-2026,602.0,608.85,601.0,602.2,600.05,12552,75.94,479,7936.0,63.22
KSB, 03-Aug-2026,858.0,868.55,850.5,857.75,855.9,50364,432.72,6714,24665.0,48.97
KSCL, 03-Aug-2026,782.4,801.95,772.25,780.5,782.45,178531,1406.54,8704,96733.0,54.18
KSHINTL, 03-Aug-2026,845.45,885.6,845.45,878.2,839.7,211171,1843.59,15589,111939.0,53.01
KSL, 03-Aug-2026,889.0,889.7,875.05,886.5,874.05,15557,137.16,1538,8077.0,51.92
KSOLVES, 03-Aug-2026,281.55,286.8,281.55,282.8,281.5,34087,96.91,1448,23294.0,68.34
KSR, 03-Aug-2026,29.69,30.0,28.68,29.67,29.69,10836,3.22,44,9487.0,87.55
KTKBANK, 03-Aug-2026,288.0,294.0,286.0,289.45,284.75,3342740,9748.86,32818,1752295.0,52.42
KUANTUM, 03-Aug-2026,79.0,80.8,78.71,79.35,78.05,103500,82.45,1246,71449.0,69.03
KUSUMGAR, 03-Aug-2026,587.95,633.0,583.6,615.8,582.85,2180851,13488.18,61801,672626.0,30.84
KWIL, 03-Aug-2026,31.19,33.42,30.94,33.16,30.91,17265472,5653.98,34930,7390947.0,42.81
LAGNAM, 03-Aug-2026,85.8,89.5,85.0,88.44,86.34,24808,21.75,223,16271.0,65.59
LAHOTIOV, 03-Aug-2026,41.01,42.0,40.05,41.49,41.01,9924,4.08,133,8018.0,80.79
LAKSHYA, 03-Aug-2026,87.1,90.0,87.1,90.0,89.9,3200,2.85,4,2400.0,75.0
LAL, 03-Aug-2026,8.37,8.69,8.05,8.13,8.53,253681,21.05,370,191208.0,75.37
LALPATHLAB, 03-Aug-2026,1920.0,1941.7,1880.6,1900.4,1905.2,718505,13652.44,55770,482379.0,67.14
LAMBODHARA, 03-Aug-2026,114.7,115.95,111.0,111.3,113.75,9964,11.17,229,7293.0,73.19
LAMOSAIC, 03-Aug-2026,51.85,52.8,50.35,52.5,51.5,30600,15.78,31,28200.0,92.16
LANCORHOL, 03-Aug-2026,26.17,26.94,26.05,26.54,26.16,48293,12.76,245,35593.0,73.7
LANDMARK, 03-Aug-2026,541.0,558.9,538.2,542.9,540.75,265414,1456.84,12713,70822.0,26.68
LANDSMILL, 03-Aug-2026,0.82,0.82,0.8,0.8,0.81,1487699,12.02,883,905373.0,60.86
LAOPALA, 03-Aug-2026,185.3,190.25,185.3,187.81,184.35,155641,293.4,2821,86202.0,55.39
LASA, 03-Aug-2026,7.1,7.1,6.86,6.93,6.87,39764,2.75,148,26432.0,66.47
LASERPOWER, 03-Aug-2026,303.0,307.8,288.0,295.1,299.37,2496781,7407.69,26043,629991.0,25.23
LATENTVIEW, 03-Aug-2026,300.0,308.7,292.6,297.85,316.2,3420336,10232.51,51252,983796.0,28.76
LAURUSLABS, 03-Aug-2026,1821.0,1838.3,1789.1,1811.4,1816.2,1919384,34900.14,56463,836420.0,43.58
LAXMICOT, 03-Aug-2026,14.49,15.58,14.49,14.63,14.49,15770,2.36,157,13520.0,85.73
LAXMIDENTL, 03-Aug-2026,214.69,227.9,214.69,218.13,212.69,320951,713.67,7485,137357.0,42.8
LCCINFOTEC, 03-Aug-2026,4.01,4.38,4.01,4.14,4.18,159959,6.74,136,144564.0,90.38
LCL, 03-Aug-2026,534.0,547.7,517.3,525.7,535.15,2411586,12862.82,58749,691323.0,28.67
LEMERITE, 03-Aug-2026,23.57,24.2,23.01,23.26,23.27,242961,56.46,838,111173.0,45.76
LEMONTREE, 03-Aug-2026,110.13,114.58,110.0,114.03,109.3,5869426,6611.25,40508,3097676.0,52.78
LENSKART, 03-Aug-2026,566.0,574.55,559.3,568.35,561.4,2729162,15466.03,51414,1756544.0,64.36
LEXUS, 03-Aug-2026,14.45,15.2,14.45,14.64,14.66,20296,2.98,104,17657.0,87.0
LFIC, 03-Aug-2026,142.0,145.0,138.1,141.06,144.12,2693,3.81,55,2322.0,86.22
LGBBROSLTD, 03-Aug-2026,1569.0,1569.0,1524.0,1532.4,1588.4,60387,928.62,6748,31676.0,52.45
LGEINDIA, 03-Aug-2026,1510.9,1574.0,1499.0,1569.8,1490.5,520588,8081.78,27881,293061.0,56.29
LGHL, 03-Aug-2026,209.25,209.25,198.99,201.31,205.37,39063,78.78,928,10912.0,27.93
LIBAS, 03-Aug-2026,10.43,10.43,9.71,10.09,10.07,14102,1.42,94,7480.0,53.04
LIBERTSHOE, 03-Aug-2026,264.25,265.0,260.05,261.9,260.4,14474,38.06,757,6988.0,48.28
LICHSGFIN, 03-Aug-2026,525.5,527.0,515.1,519.0,523.1,2191300,11387.93,43372,1138994.0,51.98
LICI, 03-Aug-2026,426.05,431.3,422.95,428.5,424.7,2043005,8746.94,23297,1052842.0,51.53
LICMFGOLD, 03-Aug-2026,127.95,128.45,127.55,127.8,127.4,38616,49.43,616,21182.0,54.85
LICNETFGSC, 03-Aug-2026,29.49,29.63,29.22,29.43,29.49,100528,29.6,152,83771.0,83.33
LICNETFN50, 03-Aug-2026,274.06,276.47,274.06,275.94,272.83,1685,4.63,55,1133.0,67.24
LICNETFSEN, 03-Aug-2026,889.0,889.0,852.0,888.5,877.1,182,1.61,22,132.0,72.53
LICNFNHGP, 03-Aug-2026,279.71,282.9,272.05,282.62,276.95,386,1.08,26,332.0,86.01
LICNMID100, 03-Aug-2026,63.79,64.07,63.26,63.8,63.24,23633,15.1,139,18249.0,77.22
LIKHITHA, 03-Aug-2026,222.0,228.43,222.0,226.1,220.8,24746,55.83,776,13002.0,52.54
LINC, 03-Aug-2026,102.3,103.0,100.22,101.64,102.19,16037,16.34,437,11067.0,69.01
LINCOLN, 03-Aug-2026,578.9,592.8,578.0,580.75,577.15,14502,84.75,765,9805.0,67.61
LINDEINDIA, 03-Aug-2026,6770.5,7035.0,6770.5,6980.5,6745.0,50665,3516.58,13113,25754.0,50.83
LIQGRWBEES, 03-Aug-2026,1049.05,1050.15,1049.05,1050.14,1050.01,78228,821.5,213,41952.0,53.63
LIQUID, 03-Aug-2026,999.99,1000.0,999.99,999.99,999.99,886933,8869.28,267,173483.0,19.56
LIQUID1, 03-Aug-2026,1116.3,1116.45,1116.3,1116.43,1116.3,544885,6083.3,607,279635.0,51.32
LIQUIDADD, 03-Aug-2026,1138.59,1138.69,1138.56,1138.57,1138.43,576733,6566.54,918,425949.0,73.86
LIQUIDBEES, 03-Aug-2026,1000.0,1000.01,999.22,999.99,1000.0,2215987,22159.8,4593,1657020.0,74.78
LIQUIDBETA, 03-Aug-2026,997.13,1002.68,997.13,1002.68,1002.14,10,0.1,3,4.0,40.0
LIQUIDBETF, 03-Aug-2026,1092.99,1092.99,1092.97,1092.98,1092.84,438816,4796.15,144,369999.0,84.32
LIQUIDCASE, 03-Aug-2026,115.31,115.31,115.29,115.3,115.28,21339134,24604.26,21325,19135412.0,89.67
LIQUIDETF, 03-Aug-2026,999.99,1000.01,999.99,1000.0,1000.0,162788,1627.88,259,130618.0,80.24
LIQUIDIETF, 03-Aug-2026,999.99,1000.01,999.98,999.99,999.99,580250,5802.5,280,338512.0,58.34
LIQUIDPLUS, 03-Aug-2026,1098.0,1098.0,1097.21,1097.21,1097.06,360740,3958.09,311,326261.0,90.44
LIQUIDSBI, 03-Aug-2026,1000.0,1000.01,999.99,1000.0,1000.01,2777,27.77,34,2480.0,89.31
LIQUIDSHRI, 03-Aug-2026,1115.72,1115.72,1115.7,1115.7,1115.56,1293,14.43,23,1142.0,88.32
LLOYDS, 03-Aug-2026,68.5,68.5,68.5,68.5,68.5,2000,1.37,2,2000.0,100.0
LLOYDSENGG, 03-Aug-2026,89.2,92.5,88.72,91.84,88.66,10908467,9957.37,37178,4865097.0,44.6
LLOYDSENT, 03-Aug-2026,81.88,84.16,80.76,81.57,79.96,3960227,3267.92,16632,1751156.0,44.22
LLOYDSME, 03-Aug-2026,2050.9,2068.0,2035.1,2050.6,2047.0,607387,12464.43,41936,357644.0,58.88
LMW, 03-Aug-2026,16152.0,16342.0,16071.0,16182.0,16152.0,1403,227.9,669,758.0,54.03
LODHA, 03-Aug-2026,1248.0,1257.8,1226.4,1239.8,1243.95,1834226,22731.05,25660,1023046.0,55.78
LORDSCHLO, 03-Aug-2026,145.25,149.5,145.25,147.86,143.77,12408,18.36,362,8702.0,70.13
LOTUSDEV, 03-Aug-2026,207.5,207.5,196.65,197.66,200.12,9820738,19866.98,44510,3023503.0,30.79
LOTUSEYE, 03-Aug-2026,122.0,122.0,116.3,117.46,117.51,14327,16.9,425,5127.0,35.79
LOVABLE, 03-Aug-2026,72.0,74.9,71.07,73.93,71.44,24559,18.09,480,12329.0,50.2
LOWVOL, 03-Aug-2026,212.75,215.0,212.32,214.3,211.7,1969,4.2,19,1098.0,55.76
LOWVOL1, 03-Aug-2026,21.53,21.98,21.53,21.86,21.67,603966,131.83,277,518842.0,85.91
LOWVOLIETF, 03-Aug-2026,22.27,22.91,22.2,22.81,22.72,2472893,563.94,2298,1881812.0,76.1
LOYALTEX, 03-Aug-2026,205.0,215.0,200.05,200.05,204.0,187,0.38,14,182.0,97.33
LPDC, 03-Aug-2026,6.02,6.34,6.01,6.3,6.05,65016,4.01,107,37277.0,57.34
LRRPL, 03-Aug-2026,89.0,89.0,89.0,89.0,92.85,1500,1.34,1,1500.0,100.0
LT, 03-Aug-2026,3974.0,4025.0,3962.5,4025.0,3938.9,1890377,75489.85,92604,1096545.0,58.01
LTF, 03-Aug-2026,314.55,324.1,314.1,318.0,311.25,8873490,28372.87,69342,3890958.0,43.85
LTFOODS, 03-Aug-2026,414.5,417.0,408.7,415.3,410.35,748298,3098.15,22032,381609.0,51.0
LTGILTBEES, 03-Aug-2026,30.0,30.18,29.78,29.96,29.98,3216391,963.08,1237,2817537.0,87.6
LTGILTCASE, 03-Aug-2026,30.1,31.11,30.1,30.44,30.5,306248,93.16,513,216662.0,70.75
LTM, 03-Aug-2026,4399.0,4720.4,4386.1,4690.0,4362.1,1900137,87864.62,104072,695333.0,36.59
LTTS, 03-Aug-2026,3580.0,3593.0,3454.8,3564.8,3555.4,147067,5250.38,17713,97673.0,66.41
LUMAXIND, 03-Aug-2026,5316.0,5878.0,5316.0,5772.5,5284.5,106937,6116.02,19275,39955.0,37.36
LUMAXTECH, 03-Aug-2026,1579.0,1652.0,1579.0,1625.7,1568.3,308962,5028.04,26660,134988.0,43.69
LUPIN, 03-Aug-2026,2435.0,2440.0,2362.6,2393.0,2415.0,1717110,40949.7,96482,1094217.0,63.72
LUXIND, 03-Aug-2026,1258.0,1270.0,1248.0,1260.0,1247.6,19126,241.04,1578,11064.0,57.85
LXCHEM, 03-Aug-2026,180.45,184.8,178.77,180.46,178.48,1691485,3078.71,13902,619178.0,36.61
M&M, 03-Aug-2026,3465.0,3465.0,3386.2,3428.6,3398.5,2169303,73921.3,128713,1268553.0,58.48
M&MFIN, 03-Aug-2026,390.05,409.75,388.05,405.5,385.75,5394649,21611.85,65862,2695925.0,49.97
MAANALU, 03-Aug-2026,124.7,128.0,121.88,126.78,122.62,167145,210.07,1568,121956.0,72.96
MACOBSTECH, 03-Aug-2026,222.0,222.8,215.0,220.3,215.8,95200,211.5,14,89600.0,94.12
MACPOWER, 03-Aug-2026,1489.8,1510.0,1431.5,1457.8,1458.2,38917,571.97,4131,18956.0,48.71
MADHAV, 03-Aug-2026,34.91,35.0,33.9,34.22,34.8,3669,1.26,181,2951.0,80.43
MADHAVBAUG, 03-Aug-2026,190.0,191.9,190.0,191.9,193.5,800,1.53,2,800.0,100.0
MADHAVIPL, 03-Aug-2026,7.72,7.97,7.72,7.85,7.82,81225,6.39,281,65899.0,81.13
MADHUSUDAN, 03-Aug-2026,236.0,236.0,229.0,234.0,235.45,20000,46.37,19,19000.0,95.0
MADRASFERT, 03-Aug-2026,66.76,67.55,66.67,66.76,66.43,46486,31.13,468,26679.0,57.39
MAFANG, 03-Aug-2026,191.18,191.18,191.18,191.18,185.74,121688,232.64,536,121688.0,100.0
MAFATIND, 03-Aug-2026,134.6,137.19,132.4,134.61,133.63,47533,63.96,984,27122.0,57.06
MAGADSUGAR, 03-Aug-2026,497.65,541.3,497.65,534.95,500.4,104201,553.61,5354,47710.0,45.79
MAGNUM, 03-Aug-2026,19.77,20.1,19.55,19.99,19.68,9265,1.85,120,7542.0,81.4
MAGSON, 03-Aug-2026,180.0,180.0,180.0,180.0,180.0,111000,199.8,26,111000.0,100.0
MAHABANK, 03-Aug-2026,80.0,80.76,78.97,79.57,79.33,11500933,9178.88,69474,6443371.0,56.02
MAHAPEXLTD, 03-Aug-2026,45.15,46.0,44.0,45.55,44.92,5253,2.38,115,4133.0,78.68
MAHASTEEL, 03-Aug-2026,1000.0,1035.0,975.1,1027.1,1001.25,29414,298.91,1219,14926.0,50.74
MAHEPC, 03-Aug-2026,106.8,108.18,106.21,107.76,106.66,15937,17.1,489,11960.0,75.05
MAHICKRA, 03-Aug-2026,257.0,260.0,257.0,260.0,274.65,1500,3.88,2,1500.0,100.0
MAHKTECH, 03-Aug-2026,23.6,23.6,23.6,23.6,23.69,252187,59.52,414,252187.0,100.0
MAHLIFE, 03-Aug-2026,395.0,400.0,391.05,398.25,392.65,142818,566.14,7669,84339.0,59.05
MAHLOG, 03-Aug-2026,414.0,418.7,412.25,416.3,409.5,184166,766.17,7212,119955.0,65.13
MAHSCOOTER, 03-Aug-2026,13149.0,14099.0,13013.0,13937.0,13009.0,20823,2855.31,7296,7590.0,36.45
MAHSEAMLES, 03-Aug-2026,572.5,583.6,567.0,573.7,565.35,135333,778.58,8211,73259.0,54.13
MAITHANALL, 03-Aug-2026,990.0,992.7,955.35,963.9,983.7,87126,844.92,5170,53605.0,61.53
MAITREYA, 03-Aug-2026,120.45,125.0,119.9,121.0,127.0,6800,8.18,15,4800.0,70.59
MAJESAUT, 03-Aug-2026,436.0,484.0,433.0,475.3,431.7,92023,421.13,4093,58291.0,63.34
MAKEINDIA, 03-Aug-2026,166.7,168.29,166.66,167.29,166.26,54293,90.81,726,42472.0,78.23
MAKS, 03-Aug-2026,18.0,18.0,18.0,18.0,18.05,1500,0.27,1,1500.0,100.0
MAL, 03-Aug-2026,33.75,33.75,31.7,33.0,33.35,54400,17.54,20,40000.0,73.53
MALLCOM, 03-Aug-2026,982.2,982.2,970.1,975.85,982.2,3458,33.83,266,3115.0,90.08
MALUPAPER, 03-Aug-2026,32.7,33.4,32.2,33.15,32.26,9651,3.18,122,7472.0,77.42
MAMATA, 03-Aug-2026,408.45,413.3,400.05,403.15,406.45,66661,271.43,3111,28457.0,42.69
MANAKALUCO, 03-Aug-2026,34.5,36.6,34.01,34.5,35.22,81640,28.68,845,37274.0,45.66
MANAKCOAT, 03-Aug-2026,120.3,121.81,120.0,120.08,119.97,92221,111.32,1612,56020.0,60.75
MANAKSIA, 03-Aug-2026,57.0,57.5,56.17,56.67,55.73,12185,6.94,215,8350.0,68.53
MANAKSTEEL, 03-Aug-2026,68.5,75.21,68.5,75.21,68.38,85658,62.86,534,63585.0,74.23
MANALIPETC, 03-Aug-2026,64.89,68.5,64.25,66.64,64.89,541344,360.19,4528,218563.0,40.37
MANAPPURAM, 03-Aug-2026,364.0,371.0,357.3,365.0,371.85,17549652,63857.74,184606,10474008.0,59.68
MANAV, 03-Aug-2026,22.5,22.5,22.35,22.35,23.5,8000,1.79,2,8000.0,100.0
MANBA, 03-Aug-2026,138.0,139.41,135.25,137.29,135.48,61575,84.32,608,14840.0,24.1
MANCREDIT, 03-Aug-2026,248.0,262.76,247.63,257.36,245.28,285884,729.67,5612,50451.0,17.65
MANGALAM, 03-Aug-2026,27.66,27.99,26.8,26.98,27.11,20871,5.66,198,17106.0,81.96
MANGLMCEM, 03-Aug-2026,950.0,960.95,944.0,945.5,950.45,11334,107.47,623,8206.0,72.4
MANILAM, 03-Aug-2026,50.5,50.5,50.5,50.5,51.75,2000,1.01,1,2000.0,100.0
MANINDS, 03-Aug-2026,538.0,552.95,530.3,548.6,532.3,334265,1820.91,10085,152422.0,45.6
MANINFRA, 03-Aug-2026,98.99,102.25,98.6,99.82,98.08,1280728,1286.86,5456,401572.0,31.35
MANKIND, 03-Aug-2026,2458.0,2497.9,2442.2,2483.0,2469.6,639674,15844.47,29159,361571.0,56.52
MANOMAY, 03-Aug-2026,211.99,215.0,208.05,213.3,210.39,249028,529.48,2333,87352.0,35.08
MANORAMA, 03-Aug-2026,1602.9,1640.4,1602.1,1633.0,1604.5,67319,1097.17,7976,33447.0,49.68
MANUFGBEES, 03-Aug-2026,165.11,165.6,162.43,163.54,164.36,9774,16.1,153,6354.0,65.01
MANYAVAR, 03-Aug-2026,414.6,422.75,412.75,418.75,414.65,271527,1135.33,9915,146952.0,54.12
MAPMYINDIA, 03-Aug-2026,1195.7,1217.4,1186.4,1196.0,1181.65,192256,2305.4,14508,72214.0,37.56
MARATHON, 03-Aug-2026,400.35,413.8,392.05,402.25,389.7,122627,494.72,4145,77282.0,63.02
MARC, 03-Aug-2026,116.0,122.0,116.0,116.6,115.25,14400,17.03,11,10800.0,75.0
MARCO, 03-Aug-2026,30.1,30.95,30.1,30.95,30.0,3000,0.92,2,3000.0,100.0
MARICO, 03-Aug-2026,870.0,881.35,865.3,880.95,870.65,2383722,20858.58,92199,1551737.0,65.1
MARINE, 03-Aug-2026,270.35,290.0,268.0,287.75,266.0,1548816,4358.68,20112,923218.0,59.61
MARINETRAN, 03-Aug-2026,14.1,14.1,14.1,14.1,14.1,4000,0.56,1,4000.0,100.0
MARKOLINES, 03-Aug-2026,177.0,182.5,171.45,177.28,176.35,242655,437.15,2251,71121.0,29.31
MARKSANS, 03-Aug-2026,259.0,264.0,258.85,262.25,258.35,653691,1714.71,18207,355415.0,54.37
MARSONS, 03-Aug-2026,111.15,113.49,109.35,110.45,110.04,2317039,2584.53,8991,385092.0,16.62
MARUSHIKA, 03-Aug-2026,97.5,100.0,96.05,99.95,103.0,9600,9.43,6,8400.0,87.5
MARUTI, 03-Aug-2026,14300.0,14440.0,13901.0,14150.0,14234.0,961183,135668.17,133296,459377.0,47.79
MASFIN, 03-Aug-2026,326.35,326.35,315.1,317.65,319.8,120744,387.22,11886,76195.0,63.1
MASON, 03-Aug-2026,122.5,122.5,122.5,122.5,125.0,500,0.61,1,500.0,100.0
MASPTOP50, 03-Aug-2026,77.42,77.42,77.42,77.42,75.48,59174,45.81,223,59174.0,100.0
MASTEK, 03-Aug-2026,1874.8,1909.6,1845.1,1893.2,1874.8,85210,1600.41,11178,34748.0,40.78
MASTER, 03-Aug-2026,462.0,480.0,445.0,479.4,460.0,5500,25.68,11,4000.0,72.73
MASTERTR, 03-Aug-2026,82.15,85.3,82.15,84.85,82.14,326366,273.34,1991,107567.0,32.96
MATRIMONY, 03-Aug-2026,432.0,444.0,429.0,430.95,437.0,16227,70.24,665,12693.0,78.22
MAXESTATES, 03-Aug-2026,397.0,406.4,394.0,400.35,393.2,72890,291.73,3125,51771.0,71.03
MAXHEALTH, 03-Aug-2026,1109.8,1113.9,1089.0,1100.4,1098.5,1187048,13102.68,36521,591303.0,49.81
MAXIND, 03-Aug-2026,171.5,178.0,171.5,174.64,172.22,71610,125.4,1457,45401.0,63.4
MAXPOSURE, 03-Aug-2026,34.0,34.0,34.0,34.0,34.0,1000,0.34,1,1000.0,100.0
MAXVOLT, 03-Aug-2026,337.45,348.95,336.0,348.95,332.35,25600,88.67,57,24800.0,96.88
MAYASHEEL, 03-Aug-2026,39.0,40.0,39.0,40.0,38.5,30000,11.97,9,30000.0,100.0
MAYURUNIQ, 03-Aug-2026,752.0,794.0,752.0,783.95,750.95,82833,648.9,7119,41227.0,49.77
MAZDOCK, 03-Aug-2026,2387.4,2412.0,2375.5,2390.0,2381.8,498319,11907.87,23023,134864.0,27.06
MBAPL, 03-Aug-2026,161.8,164.0,158.5,160.01,160.2,686146,1108.96,10289,337863.0,49.24
MBEL, 03-Aug-2026,293.65,297.0,292.3,294.7,293.65,97922,289.03,4819,57515.0,58.74
MCCHRLS-B, 03-Aug-2026,667.95,699.0,665.05,690.0,671.3,405,2.8,41,194.0,47.9
MCL, 03-Aug-2026,52.8,57.67,52.8,56.17,53.3,55568,30.6,1901,31551.0,56.78
MCLOUD, 03-Aug-2026,29.3,29.64,29.01,29.23,29.29,2037635,597.65,4183,826209.0,40.55
MCON, 03-Aug-2026,44.0,44.0,44.0,44.0,43.9,1000,0.44,1,1000.0,100.0
MCX, 03-Aug-2026,2700.0,2710.0,2630.1,2642.1,2692.2,2108978,55889.62,120127,1036403.0,49.14
MEDANTA, 03-Aug-2026,1412.6,1475.8,1405.0,1444.9,1405.6,382840,5534.39,37378,184750.0,48.26
MEDIASSIST, 03-Aug-2026,363.75,369.65,359.9,361.0,358.0,116139,423.75,6924,75271.0,64.81
MEDICAMEQ, 03-Aug-2026,238.0,242.22,233.0,240.02,234.55,15083,35.74,507,11969.0,79.35
MEDICO, 03-Aug-2026,49.7,51.49,47.0,49.66,48.87,649441,317.97,2118,306629.0,47.21
MEDIORG, 03-Aug-2026,25.8,28.5,25.8,28.5,27.15,22000,6.11,10,20000.0,90.91
MEDPLUS, 03-Aug-2026,704.95,708.75,695.0,696.4,704.95,218379,1526.61,18938,141112.0,64.62
MEESHO, 03-Aug-2026,182.19,192.77,180.26,191.57,182.19,11827508,22420.87,60108,5022251.0,42.46
MEGASTAR, 03-Aug-2026,331.9,336.4,321.55,327.2,331.95,2994,9.9,315,1249.0,41.72
MEGATHERM, 03-Aug-2026,211.0,220.0,201.7,205.0,209.65,44000,91.79,85,36000.0,81.82
MEIL, 03-Aug-2026,293.9,295.0,286.4,289.0,284.05,32122,93.42,1107,18189.0,56.62
MENNPIS, 03-Aug-2026,70.9,74.95,70.9,74.43,70.62,54766,40.7,1070,31801.0,58.07
MERCANTILE, 03-Aug-2026,24.17,25.7,24.17,24.33,24.0,5945,1.48,56,1976.0,33.24
MERCURYEV, 03-Aug-2026,34.82,35.97,34.82,35.43,35.09,110395,39.03,595,89318.0,80.91
METAL, 03-Aug-2026,13.16,13.16,12.87,13.0,12.84,3066601,398.22,6882,1839183.0,59.97
METALIC, 03-Aug-2026,100.9,100.9,93.6,100.9,96.1,790400,793.52,334,694400.0,87.85
METALIETF, 03-Aug-2026,12.95,13.01,12.82,12.97,12.78,10939689,1415.14,15280,6232429.0,56.97
METROBRAND, 03-Aug-2026,1036.6,1043.3,1027.0,1034.9,1036.6,28132,291.31,3623,19419.0,69.03
METROGLOBL, 03-Aug-2026,131.9,135.0,129.1,133.26,131.9,748,0.99,67,473.0,63.24
METROPOLIS, 03-Aug-2026,584.95,605.0,584.7,596.45,582.45,184833,1101.37,11869,84643.0,45.79
MFML, 03-Aug-2026,18.99,19.99,18.99,19.84,18.92,1696,0.33,45,718.0,42.33
MFSL, 03-Aug-2026,1519.1,1542.5,1510.0,1542.5,1499.0,500008,7636.73,34250,283419.0,56.68
MGL, 03-Aug-2026,1125.9,1131.1,1110.8,1115.7,1120.5,145295,1627.75,13622,69345.0,47.73
MGSL, 03-Aug-2026,77.0,82.0,75.55,77.75,75.85,64800,51.0,39,54000.0,83.33
MHLXMIRU, 03-Aug-2026,143.5,148.33,141.9,148.33,141.27,75124,110.95,446,69703.0,92.78
MHRIL, 03-Aug-2026,218.41,221.75,217.76,218.96,218.41,86726,190.2,2233,49456.0,57.03
MID150, 03-Aug-2026,23.6,23.78,23.58,23.71,23.47,273011,64.51,275,184021.0,67.4
MID150BEES, 03-Aug-2026,239.72,242.2,238.25,241.51,239.48,1672922,4041.68,17929,1233696.0,73.74
MID150CASE, 03-Aug-2026,11.8,11.8,11.6,11.73,11.62,1524354,178.89,6607,999384.0,65.56
MIDCAP, 03-Aug-2026,18.01,18.98,18.01,18.61,18.48,602905,112.39,1157,370754.0,61.49
MIDCAPADD, 03-Aug-2026,23.32,23.46,23.28,23.35,23.21,64339,15.04,57,63366.0,98.49
MIDCAPBETA, 03-Aug-2026,233.55,236.63,233.0,236.2,233.0,2157,5.08,81,1838.0,85.21
MIDCAPETF, 03-Aug-2026,23.65,23.91,23.65,23.86,23.64,3667403,874.76,7415,2848714.0,77.68
MIDCAPIETF, 03-Aug-2026,24.22,24.24,23.83,24.15,23.94,1593023,385.0,4270,1067901.0,67.04
MIDHANI, 03-Aug-2026,398.05,406.9,396.0,403.65,396.0,321794,1297.82,11241,155049.0,48.18
MIDQ50ADD, 03-Aug-2026,25.26,25.52,25.26,25.46,25.18,201399,51.15,176,133324.0,66.2
MIDSELIETF, 03-Aug-2026,19.6,19.8,19.59,19.71,19.6,363403,71.75,954,248702.0,68.44
MIDSMALL, 03-Aug-2026,51.21,51.57,51.1,51.42,51.17,572832,294.54,988,367371.0,64.13
MIDWESTLTD, 03-Aug-2026,1195.1,1221.0,1195.1,1214.9,1194.1,10062,122.24,784,6402.0,63.63
MIEL, 03-Aug-2026,13.0,13.0,13.0,13.0,13.0,2000,0.26,1,2000.0,100.0
MILTON, 03-Aug-2026,32.0,32.0,32.0,32.0,32.0,8800,2.82,2,8800.0,100.0
MINDACORP, 03-Aug-2026,703.05,735.9,699.5,727.6,700.95,749804,5445.14,32658,308703.0,41.17
MINDSPACE, 03-Aug-2026,494.69,495.97,491.16,493.15,492.13,73358,362.35,7014,56608.0,77.17
MINDTECK, 03-Aug-2026,193.5,197.94,192.2,193.37,193.86,45377,88.56,1517,23760.0,52.36
MIRZAINT, 03-Aug-2026,33.01,34.43,33.01,33.72,33.27,167395,56.72,1166,79957.0,47.77
MITTAL, 03-Aug-2026,0.93,0.94,0.91,0.91,0.91,296308,2.71,277,219874.0,74.2
MKPL, 03-Aug-2026,4.16,4.32,4.16,4.25,4.18,111596,4.76,375,68620.0,61.49
MMEL, 03-Aug-2026,28.05,28.05,28.05,28.05,29.5,6000,1.68,3,4000.0,66.67
MMFL, 03-Aug-2026,551.05,560.0,550.0,554.4,546.85,57875,321.55,3420,33439.0,57.78
MMP, 03-Aug-2026,297.2,298.9,290.2,294.65,292.5,48017,141.25,1826,27003.0,56.24
MMTC, 03-Aug-2026,62.93,64.57,62.55,63.65,62.66,1667788,1063.12,9039,714956.0,42.87
MNC, 03-Aug-2026,34.24,34.44,34.1,34.35,34.04,202047,69.36,736,139366.0,68.98
MOALPHA50, 03-Aug-2026,55.17,55.5,53.39,54.39,55.23,26515,14.41,351,21943.0,82.76
MOBANK10, 03-Aug-2026,17.13,17.21,17.06,17.17,17.23,10496,1.8,139,7561.0,72.04
MOBIKWIK, 03-Aug-2026,207.95,222.8,206.1,214.77,205.21,17160792,37036.52,172794,1970977.0,11.49
MOBILISE, 03-Aug-2026,118.65,118.65,114.0,114.0,113.5,8000,9.39,5,8000.0,100.0
MOCAPITAL, 03-Aug-2026,53.67,53.67,52.55,52.76,53.38,1203129,638.51,5676,768801.0,63.9
MODEFENCE, 03-Aug-2026,101.01,103.44,100.75,102.98,102.34,1090925,1124.71,8523,723794.0,66.35
MODIRUBBER, 03-Aug-2026,121.51,125.42,118.35,121.37,120.84,1912,2.31,80,1070.0,55.96
MODIS, 03-Aug-2026,397.0,410.0,394.75,398.55,393.15,26859,107.67,860,15143.0,56.38
MODTHREAD, 03-Aug-2026,47.86,52.14,47.86,48.85,47.88,331,0.16,16,288.0,87.01
MOENERGY, 03-Aug-2026,39.97,39.97,38.85,38.98,38.94,126782,49.47,1048,101057.0,79.71
MOGOLD, 03-Aug-2026,140.0,142.0,139.6,140.55,140.0,27945,39.26,580,17150.0,61.37
MOGSEC, 03-Aug-2026,65.52,67.33,65.0,66.02,65.56,1466559,958.6,207,1461124.0,99.63
MOHEALTH, 03-Aug-2026,52.97,52.97,51.37,51.52,51.66,97623,50.54,982,46079.0,47.2
MOHITIND, 03-Aug-2026,23.59,23.61,22.33,22.45,22.58,10846,2.47,67,7614.0,70.2
MOIL, 03-Aug-2026,283.45,286.75,280.55,282.05,281.05,707805,2005.13,11047,217720.0,30.76
MOINFRA, 03-Aug-2026,60.94,61.4,60.94,61.25,60.6,1467,0.9,91,1341.0,91.41
MOIPO, 03-Aug-2026,47.46,48.01,47.29,47.84,47.13,5127,2.45,53,4598.0,89.68
MOKSH, 03-Aug-2026,10.05,10.34,10.05,10.2,10.06,38729,3.96,129,31530.0,81.41
MOL, 03-Aug-2026,54.33,55.7,53.9,54.36,53.88,1111172,608.15,4767,553478.0,49.81
MOLDTECH, 03-Aug-2026,151.0,154.5,146.99,149.19,152.76,205395,309.24,4500,100985.0,49.17
MOLDTKPAC, 03-Aug-2026,672.2,679.8,669.0,675.1,672.2,45411,305.59,2758,28733.0,63.27
MOLOWVOL, 03-Aug-2026,37.81,39.64,37.05,39.01,37.26,2596147,979.31,92,2588426.0,99.7
MOM100, 03-Aug-2026,67.07,68.97,66.51,68.22,67.87,1932452,1321.21,3787,1706472.0,88.31
MOM30IETF, 03-Aug-2026,31.26,31.49,30.43,31.1,31.09,1208367,377.52,2554,655504.0,54.25
MOM50, 03-Aug-2026,258.4,258.4,254.86,256.41,255.03,251906,650.27,258,246770.0,97.96
MOMENTUM, 03-Aug-2026,30.9,31.28,30.83,30.93,30.9,54980,17.11,314,37562.0,68.32
MOMENTUM30, 03-Aug-2026,30.48,30.85,30.32,30.6,30.63,28217,8.68,90,12309.0,43.62
MOMENTUM50, 03-Aug-2026,52.63,53.19,52.63,53.01,52.63,2888975,1529.5,1846,2752279.0,95.27
MOMGF, 03-Aug-2026,168.42,168.42,163.44,163.87,163.51,1226,2.01,104,884.0,72.1
MOMIDMTM, 03-Aug-2026,64.19,64.25,63.65,63.8,63.97,157640,100.9,519,106527.0,67.58
MOMMIDCAP, 03-Aug-2026,12.9,12.9,12.52,12.72,12.65,1688150,215.0,823,1329800.0,78.77
MOMNC, 03-Aug-2026,33.92,34.0,33.03,33.47,32.93,13398,4.47,39,12049.0,89.93
MOMOMENTUM, 03-Aug-2026,62.0,62.9,61.87,62.09,61.9,168761,104.94,740,124501.0,73.77
MON100, 03-Aug-2026,315.45,315.45,315.45,315.45,305.18,210240,663.2,1389,210240.0,100.0
MON50EQUAL, 03-Aug-2026,34.74,34.74,34.0,34.24,33.9,3849,1.31,86,2909.0,75.58
MONARCH, 03-Aug-2026,396.0,396.95,382.1,384.55,390.15,94012,366.44,2296,46640.0,49.61
MONEXT50, 03-Aug-2026,73.86,74.44,73.86,73.97,73.07,539926,399.69,158,538175.0,99.68
MONEYBOXX, 03-Aug-2026,57.3,62.98,57.3,60.69,58.22,71113,43.05,337,64866.0,91.22
MONIFTY100, 03-Aug-2026,25.83,26.08,25.53,25.77,25.65,72973,18.92,100,61175.0,83.83
MONIFTY500, 03-Aug-2026,24.67,24.67,24.11,24.19,24.07,1339302,324.0,2032,1141470.0,85.23
MONOLITH, 03-Aug-2026,858.2,893.0,858.2,887.7,858.2,67250,595.3,153,46000.0,68.4
MONOPHARMA, 03-Aug-2026,9.65,9.65,9.5,9.5,9.95,22000,2.1,10,20000.0,90.91
MONQ50, 03-Aug-2026,140.56,140.56,140.56,140.56,137.56,48243,67.81,428,43269.0,89.69
MONTECARLO, 03-Aug-2026,529.0,538.0,524.3,533.0,523.0,55989,296.84,2806,33518.0,59.87
MOPSE, 03-Aug-2026,101.57,101.59,100.0,101.3,100.23,2427,2.45,25,1914.0,78.86
MOQUALITY, 03-Aug-2026,204.56,219.9,204.3,206.55,204.09,491673,1009.52,105,490837.0,99.83
MOREALTY, 03-Aug-2026,91.3,91.31,89.63,90.41,90.31,963160,873.17,2409,676166.0,70.2
MOREPENLAB, 03-Aug-2026,58.0,58.9,57.25,57.65,57.04,5950210,3460.59,15630,2401056.0,40.35
MOS, 03-Aug-2026,10.75,11.2,10.5,10.7,11.0,232000,24.88,47,184000.0,79.31
MOSCHIP, 03-Aug-2026,209.6,212.9,208.3,210.23,207.8,1394138,2940.48,13090,607054.0,43.54
MOSERVICE, 03-Aug-2026,31.61,31.86,31.59,31.77,31.49,24792,7.88,51,19650.0,79.26
MOSILVER, 03-Aug-2026,213.68,215.39,213.14,214.46,213.69,63254,135.52,1352,28832.0,45.58
MOSMALL250, 03-Aug-2026,18.13,18.27,16.2,17.89,18.05,10512377,1911.82,3773,9368631.0,89.12
MOTHERSON, 03-Aug-2026,152.9,155.01,152.03,155.01,150.75,17765051,27307.34,89090,10640319.0,59.89
MOTILALOFS, 03-Aug-2026,861.0,873.75,852.7,867.95,851.95,688125,5964.34,25315,284654.0,41.37
MOTISONS, 03-Aug-2026,14.3,14.55,14.1,14.25,14.22,7971960,1142.31,7866,1952474.0,24.49
MOTOUR, 03-Aug-2026,79.98,81.55,77.61,80.33,78.41,59253,47.39,326,47411.0,80.01
MOVALUE, 03-Aug-2026,115.0,115.75,114.01,115.24,114.33,110633,127.54,998,79994.0,72.31
MPEL, 03-Aug-2026,36.75,36.75,36.5,36.5,35.85,6400,2.34,4,6400.0,100.0
MPHASIS, 03-Aug-2026,2361.0,2429.0,2339.9,2429.0,2342.3,423329,10119.31,27330,170369.0,40.25
MPSLTD, 03-Aug-2026,2700.0,2790.0,2644.7,2770.5,2696.0,61657,1689.72,7541,30815.0,49.98
MRF, 03-Aug-2026,134100.0,134550.0,133205.0,133730.0,132770.0,3472,4650.14,2596,1556.0,44.82
MRPL, 03-Aug-2026,170.32,176.3,170.32,174.06,169.94,8770678,15326.55,43913,2987535.0,34.06
MSCI360, 03-Aug-2026,10.23,10.51,10.1,10.37,10.23,31339,3.23,60,26654.0,85.05
MSCIADD, 03-Aug-2026,30.01,30.21,30.01,30.07,29.96,16332,4.92,18,13555.0,83.0
MSCIINDIA, 03-Aug-2026,29.3,30.54,29.3,30.5,30.15,1069823,326.4,232,961800.0,89.9
MSPL, 03-Aug-2026,34.47,35.51,34.25,35.07,34.31,857318,301.28,3913,440164.0,51.34
MSTCLTD, 03-Aug-2026,630.0,630.0,602.1,608.8,618.2,158493,979.58,8373,80062.0,50.51
MSUMI, 03-Aug-2026,41.25,42.22,40.75,41.48,40.61,7432396,3093.49,27752,3550433.0,47.77
MTNL, 03-Aug-2026,27.16,28.6,27.16,28.11,27.03,1325102,371.71,4635,499218.0,37.67
MUFIN, 03-Aug-2026,132.5,135.8,131.5,133.1,131.74,1896535,2544.61,8119,616014.0,32.48
MUFTI, 03-Aug-2026,81.9,83.4,81.71,82.69,81.52,36229,29.87,685,24546.0,67.75
MUKANDLTD, 03-Aug-2026,141.6,144.5,141.6,143.6,141.42,112231,160.78,1688,77405.0,68.97
MUKKA, 03-Aug-2026,22.7,23.37,22.7,23.29,22.54,432151,99.88,1157,251381.0,58.17
MULTICAP, 03-Aug-2026,17.07,17.37,16.83,16.93,16.74,232698,39.37,668,218759.0,94.01
MUNISH, 03-Aug-2026,77.0,77.05,77.0,77.05,73.4,7200,5.55,6,6000.0,83.33
MUNJALAU, 03-Aug-2026,102.49,104.32,101.72,103.68,101.34,311141,321.88,3371,140444.0,45.14
MUNJALSHOW, 03-Aug-2026,138.11,147.1,138.11,143.47,137.35,653918,939.09,6484,206180.0,31.53
MURUDCERA, 03-Aug-2026,30.93,31.25,30.61,30.7,30.62,11268,3.48,100,8435.0,74.86
MUTHOOTCAP, 03-Aug-2026,231.4,239.57,231.4,237.88,233.48,29195,69.18,812,18112.0,62.04
MUTHOOTFIN, 03-Aug-2026,2876.0,2928.0,2671.0,2890.9,3119.6,8573629,243258.79,568272,3354666.0,39.13
MUTHOOTMF, 03-Aug-2026,246.78,249.4,230.1,235.66,245.46,670040,1614.87,10967,408624.0,60.99
MVGJL, 03-Aug-2026,168.3,172.89,167.62,170.7,168.14,18255,31.18,536,11327.0,62.05
MVKAGRO, 03-Aug-2026,297.2,330.1,297.15,297.15,330.15,773700,2351.56,899,420900.0,54.4
MWL, 03-Aug-2026,37.4,40.19,36.36,37.9,36.0,2911152,1122.95,13316,679118.0,23.33
MYMUDRA, 03-Aug-2026,79.8,83.95,79.6,81.9,80.0,27600,22.37,20,24000.0,86.96
NACLIND, 03-Aug-2026,190.0,193.74,175.0,178.59,188.93,1856983,3376.84,26109,730560.0,39.34
NAGREEKCAP, 03-Aug-2026,23.35,23.99,22.81,22.89,23.35,14150,3.3,96,9617.0,67.96
NAGREEKEXP, 03-Aug-2026,21.22,23.0,21.22,22.48,21.55,8197,1.84,141,6270.0,76.49
NAHARCAP, 03-Aug-2026,250.37,265.0,249.95,262.72,249.13,7726,20.03,207,5461.0,70.68
NAHARINDUS, 03-Aug-2026,113.2,119.5,112.64,118.15,113.31,14251,16.74,261,10958.0,76.89
NAHARPOLY, 03-Aug-2026,265.2,276.95,265.1,274.9,268.65,28525,77.86,1260,16970.0,59.49
NAHARSPING, 03-Aug-2026,283.3,313.8,283.3,311.15,281.1,176570,534.03,3164,112599.0,63.77
NAM-INDIA, 03-Aug-2026,1171.1,1178.4,1161.0,1165.0,1161.4,515538,6018.42,26640,266350.0,51.66
NAMAN, 03-Aug-2026,45.0,45.0,45.0,45.0,45.0,1600,0.72,2,1600.0,100.0
NAMOEWASTE, 03-Aug-2026,279.5,279.5,274.0,279.0,274.05,35200,97.7,32,34400.0,97.73
NARMADA, 03-Aug-2026,17.4,17.5,16.05,16.26,17.02,6126667,1024.4,10250,1492286.0,24.36
NATCAPSUQ, 03-Aug-2026,144.71,168.9,144.1,162.33,143.28,161886,256.58,1765,123994.0,76.59
NATCOPHARM, 03-Aug-2026,921.0,939.85,918.1,929.1,917.0,289116,2694.72,22345,154461.0,53.43
NATHBIOGEN, 03-Aug-2026,160.0,160.7,158.6,158.84,159.18,9732,15.5,271,7686.0,78.98
NATIONALUM, 03-Aug-2026,357.95,369.0,353.5,369.0,350.05,12541474,45193.35,86960,4352851.0,34.71
NATIONSTD, 03-Aug-2026,235.51,235.51,235.51,235.51,247.9,4204,9.9,187,4203.0,99.98
NAUKRI, 03-Aug-2026,1231.8,1268.8,1231.8,1268.8,1226.25,937278,11753.87,43753,510392.0,54.45
NAVA, 03-Aug-2026,561.8,589.4,556.2,579.9,553.45,527726,3063.05,23033,196664.0,37.27
NAVINFLUOR, 03-Aug-2026,7650.0,7703.5,7510.0,7555.0,7567.5,97345,7422.71,20654,56014.0,57.54
NAVKARCORP, 03-Aug-2026,103.0,104.36,102.5,103.26,102.72,387137,401.29,2926,174983.0,45.2
NAVNETEDUL, 03-Aug-2026,134.16,136.17,131.7,132.18,134.1,276327,368.16,4230,189404.0,68.54
NAZARA, 03-Aug-2026,344.95,345.8,335.95,339.55,339.0,3028157,10290.26,35528,1336453.0,44.13
NBCC, 03-Aug-2026,95.2,96.6,95.0,95.5,94.8,5156861,4944.89,23254,2017879.0,39.13
NBIFIN, 03-Aug-2026,2191.0,2244.9,2190.0,2226.3,2200.4,353,7.82,102,207.0,58.64
NCC, 03-Aug-2026,143.0,145.81,143.0,144.42,141.08,1905604,2754.2,19365,865896.0,45.44
NCLIND, 03-Aug-2026,180.6,184.3,180.6,182.45,182.14,28836,52.67,2714,18700.0,64.85
NDGL, 03-Aug-2026,2805.0,2850.0,2775.0,2849.0,2783.7,182,5.13,27,177.0,97.25
NDL, 03-Aug-2026,2.38,2.4,2.36,2.37,2.36,545178,12.98,954,408246.0,74.88
NDLVENTURE, 03-Aug-2026,129.99,132.96,127.0,129.34,129.03,46986,61.44,494,35333.0,75.2
NDRAUTO, 03-Aug-2026,818.0,835.55,817.55,824.65,817.55,18333,151.53,1505,10284.0,56.1
NDTV, 03-Aug-2026,77.2,78.48,76.86,77.39,77.1,105058,81.48,1338,53244.0,50.68
NEAGI, 03-Aug-2026,3172.0,3172.0,3169.9,3170.0,3172.0,26,0.82,7,26.0,100.0
NELCAST, 03-Aug-2026,121.7,122.82,120.21,121.35,121.37,88182,107.2,1846,49837.0,56.52
NELCO, 03-Aug-2026,1024.1,1026.0,995.5,1000.8,1015.65,772071,7773.62,22831,178412.0,23.11
NEOCHEM, 03-Aug-2026,89.2,90.0,88.0,88.85,89.1,8400,7.46,7,8400.0,100.0
NEOGEN, 03-Aug-2026,2055.7,2072.0,2005.1,2056.1,2023.1,81141,1667.62,14206,33712.0,41.55
NEPHROCARE, 03-Aug-2026,64.0,65.9,62.0,65.9,64.25,16000,10.08,25,15200.0,95.0
NEPHROPLUS, 03-Aug-2026,689.0,699.0,676.5,688.75,681.65,100842,696.06,9923,59265.0,58.77
NEPTUNE, 03-Aug-2026,180.0,180.0,178.0,178.35,177.75,4000,7.15,4,4000.0,100.0
NESCO, 03-Aug-2026,1080.0,1089.0,1065.2,1073.4,1064.8,22505,242.9,3303,11819.0,52.52
NESTLEIND, 03-Aug-2026,1509.5,1530.0,1505.4,1530.0,1509.6,1232625,18682.6,50032,728780.0,59.12
NETF, 03-Aug-2026,264.0,268.0,264.0,266.73,264.24,4894,13.07,239,4066.0,83.08
NETWEB, 03-Aug-2026,4560.4,4740.0,4540.0,4586.0,4524.0,2334958,108186.94,178283,409932.0,17.56
NETWORK18, 03-Aug-2026,29.56,29.87,29.25,29.38,29.45,2035411,602.09,6635,1062602.0,52.21
NEULANDLAB, 03-Aug-2026,19149.0,19912.0,19005.0,19675.0,19043.0,46146,9073.61,15161,17968.0,38.94
NEWGEN, 03-Aug-2026,559.0,569.75,553.55,562.75,555.7,1071891,6035.04,28094,249918.0,23.32
NEWJAISA, 03-Aug-2026,14.5,14.7,13.35,14.25,14.0,166500,24.21,52,156000.0,93.69
NEXT30ADD, 03-Aug-2026,43.63,43.69,43.47,43.65,43.19,8854,3.86,82,5404.0,61.03
NEXT50, 03-Aug-2026,761.0,769.11,761.0,768.39,759.41,72334,555.26,1393,47961.0,66.3
NEXT50ADD, 03-Aug-2026,75.7,75.7,73.58,74.12,74.19,1968,1.47,194,1135.0,57.67
NEXT50BETA, 03-Aug-2026,80.12,80.25,78.83,79.39,79.32,692464,553.57,1229,577793.0,83.44
NEXT50ETF, 03-Aug-2026,75.97,75.97,74.14,74.87,74.14,24962,18.68,110,14665.0,58.75
NEXT50IETF, 03-Aug-2026,77.66,78.49,77.3,78.06,77.59,1622959,1269.38,8078,1354903.0,83.48
NEXTMEDIA, 03-Aug-2026,4.0,4.03,3.87,3.87,3.95,2586,0.1,12,2573.0,99.5
NFL, 03-Aug-2026,71.7,72.54,71.7,71.84,71.47,356485,256.89,2653,173654.0,48.71
NFPSAMPOOR, 03-Aug-2026,23.0,23.1,22.5,22.95,23.0,26000,5.94,12,22000.0,84.62
NGLFINE, 03-Aug-2026,3299.0,3448.2,3200.1,3292.8,3260.3,18024,606.11,3891,8805.0,48.85
NH, 03-Aug-2026,1999.0,1999.0,1914.0,1919.7,2029.2,1188916,22974.07,64370,706517.0,59.43
NHPC, 03-Aug-2026,78.5,80.7,78.5,79.25,78.73,21147708,16901.31,38170,8847137.0,41.83
NIACL, 03-Aug-2026,178.49,178.49,174.72,175.46,173.62,1164311,2051.01,16237,402431.0,34.56
NIBE, 03-Aug-2026,1399.0,1399.0,1360.0,1364.4,1379.0,40021,550.31,3327,21372.0,53.4
NIBL, 03-Aug-2026,34.69,35.69,34.55,35.09,33.87,22502,7.9,331,14184.0,63.03
NIDAN, 03-Aug-2026,13.85,13.85,12.45,13.0,13.45,8000,1.03,7,6000.0,75.0
NIF100BEES, 03-Aug-2026,271.3,273.37,269.05,270.3,270.06,92498,251.56,1011,68195.0,73.73
NIF100IETF, 03-Aug-2026,28.65,28.71,28.4,28.64,28.38,132554,37.95,2573,88201.0,66.54
NIFTY1, 03-Aug-2026,272.7,273.49,270.85,272.05,270.14,156388,426.33,2025,97053.0,62.06
NIFTY100EW, 03-Aug-2026,34.45,35.9,34.45,35.79,35.34,41917,15.0,282,30703.0,73.25
NIFTYADD, 03-Aug-2026,259.19,260.0,257.27,258.73,256.62,33314,86.23,320,24609.0,73.87
NIFTYAXIS, 03-Aug-2026,271.39,272.2,270.73,271.85,269.3,13577,36.89,622,8983.0,66.16
NIFTYBEES, 03-Aug-2026,278.5,280.09,278.5,279.87,277.42,8115406,22698.96,71098,5994574.0,73.87
NIFTYBETA, 03-Aug-2026,270.3,273.0,270.0,272.09,270.3,35738,97.3,998,27501.0,76.95
NIFTYBETF, 03-Aug-2026,253.25,253.3,251.91,252.68,251.06,4929,12.45,168,4602.0,93.37
NIFTYCASE, 03-Aug-2026,9.6,9.89,9.6,9.85,9.78,1008040,99.24,2073,834308.0,82.77
NIFTYETF, 03-Aug-2026,268.11,269.05,266.24,267.69,265.46,2196167,5879.71,1775,2036194.0,92.72
NIFTYIETF, 03-Aug-2026,276.71,280.0,276.71,278.33,276.01,670228,1865.76,19706,443480.0,66.17
NIFTYQLITY, 03-Aug-2026,21.68,21.99,21.54,21.69,21.58,94304,20.52,241,69873.0,74.09
NIITLTD, 03-Aug-2026,95.8,98.99,95.8,96.86,95.76,343623,334.77,3375,164799.0,47.96
NIITMTS, 03-Aug-2026,243.4,249.95,226.0,246.61,239.81,328404,811.19,6406,130715.0,39.8
NIKITA, 03-Aug-2026,73.8,73.95,73.7,73.9,73.5,8400,6.2,7,6000.0,71.43
NILAINFRA, 03-Aug-2026,7.32,7.8,7.32,7.66,7.38,264861,20.02,514,208318.0,78.65
NILASPACES, 03-Aug-2026,12.0,13.3,11.94,12.74,11.89,2101294,269.44,3189,1140372.0,54.27
NILE, 03-Aug-2026,1873.5,1974.4,1873.5,1958.2,1873.3,5388,104.28,857,3705.0,68.76
NILKAMAL, 03-Aug-2026,1789.0,1797.6,1645.0,1699.9,1797.8,251226,4280.7,17302,141354.0,56.27
NIPPOBATRY, 03-Aug-2026,327.0,330.05,321.1,327.15,322.35,2179,7.12,154,1396.0,64.07
NIRAJISPAT, 03-Aug-2026,220.0,220.0,210.0,215.99,222.49,174,0.37,20,104.0,59.77
NIRLON, 03-Aug-2026,620.65,632.2,615.5,620.15,620.5,3137,19.51,274,1809.0,57.67
NIRMAN, 03-Aug-2026,39.15,39.8,36.0,37.0,39.15,37200,13.9,76,29400.0,79.03
NITCO, 03-Aug-2026,107.84,109.9,107.2,108.09,107.6,479633,519.04,3850,294701.0,61.44
NITINSPIN, 03-Aug-2026,545.95,583.9,543.9,572.35,544.2,285468,1628.47,8742,151636.0,53.12
NITIRAJ, 03-Aug-2026,219.95,220.0,213.2,214.87,215.82,1976,4.28,97,1471.0,74.44
NITTAGELA, 03-Aug-2026,1822.2,1822.2,1700.0,1729.2,1922.5,39875,694.03,5468,20846.0,52.28
NIVABUPA, 03-Aug-2026,87.21,88.7,86.0,86.56,87.01,1535003,1346.58,16845,623463.0,40.62
NKIND, 03-Aug-2026,60.8,65.7,59.0,62.82,57.63,1565,0.98,74,815.0,52.08
NLCINDIA, 03-Aug-2026,299.8,301.3,296.6,298.05,297.9,1390048,4160.54,28068,687364.0,49.45
NMDC, 03-Aug-2026,85.6,85.84,83.05,83.8,85.04,18494856,15548.34,65761,10234312.0,55.34
NMSTEEL, 03-Aug-2026,24.75,24.75,24.75,24.75,24.75,6400,1.58,4,6400.0,100.0
NOCIL, 03-Aug-2026,165.25,184.0,165.25,174.05,164.17,12374720,21964.94,107642,1802041.0,14.56
NORBTEAEXP, 03-Aug-2026,66.85,70.0,65.15,65.29,68.57,2954,1.98,84,2547.0,86.22
NORTHARC, 03-Aug-2026,290.0,295.6,282.0,284.65,287.0,597266,1729.35,8573,361655.0,60.55
NOVARTIND, 03-Aug-2026,1540.1,1651.4,1540.1,1635.7,1537.1,29922,484.19,2930,19576.0,65.42
NPBET, 03-Aug-2026,284.71,291.69,284.71,288.87,284.71,875,2.51,22,797.0,91.09
NPST, 03-Aug-2026,1560.0,1560.0,1505.0,1523.0,1525.6,25007,382.4,2052,13368.0,53.46
NRAIL, 03-Aug-2026,484.8,490.0,476.1,488.15,473.4,3261,15.79,260,2409.0,73.87
NRBBEARING, 03-Aug-2026,418.4,440.25,416.5,433.8,409.9,756420,3272.14,15597,451710.0,59.72
NRVANDANA, 03-Aug-2026,67.4,69.8,67.4,69.8,67.4,9000,6.21,3,9000.0,100.0
NSIL, 03-Aug-2026,5562.5,5749.0,5504.0,5622.0,5520.0,4566,257.57,817,3292.0,72.1
NSLNISP, 03-Aug-2026,43.5,43.8,43.15,43.37,43.02,3092634,1344.49,9724,1770557.0,57.25
NTPC, 03-Aug-2026,347.25,350.9,345.3,350.9,347.25,5460220,18958.35,66213,3291125.0,60.27
NTPCGREEN, 03-Aug-2026,90.85,91.6,90.02,90.7,90.03,4694420,4268.54,27332,2981678.0,63.52
NUCLEUS, 03-Aug-2026,686.05,702.75,686.05,696.7,686.05,36002,250.24,1885,20866.0,57.96
NURECA, 03-Aug-2026,332.2,346.6,327.0,333.4,343.6,36669,123.21,1986,15996.0,43.62
NUVAMA, 03-Aug-2026,1822.7,1840.0,1744.0,1765.7,1803.8,316161,5587.37,20924,152461.0,48.22
NUVOCO, 03-Aug-2026,349.75,353.2,347.05,350.6,344.65,284291,995.65,11135,136306.0,47.95
NV20, 03-Aug-2026,14.29,14.3,14.15,14.26,14.09,77602,11.06,341,47574.0,61.31
NV20BEES, 03-Aug-2026,142.56,142.9,141.0,142.62,140.78,14634,20.84,349,9810.0,67.04
NV20IETF, 03-Aug-2026,13.5,13.94,13.0,13.89,13.78,574609,79.76,2886,387322.0,67.41
NXST, 03-Aug-2026,167.4,168.4,166.26,166.96,166.9,251076,419.09,3732,222123.0,88.47
NYKAA, 03-Aug-2026,335.0,344.9,332.8,344.9,333.4,6931047,23575.5,82097,3801916.0,54.85
OAL, 03-Aug-2026,371.0,385.0,362.0,378.85,364.5,33764,127.95,1316,20770.0,61.52
OBCL, 03-Aug-2026,52.0,53.9,52.0,53.1,52.68,65944,34.95,39,63022.0,95.57
OBEROIRLTY, 03-Aug-2026,1834.1,1861.1,1821.6,1861.1,1827.7,178400,3267.69,14501,97262.0,54.52
OBSCP, 03-Aug-2026,665.0,702.0,665.0,696.3,657.6,113600,783.97,262,70000.0,61.62
OFSS, 03-Aug-2026,11186.0,11484.0,11160.0,11332.0,11186.0,164111,18649.01,24078,63604.0,38.76
OIL, 03-Aug-2026,454.0,457.65,450.0,452.0,458.6,3770840,17053.86,32377,2223275.0,58.96
OILIETF, 03-Aug-2026,11.48,11.53,11.42,11.45,11.42,2463758,282.5,3048,1684368.0,68.37
OLAELEC, 03-Aug-2026,38.66,39.18,38.5,38.74,38.66,20929717,8143.52,52344,6481534.0,30.97
OLECTRA, 03-Aug-2026,1330.7,1353.9,1326.8,1344.2,1324.2,216171,2910.01,12635,83813.0,38.77
OLIL, 03-Aug-2026,419.0,419.0,418.5,418.5,410.0,2000,8.37,5,2000.0,100.0
OMAXE, 03-Aug-2026,86.16,87.84,84.35,85.38,86.16,201187,173.68,2260,89687.0,44.58
OMFURN, 03-Aug-2026,65.0,65.0,65.0,65.0,67.0,1200,0.78,1,1200.0,100.0
OMINFRAL, 03-Aug-2026,91.5,92.25,89.9,91.6,89.34,102499,93.13,1351,44445.0,43.36
OMNI, 03-Aug-2026,588.0,638.5,583.85,602.3,580.95,920924,5662.67,33197,266293.0,28.92
OMPOWER, 03-Aug-2026,171.99,171.99,167.01,169.4,167.93,59098,99.64,1190,30932.0,52.34
ONDOOR, 03-Aug-2026,285.0,285.0,271.15,273.45,269.3,17700,48.77,41,12600.0,71.19
ONEPOINT, 03-Aug-2026,58.0,58.38,56.25,56.9,57.46,776161,443.53,6023,419960.0,54.11
ONESOURCE, 03-Aug-2026,1624.0,1624.0,1550.0,1560.5,1619.7,291606,4624.28,29225,151019.0,51.79
ONGC, 03-Aug-2026,241.45,242.62,240.06,242.0,242.53,8277525,19972.03,73374,4766212.0,57.58
ONWARDTEC, 03-Aug-2026,294.9,297.35,290.0,293.85,292.1,49531,145.38,1351,25919.0,52.33
ONYX, 03-Aug-2026,43.95,45.05,43.95,45.05,42.95,146000,65.52,37,142000.0,97.26
OPTIEMUS, 03-Aug-2026,641.2,661.0,635.85,657.8,637.65,394268,2574.31,16495,201204.0,51.03
OPTIVALUE, 03-Aug-2026,167.95,170.35,156.2,165.75,162.25,281600,458.59,91,267200.0,94.89
ORCHASP, 03-Aug-2026,1.8,1.8,1.6,1.65,1.63,242277,4.0,512,142907.0,58.98
ORCHPHARMA, 03-Aug-2026,990.0,998.0,975.1,990.65,986.55,44068,435.78,5374,20179.0,45.79
ORIANA, 03-Aug-2026,1380.0,1517.9,1380.0,1474.25,1379.05,102900,1502.72,999,56175.0,54.59
ORICONENT, 03-Aug-2026,54.88,54.88,53.51,54.24,53.79,16899,9.19,211,13524.0,80.03
ORIENTALTL, 03-Aug-2026,5.03,5.3,5.03,5.19,5.13,67795,3.52,220,48226.0,71.14
ORIENTBELL, 03-Aug-2026,319.25,320.25,311.55,317.6,319.25,5191,16.5,331,2796.0,53.86
ORIENTCEM, 03-Aug-2026,136.07,140.1,136.07,139.51,136.64,265963,370.16,2123,148381.0,55.79
ORIENTCER, 03-Aug-2026,41.7,41.7,40.72,41.0,40.97,23646,9.75,301,16712.0,70.68
ORIENTELEC, 03-Aug-2026,174.9,177.0,173.8,175.55,174.77,342278,600.03,6459,197664.0,57.75
ORIENTHOT, 03-Aug-2026,132.34,137.1,131.75,135.39,131.65,278925,375.63,3761,124148.0,44.51
ORIENTPPR, 03-Aug-2026,18.2,19.35,18.05,19.05,18.37,790848,148.42,1635,588741.0,74.44
ORIENTTECH, 03-Aug-2026,261.5,265.45,258.85,261.5,261.32,330338,863.88,5702,133745.0,40.49
ORISSAMINE, 03-Aug-2026,4050.0,4140.0,4005.0,4106.3,3986.4,12037,491.25,2150,7195.0,59.77
ORKLAINDIA, 03-Aug-2026,557.0,581.1,557.0,573.6,557.3,96546,549.72,9353,65103.0,67.43
OSELDEVICE, 03-Aug-2026,411.95,414.9,405.0,407.05,413.05,17200,70.3,60,12600.0,73.26
OSWALAGRO, 03-Aug-2026,39.89,40.25,38.2,38.49,38.25,52487,20.48,356,35526.0,67.69
OSWALGREEN, 03-Aug-2026,21.04,22.04,21.04,21.76,21.04,263168,56.58,943,149214.0,56.7
OSWALPUMPS, 03-Aug-2026,332.9,339.15,329.6,331.25,329.15,812409,2713.33,19291,495074.0,60.94
OSWALSEEDS, 03-Aug-2026,10.88,10.88,10.53,10.68,10.76,11735,1.25,114,11004.0,93.77
OWAIS, 03-Aug-2026,97.85,101.6,95.9,100.75,97.85,6500,6.5,50,5700.0,87.69
PACEDIGITK, 03-Aug-2026,206.35,207.67,201.01,201.59,205.38,775987,1583.48,8123,427241.0,55.06
PAGEIND, 03-Aug-2026,40500.0,40665.0,40125.0,40200.0,40375.0,8626,3477.53,4551,2342.0,27.15
PAISALO, 03-Aug-2026,71.79,73.25,70.91,72.29,71.2,9209200,6614.83,14375,3650159.0,39.64
PAKKA, 03-Aug-2026,71.1,72.94,71.01,71.28,70.79,49666,35.65,822,29133.0,58.66
PALASHSECU, 03-Aug-2026,87.8,91.35,87.04,89.01,87.07,1841,1.64,155,1333.0,72.41
PANACEABIO, 03-Aug-2026,425.05,425.05,415.6,423.45,421.45,71008,297.75,3260,40055.0,56.41
PANAMAPET, 03-Aug-2026,459.8,471.35,456.0,460.75,453.55,132370,615.65,4781,62823.0,47.46
PANSARI, 03-Aug-2026,336.85,343.0,316.1,329.1,323.9,4836,15.72,429,1882.0,38.92
PAR, 03-Aug-2026,100.99,101.97,97.02,99.09,98.9,4025,4.0,138,2874.0,71.4
PARACABLES, 03-Aug-2026,65.06,67.35,64.16,66.39,64.88,2042931,1348.0,11542,771371.0,37.76
PARADEEP, 03-Aug-2026,148.8,150.2,144.0,144.92,147.33,7384190,10895.38,59078,2760330.0,37.38
PARAGMILK, 03-Aug-2026,218.0,227.0,216.19,225.47,214.31,695232,1548.77,9926,365930.0,52.63
PARAGON, 03-Aug-2026,49.5,49.5,48.4,48.4,48.3,3600,1.76,3,2400.0,66.67
PARAMATRIX, 03-Aug-2026,56.0,56.0,56.0,56.0,56.0,2400,1.34,2,2400.0,100.0
PARAMOUNT, 03-Aug-2026,39.1,39.1,35.45,35.5,37.25,9600,3.5,7,8400.0,87.5
PARAS, 03-Aug-2026,1262.8,1323.0,1255.0,1292.3,1256.5,1553761,20202.57,58816,459791.0,29.59
PARASPETRO, 03-Aug-2026,2.53,2.59,2.43,2.44,2.47,491460,12.4,540,317739.0,64.65
PARIN, 03-Aug-2026,729.0,729.95,691.0,721.0,721.0,15750,111.26,12,8250.0,52.38
PARKHOSPS, 03-Aug-2026,299.0,302.8,280.0,288.6,292.65,1692327,5000.07,37719,581100.0,34.34
PARKHOTELS, 03-Aug-2026,122.38,127.9,122.38,124.53,122.38,234150,293.63,5196,98725.0,42.16
PARTH, 03-Aug-2026,480.0,514.0,480.0,504.15,480.0,16400,81.62,35,14400.0,87.8
PARTYCRUS, 03-Aug-2026,85.55,85.55,85.5,85.5,88.0,2000,1.71,2,2000.0,100.0
PASHUPATI, 03-Aug-2026,85.8,86.7,85.13,85.32,85.55,80796,69.31,1511,66500.0,82.31
PATANJALI, 03-Aug-2026,358.0,365.5,352.5,364.0,354.6,5089623,18292.91,39408,1454165.0,28.57
PATELENG, 03-Aug-2026,27.51,28.97,27.5,28.85,27.33,6702672,1911.56,15033,3067714.0,45.77
PATELRMART, 03-Aug-2026,226.9,228.7,223.73,226.78,225.65,93105,210.59,2345,42092.0,45.21
PATILAUTOM, 03-Aug-2026,196.95,196.95,192.0,192.9,191.45,40800,79.31,43,38400.0,94.12
PAUSHAKLTD, 03-Aug-2026,659.4,661.0,644.0,652.8,629.7,69349,453.39,3585,34186.0,49.3
PAVNAIND, 03-Aug-2026,18.9,18.9,17.72,18.01,18.11,36102,6.59,226,18046.0,49.99
PAYTM, 03-Aug-2026,1348.0,1437.6,1344.4,1410.0,1343.0,7964165,111805.73,167761,2361573.0,29.65
PCBL, 03-Aug-2026,322.05,334.8,322.05,326.8,317.9,3202738,10532.94,41763,1043393.0,32.58
PCCL, 03-Aug-2026,283.05,302.0,283.05,299.3,285.0,26000,76.95,58,22800.0,87.69
PCJEWELLER, 03-Aug-2026,9.32,9.77,9.23,9.64,9.26,252990519,24293.93,90985,51798012.0,20.47
PDMJEPAPER, 03-Aug-2026,95.9,97.68,94.86,96.3,94.86,86733,83.3,1318,43386.0,50.02
PDSL, 03-Aug-2026,370.0,372.65,354.9,357.25,363.55,83148,301.52,5318,33868.0,40.73
PELATRO, 03-Aug-2026,266.0,267.0,262.5,267.0,262.4,3900,10.33,12,3300.0,84.62
PENIND, 03-Aug-2026,166.0,171.28,165.5,169.12,165.12,311606,527.66,4639,181068.0,58.11
PERSISTENT, 03-Aug-2026,5533.5,5575.0,5319.5,5575.0,5549.0,1344826,73352.83,86493,390868.0,29.06
PETRONET, 03-Aug-2026,280.75,284.85,279.05,284.85,280.75,1506784,4254.03,25735,838712.0,55.66
PFC, 03-Aug-2026,425.5,429.25,417.3,421.5,424.35,5985708,25228.21,43334,3751254.0,62.67
PFIZER, 03-Aug-2026,4823.9,4934.0,4804.9,4914.6,4823.9,44131,2162.02,6517,29621.0,67.12
PFOCUS, 03-Aug-2026,287.5,304.5,285.0,298.75,287.11,1045783,3130.02,21691,478028.0,45.71
PFS, 03-Aug-2026,27.84,28.77,27.82,28.41,27.73,433258,122.77,3004,207665.0,47.93
PGEL, 03-Aug-2026,616.0,629.0,612.2,618.0,613.35,1239700,7695.26,20556,342607.0,27.64
PGHH, 03-Aug-2026,8644.5,8700.0,8582.0,8649.0,8594.0,16117,1393.32,3606,8823.0,54.74
PGHL, 03-Aug-2026,6604.5,6699.5,6452.5,6501.5,6604.5,7179,470.7,2478,4720.0,65.75
PGIL, 03-Aug-2026,2066.6,2127.5,2066.6,2103.4,2064.8,70465,1485.31,9531,31647.0,44.91
PGINVIT, 03-Aug-2026,99.5,99.5,97.0,97.17,99.4,2953135,2893.92,19799,2444905.0,82.79
PHANTOMFX, 03-Aug-2026,168.25,171.7,165.9,166.95,167.7,41400,69.99,72,38700.0,93.48
PHARMABEES, 03-Aug-2026,27.27,27.95,27.16,27.23,27.27,5428430,1481.56,21173,2870630.0,52.88
PHOENIXLTD, 03-Aug-2026,1893.7,1955.0,1883.9,1955.0,1893.3,380365,7289.92,21498,175930.0,46.25
PICCADIL, 03-Aug-2026,742.45,755.0,727.3,752.0,733.85,299304,2234.06,14266,179858.0,60.09
PIDILITIND, 03-Aug-2026,1623.0,1642.5,1622.0,1642.5,1611.4,653565,10650.02,19289,427166.0,65.36
PIGL, 03-Aug-2026,104.32,113.71,103.56,110.83,104.32,121633,131.62,3651,66427.0,54.61
PIIND, 03-Aug-2026,2754.6,2845.0,2746.6,2793.0,2751.2,276209,7782.95,20396,125589.0,45.47
PILANIINVS, 03-Aug-2026,4302.9,4382.0,4302.9,4346.8,4302.9,794,34.58,206,495.0,62.34
PINELABS, 03-Aug-2026,141.24,153.4,139.61,152.17,138.97,71026387,106501.72,287732,15465253.0,21.77
PIONEEREMB, 03-Aug-2026,25.5,25.98,24.75,25.61,25.26,13245,3.38,113,10443.0,78.84
PIRAMALFIN, 03-Aug-2026,2066.4,2088.0,2025.0,2047.8,2055.5,317656,6535.3,22097,221949.0,69.87
PITTIENG, 03-Aug-2026,925.0,935.9,920.5,928.4,924.5,39086,362.9,1992,25540.0,65.34
PIXTRANS, 03-Aug-2026,1669.9,1729.2,1636.1,1701.1,1672.9,11302,189.96,1744,6116.0,54.11
PKTEA, 03-Aug-2026,710.0,710.0,668.0,699.0,676.4,284,1.96,18,211.0,74.3
PLASTIBLEN, 03-Aug-2026,187.01,191.8,187.01,190.61,186.14,34535,65.71,1281,20303.0,58.79
PLATIND, 03-Aug-2026,227.05,231.18,225.0,225.53,225.89,65731,149.68,1807,38573.0,58.68
PML, 03-Aug-2026,506.95,510.05,490.6,493.65,504.5,155,0.78,27,118.0,76.13
PNB, 03-Aug-2026,113.01,114.47,112.66,113.0,112.71,12088257,13733.87,47490,5299697.0,43.84
PNBGILTS, 03-Aug-2026,85.8,85.8,83.0,83.51,84.5,316121,266.18,3355,180282.0,57.03
PNBHOUSING, 03-Aug-2026,1057.0,1094.5,1049.7,1090.0,1053.1,1194896,12944.98,47694,564504.0,47.24
PNC, 03-Aug-2026,19.55,21.45,19.23,20.37,19.55,14848,3.03,263,14080.0,94.83
PNCINFRA, 03-Aug-2026,249.09,251.6,245.01,247.58,246.12,562424,1398.55,17034,311261.0,55.34
PNGJL, 03-Aug-2026,670.3,679.5,655.0,658.05,670.3,356967,2385.98,12376,193188.0,54.12
PNGSREVA, 03-Aug-2026,428.1,444.7,426.85,443.25,428.1,144582,633.1,5644,82531.0,57.08
POCL, 03-Aug-2026,529.0,552.9,529.0,550.45,525.1,490666,2673.26,13446,268329.0,54.69
PODDARMENT, 03-Aug-2026,265.0,265.25,250.3,251.55,261.61,10592,26.83,216,8863.0,83.68
POKARNA, 03-Aug-2026,932.0,950.0,925.0,932.45,937.9,42452,396.84,3232,27780.0,65.44
POLICYBZR, 03-Aug-2026,1607.0,1650.0,1600.6,1650.0,1601.5,648291,10547.01,44383,307926.0,47.5
POLYCAB, 03-Aug-2026,9120.0,9150.0,9001.0,9034.0,9106.5,154112,13976.26,24183,80772.0,52.41
POLYMED, 03-Aug-2026,1723.5,1749.0,1704.8,1727.9,1702.0,98125,1700.95,11582,51035.0,52.01
POLYPLEX, 03-Aug-2026,1104.5,1114.5,1091.1,1094.8,1105.3,60391,663.14,3152,34932.0,57.84
POLYSIL, 03-Aug-2026,103.15,114.95,102.5,102.5,113.85,60500,63.01,96,40500.0,66.94
PONNIERODE, 03-Aug-2026,301.55,330.45,301.55,328.3,302.65,44920,144.34,1609,30023.0,66.84
POONAWALLA, 03-Aug-2026,468.0,474.4,464.7,471.9,463.55,855124,4024.12,21035,438338.0,51.26
POSITRON, 03-Aug-2026,176.9,176.9,175.95,176.5,169.0,1200,2.12,4,1200.0,100.0
POWERGRID, 03-Aug-2026,285.0,287.0,283.9,287.0,284.25,8749092,24937.6,48862,6342985.0,72.5
POWERICA, 03-Aug-2026,535.0,549.8,512.0,519.4,529.6,297730,1569.65,17284,156616.0,52.6
POWERINDIA, 03-Aug-2026,32180.0,32380.0,31865.0,32000.0,32175.0,57777,18562.64,19799,22011.0,38.1
POWERMECH, 03-Aug-2026,2594.0,2627.9,2566.5,2593.0,2566.4,92494,2405.79,12511,50826.0,54.95
PPLPHARMA, 03-Aug-2026,196.36,202.95,193.03,199.28,195.61,7051612,14070.74,63794,2495028.0,35.38
PPSL, 03-Aug-2026,3.4,3.4,3.1,3.1,3.4,351000,11.1,65,180000.0,51.28
PRABHA, 03-Aug-2026,150.0,155.5,147.34,153.78,147.91,82791,126.12,1637,33165.0,40.06
PRAENG, 03-Aug-2026,20.16,20.9,20.0,20.07,20.26,33090,6.72,219,26925.0,81.37
PRAJIND, 03-Aug-2026,314.95,317.95,313.45,315.05,311.9,381592,1202.04,12430,198832.0,52.11
PRAKASH, 03-Aug-2026,124.0,126.5,124.0,125.5,123.4,229100,286.85,2860,142191.0,62.07
PRAKASHSTL, 03-Aug-2026,4.0,4.11,3.98,4.03,4.0,140048,5.61,352,97246.0,69.44
PRAMARA, 03-Aug-2026,130.85,130.9,126.1,126.45,127.5,12000,15.28,15,9500.0,79.17
PRANIK, 03-Aug-2026,42.8,42.8,40.05,40.05,43.95,35200,14.4,17,35200.0,100.0
PRATHAM, 03-Aug-2026,120.4,120.4,120.0,120.0,121.0,2000,2.4,5,1600.0,80.0
PRAVEG, 03-Aug-2026,298.9,298.9,290.45,293.6,295.91,38486,112.89,1389,21308.0,55.37
PRAXIS, 03-Aug-2026,6.3,6.74,6.0,6.56,6.13,229975,15.11,367,165774.0,72.08
PRECAM, 03-Aug-2026,141.47,146.0,141.39,143.31,140.29,168272,242.47,3464,71365.0,42.41
PRECISION, 03-Aug-2026,7.75,7.75,7.2,7.2,7.4,16000,1.19,7,14000.0,87.5
PRECOT, 03-Aug-2026,850.0,850.0,791.05,819.0,809.55,10974,89.61,720,8807.0,80.25
PRECWIRE, 03-Aug-2026,374.5,388.1,372.7,379.1,372.6,311874,1190.7,15390,137592.0,44.12
PREMCO, 03-Aug-2026,372.6,382.3,372.55,380.1,372.55,1610,6.07,67,1458.0,90.56
PREMEXPLN, 03-Aug-2026,664.9,668.95,661.2,661.8,664.15,104311,692.29,3275,58058.0,55.66
PREMIERENE, 03-Aug-2026,1027.3,1040.1,1020.7,1020.7,1022.2,617990,6365.06,17129,259363.0,41.97
PREMIERPOL, 03-Aug-2026,67.6,75.8,67.6,73.56,69.78,748386,545.12,8198,130592.0,17.45
PREMIUM, 03-Aug-2026,38.0,39.5,38.0,38.0,38.0,9000,3.47,3,9000.0,100.0
PRESSTONIC, 03-Aug-2026,27.0,27.0,26.25,26.9,25.95,10400,2.8,11,8800.0,84.62
PRESTIGE, 03-Aug-2026,1620.0,1670.0,1610.5,1670.0,1616.2,349987,5694.57,18474,187490.0,53.57
PRICOLLTD, 03-Aug-2026,715.0,740.0,709.45,732.85,696.65,1638587,11939.13,57056,730446.0,44.58
PRIMECAB, 03-Aug-2026,180.0,190.0,176.3,190.0,184.55,14400,26.58,9,11200.0,77.78
PRIMESECU, 03-Aug-2026,277.1,281.5,275.35,277.45,276.9,39599,110.27,236,33073.0,83.52
PRIMO, 03-Aug-2026,26.0,26.0,24.11,24.3,25.24,158094,39.01,1112,102785.0,65.02
PRINCEPIPE, 03-Aug-2026,262.0,270.0,262.0,263.4,264.0,181389,480.8,5610,113273.0,62.45
PRIVISCL, 03-Aug-2026,3680.0,3680.0,3585.0,3597.0,3617.1,103747,3754.27,14217,63289.0,61.0
PRIZOR, 03-Aug-2026,914.95,920.85,900.05,915.95,877.0,34800,318.62,79,32400.0,93.1
PRLIND, 03-Aug-2026,44.1,44.75,43.65,44.25,44.2,82000,36.31,36,59000.0,71.95
PROFX, 03-Aug-2026,77.1,77.1,75.5,75.5,75.5,3200,2.44,2,3200.0,100.0
PROPSHOP, 03-Aug-2026,55.2,57.9,52.45,57.15,69.0,2076000,1136.49,472,2066000.0,99.52
PROSTARM, 03-Aug-2026,127.0,138.0,126.25,135.87,127.04,1483618,1972.35,12719,183272.0,12.35
PROTEAN, 03-Aug-2026,620.0,640.0,620.0,630.85,616.15,243186,1541.98,7461,113694.0,46.75
PROZONER, 03-Aug-2026,41.73,43.64,41.51,43.13,41.58,269992,114.52,1282,184552.0,68.35
PRSMJOHNSN, 03-Aug-2026,106.9,110.59,106.84,108.88,106.46,125836,137.02,2979,67743.0,53.83
PRUDENT, 03-Aug-2026,3319.8,3385.1,3270.1,3359.2,3292.0,27698,920.75,6005,14595.0,52.69
PSB, 03-Aug-2026,23.4,23.9,23.4,23.76,23.19,1577094,374.15,4628,773407.0,49.04
PSPPROJECT, 03-Aug-2026,990.0,990.0,939.9,949.55,978.0,147018,1402.11,7640,81408.0,55.37
PSRAJ, 03-Aug-2026,85.5,85.5,85.5,85.5,90.0,7500,6.41,3,7500.0,100.0
PSUBANK, 03-Aug-2026,83.95,85.5,83.33,84.54,83.65,448463,381.53,1187,271219.0,60.48
PSUBANKADD, 03-Aug-2026,84.45,86.22,84.45,85.42,84.46,61957,53.16,314,48080.0,77.6
PSUBNKBEES, 03-Aug-2026,94.49,95.22,93.33,94.57,93.42,5391757,5111.19,8277,2825878.0,52.41
PSUBNKIETF, 03-Aug-2026,85.14,86.5,84.53,85.6,84.77,201181,172.88,1196,123628.0,61.45
PTC, 03-Aug-2026,176.21,182.2,175.9,180.11,175.52,4283556,7672.15,44071,2395695.0,55.93
PTCIL, 03-Aug-2026,17776.0,18041.0,17776.0,17981.0,17737.0,8054,1442.29,2161,4824.0,59.9
PTL, 03-Aug-2026,39.99,40.05,39.4,39.77,39.42,50827,20.24,778,35236.0,69.33
PULZ, 03-Aug-2026,24.95,24.95,24.95,24.95,24.0,2000,0.5,1,2000.0,100.0
PUNJABCHEM, 03-Aug-2026,1180.0,1180.0,1145.0,1151.9,1143.8,14842,171.96,1769,6169.0,41.56
PURPLEUTED, 03-Aug-2026,330.0,335.0,320.05,321.9,336.85,43000,139.02,140,41750.0,97.09
PURVA, 03-Aug-2026,212.05,215.89,206.5,207.67,210.79,264312,555.42,5258,146365.0,55.38
PUSHPA, 03-Aug-2026,100.2,107.0,100.2,104.5,104.55,5000,5.25,5,5000.0,100.0
PVP, 03-Aug-2026,27.05,27.39,26.65,27.1,26.83,493615,133.35,1355,372301.0,75.42
PVRINOX, 03-Aug-2026,1142.9,1153.0,1131.5,1141.4,1130.6,583974,6666.28,58630,392534.0,67.22
PVSL, 03-Aug-2026,110.2,112.14,106.15,107.19,108.51,42496,45.75,1177,25032.0,58.9
PVTBANIETF, 03-Aug-2026,28.1,28.14,27.9,28.05,27.75,3285922,921.36,1844,2487159.0,75.69
PVTBANK, 03-Aug-2026,27.72,27.92,27.5,27.86,27.5,15780,4.38,25,12043.0,76.32
PVTBANKADD, 03-Aug-2026,28.02,28.37,27.43,27.76,27.9,1098199,308.74,439,944635.0,86.02
PVTBKGROWW, 03-Aug-2026,27.84,27.94,27.51,27.79,27.5,14226,3.96,186,9276.0,65.2
PWL, 03-Aug-2026,125.2,129.09,123.85,126.03,124.89,4198871,5313.85,39003,1172307.0,27.92
PYRAMID, 03-Aug-2026,185.97,188.0,183.34,184.97,181.12,58304,107.91,1271,34205.0,58.67
QFIL, 03-Aug-2026,62.8,62.8,62.8,62.8,62.8,1000,0.63,1,1000.0,100.0
QGOLDHALF, 03-Aug-2026,117.96,117.99,116.06,117.47,117.38,247926,291.35,980,124755.0,50.32
QLINE, 03-Aug-2026,549.85,559.6,536.1,552.1,541.3,63600,348.62,141,50800.0,79.87
QMSMEDI, 03-Aug-2026,117.9,117.9,112.0,112.3,114.59,13120,14.93,493,9742.0,74.25
QNIFTY, 03-Aug-2026,274.0,274.0,268.87,270.54,268.61,3985,10.77,160,2918.0,73.22
QUADFUTURE, 03-Aug-2026,348.8,365.7,348.8,360.95,345.95,281272,1011.48,8086,105048.0,37.35
QUAL30IETF, 03-Aug-2026,21.58,21.61,21.37,21.6,21.39,161980,34.91,293,137447.0,84.85
QUALITY30, 03-Aug-2026,20.94,21.23,20.94,21.22,20.94,12969,2.74,33,8553.0,65.95
QUESS, 03-Aug-2026,335.95,349.5,331.85,345.05,332.55,1991991,6852.18,30562,667647.0,33.52
QUESTLAB, 03-Aug-2026,90.05,92.0,90.05,91.65,89.25,16800,15.41,14,15600.0,92.86
QUICKTOUCH, 03-Aug-2026,22.5,22.5,22.5,22.5,22.55,500,0.11,1,500.0,100.0
QUINT, 03-Aug-2026,39.49,39.98,38.0,38.99,39.3,2443,0.94,36,2413.0,98.77
QVCEL, 03-Aug-2026,25.1,25.1,25.1,25.1,24.55,1600,0.4,1,1600.0,100.0
RACE, 03-Aug-2026,110.0,111.99,109.48,111.79,109.49,5364,5.95,53,4500.0,83.89
RACLGEAR, 03-Aug-2026,1260.0,1295.0,1260.0,1291.3,1262.3,19888,255.23,1979,11658.0,58.62
RADAAN, 03-Aug-2026,3.27,3.27,3.15,3.2,3.21,7768,0.25,79,5486.0,70.62
RADHIKAJWE, 03-Aug-2026,72.45,73.49,70.85,71.22,71.75,974269,705.41,7741,264437.0,27.14
RADIANTCMS, 03-Aug-2026,36.97,37.1,36.62,36.97,36.35,54912,20.28,1100,36374.0,66.24
RADICO, 03-Aug-2026,4350.8,4459.1,4349.9,4459.1,4340.8,352530,15598.51,40646,204577.0,58.03
RADIOCITY, 03-Aug-2026,6.79,7.09,6.79,6.81,6.79,69178,4.76,233,60975.0,88.14
RADIOWALLA, 03-Aug-2026,27.6,27.6,27.6,27.6,28.15,1600,0.44,1,1600.0,100.0
RAILTEL, 03-Aug-2026,284.3,293.7,283.15,292.25,284.5,1106898,3208.87,22178,397355.0,35.9
RAIN, 03-Aug-2026,224.1,233.37,224.1,229.53,222.95,5596995,12858.18,48839,2166314.0,38.7
RAINBOW, 03-Aug-2026,1550.0,1574.8,1530.6,1545.6,1525.4,161412,2523.59,15898,92937.0,57.58
RAJINDLTD, 03-Aug-2026,71.0,73.6,71.0,71.95,70.75,4500,3.25,3,1500.0,33.33
RAJMET, 03-Aug-2026,3.27,3.35,3.27,3.31,3.27,197052,6.54,710,153299.0,77.8
RAJPALAYAM, 03-Aug-2026,830.0,839.9,806.3,818.85,829.05,1355,11.19,103,864.0,63.76
RAJPUTANA, 03-Aug-2026,203.0,203.0,203.0,203.0,194.0,500,1.02,1,500.0,100.0
RAJRATAN, 03-Aug-2026,500.0,518.0,497.05,513.5,495.0,154143,782.83,5274,80993.0,52.54
RAJSREESUG, 03-Aug-2026,31.29,31.99,29.91,30.39,29.29,53084,16.38,486,35530.0,66.93
RAJTV, 03-Aug-2026,11.45,11.62,10.76,10.76,11.32,281976,30.65,713,235749.0,83.61
RALLIS, 03-Aug-2026,218.5,220.96,216.61,217.82,217.14,863483,1885.05,22714,518710.0,60.07
RAMANEWS, 03-Aug-2026,28.39,31.99,28.39,30.85,28.39,96270,29.37,487,74596.0,77.49
RAMAPHO, 03-Aug-2026,131.99,134.9,126.67,130.91,128.48,89184,116.97,2066,57492.0,64.46
RAMBHAJO, 03-Aug-2026,180.3,189.49,178.64,183.76,178.32,280637,518.6,6144,108753.0,38.75
RAMCOCEM, 03-Aug-2026,920.15,950.0,920.15,945.25,918.25,128262,1205.8,8462,55873.0,43.56
RAMCOIND, 03-Aug-2026,329.9,334.65,328.0,332.15,326.4,91714,303.51,2726,50387.0,54.94
RAMCOSYS, 03-Aug-2026,585.9,588.95,561.3,563.95,580.9,250501,1436.44,7815,115518.0,46.11
RAMKY, 03-Aug-2026,379.2,392.9,379.2,389.15,379.2,41901,162.29,1774,27105.0,64.69
RAMRAT, 03-Aug-2026,439.0,444.45,424.0,429.95,448.5,339219,1468.91,12530,169549.0,49.98
RANASUG, 03-Aug-2026,11.81,12.82,11.81,12.52,11.81,589199,73.57,2045,263994.0,44.81
RANEHOLDIN, 03-Aug-2026,1759.9,1888.0,1745.0,1872.6,1748.5,79892,1465.09,8397,40510.0,50.71
RAPPID, 03-Aug-2026,322.75,325.1,315.0,325.0,327.55,10200,32.95,16,9000.0,88.24
RATEGAIN, 03-Aug-2026,929.0,978.9,927.0,965.4,918.4,757521,7277.69,27442,396644.0,52.36
RATNAMANI, 03-Aug-2026,2373.0,2424.3,2358.9,2371.8,2358.9,24944,596.35,5626,13380.0,53.64
RATNAVEER, 03-Aug-2026,184.99,212.2,184.43,205.79,181.38,39358650,80806.6,245834,3408272.0,8.66
RAYMOND, 03-Aug-2026,589.4,609.3,584.05,602.0,580.1,668558,4019.15,15953,317421.0,47.48
RAYMONDLSL, 03-Aug-2026,699.6,754.0,677.0,727.3,710.5,659709,4844.53,26114,302480.0,45.85
RAYMONDREL, 03-Aug-2026,650.0,677.85,646.35,669.75,643.1,300774,2009.48,8622,142130.0,47.25
RBA, 03-Aug-2026,67.0,71.4,67.0,70.76,66.64,5382951,3751.02,20708,3295085.0,61.21
RBLBANK, 03-Aug-2026,379.5,382.4,376.35,379.95,375.5,3413992,12930.32,43289,1784152.0,52.26
RBMINFRA, 03-Aug-2026,270.0,272.9,261.0,266.45,264.8,15400,40.87,69,10400.0,67.53
RBS, 03-Aug-2026,91.0,91.0,87.1,90.0,89.9,11200,9.89,12,9600.0,85.71
RBZJEWEL, 03-Aug-2026,149.0,153.8,148.5,152.54,148.98,102323,154.84,3943,56086.0,54.81
RCDL, 03-Aug-2026,33.4,34.0,32.0,33.85,32.1,78000,26.07,24,72000.0,92.31
RCF, 03-Aug-2026,127.4,129.59,127.11,127.62,127.4,881041,1130.22,7226,332742.0,37.77
READYMIX, 03-Aug-2026,115.0,115.0,105.0,107.75,107.4,24000,26.13,24,6000.0,25.0
RECLTD, 03-Aug-2026,374.0,376.7,367.05,368.1,372.95,3512873,13045.61,30924,2043133.0,58.16
REDINGTON, 03-Aug-2026,320.5,357.8,319.5,347.85,321.65,69118282,238522.83,492929,6615573.0,9.57
REDTAPE, 03-Aug-2026,131.9,133.08,130.51,130.79,132.51,148310,195.01,2851,106185.0,71.6
REFEX, 03-Aug-2026,309.0,311.0,304.0,306.8,302.8,360544,1107.21,6252,155780.0,43.21
REFRACTORY, 03-Aug-2026,25.75,26.0,25.75,26.0,26.5,2000,0.52,2,1000.0,50.0
REGENCERAM, 03-Aug-2026,32.01,34.9,31.0,32.9,32.92,6139,2.01,108,4316.0,70.3
RELAXO, 03-Aug-2026,405.0,414.7,403.05,408.7,403.95,208423,854.28,6840,63486.0,30.46
RELCHEMQ, 03-Aug-2026,122.1,127.5,122.1,124.83,123.03,2328,2.9,86,1075.0,46.18
RELIABLE, 03-Aug-2026,144.75,147.49,140.5,146.37,139.74,83363,120.66,1096,28238.0,33.87
RELIANCE, 03-Aug-2026,1315.2,1319.0,1306.0,1319.0,1307.8,7508023,98436.85,158782,4864043.0,64.78
RELIGARE, 03-Aug-2026,255.95,262.0,253.8,261.1,253.15,1464485,3776.75,12818,762106.0,52.04
RELTD, 03-Aug-2026,169.87,170.79,164.5,166.81,167.98,255178,428.86,3536,140081.0,54.9
REMSONSIND, 03-Aug-2026,82.15,84.79,82.15,83.44,83.19,48460,40.51,965,25642.0,52.91
REMUS, 03-Aug-2026,725.0,778.05,725.0,766.0,720.0,7600,57.32,58,5900.0,77.63
RENUKA, 03-Aug-2026,21.77,22.69,21.75,22.33,21.87,8155897,1823.99,12480,3545865.0,43.48
REPCOHOME, 03-Aug-2026,385.9,390.8,385.0,385.95,385.1,72642,281.65,2054,39844.0,54.85
REPRO, 03-Aug-2026,378.85,405.0,377.5,398.7,378.65,64234,252.27,1599,33465.0,52.1
RESPONIND, 03-Aug-2026,171.6,175.0,171.6,173.3,171.6,84594,146.5,1402,31437.0,37.16
RETAIL, 03-Aug-2026,16.56,17.4,16.01,16.57,16.48,3428,0.57,52,3098.0,90.37
REXPRO, 03-Aug-2026,38.3,38.3,38.3,38.3,39.2,1000,0.38,1,1000.0,100.0
RGL, 03-Aug-2026,118.0,119.38,115.0,115.5,117.27,354917,416.52,2772,223992.0,63.11
RHETAN, 03-Aug-2026,31.22,31.5,31.1,31.12,30.67,6489222,2030.73,2881,822481.0,12.67
RHIM, 03-Aug-2026,390.0,419.35,390.0,412.25,388.55,1273074,5234.02,30763,388431.0,30.51
RHL, 03-Aug-2026,174.0,174.0,168.8,172.99,168.5,1708,2.93,121,781.0,45.73
RICHA, 03-Aug-2026,90.0,90.0,89.0,89.0,90.0,2000,1.79,2,2000.0,100.0
RICOAUTO, 03-Aug-2026,142.5,146.73,141.45,142.07,141.77,1456704,2096.06,11951,516864.0,35.48
RIIL, 03-Aug-2026,747.0,755.05,740.1,746.85,742.6,45659,342.77,1687,17379.0,38.06
RIIT, 03-Aug-2026,117.99,117.99,116.05,116.42,116.44,202730,236.56,6661,163100.0,80.45
RILINFRA, 03-Aug-2026,38.85,39.5,38.3,38.75,38.75,6900,2.69,52,4200.0,60.87
RIR, 03-Aug-2026,161.95,163.44,157.17,159.25,158.93,117095,188.6,3052,62697.0,53.54
RISHABH, 03-Aug-2026,619.1,662.05,617.75,650.2,610.55,201022,1302.78,13064,93311.0,46.42
RITCO, 03-Aug-2026,295.7,306.0,293.0,301.25,291.7,268052,808.97,7677,112720.0,42.05
RITES, 03-Aug-2026,214.9,221.32,214.9,219.31,214.09,785441,1722.5,13629,289525.0,36.86
RKDL, 03-Aug-2026,19.8,19.8,18.5,19.14,19.74,18391,3.48,199,15774.0,85.77
RKEC, 03-Aug-2026,26.21,26.93,26.2,26.4,26.03,7602,2.02,62,5162.0,67.9
RKFORGE, 03-Aug-2026,659.7,684.7,642.35,681.15,651.15,3196714,21276.33,68718,1486345.0,46.5
RKSWAMY, 03-Aug-2026,102.39,104.38,101.02,101.98,102.39,43302,44.29,1201,24641.0,56.9
RMC, 03-Aug-2026,254.85,299.8,245.4,292.15,251.1,272852,773.71,8253,51192.0,18.76
RML, 03-Aug-2026,1174.7,1237.0,1162.4,1210.8,1154.7,55286,666.36,6493,21646.0,39.15
RNBDENIMS, 03-Aug-2026,9.06,9.27,9.0,9.08,9.06,127399,11.65,600,93120.0,73.09
RNFI, 03-Aug-2026,278.0,289.0,265.0,285.05,281.55,123600,345.93,111,92400.0,74.76
RNPL, 03-Aug-2026,84.8,85.0,79.15,84.75,82.0,15600,12.86,12,14400.0,92.31
ROCKINGDCE, 03-Aug-2026,182.1,182.1,177.1,181.0,188.0,1500,2.7,6,1250.0,83.33
ROHLTD, 03-Aug-2026,316.3,317.6,312.65,313.8,312.85,14282,44.99,500,10689.0,74.84
ROLEXRINGS, 03-Aug-2026,139.06,141.7,137.65,139.1,136.95,975005,1367.83,14255,534604.0,54.83
ROML, 03-Aug-2026,43.58,45.99,43.58,45.0,44.41,770,0.35,41,379.0,49.22
ROSSARI, 03-Aug-2026,505.95,511.0,500.6,508.25,504.3,57189,290.22,3648,31360.0,54.84
ROSSELLIND, 03-Aug-2026,59.79,60.4,57.71,58.74,57.55,26997,15.97,382,19426.0,71.96
ROSSTECH, 03-Aug-2026,975.95,1086.75,966.0,1067.1,954.1,1333256,14075.0,64988,321961.0,24.15
ROTO, 03-Aug-2026,67.99,68.45,67.1,67.48,67.47,233785,158.59,2240,100089.0,42.81
ROUTE, 03-Aug-2026,540.0,549.5,531.1,537.05,540.0,488967,2648.55,15246,141793.0,29.0
ROXHITECH, 03-Aug-2026,49.55,49.55,46.5,46.55,47.25,24000,11.32,15,19200.0,80.0
ROYALARC, 03-Aug-2026,148.0,148.0,148.0,148.0,148.0,1200,1.78,1,1200.0,100.0
RPEL, 03-Aug-2026,1215.0,1272.0,1208.1,1245.6,1216.3,50178,625.76,6425,20802.0,41.46
RPGLIFE, 03-Aug-2026,2780.0,2819.5,2727.3,2756.8,2768.2,14650,407.42,2281,5982.0,40.83
RPOWER, 03-Aug-2026,23.56,24.57,23.56,23.87,23.41,31020819,7501.07,47397,9439719.0,30.43
RPPINFRA, 03-Aug-2026,59.1,61.19,59.1,59.93,60.16,33550,20.23,641,23831.0,71.03
RPPL, 03-Aug-2026,21.89,22.44,21.08,22.33,21.12,92204,20.31,543,68601.0,74.4
RPSGVENT, 03-Aug-2026,931.0,964.85,931.0,952.3,935.25,32582,309.13,1651,18819.0,57.76
RPTECH, 03-Aug-2026,840.0,889.0,822.05,883.65,833.55,1212672,10510.39,44857,545106.0,44.95
RRIL, 03-Aug-2026,17.69,17.69,17.0,17.37,17.35,6589,1.13,74,6396.0,97.07
RRKABEL, 03-Aug-2026,2634.0,2656.0,2605.1,2631.9,2602.8,287192,7558.54,25752,145154.0,50.54
RSDFIN, 03-Aug-2026,112.0,132.88,101.15,132.88,110.74,156670,194.22,2464,30047.0,19.18
RSL, 03-Aug-2026,143.0,143.99,140.9,142.89,141.03,1421684,2020.86,4619,1008229.0,70.92
RSYSTEMS, 03-Aug-2026,264.2,275.4,262.15,273.8,262.46,477441,1289.89,16613,242407.0,50.77
RTNINDIA, 03-Aug-2026,31.34,33.35,31.34,33.11,31.34,2634603,861.98,7146,992562.0,37.67
RTNPOWER, 03-Aug-2026,8.75,8.95,8.67,8.8,8.71,18178783,1602.1,15015,6563561.0,36.11
RUBFILA, 03-Aug-2026,71.25,72.24,71.0,71.45,71.25,11099,7.93,475,6963.0,62.74
RUBICON, 03-Aug-2026,1501.2,1530.0,1490.0,1500.8,1491.0,93519,1411.73,9840,46439.0,49.66
RUCHINFRA, 03-Aug-2026,5.94,5.94,5.73,5.89,5.88,40821,2.39,207,33279.0,81.52
RUCHIRA, 03-Aug-2026,109.32,109.8,107.63,108.09,108.24,37111,40.21,620,23147.0,62.37
RUDRA, 03-Aug-2026,17.73,18.99,17.02,18.06,17.27,89942,16.15,301,46349.0,51.53
RULKA, 03-Aug-2026,109.05,112.0,109.0,111.25,112.95,3900,4.28,10,3600.0,92.31
RUPA, 03-Aug-2026,161.9,164.54,161.32,163.63,161.05,99599,162.52,2960,49165.0,49.36
RUSHIL, 03-Aug-2026,17.84,17.84,16.81,16.99,17.23,538624,92.96,1409,327368.0,60.78
RUSTOMJEE, 03-Aug-2026,405.85,407.6,395.4,396.8,399.85,48605,194.07,2598,31462.0,64.73
RVHL, 03-Aug-2026,45.8,46.47,45.0,45.97,44.93,13469,6.17,79,9704.0,72.05
RVNL, 03-Aug-2026,225.7,234.7,225.7,232.9,225.48,8366055,19348.26,55175,2847301.0,34.03
RVTH, 03-Aug-2026,712.5,721.0,700.0,706.65,700.45,769,5.46,46,734.0,95.45
S&SPOWER, 03-Aug-2026,316.9,334.35,316.1,334.35,318.45,3578,11.94,62,2872.0,80.27
SAAKSHI, 03-Aug-2026,299.95,307.95,295.55,305.0,295.55,11400,34.36,14,11400.0,100.0
SAATVIKGL, 03-Aug-2026,433.55,442.0,433.55,437.8,433.55,36670,160.63,1853,18146.0,49.48
SABAR, 03-Aug-2026,6.05,6.6,6.05,6.45,6.35,55000,3.54,7,55000.0,100.0
SABEVENTS, 03-Aug-2026,6.02,6.32,6.02,6.32,6.02,12593,0.79,47,12090.0,96.01
SACHEEROME, 03-Aug-2026,428.9,439.0,410.25,416.2,423.8,20400,86.61,58,16500.0,80.88
SADBHAV, 03-Aug-2026,9.08,9.08,8.63,8.64,9.08,351653,30.73,1068,226891.0,64.52
SADHAV, 03-Aug-2026,119.5,120.5,119.5,120.15,119.9,4800,5.76,8,3000.0,62.5
SAFARI, 03-Aug-2026,1559.7,1588.9,1504.0,1548.1,1559.6,153429,2350.87,24699,98485.0,64.19
SAFEENTP, 03-Aug-2026,260.0,263.0,252.0,261.6,247.5,37500,97.09,61,26500.0,70.67
SAGARDEEP, 03-Aug-2026,25.44,25.44,24.24,24.49,24.24,3300,0.81,60,2656.0,80.48
SAGCEM, 03-Aug-2026,174.49,176.39,171.21,172.67,173.96,37113,64.69,1178,24109.0,64.96
SAGILITY, 03-Aug-2026,43.5,44.58,43.11,43.88,43.4,18555073,8156.2,38192,8504889.0,45.84
SAHAJSOLAR, 03-Aug-2026,114.85,119.95,114.85,115.6,114.85,8400,9.82,21,5600.0,66.67
SAHANA, 03-Aug-2026,849.5,860.0,829.0,831.6,844.5,17400,145.89,63,11400.0,65.52
SAHASRA, 03-Aug-2026,314.45,325.75,310.0,325.75,310.25,28400,91.07,63,28000.0,98.59
SAHLIBHFI, 03-Aug-2026,81.0,81.0,78.46,78.52,78.09,330,0.26,13,326.0,98.79
SAHYADRI, 03-Aug-2026,314.0,332.85,313.75,326.9,303.6,34936,113.33,1778,20691.0,59.23
SAIFL, 03-Aug-2026,5.1,5.1,5.0,5.05,5.05,340000,17.16,67,212000.0,62.35
SAIL, 03-Aug-2026,170.6,172.7,165.0,165.0,169.03,12154369,20698.58,72850,5825260.0,47.93
SAILIFE, 03-Aug-2026,1325.0,1350.0,1315.2,1333.4,1315.1,316024,4231.87,18962,152732.0,48.33
SAIPARENT, 03-Aug-2026,551.7,560.0,546.0,554.55,547.5,73640,408.07,3807,36947.0,50.17
SAJHOTELS, 03-Aug-2026,36.0,36.75,33.25,36.75,35.0,78000,27.58,30,72000.0,92.31
SAKAR, 03-Aug-2026,908.7,944.0,894.05,922.5,885.25,181604,1671.44,11555,85089.0,46.85
SAKHTISUG, 03-Aug-2026,17.15,17.5,17.0,17.44,16.89,115918,20.1,526,70893.0,61.16
SAKSOFT, 03-Aug-2026,171.8,177.39,170.0,176.57,169.3,1129208,1981.7,13837,323390.0,28.64
SAKUMA, 03-Aug-2026,1.63,1.67,1.63,1.64,1.64,629153,10.37,1024,505506.0,80.35
SALASAR, 03-Aug-2026,5.88,6.03,5.86,5.9,5.84,4405746,261.42,3136,2324792.0,52.77
SALONA, 03-Aug-2026,244.02,252.96,243.9,248.06,243.9,965,2.39,47,597.0,61.87
SALSTEEL, 03-Aug-2026,58.92,58.92,56.11,57.69,57.56,71609,41.38,520,33014.0,46.1
SALZERELEC, 03-Aug-2026,589.4,596.7,586.4,591.3,581.9,41938,248.15,2140,25765.0,61.44
SAMBHAAV, 03-Aug-2026,6.55,6.82,6.39,6.58,6.36,21777,1.43,65,12869.0,59.09
SAMBHV, 03-Aug-2026,122.07,123.55,119.0,119.96,120.06,1664182,2022.3,9169,876488.0,52.67
SAMHI, 03-Aug-2026,179.9,184.75,178.32,181.68,179.84,777492,1412.74,11332,448572.0,57.69
SAMMAANCAP, 03-Aug-2026,163.0,166.1,160.63,161.08,162.43,6896585,11289.82,29544,3352731.0,48.61
SAMPANN, 03-Aug-2026,26.82,27.69,26.82,27.14,26.56,19084,5.23,113,18313.0,95.96
SANATHAN, 03-Aug-2026,477.5,494.0,467.0,484.8,474.95,74544,355.34,2723,35131.0,47.13
SANDESH, 03-Aug-2026,978.15,992.0,973.0,989.6,978.15,501,4.93,94,368.0,73.45
SANDHAR, 03-Aug-2026,632.8,658.0,620.6,647.95,626.8,597937,3857.05,19749,270392.0,45.22
SANDUMA, 03-Aug-2026,214.0,215.86,210.5,212.05,212.84,507588,1079.25,7283,242735.0,47.82
SANGAMIND, 03-Aug-2026,620.0,622.6,602.8,609.5,609.9,20611,126.2,1733,11872.0,57.6
SANGANI, 03-Aug-2026,44.4,44.4,44.4,44.4,44.85,12000,5.33,2,12000.0,100.0
SANGHVIMOV, 03-Aug-2026,414.95,457.0,412.55,437.5,409.8,1799166,8037.2,43130,452732.0,25.16
SANOFI, 03-Aug-2026,3330.0,3407.5,3330.0,3381.8,3318.0,60108,2031.83,9656,36932.0,61.44
SANOFICONR, 03-Aug-2026,4619.0,4659.0,4515.0,4539.5,4611.2,4422,201.66,1262,2254.0,50.97
SANSERA, 03-Aug-2026,3378.0,3471.0,3358.3,3452.7,3346.9,174571,5990.33,18693,87196.0,49.95
SANSTAR, 03-Aug-2026,115.0,123.99,115.0,116.85,111.75,2123607,2552.88,18223,414991.0,19.54
SAPPHIRE, 03-Aug-2026,184.75,188.5,182.06,187.48,185.11,464853,864.82,11065,180380.0,38.8
SAPPL, 03-Aug-2026,285.25,295.0,281.9,287.45,289.65,983,2.82,53,821.0,83.52
SARDAEN, 03-Aug-2026,523.0,538.0,515.2,516.2,516.6,542580,2823.36,16187,239352.0,44.11
SAREGAMA, 03-Aug-2026,522.85,532.9,508.1,514.2,522.85,363206,1898.66,14161,151559.0,41.73
SARLAPOLY, 03-Aug-2026,98.4,102.5,98.21,101.51,98.87,41222,41.58,867,25968.0,63.0
SARTELE, 03-Aug-2026,122.0,122.55,120.0,120.25,121.05,44500,53.88,80,24500.0,55.06
SARVESHWAR, 03-Aug-2026,3.46,3.5,3.36,3.38,3.38,1074130,36.58,1824,942050.0,87.7
SASKEN, 03-Aug-2026,1902.3,1902.3,1902.3,1902.3,1811.8,7255,138.01,249,7238.0,99.77
SATECH, 03-Aug-2026,36.1,36.1,36.1,36.1,34.55,1000,0.36,1,1000.0,100.0
SATIA, 03-Aug-2026,61.75,63.15,61.03,62.5,61.75,49149,30.76,571,32389.0,65.9
SATIN, 03-Aug-2026,239.0,240.0,230.2,230.7,239.81,1031247,2412.7,15942,461984.0,44.8
SATIPOLY, 03-Aug-2026,41.5,42.9,41.5,42.9,40.95,1000,0.42,2,1000.0,100.0
SATKARTAR, 03-Aug-2026,128.0,135.25,127.0,133.3,129.05,34400,45.47,41,24000.0,69.77
SATTVAENGG, 03-Aug-2026,84.05,84.2,84.0,84.2,83.7,8000,6.73,5,8000.0,100.0
SAURASHCEM, 03-Aug-2026,60.0,61.9,59.31,60.14,60.38,124767,74.86,2140,61510.0,49.3
SAVY, 03-Aug-2026,121.0,121.0,118.0,118.45,121.0,6000,7.14,5,4800.0,80.0
SAWALIYA, 03-Aug-2026,293.0,297.0,280.0,294.15,292.6,65400,191.21,50,25200.0,38.53
SAYAJIHOTL, 03-Aug-2026,304.75,304.75,296.0,304.75,290.25,700,2.12,33,649.0,92.71
SBC, 03-Aug-2026,42.26,42.4,40.61,41.99,42.01,7304193,3078.47,3749,3158034.0,43.24
SBCL, 03-Aug-2026,752.9,769.4,747.0,763.45,749.45,213225,1622.4,14692,116037.0,54.42
SBFC, 03-Aug-2026,90.4,92.35,90.26,92.08,90.4,1319954,1210.57,9787,778769.0,59.0
SBGLP, 03-Aug-2026,25.44,26.99,25.0,25.55,25.44,31067,7.91,182,23690.0,76.25
SBIBPB, 03-Aug-2026,48.68,49.41,48.21,48.98,48.08,111890,54.89,609,66812.0,59.71
SBICARD, 03-Aug-2026,661.0,674.2,658.45,665.05,660.15,816319,5453.88,25820,334426.0,40.97
SBIETFCON, 03-Aug-2026,124.7,127.15,122.0,124.4,124.87,9780,12.29,224,8456.0,86.46
SBIETFIT, 03-Aug-2026,340.51,352.0,336.0,349.87,340.51,19113,66.47,408,11563.0,60.5
SBIETFPB, 03-Aug-2026,285.48,285.48,281.92,283.58,280.43,33884,95.99,119,32956.0,97.26
SBIETFQLTY, 03-Aug-2026,225.74,227.85,225.74,226.27,225.59,2673,6.06,89,2089.0,78.15
SBIFUNDS, 03-Aug-2026,591.0,592.9,583.2,588.05,589.15,2624696,15415.04,49498,1488273.0,56.7
SBILIFE, 03-Aug-2026,1899.0,1915.0,1882.8,1915.0,1882.0,885610,16852.16,38971,596098.0,67.31
SBILIQETF, 03-Aug-2026,1050.19,1050.21,1050.19,1050.21,1050.07,15826,166.21,49,9783.0,61.82
SBIMIDMOM, 03-Aug-2026,62.84,63.55,62.84,63.25,62.84,7784,4.93,119,7543.0,96.9
SBIN, 03-Aug-2026,1035.0,1051.5,1031.6,1045.0,1027.4,10507450,109485.08,167075,6160621.0,58.63
SBINEQWETF, 03-Aug-2026,34.0,34.35,33.73,34.25,33.84,92053,31.45,381,71331.0,77.49
SBINMID150, 03-Aug-2026,23.64,23.7,23.23,23.43,23.23,12408,2.91,182,8709.0,70.19
SBISILVER, 03-Aug-2026,212.0,213.39,211.09,211.66,211.64,613860,1302.07,6679,323921.0,52.77
SBISMLETF, 03-Aug-2026,18.2,18.35,17.88,18.17,17.88,29714,5.4,226,23818.0,80.16
SBIVALETF, 03-Aug-2026,15.04,15.16,15.04,15.11,14.97,5548,0.84,42,4704.0,84.79
SCHAEFFLER, 03-Aug-2026,4079.2,4138.4,3978.5,4069.2,4079.2,35057,1436.78,6461,19580.0,55.85
SCHAND, 03-Aug-2026,146.0,146.61,143.04,144.7,142.74,24392,35.35,991,14853.0,60.89
SCHNEIDER, 03-Aug-2026,1370.0,1378.5,1339.5,1346.1,1355.3,198032,2686.58,17894,97623.0,49.3
SCI, 03-Aug-2026,294.0,295.75,290.7,292.65,291.45,1989074,5830.92,25131,980016.0,49.27
SCILAL, 03-Aug-2026,41.21,42.5,41.21,41.89,41.19,203515,85.34,1154,118601.0,58.28
SCML, 03-Aug-2026,80.0,83.95,79.0,81.95,81.05,63000,51.38,30,8000.0,12.7
SCODATUBES, 03-Aug-2026,147.0,151.97,146.22,150.82,146.4,166875,250.53,2092,96920.0,58.08
SCPL, 03-Aug-2026,619.0,648.0,619.0,638.6,615.0,137704,874.53,5539,55939.0,40.62
SDBL, 03-Aug-2026,72.15,72.69,71.01,71.41,71.91,382704,275.33,3911,189266.0,49.45
SDREAMS, 03-Aug-2026,88.0,88.0,88.0,88.0,88.0,1000,0.88,1,1000.0,100.0
SEAMECLTD, 03-Aug-2026,1498.0,1520.0,1430.0,1457.2,1462.3,81786,1195.94,5940,45922.0,56.15
SECL, 03-Aug-2026,2.75,2.75,2.75,2.75,2.85,12500,0.34,2,12500.0,100.0
SECMARK, 03-Aug-2026,127.63,127.7,122.0,124.46,127.0,1074,1.32,30,816.0,75.98
SECURKLOUD, 03-Aug-2026,18.0,18.0,17.52,17.83,18.07,14675,2.61,110,9978.0,67.99
SEDEMAC, 03-Aug-2026,2749.3,2900.0,2697.8,2752.1,2684.4,353233,9920.21,38374,155616.0,44.05
SEIL, 03-Aug-2026,207.62,209.78,204.5,205.0,205.09,480068,991.32,5619,391486.0,81.55
SEL, 03-Aug-2026,247.0,247.5,234.9,247.5,226.35,4400,10.7,9,4200.0,95.45
SELECTIPO, 03-Aug-2026,47.85,47.85,47.22,47.57,46.91,75449,35.87,176,57578.0,76.31
SELMC, 03-Aug-2026,28.1,28.3,27.42,27.47,27.7,8110,2.24,99,7929.0,97.77
SENCO, 03-Aug-2026,408.9,408.9,366.5,388.1,403.2,1410396,5551.5,31088,606204.0,42.98
SENORES, 03-Aug-2026,1326.6,1364.4,1312.1,1355.3,1305.7,198818,2684.59,15825,93928.0,47.24
SENSEXADD, 03-Aug-2026,78.35,81.32,78.35,81.11,80.36,1702,1.38,38,1392.0,81.79
SENSEXAXIS, 03-Aug-2026,82.69,82.7,80.01,81.0,81.07,3300,2.69,129,2425.0,73.48
SENSEXBETA, 03-Aug-2026,866.0,876.0,860.05,864.44,863.29,1579,13.75,298,1264.0,80.05
SENSEXETF, 03-Aug-2026,80.8,81.69,80.8,81.25,80.45,48270,39.18,301,45589.0,94.45
SENSEXIETF, 03-Aug-2026,901.1,905.9,884.41,898.76,896.51,27386,246.86,722,20272.0,74.02
SEPC, 03-Aug-2026,6.0,6.04,5.96,6.02,5.92,6046035,363.48,3544,3612924.0,59.76
SERVICE, 03-Aug-2026,62.0,62.15,61.0,61.0,62.05,18000,11.07,8,10000.0,55.56
SERVOTECH, 03-Aug-2026,87.1,87.96,84.81,85.75,85.88,853663,733.18,7665,422939.0,49.54
SESHAPAPER, 03-Aug-2026,243.0,245.0,234.2,237.87,243.11,126507,300.95,2808,67402.0,53.28
SETF10GILT, 03-Aug-2026,264.42,265.82,263.27,263.97,264.42,6833,18.09,76,4200.0,61.47
SETFGOLD, 03-Aug-2026,123.86,123.86,120.59,121.03,120.84,7727223,9349.94,18633,5737784.0,74.25
SETFNIF50, 03-Aug-2026,263.7,265.0,263.4,264.58,262.43,1715511,4532.89,7536,1466738.0,85.5
SETFNIFBK, 03-Aug-2026,588.4,595.3,588.4,594.08,588.0,282537,1680.13,1770,262100.0,92.77
SETFNN50, 03-Aug-2026,793.0,798.0,793.0,795.3,789.27,28634,227.84,2138,18722.0,65.38
SETL, 03-Aug-2026,276.95,282.7,275.3,278.55,275.1,223337,623.58,8653,126081.0,56.45
SFL, 03-Aug-2026,784.05,797.0,784.05,790.75,783.8,92503,731.01,6213,60823.0,65.75
SFML, 03-Aug-2026,22.2,24.5,22.0,22.8,23.05,48000,10.93,20,36800.0,76.67
SGBAPR28I, 03-Aug-2026,14387.0,14387.0,14208.18,14225.78,14236.65,427,60.89,62,341.0,79.86
SGBAUG27, 03-Aug-2026,14300.0,14300.0,14250.0,14295.0,14301.0,13,1.86,7,13.0,100.0
SGBAUG28V, 03-Aug-2026,14269.99,14270.0,14201.0,14210.63,14256.57,714,101.61,103,456.0,63.87
SGBAUG29V, 03-Aug-2026,14250.0,14388.99,14215.01,14235.16,14251.17,213,30.37,39,175.0,82.16
SGBAUG30, 03-Aug-2026,14369.16,14499.99,14311.0,14373.28,14297.67,182,26.17,41,139.0,76.37
SGBD29VIII, 03-Aug-2026,14300.0,14360.0,14175.01,14210.0,14312.37,69,9.82,31,57.0,82.61
SGBDC27VII, 03-Aug-2026,14142.97,14142.97,14142.97,14142.97,14142.97,1,0.14,1,1.0,100.0
SGBDE30III, 03-Aug-2026,14305.01,14448.99,14305.01,14350.0,14282.03,102,14.65,45,87.0,85.29
SGBDE31III, 03-Aug-2026,14514.0,14699.0,14450.0,14535.26,14514.87,1220,177.18,255,769.0,63.03
SGBFEB28IX, 03-Aug-2026,14032.0,14032.0,14032.0,14032.0,14200.0,3,0.42,1,3.0,100.0
SGBFEB29XI, 03-Aug-2026,14205.0,14249.0,14202.52,14209.15,14202.52,34,4.84,16,24.0,70.59
SGBFEB32IV, 03-Aug-2026,14674.84,14899.0,14501.0,14640.14,14601.83,1201,175.83,271,860.0,71.61
SGBJAN27, 03-Aug-2026,14010.01,14220.0,14010.01,14220.0,14100.0,18,2.55,6,14.0,77.78
SGBJAN29IX, 03-Aug-2026,14094.0,14248.99,14061.0,14175.08,14148.0,88,12.47,25,62.0,70.45
SGBJAN29X, 03-Aug-2026,14285.94,14285.94,14132.0,14178.18,14144.5,45,6.38,19,39.0,86.67
SGBJAN30IX, 03-Aug-2026,14105.01,14321.98,14105.01,14290.0,14199.0,332,47.19,59,183.0,55.12
SGBJU29III, 03-Aug-2026,14200.0,14205.42,14135.01,14200.0,14118.07,81,11.49,23,64.0,79.01
SGBJUL27, 03-Aug-2026,14100.0,14100.0,14100.0,14100.0,14099.0,7,0.99,3,7.0,100.0
SGBJUL28IV, 03-Aug-2026,14125.0,14176.0,14115.0,14159.99,14113.63,153,21.65,53,147.0,96.08
SGBJUL29IV, 03-Aug-2026,14110.01,14298.0,14108.0,14247.38,14108.04,389,55.23,63,262.0,67.35
SGBJUN28, 03-Aug-2026,13852.0,14197.99,13852.0,14159.91,14093.0,296,41.85,45,201.0,67.91
SGBJUN29II, 03-Aug-2026,14121.0,14200.0,14121.0,14190.2,14119.6,162,22.92,33,123.0,75.93
SGBJUN30, 03-Aug-2026,14250.0,14370.98,14220.0,14234.96,14204.5,250,35.66,69,184.0,73.6
SGBJUN31I, 03-Aug-2026,14492.46,14697.86,14435.0,14437.67,14492.46,475,68.86,164,273.0,57.47
SGBMAR28X, 03-Aug-2026,13796.25,14170.0,13796.25,14170.0,14150.0,10,1.41,6,8.0,80.0
SGBMAR30X, 03-Aug-2026,14126.0,14398.8,14126.0,14257.83,14219.05,125,17.81,43,89.0,71.2
SGBMAR31IV, 03-Aug-2026,14450.0,14589.98,14435.0,14452.36,14450.0,245,35.41,85,167.0,68.16
SGBMAY28, 03-Aug-2026,14190.0,14190.0,14143.5,14149.89,14109.37,101,14.32,30,88.0,87.13
SGBMAY29I, 03-Aug-2026,14160.0,14320.98,14160.0,14183.79,14151.29,308,43.69,75,216.0,70.13
SGBMR29XII, 03-Aug-2026,14183.6,14249.97,14183.6,14208.12,14183.6,100,14.2,29,91.0,91.0
SGBN28VIII, 03-Aug-2026,14131.0,14250.0,14131.0,14158.1,14125.37,272,38.7,40,226.0,83.09
SGBNOV26, 03-Aug-2026,14005.01,14200.0,14005.01,14200.0,14250.0,15,2.13,4,14.0,93.33
SGBNV29VII, 03-Aug-2026,14051.0,14250.0,14051.0,14159.18,14154.58,87,12.33,37,60.0,68.97
SGBOC28VII, 03-Aug-2026,14200.0,14240.0,14180.01,14180.01,14130.0,111,15.76,20,100.0,90.09
SGBSEP27, 03-Aug-2026,14150.0,14200.0,14150.0,14200.0,14120.0,21,2.97,2,21.0,100.0
SGBSEP28VI, 03-Aug-2026,14160.59,14250.0,14160.59,14206.83,14160.59,102,14.49,21,92.0,90.2
SGBSEP29VI, 03-Aug-2026,14191.64,14299.99,14150.0,14208.3,14191.64,201,28.59,49,154.0,76.62
SGBSEP31II, 03-Aug-2026,14500.0,14539.99,14325.0,14469.69,14455.04,773,111.83,125,527.0,68.18
SGFIN, 03-Aug-2026,686.0,713.85,680.7,702.6,682.25,367008,2574.24,11792,169330.0,46.14
SGIL, 03-Aug-2026,615.0,625.3,590.0,592.2,602.5,8367,50.09,373,5887.0,70.36
SGL, 03-Aug-2026,10.02,10.12,9.7,9.88,9.82,1960,0.19,39,1288.0,65.71
SGMART, 03-Aug-2026,705.0,707.0,685.1,699.25,697.35,229145,1609.58,11456,116606.0,50.89
SHADOWFAX, 03-Aug-2026,253.09,261.5,237.15,240.78,242.9,29699377,72908.27,261719,9679122.0,32.59
SHAH, 03-Aug-2026,3.96,4.08,3.92,4.01,3.84,1845572,73.75,1857,1261070.0,68.33
SHAHALLOYS, 03-Aug-2026,68.0,68.0,66.1,67.44,66.5,696,0.47,26,524.0,75.29
SHAILY, 03-Aug-2026,3065.0,3096.6,3034.8,3056.0,3061.4,104738,3215.94,13072,54366.0,51.91
SHAKTIPUMP, 03-Aug-2026,525.5,526.95,517.05,518.8,520.4,540773,2823.75,19131,266683.0,49.32
SHALBY, 03-Aug-2026,161.9,166.04,161.9,163.84,161.3,55574,91.36,1387,34007.0,61.19
SHALPAINTS, 03-Aug-2026,67.68,80.01,67.68,80.01,66.68,4518150,3474.37,21119,1530682.0,33.88
SHANKARA, 03-Aug-2026,143.3,144.9,141.1,141.92,141.87,608991,865.09,1411,541181.0,88.87
SHANTI, 03-Aug-2026,6.87,7.5,6.67,6.9,6.67,35474,2.48,116,28267.0,79.68
SHANTIGEAR, 03-Aug-2026,414.8,421.05,413.0,415.0,412.3,13852,57.85,739,8052.0,58.13
SHANTIGOLD, 03-Aug-2026,225.0,225.0,218.8,219.61,217.41,632489,1401.07,7559,374695.0,59.24
SHARDACROP, 03-Aug-2026,825.0,849.0,817.1,826.15,819.75,354204,2957.36,16208,184447.0,52.07
SHARDAMOTR, 03-Aug-2026,871.3,916.0,871.3,912.3,871.3,93432,842.7,7902,47969.0,51.34
SHAREINDIA, 03-Aug-2026,178.7,182.07,177.07,180.74,178.48,406589,729.53,4564,131604.0,32.37
SHARIABEES, 03-Aug-2026,475.25,478.28,470.0,474.65,470.54,10908,51.73,935,7122.0,65.29
SHBAJRG, 03-Aug-2026,177.2,190.0,177.0,187.98,181.2,8565,15.91,207,8021.0,93.65
SHEEL, 03-Aug-2026,68.5,68.5,68.5,68.5,68.0,4000,2.74,2,4000.0,100.0
SHEETAL, 03-Aug-2026,295.5,295.9,295.5,295.9,294.75,1000,2.96,2,500.0,50.0
SHEKHAWATI, 03-Aug-2026,12.56,13.8,12.51,13.59,12.56,40983,5.49,214,37191.0,90.75
SHERA, 03-Aug-2026,165.0,167.5,163.5,167.5,165.0,13000,21.55,11,13000.0,100.0
SHETHJI, 03-Aug-2026,151.4,152.05,151.25,152.05,151.15,12000,18.19,11,12000.0,100.0
SHIGAN, 03-Aug-2026,62.05,63.95,61.0,62.6,65.5,13500,8.45,8,9000.0,66.67
SHILCTECH, 03-Aug-2026,4582.0,4735.0,4582.0,4682.5,4580.5,25924,1209.69,6884,14355.0,55.37
SHILPAMED, 03-Aug-2026,616.1,629.75,614.1,623.55,611.25,477775,2970.85,16867,243753.0,51.02
SHINDL, 03-Aug-2026,162.95,162.95,159.0,160.36,162.02,101756,163.61,782,8024.0,7.89
SHIVASHRIT, 03-Aug-2026,129.0,131.8,123.0,126.55,130.3,25000,31.95,25,16000.0,64.0
SHIVATEX, 03-Aug-2026,165.0,166.66,163.02,163.57,164.24,676,1.11,22,457.0,67.6
SHIVAUM, 03-Aug-2026,440.1,449.4,426.0,428.05,440.95,5702,24.8,116,4154.0,72.85
SHK, 03-Aug-2026,166.4,167.99,165.03,166.54,164.59,429687,714.78,5538,208602.0,48.55
SHOPERSTOP, 03-Aug-2026,388.6,411.95,380.0,403.35,389.6,85036,340.03,5343,42684.0,50.2
SHRADHA, 03-Aug-2026,34.19,35.25,32.7,33.86,33.86,34507,11.63,292,16565.0,48.0
SHREDIGCEM, 03-Aug-2026,71.7,74.49,71.7,73.93,72.31,49567,36.24,932,27877.0,56.24
SHREECEM, 03-Aug-2026,26150.0,27000.0,26110.0,27000.0,26055.0,33488,8949.51,14811,11779.0,35.17
SHREEDHAR, 03-Aug-2026,91.8,106.0,90.0,101.4,91.9,116000,112.95,45,96000.0,82.76
SHREEJISPG, 03-Aug-2026,648.95,673.0,648.95,666.55,645.35,525755,3473.49,9206,214688.0,40.83
SHREEKARNI, 03-Aug-2026,407.0,407.0,407.0,407.0,410.9,300,1.22,2,300.0,100.0
SHREEOSFM, 03-Aug-2026,56.25,57.85,55.5,56.0,57.0,8000,4.52,8,5000.0,62.5
SHREEPUSHK, 03-Aug-2026,396.75,408.0,396.0,405.85,396.75,33426,134.77,1746,17454.0,52.22
SHREERAMA, 03-Aug-2026,39.39,40.78,39.29,40.36,39.17,47303,19.0,454,34203.0,72.31
SHREMINVIT, 03-Aug-2026,101.0,104.9,101.0,104.9,101.0,75000,77.7,3,75000.0,100.0
SHREYANIND, 03-Aug-2026,139.32,144.78,137.11,141.88,139.32,5323,7.49,228,3092.0,58.09
SHRIAHIMSA, 03-Aug-2026,384.0,385.0,364.75,385.0,383.9,20400,75.72,31,17400.0,85.29
SHRIKANHA, 03-Aug-2026,22.0,22.8,22.0,22.8,22.0,3200,0.72,2,3200.0,100.0
SHRIKRISH, 03-Aug-2026,40.05,43.01,40.05,40.06,40.0,1199,0.49,28,1092.0,91.08
SHRINGARMS, 03-Aug-2026,225.01,232.4,225.01,229.85,222.84,786356,1802.68,5765,229743.0,29.22
SHRIPISTON, 03-Aug-2026,4441.0,4547.0,4430.4,4524.4,4395.2,66253,2989.4,9136,40428.0,61.02
SHRIRAMFIN, 03-Aug-2026,1058.0,1095.0,1051.6,1090.2,1046.7,7047761,76142.13,126499,3393519.0,48.15
SHRIRAMPPS, 03-Aug-2026,84.72,86.0,84.48,85.65,84.03,174452,149.1,1957,103486.0,59.32
SHUBHLAXMI, 03-Aug-2026,18.95,18.95,18.95,18.95,18.3,1000,0.19,1,1000.0,100.0
SHUBHSHREE, 03-Aug-2026,310.0,333.5,310.0,331.0,345.0,3900,12.76,9,3300.0,84.62
SHYAMDHANI, 03-Aug-2026,55.0,55.0,54.0,54.0,53.5,22000,11.94,10,22000.0,100.0
SHYAMMETL, 03-Aug-2026,1041.8,1044.8,1017.5,1025.1,1031.3,477723,4912.12,13036,97167.0,20.34
SICAGEN, 03-Aug-2026,49.71,50.48,48.5,49.97,49.71,6976,3.48,58,4726.0,67.75
SIDDHICOTS, 03-Aug-2026,27.1,27.55,27.1,27.55,28.45,2400,0.66,2,2400.0,100.0
SIDDHIKA, 03-Aug-2026,205.1,205.1,205.1,205.1,211.0,500,1.03,1,500.0,100.0
SIEMENS, 03-Aug-2026,3741.7,3905.0,3694.2,3900.0,3760.0,609663,23572.17,40750,253730.0,41.62
SIGIND, 03-Aug-2026,53.41,58.5,51.1,55.93,52.31,98549,53.87,803,81979.0,83.19
SIGMA, 03-Aug-2026,53.0,53.98,49.75,50.24,54.98,1362441,699.16,7068,674204.0,49.49
SIGNATURE, 03-Aug-2026,824.8,838.0,822.15,833.65,820.45,243726,2022.38,7001,48550.0,19.92
SIGNORIA, 03-Aug-2026,147.5,148.0,147.5,148.0,141.75,4000,5.92,3,4000.0,100.0
SIGNPOST, 03-Aug-2026,283.6,288.05,275.35,280.0,283.55,146187,412.61,4164,76695.0,52.46
SIKA, 03-Aug-2026,1101.7,1141.6,1100.0,1124.1,1115.7,21437,241.56,2263,12328.0,57.51
SIKKO, 03-Aug-2026,5.41,5.45,5.33,5.37,5.3,701908,37.8,909,569041.0,81.07
SIL, 03-Aug-2026,16.89,17.08,16.33,16.95,16.77,22031,3.71,409,18708.0,84.92
SILGO, 03-Aug-2026,69.94,70.69,68.67,69.79,69.94,214160,150.1,1234,101552.0,47.42
SILINV, 03-Aug-2026,419.0,430.0,419.0,427.6,418.05,1022,4.33,73,814.0,79.65
SILKFLEX, 03-Aug-2026,205.0,210.0,201.0,201.1,211.0,32000,64.87,32,30000.0,93.75
SILKY, 03-Aug-2026,70.05,78.95,70.0,78.95,74.3,4000,2.94,5,3200.0,80.0
SILLYMONKS, 03-Aug-2026,16.16,16.16,14.91,15.13,15.62,34567,5.28,154,22046.0,63.78
SILVER, 03-Aug-2026,217.99,217.99,215.1,215.54,215.6,618961,1336.63,7627,176561.0,28.53
SILVER1, 03-Aug-2026,20.97,21.14,20.91,20.95,20.96,4005765,840.48,4992,2108105.0,52.63
SILVER360, 03-Aug-2026,212.59,213.94,211.94,212.3,212.26,6761,14.38,250,3822.0,56.53
SILVERADD, 03-Aug-2026,207.93,209.8,207.43,207.86,208.08,131285,273.47,2259,43470.0,33.11
SILVERAG, 03-Aug-2026,210.38,211.99,209.77,210.34,210.31,124705,262.8,2370,36132.0,28.97
SILVERAXIS, 03-Aug-2026,215.41,216.55,214.2,214.72,214.71,166495,358.0,2349,73603.0,44.21
SILVERBEES, 03-Aug-2026,206.55,208.2,206.0,206.45,206.51,18831765,38992.55,76885,7795577.0,41.4
SILVERBETA, 03-Aug-2026,208.71,210.3,208.05,208.42,208.68,202123,422.15,3183,72943.0,36.09
SILVERBND, 03-Aug-2026,217.87,218.47,212.01,216.89,216.79,3341,7.25,118,1834.0,54.89
SILVERCASE, 03-Aug-2026,22.32,22.4,21.83,21.86,21.88,5815085,1274.72,10322,2206873.0,37.95
SILVERIETF, 03-Aug-2026,217.19,217.3,214.92,215.46,215.72,2136953,4613.89,22532,1193381.0,55.84
SILVERTUC, 03-Aug-2026,202.0,207.7,192.25,197.38,201.79,699145,1400.52,9578,303311.0,43.38
SIMCA, 03-Aug-2026,219.2,221.0,219.0,219.0,217.6,10200,22.41,15,7800.0,76.47
SIMPLEXINF, 03-Aug-2026,235.75,239.89,234.0,235.64,236.35,57252,135.38,1102,41260.0,72.07
SINCLAIR, 03-Aug-2026,71.61,75.45,71.61,74.69,72.86,29359,21.82,422,20706.0,70.53
SINDHUTRAD, 03-Aug-2026,24.96,24.96,24.42,24.5,24.41,137842,33.89,519,92224.0,66.91
SINGERIND, 03-Aug-2026,65.98,66.43,64.55,64.9,64.78,18711,12.21,227,14406.0,76.99
SINTERCOM, 03-Aug-2026,83.0,87.0,83.0,86.99,83.69,15200,12.89,71,14989.0,98.61
SIRCA, 03-Aug-2026,425.0,436.0,422.45,430.7,420.45,458544,1974.0,5890,208052.0,45.37
SIS, 03-Aug-2026,424.5,429.75,422.55,425.1,422.4,66651,283.94,4618,40068.0,60.12
SIYSIL, 03-Aug-2026,611.35,634.0,605.75,629.3,602.3,128794,803.56,6748,82517.0,64.07
SJLOGISTIC, 03-Aug-2026,309.0,325.0,292.5,322.3,302.75,76250,234.88,223,49250.0,64.59
SJS, 03-Aug-2026,2430.2,2498.9,2410.0,2483.4,2391.7,155365,3833.34,16076,89174.0,57.4
SJVN, 03-Aug-2026,69.2,70.43,69.01,69.42,68.62,2713188,1890.74,19539,1438177.0,53.01
SKFINDIA, 03-Aug-2026,1489.6,1513.8,1482.2,1506.5,1479.6,49615,747.51,4236,36962.0,74.5
SKFINDUS, 03-Aug-2026,2780.0,2788.2,2679.9,2697.7,2739.9,24922,680.77,6854,14353.0,57.59
SKIPPER, 03-Aug-2026,533.9,555.0,531.6,549.15,527.75,755981,4120.6,18497,418031.0,55.3
SKMEGGPROD, 03-Aug-2026,249.85,249.85,241.0,242.33,249.85,636187,1554.87,10459,298156.0,46.87
SKP, 03-Aug-2026,159.7,160.0,157.55,158.0,159.7,3000,4.76,6,2500.0,83.33
SKYGOLD, 03-Aug-2026,649.0,700.0,649.0,691.85,643.7,1001359,6791.77,29068,418644.0,41.81
SLONE, 03-Aug-2026,132.65,142.7,132.65,142.7,139.55,800,1.1,2,800.0,100.0
SMALL250, 03-Aug-2026,18.04,18.5,18.02,18.28,17.97,678931,123.78,1296,561625.0,82.72
SMALLADD, 03-Aug-2026,18.09,18.31,18.09,18.27,18.06,30591,5.58,169,25694.0,83.99
SMALLCAP, 03-Aug-2026,46.83,47.68,46.3,47.4,46.83,1681432,798.35,3990,1054296.0,62.7
SMALLGROWW, 03-Aug-2026,47.36,47.7,46.71,47.56,46.92,7049,3.35,117,6328.0,89.77
SMALLIETF, 03-Aug-2026,18.15,18.25,18.05,18.21,17.98,41113,7.48,140,25413.0,61.81
SMARTEN, 03-Aug-2026,56.0,56.8,53.0,54.55,54.95,16800,9.37,9,15600.0,92.86
SMARTWORKS, 03-Aug-2026,478.85,489.0,466.6,481.65,470.5,48510,231.42,3481,26285.0,54.18
SMCGLOBAL, 03-Aug-2026,81.9,81.9,79.4,79.94,80.83,606571,485.23,2388,496323.0,81.82
SML100CASE, 03-Aug-2026,11.0,11.4,11.0,11.15,11.0,4311067,479.82,1797,3426456.0,79.48
SMLMAH, 03-Aug-2026,5690.0,5756.0,5401.0,5464.0,5685.6,257127,14370.61,34305,87876.0,34.18
SMLT, 03-Aug-2026,68.0,70.0,68.0,69.0,67.11,4596,3.17,81,3622.0,78.81
SMSPHARMA, 03-Aug-2026,375.75,376.6,361.2,363.55,373.9,299209,1096.91,7068,172137.0,57.53
SNEHAA, 03-Aug-2026,47.05,47.25,46.25,47.25,46.65,18000,8.45,13,11000.0,61.11
SNOWMAN, 03-Aug-2026,38.89,39.0,38.3,38.5,38.3,102594,39.63,875,52756.0,51.42
SNXT30BEES, 03-Aug-2026,42.94,43.65,42.94,43.39,42.94,16508,7.17,182,13303.0,80.59
SNXT50BETA, 03-Aug-2026,93.51,96.95,93.51,95.84,95.25,4438,4.26,153,3237.0,72.94
SOBHA, 03-Aug-2026,1380.0,1387.9,1361.2,1372.3,1372.2,75517,1039.52,7406,36208.0,47.95
SOCL, 03-Aug-2026,27.5,27.5,27.0,27.25,26.5,9600,2.62,6,9600.0,100.0
SOLARA, 03-Aug-2026,522.85,523.65,513.0,515.85,513.55,111052,574.36,4004,64542.0,58.12
SOLARINDS, 03-Aug-2026,18400.0,18710.0,18358.0,18659.0,18391.0,53004,9821.29,15483,20350.0,38.39
SOLARWORLD, 03-Aug-2026,190.65,192.6,184.01,184.62,188.3,412946,768.18,8407,235795.0,57.1
SOLEX, 03-Aug-2026,911.0,949.5,911.0,946.8,910.8,22853,212.87,2459,14564.0,63.73
SOMANYCERA, 03-Aug-2026,490.0,514.0,488.1,509.0,488.85,123707,621.83,5383,78308.0,63.3
SOMATEX, 03-Aug-2026,99.5,99.76,95.0,95.64,98.82,19383,18.64,288,14888.0,76.81
SOMICONVEY, 03-Aug-2026,94.3,97.63,92.8,93.45,93.07,11239,10.5,333,9979.0,88.79
SONACOMS, 03-Aug-2026,775.0,785.0,768.05,785.0,769.4,2517947,19652.33,44810,1389368.0,55.18
SONAMAC, 03-Aug-2026,35.0,36.0,35.0,36.0,35.5,4000,1.41,4,4000.0,100.0
SONAMLTD, 03-Aug-2026,56.8,56.8,54.0,54.16,55.22,10228,5.59,417,4504.0,44.04
SONATSOFTW, 03-Aug-2026,324.0,348.45,319.0,345.85,322.45,6562997,22201.7,95127,2040245.0,31.09
SONUINFRA, 03-Aug-2026,40.0,42.5,38.7,41.95,40.7,34500,13.84,19,34500.0,100.0
SOTL, 03-Aug-2026,605.9,636.0,603.3,630.1,601.75,261606,1628.62,10564,104520.0,39.95
SOUTHBANK, 03-Aug-2026,47.0,47.87,46.93,47.07,46.7,8220206,3895.98,25215,3839174.0,46.7
SOUTHWEST, 03-Aug-2026,239.88,242.98,237.89,240.44,238.27,106951,257.2,3211,62272.0,58.22
SPAL, 03-Aug-2026,1008.0,1011.0,980.0,988.7,992.1,38788,386.29,3431,19677.0,50.73
SPANDANA, 03-Aug-2026,262.55,265.55,260.4,262.4,261.1,145722,383.59,3813,75140.0,51.56
SPARC, 03-Aug-2026,207.11,213.29,207.02,207.93,206.21,793057,1663.86,11158,349013.0,44.01
SPCENET, 03-Aug-2026,3.5,3.55,3.36,3.43,3.42,358350,12.29,607,223167.0,62.28
SPCL, 03-Aug-2026,65.7,66.3,65.7,66.2,65.7,4200,2.77,7,3000.0,71.43
SPCON, 03-Aug-2026,130.0,130.0,127.1,127.1,127.1,3600,4.62,3,3600.0,100.0
SPECIALITY, 03-Aug-2026,135.32,135.32,132.01,132.12,133.14,14057,18.74,295,10157.0,72.26
SPECTRUM, 03-Aug-2026,2395.9,2591.0,2357.0,2547.4,2363.0,97267,2450.04,12097,23009.0,23.66
SPECTSTM, 03-Aug-2026,62.5,67.8,62.5,65.5,67.75,10400,6.57,4,9600.0,92.31
SPENCERS, 03-Aug-2026,33.48,34.04,32.82,33.23,32.9,53604,17.92,1114,29891.0,55.76
SPIC, 03-Aug-2026,66.72,68.07,66.66,67.34,66.47,212929,143.58,2051,109220.0,51.29
SPLIL, 03-Aug-2026,29.52,30.98,29.52,30.0,30.1,2920,0.88,41,2320.0,79.45
SPLPETRO, 03-Aug-2026,718.3,724.7,713.0,715.9,713.15,71200,512.09,4563,32245.0,45.29
SPMLINFRA, 03-Aug-2026,192.23,198.39,192.23,196.13,191.75,151774,297.55,1965,97203.0,64.04
SPORTKING, 03-Aug-2026,225.99,241.51,220.1,229.63,201.26,12667361,29639.63,101871,2012430.0,15.89
SPPPOLY, 03-Aug-2026,12.25,12.25,12.25,12.25,12.0,4000,0.49,2,4000.0,100.0
SPUNWEB, 03-Aug-2026,100.0,100.0,100.0,100.0,99.25,1200,1.2,1,1200.0,100.0
SRD, 03-Aug-2026,37.95,40.0,37.2,39.21,37.44,79787,31.09,205,66380.0,83.2
SREEL, 03-Aug-2026,212.0,222.72,212.0,216.45,213.6,10312,22.37,494,6701.0,64.98
SRF, 03-Aug-2026,2630.0,2657.8,2625.0,2645.0,2622.5,150758,3986.19,17658,75285.0,49.94
SRGHFL, 03-Aug-2026,293.25,300.05,288.0,299.7,293.2,8457,25.19,166,7425.0,87.8
SRHHYPOLTD, 03-Aug-2026,484.0,502.5,484.0,494.1,484.4,5423,26.82,370,3364.0,62.03
SRIVASAVI, 03-Aug-2026,84.0,84.0,83.65,83.7,83.25,3000,2.51,3,3000.0,100.0
SRM, 03-Aug-2026,497.95,499.95,491.55,496.4,495.3,42013,209.08,1587,20047.0,47.72
SRTL, 03-Aug-2026,41.0,41.0,40.1,40.22,40.55,23191,9.36,284,18522.0,79.87
SSDL, 03-Aug-2026,52.55,54.37,52.55,54.06,52.84,9672,5.22,290,6698.0,69.25
SSEGL, 03-Aug-2026,321.1,340.0,321.1,337.0,319.1,46200,155.13,183,33200.0,71.86
SSFL, 03-Aug-2026,265.0,265.0,255.5,261.45,259.45,5000,13.07,10,4000.0,80.0
SSFLPP, 03-Aug-2026,141.8,141.8,139.6,140.1,140.4,1241,1.73,26,1241.0,100.0
SSWL, 03-Aug-2026,328.4,328.4,313.05,317.85,310.36,1702280,5449.58,24729,721795.0,42.4
STALLION, 03-Aug-2026,264.9,278.1,261.45,265.45,260.12,4439437,12076.16,46373,1181138.0,26.61
STANLEY, 03-Aug-2026,159.0,159.0,155.16,155.88,157.03,67560,105.67,2400,37807.0,55.96
STAR, 03-Aug-2026,1034.0,1043.3,1000.0,1028.5,1025.0,472242,4817.64,24875,199704.0,42.29
STARCEMENT, 03-Aug-2026,203.2,206.94,203.0,203.96,202.78,168528,345.78,2544,101280.0,60.1
STARHEALTH, 03-Aug-2026,598.65,600.85,586.5,592.6,601.0,586750,3476.4,32109,320999.0,54.71
STARPAPER, 03-Aug-2026,147.5,152.91,147.5,150.7,151.39,5828,8.76,161,4322.0,74.16
STARTECK, 03-Aug-2026,265.4,266.8,261.0,261.15,259.1,7320,19.16,77,31.0,0.42
STCINDIA, 03-Aug-2026,120.48,123.9,119.16,119.66,120.5,55568,67.39,852,37349.0,67.21
STEELCAS, 03-Aug-2026,330.0,330.05,317.7,325.9,309.95,195000,635.71,5251,94573.0,48.5
STEELCITY, 03-Aug-2026,76.39,76.8,75.0,76.4,75.25,8728,6.63,176,5143.0,58.93
STEELXIND, 03-Aug-2026,11.26,11.49,11.22,11.4,11.23,835801,94.83,1882,560288.0,67.04
STEL, 03-Aug-2026,580.0,580.0,562.35,565.75,574.85,1833,10.47,231,1108.0,60.45
STOVEKRAFT, 03-Aug-2026,788.0,795.95,726.3,754.6,778.4,198066,1524.23,10523,106715.0,53.88
STRIDERS, 03-Aug-2026,64.5,65.75,62.0,62.2,65.7,70400,44.16,23,52800.0,75.0
STUDDS, 03-Aug-2026,442.6,457.0,442.6,447.95,440.15,44287,198.74,2025,23644.0,53.39
STUDIOLSD, 03-Aug-2026,9.25,9.25,9.15,9.15,9.25,14000,1.29,6,14000.0,100.0
STYL, 03-Aug-2026,350.0,369.8,350.0,368.05,346.15,110667,400.9,4272,58114.0,52.51
STYLAMIND, 03-Aug-2026,3401.6,3470.0,3385.0,3453.0,3384.3,30618,1054.01,8178,13839.0,45.2
STYRENIX, 03-Aug-2026,2504.8,2557.6,2479.0,2487.3,2476.5,60685,1526.39,5522,35307.0,58.18
SUBAHOTELS, 03-Aug-2026,95.05,107.0,95.05,106.6,105.2,26400,27.51,22,18000.0,68.18
SUBROS, 03-Aug-2026,829.0,832.85,812.0,817.3,819.25,45959,379.07,3023,19699.0,42.86
SUDARCOLOR, 03-Aug-2026,365.0,375.0,358.85,369.3,361.15,9831,36.05,275,6781.0,68.98
SUDARSCHEM, 03-Aug-2026,1039.0,1096.0,1034.2,1068.3,1013.9,421749,4525.46,24733,176408.0,41.83
SUDEEPPHRM, 03-Aug-2026,893.5,913.95,862.35,867.6,881.05,516361,4565.07,23238,231700.0,44.87
SUKHJITS, 03-Aug-2026,168.5,172.5,163.11,164.66,164.6,28382,47.88,677,17268.0,60.84
SULA, 03-Aug-2026,172.24,172.25,164.05,165.32,170.71,512289,859.02,8224,283777.0,55.39
SUMEETINDS, 03-Aug-2026,21.18,21.18,21.18,21.18,22.29,48960,10.37,299,48960.0,100.0
SUMICHEM, 03-Aug-2026,512.5,517.7,503.15,515.85,510.3,263929,1351.03,9095,125193.0,47.43
SUMIT, 03-Aug-2026,58.97,58.97,53.25,55.06,52.23,42841,23.65,318,27881.0,65.08
SUMMITSEC, 03-Aug-2026,1520.0,1540.0,1510.0,1522.2,1504.3,5394,82.11,519,4448.0,82.46
SUNCLAY, 03-Aug-2026,1284.0,1284.0,1251.0,1253.0,1253.6,2582,32.56,378,1574.0,60.96
SUNDARAM, 03-Aug-2026,1.27,1.29,1.24,1.25,1.23,707839,8.99,330,534035.0,75.45
SUNDARMFIN, 03-Aug-2026,4641.6,4965.3,4629.8,4828.7,4665.6,309611,14774.21,41165,106452.0,34.38
SUNDRMFAST, 03-Aug-2026,980.0,998.0,978.0,993.25,977.45,151032,1494.82,7390,112020.0,74.17
SUNDROP, 03-Aug-2026,661.25,690.0,661.25,679.5,665.45,34878,233.72,1158,22063.0,63.26
SUNFLAG, 03-Aug-2026,370.05,379.3,363.1,366.85,365.3,422640,1560.38,8122,224303.0,53.07
SUNLITE, 03-Aug-2026,510.0,534.0,485.0,492.9,463.05,25200,125.74,73,19500.0,77.38
SUNPHARMA, 03-Aug-2026,1983.2,1988.0,1935.2,1963.5,1990.5,3972351,77665.8,339336,2629889.0,66.2
SUNTECH, 03-Aug-2026,32.1,32.2,32.0,32.05,33.0,19200,6.16,7,19200.0,100.0
SUNTECK, 03-Aug-2026,305.05,312.1,304.45,308.1,302.3,265799,817.52,8094,146282.0,55.03
SUNTV, 03-Aug-2026,507.0,516.95,499.1,503.8,508.65,283161,1435.37,18532,150549.0,53.17
SUPERHOUSE, 03-Aug-2026,155.7,164.9,151.9,158.57,160.12,2973,4.73,204,1176.0,39.56
SUPRAJIT, 03-Aug-2026,508.0,526.0,508.0,512.7,504.6,341765,1763.75,14942,164446.0,48.12
SUPREME, 03-Aug-2026,45.5,47.25,45.21,45.99,45.72,48344,22.46,503,18406.0,38.07
SUPREMEIND, 03-Aug-2026,3465.4,3539.1,3455.0,3530.0,3465.4,145252,5093.8,15657,61044.0,42.03
SUPREMEINF, 03-Aug-2026,83.63,85.6,81.25,84.17,83.63,48810,41.13,1172,10349.0,21.2
SUPREMEPWR, 03-Aug-2026,208.15,214.0,207.1,208.35,208.1,31000,65.42,55,22500.0,72.58
SUPRIYA, 03-Aug-2026,867.05,898.55,867.05,879.65,867.0,247600,2197.56,12936,132014.0,53.32
SURAJEST, 03-Aug-2026,196.0,202.69,196.0,201.68,195.95,36523,73.31,813,23409.0,64.09
SURAJLTD, 03-Aug-2026,220.0,224.0,218.0,220.91,219.42,1291,2.84,57,1157.0,89.62
SURAKSHA, 03-Aug-2026,253.0,259.5,251.15,252.1,252.15,27179,69.49,1626,16555.0,60.91
SURANASOL, 03-Aug-2026,26.4,26.4,26.05,26.27,26.04,32610,8.57,449,20263.0,62.14
SURANAT&P, 03-Aug-2026,18.3,18.47,17.66,17.89,17.95,54741,9.87,336,39589.0,72.32
SURANI, 03-Aug-2026,99.6,99.6,95.0,95.0,99.8,1000,0.97,5,600.0,60.0
SURYALA, 03-Aug-2026,409.9,420.0,400.45,410.9,405.95,907,3.71,60,770.0,84.9
SURYALAXMI, 03-Aug-2026,61.7,62.0,59.6,60.87,60.84,4183,2.54,66,2859.0,68.35
SURYAROSNI, 03-Aug-2026,241.5,243.89,236.11,237.32,239.4,432577,1030.49,6489,245888.0,56.84
SURYODAY, 03-Aug-2026,163.1,166.75,162.3,163.73,161.92,659356,1085.37,7440,218835.0,33.19
SUVEN, 03-Aug-2026,307.25,313.4,304.0,307.2,307.1,394700,1218.29,9059,163225.0,41.35
SUVIDHAA, 03-Aug-2026,2.64,2.64,2.53,2.54,2.55,139004,3.54,193,124846.0,89.81
SUYOG, 03-Aug-2026,875.0,883.1,858.2,865.7,866.25,15733,137.38,1092,8794.0,55.9
SUZLON, 03-Aug-2026,48.2,49.3,48.08,48.1,48.01,55317614,27008.32,108273,23739468.0,42.91
SWANCORP, 03-Aug-2026,308.05,312.3,308.05,310.2,307.8,751667,2330.15,14201,280925.0,37.37
SWARAJ, 03-Aug-2026,367.0,367.0,356.0,357.75,364.7,158500,572.13,234,41500.0,26.18
SWARAJENG, 03-Aug-2026,3628.7,3662.0,3613.0,3630.6,3628.7,6150,223.55,1354,3364.0,54.7
SWASTIK, 03-Aug-2026,20.05,20.05,20.05,20.05,19.7,2400,0.48,2,2400.0,100.0
SWELECTES, 03-Aug-2026,595.95,616.4,595.95,613.5,594.3,14607,88.95,1188,9318.0,63.79
SWIGGY, 03-Aug-2026,284.8,288.9,277.1,288.0,284.86,20781750,59015.14,103419,4804334.0,23.12
SWSOLAR, 03-Aug-2026,205.29,212.47,205.29,208.41,203.96,1303946,2726.96,15015,575805.0,44.16
SYMPHONY, 03-Aug-2026,689.65,695.0,681.0,682.75,688.2,129741,889.86,8796,88894.0,68.52
SYNCOMF, 03-Aug-2026,13.3,13.48,13.0,13.19,13.12,1054189,140.25,2853,584915.0,55.48
SYNGENE, 03-Aug-2026,386.5,403.7,384.0,402.2,385.9,1674593,6679.18,41204,857211.0,51.19
SYRMA, 03-Aug-2026,1380.0,1397.5,1351.6,1360.6,1366.8,1098353,15056.81,44937,472183.0,42.99
SYSTANGO, 03-Aug-2026,220.0,222.0,215.45,220.4,215.65,22000,48.6,50,20000.0,90.91
TAALTECH, 03-Aug-2026,3980.0,4049.9,3960.0,3984.0,3930.8,2608,104.21,462,1760.0,67.48
TAC, 03-Aug-2026,521.0,521.85,508.0,521.4,497.0,61400,317.68,234,39400.0,64.17
TAINWALCHM, 03-Aug-2026,195.01,217.8,195.01,206.82,197.14,20128,42.58,915,9090.0,45.16
TAJGVK, 03-Aug-2026,363.95,374.0,361.2,363.45,363.25,198799,731.92,7630,89127.0,44.83
TAKE, 03-Aug-2026,21.99,22.45,21.0,22.36,21.42,596965,131.7,1220,529330.0,88.67
TALBROAUTO, 03-Aug-2026,417.0,424.0,410.5,417.65,407.75,180850,756.18,6265,111494.0,61.65
TANKUP, 03-Aug-2026,1150.0,1150.0,1150.0,1150.0,1150.0,1250,14.38,5,1250.0,100.0
TANLA, 03-Aug-2026,591.9,618.55,591.0,614.15,586.55,1281918,7821.54,29258,478997.0,37.37
TARACHAND, 03-Aug-2026,55.55,59.25,55.02,58.84,55.12,217541,125.78,1846,145356.0,66.82
TARAPUR, 03-Aug-2026,16.71,17.4,15.77,15.77,16.6,109832,17.72,424,87072.0,79.28
TARC, 03-Aug-2026,136.7,137.93,135.4,135.7,137.25,431816,589.32,4991,219784.0,50.9
TARIL, 03-Aug-2026,299.05,302.5,295.0,295.5,296.5,989409,2945.86,17715,542072.0,54.79
TARMAT, 03-Aug-2026,49.33,50.47,48.56,50.13,49.33,8709,4.35,73,7007.0,80.46
TARSONS, 03-Aug-2026,317.9,323.45,316.0,317.4,314.6,107915,343.96,2712,62353.0,57.78
TASTYBITE, 03-Aug-2026,9236.5,9550.0,9231.0,9430.0,9236.5,3497,329.95,1224,1453.0,41.55
TATACAP, 03-Aug-2026,365.4,370.45,359.9,364.75,365.4,1730931,6363.86,34305,919980.0,53.15
TATACHEM, 03-Aug-2026,673.6,679.9,672.8,674.65,673.55,369029,2495.04,11066,194086.0,52.59
TATACOMM, 03-Aug-2026,1765.9,1793.8,1755.0,1780.1,1756.4,206782,3681.55,16237,139621.0,67.52
TATACONSUM, 03-Aug-2026,1085.0,1110.0,1083.1,1110.0,1083.1,1322017,14470.4,45529,908775.0,68.74
TATAELXSI, 03-Aug-2026,3704.6,3765.0,3678.0,3761.9,3672.9,322468,12061.81,27422,142262.0,44.12
TATAGOLD, 03-Aug-2026,13.78,13.88,13.7,13.78,13.78,38629129,5326.11,100543,16424880.0,42.52
TATAINVEST, 03-Aug-2026,685.55,687.0,673.2,676.65,679.45,133851,908.93,9071,63546.0,47.48
TATAPOWER, 03-Aug-2026,382.0,382.9,378.05,382.0,380.7,2051770,7824.64,39777,1012779.0,49.36
TATASTEEL, 03-Aug-2026,192.94,193.5,188.49,191.0,189.69,27563681,52478.81,196348,14497294.0,52.6
TATATECH, 03-Aug-2026,748.55,768.9,748.0,763.8,747.65,814680,6205.16,29830,351454.0,43.14
TATSILV, 03-Aug-2026,20.99,21.17,20.83,20.98,20.99,29146967,6132.79,64965,8919891.0,30.6
TATVA, 03-Aug-2026,1827.0,1838.1,1750.6,1771.0,1788.2,114209,2062.11,8980,42414.0,37.14
TAURIAN, 03-Aug-2026,386.0,405.0,386.0,399.55,384.0,30400,120.45,37,20000.0,65.79
TBI, 03-Aug-2026,63.0,65.5,63.0,63.95,62.25,12600,8.09,20,9000.0,71.43
TBOTEK, 03-Aug-2026,1542.9,1677.6,1540.4,1615.9,1531.2,1205579,19649.31,69102,250368.0,20.77
TBZ, 03-Aug-2026,277.5,292.0,275.0,287.7,276.34,1976511,5663.08,30087,498079.0,25.2
TCC, 03-Aug-2026,322.0,322.0,286.85,291.5,289.65,44750,134.16,1366,19921.0,44.52
TCI, 03-Aug-2026,930.1,944.95,909.25,914.6,930.5,71624,659.45,5853,46167.0,64.46
TCIEXP, 03-Aug-2026,541.65,567.0,540.4,557.25,541.65,52562,292.4,3118,20504.0,39.01
TCL, 03-Aug-2026,120.0,125.0,118.0,122.5,118.75,45600,55.2,31,39200.0,85.96
TCPLPACK, 03-Aug-2026,3165.0,3280.5,3165.0,3250.8,3153.4,4103,132.84,916,2114.0,51.52
TCS, 03-Aug-2026,2383.9,2473.7,2383.0,2473.7,2365.6,3036839,73777.69,130409,1495100.0,49.23
TDPOWERSYS, 03-Aug-2026,1145.0,1152.7,1106.1,1112.4,1131.0,711212,7997.13,37887,331538.0,46.62
TEAMGTY, 03-Aug-2026,228.7,229.0,217.11,223.48,215.32,210,0.47,41,118.0,56.19
TEAMLEASE, 03-Aug-2026,1238.9,1256.0,1235.0,1239.8,1234.9,73578,916.21,6966,54447.0,74.0
TEAMTECH, 03-Aug-2026,118.5,120.0,116.25,119.2,116.75,58000,68.27,21,58000.0,100.0
TECH, 03-Aug-2026,34.17,34.58,33.77,34.48,33.65,137169,46.97,367,89472.0,65.23
TECHD, 03-Aug-2026,618.95,618.95,603.0,611.9,611.05,4200,25.56,14,3300.0,78.57
TECHERA, 03-Aug-2026,153.4,154.9,150.0,154.6,150.75,52800,81.0,63,35200.0,66.67
TECHLABS, 03-Aug-2026,129.9,130.9,123.0,126.1,126.65,6625,8.41,42,5500.0,83.02
TECHM, 03-Aug-2026,1663.4,1670.0,1634.3,1649.0,1651.3,4154154,68356.06,69410,3115810.0,75.0
TECHNOE, 03-Aug-2026,998.0,1012.0,985.35,999.4,980.3,145672,1456.3,9608,78826.0,54.11
TECHNVISN, 03-Aug-2026,4344.3,4470.5,4302.6,4466.1,4470.2,261,11.57,101,151.0,57.85
TECILCHEM, 03-Aug-2026,9.6,10.2,9.6,10.05,9.68,2720,0.27,46,2648.0,97.35
TEGA, 03-Aug-2026,1485.5,1613.0,1485.5,1587.7,1485.5,631620,9885.69,45272,203549.0,32.23
TEJA, 03-Aug-2026,775.0,775.0,680.0,681.55,676.85,23400,161.2,38,7800.0,33.33
TEJASNET, 03-Aug-2026,517.95,527.35,516.15,519.6,513.0,835876,4361.18,17336,233993.0,27.99
TEMBO, 03-Aug-2026,563.05,574.2,554.8,560.4,553.25,282121,1597.54,8333,144690.0,51.29
TENNIND, 03-Aug-2026,543.0,553.9,540.65,544.6,537.95,1154720,6315.53,46338,810272.0,70.17
TERASOFT, 03-Aug-2026,384.75,395.4,370.25,389.1,376.6,8534,33.18,461,4659.0,54.59
TEXINFRA, 03-Aug-2026,114.5,115.05,113.13,113.93,113.99,94532,108.04,755,77506.0,81.99
TEXMOPIPES, 03-Aug-2026,43.09,43.85,42.76,42.99,42.88,18526,7.99,193,14567.0,78.63
TEXRAIL, 03-Aug-2026,112.49,114.1,112.26,112.91,111.39,1465480,1658.55,8709,706516.0,48.21
TFCILTD, 03-Aug-2026,103.1,107.25,103.1,105.62,101.87,13190800,13980.52,28817,5215176.0,39.54
TFL, 03-Aug-2026,11.36,11.7,11.03,11.14,11.12,7121,0.8,44,5253.0,73.77
TGBHOTELS, 03-Aug-2026,9.47,9.62,9.0,9.27,9.38,28089,2.6,119,20752.0,73.88
TGL, 03-Aug-2026,19.5,19.5,18.2,19.2,18.75,8600,1.63,25,7600.0,88.37
THAKDEV, 03-Aug-2026,136.01,148.0,135.0,140.47,141.18,230,0.32,19,198.0,86.09
THANGAMAYL, 03-Aug-2026,5175.0,5175.0,4965.5,4965.5,5226.5,358583,17988.58,27142,152185.0,42.44
THEINVEST, 03-Aug-2026,100.66,101.99,98.79,101.23,97.61,15629,15.75,213,12780.0,81.77
THEJO, 03-Aug-2026,2135.0,2189.5,2098.1,2169.1,2108.7,21034,452.83,2976,11471.0,54.54
THELEELA, 03-Aug-2026,505.0,517.95,498.0,501.8,494.6,2192952,11152.42,61550,1071189.0,48.85
THEMISMED, 03-Aug-2026,105.23,108.4,105.23,107.06,105.22,29219,31.37,858,15074.0,51.59
THERMAX, 03-Aug-2026,4302.5,4319.0,4070.8,4122.2,4306.0,707697,29304.43,81689,307620.0,43.47
THESL, 03-Aug-2026,20.9,20.9,20.9,20.9,19.95,9000,1.88,3,9000.0,100.0
THOMASCOOK, 03-Aug-2026,106.0,109.9,105.9,107.15,104.27,2230082,2413.01,14105,877391.0,39.34
THOMASCOTT, 03-Aug-2026,298.45,322.0,298.3,311.25,298.45,20575,62.99,771,13158.0,63.95
THYROCARE, 03-Aug-2026,583.0,608.0,582.5,592.55,579.0,642124,3834.47,22371,357883.0,55.73
TI, 03-Aug-2026,465.9,481.0,464.2,465.8,465.15,1070931,5061.86,23489,573206.0,53.52
TIIL, 03-Aug-2026,2580.0,2675.0,2580.0,2628.2,2580.5,9022,238.17,1810,4861.0,53.88
TIINDIA, 03-Aug-2026,2810.0,2813.0,2723.2,2766.0,2753.0,227956,6296.66,33079,106838.0,46.87
TIJARIA, 03-Aug-2026,5.34,5.49,4.91,4.98,5.03,185584,9.37,298,142543.0,76.81
TIL, 03-Aug-2026,255.05,267.85,248.55,259.9,252.38,1915163,4994.18,27956,524269.0,27.37
TIMETECHNO, 03-Aug-2026,211.0,213.4,203.92,210.15,208.56,3019188,6334.79,27878,806338.0,26.71
TIMEX, 03-Aug-2026,533.65,553.6,532.0,549.25,532.05,257413,1404.24,13422,129567.0,50.33
TIMKEN, 03-Aug-2026,3145.0,3241.2,3138.1,3216.1,3145.4,40209,1283.76,8798,23709.0,58.96
TINNARUBR, 03-Aug-2026,1130.0,1145.0,1084.0,1106.8,1114.4,111490,1238.35,9168,42671.0,38.27
TIPSFILMS, 03-Aug-2026,388.85,397.75,373.6,379.0,386.2,11805,45.49,695,6232.0,52.79
TIPSMUSIC, 03-Aug-2026,668.05,694.45,666.35,688.55,668.05,276541,1897.44,14755,106890.0,38.65
TIRUMALCHM, 03-Aug-2026,175.25,183.74,175.0,183.12,174.25,747837,1357.06,9944,486321.0,65.03
TITAGARH, 03-Aug-2026,825.4,869.9,825.4,859.05,825.2,929203,7947.67,35752,244406.0,26.3
TITAN, 03-Aug-2026,4875.2,5000.0,4851.8,5000.0,4875.2,505420,24752.65,48696,321717.0,63.65
TMB, 03-Aug-2026,864.9,879.4,855.45,861.55,851.7,226900,1969.15,17410,106206.0,46.81
TMCV, 03-Aug-2026,440.0,455.15,434.55,452.5,436.8,17112543,76934.26,249132,9302583.0,54.36
TMPV, 03-Aug-2026,344.5,350.45,343.5,349.3,339.75,12027810,41816.54,112136,5222768.0,43.42
TNIDETF, 03-Aug-2026,87.16,91.4,87.16,90.53,88.49,252979,227.16,1259,202627.0,80.1
TNPETRO, 03-Aug-2026,96.5,98.3,95.96,97.85,96.5,89849,87.54,1200,47671.0,53.06
TNPL, 03-Aug-2026,151.5,156.7,151.44,154.88,150.68,254861,395.25,3932,150269.0,58.96
TNTELE, 03-Aug-2026,9.08,9.24,9.0,9.11,9.08,6202,0.57,59,3236.0,52.18
TOLINS, 03-Aug-2026,104.07,104.3,102.82,103.82,102.21,74883,77.73,591,57725.0,77.09
TOP100CASE, 03-Aug-2026,10.83,10.83,10.68,10.79,10.68,719530,77.6,1939,527421.0,73.3
TOP10ADD, 03-Aug-2026,89.13,89.69,89.0,89.56,88.32,124240,111.21,927,86072.0,69.28
TOP15IETF, 03-Aug-2026,9.76,10.16,9.76,10.03,10.02,376593,38.13,433,349447.0,92.79
TOP20, 03-Aug-2026,9.1,9.18,9.07,9.14,9.03,138749,12.64,167,134878.0,97.21
TORNTPHARM, 03-Aug-2026,5250.0,5250.0,5007.5,5050.0,5122.8,841750,42731.55,74887,500847.0,59.5
TORNTPOWER, 03-Aug-2026,1422.0,1423.8,1387.2,1391.7,1413.3,337462,4717.64,22970,224101.0,66.41
TOTAL, 03-Aug-2026,49.28,53.33,49.0,52.05,49.28,8190,4.16,111,5859.0,71.54
TOUCHWOOD, 03-Aug-2026,67.44,67.44,66.06,66.45,66.24,155,0.1,16,103.0,66.45
TPHQ, 03-Aug-2026,0.42,0.44,0.42,0.42,0.42,1122867,4.8,325,689187.0,61.38
TPLPLASTEH, 03-Aug-2026,79.5,82.0,79.5,81.26,79.31,123751,99.88,1332,39439.0,31.87
TRACXN, 03-Aug-2026,30.03,30.84,30.03,30.44,30.35,68640,20.99,768,45415.0,66.16
TRANSPEK, 03-Aug-2026,1364.0,1447.9,1311.6,1414.5,1321.3,175728,2409.83,13964,23597.0,13.43
TRANSRAILL, 03-Aug-2026,502.95,507.65,493.8,500.25,502.95,302458,1521.71,12365,140228.0,46.36
TRANSTEEL, 03-Aug-2026,120.8,121.1,114.0,115.95,123.6,125000,145.52,52,109000.0,87.2
TRAVELFOOD, 03-Aug-2026,1293.0,1348.0,1292.7,1344.6,1302.9,37161,495.32,6374,22523.0,60.61
TREEHOUSE, 03-Aug-2026,6.48,6.48,6.29,6.36,6.36,8505,0.55,93,8063.0,94.8
TREJHARA, 03-Aug-2026,134.0,136.19,134.0,135.95,134.76,8426,11.43,310,7008.0,83.17
TREL, 03-Aug-2026,24.25,24.77,23.96,24.17,24.25,80905,19.68,335,56119.0,69.36
TRENT, 03-Aug-2026,3035.0,3050.0,3002.9,3050.0,3005.9,883208,26698.57,53186,478422.0,54.17
TRF, 03-Aug-2026,226.0,233.99,226.0,228.56,225.93,86597,198.88,2657,23349.0,26.96
TRIDENT, 03-Aug-2026,24.83,25.23,24.83,24.94,24.71,2924262,732.08,11462,1437680.0,49.16
TRIGYN, 03-Aug-2026,55.0,55.44,53.72,54.89,53.72,27576,15.01,643,15510.0,56.24
TRITURBINE, 03-Aug-2026,602.65,616.0,602.65,611.6,601.7,403135,2460.97,29478,196538.0,48.75
TROM, 03-Aug-2026,61.0,61.0,60.0,61.0,58.1,4200,2.54,7,4200.0,100.0
TRU, 03-Aug-2026,4.5,4.8,4.46,4.71,4.6,117710,5.5,236,86710.0,73.66
TRUALT, 03-Aug-2026,424.9,439.0,422.5,437.85,423.0,184496,796.9,5191,102726.0,55.68
TRUST, 03-Aug-2026,28.65,29.8,28.15,29.8,28.5,10200,2.97,17,7800.0,76.47
TSC, 03-Aug-2026,45.95,47.25,45.0,47.25,39.4,84000,39.15,28,70000.0,83.33
TSFINV, 03-Aug-2026,455.1,461.0,452.95,454.3,452.5,38493,175.72,2361,21248.0,55.2
TTKHLTCARE, 03-Aug-2026,1030.0,1094.0,1030.0,1049.2,1024.5,32751,347.27,5877,15841.0,48.37
TTKPRESTIG, 03-Aug-2026,648.0,653.75,636.2,644.3,641.6,82001,530.33,5078,32565.0,39.71
TTL, 03-Aug-2026,6.47,6.6,6.3,6.37,6.42,192564,12.34,327,144192.0,74.88
TTML, 03-Aug-2026,40.75,40.87,40.11,40.21,39.95,1280580,516.88,7046,586725.0,45.82
TUNWAL, 03-Aug-2026,26.15,26.15,25.95,26.0,26.05,20000,5.21,10,18000.0,90.0
TURTLEMINT, 03-Aug-2026,121.3,121.6,116.5,117.57,120.1,246639,293.95,4068,110658.0,44.87
TVSELECT, 03-Aug-2026,489.9,509.35,489.9,495.6,489.3,47235,235.86,2597,17642.0,37.35
TVSHLTD, 03-Aug-2026,14800.0,14950.0,14800.0,14836.0,14713.0,2983,443.03,1305,1893.0,63.46
TVSMOTOR, 03-Aug-2026,4336.5,4389.0,4281.9,4389.0,4313.1,1612965,69854.16,79715,906635.0,56.21
TVSSCS, 03-Aug-2026,136.5,139.18,136.11,136.9,135.11,296279,408.19,3881,163873.0,55.31
TVSSRICHAK, 03-Aug-2026,3910.0,4049.0,3900.0,3987.9,3931.1,5375,213.24,1182,3351.0,62.34
TVTODAY, 03-Aug-2026,113.69,118.2,113.69,115.76,113.69,46794,54.67,1019,25623.0,54.76
TVVISION, 03-Aug-2026,4.88,4.88,4.5,4.72,4.56,20790,0.97,78,13740.0,66.09
TWCGOLDETF, 03-Aug-2026,141.35,141.83,140.51,141.58,141.35,984,1.39,111,654.0,66.46
UBL, 03-Aug-2026,1437.0,1464.0,1430.0,1438.4,1418.8,154717,2234.54,9755,78440.0,50.7
UCAL, 03-Aug-2026,115.01,117.1,113.0,113.51,114.53,5323,6.1,129,4637.0,87.11
UCL, 03-Aug-2026,204.95,208.9,204.95,208.9,204.95,4000,8.28,2,4000.0,100.0
UCOBANK, 03-Aug-2026,26.4,26.58,26.28,26.31,26.17,3408343,900.42,10111,1576947.0,46.27
UDS, 03-Aug-2026,205.0,207.5,202.2,206.06,203.28,301334,620.06,7902,144350.0,47.9
UEL, 03-Aug-2026,172.5,184.47,163.15,184.47,153.73,211631,382.18,2481,55517.0,26.23
UFBL, 03-Aug-2026,708.95,708.95,677.0,700.45,701.65,101664,703.76,3309,53280.0,52.41
UFLEX, 03-Aug-2026,473.0,491.95,472.65,482.25,470.65,103064,498.36,4273,41141.0,39.92
UFO, 03-Aug-2026,65.0,69.39,65.0,68.86,65.15,76131,51.57,762,59117.0,77.65
UGARSUGAR, 03-Aug-2026,40.61,42.95,40.55,42.56,40.69,255780,108.14,2299,124649.0,48.73
UGROCAP, 03-Aug-2026,96.4,106.38,96.07,97.63,95.45,6281719,6313.33,45137,1301560.0,20.72
UHTL, 03-Aug-2026,110.0,113.9,109.0,109.0,108.8,30000,33.22,15,28000.0,93.33
UJJIVANSFB, 03-Aug-2026,72.89,73.1,71.0,71.14,71.75,13435710,9699.25,44012,7203524.0,53.61
ULTRACEMCO, 03-Aug-2026,11940.0,12054.0,11905.0,12054.0,11903.0,159579,19154.0,20922,82602.0,51.76
ULTRAMAR, 03-Aug-2026,394.9,394.9,382.35,385.2,387.25,27753,107.05,1946,24597.0,88.63
UMA, 03-Aug-2026,15.1,15.1,14.5,14.95,15.05,52000,7.71,9,40000.0,76.92
UMESLTD, 03-Aug-2026,5.51,5.64,5.4,5.51,5.46,9408,0.52,63,7279.0,77.37
UMIYA-MRO, 03-Aug-2026,89.1,89.9,87.15,88.15,88.81,12249,10.79,164,8955.0,73.11
UNICHEMLAB, 03-Aug-2026,514.0,518.65,502.25,505.25,513.4,65951,334.69,3765,28387.0,43.04
UNIECOM, 03-Aug-2026,85.02,86.76,85.02,86.21,84.71,261395,225.42,2262,166419.0,63.67
UNIENTER, 03-Aug-2026,94.92,98.19,94.92,97.08,94.92,4101,3.99,134,3248.0,79.2
UNIHEALTH, 03-Aug-2026,735.0,819.0,734.0,807.35,750.0,31000,239.13,53,22500.0,72.58
UNILEX, 03-Aug-2026,26.65,26.7,26.65,26.7,26.75,3200,0.85,2,3200.0,100.0
UNIMECH, 03-Aug-2026,1265.9,1304.9,1235.9,1259.8,1235.9,152774,1953.86,12315,68394.0,44.77
UNIONBANK, 03-Aug-2026,171.4,175.74,171.4,174.0,171.24,8353185,14559.04,42709,3600747.0,43.11
UNIONGOLD, 03-Aug-2026,139.05,139.9,138.8,138.8,138.55,2454,3.41,71,968.0,39.45
UNIPARTS, 03-Aug-2026,732.0,745.0,726.1,737.45,728.0,134584,991.41,7082,87103.0,64.72
UNITDSPR, 03-Aug-2026,1515.0,1530.0,1512.7,1530.0,1515.9,410981,6255.06,30170,240696.0,58.57
UNITECH, 03-Aug-2026,4.38,4.39,4.23,4.26,4.28,3574683,153.65,2720,1997603.0,55.88
UNITEDTEA, 03-Aug-2026,480.95,481.0,465.3,472.8,480.95,1194,5.65,104,878.0,73.53
UNIVCABLES, 03-Aug-2026,1368.9,1435.0,1362.1,1431.8,1358.4,252927,3554.84,14261,116886.0,46.21
UNOMINDA, 03-Aug-2026,1195.0,1219.6,1185.0,1210.0,1180.5,818368,9882.67,39246,337443.0,41.23
UPL, 03-Aug-2026,606.45,622.6,598.0,620.0,604.3,2234338,13820.16,34705,1067209.0,47.76
URBAN, 03-Aug-2026,139.9,142.5,137.05,138.8,135.8,80000,110.97,57,40800.0,51.0
URBANCO, 03-Aug-2026,136.33,152.21,136.3,146.19,129.39,92834272,136752.57,437214,16433084.0,17.7
URJA, 03-Aug-2026,9.18,10.37,9.15,10.06,9.09,5881622,584.73,11468,2738173.0,46.55
USASEEDS, 03-Aug-2026,81.6,85.7,81.6,85.7,85.85,1284,1.08,3,428.0,33.33
USHAFIN, 03-Aug-2026,37.45,38.0,36.15,37.0,36.0,36800,13.79,15,35200.0,95.65
USHAMART, 03-Aug-2026,503.0,513.0,500.0,504.05,495.95,557146,2832.87,16664,297569.0,53.41
USK, 03-Aug-2026,22.1,22.89,21.75,22.43,22.25,16660,3.73,148,11208.0,67.27
UTIAMC, 03-Aug-2026,911.55,917.85,904.5,915.75,903.1,290426,2643.68,11095,207622.0,71.49
UTKAL, 03-Aug-2026,38.05,38.05,38.05,38.05,40.05,52000,19.79,19,50000.0,96.15
UTKARSHBNK, 03-Aug-2026,15.0,15.14,14.3,14.56,14.62,14520349,2124.99,29183,6011579.0,41.4
UTLSOLAR, 03-Aug-2026,387.0,394.0,385.2,389.3,380.5,341058,1329.96,21055,174897.0,51.28
UTSSAV, 03-Aug-2026,529.0,530.0,510.0,516.15,518.0,21600,112.18,33,20400.0,94.44
UTTAMSUGAR, 03-Aug-2026,223.4,243.0,223.0,240.45,222.33,459755,1094.3,10757,124856.0,27.16
UYFINCORP, 03-Aug-2026,19.8,19.94,19.53,19.76,19.95,245080,48.44,1319,114594.0,46.76
V2RETAIL, 03-Aug-2026,218.5,223.36,216.0,218.64,219.33,976692,2140.94,16319,459911.0,47.09
VADILALIND, 03-Aug-2026,7214.5,7478.5,7211.0,7356.5,7214.5,24838,1831.02,7167,8707.0,35.06
VAIBHAVGBL, 03-Aug-2026,267.0,272.9,264.0,265.7,266.36,388078,1040.4,7594,194496.0,50.12
VAISHALI, 03-Aug-2026,7.7,7.7,7.35,7.64,7.35,114111,8.66,173,90122.0,78.98
VAKRANGEE, 03-Aug-2026,5.97,6.05,5.95,5.99,5.97,706924,42.46,1552,474356.0,67.1
VAL30IETF, 03-Aug-2026,15.2,15.66,15.2,15.52,15.42,295710,45.94,680,204617.0,69.2
VALUE, 03-Aug-2026,16.32,16.4,16.32,16.35,16.23,38463,6.29,110,23785.0,61.84
VALUE360, 03-Aug-2026,74.0,80.7,74.0,74.05,74.0,22800,17.14,19,13200.0,57.89
VALUEAXIS, 03-Aug-2026,33.06,33.37,32.76,33.18,33.06,59247,19.69,381,38774.0,65.44
VAML, 03-Aug-2026,457.0,461.9,451.1,459.95,454.2,8502145,38957.34,101247,5194525.0,61.1
VARDMNPOLY, 03-Aug-2026,6.09,6.16,6.06,6.12,5.97,169091,10.36,297,139456.0,82.47
VARROC, 03-Aug-2026,687.65,706.95,681.25,686.9,679.2,365591,2538.05,19886,156065.0,42.69
VASWANI, 03-Aug-2026,52.01,52.98,51.62,51.81,51.58,14751,7.69,182,11923.0,80.83
VBL, 03-Aug-2026,444.0,450.0,442.6,445.0,442.3,6028529,26916.38,56721,3644826.0,60.46
VCL, 03-Aug-2026,1.11,1.12,1.09,1.12,1.07,66491,0.74,72,66491.0,100.0
VDEAL, 03-Aug-2026,167.0,167.0,165.8,165.8,164.0,1200,2.0,2,1200.0,100.0
VEDL, 03-Aug-2026,267.9,268.8,264.5,267.25,264.25,6725800,17924.74,68130,3271982.0,48.65
VEDPOWER, 03-Aug-2026,34.9,35.64,34.45,35.2,34.52,18829447,6603.76,45201,8660056.0,45.99
VEEDOL, 03-Aug-2026,1406.9,1420.9,1403.0,1412.2,1399.5,9104,128.49,1051,5705.0,62.66
VEEKAYEM, 03-Aug-2026,126.0,126.0,119.7,126.0,126.0,6500,8.13,5,6500.0,100.0
VENKEYS, 03-Aug-2026,1508.6,1578.0,1508.6,1565.0,1499.4,81484,1260.59,5777,45691.0,56.07
VENTIVE, 03-Aug-2026,634.0,634.0,616.0,622.25,624.6,18953,118.26,1456,10894.0,57.48
VENUSPIPES, 03-Aug-2026,1700.0,1700.0,1540.1,1564.3,1666.1,321514,5063.7,25197,162659.0,50.59
VERANDA, 03-Aug-2026,261.0,265.5,248.0,254.45,259.09,1362459,3463.89,21665,502310.0,36.87
VERTIS, 03-Aug-2026,112.0,112.0,112.0,112.0,106.5,25000,28.0,1,25000.0,100.0
VESUVIUS, 03-Aug-2026,444.3,459.0,444.3,451.4,443.75,62578,283.91,3812,31025.0,49.58
VGINFOTECH, 03-Aug-2026,145.25,154.6,145.25,153.0,149.5,16000,24.3,16,10000.0,62.5
VGL, 03-Aug-2026,62.2,62.9,60.6,61.7,62.2,16310,10.12,591,5968.0,36.59
VGUARD, 03-Aug-2026,315.0,318.6,311.8,314.7,314.5,1522820,4796.23,39587,793737.0,52.12
VHL, 03-Aug-2026,3398.0,3550.3,3398.0,3425.2,3398.0,1443,50.25,267,1125.0,77.96
VICTORYEV, 03-Aug-2026,16.05,16.7,15.8,16.4,16.05,18000,2.92,6,18000.0,100.0
VIDHIING, 03-Aug-2026,335.0,349.9,330.55,340.9,329.1,97996,333.73,4898,51065.0,52.11
VIDYAWIRES, 03-Aug-2026,92.4,93.5,92.06,93.23,91.64,524651,487.41,4059,328272.0,62.57
VIESL, 03-Aug-2026,316.15,327.0,314.5,325.4,316.15,38400,124.23,48,30400.0,79.17
VIGOR, 03-Aug-2026,90.0,96.25,87.2,93.05,91.7,52800,47.78,29,43200.0,81.82
VIJAYA, 03-Aug-2026,1342.0,1369.7,1334.6,1354.0,1344.4,110427,1497.1,12077,67714.0,61.32
VIKASECO, 03-Aug-2026,1.09,1.14,1.09,1.11,1.09,2204741,24.63,1186,1305946.0,59.23
VIKASLIFE, 03-Aug-2026,1.28,1.31,1.28,1.28,1.28,2566730,33.15,7760,940367.0,36.64
VIKRAMSOLR, 03-Aug-2026,180.0,181.8,177.3,177.8,177.65,1360118,2442.16,15345,684649.0,50.34
VIKRAN, 03-Aug-2026,72.7,73.84,72.1,72.54,72.19,1164030,850.04,5361,490282.0,42.12
VILAS, 03-Aug-2026,348.95,363.95,348.95,358.35,348.95,8250,29.38,29,5750.0,69.7
VILINBIO, 03-Aug-2026,40.0,41.6,40.0,41.6,40.0,8000,3.26,2,8000.0,100.0
VIMTALABS, 03-Aug-2026,605.05,625.0,605.05,620.15,608.85,200457,1235.06,8068,104888.0,52.32
VINATIORGA, 03-Aug-2026,1304.9,1340.0,1304.9,1323.1,1304.6,46628,617.93,5102,26055.0,55.88
VINCOFE, 03-Aug-2026,151.89,156.0,151.05,152.39,149.48,2097019,3228.04,16602,833851.0,39.76
VINDHYATEL, 03-Aug-2026,2185.9,2383.0,2073.6,2383.0,1985.9,605417,13689.15,48758,156429.0,25.84
VINNY, 03-Aug-2026,1.05,1.07,1.05,1.05,1.05,192610,2.03,154,176828.0,91.81
VINSYS, 03-Aug-2026,555.0,568.0,550.0,550.0,549.8,6500,35.93,11,6250.0,96.15
VINYAS, 03-Aug-2026,1252.75,1260.5,1236.0,1245.6,1252.75,8100,101.1,52,6300.0,77.78
VINYLINDIA, 03-Aug-2026,241.8,247.0,241.8,246.25,241.8,12773,31.32,349,6118.0,47.9
VIPIND, 03-Aug-2026,301.95,315.3,299.1,310.4,298.95,431915,1333.89,9612,187633.0,43.44
VIRINCHI, 03-Aug-2026,15.64,15.64,15.12,15.32,15.2,69383,10.61,402,48722.0,70.22
VISAKAIND, 03-Aug-2026,86.75,88.66,86.0,86.99,85.34,535341,468.79,4165,319982.0,59.77
VISHNU, 03-Aug-2026,602.5,622.1,593.0,599.7,613.25,280125,1693.09,11539,152189.0,54.33
VISHNUINFR, 03-Aug-2026,159.2,160.0,157.5,159.85,158.45,6500,10.31,12,6000.0,92.31
VISHWARAJ, 03-Aug-2026,5.17,5.38,5.12,5.24,5.12,416008,21.74,653,254713.0,61.23
VISHWAS, 03-Aug-2026,46.2,46.2,42.25,42.25,44.0,22400,10.29,2,22400.0,100.0
VISL, 03-Aug-2026,32.8,33.89,31.88,33.89,32.28,46832885,15422.18,54002,18342175.0,39.17
VIVIDEL, 03-Aug-2026,1215.0,1275.0,1204.0,1231.8,1218.25,19920,245.97,61,18480.0,92.77
VIVIDHA, 03-Aug-2026,0.55,0.55,0.51,0.52,0.52,449682,2.4,221,237379.0,52.79
VIVO, 03-Aug-2026,93.95,93.95,93.95,93.95,89.5,4800,4.51,3,4800.0,100.0
VIYASH, 03-Aug-2026,256.05,266.15,252.8,263.7,252.0,2970032,7771.15,34630,1491009.0,50.2
VLINFRA, 03-Aug-2026,27.25,28.55,27.25,28.55,28.75,15000,4.18,8,10500.0,70.0
VLSFINANCE, 03-Aug-2026,255.05,256.8,253.6,254.65,254.6,15584,39.81,304,12465.0,79.99
VMARCIND, 03-Aug-2026,277.75,278.0,265.2,266.2,277.75,223500,601.93,147,148500.0,66.44
VMART, 03-Aug-2026,782.9,786.0,765.8,777.95,779.1,104165,808.74,7526,44908.0,43.11
VMM, 03-Aug-2026,107.65,111.39,107.11,111.2,107.1,12521867,13813.42,45565,6146463.0,49.09
VMOBILE, 03-Aug-2026,84.0,84.0,77.25,78.2,81.3,70400,55.91,67,60000.0,85.23
VOEPL, 03-Aug-2026,488.4,505.0,472.05,498.45,478.6,90890,447.01,3293,46397.0,51.05
VOGL, 03-Aug-2026,35.9,35.96,35.1,35.24,35.54,25163239,8932.6,47806,8391314.0,33.35
VOLERCAR, 03-Aug-2026,217.05,228.0,217.05,224.0,216.05,4800,10.62,6,1600.0,33.33
VOLTAMP, 03-Aug-2026,10215.0,10425.0,9886.0,10021.0,9923.0,132224,13488.21,31827,63209.0,47.8
VOLTAS, 03-Aug-2026,1328.9,1343.6,1315.0,1324.8,1328.9,259054,3448.31,16495,98045.0,37.85
VR, 03-Aug-2026,125.0,125.0,125.0,125.0,119.05,400,0.5,1,400.0,100.0
VRAJ, 03-Aug-2026,122.25,125.25,122.25,122.94,122.55,29729,36.63,713,22470.0,75.58
VRLLOG, 03-Aug-2026,265.65,273.3,260.75,272.1,265.65,842000,2255.8,12441,526079.0,62.48
VSCL, 03-Aug-2026,28.0,28.0,28.0,28.0,29.0,12000,3.36,2,12000.0,100.0
VSSL, 03-Aug-2026,312.2,312.2,303.0,304.0,304.75,76665,235.08,2256,39054.0,50.94
VSTIND, 03-Aug-2026,221.5,223.56,217.0,219.29,221.5,522416,1148.76,9646,258093.0,49.4
VSTL, 03-Aug-2026,110.9,112.33,109.0,109.81,110.87,13699,15.08,287,10047.0,73.34
VSTTILLERS, 03-Aug-2026,4464.0,4522.0,4442.4,4472.8,4455.9,9030,404.8,2239,5592.0,61.93
VTL, 03-Aug-2026,585.8,592.0,576.0,588.35,585.8,480679,2801.51,19708,187925.0,39.1
WAAREEENER, 03-Aug-2026,2705.0,2719.0,2670.2,2676.0,2680.2,671684,18074.27,37056,278957.0,41.53
WAAREEINDO, 03-Aug-2026,310.0,322.0,305.6,322.0,306.7,97025,306.32,3074,62830.0,64.76
WAAREERTL, 03-Aug-2026,913.2,925.0,913.2,919.65,913.2,105874,974.02,5853,53339.0,50.38
WABAG, 03-Aug-2026,1987.3,2027.0,1971.0,2012.0,1977.2,760477,15167.77,38957,371089.0,48.8
WAKEFIT, 03-Aug-2026,126.2,132.0,125.0,130.05,125.14,1247319,1610.61,9580,372631.0,29.87
WALCHANNAG, 03-Aug-2026,234.58,239.5,227.41,229.33,232.0,564388,1320.87,8047,254983.0,45.18
WANBURY, 03-Aug-2026,294.0,300.95,283.0,286.2,293.55,225207,657.88,6402,114583.0,50.88
WCIL, 03-Aug-2026,90.89,92.11,89.81,90.48,90.03,49280,44.87,1192,27625.0,56.06
WEALTH, 03-Aug-2026,929.95,945.6,929.95,939.25,929.95,1110,10.42,138,806.0,72.61
WEBELSOLAR, 03-Aug-2026,98.07,98.7,97.36,97.58,96.69,1309761,1284.83,7055,711898.0,54.35
WEIZMANIND, 03-Aug-2026,77.5,78.98,77.12,77.91,77.48,3079,2.39,53,2286.0,74.24
WEL, 03-Aug-2026,122.9,128.5,120.11,123.02,119.55,791935,988.91,6533,182295.0,23.02
WELCORP, 03-Aug-2026,1672.0,1721.9,1659.2,1715.3,1650.6,698272,11869.43,30970,394240.0,56.46
WELENT, 03-Aug-2026,599.9,609.7,590.0,606.75,592.3,125389,752.74,4922,70807.0,56.47
WELSPLSOL, 03-Aug-2026,51.07,51.89,49.7,50.73,51.07,394589,198.87,1952,240832.0,61.03
WELSPUNLIV, 03-Aug-2026,156.0,159.37,152.98,154.63,155.94,1531380,2395.62,19873,936732.0,61.17
WENDT, 03-Aug-2026,8260.0,8314.5,8172.5,8206.0,8207.5,4828,397.18,1087,3055.0,63.28
WESTLIFE, 03-Aug-2026,510.0,534.65,505.05,531.2,507.1,168396,881.98,9356,80635.0,47.88
WEWORK, 03-Aug-2026,750.0,754.0,726.6,744.6,743.5,163517,1214.17,10651,74455.0,45.53
WHEELS, 03-Aug-2026,1410.1,1464.8,1410.1,1415.7,1409.6,74118,1063.61,6635,33712.0,45.48
WHIRLPOOL, 03-Aug-2026,807.0,829.5,806.25,824.45,802.9,291357,2391.99,14599,143521.0,49.26
WHITEFORCE, 03-Aug-2026,39.3,39.3,39.0,39.0,35.95,6400,2.5,4,4800.0,75.0
WILLAMAGOR, 03-Aug-2026,27.0,27.0,25.11,26.57,25.21,2370,0.63,29,2247.0,94.81
WINDLAS, 03-Aug-2026,856.6,870.0,856.6,867.8,857.7,11626,100.63,1181,7390.0,63.56
WINDMACHIN, 03-Aug-2026,288.0,289.9,275.0,281.05,283.1,65736,186.48,2103,32607.0,49.6
WINNY, 03-Aug-2026,30.7,30.7,30.6,30.6,32.2,1000,0.31,2,1000.0,100.0
WINSOL, 03-Aug-2026,110.2,117.75,110.2,114.3,115.75,8400,9.63,21,4400.0,52.38
WIPL, 03-Aug-2026,169.22,170.0,165.01,168.0,169.22,1366,2.29,23,801.0,58.64
WIPRO, 03-Aug-2026,184.02,189.81,184.02,188.66,183.65,15840516,29557.1,89377,8220904.0,51.9
WOCKPHARMA, 03-Aug-2026,1967.0,2035.0,1941.0,2028.4,1959.7,1182004,23623.7,58478,582260.0,49.26
WOL3D, 03-Aug-2026,132.0,138.0,132.0,138.0,131.6,12000,16.23,12,11000.0,91.67
WOMANCART, 03-Aug-2026,105.0,105.0,95.15,104.25,102.7,28000,28.11,61,11600.0,41.43
WONDERLA, 03-Aug-2026,480.0,488.9,480.0,485.2,477.7,47508,230.17,2866,31794.0,66.92
WORTHPERI, 03-Aug-2026,148.0,148.0,145.01,145.93,145.77,7412,10.84,82,5027.0,67.82
WPIL, 03-Aug-2026,467.0,467.0,452.35,455.95,464.3,23460,107.87,2187,10499.0,44.75
WSI, 03-Aug-2026,60.69,61.34,60.21,60.51,60.9,23812,14.46,264,16138.0,67.77
WSTCSTPAPR, 03-Aug-2026,570.0,579.9,563.1,569.0,569.5,110065,629.02,7676,63347.0,57.55
WTICAB, 03-Aug-2026,116.5,120.0,113.0,117.95,111.65,15000,17.55,26,10000.0,66.67
XCHANGING, 03-Aug-2026,66.12,69.49,66.12,67.65,66.12,320112,217.9,2540,175459.0,54.81
XELPMOC, 03-Aug-2026,82.0,84.8,79.11,83.4,81.25,12434,10.3,280,9912.0,79.72
XPROINDIA, 03-Aug-2026,1400.0,1401.4,1278.5,1302.8,1500.4,349840,4640.9,24438,152917.0,43.71
XTGLOBAL, 03-Aug-2026,34.0,35.0,32.4,33.38,33.95,115546,39.01,1914,56082.0,48.54
YAAP, 03-Aug-2026,151.2,152.9,150.05,152.9,150.05,4000,6.05,4,3000.0,75.0
YASHO, 03-Aug-2026,4120.0,4223.3,3701.1,3884.8,3858.7,438114,17499.25,61781,78794.0,17.98
YASHOPTICS, 03-Aug-2026,119.0,122.6,117.6,119.7,112.85,20800,24.97,16,18400.0,88.46
YATHARTH, 03-Aug-2026,824.0,843.85,824.0,833.95,818.45,199791,1672.23,8487,103051.0,51.58
YATRA, 03-Aug-2026,108.99,109.58,106.68,107.63,106.48,494101,534.22,5978,269337.0,54.51
YCCL, 03-Aug-2026,9.7,9.7,9.65,9.65,9.7,6000,0.58,2,6000.0,100.0
YESBANK, 03-Aug-2026,22.8,23.0,22.75,23.0,22.77,35072952,8021.11,58792,14992162.0,42.75
YUDIZ, 03-Aug-2026,26.4,26.6,26.4,26.6,25.35,2400,0.64,3,2400.0,100.0
YUKEN, 03-Aug-2026,724.0,736.35,710.3,718.6,718.9,10575,76.08,373,9446.0,89.32
ZAGGLE, 03-Aug-2026,206.01,208.31,203.1,205.85,204.6,537714,1106.57,9375,286036.0,53.19
ZEAL, 03-Aug-2026,61.5,65.4,61.5,65.4,62.0,3000,1.88,5,2400.0,80.0
ZEEL, 03-Aug-2026,103.0,106.7,95.55,98.14,114.55,107649848,109208.88,307206,34381093.0,31.94
ZEEMEDIA, 03-Aug-2026,7.75,7.75,7.05,7.19,7.5,3278479,241.06,3683,2450135.0,74.73
ZENITHDRUG, 03-Aug-2026,46.15,47.8,46.1,47.6,47.8,7200,3.41,8,4800.0,66.67
ZENITHEXPO, 03-Aug-2026,198.89,200.9,198.89,198.89,200.9,253,0.51,32,253.0,100.0
ZENITHSTL, 03-Aug-2026,5.55,5.85,5.5,5.63,5.54,70459,3.96,205,63542.0,90.18
ZENSARTECH, 03-Aug-2026,510.15,521.0,500.6,518.0,507.95,2261287,11586.04,34075,721347.0,31.9
ZENTEC, 03-Aug-2026,1635.0,1673.5,1624.0,1656.4,1624.2,298507,4941.24,18370,122678.0,41.1
ZFCVINDIA, 03-Aug-2026,2418.0,2468.5,2400.0,2447.8,2417.9,105608,2575.89,13742,64777.0,61.34
ZFSTEERING, 03-Aug-2026,670.35,682.0,664.0,679.0,663.95,2315,15.65,123,2096.0,90.54
ZODIAC, 03-Aug-2026,270.05,271.0,253.25,256.3,251.65,32586,84.29,1990,12229.0,37.53
ZODIACLOTH, 03-Aug-2026,76.61,78.49,75.2,76.65,76.39,4203,3.22,92,2335.0,55.56
ZOTA, 03-Aug-2026,1290.0,1297.2,1260.5,1265.7,1279.3,42565,541.97,4197,25226.0,59.26
ZSARACOM, 03-Aug-2026,12199.0,12481.0,12100.0,12179.0,12200.5,14,1.72,10,9.0,64.29
ZTECH, 03-Aug-2026,530.0,544.8,530.0,541.7,525.4,6900,37.21,23,5400.0,78.26
ZUARI, 03-Aug-2026,234.55,240.98,232.96,233.27,234.54,107463,252.41,3113,60136.0,55.96
ZUARIIND, 03-Aug-2026,263.0,264.85,258.65,259.35,258.8,11327,29.59,391,7759.0,68.5
ZYDUSLIFE, 03-Aug-2026,1135.0,1135.9,1108.1,1121.0,1126.8,1420266,15894.06,34923,387081.0,27.25
ZYDUSWELL, 03-Aug-2026,570.0,578.45,557.0,559.85,577.55,540492,3066.26,33412,227037.0,42.01
